date,sst,n_cells
1982-01-01,12.556,137
1982-01-02,12.511,137
1982-01-03,12.501,137
1982-01-04,12.412,137
1982-01-05,12.178,137
1982-01-06,11.895,137
1982-01-07,11.656,137
1982-01-08,11.421,137
1982-01-09,11.472,137
1982-01-10,11.494,137
1982-01-11,11.423,137
1982-01-12,11.307,137
1982-01-13,11.401,137
1982-01-14,11.39,137
1982-01-15,11.342,137
1982-01-16,11.254,137
1982-01-17,11.414,137
1982-01-18,11.525,137
1982-01-19,11.574,137
1982-01-20,11.61,137
1982-01-21,11.623,137
1982-01-22,11.569,137
1982-01-23,11.941,137
1982-01-24,12.052,137
1982-01-25,12.065,137
1982-01-26,12.038,137
1982-01-27,12.058,137
1982-01-28,12.093,137
1982-01-29,12.333,137
1982-01-30,12.234,137
1982-01-31,12.112,137
1982-02-01,11.995,137
1982-02-02,11.816,137
1982-02-03,11.702,137
1982-02-04,11.854,137
1982-02-05,12.027,137
1982-02-06,12.081,137
1982-02-07,12.122,137
1982-02-08,12.11,137
1982-02-09,11.85,137
1982-02-10,11.387,137
1982-02-11,11.267,137
1982-02-12,11.286,137
1982-02-13,11.285,137
1982-02-14,11.26,137
1982-02-15,11.332,137
1982-02-16,11.749,137
1982-02-17,11.912,137
1982-02-18,11.958,137
1982-02-19,12.1,137
1982-02-20,12.211,137
1982-02-21,12.103,137
1982-02-22,11.4,137
1982-02-23,11.122,137
1982-02-24,11.04,137
1982-02-25,11.001,137
1982-02-26,11.22,137
1982-02-27,11.397,137
1982-02-28,11.612,137
1982-03-01,11.787,137
1982-03-02,11.869,137
1982-03-03,11.865,137
1982-03-04,11.814,137
1982-03-05,11.776,137
1982-03-06,11.915,137
1982-03-07,11.946,137
1982-03-08,11.943,137
1982-03-09,12.143,137
1982-03-10,12.162,137
1982-03-11,11.868,137
1982-03-12,11.754,137
1982-03-13,11.621,137
1982-03-14,11.231,137
1982-03-15,11.11,137
1982-03-16,11.304,137
1982-03-17,11.439,137
1982-03-18,11.556,137
1982-03-19,11.582,137
1982-03-20,11.682,137
1982-03-21,11.732,137
1982-03-22,11.675,137
1982-03-23,11.614,137
1982-03-24,11.626,137
1982-03-25,12.357,137
1982-03-26,12.569,137
1982-03-27,12.59,137
1982-03-28,12.017,137
1982-03-29,11.838,137
1982-03-30,11.812,137
1982-03-31,11.771,137
1982-04-01,11.699,137
1982-04-02,11.687,137
1982-04-03,12.095,137
1982-04-04,12.154,137
1982-04-05,12.122,137
1982-04-06,11.787,137
1982-04-07,11.758,137
1982-04-08,11.746,137
1982-04-09,11.833,137
1982-04-10,11.776,137
1982-04-11,11.772,137
1982-04-12,11.866,137
1982-04-13,12.069,137
1982-04-14,12.307,137
1982-04-15,12.153,137
1982-04-16,11.87,137
1982-04-17,11.504,137
1982-04-18,11.252,137
1982-04-19,11.158,137
1982-04-20,11.15,137
1982-04-21,11.302,137
1982-04-22,11.58,137
1982-04-23,11.63,137
1982-04-24,11.742,137
1982-04-25,11.926,137
1982-04-26,12.104,137
1982-04-27,11.82,137
1982-04-28,11.438,137
1982-04-29,11.151,137
1982-04-30,10.953,137
1982-05-01,10.956,137
1982-05-02,11.021,137
1982-05-03,11.14,137
1982-05-04,11.228,137
1982-05-05,11.333,137
1982-05-06,11.007,137
1982-05-07,10.617,137
1982-05-08,10.393,137
1982-05-09,10.41,137
1982-05-10,10.514,137
1982-05-11,10.542,137
1982-05-12,10.617,137
1982-05-13,10.412,137
1982-05-14,10.551,137
1982-05-15,10.598,137
1982-05-16,10.554,137
1982-05-17,10.367,137
1982-05-18,10.135,137
1982-05-19,9.988,137
1982-05-20,9.832,137
1982-05-21,9.364,137
1982-05-22,9.493,137
1982-05-23,9.658,137
1982-05-24,9.865,137
1982-05-25,10.187,137
1982-05-26,10.19,137
1982-05-27,10.162,137
1982-05-28,10.114,137
1982-05-29,10.372,137
1982-05-30,10.695,137
1982-05-31,11.418,137
1982-06-01,11.636,137
1982-06-02,11.745,137
1982-06-03,11.717,137
1982-06-04,11.496,137
1982-06-05,11.218,137
1982-06-06,11.054,137
1982-06-07,10.868,137
1982-06-08,10.515,137
1982-06-09,10.544,137
1982-06-10,10.583,137
1982-06-11,10.956,137
1982-06-12,10.915,137
1982-06-13,10.81,137
1982-06-14,10.653,137
1982-06-15,10.4,137
1982-06-16,10.298,137
1982-06-17,10.34,137
1982-06-18,10.505,137
1982-06-19,10.812,137
1982-06-20,11.019,137
1982-06-21,11.178,137
1982-06-22,11.325,137
1982-06-23,11.505,137
1982-06-24,11.798,137
1982-06-25,12.029,137
1982-06-26,12.351,137
1982-06-27,12.667,137
1982-06-28,13.882,137
1982-06-29,14.069,137
1982-06-30,14.058,137
1982-07-01,14.301,137
1982-07-02,14.224,137
1982-07-03,13.933,137
1982-07-04,13.411,137
1982-07-05,13.144,137
1982-07-06,12.891,137
1982-07-07,12.755,137
1982-07-08,12.791,137
1982-07-09,12.834,137
1982-07-10,12.632,137
1982-07-11,12.054,137
1982-07-12,11.92,137
1982-07-13,11.8,137
1982-07-14,11.657,137
1982-07-15,11.535,137
1982-07-16,11.422,137
1982-07-17,11.393,137
1982-07-18,11.595,137
1982-07-19,11.905,137
1982-07-20,11.983,137
1982-07-21,11.74,137
1982-07-22,11.636,137
1982-07-23,11.579,137
1982-07-24,11.726,137
1982-07-25,11.756,137
1982-07-26,11.792,137
1982-07-27,11.604,137
1982-07-28,11.591,137
1982-07-29,11.422,137
1982-07-30,10.916,137
1982-07-31,10.745,137
1982-08-01,10.752,137
1982-08-02,10.975,137
1982-08-03,11.64,137
1982-08-04,11.788,137
1982-08-05,11.687,137
1982-08-06,11.544,137
1982-08-07,11.485,137
1982-08-08,12.082,137
1982-08-09,12.137,137
1982-08-10,12.458,137
1982-08-11,12.82,137
1982-08-12,13.04,137
1982-08-13,13.483,137
1982-08-14,14.046,137
1982-08-15,13.83,137
1982-08-16,13.515,137
1982-08-17,13.168,137
1982-08-18,12.93,137
1982-08-19,12.854,137
1982-08-20,12.925,137
1982-08-21,12.971,137
1982-08-22,13.098,137
1982-08-23,13.365,137
1982-08-24,13.223,137
1982-08-25,13.142,137
1982-08-26,13.012,137
1982-08-27,13.226,137
1982-08-28,13.281,137
1982-08-29,13.611,137
1982-08-30,13.653,137
1982-08-31,13.595,137
1982-09-01,13.399,137
1982-09-02,13.503,137
1982-09-03,13.23,137
1982-09-04,12.968,137
1982-09-05,12.72,137
1982-09-06,12.519,137
1982-09-07,12.241,137
1982-09-08,12.216,137
1982-09-09,11.668,137
1982-09-10,11.554,137
1982-09-11,11.553,137
1982-09-12,11.492,137
1982-09-13,11.55,137
1982-09-14,11.965,137
1982-09-15,13.378,137
1982-09-16,13.899,137
1982-09-17,14.457,137
1982-09-18,14.123,137
1982-09-19,14.243,137
1982-09-20,14.235,137
1982-09-21,14.235,137
1982-09-22,14.411,137
1982-09-23,14.614,137
1982-09-24,14.712,137
1982-09-25,14.744,137
1982-09-26,13.924,137
1982-09-27,13.629,137
1982-09-28,13.351,137
1982-09-29,13.352,137
1982-09-30,13.754,137
1982-10-01,14.106,137
1982-10-02,14.266,137
1982-10-03,13.094,137
1982-10-04,12.991,137
1982-10-05,13.039,137
1982-10-06,13.334,137
1982-10-07,13.168,137
1982-10-08,13.349,137
1982-10-09,13.747,137
1982-10-10,14.176,137
1982-10-11,14.492,137
1982-10-12,14.461,137
1982-10-13,14.339,137
1982-10-14,14.326,137
1982-10-15,14.342,137
1982-10-16,14.142,137
1982-10-17,14.053,137
1982-10-18,14.004,137
1982-10-19,13.928,137
1982-10-20,13.983,137
1982-10-21,14.029,137
1982-10-22,14.901,137
1982-10-23,15.026,137
1982-10-24,15.06,137
1982-10-25,15.11,137
1982-10-26,15.218,137
1982-10-27,15.178,137
1982-10-28,15.12,137
1982-10-29,15.286,137
1982-10-30,15.325,137
1982-10-31,15.205,137
1982-11-01,15.379,137
1982-11-02,15.664,137
1982-11-03,15.81,137
1982-11-04,15.669,137
1982-11-05,15.666,137
1982-11-06,15.521,137
1982-11-07,14.88,137
1982-11-08,14.715,137
1982-11-09,14.735,137
1982-11-10,14.709,137
1982-11-11,14.66,137
1982-11-12,14.946,137
1982-11-13,14.94,137
1982-11-14,14.805,137
1982-11-15,14.309,137
1982-11-16,14.499,137
1982-11-17,14.882,137
1982-11-18,14.868,137
1982-11-19,14.776,137
1982-11-20,14.637,137
1982-11-21,14.582,137
1982-11-22,14.524,137
1982-11-23,14.811,137
1982-11-24,14.779,137
1982-11-25,14.671,137
1982-11-26,14.259,137
1982-11-27,14.172,137
1982-11-28,14.181,137
1982-11-29,14.145,137
1982-11-30,13.791,137
1982-12-01,13.651,137
1982-12-02,13.517,137
1982-12-03,13.417,137
1982-12-04,13.339,137
1982-12-05,13.379,137
1982-12-06,13.3,137
1982-12-07,13.125,137
1982-12-08,12.985,137
1982-12-09,12.825,137
1982-12-10,12.695,137
1982-12-11,12.581,137
1982-12-12,12.561,137
1982-12-13,12.56,137
1982-12-14,12.628,137
1982-12-15,12.686,137
1982-12-16,12.694,137
1982-12-17,13.142,137
1982-12-18,13.055,137
1982-12-19,12.932,137
1982-12-20,12.854,137
1982-12-21,12.87,137
1982-12-22,12.801,137
1982-12-23,12.783,137
1982-12-24,12.755,137
1982-12-25,12.752,137
1982-12-26,12.688,137
1982-12-27,12.629,137
1982-12-28,12.638,137
1982-12-29,12.585,137
1982-12-30,12.527,137
1982-12-31,12.497,137
1983-01-01,12.525,137
1983-01-02,12.47,137
1983-01-03,12.555,137
1983-01-04,12.68,137
1983-01-05,12.63,137
1983-01-06,12.409,137
1983-01-07,12.502,137
1983-01-08,12.521,137
1983-01-09,12.541,137
1983-01-10,12.602,137
1983-01-11,12.725,137
1983-01-12,12.723,137
1983-01-13,12.665,137
1983-01-14,12.62,137
1983-01-15,13.016,137
1983-01-16,13.082,137
1983-01-17,13.114,137
1983-01-18,13.121,137
1983-01-19,13.092,137
1983-01-20,13.056,137
1983-01-21,13.067,137
1983-01-22,13.089,137
1983-01-23,13.102,137
1983-01-24,13.122,137
1983-01-25,13.187,137
1983-01-26,13.334,137
1983-01-27,13.333,137
1983-01-28,13.299,137
1983-01-29,13.276,137
1983-01-30,13.37,137
1983-01-31,13.336,137
1983-02-01,13.299,137
1983-02-02,13.179,137
1983-02-03,13.205,137
1983-02-04,13.217,137
1983-02-05,13.25,137
1983-02-06,13.227,137
1983-02-07,13.157,137
1983-02-08,13.134,137
1983-02-09,13.094,137
1983-02-10,13.121,137
1983-02-11,13.073,137
1983-02-12,13.052,137
1983-02-13,13.01,137
1983-02-14,13.087,137
1983-02-15,13.447,137
1983-02-16,13.4,137
1983-02-17,13.357,137
1983-02-18,13.277,137
1983-02-19,13.223,137
1983-02-20,13.06,137
1983-02-21,12.984,137
1983-02-22,12.883,137
1983-02-23,13.281,137
1983-02-24,13.352,137
1983-02-25,13.356,137
1983-02-26,13.351,137
1983-02-27,13.221,137
1983-02-28,13.137,137
1983-03-01,13.04,137
1983-03-02,12.904,137
1983-03-03,12.831,137
1983-03-04,13.472,137
1983-03-05,13.52,137
1983-03-06,13.491,137
1983-03-07,13.253,137
1983-03-08,13.154,137
1983-03-09,13.062,137
1983-03-10,12.781,137
1983-03-11,12.642,137
1983-03-12,13.253,137
1983-03-13,13.694,137
1983-03-14,13.962,137
1983-03-15,14.146,137
1983-03-16,14.281,137
1983-03-17,13.827,137
1983-03-18,13.455,137
1983-03-19,13.304,137
1983-03-20,12.948,137
1983-03-21,12.876,137
1983-03-22,12.88,137
1983-03-23,12.864,137
1983-03-24,12.67,137
1983-03-25,12.558,137
1983-03-26,12.502,137
1983-03-27,12.341,137
1983-03-28,12.367,137
1983-03-29,12.571,137
1983-03-30,12.758,137
1983-03-31,12.932,137
1983-04-01,12.974,137
1983-04-02,12.934,137
1983-04-03,12.675,137
1983-04-04,12.584,137
1983-04-05,12.57,137
1983-04-06,12.636,137
1983-04-07,12.586,137
1983-04-08,12.206,137
1983-04-09,11.735,137
1983-04-10,11.666,137
1983-04-11,11.594,137
1983-04-12,11.443,137
1983-04-13,11.341,137
1983-04-14,11.184,137
1983-04-15,11.439,137
1983-04-16,12.001,137
1983-04-17,12.046,137
1983-04-18,12.038,137
1983-04-19,11.916,137
1983-04-20,11.835,137
1983-04-21,11.874,137
1983-04-22,11.912,137
1983-04-23,12.139,137
1983-04-24,12.242,137
1983-04-25,12.351,137
1983-04-26,12.697,137
1983-04-27,12.767,137
1983-04-28,12.815,137
1983-04-29,12.657,137
1983-04-30,12.772,137
1983-05-01,12.875,137
1983-05-02,12.922,137
1983-05-03,12.949,137
1983-05-04,12.972,137
1983-05-05,14.266,137
1983-05-06,14.435,137
1983-05-07,14.352,137
1983-05-08,13.715,137
1983-05-09,13.466,137
1983-05-10,13.298,137
1983-05-11,13.084,137
1983-05-12,12.213,137
1983-05-13,12.114,137
1983-05-14,11.901,137
1983-05-15,11.57,137
1983-05-16,11.236,137
1983-05-17,11.099,137
1983-05-18,10.969,137
1983-05-19,10.748,137
1983-05-20,10.656,137
1983-05-21,10.561,137
1983-05-22,10.593,137
1983-05-23,10.697,137
1983-05-24,10.733,137
1983-05-25,10.752,137
1983-05-26,10.863,137
1983-05-27,11.061,137
1983-05-28,11.699,137
1983-05-29,12.175,137
1983-05-30,11.927,137
1983-05-31,11.475,137
1983-06-01,11.194,137
1983-06-02,11.394,137
1983-06-03,11.493,137
1983-06-04,11.553,137
1983-06-05,11.591,137
1983-06-06,11.667,137
1983-06-07,11.643,137
1983-06-08,11.544,137
1983-06-09,11.729,137
1983-06-10,11.899,137
1983-06-11,11.805,137
1983-06-12,11.717,137
1983-06-13,11.631,137
1983-06-14,11.682,137
1983-06-15,11.642,137
1983-06-16,12.604,137
1983-06-17,12.721,137
1983-06-18,12.526,137
1983-06-19,12.075,137
1983-06-20,11.759,137
1983-06-21,12.015,137
1983-06-22,12.479,137
1983-06-23,12.391,137
1983-06-24,11.804,137
1983-06-25,11.829,137
1983-06-26,12.214,137
1983-06-27,12.351,137
1983-06-28,12.356,137
1983-06-29,12.289,137
1983-06-30,12.29,137
1983-07-01,13.422,137
1983-07-02,13.589,137
1983-07-03,13.394,137
1983-07-04,12.942,137
1983-07-05,12.953,137
1983-07-06,13.245,137
1983-07-07,13.486,137
1983-07-08,13.516,137
1983-07-09,13.429,137
1983-07-10,13.395,137
1983-07-11,13.303,137
1983-07-12,12.949,137
1983-07-13,13.021,137
1983-07-14,12.845,137
1983-07-15,12.63,137
1983-07-16,12.654,137
1983-07-17,12.97,137
1983-07-18,13.683,137
1983-07-19,14.564,137
1983-07-20,14.431,137
1983-07-21,13.898,137
1983-07-22,13.362,137
1983-07-23,13.279,137
1983-07-24,13.326,137
1983-07-25,13.268,137
1983-07-26,13.292,137
1983-07-27,13.169,137
1983-07-28,13.116,137
1983-07-29,13.091,137
1983-07-30,13.165,137
1983-07-31,13.229,137
1983-08-01,13.141,137
1983-08-02,13.178,137
1983-08-03,13.491,137
1983-08-04,13.697,137
1983-08-05,13.951,137
1983-08-06,13.946,137
1983-08-07,14.438,137
1983-08-08,14.433,137
1983-08-09,14.385,137
1983-08-10,14.308,137
1983-08-11,14.178,137
1983-08-12,14.057,137
1983-08-13,13.941,137
1983-08-14,14.735,137
1983-08-15,14.923,137
1983-08-16,14.91,137
1983-08-17,14.9,137
1983-08-18,14.833,137
1983-08-19,15.352,137
1983-08-20,16.755,137
1983-08-21,17.41,137
1983-08-22,16.775,137
1983-08-23,16.287,137
1983-08-24,16.221,137
1983-08-25,16.329,137
1983-08-26,16.313,137
1983-08-27,16.382,137
1983-08-28,16.505,137
1983-08-29,16.493,137
1983-08-30,16.305,137
1983-08-31,16.666,137
1983-09-01,16.893,137
1983-09-02,16.887,137
1983-09-03,16.612,137
1983-09-04,16.137,137
1983-09-05,15.755,137
1983-09-06,15.831,137
1983-09-07,15.47,137
1983-09-08,15.097,137
1983-09-09,14.808,137
1983-09-10,14.664,137
1983-09-11,14.655,137
1983-09-12,14.751,137
1983-09-13,15.386,137
1983-09-14,15.432,137
1983-09-15,15.473,137
1983-09-16,15.133,137
1983-09-17,15.938,137
1983-09-18,16.001,137
1983-09-19,15.967,137
1983-09-20,15.983,137
1983-09-21,16.156,137
1983-09-22,16.183,137
1983-09-23,16.244,137
1983-09-24,16.281,137
1983-09-25,16.319,137
1983-09-26,16.335,137
1983-09-27,16.215,137
1983-09-28,16.11,137
1983-09-29,15.946,137
1983-09-30,16.387,137
1983-10-01,16.591,137
1983-10-02,16.475,137
1983-10-03,16.579,137
1983-10-04,16.657,137
1983-10-05,16.887,137
1983-10-06,17.002,137
1983-10-07,16.941,137
1983-10-08,16.939,137
1983-10-09,17.413,137
1983-10-10,17.602,137
1983-10-11,17.404,137
1983-10-12,16.703,137
1983-10-13,16.505,137
1983-10-14,16.337,137
1983-10-15,16.218,137
1983-10-16,15.216,137
1983-10-17,15.136,137
1983-10-18,15.04,137
1983-10-19,14.961,137
1983-10-20,14.84,137
1983-10-21,14.858,137
1983-10-22,14.958,137
1983-10-23,15.274,137
1983-10-24,15.405,137
1983-10-25,15.412,137
1983-10-26,15.425,137
1983-10-27,15.428,137
1983-10-28,15.44,137
1983-10-29,15.428,137
1983-10-30,15.384,137
1983-10-31,15.511,137
1983-11-01,15.78,137
1983-11-02,15.979,137
1983-11-03,16.095,137
1983-11-04,16.138,137
1983-11-05,16.131,137
1983-11-06,15.79,137
1983-11-07,15.674,137
1983-11-08,15.58,137
1983-11-09,15.461,137
1983-11-10,15.464,137
1983-11-11,15.718,137
1983-11-12,15.841,137
1983-11-13,15.824,137
1983-11-14,15.736,137
1983-11-15,15.692,137
1983-11-16,15.579,137
1983-11-17,15.452,137
1983-11-18,15.365,137
1983-11-19,15.166,137
1983-11-20,14.868,137
1983-11-21,14.772,137
1983-11-22,14.702,137
1983-11-23,14.529,137
1983-11-24,14.522,137
1983-11-25,14.466,137
1983-11-26,14.409,137
1983-11-27,14.214,137
1983-11-28,13.924,137
1983-11-29,13.673,137
1983-11-30,13.516,137
1983-12-01,13.571,137
1983-12-02,13.621,137
1983-12-03,13.397,137
1983-12-04,13.288,137
1983-12-05,13.253,137
1983-12-06,13.229,137
1983-12-07,13.179,137
1983-12-08,13.105,137
1983-12-09,13.085,137
1983-12-10,13.021,137
1983-12-11,12.992,137
1983-12-12,12.966,137
1983-12-13,13.036,137
1983-12-14,13.151,137
1983-12-15,13.153,137
1983-12-16,12.616,137
1983-12-17,12.433,137
1983-12-18,12.437,137
1983-12-19,12.497,137
1983-12-20,12.495,137
1983-12-21,12.503,137
1983-12-22,12.517,137
1983-12-23,12.515,137
1983-12-24,12.507,137
1983-12-25,12.484,137
1983-12-26,12.462,137
1983-12-27,12.438,137
1983-12-28,12.331,137
1983-12-29,12.383,137
1983-12-30,12.427,137
1983-12-31,12.533,137
1984-01-01,12.465,137
1984-01-02,12.351,137
1984-01-03,12.312,137
1984-01-04,12.333,137
1984-01-05,12.307,137
1984-01-06,12.14,137
1984-01-07,12.148,137
1984-01-08,12.179,137
1984-01-09,12.043,137
1984-01-10,12.128,137
1984-01-11,12.132,137
1984-01-12,12.107,137
1984-01-13,12.007,137
1984-01-14,11.874,137
1984-01-15,12.151,137
1984-01-16,11.929,137
1984-01-17,11.811,137
1984-01-18,11.728,137
1984-01-19,11.807,137
1984-01-20,11.823,137
1984-01-21,11.783,137
1984-01-22,11.93,137
1984-01-23,12.036,137
1984-01-24,12.409,137
1984-01-25,12.416,137
1984-01-26,12.254,137
1984-01-27,12.643,137
1984-01-28,13.011,137
1984-01-29,13.016,137
1984-01-30,12.441,137
1984-01-31,12.303,137
1984-02-01,12.225,137
1984-02-02,12.149,137
1984-02-03,12.009,137
1984-02-04,12.099,137
1984-02-05,12.263,137
1984-02-06,12.385,137
1984-02-07,12.336,137
1984-02-08,12.371,137
1984-02-09,12.319,137
1984-02-10,12.288,137
1984-02-11,12.205,137
1984-02-12,12.201,137
1984-02-13,12.159,137
1984-02-14,12.171,137
1984-02-15,12.309,137
1984-02-16,12.51,137
1984-02-17,12.527,137
1984-02-18,12.431,137
1984-02-19,12.404,137
1984-02-20,12.381,137
1984-02-21,12.375,137
1984-02-22,12.28,137
1984-02-23,12.079,137
1984-02-24,11.829,137
1984-02-25,11.53,137
1984-02-26,11.437,137
1984-02-27,11.698,137
1984-02-28,11.853,137
1984-02-29,12.057,137
1984-03-01,11.831,137
1984-03-02,11.878,137
1984-03-03,11.998,137
1984-03-04,12.071,137
1984-03-05,11.988,137
1984-03-06,11.857,137
1984-03-07,12.077,137
1984-03-08,12.051,137
1984-03-09,11.931,137
1984-03-10,11.389,137
1984-03-11,11.435,137
1984-03-12,11.945,137
1984-03-13,12.744,137
1984-03-14,12.444,137
1984-03-15,12.461,137
1984-03-16,12.108,137
1984-03-17,11.934,137
1984-03-18,12.113,137
1984-03-19,12.365,137
1984-03-20,12.365,137
1984-03-21,12.101,137
1984-03-22,12.053,137
1984-03-23,12.07,137
1984-03-24,12.093,137
1984-03-25,12.135,137
1984-03-26,12.113,137
1984-03-27,11.882,137
1984-03-28,11.569,137
1984-03-29,11.399,137
1984-03-30,11.294,137
1984-03-31,11,137
1984-04-01,10.832,137
1984-04-02,10.848,137
1984-04-03,10.848,137
1984-04-04,10.931,137
1984-04-05,10.884,137
1984-04-06,10.637,137
1984-04-07,10.511,137
1984-04-08,10.525,137
1984-04-09,10.562,137
1984-04-10,10.628,137
1984-04-11,11.001,137
1984-04-12,10.993,137
1984-04-13,11.148,137
1984-04-14,11.249,137
1984-04-15,11.347,137
1984-04-16,10.967,137
1984-04-17,11.422,137
1984-04-18,11.655,137
1984-04-19,11.783,137
1984-04-20,11.652,137
1984-04-21,11.582,137
1984-04-22,11.384,137
1984-04-23,11.004,137
1984-04-24,10.781,137
1984-04-25,10.547,137
1984-04-26,10.311,137
1984-04-27,10.187,137
1984-04-28,9.904,137
1984-04-29,10.008,137
1984-04-30,10.209,137
1984-05-01,10.418,137
1984-05-02,10.56,137
1984-05-03,12.027,137
1984-05-04,11.838,137
1984-05-05,11.463,137
1984-05-06,11.183,137
1984-05-07,11.159,137
1984-05-08,11.181,137
1984-05-09,10.88,137
1984-05-10,10.993,137
1984-05-11,11.623,137
1984-05-12,11.9,137
1984-05-13,11.264,137
1984-05-14,10.701,137
1984-05-15,10.435,137
1984-05-16,10.441,137
1984-05-17,10.585,137
1984-05-18,10.721,137
1984-05-19,10.718,137
1984-05-20,10.537,137
1984-05-21,10.341,137
1984-05-22,10.279,137
1984-05-23,10.258,137
1984-05-24,9.676,137
1984-05-25,9.756,137
1984-05-26,9.857,137
1984-05-27,9.877,137
1984-05-28,9.948,137
1984-05-29,10.596,137
1984-05-30,10.483,137
1984-05-31,10.401,137
1984-06-01,10.431,137
1984-06-02,10.307,137
1984-06-03,9.858,137
1984-06-04,9.844,137
1984-06-05,10.839,137
1984-06-06,11.123,137
1984-06-07,11.012,137
1984-06-08,10.717,137
1984-06-09,10.287,137
1984-06-10,10.122,137
1984-06-11,10.041,137
1984-06-12,9.896,137
1984-06-13,9.877,137
1984-06-14,10.409,137
1984-06-15,10.505,137
1984-06-16,10.437,137
1984-06-17,10.296,137
1984-06-18,10.204,137
1984-06-19,10.137,137
1984-06-20,10.111,137
1984-06-21,10.12,137
1984-06-22,10.174,137
1984-06-23,10.264,137
1984-06-24,10.362,137
1984-06-25,10.397,137
1984-06-26,10.461,137
1984-06-27,9.999,137
1984-06-28,10.746,137
1984-06-29,11.014,137
1984-06-30,11.101,137
1984-07-01,11.07,137
1984-07-02,11.269,137
1984-07-03,11.438,137
1984-07-04,11.73,137
1984-07-05,12.223,137
1984-07-06,12.147,137
1984-07-07,12.103,137
1984-07-08,11.967,137
1984-07-09,11.875,137
1984-07-10,11.839,137
1984-07-11,11.804,137
1984-07-12,11.679,137
1984-07-13,11.625,137
1984-07-14,11.723,137
1984-07-15,12.092,137
1984-07-16,12.343,137
1984-07-17,12.854,137
1984-07-18,13.036,137
1984-07-19,13.955,137
1984-07-20,14.016,137
1984-07-21,13.51,137
1984-07-22,13.288,137
1984-07-23,13.353,137
1984-07-24,15.017,137
1984-07-25,14.872,137
1984-07-26,14.473,137
1984-07-27,13.76,137
1984-07-28,13.339,137
1984-07-29,13.15,137
1984-07-30,13.104,137
1984-07-31,12.996,137
1984-08-01,12.986,137
1984-08-02,12.887,137
1984-08-03,12.669,137
1984-08-04,12.488,137
1984-08-05,12.462,137
1984-08-06,12.537,137
1984-08-07,12.613,137
1984-08-08,12.73,137
1984-08-09,12.701,137
1984-08-10,13.295,137
1984-08-11,13.359,137
1984-08-12,13.339,137
1984-08-13,13.211,137
1984-08-14,13.313,137
1984-08-15,13.609,137
1984-08-16,13.887,137
1984-08-17,13.789,137
1984-08-18,13.617,137
1984-08-19,13.475,137
1984-08-20,13.46,137
1984-08-21,12.907,137
1984-08-22,13.623,137
1984-08-23,14.02,137
1984-08-24,14.154,137
1984-08-25,14.169,137
1984-08-26,14.201,137
1984-08-27,14.295,137
1984-08-28,15.514,137
1984-08-29,15.684,137
1984-08-30,15.051,137
1984-08-31,14.497,137
1984-09-01,14.146,137
1984-09-02,13.805,137
1984-09-03,13.956,137
1984-09-04,14.577,137
1984-09-05,14.723,137
1984-09-06,14.498,137
1984-09-07,13.697,137
1984-09-08,13.157,137
1984-09-09,13.088,137
1984-09-10,13.023,137
1984-09-11,13.058,137
1984-09-12,13.234,137
1984-09-13,13.651,137
1984-09-14,14.326,137
1984-09-15,14.681,137
1984-09-16,14.519,137
1984-09-17,14.493,137
1984-09-18,14.682,137
1984-09-19,15.006,137
1984-09-20,14.682,137
1984-09-21,14.293,137
1984-09-22,14.001,137
1984-09-23,13.736,137
1984-09-24,13.629,137
1984-09-25,13.574,137
1984-09-26,13.56,137
1984-09-27,13.554,137
1984-09-28,13.794,137
1984-09-29,14.448,137
1984-09-30,14.93,137
1984-10-01,15.022,137
1984-10-02,15.03,137
1984-10-03,15.066,137
1984-10-04,15.04,137
1984-10-05,15.052,137
1984-10-06,15.055,137
1984-10-07,15.164,137
1984-10-08,15.901,137
1984-10-09,16.007,137
1984-10-10,15.97,137
1984-10-11,15.868,137
1984-10-12,15.662,137
1984-10-13,15.643,137
1984-10-14,15.253,137
1984-10-15,13.899,137
1984-10-16,13.741,137
1984-10-17,13.752,137
1984-10-18,13.725,137
1984-10-19,13.152,137
1984-10-20,12.828,137
1984-10-21,12.658,137
1984-10-22,12.606,137
1984-10-23,12.607,137
1984-10-24,12.677,137
1984-10-25,12.771,137
1984-10-26,12.828,137
1984-10-27,12.746,137
1984-10-28,12.781,137
1984-10-29,12.808,137
1984-10-30,12.364,137
1984-10-31,12.29,137
1984-11-01,12.262,137
1984-11-02,12.612,137
1984-11-03,12.684,137
1984-11-04,12.66,137
1984-11-05,12.767,137
1984-11-06,12.869,137
1984-11-07,12.975,137
1984-11-08,13.02,137
1984-11-09,13.027,137
1984-11-10,13.068,137
1984-11-11,13.096,137
1984-11-12,13.138,137
1984-11-13,13.177,137
1984-11-14,13.133,137
1984-11-15,13.7,137
1984-11-16,13.797,137
1984-11-17,13.907,137
1984-11-18,14.023,137
1984-11-19,13.958,137
1984-11-20,13.256,137
1984-11-21,13.234,137
1984-11-22,13.251,137
1984-11-23,13.251,137
1984-11-24,13.13,137
1984-11-25,13.126,137
1984-11-26,13.113,137
1984-11-27,13.028,137
1984-11-28,13.132,137
1984-11-29,13.159,137
1984-11-30,13.001,137
1984-12-01,12.915,137
1984-12-02,12.977,137
1984-12-03,13.033,137
1984-12-04,13.042,137
1984-12-05,12.989,137
1984-12-06,13.079,137
1984-12-07,13.033,137
1984-12-08,13.032,137
1984-12-09,13.032,137
1984-12-10,12.94,137
1984-12-11,12.905,137
1984-12-12,12.87,137
1984-12-13,12.754,137
1984-12-14,12.687,137
1984-12-15,12.556,137
1984-12-16,12.177,137
1984-12-17,12.057,137
1984-12-18,12.259,137
1984-12-19,12.286,137
1984-12-20,12.263,137
1984-12-21,11.855,137
1984-12-22,11.777,137
1984-12-23,11.893,137
1984-12-24,11.944,137
1984-12-25,11.934,137
1984-12-26,11.919,137
1984-12-27,11.894,137
1984-12-28,11.778,137
1984-12-29,11.684,137
1984-12-30,11.683,137
1984-12-31,11.98,137
1985-01-01,12.161,137
1985-01-02,12.248,137
1985-01-03,12.218,137
1985-01-04,11.644,137
1985-01-05,11.654,137
1985-01-06,11.627,137
1985-01-07,11.59,137
1985-01-08,11.649,137
1985-01-09,11.949,137
1985-01-10,12.024,137
1985-01-11,11.962,137
1985-01-12,11.761,137
1985-01-13,11.618,137
1985-01-14,11.371,137
1985-01-15,11.244,137
1985-01-16,11.741,137
1985-01-17,11.929,137
1985-01-18,11.984,137
1985-01-19,12.057,137
1985-01-20,12.04,137
1985-01-21,11.896,137
1985-01-22,11.887,137
1985-01-23,11.914,137
1985-01-24,11.953,137
1985-01-25,12.004,137
1985-01-26,11.996,137
1985-01-27,11.954,137
1985-01-28,11.903,137
1985-01-29,11.843,137
1985-01-30,11.757,137
1985-01-31,11.629,137
1985-02-01,11.33,137
1985-02-02,11.127,137
1985-02-03,11.279,137
1985-02-04,11.401,137
1985-02-05,11.401,137
1985-02-06,11.341,137
1985-02-07,11.328,137
1985-02-08,11.323,137
1985-02-09,11.272,137
1985-02-10,11.303,137
1985-02-11,11.284,137
1985-02-12,11.333,137
1985-02-13,10.703,137
1985-02-14,9.623,137
1985-02-15,9.53,137
1985-02-16,9.528,137
1985-02-17,9.98,137
1985-02-18,10.098,137
1985-02-19,10.48,137
1985-02-20,10.702,137
1985-02-21,10.597,137
1985-02-22,10.441,137
1985-02-23,10.146,137
1985-02-24,10.161,137
1985-02-25,10.261,137
1985-02-26,10.611,137
1985-02-27,10.879,137
1985-02-28,10.8,137
1985-03-01,10.163,137
1985-03-02,10.008,137
1985-03-03,9.977,137
1985-03-04,9.979,137
1985-03-05,9.898,137
1985-03-06,10.07,137
1985-03-07,10.01,137
1985-03-08,9.987,137
1985-03-09,9.955,137
1985-03-10,10.025,137
1985-03-11,10.003,137
1985-03-12,9.926,137
1985-03-13,9.978,137
1985-03-14,10.134,137
1985-03-15,10.237,137
1985-03-16,10.376,137
1985-03-17,10.141,137
1985-03-18,10.053,137
1985-03-19,10.139,137
1985-03-20,10.153,137
1985-03-21,10.078,137
1985-03-22,10.079,137
1985-03-23,10.209,137
1985-03-24,10.154,137
1985-03-25,10.055,137
1985-03-26,10.058,137
1985-03-27,9.868,137
1985-03-28,9.542,137
1985-03-29,9.519,137
1985-03-30,9.588,137
1985-03-31,9.8,137
1985-04-01,10.633,137
1985-04-02,10.444,137
1985-04-03,10.327,137
1985-04-04,10.203,137
1985-04-05,10.102,137
1985-04-06,10.229,137
1985-04-07,10.369,137
1985-04-08,10.412,137
1985-04-09,10.467,137
1985-04-10,10.444,137
1985-04-11,10.881,137
1985-04-12,10.878,137
1985-04-13,10.868,137
1985-04-14,10.898,137
1985-04-15,10.972,137
1985-04-16,10.493,137
1985-04-17,10.369,137
1985-04-18,10.341,137
1985-04-19,10.331,137
1985-04-20,10.353,137
1985-04-21,10.667,137
1985-04-22,10.591,137
1985-04-23,10.386,137
1985-04-24,10.111,137
1985-04-25,9.857,137
1985-04-26,9.436,137
1985-04-27,9.13,137
1985-04-28,9.224,137
1985-04-29,9.526,137
1985-04-30,9.604,137
1985-05-01,9.668,137
1985-05-02,10.59,137
1985-05-03,10.638,137
1985-05-04,10.092,137
1985-05-05,9.637,137
1985-05-06,9.738,137
1985-05-07,9.983,137
1985-05-08,10.076,137
1985-05-09,10.048,137
1985-05-10,10.191,137
1985-05-11,10.052,137
1985-05-12,9.87,137
1985-05-13,9.687,137
1985-05-14,10.154,137
1985-05-15,10.855,137
1985-05-16,11.306,137
1985-05-17,11.112,137
1985-05-18,10.975,137
1985-05-19,10.662,137
1985-05-20,10.475,137
1985-05-21,10.436,137
1985-05-22,10.71,137
1985-05-23,11.253,137
1985-05-24,11.173,137
1985-05-25,11.009,137
1985-05-26,10.854,137
1985-05-27,10.948,137
1985-05-28,10.906,137
1985-05-29,10.719,137
1985-05-30,10.813,137
1985-05-31,11.101,137
1985-06-01,11.439,137
1985-06-02,11.604,137
1985-06-03,11.612,137
1985-06-04,11.622,137
1985-06-05,12.979,137
1985-06-06,13.098,137
1985-06-07,12.615,137
1985-06-08,12.104,137
1985-06-09,11.736,137
1985-06-10,11.051,137
1985-06-11,10.86,137
1985-06-12,10.832,137
1985-06-13,10.763,137
1985-06-14,10.441,137
1985-06-15,10.245,137
1985-06-16,10.273,137
1985-06-17,10.354,137
1985-06-18,10.546,137
1985-06-19,10.866,137
1985-06-20,11.732,137
1985-06-21,11.928,137
1985-06-22,12.062,137
1985-06-23,11.913,137
1985-06-24,11.948,137
1985-06-25,11.755,137
1985-06-26,11.499,137
1985-06-27,11.373,137
1985-06-28,11.519,137
1985-06-29,11.671,137
1985-06-30,11.664,137
1985-07-01,12.145,137
1985-07-02,13.281,137
1985-07-03,12.889,137
1985-07-04,11.745,137
1985-07-05,11.54,137
1985-07-06,11.499,137
1985-07-07,12.365,137
1985-07-08,13.146,137
1985-07-09,13.2,137
1985-07-10,13.09,137
1985-07-11,12.916,137
1985-07-12,12.328,137
1985-07-13,12.23,137
1985-07-14,12.117,137
1985-07-15,11.935,137
1985-07-16,11.903,137
1985-07-17,11.985,137
1985-07-18,12.145,137
1985-07-19,12.56,137
1985-07-20,12.887,137
1985-07-21,12.939,137
1985-07-22,12.226,137
1985-07-23,12.191,137
1985-07-24,12.235,137
1985-07-25,12.378,137
1985-07-26,12.66,137
1985-07-27,12.839,137
1985-07-28,13.488,137
1985-07-29,13.55,137
1985-07-30,13.966,137
1985-07-31,14.506,137
1985-08-01,14.119,137
1985-08-02,13.665,137
1985-08-03,13.345,137
1985-08-04,13.128,137
1985-08-05,13.029,137
1985-08-06,12.959,137
1985-08-07,12.561,137
1985-08-08,12.212,137
1985-08-09,12.358,137
1985-08-10,12.878,137
1985-08-11,12.98,137
1985-08-12,13.123,137
1985-08-13,13.625,137
1985-08-14,13.655,137
1985-08-15,13.448,137
1985-08-16,13.403,137
1985-08-17,14.691,137
1985-08-18,14.976,137
1985-08-19,13.951,137
1985-08-20,13.655,137
1985-08-21,13.564,137
1985-08-22,13.412,137
1985-08-23,13.425,137
1985-08-24,13.349,137
1985-08-25,13.38,137
1985-08-26,13.332,137
1985-08-27,13.227,137
1985-08-28,13.078,137
1985-08-29,12.858,137
1985-08-30,12.782,137
1985-08-31,13.262,137
1985-09-01,13.76,137
1985-09-02,13.947,137
1985-09-03,13.91,137
1985-09-04,13.755,137
1985-09-05,14.102,137
1985-09-06,14.298,137
1985-09-07,14.455,137
1985-09-08,15.263,137
1985-09-09,15.348,137
1985-09-10,15.248,137
1985-09-11,15.631,137
1985-09-12,16.104,137
1985-09-13,16.119,137
1985-09-14,15.036,137
1985-09-15,14.77,137
1985-09-16,14.425,137
1985-09-17,14.075,137
1985-09-18,14.032,137
1985-09-19,14.07,137
1985-09-20,13.817,137
1985-09-21,13.997,137
1985-09-22,14.065,137
1985-09-23,14.107,137
1985-09-24,14.057,137
1985-09-25,14.124,137
1985-09-26,14.122,137
1985-09-27,14.129,137
1985-09-28,14.07,137
1985-09-29,14.072,137
1985-09-30,13.998,137
1985-10-01,13.995,137
1985-10-02,14.194,137
1985-10-03,14.411,137
1985-10-04,14.581,137
1985-10-05,14.502,137
1985-10-06,14.337,137
1985-10-07,13.5,137
1985-10-08,13.245,137
1985-10-09,13.238,137
1985-10-10,13.28,137
1985-10-11,13.042,137
1985-10-12,12.414,137
1985-10-13,12.053,137
1985-10-14,11.893,137
1985-10-15,11.894,137
1985-10-16,11.86,137
1985-10-17,11.693,137
1985-10-18,11.765,137
1985-10-19,11.901,137
1985-10-20,12.634,137
1985-10-21,12.759,137
1985-10-22,12.848,137
1985-10-23,13.016,137
1985-10-24,12.76,137
1985-10-25,12.694,137
1985-10-26,12.659,137
1985-10-27,12.65,137
1985-10-28,12.607,137
1985-10-29,12.459,137
1985-10-30,12.287,137
1985-10-31,12.103,137
1985-11-01,11.721,137
1985-11-02,11.458,137
1985-11-03,11.347,137
1985-11-04,11.3,137
1985-11-05,11.267,137
1985-11-06,11.349,137
1985-11-07,11.404,137
1985-11-08,11.386,137
1985-11-09,11.294,137
1985-11-10,11.415,137
1985-11-11,11.124,137
1985-11-12,10.99,137
1985-11-13,10.996,137
1985-11-14,11.011,137
1985-11-15,11.55,137
1985-11-16,11.549,137
1985-11-17,11.461,137
1985-11-18,11.346,137
1985-11-19,11.235,137
1985-11-20,10.971,137
1985-11-21,10.899,137
1985-11-22,10.886,137
1985-11-23,10.939,137
1985-11-24,10.976,137
1985-11-25,10.905,137
1985-11-26,10.838,137
1985-11-27,10.731,137
1985-11-28,10.826,137
1985-11-29,10.867,137
1985-11-30,10.899,137
1985-12-01,10.884,137
1985-12-02,10.911,137
1985-12-03,10.991,137
1985-12-04,11.568,137
1985-12-05,11.624,137
1985-12-06,11.696,137
1985-12-07,11.705,137
1985-12-08,11.688,137
1985-12-09,11.544,137
1985-12-10,11.349,137
1985-12-11,11.249,137
1985-12-12,11.201,137
1985-12-13,11.127,137
1985-12-14,11.098,137
1985-12-15,11.804,137
1985-12-16,11.781,137
1985-12-17,11.637,137
1985-12-18,11.495,137
1985-12-19,11.555,137
1985-12-20,11.619,137
1985-12-21,11.6,137
1985-12-22,11.529,137
1985-12-23,11.477,137
1985-12-24,11.375,137
1985-12-25,11.144,137
1985-12-26,11.071,137
1985-12-27,11.085,137
1985-12-28,11.159,137
1985-12-29,11.204,137
1985-12-30,11.241,137
1985-12-31,11.294,137
1986-01-01,11.444,137
1986-01-02,11.58,137
1986-01-03,11.728,137
1986-01-04,11.843,137
1986-01-05,11.988,137
1986-01-06,12.01,137
1986-01-07,11.899,137
1986-01-08,11.829,137
1986-01-09,12.07,137
1986-01-10,12.219,137
1986-01-11,12.265,137
1986-01-12,12.184,137
1986-01-13,12.126,137
1986-01-14,12.114,137
1986-01-15,12.14,137
1986-01-16,12.161,137
1986-01-17,12.23,137
1986-01-18,12.341,137
1986-01-19,12.377,137
1986-01-20,12.338,137
1986-01-21,12.316,137
1986-01-22,12.089,137
1986-01-23,12.055,137
1986-01-24,12.189,137
1986-01-25,12.203,137
1986-01-26,12.144,137
1986-01-27,12.041,137
1986-01-28,12.051,137
1986-01-29,12.191,137
1986-01-30,12.366,137
1986-01-31,12.394,137
1986-02-01,12.566,137
1986-02-02,12.735,137
1986-02-03,12.731,137
1986-02-04,12.661,137
1986-02-05,12.626,137
1986-02-06,12.598,137
1986-02-07,12.699,137
1986-02-08,12.703,137
1986-02-09,12.723,137
1986-02-10,12.741,137
1986-02-11,12.571,137
1986-02-12,12.494,137
1986-02-13,12.339,137
1986-02-14,12.462,137
1986-02-15,12.439,137
1986-02-16,12.465,137
1986-02-17,12.425,137
1986-02-18,12.434,137
1986-02-19,12.354,137
1986-02-20,12.338,137
1986-02-21,12.389,137
1986-02-22,12.455,137
1986-02-23,11.42,137
1986-02-24,11.339,137
1986-02-25,11.929,137
1986-02-26,12.539,137
1986-02-27,12.691,137
1986-02-28,12.816,137
1986-03-01,12.85,137
1986-03-02,12.902,137
1986-03-03,12.998,137
1986-03-04,13.013,137
1986-03-05,12.875,137
1986-03-06,12.836,137
1986-03-07,12.745,137
1986-03-08,12.783,137
1986-03-09,12.86,137
1986-03-10,12.911,137
1986-03-11,12.768,137
1986-03-12,12.551,137
1986-03-13,12.532,137
1986-03-14,12.527,137
1986-03-15,13.077,137
1986-03-16,12.95,137
1986-03-17,12.889,137
1986-03-18,12.843,137
1986-03-19,13.115,137
1986-03-20,13.439,137
1986-03-21,13.523,137
1986-03-22,13.404,137
1986-03-23,13.19,137
1986-03-24,12.871,137
1986-03-25,12.786,137
1986-03-26,12.755,137
1986-03-27,12.611,137
1986-03-28,12.379,137
1986-03-29,12.338,137
1986-03-30,12.247,137
1986-03-31,12.151,137
1986-04-01,12.115,137
1986-04-02,11.96,137
1986-04-03,11.763,137
1986-04-04,11.551,137
1986-04-05,11.775,137
1986-04-06,12.012,137
1986-04-07,12.036,137
1986-04-08,11.553,137
1986-04-09,11.141,137
1986-04-10,10.932,137
1986-04-11,10.909,137
1986-04-12,10.999,137
1986-04-13,11.084,137
1986-04-14,12.331,137
1986-04-15,12.501,137
1986-04-16,12.456,137
1986-04-17,11.343,137
1986-04-18,11.248,137
1986-04-19,11.217,137
1986-04-20,11.162,137
1986-04-21,11.31,137
1986-04-22,10.811,137
1986-04-23,10.729,137
1986-04-24,10.739,137
1986-04-25,10.78,137
1986-04-26,10.667,137
1986-04-27,10.652,137
1986-04-28,10.592,137
1986-04-29,10.555,137
1986-04-30,10.553,137
1986-05-01,10.598,137
1986-05-02,11.92,137
1986-05-03,12.428,137
1986-05-04,12.523,137
1986-05-05,11.861,137
1986-05-06,11.592,137
1986-05-07,11.091,137
1986-05-08,10.739,137
1986-05-09,10.567,137
1986-05-10,10.258,137
1986-05-11,10.284,137
1986-05-12,10.394,137
1986-05-13,10.523,137
1986-05-14,10.024,137
1986-05-15,9.958,137
1986-05-16,9.965,137
1986-05-17,10.042,137
1986-05-18,10.015,137
1986-05-19,10.36,137
1986-05-20,10.616,137
1986-05-21,10.663,137
1986-05-22,10.707,137
1986-05-23,10.818,137
1986-05-24,10.859,137
1986-05-25,10.893,137
1986-05-26,10.997,137
1986-05-27,11.092,137
1986-05-28,11.092,137
1986-05-29,11.188,137
1986-05-30,11.237,137
1986-05-31,11.255,137
1986-06-01,11.267,137
1986-06-02,11.393,137
1986-06-03,11.467,137
1986-06-04,11.527,137
1986-06-05,12.622,137
1986-06-06,11.768,137
1986-06-07,11.47,137
1986-06-08,11.144,137
1986-06-09,10.911,137
1986-06-10,10.666,137
1986-06-11,10.714,137
1986-06-12,10.788,137
1986-06-13,11.706,137
1986-06-14,12.642,137
1986-06-15,12.686,137
1986-06-16,12.913,137
1986-06-17,13.257,137
1986-06-18,12.722,137
1986-06-19,12.228,137
1986-06-20,11.519,137
1986-06-21,11.177,137
1986-06-22,11.14,137
1986-06-23,11.268,137
1986-06-24,11.352,137
1986-06-25,11.336,137
1986-06-26,11.476,137
1986-06-27,12.935,137
1986-06-28,12.712,137
1986-06-29,12.399,137
1986-06-30,12.135,137
1986-07-01,12.085,137
1986-07-02,11.784,137
1986-07-03,11.009,137
1986-07-04,11.073,137
1986-07-05,11.076,137
1986-07-06,11.393,137
1986-07-07,12.094,137
1986-07-08,12.118,137
1986-07-09,12.241,137
1986-07-10,12.551,137
1986-07-11,12.295,137
1986-07-12,11.861,137
1986-07-13,11.777,137
1986-07-14,11.556,137
1986-07-15,11.339,137
1986-07-16,11.222,137
1986-07-17,11.325,137
1986-07-18,11.595,137
1986-07-19,11.86,137
1986-07-20,11.984,137
1986-07-21,11.899,137
1986-07-22,12.016,137
1986-07-23,12.106,137
1986-07-24,12.219,137
1986-07-25,12.176,137
1986-07-26,11.927,137
1986-07-27,11.799,137
1986-07-28,11.82,137
1986-07-29,12.405,137
1986-07-30,12.647,137
1986-07-31,12.761,137
1986-08-01,12.703,137
1986-08-02,12.846,137
1986-08-03,12.843,137
1986-08-04,12.554,137
1986-08-05,12.475,137
1986-08-06,12.492,137
1986-08-07,12.514,137
1986-08-08,12.666,137
1986-08-09,12.783,137
1986-08-10,12.998,137
1986-08-11,12.978,137
1986-08-12,12.947,137
1986-08-13,12.946,137
1986-08-14,12.946,137
1986-08-15,12.929,137
1986-08-16,15.142,137
1986-08-17,15.231,137
1986-08-18,14.731,137
1986-08-19,14.138,137
1986-08-20,13.789,137
1986-08-21,13.876,137
1986-08-22,12.56,137
1986-08-23,12.538,137
1986-08-24,12.516,137
1986-08-25,12.532,137
1986-08-26,12.639,137
1986-08-27,12.735,137
1986-08-28,12.945,137
1986-08-29,13.068,137
1986-08-30,12.401,137
1986-08-31,11.69,137
1986-09-01,11.622,137
1986-09-02,11.72,137
1986-09-03,12.003,137
1986-09-04,12.134,137
1986-09-05,12.131,137
1986-09-06,12.253,137
1986-09-07,12.667,137
1986-09-08,12.61,137
1986-09-09,12.514,137
1986-09-10,12.434,137
1986-09-11,12.467,137
1986-09-12,13.42,137
1986-09-13,13.724,137
1986-09-14,13.898,137
1986-09-15,14.194,137
1986-09-16,14.17,137
1986-09-17,14.883,137
1986-09-18,15.046,137
1986-09-19,15.108,137
1986-09-20,14.948,137
1986-09-21,14.781,137
1986-09-22,14.76,137
1986-09-23,14.822,137
1986-09-24,14.683,137
1986-09-25,14.768,137
1986-09-26,14.789,137
1986-09-27,14.885,137
1986-09-28,14.883,137
1986-09-29,14.799,137
1986-09-30,14.498,137
1986-10-01,13.755,137
1986-10-02,13.083,137
1986-10-03,13.016,137
1986-10-04,12.952,137
1986-10-05,12.858,137
1986-10-06,12.796,137
1986-10-07,12.854,137
1986-10-08,12.943,137
1986-10-09,13.061,137
1986-10-10,13.23,137
1986-10-11,13.76,137
1986-10-12,14.167,137
1986-10-13,14.204,137
1986-10-14,14.004,137
1986-10-15,13.641,137
1986-10-16,13.982,137
1986-10-17,14.165,137
1986-10-18,14.026,137
1986-10-19,13.861,137
1986-10-20,13.514,137
1986-10-21,13.422,137
1986-10-22,13.519,137
1986-10-23,13.477,137
1986-10-24,13.264,137
1986-10-25,14.45,137
1986-10-26,14.503,137
1986-10-27,14.505,137
1986-10-28,14.388,137
1986-10-29,14.727,137
1986-10-30,14.382,137
1986-10-31,14.256,137
1986-11-01,14.178,137
1986-11-02,14.145,137
1986-11-03,14.14,137
1986-11-04,14.199,137
1986-11-05,13.796,137
1986-11-06,13.579,137
1986-11-07,13.138,137
1986-11-08,12.677,137
1986-11-09,12.594,137
1986-11-10,12.67,137
1986-11-11,12.761,137
1986-11-12,12.753,137
1986-11-13,12.692,137
1986-11-14,12.701,137
1986-11-15,12.384,137
1986-11-16,12.399,137
1986-11-17,12.781,137
1986-11-18,13.327,137
1986-11-19,12.803,137
1986-11-20,12.71,137
1986-11-21,12.921,137
1986-11-22,13.222,137
1986-11-23,13.074,137
1986-11-24,12.904,137
1986-11-25,12.704,137
1986-11-26,12.6,137
1986-11-27,12.861,137
1986-11-28,12.744,137
1986-11-29,12.627,137
1986-11-30,12.53,137
1986-12-01,12.436,137
1986-12-02,12.368,137
1986-12-03,12.298,137
1986-12-04,12.819,137
1986-12-05,13.026,137
1986-12-06,13.068,137
1986-12-07,13.042,137
1986-12-08,12.908,137
1986-12-09,12.802,137
1986-12-10,12.771,137
1986-12-11,12.736,137
1986-12-12,12.64,137
1986-12-13,13.022,137
1986-12-14,13.08,137
1986-12-15,13.315,137
1986-12-16,13.428,137
1986-12-17,13.471,137
1986-12-18,13.467,137
1986-12-19,13.439,137
1986-12-20,13.436,137
1986-12-21,13.447,137
1986-12-22,13.405,137
1986-12-23,13.403,137
1986-12-24,13.359,137
1986-12-25,13.29,137
1986-12-26,13.268,137
1986-12-27,13.084,137
1986-12-28,13.03,137
1986-12-29,12.951,137
1986-12-30,12.942,137
1986-12-31,12.968,137
1987-01-01,12.938,137
1987-01-02,12.903,137
1987-01-03,12.827,137
1987-01-04,12.714,137
1987-01-05,12.694,137
1987-01-06,12.548,137
1987-01-07,12.49,137
1987-01-08,12.567,137
1987-01-09,12.622,137
1987-01-10,12.617,137
1987-01-11,12.628,137
1987-01-12,12.595,137
1987-01-13,12.485,137
1987-01-14,12.283,137
1987-01-15,11.903,137
1987-01-16,11.825,137
1987-01-17,11.828,137
1987-01-18,11.873,137
1987-01-19,11.948,137
1987-01-20,11.97,137
1987-01-21,12.005,137
1987-01-22,11.904,137
1987-01-23,11.846,137
1987-01-24,11.878,137
1987-01-25,12.055,137
1987-01-26,12.065,137
1987-01-27,12.117,137
1987-01-28,12.294,137
1987-01-29,12.32,137
1987-01-30,12.31,137
1987-01-31,12.301,137
1987-02-01,12.307,137
1987-02-02,12.346,137
1987-02-03,12.493,137
1987-02-04,12.497,137
1987-02-05,12.43,137
1987-02-06,12.341,137
1987-02-07,12.336,137
1987-02-08,12.333,137
1987-02-09,12.301,137
1987-02-10,12.858,137
1987-02-11,13.015,137
1987-02-12,13.088,137
1987-02-13,13.104,137
1987-02-14,13.006,137
1987-02-15,12.679,137
1987-02-16,12.797,137
1987-02-17,12.725,137
1987-02-18,12.434,137
1987-02-19,12.107,137
1987-02-20,11.963,137
1987-02-21,11.771,137
1987-02-22,11.656,137
1987-02-23,11.592,137
1987-02-24,11.432,137
1987-02-25,11.521,137
1987-02-26,11.322,137
1987-02-27,11.234,137
1987-02-28,11.303,137
1987-03-01,11.471,137
1987-03-02,11.497,137
1987-03-03,11.517,137
1987-03-04,11.614,137
1987-03-05,11.994,137
1987-03-06,11.991,137
1987-03-07,11.99,137
1987-03-08,11.881,137
1987-03-09,11.943,137
1987-03-10,11.953,137
1987-03-11,12.055,137
1987-03-12,12.093,137
1987-03-13,12.119,137
1987-03-14,12.138,137
1987-03-15,11.934,137
1987-03-16,11.925,137
1987-03-17,11.919,137
1987-03-18,11.75,137
1987-03-19,11.702,137
1987-03-20,11.675,137
1987-03-21,11.429,137
1987-03-22,11.609,137
1987-03-23,11.674,137
1987-03-24,11.589,137
1987-03-25,11.455,137
1987-03-26,11.379,137
1987-03-27,11.349,137
1987-03-28,11.275,137
1987-03-29,11.167,137
1987-03-30,11.318,137
1987-03-31,11.424,137
1987-04-01,11.449,137
1987-04-02,11.756,137
1987-04-03,11.71,137
1987-04-04,11.673,137
1987-04-05,11.622,137
1987-04-06,11.498,137
1987-04-07,11.352,137
1987-04-08,10.961,137
1987-04-09,10.849,137
1987-04-10,10.631,137
1987-04-11,10.616,137
1987-04-12,10.592,137
1987-04-13,10.546,137
1987-04-14,10.771,137
1987-04-15,10.743,137
1987-04-16,10.717,137
1987-04-17,10.876,137
1987-04-18,10.893,137
1987-04-19,10.747,137
1987-04-20,10.636,137
1987-04-21,10.656,137
1987-04-22,10.682,137
1987-04-23,10.804,137
1987-04-24,10.783,137
1987-04-25,10.765,137
1987-04-26,10.95,137
1987-04-27,11.08,137
1987-04-28,11.164,137
1987-04-29,11.302,137
1987-04-30,11.932,137
1987-05-01,11.665,137
1987-05-02,11.296,137
1987-05-03,11.126,137
1987-05-04,11.272,137
1987-05-05,11.507,137
1987-05-06,11.591,137
1987-05-07,11.62,137
1987-05-08,11.706,137
1987-05-09,11.715,137
1987-05-10,11.571,137
1987-05-11,11.549,137
1987-05-12,11.573,137
1987-05-13,11.592,137
1987-05-14,11.133,137
1987-05-15,10.68,137
1987-05-16,10.479,137
1987-05-17,10.417,137
1987-05-18,10.331,137
1987-05-19,10.581,137
1987-05-20,11.488,137
1987-05-21,11.797,137
1987-05-22,11.382,137
1987-05-23,11.012,137
1987-05-24,10.819,137
1987-05-25,10.776,137
1987-05-26,11.042,137
1987-05-27,10.951,137
1987-05-28,10.832,137
1987-05-29,10.584,137
1987-05-30,11.768,137
1987-05-31,11.646,137
1987-06-01,11.393,137
1987-06-02,11.022,137
1987-06-03,10.953,137
1987-06-04,11.124,137
1987-06-05,11.168,137
1987-06-06,11.071,137
1987-06-07,10.946,137
1987-06-08,10.688,137
1987-06-09,10.841,137
1987-06-10,10.834,137
1987-06-11,10.699,137
1987-06-12,10.565,137
1987-06-13,10.614,137
1987-06-14,10.781,137
1987-06-15,11.715,137
1987-06-16,11.589,137
1987-06-17,11.472,137
1987-06-18,11.294,137
1987-06-19,11.291,137
1987-06-20,11.845,137
1987-06-21,11.697,137
1987-06-22,11.43,137
1987-06-23,10.811,137
1987-06-24,10.464,137
1987-06-25,10.447,137
1987-06-26,10.633,137
1987-06-27,10.869,137
1987-06-28,11.042,137
1987-06-29,11.048,137
1987-06-30,11.174,137
1987-07-01,12.01,137
1987-07-02,12.985,137
1987-07-03,12.966,137
1987-07-04,12.83,137
1987-07-05,12.499,137
1987-07-06,12.019,137
1987-07-07,11.639,137
1987-07-08,11.453,137
1987-07-09,11.438,137
1987-07-10,11.405,137
1987-07-11,11.424,137
1987-07-12,11.535,137
1987-07-13,11.646,137
1987-07-14,11.718,137
1987-07-15,11.559,137
1987-07-16,11.537,137
1987-07-17,11.53,137
1987-07-18,11.566,137
1987-07-19,11.758,137
1987-07-20,11.83,137
1987-07-21,13.98,137
1987-07-22,14.125,137
1987-07-23,14.131,137
1987-07-24,12.894,137
1987-07-25,12.817,137
1987-07-26,12.791,137
1987-07-27,12.618,137
1987-07-28,12.485,137
1987-07-29,12.499,137
1987-07-30,12.339,137
1987-07-31,12.143,137
1987-08-01,12.032,137
1987-08-02,12.032,137
1987-08-03,12.004,137
1987-08-04,12.547,137
1987-08-05,13.106,137
1987-08-06,13.191,137
1987-08-07,13.161,137
1987-08-08,13.237,137
1987-08-09,13.365,137
1987-08-10,13.484,137
1987-08-11,13.568,137
1987-08-12,13.706,137
1987-08-13,13.257,137
1987-08-14,13.097,137
1987-08-15,13.032,137
1987-08-16,12.917,137
1987-08-17,13.069,137
1987-08-18,13.216,137
1987-08-19,13.559,137
1987-08-20,13.838,137
1987-08-21,14.06,137
1987-08-22,15.216,137
1987-08-23,15.312,137
1987-08-24,15.261,137
1987-08-25,14.624,137
1987-08-26,14.559,137
1987-08-27,14.571,137
1987-08-28,13.992,137
1987-08-29,13.849,137
1987-08-30,13.717,137
1987-08-31,13.752,137
1987-09-01,14.27,137
1987-09-02,14.26,137
1987-09-03,14.242,137
1987-09-04,14.273,137
1987-09-05,14.397,137
1987-09-06,14.59,137
1987-09-07,15.188,137
1987-09-08,15.191,137
1987-09-09,15.461,137
1987-09-10,15.494,137
1987-09-11,15.443,137
1987-09-12,15.216,137
1987-09-13,14.664,137
1987-09-14,14.635,137
1987-09-15,14.364,137
1987-09-16,14.068,137
1987-09-17,13.86,137
1987-09-18,13.793,137
1987-09-19,13.896,137
1987-09-20,13.839,137
1987-09-21,13.697,137
1987-09-22,13.707,137
1987-09-23,14.282,137
1987-09-24,14.464,137
1987-09-25,14.419,137
1987-09-26,14.242,137
1987-09-27,13.992,137
1987-09-28,13.893,137
1987-09-29,13.803,137
1987-09-30,14.063,137
1987-10-01,13.995,137
1987-10-02,13.904,137
1987-10-03,13.905,137
1987-10-04,13.941,137
1987-10-05,14.138,137
1987-10-06,14.274,137
1987-10-07,14.346,137
1987-10-08,14.896,137
1987-10-09,15.525,137
1987-10-10,15.676,137
1987-10-11,15.601,137
1987-10-12,14.907,137
1987-10-13,14.607,137
1987-10-14,14.05,137
1987-10-15,14.006,137
1987-10-16,14.06,137
1987-10-17,14.018,137
1987-10-18,13.988,137
1987-10-19,14.033,137
1987-10-20,14.013,137
1987-10-21,14.007,137
1987-10-22,14.099,137
1987-10-23,15.776,137
1987-10-24,16.286,137
1987-10-25,15.966,137
1987-10-26,15.107,137
1987-10-27,15.015,137
1987-10-28,15.232,137
1987-10-29,15.3,137
1987-10-30,15.301,137
1987-10-31,14.988,137
1987-11-01,14.768,137
1987-11-02,14.711,137
1987-11-03,14.467,137
1987-11-04,14.266,137
1987-11-05,13.911,137
1987-11-06,14.296,137
1987-11-07,14.424,137
1987-11-08,14.416,137
1987-11-09,14.38,137
1987-11-10,14.227,137
1987-11-11,14.002,137
1987-11-12,14.012,137
1987-11-13,14.171,137
1987-11-14,14.062,137
1987-11-15,13.963,137
1987-11-16,14.07,137
1987-11-17,14.317,137
1987-11-18,14.145,137
1987-11-19,14.001,137
1987-11-20,13.906,137
1987-11-21,13.784,137
1987-11-22,13.614,137
1987-11-23,13.443,137
1987-11-24,13.068,137
1987-11-25,13.125,137
1987-11-26,13.086,137
1987-11-27,12.994,137
1987-11-28,12.917,137
1987-11-29,12.956,137
1987-11-30,12.946,137
1987-12-01,12.924,137
1987-12-02,13.006,137
1987-12-03,13.013,137
1987-12-04,13.043,137
1987-12-05,13.093,137
1987-12-06,13.569,137
1987-12-07,13.571,137
1987-12-08,13.575,137
1987-12-09,14.001,137
1987-12-10,13.866,137
1987-12-11,13.617,137
1987-12-12,13.308,137
1987-12-13,13.036,137
1987-12-14,12.933,137
1987-12-15,12.88,137
1987-12-16,12.468,137
1987-12-17,12.321,137
1987-12-18,12.318,137
1987-12-19,12.299,137
1987-12-20,12.342,137
1987-12-21,12.558,137
1987-12-22,12.655,137
1987-12-23,12.324,137
1987-12-24,12.111,137
1987-12-25,12.017,137
1987-12-26,11.922,137
1987-12-27,11.844,137
1987-12-28,11.783,137
1987-12-29,11.485,137
1987-12-30,11.558,137
1987-12-31,11.654,137
1988-01-01,11.718,137
1988-01-02,11.664,137
1988-01-03,11.641,137
1988-01-04,11.618,137
1988-01-05,11.107,137
1988-01-06,10.698,137
1988-01-07,10.629,137
1988-01-08,10.779,137
1988-01-09,10.913,137
1988-01-10,11.078,137
1988-01-11,11.766,137
1988-01-12,11.911,137
1988-01-13,11.899,137
1988-01-14,11.853,137
1988-01-15,11.911,137
1988-01-16,11.912,137
1988-01-17,11.898,137
1988-01-18,11.722,137
1988-01-19,11.731,137
1988-01-20,11.73,137
1988-01-21,11.679,137
1988-01-22,11.633,137
1988-01-23,11.65,137
1988-01-24,11.651,137
1988-01-25,11.645,137
1988-01-26,11.619,137
1988-01-27,11.645,137
1988-01-28,11.641,137
1988-01-29,11.604,137
1988-01-30,11.633,137
1988-01-31,11.58,137
1988-02-01,11.52,137
1988-02-02,11.474,137
1988-02-03,11.488,137
1988-02-04,11.519,137
1988-02-05,11.547,137
1988-02-06,11.51,137
1988-02-07,11.481,137
1988-02-08,11.439,137
1988-02-09,11.414,137
1988-02-10,11.48,137
1988-02-11,11.528,137
1988-02-12,11.554,137
1988-02-13,11.497,137
1988-02-14,11.444,137
1988-02-15,11.465,137
1988-02-16,11.43,137
1988-02-17,11.327,137
1988-02-18,11.278,137
1988-02-19,11.253,137
1988-02-20,11.244,137
1988-02-21,11.249,137
1988-02-22,11.308,137
1988-02-23,11.297,137
1988-02-24,11.36,137
1988-02-25,11.455,137
1988-02-26,11.531,137
1988-02-27,11.536,137
1988-02-28,11.579,137
1988-02-29,11.638,137
1988-03-01,11.636,137
1988-03-02,11.642,137
1988-03-03,11.656,137
1988-03-04,11.631,137
1988-03-05,11.597,137
1988-03-06,11.58,137
1988-03-07,11.129,137
1988-03-08,11.275,137
1988-03-09,11.362,137
1988-03-10,11.337,137
1988-03-11,11.154,137
1988-03-12,11.358,137
1988-03-13,11.561,137
1988-03-14,11.441,137
1988-03-15,11.278,137
1988-03-16,11.226,137
1988-03-17,10.922,137
1988-03-18,10.821,137
1988-03-19,11.226,137
1988-03-20,11.36,137
1988-03-21,11.354,137
1988-03-22,11.137,137
1988-03-23,11.389,137
1988-03-24,11.309,137
1988-03-25,11.1,137
1988-03-26,10.787,137
1988-03-27,10.432,137
1988-03-28,10.254,137
1988-03-29,10.161,137
1988-03-30,9.938,137
1988-03-31,9.992,137
1988-04-01,10.142,137
1988-04-02,10.231,137
1988-04-03,10.436,137
1988-04-04,10.263,137
1988-04-05,10.222,137
1988-04-06,10.13,137
1988-04-07,10.02,137
1988-04-08,9.969,137
1988-04-09,9.903,137
1988-04-10,10.534,137
1988-04-11,11.002,137
1988-04-12,11.123,137
1988-04-13,11.277,137
1988-04-14,11.176,137
1988-04-15,11.146,137
1988-04-16,10.874,137
1988-04-17,10.767,137
1988-04-18,10.827,137
1988-04-19,11.632,137
1988-04-20,11.906,137
1988-04-21,11.869,137
1988-04-22,11.708,137
1988-04-23,11.608,137
1988-04-24,11.646,137
1988-04-25,11.725,137
1988-04-26,11.843,137
1988-04-27,12.298,137
1988-04-28,13.259,137
1988-04-29,13.269,137
1988-04-30,12.777,137
1988-05-01,11.634,137
1988-05-02,11.472,137
1988-05-03,11.375,137
1988-05-04,11.315,137
1988-05-05,11.302,137
1988-05-06,11.31,137
1988-05-07,11.382,137
1988-05-08,11.52,137
1988-05-09,11.006,137
1988-05-10,12.451,137
1988-05-11,12.577,137
1988-05-12,12.705,137
1988-05-13,12.807,137
1988-05-14,12.788,137
1988-05-15,12.668,137
1988-05-16,12.487,137
1988-05-17,12.287,137
1988-05-18,11.843,137
1988-05-19,11.285,137
1988-05-20,11.215,137
1988-05-21,11.317,137
1988-05-22,11.215,137
1988-05-23,10.689,137
1988-05-24,10.405,137
1988-05-25,10.13,137
1988-05-26,10.2,137
1988-05-27,10.455,137
1988-05-28,11.463,137
1988-05-29,11.65,137
1988-05-30,11.536,137
1988-05-31,11.538,137
1988-06-01,11.94,137
1988-06-02,13.04,137
1988-06-03,13.092,137
1988-06-04,13.004,137
1988-06-05,12.751,137
1988-06-06,12.594,137
1988-06-07,12.796,137
1988-06-08,12.854,137
1988-06-09,13.238,137
1988-06-10,13.177,137
1988-06-11,12.483,137
1988-06-12,11.534,137
1988-06-13,11.531,137
1988-06-14,11.735,137
1988-06-15,12.123,137
1988-06-16,12.218,137
1988-06-17,11.968,137
1988-06-18,11.647,137
1988-06-19,11.368,137
1988-06-20,11.332,137
1988-06-21,11.809,137
1988-06-22,11.988,137
1988-06-23,12.038,137
1988-06-24,11.32,137
1988-06-25,11.274,137
1988-06-26,11.554,137
1988-06-27,11.425,137
1988-06-28,11.258,137
1988-06-29,10.555,137
1988-06-30,10.365,137
1988-07-01,10.543,137
1988-07-02,11.151,137
1988-07-03,11.229,137
1988-07-04,11.086,137
1988-07-05,11.078,137
1988-07-06,10.978,137
1988-07-07,10.882,137
1988-07-08,10.703,137
1988-07-09,10.509,137
1988-07-10,10.392,137
1988-07-11,10.293,137
1988-07-12,10.376,137
1988-07-13,11.616,137
1988-07-14,11.808,137
1988-07-15,11.805,137
1988-07-16,11.682,137
1988-07-17,11.541,137
1988-07-18,11.602,137
1988-07-19,11.593,137
1988-07-20,11.87,137
1988-07-21,12.34,137
1988-07-22,12.774,137
1988-07-23,12.98,137
1988-07-24,13.166,137
1988-07-25,13.274,137
1988-07-26,13.394,137
1988-07-27,13.238,137
1988-07-28,12.961,137
1988-07-29,12.688,137
1988-07-30,11.358,137
1988-07-31,10.487,137
1988-08-01,10.416,137
1988-08-02,10.966,137
1988-08-03,11.387,137
1988-08-04,11.75,137
1988-08-05,12.006,137
1988-08-06,12.275,137
1988-08-07,12.415,137
1988-08-08,12.549,137
1988-08-09,12.618,137
1988-08-10,12.711,137
1988-08-11,13.715,137
1988-08-12,13.905,137
1988-08-13,13.913,137
1988-08-14,13.883,137
1988-08-15,13.082,137
1988-08-16,12.583,137
1988-08-17,12.338,137
1988-08-18,12.099,137
1988-08-19,12.016,137
1988-08-20,12.081,137
1988-08-21,12.349,137
1988-08-22,12.909,137
1988-08-23,13.87,137
1988-08-24,14.051,137
1988-08-25,13.44,137
1988-08-26,12.714,137
1988-08-27,12.507,137
1988-08-28,12.504,137
1988-08-29,12.622,137
1988-08-30,12.536,137
1988-08-31,12.569,137
1988-09-01,12.442,137
1988-09-02,12.605,137
1988-09-03,12.006,137
1988-09-04,11.815,137
1988-09-05,11.706,137
1988-09-06,11.317,137
1988-09-07,11.017,137
1988-09-08,10.893,137
1988-09-09,11.275,137
1988-09-10,12.051,137
1988-09-11,12.576,137
1988-09-12,12.642,137
1988-09-13,12.77,137
1988-09-14,12.971,137
1988-09-15,13.122,137
1988-09-16,13.178,137
1988-09-17,12.655,137
1988-09-18,12.465,137
1988-09-19,12.323,137
1988-09-20,12.341,137
1988-09-21,12.405,137
1988-09-22,12.568,137
1988-09-23,12.74,137
1988-09-24,12.782,137
1988-09-25,12.877,137
1988-09-26,12.863,137
1988-09-27,12.572,137
1988-09-28,12.35,137
1988-09-29,11.988,137
1988-09-30,12.153,137
1988-10-01,12.298,137
1988-10-02,12.374,137
1988-10-03,12.419,137
1988-10-04,12.525,137
1988-10-05,12.649,137
1988-10-06,13.004,137
1988-10-07,13.137,137
1988-10-08,13.259,137
1988-10-09,13.329,137
1988-10-10,13.207,137
1988-10-11,13.468,137
1988-10-12,13.564,137
1988-10-13,13.927,137
1988-10-14,13.889,137
1988-10-15,13.822,137
1988-10-16,13.785,137
1988-10-17,13.757,137
1988-10-18,13.707,137
1988-10-19,13.665,137
1988-10-20,13.626,137
1988-10-21,12.829,137
1988-10-22,12.778,137
1988-10-23,12.701,137
1988-10-24,12.601,137
1988-10-25,12.674,137
1988-10-26,12.7,137
1988-10-27,12.799,137
1988-10-28,12.94,137
1988-10-29,13.909,137
1988-10-30,13.949,137
1988-10-31,13.708,137
1988-11-01,12.909,137
1988-11-02,12.768,137
1988-11-03,13.264,137
1988-11-04,14.235,137
1988-11-05,13.98,137
1988-11-06,13.762,137
1988-11-07,13.6,137
1988-11-08,13.575,137
1988-11-09,13.524,137
1988-11-10,13.506,137
1988-11-11,13.577,137
1988-11-12,13.378,137
1988-11-13,13.215,137
1988-11-14,13.173,137
1988-11-15,13.165,137
1988-11-16,12.884,137
1988-11-17,12.776,137
1988-11-18,12.631,137
1988-11-19,12.506,137
1988-11-20,12.465,137
1988-11-21,12.461,137
1988-11-22,12.618,137
1988-11-23,12.647,137
1988-11-24,12.646,137
1988-11-25,12.763,137
1988-11-26,12.717,137
1988-11-27,12.664,137
1988-11-28,12.555,137
1988-11-29,12.532,137
1988-11-30,12.46,137
1988-12-01,12.371,137
1988-12-02,12.328,137
1988-12-03,12.361,137
1988-12-04,12.377,137
1988-12-05,12.422,137
1988-12-06,11.979,137
1988-12-07,11.84,137
1988-12-08,11.804,137
1988-12-09,11.849,137
1988-12-10,11.835,137
1988-12-11,11.653,137
1988-12-12,11.66,137
1988-12-13,11.665,137
1988-12-14,11.532,137
1988-12-15,11.311,137
1988-12-16,11.092,137
1988-12-17,11.219,137
1988-12-18,11.382,137
1988-12-19,11.424,137
1988-12-20,11.425,137
1988-12-21,11.453,137
1988-12-22,11.472,137
1988-12-23,11.554,137
1988-12-24,11.773,137
1988-12-25,11.763,137
1988-12-26,11.709,137
1988-12-27,11.643,137
1988-12-28,11.469,137
1988-12-29,11.327,137
1988-12-30,11.074,137
1988-12-31,10.922,137
1989-01-01,10.858,137
1989-01-02,10.956,137
1989-01-03,11.041,137
1989-01-04,11.02,137
1989-01-05,10.885,137
1989-01-06,10.837,137
1989-01-07,10.914,137
1989-01-08,11.013,137
1989-01-09,11.086,137
1989-01-10,10.954,137
1989-01-11,10.784,137
1989-01-12,10.689,137
1989-01-13,10.615,137
1989-01-14,10.492,137
1989-01-15,10.476,137
1989-01-16,10.526,137
1989-01-17,10.538,137
1989-01-18,10.535,137
1989-01-19,10.689,137
1989-01-20,10.773,137
1989-01-21,10.779,137
1989-01-22,10.797,137
1989-01-23,10.751,137
1989-01-24,10.571,137
1989-01-25,10.443,137
1989-01-26,10.49,137
1989-01-27,10.572,137
1989-01-28,10.764,137
1989-01-29,10.979,137
1989-01-30,10.791,137
1989-01-31,10.642,137
1989-02-01,10.514,137
1989-02-02,10.399,137
1989-02-03,10.427,137
1989-02-04,10.246,137
1989-02-05,10.205,137
1989-02-06,10.123,137
1989-02-07,10.052,137
1989-02-08,10,137
1989-02-09,10.297,137
1989-02-10,10.429,137
1989-02-11,10.212,137
1989-02-12,10.124,137
1989-02-13,10.098,137
1989-02-14,10.043,137
1989-02-15,9.93,137
1989-02-16,10.093,137
1989-02-17,10.234,137
1989-02-18,10.342,137
1989-02-19,9.449,137
1989-02-20,9.602,137
1989-02-21,10.116,137
1989-02-22,10.737,137
1989-02-23,10.668,137
1989-02-24,10.634,137
1989-02-25,10.522,137
1989-02-26,10.5,137
1989-02-27,10.528,137
1989-02-28,10.557,137
1989-03-01,10.59,137
1989-03-02,10.161,137
1989-03-03,10.075,137
1989-03-04,10.046,137
1989-03-05,10.124,137
1989-03-06,10.279,137
1989-03-07,10.439,137
1989-03-08,10.577,137
1989-03-09,10.679,137
1989-03-10,11.113,137
1989-03-11,11.206,137
1989-03-12,11.578,137
1989-03-13,11.595,137
1989-03-14,11.505,137
1989-03-15,11.437,137
1989-03-16,11.463,137
1989-03-17,11.497,137
1989-03-18,11.508,137
1989-03-19,11.396,137
1989-03-20,11.396,137
1989-03-21,11.516,137
1989-03-22,11.531,137
1989-03-23,11.502,137
1989-03-24,11.351,137
1989-03-25,11.354,137
1989-03-26,11.406,137
1989-03-27,11.723,137
1989-03-28,11.521,137
1989-03-29,11.418,137
1989-03-30,11.384,137
1989-03-31,11.376,137
1989-04-01,11.367,137
1989-04-02,11.365,137
1989-04-03,11.371,137
1989-04-04,11.377,137
1989-04-05,11.491,137
1989-04-06,11.79,137
1989-04-07,11.75,137
1989-04-08,11.78,137
1989-04-09,11.947,137
1989-04-10,11.912,137
1989-04-11,11.788,137
1989-04-12,11.61,137
1989-04-13,11.733,137
1989-04-14,11.954,137
1989-04-15,11.923,137
1989-04-16,11.929,137
1989-04-17,12.457,137
1989-04-18,12.205,137
1989-04-19,12.104,137
1989-04-20,11.894,137
1989-04-21,12.945,137
1989-04-22,13.113,137
1989-04-23,13.015,137
1989-04-24,12.801,137
1989-04-25,12.734,137
1989-04-26,12.791,137
1989-04-27,12.809,137
1989-04-28,12.832,137
1989-04-29,12.864,137
1989-04-30,13.186,137
1989-05-01,13.176,137
1989-05-02,13.414,137
1989-05-03,13.387,137
1989-05-04,13.406,137
1989-05-05,13.212,137
1989-05-06,13.088,137
1989-05-07,12.98,137
1989-05-08,12.702,137
1989-05-09,12.368,137
1989-05-10,11.566,137
1989-05-11,11.374,137
1989-05-12,11.112,137
1989-05-13,10.841,137
1989-05-14,10.75,137
1989-05-15,10.542,137
1989-05-16,10.577,137
1989-05-17,10.807,137
1989-05-18,10.782,137
1989-05-19,10.735,137
1989-05-20,10.773,137
1989-05-21,10.946,137
1989-05-22,11.559,137
1989-05-23,12.481,137
1989-05-24,12.152,137
1989-05-25,11.34,137
1989-05-26,10.949,137
1989-05-27,10.603,137
1989-05-28,10.659,137
1989-05-29,10.659,137
1989-05-30,10.75,137
1989-05-31,10.913,137
1989-06-01,11.208,137
1989-06-02,11.211,137
1989-06-03,11.188,137
1989-06-04,11.44,137
1989-06-05,12.062,137
1989-06-06,12.194,137
1989-06-07,11.326,137
1989-06-08,10.142,137
1989-06-09,10.047,137
1989-06-10,10.017,137
1989-06-11,10.842,137
1989-06-12,10.907,137
1989-06-13,10.942,137
1989-06-14,11.075,137
1989-06-15,10.835,137
1989-06-16,10.653,137
1989-06-17,10.602,137
1989-06-18,10.488,137
1989-06-19,10.284,137
1989-06-20,10.081,137
1989-06-21,10.164,137
1989-06-22,10.31,137
1989-06-23,10.522,137
1989-06-24,10.742,137
1989-06-25,10.845,137
1989-06-26,10.989,137
1989-06-27,11.116,137
1989-06-28,11.309,137
1989-06-29,13.494,137
1989-06-30,13.637,137
1989-07-01,13.457,137
1989-07-02,13.216,137
1989-07-03,12.795,137
1989-07-04,12.007,137
1989-07-05,11.502,137
1989-07-06,11.279,137
1989-07-07,10.816,137
1989-07-08,10.358,137
1989-07-09,10.229,137
1989-07-10,10.006,137
1989-07-11,9.982,137
1989-07-12,10.325,137
1989-07-13,10.674,137
1989-07-14,10.828,137
1989-07-15,10.718,137
1989-07-16,10.571,137
1989-07-17,10.469,137
1989-07-18,10.403,137
1989-07-19,10.521,137
1989-07-20,10.517,137
1989-07-21,10.434,137
1989-07-22,10.105,137
1989-07-23,10.378,137
1989-07-24,10.994,137
1989-07-25,11.422,137
1989-07-26,11.209,137
1989-07-27,11.012,137
1989-07-28,10.984,137
1989-07-29,11.313,137
1989-07-30,11.93,137
1989-07-31,12.42,137
1989-08-01,12.526,137
1989-08-02,12.171,137
1989-08-03,12.235,137
1989-08-04,12.465,137
1989-08-05,12.638,137
1989-08-06,12.943,137
1989-08-07,13.085,137
1989-08-08,12.267,137
1989-08-09,12.122,137
1989-08-10,12.037,137
1989-08-11,12.121,137
1989-08-12,11.992,137
1989-08-13,11.858,137
1989-08-14,11.694,137
1989-08-15,11.622,137
1989-08-16,11.648,137
1989-08-17,11.719,137
1989-08-18,11.882,137
1989-08-19,11.995,137
1989-08-20,12.217,137
1989-08-21,12.392,137
1989-08-22,13.853,137
1989-08-23,13.687,137
1989-08-24,13.59,137
1989-08-25,13.507,137
1989-08-26,13.472,137
1989-08-27,13.5,137
1989-08-28,13.48,137
1989-08-29,14.011,137
1989-08-30,13.971,137
1989-08-31,13.819,137
1989-09-01,13.47,137
1989-09-02,13.266,137
1989-09-03,13.189,137
1989-09-04,13.135,137
1989-09-05,13.058,137
1989-09-06,12.971,137
1989-09-07,12.96,137
1989-09-08,13.099,137
1989-09-09,13.171,137
1989-09-10,13.198,137
1989-09-11,13.659,137
1989-09-12,13.759,137
1989-09-13,14.074,137
1989-09-14,15.214,137
1989-09-15,15.317,137
1989-09-16,15.374,137
1989-09-17,15.513,137
1989-09-18,14.682,137
1989-09-19,14.377,137
1989-09-20,14.412,137
1989-09-21,14.582,137
1989-09-22,14.586,137
1989-09-23,15.772,137
1989-09-24,15.839,137
1989-09-25,16.073,137
1989-09-26,16.402,137
1989-09-27,16.422,137
1989-09-28,15.965,137
1989-09-29,15.963,137
1989-09-30,15.393,137
1989-10-01,14.791,137
1989-10-02,14.3,137
1989-10-03,13.855,137
1989-10-04,13.622,137
1989-10-05,13.501,137
1989-10-06,13.459,137
1989-10-07,13.441,137
1989-10-08,14.797,137
1989-10-09,15.1,137
1989-10-10,15.106,137
1989-10-11,14.422,137
1989-10-12,14.203,137
1989-10-13,14.232,137
1989-10-14,14.143,137
1989-10-15,13.492,137
1989-10-16,13.341,137
1989-10-17,13.322,137
1989-10-18,13.24,137
1989-10-19,13.111,137
1989-10-20,13.536,137
1989-10-21,13.746,137
1989-10-22,14.453,137
1989-10-23,14.835,137
1989-10-24,14.757,137
1989-10-25,14.471,137
1989-10-26,14.38,137
1989-10-27,14.489,137
1989-10-28,14.612,137
1989-10-29,14.032,137
1989-10-30,14.076,137
1989-10-31,14.424,137
1989-11-01,14.724,137
1989-11-02,14.732,137
1989-11-03,14.533,137
1989-11-04,14.151,137
1989-11-05,13.518,137
1989-11-06,13.293,137
1989-11-07,13.103,137
1989-11-08,12.888,137
1989-11-09,12.777,137
1989-11-10,12.678,137
1989-11-11,12.619,137
1989-11-12,12.713,137
1989-11-13,12.746,137
1989-11-14,12.707,137
1989-11-15,13.157,137
1989-11-16,13.487,137
1989-11-17,13.665,137
1989-11-18,14.211,137
1989-11-19,14.175,137
1989-11-20,13.952,137
1989-11-21,13.65,137
1989-11-22,13.497,137
1989-11-23,13.401,137
1989-11-24,13.296,137
1989-11-25,13.124,137
1989-11-26,13.013,137
1989-11-27,13.078,137
1989-11-28,13.153,137
1989-11-29,13.233,137
1989-11-30,13.364,137
1989-12-01,13.376,137
1989-12-02,13.45,137
1989-12-03,13.5,137
1989-12-04,13.427,137
1989-12-05,13.574,137
1989-12-06,13.682,137
1989-12-07,13.711,137
1989-12-08,13.753,137
1989-12-09,13.719,137
1989-12-10,13.628,137
1989-12-11,13.48,137
1989-12-12,13.348,137
1989-12-13,13.198,137
1989-12-14,13.087,137
1989-12-15,13.014,137
1989-12-16,13.004,137
1989-12-17,13.033,137
1989-12-18,12.799,137
1989-12-19,12.719,137
1989-12-20,12.611,137
1989-12-21,12.843,137
1989-12-22,12.885,137
1989-12-23,12.907,137
1989-12-24,12.817,137
1989-12-25,12.819,137
1989-12-26,12.832,137
1989-12-27,12.851,137
1989-12-28,12.674,137
1989-12-29,12.607,137
1989-12-30,12.548,137
1989-12-31,12.447,137
1990-01-01,12.015,137
1990-01-02,11.894,137
1990-01-03,11.801,137
1990-01-04,11.773,137
1990-01-05,11.783,137
1990-01-06,11.814,137
1990-01-07,11.882,137
1990-01-08,12.028,137
1990-01-09,12.082,137
1990-01-10,12.117,137
1990-01-11,12.101,137
1990-01-12,12.105,137
1990-01-13,11.914,137
1990-01-14,11.889,137
1990-01-15,11.927,137
1990-01-16,12.075,137
1990-01-17,12.073,137
1990-01-18,12.065,137
1990-01-19,12.064,137
1990-01-20,12.06,137
1990-01-21,11.992,137
1990-01-22,11.845,137
1990-01-23,11.859,137
1990-01-24,11.979,137
1990-01-25,12.139,137
1990-01-26,12.119,137
1990-01-27,12.02,137
1990-01-28,11.974,137
1990-01-29,12.014,137
1990-01-30,11.623,137
1990-01-31,11.541,137
1990-02-01,11.581,137
1990-02-02,11.588,137
1990-02-03,11.521,137
1990-02-04,11.433,137
1990-02-05,11.438,137
1990-02-06,11.33,137
1990-02-07,11.251,137
1990-02-08,11.232,137
1990-02-09,10.858,137
1990-02-10,10.771,137
1990-02-11,11.037,137
1990-02-12,11.083,137
1990-02-13,10.887,137
1990-02-14,10.591,137
1990-02-15,10.553,137
1990-02-16,10.478,137
1990-02-17,10.494,137
1990-02-18,10.531,137
1990-02-19,10.569,137
1990-02-20,11.534,137
1990-02-21,11.654,137
1990-02-22,11.683,137
1990-02-23,11.669,137
1990-02-24,11.635,137
1990-02-25,11.632,137
1990-02-26,11.648,137
1990-02-27,11.663,137
1990-02-28,11.655,137
1990-03-01,11.574,137
1990-03-02,11.642,137
1990-03-03,11.517,137
1990-03-04,10.871,137
1990-03-05,10.542,137
1990-03-06,10.651,137
1990-03-07,10.703,137
1990-03-08,10.452,137
1990-03-09,10.363,137
1990-03-10,10.245,137
1990-03-11,10.32,137
1990-03-12,10.314,137
1990-03-13,10.314,137
1990-03-14,10.338,137
1990-03-15,10.41,137
1990-03-16,10.923,137
1990-03-17,11.157,137
1990-03-18,11.353,137
1990-03-19,11.001,137
1990-03-20,10.996,137
1990-03-21,10.886,137
1990-03-22,10.729,137
1990-03-23,10.564,137
1990-03-24,10.641,137
1990-03-25,10.632,137
1990-03-26,10.476,137
1990-03-27,10.363,137
1990-03-28,10.334,137
1990-03-29,10.408,137
1990-03-30,10.496,137
1990-03-31,10.861,137
1990-04-01,11.034,137
1990-04-02,11.029,137
1990-04-03,10.98,137
1990-04-04,11.004,137
1990-04-05,11.028,137
1990-04-06,11.145,137
1990-04-07,11.404,137
1990-04-08,11.634,137
1990-04-09,11.715,137
1990-04-10,11.734,137
1990-04-11,11.718,137
1990-04-12,11.5,137
1990-04-13,11.344,137
1990-04-14,11.331,137
1990-04-15,11.382,137
1990-04-16,11.486,137
1990-04-17,11.552,137
1990-04-18,11.717,137
1990-04-19,12.152,137
1990-04-20,11.87,137
1990-04-21,11.72,137
1990-04-22,11.543,137
1990-04-23,11.18,137
1990-04-24,11.184,137
1990-04-25,10.907,137
1990-04-26,10.624,137
1990-04-27,10.255,137
1990-04-28,10.365,137
1990-04-29,10.438,137
1990-04-30,10.515,137
1990-05-01,10.576,137
1990-05-02,10.497,137
1990-05-03,10.436,137
1990-05-04,10.463,137
1990-05-05,11.117,137
1990-05-06,10.986,137
1990-05-07,10.914,137
1990-05-08,10.961,137
1990-05-09,11.268,137
1990-05-10,10.745,137
1990-05-11,10.623,137
1990-05-12,10.613,137
1990-05-13,10.569,137
1990-05-14,10.474,137
1990-05-15,10.362,137
1990-05-16,10.298,137
1990-05-17,10.191,137
1990-05-18,10.161,137
1990-05-19,10.188,137
1990-05-20,10.437,137
1990-05-21,10.637,137
1990-05-22,11.72,137
1990-05-23,11.792,137
1990-05-24,11.744,137
1990-05-25,11.656,137
1990-05-26,11.599,137
1990-05-27,12.564,137
1990-05-28,12.735,137
1990-05-29,12.797,137
1990-05-30,13.138,137
1990-05-31,13.232,137
1990-06-01,13.248,137
1990-06-02,13.228,137
1990-06-03,13.161,137
1990-06-04,12.828,137
1990-06-05,12.585,137
1990-06-06,12.596,137
1990-06-07,12.62,137
1990-06-08,12.214,137
1990-06-09,11.848,137
1990-06-10,11.644,137
1990-06-11,11.525,137
1990-06-12,11.325,137
1990-06-13,11.185,137
1990-06-14,11.085,137
1990-06-15,11.243,137
1990-06-16,11.216,137
1990-06-17,11.125,137
1990-06-18,11.106,137
1990-06-19,11.403,137
1990-06-20,11.517,137
1990-06-21,11.625,137
1990-06-22,11.832,137
1990-06-23,12.091,137
1990-06-24,12.021,137
1990-06-25,11.991,137
1990-06-26,11.852,137
1990-06-27,11.846,137
1990-06-28,12.046,137
1990-06-29,12.603,137
1990-06-30,12.361,137
1990-07-01,12.184,137
1990-07-02,12.349,137
1990-07-03,12.932,137
1990-07-04,13.346,137
1990-07-05,14.336,137
1990-07-06,14.042,137
1990-07-07,13.773,137
1990-07-08,13.427,137
1990-07-09,13.485,137
1990-07-10,13.848,137
1990-07-11,14.204,137
1990-07-12,13.854,137
1990-07-13,13.505,137
1990-07-14,13.096,137
1990-07-15,12.987,137
1990-07-16,13.289,137
1990-07-17,13.815,137
1990-07-18,13.718,137
1990-07-19,13.588,137
1990-07-20,13.451,137
1990-07-21,13.328,137
1990-07-22,12.855,137
1990-07-23,12.165,137
1990-07-24,11.842,137
1990-07-25,11.642,137
1990-07-26,11.564,137
1990-07-27,11.629,137
1990-07-28,11.858,137
1990-07-29,12.045,137
1990-07-30,12.275,137
1990-07-31,12.522,137
1990-08-01,12.5,137
1990-08-02,12.512,137
1990-08-03,12.611,137
1990-08-04,12.796,137
1990-08-05,13.07,137
1990-08-06,13.135,137
1990-08-07,13.92,137
1990-08-08,14.376,137
1990-08-09,14.397,137
1990-08-10,14.288,137
1990-08-11,13.938,137
1990-08-12,13.78,137
1990-08-13,12.992,137
1990-08-14,13.158,137
1990-08-15,13.396,137
1990-08-16,13.922,137
1990-08-17,14.906,137
1990-08-18,14.66,137
1990-08-19,14.433,137
1990-08-20,14.156,137
1990-08-21,14.131,137
1990-08-22,13.673,137
1990-08-23,13.616,137
1990-08-24,13.648,137
1990-08-25,13.854,137
1990-08-26,14.826,137
1990-08-27,15.304,137
1990-08-28,15.331,137
1990-08-29,15.674,137
1990-08-30,15.694,137
1990-08-31,15.119,137
1990-09-01,14.602,137
1990-09-02,14.513,137
1990-09-03,14.695,137
1990-09-04,15.079,137
1990-09-05,15.647,137
1990-09-06,15.61,137
1990-09-07,15.377,137
1990-09-08,14.855,137
1990-09-09,14.42,137
1990-09-10,14.18,137
1990-09-11,14.205,137
1990-09-12,14.338,137
1990-09-13,14.835,137
1990-09-14,15.426,137
1990-09-15,15.328,137
1990-09-16,14.364,137
1990-09-17,13.559,137
1990-09-18,13.418,137
1990-09-19,13.83,137
1990-09-20,14.193,137
1990-09-21,14.668,137
1990-09-22,15.235,137
1990-09-23,15.91,137
1990-09-24,16.655,137
1990-09-25,17.109,137
1990-09-26,16.568,137
1990-09-27,16.05,137
1990-09-28,15.253,137
1990-09-29,14.27,137
1990-09-30,13.902,137
1990-10-01,13.618,137
1990-10-02,13.003,137
1990-10-03,12.702,137
1990-10-04,12.479,137
1990-10-05,12.725,137
1990-10-06,12.731,137
1990-10-07,12.681,137
1990-10-08,12.953,137
1990-10-09,13.15,137
1990-10-10,13.226,137
1990-10-11,13.235,137
1990-10-12,13.174,137
1990-10-13,12.845,137
1990-10-14,12.618,137
1990-10-15,12.525,137
1990-10-16,12.392,137
1990-10-17,12.273,137
1990-10-18,12.386,137
1990-10-19,12.526,137
1990-10-20,12.491,137
1990-10-21,12.453,137
1990-10-22,12.444,137
1990-10-23,12.785,137
1990-10-24,12.799,137
1990-10-25,12.762,137
1990-10-26,12.851,137
1990-10-27,13.044,137
1990-10-28,13.117,137
1990-10-29,13.137,137
1990-10-30,13.092,137
1990-10-31,12.976,137
1990-11-01,12.698,137
1990-11-02,12.305,137
1990-11-03,12.139,137
1990-11-04,12.036,137
1990-11-05,11.845,137
1990-11-06,11.602,137
1990-11-07,11.437,137
1990-11-08,11.265,137
1990-11-09,11.573,137
1990-11-10,12.19,137
1990-11-11,11.865,137
1990-11-12,11.756,137
1990-11-13,11.859,137
1990-11-14,12.49,137
1990-11-15,12.525,137
1990-11-16,12.593,137
1990-11-17,12.67,137
1990-11-18,12.701,137
1990-11-19,12.762,137
1990-11-20,12.59,137
1990-11-21,12.424,137
1990-11-22,12.455,137
1990-11-23,12.436,137
1990-11-24,12.345,137
1990-11-25,12.191,137
1990-11-26,12,137
1990-11-27,11.924,137
1990-11-28,11.865,137
1990-11-29,11.918,137
1990-11-30,11.8,137
1990-12-01,11.588,137
1990-12-02,11.414,137
1990-12-03,11.305,137
1990-12-04,11.904,137
1990-12-05,11.947,137
1990-12-06,11.907,137
1990-12-07,11.87,137
1990-12-08,11.797,137
1990-12-09,11.728,137
1990-12-10,11.9,137
1990-12-11,12.065,137
1990-12-12,11.921,137
1990-12-13,11.707,137
1990-12-14,11.573,137
1990-12-15,11.576,137
1990-12-16,11.622,137
1990-12-17,11.48,137
1990-12-18,11.403,137
1990-12-19,11.297,137
1990-12-20,11.154,137
1990-12-21,10.636,137
1990-12-22,10.531,137
1990-12-23,10.462,137
1990-12-24,10.402,137
1990-12-25,10.454,137
1990-12-26,10.467,137
1990-12-27,10.401,137
1990-12-28,10.323,137
1990-12-29,10.185,137
1990-12-30,10.117,137
1990-12-31,10.133,137
1991-01-01,10.161,137
1991-01-02,10.139,137
1991-01-03,10.272,137
1991-01-04,10.285,137
1991-01-05,10.273,137
1991-01-06,10.282,137
1991-01-07,10.446,137
1991-01-08,10.53,137
1991-01-09,10.732,137
1991-01-10,10.839,137
1991-01-11,10.95,137
1991-01-12,11.04,137
1991-01-13,10.61,137
1991-01-14,10.739,137
1991-01-15,10.832,137
1991-01-16,10.993,137
1991-01-17,11.12,137
1991-01-18,11.129,137
1991-01-19,11.073,137
1991-01-20,11.098,137
1991-01-21,11.143,137
1991-01-22,11.174,137
1991-01-23,11.06,137
1991-01-24,10.909,137
1991-01-25,10.855,137
1991-01-26,10.668,137
1991-01-27,10.528,137
1991-01-28,10.708,137
1991-01-29,10.807,137
1991-01-30,10.869,137
1991-01-31,10.973,137
1991-02-01,10.838,137
1991-02-02,10.832,137
1991-02-03,10.907,137
1991-02-04,11.817,137
1991-02-05,11.868,137
1991-02-06,11.825,137
1991-02-07,11.695,137
1991-02-08,11.585,137
1991-02-09,11.595,137
1991-02-10,11.884,137
1991-02-11,11.906,137
1991-02-12,11.896,137
1991-02-13,11.821,137
1991-02-14,11.782,137
1991-02-15,12.035,137
1991-02-16,11.885,137
1991-02-17,11.311,137
1991-02-18,10.912,137
1991-02-19,11.132,137
1991-02-20,11.289,137
1991-02-21,11.07,137
1991-02-22,11.029,137
1991-02-23,11.268,137
1991-02-24,11.469,137
1991-02-25,11.589,137
1991-02-26,11.524,137
1991-02-27,11.473,137
1991-02-28,11.823,137
1991-03-01,11.839,137
1991-03-02,12.24,137
1991-03-03,12.342,137
1991-03-04,12.283,137
1991-03-05,11.95,137
1991-03-06,11.85,137
1991-03-07,11.771,137
1991-03-08,11.739,137
1991-03-09,11.722,137
1991-03-10,11.388,137
1991-03-11,11.28,137
1991-03-12,11.437,137
1991-03-13,11.606,137
1991-03-14,11.471,137
1991-03-15,11.142,137
1991-03-16,11.009,137
1991-03-17,10.911,137
1991-03-18,11.121,137
1991-03-19,11.286,137
1991-03-20,11.171,137
1991-03-21,11.099,137
1991-03-22,11.071,137
1991-03-23,11.175,137
1991-03-24,11.21,137
1991-03-25,11.145,137
1991-03-26,10.883,137
1991-03-27,10.982,137
1991-03-28,11.262,137
1991-03-29,11.446,137
1991-03-30,11.526,137
1991-03-31,11.444,137
1991-04-01,11.523,137
1991-04-02,11.538,137
1991-04-03,11.526,137
1991-04-04,11.524,137
1991-04-05,11.503,137
1991-04-06,11.331,137
1991-04-07,11.087,137
1991-04-08,10.873,137
1991-04-09,10.696,137
1991-04-10,10.467,137
1991-04-11,10.466,137
1991-04-12,10.304,137
1991-04-13,10.039,137
1991-04-14,10.078,137
1991-04-15,10.396,137
1991-04-16,10.448,137
1991-04-17,10.524,137
1991-04-18,10.802,137
1991-04-19,11.072,137
1991-04-20,10.879,137
1991-04-21,10.786,137
1991-04-22,10.635,137
1991-04-23,10.62,137
1991-04-24,10.645,137
1991-04-25,10.657,137
1991-04-26,10.499,137
1991-04-27,10.217,137
1991-04-28,9.91,137
1991-04-29,9.856,137
1991-04-30,9.867,137
1991-05-01,9.898,137
1991-05-02,10.031,137
1991-05-03,10.343,137
1991-05-04,10.646,137
1991-05-05,10.632,137
1991-05-06,10.489,137
1991-05-07,10.857,137
1991-05-08,10.496,137
1991-05-09,9.971,137
1991-05-10,9.628,137
1991-05-11,9.49,137
1991-05-12,9.734,137
1991-05-13,10.161,137
1991-05-14,10.08,137
1991-05-15,9.949,137
1991-05-16,9.834,137
1991-05-17,9.833,137
1991-05-18,9.545,137
1991-05-19,9.372,137
1991-05-20,9.407,137
1991-05-21,9.423,137
1991-05-22,9.5,137
1991-05-23,9.497,137
1991-05-24,9.303,137
1991-05-25,8.964,137
1991-05-26,8.892,137
1991-05-27,8.862,137
1991-05-28,8.873,137
1991-05-29,9.177,137
1991-05-30,9.129,137
1991-05-31,9.069,137
1991-06-01,9.109,137
1991-06-02,9.308,137
1991-06-03,9.362,137
1991-06-04,9.798,137
1991-06-05,10.133,137
1991-06-06,10.359,137
1991-06-07,10.085,137
1991-06-08,10.047,137
1991-06-09,10.03,137
1991-06-10,9.708,137
1991-06-11,10.062,137
1991-06-12,9.964,137
1991-06-13,9.781,137
1991-06-14,9.609,137
1991-06-15,9.633,137
1991-06-16,9.715,137
1991-06-17,9.788,137
1991-06-18,10.008,137
1991-06-19,10.134,137
1991-06-20,9.96,137
1991-06-21,9.827,137
1991-06-22,9.705,137
1991-06-23,9.893,137
1991-06-24,10.829,137
1991-06-25,10.903,137
1991-06-26,10.939,137
1991-06-27,10.976,137
1991-06-28,12.633,137
1991-06-29,12.426,137
1991-06-30,12.098,137
1991-07-01,11.618,137
1991-07-02,11.244,137
1991-07-03,11.352,137
1991-07-04,11.562,137
1991-07-05,11.63,137
1991-07-06,11.65,137
1991-07-07,11.817,137
1991-07-08,11.862,137
1991-07-09,11.957,137
1991-07-10,11.806,137
1991-07-11,11.569,137
1991-07-12,11.261,137
1991-07-13,11.401,137
1991-07-14,11.612,137
1991-07-15,11.718,137
1991-07-16,11.96,137
1991-07-17,11.885,137
1991-07-18,11.928,137
1991-07-19,12.175,137
1991-07-20,12.332,137
1991-07-21,12.493,137
1991-07-22,12.582,137
1991-07-23,12.693,137
1991-07-24,12.416,137
1991-07-25,12.068,137
1991-07-26,11.959,137
1991-07-27,11.978,137
1991-07-28,12.117,137
1991-07-29,12.251,137
1991-07-30,12.518,137
1991-07-31,13.158,137
1991-08-01,13.153,137
1991-08-02,13.109,137
1991-08-03,12.926,137
1991-08-04,13.011,137
1991-08-05,12.929,137
1991-08-06,12.982,137
1991-08-07,14.012,137
1991-08-08,13.836,137
1991-08-09,13.498,137
1991-08-10,13.117,137
1991-08-11,12.619,137
1991-08-12,12.785,137
1991-08-13,13.705,137
1991-08-14,13.697,137
1991-08-15,13.713,137
1991-08-16,13.691,137
1991-08-17,13.747,137
1991-08-18,13.698,137
1991-08-19,13.693,137
1991-08-20,13.72,137
1991-08-21,14.042,137
1991-08-22,13.875,137
1991-08-23,13.777,137
1991-08-24,13.647,137
1991-08-25,13.563,137
1991-08-26,13.589,137
1991-08-27,14.658,137
1991-08-28,15.778,137
1991-08-29,16.166,137
1991-08-30,16.155,137
1991-08-31,14.294,137
1991-09-01,14.188,137
1991-09-02,14.101,137
1991-09-03,13.965,137
1991-09-04,13.749,137
1991-09-05,13.726,137
1991-09-06,13.728,137
1991-09-07,13.372,137
1991-09-08,13.123,137
1991-09-09,12.94,137
1991-09-10,12.683,137
1991-09-11,12.8,137
1991-09-12,12.89,137
1991-09-13,12.668,137
1991-09-14,12.747,137
1991-09-15,12.828,137
1991-09-16,12.875,137
1991-09-17,12.963,137
1991-09-18,12.946,137
1991-09-19,13.275,137
1991-09-20,13.25,137
1991-09-21,13.279,137
1991-09-22,13.448,137
1991-09-23,13.724,137
1991-09-24,13.858,137
1991-09-25,13.932,137
1991-09-26,14.111,137
1991-09-27,14.098,137
1991-09-28,14.068,137
1991-09-29,13.899,137
1991-09-30,14.091,137
1991-10-01,14.012,137
1991-10-02,13.912,137
1991-10-03,14.007,137
1991-10-04,14.077,137
1991-10-05,14.23,137
1991-10-06,14.235,137
1991-10-07,14.065,137
1991-10-08,14.068,137
1991-10-09,13.928,137
1991-10-10,13.71,137
1991-10-11,13.722,137
1991-10-12,14.064,137
1991-10-13,14.118,137
1991-10-14,14.482,137
1991-10-15,14.418,137
1991-10-16,14.336,137
1991-10-17,14.287,137
1991-10-18,14.688,137
1991-10-19,14.67,137
1991-10-20,14.662,137
1991-10-21,14.678,137
1991-10-22,14.476,137
1991-10-23,14.079,137
1991-10-24,13.938,137
1991-10-25,13.769,137
1991-10-26,13.663,137
1991-10-27,13.316,137
1991-10-28,12.958,137
1991-10-29,12.577,137
1991-10-30,12.506,137
1991-10-31,12.816,137
1991-11-01,13.072,137
1991-11-02,12.99,137
1991-11-03,12.849,137
1991-11-04,12.76,137
1991-11-05,12.891,137
1991-11-06,12.625,137
1991-11-07,12.289,137
1991-11-08,12.514,137
1991-11-09,12.745,137
1991-11-10,12.606,137
1991-11-11,12.453,137
1991-11-12,12.403,137
1991-11-13,12.038,137
1991-11-14,11.932,137
1991-11-15,11.828,137
1991-11-16,11.912,137
1991-11-17,12.05,137
1991-11-18,12.073,137
1991-11-19,11.96,137
1991-11-20,11.781,137
1991-11-21,11.736,137
1991-11-22,11.705,137
1991-11-23,11.715,137
1991-11-24,11.788,137
1991-11-25,11.919,137
1991-11-26,12.143,137
1991-11-27,12.008,137
1991-11-28,11.679,137
1991-11-29,11.394,137
1991-11-30,11.174,137
1991-12-01,11.017,137
1991-12-02,10.914,137
1991-12-03,10.903,137
1991-12-04,10.926,137
1991-12-05,10.966,137
1991-12-06,11.125,137
1991-12-07,10.982,137
1991-12-08,10.934,137
1991-12-09,11.01,137
1991-12-10,11.223,137
1991-12-11,11.102,137
1991-12-12,10.985,137
1991-12-13,10.931,137
1991-12-14,10.961,137
1991-12-15,10.944,137
1991-12-16,10.956,137
1991-12-17,11.219,137
1991-12-18,11.734,137
1991-12-19,11.712,137
1991-12-20,11.704,137
1991-12-21,11.693,137
1991-12-22,12.24,137
1991-12-23,12.286,137
1991-12-24,12.277,137
1991-12-25,12.189,137
1991-12-26,12.174,137
1991-12-27,12.166,137
1991-12-28,12.164,137
1991-12-29,12.014,137
1991-12-30,12.037,137
1991-12-31,12.124,137
1992-01-01,12.354,137
1992-01-02,12.386,137
1992-01-03,12.366,137
1992-01-04,12.383,137
1992-01-05,12.199,137
1992-01-06,12.262,137
1992-01-07,12.433,137
1992-01-08,12.408,137
1992-01-09,12.345,137
1992-01-10,12.363,137
1992-01-11,12.26,137
1992-01-12,12.205,137
1992-01-13,12.183,137
1992-01-14,12.063,137
1992-01-15,11.826,137
1992-01-16,11.978,137
1992-01-17,12.827,137
1992-01-18,12.757,137
1992-01-19,12.645,137
1992-01-20,12.483,137
1992-01-21,12.332,137
1992-01-22,12.34,137
1992-01-23,12.301,137
1992-01-24,12.214,137
1992-01-25,12.538,137
1992-01-26,12.672,137
1992-01-27,12.639,137
1992-01-28,12.499,137
1992-01-29,12.503,137
1992-01-30,12.333,137
1992-01-31,12.871,137
1992-02-01,12.821,137
1992-02-02,12.853,137
1992-02-03,12.936,137
1992-02-04,13.096,137
1992-02-05,13.175,137
1992-02-06,13.231,137
1992-02-07,13.183,137
1992-02-08,13.218,137
1992-02-09,13.146,137
1992-02-10,13.268,137
1992-02-11,13.149,137
1992-02-12,13.074,137
1992-02-13,13.007,137
1992-02-14,12.917,137
1992-02-15,12.804,137
1992-02-16,12.785,137
1992-02-17,12.779,137
1992-02-18,12.795,137
1992-02-19,12.889,137
1992-02-20,12.852,137
1992-02-21,13.079,137
1992-02-22,13.183,137
1992-02-23,13.179,137
1992-02-24,13.195,137
1992-02-25,13.309,137
1992-02-26,13.431,137
1992-02-27,13.505,137
1992-02-28,13.585,137
1992-02-29,13.547,137
1992-03-01,13.299,137
1992-03-02,13.327,137
1992-03-03,13.431,137
1992-03-04,13.449,137
1992-03-05,13.458,137
1992-03-06,13.577,137
1992-03-07,13.458,137
1992-03-08,13.534,137
1992-03-09,13.542,137
1992-03-10,13.524,137
1992-03-11,13.383,137
1992-03-12,13.381,137
1992-03-13,13.338,137
1992-03-14,13.411,137
1992-03-15,13.532,137
1992-03-16,13.501,137
1992-03-17,13.449,137
1992-03-18,13.351,137
1992-03-19,13.329,137
1992-03-20,13.189,137
1992-03-21,13.129,137
1992-03-22,13.341,137
1992-03-23,13.343,137
1992-03-24,13.325,137
1992-03-25,14.205,137
1992-03-26,14.344,137
1992-03-27,14.304,137
1992-03-28,14.259,137
1992-03-29,13.575,137
1992-03-30,14.169,137
1992-03-31,14.11,137
1992-04-01,14.108,137
1992-04-02,14.106,137
1992-04-03,13.834,137
1992-04-04,13.692,137
1992-04-05,13.492,137
1992-04-06,13.142,137
1992-04-07,13.142,137
1992-04-08,13.226,137
1992-04-09,13.449,137
1992-04-10,13.271,137
1992-04-11,14.076,137
1992-04-12,14.279,137
1992-04-13,14.211,137
1992-04-14,14.167,137
1992-04-15,14.133,137
1992-04-16,14.909,137
1992-04-17,14.371,137
1992-04-18,14.248,137
1992-04-19,14.142,137
1992-04-20,13.142,137
1992-04-21,13.1,137
1992-04-22,13.144,137
1992-04-23,13.066,137
1992-04-24,12.928,137
1992-04-25,14.267,137
1992-04-26,14.402,137
1992-04-27,14.297,137
1992-04-28,13.824,137
1992-04-29,13.512,137
1992-04-30,13.689,137
1992-05-01,13.746,137
1992-05-02,13.77,137
1992-05-03,13.757,137
1992-05-04,13.524,137
1992-05-05,13.361,137
1992-05-06,13.152,137
1992-05-07,12.863,137
1992-05-08,13.035,137
1992-05-09,12.787,137
1992-05-10,12.726,137
1992-05-11,12.722,137
1992-05-12,13.07,137
1992-05-13,12.956,137
1992-05-14,12.876,137
1992-05-15,13.559,137
1992-05-16,13.674,137
1992-05-17,13.709,137
1992-05-18,13.79,137
1992-05-19,14.147,137
1992-05-20,13.434,137
1992-05-21,13.085,137
1992-05-22,12.805,137
1992-05-23,12.504,137
1992-05-24,13.109,137
1992-05-25,13.1,137
1992-05-26,12.845,137
1992-05-27,12.382,137
1992-05-28,12.092,137
1992-05-29,11.791,137
1992-05-30,11.752,137
1992-05-31,12.168,137
1992-06-01,12.309,137
1992-06-02,12.243,137
1992-06-03,12.409,137
1992-06-04,12.45,137
1992-06-05,12.492,137
1992-06-06,12.644,137
1992-06-07,12.723,137
1992-06-08,12.626,137
1992-06-09,12.473,137
1992-06-10,12.744,137
1992-06-11,13.307,137
1992-06-12,13.508,137
1992-06-13,13.42,137
1992-06-14,13.036,137
1992-06-15,12.447,137
1992-06-16,12.176,137
1992-06-17,12.063,137
1992-06-18,11.987,137
1992-06-19,11.618,137
1992-06-20,11.524,137
1992-06-21,11.487,137
1992-06-22,11.564,137
1992-06-23,11.811,137
1992-06-24,12,137
1992-06-25,12.212,137
1992-06-26,12.408,137
1992-06-27,14.368,137
1992-06-28,14.825,137
1992-06-29,15.042,137
1992-06-30,14.649,137
1992-07-01,14.385,137
1992-07-02,14.22,137
1992-07-03,14.166,137
1992-07-04,15.448,137
1992-07-05,15.27,137
1992-07-06,15.123,137
1992-07-07,14.781,137
1992-07-08,14.272,137
1992-07-09,14.352,137
1992-07-10,14.408,137
1992-07-11,14.54,137
1992-07-12,14.489,137
1992-07-13,14.527,137
1992-07-14,14.426,137
1992-07-15,13.597,137
1992-07-16,13.121,137
1992-07-17,13.143,137
1992-07-18,13.302,137
1992-07-19,15.367,137
1992-07-20,15.543,137
1992-07-21,15.131,137
1992-07-22,14.327,137
1992-07-23,13.108,137
1992-07-24,12.663,137
1992-07-25,12.503,137
1992-07-26,12.673,137
1992-07-27,11.759,137
1992-07-28,11.65,137
1992-07-29,11.644,137
1992-07-30,11.868,137
1992-07-31,13.859,137
1992-08-01,13.895,137
1992-08-02,13.602,137
1992-08-03,13.059,137
1992-08-04,12.827,137
1992-08-05,12.789,137
1992-08-06,13.224,137
1992-08-07,13.187,137
1992-08-08,12.951,137
1992-08-09,12.585,137
1992-08-10,12.306,137
1992-08-11,12.357,137
1992-08-12,13.338,137
1992-08-13,13.275,137
1992-08-14,13.458,137
1992-08-15,13.872,137
1992-08-16,13.798,137
1992-08-17,13.701,137
1992-08-18,13.596,137
1992-08-19,13.502,137
1992-08-20,13.473,137
1992-08-21,13.251,137
1992-08-22,12.937,137
1992-08-23,12.865,137
1992-08-24,12.919,137
1992-08-25,13.501,137
1992-08-26,13.776,137
1992-08-27,13.804,137
1992-08-28,13.725,137
1992-08-29,14.168,137
1992-08-30,14.968,137
1992-08-31,15.184,137
1992-09-01,15.152,137
1992-09-02,15.18,137
1992-09-03,14.776,137
1992-09-04,14.236,137
1992-09-05,13.909,137
1992-09-06,13.656,137
1992-09-07,13.502,137
1992-09-08,13.342,137
1992-09-09,13.863,137
1992-09-10,14.772,137
1992-09-11,14.382,137
1992-09-12,14.077,137
1992-09-13,14.037,137
1992-09-14,14.043,137
1992-09-15,13.971,137
1992-09-16,13.917,137
1992-09-17,13.958,137
1992-09-18,15.238,137
1992-09-19,15.455,137
1992-09-20,15.502,137
1992-09-21,15.784,137
1992-09-22,15.322,137
1992-09-23,15.486,137
1992-09-24,15.054,137
1992-09-25,14.641,137
1992-09-26,14.449,137
1992-09-27,14.349,137
1992-09-28,14.186,137
1992-09-29,14.586,137
1992-09-30,14.597,137
1992-10-01,15.442,137
1992-10-02,16.452,137
1992-10-03,16.313,137
1992-10-04,16.085,137
1992-10-05,15.831,137
1992-10-06,15.759,137
1992-10-07,15.915,137
1992-10-08,15.75,137
1992-10-09,15.648,137
1992-10-10,15.774,137
1992-10-11,16.223,137
1992-10-12,15.594,137
1992-10-13,14.938,137
1992-10-14,14.682,137
1992-10-15,14.489,137
1992-10-16,14.5,137
1992-10-17,14.851,137
1992-10-18,15.054,137
1992-10-19,15.36,137
1992-10-20,15.958,137
1992-10-21,15.944,137
1992-10-22,15.806,137
1992-10-23,15.535,137
1992-10-24,14.916,137
1992-10-25,14.969,137
1992-10-26,15.463,137
1992-10-27,15.516,137
1992-10-28,15.452,137
1992-10-29,15.392,137
1992-10-30,15.36,137
1992-10-31,15.595,137
1992-11-01,16.527,137
1992-11-02,16.168,137
1992-11-03,15.891,137
1992-11-04,15.679,137
1992-11-05,15.406,137
1992-11-06,15.414,137
1992-11-07,15.376,137
1992-11-08,13.747,137
1992-11-09,13.543,137
1992-11-10,13.536,137
1992-11-11,13.654,137
1992-11-12,13.917,137
1992-11-13,14.058,137
1992-11-14,13.98,137
1992-11-15,13.994,137
1992-11-16,14.187,137
1992-11-17,13.961,137
1992-11-18,13.902,137
1992-11-19,13.849,137
1992-11-20,13.792,137
1992-11-21,13.742,137
1992-11-22,13.36,137
1992-11-23,13.157,137
1992-11-24,12.82,137
1992-11-25,12.759,137
1992-11-26,13.779,137
1992-11-27,13.717,137
1992-11-28,13.451,137
1992-11-29,13.384,137
1992-11-30,13.429,137
1992-12-01,13.473,137
1992-12-02,13.204,137
1992-12-03,13.13,137
1992-12-04,13.157,137
1992-12-05,13.225,137
1992-12-06,13.189,137
1992-12-07,13.274,137
1992-12-08,13.281,137
1992-12-09,13.273,137
1992-12-10,13.311,137
1992-12-11,13.328,137
1992-12-12,13.339,137
1992-12-13,13.222,137
1992-12-14,13.147,137
1992-12-15,13.105,137
1992-12-16,13.047,137
1992-12-17,12.414,137
1992-12-18,12.376,137
1992-12-19,12.361,137
1992-12-20,12.41,137
1992-12-21,12.568,137
1992-12-22,12.529,137
1992-12-23,12.492,137
1992-12-24,12.479,137
1992-12-25,12.511,137
1992-12-26,12.508,137
1992-12-27,12.441,137
1992-12-28,12.361,137
1992-12-29,12.352,137
1992-12-30,12.386,137
1992-12-31,12.363,137
1993-01-01,12.249,137
1993-01-02,12.247,137
1993-01-03,12.232,137
1993-01-04,12.184,137
1993-01-05,12.191,137
1993-01-06,12.207,137
1993-01-07,12.193,137
1993-01-08,12.199,137
1993-01-09,12.196,137
1993-01-10,12.206,137
1993-01-11,12.174,137
1993-01-12,12.133,137
1993-01-13,12.065,137
1993-01-14,12.074,137
1993-01-15,12.238,137
1993-01-16,12.277,137
1993-01-17,12.325,137
1993-01-18,12.422,137
1993-01-19,12.443,137
1993-01-20,12.434,137
1993-01-21,12.264,137
1993-01-22,12.273,137
1993-01-23,12.411,137
1993-01-24,12.459,137
1993-01-25,12.46,137
1993-01-26,12.506,137
1993-01-27,12.519,137
1993-01-28,12.483,137
1993-01-29,12.425,137
1993-01-30,12.435,137
1993-01-31,12.446,137
1993-02-01,12.476,137
1993-02-02,12.504,137
1993-02-03,12.585,137
1993-02-04,12.369,137
1993-02-05,12.343,137
1993-02-06,12.382,137
1993-02-07,12.344,137
1993-02-08,12.663,137
1993-02-09,12.67,137
1993-02-10,12.644,137
1993-02-11,12.683,137
1993-02-12,12.678,137
1993-02-13,12.535,137
1993-02-14,12.488,137
1993-02-15,12.456,137
1993-02-16,12.52,137
1993-02-17,12.501,137
1993-02-18,12.476,137
1993-02-19,12.472,137
1993-02-20,12.638,137
1993-02-21,12.718,137
1993-02-22,12.622,137
1993-02-23,12.567,137
1993-02-24,12.505,137
1993-02-25,12.359,137
1993-02-26,12.363,137
1993-02-27,12.335,137
1993-02-28,12.258,137
1993-03-01,12.309,137
1993-03-02,12.537,137
1993-03-03,12.666,137
1993-03-04,12.771,137
1993-03-05,12.916,137
1993-03-06,12.841,137
1993-03-07,12.897,137
1993-03-08,12.863,137
1993-03-09,12.796,137
1993-03-10,12.652,137
1993-03-11,12.566,137
1993-03-12,12.537,137
1993-03-13,11.429,137
1993-03-14,11.296,137
1993-03-15,11.272,137
1993-03-16,11.696,137
1993-03-17,12.423,137
1993-03-18,12.652,137
1993-03-19,13.149,137
1993-03-20,13.133,137
1993-03-21,13.04,137
1993-03-22,12.972,137
1993-03-23,13.103,137
1993-03-24,12.98,137
1993-03-25,13.009,137
1993-03-26,12.956,137
1993-03-27,12.56,137
1993-03-28,12.353,137
1993-03-29,12.269,137
1993-03-30,12.25,137
1993-03-31,12.756,137
1993-04-01,12.727,137
1993-04-02,12.736,137
1993-04-03,12.718,137
1993-04-04,12.772,137
1993-04-05,12.753,137
1993-04-06,12.981,137
1993-04-07,13.063,137
1993-04-08,13.089,137
1993-04-09,13.308,137
1993-04-10,12.706,137
1993-04-11,12.557,137
1993-04-12,12.596,137
1993-04-13,12.657,137
1993-04-14,12.659,137
1993-04-15,12.642,137
1993-04-16,12.956,137
1993-04-17,13.133,137
1993-04-18,13.121,137
1993-04-19,13.132,137
1993-04-20,13.242,137
1993-04-21,13.184,137
1993-04-22,13.182,137
1993-04-23,13.16,137
1993-04-24,13.171,137
1993-04-25,12.977,137
1993-04-26,12.59,137
1993-04-27,12.309,137
1993-04-28,12.103,137
1993-04-29,11.547,137
1993-04-30,10.918,137
1993-05-01,10.866,137
1993-05-02,11.077,137
1993-05-03,11.122,137
1993-05-04,11.047,137
1993-05-05,11.661,137
1993-05-06,11.669,137
1993-05-07,11.477,137
1993-05-08,11.189,137
1993-05-09,11.31,137
1993-05-10,11.306,137
1993-05-11,11.397,137
1993-05-12,11.507,137
1993-05-13,11.826,137
1993-05-14,12.296,137
1993-05-15,12.604,137
1993-05-16,12.669,137
1993-05-17,12.69,137
1993-05-18,12.952,137
1993-05-19,13.609,137
1993-05-20,14.231,137
1993-05-21,14.429,137
1993-05-22,14.383,137
1993-05-23,14.32,137
1993-05-24,14.275,137
1993-05-25,14.243,137
1993-05-26,14.399,137
1993-05-27,14.558,137
1993-05-28,14.659,137
1993-05-29,14.939,137
1993-05-30,15.012,137
1993-05-31,15.939,137
1993-06-01,15.812,137
1993-06-02,15.792,137
1993-06-03,15.588,137
1993-06-04,15.38,137
1993-06-05,15.148,137
1993-06-06,15.183,137
1993-06-07,15.068,137
1993-06-08,14.905,137
1993-06-09,14.271,137
1993-06-10,13.994,137
1993-06-11,13.719,137
1993-06-12,13.072,137
1993-06-13,12.868,137
1993-06-14,12.644,137
1993-06-15,12.542,137
1993-06-16,12.102,137
1993-06-17,11.652,137
1993-06-18,11.69,137
1993-06-19,11.714,137
1993-06-20,11.573,137
1993-06-21,11.439,137
1993-06-22,10.977,137
1993-06-23,10.857,137
1993-06-24,10.773,137
1993-06-25,10.919,137
1993-06-26,11.064,137
1993-06-27,10.691,137
1993-06-28,10.181,137
1993-06-29,10.191,137
1993-06-30,10.213,137
1993-07-01,10.183,137
1993-07-02,10.214,137
1993-07-03,10.036,137
1993-07-04,10.013,137
1993-07-05,10.066,137
1993-07-06,11.142,137
1993-07-07,11.471,137
1993-07-08,11.607,137
1993-07-09,11.921,137
1993-07-10,12.067,137
1993-07-11,11.972,137
1993-07-12,11.733,137
1993-07-13,11.573,137
1993-07-14,11.126,137
1993-07-15,10.937,137
1993-07-16,10.854,137
1993-07-17,10.781,137
1993-07-18,10.78,137
1993-07-19,11.033,137
1993-07-20,11.121,137
1993-07-21,11.12,137
1993-07-22,12.464,137
1993-07-23,12.184,137
1993-07-24,11.793,137
1993-07-25,11.316,137
1993-07-26,11.654,137
1993-07-27,11.887,137
1993-07-28,11.998,137
1993-07-29,11.998,137
1993-07-30,12.318,137
1993-07-31,12.56,137
1993-08-01,12.659,137
1993-08-02,12.868,137
1993-08-03,12.962,137
1993-08-04,12.995,137
1993-08-05,13.049,137
1993-08-06,13.077,137
1993-08-07,13.397,137
1993-08-08,13.488,137
1993-08-09,13.752,137
1993-08-10,14.155,137
1993-08-11,14.286,137
1993-08-12,13.897,137
1993-08-13,13.357,137
1993-08-14,13.382,137
1993-08-15,13.382,137
1993-08-16,13.439,137
1993-08-17,13.474,137
1993-08-18,13.631,137
1993-08-19,13.707,137
1993-08-20,13.54,137
1993-08-21,13.188,137
1993-08-22,13.098,137
1993-08-23,12.576,137
1993-08-24,12.248,137
1993-08-25,12.08,137
1993-08-26,12.048,137
1993-08-27,12.201,137
1993-08-28,12.359,137
1993-08-29,12.736,137
1993-08-30,12.708,137
1993-08-31,14.389,137
1993-09-01,14.525,137
1993-09-02,14.536,137
1993-09-03,14.618,137
1993-09-04,13.806,137
1993-09-05,13.98,137
1993-09-06,13.961,137
1993-09-07,13.544,137
1993-09-08,12.383,137
1993-09-09,12.044,137
1993-09-10,13.441,137
1993-09-11,13.117,137
1993-09-12,12.712,137
1993-09-13,12.589,137
1993-09-14,12.504,137
1993-09-15,12.543,137
1993-09-16,12.794,137
1993-09-17,12.851,137
1993-09-18,12.871,137
1993-09-19,13.075,137
1993-09-20,13.339,137
1993-09-21,13.523,137
1993-09-22,13.656,137
1993-09-23,13.789,137
1993-09-24,13.793,137
1993-09-25,14.07,137
1993-09-26,14.29,137
1993-09-27,14.188,137
1993-09-28,13.67,137
1993-09-29,13.581,137
1993-09-30,13.577,137
1993-10-01,13.641,137
1993-10-02,13.529,137
1993-10-03,13.357,137
1993-10-04,13.391,137
1993-10-05,13.575,137
1993-10-06,12.742,137
1993-10-07,12.402,137
1993-10-08,12.331,137
1993-10-09,12.994,137
1993-10-10,13.136,137
1993-10-11,13.413,137
1993-10-12,13.624,137
1993-10-13,13.657,137
1993-10-14,13.614,137
1993-10-15,14.961,137
1993-10-16,14.657,137
1993-10-17,14.319,137
1993-10-18,14.009,137
1993-10-19,14.002,137
1993-10-20,13.97,137
1993-10-21,14.137,137
1993-10-22,14.264,137
1993-10-23,14.34,137
1993-10-24,14.44,137
1993-10-25,14.465,137
1993-10-26,14.427,137
1993-10-27,14.417,137
1993-10-28,14.797,137
1993-10-29,15.445,137
1993-10-30,15.428,137
1993-10-31,15.503,137
1993-11-01,15.47,137
1993-11-02,15.314,137
1993-11-03,15.003,137
1993-11-04,14.853,137
1993-11-05,14.725,137
1993-11-06,14.667,137
1993-11-07,14.706,137
1993-11-08,14.842,137
1993-11-09,14.701,137
1993-11-10,14.206,137
1993-11-11,14.309,137
1993-11-12,14.117,137
1993-11-13,14.012,137
1993-11-14,13.927,137
1993-11-15,13.745,137
1993-11-16,13.652,137
1993-11-17,13.589,137
1993-11-18,13.713,137
1993-11-19,13.694,137
1993-11-20,13.586,137
1993-11-21,13.37,137
1993-11-22,13.482,137
1993-11-23,13.51,137
1993-11-24,13.437,137
1993-11-25,13.471,137
1993-11-26,13.444,137
1993-11-27,13.471,137
1993-11-28,13.381,137
1993-11-29,13.36,137
1993-11-30,13.38,137
1993-12-01,13.305,137
1993-12-02,13.287,137
1993-12-03,13.339,137
1993-12-04,13.577,137
1993-12-05,13.553,137
1993-12-06,13.529,137
1993-12-07,13.346,137
1993-12-08,13.219,137
1993-12-09,13.176,137
1993-12-10,13.014,137
1993-12-11,13.104,137
1993-12-12,13.141,137
1993-12-13,13.292,137
1993-12-14,12.771,137
1993-12-15,12.874,137
1993-12-16,12.923,137
1993-12-17,13.045,137
1993-12-18,13.016,137
1993-12-19,12.966,137
1993-12-20,12.889,137
1993-12-21,12.874,137
1993-12-22,12.952,137
1993-12-23,13.119,137
1993-12-24,13.105,137
1993-12-25,13.176,137
1993-12-26,12.845,137
1993-12-27,12.653,137
1993-12-28,12.685,137
1993-12-29,12.856,137
1993-12-30,12.906,137
1993-12-31,12.866,137
1994-01-01,12.725,137
1994-01-02,12.972,137
1994-01-03,13.094,137
1994-01-04,12.991,137
1994-01-05,12.64,137
1994-01-06,12.624,137
1994-01-07,12.627,137
1994-01-08,12.519,137
1994-01-09,12.491,137
1994-01-10,12.509,137
1994-01-11,12.478,137
1994-01-12,12.429,137
1994-01-13,12.462,137
1994-01-14,12.462,137
1994-01-15,12.818,137
1994-01-16,12.86,137
1994-01-17,12.882,137
1994-01-18,12.974,137
1994-01-19,13.052,137
1994-01-20,13.13,137
1994-01-21,12.732,137
1994-01-22,12.741,137
1994-01-23,12.698,137
1994-01-24,12.657,137
1994-01-25,12.664,137
1994-01-26,12.759,137
1994-01-27,12.775,137
1994-01-28,12.853,137
1994-01-29,12.722,137
1994-01-30,12.506,137
1994-01-31,12.109,137
1994-02-01,12.165,137
1994-02-02,12.174,137
1994-02-03,12.461,137
1994-02-04,12.521,137
1994-02-05,12.522,137
1994-02-06,12.518,137
1994-02-07,12.608,137
1994-02-08,12.567,137
1994-02-09,12.533,137
1994-02-10,12.53,137
1994-02-11,12.469,137
1994-02-12,12.35,137
1994-02-13,12.184,137
1994-02-14,12.231,137
1994-02-15,12.258,137
1994-02-16,12.316,137
1994-02-17,12.318,137
1994-02-18,12.286,137
1994-02-19,12.171,137
1994-02-20,12.11,137
1994-02-21,12.109,137
1994-02-22,12.225,137
1994-02-23,12.239,137
1994-02-24,12.219,137
1994-02-25,12.119,137
1994-02-26,12.168,137
1994-02-27,12.225,137
1994-02-28,12.027,137
1994-03-01,12.073,137
1994-03-02,12.081,137
1994-03-03,12.188,137
1994-03-04,12.362,137
1994-03-05,12.721,137
1994-03-06,12.719,137
1994-03-07,12.709,137
1994-03-08,12.676,137
1994-03-09,12.588,137
1994-03-10,12.753,137
1994-03-11,12.681,137
1994-03-12,12.605,137
1994-03-13,12.612,137
1994-03-14,12.606,137
1994-03-15,12.488,137
1994-03-16,12.645,137
1994-03-17,12.604,137
1994-03-18,12.521,137
1994-03-19,12.435,137
1994-03-20,12.376,137
1994-03-21,12.308,137
1994-03-22,12.182,137
1994-03-23,11.981,137
1994-03-24,11.97,137
1994-03-25,12.362,137
1994-03-26,12.362,137
1994-03-27,12.437,137
1994-03-28,12.405,137
1994-03-29,12.633,137
1994-03-30,12.717,137
1994-03-31,12.669,137
1994-04-01,12.532,137
1994-04-02,12.342,137
1994-04-03,11.821,137
1994-04-04,11.763,137
1994-04-05,11.684,137
1994-04-06,11.446,137
1994-04-07,11.153,137
1994-04-08,11.211,137
1994-04-09,11.707,137
1994-04-10,11.588,137
1994-04-11,11.407,137
1994-04-12,10.843,137
1994-04-13,10.516,137
1994-04-14,10.482,137
1994-04-15,10.517,137
1994-04-16,11.004,137
1994-04-17,11.509,137
1994-04-18,11.97,137
1994-04-19,12.095,137
1994-04-20,12.082,137
1994-04-21,11.962,137
1994-04-22,11.82,137
1994-04-23,11.271,137
1994-04-24,11.093,137
1994-04-25,10.948,137
1994-04-26,10.911,137
1994-04-27,10.728,137
1994-04-28,10.542,137
1994-04-29,10.648,137
1994-04-30,10.791,137
1994-05-01,10.727,137
1994-05-02,10.369,137
1994-05-03,10.362,137
1994-05-04,11.339,137
1994-05-05,11.559,137
1994-05-06,11.666,137
1994-05-07,11.968,137
1994-05-08,12.017,137
1994-05-09,12.097,137
1994-05-10,12.037,137
1994-05-11,11.934,137
1994-05-12,10.96,137
1994-05-13,10.617,137
1994-05-14,10.541,137
1994-05-15,10.555,137
1994-05-16,10.837,137
1994-05-17,11.061,137
1994-05-18,11.039,137
1994-05-19,11.074,137
1994-05-20,11.865,137
1994-05-21,11.996,137
1994-05-22,12.008,137
1994-05-23,12.137,137
1994-05-24,11.565,137
1994-05-25,11.026,137
1994-05-26,10.017,137
1994-05-27,9.832,137
1994-05-28,9.925,137
1994-05-29,10.193,137
1994-05-30,10.32,137
1994-05-31,10.653,137
1994-06-01,11.407,137
1994-06-02,10.945,137
1994-06-03,10.86,137
1994-06-04,10.994,137
1994-06-05,11.845,137
1994-06-06,11.851,137
1994-06-07,11.82,137
1994-06-08,11.746,137
1994-06-09,11.504,137
1994-06-10,11.266,137
1994-06-11,11.259,137
1994-06-12,11.131,137
1994-06-13,11.144,137
1994-06-14,11.035,137
1994-06-15,10.679,137
1994-06-16,10.421,137
1994-06-17,10.358,137
1994-06-18,10.176,137
1994-06-19,10.067,137
1994-06-20,10.218,137
1994-06-21,10.436,137
1994-06-22,10.824,137
1994-06-23,11.152,137
1994-06-24,11.057,137
1994-06-25,10.643,137
1994-06-26,10.128,137
1994-06-27,10.196,137
1994-06-28,10.154,137
1994-06-29,9.836,137
1994-06-30,10.111,137
1994-07-01,10.323,137
1994-07-02,10.253,137
1994-07-03,9.942,137
1994-07-04,9.843,137
1994-07-05,9.652,137
1994-07-06,9.302,137
1994-07-07,9.079,137
1994-07-08,8.682,137
1994-07-09,9.466,137
1994-07-10,10.632,137
1994-07-11,11.103,137
1994-07-12,10.88,137
1994-07-13,10.519,137
1994-07-14,10.388,137
1994-07-15,10.254,137
1994-07-16,9.473,137
1994-07-17,9.873,137
1994-07-18,10.201,137
1994-07-19,10.607,137
1994-07-20,10.859,137
1994-07-21,11.381,137
1994-07-22,11.532,137
1994-07-23,11.633,137
1994-07-24,12.082,137
1994-07-25,13.777,137
1994-07-26,14.014,137
1994-07-27,13.616,137
1994-07-28,12.08,137
1994-07-29,11.79,137
1994-07-30,11.506,137
1994-07-31,11.41,137
1994-08-01,11.562,137
1994-08-02,12.501,137
1994-08-03,12.532,137
1994-08-04,12.433,137
1994-08-05,11.643,137
1994-08-06,11.355,137
1994-08-07,11.471,137
1994-08-08,11.791,137
1994-08-09,11.879,137
1994-08-10,12.172,137
1994-08-11,12.412,137
1994-08-12,12.431,137
1994-08-13,12.412,137
1994-08-14,12.455,137
1994-08-15,12.2,137
1994-08-16,11.957,137
1994-08-17,11.856,137
1994-08-18,11.932,137
1994-08-19,11.88,137
1994-08-20,11.75,137
1994-08-21,11.666,137
1994-08-22,12.004,137
1994-08-23,12.376,137
1994-08-24,12.55,137
1994-08-25,12.557,137
1994-08-26,12.523,137
1994-08-27,13.621,137
1994-08-28,13.594,137
1994-08-29,13.322,137
1994-08-30,13.118,137
1994-08-31,12.539,137
1994-09-01,12.263,137
1994-09-02,12.279,137
1994-09-03,12.431,137
1994-09-04,12.533,137
1994-09-05,12.708,137
1994-09-06,13.008,137
1994-09-07,13.215,137
1994-09-08,14.077,137
1994-09-09,14.021,137
1994-09-10,13.777,137
1994-09-11,13.447,137
1994-09-12,13.413,137
1994-09-13,13.281,137
1994-09-14,13.611,137
1994-09-15,13.673,137
1994-09-16,13.634,137
1994-09-17,13.332,137
1994-09-18,13.277,137
1994-09-19,13.273,137
1994-09-20,13.311,137
1994-09-21,13.496,137
1994-09-22,13.754,137
1994-09-23,14.444,137
1994-09-24,14.51,137
1994-09-25,14.497,137
1994-09-26,14.423,137
1994-09-27,14.701,137
1994-09-28,15.801,137
1994-09-29,15.817,137
1994-09-30,15.771,137
1994-10-01,15.063,137
1994-10-02,15.183,137
1994-10-03,15.503,137
1994-10-04,15.896,137
1994-10-05,15.962,137
1994-10-06,15.895,137
1994-10-07,15.647,137
1994-10-08,15.533,137
1994-10-09,15.432,137
1994-10-10,15.126,137
1994-10-11,14.755,137
1994-10-12,14.482,137
1994-10-13,14.079,137
1994-10-14,13.343,137
1994-10-15,12.48,137
1994-10-16,12.268,137
1994-10-17,12.413,137
1994-10-18,12.455,137
1994-10-19,12.442,137
1994-10-20,12.654,137
1994-10-21,12.76,137
1994-10-22,12.751,137
1994-10-23,12.732,137
1994-10-24,12.755,137
1994-10-25,12.8,137
1994-10-26,13.226,137
1994-10-27,13.963,137
1994-10-28,13.592,137
1994-10-29,13.338,137
1994-10-30,12.898,137
1994-10-31,12.624,137
1994-11-01,12.435,137
1994-11-02,12.178,137
1994-11-03,12.079,137
1994-11-04,11.821,137
1994-11-05,11.878,137
1994-11-06,12.367,137
1994-11-07,12.444,137
1994-11-08,12.447,137
1994-11-09,12.752,137
1994-11-10,13.053,137
1994-11-11,13.164,137
1994-11-12,13.17,137
1994-11-13,12.616,137
1994-11-14,12.61,137
1994-11-15,12.588,137
1994-11-16,12.477,137
1994-11-17,12.428,137
1994-11-18,11.784,137
1994-11-19,11.683,137
1994-11-20,11.508,137
1994-11-21,11.495,137
1994-11-22,11.53,137
1994-11-23,11.578,137
1994-11-24,11.888,137
1994-11-25,12.069,137
1994-11-26,12.11,137
1994-11-27,11.828,137
1994-11-28,11.822,137
1994-11-29,11.781,137
1994-11-30,11.681,137
1994-12-01,11.606,137
1994-12-02,11.66,137
1994-12-03,11.949,137
1994-12-04,12.088,137
1994-12-05,12.141,137
1994-12-06,12.075,137
1994-12-07,11.975,137
1994-12-08,11.5,137
1994-12-09,11.375,137
1994-12-10,11.392,137
1994-12-11,11.516,137
1994-12-12,11.541,137
1994-12-13,11.518,137
1994-12-14,11.611,137
1994-12-15,11.621,137
1994-12-16,11.579,137
1994-12-17,11.774,137
1994-12-18,11.825,137
1994-12-19,11.83,137
1994-12-20,11.884,137
1994-12-21,11.891,137
1994-12-22,11.895,137
1994-12-23,11.852,137
1994-12-24,11.897,137
1994-12-25,11.905,137
1994-12-26,11.998,137
1994-12-27,12.026,137
1994-12-28,11.818,137
1994-12-29,11.731,137
1994-12-30,11.715,137
1994-12-31,11.735,137
1995-01-01,11.695,137
1995-01-02,11.65,137
1995-01-03,11.714,137
1995-01-04,11.949,137
1995-01-05,11.982,137
1995-01-06,12.002,137
1995-01-07,12.05,137
1995-01-08,12.144,137
1995-01-09,12.265,137
1995-01-10,12.195,137
1995-01-11,12.184,137
1995-01-12,12.158,137
1995-01-13,12.175,137
1995-01-14,12.195,137
1995-01-15,12.167,137
1995-01-16,12.088,137
1995-01-17,12.016,137
1995-01-18,12.03,137
1995-01-19,12.089,137
1995-01-20,12.103,137
1995-01-21,12.104,137
1995-01-22,11.895,137
1995-01-23,12.085,137
1995-01-24,12.213,137
1995-01-25,12.318,137
1995-01-26,12.252,137
1995-01-27,12.233,137
1995-01-28,12.242,137
1995-01-29,12.326,137
1995-01-30,12.376,137
1995-01-31,12.502,137
1995-02-01,12.281,137
1995-02-02,12.52,137
1995-02-03,12.537,137
1995-02-04,12.65,137
1995-02-05,12.813,137
1995-02-06,12.924,137
1995-02-07,12.928,137
1995-02-08,13.038,137
1995-02-09,13.139,137
1995-02-10,13.118,137
1995-02-11,12.933,137
1995-02-12,12.804,137
1995-02-13,12.593,137
1995-02-14,12.494,137
1995-02-15,12.422,137
1995-02-16,12.314,137
1995-02-17,12.115,137
1995-02-18,12.778,137
1995-02-19,12.907,137
1995-02-20,12.859,137
1995-02-21,12.816,137
1995-02-22,12.593,137
1995-02-23,12.505,137
1995-02-24,12.371,137
1995-02-25,12.364,137
1995-02-26,12.401,137
1995-02-27,12.452,137
1995-02-28,12.49,137
1995-03-01,12.81,137
1995-03-02,12.797,137
1995-03-03,12.867,137
1995-03-04,12.883,137
1995-03-05,12.862,137
1995-03-06,12.868,137
1995-03-07,12.872,137
1995-03-08,12.84,137
1995-03-09,12.845,137
1995-03-10,12.861,137
1995-03-11,12.883,137
1995-03-12,12.803,137
1995-03-13,12.816,137
1995-03-14,13.282,137
1995-03-15,13.27,137
1995-03-16,13.298,137
1995-03-17,13.232,137
1995-03-18,13.104,137
1995-03-19,13.142,137
1995-03-20,13.059,137
1995-03-21,13,137
1995-03-22,12.853,137
1995-03-23,12.781,137
1995-03-24,12.65,137
1995-03-25,12.589,137
1995-03-26,12.672,137
1995-03-27,12.817,137
1995-03-28,12.885,137
1995-03-29,12.926,137
1995-03-30,13.187,137
1995-03-31,13.096,137
1995-04-01,12.82,137
1995-04-02,12.75,137
1995-04-03,12.687,137
1995-04-04,12.323,137
1995-04-05,12.316,137
1995-04-06,12.388,137
1995-04-07,12.492,137
1995-04-08,12.495,137
1995-04-09,12.253,137
1995-04-10,12.118,137
1995-04-11,11.989,137
1995-04-12,12.038,137
1995-04-13,12.033,137
1995-04-14,11.796,137
1995-04-15,11.182,137
1995-04-16,10.912,137
1995-04-17,10.797,137
1995-04-18,10.524,137
1995-04-19,10.403,137
1995-04-20,10.256,137
1995-04-21,10.428,137
1995-04-22,10.679,137
1995-04-23,11.02,137
1995-04-24,10.77,137
1995-04-25,10.84,137
1995-04-26,11.343,137
1995-04-27,11.751,137
1995-04-28,12.109,137
1995-04-29,12.071,137
1995-04-30,12.595,137
1995-05-01,13.111,137
1995-05-02,13.203,137
1995-05-03,13.18,137
1995-05-04,12.058,137
1995-05-05,11.203,137
1995-05-06,11.091,137
1995-05-07,11.183,137
1995-05-08,11.459,137
1995-05-09,12.283,137
1995-05-10,12.442,137
1995-05-11,12.271,137
1995-05-12,12.051,137
1995-05-13,12.124,137
1995-05-14,12.322,137
1995-05-15,12.379,137
1995-05-16,12.345,137
1995-05-17,12.025,137
1995-05-18,11.981,137
1995-05-19,11.979,137
1995-05-20,11.996,137
1995-05-21,11.616,137
1995-05-22,11.737,137
1995-05-23,11.639,137
1995-05-24,11.494,137
1995-05-25,10.963,137
1995-05-26,10.123,137
1995-05-27,10.496,137
1995-05-28,10.607,137
1995-05-29,10.177,137
1995-05-30,9.285,137
1995-05-31,9.617,137
1995-06-01,9.797,137
1995-06-02,10.744,137
1995-06-03,10.847,137
1995-06-04,10.855,137
1995-06-05,10.781,137
1995-06-06,10.601,137
1995-06-07,10.517,137
1995-06-08,10.58,137
1995-06-09,11,137
1995-06-10,12.872,137
1995-06-11,12.748,137
1995-06-12,12.314,137
1995-06-13,12.053,137
1995-06-14,12.051,137
1995-06-15,12.523,137
1995-06-16,12.191,137
1995-06-17,12.096,137
1995-06-18,12.094,137
1995-06-19,11.941,137
1995-06-20,11.593,137
1995-06-21,11.06,137
1995-06-22,10.792,137
1995-06-23,10.644,137
1995-06-24,10.698,137
1995-06-25,10.964,137
1995-06-26,11.556,137
1995-06-27,12.262,137
1995-06-28,12.524,137
1995-06-29,12.744,137
1995-06-30,12.947,137
1995-07-01,13.033,137
1995-07-02,13.19,137
1995-07-03,13.289,137
1995-07-04,13.025,137
1995-07-05,13.049,137
1995-07-06,13.33,137
1995-07-07,13.781,137
1995-07-08,13.718,137
1995-07-09,14.005,137
1995-07-10,14.168,137
1995-07-11,14.155,137
1995-07-12,14.037,137
1995-07-13,13.858,137
1995-07-14,13.515,137
1995-07-15,13.288,137
1995-07-16,13.18,137
1995-07-17,13.981,137
1995-07-18,14.532,137
1995-07-19,14.742,137
1995-07-20,15.693,137
1995-07-21,15.881,137
1995-07-22,15.554,137
1995-07-23,15.14,137
1995-07-24,14.824,137
1995-07-25,14.424,137
1995-07-26,13.79,137
1995-07-27,13.55,137
1995-07-28,13.759,137
1995-07-29,13.894,137
1995-07-30,14.141,137
1995-07-31,14.635,137
1995-08-01,15.193,137
1995-08-02,14.019,137
1995-08-03,13.28,137
1995-08-04,12.694,137
1995-08-05,12.58,137
1995-08-06,13.154,137
1995-08-07,12.786,137
1995-08-08,12.608,137
1995-08-09,12.366,137
1995-08-10,12.285,137
1995-08-11,12.352,137
1995-08-12,12.383,137
1995-08-13,12.25,137
1995-08-14,11.979,137
1995-08-15,12.053,137
1995-08-16,12.842,137
1995-08-17,12.965,137
1995-08-18,12.987,137
1995-08-19,13.132,137
1995-08-20,13.719,137
1995-08-21,13.855,137
1995-08-22,13.03,137
1995-08-23,12.957,137
1995-08-24,12.878,137
1995-08-25,12.814,137
1995-08-26,12.579,137
1995-08-27,12.815,137
1995-08-28,13.127,137
1995-08-29,13.218,137
1995-08-30,13.177,137
1995-08-31,12.975,137
1995-09-01,13.102,137
1995-09-02,13.262,137
1995-09-03,13.542,137
1995-09-04,13.624,137
1995-09-05,13.251,137
1995-09-06,13.091,137
1995-09-07,13.038,137
1995-09-08,13.048,137
1995-09-09,13.111,137
1995-09-10,13.14,137
1995-09-11,13.325,137
1995-09-12,13.447,137
1995-09-13,12.891,137
1995-09-14,14.043,137
1995-09-15,14.264,137
1995-09-16,14.616,137
1995-09-17,14.555,137
1995-09-18,14.484,137
1995-09-19,14.174,137
1995-09-20,14.432,137
1995-09-21,14.458,137
1995-09-22,15.047,137
1995-09-23,15.012,137
1995-09-24,15.249,137
1995-09-25,14.987,137
1995-09-26,14.937,137
1995-09-27,15.083,137
1995-09-28,15.011,137
1995-09-29,14.395,137
1995-09-30,13.935,137
1995-10-01,13.827,137
1995-10-02,13.809,137
1995-10-03,13.705,137
1995-10-04,13.629,137
1995-10-05,13.732,137
1995-10-06,13.804,137
1995-10-07,13.737,137
1995-10-08,13.612,137
1995-10-09,13.647,137
1995-10-10,13.654,137
1995-10-11,13.489,137
1995-10-12,13.312,137
1995-10-13,13.332,137
1995-10-14,13.343,137
1995-10-15,13.52,137
1995-10-16,13.626,137
1995-10-17,13.527,137
1995-10-18,13.422,137
1995-10-19,13.105,137
1995-10-20,12.828,137
1995-10-21,12.602,137
1995-10-22,12.504,137
1995-10-23,12.554,137
1995-10-24,12.719,137
1995-10-25,12.849,137
1995-10-26,12.767,137
1995-10-27,12.602,137
1995-10-28,12.485,137
1995-10-29,12.494,137
1995-10-30,12.678,137
1995-10-31,13.554,137
1995-11-01,13.59,137
1995-11-02,13.479,137
1995-11-03,13.204,137
1995-11-04,13.216,137
1995-11-05,13.161,137
1995-11-06,13.152,137
1995-11-07,13.135,137
1995-11-08,13.109,137
1995-11-09,12.696,137
1995-11-10,12.662,137
1995-11-11,12.752,137
1995-11-12,12.925,137
1995-11-13,13.111,137
1995-11-14,12.839,137
1995-11-15,12.822,137
1995-11-16,12.951,137
1995-11-17,13.098,137
1995-11-18,13.702,137
1995-11-19,13.639,137
1995-11-20,13.546,137
1995-11-21,13.505,137
1995-11-22,13.837,137
1995-11-23,13.871,137
1995-11-24,13.816,137
1995-11-25,13.706,137
1995-11-26,13.656,137
1995-11-27,13.59,137
1995-11-28,13.199,137
1995-11-29,13.092,137
1995-11-30,13.041,137
1995-12-01,12.802,137
1995-12-02,12.806,137
1995-12-03,12.924,137
1995-12-04,13.113,137
1995-12-05,13.202,137
1995-12-06,13.334,137
1995-12-07,13.186,137
1995-12-08,13.115,137
1995-12-09,12.963,137
1995-12-10,12.956,137
1995-12-11,13.356,137
1995-12-12,13.568,137
1995-12-13,13.491,137
1995-12-14,13.349,137
1995-12-15,13.25,137
1995-12-16,13.211,137
1995-12-17,13.166,137
1995-12-18,13.256,137
1995-12-19,13.118,137
1995-12-20,13.097,137
1995-12-21,13.068,137
1995-12-22,13.098,137
1995-12-23,13.087,137
1995-12-24,13.188,137
1995-12-25,13.316,137
1995-12-26,13.298,137
1995-12-27,13.421,137
1995-12-28,13.504,137
1995-12-29,13.565,137
1995-12-30,13.276,137
1995-12-31,13.32,137
1996-01-01,13.413,137
1996-01-02,13.456,137
1996-01-03,13.461,137
1996-01-04,13.253,137
1996-01-05,13.502,137
1996-01-06,13.477,137
1996-01-07,13.449,137
1996-01-08,13.376,137
1996-01-09,13.668,137
1996-01-10,13.759,137
1996-01-11,14.026,137
1996-01-12,14.202,137
1996-01-13,14.26,137
1996-01-14,14.245,137
1996-01-15,14.077,137
1996-01-16,13.645,137
1996-01-17,13.505,137
1996-01-18,13.798,137
1996-01-19,13.78,137
1996-01-20,13.62,137
1996-01-21,13.202,137
1996-01-22,13.027,137
1996-01-23,13.056,137
1996-01-24,12.994,137
1996-01-25,12.895,137
1996-01-26,12.891,137
1996-01-27,12.899,137
1996-01-28,12.773,137
1996-01-29,12.629,137
1996-01-30,12.548,137
1996-01-31,12.567,137
1996-02-01,12.581,137
1996-02-02,12.569,137
1996-02-03,12.607,137
1996-02-04,12.854,137
1996-02-05,12.924,137
1996-02-06,12.99,137
1996-02-07,13.034,137
1996-02-08,13.019,137
1996-02-09,13.394,137
1996-02-10,13.598,137
1996-02-11,13.85,137
1996-02-12,14.071,137
1996-02-13,14.055,137
1996-02-14,13.853,137
1996-02-15,13.762,137
1996-02-16,13.744,137
1996-02-17,13.869,137
1996-02-18,13.895,137
1996-02-19,13.743,137
1996-02-20,13.744,137
1996-02-21,13.574,137
1996-02-22,13.41,137
1996-02-23,13.302,137
1996-02-24,13.031,137
1996-02-25,13.084,137
1996-02-26,13.101,137
1996-02-27,13.132,137
1996-02-28,13.076,137
1996-02-29,13.258,137
1996-03-01,13.31,137
1996-03-02,13.306,137
1996-03-03,13.111,137
1996-03-04,13.082,137
1996-03-05,13.076,137
1996-03-06,13.158,137
1996-03-07,13.229,137
1996-03-08,13.386,137
1996-03-09,13.596,137
1996-03-10,13.611,137
1996-03-11,13.609,137
1996-03-12,13.189,137
1996-03-13,13.28,137
1996-03-14,13.328,137
1996-03-15,13.281,137
1996-03-16,13.37,137
1996-03-17,13.398,137
1996-03-18,13.275,137
1996-03-19,12.944,137
1996-03-20,12.638,137
1996-03-21,12.423,137
1996-03-22,12.093,137
1996-03-23,11.976,137
1996-03-24,12.113,137
1996-03-25,12.362,137
1996-03-26,12.553,137
1996-03-27,12.659,137
1996-03-28,12.639,137
1996-03-29,12.679,137
1996-03-30,12.75,137
1996-03-31,12.901,137
1996-04-01,12.705,137
1996-04-02,12.633,137
1996-04-03,12.619,137
1996-04-04,12.709,137
1996-04-05,12.636,137
1996-04-06,12.522,137
1996-04-07,12.379,137
1996-04-08,13.109,137
1996-04-09,12.987,137
1996-04-10,12.773,137
1996-04-11,12.611,137
1996-04-12,12.579,137
1996-04-13,12.426,137
1996-04-14,12.438,137
1996-04-15,13.114,137
1996-04-16,13.188,137
1996-04-17,13.169,137
1996-04-18,13.073,137
1996-04-19,13.035,137
1996-04-20,12.81,137
1996-04-21,12.759,137
1996-04-22,12.903,137
1996-04-23,13.038,137
1996-04-24,13.337,137
1996-04-25,13.279,137
1996-04-26,12.846,137
1996-04-27,12.289,137
1996-04-28,12.044,137
1996-04-29,12.255,137
1996-04-30,12.46,137
1996-05-01,12.034,137
1996-05-02,11.704,137
1996-05-03,11.416,137
1996-05-04,11.443,137
1996-05-05,11.457,137
1996-05-06,11.23,137
1996-05-07,10.868,137
1996-05-08,10.768,137
1996-05-09,10.618,137
1996-05-10,10.554,137
1996-05-11,10.591,137
1996-05-12,10.648,137
1996-05-13,10.603,137
1996-05-14,10.773,137
1996-05-15,11.166,137
1996-05-16,11.491,137
1996-05-17,12.106,137
1996-05-18,13.19,137
1996-05-19,13.006,137
1996-05-20,12.963,137
1996-05-21,12.722,137
1996-05-22,12.27,137
1996-05-23,11.856,137
1996-05-24,11.395,137
1996-05-25,11.015,137
1996-05-26,10.585,137
1996-05-27,10.065,137
1996-05-28,9.792,137
1996-05-29,9.644,137
1996-05-30,9.704,137
1996-05-31,10.025,137
1996-06-01,10.434,137
1996-06-02,10.881,137
1996-06-03,10.573,137
1996-06-04,10.463,137
1996-06-05,10.266,137
1996-06-06,10.216,137
1996-06-07,10.174,137
1996-06-08,10.193,137
1996-06-09,10.126,137
1996-06-10,10.051,137
1996-06-11,9.979,137
1996-06-12,9.784,137
1996-06-13,9.643,137
1996-06-14,9.74,137
1996-06-15,9.81,137
1996-06-16,9.624,137
1996-06-17,9.479,137
1996-06-18,9.451,137
1996-06-19,9.436,137
1996-06-20,9.573,137
1996-06-21,9.86,137
1996-06-22,9.963,137
1996-06-23,9.951,137
1996-06-24,10.09,137
1996-06-25,10.517,137
1996-06-26,10.695,137
1996-06-27,12.169,137
1996-06-28,12.194,137
1996-06-29,11.909,137
1996-06-30,11.65,137
1996-07-01,11.426,137
1996-07-02,11.575,137
1996-07-03,11.654,137
1996-07-04,11.271,137
1996-07-05,11.187,137
1996-07-06,11.514,137
1996-07-07,11.625,137
1996-07-08,11.668,137
1996-07-09,11.303,137
1996-07-10,11.391,137
1996-07-11,11.551,137
1996-07-12,11.667,137
1996-07-13,11.844,137
1996-07-14,11.812,137
1996-07-15,11.787,137
1996-07-16,12.315,137
1996-07-17,12.233,137
1996-07-18,12.165,137
1996-07-19,11.869,137
1996-07-20,11.791,137
1996-07-21,11.767,137
1996-07-22,11.888,137
1996-07-23,12.07,137
1996-07-24,11.826,137
1996-07-25,11.672,137
1996-07-26,11.711,137
1996-07-27,11.868,137
1996-07-28,11.942,137
1996-07-29,12.081,137
1996-07-30,12.548,137
1996-07-31,12.778,137
1996-08-01,12.551,137
1996-08-02,11.753,137
1996-08-03,11.459,137
1996-08-04,11.481,137
1996-08-05,11.508,137
1996-08-06,11.591,137
1996-08-07,11.604,137
1996-08-08,11.123,137
1996-08-09,11.067,137
1996-08-10,11.502,137
1996-08-11,11.152,137
1996-08-12,11.613,137
1996-08-13,11.793,137
1996-08-14,12.133,137
1996-08-15,12.563,137
1996-08-16,12.695,137
1996-08-17,12.548,137
1996-08-18,12.354,137
1996-08-19,12.16,137
1996-08-20,11.78,137
1996-08-21,11.751,137
1996-08-22,11.562,137
1996-08-23,11.104,137
1996-08-24,11.306,137
1996-08-25,12.766,137
1996-08-26,14.045,137
1996-08-27,13.287,137
1996-08-28,13.163,137
1996-08-29,12.632,137
1996-08-30,12.314,137
1996-08-31,12.207,137
1996-09-01,11.942,137
1996-09-02,11.698,137
1996-09-03,12.672,137
1996-09-04,13.03,137
1996-09-05,12.877,137
1996-09-06,12.785,137
1996-09-07,12.696,137
1996-09-08,12.45,137
1996-09-09,12.291,137
1996-09-10,13.659,137
1996-09-11,13.848,137
1996-09-12,14.017,137
1996-09-13,14.605,137
1996-09-14,14.784,137
1996-09-15,14.701,137
1996-09-16,14.289,137
1996-09-17,13.546,137
1996-09-18,12.959,137
1996-09-19,12.742,137
1996-09-20,12.692,137
1996-09-21,12.528,137
1996-09-22,12.321,137
1996-09-23,12.218,137
1996-09-24,11.922,137
1996-09-25,12.134,137
1996-09-26,12.279,137
1996-09-27,12.532,137
1996-09-28,12.285,137
1996-09-29,11.47,137
1996-09-30,11.46,137
1996-10-01,12.063,137
1996-10-02,12.503,137
1996-10-03,13.002,137
1996-10-04,13.842,137
1996-10-05,14.035,137
1996-10-06,14.457,137
1996-10-07,14.717,137
1996-10-08,14.879,137
1996-10-09,14.946,137
1996-10-10,14.921,137
1996-10-11,14.84,137
1996-10-12,14.781,137
1996-10-13,14.255,137
1996-10-14,13.835,137
1996-10-15,13.526,137
1996-10-16,13.013,137
1996-10-17,12.744,137
1996-10-18,12.832,137
1996-10-19,12.662,137
1996-10-20,12.608,137
1996-10-21,12.616,137
1996-10-22,12.769,137
1996-10-23,12.94,137
1996-10-24,12.769,137
1996-10-25,12.564,137
1996-10-26,12.238,137
1996-10-27,12.072,137
1996-10-28,12.129,137
1996-10-29,12.407,137
1996-10-30,12.868,137
1996-10-31,12.785,137
1996-11-01,12.798,137
1996-11-02,12.774,137
1996-11-03,12.259,137
1996-11-04,12.092,137
1996-11-05,12.047,137
1996-11-06,11.996,137
1996-11-07,11.871,137
1996-11-08,11.909,137
1996-11-09,12.017,137
1996-11-10,12.286,137
1996-11-11,12.245,137
1996-11-12,12.839,137
1996-11-13,12.86,137
1996-11-14,12.037,137
1996-11-15,11.934,137
1996-11-16,11.914,137
1996-11-17,12.27,137
1996-11-18,13.113,137
1996-11-19,13.375,137
1996-11-20,13.37,137
1996-11-21,13.208,137
1996-11-22,13.194,137
1996-11-23,13.275,137
1996-11-24,13.125,137
1996-11-25,13.053,137
1996-11-26,12.995,137
1996-11-27,12.961,137
1996-11-28,12.706,137
1996-11-29,12.285,137
1996-11-30,12.193,137
1996-12-01,11.96,137
1996-12-02,11.832,137
1996-12-03,11.788,137
1996-12-04,11.934,137
1996-12-05,12.104,137
1996-12-06,12.201,137
1996-12-07,12.238,137
1996-12-08,12.194,137
1996-12-09,12.241,137
1996-12-10,12.207,137
1996-12-11,12.346,137
1996-12-12,12.972,137
1996-12-13,12.926,137
1996-12-14,12.641,137
1996-12-15,12.407,137
1996-12-16,12.168,137
1996-12-17,12.378,137
1996-12-18,12.409,137
1996-12-19,12.455,137
1996-12-20,12.253,137
1996-12-21,12.314,137
1996-12-22,12.241,137
1996-12-23,12.194,137
1996-12-24,12.138,137
1996-12-25,12.137,137
1996-12-26,12.144,137
1996-12-27,12.202,137
1996-12-28,12.254,137
1996-12-29,12.156,137
1996-12-30,12.196,137
1996-12-31,12.258,137
1997-01-01,12.391,137
1997-01-02,13.043,137
1997-01-03,12.983,137
1997-01-04,12.922,137
1997-01-05,12.684,137
1997-01-06,12.715,137
1997-01-07,12.655,137
1997-01-08,12.616,137
1997-01-09,12.547,137
1997-01-10,12.327,137
1997-01-11,12.376,137
1997-01-12,12.19,137
1997-01-13,12.175,137
1997-01-14,12.143,137
1997-01-15,12.118,137
1997-01-16,12.154,137
1997-01-17,12.131,137
1997-01-18,12.096,137
1997-01-19,12.136,137
1997-01-20,12.128,137
1997-01-21,12.13,137
1997-01-22,12.172,137
1997-01-23,12.152,137
1997-01-24,12.178,137
1997-01-25,12.329,137
1997-01-26,12.403,137
1997-01-27,12.467,137
1997-01-28,12.124,137
1997-01-29,11.907,137
1997-01-30,11.956,137
1997-01-31,12.287,137
1997-02-01,12.877,137
1997-02-02,12.896,137
1997-02-03,12.863,137
1997-02-04,12.672,137
1997-02-05,12.662,137
1997-02-06,12.565,137
1997-02-07,12.322,137
1997-02-08,12.248,137
1997-02-09,12.237,137
1997-02-10,12.16,137
1997-02-11,12.056,137
1997-02-12,12.083,137
1997-02-13,12.088,137
1997-02-14,12.103,137
1997-02-15,12.068,137
1997-02-16,12.183,137
1997-02-17,12.059,137
1997-02-18,12.018,137
1997-02-19,11.921,137
1997-02-20,11.723,137
1997-02-21,11.8,137
1997-02-22,12.122,137
1997-02-23,12.197,137
1997-02-24,12.12,137
1997-02-25,11.951,137
1997-02-26,11.784,137
1997-02-27,11.354,137
1997-02-28,11.157,137
1997-03-01,11.229,137
1997-03-02,11.613,137
1997-03-03,11.733,137
1997-03-04,11.433,137
1997-03-05,11.56,137
1997-03-06,11.659,137
1997-03-07,11.504,137
1997-03-08,10.834,137
1997-03-09,10.744,137
1997-03-10,10.69,137
1997-03-11,10.409,137
1997-03-12,10.235,137
1997-03-13,10.244,137
1997-03-14,10.013,137
1997-03-15,10.007,137
1997-03-16,10.288,137
1997-03-17,11.801,137
1997-03-18,12.019,137
1997-03-19,12.057,137
1997-03-20,11.501,137
1997-03-21,11.364,137
1997-03-22,10.958,137
1997-03-23,10.843,137
1997-03-24,10.71,137
1997-03-25,10.68,137
1997-03-26,10.668,137
1997-03-27,10.745,137
1997-03-28,10.846,137
1997-03-29,10.905,137
1997-03-30,11.084,137
1997-03-31,11.3,137
1997-04-01,10.971,137
1997-04-02,10.739,137
1997-04-03,10.566,137
1997-04-04,10.524,137
1997-04-05,10.475,137
1997-04-06,10.049,137
1997-04-07,10.586,137
1997-04-08,10.312,137
1997-04-09,10.099,137
1997-04-10,9.994,137
1997-04-11,9.955,137
1997-04-12,9.872,137
1997-04-13,9.977,137
1997-04-14,10.267,137
1997-04-15,10.574,137
1997-04-16,10.577,137
1997-04-17,11.052,137
1997-04-18,11.18,137
1997-04-19,11.266,137
1997-04-20,11.181,137
1997-04-21,11.186,137
1997-04-22,12.489,137
1997-04-23,12.465,137
1997-04-24,12.334,137
1997-04-25,11.131,137
1997-04-26,10.984,137
1997-04-27,11.054,137
1997-04-28,11.081,137
1997-04-29,11.002,137
1997-04-30,11.064,137
1997-05-01,11.042,137
1997-05-02,11.077,137
1997-05-03,12.198,137
1997-05-04,12.254,137
1997-05-05,12.271,137
1997-05-06,12.25,137
1997-05-07,12.099,137
1997-05-08,11.87,137
1997-05-09,11.709,137
1997-05-10,11.691,137
1997-05-11,12.139,137
1997-05-12,12.246,137
1997-05-13,12.348,137
1997-05-14,13.159,137
1997-05-15,14.44,137
1997-05-16,15.396,137
1997-05-17,15.852,137
1997-05-18,15.562,137
1997-05-19,15.057,137
1997-05-20,14.648,137
1997-05-21,14.236,137
1997-05-22,14.301,137
1997-05-23,15.161,137
1997-05-24,14.811,137
1997-05-25,14.506,137
1997-05-26,14.242,137
1997-05-27,14.087,137
1997-05-28,15.327,137
1997-05-29,15.372,137
1997-05-30,15.136,137
1997-05-31,15.017,137
1997-06-01,13.575,137
1997-06-02,13.486,137
1997-06-03,13.755,137
1997-06-04,13.377,137
1997-06-05,12.849,137
1997-06-06,12.543,137
1997-06-07,12.109,137
1997-06-08,11.344,137
1997-06-09,11.246,137
1997-06-10,11.612,137
1997-06-11,11.677,137
1997-06-12,11.538,137
1997-06-13,11.477,137
1997-06-14,11.391,137
1997-06-15,10.896,137
1997-06-16,11.05,137
1997-06-17,11.296,137
1997-06-18,11.324,137
1997-06-19,11.295,137
1997-06-20,11.156,137
1997-06-21,10.939,137
1997-06-22,10.935,137
1997-06-23,10.938,137
1997-06-24,10.909,137
1997-06-25,10.842,137
1997-06-26,10.787,137
1997-06-27,10.854,137
1997-06-28,11.116,137
1997-06-29,11.478,137
1997-06-30,11.962,137
1997-07-01,12.906,137
1997-07-02,13.047,137
1997-07-03,13.03,137
1997-07-04,13.75,137
1997-07-05,13.764,137
1997-07-06,13.58,137
1997-07-07,12.859,137
1997-07-08,12.732,137
1997-07-09,12.561,137
1997-07-10,11.908,137
1997-07-11,11.772,137
1997-07-12,11.705,137
1997-07-13,11.909,137
1997-07-14,11.955,137
1997-07-15,12.302,137
1997-07-16,12.154,137
1997-07-17,12.154,137
1997-07-18,12.138,137
1997-07-19,12.131,137
1997-07-20,12.172,137
1997-07-21,12.265,137
1997-07-22,12.316,137
1997-07-23,12.568,137
1997-07-24,12.758,137
1997-07-25,12.842,137
1997-07-26,12.812,137
1997-07-27,12.765,137
1997-07-28,12.611,137
1997-07-29,13.141,137
1997-07-30,13.279,137
1997-07-31,13.362,137
1997-08-01,13.537,137
1997-08-02,13.563,137
1997-08-03,13.667,137
1997-08-04,13.521,137
1997-08-05,13.509,137
1997-08-06,13.454,137
1997-08-07,13.456,137
1997-08-08,13.207,137
1997-08-09,13.439,137
1997-08-10,15.539,137
1997-08-11,15.652,137
1997-08-12,15.628,137
1997-08-13,15.727,137
1997-08-14,15.26,137
1997-08-15,16.626,137
1997-08-16,16.653,137
1997-08-17,16.522,137
1997-08-18,16.489,137
1997-08-19,16.404,137
1997-08-20,16.782,137
1997-08-21,16.976,137
1997-08-22,17.035,137
1997-08-23,17.529,137
1997-08-24,18.595,137
1997-08-25,18.728,137
1997-08-26,18.657,137
1997-08-27,18.521,137
1997-08-28,18.481,137
1997-08-29,18.241,137
1997-08-30,17.632,137
1997-08-31,17.455,137
1997-09-01,17.498,137
1997-09-02,17.534,137
1997-09-03,17.275,137
1997-09-04,16.65,137
1997-09-05,16.322,137
1997-09-06,16.24,137
1997-09-07,16.18,137
1997-09-08,16.209,137
1997-09-09,17.242,137
1997-09-10,17.208,137
1997-09-11,16.328,137
1997-09-12,15.967,137
1997-09-13,15.885,137
1997-09-14,16.182,137
1997-09-15,17.031,137
1997-09-16,16.896,137
1997-09-17,16.463,137
1997-09-18,16.351,137
1997-09-19,16.353,137
1997-09-20,16.383,137
1997-09-21,16.529,137
1997-09-22,16.597,137
1997-09-23,16.752,137
1997-09-24,17.024,137
1997-09-25,16.65,137
1997-09-26,15.838,137
1997-09-27,15.569,137
1997-09-28,15.569,137
1997-09-29,15.555,137
1997-09-30,15.536,137
1997-10-01,16.835,137
1997-10-02,16.854,137
1997-10-03,16.86,137
1997-10-04,16.889,137
1997-10-05,16.7,137
1997-10-06,14.665,137
1997-10-07,14.201,137
1997-10-08,14.245,137
1997-10-09,15.243,137
1997-10-10,14.989,137
1997-10-11,14.185,137
1997-10-12,14.007,137
1997-10-13,13.998,137
1997-10-14,14.199,137
1997-10-15,14.224,137
1997-10-16,13.963,137
1997-10-17,14.496,137
1997-10-18,14.541,137
1997-10-19,14.471,137
1997-10-20,14.358,137
1997-10-21,13.988,137
1997-10-22,13.945,137
1997-10-23,14.004,137
1997-10-24,14.099,137
1997-10-25,14.591,137
1997-10-26,15.419,137
1997-10-27,15.674,137
1997-10-28,16.129,137
1997-10-29,15.998,137
1997-10-30,15.642,137
1997-10-31,16.307,137
1997-11-01,16.386,137
1997-11-02,16.418,137
1997-11-03,16.52,137
1997-11-04,16.566,137
1997-11-05,16.498,137
1997-11-06,16.554,137
1997-11-07,16.52,137
1997-11-08,16.433,137
1997-11-09,16.289,137
1997-11-10,15.687,137
1997-11-11,15.795,137
1997-11-12,15.902,137
1997-11-13,16.016,137
1997-11-14,16.07,137
1997-11-15,16.04,137
1997-11-16,15.871,137
1997-11-17,15.626,137
1997-11-18,15.771,137
1997-11-19,15.758,137
1997-11-20,15.736,137
1997-11-21,15.466,137
1997-11-22,15.851,137
1997-11-23,15.861,137
1997-11-24,15.714,137
1997-11-25,15.426,137
1997-11-26,15.507,137
1997-11-27,15.534,137
1997-11-28,15.747,137
1997-11-29,15.879,137
1997-11-30,15.825,137
1997-12-01,15.768,137
1997-12-02,15.624,137
1997-12-03,15.432,137
1997-12-04,15.252,137
1997-12-05,15.424,137
1997-12-06,15.705,137
1997-12-07,15.44,137
1997-12-08,15.423,137
1997-12-09,15.28,137
1997-12-10,15.264,137
1997-12-11,15.305,137
1997-12-12,15.483,137
1997-12-13,15.204,137
1997-12-14,14.953,137
1997-12-15,14.829,137
1997-12-16,14.654,137
1997-12-17,15.649,137
1997-12-18,15.144,137
1997-12-19,15.058,137
1997-12-20,15.094,137
1997-12-21,15.132,137
1997-12-22,15.01,137
1997-12-23,14.957,137
1997-12-24,14.783,137
1997-12-25,14.47,137
1997-12-26,14.399,137
1997-12-27,14.433,137
1997-12-28,14.679,137
1997-12-29,14.679,137
1997-12-30,14.636,137
1997-12-31,14.435,137
1998-01-01,14.38,137
1998-01-02,14.477,137
1998-01-03,14.631,137
1998-01-04,14.484,137
1998-01-05,14.398,137
1998-01-06,14.223,137
1998-01-07,14.043,137
1998-01-08,13.923,137
1998-01-09,13.865,137
1998-01-10,13.797,137
1998-01-11,13.729,137
1998-01-12,14.154,137
1998-01-13,14.109,137
1998-01-14,14.088,137
1998-01-15,13.96,137
1998-01-16,13.962,137
1998-01-17,13.934,137
1998-01-18,13.888,137
1998-01-19,13.873,137
1998-01-20,13.731,137
1998-01-21,13.492,137
1998-01-22,13.464,137
1998-01-23,13.399,137
1998-01-24,13.323,137
1998-01-25,13.265,137
1998-01-26,12.912,137
1998-01-27,13.51,137
1998-01-28,13.771,137
1998-01-29,13.765,137
1998-01-30,13.337,137
1998-01-31,13.304,137
1998-02-01,13.683,137
1998-02-02,13.675,137
1998-02-03,13.526,137
1998-02-04,13.565,137
1998-02-05,13.491,137
1998-02-06,13.589,137
1998-02-07,13.549,137
1998-02-08,13.603,137
1998-02-09,13.646,137
1998-02-10,13.576,137
1998-02-11,13.542,137
1998-02-12,13.246,137
1998-02-13,13.213,137
1998-02-14,13.453,137
1998-02-15,13.85,137
1998-02-16,13.817,137
1998-02-17,13.704,137
1998-02-18,13.663,137
1998-02-19,13.546,137
1998-02-20,13.577,137
1998-02-21,13.509,137
1998-02-22,13.463,137
1998-02-23,13.499,137
1998-02-24,13.55,137
1998-02-25,13.5,137
1998-02-26,13.355,137
1998-02-27,13.423,137
1998-02-28,13.407,137
1998-03-01,13.376,137
1998-03-02,13.355,137
1998-03-03,13.143,137
1998-03-04,13.134,137
1998-03-05,12.887,137
1998-03-06,12.615,137
1998-03-07,12.658,137
1998-03-08,12.968,137
1998-03-09,12.619,137
1998-03-10,12.51,137
1998-03-11,12.461,137
1998-03-12,13.756,137
1998-03-13,13.255,137
1998-03-14,12.96,137
1998-03-15,12.802,137
1998-03-16,12.73,137
1998-03-17,12.711,137
1998-03-18,12.793,137
1998-03-19,12.793,137
1998-03-20,12.829,137
1998-03-21,12.856,137
1998-03-22,12.836,137
1998-03-23,12.804,137
1998-03-24,13.417,137
1998-03-25,13.373,137
1998-03-26,13.325,137
1998-03-27,13.169,137
1998-03-28,12.788,137
1998-03-29,12.696,137
1998-03-30,12.512,137
1998-03-31,12.371,137
1998-04-01,12.328,137
1998-04-02,12.619,137
1998-04-03,12.63,137
1998-04-04,12.496,137
1998-04-05,12.244,137
1998-04-06,12.534,137
1998-04-07,12.643,137
1998-04-08,12.663,137
1998-04-09,12.621,137
1998-04-10,12.734,137
1998-04-11,12.614,137
1998-04-12,12.506,137
1998-04-13,12.48,137
1998-04-14,12.588,137
1998-04-15,12.548,137
1998-04-16,12.53,137
1998-04-17,12.523,137
1998-04-18,12.397,137
1998-04-19,12.229,137
1998-04-20,12.219,137
1998-04-21,12.168,137
1998-04-22,12.134,137
1998-04-23,11.863,137
1998-04-24,11.302,137
1998-04-25,11.312,137
1998-04-26,11.514,137
1998-04-27,11.536,137
1998-04-28,11.53,137
1998-04-29,11.738,137
1998-04-30,11.829,137
1998-05-01,12.377,137
1998-05-02,12.437,137
1998-05-03,12.474,137
1998-05-04,12.657,137
1998-05-05,12.75,137
1998-05-06,12.819,137
1998-05-07,12.953,137
1998-05-08,12.819,137
1998-05-09,12.508,137
1998-05-10,12.358,137
1998-05-11,12.376,137
1998-05-12,12.538,137
1998-05-13,12.639,137
1998-05-14,12.829,137
1998-05-15,13.05,137
1998-05-16,13.046,137
1998-05-17,12.883,137
1998-05-18,12.776,137
1998-05-19,12.665,137
1998-05-20,12.675,137
1998-05-21,12.716,137
1998-05-22,12.715,137
1998-05-23,12.741,137
1998-05-24,13.113,137
1998-05-25,13.158,137
1998-05-26,13.154,137
1998-05-27,13.248,137
1998-05-28,13.16,137
1998-05-29,13.141,137
1998-05-30,13.207,137
1998-05-31,13.454,137
1998-06-01,13.648,137
1998-06-02,13.769,137
1998-06-03,13.809,137
1998-06-04,13.708,137
1998-06-05,13.683,137
1998-06-06,13.542,137
1998-06-07,13.656,137
1998-06-08,13.658,137
1998-06-09,13.578,137
1998-06-10,13.201,137
1998-06-11,13.121,137
1998-06-12,13.122,137
1998-06-13,12.961,137
1998-06-14,13.263,137
1998-06-15,13.068,137
1998-06-16,12.268,137
1998-06-17,12.058,137
1998-06-18,12.047,137
1998-06-19,12.098,137
1998-06-20,12.151,137
1998-06-21,12.351,137
1998-06-22,12.448,137
1998-06-23,12.656,137
1998-06-24,13.143,137
1998-06-25,13.11,137
1998-06-26,12.996,137
1998-06-27,12.771,137
1998-06-28,12.335,137
1998-06-29,12.159,137
1998-06-30,12.157,137
1998-07-01,12.073,137
1998-07-02,11.863,137
1998-07-03,11.59,137
1998-07-04,11.253,137
1998-07-05,11.357,137
1998-07-06,11.384,137
1998-07-07,11.513,137
1998-07-08,11.431,137
1998-07-09,12.69,137
1998-07-10,12.927,137
1998-07-11,12.922,137
1998-07-12,12.884,137
1998-07-13,12.88,137
1998-07-14,12.523,137
1998-07-15,12.334,137
1998-07-16,12.114,137
1998-07-17,11.667,137
1998-07-18,11.409,137
1998-07-19,11.373,137
1998-07-20,11.267,137
1998-07-21,11.568,137
1998-07-22,11.709,137
1998-07-23,11.867,137
1998-07-24,12.009,137
1998-07-25,12.239,137
1998-07-26,13.155,137
1998-07-27,14.122,137
1998-07-28,14.505,137
1998-07-29,15.177,137
1998-07-30,15.221,137
1998-07-31,14.85,137
1998-08-01,14.688,137
1998-08-02,14.468,137
1998-08-03,14.045,137
1998-08-04,13.712,137
1998-08-05,13.743,137
1998-08-06,13.199,137
1998-08-07,13.094,137
1998-08-08,12.994,137
1998-08-09,12.568,137
1998-08-10,12.587,137
1998-08-11,12.609,137
1998-08-12,12.472,137
1998-08-13,12.538,137
1998-08-14,13.277,137
1998-08-15,12.978,137
1998-08-16,12.964,137
1998-08-17,12.939,137
1998-08-18,13.094,137
1998-08-19,13.412,137
1998-08-20,14.015,137
1998-08-21,14.162,137
1998-08-22,13.964,137
1998-08-23,13.759,137
1998-08-24,13.483,137
1998-08-25,13.071,137
1998-08-26,13.156,137
1998-08-27,13.242,137
1998-08-28,13.211,137
1998-08-29,13.268,137
1998-08-30,13.285,137
1998-08-31,13.403,137
1998-09-01,12.464,137
1998-09-02,12.454,137
1998-09-03,12.609,137
1998-09-04,12.755,137
1998-09-05,14.173,137
1998-09-06,14.455,137
1998-09-07,14.608,137
1998-09-08,14.567,137
1998-09-09,13.736,137
1998-09-10,13.502,137
1998-09-11,13.567,137
1998-09-12,13.755,137
1998-09-13,14.129,137
1998-09-14,14.104,137
1998-09-15,14.097,137
1998-09-16,14.151,137
1998-09-17,14.495,137
1998-09-18,14.335,137
1998-09-19,13.975,137
1998-09-20,13.863,137
1998-09-21,13.804,137
1998-09-22,13.866,137
1998-09-23,13.716,137
1998-09-24,13.603,137
1998-09-25,13.562,137
1998-09-26,13.489,137
1998-09-27,13.672,137
1998-09-28,14.107,137
1998-09-29,14.661,137
1998-09-30,14.462,137
1998-10-01,14.213,137
1998-10-02,14.074,137
1998-10-03,14.028,137
1998-10-04,14.063,137
1998-10-05,14.177,137
1998-10-06,14.173,137
1998-10-07,14.246,137
1998-10-08,14.346,137
1998-10-09,14.311,137
1998-10-10,14.009,137
1998-10-11,13.586,137
1998-10-12,13.656,137
1998-10-13,13.831,137
1998-10-14,13.339,137
1998-10-15,12.469,137
1998-10-16,12.391,137
1998-10-17,12.383,137
1998-10-18,12.577,137
1998-10-19,12.769,137
1998-10-20,13.057,137
1998-10-21,13.297,137
1998-10-22,13.39,137
1998-10-23,13.597,137
1998-10-24,13.601,137
1998-10-25,13.588,137
1998-10-26,13.532,137
1998-10-27,13.437,137
1998-10-28,12.723,137
1998-10-29,12.174,137
1998-10-30,12.105,137
1998-10-31,12.03,137
1998-11-01,11.974,137
1998-11-02,12.162,137
1998-11-03,12.801,137
1998-11-04,12.654,137
1998-11-05,12.564,137
1998-11-06,12.537,137
1998-11-07,12.859,137
1998-11-08,12.407,137
1998-11-09,12.416,137
1998-11-10,12.465,137
1998-11-11,12.88,137
1998-11-12,12.896,137
1998-11-13,12.881,137
1998-11-14,12.834,137
1998-11-15,12.798,137
1998-11-16,13.29,137
1998-11-17,13.236,137
1998-11-18,13.018,137
1998-11-19,12.95,137
1998-11-20,12.926,137
1998-11-21,13.027,137
1998-11-22,12.906,137
1998-11-23,12.688,137
1998-11-24,13.121,137
1998-11-25,13.373,137
1998-11-26,13.426,137
1998-11-27,13.137,137
1998-11-28,12.992,137
1998-11-29,12.899,137
1998-11-30,12.994,137
1998-12-01,12.991,137
1998-12-02,12.991,137
1998-12-03,12.689,137
1998-12-04,12.678,137
1998-12-05,12.752,137
1998-12-06,12.65,137
1998-12-07,12.556,137
1998-12-08,12.568,137
1998-12-09,12.58,137
1998-12-10,12.559,137
1998-12-11,12.438,137
1998-12-12,12.352,137
1998-12-13,11.963,137
1998-12-14,11.969,137
1998-12-15,11.999,137
1998-12-16,12.025,137
1998-12-17,12.094,137
1998-12-18,12.008,137
1998-12-19,11.309,137
1998-12-20,10.89,137
1998-12-21,10.666,137
1998-12-22,10.611,137
1998-12-23,10.579,137
1998-12-24,10.703,137
1998-12-25,10.933,137
1998-12-26,10.869,137
1998-12-27,11.086,137
1998-12-28,11.736,137
1998-12-29,11.656,137
1998-12-30,11.626,137
1998-12-31,11.105,137
1999-01-01,10.948,137
1999-01-02,10.879,137
1999-01-03,10.87,137
1999-01-04,10.795,137
1999-01-05,10.795,137
1999-01-06,10.89,137
1999-01-07,10.917,137
1999-01-08,10.927,137
1999-01-09,10.961,137
1999-01-10,11.128,137
1999-01-11,11.109,137
1999-01-12,10.989,137
1999-01-13,11.026,137
1999-01-14,11.065,137
1999-01-15,11.275,137
1999-01-16,11.333,137
1999-01-17,11.372,137
1999-01-18,11.323,137
1999-01-19,11.368,137
1999-01-20,11.315,137
1999-01-21,11.33,137
1999-01-22,11.304,137
1999-01-23,11.264,137
1999-01-24,11.244,137
1999-01-25,11.214,137
1999-01-26,10.969,137
1999-01-27,10.956,137
1999-01-28,10.88,137
1999-01-29,10.752,137
1999-01-30,10.819,137
1999-01-31,10.952,137
1999-02-01,10.962,137
1999-02-02,10.975,137
1999-02-03,11.046,137
1999-02-04,10.749,137
1999-02-05,10.618,137
1999-02-06,10.604,137
1999-02-07,10.688,137
1999-02-08,10.741,137
1999-02-09,10.726,137
1999-02-10,10.73,137
1999-02-11,10.742,137
1999-02-12,10.745,137
1999-02-13,10.925,137
1999-02-14,10.771,137
1999-02-15,10.712,137
1999-02-16,10.662,137
1999-02-17,10.78,137
1999-02-18,10.825,137
1999-02-19,10.749,137
1999-02-20,10.688,137
1999-02-21,10.504,137
1999-02-22,10.468,137
1999-02-23,10.455,137
1999-02-24,10.844,137
1999-02-25,10.863,137
1999-02-26,10.882,137
1999-02-27,10.932,137
1999-02-28,11.004,137
1999-03-01,10.94,137
1999-03-02,10.865,137
1999-03-03,10.885,137
1999-03-04,10.886,137
1999-03-05,10.884,137
1999-03-06,10.792,137
1999-03-07,10.643,137
1999-03-08,10.696,137
1999-03-09,10.842,137
1999-03-10,10.818,137
1999-03-11,10.599,137
1999-03-12,10.49,137
1999-03-13,10.279,137
1999-03-14,10.351,137
1999-03-15,10.773,137
1999-03-16,10.743,137
1999-03-17,10.687,137
1999-03-18,10.357,137
1999-03-19,10.932,137
1999-03-20,10.965,137
1999-03-21,10.9,137
1999-03-22,10.847,137
1999-03-23,10.888,137
1999-03-24,10.968,137
1999-03-25,10.982,137
1999-03-26,10.87,137
1999-03-27,10.831,137
1999-03-28,10.796,137
1999-03-29,10.757,137
1999-03-30,10.825,137
1999-03-31,10.774,137
1999-04-01,10.791,137
1999-04-02,10.793,137
1999-04-03,10.546,137
1999-04-04,10.216,137
1999-04-05,10.195,137
1999-04-06,10.082,137
1999-04-07,9.993,137
1999-04-08,10.242,137
1999-04-09,10.219,137
1999-04-10,10.227,137
1999-04-11,10.301,137
1999-04-12,10.297,137
1999-04-13,10.339,137
1999-04-14,10.477,137
1999-04-15,10.662,137
1999-04-16,10.992,137
1999-04-17,10.983,137
1999-04-18,10.915,137
1999-04-19,10.845,137
1999-04-20,10.172,137
1999-04-21,9.632,137
1999-04-22,9.612,137
1999-04-23,9.48,137
1999-04-24,9.444,137
1999-04-25,9.524,137
1999-04-26,9.579,137
1999-04-27,9.643,137
1999-04-28,9.568,137
1999-04-29,9.43,137
1999-04-30,9.331,137
1999-05-01,9.361,137
1999-05-02,9.463,137
1999-05-03,10.01,137
1999-05-04,9.948,137
1999-05-05,9.971,137
1999-05-06,9.989,137
1999-05-07,9.964,137
1999-05-08,9.765,137
1999-05-09,8.83,137
1999-05-10,8.834,137
1999-05-11,9.576,137
1999-05-12,9.119,137
1999-05-13,9.008,137
1999-05-14,9.036,137
1999-05-15,9.084,137
1999-05-16,9.25,137
1999-05-17,9.808,137
1999-05-18,10.434,137
1999-05-19,10.045,137
1999-05-20,9.514,137
1999-05-21,9.406,137
1999-05-22,9.373,137
1999-05-23,9.423,137
1999-05-24,9.702,137
1999-05-25,10.173,137
1999-05-26,10.233,137
1999-05-27,10.213,137
1999-05-28,10.079,137
1999-05-29,9.991,137
1999-05-30,10.021,137
1999-05-31,10.178,137
1999-06-01,10.526,137
1999-06-02,10.421,137
1999-06-03,10.205,137
1999-06-04,10.032,137
1999-06-05,10.006,137
1999-06-06,9.745,137
1999-06-07,9.78,137
1999-06-08,9.802,137
1999-06-09,9.912,137
1999-06-10,9.743,137
1999-06-11,9.71,137
1999-06-12,10.15,137
1999-06-13,11.619,137
1999-06-14,11.489,137
1999-06-15,10.944,137
1999-06-16,10.715,137
1999-06-17,10.36,137
1999-06-18,10.23,137
1999-06-19,10.344,137
1999-06-20,10.373,137
1999-06-21,10.356,137
1999-06-22,10.371,137
1999-06-23,10.382,137
1999-06-24,10.533,137
1999-06-25,10.161,137
1999-06-26,9.978,137
1999-06-27,9.989,137
1999-06-28,10.18,137
1999-06-29,10.585,137
1999-06-30,10.62,137
1999-07-01,10.283,137
1999-07-02,10.08,137
1999-07-03,10.206,137
1999-07-04,10.297,137
1999-07-05,10.255,137
1999-07-06,10.018,137
1999-07-07,10.075,137
1999-07-08,10.062,137
1999-07-09,9.97,137
1999-07-10,10.24,137
1999-07-11,10.609,137
1999-07-12,10.826,137
1999-07-13,10.964,137
1999-07-14,11.283,137
1999-07-15,11.499,137
1999-07-16,11.831,137
1999-07-17,11.883,137
1999-07-18,11.903,137
1999-07-19,12.141,137
1999-07-20,12.452,137
1999-07-21,12.755,137
1999-07-22,13.026,137
1999-07-23,13.36,137
1999-07-24,13.112,137
1999-07-25,12.988,137
1999-07-26,12.865,137
1999-07-27,12.871,137
1999-07-28,13.258,137
1999-07-29,13.779,137
1999-07-30,13.665,137
1999-07-31,13.278,137
1999-08-01,13,137
1999-08-02,13.497,137
1999-08-03,13.344,137
1999-08-04,13.023,137
1999-08-05,12.574,137
1999-08-06,12.73,137
1999-08-07,13.005,137
1999-08-08,13.288,137
1999-08-09,13.292,137
1999-08-10,13.532,137
1999-08-11,14.604,137
1999-08-12,14.189,137
1999-08-13,13.805,137
1999-08-14,13.653,137
1999-08-15,13.569,137
1999-08-16,13.204,137
1999-08-17,13.265,137
1999-08-18,13.439,137
1999-08-19,13.413,137
1999-08-20,13.371,137
1999-08-21,13.175,137
1999-08-22,12.583,137
1999-08-23,12.588,137
1999-08-24,12.795,137
1999-08-25,13.19,137
1999-08-26,13.158,137
1999-08-27,13.263,137
1999-08-28,13.444,137
1999-08-29,12.852,137
1999-08-30,12.431,137
1999-08-31,12.156,137
1999-09-01,11.553,137
1999-09-02,11.607,137
1999-09-03,11.712,137
1999-09-04,12.393,137
1999-09-05,12.066,137
1999-09-06,11.948,137
1999-09-07,11.904,137
1999-09-08,12.143,137
1999-09-09,12.212,137
1999-09-10,12.303,137
1999-09-11,11.648,137
1999-09-12,11.429,137
1999-09-13,11.505,137
1999-09-14,11.771,137
1999-09-15,11.926,137
1999-09-16,12.668,137
1999-09-17,12.788,137
1999-09-18,12.83,137
1999-09-19,12.943,137
1999-09-20,12.146,137
1999-09-21,11.975,137
1999-09-22,12.413,137
1999-09-23,13.373,137
1999-09-24,13.623,137
1999-09-25,13.377,137
1999-09-26,13.049,137
1999-09-27,12.747,137
1999-09-28,12.306,137
1999-09-29,12.59,137
1999-09-30,13.493,137
1999-10-01,13.632,137
1999-10-02,13.433,137
1999-10-03,13.417,137
1999-10-04,13.819,137
1999-10-05,14.567,137
1999-10-06,14.043,137
1999-10-07,13.965,137
1999-10-08,13.739,137
1999-10-09,13.256,137
1999-10-10,13.23,137
1999-10-11,13.206,137
1999-10-12,13.144,137
1999-10-13,13.307,137
1999-10-14,12.998,137
1999-10-15,13.014,137
1999-10-16,13.053,137
1999-10-17,13.081,137
1999-10-18,13.389,137
1999-10-19,13.356,137
1999-10-20,13.343,137
1999-10-21,13.338,137
1999-10-22,14.465,137
1999-10-23,14.409,137
1999-10-24,14.341,137
1999-10-25,14.042,137
1999-10-26,13.626,137
1999-10-27,14.029,137
1999-10-28,13.951,137
1999-10-29,13.89,137
1999-10-30,13.659,137
1999-10-31,13.3,137
1999-11-01,13.469,137
1999-11-02,13.698,137
1999-11-03,13.529,137
1999-11-04,13.398,137
1999-11-05,13.232,137
1999-11-06,13.134,137
1999-11-07,12.818,137
1999-11-08,12.825,137
1999-11-09,12.849,137
1999-11-10,12.861,137
1999-11-11,12.919,137
1999-11-12,13.383,137
1999-11-13,13.345,137
1999-11-14,13.306,137
1999-11-15,13.439,137
1999-11-16,13.469,137
1999-11-17,13.449,137
1999-11-18,13.626,137
1999-11-19,13.716,137
1999-11-20,13.771,137
1999-11-21,13.319,137
1999-11-22,12.961,137
1999-11-23,12.684,137
1999-11-24,12.861,137
1999-11-25,12.799,137
1999-11-26,12.849,137
1999-11-27,12.817,137
1999-11-28,12.836,137
1999-11-29,12.67,137
1999-11-30,12.682,137
1999-12-01,12.672,137
1999-12-02,12.56,137
1999-12-03,12.442,137
1999-12-04,12.215,137
1999-12-05,12.143,137
1999-12-06,12.248,137
1999-12-07,12.524,137
1999-12-08,12.514,137
1999-12-09,12.498,137
1999-12-10,12.403,137
1999-12-11,12.339,137
1999-12-12,12.201,137
1999-12-13,12.137,137
1999-12-14,11.628,137
1999-12-15,11.454,137
1999-12-16,11.362,137
1999-12-17,11.261,137
1999-12-18,10.816,137
1999-12-19,11.048,137
1999-12-20,11.559,137
1999-12-21,11.718,137
1999-12-22,11.783,137
1999-12-23,12.071,137
1999-12-24,12.249,137
1999-12-25,12.307,137
1999-12-26,12.161,137
1999-12-27,11.91,137
1999-12-28,12.093,137
1999-12-29,12.192,137
1999-12-30,12.107,137
1999-12-31,12.05,137
2000-01-01,11.959,137
2000-01-02,11.511,137
2000-01-03,11.547,137
2000-01-04,11.528,137
2000-01-05,11.526,137
2000-01-06,11.548,137
2000-01-07,11.543,137
2000-01-08,11.555,137
2000-01-09,11.626,137
2000-01-10,11.721,137
2000-01-11,11.651,137
2000-01-12,11.567,137
2000-01-13,11.607,137
2000-01-14,11.758,137
2000-01-15,11.909,137
2000-01-16,11.98,137
2000-01-17,11.838,137
2000-01-18,11.584,137
2000-01-19,11.561,137
2000-01-20,11.563,137
2000-01-21,11.515,137
2000-01-22,11.51,137
2000-01-23,11.526,137
2000-01-24,11.527,137
2000-01-25,11.72,137
2000-01-26,11.545,137
2000-01-27,11.449,137
2000-01-28,11.39,137
2000-01-29,11.427,137
2000-01-30,11.409,137
2000-01-31,11.432,137
2000-02-01,11.716,137
2000-02-02,11.799,137
2000-02-03,11.857,137
2000-02-04,11.695,137
2000-02-05,11.72,137
2000-02-06,11.744,137
2000-02-07,11.79,137
2000-02-08,11.857,137
2000-02-09,11.83,137
2000-02-10,11.848,137
2000-02-11,11.803,137
2000-02-12,11.8,137
2000-02-13,11.933,137
2000-02-14,11.977,137
2000-02-15,11.999,137
2000-02-16,11.96,137
2000-02-17,12.045,137
2000-02-18,12.07,137
2000-02-19,12.116,137
2000-02-20,12.141,137
2000-02-21,12.216,137
2000-02-22,12.203,137
2000-02-23,12.19,137
2000-02-24,12.184,137
2000-02-25,12.187,137
2000-02-26,12.135,137
2000-02-27,12.059,137
2000-02-28,12.177,137
2000-02-29,12.253,137
2000-03-01,12.25,137
2000-03-02,12.137,137
2000-03-03,12.115,137
2000-03-04,12.094,137
2000-03-05,11.777,137
2000-03-06,11.649,137
2000-03-07,11.577,137
2000-03-08,11.556,137
2000-03-09,11.597,137
2000-03-10,11.623,137
2000-03-11,11.559,137
2000-03-12,11.644,137
2000-03-13,11.649,137
2000-03-14,11.641,137
2000-03-15,11.582,137
2000-03-16,11.485,137
2000-03-17,11.449,137
2000-03-18,11.3,137
2000-03-19,11.04,137
2000-03-20,10.875,137
2000-03-21,10.77,137
2000-03-22,10.726,137
2000-03-23,10.682,137
2000-03-24,10.814,137
2000-03-25,11.492,137
2000-03-26,11.446,137
2000-03-27,11.421,137
2000-03-28,10.906,137
2000-03-29,10.858,137
2000-03-30,10.867,137
2000-03-31,10.962,137
2000-04-01,11.542,137
2000-04-02,11.708,137
2000-04-03,12.077,137
2000-04-04,12.023,137
2000-04-05,11.686,137
2000-04-06,11.538,137
2000-04-07,11.45,137
2000-04-08,11.334,137
2000-04-09,11.232,137
2000-04-10,11.094,137
2000-04-11,11.064,137
2000-04-12,11.237,137
2000-04-13,12.095,137
2000-04-14,12.283,137
2000-04-15,12.392,137
2000-04-16,12.273,137
2000-04-17,12.273,137
2000-04-18,12.285,137
2000-04-19,13.076,137
2000-04-20,12.891,137
2000-04-21,12.766,137
2000-04-22,12.312,137
2000-04-23,11.901,137
2000-04-24,11.864,137
2000-04-25,11.915,137
2000-04-26,11.921,137
2000-04-27,11.738,137
2000-04-28,11.717,137
2000-04-29,11.592,137
2000-04-30,11.444,137
2000-05-01,11.42,137
2000-05-02,12.121,137
2000-05-03,12.428,137
2000-05-04,12.407,137
2000-05-05,12.333,137
2000-05-06,12.184,137
2000-05-07,12.157,137
2000-05-08,13.207,137
2000-05-09,13.234,137
2000-05-10,13.172,137
2000-05-11,12.906,137
2000-05-12,12.67,137
2000-05-13,12.73,137
2000-05-14,12.916,137
2000-05-15,13.102,137
2000-05-16,13.255,137
2000-05-17,12.836,137
2000-05-18,12.091,137
2000-05-19,11.724,137
2000-05-20,11.555,137
2000-05-21,11.745,137
2000-05-22,11.541,137
2000-05-23,11.258,137
2000-05-24,10.734,137
2000-05-25,10.536,137
2000-05-26,10.57,137
2000-05-27,11.195,137
2000-05-28,11.306,137
2000-05-29,10.958,137
2000-05-30,10.406,137
2000-05-31,10.193,137
2000-06-01,10.189,137
2000-06-02,10.261,137
2000-06-03,10.407,137
2000-06-04,10.675,137
2000-06-05,11.819,137
2000-06-06,12.002,137
2000-06-07,11.992,137
2000-06-08,11.782,137
2000-06-09,11.529,137
2000-06-10,11.409,137
2000-06-11,11.312,137
2000-06-12,11.117,137
2000-06-13,11.093,137
2000-06-14,10.916,137
2000-06-15,10.923,137
2000-06-16,10.97,137
2000-06-17,11.123,137
2000-06-18,11.913,137
2000-06-19,12.211,137
2000-06-20,12.425,137
2000-06-21,12.655,137
2000-06-22,12.523,137
2000-06-23,12.433,137
2000-06-24,12.412,137
2000-06-25,12.433,137
2000-06-26,12.621,137
2000-06-27,12.756,137
2000-06-28,12.892,137
2000-06-29,12.935,137
2000-06-30,12.191,137
2000-07-01,12.12,137
2000-07-02,11.991,137
2000-07-03,11.785,137
2000-07-04,11.682,137
2000-07-05,11.966,137
2000-07-06,12.248,137
2000-07-07,12.33,137
2000-07-08,12.2,137
2000-07-09,12.483,137
2000-07-10,12.502,137
2000-07-11,12.634,137
2000-07-12,13.01,137
2000-07-13,13.256,137
2000-07-14,13.036,137
2000-07-15,12.59,137
2000-07-16,12.328,137
2000-07-17,12.732,137
2000-07-18,12.812,137
2000-07-19,12.782,137
2000-07-20,12.263,137
2000-07-21,11.646,137
2000-07-22,11.467,137
2000-07-23,11.561,137
2000-07-24,11.531,137
2000-07-25,11.384,137
2000-07-26,11.468,137
2000-07-27,11.567,137
2000-07-28,11.415,137
2000-07-29,11.427,137
2000-07-30,11.235,137
2000-07-31,10.791,137
2000-08-01,10.839,137
2000-08-02,10.89,137
2000-08-03,11.183,137
2000-08-04,11.461,137
2000-08-05,11.639,137
2000-08-06,11.593,137
2000-08-07,11.646,137
2000-08-08,11.911,137
2000-08-09,12.207,137
2000-08-10,14.283,137
2000-08-11,14.396,137
2000-08-12,14.413,137
2000-08-13,13.018,137
2000-08-14,12.851,137
2000-08-15,12.569,137
2000-08-16,11.977,137
2000-08-17,11.949,137
2000-08-18,11.959,137
2000-08-19,12.125,137
2000-08-20,12.193,137
2000-08-21,12.221,137
2000-08-22,12.331,137
2000-08-23,12.433,137
2000-08-24,11.862,137
2000-08-25,11.876,137
2000-08-26,11.96,137
2000-08-27,12.122,137
2000-08-28,12.129,137
2000-08-29,12.243,137
2000-08-30,12.314,137
2000-08-31,12.538,137
2000-09-01,12.866,137
2000-09-02,13.239,137
2000-09-03,14.501,137
2000-09-04,14.294,137
2000-09-05,14.158,137
2000-09-06,14.102,137
2000-09-07,14.226,137
2000-09-08,14.198,137
2000-09-09,14.003,137
2000-09-10,13.822,137
2000-09-11,13.929,137
2000-09-12,14.154,137
2000-09-13,14.374,137
2000-09-14,14.491,137
2000-09-15,15.078,137
2000-09-16,15.234,137
2000-09-17,15.324,137
2000-09-18,15.278,137
2000-09-19,16.19,137
2000-09-20,16.19,137
2000-09-21,16.14,137
2000-09-22,16.433,137
2000-09-23,16.359,137
2000-09-24,16.361,137
2000-09-25,16.232,137
2000-09-26,16.304,137
2000-09-27,16.275,137
2000-09-28,14.512,137
2000-09-29,14.441,137
2000-09-30,13.859,137
2000-10-01,13.424,137
2000-10-02,13.361,137
2000-10-03,13.022,137
2000-10-04,12.963,137
2000-10-05,12.943,137
2000-10-06,13.032,137
2000-10-07,13.124,137
2000-10-08,13.196,137
2000-10-09,13.228,137
2000-10-10,13.249,137
2000-10-11,14.742,137
2000-10-12,14.846,137
2000-10-13,14.843,137
2000-10-14,13.923,137
2000-10-15,13.899,137
2000-10-16,13.865,137
2000-10-17,13.771,137
2000-10-18,13.715,137
2000-10-19,13.678,137
2000-10-20,13.573,137
2000-10-21,12.745,137
2000-10-22,12.078,137
2000-10-23,12.079,137
2000-10-24,12.08,137
2000-10-25,12.228,137
2000-10-26,12.327,137
2000-10-27,12.491,137
2000-10-28,12.644,137
2000-10-29,12.732,137
2000-10-30,12.823,137
2000-10-31,12.882,137
2000-11-01,12.876,137
2000-11-02,12.822,137
2000-11-03,12.856,137
2000-11-04,12.788,137
2000-11-05,12.553,137
2000-11-06,12.406,137
2000-11-07,11.641,137
2000-11-08,11.625,137
2000-11-09,11.531,137
2000-11-10,11.443,137
2000-11-11,11.457,137
2000-11-12,11.59,137
2000-11-13,11.385,137
2000-11-14,11.36,137
2000-11-15,12.065,137
2000-11-16,12.111,137
2000-11-17,12.126,137
2000-11-18,12.242,137
2000-11-19,12.246,137
2000-11-20,12.229,137
2000-11-21,12.157,137
2000-11-22,12.113,137
2000-11-23,12.069,137
2000-11-24,12.079,137
2000-11-25,12.081,137
2000-11-26,12.102,137
2000-11-27,12.108,137
2000-11-28,12.4,137
2000-11-29,12.448,137
2000-11-30,12.454,137
2000-12-01,12.338,137
2000-12-02,12.369,137
2000-12-03,12.367,137
2000-12-04,12.365,137
2000-12-05,12.398,137
2000-12-06,12.453,137
2000-12-07,12.763,137
2000-12-08,12.788,137
2000-12-09,12.803,137
2000-12-10,12.78,137
2000-12-11,12.744,137
2000-12-12,12.668,137
2000-12-13,12.594,137
2000-12-14,12.313,137
2000-12-15,12.308,137
2000-12-16,12.307,137
2000-12-17,11.983,137
2000-12-18,11.898,137
2000-12-19,11.869,137
2000-12-20,11.804,137
2000-12-21,11.825,137
2000-12-22,11.855,137
2000-12-23,11.918,137
2000-12-24,11.928,137
2000-12-25,11.89,137
2000-12-26,11.615,137
2000-12-27,11.639,137
2000-12-28,11.648,137
2000-12-29,11.678,137
2000-12-30,11.621,137
2000-12-31,11.608,137
2001-01-01,11.641,137
2001-01-02,11.677,137
2001-01-03,11.525,137
2001-01-04,11.547,137
2001-01-05,11.676,137
2001-01-06,11.795,137
2001-01-07,11.864,137
2001-01-08,11.956,137
2001-01-09,12.036,137
2001-01-10,12.105,137
2001-01-11,11.841,137
2001-01-12,11.789,137
2001-01-13,11.787,137
2001-01-14,11.804,137
2001-01-15,11.819,137
2001-01-16,11.793,137
2001-01-17,11.761,137
2001-01-18,11.739,137
2001-01-19,11.823,137
2001-01-20,11.821,137
2001-01-21,11.789,137
2001-01-22,11.806,137
2001-01-23,11.792,137
2001-01-24,11.77,137
2001-01-25,11.683,137
2001-01-26,11.597,137
2001-01-27,11.589,137
2001-01-28,11.593,137
2001-01-29,11.558,137
2001-01-30,11.474,137
2001-01-31,11.449,137
2001-02-01,11.493,137
2001-02-02,11.466,137
2001-02-03,11.459,137
2001-02-04,11.401,137
2001-02-05,11.347,137
2001-02-06,11.303,137
2001-02-07,11.187,137
2001-02-08,10.856,137
2001-02-09,10.713,137
2001-02-10,10.678,137
2001-02-11,10.683,137
2001-02-12,10.46,137
2001-02-13,10.452,137
2001-02-14,10.481,137
2001-02-15,10.582,137
2001-02-16,10.75,137
2001-02-17,10.778,137
2001-02-18,10.879,137
2001-02-19,10.953,137
2001-02-20,10.817,137
2001-02-21,10.833,137
2001-02-22,10.783,137
2001-02-23,10.788,137
2001-02-24,10.8,137
2001-02-25,10.888,137
2001-02-26,11.049,137
2001-02-27,11.076,137
2001-02-28,11.085,137
2001-03-01,11.124,137
2001-03-02,11.207,137
2001-03-03,11.216,137
2001-03-04,11.243,137
2001-03-05,11.306,137
2001-03-06,11.693,137
2001-03-07,11.689,137
2001-03-08,11.678,137
2001-03-09,11.281,137
2001-03-10,11.227,137
2001-03-11,11.305,137
2001-03-12,11.334,137
2001-03-13,11.484,137
2001-03-14,11.54,137
2001-03-15,11.474,137
2001-03-16,11.106,137
2001-03-17,10.972,137
2001-03-18,10.877,137
2001-03-19,11.771,137
2001-03-20,12.171,137
2001-03-21,12.184,137
2001-03-22,12.152,137
2001-03-23,12.115,137
2001-03-24,11.529,137
2001-03-25,11.622,137
2001-03-26,11.671,137
2001-03-27,11.752,137
2001-03-28,11.57,137
2001-03-29,11.093,137
2001-03-30,11.111,137
2001-03-31,11.147,137
2001-04-01,11.131,137
2001-04-02,10.514,137
2001-04-03,10.471,137
2001-04-04,10.468,137
2001-04-05,10.469,137
2001-04-06,10.1,137
2001-04-07,10.095,137
2001-04-08,10.077,137
2001-04-09,10.115,137
2001-04-10,10.066,137
2001-04-11,9.985,137
2001-04-12,9.93,137
2001-04-13,9.91,137
2001-04-14,9.925,137
2001-04-15,10.09,137
2001-04-16,10.346,137
2001-04-17,10.613,137
2001-04-18,10.702,137
2001-04-19,10.708,137
2001-04-20,10.838,137
2001-04-21,10.642,137
2001-04-22,10.591,137
2001-04-23,10.519,137
2001-04-24,10.498,137
2001-04-25,10.462,137
2001-04-26,10.513,137
2001-04-27,10.526,137
2001-04-28,10.808,137
2001-04-29,10.776,137
2001-04-30,10.74,137
2001-05-01,10.213,137
2001-05-02,10.155,137
2001-05-03,10.41,137
2001-05-04,10.872,137
2001-05-05,10.83,137
2001-05-06,10.792,137
2001-05-07,10.74,137
2001-05-08,10.638,137
2001-05-09,10.456,137
2001-05-10,10.325,137
2001-05-11,10.331,137
2001-05-12,10.534,137
2001-05-13,11.019,137
2001-05-14,11.239,137
2001-05-15,11.943,137
2001-05-16,11.543,137
2001-05-17,10.957,137
2001-05-18,10.721,137
2001-05-19,10.646,137
2001-05-20,10.441,137
2001-05-21,10.618,137
2001-05-22,10.72,137
2001-05-23,10.865,137
2001-05-24,10.822,137
2001-05-25,10.79,137
2001-05-26,10.811,137
2001-05-27,11.285,137
2001-05-28,11.104,137
2001-05-29,11.098,137
2001-05-30,11.108,137
2001-05-31,11.476,137
2001-06-01,11.666,137
2001-06-02,10.72,137
2001-06-03,10.388,137
2001-06-04,10.367,137
2001-06-05,10.542,137
2001-06-06,10.683,137
2001-06-07,10.732,137
2001-06-08,10.642,137
2001-06-09,10.641,137
2001-06-10,10.731,137
2001-06-11,10.911,137
2001-06-12,10.808,137
2001-06-13,10.626,137
2001-06-14,10.531,137
2001-06-15,10.544,137
2001-06-16,10.535,137
2001-06-17,10.203,137
2001-06-18,10.055,137
2001-06-19,10.321,137
2001-06-20,10.395,137
2001-06-21,10.361,137
2001-06-22,10.379,137
2001-06-23,10.346,137
2001-06-24,10.453,137
2001-06-25,10.521,137
2001-06-26,10.772,137
2001-06-27,11.075,137
2001-06-28,11.865,137
2001-06-29,11.948,137
2001-06-30,11.683,137
2001-07-01,11.432,137
2001-07-02,11.275,137
2001-07-03,11.073,137
2001-07-04,10.936,137
2001-07-05,10.917,137
2001-07-06,10.903,137
2001-07-07,10.9,137
2001-07-08,11.023,137
2001-07-09,11.112,137
2001-07-10,11.294,137
2001-07-11,11.523,137
2001-07-12,12.029,137
2001-07-13,12.049,137
2001-07-14,11.981,137
2001-07-15,11.932,137
2001-07-16,11.57,137
2001-07-17,11.515,137
2001-07-18,11.485,137
2001-07-19,11.804,137
2001-07-20,11.777,137
2001-07-21,11.814,137
2001-07-22,11.948,137
2001-07-23,12.208,137
2001-07-24,12.255,137
2001-07-25,12.376,137
2001-07-26,12.714,137
2001-07-27,12.968,137
2001-07-28,12.726,137
2001-07-29,11.639,137
2001-07-30,11.516,137
2001-07-31,11.663,137
2001-08-01,12.812,137
2001-08-02,12.817,137
2001-08-03,13.143,137
2001-08-04,13.512,137
2001-08-05,14.679,137
2001-08-06,14.934,137
2001-08-07,14.108,137
2001-08-08,13.034,137
2001-08-09,12.917,137
2001-08-10,13.084,137
2001-08-11,13.116,137
2001-08-12,13.105,137
2001-08-13,13.155,137
2001-08-14,12.344,137
2001-08-15,12.006,137
2001-08-16,12.138,137
2001-08-17,12.05,137
2001-08-18,11.983,137
2001-08-19,11.854,137
2001-08-20,11.93,137
2001-08-21,12.116,137
2001-08-22,12.228,137
2001-08-23,12.575,137
2001-08-24,12.223,137
2001-08-25,12.214,137
2001-08-26,12.164,137
2001-08-27,12.053,137
2001-08-28,11.746,137
2001-08-29,11.841,137
2001-08-30,11.796,137
2001-08-31,12.294,137
2001-09-01,12.034,137
2001-09-02,11.777,137
2001-09-03,11.562,137
2001-09-04,11.52,137
2001-09-05,11.309,137
2001-09-06,11.272,137
2001-09-07,11.248,137
2001-09-08,11.427,137
2001-09-09,11.643,137
2001-09-10,12.025,137
2001-09-11,12.204,137
2001-09-12,12.272,137
2001-09-13,12.168,137
2001-09-14,12.164,137
2001-09-15,12.369,137
2001-09-16,12.403,137
2001-09-17,12.437,137
2001-09-18,12.542,137
2001-09-19,12.731,137
2001-09-20,12.775,137
2001-09-21,12.863,137
2001-09-22,12.989,137
2001-09-23,13.2,137
2001-09-24,13.554,137
2001-09-25,14.628,137
2001-09-26,14.34,137
2001-09-27,13.992,137
2001-09-28,13.663,137
2001-09-29,13.643,137
2001-09-30,13.695,137
2001-10-01,13.61,137
2001-10-02,12.65,137
2001-10-03,12.397,137
2001-10-04,12.617,137
2001-10-05,12.921,137
2001-10-06,13.221,137
2001-10-07,13.067,137
2001-10-08,12.656,137
2001-10-09,12.242,137
2001-10-10,11.908,137
2001-10-11,11.865,137
2001-10-12,11.839,137
2001-10-13,11.855,137
2001-10-14,11.853,137
2001-10-15,11.926,137
2001-10-16,12.056,137
2001-10-17,12.192,137
2001-10-18,12.267,137
2001-10-19,12.322,137
2001-10-20,12.407,137
2001-10-21,12.242,137
2001-10-22,11.839,137
2001-10-23,11.457,137
2001-10-24,11.41,137
2001-10-25,11.368,137
2001-10-26,11.253,137
2001-10-27,11.42,137
2001-10-28,11.607,137
2001-10-29,11.772,137
2001-10-30,11.938,137
2001-10-31,12.037,137
2001-11-01,12.037,137
2001-11-02,12.012,137
2001-11-03,12.601,137
2001-11-04,12.542,137
2001-11-05,12.469,137
2001-11-06,11.904,137
2001-11-07,11.692,137
2001-11-08,11.633,137
2001-11-09,11.615,137
2001-11-10,11.719,137
2001-11-11,11.916,137
2001-11-12,12.024,137
2001-11-13,12.825,137
2001-11-14,12.845,137
2001-11-15,12.879,137
2001-11-16,13.239,137
2001-11-17,13.232,137
2001-11-18,13.211,137
2001-11-19,12.976,137
2001-11-20,12.962,137
2001-11-21,13.079,137
2001-11-22,13.145,137
2001-11-23,13.136,137
2001-11-24,13.052,137
2001-11-25,12.985,137
2001-11-26,12.982,137
2001-11-27,12.937,137
2001-11-28,12.93,137
2001-11-29,13.136,137
2001-11-30,13.159,137
2001-12-01,13.159,137
2001-12-02,13.197,137
2001-12-03,12.939,137
2001-12-04,12.937,137
2001-12-05,12.936,137
2001-12-06,12.92,137
2001-12-07,12.9,137
2001-12-08,12.748,137
2001-12-09,12.619,137
2001-12-10,12.549,137
2001-12-11,12.096,137
2001-12-12,11.973,137
2001-12-13,11.93,137
2001-12-14,11.792,137
2001-12-15,11.612,137
2001-12-16,11.403,137
2001-12-17,11.407,137
2001-12-18,11.447,137
2001-12-19,11.597,137
2001-12-20,11.648,137
2001-12-21,11.696,137
2001-12-22,11.58,137
2001-12-23,11.605,137
2001-12-24,11.643,137
2001-12-25,11.68,137
2001-12-26,11.694,137
2001-12-27,11.704,137
2001-12-28,11.729,137
2001-12-29,11.749,137
2001-12-30,11.793,137
2001-12-31,11.802,137
2002-01-01,11.703,137
2002-01-02,11.503,137
2002-01-03,11.563,137
2002-01-04,11.544,137
2002-01-05,11.576,137
2002-01-06,11.62,137
2002-01-07,11.643,137
2002-01-08,11.7,137
2002-01-09,11.79,137
2002-01-10,11.788,137
2002-01-11,11.248,137
2002-01-12,11.156,137
2002-01-13,11.285,137
2002-01-14,11.574,137
2002-01-15,11.547,137
2002-01-16,11.462,137
2002-01-17,11.48,137
2002-01-18,11.467,137
2002-01-19,11.315,137
2002-01-20,11.213,137
2002-01-21,11.3,137
2002-01-22,10.835,137
2002-01-23,10.439,137
2002-01-24,10.323,137
2002-01-25,10.323,137
2002-01-26,10.43,137
2002-01-27,10.533,137
2002-01-28,10.461,137
2002-01-29,10.437,137
2002-01-30,10.45,137
2002-01-31,10.49,137
2002-02-01,10.526,137
2002-02-02,10.275,137
2002-02-03,10.222,137
2002-02-04,10.189,137
2002-02-05,10.322,137
2002-02-06,10.413,137
2002-02-07,10.622,137
2002-02-08,10.662,137
2002-02-09,10.922,137
2002-02-10,10.864,137
2002-02-11,10.827,137
2002-02-12,10.615,137
2002-02-13,10.673,137
2002-02-14,10.759,137
2002-02-15,10.814,137
2002-02-16,11.033,137
2002-02-17,11.029,137
2002-02-18,11.025,137
2002-02-19,11.123,137
2002-02-20,11.086,137
2002-02-21,11.181,137
2002-02-22,11.252,137
2002-02-23,11.22,137
2002-02-24,11.424,137
2002-02-25,11.488,137
2002-02-26,11.579,137
2002-02-27,11.567,137
2002-02-28,11.459,137
2002-03-01,11.668,137
2002-03-02,11.768,137
2002-03-03,11.8,137
2002-03-04,11.536,137
2002-03-05,11.435,137
2002-03-06,11.439,137
2002-03-07,11.355,137
2002-03-08,11.271,137
2002-03-09,11.19,137
2002-03-10,11.201,137
2002-03-11,11.244,137
2002-03-12,11.407,137
2002-03-13,11.328,137
2002-03-14,11.282,137
2002-03-15,11.228,137
2002-03-16,11.062,137
2002-03-17,10.574,137
2002-03-18,10.542,137
2002-03-19,10.543,137
2002-03-20,10.694,137
2002-03-21,10.868,137
2002-03-22,11.113,137
2002-03-23,11.302,137
2002-03-24,11.295,137
2002-03-25,11.238,137
2002-03-26,10.764,137
2002-03-27,10.778,137
2002-03-28,10.858,137
2002-03-29,10.855,137
2002-03-30,10.799,137
2002-03-31,10.64,137
2002-04-01,10.655,137
2002-04-02,10.694,137
2002-04-03,10.639,137
2002-04-04,10.697,137
2002-04-05,11.744,137
2002-04-06,11.668,137
2002-04-07,11.673,137
2002-04-08,11.529,137
2002-04-09,11.506,137
2002-04-10,11.451,137
2002-04-11,11.556,137
2002-04-12,11.744,137
2002-04-13,11.733,137
2002-04-14,11.755,137
2002-04-15,11.423,137
2002-04-16,10.9,137
2002-04-17,10.838,137
2002-04-18,10.727,137
2002-04-19,10.628,137
2002-04-20,10.582,137
2002-04-21,10.641,137
2002-04-22,10.78,137
2002-04-23,10.793,137
2002-04-24,11.37,137
2002-04-25,11.477,137
2002-04-26,11.415,137
2002-04-27,10.37,137
2002-04-28,10.465,137
2002-04-29,10.616,137
2002-04-30,10.607,137
2002-05-01,10.524,137
2002-05-02,10.509,137
2002-05-03,10.557,137
2002-05-04,10.838,137
2002-05-05,10.635,137
2002-05-06,10.552,137
2002-05-07,10.485,137
2002-05-08,10.474,137
2002-05-09,10.441,137
2002-05-10,10.436,137
2002-05-11,10.532,137
2002-05-12,10.551,137
2002-05-13,10.51,137
2002-05-14,10.475,137
2002-05-15,10.406,137
2002-05-16,10.188,137
2002-05-17,10.227,137
2002-05-18,10.258,137
2002-05-19,10.229,137
2002-05-20,10.972,137
2002-05-21,11.546,137
2002-05-22,11.48,137
2002-05-23,11.266,137
2002-05-24,11.143,137
2002-05-25,11.114,137
2002-05-26,11.141,137
2002-05-27,11.186,137
2002-05-28,11.573,137
2002-05-29,13.115,137
2002-05-30,11.588,137
2002-05-31,10.788,137
2002-06-01,10.578,137
2002-06-02,10.133,137
2002-06-03,9.973,137
2002-06-04,9.932,137
2002-06-05,9.806,137
2002-06-06,9.448,137
2002-06-07,9.45,137
2002-06-08,9.313,137
2002-06-09,8.999,137
2002-06-10,9.015,137
2002-06-11,9.03,137
2002-06-12,9.498,137
2002-06-13,10.425,137
2002-06-14,10.415,137
2002-06-15,10.276,137
2002-06-16,10.253,137
2002-06-17,10.223,137
2002-06-18,10.049,137
2002-06-19,9.927,137
2002-06-20,9.791,137
2002-06-21,9.518,137
2002-06-22,9.423,137
2002-06-23,9.503,137
2002-06-24,9.519,137
2002-06-25,9.956,137
2002-06-26,10.481,137
2002-06-27,10.417,137
2002-06-28,10.559,137
2002-06-29,10.705,137
2002-06-30,10.621,137
2002-07-01,10.596,137
2002-07-02,10.629,137
2002-07-03,10.554,137
2002-07-04,10.357,137
2002-07-05,10.36,137
2002-07-06,10.65,137
2002-07-07,10.919,137
2002-07-08,10.98,137
2002-07-09,11.29,137
2002-07-10,10.692,137
2002-07-11,10.648,137
2002-07-12,10.599,137
2002-07-13,10.751,137
2002-07-14,10.74,137
2002-07-15,10.777,137
2002-07-16,10.798,137
2002-07-17,11.483,137
2002-07-18,11.528,137
2002-07-19,11.475,137
2002-07-20,10.866,137
2002-07-21,10.839,137
2002-07-22,11.245,137
2002-07-23,13.188,137
2002-07-24,13.73,137
2002-07-25,13.727,137
2002-07-26,12.643,137
2002-07-27,12.715,137
2002-07-28,12.689,137
2002-07-29,12.778,137
2002-07-30,12.891,137
2002-07-31,13.034,137
2002-08-01,13.161,137
2002-08-02,13.621,137
2002-08-03,13.298,137
2002-08-04,12.91,137
2002-08-05,12.687,137
2002-08-06,12.61,137
2002-08-07,12.657,137
2002-08-08,12.84,137
2002-08-09,12.847,137
2002-08-10,12.943,137
2002-08-11,13.063,137
2002-08-12,13.151,137
2002-08-13,13.177,137
2002-08-14,13.134,137
2002-08-15,13.201,137
2002-08-16,13.161,137
2002-08-17,12.719,137
2002-08-18,12.786,137
2002-08-19,12.873,137
2002-08-20,12.542,137
2002-08-21,11.957,137
2002-08-22,11.882,137
2002-08-23,11.735,137
2002-08-24,11.339,137
2002-08-25,11.359,137
2002-08-26,11.12,137
2002-08-27,10.891,137
2002-08-28,10.905,137
2002-08-29,11.319,137
2002-08-30,11.491,137
2002-08-31,12.567,137
2002-09-01,13.632,137
2002-09-02,13.855,137
2002-09-03,13.562,137
2002-09-04,13.49,137
2002-09-05,13.494,137
2002-09-06,13.461,137
2002-09-07,13.304,137
2002-09-08,13.138,137
2002-09-09,13.142,137
2002-09-10,13.181,137
2002-09-11,13.234,137
2002-09-12,13.313,137
2002-09-13,13.408,137
2002-09-14,13.516,137
2002-09-15,13.704,137
2002-09-16,13.585,137
2002-09-17,13.493,137
2002-09-18,13.445,137
2002-09-19,14.327,137
2002-09-20,14.954,137
2002-09-21,14.934,137
2002-09-22,14.391,137
2002-09-23,14.032,137
2002-09-24,14.187,137
2002-09-25,14.424,137
2002-09-26,14.593,137
2002-09-27,15.645,137
2002-09-28,15.803,137
2002-09-29,15.577,137
2002-09-30,14.364,137
2002-10-01,13.878,137
2002-10-02,13.695,137
2002-10-03,13.544,137
2002-10-04,13.465,137
2002-10-05,13.601,137
2002-10-06,13.767,137
2002-10-07,14.081,137
2002-10-08,14.33,137
2002-10-09,14.473,137
2002-10-10,14.175,137
2002-10-11,14.172,137
2002-10-12,14.188,137
2002-10-13,14.184,137
2002-10-14,14.092,137
2002-10-15,13.955,137
2002-10-16,13.874,137
2002-10-17,13.969,137
2002-10-18,13.755,137
2002-10-19,13.511,137
2002-10-20,13.358,137
2002-10-21,13.29,137
2002-10-22,13.25,137
2002-10-23,13.159,137
2002-10-24,13.139,137
2002-10-25,13.366,137
2002-10-26,12.926,137
2002-10-27,12.828,137
2002-10-28,12.783,137
2002-10-29,12.629,137
2002-10-30,12.483,137
2002-10-31,12.408,137
2002-11-01,12.612,137
2002-11-02,12.705,137
2002-11-03,12.749,137
2002-11-04,12.803,137
2002-11-05,12.755,137
2002-11-06,12.928,137
2002-11-07,13.114,137
2002-11-08,13.401,137
2002-11-09,13.36,137
2002-11-10,13.18,137
2002-11-11,13.094,137
2002-11-12,13.471,137
2002-11-13,13.604,137
2002-11-14,13.635,137
2002-11-15,13.689,137
2002-11-16,13.583,137
2002-11-17,13.545,137
2002-11-18,13.4,137
2002-11-19,13.139,137
2002-11-20,13.415,137
2002-11-21,13.469,137
2002-11-22,13.446,137
2002-11-23,12.816,137
2002-11-24,12.851,137
2002-11-25,12.854,137
2002-11-26,13.158,137
2002-11-27,13.324,137
2002-11-28,13.403,137
2002-11-29,13.405,137
2002-11-30,13.323,137
2002-12-01,13.318,137
2002-12-02,13.33,137
2002-12-03,13.403,137
2002-12-04,13.404,137
2002-12-05,13.39,137
2002-12-06,13.547,137
2002-12-07,13.538,137
2002-12-08,13.531,137
2002-12-09,13.455,137
2002-12-10,13.48,137
2002-12-11,13.54,137
2002-12-12,13.604,137
2002-12-13,13.466,137
2002-12-14,13.303,137
2002-12-15,13.28,137
2002-12-16,13.486,137
2002-12-17,13.5,137
2002-12-18,13.416,137
2002-12-19,13.331,137
2002-12-20,13.108,137
2002-12-21,12.976,137
2002-12-22,12.991,137
2002-12-23,12.95,137
2002-12-24,12.9,137
2002-12-25,12.91,137
2002-12-26,12.88,137
2002-12-27,12.841,137
2002-12-28,12.735,137
2002-12-29,12.663,137
2002-12-30,12.667,137
2002-12-31,12.629,137
2003-01-01,12.532,137
2003-01-02,12.486,137
2003-01-03,12.494,137
2003-01-04,12.527,137
2003-01-05,12.866,137
2003-01-06,12.922,137
2003-01-07,12.898,137
2003-01-08,13.12,137
2003-01-09,13.035,137
2003-01-10,13.047,137
2003-01-11,13.064,137
2003-01-12,13.029,137
2003-01-13,13.041,137
2003-01-14,13.036,137
2003-01-15,13.148,137
2003-01-16,13.226,137
2003-01-17,13.239,137
2003-01-18,13.211,137
2003-01-19,13.165,137
2003-01-20,12.949,137
2003-01-21,12.81,137
2003-01-22,12.802,137
2003-01-23,12.815,137
2003-01-24,12.829,137
2003-01-25,12.873,137
2003-01-26,13.207,137
2003-01-27,13.139,137
2003-01-28,13.062,137
2003-01-29,13.091,137
2003-01-30,13.087,137
2003-01-31,13.276,137
2003-02-01,13.198,137
2003-02-02,13.153,137
2003-02-03,13.149,137
2003-02-04,13.085,137
2003-02-05,13.023,137
2003-02-06,12.901,137
2003-02-07,12.805,137
2003-02-08,12.75,137
2003-02-09,12.836,137
2003-02-10,12.904,137
2003-02-11,12.804,137
2003-02-12,12.684,137
2003-02-13,12.573,137
2003-02-14,12.566,137
2003-02-15,12.585,137
2003-02-16,12.631,137
2003-02-17,13.216,137
2003-02-18,13.273,137
2003-02-19,13.248,137
2003-02-20,13.045,137
2003-02-21,12.951,137
2003-02-22,12.835,137
2003-02-23,12.413,137
2003-02-24,12.265,137
2003-02-25,12.439,137
2003-02-26,12.502,137
2003-02-27,12.468,137
2003-02-28,12.28,137
2003-03-01,11.987,137
2003-03-02,11.833,137
2003-03-03,11.866,137
2003-03-04,12.363,137
2003-03-05,12.483,137
2003-03-06,12.415,137
2003-03-07,12.377,137
2003-03-08,12.342,137
2003-03-09,12.481,137
2003-03-10,12.565,137
2003-03-11,12.512,137
2003-03-12,12.54,137
2003-03-13,12.621,137
2003-03-14,12.511,137
2003-03-15,12.504,137
2003-03-16,12.377,137
2003-03-17,12.295,137
2003-03-18,12.104,137
2003-03-19,11.862,137
2003-03-20,11.828,137
2003-03-21,11.87,137
2003-03-22,12.166,137
2003-03-23,12.374,137
2003-03-24,12.268,137
2003-03-25,12.283,137
2003-03-26,11.227,137
2003-03-27,11.838,137
2003-03-28,11.837,137
2003-03-29,11.892,137
2003-03-30,12.763,137
2003-03-31,12.926,137
2003-04-01,11.813,137
2003-04-02,11.648,137
2003-04-03,11.63,137
2003-04-04,11.576,137
2003-04-05,11.477,137
2003-04-06,11.562,137
2003-04-07,11.789,137
2003-04-08,12.037,137
2003-04-09,13.088,137
2003-04-10,12.961,137
2003-04-11,12.847,137
2003-04-12,12.336,137
2003-04-13,12.342,137
2003-04-14,12.329,137
2003-04-15,12.529,137
2003-04-16,12.24,137
2003-04-17,12.228,137
2003-04-18,12.027,137
2003-04-19,11.847,137
2003-04-20,11.643,137
2003-04-21,11.519,137
2003-04-22,11.424,137
2003-04-23,11.17,137
2003-04-24,11.249,137
2003-04-25,12.093,137
2003-04-26,12.245,137
2003-04-27,12.281,137
2003-04-28,12.135,137
2003-04-29,12.114,137
2003-04-30,12.11,137
2003-05-01,12.116,137
2003-05-02,12.205,137
2003-05-03,12.32,137
2003-05-04,12.793,137
2003-05-05,12.845,137
2003-05-06,12.742,137
2003-05-07,11.92,137
2003-05-08,11.727,137
2003-05-09,11.577,137
2003-05-10,11.544,137
2003-05-11,11.558,137
2003-05-12,11.617,137
2003-05-13,11.621,137
2003-05-14,11.056,137
2003-05-15,10.844,137
2003-05-16,10.727,137
2003-05-17,10.583,137
2003-05-18,9.52,137
2003-05-19,9.564,137
2003-05-20,9.561,137
2003-05-21,9.405,137
2003-05-22,9.47,137
2003-05-23,9.562,137
2003-05-24,9.583,137
2003-05-25,9.893,137
2003-05-26,10.893,137
2003-05-27,10.844,137
2003-05-28,10.628,137
2003-05-29,10.578,137
2003-05-30,10.148,137
2003-05-31,10.061,137
2003-06-01,10.058,137
2003-06-02,10.014,137
2003-06-03,10.047,137
2003-06-04,10.115,137
2003-06-05,10.411,137
2003-06-06,10.629,137
2003-06-07,10.789,137
2003-06-08,10.85,137
2003-06-09,10.895,137
2003-06-10,11.057,137
2003-06-11,11.053,137
2003-06-12,12.28,137
2003-06-13,12.281,137
2003-06-14,12.298,137
2003-06-15,12.006,137
2003-06-16,11.286,137
2003-06-17,11.293,137
2003-06-18,11.281,137
2003-06-19,10.733,137
2003-06-20,10.751,137
2003-06-21,10.722,137
2003-06-22,10.327,137
2003-06-23,9.947,137
2003-06-24,9.732,137
2003-06-25,9.866,137
2003-06-26,10.698,137
2003-06-27,12.353,137
2003-06-28,12.477,137
2003-06-29,12.383,137
2003-06-30,12.235,137
2003-07-01,12.148,137
2003-07-02,12.056,137
2003-07-03,11.995,137
2003-07-04,11.786,137
2003-07-05,10.888,137
2003-07-06,10.596,137
2003-07-07,10.651,137
2003-07-08,10.663,137
2003-07-09,10.659,137
2003-07-10,10.643,137
2003-07-11,10.75,137
2003-07-12,10.755,137
2003-07-13,10.501,137
2003-07-14,10.445,137
2003-07-15,10.34,137
2003-07-16,10.335,137
2003-07-17,10.33,137
2003-07-18,10.283,137
2003-07-19,10.281,137
2003-07-20,10.293,137
2003-07-21,10.395,137
2003-07-22,10.635,137
2003-07-23,10.951,137
2003-07-24,11.808,137
2003-07-25,11.718,137
2003-07-26,11.744,137
2003-07-27,11.602,137
2003-07-28,11.571,137
2003-07-29,11.558,137
2003-07-30,11.662,137
2003-07-31,11.838,137
2003-08-01,12.3,137
2003-08-02,13.951,137
2003-08-03,15.127,137
2003-08-04,15.677,137
2003-08-05,15.755,137
2003-08-06,15.808,137
2003-08-07,15.855,137
2003-08-08,16.46,137
2003-08-09,16.538,137
2003-08-10,16.545,137
2003-08-11,15.917,137
2003-08-12,14.879,137
2003-08-13,14.62,137
2003-08-14,14.778,137
2003-08-15,14.736,137
2003-08-16,14.377,137
2003-08-17,14.179,137
2003-08-18,14.226,137
2003-08-19,13.465,137
2003-08-20,13.881,137
2003-08-21,14.85,137
2003-08-22,16.027,137
2003-08-23,16.607,137
2003-08-24,16.3,137
2003-08-25,15.682,137
2003-08-26,15.266,137
2003-08-27,15.009,137
2003-08-28,14.45,137
2003-08-29,14.296,137
2003-08-30,14.04,137
2003-08-31,13.669,137
2003-09-01,13.688,137
2003-09-02,13.731,137
2003-09-03,14.742,137
2003-09-04,15.668,137
2003-09-05,16.854,137
2003-09-06,17.192,137
2003-09-07,15.932,137
2003-09-08,14.817,137
2003-09-09,14.463,137
2003-09-10,13.759,137
2003-09-11,13.728,137
2003-09-12,13.893,137
2003-09-13,14.366,137
2003-09-14,14.515,137
2003-09-15,13.893,137
2003-09-16,13.944,137
2003-09-17,13.895,137
2003-09-18,13.706,137
2003-09-19,13.529,137
2003-09-20,13.466,137
2003-09-21,13.791,137
2003-09-22,15.385,137
2003-09-23,15.78,137
2003-09-24,15.636,137
2003-09-25,15.58,137
2003-09-26,15.321,137
2003-09-27,14.044,137
2003-09-28,13.935,137
2003-09-29,13.693,137
2003-09-30,13.442,137
2003-10-01,13.234,137
2003-10-02,13.199,137
2003-10-03,12.933,137
2003-10-04,12.952,137
2003-10-05,12.938,137
2003-10-06,12.763,137
2003-10-07,12.545,137
2003-10-08,12.634,137
2003-10-09,12.319,137
2003-10-10,12.093,137
2003-10-11,11.847,137
2003-10-12,11.47,137
2003-10-13,11.415,137
2003-10-14,11.382,137
2003-10-15,11.326,137
2003-10-16,11.279,137
2003-10-17,11.468,137
2003-10-18,11.139,137
2003-10-19,11.496,137
2003-10-20,12.593,137
2003-10-21,12.642,137
2003-10-22,12.374,137
2003-10-23,12.04,137
2003-10-24,12.273,137
2003-10-25,12.628,137
2003-10-26,13.552,137
2003-10-27,13.861,137
2003-10-28,13.322,137
2003-10-29,13.065,137
2003-10-30,12.834,137
2003-10-31,12.043,137
2003-11-01,12.247,137
2003-11-02,11.946,137
2003-11-03,11.764,137
2003-11-04,11.757,137
2003-11-05,11.791,137
2003-11-06,12.04,137
2003-11-07,12.453,137
2003-11-08,13.064,137
2003-11-09,13.106,137
2003-11-10,13.154,137
2003-11-11,13.403,137
2003-11-12,13.45,137
2003-11-13,13.574,137
2003-11-14,13.667,137
2003-11-15,13.421,137
2003-11-16,13.291,137
2003-11-17,13.298,137
2003-11-18,13.333,137
2003-11-19,13.225,137
2003-11-20,12.633,137
2003-11-21,12.112,137
2003-11-22,12.015,137
2003-11-23,11.96,137
2003-11-24,11.85,137
2003-11-25,11.91,137
2003-11-26,11.866,137
2003-11-27,11.787,137
2003-11-28,11.625,137
2003-11-29,11.838,137
2003-11-30,11.739,137
2003-12-01,11.823,137
2003-12-02,11.97,137
2003-12-03,12.145,137
2003-12-04,12.322,137
2003-12-05,12.426,137
2003-12-06,13.163,137
2003-12-07,13.151,137
2003-12-08,13.165,137
2003-12-09,13.194,137
2003-12-10,13.146,137
2003-12-11,13.096,137
2003-12-12,12.974,137
2003-12-13,13.021,137
2003-12-14,12.994,137
2003-12-15,12.989,137
2003-12-16,12.812,137
2003-12-17,12.933,137
2003-12-18,12.892,137
2003-12-19,12.884,137
2003-12-20,12.842,137
2003-12-21,12.819,137
2003-12-22,12.832,137
2003-12-23,12.855,137
2003-12-24,12.799,137
2003-12-25,12.669,137
2003-12-26,12.429,137
2003-12-27,12.454,137
2003-12-28,12.445,137
2003-12-29,12.481,137
2003-12-30,12.489,137
2003-12-31,12.485,137
2004-01-01,12.665,137
2004-01-02,12.508,137
2004-01-03,12.453,137
2004-01-04,12.32,137
2004-01-05,12.237,137
2004-01-06,12.215,137
2004-01-07,12.178,137
2004-01-08,12.436,137
2004-01-09,12.438,137
2004-01-10,12.439,137
2004-01-11,12.404,137
2004-01-12,12.515,137
2004-01-13,12.56,137
2004-01-14,12.514,137
2004-01-15,12.509,137
2004-01-16,12.473,137
2004-01-17,12.385,137
2004-01-18,12.471,137
2004-01-19,12.345,137
2004-01-20,12.492,137
2004-01-21,12.46,137
2004-01-22,12.382,137
2004-01-23,12.118,137
2004-01-24,12.209,137
2004-01-25,12.212,137
2004-01-26,12.198,137
2004-01-27,12.098,137
2004-01-28,12.114,137
2004-01-29,12.169,137
2004-01-30,12.169,137
2004-01-31,12.174,137
2004-02-01,12.171,137
2004-02-02,12.151,137
2004-02-03,11.753,137
2004-02-04,11.732,137
2004-02-05,11.652,137
2004-02-06,11.519,137
2004-02-07,11.746,137
2004-02-08,11.796,137
2004-02-09,11.843,137
2004-02-10,11.977,137
2004-02-11,11.981,137
2004-02-12,11.862,137
2004-02-13,11.604,137
2004-02-14,11.786,137
2004-02-15,11.758,137
2004-02-16,11.826,137
2004-02-17,11.63,137
2004-02-18,11.569,137
2004-02-19,11.574,137
2004-02-20,11.38,137
2004-02-21,11.229,137
2004-02-22,11.68,137
2004-02-23,12.054,137
2004-02-24,12.143,137
2004-02-25,12.191,137
2004-02-26,12.105,137
2004-02-27,11.955,137
2004-02-28,11.917,137
2004-02-29,11.863,137
2004-03-01,11.957,137
2004-03-02,11.895,137
2004-03-03,11.761,137
2004-03-04,11.691,137
2004-03-05,11.574,137
2004-03-06,11.989,137
2004-03-07,11.845,137
2004-03-08,11.899,137
2004-03-09,11.834,137
2004-03-10,11.832,137
2004-03-11,11.581,137
2004-03-12,11.499,137
2004-03-13,11.473,137
2004-03-14,11.426,137
2004-03-15,11.561,137
2004-03-16,11.643,137
2004-03-17,11.647,137
2004-03-18,11.575,137
2004-03-19,11.413,137
2004-03-20,11.442,137
2004-03-21,11.925,137
2004-03-22,11.686,137
2004-03-23,11.625,137
2004-03-24,11.712,137
2004-03-25,11.808,137
2004-03-26,12.136,137
2004-03-27,12.225,137
2004-03-28,12.283,137
2004-03-29,12.192,137
2004-03-30,11.426,137
2004-03-31,10.993,137
2004-04-01,10.393,137
2004-04-02,10.291,137
2004-04-03,10.274,137
2004-04-04,10.56,137
2004-04-05,10.438,137
2004-04-06,10.391,137
2004-04-07,10.502,137
2004-04-08,10.55,137
2004-04-09,10.403,137
2004-04-10,9.844,137
2004-04-11,9.908,137
2004-04-12,10.79,137
2004-04-13,10.88,137
2004-04-14,10.983,137
2004-04-15,12.186,137
2004-04-16,12.43,137
2004-04-17,12.535,137
2004-04-18,12.378,137
2004-04-19,12.353,137
2004-04-20,12.272,137
2004-04-21,11.847,137
2004-04-22,11.675,137
2004-04-23,11.535,137
2004-04-24,11.507,137
2004-04-25,11.695,137
2004-04-26,13.038,137
2004-04-27,12.696,137
2004-04-28,12.319,137
2004-04-29,12.307,137
2004-04-30,12.26,137
2004-05-01,12.419,137
2004-05-02,12.419,137
2004-05-03,12.07,137
2004-05-04,11.764,137
2004-05-05,11.809,137
2004-05-06,11.855,137
2004-05-07,12.035,137
2004-05-08,13.347,137
2004-05-09,12.859,137
2004-05-10,12.617,137
2004-05-11,11.96,137
2004-05-12,11.488,137
2004-05-13,11.376,137
2004-05-14,11.373,137
2004-05-15,11.43,137
2004-05-16,11.423,137
2004-05-17,11.521,137
2004-05-18,11.987,137
2004-05-19,12.222,137
2004-05-20,12.082,137
2004-05-21,12.09,137
2004-05-22,12.695,137
2004-05-23,12.753,137
2004-05-24,12.782,137
2004-05-25,12.584,137
2004-05-26,12.504,137
2004-05-27,13.74,137
2004-05-28,13.714,137
2004-05-29,13.57,137
2004-05-30,13.257,137
2004-05-31,12.337,137
2004-06-01,12.298,137
2004-06-02,12.193,137
2004-06-03,12.115,137
2004-06-04,12.245,137
2004-06-05,12.42,137
2004-06-06,12.399,137
2004-06-07,12.475,137
2004-06-08,12.489,137
2004-06-09,12.568,137
2004-06-10,12.56,137
2004-06-11,12.509,137
2004-06-12,12.409,137
2004-06-13,12.218,137
2004-06-14,12.227,137
2004-06-15,11.969,137
2004-06-16,11.961,137
2004-06-17,11.986,137
2004-06-18,11.736,137
2004-06-19,11.773,137
2004-06-20,11.658,137
2004-06-21,11.332,137
2004-06-22,11.244,137
2004-06-23,11.537,137
2004-06-24,12.077,137
2004-06-25,12.25,137
2004-06-26,12.186,137
2004-06-27,12.132,137
2004-06-28,12.056,137
2004-06-29,11.653,137
2004-06-30,12.315,137
2004-07-01,11.911,137
2004-07-02,11.657,137
2004-07-03,11.334,137
2004-07-04,11.104,137
2004-07-05,10.337,137
2004-07-06,10.807,137
2004-07-07,11.588,137
2004-07-08,11.922,137
2004-07-09,12.98,137
2004-07-10,13.462,137
2004-07-11,13.428,137
2004-07-12,13.371,137
2004-07-13,13.69,137
2004-07-14,14.067,137
2004-07-15,14.202,137
2004-07-16,14.286,137
2004-07-17,14.575,137
2004-07-18,14.967,137
2004-07-19,14.73,137
2004-07-20,14.24,137
2004-07-21,13.653,137
2004-07-22,13.328,137
2004-07-23,13.203,137
2004-07-24,13.512,137
2004-07-25,13.727,137
2004-07-26,13.856,137
2004-07-27,13.785,137
2004-07-28,13.713,137
2004-07-29,13.88,137
2004-07-30,14.315,137
2004-07-31,14.125,137
2004-08-01,13.969,137
2004-08-02,13.793,137
2004-08-03,13.078,137
2004-08-04,13.089,137
2004-08-05,13.275,137
2004-08-06,13.918,137
2004-08-07,14.026,137
2004-08-08,13.951,137
2004-08-09,13.96,137
2004-08-10,13.961,137
2004-08-11,13.936,137
2004-08-12,14.137,137
2004-08-13,14.125,137
2004-08-14,14.251,137
2004-08-15,14.207,137
2004-08-16,14.183,137
2004-08-17,13.917,137
2004-08-18,13.969,137
2004-08-19,13.785,137
2004-08-20,13.81,137
2004-08-21,14.067,137
2004-08-22,15.002,137
2004-08-23,14.941,137
2004-08-24,15.475,137
2004-08-25,16.262,137
2004-08-26,16.216,137
2004-08-27,16.029,137
2004-08-28,15.571,137
2004-08-29,15.681,137
2004-08-30,15.869,137
2004-08-31,15.679,137
2004-09-01,15.145,137
2004-09-02,14.251,137
2004-09-03,13.737,137
2004-09-04,13.536,137
2004-09-05,13.705,137
2004-09-06,14.29,137
2004-09-07,14.703,137
2004-09-08,14.429,137
2004-09-09,14.022,137
2004-09-10,14.306,137
2004-09-11,14.544,137
2004-09-12,14.809,137
2004-09-13,14.918,137
2004-09-14,14.831,137
2004-09-15,14.563,137
2004-09-16,13.37,137
2004-09-17,12.648,137
2004-09-18,12.64,137
2004-09-19,13.256,137
2004-09-20,13.372,137
2004-09-21,13.329,137
2004-09-22,13.327,137
2004-09-23,13.206,137
2004-09-24,13.063,137
2004-09-25,12.736,137
2004-09-26,12.308,137
2004-09-27,12.259,137
2004-09-28,12.203,137
2004-09-29,12.06,137
2004-09-30,12.077,137
2004-10-01,12.155,137
2004-10-02,12.241,137
2004-10-03,12.286,137
2004-10-04,13.152,137
2004-10-05,13.218,137
2004-10-06,13.214,137
2004-10-07,13.308,137
2004-10-08,13.609,137
2004-10-09,13.329,137
2004-10-10,13.086,137
2004-10-11,13.035,137
2004-10-12,13.582,137
2004-10-13,14.061,137
2004-10-14,14.494,137
2004-10-15,14.5,137
2004-10-16,14.654,137
2004-10-17,14.893,137
2004-10-18,14.879,137
2004-10-19,14.746,137
2004-10-20,14.884,137
2004-10-21,14.725,137
2004-10-22,14.602,137
2004-10-23,14.17,137
2004-10-24,14.033,137
2004-10-25,13.96,137
2004-10-26,13.642,137
2004-10-27,13.567,137
2004-10-28,13.583,137
2004-10-29,13.548,137
2004-10-30,13.449,137
2004-10-31,13.376,137
2004-11-01,13.402,137
2004-11-02,13.434,137
2004-11-03,13.589,137
2004-11-04,13.442,137
2004-11-05,13.457,137
2004-11-06,13.49,137
2004-11-07,13.389,137
2004-11-08,13.398,137
2004-11-09,13.522,137
2004-11-10,13.844,137
2004-11-11,14.187,137
2004-11-12,14.107,137
2004-11-13,14,137
2004-11-14,13.938,137
2004-11-15,13.966,137
2004-11-16,14.113,137
2004-11-17,14.156,137
2004-11-18,14.119,137
2004-11-19,13.935,137
2004-11-20,13.788,137
2004-11-21,13.688,137
2004-11-22,13.528,137
2004-11-23,13.47,137
2004-11-24,13.424,137
2004-11-25,12.89,137
2004-11-26,12.995,137
2004-11-27,12.558,137
2004-11-28,12.489,137
2004-11-29,12.401,137
2004-11-30,12.207,137
2004-12-01,12.409,137
2004-12-02,12.491,137
2004-12-03,12.506,137
2004-12-04,12.45,137
2004-12-05,12.35,137
2004-12-06,12.33,137
2004-12-07,12.318,137
2004-12-08,12.36,137
2004-12-09,12.373,137
2004-12-10,12.578,137
2004-12-11,12.61,137
2004-12-12,12.593,137
2004-12-13,11.7,137
2004-12-14,11.473,137
2004-12-15,11.921,137
2004-12-16,12.548,137
2004-12-17,12.579,137
2004-12-18,12.619,137
2004-12-19,12.527,137
2004-12-20,12.564,137
2004-12-21,12.545,137
2004-12-22,12.498,137
2004-12-23,12.502,137
2004-12-24,12.488,137
2004-12-25,12.47,137
2004-12-26,12.223,137
2004-12-27,12.154,137
2004-12-28,12.233,137
2004-12-29,12.22,137
2004-12-30,12.187,137
2004-12-31,12.176,137
2005-01-01,12.165,137
2005-01-02,12.182,137
2005-01-03,12.219,137
2005-01-04,12.233,137
2005-01-05,12.291,137
2005-01-06,12.316,137
2005-01-07,12.275,137
2005-01-08,12.175,137
2005-01-09,12.144,137
2005-01-10,12.109,137
2005-01-11,11.813,137
2005-01-12,11.808,137
2005-01-13,11.795,137
2005-01-14,11.892,137
2005-01-15,11.947,137
2005-01-16,11.951,137
2005-01-17,11.974,137
2005-01-18,12.283,137
2005-01-19,12.331,137
2005-01-20,12.415,137
2005-01-21,12.467,137
2005-01-22,12.502,137
2005-01-23,12.404,137
2005-01-24,12.274,137
2005-01-25,12.277,137
2005-01-26,12.237,137
2005-01-27,12.639,137
2005-01-28,12.754,137
2005-01-29,12.839,137
2005-01-30,12.803,137
2005-01-31,12.913,137
2005-02-01,12.926,137
2005-02-02,12.893,137
2005-02-03,12.908,137
2005-02-04,12.926,137
2005-02-05,12.374,137
2005-02-06,12.308,137
2005-02-07,12.25,137
2005-02-08,12.149,137
2005-02-09,12.439,137
2005-02-10,12.533,137
2005-02-11,12.487,137
2005-02-12,12.427,137
2005-02-13,12.39,137
2005-02-14,12.331,137
2005-02-15,12.099,137
2005-02-16,12.044,137
2005-02-17,12.182,137
2005-02-18,12.43,137
2005-02-19,12.568,137
2005-02-20,12.785,137
2005-02-21,13.05,137
2005-02-22,13.019,137
2005-02-23,13.04,137
2005-02-24,12.975,137
2005-02-25,12.94,137
2005-02-26,12.886,137
2005-02-27,12.937,137
2005-02-28,13.02,137
2005-03-01,12.894,137
2005-03-02,12.831,137
2005-03-03,13.044,137
2005-03-04,13.232,137
2005-03-05,13.271,137
2005-03-06,13.249,137
2005-03-07,13.236,137
2005-03-08,13.171,137
2005-03-09,13.274,137
2005-03-10,13.275,137
2005-03-11,13.3,137
2005-03-12,13.276,137
2005-03-13,13.447,137
2005-03-14,13.539,137
2005-03-15,13.594,137
2005-03-16,13.669,137
2005-03-17,13.498,137
2005-03-18,13.443,137
2005-03-19,13.302,137
2005-03-20,13.288,137
2005-03-21,13.224,137
2005-03-22,13.109,137
2005-03-23,13.237,137
2005-03-24,13.1,137
2005-03-25,12.974,137
2005-03-26,12.907,137
2005-03-27,12.9,137
2005-03-28,12.915,137
2005-03-29,12.985,137
2005-03-30,13.073,137
2005-03-31,12.978,137
2005-04-01,12.984,137
2005-04-02,12.689,137
2005-04-03,12.749,137
2005-04-04,12.754,137
2005-04-05,12.849,137
2005-04-06,12.93,137
2005-04-07,12.797,137
2005-04-08,12.393,137
2005-04-09,12.319,137
2005-04-10,12.198,137
2005-04-11,11.901,137
2005-04-12,11.866,137
2005-04-13,11.806,137
2005-04-14,11.674,137
2005-04-15,11.598,137
2005-04-16,11.057,137
2005-04-17,10.928,137
2005-04-18,10.839,137
2005-04-19,10.588,137
2005-04-20,10.393,137
2005-04-21,10.266,137
2005-04-22,10.168,137
2005-04-23,11.371,137
2005-04-24,12.391,137
2005-04-25,12.814,137
2005-04-26,13.143,137
2005-04-27,13.262,137
2005-04-28,13.299,137
2005-04-29,13.175,137
2005-04-30,13.04,137
2005-05-01,13.166,137
2005-05-02,13.526,137
2005-05-03,13.618,137
2005-05-04,13.759,137
2005-05-05,13.985,137
2005-05-06,13.923,137
2005-05-07,13.912,137
2005-05-08,13.718,137
2005-05-09,13.598,137
2005-05-10,13.609,137
2005-05-11,13.605,137
2005-05-12,13.54,137
2005-05-13,12.939,137
2005-05-14,12.833,137
2005-05-15,13.606,137
2005-05-16,13.723,137
2005-05-17,13.677,137
2005-05-18,13.923,137
2005-05-19,14.235,137
2005-05-20,14.508,137
2005-05-21,13.918,137
2005-05-22,13.564,137
2005-05-23,12.943,137
2005-05-24,12.06,137
2005-05-25,11.924,137
2005-05-26,12.097,137
2005-05-27,12.605,137
2005-05-28,13.159,137
2005-05-29,13.161,137
2005-05-30,13.013,137
2005-05-31,12.251,137
2005-06-01,10.981,137
2005-06-02,10.746,137
2005-06-03,10.516,137
2005-06-04,10.173,137
2005-06-05,10.227,137
2005-06-06,10.51,137
2005-06-07,11.412,137
2005-06-08,11.978,137
2005-06-09,11.908,137
2005-06-10,11.664,137
2005-06-11,10.905,137
2005-06-12,10.464,137
2005-06-13,10.417,137
2005-06-14,10.265,137
2005-06-15,10.193,137
2005-06-16,10.163,137
2005-06-17,10.95,137
2005-06-18,12.132,137
2005-06-19,13.972,137
2005-06-20,14.655,137
2005-06-21,14.315,137
2005-06-22,13.487,137
2005-06-23,12.908,137
2005-06-24,12.506,137
2005-06-25,12.328,137
2005-06-26,12.476,137
2005-06-27,12.5,137
2005-06-28,12.604,137
2005-06-29,12.505,137
2005-06-30,12.729,137
2005-07-01,12.639,137
2005-07-02,12.322,137
2005-07-03,11.645,137
2005-07-04,11.569,137
2005-07-05,11.471,137
2005-07-06,10.933,137
2005-07-07,10.977,137
2005-07-08,11.019,137
2005-07-09,11.69,137
2005-07-10,12.181,137
2005-07-11,11.83,137
2005-07-12,11.63,137
2005-07-13,11.481,137
2005-07-14,11.119,137
2005-07-15,11.318,137
2005-07-16,11.665,137
2005-07-17,12.046,137
2005-07-18,12.761,137
2005-07-19,13.074,137
2005-07-20,13.462,137
2005-07-21,14.9,137
2005-07-22,14.925,137
2005-07-23,14.755,137
2005-07-24,14.413,137
2005-07-25,13.252,137
2005-07-26,12.938,137
2005-07-27,12.99,137
2005-07-28,13.193,137
2005-07-29,13.199,137
2005-07-30,13.125,137
2005-07-31,12.838,137
2005-08-01,12.828,137
2005-08-02,12.847,137
2005-08-03,12.962,137
2005-08-04,13.101,137
2005-08-05,13.34,137
2005-08-06,13.564,137
2005-08-07,13.491,137
2005-08-08,13.48,137
2005-08-09,13.387,137
2005-08-10,13.887,137
2005-08-11,13.901,137
2005-08-12,13.892,137
2005-08-13,13.642,137
2005-08-14,13.45,137
2005-08-15,13.316,137
2005-08-16,13.199,137
2005-08-17,12.736,137
2005-08-18,12.824,137
2005-08-19,13.102,137
2005-08-20,13.725,137
2005-08-21,13.665,137
2005-08-22,13.33,137
2005-08-23,13.005,137
2005-08-24,12.95,137
2005-08-25,13.077,137
2005-08-26,13.52,137
2005-08-27,13.562,137
2005-08-28,13.549,137
2005-08-29,13.138,137
2005-08-30,13.028,137
2005-08-31,12.984,137
2005-09-01,13.373,137
2005-09-02,13.237,137
2005-09-03,13.174,137
2005-09-04,13.227,137
2005-09-05,13.24,137
2005-09-06,13.189,137
2005-09-07,13.155,137
2005-09-08,13.209,137
2005-09-09,13.16,137
2005-09-10,13.326,137
2005-09-11,13.432,137
2005-09-12,13.411,137
2005-09-13,13.397,137
2005-09-14,13.367,137
2005-09-15,13.071,137
2005-09-16,13.129,137
2005-09-17,13.149,137
2005-09-18,13.087,137
2005-09-19,12.752,137
2005-09-20,12.595,137
2005-09-21,12.768,137
2005-09-22,12.808,137
2005-09-23,12.733,137
2005-09-24,12.9,137
2005-09-25,13.166,137
2005-09-26,13.407,137
2005-09-27,13.532,137
2005-09-28,13.38,137
2005-09-29,13.388,137
2005-09-30,13.354,137
2005-10-01,13.541,137
2005-10-02,13.875,137
2005-10-03,14.177,137
2005-10-04,14.121,137
2005-10-05,13.916,137
2005-10-06,13.314,137
2005-10-07,13.151,137
2005-10-08,12.763,137
2005-10-09,12.417,137
2005-10-10,12.404,137
2005-10-11,12.283,137
2005-10-12,12.14,137
2005-10-13,11.973,137
2005-10-14,12.172,137
2005-10-15,12.232,137
2005-10-16,12.523,137
2005-10-17,12.923,137
2005-10-18,13.936,137
2005-10-19,14.566,137
2005-10-20,14.304,137
2005-10-21,12.935,137
2005-10-22,12.941,137
2005-10-23,13.153,137
2005-10-24,13.192,137
2005-10-25,13.18,137
2005-10-26,13.295,137
2005-10-27,13.853,137
2005-10-28,14.046,137
2005-10-29,14.056,137
2005-10-30,14.02,137
2005-10-31,13.998,137
2005-11-01,13.912,137
2005-11-02,13.617,137
2005-11-03,13.912,137
2005-11-04,14.019,137
2005-11-05,14.121,137
2005-11-06,14.43,137
2005-11-07,14.218,137
2005-11-08,13.569,137
2005-11-09,13.285,137
2005-11-10,13.297,137
2005-11-11,13.272,137
2005-11-12,13.127,137
2005-11-13,12.887,137
2005-11-14,12.486,137
2005-11-15,12.54,137
2005-11-16,12.676,137
2005-11-17,12.935,137
2005-11-18,12.992,137
2005-11-19,12.954,137
2005-11-20,12.86,137
2005-11-21,12.925,137
2005-11-22,13.016,137
2005-11-23,13.028,137
2005-11-24,13.1,137
2005-11-25,13.049,137
2005-11-26,12.93,137
2005-11-27,12.812,137
2005-11-28,12.635,137
2005-11-29,12.798,137
2005-11-30,12.908,137
2005-12-01,13.102,137
2005-12-02,13.084,137
2005-12-03,12.879,137
2005-12-04,12.752,137
2005-12-05,12.821,137
2005-12-06,13.087,137
2005-12-07,13.092,137
2005-12-08,13.232,137
2005-12-09,13.238,137
2005-12-10,13.244,137
2005-12-11,13.261,137
2005-12-12,12.613,137
2005-12-13,12.488,137
2005-12-14,12.496,137
2005-12-15,12.511,137
2005-12-16,12.511,137
2005-12-17,12.352,137
2005-12-18,12.395,137
2005-12-19,12.438,137
2005-12-20,12.46,137
2005-12-21,12.534,137
2005-12-22,12.656,137
2005-12-23,12.648,137
2005-12-24,12.701,137
2005-12-25,12.878,137
2005-12-26,12.95,137
2005-12-27,13.201,137
2005-12-28,13.272,137
2005-12-29,13.209,137
2005-12-30,13.172,137
2005-12-31,13.174,137
2006-01-01,13.145,137
2006-01-02,13.156,137
2006-01-03,12.919,137
2006-01-04,12.955,137
2006-01-05,12.969,137
2006-01-06,12.937,137
2006-01-07,12.884,137
2006-01-08,12.796,137
2006-01-09,12.79,137
2006-01-10,12.825,137
2006-01-11,12.883,137
2006-01-12,12.857,137
2006-01-13,12.845,137
2006-01-14,12.784,137
2006-01-15,12.652,137
2006-01-16,12.558,137
2006-01-17,12.504,137
2006-01-18,12.447,137
2006-01-19,12.381,137
2006-01-20,12.459,137
2006-01-21,12.619,137
2006-01-22,12.656,137
2006-01-23,12.662,137
2006-01-24,12.706,137
2006-01-25,12.633,137
2006-01-26,12.592,137
2006-01-27,12.564,137
2006-01-28,12.465,137
2006-01-29,12.505,137
2006-01-30,12.474,137
2006-01-31,12.583,137
2006-02-01,12.585,137
2006-02-02,12.627,137
2006-02-03,12.926,137
2006-02-04,12.84,137
2006-02-05,12.869,137
2006-02-06,12.933,137
2006-02-07,13.008,137
2006-02-08,13.051,137
2006-02-09,13.079,137
2006-02-10,13.046,137
2006-02-11,13.003,137
2006-02-12,12.941,137
2006-02-13,12.866,137
2006-02-14,12.655,137
2006-02-15,12.305,137
2006-02-16,11.99,137
2006-02-17,11.881,137
2006-02-18,12.149,137
2006-02-19,12.193,137
2006-02-20,12.236,137
2006-02-21,12.238,137
2006-02-22,12.335,137
2006-02-23,12.397,137
2006-02-24,12.397,137
2006-02-25,12.311,137
2006-02-26,12.252,137
2006-02-27,12.21,137
2006-02-28,12.212,137
2006-03-01,12.075,137
2006-03-02,11.924,137
2006-03-03,11.946,137
2006-03-04,12.037,137
2006-03-05,12.04,137
2006-03-06,11.979,137
2006-03-07,11.932,137
2006-03-08,11.909,137
2006-03-09,11.842,137
2006-03-10,11.563,137
2006-03-11,11.508,137
2006-03-12,11.462,137
2006-03-13,11.448,137
2006-03-14,11.564,137
2006-03-15,11.701,137
2006-03-16,11.69,137
2006-03-17,11.633,137
2006-03-18,11.553,137
2006-03-19,11.375,137
2006-03-20,11.303,137
2006-03-21,11.269,137
2006-03-22,11.368,137
2006-03-23,11.645,137
2006-03-24,11.616,137
2006-03-25,11.628,137
2006-03-26,11.551,137
2006-03-27,11.46,137
2006-03-28,11.533,137
2006-03-29,11.709,137
2006-03-30,11.715,137
2006-03-31,11.644,137
2006-04-01,11.626,137
2006-04-02,11.598,137
2006-04-03,11.667,137
2006-04-04,11.832,137
2006-04-05,11.892,137
2006-04-06,11.89,137
2006-04-07,11.789,137
2006-04-08,12.136,137
2006-04-09,12.245,137
2006-04-10,12.275,137
2006-04-11,12.169,137
2006-04-12,12.027,137
2006-04-13,12.328,137
2006-04-14,12.455,137
2006-04-15,12.398,137
2006-04-16,12.419,137
2006-04-17,12.492,137
2006-04-18,12.466,137
2006-04-19,12.454,137
2006-04-20,12.197,137
2006-04-21,11.873,137
2006-04-22,11.979,137
2006-04-23,12.291,137
2006-04-24,12.311,137
2006-04-25,11.467,137
2006-04-26,11.314,137
2006-04-27,11.071,137
2006-04-28,10.854,137
2006-04-29,10.643,137
2006-04-30,10.599,137
2006-05-01,10.623,137
2006-05-02,10.586,137
2006-05-03,10.495,137
2006-05-04,10.189,137
2006-05-05,10.58,137
2006-05-06,10.601,137
2006-05-07,10.472,137
2006-05-08,10.28,137
2006-05-09,9.972,137
2006-05-10,10.011,137
2006-05-11,10.172,137
2006-05-12,10.184,137
2006-05-13,10.133,137
2006-05-14,10.292,137
2006-05-15,10.905,137
2006-05-16,11.39,137
2006-05-17,10.993,137
2006-05-18,10.741,137
2006-05-19,10.75,137
2006-05-20,11.313,137
2006-05-21,11.903,137
2006-05-22,12.45,137
2006-05-23,13.138,137
2006-05-24,13.276,137
2006-05-25,13.161,137
2006-05-26,13.001,137
2006-05-27,12.553,137
2006-05-28,12.084,137
2006-05-29,11.852,137
2006-05-30,11.84,137
2006-05-31,11.983,137
2006-06-01,11.984,137
2006-06-02,12.19,137
2006-06-03,12.223,137
2006-06-04,12.519,137
2006-06-05,12.376,137
2006-06-06,12.027,137
2006-06-07,11.651,137
2006-06-08,11.157,137
2006-06-09,11.007,137
2006-06-10,10.91,137
2006-06-11,10.762,137
2006-06-12,11.25,137
2006-06-13,12.038,137
2006-06-14,13.482,137
2006-06-15,12.913,137
2006-06-16,12.615,137
2006-06-17,12.01,137
2006-06-18,10.674,137
2006-06-19,10.522,137
2006-06-20,10.377,137
2006-06-21,10.298,137
2006-06-22,10.282,137
2006-06-23,10.318,137
2006-06-24,10.528,137
2006-06-25,11.112,137
2006-06-26,11.965,137
2006-06-27,12.196,137
2006-06-28,12.592,137
2006-06-29,13.7,137
2006-06-30,13.191,137
2006-07-01,12.392,137
2006-07-02,12.255,137
2006-07-03,11.973,137
2006-07-04,11.232,137
2006-07-05,11.168,137
2006-07-06,11.003,137
2006-07-07,10.877,137
2006-07-08,10.908,137
2006-07-09,10.955,137
2006-07-10,11.08,137
2006-07-11,11.095,137
2006-07-12,11.11,137
2006-07-13,11.427,137
2006-07-14,11.444,137
2006-07-15,11.302,137
2006-07-16,11.251,137
2006-07-17,11.439,137
2006-07-18,11.961,137
2006-07-19,12.635,137
2006-07-20,13.139,137
2006-07-21,13.564,137
2006-07-22,13.781,137
2006-07-23,13.375,137
2006-07-24,13.712,137
2006-07-25,13.914,137
2006-07-26,14.02,137
2006-07-27,13.925,137
2006-07-28,13.949,137
2006-07-29,13.987,137
2006-07-30,13.758,137
2006-07-31,13.281,137
2006-08-01,12.57,137
2006-08-02,12.366,137
2006-08-03,12.159,137
2006-08-04,12.229,137
2006-08-05,13.27,137
2006-08-06,13.695,137
2006-08-07,13.89,137
2006-08-08,13.644,137
2006-08-09,13.579,137
2006-08-10,13.44,137
2006-08-11,13.014,137
2006-08-12,12.97,137
2006-08-13,12.949,137
2006-08-14,13.129,137
2006-08-15,12.695,137
2006-08-16,12.542,137
2006-08-17,12.507,137
2006-08-18,12.597,137
2006-08-19,12.718,137
2006-08-20,12.992,137
2006-08-21,12.999,137
2006-08-22,12.914,137
2006-08-23,12.739,137
2006-08-24,12.639,137
2006-08-25,12.642,137
2006-08-26,12.636,137
2006-08-27,12.866,137
2006-08-28,12.586,137
2006-08-29,12.603,137
2006-08-30,12.613,137
2006-08-31,12.664,137
2006-09-01,12.751,137
2006-09-02,12.856,137
2006-09-03,13.044,137
2006-09-04,13.088,137
2006-09-05,13.101,137
2006-09-06,12.645,137
2006-09-07,12.585,137
2006-09-08,12.502,137
2006-09-09,12.372,137
2006-09-10,12.577,137
2006-09-11,12.853,137
2006-09-12,12.829,137
2006-09-13,12.986,137
2006-09-14,12.732,137
2006-09-15,12.702,137
2006-09-16,12.76,137
2006-09-17,12.746,137
2006-09-18,12.739,137
2006-09-19,12.466,137
2006-09-20,12.07,137
2006-09-21,11.823,137
2006-09-22,11.816,137
2006-09-23,11.786,137
2006-09-24,11.901,137
2006-09-25,12.231,137
2006-09-26,12.342,137
2006-09-27,12.463,137
2006-09-28,12.727,137
2006-09-29,13.021,137
2006-09-30,13.332,137
2006-10-01,14.074,137
2006-10-02,14.429,137
2006-10-03,14.576,137
2006-10-04,14.672,137
2006-10-05,14.452,137
2006-10-06,14.082,137
2006-10-07,13.959,137
2006-10-08,13.963,137
2006-10-09,14.038,137
2006-10-10,14.452,137
2006-10-11,14.498,137
2006-10-12,14.48,137
2006-10-13,14.373,137
2006-10-14,14.467,137
2006-10-15,14.571,137
2006-10-16,14.384,137
2006-10-17,14.224,137
2006-10-18,14.194,137
2006-10-19,14.243,137
2006-10-20,14.479,137
2006-10-21,14.752,137
2006-10-22,15.038,137
2006-10-23,14.322,137
2006-10-24,14.173,137
2006-10-25,14.291,137
2006-10-26,14.46,137
2006-10-27,14.693,137
2006-10-28,14.912,137
2006-10-29,14.725,137
2006-10-30,13.96,137
2006-10-31,13.914,137
2006-11-01,13.941,137
2006-11-02,14.129,137
2006-11-03,14.266,137
2006-11-04,14.524,137
2006-11-05,14.453,137
2006-11-06,14.632,137
2006-11-07,14.857,137
2006-11-08,14.725,137
2006-11-09,14.674,137
2006-11-10,14.384,137
2006-11-11,14.039,137
2006-11-12,13.955,137
2006-11-13,13.711,137
2006-11-14,13.715,137
2006-11-15,13.689,137
2006-11-16,13.808,137
2006-11-17,13.934,137
2006-11-18,13.913,137
2006-11-19,13.951,137
2006-11-20,14.27,137
2006-11-21,14.277,137
2006-11-22,14.078,137
2006-11-23,13.888,137
2006-11-24,13.646,137
2006-11-25,13.448,137
2006-11-26,13.22,137
2006-11-27,13.198,137
2006-11-28,13,137
2006-11-29,12.927,137
2006-11-30,12.886,137
2006-12-01,12.802,137
2006-12-02,12.833,137
2006-12-03,12.938,137
2006-12-04,13.041,137
2006-12-05,13.251,137
2006-12-06,13.249,137
2006-12-07,13.203,137
2006-12-08,13.15,137
2006-12-09,12.974,137
2006-12-10,12.932,137
2006-12-11,12.955,137
2006-12-12,13.012,137
2006-12-13,13.028,137
2006-12-14,12.896,137
2006-12-15,12.785,137
2006-12-16,12.396,137
2006-12-17,12.265,137
2006-12-18,12.226,137
2006-12-19,12.176,137
2006-12-20,12.123,137
2006-12-21,12.11,137
2006-12-22,12.111,137
2006-12-23,12.094,137
2006-12-24,12.071,137
2006-12-25,12.11,137
2006-12-26,12.352,137
2006-12-27,12.181,137
2006-12-28,12.076,137
2006-12-29,11.773,137
2006-12-30,11.525,137
2006-12-31,11.605,137
2007-01-01,11.631,137
2007-01-02,11.678,137
2007-01-03,11.802,137
2007-01-04,11.56,137
2007-01-05,11.525,137
2007-01-06,11.425,137
2007-01-07,11.333,137
2007-01-08,11.259,137
2007-01-09,11.267,137
2007-01-10,11.081,137
2007-01-11,11.035,137
2007-01-12,10.952,137
2007-01-13,10.951,137
2007-01-14,11.002,137
2007-01-15,11.009,137
2007-01-16,10.901,137
2007-01-17,10.874,137
2007-01-18,10.83,137
2007-01-19,10.683,137
2007-01-20,10.45,137
2007-01-21,10.389,137
2007-01-22,10.493,137
2007-01-23,10.588,137
2007-01-24,10.653,137
2007-01-25,10.787,137
2007-01-26,10.918,137
2007-01-27,10.88,137
2007-01-28,11.067,137
2007-01-29,11.239,137
2007-01-30,11.283,137
2007-01-31,11.274,137
2007-02-01,11.315,137
2007-02-02,11.246,137
2007-02-03,11.285,137
2007-02-04,11.259,137
2007-02-05,11.207,137
2007-02-06,11.256,137
2007-02-07,11.387,137
2007-02-08,11.378,137
2007-02-09,11.252,137
2007-02-10,11.755,137
2007-02-11,11.729,137
2007-02-12,11.701,137
2007-02-13,11.473,137
2007-02-14,11.482,137
2007-02-15,11.476,137
2007-02-16,11.403,137
2007-02-17,11.313,137
2007-02-18,11.08,137
2007-02-19,10.971,137
2007-02-20,10.915,137
2007-02-21,10.828,137
2007-02-22,11.135,137
2007-02-23,11.177,137
2007-02-24,11.248,137
2007-02-25,11.4,137
2007-02-26,11.405,137
2007-02-27,11.307,137
2007-02-28,11.233,137
2007-03-01,11.243,137
2007-03-02,11.232,137
2007-03-03,11.217,137
2007-03-04,11.219,137
2007-03-05,11.445,137
2007-03-06,11.415,137
2007-03-07,11.322,137
2007-03-08,11.404,137
2007-03-09,11.521,137
2007-03-10,11.655,137
2007-03-11,11.761,137
2007-03-12,11.557,137
2007-03-13,11.422,137
2007-03-14,11.551,137
2007-03-15,11.627,137
2007-03-16,11.617,137
2007-03-17,11.594,137
2007-03-18,11.49,137
2007-03-19,11.27,137
2007-03-20,10.753,137
2007-03-21,10.647,137
2007-03-22,10.612,137
2007-03-23,10.616,137
2007-03-24,10.567,137
2007-03-25,10.396,137
2007-03-26,10.477,137
2007-03-27,10.224,137
2007-03-28,10.257,137
2007-03-29,10.295,137
2007-03-30,10.354,137
2007-03-31,10.35,137
2007-04-01,9.897,137
2007-04-02,10.175,137
2007-04-03,10.259,137
2007-04-04,10.29,137
2007-04-05,10.513,137
2007-04-06,10.57,137
2007-04-07,10.501,137
2007-04-08,10.81,137
2007-04-09,10.856,137
2007-04-10,10.801,137
2007-04-11,10.574,137
2007-04-12,10.299,137
2007-04-13,10.275,137
2007-04-14,10.245,137
2007-04-15,10.154,137
2007-04-16,10.077,137
2007-04-17,10.089,137
2007-04-18,10.32,137
2007-04-19,10.569,137
2007-04-20,10.848,137
2007-04-21,11.256,137
2007-04-22,11.269,137
2007-04-23,11.225,137
2007-04-24,11.138,137
2007-04-25,10.656,137
2007-04-26,10.409,137
2007-04-27,10.414,137
2007-04-28,10.442,137
2007-04-29,10.988,137
2007-04-30,10.863,137
2007-05-01,11.107,137
2007-05-02,11.481,137
2007-05-03,11.638,137
2007-05-04,11.582,137
2007-05-05,10.618,137
2007-05-06,10.706,137
2007-05-07,11.419,137
2007-05-08,12.49,137
2007-05-09,12.582,137
2007-05-10,11.883,137
2007-05-11,10.78,137
2007-05-12,10.526,137
2007-05-13,10.504,137
2007-05-14,10.417,137
2007-05-15,10.274,137
2007-05-16,10.311,137
2007-05-17,10.291,137
2007-05-18,10.288,137
2007-05-19,10.145,137
2007-05-20,10.104,137
2007-05-21,10.099,137
2007-05-22,10.058,137
2007-05-23,10.104,137
2007-05-24,10.261,137
2007-05-25,10.312,137
2007-05-26,9.988,137
2007-05-27,9.85,137
2007-05-28,9.954,137
2007-05-29,9.919,137
2007-05-30,10.086,137
2007-05-31,10.118,137
2007-06-01,9.577,137
2007-06-02,9.583,137
2007-06-03,9.815,137
2007-06-04,11.516,137
2007-06-05,11.623,137
2007-06-06,11.241,137
2007-06-07,11.079,137
2007-06-08,10.883,137
2007-06-09,10.623,137
2007-06-10,10.433,137
2007-06-11,10.188,137
2007-06-12,10.083,137
2007-06-13,9.944,137
2007-06-14,9.724,137
2007-06-15,9.73,137
2007-06-16,9.86,137
2007-06-17,9.924,137
2007-06-18,10.072,137
2007-06-19,10.346,137
2007-06-20,11.258,137
2007-06-21,11.054,137
2007-06-22,10.83,137
2007-06-23,10.514,137
2007-06-24,10.209,137
2007-06-25,10.145,137
2007-06-26,10.16,137
2007-06-27,10.255,137
2007-06-28,10.811,137
2007-06-29,11.292,137
2007-06-30,11.23,137
2007-07-01,11.301,137
2007-07-02,11.417,137
2007-07-03,11.459,137
2007-07-04,11.067,137
2007-07-05,10.859,137
2007-07-06,10.863,137
2007-07-07,10.926,137
2007-07-08,10.623,137
2007-07-09,10.592,137
2007-07-10,10.523,137
2007-07-11,11.032,137
2007-07-12,11.943,137
2007-07-13,12.501,137
2007-07-14,14.379,137
2007-07-15,14.092,137
2007-07-16,13.844,137
2007-07-17,14.346,137
2007-07-18,15.022,137
2007-07-19,14.855,137
2007-07-20,14.702,137
2007-07-21,14.78,137
2007-07-22,14.987,137
2007-07-23,14.736,137
2007-07-24,12.893,137
2007-07-25,12.785,137
2007-07-26,12.735,137
2007-07-27,11.951,137
2007-07-28,12.029,137
2007-07-29,11.716,137
2007-07-30,11.186,137
2007-07-31,11.235,137
2007-08-01,11.343,137
2007-08-02,11.573,137
2007-08-03,11.738,137
2007-08-04,11.766,137
2007-08-05,11.828,137
2007-08-06,12.345,137
2007-08-07,12.555,137
2007-08-08,12.574,137
2007-08-09,12.653,137
2007-08-10,12.636,137
2007-08-11,12.512,137
2007-08-12,12.37,137
2007-08-13,12.469,137
2007-08-14,12.598,137
2007-08-15,13.127,137
2007-08-16,13.129,137
2007-08-17,13.197,137
2007-08-18,13.179,137
2007-08-19,13.223,137
2007-08-20,13.691,137
2007-08-21,13.628,137
2007-08-22,13.288,137
2007-08-23,12.406,137
2007-08-24,12.261,137
2007-08-25,12.594,137
2007-08-26,12.855,137
2007-08-27,13.451,137
2007-08-28,13.749,137
2007-08-29,14.489,137
2007-08-30,14.597,137
2007-08-31,14.212,137
2007-09-01,13.594,137
2007-09-02,13.417,137
2007-09-03,13.396,137
2007-09-04,13.049,137
2007-09-05,13.053,137
2007-09-06,13.088,137
2007-09-07,13.2,137
2007-09-08,13.906,137
2007-09-09,14.963,137
2007-09-10,15.338,137
2007-09-11,15.217,137
2007-09-12,14.746,137
2007-09-13,14.935,137
2007-09-14,15.436,137
2007-09-15,15.4,137
2007-09-16,14.503,137
2007-09-17,14.255,137
2007-09-18,13.633,137
2007-09-19,12.615,137
2007-09-20,12.534,137
2007-09-21,12.621,137
2007-09-22,12.907,137
2007-09-23,14.595,137
2007-09-24,14.779,137
2007-09-25,14.791,137
2007-09-26,14.783,137
2007-09-27,14.929,137
2007-09-28,13.409,137
2007-09-29,12.852,137
2007-09-30,12.679,137
2007-10-01,12.625,137
2007-10-02,12.49,137
2007-10-03,12.424,137
2007-10-04,12.429,137
2007-10-05,12.354,137
2007-10-06,12.258,137
2007-10-07,12.214,137
2007-10-08,12.328,137
2007-10-09,12.623,137
2007-10-10,13.568,137
2007-10-11,13.577,137
2007-10-12,13.209,137
2007-10-13,13.2,137
2007-10-14,13.262,137
2007-10-15,13.311,137
2007-10-16,13.38,137
2007-10-17,13.397,137
2007-10-18,13.556,137
2007-10-19,13.662,137
2007-10-20,13.185,137
2007-10-21,13.396,137
2007-10-22,13.858,137
2007-10-23,14.073,137
2007-10-24,13.324,137
2007-10-25,13.067,137
2007-10-26,13.004,137
2007-10-27,12.71,137
2007-10-28,12.642,137
2007-10-29,12.596,137
2007-10-30,12.281,137
2007-10-31,12.182,137
2007-11-01,12.259,137
2007-11-02,12.328,137
2007-11-03,12.517,137
2007-11-04,12.795,137
2007-11-05,12.629,137
2007-11-06,12.339,137
2007-11-07,12.305,137
2007-11-08,12.842,137
2007-11-09,12.871,137
2007-11-10,12.683,137
2007-11-11,12.597,137
2007-11-12,12.589,137
2007-11-13,12.686,137
2007-11-14,12.729,137
2007-11-15,12.712,137
2007-11-16,12.833,137
2007-11-17,12.888,137
2007-11-18,13.467,137
2007-11-19,12.952,137
2007-11-20,12.662,137
2007-11-21,12.513,137
2007-11-22,12.556,137
2007-11-23,12.669,137
2007-11-24,12.706,137
2007-11-25,12.421,137
2007-11-26,12.572,137
2007-11-27,12.319,137
2007-11-28,12.162,137
2007-11-29,11.94,137
2007-11-30,11.383,137
2007-12-01,11.227,137
2007-12-02,11.191,137
2007-12-03,11.428,137
2007-12-04,11.617,137
2007-12-05,11.71,137
2007-12-06,11.455,137
2007-12-07,11.209,137
2007-12-08,11.005,137
2007-12-09,10.885,137
2007-12-10,10.93,137
2007-12-11,11.125,137
2007-12-12,11.138,137
2007-12-13,11.088,137
2007-12-14,11.011,137
2007-12-15,10.939,137
2007-12-16,10.98,137
2007-12-17,11.21,137
2007-12-18,11.291,137
2007-12-19,11.268,137
2007-12-20,11.17,137
2007-12-21,11.157,137
2007-12-22,11.133,137
2007-12-23,10.877,137
2007-12-24,10.764,137
2007-12-25,10.691,137
2007-12-26,10.53,137
2007-12-27,10.527,137
2007-12-28,10.541,137
2007-12-29,10.442,137
2007-12-30,10.358,137
2007-12-31,10.332,137
2008-01-01,10.288,137
2008-01-02,10.058,137
2008-01-03,10.343,137
2008-01-04,10.54,137
2008-01-05,10.648,137
2008-01-06,10.678,137
2008-01-07,10.748,137
2008-01-08,10.767,137
2008-01-09,10.835,137
2008-01-10,10.876,137
2008-01-11,10.956,137
2008-01-12,10.928,137
2008-01-13,10.941,137
2008-01-14,10.593,137
2008-01-15,10.831,137
2008-01-16,10.905,137
2008-01-17,10.939,137
2008-01-18,10.912,137
2008-01-19,10.819,137
2008-01-20,10.803,137
2008-01-21,10.739,137
2008-01-22,10.752,137
2008-01-23,10.741,137
2008-01-24,10.709,137
2008-01-25,10.728,137
2008-01-26,10.807,137
2008-01-27,10.908,137
2008-01-28,10.947,137
2008-01-29,10.991,137
2008-01-30,10.984,137
2008-01-31,11.022,137
2008-02-01,11.004,137
2008-02-02,10.97,137
2008-02-03,10.964,137
2008-02-04,10.937,137
2008-02-05,10.894,137
2008-02-06,10.827,137
2008-02-07,10.726,137
2008-02-08,10.748,137
2008-02-09,10.612,137
2008-02-10,10.665,137
2008-02-11,10.659,137
2008-02-12,10.608,137
2008-02-13,10.532,137
2008-02-14,10.483,137
2008-02-15,10.446,137
2008-02-16,10.68,137
2008-02-17,10.718,137
2008-02-18,10.784,137
2008-02-19,10.915,137
2008-02-20,10.947,137
2008-02-21,10.979,137
2008-02-22,10.976,137
2008-02-23,10.926,137
2008-02-24,10.89,137
2008-02-25,10.944,137
2008-02-26,10.976,137
2008-02-27,11.073,137
2008-02-28,11.144,137
2008-02-29,11.13,137
2008-03-01,11.032,137
2008-03-02,10.961,137
2008-03-03,10.892,137
2008-03-04,10.785,137
2008-03-05,10.83,137
2008-03-06,10.86,137
2008-03-07,10.912,137
2008-03-08,10.561,137
2008-03-09,10.473,137
2008-03-10,10.482,137
2008-03-11,10.642,137
2008-03-12,10.671,137
2008-03-13,10.896,137
2008-03-14,10.94,137
2008-03-15,10.856,137
2008-03-16,10.787,137
2008-03-17,10.77,137
2008-03-18,10.565,137
2008-03-19,10.413,137
2008-03-20,10.401,137
2008-03-21,10.385,137
2008-03-22,10.291,137
2008-03-23,10.217,137
2008-03-24,10.236,137
2008-03-25,10.412,137
2008-03-26,10.45,137
2008-03-27,10.373,137
2008-03-28,10.27,137
2008-03-29,9.881,137
2008-03-30,9.78,137
2008-03-31,9.825,137
2008-04-01,9.859,137
2008-04-02,10.35,137
2008-04-03,10.273,137
2008-04-04,10.081,137
2008-04-05,9.666,137
2008-04-06,9.729,137
2008-04-07,9.738,137
2008-04-08,9.776,137
2008-04-09,9.839,137
2008-04-10,9.865,137
2008-04-11,9.962,137
2008-04-12,10.289,137
2008-04-13,10.892,137
2008-04-14,10.56,137
2008-04-15,9.981,137
2008-04-16,9.938,137
2008-04-17,10.02,137
2008-04-18,9.931,137
2008-04-19,9.746,137
2008-04-20,9.676,137
2008-04-21,9.69,137
2008-04-22,10.001,137
2008-04-23,10.247,137
2008-04-24,10.249,137
2008-04-25,10.191,137
2008-04-26,10.036,137
2008-04-27,9.863,137
2008-04-28,9.813,137
2008-04-29,9.834,137
2008-04-30,9.887,137
2008-05-01,9.944,137
2008-05-02,10.008,137
2008-05-03,9.949,137
2008-05-04,9.87,137
2008-05-05,9.998,137
2008-05-06,9.931,137
2008-05-07,9.558,137
2008-05-08,9.26,137
2008-05-09,9.266,137
2008-05-10,9.19,137
2008-05-11,8.995,137
2008-05-12,9.07,137
2008-05-13,9.301,137
2008-05-14,9.328,137
2008-05-15,9.941,137
2008-05-16,10.878,137
2008-05-17,11.072,137
2008-05-18,10.92,137
2008-05-19,10.697,137
2008-05-20,10.046,137
2008-05-21,9.702,137
2008-05-22,9.554,137
2008-05-23,9.41,137
2008-05-24,9.226,137
2008-05-25,9.997,137
2008-05-26,11.341,137
2008-05-27,11.684,137
2008-05-28,11.643,137
2008-05-29,11.354,137
2008-05-30,10.871,137
2008-05-31,10.366,137
2008-06-01,10.301,137
2008-06-02,10.207,137
2008-06-03,10.153,137
2008-06-04,10.082,137
2008-06-05,9.942,137
2008-06-06,9.815,137
2008-06-07,9.769,137
2008-06-08,9.759,137
2008-06-09,9.629,137
2008-06-10,9.485,137
2008-06-11,9.341,137
2008-06-12,9.363,137
2008-06-13,9.392,137
2008-06-14,9.977,137
2008-06-15,9.983,137
2008-06-16,9.394,137
2008-06-17,9.32,137
2008-06-18,9.458,137
2008-06-19,9.499,137
2008-06-20,9.748,137
2008-06-21,10.368,137
2008-06-22,10.365,137
2008-06-23,10.412,137
2008-06-24,10.361,137
2008-06-25,10.124,137
2008-06-26,9.974,137
2008-06-27,9.932,137
2008-06-28,9.728,137
2008-06-29,9.954,137
2008-06-30,10.719,137
2008-07-01,11.798,137
2008-07-02,12.409,137
2008-07-03,12.798,137
2008-07-04,12.593,137
2008-07-05,12.11,137
2008-07-06,11.761,137
2008-07-07,11.759,137
2008-07-08,12.184,137
2008-07-09,13.573,137
2008-07-10,13.783,137
2008-07-11,13.147,137
2008-07-12,12.993,137
2008-07-13,12.938,137
2008-07-14,13.084,137
2008-07-15,13.475,137
2008-07-16,14.06,137
2008-07-17,13.943,137
2008-07-18,13.195,137
2008-07-19,12.233,137
2008-07-20,12.208,137
2008-07-21,11.882,137
2008-07-22,11.553,137
2008-07-23,11.463,137
2008-07-24,11.301,137
2008-07-25,11.261,137
2008-07-26,11.254,137
2008-07-27,11.091,137
2008-07-28,11.431,137
2008-07-29,11.639,137
2008-07-30,11.621,137
2008-07-31,11.623,137
2008-08-01,11.657,137
2008-08-02,11.746,137
2008-08-03,11.771,137
2008-08-04,11.762,137
2008-08-05,11.767,137
2008-08-06,11.964,137
2008-08-07,12.057,137
2008-08-08,12.5,137
2008-08-09,12.389,137
2008-08-10,12.311,137
2008-08-11,12.288,137
2008-08-12,11.58,137
2008-08-13,11.529,137
2008-08-14,11.545,137
2008-08-15,11.795,137
2008-08-16,12.45,137
2008-08-17,13.414,137
2008-08-18,13.668,137
2008-08-19,13.9,137
2008-08-20,14.182,137
2008-08-21,14.106,137
2008-08-22,14.046,137
2008-08-23,14.028,137
2008-08-24,13.809,137
2008-08-25,13.465,137
2008-08-26,13.528,137
2008-08-27,13.561,137
2008-08-28,13.791,137
2008-08-29,14.066,137
2008-08-30,13.477,137
2008-08-31,12.767,137
2008-09-01,12.677,137
2008-09-02,12.765,137
2008-09-03,13.035,137
2008-09-04,13.224,137
2008-09-05,14.018,137
2008-09-06,14.902,137
2008-09-07,14.785,137
2008-09-08,14.264,137
2008-09-09,14.185,137
2008-09-10,14.244,137
2008-09-11,14.302,137
2008-09-12,14.348,137
2008-09-13,14.468,137
2008-09-14,14.673,137
2008-09-15,14.766,137
2008-09-16,14.786,137
2008-09-17,15.179,137
2008-09-18,15.163,137
2008-09-19,15.373,137
2008-09-20,14.63,137
2008-09-21,14.452,137
2008-09-22,14.341,137
2008-09-23,14.303,137
2008-09-24,14.266,137
2008-09-25,14.236,137
2008-09-26,14.142,137
2008-09-27,13.917,137
2008-09-28,13.949,137
2008-09-29,15.217,137
2008-09-30,15.161,137
2008-10-01,15.057,137
2008-10-02,14.69,137
2008-10-03,15.239,137
2008-10-04,15.127,137
2008-10-05,15.209,137
2008-10-06,15.064,137
2008-10-07,14.408,137
2008-10-08,13.896,137
2008-10-09,13.592,137
2008-10-10,12.69,137
2008-10-11,11.631,137
2008-10-12,11.603,137
2008-10-13,11.843,137
2008-10-14,12.29,137
2008-10-15,12.182,137
2008-10-16,12.033,137
2008-10-17,12.06,137
2008-10-18,12.111,137
2008-10-19,11.961,137
2008-10-20,11.945,137
2008-10-21,12.142,137
2008-10-22,12.512,137
2008-10-23,13.008,137
2008-10-24,13.084,137
2008-10-25,13.241,137
2008-10-26,13.279,137
2008-10-27,13.088,137
2008-10-28,12.929,137
2008-10-29,12.868,137
2008-10-30,12.887,137
2008-10-31,13.121,137
2008-11-01,13.545,137
2008-11-02,13.536,137
2008-11-03,13.463,137
2008-11-04,13.403,137
2008-11-05,13.473,137
2008-11-06,13.469,137
2008-11-07,13.417,137
2008-11-08,13.452,137
2008-11-09,13.397,137
2008-11-10,13.228,137
2008-11-11,12.946,137
2008-11-12,12.642,137
2008-11-13,12.604,137
2008-11-14,13.122,137
2008-11-15,13.407,137
2008-11-16,13.406,137
2008-11-17,13.361,137
2008-11-18,13.346,137
2008-11-19,13.423,137
2008-11-20,13.157,137
2008-11-21,13.058,137
2008-11-22,12.938,137
2008-11-23,12.866,137
2008-11-24,12.873,137
2008-11-25,12.65,137
2008-11-26,12.682,137
2008-11-27,12.475,137
2008-11-28,12.846,137
2008-11-29,12.95,137
2008-11-30,12.918,137
2008-12-01,13.297,137
2008-12-02,13.601,137
2008-12-03,13.268,137
2008-12-04,12.991,137
2008-12-05,13.187,137
2008-12-06,13.239,137
2008-12-07,13.247,137
2008-12-08,12.788,137
2008-12-09,12.682,137
2008-12-10,12.67,137
2008-12-11,12.588,137
2008-12-12,12.393,137
2008-12-13,12.018,137
2008-12-14,11.897,137
2008-12-15,11.857,137
2008-12-16,11.922,137
2008-12-17,11.887,137
2008-12-18,11.853,137
2008-12-19,11.799,137
2008-12-20,11.527,137
2008-12-21,11.47,137
2008-12-22,11.593,137
2008-12-23,11.547,137
2008-12-24,11.572,137
2008-12-25,11.351,137
2008-12-26,11.352,137
2008-12-27,11.348,137
2008-12-28,11.269,137
2008-12-29,11.45,137
2008-12-30,11.558,137
2008-12-31,11.608,137
2009-01-01,11.598,137
2009-01-02,11.579,137
2009-01-03,11.473,137
2009-01-04,11.38,137
2009-01-05,11.054,137
2009-01-06,10.911,137
2009-01-07,11.27,137
2009-01-08,11.172,137
2009-01-09,11.214,137
2009-01-10,11.326,137
2009-01-11,11.478,137
2009-01-12,11.479,137
2009-01-13,11.451,137
2009-01-14,11.251,137
2009-01-15,11.315,137
2009-01-16,11.45,137
2009-01-17,11.483,137
2009-01-18,11.358,137
2009-01-19,11.22,137
2009-01-20,11.202,137
2009-01-21,11.16,137
2009-01-22,11.201,137
2009-01-23,11.178,137
2009-01-24,11.03,137
2009-01-25,10.772,137
2009-01-26,10.684,137
2009-01-27,10.649,137
2009-01-28,10.601,137
2009-01-29,10.557,137
2009-01-30,10.56,137
2009-01-31,10.531,137
2009-02-01,10.548,137
2009-02-02,10.588,137
2009-02-03,10.659,137
2009-02-04,10.597,137
2009-02-05,10.662,137
2009-02-06,10.663,137
2009-02-07,10.739,137
2009-02-08,10.685,137
2009-02-09,10.457,137
2009-02-10,10.405,137
2009-02-11,10.347,137
2009-02-12,10.162,137
2009-02-13,10.184,137
2009-02-14,10.379,137
2009-02-15,10.369,137
2009-02-16,10.423,137
2009-02-17,10.519,137
2009-02-18,10.613,137
2009-02-19,10.593,137
2009-02-20,10.761,137
2009-02-21,11.031,137
2009-02-22,10.591,137
2009-02-23,10.43,137
2009-02-24,10.574,137
2009-02-25,11.182,137
2009-02-26,11.329,137
2009-02-27,11.335,137
2009-02-28,11.275,137
2009-03-01,11.419,137
2009-03-02,11.362,137
2009-03-03,11.357,137
2009-03-04,11.38,137
2009-03-05,11.473,137
2009-03-06,11.539,137
2009-03-07,11.532,137
2009-03-08,11.476,137
2009-03-09,11.346,137
2009-03-10,11.185,137
2009-03-11,10.987,137
2009-03-12,10.739,137
2009-03-13,10.438,137
2009-03-14,10.554,137
2009-03-15,10.958,137
2009-03-16,10.904,137
2009-03-17,10.836,137
2009-03-18,10.936,137
2009-03-19,10.802,137
2009-03-20,10.616,137
2009-03-21,10.415,137
2009-03-22,10.717,137
2009-03-23,10.622,137
2009-03-24,10.521,137
2009-03-25,10.363,137
2009-03-26,10.348,137
2009-03-27,10.473,137
2009-03-28,10.261,137
2009-03-29,9.979,137
2009-03-30,9.943,137
2009-03-31,9.858,137
2009-04-01,9.649,137
2009-04-02,9.648,137
2009-04-03,9.783,137
2009-04-04,9.969,137
2009-04-05,10.177,137
2009-04-06,10.579,137
2009-04-07,10.219,137
2009-04-08,10.419,137
2009-04-09,10.601,137
2009-04-10,10.528,137
2009-04-11,10.459,137
2009-04-12,10.449,137
2009-04-13,10.327,137
2009-04-14,9.826,137
2009-04-15,9.782,137
2009-04-16,9.901,137
2009-04-17,10.188,137
2009-04-18,10.254,137
2009-04-19,11.19,137
2009-04-20,11.802,137
2009-04-21,12.026,137
2009-04-22,11.326,137
2009-04-23,10.565,137
2009-04-24,9.949,137
2009-04-25,9.456,137
2009-04-26,9.373,137
2009-04-27,9.268,137
2009-04-28,9.374,137
2009-04-29,9.472,137
2009-04-30,9.55,137
2009-05-01,9.659,137
2009-05-02,9.833,137
2009-05-03,10.051,137
2009-05-04,10.839,137
2009-05-05,11.096,137
2009-05-06,10.355,137
2009-05-07,9.921,137
2009-05-08,9.602,137
2009-05-09,9.49,137
2009-05-10,9.464,137
2009-05-11,9.454,137
2009-05-12,9.009,137
2009-05-13,9.07,137
2009-05-14,9.21,137
2009-05-15,9.489,137
2009-05-16,9.857,137
2009-05-17,9.96,137
2009-05-18,10.03,137
2009-05-19,9.966,137
2009-05-20,9.973,137
2009-05-21,9.939,137
2009-05-22,9.75,137
2009-05-23,9.696,137
2009-05-24,9.464,137
2009-05-25,9.656,137
2009-05-26,9.699,137
2009-05-27,9.676,137
2009-05-28,9.683,137
2009-05-29,10.082,137
2009-05-30,10.402,137
2009-05-31,10.558,137
2009-06-01,11.636,137
2009-06-02,12.194,137
2009-06-03,12.278,137
2009-06-04,12.31,137
2009-06-05,13.229,137
2009-06-06,13.741,137
2009-06-07,13.807,137
2009-06-08,13.793,137
2009-06-09,13.828,137
2009-06-10,13.764,137
2009-06-11,13.713,137
2009-06-12,13.626,137
2009-06-13,13.655,137
2009-06-14,14.1,137
2009-06-15,14.219,137
2009-06-16,13.573,137
2009-06-17,13.375,137
2009-06-18,12.275,137
2009-06-19,11.409,137
2009-06-20,10.873,137
2009-06-21,10.531,137
2009-06-22,10.442,137
2009-06-23,10.596,137
2009-06-24,10.643,137
2009-06-25,10.584,137
2009-06-26,10.513,137
2009-06-27,10.731,137
2009-06-28,11.05,137
2009-06-29,11.089,137
2009-06-30,11.066,137
2009-07-01,10.5,137
2009-07-02,9.989,137
2009-07-03,10.069,137
2009-07-04,10.713,137
2009-07-05,12.64,137
2009-07-06,12.74,137
2009-07-07,12.363,137
2009-07-08,11.849,137
2009-07-09,11.45,137
2009-07-10,11.377,137
2009-07-11,11.357,137
2009-07-12,11.383,137
2009-07-13,11.402,137
2009-07-14,11.384,137
2009-07-15,11.407,137
2009-07-16,11.418,137
2009-07-17,11.662,137
2009-07-18,11.873,137
2009-07-19,11.939,137
2009-07-20,11.948,137
2009-07-21,11.659,137
2009-07-22,11.649,137
2009-07-23,11.542,137
2009-07-24,11.069,137
2009-07-25,10.581,137
2009-07-26,10.635,137
2009-07-27,10.758,137
2009-07-28,11.149,137
2009-07-29,11.684,137
2009-07-30,11.904,137
2009-07-31,11.743,137
2009-08-01,11.851,137
2009-08-02,12.219,137
2009-08-03,14.128,137
2009-08-04,15.081,137
2009-08-05,15.546,137
2009-08-06,15.357,137
2009-08-07,15.226,137
2009-08-08,14.829,137
2009-08-09,14.487,137
2009-08-10,14.334,137
2009-08-11,14.015,137
2009-08-12,13.768,137
2009-08-13,13.96,137
2009-08-14,13.981,137
2009-08-15,13.897,137
2009-08-16,13.446,137
2009-08-17,13.437,137
2009-08-18,13.396,137
2009-08-19,13.439,137
2009-08-20,13.536,137
2009-08-21,13.718,137
2009-08-22,13.663,137
2009-08-23,13.592,137
2009-08-24,13.518,137
2009-08-25,13.252,137
2009-08-26,13.278,137
2009-08-27,13.347,137
2009-08-28,13.709,137
2009-08-29,13.733,137
2009-08-30,13.632,137
2009-08-31,13.654,137
2009-09-01,13.871,137
2009-09-02,14.197,137
2009-09-03,14.058,137
2009-09-04,13.952,137
2009-09-05,13.847,137
2009-09-06,14.281,137
2009-09-07,14.654,137
2009-09-08,14.704,137
2009-09-09,14.709,137
2009-09-10,14.968,137
2009-09-11,14.415,137
2009-09-12,14.143,137
2009-09-13,15.69,137
2009-09-14,15.429,137
2009-09-15,15.387,137
2009-09-16,15.013,137
2009-09-17,14.279,137
2009-09-18,14.182,137
2009-09-19,14.149,137
2009-09-20,14.057,137
2009-09-21,13.949,137
2009-09-22,14.211,137
2009-09-23,14.02,137
2009-09-24,13.664,137
2009-09-25,14.308,137
2009-09-26,14.481,137
2009-09-27,14.489,137
2009-09-28,13.936,137
2009-09-29,13.369,137
2009-09-30,12.849,137
2009-10-01,12.074,137
2009-10-02,11.894,137
2009-10-03,11.503,137
2009-10-04,11.262,137
2009-10-05,11.299,137
2009-10-06,11.653,137
2009-10-07,11.758,137
2009-10-08,11.901,137
2009-10-09,11.961,137
2009-10-10,11.992,137
2009-10-11,12.251,137
2009-10-12,12.477,137
2009-10-13,12.676,137
2009-10-14,12.826,137
2009-10-15,13.203,137
2009-10-16,13.478,137
2009-10-17,13.669,137
2009-10-18,13.876,137
2009-10-19,13.959,137
2009-10-20,14.171,137
2009-10-21,14.001,137
2009-10-22,13.66,137
2009-10-23,13.582,137
2009-10-24,13.425,137
2009-10-25,12.854,137
2009-10-26,12.826,137
2009-10-27,12.515,137
2009-10-28,11.671,137
2009-10-29,11.672,137
2009-10-30,11.728,137
2009-10-31,11.691,137
2009-11-01,11.691,137
2009-11-02,11.987,137
2009-11-03,12.36,137
2009-11-04,12.376,137
2009-11-05,12.728,137
2009-11-06,13.012,137
2009-11-07,12.99,137
2009-11-08,12.81,137
2009-11-09,12.575,137
2009-11-10,12.606,137
2009-11-11,12.773,137
2009-11-12,12.634,137
2009-11-13,12.567,137
2009-11-14,12.499,137
2009-11-15,12.519,137
2009-11-16,12.504,137
2009-11-17,12.482,137
2009-11-18,12.309,137
2009-11-19,12.211,137
2009-11-20,12.187,137
2009-11-21,12.342,137
2009-11-22,12.336,137
2009-11-23,12.236,137
2009-11-24,12.161,137
2009-11-25,12.237,137
2009-11-26,12.113,137
2009-11-27,11.572,137
2009-11-28,11.363,137
2009-11-29,11.329,137
2009-11-30,11.292,137
2009-12-01,11.348,137
2009-12-02,11.27,137
2009-12-03,11.181,137
2009-12-04,11.186,137
2009-12-05,11.175,137
2009-12-06,11.091,137
2009-12-07,10.855,137
2009-12-08,10.875,137
2009-12-09,10.816,137
2009-12-10,10.787,137
2009-12-11,10.908,137
2009-12-12,11.306,137
2009-12-13,11.407,137
2009-12-14,11.436,137
2009-12-15,11.411,137
2009-12-16,11.564,137
2009-12-17,11.884,137
2009-12-18,12.113,137
2009-12-19,12.197,137
2009-12-20,12.169,137
2009-12-21,11.98,137
2009-12-22,11.884,137
2009-12-23,11.558,137
2009-12-24,11.404,137
2009-12-25,11.459,137
2009-12-26,11.752,137
2009-12-27,11.802,137
2009-12-28,11.742,137
2009-12-29,11.689,137
2009-12-30,11.666,137
2009-12-31,11.734,137
2010-01-01,11.754,137
2010-01-02,11.753,137
2010-01-03,11.862,137
2010-01-04,11.965,137
2010-01-05,12.147,137
2010-01-06,12.084,137
2010-01-07,12.468,137
2010-01-08,12.533,137
2010-01-09,12.571,137
2010-01-10,12.485,137
2010-01-11,12.436,137
2010-01-12,12.541,137
2010-01-13,12.607,137
2010-01-14,12.614,137
2010-01-15,12.537,137
2010-01-16,12.392,137
2010-01-17,12.331,137
2010-01-18,12.233,137
2010-01-19,12.143,137
2010-01-20,12.016,137
2010-01-21,12.001,137
2010-01-22,12.052,137
2010-01-23,12.06,137
2010-01-24,12.036,137
2010-01-25,11.898,137
2010-01-26,11.811,137
2010-01-27,11.783,137
2010-01-28,11.736,137
2010-01-29,11.793,137
2010-01-30,11.869,137
2010-01-31,11.848,137
2010-02-01,11.823,137
2010-02-02,11.836,137
2010-02-03,11.921,137
2010-02-04,12.372,137
2010-02-05,12.415,137
2010-02-06,12.425,137
2010-02-07,12.227,137
2010-02-08,12.127,137
2010-02-09,11.999,137
2010-02-10,11.858,137
2010-02-11,11.795,137
2010-02-12,11.788,137
2010-02-13,11.811,137
2010-02-14,11.772,137
2010-02-15,11.645,137
2010-02-16,11.648,137
2010-02-17,11.614,137
2010-02-18,11.619,137
2010-02-19,11.598,137
2010-02-20,11.583,137
2010-02-21,11.659,137
2010-02-22,11.694,137
2010-02-23,12.019,137
2010-02-24,12.312,137
2010-02-25,12.45,137
2010-02-26,12.596,137
2010-02-27,12.691,137
2010-02-28,12.721,137
2010-03-01,12.659,137
2010-03-02,12.571,137
2010-03-03,12.624,137
2010-03-04,12.582,137
2010-03-05,12.522,137
2010-03-06,12.302,137
2010-03-07,12.354,137
2010-03-08,12.311,137
2010-03-09,12.272,137
2010-03-10,12.145,137
2010-03-11,12.065,137
2010-03-12,12.1,137
2010-03-13,12.125,137
2010-03-14,12.076,137
2010-03-15,12.015,137
2010-03-16,11.972,137
2010-03-17,11.949,137
2010-03-18,12.004,137
2010-03-19,12.092,137
2010-03-20,12.667,137
2010-03-21,12.16,137
2010-03-22,12.005,137
2010-03-23,11.959,137
2010-03-24,11.906,137
2010-03-25,11.478,137
2010-03-26,11.704,137
2010-03-27,11.885,137
2010-03-28,12.158,137
2010-03-29,12.194,137
2010-03-30,12.295,137
2010-03-31,12.176,137
2010-04-01,11.954,137
2010-04-02,12.112,137
2010-04-03,12.106,137
2010-04-04,12.162,137
2010-04-05,12.155,137
2010-04-06,12.198,137
2010-04-07,12.049,137
2010-04-08,11.93,137
2010-04-09,11.835,137
2010-04-10,11.694,137
2010-04-11,11.534,137
2010-04-12,11.75,137
2010-04-13,12.026,137
2010-04-14,12.169,137
2010-04-15,12.326,137
2010-04-16,12.414,137
2010-04-17,12.424,137
2010-04-18,12.422,137
2010-04-19,12.401,137
2010-04-20,12.196,137
2010-04-21,11.079,137
2010-04-22,10.93,137
2010-04-23,10.732,137
2010-04-24,10.459,137
2010-04-25,10.451,137
2010-04-26,10.421,137
2010-04-27,10.636,137
2010-04-28,10.88,137
2010-04-29,10.738,137
2010-04-30,10.691,137
2010-05-01,10.416,137
2010-05-02,10.264,137
2010-05-03,10.239,137
2010-05-04,10.116,137
2010-05-05,10.107,137
2010-05-06,10.172,137
2010-05-07,10.328,137
2010-05-08,10.362,137
2010-05-09,10.369,137
2010-05-10,11.27,137
2010-05-11,11.256,137
2010-05-12,11.011,137
2010-05-13,10.267,137
2010-05-14,9.801,137
2010-05-15,9.841,137
2010-05-16,9.904,137
2010-05-17,10.07,137
2010-05-18,10.179,137
2010-05-19,11.06,137
2010-05-20,10.772,137
2010-05-21,10.739,137
2010-05-22,10.732,137
2010-05-23,10.978,137
2010-05-24,10.985,137
2010-05-25,11.408,137
2010-05-26,12.01,137
2010-05-27,12.282,137
2010-05-28,12.057,137
2010-05-29,11.855,137
2010-05-30,11.771,137
2010-05-31,11.701,137
2010-06-01,11.464,137
2010-06-02,11.916,137
2010-06-03,12.491,137
2010-06-04,13.537,137
2010-06-05,13.45,137
2010-06-06,13.358,137
2010-06-07,12.429,137
2010-06-08,12.087,137
2010-06-09,11.859,137
2010-06-10,11.616,137
2010-06-11,11.534,137
2010-06-12,11.564,137
2010-06-13,11.592,137
2010-06-14,11.347,137
2010-06-15,11.199,137
2010-06-16,10.968,137
2010-06-17,10.525,137
2010-06-18,10.591,137
2010-06-19,10.581,137
2010-06-20,10.553,137
2010-06-21,10.583,137
2010-06-22,10.681,137
2010-06-23,10.765,137
2010-06-24,9.607,137
2010-06-25,9.525,137
2010-06-26,9.945,137
2010-06-27,10.361,137
2010-06-28,10.423,137
2010-06-29,10.308,137
2010-06-30,9.948,137
2010-07-01,9.9,137
2010-07-02,9.873,137
2010-07-03,9.909,137
2010-07-04,9.899,137
2010-07-05,9.927,137
2010-07-06,10.056,137
2010-07-07,10.425,137
2010-07-08,10.506,137
2010-07-09,10.559,137
2010-07-10,10.501,137
2010-07-11,10.702,137
2010-07-12,10.936,137
2010-07-13,11.328,137
2010-07-14,11.68,137
2010-07-15,11.989,137
2010-07-16,12.362,137
2010-07-17,12.124,137
2010-07-18,11.898,137
2010-07-19,11.499,137
2010-07-20,11.422,137
2010-07-21,11.193,137
2010-07-22,10.688,137
2010-07-23,10.021,137
2010-07-24,10.183,137
2010-07-25,10.618,137
2010-07-26,11.123,137
2010-07-27,11.601,137
2010-07-28,11.887,137
2010-07-29,11.859,137
2010-07-30,12.107,137
2010-07-31,12.14,137
2010-08-01,11.922,137
2010-08-02,11.744,137
2010-08-03,11.628,137
2010-08-04,11.441,137
2010-08-05,11.315,137
2010-08-06,11.198,137
2010-08-07,11.588,137
2010-08-08,11.52,137
2010-08-09,11.55,137
2010-08-10,11.241,137
2010-08-11,11.186,137
2010-08-12,11.311,137
2010-08-13,11.585,137
2010-08-14,11.976,137
2010-08-15,11.761,137
2010-08-16,11.584,137
2010-08-17,11.68,137
2010-08-18,11.808,137
2010-08-19,11.903,137
2010-08-20,12.599,137
2010-08-21,12.771,137
2010-08-22,12.845,137
2010-08-23,12.862,137
2010-08-24,12.896,137
2010-08-25,13.032,137
2010-08-26,13.173,137
2010-08-27,13.146,137
2010-08-28,12.967,137
2010-08-29,12.351,137
2010-08-30,12.331,137
2010-08-31,12.052,137
2010-09-01,12.118,137
2010-09-02,12.117,137
2010-09-03,12.612,137
2010-09-04,11.955,137
2010-09-05,11.682,137
2010-09-06,11.683,137
2010-09-07,11.685,137
2010-09-08,11.71,137
2010-09-09,11.787,137
2010-09-10,11.828,137
2010-09-11,11.931,137
2010-09-12,12.023,137
2010-09-13,12.455,137
2010-09-14,12.52,137
2010-09-15,12.377,137
2010-09-16,12.471,137
2010-09-17,13.966,137
2010-09-18,14.97,137
2010-09-19,14.564,137
2010-09-20,14.161,137
2010-09-21,13.505,137
2010-09-22,13.392,137
2010-09-23,13.398,137
2010-09-24,13.293,137
2010-09-25,13.27,137
2010-09-26,12.853,137
2010-09-27,12.593,137
2010-09-28,12.65,137
2010-09-29,12.811,137
2010-09-30,13.278,137
2010-10-01,13.496,137
2010-10-02,13.363,137
2010-10-03,13.059,137
2010-10-04,12.436,137
2010-10-05,12.212,137
2010-10-06,12.46,137
2010-10-07,13.242,137
2010-10-08,13.457,137
2010-10-09,13.32,137
2010-10-10,12.74,137
2010-10-11,12.681,137
2010-10-12,12.837,137
2010-10-13,13.424,137
2010-10-14,13.35,137
2010-10-15,12.899,137
2010-10-16,12.741,137
2010-10-17,12.666,137
2010-10-18,12.595,137
2010-10-19,12.465,137
2010-10-20,12.618,137
2010-10-21,12.953,137
2010-10-22,12.978,137
2010-10-23,12.911,137
2010-10-24,12.992,137
2010-10-25,13.134,137
2010-10-26,13.15,137
2010-10-27,13.144,137
2010-10-28,13.014,137
2010-10-29,13.15,137
2010-10-30,13.279,137
2010-10-31,13.936,137
2010-11-01,14.021,137
2010-11-02,13.216,137
2010-11-03,12.263,137
2010-11-04,11.997,137
2010-11-05,12.761,137
2010-11-06,13.143,137
2010-11-07,14.148,137
2010-11-08,14.047,137
2010-11-09,13.987,137
2010-11-10,13.82,137
2010-11-11,13.491,137
2010-11-12,13.334,137
2010-11-13,12.974,137
2010-11-14,12.493,137
2010-11-15,11.779,137
2010-11-16,11.513,137
2010-11-17,11.453,137
2010-11-18,11.421,137
2010-11-19,11.587,137
2010-11-20,11.783,137
2010-11-21,11.975,137
2010-11-22,12,137
2010-11-23,11.344,137
2010-11-24,11.284,137
2010-11-25,11.229,137
2010-11-26,11.185,137
2010-11-27,11.095,137
2010-11-28,11.126,137
2010-11-29,11.101,137
2010-11-30,10.938,137
2010-12-01,11.052,137
2010-12-02,11.216,137
2010-12-03,11.443,137
2010-12-04,11.577,137
2010-12-05,11.852,137
2010-12-06,11.993,137
2010-12-07,12.03,137
2010-12-08,12.053,137
2010-12-09,12.12,137
2010-12-10,12.083,137
2010-12-11,12.431,137
2010-12-12,12.489,137
2010-12-13,12.486,137
2010-12-14,12.513,137
2010-12-15,12.641,137
2010-12-16,12.663,137
2010-12-17,12.663,137
2010-12-18,12.729,137
2010-12-19,12.807,137
2010-12-20,12.741,137
2010-12-21,12.508,137
2010-12-22,12.546,137
2010-12-23,12.525,137
2010-12-24,12.55,137
2010-12-25,12.428,137
2010-12-26,12.304,137
2010-12-27,12.302,137
2010-12-28,12.314,137
2010-12-29,12.215,137
2010-12-30,11.889,137
2010-12-31,11.845,137
2011-01-01,11.838,137
2011-01-02,11.766,137
2011-01-03,11.587,137
2011-01-04,11.556,137
2011-01-05,11.55,137
2011-01-06,11.523,137
2011-01-07,11.562,137
2011-01-08,11.53,137
2011-01-09,11.466,137
2011-01-10,11.23,137
2011-01-11,11.008,137
2011-01-12,11.024,137
2011-01-13,11.122,137
2011-01-14,11.08,137
2011-01-15,10.894,137
2011-01-16,10.884,137
2011-01-17,11.109,137
2011-01-18,11.071,137
2011-01-19,11.012,137
2011-01-20,11.032,137
2011-01-21,11.203,137
2011-01-22,11.278,137
2011-01-23,11.207,137
2011-01-24,11.3,137
2011-01-25,11.265,137
2011-01-26,11.433,137
2011-01-27,11.615,137
2011-01-28,11.703,137
2011-01-29,11.665,137
2011-01-30,11.666,137
2011-01-31,11.382,137
2011-02-01,11.356,137
2011-02-02,11.345,137
2011-02-03,11.274,137
2011-02-04,10.984,137
2011-02-05,11.039,137
2011-02-06,11.202,137
2011-02-07,11.158,137
2011-02-08,11.011,137
2011-02-09,10.869,137
2011-02-10,10.949,137
2011-02-11,11.015,137
2011-02-12,11.137,137
2011-02-13,11.323,137
2011-02-14,11.498,137
2011-02-15,11.477,137
2011-02-16,11.327,137
2011-02-17,11.133,137
2011-02-18,11.045,137
2011-02-19,10.766,137
2011-02-20,10.813,137
2011-02-21,10.844,137
2011-02-22,10.857,137
2011-02-23,10.874,137
2011-02-24,10.862,137
2011-02-25,10.566,137
2011-02-26,10.444,137
2011-02-27,10.405,137
2011-02-28,10.371,137
2011-03-01,10.35,137
2011-03-02,10.959,137
2011-03-03,10.945,137
2011-03-04,10.6,137
2011-03-05,10.092,137
2011-03-06,10.28,137
2011-03-07,10.354,137
2011-03-08,11.193,137
2011-03-09,11.288,137
2011-03-10,11.183,137
2011-03-11,11.141,137
2011-03-12,11.127,137
2011-03-13,11.231,137
2011-03-14,11.329,137
2011-03-15,11.421,137
2011-03-16,11.354,137
2011-03-17,11.268,137
2011-03-18,11.353,137
2011-03-19,11.266,137
2011-03-20,11.125,137
2011-03-21,11.098,137
2011-03-22,11.136,137
2011-03-23,11.113,137
2011-03-24,11.225,137
2011-03-25,11.274,137
2011-03-26,11.278,137
2011-03-27,11.559,137
2011-03-28,11.511,137
2011-03-29,11.381,137
2011-03-30,11.573,137
2011-03-31,11.611,137
2011-04-01,11.644,137
2011-04-02,11.012,137
2011-04-03,10.911,137
2011-04-04,10.915,137
2011-04-05,10.219,137
2011-04-06,10.14,137
2011-04-07,10.047,137
2011-04-08,10.011,137
2011-04-09,10.043,137
2011-04-10,10.501,137
2011-04-11,10.445,137
2011-04-12,10.157,137
2011-04-13,9.945,137
2011-04-14,10.28,137
2011-04-15,10.633,137
2011-04-16,10.655,137
2011-04-17,10.767,137
2011-04-18,10.993,137
2011-04-19,11.19,137
2011-04-20,11.122,137
2011-04-21,10.974,137
2011-04-22,11.014,137
2011-04-23,11.113,137
2011-04-24,11.302,137
2011-04-25,11.092,137
2011-04-26,11.045,137
2011-04-27,10.997,137
2011-04-28,10.613,137
2011-04-29,10.316,137
2011-04-30,10.276,137
2011-05-01,10.311,137
2011-05-02,10.667,137
2011-05-03,10.524,137
2011-05-04,10.447,137
2011-05-05,10.453,137
2011-05-06,10.416,137
2011-05-07,10.411,137
2011-05-08,10.558,137
2011-05-09,10.448,137
2011-05-10,10.388,137
2011-05-11,10.879,137
2011-05-12,11.156,137
2011-05-13,11.016,137
2011-05-14,10.882,137
2011-05-15,11.123,137
2011-05-16,11.216,137
2011-05-17,11.318,137
2011-05-18,11.151,137
2011-05-19,11.098,137
2011-05-20,10.955,137
2011-05-21,10.398,137
2011-05-22,10.125,137
2011-05-23,10.005,137
2011-05-24,9.951,137
2011-05-25,10.528,137
2011-05-26,11.543,137
2011-05-27,11.86,137
2011-05-28,10.878,137
2011-05-29,10.543,137
2011-05-30,10.468,137
2011-05-31,10.499,137
2011-06-01,11.747,137
2011-06-02,11.912,137
2011-06-03,11.726,137
2011-06-04,11.983,137
2011-06-05,12.274,137
2011-06-06,12.845,137
2011-06-07,12.705,137
2011-06-08,12.525,137
2011-06-09,12.225,137
2011-06-10,11.615,137
2011-06-11,11.426,137
2011-06-12,11.379,137
2011-06-13,10.975,137
2011-06-14,10.913,137
2011-06-15,10.838,137
2011-06-16,10.591,137
2011-06-17,10.163,137
2011-06-18,10.164,137
2011-06-19,10.229,137
2011-06-20,10.492,137
2011-06-21,10.643,137
2011-06-22,10.841,137
2011-06-23,10.737,137
2011-06-24,10.627,137
2011-06-25,10.724,137
2011-06-26,10.772,137
2011-06-27,10.769,137
2011-06-28,10.907,137
2011-06-29,11.505,137
2011-06-30,11.372,137
2011-07-01,11.061,137
2011-07-02,10.339,137
2011-07-03,10.257,137
2011-07-04,10.268,137
2011-07-05,10.301,137
2011-07-06,10.421,137
2011-07-07,10.656,137
2011-07-08,10.85,137
2011-07-09,11.12,137
2011-07-10,11.145,137
2011-07-11,11.128,137
2011-07-12,11.005,137
2011-07-13,11.415,137
2011-07-14,11.604,137
2011-07-15,11.661,137
2011-07-16,12.832,137
2011-07-17,13.849,137
2011-07-18,13.779,137
2011-07-19,12.747,137
2011-07-20,12.236,137
2011-07-21,11.783,137
2011-07-22,11.64,137
2011-07-23,11.604,137
2011-07-24,11.981,137
2011-07-25,11.981,137
2011-07-26,11.921,137
2011-07-27,11.932,137
2011-07-28,12.171,137
2011-07-29,12.538,137
2011-07-30,12.676,137
2011-07-31,12.935,137
2011-08-01,13.123,137
2011-08-02,13.437,137
2011-08-03,13.168,137
2011-08-04,12.974,137
2011-08-05,12.435,137
2011-08-06,12.294,137
2011-08-07,12.405,137
2011-08-08,12.508,137
2011-08-09,12.516,137
2011-08-10,12.474,137
2011-08-11,11.858,137
2011-08-12,11.522,137
2011-08-13,11.511,137
2011-08-14,11.582,137
2011-08-15,11.696,137
2011-08-16,11.942,137
2011-08-17,11.997,137
2011-08-18,11.967,137
2011-08-19,11.781,137
2011-08-20,11.892,137
2011-08-21,12.191,137
2011-08-22,12.392,137
2011-08-23,12.606,137
2011-08-24,13.157,137
2011-08-25,13.275,137
2011-08-26,13.418,137
2011-08-27,13.011,137
2011-08-28,12.736,137
2011-08-29,12.534,137
2011-08-30,12.155,137
2011-08-31,11.907,137
2011-09-01,12.177,137
2011-09-02,12.6,137
2011-09-03,12.94,137
2011-09-04,13.035,137
2011-09-05,13.053,137
2011-09-06,13.041,137
2011-09-07,13.13,137
2011-09-08,13.143,137
2011-09-09,12.946,137
2011-09-10,12.909,137
2011-09-11,13.159,137
2011-09-12,13.352,137
2011-09-13,13.247,137
2011-09-14,13.009,137
2011-09-15,12.835,137
2011-09-16,12.763,137
2011-09-17,12.596,137
2011-09-18,12.246,137
2011-09-19,12.476,137
2011-09-20,12.61,137
2011-09-21,12.669,137
2011-09-22,12.705,137
2011-09-23,12.596,137
2011-09-24,12.661,137
2011-09-25,13.62,137
2011-09-26,13.873,137
2011-09-27,13.692,137
2011-09-28,13.449,137
2011-09-29,13.48,137
2011-09-30,13.565,137
2011-10-01,14.093,137
2011-10-02,14.263,137
2011-10-03,14.294,137
2011-10-04,14.132,137
2011-10-05,14.156,137
2011-10-06,14.182,137
2011-10-07,14.014,137
2011-10-08,13.813,137
2011-10-09,13.645,137
2011-10-10,13.687,137
2011-10-11,14.442,137
2011-10-12,14.458,137
2011-10-13,14.468,137
2011-10-14,14.606,137
2011-10-15,14.772,137
2011-10-16,14.906,137
2011-10-17,14.924,137
2011-10-18,15.196,137
2011-10-19,15.039,137
2011-10-20,14.347,137
2011-10-21,14.007,137
2011-10-22,14.32,137
2011-10-23,14.546,137
2011-10-24,14.495,137
2011-10-25,13.851,137
2011-10-26,13.811,137
2011-10-27,13.739,137
2011-10-28,13.492,137
2011-10-29,13.245,137
2011-10-30,12.807,137
2011-10-31,12.49,137
2011-11-01,12.32,137
2011-11-02,12.177,137
2011-11-03,12.086,137
2011-11-04,12.011,137
2011-11-05,11.995,137
2011-11-06,11.696,137
2011-11-07,11.713,137
2011-11-08,11.739,137
2011-11-09,11.883,137
2011-11-10,11.948,137
2011-11-11,11.988,137
2011-11-12,12.263,137
2011-11-13,12.215,137
2011-11-14,12.084,137
2011-11-15,12.058,137
2011-11-16,11.997,137
2011-11-17,11.911,137
2011-11-18,11.863,137
2011-11-19,11.72,137
2011-11-20,11.637,137
2011-11-21,11.705,137
2011-11-22,11.818,137
2011-11-23,12.153,137
2011-11-24,12.131,137
2011-11-25,12.015,137
2011-11-26,11.888,137
2011-11-27,11.854,137
2011-11-28,11.809,137
2011-11-29,11.525,137
2011-11-30,11.49,137
2011-12-01,11.505,137
2011-12-02,11.362,137
2011-12-03,11.249,137
2011-12-04,11.176,137
2011-12-05,11.181,137
2011-12-06,11.102,137
2011-12-07,11.218,137
2011-12-08,11.249,137
2011-12-09,11.198,137
2011-12-10,11.189,137
2011-12-11,11.065,137
2011-12-12,11.142,137
2011-12-13,11.214,137
2011-12-14,11.185,137
2011-12-15,11.388,137
2011-12-16,11.529,137
2011-12-17,11.576,137
2011-12-18,11.428,137
2011-12-19,11.357,137
2011-12-20,11.329,137
2011-12-21,11.162,137
2011-12-22,11.238,137
2011-12-23,11.322,137
2011-12-24,11.459,137
2011-12-25,11.443,137
2011-12-26,11.325,137
2011-12-27,11.297,137
2011-12-28,11.265,137
2011-12-29,11.435,137
2011-12-30,11.516,137
2011-12-31,11.293,137
2012-01-01,11.255,137
2012-01-02,11.336,137
2012-01-03,11.387,137
2012-01-04,11.4,137
2012-01-05,11.422,137
2012-01-06,11.373,137
2012-01-07,11.298,137
2012-01-08,10.899,137
2012-01-09,10.802,137
2012-01-10,10.822,137
2012-01-11,10.955,137
2012-01-12,11.08,137
2012-01-13,11.134,137
2012-01-14,11.115,137
2012-01-15,10.966,137
2012-01-16,10.781,137
2012-01-17,10.715,137
2012-01-18,10.728,137
2012-01-19,10.971,137
2012-01-20,11.187,137
2012-01-21,11.232,137
2012-01-22,11.232,137
2012-01-23,11.399,137
2012-01-24,11.15,137
2012-01-25,10.888,137
2012-01-26,11.185,137
2012-01-27,11.088,137
2012-01-28,11.088,137
2012-01-29,10.975,137
2012-01-30,10.996,137
2012-01-31,11.018,137
2012-02-01,11.25,137
2012-02-02,11.147,137
2012-02-03,11.022,137
2012-02-04,10.988,137
2012-02-05,11.051,137
2012-02-06,11.201,137
2012-02-07,11.712,137
2012-02-08,11.804,137
2012-02-09,11.806,137
2012-02-10,11.772,137
2012-02-11,11.38,137
2012-02-12,11.321,137
2012-02-13,11.238,137
2012-02-14,11.085,137
2012-02-15,10.889,137
2012-02-16,10.847,137
2012-02-17,10.815,137
2012-02-18,10.766,137
2012-02-19,10.591,137
2012-02-20,10.529,137
2012-02-21,10.696,137
2012-02-22,10.418,137
2012-02-23,10.242,137
2012-02-24,10.29,137
2012-02-25,10.22,137
2012-02-26,9.634,137
2012-02-27,9.367,137
2012-02-28,9.216,137
2012-02-29,9.343,137
2012-03-01,9.381,137
2012-03-02,9.486,137
2012-03-03,9.699,137
2012-03-04,10.228,137
2012-03-05,9.819,137
2012-03-06,9.456,137
2012-03-07,9.652,137
2012-03-08,9.876,137
2012-03-09,9.95,137
2012-03-10,9.757,137
2012-03-11,9.62,137
2012-03-12,9.695,137
2012-03-13,9.884,137
2012-03-14,10.001,137
2012-03-15,10.072,137
2012-03-16,10.165,137
2012-03-17,9.556,137
2012-03-18,9.55,137
2012-03-19,9.557,137
2012-03-20,9.765,137
2012-03-21,9.763,137
2012-03-22,9.807,137
2012-03-23,9.744,137
2012-03-24,9.822,137
2012-03-25,10.049,137
2012-03-26,10.075,137
2012-03-27,10.157,137
2012-03-28,10.293,137
2012-03-29,10.46,137
2012-03-30,10.792,137
2012-03-31,10.791,137
2012-04-01,10.699,137
2012-04-02,10.668,137
2012-04-03,10.748,137
2012-04-04,10.569,137
2012-04-05,10.507,137
2012-04-06,10.433,137
2012-04-07,10.365,137
2012-04-08,10.565,137
2012-04-09,10.766,137
2012-04-10,10.975,137
2012-04-11,11.117,137
2012-04-12,11.066,137
2012-04-13,10.941,137
2012-04-14,10.581,137
2012-04-15,10.581,137
2012-04-16,10.743,137
2012-04-17,11.285,137
2012-04-18,11.499,137
2012-04-19,11.262,137
2012-04-20,10.966,137
2012-04-21,10.495,137
2012-04-22,10.659,137
2012-04-23,10.845,137
2012-04-24,11.158,137
2012-04-25,11.958,137
2012-04-26,12.012,137
2012-04-27,11.534,137
2012-04-28,11.137,137
2012-04-29,10.743,137
2012-04-30,9.946,137
2012-05-01,9.904,137
2012-05-02,9.876,137
2012-05-03,9.953,137
2012-05-04,9.803,137
2012-05-05,9.681,137
2012-05-06,9.733,137
2012-05-07,9.809,137
2012-05-08,9.726,137
2012-05-09,9.667,137
2012-05-10,9.737,137
2012-05-11,9.929,137
2012-05-12,10.022,137
2012-05-13,11,137
2012-05-14,11.448,137
2012-05-15,11.464,137
2012-05-16,10.561,137
2012-05-17,10.16,137
2012-05-18,10.029,137
2012-05-19,9.992,137
2012-05-20,10.122,137
2012-05-21,10.529,137
2012-05-22,10.91,137
2012-05-23,10.705,137
2012-05-24,10.711,137
2012-05-25,10.253,137
2012-05-26,10.097,137
2012-05-27,10.244,137
2012-05-28,10.362,137
2012-05-29,10.341,137
2012-05-30,10.223,137
2012-05-31,10.111,137
2012-06-01,10.133,137
2012-06-02,10.188,137
2012-06-03,10.224,137
2012-06-04,11.102,137
2012-06-05,11.119,137
2012-06-06,10.95,137
2012-06-07,10.535,137
2012-06-08,10.228,137
2012-06-09,9.952,137
2012-06-10,9.809,137
2012-06-11,9.882,137
2012-06-12,9.872,137
2012-06-13,9.74,137
2012-06-14,9.45,137
2012-06-15,9.354,137
2012-06-16,9.329,137
2012-06-17,9.92,137
2012-06-18,11.009,137
2012-06-19,11.188,137
2012-06-20,11.131,137
2012-06-21,11.01,137
2012-06-22,11.345,137
2012-06-23,12.89,137
2012-06-24,13.16,137
2012-06-25,13.343,137
2012-06-26,12.626,137
2012-06-27,12.148,137
2012-06-28,12.089,137
2012-06-29,12.169,137
2012-06-30,12.576,137
2012-07-01,11.885,137
2012-07-02,11.529,137
2012-07-03,11.154,137
2012-07-04,10.904,137
2012-07-05,10.896,137
2012-07-06,10.995,137
2012-07-07,11.175,137
2012-07-08,11.185,137
2012-07-09,11.036,137
2012-07-10,10.742,137
2012-07-11,10.382,137
2012-07-12,10.181,137
2012-07-13,10.141,137
2012-07-14,10.123,137
2012-07-15,10.303,137
2012-07-16,10.426,137
2012-07-17,11.221,137
2012-07-18,12.825,137
2012-07-19,12.688,137
2012-07-20,12.295,137
2012-07-21,11.957,137
2012-07-22,11.641,137
2012-07-23,11.296,137
2012-07-24,11.526,137
2012-07-25,11.842,137
2012-07-26,12.051,137
2012-07-27,11.546,137
2012-07-28,11.43,137
2012-07-29,11.458,137
2012-07-30,11.659,137
2012-07-31,11.43,137
2012-08-01,11.227,137
2012-08-02,11.111,137
2012-08-03,11.151,137
2012-08-04,11.271,137
2012-08-05,12.196,137
2012-08-06,12.57,137
2012-08-07,12.43,137
2012-08-08,12.27,137
2012-08-09,11.35,137
2012-08-10,11.048,137
2012-08-11,10.867,137
2012-08-12,10.735,137
2012-08-13,11.185,137
2012-08-14,11.565,137
2012-08-15,12.157,137
2012-08-16,13.052,137
2012-08-17,13.312,137
2012-08-18,13.007,137
2012-08-19,12.725,137
2012-08-20,12.279,137
2012-08-21,12.059,137
2012-08-22,11.785,137
2012-08-23,11.699,137
2012-08-24,11.726,137
2012-08-25,12.435,137
2012-08-26,12.671,137
2012-08-27,12.831,137
2012-08-28,13.057,137
2012-08-29,12.9,137
2012-08-30,12.618,137
2012-08-31,12.242,137
2012-09-01,12.326,137
2012-09-02,12.316,137
2012-09-03,12.207,137
2012-09-04,12.184,137
2012-09-05,12.475,137
2012-09-06,13.335,137
2012-09-07,13.234,137
2012-09-08,13.139,137
2012-09-09,12.983,137
2012-09-10,12.761,137
2012-09-11,12.525,137
2012-09-12,12.416,137
2012-09-13,12.392,137
2012-09-14,12.549,137
2012-09-15,12.599,137
2012-09-16,12.615,137
2012-09-17,13.334,137
2012-09-18,13.357,137
2012-09-19,12.894,137
2012-09-20,12.62,137
2012-09-21,12.303,137
2012-09-22,12.077,137
2012-09-23,11.871,137
2012-09-24,11.918,137
2012-09-25,11.928,137
2012-09-26,11.868,137
2012-09-27,11.833,137
2012-09-28,12.227,137
2012-09-29,12.986,137
2012-09-30,13.315,137
2012-10-01,13.735,137
2012-10-02,14.148,137
2012-10-03,14.461,137
2012-10-04,14.656,137
2012-10-05,15.666,137
2012-10-06,15.445,137
2012-10-07,15.128,137
2012-10-08,14.892,137
2012-10-09,15.013,137
2012-10-10,14.889,137
2012-10-11,14.642,137
2012-10-12,15.39,137
2012-10-13,15.521,137
2012-10-14,15.398,137
2012-10-15,14.743,137
2012-10-16,14.133,137
2012-10-17,13.992,137
2012-10-18,14.051,137
2012-10-19,14.156,137
2012-10-20,13.752,137
2012-10-21,13.519,137
2012-10-22,13.33,137
2012-10-23,13.659,137
2012-10-24,14.065,137
2012-10-25,14.056,137
2012-10-26,13.606,137
2012-10-27,13.133,137
2012-10-28,12.931,137
2012-10-29,12.998,137
2012-10-30,13.237,137
2012-10-31,14.274,137
2012-11-01,14.589,137
2012-11-02,14.736,137
2012-11-03,14.917,137
2012-11-04,14.789,137
2012-11-05,14.776,137
2012-11-06,14.846,137
2012-11-07,14.629,137
2012-11-08,13.736,137
2012-11-09,13.239,137
2012-11-10,13.249,137
2012-11-11,13.375,137
2012-11-12,13.509,137
2012-11-13,13.673,137
2012-11-14,13.603,137
2012-11-15,13.453,137
2012-11-16,13.296,137
2012-11-17,13.439,137
2012-11-18,13.618,137
2012-11-19,13.763,137
2012-11-20,13.912,137
2012-11-21,14.222,137
2012-11-22,14.286,137
2012-11-23,14.31,137
2012-11-24,14.252,137
2012-11-25,14.022,137
2012-11-26,13.96,137
2012-11-27,13.966,137
2012-11-28,14.049,137
2012-11-29,14.071,137
2012-11-30,14.104,137
2012-12-01,14.141,137
2012-12-02,14.078,137
2012-12-03,14.078,137
2012-12-04,14.117,137
2012-12-05,14.048,137
2012-12-06,13.851,137
2012-12-07,13.731,137
2012-12-08,13.575,137
2012-12-09,13.591,137
2012-12-10,13.71,137
2012-12-11,13.726,137
2012-12-12,13.546,137
2012-12-13,13.455,137
2012-12-14,13.417,137
2012-12-15,13.278,137
2012-12-16,13.234,137
2012-12-17,13.347,137
2012-12-18,13.222,137
2012-12-19,13.044,137
2012-12-20,12.826,137
2012-12-21,12.668,137
2012-12-22,12.76,137
2012-12-23,12.642,137
2012-12-24,12.513,137
2012-12-25,12.548,137
2012-12-26,12.751,137
2012-12-27,12.729,137
2012-12-28,12.57,137
2012-12-29,12.419,137
2012-12-30,12.329,137
2012-12-31,12.266,137
2013-01-01,12.237,137
2013-01-02,12.193,137
2013-01-03,12.133,137
2013-01-04,12.063,137
2013-01-05,12.099,137
2013-01-06,12.248,137
2013-01-07,12.224,137
2013-01-08,12.134,137
2013-01-09,12.024,137
2013-01-10,11.975,137
2013-01-11,11.736,137
2013-01-12,11.45,137
2013-01-13,11.302,137
2013-01-14,11.169,137
2013-01-15,11.288,137
2013-01-16,11.232,137
2013-01-17,11.144,137
2013-01-18,11.01,137
2013-01-19,11.022,137
2013-01-20,11.115,137
2013-01-21,11.092,137
2013-01-22,11.097,137
2013-01-23,11.456,137
2013-01-24,11.479,137
2013-01-25,11.319,137
2013-01-26,11.168,137
2013-01-27,11.152,137
2013-01-28,11.172,137
2013-01-29,10.868,137
2013-01-30,10.796,137
2013-01-31,10.983,137
2013-02-01,11.181,137
2013-02-02,11.209,137
2013-02-03,11.153,137
2013-02-04,10.818,137
2013-02-05,10.639,137
2013-02-06,10.682,137
2013-02-07,10.79,137
2013-02-08,10.833,137
2013-02-09,10.785,137
2013-02-10,10.799,137
2013-02-11,10.791,137
2013-02-12,10.779,137
2013-02-13,10.807,137
2013-02-14,11.054,137
2013-02-15,11.318,137
2013-02-16,11.141,137
2013-02-17,10.937,137
2013-02-18,10.872,137
2013-02-19,10.762,137
2013-02-20,10.618,137
2013-02-21,10.529,137
2013-02-22,10.291,137
2013-02-23,10.219,137
2013-02-24,10.291,137
2013-02-25,10.291,137
2013-02-26,10.212,137
2013-02-27,10.146,137
2013-02-28,10.103,137
2013-03-01,9.749,137
2013-03-02,9.939,137
2013-03-03,9.929,137
2013-03-04,9.828,137
2013-03-05,9.787,137
2013-03-06,9.906,137
2013-03-07,10.19,137
2013-03-08,10.13,137
2013-03-09,9.925,137
2013-03-10,9.794,137
2013-03-11,9.746,137
2013-03-12,9.473,137
2013-03-13,9.22,137
2013-03-14,9.751,137
2013-03-15,10.067,137
2013-03-16,10.07,137
2013-03-17,10.108,137
2013-03-18,10.111,137
2013-03-19,10.471,137
2013-03-20,10.157,137
2013-03-21,10.063,137
2013-03-22,9.948,137
2013-03-23,9.891,137
2013-03-24,9.924,137
2013-03-25,10.15,137
2013-03-26,10.633,137
2013-03-27,10.757,137
2013-03-28,10.811,137
2013-03-29,10.958,137
2013-03-30,10.868,137
2013-03-31,10.915,137
2013-04-01,11.464,137
2013-04-02,11.722,137
2013-04-03,11.449,137
2013-04-04,11.426,137
2013-04-05,11.96,137
2013-04-06,12.41,137
2013-04-07,11.096,137
2013-04-08,10.473,137
2013-04-09,10.265,137
2013-04-10,10.187,137
2013-04-11,10.012,137
2013-04-12,9.845,137
2013-04-13,9.623,137
2013-04-14,9.43,137
2013-04-15,9.253,137
2013-04-16,9.092,137
2013-04-17,9.094,137
2013-04-18,9.169,137
2013-04-19,9.164,137
2013-04-20,9.207,137
2013-04-21,9.33,137
2013-04-22,9.689,137
2013-04-23,10.294,137
2013-04-24,10.723,137
2013-04-25,10.734,137
2013-04-26,10.732,137
2013-04-27,9.642,137
2013-04-28,9.62,137
2013-04-29,9.426,137
2013-04-30,9.438,137
2013-05-01,9.55,137
2013-05-02,9.917,137
2013-05-03,11.013,137
2013-05-04,11.067,137
2013-05-05,11.137,137
2013-05-06,11.642,137
2013-05-07,12.374,137
2013-05-08,12.529,137
2013-05-09,12.191,137
2013-05-10,11.531,137
2013-05-11,11.296,137
2013-05-12,11.519,137
2013-05-13,11.073,137
2013-05-14,10.675,137
2013-05-15,10.395,137
2013-05-16,10.549,137
2013-05-17,10.981,137
2013-05-18,10.741,137
2013-05-19,10.539,137
2013-05-20,10.418,137
2013-05-21,10.312,137
2013-05-22,10.087,137
2013-05-23,9.983,137
2013-05-24,10.054,137
2013-05-25,10.217,137
2013-05-26,10.687,137
2013-05-27,11.332,137
2013-05-28,12.012,137
2013-05-29,11.631,137
2013-05-30,11.128,137
2013-05-31,10.742,137
2013-06-01,10.576,137
2013-06-02,10.61,137
2013-06-03,10.784,137
2013-06-04,11.27,137
2013-06-05,11.053,137
2013-06-06,10.845,137
2013-06-07,11.246,137
2013-06-08,11.559,137
2013-06-09,11.695,137
2013-06-10,12.156,137
2013-06-11,11.595,137
2013-06-12,11.001,137
2013-06-13,10.594,137
2013-06-14,10.299,137
2013-06-15,10.172,137
2013-06-16,10.407,137
2013-06-17,10.779,137
2013-06-18,11.278,137
2013-06-19,11.556,137
2013-06-20,11.725,137
2013-06-21,11.824,137
2013-06-22,11.783,137
2013-06-23,11.791,137
2013-06-24,12.079,137
2013-06-25,12.987,137
2013-06-26,13.589,137
2013-06-27,13.641,137
2013-06-28,13.295,137
2013-06-29,12.974,137
2013-06-30,12.621,137
2013-07-01,12.178,137
2013-07-02,11.856,137
2013-07-03,12.501,137
2013-07-04,12.108,137
2013-07-05,11.497,137
2013-07-06,10.848,137
2013-07-07,10.519,137
2013-07-08,10.963,137
2013-07-09,11.435,137
2013-07-10,12.293,137
2013-07-11,12.252,137
2013-07-12,12.076,137
2013-07-13,12.093,137
2013-07-14,12.082,137
2013-07-15,12.165,137
2013-07-16,12.299,137
2013-07-17,12.086,137
2013-07-18,11.972,137
2013-07-19,11.843,137
2013-07-20,11.595,137
2013-07-21,11.19,137
2013-07-22,11.347,137
2013-07-23,10.745,137
2013-07-24,10.795,137
2013-07-25,10.795,137
2013-07-26,11.623,137
2013-07-27,11.898,137
2013-07-28,12.014,137
2013-07-29,11.997,137
2013-07-30,12.367,137
2013-07-31,12.159,137
2013-08-01,11.907,137
2013-08-02,11.644,137
2013-08-03,11.406,137
2013-08-04,11.49,137
2013-08-05,11.819,137
2013-08-06,13.064,137
2013-08-07,13.079,137
2013-08-08,13.142,137
2013-08-09,13.396,137
2013-08-10,13.563,137
2013-08-11,12.779,137
2013-08-12,12.595,137
2013-08-13,12.407,137
2013-08-14,12.22,137
2013-08-15,12.455,137
2013-08-16,12.915,137
2013-08-17,12.385,137
2013-08-18,12.053,137
2013-08-19,11.85,137
2013-08-20,11.989,137
2013-08-21,12.568,137
2013-08-22,12.803,137
2013-08-23,13.31,137
2013-08-24,13.211,137
2013-08-25,13.552,137
2013-08-26,14.483,137
2013-08-27,14.518,137
2013-08-28,14.45,137
2013-08-29,14.846,137
2013-08-30,14.849,137
2013-08-31,15.161,137
2013-09-01,16.053,137
2013-09-02,16.598,137
2013-09-03,16.239,137
2013-09-04,15.877,137
2013-09-05,15.394,137
2013-09-06,14.973,137
2013-09-07,14.623,137
2013-09-08,14.494,137
2013-09-09,14.519,137
2013-09-10,14.882,137
2013-09-11,15.398,137
2013-09-12,15.032,137
2013-09-13,14.317,137
2013-09-14,14.799,137
2013-09-15,14.933,137
2013-09-16,14.61,137
2013-09-17,13.935,137
2013-09-18,13.259,137
2013-09-19,12.895,137
2013-09-20,12.633,137
2013-09-21,13.282,137
2013-09-22,13.8,137
2013-09-23,13.818,137
2013-09-24,13.741,137
2013-09-25,13.203,137
2013-09-26,12.395,137
2013-09-27,12.123,137
2013-09-28,12.062,137
2013-09-29,12.359,137
2013-09-30,12.663,137
2013-10-01,12.514,137
2013-10-02,12.274,137
2013-10-03,11.569,137
2013-10-04,11.6,137
2013-10-05,11.923,137
2013-10-06,12.738,137
2013-10-07,12.798,137
2013-10-08,12.594,137
2013-10-09,11.746,137
2013-10-10,11.163,137
2013-10-11,11.195,137
2013-10-12,11.191,137
2013-10-13,11.423,137
2013-10-14,12.022,137
2013-10-15,12.795,137
2013-10-16,12.915,137
2013-10-17,12.785,137
2013-10-18,12.507,137
2013-10-19,12.005,137
2013-10-20,11.89,137
2013-10-21,11.685,137
2013-10-22,11.509,137
2013-10-23,11.467,137
2013-10-24,11.843,137
2013-10-25,11.78,137
2013-10-26,11.675,137
2013-10-27,11.424,137
2013-10-28,11.434,137
2013-10-29,11.438,137
2013-10-30,11.38,137
2013-10-31,11.51,137
2013-11-01,11.685,137
2013-11-02,11.618,137
2013-11-03,11.046,137
2013-11-04,10.771,137
2013-11-05,10.593,137
2013-11-06,10.573,137
2013-11-07,11.068,137
2013-11-08,11.572,137
2013-11-09,11.829,137
2013-11-10,12.059,137
2013-11-11,12.784,137
2013-11-12,13.202,137
2013-11-13,12.94,137
2013-11-14,11.874,137
2013-11-15,11.745,137
2013-11-16,11.694,137
2013-11-17,11.635,137
2013-11-18,11.561,137
2013-11-19,11.768,137
2013-11-20,12.338,137
2013-11-21,12.318,137
2013-11-22,12.369,137
2013-11-23,12.484,137
2013-11-24,12.637,137
2013-11-25,12.751,137
2013-11-26,12.899,137
2013-11-27,13.481,137
2013-11-28,13.598,137
2013-11-29,13.782,137
2013-11-30,13.745,137
2013-12-01,13.433,137
2013-12-02,13.19,137
2013-12-03,12.581,137
2013-12-04,12.392,137
2013-12-05,12.339,137
2013-12-06,12.382,137
2013-12-07,12.11,137
2013-12-08,11.453,137
2013-12-09,11.316,137
2013-12-10,11.414,137
2013-12-11,11.415,137
2013-12-12,11.336,137
2013-12-13,11.216,137
2013-12-14,11.068,137
2013-12-15,11.226,137
2013-12-16,11.27,137
2013-12-17,11.309,137
2013-12-18,10.922,137
2013-12-19,10.67,137
2013-12-20,10.52,137
2013-12-21,10.425,137
2013-12-22,10.513,137
2013-12-23,10.688,137
2013-12-24,10.776,137
2013-12-25,10.873,137
2013-12-26,10.98,137
2013-12-27,11.015,137
2013-12-28,10.912,137
2013-12-29,10.931,137
2013-12-30,10.915,137
2013-12-31,11.034,137
2014-01-01,11.237,137
2014-01-02,11.334,137
2014-01-03,11.315,137
2014-01-04,11.213,137
2014-01-05,11.173,137
2014-01-06,11.242,137
2014-01-07,11.331,137
2014-01-08,11.213,137
2014-01-09,10.967,137
2014-01-10,10.895,137
2014-01-11,11.214,137
2014-01-12,11.326,137
2014-01-13,11.397,137
2014-01-14,11.365,137
2014-01-15,11.348,137
2014-01-16,11.29,137
2014-01-17,11.193,137
2014-01-18,11.214,137
2014-01-19,11.054,137
2014-01-20,10.974,137
2014-01-21,11.058,137
2014-01-22,11.525,137
2014-01-23,11.656,137
2014-01-24,11.953,137
2014-01-25,12.147,137
2014-01-26,12.265,137
2014-01-27,12.312,137
2014-01-28,12.361,137
2014-01-29,12.2,137
2014-01-30,11.899,137
2014-01-31,11.725,137
2014-02-01,11.691,137
2014-02-02,11.653,137
2014-02-03,11.457,137
2014-02-04,11.371,137
2014-02-05,11.334,137
2014-02-06,11.255,137
2014-02-07,11.259,137
2014-02-08,11.285,137
2014-02-09,10.423,137
2014-02-10,10.143,137
2014-02-11,10.114,137
2014-02-12,10.858,137
2014-02-13,11.281,137
2014-02-14,11.418,137
2014-02-15,11.881,137
2014-02-16,11.799,137
2014-02-17,11.831,137
2014-02-18,11.809,137
2014-02-19,11.728,137
2014-02-20,11.662,137
2014-02-21,11.527,137
2014-02-22,11.341,137
2014-02-23,11.184,137
2014-02-24,11.166,137
2014-02-25,11.234,137
2014-02-26,11.552,137
2014-02-27,11.674,137
2014-02-28,11.775,137
2014-03-01,11.933,137
2014-03-02,12.084,137
2014-03-03,12.327,137
2014-03-04,12.387,137
2014-03-05,12.488,137
2014-03-06,12.674,137
2014-03-07,12.726,137
2014-03-08,12.778,137
2014-03-09,12.612,137
2014-03-10,12.599,137
2014-03-11,12.617,137
2014-03-12,12.583,137
2014-03-13,12.544,137
2014-03-14,12.294,137
2014-03-15,12.244,137
2014-03-16,12.121,137
2014-03-17,12.146,137
2014-03-18,12.17,137
2014-03-19,11.998,137
2014-03-20,11.803,137
2014-03-21,11.755,137
2014-03-22,11.631,137
2014-03-23,11.545,137
2014-03-24,11.55,137
2014-03-25,11.862,137
2014-03-26,12.507,137
2014-03-27,12.454,137
2014-03-28,12.515,137
2014-03-29,12.586,137
2014-03-30,12.51,137
2014-03-31,12.389,137
2014-04-01,12.498,137
2014-04-02,12.465,137
2014-04-03,12.472,137
2014-04-04,12.313,137
2014-04-05,11.877,137
2014-04-06,11.84,137
2014-04-07,11.988,137
2014-04-08,12.271,137
2014-04-09,11.932,137
2014-04-10,11.778,137
2014-04-11,11.889,137
2014-04-12,12.178,137
2014-04-13,11.945,137
2014-04-14,11.61,137
2014-04-15,11.342,137
2014-04-16,11.082,137
2014-04-17,10.758,137
2014-04-18,10.533,137
2014-04-19,10.395,137
2014-04-20,10.45,137
2014-04-21,10.449,137
2014-04-22,10.677,137
2014-04-23,10.856,137
2014-04-24,11.362,137
2014-04-25,11.139,137
2014-04-26,11.341,137
2014-04-27,11.459,137
2014-04-28,11.525,137
2014-04-29,11.518,137
2014-04-30,11.636,137
2014-05-01,11.885,137
2014-05-02,12.358,137
2014-05-03,12.145,137
2014-05-04,12.395,137
2014-05-05,12.215,137
2014-05-06,11.369,137
2014-05-07,10.947,137
2014-05-08,10.738,137
2014-05-09,11.019,137
2014-05-10,10.715,137
2014-05-11,10.758,137
2014-05-12,10.841,137
2014-05-13,11.069,137
2014-05-14,11.417,137
2014-05-15,11.705,137
2014-05-16,11.441,137
2014-05-17,11.555,137
2014-05-18,11.659,137
2014-05-19,11.891,137
2014-05-20,11.761,137
2014-05-21,11.409,137
2014-05-22,11.212,137
2014-05-23,11.107,137
2014-05-24,11.012,137
2014-05-25,11.034,137
2014-05-26,11.041,137
2014-05-27,11.045,137
2014-05-28,10.952,137
2014-05-29,10.749,137
2014-05-30,10.599,137
2014-05-31,10.518,137
2014-06-01,10.427,137
2014-06-02,10.388,137
2014-06-03,10.39,137
2014-06-04,10.732,137
2014-06-05,10.969,137
2014-06-06,11.374,137
2014-06-07,11.761,137
2014-06-08,11.92,137
2014-06-09,11.995,137
2014-06-10,12.021,137
2014-06-11,11.853,137
2014-06-12,11.665,137
2014-06-13,11.484,137
2014-06-14,11.251,137
2014-06-15,10.986,137
2014-06-16,10.852,137
2014-06-17,10.746,137
2014-06-18,10.756,137
2014-06-19,10.847,137
2014-06-20,10.898,137
2014-06-21,10.825,137
2014-06-22,10.713,137
2014-06-23,10.674,137
2014-06-24,10.676,137
2014-06-25,10.802,137
2014-06-26,11.891,137
2014-06-27,12.634,137
2014-06-28,12.232,137
2014-06-29,11.935,137
2014-06-30,11.667,137
2014-07-01,11.67,137
2014-07-02,11.344,137
2014-07-03,11.114,137
2014-07-04,11.063,137
2014-07-05,11.224,137
2014-07-06,11.352,137
2014-07-07,11.53,137
2014-07-08,11.724,137
2014-07-09,11.893,137
2014-07-10,12.484,137
2014-07-11,12.258,137
2014-07-12,12.307,137
2014-07-13,12.34,137
2014-07-14,12.44,137
2014-07-15,12.461,137
2014-07-16,12.531,137
2014-07-17,12.631,137
2014-07-18,12.793,137
2014-07-19,13.657,137
2014-07-20,14.105,137
2014-07-21,14.724,137
2014-07-22,15.885,137
2014-07-23,15.561,137
2014-07-24,15.436,137
2014-07-25,15.176,137
2014-07-26,14.835,137
2014-07-27,14.659,137
2014-07-28,15.049,137
2014-07-29,15.038,137
2014-07-30,14.794,137
2014-07-31,14.748,137
2014-08-01,14.604,137
2014-08-02,14.496,137
2014-08-03,14.584,137
2014-08-04,14.836,137
2014-08-05,15.099,137
2014-08-06,14.406,137
2014-08-07,14.163,137
2014-08-08,14.157,137
2014-08-09,14.053,137
2014-08-10,14.221,137
2014-08-11,14.771,137
2014-08-12,15.33,137
2014-08-13,15.54,137
2014-08-14,15.333,137
2014-08-15,15.279,137
2014-08-16,15.277,137
2014-08-17,15.151,137
2014-08-18,15.127,137
2014-08-19,15.174,137
2014-08-20,15.503,137
2014-08-21,15.636,137
2014-08-22,15.603,137
2014-08-23,15.635,137
2014-08-24,15.591,137
2014-08-25,17.412,137
2014-08-26,17.807,137
2014-08-27,17.797,137
2014-08-28,17.683,137
2014-08-29,16.771,137
2014-08-30,16.512,137
2014-08-31,16.273,137
2014-09-01,16.036,137
2014-09-02,15.905,137
2014-09-03,15.649,137
2014-09-04,15.789,137
2014-09-05,16.296,137
2014-09-06,16.564,137
2014-09-07,16.585,137
2014-09-08,16.69,137
2014-09-09,16.371,137
2014-09-10,16.335,137
2014-09-11,16.379,137
2014-09-12,16.86,137
2014-09-13,17.274,137
2014-09-14,17.857,137
2014-09-15,17.964,137
2014-09-16,18.009,137
2014-09-17,17.878,137
2014-09-18,17.752,137
2014-09-19,17.865,137
2014-09-20,18.007,137
2014-09-21,18.243,137
2014-09-22,18.24,137
2014-09-23,18.268,137
2014-09-24,18.483,137
2014-09-25,18.548,137
2014-09-26,18.125,137
2014-09-27,17.734,137
2014-09-28,17.331,137
2014-09-29,16.538,137
2014-09-30,16.179,137
2014-10-01,16.415,137
2014-10-02,16.913,137
2014-10-03,17.34,137
2014-10-04,17.414,137
2014-10-05,16.9,137
2014-10-06,16.884,137
2014-10-07,16.844,137
2014-10-08,15.719,137
2014-10-09,15.58,137
2014-10-10,15.292,137
2014-10-11,15.144,137
2014-10-12,15.456,137
2014-10-13,15.7,137
2014-10-14,15.938,137
2014-10-15,16.323,137
2014-10-16,16.527,137
2014-10-17,16.868,137
2014-10-18,17.022,137
2014-10-19,17.383,137
2014-10-20,17.443,137
2014-10-21,17.408,137
2014-10-22,17.394,137
2014-10-23,17.49,137
2014-10-24,17.473,137
2014-10-25,17.38,137
2014-10-26,17.219,137
2014-10-27,16.931,137
2014-10-28,16.711,137
2014-10-29,16.668,137
2014-10-30,16.729,137
2014-10-31,16.808,137
2014-11-01,16.456,137
2014-11-02,16.219,137
2014-11-03,16.141,137
2014-11-04,16.061,137
2014-11-05,16.174,137
2014-11-06,16.224,137
2014-11-07,16.085,137
2014-11-08,15.815,137
2014-11-09,15.688,137
2014-11-10,15.489,137
2014-11-11,15.566,137
2014-11-12,16.071,137
2014-11-13,16.124,137
2014-11-14,16.154,137
2014-11-15,16.153,137
2014-11-16,16.157,137
2014-11-17,16.057,137
2014-11-18,15.951,137
2014-11-19,16.091,137
2014-11-20,16.038,137
2014-11-21,16.273,137
2014-11-22,16.386,137
2014-11-23,16.23,137
2014-11-24,15.771,137
2014-11-25,15.586,137
2014-11-26,15.566,137
2014-11-27,15.525,137
2014-11-28,15.658,137
2014-11-29,15.872,137
2014-11-30,15.959,137
2014-12-01,16.038,137
2014-12-02,16.2,137
2014-12-03,16.282,137
2014-12-04,16.243,137
2014-12-05,16.26,137
2014-12-06,16.29,137
2014-12-07,16.286,137
2014-12-08,16.289,137
2014-12-09,16.335,137
2014-12-10,16.121,137
2014-12-11,16.008,137
2014-12-12,15.771,137
2014-12-13,15.744,137
2014-12-14,15.724,137
2014-12-15,15.589,137
2014-12-16,15.421,137
2014-12-17,15.376,137
2014-12-18,15.36,137
2014-12-19,15.412,137
2014-12-20,15.475,137
2014-12-21,14.806,137
2014-12-22,14.182,137
2014-12-23,14.095,137
2014-12-24,14.883,137
2014-12-25,15.007,137
2014-12-26,14.902,137
2014-12-27,14.752,137
2014-12-28,14.488,137
2014-12-29,14.314,137
2014-12-30,14.119,137
2014-12-31,13.986,137
2015-01-01,13.863,137
2015-01-02,13.751,137
2015-01-03,13.665,137
2015-01-04,13.658,137
2015-01-05,13.808,137
2015-01-06,13.805,137
2015-01-07,13.818,137
2015-01-08,13.732,137
2015-01-09,13.749,137
2015-01-10,13.6,137
2015-01-11,13.428,137
2015-01-12,13.565,137
2015-01-13,13.622,137
2015-01-14,13.63,137
2015-01-15,13.568,137
2015-01-16,13.531,137
2015-01-17,13.51,137
2015-01-18,13.666,137
2015-01-19,13.598,137
2015-01-20,13.526,137
2015-01-21,13.439,137
2015-01-22,13.566,137
2015-01-23,13.604,137
2015-01-24,13.651,137
2015-01-25,13.544,137
2015-01-26,13.426,137
2015-01-27,13.386,137
2015-01-28,13.589,137
2015-01-29,13.416,137
2015-01-30,13.362,137
2015-01-31,13.42,137
2015-02-01,13.463,137
2015-02-02,13.53,137
2015-02-03,13.641,137
2015-02-04,13.747,137
2015-02-05,13.643,137
2015-02-06,13.764,137
2015-02-07,13.781,137
2015-02-08,13.923,137
2015-02-09,14.089,137
2015-02-10,14.226,137
2015-02-11,14.126,137
2015-02-12,14.129,137
2015-02-13,13.67,137
2015-02-14,13.808,137
2015-02-15,13.847,137
2015-02-16,13.908,137
2015-02-17,13.964,137
2015-02-18,13.846,137
2015-02-19,13.769,137
2015-02-20,13.8,137
2015-02-21,13.801,137
2015-02-22,13.859,137
2015-02-23,13.893,137
2015-02-24,13.872,137
2015-02-25,13.826,137
2015-02-26,13.75,137
2015-02-27,13.349,137
2015-02-28,13.474,137
2015-03-01,13.518,137
2015-03-02,13.353,137
2015-03-03,13.352,137
2015-03-04,13.609,137
2015-03-05,13.685,137
2015-03-06,13.611,137
2015-03-07,13.456,137
2015-03-08,13.208,137
2015-03-09,13.166,137
2015-03-10,13.272,137
2015-03-11,13.342,137
2015-03-12,13.399,137
2015-03-13,13.512,137
2015-03-14,13.732,137
2015-03-15,13.987,137
2015-03-16,13.871,137
2015-03-17,13.701,137
2015-03-18,13.584,137
2015-03-19,13.554,137
2015-03-20,13.666,137
2015-03-21,14.112,137
2015-03-22,14.2,137
2015-03-23,14.252,137
2015-03-24,13.86,137
2015-03-25,13.702,137
2015-03-26,13.553,137
2015-03-27,13.472,137
2015-03-28,13.491,137
2015-03-29,13.476,137
2015-03-30,13.34,137
2015-03-31,13.157,137
2015-04-01,13.104,137
2015-04-02,12.936,137
2015-04-03,12.715,137
2015-04-04,12.448,137
2015-04-05,12.457,137
2015-04-06,12.648,137
2015-04-07,12.976,137
2015-04-08,13.021,137
2015-04-09,13.114,137
2015-04-10,13.162,137
2015-04-11,12.988,137
2015-04-12,12.752,137
2015-04-13,12.651,137
2015-04-14,12.311,137
2015-04-15,12.093,137
2015-04-16,12.148,137
2015-04-17,12.309,137
2015-04-18,12.333,137
2015-04-19,12.496,137
2015-04-20,12.628,137
2015-04-21,12.199,137
2015-04-22,11.976,137
2015-04-23,11.657,137
2015-04-24,11.254,137
2015-04-25,11.451,137
2015-04-26,11.345,137
2015-04-27,11.281,137
2015-04-28,10.957,137
2015-04-29,10.873,137
2015-04-30,11.017,137
2015-05-01,11.178,137
2015-05-02,11.672,137
2015-05-03,11.785,137
2015-05-04,10.963,137
2015-05-05,10.687,137
2015-05-06,10.35,137
2015-05-07,10.145,137
2015-05-08,10.078,137
2015-05-09,10.04,137
2015-05-10,10.025,137
2015-05-11,10.089,137
2015-05-12,10.205,137
2015-05-13,10.392,137
2015-05-14,11.146,137
2015-05-15,11.148,137
2015-05-16,11.088,137
2015-05-17,11.199,137
2015-05-18,11.422,137
2015-05-19,11.599,137
2015-05-20,11.661,137
2015-05-21,11.802,137
2015-05-22,11.428,137
2015-05-23,11.2,137
2015-05-24,11.091,137
2015-05-25,10.886,137
2015-05-26,11.086,137
2015-05-27,11.416,137
2015-05-28,11.489,137
2015-05-29,11.378,137
2015-05-30,11.401,137
2015-05-31,11.501,137
2015-06-01,11.965,137
2015-06-02,11.73,137
2015-06-03,11.404,137
2015-06-04,11.303,137
2015-06-05,10.967,137
2015-06-06,10.635,137
2015-06-07,10.193,137
2015-06-08,10.69,137
2015-06-09,11.094,137
2015-06-10,11.987,137
2015-06-11,12.834,137
2015-06-12,13.659,137
2015-06-13,13.661,137
2015-06-14,13.279,137
2015-06-15,12.505,137
2015-06-16,11.788,137
2015-06-17,11.568,137
2015-06-18,11.411,137
2015-06-19,11.355,137
2015-06-20,11.312,137
2015-06-21,11.689,137
2015-06-22,11.645,137
2015-06-23,11.68,137
2015-06-24,11.656,137
2015-06-25,11.686,137
2015-06-26,11.929,137
2015-06-27,12.26,137
2015-06-28,13.623,137
2015-06-29,13.439,137
2015-06-30,13.173,137
2015-07-01,12.868,137
2015-07-02,13.112,137
2015-07-03,13.412,137
2015-07-04,13.572,137
2015-07-05,14.938,137
2015-07-06,16.137,137
2015-07-07,16.596,137
2015-07-08,16.567,137
2015-07-09,16.509,137
2015-07-10,16.248,137
2015-07-11,17.197,137
2015-07-12,17.218,137
2015-07-13,17.045,137
2015-07-14,15.525,137
2015-07-15,14.731,137
2015-07-16,14.448,137
2015-07-17,14.462,137
2015-07-18,15.135,137
2015-07-19,16.05,137
2015-07-20,16.016,137
2015-07-21,15.396,137
2015-07-22,15.252,137
2015-07-23,15.316,137
2015-07-24,15.3,137
2015-07-25,14.965,137
2015-07-26,14.387,137
2015-07-27,14.157,137
2015-07-28,14.179,137
2015-07-29,14.508,137
2015-07-30,14.547,137
2015-07-31,14.836,137
2015-08-01,15.35,137
2015-08-02,15.762,137
2015-08-03,15.995,137
2015-08-04,16.625,137
2015-08-05,16.338,137
2015-08-06,16.303,137
2015-08-07,15.678,137
2015-08-08,15.587,137
2015-08-09,15.444,137
2015-08-10,15.603,137
2015-08-11,16.087,137
2015-08-12,16.379,137
2015-08-13,16.902,137
2015-08-14,16.836,137
2015-08-15,16.421,137
2015-08-16,15.642,137
2015-08-17,15.879,137
2015-08-18,16.204,137
2015-08-19,16.798,137
2015-08-20,15.991,137
2015-08-21,15.838,137
2015-08-22,15.899,137
2015-08-23,16.58,137
2015-08-24,16.668,137
2015-08-25,16.55,137
2015-08-26,16.134,137
2015-08-27,16.028,137
2015-08-28,17.1,137
2015-08-29,17.233,137
2015-08-30,16.501,137
2015-08-31,15.96,137
2015-09-01,15.493,137
2015-09-02,15.258,137
2015-09-03,15.064,137
2015-09-04,14.484,137
2015-09-05,13.861,137
2015-09-06,13.845,137
2015-09-07,14.109,137
2015-09-08,14.472,137
2015-09-09,15.079,137
2015-09-10,15.501,137
2015-09-11,15.486,137
2015-09-12,15.175,137
2015-09-13,14.977,137
2015-09-14,14.896,137
2015-09-15,14.866,137
2015-09-16,15.334,137
2015-09-17,15.628,137
2015-09-18,15.688,137
2015-09-19,15.7,137
2015-09-20,15.759,137
2015-09-21,15.689,137
2015-09-22,15.358,137
2015-09-23,15.266,137
2015-09-24,15.285,137
2015-09-25,15.424,137
2015-09-26,15.493,137
2015-09-27,15.501,137
2015-09-28,15.566,137
2015-09-29,15.923,137
2015-09-30,16.329,137
2015-10-01,16.484,137
2015-10-02,16.14,137
2015-10-03,15.985,137
2015-10-04,15.711,137
2015-10-05,15.511,137
2015-10-06,15.633,137
2015-10-07,15.938,137
2015-10-08,16.762,137
2015-10-09,16.748,137
2015-10-10,16.754,137
2015-10-11,16.609,137
2015-10-12,16.817,137
2015-10-13,17.034,137
2015-10-14,17.206,137
2015-10-15,17.118,137
2015-10-16,17.449,137
2015-10-17,17.514,137
2015-10-18,17.52,137
2015-10-19,17.126,137
2015-10-20,17.003,137
2015-10-21,16.911,137
2015-10-22,16.788,137
2015-10-23,16.521,137
2015-10-24,17.05,137
2015-10-25,17.056,137
2015-10-26,17.045,137
2015-10-27,16.989,137
2015-10-28,16.959,137
2015-10-29,16.809,137
2015-10-30,16.396,137
2015-10-31,16.1,137
2015-11-01,15.99,137
2015-11-02,15.598,137
2015-11-03,14.966,137
2015-11-04,14.615,137
2015-11-05,14.574,137
2015-11-06,14.562,137
2015-11-07,14.621,137
2015-11-08,14.699,137
2015-11-09,14.701,137
2015-11-10,14.642,137
2015-11-11,14.553,137
2015-11-12,14.379,137
2015-11-13,14.324,137
2015-11-14,14.321,137
2015-11-15,14.066,137
2015-11-16,13.431,137
2015-11-17,13.138,137
2015-11-18,13.414,137
2015-11-19,13.524,137
2015-11-20,13.52,137
2015-11-21,13.061,137
2015-11-22,13.286,137
2015-11-23,13.298,137
2015-11-24,13.187,137
2015-11-25,12.782,137
2015-11-26,12.823,137
2015-11-27,12.959,137
2015-11-28,13.037,137
2015-11-29,13.091,137
2015-11-30,13.081,137
2015-12-01,13.262,137
2015-12-02,13.469,137
2015-12-03,13.755,137
2015-12-04,13.786,137
2015-12-05,13.754,137
2015-12-06,13.989,137
2015-12-07,14.253,137
2015-12-08,14.373,137
2015-12-09,14.426,137
2015-12-10,14.328,137
2015-12-11,14.213,137
2015-12-12,14.148,137
2015-12-13,14.061,137
2015-12-14,13.847,137
2015-12-15,13.631,137
2015-12-16,13.479,137
2015-12-17,13.418,137
2015-12-18,13.453,137
2015-12-19,13.375,137
2015-12-20,13.471,137
2015-12-21,13.718,137
2015-12-22,13.913,137
2015-12-23,13.82,137
2015-12-24,13.728,137
2015-12-25,13.621,137
2015-12-26,13.57,137
2015-12-27,13.497,137
2015-12-28,13.417,137
2015-12-29,13.416,137
2015-12-30,13.354,137
2015-12-31,13.28,137
2016-01-01,13.314,137
2016-01-02,13.338,137
2016-01-03,13.289,137
2016-01-04,13.105,137
2016-01-05,13.121,137
2016-01-06,13.216,137
2016-01-07,13.285,137
2016-01-08,13.304,137
2016-01-09,12.999,137
2016-01-10,12.971,137
2016-01-11,12.925,137
2016-01-12,13.107,137
2016-01-13,13.111,137
2016-01-14,13.089,137
2016-01-15,13.093,137
2016-01-16,13.107,137
2016-01-17,13.238,137
2016-01-18,13.475,137
2016-01-19,13.505,137
2016-01-20,13.487,137
2016-01-21,13.409,137
2016-01-22,13.306,137
2016-01-23,13.224,137
2016-01-24,13.257,137
2016-01-25,13.236,137
2016-01-26,13.43,137
2016-01-27,13.343,137
2016-01-28,13.354,137
2016-01-29,13.135,137
2016-01-30,13.029,137
2016-01-31,12.897,137
2016-02-01,12.783,137
2016-02-02,12.726,137
2016-02-03,12.676,137
2016-02-04,12.669,137
2016-02-05,12.655,137
2016-02-06,13.005,137
2016-02-07,13.015,137
2016-02-08,12.881,137
2016-02-09,12.963,137
2016-02-10,12.907,137
2016-02-11,12.774,137
2016-02-12,12.783,137
2016-02-13,12.802,137
2016-02-14,12.804,137
2016-02-15,12.679,137
2016-02-16,12.685,137
2016-02-17,12.773,137
2016-02-18,12.687,137
2016-02-19,12.628,137
2016-02-20,12.558,137
2016-02-21,12.542,137
2016-02-22,12.565,137
2016-02-23,12.876,137
2016-02-24,13.035,137
2016-02-25,13.069,137
2016-02-26,13.087,137
2016-02-27,13.358,137
2016-02-28,13.458,137
2016-02-29,13.398,137
2016-03-01,13.453,137
2016-03-02,13.605,137
2016-03-03,13.766,137
2016-03-04,13.713,137
2016-03-05,13.395,137
2016-03-06,13.091,137
2016-03-07,12.924,137
2016-03-08,12.893,137
2016-03-09,12.927,137
2016-03-10,13.097,137
2016-03-11,12.978,137
2016-03-12,12.85,137
2016-03-13,12.703,137
2016-03-14,12.857,137
2016-03-15,13.113,137
2016-03-16,13.318,137
2016-03-17,13.312,137
2016-03-18,13.37,137
2016-03-19,13.711,137
2016-03-20,13.724,137
2016-03-21,13.362,137
2016-03-22,13.173,137
2016-03-23,12.966,137
2016-03-24,13.033,137
2016-03-25,12.976,137
2016-03-26,12.85,137
2016-03-27,12.632,137
2016-03-28,12.372,137
2016-03-29,12.218,137
2016-03-30,12.122,137
2016-03-31,12.31,137
2016-04-01,12.381,137
2016-04-02,12.191,137
2016-04-03,12.035,137
2016-04-04,11.625,137
2016-04-05,11.463,137
2016-04-06,11.534,137
2016-04-07,11.829,137
2016-04-08,12.365,137
2016-04-09,12.583,137
2016-04-10,12.505,137
2016-04-11,12.395,137
2016-04-12,12.508,137
2016-04-13,12.468,137
2016-04-14,12.564,137
2016-04-15,12.682,137
2016-04-16,12.739,137
2016-04-17,12.762,137
2016-04-18,12.791,137
2016-04-19,13.36,137
2016-04-20,13.854,137
2016-04-21,13.964,137
2016-04-22,13.873,137
2016-04-23,13.625,137
2016-04-24,12.878,137
2016-04-25,12.365,137
2016-04-26,12.268,137
2016-04-27,12.112,137
2016-04-28,12.081,137
2016-04-29,11.623,137
2016-04-30,11.497,137
2016-05-01,11.661,137
2016-05-02,12.105,137
2016-05-03,12.543,137
2016-05-04,12.988,137
2016-05-05,13.031,137
2016-05-06,12.887,137
2016-05-07,12.695,137
2016-05-08,12.623,137
2016-05-09,12.465,137
2016-05-10,12.422,137
2016-05-11,12.411,137
2016-05-12,12.606,137
2016-05-13,12.851,137
2016-05-14,12.85,137
2016-05-15,12.487,137
2016-05-16,12.289,137
2016-05-17,12.099,137
2016-05-18,11.888,137
2016-05-19,11.414,137
2016-05-20,11.023,137
2016-05-21,11.007,137
2016-05-22,12.226,137
2016-05-23,12.509,137
2016-05-24,12.619,137
2016-05-25,12.304,137
2016-05-26,11.779,137
2016-05-27,11.44,137
2016-05-28,11.177,137
2016-05-29,11.113,137
2016-05-30,11.275,137
2016-05-31,11.566,137
2016-06-01,11.806,137
2016-06-02,12.049,137
2016-06-03,12.142,137
2016-06-04,12.04,137
2016-06-05,12.078,137
2016-06-06,12.157,137
2016-06-07,12.261,137
2016-06-08,13.16,137
2016-06-09,12.955,137
2016-06-10,12.533,137
2016-06-11,12.097,137
2016-06-12,11.891,137
2016-06-13,11.888,137
2016-06-14,11.886,137
2016-06-15,11.76,137
2016-06-16,11.862,137
2016-06-17,12.903,137
2016-06-18,12.686,137
2016-06-19,12.481,137
2016-06-20,12.07,137
2016-06-21,11.59,137
2016-06-22,11.416,137
2016-06-23,11.487,137
2016-06-24,11.6,137
2016-06-25,11.504,137
2016-06-26,11.323,137
2016-06-27,10.998,137
2016-06-28,10.451,137
2016-06-29,10.44,137
2016-06-30,10.45,137
2016-07-01,10.405,137
2016-07-02,10.257,137
2016-07-03,10.127,137
2016-07-04,11.312,137
2016-07-05,11.683,137
2016-07-06,11.508,137
2016-07-07,11.6,137
2016-07-08,11.9,137
2016-07-09,12.259,137
2016-07-10,12.257,137
2016-07-11,12.053,137
2016-07-12,11.867,137
2016-07-13,11.762,137
2016-07-14,11.728,137
2016-07-15,11.709,137
2016-07-16,11.998,137
2016-07-17,12.15,137
2016-07-18,12.299,137
2016-07-19,12.659,137
2016-07-20,13.054,137
2016-07-21,13.315,137
2016-07-22,13.257,137
2016-07-23,12.718,137
2016-07-24,12.344,137
2016-07-25,12.012,137
2016-07-26,11.927,137
2016-07-27,12.059,137
2016-07-28,12.139,137
2016-07-29,12.342,137
2016-07-30,12.579,137
2016-07-31,13.05,137
2016-08-01,13.603,137
2016-08-02,13.568,137
2016-08-03,13.504,137
2016-08-04,13.511,137
2016-08-05,13.553,137
2016-08-06,13.292,137
2016-08-07,13.059,137
2016-08-08,12.796,137
2016-08-09,12.587,137
2016-08-10,12.445,137
2016-08-11,11.906,137
2016-08-12,12.044,137
2016-08-13,12.289,137
2016-08-14,12.549,137
2016-08-15,12.886,137
2016-08-16,13.259,137
2016-08-17,13.434,137
2016-08-18,13.626,137
2016-08-19,13.944,137
2016-08-20,14.183,137
2016-08-21,14.381,137
2016-08-22,14.556,137
2016-08-23,14.611,137
2016-08-24,14.594,137
2016-08-25,14.622,137
2016-08-26,14.684,137
2016-08-27,14.902,137
2016-08-28,15.786,137
2016-08-29,15.504,137
2016-08-30,15.344,137
2016-08-31,15.128,137
2016-09-01,14.193,137
2016-09-02,13.804,137
2016-09-03,13.402,137
2016-09-04,13.068,137
2016-09-05,13.01,137
2016-09-06,12.777,137
2016-09-07,12.519,137
2016-09-08,12.562,137
2016-09-09,12.768,137
2016-09-10,13.252,137
2016-09-11,13.176,137
2016-09-12,13.96,137
2016-09-13,14.59,137
2016-09-14,14.863,137
2016-09-15,15.246,137
2016-09-16,14.385,137
2016-09-17,14.093,137
2016-09-18,13.923,137
2016-09-19,13.773,137
2016-09-20,13.523,137
2016-09-21,13.304,137
2016-09-22,13.104,137
2016-09-23,13.038,137
2016-09-24,13.171,137
2016-09-25,13.608,137
2016-09-26,14.402,137
2016-09-27,14.026,137
2016-09-28,13.263,137
2016-09-29,12.997,137
2016-09-30,13.084,137
2016-10-01,13.5,137
2016-10-02,13.652,137
2016-10-03,13.996,137
2016-10-04,14.205,137
2016-10-05,13.996,137
2016-10-06,13.771,137
2016-10-07,13.353,137
2016-10-08,13.182,137
2016-10-09,13.332,137
2016-10-10,13.529,137
2016-10-11,13.901,137
2016-10-12,13.87,137
2016-10-13,13.904,137
2016-10-14,14.144,137
2016-10-15,14.252,137
2016-10-16,14.907,137
2016-10-17,15.019,137
2016-10-18,14.95,137
2016-10-19,14.687,137
2016-10-20,14.521,137
2016-10-21,14.354,137
2016-10-22,14.02,137
2016-10-23,13.903,137
2016-10-24,13.942,137
2016-10-25,14.244,137
2016-10-26,14.3,137
2016-10-27,14.401,137
2016-10-28,14.772,137
2016-10-29,14.958,137
2016-10-30,14.854,137
2016-10-31,14.79,137
2016-11-01,14.729,137
2016-11-02,14.693,137
2016-11-03,14.92,137
2016-11-04,15.118,137
2016-11-05,15.183,137
2016-11-06,15.116,137
2016-11-07,16.201,137
2016-11-08,15.924,137
2016-11-09,15.689,137
2016-11-10,15.371,137
2016-11-11,15.248,137
2016-11-12,15.229,137
2016-11-13,15.292,137
2016-11-14,15.434,137
2016-11-15,15.497,137
2016-11-16,15.276,137
2016-11-17,15.206,137
2016-11-18,15.1,137
2016-11-19,15.08,137
2016-11-20,15.025,137
2016-11-21,15.021,137
2016-11-22,14.815,137
2016-11-23,14.595,137
2016-11-24,14.552,137
2016-11-25,14.605,137
2016-11-26,14.44,137
2016-11-27,14.225,137
2016-11-28,13.964,137
2016-11-29,13.797,137
2016-11-30,13.666,137
2016-12-01,13.46,137
2016-12-02,13.315,137
2016-12-03,13.11,137
2016-12-04,12.85,137
2016-12-05,12.626,137
2016-12-06,12.419,137
2016-12-07,12.116,137
2016-12-08,12.025,137
2016-12-09,12.212,137
2016-12-10,12.33,137
2016-12-11,12.299,137
2016-12-12,12.271,137
2016-12-13,12.281,137
2016-12-14,12.389,137
2016-12-15,12.223,137
2016-12-16,11.812,137
2016-12-17,11.605,137
2016-12-18,11.545,137
2016-12-19,11.535,137
2016-12-20,11.701,137
2016-12-21,11.809,137
2016-12-22,11.898,137
2016-12-23,11.763,137
2016-12-24,11.746,137
2016-12-25,11.583,137
2016-12-26,11.479,137
2016-12-27,11.497,137
2016-12-28,11.562,137
2016-12-29,11.601,137
2016-12-30,11.66,137
2016-12-31,11.496,137
2017-01-01,11.573,137
2017-01-02,11.616,137
2017-01-03,11.644,137
2017-01-04,11.55,137
2017-01-05,11.415,137
2017-01-06,11.403,137
2017-01-07,11.459,137
2017-01-08,11.705,137
2017-01-09,11.888,137
2017-01-10,11.958,137
2017-01-11,12.089,137
2017-01-12,12.223,137
2017-01-13,12.172,137
2017-01-14,12.021,137
2017-01-15,12.003,137
2017-01-16,12.029,137
2017-01-17,11.986,137
2017-01-18,12.126,137
2017-01-19,12.234,137
2017-01-20,12.238,137
2017-01-21,12.214,137
2017-01-22,12.152,137
2017-01-23,12.081,137
2017-01-24,12.079,137
2017-01-25,12.069,137
2017-01-26,11.731,137
2017-01-27,11.605,137
2017-01-28,11.736,137
2017-01-29,11.928,137
2017-01-30,11.924,137
2017-01-31,11.893,137
2017-02-01,11.994,137
2017-02-02,12.185,137
2017-02-03,12.383,137
2017-02-04,12.576,137
2017-02-05,12.699,137
2017-02-06,12.706,137
2017-02-07,12.753,137
2017-02-08,12.816,137
2017-02-09,12.7,137
2017-02-10,12.627,137
2017-02-11,12.556,137
2017-02-12,12.578,137
2017-02-13,12.541,137
2017-02-14,12.804,137
2017-02-15,12.859,137
2017-02-16,12.928,137
2017-02-17,12.91,137
2017-02-18,12.756,137
2017-02-19,12.721,137
2017-02-20,12.68,137
2017-02-21,12.692,137
2017-02-22,12.574,137
2017-02-23,12.418,137
2017-02-24,12.358,137
2017-02-25,12.316,137
2017-02-26,12.191,137
2017-02-27,12.187,137
2017-02-28,12.171,137
2017-03-01,12.172,137
2017-03-02,12.149,137
2017-03-03,12.174,137
2017-03-04,12.198,137
2017-03-05,12.144,137
2017-03-06,12.163,137
2017-03-07,11.989,137
2017-03-08,12.002,137
2017-03-09,12.004,137
2017-03-10,12.079,137
2017-03-11,11.829,137
2017-03-12,11.92,137
2017-03-13,12.046,137
2017-03-14,12.171,137
2017-03-15,12.128,137
2017-03-16,12.244,137
2017-03-17,12.148,137
2017-03-18,12.388,137
2017-03-19,12.971,137
2017-03-20,12.624,137
2017-03-21,12.718,137
2017-03-22,12.82,137
2017-03-23,12.857,137
2017-03-24,12.959,137
2017-03-25,13.067,137
2017-03-26,12.881,137
2017-03-27,12.953,137
2017-03-28,12.967,137
2017-03-29,12.898,137
2017-03-30,12.549,137
2017-03-31,12.41,137
2017-04-01,11.959,137
2017-04-02,11.114,137
2017-04-03,11.016,137
2017-04-04,11.044,137
2017-04-05,11.249,137
2017-04-06,11.355,137
2017-04-07,11.752,137
2017-04-08,11.859,137
2017-04-09,11.915,137
2017-04-10,12.028,137
2017-04-11,12.228,137
2017-04-12,12.15,137
2017-04-13,12.033,137
2017-04-14,11.894,137
2017-04-15,11.852,137
2017-04-16,12.031,137
2017-04-17,13.058,137
2017-04-18,13.257,137
2017-04-19,13.076,137
2017-04-20,12.791,137
2017-04-21,12.715,137
2017-04-22,12.736,137
2017-04-23,12.843,137
2017-04-24,12.734,137
2017-04-25,12.629,137
2017-04-26,12.892,137
2017-04-27,12.12,137
2017-04-28,11.884,137
2017-04-29,11.703,137
2017-04-30,11.548,137
2017-05-01,11.37,137
2017-05-02,11.257,137
2017-05-03,11.006,137
2017-05-04,10.822,137
2017-05-05,10.93,137
2017-05-06,10.657,137
2017-05-07,10.249,137
2017-05-08,10.177,137
2017-05-09,10.287,137
2017-05-10,10.372,137
2017-05-11,10.81,137
2017-05-12,11.124,137
2017-05-13,10.942,137
2017-05-14,10.51,137
2017-05-15,10.188,137
2017-05-16,10.185,137
2017-05-17,10.131,137
2017-05-18,10.142,137
2017-05-19,10.259,137
2017-05-20,10.403,137
2017-05-21,10.568,137
2017-05-22,10.62,137
2017-05-23,10.799,137
2017-05-24,10.978,137
2017-05-25,11.218,137
2017-05-26,11.652,137
2017-05-27,12.015,137
2017-05-28,11.932,137
2017-05-29,11.733,137
2017-05-30,11.578,137
2017-05-31,12.002,137
2017-06-01,11.899,137
2017-06-02,11.792,137
2017-06-03,11.445,137
2017-06-04,11.009,137
2017-06-05,10.969,137
2017-06-06,10.879,137
2017-06-07,10.887,137
2017-06-08,11.745,137
2017-06-09,11.879,137
2017-06-10,11.89,137
2017-06-11,11.747,137
2017-06-12,11.53,137
2017-06-13,11.407,137
2017-06-14,11.254,137
2017-06-15,11.088,137
2017-06-16,10.975,137
2017-06-17,10.651,137
2017-06-18,10.614,137
2017-06-19,10.642,137
2017-06-20,10.706,137
2017-06-21,10.719,137
2017-06-22,10.862,137
2017-06-23,11.11,137
2017-06-24,11.046,137
2017-06-25,11.149,137
2017-06-26,12.061,137
2017-06-27,12.908,137
2017-06-28,12.762,137
2017-06-29,12.428,137
2017-06-30,11.903,137
2017-07-01,11.165,137
2017-07-02,10.508,137
2017-07-03,10.067,137
2017-07-04,9.888,137
2017-07-05,10.797,137
2017-07-06,11.982,137
2017-07-07,12.141,137
2017-07-08,11.852,137
2017-07-09,11.632,137
2017-07-10,11.546,137
2017-07-11,11.529,137
2017-07-12,11.53,137
2017-07-13,11.59,137
2017-07-14,11.82,137
2017-07-15,11.932,137
2017-07-16,11.983,137
2017-07-17,11.894,137
2017-07-18,11.853,137
2017-07-19,11.816,137
2017-07-20,11.786,137
2017-07-21,11.679,137
2017-07-22,11.722,137
2017-07-23,11.665,137
2017-07-24,11.552,137
2017-07-25,11.66,137
2017-07-26,11.743,137
2017-07-27,12.659,137
2017-07-28,12.468,137
2017-07-29,12.323,137
2017-07-30,12.39,137
2017-07-31,12.811,137
2017-08-01,11.664,137
2017-08-02,11.381,137
2017-08-03,11.582,137
2017-08-04,12.257,137
2017-08-05,12.741,137
2017-08-06,13.591,137
2017-08-07,14.194,137
2017-08-08,13.969,137
2017-08-09,13.042,137
2017-08-10,12.989,137
2017-08-11,13.229,137
2017-08-12,13.867,137
2017-08-13,13.753,137
2017-08-14,13.698,137
2017-08-15,13.645,137
2017-08-16,13.453,137
2017-08-17,13.28,137
2017-08-18,13.962,137
2017-08-19,14.022,137
2017-08-20,14.313,137
2017-08-21,14.441,137
2017-08-22,14.947,137
2017-08-23,14.92,137
2017-08-24,14.467,137
2017-08-25,14.385,137
2017-08-26,14.455,137
2017-08-27,14.724,137
2017-08-28,14.546,137
2017-08-29,13.653,137
2017-08-30,13.703,137
2017-08-31,13.886,137
2017-09-01,14.417,137
2017-09-02,14.709,137
2017-09-03,14.961,137
2017-09-04,14.745,137
2017-09-05,15.129,137
2017-09-06,15.431,137
2017-09-07,15.921,137
2017-09-08,15.964,137
2017-09-09,16.053,137
2017-09-10,16.069,137
2017-09-11,16.113,137
2017-09-12,16.269,137
2017-09-13,16.41,137
2017-09-14,16.003,137
2017-09-15,15.877,137
2017-09-16,15.938,137
2017-09-17,16.018,137
2017-09-18,15.996,137
2017-09-19,16.009,137
2017-09-20,15.987,137
2017-09-21,15.896,137
2017-09-22,15.759,137
2017-09-23,15.577,137
2017-09-24,15.418,137
2017-09-25,15.224,137
2017-09-26,15.204,137
2017-09-27,15.388,137
2017-09-28,15.505,137
2017-09-29,14.752,137
2017-09-30,14.379,137
2017-10-01,13.304,137
2017-10-02,12.728,137
2017-10-03,12.562,137
2017-10-04,12.679,137
2017-10-05,13.334,137
2017-10-06,13.303,137
2017-10-07,13.09,137
2017-10-08,12.824,137
2017-10-09,12.385,137
2017-10-10,12.569,137
2017-10-11,12.326,137
2017-10-12,12.031,137
2017-10-13,11.608,137
2017-10-14,11.573,137
2017-10-15,11.717,137
2017-10-16,12.126,137
2017-10-17,12.482,137
2017-10-18,12.569,137
2017-10-19,12.53,137
2017-10-20,13.011,137
2017-10-21,13.114,137
2017-10-22,13.028,137
2017-10-23,13.018,137
2017-10-24,13.115,137
2017-10-25,13.121,137
2017-10-26,13.171,137
2017-10-27,13.255,137
2017-10-28,13.307,137
2017-10-29,13.023,137
2017-10-30,13.055,137
2017-10-31,13.17,137
2017-11-01,13.691,137
2017-11-02,14.103,137
2017-11-03,14.562,137
2017-11-04,14.636,137
2017-11-05,14.594,137
2017-11-06,14.551,137
2017-11-07,14.434,137
2017-11-08,14.507,137
2017-11-09,14.967,137
2017-11-10,15.106,137
2017-11-11,15.231,137
2017-11-12,15.197,137
2017-11-13,15.159,137
2017-11-14,15.079,137
2017-11-15,15.055,137
2017-11-16,14.973,137
2017-11-17,14.907,137
2017-11-18,14.828,137
2017-11-19,14.812,137
2017-11-20,14.773,137
2017-11-21,14.436,137
2017-11-22,14.382,137
2017-11-23,14.516,137
2017-11-24,14.755,137
2017-11-25,14.892,137
2017-11-26,15.096,137
2017-11-27,15.102,137
2017-11-28,14.967,137
2017-11-29,14.891,137
2017-11-30,14.881,137
2017-12-01,14.808,137
2017-12-02,14.601,137
2017-12-03,14.259,137
2017-12-04,14.221,137
2017-12-05,14.171,137
2017-12-06,14.163,137
2017-12-07,14.129,137
2017-12-08,14.108,137
2017-12-09,14.223,137
2017-12-10,14.285,137
2017-12-11,14.238,137
2017-12-12,14.155,137
2017-12-13,14.102,137
2017-12-14,13.996,137
2017-12-15,13.809,137
2017-12-16,13.416,137
2017-12-17,12.999,137
2017-12-18,12.839,137
2017-12-19,12.807,137
2017-12-20,12.677,137
2017-12-21,12.654,137
2017-12-22,12.647,137
2017-12-23,12.697,137
2017-12-24,12.963,137
2017-12-25,12.722,137
2017-12-26,12.937,137
2017-12-27,12.771,137
2017-12-28,12.75,137
2017-12-29,12.717,137
2017-12-30,13.091,137
2017-12-31,13.158,137
2018-01-01,13.273,137
2018-01-02,13.311,137
2018-01-03,13.284,137
2018-01-04,13.195,137
2018-01-05,13.174,137
2018-01-06,13.428,137
2018-01-07,13.454,137
2018-01-08,13.5,137
2018-01-09,13.296,137
2018-01-10,12.904,137
2018-01-11,12.678,137
2018-01-12,12.976,137
2018-01-13,13.047,137
2018-01-14,13.139,137
2018-01-15,13.168,137
2018-01-16,13.181,137
2018-01-17,13.257,137
2018-01-18,13.381,137
2018-01-19,13.35,137
2018-01-20,13.249,137
2018-01-21,12.973,137
2018-01-22,12.892,137
2018-01-23,12.922,137
2018-01-24,12.938,137
2018-01-25,12.99,137
2018-01-26,12.958,137
2018-01-27,12.729,137
2018-01-28,12.631,137
2018-01-29,12.67,137
2018-01-30,12.657,137
2018-01-31,12.669,137
2018-02-01,12.647,137
2018-02-02,12.778,137
2018-02-03,12.796,137
2018-02-04,12.843,137
2018-02-05,12.724,137
2018-02-06,12.536,137
2018-02-07,12.55,137
2018-02-08,12.732,137
2018-02-09,12.782,137
2018-02-10,12.414,137
2018-02-11,12.296,137
2018-02-12,12.14,137
2018-02-13,11.97,137
2018-02-14,11.832,137
2018-02-15,11.702,137
2018-02-16,11.68,137
2018-02-17,11.667,137
2018-02-18,11.594,137
2018-02-19,11.253,137
2018-02-20,11.29,137
2018-02-21,11.336,137
2018-02-22,11.009,137
2018-02-23,10.91,137
2018-02-24,10.717,137
2018-02-25,10.556,137
2018-02-26,10.296,137
2018-02-27,10.165,137
2018-02-28,10.264,137
2018-03-01,10.504,137
2018-03-02,10.541,137
2018-03-03,10.632,137
2018-03-04,10.672,137
2018-03-05,10.682,137
2018-03-06,10.732,137
2018-03-07,11.358,137
2018-03-08,11.815,137
2018-03-09,12.147,137
2018-03-10,12.041,137
2018-03-11,11.966,137
2018-03-12,11.899,137
2018-03-13,11.754,137
2018-03-14,11.737,137
2018-03-15,11.729,137
2018-03-16,11.735,137
2018-03-17,11.75,137
2018-03-18,11.784,137
2018-03-19,11.833,137
2018-03-20,11.91,137
2018-03-21,11.758,137
2018-03-22,11.867,137
2018-03-23,11.842,137
2018-03-24,11.934,137
2018-03-25,11.871,137
2018-03-26,11.673,137
2018-03-27,11.474,137
2018-03-28,11.432,137
2018-03-29,11.454,137
2018-03-30,11.454,137
2018-03-31,11.407,137
2018-04-01,11.288,137
2018-04-02,11.202,137
2018-04-03,10.955,137
2018-04-04,10.962,137
2018-04-05,11.055,137
2018-04-06,11.544,137
2018-04-07,11.947,137
2018-04-08,12.079,137
2018-04-09,12.231,137
2018-04-10,12.344,137
2018-04-11,12.244,137
2018-04-12,11.862,137
2018-04-13,11.766,137
2018-04-14,11.652,137
2018-04-15,11.458,137
2018-04-16,11.343,137
2018-04-17,11.341,137
2018-04-18,11.332,137
2018-04-19,11.351,137
2018-04-20,11.223,137
2018-04-21,11.062,137
2018-04-22,10.973,137
2018-04-23,10.995,137
2018-04-24,11.372,137
2018-04-25,12.337,137
2018-04-26,12.688,137
2018-04-27,12.842,137
2018-04-28,12.987,137
2018-04-29,11.979,137
2018-04-30,11.253,137
2018-05-01,10.957,137
2018-05-02,10.914,137
2018-05-03,11.092,137
2018-05-04,11.516,137
2018-05-05,11.431,137
2018-05-06,11.438,137
2018-05-07,11.535,137
2018-05-08,11.816,137
2018-05-09,12.03,137
2018-05-10,12.101,137
2018-05-11,11.791,137
2018-05-12,11.766,137
2018-05-13,11.789,137
2018-05-14,12.431,137
2018-05-15,13.41,137
2018-05-16,13.214,137
2018-05-17,12.971,137
2018-05-18,12.622,137
2018-05-19,11.73,137
2018-05-20,11.275,137
2018-05-21,11.136,137
2018-05-22,11.257,137
2018-05-23,11.625,137
2018-05-24,11.99,137
2018-05-25,12.247,137
2018-05-26,12.088,137
2018-05-27,12.139,137
2018-05-28,12.02,137
2018-05-29,11.837,137
2018-05-30,11.37,137
2018-05-31,11.076,137
2018-06-01,11.141,137
2018-06-02,11.25,137
2018-06-03,11.435,137
2018-06-04,11.408,137
2018-06-05,11.347,137
2018-06-06,11.573,137
2018-06-07,12.061,137
2018-06-08,12.046,137
2018-06-09,12.037,137
2018-06-10,12.358,137
2018-06-11,12.31,137
2018-06-12,12.21,137
2018-06-13,11.761,137
2018-06-14,11.789,137
2018-06-15,11.822,137
2018-06-16,11.791,137
2018-06-17,11.73,137
2018-06-18,11.907,137
2018-06-19,11.989,137
2018-06-20,12.217,137
2018-06-21,12.22,137
2018-06-22,12.158,137
2018-06-23,12.048,137
2018-06-24,11.836,137
2018-06-25,11.729,137
2018-06-26,11.942,137
2018-06-27,11.925,137
2018-06-28,11.728,137
2018-06-29,11.455,137
2018-06-30,11.321,137
2018-07-01,11.559,137
2018-07-02,12.761,137
2018-07-03,12.867,137
2018-07-04,13.068,137
2018-07-05,13.427,137
2018-07-06,13.397,137
2018-07-07,12.493,137
2018-07-08,12.264,137
2018-07-09,11.966,137
2018-07-10,11.772,137
2018-07-11,11.657,137
2018-07-12,11.439,137
2018-07-13,11.339,137
2018-07-14,11.428,137
2018-07-15,11.641,137
2018-07-16,11.877,137
2018-07-17,12.045,137
2018-07-18,12.947,137
2018-07-19,13.443,137
2018-07-20,13.868,137
2018-07-21,14.532,137
2018-07-22,14.922,137
2018-07-23,15.109,137
2018-07-24,14.951,137
2018-07-25,14.428,137
2018-07-26,13.394,137
2018-07-27,12.476,137
2018-07-28,11.913,137
2018-07-29,11.637,137
2018-07-30,11.413,137
2018-07-31,11.402,137
2018-08-01,11.399,137
2018-08-02,11.376,137
2018-08-03,11.399,137
2018-08-04,11.485,137
2018-08-05,11.617,137
2018-08-06,11.42,137
2018-08-07,11.38,137
2018-08-08,11.401,137
2018-08-09,12.173,137
2018-08-10,12.449,137
2018-08-11,12.344,137
2018-08-12,12.3,137
2018-08-13,12.409,137
2018-08-14,12.743,137
2018-08-15,13.369,137
2018-08-16,13.493,137
2018-08-17,13.642,137
2018-08-18,13.534,137
2018-08-19,13.438,137
2018-08-20,13.45,137
2018-08-21,12.879,137
2018-08-22,12.79,137
2018-08-23,13.266,137
2018-08-24,13.383,137
2018-08-25,13.125,137
2018-08-26,13.032,137
2018-08-27,13.032,137
2018-08-28,13.298,137
2018-08-29,13.737,137
2018-08-30,14.57,137
2018-08-31,13.892,137
2018-09-01,13.254,137
2018-09-02,12.749,137
2018-09-03,12.791,137
2018-09-04,12.828,137
2018-09-05,12.923,137
2018-09-06,13.178,137
2018-09-07,13.036,137
2018-09-08,12.934,137
2018-09-09,12.78,137
2018-09-10,12.317,137
2018-09-11,12.04,137
2018-09-12,12.127,137
2018-09-13,12.453,137
2018-09-14,12.693,137
2018-09-15,12.872,137
2018-09-16,13.135,137
2018-09-17,12.883,137
2018-09-18,12.4,137
2018-09-19,11.958,137
2018-09-20,11.822,137
2018-09-21,11.863,137
2018-09-22,12.113,137
2018-09-23,12.084,137
2018-09-24,12.003,137
2018-09-25,12.075,137
2018-09-26,12.439,137
2018-09-27,12.847,137
2018-09-28,13.498,137
2018-09-29,13.729,137
2018-09-30,13.975,137
2018-10-01,14.408,137
2018-10-02,15.053,137
2018-10-03,15.513,137
2018-10-04,15.438,137
2018-10-05,15.141,137
2018-10-06,14.367,137
2018-10-07,13.452,137
2018-10-08,12.986,137
2018-10-09,12.804,137
2018-10-10,12.77,137
2018-10-11,13.118,137
2018-10-12,13.478,137
2018-10-13,13.672,137
2018-10-14,14.33,137
2018-10-15,15.06,137
2018-10-16,15.059,137
2018-10-17,14.944,137
2018-10-18,14.638,137
2018-10-19,14.655,137
2018-10-20,14.605,137
2018-10-21,14.874,137
2018-10-22,15.176,137
2018-10-23,15.755,137
2018-10-24,15.104,137
2018-10-25,14.784,137
2018-10-26,14.561,137
2018-10-27,14.452,137
2018-10-28,14.665,137
2018-10-29,14.292,137
2018-10-30,13.96,137
2018-10-31,13.707,137
2018-11-01,13.083,137
2018-11-02,12.945,137
2018-11-03,12.651,137
2018-11-04,12.382,137
2018-11-05,12.036,137
2018-11-06,11.959,137
2018-11-07,11.844,137
2018-11-08,11.741,137
2018-11-09,11.829,137
2018-11-10,12.609,137
2018-11-11,12.731,137
2018-11-12,12.836,137
2018-11-13,13.752,137
2018-11-14,13.876,137
2018-11-15,13.891,137
2018-11-16,13.807,137
2018-11-17,13.72,137
2018-11-18,13.636,137
2018-11-19,13.755,137
2018-11-20,13.7,137
2018-11-21,13.883,137
2018-11-22,14.422,137
2018-11-23,14.304,137
2018-11-24,14.12,137
2018-11-25,14.041,137
2018-11-26,14.314,137
2018-11-27,14.571,137
2018-11-28,14.631,137
2018-11-29,14.481,137
2018-11-30,14.391,137
2018-12-01,14.363,137
2018-12-02,14.344,137
2018-12-03,14.277,137
2018-12-04,14.279,137
2018-12-05,14.154,137
2018-12-06,14.064,137
2018-12-07,14.125,137
2018-12-08,14.199,137
2018-12-09,14.371,137
2018-12-10,14.541,137
2018-12-11,14.447,137
2018-12-12,14.219,137
2018-12-13,14.097,137
2018-12-14,14.158,137
2018-12-15,14.162,137
2018-12-16,14.222,137
2018-12-17,14.365,137
2018-12-18,14.47,137
2018-12-19,14.454,137
2018-12-20,14.395,137
2018-12-21,14.416,137
2018-12-22,14.671,137
2018-12-23,14.594,137
2018-12-24,14.372,137
2018-12-25,14.111,137
2018-12-26,13.912,137
2018-12-27,13.715,137
2018-12-28,13.582,137
2018-12-29,13.291,137
2018-12-30,13.051,137
2018-12-31,12.991,137
2019-01-01,12.963,137
2019-01-02,13.072,137
2019-01-03,13.105,137
2019-01-04,13.127,137
2019-01-05,13.057,137
2019-01-06,13.043,137
2019-01-07,13.045,137
2019-01-08,13.038,137
2019-01-09,13.034,137
2019-01-10,13.096,137
2019-01-11,13.101,137
2019-01-12,12.952,137
2019-01-13,12.898,137
2019-01-14,12.887,137
2019-01-15,12.874,137
2019-01-16,12.869,137
2019-01-17,12.894,137
2019-01-18,12.949,137
2019-01-19,13.087,137
2019-01-20,13.113,137
2019-01-21,12.961,137
2019-01-22,12.853,137
2019-01-23,12.823,137
2019-01-24,12.828,137
2019-01-25,12.879,137
2019-01-26,12.842,137
2019-01-27,13.005,137
2019-01-28,13.042,137
2019-01-29,13.04,137
2019-01-30,13.081,137
2019-01-31,13.069,137
2019-02-01,13.063,137
2019-02-02,12.974,137
2019-02-03,12.959,137
2019-02-04,12.887,137
2019-02-05,12.816,137
2019-02-06,12.737,137
2019-02-07,12.7,137
2019-02-08,12.677,137
2019-02-09,12.539,137
2019-02-10,12.427,137
2019-02-11,12.382,137
2019-02-12,12.408,137
2019-02-13,12.411,137
2019-02-14,12.576,137
2019-02-15,12.607,137
2019-02-16,12.583,137
2019-02-17,12.403,137
2019-02-18,12.345,137
2019-02-19,12.291,137
2019-02-20,12.265,137
2019-02-21,12.16,137
2019-02-22,12.152,137
2019-02-23,12.152,137
2019-02-24,12.171,137
2019-02-25,12.238,137
2019-02-26,12.081,137
2019-02-27,12.029,137
2019-02-28,12.096,137
2019-03-01,12.143,137
2019-03-02,12.166,137
2019-03-03,12.105,137
2019-03-04,12.146,137
2019-03-05,12.194,137
2019-03-06,12.212,137
2019-03-07,12.198,137
2019-03-08,12.153,137
2019-03-09,12.169,137
2019-03-10,12.042,137
2019-03-11,12.068,137
2019-03-12,12.102,137
2019-03-13,12.124,137
2019-03-14,12.165,137
2019-03-15,12.212,137
2019-03-16,12.284,137
2019-03-17,12.337,137
2019-03-18,12.656,137
2019-03-19,12.593,137
2019-03-20,12.703,137
2019-03-21,12.751,137
2019-03-22,12.745,137
2019-03-23,12.703,137
2019-03-24,12.7,137
2019-03-25,12.654,137
2019-03-26,12.643,137
2019-03-27,12.709,137
2019-03-28,12.994,137
2019-03-29,12.989,137
2019-03-30,12.979,137
2019-03-31,12.994,137
2019-04-01,13.3,137
2019-04-02,13.319,137
2019-04-03,13.323,137
2019-04-04,13.454,137
2019-04-05,13.449,137
2019-04-06,13.538,137
2019-04-07,13.682,137
2019-04-08,13.375,137
2019-04-09,12.92,137
2019-04-10,12.638,137
2019-04-11,12.434,137
2019-04-12,12.178,137
2019-04-13,11.577,137
2019-04-14,11.476,137
2019-04-15,11.631,137
2019-04-16,11.638,137
2019-04-17,11.915,137
2019-04-18,11.86,137
2019-04-19,11.709,137
2019-04-20,11.138,137
2019-04-21,11.289,137
2019-04-22,11.141,137
2019-04-23,11.113,137
2019-04-24,11.363,137
2019-04-25,11.447,137
2019-04-26,11.49,137
2019-04-27,11.523,137
2019-04-28,11.615,137
2019-04-29,12.028,137
2019-04-30,12.153,137
2019-05-01,12.223,137
2019-05-02,12.333,137
2019-05-03,12.475,137
2019-05-04,12.438,137
2019-05-05,12.758,137
2019-05-06,12.981,137
2019-05-07,13.102,137
2019-05-08,13.115,137
2019-05-09,13.004,137
2019-05-10,12.726,137
2019-05-11,12.787,137
2019-05-12,12.82,137
2019-05-13,12.954,137
2019-05-14,13.075,137
2019-05-15,12.945,137
2019-05-16,12.862,137
2019-05-17,12.881,137
2019-05-18,12.769,137
2019-05-19,12.787,137
2019-05-20,12.86,137
2019-05-21,12.828,137
2019-05-22,12.66,137
2019-05-23,12.4,137
2019-05-24,11.471,137
2019-05-25,11.441,137
2019-05-26,11.358,137
2019-05-27,11.237,137
2019-05-28,11.067,137
2019-05-29,9.904,137
2019-05-30,9.723,137
2019-05-31,9.958,137
2019-06-01,9.333,137
2019-06-02,8.793,137
2019-06-03,9.606,137
2019-06-04,10.394,137
2019-06-05,10.551,137
2019-06-06,10.183,137
2019-06-07,10.182,137
2019-06-08,10.245,137
2019-06-09,10.395,137
2019-06-10,11.358,137
2019-06-11,12.956,137
2019-06-12,13.139,137
2019-06-13,13.138,137
2019-06-14,12.154,137
2019-06-15,11.488,137
2019-06-16,11.413,137
2019-06-17,12.035,137
2019-06-18,11.958,137
2019-06-19,11.934,137
2019-06-20,11.947,137
2019-06-21,11.815,137
2019-06-22,11.83,137
2019-06-23,12.028,137
2019-06-24,12.399,137
2019-06-25,12.465,137
2019-06-26,12.526,137
2019-06-27,12.775,137
2019-06-28,13.106,137
2019-06-29,12.925,137
2019-06-30,12.521,137
2019-07-01,12.297,137
2019-07-02,11.953,137
2019-07-03,11.539,137
2019-07-04,11.367,137
2019-07-05,11.27,137
2019-07-06,11.078,137
2019-07-07,10.901,137
2019-07-08,10.92,137
2019-07-09,11.65,137
2019-07-10,13.081,137
2019-07-11,12.695,137
2019-07-12,12.322,137
2019-07-13,11.893,137
2019-07-14,11.387,137
2019-07-15,11.615,137
2019-07-16,11.652,137
2019-07-17,11.549,137
2019-07-18,11.433,137
2019-07-19,11.113,137
2019-07-20,10.851,137
2019-07-21,10.662,137
2019-07-22,12.162,137
2019-07-23,12.34,137
2019-07-24,12.147,137
2019-07-25,12.044,137
2019-07-26,11.936,137
2019-07-27,12.212,137
2019-07-28,12.263,137
2019-07-29,12.217,137
2019-07-30,12.127,137
2019-07-31,12.199,137
2019-08-01,12.465,137
2019-08-02,13.288,137
2019-08-03,13.86,137
2019-08-04,13.583,137
2019-08-05,13.122,137
2019-08-06,12.656,137
2019-08-07,12.617,137
2019-08-08,12.706,137
2019-08-09,13.129,137
2019-08-10,14.569,137
2019-08-11,14.467,137
2019-08-12,14.064,137
2019-08-13,13.829,137
2019-08-14,13.697,137
2019-08-15,13.522,137
2019-08-16,13.4,137
2019-08-17,13.319,137
2019-08-18,13.478,137
2019-08-19,13.865,137
2019-08-20,14.253,137
2019-08-21,14.621,137
2019-08-22,14.116,137
2019-08-23,13.762,137
2019-08-24,13.374,137
2019-08-25,12.565,137
2019-08-26,12.93,137
2019-08-27,13.003,137
2019-08-28,14.299,137
2019-08-29,15.828,137
2019-08-30,15.893,137
2019-08-31,15.871,137
2019-09-01,15.717,137
2019-09-02,15.158,137
2019-09-03,14.729,137
2019-09-04,14.557,137
2019-09-05,14.36,137
2019-09-06,14.367,137
2019-09-07,14.316,137
2019-09-08,14.191,137
2019-09-09,14.125,137
2019-09-10,14.026,137
2019-09-11,14.07,137
2019-09-12,14.031,137
2019-09-13,13.969,137
2019-09-14,13.567,137
2019-09-15,13.284,137
2019-09-16,13.316,137
2019-09-17,14.315,137
2019-09-18,15.26,137
2019-09-19,15.261,137
2019-09-20,15,137
2019-09-21,14.641,137
2019-09-22,13.988,137
2019-09-23,13.33,137
2019-09-24,13.192,137
2019-09-25,13.395,137
2019-09-26,13.532,137
2019-09-27,13.469,137
2019-09-28,13.346,137
2019-09-29,13.002,137
2019-09-30,12.749,137
2019-10-01,12.616,137
2019-10-02,12.565,137
2019-10-03,12.41,137
2019-10-04,12.078,137
2019-10-05,12.167,137
2019-10-06,12.551,137
2019-10-07,13.142,137
2019-10-08,13.058,137
2019-10-09,12.489,137
2019-10-10,11.946,137
2019-10-11,11.608,137
2019-10-12,11.885,137
2019-10-13,12.493,137
2019-10-14,12.564,137
2019-10-15,12.608,137
2019-10-16,13.317,137
2019-10-17,13.108,137
2019-10-18,12.976,137
2019-10-19,12.694,137
2019-10-20,12.414,137
2019-10-21,12.265,137
2019-10-22,12.271,137
2019-10-23,12.167,137
2019-10-24,12.051,137
2019-10-25,12.34,137
2019-10-26,12.409,137
2019-10-27,12.226,137
2019-10-28,12.206,137
2019-10-29,12.264,137
2019-10-30,12.327,137
2019-10-31,12.479,137
2019-11-01,12.615,137
2019-11-02,12.743,137
2019-11-03,12.968,137
2019-11-04,13.002,137
2019-11-05,13.042,137
2019-11-06,13.083,137
2019-11-07,13.259,137
2019-11-08,13.244,137
2019-11-09,13.093,137
2019-11-10,12.894,137
2019-11-11,12.863,137
2019-11-12,12.85,137
2019-11-13,12.959,137
2019-11-14,13.035,137
2019-11-15,12.391,137
2019-11-16,12.836,137
2019-11-17,13.089,137
2019-11-18,13.34,137
2019-11-19,12.83,137
2019-11-20,12.339,137
2019-11-21,12.163,137
2019-11-22,12.25,137
2019-11-23,12.414,137
2019-11-24,12.345,137
2019-11-25,12.209,137
2019-11-26,12.122,137
2019-11-27,11.601,137
2019-11-28,11.619,137
2019-11-29,11.643,137
2019-11-30,11.766,137
2019-12-01,11.88,137
2019-12-02,12.394,137
2019-12-03,12.536,137
2019-12-04,12.625,137
2019-12-05,12.852,137
2019-12-06,13.048,137
2019-12-07,13.188,137
2019-12-08,13.3,137
2019-12-09,13.342,137
2019-12-10,13.336,137
2019-12-11,13.49,137
2019-12-12,13.489,137
2019-12-13,13.526,137
2019-12-14,13.336,137
2019-12-15,13.152,137
2019-12-16,13.09,137
2019-12-17,13.02,137
2019-12-18,12.965,137
2019-12-19,13.11,137
2019-12-20,13.228,137
2019-12-21,13.369,137
2019-12-22,13.363,137
2019-12-23,13.272,137
2019-12-24,13.219,137
2019-12-25,13.1,137
2019-12-26,13.068,137
2019-12-27,13.026,137
2019-12-28,13.009,137
2019-12-29,12.892,137
2019-12-30,12.777,137
2019-12-31,12.576,137
2020-01-01,12.59,137
2020-01-02,12.645,137
2020-01-03,12.594,137
2020-01-04,12.407,137
2020-01-05,12.487,137
2020-01-06,12.497,137
2020-01-07,12.456,137
2020-01-08,12.326,137
2020-01-09,12.261,137
2020-01-10,12.168,137
2020-01-11,12.09,137
2020-01-12,12.008,137
2020-01-13,11.969,137
2020-01-14,11.953,137
2020-01-15,11.898,137
2020-01-16,11.911,137
2020-01-17,11.945,137
2020-01-18,12.053,137
2020-01-19,12.215,137
2020-01-20,12.207,137
2020-01-21,12.261,137
2020-01-22,12.279,137
2020-01-23,12.309,137
2020-01-24,12.484,137
2020-01-25,12.436,137
2020-01-26,12.491,137
2020-01-27,12.504,137
2020-01-28,12.536,137
2020-01-29,12.518,137
2020-01-30,12.183,137
2020-01-31,12.234,137
2020-02-01,12.362,137
2020-02-02,12.23,137
2020-02-03,11.856,137
2020-02-04,11.729,137
2020-02-05,11.688,137
2020-02-06,11.702,137
2020-02-07,11.628,137
2020-02-08,11.459,137
2020-02-09,11.285,137
2020-02-10,11.236,137
2020-02-11,11.366,137
2020-02-12,11.32,137
2020-02-13,11.241,137
2020-02-14,11.098,137
2020-02-15,11.24,137
2020-02-16,11.248,137
2020-02-17,11.14,137
2020-02-18,11.141,137
2020-02-19,11.192,137
2020-02-20,11.19,137
2020-02-21,11.264,137
2020-02-22,11.233,137
2020-02-23,11.14,137
2020-02-24,10.87,137
2020-02-25,10.872,137
2020-02-26,10.928,137
2020-02-27,11,137
2020-02-28,10.944,137
2020-02-29,11.034,137
2020-03-01,10.716,137
2020-03-02,10.662,137
2020-03-03,10.649,137
2020-03-04,10.712,137
2020-03-05,10.9,137
2020-03-06,11.034,137
2020-03-07,11.063,137
2020-03-08,11.066,137
2020-03-09,11.543,137
2020-03-10,11.691,137
2020-03-11,11.764,137
2020-03-12,11.878,137
2020-03-13,11.909,137
2020-03-14,11.859,137
2020-03-15,11.805,137
2020-03-16,11.785,137
2020-03-17,11.824,137
2020-03-18,12.063,137
2020-03-19,12.169,137
2020-03-20,12.256,137
2020-03-21,12.463,137
2020-03-22,12.674,137
2020-03-23,12.713,137
2020-03-24,12.657,137
2020-03-25,12.552,137
2020-03-26,12.478,137
2020-03-27,12.4,137
2020-03-28,12.377,137
2020-03-29,12.47,137
2020-03-30,12.537,137
2020-03-31,12.483,137
2020-04-01,12.089,137
2020-04-02,11.845,137
2020-04-03,11.588,137
2020-04-04,11.358,137
2020-04-05,11.235,137
2020-04-06,11.581,137
2020-04-07,11.746,137
2020-04-08,11.588,137
2020-04-09,11.527,137
2020-04-10,11.599,137
2020-04-11,11.49,137
2020-04-12,11.499,137
2020-04-13,11.457,137
2020-04-14,11.577,137
2020-04-15,11.615,137
2020-04-16,11.599,137
2020-04-17,11.383,137
2020-04-18,11.666,137
2020-04-19,12.002,137
2020-04-20,11.872,137
2020-04-21,11.627,137
2020-04-22,11.488,137
2020-04-23,11.419,137
2020-04-24,11.183,137
2020-04-25,11.208,137
2020-04-26,11.214,137
2020-04-27,11.296,137
2020-04-28,11.094,137
2020-04-29,10.982,137
2020-04-30,11.159,137
2020-05-01,11.214,137
2020-05-02,11.892,137
2020-05-03,12.061,137
2020-05-04,12.142,137
2020-05-05,12.077,137
2020-05-06,11.863,137
2020-05-07,11.508,137
2020-05-08,11.324,137
2020-05-09,11.205,137
2020-05-10,11.108,137
2020-05-11,11.573,137
2020-05-12,12.618,137
2020-05-13,13.135,137
2020-05-14,13.356,137
2020-05-15,13.418,137
2020-05-16,13.723,137
2020-05-17,14.065,137
2020-05-18,14.14,137
2020-05-19,13.731,137
2020-05-20,12.774,137
2020-05-21,12.528,137
2020-05-22,11.456,137
2020-05-23,11.155,137
2020-05-24,11.054,137
2020-05-25,10.849,137
2020-05-26,10.869,137
2020-05-27,10.711,137
2020-05-28,10.617,137
2020-05-29,10.528,137
2020-05-30,10.853,137
2020-05-31,11.469,137
2020-06-01,11.565,137
2020-06-02,11.823,137
2020-06-03,11.777,137
2020-06-04,11.532,137
2020-06-05,11.237,137
2020-06-06,11.219,137
2020-06-07,11.236,137
2020-06-08,11.105,137
2020-06-09,10.953,137
2020-06-10,11.091,137
2020-06-11,11.398,137
2020-06-12,11.646,137
2020-06-13,12.028,137
2020-06-14,12.405,137
2020-06-15,12.473,137
2020-06-16,12.163,137
2020-06-17,11.815,137
2020-06-18,11.565,137
2020-06-19,11.419,137
2020-06-20,10.407,137
2020-06-21,11.263,137
2020-06-22,11.521,137
2020-06-23,11.079,137
2020-06-24,10.767,137
2020-06-25,10.793,137
2020-06-26,10.573,137
2020-06-27,11.048,137
2020-06-28,10.978,137
2020-06-29,11.166,137
2020-06-30,11.211,137
2020-07-01,11.251,137
2020-07-02,11.361,137
2020-07-03,11.649,137
2020-07-04,11.652,137
2020-07-05,11.488,137
2020-07-06,11.303,137
2020-07-07,11.025,137
2020-07-08,10.848,137
2020-07-09,10.681,137
2020-07-10,10.533,137
2020-07-11,10.591,137
2020-07-12,10.56,137
2020-07-13,10.534,137
2020-07-14,9.896,137
2020-07-15,9.682,137
2020-07-16,9.41,137
2020-07-17,10.099,137
2020-07-18,10.708,137
2020-07-19,10.446,137
2020-07-20,10.084,137
2020-07-21,10.104,137
2020-07-22,10.816,137
2020-07-23,11.251,137
2020-07-24,11.903,137
2020-07-25,12.916,137
2020-07-26,12.216,137
2020-07-27,11.526,137
2020-07-28,10.875,137
2020-07-29,10.913,137
2020-07-30,11.068,137
2020-07-31,12.97,137
2020-08-01,12.819,137
2020-08-02,12.57,137
2020-08-03,12.43,137
2020-08-04,11.955,137
2020-08-05,11.959,137
2020-08-06,11.961,137
2020-08-07,12.027,137
2020-08-08,12.218,137
2020-08-09,12.26,137
2020-08-10,12.206,137
2020-08-11,11.659,137
2020-08-12,11.486,137
2020-08-13,11.748,137
2020-08-14,13.529,137
2020-08-15,14.589,137
2020-08-16,14.603,137
2020-08-17,14.413,137
2020-08-18,12.88,137
2020-08-19,12.492,137
2020-08-20,12.462,137
2020-08-21,12.502,137
2020-08-22,12.515,137
2020-08-23,12.56,137
2020-08-24,12.046,137
2020-08-25,10.884,137
2020-08-26,11.084,137
2020-08-27,11.14,137
2020-08-28,11.07,137
2020-08-29,10.927,137
2020-08-30,11.107,137
2020-08-31,11.505,137
2020-09-01,11.545,137
2020-09-02,12.143,137
2020-09-03,13.806,137
2020-09-04,13.94,137
2020-09-05,13.76,137
2020-09-06,13.654,137
2020-09-07,13.75,137
2020-09-08,13.756,137
2020-09-09,13.662,137
2020-09-10,13.84,137
2020-09-11,14.022,137
2020-09-12,14.079,137
2020-09-13,14.109,137
2020-09-14,14.336,137
2020-09-15,14.683,137
2020-09-16,15.401,137
2020-09-17,15.582,137
2020-09-18,15.676,137
2020-09-19,15.419,137
2020-09-20,14.967,137
2020-09-21,14.701,137
2020-09-22,14.421,137
2020-09-23,14.367,137
2020-09-24,14.316,137
2020-09-25,14.253,137
2020-09-26,13.833,137
2020-09-27,13.282,137
2020-09-28,13.202,137
2020-09-29,13.748,137
2020-09-30,13.571,137
2020-10-01,13.419,137
2020-10-02,13.348,137
2020-10-03,13.194,137
2020-10-04,12.541,137
2020-10-05,12.488,137
2020-10-06,12.501,137
2020-10-07,12.562,137
2020-10-08,12.869,137
2020-10-09,13.187,137
2020-10-10,13.173,137
2020-10-11,12.955,137
2020-10-12,12.831,137
2020-10-13,12.751,137
2020-10-14,12.658,137
2020-10-15,12.603,137
2020-10-16,13.081,137
2020-10-17,13.424,137
2020-10-18,13.535,137
2020-10-19,13.654,137
2020-10-20,13.449,137
2020-10-21,13.157,137
2020-10-22,12.914,137
2020-10-23,12.703,137
2020-10-24,13.078,137
2020-10-25,13.164,137
2020-10-26,13.15,137
2020-10-27,13.379,137
2020-10-28,13.354,137
2020-10-29,13.502,137
2020-10-30,14.116,137
2020-10-31,14.11,137
2020-11-01,14.07,137
2020-11-02,13.651,137
2020-11-03,13.409,137
2020-11-04,13.479,137
2020-11-05,13.4,137
2020-11-06,13.194,137
2020-11-07,12.597,137
2020-11-08,12.054,137
2020-11-09,11.846,137
2020-11-10,11.615,137
2020-11-11,11.565,137
2020-11-12,11.603,137
2020-11-13,11.724,137
2020-11-14,11.726,137
2020-11-15,11.722,137
2020-11-16,11.825,137
2020-11-17,12.372,137
2020-11-18,12.471,137
2020-11-19,12.409,137
2020-11-20,12.237,137
2020-11-21,12.177,137
2020-11-22,12.077,137
2020-11-23,11.95,137
2020-11-24,11.847,137
2020-11-25,11.677,137
2020-11-26,11.453,137
2020-11-27,11.47,137
2020-11-28,11.435,137
2020-11-29,11.454,137
2020-11-30,11.482,137
2020-12-01,11.497,137
2020-12-02,11.526,137
2020-12-03,11.467,137
2020-12-04,11.487,137
2020-12-05,11.56,137
2020-12-06,11.558,137
2020-12-07,11.551,137
2020-12-08,11.614,137
2020-12-09,11.674,137
2020-12-10,11.626,137
2020-12-11,11.555,137
2020-12-12,11.388,137
2020-12-13,11.615,137
2020-12-14,11.604,137
2020-12-15,11.572,137
2020-12-16,11.575,137
2020-12-17,11.485,137
2020-12-18,11.395,137
2020-12-19,11.381,137
2020-12-20,11.42,137
2020-12-21,11.402,137
2020-12-22,11.135,137
2020-12-23,11.104,137
2020-12-24,11.051,137
2020-12-25,11.476,137
2020-12-26,11.555,137
2020-12-27,11.504,137
2020-12-28,11.33,137
2020-12-29,11.288,137
2020-12-30,11.253,137
2020-12-31,11.475,137
2021-01-01,11.424,137
2021-01-02,11.431,137
2021-01-03,11.549,137
2021-01-04,11.571,137
2021-01-05,11.584,137
2021-01-06,11.618,137
2021-01-07,11.507,137
2021-01-08,11.408,137
2021-01-09,11.521,137
2021-01-10,11.53,137
2021-01-11,11.574,137
2021-01-12,11.732,137
2021-01-13,11.624,137
2021-01-14,11.71,137
2021-01-15,11.747,137
2021-01-16,11.743,137
2021-01-17,11.685,137
2021-01-18,11.643,137
2021-01-19,11.596,137
2021-01-20,11.669,137
2021-01-21,11.716,137
2021-01-22,11.703,137
2021-01-23,11.586,137
2021-01-24,11.537,137
2021-01-25,11.5,137
2021-01-26,11.232,137
2021-01-27,11.118,137
2021-01-28,11.116,137
2021-01-29,11.153,137
2021-01-30,11.124,137
2021-01-31,11.188,137
2021-02-01,11.086,137
2021-02-02,11.304,137
2021-02-03,11.296,137
2021-02-04,11.298,137
2021-02-05,11.252,137
2021-02-06,11.247,137
2021-02-07,11.209,137
2021-02-08,11.13,137
2021-02-09,11.264,137
2021-02-10,11.259,137
2021-02-11,11.266,137
2021-02-12,11.141,137
2021-02-13,11.071,137
2021-02-14,11.043,137
2021-02-15,11.128,137
2021-02-16,11.026,137
2021-02-17,11.011,137
2021-02-18,11.002,137
2021-02-19,11.166,137
2021-02-20,11.002,137
2021-02-21,10.942,137
2021-02-22,10.904,137
2021-02-23,10.687,137
2021-02-24,10.563,137
2021-02-25,10.346,137
2021-02-26,10.073,137
2021-02-27,9.831,137
2021-02-28,9.635,137
2021-03-01,9.69,137
2021-03-02,9.862,137
2021-03-03,10.002,137
2021-03-04,10.14,137
2021-03-05,10.188,137
2021-03-06,10.245,137
2021-03-07,10.222,137
2021-03-08,10.276,137
2021-03-09,10.096,137
2021-03-10,10.266,137
2021-03-11,10.273,137
2021-03-12,10.31,137
2021-03-13,10.345,137
2021-03-14,10.277,137
2021-03-15,10.048,137
2021-03-16,9.989,137
2021-03-17,9.948,137
2021-03-18,10.366,137
2021-03-19,10.595,137
2021-03-20,10.491,137
2021-03-21,10.383,137
2021-03-22,10.067,137
2021-03-23,9.866,137
2021-03-24,9.868,137
2021-03-25,9.772,137
2021-03-26,9.903,137
2021-03-27,10.112,137
2021-03-28,10,137
2021-03-29,9.839,137
2021-03-30,9.803,137
2021-03-31,10.085,137
2021-04-01,10.292,137
2021-04-02,10.556,137
2021-04-03,10.55,137
2021-04-04,10.523,137
2021-04-05,10.461,137
2021-04-06,10.422,137
2021-04-07,10.018,137
2021-04-08,9.835,137
2021-04-09,9.78,137
2021-04-10,9.591,137
2021-04-11,9.346,137
2021-04-12,9.441,137
2021-04-13,9.569,137
2021-04-14,9.763,137
2021-04-15,9.926,137
2021-04-16,9.76,137
2021-04-17,9.447,137
2021-04-18,10.031,137
2021-04-19,9.97,137
2021-04-20,9.973,137
2021-04-21,9.289,137
2021-04-22,9.722,137
2021-04-23,9.782,137
2021-04-24,9.981,137
2021-04-25,10.883,137
2021-04-26,10.681,137
2021-04-27,10.512,137
2021-04-28,10.399,137
2021-04-29,10.268,137
2021-04-30,10.063,137
2021-05-01,10.108,137
2021-05-02,10.038,137
2021-05-03,9.939,137
2021-05-04,9.912,137
2021-05-05,9.877,137
2021-05-06,9.851,137
2021-05-07,9.771,137
2021-05-08,9.658,137
2021-05-09,9.512,137
2021-05-10,9.506,137
2021-05-11,9.713,137
2021-05-12,10.065,137
2021-05-13,10.156,137
2021-05-14,9.428,137
2021-05-15,9.337,137
2021-05-16,9.514,137
2021-05-17,10.216,137
2021-05-18,10.23,137
2021-05-19,10.162,137
2021-05-20,9.921,137
2021-05-21,9.781,137
2021-05-22,9.676,137
2021-05-23,9.754,137
2021-05-24,9.992,137
2021-05-25,9.882,137
2021-05-26,9.854,137
2021-05-27,9.973,137
2021-05-28,10.186,137
2021-05-29,10.112,137
2021-05-30,10.081,137
2021-05-31,10.172,137
2021-06-01,10.128,137
2021-06-02,9.74,137
2021-06-03,9.632,137
2021-06-04,10.281,137
2021-06-05,10.043,137
2021-06-06,9.929,137
2021-06-07,9.869,137
2021-06-08,10.088,137
2021-06-09,10.343,137
2021-06-10,11.167,137
2021-06-11,12.448,137
2021-06-12,12.927,137
2021-06-13,13.355,137
2021-06-14,13.06,137
2021-06-15,12.251,137
2021-06-16,11.897,137
2021-06-17,11.386,137
2021-06-18,10.829,137
2021-06-19,10.91,137
2021-06-20,11.196,137
2021-06-21,10.675,137
2021-06-22,10.457,137
2021-06-23,10.25,137
2021-06-24,9.376,137
2021-06-25,10.571,137
2021-06-26,10.829,137
2021-06-27,11.057,137
2021-06-28,10.825,137
2021-06-29,11.077,137
2021-06-30,11.709,137
2021-07-01,11.423,137
2021-07-02,11.282,137
2021-07-03,11.064,137
2021-07-04,10.814,137
2021-07-05,10.696,137
2021-07-06,10.623,137
2021-07-07,11.723,137
2021-07-08,12.809,137
2021-07-09,12.783,137
2021-07-10,12.701,137
2021-07-11,11.792,137
2021-07-12,11.786,137
2021-07-13,11.649,137
2021-07-14,9.627,137
2021-07-15,8.892,137
2021-07-16,10.148,137
2021-07-17,11.396,137
2021-07-18,11.475,137
2021-07-19,11.574,137
2021-07-20,11.862,137
2021-07-21,11.65,137
2021-07-22,11.44,137
2021-07-23,11.474,137
2021-07-24,11.466,137
2021-07-25,10.664,137
2021-07-26,9.58,137
2021-07-27,11.32,137
2021-07-28,12.723,137
2021-07-29,11.947,137
2021-07-30,10.49,137
2021-07-31,10.547,137
2021-08-01,10.674,137
2021-08-02,10.493,137
2021-08-03,10.403,137
2021-08-04,13.58,137
2021-08-05,13.857,137
2021-08-06,13.517,137
2021-08-07,13.35,137
2021-08-08,13.764,137
2021-08-09,13.936,137
2021-08-10,13.641,137
2021-08-11,12.656,137
2021-08-12,13.249,137
2021-08-13,13.467,137
2021-08-14,14.521,137
2021-08-15,14.216,137
2021-08-16,13.79,137
2021-08-17,13.168,137
2021-08-18,12.84,137
2021-08-19,12.244,137
2021-08-20,11.691,137
2021-08-21,11.728,137
2021-08-22,12.52,137
2021-08-23,13.023,137
2021-08-24,13.504,137
2021-08-25,14.502,137
2021-08-26,14.688,137
2021-08-27,14.332,137
2021-08-28,14.086,137
2021-08-29,14.141,137
2021-08-30,14.102,137
2021-08-31,13.636,137
2021-09-01,13.699,137
2021-09-02,13.735,137
2021-09-03,14.033,137
2021-09-04,13.862,137
2021-09-05,13.069,137
2021-09-06,13.158,137
2021-09-07,13.558,137
2021-09-08,14.171,137
2021-09-09,14.028,137
2021-09-10,14.06,137
2021-09-11,14.117,137
2021-09-12,13.915,137
2021-09-13,13.692,137
2021-09-14,13.66,137
2021-09-15,13.706,137
2021-09-16,14.14,137
2021-09-17,14.145,137
2021-09-18,14.048,137
2021-09-19,14.056,137
2021-09-20,14.159,137
2021-09-21,14.461,137
2021-09-22,15.178,137
2021-09-23,15.012,137
2021-09-24,14.491,137
2021-09-25,13.525,137
2021-09-26,12.694,137
2021-09-27,14.941,137
2021-09-28,15.019,137
2021-09-29,14.471,137
2021-09-30,13.913,137
2021-10-01,13.853,137
2021-10-02,13.838,137
2021-10-03,13.851,137
2021-10-04,13.937,137
2021-10-05,13.874,137
2021-10-06,13.675,137
2021-10-07,13.355,137
2021-10-08,13.848,137
2021-10-09,13.816,137
2021-10-10,13.475,137
2021-10-11,12.665,137
2021-10-12,11.938,137
2021-10-13,11.518,137
2021-10-14,11.399,137
2021-10-15,11.492,137
2021-10-16,11.651,137
2021-10-17,12.36,137
2021-10-18,12.556,137
2021-10-19,12.578,137
2021-10-20,12.65,137
2021-10-21,13.361,137
2021-10-22,13.454,137
2021-10-23,13.431,137
2021-10-24,13.794,137
2021-10-25,13.759,137
2021-10-26,13.896,137
2021-10-27,14.406,137
2021-10-28,14.384,137
2021-10-29,14.18,137
2021-10-30,14.102,137
2021-10-31,14.03,137
2021-11-01,14.087,137
2021-11-02,14.459,137
2021-11-03,14.529,137
2021-11-04,14.545,137
2021-11-05,14.485,137
2021-11-06,14.419,137
2021-11-07,14.388,137
2021-11-08,14.361,137
2021-11-09,14.282,137
2021-11-10,14.46,137
2021-11-11,14.354,137
2021-11-12,14.285,137
2021-11-13,14.142,137
2021-11-14,13.991,137
2021-11-15,14.376,137
2021-11-16,14.185,137
2021-11-17,14.114,137
2021-11-18,13.85,137
2021-11-19,14.055,137
2021-11-20,14.191,137
2021-11-21,14.101,137
2021-11-22,14.125,137
2021-11-23,13.839,137
2021-11-24,13.524,137
2021-11-25,13.595,137
2021-11-26,13.335,137
2021-11-27,13.418,137
2021-11-28,13.092,137
2021-11-29,13.222,137
2021-11-30,13.193,137
2021-12-01,13.306,137
2021-12-02,13.484,137
2021-12-03,13.205,137
2021-12-04,13.182,137
2021-12-05,13.122,137
2021-12-06,13.131,137
2021-12-07,13.072,137
2021-12-08,12.779,137
2021-12-09,12.376,137
2021-12-10,12.339,137
2021-12-11,12.206,137
2021-12-12,12.061,137
2021-12-13,12.081,137
2021-12-14,12.041,137
2021-12-15,12.322,137
2021-12-16,12.486,137
2021-12-17,12.461,137
2021-12-18,12.436,137
2021-12-19,12.394,137
2021-12-20,12.351,137
2021-12-21,12.214,137
2021-12-22,12.318,137
2021-12-23,12.22,137
2021-12-24,12.152,137
2021-12-25,12.015,137
2021-12-26,11.999,137
2021-12-27,11.877,137
2021-12-28,11.889,137
2021-12-29,11.779,137
2021-12-30,11.866,137
2021-12-31,11.826,137
2022-01-01,11.668,137
2022-01-02,11.646,137
2022-01-03,11.519,137
2022-01-04,11.553,137
2022-01-05,11.507,137
2022-01-06,11.825,137
2022-01-07,11.965,137
2022-01-08,12.011,137
2022-01-09,12.039,137
2022-01-10,12.046,137
2022-01-11,12.052,137
2022-01-12,12.042,137
2022-01-13,11.989,137
2022-01-14,11.971,137
2022-01-15,11.963,137
2022-01-16,11.815,137
2022-01-17,11.73,137
2022-01-18,11.812,137
2022-01-19,11.683,137
2022-01-20,11.87,137
2022-01-21,11.816,137
2022-01-22,11.863,137
2022-01-23,11.871,137
2022-01-24,12.013,137
2022-01-25,11.921,137
2022-01-26,11.927,137
2022-01-27,12.006,137
2022-01-28,12.062,137
2022-01-29,12.13,137
2022-01-30,12.194,137
2022-01-31,11.996,137
2022-02-01,11.785,137
2022-02-02,11.733,137
2022-02-03,11.547,137
2022-02-04,11.37,137
2022-02-05,11.321,137
2022-02-06,11.38,137
2022-02-07,11.291,137
2022-02-08,11.261,137
2022-02-09,11.809,137
2022-02-10,11.891,137
2022-02-11,12.035,137
2022-02-12,12.031,137
2022-02-13,11.994,137
2022-02-14,11.73,137
2022-02-15,11.488,137
2022-02-16,11.379,137
2022-02-17,11.356,137
2022-02-18,11.274,137
2022-02-19,11.163,137
2022-02-20,11.009,137
2022-02-21,10.996,137
2022-02-22,10.884,137
2022-02-23,10.679,137
2022-02-24,10.65,137
2022-02-25,10.616,137
2022-02-26,10.738,137
2022-02-27,11.102,137
2022-02-28,11.045,137
2022-03-01,11.056,137
2022-03-02,10.779,137
2022-03-03,10.635,137
2022-03-04,10.626,137
2022-03-05,10.55,137
2022-03-06,10.623,137
2022-03-07,10.677,137
2022-03-08,10.837,137
2022-03-09,10.807,137
2022-03-10,10.742,137
2022-03-11,10.698,137
2022-03-12,10.663,137
2022-03-13,11.495,137
2022-03-14,11.366,137
2022-03-15,11.083,137
2022-03-16,11.046,137
2022-03-17,11.026,137
2022-03-18,11.024,137
2022-03-19,10.787,137
2022-03-20,10.376,137
2022-03-21,10.422,137
2022-03-22,10.38,137
2022-03-23,10.427,137
2022-03-24,10.456,137
2022-03-25,10.538,137
2022-03-26,10.596,137
2022-03-27,10.837,137
2022-03-28,10.997,137
2022-03-29,11.023,137
2022-03-30,10.954,137
2022-03-31,10.409,137
2022-04-01,10.268,137
2022-04-02,10.318,137
2022-04-03,10.141,137
2022-04-04,10.375,137
2022-04-05,10.421,137
2022-04-06,10.576,137
2022-04-07,10.441,137
2022-04-08,10.281,137
2022-04-09,9.938,137
2022-04-10,9.864,137
2022-04-11,9.676,137
2022-04-12,9.937,137
2022-04-13,10.004,137
2022-04-14,10.331,137
2022-04-15,10.292,137
2022-04-16,10.139,137
2022-04-17,10.025,137
2022-04-18,10.008,137
2022-04-19,9.923,137
2022-04-20,10.698,137
2022-04-21,11.023,137
2022-04-22,11.046,137
2022-04-23,11.001,137
2022-04-24,10.973,137
2022-04-25,10.967,137
2022-04-26,10.988,137
2022-04-27,10.862,137
2022-04-28,10.81,137
2022-04-29,10.773,137
2022-04-30,10.799,137
2022-05-01,10.6,137
2022-05-02,10.193,137
2022-05-03,9.829,137
2022-05-04,9.804,137
2022-05-05,9.837,137
2022-05-06,10.704,137
2022-05-07,10.358,137
2022-05-08,10.337,137
2022-05-09,10.345,137
2022-05-10,10.41,137
2022-05-11,10.376,137
2022-05-12,10.396,137
2022-05-13,10.456,137
2022-05-14,10.548,137
2022-05-15,10.345,137
2022-05-16,10.557,137
2022-05-17,10.443,137
2022-05-18,10.389,137
2022-05-19,9.494,137
2022-05-20,9.621,137
2022-05-21,9.656,137
2022-05-22,9.705,137
2022-05-23,9.555,137
2022-05-24,9.606,137
2022-05-25,9.77,137
2022-05-26,9.473,137
2022-05-27,9.545,137
2022-05-28,9.717,137
2022-05-29,9.938,137
2022-05-30,9.692,137
2022-05-31,9.366,137
2022-06-01,9.357,137
2022-06-02,9.431,137
2022-06-03,9.505,137
2022-06-04,9.5,137
2022-06-05,11.357,137
2022-06-06,11.169,137
2022-06-07,11.222,137
2022-06-08,10.695,137
2022-06-09,11.105,137
2022-06-10,11.226,137
2022-06-11,11.45,137
2022-06-12,11.446,137
2022-06-13,10.822,137
2022-06-14,10.47,137
2022-06-15,10.186,137
2022-06-16,10.358,137
2022-06-17,10.779,137
2022-06-18,10.973,137
2022-06-19,10.979,137
2022-06-20,10.795,137
2022-06-21,10.975,137
2022-06-22,10.936,137
2022-06-23,11.359,137
2022-06-24,11.506,137
2022-06-25,11.756,137
2022-06-26,11.547,137
2022-06-27,11.402,137
2022-06-28,11.443,137
2022-06-29,11.473,137
2022-06-30,11.452,137
2022-07-01,11.217,137
2022-07-02,10.885,137
2022-07-03,11.039,137
2022-07-04,11.085,137
2022-07-05,11.615,137
2022-07-06,12.371,137
2022-07-07,12.658,137
2022-07-08,12.66,137
2022-07-09,12.552,137
2022-07-10,12.211,137
2022-07-11,12.087,137
2022-07-12,12.067,137
2022-07-13,12.253,137
2022-07-14,11.923,137
2022-07-15,11.862,137
2022-07-16,11.409,137
2022-07-17,11.275,137
2022-07-18,11.261,137
2022-07-19,11.295,137
2022-07-20,11.508,137
2022-07-21,11.334,137
2022-07-22,11.336,137
2022-07-23,11.25,137
2022-07-24,11.157,137
2022-07-25,11.285,137
2022-07-26,11.658,137
2022-07-27,12.143,137
2022-07-28,12.005,137
2022-07-29,12.77,137
2022-07-30,13.091,137
2022-07-31,13.196,137
2022-08-01,13.379,137
2022-08-02,13.476,137
2022-08-03,13.31,137
2022-08-04,12.777,137
2022-08-05,12.475,137
2022-08-06,12.598,137
2022-08-07,13.083,137
2022-08-08,14.745,137
2022-08-09,16.145,137
2022-08-10,16.162,137
2022-08-11,15.997,137
2022-08-12,15.319,137
2022-08-13,14.381,137
2022-08-14,13.489,137
2022-08-15,12.946,137
2022-08-16,12.579,137
2022-08-17,12.386,137
2022-08-18,12.852,137
2022-08-19,12.67,137
2022-08-20,12.696,137
2022-08-21,12.789,137
2022-08-22,13.358,137
2022-08-23,13.126,137
2022-08-24,13.267,137
2022-08-25,12.435,137
2022-08-26,12.209,137
2022-08-27,12.245,137
2022-08-28,12.355,137
2022-08-29,13.175,137
2022-08-30,14.786,137
2022-08-31,15.447,137
2022-09-01,15.587,137
2022-09-02,15.093,137
2022-09-03,14.135,137
2022-09-04,13.918,137
2022-09-05,13.434,137
2022-09-06,13.419,137
2022-09-07,13.764,137
2022-09-08,14.359,137
2022-09-09,14.447,137
2022-09-10,14.341,137
2022-09-11,14.217,137
2022-09-12,13.814,137
2022-09-13,13.881,137
2022-09-14,13.967,137
2022-09-15,13.966,137
2022-09-16,13.768,137
2022-09-17,13.667,137
2022-09-18,13.216,137
2022-09-19,12.875,137
2022-09-20,13.383,137
2022-09-21,15.338,137
2022-09-22,15.672,137
2022-09-23,15.395,137
2022-09-24,15.164,137
2022-09-25,15.084,137
2022-09-26,15.004,137
2022-09-27,13.78,137
2022-09-28,14.035,137
2022-09-29,14.013,137
2022-09-30,14.001,137
2022-10-01,13.802,137
2022-10-02,15.4,137
2022-10-03,15.169,137
2022-10-04,14.946,137
2022-10-05,14.043,137
2022-10-06,12.11,137
2022-10-07,11.896,137
2022-10-08,11.859,137
2022-10-09,11.474,137
2022-10-10,11.696,137
2022-10-11,11.534,137
2022-10-12,11.188,137
2022-10-13,11.261,137
2022-10-14,11.3,137
2022-10-15,11.73,137
2022-10-16,11.753,137
2022-10-17,13.938,137
2022-10-18,14.3,137
2022-10-19,14.285,137
2022-10-20,14.111,137
2022-10-21,13.98,137
2022-10-22,12.476,137
2022-10-23,12.207,137
2022-10-24,12.168,137
2022-10-25,11.707,137
2022-10-26,11.611,137
2022-10-27,11.553,137
2022-10-28,11.674,137
2022-10-29,12.175,137
2022-10-30,12.568,137
2022-10-31,12.527,137
2022-11-01,12.614,137
2022-11-02,12.765,137
2022-11-03,12.858,137
2022-11-04,12.844,137
2022-11-05,13.408,137
2022-11-06,13.637,137
2022-11-07,13.727,137
2022-11-08,14.257,137
2022-11-09,14.4,137
2022-11-10,14.407,137
2022-11-11,14.217,137
2022-11-12,14.195,137
2022-11-13,14.218,137
2022-11-14,14.353,137
2022-11-15,14.374,137
2022-11-16,14.403,137
2022-11-17,14.037,137
2022-11-18,13.919,137
2022-11-19,13.941,137
2022-11-20,13.869,137
2022-11-21,13.975,137
2022-11-22,13.441,137
2022-11-23,13.607,137
2022-11-24,13.414,137
2022-11-25,13.609,137
2022-11-26,13.473,137
2022-11-27,13.284,137
2022-11-28,12.809,137
2022-11-29,12.549,137
2022-11-30,12.244,137
2022-12-01,11.944,137
2022-12-02,12.062,137
2022-12-03,12.183,137
2022-12-04,12.316,137
2022-12-05,12.251,137
2022-12-06,12.171,137
2022-12-07,12.083,137
2022-12-08,12.09,137
2022-12-09,12.058,137
2022-12-10,12.035,137
2022-12-11,12.016,137
2022-12-12,11.907,137
2022-12-13,11.859,137
2022-12-14,11.752,137
2022-12-15,11.614,137
2022-12-16,11.619,137
2022-12-17,11.591,137
2022-12-18,11.582,137
2022-12-19,11.522,137
2022-12-20,11.485,137
2022-12-21,11.57,137
2022-12-22,11.571,137
2022-12-23,11.849,137
2022-12-24,11.944,137
2022-12-25,11.987,137
2022-12-26,11.993,137
2022-12-27,12.151,137
2022-12-28,12.131,137
2022-12-29,12.079,137
2022-12-30,12.063,137
2022-12-31,11.921,137
2023-01-01,12.048,137
2023-01-02,12.01,137
2023-01-03,11.829,137
2023-01-04,11.687,137
2023-01-05,11.793,137
2023-01-06,11.799,137
2023-01-07,11.734,137
2023-01-08,11.758,137
2023-01-09,11.775,137
2023-01-10,11.857,137
2023-01-11,11.859,137
2023-01-12,11.945,137
2023-01-13,11.963,137
2023-01-14,12.392,137
2023-01-15,12.303,137
2023-01-16,12.413,137
2023-01-17,12.272,137
2023-01-18,12.063,137
2023-01-19,11.962,137
2023-01-20,11.922,137
2023-01-21,12,137
2023-01-22,11.991,137
2023-01-23,12.018,137
2023-01-24,11.956,137
2023-01-25,11.973,137
2023-01-26,12.049,137
2023-01-27,11.936,137
2023-01-28,11.695,137
2023-01-29,11.717,137
2023-01-30,11.509,137
2023-01-31,11.407,137
2023-02-01,11.329,137
2023-02-02,11.45,137
2023-02-03,11.462,137
2023-02-04,11.63,137
2023-02-05,11.543,137
2023-02-06,11.583,137
2023-02-07,11.263,137
2023-02-08,11.211,137
2023-02-09,11.136,137
2023-02-10,11.083,137
2023-02-11,10.922,137
2023-02-12,11.008,137
2023-02-13,10.877,137
2023-02-14,10.56,137
2023-02-15,10.132,137
2023-02-16,10.079,137
2023-02-17,10.204,137
2023-02-18,10.361,137
2023-02-19,10.41,137
2023-02-20,10.464,137
2023-02-21,10.125,137
2023-02-22,10.067,137
2023-02-23,9.968,137
2023-02-24,9.985,137
2023-02-25,10.028,137
2023-02-26,10.078,137
2023-02-27,10.04,137
2023-02-28,9.962,137
2023-03-01,9.759,137
2023-03-02,9.586,137
2023-03-03,9.655,137
2023-03-04,9.748,137
2023-03-05,9.825,137
2023-03-06,9.811,137
2023-03-07,9.838,137
2023-03-08,9.861,137
2023-03-09,10.143,137
2023-03-10,10.285,137
2023-03-11,10.254,137
2023-03-12,10.045,137
2023-03-13,10.073,137
2023-03-14,10.056,137
2023-03-15,10.063,137
2023-03-16,10.074,137
2023-03-17,10.207,137
2023-03-18,10.411,137
2023-03-19,10.346,137
2023-03-20,10.383,137
2023-03-21,10.334,137
2023-03-22,10.53,137
2023-03-23,10.613,137
2023-03-24,10.569,137
2023-03-25,10.42,137
2023-03-26,10.2,137
2023-03-27,10.155,137
2023-03-28,10.052,137
2023-03-29,10.509,137
2023-03-30,10.569,137
2023-03-31,10.686,137
2023-04-01,10.781,137
2023-04-02,10.717,137
2023-04-03,10.564,137
2023-04-04,10.474,137
2023-04-05,10.326,137
2023-04-06,10.159,137
2023-04-07,10.134,137
2023-04-08,12.009,137
2023-04-09,11.711,137
2023-04-10,11.602,137
2023-04-11,11.088,137
2023-04-12,10.622,137
2023-04-13,10.303,137
2023-04-14,10.014,137
2023-04-15,9.951,137
2023-04-16,9.968,137
2023-04-17,10.202,137
2023-04-18,10.812,137
2023-04-19,10.73,137
2023-04-20,10.631,137
2023-04-21,10.507,137
2023-04-22,10.123,137
2023-04-23,10.054,137
2023-04-24,9.926,137
2023-04-25,10.064,137
2023-04-26,10.172,137
2023-04-27,10.247,137
2023-04-28,10.309,137
2023-04-29,10.135,137
2023-04-30,10.344,137
2023-05-01,10.3,137
2023-05-02,10.301,137
2023-05-03,10.461,137
2023-05-04,10.934,137
2023-05-05,10.892,137
2023-05-06,11.451,137
2023-05-07,12.145,137
2023-05-08,12.192,137
2023-05-09,12.475,137
2023-05-10,12.295,137
2023-05-11,12.057,137
2023-05-12,11.711,137
2023-05-13,11.53,137
2023-05-14,10.666,137
2023-05-15,9.799,137
2023-05-16,9.259,137
2023-05-17,10.012,137
2023-05-18,11.377,137
2023-05-19,10.804,137
2023-05-20,10.318,137
2023-05-21,9.994,137
2023-05-22,10.388,137
2023-05-23,10.605,137
2023-05-24,10.566,137
2023-05-25,10.616,137
2023-05-26,10.995,137
2023-05-27,11.168,137
2023-05-28,11.155,137
2023-05-29,11.263,137
2023-05-30,11.55,137
2023-05-31,11.257,137
2023-06-01,11.104,137
2023-06-02,10.986,137
2023-06-03,10.792,137
2023-06-04,10.776,137
2023-06-05,10.704,137
2023-06-06,10.734,137
2023-06-07,10.749,137
2023-06-08,10.723,137
2023-06-09,10.746,137
2023-06-10,10.869,137
2023-06-11,10.886,137
2023-06-12,11.259,137
2023-06-13,11.759,137
2023-06-14,12.507,137
2023-06-15,12.57,137
2023-06-16,12.562,137
2023-06-17,12.5,137
2023-06-18,12.457,137
2023-06-19,12.339,137
2023-06-20,12.107,137
2023-06-21,11.811,137
2023-06-22,11.722,137
2023-06-23,11.695,137
2023-06-24,11.798,137
2023-06-25,11.812,137
2023-06-26,10.795,137
2023-06-27,9.706,137
2023-06-28,9.435,137
2023-06-29,10.679,137
2023-06-30,10.996,137
2023-07-01,11.551,137
2023-07-02,11.84,137
2023-07-03,12.572,137
2023-07-04,12.463,137
2023-07-05,12.331,137
2023-07-06,12.593,137
2023-07-07,12.338,137
2023-07-08,12.141,137
2023-07-09,11.823,137
2023-07-10,11.602,137
2023-07-11,11.274,137
2023-07-12,11.756,137
2023-07-13,11.46,137
2023-07-14,11.645,137
2023-07-15,11.756,137
2023-07-16,11.756,137
2023-07-17,11.853,137
2023-07-18,11.785,137
2023-07-19,11.964,137
2023-07-20,11.839,137
2023-07-21,11.602,137
2023-07-22,11.692,137
2023-07-23,11.917,137
2023-07-24,12.108,137
2023-07-25,12.244,137
2023-07-26,12.572,137
2023-07-27,12.56,137
2023-07-28,12.494,137
2023-07-29,12.31,137
2023-07-30,12.286,137
2023-07-31,12.159,137
2023-08-01,11.979,137
2023-08-02,12.031,137
2023-08-03,12.318,137
2023-08-04,12.577,137
2023-08-05,12.197,137
2023-08-06,12.047,137
2023-08-07,11.829,137
2023-08-08,11.836,137
2023-08-09,12.319,137
2023-08-10,12.602,137
2023-08-11,12.797,137
2023-08-12,12.432,137
2023-08-13,12.068,137
2023-08-14,12.434,137
2023-08-15,14.541,137
2023-08-16,14.749,137
2023-08-17,14.429,137
2023-08-18,13.191,137
2023-08-19,13.111,137
2023-08-20,13.773,137
2023-08-21,14.528,137
2023-08-22,15.259,137
2023-08-23,15.809,137
2023-08-24,15.776,137
2023-08-25,16.135,137
2023-08-26,16.489,137
2023-08-27,15.661,137
2023-08-28,14.963,137
2023-08-29,14.431,137
2023-08-30,13.471,137
2023-08-31,13.08,137
2023-09-01,13.022,137
2023-09-02,13.493,137
2023-09-03,14.298,137
2023-09-04,14.188,137
2023-09-05,14.025,137
2023-09-06,13.991,137
2023-09-07,14.316,137
2023-09-08,14.389,137
2023-09-09,14.394,137
2023-09-10,14.44,137
2023-09-11,14.361,137
2023-09-12,14.082,137
2023-09-13,13.812,137
2023-09-14,13.26,137
2023-09-15,12.937,137
2023-09-16,11.949,137
2023-09-17,13.405,137
2023-09-18,15.045,137
2023-09-19,14.844,137
2023-09-20,14.547,137
2023-09-21,14.239,137
2023-09-22,13.876,137
2023-09-23,14.425,137
2023-09-24,14.414,137
2023-09-25,15.16,137
2023-09-26,15.592,137
2023-09-27,15.296,137
2023-09-28,15.034,137
2023-09-29,14.44,137
2023-09-30,14.016,137
2023-10-01,13.818,137
2023-10-02,13.987,137
2023-10-03,13.951,137
2023-10-04,14.477,137
2023-10-05,15.064,137
2023-10-06,15.925,137
2023-10-07,15.583,137
2023-10-08,15.454,137
2023-10-09,15.325,137
2023-10-10,15.186,137
2023-10-11,14.988,137
2023-10-12,14.917,137
2023-10-13,14.718,137
2023-10-14,14.558,137
2023-10-15,14.436,137
2023-10-16,15.202,137
2023-10-17,15.264,137
2023-10-18,15.09,137
2023-10-19,14.889,137
2023-10-20,14.732,137
2023-10-21,14.663,137
2023-10-22,14.548,137
2023-10-23,14.49,137
2023-10-24,14.354,137
2023-10-25,14.121,137
2023-10-26,13.898,137
2023-10-27,13.754,137
2023-10-28,13.548,137
2023-10-29,13.509,137
2023-10-30,13.546,137
2023-10-31,13.396,137
2023-11-01,13.18,137
2023-11-02,13.491,137
2023-11-03,13.842,137
2023-11-04,14.206,137
2023-11-05,14.351,137
2023-11-06,15.209,137
2023-11-07,15.017,137
2023-11-08,14.929,137
2023-11-09,14.784,137
2023-11-10,14.686,137
2023-11-11,14.53,137
2023-11-12,14.603,137
2023-11-13,14.564,137
2023-11-14,14.568,137
2023-11-15,14.558,137
2023-11-16,14.459,137
2023-11-17,14.543,137
2023-11-18,14.669,137
2023-11-19,14.5,137
2023-11-20,14.455,137
2023-11-21,14.409,137
2023-11-22,14.297,137
2023-11-23,14.229,137
2023-11-24,14.101,137
2023-11-25,14.089,137
2023-11-26,14.012,137
2023-11-27,14.125,137
2023-11-28,14.133,137
2023-11-29,14.243,137
2023-11-30,14.202,137
2023-12-01,14.261,137
2023-12-02,13.985,137
2023-12-03,14.37,137
2023-12-04,14.606,137
2023-12-05,14.52,137
2023-12-06,14.6,137
2023-12-07,14.312,137
2023-12-08,14.267,137
2023-12-09,13.911,137
2023-12-10,14.014,137
2023-12-11,13.988,137
2023-12-12,14.126,137
2023-12-13,13.959,137
2023-12-14,14.219,137
2023-12-15,14.489,137
2023-12-16,14.427,137
2023-12-17,14.427,137
2023-12-18,13.6,137
2023-12-19,13.031,137
2023-12-20,14.033,137
2023-12-21,14.286,137
2023-12-22,14.107,137
2023-12-23,14.011,137
2023-12-24,13.873,137
2023-12-25,13.666,137
2023-12-26,13.377,137
2023-12-27,13.337,137
2023-12-28,13.308,137
2023-12-29,14.283,137
2023-12-30,14.313,137
2023-12-31,14.238,137
2024-01-01,14.067,137
2024-01-02,14.126,137
2024-01-03,14.245,137
2024-01-04,14.196,137
2024-01-05,14.137,137
2024-01-06,13.967,137
2024-01-07,13.859,137
2024-01-08,13.845,137
2024-01-09,13.612,137
2024-01-10,13.362,137
2024-01-11,13.282,137
2024-01-12,13.29,137
2024-01-13,13.162,137
2024-01-14,12.99,137
2024-01-15,13.031,137
2024-01-16,13.01,137
2024-01-17,12.896,137
2024-01-18,12.987,137
2024-01-19,12.963,137
2024-01-20,12.871,137
2024-01-21,12.698,137
2024-01-22,12.717,137
2024-01-23,12.653,137
2024-01-24,13.133,137
2024-01-25,13.169,137
2024-01-26,13.169,137
2024-01-27,13.132,137
2024-01-28,13.044,137
2024-01-29,13.146,137
2024-01-30,13.2,137
2024-01-31,13.526,137
2024-02-01,13.567,137
2024-02-02,13.563,137
2024-02-03,13.571,137
2024-02-04,13.233,137
2024-02-05,13.547,137
2024-02-06,13.396,137
2024-02-07,13.348,137
2024-02-08,13.003,137
2024-02-09,13.128,137
2024-02-10,12.876,137
2024-02-11,12.808,137
2024-02-12,12.22,137
2024-02-13,12.43,137
2024-02-14,13.211,137
2024-02-15,13.035,137
2024-02-16,13.059,137
2024-02-17,13.007,137
2024-02-18,13.254,137
2024-02-19,13.247,137
2024-02-20,13.25,137
2024-02-21,13.174,137
2024-02-22,13.197,137
2024-02-23,13.352,137
2024-02-24,13.482,137
2024-02-25,13.432,137
2024-02-26,13.005,137
2024-02-27,13.203,137
2024-02-28,13.137,137
2024-02-29,13.23,137
2024-03-01,13.085,137
2024-03-02,13.072,137
2024-03-03,12.74,137
2024-03-04,12.697,137
2024-03-05,12.613,137
2024-03-06,12.649,137
2024-03-07,12.63,137
2024-03-08,12.65,137
2024-03-09,12.569,137
2024-03-10,12.77,137
2024-03-11,12.636,137
2024-03-12,12.486,137
2024-03-13,12.48,137
2024-03-14,12.607,137
2024-03-15,12.529,137
2024-03-16,12.748,137
2024-03-17,12.782,137
2024-03-18,12.853,137
2024-03-19,12.754,137
2024-03-20,12.783,137
2024-03-21,12.822,137
2024-03-22,12.809,137
2024-03-23,12.586,137
2024-03-24,12.613,137
2024-03-25,12.279,137
2024-03-26,12.006,137
2024-03-27,12.071,137
2024-03-28,12.055,137
2024-03-29,12.246,137
2024-03-30,12.378,137
2024-03-31,12.343,137
2024-04-01,12.266,137
2024-04-02,12.284,137
2024-04-03,12.204,137
2024-04-04,11.965,137
2024-04-05,11.89,137
2024-04-06,11.874,137
2024-04-07,11.767,137
2024-04-08,11.691,137
2024-04-09,11.593,137
2024-04-10,11.297,137
2024-04-11,11.11,137
2024-04-12,11.099,137
2024-04-13,10.923,137
2024-04-14,11.298,137
2024-04-15,11.249,137
2024-04-16,11.252,137
2024-04-17,11.164,137
2024-04-18,11.125,137
2024-04-19,11.261,137
2024-04-20,11.415,137
2024-04-21,11.325,137
2024-04-22,11.246,137
2024-04-23,11.342,137
2024-04-24,11.616,137
2024-04-25,11.921,137
2024-04-26,11.826,137
2024-04-27,11.692,137
2024-04-28,11.486,137
2024-04-29,11.048,137
2024-04-30,10.741,137
2024-05-01,10.379,137
2024-05-02,10.26,137
2024-05-03,10.212,137
2024-05-04,10.393,137
2024-05-05,10.788,137
2024-05-06,10.765,137
2024-05-07,10.637,137
2024-05-08,10.458,137
2024-05-09,10.727,137
2024-05-10,11.456,137
2024-05-11,12.142,137
2024-05-12,12.225,137
2024-05-13,12.118,137
2024-05-14,10.853,137
2024-05-15,10.586,137
2024-05-16,10.341,137
2024-05-17,10.4,137
2024-05-18,10.3,137
2024-05-19,10.5,137
2024-05-20,10.525,137
2024-05-21,10.215,137
2024-05-22,10.199,137
2024-05-23,10.12,137
2024-05-24,9.911,137
2024-05-25,9.917,137
2024-05-26,9.986,137
2024-05-27,9.995,137
2024-05-28,9.875,137
2024-05-29,9.766,137
2024-05-30,9.829,137
2024-05-31,9.788,137
2024-06-01,9.886,137
2024-06-02,9.813,137
2024-06-03,9.814,137
2024-06-04,9.968,137
2024-06-05,9.924,137
2024-06-06,10.14,137
2024-06-07,10.367,137
2024-06-08,10.557,137
2024-06-09,10.22,137
2024-06-10,10.266,137
2024-06-11,10.259,137
2024-06-12,10.269,137
2024-06-13,10.313,137
2024-06-14,10.502,137
2024-06-15,10.451,137
2024-06-16,10.292,137
2024-06-17,10.115,137
2024-06-18,9.974,137
2024-06-19,9.957,137
2024-06-20,9.674,137
2024-06-21,9.615,137
2024-06-22,10.057,137
2024-06-23,10.302,137
2024-06-24,10.343,137
2024-06-25,10.521,137
2024-06-26,10.654,137
2024-06-27,10.561,137
2024-06-28,10.46,137
2024-06-29,10.542,137
2024-06-30,10.42,137
2024-07-01,10.248,137
2024-07-02,10.111,137
2024-07-03,10.19,137
2024-07-04,10.222,137
2024-07-05,11.832,137
2024-07-06,12.257,137
2024-07-07,12.472,137
2024-07-08,12.666,137
2024-07-09,12.329,137
2024-07-10,12.425,137
2024-07-11,12.266,137
2024-07-12,12.443,137
2024-07-13,12.402,137
2024-07-14,12.477,137
2024-07-15,13.506,137
2024-07-16,13.666,137
2024-07-17,13.222,137
2024-07-18,12.929,137
2024-07-19,12.702,137
2024-07-20,12.371,137
2024-07-21,11.238,137
2024-07-22,10.968,137
2024-07-23,10.926,137
2024-07-24,12.047,137
2024-07-25,12.301,137
2024-07-26,12.408,137
2024-07-27,12.09,137
2024-07-28,12.348,137
2024-07-29,12.732,137
2024-07-30,12.847,137
2024-07-31,12.961,137
2024-08-01,12.458,137
2024-08-02,12.495,137
2024-08-03,12.453,137
2024-08-04,12.172,137
2024-08-05,12.241,137
2024-08-06,12.081,137
2024-08-07,12.108,137
2024-08-08,11.667,137
2024-08-09,10.938,137
2024-08-10,11.266,137
2024-08-11,11.693,137
2024-08-12,11.652,137
2024-08-13,11.718,137
2024-08-14,11.634,137
2024-08-15,11.717,137
2024-08-16,11.68,137
2024-08-17,12.067,137
2024-08-18,12.991,137
2024-08-19,13.497,137
2024-08-20,13.439,137
2024-08-21,13.288,137
2024-08-22,13.335,137
2024-08-23,13.509,137
2024-08-24,14.256,137
2024-08-25,14.625,137
2024-08-26,14.651,137
2024-08-27,14.56,137
2024-08-28,14.474,137
2024-08-29,14.515,137
2024-08-30,14.512,137
2024-08-31,15.521,137
2024-09-01,15.814,137
2024-09-02,15.594,137
2024-09-03,15.409,137
2024-09-04,14.854,137
2024-09-05,14.375,137
2024-09-06,14.008,137
2024-09-07,13.882,137
2024-09-08,13.466,137
2024-09-09,12.77,137
2024-09-10,13.55,137
2024-09-11,14.058,137
2024-09-12,13.951,137
2024-09-13,13.199,137
2024-09-14,12.902,137
2024-09-15,12.488,137
2024-09-16,12.295,137
2024-09-17,12.147,137
2024-09-18,12.34,137
2024-09-19,12.053,137
2024-09-20,12.976,137
2024-09-21,13.443,137
2024-09-22,13.938,137
2024-09-23,14.211,137
2024-09-24,14.715,137
2024-09-25,14.414,137
2024-09-26,14.719,137
2024-09-27,14.859,137
2024-09-28,14.789,137
2024-09-29,14.442,137
2024-09-30,14.054,137
2024-10-01,14.009,137
2024-10-02,13.932,137
2024-10-03,13.898,137
2024-10-04,13.746,137
2024-10-05,13.746,137
2024-10-06,13.711,137
2024-10-07,13.531,137
2024-10-08,13.318,137
2024-10-09,13.028,137
2024-10-10,13.101,137
2024-10-11,13.198,137
2024-10-12,13.69,137
2024-10-13,13.866,137
2024-10-14,14.048,137
2024-10-15,13.972,137
2024-10-16,13.971,137
2024-10-17,13.572,137
2024-10-18,13.119,137
2024-10-19,12.571,137
2024-10-20,12.898,137
2024-10-21,13.573,137
2024-10-22,12.851,137
2024-10-23,12.303,137
2024-10-24,12.384,137
2024-10-25,12.328,137
2024-10-26,12.552,137
2024-10-27,12.955,137
2024-10-28,12.721,137
2024-10-29,12.665,137
2024-10-30,12.428,137
2024-10-31,12.553,137
2024-11-01,13.494,137
2024-11-02,13.725,137
2024-11-03,13.616,137
2024-11-04,13.068,137
2024-11-05,12.891,137
2024-11-06,12.999,137
2024-11-07,13.375,137
2024-11-08,13.516,137
2024-11-09,13.706,137
2024-11-10,13.876,137
2024-11-11,13.899,137
2024-11-12,13.475,137
2024-11-13,13.54,137
2024-11-14,14.353,137
2024-11-15,14.096,137
2024-11-16,14.121,137
2024-11-17,13.413,137
2024-11-18,13.288,137
2024-11-19,13.269,137
2024-11-20,13.126,137
2024-11-21,12.997,137
2024-11-22,14.025,137
2024-11-23,14.115,137
2024-11-24,14.078,137
2024-11-25,13.862,137
2024-11-26,13.825,137
2024-11-27,13.805,137
2024-11-28,13.786,137
2024-11-29,13.765,137
2024-11-30,13.607,137
2024-12-01,13.761,137
2024-12-02,13.724,137
2024-12-03,13.701,137
2024-12-04,13.679,137
2024-12-05,13.66,137
2024-12-06,13.599,137
2024-12-07,13.312,137
2024-12-08,12.966,137
2024-12-09,12.847,137
2024-12-10,12.721,137
2024-12-11,12.615,137
2024-12-12,12.393,137
2024-12-13,12.378,137
2024-12-14,12.219,137
2024-12-15,12.254,137
2024-12-16,12.045,137
2024-12-17,11.954,137
2024-12-18,12.35,137
2024-12-19,12.333,137
2024-12-20,12.397,137
2024-12-21,12.347,137
2024-12-22,12.374,137
2024-12-23,12.938,137
2024-12-24,12.886,137
2024-12-25,12.862,137
2024-12-26,12.911,137
2024-12-27,12.869,137
2024-12-28,12.758,137
2024-12-29,12.623,137
2024-12-30,12.517,137
2024-12-31,12.455,137
2025-01-01,12.225,137
2025-01-02,12.169,137
2025-01-03,12.115,137
2025-01-04,12.298,137
2025-01-05,12.279,137
2025-01-06,11.888,137
2025-01-07,11.934,137
2025-01-08,12,137
2025-01-09,12.162,137
2025-01-10,12.265,137
2025-01-11,12.131,137
2025-01-12,12.008,137
2025-01-13,11.895,137
2025-01-14,11.915,137
2025-01-15,11.959,137
2025-01-16,12.056,137
2025-01-17,11.917,137
2025-01-18,11.728,137
2025-01-19,11.842,137
2025-01-20,11.768,137
2025-01-21,11.894,137
2025-01-22,11.919,137
2025-01-23,12.006,137
2025-01-24,12.015,137
2025-01-25,11.958,137
2025-01-26,11.985,137
2025-01-27,11.879,137
2025-01-28,11.966,137
2025-01-29,11.888,137
2025-01-30,11.867,137
2025-01-31,11.85,137
2025-02-01,11.882,137
2025-02-02,11.886,137
2025-02-03,11.953,137
2025-02-04,11.816,137
2025-02-05,11.807,137
2025-02-06,11.747,137
2025-02-07,11.669,137
2025-02-08,11.677,137
2025-02-09,11.631,137
2025-02-10,11.504,137
2025-02-11,11.429,137
2025-02-12,11.209,137
2025-02-13,11.332,137
2025-02-14,11.306,137
2025-02-15,11.277,137
2025-02-16,11.232,137
2025-02-17,11.396,137
2025-02-18,11.42,137
2025-02-19,11.41,137
2025-02-20,11.338,137
2025-02-21,11.302,137
2025-02-22,11.069,137
2025-02-23,11.094,137
2025-02-24,11.789,137
2025-02-25,11.707,137
2025-02-26,11.725,137
2025-02-27,11.668,137
2025-02-28,11.747,137
2025-03-01,11.585,137
2025-03-02,11.431,137
2025-03-03,11.357,137
2025-03-04,11.119,137
2025-03-05,10.95,137
2025-03-06,10.834,137
2025-03-07,10.803,137
2025-03-08,10.789,137
2025-03-09,10.781,137
2025-03-10,10.986,137
2025-03-11,11.197,137
2025-03-12,11.219,137
2025-03-13,11.188,137
2025-03-14,11.041,137
2025-03-15,10.709,137
2025-03-16,11.398,137
2025-03-17,11.404,137
2025-03-18,11.353,137
2025-03-19,11.199,137
2025-03-20,11.08,137
2025-03-21,11.09,137
2025-03-22,11.566,137
2025-03-23,11.537,137
2025-03-24,11.586,137
2025-03-25,11.662,137
2025-03-26,11.668,137
2025-03-27,12.074,137
2025-03-28,12.033,137
2025-03-29,12.064,137
2025-03-30,11.951,137
2025-03-31,11.8,137
2025-04-01,11.761,137
2025-04-02,11.67,137
2025-04-03,11.304,137
2025-04-04,11.09,137
2025-04-05,11.159,137
2025-04-06,11.336,137
2025-04-07,11.399,137
2025-04-08,12.074,137
2025-04-09,11.991,137
2025-04-10,11.995,137
2025-04-11,11.24,137
2025-04-12,10.877,137
2025-04-13,10.64,137
2025-04-14,10.583,137
2025-04-15,10.436,137
2025-04-16,10.576,137
2025-04-17,11.78,137
2025-04-18,11.656,137
2025-04-19,11.707,137
2025-04-20,11.453,137
2025-04-21,11.21,137
2025-04-22,11.142,137
2025-04-23,11.045,137
2025-04-24,10.995,137
2025-04-25,11.159,137
2025-04-26,10.811,137
2025-04-27,10.815,137
2025-04-28,10.77,137
2025-04-29,10.794,137
2025-04-30,10.731,137
2025-05-01,10.871,137
2025-05-02,10.789,137
2025-05-03,10.352,137
2025-05-04,9.937,137
2025-05-05,9.947,137
2025-05-06,9.968,137
2025-05-07,10.366,137
2025-05-08,10.806,137
2025-05-09,11.077,137
2025-05-10,11.108,137
2025-05-11,11.336,137
2025-05-12,11.864,137
2025-05-13,11.766,137
2025-05-14,11.598,137
2025-05-15,11.247,137
2025-05-16,10.994,137
2025-05-17,10.772,137
2025-05-18,10.341,137
2025-05-19,10.272,137
2025-05-20,10.217,137
2025-05-21,10.289,137
2025-05-22,10.453,137
2025-05-23,10.683,137
2025-05-24,10.946,137
2025-05-25,11.076,137
2025-05-26,11.254,137
2025-05-27,11.497,137
2025-05-28,11.368,137
2025-05-29,11.203,137
2025-05-30,11.128,137
2025-05-31,11.059,137
2025-06-01,10.963,137
2025-06-02,11.189,137
2025-06-03,11.335,137
2025-06-04,11.557,137
2025-06-05,10.978,137
2025-06-06,10.576,137
2025-06-07,10.529,137
2025-06-08,10.515,137
2025-06-09,10.463,137
2025-06-10,10.475,137
2025-06-11,11.729,137
2025-06-12,11.389,137
2025-06-13,11.324,137
2025-06-14,11.169,137
2025-06-15,11.085,137
2025-06-16,11.023,137
2025-06-17,10.924,137
2025-06-18,10.59,137
2025-06-19,10.39,137
2025-06-20,10.259,137
2025-06-21,10.135,137
2025-06-22,10.111,137
2025-06-23,10.005,137
2025-06-24,10.046,137
2025-06-25,10.257,137
2025-06-26,10.528,137
2025-06-27,10.747,137
2025-06-28,10.826,137
2025-06-29,10.705,137
2025-06-30,10.958,137
2025-07-01,9.986,137
2025-07-02,10.51,137
2025-07-03,10.881,137
2025-07-04,11.228,137
2025-07-05,11.526,137
2025-07-06,11.379,137
2025-07-07,11.342,137
2025-07-08,10.732,137
2025-07-09,11.2,137
2025-07-10,11.327,137
2025-07-11,11.414,137
2025-07-12,11.567,137
2025-07-13,11.914,137
2025-07-14,10.419,137
2025-07-15,9.798,137
2025-07-16,9.788,137
2025-07-17,9.481,137
2025-07-18,9.623,137
2025-07-19,10.077,137
2025-07-20,11.615,137
2025-07-21,12.224,137
2025-07-22,12.705,137
2025-07-23,12.377,137
2025-07-24,11.659,137
2025-07-25,12.134,137
2025-07-26,11.613,137
2025-07-27,12.444,137
2025-07-28,13.409,137
2025-07-29,14.081,137
2025-07-30,13.63,137
2025-07-31,12.226,137
2025-08-01,12.024,137
2025-08-02,12.033,137
2025-08-03,11.88,137
2025-08-04,11.799,137
2025-08-05,11.784,137
2025-08-06,12.037,137
2025-08-07,12.093,137
2025-08-08,12.271,137
2025-08-09,12.066,137
2025-08-10,12.039,137
2025-08-11,11.595,137
2025-08-12,11.614,137
2025-08-13,12.306,137
2025-08-14,12.785,137
2025-08-15,12.938,137
2025-08-16,13.675,137
2025-08-17,14.075,137
2025-08-18,14.148,137
2025-08-19,14.103,137
2025-08-20,13.707,137
2025-08-21,13.266,137
2025-08-22,13.105,137
2025-08-23,12.945,137
2025-08-24,12.807,137
2025-08-25,12.832,137
2025-08-26,14.245,137
2025-08-27,14.339,137
2025-08-28,14.736,137
2025-08-29,15.439,137
2025-08-30,15.142,137
2025-08-31,14.873,137
2025-09-01,14.076,137
2025-09-02,13.746,137
2025-09-03,13.642,137
2025-09-04,13.76,137
2025-09-05,14.91,137
2025-09-06,15.285,137
2025-09-07,15.703,137
2025-09-08,15.444,137
2025-09-09,16.305,137
2025-09-10,16.743,137
2025-09-11,16.596,137
2025-09-12,15.887,137
2025-09-13,15.36,137
2025-09-14,15.414,137
2025-09-15,15.655,137
2025-09-16,15.69,137
2025-09-17,15.478,137
2025-09-18,15.37,137
2025-09-19,15.461,137
2025-09-20,16.316,137
2025-09-21,15.745,137
2025-09-22,15.613,137
2025-09-23,15.516,137
2025-09-24,15.66,137
2025-09-25,15.647,137
2025-09-26,14.956,137
2025-09-27,15.125,137
2025-09-28,15.025,137
2025-09-29,15.572,137
2025-09-30,15.959,137
2025-10-01,16.165,137
2025-10-02,16.299,137
2025-10-03,15.772,137
2025-10-04,15.565,137
2025-10-05,15.46,137
2025-10-06,15.665,137
2025-10-07,16.375,137
2025-10-08,16.34,137
2025-10-09,16.451,137
2025-10-10,16.479,137
2025-10-11,16.278,137
2025-10-12,16.08,137
2025-10-13,15.812,137
2025-10-14,15.383,137
2025-10-15,15.667,137
2025-10-16,15.424,137
2025-10-17,15.378,137
2025-10-18,15.403,137
2025-10-19,15.208,137
2025-10-20,14.914,137
2025-10-21,14.76,137
2025-10-22,14.426,137
2025-10-23,14.934,137
2025-10-24,14.941,137
2025-10-25,14.882,137
2025-10-26,14.846,137
2025-10-27,14.54,137
2025-10-28,14.421,137
2025-10-29,14.176,137
2025-10-30,13.937,137
2025-10-31,13.577,137
2025-11-01,13.11,137
2025-11-02,13.12,137
2025-11-03,13.336,137
2025-11-04,13.337,137
2025-11-05,13.495,137
2025-11-06,13.783,137
2025-11-07,13.853,137
2025-11-08,13.91,137
2025-11-09,13.889,137
2025-11-10,13.9,137
2025-11-11,13.84,137
2025-11-12,13.828,137
2025-11-13,14.211,137
2025-11-14,14.238,137
2025-11-15,14.212,137
2025-11-16,14.358,137
2025-11-17,14.043,137
2025-11-18,13.953,137
2025-11-19,14.002,137
2025-11-20,14.029,137
2025-11-21,14.077,137
2025-11-22,14.057,137
2025-11-23,13.904,137
2025-11-24,13.769,137
2025-11-25,13.818,137
2025-11-26,13.761,137
2025-11-27,13.826,137
2025-11-28,13.632,137
2025-11-29,13.592,137
2025-11-30,13.759,137
2025-12-01,13.637,137
2025-12-02,13.661,137
2025-12-03,13.682,137
2025-12-04,13.641,137
2025-12-05,13.809,137
2025-12-06,13.584,137
2025-12-07,13.336,137
2025-12-08,13.131,137
2025-12-09,12.755,137
2025-12-10,13.154,137
2025-12-11,13.37,137
2025-12-12,13.531,137
2025-12-13,13.356,137
2025-12-14,13.453,137
2025-12-15,13.457,137
2025-12-16,13.665,137
2025-12-17,13.795,137
2025-12-18,13.776,137
2025-12-19,13.661,137
2025-12-20,13.471,137
2025-12-21,13.42,137
2025-12-22,13.383,137
2025-12-23,13.149,137
2025-12-24,13.324,137
2025-12-25,13.243,137
2025-12-26,13.376,137
2025-12-27,13.34,137
2025-12-28,13.327,137
2025-12-29,13.224,137
2025-12-30,13.259,137
2025-12-31,13.224,137
2026-01-01,13.193,137
2026-01-02,13.769,137
2026-01-03,13.656,137
2026-01-04,13.574,137
2026-01-05,13.453,137
2026-01-06,13.496,137
2026-01-07,13.577,137
2026-01-08,13.493,137
2026-01-09,13.528,137
2026-01-10,13.447,137
2026-01-11,13.192,137
2026-01-12,13.298,137
2026-01-13,13.332,137
2026-01-14,13.426,137
2026-01-15,13.403,137
2026-01-16,13.433,137
2026-01-17,13.311,137
2026-01-18,13.502,137
2026-01-19,13.412,137
2026-01-20,13.475,137
2026-01-21,13.214,137
2026-01-22,13.26,137
2026-01-23,13.289,137
2026-01-24,13.304,137
2026-01-25,13.307,137
2026-01-26,13.437,137
2026-01-27,13.371,137
2026-01-28,13.275,137
2026-01-29,13.239,137
2026-01-30,13.265,137
2026-01-31,13.117,137
2026-02-01,13.832,137
2026-02-02,13.617,137
2026-02-03,13.669,137
2026-02-04,13.649,137
2026-02-05,13.841,137
2026-02-06,13.508,137
2026-02-07,13.499,137
2026-02-08,13.134,137
2026-02-09,13.307,137
2026-02-10,13.332,137
2026-02-11,14.518,137
2026-02-12,14.261,137
2026-02-13,14.297,137
2026-02-14,14.079,137
2026-02-15,13.786,137
2026-02-16,13.646,137
2026-02-17,13.489,137
2026-02-18,13.423,137
2026-02-19,13.296,137
2026-02-20,13.31,137
2026-02-21,13.25,137
2026-02-22,13.098,137
2026-02-23,12.968,137
2026-02-24,12.655,137
2026-02-25,13.304,137
2026-02-26,13.148,137
2026-02-27,13.228,137
2026-02-28,13.286,137
2026-03-01,14.59,137
2026-03-02,14.185,137
2026-03-03,14.035,137
2026-03-04,13.619,137
2026-03-05,13.214,137
2026-03-06,13.059,137
2026-03-07,13.016,137
2026-03-08,12.829,137
2026-03-09,12.636,137
2026-03-10,11.99,137
2026-03-11,11.525,137
2026-03-12,11.443,137
2026-03-13,11.286,137
2026-03-14,10.953,137
2026-03-15,10.914,137
2026-03-16,11.107,137
2026-03-17,11.42,137
2026-03-18,11.408,137
2026-03-19,11.472,137
2026-03-20,11.417,137
2026-03-21,11.273,137
2026-03-22,11.049,137
2026-03-23,11.101,137
2026-03-24,11.314,137
2026-03-25,11.304,137
2026-03-26,11.235,137
2026-03-27,10.835,137
2026-03-28,11.544,137
2026-03-29,11.516,137
2026-03-30,11.829,137
2026-03-31,13.015,137
