date,sst,n_cells
1982-01-01,13.78,152
1982-01-02,13.537,152
1982-01-03,13.386,152
1982-01-04,13.406,152
1982-01-05,13.411,152
1982-01-06,13.273,152
1982-01-07,13.114,152
1982-01-08,12.967,152
1982-01-09,12.96,152
1982-01-10,13.804,152
1982-01-11,13.589,152
1982-01-12,13.496,152
1982-01-13,13.597,152
1982-01-14,13.843,152
1982-01-15,13.74,152
1982-01-16,13.604,152
1982-01-17,13.405,152
1982-01-18,13.459,152
1982-01-19,13.459,152
1982-01-20,13.449,152
1982-01-21,13.293,152
1982-01-22,13.189,152
1982-01-23,13.169,152
1982-01-24,13.085,152
1982-01-25,12.928,152
1982-01-26,12.784,152
1982-01-27,13.115,152
1982-01-28,13.222,152
1982-01-29,13.234,152
1982-01-30,13.167,152
1982-01-31,13.039,152
1982-02-01,12.99,152
1982-02-02,13.159,152
1982-02-03,13.338,152
1982-02-04,13.45,152
1982-02-05,13.406,152
1982-02-06,13.332,152
1982-02-07,13.451,152
1982-02-08,13.504,152
1982-02-09,13.517,152
1982-02-10,13.361,152
1982-02-11,13.344,152
1982-02-12,13.355,152
1982-02-13,13.747,152
1982-02-14,13.778,152
1982-02-15,13.967,152
1982-02-16,13.875,152
1982-02-17,13.765,152
1982-02-18,13.613,152
1982-02-19,13.719,152
1982-02-20,13.813,152
1982-02-21,13.679,152
1982-02-22,13.436,152
1982-02-23,13.434,152
1982-02-24,13.866,152
1982-02-25,14.222,152
1982-02-26,14.118,152
1982-02-27,13.79,152
1982-02-28,13.74,152
1982-03-01,14.18,152
1982-03-02,14.034,152
1982-03-03,13.802,152
1982-03-04,13.619,152
1982-03-05,13.392,152
1982-03-06,13.427,152
1982-03-07,13.51,152
1982-03-08,13.566,152
1982-03-09,13.625,152
1982-03-10,13.662,152
1982-03-11,14.098,152
1982-03-12,14.139,152
1982-03-13,14.139,152
1982-03-14,13.717,152
1982-03-15,13.65,152
1982-03-16,13.642,152
1982-03-17,13.724,152
1982-03-18,13.487,152
1982-03-19,13.581,152
1982-03-20,13.63,152
1982-03-21,13.775,152
1982-03-22,13.907,152
1982-03-23,13.925,152
1982-03-24,13.909,152
1982-03-25,13.71,152
1982-03-26,14.254,152
1982-03-27,14.326,152
1982-03-28,14.299,152
1982-03-29,13.746,152
1982-03-30,13.714,152
1982-03-31,13.7,152
1982-04-01,13.58,152
1982-04-02,13.536,152
1982-04-03,13.559,152
1982-04-04,13.559,152
1982-04-05,13.525,152
1982-04-06,12.936,152
1982-04-07,12.849,152
1982-04-08,12.806,152
1982-04-09,12.825,152
1982-04-10,12.844,152
1982-04-11,12.922,152
1982-04-12,13.053,152
1982-04-13,13.074,152
1982-04-14,12.991,152
1982-04-15,12.896,152
1982-04-16,12.899,152
1982-04-17,12.993,152
1982-04-18,13.194,152
1982-04-19,13.448,152
1982-04-20,13.197,152
1982-04-21,13.106,152
1982-04-22,13.083,152
1982-04-23,13.146,152
1982-04-24,13.145,152
1982-04-25,13.206,152
1982-04-26,13.612,152
1982-04-27,13.727,152
1982-04-28,13.76,152
1982-04-29,13.76,152
1982-04-30,13.822,152
1982-05-01,13.854,152
1982-05-02,13.91,152
1982-05-03,14.075,152
1982-05-04,14.595,152
1982-05-05,14.694,152
1982-05-06,14.675,152
1982-05-07,14.53,152
1982-05-08,14.126,152
1982-05-09,13.668,152
1982-05-10,13.576,152
1982-05-11,13.488,152
1982-05-12,13.433,152
1982-05-13,13.375,152
1982-05-14,13.393,152
1982-05-15,13.472,152
1982-05-16,13.456,152
1982-05-17,13.278,152
1982-05-18,13.169,152
1982-05-19,13.235,152
1982-05-20,13.49,152
1982-05-21,13.531,152
1982-05-22,13.569,152
1982-05-23,13.681,152
1982-05-24,13.861,152
1982-05-25,14.011,152
1982-05-26,14.057,152
1982-05-27,14.164,152
1982-05-28,14.295,152
1982-05-29,14.331,152
1982-05-30,14.405,152
1982-05-31,14.538,152
1982-06-01,14.066,152
1982-06-02,14.06,152
1982-06-03,14.055,152
1982-06-04,13.958,152
1982-06-05,13.923,152
1982-06-06,13.954,152
1982-06-07,13.983,152
1982-06-08,13.935,152
1982-06-09,13.955,152
1982-06-10,13.99,152
1982-06-11,13.94,152
1982-06-12,14.004,152
1982-06-13,14.064,152
1982-06-14,14.096,152
1982-06-15,14.106,152
1982-06-16,14.281,152
1982-06-17,14.551,152
1982-06-18,14.772,152
1982-06-19,14.645,152
1982-06-20,14.785,152
1982-06-21,15.094,152
1982-06-22,15.177,152
1982-06-23,15.226,152
1982-06-24,15.214,152
1982-06-25,15.388,152
1982-06-26,15.309,152
1982-06-27,15.179,152
1982-06-28,15.125,152
1982-06-29,15.716,152
1982-06-30,15.734,152
1982-07-01,15.695,152
1982-07-02,15.374,152
1982-07-03,15.24,152
1982-07-04,15.148,152
1982-07-05,15.195,152
1982-07-06,15.326,152
1982-07-07,15.414,152
1982-07-08,15.504,152
1982-07-09,15.418,152
1982-07-10,15.631,152
1982-07-11,15.592,152
1982-07-12,15.607,152
1982-07-13,15.701,152
1982-07-14,15.658,152
1982-07-15,15.863,152
1982-07-16,16.088,152
1982-07-17,16.261,152
1982-07-18,16.231,152
1982-07-19,16.219,152
1982-07-20,15.977,152
1982-07-21,15.974,152
1982-07-22,16.13,152
1982-07-23,16.243,152
1982-07-24,16.447,152
1982-07-25,16.593,152
1982-07-26,16.162,152
1982-07-27,16.38,152
1982-07-28,16.589,152
1982-07-29,16.771,152
1982-07-30,17.015,152
1982-07-31,17.4,152
1982-08-01,17.433,152
1982-08-02,17.041,152
1982-08-03,16.968,152
1982-08-04,17.109,152
1982-08-05,17.204,152
1982-08-06,17.222,152
1982-08-07,16.987,152
1982-08-08,16.833,152
1982-08-09,16.926,152
1982-08-10,17.291,152
1982-08-11,17.489,152
1982-08-12,17.565,152
1982-08-13,17.733,152
1982-08-14,17.832,152
1982-08-15,17.834,152
1982-08-16,17.73,152
1982-08-17,17.745,152
1982-08-18,17.071,152
1982-08-19,17.086,152
1982-08-20,17.107,152
1982-08-21,17.018,152
1982-08-22,16.908,152
1982-08-23,17.071,152
1982-08-24,16.907,152
1982-08-25,16.818,152
1982-08-26,16.766,152
1982-08-27,17.237,152
1982-08-28,17.932,152
1982-08-29,17.936,152
1982-08-30,17.844,152
1982-08-31,17.607,152
1982-09-01,17.349,152
1982-09-02,17.505,152
1982-09-03,17.467,152
1982-09-04,17.533,152
1982-09-05,17.675,152
1982-09-06,17.789,152
1982-09-07,17.874,152
1982-09-08,18.184,152
1982-09-09,18.223,152
1982-09-10,18.056,152
1982-09-11,17.917,152
1982-09-12,18.114,152
1982-09-13,18.132,152
1982-09-14,18.197,152
1982-09-15,18.305,152
1982-09-16,18.189,152
1982-09-17,18.15,152
1982-09-18,18.73,152
1982-09-19,18.746,152
1982-09-20,18.7,152
1982-09-21,18.827,152
1982-09-22,18.902,152
1982-09-23,18.802,152
1982-09-24,18.435,152
1982-09-25,18.349,152
1982-09-26,17.628,152
1982-09-27,17.451,152
1982-09-28,17.118,152
1982-09-29,17.331,152
1982-09-30,17.949,152
1982-10-01,18.346,152
1982-10-02,18.149,152
1982-10-03,17.638,152
1982-10-04,17.276,152
1982-10-05,17.281,152
1982-10-06,17.09,152
1982-10-07,16.967,152
1982-10-08,17.017,152
1982-10-09,17.456,152
1982-10-10,18.14,152
1982-10-11,18.308,152
1982-10-12,18.373,152
1982-10-13,18.141,152
1982-10-14,17.64,152
1982-10-15,17.844,152
1982-10-16,17.929,152
1982-10-17,17.899,152
1982-10-18,17.824,152
1982-10-19,18.192,152
1982-10-20,18.41,152
1982-10-21,18.426,152
1982-10-22,18.382,152
1982-10-23,18.231,152
1982-10-24,18.16,152
1982-10-25,18.276,152
1982-10-26,18.129,152
1982-10-27,17.972,152
1982-10-28,17.694,152
1982-10-29,17.689,152
1982-10-30,18.228,152
1982-10-31,18.389,152
1982-11-01,18.334,152
1982-11-02,18.546,152
1982-11-03,18.769,152
1982-11-04,18.846,152
1982-11-05,18.779,152
1982-11-06,18.846,152
1982-11-07,18.375,152
1982-11-08,18.242,152
1982-11-09,18.085,152
1982-11-10,18.199,152
1982-11-11,18.189,152
1982-11-12,18.128,152
1982-11-13,17.996,152
1982-11-14,18.049,152
1982-11-15,18.112,152
1982-11-16,17.668,152
1982-11-17,17.617,152
1982-11-18,17.524,152
1982-11-19,17.38,152
1982-11-20,17.317,152
1982-11-21,17.236,152
1982-11-22,17.083,152
1982-11-23,16.859,152
1982-11-24,17.187,152
1982-11-25,17.223,152
1982-11-26,17.183,152
1982-11-27,16.911,152
1982-11-28,16.852,152
1982-11-29,16.712,152
1982-11-30,16.582,152
1982-12-01,16.018,152
1982-12-02,15.592,152
1982-12-03,15.463,152
1982-12-04,15.617,152
1982-12-05,15.697,152
1982-12-06,15.605,152
1982-12-07,15.405,152
1982-12-08,15.363,152
1982-12-09,15.193,152
1982-12-10,15.061,152
1982-12-11,14.99,152
1982-12-12,15.003,152
1982-12-13,15.053,152
1982-12-14,15.081,152
1982-12-15,15.127,152
1982-12-16,15.14,152
1982-12-17,15.161,152
1982-12-18,15.172,152
1982-12-19,15.108,152
1982-12-20,15.028,152
1982-12-21,14.935,152
1982-12-22,14.991,152
1982-12-23,14.856,152
1982-12-24,14.725,152
1982-12-25,14.638,152
1982-12-26,14.576,152
1982-12-27,14.566,152
1982-12-28,14.54,152
1982-12-29,14.597,152
1982-12-30,14.702,152
1982-12-31,14.77,152
1983-01-01,14.805,152
1983-01-02,14.771,152
1983-01-03,14.772,152
1983-01-04,14.745,152
1983-01-05,14.778,152
1983-01-06,15.013,152
1983-01-07,15.278,152
1983-01-08,15.534,152
1983-01-09,15.678,152
1983-01-10,15.714,152
1983-01-11,15.71,152
1983-01-12,15.854,152
1983-01-13,15.8,152
1983-01-14,15.83,152
1983-01-15,15.979,152
1983-01-16,15.998,152
1983-01-17,15.957,152
1983-01-18,15.942,152
1983-01-19,15.822,152
1983-01-20,15.782,152
1983-01-21,15.707,152
1983-01-22,15.631,152
1983-01-23,15.554,152
1983-01-24,15.387,152
1983-01-25,15.283,152
1983-01-26,15.214,152
1983-01-27,15.137,152
1983-01-28,15.018,152
1983-01-29,14.962,152
1983-01-30,15.248,152
1983-01-31,15.333,152
1983-02-01,15.335,152
1983-02-02,15.181,152
1983-02-03,14.896,152
1983-02-04,14.756,152
1983-02-05,14.722,152
1983-02-06,14.71,152
1983-02-07,14.696,152
1983-02-08,14.703,152
1983-02-09,15.368,152
1983-02-10,15.455,152
1983-02-11,15.46,152
1983-02-12,15.472,152
1983-02-13,15.481,152
1983-02-14,15.481,152
1983-02-15,15.555,152
1983-02-16,15.501,152
1983-02-17,15.457,152
1983-02-18,15.445,152
1983-02-19,15.462,152
1983-02-20,15.381,152
1983-02-21,15.467,152
1983-02-22,15.511,152
1983-02-23,15.496,152
1983-02-24,15.415,152
1983-02-25,15.289,152
1983-02-26,15.249,152
1983-02-27,15.102,152
1983-02-28,15.011,152
1983-03-01,14.923,152
1983-03-02,14.851,152
1983-03-03,15.24,152
1983-03-04,15.395,152
1983-03-05,15.275,152
1983-03-06,15.066,152
1983-03-07,15.17,152
1983-03-08,15.414,152
1983-03-09,15.658,152
1983-03-10,15.763,152
1983-03-11,16.048,152
1983-03-12,16.078,152
1983-03-13,15.697,152
1983-03-14,15.574,152
1983-03-15,15.558,152
1983-03-16,15.508,152
1983-03-17,15.347,152
1983-03-18,15.318,152
1983-03-19,15.263,152
1983-03-20,15.129,152
1983-03-21,14.824,152
1983-03-22,14.695,152
1983-03-23,14.658,152
1983-03-24,14.539,152
1983-03-25,14.481,152
1983-03-26,14.484,152
1983-03-27,14.727,152
1983-03-28,14.625,152
1983-03-29,14.442,152
1983-03-30,14.46,152
1983-03-31,14.492,152
1983-04-01,14.454,152
1983-04-02,14.219,152
1983-04-03,13.757,152
1983-04-04,13.578,152
1983-04-05,13.433,152
1983-04-06,13.639,152
1983-04-07,13.718,152
1983-04-08,13.744,152
1983-04-09,13.756,152
1983-04-10,13.419,152
1983-04-11,13.224,152
1983-04-12,13.155,152
1983-04-13,13.073,152
1983-04-14,13.037,152
1983-04-15,12.898,152
1983-04-16,12.983,152
1983-04-17,13.051,152
1983-04-18,13.246,152
1983-04-19,13.323,152
1983-04-20,13.918,152
1983-04-21,14.175,152
1983-04-22,14.04,152
1983-04-23,14.933,152
1983-04-24,15.034,152
1983-04-25,14.937,152
1983-04-26,14.706,152
1983-04-27,14.595,152
1983-04-28,14.672,152
1983-04-29,14.685,152
1983-04-30,14.447,152
1983-05-01,14.529,152
1983-05-02,14.564,152
1983-05-03,14.668,152
1983-05-04,14.815,152
1983-05-05,14.982,152
1983-05-06,15.052,152
1983-05-07,14.991,152
1983-05-08,14.653,152
1983-05-09,14.325,152
1983-05-10,14.211,152
1983-05-11,14.089,152
1983-05-12,13.921,152
1983-05-13,13.763,152
1983-05-14,13.694,152
1983-05-15,13.653,152
1983-05-16,13.671,152
1983-05-17,13.731,152
1983-05-18,13.726,152
1983-05-19,13.789,152
1983-05-20,13.88,152
1983-05-21,13.951,152
1983-05-22,14.083,152
1983-05-23,14.168,152
1983-05-24,14.232,152
1983-05-25,14.209,152
1983-05-26,14.156,152
1983-05-27,14.182,152
1983-05-28,14.863,152
1983-05-29,14.901,152
1983-05-30,14.823,152
1983-05-31,14.608,152
1983-06-01,14.76,152
1983-06-02,14.719,152
1983-06-03,14.722,152
1983-06-04,14.696,152
1983-06-05,14.389,152
1983-06-06,13.903,152
1983-06-07,13.807,152
1983-06-08,13.924,152
1983-06-09,14.374,152
1983-06-10,14.921,152
1983-06-11,15.136,152
1983-06-12,15.176,152
1983-06-13,15.384,152
1983-06-14,15.567,152
1983-06-15,15.756,152
1983-06-16,15.685,152
1983-06-17,15.986,152
1983-06-18,16.288,152
1983-06-19,16.413,152
1983-06-20,16.487,152
1983-06-21,16.623,152
1983-06-22,17.037,152
1983-06-23,17.396,152
1983-06-24,17.374,152
1983-06-25,17.312,152
1983-06-26,17.122,152
1983-06-27,16.713,152
1983-06-28,16.581,152
1983-06-29,16.482,152
1983-06-30,16.459,152
1983-07-01,16.435,152
1983-07-02,16.543,152
1983-07-03,16.756,152
1983-07-04,16.938,152
1983-07-05,18.091,152
1983-07-06,17.901,152
1983-07-07,17.611,152
1983-07-08,17.572,152
1983-07-09,17.712,152
1983-07-10,17.9,152
1983-07-11,18.313,152
1983-07-12,18.912,152
1983-07-13,19.088,152
1983-07-14,18.636,152
1983-07-15,18.669,152
1983-07-16,18.743,152
1983-07-17,18.882,152
1983-07-18,19.007,152
1983-07-19,19.094,152
1983-07-20,19.085,152
1983-07-21,18.751,152
1983-07-22,18.901,152
1983-07-23,18.822,152
1983-07-24,18.704,152
1983-07-25,18.587,152
1983-07-26,18.499,152
1983-07-27,18.43,152
1983-07-28,18.386,152
1983-07-29,18.388,152
1983-07-30,18.328,152
1983-07-31,18.299,152
1983-08-01,18.253,152
1983-08-02,18.212,152
1983-08-03,18.155,152
1983-08-04,18.21,152
1983-08-05,18.286,152
1983-08-06,18.56,152
1983-08-07,18.697,152
1983-08-08,18.916,152
1983-08-09,18.981,152
1983-08-10,18.98,152
1983-08-11,18.737,152
1983-08-12,19.019,152
1983-08-13,19.123,152
1983-08-14,19.272,152
1983-08-15,19.338,152
1983-08-16,19.318,152
1983-08-17,19.347,152
1983-08-18,19.31,152
1983-08-19,19.409,152
1983-08-20,19.647,152
1983-08-21,19.779,152
1983-08-22,19.721,152
1983-08-23,19.36,152
1983-08-24,18.992,152
1983-08-25,18.81,152
1983-08-26,18.858,152
1983-08-27,18.969,152
1983-08-28,19.303,152
1983-08-29,19.39,152
1983-08-30,19.59,152
1983-08-31,19.411,152
1983-09-01,18.895,152
1983-09-02,18.625,152
1983-09-03,18.55,152
1983-09-04,18.508,152
1983-09-05,18.528,152
1983-09-06,18.589,152
1983-09-07,18.633,152
1983-09-08,18.721,152
1983-09-09,18.736,152
1983-09-10,19.41,152
1983-09-11,19.727,152
1983-09-12,19.768,152
1983-09-13,19.591,152
1983-09-14,19.643,152
1983-09-15,19.577,152
1983-09-16,19.926,152
1983-09-17,19.827,152
1983-09-18,19.736,152
1983-09-19,19.826,152
1983-09-20,20.006,152
1983-09-21,20.018,152
1983-09-22,19.947,152
1983-09-23,19.853,152
1983-09-24,19.761,152
1983-09-25,19.636,152
1983-09-26,20.101,152
1983-09-27,20.135,152
1983-09-28,20.141,152
1983-09-29,19.985,152
1983-09-30,20.171,152
1983-10-01,20.037,152
1983-10-02,19.85,152
1983-10-03,19.914,152
1983-10-04,20.033,152
1983-10-05,20.137,152
1983-10-06,20.176,152
1983-10-07,20.281,152
1983-10-08,20.05,152
1983-10-09,20.17,152
1983-10-10,20.115,152
1983-10-11,19.957,152
1983-10-12,19.655,152
1983-10-13,19.242,152
1983-10-14,18.856,152
1983-10-15,18.531,152
1983-10-16,18.458,152
1983-10-17,18.529,152
1983-10-18,18.76,152
1983-10-19,18.623,152
1983-10-20,18.529,152
1983-10-21,18.439,152
1983-10-22,18.665,152
1983-10-23,18.968,152
1983-10-24,19.127,152
1983-10-25,19.177,152
1983-10-26,19.262,152
1983-10-27,19.368,152
1983-10-28,19.384,152
1983-10-29,19.401,152
1983-10-30,19.362,152
1983-10-31,19.325,152
1983-11-01,19.328,152
1983-11-02,19.389,152
1983-11-03,19.425,152
1983-11-04,19.277,152
1983-11-05,18.95,152
1983-11-06,18.872,152
1983-11-07,18.621,152
1983-11-08,18.369,152
1983-11-09,18.213,152
1983-11-10,18.072,152
1983-11-11,17.854,152
1983-11-12,18.096,152
1983-11-13,18.312,152
1983-11-14,18.172,152
1983-11-15,18.073,152
1983-11-16,18.028,152
1983-11-17,17.99,152
1983-11-18,17.839,152
1983-11-19,17.867,152
1983-11-20,17.864,152
1983-11-21,16.472,152
1983-11-22,16.371,152
1983-11-23,16.392,152
1983-11-24,16.125,152
1983-11-25,15.696,152
1983-11-26,15.71,152
1983-11-27,15.776,152
1983-11-28,15.698,152
1983-11-29,15.44,152
1983-11-30,15.552,152
1983-12-01,15.727,152
1983-12-02,15.67,152
1983-12-03,15.444,152
1983-12-04,15.192,152
1983-12-05,15.131,152
1983-12-06,15.069,152
1983-12-07,15.14,152
1983-12-08,15.254,152
1983-12-09,15.308,152
1983-12-10,15.377,152
1983-12-11,15.259,152
1983-12-12,15.133,152
1983-12-13,15.189,152
1983-12-14,15.397,152
1983-12-15,15.491,152
1983-12-16,15.441,152
1983-12-17,15.213,152
1983-12-18,15.124,152
1983-12-19,15.167,152
1983-12-20,15.24,152
1983-12-21,15.22,152
1983-12-22,15.079,152
1983-12-23,15.025,152
1983-12-24,14.926,152
1983-12-25,14.882,152
1983-12-26,14.783,152
1983-12-27,15.084,152
1983-12-28,15.087,152
1983-12-29,15.088,152
1983-12-30,15.218,152
1983-12-31,15.11,152
1984-01-01,14.961,152
1984-01-02,14.917,152
1984-01-03,15.264,152
1984-01-04,15.497,152
1984-01-05,15.458,152
1984-01-06,15.367,152
1984-01-07,15.342,152
1984-01-08,15.136,152
1984-01-09,15.006,152
1984-01-10,14.993,152
1984-01-11,15.007,152
1984-01-12,15.029,152
1984-01-13,14.845,152
1984-01-14,14.778,152
1984-01-15,14.673,152
1984-01-16,14.762,152
1984-01-17,14.762,152
1984-01-18,14.744,152
1984-01-19,14.751,152
1984-01-20,14.761,152
1984-01-21,14.792,152
1984-01-22,14.819,152
1984-01-23,14.797,152
1984-01-24,14.778,152
1984-01-25,14.666,152
1984-01-26,14.583,152
1984-01-27,14.825,152
1984-01-28,15.148,152
1984-01-29,15.222,152
1984-01-30,15.232,152
1984-01-31,14.979,152
1984-02-01,14.815,152
1984-02-02,14.659,152
1984-02-03,14.984,152
1984-02-04,15.062,152
1984-02-05,14.981,152
1984-02-06,14.948,152
1984-02-07,15.002,152
1984-02-08,15.055,152
1984-02-09,14.992,152
1984-02-10,14.953,152
1984-02-11,14.861,152
1984-02-12,14.797,152
1984-02-13,14.77,152
1984-02-14,14.747,152
1984-02-15,14.726,152
1984-02-16,14.702,152
1984-02-17,14.639,152
1984-02-18,14.605,152
1984-02-19,14.609,152
1984-02-20,14.531,152
1984-02-21,14.366,152
1984-02-22,14.245,152
1984-02-23,14.066,152
1984-02-24,13.994,152
1984-02-25,13.917,152
1984-02-26,13.785,152
1984-02-27,13.706,152
1984-02-28,13.55,152
1984-02-29,13.605,152
1984-03-01,14.37,152
1984-03-02,14.797,152
1984-03-03,14.93,152
1984-03-04,15,152
1984-03-05,14.6,152
1984-03-06,14.368,152
1984-03-07,14.313,152
1984-03-08,14.456,152
1984-03-09,14.91,152
1984-03-10,15.127,152
1984-03-11,15.133,152
1984-03-12,14.905,152
1984-03-13,14.774,152
1984-03-14,14.587,152
1984-03-15,14.385,152
1984-03-16,14.279,152
1984-03-17,14.265,152
1984-03-18,14.893,152
1984-03-19,15.181,152
1984-03-20,15.342,152
1984-03-21,15.01,152
1984-03-22,14.66,152
1984-03-23,14.525,152
1984-03-24,14.243,152
1984-03-25,14.607,152
1984-03-26,14.881,152
1984-03-27,14.983,152
1984-03-28,14.976,152
1984-03-29,14.861,152
1984-03-30,14.559,152
1984-03-31,14.428,152
1984-04-01,14.269,152
1984-04-02,14.118,152
1984-04-03,14.056,152
1984-04-04,14.014,152
1984-04-05,14.244,152
1984-04-06,14.301,152
1984-04-07,14.279,152
1984-04-08,14.222,152
1984-04-09,14.049,152
1984-04-10,14.06,152
1984-04-11,14.085,152
1984-04-12,14.131,152
1984-04-13,14.296,152
1984-04-14,14.741,152
1984-04-15,15.065,152
1984-04-16,14.238,152
1984-04-17,14.114,152
1984-04-18,14.113,152
1984-04-19,13.992,152
1984-04-20,13.88,152
1984-04-21,13.722,152
1984-04-22,13.746,152
1984-04-23,13.674,152
1984-04-24,13.318,152
1984-04-25,12.937,152
1984-04-26,12.713,152
1984-04-27,12.57,152
1984-04-28,12.414,152
1984-04-29,12.559,152
1984-04-30,12.728,152
1984-05-01,13.494,152
1984-05-02,13.332,152
1984-05-03,13.041,152
1984-05-04,12.836,152
1984-05-05,12.796,152
1984-05-06,12.846,152
1984-05-07,13.052,152
1984-05-08,13.416,152
1984-05-09,13.659,152
1984-05-10,13.639,152
1984-05-11,13.748,152
1984-05-12,14.319,152
1984-05-13,14.633,152
1984-05-14,14.273,152
1984-05-15,13.667,152
1984-05-16,13.606,152
1984-05-17,13.817,152
1984-05-18,14.213,152
1984-05-19,14.61,152
1984-05-20,14.951,152
1984-05-21,15.156,152
1984-05-22,15.552,152
1984-05-23,15.849,152
1984-05-24,15.764,152
1984-05-25,15.441,152
1984-05-26,15.513,152
1984-05-27,15.743,152
1984-05-28,16.166,152
1984-05-29,16.206,152
1984-05-30,16.233,152
1984-05-31,16.296,152
1984-06-01,16.277,152
1984-06-02,16.052,152
1984-06-03,15.974,152
1984-06-04,15.917,152
1984-06-05,16.097,152
1984-06-06,16.07,152
1984-06-07,16.017,152
1984-06-08,15.946,152
1984-06-09,15.848,152
1984-06-10,15.945,152
1984-06-11,15.821,152
1984-06-12,15.698,152
1984-06-13,15.977,152
1984-06-14,15.952,152
1984-06-15,15.949,152
1984-06-16,16.058,152
1984-06-17,16.124,152
1984-06-18,16.175,152
1984-06-19,16.09,152
1984-06-20,15.846,152
1984-06-21,15.764,152
1984-06-22,15.73,152
1984-06-23,15.79,152
1984-06-24,15.987,152
1984-06-25,16.225,152
1984-06-26,16.356,152
1984-06-27,16.344,152
1984-06-28,16.557,152
1984-06-29,16.643,152
1984-06-30,16.661,152
1984-07-01,16.567,152
1984-07-02,16.399,152
1984-07-03,16.62,152
1984-07-04,16.652,152
1984-07-05,16.689,152
1984-07-06,16.882,152
1984-07-07,16.978,152
1984-07-08,18.224,152
1984-07-09,17.991,152
1984-07-10,17.825,152
1984-07-11,17.707,152
1984-07-12,17.888,152
1984-07-13,17.963,152
1984-07-14,17.908,152
1984-07-15,18.223,152
1984-07-16,18.287,152
1984-07-17,18.288,152
1984-07-18,18.214,152
1984-07-19,18.24,152
1984-07-20,18.269,152
1984-07-21,18.367,152
1984-07-22,18.526,152
1984-07-23,19.438,152
1984-07-24,19.397,152
1984-07-25,19.35,152
1984-07-26,19.329,152
1984-07-27,19.221,152
1984-07-28,19.235,152
1984-07-29,19.278,152
1984-07-30,18.925,152
1984-07-31,18.877,152
1984-08-01,18.761,152
1984-08-02,18.604,152
1984-08-03,18.601,152
1984-08-04,18.618,152
1984-08-05,18.546,152
1984-08-06,18.458,152
1984-08-07,18.54,152
1984-08-08,18.607,152
1984-08-09,18.741,152
1984-08-10,18.778,152
1984-08-11,19.611,152
1984-08-12,20.336,152
1984-08-13,20.438,152
1984-08-14,20.387,152
1984-08-15,20.987,152
1984-08-16,20.916,152
1984-08-17,20.82,152
1984-08-18,20.789,152
1984-08-19,20.488,152
1984-08-20,20.359,152
1984-08-21,20.3,152
1984-08-22,20.394,152
1984-08-23,20.214,152
1984-08-24,20.159,152
1984-08-25,20.106,152
1984-08-26,20.057,152
1984-08-27,20.931,152
1984-08-28,20.882,152
1984-08-29,20.553,152
1984-08-30,19.864,152
1984-08-31,19.335,152
1984-09-01,19.228,152
1984-09-02,19.109,152
1984-09-03,19.389,152
1984-09-04,19.994,152
1984-09-05,20.158,152
1984-09-06,20.135,152
1984-09-07,20.058,152
1984-09-08,20.122,152
1984-09-09,20.061,152
1984-09-10,20.046,152
1984-09-11,20.271,152
1984-09-12,20.261,152
1984-09-13,20.577,152
1984-09-14,20.657,152
1984-09-15,20.602,152
1984-09-16,20.458,152
1984-09-17,21.185,152
1984-09-18,21.405,152
1984-09-19,21.178,152
1984-09-20,20.777,152
1984-09-21,19.597,152
1984-09-22,19.065,152
1984-09-23,19.355,152
1984-09-24,19.636,152
1984-09-25,20.061,152
1984-09-26,20.165,152
1984-09-27,20.033,152
1984-09-28,19.937,152
1984-09-29,19.908,152
1984-09-30,19.718,152
1984-10-01,19.327,152
1984-10-02,18.754,152
1984-10-03,18.39,152
1984-10-04,18.286,152
1984-10-05,18.259,152
1984-10-06,18.286,152
1984-10-07,18.284,152
1984-10-08,18.381,152
1984-10-09,18.44,152
1984-10-10,18.342,152
1984-10-11,17.934,152
1984-10-12,17.915,152
1984-10-13,17.95,152
1984-10-14,17.771,152
1984-10-15,16.914,152
1984-10-16,16.862,152
1984-10-17,16.883,152
1984-10-18,16.744,152
1984-10-19,15.959,152
1984-10-20,15.807,152
1984-10-21,15.788,152
1984-10-22,15.982,152
1984-10-23,16.047,152
1984-10-24,16.383,152
1984-10-25,16.601,152
1984-10-26,16.665,152
1984-10-27,15.758,152
1984-10-28,15.682,152
1984-10-29,15.599,152
1984-10-30,15.563,152
1984-10-31,15.675,152
1984-11-01,15.901,152
1984-11-02,16.202,152
1984-11-03,16.353,152
1984-11-04,16.395,152
1984-11-05,16.312,152
1984-11-06,16.388,152
1984-11-07,16.452,152
1984-11-08,16.386,152
1984-11-09,16.245,152
1984-11-10,16.046,152
1984-11-11,16.039,152
1984-11-12,16.076,152
1984-11-13,16.069,152
1984-11-14,16.034,152
1984-11-15,15.972,152
1984-11-16,16.188,152
1984-11-17,16.429,152
1984-11-18,16.474,152
1984-11-19,16.386,152
1984-11-20,16.026,152
1984-11-21,15.823,152
1984-11-22,15.22,152
1984-11-23,15.066,152
1984-11-24,15.063,152
1984-11-25,14.917,152
1984-11-26,14.879,152
1984-11-27,14.872,152
1984-11-28,14.749,152
1984-11-29,14.74,152
1984-11-30,14.525,152
1984-12-01,14.453,152
1984-12-02,14.437,152
1984-12-03,14.474,152
1984-12-04,14.613,152
1984-12-05,14.694,152
1984-12-06,14.698,152
1984-12-07,14.589,152
1984-12-08,14.609,152
1984-12-09,14.683,152
1984-12-10,14.796,152
1984-12-11,14.878,152
1984-12-12,14.879,152
1984-12-13,14.389,152
1984-12-14,13.984,152
1984-12-15,13.687,152
1984-12-16,13.591,152
1984-12-17,13.582,152
1984-12-18,13.542,152
1984-12-19,13.749,152
1984-12-20,13.82,152
1984-12-21,13.836,152
1984-12-22,13.796,152
1984-12-23,13.584,152
1984-12-24,13.605,152
1984-12-25,13.644,152
1984-12-26,13.687,152
1984-12-27,13.723,152
1984-12-28,13.633,152
1984-12-29,13.737,152
1984-12-30,13.644,152
1984-12-31,13.818,152
1985-01-01,14.132,152
1985-01-02,14.295,152
1985-01-03,14.206,152
1985-01-04,13.637,152
1985-01-05,13.653,152
1985-01-06,13.699,152
1985-01-07,13.788,152
1985-01-08,13.783,152
1985-01-09,13.744,152
1985-01-10,13.786,152
1985-01-11,13.698,152
1985-01-12,13.6,152
1985-01-13,13.525,152
1985-01-14,13.707,152
1985-01-15,13.666,152
1985-01-16,13.533,152
1985-01-17,13.716,152
1985-01-18,13.81,152
1985-01-19,13.841,152
1985-01-20,13.812,152
1985-01-21,13.885,152
1985-01-22,13.854,152
1985-01-23,13.74,152
1985-01-24,13.761,152
1985-01-25,13.742,152
1985-01-26,13.684,152
1985-01-27,13.618,152
1985-01-28,13.545,152
1985-01-29,13.489,152
1985-01-30,13.485,152
1985-01-31,13.405,152
1985-02-01,13.247,152
1985-02-02,13.105,152
1985-02-03,12.965,152
1985-02-04,13.057,152
1985-02-05,13.08,152
1985-02-06,13.11,152
1985-02-07,13.075,152
1985-02-08,13.05,152
1985-02-09,13.094,152
1985-02-10,13.132,152
1985-02-11,13.167,152
1985-02-12,13.195,152
1985-02-13,13.568,152
1985-02-14,13.465,152
1985-02-15,13.36,152
1985-02-16,13.323,152
1985-02-17,13.35,152
1985-02-18,13.361,152
1985-02-19,13.385,152
1985-02-20,13.194,152
1985-02-21,13.154,152
1985-02-22,13.122,152
1985-02-23,13.213,152
1985-02-24,13.273,152
1985-02-25,13.265,152
1985-02-26,13.438,152
1985-02-27,13.615,152
1985-02-28,13.628,152
1985-03-01,13.619,152
1985-03-02,13.114,152
1985-03-03,12.895,152
1985-03-04,12.816,152
1985-03-05,12.76,152
1985-03-06,13.086,152
1985-03-07,13.097,152
1985-03-08,13.097,152
1985-03-09,13.434,152
1985-03-10,13.58,152
1985-03-11,13.733,152
1985-03-12,13.732,152
1985-03-13,13.608,152
1985-03-14,13.293,152
1985-03-15,13.25,152
1985-03-16,12.637,152
1985-03-17,12.517,152
1985-03-18,12.595,152
1985-03-19,12.596,152
1985-03-20,12.542,152
1985-03-21,12.482,152
1985-03-22,12.38,152
1985-03-23,12.275,152
1985-03-24,12.215,152
1985-03-25,12.132,152
1985-03-26,11.975,152
1985-03-27,12.264,152
1985-03-28,12.165,152
1985-03-29,12.402,152
1985-03-30,12.734,152
1985-03-31,13.013,152
1985-04-01,13.817,152
1985-04-02,14.754,152
1985-04-03,14.609,152
1985-04-04,14.093,152
1985-04-05,13.992,152
1985-04-06,13.138,152
1985-04-07,12.949,152
1985-04-08,12.888,152
1985-04-09,12.852,152
1985-04-10,12.558,152
1985-04-11,12.521,152
1985-04-12,13.374,152
1985-04-13,14.312,152
1985-04-14,14.942,152
1985-04-15,14.869,152
1985-04-16,14.12,152
1985-04-17,13.728,152
1985-04-18,13.462,152
1985-04-19,13.217,152
1985-04-20,12.961,152
1985-04-21,12.846,152
1985-04-22,12.598,152
1985-04-23,12.62,152
1985-04-24,12.61,152
1985-04-25,12.532,152
1985-04-26,12.379,152
1985-04-27,12.409,152
1985-04-28,12.536,152
1985-04-29,12.568,152
1985-04-30,12.742,152
1985-05-01,12.769,152
1985-05-02,12.837,152
1985-05-03,12.761,152
1985-05-04,12.721,152
1985-05-05,12.725,152
1985-05-06,12.938,152
1985-05-07,13.006,152
1985-05-08,13.114,152
1985-05-09,13.167,152
1985-05-10,13.027,152
1985-05-11,12.809,152
1985-05-12,12.603,152
1985-05-13,12.608,152
1985-05-14,12.753,152
1985-05-15,13.118,152
1985-05-16,13.758,152
1985-05-17,13.479,152
1985-05-18,13.277,152
1985-05-19,13.016,152
1985-05-20,12.95,152
1985-05-21,12.946,152
1985-05-22,12.977,152
1985-05-23,13.113,152
1985-05-24,13.159,152
1985-05-25,13.257,152
1985-05-26,13.298,152
1985-05-27,13.552,152
1985-05-28,13.661,152
1985-05-29,13.686,152
1985-05-30,13.854,152
1985-05-31,14.198,152
1985-06-01,14.236,152
1985-06-02,14.138,152
1985-06-03,14.097,152
1985-06-04,14.144,152
1985-06-05,14.017,152
1985-06-06,13.825,152
1985-06-07,14.077,152
1985-06-08,14.408,152
1985-06-09,14.548,152
1985-06-10,14.621,152
1985-06-11,14.689,152
1985-06-12,14.812,152
1985-06-13,14.893,152
1985-06-14,14.937,152
1985-06-15,15.063,152
1985-06-16,15.189,152
1985-06-17,15.375,152
1985-06-18,15.44,152
1985-06-19,15.44,152
1985-06-20,15.6,152
1985-06-21,16.384,152
1985-06-22,16.277,152
1985-06-23,16.183,152
1985-06-24,16.161,152
1985-06-25,16.272,152
1985-06-26,16.161,152
1985-06-27,16.133,152
1985-06-28,16.048,152
1985-06-29,16.164,152
1985-06-30,16.901,152
1985-07-01,16.955,152
1985-07-02,16.966,152
1985-07-03,16.531,152
1985-07-04,16.129,152
1985-07-05,16.034,152
1985-07-06,16.173,152
1985-07-07,16.604,152
1985-07-08,16.616,152
1985-07-09,16.638,152
1985-07-10,17.905,152
1985-07-11,17.987,152
1985-07-12,17.973,152
1985-07-13,17.744,152
1985-07-14,17.677,152
1985-07-15,17.577,152
1985-07-16,17.491,152
1985-07-17,17.206,152
1985-07-18,17.454,152
1985-07-19,17.66,152
1985-07-20,17.576,152
1985-07-21,17.54,152
1985-07-22,17.435,152
1985-07-23,17.423,152
1985-07-24,17.5,152
1985-07-25,17.641,152
1985-07-26,17.689,152
1985-07-27,17.362,152
1985-07-28,17.324,152
1985-07-29,17.358,152
1985-07-30,17.456,152
1985-07-31,17.391,152
1985-08-01,17.299,152
1985-08-02,17.342,152
1985-08-03,17.415,152
1985-08-04,17.729,152
1985-08-05,18.071,152
1985-08-06,17.804,152
1985-08-07,17.856,152
1985-08-08,17.837,152
1985-08-09,18.053,152
1985-08-10,18.088,152
1985-08-11,18.007,152
1985-08-12,18.087,152
1985-08-13,18.731,152
1985-08-14,18.552,152
1985-08-15,18.482,152
1985-08-16,18.425,152
1985-08-17,17.836,152
1985-08-18,17.842,152
1985-08-19,17.783,152
1985-08-20,17.77,152
1985-08-21,17.708,152
1985-08-22,17.53,152
1985-08-23,17.475,152
1985-08-24,17.407,152
1985-08-25,17.347,152
1985-08-26,17.491,152
1985-08-27,17.774,152
1985-08-28,18.21,152
1985-08-29,18.103,152
1985-08-30,18.159,152
1985-08-31,18.411,152
1985-09-01,18.5,152
1985-09-02,18.373,152
1985-09-03,18.211,152
1985-09-04,18.252,152
1985-09-05,18.685,152
1985-09-06,19.181,152
1985-09-07,19.408,152
1985-09-08,19.226,152
1985-09-09,18.905,152
1985-09-10,18.634,152
1985-09-11,18.534,152
1985-09-12,18.821,152
1985-09-13,18.943,152
1985-09-14,18.769,152
1985-09-15,17.986,152
1985-09-16,17.682,152
1985-09-17,17.58,152
1985-09-18,17.609,152
1985-09-19,17.616,152
1985-09-20,17.718,152
1985-09-21,17.752,152
1985-09-22,17.791,152
1985-09-23,17.922,152
1985-09-24,18.377,152
1985-09-25,18.576,152
1985-09-26,18.723,152
1985-09-27,18.381,152
1985-09-28,18.315,152
1985-09-29,18.208,152
1985-09-30,18.164,152
1985-10-01,18.197,152
1985-10-02,18.446,152
1985-10-03,18.923,152
1985-10-04,19.49,152
1985-10-05,19.322,152
1985-10-06,18.536,152
1985-10-07,18.258,152
1985-10-08,17.876,152
1985-10-09,17.683,152
1985-10-10,17.618,152
1985-10-11,17.576,152
1985-10-12,17.519,152
1985-10-13,17.514,152
1985-10-14,17.581,152
1985-10-15,17.299,152
1985-10-16,16.969,152
1985-10-17,16.896,152
1985-10-18,17,152
1985-10-19,17.075,152
1985-10-20,17.03,152
1985-10-21,16.947,152
1985-10-22,17.537,152
1985-10-23,17.589,152
1985-10-24,17.505,152
1985-10-25,17.368,152
1985-10-26,17.317,152
1985-10-27,17.233,152
1985-10-28,17.229,152
1985-10-29,17.22,152
1985-10-30,17.107,152
1985-10-31,17.022,152
1985-11-01,17.272,152
1985-11-02,17.714,152
1985-11-03,17.624,152
1985-11-04,17.136,152
1985-11-05,17.082,152
1985-11-06,17.139,152
1985-11-07,17.149,152
1985-11-08,16.996,152
1985-11-09,16.623,152
1985-11-10,16.587,152
1985-11-11,16.57,152
1985-11-12,15.965,152
1985-11-13,15.769,152
1985-11-14,15.664,152
1985-11-15,15.652,152
1985-11-16,15.476,152
1985-11-17,14.973,152
1985-11-18,14.497,152
1985-11-19,14.341,152
1985-11-20,14.317,152
1985-11-21,14.316,152
1985-11-22,14.076,152
1985-11-23,13.732,152
1985-11-24,13.637,152
1985-11-25,13.927,152
1985-11-26,13.918,152
1985-11-27,13.958,152
1985-11-28,14.485,152
1985-11-29,14.285,152
1985-11-30,14.023,152
1985-12-01,13.972,152
1985-12-02,13.657,152
1985-12-03,14.084,152
1985-12-04,14.252,152
1985-12-05,14.321,152
1985-12-06,14.341,152
1985-12-07,14.416,152
1985-12-08,14.485,152
1985-12-09,14.27,152
1985-12-10,13.941,152
1985-12-11,13.61,152
1985-12-12,13.404,152
1985-12-13,13.329,152
1985-12-14,13.316,152
1985-12-15,13.856,152
1985-12-16,14.013,152
1985-12-17,14.06,152
1985-12-18,14.188,152
1985-12-19,14.235,152
1985-12-20,13.874,152
1985-12-21,13.581,152
1985-12-22,13.468,152
1985-12-23,13.172,152
1985-12-24,13.419,152
1985-12-25,13.592,152
1985-12-26,13.685,152
1985-12-27,13.792,152
1985-12-28,13.757,152
1985-12-29,13.762,152
1985-12-30,13.809,152
1985-12-31,13.853,152
1986-01-01,13.928,152
1986-01-02,13.983,152
1986-01-03,14.032,152
1986-01-04,14.181,152
1986-01-05,14.542,152
1986-01-06,14.625,152
1986-01-07,14.594,152
1986-01-08,14.135,152
1986-01-09,14.099,152
1986-01-10,14.232,152
1986-01-11,14.335,152
1986-01-12,14.35,152
1986-01-13,14.312,152
1986-01-14,14.273,152
1986-01-15,14.205,152
1986-01-16,14.204,152
1986-01-17,14.068,152
1986-01-18,14.178,152
1986-01-19,14.296,152
1986-01-20,14.372,152
1986-01-21,14.252,152
1986-01-22,14.2,152
1986-01-23,14.332,152
1986-01-24,14.486,152
1986-01-25,14.747,152
1986-01-26,14.664,152
1986-01-27,14.325,152
1986-01-28,14.219,152
1986-01-29,14.172,152
1986-01-30,14.253,152
1986-01-31,14.175,152
1986-02-01,14.204,152
1986-02-02,14.299,152
1986-02-03,14.495,152
1986-02-04,14.459,152
1986-02-05,14.253,152
1986-02-06,14.118,152
1986-02-07,13.953,152
1986-02-08,13.974,152
1986-02-09,13.898,152
1986-02-10,13.817,152
1986-02-11,13.689,152
1986-02-12,13.687,152
1986-02-13,13.725,152
1986-02-14,13.793,152
1986-02-15,13.84,152
1986-02-16,13.753,152
1986-02-17,13.728,152
1986-02-18,14.043,152
1986-02-19,14.628,152
1986-02-20,14.692,152
1986-02-21,14.703,152
1986-02-22,14.682,152
1986-02-23,14.679,152
1986-02-24,14.715,152
1986-02-25,14.727,152
1986-02-26,14.699,152
1986-02-27,14.487,152
1986-02-28,14.396,152
1986-03-01,14.423,152
1986-03-02,14.687,152
1986-03-03,14.738,152
1986-03-04,14.722,152
1986-03-05,14.658,152
1986-03-06,14.595,152
1986-03-07,14.576,152
1986-03-08,14.64,152
1986-03-09,14.653,152
1986-03-10,14.543,152
1986-03-11,14.386,152
1986-03-12,14.361,152
1986-03-13,14.244,152
1986-03-14,14.151,152
1986-03-15,13.99,152
1986-03-16,13.82,152
1986-03-17,13.758,152
1986-03-18,13.749,152
1986-03-19,14.309,152
1986-03-20,14.914,152
1986-03-21,14.912,152
1986-03-22,14.507,152
1986-03-23,14.328,152
1986-03-24,14.168,152
1986-03-25,13.791,152
1986-03-26,13.65,152
1986-03-27,13.573,152
1986-03-28,13.537,152
1986-03-29,13.656,152
1986-03-30,13.766,152
1986-03-31,13.87,152
1986-04-01,13.837,152
1986-04-02,13.462,152
1986-04-03,13.308,152
1986-04-04,13.208,152
1986-04-05,13.556,152
1986-04-06,13.744,152
1986-04-07,13.571,152
1986-04-08,14.135,152
1986-04-09,14.338,152
1986-04-10,14.44,152
1986-04-11,14.347,152
1986-04-12,14.171,152
1986-04-13,14.101,152
1986-04-14,14.124,152
1986-04-15,14.039,152
1986-04-16,13.977,152
1986-04-17,13.849,152
1986-04-18,13.747,152
1986-04-19,13.766,152
1986-04-20,14.244,152
1986-04-21,14.342,152
1986-04-22,14.255,152
1986-04-23,13.634,152
1986-04-24,13.32,152
1986-04-25,13.277,152
1986-04-26,14.048,152
1986-04-27,14.469,152
1986-04-28,14.502,152
1986-04-29,14.289,152
1986-04-30,14.062,152
1986-05-01,14.061,152
1986-05-02,15.122,152
1986-05-03,14.848,152
1986-05-04,14.55,152
1986-05-05,14.231,152
1986-05-06,13.772,152
1986-05-07,13.106,152
1986-05-08,13.111,152
1986-05-09,13.232,152
1986-05-10,13.201,152
1986-05-11,13.066,152
1986-05-12,13.089,152
1986-05-13,13.19,152
1986-05-14,13.34,152
1986-05-15,13.223,152
1986-05-16,13.322,152
1986-05-17,13.481,152
1986-05-18,13.821,152
1986-05-19,13.829,152
1986-05-20,13.736,152
1986-05-21,13.7,152
1986-05-22,13.715,152
1986-05-23,13.802,152
1986-05-24,13.913,152
1986-05-25,14.036,152
1986-05-26,14.047,152
1986-05-27,14.136,152
1986-05-28,14.223,152
1986-05-29,14.182,152
1986-05-30,14.187,152
1986-05-31,14.261,152
1986-06-01,14.322,152
1986-06-02,14.213,152
1986-06-03,14.233,152
1986-06-04,14.406,152
1986-06-05,14.704,152
1986-06-06,14.485,152
1986-06-07,14.199,152
1986-06-08,14.129,152
1986-06-09,14.103,152
1986-06-10,14.268,152
1986-06-11,15.102,152
1986-06-12,15.188,152
1986-06-13,15.232,152
1986-06-14,15.411,152
1986-06-15,15.5,152
1986-06-16,15.288,152
1986-06-17,15.164,152
1986-06-18,14.985,152
1986-06-19,15.023,152
1986-06-20,15.126,152
1986-06-21,15.049,152
1986-06-22,14.91,152
1986-06-23,14.98,152
1986-06-24,15.018,152
1986-06-25,15.032,152
1986-06-26,14.953,152
1986-06-27,15.125,152
1986-06-28,15.029,152
1986-06-29,15.084,152
1986-06-30,15.158,152
1986-07-01,15.245,152
1986-07-02,16.074,152
1986-07-03,16.784,152
1986-07-04,16.943,152
1986-07-05,16.97,152
1986-07-06,17.124,152
1986-07-07,17.237,152
1986-07-08,17.416,152
1986-07-09,17.014,152
1986-07-10,16.943,152
1986-07-11,17.068,152
1986-07-12,17.726,152
1986-07-13,17.814,152
1986-07-14,17.801,152
1986-07-15,17.753,152
1986-07-16,17.572,152
1986-07-17,17.426,152
1986-07-18,17.057,152
1986-07-19,16.849,152
1986-07-20,16.837,152
1986-07-21,17.109,152
1986-07-22,17.359,152
1986-07-23,17.292,152
1986-07-24,17.337,152
1986-07-25,17.076,152
1986-07-26,16.999,152
1986-07-27,17.026,152
1986-07-28,16.613,152
1986-07-29,16.627,152
1986-07-30,16.653,152
1986-07-31,16.694,152
1986-08-01,16.733,152
1986-08-02,16.781,152
1986-08-03,16.904,152
1986-08-04,17.091,152
1986-08-05,17.185,152
1986-08-06,17.264,152
1986-08-07,16.616,152
1986-08-08,16.489,152
1986-08-09,16.366,152
1986-08-10,16.307,152
1986-08-11,16.315,152
1986-08-12,16.47,152
1986-08-13,16.54,152
1986-08-14,16.599,152
1986-08-15,16.54,152
1986-08-16,16.588,152
1986-08-17,16.474,152
1986-08-18,16.344,152
1986-08-19,16.399,152
1986-08-20,16.241,152
1986-08-21,16.508,152
1986-08-22,16.489,152
1986-08-23,16.496,152
1986-08-24,16.303,152
1986-08-25,16.698,152
1986-08-26,16.865,152
1986-08-27,16.916,152
1986-08-28,16.977,152
1986-08-29,16.831,152
1986-08-30,16.586,152
1986-08-31,16.497,152
1986-09-01,16.488,152
1986-09-02,16.739,152
1986-09-03,17.386,152
1986-09-04,17.44,152
1986-09-05,17.417,152
1986-09-06,17.562,152
1986-09-07,17.767,152
1986-09-08,17.529,152
1986-09-09,17.062,152
1986-09-10,16.936,152
1986-09-11,17.323,152
1986-09-12,17.931,152
1986-09-13,17.95,152
1986-09-14,17.729,152
1986-09-15,17.742,152
1986-09-16,17.85,152
1986-09-17,17.582,152
1986-09-18,16.961,152
1986-09-19,16.54,152
1986-09-20,16.266,152
1986-09-21,16.361,152
1986-09-22,16.615,152
1986-09-23,16.793,152
1986-09-24,16.72,152
1986-09-25,16.6,152
1986-09-26,16.359,152
1986-09-27,16.288,152
1986-09-28,16.251,152
1986-09-29,16.38,152
1986-09-30,16.452,152
1986-10-01,16.529,152
1986-10-02,16.737,152
1986-10-03,17.257,152
1986-10-04,17.886,152
1986-10-05,17.887,152
1986-10-06,17.48,152
1986-10-07,17.263,152
1986-10-08,17.582,152
1986-10-09,17.709,152
1986-10-10,17.732,152
1986-10-11,18.048,152
1986-10-12,18.173,152
1986-10-13,18.263,152
1986-10-14,18.419,152
1986-10-15,17.93,152
1986-10-16,17.591,152
1986-10-17,17.53,152
1986-10-18,17.335,152
1986-10-19,17.264,152
1986-10-20,17.356,152
1986-10-21,17.44,152
1986-10-22,17.765,152
1986-10-23,17.872,152
1986-10-24,17.748,152
1986-10-25,17.704,152
1986-10-26,17.816,152
1986-10-27,17.878,152
1986-10-28,17.865,152
1986-10-29,17.6,152
1986-10-30,17.448,152
1986-10-31,17.307,152
1986-11-01,17.301,152
1986-11-02,17.083,152
1986-11-03,16.769,152
1986-11-04,16.713,152
1986-11-05,16.629,152
1986-11-06,16.393,152
1986-11-07,16.317,152
1986-11-08,16.263,152
1986-11-09,16.282,152
1986-11-10,16.261,152
1986-11-11,16.399,152
1986-11-12,16.495,152
1986-11-13,16.512,152
1986-11-14,16.526,152
1986-11-15,16.421,152
1986-11-16,16.306,152
1986-11-17,16.27,152
1986-11-18,17.016,152
1986-11-19,17.414,152
1986-11-20,17.499,152
1986-11-21,16.754,152
1986-11-22,16.408,152
1986-11-23,16.259,152
1986-11-24,16.145,152
1986-11-25,16.135,152
1986-11-26,16.115,152
1986-11-27,16.073,152
1986-11-28,16.046,152
1986-11-29,16.015,152
1986-11-30,15.971,152
1986-12-01,16.003,152
1986-12-02,16.461,152
1986-12-03,16.56,152
1986-12-04,16.557,152
1986-12-05,16.49,152
1986-12-06,16.483,152
1986-12-07,16.556,152
1986-12-08,16.577,152
1986-12-09,16.531,152
1986-12-10,16.472,152
1986-12-11,16.41,152
1986-12-12,16.352,152
1986-12-13,16.269,152
1986-12-14,16.202,152
1986-12-15,16.038,152
1986-12-16,16.544,152
1986-12-17,16.783,152
1986-12-18,16.75,152
1986-12-19,16.402,152
1986-12-20,16.151,152
1986-12-21,16.089,152
1986-12-22,16.027,152
1986-12-23,16.022,152
1986-12-24,15.925,152
1986-12-25,15.804,152
1986-12-26,15.666,152
1986-12-27,15.573,152
1986-12-28,15.589,152
1986-12-29,15.619,152
1986-12-30,15.61,152
1986-12-31,15.584,152
1987-01-01,15.495,152
1987-01-02,15.298,152
1987-01-03,15.262,152
1987-01-04,15.25,152
1987-01-05,15.209,152
1987-01-06,15.152,152
1987-01-07,14.729,152
1987-01-08,14.609,152
1987-01-09,14.323,152
1987-01-10,14.245,152
1987-01-11,14.309,152
1987-01-12,14.386,152
1987-01-13,14.308,152
1987-01-14,14.129,152
1987-01-15,14.023,152
1987-01-16,13.564,152
1987-01-17,13.418,152
1987-01-18,13.419,152
1987-01-19,13.411,152
1987-01-20,13.369,152
1987-01-21,13.325,152
1987-01-22,13.371,152
1987-01-23,13.738,152
1987-01-24,13.9,152
1987-01-25,13.76,152
1987-01-26,13.663,152
1987-01-27,13.728,152
1987-01-28,13.778,152
1987-01-29,13.752,152
1987-01-30,13.793,152
1987-01-31,13.972,152
1987-02-01,14.071,152
1987-02-02,14.226,152
1987-02-03,14.009,152
1987-02-04,13.812,152
1987-02-05,13.843,152
1987-02-06,13.901,152
1987-02-07,13.906,152
1987-02-08,13.813,152
1987-02-09,13.859,152
1987-02-10,13.963,152
1987-02-11,14.032,152
1987-02-12,14.063,152
1987-02-13,14.453,152
1987-02-14,14.659,152
1987-02-15,14.539,152
1987-02-16,14.409,152
1987-02-17,14.343,152
1987-02-18,14.231,152
1987-02-19,14.019,152
1987-02-20,13.777,152
1987-02-21,13.693,152
1987-02-22,13.711,152
1987-02-23,13.661,152
1987-02-24,13.528,152
1987-02-25,13.547,152
1987-02-26,13.398,152
1987-02-27,13.354,152
1987-02-28,13.318,152
1987-03-01,13.17,152
1987-03-02,13.134,152
1987-03-03,13.208,152
1987-03-04,13.321,152
1987-03-05,13.372,152
1987-03-06,13.977,152
1987-03-07,14.144,152
1987-03-08,14.192,152
1987-03-09,13.937,152
1987-03-10,13.839,152
1987-03-11,13.741,152
1987-03-12,14.186,152
1987-03-13,14.153,152
1987-03-14,13.824,152
1987-03-15,13.5,152
1987-03-16,13.431,152
1987-03-17,13.386,152
1987-03-18,13.358,152
1987-03-19,13.283,152
1987-03-20,13.042,152
1987-03-21,12.95,152
1987-03-22,12.801,152
1987-03-23,12.522,152
1987-03-24,12.302,152
1987-03-25,12.25,152
1987-03-26,12.227,152
1987-03-27,12.145,152
1987-03-28,12.173,152
1987-03-29,12.26,152
1987-03-30,12.419,152
1987-03-31,12.648,152
1987-04-01,13.026,152
1987-04-02,13.014,152
1987-04-03,12.926,152
1987-04-04,12.81,152
1987-04-05,12.67,152
1987-04-06,12.539,152
1987-04-07,12.607,152
1987-04-08,12.9,152
1987-04-09,13.425,152
1987-04-10,13.532,152
1987-04-11,13.084,152
1987-04-12,12.826,152
1987-04-13,12.829,152
1987-04-14,12.938,152
1987-04-15,13.011,152
1987-04-16,13.096,152
1987-04-17,13.283,152
1987-04-18,13.328,152
1987-04-19,13.373,152
1987-04-20,13.543,152
1987-04-21,13.688,152
1987-04-22,13.762,152
1987-04-23,13.879,152
1987-04-24,13.904,152
1987-04-25,13.95,152
1987-04-26,13.986,152
1987-04-27,13.952,152
1987-04-28,14.004,152
1987-04-29,14.731,152
1987-04-30,14.833,152
1987-05-01,14.248,152
1987-05-02,14.003,152
1987-05-03,14.211,152
1987-05-04,14.473,152
1987-05-05,14.51,152
1987-05-06,14.663,152
1987-05-07,14.632,152
1987-05-08,14.787,152
1987-05-09,14.852,152
1987-05-10,14.888,152
1987-05-11,14.907,152
1987-05-12,14.936,152
1987-05-13,14.927,152
1987-05-14,14.96,152
1987-05-15,15.061,152
1987-05-16,15.296,152
1987-05-17,15.392,152
1987-05-18,15.422,152
1987-05-19,15.363,152
1987-05-20,15.418,152
1987-05-21,15.698,152
1987-05-22,15.688,152
1987-05-23,15.676,152
1987-05-24,15.633,152
1987-05-25,15.484,152
1987-05-26,15.09,152
1987-05-27,14.782,152
1987-05-28,14.647,152
1987-05-29,14.461,152
1987-05-30,14.114,152
1987-05-31,14.014,152
1987-06-01,13.907,152
1987-06-02,13.775,152
1987-06-03,13.842,152
1987-06-04,13.853,152
1987-06-05,13.836,152
1987-06-06,13.94,152
1987-06-07,14.365,152
1987-06-08,14.627,152
1987-06-09,14.708,152
1987-06-10,14.75,152
1987-06-11,14.742,152
1987-06-12,14.814,152
1987-06-13,14.962,152
1987-06-14,15.394,152
1987-06-15,15.054,152
1987-06-16,14.895,152
1987-06-17,14.877,152
1987-06-18,14.932,152
1987-06-19,14.94,152
1987-06-20,14.852,152
1987-06-21,14.67,152
1987-06-22,14.723,152
1987-06-23,14.512,152
1987-06-24,14.589,152
1987-06-25,14.78,152
1987-06-26,14.937,152
1987-06-27,15.007,152
1987-06-28,15.154,152
1987-06-29,15.302,152
1987-06-30,15.347,152
1987-07-01,15.809,152
1987-07-02,15.623,152
1987-07-03,15.79,152
1987-07-04,15.911,152
1987-07-05,15.975,152
1987-07-06,15.982,152
1987-07-07,15.826,152
1987-07-08,15.775,152
1987-07-09,15.817,152
1987-07-10,16.004,152
1987-07-11,16.219,152
1987-07-12,16.326,152
1987-07-13,16.422,152
1987-07-14,16.437,152
1987-07-15,16.429,152
1987-07-16,16.87,152
1987-07-17,16.533,152
1987-07-18,16.461,152
1987-07-19,16.705,152
1987-07-20,16.962,152
1987-07-21,16.898,152
1987-07-22,16.766,152
1987-07-23,16.615,152
1987-07-24,16.571,152
1987-07-25,16.219,152
1987-07-26,16.281,152
1987-07-27,16.297,152
1987-07-28,16.227,152
1987-07-29,16.052,152
1987-07-30,16.144,152
1987-07-31,16.206,152
1987-08-01,16.24,152
1987-08-02,16.368,152
1987-08-03,16.518,152
1987-08-04,16.914,152
1987-08-05,16.968,152
1987-08-06,17.01,152
1987-08-07,17.033,152
1987-08-08,17.426,152
1987-08-09,17.357,152
1987-08-10,17.536,152
1987-08-11,17.54,152
1987-08-12,17.659,152
1987-08-13,17.667,152
1987-08-14,17.685,152
1987-08-15,17.945,152
1987-08-16,18.027,152
1987-08-17,17.89,152
1987-08-18,17.775,152
1987-08-19,17.586,152
1987-08-20,17.492,152
1987-08-21,17.476,152
1987-08-22,17.499,152
1987-08-23,17.385,152
1987-08-24,17.406,152
1987-08-25,17.538,152
1987-08-26,17.246,152
1987-08-27,16.985,152
1987-08-28,16.943,152
1987-08-29,17.026,152
1987-08-30,17.219,152
1987-08-31,17.185,152
1987-09-01,17.16,152
1987-09-02,17.135,152
1987-09-03,17.361,152
1987-09-04,17.245,152
1987-09-05,17.524,152
1987-09-06,17.545,152
1987-09-07,17.388,152
1987-09-08,17.275,152
1987-09-09,17.356,152
1987-09-10,17.558,152
1987-09-11,17.617,152
1987-09-12,17.729,152
1987-09-13,17.966,152
1987-09-14,17.941,152
1987-09-15,17.907,152
1987-09-16,17.874,152
1987-09-17,17.816,152
1987-09-18,17.621,152
1987-09-19,17.631,152
1987-09-20,17.714,152
1987-09-21,17.82,152
1987-09-22,17.812,152
1987-09-23,18.148,152
1987-09-24,18.205,152
1987-09-25,18.153,152
1987-09-26,18.052,152
1987-09-27,17.927,152
1987-09-28,18.639,152
1987-09-29,18.695,152
1987-09-30,18.721,152
1987-10-01,18.374,152
1987-10-02,18.394,152
1987-10-03,18.863,152
1987-10-04,19.056,152
1987-10-05,19.215,152
1987-10-06,19.339,152
1987-10-07,19.171,152
1987-10-08,18.718,152
1987-10-09,18.672,152
1987-10-10,19.034,152
1987-10-11,18.966,152
1987-10-12,18.654,152
1987-10-13,18.294,152
1987-10-14,17.896,152
1987-10-15,17.455,152
1987-10-16,17.986,152
1987-10-17,18.016,152
1987-10-18,18.004,152
1987-10-19,17.933,152
1987-10-20,17.892,152
1987-10-21,17.853,152
1987-10-22,17.822,152
1987-10-23,17.796,152
1987-10-24,17.944,152
1987-10-25,18.004,152
1987-10-26,18.006,152
1987-10-27,18.209,152
1987-10-28,18.6,152
1987-10-29,18.677,152
1987-10-30,18.65,152
1987-10-31,17.792,152
1987-11-01,17.095,152
1987-11-02,16.988,152
1987-11-03,16.924,152
1987-11-04,16.842,152
1987-11-05,16.975,152
1987-11-06,17.557,152
1987-11-07,17.536,152
1987-11-08,17.375,152
1987-11-09,17.157,152
1987-11-10,17.082,152
1987-11-11,17.055,152
1987-11-12,17.016,152
1987-11-13,16.661,152
1987-11-14,16.612,152
1987-11-15,16.6,152
1987-11-16,16.495,152
1987-11-17,16.87,152
1987-11-18,16.94,152
1987-11-19,16.882,152
1987-11-20,16.523,152
1987-11-21,16.289,152
1987-11-22,16.187,152
1987-11-23,16.107,152
1987-11-24,16.056,152
1987-11-25,15.975,152
1987-11-26,15.854,152
1987-11-27,15.865,152
1987-11-28,15.794,152
1987-11-29,15.629,152
1987-11-30,15.579,152
1987-12-01,15.656,152
1987-12-02,15.771,152
1987-12-03,15.713,152
1987-12-04,15.692,152
1987-12-05,15.606,152
1987-12-06,15.571,152
1987-12-07,15.57,152
1987-12-08,15.423,152
1987-12-09,15.381,152
1987-12-10,15.355,152
1987-12-11,15.22,152
1987-12-12,14.875,152
1987-12-13,14.661,152
1987-12-14,14.44,152
1987-12-15,14.294,152
1987-12-16,14.22,152
1987-12-17,13.512,152
1987-12-18,13.384,152
1987-12-19,13.457,152
1987-12-20,13.652,152
1987-12-21,13.767,152
1987-12-22,13.884,152
1987-12-23,13.904,152
1987-12-24,13.619,152
1987-12-25,13.309,152
1987-12-26,13.203,152
1987-12-27,13.158,152
1987-12-28,13.074,152
1987-12-29,13.03,152
1987-12-30,13.065,152
1987-12-31,13.373,152
1988-01-01,13.669,152
1988-01-02,13.724,152
1988-01-03,13.79,152
1988-01-04,13.32,152
1988-01-05,13.234,152
1988-01-06,13.257,152
1988-01-07,13.277,152
1988-01-08,13.537,152
1988-01-09,13.638,152
1988-01-10,13.723,152
1988-01-11,13.589,152
1988-01-12,13.464,152
1988-01-13,13.493,152
1988-01-14,13.578,152
1988-01-15,13.576,152
1988-01-16,13.565,152
1988-01-17,13.154,152
1988-01-18,13.019,152
1988-01-19,13.031,152
1988-01-20,13.095,152
1988-01-21,13.021,152
1988-01-22,12.898,152
1988-01-23,12.903,152
1988-01-24,12.942,152
1988-01-25,12.985,152
1988-01-26,13.027,152
1988-01-27,13.084,152
1988-01-28,13.269,152
1988-01-29,13.465,152
1988-01-30,13.404,152
1988-01-31,13.361,152
1988-02-01,13.52,152
1988-02-02,13.198,152
1988-02-03,13.143,152
1988-02-04,13.124,152
1988-02-05,13.11,152
1988-02-06,13.332,152
1988-02-07,13.821,152
1988-02-08,13.675,152
1988-02-09,13.542,152
1988-02-10,13.587,152
1988-02-11,13.58,152
1988-02-12,13.58,152
1988-02-13,13.628,152
1988-02-14,13.71,152
1988-02-15,13.783,152
1988-02-16,13.811,152
1988-02-17,13.607,152
1988-02-18,13.42,152
1988-02-19,13.328,152
1988-02-20,13.327,152
1988-02-21,13.423,152
1988-02-22,13.34,152
1988-02-23,13.342,152
1988-02-24,13.526,152
1988-02-25,13.544,152
1988-02-26,13.618,152
1988-02-27,13.928,152
1988-02-28,13.949,152
1988-02-29,13.947,152
1988-03-01,13.962,152
1988-03-02,13.976,152
1988-03-03,13.991,152
1988-03-04,14.43,152
1988-03-05,14.444,152
1988-03-06,14.318,152
1988-03-07,13.942,152
1988-03-08,14.108,152
1988-03-09,14.138,152
1988-03-10,14.061,152
1988-03-11,13.902,152
1988-03-12,14.136,152
1988-03-13,14.533,152
1988-03-14,14.639,152
1988-03-15,14.211,152
1988-03-16,13.805,152
1988-03-17,13.732,152
1988-03-18,13.802,152
1988-03-19,13.862,152
1988-03-20,13.858,152
1988-03-21,13.863,152
1988-03-22,14.032,152
1988-03-23,14.31,152
1988-03-24,14.458,152
1988-03-25,14.482,152
1988-03-26,14.444,152
1988-03-27,14.111,152
1988-03-28,13.952,152
1988-03-29,13.993,152
1988-03-30,14.032,152
1988-03-31,13.981,152
1988-04-01,14.131,152
1988-04-02,14.591,152
1988-04-03,14.501,152
1988-04-04,14.272,152
1988-04-05,14.284,152
1988-04-06,14.233,152
1988-04-07,14.415,152
1988-04-08,14.401,152
1988-04-09,14.381,152
1988-04-10,14.337,152
1988-04-11,14.267,152
1988-04-12,14.235,152
1988-04-13,14.238,152
1988-04-14,14.622,152
1988-04-15,14.649,152
1988-04-16,14.634,152
1988-04-17,14.52,152
1988-04-18,14.445,152
1988-04-19,14.281,152
1988-04-20,14.237,152
1988-04-21,14.788,152
1988-04-22,14.879,152
1988-04-23,14.445,152
1988-04-24,14.309,152
1988-04-25,14.264,152
1988-04-26,14.155,152
1988-04-27,13.799,152
1988-04-28,14.89,152
1988-04-29,14.666,152
1988-04-30,14.224,152
1988-05-01,13.29,152
1988-05-02,13.174,152
1988-05-03,13.055,152
1988-05-04,12.87,152
1988-05-05,12.804,152
1988-05-06,12.864,152
1988-05-07,12.989,152
1988-05-08,13.107,152
1988-05-09,12.927,152
1988-05-10,13.082,152
1988-05-11,13.111,152
1988-05-12,12.959,152
1988-05-13,12.871,152
1988-05-14,12.737,152
1988-05-15,12.51,152
1988-05-16,12.883,152
1988-05-17,13.111,152
1988-05-18,13.166,152
1988-05-19,13.573,152
1988-05-20,13.858,152
1988-05-21,13.954,152
1988-05-22,14.076,152
1988-05-23,14.253,152
1988-05-24,14.113,152
1988-05-25,13.988,152
1988-05-26,13.92,152
1988-05-27,14.039,152
1988-05-28,14.133,152
1988-05-29,13.303,152
1988-05-30,13.19,152
1988-05-31,13.223,152
1988-06-01,13.189,152
1988-06-02,13.276,152
1988-06-03,13.327,152
1988-06-04,13.31,152
1988-06-05,13.103,152
1988-06-06,12.997,152
1988-06-07,12.926,152
1988-06-08,12.746,152
1988-06-09,12.756,152
1988-06-10,12.907,152
1988-06-11,13.201,152
1988-06-12,13.323,152
1988-06-13,13.158,152
1988-06-14,13.093,152
1988-06-15,13.322,152
1988-06-16,13.545,152
1988-06-17,13.788,152
1988-06-18,13.891,152
1988-06-19,13.95,152
1988-06-20,14.249,152
1988-06-21,14.149,152
1988-06-22,14.111,152
1988-06-23,14.105,152
1988-06-24,14.264,152
1988-06-25,14.801,152
1988-06-26,14.887,152
1988-06-27,14.697,152
1988-06-28,14.555,152
1988-06-29,14.381,152
1988-06-30,14.402,152
1988-07-01,14.525,152
1988-07-02,14.754,152
1988-07-03,14.981,152
1988-07-04,15.439,152
1988-07-05,15.39,152
1988-07-06,15.446,152
1988-07-07,15.531,152
1988-07-08,15.572,152
1988-07-09,15.757,152
1988-07-10,15.962,152
1988-07-11,16.195,152
1988-07-12,16.292,152
1988-07-13,16.384,152
1988-07-14,16.379,152
1988-07-15,16.522,152
1988-07-16,16.519,152
1988-07-17,16.307,152
1988-07-18,16.409,152
1988-07-19,16.57,152
1988-07-20,16.686,152
1988-07-21,16.835,152
1988-07-22,17.206,152
1988-07-23,17.173,152
1988-07-24,17.47,152
1988-07-25,17.617,152
1988-07-26,17.636,152
1988-07-27,17.667,152
1988-07-28,17.69,152
1988-07-29,17.709,152
1988-07-30,17.72,152
1988-07-31,17.823,152
1988-08-01,17.869,152
1988-08-02,17.886,152
1988-08-03,18.85,152
1988-08-04,18.854,152
1988-08-05,18.781,152
1988-08-06,18.707,152
1988-08-07,18.534,152
1988-08-08,18.242,152
1988-08-09,17.94,152
1988-08-10,17.912,152
1988-08-11,17.632,152
1988-08-12,17.624,152
1988-08-13,17.407,152
1988-08-14,17.136,152
1988-08-15,16.759,152
1988-08-16,16.593,152
1988-08-17,16.642,152
1988-08-18,16.697,152
1988-08-19,16.695,152
1988-08-20,16.727,152
1988-08-21,17.144,152
1988-08-22,17.209,152
1988-08-23,17.262,152
1988-08-24,17.331,152
1988-08-25,17.828,152
1988-08-26,17.936,152
1988-08-27,17.983,152
1988-08-28,17.939,152
1988-08-29,17.667,152
1988-08-30,17.642,152
1988-08-31,17.1,152
1988-09-01,16.752,152
1988-09-02,16.663,152
1988-09-03,16.518,152
1988-09-04,16.313,152
1988-09-05,16.102,152
1988-09-06,16.382,152
1988-09-07,16.48,152
1988-09-08,16.594,152
1988-09-09,16.472,152
1988-09-10,16.487,152
1988-09-11,16.515,152
1988-09-12,16.559,152
1988-09-13,16.717,152
1988-09-14,16.787,152
1988-09-15,16.894,152
1988-09-16,16.807,152
1988-09-17,16.685,152
1988-09-18,16.639,152
1988-09-19,16.658,152
1988-09-20,16.776,152
1988-09-21,16.881,152
1988-09-22,16.999,152
1988-09-23,17.067,152
1988-09-24,16.767,152
1988-09-25,16.679,152
1988-09-26,16.502,152
1988-09-27,16.481,152
1988-09-28,16.487,152
1988-09-29,16.533,152
1988-09-30,16.634,152
1988-10-01,16.688,152
1988-10-02,16.668,152
1988-10-03,16.681,152
1988-10-04,16.696,152
1988-10-05,16.728,152
1988-10-06,16.769,152
1988-10-07,16.816,152
1988-10-08,16.821,152
1988-10-09,16.761,152
1988-10-10,16.726,152
1988-10-11,16.654,152
1988-10-12,16.619,152
1988-10-13,17.022,152
1988-10-14,16.851,152
1988-10-15,16.833,152
1988-10-16,16.952,152
1988-10-17,17.075,152
1988-10-18,17.163,152
1988-10-19,16.997,152
1988-10-20,17.038,152
1988-10-21,17.085,152
1988-10-22,17.127,152
1988-10-23,17.071,152
1988-10-24,16.96,152
1988-10-25,16.91,152
1988-10-26,16.865,152
1988-10-27,16.819,152
1988-10-28,16.806,152
1988-10-29,16.886,152
1988-10-30,16.645,152
1988-10-31,16.467,152
1988-11-01,16.233,152
1988-11-02,15.74,152
1988-11-03,15.936,152
1988-11-04,16.188,152
1988-11-05,16.349,152
1988-11-06,16.349,152
1988-11-07,16.021,152
1988-11-08,15.906,152
1988-11-09,15.806,152
1988-11-10,15.803,152
1988-11-11,15.414,152
1988-11-12,15.351,152
1988-11-13,15.304,152
1988-11-14,15.062,152
1988-11-15,14.847,152
1988-11-16,14.707,152
1988-11-17,14.46,152
1988-11-18,14.166,152
1988-11-19,14.015,152
1988-11-20,13.627,152
1988-11-21,13.65,152
1988-11-22,13.689,152
1988-11-23,13.624,152
1988-11-24,13.433,152
1988-11-25,13.27,152
1988-11-26,13.435,152
1988-11-27,13.517,152
1988-11-28,13.507,152
1988-11-29,13.372,152
1988-11-30,13.34,152
1988-12-01,13.229,152
1988-12-02,13.556,152
1988-12-03,13.849,152
1988-12-04,13.714,152
1988-12-05,13.541,152
1988-12-06,13.456,152
1988-12-07,13.432,152
1988-12-08,13.505,152
1988-12-09,13.531,152
1988-12-10,13.546,152
1988-12-11,13.579,152
1988-12-12,13.589,152
1988-12-13,13.582,152
1988-12-14,13.564,152
1988-12-15,13.576,152
1988-12-16,13.735,152
1988-12-17,13.708,152
1988-12-18,13.632,152
1988-12-19,13.57,152
1988-12-20,13.192,152
1988-12-21,13.162,152
1988-12-22,13.24,152
1988-12-23,13.293,152
1988-12-24,13.195,152
1988-12-25,12.946,152
1988-12-26,12.91,152
1988-12-27,12.898,152
1988-12-28,12.696,152
1988-12-29,12.494,152
1988-12-30,12.512,152
1988-12-31,12.66,152
1989-01-01,12.601,152
1989-01-02,12.605,152
1989-01-03,12.682,152
1989-01-04,12.762,152
1989-01-05,12.733,152
1989-01-06,12.589,152
1989-01-07,12.562,152
1989-01-08,12.413,152
1989-01-09,12.348,152
1989-01-10,12.177,152
1989-01-11,11.98,152
1989-01-12,11.826,152
1989-01-13,11.753,152
1989-01-14,11.734,152
1989-01-15,11.776,152
1989-01-16,11.907,152
1989-01-17,12.088,152
1989-01-18,12.331,152
1989-01-19,12.802,152
1989-01-20,13.187,152
1989-01-21,12.361,152
1989-01-22,12.127,152
1989-01-23,12.183,152
1989-01-24,12.269,152
1989-01-25,12.285,152
1989-01-26,12.315,152
1989-01-27,12.343,152
1989-01-28,12.301,152
1989-01-29,12.707,152
1989-01-30,12.433,152
1989-01-31,12.357,152
1989-02-01,12.342,152
1989-02-02,12.401,152
1989-02-03,12.43,152
1989-02-04,12.254,152
1989-02-05,12.178,152
1989-02-06,12.142,152
1989-02-07,12.097,152
1989-02-08,12.113,152
1989-02-09,11.829,152
1989-02-10,11.822,152
1989-02-11,11.862,152
1989-02-12,11.836,152
1989-02-13,11.874,152
1989-02-14,12.076,152
1989-02-15,12.299,152
1989-02-16,12.431,152
1989-02-17,12.292,152
1989-02-18,12.316,152
1989-02-19,12.127,152
1989-02-20,12.303,152
1989-02-21,12.577,152
1989-02-22,12.805,152
1989-02-23,12.784,152
1989-02-24,13.002,152
1989-02-25,12.931,152
1989-02-26,12.79,152
1989-02-27,12.696,152
1989-02-28,12.557,152
1989-03-01,12.583,152
1989-03-02,12.045,152
1989-03-03,11.855,152
1989-03-04,12.082,152
1989-03-05,12.359,152
1989-03-06,12.438,152
1989-03-07,12.326,152
1989-03-08,12.563,152
1989-03-09,12.706,152
1989-03-10,12.732,152
1989-03-11,12.752,152
1989-03-12,12.484,152
1989-03-13,12.37,152
1989-03-14,12.415,152
1989-03-15,12.469,152
1989-03-16,12.421,152
1989-03-17,12.203,152
1989-03-18,12.253,152
1989-03-19,12.473,152
1989-03-20,12.975,152
1989-03-21,13.28,152
1989-03-22,13.456,152
1989-03-23,13.395,152
1989-03-24,13.319,152
1989-03-25,12.785,152
1989-03-26,12.777,152
1989-03-27,12.933,152
1989-03-28,13.197,152
1989-03-29,13.064,152
1989-03-30,12.839,152
1989-03-31,12.867,152
1989-04-01,12.57,152
1989-04-02,12.383,152
1989-04-03,12.487,152
1989-04-04,12.659,152
1989-04-05,12.762,152
1989-04-06,13.286,152
1989-04-07,14.178,152
1989-04-08,14.645,152
1989-04-09,14.662,152
1989-04-10,14.618,152
1989-04-11,14.501,152
1989-04-12,14.633,152
1989-04-13,14.871,152
1989-04-14,14.795,152
1989-04-15,14.757,152
1989-04-16,14.706,152
1989-04-17,14.795,152
1989-04-18,14.73,152
1989-04-19,14.715,152
1989-04-20,14.417,152
1989-04-21,13.953,152
1989-04-22,13.779,152
1989-04-23,13.611,152
1989-04-24,13.545,152
1989-04-25,13.746,152
1989-04-26,14.056,152
1989-04-27,13.888,152
1989-04-28,13.609,152
1989-04-29,13.469,152
1989-04-30,13.891,152
1989-05-01,14.345,152
1989-05-02,14.489,152
1989-05-03,14.601,152
1989-05-04,14.562,152
1989-05-05,14.509,152
1989-05-06,14.351,152
1989-05-07,14.305,152
1989-05-08,14.192,152
1989-05-09,14.032,152
1989-05-10,13.614,152
1989-05-11,13.265,152
1989-05-12,13.171,152
1989-05-13,13.207,152
1989-05-14,13.347,152
1989-05-15,13.747,152
1989-05-16,14.011,152
1989-05-17,14.049,152
1989-05-18,14.033,152
1989-05-19,14.037,152
1989-05-20,13.856,152
1989-05-21,13.623,152
1989-05-22,13.432,152
1989-05-23,13.271,152
1989-05-24,13.061,152
1989-05-25,12.961,152
1989-05-26,13.061,152
1989-05-27,13.318,152
1989-05-28,13.182,152
1989-05-29,12.809,152
1989-05-30,12.633,152
1989-05-31,12.575,152
1989-06-01,13.03,152
1989-06-02,13.122,152
1989-06-03,13.751,152
1989-06-04,14.03,152
1989-06-05,14.126,152
1989-06-06,14.136,152
1989-06-07,13.562,152
1989-06-08,13.357,152
1989-06-09,13.336,152
1989-06-10,13.644,152
1989-06-11,13.95,152
1989-06-12,14.011,152
1989-06-13,14.065,152
1989-06-14,14.189,152
1989-06-15,14.341,152
1989-06-16,14.536,152
1989-06-17,14.658,152
1989-06-18,14.86,152
1989-06-19,14.743,152
1989-06-20,14.915,152
1989-06-21,15.023,152
1989-06-22,15.527,152
1989-06-23,15.426,152
1989-06-24,15.806,152
1989-06-25,16.662,152
1989-06-26,16.705,152
1989-06-27,16.598,152
1989-06-28,17.102,152
1989-06-29,16.964,152
1989-06-30,16.568,152
1989-07-01,16.245,152
1989-07-02,16.131,152
1989-07-03,16.077,152
1989-07-04,15.951,152
1989-07-05,15.961,152
1989-07-06,16.078,152
1989-07-07,16.059,152
1989-07-08,16.266,152
1989-07-09,16.861,152
1989-07-10,16.904,152
1989-07-11,17.008,152
1989-07-12,17.016,152
1989-07-13,16.982,152
1989-07-14,16.778,152
1989-07-15,16.645,152
1989-07-16,16.609,152
1989-07-17,16.757,152
1989-07-18,16.629,152
1989-07-19,16.6,152
1989-07-20,16.542,152
1989-07-21,16.999,152
1989-07-22,17.15,152
1989-07-23,17.159,152
1989-07-24,17.173,152
1989-07-25,16.215,152
1989-07-26,16.14,152
1989-07-27,16.344,152
1989-07-28,16.373,152
1989-07-29,16.324,152
1989-07-30,16.648,152
1989-07-31,16.781,152
1989-08-01,16.863,152
1989-08-02,16.945,152
1989-08-03,17.083,152
1989-08-04,16.695,152
1989-08-05,16.279,152
1989-08-06,16.56,152
1989-08-07,17.029,152
1989-08-08,17.286,152
1989-08-09,17.306,152
1989-08-10,17.116,152
1989-08-11,16.981,152
1989-08-12,16.9,152
1989-08-13,16.883,152
1989-08-14,16.784,152
1989-08-15,16.807,152
1989-08-16,17.233,152
1989-08-17,17.307,152
1989-08-18,17.344,152
1989-08-19,17.439,152
1989-08-20,17.762,152
1989-08-21,17.888,152
1989-08-22,17.952,152
1989-08-23,17.908,152
1989-08-24,18.065,152
1989-08-25,18.063,152
1989-08-26,17.708,152
1989-08-27,17.52,152
1989-08-28,17.483,152
1989-08-29,17.573,152
1989-08-30,17.581,152
1989-08-31,17.492,152
1989-09-01,17.504,152
1989-09-02,17.234,152
1989-09-03,17.066,152
1989-09-04,16.727,152
1989-09-05,16.58,152
1989-09-06,16.581,152
1989-09-07,16.656,152
1989-09-08,16.652,152
1989-09-09,16.487,152
1989-09-10,16.521,152
1989-09-11,16.597,152
1989-09-12,16.773,152
1989-09-13,16.945,152
1989-09-14,17.658,152
1989-09-15,17.838,152
1989-09-16,17.764,152
1989-09-17,17.725,152
1989-09-18,17.773,152
1989-09-19,17.786,152
1989-09-20,17.581,152
1989-09-21,17.192,152
1989-09-22,17.045,152
1989-09-23,16.649,152
1989-09-24,16.616,152
1989-09-25,16.518,152
1989-09-26,16.623,152
1989-09-27,16.707,152
1989-09-28,16.749,152
1989-09-29,16.741,152
1989-09-30,16.928,152
1989-10-01,17.146,152
1989-10-02,17.219,152
1989-10-03,17.318,152
1989-10-04,17.308,152
1989-10-05,17.328,152
1989-10-06,17.327,152
1989-10-07,17.325,152
1989-10-08,17.364,152
1989-10-09,17.612,152
1989-10-10,17.577,152
1989-10-11,17.068,152
1989-10-12,17.074,152
1989-10-13,16.894,152
1989-10-14,16.713,152
1989-10-15,16.641,152
1989-10-16,16.77,152
1989-10-17,17.017,152
1989-10-18,17.269,152
1989-10-19,17.182,152
1989-10-20,17.174,152
1989-10-21,17.251,152
1989-10-22,18.155,152
1989-10-23,18.344,152
1989-10-24,17.913,152
1989-10-25,17.256,152
1989-10-26,16.962,152
1989-10-27,16.712,152
1989-10-28,16.602,152
1989-10-29,16.491,152
1989-10-30,16.309,152
1989-10-31,16.851,152
1989-11-01,16.546,152
1989-11-02,16.303,152
1989-11-03,16.171,152
1989-11-04,16.254,152
1989-11-05,16.437,152
1989-11-06,16.462,152
1989-11-07,16.07,152
1989-11-08,16.131,152
1989-11-09,16.289,152
1989-11-10,16.382,152
1989-11-11,16.422,152
1989-11-12,16.41,152
1989-11-13,16.286,152
1989-11-14,15.981,152
1989-11-15,16.078,152
1989-11-16,16.096,152
1989-11-17,16.153,152
1989-11-18,16.708,152
1989-11-19,16.606,152
1989-11-20,16.536,152
1989-11-21,16.505,152
1989-11-22,16.491,152
1989-11-23,16.414,152
1989-11-24,16.357,152
1989-11-25,15.823,152
1989-11-26,15.44,152
1989-11-27,15.596,152
1989-11-28,15.683,152
1989-11-29,15.752,152
1989-11-30,15.906,152
1989-12-01,16.152,152
1989-12-02,16.267,152
1989-12-03,16.218,152
1989-12-04,16.036,152
1989-12-05,16.057,152
1989-12-06,16.015,152
1989-12-07,15.849,152
1989-12-08,15.728,152
1989-12-09,15.704,152
1989-12-10,15.702,152
1989-12-11,15.565,152
1989-12-12,15.497,152
1989-12-13,15.549,152
1989-12-14,15.856,152
1989-12-15,15.933,152
1989-12-16,15.568,152
1989-12-17,15.419,152
1989-12-18,15.473,152
1989-12-19,15.66,152
1989-12-20,15.673,152
1989-12-21,15.811,152
1989-12-22,15.926,152
1989-12-23,15.888,152
1989-12-24,15.698,152
1989-12-25,15.659,152
1989-12-26,15.493,152
1989-12-27,15.775,152
1989-12-28,15.684,152
1989-12-29,15.625,152
1989-12-30,15.603,152
1989-12-31,15.594,152
1990-01-01,15.516,152
1990-01-02,15.199,152
1990-01-03,14.885,152
1990-01-04,14.705,152
1990-01-05,14.71,152
1990-01-06,14.746,152
1990-01-07,14.811,152
1990-01-08,14.845,152
1990-01-09,14.877,152
1990-01-10,14.851,152
1990-01-11,14.82,152
1990-01-12,14.882,152
1990-01-13,14.474,152
1990-01-14,14.431,152
1990-01-15,14.43,152
1990-01-16,14.376,152
1990-01-17,14.34,152
1990-01-18,14.327,152
1990-01-19,14.269,152
1990-01-20,14.178,152
1990-01-21,14.157,152
1990-01-22,13.996,152
1990-01-23,13.959,152
1990-01-24,14.206,152
1990-01-25,14.555,152
1990-01-26,14.502,152
1990-01-27,14.141,152
1990-01-28,14.192,152
1990-01-29,14.248,152
1990-01-30,14.25,152
1990-01-31,13.915,152
1990-02-01,13.597,152
1990-02-02,13.557,152
1990-02-03,13.475,152
1990-02-04,13.35,152
1990-02-05,13.322,152
1990-02-06,13.265,152
1990-02-07,13.123,152
1990-02-08,13.17,152
1990-02-09,13.016,152
1990-02-10,12.885,152
1990-02-11,12.845,152
1990-02-12,13.157,152
1990-02-13,12.945,152
1990-02-14,12.661,152
1990-02-15,12.419,152
1990-02-16,12.401,152
1990-02-17,12.398,152
1990-02-18,12.503,152
1990-02-19,12.578,152
1990-02-20,12.599,152
1990-02-21,12.971,152
1990-02-22,12.637,152
1990-02-23,12.559,152
1990-02-24,12.523,152
1990-02-25,12.678,152
1990-02-26,13.031,152
1990-02-27,13.007,152
1990-02-28,12.978,152
1990-03-01,12.944,152
1990-03-02,12.957,152
1990-03-03,12.91,152
1990-03-04,12.886,152
1990-03-05,12.995,152
1990-03-06,12.984,152
1990-03-07,12.926,152
1990-03-08,12.746,152
1990-03-09,12.726,152
1990-03-10,12.702,152
1990-03-11,12.628,152
1990-03-12,12.451,152
1990-03-13,12.6,152
1990-03-14,12.719,152
1990-03-15,12.815,152
1990-03-16,12.812,152
1990-03-17,12.704,152
1990-03-18,12.742,152
1990-03-19,13.144,152
1990-03-20,13.11,152
1990-03-21,13.033,152
1990-03-22,12.947,152
1990-03-23,12.87,152
1990-03-24,12.775,152
1990-03-25,12.7,152
1990-03-26,12.716,152
1990-03-27,12.723,152
1990-03-28,12.6,152
1990-03-29,12.613,152
1990-03-30,12.794,152
1990-03-31,12.806,152
1990-04-01,13.33,152
1990-04-02,13.722,152
1990-04-03,13.624,152
1990-04-04,13.2,152
1990-04-05,13.507,152
1990-04-06,14.177,152
1990-04-07,14.184,152
1990-04-08,13.739,152
1990-04-09,13.654,152
1990-04-10,13.797,152
1990-04-11,14.003,152
1990-04-12,14.023,152
1990-04-13,13.871,152
1990-04-14,13.834,152
1990-04-15,13.84,152
1990-04-16,13.964,152
1990-04-17,14.368,152
1990-04-18,14.381,152
1990-04-19,14.513,152
1990-04-20,14.625,152
1990-04-21,14.597,152
1990-04-22,14.456,152
1990-04-23,14.354,152
1990-04-24,14.301,152
1990-04-25,14.229,152
1990-04-26,14.173,152
1990-04-27,14.191,152
1990-04-28,14.301,152
1990-04-29,14.203,152
1990-04-30,14.387,152
1990-05-01,14.793,152
1990-05-02,15.124,152
1990-05-03,14.836,152
1990-05-04,14.897,152
1990-05-05,14.951,152
1990-05-06,14.864,152
1990-05-07,15.003,152
1990-05-08,15.33,152
1990-05-09,15.841,152
1990-05-10,15.547,152
1990-05-11,15.152,152
1990-05-12,15.014,152
1990-05-13,14.908,152
1990-05-14,14.748,152
1990-05-15,14.627,152
1990-05-16,14.697,152
1990-05-17,14.739,152
1990-05-18,14.712,152
1990-05-19,14.681,152
1990-05-20,14.462,152
1990-05-21,14.453,152
1990-05-22,14.513,152
1990-05-23,14.199,152
1990-05-24,14.09,152
1990-05-25,13.887,152
1990-05-26,13.702,152
1990-05-27,13.58,152
1990-05-28,13.735,152
1990-05-29,13.797,152
1990-05-30,13.94,152
1990-05-31,13.87,152
1990-06-01,13.66,152
1990-06-02,13.677,152
1990-06-03,13.765,152
1990-06-04,13.877,152
1990-06-05,13.839,152
1990-06-06,13.942,152
1990-06-07,14.047,152
1990-06-08,14.12,152
1990-06-09,14.249,152
1990-06-10,14.349,152
1990-06-11,14.502,152
1990-06-12,14.354,152
1990-06-13,14.788,152
1990-06-14,15.277,152
1990-06-15,15.529,152
1990-06-16,15.64,152
1990-06-17,15.595,152
1990-06-18,15.549,152
1990-06-19,15.557,152
1990-06-20,15.719,152
1990-06-21,15.823,152
1990-06-22,15.881,152
1990-06-23,15.758,152
1990-06-24,15.532,152
1990-06-25,15.333,152
1990-06-26,15.086,152
1990-06-27,14.911,152
1990-06-28,14.986,152
1990-06-29,14.991,152
1990-06-30,14.962,152
1990-07-01,15.612,152
1990-07-02,15.705,152
1990-07-03,15.697,152
1990-07-04,15.856,152
1990-07-05,16.129,152
1990-07-06,16.188,152
1990-07-07,16.041,152
1990-07-08,16.461,152
1990-07-09,16.576,152
1990-07-10,16.612,152
1990-07-11,17.523,152
1990-07-12,17.665,152
1990-07-13,17.938,152
1990-07-14,18.204,152
1990-07-15,18.33,152
1990-07-16,18.609,152
1990-07-17,18.186,152
1990-07-18,18.56,152
1990-07-19,18.657,152
1990-07-20,18.673,152
1990-07-21,18.027,152
1990-07-22,17.125,152
1990-07-23,16.977,152
1990-07-24,17.756,152
1990-07-25,18.036,152
1990-07-26,18.095,152
1990-07-27,18.144,152
1990-07-28,18.824,152
1990-07-29,18.798,152
1990-07-30,18.72,152
1990-07-31,18.639,152
1990-08-01,18.541,152
1990-08-02,18.455,152
1990-08-03,18.618,152
1990-08-04,18.708,152
1990-08-05,18.594,152
1990-08-06,18.801,152
1990-08-07,18.812,152
1990-08-08,18.816,152
1990-08-09,18.423,152
1990-08-10,18.303,152
1990-08-11,18.189,152
1990-08-12,18.338,152
1990-08-13,18.236,152
1990-08-14,18.11,152
1990-08-15,18.694,152
1990-08-16,18.828,152
1990-08-17,18.692,152
1990-08-18,18.393,152
1990-08-19,18.197,152
1990-08-20,18.248,152
1990-08-21,18.386,152
1990-08-22,18.68,152
1990-08-23,18.223,152
1990-08-24,18.291,152
1990-08-25,18.384,152
1990-08-26,18.537,152
1990-08-27,18.523,152
1990-08-28,18.252,152
1990-08-29,17.804,152
1990-08-30,17.602,152
1990-08-31,17.6,152
1990-09-01,17.682,152
1990-09-02,17.942,152
1990-09-03,18.109,152
1990-09-04,17.945,152
1990-09-05,17.725,152
1990-09-06,17.692,152
1990-09-07,17.703,152
1990-09-08,17.555,152
1990-09-09,17.083,152
1990-09-10,16.795,152
1990-09-11,16.642,152
1990-09-12,16.837,152
1990-09-13,17.081,152
1990-09-14,17.262,152
1990-09-15,17.347,152
1990-09-16,17.449,152
1990-09-17,17.538,152
1990-09-18,17.749,152
1990-09-19,17.867,152
1990-09-20,18.293,152
1990-09-21,19.076,152
1990-09-22,19.572,152
1990-09-23,19.723,152
1990-09-24,19.682,152
1990-09-25,19.513,152
1990-09-26,19.155,152
1990-09-27,18.702,152
1990-09-28,18.333,152
1990-09-29,17.972,152
1990-09-30,17.824,152
1990-10-01,17.852,152
1990-10-02,18.232,152
1990-10-03,18.408,152
1990-10-04,18.444,152
1990-10-05,18.55,152
1990-10-06,18.603,152
1990-10-07,18.093,152
1990-10-08,18.206,152
1990-10-09,18.369,152
1990-10-10,18.4,152
1990-10-11,18.257,152
1990-10-12,18.132,152
1990-10-13,18.156,152
1990-10-14,18.218,152
1990-10-15,17.777,152
1990-10-16,17.567,152
1990-10-17,17.499,152
1990-10-18,18.162,152
1990-10-19,18.169,152
1990-10-20,18.344,152
1990-10-21,18.562,152
1990-10-22,18.66,152
1990-10-23,18.561,152
1990-10-24,18.654,152
1990-10-25,18.805,152
1990-10-26,18.701,152
1990-10-27,18.768,152
1990-10-28,18.763,152
1990-10-29,18.634,152
1990-10-30,18.509,152
1990-10-31,18.442,152
1990-11-01,18.185,152
1990-11-02,17.529,152
1990-11-03,17.387,152
1990-11-04,17.341,152
1990-11-05,17.185,152
1990-11-06,16.973,152
1990-11-07,16.87,152
1990-11-08,17.047,152
1990-11-09,17.398,152
1990-11-10,17.926,152
1990-11-11,18.349,152
1990-11-12,17.522,152
1990-11-13,17.503,152
1990-11-14,17.464,152
1990-11-15,17.316,152
1990-11-16,17.439,152
1990-11-17,17.455,152
1990-11-18,17.428,152
1990-11-19,17.125,152
1990-11-20,17.092,152
1990-11-21,16.835,152
1990-11-22,17.007,152
1990-11-23,17.123,152
1990-11-24,17.057,152
1990-11-25,16.696,152
1990-11-26,16.035,152
1990-11-27,15.9,152
1990-11-28,15.768,152
1990-11-29,15.776,152
1990-11-30,15.744,152
1990-12-01,15.792,152
1990-12-02,15.85,152
1990-12-03,15.868,152
1990-12-04,15.89,152
1990-12-05,16.019,152
1990-12-06,16.196,152
1990-12-07,16.345,152
1990-12-08,16.466,152
1990-12-09,16.405,152
1990-12-10,16.349,152
1990-12-11,16.322,152
1990-12-12,16.273,152
1990-12-13,16.207,152
1990-12-14,16.14,152
1990-12-15,16.121,152
1990-12-16,15.97,152
1990-12-17,15.853,152
1990-12-18,15.786,152
1990-12-19,15.683,152
1990-12-20,14.828,152
1990-12-21,14.366,152
1990-12-22,14.181,152
1990-12-23,14.048,152
1990-12-24,13.947,152
1990-12-25,13.887,152
1990-12-26,13.864,152
1990-12-27,13.811,152
1990-12-28,13.763,152
1990-12-29,13.716,152
1990-12-30,13.67,152
1990-12-31,13.704,152
1991-01-01,13.779,152
1991-01-02,13.906,152
1991-01-03,13.937,152
1991-01-04,13.818,152
1991-01-05,13.754,152
1991-01-06,13.742,152
1991-01-07,13.94,152
1991-01-08,13.924,152
1991-01-09,14.236,152
1991-01-10,14.327,152
1991-01-11,14.209,152
1991-01-12,14.035,152
1991-01-13,14.237,152
1991-01-14,14.334,152
1991-01-15,14.163,152
1991-01-16,14.086,152
1991-01-17,14.21,152
1991-01-18,14.397,152
1991-01-19,14.45,152
1991-01-20,14.329,152
1991-01-21,14.32,152
1991-01-22,14.343,152
1991-01-23,14.256,152
1991-01-24,14.169,152
1991-01-25,14.024,152
1991-01-26,14.748,152
1991-01-27,14.657,152
1991-01-28,14.372,152
1991-01-29,14.11,152
1991-01-30,14.205,152
1991-01-31,14.403,152
1991-02-01,14.302,152
1991-02-02,14.215,152
1991-02-03,14.085,152
1991-02-04,14.131,152
1991-02-05,14.456,152
1991-02-06,14.524,152
1991-02-07,14.525,152
1991-02-08,14.587,152
1991-02-09,14.607,152
1991-02-10,14.578,152
1991-02-11,14.362,152
1991-02-12,14.521,152
1991-02-13,14.626,152
1991-02-14,14.69,152
1991-02-15,14.491,152
1991-02-16,14.462,152
1991-02-17,14.344,152
1991-02-18,14.189,152
1991-02-19,14.153,152
1991-02-20,14.144,152
1991-02-21,14.155,152
1991-02-22,14.932,152
1991-02-23,15.157,152
1991-02-24,15.247,152
1991-02-25,15.307,152
1991-02-26,15.028,152
1991-02-27,14.943,152
1991-02-28,14.541,152
1991-03-01,14.36,152
1991-03-02,14.32,152
1991-03-03,14.295,152
1991-03-04,14.29,152
1991-03-05,14.412,152
1991-03-06,14.525,152
1991-03-07,14.403,152
1991-03-08,14.266,152
1991-03-09,14.312,152
1991-03-10,14.36,152
1991-03-11,14.135,152
1991-03-12,14.054,152
1991-03-13,13.973,152
1991-03-14,13.767,152
1991-03-15,13.639,152
1991-03-16,13.56,152
1991-03-17,13.556,152
1991-03-18,13.166,152
1991-03-19,13.06,152
1991-03-20,12.953,152
1991-03-21,12.954,152
1991-03-22,12.991,152
1991-03-23,12.904,152
1991-03-24,12.883,152
1991-03-25,12.817,152
1991-03-26,12.767,152
1991-03-27,12.648,152
1991-03-28,12.972,152
1991-03-29,13.633,152
1991-03-30,14.086,152
1991-03-31,14.08,152
1991-04-01,13.959,152
1991-04-02,13.779,152
1991-04-03,13.644,152
1991-04-04,13.32,152
1991-04-05,13.076,152
1991-04-06,13.204,152
1991-04-07,13.152,152
1991-04-08,13.118,152
1991-04-09,13.064,152
1991-04-10,12.914,152
1991-04-11,12.55,152
1991-04-12,12.361,152
1991-04-13,12.493,152
1991-04-14,12.419,152
1991-04-15,12.574,152
1991-04-16,12.813,152
1991-04-17,13.004,152
1991-04-18,13.134,152
1991-04-19,13.219,152
1991-04-20,13.629,152
1991-04-21,13.603,152
1991-04-22,13.073,152
1991-04-23,13.061,152
1991-04-24,13.103,152
1991-04-25,12.782,152
1991-04-26,12.583,152
1991-04-27,12.652,152
1991-04-28,12.765,152
1991-04-29,12.782,152
1991-04-30,12.823,152
1991-05-01,12.564,152
1991-05-02,12.435,152
1991-05-03,12.398,152
1991-05-04,12.424,152
1991-05-05,12.349,152
1991-05-06,12.203,152
1991-05-07,12.222,152
1991-05-08,12.254,152
1991-05-09,11.851,152
1991-05-10,11.619,152
1991-05-11,11.553,152
1991-05-12,11.765,152
1991-05-13,11.997,152
1991-05-14,12.057,152
1991-05-15,12.192,152
1991-05-16,12.463,152
1991-05-17,12.241,152
1991-05-18,11.588,152
1991-05-19,11.479,152
1991-05-20,11.679,152
1991-05-21,11.849,152
1991-05-22,12.075,152
1991-05-23,12.302,152
1991-05-24,12.308,152
1991-05-25,12.439,152
1991-05-26,12.299,152
1991-05-27,12.274,152
1991-05-28,12.198,152
1991-05-29,12.389,152
1991-05-30,12.331,152
1991-05-31,12.24,152
1991-06-01,12.091,152
1991-06-02,13.031,152
1991-06-03,13.141,152
1991-06-04,13.189,152
1991-06-05,13.215,152
1991-06-06,13.367,152
1991-06-07,13.846,152
1991-06-08,13.946,152
1991-06-09,14.048,152
1991-06-10,14.155,152
1991-06-11,14.309,152
1991-06-12,14.421,152
1991-06-13,14.501,152
1991-06-14,14.249,152
1991-06-15,14.205,152
1991-06-16,14.127,152
1991-06-17,14.144,152
1991-06-18,14.147,152
1991-06-19,14.397,152
1991-06-20,14.507,152
1991-06-21,14.643,152
1991-06-22,14.699,152
1991-06-23,14.734,152
1991-06-24,14.707,152
1991-06-25,14.654,152
1991-06-26,14.6,152
1991-06-27,14.652,152
1991-06-28,15.393,152
1991-06-29,15.409,152
1991-06-30,15.4,152
1991-07-01,15.494,152
1991-07-02,15.585,152
1991-07-03,15.719,152
1991-07-04,15.814,152
1991-07-05,15.942,152
1991-07-06,16.086,152
1991-07-07,16.196,152
1991-07-08,16.34,152
1991-07-09,16.455,152
1991-07-10,16.57,152
1991-07-11,16.716,152
1991-07-12,16.604,152
1991-07-13,16.57,152
1991-07-14,16.418,152
1991-07-15,16.203,152
1991-07-16,16.128,152
1991-07-17,16.138,152
1991-07-18,16.282,152
1991-07-19,16.466,152
1991-07-20,16.313,152
1991-07-21,16.295,152
1991-07-22,16.363,152
1991-07-23,16.373,152
1991-07-24,16.422,152
1991-07-25,16.582,152
1991-07-26,16.769,152
1991-07-27,16.34,152
1991-07-28,16.634,152
1991-07-29,16.746,152
1991-07-30,16.837,152
1991-07-31,16.927,152
1991-08-01,16.975,152
1991-08-02,16.946,152
1991-08-03,16.792,152
1991-08-04,16.565,152
1991-08-05,16.576,152
1991-08-06,16.744,152
1991-08-07,16.553,152
1991-08-08,16.56,152
1991-08-09,16.633,152
1991-08-10,17.306,152
1991-08-11,17.758,152
1991-08-12,17.82,152
1991-08-13,17.797,152
1991-08-14,17.727,152
1991-08-15,17.617,152
1991-08-16,17.687,152
1991-08-17,17.664,152
1991-08-18,17.402,152
1991-08-19,17.2,152
1991-08-20,17.057,152
1991-08-21,16.939,152
1991-08-22,16.951,152
1991-08-23,16.881,152
1991-08-24,16.781,152
1991-08-25,17.059,152
1991-08-26,17.292,152
1991-08-27,17.317,152
1991-08-28,17.364,152
1991-08-29,17.292,152
1991-08-30,16.873,152
1991-08-31,16.672,152
1991-09-01,16.612,152
1991-09-02,16.545,152
1991-09-03,16.598,152
1991-09-04,16.667,152
1991-09-05,16.88,152
1991-09-06,16.985,152
1991-09-07,17.018,152
1991-09-08,16.877,152
1991-09-09,16.913,152
1991-09-10,16.851,152
1991-09-11,16.762,152
1991-09-12,16.71,152
1991-09-13,16.606,152
1991-09-14,16.7,152
1991-09-15,16.657,152
1991-09-16,16.624,152
1991-09-17,16.536,152
1991-09-18,16.713,152
1991-09-19,16.842,152
1991-09-20,17.79,152
1991-09-21,17.832,152
1991-09-22,17.774,152
1991-09-23,17.69,152
1991-09-24,17.748,152
1991-09-25,17.446,152
1991-09-26,17.329,152
1991-09-27,17.27,152
1991-09-28,17.224,152
1991-09-29,17.406,152
1991-09-30,17.818,152
1991-10-01,17.967,152
1991-10-02,18.061,152
1991-10-03,18.242,152
1991-10-04,17.989,152
1991-10-05,18.001,152
1991-10-06,17.836,152
1991-10-07,17.733,152
1991-10-08,17.486,152
1991-10-09,17.462,152
1991-10-10,17.432,152
1991-10-11,17.785,152
1991-10-12,17.775,152
1991-10-13,17.813,152
1991-10-14,17.824,152
1991-10-15,17.808,152
1991-10-16,17.602,152
1991-10-17,17.773,152
1991-10-18,17.962,152
1991-10-19,18.123,152
1991-10-20,18.344,152
1991-10-21,18.151,152
1991-10-22,17.927,152
1991-10-23,17.678,152
1991-10-24,17.643,152
1991-10-25,17.592,152
1991-10-26,17.271,152
1991-10-27,16.694,152
1991-10-28,16.43,152
1991-10-29,15.873,152
1991-10-30,15.81,152
1991-10-31,15.917,152
1991-11-01,15.978,152
1991-11-02,16.17,152
1991-11-03,16.187,152
1991-11-04,16.103,152
1991-11-05,16.517,152
1991-11-06,16.742,152
1991-11-07,16.837,152
1991-11-08,16.293,152
1991-11-09,15.98,152
1991-11-10,16.197,152
1991-11-11,16.581,152
1991-11-12,16.65,152
1991-11-13,16.586,152
1991-11-14,15.652,152
1991-11-15,15.144,152
1991-11-16,15.144,152
1991-11-17,15.288,152
1991-11-18,15.22,152
1991-11-19,15.232,152
1991-11-20,15.221,152
1991-11-21,15.266,152
1991-11-22,15.19,152
1991-11-23,15.281,152
1991-11-24,15.278,152
1991-11-25,15.245,152
1991-11-26,15.246,152
1991-11-27,14.887,152
1991-11-28,14.767,152
1991-11-29,14.525,152
1991-11-30,14.208,152
1991-12-01,14.085,152
1991-12-02,14.294,152
1991-12-03,14.41,152
1991-12-04,14.442,152
1991-12-05,14.455,152
1991-12-06,14.47,152
1991-12-07,14.432,152
1991-12-08,14.386,152
1991-12-09,14.346,152
1991-12-10,14.238,152
1991-12-11,14.172,152
1991-12-12,14.166,152
1991-12-13,14.194,152
1991-12-14,14.274,152
1991-12-15,14.411,152
1991-12-16,14.631,152
1991-12-17,14.917,152
1991-12-18,14.974,152
1991-12-19,14.421,152
1991-12-20,14.069,152
1991-12-21,14.067,152
1991-12-22,14.082,152
1991-12-23,14.254,152
1991-12-24,14.32,152
1991-12-25,14.246,152
1991-12-26,14.128,152
1991-12-27,14.111,152
1991-12-28,13.959,152
1991-12-29,14.025,152
1991-12-30,13.967,152
1991-12-31,13.946,152
1992-01-01,13.884,152
1992-01-02,13.835,152
1992-01-03,13.878,152
1992-01-04,13.878,152
1992-01-05,13.898,152
1992-01-06,13.891,152
1992-01-07,13.951,152
1992-01-08,13.937,152
1992-01-09,13.912,152
1992-01-10,13.993,152
1992-01-11,13.991,152
1992-01-12,13.932,152
1992-01-13,13.964,152
1992-01-14,14.045,152
1992-01-15,14.004,152
1992-01-16,13.987,152
1992-01-17,14.124,152
1992-01-18,14.099,152
1992-01-19,14.022,152
1992-01-20,14.031,152
1992-01-21,14.025,152
1992-01-22,14.079,152
1992-01-23,14.079,152
1992-01-24,14.166,152
1992-01-25,14.275,152
1992-01-26,14.424,152
1992-01-27,14.434,152
1992-01-28,14.502,152
1992-01-29,14.484,152
1992-01-30,14.512,152
1992-01-31,14.492,152
1992-02-01,14.518,152
1992-02-02,14.438,152
1992-02-03,14.519,152
1992-02-04,14.672,152
1992-02-05,14.698,152
1992-02-06,14.659,152
1992-02-07,14.657,152
1992-02-08,14.649,152
1992-02-09,14.636,152
1992-02-10,14.59,152
1992-02-11,14.592,152
1992-02-12,14.835,152
1992-02-13,14.861,152
1992-02-14,14.805,152
1992-02-15,14.752,152
1992-02-16,14.752,152
1992-02-17,14.863,152
1992-02-18,14.533,152
1992-02-19,14.316,152
1992-02-20,14.429,152
1992-02-21,15.2,152
1992-02-22,14.986,152
1992-02-23,14.909,152
1992-02-24,15.089,152
1992-02-25,15.715,152
1992-02-26,15.517,152
1992-02-27,15.194,152
1992-02-28,15.056,152
1992-02-29,14.731,152
1992-03-01,14.678,152
1992-03-02,14.825,152
1992-03-03,14.933,152
1992-03-04,14.999,152
1992-03-05,15.012,152
1992-03-06,14.835,152
1992-03-07,15.009,152
1992-03-08,15.064,152
1992-03-09,15.075,152
1992-03-10,15.197,152
1992-03-11,15.201,152
1992-03-12,15.259,152
1992-03-13,15.236,152
1992-03-14,15.247,152
1992-03-15,15.331,152
1992-03-16,15.353,152
1992-03-17,15.339,152
1992-03-18,15.34,152
1992-03-19,15.248,152
1992-03-20,14.943,152
1992-03-21,14.798,152
1992-03-22,14.961,152
1992-03-23,15.097,152
1992-03-24,15.467,152
1992-03-25,15.534,152
1992-03-26,15.618,152
1992-03-27,15.905,152
1992-03-28,15.886,152
1992-03-29,15.81,152
1992-03-30,15.632,152
1992-03-31,15.582,152
1992-04-01,16.279,152
1992-04-02,16.307,152
1992-04-03,16.189,152
1992-04-04,15.917,152
1992-04-05,15.805,152
1992-04-06,15.803,152
1992-04-07,16.067,152
1992-04-08,16.019,152
1992-04-09,15.964,152
1992-04-10,15.895,152
1992-04-11,15.981,152
1992-04-12,16.249,152
1992-04-13,16.164,152
1992-04-14,16.135,152
1992-04-15,16.045,152
1992-04-16,15.606,152
1992-04-17,15.082,152
1992-04-18,15.06,152
1992-04-19,15.258,152
1992-04-20,16.012,152
1992-04-21,16.184,152
1992-04-22,15.076,152
1992-04-23,14.881,152
1992-04-24,14.871,152
1992-04-25,15.222,152
1992-04-26,15.85,152
1992-04-27,16.052,152
1992-04-28,16.113,152
1992-04-29,16.4,152
1992-04-30,16.1,152
1992-05-01,16.188,152
1992-05-02,16.29,152
1992-05-03,16.244,152
1992-05-04,15.899,152
1992-05-05,15.402,152
1992-05-06,15.685,152
1992-05-07,15.772,152
1992-05-08,15.733,152
1992-05-09,15.563,152
1992-05-10,15.567,152
1992-05-11,16.478,152
1992-05-12,17.507,152
1992-05-13,17.788,152
1992-05-14,16.786,152
1992-05-15,16.541,152
1992-05-16,16.437,152
1992-05-17,16.397,152
1992-05-18,16.214,152
1992-05-19,16.059,152
1992-05-20,15.706,152
1992-05-21,15.583,152
1992-05-22,15.731,152
1992-05-23,16.073,152
1992-05-24,16.03,152
1992-05-25,16.233,152
1992-05-26,16.167,152
1992-05-27,16.168,152
1992-05-28,16.125,152
1992-05-29,15.971,152
1992-05-30,15.904,152
1992-05-31,15.901,152
1992-06-01,15.984,152
1992-06-02,15.966,152
1992-06-03,15.896,152
1992-06-04,15.874,152
1992-06-05,15.738,152
1992-06-06,16.662,152
1992-06-07,16.267,152
1992-06-08,16.239,152
1992-06-09,16.226,152
1992-06-10,16.447,152
1992-06-11,16.582,152
1992-06-12,15.436,152
1992-06-13,14.919,152
1992-06-14,14.395,152
1992-06-15,13.857,152
1992-06-16,13.709,152
1992-06-17,13.778,152
1992-06-18,13.988,152
1992-06-19,14.164,152
1992-06-20,14.145,152
1992-06-21,14.275,152
1992-06-22,14.722,152
1992-06-23,15.149,152
1992-06-24,15.216,152
1992-06-25,15.373,152
1992-06-26,15.427,152
1992-06-27,15.685,152
1992-06-28,15.759,152
1992-06-29,15.76,152
1992-06-30,15.755,152
1992-07-01,16.044,152
1992-07-02,16.061,152
1992-07-03,15.83,152
1992-07-04,15.696,152
1992-07-05,15.855,152
1992-07-06,15.909,152
1992-07-07,16.036,152
1992-07-08,16.627,152
1992-07-09,17.223,152
1992-07-10,17.469,152
1992-07-11,17.622,152
1992-07-12,17.692,152
1992-07-13,18.417,152
1992-07-14,18.281,152
1992-07-15,18.223,152
1992-07-16,17.927,152
1992-07-17,17.772,152
1992-07-18,17.624,152
1992-07-19,17.355,152
1992-07-20,16.78,152
1992-07-21,16.285,152
1992-07-22,16.413,152
1992-07-23,16.442,152
1992-07-24,16.577,152
1992-07-25,16.557,152
1992-07-26,16.766,152
1992-07-27,16.919,152
1992-07-28,17.139,152
1992-07-29,17.731,152
1992-07-30,18.124,152
1992-07-31,18.2,152
1992-08-01,18.184,152
1992-08-02,19.205,152
1992-08-03,19.614,152
1992-08-04,19.639,152
1992-08-05,18.892,152
1992-08-06,18.756,152
1992-08-07,18.68,152
1992-08-08,18.574,152
1992-08-09,19.634,152
1992-08-10,19.519,152
1992-08-11,19.328,152
1992-08-12,19.758,152
1992-08-13,19.848,152
1992-08-14,19.956,152
1992-08-15,19.973,152
1992-08-16,19.958,152
1992-08-17,19.869,152
1992-08-18,19.489,152
1992-08-19,19.392,152
1992-08-20,19.332,152
1992-08-21,19.426,152
1992-08-22,19.264,152
1992-08-23,19.119,152
1992-08-24,18.97,152
1992-08-25,19.195,152
1992-08-26,19.756,152
1992-08-27,19.643,152
1992-08-28,19.613,152
1992-08-29,19.6,152
1992-08-30,19.58,152
1992-08-31,19.42,152
1992-09-01,19.01,152
1992-09-02,18.75,152
1992-09-03,17.788,152
1992-09-04,17.715,152
1992-09-05,17.75,152
1992-09-06,18.005,152
1992-09-07,18.396,152
1992-09-08,18.349,152
1992-09-09,18.216,152
1992-09-10,18.033,152
1992-09-11,18.008,152
1992-09-12,17.88,152
1992-09-13,17.89,152
1992-09-14,17.981,152
1992-09-15,17.893,152
1992-09-16,18.323,152
1992-09-17,18.491,152
1992-09-18,18.512,152
1992-09-19,18.942,152
1992-09-20,19.086,152
1992-09-21,19.095,152
1992-09-22,18.836,152
1992-09-23,18.674,152
1992-09-24,18.852,152
1992-09-25,19.183,152
1992-09-26,19.422,152
1992-09-27,19.601,152
1992-09-28,18.937,152
1992-09-29,18.917,152
1992-09-30,18.808,152
1992-10-01,18.604,152
1992-10-02,18.168,152
1992-10-03,17.95,152
1992-10-04,17.973,152
1992-10-05,18.03,152
1992-10-06,18.12,152
1992-10-07,17.8,152
1992-10-08,17.862,152
1992-10-09,18.002,152
1992-10-10,18.004,152
1992-10-11,17.939,152
1992-10-12,17.899,152
1992-10-13,17.877,152
1992-10-14,18.265,152
1992-10-15,18.286,152
1992-10-16,17.997,152
1992-10-17,17.759,152
1992-10-18,17.873,152
1992-10-19,17.98,152
1992-10-20,18.041,152
1992-10-21,18.338,152
1992-10-22,18.089,152
1992-10-23,18.029,152
1992-10-24,18.223,152
1992-10-25,18.628,152
1992-10-26,18.711,152
1992-10-27,18.577,152
1992-10-28,18.527,152
1992-10-29,18.439,152
1992-10-30,17.972,152
1992-10-31,17.948,152
1992-11-01,17.929,152
1992-11-02,17.939,152
1992-11-03,17.871,152
1992-11-04,17.956,152
1992-11-05,18.012,152
1992-11-06,18.004,152
1992-11-07,17.955,152
1992-11-08,17.966,152
1992-11-09,17.802,152
1992-11-10,17.713,152
1992-11-11,17.69,152
1992-11-12,17.858,152
1992-11-13,18.061,152
1992-11-14,18.171,152
1992-11-15,18.223,152
1992-11-16,18.034,152
1992-11-17,17.948,152
1992-11-18,17.519,152
1992-11-19,17.103,152
1992-11-20,16.902,152
1992-11-21,16.847,152
1992-11-22,16.918,152
1992-11-23,16.94,152
1992-11-24,16.665,152
1992-11-25,16.424,152
1992-11-26,16.489,152
1992-11-27,16.547,152
1992-11-28,16.463,152
1992-11-29,16.275,152
1992-11-30,16.169,152
1992-12-01,16.165,152
1992-12-02,16.135,152
1992-12-03,16.052,152
1992-12-04,15.959,152
1992-12-05,15.971,152
1992-12-06,15.979,152
1992-12-07,15.769,152
1992-12-08,15.588,152
1992-12-09,15.895,152
1992-12-10,16.297,152
1992-12-11,16.302,152
1992-12-12,15.373,152
1992-12-13,15.324,152
1992-12-14,15.307,152
1992-12-15,15.292,152
1992-12-16,15.255,152
1992-12-17,14.794,152
1992-12-18,14.696,152
1992-12-19,14.655,152
1992-12-20,14.492,152
1992-12-21,14.421,152
1992-12-22,14.382,152
1992-12-23,14.426,152
1992-12-24,14.472,152
1992-12-25,14.471,152
1992-12-26,14.561,152
1992-12-27,14.561,152
1992-12-28,14.519,152
1992-12-29,14.392,152
1992-12-30,14.412,152
1992-12-31,14.441,152
1993-01-01,14.305,152
1993-01-02,14.057,152
1993-01-03,14.043,152
1993-01-04,14.021,152
1993-01-05,14.029,152
1993-01-06,14.021,152
1993-01-07,13.994,152
1993-01-08,14.056,152
1993-01-09,14.056,152
1993-01-10,14.043,152
1993-01-11,14.03,152
1993-01-12,14.036,152
1993-01-13,14.021,152
1993-01-14,14,152
1993-01-15,13.927,152
1993-01-16,13.976,152
1993-01-17,14.036,152
1993-01-18,14.097,152
1993-01-19,14.07,152
1993-01-20,14.058,152
1993-01-21,14.651,152
1993-01-22,14.586,152
1993-01-23,14.491,152
1993-01-24,14.357,152
1993-01-25,14.636,152
1993-01-26,14.866,152
1993-01-27,14.891,152
1993-01-28,14.825,152
1993-01-29,14.53,152
1993-01-30,14.563,152
1993-01-31,14.626,152
1993-02-01,14.565,152
1993-02-02,14.448,152
1993-02-03,14.567,152
1993-02-04,15.036,152
1993-02-05,15.232,152
1993-02-06,15.327,152
1993-02-07,15.191,152
1993-02-08,14.947,152
1993-02-09,14.778,152
1993-02-10,14.793,152
1993-02-11,14.767,152
1993-02-12,14.745,152
1993-02-13,14.798,152
1993-02-14,14.829,152
1993-02-15,14.739,152
1993-02-16,14.634,152
1993-02-17,14.574,152
1993-02-18,14.603,152
1993-02-19,14.757,152
1993-02-20,14.724,152
1993-02-21,14.821,152
1993-02-22,14.866,152
1993-02-23,14.635,152
1993-02-24,14.542,152
1993-02-25,14.374,152
1993-02-26,14.165,152
1993-02-27,14.158,152
1993-02-28,14.365,152
1993-03-01,14.504,152
1993-03-02,14.555,152
1993-03-03,14.608,152
1993-03-04,14.525,152
1993-03-05,14.545,152
1993-03-06,14.517,152
1993-03-07,14.813,152
1993-03-08,15.078,152
1993-03-09,15.126,152
1993-03-10,14.991,152
1993-03-11,15.066,152
1993-03-12,15.101,152
1993-03-13,14.971,152
1993-03-14,14.931,152
1993-03-15,14.849,152
1993-03-16,14.734,152
1993-03-17,15.04,152
1993-03-18,14.989,152
1993-03-19,14.949,152
1993-03-20,14.567,152
1993-03-21,14.604,152
1993-03-22,14.556,152
1993-03-23,14.541,152
1993-03-24,14.487,152
1993-03-25,14.424,152
1993-03-26,14.377,152
1993-03-27,14.291,152
1993-03-28,14.222,152
1993-03-29,15.015,152
1993-03-30,15.017,152
1993-03-31,14.845,152
1993-04-01,14.387,152
1993-04-02,14.388,152
1993-04-03,14.453,152
1993-04-04,14.383,152
1993-04-05,13.652,152
1993-04-06,13.481,152
1993-04-07,13.593,152
1993-04-08,13.836,152
1993-04-09,13.806,152
1993-04-10,13.665,152
1993-04-11,13.533,152
1993-04-12,13.656,152
1993-04-13,13.724,152
1993-04-14,13.695,152
1993-04-15,13.671,152
1993-04-16,13.581,152
1993-04-17,13.632,152
1993-04-18,13.633,152
1993-04-19,13.634,152
1993-04-20,13.851,152
1993-04-21,13.995,152
1993-04-22,13.571,152
1993-04-23,13.353,152
1993-04-24,13.352,152
1993-04-25,13.491,152
1993-04-26,13.542,152
1993-04-27,13.445,152
1993-04-28,13.466,152
1993-04-29,13.536,152
1993-04-30,14.111,152
1993-05-01,14.292,152
1993-05-02,14.472,152
1993-05-03,14.377,152
1993-05-04,14.055,152
1993-05-05,14.044,152
1993-05-06,14.063,152
1993-05-07,13.98,152
1993-05-08,13.934,152
1993-05-09,14.069,152
1993-05-10,14.501,152
1993-05-11,14.617,152
1993-05-12,14.667,152
1993-05-13,14.662,152
1993-05-14,14.637,152
1993-05-15,14.435,152
1993-05-16,14.434,152
1993-05-17,14.717,152
1993-05-18,15.146,152
1993-05-19,15.698,152
1993-05-20,15.582,152
1993-05-21,15.271,152
1993-05-22,15.119,152
1993-05-23,15.065,152
1993-05-24,15.441,152
1993-05-25,16.775,152
1993-05-26,17,152
1993-05-27,16.813,152
1993-05-28,16.455,152
1993-05-29,16.485,152
1993-05-30,16.459,152
1993-05-31,16.33,152
1993-06-01,16.507,152
1993-06-02,16.341,152
1993-06-03,15.986,152
1993-06-04,15.434,152
1993-06-05,15.358,152
1993-06-06,15.293,152
1993-06-07,15.369,152
1993-06-08,15.412,152
1993-06-09,15.405,152
1993-06-10,14.264,152
1993-06-11,14.205,152
1993-06-12,14.339,152
1993-06-13,15.069,152
1993-06-14,15.702,152
1993-06-15,16.403,152
1993-06-16,17.4,152
1993-06-17,17.934,152
1993-06-18,18.053,152
1993-06-19,17.868,152
1993-06-20,17.733,152
1993-06-21,17.327,152
1993-06-22,17.089,152
1993-06-23,17.144,152
1993-06-24,17.263,152
1993-06-25,17.731,152
1993-06-26,17.637,152
1993-06-27,17.91,152
1993-06-28,17.981,152
1993-06-29,17.798,152
1993-06-30,17.689,152
1993-07-01,17.741,152
1993-07-02,17.947,152
1993-07-03,17.911,152
1993-07-04,17.865,152
1993-07-05,18.467,152
1993-07-06,18.48,152
1993-07-07,18.432,152
1993-07-08,18.456,152
1993-07-09,18.487,152
1993-07-10,18.463,152
1993-07-11,18.509,152
1993-07-12,19.068,152
1993-07-13,19.124,152
1993-07-14,18.851,152
1993-07-15,18.714,152
1993-07-16,18.553,152
1993-07-17,18.517,152
1993-07-18,18.441,152
1993-07-19,18.529,152
1993-07-20,18.437,152
1993-07-21,18.317,152
1993-07-22,18.101,152
1993-07-23,17.987,152
1993-07-24,17.95,152
1993-07-25,18.076,152
1993-07-26,18.131,152
1993-07-27,18.149,152
1993-07-28,18.163,152
1993-07-29,18.326,152
1993-07-30,18.453,152
1993-07-31,19.035,152
1993-08-01,19.34,152
1993-08-02,19.364,152
1993-08-03,19.142,152
1993-08-04,19.225,152
1993-08-05,19.266,152
1993-08-06,18.825,152
1993-08-07,18.606,152
1993-08-08,18.548,152
1993-08-09,18.444,152
1993-08-10,18.388,152
1993-08-11,18.456,152
1993-08-12,18.137,152
1993-08-13,17.699,152
1993-08-14,17.482,152
1993-08-15,17.749,152
1993-08-16,17.492,152
1993-08-17,17.442,152
1993-08-18,17.444,152
1993-08-19,17.522,152
1993-08-20,17.255,152
1993-08-21,17.133,152
1993-08-22,17.114,152
1993-08-23,17.255,152
1993-08-24,17.314,152
1993-08-25,17.993,152
1993-08-26,18.021,152
1993-08-27,18.049,152
1993-08-28,17.992,152
1993-08-29,18.036,152
1993-08-30,18.221,152
1993-08-31,18.089,152
1993-09-01,18.322,152
1993-09-02,18.329,152
1993-09-03,18.493,152
1993-09-04,18.124,152
1993-09-05,17.901,152
1993-09-06,17.741,152
1993-09-07,17.788,152
1993-09-08,17.525,152
1993-09-09,17.261,152
1993-09-10,17.148,152
1993-09-11,17.198,152
1993-09-12,17.243,152
1993-09-13,17.197,152
1993-09-14,17.367,152
1993-09-15,17.488,152
1993-09-16,18.407,152
1993-09-17,18.182,152
1993-09-18,17.94,152
1993-09-19,17.872,152
1993-09-20,18.205,152
1993-09-21,18.172,152
1993-09-22,18.023,152
1993-09-23,18.449,152
1993-09-24,18.64,152
1993-09-25,18.539,152
1993-09-26,19.005,152
1993-09-27,19.16,152
1993-09-28,19.119,152
1993-09-29,18.617,152
1993-09-30,18.574,152
1993-10-01,18.612,152
1993-10-02,18.297,152
1993-10-03,17.798,152
1993-10-04,17.546,152
1993-10-05,17.681,152
1993-10-06,17.633,152
1993-10-07,17.328,152
1993-10-08,17.272,152
1993-10-09,17.331,152
1993-10-10,17.326,152
1993-10-11,18.176,152
1993-10-12,18.343,152
1993-10-13,18.19,152
1993-10-14,17.953,152
1993-10-15,18.054,152
1993-10-16,18.474,152
1993-10-17,18.596,152
1993-10-18,18.447,152
1993-10-19,18.371,152
1993-10-20,18.369,152
1993-10-21,18.113,152
1993-10-22,17.956,152
1993-10-23,18.068,152
1993-10-24,18.245,152
1993-10-25,18.726,152
1993-10-26,18.645,152
1993-10-27,18.591,152
1993-10-28,18.219,152
1993-10-29,18.239,152
1993-10-30,18.176,152
1993-10-31,17.916,152
1993-11-01,18.022,152
1993-11-02,18.164,152
1993-11-03,18.318,152
1993-11-04,18.107,152
1993-11-05,17.867,152
1993-11-06,17.899,152
1993-11-07,17.924,152
1993-11-08,17.806,152
1993-11-09,17.579,152
1993-11-10,17.609,152
1993-11-11,17.607,152
1993-11-12,17.548,152
1993-11-13,16.778,152
1993-11-14,16.637,152
1993-11-15,16.577,152
1993-11-16,16.57,152
1993-11-17,16.65,152
1993-11-18,16.588,152
1993-11-19,16.385,152
1993-11-20,16.224,152
1993-11-21,16.237,152
1993-11-22,16.369,152
1993-11-23,16.269,152
1993-11-24,16.145,152
1993-11-25,16.038,152
1993-11-26,15.958,152
1993-11-27,15.886,152
1993-11-28,15.739,152
1993-11-29,15.824,152
1993-11-30,15.755,152
1993-12-01,15.697,152
1993-12-02,15.79,152
1993-12-03,15.904,152
1993-12-04,15.92,152
1993-12-05,15.898,152
1993-12-06,15.878,152
1993-12-07,15.799,152
1993-12-08,15.732,152
1993-12-09,15.771,152
1993-12-10,15.768,152
1993-12-11,15.414,152
1993-12-12,15.323,152
1993-12-13,15.275,152
1993-12-14,15.236,152
1993-12-15,15.092,152
1993-12-16,15.063,152
1993-12-17,15.038,152
1993-12-18,14.659,152
1993-12-19,14.657,152
1993-12-20,14.678,152
1993-12-21,14.603,152
1993-12-22,14.556,152
1993-12-23,14.538,152
1993-12-24,14.56,152
1993-12-25,14.549,152
1993-12-26,14.657,152
1993-12-27,14.77,152
1993-12-28,14.843,152
1993-12-29,14.889,152
1993-12-30,14.728,152
1993-12-31,14.65,152
1994-01-01,14.694,152
1994-01-02,14.954,152
1994-01-03,15.091,152
1994-01-04,15.101,152
1994-01-05,15.131,152
1994-01-06,15.05,152
1994-01-07,14.865,152
1994-01-08,14.659,152
1994-01-09,14.604,152
1994-01-10,14.621,152
1994-01-11,14.689,152
1994-01-12,14.725,152
1994-01-13,14.708,152
1994-01-14,14.958,152
1994-01-15,14.905,152
1994-01-16,14.867,152
1994-01-17,15.065,152
1994-01-18,15.12,152
1994-01-19,15.094,152
1994-01-20,14.724,152
1994-01-21,14.913,152
1994-01-22,15.207,152
1994-01-23,15.303,152
1994-01-24,15.26,152
1994-01-25,14.826,152
1994-01-26,14.647,152
1994-01-27,14.622,152
1994-01-28,14.623,152
1994-01-29,14.562,152
1994-01-30,14.518,152
1994-01-31,14.485,152
1994-02-01,14.213,152
1994-02-02,14.123,152
1994-02-03,14.088,152
1994-02-04,14.192,152
1994-02-05,14.184,152
1994-02-06,14.19,152
1994-02-07,14.2,152
1994-02-08,14.242,152
1994-02-09,14.262,152
1994-02-10,13.993,152
1994-02-11,13.953,152
1994-02-12,13.974,152
1994-02-13,14.018,152
1994-02-14,13.983,152
1994-02-15,13.977,152
1994-02-16,14.019,152
1994-02-17,14.117,152
1994-02-18,14.104,152
1994-02-19,13.85,152
1994-02-20,13.824,152
1994-02-21,13.83,152
1994-02-22,14.004,152
1994-02-23,14.066,152
1994-02-24,13.989,152
1994-02-25,13.823,152
1994-02-26,13.793,152
1994-02-27,13.751,152
1994-02-28,14.516,152
1994-03-01,14.497,152
1994-03-02,14.303,152
1994-03-03,13.976,152
1994-03-04,14.025,152
1994-03-05,14.092,152
1994-03-06,14.527,152
1994-03-07,14.492,152
1994-03-08,14.499,152
1994-03-09,14.314,152
1994-03-10,13.532,152
1994-03-11,13.64,152
1994-03-12,14.505,152
1994-03-13,15.052,152
1994-03-14,14.976,152
1994-03-15,14.58,152
1994-03-16,14.59,152
1994-03-17,14.721,152
1994-03-18,14.676,152
1994-03-19,14.71,152
1994-03-20,14.774,152
1994-03-21,14.206,152
1994-03-22,14.025,152
1994-03-23,13.923,152
1994-03-24,13.877,152
1994-03-25,13.789,152
1994-03-26,13.874,152
1994-03-27,13.986,152
1994-03-28,14.077,152
1994-03-29,14.073,152
1994-03-30,14.194,152
1994-03-31,14.236,152
1994-04-01,14.257,152
1994-04-02,13.969,152
1994-04-03,13.747,152
1994-04-04,13.73,152
1994-04-05,13.745,152
1994-04-06,13.954,152
1994-04-07,13.925,152
1994-04-08,13.175,152
1994-04-09,13.054,152
1994-04-10,12.991,152
1994-04-11,12.934,152
1994-04-12,13.2,152
1994-04-13,13.341,152
1994-04-14,13.294,152
1994-04-15,13.298,152
1994-04-16,13.472,152
1994-04-17,13.585,152
1994-04-18,13.483,152
1994-04-19,13.44,152
1994-04-20,13.326,152
1994-04-21,13.191,152
1994-04-22,13.024,152
1994-04-23,12.767,152
1994-04-24,12.889,152
1994-04-25,12.915,152
1994-04-26,12.751,152
1994-04-27,12.694,152
1994-04-28,12.725,152
1994-04-29,12.929,152
1994-04-30,13.039,152
1994-05-01,12.464,152
1994-05-02,12.423,152
1994-05-03,12.522,152
1994-05-04,12.645,152
1994-05-05,12.661,152
1994-05-06,13.476,152
1994-05-07,13.725,152
1994-05-08,13.78,152
1994-05-09,13.78,152
1994-05-10,13.702,152
1994-05-11,13.676,152
1994-05-12,13.442,152
1994-05-13,13.299,152
1994-05-14,13.403,152
1994-05-15,13.522,152
1994-05-16,13.463,152
1994-05-17,13.153,152
1994-05-18,13.74,152
1994-05-19,13.808,152
1994-05-20,13.776,152
1994-05-21,14.014,152
1994-05-22,14.318,152
1994-05-23,14.526,152
1994-05-24,14.547,152
1994-05-25,14.642,152
1994-05-26,14.57,152
1994-05-27,13.978,152
1994-05-28,13.928,152
1994-05-29,14.085,152
1994-05-30,14.402,152
1994-05-31,15.736,152
1994-06-01,15.913,152
1994-06-02,15.025,152
1994-06-03,14.697,152
1994-06-04,14.503,152
1994-06-05,14.309,152
1994-06-06,14.167,152
1994-06-07,14.317,152
1994-06-08,14.631,152
1994-06-09,14.847,152
1994-06-10,14.885,152
1994-06-11,15.085,152
1994-06-12,15.111,152
1994-06-13,14.454,152
1994-06-14,14.144,152
1994-06-15,14.187,152
1994-06-16,15.303,152
1994-06-17,15.474,152
1994-06-18,15.557,152
1994-06-19,15.464,152
1994-06-20,15.385,152
1994-06-21,15.401,152
1994-06-22,15.436,152
1994-06-23,15.443,152
1994-06-24,15.764,152
1994-06-25,15.997,152
1994-06-26,16.021,152
1994-06-27,15.975,152
1994-06-28,15.53,152
1994-06-29,14.995,152
1994-06-30,14.643,152
1994-07-01,14.865,152
1994-07-02,15.834,152
1994-07-03,16.295,152
1994-07-04,16.423,152
1994-07-05,16.332,152
1994-07-06,16.603,152
1994-07-07,16.475,152
1994-07-08,16.327,152
1994-07-09,16.269,152
1994-07-10,16.43,152
1994-07-11,16.551,152
1994-07-12,16.596,152
1994-07-13,16.663,152
1994-07-14,16.555,152
1994-07-15,16.477,152
1994-07-16,16.51,152
1994-07-17,17.553,152
1994-07-18,17.543,152
1994-07-19,17.497,152
1994-07-20,17.328,152
1994-07-21,16.636,152
1994-07-22,16.268,152
1994-07-23,16.211,152
1994-07-24,16.193,152
1994-07-25,16.294,152
1994-07-26,16.315,152
1994-07-27,16.278,152
1994-07-28,16.128,152
1994-07-29,16.043,152
1994-07-30,16.063,152
1994-07-31,16.454,152
1994-08-01,16.516,152
1994-08-02,16.585,152
1994-08-03,17.004,152
1994-08-04,16.94,152
1994-08-05,17.344,152
1994-08-06,17.592,152
1994-08-07,17.688,152
1994-08-08,17.585,152
1994-08-09,17.567,152
1994-08-10,18.041,152
1994-08-11,17.928,152
1994-08-12,17.976,152
1994-08-13,17.954,152
1994-08-14,18.821,152
1994-08-15,19.212,152
1994-08-16,19.297,152
1994-08-17,19.755,152
1994-08-18,19.823,152
1994-08-19,19.5,152
1994-08-20,18.984,152
1994-08-21,18.854,152
1994-08-22,18.853,152
1994-08-23,18.8,152
1994-08-24,18.81,152
1994-08-25,18.731,152
1994-08-26,18.477,152
1994-08-27,18.716,152
1994-08-28,18.773,152
1994-08-29,18.27,152
1994-08-30,17.889,152
1994-08-31,17.643,152
1994-09-01,17.756,152
1994-09-02,17.253,152
1994-09-03,17.442,152
1994-09-04,17.607,152
1994-09-05,17.868,152
1994-09-06,17.825,152
1994-09-07,17.841,152
1994-09-08,17.835,152
1994-09-09,17.589,152
1994-09-10,17.544,152
1994-09-11,17.44,152
1994-09-12,17.341,152
1994-09-13,17.476,152
1994-09-14,17.576,152
1994-09-15,17.446,152
1994-09-16,17.386,152
1994-09-17,17.377,152
1994-09-18,17.405,152
1994-09-19,17.378,152
1994-09-20,17.47,152
1994-09-21,17.868,152
1994-09-22,17.92,152
1994-09-23,17.841,152
1994-09-24,17.65,152
1994-09-25,17.558,152
1994-09-26,17.772,152
1994-09-27,17.904,152
1994-09-28,18.034,152
1994-09-29,18.132,152
1994-09-30,18.051,152
1994-10-01,18.01,152
1994-10-02,17.934,152
1994-10-03,17.921,152
1994-10-04,17.986,152
1994-10-05,17.887,152
1994-10-06,17.838,152
1994-10-07,18.318,152
1994-10-08,18.649,152
1994-10-09,18.648,152
1994-10-10,18.302,152
1994-10-11,18.108,152
1994-10-12,18.005,152
1994-10-13,17.551,152
1994-10-14,16.545,152
1994-10-15,15.882,152
1994-10-16,16.308,152
1994-10-17,16.795,152
1994-10-18,16.937,152
1994-10-19,17.096,152
1994-10-20,17.202,152
1994-10-21,17.304,152
1994-10-22,17.228,152
1994-10-23,17.261,152
1994-10-24,17.263,152
1994-10-25,17.239,152
1994-10-26,17.084,152
1994-10-27,17.118,152
1994-10-28,17.098,152
1994-10-29,16.832,152
1994-10-30,17.443,152
1994-10-31,17.571,152
1994-11-01,17.545,152
1994-11-02,16.281,152
1994-11-03,15.779,152
1994-11-04,15.732,152
1994-11-05,16.092,152
1994-11-06,16.179,152
1994-11-07,16.165,152
1994-11-08,16.07,152
1994-11-09,16.018,152
1994-11-10,15.588,152
1994-11-11,15.425,152
1994-11-12,15.415,152
1994-11-13,15.41,152
1994-11-14,15.38,152
1994-11-15,15.309,152
1994-11-16,15.046,152
1994-11-17,14.969,152
1994-11-18,14.948,152
1994-11-19,14.395,152
1994-11-20,14.374,152
1994-11-21,14.347,152
1994-11-22,14.449,152
1994-11-23,14.499,152
1994-11-24,14.5,152
1994-11-25,14.318,152
1994-11-26,14.252,152
1994-11-27,14.066,152
1994-11-28,13.84,152
1994-11-29,13.826,152
1994-11-30,13.868,152
1994-12-01,13.903,152
1994-12-02,13.954,152
1994-12-03,14.111,152
1994-12-04,14.186,152
1994-12-05,14.221,152
1994-12-06,13.989,152
1994-12-07,13.934,152
1994-12-08,13.87,152
1994-12-09,13.847,152
1994-12-10,13.858,152
1994-12-11,13.991,152
1994-12-12,14.103,152
1994-12-13,14.159,152
1994-12-14,14.184,152
1994-12-15,14.22,152
1994-12-16,14.398,152
1994-12-17,14.176,152
1994-12-18,14.055,152
1994-12-19,14.001,152
1994-12-20,14.068,152
1994-12-21,14.148,152
1994-12-22,14.154,152
1994-12-23,14.311,152
1994-12-24,14.27,152
1994-12-25,14.246,152
1994-12-26,14.199,152
1994-12-27,14.207,152
1994-12-28,14.183,152
1994-12-29,14.122,152
1994-12-30,14.127,152
1994-12-31,14.129,152
1995-01-01,14.084,152
1995-01-02,13.994,152
1995-01-03,13.985,152
1995-01-04,13.918,152
1995-01-05,13.924,152
1995-01-06,13.914,152
1995-01-07,13.883,152
1995-01-08,13.884,152
1995-01-09,13.952,152
1995-01-10,13.988,152
1995-01-11,14.005,152
1995-01-12,14.214,152
1995-01-13,14.278,152
1995-01-14,14.426,152
1995-01-15,14.175,152
1995-01-16,14.129,152
1995-01-17,14.085,152
1995-01-18,13.849,152
1995-01-19,13.828,152
1995-01-20,13.701,152
1995-01-21,13.663,152
1995-01-22,13.663,152
1995-01-23,13.696,152
1995-01-24,13.766,152
1995-01-25,13.549,152
1995-01-26,13.555,152
1995-01-27,13.807,152
1995-01-28,13.853,152
1995-01-29,13.924,152
1995-01-30,14.089,152
1995-01-31,14.306,152
1995-02-01,14.417,152
1995-02-02,14.148,152
1995-02-03,14.011,152
1995-02-04,14.073,152
1995-02-05,14.154,152
1995-02-06,14.215,152
1995-02-07,14.198,152
1995-02-08,14.468,152
1995-02-09,14.715,152
1995-02-10,14.871,152
1995-02-11,14.608,152
1995-02-12,14.418,152
1995-02-13,14.423,152
1995-02-14,14.459,152
1995-02-15,14.328,152
1995-02-16,14.391,152
1995-02-17,14.533,152
1995-02-18,14.929,152
1995-02-19,15.133,152
1995-02-20,15.111,152
1995-02-21,14.78,152
1995-02-22,14.649,152
1995-02-23,14.681,152
1995-02-24,14.725,152
1995-02-25,14.68,152
1995-02-26,14.716,152
1995-02-27,14.757,152
1995-02-28,14.788,152
1995-03-01,14.779,152
1995-03-02,14.714,152
1995-03-03,14.856,152
1995-03-04,14.856,152
1995-03-05,14.973,152
1995-03-06,14.959,152
1995-03-07,14.955,152
1995-03-08,14.895,152
1995-03-09,15.012,152
1995-03-10,14.961,152
1995-03-11,14.871,152
1995-03-12,14.865,152
1995-03-13,15.081,152
1995-03-14,15.152,152
1995-03-15,15.146,152
1995-03-16,15.215,152
1995-03-17,15.271,152
1995-03-18,15.423,152
1995-03-19,15.322,152
1995-03-20,15.121,152
1995-03-21,14.454,152
1995-03-22,14.396,152
1995-03-23,14.338,152
1995-03-24,14.136,152
1995-03-25,14.08,152
1995-03-26,14.218,152
1995-03-27,14.397,152
1995-03-28,14.539,152
1995-03-29,14.368,152
1995-03-30,14.223,152
1995-03-31,14.177,152
1995-04-01,14.15,152
1995-04-02,14.136,152
1995-04-03,14.09,152
1995-04-04,14.025,152
1995-04-05,13.901,152
1995-04-06,14.065,152
1995-04-07,13.888,152
1995-04-08,13.694,152
1995-04-09,13.596,152
1995-04-10,13.853,152
1995-04-11,14.074,152
1995-04-12,14.02,152
1995-04-13,13.66,152
1995-04-14,13.427,152
1995-04-15,13.036,152
1995-04-16,12.582,152
1995-04-17,12.42,152
1995-04-18,12.254,152
1995-04-19,11.836,152
1995-04-20,11.762,152
1995-04-21,12.001,152
1995-04-22,12.319,152
1995-04-23,12.842,152
1995-04-24,13.13,152
1995-04-25,13.03,152
1995-04-26,13.087,152
1995-04-27,13.191,152
1995-04-28,13.288,152
1995-04-29,13.489,152
1995-04-30,14.53,152
1995-05-01,14.188,152
1995-05-02,13.987,152
1995-05-03,13.86,152
1995-05-04,13.843,152
1995-05-05,13.148,152
1995-05-06,12.73,152
1995-05-07,12.677,152
1995-05-08,12.882,152
1995-05-09,13.093,152
1995-05-10,12.94,152
1995-05-11,12.812,152
1995-05-12,12.774,152
1995-05-13,12.656,152
1995-05-14,12.628,152
1995-05-15,13.38,152
1995-05-16,13.225,152
1995-05-17,13.126,152
1995-05-18,13.046,152
1995-05-19,13.127,152
1995-05-20,13.27,152
1995-05-21,12.996,152
1995-05-22,13.008,152
1995-05-23,13.041,152
1995-05-24,13.11,152
1995-05-25,13.151,152
1995-05-26,13.045,152
1995-05-27,12.928,152
1995-05-28,13.151,152
1995-05-29,13.214,152
1995-05-30,13.316,152
1995-05-31,13.499,152
1995-06-01,13.82,152
1995-06-02,13.911,152
1995-06-03,13.91,152
1995-06-04,13.894,152
1995-06-05,13.662,152
1995-06-06,13.347,152
1995-06-07,13.252,152
1995-06-08,13.276,152
1995-06-09,13.904,152
1995-06-10,14.067,152
1995-06-11,14.176,152
1995-06-12,14.381,152
1995-06-13,14.541,152
1995-06-14,14.392,152
1995-06-15,14.225,152
1995-06-16,14.693,152
1995-06-17,14.569,152
1995-06-18,14.488,152
1995-06-19,14.598,152
1995-06-20,14.772,152
1995-06-21,14.948,152
1995-06-22,14.936,152
1995-06-23,15.002,152
1995-06-24,15.056,152
1995-06-25,15.694,152
1995-06-26,15.67,152
1995-06-27,15.661,152
1995-06-28,15.676,152
1995-06-29,15.901,152
1995-06-30,16.199,152
1995-07-01,16.573,152
1995-07-02,16.529,152
1995-07-03,16.3,152
1995-07-04,15.967,152
1995-07-05,16.146,152
1995-07-06,15.923,152
1995-07-07,16.086,152
1995-07-08,16.374,152
1995-07-09,16.639,152
1995-07-10,16.504,152
1995-07-11,16.044,152
1995-07-12,15.934,152
1995-07-13,16.23,152
1995-07-14,16.654,152
1995-07-15,16.677,152
1995-07-16,16.46,152
1995-07-17,16.509,152
1995-07-18,16.593,152
1995-07-19,16.798,152
1995-07-20,16.567,152
1995-07-21,16.497,152
1995-07-22,16.658,152
1995-07-23,16.698,152
1995-07-24,16.67,152
1995-07-25,16.546,152
1995-07-26,16.583,152
1995-07-27,16.643,152
1995-07-28,16.5,152
1995-07-29,16.464,152
1995-07-30,16.481,152
1995-07-31,16.691,152
1995-08-01,16.791,152
1995-08-02,16.884,152
1995-08-03,16.721,152
1995-08-04,16.752,152
1995-08-05,16.781,152
1995-08-06,16.899,152
1995-08-07,16.952,152
1995-08-08,17.006,152
1995-08-09,16.76,152
1995-08-10,16.467,152
1995-08-11,16.294,152
1995-08-12,16.197,152
1995-08-13,16.209,152
1995-08-14,16.659,152
1995-08-15,16.834,152
1995-08-16,17.338,152
1995-08-17,17.173,152
1995-08-18,17.134,152
1995-08-19,16.948,152
1995-08-20,17.154,152
1995-08-21,17.088,152
1995-08-22,17.372,152
1995-08-23,17.894,152
1995-08-24,17.991,152
1995-08-25,18.016,152
1995-08-26,18.057,152
1995-08-27,17.99,152
1995-08-28,18.005,152
1995-08-29,17.917,152
1995-08-30,17.87,152
1995-08-31,17.762,152
1995-09-01,17.53,152
1995-09-02,16.815,152
1995-09-03,16.655,152
1995-09-04,16.754,152
1995-09-05,16.945,152
1995-09-06,17.19,152
1995-09-07,17.666,152
1995-09-08,17.759,152
1995-09-09,17.588,152
1995-09-10,17.671,152
1995-09-11,17.773,152
1995-09-12,17.65,152
1995-09-13,17.607,152
1995-09-14,17.529,152
1995-09-15,17.335,152
1995-09-16,17.397,152
1995-09-17,17.36,152
1995-09-18,17.546,152
1995-09-19,17.737,152
1995-09-20,17.848,152
1995-09-21,17.879,152
1995-09-22,17.744,152
1995-09-23,17.882,152
1995-09-24,17.802,152
1995-09-25,17.612,152
1995-09-26,17.514,152
1995-09-27,17.868,152
1995-09-28,18.141,152
1995-09-29,17.952,152
1995-09-30,18.129,152
1995-10-01,18.409,152
1995-10-02,19.112,152
1995-10-03,19.363,152
1995-10-04,19.22,152
1995-10-05,19.172,152
1995-10-06,19.247,152
1995-10-07,19.338,152
1995-10-08,18.818,152
1995-10-09,18.823,152
1995-10-10,18.77,152
1995-10-11,18.851,152
1995-10-12,18.458,152
1995-10-13,18.235,152
1995-10-14,18.209,152
1995-10-15,18.179,152
1995-10-16,18.28,152
1995-10-17,18.282,152
1995-10-18,18.293,152
1995-10-19,18.217,152
1995-10-20,18.208,152
1995-10-21,18.46,152
1995-10-22,18.357,152
1995-10-23,18.304,152
1995-10-24,18.23,152
1995-10-25,17.869,152
1995-10-26,17.755,152
1995-10-27,17.646,152
1995-10-28,17.493,152
1995-10-29,17.288,152
1995-10-30,17.141,152
1995-10-31,17.617,152
1995-11-01,17.214,152
1995-11-02,17.083,152
1995-11-03,17.292,152
1995-11-04,17.437,152
1995-11-05,17.304,152
1995-11-06,17.202,152
1995-11-07,17.269,152
1995-11-08,17.235,152
1995-11-09,16.993,152
1995-11-10,17.029,152
1995-11-11,16.99,152
1995-11-12,16.977,152
1995-11-13,17.041,152
1995-11-14,16.906,152
1995-11-15,16.74,152
1995-11-16,16.91,152
1995-11-17,16.728,152
1995-11-18,16.684,152
1995-11-19,16.621,152
1995-11-20,16.425,152
1995-11-21,16.623,152
1995-11-22,16.639,152
1995-11-23,16.61,152
1995-11-24,16.453,152
1995-11-25,16.497,152
1995-11-26,15.879,152
1995-11-27,15.878,152
1995-11-28,16.169,152
1995-11-29,16.308,152
1995-11-30,16.278,152
1995-12-01,16.248,152
1995-12-02,16.028,152
1995-12-03,16.018,152
1995-12-04,16.018,152
1995-12-05,16.011,152
1995-12-06,15.884,152
1995-12-07,15.85,152
1995-12-08,15.668,152
1995-12-09,15.561,152
1995-12-10,15.581,152
1995-12-11,15.733,152
1995-12-12,15.636,152
1995-12-13,15.457,152
1995-12-14,15.353,152
1995-12-15,15.123,152
1995-12-16,15.09,152
1995-12-17,15.068,152
1995-12-18,15.102,152
1995-12-19,15.263,152
1995-12-20,15.284,152
1995-12-21,15.075,152
1995-12-22,14.913,152
1995-12-23,14.773,152
1995-12-24,14.623,152
1995-12-25,14.137,152
1995-12-26,14.041,152
1995-12-27,14.207,152
1995-12-28,14.277,152
1995-12-29,14.361,152
1995-12-30,14.183,152
1995-12-31,14.127,152
1996-01-01,14.624,152
1996-01-02,14.693,152
1996-01-03,14.673,152
1996-01-04,14.697,152
1996-01-05,14.85,152
1996-01-06,15.384,152
1996-01-07,15.415,152
1996-01-08,15.448,152
1996-01-09,15.502,152
1996-01-10,15.516,152
1996-01-11,15.453,152
1996-01-12,15.392,152
1996-01-13,15.173,152
1996-01-14,14.965,152
1996-01-15,14.85,152
1996-01-16,14.767,152
1996-01-17,14.615,152
1996-01-18,14.595,152
1996-01-19,14.518,152
1996-01-20,14.361,152
1996-01-21,14.32,152
1996-01-22,13.499,152
1996-01-23,13.38,152
1996-01-24,13.45,152
1996-01-25,13.404,152
1996-01-26,13.253,152
1996-01-27,13.156,152
1996-01-28,13.16,152
1996-01-29,13.229,152
1996-01-30,13.28,152
1996-01-31,13.339,152
1996-02-01,13.431,152
1996-02-02,13.508,152
1996-02-03,13.927,152
1996-02-04,14.037,152
1996-02-05,14.323,152
1996-02-06,14.147,152
1996-02-07,14.163,152
1996-02-08,14.22,152
1996-02-09,14.268,152
1996-02-10,14.765,152
1996-02-11,14.794,152
1996-02-12,14.884,152
1996-02-13,15.092,152
1996-02-14,15.19,152
1996-02-15,15.13,152
1996-02-16,14.886,152
1996-02-17,14.807,152
1996-02-18,14.786,152
1996-02-19,14.742,152
1996-02-20,14.643,152
1996-02-21,14.584,152
1996-02-22,14.389,152
1996-02-23,14.305,152
1996-02-24,14.227,152
1996-02-25,14.104,152
1996-02-26,13.924,152
1996-02-27,13.796,152
1996-02-28,13.66,152
1996-02-29,13.708,152
1996-03-01,13.762,152
1996-03-02,13.771,152
1996-03-03,13.773,152
1996-03-04,14.314,152
1996-03-05,14.267,152
1996-03-06,14.257,152
1996-03-07,14.544,152
1996-03-08,14.777,152
1996-03-09,14.467,152
1996-03-10,14.378,152
1996-03-11,14.297,152
1996-03-12,14.247,152
1996-03-13,14.185,152
1996-03-14,14.337,152
1996-03-15,14.353,152
1996-03-16,14.29,152
1996-03-17,14.061,152
1996-03-18,13.97,152
1996-03-19,14.002,152
1996-03-20,13.901,152
1996-03-21,13.995,152
1996-03-22,13.895,152
1996-03-23,13.757,152
1996-03-24,13.678,152
1996-03-25,13.601,152
1996-03-26,13.282,152
1996-03-27,13.216,152
1996-03-28,13.321,152
1996-03-29,13.626,152
1996-03-30,13.946,152
1996-03-31,14.235,152
1996-04-01,14.207,152
1996-04-02,14.047,152
1996-04-03,13.887,152
1996-04-04,13.628,152
1996-04-05,13.735,152
1996-04-06,13.783,152
1996-04-07,13.842,152
1996-04-08,14.104,152
1996-04-09,13.999,152
1996-04-10,13.457,152
1996-04-11,13.251,152
1996-04-12,12.985,152
1996-04-13,12.913,152
1996-04-14,13.737,152
1996-04-15,14.003,152
1996-04-16,14.086,152
1996-04-17,13.861,152
1996-04-18,13.248,152
1996-04-19,13.049,152
1996-04-20,12.869,152
1996-04-21,12.731,152
1996-04-22,12.701,152
1996-04-23,12.618,152
1996-04-24,12.472,152
1996-04-25,12.412,152
1996-04-26,12.544,152
1996-04-27,13.629,152
1996-04-28,14.489,152
1996-04-29,14.827,152
1996-04-30,15.072,152
1996-05-01,15.194,152
1996-05-02,15.554,152
1996-05-03,15.299,152
1996-05-04,15.423,152
1996-05-05,15.548,152
1996-05-06,15.496,152
1996-05-07,14.894,152
1996-05-08,14.61,152
1996-05-09,14.627,152
1996-05-10,14.761,152
1996-05-11,15.276,152
1996-05-12,15.764,152
1996-05-13,15.819,152
1996-05-14,15.884,152
1996-05-15,16.121,152
1996-05-16,16.933,152
1996-05-17,16.781,152
1996-05-18,16.335,152
1996-05-19,15.694,152
1996-05-20,15.049,152
1996-05-21,14.709,152
1996-05-22,14.189,152
1996-05-23,13.981,152
1996-05-24,13.981,152
1996-05-25,14.143,152
1996-05-26,14.66,152
1996-05-27,14.378,152
1996-05-28,14.192,152
1996-05-29,14.005,152
1996-05-30,13.722,152
1996-05-31,13.925,152
1996-06-01,14.463,152
1996-06-02,15.296,152
1996-06-03,16.355,152
1996-06-04,15.46,152
1996-06-05,15.216,152
1996-06-06,15.547,152
1996-06-07,15.585,152
1996-06-08,15.739,152
1996-06-09,16.161,152
1996-06-10,15.96,152
1996-06-11,15.701,152
1996-06-12,15.575,152
1996-06-13,15.404,152
1996-06-14,15.366,152
1996-06-15,15.324,152
1996-06-16,15.396,152
1996-06-17,15.448,152
1996-06-18,15.729,152
1996-06-19,15.995,152
1996-06-20,16.236,152
1996-06-21,15.894,152
1996-06-22,15.705,152
1996-06-23,15.632,152
1996-06-24,15.996,152
1996-06-25,16.052,152
1996-06-26,16.128,152
1996-06-27,16.179,152
1996-06-28,16.07,152
1996-06-29,16.043,152
1996-06-30,16.811,152
1996-07-01,16.837,152
1996-07-02,16.499,152
1996-07-03,15.827,152
1996-07-04,15.825,152
1996-07-05,15.77,152
1996-07-06,15.712,152
1996-07-07,15.668,152
1996-07-08,16.766,152
1996-07-09,16.911,152
1996-07-10,16.903,152
1996-07-11,16.756,152
1996-07-12,16.671,152
1996-07-13,16.564,152
1996-07-14,16.619,152
1996-07-15,16.52,152
1996-07-16,16.447,152
1996-07-17,16.644,152
1996-07-18,17.474,152
1996-07-19,17.69,152
1996-07-20,17.741,152
1996-07-21,17.704,152
1996-07-22,17.687,152
1996-07-23,16.998,152
1996-07-24,16.562,152
1996-07-25,16.667,152
1996-07-26,17.39,152
1996-07-27,17.657,152
1996-07-28,17.422,152
1996-07-29,17.132,152
1996-07-30,16.878,152
1996-07-31,16.657,152
1996-08-01,16.772,152
1996-08-02,17.003,152
1996-08-03,17.119,152
1996-08-04,17.173,152
1996-08-05,17.188,152
1996-08-06,17.284,152
1996-08-07,17.191,152
1996-08-08,17.083,152
1996-08-09,17.019,152
1996-08-10,17.184,152
1996-08-11,17.269,152
1996-08-12,18.526,152
1996-08-13,18.89,152
1996-08-14,19.045,152
1996-08-15,19.086,152
1996-08-16,18.807,152
1996-08-17,18.308,152
1996-08-18,18.013,152
1996-08-19,17.763,152
1996-08-20,17.704,152
1996-08-21,17.673,152
1996-08-22,17.736,152
1996-08-23,17.625,152
1996-08-24,17.487,152
1996-08-25,17.282,152
1996-08-26,16.99,152
1996-08-27,17.091,152
1996-08-28,17.129,152
1996-08-29,17.838,152
1996-08-30,18.068,152
1996-08-31,18.146,152
1996-09-01,18.136,152
1996-09-02,18.087,152
1996-09-03,17.46,152
1996-09-04,18.004,152
1996-09-05,18.28,152
1996-09-06,18.388,152
1996-09-07,18.43,152
1996-09-08,18.39,152
1996-09-09,18.385,152
1996-09-10,18.597,152
1996-09-11,18.465,152
1996-09-12,18.511,152
1996-09-13,18.642,152
1996-09-14,18.647,152
1996-09-15,18.527,152
1996-09-16,18.466,152
1996-09-17,19.021,152
1996-09-18,18.914,152
1996-09-19,18.709,152
1996-09-20,18.495,152
1996-09-21,18.457,152
1996-09-22,18.403,152
1996-09-23,18.538,152
1996-09-24,18.659,152
1996-09-25,18.591,152
1996-09-26,18.527,152
1996-09-27,18.213,152
1996-09-28,18.256,152
1996-09-29,18.202,152
1996-09-30,18.189,152
1996-10-01,18.165,152
1996-10-02,17.934,152
1996-10-03,17.825,152
1996-10-04,17.486,152
1996-10-05,16.822,152
1996-10-06,16.298,152
1996-10-07,17.075,152
1996-10-08,17.275,152
1996-10-09,17.538,152
1996-10-10,17.493,152
1996-10-11,17.438,152
1996-10-12,17.152,152
1996-10-13,16.69,152
1996-10-14,16.67,152
1996-10-15,16.564,152
1996-10-16,16.451,152
1996-10-17,16.372,152
1996-10-18,16.421,152
1996-10-19,16.439,152
1996-10-20,16.363,152
1996-10-21,16.313,152
1996-10-22,16.34,152
1996-10-23,16.36,152
1996-10-24,16.346,152
1996-10-25,15.599,152
1996-10-26,15.188,152
1996-10-27,15.089,152
1996-10-28,15.113,152
1996-10-29,15.314,152
1996-10-30,15.297,152
1996-10-31,15.338,152
1996-11-01,15.283,152
1996-11-02,15.221,152
1996-11-03,15.093,152
1996-11-04,15.051,152
1996-11-05,15.037,152
1996-11-06,14.998,152
1996-11-07,15.071,152
1996-11-08,15.224,152
1996-11-09,15.371,152
1996-11-10,15.652,152
1996-11-11,15.632,152
1996-11-12,15.634,152
1996-11-13,15.385,152
1996-11-14,15.334,152
1996-11-15,14.984,152
1996-11-16,14.607,152
1996-11-17,14.608,152
1996-11-18,14.899,152
1996-11-19,15.004,152
1996-11-20,15.007,152
1996-11-21,15.245,152
1996-11-22,15.406,152
1996-11-23,15.349,152
1996-11-24,15.366,152
1996-11-25,15.308,152
1996-11-26,15.349,152
1996-11-27,15.36,152
1996-11-28,15.284,152
1996-11-29,14.27,152
1996-11-30,14.253,152
1996-12-01,14.338,152
1996-12-02,14.445,152
1996-12-03,14.432,152
1996-12-04,14.436,152
1996-12-05,14.468,152
1996-12-06,14.505,152
1996-12-07,14.512,152
1996-12-08,14.527,152
1996-12-09,14.406,152
1996-12-10,14.215,152
1996-12-11,14.437,152
1996-12-12,14.332,152
1996-12-13,14.426,152
1996-12-14,14.469,152
1996-12-15,14.156,152
1996-12-16,13.741,152
1996-12-17,13.639,152
1996-12-18,13.895,152
1996-12-19,14.009,152
1996-12-20,14.012,152
1996-12-21,14.149,152
1996-12-22,14.147,152
1996-12-23,14.139,152
1996-12-24,14.153,152
1996-12-25,14.335,152
1996-12-26,14.395,152
1996-12-27,14.473,152
1996-12-28,14.313,152
1996-12-29,14.276,152
1996-12-30,14.294,152
1996-12-31,14.353,152
1997-01-01,14.409,152
1997-01-02,14.767,152
1997-01-03,14.917,152
1997-01-04,14.922,152
1997-01-05,14.268,152
1997-01-06,14.052,152
1997-01-07,13.955,152
1997-01-08,13.983,152
1997-01-09,14.161,152
1997-01-10,14.147,152
1997-01-11,14.054,152
1997-01-12,13.661,152
1997-01-13,13.627,152
1997-01-14,13.583,152
1997-01-15,13.357,152
1997-01-16,13.404,152
1997-01-17,13.814,152
1997-01-18,14.097,152
1997-01-19,14.305,152
1997-01-20,14.024,152
1997-01-21,13.873,152
1997-01-22,13.802,152
1997-01-23,13.891,152
1997-01-24,13.954,152
1997-01-25,14.046,152
1997-01-26,13.98,152
1997-01-27,13.991,152
1997-01-28,14.707,152
1997-01-29,14.673,152
1997-01-30,14.728,152
1997-01-31,14.585,152
1997-02-01,14.393,152
1997-02-02,14.253,152
1997-02-03,14.198,152
1997-02-04,13.986,152
1997-02-05,13.84,152
1997-02-06,13.788,152
1997-02-07,13.745,152
1997-02-08,13.73,152
1997-02-09,13.724,152
1997-02-10,13.664,152
1997-02-11,13.523,152
1997-02-12,13.469,152
1997-02-13,13.466,152
1997-02-14,13.669,152
1997-02-15,13.871,152
1997-02-16,13.666,152
1997-02-17,13.495,152
1997-02-18,13.461,152
1997-02-19,13.356,152
1997-02-20,13.011,152
1997-02-21,12.998,152
1997-02-22,13.036,152
1997-02-23,13.065,152
1997-02-24,13.011,152
1997-02-25,13.034,152
1997-02-26,13.044,152
1997-02-27,12.587,152
1997-02-28,12.565,152
1997-03-01,12.552,152
1997-03-02,12.632,152
1997-03-03,12.586,152
1997-03-04,12.548,152
1997-03-05,12.78,152
1997-03-06,12.975,152
1997-03-07,13.006,152
1997-03-08,13.235,152
1997-03-09,13.329,152
1997-03-10,13.507,152
1997-03-11,13.632,152
1997-03-12,13.308,152
1997-03-13,13.299,152
1997-03-14,13.315,152
1997-03-15,13.572,152
1997-03-16,14.282,152
1997-03-17,14.463,152
1997-03-18,14.445,152
1997-03-19,14.4,152
1997-03-20,14.114,152
1997-03-21,14.002,152
1997-03-22,14.157,152
1997-03-23,14.81,152
1997-03-24,15.091,152
1997-03-25,15.111,152
1997-03-26,15.395,152
1997-03-27,15.019,152
1997-03-28,14.983,152
1997-03-29,14.965,152
1997-03-30,14.708,152
1997-03-31,14.595,152
1997-04-01,14.517,152
1997-04-02,14.561,152
1997-04-03,14.49,152
1997-04-04,14.41,152
1997-04-05,14.326,152
1997-04-06,14.416,152
1997-04-07,14.203,152
1997-04-08,14.05,152
1997-04-09,13.716,152
1997-04-10,13.557,152
1997-04-11,13.574,152
1997-04-12,13.644,152
1997-04-13,13.651,152
1997-04-14,13.653,152
1997-04-15,13.824,152
1997-04-16,14.048,152
1997-04-17,14.15,152
1997-04-18,14.176,152
1997-04-19,14.111,152
1997-04-20,13.926,152
1997-04-21,13.969,152
1997-04-22,13.62,152
1997-04-23,13.539,152
1997-04-24,13.39,152
1997-04-25,13.048,152
1997-04-26,13.107,152
1997-04-27,13.013,152
1997-04-28,13.005,152
1997-04-29,13.197,152
1997-04-30,13.507,152
1997-05-01,13.377,152
1997-05-02,13.22,152
1997-05-03,13.365,152
1997-05-04,13.71,152
1997-05-05,14.126,152
1997-05-06,14.415,152
1997-05-07,14.316,152
1997-05-08,14.251,152
1997-05-09,14.244,152
1997-05-10,14.189,152
1997-05-11,13.978,152
1997-05-12,13.936,152
1997-05-13,14.179,152
1997-05-14,14.845,152
1997-05-15,15.041,152
1997-05-16,15.114,152
1997-05-17,15.255,152
1997-05-18,15.309,152
1997-05-19,16.536,152
1997-05-20,17.743,152
1997-05-21,17.574,152
1997-05-22,17.491,152
1997-05-23,17.062,152
1997-05-24,16.797,152
1997-05-25,16.674,152
1997-05-26,16.53,152
1997-05-27,16.907,152
1997-05-28,16.973,152
1997-05-29,17.452,152
1997-05-30,17.764,152
1997-05-31,18.01,152
1997-06-01,17.759,152
1997-06-02,17.373,152
1997-06-03,16.972,152
1997-06-04,16.855,152
1997-06-05,16.314,152
1997-06-06,16.276,152
1997-06-07,16.144,152
1997-06-08,16.742,152
1997-06-09,17.247,152
1997-06-10,17.43,152
1997-06-11,17.061,152
1997-06-12,16.536,152
1997-06-13,16.341,152
1997-06-14,16.716,152
1997-06-15,17.442,152
1997-06-16,17.412,152
1997-06-17,16.841,152
1997-06-18,16.566,152
1997-06-19,16.564,152
1997-06-20,16.666,152
1997-06-21,16.914,152
1997-06-22,16.875,152
1997-06-23,16.802,152
1997-06-24,17.046,152
1997-06-25,17.502,152
1997-06-26,17.354,152
1997-06-27,17.061,152
1997-06-28,16.97,152
1997-06-29,16.938,152
1997-06-30,16.949,152
1997-07-01,17.081,152
1997-07-02,17.096,152
1997-07-03,17.115,152
1997-07-04,17.482,152
1997-07-05,17.488,152
1997-07-06,17.512,152
1997-07-07,17.402,152
1997-07-08,17.118,152
1997-07-09,17.335,152
1997-07-10,17.366,152
1997-07-11,17.766,152
1997-07-12,18.163,152
1997-07-13,18.32,152
1997-07-14,18.481,152
1997-07-15,18.381,152
1997-07-16,17.944,152
1997-07-17,17.501,152
1997-07-18,17.365,152
1997-07-19,17.14,152
1997-07-20,17.944,152
1997-07-21,18.15,152
1997-07-22,17.98,152
1997-07-23,17.761,152
1997-07-24,17.657,152
1997-07-25,17.802,152
1997-07-26,17.917,152
1997-07-27,17.996,152
1997-07-28,19.433,152
1997-07-29,19.217,152
1997-07-30,19.118,152
1997-07-31,18.931,152
1997-08-01,18.855,152
1997-08-02,18.972,152
1997-08-03,18.979,152
1997-08-04,19.236,152
1997-08-05,19.326,152
1997-08-06,19.233,152
1997-08-07,18.778,152
1997-08-08,19.43,152
1997-08-09,19.56,152
1997-08-10,19.608,152
1997-08-11,19.243,152
1997-08-12,19.147,152
1997-08-13,19.205,152
1997-08-14,19.218,152
1997-08-15,19.307,152
1997-08-16,20.26,152
1997-08-17,20.16,152
1997-08-18,20.06,152
1997-08-19,19.995,152
1997-08-20,19.957,152
1997-08-21,19.809,152
1997-08-22,19.823,152
1997-08-23,19.818,152
1997-08-24,19.745,152
1997-08-25,19.71,152
1997-08-26,19.791,152
1997-08-27,19.95,152
1997-08-28,19.941,152
1997-08-29,19.904,152
1997-08-30,19.828,152
1997-08-31,19.847,152
1997-09-01,19.796,152
1997-09-02,20.285,152
1997-09-03,20.59,152
1997-09-04,20.691,152
1997-09-05,21.037,152
1997-09-06,21.134,152
1997-09-07,21.167,152
1997-09-08,20.817,152
1997-09-09,20.465,152
1997-09-10,20.191,152
1997-09-11,19.879,152
1997-09-12,19.877,152
1997-09-13,20.006,152
1997-09-14,20.111,152
1997-09-15,20.151,152
1997-09-16,20.184,152
1997-09-17,20.259,152
1997-09-18,19.871,152
1997-09-19,19.825,152
1997-09-20,19.943,152
1997-09-21,20.219,152
1997-09-22,20.292,152
1997-09-23,20.229,152
1997-09-24,20.019,152
1997-09-25,19.909,152
1997-09-26,19.864,152
1997-09-27,20.385,152
1997-09-28,20.926,152
1997-09-29,20.836,152
1997-09-30,20.59,152
1997-10-01,20.521,152
1997-10-02,20.58,152
1997-10-03,20.615,152
1997-10-04,20.729,152
1997-10-05,20.898,152
1997-10-06,19.947,152
1997-10-07,19.006,152
1997-10-08,18.95,152
1997-10-09,18.931,152
1997-10-10,18.729,152
1997-10-11,18.457,152
1997-10-12,18.391,152
1997-10-13,18.691,152
1997-10-14,19.381,152
1997-10-15,19.462,152
1997-10-16,19.347,152
1997-10-17,19.39,152
1997-10-18,19.326,152
1997-10-19,18.993,152
1997-10-20,19.146,152
1997-10-21,18.842,152
1997-10-22,18.777,152
1997-10-23,18.925,152
1997-10-24,19.039,152
1997-10-25,19.104,152
1997-10-26,19.167,152
1997-10-27,19.266,152
1997-10-28,19.335,152
1997-10-29,19.441,152
1997-10-30,19.551,152
1997-10-31,19.554,152
1997-11-01,19.938,152
1997-11-02,20.097,152
1997-11-03,20.024,152
1997-11-04,19.607,152
1997-11-05,19.519,152
1997-11-06,19.459,152
1997-11-07,19.357,152
1997-11-08,19.085,152
1997-11-09,18.928,152
1997-11-10,18.818,152
1997-11-11,18.933,152
1997-11-12,18.955,152
1997-11-13,18.94,152
1997-11-14,18.813,152
1997-11-15,18.805,152
1997-11-16,18.859,152
1997-11-17,18.874,152
1997-11-18,18.841,152
1997-11-19,18.755,152
1997-11-20,18.641,152
1997-11-21,18.933,152
1997-11-22,19.092,152
1997-11-23,18.814,152
1997-11-24,18.658,152
1997-11-25,18.521,152
1997-11-26,18.369,152
1997-11-27,18.293,152
1997-11-28,18.277,152
1997-11-29,18.275,152
1997-11-30,18.08,152
1997-12-01,18.05,152
1997-12-02,18.044,152
1997-12-03,17.918,152
1997-12-04,17.805,152
1997-12-05,17.806,152
1997-12-06,17.656,152
1997-12-07,17.527,152
1997-12-08,17.486,152
1997-12-09,17.385,152
1997-12-10,17.106,152
1997-12-11,17.002,152
1997-12-12,16.903,152
1997-12-13,16.826,152
1997-12-14,16.834,152
1997-12-15,16.896,152
1997-12-16,16.867,152
1997-12-17,16.946,152
1997-12-18,17.043,152
1997-12-19,16.842,152
1997-12-20,16.76,152
1997-12-21,16.66,152
1997-12-22,16.399,152
1997-12-23,16.323,152
1997-12-24,16.293,152
1997-12-25,16.303,152
1997-12-26,16.263,152
1997-12-27,16.279,152
1997-12-28,16.355,152
1997-12-29,16.693,152
1997-12-30,17.166,152
1997-12-31,16.642,152
1998-01-01,16.506,152
1998-01-02,16.477,152
1998-01-03,16.472,152
1998-01-04,16.31,152
1998-01-05,16.252,152
1998-01-06,16.284,152
1998-01-07,16.372,152
1998-01-08,16.386,152
1998-01-09,16.31,152
1998-01-10,16.324,152
1998-01-11,16.387,152
1998-01-12,16.388,152
1998-01-13,16.373,152
1998-01-14,16.305,152
1998-01-15,16.425,152
1998-01-16,16.654,152
1998-01-17,16.669,152
1998-01-18,16.662,152
1998-01-19,16.505,152
1998-01-20,16.341,152
1998-01-21,16.319,152
1998-01-22,16.237,152
1998-01-23,16.265,152
1998-01-24,16.247,152
1998-01-25,16.27,152
1998-01-26,16.339,152
1998-01-27,16.369,152
1998-01-28,16.396,152
1998-01-29,16.376,152
1998-01-30,16.389,152
1998-01-31,16.35,152
1998-02-01,16.249,152
1998-02-02,16.041,152
1998-02-03,16.162,152
1998-02-04,16.233,152
1998-02-05,16.236,152
1998-02-06,16.124,152
1998-02-07,16.06,152
1998-02-08,16.144,152
1998-02-09,16.162,152
1998-02-10,16.167,152
1998-02-11,16.005,152
1998-02-12,16.178,152
1998-02-13,16.284,152
1998-02-14,16.136,152
1998-02-15,16.089,152
1998-02-16,16.078,152
1998-02-17,15.951,152
1998-02-18,15.953,152
1998-02-19,15.84,152
1998-02-20,15.596,152
1998-02-21,15.499,152
1998-02-22,15.377,152
1998-02-23,15.343,152
1998-02-24,15.053,152
1998-02-25,15.01,152
1998-02-26,15.016,152
1998-02-27,15.014,152
1998-02-28,14.815,152
1998-03-01,14.701,152
1998-03-02,14.831,152
1998-03-03,14.719,152
1998-03-04,14.594,152
1998-03-05,14.532,152
1998-03-06,14.528,152
1998-03-07,14.534,152
1998-03-08,14.519,152
1998-03-09,14.656,152
1998-03-10,14.816,152
1998-03-11,14.883,152
1998-03-12,14.948,152
1998-03-13,15.076,152
1998-03-14,15.457,152
1998-03-15,15.343,152
1998-03-16,15.248,152
1998-03-17,15.233,152
1998-03-18,15.216,152
1998-03-19,15.485,152
1998-03-20,15.695,152
1998-03-21,15.68,152
1998-03-22,15.769,152
1998-03-23,15.912,152
1998-03-24,15.922,152
1998-03-25,15.807,152
1998-03-26,15.858,152
1998-03-27,15.785,152
1998-03-28,15.153,152
1998-03-29,14.715,152
1998-03-30,14.572,152
1998-03-31,14.507,152
1998-04-01,14.422,152
1998-04-02,14.356,152
1998-04-03,14.413,152
1998-04-04,14.526,152
1998-04-05,14.654,152
1998-04-06,14.286,152
1998-04-07,14.119,152
1998-04-08,14.087,152
1998-04-09,14.066,152
1998-04-10,14.225,152
1998-04-11,14.193,152
1998-04-12,13.862,152
1998-04-13,13.712,152
1998-04-14,13.672,152
1998-04-15,13.397,152
1998-04-16,13.954,152
1998-04-17,14.025,152
1998-04-18,13.978,152
1998-04-19,14.003,152
1998-04-20,14.159,152
1998-04-21,14.274,152
1998-04-22,14.54,152
1998-04-23,14.597,152
1998-04-24,13.956,152
1998-04-25,13.416,152
1998-04-26,13.24,152
1998-04-27,13.444,152
1998-04-28,13.516,152
1998-04-29,14.31,152
1998-04-30,14.454,152
1998-05-01,14.512,152
1998-05-02,14.676,152
1998-05-03,14.771,152
1998-05-04,14.907,152
1998-05-05,15.918,152
1998-05-06,15.893,152
1998-05-07,15.864,152
1998-05-08,14.584,152
1998-05-09,14.43,152
1998-05-10,14.418,152
1998-05-11,14.33,152
1998-05-12,14.104,152
1998-05-13,13.917,152
1998-05-14,14,152
1998-05-15,14.061,152
1998-05-16,14.129,152
1998-05-17,14.151,152
1998-05-18,14.205,152
1998-05-19,14.343,152
1998-05-20,14.408,152
1998-05-21,14.008,152
1998-05-22,13.989,152
1998-05-23,14.086,152
1998-05-24,14.314,152
1998-05-25,14.614,152
1998-05-26,14.66,152
1998-05-27,14.743,152
1998-05-28,14.799,152
1998-05-29,14.569,152
1998-05-30,14.643,152
1998-05-31,14.882,152
1998-06-01,15.096,152
1998-06-02,15.104,152
1998-06-03,15.157,152
1998-06-04,15.122,152
1998-06-05,15.131,152
1998-06-06,15.262,152
1998-06-07,15.378,152
1998-06-08,15.338,152
1998-06-09,15.359,152
1998-06-10,15.378,152
1998-06-11,15.432,152
1998-06-12,16.058,152
1998-06-13,16.056,152
1998-06-14,16.06,152
1998-06-15,15.973,152
1998-06-16,15.803,152
1998-06-17,15.974,152
1998-06-18,16.034,152
1998-06-19,16.381,152
1998-06-20,16.492,152
1998-06-21,16.516,152
1998-06-22,16.566,152
1998-06-23,16.474,152
1998-06-24,16.182,152
1998-06-25,16.284,152
1998-06-26,16.234,152
1998-06-27,16.185,152
1998-06-28,16.006,152
1998-06-29,15.761,152
1998-06-30,15.752,152
1998-07-01,15.681,152
1998-07-02,15.278,152
1998-07-03,15.244,152
1998-07-04,15.36,152
1998-07-05,15.627,152
1998-07-06,15.929,152
1998-07-07,16.504,152
1998-07-08,17.469,152
1998-07-09,17.499,152
1998-07-10,17.394,152
1998-07-11,17.275,152
1998-07-12,17.246,152
1998-07-13,17.314,152
1998-07-14,17.591,152
1998-07-15,17.852,152
1998-07-16,18.211,152
1998-07-17,18.197,152
1998-07-18,18.145,152
1998-07-19,18.224,152
1998-07-20,18.381,152
1998-07-21,18.492,152
1998-07-22,18.569,152
1998-07-23,18.59,152
1998-07-24,18.652,152
1998-07-25,18.977,152
1998-07-26,18.969,152
1998-07-27,18.928,152
1998-07-28,19.023,152
1998-07-29,19.01,152
1998-07-30,18.593,152
1998-07-31,18.487,152
1998-08-01,18.438,152
1998-08-02,18.274,152
1998-08-03,18.422,152
1998-08-04,18.529,152
1998-08-05,18.568,152
1998-08-06,18.538,152
1998-08-07,18.517,152
1998-08-08,18.82,152
1998-08-09,18.793,152
1998-08-10,18.785,152
1998-08-11,18.813,152
1998-08-12,18.859,152
1998-08-13,18.873,152
1998-08-14,18.472,152
1998-08-15,18.419,152
1998-08-16,19.195,152
1998-08-17,19.277,152
1998-08-18,19.022,152
1998-08-19,18.872,152
1998-08-20,18.906,152
1998-08-21,18.88,152
1998-08-22,18.868,152
1998-08-23,18.8,152
1998-08-24,18.757,152
1998-08-25,18.802,152
1998-08-26,18.974,152
1998-08-27,18.743,152
1998-08-28,18.492,152
1998-08-29,18.553,152
1998-08-30,18.398,152
1998-08-31,18.771,152
1998-09-01,18.939,152
1998-09-02,18.926,152
1998-09-03,19.333,152
1998-09-04,19.34,152
1998-09-05,19.493,152
1998-09-06,20.077,152
1998-09-07,20.147,152
1998-09-08,19.82,152
1998-09-09,19.203,152
1998-09-10,19.108,152
1998-09-11,19.069,152
1998-09-12,19.079,152
1998-09-13,18.936,152
1998-09-14,19.587,152
1998-09-15,18.74,152
1998-09-16,18.484,152
1998-09-17,18.778,152
1998-09-18,18.916,152
1998-09-19,18.832,152
1998-09-20,18.798,152
1998-09-21,18.912,152
1998-09-22,19.199,152
1998-09-23,19.038,152
1998-09-24,18.936,152
1998-09-25,18.618,152
1998-09-26,18.591,152
1998-09-27,18.619,152
1998-09-28,18.509,152
1998-09-29,18.34,152
1998-09-30,18.274,152
1998-10-01,17.888,152
1998-10-02,17.502,152
1998-10-03,17.309,152
1998-10-04,17.192,152
1998-10-05,16.999,152
1998-10-06,17.246,152
1998-10-07,17.349,152
1998-10-08,17.294,152
1998-10-09,17.189,152
1998-10-10,17.095,152
1998-10-11,16.972,152
1998-10-12,17.031,152
1998-10-13,16.65,152
1998-10-14,16.467,152
1998-10-15,16.31,152
1998-10-16,16.311,152
1998-10-17,16.551,152
1998-10-18,17.003,152
1998-10-19,17.031,152
1998-10-20,16.833,152
1998-10-21,16.747,152
1998-10-22,16.79,152
1998-10-23,16.694,152
1998-10-24,16.71,152
1998-10-25,16.764,152
1998-10-26,16.806,152
1998-10-27,16.841,152
1998-10-28,16.755,152
1998-10-29,16.682,152
1998-10-30,16.685,152
1998-10-31,16.693,152
1998-11-01,16.615,152
1998-11-02,16.175,152
1998-11-03,16.043,152
1998-11-04,16.017,152
1998-11-05,15.811,152
1998-11-06,15.409,152
1998-11-07,15.238,152
1998-11-08,14.77,152
1998-11-09,15.138,152
1998-11-10,15.121,152
1998-11-11,14.899,152
1998-11-12,15.213,152
1998-11-13,15.316,152
1998-11-14,15.423,152
1998-11-15,15.454,152
1998-11-16,15.317,152
1998-11-17,15.078,152
1998-11-18,15.035,152
1998-11-19,15.023,152
1998-11-20,15.071,152
1998-11-21,15.136,152
1998-11-22,15.117,152
1998-11-23,15.088,152
1998-11-24,15.439,152
1998-11-25,15.373,152
1998-11-26,15.364,152
1998-11-27,15.376,152
1998-11-28,14.655,152
1998-11-29,14.564,152
1998-11-30,14.53,152
1998-12-01,14.691,152
1998-12-02,14.699,152
1998-12-03,14.705,152
1998-12-04,14.218,152
1998-12-05,14.036,152
1998-12-06,14.008,152
1998-12-07,13.613,152
1998-12-08,13.445,152
1998-12-09,13.418,152
1998-12-10,13.438,152
1998-12-11,13.691,152
1998-12-12,13.757,152
1998-12-13,13.611,152
1998-12-14,13.26,152
1998-12-15,13.183,152
1998-12-16,13.198,152
1998-12-17,13.3,152
1998-12-18,13.384,152
1998-12-19,13.161,152
1998-12-20,13.087,152
1998-12-21,12.998,152
1998-12-22,12.719,152
1998-12-23,12.775,152
1998-12-24,12.8,152
1998-12-25,12.794,152
1998-12-26,12.786,152
1998-12-27,12.851,152
1998-12-28,13.131,152
1998-12-29,13.201,152
1998-12-30,13.27,152
1998-12-31,12.875,152
1999-01-01,12.994,152
1999-01-02,13.226,152
1999-01-03,13.249,152
1999-01-04,13.162,152
1999-01-05,13.578,152
1999-01-06,13.782,152
1999-01-07,13.766,152
1999-01-08,13.339,152
1999-01-09,13.267,152
1999-01-10,13.331,152
1999-01-11,14.168,152
1999-01-12,13.976,152
1999-01-13,13.871,152
1999-01-14,13.766,152
1999-01-15,13.662,152
1999-01-16,13.794,152
1999-01-17,13.782,152
1999-01-18,13.78,152
1999-01-19,13.771,152
1999-01-20,14.24,152
1999-01-21,14.017,152
1999-01-22,13.942,152
1999-01-23,13.905,152
1999-01-24,13.712,152
1999-01-25,13.584,152
1999-01-26,13.23,152
1999-01-27,13.202,152
1999-01-28,13.184,152
1999-01-29,13.163,152
1999-01-30,13.203,152
1999-01-31,13.127,152
1999-02-01,13.108,152
1999-02-02,13.17,152
1999-02-03,13.511,152
1999-02-04,13.796,152
1999-02-05,13.435,152
1999-02-06,13.299,152
1999-02-07,13.272,152
1999-02-08,13.264,152
1999-02-09,12.74,152
1999-02-10,12.729,152
1999-02-11,12.733,152
1999-02-12,12.776,152
1999-02-13,12.824,152
1999-02-14,12.912,152
1999-02-15,12.908,152
1999-02-16,12.821,152
1999-02-17,12.833,152
1999-02-18,12.666,152
1999-02-19,12.596,152
1999-02-20,12.541,152
1999-02-21,12.637,152
1999-02-22,12.503,152
1999-02-23,12.478,152
1999-02-24,12.448,152
1999-02-25,12.387,152
1999-02-26,12.314,152
1999-02-27,12.201,152
1999-02-28,12.17,152
1999-03-01,12.307,152
1999-03-02,12.416,152
1999-03-03,12.178,152
1999-03-04,12.086,152
1999-03-05,12.057,152
1999-03-06,12.092,152
1999-03-07,12.165,152
1999-03-08,12.149,152
1999-03-09,12.125,152
1999-03-10,12.311,152
1999-03-11,11.88,152
1999-03-12,11.994,152
1999-03-13,12.044,152
1999-03-14,12.076,152
1999-03-15,13.089,152
1999-03-16,12.874,152
1999-03-17,12.717,152
1999-03-18,12.619,152
1999-03-19,12.839,152
1999-03-20,12.841,152
1999-03-21,12.58,152
1999-03-22,12.478,152
1999-03-23,12.475,152
1999-03-24,12.513,152
1999-03-25,12.76,152
1999-03-26,12.684,152
1999-03-27,12.67,152
1999-03-28,12.648,152
1999-03-29,12.965,152
1999-03-30,12.881,152
1999-03-31,12.376,152
1999-04-01,12.11,152
1999-04-02,12.143,152
1999-04-03,12.136,152
1999-04-04,11.943,152
1999-04-05,11.887,152
1999-04-06,11.857,152
1999-04-07,12.081,152
1999-04-08,11.801,152
1999-04-09,11.696,152
1999-04-10,11.621,152
1999-04-11,11.591,152
1999-04-12,11.975,152
1999-04-13,11.963,152
1999-04-14,11.56,152
1999-04-15,11.771,152
1999-04-16,12.162,152
1999-04-17,12.901,152
1999-04-18,12.912,152
1999-04-19,12.769,152
1999-04-20,12.53,152
1999-04-21,12.238,152
1999-04-22,12.043,152
1999-04-23,12.141,152
1999-04-24,12.488,152
1999-04-25,13.038,152
1999-04-26,13.129,152
1999-04-27,12.626,152
1999-04-28,12.529,152
1999-04-29,12.505,152
1999-04-30,12.477,152
1999-05-01,12.795,152
1999-05-02,12.658,152
1999-05-03,12.649,152
1999-05-04,12.438,152
1999-05-05,12.659,152
1999-05-06,12.778,152
1999-05-07,12.762,152
1999-05-08,12.745,152
1999-05-09,12.631,152
1999-05-10,12.685,152
1999-05-11,12.812,152
1999-05-12,13.26,152
1999-05-13,13.255,152
1999-05-14,13.122,152
1999-05-15,13.005,152
1999-05-16,12.968,152
1999-05-17,13.315,152
1999-05-18,13.902,152
1999-05-19,13.878,152
1999-05-20,13.626,152
1999-05-21,13.481,152
1999-05-22,13.774,152
1999-05-23,14.585,152
1999-05-24,14.628,152
1999-05-25,14.625,152
1999-05-26,14.569,152
1999-05-27,14.593,152
1999-05-28,14.587,152
1999-05-29,14.377,152
1999-05-30,14.297,152
1999-05-31,14.47,152
1999-06-01,14.737,152
1999-06-02,14.806,152
1999-06-03,14.563,152
1999-06-04,14.229,152
1999-06-05,14.082,152
1999-06-06,14.252,152
1999-06-07,14.208,152
1999-06-08,14.074,152
1999-06-09,14.032,152
1999-06-10,13.89,152
1999-06-11,13.95,152
1999-06-12,13.867,152
1999-06-13,13.685,152
1999-06-14,13.66,152
1999-06-15,13.599,152
1999-06-16,13.506,152
1999-06-17,13.601,152
1999-06-18,13.943,152
1999-06-19,14.218,152
1999-06-20,14.218,152
1999-06-21,14.307,152
1999-06-22,14.324,152
1999-06-23,14.522,152
1999-06-24,14.963,152
1999-06-25,15.393,152
1999-06-26,15.479,152
1999-06-27,15.567,152
1999-06-28,15.736,152
1999-06-29,16.205,152
1999-06-30,16.255,152
1999-07-01,16.383,152
1999-07-02,16.257,152
1999-07-03,16.045,152
1999-07-04,16.122,152
1999-07-05,16.392,152
1999-07-06,16.376,152
1999-07-07,16.25,152
1999-07-08,16.29,152
1999-07-09,16.859,152
1999-07-10,16.985,152
1999-07-11,17.526,152
1999-07-12,18.099,152
1999-07-13,18.443,152
1999-07-14,18.51,152
1999-07-15,18.061,152
1999-07-16,18.097,152
1999-07-17,17.751,152
1999-07-18,17.439,152
1999-07-19,17.367,152
1999-07-20,17.337,152
1999-07-21,17.192,152
1999-07-22,17.05,152
1999-07-23,16.971,152
1999-07-24,16.761,152
1999-07-25,16.439,152
1999-07-26,16.37,152
1999-07-27,16.191,152
1999-07-28,16.041,152
1999-07-29,16.042,152
1999-07-30,16.015,152
1999-07-31,15.976,152
1999-08-01,15.844,152
1999-08-02,15.879,152
1999-08-03,15.87,152
1999-08-04,15.548,152
1999-08-05,15.563,152
1999-08-06,15.643,152
1999-08-07,15.797,152
1999-08-08,15.81,152
1999-08-09,15.709,152
1999-08-10,16.225,152
1999-08-11,16.167,152
1999-08-12,15.778,152
1999-08-13,15.689,152
1999-08-14,15.613,152
1999-08-15,15.492,152
1999-08-16,15.354,152
1999-08-17,15.412,152
1999-08-18,15.451,152
1999-08-19,15.427,152
1999-08-20,15.477,152
1999-08-21,15.511,152
1999-08-22,15.512,152
1999-08-23,15.96,152
1999-08-24,16.569,152
1999-08-25,16.656,152
1999-08-26,16.532,152
1999-08-27,16.153,152
1999-08-28,16.171,152
1999-08-29,16.521,152
1999-08-30,16.125,152
1999-08-31,15.969,152
1999-09-01,15.828,152
1999-09-02,15.93,152
1999-09-03,16.323,152
1999-09-04,16.507,152
1999-09-05,16.697,152
1999-09-06,16.9,152
1999-09-07,17.053,152
1999-09-08,17.155,152
1999-09-09,17.054,152
1999-09-10,17.153,152
1999-09-11,17.214,152
1999-09-12,17.364,152
1999-09-13,16.418,152
1999-09-14,16.171,152
1999-09-15,16.099,152
1999-09-16,16.083,152
1999-09-17,16.184,152
1999-09-18,16.273,152
1999-09-19,16.376,152
1999-09-20,16.379,152
1999-09-21,16.424,152
1999-09-22,16.785,152
1999-09-23,16.995,152
1999-09-24,16.996,152
1999-09-25,16.95,152
1999-09-26,16.826,152
1999-09-27,16.81,152
1999-09-28,16.522,152
1999-09-29,16.824,152
1999-09-30,16.86,152
1999-10-01,16.872,152
1999-10-02,16.234,152
1999-10-03,15.749,152
1999-10-04,15.651,152
1999-10-05,15.623,152
1999-10-06,15.278,152
1999-10-07,15.117,152
1999-10-08,15.15,152
1999-10-09,15.622,152
1999-10-10,16.588,152
1999-10-11,16.154,152
1999-10-12,15.993,152
1999-10-13,15.917,152
1999-10-14,15.929,152
1999-10-15,15.887,152
1999-10-16,16.686,152
1999-10-17,16.632,152
1999-10-18,16.569,152
1999-10-19,16.567,152
1999-10-20,16.512,152
1999-10-21,16.821,152
1999-10-22,16.796,152
1999-10-23,16.705,152
1999-10-24,16.52,152
1999-10-25,16.442,152
1999-10-26,16.378,152
1999-10-27,16.373,152
1999-10-28,16.279,152
1999-10-29,16.264,152
1999-10-30,16.277,152
1999-10-31,16.403,152
1999-11-01,16.739,152
1999-11-02,16.654,152
1999-11-03,16.323,152
1999-11-04,16.216,152
1999-11-05,15.984,152
1999-11-06,16.495,152
1999-11-07,16.804,152
1999-11-08,16.567,152
1999-11-09,16.454,152
1999-11-10,16.346,152
1999-11-11,16.438,152
1999-11-12,16.374,152
1999-11-13,16.183,152
1999-11-14,16.041,152
1999-11-15,16.013,152
1999-11-16,16.095,152
1999-11-17,15.963,152
1999-11-18,15.755,152
1999-11-19,15.707,152
1999-11-20,15.585,152
1999-11-21,15.502,152
1999-11-22,15.18,152
1999-11-23,14.634,152
1999-11-24,14.561,152
1999-11-25,14.359,152
1999-11-26,14.428,152
1999-11-27,14.586,152
1999-11-28,14.884,152
1999-11-29,15.138,152
1999-11-30,14.934,152
1999-12-01,14.67,152
1999-12-02,14.465,152
1999-12-03,13.875,152
1999-12-04,13.825,152
1999-12-05,14.09,152
1999-12-06,14.115,152
1999-12-07,14.071,152
1999-12-08,13.932,152
1999-12-09,13.462,152
1999-12-10,13.449,152
1999-12-11,13.529,152
1999-12-12,13.568,152
1999-12-13,13.517,152
1999-12-14,13.532,152
1999-12-15,13.766,152
1999-12-16,13.989,152
1999-12-17,14.033,152
1999-12-18,13.919,152
1999-12-19,13.67,152
1999-12-20,13.301,152
1999-12-21,13.337,152
1999-12-22,13.371,152
1999-12-23,13.389,152
1999-12-24,13.492,152
1999-12-25,13.643,152
1999-12-26,13.772,152
1999-12-27,13.959,152
1999-12-28,13.997,152
1999-12-29,13.944,152
1999-12-30,13.786,152
1999-12-31,13.938,152
2000-01-01,13.515,152
2000-01-02,13.435,152
2000-01-03,13.332,152
2000-01-04,13.173,152
2000-01-05,13.165,152
2000-01-06,13.135,152
2000-01-07,13.126,152
2000-01-08,12.683,152
2000-01-09,13.145,152
2000-01-10,13.169,152
2000-01-11,13.161,152
2000-01-12,13.089,152
2000-01-13,13.119,152
2000-01-14,13.16,152
2000-01-15,13.171,152
2000-01-16,13.191,152
2000-01-17,13.284,152
2000-01-18,13.603,152
2000-01-19,13.666,152
2000-01-20,13.719,152
2000-01-21,13.744,152
2000-01-22,13.705,152
2000-01-23,13.699,152
2000-01-24,13.722,152
2000-01-25,13.518,152
2000-01-26,13.486,152
2000-01-27,13.448,152
2000-01-28,13.403,152
2000-01-29,13.421,152
2000-01-30,13.609,152
2000-01-31,13.492,152
2000-02-01,13.522,152
2000-02-02,13.644,152
2000-02-03,13.913,152
2000-02-04,13.695,152
2000-02-05,13.617,152
2000-02-06,13.569,152
2000-02-07,13.562,152
2000-02-08,13.644,152
2000-02-09,13.745,152
2000-02-10,13.807,152
2000-02-11,13.715,152
2000-02-12,13.684,152
2000-02-13,13.684,152
2000-02-14,13.701,152
2000-02-15,13.735,152
2000-02-16,13.606,152
2000-02-17,13.571,152
2000-02-18,13.57,152
2000-02-19,13.567,152
2000-02-20,13.437,152
2000-02-21,13.409,152
2000-02-22,13.41,152
2000-02-23,13.169,152
2000-02-24,13.15,152
2000-02-25,13.128,152
2000-02-26,13.252,152
2000-02-27,13.223,152
2000-02-28,13.151,152
2000-02-29,12.978,152
2000-03-01,13.07,152
2000-03-02,13.082,152
2000-03-03,13.173,152
2000-03-04,13.121,152
2000-03-05,13.105,152
2000-03-06,12.998,152
2000-03-07,12.973,152
2000-03-08,12.981,152
2000-03-09,13.018,152
2000-03-10,12.949,152
2000-03-11,12.933,152
2000-03-12,12.951,152
2000-03-13,12.896,152
2000-03-14,12.931,152
2000-03-15,13.045,152
2000-03-16,13.285,152
2000-03-17,13.402,152
2000-03-18,13.432,152
2000-03-19,13.456,152
2000-03-20,12.941,152
2000-03-21,12.843,152
2000-03-22,12.947,152
2000-03-23,13.171,152
2000-03-24,13.148,152
2000-03-25,13.802,152
2000-03-26,13.814,152
2000-03-27,13.758,152
2000-03-28,13.035,152
2000-03-29,13.067,152
2000-03-30,13.323,152
2000-03-31,13.136,152
2000-04-01,13.656,152
2000-04-02,14.082,152
2000-04-03,14.265,152
2000-04-04,13.682,152
2000-04-05,13.642,152
2000-04-06,13.623,152
2000-04-07,13.396,152
2000-04-08,13.163,152
2000-04-09,13.081,152
2000-04-10,13.278,152
2000-04-11,14.161,152
2000-04-12,14.312,152
2000-04-13,14.015,152
2000-04-14,13.919,152
2000-04-15,13.825,152
2000-04-16,13.775,152
2000-04-17,13.678,152
2000-04-18,13.75,152
2000-04-19,13.806,152
2000-04-20,13.924,152
2000-04-21,13.623,152
2000-04-22,13.524,152
2000-04-23,13.661,152
2000-04-24,13.719,152
2000-04-25,13.712,152
2000-04-26,13.991,152
2000-04-27,13.75,152
2000-04-28,13.59,152
2000-04-29,13.637,152
2000-04-30,14.053,152
2000-05-01,13.956,152
2000-05-02,13.69,152
2000-05-03,13.661,152
2000-05-04,13.426,152
2000-05-05,13.379,152
2000-05-06,13.682,152
2000-05-07,13.673,152
2000-05-08,13.762,152
2000-05-09,13.044,152
2000-05-10,12.789,152
2000-05-11,12.668,152
2000-05-12,12.783,152
2000-05-13,13.253,152
2000-05-14,13.254,152
2000-05-15,14.319,152
2000-05-16,13.863,152
2000-05-17,13.652,152
2000-05-18,13.442,152
2000-05-19,13.531,152
2000-05-20,13.593,152
2000-05-21,13.398,152
2000-05-22,13.606,152
2000-05-23,13.63,152
2000-05-24,13.861,152
2000-05-25,14.419,152
2000-05-26,14.533,152
2000-05-27,14.473,152
2000-05-28,14.724,152
2000-05-29,15.506,152
2000-05-30,15.635,152
2000-05-31,15.566,152
2000-06-01,15.635,152
2000-06-02,15.809,152
2000-06-03,15.752,152
2000-06-04,15.522,152
2000-06-05,15.485,152
2000-06-06,15.526,152
2000-06-07,15.788,152
2000-06-08,15.58,152
2000-06-09,15.138,152
2000-06-10,14.944,152
2000-06-11,14.973,152
2000-06-12,15.215,152
2000-06-13,16.529,152
2000-06-14,17.009,152
2000-06-15,17.375,152
2000-06-16,17.422,152
2000-06-17,17.51,152
2000-06-18,17.543,152
2000-06-19,18.047,152
2000-06-20,18.039,152
2000-06-21,18.063,152
2000-06-22,17.917,152
2000-06-23,17.858,152
2000-06-24,18.408,152
2000-06-25,18.35,152
2000-06-26,18.27,152
2000-06-27,17.878,152
2000-06-28,17.771,152
2000-06-29,17.714,152
2000-06-30,17.524,152
2000-07-01,17.19,152
2000-07-02,17.167,152
2000-07-03,17.103,152
2000-07-04,16.91,152
2000-07-05,16.539,152
2000-07-06,16.705,152
2000-07-07,16.77,152
2000-07-08,16.758,152
2000-07-09,16.986,152
2000-07-10,17.052,152
2000-07-11,17.698,152
2000-07-12,17.502,152
2000-07-13,17.46,152
2000-07-14,17.384,152
2000-07-15,17.062,152
2000-07-16,16.69,152
2000-07-17,16.71,152
2000-07-18,16.396,152
2000-07-19,16.404,152
2000-07-20,16.368,152
2000-07-21,16.508,152
2000-07-22,17.404,152
2000-07-23,17.44,152
2000-07-24,17.442,152
2000-07-25,17.287,152
2000-07-26,17.311,152
2000-07-27,17.329,152
2000-07-28,17.569,152
2000-07-29,17.539,152
2000-07-30,17.424,152
2000-07-31,17.517,152
2000-08-01,17.593,152
2000-08-02,17.704,152
2000-08-03,17.86,152
2000-08-04,17.817,152
2000-08-05,17.615,152
2000-08-06,17.409,152
2000-08-07,17.317,152
2000-08-08,17.325,152
2000-08-09,17.396,152
2000-08-10,17.145,152
2000-08-11,17.154,152
2000-08-12,17.252,152
2000-08-13,17.842,152
2000-08-14,17.957,152
2000-08-15,17.932,152
2000-08-16,18.34,152
2000-08-17,18.527,152
2000-08-18,18.456,152
2000-08-19,18.623,152
2000-08-20,18.546,152
2000-08-21,18.534,152
2000-08-22,18.638,152
2000-08-23,18.824,152
2000-08-24,18.872,152
2000-08-25,18.747,152
2000-08-26,18.491,152
2000-08-27,18.463,152
2000-08-28,18.397,152
2000-08-29,18.519,152
2000-08-30,18.56,152
2000-08-31,18.75,152
2000-09-01,18.821,152
2000-09-02,18.821,152
2000-09-03,18.634,152
2000-09-04,18.241,152
2000-09-05,18.097,152
2000-09-06,18.107,152
2000-09-07,17.765,152
2000-09-08,17.638,152
2000-09-09,17.366,152
2000-09-10,17.391,152
2000-09-11,17.395,152
2000-09-12,17.43,152
2000-09-13,18.248,152
2000-09-14,17.657,152
2000-09-15,17.668,152
2000-09-16,17.832,152
2000-09-17,17.858,152
2000-09-18,17.944,152
2000-09-19,17.799,152
2000-09-20,17.772,152
2000-09-21,17.829,152
2000-09-22,17.963,152
2000-09-23,18.581,152
2000-09-24,18.693,152
2000-09-25,18.755,152
2000-09-26,18.63,152
2000-09-27,18.519,152
2000-09-28,18.323,152
2000-09-29,18.474,152
2000-09-30,18.422,152
2000-10-01,18.406,152
2000-10-02,18.281,152
2000-10-03,18.132,152
2000-10-04,17.977,152
2000-10-05,17.843,152
2000-10-06,17.737,152
2000-10-07,17.639,152
2000-10-08,17.502,152
2000-10-09,17.446,152
2000-10-10,17.306,152
2000-10-11,17.2,152
2000-10-12,17.032,152
2000-10-13,16.924,152
2000-10-14,16.875,152
2000-10-15,16.721,152
2000-10-16,16.815,152
2000-10-17,16.834,152
2000-10-18,16.53,152
2000-10-19,16.438,152
2000-10-20,16.398,152
2000-10-21,16.169,152
2000-10-22,16.077,152
2000-10-23,16.062,152
2000-10-24,16.172,152
2000-10-25,16.269,152
2000-10-26,16.29,152
2000-10-27,16.286,152
2000-10-28,16.304,152
2000-10-29,16.051,152
2000-10-30,16.061,152
2000-10-31,15.976,152
2000-11-01,16.029,152
2000-11-02,16.018,152
2000-11-03,16.39,152
2000-11-04,16.258,152
2000-11-05,16.187,152
2000-11-06,15.673,152
2000-11-07,15.587,152
2000-11-08,15.598,152
2000-11-09,15.087,152
2000-11-10,14.991,152
2000-11-11,14.966,152
2000-11-12,14.995,152
2000-11-13,14.779,152
2000-11-14,14.709,152
2000-11-15,14.632,152
2000-11-16,13.853,152
2000-11-17,13.826,152
2000-11-18,13.828,152
2000-11-19,13.979,152
2000-11-20,14.083,152
2000-11-21,14.148,152
2000-11-22,14.121,152
2000-11-23,14.093,152
2000-11-24,14.08,152
2000-11-25,14.333,152
2000-11-26,14.512,152
2000-11-27,14.52,152
2000-11-28,14.461,152
2000-11-29,14.467,152
2000-11-30,14.532,152
2000-12-01,14.549,152
2000-12-02,14.604,152
2000-12-03,14.639,152
2000-12-04,14.65,152
2000-12-05,14.743,152
2000-12-06,14.835,152
2000-12-07,14.902,152
2000-12-08,14.877,152
2000-12-09,14.841,152
2000-12-10,14.788,152
2000-12-11,14.318,152
2000-12-12,14.173,152
2000-12-13,14.09,152
2000-12-14,14.023,152
2000-12-15,13.775,152
2000-12-16,13.752,152
2000-12-17,13.736,152
2000-12-18,13.711,152
2000-12-19,13.745,152
2000-12-20,13.747,152
2000-12-21,13.652,152
2000-12-22,13.657,152
2000-12-23,13.645,152
2000-12-24,13.43,152
2000-12-25,13.438,152
2000-12-26,13.439,152
2000-12-27,13.802,152
2000-12-28,13.822,152
2000-12-29,13.82,152
2000-12-30,13.626,152
2000-12-31,13.586,152
2001-01-01,13.623,152
2001-01-02,13.97,152
2001-01-03,14.073,152
2001-01-04,14.121,152
2001-01-05,14.075,152
2001-01-06,14.155,152
2001-01-07,14.195,152
2001-01-08,14.128,152
2001-01-09,14.168,152
2001-01-10,14.151,152
2001-01-11,14.04,152
2001-01-12,13.855,152
2001-01-13,13.85,152
2001-01-14,13.852,152
2001-01-15,13.768,152
2001-01-16,13.678,152
2001-01-17,13.596,152
2001-01-18,13.583,152
2001-01-19,13.589,152
2001-01-20,13.629,152
2001-01-21,13.631,152
2001-01-22,13.636,152
2001-01-23,13.628,152
2001-01-24,13.592,152
2001-01-25,13.465,152
2001-01-26,13.105,152
2001-01-27,12.871,152
2001-01-28,12.843,152
2001-01-29,12.776,152
2001-01-30,12.734,152
2001-01-31,12.745,152
2001-02-01,12.689,152
2001-02-02,12.829,152
2001-02-03,12.889,152
2001-02-04,12.989,152
2001-02-05,13.152,152
2001-02-06,13.093,152
2001-02-07,12.979,152
2001-02-08,12.907,152
2001-02-09,12.887,152
2001-02-10,12.828,152
2001-02-11,12.782,152
2001-02-12,12.736,152
2001-02-13,12.031,152
2001-02-14,12.017,152
2001-02-15,12.041,152
2001-02-16,12.253,152
2001-02-17,12.379,152
2001-02-18,12.464,152
2001-02-19,12.758,152
2001-02-20,12.816,152
2001-02-21,12.859,152
2001-02-22,12.724,152
2001-02-23,12.653,152
2001-02-24,12.606,152
2001-02-25,12.567,152
2001-02-26,12.654,152
2001-02-27,12.62,152
2001-02-28,12.449,152
2001-03-01,12.699,152
2001-03-02,12.725,152
2001-03-03,12.769,152
2001-03-04,12.733,152
2001-03-05,12.726,152
2001-03-06,12.758,152
2001-03-07,12.776,152
2001-03-08,12.768,152
2001-03-09,12.88,152
2001-03-10,12.836,152
2001-03-11,12.797,152
2001-03-12,13.073,152
2001-03-13,13.315,152
2001-03-14,13.322,152
2001-03-15,13.007,152
2001-03-16,12.636,152
2001-03-17,13.16,152
2001-03-18,13.54,152
2001-03-19,13.768,152
2001-03-20,13.759,152
2001-03-21,13.842,152
2001-03-22,13.931,152
2001-03-23,13.996,152
2001-03-24,13.93,152
2001-03-25,13.751,152
2001-03-26,13.716,152
2001-03-27,13.793,152
2001-03-28,13.85,152
2001-03-29,13.498,152
2001-03-30,13.382,152
2001-03-31,13.16,152
2001-04-01,13.253,152
2001-04-02,13.188,152
2001-04-03,13.119,152
2001-04-04,13.025,152
2001-04-05,13.016,152
2001-04-06,12.986,152
2001-04-07,12.2,152
2001-04-08,12.206,152
2001-04-09,12.286,152
2001-04-10,12.31,152
2001-04-11,12.166,152
2001-04-12,12.185,152
2001-04-13,12.23,152
2001-04-14,12.304,152
2001-04-15,12.446,152
2001-04-16,12.482,152
2001-04-17,12.475,152
2001-04-18,12.472,152
2001-04-19,12.313,152
2001-04-20,12.216,152
2001-04-21,12.509,152
2001-04-22,12.63,152
2001-04-23,12.682,152
2001-04-24,12.657,152
2001-04-25,12.705,152
2001-04-26,12.753,152
2001-04-27,12.402,152
2001-04-28,12.484,152
2001-04-29,12.208,152
2001-04-30,12.28,152
2001-05-01,12.285,152
2001-05-02,13.276,152
2001-05-03,14.138,152
2001-05-04,14.392,152
2001-05-05,14.232,152
2001-05-06,14.014,152
2001-05-07,14.161,152
2001-05-08,14.174,152
2001-05-09,14.229,152
2001-05-10,14.19,152
2001-05-11,14.271,152
2001-05-12,14.402,152
2001-05-13,14.717,152
2001-05-14,14.753,152
2001-05-15,14.853,152
2001-05-16,15.347,152
2001-05-17,15.326,152
2001-05-18,15.302,152
2001-05-19,15.245,152
2001-05-20,15.249,152
2001-05-21,15.236,152
2001-05-22,15.341,152
2001-05-23,15.552,152
2001-05-24,15.593,152
2001-05-25,15.639,152
2001-05-26,15.669,152
2001-05-27,15.686,152
2001-05-28,15.459,152
2001-05-29,16.369,152
2001-05-30,16.549,152
2001-05-31,16.645,152
2001-06-01,16.653,152
2001-06-02,16.472,152
2001-06-03,16.303,152
2001-06-04,16.246,152
2001-06-05,16.21,152
2001-06-06,16.314,152
2001-06-07,16.135,152
2001-06-08,16.178,152
2001-06-09,16.243,152
2001-06-10,16.147,152
2001-06-11,15.321,152
2001-06-12,15.228,152
2001-06-13,15.341,152
2001-06-14,16.127,152
2001-06-15,16.859,152
2001-06-16,16.977,152
2001-06-17,17.571,152
2001-06-18,17.693,152
2001-06-19,17.551,152
2001-06-20,17.466,152
2001-06-21,17.464,152
2001-06-22,17.481,152
2001-06-23,17.66,152
2001-06-24,17.148,152
2001-06-25,17.064,152
2001-06-26,17.075,152
2001-06-27,17.391,152
2001-06-28,17.377,152
2001-06-29,17.124,152
2001-06-30,16.908,152
2001-07-01,17.097,152
2001-07-02,17.557,152
2001-07-03,18.278,152
2001-07-04,18.403,152
2001-07-05,18.261,152
2001-07-06,18.533,152
2001-07-07,18.311,152
2001-07-08,18.047,152
2001-07-09,17.248,152
2001-07-10,17.196,152
2001-07-11,17.234,152
2001-07-12,16.851,152
2001-07-13,16.769,152
2001-07-14,16.704,152
2001-07-15,16.686,152
2001-07-16,16.686,152
2001-07-17,16.543,152
2001-07-18,16.53,152
2001-07-19,16.427,152
2001-07-20,16.264,152
2001-07-21,15.978,152
2001-07-22,15.918,152
2001-07-23,15.931,152
2001-07-24,16.084,152
2001-07-25,16.265,152
2001-07-26,16.389,152
2001-07-27,16.472,152
2001-07-28,16.504,152
2001-07-29,16.651,152
2001-07-30,16.664,152
2001-07-31,16.723,152
2001-08-01,16.705,152
2001-08-02,16.76,152
2001-08-03,16.841,152
2001-08-04,17.054,152
2001-08-05,17.079,152
2001-08-06,17.18,152
2001-08-07,16.809,152
2001-08-08,16.845,152
2001-08-09,16.866,152
2001-08-10,16.894,152
2001-08-11,16.981,152
2001-08-12,16.838,152
2001-08-13,16.55,152
2001-08-14,16.42,152
2001-08-15,16.547,152
2001-08-16,16.351,152
2001-08-17,16.248,152
2001-08-18,16.309,152
2001-08-19,16.318,152
2001-08-20,16.164,152
2001-08-21,16.224,152
2001-08-22,15.991,152
2001-08-23,16.222,152
2001-08-24,16.27,152
2001-08-25,16.055,152
2001-08-26,15.985,152
2001-08-27,16.129,152
2001-08-28,16.547,152
2001-08-29,17.065,152
2001-08-30,17.201,152
2001-08-31,17.322,152
2001-09-01,17.735,152
2001-09-02,17.751,152
2001-09-03,17.719,152
2001-09-04,17.698,152
2001-09-05,17.653,152
2001-09-06,17.537,152
2001-09-07,17.537,152
2001-09-08,17.442,152
2001-09-09,17.956,152
2001-09-10,18.021,152
2001-09-11,18.134,152
2001-09-12,17.931,152
2001-09-13,17.815,152
2001-09-14,17.778,152
2001-09-15,17.86,152
2001-09-16,17.737,152
2001-09-17,17.62,152
2001-09-18,17.491,152
2001-09-19,17.33,152
2001-09-20,17.216,152
2001-09-21,17.266,152
2001-09-22,17.369,152
2001-09-23,17.003,152
2001-09-24,16.563,152
2001-09-25,16.366,152
2001-09-26,16.531,152
2001-09-27,16.869,152
2001-09-28,16.794,152
2001-09-29,16.721,152
2001-09-30,16.612,152
2001-10-01,16.808,152
2001-10-02,16.846,152
2001-10-03,16.669,152
2001-10-04,16.678,152
2001-10-05,16.726,152
2001-10-06,16.914,152
2001-10-07,16.956,152
2001-10-08,17.257,152
2001-10-09,17.207,152
2001-10-10,17.188,152
2001-10-11,17.246,152
2001-10-12,17.312,152
2001-10-13,17.347,152
2001-10-14,17.481,152
2001-10-15,17.39,152
2001-10-16,17.02,152
2001-10-17,16.978,152
2001-10-18,16.977,152
2001-10-19,16.785,152
2001-10-20,16.792,152
2001-10-21,16.412,152
2001-10-22,16.45,152
2001-10-23,16.344,152
2001-10-24,16.319,152
2001-10-25,16.207,152
2001-10-26,16.35,152
2001-10-27,16.424,152
2001-10-28,16.442,152
2001-10-29,16.468,152
2001-10-30,16.625,152
2001-10-31,16.586,152
2001-11-01,16.554,152
2001-11-02,16.494,152
2001-11-03,16.482,152
2001-11-04,16.834,152
2001-11-05,16.826,152
2001-11-06,16.839,152
2001-11-07,16.424,152
2001-11-08,16.64,152
2001-11-09,16.726,152
2001-11-10,16.828,152
2001-11-11,17.03,152
2001-11-12,16.929,152
2001-11-13,16.856,152
2001-11-14,16.854,152
2001-11-15,16.799,152
2001-11-16,16.837,152
2001-11-17,16.203,152
2001-11-18,16.007,152
2001-11-19,16.068,152
2001-11-20,16.161,152
2001-11-21,15.535,152
2001-11-22,15.402,152
2001-11-23,15.345,152
2001-11-24,15.273,152
2001-11-25,15.314,152
2001-11-26,15.04,152
2001-11-27,14.611,152
2001-11-28,14.563,152
2001-11-29,14.562,152
2001-11-30,14.578,152
2001-12-01,14.572,152
2001-12-02,14.472,152
2001-12-03,14.282,152
2001-12-04,14.11,152
2001-12-05,14.042,152
2001-12-06,14.237,152
2001-12-07,14.137,152
2001-12-08,14.038,152
2001-12-09,13.754,152
2001-12-10,13.299,152
2001-12-11,13.258,152
2001-12-12,13.269,152
2001-12-13,13.294,152
2001-12-14,13.315,152
2001-12-15,12.863,152
2001-12-16,12.775,152
2001-12-17,12.888,152
2001-12-18,12.947,152
2001-12-19,12.989,152
2001-12-20,13.052,152
2001-12-21,12.964,152
2001-12-22,13.216,152
2001-12-23,13.221,152
2001-12-24,13.13,152
2001-12-25,13.111,152
2001-12-26,13.089,152
2001-12-27,13.189,152
2001-12-28,13.216,152
2001-12-29,13.243,152
2001-12-30,12.811,152
2001-12-31,12.943,152
2002-01-01,12.969,152
2002-01-02,13.162,152
2002-01-03,13.58,152
2002-01-04,13.54,152
2002-01-05,13.532,152
2002-01-06,13.568,152
2002-01-07,13.675,152
2002-01-08,13.53,152
2002-01-09,13.509,152
2002-01-10,13.995,152
2002-01-11,14.134,152
2002-01-12,13.994,152
2002-01-13,13.441,152
2002-01-14,13.477,152
2002-01-15,13.56,152
2002-01-16,13.912,152
2002-01-17,13.921,152
2002-01-18,13.905,152
2002-01-19,13.552,152
2002-01-20,13.606,152
2002-01-21,13.587,152
2002-01-22,13.248,152
2002-01-23,13.067,152
2002-01-24,13.06,152
2002-01-25,13.075,152
2002-01-26,13.01,152
2002-01-27,12.966,152
2002-01-28,12.927,152
2002-01-29,12.672,152
2002-01-30,12.672,152
2002-01-31,12.657,152
2002-02-01,12.609,152
2002-02-02,12.643,152
2002-02-03,12.724,152
2002-02-04,12.781,152
2002-02-05,12.866,152
2002-02-06,13.089,152
2002-02-07,13.033,152
2002-02-08,12.921,152
2002-02-09,12.903,152
2002-02-10,12.899,152
2002-02-11,13.08,152
2002-02-12,13.049,152
2002-02-13,13.048,152
2002-02-14,13.122,152
2002-02-15,13.203,152
2002-02-16,13.18,152
2002-02-17,13.12,152
2002-02-18,13.075,152
2002-02-19,13.198,152
2002-02-20,13.291,152
2002-02-21,13.52,152
2002-02-22,13.733,152
2002-02-23,14.064,152
2002-02-24,14.085,152
2002-02-25,14.056,152
2002-02-26,13.964,152
2002-02-27,13.869,152
2002-02-28,13.929,152
2002-03-01,14.126,152
2002-03-02,14.245,152
2002-03-03,14.299,152
2002-03-04,14.289,152
2002-03-05,14.21,152
2002-03-06,14.084,152
2002-03-07,14.125,152
2002-03-08,14.089,152
2002-03-09,13.693,152
2002-03-10,13.764,152
2002-03-11,13.8,152
2002-03-12,13.81,152
2002-03-13,13.187,152
2002-03-14,13.006,152
2002-03-15,12.99,152
2002-03-16,12.823,152
2002-03-17,12.53,152
2002-03-18,12.365,152
2002-03-19,12.273,152
2002-03-20,12.228,152
2002-03-21,12.821,152
2002-03-22,13.146,152
2002-03-23,13.075,152
2002-03-24,12.357,152
2002-03-25,12.199,152
2002-03-26,12.137,152
2002-03-27,13.038,152
2002-03-28,13.126,152
2002-03-29,13.177,152
2002-03-30,13.219,152
2002-03-31,13.26,152
2002-04-01,13.296,152
2002-04-02,13.245,152
2002-04-03,13.27,152
2002-04-04,13.323,152
2002-04-05,13.26,152
2002-04-06,13.172,152
2002-04-07,13.075,152
2002-04-08,13.003,152
2002-04-09,12.732,152
2002-04-10,12.599,152
2002-04-11,12.542,152
2002-04-12,12.672,152
2002-04-13,12.973,152
2002-04-14,13.181,152
2002-04-15,13.277,152
2002-04-16,13.091,152
2002-04-17,13.017,152
2002-04-18,12.547,152
2002-04-19,12.498,152
2002-04-20,12.489,152
2002-04-21,12.978,152
2002-04-22,13.038,152
2002-04-23,13.084,152
2002-04-24,13.045,152
2002-04-25,13.237,152
2002-04-26,13.24,152
2002-04-27,13.3,152
2002-04-28,13.892,152
2002-04-29,13.936,152
2002-04-30,13.845,152
2002-05-01,13.156,152
2002-05-02,12.97,152
2002-05-03,12.953,152
2002-05-04,12.759,152
2002-05-05,12.897,152
2002-05-06,12.919,152
2002-05-07,12.853,152
2002-05-08,13.104,152
2002-05-09,13.186,152
2002-05-10,13.041,152
2002-05-11,12.93,152
2002-05-12,12.802,152
2002-05-13,13.125,152
2002-05-14,13.09,152
2002-05-15,13.066,152
2002-05-16,13.193,152
2002-05-17,13.486,152
2002-05-18,13.572,152
2002-05-19,13.503,152
2002-05-20,13.839,152
2002-05-21,13.666,152
2002-05-22,13.606,152
2002-05-23,13.523,152
2002-05-24,13.527,152
2002-05-25,13.671,152
2002-05-26,13.86,152
2002-05-27,13.988,152
2002-05-28,14.015,152
2002-05-29,13.958,152
2002-05-30,13.928,152
2002-05-31,13.999,152
2002-06-01,14.139,152
2002-06-02,14.476,152
2002-06-03,14.574,152
2002-06-04,14.578,152
2002-06-05,14.661,152
2002-06-06,14.747,152
2002-06-07,14.849,152
2002-06-08,15.755,152
2002-06-09,15.707,152
2002-06-10,15.693,152
2002-06-11,16.037,152
2002-06-12,16.4,152
2002-06-13,16.102,152
2002-06-14,15.803,152
2002-06-15,15.878,152
2002-06-16,16.127,152
2002-06-17,16.454,152
2002-06-18,15.987,152
2002-06-19,15.841,152
2002-06-20,15.521,152
2002-06-21,15.563,152
2002-06-22,15.565,152
2002-06-23,15.587,152
2002-06-24,15.525,152
2002-06-25,15.75,152
2002-06-26,15.485,152
2002-06-27,15.328,152
2002-06-28,15.289,152
2002-06-29,15.348,152
2002-06-30,15.331,152
2002-07-01,15.6,152
2002-07-02,15.754,152
2002-07-03,15.886,152
2002-07-04,15.631,152
2002-07-05,15.77,152
2002-07-06,15.907,152
2002-07-07,15.899,152
2002-07-08,15.956,152
2002-07-09,16.119,152
2002-07-10,16.152,152
2002-07-11,16.317,152
2002-07-12,16.41,152
2002-07-13,16.686,152
2002-07-14,16.777,152
2002-07-15,16.538,152
2002-07-16,15.999,152
2002-07-17,15.903,152
2002-07-18,16.22,152
2002-07-19,16.341,152
2002-07-20,16.457,152
2002-07-21,17.167,152
2002-07-22,17.277,152
2002-07-23,17.32,152
2002-07-24,17.322,152
2002-07-25,17.317,152
2002-07-26,17.272,152
2002-07-27,17.029,152
2002-07-28,17.534,152
2002-07-29,17.449,152
2002-07-30,17.448,152
2002-07-31,17.271,152
2002-08-01,17.075,152
2002-08-02,17.014,152
2002-08-03,17.009,152
2002-08-04,16.868,152
2002-08-05,16.887,152
2002-08-06,16.853,152
2002-08-07,16.932,152
2002-08-08,16.962,152
2002-08-09,17.068,152
2002-08-10,16.883,152
2002-08-11,16.675,152
2002-08-12,16.741,152
2002-08-13,16.831,152
2002-08-14,16.703,152
2002-08-15,16.522,152
2002-08-16,16.426,152
2002-08-17,16.528,152
2002-08-18,16.555,152
2002-08-19,16.525,152
2002-08-20,16.814,152
2002-08-21,16.725,152
2002-08-22,16.564,152
2002-08-23,16.479,152
2002-08-24,16.588,152
2002-08-25,16.559,152
2002-08-26,16.383,152
2002-08-27,16.338,152
2002-08-28,16.553,152
2002-08-29,16.755,152
2002-08-30,16.767,152
2002-08-31,16.783,152
2002-09-01,16.923,152
2002-09-02,17.257,152
2002-09-03,17.402,152
2002-09-04,17.477,152
2002-09-05,17.443,152
2002-09-06,16.198,152
2002-09-07,15.958,152
2002-09-08,16.017,152
2002-09-09,16.395,152
2002-09-10,17.209,152
2002-09-11,16.964,152
2002-09-12,15.975,152
2002-09-13,15.795,152
2002-09-14,15.761,152
2002-09-15,15.625,152
2002-09-16,15.547,152
2002-09-17,15.565,152
2002-09-18,15.613,152
2002-09-19,16.148,152
2002-09-20,16.523,152
2002-09-21,16.923,152
2002-09-22,16.891,152
2002-09-23,16.857,152
2002-09-24,16.791,152
2002-09-25,16.902,152
2002-09-26,16.942,152
2002-09-27,16.966,152
2002-09-28,17.865,152
2002-09-29,17.953,152
2002-09-30,17.915,152
2002-10-01,17.266,152
2002-10-02,17.246,152
2002-10-03,17.226,152
2002-10-04,17.345,152
2002-10-05,17.477,152
2002-10-06,17.58,152
2002-10-07,17.624,152
2002-10-08,17.406,152
2002-10-09,17.213,152
2002-10-10,17.023,152
2002-10-11,16.958,152
2002-10-12,16.88,152
2002-10-13,16.784,152
2002-10-14,16.737,152
2002-10-15,16.699,152
2002-10-16,16.222,152
2002-10-17,16.076,152
2002-10-18,16.137,152
2002-10-19,16.113,152
2002-10-20,16.079,152
2002-10-21,16.049,152
2002-10-22,16.06,152
2002-10-23,16.089,152
2002-10-24,15.899,152
2002-10-25,15.787,152
2002-10-26,15.533,152
2002-10-27,15.565,152
2002-10-28,15.525,152
2002-10-29,15.773,152
2002-10-30,15.728,152
2002-10-31,15.69,152
2002-11-01,15.674,152
2002-11-02,15.97,152
2002-11-03,15.899,152
2002-11-04,15.918,152
2002-11-05,15.839,152
2002-11-06,15.788,152
2002-11-07,15.676,152
2002-11-08,15.643,152
2002-11-09,15.101,152
2002-11-10,14.996,152
2002-11-11,14.959,152
2002-11-12,14.875,152
2002-11-13,15.111,152
2002-11-14,15.134,152
2002-11-15,15.129,152
2002-11-16,14.99,152
2002-11-17,15.873,152
2002-11-18,16.071,152
2002-11-19,16.193,152
2002-11-20,16.241,152
2002-11-21,16.16,152
2002-11-22,15.892,152
2002-11-23,15.649,152
2002-11-24,15.409,152
2002-11-25,15.482,152
2002-11-26,15.499,152
2002-11-27,16.026,152
2002-11-28,16.009,152
2002-11-29,15.998,152
2002-11-30,16.191,152
2002-12-01,16.234,152
2002-12-02,16.199,152
2002-12-03,16.131,152
2002-12-04,16.059,152
2002-12-05,16.039,152
2002-12-06,16.062,152
2002-12-07,15.957,152
2002-12-08,15.691,152
2002-12-09,15.656,152
2002-12-10,15.378,152
2002-12-11,15.359,152
2002-12-12,15.339,152
2002-12-13,15.187,152
2002-12-14,15.197,152
2002-12-15,15.134,152
2002-12-16,15.253,152
2002-12-17,15.31,152
2002-12-18,15.267,152
2002-12-19,14.736,152
2002-12-20,14.606,152
2002-12-21,14.594,152
2002-12-22,14.442,152
2002-12-23,14.446,152
2002-12-24,14.388,152
2002-12-25,14.4,152
2002-12-26,14.482,152
2002-12-27,14.541,152
2002-12-28,14.549,152
2002-12-29,14.496,152
2002-12-30,14.479,152
2002-12-31,14.492,152
2003-01-01,14.66,152
2003-01-02,14.639,152
2003-01-03,14.631,152
2003-01-04,14.761,152
2003-01-05,14.684,152
2003-01-06,14.644,152
2003-01-07,14.576,152
2003-01-08,14.58,152
2003-01-09,14.589,152
2003-01-10,14.547,152
2003-01-11,14.565,152
2003-01-12,14.593,152
2003-01-13,14.615,152
2003-01-14,14.915,152
2003-01-15,14.873,152
2003-01-16,14.864,152
2003-01-17,15.16,152
2003-01-18,15.202,152
2003-01-19,15.207,152
2003-01-20,15.082,152
2003-01-21,15.089,152
2003-01-22,15.113,152
2003-01-23,14.929,152
2003-01-24,14.746,152
2003-01-25,14.734,152
2003-01-26,14.804,152
2003-01-27,14.839,152
2003-01-28,15.122,152
2003-01-29,15.167,152
2003-01-30,15.183,152
2003-01-31,15.244,152
2003-02-01,14.797,152
2003-02-02,14.746,152
2003-02-03,14.797,152
2003-02-04,14.791,152
2003-02-05,14.864,152
2003-02-06,14.873,152
2003-02-07,14.867,152
2003-02-08,14.757,152
2003-02-09,14.744,152
2003-02-10,14.726,152
2003-02-11,14.553,152
2003-02-12,14.553,152
2003-02-13,14.887,152
2003-02-14,14.984,152
2003-02-15,14.918,152
2003-02-16,14.802,152
2003-02-17,14.823,152
2003-02-18,15.059,152
2003-02-19,14.558,152
2003-02-20,14.459,152
2003-02-21,14.467,152
2003-02-22,14.677,152
2003-02-23,14.647,152
2003-02-24,14.441,152
2003-02-25,14.491,152
2003-02-26,14.489,152
2003-02-27,14.315,152
2003-02-28,14.211,152
2003-03-01,14.214,152
2003-03-02,14.304,152
2003-03-03,14.298,152
2003-03-04,14.306,152
2003-03-05,14.302,152
2003-03-06,14.506,152
2003-03-07,14.513,152
2003-03-08,14.433,152
2003-03-09,14.11,152
2003-03-10,14.033,152
2003-03-11,13.989,152
2003-03-12,13.97,152
2003-03-13,14.072,152
2003-03-14,14.381,152
2003-03-15,13.72,152
2003-03-16,13.453,152
2003-03-17,13.345,152
2003-03-18,13.007,152
2003-03-19,12.835,152
2003-03-20,12.821,152
2003-03-21,12.974,152
2003-03-22,12.935,152
2003-03-23,12.905,152
2003-03-24,12.736,152
2003-03-25,12.766,152
2003-03-26,12.396,152
2003-03-27,12.213,152
2003-03-28,12.181,152
2003-03-29,12.228,152
2003-03-30,12.518,152
2003-03-31,13.333,152
2003-04-01,13.297,152
2003-04-02,13.005,152
2003-04-03,12.613,152
2003-04-04,12.432,152
2003-04-05,12.331,152
2003-04-06,12.272,152
2003-04-07,12.198,152
2003-04-08,12.653,152
2003-04-09,13.233,152
2003-04-10,13.247,152
2003-04-11,13.149,152
2003-04-12,13.277,152
2003-04-13,13.322,152
2003-04-14,13.083,152
2003-04-15,13.151,152
2003-04-16,13.474,152
2003-04-17,13.438,152
2003-04-18,13.357,152
2003-04-19,13.221,152
2003-04-20,13.039,152
2003-04-21,12.864,152
2003-04-22,12.692,152
2003-04-23,12.916,152
2003-04-24,12.981,152
2003-04-25,13.548,152
2003-04-26,13.135,152
2003-04-27,13.177,152
2003-04-28,13.264,152
2003-04-29,12.845,152
2003-04-30,12.802,152
2003-05-01,12.763,152
2003-05-02,13.015,152
2003-05-03,13.08,152
2003-05-04,13.089,152
2003-05-05,12.588,152
2003-05-06,12.537,152
2003-05-07,12.524,152
2003-05-08,12.346,152
2003-05-09,12.359,152
2003-05-10,12.529,152
2003-05-11,12.721,152
2003-05-12,13.283,152
2003-05-13,13.146,152
2003-05-14,13.307,152
2003-05-15,13.282,152
2003-05-16,13.367,152
2003-05-17,13.373,152
2003-05-18,13.641,152
2003-05-19,13.66,152
2003-05-20,13.638,152
2003-05-21,13.47,152
2003-05-22,13.416,152
2003-05-23,13.43,152
2003-05-24,13.573,152
2003-05-25,13.803,152
2003-05-26,14.304,152
2003-05-27,14.929,152
2003-05-28,15.084,152
2003-05-29,15.109,152
2003-05-30,14.782,152
2003-05-31,14.67,152
2003-06-01,14.623,152
2003-06-02,14.71,152
2003-06-03,15.174,152
2003-06-04,15.379,152
2003-06-05,15.539,152
2003-06-06,15.569,152
2003-06-07,15.256,152
2003-06-08,15.096,152
2003-06-09,15.236,152
2003-06-10,15.71,152
2003-06-11,16.209,152
2003-06-12,15.454,152
2003-06-13,15.448,152
2003-06-14,15.455,152
2003-06-15,15.626,152
2003-06-16,15.567,152
2003-06-17,15.426,152
2003-06-18,15.187,152
2003-06-19,15.022,152
2003-06-20,15.146,152
2003-06-21,15.138,152
2003-06-22,15.233,152
2003-06-23,15.567,152
2003-06-24,15.673,152
2003-06-25,16.096,152
2003-06-26,17.046,152
2003-06-27,16.04,152
2003-06-28,15.888,152
2003-06-29,15.839,152
2003-06-30,15.899,152
2003-07-01,16.001,152
2003-07-02,16.13,152
2003-07-03,15.938,152
2003-07-04,15.594,152
2003-07-05,15.304,152
2003-07-06,15.201,152
2003-07-07,15.032,152
2003-07-08,14.828,152
2003-07-09,14.764,152
2003-07-10,15.156,152
2003-07-11,16.465,152
2003-07-12,17.052,152
2003-07-13,16.745,152
2003-07-14,16.571,152
2003-07-15,16.552,152
2003-07-16,16.697,152
2003-07-17,16.929,152
2003-07-18,17.929,152
2003-07-19,18.892,152
2003-07-20,18.72,152
2003-07-21,18.775,152
2003-07-22,18.786,152
2003-07-23,18.735,152
2003-07-24,19.878,152
2003-07-25,19.958,152
2003-07-26,19.842,152
2003-07-27,19.726,152
2003-07-28,19.637,152
2003-07-29,19.436,152
2003-07-30,19.541,152
2003-07-31,19.395,152
2003-08-01,19.511,152
2003-08-02,19.292,152
2003-08-03,19.148,152
2003-08-04,19.013,152
2003-08-05,18.774,152
2003-08-06,18.722,152
2003-08-07,18.489,152
2003-08-08,18.057,152
2003-08-09,17.662,152
2003-08-10,17.636,152
2003-08-11,17.516,152
2003-08-12,17.116,152
2003-08-13,16.748,152
2003-08-14,16.54,152
2003-08-15,17.068,152
2003-08-16,17.001,152
2003-08-17,16.807,152
2003-08-18,16.377,152
2003-08-19,16.262,152
2003-08-20,16.514,152
2003-08-21,17.644,152
2003-08-22,18.364,152
2003-08-23,18.107,152
2003-08-24,17.988,152
2003-08-25,17.257,152
2003-08-26,17.307,152
2003-08-27,16.876,152
2003-08-28,16.733,152
2003-08-29,16.651,152
2003-08-30,16.631,152
2003-08-31,16.683,152
2003-09-01,16.948,152
2003-09-02,17.086,152
2003-09-03,16.836,152
2003-09-04,16.799,152
2003-09-05,16.863,152
2003-09-06,17.004,152
2003-09-07,16.921,152
2003-09-08,16.74,152
2003-09-09,16.622,152
2003-09-10,17.135,152
2003-09-11,17.465,152
2003-09-12,17.423,152
2003-09-13,17.4,152
2003-09-14,17.267,152
2003-09-15,17.221,152
2003-09-16,16.852,152
2003-09-17,16.928,152
2003-09-18,16.942,152
2003-09-19,17.639,152
2003-09-20,17.424,152
2003-09-21,17.362,152
2003-09-22,16.757,152
2003-09-23,16.681,152
2003-09-24,16.625,152
2003-09-25,16.423,152
2003-09-26,16.179,152
2003-09-27,16.019,152
2003-09-28,15.952,152
2003-09-29,15.997,152
2003-09-30,16.036,152
2003-10-01,15.829,152
2003-10-02,15.728,152
2003-10-03,15.716,152
2003-10-04,15.818,152
2003-10-05,15.761,152
2003-10-06,15.76,152
2003-10-07,15.917,152
2003-10-08,16.512,152
2003-10-09,16.727,152
2003-10-10,17.048,152
2003-10-11,17.48,152
2003-10-12,17.72,152
2003-10-13,17.808,152
2003-10-14,17.931,152
2003-10-15,17.933,152
2003-10-16,17.857,152
2003-10-17,17.702,152
2003-10-18,17.541,152
2003-10-19,17.515,152
2003-10-20,17.645,152
2003-10-21,17.495,152
2003-10-22,17.182,152
2003-10-23,17.146,152
2003-10-24,17.212,152
2003-10-25,18.2,152
2003-10-26,18.572,152
2003-10-27,18.648,152
2003-10-28,18.571,152
2003-10-29,18.432,152
2003-10-30,16.696,152
2003-10-31,16.477,152
2003-11-01,16.358,152
2003-11-02,16.452,152
2003-11-03,16.102,152
2003-11-04,15.889,152
2003-11-05,15.867,152
2003-11-06,16.135,152
2003-11-07,16.169,152
2003-11-08,16.158,152
2003-11-09,16.347,152
2003-11-10,16.356,152
2003-11-11,16.393,152
2003-11-12,16.467,152
2003-11-13,16.47,152
2003-11-14,16.406,152
2003-11-15,15.8,152
2003-11-16,15.844,152
2003-11-17,15.936,152
2003-11-18,16.041,152
2003-11-19,15.918,152
2003-11-20,15.441,152
2003-11-21,15.125,152
2003-11-22,14.682,152
2003-11-23,14.516,152
2003-11-24,14.159,152
2003-11-25,14.085,152
2003-11-26,14.066,152
2003-11-27,14.023,152
2003-11-28,13.71,152
2003-11-29,13.736,152
2003-11-30,13.877,152
2003-12-01,14.566,152
2003-12-02,14.499,152
2003-12-03,14.457,152
2003-12-04,14.365,152
2003-12-05,14.422,152
2003-12-06,14.472,152
2003-12-07,14.435,152
2003-12-08,14.429,152
2003-12-09,14.508,152
2003-12-10,14.526,152
2003-12-11,14.243,152
2003-12-12,14.349,152
2003-12-13,14.38,152
2003-12-14,14.086,152
2003-12-15,14.072,152
2003-12-16,14.069,152
2003-12-17,14.22,152
2003-12-18,14.236,152
2003-12-19,14.234,152
2003-12-20,14.582,152
2003-12-21,14.562,152
2003-12-22,14.533,152
2003-12-23,14.293,152
2003-12-24,14.258,152
2003-12-25,13.953,152
2003-12-26,13.686,152
2003-12-27,13.61,152
2003-12-28,13.507,152
2003-12-29,13.467,152
2003-12-30,13.386,152
2003-12-31,13.324,152
2004-01-01,13.334,152
2004-01-02,13.343,152
2004-01-03,13.349,152
2004-01-04,13.329,152
2004-01-05,13.216,152
2004-01-06,13.102,152
2004-01-07,13.545,152
2004-01-08,13.592,152
2004-01-09,13.658,152
2004-01-10,13.733,152
2004-01-11,13.743,152
2004-01-12,13.861,152
2004-01-13,13.915,152
2004-01-14,13.913,152
2004-01-15,13.777,152
2004-01-16,13.688,152
2004-01-17,13.567,152
2004-01-18,13.616,152
2004-01-19,13.629,152
2004-01-20,13.677,152
2004-01-21,13.666,152
2004-01-22,13.703,152
2004-01-23,13.737,152
2004-01-24,13.587,152
2004-01-25,13.547,152
2004-01-26,13.552,152
2004-01-27,13.665,152
2004-01-28,13.817,152
2004-01-29,13.893,152
2004-01-30,13.903,152
2004-01-31,13.657,152
2004-02-01,13.505,152
2004-02-02,13.492,152
2004-02-03,13.15,152
2004-02-04,13.154,152
2004-02-05,13.157,152
2004-02-06,13.13,152
2004-02-07,13.066,152
2004-02-08,13.024,152
2004-02-09,13.083,152
2004-02-10,13.143,152
2004-02-11,13.148,152
2004-02-12,13.248,152
2004-02-13,13.239,152
2004-02-14,13.37,152
2004-02-15,13.386,152
2004-02-16,13.341,152
2004-02-17,13.413,152
2004-02-18,13.44,152
2004-02-19,13.405,152
2004-02-20,13.372,152
2004-02-21,13.276,152
2004-02-22,13.019,152
2004-02-23,13.033,152
2004-02-24,13.009,152
2004-02-25,12.989,152
2004-02-26,13.024,152
2004-02-27,13.029,152
2004-02-28,12.947,152
2004-02-29,12.942,152
2004-03-01,12.914,152
2004-03-02,12.917,152
2004-03-03,13.016,152
2004-03-04,13.122,152
2004-03-05,13.414,152
2004-03-06,13.682,152
2004-03-07,13.743,152
2004-03-08,13.664,152
2004-03-09,13.629,152
2004-03-10,13.709,152
2004-03-11,13.701,152
2004-03-12,13.785,152
2004-03-13,13.923,152
2004-03-14,13.939,152
2004-03-15,13.909,152
2004-03-16,13.938,152
2004-03-17,13.974,152
2004-03-18,13.968,152
2004-03-19,14.038,152
2004-03-20,14.028,152
2004-03-21,14.257,152
2004-03-22,14.322,152
2004-03-23,14.175,152
2004-03-24,14.201,152
2004-03-25,13.988,152
2004-03-26,13.872,152
2004-03-27,14.11,152
2004-03-28,14.555,152
2004-03-29,14.89,152
2004-03-30,14.629,152
2004-03-31,14.844,152
2004-04-01,14.286,152
2004-04-02,14.089,152
2004-04-03,14.125,152
2004-04-04,14.653,152
2004-04-05,14.565,152
2004-04-06,14.3,152
2004-04-07,14.015,152
2004-04-08,13.873,152
2004-04-09,13.88,152
2004-04-10,13.919,152
2004-04-11,13.912,152
2004-04-12,14.174,152
2004-04-13,14.126,152
2004-04-14,14.022,152
2004-04-15,14.004,152
2004-04-16,14.035,152
2004-04-17,13.964,152
2004-04-18,13.911,152
2004-04-19,13.613,152
2004-04-20,13.515,152
2004-04-21,13.426,152
2004-04-22,13.46,152
2004-04-23,13.544,152
2004-04-24,13.477,152
2004-04-25,13.451,152
2004-04-26,14.346,152
2004-04-27,14.514,152
2004-04-28,14.434,152
2004-04-29,14.282,152
2004-04-30,14.195,152
2004-05-01,14.305,152
2004-05-02,15.003,152
2004-05-03,15.101,152
2004-05-04,15.021,152
2004-05-05,15.169,152
2004-05-06,15.94,152
2004-05-07,15.845,152
2004-05-08,14.789,152
2004-05-09,14.301,152
2004-05-10,14.233,152
2004-05-11,14.103,152
2004-05-12,13.962,152
2004-05-13,14.141,152
2004-05-14,14.51,152
2004-05-15,15.117,152
2004-05-16,14.979,152
2004-05-17,14.834,152
2004-05-18,14.468,152
2004-05-19,14.625,152
2004-05-20,14.667,152
2004-05-21,14.522,152
2004-05-22,14.377,152
2004-05-23,14.374,152
2004-05-24,14.586,152
2004-05-25,14.552,152
2004-05-26,14.576,152
2004-05-27,14.804,152
2004-05-28,14.644,152
2004-05-29,14.579,152
2004-05-30,14.529,152
2004-05-31,14.692,152
2004-06-01,15.288,152
2004-06-02,15.413,152
2004-06-03,15.533,152
2004-06-04,14.711,152
2004-06-05,14.441,152
2004-06-06,14.367,152
2004-06-07,14.629,152
2004-06-08,14.573,152
2004-06-09,14.439,152
2004-06-10,14.536,152
2004-06-11,14.573,152
2004-06-12,15.027,152
2004-06-13,15.447,152
2004-06-14,15.562,152
2004-06-15,15.488,152
2004-06-16,15.737,152
2004-06-17,15.999,152
2004-06-18,16.115,152
2004-06-19,16.07,152
2004-06-20,16.313,152
2004-06-21,16.224,152
2004-06-22,16.139,152
2004-06-23,16.307,152
2004-06-24,16.369,152
2004-06-25,16.551,152
2004-06-26,16.124,152
2004-06-27,15.993,152
2004-06-28,15.723,152
2004-06-29,16.054,152
2004-06-30,16.916,152
2004-07-01,16.895,152
2004-07-02,16.846,152
2004-07-03,16.818,152
2004-07-04,16.823,152
2004-07-05,16.869,152
2004-07-06,16.96,152
2004-07-07,16.985,152
2004-07-08,17.035,152
2004-07-09,17.179,152
2004-07-10,17.391,152
2004-07-11,17.327,152
2004-07-12,17.188,152
2004-07-13,17.058,152
2004-07-14,17.577,152
2004-07-15,18.281,152
2004-07-16,18.396,152
2004-07-17,18.126,152
2004-07-18,17.735,152
2004-07-19,17.362,152
2004-07-20,17.147,152
2004-07-21,16.897,152
2004-07-22,17.044,152
2004-07-23,17.301,152
2004-07-24,17.339,152
2004-07-25,17.368,152
2004-07-26,17.314,152
2004-07-27,17.777,152
2004-07-28,17.461,152
2004-07-29,17.425,152
2004-07-30,17.34,152
2004-07-31,17.347,152
2004-08-01,17.358,152
2004-08-02,17.158,152
2004-08-03,17.206,152
2004-08-04,17.224,152
2004-08-05,17.944,152
2004-08-06,18.214,152
2004-08-07,18.124,152
2004-08-08,17.887,152
2004-08-09,17.508,152
2004-08-10,17.45,152
2004-08-11,17.28,152
2004-08-12,17.563,152
2004-08-13,17.532,152
2004-08-14,17.41,152
2004-08-15,17.743,152
2004-08-16,17.951,152
2004-08-17,18.062,152
2004-08-18,18.007,152
2004-08-19,18.524,152
2004-08-20,18.455,152
2004-08-21,19.376,152
2004-08-22,19.65,152
2004-08-23,19.57,152
2004-08-24,18.925,152
2004-08-25,18.758,152
2004-08-26,18.846,152
2004-08-27,19.235,152
2004-08-28,19.649,152
2004-08-29,19.56,152
2004-08-30,19.335,152
2004-08-31,19.138,152
2004-09-01,19.013,152
2004-09-02,18.776,152
2004-09-03,18.985,152
2004-09-04,19.584,152
2004-09-05,20.021,152
2004-09-06,20.989,152
2004-09-07,21.109,152
2004-09-08,21.063,152
2004-09-09,20.611,152
2004-09-10,20.705,152
2004-09-11,20.667,152
2004-09-12,20.614,152
2004-09-13,20.612,152
2004-09-14,20.795,152
2004-09-15,20.99,152
2004-09-16,20.854,152
2004-09-17,20.238,152
2004-09-18,19.539,152
2004-09-19,18.562,152
2004-09-20,18.472,152
2004-09-21,18.443,152
2004-09-22,18.644,152
2004-09-23,18.593,152
2004-09-24,18.273,152
2004-09-25,18.01,152
2004-09-26,17.569,152
2004-09-27,17.871,152
2004-09-28,17.905,152
2004-09-29,17.882,152
2004-09-30,17.847,152
2004-10-01,17.642,152
2004-10-02,17.52,152
2004-10-03,17.278,152
2004-10-04,17.216,152
2004-10-05,17.089,152
2004-10-06,17.048,152
2004-10-07,17.222,152
2004-10-08,17.348,152
2004-10-09,16.928,152
2004-10-10,16.811,152
2004-10-11,16.955,152
2004-10-12,17.544,152
2004-10-13,17.349,152
2004-10-14,16.872,152
2004-10-15,16.86,152
2004-10-16,16.882,152
2004-10-17,17.016,152
2004-10-18,17.186,152
2004-10-19,17.145,152
2004-10-20,17.101,152
2004-10-21,16.994,152
2004-10-22,16.938,152
2004-10-23,16.902,152
2004-10-24,16.767,152
2004-10-25,16.806,152
2004-10-26,16.768,152
2004-10-27,17.08,152
2004-10-28,17.116,152
2004-10-29,17.124,152
2004-10-30,16.714,152
2004-10-31,16.552,152
2004-11-01,16.487,152
2004-11-02,16.501,152
2004-11-03,16.697,152
2004-11-04,16.473,152
2004-11-05,16.217,152
2004-11-06,16.166,152
2004-11-07,16.331,152
2004-11-08,16.407,152
2004-11-09,16.542,152
2004-11-10,16.531,152
2004-11-11,16.63,152
2004-11-12,16.458,152
2004-11-13,16.378,152
2004-11-14,16.4,152
2004-11-15,16.575,152
2004-11-16,16.591,152
2004-11-17,16.548,152
2004-11-18,16.136,152
2004-11-19,15.975,152
2004-11-20,15.937,152
2004-11-21,15.858,152
2004-11-22,15.795,152
2004-11-23,16.122,152
2004-11-24,16.213,152
2004-11-25,16.058,152
2004-11-26,15.966,152
2004-11-27,15.834,152
2004-11-28,15.33,152
2004-11-29,15.285,152
2004-11-30,15.251,152
2004-12-01,15.048,152
2004-12-02,15.045,152
2004-12-03,15.033,152
2004-12-04,14.946,152
2004-12-05,14.887,152
2004-12-06,14.772,152
2004-12-07,14.876,152
2004-12-08,15.17,152
2004-12-09,15.141,152
2004-12-10,15.261,152
2004-12-11,15.338,152
2004-12-12,15.381,152
2004-12-13,15.112,152
2004-12-14,15.156,152
2004-12-15,15.144,152
2004-12-16,15.072,152
2004-12-17,15.03,152
2004-12-18,15.112,152
2004-12-19,15.113,152
2004-12-20,14.993,152
2004-12-21,14.965,152
2004-12-22,14.923,152
2004-12-23,14.791,152
2004-12-24,14.734,152
2004-12-25,14.737,152
2004-12-26,14.722,152
2004-12-27,14.643,152
2004-12-28,14.5,152
2004-12-29,14.354,152
2004-12-30,14.411,152
2004-12-31,14.409,152
2005-01-01,14.435,152
2005-01-02,14.46,152
2005-01-03,14.557,152
2005-01-04,14.573,152
2005-01-05,14.574,152
2005-01-06,14.569,152
2005-01-07,14.516,152
2005-01-08,14.482,152
2005-01-09,14.574,152
2005-01-10,14.65,152
2005-01-11,14.121,152
2005-01-12,14.112,152
2005-01-13,14.26,152
2005-01-14,14.573,152
2005-01-15,14.507,152
2005-01-16,14.538,152
2005-01-17,14.503,152
2005-01-18,14.637,152
2005-01-19,14.692,152
2005-01-20,14.739,152
2005-01-21,14.875,152
2005-01-22,15.027,152
2005-01-23,15.188,152
2005-01-24,15.473,152
2005-01-25,15.125,152
2005-01-26,14.632,152
2005-01-27,14.623,152
2005-01-28,14.636,152
2005-01-29,14.672,152
2005-01-30,14.71,152
2005-01-31,14.929,152
2005-02-01,15.101,152
2005-02-02,14.97,152
2005-02-03,14.815,152
2005-02-04,14.77,152
2005-02-05,14.723,152
2005-02-06,14.572,152
2005-02-07,14.619,152
2005-02-08,14.695,152
2005-02-09,14.839,152
2005-02-10,14.665,152
2005-02-11,14.636,152
2005-02-12,14.624,152
2005-02-13,14.644,152
2005-02-14,14.668,152
2005-02-15,14.587,152
2005-02-16,14.535,152
2005-02-17,14.598,152
2005-02-18,14.685,152
2005-02-19,14.731,152
2005-02-20,14.597,152
2005-02-21,14.513,152
2005-02-22,14.673,152
2005-02-23,14.693,152
2005-02-24,14.72,152
2005-02-25,14.753,152
2005-02-26,14.675,152
2005-02-27,14.822,152
2005-02-28,14.84,152
2005-03-01,14.815,152
2005-03-02,14.888,152
2005-03-03,15.065,152
2005-03-04,15.26,152
2005-03-05,15.476,152
2005-03-06,15.499,152
2005-03-07,15.504,152
2005-03-08,15.384,152
2005-03-09,15.323,152
2005-03-10,15.362,152
2005-03-11,15.34,152
2005-03-12,15.282,152
2005-03-13,15.337,152
2005-03-14,15.344,152
2005-03-15,15.416,152
2005-03-16,15.486,152
2005-03-17,15.311,152
2005-03-18,15.123,152
2005-03-19,14.931,152
2005-03-20,14.822,152
2005-03-21,14.807,152
2005-03-22,14.817,152
2005-03-23,14.832,152
2005-03-24,14.702,152
2005-03-25,14.639,152
2005-03-26,14.64,152
2005-03-27,14.645,152
2005-03-28,14.314,152
2005-03-29,13.835,152
2005-03-30,13.818,152
2005-03-31,13.877,152
2005-04-01,14.105,152
2005-04-02,14.057,152
2005-04-03,13.748,152
2005-04-04,14.116,152
2005-04-05,14.346,152
2005-04-06,14.362,152
2005-04-07,13.554,152
2005-04-08,13.008,152
2005-04-09,12.944,152
2005-04-10,12.833,152
2005-04-11,12.743,152
2005-04-12,12.637,152
2005-04-13,12.352,152
2005-04-14,12.537,152
2005-04-15,12.639,152
2005-04-16,13.043,152
2005-04-17,12.952,152
2005-04-18,12.758,152
2005-04-19,12.743,152
2005-04-20,13.152,152
2005-04-21,13.625,152
2005-04-22,13.636,152
2005-04-23,13.533,152
2005-04-24,13.499,152
2005-04-25,13.493,152
2005-04-26,13.255,152
2005-04-27,13.138,152
2005-04-28,13.771,152
2005-04-29,14.519,152
2005-04-30,14.497,152
2005-05-01,14.64,152
2005-05-02,14.567,152
2005-05-03,14.678,152
2005-05-04,14.703,152
2005-05-05,15.115,152
2005-05-06,14.644,152
2005-05-07,14.596,152
2005-05-08,14.597,152
2005-05-09,13.903,152
2005-05-10,13.683,152
2005-05-11,13.606,152
2005-05-12,13.553,152
2005-05-13,13.642,152
2005-05-14,13.856,152
2005-05-15,14.009,152
2005-05-16,14.286,152
2005-05-17,14.337,152
2005-05-18,14.224,152
2005-05-19,13.785,152
2005-05-20,13.551,152
2005-05-21,13.498,152
2005-05-22,13.475,152
2005-05-23,13.957,152
2005-05-24,14.152,152
2005-05-25,14.172,152
2005-05-26,14.149,152
2005-05-27,14.142,152
2005-05-28,14.412,152
2005-05-29,14.249,152
2005-05-30,14.121,152
2005-05-31,13.954,152
2005-06-01,14.225,152
2005-06-02,14.994,152
2005-06-03,14.905,152
2005-06-04,14.572,152
2005-06-05,14.157,152
2005-06-06,13.726,152
2005-06-07,13.647,152
2005-06-08,13.642,152
2005-06-09,13.631,152
2005-06-10,13.674,152
2005-06-11,13.955,152
2005-06-12,14.101,152
2005-06-13,14.384,152
2005-06-14,14.596,152
2005-06-15,14.821,152
2005-06-16,15.652,152
2005-06-17,15.508,152
2005-06-18,15.511,152
2005-06-19,15.509,152
2005-06-20,15.336,152
2005-06-21,15.399,152
2005-06-22,15.221,152
2005-06-23,15.085,152
2005-06-24,14.979,152
2005-06-25,14.799,152
2005-06-26,14.537,152
2005-06-27,14.896,152
2005-06-28,15.371,152
2005-06-29,15.386,152
2005-06-30,14.737,152
2005-07-01,14.373,152
2005-07-02,14.233,152
2005-07-03,14.507,152
2005-07-04,14.689,152
2005-07-05,14.173,152
2005-07-06,13.808,152
2005-07-07,13.783,152
2005-07-08,14.365,152
2005-07-09,14.577,152
2005-07-10,14.365,152
2005-07-11,14.009,152
2005-07-12,14.511,152
2005-07-13,15.848,152
2005-07-14,16.138,152
2005-07-15,16.122,152
2005-07-16,15.961,152
2005-07-17,16.102,152
2005-07-18,16.163,152
2005-07-19,16.231,152
2005-07-20,16.317,152
2005-07-21,16.759,152
2005-07-22,17.189,152
2005-07-23,17.247,152
2005-07-24,17.345,152
2005-07-25,17.586,152
2005-07-26,17.732,152
2005-07-27,17.702,152
2005-07-28,18.07,152
2005-07-29,17.967,152
2005-07-30,18.005,152
2005-07-31,17.828,152
2005-08-01,17.531,152
2005-08-02,17.571,152
2005-08-03,17.748,152
2005-08-04,17.689,152
2005-08-05,17.735,152
2005-08-06,17.697,152
2005-08-07,17.788,152
2005-08-08,18.103,152
2005-08-09,17.613,152
2005-08-10,17.441,152
2005-08-11,17.29,152
2005-08-12,17.374,152
2005-08-13,17.493,152
2005-08-14,17.624,152
2005-08-15,18.643,152
2005-08-16,19.058,152
2005-08-17,19.406,152
2005-08-18,19.377,152
2005-08-19,19.244,152
2005-08-20,18.979,152
2005-08-21,18.506,152
2005-08-22,18.132,152
2005-08-23,18.07,152
2005-08-24,17.752,152
2005-08-25,18.277,152
2005-08-26,18.595,152
2005-08-27,18.598,152
2005-08-28,18.357,152
2005-08-29,17.853,152
2005-08-30,17.992,152
2005-08-31,18.082,152
2005-09-01,18.681,152
2005-09-02,18.6,152
2005-09-03,18.626,152
2005-09-04,18.328,152
2005-09-05,18.307,152
2005-09-06,18.253,152
2005-09-07,17.846,152
2005-09-08,17.623,152
2005-09-09,17.476,152
2005-09-10,17.166,152
2005-09-11,17.245,152
2005-09-12,17.253,152
2005-09-13,17.431,152
2005-09-14,17.164,152
2005-09-15,16.907,152
2005-09-16,16.817,152
2005-09-17,16.667,152
2005-09-18,16.576,152
2005-09-19,16.768,152
2005-09-20,17.146,152
2005-09-21,17.321,152
2005-09-22,17.125,152
2005-09-23,17.117,152
2005-09-24,17.028,152
2005-09-25,16.936,152
2005-09-26,16.044,152
2005-09-27,16.004,152
2005-09-28,15.97,152
2005-09-29,16.321,152
2005-09-30,17.247,152
2005-10-01,17.266,152
2005-10-02,16.268,152
2005-10-03,15.914,152
2005-10-04,15.517,152
2005-10-05,15.517,152
2005-10-06,15.618,152
2005-10-07,15.652,152
2005-10-08,15.547,152
2005-10-09,15.698,152
2005-10-10,15.785,152
2005-10-11,15.848,152
2005-10-12,15.719,152
2005-10-13,16.008,152
2005-10-14,16.072,152
2005-10-15,15.711,152
2005-10-16,15.452,152
2005-10-17,15.401,152
2005-10-18,15.9,152
2005-10-19,16.039,152
2005-10-20,16.07,152
2005-10-21,15.809,152
2005-10-22,15.858,152
2005-10-23,15.888,152
2005-10-24,16.208,152
2005-10-25,15.731,152
2005-10-26,15.684,152
2005-10-27,15.77,152
2005-10-28,16.198,152
2005-10-29,16.034,152
2005-10-30,16.107,152
2005-10-31,16.398,152
2005-11-01,16.423,152
2005-11-02,16.282,152
2005-11-03,15.492,152
2005-11-04,15.238,152
2005-11-05,15.198,152
2005-11-06,15.132,152
2005-11-07,15.011,152
2005-11-08,15.469,152
2005-11-09,15.462,152
2005-11-10,15.518,152
2005-11-11,15.521,152
2005-11-12,15.608,152
2005-11-13,15.713,152
2005-11-14,15.702,152
2005-11-15,15.612,152
2005-11-16,15.441,152
2005-11-17,15.581,152
2005-11-18,15.803,152
2005-11-19,15.991,152
2005-11-20,15.947,152
2005-11-21,15.893,152
2005-11-22,15.639,152
2005-11-23,15.575,152
2005-11-24,15.564,152
2005-11-25,15.402,152
2005-11-26,14.914,152
2005-11-27,14.765,152
2005-11-28,14.691,152
2005-11-29,14.824,152
2005-11-30,14.877,152
2005-12-01,14.956,152
2005-12-02,14.331,152
2005-12-03,14.152,152
2005-12-04,14.082,152
2005-12-05,14.037,152
2005-12-06,14.181,152
2005-12-07,14.181,152
2005-12-08,14.262,152
2005-12-09,14.552,152
2005-12-10,14.555,152
2005-12-11,14.461,152
2005-12-12,14.467,152
2005-12-13,14.489,152
2005-12-14,14.48,152
2005-12-15,14.5,152
2005-12-16,14.497,152
2005-12-17,14.413,152
2005-12-18,14.497,152
2005-12-19,14.577,152
2005-12-20,14.649,152
2005-12-21,14.734,152
2005-12-22,14.751,152
2005-12-23,14.716,152
2005-12-24,14.874,152
2005-12-25,14.888,152
2005-12-26,15.142,152
2005-12-27,15.03,152
2005-12-28,14.645,152
2005-12-29,14.582,152
2005-12-30,14.532,152
2005-12-31,14.182,152
2006-01-01,13.955,152
2006-01-02,13.566,152
2006-01-03,13.504,152
2006-01-04,13.508,152
2006-01-05,14.112,152
2006-01-06,13.875,152
2006-01-07,13.664,152
2006-01-08,13.578,152
2006-01-09,13.659,152
2006-01-10,13.766,152
2006-01-11,13.7,152
2006-01-12,13.767,152
2006-01-13,13.742,152
2006-01-14,13.513,152
2006-01-15,13.384,152
2006-01-16,13.29,152
2006-01-17,13.196,152
2006-01-18,13.047,152
2006-01-19,12.922,152
2006-01-20,12.926,152
2006-01-21,12.875,152
2006-01-22,12.955,152
2006-01-23,12.971,152
2006-01-24,12.927,152
2006-01-25,13.027,152
2006-01-26,13.148,152
2006-01-27,13.154,152
2006-01-28,13.114,152
2006-01-29,13.327,152
2006-01-30,13.133,152
2006-01-31,13.073,152
2006-02-01,12.96,152
2006-02-02,12.942,152
2006-02-03,12.905,152
2006-02-04,12.952,152
2006-02-05,13.161,152
2006-02-06,13.59,152
2006-02-07,13.989,152
2006-02-08,14.074,152
2006-02-09,14.135,152
2006-02-10,14.084,152
2006-02-11,13.947,152
2006-02-12,14.465,152
2006-02-13,14.58,152
2006-02-14,14.464,152
2006-02-15,13.87,152
2006-02-16,13.467,152
2006-02-17,13.112,152
2006-02-18,13.108,152
2006-02-19,13.125,152
2006-02-20,13.185,152
2006-02-21,13.236,152
2006-02-22,13.276,152
2006-02-23,13.347,152
2006-02-24,13.427,152
2006-02-25,13.433,152
2006-02-26,13.24,152
2006-02-27,13.303,152
2006-02-28,13.244,152
2006-03-01,13.298,152
2006-03-02,13.324,152
2006-03-03,13.266,152
2006-03-04,12.822,152
2006-03-05,12.829,152
2006-03-06,13.016,152
2006-03-07,12.934,152
2006-03-08,12.78,152
2006-03-09,12.592,152
2006-03-10,12.151,152
2006-03-11,12.003,152
2006-03-12,12.11,152
2006-03-13,12.081,152
2006-03-14,12.067,152
2006-03-15,12.112,152
2006-03-16,12.154,152
2006-03-17,11.964,152
2006-03-18,11.939,152
2006-03-19,11.927,152
2006-03-20,11.752,152
2006-03-21,11.697,152
2006-03-22,11.809,152
2006-03-23,12.246,152
2006-03-24,12.34,152
2006-03-25,11.904,152
2006-03-26,11.957,152
2006-03-27,11.923,152
2006-03-28,11.99,152
2006-03-29,12.338,152
2006-03-30,12.762,152
2006-03-31,13.167,152
2006-04-01,12.844,152
2006-04-02,12.776,152
2006-04-03,12.928,152
2006-04-04,13.052,152
2006-04-05,13.229,152
2006-04-06,13.392,152
2006-04-07,13.734,152
2006-04-08,13.904,152
2006-04-09,13.888,152
2006-04-10,13.661,152
2006-04-11,13.863,152
2006-04-12,13.949,152
2006-04-13,13.919,152
2006-04-14,14,152
2006-04-15,13.947,152
2006-04-16,13.848,152
2006-04-17,13.697,152
2006-04-18,14.207,152
2006-04-19,14.253,152
2006-04-20,14.268,152
2006-04-21,13.726,152
2006-04-22,14.045,152
2006-04-23,14.21,152
2006-04-24,13.956,152
2006-04-25,13.741,152
2006-04-26,13.493,152
2006-04-27,13.788,152
2006-04-28,14.163,152
2006-04-29,13.994,152
2006-04-30,13.881,152
2006-05-01,13.913,152
2006-05-02,13.899,152
2006-05-03,14.213,152
2006-05-04,14.716,152
2006-05-05,14.595,152
2006-05-06,14.496,152
2006-05-07,14.074,152
2006-05-08,14.114,152
2006-05-09,14.185,152
2006-05-10,14.266,152
2006-05-11,14.209,152
2006-05-12,14.118,152
2006-05-13,14.178,152
2006-05-14,14.426,152
2006-05-15,14.773,152
2006-05-16,14.947,152
2006-05-17,14.826,152
2006-05-18,14.745,152
2006-05-19,14.732,152
2006-05-20,14.918,152
2006-05-21,15.648,152
2006-05-22,16.743,152
2006-05-23,15.908,152
2006-05-24,15.304,152
2006-05-25,14.99,152
2006-05-26,14.762,152
2006-05-27,14.177,152
2006-05-28,13.934,152
2006-05-29,14.449,152
2006-05-30,14.813,152
2006-05-31,14.911,152
2006-06-01,15.015,152
2006-06-02,15.411,152
2006-06-03,15.09,152
2006-06-04,14.959,152
2006-06-05,14.735,152
2006-06-06,14.761,152
2006-06-07,14.903,152
2006-06-08,14.952,152
2006-06-09,15.24,152
2006-06-10,15.396,152
2006-06-11,16.048,152
2006-06-12,16.645,152
2006-06-13,16.504,152
2006-06-14,15.59,152
2006-06-15,15.054,152
2006-06-16,14.972,152
2006-06-17,15.019,152
2006-06-18,15.458,152
2006-06-19,15.423,152
2006-06-20,15.523,152
2006-06-21,16.198,152
2006-06-22,16.285,152
2006-06-23,16.281,152
2006-06-24,16.051,152
2006-06-25,15.785,152
2006-06-26,15.52,152
2006-06-27,15.987,152
2006-06-28,15.856,152
2006-06-29,15.461,152
2006-06-30,15.285,152
2006-07-01,15.128,152
2006-07-02,15.071,152
2006-07-03,15.055,152
2006-07-04,15.238,152
2006-07-05,15.403,152
2006-07-06,16.004,152
2006-07-07,16.286,152
2006-07-08,16.316,152
2006-07-09,16.378,152
2006-07-10,16.964,152
2006-07-11,17.056,152
2006-07-12,17.021,152
2006-07-13,16.94,152
2006-07-14,16.808,152
2006-07-15,16.78,152
2006-07-16,16.855,152
2006-07-17,17.164,152
2006-07-18,18.163,152
2006-07-19,18.443,152
2006-07-20,18.607,152
2006-07-21,18.843,152
2006-07-22,19.203,152
2006-07-23,19.571,152
2006-07-24,20.055,152
2006-07-25,20.482,152
2006-07-26,21.373,152
2006-07-27,21.248,152
2006-07-28,21.388,152
2006-07-29,21.384,152
2006-07-30,21.226,152
2006-07-31,20.672,152
2006-08-01,20.498,152
2006-08-02,20.489,152
2006-08-03,20.459,152
2006-08-04,20.893,152
2006-08-05,21.094,152
2006-08-06,20.852,152
2006-08-07,20.265,152
2006-08-08,20.141,152
2006-08-09,20.139,152
2006-08-10,20.144,152
2006-08-11,19.674,152
2006-08-12,19.099,152
2006-08-13,18.929,152
2006-08-14,18.943,152
2006-08-15,18.855,152
2006-08-16,18.735,152
2006-08-17,18.722,152
2006-08-18,18.588,152
2006-08-19,18.461,152
2006-08-20,17.951,152
2006-08-21,17.838,152
2006-08-22,17.738,152
2006-08-23,17.642,152
2006-08-24,17.923,152
2006-08-25,17.719,152
2006-08-26,17.462,152
2006-08-27,17.552,152
2006-08-28,17.446,152
2006-08-29,17.374,152
2006-08-30,17.203,152
2006-08-31,17.042,152
2006-09-01,17.02,152
2006-09-02,16.998,152
2006-09-03,16.945,152
2006-09-04,16.794,152
2006-09-05,17.076,152
2006-09-06,17.315,152
2006-09-07,17.332,152
2006-09-08,17.896,152
2006-09-09,18.094,152
2006-09-10,17.89,152
2006-09-11,17.749,152
2006-09-12,17.511,152
2006-09-13,17.511,152
2006-09-14,17.452,152
2006-09-15,17.183,152
2006-09-16,17.207,152
2006-09-17,17.449,152
2006-09-18,18.118,152
2006-09-19,18.381,152
2006-09-20,18.121,152
2006-09-21,18.262,152
2006-09-22,18.87,152
2006-09-23,18.834,152
2006-09-24,18.708,152
2006-09-25,18.508,152
2006-09-26,18.312,152
2006-09-27,18.032,152
2006-09-28,18.01,152
2006-09-29,17.721,152
2006-09-30,17.383,152
2006-10-01,17.472,152
2006-10-02,17.439,152
2006-10-03,17.316,152
2006-10-04,17.261,152
2006-10-05,17.279,152
2006-10-06,17.078,152
2006-10-07,16.975,152
2006-10-08,17.023,152
2006-10-09,17.138,152
2006-10-10,17.324,152
2006-10-11,17.202,152
2006-10-12,17.211,152
2006-10-13,17.252,152
2006-10-14,17.262,152
2006-10-15,17.232,152
2006-10-16,16.606,152
2006-10-17,16.532,152
2006-10-18,16.566,152
2006-10-19,16.824,152
2006-10-20,17.09,152
2006-10-21,17.028,152
2006-10-22,17.085,152
2006-10-23,17.059,152
2006-10-24,16.688,152
2006-10-25,17.205,152
2006-10-26,17.009,152
2006-10-27,16.991,152
2006-10-28,17.012,152
2006-10-29,17.013,152
2006-10-30,16.924,152
2006-10-31,16.724,152
2006-11-01,16.992,152
2006-11-02,16.924,152
2006-11-03,16.819,152
2006-11-04,16.938,152
2006-11-05,17.129,152
2006-11-06,17.452,152
2006-11-07,17.589,152
2006-11-08,17.249,152
2006-11-09,16.994,152
2006-11-10,16.802,152
2006-11-11,16.717,152
2006-11-12,16.41,152
2006-11-13,16.367,152
2006-11-14,16.375,152
2006-11-15,16.253,152
2006-11-16,16.274,152
2006-11-17,16.6,152
2006-11-18,16.912,152
2006-11-19,16.991,152
2006-11-20,17.038,152
2006-11-21,17.01,152
2006-11-22,16.714,152
2006-11-23,16.385,152
2006-11-24,16.35,152
2006-11-25,16.325,152
2006-11-26,16.224,152
2006-11-27,15.966,152
2006-11-28,15.583,152
2006-11-29,15.468,152
2006-11-30,15.429,152
2006-12-01,15.436,152
2006-12-02,15.383,152
2006-12-03,15.24,152
2006-12-04,15.191,152
2006-12-05,15.179,152
2006-12-06,15.137,152
2006-12-07,15.215,152
2006-12-08,15.231,152
2006-12-09,15.217,152
2006-12-10,15.203,152
2006-12-11,15.218,152
2006-12-12,15.114,152
2006-12-13,15.034,152
2006-12-14,15.089,152
2006-12-15,15.187,152
2006-12-16,15.171,152
2006-12-17,15.07,152
2006-12-18,15.022,152
2006-12-19,14.976,152
2006-12-20,14.993,152
2006-12-21,14.992,152
2006-12-22,14.416,152
2006-12-23,14.459,152
2006-12-24,14.522,152
2006-12-25,14.689,152
2006-12-26,14.591,152
2006-12-27,14.197,152
2006-12-28,14.113,152
2006-12-29,14.146,152
2006-12-30,14.156,152
2006-12-31,14.231,152
2007-01-01,14.036,152
2007-01-02,14.188,152
2007-01-03,14.307,152
2007-01-04,13.921,152
2007-01-05,13.647,152
2007-01-06,13.471,152
2007-01-07,13.569,152
2007-01-08,13.602,152
2007-01-09,13.652,152
2007-01-10,13.624,152
2007-01-11,13.498,152
2007-01-12,13.425,152
2007-01-13,13.307,152
2007-01-14,13.228,152
2007-01-15,13.275,152
2007-01-16,13.437,152
2007-01-17,13.443,152
2007-01-18,13.529,152
2007-01-19,13.57,152
2007-01-20,13.588,152
2007-01-21,13.604,152
2007-01-22,13.734,152
2007-01-23,13.786,152
2007-01-24,13.813,152
2007-01-25,13.797,152
2007-01-26,13.823,152
2007-01-27,13.801,152
2007-01-28,13.907,152
2007-01-29,13.965,152
2007-01-30,13.994,152
2007-01-31,13.956,152
2007-02-01,14.097,152
2007-02-02,14.104,152
2007-02-03,14.153,152
2007-02-04,14.204,152
2007-02-05,14.138,152
2007-02-06,13.736,152
2007-02-07,13.764,152
2007-02-08,13.918,152
2007-02-09,13.974,152
2007-02-10,14.39,152
2007-02-11,14.562,152
2007-02-12,14.525,152
2007-02-13,14.351,152
2007-02-14,14.15,152
2007-02-15,14.145,152
2007-02-16,14.134,152
2007-02-17,14.124,152
2007-02-18,14.138,152
2007-02-19,13.879,152
2007-02-20,13.855,152
2007-02-21,13.771,152
2007-02-22,13.572,152
2007-02-23,13.565,152
2007-02-24,13.594,152
2007-02-25,13.607,152
2007-02-26,13.512,152
2007-02-27,13.295,152
2007-02-28,13.161,152
2007-03-01,13.15,152
2007-03-02,13.103,152
2007-03-03,12.939,152
2007-03-04,12.867,152
2007-03-05,12.996,152
2007-03-06,13.09,152
2007-03-07,12.914,152
2007-03-08,12.647,152
2007-03-09,12.793,152
2007-03-10,13.075,152
2007-03-11,13.462,152
2007-03-12,14.518,152
2007-03-13,15.109,152
2007-03-14,14.694,152
2007-03-15,14.541,152
2007-03-16,14.442,152
2007-03-17,14.332,152
2007-03-18,14.246,152
2007-03-19,14.236,152
2007-03-20,13.728,152
2007-03-21,13.498,152
2007-03-22,13.468,152
2007-03-23,13.532,152
2007-03-24,13.711,152
2007-03-25,14.186,152
2007-03-26,13.757,152
2007-03-27,12.889,152
2007-03-28,13.417,152
2007-03-29,13.818,152
2007-03-30,13.769,152
2007-03-31,13.835,152
2007-04-01,13.711,152
2007-04-02,13.949,152
2007-04-03,13.768,152
2007-04-04,13.901,152
2007-04-05,13.853,152
2007-04-06,13.775,152
2007-04-07,13.381,152
2007-04-08,13.77,152
2007-04-09,13.637,152
2007-04-10,13.635,152
2007-04-11,13.533,152
2007-04-12,13.103,152
2007-04-13,13.192,152
2007-04-14,13.157,152
2007-04-15,13.018,152
2007-04-16,13.027,152
2007-04-17,12.685,152
2007-04-18,12.339,152
2007-04-19,12.222,152
2007-04-20,12.261,152
2007-04-21,12.529,152
2007-04-22,12.318,152
2007-04-23,12.363,152
2007-04-24,12.622,152
2007-04-25,12.777,152
2007-04-26,12.542,152
2007-04-27,12.486,152
2007-04-28,12.938,152
2007-04-29,13.065,152
2007-04-30,13.375,152
2007-05-01,13.381,152
2007-05-02,12.714,152
2007-05-03,12.633,152
2007-05-04,12.536,152
2007-05-05,12.433,152
2007-05-06,12.895,152
2007-05-07,13.46,152
2007-05-08,13.609,152
2007-05-09,13.314,152
2007-05-10,13.233,152
2007-05-11,13.212,152
2007-05-12,13.019,152
2007-05-13,13.138,152
2007-05-14,13.203,152
2007-05-15,13.365,152
2007-05-16,13.3,152
2007-05-17,13.359,152
2007-05-18,13.395,152
2007-05-19,13.377,152
2007-05-20,13.337,152
2007-05-21,13.536,152
2007-05-22,13.712,152
2007-05-23,13.937,152
2007-05-24,14.036,152
2007-05-25,14.117,152
2007-05-26,14.113,152
2007-05-27,14.185,152
2007-05-28,14.975,152
2007-05-29,14.988,152
2007-05-30,14.267,152
2007-05-31,14.023,152
2007-06-01,13.972,152
2007-06-02,14.04,152
2007-06-03,14.022,152
2007-06-04,14.041,152
2007-06-05,12.74,152
2007-06-06,12.769,152
2007-06-07,12.937,152
2007-06-08,13.189,152
2007-06-09,13.731,152
2007-06-10,13.886,152
2007-06-11,14.839,152
2007-06-12,14.982,152
2007-06-13,15,152
2007-06-14,15.013,152
2007-06-15,14.985,152
2007-06-16,14.896,152
2007-06-17,15.376,152
2007-06-18,15.687,152
2007-06-19,15.909,152
2007-06-20,15.88,152
2007-06-21,15.556,152
2007-06-22,15.549,152
2007-06-23,15.738,152
2007-06-24,15.601,152
2007-06-25,15.729,152
2007-06-26,15.956,152
2007-06-27,16.449,152
2007-06-28,16.195,152
2007-06-29,15.98,152
2007-06-30,15.906,152
2007-07-01,16.025,152
2007-07-02,16.017,152
2007-07-03,16.039,152
2007-07-04,15.961,152
2007-07-05,16.138,152
2007-07-06,16.63,152
2007-07-07,16.684,152
2007-07-08,16.539,152
2007-07-09,16.43,152
2007-07-10,17.007,152
2007-07-11,17.937,152
2007-07-12,17.781,152
2007-07-13,17.612,152
2007-07-14,17.535,152
2007-07-15,17.02,152
2007-07-16,16.539,152
2007-07-17,16.473,152
2007-07-18,16.328,152
2007-07-19,16.262,152
2007-07-20,16.318,152
2007-07-21,16.904,152
2007-07-22,17.141,152
2007-07-23,17.019,152
2007-07-24,16.898,152
2007-07-25,17.438,152
2007-07-26,17.701,152
2007-07-27,17.727,152
2007-07-28,17.864,152
2007-07-29,18.372,152
2007-07-30,18.346,152
2007-07-31,18.386,152
2007-08-01,18.551,152
2007-08-02,18.459,152
2007-08-03,18.578,152
2007-08-04,18.785,152
2007-08-05,19.019,152
2007-08-06,18.805,152
2007-08-07,18.614,152
2007-08-08,18.177,152
2007-08-09,17.849,152
2007-08-10,17.827,152
2007-08-11,18.044,152
2007-08-12,17.959,152
2007-08-13,17.886,152
2007-08-14,17.47,152
2007-08-15,16.966,152
2007-08-16,16.935,152
2007-08-17,17.111,152
2007-08-18,17.307,152
2007-08-19,17.375,152
2007-08-20,17.247,152
2007-08-21,17.25,152
2007-08-22,17.131,152
2007-08-23,17.605,152
2007-08-24,18.549,152
2007-08-25,18.549,152
2007-08-26,18.195,152
2007-08-27,17.829,152
2007-08-28,17.929,152
2007-08-29,17.916,152
2007-08-30,17.414,152
2007-08-31,17.238,152
2007-09-01,17.412,152
2007-09-02,17.651,152
2007-09-03,17.487,152
2007-09-04,17.007,152
2007-09-05,16.461,152
2007-09-06,17.188,152
2007-09-07,17.845,152
2007-09-08,18.015,152
2007-09-09,17.476,152
2007-09-10,17.24,152
2007-09-11,17.046,152
2007-09-12,16.707,152
2007-09-13,16.347,152
2007-09-14,16.255,152
2007-09-15,16.212,152
2007-09-16,16.136,152
2007-09-17,16.042,152
2007-09-18,16.226,152
2007-09-19,16.283,152
2007-09-20,16.252,152
2007-09-21,16.303,152
2007-09-22,17.184,152
2007-09-23,17.543,152
2007-09-24,17.676,152
2007-09-25,17.854,152
2007-09-26,18.104,152
2007-09-27,18.397,152
2007-09-28,16.719,152
2007-09-29,16.718,152
2007-09-30,16.869,152
2007-10-01,17.841,152
2007-10-02,17.975,152
2007-10-03,17.834,152
2007-10-04,16.973,152
2007-10-05,15.832,152
2007-10-06,15.352,152
2007-10-07,15.439,152
2007-10-08,16.131,152
2007-10-09,16.141,152
2007-10-10,15.795,152
2007-10-11,15.622,152
2007-10-12,15.56,152
2007-10-13,15.7,152
2007-10-14,15.847,152
2007-10-15,15.077,152
2007-10-16,14.939,152
2007-10-17,14.415,152
2007-10-18,14.277,152
2007-10-19,14.244,152
2007-10-20,14.049,152
2007-10-21,13.772,152
2007-10-22,14.008,152
2007-10-23,15.524,152
2007-10-24,15.892,152
2007-10-25,15.893,152
2007-10-26,15.446,152
2007-10-27,14.964,152
2007-10-28,15.257,152
2007-10-29,15.25,152
2007-10-30,15.199,152
2007-10-31,15.159,152
2007-11-01,15.194,152
2007-11-02,15.519,152
2007-11-03,15.579,152
2007-11-04,15.715,152
2007-11-05,15.563,152
2007-11-06,15.467,152
2007-11-07,15.399,152
2007-11-08,15.735,152
2007-11-09,15.665,152
2007-11-10,15.477,152
2007-11-11,15.117,152
2007-11-12,15.089,152
2007-11-13,15.294,152
2007-11-14,15.743,152
2007-11-15,15.736,152
2007-11-16,15.446,152
2007-11-17,15.068,152
2007-11-18,14.656,152
2007-11-19,14.428,152
2007-11-20,14.474,152
2007-11-21,14.56,152
2007-11-22,14.61,152
2007-11-23,14.601,152
2007-11-24,14.659,152
2007-11-25,14.677,152
2007-11-26,14.671,152
2007-11-27,14.597,152
2007-11-28,14.388,152
2007-11-29,14.335,152
2007-11-30,13.981,152
2007-12-01,13.537,152
2007-12-02,13.609,152
2007-12-03,13.702,152
2007-12-04,13.84,152
2007-12-05,13.986,152
2007-12-06,14.208,152
2007-12-07,13.538,152
2007-12-08,13.298,152
2007-12-09,13.372,152
2007-12-10,13.342,152
2007-12-11,13.32,152
2007-12-12,13.311,152
2007-12-13,13.5,152
2007-12-14,13.648,152
2007-12-15,13.781,152
2007-12-16,13.764,152
2007-12-17,13.74,152
2007-12-18,13.564,152
2007-12-19,13.473,152
2007-12-20,13.694,152
2007-12-21,13.709,152
2007-12-22,13.75,152
2007-12-23,13.708,152
2007-12-24,13.421,152
2007-12-25,13.339,152
2007-12-26,13.066,152
2007-12-27,12.585,152
2007-12-28,12.544,152
2007-12-29,12.774,152
2007-12-30,12.877,152
2007-12-31,12.873,152
2008-01-01,12.841,152
2008-01-02,12.603,152
2008-01-03,12.704,152
2008-01-04,12.774,152
2008-01-05,12.794,152
2008-01-06,12.792,152
2008-01-07,12.808,152
2008-01-08,12.911,152
2008-01-09,12.991,152
2008-01-10,13.066,152
2008-01-11,13.128,152
2008-01-12,13.122,152
2008-01-13,13.162,152
2008-01-14,13.25,152
2008-01-15,13.214,152
2008-01-16,13.142,152
2008-01-17,13.063,152
2008-01-18,13.193,152
2008-01-19,13.243,152
2008-01-20,13.28,152
2008-01-21,13.174,152
2008-01-22,13.039,152
2008-01-23,12.85,152
2008-01-24,12.714,152
2008-01-25,12.757,152
2008-01-26,12.734,152
2008-01-27,12.77,152
2008-01-28,12.718,152
2008-01-29,12.747,152
2008-01-30,12.709,152
2008-01-31,12.639,152
2008-02-01,12.654,152
2008-02-02,12.603,152
2008-02-03,12.497,152
2008-02-04,12.504,152
2008-02-05,12.49,152
2008-02-06,12.555,152
2008-02-07,12.763,152
2008-02-08,13.089,152
2008-02-09,13.327,152
2008-02-10,13.322,152
2008-02-11,13.08,152
2008-02-12,13.127,152
2008-02-13,12.825,152
2008-02-14,12.573,152
2008-02-15,12.697,152
2008-02-16,12.751,152
2008-02-17,12.731,152
2008-02-18,12.651,152
2008-02-19,12.655,152
2008-02-20,12.633,152
2008-02-21,12.68,152
2008-02-22,12.474,152
2008-02-23,12.421,152
2008-02-24,12.86,152
2008-02-25,13.243,152
2008-02-26,13.522,152
2008-02-27,13.502,152
2008-02-28,13.46,152
2008-02-29,13.312,152
2008-03-01,12.657,152
2008-03-02,12.968,152
2008-03-03,13.123,152
2008-03-04,13.33,152
2008-03-05,13.815,152
2008-03-06,13.676,152
2008-03-07,13.426,152
2008-03-08,13.383,152
2008-03-09,13.545,152
2008-03-10,13.948,152
2008-03-11,13.721,152
2008-03-12,13.389,152
2008-03-13,12.929,152
2008-03-14,12.634,152
2008-03-15,12.185,152
2008-03-16,11.96,152
2008-03-17,12.098,152
2008-03-18,12.345,152
2008-03-19,12.665,152
2008-03-20,12.043,152
2008-03-21,12.3,152
2008-03-22,12.381,152
2008-03-23,12.404,152
2008-03-24,12.617,152
2008-03-25,12.897,152
2008-03-26,12.691,152
2008-03-27,12.36,152
2008-03-28,11.944,152
2008-03-29,11.867,152
2008-03-30,11.793,152
2008-03-31,11.948,152
2008-04-01,12.157,152
2008-04-02,12.569,152
2008-04-03,12.977,152
2008-04-04,12.774,152
2008-04-05,12.571,152
2008-04-06,12.355,152
2008-04-07,11.964,152
2008-04-08,11.9,152
2008-04-09,11.77,152
2008-04-10,11.791,152
2008-04-11,11.94,152
2008-04-12,13.125,152
2008-04-13,13.09,152
2008-04-14,12.73,152
2008-04-15,12.178,152
2008-04-16,11.927,152
2008-04-17,12.207,152
2008-04-18,12.54,152
2008-04-19,11.857,152
2008-04-20,11.77,152
2008-04-21,11.758,152
2008-04-22,11.733,152
2008-04-23,11.571,152
2008-04-24,11.552,152
2008-04-25,11.762,152
2008-04-26,12.336,152
2008-04-27,12.522,152
2008-04-28,12.444,152
2008-04-29,12.049,152
2008-04-30,11.881,152
2008-05-01,11.982,152
2008-05-02,12.913,152
2008-05-03,13.325,152
2008-05-04,12.948,152
2008-05-05,13.051,152
2008-05-06,13.19,152
2008-05-07,12.838,152
2008-05-08,12.487,152
2008-05-09,12.274,152
2008-05-10,12.12,152
2008-05-11,12.358,152
2008-05-12,13.165,152
2008-05-13,13.64,152
2008-05-14,13.817,152
2008-05-15,14.601,152
2008-05-16,15.342,152
2008-05-17,15.427,152
2008-05-18,15.437,152
2008-05-19,15.343,152
2008-05-20,14.642,152
2008-05-21,13.617,152
2008-05-22,13.001,152
2008-05-23,12.607,152
2008-05-24,12.843,152
2008-05-25,13.415,152
2008-05-26,14.024,152
2008-05-27,14.197,152
2008-05-28,14.165,152
2008-05-29,14.108,152
2008-05-30,13.912,152
2008-05-31,13.84,152
2008-06-01,13.657,152
2008-06-02,13.539,152
2008-06-03,13.42,152
2008-06-04,13.399,152
2008-06-05,13.091,152
2008-06-06,12.837,152
2008-06-07,12.732,152
2008-06-08,12.766,152
2008-06-09,13.153,152
2008-06-10,14.886,152
2008-06-11,15.404,152
2008-06-12,15.4,152
2008-06-13,15.254,152
2008-06-14,15.039,152
2008-06-15,15.097,152
2008-06-16,15.358,152
2008-06-17,15.452,152
2008-06-18,16.118,152
2008-06-19,17.102,152
2008-06-20,17.712,152
2008-06-21,17.47,152
2008-06-22,16.806,152
2008-06-23,16.466,152
2008-06-24,16.156,152
2008-06-25,15.904,152
2008-06-26,16.297,152
2008-06-27,17.524,152
2008-06-28,17.724,152
2008-06-29,17.812,152
2008-06-30,16.862,152
2008-07-01,16.535,152
2008-07-02,16.353,152
2008-07-03,16.469,152
2008-07-04,16.039,152
2008-07-05,15.844,152
2008-07-06,15.778,152
2008-07-07,16.068,152
2008-07-08,16.411,152
2008-07-09,17.363,152
2008-07-10,17.553,152
2008-07-11,18.054,152
2008-07-12,18.395,152
2008-07-13,18.648,152
2008-07-14,18.258,152
2008-07-15,18.322,152
2008-07-16,18.39,152
2008-07-17,17.813,152
2008-07-18,17.396,152
2008-07-19,17.066,152
2008-07-20,17.243,152
2008-07-21,17.132,152
2008-07-22,17.233,152
2008-07-23,17.736,152
2008-07-24,17.824,152
2008-07-25,18.136,152
2008-07-26,18.578,152
2008-07-27,18.543,152
2008-07-28,18.475,152
2008-07-29,18.605,152
2008-07-30,18.602,152
2008-07-31,18.608,152
2008-08-01,18.355,152
2008-08-02,18.275,152
2008-08-03,18.051,152
2008-08-04,17.959,152
2008-08-05,18.72,152
2008-08-06,18.684,152
2008-08-07,18.654,152
2008-08-08,18.379,152
2008-08-09,18.382,152
2008-08-10,18.409,152
2008-08-11,18.567,152
2008-08-12,18.537,152
2008-08-13,18.762,152
2008-08-14,19.098,152
2008-08-15,19.241,152
2008-08-16,19.152,152
2008-08-17,18.864,152
2008-08-18,18.766,152
2008-08-19,18.504,152
2008-08-20,18.763,152
2008-08-21,18.998,152
2008-08-22,19.064,152
2008-08-23,18.222,152
2008-08-24,17.979,152
2008-08-25,18.35,152
2008-08-26,18.445,152
2008-08-27,18.377,152
2008-08-28,18.602,152
2008-08-29,19.045,152
2008-08-30,19.126,152
2008-08-31,18.739,152
2008-09-01,18.885,152
2008-09-02,19.052,152
2008-09-03,19.189,152
2008-09-04,18.968,152
2008-09-05,18.65,152
2008-09-06,18.364,152
2008-09-07,18.324,152
2008-09-08,18.315,152
2008-09-09,18.343,152
2008-09-10,18.301,152
2008-09-11,18.232,152
2008-09-12,18.273,152
2008-09-13,18.201,152
2008-09-14,18.15,152
2008-09-15,17.985,152
2008-09-16,17.835,152
2008-09-17,17.779,152
2008-09-18,17.491,152
2008-09-19,17.306,152
2008-09-20,17.184,152
2008-09-21,17.063,152
2008-09-22,17.294,152
2008-09-23,17.589,152
2008-09-24,18.193,152
2008-09-25,18.489,152
2008-09-26,18.457,152
2008-09-27,18.592,152
2008-09-28,17.865,152
2008-09-29,17.4,152
2008-09-30,17.408,152
2008-10-01,17.563,152
2008-10-02,17.536,152
2008-10-03,17.464,152
2008-10-04,16.931,152
2008-10-05,16.978,152
2008-10-06,17.072,152
2008-10-07,17.444,152
2008-10-08,17.749,152
2008-10-09,17.451,152
2008-10-10,17.084,152
2008-10-11,16.32,152
2008-10-12,16.046,152
2008-10-13,16.356,152
2008-10-14,16.504,152
2008-10-15,16.761,152
2008-10-16,17.176,152
2008-10-17,16.873,152
2008-10-18,16.624,152
2008-10-19,16.282,152
2008-10-20,15.999,152
2008-10-21,16.215,152
2008-10-22,16.592,152
2008-10-23,17.904,152
2008-10-24,18,152
2008-10-25,17.861,152
2008-10-26,17.122,152
2008-10-27,16.944,152
2008-10-28,17.013,152
2008-10-29,17.13,152
2008-10-30,17.131,152
2008-10-31,17.195,152
2008-11-01,17.723,152
2008-11-02,17.535,152
2008-11-03,17.332,152
2008-11-04,16.972,152
2008-11-05,16.679,152
2008-11-06,16.738,152
2008-11-07,16.86,152
2008-11-08,16.748,152
2008-11-09,16.081,152
2008-11-10,15.669,152
2008-11-11,15.465,152
2008-11-12,15.393,152
2008-11-13,15.584,152
2008-11-14,15.819,152
2008-11-15,15.758,152
2008-11-16,16.078,152
2008-11-17,16.008,152
2008-11-18,15.442,152
2008-11-19,15.16,152
2008-11-20,15.145,152
2008-11-21,15.107,152
2008-11-22,15.158,152
2008-11-23,15.198,152
2008-11-24,15.238,152
2008-11-25,15.194,152
2008-11-26,15.765,152
2008-11-27,15.098,152
2008-11-28,15.206,152
2008-11-29,15.253,152
2008-11-30,15.232,152
2008-12-01,15.181,152
2008-12-02,15.233,152
2008-12-03,15.105,152
2008-12-04,15.727,152
2008-12-05,15.801,152
2008-12-06,15.862,152
2008-12-07,15.713,152
2008-12-08,15.217,152
2008-12-09,15.047,152
2008-12-10,14.972,152
2008-12-11,14.907,152
2008-12-12,15.054,152
2008-12-13,14.796,152
2008-12-14,14.371,152
2008-12-15,14.249,152
2008-12-16,13.986,152
2008-12-17,13.701,152
2008-12-18,13.728,152
2008-12-19,13.733,152
2008-12-20,13.742,152
2008-12-21,13.736,152
2008-12-22,13.672,152
2008-12-23,13.659,152
2008-12-24,13.603,152
2008-12-25,13.246,152
2008-12-26,12.999,152
2008-12-27,12.912,152
2008-12-28,12.911,152
2008-12-29,12.992,152
2008-12-30,12.995,152
2008-12-31,13.008,152
2009-01-01,13.29,152
2009-01-02,13.254,152
2009-01-03,13.05,152
2009-01-04,12.893,152
2009-01-05,12.977,152
2009-01-06,13.245,152
2009-01-07,13.242,152
2009-01-08,13.156,152
2009-01-09,13.163,152
2009-01-10,13.216,152
2009-01-11,13.193,152
2009-01-12,13.202,152
2009-01-13,13.194,152
2009-01-14,13.311,152
2009-01-15,13.313,152
2009-01-16,13.38,152
2009-01-17,13.553,152
2009-01-18,13.581,152
2009-01-19,13.581,152
2009-01-20,13.814,152
2009-01-21,13.918,152
2009-01-22,13.856,152
2009-01-23,13.906,152
2009-01-24,13.633,152
2009-01-25,13.378,152
2009-01-26,13.259,152
2009-01-27,13.287,152
2009-01-28,13.295,152
2009-01-29,13.338,152
2009-01-30,13.403,152
2009-01-31,13.461,152
2009-02-01,13.51,152
2009-02-02,13.974,152
2009-02-03,14.046,152
2009-02-04,14.03,152
2009-02-05,13.643,152
2009-02-06,13.722,152
2009-02-07,13.712,152
2009-02-08,13.667,152
2009-02-09,13.236,152
2009-02-10,13.121,152
2009-02-11,13.023,152
2009-02-12,12.984,152
2009-02-13,12.983,152
2009-02-14,12.997,152
2009-02-15,13.008,152
2009-02-16,12.87,152
2009-02-17,12.886,152
2009-02-18,13.122,152
2009-02-19,13.152,152
2009-02-20,13.152,152
2009-02-21,13.186,152
2009-02-22,13.512,152
2009-02-23,13.13,152
2009-02-24,13.123,152
2009-02-25,13.22,152
2009-02-26,13.2,152
2009-02-27,12.996,152
2009-02-28,12.834,152
2009-03-01,12.923,152
2009-03-02,13.478,152
2009-03-03,13.862,152
2009-03-04,13.487,152
2009-03-05,13.292,152
2009-03-06,13.102,152
2009-03-07,13.074,152
2009-03-08,13.118,152
2009-03-09,13.078,152
2009-03-10,12.991,152
2009-03-11,12.991,152
2009-03-12,13.137,152
2009-03-13,12.946,152
2009-03-14,12.829,152
2009-03-15,12.772,152
2009-03-16,13.061,152
2009-03-17,13.465,152
2009-03-18,13.758,152
2009-03-19,14.127,152
2009-03-20,13.902,152
2009-03-21,13.244,152
2009-03-22,12.486,152
2009-03-23,12.516,152
2009-03-24,12.522,152
2009-03-25,12.561,152
2009-03-26,12.637,152
2009-03-27,12.91,152
2009-03-28,13.258,152
2009-03-29,13.234,152
2009-03-30,13.094,152
2009-03-31,13.151,152
2009-04-01,13.286,152
2009-04-02,12.749,152
2009-04-03,12.776,152
2009-04-04,12.99,152
2009-04-05,13.177,152
2009-04-06,13.405,152
2009-04-07,13.549,152
2009-04-08,13.451,152
2009-04-09,13.417,152
2009-04-10,12.982,152
2009-04-11,12.803,152
2009-04-12,12.894,152
2009-04-13,13.074,152
2009-04-14,12.227,152
2009-04-15,12.074,152
2009-04-16,12.15,152
2009-04-17,12.544,152
2009-04-18,12.699,152
2009-04-19,12.78,152
2009-04-20,13.479,152
2009-04-21,13.54,152
2009-04-22,13.417,152
2009-04-23,13.076,152
2009-04-24,12.877,152
2009-04-25,12.65,152
2009-04-26,12.547,152
2009-04-27,12.289,152
2009-04-28,12.415,152
2009-04-29,12.45,152
2009-04-30,12.545,152
2009-05-01,12.658,152
2009-05-02,13.265,152
2009-05-03,13.349,152
2009-05-04,13.342,152
2009-05-05,12.97,152
2009-05-06,12.555,152
2009-05-07,12.232,152
2009-05-08,12.22,152
2009-05-09,12.353,152
2009-05-10,12.346,152
2009-05-11,13.109,152
2009-05-12,13.405,152
2009-05-13,13.349,152
2009-05-14,13.238,152
2009-05-15,13.163,152
2009-05-16,13.22,152
2009-05-17,13.623,152
2009-05-18,14.205,152
2009-05-19,14.854,152
2009-05-20,14.868,152
2009-05-21,15.026,152
2009-05-22,15.036,152
2009-05-23,15.12,152
2009-05-24,14.903,152
2009-05-25,14.749,152
2009-05-26,14.941,152
2009-05-27,15.061,152
2009-05-28,15.236,152
2009-05-29,15.21,152
2009-05-30,15.127,152
2009-05-31,15.162,152
2009-06-01,15.299,152
2009-06-02,15.506,152
2009-06-03,17.149,152
2009-06-04,17.374,152
2009-06-05,17.308,152
2009-06-06,16.509,152
2009-06-07,16.461,152
2009-06-08,16.428,152
2009-06-09,16.018,152
2009-06-10,16.021,152
2009-06-11,16.015,152
2009-06-12,16.066,152
2009-06-13,16.21,152
2009-06-14,16.09,152
2009-06-15,16.44,152
2009-06-16,16.631,152
2009-06-17,16.766,152
2009-06-18,16.884,152
2009-06-19,16.682,152
2009-06-20,15.954,152
2009-06-21,15.822,152
2009-06-22,15.568,152
2009-06-23,15.659,152
2009-06-24,16.2,152
2009-06-25,16.016,152
2009-06-26,15.471,152
2009-06-27,15.186,152
2009-06-28,14.988,152
2009-06-29,15.211,152
2009-06-30,16.22,152
2009-07-01,16.612,152
2009-07-02,16.479,152
2009-07-03,16.603,152
2009-07-04,16.599,152
2009-07-05,16.593,152
2009-07-06,16.511,152
2009-07-07,16.589,152
2009-07-08,16.635,152
2009-07-09,16.635,152
2009-07-10,16.47,152
2009-07-11,16.718,152
2009-07-12,16.871,152
2009-07-13,16.842,152
2009-07-14,16.762,152
2009-07-15,17.008,152
2009-07-16,16.906,152
2009-07-17,16.838,152
2009-07-18,16.991,152
2009-07-19,17.342,152
2009-07-20,17.504,152
2009-07-21,17.634,152
2009-07-22,17.689,152
2009-07-23,17.682,152
2009-07-24,17.303,152
2009-07-25,17.144,152
2009-07-26,17.143,152
2009-07-27,17.402,152
2009-07-28,17.447,152
2009-07-29,17.537,152
2009-07-30,17.797,152
2009-07-31,17.919,152
2009-08-01,17.552,152
2009-08-02,17.318,152
2009-08-03,17.024,152
2009-08-04,16.848,152
2009-08-05,17.081,152
2009-08-06,16.921,152
2009-08-07,16.877,152
2009-08-08,16.711,152
2009-08-09,16.234,152
2009-08-10,15.66,152
2009-08-11,15.616,152
2009-08-12,15.92,152
2009-08-13,16.664,152
2009-08-14,16.652,152
2009-08-15,16.712,152
2009-08-16,16.488,152
2009-08-17,16.357,152
2009-08-18,16.493,152
2009-08-19,16.363,152
2009-08-20,16.351,152
2009-08-21,16.475,152
2009-08-22,16.584,152
2009-08-23,17.141,152
2009-08-24,17.162,152
2009-08-25,17.202,152
2009-08-26,17.408,152
2009-08-27,17.621,152
2009-08-28,18.781,152
2009-08-29,19.164,152
2009-08-30,18.95,152
2009-08-31,18.337,152
2009-09-01,18.358,152
2009-09-02,19.17,152
2009-09-03,19.85,152
2009-09-04,19.14,152
2009-09-05,18.708,152
2009-09-06,18.377,152
2009-09-07,18.166,152
2009-09-08,18.195,152
2009-09-09,18.319,152
2009-09-10,18.46,152
2009-09-11,18.562,152
2009-09-12,18.799,152
2009-09-13,19.033,152
2009-09-14,19.002,152
2009-09-15,18.995,152
2009-09-16,18.964,152
2009-09-17,18.79,152
2009-09-18,18.731,152
2009-09-19,18.518,152
2009-09-20,18.207,152
2009-09-21,17.87,152
2009-09-22,18.214,152
2009-09-23,18.416,152
2009-09-24,18.509,152
2009-09-25,18.581,152
2009-09-26,18.473,152
2009-09-27,18.249,152
2009-09-28,18.444,152
2009-09-29,17.519,152
2009-09-30,17.553,152
2009-10-01,17.816,152
2009-10-02,18.067,152
2009-10-03,17.562,152
2009-10-04,17.194,152
2009-10-05,17.018,152
2009-10-06,16.999,152
2009-10-07,16.987,152
2009-10-08,16.829,152
2009-10-09,16.797,152
2009-10-10,16.784,152
2009-10-11,16.984,152
2009-10-12,16.926,152
2009-10-13,16.968,152
2009-10-14,17.287,152
2009-10-15,17.667,152
2009-10-16,17.728,152
2009-10-17,17.984,152
2009-10-18,17.758,152
2009-10-19,17.287,152
2009-10-20,17.146,152
2009-10-21,17.134,152
2009-10-22,17.266,152
2009-10-23,17.39,152
2009-10-24,17.637,152
2009-10-25,17.653,152
2009-10-26,17.714,152
2009-10-27,16.837,152
2009-10-28,16.266,152
2009-10-29,16.692,152
2009-10-30,17.108,152
2009-10-31,17.572,152
2009-11-01,17.71,152
2009-11-02,17.787,152
2009-11-03,17.121,152
2009-11-04,16.914,152
2009-11-05,16.946,152
2009-11-06,16.772,152
2009-11-07,16.641,152
2009-11-08,16.619,152
2009-11-09,16.275,152
2009-11-10,16.171,152
2009-11-11,16.18,152
2009-11-12,15.896,152
2009-11-13,15.644,152
2009-11-14,15.54,152
2009-11-15,15.512,152
2009-11-16,15.777,152
2009-11-17,15.706,152
2009-11-18,15.526,152
2009-11-19,15.395,152
2009-11-20,15.33,152
2009-11-21,15.236,152
2009-11-22,15.142,152
2009-11-23,15.127,152
2009-11-24,15.138,152
2009-11-25,15.481,152
2009-11-26,15.528,152
2009-11-27,15.416,152
2009-11-28,14.908,152
2009-11-29,14.96,152
2009-11-30,15.054,152
2009-12-01,15.161,152
2009-12-02,14.961,152
2009-12-03,15.145,152
2009-12-04,15.153,152
2009-12-05,15.115,152
2009-12-06,15.023,152
2009-12-07,14.37,152
2009-12-08,13.946,152
2009-12-09,13.944,152
2009-12-10,13.933,152
2009-12-11,13.954,152
2009-12-12,14.245,152
2009-12-13,14.343,152
2009-12-14,14.324,152
2009-12-15,14.22,152
2009-12-16,14.372,152
2009-12-17,14.424,152
2009-12-18,14.449,152
2009-12-19,14.503,152
2009-12-20,14.522,152
2009-12-21,14.459,152
2009-12-22,14.015,152
2009-12-23,13.859,152
2009-12-24,13.936,152
2009-12-25,14.007,152
2009-12-26,14.035,152
2009-12-27,14.252,152
2009-12-28,14.396,152
2009-12-29,14.413,152
2009-12-30,14.513,152
2009-12-31,14.527,152
2010-01-01,14.519,152
2010-01-02,14.286,152
2010-01-03,14.277,152
2010-01-04,14.354,152
2010-01-05,14.492,152
2010-01-06,14.62,152
2010-01-07,14.796,152
2010-01-08,14.865,152
2010-01-09,15.195,152
2010-01-10,15.168,152
2010-01-11,15.072,152
2010-01-12,15.04,152
2010-01-13,14.838,152
2010-01-14,14.816,152
2010-01-15,14.806,152
2010-01-16,14.741,152
2010-01-17,14.711,152
2010-01-18,14.469,152
2010-01-19,14.474,152
2010-01-20,14.351,152
2010-01-21,14.208,152
2010-01-22,14.081,152
2010-01-23,14.082,152
2010-01-24,14.179,152
2010-01-25,14.202,152
2010-01-26,14.207,152
2010-01-27,14.297,152
2010-01-28,14.341,152
2010-01-29,14.29,152
2010-01-30,14.282,152
2010-01-31,14.356,152
2010-02-01,14.455,152
2010-02-02,14.558,152
2010-02-03,14.507,152
2010-02-04,14.523,152
2010-02-05,14.453,152
2010-02-06,14.216,152
2010-02-07,14.18,152
2010-02-08,14.179,152
2010-02-09,14.164,152
2010-02-10,13.997,152
2010-02-11,13.949,152
2010-02-12,13.976,152
2010-02-13,14.125,152
2010-02-14,14.323,152
2010-02-15,14.411,152
2010-02-16,14.739,152
2010-02-17,14.917,152
2010-02-18,15.001,152
2010-02-19,14.456,152
2010-02-20,14.477,152
2010-02-21,14.464,152
2010-02-22,14.341,152
2010-02-23,14.334,152
2010-02-24,14.574,152
2010-02-25,14.625,152
2010-02-26,14.646,152
2010-02-27,14.683,152
2010-02-28,14.691,152
2010-03-01,14.66,152
2010-03-02,14.592,152
2010-03-03,14.665,152
2010-03-04,14.346,152
2010-03-05,14.219,152
2010-03-06,14.259,152
2010-03-07,14.082,152
2010-03-08,13.89,152
2010-03-09,13.807,152
2010-03-10,13.42,152
2010-03-11,13.158,152
2010-03-12,13.176,152
2010-03-13,13.193,152
2010-03-14,13.197,152
2010-03-15,13.241,152
2010-03-16,13.43,152
2010-03-17,13.612,152
2010-03-18,13.833,152
2010-03-19,13.864,152
2010-03-20,13.784,152
2010-03-21,13.478,152
2010-03-22,13.452,152
2010-03-23,13.444,152
2010-03-24,13.237,152
2010-03-25,12.904,152
2010-03-26,13.345,152
2010-03-27,13.522,152
2010-03-28,13.714,152
2010-03-29,13.644,152
2010-03-30,13.145,152
2010-03-31,13.115,152
2010-04-01,12.77,152
2010-04-02,12.616,152
2010-04-03,12.496,152
2010-04-04,12.482,152
2010-04-05,12.634,152
2010-04-06,12.961,152
2010-04-07,13.303,152
2010-04-08,13.279,152
2010-04-09,13.155,152
2010-04-10,12.976,152
2010-04-11,13.22,152
2010-04-12,13.284,152
2010-04-13,13.316,152
2010-04-14,13.306,152
2010-04-15,13.594,152
2010-04-16,13.78,152
2010-04-17,13.952,152
2010-04-18,14.761,152
2010-04-19,14.979,152
2010-04-20,15.208,152
2010-04-21,14.269,152
2010-04-22,13.602,152
2010-04-23,13.58,152
2010-04-24,13.574,152
2010-04-25,13.448,152
2010-04-26,13.422,152
2010-04-27,13.647,152
2010-04-28,13.407,152
2010-04-29,13.313,152
2010-04-30,12.885,152
2010-05-01,12.594,152
2010-05-02,12.596,152
2010-05-03,13.088,152
2010-05-04,13.294,152
2010-05-05,13.193,152
2010-05-06,13.223,152
2010-05-07,13.1,152
2010-05-08,12.971,152
2010-05-09,12.618,152
2010-05-10,12.502,152
2010-05-11,12.557,152
2010-05-12,12.574,152
2010-05-13,12.675,152
2010-05-14,12.778,152
2010-05-15,12.745,152
2010-05-16,12.754,152
2010-05-17,12.878,152
2010-05-18,13.433,152
2010-05-19,12.599,152
2010-05-20,12.446,152
2010-05-21,12.385,152
2010-05-22,12.088,152
2010-05-23,11.742,152
2010-05-24,11.764,152
2010-05-25,11.916,152
2010-05-26,12.578,152
2010-05-27,13.222,152
2010-05-28,12.69,152
2010-05-29,12.496,152
2010-05-30,12.596,152
2010-05-31,12.778,152
2010-06-01,13.052,152
2010-06-02,12.839,152
2010-06-03,13.061,152
2010-06-04,13.212,152
2010-06-05,13.248,152
2010-06-06,13.282,152
2010-06-07,13.108,152
2010-06-08,13.396,152
2010-06-09,13.941,152
2010-06-10,13.619,152
2010-06-11,13.852,152
2010-06-12,14.15,152
2010-06-13,14.842,152
2010-06-14,15.053,152
2010-06-15,14.803,152
2010-06-16,14.711,152
2010-06-17,15.076,152
2010-06-18,15.016,152
2010-06-19,14.849,152
2010-06-20,14.812,152
2010-06-21,15.213,152
2010-06-22,15.58,152
2010-06-23,15.697,152
2010-06-24,15.444,152
2010-06-25,15.218,152
2010-06-26,15.081,152
2010-06-27,14.941,152
2010-06-28,15.235,152
2010-06-29,14.901,152
2010-06-30,15.173,152
2010-07-01,15.272,152
2010-07-02,15.249,152
2010-07-03,15.233,152
2010-07-04,15.203,152
2010-07-05,15.386,152
2010-07-06,15.662,152
2010-07-07,15.866,152
2010-07-08,16.058,152
2010-07-09,16.229,152
2010-07-10,16.393,152
2010-07-11,16.167,152
2010-07-12,16.009,152
2010-07-13,15.788,152
2010-07-14,15.758,152
2010-07-15,15.712,152
2010-07-16,15.888,152
2010-07-17,15.899,152
2010-07-18,16.136,152
2010-07-19,16.218,152
2010-07-20,16.108,152
2010-07-21,16.135,152
2010-07-22,16.292,152
2010-07-23,16.126,152
2010-07-24,15.949,152
2010-07-25,15.77,152
2010-07-26,15.829,152
2010-07-27,15.962,152
2010-07-28,15.437,152
2010-07-29,15.474,152
2010-07-30,15.427,152
2010-07-31,16.085,152
2010-08-01,16.007,152
2010-08-02,15.816,152
2010-08-03,15.702,152
2010-08-04,15.65,152
2010-08-05,15.735,152
2010-08-06,15.801,152
2010-08-07,16.08,152
2010-08-08,16.579,152
2010-08-09,16.653,152
2010-08-10,16.414,152
2010-08-11,15.85,152
2010-08-12,15.534,152
2010-08-13,15.2,152
2010-08-14,14.972,152
2010-08-15,14.975,152
2010-08-16,15.19,152
2010-08-17,15.263,152
2010-08-18,15.179,152
2010-08-19,15.224,152
2010-08-20,15.107,152
2010-08-21,14.964,152
2010-08-22,15.109,152
2010-08-23,15.427,152
2010-08-24,15.903,152
2010-08-25,15.825,152
2010-08-26,15.544,152
2010-08-27,15.034,152
2010-08-28,15.028,152
2010-08-29,15.181,152
2010-08-30,15.298,152
2010-08-31,15.266,152
2010-09-01,15.436,152
2010-09-02,15.446,152
2010-09-03,15.533,152
2010-09-04,15.3,152
2010-09-05,15.34,152
2010-09-06,15.385,152
2010-09-07,16.008,152
2010-09-08,16.063,152
2010-09-09,16.147,152
2010-09-10,16.312,152
2010-09-11,16.649,152
2010-09-12,15.544,152
2010-09-13,15.437,152
2010-09-14,15.396,152
2010-09-15,15.685,152
2010-09-16,15.543,152
2010-09-17,15.483,152
2010-09-18,15.544,152
2010-09-19,15.534,152
2010-09-20,15.527,152
2010-09-21,14.746,152
2010-09-22,14.786,152
2010-09-23,15.214,152
2010-09-24,16.307,152
2010-09-25,16.655,152
2010-09-26,17.014,152
2010-09-27,17.453,152
2010-09-28,17.969,152
2010-09-29,18.306,152
2010-09-30,18.327,152
2010-10-01,17.829,152
2010-10-02,17.633,152
2010-10-03,17.05,152
2010-10-04,16.213,152
2010-10-05,15.995,152
2010-10-06,16.469,152
2010-10-07,17.316,152
2010-10-08,17.33,152
2010-10-09,17.243,152
2010-10-10,17.275,152
2010-10-11,17.235,152
2010-10-12,17.059,152
2010-10-13,17.072,152
2010-10-14,17.027,152
2010-10-15,16.97,152
2010-10-16,16.906,152
2010-10-17,16.886,152
2010-10-18,16.903,152
2010-10-19,16.893,152
2010-10-20,16.919,152
2010-10-21,16.847,152
2010-10-22,16.901,152
2010-10-23,16.926,152
2010-10-24,16.83,152
2010-10-25,16.077,152
2010-10-26,15.889,152
2010-10-27,15.856,152
2010-10-28,15.836,152
2010-10-29,16.031,152
2010-10-30,16.305,152
2010-10-31,16.308,152
2010-11-01,16.42,152
2010-11-02,16.636,152
2010-11-03,16.685,152
2010-11-04,16.726,152
2010-11-05,16.836,152
2010-11-06,16.798,152
2010-11-07,16.334,152
2010-11-08,15.496,152
2010-11-09,15.454,152
2010-11-10,15.304,152
2010-11-11,15.135,152
2010-11-12,15.106,152
2010-11-13,15.21,152
2010-11-14,15.324,152
2010-11-15,15.408,152
2010-11-16,15.654,152
2010-11-17,15.899,152
2010-11-18,15.999,152
2010-11-19,15.682,152
2010-11-20,15.442,152
2010-11-21,14.438,152
2010-11-22,14.442,152
2010-11-23,14.385,152
2010-11-24,13.644,152
2010-11-25,13.61,152
2010-11-26,13.641,152
2010-11-27,13.541,152
2010-11-28,13.187,152
2010-11-29,13.038,152
2010-11-30,12.968,152
2010-12-01,12.954,152
2010-12-02,13.008,152
2010-12-03,13.099,152
2010-12-04,13.169,152
2010-12-05,13.645,152
2010-12-06,13.594,152
2010-12-07,13.531,152
2010-12-08,13.559,152
2010-12-09,13.413,152
2010-12-10,12.764,152
2010-12-11,12.745,152
2010-12-12,12.914,152
2010-12-13,13.157,152
2010-12-14,13.291,152
2010-12-15,13.386,152
2010-12-16,13.495,152
2010-12-17,13.52,152
2010-12-18,13.514,152
2010-12-19,13.556,152
2010-12-20,13.584,152
2010-12-21,13.647,152
2010-12-22,13.756,152
2010-12-23,13.897,152
2010-12-24,13.892,152
2010-12-25,13.799,152
2010-12-26,13.752,152
2010-12-27,13.732,152
2010-12-28,13.787,152
2010-12-29,12.93,152
2010-12-30,12.78,152
2010-12-31,12.797,152
2011-01-01,12.866,152
2011-01-02,12.788,152
2011-01-03,12.526,152
2011-01-04,12.424,152
2011-01-05,12.409,152
2011-01-06,12.404,152
2011-01-07,12.528,152
2011-01-08,12.372,152
2011-01-09,12.327,152
2011-01-10,12.324,152
2011-01-11,12.346,152
2011-01-12,12.551,152
2011-01-13,12.569,152
2011-01-14,12.606,152
2011-01-15,12.654,152
2011-01-16,12.918,152
2011-01-17,13.247,152
2011-01-18,13.317,152
2011-01-19,13.193,152
2011-01-20,13.168,152
2011-01-21,13.255,152
2011-01-22,13.401,152
2011-01-23,13.503,152
2011-01-24,13.516,152
2011-01-25,13.594,152
2011-01-26,13.964,152
2011-01-27,14.045,152
2011-01-28,13.926,152
2011-01-29,13.833,152
2011-01-30,13.688,152
2011-01-31,13.457,152
2011-02-01,13.418,152
2011-02-02,13.387,152
2011-02-03,13.322,152
2011-02-04,13.338,152
2011-02-05,13.354,152
2011-02-06,13.74,152
2011-02-07,13.593,152
2011-02-08,13.341,152
2011-02-09,13.346,152
2011-02-10,13.493,152
2011-02-11,14.207,152
2011-02-12,14.256,152
2011-02-13,14.231,152
2011-02-14,13.937,152
2011-02-15,13.997,152
2011-02-16,13.656,152
2011-02-17,13.51,152
2011-02-18,13.405,152
2011-02-19,12.879,152
2011-02-20,12.838,152
2011-02-21,12.897,152
2011-02-22,13.031,152
2011-02-23,13.012,152
2011-02-24,12.962,152
2011-02-25,12.763,152
2011-02-26,12.66,152
2011-02-27,12.609,152
2011-02-28,12.603,152
2011-03-01,12.627,152
2011-03-02,12.652,152
2011-03-03,12.568,152
2011-03-04,12.459,152
2011-03-05,12.587,152
2011-03-06,12.486,152
2011-03-07,12.291,152
2011-03-08,12.343,152
2011-03-09,12.414,152
2011-03-10,12.364,152
2011-03-11,12.19,152
2011-03-12,12.101,152
2011-03-13,12.056,152
2011-03-14,12.209,152
2011-03-15,12.125,152
2011-03-16,12.072,152
2011-03-17,11.634,152
2011-03-18,11.555,152
2011-03-19,11.643,152
2011-03-20,12.252,152
2011-03-21,12.769,152
2011-03-22,12.745,152
2011-03-23,12.726,152
2011-03-24,12.345,152
2011-03-25,12.392,152
2011-03-26,12.472,152
2011-03-27,12.65,152
2011-03-28,12.505,152
2011-03-29,12.536,152
2011-03-30,12.919,152
2011-03-31,13.919,152
2011-04-01,14.236,152
2011-04-02,13.93,152
2011-04-03,13.958,152
2011-04-04,14.106,152
2011-04-05,14.192,152
2011-04-06,13.392,152
2011-04-07,13.061,152
2011-04-08,12.925,152
2011-04-09,13.112,152
2011-04-10,13.205,152
2011-04-11,13.226,152
2011-04-12,12.858,152
2011-04-13,12.64,152
2011-04-14,12.464,152
2011-04-15,12.788,152
2011-04-16,12.942,152
2011-04-17,13.107,152
2011-04-18,13.19,152
2011-04-19,13.099,152
2011-04-20,13.34,152
2011-04-21,13.265,152
2011-04-22,13.2,152
2011-04-23,13.24,152
2011-04-24,13.263,152
2011-04-25,13.056,152
2011-04-26,12.451,152
2011-04-27,12.284,152
2011-04-28,12.016,152
2011-04-29,11.835,152
2011-04-30,11.854,152
2011-05-01,12.168,152
2011-05-02,13.448,152
2011-05-03,13.506,152
2011-05-04,13.193,152
2011-05-05,13.445,152
2011-05-06,13.161,152
2011-05-07,13.186,152
2011-05-08,12.952,152
2011-05-09,12.859,152
2011-05-10,12.972,152
2011-05-11,13.14,152
2011-05-12,13.605,152
2011-05-13,13.645,152
2011-05-14,13.53,152
2011-05-15,13.502,152
2011-05-16,13.767,152
2011-05-17,13.744,152
2011-05-18,12.852,152
2011-05-19,12.724,152
2011-05-20,12.745,152
2011-05-21,13.235,152
2011-05-22,13.095,152
2011-05-23,12.956,152
2011-05-24,12.91,152
2011-05-25,12.982,152
2011-05-26,13.06,152
2011-05-27,12.962,152
2011-05-28,12.647,152
2011-05-29,12.112,152
2011-05-30,12.039,152
2011-05-31,12.112,152
2011-06-01,12.418,152
2011-06-02,12.402,152
2011-06-03,12.373,152
2011-06-04,12.3,152
2011-06-05,13.8,152
2011-06-06,14.437,152
2011-06-07,14.36,152
2011-06-08,14.088,152
2011-06-09,13.509,152
2011-06-10,13.494,152
2011-06-11,13.644,152
2011-06-12,13.681,152
2011-06-13,13.885,152
2011-06-14,14.252,152
2011-06-15,14.547,152
2011-06-16,15.025,152
2011-06-17,14.98,152
2011-06-18,14.933,152
2011-06-19,15.282,152
2011-06-20,15.577,152
2011-06-21,15.709,152
2011-06-22,15.574,152
2011-06-23,15.218,152
2011-06-24,15.293,152
2011-06-25,15.688,152
2011-06-26,15.914,152
2011-06-27,16.006,152
2011-06-28,16.369,152
2011-06-29,16.416,152
2011-06-30,16.693,152
2011-07-01,16.705,152
2011-07-02,16.783,152
2011-07-03,17.266,152
2011-07-04,17.681,152
2011-07-05,17.761,152
2011-07-06,17.934,152
2011-07-07,17.895,152
2011-07-08,17.726,152
2011-07-09,17.583,152
2011-07-10,17.457,152
2011-07-11,17.34,152
2011-07-12,17.225,152
2011-07-13,16.646,152
2011-07-14,16.506,152
2011-07-15,16.801,152
2011-07-16,16.951,152
2011-07-17,17.044,152
2011-07-18,17.028,152
2011-07-19,16.963,152
2011-07-20,16.624,152
2011-07-21,16.523,152
2011-07-22,17.174,152
2011-07-23,17.153,152
2011-07-24,16.986,152
2011-07-25,16.594,152
2011-07-26,16.618,152
2011-07-27,17.054,152
2011-07-28,17.441,152
2011-07-29,17.721,152
2011-07-30,17.666,152
2011-07-31,17.258,152
2011-08-01,17.318,152
2011-08-02,17.082,152
2011-08-03,16.902,152
2011-08-04,16.7,152
2011-08-05,16.489,152
2011-08-06,16.263,152
2011-08-07,16.136,152
2011-08-08,16.082,152
2011-08-09,16.191,152
2011-08-10,16.393,152
2011-08-11,16.544,152
2011-08-12,16.843,152
2011-08-13,17.126,152
2011-08-14,16.474,152
2011-08-15,16.215,152
2011-08-16,16.451,152
2011-08-17,16.872,152
2011-08-18,16.865,152
2011-08-19,16.847,152
2011-08-20,16.879,152
2011-08-21,17.267,152
2011-08-22,17.238,152
2011-08-23,17.3,152
2011-08-24,17.299,152
2011-08-25,17.124,152
2011-08-26,16.75,152
2011-08-27,16.719,152
2011-08-28,17.022,152
2011-08-29,16.928,152
2011-08-30,16.831,152
2011-08-31,16.741,152
2011-09-01,16.625,152
2011-09-02,16.507,152
2011-09-03,16.152,152
2011-09-04,16.103,152
2011-09-05,16.162,152
2011-09-06,16.856,152
2011-09-07,17.421,152
2011-09-08,17.388,152
2011-09-09,16.802,152
2011-09-10,16.962,152
2011-09-11,17.656,152
2011-09-12,17.671,152
2011-09-13,17.645,152
2011-09-14,17.662,152
2011-09-15,17.586,152
2011-09-16,17.404,152
2011-09-17,17.786,152
2011-09-18,17.816,152
2011-09-19,17.852,152
2011-09-20,17.676,152
2011-09-21,17.722,152
2011-09-22,17.732,152
2011-09-23,17.791,152
2011-09-24,17.784,152
2011-09-25,17.327,152
2011-09-26,17.365,152
2011-09-27,17.458,152
2011-09-28,17.906,152
2011-09-29,17.881,152
2011-09-30,17.584,152
2011-10-01,17.181,152
2011-10-02,16.809,152
2011-10-03,16.569,152
2011-10-04,16.5,152
2011-10-05,16.51,152
2011-10-06,16.219,152
2011-10-07,16.145,152
2011-10-08,16.134,152
2011-10-09,16.085,152
2011-10-10,15.877,152
2011-10-11,15.985,152
2011-10-12,16.314,152
2011-10-13,17.31,152
2011-10-14,17.712,152
2011-10-15,16.938,152
2011-10-16,16.754,152
2011-10-17,16.859,152
2011-10-18,16.334,152
2011-10-19,16.28,152
2011-10-20,16.173,152
2011-10-21,16.22,152
2011-10-22,16.262,152
2011-10-23,16.252,152
2011-10-24,16.365,152
2011-10-25,16.43,152
2011-10-26,16.466,152
2011-10-27,16.417,152
2011-10-28,16.581,152
2011-10-29,16.708,152
2011-10-30,16.778,152
2011-10-31,16.438,152
2011-11-01,16.045,152
2011-11-02,16.016,152
2011-11-03,15.983,152
2011-11-04,15.522,152
2011-11-05,14.951,152
2011-11-06,14.658,152
2011-11-07,14.582,152
2011-11-08,14.519,152
2011-11-09,14.482,152
2011-11-10,14.295,152
2011-11-11,14.564,152
2011-11-12,14.712,152
2011-11-13,14.745,152
2011-11-14,14.706,152
2011-11-15,14.748,152
2011-11-16,14.883,152
2011-11-17,14.918,152
2011-11-18,14.934,152
2011-11-19,14.879,152
2011-11-20,14.944,152
2011-11-21,14.982,152
2011-11-22,14.934,152
2011-11-23,14.9,152
2011-11-24,14.852,152
2011-11-25,14.788,152
2011-11-26,14.811,152
2011-11-27,15.038,152
2011-11-28,15.465,152
2011-11-29,14.754,152
2011-11-30,14.458,152
2011-12-01,14.347,152
2011-12-02,14.225,152
2011-12-03,14.215,152
2011-12-04,14.307,152
2011-12-05,14.232,152
2011-12-06,14.202,152
2011-12-07,14.198,152
2011-12-08,14.246,152
2011-12-09,14.239,152
2011-12-10,14.254,152
2011-12-11,14.269,152
2011-12-12,14.159,152
2011-12-13,14.121,152
2011-12-14,14.045,152
2011-12-15,14.109,152
2011-12-16,14.144,152
2011-12-17,14.188,152
2011-12-18,14.2,152
2011-12-19,14.218,152
2011-12-20,14.247,152
2011-12-21,14.242,152
2011-12-22,14.125,152
2011-12-23,14.088,152
2011-12-24,14.235,152
2011-12-25,14.292,152
2011-12-26,14.283,152
2011-12-27,14.215,152
2011-12-28,14.119,152
2011-12-29,14.091,152
2011-12-30,13.981,152
2011-12-31,13.924,152
2012-01-01,13.871,152
2012-01-02,13.827,152
2012-01-03,14.018,152
2012-01-04,14.261,152
2012-01-05,14.216,152
2012-01-06,14.161,152
2012-01-07,14.022,152
2012-01-08,13.905,152
2012-01-09,13.917,152
2012-01-10,13.909,152
2012-01-11,14.124,152
2012-01-12,14.133,152
2012-01-13,14.085,152
2012-01-14,14.033,152
2012-01-15,13.725,152
2012-01-16,13.694,152
2012-01-17,13.563,152
2012-01-18,13.43,152
2012-01-19,13.479,152
2012-01-20,13.523,152
2012-01-21,13.619,152
2012-01-22,13.686,152
2012-01-23,13.552,152
2012-01-24,13.575,152
2012-01-25,13.704,152
2012-01-26,13.632,152
2012-01-27,13.409,152
2012-01-28,13.32,152
2012-01-29,13.274,152
2012-01-30,13.241,152
2012-01-31,13.35,152
2012-02-01,13.352,152
2012-02-02,13.332,152
2012-02-03,13.372,152
2012-02-04,13.452,152
2012-02-05,13.468,152
2012-02-06,13.593,152
2012-02-07,13.641,152
2012-02-08,13.79,152
2012-02-09,13.952,152
2012-02-10,13.929,152
2012-02-11,13.676,152
2012-02-12,13.32,152
2012-02-13,13.251,152
2012-02-14,13.107,152
2012-02-15,12.672,152
2012-02-16,12.687,152
2012-02-17,12.681,152
2012-02-18,12.585,152
2012-02-19,12.522,152
2012-02-20,12.48,152
2012-02-21,12.513,152
2012-02-22,12.866,152
2012-02-23,13.063,152
2012-02-24,13.22,152
2012-02-25,12.684,152
2012-02-26,12.709,152
2012-02-27,12.658,152
2012-02-28,12.185,152
2012-02-29,12.229,152
2012-03-01,12.156,152
2012-03-02,12.261,152
2012-03-03,12.52,152
2012-03-04,12.809,152
2012-03-05,12.72,152
2012-03-06,12.075,152
2012-03-07,12.224,152
2012-03-08,12.218,152
2012-03-09,12.186,152
2012-03-10,11.993,152
2012-03-11,11.891,152
2012-03-12,11.918,152
2012-03-13,12.246,152
2012-03-14,12.503,152
2012-03-15,12.597,152
2012-03-16,12.51,152
2012-03-17,12.303,152
2012-03-18,11.909,152
2012-03-19,12.15,152
2012-03-20,12.47,152
2012-03-21,12.718,152
2012-03-22,12.872,152
2012-03-23,12.431,152
2012-03-24,12.399,152
2012-03-25,12.301,152
2012-03-26,12.921,152
2012-03-27,13.009,152
2012-03-28,13.048,152
2012-03-29,12.699,152
2012-03-30,12.872,152
2012-03-31,12.452,152
2012-04-01,12.24,152
2012-04-02,12.107,152
2012-04-03,12.227,152
2012-04-04,12.285,152
2012-04-05,12.02,152
2012-04-06,11.813,152
2012-04-07,12.008,152
2012-04-08,12.196,152
2012-04-09,12.466,152
2012-04-10,12.475,152
2012-04-11,12.632,152
2012-04-12,12.496,152
2012-04-13,12.281,152
2012-04-14,11.984,152
2012-04-15,11.92,152
2012-04-16,12.155,152
2012-04-17,12.434,152
2012-04-18,12.531,152
2012-04-19,12.501,152
2012-04-20,12.557,152
2012-04-21,12.748,152
2012-04-22,12.834,152
2012-04-23,12.959,152
2012-04-24,13.106,152
2012-04-25,13.719,152
2012-04-26,13.537,152
2012-04-27,13.542,152
2012-04-28,13.558,152
2012-04-29,13.601,152
2012-04-30,13.456,152
2012-05-01,13.91,152
2012-05-02,14.134,152
2012-05-03,14.102,152
2012-05-04,13.686,152
2012-05-05,13.716,152
2012-05-06,14.08,152
2012-05-07,14.418,152
2012-05-08,14.221,152
2012-05-09,14.104,152
2012-05-10,14.109,152
2012-05-11,13.923,152
2012-05-12,14.33,152
2012-05-13,14.442,152
2012-05-14,14.474,152
2012-05-15,14.448,152
2012-05-16,14.409,152
2012-05-17,14.255,152
2012-05-18,14.218,152
2012-05-19,14.189,152
2012-05-20,14.365,152
2012-05-21,14.302,152
2012-05-22,14.256,152
2012-05-23,13.897,152
2012-05-24,14.006,152
2012-05-25,13.226,152
2012-05-26,13.342,152
2012-05-27,13.539,152
2012-05-28,13.706,152
2012-05-29,13.922,152
2012-05-30,13.962,152
2012-05-31,14.033,152
2012-06-01,14.283,152
2012-06-02,14.692,152
2012-06-03,15.005,152
2012-06-04,14.516,152
2012-06-05,13.877,152
2012-06-06,13.808,152
2012-06-07,13.843,152
2012-06-08,14.184,152
2012-06-09,14.708,152
2012-06-10,15.175,152
2012-06-11,15.825,152
2012-06-12,15.438,152
2012-06-13,15.453,152
2012-06-14,15.316,152
2012-06-15,15.918,152
2012-06-16,15.84,152
2012-06-17,16.02,152
2012-06-18,16.142,152
2012-06-19,16.062,152
2012-06-20,16.218,152
2012-06-21,15.948,152
2012-06-22,15.95,152
2012-06-23,15.887,152
2012-06-24,15.563,152
2012-06-25,15.532,152
2012-06-26,15.427,152
2012-06-27,15.3,152
2012-06-28,15.779,152
2012-06-29,15.513,152
2012-06-30,15.358,152
2012-07-01,15.357,152
2012-07-02,15.478,152
2012-07-03,15.573,152
2012-07-04,15.528,152
2012-07-05,15.552,152
2012-07-06,15.765,152
2012-07-07,15.753,152
2012-07-08,15.305,152
2012-07-09,15.386,152
2012-07-10,15.525,152
2012-07-11,15.773,152
2012-07-12,15.903,152
2012-07-13,15.966,152
2012-07-14,15.899,152
2012-07-15,15.988,152
2012-07-16,16.241,152
2012-07-17,16.666,152
2012-07-18,17.01,152
2012-07-19,16.88,152
2012-07-20,16.727,152
2012-07-21,16.589,152
2012-07-22,16.41,152
2012-07-23,17.373,152
2012-07-24,17.351,152
2012-07-25,17.415,152
2012-07-26,17.42,152
2012-07-27,16.907,152
2012-07-28,16.752,152
2012-07-29,16.906,152
2012-07-30,17.027,152
2012-07-31,16.936,152
2012-08-01,16.807,152
2012-08-02,16.883,152
2012-08-03,16.937,152
2012-08-04,16.879,152
2012-08-05,16.779,152
2012-08-06,16.796,152
2012-08-07,16.668,152
2012-08-08,16.599,152
2012-08-09,16.532,152
2012-08-10,17.3,152
2012-08-11,17.553,152
2012-08-12,17.539,152
2012-08-13,17.712,152
2012-08-14,17.988,152
2012-08-15,18.16,152
2012-08-16,18.077,152
2012-08-17,18.713,152
2012-08-18,18.968,152
2012-08-19,18.782,152
2012-08-20,18.542,152
2012-08-21,18.359,152
2012-08-22,18.283,152
2012-08-23,18.358,152
2012-08-24,18.454,152
2012-08-25,19.23,152
2012-08-26,19.27,152
2012-08-27,19.418,152
2012-08-28,19.631,152
2012-08-29,19.814,152
2012-08-30,19.521,152
2012-08-31,18.967,152
2012-09-01,18.702,152
2012-09-02,18.432,152
2012-09-03,17.989,152
2012-09-04,17.897,152
2012-09-05,18.222,152
2012-09-06,18.395,152
2012-09-07,18.25,152
2012-09-08,18.292,152
2012-09-09,18.366,152
2012-09-10,18.556,152
2012-09-11,18.426,152
2012-09-12,18.426,152
2012-09-13,18.842,152
2012-09-14,18.976,152
2012-09-15,18.958,152
2012-09-16,19.052,152
2012-09-17,19.074,152
2012-09-18,18.78,152
2012-09-19,18.455,152
2012-09-20,18.376,152
2012-09-21,18.386,152
2012-09-22,18.61,152
2012-09-23,19.207,152
2012-09-24,19.291,152
2012-09-25,19.329,152
2012-09-26,19.382,152
2012-09-27,19.783,152
2012-09-28,20.012,152
2012-09-29,19.467,152
2012-09-30,19.068,152
2012-10-01,19.311,152
2012-10-02,20.122,152
2012-10-03,19.741,152
2012-10-04,19.342,152
2012-10-05,19.051,152
2012-10-06,19.113,152
2012-10-07,19.075,152
2012-10-08,18.89,152
2012-10-09,18.653,152
2012-10-10,18.585,152
2012-10-11,18.697,152
2012-10-12,18.622,152
2012-10-13,18.799,152
2012-10-14,18.877,152
2012-10-15,18.996,152
2012-10-16,19.16,152
2012-10-17,19.64,152
2012-10-18,19.752,152
2012-10-19,19.369,152
2012-10-20,19.015,152
2012-10-21,18.574,152
2012-10-22,18.613,152
2012-10-23,18.322,152
2012-10-24,18.009,152
2012-10-25,17.748,152
2012-10-26,17.656,152
2012-10-27,17.74,152
2012-10-28,17.965,152
2012-10-29,17.895,152
2012-10-30,17.587,152
2012-10-31,17.522,152
2012-11-01,17.575,152
2012-11-02,17.605,152
2012-11-03,17.804,152
2012-11-04,18.109,152
2012-11-05,18.517,152
2012-11-06,18.731,152
2012-11-07,18.38,152
2012-11-08,16.924,152
2012-11-09,16.656,152
2012-11-10,16.23,152
2012-11-11,15.928,152
2012-11-12,16.023,152
2012-11-13,16.191,152
2012-11-14,16.33,152
2012-11-15,16.108,152
2012-11-16,15.723,152
2012-11-17,15.883,152
2012-11-18,15.974,152
2012-11-19,16.088,152
2012-11-20,16.034,152
2012-11-21,15.881,152
2012-11-22,15.79,152
2012-11-23,15.747,152
2012-11-24,16.014,152
2012-11-25,16.031,152
2012-11-26,15.822,152
2012-11-27,15.831,152
2012-11-28,15.798,152
2012-11-29,15.78,152
2012-11-30,15.712,152
2012-12-01,15.856,152
2012-12-02,15.999,152
2012-12-03,16.095,152
2012-12-04,16.118,152
2012-12-05,16.16,152
2012-12-06,15.965,152
2012-12-07,15.897,152
2012-12-08,15.817,152
2012-12-09,15.74,152
2012-12-10,15.865,152
2012-12-11,15.937,152
2012-12-12,15.964,152
2012-12-13,15.352,152
2012-12-14,15.122,152
2012-12-15,14.998,152
2012-12-16,14.935,152
2012-12-17,15.079,152
2012-12-18,14.577,152
2012-12-19,14.405,152
2012-12-20,14.304,152
2012-12-21,14.205,152
2012-12-22,14.109,152
2012-12-23,14.342,152
2012-12-24,14.381,152
2012-12-25,14.338,152
2012-12-26,14.13,152
2012-12-27,14.049,152
2012-12-28,13.908,152
2012-12-29,13.759,152
2012-12-30,13.69,152
2012-12-31,13.671,152
2013-01-01,13.635,152
2013-01-02,13.467,152
2013-01-03,13.45,152
2013-01-04,13.425,152
2013-01-05,13.396,152
2013-01-06,13.358,152
2013-01-07,13.366,152
2013-01-08,13.354,152
2013-01-09,13.344,152
2013-01-10,13.018,152
2013-01-11,12.867,152
2013-01-12,12.614,152
2013-01-13,12.384,152
2013-01-14,12.308,152
2013-01-15,12.507,152
2013-01-16,12.621,152
2013-01-17,12.601,152
2013-01-18,12.518,152
2013-01-19,12.602,152
2013-01-20,12.712,152
2013-01-21,12.853,152
2013-01-22,12.664,152
2013-01-23,12.628,152
2013-01-24,12.797,152
2013-01-25,13.395,152
2013-01-26,13.125,152
2013-01-27,12.876,152
2013-01-28,12.661,152
2013-01-29,12.527,152
2013-01-30,12.504,152
2013-01-31,12.48,152
2013-02-01,12.481,152
2013-02-02,12.871,152
2013-02-03,12.953,152
2013-02-04,12.923,152
2013-02-05,13.04,152
2013-02-06,13.239,152
2013-02-07,13.109,152
2013-02-08,12.914,152
2013-02-09,12.816,152
2013-02-10,12.625,152
2013-02-11,12.765,152
2013-02-12,12.798,152
2013-02-13,12.85,152
2013-02-14,12.856,152
2013-02-15,12.97,152
2013-02-16,13.144,152
2013-02-17,13.207,152
2013-02-18,12.989,152
2013-02-19,12.54,152
2013-02-20,12.296,152
2013-02-21,12.31,152
2013-02-22,12.375,152
2013-02-23,12.411,152
2013-02-24,12.407,152
2013-02-25,12.477,152
2013-02-26,12.49,152
2013-02-27,12.392,152
2013-02-28,12.372,152
2013-03-01,12.483,152
2013-03-02,12.544,152
2013-03-03,12.604,152
2013-03-04,12.517,152
2013-03-05,12.446,152
2013-03-06,12.172,152
2013-03-07,12.372,152
2013-03-08,12.432,152
2013-03-09,12.355,152
2013-03-10,12.552,152
2013-03-11,12.827,152
2013-03-12,12.992,152
2013-03-13,13.004,152
2013-03-14,12.971,152
2013-03-15,13.052,152
2013-03-16,13.099,152
2013-03-17,13.12,152
2013-03-18,13.02,152
2013-03-19,13.088,152
2013-03-20,13.137,152
2013-03-21,12.996,152
2013-03-22,12.959,152
2013-03-23,13.096,152
2013-03-24,13.376,152
2013-03-25,13.922,152
2013-03-26,13.366,152
2013-03-27,13.396,152
2013-03-28,13.376,152
2013-03-29,13.653,152
2013-03-30,13.92,152
2013-03-31,14.251,152
2013-04-01,14.038,152
2013-04-02,13.975,152
2013-04-03,13.899,152
2013-04-04,13.962,152
2013-04-05,13.804,152
2013-04-06,13.418,152
2013-04-07,12.998,152
2013-04-08,12.46,152
2013-04-09,12.363,152
2013-04-10,12.619,152
2013-04-11,12.778,152
2013-04-12,12.791,152
2013-04-13,12.831,152
2013-04-14,13.007,152
2013-04-15,12.377,152
2013-04-16,12.065,152
2013-04-17,12.126,152
2013-04-18,12.61,152
2013-04-19,13.424,152
2013-04-20,13.861,152
2013-04-21,14.134,152
2013-04-22,14.343,152
2013-04-23,14.818,152
2013-04-24,14.988,152
2013-04-25,14.873,152
2013-04-26,14.818,152
2013-04-27,14.595,152
2013-04-28,14.162,152
2013-04-29,13.953,152
2013-04-30,15.135,152
2013-05-01,15.301,152
2013-05-02,15.254,152
2013-05-03,14.987,152
2013-05-04,14.826,152
2013-05-05,14.801,152
2013-05-06,15.541,152
2013-05-07,15.856,152
2013-05-08,15.63,152
2013-05-09,15.534,152
2013-05-10,15.492,152
2013-05-11,15.431,152
2013-05-12,15.775,152
2013-05-13,15.254,152
2013-05-14,14.932,152
2013-05-15,14.773,152
2013-05-16,14.709,152
2013-05-17,14.711,152
2013-05-18,14.733,152
2013-05-19,15.062,152
2013-05-20,15.445,152
2013-05-21,15.705,152
2013-05-22,15.092,152
2013-05-23,14.527,152
2013-05-24,14.359,152
2013-05-25,14.549,152
2013-05-26,14.574,152
2013-05-27,14.353,152
2013-05-28,14.278,152
2013-05-29,14.083,152
2013-05-30,14.001,152
2013-05-31,13.915,152
2013-06-01,14.439,152
2013-06-02,14.455,152
2013-06-03,14.725,152
2013-06-04,15.81,152
2013-06-05,16.009,152
2013-06-06,15.842,152
2013-06-07,15.632,152
2013-06-08,15.506,152
2013-06-09,15.699,152
2013-06-10,16.462,152
2013-06-11,16.568,152
2013-06-12,16.686,152
2013-06-13,16.685,152
2013-06-14,16.832,152
2013-06-15,16.71,152
2013-06-16,16.525,152
2013-06-17,16.448,152
2013-06-18,16.017,152
2013-06-19,15.615,152
2013-06-20,15.463,152
2013-06-21,15.651,152
2013-06-22,15.852,152
2013-06-23,15.943,152
2013-06-24,16.177,152
2013-06-25,16.357,152
2013-06-26,16.486,152
2013-06-27,17.031,152
2013-06-28,17.699,152
2013-06-29,17.499,152
2013-06-30,17.326,152
2013-07-01,17.301,152
2013-07-02,17.501,152
2013-07-03,17.672,152
2013-07-04,17.629,152
2013-07-05,17.697,152
2013-07-06,18.095,152
2013-07-07,18.259,152
2013-07-08,18.302,152
2013-07-09,18.37,152
2013-07-10,18.074,152
2013-07-11,17.932,152
2013-07-12,17.894,152
2013-07-13,17.6,152
2013-07-14,17.283,152
2013-07-15,17.009,152
2013-07-16,16.726,152
2013-07-17,16.704,152
2013-07-18,16.749,152
2013-07-19,16.569,152
2013-07-20,16.748,152
2013-07-21,16.854,152
2013-07-22,17.013,152
2013-07-23,16.792,152
2013-07-24,16.692,152
2013-07-25,16.541,152
2013-07-26,16.407,152
2013-07-27,16.357,152
2013-07-28,16.941,152
2013-07-29,17.435,152
2013-07-30,17.4,152
2013-07-31,16.872,152
2013-08-01,16.639,152
2013-08-02,16.623,152
2013-08-03,16.57,152
2013-08-04,16.464,152
2013-08-05,16.377,152
2013-08-06,16.362,152
2013-08-07,16.19,152
2013-08-08,16.14,152
2013-08-09,16.217,152
2013-08-10,16.254,152
2013-08-11,16.209,152
2013-08-12,16.069,152
2013-08-13,15.986,152
2013-08-14,16.025,152
2013-08-15,16.163,152
2013-08-16,16.611,152
2013-08-17,16.891,152
2013-08-18,17.067,152
2013-08-19,17.66,152
2013-08-20,17.851,152
2013-08-21,17.833,152
2013-08-22,17.632,152
2013-08-23,17.563,152
2013-08-24,16.974,152
2013-08-25,16.615,152
2013-08-26,16.671,152
2013-08-27,16.899,152
2013-08-28,16.882,152
2013-08-29,16.79,152
2013-08-30,16.782,152
2013-08-31,17.304,152
2013-09-01,18.421,152
2013-09-02,19.053,152
2013-09-03,18.543,152
2013-09-04,18.191,152
2013-09-05,18.198,152
2013-09-06,18.184,152
2013-09-07,18.216,152
2013-09-08,17.804,152
2013-09-09,17.505,152
2013-09-10,17.299,152
2013-09-11,18.165,152
2013-09-12,18.05,152
2013-09-13,17.805,152
2013-09-14,17.721,152
2013-09-15,17.753,152
2013-09-16,17.754,152
2013-09-17,17.646,152
2013-09-18,17.613,152
2013-09-19,17.553,152
2013-09-20,17.61,152
2013-09-21,17.095,152
2013-09-22,16.98,152
2013-09-23,17.118,152
2013-09-24,17.287,152
2013-09-25,17.022,152
2013-09-26,16.452,152
2013-09-27,16.456,152
2013-09-28,16.684,152
2013-09-29,17.141,152
2013-09-30,16.503,152
2013-10-01,16.355,152
2013-10-02,16.441,152
2013-10-03,16.799,152
2013-10-04,17.051,152
2013-10-05,17.359,152
2013-10-06,17.865,152
2013-10-07,17.759,152
2013-10-08,17.39,152
2013-10-09,16.815,152
2013-10-10,17.019,152
2013-10-11,17.26,152
2013-10-12,17.377,152
2013-10-13,17.427,152
2013-10-14,17.796,152
2013-10-15,18.277,152
2013-10-16,18.344,152
2013-10-17,18.229,152
2013-10-18,18.037,152
2013-10-19,17.669,152
2013-10-20,17.596,152
2013-10-21,17.605,152
2013-10-22,17.717,152
2013-10-23,17.54,152
2013-10-24,17.381,152
2013-10-25,17.117,152
2013-10-26,17.115,152
2013-10-27,17.15,152
2013-10-28,17.138,152
2013-10-29,16.896,152
2013-10-30,17.041,152
2013-10-31,17.346,152
2013-11-01,17.593,152
2013-11-02,17.687,152
2013-11-03,17.224,152
2013-11-04,16.832,152
2013-11-05,16.762,152
2013-11-06,16.734,152
2013-11-07,16.702,152
2013-11-08,16.832,152
2013-11-09,16.845,152
2013-11-10,16.774,152
2013-11-11,16.8,152
2013-11-12,16.743,152
2013-11-13,16.86,152
2013-11-14,16.728,152
2013-11-15,16.406,152
2013-11-16,16.023,152
2013-11-17,15.87,152
2013-11-18,15.87,152
2013-11-19,15.833,152
2013-11-20,15.961,152
2013-11-21,16.316,152
2013-11-22,16.246,152
2013-11-23,16.071,152
2013-11-24,16.101,152
2013-11-25,16.095,152
2013-11-26,16.029,152
2013-11-27,16.053,152
2013-11-28,16.025,152
2013-11-29,16.046,152
2013-11-30,16.134,152
2013-12-01,16.15,152
2013-12-02,15.917,152
2013-12-03,15.465,152
2013-12-04,15.154,152
2013-12-05,14.774,152
2013-12-06,14.588,152
2013-12-07,14.395,152
2013-12-08,14.044,152
2013-12-09,13.856,152
2013-12-10,13.878,152
2013-12-11,13.985,152
2013-12-12,13.786,152
2013-12-13,13.759,152
2013-12-14,13.906,152
2013-12-15,14.007,152
2013-12-16,13.875,152
2013-12-17,14.142,152
2013-12-18,14.176,152
2013-12-19,14.313,152
2013-12-20,14.281,152
2013-12-21,14.236,152
2013-12-22,14.295,152
2013-12-23,14.387,152
2013-12-24,14.419,152
2013-12-25,14.562,152
2013-12-26,14.573,152
2013-12-27,14.746,152
2013-12-28,14.916,152
2013-12-29,14.99,152
2013-12-30,14.884,152
2013-12-31,14.818,152
2014-01-01,14.825,152
2014-01-02,14.857,152
2014-01-03,14.846,152
2014-01-04,14.959,152
2014-01-05,14.86,152
2014-01-06,14.823,152
2014-01-07,14.623,152
2014-01-08,14.357,152
2014-01-09,14.378,152
2014-01-10,14.51,152
2014-01-11,14.516,152
2014-01-12,14.414,152
2014-01-13,14.477,152
2014-01-14,14.667,152
2014-01-15,15.028,152
2014-01-16,15.104,152
2014-01-17,15.112,152
2014-01-18,15.063,152
2014-01-19,14.509,152
2014-01-20,14.488,152
2014-01-21,14.951,152
2014-01-22,15.069,152
2014-01-23,14.92,152
2014-01-24,15.045,152
2014-01-25,15.537,152
2014-01-26,15.236,152
2014-01-27,14.839,152
2014-01-28,14.877,152
2014-01-29,15.007,152
2014-01-30,14.908,152
2014-01-31,14.395,152
2014-02-01,14.395,152
2014-02-02,14.371,152
2014-02-03,14.369,152
2014-02-04,14.185,152
2014-02-05,14.069,152
2014-02-06,14.021,152
2014-02-07,13.83,152
2014-02-08,14.031,152
2014-02-09,13.916,152
2014-02-10,14.057,152
2014-02-11,14.087,152
2014-02-12,14.063,152
2014-02-13,14.165,152
2014-02-14,14.226,152
2014-02-15,14.259,152
2014-02-16,13.975,152
2014-02-17,13.929,152
2014-02-18,14.138,152
2014-02-19,13.945,152
2014-02-20,13.818,152
2014-02-21,13.846,152
2014-02-22,14.508,152
2014-02-23,14.28,152
2014-02-24,14.279,152
2014-02-25,14.293,152
2014-02-26,14.202,152
2014-02-27,13.986,152
2014-02-28,14.108,152
2014-03-01,14.132,152
2014-03-02,14.165,152
2014-03-03,14.112,152
2014-03-04,13.974,152
2014-03-05,14.091,152
2014-03-06,14.297,152
2014-03-07,14.466,152
2014-03-08,14.564,152
2014-03-09,14.647,152
2014-03-10,15.139,152
2014-03-11,15.154,152
2014-03-12,15.114,152
2014-03-13,15.192,152
2014-03-14,15.359,152
2014-03-15,15.709,152
2014-03-16,15.642,152
2014-03-17,15.567,152
2014-03-18,15.374,152
2014-03-19,15.371,152
2014-03-20,15.359,152
2014-03-21,15,152
2014-03-22,14.736,152
2014-03-23,14.777,152
2014-03-24,15.037,152
2014-03-25,14.791,152
2014-03-26,14.766,152
2014-03-27,14.734,152
2014-03-28,14.793,152
2014-03-29,14.545,152
2014-03-30,14.438,152
2014-03-31,14.359,152
2014-04-01,14.285,152
2014-04-02,13.991,152
2014-04-03,13.936,152
2014-04-04,13.743,152
2014-04-05,13.666,152
2014-04-06,13.839,152
2014-04-07,14.089,152
2014-04-08,14.281,152
2014-04-09,13.997,152
2014-04-10,13.745,152
2014-04-11,13.644,152
2014-04-12,13.833,152
2014-04-13,14.013,152
2014-04-14,14.059,152
2014-04-15,14.106,152
2014-04-16,14.23,152
2014-04-17,14.254,152
2014-04-18,14.673,152
2014-04-19,14.805,152
2014-04-20,14.67,152
2014-04-21,14.466,152
2014-04-22,14.172,152
2014-04-23,13.877,152
2014-04-24,13.833,152
2014-04-25,13.743,152
2014-04-26,13.502,152
2014-04-27,13.427,152
2014-04-28,13.491,152
2014-04-29,13.56,152
2014-04-30,13.603,152
2014-05-01,14.49,152
2014-05-02,14.816,152
2014-05-03,14.702,152
2014-05-04,14.334,152
2014-05-05,13.999,152
2014-05-06,13.467,152
2014-05-07,13.122,152
2014-05-08,13.024,152
2014-05-09,13.536,152
2014-05-10,13.231,152
2014-05-11,13.576,152
2014-05-12,14.102,152
2014-05-13,14.645,152
2014-05-14,15.158,152
2014-05-15,16.109,152
2014-05-16,15.504,152
2014-05-17,14.921,152
2014-05-18,14.678,152
2014-05-19,14.552,152
2014-05-20,14.657,152
2014-05-21,14.716,152
2014-05-22,14.885,152
2014-05-23,15.119,152
2014-05-24,15.558,152
2014-05-25,15.467,152
2014-05-26,15.289,152
2014-05-27,14.955,152
2014-05-28,15.374,152
2014-05-29,15.983,152
2014-05-30,16.35,152
2014-05-31,16.192,152
2014-06-01,16.014,152
2014-06-02,16.071,152
2014-06-03,16.25,152
2014-06-04,16.229,152
2014-06-05,16.034,152
2014-06-06,15.608,152
2014-06-07,15.429,152
2014-06-08,15.569,152
2014-06-09,15.993,152
2014-06-10,16.467,152
2014-06-11,16.467,152
2014-06-12,16.473,152
2014-06-13,16.602,152
2014-06-14,16.67,152
2014-06-15,16.17,152
2014-06-16,15.971,152
2014-06-17,16.308,152
2014-06-18,16.492,152
2014-06-19,16.8,152
2014-06-20,16.816,152
2014-06-21,16.724,152
2014-06-22,17.085,152
2014-06-23,17.675,152
2014-06-24,17.401,152
2014-06-25,17.219,152
2014-06-26,17.014,152
2014-06-27,17.33,152
2014-06-28,17.575,152
2014-06-29,17.888,152
2014-06-30,17.599,152
2014-07-01,17.79,152
2014-07-02,17.675,152
2014-07-03,17.578,152
2014-07-04,18.176,152
2014-07-05,19.542,152
2014-07-06,19.758,152
2014-07-07,19.922,152
2014-07-08,20.192,152
2014-07-09,19.946,152
2014-07-10,19.628,152
2014-07-11,19.495,152
2014-07-12,19.401,152
2014-07-13,19.49,152
2014-07-14,19.579,152
2014-07-15,19.997,152
2014-07-16,20.314,152
2014-07-17,20.347,152
2014-07-18,20.328,152
2014-07-19,19.47,152
2014-07-20,19.512,152
2014-07-21,19.722,152
2014-07-22,19.572,152
2014-07-23,19.421,152
2014-07-24,19.405,152
2014-07-25,19.322,152
2014-07-26,19.203,152
2014-07-27,19.257,152
2014-07-28,19.263,152
2014-07-29,19.306,152
2014-07-30,19.402,152
2014-07-31,19.379,152
2014-08-01,19.289,152
2014-08-02,19.213,152
2014-08-03,18.976,152
2014-08-04,18.983,152
2014-08-05,18.959,152
2014-08-06,18.915,152
2014-08-07,18.943,152
2014-08-08,19.016,152
2014-08-09,19.021,152
2014-08-10,19.067,152
2014-08-11,19.345,152
2014-08-12,19.349,152
2014-08-13,19.392,152
2014-08-14,19.311,152
2014-08-15,19.224,152
2014-08-16,19.178,152
2014-08-17,19.134,152
2014-08-18,19.087,152
2014-08-19,19.159,152
2014-08-20,19.519,152
2014-08-21,19.604,152
2014-08-22,19.565,152
2014-08-23,19.538,152
2014-08-24,19.991,152
2014-08-25,19.934,152
2014-08-26,19.93,152
2014-08-27,20.117,152
2014-08-28,20.142,152
2014-08-29,20.201,152
2014-08-30,20.108,152
2014-08-31,20.108,152
2014-09-01,20.034,152
2014-09-02,20.112,152
2014-09-03,20.453,152
2014-09-04,20.34,152
2014-09-05,20.488,152
2014-09-06,20.334,152
2014-09-07,20.264,152
2014-09-08,20.369,152
2014-09-09,20.347,152
2014-09-10,20.241,152
2014-09-11,20.097,152
2014-09-12,20.321,152
2014-09-13,20.62,152
2014-09-14,20.52,152
2014-09-15,20.516,152
2014-09-16,20.506,152
2014-09-17,20.413,152
2014-09-18,20.071,152
2014-09-19,19.914,152
2014-09-20,20.111,152
2014-09-21,20.548,152
2014-09-22,20.475,152
2014-09-23,20.085,152
2014-09-24,19.968,152
2014-09-25,19.907,152
2014-09-26,19.76,152
2014-09-27,19.394,152
2014-09-28,18.876,152
2014-09-29,18.84,152
2014-09-30,18.792,152
2014-10-01,18.782,152
2014-10-02,18.998,152
2014-10-03,19.754,152
2014-10-04,20.103,152
2014-10-05,20.289,152
2014-10-06,20.431,152
2014-10-07,20.527,152
2014-10-08,20.451,152
2014-10-09,20.358,152
2014-10-10,20.046,152
2014-10-11,19.888,152
2014-10-12,20.185,152
2014-10-13,20.243,152
2014-10-14,20.914,152
2014-10-15,20.938,152
2014-10-16,20.826,152
2014-10-17,20.644,152
2014-10-18,20.531,152
2014-10-19,20.343,152
2014-10-20,20.132,152
2014-10-21,19.822,152
2014-10-22,19.753,152
2014-10-23,19.988,152
2014-10-24,20.138,152
2014-10-25,20.246,152
2014-10-26,19.708,152
2014-10-27,19.238,152
2014-10-28,18.991,152
2014-10-29,18.864,152
2014-10-30,18.701,152
2014-10-31,18.642,152
2014-11-01,18.679,152
2014-11-02,18.712,152
2014-11-03,18.695,152
2014-11-04,18.657,152
2014-11-05,18.801,152
2014-11-06,18.808,152
2014-11-07,18.79,152
2014-11-08,18.697,152
2014-11-09,18.641,152
2014-11-10,18.377,152
2014-11-11,18.178,152
2014-11-12,17.953,152
2014-11-13,17.945,152
2014-11-14,17.954,152
2014-11-15,17.931,152
2014-11-16,17.843,152
2014-11-17,17.763,152
2014-11-18,17.626,152
2014-11-19,17.402,152
2014-11-20,17.609,152
2014-11-21,17.755,152
2014-11-22,17.77,152
2014-11-23,17.529,152
2014-11-24,17.324,152
2014-11-25,17.533,152
2014-11-26,17.65,152
2014-11-27,17.75,152
2014-11-28,17.727,152
2014-11-29,17.856,152
2014-11-30,17.46,152
2014-12-01,17.341,152
2014-12-02,17.242,152
2014-12-03,17.121,152
2014-12-04,17.065,152
2014-12-05,17.765,152
2014-12-06,17.865,152
2014-12-07,17.89,152
2014-12-08,17.905,152
2014-12-09,17.799,152
2014-12-10,17.731,152
2014-12-11,17.641,152
2014-12-12,17.042,152
2014-12-13,16.982,152
2014-12-14,17.025,152
2014-12-15,16.791,152
2014-12-16,16.902,152
2014-12-17,16.982,152
2014-12-18,16.913,152
2014-12-19,16.792,152
2014-12-20,16.619,152
2014-12-21,17.017,152
2014-12-22,17.105,152
2014-12-23,16.995,152
2014-12-24,16.85,152
2014-12-25,16.56,152
2014-12-26,16.216,152
2014-12-27,16.08,152
2014-12-28,15.914,152
2014-12-29,15.81,152
2014-12-30,15.633,152
2014-12-31,15.329,152
2015-01-01,15.157,152
2015-01-02,15.162,152
2015-01-03,15.181,152
2015-01-04,15.339,152
2015-01-05,15.56,152
2015-01-06,15.73,152
2015-01-07,16.045,152
2015-01-08,15.793,152
2015-01-09,15.808,152
2015-01-10,15.766,152
2015-01-11,15.903,152
2015-01-12,15.795,152
2015-01-13,15.792,152
2015-01-14,15.876,152
2015-01-15,15.984,152
2015-01-16,16.106,152
2015-01-17,15.996,152
2015-01-18,16.044,152
2015-01-19,16.034,152
2015-01-20,16.089,152
2015-01-21,15.857,152
2015-01-22,15.818,152
2015-01-23,15.819,152
2015-01-24,15.851,152
2015-01-25,15.868,152
2015-01-26,15.859,152
2015-01-27,15.838,152
2015-01-28,15.837,152
2015-01-29,15.93,152
2015-01-30,15.993,152
2015-01-31,16.136,152
2015-02-01,16.117,152
2015-02-02,15.966,152
2015-02-03,15.725,152
2015-02-04,15.729,152
2015-02-05,15.783,152
2015-02-06,15.782,152
2015-02-07,15.884,152
2015-02-08,16.138,152
2015-02-09,16.316,152
2015-02-10,16.375,152
2015-02-11,16.281,152
2015-02-12,16.218,152
2015-02-13,16.169,152
2015-02-14,16.24,152
2015-02-15,16.24,152
2015-02-16,16.154,152
2015-02-17,15.763,152
2015-02-18,15.738,152
2015-02-19,15.731,152
2015-02-20,15.798,152
2015-02-21,15.858,152
2015-02-22,15.546,152
2015-02-23,15.47,152
2015-02-24,15.53,152
2015-02-25,15.585,152
2015-02-26,15.642,152
2015-02-27,15.48,152
2015-02-28,15.301,152
2015-03-01,14.723,152
2015-03-02,14.771,152
2015-03-03,14.947,152
2015-03-04,15.193,152
2015-03-05,15.272,152
2015-03-06,15.529,152
2015-03-07,15.75,152
2015-03-08,15.764,152
2015-03-09,15.483,152
2015-03-10,15.85,152
2015-03-11,15.831,152
2015-03-12,15.821,152
2015-03-13,15.94,152
2015-03-14,15.958,152
2015-03-15,16.12,152
2015-03-16,16.213,152
2015-03-17,15.993,152
2015-03-18,16.379,152
2015-03-19,16.496,152
2015-03-20,16.355,152
2015-03-21,15.897,152
2015-03-22,15.673,152
2015-03-23,15.697,152
2015-03-24,15.607,152
2015-03-25,15.812,152
2015-03-26,16.214,152
2015-03-27,16.203,152
2015-03-28,15.934,152
2015-03-29,16.06,152
2015-03-30,16,152
2015-03-31,15.368,152
2015-04-01,15.153,152
2015-04-02,14.977,152
2015-04-03,15.022,152
2015-04-04,15.101,152
2015-04-05,14.885,152
2015-04-06,14.479,152
2015-04-07,14.456,152
2015-04-08,14.675,152
2015-04-09,14.706,152
2015-04-10,14.64,152
2015-04-11,14.793,152
2015-04-12,15.02,152
2015-04-13,15.278,152
2015-04-14,15.122,152
2015-04-15,14.834,152
2015-04-16,14.793,152
2015-04-17,14.979,152
2015-04-18,14.984,152
2015-04-19,15.005,152
2015-04-20,15.116,152
2015-04-21,14.926,152
2015-04-22,14.588,152
2015-04-23,14.567,152
2015-04-24,14.584,152
2015-04-25,14.451,152
2015-04-26,14.33,152
2015-04-27,14.374,152
2015-04-28,14.466,152
2015-04-29,15.188,152
2015-04-30,16.001,152
2015-05-01,16.049,152
2015-05-02,15.668,152
2015-05-03,15.364,152
2015-05-04,15.078,152
2015-05-05,14.921,152
2015-05-06,14.393,152
2015-05-07,14.016,152
2015-05-08,14.177,152
2015-05-09,14.69,152
2015-05-10,14.866,152
2015-05-11,14.692,152
2015-05-12,14.086,152
2015-05-13,14.043,152
2015-05-14,14.41,152
2015-05-15,14.604,152
2015-05-16,14.515,152
2015-05-17,14.512,152
2015-05-18,14.673,152
2015-05-19,14.799,152
2015-05-20,14.815,152
2015-05-21,14.891,152
2015-05-22,14.921,152
2015-05-23,14.782,152
2015-05-24,14.723,152
2015-05-25,14.737,152
2015-05-26,14.845,152
2015-05-27,14.965,152
2015-05-28,15.123,152
2015-05-29,15.151,152
2015-05-30,15.223,152
2015-05-31,15.451,152
2015-06-01,15.422,152
2015-06-02,15.267,152
2015-06-03,15.282,152
2015-06-04,15.36,152
2015-06-05,15.656,152
2015-06-06,15.989,152
2015-06-07,16.122,152
2015-06-08,16.052,152
2015-06-09,16.018,152
2015-06-10,16.015,152
2015-06-11,15.944,152
2015-06-12,15.786,152
2015-06-13,15.881,152
2015-06-14,16.745,152
2015-06-15,16.73,152
2015-06-16,16.546,152
2015-06-17,16.32,152
2015-06-18,16.585,152
2015-06-19,16.756,152
2015-06-20,16.476,152
2015-06-21,16.567,152
2015-06-22,16.616,152
2015-06-23,16.791,152
2015-06-24,16.919,152
2015-06-25,16.806,152
2015-06-26,17.413,152
2015-06-27,17.306,152
2015-06-28,17.131,152
2015-06-29,17.082,152
2015-06-30,17.055,152
2015-07-01,17.807,152
2015-07-02,17.378,152
2015-07-03,17.343,152
2015-07-04,17.258,152
2015-07-05,17.294,152
2015-07-06,17.479,152
2015-07-07,17.327,152
2015-07-08,17.407,152
2015-07-09,17.504,152
2015-07-10,18.215,152
2015-07-11,18.469,152
2015-07-12,18.47,152
2015-07-13,18.443,152
2015-07-14,18.345,152
2015-07-15,18.092,152
2015-07-16,18.167,152
2015-07-17,18.286,152
2015-07-18,18.176,152
2015-07-19,18.374,152
2015-07-20,19.095,152
2015-07-21,19.947,152
2015-07-22,19.932,152
2015-07-23,19.846,152
2015-07-24,20.464,152
2015-07-25,20.517,152
2015-07-26,20.329,152
2015-07-27,20.162,152
2015-07-28,20.235,152
2015-07-29,20.25,152
2015-07-30,20.497,152
2015-07-31,20.51,152
2015-08-01,20.096,152
2015-08-02,19.798,152
2015-08-03,19.363,152
2015-08-04,18.845,152
2015-08-05,18.717,152
2015-08-06,19.14,152
2015-08-07,19.423,152
2015-08-08,19.499,152
2015-08-09,19.566,152
2015-08-10,19.555,152
2015-08-11,19.517,152
2015-08-12,18.867,152
2015-08-13,18.677,152
2015-08-14,18.688,152
2015-08-15,18.955,152
2015-08-16,19.338,152
2015-08-17,19.579,152
2015-08-18,20.027,152
2015-08-19,19.788,152
2015-08-20,19.655,152
2015-08-21,19.676,152
2015-08-22,19.827,152
2015-08-23,19.891,152
2015-08-24,19.962,152
2015-08-25,20.218,152
2015-08-26,21.336,152
2015-08-27,21.977,152
2015-08-28,21.681,152
2015-08-29,21.08,152
2015-08-30,20.501,152
2015-08-31,20.159,152
2015-09-01,20.076,152
2015-09-02,20.502,152
2015-09-03,20.54,152
2015-09-04,20.402,152
2015-09-05,20.37,152
2015-09-06,20.729,152
2015-09-07,20.948,152
2015-09-08,21.079,152
2015-09-09,21.316,152
2015-09-10,21.707,152
2015-09-11,22.041,152
2015-09-12,21.978,152
2015-09-13,22.038,152
2015-09-14,22.049,152
2015-09-15,21.385,152
2015-09-16,21.219,152
2015-09-17,21.535,152
2015-09-18,21.982,152
2015-09-19,22.384,152
2015-09-20,22.727,152
2015-09-21,22.459,152
2015-09-22,21.738,152
2015-09-23,21.635,152
2015-09-24,21.721,152
2015-09-25,21.726,152
2015-09-26,21.794,152
2015-09-27,21.811,152
2015-09-28,21.982,152
2015-09-29,21.813,152
2015-09-30,21.501,152
2015-10-01,21.119,152
2015-10-02,20.562,152
2015-10-03,20.398,152
2015-10-04,20.229,152
2015-10-05,20.457,152
2015-10-06,20.691,152
2015-10-07,20.715,152
2015-10-08,20.87,152
2015-10-09,21.295,152
2015-10-10,21.809,152
2015-10-11,21.984,152
2015-10-12,22.071,152
2015-10-13,22.139,152
2015-10-14,21.673,152
2015-10-15,21.556,152
2015-10-16,21.737,152
2015-10-17,21.754,152
2015-10-18,21.56,152
2015-10-19,21.173,152
2015-10-20,21.095,152
2015-10-21,21.049,152
2015-10-22,21.038,152
2015-10-23,21.112,152
2015-10-24,21.074,152
2015-10-25,21.116,152
2015-10-26,21.209,152
2015-10-27,21.151,152
2015-10-28,20.374,152
2015-10-29,19.621,152
2015-10-30,19.567,152
2015-10-31,19.503,152
2015-11-01,19.41,152
2015-11-02,19.26,152
2015-11-03,18.821,152
2015-11-04,18.604,152
2015-11-05,18.528,152
2015-11-06,18.472,152
2015-11-07,18.468,152
2015-11-08,18.528,152
2015-11-09,18.521,152
2015-11-10,18.15,152
2015-11-11,17.937,152
2015-11-12,17.935,152
2015-11-13,18.056,152
2015-11-14,18.005,152
2015-11-15,17.847,152
2015-11-16,16.943,152
2015-11-17,16.751,152
2015-11-18,16.77,152
2015-11-19,16.826,152
2015-11-20,16.996,152
2015-11-21,17.22,152
2015-11-22,17.337,152
2015-11-23,17.278,152
2015-11-24,17.172,152
2015-11-25,16.71,152
2015-11-26,16.692,152
2015-11-27,16.721,152
2015-11-28,16.759,152
2015-11-29,16.843,152
2015-11-30,17.036,152
2015-12-01,17.135,152
2015-12-02,17.176,152
2015-12-03,16.988,152
2015-12-04,16.959,152
2015-12-05,16.956,152
2015-12-06,16.925,152
2015-12-07,17.052,152
2015-12-08,17.172,152
2015-12-09,17.165,152
2015-12-10,16.916,152
2015-12-11,16.969,152
2015-12-12,17.13,152
2015-12-13,17.104,152
2015-12-14,16.763,152
2015-12-15,16.585,152
2015-12-16,16.578,152
2015-12-17,16.589,152
2015-12-18,16.591,152
2015-12-19,16.556,152
2015-12-20,16.428,152
2015-12-21,16.382,152
2015-12-22,16.071,152
2015-12-23,15.879,152
2015-12-24,15.725,152
2015-12-25,15.513,152
2015-12-26,15.276,152
2015-12-27,15.14,152
2015-12-28,15.043,152
2015-12-29,15.067,152
2015-12-30,14.944,152
2015-12-31,14.833,152
2016-01-01,14.835,152
2016-01-02,14.777,152
2016-01-03,14.788,152
2016-01-04,14.984,152
2016-01-05,14.885,152
2016-01-06,14.76,152
2016-01-07,14.833,152
2016-01-08,14.862,152
2016-01-09,14.865,152
2016-01-10,14.875,152
2016-01-11,14.827,152
2016-01-12,14.865,152
2016-01-13,14.829,152
2016-01-14,14.65,152
2016-01-15,14.703,152
2016-01-16,14.804,152
2016-01-17,14.874,152
2016-01-18,14.881,152
2016-01-19,14.708,152
2016-01-20,14.664,152
2016-01-21,14.593,152
2016-01-22,14.913,152
2016-01-23,15.008,152
2016-01-24,14.936,152
2016-01-25,14.845,152
2016-01-26,14.832,152
2016-01-27,14.751,152
2016-01-28,14.739,152
2016-01-29,14.877,152
2016-01-30,14.962,152
2016-01-31,14.684,152
2016-02-01,14.225,152
2016-02-02,14.086,152
2016-02-03,13.929,152
2016-02-04,13.928,152
2016-02-05,14.066,152
2016-02-06,14.346,152
2016-02-07,14.448,152
2016-02-08,14.357,152
2016-02-09,14.621,152
2016-02-10,14.842,152
2016-02-11,15.019,152
2016-02-12,14.97,152
2016-02-13,14.84,152
2016-02-14,14.897,152
2016-02-15,15.087,152
2016-02-16,15.129,152
2016-02-17,15.244,152
2016-02-18,15.026,152
2016-02-19,14.904,152
2016-02-20,14.897,152
2016-02-21,14.883,152
2016-02-22,14.802,152
2016-02-23,15.259,152
2016-02-24,15.294,152
2016-02-25,15.269,152
2016-02-26,15.387,152
2016-02-27,15.354,152
2016-02-28,15.523,152
2016-02-29,15.557,152
2016-03-01,15.62,152
2016-03-02,15.43,152
2016-03-03,15.127,152
2016-03-04,14.74,152
2016-03-05,14.941,152
2016-03-06,15.211,152
2016-03-07,15.179,152
2016-03-08,15.068,152
2016-03-09,14.973,152
2016-03-10,15.102,152
2016-03-11,15.019,152
2016-03-12,14.755,152
2016-03-13,14.783,152
2016-03-14,15.007,152
2016-03-15,15.255,152
2016-03-16,15.562,152
2016-03-17,15.788,152
2016-03-18,15.921,152
2016-03-19,15.134,152
2016-03-20,14.635,152
2016-03-21,14.659,152
2016-03-22,14.734,152
2016-03-23,14.891,152
2016-03-24,14.942,152
2016-03-25,14.831,152
2016-03-26,14.741,152
2016-03-27,14.649,152
2016-03-28,13.552,152
2016-03-29,13.436,152
2016-03-30,13.561,152
2016-03-31,13.782,152
2016-04-01,14.011,152
2016-04-02,14.285,152
2016-04-03,14.383,152
2016-04-04,14.19,152
2016-04-05,14.21,152
2016-04-06,14.072,152
2016-04-07,14.036,152
2016-04-08,14.105,152
2016-04-09,14.65,152
2016-04-10,15.063,152
2016-04-11,15.096,152
2016-04-12,14.803,152
2016-04-13,14.552,152
2016-04-14,14.327,152
2016-04-15,14.066,152
2016-04-16,14.419,152
2016-04-17,14.974,152
2016-04-18,15.571,152
2016-04-19,15.836,152
2016-04-20,15.59,152
2016-04-21,15.547,152
2016-04-22,15.552,152
2016-04-23,15.246,152
2016-04-24,14.609,152
2016-04-25,13.797,152
2016-04-26,13.479,152
2016-04-27,13.295,152
2016-04-28,13.105,152
2016-04-29,13.043,152
2016-04-30,13.425,152
2016-05-01,13.621,152
2016-05-02,13.799,152
2016-05-03,13.972,152
2016-05-04,14.093,152
2016-05-05,14.846,152
2016-05-06,15.267,152
2016-05-07,15.105,152
2016-05-08,14.923,152
2016-05-09,14.908,152
2016-05-10,14.882,152
2016-05-11,14.906,152
2016-05-12,14.887,152
2016-05-13,14.55,152
2016-05-14,14.892,152
2016-05-15,14.956,152
2016-05-16,14.795,152
2016-05-17,14.692,152
2016-05-18,14.912,152
2016-05-19,14.692,152
2016-05-20,14.983,152
2016-05-21,15.14,152
2016-05-22,15.171,152
2016-05-23,15.028,152
2016-05-24,14.845,152
2016-05-25,14.824,152
2016-05-26,14.728,152
2016-05-27,14.658,152
2016-05-28,14.709,152
2016-05-29,14.79,152
2016-05-30,14.952,152
2016-05-31,15.072,152
2016-06-01,15.264,152
2016-06-02,15.225,152
2016-06-03,15.251,152
2016-06-04,15.443,152
2016-06-05,15.522,152
2016-06-06,15.543,152
2016-06-07,15.557,152
2016-06-08,15.349,152
2016-06-09,15.258,152
2016-06-10,15.22,152
2016-06-11,15.534,152
2016-06-12,15.133,152
2016-06-13,14.874,152
2016-06-14,14.815,152
2016-06-15,14.803,152
2016-06-16,14.719,152
2016-06-17,15.017,152
2016-06-18,15.207,152
2016-06-19,15.361,152
2016-06-20,15.417,152
2016-06-21,15.327,152
2016-06-22,15.248,152
2016-06-23,16.016,152
2016-06-24,16.017,152
2016-06-25,16.206,152
2016-06-26,16.738,152
2016-06-27,17.14,152
2016-06-28,17.152,152
2016-06-29,16.957,152
2016-06-30,16.818,152
2016-07-01,17.348,152
2016-07-02,17.811,152
2016-07-03,17.922,152
2016-07-04,17.868,152
2016-07-05,17.711,152
2016-07-06,17.671,152
2016-07-07,17.41,152
2016-07-08,17.414,152
2016-07-09,17.716,152
2016-07-10,17.833,152
2016-07-11,17.905,152
2016-07-12,18.213,152
2016-07-13,18.345,152
2016-07-14,18.428,152
2016-07-15,18.393,152
2016-07-16,18.383,152
2016-07-17,18.784,152
2016-07-18,18.777,152
2016-07-19,18.566,152
2016-07-20,18.53,152
2016-07-21,18.775,152
2016-07-22,18.591,152
2016-07-23,18.513,152
2016-07-24,18.444,152
2016-07-25,18.738,152
2016-07-26,19.643,152
2016-07-27,19.946,152
2016-07-28,19.955,152
2016-07-29,19.967,152
2016-07-30,20.113,152
2016-07-31,20.102,152
2016-08-01,20.069,152
2016-08-02,19.891,152
2016-08-03,19.412,152
2016-08-04,19.2,152
2016-08-05,18.969,152
2016-08-06,18.826,152
2016-08-07,18.784,152
2016-08-08,18.823,152
2016-08-09,19.07,152
2016-08-10,19.338,152
2016-08-11,19.497,152
2016-08-12,19.378,152
2016-08-13,19.199,152
2016-08-14,19.026,152
2016-08-15,18.956,152
2016-08-16,18.853,152
2016-08-17,18.88,152
2016-08-18,19.564,152
2016-08-19,19.71,152
2016-08-20,19.41,152
2016-08-21,19.175,152
2016-08-22,18.735,152
2016-08-23,18.678,152
2016-08-24,18.372,152
2016-08-25,18.143,152
2016-08-26,17.783,152
2016-08-27,18.479,152
2016-08-28,18.756,152
2016-08-29,18.768,152
2016-08-30,18.754,152
2016-08-31,18.78,152
2016-09-01,18.625,152
2016-09-02,18.305,152
2016-09-03,18.126,152
2016-09-04,18.034,152
2016-09-05,18.461,152
2016-09-06,18.868,152
2016-09-07,19.077,152
2016-09-08,19.147,152
2016-09-09,19.118,152
2016-09-10,18.661,152
2016-09-11,18.601,152
2016-09-12,18.718,152
2016-09-13,19.135,152
2016-09-14,19.006,152
2016-09-15,19.065,152
2016-09-16,18.982,152
2016-09-17,18.913,152
2016-09-18,18.692,152
2016-09-19,18.626,152
2016-09-20,19.017,152
2016-09-21,18.54,152
2016-09-22,17.933,152
2016-09-23,17.862,152
2016-09-24,18.16,152
2016-09-25,18.603,152
2016-09-26,19.291,152
2016-09-27,20.319,152
2016-09-28,20.049,152
2016-09-29,19.561,152
2016-09-30,18.873,152
2016-10-01,18.471,152
2016-10-02,18.107,152
2016-10-03,17.744,152
2016-10-04,17.402,152
2016-10-05,17.27,152
2016-10-06,17.267,152
2016-10-07,17.904,152
2016-10-08,18.13,152
2016-10-09,18.1,152
2016-10-10,17.943,152
2016-10-11,17.929,152
2016-10-12,17.709,152
2016-10-13,17.512,152
2016-10-14,17.42,152
2016-10-15,17.3,152
2016-10-16,17.456,152
2016-10-17,17.127,152
2016-10-18,16.94,152
2016-10-19,16.926,152
2016-10-20,17.241,152
2016-10-21,17.717,152
2016-10-22,18.168,152
2016-10-23,17.569,152
2016-10-24,17.072,152
2016-10-25,17.093,152
2016-10-26,17.104,152
2016-10-27,18.104,152
2016-10-28,17.679,152
2016-10-29,17.529,152
2016-10-30,17.428,152
2016-10-31,17.499,152
2016-11-01,17.337,152
2016-11-02,17.22,152
2016-11-03,17.077,152
2016-11-04,17.086,152
2016-11-05,17.172,152
2016-11-06,17.23,152
2016-11-07,17.32,152
2016-11-08,17.46,152
2016-11-09,17.681,152
2016-11-10,17.688,152
2016-11-11,17.614,152
2016-11-12,17.526,152
2016-11-13,17.605,152
2016-11-14,17.591,152
2016-11-15,17.123,152
2016-11-16,16.591,152
2016-11-17,16.296,152
2016-11-18,16.16,152
2016-11-19,16.154,152
2016-11-20,16.32,152
2016-11-21,16.39,152
2016-11-22,16.375,152
2016-11-23,16.408,152
2016-11-24,16.48,152
2016-11-25,16.471,152
2016-11-26,16.404,152
2016-11-27,16.048,152
2016-11-28,15.603,152
2016-11-29,15.29,152
2016-11-30,15.228,152
2016-12-01,15.238,152
2016-12-02,15.191,152
2016-12-03,15.21,152
2016-12-04,15.19,152
2016-12-05,15.036,152
2016-12-06,14.708,152
2016-12-07,14.63,152
2016-12-08,14.878,152
2016-12-09,14.758,152
2016-12-10,14.467,152
2016-12-11,14.5,152
2016-12-12,14.541,152
2016-12-13,14.63,152
2016-12-14,14.654,152
2016-12-15,14.672,152
2016-12-16,14.048,152
2016-12-17,13.901,152
2016-12-18,13.797,152
2016-12-19,13.801,152
2016-12-20,13.876,152
2016-12-21,13.972,152
2016-12-22,14.662,152
2016-12-23,14.416,152
2016-12-24,13.786,152
2016-12-25,13.67,152
2016-12-26,13.78,152
2016-12-27,13.842,152
2016-12-28,13.867,152
2016-12-29,13.858,152
2016-12-30,13.914,152
2016-12-31,13.896,152
2017-01-01,14.094,152
2017-01-02,13.999,152
2017-01-03,13.979,152
2017-01-04,14.169,152
2017-01-05,14.111,152
2017-01-06,14.058,152
2017-01-07,14.013,152
2017-01-08,14.044,152
2017-01-09,14.198,152
2017-01-10,14.225,152
2017-01-11,14.248,152
2017-01-12,14.18,152
2017-01-13,14.26,152
2017-01-14,14.312,152
2017-01-15,14.378,152
2017-01-16,14.313,152
2017-01-17,14.225,152
2017-01-18,14.105,152
2017-01-19,13.994,152
2017-01-20,13.977,152
2017-01-21,13.909,152
2017-01-22,13.78,152
2017-01-23,13.633,152
2017-01-24,13.631,152
2017-01-25,13.565,152
2017-01-26,13.561,152
2017-01-27,13.604,152
2017-01-28,13.66,152
2017-01-29,13.728,152
2017-01-30,14.002,152
2017-01-31,14.039,152
2017-02-01,13.859,152
2017-02-02,13.776,152
2017-02-03,13.766,152
2017-02-04,13.466,152
2017-02-05,13.373,152
2017-02-06,13.413,152
2017-02-07,13.65,152
2017-02-08,13.854,152
2017-02-09,13.984,152
2017-02-10,14.092,152
2017-02-11,14.095,152
2017-02-12,14.087,152
2017-02-13,14.026,152
2017-02-14,13.964,152
2017-02-15,14.023,152
2017-02-16,14.066,152
2017-02-17,13.936,152
2017-02-18,13.702,152
2017-02-19,13.613,152
2017-02-20,13.539,152
2017-02-21,13.811,152
2017-02-22,13.808,152
2017-02-23,13.566,152
2017-02-24,13.369,152
2017-02-25,13.351,152
2017-02-26,13.352,152
2017-02-27,13.301,152
2017-02-28,13.281,152
2017-03-01,13.304,152
2017-03-02,13.391,152
2017-03-03,13.653,152
2017-03-04,13.621,152
2017-03-05,13.339,152
2017-03-06,13.335,152
2017-03-07,13.166,152
2017-03-08,13.342,152
2017-03-09,13.503,152
2017-03-10,14.062,152
2017-03-11,14.37,152
2017-03-12,14.214,152
2017-03-13,14.071,152
2017-03-14,14.213,152
2017-03-15,14.188,152
2017-03-16,14.118,152
2017-03-17,13.983,152
2017-03-18,14.168,152
2017-03-19,14.139,152
2017-03-20,13.956,152
2017-03-21,13.988,152
2017-03-22,14.098,152
2017-03-23,13.934,152
2017-03-24,13.867,152
2017-03-25,13.788,152
2017-03-26,13.957,152
2017-03-27,13.911,152
2017-03-28,13.869,152
2017-03-29,13.805,152
2017-03-30,13.054,152
2017-03-31,13.037,152
2017-04-01,13.049,152
2017-04-02,13.088,152
2017-04-03,13.77,152
2017-04-04,13.832,152
2017-04-05,13.925,152
2017-04-06,13.916,152
2017-04-07,14.229,152
2017-04-08,13.711,152
2017-04-09,13.513,152
2017-04-10,13.475,152
2017-04-11,13.765,152
2017-04-12,13.932,152
2017-04-13,13.876,152
2017-04-14,13.692,152
2017-04-15,13.626,152
2017-04-16,13.62,152
2017-04-17,13.664,152
2017-04-18,14.032,152
2017-04-19,13.542,152
2017-04-20,13.492,152
2017-04-21,13.383,152
2017-04-22,13.479,152
2017-04-23,13.459,152
2017-04-24,13.402,152
2017-04-25,13.055,152
2017-04-26,12.153,152
2017-04-27,11.896,152
2017-04-28,12.024,152
2017-04-29,12.362,152
2017-04-30,12.863,152
2017-05-01,13.254,152
2017-05-02,13.525,152
2017-05-03,13.667,152
2017-05-04,14.214,152
2017-05-05,14,152
2017-05-06,13.816,152
2017-05-07,13.897,152
2017-05-08,13.678,152
2017-05-09,13.667,152
2017-05-10,13.649,152
2017-05-11,14.323,152
2017-05-12,13.905,152
2017-05-13,13.591,152
2017-05-14,13.421,152
2017-05-15,13.377,152
2017-05-16,13.316,152
2017-05-17,13.113,152
2017-05-18,13.154,152
2017-05-19,13.738,152
2017-05-20,14.171,152
2017-05-21,14.092,152
2017-05-22,14.01,152
2017-05-23,13.876,152
2017-05-24,14.047,152
2017-05-25,14.696,152
2017-05-26,14.803,152
2017-05-27,14.701,152
2017-05-28,14.589,152
2017-05-29,14.451,152
2017-05-30,14.271,152
2017-05-31,14.501,152
2017-06-01,14.292,152
2017-06-02,14.251,152
2017-06-03,14.36,152
2017-06-04,14.634,152
2017-06-05,14.646,152
2017-06-06,14.557,152
2017-06-07,14.62,152
2017-06-08,15.419,152
2017-06-09,15.283,152
2017-06-10,15.106,152
2017-06-11,14.859,152
2017-06-12,14.638,152
2017-06-13,14.6,152
2017-06-14,14.58,152
2017-06-15,15.859,152
2017-06-16,16.598,152
2017-06-17,16.431,152
2017-06-18,16.366,152
2017-06-19,16.46,152
2017-06-20,16.29,152
2017-06-21,16.222,152
2017-06-22,16.416,152
2017-06-23,16.428,152
2017-06-24,16.152,152
2017-06-25,16.015,152
2017-06-26,15.907,152
2017-06-27,15.647,152
2017-06-28,15.452,152
2017-06-29,15.313,152
2017-06-30,15.365,152
2017-07-01,15.603,152
2017-07-02,16.029,152
2017-07-03,16.312,152
2017-07-04,16.589,152
2017-07-05,16.581,152
2017-07-06,16.791,152
2017-07-07,17.129,152
2017-07-08,17.888,152
2017-07-09,18.291,152
2017-07-10,18.208,152
2017-07-11,18.313,152
2017-07-12,18.311,152
2017-07-13,17.427,152
2017-07-14,17.586,152
2017-07-15,17.973,152
2017-07-16,18.576,152
2017-07-17,19.158,152
2017-07-18,19.167,152
2017-07-19,18.903,152
2017-07-20,18.29,152
2017-07-21,17.946,152
2017-07-22,17.957,152
2017-07-23,17.877,152
2017-07-24,19.177,152
2017-07-25,19.129,152
2017-07-26,19.112,152
2017-07-27,18.925,152
2017-07-28,17.984,152
2017-07-29,17.433,152
2017-07-30,17.854,152
2017-07-31,18.002,152
2017-08-01,17.803,152
2017-08-02,18.579,152
2017-08-03,19.718,152
2017-08-04,19.944,152
2017-08-05,19.297,152
2017-08-06,18.832,152
2017-08-07,18.351,152
2017-08-08,18.183,152
2017-08-09,18.067,152
2017-08-10,18.059,152
2017-08-11,18.146,152
2017-08-12,17.625,152
2017-08-13,17.233,152
2017-08-14,17.292,152
2017-08-15,17.5,152
2017-08-16,18.105,152
2017-08-17,18.558,152
2017-08-18,18.584,152
2017-08-19,18.772,152
2017-08-20,19.691,152
2017-08-21,19.492,152
2017-08-22,19.333,152
2017-08-23,19.306,152
2017-08-24,18.431,152
2017-08-25,18.065,152
2017-08-26,17.954,152
2017-08-27,18.65,152
2017-08-28,18.717,152
2017-08-29,18.598,152
2017-08-30,18.597,152
2017-08-31,18.918,152
2017-09-01,19.615,152
2017-09-02,20.286,152
2017-09-03,20.256,152
2017-09-04,20.851,152
2017-09-05,20.221,152
2017-09-06,19.819,152
2017-09-07,19.559,152
2017-09-08,19.423,152
2017-09-09,19.353,152
2017-09-10,19.635,152
2017-09-11,19.928,152
2017-09-12,20.311,152
2017-09-13,20.085,152
2017-09-14,19.808,152
2017-09-15,19.322,152
2017-09-16,19.052,152
2017-09-17,19.003,152
2017-09-18,19.067,152
2017-09-19,18.944,152
2017-09-20,18.747,152
2017-09-21,18.184,152
2017-09-22,17.766,152
2017-09-23,17.65,152
2017-09-24,18.031,152
2017-09-25,18.024,152
2017-09-26,18.174,152
2017-09-27,18.439,152
2017-09-28,18.38,152
2017-09-29,18.171,152
2017-09-30,18.012,152
2017-10-01,18.122,152
2017-10-02,18.261,152
2017-10-03,18.273,152
2017-10-04,18.439,152
2017-10-05,18.931,152
2017-10-06,18.862,152
2017-10-07,18.676,152
2017-10-08,18.461,152
2017-10-09,18.508,152
2017-10-10,18.626,152
2017-10-11,18.609,152
2017-10-12,18.749,152
2017-10-13,19.108,152
2017-10-14,19.174,152
2017-10-15,19.225,152
2017-10-16,19.426,152
2017-10-17,19.147,152
2017-10-18,18.843,152
2017-10-19,18.466,152
2017-10-20,17.653,152
2017-10-21,17.131,152
2017-10-22,17.165,152
2017-10-23,17.325,152
2017-10-24,17.973,152
2017-10-25,18.941,152
2017-10-26,18.986,152
2017-10-27,19.045,152
2017-10-28,18.794,152
2017-10-29,17.977,152
2017-10-30,17.733,152
2017-10-31,17.652,152
2017-11-01,18.157,152
2017-11-02,18.14,152
2017-11-03,17.95,152
2017-11-04,17.623,152
2017-11-05,17.553,152
2017-11-06,17.506,152
2017-11-07,17.541,152
2017-11-08,17.7,152
2017-11-09,17.611,152
2017-11-10,17.372,152
2017-11-11,17.226,152
2017-11-12,16.924,152
2017-11-13,16.764,152
2017-11-14,16.69,152
2017-11-15,16.712,152
2017-11-16,16.987,152
2017-11-17,16.475,152
2017-11-18,16.442,152
2017-11-19,16.426,152
2017-11-20,16.281,152
2017-11-21,16.38,152
2017-11-22,16.348,152
2017-11-23,16.332,152
2017-11-24,16.396,152
2017-11-25,16.506,152
2017-11-26,16.24,152
2017-11-27,16.032,152
2017-11-28,15.942,152
2017-11-29,15.992,152
2017-11-30,16.192,152
2017-12-01,16.239,152
2017-12-02,16.094,152
2017-12-03,15.811,152
2017-12-04,15.653,152
2017-12-05,15.568,152
2017-12-06,15.532,152
2017-12-07,15.477,152
2017-12-08,15.425,152
2017-12-09,15.389,152
2017-12-10,15.4,152
2017-12-11,15.706,152
2017-12-12,15.754,152
2017-12-13,15.658,152
2017-12-14,15.647,152
2017-12-15,15.615,152
2017-12-16,15.438,152
2017-12-17,15.163,152
2017-12-18,15.172,152
2017-12-19,15.197,152
2017-12-20,15.128,152
2017-12-21,14.831,152
2017-12-22,14.698,152
2017-12-23,14.609,152
2017-12-24,14.615,152
2017-12-25,15.008,152
2017-12-26,15.03,152
2017-12-27,14.902,152
2017-12-28,14.931,152
2017-12-29,15.005,152
2017-12-30,15.052,152
2017-12-31,15.067,152
2018-01-01,15.139,152
2018-01-02,15.275,152
2018-01-03,15.324,152
2018-01-04,15.2,152
2018-01-05,14.923,152
2018-01-06,14.856,152
2018-01-07,14.976,152
2018-01-08,14.976,152
2018-01-09,14.858,152
2018-01-10,14.971,152
2018-01-11,15.103,152
2018-01-12,15.085,152
2018-01-13,15.165,152
2018-01-14,15.176,152
2018-01-15,15.439,152
2018-01-16,15.252,152
2018-01-17,15.208,152
2018-01-18,15.092,152
2018-01-19,14.843,152
2018-01-20,14.694,152
2018-01-21,14.617,152
2018-01-22,14.564,152
2018-01-23,14.526,152
2018-01-24,14.486,152
2018-01-25,14.374,152
2018-01-26,14.288,152
2018-01-27,14.211,152
2018-01-28,14.26,152
2018-01-29,14.264,152
2018-01-30,14.553,152
2018-01-31,14.44,152
2018-02-01,14.455,152
2018-02-02,14.855,152
2018-02-03,15.134,152
2018-02-04,15.07,152
2018-02-05,14.967,152
2018-02-06,14.707,152
2018-02-07,15.056,152
2018-02-08,15.149,152
2018-02-09,15.208,152
2018-02-10,15.231,152
2018-02-11,15.228,152
2018-02-12,15.249,152
2018-02-13,15.205,152
2018-02-14,14.917,152
2018-02-15,14.899,152
2018-02-16,14.97,152
2018-02-17,15.151,152
2018-02-18,15.08,152
2018-02-19,14.604,152
2018-02-20,14.31,152
2018-02-21,14.148,152
2018-02-22,13.977,152
2018-02-23,13.777,152
2018-02-24,13.637,152
2018-02-25,13.66,152
2018-02-26,13.6,152
2018-02-27,13.516,152
2018-02-28,13.506,152
2018-03-01,13.641,152
2018-03-02,13.725,152
2018-03-03,13.491,152
2018-03-04,13.583,152
2018-03-05,13.672,152
2018-03-06,13.747,152
2018-03-07,13.909,152
2018-03-08,13.691,152
2018-03-09,13.734,152
2018-03-10,13.916,152
2018-03-11,14.063,152
2018-03-12,14.209,152
2018-03-13,14.326,152
2018-03-14,14.108,152
2018-03-15,14.023,152
2018-03-16,13.823,152
2018-03-17,13.589,152
2018-03-18,13.581,152
2018-03-19,13.605,152
2018-03-20,13.827,152
2018-03-21,13.804,152
2018-03-22,13.63,152
2018-03-23,13.601,152
2018-03-24,13.473,152
2018-03-25,13.145,152
2018-03-26,13.023,152
2018-03-27,13.216,152
2018-03-28,13.563,152
2018-03-29,13.427,152
2018-03-30,13.262,152
2018-03-31,13.402,152
2018-04-01,13.005,152
2018-04-02,13.049,152
2018-04-03,12.993,152
2018-04-04,13.045,152
2018-04-05,12.929,152
2018-04-06,12.724,152
2018-04-07,12.75,152
2018-04-08,13.084,152
2018-04-09,13.403,152
2018-04-10,13.463,152
2018-04-11,13.137,152
2018-04-12,12.918,152
2018-04-13,12.702,152
2018-04-14,12.656,152
2018-04-15,12.679,152
2018-04-16,12.678,152
2018-04-17,12.613,152
2018-04-18,12.564,152
2018-04-19,12.606,152
2018-04-20,12.701,152
2018-04-21,12.989,152
2018-04-22,13.334,152
2018-04-23,13.665,152
2018-04-24,13.592,152
2018-04-25,13.512,152
2018-04-26,13.516,152
2018-04-27,13.416,152
2018-04-28,13.105,152
2018-04-29,12.815,152
2018-04-30,12.594,152
2018-05-01,12.546,152
2018-05-02,12.84,152
2018-05-03,12.823,152
2018-05-04,12.837,152
2018-05-05,12.961,152
2018-05-06,13.398,152
2018-05-07,13.971,152
2018-05-08,14.079,152
2018-05-09,13.648,152
2018-05-10,13.683,152
2018-05-11,13.727,152
2018-05-12,14.307,152
2018-05-13,14.955,152
2018-05-14,14.979,152
2018-05-15,14.897,152
2018-05-16,14.734,152
2018-05-17,14.482,152
2018-05-18,14.252,152
2018-05-19,14.021,152
2018-05-20,13.895,152
2018-05-21,13.576,152
2018-05-22,13.754,152
2018-05-23,13.888,152
2018-05-24,14.902,152
2018-05-25,14.99,152
2018-05-26,14.68,152
2018-05-27,14.468,152
2018-05-28,14.111,152
2018-05-29,14.121,152
2018-05-30,14.363,152
2018-05-31,14.249,152
2018-06-01,14.399,152
2018-06-02,14.781,152
2018-06-03,15.077,152
2018-06-04,15.136,152
2018-06-05,14.898,152
2018-06-06,14.878,152
2018-06-07,14.774,152
2018-06-08,14.953,152
2018-06-09,14.747,152
2018-06-10,14.625,152
2018-06-11,14.62,152
2018-06-12,14.726,152
2018-06-13,15.758,152
2018-06-14,15.828,152
2018-06-15,15.692,152
2018-06-16,15.704,152
2018-06-17,15.898,152
2018-06-18,15.925,152
2018-06-19,15.886,152
2018-06-20,15.409,152
2018-06-21,15.599,152
2018-06-22,15.826,152
2018-06-23,15.912,152
2018-06-24,16.393,152
2018-06-25,17.224,152
2018-06-26,17.369,152
2018-06-27,17.224,152
2018-06-28,17.013,152
2018-06-29,16.955,152
2018-06-30,16.988,152
2018-07-01,17.433,152
2018-07-02,17.899,152
2018-07-03,18.805,152
2018-07-04,18.537,152
2018-07-05,18.309,152
2018-07-06,17.965,152
2018-07-07,18.338,152
2018-07-08,18.484,152
2018-07-09,18.514,152
2018-07-10,19.209,152
2018-07-11,19.374,152
2018-07-12,19.072,152
2018-07-13,18.69,152
2018-07-14,18.432,152
2018-07-15,18.25,152
2018-07-16,18.245,152
2018-07-17,18.264,152
2018-07-18,18.412,152
2018-07-19,18.749,152
2018-07-20,19.266,152
2018-07-21,19.647,152
2018-07-22,19.312,152
2018-07-23,19.282,152
2018-07-24,19.204,152
2018-07-25,18.888,152
2018-07-26,18.606,152
2018-07-27,18.647,152
2018-07-28,18.601,152
2018-07-29,18.514,152
2018-07-30,19.155,152
2018-07-31,19.18,152
2018-08-01,19.105,152
2018-08-02,18.848,152
2018-08-03,18.817,152
2018-08-04,18.939,152
2018-08-05,19.154,152
2018-08-06,19.666,152
2018-08-07,19.733,152
2018-08-08,19.748,152
2018-08-09,19.964,152
2018-08-10,21.057,152
2018-08-11,21.082,152
2018-08-12,20.99,152
2018-08-13,20.914,152
2018-08-14,20.382,152
2018-08-15,20.159,152
2018-08-16,20.107,152
2018-08-17,20.117,152
2018-08-18,20.356,152
2018-08-19,20.402,152
2018-08-20,20.375,152
2018-08-21,20.471,152
2018-08-22,20.407,152
2018-08-23,20.367,152
2018-08-24,20.258,152
2018-08-25,19.852,152
2018-08-26,19.717,152
2018-08-27,19.678,152
2018-08-28,19.697,152
2018-08-29,19.819,152
2018-08-30,19.083,152
2018-08-31,18.789,152
2018-09-01,18.75,152
2018-09-02,18.851,152
2018-09-03,19.21,152
2018-09-04,19.079,152
2018-09-05,18.813,152
2018-09-06,18.589,152
2018-09-07,18.89,152
2018-09-08,19.148,152
2018-09-09,19.218,152
2018-09-10,19.342,152
2018-09-11,19.162,152
2018-09-12,19.323,152
2018-09-13,19.276,152
2018-09-14,19.146,152
2018-09-15,18.982,152
2018-09-16,18.789,152
2018-09-17,18.207,152
2018-09-18,17.991,152
2018-09-19,17.98,152
2018-09-20,18.406,152
2018-09-21,19.025,152
2018-09-22,19.551,152
2018-09-23,19.246,152
2018-09-24,18.523,152
2018-09-25,18.28,152
2018-09-26,18.097,152
2018-09-27,18.169,152
2018-09-28,19.114,152
2018-09-29,18.994,152
2018-09-30,19.001,152
2018-10-01,19.044,152
2018-10-02,19.468,152
2018-10-03,19.341,152
2018-10-04,19.18,152
2018-10-05,19.003,152
2018-10-06,18.486,152
2018-10-07,18.417,152
2018-10-08,18.483,152
2018-10-09,18.626,152
2018-10-10,18.816,152
2018-10-11,19.12,152
2018-10-12,19.028,152
2018-10-13,19.025,152
2018-10-14,19.198,152
2018-10-15,18.969,152
2018-10-16,19.009,152
2018-10-17,19.024,152
2018-10-18,19.022,152
2018-10-19,19.119,152
2018-10-20,19.125,152
2018-10-21,19.028,152
2018-10-22,18.521,152
2018-10-23,18.304,152
2018-10-24,18.483,152
2018-10-25,18.665,152
2018-10-26,18.776,152
2018-10-27,18.518,152
2018-10-28,18.386,152
2018-10-29,18.483,152
2018-10-30,18.466,152
2018-10-31,18.46,152
2018-11-01,18.537,152
2018-11-02,18.725,152
2018-11-03,18.753,152
2018-11-04,18.739,152
2018-11-05,18.5,152
2018-11-06,18.66,152
2018-11-07,18.805,152
2018-11-08,18.553,152
2018-11-09,18.311,152
2018-11-10,18.392,152
2018-11-11,18.404,152
2018-11-12,18.394,152
2018-11-13,18.499,152
2018-11-14,18.158,152
2018-11-15,18.02,152
2018-11-16,17.725,152
2018-11-17,17.641,152
2018-11-18,17.521,152
2018-11-19,17.83,152
2018-11-20,17.801,152
2018-11-21,17.882,152
2018-11-22,17.896,152
2018-11-23,17.697,152
2018-11-24,17.647,152
2018-11-25,17.7,152
2018-11-26,17.817,152
2018-11-27,17.848,152
2018-11-28,17.415,152
2018-11-29,16.927,152
2018-11-30,16.744,152
2018-12-01,16.559,152
2018-12-02,16.452,152
2018-12-03,16.294,152
2018-12-04,16.09,152
2018-12-05,16.124,152
2018-12-06,16.032,152
2018-12-07,15.888,152
2018-12-08,15.884,152
2018-12-09,15.865,152
2018-12-10,16.073,152
2018-12-11,16.015,152
2018-12-12,15.972,152
2018-12-13,15.964,152
2018-12-14,15.962,152
2018-12-15,16.078,152
2018-12-16,16.139,152
2018-12-17,16.199,152
2018-12-18,15.828,152
2018-12-19,15.955,152
2018-12-20,16.083,152
2018-12-21,16.157,152
2018-12-22,16.404,152
2018-12-23,16.169,152
2018-12-24,15.828,152
2018-12-25,15.674,152
2018-12-26,15.495,152
2018-12-27,15.047,152
2018-12-28,14.942,152
2018-12-29,14.927,152
2018-12-30,15.037,152
2018-12-31,15.016,152
2019-01-01,14.588,152
2019-01-02,14.557,152
2019-01-03,14.54,152
2019-01-04,14.558,152
2019-01-05,14.703,152
2019-01-06,14.664,152
2019-01-07,14.724,152
2019-01-08,14.807,152
2019-01-09,15.07,152
2019-01-10,15.1,152
2019-01-11,15.093,152
2019-01-12,15.016,152
2019-01-13,15.043,152
2019-01-14,15.039,152
2019-01-15,14.955,152
2019-01-16,14.84,152
2019-01-17,14.724,152
2019-01-18,15.18,152
2019-01-19,15.162,152
2019-01-20,15.114,152
2019-01-21,14.729,152
2019-01-22,14.65,152
2019-01-23,14.62,152
2019-01-24,14.598,152
2019-01-25,14.298,152
2019-01-26,14.049,152
2019-01-27,14.16,152
2019-01-28,14.894,152
2019-01-29,15.193,152
2019-01-30,15.2,152
2019-01-31,15.179,152
2019-02-01,15.063,152
2019-02-02,14.921,152
2019-02-03,14.898,152
2019-02-04,14.859,152
2019-02-05,14.61,152
2019-02-06,14.398,152
2019-02-07,14.343,152
2019-02-08,14.327,152
2019-02-09,14.417,152
2019-02-10,14.208,152
2019-02-11,14.208,152
2019-02-12,14.214,152
2019-02-13,14.163,152
2019-02-14,14.114,152
2019-02-15,14.183,152
2019-02-16,14.15,152
2019-02-17,14.012,152
2019-02-18,13.73,152
2019-02-19,13.667,152
2019-02-20,13.656,152
2019-02-21,13.567,152
2019-02-22,13.476,152
2019-02-23,13.45,152
2019-02-24,13.483,152
2019-02-25,13.635,152
2019-02-26,13.585,152
2019-02-27,13.438,152
2019-02-28,13.491,152
2019-03-01,13.579,152
2019-03-02,13.755,152
2019-03-03,13.826,152
2019-03-04,13.722,152
2019-03-05,13.699,152
2019-03-06,13.849,152
2019-03-07,13.793,152
2019-03-08,13.75,152
2019-03-09,13.735,152
2019-03-10,13.622,152
2019-03-11,13.523,152
2019-03-12,13.397,152
2019-03-13,13.185,152
2019-03-14,13.238,152
2019-03-15,13.255,152
2019-03-16,13.297,152
2019-03-17,13.922,152
2019-03-18,14.452,152
2019-03-19,14.075,152
2019-03-20,13.595,152
2019-03-21,13.678,152
2019-03-22,13.701,152
2019-03-23,13.765,152
2019-03-24,13.828,152
2019-03-25,13.886,152
2019-03-26,14,152
2019-03-27,14.361,152
2019-03-28,14.18,152
2019-03-29,14.035,152
2019-03-30,13.926,152
2019-03-31,13.891,152
2019-04-01,14.057,152
2019-04-02,14.613,152
2019-04-03,14.481,152
2019-04-04,14.287,152
2019-04-05,14.103,152
2019-04-06,14.088,152
2019-04-07,14.053,152
2019-04-08,13.855,152
2019-04-09,13.197,152
2019-04-10,13.125,152
2019-04-11,13.044,152
2019-04-12,12.924,152
2019-04-13,12.795,152
2019-04-14,13.098,152
2019-04-15,13.207,152
2019-04-16,13.941,152
2019-04-17,14.31,152
2019-04-18,14.274,152
2019-04-19,14.331,152
2019-04-20,13.683,152
2019-04-21,13.487,152
2019-04-22,13.473,152
2019-04-23,13.52,152
2019-04-24,13.663,152
2019-04-25,14.096,152
2019-04-26,13.97,152
2019-04-27,13.98,152
2019-04-28,14.249,152
2019-04-29,14.79,152
2019-04-30,14.924,152
2019-05-01,14.94,152
2019-05-02,15.029,152
2019-05-03,15.045,152
2019-05-04,15.092,152
2019-05-05,15.128,152
2019-05-06,15.085,152
2019-05-07,14.972,152
2019-05-08,14.927,152
2019-05-09,14.841,152
2019-05-10,15.297,152
2019-05-11,15.368,152
2019-05-12,15.339,152
2019-05-13,15.287,152
2019-05-14,15.197,152
2019-05-15,15.289,152
2019-05-16,14.269,152
2019-05-17,13.96,152
2019-05-18,13.88,152
2019-05-19,13.773,152
2019-05-20,13.986,152
2019-05-21,13.49,152
2019-05-22,13.182,152
2019-05-23,13.112,152
2019-05-24,13.452,152
2019-05-25,14.015,152
2019-05-26,13.778,152
2019-05-27,13.562,152
2019-05-28,13.473,152
2019-05-29,13.34,152
2019-05-30,13.557,152
2019-05-31,13.594,152
2019-06-01,13.62,152
2019-06-02,13.898,152
2019-06-03,14.093,152
2019-06-04,13.255,152
2019-06-05,13.049,152
2019-06-06,13.06,152
2019-06-07,14.322,152
2019-06-08,14.794,152
2019-06-09,14.91,152
2019-06-10,15.078,152
2019-06-11,15.642,152
2019-06-12,15.663,152
2019-06-13,15.71,152
2019-06-14,15.875,152
2019-06-15,15.862,152
2019-06-16,15.862,152
2019-06-17,15.85,152
2019-06-18,16.035,152
2019-06-19,16.311,152
2019-06-20,16.451,152
2019-06-21,16.557,152
2019-06-22,16.705,152
2019-06-23,16.78,152
2019-06-24,16.991,152
2019-06-25,17.076,152
2019-06-26,16.772,152
2019-06-27,16.778,152
2019-06-28,16.747,152
2019-06-29,16.819,152
2019-06-30,16.911,152
2019-07-01,16.659,152
2019-07-02,16.513,152
2019-07-03,16.225,152
2019-07-04,15.896,152
2019-07-05,16.018,152
2019-07-06,16.136,152
2019-07-07,16.168,152
2019-07-08,16.24,152
2019-07-09,16.379,152
2019-07-10,16.114,152
2019-07-11,16.12,152
2019-07-12,16.226,152
2019-07-13,16.277,152
2019-07-14,16.711,152
2019-07-15,16.779,152
2019-07-16,16.69,152
2019-07-17,16.566,152
2019-07-18,16.56,152
2019-07-19,17.157,152
2019-07-20,17.337,152
2019-07-21,17.319,152
2019-07-22,17.476,152
2019-07-23,17.754,152
2019-07-24,18.062,152
2019-07-25,18.089,152
2019-07-26,18.219,152
2019-07-27,18.136,152
2019-07-28,18.094,152
2019-07-29,18.015,152
2019-07-30,17.466,152
2019-07-31,17.369,152
2019-08-01,17.031,152
2019-08-02,16.978,152
2019-08-03,17.18,152
2019-08-04,17.657,152
2019-08-05,17.198,152
2019-08-06,16.692,152
2019-08-07,16.718,152
2019-08-08,16.414,152
2019-08-09,16.443,152
2019-08-10,16.577,152
2019-08-11,16.553,152
2019-08-12,16.512,152
2019-08-13,16.759,152
2019-08-14,16.728,152
2019-08-15,16.261,152
2019-08-16,16.073,152
2019-08-17,16.099,152
2019-08-18,16.145,152
2019-08-19,16.851,152
2019-08-20,17.181,152
2019-08-21,17.14,152
2019-08-22,17.109,152
2019-08-23,18.133,152
2019-08-24,18.261,152
2019-08-25,18.347,152
2019-08-26,18.645,152
2019-08-27,18.745,152
2019-08-28,18.973,152
2019-08-29,19.125,152
2019-08-30,18.956,152
2019-08-31,18.688,152
2019-09-01,18.699,152
2019-09-02,19.183,152
2019-09-03,19.821,152
2019-09-04,19.627,152
2019-09-05,19.408,152
2019-09-06,19.174,152
2019-09-07,18.558,152
2019-09-08,17.923,152
2019-09-09,17.573,152
2019-09-10,17.83,152
2019-09-11,18.301,152
2019-09-12,18.637,152
2019-09-13,19.45,152
2019-09-14,19.598,152
2019-09-15,19.261,152
2019-09-16,18.733,152
2019-09-17,18.43,152
2019-09-18,18.36,152
2019-09-19,18.26,152
2019-09-20,18.271,152
2019-09-21,18.476,152
2019-09-22,18.682,152
2019-09-23,18.96,152
2019-09-24,19.192,152
2019-09-25,19.296,152
2019-09-26,19.405,152
2019-09-27,19.889,152
2019-09-28,18.834,152
2019-09-29,17.931,152
2019-09-30,17.307,152
2019-10-01,16.974,152
2019-10-02,16.986,152
2019-10-03,17.278,152
2019-10-04,17.762,152
2019-10-05,17.766,152
2019-10-06,17.827,152
2019-10-07,17.881,152
2019-10-08,17.982,152
2019-10-09,17.733,152
2019-10-10,17.494,152
2019-10-11,17.638,152
2019-10-12,17.972,152
2019-10-13,18.02,152
2019-10-14,17.86,152
2019-10-15,17.712,152
2019-10-16,17.152,152
2019-10-17,16.239,152
2019-10-18,16.103,152
2019-10-19,15.991,152
2019-10-20,16.025,152
2019-10-21,16.003,152
2019-10-22,16.371,152
2019-10-23,17.372,152
2019-10-24,17.601,152
2019-10-25,18.208,152
2019-10-26,18.163,152
2019-10-27,17.526,152
2019-10-28,17.074,152
2019-10-29,16.923,152
2019-10-30,16.522,152
2019-10-31,16.291,152
2019-11-01,16.28,152
2019-11-02,16.78,152
2019-11-03,17.066,152
2019-11-04,17.04,152
2019-11-05,17.024,152
2019-11-06,17.018,152
2019-11-07,17.11,152
2019-11-08,17.1,152
2019-11-09,17.107,152
2019-11-10,17.086,152
2019-11-11,17.119,152
2019-11-12,17.13,152
2019-11-13,17.178,152
2019-11-14,17.036,152
2019-11-15,16.892,152
2019-11-16,16.953,152
2019-11-17,17.158,152
2019-11-18,17.282,152
2019-11-19,17.17,152
2019-11-20,16.518,152
2019-11-21,16.652,152
2019-11-22,16.835,152
2019-11-23,16.931,152
2019-11-24,16.951,152
2019-11-25,16.685,152
2019-11-26,16.14,152
2019-11-27,15.988,152
2019-11-28,15.88,152
2019-11-29,15.855,152
2019-11-30,15.798,152
2019-12-01,15.521,152
2019-12-02,15.4,152
2019-12-03,15.618,152
2019-12-04,15.834,152
2019-12-05,15.808,152
2019-12-06,15.772,152
2019-12-07,15.809,152
2019-12-08,15.715,152
2019-12-09,15.715,152
2019-12-10,15.665,152
2019-12-11,15.545,152
2019-12-12,15.426,152
2019-12-13,15.45,152
2019-12-14,15.224,152
2019-12-15,14.901,152
2019-12-16,14.726,152
2019-12-17,14.43,152
2019-12-18,14.389,152
2019-12-19,14.417,152
2019-12-20,14.413,152
2019-12-21,14.53,152
2019-12-22,14.51,152
2019-12-23,14.423,152
2019-12-24,14.416,152
2019-12-25,14.43,152
2019-12-26,14.05,152
2019-12-27,14.101,152
2019-12-28,14.127,152
2019-12-29,14.092,152
2019-12-30,14.113,152
2019-12-31,14.555,152
2020-01-01,14.491,152
2020-01-02,14.433,152
2020-01-03,14.295,152
2020-01-04,14.335,152
2020-01-05,14.515,152
2020-01-06,14.461,152
2020-01-07,14.394,152
2020-01-08,14.285,152
2020-01-09,14.179,152
2020-01-10,14.207,152
2020-01-11,14.249,152
2020-01-12,14.261,152
2020-01-13,14.249,152
2020-01-14,14.248,152
2020-01-15,14.212,152
2020-01-16,13.951,152
2020-01-17,13.804,152
2020-01-18,13.912,152
2020-01-19,14.041,152
2020-01-20,14.858,152
2020-01-21,14.751,152
2020-01-22,14.742,152
2020-01-23,14.61,152
2020-01-24,14.592,152
2020-01-25,14.629,152
2020-01-26,14.51,152
2020-01-27,14.567,152
2020-01-28,14.564,152
2020-01-29,14.499,152
2020-01-30,14.522,152
2020-01-31,14.986,152
2020-02-01,15.161,152
2020-02-02,14.962,152
2020-02-03,14.516,152
2020-02-04,14.295,152
2020-02-05,14.228,152
2020-02-06,14.279,152
2020-02-07,14.47,152
2020-02-08,14.43,152
2020-02-09,14.367,152
2020-02-10,14.323,152
2020-02-11,14.323,152
2020-02-12,14.353,152
2020-02-13,14.413,152
2020-02-14,14.535,152
2020-02-15,14.704,152
2020-02-16,14.726,152
2020-02-17,14.721,152
2020-02-18,14.727,152
2020-02-19,14.845,152
2020-02-20,14.842,152
2020-02-21,14.807,152
2020-02-22,14.704,152
2020-02-23,14.613,152
2020-02-24,14.618,152
2020-02-25,14.627,152
2020-02-26,14.721,152
2020-02-27,14.837,152
2020-02-28,15.092,152
2020-02-29,14.847,152
2020-03-01,14.81,152
2020-03-02,14.704,152
2020-03-03,14.688,152
2020-03-04,14.663,152
2020-03-05,14.646,152
2020-03-06,14.637,152
2020-03-07,14.656,152
2020-03-08,14.66,152
2020-03-09,14.684,152
2020-03-10,15.014,152
2020-03-11,15.079,152
2020-03-12,15.089,152
2020-03-13,15.069,152
2020-03-14,14.926,152
2020-03-15,14.943,152
2020-03-16,14.934,152
2020-03-17,14.849,152
2020-03-18,14.738,152
2020-03-19,14.601,152
2020-03-20,14.691,152
2020-03-21,15.018,152
2020-03-22,15.06,152
2020-03-23,15.01,152
2020-03-24,15.06,152
2020-03-25,14.877,152
2020-03-26,14.702,152
2020-03-27,14.513,152
2020-03-28,14.404,152
2020-03-29,14.472,152
2020-03-30,14.519,152
2020-03-31,14.492,152
2020-04-01,14.529,152
2020-04-02,14.272,152
2020-04-03,14.196,152
2020-04-04,14.117,152
2020-04-05,14.017,152
2020-04-06,14.402,152
2020-04-07,14.442,152
2020-04-08,14.406,152
2020-04-09,14.402,152
2020-04-10,14.295,152
2020-04-11,14.274,152
2020-04-12,14.268,152
2020-04-13,14.313,152
2020-04-14,14.596,152
2020-04-15,14.851,152
2020-04-16,14.986,152
2020-04-17,15.021,152
2020-04-18,14.985,152
2020-04-19,15.006,152
2020-04-20,14.699,152
2020-04-21,14.37,152
2020-04-22,14.32,152
2020-04-23,14.259,152
2020-04-24,13.987,152
2020-04-25,14.529,152
2020-04-26,14.782,152
2020-04-27,14.642,152
2020-04-28,14.59,152
2020-04-29,14.667,152
2020-04-30,14.562,152
2020-05-01,14.339,152
2020-05-02,14.22,152
2020-05-03,14.133,152
2020-05-04,14.129,152
2020-05-05,14.065,152
2020-05-06,14.175,152
2020-05-07,15.105,152
2020-05-08,15.366,152
2020-05-09,15.424,152
2020-05-10,15.339,152
2020-05-11,16.105,152
2020-05-12,15.776,152
2020-05-13,15.438,152
2020-05-14,14.835,152
2020-05-15,14.435,152
2020-05-16,14.246,152
2020-05-17,14.263,152
2020-05-18,15.045,152
2020-05-19,14.994,152
2020-05-20,14.961,152
2020-05-21,14.604,152
2020-05-22,14.268,152
2020-05-23,14.238,152
2020-05-24,14.344,152
2020-05-25,14.547,152
2020-05-26,14.774,152
2020-05-27,15.066,152
2020-05-28,15.232,152
2020-05-29,15.75,152
2020-05-30,15.992,152
2020-05-31,15.938,152
2020-06-01,15.921,152
2020-06-02,15.656,152
2020-06-03,16.01,152
2020-06-04,16.118,152
2020-06-05,15.858,152
2020-06-06,15.362,152
2020-06-07,15.003,152
2020-06-08,14.693,152
2020-06-09,14.695,152
2020-06-10,15.205,152
2020-06-11,15.808,152
2020-06-12,15.388,152
2020-06-13,15.363,152
2020-06-14,15.28,152
2020-06-15,15.315,152
2020-06-16,15.444,152
2020-06-17,15.581,152
2020-06-18,15.722,152
2020-06-19,16.778,152
2020-06-20,16.946,152
2020-06-21,16.862,152
2020-06-22,16.545,152
2020-06-23,16.176,152
2020-06-24,16.21,152
2020-06-25,16.474,152
2020-06-26,16.06,152
2020-06-27,15.877,152
2020-06-28,15.944,152
2020-06-29,16.465,152
2020-06-30,17.384,152
2020-07-01,17.418,152
2020-07-02,17.856,152
2020-07-03,18.026,152
2020-07-04,18.116,152
2020-07-05,17.844,152
2020-07-06,17.559,152
2020-07-07,17.252,152
2020-07-08,17.068,152
2020-07-09,17.083,152
2020-07-10,17.586,152
2020-07-11,17.975,152
2020-07-12,18.003,152
2020-07-13,18.042,152
2020-07-14,17.893,152
2020-07-15,17.998,152
2020-07-16,18.426,152
2020-07-17,19.06,152
2020-07-18,19.12,152
2020-07-19,18.879,152
2020-07-20,18.166,152
2020-07-21,17.938,152
2020-07-22,17.3,152
2020-07-23,16.979,152
2020-07-24,16.945,152
2020-07-25,17.248,152
2020-07-26,16.878,152
2020-07-27,16.837,152
2020-07-28,16.635,152
2020-07-29,16.498,152
2020-07-30,16.519,152
2020-07-31,16.484,152
2020-08-01,16.509,152
2020-08-02,16.87,152
2020-08-03,17.222,152
2020-08-04,16.864,152
2020-08-05,16.1,152
2020-08-06,15.696,152
2020-08-07,15.856,152
2020-08-08,16.236,152
2020-08-09,16.576,152
2020-08-10,16.838,152
2020-08-11,17.04,152
2020-08-12,17.11,152
2020-08-13,17.256,152
2020-08-14,17.791,152
2020-08-15,18.378,152
2020-08-16,19.152,152
2020-08-17,19.139,152
2020-08-18,19.298,152
2020-08-19,19.851,152
2020-08-20,19.539,152
2020-08-21,19.132,152
2020-08-22,18.942,152
2020-08-23,19.459,152
2020-08-24,19.618,152
2020-08-25,19.7,152
2020-08-26,19.304,152
2020-08-27,18.64,152
2020-08-28,18.469,152
2020-08-29,18.717,152
2020-08-30,19.51,152
2020-08-31,19.526,152
2020-09-01,19.438,152
2020-09-02,19.255,152
2020-09-03,18.765,152
2020-09-04,18.545,152
2020-09-05,18.681,152
2020-09-06,18.82,152
2020-09-07,18.901,152
2020-09-08,18.896,152
2020-09-09,18.697,152
2020-09-10,18.445,152
2020-09-11,19.239,152
2020-09-12,19.299,152
2020-09-13,19.397,152
2020-09-14,19.216,152
2020-09-15,19.181,152
2020-09-16,19.012,152
2020-09-17,19.03,152
2020-09-18,18.5,152
2020-09-19,18.144,152
2020-09-20,18.045,152
2020-09-21,18.032,152
2020-09-22,18.631,152
2020-09-23,18.744,152
2020-09-24,18.613,152
2020-09-25,18.325,152
2020-09-26,18.204,152
2020-09-27,18.357,152
2020-09-28,18.903,152
2020-09-29,19.192,152
2020-09-30,19.305,152
2020-10-01,19.288,152
2020-10-02,19.467,152
2020-10-03,19.947,152
2020-10-04,20.026,152
2020-10-05,20.118,152
2020-10-06,19.56,152
2020-10-07,19.357,152
2020-10-08,19.068,152
2020-10-09,19.153,152
2020-10-10,19.08,152
2020-10-11,19.065,152
2020-10-12,19.257,152
2020-10-13,19.456,152
2020-10-14,19.367,152
2020-10-15,19.326,152
2020-10-16,19.366,152
2020-10-17,19.429,152
2020-10-18,19.389,152
2020-10-19,19.208,152
2020-10-20,18.727,152
2020-10-21,18.585,152
2020-10-22,18.523,152
2020-10-23,18.579,152
2020-10-24,18.757,152
2020-10-25,18.154,152
2020-10-26,18.079,152
2020-10-27,18.062,152
2020-10-28,17.872,152
2020-10-29,17.77,152
2020-10-30,17.774,152
2020-10-31,17.792,152
2020-11-01,17.93,152
2020-11-02,17.795,152
2020-11-03,17.695,152
2020-11-04,17.681,152
2020-11-05,17.584,152
2020-11-06,16.931,152
2020-11-07,16.302,152
2020-11-08,15.631,152
2020-11-09,15.347,152
2020-11-10,15.286,152
2020-11-11,15.353,152
2020-11-12,15.378,152
2020-11-13,15.182,152
2020-11-14,15.105,152
2020-11-15,15.068,152
2020-11-16,15.297,152
2020-11-17,15.335,152
2020-11-18,15.255,152
2020-11-19,15.182,152
2020-11-20,14.991,152
2020-11-21,14.887,152
2020-11-22,15.014,152
2020-11-23,14.777,152
2020-11-24,14.636,152
2020-11-25,14.627,152
2020-11-26,14.601,152
2020-11-27,14.558,152
2020-11-28,14.676,152
2020-11-29,14.657,152
2020-11-30,14.557,152
2020-12-01,14.584,152
2020-12-02,14.598,152
2020-12-03,14.53,152
2020-12-04,14.481,152
2020-12-05,14.53,152
2020-12-06,14.528,152
2020-12-07,14.518,152
2020-12-08,14.513,152
2020-12-09,14.706,152
2020-12-10,14.694,152
2020-12-11,14.645,152
2020-12-12,14.399,152
2020-12-13,14.274,152
2020-12-14,14.051,152
2020-12-15,14.102,152
2020-12-16,14.223,152
2020-12-17,14.27,152
2020-12-18,14.074,152
2020-12-19,13.988,152
2020-12-20,14.236,152
2020-12-21,14.274,152
2020-12-22,14.255,152
2020-12-23,14.144,152
2020-12-24,14.085,152
2020-12-25,14.31,152
2020-12-26,14.285,152
2020-12-27,14.262,152
2020-12-28,13.868,152
2020-12-29,13.753,152
2020-12-30,13.625,152
2020-12-31,13.517,152
2021-01-01,13.433,152
2021-01-02,13.439,152
2021-01-03,13.585,152
2021-01-04,13.64,152
2021-01-05,13.644,152
2021-01-06,13.747,152
2021-01-07,13.814,152
2021-01-08,13.708,152
2021-01-09,13.785,152
2021-01-10,13.758,152
2021-01-11,13.723,152
2021-01-12,13.716,152
2021-01-13,13.993,152
2021-01-14,14.023,152
2021-01-15,14.007,152
2021-01-16,14.147,152
2021-01-17,14.193,152
2021-01-18,14.213,152
2021-01-19,14.072,152
2021-01-20,14.085,152
2021-01-21,14.131,152
2021-01-22,14.133,152
2021-01-23,14.073,152
2021-01-24,14.055,152
2021-01-25,13.779,152
2021-01-26,13.343,152
2021-01-27,13.319,152
2021-01-28,13.102,152
2021-01-29,13.074,152
2021-01-30,13.1,152
2021-01-31,13.18,152
2021-02-01,13.224,152
2021-02-02,13.263,152
2021-02-03,13.197,152
2021-02-04,13.175,152
2021-02-05,13.237,152
2021-02-06,13.32,152
2021-02-07,13.404,152
2021-02-08,13.475,152
2021-02-09,13.434,152
2021-02-10,13.381,152
2021-02-11,13.243,152
2021-02-12,13.119,152
2021-02-13,12.811,152
2021-02-14,12.725,152
2021-02-15,12.716,152
2021-02-16,12.401,152
2021-02-17,12.453,152
2021-02-18,12.416,152
2021-02-19,12.336,152
2021-02-20,12.149,152
2021-02-21,12.147,152
2021-02-22,12.414,152
2021-02-23,13.225,152
2021-02-24,12.979,152
2021-02-25,12.779,152
2021-02-26,12.671,152
2021-02-27,12.508,152
2021-02-28,12.457,152
2021-03-01,12.59,152
2021-03-02,12.848,152
2021-03-03,12.914,152
2021-03-04,13.075,152
2021-03-05,13.127,152
2021-03-06,13.093,152
2021-03-07,13.136,152
2021-03-08,13.105,152
2021-03-09,13.033,152
2021-03-10,13.052,152
2021-03-11,13.272,152
2021-03-12,13.201,152
2021-03-13,12.937,152
2021-03-14,12.683,152
2021-03-15,12.382,152
2021-03-16,12.221,152
2021-03-17,12.199,152
2021-03-18,12.329,152
2021-03-19,12.497,152
2021-03-20,12.245,152
2021-03-21,12.109,152
2021-03-22,11.982,152
2021-03-23,11.882,152
2021-03-24,11.937,152
2021-03-25,11.98,152
2021-03-26,12.361,152
2021-03-27,12.36,152
2021-03-28,12.279,152
2021-03-29,12.234,152
2021-03-30,12.366,152
2021-03-31,12.771,152
2021-04-01,12.825,152
2021-04-02,12.737,152
2021-04-03,12.592,152
2021-04-04,12.602,152
2021-04-05,12.556,152
2021-04-06,12.593,152
2021-04-07,12.813,152
2021-04-08,12.842,152
2021-04-09,12.6,152
2021-04-10,12.475,152
2021-04-11,12.494,152
2021-04-12,12.59,152
2021-04-13,12.559,152
2021-04-14,12.626,152
2021-04-15,13.07,152
2021-04-16,13.173,152
2021-04-17,13.146,152
2021-04-18,13.092,152
2021-04-19,13.15,152
2021-04-20,13.076,152
2021-04-21,13.019,152
2021-04-22,13.486,152
2021-04-23,13.743,152
2021-04-24,13.635,152
2021-04-25,13.546,152
2021-04-26,13.269,152
2021-04-27,13.059,152
2021-04-28,12.967,152
2021-04-29,12.914,152
2021-04-30,12.928,152
2021-05-01,12.915,152
2021-05-02,12.932,152
2021-05-03,12.947,152
2021-05-04,13.442,152
2021-05-05,14.077,152
2021-05-06,14.067,152
2021-05-07,14.32,152
2021-05-08,14.368,152
2021-05-09,14.655,152
2021-05-10,14.748,152
2021-05-11,14.824,152
2021-05-12,15.16,152
2021-05-13,15.257,152
2021-05-14,15.406,152
2021-05-15,15.04,152
2021-05-16,15.141,152
2021-05-17,15.348,152
2021-05-18,15.161,152
2021-05-19,14.751,152
2021-05-20,13.978,152
2021-05-21,13.661,152
2021-05-22,13.545,152
2021-05-23,13.709,152
2021-05-24,13.875,152
2021-05-25,13.856,152
2021-05-26,14.153,152
2021-05-27,13.493,152
2021-05-28,13.545,152
2021-05-29,13.159,152
2021-05-30,13.23,152
2021-05-31,13.277,152
2021-06-01,13.226,152
2021-06-02,13.84,152
2021-06-03,14.341,152
2021-06-04,14.534,152
2021-06-05,15.218,152
2021-06-06,15.191,152
2021-06-07,15.458,152
2021-06-08,15.315,152
2021-06-09,15.077,152
2021-06-10,14.874,152
2021-06-11,14.913,152
2021-06-12,15.083,152
2021-06-13,15.232,152
2021-06-14,15.137,152
2021-06-15,15.279,152
2021-06-16,15.84,152
2021-06-17,16.13,152
2021-06-18,15.899,152
2021-06-19,15.319,152
2021-06-20,16.108,152
2021-06-21,16.306,152
2021-06-22,16.058,152
2021-06-23,16.249,152
2021-06-24,16.521,152
2021-06-25,16.695,152
2021-06-26,16.674,152
2021-06-27,16.508,152
2021-06-28,16.569,152
2021-06-29,16.372,152
2021-06-30,16.531,152
2021-07-01,17.188,152
2021-07-02,17.227,152
2021-07-03,17.186,152
2021-07-04,17.187,152
2021-07-05,16.969,152
2021-07-06,16.983,152
2021-07-07,17.091,152
2021-07-08,17.251,152
2021-07-09,18.674,152
2021-07-10,18.77,152
2021-07-11,18.657,152
2021-07-12,18.441,152
2021-07-13,18.258,152
2021-07-14,18.108,152
2021-07-15,18.152,152
2021-07-16,18.436,152
2021-07-17,18.55,152
2021-07-18,18.603,152
2021-07-19,18.832,152
2021-07-20,18.733,152
2021-07-21,18.62,152
2021-07-22,18.476,152
2021-07-23,18.059,152
2021-07-24,17.806,152
2021-07-25,17.849,152
2021-07-26,18.169,152
2021-07-27,18.118,152
2021-07-28,18.28,152
2021-07-29,18.193,152
2021-07-30,17.955,152
2021-07-31,17.678,152
2021-08-01,17.819,152
2021-08-02,17.916,152
2021-08-03,17.837,152
2021-08-04,17.562,152
2021-08-05,17.264,152
2021-08-06,17.129,152
2021-08-07,16.97,152
2021-08-08,17.196,152
2021-08-09,17.395,152
2021-08-10,17.898,152
2021-08-11,18.122,152
2021-08-12,18.163,152
2021-08-13,18.252,152
2021-08-14,18.196,152
2021-08-15,18.112,152
2021-08-16,18.347,152
2021-08-17,18.333,152
2021-08-18,18.318,152
2021-08-19,18.681,152
2021-08-20,19.684,152
2021-08-21,19.647,152
2021-08-22,19.331,152
2021-08-23,19.017,152
2021-08-24,19.06,152
2021-08-25,18.909,152
2021-08-26,18.612,152
2021-08-27,18.404,152
2021-08-28,18.128,152
2021-08-29,18.321,152
2021-08-30,18.351,152
2021-08-31,18.458,152
2021-09-01,18.645,152
2021-09-02,18.289,152
2021-09-03,18.206,152
2021-09-04,17.815,152
2021-09-05,17.522,152
2021-09-06,17.454,152
2021-09-07,17.469,152
2021-09-08,17.535,152
2021-09-09,17.57,152
2021-09-10,17.468,152
2021-09-11,17.372,152
2021-09-12,17.395,152
2021-09-13,17.397,152
2021-09-14,17.724,152
2021-09-15,17.683,152
2021-09-16,17.584,152
2021-09-17,17.472,152
2021-09-18,17.182,152
2021-09-19,17.098,152
2021-09-20,17.337,152
2021-09-21,17.746,152
2021-09-22,17.757,152
2021-09-23,17.368,152
2021-09-24,17.234,152
2021-09-25,17.377,152
2021-09-26,17.344,152
2021-09-27,16.769,152
2021-09-28,16.993,152
2021-09-29,16.863,152
2021-09-30,16.995,152
2021-10-01,17.093,152
2021-10-02,17.57,152
2021-10-03,17.617,152
2021-10-04,18.226,152
2021-10-05,18.11,152
2021-10-06,18.09,152
2021-10-07,17.709,152
2021-10-08,17.26,152
2021-10-09,17.2,152
2021-10-10,16.944,152
2021-10-11,16.477,152
2021-10-12,15.717,152
2021-10-13,15.433,152
2021-10-14,15.55,152
2021-10-15,15.827,152
2021-10-16,16.14,152
2021-10-17,16.088,152
2021-10-18,15.753,152
2021-10-19,15.787,152
2021-10-20,15.636,152
2021-10-21,15.717,152
2021-10-22,15.544,152
2021-10-23,15.566,152
2021-10-24,15.842,152
2021-10-25,15.502,152
2021-10-26,15.367,152
2021-10-27,15.681,152
2021-10-28,15.976,152
2021-10-29,16.295,152
2021-10-30,16.07,152
2021-10-31,15.85,152
2021-11-01,15.854,152
2021-11-02,15.773,152
2021-11-03,15.63,152
2021-11-04,15.526,152
2021-11-05,15.478,152
2021-11-06,15.531,152
2021-11-07,15.545,152
2021-11-08,15.502,152
2021-11-09,15.4,152
2021-11-10,15.436,152
2021-11-11,15.469,152
2021-11-12,15.845,152
2021-11-13,16.193,152
2021-11-14,16.241,152
2021-11-15,16.303,152
2021-11-16,15.859,152
2021-11-17,15.604,152
2021-11-18,15.495,152
2021-11-19,15.631,152
2021-11-20,15.511,152
2021-11-21,15.55,152
2021-11-22,15.596,152
2021-11-23,15.719,152
2021-11-24,15.571,152
2021-11-25,15.497,152
2021-11-26,15.355,152
2021-11-27,15.341,152
2021-11-28,15.457,152
2021-11-29,15.461,152
2021-11-30,15.392,152
2021-12-01,15.313,152
2021-12-02,15.231,152
2021-12-03,15.129,152
2021-12-04,15.02,152
2021-12-05,14.985,152
2021-12-06,15.04,152
2021-12-07,15.376,152
2021-12-08,15.325,152
2021-12-09,14.867,152
2021-12-10,14.445,152
2021-12-11,14.524,152
2021-12-12,14.525,152
2021-12-13,14.508,152
2021-12-14,14.022,152
2021-12-15,14.057,152
2021-12-16,14.103,152
2021-12-17,14.085,152
2021-12-18,14.093,152
2021-12-19,14.001,152
2021-12-20,14.006,152
2021-12-21,13.895,152
2021-12-22,13.864,152
2021-12-23,14.223,152
2021-12-24,14.106,152
2021-12-25,14.029,152
2021-12-26,13.878,152
2021-12-27,13.804,152
2021-12-28,13.677,152
2021-12-29,13.596,152
2021-12-30,13.763,152
2021-12-31,13.531,152
2022-01-01,13.471,152
2022-01-02,13.293,152
2022-01-03,13.311,152
2022-01-04,13.302,152
2022-01-05,13.391,152
2022-01-06,13.427,152
2022-01-07,13.526,152
2022-01-08,13.679,152
2022-01-09,13.813,152
2022-01-10,13.77,152
2022-01-11,13.715,152
2022-01-12,13.713,152
2022-01-13,13.553,152
2022-01-14,13.435,152
2022-01-15,13.313,152
2022-01-16,13.574,152
2022-01-17,14.471,152
2022-01-18,14.284,152
2022-01-19,14.315,152
2022-01-20,14.139,152
2022-01-21,14.155,152
2022-01-22,14.135,152
2022-01-23,14.145,152
2022-01-24,14.212,152
2022-01-25,14.234,152
2022-01-26,14.16,152
2022-01-27,14.203,152
2022-01-28,14.166,152
2022-01-29,14.271,152
2022-01-30,14.293,152
2022-01-31,14.233,152
2022-02-01,14.058,152
2022-02-02,14.083,152
2022-02-03,14.061,152
2022-02-04,13.999,152
2022-02-05,14.005,152
2022-02-06,14.104,152
2022-02-07,14.169,152
2022-02-08,14.294,152
2022-02-09,14.474,152
2022-02-10,14.573,152
2022-02-11,14.657,152
2022-02-12,14.972,152
2022-02-13,14.961,152
2022-02-14,14.787,152
2022-02-15,14.311,152
2022-02-16,14.024,152
2022-02-17,13.973,152
2022-02-18,14.052,152
2022-02-19,14.019,152
2022-02-20,13.925,152
2022-02-21,13.814,152
2022-02-22,13.667,152
2022-02-23,13.567,152
2022-02-24,13.445,152
2022-02-25,13.397,152
2022-02-26,13.391,152
2022-02-27,13.551,152
2022-02-28,13.763,152
2022-03-01,13.936,152
2022-03-02,14.026,152
2022-03-03,14.003,152
2022-03-04,13.664,152
2022-03-05,13.249,152
2022-03-06,13.054,152
2022-03-07,13.141,152
2022-03-08,13.284,152
2022-03-09,13.335,152
2022-03-10,13.175,152
2022-03-11,13.228,152
2022-03-12,13.343,152
2022-03-13,13.456,152
2022-03-14,13.399,152
2022-03-15,13.315,152
2022-03-16,13.186,152
2022-03-17,13.28,152
2022-03-18,13.293,152
2022-03-19,13.237,152
2022-03-20,12.949,152
2022-03-21,12.99,152
2022-03-22,13.24,152
2022-03-23,13.467,152
2022-03-24,13.587,152
2022-03-25,13.639,152
2022-03-26,13.67,152
2022-03-27,13.756,152
2022-03-28,13.721,152
2022-03-29,13.531,152
2022-03-30,13.341,152
2022-03-31,13.078,152
2022-04-01,13.178,152
2022-04-02,13.405,152
2022-04-03,13.559,152
2022-04-04,13.611,152
2022-04-05,13.637,152
2022-04-06,13.734,152
2022-04-07,14.233,152
2022-04-08,14.647,152
2022-04-09,14.412,152
2022-04-10,14.254,152
2022-04-11,13.816,152
2022-04-12,13.312,152
2022-04-13,13.005,152
2022-04-14,12.983,152
2022-04-15,13.025,152
2022-04-16,13.163,152
2022-04-17,13.375,152
2022-04-18,13.376,152
2022-04-19,13.35,152
2022-04-20,13.28,152
2022-04-21,13.432,152
2022-04-22,13.466,152
2022-04-23,13.38,152
2022-04-24,13.274,152
2022-04-25,13.312,152
2022-04-26,13.282,152
2022-04-27,13.121,152
2022-04-28,12.919,152
2022-04-29,12.949,152
2022-04-30,13.06,152
2022-05-01,13.159,152
2022-05-02,13.131,152
2022-05-03,13.248,152
2022-05-04,13.36,152
2022-05-05,13.589,152
2022-05-06,13.715,152
2022-05-07,13.413,152
2022-05-08,12.972,152
2022-05-09,12.508,152
2022-05-10,12.237,152
2022-05-11,12.121,152
2022-05-12,12.11,152
2022-05-13,12.448,152
2022-05-14,12.896,152
2022-05-15,13.058,152
2022-05-16,13.095,152
2022-05-17,12.759,152
2022-05-18,12.683,152
2022-05-19,12.734,152
2022-05-20,13.432,152
2022-05-21,13.926,152
2022-05-22,13.936,152
2022-05-23,13.77,152
2022-05-24,13.793,152
2022-05-25,13.973,152
2022-05-26,14.08,152
2022-05-27,15.304,152
2022-05-28,14.779,152
2022-05-29,14.429,152
2022-05-30,14.296,152
2022-05-31,14.312,152
2022-06-01,14.531,152
2022-06-02,15.261,152
2022-06-03,14.997,152
2022-06-04,15.099,152
2022-06-05,15.047,152
2022-06-06,15.131,152
2022-06-07,15.25,152
2022-06-08,15.363,152
2022-06-09,15.407,152
2022-06-10,15.812,152
2022-06-11,16.283,152
2022-06-12,16.16,152
2022-06-13,16.146,152
2022-06-14,16.032,152
2022-06-15,16.021,152
2022-06-16,16.131,152
2022-06-17,15.874,152
2022-06-18,15.689,152
2022-06-19,15.547,152
2022-06-20,15.644,152
2022-06-21,15.907,152
2022-06-22,16.387,152
2022-06-23,16.835,152
2022-06-24,16.921,152
2022-06-25,16.918,152
2022-06-26,16.929,152
2022-06-27,17.025,152
2022-06-28,17.182,152
2022-06-29,17.339,152
2022-06-30,17.254,152
2022-07-01,17.046,152
2022-07-02,16.875,152
2022-07-03,16.649,152
2022-07-04,16.523,152
2022-07-05,16.714,152
2022-07-06,17.114,152
2022-07-07,17.154,152
2022-07-08,17.065,152
2022-07-09,16.931,152
2022-07-10,16.756,152
2022-07-11,16.837,152
2022-07-12,16.768,152
2022-07-13,16.739,152
2022-07-14,16.694,152
2022-07-15,16.619,152
2022-07-16,16.49,152
2022-07-17,16.543,152
2022-07-18,17.201,152
2022-07-19,17.61,152
2022-07-20,17.736,152
2022-07-21,17.459,152
2022-07-22,17.157,152
2022-07-23,16.902,152
2022-07-24,16.907,152
2022-07-25,17.079,152
2022-07-26,17.21,152
2022-07-27,17.377,152
2022-07-28,17.697,152
2022-07-29,18.036,152
2022-07-30,18.332,152
2022-07-31,18.302,152
2022-08-01,18.955,152
2022-08-02,19.11,152
2022-08-03,19.066,152
2022-08-04,19.063,152
2022-08-05,18.86,152
2022-08-06,18.307,152
2022-08-07,18.001,152
2022-08-08,17.852,152
2022-08-09,17.741,152
2022-08-10,17.747,152
2022-08-11,17.681,152
2022-08-12,17.338,152
2022-08-13,17.243,152
2022-08-14,17.188,152
2022-08-15,17.24,152
2022-08-16,17.288,152
2022-08-17,17.61,152
2022-08-18,17.75,152
2022-08-19,17.435,152
2022-08-20,17.198,152
2022-08-21,17.133,152
2022-08-22,17.441,152
2022-08-23,17.191,152
2022-08-24,17.263,152
2022-08-25,17.543,152
2022-08-26,18.161,152
2022-08-27,17.982,152
2022-08-28,18.079,152
2022-08-29,18.461,152
2022-08-30,18.323,152
2022-08-31,18.205,152
2022-09-01,18.188,152
2022-09-02,18.217,152
2022-09-03,18.584,152
2022-09-04,19.082,152
2022-09-05,19.522,152
2022-09-06,20.184,152
2022-09-07,20.387,152
2022-09-08,20.079,152
2022-09-09,19.758,152
2022-09-10,19.714,152
2022-09-11,20.047,152
2022-09-12,20.555,152
2022-09-13,20.026,152
2022-09-14,19.707,152
2022-09-15,19.522,152
2022-09-16,19.466,152
2022-09-17,19.61,152
2022-09-18,19.724,152
2022-09-19,19.996,152
2022-09-20,20.74,152
2022-09-21,21.065,152
2022-09-22,20.983,152
2022-09-23,20.862,152
2022-09-24,20.616,152
2022-09-25,20.095,152
2022-09-26,19.665,152
2022-09-27,19.342,152
2022-09-28,18.898,152
2022-09-29,18.549,152
2022-09-30,18.424,152
2022-10-01,18.291,152
2022-10-02,18.844,152
2022-10-03,18.839,152
2022-10-04,18.809,152
2022-10-05,18.671,152
2022-10-06,18.601,152
2022-10-07,18.532,152
2022-10-08,18.439,152
2022-10-09,18.364,152
2022-10-10,18.277,152
2022-10-11,18.29,152
2022-10-12,18.153,152
2022-10-13,18.197,152
2022-10-14,18.186,152
2022-10-15,18.259,152
2022-10-16,18.226,152
2022-10-17,18.372,152
2022-10-18,18.509,152
2022-10-19,18.726,152
2022-10-20,18.765,152
2022-10-21,18.528,152
2022-10-22,17.769,152
2022-10-23,17.58,152
2022-10-24,17.512,152
2022-10-25,17.305,152
2022-10-26,17.044,152
2022-10-27,16.89,152
2022-10-28,16.71,152
2022-10-29,16.687,152
2022-10-30,16.572,152
2022-10-31,16.578,152
2022-11-01,16.346,152
2022-11-02,15.368,152
2022-11-03,14.978,152
2022-11-04,14.917,152
2022-11-05,14.731,152
2022-11-06,14.677,152
2022-11-07,14.742,152
2022-11-08,14.846,152
2022-11-09,14.711,152
2022-11-10,14.658,152
2022-11-11,14.714,152
2022-11-12,14.65,152
2022-11-13,14.614,152
2022-11-14,14.59,152
2022-11-15,14.64,152
2022-11-16,14.728,152
2022-11-17,14.747,152
2022-11-18,14.838,152
2022-11-19,14.875,152
2022-11-20,14.869,152
2022-11-21,14.907,152
2022-11-22,14.956,152
2022-11-23,15.064,152
2022-11-24,15.154,152
2022-11-25,15.138,152
2022-11-26,15.081,152
2022-11-27,15.107,152
2022-11-28,14.997,152
2022-11-29,14.909,152
2022-11-30,14.888,152
2022-12-01,14.879,152
2022-12-02,15.073,152
2022-12-03,15.478,152
2022-12-04,15.53,152
2022-12-05,15.368,152
2022-12-06,15.268,152
2022-12-07,15.031,152
2022-12-08,15.099,152
2022-12-09,15.061,152
2022-12-10,15.101,152
2022-12-11,14.844,152
2022-12-12,14.571,152
2022-12-13,14.456,152
2022-12-14,14.462,152
2022-12-15,14.456,152
2022-12-16,14.463,152
2022-12-17,14.633,152
2022-12-18,14.485,152
2022-12-19,14.506,152
2022-12-20,14.452,152
2022-12-21,14.422,152
2022-12-22,14.303,152
2022-12-23,14.26,152
2022-12-24,14.2,152
2022-12-25,14.188,152
2022-12-26,14.075,152
2022-12-27,14.372,152
2022-12-28,14.467,152
2022-12-29,14.464,152
2022-12-30,14.422,152
2022-12-31,13.998,152
2023-01-01,13.962,152
2023-01-02,13.977,152
2023-01-03,13.849,152
2023-01-04,14.03,152
2023-01-05,14.053,152
2023-01-06,14.042,152
2023-01-07,14.045,152
2023-01-08,14.031,152
2023-01-09,13.816,152
2023-01-10,13.777,152
2023-01-11,13.72,152
2023-01-12,13.831,152
2023-01-13,13.838,152
2023-01-14,13.823,152
2023-01-15,14.152,152
2023-01-16,14.144,152
2023-01-17,13.98,152
2023-01-18,13.971,152
2023-01-19,13.78,152
2023-01-20,13.75,152
2023-01-21,13.623,152
2023-01-22,13.532,152
2023-01-23,13.49,152
2023-01-24,13.425,152
2023-01-25,13.476,152
2023-01-26,13.519,152
2023-01-27,13.523,152
2023-01-28,13.476,152
2023-01-29,13.397,152
2023-01-30,13.328,152
2023-01-31,13.298,152
2023-02-01,13.311,152
2023-02-02,13.265,152
2023-02-03,13.281,152
2023-02-04,13.496,152
2023-02-05,13.447,152
2023-02-06,13.455,152
2023-02-07,13.317,152
2023-02-08,13.432,152
2023-02-09,13.473,152
2023-02-10,13.307,152
2023-02-11,13.056,152
2023-02-12,13.169,152
2023-02-13,13.061,152
2023-02-14,12.859,152
2023-02-15,12.721,152
2023-02-16,12.56,152
2023-02-17,12.632,152
2023-02-18,12.936,152
2023-02-19,13.192,152
2023-02-20,13.213,152
2023-02-21,12.964,152
2023-02-22,12.422,152
2023-02-23,12.433,152
2023-02-24,12.106,152
2023-02-25,12.176,152
2023-02-26,12.126,152
2023-02-27,12.496,152
2023-02-28,12.428,152
2023-03-01,12.326,152
2023-03-02,12.15,152
2023-03-03,12.242,152
2023-03-04,12.265,152
2023-03-05,12.298,152
2023-03-06,12.377,152
2023-03-07,12.307,152
2023-03-08,12.35,152
2023-03-09,12.325,152
2023-03-10,12.444,152
2023-03-11,13.213,152
2023-03-12,12.832,152
2023-03-13,12.967,152
2023-03-14,12.63,152
2023-03-15,12.867,152
2023-03-16,12.872,152
2023-03-17,12.989,152
2023-03-18,13.137,152
2023-03-19,13.246,152
2023-03-20,12.849,152
2023-03-21,12.771,152
2023-03-22,12.746,152
2023-03-23,12.548,152
2023-03-24,12.532,152
2023-03-25,12.412,152
2023-03-26,12.328,152
2023-03-27,12.339,152
2023-03-28,12.407,152
2023-03-29,12.727,152
2023-03-30,12.746,152
2023-03-31,12.804,152
2023-04-01,12.795,152
2023-04-02,12.601,152
2023-04-03,12.328,152
2023-04-04,12.169,152
2023-04-05,11.974,152
2023-04-06,11.884,152
2023-04-07,11.849,152
2023-04-08,11.969,152
2023-04-09,12.177,152
2023-04-10,12.31,152
2023-04-11,12.293,152
2023-04-12,12.144,152
2023-04-13,12.276,152
2023-04-14,12.314,152
2023-04-15,12.374,152
2023-04-16,12.57,152
2023-04-17,12.59,152
2023-04-18,12.468,152
2023-04-19,12.299,152
2023-04-20,12.472,152
2023-04-21,12.679,152
2023-04-22,12.932,152
2023-04-23,12.899,152
2023-04-24,12.741,152
2023-04-25,12.537,152
2023-04-26,12.653,152
2023-04-27,12.789,152
2023-04-28,12.875,152
2023-04-29,12.952,152
2023-04-30,12.949,152
2023-05-01,12.96,152
2023-05-02,13.103,152
2023-05-03,13.228,152
2023-05-04,14.132,152
2023-05-05,14.416,152
2023-05-06,14.422,152
2023-05-07,14.191,152
2023-05-08,14.041,152
2023-05-09,13.967,152
2023-05-10,13.838,152
2023-05-11,13.883,152
2023-05-12,13.841,152
2023-05-13,13.948,152
2023-05-14,14.078,152
2023-05-15,14.196,152
2023-05-16,14.172,152
2023-05-17,14.226,152
2023-05-18,14.379,152
2023-05-19,14.29,152
2023-05-20,14.452,152
2023-05-21,14.454,152
2023-05-22,14.424,152
2023-05-23,14.662,152
2023-05-24,14.618,152
2023-05-25,15.206,152
2023-05-26,15.294,152
2023-05-27,15.379,152
2023-05-28,15.486,152
2023-05-29,15.58,152
2023-05-30,16.193,152
2023-05-31,16.034,152
2023-06-01,15.984,152
2023-06-02,15.682,152
2023-06-03,15.536,152
2023-06-04,15.448,152
2023-06-05,15.419,152
2023-06-06,15.658,152
2023-06-07,16.282,152
2023-06-08,16.302,152
2023-06-09,16.329,152
2023-06-10,16.138,152
2023-06-11,16.059,152
2023-06-12,16.002,152
2023-06-13,16.281,152
2023-06-14,16.189,152
2023-06-15,16.185,152
2023-06-16,16.817,152
2023-06-17,16.726,152
2023-06-18,16.627,152
2023-06-19,16.286,152
2023-06-20,16.143,152
2023-06-21,15.9,152
2023-06-22,15.707,152
2023-06-23,15.675,152
2023-06-24,15.63,152
2023-06-25,15.663,152
2023-06-26,15.474,152
2023-06-27,15.191,152
2023-06-28,14.985,152
2023-06-29,14.972,152
2023-06-30,15.117,152
2023-07-01,15.282,152
2023-07-02,15.123,152
2023-07-03,15.114,152
2023-07-04,15.299,152
2023-07-05,15.478,152
2023-07-06,15.454,152
2023-07-07,15.315,152
2023-07-08,15.323,152
2023-07-09,15.215,152
2023-07-10,15.294,152
2023-07-11,15.8,152
2023-07-12,16.409,152
2023-07-13,16.691,152
2023-07-14,16.68,152
2023-07-15,16.699,152
2023-07-16,16.408,152
2023-07-17,16.692,152
2023-07-18,17.057,152
2023-07-19,17.253,152
2023-07-20,17.263,152
2023-07-21,17.322,152
2023-07-22,17.505,152
2023-07-23,18.213,152
2023-07-24,18.261,152
2023-07-25,18.371,152
2023-07-26,18.432,152
2023-07-27,18.315,152
2023-07-28,18.185,152
2023-07-29,18.191,152
2023-07-30,18.281,152
2023-07-31,18.399,152
2023-08-01,18.409,152
2023-08-02,18.158,152
2023-08-03,17.737,152
2023-08-04,17.602,152
2023-08-05,17.569,152
2023-08-06,17.702,152
2023-08-07,18.166,152
2023-08-08,18.756,152
2023-08-09,19.154,152
2023-08-10,18.865,152
2023-08-11,19.365,152
2023-08-12,19.327,152
2023-08-13,19.278,152
2023-08-14,19.33,152
2023-08-15,19,152
2023-08-16,18.964,152
2023-08-17,18.931,152
2023-08-18,19.206,152
2023-08-19,19.212,152
2023-08-20,19.18,152
2023-08-21,19.08,152
2023-08-22,19.008,152
2023-08-23,19.02,152
2023-08-24,18.853,152
2023-08-25,18.681,152
2023-08-26,18.711,152
2023-08-27,18.9,152
2023-08-28,18.915,152
2023-08-29,18.968,152
2023-08-30,18.946,152
2023-08-31,19.145,152
2023-09-01,19.23,152
2023-09-02,19.197,152
2023-09-03,19.245,152
2023-09-04,19.063,152
2023-09-05,19.042,152
2023-09-06,19.265,152
2023-09-07,19.593,152
2023-09-08,19.607,152
2023-09-09,19.754,152
2023-09-10,19.807,152
2023-09-11,19.263,152
2023-09-12,18.704,152
2023-09-13,18.478,152
2023-09-14,18.373,152
2023-09-15,18.713,152
2023-09-16,18.841,152
2023-09-17,18.869,152
2023-09-18,18.869,152
2023-09-19,18.875,152
2023-09-20,18.943,152
2023-09-21,18.927,152
2023-09-22,18.642,152
2023-09-23,18.709,152
2023-09-24,18.629,152
2023-09-25,18.513,152
2023-09-26,18.232,152
2023-09-27,18.084,152
2023-09-28,18.036,152
2023-09-29,17.979,152
2023-09-30,17.541,152
2023-10-01,17.731,152
2023-10-02,17.74,152
2023-10-03,17.773,152
2023-10-04,17.999,152
2023-10-05,18.371,152
2023-10-06,18.458,152
2023-10-07,18.341,152
2023-10-08,17.928,152
2023-10-09,17.945,152
2023-10-10,17.572,152
2023-10-11,17.288,152
2023-10-12,17.338,152
2023-10-13,17.465,152
2023-10-14,17.737,152
2023-10-15,17.74,152
2023-10-16,17.765,152
2023-10-17,17.886,152
2023-10-18,17.855,152
2023-10-19,18.333,152
2023-10-20,18.321,152
2023-10-21,18.029,152
2023-10-22,17.674,152
2023-10-23,17.406,152
2023-10-24,17.271,152
2023-10-25,17.288,152
2023-10-26,17.244,152
2023-10-27,17.128,152
2023-10-28,16.732,152
2023-10-29,16.556,152
2023-10-30,16.402,152
2023-10-31,16.824,152
2023-11-01,16.946,152
2023-11-02,17.06,152
2023-11-03,17.092,152
2023-11-04,17.407,152
2023-11-05,17.406,152
2023-11-06,17.409,152
2023-11-07,17.189,152
2023-11-08,17.149,152
2023-11-09,16.977,152
2023-11-10,16.938,152
2023-11-11,16.982,152
2023-11-12,17.052,152
2023-11-13,17.175,152
2023-11-14,16.99,152
2023-11-15,17.047,152
2023-11-16,17.194,152
2023-11-17,17.074,152
2023-11-18,16.844,152
2023-11-19,16.632,152
2023-11-20,16.537,152
2023-11-21,16.376,152
2023-11-22,16.466,152
2023-11-23,16.582,152
2023-11-24,16.606,152
2023-11-25,16.548,152
2023-11-26,16.58,152
2023-11-27,16.467,152
2023-11-28,16.515,152
2023-11-29,16.457,152
2023-11-30,16.363,152
2023-12-01,16.154,152
2023-12-02,16.08,152
2023-12-03,15.999,152
2023-12-04,16.411,152
2023-12-05,16.454,152
2023-12-06,16.435,152
2023-12-07,16.217,152
2023-12-08,15.894,152
2023-12-09,15.524,152
2023-12-10,15.275,152
2023-12-11,15.693,152
2023-12-12,16.073,152
2023-12-13,16.056,152
2023-12-14,16.054,152
2023-12-15,16.313,152
2023-12-16,16.427,152
2023-12-17,16.679,152
2023-12-18,16.468,152
2023-12-19,16.339,152
2023-12-20,16.159,152
2023-12-21,15.992,152
2023-12-22,16.287,152
2023-12-23,16.16,152
2023-12-24,16.088,152
2023-12-25,16.089,152
2023-12-26,16.016,152
2023-12-27,16.2,152
2023-12-28,16.109,152
2023-12-29,16.329,152
2023-12-30,16.195,152
2023-12-31,16.116,152
2024-01-01,15.972,152
2024-01-02,16.008,152
2024-01-03,15.956,152
2024-01-04,15.779,152
2024-01-05,15.62,152
2024-01-06,15.479,152
2024-01-07,15.262,152
2024-01-08,15.136,152
2024-01-09,14.989,152
2024-01-10,14.811,152
2024-01-11,14.516,152
2024-01-12,14.275,152
2024-01-13,14.204,152
2024-01-14,14.258,152
2024-01-15,14.202,152
2024-01-16,14.041,152
2024-01-17,13.965,152
2024-01-18,13.847,152
2024-01-19,13.776,152
2024-01-20,14.593,152
2024-01-21,14.567,152
2024-01-22,14.632,152
2024-01-23,14.594,152
2024-01-24,14.521,152
2024-01-25,14.613,152
2024-01-26,14.632,152
2024-01-27,14.834,152
2024-01-28,15.4,152
2024-01-29,15.223,152
2024-01-30,15.254,152
2024-01-31,14.876,152
2024-02-01,14.935,152
2024-02-02,14.895,152
2024-02-03,14.938,152
2024-02-04,14.501,152
2024-02-05,14.568,152
2024-02-06,14.698,152
2024-02-07,14.464,152
2024-02-08,14.328,152
2024-02-09,14.227,152
2024-02-10,14.215,152
2024-02-11,14.245,152
2024-02-12,14.316,152
2024-02-13,14.317,152
2024-02-14,14.211,152
2024-02-15,14.181,152
2024-02-16,14.182,152
2024-02-17,14.248,152
2024-02-18,14.248,152
2024-02-19,14.335,152
2024-02-20,14.312,152
2024-02-21,14.577,152
2024-02-22,14.549,152
2024-02-23,14.723,152
2024-02-24,14.735,152
2024-02-25,14.69,152
2024-02-26,14.825,152
2024-02-27,15.023,152
2024-02-28,15.107,152
2024-02-29,15.148,152
2024-03-01,15.032,152
2024-03-02,14.907,152
2024-03-03,14.788,152
2024-03-04,14.731,152
2024-03-05,14.657,152
2024-03-06,14.57,152
2024-03-07,14.52,152
2024-03-08,14.462,152
2024-03-09,14.441,152
2024-03-10,14.338,152
2024-03-11,14.373,152
2024-03-12,14.344,152
2024-03-13,14.059,152
2024-03-14,13.95,152
2024-03-15,14.078,152
2024-03-16,14.428,152
2024-03-17,14.731,152
2024-03-18,14.787,152
2024-03-19,14.855,152
2024-03-20,14.547,152
2024-03-21,14.545,152
2024-03-22,14.518,152
2024-03-23,14.277,152
2024-03-24,13.992,152
2024-03-25,13.671,152
2024-03-26,13.453,152
2024-03-27,13.408,152
2024-03-28,13.417,152
2024-03-29,13.443,152
2024-03-30,13.48,152
2024-03-31,13.857,152
2024-04-01,14.19,152
2024-04-02,14.342,152
2024-04-03,14.366,152
2024-04-04,14.171,152
2024-04-05,13.795,152
2024-04-06,13.515,152
2024-04-07,13.194,152
2024-04-08,13.068,152
2024-04-09,13.125,152
2024-04-10,13.197,152
2024-04-11,13.584,152
2024-04-12,13.581,152
2024-04-13,13.743,152
2024-04-14,13.214,152
2024-04-15,13.566,152
2024-04-16,13.627,152
2024-04-17,13.841,152
2024-04-18,13.553,152
2024-04-19,13.94,152
2024-04-20,13.88,152
2024-04-21,13.919,152
2024-04-22,14.051,152
2024-04-23,14.055,152
2024-04-24,14.157,152
2024-04-25,13.895,152
2024-04-26,13.412,152
2024-04-27,13.001,152
2024-04-28,12.956,152
2024-04-29,12.882,152
2024-04-30,12.889,152
2024-05-01,13.023,152
2024-05-02,13.114,152
2024-05-03,13.258,152
2024-05-04,13.36,152
2024-05-05,13.132,152
2024-05-06,13.086,152
2024-05-07,13.009,152
2024-05-08,13.258,152
2024-05-09,13.31,152
2024-05-10,13.678,152
2024-05-11,13.642,152
2024-05-12,13.681,152
2024-05-13,13.677,152
2024-05-14,13.665,152
2024-05-15,13.78,152
2024-05-16,13.821,152
2024-05-17,13.741,152
2024-05-18,13.806,152
2024-05-19,13.827,152
2024-05-20,13.783,152
2024-05-21,13.825,152
2024-05-22,13.779,152
2024-05-23,13.924,152
2024-05-24,13.827,152
2024-05-25,13.719,152
2024-05-26,13.536,152
2024-05-27,13.544,152
2024-05-28,13.465,152
2024-05-29,13.492,152
2024-05-30,13.498,152
2024-05-31,13.584,152
2024-06-01,13.635,152
2024-06-02,13.665,152
2024-06-03,13.664,152
2024-06-04,13.952,152
2024-06-05,12.557,152
2024-06-06,12.369,152
2024-06-07,11.849,152
2024-06-08,11.721,152
2024-06-09,13.17,152
2024-06-10,14.619,152
2024-06-11,14.999,152
2024-06-12,15.038,152
2024-06-13,15.36,152
2024-06-14,15.242,152
2024-06-15,15.035,152
2024-06-16,14.869,152
2024-06-17,14.817,152
2024-06-18,14.917,152
2024-06-19,15.12,152
2024-06-20,15.121,152
2024-06-21,15.122,152
2024-06-22,15.534,152
2024-06-23,15.82,152
2024-06-24,16.338,152
2024-06-25,16.498,152
2024-06-26,16.474,152
2024-06-27,16.159,152
2024-06-28,15.925,152
2024-06-29,15.707,152
2024-06-30,15.782,152
2024-07-01,15.682,152
2024-07-02,15.546,152
2024-07-03,15.075,152
2024-07-04,15.161,152
2024-07-05,15.746,152
2024-07-06,15.532,152
2024-07-07,15.524,152
2024-07-08,15.422,152
2024-07-09,15.95,152
2024-07-10,16.139,152
2024-07-11,16.113,152
2024-07-12,16.332,152
2024-07-13,16.453,152
2024-07-14,17.272,152
2024-07-15,17.556,152
2024-07-16,17.565,152
2024-07-17,17.557,152
2024-07-18,17.58,152
2024-07-19,17.489,152
2024-07-20,17.27,152
2024-07-21,17.102,152
2024-07-22,17.05,152
2024-07-23,17.683,152
2024-07-24,17.794,152
2024-07-25,17.715,152
2024-07-26,17.199,152
2024-07-27,16.757,152
2024-07-28,16.644,152
2024-07-29,16.546,152
2024-07-30,16.486,152
2024-07-31,16.622,152
2024-08-01,16.638,152
2024-08-02,16.707,152
2024-08-03,16.81,152
2024-08-04,16.854,152
2024-08-05,16.567,152
2024-08-06,16.442,152
2024-08-07,16.347,152
2024-08-08,16.526,152
2024-08-09,16.621,152
2024-08-10,16.73,152
2024-08-11,16.814,152
2024-08-12,17.261,152
2024-08-13,17.499,152
2024-08-14,17.437,152
2024-08-15,17.525,152
2024-08-16,17.699,152
2024-08-17,17.812,152
2024-08-18,17.985,152
2024-08-19,17.93,152
2024-08-20,17.815,152
2024-08-21,17.553,152
2024-08-22,17.437,152
2024-08-23,17.415,152
2024-08-24,17.493,152
2024-08-25,17.629,152
2024-08-26,17.823,152
2024-08-27,17.622,152
2024-08-28,17.533,152
2024-08-29,17.624,152
2024-08-30,17.661,152
2024-08-31,17.785,152
2024-09-01,17.827,152
2024-09-02,17.872,152
2024-09-03,17.935,152
2024-09-04,17.962,152
2024-09-05,17.957,152
2024-09-06,18.028,152
2024-09-07,18.217,152
2024-09-08,18.104,152
2024-09-09,17.856,152
2024-09-10,17.539,152
2024-09-11,17.395,152
2024-09-12,17.297,152
2024-09-13,17.172,152
2024-09-14,17.285,152
2024-09-15,17.718,152
2024-09-16,17.478,152
2024-09-17,17.405,152
2024-09-18,17.403,152
2024-09-19,17.357,152
2024-09-20,17.339,152
2024-09-21,17.171,152
2024-09-22,17.091,152
2024-09-23,17.104,152
2024-09-24,17.029,152
2024-09-25,17.281,152
2024-09-26,17.21,152
2024-09-27,17.238,152
2024-09-28,17.091,152
2024-09-29,16.985,152
2024-09-30,17.017,152
2024-10-01,17.389,152
2024-10-02,17.669,152
2024-10-03,17.662,152
2024-10-04,17.664,152
2024-10-05,17.604,152
2024-10-06,17.294,152
2024-10-07,17.232,152
2024-10-08,17.549,152
2024-10-09,17.345,152
2024-10-10,17.488,152
2024-10-11,17.587,152
2024-10-12,17.568,152
2024-10-13,17.383,152
2024-10-14,17.086,152
2024-10-15,16.736,152
2024-10-16,17.279,152
2024-10-17,17.079,152
2024-10-18,16.999,152
2024-10-19,17.066,152
2024-10-20,17.183,152
2024-10-21,17.3,152
2024-10-22,17.031,152
2024-10-23,16.962,152
2024-10-24,16.877,152
2024-10-25,16.915,152
2024-10-26,16.954,152
2024-10-27,16.509,152
2024-10-28,15.985,152
2024-10-29,15.884,152
2024-10-30,15.719,152
2024-10-31,15.643,152
2024-11-01,15.598,152
2024-11-02,15.338,152
2024-11-03,15.254,152
2024-11-04,15.222,152
2024-11-05,15.196,152
2024-11-06,15.008,152
2024-11-07,14.999,152
2024-11-08,15.138,152
2024-11-09,15.217,152
2024-11-10,15.208,152
2024-11-11,15.055,152
2024-11-12,14.952,152
2024-11-13,14.797,152
2024-11-14,14.578,152
2024-11-15,14.285,152
2024-11-16,14.099,152
2024-11-17,14.008,152
2024-11-18,13.974,152
2024-11-19,13.79,152
2024-11-20,13.664,152
2024-11-21,13.72,152
2024-11-22,13.756,152
2024-11-23,13.804,152
2024-11-24,13.733,152
2024-11-25,13.723,152
2024-11-26,13.97,152
2024-11-27,14.552,152
2024-11-28,14.502,152
2024-11-29,14.498,152
2024-11-30,14.509,152
2024-12-01,14.762,152
2024-12-02,14.634,152
2024-12-03,14.509,152
2024-12-04,14.542,152
2024-12-05,14.47,152
2024-12-06,14.546,152
2024-12-07,14.642,152
2024-12-08,14.685,152
2024-12-09,14.556,152
2024-12-10,14.507,152
2024-12-11,14.46,152
2024-12-12,14.235,152
2024-12-13,14.215,152
2024-12-14,13.881,152
2024-12-15,13.936,152
2024-12-16,13.93,152
2024-12-17,14.084,152
2024-12-18,14.065,152
2024-12-19,14.139,152
2024-12-20,13.893,152
2024-12-21,13.846,152
2024-12-22,13.858,152
2024-12-23,13.819,152
2024-12-24,13.712,152
2024-12-25,13.572,152
2024-12-26,13.69,152
2024-12-27,13.603,152
2024-12-28,13.654,152
2024-12-29,13.475,152
2024-12-30,13.525,152
2024-12-31,13.517,152
2025-01-01,13.69,152
2025-01-02,13.744,152
2025-01-03,13.72,152
2025-01-04,13.597,152
2025-01-05,13.848,152
2025-01-06,13.76,152
2025-01-07,13.715,152
2025-01-08,13.675,152
2025-01-09,13.716,152
2025-01-10,13.69,152
2025-01-11,13.497,152
2025-01-12,13.396,152
2025-01-13,13.298,152
2025-01-14,13.345,152
2025-01-15,13.328,152
2025-01-16,13.406,152
2025-01-17,13.42,152
2025-01-18,13.428,152
2025-01-19,13.36,152
2025-01-20,13.305,152
2025-01-21,13.374,152
2025-01-22,13.476,152
2025-01-23,13.385,152
2025-01-24,13.386,152
2025-01-25,13.344,152
2025-01-26,13.504,152
2025-01-27,13.393,152
2025-01-28,13.318,152
2025-01-29,13.271,152
2025-01-30,13.234,152
2025-01-31,13.272,152
2025-02-01,13.269,152
2025-02-02,13.387,152
2025-02-03,13.422,152
2025-02-04,13.468,152
2025-02-05,13.55,152
2025-02-06,13.61,152
2025-02-07,13.514,152
2025-02-08,13.462,152
2025-02-09,13.223,152
2025-02-10,13.13,152
2025-02-11,13.089,152
2025-02-12,12.884,152
2025-02-13,12.876,152
2025-02-14,12.743,152
2025-02-15,12.718,152
2025-02-16,12.636,152
2025-02-17,12.555,152
2025-02-18,12.662,152
2025-02-19,12.832,152
2025-02-20,12.817,152
2025-02-21,12.919,152
2025-02-22,13.013,152
2025-02-23,13.225,152
2025-02-24,13.319,152
2025-02-25,13.282,152
2025-02-26,13.142,152
2025-02-27,13.06,152
2025-02-28,13.121,152
2025-03-01,13.198,152
2025-03-02,12.918,152
2025-03-03,12.74,152
2025-03-04,12.546,152
2025-03-05,12.436,152
2025-03-06,12.242,152
2025-03-07,12.24,152
2025-03-08,12.303,152
2025-03-09,12.404,152
2025-03-10,12.455,152
2025-03-11,12.38,152
2025-03-12,12.441,152
2025-03-13,12.379,152
2025-03-14,12.383,152
2025-03-15,12.356,152
2025-03-16,12.413,152
2025-03-17,12.203,152
2025-03-18,12.278,152
2025-03-19,12.198,152
2025-03-20,12.242,152
2025-03-21,12.055,152
2025-03-22,12.506,152
2025-03-23,12.747,152
2025-03-24,12.889,152
2025-03-25,12.929,152
2025-03-26,12.907,152
2025-03-27,13.005,152
2025-03-28,12.903,152
2025-03-29,12.933,152
2025-03-30,12.868,152
2025-03-31,12.682,152
2025-04-01,12.32,152
2025-04-02,12.289,152
2025-04-03,12.316,152
2025-04-04,12.512,152
2025-04-05,12.728,152
2025-04-06,12.727,152
2025-04-07,12.695,152
2025-04-08,12.84,152
2025-04-09,13.106,152
2025-04-10,13.379,152
2025-04-11,13.381,152
2025-04-12,13.27,152
2025-04-13,13.072,152
2025-04-14,12.718,152
2025-04-15,13.237,152
2025-04-16,13.366,152
2025-04-17,13.599,152
2025-04-18,13.767,152
2025-04-19,13.529,152
2025-04-20,13.452,152
2025-04-21,13.24,152
2025-04-22,13.126,152
2025-04-23,13.279,152
2025-04-24,13.458,152
2025-04-25,13.444,152
2025-04-26,13.619,152
2025-04-27,13.6,152
2025-04-28,13.592,152
2025-04-29,13.507,152
2025-04-30,13.445,152
2025-05-01,13.375,152
2025-05-02,13.742,152
2025-05-03,13.363,152
2025-05-04,13.271,152
2025-05-05,13.594,152
2025-05-06,14.1,152
2025-05-07,14.286,152
2025-05-08,14.464,152
2025-05-09,14.942,152
2025-05-10,15.035,152
2025-05-11,15.145,152
2025-05-12,14.699,152
2025-05-13,14.396,152
2025-05-14,14.14,152
2025-05-15,14.059,152
2025-05-16,14.058,152
2025-05-17,14.014,152
2025-05-18,13.941,152
2025-05-19,14.065,152
2025-05-20,14.242,152
2025-05-21,14.666,152
2025-05-22,14.724,152
2025-05-23,14.92,152
2025-05-24,14.748,152
2025-05-25,14.638,152
2025-05-26,14.57,152
2025-05-27,14.726,152
2025-05-28,14.768,152
2025-05-29,15.005,152
2025-05-30,15.221,152
2025-05-31,15.61,152
2025-06-01,15.624,152
2025-06-02,15.906,152
2025-06-03,15.886,152
2025-06-04,15.89,152
2025-06-05,15.944,152
2025-06-06,16.742,152
2025-06-07,16.663,152
2025-06-08,16.653,152
2025-06-09,16.52,152
2025-06-10,16.121,152
2025-06-11,15.772,152
2025-06-12,15.731,152
2025-06-13,15.941,152
2025-06-14,16.064,152
2025-06-15,16.162,152
2025-06-16,15.754,152
2025-06-17,15.489,152
2025-06-18,15.431,152
2025-06-19,15.581,152
2025-06-20,15.581,152
2025-06-21,15.444,152
2025-06-22,15.427,152
2025-06-23,15.488,152
2025-06-24,15.582,152
2025-06-25,15.594,152
2025-06-26,15.683,152
2025-06-27,15.626,152
2025-06-28,15.865,152
2025-06-29,16.443,152
2025-06-30,16.584,152
2025-07-01,16.523,152
2025-07-02,16.369,152
2025-07-03,16.526,152
2025-07-04,16.895,152
2025-07-05,17.23,152
2025-07-06,17.175,152
2025-07-07,17.165,152
2025-07-08,17.337,152
2025-07-09,17.238,152
2025-07-10,17.141,152
2025-07-11,16.845,152
2025-07-12,16.987,152
2025-07-13,16.857,152
2025-07-14,16.901,152
2025-07-15,17.217,152
2025-07-16,17.323,152
2025-07-17,17.446,152
2025-07-18,17.432,152
2025-07-19,17.43,152
2025-07-20,17.28,152
2025-07-21,17.294,152
2025-07-22,17.435,152
2025-07-23,17.616,152
2025-07-24,17.58,152
2025-07-25,17.397,152
2025-07-26,17.059,152
2025-07-27,16.891,152
2025-07-28,16.786,152
2025-07-29,16.698,152
2025-07-30,16.714,152
2025-07-31,16.428,152
2025-08-01,16.307,152
2025-08-02,16.116,152
2025-08-03,15.85,152
2025-08-04,16.035,152
2025-08-05,16.236,152
2025-08-06,16.429,152
2025-08-07,16.526,152
2025-08-08,16.547,152
2025-08-09,16.808,152
2025-08-10,17.193,152
2025-08-11,17.173,152
2025-08-12,17.167,152
2025-08-13,17.001,152
2025-08-14,16.808,152
2025-08-15,16.699,152
2025-08-16,16.69,152
2025-08-17,17.789,152
2025-08-18,18.117,152
2025-08-19,18.11,152
2025-08-20,18.421,152
2025-08-21,18.901,152
2025-08-22,19.809,152
2025-08-23,19.582,152
2025-08-24,18.826,152
2025-08-25,18.757,152
2025-08-26,18.692,152
2025-08-27,18.827,152
2025-08-28,19.175,152
2025-08-29,19.34,152
2025-08-30,19.521,152
2025-08-31,19.669,152
2025-09-01,19.986,152
2025-09-02,20.197,152
2025-09-03,19.621,152
2025-09-04,19.397,152
2025-09-05,19.322,152
2025-09-06,19.467,152
2025-09-07,19.517,152
2025-09-08,19.455,152
2025-09-09,19.452,152
2025-09-10,19.515,152
2025-09-11,19.329,152
2025-09-12,19.231,152
2025-09-13,19.034,152
2025-09-14,18.944,152
2025-09-15,18.878,152
2025-09-16,18.967,152
2025-09-17,18.94,152
2025-09-18,19.285,152
2025-09-19,19.194,152
2025-09-20,19.438,152
2025-09-21,19.369,152
2025-09-22,19.376,152
2025-09-23,19.372,152
2025-09-24,19.413,152
2025-09-25,19.325,152
2025-09-26,19.244,152
2025-09-27,19.146,152
2025-09-28,19.443,152
2025-09-29,19.95,152
2025-09-30,19.803,152
2025-10-01,19.703,152
2025-10-02,19.546,152
2025-10-03,19.058,152
2025-10-04,18.88,152
2025-10-05,18.642,152
2025-10-06,18.836,152
2025-10-07,18.897,152
2025-10-08,18.899,152
2025-10-09,18.799,152
2025-10-10,18.356,152
2025-10-11,17.996,152
2025-10-12,17.59,152
2025-10-13,17.369,152
2025-10-14,17.435,152
2025-10-15,17.634,152
2025-10-16,17.812,152
2025-10-17,18.059,152
2025-10-18,18.29,152
2025-10-19,18.379,152
2025-10-20,18.303,152
2025-10-21,18.236,152
2025-10-22,17.994,152
2025-10-23,17.864,152
2025-10-24,17.758,152
2025-10-25,17.621,152
2025-10-26,17.084,152
2025-10-27,16.969,152
2025-10-28,17.201,152
2025-10-29,17.541,152
2025-10-30,17.751,152
2025-10-31,17.647,152
2025-11-01,17.477,152
2025-11-02,17.861,152
2025-11-03,17.737,152
2025-11-04,17.732,152
2025-11-05,17.529,152
2025-11-06,17.271,152
2025-11-07,17.159,152
2025-11-08,16.912,152
2025-11-09,16.683,152
2025-11-10,16.576,152
2025-11-11,16.668,152
2025-11-12,16.795,152
2025-11-13,17.067,152
2025-11-14,17.101,152
2025-11-15,16.955,152
2025-11-16,16.768,152
2025-11-17,16.634,152
2025-11-18,16.617,152
2025-11-19,16.679,152
2025-11-20,16.646,152
2025-11-21,16.554,152
2025-11-22,16.672,152
2025-11-23,16.593,152
2025-11-24,16.552,152
2025-11-25,16.508,152
2025-11-26,16.553,152
2025-11-27,16.727,152
2025-11-28,16.775,152
2025-11-29,16.748,152
2025-11-30,16.689,152
2025-12-01,16.658,152
2025-12-02,16.564,152
2025-12-03,16.749,152
2025-12-04,16.73,152
2025-12-05,16.715,152
2025-12-06,16.744,152
2025-12-07,16.728,152
2025-12-08,16.746,152
2025-12-09,16.653,152
2025-12-10,16.679,152
2025-12-11,16.689,152
2025-12-12,16.724,152
2025-12-13,16.631,152
2025-12-14,16.587,152
2025-12-15,16.489,152
2025-12-16,16.501,152
2025-12-17,16.478,152
2025-12-18,16.358,152
2025-12-19,16.315,152
2025-12-20,16.237,152
2025-12-21,16.255,152
2025-12-22,16.169,152
2025-12-23,16.064,152
2025-12-24,15.415,152
2025-12-25,15.289,152
2025-12-26,15.54,152
2025-12-27,15.512,152
2025-12-28,15.442,152
2025-12-29,15.36,152
2025-12-30,15.317,152
2025-12-31,15.58,152
2026-01-01,15.551,152
2026-01-02,15.545,152
2026-01-03,15.482,152
2026-01-04,15.585,152
2026-01-05,15.544,152
2026-01-06,15.631,152
2026-01-07,15.517,152
2026-01-08,15.312,152
2026-01-09,15.171,152
2026-01-10,14.982,152
2026-01-11,15.146,152
2026-01-12,15.224,152
2026-01-13,15.57,152
2026-01-14,15.766,152
2026-01-15,15.809,152
2026-01-16,15.905,152
2026-01-17,15.634,152
2026-01-18,15.861,152
2026-01-19,15.888,152
2026-01-20,15.93,152
2026-01-21,16.003,152
2026-01-22,15.861,152
2026-01-23,15.801,152
2026-01-24,15.827,152
2026-01-25,15.713,152
2026-01-26,15.663,152
2026-01-27,15.655,152
2026-01-28,15.671,152
2026-01-29,15.687,152
2026-01-30,15.77,152
2026-01-31,15.867,152
2026-02-01,15.948,152
2026-02-02,15.918,152
2026-02-03,16.007,152
2026-02-04,16.185,152
2026-02-05,16.211,152
2026-02-06,16.267,152
2026-02-07,16.38,152
2026-02-08,16.312,152
2026-02-09,16.458,152
2026-02-10,16.49,152
2026-02-11,15.972,152
2026-02-12,16.023,152
2026-02-13,16.006,152
2026-02-14,16.043,152
2026-02-15,15.955,152
2026-02-16,15.725,152
2026-02-17,15.319,152
2026-02-18,15.318,152
2026-02-19,15.051,152
2026-02-20,14.771,152
2026-02-21,14.667,152
2026-02-22,14.752,152
2026-02-23,15.087,152
2026-02-24,15.121,152
2026-02-25,15.16,152
2026-02-26,15.21,152
2026-02-27,15.657,152
2026-02-28,15.663,152
2026-03-01,15.507,152
2026-03-02,15.057,152
2026-03-03,14.777,152
2026-03-04,14.586,152
2026-03-05,14.315,152
2026-03-06,14.252,152
2026-03-07,14.351,152
2026-03-08,14.494,152
2026-03-09,14.641,152
2026-03-10,14.92,152
2026-03-11,14.928,152
2026-03-12,15.028,152
2026-03-13,15.073,152
2026-03-14,15.516,152
2026-03-15,15.377,152
2026-03-16,16.034,152
2026-03-17,16.363,152
2026-03-18,16.856,152
2026-03-19,17.004,152
2026-03-20,16.811,152
2026-03-21,16.479,152
2026-03-22,16.089,152
2026-03-23,15.844,152
2026-03-24,15.634,152
2026-03-25,15.776,152
2026-03-26,15.664,152
2026-03-27,15.816,152
2026-03-28,15.921,152
2026-03-29,16.06,152
2026-03-30,16.264,152
2026-03-31,16.354,152
