date,sst,n_cells
1982-01-01,13.076,766
1982-01-02,12.977,766
1982-01-03,12.91,766
1982-01-04,12.831,766
1982-01-05,12.855,766
1982-01-06,12.732,766
1982-01-07,12.683,766
1982-01-08,12.665,766
1982-01-09,12.68,766
1982-01-10,13.125,766
1982-01-11,13.184,766
1982-01-12,13.145,766
1982-01-13,13.142,766
1982-01-14,13.105,766
1982-01-15,12.939,766
1982-01-16,12.926,766
1982-01-17,12.913,766
1982-01-18,12.901,766
1982-01-19,12.946,766
1982-01-20,12.922,766
1982-01-21,12.751,766
1982-01-22,12.592,766
1982-01-23,12.503,766
1982-01-24,12.37,766
1982-01-25,12.273,766
1982-01-26,12.243,766
1982-01-27,12.344,766
1982-01-28,12.582,766
1982-01-29,12.689,766
1982-01-30,12.657,766
1982-01-31,12.552,766
1982-02-01,12.492,766
1982-02-02,12.534,766
1982-02-03,12.697,766
1982-02-04,12.804,766
1982-02-05,12.82,766
1982-02-06,12.767,766
1982-02-07,12.855,766
1982-02-08,12.894,766
1982-02-09,12.904,766
1982-02-10,12.689,766
1982-02-11,12.667,766
1982-02-12,12.66,766
1982-02-13,12.888,766
1982-02-14,12.953,766
1982-02-15,13.085,766
1982-02-16,13.122,766
1982-02-17,13.141,766
1982-02-18,13.132,766
1982-02-19,13.183,766
1982-02-20,13.235,766
1982-02-21,13.237,766
1982-02-22,12.648,766
1982-02-23,12.72,766
1982-02-24,12.903,766
1982-02-25,13.025,766
1982-02-26,13.179,766
1982-02-27,13.157,766
1982-02-28,13.092,766
1982-03-01,13.124,766
1982-03-02,13.228,766
1982-03-03,13.056,766
1982-03-04,12.894,766
1982-03-05,12.651,766
1982-03-06,12.754,766
1982-03-07,12.783,766
1982-03-08,12.821,766
1982-03-09,12.903,766
1982-03-10,13.064,766
1982-03-11,13.386,766
1982-03-12,13.386,766
1982-03-13,13.37,766
1982-03-14,13.202,766
1982-03-15,13.303,766
1982-03-16,13.265,766
1982-03-17,13.224,766
1982-03-18,13.167,766
1982-03-19,13.094,766
1982-03-20,13.046,766
1982-03-21,13.085,766
1982-03-22,13.124,766
1982-03-23,13.123,766
1982-03-24,13.008,766
1982-03-25,13.13,766
1982-03-26,13.329,766
1982-03-27,13.347,766
1982-03-28,13.328,766
1982-03-29,13.281,766
1982-03-30,13.286,766
1982-03-31,13.283,766
1982-04-01,13.205,766
1982-04-02,13.152,766
1982-04-03,13.348,766
1982-04-04,13.332,766
1982-04-05,13.281,766
1982-04-06,13.068,766
1982-04-07,13.043,766
1982-04-08,13.063,766
1982-04-09,13.034,766
1982-04-10,13.091,766
1982-04-11,13.109,766
1982-04-12,13.262,766
1982-04-13,13.609,766
1982-04-14,13.501,766
1982-04-15,13.261,766
1982-04-16,12.939,766
1982-04-17,12.755,766
1982-04-18,12.775,766
1982-04-19,12.891,766
1982-04-20,13.059,766
1982-04-21,13.2,766
1982-04-22,13.583,766
1982-04-23,13.685,766
1982-04-24,13.732,766
1982-04-25,13.653,766
1982-04-26,13.853,766
1982-04-27,13.782,766
1982-04-28,13.666,766
1982-04-29,13.571,766
1982-04-30,13.619,766
1982-05-01,13.637,766
1982-05-02,13.6,766
1982-05-03,13.796,766
1982-05-04,13.951,766
1982-05-05,14.028,766
1982-05-06,13.99,766
1982-05-07,13.78,766
1982-05-08,13.536,766
1982-05-09,13.278,766
1982-05-10,12.949,766
1982-05-11,12.704,766
1982-05-12,12.606,766
1982-05-13,12.551,766
1982-05-14,12.316,766
1982-05-15,12.383,766
1982-05-16,12.421,766
1982-05-17,12.318,766
1982-05-18,12.25,766
1982-05-19,12.271,766
1982-05-20,12.233,766
1982-05-21,12.159,766
1982-05-22,12.19,766
1982-05-23,12.278,766
1982-05-24,12.383,766
1982-05-25,12.587,766
1982-05-26,12.786,766
1982-05-27,12.92,766
1982-05-28,13.057,766
1982-05-29,13.157,766
1982-05-30,13.24,766
1982-05-31,13.443,766
1982-06-01,13.246,766
1982-06-02,13.005,766
1982-06-03,13.002,766
1982-06-04,12.915,766
1982-06-05,12.762,766
1982-06-06,12.65,766
1982-06-07,12.628,766
1982-06-08,12.714,766
1982-06-09,12.741,766
1982-06-10,12.79,766
1982-06-11,13.115,766
1982-06-12,13.13,766
1982-06-13,13.145,766
1982-06-14,13.103,766
1982-06-15,13.076,766
1982-06-16,13.159,766
1982-06-17,13.302,766
1982-06-18,13.52,766
1982-06-19,13.689,766
1982-06-20,13.814,766
1982-06-21,13.951,766
1982-06-22,14.019,766
1982-06-23,14.019,766
1982-06-24,14.899,766
1982-06-25,14.798,766
1982-06-26,14.469,766
1982-06-27,14.116,766
1982-06-28,14.108,766
1982-06-29,15.296,766
1982-06-30,15.2,766
1982-07-01,14.984,766
1982-07-02,14.623,766
1982-07-03,14.436,766
1982-07-04,14.25,766
1982-07-05,14.136,766
1982-07-06,13.97,766
1982-07-07,14.22,766
1982-07-08,14.459,766
1982-07-09,14.425,766
1982-07-10,14.298,766
1982-07-11,14.082,766
1982-07-12,14.057,766
1982-07-13,13.577,766
1982-07-14,13.291,766
1982-07-15,13.471,766
1982-07-16,13.849,766
1982-07-17,13.963,766
1982-07-18,14.231,766
1982-07-19,14.258,766
1982-07-20,14.216,766
1982-07-21,14.314,766
1982-07-22,14.281,766
1982-07-23,14.266,766
1982-07-24,14.359,766
1982-07-25,14.41,766
1982-07-26,14.506,766
1982-07-27,14.594,766
1982-07-28,14.088,766
1982-07-29,14.044,766
1982-07-30,13.792,766
1982-07-31,13.567,766
1982-08-01,13.534,766
1982-08-02,13.556,766
1982-08-03,13.881,766
1982-08-04,13.925,766
1982-08-05,13.921,766
1982-08-06,13.864,766
1982-08-07,13.821,766
1982-08-08,14.036,766
1982-08-09,13.978,766
1982-08-10,13.956,766
1982-08-11,13.979,766
1982-08-12,14.067,766
1982-08-13,14.715,766
1982-08-14,15.206,766
1982-08-15,15.268,766
1982-08-16,15.215,766
1982-08-17,15.234,766
1982-08-18,15.234,766
1982-08-19,14.941,766
1982-08-20,14.937,766
1982-08-21,14.964,766
1982-08-22,15.041,766
1982-08-23,15.141,766
1982-08-24,14.925,766
1982-08-25,14.955,766
1982-08-26,14.512,766
1982-08-27,14.728,766
1982-08-28,15.17,766
1982-08-29,15.298,766
1982-08-30,15.285,766
1982-08-31,15.28,766
1982-09-01,15.303,766
1982-09-02,14.578,766
1982-09-03,14.533,766
1982-09-04,14.588,766
1982-09-05,14.683,766
1982-09-06,14.795,766
1982-09-07,14.91,766
1982-09-08,15.086,766
1982-09-09,15.163,766
1982-09-10,15.274,766
1982-09-11,15.344,766
1982-09-12,16.275,766
1982-09-13,16.903,766
1982-09-14,17.132,766
1982-09-15,17.854,766
1982-09-16,17.888,766
1982-09-17,17.802,766
1982-09-18,17.129,766
1982-09-19,17.052,766
1982-09-20,17.105,766
1982-09-21,17.142,766
1982-09-22,17.156,766
1982-09-23,17.068,766
1982-09-24,17.116,766
1982-09-25,17.042,766
1982-09-26,16.128,766
1982-09-27,15.935,766
1982-09-28,15.741,766
1982-09-29,15.745,766
1982-09-30,15.95,766
1982-10-01,16.004,766
1982-10-02,15.78,766
1982-10-03,15.462,766
1982-10-04,15.377,766
1982-10-05,15.488,766
1982-10-06,15.502,766
1982-10-07,15.314,766
1982-10-08,15.413,766
1982-10-09,16.018,766
1982-10-10,16.714,766
1982-10-11,16.824,766
1982-10-12,16.335,766
1982-10-13,15.793,766
1982-10-14,15.634,766
1982-10-15,15.94,766
1982-10-16,15.916,766
1982-10-17,15.883,766
1982-10-18,15.872,766
1982-10-19,16.274,766
1982-10-20,16.465,766
1982-10-21,16.5,766
1982-10-22,16.606,766
1982-10-23,16.686,766
1982-10-24,16.75,766
1982-10-25,16.671,766
1982-10-26,16.547,766
1982-10-27,16.417,766
1982-10-28,16.267,766
1982-10-29,16.367,766
1982-10-30,16.805,766
1982-10-31,16.851,766
1982-11-01,16.923,766
1982-11-02,17.29,766
1982-11-03,17.595,766
1982-11-04,17.552,766
1982-11-05,17.124,766
1982-11-06,17.107,766
1982-11-07,16.853,766
1982-11-08,16.792,766
1982-11-09,16.631,766
1982-11-10,17.187,766
1982-11-11,17.236,766
1982-11-12,17.222,766
1982-11-13,17.218,766
1982-11-14,17.207,766
1982-11-15,17.11,766
1982-11-16,16.782,766
1982-11-17,16.711,766
1982-11-18,16.9,766
1982-11-19,16.81,766
1982-11-20,16.729,766
1982-11-21,16.628,766
1982-11-22,16.457,766
1982-11-23,16.306,766
1982-11-24,16.401,766
1982-11-25,16.613,766
1982-11-26,16.754,766
1982-11-27,16.822,766
1982-11-28,16.622,766
1982-11-29,16.386,766
1982-11-30,16.236,766
1982-12-01,15.642,766
1982-12-02,15.103,766
1982-12-03,14.882,766
1982-12-04,15.058,766
1982-12-05,15.121,766
1982-12-06,15.042,766
1982-12-07,14.785,766
1982-12-08,14.692,766
1982-12-09,14.486,766
1982-12-10,14.407,766
1982-12-11,14.348,766
1982-12-12,14.432,766
1982-12-13,14.506,766
1982-12-14,14.497,766
1982-12-15,14.42,766
1982-12-16,14.408,766
1982-12-17,14.486,766
1982-12-18,14.361,766
1982-12-19,14.288,766
1982-12-20,14.231,766
1982-12-21,14.277,766
1982-12-22,14.277,766
1982-12-23,14.074,766
1982-12-24,13.988,766
1982-12-25,13.943,766
1982-12-26,13.905,766
1982-12-27,13.893,766
1982-12-28,13.987,766
1982-12-29,14.048,766
1982-12-30,14.129,766
1982-12-31,14.177,766
1983-01-01,14.182,766
1983-01-02,14.157,766
1983-01-03,14.251,766
1983-01-04,14.247,766
1983-01-05,14.198,766
1983-01-06,14.303,766
1983-01-07,14.45,766
1983-01-08,14.54,766
1983-01-09,14.585,766
1983-01-10,14.726,766
1983-01-11,14.985,766
1983-01-12,15.042,766
1983-01-13,14.897,766
1983-01-14,14.922,766
1983-01-15,15.001,766
1983-01-16,14.905,766
1983-01-17,14.878,766
1983-01-18,14.864,766
1983-01-19,14.779,766
1983-01-20,14.704,766
1983-01-21,14.634,766
1983-01-22,14.341,766
1983-01-23,14.187,766
1983-01-24,14.419,766
1983-01-25,14.537,766
1983-01-26,14.541,766
1983-01-27,14.482,766
1983-01-28,14.352,766
1983-01-29,14.396,766
1983-01-30,14.665,766
1983-01-31,14.665,766
1983-02-01,14.609,766
1983-02-02,14.392,766
1983-02-03,14.244,766
1983-02-04,14.201,766
1983-02-05,14.204,766
1983-02-06,14.19,766
1983-02-07,14.211,766
1983-02-08,14.231,766
1983-02-09,14.693,766
1983-02-10,14.759,766
1983-02-11,14.763,766
1983-02-12,14.645,766
1983-02-13,14.639,766
1983-02-14,14.627,766
1983-02-15,15.106,766
1983-02-16,15.123,766
1983-02-17,15.067,766
1983-02-18,14.929,766
1983-02-19,14.899,766
1983-02-20,14.777,766
1983-02-21,14.823,766
1983-02-22,14.792,766
1983-02-23,14.752,766
1983-02-24,14.679,766
1983-02-25,14.56,766
1983-02-26,14.504,766
1983-02-27,14.505,766
1983-02-28,14.417,766
1983-03-01,14.329,766
1983-03-02,14.386,766
1983-03-03,14.491,766
1983-03-04,14.533,766
1983-03-05,14.364,766
1983-03-06,14.29,766
1983-03-07,14.401,766
1983-03-08,14.447,766
1983-03-09,14.451,766
1983-03-10,14.342,766
1983-03-11,14.964,766
1983-03-12,15.091,766
1983-03-13,15.18,766
1983-03-14,15.083,766
1983-03-15,14.96,766
1983-03-16,14.762,766
1983-03-17,14.562,766
1983-03-18,14.378,766
1983-03-19,14.314,766
1983-03-20,14.218,766
1983-03-21,14.081,766
1983-03-22,14.051,766
1983-03-23,14.059,766
1983-03-24,13.942,766
1983-03-25,13.865,766
1983-03-26,13.813,766
1983-03-27,14.08,766
1983-03-28,14.152,766
1983-03-29,14.196,766
1983-03-30,14.445,766
1983-03-31,14.397,766
1983-04-01,14.318,766
1983-04-02,14.165,766
1983-04-03,13.927,766
1983-04-04,13.801,766
1983-04-05,13.789,766
1983-04-06,13.859,766
1983-04-07,13.867,766
1983-04-08,13.842,766
1983-04-09,13.753,766
1983-04-10,13.423,766
1983-04-11,13.214,766
1983-04-12,13.043,766
1983-04-13,13.084,766
1983-04-14,13.045,766
1983-04-15,12.874,766
1983-04-16,12.842,766
1983-04-17,13.561,766
1983-04-18,14.034,766
1983-04-19,14.183,766
1983-04-20,14.05,766
1983-04-21,13.938,766
1983-04-22,13.705,766
1983-04-23,13.739,766
1983-04-24,14.265,766
1983-04-25,14.357,766
1983-04-26,14.374,766
1983-04-27,14.345,766
1983-04-28,14.137,766
1983-04-29,14.084,766
1983-04-30,14.027,766
1983-05-01,14.261,766
1983-05-02,14.275,766
1983-05-03,14.268,766
1983-05-04,14.253,766
1983-05-05,14.934,766
1983-05-06,14.957,766
1983-05-07,14.802,766
1983-05-08,14.565,766
1983-05-09,14.375,766
1983-05-10,14.083,766
1983-05-11,13.817,766
1983-05-12,13.567,766
1983-05-13,13.359,766
1983-05-14,13.476,766
1983-05-15,13.456,766
1983-05-16,13.403,766
1983-05-17,13.325,766
1983-05-18,13.339,766
1983-05-19,13.405,766
1983-05-20,13.489,766
1983-05-21,13.506,766
1983-05-22,13.457,766
1983-05-23,13.435,766
1983-05-24,13.427,766
1983-05-25,13.398,766
1983-05-26,13.336,766
1983-05-27,13.36,766
1983-05-28,13.766,766
1983-05-29,13.299,766
1983-05-30,13.088,766
1983-05-31,12.92,766
1983-06-01,13.276,766
1983-06-02,13.387,766
1983-06-03,13.403,766
1983-06-04,13.478,766
1983-06-05,13.103,766
1983-06-06,12.991,766
1983-06-07,13.064,766
1983-06-08,13.279,766
1983-06-09,13.158,766
1983-06-10,14.125,766
1983-06-11,14.051,766
1983-06-12,13.979,766
1983-06-13,13.916,766
1983-06-14,13.87,766
1983-06-15,13.882,766
1983-06-16,14.221,766
1983-06-17,14.727,766
1983-06-18,14.792,766
1983-06-19,14.703,766
1983-06-20,14.654,766
1983-06-21,14.786,766
1983-06-22,14.628,766
1983-06-23,15.246,766
1983-06-24,15.155,766
1983-06-25,15.196,766
1983-06-26,15.285,766
1983-06-27,15.293,766
1983-06-28,15.137,766
1983-06-29,14.847,766
1983-06-30,14.725,766
1983-07-01,15.356,766
1983-07-02,15.648,766
1983-07-03,15.781,766
1983-07-04,15.855,766
1983-07-05,15.86,766
1983-07-06,15.675,766
1983-07-07,15.447,766
1983-07-08,15.332,766
1983-07-09,15.382,766
1983-07-10,15.442,766
1983-07-11,15.549,766
1983-07-12,15.858,766
1983-07-13,16.518,766
1983-07-14,16.506,766
1983-07-15,16.412,766
1983-07-16,16.486,766
1983-07-17,16.656,766
1983-07-18,16.763,766
1983-07-19,16.947,766
1983-07-20,17.005,766
1983-07-21,16.396,766
1983-07-22,16.359,766
1983-07-23,16.429,766
1983-07-24,16.377,766
1983-07-25,16.244,766
1983-07-26,16.271,766
1983-07-27,16.264,766
1983-07-28,16.241,766
1983-07-29,16.242,766
1983-07-30,16.16,766
1983-07-31,16.131,766
1983-08-01,16.173,766
1983-08-02,15.767,766
1983-08-03,15.575,766
1983-08-04,15.666,766
1983-08-05,15.832,766
1983-08-06,16.318,766
1983-08-07,16.412,766
1983-08-08,16.32,766
1983-08-09,16.223,766
1983-08-10,16.108,766
1983-08-11,16.036,766
1983-08-12,17.001,766
1983-08-13,17.107,766
1983-08-14,17.226,766
1983-08-15,17.268,766
1983-08-16,17.206,766
1983-08-17,17.07,766
1983-08-18,17.034,766
1983-08-19,17.389,766
1983-08-20,18.188,766
1983-08-21,18.354,766
1983-08-22,18.332,766
1983-08-23,18.161,766
1983-08-24,18.04,766
1983-08-25,18.013,766
1983-08-26,18.038,766
1983-08-27,18.013,766
1983-08-28,17.946,766
1983-08-29,17.78,766
1983-08-30,17.935,766
1983-08-31,18.166,766
1983-09-01,18.112,766
1983-09-02,18.027,766
1983-09-03,17.937,766
1983-09-04,17.778,766
1983-09-05,17.301,766
1983-09-06,17.774,766
1983-09-07,18.016,766
1983-09-08,17.85,766
1983-09-09,17.737,766
1983-09-10,17.717,766
1983-09-11,17.703,766
1983-09-12,17.658,766
1983-09-13,17.572,766
1983-09-14,17.565,766
1983-09-15,17.425,766
1983-09-16,17.288,766
1983-09-17,17.238,766
1983-09-18,17.804,766
1983-09-19,18.301,766
1983-09-20,18.515,766
1983-09-21,18.617,766
1983-09-22,18.59,766
1983-09-23,18.479,766
1983-09-24,18.434,766
1983-09-25,18.329,766
1983-09-26,18.509,766
1983-09-27,18.514,766
1983-09-28,18.494,766
1983-09-29,18.384,766
1983-09-30,18.226,766
1983-10-01,18.061,766
1983-10-02,18.496,766
1983-10-03,18.785,766
1983-10-04,18.926,766
1983-10-05,19.008,766
1983-10-06,19.059,766
1983-10-07,19.098,766
1983-10-08,19.04,766
1983-10-09,19.014,766
1983-10-10,19.025,766
1983-10-11,18.879,766
1983-10-12,18.573,766
1983-10-13,18.114,766
1983-10-14,17.762,766
1983-10-15,17.529,766
1983-10-16,17.525,766
1983-10-17,17.339,766
1983-10-18,17.21,766
1983-10-19,17.114,766
1983-10-20,17.103,766
1983-10-21,17.271,766
1983-10-22,17.353,766
1983-10-23,17.228,766
1983-10-24,17.079,766
1983-10-25,17.234,766
1983-10-26,17.544,766
1983-10-27,17.683,766
1983-10-28,17.768,766
1983-10-29,17.646,766
1983-10-30,17.607,766
1983-10-31,17.689,766
1983-11-01,17.935,766
1983-11-02,18.115,766
1983-11-03,18.2,766
1983-11-04,18.009,766
1983-11-05,17.754,766
1983-11-06,17.746,766
1983-11-07,17.338,766
1983-11-08,16.952,766
1983-11-09,16.892,766
1983-11-10,16.955,766
1983-11-11,17.356,766
1983-11-12,17.02,766
1983-11-13,17.029,766
1983-11-14,16.989,766
1983-11-15,16.946,766
1983-11-16,16.903,766
1983-11-17,16.829,766
1983-11-18,16.74,766
1983-11-19,16.721,766
1983-11-20,16.59,766
1983-11-21,15.87,766
1983-11-22,15.805,766
1983-11-23,15.758,766
1983-11-24,15.566,766
1983-11-25,15.419,766
1983-11-26,15.439,766
1983-11-27,15.415,766
1983-11-28,15.24,766
1983-11-29,14.986,766
1983-11-30,15.138,766
1983-12-01,15.208,766
1983-12-02,15.132,766
1983-12-03,14.895,766
1983-12-04,14.698,766
1983-12-05,14.584,766
1983-12-06,14.41,766
1983-12-07,14.399,766
1983-12-08,14.407,766
1983-12-09,14.494,766
1983-12-10,14.511,766
1983-12-11,14.432,766
1983-12-12,14.442,766
1983-12-13,14.58,766
1983-12-14,14.605,766
1983-12-15,14.401,766
1983-12-16,14.249,766
1983-12-17,14.159,766
1983-12-18,14.078,766
1983-12-19,13.994,766
1983-12-20,14.058,766
1983-12-21,14.041,766
1983-12-22,13.942,766
1983-12-23,13.959,766
1983-12-24,13.899,766
1983-12-25,13.893,766
1983-12-26,13.861,766
1983-12-27,14.009,766
1983-12-28,14.085,766
1983-12-29,14.131,766
1983-12-30,14.176,766
1983-12-31,14.053,766
1984-01-01,14.018,766
1984-01-02,13.964,766
1984-01-03,14.099,766
1984-01-04,14.322,766
1984-01-05,14.447,766
1984-01-06,14.341,766
1984-01-07,14.288,766
1984-01-08,14.148,766
1984-01-09,14.048,766
1984-01-10,14.028,766
1984-01-11,14.009,766
1984-01-12,13.902,766
1984-01-13,13.76,766
1984-01-14,13.75,766
1984-01-15,13.654,766
1984-01-16,13.557,766
1984-01-17,13.528,766
1984-01-18,13.766,766
1984-01-19,13.817,766
1984-01-20,13.795,766
1984-01-21,13.757,766
1984-01-22,13.762,766
1984-01-23,13.739,766
1984-01-24,13.647,766
1984-01-25,13.535,766
1984-01-26,13.481,766
1984-01-27,13.694,766
1984-01-28,13.872,766
1984-01-29,13.79,766
1984-01-30,13.678,766
1984-01-31,13.685,766
1984-02-01,13.6,766
1984-02-02,13.564,766
1984-02-03,13.917,766
1984-02-04,14.081,766
1984-02-05,14.042,766
1984-02-06,13.938,766
1984-02-07,13.751,766
1984-02-08,13.628,766
1984-02-09,13.619,766
1984-02-10,13.567,766
1984-02-11,13.558,766
1984-02-12,13.544,766
1984-02-13,13.582,766
1984-02-14,13.597,766
1984-02-15,13.739,766
1984-02-16,13.836,766
1984-02-17,13.784,766
1984-02-18,13.634,766
1984-02-19,13.613,766
1984-02-20,13.595,766
1984-02-21,13.569,766
1984-02-22,13.499,766
1984-02-23,12.981,766
1984-02-24,12.734,766
1984-02-25,12.571,766
1984-02-26,12.511,766
1984-02-27,12.388,766
1984-02-28,12.337,766
1984-02-29,12.95,766
1984-03-01,13.406,766
1984-03-02,13.414,766
1984-03-03,13.47,766
1984-03-04,13.483,766
1984-03-05,13.297,766
1984-03-06,13.098,766
1984-03-07,12.989,766
1984-03-08,13.05,766
1984-03-09,13.233,766
1984-03-10,13.281,766
1984-03-11,13.26,766
1984-03-12,13.157,766
1984-03-13,13.19,766
1984-03-14,13.601,766
1984-03-15,13.614,766
1984-03-16,13.633,766
1984-03-17,13.416,766
1984-03-18,13.924,766
1984-03-19,14.063,766
1984-03-20,14.112,766
1984-03-21,13.542,766
1984-03-22,13.245,766
1984-03-23,13.146,766
1984-03-24,12.742,766
1984-03-25,12.88,766
1984-03-26,13.088,766
1984-03-27,13.143,766
1984-03-28,13.055,766
1984-03-29,12.782,766
1984-03-30,12.571,766
1984-03-31,12.604,766
1984-04-01,12.669,766
1984-04-02,12.572,766
1984-04-03,12.466,766
1984-04-04,12.278,766
1984-04-05,12.438,766
1984-04-06,12.484,766
1984-04-07,12.478,766
1984-04-08,12.366,766
1984-04-09,12.221,766
1984-04-10,12.318,766
1984-04-11,12.307,766
1984-04-12,12.26,766
1984-04-13,12.418,766
1984-04-14,12.865,766
1984-04-15,12.997,766
1984-04-16,12.536,766
1984-04-17,12.378,766
1984-04-18,12.464,766
1984-04-19,12.6,766
1984-04-20,12.513,766
1984-04-21,12.387,766
1984-04-22,12.248,766
1984-04-23,11.929,766
1984-04-24,11.607,766
1984-04-25,11.307,766
1984-04-26,11.171,766
1984-04-27,11.13,766
1984-04-28,10.791,766
1984-04-29,10.926,766
1984-04-30,11.108,766
1984-05-01,12.315,766
1984-05-02,12.124,766
1984-05-03,11.776,766
1984-05-04,11.536,766
1984-05-05,11.493,766
1984-05-06,11.432,766
1984-05-07,11.715,766
1984-05-08,12.133,766
1984-05-09,12.083,766
1984-05-10,11.88,766
1984-05-11,11.869,766
1984-05-12,12.01,766
1984-05-13,12.009,766
1984-05-14,11.811,766
1984-05-15,11.603,766
1984-05-16,11.509,766
1984-05-17,11.595,766
1984-05-18,11.758,766
1984-05-19,11.919,766
1984-05-20,12.203,766
1984-05-21,12.441,766
1984-05-22,12.697,766
1984-05-23,12.988,766
1984-05-24,13.077,766
1984-05-25,12.991,766
1984-05-26,13.007,766
1984-05-27,13.078,766
1984-05-28,13.165,766
1984-05-29,13.203,766
1984-05-30,13.49,766
1984-05-31,13.527,766
1984-06-01,13.481,766
1984-06-02,13.241,766
1984-06-03,13.152,766
1984-06-04,13.035,766
1984-06-05,13.56,766
1984-06-06,13.704,766
1984-06-07,13.578,766
1984-06-08,13.436,766
1984-06-09,13.328,766
1984-06-10,13.318,766
1984-06-11,13.272,766
1984-06-12,13.274,766
1984-06-13,13.537,766
1984-06-14,13.554,766
1984-06-15,13.342,766
1984-06-16,13.302,766
1984-06-17,13.344,766
1984-06-18,13.424,766
1984-06-19,13.385,766
1984-06-20,13.199,766
1984-06-21,13.167,766
1984-06-22,13.174,766
1984-06-23,13.249,766
1984-06-24,13.408,766
1984-06-25,13.589,766
1984-06-26,13.618,766
1984-06-27,12.692,766
1984-06-28,13.438,766
1984-06-29,13.75,766
1984-06-30,13.851,766
1984-07-01,13.816,766
1984-07-02,13.999,766
1984-07-03,14.158,766
1984-07-04,14.213,766
1984-07-05,14.164,766
1984-07-06,14.235,766
1984-07-07,14.294,766
1984-07-08,14.999,766
1984-07-09,15.096,766
1984-07-10,15.084,766
1984-07-11,15.068,766
1984-07-12,15.142,766
1984-07-13,15.213,766
1984-07-14,15.282,766
1984-07-15,15.669,766
1984-07-16,15.777,766
1984-07-17,15.883,766
1984-07-18,15.969,766
1984-07-19,16.099,766
1984-07-20,16.152,766
1984-07-21,16.159,766
1984-07-22,16.172,766
1984-07-23,17.407,766
1984-07-24,17.501,766
1984-07-25,17.395,766
1984-07-26,17.155,766
1984-07-27,16.928,766
1984-07-28,16.625,766
1984-07-29,16.534,766
1984-07-30,16.424,766
1984-07-31,16.204,766
1984-08-01,15.954,766
1984-08-02,15.59,766
1984-08-03,15.518,766
1984-08-04,15.428,766
1984-08-05,15.377,766
1984-08-06,15.448,766
1984-08-07,15.553,766
1984-08-08,15.636,766
1984-08-09,15.764,766
1984-08-10,15.898,766
1984-08-11,16.269,766
1984-08-12,17.274,766
1984-08-13,17.126,766
1984-08-14,16.958,766
1984-08-15,17.187,766
1984-08-16,17.533,766
1984-08-17,17.529,766
1984-08-18,17.422,766
1984-08-19,17.261,766
1984-08-20,17.123,766
1984-08-21,17.071,766
1984-08-22,17.191,766
1984-08-23,17.308,766
1984-08-24,17.255,766
1984-08-25,17.207,766
1984-08-26,17.013,766
1984-08-27,16.944,766
1984-08-28,17.612,766
1984-08-29,17.872,766
1984-08-30,17.474,766
1984-08-31,16.88,766
1984-09-01,16.679,766
1984-09-02,16.625,766
1984-09-03,16.53,766
1984-09-04,16.891,766
1984-09-05,17.051,766
1984-09-06,17.149,766
1984-09-07,17.225,766
1984-09-08,17.242,766
1984-09-09,17.234,766
1984-09-10,17.57,766
1984-09-11,17.695,766
1984-09-12,17.774,766
1984-09-13,18.164,766
1984-09-14,18.303,766
1984-09-15,18.293,766
1984-09-16,18.245,766
1984-09-17,18.584,766
1984-09-18,18.856,766
1984-09-19,18.957,766
1984-09-20,18.77,766
1984-09-21,18.252,766
1984-09-22,18.3,766
1984-09-23,18.506,766
1984-09-24,18.371,766
1984-09-25,18.323,766
1984-09-26,18.473,766
1984-09-27,18.623,766
1984-09-28,18.805,766
1984-09-29,18.892,766
1984-09-30,18.874,766
1984-10-01,18.616,766
1984-10-02,18.459,766
1984-10-03,18.188,766
1984-10-04,17.787,766
1984-10-05,17.572,766
1984-10-06,17.305,766
1984-10-07,17.471,766
1984-10-08,18.006,766
1984-10-09,17.908,766
1984-10-10,17.727,766
1984-10-11,17.28,766
1984-10-12,17.103,766
1984-10-13,16.944,766
1984-10-14,16.573,766
1984-10-15,15.985,766
1984-10-16,15.808,766
1984-10-17,15.868,766
1984-10-18,15.731,766
1984-10-19,15.163,766
1984-10-20,15.071,766
1984-10-21,14.842,766
1984-10-22,14.741,766
1984-10-23,14.755,766
1984-10-24,15.182,766
1984-10-25,15.585,766
1984-10-26,15.874,766
1984-10-27,14.792,766
1984-10-28,14.664,766
1984-10-29,14.583,766
1984-10-30,14.645,766
1984-10-31,14.794,766
1984-11-01,14.862,766
1984-11-02,14.949,766
1984-11-03,15.063,766
1984-11-04,15.091,766
1984-11-05,15.05,766
1984-11-06,15.047,766
1984-11-07,15.12,766
1984-11-08,15.201,766
1984-11-09,15.293,766
1984-11-10,15.309,766
1984-11-11,15.261,766
1984-11-12,15.04,766
1984-11-13,14.981,766
1984-11-14,14.971,766
1984-11-15,15.016,766
1984-11-16,15.34,766
1984-11-17,15.473,766
1984-11-18,15.614,766
1984-11-19,15.164,766
1984-11-20,14.869,766
1984-11-21,14.81,766
1984-11-22,14.624,766
1984-11-23,14.589,766
1984-11-24,14.615,766
1984-11-25,14.77,766
1984-11-26,14.801,766
1984-11-27,14.677,766
1984-11-28,14.479,766
1984-11-29,14.485,766
1984-11-30,14.357,766
1984-12-01,14.305,766
1984-12-02,14.308,766
1984-12-03,14.301,766
1984-12-04,14.301,766
1984-12-05,14.296,766
1984-12-06,14.288,766
1984-12-07,14.22,766
1984-12-08,14.228,766
1984-12-09,14.256,766
1984-12-10,14.335,766
1984-12-11,14.355,766
1984-12-12,14.176,766
1984-12-13,13.913,766
1984-12-14,13.73,766
1984-12-15,13.412,766
1984-12-16,13.193,766
1984-12-17,13.166,766
1984-12-18,13.15,766
1984-12-19,13.254,766
1984-12-20,13.469,766
1984-12-21,13.501,766
1984-12-22,13.236,766
1984-12-23,13.22,766
1984-12-24,13.186,766
1984-12-25,13.128,766
1984-12-26,12.966,766
1984-12-27,13.206,766
1984-12-28,13.27,766
1984-12-29,13.165,766
1984-12-30,12.956,766
1984-12-31,13.413,766
1985-01-01,13.718,766
1985-01-02,13.832,766
1985-01-03,13.793,766
1985-01-04,13.131,766
1985-01-05,13.213,766
1985-01-06,13.25,766
1985-01-07,13.307,766
1985-01-08,13.312,766
1985-01-09,13.389,766
1985-01-10,13.358,766
1985-01-11,13.256,766
1985-01-12,13.234,766
1985-01-13,13.304,766
1985-01-14,13.415,766
1985-01-15,13.214,766
1985-01-16,13.189,766
1985-01-17,13.255,766
1985-01-18,13.3,766
1985-01-19,13.254,766
1985-01-20,13.352,766
1985-01-21,13.391,766
1985-01-22,13.389,766
1985-01-23,13.369,766
1985-01-24,13.342,766
1985-01-25,13.309,766
1985-01-26,13.303,766
1985-01-27,13.27,766
1985-01-28,13.284,766
1985-01-29,13.098,766
1985-01-30,13.122,766
1985-01-31,13.051,766
1985-02-01,12.962,766
1985-02-02,12.811,766
1985-02-03,12.727,766
1985-02-04,12.793,766
1985-02-05,12.802,766
1985-02-06,12.804,766
1985-02-07,12.819,766
1985-02-08,12.814,766
1985-02-09,12.838,766
1985-02-10,12.828,766
1985-02-11,12.834,766
1985-02-12,12.848,766
1985-02-13,12.765,766
1985-02-14,12.803,766
1985-02-15,12.831,766
1985-02-16,12.849,766
1985-02-17,12.749,766
1985-02-18,12.675,766
1985-02-19,12.485,766
1985-02-20,12.392,766
1985-02-21,12.356,766
1985-02-22,12.323,766
1985-02-23,12.185,766
1985-02-24,12.32,766
1985-02-25,12.716,766
1985-02-26,12.808,766
1985-02-27,13.117,766
1985-02-28,13.11,766
1985-03-01,13.094,766
1985-03-02,12.444,766
1985-03-03,12.305,766
1985-03-04,12.24,766
1985-03-05,12.16,766
1985-03-06,12.641,766
1985-03-07,12.672,766
1985-03-08,12.692,766
1985-03-09,12.707,766
1985-03-10,12.726,766
1985-03-11,12.72,766
1985-03-12,12.746,766
1985-03-13,12.703,766
1985-03-14,12.702,766
1985-03-15,12.727,766
1985-03-16,12.276,766
1985-03-17,12.22,766
1985-03-18,12.085,766
1985-03-19,11.714,766
1985-03-20,11.734,766
1985-03-21,11.779,766
1985-03-22,11.769,766
1985-03-23,11.72,766
1985-03-24,11.715,766
1985-03-25,11.707,766
1985-03-26,11.672,766
1985-03-27,11.633,766
1985-03-28,11.544,766
1985-03-29,11.526,766
1985-03-30,11.573,766
1985-03-31,11.708,766
1985-04-01,12.216,766
1985-04-02,12.723,766
1985-04-03,12.434,766
1985-04-04,12.164,766
1985-04-05,12.092,766
1985-04-06,12.104,766
1985-04-07,12.104,766
1985-04-08,12.112,766
1985-04-09,12.123,766
1985-04-10,12.139,766
1985-04-11,12.186,766
1985-04-12,12.513,766
1985-04-13,12.851,766
1985-04-14,13.19,766
1985-04-15,13.449,766
1985-04-16,12.978,766
1985-04-17,12.717,766
1985-04-18,12.626,766
1985-04-19,12.562,766
1985-04-20,12.579,766
1985-04-21,12.525,766
1985-04-22,12.253,766
1985-04-23,12.043,766
1985-04-24,11.878,766
1985-04-25,11.732,766
1985-04-26,11.464,766
1985-04-27,11.431,766
1985-04-28,11.414,766
1985-04-29,11.789,766
1985-04-30,11.785,766
1985-05-01,11.783,766
1985-05-02,12.011,766
1985-05-03,12.018,766
1985-05-04,11.845,766
1985-05-05,11.648,766
1985-05-06,11.651,766
1985-05-07,11.831,766
1985-05-08,12.238,766
1985-05-09,12.406,766
1985-05-10,12.495,766
1985-05-11,12.252,766
1985-05-12,12.164,766
1985-05-13,12.162,766
1985-05-14,12.193,766
1985-05-15,12.225,766
1985-05-16,13.219,766
1985-05-17,12.89,766
1985-05-18,12.646,766
1985-05-19,12.187,766
1985-05-20,12.111,766
1985-05-21,12.218,766
1985-05-22,12.312,766
1985-05-23,12.355,766
1985-05-24,12.249,766
1985-05-25,12.271,766
1985-05-26,12.374,766
1985-05-27,12.92,766
1985-05-28,12.847,766
1985-05-29,12.751,766
1985-05-30,12.79,766
1985-05-31,12.973,766
1985-06-01,13.069,766
1985-06-02,13.009,766
1985-06-03,12.937,766
1985-06-04,13.102,766
1985-06-05,12.846,766
1985-06-06,12.682,766
1985-06-07,12.764,766
1985-06-08,12.873,766
1985-06-09,12.837,766
1985-06-10,12.803,766
1985-06-11,12.82,766
1985-06-12,12.933,766
1985-06-13,13.597,766
1985-06-14,13.435,766
1985-06-15,13.386,766
1985-06-16,13.362,766
1985-06-17,13.402,766
1985-06-18,13.601,766
1985-06-19,13.636,766
1985-06-20,14.084,766
1985-06-21,15.458,766
1985-06-22,15.731,766
1985-06-23,15.754,766
1985-06-24,15.668,766
1985-06-25,15.385,766
1985-06-26,15.291,766
1985-06-27,15.258,766
1985-06-28,14.931,766
1985-06-29,14.792,766
1985-06-30,15.198,766
1985-07-01,15.446,766
1985-07-02,15.64,766
1985-07-03,14.986,766
1985-07-04,14.395,766
1985-07-05,14.286,766
1985-07-06,14.276,766
1985-07-07,14.559,766
1985-07-08,14.578,766
1985-07-09,14.574,766
1985-07-10,14.544,766
1985-07-11,14.649,766
1985-07-12,14.681,766
1985-07-13,14.655,766
1985-07-14,14.603,766
1985-07-15,14.565,766
1985-07-16,14.584,766
1985-07-17,14.639,766
1985-07-18,14.803,766
1985-07-19,15.175,766
1985-07-20,15.215,766
1985-07-21,15.217,766
1985-07-22,15.122,766
1985-07-23,15.093,766
1985-07-24,15.164,766
1985-07-25,15.281,766
1985-07-26,15.427,766
1985-07-27,15.469,766
1985-07-28,15.469,766
1985-07-29,15.42,766
1985-07-30,15.327,766
1985-07-31,15.34,766
1985-08-01,15.348,766
1985-08-02,15.405,766
1985-08-03,15.56,766
1985-08-04,15.587,766
1985-08-05,15.44,766
1985-08-06,15.343,766
1985-08-07,15.025,766
1985-08-08,14.944,766
1985-08-09,14.961,766
1985-08-10,15.066,766
1985-08-11,15.198,766
1985-08-12,15.496,766
1985-08-13,16.663,766
1985-08-14,16.693,766
1985-08-15,16.672,766
1985-08-16,16.572,766
1985-08-17,16.109,766
1985-08-18,16.09,766
1985-08-19,16.084,766
1985-08-20,15.943,766
1985-08-21,15.819,766
1985-08-22,15.961,766
1985-08-23,15.795,766
1985-08-24,15.682,766
1985-08-25,15.563,766
1985-08-26,15.159,766
1985-08-27,15.319,766
1985-08-28,15.418,766
1985-08-29,15.515,766
1985-08-30,15.387,766
1985-08-31,15.417,766
1985-09-01,15.679,766
1985-09-02,15.912,766
1985-09-03,16.069,766
1985-09-04,16.105,766
1985-09-05,17.169,766
1985-09-06,17.672,766
1985-09-07,17.812,766
1985-09-08,17.687,766
1985-09-09,17.404,766
1985-09-10,17.223,766
1985-09-11,17.061,766
1985-09-12,16.942,766
1985-09-13,16.83,766
1985-09-14,16.59,766
1985-09-15,16.188,766
1985-09-16,15.919,766
1985-09-17,15.914,766
1985-09-18,16.296,766
1985-09-19,16.279,766
1985-09-20,16.227,766
1985-09-21,16.168,766
1985-09-22,16.256,766
1985-09-23,16.355,766
1985-09-24,16.526,766
1985-09-25,16.687,766
1985-09-26,17.015,766
1985-09-27,17.14,766
1985-09-28,17.204,766
1985-09-29,17.127,766
1985-09-30,17.015,766
1985-10-01,16.946,766
1985-10-02,17.449,766
1985-10-03,18.14,766
1985-10-04,18.477,766
1985-10-05,18.402,766
1985-10-06,18.155,766
1985-10-07,17.284,766
1985-10-08,16.827,766
1985-10-09,16.617,766
1985-10-10,16.528,766
1985-10-11,16.373,766
1985-10-12,16.052,766
1985-10-13,15.774,766
1985-10-14,15.78,766
1985-10-15,15.676,766
1985-10-16,15.581,766
1985-10-17,15.497,766
1985-10-18,15.499,766
1985-10-19,15.484,766
1985-10-20,15.426,766
1985-10-21,15.759,766
1985-10-22,15.712,766
1985-10-23,15.682,766
1985-10-24,15.358,766
1985-10-25,14.925,766
1985-10-26,14.828,766
1985-10-27,14.843,766
1985-10-28,14.77,766
1985-10-29,14.642,766
1985-10-30,14.304,766
1985-10-31,14.288,766
1985-11-01,14.415,766
1985-11-02,14.57,766
1985-11-03,14.632,766
1985-11-04,14.444,766
1985-11-05,14.428,766
1985-11-06,14.456,766
1985-11-07,14.509,766
1985-11-08,14.557,766
1985-11-09,14.465,766
1985-11-10,14.463,766
1985-11-11,14.383,766
1985-11-12,14.123,766
1985-11-13,14.088,766
1985-11-14,14.089,766
1985-11-15,14.117,766
1985-11-16,14.121,766
1985-11-17,13.916,766
1985-11-18,13.61,766
1985-11-19,13.458,766
1985-11-20,13.384,766
1985-11-21,13.073,766
1985-11-22,12.817,766
1985-11-23,12.583,766
1985-11-24,13.194,766
1985-11-25,13.163,766
1985-11-26,13.158,766
1985-11-27,13.175,766
1985-11-28,13.408,766
1985-11-29,13.432,766
1985-11-30,13.455,766
1985-12-01,13.4,766
1985-12-02,13.354,766
1985-12-03,13.34,766
1985-12-04,13.347,766
1985-12-05,13.316,766
1985-12-06,13.296,766
1985-12-07,13.288,766
1985-12-08,13.329,766
1985-12-09,13.318,766
1985-12-10,12.991,766
1985-12-11,12.835,766
1985-12-12,12.744,766
1985-12-13,12.728,766
1985-12-14,12.754,766
1985-12-15,12.943,766
1985-12-16,13.16,766
1985-12-17,13.296,766
1985-12-18,13.378,766
1985-12-19,13.214,766
1985-12-20,13.068,766
1985-12-21,12.986,766
1985-12-22,12.942,766
1985-12-23,12.963,766
1985-12-24,13.481,766
1985-12-25,13.53,766
1985-12-26,13.521,766
1985-12-27,13.514,766
1985-12-28,13.461,766
1985-12-29,13.421,766
1985-12-30,13.452,766
1985-12-31,13.461,766
1986-01-01,13.491,766
1986-01-02,13.479,766
1986-01-03,13.507,766
1986-01-04,13.532,766
1986-01-05,13.761,766
1986-01-06,13.766,766
1986-01-07,13.74,766
1986-01-08,13.694,766
1986-01-09,13.722,766
1986-01-10,13.867,766
1986-01-11,14.035,766
1986-01-12,14.108,766
1986-01-13,13.829,766
1986-01-14,13.927,766
1986-01-15,13.849,766
1986-01-16,13.854,766
1986-01-17,13.75,766
1986-01-18,13.722,766
1986-01-19,13.653,766
1986-01-20,13.661,766
1986-01-21,13.655,766
1986-01-22,13.621,766
1986-01-23,13.622,766
1986-01-24,13.627,766
1986-01-25,13.605,766
1986-01-26,13.657,766
1986-01-27,13.646,766
1986-01-28,13.64,766
1986-01-29,13.47,766
1986-01-30,13.928,766
1986-01-31,13.896,766
1986-02-01,13.908,766
1986-02-02,13.911,766
1986-02-03,13.839,766
1986-02-04,13.514,766
1986-02-05,13.476,766
1986-02-06,13.445,766
1986-02-07,13.355,766
1986-02-08,13.354,766
1986-02-09,13.273,766
1986-02-10,13.152,766
1986-02-11,12.963,766
1986-02-12,12.983,766
1986-02-13,13.047,766
1986-02-14,12.978,766
1986-02-15,13.012,766
1986-02-16,13.06,766
1986-02-17,13.04,766
1986-02-18,13.045,766
1986-02-19,14.22,766
1986-02-20,14.201,766
1986-02-21,14.014,766
1986-02-22,13.759,766
1986-02-23,13.687,766
1986-02-24,13.718,766
1986-02-25,13.622,766
1986-02-26,13.503,766
1986-02-27,13.428,766
1986-02-28,13.4,766
1986-03-01,13.839,766
1986-03-02,13.925,766
1986-03-03,13.949,766
1986-03-04,13.959,766
1986-03-05,13.878,766
1986-03-06,13.825,766
1986-03-07,14.121,766
1986-03-08,14.131,766
1986-03-09,14.113,766
1986-03-10,14.122,766
1986-03-11,14.114,766
1986-03-12,14.095,766
1986-03-13,13.919,766
1986-03-14,13.842,766
1986-03-15,13.782,766
1986-03-16,13.47,766
1986-03-17,13.32,766
1986-03-18,13.276,766
1986-03-19,13.345,766
1986-03-20,13.545,766
1986-03-21,13.661,766
1986-03-22,13.699,766
1986-03-23,13.646,766
1986-03-24,13.53,766
1986-03-25,13.446,766
1986-03-26,13.427,766
1986-03-27,13.43,766
1986-03-28,13.404,766
1986-03-29,13.383,766
1986-03-30,13.426,766
1986-03-31,13.507,766
1986-04-01,13.627,766
1986-04-02,13.372,766
1986-04-03,13.219,766
1986-04-04,13.026,766
1986-04-05,13.902,766
1986-04-06,14.104,766
1986-04-07,13.925,766
1986-04-08,13.669,766
1986-04-09,13.713,766
1986-04-10,13.752,766
1986-04-11,13.752,766
1986-04-12,13.401,766
1986-04-13,13.289,766
1986-04-14,13.518,766
1986-04-15,13.816,766
1986-04-16,13.71,766
1986-04-17,13.289,766
1986-04-18,13.147,766
1986-04-19,13.26,766
1986-04-20,13.69,766
1986-04-21,13.681,766
1986-04-22,13.565,766
1986-04-23,13.303,766
1986-04-24,12.877,766
1986-04-25,12.705,766
1986-04-26,12.571,766
1986-04-27,12.588,766
1986-04-28,12.514,766
1986-04-29,12.3,766
1986-04-30,12.056,766
1986-05-01,12.166,766
1986-05-02,12.646,766
1986-05-03,14.008,766
1986-05-04,13.811,766
1986-05-05,13.46,766
1986-05-06,12.862,766
1986-05-07,12.715,766
1986-05-08,12.775,766
1986-05-09,12.723,766
1986-05-10,12.607,766
1986-05-11,12.589,766
1986-05-12,12.629,766
1986-05-13,12.305,766
1986-05-14,12.3,766
1986-05-15,12.306,766
1986-05-16,12.394,766
1986-05-17,12.648,766
1986-05-18,12.957,766
1986-05-19,12.825,766
1986-05-20,12.475,766
1986-05-21,12.367,766
1986-05-22,12.224,766
1986-05-23,12.388,766
1986-05-24,12.464,766
1986-05-25,12.49,766
1986-05-26,12.476,766
1986-05-27,12.583,766
1986-05-28,12.728,766
1986-05-29,12.8,766
1986-05-30,12.869,766
1986-05-31,13.12,766
1986-06-01,13.158,766
1986-06-02,12.72,766
1986-06-03,12.984,766
1986-06-04,13.754,766
1986-06-05,13.994,766
1986-06-06,13.799,766
1986-06-07,13.466,766
1986-06-08,13.331,766
1986-06-09,13.312,766
1986-06-10,13.35,766
1986-06-11,14.087,766
1986-06-12,14.174,766
1986-06-13,14.403,766
1986-06-14,14.45,766
1986-06-15,14.399,766
1986-06-16,14.909,766
1986-06-17,15.002,766
1986-06-18,14.36,766
1986-06-19,13.874,766
1986-06-20,13.662,766
1986-06-21,13.588,766
1986-06-22,13.687,766
1986-06-23,13.781,766
1986-06-24,13.841,766
1986-06-25,13.91,766
1986-06-26,14.01,766
1986-06-27,13.779,766
1986-06-28,13.772,766
1986-06-29,13.758,766
1986-06-30,13.716,766
1986-07-01,13.59,766
1986-07-02,13.754,766
1986-07-03,13.776,766
1986-07-04,13.789,766
1986-07-05,13.841,766
1986-07-06,13.993,766
1986-07-07,14.22,766
1986-07-08,14.422,766
1986-07-09,14.615,766
1986-07-10,14.605,766
1986-07-11,14.653,766
1986-07-12,14.739,766
1986-07-13,14.806,766
1986-07-14,14.79,766
1986-07-15,15.279,766
1986-07-16,15.226,766
1986-07-17,14.985,766
1986-07-18,14.609,766
1986-07-19,14.442,766
1986-07-20,14.151,766
1986-07-21,14.334,766
1986-07-22,14.567,766
1986-07-23,15.103,766
1986-07-24,15.28,766
1986-07-25,15.316,766
1986-07-26,15.356,766
1986-07-27,15.383,766
1986-07-28,15.286,766
1986-07-29,15.139,766
1986-07-30,15.071,766
1986-07-31,15.087,766
1986-08-01,15.185,766
1986-08-02,15.245,766
1986-08-03,15.284,766
1986-08-04,15.317,766
1986-08-05,15.355,766
1986-08-06,15.332,766
1986-08-07,15.185,766
1986-08-08,15.156,766
1986-08-09,15.226,766
1986-08-10,15.321,766
1986-08-11,15.323,766
1986-08-12,15.377,766
1986-08-13,15.384,766
1986-08-14,15.435,766
1986-08-15,15.534,766
1986-08-16,15.486,766
1986-08-17,15.725,766
1986-08-18,15.741,766
1986-08-19,15.819,766
1986-08-20,15.702,766
1986-08-21,15.704,766
1986-08-22,15.578,766
1986-08-23,15.337,766
1986-08-24,15.245,766
1986-08-25,15.19,766
1986-08-26,15.025,766
1986-08-27,14.239,766
1986-08-28,14.22,766
1986-08-29,14.284,766
1986-08-30,14.402,766
1986-08-31,14.569,766
1986-09-01,14.904,766
1986-09-02,15.07,766
1986-09-03,15.239,766
1986-09-04,15.312,766
1986-09-05,15.375,766
1986-09-06,15.406,766
1986-09-07,15.308,766
1986-09-08,15.16,766
1986-09-09,15.063,766
1986-09-10,15.01,766
1986-09-11,15.68,766
1986-09-12,15.927,766
1986-09-13,15.983,766
1986-09-14,15.934,766
1986-09-15,16.053,766
1986-09-16,16.163,766
1986-09-17,16.188,766
1986-09-18,16.164,766
1986-09-19,16.034,766
1986-09-20,15.834,766
1986-09-21,15.815,766
1986-09-22,15.909,766
1986-09-23,15.929,766
1986-09-24,16.045,766
1986-09-25,15.855,766
1986-09-26,15.709,766
1986-09-27,15.896,766
1986-09-28,15.925,766
1986-09-29,15.807,766
1986-09-30,15.665,766
1986-10-01,15.543,766
1986-10-02,15.611,766
1986-10-03,15.761,766
1986-10-04,15.878,766
1986-10-05,15.743,766
1986-10-06,15.49,766
1986-10-07,15.387,766
1986-10-08,15.392,766
1986-10-09,15.439,766
1986-10-10,15.51,766
1986-10-11,16.085,766
1986-10-12,16.073,766
1986-10-13,16.077,766
1986-10-14,16.132,766
1986-10-15,16.298,766
1986-10-16,16.125,766
1986-10-17,15.895,766
1986-10-18,15.69,766
1986-10-19,15.573,766
1986-10-20,15.583,766
1986-10-21,15.61,766
1986-10-22,15.771,766
1986-10-23,16.164,766
1986-10-24,15.993,766
1986-10-25,15.899,766
1986-10-26,15.945,766
1986-10-27,16.117,766
1986-10-28,15.967,766
1986-10-29,15.857,766
1986-10-30,15.742,766
1986-10-31,15.678,766
1986-11-01,15.701,766
1986-11-02,15.768,766
1986-11-03,15.751,766
1986-11-04,15.748,766
1986-11-05,15.919,766
1986-11-06,15.8,766
1986-11-07,15.514,766
1986-11-08,15.125,766
1986-11-09,15.026,766
1986-11-10,15.141,766
1986-11-11,15.363,766
1986-11-12,15.328,766
1986-11-13,15.295,766
1986-11-14,15.293,766
1986-11-15,15.27,766
1986-11-16,15.235,766
1986-11-17,15.268,766
1986-11-18,15.458,766
1986-11-19,15.901,766
1986-11-20,15.919,766
1986-11-21,15.639,766
1986-11-22,15.423,766
1986-11-23,15.324,766
1986-11-24,15.25,766
1986-11-25,15.172,766
1986-11-26,15.093,766
1986-11-27,15.024,766
1986-11-28,14.843,766
1986-11-29,14.925,766
1986-11-30,14.912,766
1986-12-01,14.883,766
1986-12-02,14.946,766
1986-12-03,14.97,766
1986-12-04,14.977,766
1986-12-05,14.969,766
1986-12-06,15.222,766
1986-12-07,15.345,766
1986-12-08,15.349,766
1986-12-09,15.137,766
1986-12-10,14.933,766
1986-12-11,14.848,766
1986-12-12,14.817,766
1986-12-13,14.863,766
1986-12-14,15.3,766
1986-12-15,15.288,766
1986-12-16,15.498,766
1986-12-17,15.671,766
1986-12-18,15.607,766
1986-12-19,15.366,766
1986-12-20,15.323,766
1986-12-21,15.279,766
1986-12-22,15.057,766
1986-12-23,15.1,766
1986-12-24,15.105,766
1986-12-25,15.022,766
1986-12-26,14.778,766
1986-12-27,14.706,766
1986-12-28,14.754,766
1986-12-29,14.779,766
1986-12-30,14.816,766
1986-12-31,14.759,766
1987-01-01,14.719,766
1987-01-02,14.592,766
1987-01-03,14.531,766
1987-01-04,14.436,766
1987-01-05,14.396,766
1987-01-06,14.534,766
1987-01-07,14.409,766
1987-01-08,14.325,766
1987-01-09,14.191,766
1987-01-10,14.094,766
1987-01-11,14.06,766
1987-01-12,14.021,766
1987-01-13,13.83,766
1987-01-14,13.58,766
1987-01-15,13.411,766
1987-01-16,13.128,766
1987-01-17,13.015,766
1987-01-18,13.078,766
1987-01-19,13.129,766
1987-01-20,13.051,766
1987-01-21,12.943,766
1987-01-22,12.916,766
1987-01-23,12.941,766
1987-01-24,13.311,766
1987-01-25,13.006,766
1987-01-26,12.742,766
1987-01-27,12.587,766
1987-01-28,13.01,766
1987-01-29,13.061,766
1987-01-30,13.187,766
1987-01-31,13.191,766
1987-02-01,13.182,766
1987-02-02,13.207,766
1987-02-03,13.416,766
1987-02-04,13.284,766
1987-02-05,13.282,766
1987-02-06,13.322,766
1987-02-07,13.309,766
1987-02-08,13.195,766
1987-02-09,13.217,766
1987-02-10,13.577,766
1987-02-11,13.69,766
1987-02-12,13.696,766
1987-02-13,13.637,766
1987-02-14,13.704,766
1987-02-15,13.696,766
1987-02-16,13.581,766
1987-02-17,13.472,766
1987-02-18,13.359,766
1987-02-19,13.24,766
1987-02-20,13.13,766
1987-02-21,13.2,766
1987-02-22,13.249,766
1987-02-23,13.234,766
1987-02-24,13.091,766
1987-02-25,13.18,766
1987-02-26,12.799,766
1987-02-27,12.659,766
1987-02-28,12.391,766
1987-03-01,12.113,766
1987-03-02,12.06,766
1987-03-03,12.18,766
1987-03-04,12.295,766
1987-03-05,12.602,766
1987-03-06,13.108,766
1987-03-07,13.132,766
1987-03-08,13.2,766
1987-03-09,13.253,766
1987-03-10,13.241,766
1987-03-11,13.195,766
1987-03-12,13.456,766
1987-03-13,13.386,766
1987-03-14,13.284,766
1987-03-15,12.726,766
1987-03-16,12.819,766
1987-03-17,12.808,766
1987-03-18,12.769,766
1987-03-19,12.576,766
1987-03-20,12.491,766
1987-03-21,12.317,766
1987-03-22,12.253,766
1987-03-23,12.357,766
1987-03-24,12.279,766
1987-03-25,12.208,766
1987-03-26,12.234,766
1987-03-27,12.298,766
1987-03-28,12.36,766
1987-03-29,12.35,766
1987-03-30,12.443,766
1987-03-31,12.599,766
1987-04-01,12.917,766
1987-04-02,13.057,766
1987-04-03,12.975,766
1987-04-04,12.885,766
1987-04-05,12.762,766
1987-04-06,12.456,766
1987-04-07,12.274,766
1987-04-08,12.381,766
1987-04-09,12.536,766
1987-04-10,12.527,766
1987-04-11,12.206,766
1987-04-12,11.912,766
1987-04-13,11.889,766
1987-04-14,11.993,766
1987-04-15,12.06,766
1987-04-16,12.167,766
1987-04-17,12.345,766
1987-04-18,12.181,766
1987-04-19,12.008,766
1987-04-20,11.978,766
1987-04-21,12.063,766
1987-04-22,12.281,766
1987-04-23,12.511,766
1987-04-24,12.541,766
1987-04-25,12.486,766
1987-04-26,12.522,766
1987-04-27,12.488,766
1987-04-28,12.397,766
1987-04-29,13.141,766
1987-04-30,13.294,766
1987-05-01,13.017,766
1987-05-02,12.729,766
1987-05-03,12.596,766
1987-05-04,12.742,766
1987-05-05,12.949,766
1987-05-06,13.198,766
1987-05-07,13.279,766
1987-05-08,13.352,766
1987-05-09,13.369,766
1987-05-10,13.325,766
1987-05-11,13.326,766
1987-05-12,13.067,766
1987-05-13,13.052,766
1987-05-14,13.164,766
1987-05-15,13.4,766
1987-05-16,13.443,766
1987-05-17,13.458,766
1987-05-18,13.499,766
1987-05-19,13.514,766
1987-05-20,14.084,766
1987-05-21,14.142,766
1987-05-22,14.092,766
1987-05-23,13.959,766
1987-05-24,13.749,766
1987-05-25,13.759,766
1987-05-26,13.949,766
1987-05-27,13.971,766
1987-05-28,13.961,766
1987-05-29,13.443,766
1987-05-30,13.398,766
1987-05-31,13.382,766
1987-06-01,13.313,766
1987-06-02,13.156,766
1987-06-03,12.952,766
1987-06-04,13.03,766
1987-06-05,12.946,766
1987-06-06,12.986,766
1987-06-07,13.129,766
1987-06-08,13.117,766
1987-06-09,13.106,766
1987-06-10,13.12,766
1987-06-11,13.28,766
1987-06-12,13.384,766
1987-06-13,13.497,766
1987-06-14,13.639,766
1987-06-15,14.054,766
1987-06-16,13.974,766
1987-06-17,13.854,766
1987-06-18,13.7,766
1987-06-19,13.338,766
1987-06-20,13.224,766
1987-06-21,13.08,766
1987-06-22,13.023,766
1987-06-23,13.031,766
1987-06-24,13.094,766
1987-06-25,13.214,766
1987-06-26,13.421,766
1987-06-27,13.648,766
1987-06-28,13.815,766
1987-06-29,13.968,766
1987-06-30,13.995,766
1987-07-01,14.057,766
1987-07-02,14.296,766
1987-07-03,14.229,766
1987-07-04,14.171,766
1987-07-05,14.121,766
1987-07-06,14.082,766
1987-07-07,14.046,766
1987-07-08,14.065,766
1987-07-09,14.005,766
1987-07-10,14.132,766
1987-07-11,14.292,766
1987-07-12,14.508,766
1987-07-13,14.553,766
1987-07-14,14.526,766
1987-07-15,14.438,766
1987-07-16,14.962,766
1987-07-17,14.944,766
1987-07-18,14.844,766
1987-07-19,14.734,766
1987-07-20,14.617,766
1987-07-21,15.741,766
1987-07-22,15.636,766
1987-07-23,15.555,766
1987-07-24,15.12,766
1987-07-25,14.714,766
1987-07-26,14.616,766
1987-07-27,14.422,766
1987-07-28,14.238,766
1987-07-29,14.017,766
1987-07-30,13.867,766
1987-07-31,13.852,766
1987-08-01,13.858,766
1987-08-02,13.958,766
1987-08-03,14.049,766
1987-08-04,14.173,766
1987-08-05,14.341,766
1987-08-06,14.424,766
1987-08-07,14.475,766
1987-08-08,14.919,766
1987-08-09,15.088,766
1987-08-10,15.169,766
1987-08-11,15.321,766
1987-08-12,15.438,766
1987-08-13,15.467,766
1987-08-14,15.44,766
1987-08-15,15.472,766
1987-08-16,15.487,766
1987-08-17,15.548,766
1987-08-18,16.037,766
1987-08-19,16.114,766
1987-08-20,16.221,766
1987-08-21,16.351,766
1987-08-22,16.837,766
1987-08-23,16.845,766
1987-08-24,16.8,766
1987-08-25,16.697,766
1987-08-26,16.496,766
1987-08-27,16.336,766
1987-08-28,16.24,766
1987-08-29,16.171,766
1987-08-30,16.163,766
1987-08-31,16.096,766
1987-09-01,16.13,766
1987-09-02,16.107,766
1987-09-03,16.354,766
1987-09-04,16.372,766
1987-09-05,16.4,766
1987-09-06,16.573,766
1987-09-07,16.451,766
1987-09-08,16.381,766
1987-09-09,16.232,766
1987-09-10,16.18,766
1987-09-11,16.12,766
1987-09-12,16.099,766
1987-09-13,16.264,766
1987-09-14,16.191,766
1987-09-15,16.08,766
1987-09-16,15.844,766
1987-09-17,15.824,766
1987-09-18,15.909,766
1987-09-19,16.121,766
1987-09-20,16.148,766
1987-09-21,16.187,766
1987-09-22,16.32,766
1987-09-23,16.121,766
1987-09-24,16.081,766
1987-09-25,16.086,766
1987-09-26,16.049,766
1987-09-27,16.105,766
1987-09-28,16.142,766
1987-09-29,16.207,766
1987-09-30,16.252,766
1987-10-01,16.186,766
1987-10-02,16.146,766
1987-10-03,16.474,766
1987-10-04,16.724,766
1987-10-05,17.048,766
1987-10-06,17.289,766
1987-10-07,17.45,766
1987-10-08,17.248,766
1987-10-09,17.371,766
1987-10-10,17.332,766
1987-10-11,17.163,766
1987-10-12,16.83,766
1987-10-13,16.643,766
1987-10-14,16.47,766
1987-10-15,16.446,766
1987-10-16,16.398,766
1987-10-17,16.492,766
1987-10-18,16.508,766
1987-10-19,16.515,766
1987-10-20,16.449,766
1987-10-21,16.423,766
1987-10-22,16.416,766
1987-10-23,16.568,766
1987-10-24,17.366,766
1987-10-25,17.414,766
1987-10-26,17.412,766
1987-10-27,17.3,766
1987-10-28,17.821,766
1987-10-29,17.884,766
1987-10-30,17.869,766
1987-10-31,17.136,766
1987-11-01,16.761,766
1987-11-02,16.504,766
1987-11-03,16.457,766
1987-11-04,16.467,766
1987-11-05,16.432,766
1987-11-06,16.898,766
1987-11-07,16.8,766
1987-11-08,16.726,766
1987-11-09,16.611,766
1987-11-10,16.608,766
1987-11-11,16.622,766
1987-11-12,16.64,766
1987-11-13,16.159,766
1987-11-14,16.049,766
1987-11-15,15.957,766
1987-11-16,15.84,766
1987-11-17,15.798,766
1987-11-18,16.052,766
1987-11-19,16.089,766
1987-11-20,15.917,766
1987-11-21,15.459,766
1987-11-22,15.375,766
1987-11-23,15.272,766
1987-11-24,15.099,766
1987-11-25,14.85,766
1987-11-26,14.631,766
1987-11-27,14.558,766
1987-11-28,14.483,766
1987-11-29,14.395,766
1987-11-30,14.433,766
1987-12-01,14.514,766
1987-12-02,14.64,766
1987-12-03,14.617,766
1987-12-04,14.586,766
1987-12-05,14.882,766
1987-12-06,14.829,766
1987-12-07,14.804,766
1987-12-08,14.706,766
1987-12-09,14.871,766
1987-12-10,14.931,766
1987-12-11,14.753,766
1987-12-12,14.356,766
1987-12-13,14.155,766
1987-12-14,14.029,766
1987-12-15,13.955,766
1987-12-16,13.871,766
1987-12-17,13.609,766
1987-12-18,13.47,766
1987-12-19,13.423,766
1987-12-20,13.422,766
1987-12-21,13.356,766
1987-12-22,13.375,766
1987-12-23,13.326,766
1987-12-24,13.175,766
1987-12-25,12.982,766
1987-12-26,12.899,766
1987-12-27,12.842,766
1987-12-28,12.862,766
1987-12-29,12.889,766
1987-12-30,12.912,766
1987-12-31,12.947,766
1988-01-01,12.993,766
1988-01-02,12.983,766
1988-01-03,13.022,766
1988-01-04,12.825,766
1988-01-05,12.965,766
1988-01-06,12.988,766
1988-01-07,13.022,766
1988-01-08,13.412,766
1988-01-09,13.572,766
1988-01-10,13.576,766
1988-01-11,12.887,766
1988-01-12,12.803,766
1988-01-13,12.745,766
1988-01-14,12.754,766
1988-01-15,12.739,766
1988-01-16,12.708,766
1988-01-17,12.624,766
1988-01-18,12.504,766
1988-01-19,12.449,766
1988-01-20,12.323,766
1988-01-21,12.184,766
1988-01-22,12.127,766
1988-01-23,12.279,766
1988-01-24,12.384,766
1988-01-25,12.431,766
1988-01-26,12.447,766
1988-01-27,12.431,766
1988-01-28,12.523,766
1988-01-29,12.556,766
1988-01-30,12.468,766
1988-01-31,12.427,766
1988-02-01,12.465,766
1988-02-02,12.396,766
1988-02-03,12.383,766
1988-02-04,12.394,766
1988-02-05,12.42,766
1988-02-06,12.497,766
1988-02-07,12.667,766
1988-02-08,12.669,766
1988-02-09,12.623,766
1988-02-10,12.57,766
1988-02-11,12.564,766
1988-02-12,12.669,766
1988-02-13,12.83,766
1988-02-14,12.944,766
1988-02-15,13.047,766
1988-02-16,13.106,766
1988-02-17,13.024,766
1988-02-18,12.93,766
1988-02-19,12.89,766
1988-02-20,12.872,766
1988-02-21,12.917,766
1988-02-22,12.921,766
1988-02-23,12.928,766
1988-02-24,13.037,766
1988-02-25,13.074,766
1988-02-26,13.141,766
1988-02-27,13.421,766
1988-02-28,13.429,766
1988-02-29,13.41,766
1988-03-01,13.171,766
1988-03-02,13.027,766
1988-03-03,13.002,766
1988-03-04,12.988,766
1988-03-05,13.444,766
1988-03-06,13.046,766
1988-03-07,13.017,766
1988-03-08,13.095,766
1988-03-09,13.161,766
1988-03-10,13.162,766
1988-03-11,13.114,766
1988-03-12,13.265,766
1988-03-13,13.414,766
1988-03-14,13.403,766
1988-03-15,13.1,766
1988-03-16,12.724,766
1988-03-17,12.875,766
1988-03-18,13.008,766
1988-03-19,13.113,766
1988-03-20,13.052,766
1988-03-21,12.947,766
1988-03-22,13.085,766
1988-03-23,13.273,766
1988-03-24,13.275,766
1988-03-25,13.228,766
1988-03-26,13.138,766
1988-03-27,12.958,766
1988-03-28,12.857,766
1988-03-29,12.791,766
1988-03-30,12.653,766
1988-03-31,12.535,766
1988-04-01,12.701,766
1988-04-02,13.062,766
1988-04-03,13.059,766
1988-04-04,13.041,766
1988-04-05,13.051,766
1988-04-06,13.012,766
1988-04-07,12.979,766
1988-04-08,12.924,766
1988-04-09,12.873,766
1988-04-10,12.786,766
1988-04-11,12.845,766
1988-04-12,12.897,766
1988-04-13,13.02,766
1988-04-14,13.348,766
1988-04-15,13.451,766
1988-04-16,13.588,766
1988-04-17,13.6,766
1988-04-18,13.567,766
1988-04-19,13.533,766
1988-04-20,13.578,766
1988-04-21,13.59,766
1988-04-22,13.604,766
1988-04-23,13.706,766
1988-04-24,13.542,766
1988-04-25,13.393,766
1988-04-26,13.213,766
1988-04-27,13.261,766
1988-04-28,14.261,766
1988-04-29,14.043,766
1988-04-30,13.692,766
1988-05-01,12.923,766
1988-05-02,12.737,766
1988-05-03,12.555,766
1988-05-04,12.172,766
1988-05-05,12.229,766
1988-05-06,12.419,766
1988-05-07,12.499,766
1988-05-08,12.583,766
1988-05-09,12.4,766
1988-05-10,12.661,766
1988-05-11,12.93,766
1988-05-12,13.019,766
1988-05-13,12.846,766
1988-05-14,12.574,766
1988-05-15,12.43,766
1988-05-16,12.457,766
1988-05-17,12.49,766
1988-05-18,12.388,766
1988-05-19,12.342,766
1988-05-20,12.525,766
1988-05-21,12.63,766
1988-05-22,12.62,766
1988-05-23,12.546,766
1988-05-24,12.529,766
1988-05-25,12.562,766
1988-05-26,12.658,766
1988-05-27,12.731,766
1988-05-28,12.887,766
1988-05-29,12.674,766
1988-05-30,12.646,766
1988-05-31,12.574,766
1988-06-01,12.667,766
1988-06-02,12.713,766
1988-06-03,12.719,766
1988-06-04,12.692,766
1988-06-05,12.751,766
1988-06-06,12.94,766
1988-06-07,13.508,766
1988-06-08,13.464,766
1988-06-09,13.433,766
1988-06-10,13.386,766
1988-06-11,13.281,766
1988-06-12,12.889,766
1988-06-13,12.808,766
1988-06-14,12.835,766
1988-06-15,12.876,766
1988-06-16,12.973,766
1988-06-17,12.687,766
1988-06-18,12.644,766
1988-06-19,12.708,766
1988-06-20,12.932,766
1988-06-21,13.024,766
1988-06-22,13.183,766
1988-06-23,13.265,766
1988-06-24,13.451,766
1988-06-25,13.645,766
1988-06-26,13.683,766
1988-06-27,13.464,766
1988-06-28,13.066,766
1988-06-29,12.635,766
1988-06-30,12.535,766
1988-07-01,12.412,766
1988-07-02,12.239,766
1988-07-03,12.398,766
1988-07-04,13.401,766
1988-07-05,13.557,766
1988-07-06,13.616,766
1988-07-07,13.671,766
1988-07-08,13.792,766
1988-07-09,13.701,766
1988-07-10,13.928,766
1988-07-11,14.019,766
1988-07-12,14.053,766
1988-07-13,13.993,766
1988-07-14,13.846,766
1988-07-15,13.769,766
1988-07-16,13.769,766
1988-07-17,13.851,766
1988-07-18,14.132,766
1988-07-19,14.403,766
1988-07-20,14.67,766
1988-07-21,15.044,766
1988-07-22,15.275,766
1988-07-23,15.38,766
1988-07-24,15.381,766
1988-07-25,15.405,766
1988-07-26,15.448,766
1988-07-27,15.552,766
1988-07-28,15.627,766
1988-07-29,15.578,766
1988-07-30,15.595,766
1988-07-31,15.781,766
1988-08-01,15.953,766
1988-08-02,16.045,766
1988-08-03,17.066,766
1988-08-04,17.142,766
1988-08-05,17.15,766
1988-08-06,16.981,766
1988-08-07,16.853,766
1988-08-08,16.684,766
1988-08-09,16.602,766
1988-08-10,16.629,766
1988-08-11,16.626,766
1988-08-12,16.337,766
1988-08-13,16.191,766
1988-08-14,16.113,766
1988-08-15,15.885,766
1988-08-16,15.484,766
1988-08-17,15.269,766
1988-08-18,15.209,766
1988-08-19,15.172,766
1988-08-20,15.364,766
1988-08-21,15.893,766
1988-08-22,15.915,766
1988-08-23,15.937,766
1988-08-24,16.014,766
1988-08-25,16.617,766
1988-08-26,16.923,766
1988-08-27,16.954,766
1988-08-28,16.834,766
1988-08-29,16.742,766
1988-08-30,16.644,766
1988-08-31,16.512,766
1988-09-01,15.889,766
1988-09-02,15.277,766
1988-09-03,15.044,766
1988-09-04,14.857,766
1988-09-05,14.668,766
1988-09-06,14.87,766
1988-09-07,14.858,766
1988-09-08,14.934,766
1988-09-09,14.959,766
1988-09-10,15.08,766
1988-09-11,15.218,766
1988-09-12,15.504,766
1988-09-13,15.697,766
1988-09-14,15.902,766
1988-09-15,15.907,766
1988-09-16,15.751,766
1988-09-17,15.703,766
1988-09-18,15.702,766
1988-09-19,15.745,766
1988-09-20,15.8,766
1988-09-21,15.647,766
1988-09-22,15.709,766
1988-09-23,15.77,766
1988-09-24,15.994,766
1988-09-25,16.009,766
1988-09-26,15.627,766
1988-09-27,15.577,766
1988-09-28,15.533,766
1988-09-29,15.408,766
1988-09-30,15.421,766
1988-10-01,15.442,766
1988-10-02,15.415,766
1988-10-03,15.225,766
1988-10-04,15.251,766
1988-10-05,15.29,766
1988-10-06,15.363,766
1988-10-07,15.417,766
1988-10-08,15.309,766
1988-10-09,15.324,766
1988-10-10,15.35,766
1988-10-11,15.404,766
1988-10-12,15.428,766
1988-10-13,15.84,766
1988-10-14,15.534,766
1988-10-15,15.479,766
1988-10-16,15.532,766
1988-10-17,15.634,766
1988-10-18,15.717,766
1988-10-19,15.612,766
1988-10-20,15.692,766
1988-10-21,15.737,766
1988-10-22,15.744,766
1988-10-23,15.79,766
1988-10-24,15.82,766
1988-10-25,15.788,766
1988-10-26,15.667,766
1988-10-27,15.571,766
1988-10-28,15.521,766
1988-10-29,15.525,766
1988-10-30,15.364,766
1988-10-31,15.258,766
1988-11-01,15.14,766
1988-11-02,15.211,766
1988-11-03,15.423,766
1988-11-04,15.497,766
1988-11-05,15.416,766
1988-11-06,15.258,766
1988-11-07,15.058,766
1988-11-08,14.901,766
1988-11-09,14.959,766
1988-11-10,15.186,766
1988-11-11,14.818,766
1988-11-12,14.686,766
1988-11-13,14.628,766
1988-11-14,14.597,766
1988-11-15,14.494,766
1988-11-16,14.353,766
1988-11-17,14.046,766
1988-11-18,13.815,766
1988-11-19,13.855,766
1988-11-20,13.527,766
1988-11-21,13.468,766
1988-11-22,13.483,766
1988-11-23,13.617,766
1988-11-24,13.565,766
1988-11-25,13.585,766
1988-11-26,13.522,766
1988-11-27,13.475,766
1988-11-28,13.413,766
1988-11-29,13.464,766
1988-11-30,13.492,766
1988-12-01,13.41,766
1988-12-02,13.752,766
1988-12-03,14.334,766
1988-12-04,14.136,766
1988-12-05,13.817,766
1988-12-06,13.649,766
1988-12-07,13.557,766
1988-12-08,13.559,766
1988-12-09,13.515,766
1988-12-10,13.479,766
1988-12-11,13.55,766
1988-12-12,13.58,766
1988-12-13,13.629,766
1988-12-14,13.241,766
1988-12-15,13.143,766
1988-12-16,13.204,766
1988-12-17,13.366,766
1988-12-18,13.404,766
1988-12-19,13.374,766
1988-12-20,12.863,766
1988-12-21,12.778,766
1988-12-22,12.837,766
1988-12-23,12.919,766
1988-12-24,12.908,766
1988-12-25,12.767,766
1988-12-26,12.722,766
1988-12-27,12.682,766
1988-12-28,12.457,766
1988-12-29,12.309,766
1988-12-30,12.25,766
1988-12-31,12.387,766
1989-01-01,12.386,766
1989-01-02,12.497,766
1989-01-03,12.65,766
1989-01-04,12.75,766
1989-01-05,12.703,766
1989-01-06,12.335,766
1989-01-07,12.24,766
1989-01-08,12.113,766
1989-01-09,12.027,766
1989-01-10,11.998,766
1989-01-11,11.93,766
1989-01-12,11.851,766
1989-01-13,11.806,766
1989-01-14,11.789,766
1989-01-15,11.75,766
1989-01-16,11.717,766
1989-01-17,11.76,766
1989-01-18,11.923,766
1989-01-19,12.234,766
1989-01-20,12.512,766
1989-01-21,12.399,766
1989-01-22,12.355,766
1989-01-23,11.738,766
1989-01-24,11.7,766
1989-01-25,11.825,766
1989-01-26,11.942,766
1989-01-27,11.949,766
1989-01-28,11.809,766
1989-01-29,11.94,766
1989-01-30,11.939,766
1989-01-31,11.94,766
1989-02-01,11.99,766
1989-02-02,12.101,766
1989-02-03,12.113,766
1989-02-04,11.713,766
1989-02-05,11.56,766
1989-02-06,11.492,766
1989-02-07,11.436,766
1989-02-08,11.678,766
1989-02-09,11.468,766
1989-02-10,11.398,766
1989-02-11,11.418,766
1989-02-12,11.521,766
1989-02-13,11.459,766
1989-02-14,11.461,766
1989-02-15,11.482,766
1989-02-16,11.537,766
1989-02-17,11.352,766
1989-02-18,11.421,766
1989-02-19,11.499,766
1989-02-20,11.653,766
1989-02-21,11.763,766
1989-02-22,11.826,766
1989-02-23,11.715,766
1989-02-24,12.034,766
1989-02-25,12.098,766
1989-02-26,11.91,766
1989-02-27,11.724,766
1989-02-28,11.714,766
1989-03-01,11.725,766
1989-03-02,11.566,766
1989-03-03,11.523,766
1989-03-04,11.882,766
1989-03-05,12.238,766
1989-03-06,12.374,766
1989-03-07,12.232,766
1989-03-08,12.35,766
1989-03-09,12.402,766
1989-03-10,12.43,766
1989-03-11,12.47,766
1989-03-12,12.371,766
1989-03-13,12.109,766
1989-03-14,11.906,766
1989-03-15,11.81,766
1989-03-16,11.827,766
1989-03-17,12.104,766
1989-03-18,12.28,766
1989-03-19,12.276,766
1989-03-20,12.308,766
1989-03-21,12.327,766
1989-03-22,12.304,766
1989-03-23,12.275,766
1989-03-24,12.326,766
1989-03-25,12.3,766
1989-03-26,12.295,766
1989-03-27,12.453,766
1989-03-28,12.559,766
1989-03-29,12.336,766
1989-03-30,12.07,766
1989-03-31,11.974,766
1989-04-01,11.918,766
1989-04-02,12.127,766
1989-04-03,12.273,766
1989-04-04,12.287,766
1989-04-05,12.433,766
1989-04-06,13.304,766
1989-04-07,13.727,766
1989-04-08,13.694,766
1989-04-09,13.654,766
1989-04-10,13.947,766
1989-04-11,13.824,766
1989-04-12,13.792,766
1989-04-13,13.932,766
1989-04-14,14.063,766
1989-04-15,13.993,766
1989-04-16,14.174,766
1989-04-17,14.018,766
1989-04-18,14.009,766
1989-04-19,13.99,766
1989-04-20,14.422,766
1989-04-21,14.181,766
1989-04-22,13.942,766
1989-04-23,13.749,766
1989-04-24,13.955,766
1989-04-25,14.49,766
1989-04-26,14.287,766
1989-04-27,13.806,766
1989-04-28,13.524,766
1989-04-29,13.462,766
1989-04-30,13.86,766
1989-05-01,13.845,766
1989-05-02,13.695,766
1989-05-03,13.461,766
1989-05-04,13.267,766
1989-05-05,13.148,766
1989-05-06,13.221,766
1989-05-07,13.204,766
1989-05-08,13.049,766
1989-05-09,13.414,766
1989-05-10,13.441,766
1989-05-11,13.102,766
1989-05-12,12.789,766
1989-05-13,12.74,766
1989-05-14,12.834,766
1989-05-15,12.88,766
1989-05-16,12.887,766
1989-05-17,12.873,766
1989-05-18,12.613,766
1989-05-19,12.51,766
1989-05-20,12.329,766
1989-05-21,12.21,766
1989-05-22,12.466,766
1989-05-23,12.764,766
1989-05-24,12.591,766
1989-05-25,12.276,766
1989-05-26,12.167,766
1989-05-27,12.147,766
1989-05-28,12.075,766
1989-05-29,11.975,766
1989-05-30,11.882,766
1989-05-31,11.796,766
1989-06-01,11.936,766
1989-06-02,12.098,766
1989-06-03,12.347,766
1989-06-04,12.614,766
1989-06-05,12.872,766
1989-06-06,13.019,766
1989-06-07,12.954,766
1989-06-08,12.807,766
1989-06-09,12.726,766
1989-06-10,12.697,766
1989-06-11,12.261,766
1989-06-12,12.278,766
1989-06-13,12.205,766
1989-06-14,12.179,766
1989-06-15,12.449,766
1989-06-16,12.581,766
1989-06-17,12.506,766
1989-06-18,12.415,766
1989-06-19,12.32,766
1989-06-20,12.492,766
1989-06-21,13.061,766
1989-06-22,13.703,766
1989-06-23,14.014,766
1989-06-24,14.678,766
1989-06-25,15.391,766
1989-06-26,15.523,766
1989-06-27,15.571,766
1989-06-28,16.448,766
1989-06-29,16.237,766
1989-06-30,15.527,766
1989-07-01,14.733,766
1989-07-02,14.309,766
1989-07-03,14.064,766
1989-07-04,13.815,766
1989-07-05,13.604,766
1989-07-06,13.529,766
1989-07-07,13.761,766
1989-07-08,14.038,766
1989-07-09,14.177,766
1989-07-10,14.173,766
1989-07-11,14.247,766
1989-07-12,14.555,766
1989-07-13,14.326,766
1989-07-14,14.141,766
1989-07-15,13.643,766
1989-07-16,13.444,766
1989-07-17,13.234,766
1989-07-18,13.087,766
1989-07-19,13.19,766
1989-07-20,13.249,766
1989-07-21,13.16,766
1989-07-22,13.207,766
1989-07-23,13.522,766
1989-07-24,13.843,766
1989-07-25,13.704,766
1989-07-26,13.694,766
1989-07-27,13.71,766
1989-07-28,13.708,766
1989-07-29,13.568,766
1989-07-30,13.621,766
1989-07-31,13.663,766
1989-08-01,13.72,766
1989-08-02,13.77,766
1989-08-03,13.785,766
1989-08-04,14.805,766
1989-08-05,14.884,766
1989-08-06,14.886,766
1989-08-07,14.639,766
1989-08-08,14.609,766
1989-08-09,14.674,766
1989-08-10,14.68,766
1989-08-11,14.421,766
1989-08-12,14.318,766
1989-08-13,14.275,766
1989-08-14,14.261,766
1989-08-15,14.403,766
1989-08-16,14.606,766
1989-08-17,14.776,766
1989-08-18,14.853,766
1989-08-19,15.078,766
1989-08-20,15.353,766
1989-08-21,15.412,766
1989-08-22,15.686,766
1989-08-23,15.662,766
1989-08-24,15.513,766
1989-08-25,15.377,766
1989-08-26,15.358,766
1989-08-27,15.317,766
1989-08-28,15.557,766
1989-08-29,15.717,766
1989-08-30,15.74,766
1989-08-31,15.747,766
1989-09-01,15.77,766
1989-09-02,15.618,766
1989-09-03,15.551,766
1989-09-04,15.362,766
1989-09-05,15.259,766
1989-09-06,15.166,766
1989-09-07,15.185,766
1989-09-08,15.236,766
1989-09-09,15.299,766
1989-09-10,15.254,766
1989-09-11,15.263,766
1989-09-12,15.251,766
1989-09-13,15.306,766
1989-09-14,15.145,766
1989-09-15,15.127,766
1989-09-16,15.159,766
1989-09-17,15.281,766
1989-09-18,15.332,766
1989-09-19,15.343,766
1989-09-20,15.129,766
1989-09-21,14.957,766
1989-09-22,15.001,766
1989-09-23,15.002,766
1989-09-24,15.072,766
1989-09-25,15.151,766
1989-09-26,15.251,766
1989-09-27,15.323,766
1989-09-28,15.567,766
1989-09-29,16.042,766
1989-09-30,15.898,766
1989-10-01,15.791,766
1989-10-02,15.717,766
1989-10-03,15.648,766
1989-10-04,15.544,766
1989-10-05,15.492,766
1989-10-06,15.501,766
1989-10-07,15.634,766
1989-10-08,15.763,766
1989-10-09,15.877,766
1989-10-10,15.805,766
1989-10-11,15.748,766
1989-10-12,15.636,766
1989-10-13,15.527,766
1989-10-14,15.476,766
1989-10-15,15.16,766
1989-10-16,15.343,766
1989-10-17,15.693,766
1989-10-18,15.96,766
1989-10-19,15.783,766
1989-10-20,15.777,766
1989-10-21,16.644,766
1989-10-22,16.569,766
1989-10-23,16.596,766
1989-10-24,16.453,766
1989-10-25,16.349,766
1989-10-26,16.153,766
1989-10-27,15.89,766
1989-10-28,15.756,766
1989-10-29,15.725,766
1989-10-30,15.82,766
1989-10-31,16.116,766
1989-11-01,16.096,766
1989-11-02,15.943,766
1989-11-03,15.81,766
1989-11-04,15.751,766
1989-11-05,15.715,766
1989-11-06,15.602,766
1989-11-07,15.49,766
1989-11-08,15.391,766
1989-11-09,15.391,766
1989-11-10,15.406,766
1989-11-11,15.413,766
1989-11-12,15.279,766
1989-11-13,15.395,766
1989-11-14,15.358,766
1989-11-15,15.372,766
1989-11-16,15.385,766
1989-11-17,15.455,766
1989-11-18,15.665,766
1989-11-19,15.729,766
1989-11-20,15.666,766
1989-11-21,15.571,766
1989-11-22,15.305,766
1989-11-23,15.142,766
1989-11-24,14.856,766
1989-11-25,14.999,766
1989-11-26,14.933,766
1989-11-27,14.917,766
1989-11-28,14.964,766
1989-11-29,15.083,766
1989-11-30,15.25,766
1989-12-01,15.341,766
1989-12-02,15.359,766
1989-12-03,15.326,766
1989-12-04,15.209,766
1989-12-05,15.156,766
1989-12-06,15.12,766
1989-12-07,15.037,766
1989-12-08,14.914,766
1989-12-09,15.036,766
1989-12-10,15.085,766
1989-12-11,15.065,766
1989-12-12,15.002,766
1989-12-13,14.878,766
1989-12-14,14.864,766
1989-12-15,14.817,766
1989-12-16,14.659,766
1989-12-17,14.553,766
1989-12-18,14.86,766
1989-12-19,15.068,766
1989-12-20,15.014,766
1989-12-21,14.938,766
1989-12-22,14.923,766
1989-12-23,14.909,766
1989-12-24,14.878,766
1989-12-25,14.837,766
1989-12-26,14.777,766
1989-12-27,14.912,766
1989-12-28,14.891,766
1989-12-29,14.849,766
1989-12-30,14.789,766
1989-12-31,14.702,766
1990-01-01,14.533,766
1990-01-02,14.214,766
1990-01-03,14.021,766
1990-01-04,13.799,766
1990-01-05,13.762,766
1990-01-06,13.809,766
1990-01-07,13.976,766
1990-01-08,14.079,766
1990-01-09,14.14,766
1990-01-10,14.169,766
1990-01-11,14.183,766
1990-01-12,14.222,766
1990-01-13,13.983,766
1990-01-14,13.974,766
1990-01-15,13.948,766
1990-01-16,13.863,766
1990-01-17,13.863,766
1990-01-18,13.849,766
1990-01-19,13.743,766
1990-01-20,13.695,766
1990-01-21,13.708,766
1990-01-22,13.522,766
1990-01-23,13.41,766
1990-01-24,13.741,766
1990-01-25,14.147,766
1990-01-26,13.985,766
1990-01-27,13.463,766
1990-01-28,13.453,766
1990-01-29,13.506,766
1990-01-30,13.526,766
1990-01-31,13.038,766
1990-02-01,12.922,766
1990-02-02,12.942,766
1990-02-03,12.983,766
1990-02-04,12.763,766
1990-02-05,12.556,766
1990-02-06,12.486,766
1990-02-07,12.505,766
1990-02-08,12.489,766
1990-02-09,12.419,766
1990-02-10,12.377,766
1990-02-11,12.342,766
1990-02-12,12.479,766
1990-02-13,12.317,766
1990-02-14,12.14,766
1990-02-15,11.948,766
1990-02-16,11.893,766
1990-02-17,11.94,766
1990-02-18,11.98,766
1990-02-19,12.004,766
1990-02-20,12.019,766
1990-02-21,12.483,766
1990-02-22,12.199,766
1990-02-23,12.115,766
1990-02-24,12.066,766
1990-02-25,12.137,766
1990-02-26,12.203,766
1990-02-27,12.306,766
1990-02-28,12.303,766
1990-03-01,12.284,766
1990-03-02,12.322,766
1990-03-03,12.324,766
1990-03-04,12.063,766
1990-03-05,12.131,766
1990-03-06,12.088,766
1990-03-07,12.022,766
1990-03-08,11.837,766
1990-03-09,11.718,766
1990-03-10,11.854,766
1990-03-11,11.93,766
1990-03-12,11.88,766
1990-03-13,11.944,766
1990-03-14,11.944,766
1990-03-15,11.878,766
1990-03-16,11.75,766
1990-03-17,11.864,766
1990-03-18,11.881,766
1990-03-19,12.063,766
1990-03-20,11.911,766
1990-03-21,11.913,766
1990-03-22,11.947,766
1990-03-23,12.004,766
1990-03-24,11.796,766
1990-03-25,11.654,766
1990-03-26,11.615,766
1990-03-27,11.583,766
1990-03-28,11.566,766
1990-03-29,11.642,766
1990-03-30,11.753,766
1990-03-31,11.762,766
1990-04-01,11.804,766
1990-04-02,12.012,766
1990-04-03,13.22,766
1990-04-04,13.851,766
1990-04-05,14.044,766
1990-04-06,14.066,766
1990-04-07,14.318,766
1990-04-08,13.61,766
1990-04-09,13.307,766
1990-04-10,13.083,766
1990-04-11,13.033,766
1990-04-12,13.026,766
1990-04-13,13.002,766
1990-04-14,13.075,766
1990-04-15,13.282,766
1990-04-16,13.354,766
1990-04-17,13.4,766
1990-04-18,13.272,766
1990-04-19,13.378,766
1990-04-20,13.437,766
1990-04-21,13.463,766
1990-04-22,13.393,766
1990-04-23,13.127,766
1990-04-24,12.959,766
1990-04-25,12.844,766
1990-04-26,12.668,766
1990-04-27,12.51,766
1990-04-28,12.493,766
1990-04-29,12.545,766
1990-04-30,12.621,766
1990-05-01,12.758,766
1990-05-02,12.866,766
1990-05-03,12.934,766
1990-05-04,13.34,766
1990-05-05,13.247,766
1990-05-06,12.766,766
1990-05-07,12.917,766
1990-05-08,13.091,766
1990-05-09,14.162,766
1990-05-10,14.54,766
1990-05-11,14.508,766
1990-05-12,13.999,766
1990-05-13,13.56,766
1990-05-14,13.335,766
1990-05-15,13.307,766
1990-05-16,13.235,766
1990-05-17,13.14,766
1990-05-18,13.03,766
1990-05-19,13.496,766
1990-05-20,13.557,766
1990-05-21,13.67,766
1990-05-22,14.033,766
1990-05-23,13.433,766
1990-05-24,13.3,766
1990-05-25,13.278,766
1990-05-26,13.297,766
1990-05-27,13.691,766
1990-05-28,13.715,766
1990-05-29,13.737,766
1990-05-30,13.692,766
1990-05-31,13.939,766
1990-06-01,14.05,766
1990-06-02,14.033,766
1990-06-03,13.912,766
1990-06-04,13.758,766
1990-06-05,13.578,766
1990-06-06,13.524,766
1990-06-07,13.464,766
1990-06-08,13.431,766
1990-06-09,13.503,766
1990-06-10,13.477,766
1990-06-11,13.463,766
1990-06-12,13.098,766
1990-06-13,13.248,766
1990-06-14,13.472,766
1990-06-15,13.693,766
1990-06-16,13.649,766
1990-06-17,13.671,766
1990-06-18,13.712,766
1990-06-19,13.881,766
1990-06-20,14.14,766
1990-06-21,14.235,766
1990-06-22,14.294,766
1990-06-23,14.25,766
1990-06-24,13.656,766
1990-06-25,13.57,766
1990-06-26,13.472,766
1990-06-27,13.411,766
1990-06-28,13.47,766
1990-06-29,13.479,766
1990-06-30,13.43,766
1990-07-01,13.581,766
1990-07-02,13.478,766
1990-07-03,13.585,766
1990-07-04,13.873,766
1990-07-05,14.111,766
1990-07-06,14.079,766
1990-07-07,13.987,766
1990-07-08,14.098,766
1990-07-09,14.243,766
1990-07-10,14.785,766
1990-07-11,14.95,766
1990-07-12,15.08,766
1990-07-13,15.216,766
1990-07-14,15.316,766
1990-07-15,15.315,766
1990-07-16,15.515,766
1990-07-17,15.639,766
1990-07-18,16.11,766
1990-07-19,16.178,766
1990-07-20,16.19,766
1990-07-21,15.787,766
1990-07-22,15.906,766
1990-07-23,15.889,766
1990-07-24,15.901,766
1990-07-25,15.839,766
1990-07-26,15.846,766
1990-07-27,15.882,766
1990-07-28,15.92,766
1990-07-29,16.337,766
1990-07-30,16.329,766
1990-07-31,16.33,766
1990-08-01,16.328,766
1990-08-02,16.337,766
1990-08-03,16.369,766
1990-08-04,16.363,766
1990-08-05,16.421,766
1990-08-06,16.432,766
1990-08-07,16.443,766
1990-08-08,16.433,766
1990-08-09,16.492,766
1990-08-10,16.582,766
1990-08-11,16.528,766
1990-08-12,16.477,766
1990-08-13,16.377,766
1990-08-14,16.222,766
1990-08-15,16.685,766
1990-08-16,16.75,766
1990-08-17,16.623,766
1990-08-18,16.399,766
1990-08-19,16.514,766
1990-08-20,16.661,766
1990-08-21,16.83,766
1990-08-22,16.823,766
1990-08-23,16.755,766
1990-08-24,16.778,766
1990-08-25,17.187,766
1990-08-26,17.656,766
1990-08-27,17.813,766
1990-08-28,16.897,766
1990-08-29,16.426,766
1990-08-30,16.531,766
1990-08-31,16.442,766
1990-09-01,16.171,766
1990-09-02,16.024,766
1990-09-03,15.95,766
1990-09-04,16.159,766
1990-09-05,16.379,766
1990-09-06,16.312,766
1990-09-07,16.141,766
1990-09-08,15.903,766
1990-09-09,15.599,766
1990-09-10,15.342,766
1990-09-11,15.195,766
1990-09-12,15.123,766
1990-09-13,15.077,766
1990-09-14,15.154,766
1990-09-15,15.193,766
1990-09-16,15.139,766
1990-09-17,15.107,766
1990-09-18,15.557,766
1990-09-19,15.677,766
1990-09-20,16.075,766
1990-09-21,16.747,766
1990-09-22,17.608,766
1990-09-23,17.848,766
1990-09-24,17.991,766
1990-09-25,18.102,766
1990-09-26,17.882,766
1990-09-27,17.583,766
1990-09-28,17.401,766
1990-09-29,16.782,766
1990-09-30,16.647,766
1990-10-01,16.46,766
1990-10-02,17.163,766
1990-10-03,17.169,766
1990-10-04,17.154,766
1990-10-05,17.082,766
1990-10-06,17.55,766
1990-10-07,17.461,766
1990-10-08,17.632,766
1990-10-09,17.862,766
1990-10-10,17.769,766
1990-10-11,17.417,766
1990-10-12,17.196,766
1990-10-13,17.079,766
1990-10-14,16.822,766
1990-10-15,16.642,766
1990-10-16,16.214,766
1990-10-17,16.099,766
1990-10-18,16.423,766
1990-10-19,16.596,766
1990-10-20,16.641,766
1990-10-21,16.683,766
1990-10-22,16.71,766
1990-10-23,16.702,766
1990-10-24,16.769,766
1990-10-25,16.793,766
1990-10-26,16.507,766
1990-10-27,16.571,766
1990-10-28,16.558,766
1990-10-29,16.498,766
1990-10-30,16.42,766
1990-10-31,16.358,766
1990-11-01,16.13,766
1990-11-02,15.815,766
1990-11-03,15.65,766
1990-11-04,15.637,766
1990-11-05,15.568,766
1990-11-06,15.41,766
1990-11-07,15.34,766
1990-11-08,15.354,766
1990-11-09,15.508,766
1990-11-10,15.807,766
1990-11-11,16.005,766
1990-11-12,15.787,766
1990-11-13,15.694,766
1990-11-14,15.462,766
1990-11-15,15.466,766
1990-11-16,15.372,766
1990-11-17,15.285,766
1990-11-18,15.251,766
1990-11-19,15.225,766
1990-11-20,15.198,766
1990-11-21,15.224,766
1990-11-22,15.328,766
1990-11-23,15.393,766
1990-11-24,15.337,766
1990-11-25,15.096,766
1990-11-26,14.724,766
1990-11-27,14.583,766
1990-11-28,14.458,766
1990-11-29,14.439,766
1990-11-30,14.421,766
1990-12-01,14.385,766
1990-12-02,14.314,766
1990-12-03,14.186,766
1990-12-04,14.165,766
1990-12-05,14.254,766
1990-12-06,14.374,766
1990-12-07,14.421,766
1990-12-08,14.515,766
1990-12-09,14.468,766
1990-12-10,14.389,766
1990-12-11,14.407,766
1990-12-12,14.492,766
1990-12-13,14.621,766
1990-12-14,14.736,766
1990-12-15,14.793,766
1990-12-16,14.572,766
1990-12-17,14.303,766
1990-12-18,14.225,766
1990-12-19,14.255,766
1990-12-20,13.82,766
1990-12-21,13.555,766
1990-12-22,13.409,766
1990-12-23,13.277,766
1990-12-24,13.225,766
1990-12-25,13.22,766
1990-12-26,13.157,766
1990-12-27,12.999,766
1990-12-28,12.867,766
1990-12-29,12.833,766
1990-12-30,12.835,766
1990-12-31,12.829,766
1991-01-01,12.865,766
1991-01-02,12.941,766
1991-01-03,13.122,766
1991-01-04,12.802,766
1991-01-05,12.741,766
1991-01-06,12.705,766
1991-01-07,13.139,766
1991-01-08,13.15,766
1991-01-09,13.202,766
1991-01-10,13.154,766
1991-01-11,13.136,766
1991-01-12,13.109,766
1991-01-13,13.093,766
1991-01-14,12.823,766
1991-01-15,12.744,766
1991-01-16,12.882,766
1991-01-17,13.063,766
1991-01-18,13.162,766
1991-01-19,13.105,766
1991-01-20,12.928,766
1991-01-21,12.876,766
1991-01-22,12.85,766
1991-01-23,12.783,766
1991-01-24,12.656,766
1991-01-25,13.045,766
1991-01-26,13.149,766
1991-01-27,13.056,766
1991-01-28,12.689,766
1991-01-29,12.554,766
1991-01-30,12.598,766
1991-01-31,12.67,766
1991-02-01,12.619,766
1991-02-02,12.576,766
1991-02-03,12.053,766
1991-02-04,11.989,766
1991-02-05,12.44,766
1991-02-06,13.034,766
1991-02-07,13.141,766
1991-02-08,13.242,766
1991-02-09,13.118,766
1991-02-10,13.057,766
1991-02-11,13.111,766
1991-02-12,13.285,766
1991-02-13,13.396,766
1991-02-14,13.5,766
1991-02-15,13.519,766
1991-02-16,13.43,766
1991-02-17,13.066,766
1991-02-18,13.057,766
1991-02-19,13.02,766
1991-02-20,13.008,766
1991-02-21,13.003,766
1991-02-22,13.239,766
1991-02-23,13.207,766
1991-02-24,13.182,766
1991-02-25,12.958,766
1991-02-26,12.881,766
1991-02-27,12.95,766
1991-02-28,13.296,766
1991-03-01,13.29,766
1991-03-02,13.269,766
1991-03-03,13.251,766
1991-03-04,13.244,766
1991-03-05,13.214,766
1991-03-06,13.327,766
1991-03-07,13.296,766
1991-03-08,13.241,766
1991-03-09,13.192,766
1991-03-10,13.249,766
1991-03-11,13.243,766
1991-03-12,13.217,766
1991-03-13,13.18,766
1991-03-14,13.086,766
1991-03-15,12.638,766
1991-03-16,12.447,766
1991-03-17,12.43,766
1991-03-18,12.411,766
1991-03-19,12.424,766
1991-03-20,12.488,766
1991-03-21,12.479,766
1991-03-22,12.557,766
1991-03-23,12.646,766
1991-03-24,12.703,766
1991-03-25,12.53,766
1991-03-26,12.408,766
1991-03-27,12.277,766
1991-03-28,12.306,766
1991-03-29,12.354,766
1991-03-30,12.496,766
1991-03-31,13.057,766
1991-04-01,13.076,766
1991-04-02,12.947,766
1991-04-03,12.547,766
1991-04-04,12.311,766
1991-04-05,12.277,766
1991-04-06,12.179,766
1991-04-07,12.041,766
1991-04-08,11.929,766
1991-04-09,11.799,766
1991-04-10,11.671,766
1991-04-11,11.594,766
1991-04-12,11.5,766
1991-04-13,11.495,766
1991-04-14,11.57,766
1991-04-15,11.606,766
1991-04-16,11.686,766
1991-04-17,11.74,766
1991-04-18,11.743,766
1991-04-19,11.918,766
1991-04-20,12.766,766
1991-04-21,12.994,766
1991-04-22,12.601,766
1991-04-23,12.252,766
1991-04-24,12.115,766
1991-04-25,11.897,766
1991-04-26,11.637,766
1991-04-27,11.543,766
1991-04-28,11.481,766
1991-04-29,11.384,766
1991-04-30,11.376,766
1991-05-01,11.419,766
1991-05-02,11.526,766
1991-05-03,11.49,766
1991-05-04,11.468,766
1991-05-05,11.298,766
1991-05-06,10.99,766
1991-05-07,10.984,766
1991-05-08,10.897,766
1991-05-09,10.725,766
1991-05-10,10.662,766
1991-05-11,10.72,766
1991-05-12,10.914,766
1991-05-13,10.867,766
1991-05-14,10.917,766
1991-05-15,10.945,766
1991-05-16,10.976,766
1991-05-17,10.955,766
1991-05-18,10.875,766
1991-05-19,10.84,766
1991-05-20,10.933,766
1991-05-21,11.024,766
1991-05-22,11.156,766
1991-05-23,11.27,766
1991-05-24,11.302,766
1991-05-25,11.273,766
1991-05-26,11.235,766
1991-05-27,11.063,766
1991-05-28,10.972,766
1991-05-29,11.203,766
1991-05-30,11.225,766
1991-05-31,11.193,766
1991-06-01,11.092,766
1991-06-02,11.335,766
1991-06-03,11.553,766
1991-06-04,11.669,766
1991-06-05,11.763,766
1991-06-06,11.916,766
1991-06-07,11.944,766
1991-06-08,11.943,766
1991-06-09,12.018,766
1991-06-10,12.099,766
1991-06-11,12.034,766
1991-06-12,12.012,766
1991-06-13,12.074,766
1991-06-14,12.226,766
1991-06-15,12.282,766
1991-06-16,12.296,766
1991-06-17,12.285,766
1991-06-18,12.209,766
1991-06-19,12.208,766
1991-06-20,12.196,766
1991-06-21,12.16,766
1991-06-22,12.092,766
1991-06-23,12.182,766
1991-06-24,12.252,766
1991-06-25,12.27,766
1991-06-26,12.247,766
1991-06-27,12.567,766
1991-06-28,13.805,766
1991-06-29,13.651,766
1991-06-30,13.459,766
1991-07-01,13.225,766
1991-07-02,13.219,766
1991-07-03,13.305,766
1991-07-04,13.387,766
1991-07-05,13.497,766
1991-07-06,13.663,766
1991-07-07,13.867,766
1991-07-08,14.023,766
1991-07-09,14.115,766
1991-07-10,14.162,766
1991-07-11,14.263,766
1991-07-12,13.43,766
1991-07-13,13.226,766
1991-07-14,13.123,766
1991-07-15,13.263,766
1991-07-16,13.304,766
1991-07-17,13.328,766
1991-07-18,13.498,766
1991-07-19,13.701,766
1991-07-20,13.908,766
1991-07-21,14.201,766
1991-07-22,14.45,766
1991-07-23,14.563,766
1991-07-24,14.676,766
1991-07-25,14.7,766
1991-07-26,14.771,766
1991-07-27,14.894,766
1991-07-28,14.906,766
1991-07-29,14.949,766
1991-07-30,15.047,766
1991-07-31,15.132,766
1991-08-01,15.096,766
1991-08-02,15.119,766
1991-08-03,15.156,766
1991-08-04,15.36,766
1991-08-05,15.391,766
1991-08-06,15.02,766
1991-08-07,14.836,766
1991-08-08,14.815,766
1991-08-09,14.846,766
1991-08-10,15.1,766
1991-08-11,15.566,766
1991-08-12,15.66,766
1991-08-13,15.702,766
1991-08-14,15.732,766
1991-08-15,15.79,766
1991-08-16,15.823,766
1991-08-17,15.848,766
1991-08-18,15.808,766
1991-08-19,15.853,766
1991-08-20,15.697,766
1991-08-21,15.217,766
1991-08-22,15.089,766
1991-08-23,15.058,766
1991-08-24,14.97,766
1991-08-25,15.565,766
1991-08-26,15.587,766
1991-08-27,15.38,766
1991-08-28,15.184,766
1991-08-29,15.068,766
1991-08-30,15.083,766
1991-08-31,15.489,766
1991-09-01,15.444,766
1991-09-02,15.481,766
1991-09-03,15.435,766
1991-09-04,15.501,766
1991-09-05,15.672,766
1991-09-06,15.633,766
1991-09-07,15.612,766
1991-09-08,15.613,766
1991-09-09,15.584,766
1991-09-10,15.846,766
1991-09-11,15.886,766
1991-09-12,15.745,766
1991-09-13,15.696,766
1991-09-14,15.694,766
1991-09-15,15.696,766
1991-09-16,15.71,766
1991-09-17,15.675,766
1991-09-18,15.608,766
1991-09-19,15.273,766
1991-09-20,14.901,766
1991-09-21,15.546,766
1991-09-22,15.737,766
1991-09-23,15.784,766
1991-09-24,15.653,766
1991-09-25,15.629,766
1991-09-26,15.703,766
1991-09-27,15.716,766
1991-09-28,15.714,766
1991-09-29,15.826,766
1991-09-30,15.479,766
1991-10-01,15.709,766
1991-10-02,15.768,766
1991-10-03,15.899,766
1991-10-04,15.915,766
1991-10-05,15.928,766
1991-10-06,15.867,766
1991-10-07,15.768,766
1991-10-08,15.78,766
1991-10-09,15.791,766
1991-10-10,15.733,766
1991-10-11,15.738,766
1991-10-12,15.688,766
1991-10-13,15.65,766
1991-10-14,15.692,766
1991-10-15,15.747,766
1991-10-16,15.796,766
1991-10-17,15.944,766
1991-10-18,16.133,766
1991-10-19,16.091,766
1991-10-20,16.065,766
1991-10-21,16.118,766
1991-10-22,16.404,766
1991-10-23,16.308,766
1991-10-24,16.188,766
1991-10-25,16.051,766
1991-10-26,15.492,766
1991-10-27,15.258,766
1991-10-28,15.107,766
1991-10-29,14.55,766
1991-10-30,14.551,766
1991-10-31,14.707,766
1991-11-01,14.848,766
1991-11-02,14.915,766
1991-11-03,14.88,766
1991-11-04,14.759,766
1991-11-05,14.809,766
1991-11-06,14.944,766
1991-11-07,15.063,766
1991-11-08,15.056,766
1991-11-09,14.583,766
1991-11-10,14.912,766
1991-11-11,15.03,766
1991-11-12,15.107,766
1991-11-13,14.975,766
1991-11-14,14.394,766
1991-11-15,14.032,766
1991-11-16,14.022,766
1991-11-17,14.16,766
1991-11-18,14.212,766
1991-11-19,14.264,766
1991-11-20,14.226,766
1991-11-21,14.108,766
1991-11-22,14.147,766
1991-11-23,14.233,766
1991-11-24,14.285,766
1991-11-25,14.234,766
1991-11-26,14.289,766
1991-11-27,14.208,766
1991-11-28,14.106,766
1991-11-29,13.834,766
1991-11-30,13.433,766
1991-12-01,13.219,766
1991-12-02,13.327,766
1991-12-03,13.445,766
1991-12-04,13.555,766
1991-12-05,13.611,766
1991-12-06,13.571,766
1991-12-07,13.458,766
1991-12-08,13.547,766
1991-12-09,13.659,766
1991-12-10,13.5,766
1991-12-11,13.479,766
1991-12-12,13.537,766
1991-12-13,13.578,766
1991-12-14,13.52,766
1991-12-15,13.355,766
1991-12-16,13.578,766
1991-12-17,13.704,766
1991-12-18,13.913,766
1991-12-19,13.684,766
1991-12-20,13.501,766
1991-12-21,13.36,766
1991-12-22,13.406,766
1991-12-23,13.771,766
1991-12-24,13.902,766
1991-12-25,13.882,766
1991-12-26,13.95,766
1991-12-27,13.899,766
1991-12-28,13.748,766
1991-12-29,13.26,766
1991-12-30,13.418,766
1991-12-31,13.539,766
1992-01-01,13.657,766
1992-01-02,13.642,766
1992-01-03,13.675,766
1992-01-04,13.614,766
1992-01-05,13.725,766
1992-01-06,13.722,766
1992-01-07,13.62,766
1992-01-08,13.596,766
1992-01-09,13.596,766
1992-01-10,13.572,766
1992-01-11,13.505,766
1992-01-12,13.451,766
1992-01-13,13.417,766
1992-01-14,13.423,766
1992-01-15,13.408,766
1992-01-16,13.458,766
1992-01-17,13.684,766
1992-01-18,13.857,766
1992-01-19,13.757,766
1992-01-20,13.664,766
1992-01-21,13.601,766
1992-01-22,13.589,766
1992-01-23,13.583,766
1992-01-24,13.59,766
1992-01-25,13.696,766
1992-01-26,13.748,766
1992-01-27,13.783,766
1992-01-28,13.827,766
1992-01-29,13.83,766
1992-01-30,13.839,766
1992-01-31,13.833,766
1992-02-01,13.836,766
1992-02-02,13.848,766
1992-02-03,13.853,766
1992-02-04,13.891,766
1992-02-05,13.874,766
1992-02-06,13.95,766
1992-02-07,13.916,766
1992-02-08,13.944,766
1992-02-09,13.922,766
1992-02-10,13.865,766
1992-02-11,13.852,766
1992-02-12,13.975,766
1992-02-13,14.019,766
1992-02-14,14.032,766
1992-02-15,13.974,766
1992-02-16,13.974,766
1992-02-17,14.053,766
1992-02-18,14.083,766
1992-02-19,14.055,766
1992-02-20,14.184,766
1992-02-21,14.464,766
1992-02-22,14.336,766
1992-02-23,14.315,766
1992-02-24,14.416,766
1992-02-25,14.619,766
1992-02-26,14.558,766
1992-02-27,14.486,766
1992-02-28,14.478,766
1992-02-29,14.265,766
1992-03-01,14.159,766
1992-03-02,14.317,766
1992-03-03,14.304,766
1992-03-04,14.29,766
1992-03-05,14.287,766
1992-03-06,14.338,766
1992-03-07,14.415,766
1992-03-08,14.472,766
1992-03-09,14.463,766
1992-03-10,14.527,766
1992-03-11,14.642,766
1992-03-12,14.711,766
1992-03-13,14.731,766
1992-03-14,14.422,766
1992-03-15,14.546,766
1992-03-16,14.595,766
1992-03-17,14.609,766
1992-03-18,14.559,766
1992-03-19,14.449,766
1992-03-20,14.403,766
1992-03-21,14.317,766
1992-03-22,14.79,766
1992-03-23,14.883,766
1992-03-24,14.914,766
1992-03-25,15.11,766
1992-03-26,15.177,766
1992-03-27,15.19,766
1992-03-28,15.069,766
1992-03-29,14.88,766
1992-03-30,14.777,766
1992-03-31,14.652,766
1992-04-01,14.58,766
1992-04-02,14.509,766
1992-04-03,14.879,766
1992-04-04,14.901,766
1992-04-05,14.855,766
1992-04-06,14.718,766
1992-04-07,14.514,766
1992-04-08,14.442,766
1992-04-09,14.372,766
1992-04-10,14.277,766
1992-04-11,14.421,766
1992-04-12,15.05,766
1992-04-13,15.085,766
1992-04-14,15.084,766
1992-04-15,14.828,766
1992-04-16,14.758,766
1992-04-17,14.602,766
1992-04-18,14.538,766
1992-04-19,14.468,766
1992-04-20,14.273,766
1992-04-21,14.196,766
1992-04-22,14.092,766
1992-04-23,14.079,766
1992-04-24,14.084,766
1992-04-25,14.208,766
1992-04-26,14.553,766
1992-04-27,14.686,766
1992-04-28,14.824,766
1992-04-29,15.163,766
1992-04-30,14.972,766
1992-05-01,14.409,766
1992-05-02,14.311,766
1992-05-03,14.337,766
1992-05-04,14.336,766
1992-05-05,14.13,766
1992-05-06,14.44,766
1992-05-07,14.538,766
1992-05-08,14.391,766
1992-05-09,14.159,766
1992-05-10,14.179,766
1992-05-11,15.047,766
1992-05-12,15.343,766
1992-05-13,15.331,766
1992-05-14,15.102,766
1992-05-15,15.102,766
1992-05-16,15.045,766
1992-05-17,15.03,766
1992-05-18,15.612,766
1992-05-19,15.555,766
1992-05-20,15.182,766
1992-05-21,14.879,766
1992-05-22,14.719,766
1992-05-23,14.708,766
1992-05-24,15.25,766
1992-05-25,15.399,766
1992-05-26,15.367,766
1992-05-27,15.327,766
1992-05-28,15.29,766
1992-05-29,15.241,766
1992-05-30,15.193,766
1992-05-31,15.175,766
1992-06-01,15.137,766
1992-06-02,15.127,766
1992-06-03,14.925,766
1992-06-04,14.862,766
1992-06-05,14.847,766
1992-06-06,15.703,766
1992-06-07,15.638,766
1992-06-08,15.509,766
1992-06-09,15.314,766
1992-06-10,16.159,766
1992-06-11,16.243,766
1992-06-12,15.801,766
1992-06-13,15.304,766
1992-06-14,14.772,766
1992-06-15,14.518,766
1992-06-16,14.445,766
1992-06-17,14.468,766
1992-06-18,14.411,766
1992-06-19,14.374,766
1992-06-20,14.449,766
1992-06-21,14.744,766
1992-06-22,14.803,766
1992-06-23,14.913,766
1992-06-24,15.082,766
1992-06-25,16.107,766
1992-06-26,16.197,766
1992-06-27,16.428,766
1992-06-28,17.547,766
1992-06-29,17.833,766
1992-06-30,17.597,766
1992-07-01,16.689,766
1992-07-02,16.285,766
1992-07-03,16.322,766
1992-07-04,16.73,766
1992-07-05,16.505,766
1992-07-06,16.193,766
1992-07-07,16.077,766
1992-07-08,15.669,766
1992-07-09,15.888,766
1992-07-10,16.114,766
1992-07-11,16.302,766
1992-07-12,16.45,766
1992-07-13,15.882,766
1992-07-14,16.572,766
1992-07-15,16.816,766
1992-07-16,16.852,766
1992-07-17,16.521,766
1992-07-18,16.475,766
1992-07-19,16.35,766
1992-07-20,16.058,766
1992-07-21,15.798,766
1992-07-22,15.218,766
1992-07-23,15.143,766
1992-07-24,15.223,766
1992-07-25,15.489,766
1992-07-26,15.605,766
1992-07-27,15.686,766
1992-07-28,15.614,766
1992-07-29,15.463,766
1992-07-30,15.396,766
1992-07-31,15.833,766
1992-08-01,15.265,766
1992-08-02,15.112,766
1992-08-03,15.035,766
1992-08-04,14.989,766
1992-08-05,15.064,766
1992-08-06,14.601,766
1992-08-07,14.506,766
1992-08-08,14.856,766
1992-08-09,15.627,766
1992-08-10,15.614,766
1992-08-11,15.546,766
1992-08-12,15.51,766
1992-08-13,15.433,766
1992-08-14,15.358,766
1992-08-15,14.661,766
1992-08-16,14.626,766
1992-08-17,14.519,766
1992-08-18,14.635,766
1992-08-19,14.86,766
1992-08-20,15.993,766
1992-08-21,15.766,766
1992-08-22,15.579,766
1992-08-23,15.507,766
1992-08-24,15.514,766
1992-08-25,15.927,766
1992-08-26,16.211,766
1992-08-27,16.052,766
1992-08-28,17.224,766
1992-08-29,17.334,766
1992-08-30,17.337,766
1992-08-31,17.291,766
1992-09-01,17.168,766
1992-09-02,16.914,766
1992-09-03,16.442,766
1992-09-04,16.133,766
1992-09-05,16.055,766
1992-09-06,15.961,766
1992-09-07,15.999,766
1992-09-08,16.038,766
1992-09-09,15.996,766
1992-09-10,16.21,766
1992-09-11,16.201,766
1992-09-12,16.147,766
1992-09-13,16.132,766
1992-09-14,16.163,766
1992-09-15,16.17,766
1992-09-16,16.128,766
1992-09-17,16.178,766
1992-09-18,16.086,766
1992-09-19,16.097,766
1992-09-20,16.215,766
1992-09-21,16.19,766
1992-09-22,15.881,766
1992-09-23,16.194,766
1992-09-24,16.192,766
1992-09-25,16.295,766
1992-09-26,16.59,766
1992-09-27,16.938,766
1992-09-28,16.963,766
1992-09-29,16.791,766
1992-09-30,16.498,766
1992-10-01,16.862,766
1992-10-02,16.94,766
1992-10-03,16.923,766
1992-10-04,16.869,766
1992-10-05,16.859,766
1992-10-06,16.794,766
1992-10-07,16.638,766
1992-10-08,16.482,766
1992-10-09,16.663,766
1992-10-10,16.561,766
1992-10-11,16.472,766
1992-10-12,16.383,766
1992-10-13,16.415,766
1992-10-14,16.471,766
1992-10-15,16.635,766
1992-10-16,16.565,766
1992-10-17,16.712,766
1992-10-18,16.826,766
1992-10-19,16.859,766
1992-10-20,17.012,766
1992-10-21,17.124,766
1992-10-22,17.03,766
1992-10-23,17.065,766
1992-10-24,17.1,766
1992-10-25,17.301,766
1992-10-26,17.281,766
1992-10-27,17.231,766
1992-10-28,17.169,766
1992-10-29,17.115,766
1992-10-30,17.416,766
1992-10-31,17.369,766
1992-11-01,17.294,766
1992-11-02,17.118,766
1992-11-03,16.943,766
1992-11-04,17.005,766
1992-11-05,16.976,766
1992-11-06,16.938,766
1992-11-07,16.835,766
1992-11-08,16.693,766
1992-11-09,16.388,766
1992-11-10,16.236,766
1992-11-11,16.238,766
1992-11-12,16.338,766
1992-11-13,16.446,766
1992-11-14,16.46,766
1992-11-15,16.514,766
1992-11-16,16.624,766
1992-11-17,16.523,766
1992-11-18,16.343,766
1992-11-19,16.135,766
1992-11-20,16.033,766
1992-11-21,16.04,766
1992-11-22,15.927,766
1992-11-23,15.896,766
1992-11-24,15.78,766
1992-11-25,15.617,766
1992-11-26,15.858,766
1992-11-27,15.79,766
1992-11-28,15.623,766
1992-11-29,15.617,766
1992-11-30,15.706,766
1992-12-01,15.633,766
1992-12-02,15.532,766
1992-12-03,15.283,766
1992-12-04,15.093,766
1992-12-05,15.102,766
1992-12-06,14.963,766
1992-12-07,14.906,766
1992-12-08,15.05,766
1992-12-09,15.281,766
1992-12-10,15.474,766
1992-12-11,15.431,766
1992-12-12,15.09,766
1992-12-13,14.859,766
1992-12-14,14.795,766
1992-12-15,14.725,766
1992-12-16,14.608,766
1992-12-17,14.471,766
1992-12-18,14.233,766
1992-12-19,14.213,766
1992-12-20,14.133,766
1992-12-21,14.083,766
1992-12-22,14.048,766
1992-12-23,14.052,766
1992-12-24,14.088,766
1992-12-25,14.135,766
1992-12-26,14.186,766
1992-12-27,13.996,766
1992-12-28,13.982,766
1992-12-29,13.915,766
1992-12-30,13.889,766
1992-12-31,13.902,766
1993-01-01,13.828,766
1993-01-02,13.82,766
1993-01-03,13.816,766
1993-01-04,13.816,766
1993-01-05,13.849,766
1993-01-06,13.77,766
1993-01-07,13.756,766
1993-01-08,13.748,766
1993-01-09,13.673,766
1993-01-10,13.625,766
1993-01-11,13.597,766
1993-01-12,13.599,766
1993-01-13,13.472,766
1993-01-14,13.483,766
1993-01-15,13.472,766
1993-01-16,13.411,766
1993-01-17,13.447,766
1993-01-18,13.441,766
1993-01-19,13.46,766
1993-01-20,13.492,766
1993-01-21,14.059,766
1993-01-22,14.104,766
1993-01-23,14.109,766
1993-01-24,14.01,766
1993-01-25,14.483,766
1993-01-26,14.568,766
1993-01-27,14.461,766
1993-01-28,14.202,766
1993-01-29,13.992,766
1993-01-30,14.043,766
1993-01-31,14.14,766
1993-02-01,14.157,766
1993-02-02,13.987,766
1993-02-03,13.955,766
1993-02-04,14.022,766
1993-02-05,14.612,766
1993-02-06,14.804,766
1993-02-07,14.837,766
1993-02-08,14.167,766
1993-02-09,14.246,766
1993-02-10,14.249,766
1993-02-11,14.225,766
1993-02-12,14.197,766
1993-02-13,14.228,766
1993-02-14,14.217,766
1993-02-15,14.113,766
1993-02-16,13.592,766
1993-02-17,13.55,766
1993-02-18,13.98,766
1993-02-19,14.029,766
1993-02-20,14.147,766
1993-02-21,14.469,766
1993-02-22,14.562,766
1993-02-23,14.375,766
1993-02-24,14.284,766
1993-02-25,14.044,766
1993-02-26,13.794,766
1993-02-27,13.761,766
1993-02-28,13.845,766
1993-03-01,14.013,766
1993-03-02,14.068,766
1993-03-03,14.09,766
1993-03-04,13.992,766
1993-03-05,13.989,766
1993-03-06,13.949,766
1993-03-07,14.023,766
1993-03-08,13.806,766
1993-03-09,14.27,766
1993-03-10,14.35,766
1993-03-11,14.329,766
1993-03-12,14.297,766
1993-03-13,14.366,766
1993-03-14,14.39,766
1993-03-15,14.314,766
1993-03-16,14.626,766
1993-03-17,14.627,766
1993-03-18,14.532,766
1993-03-19,14.192,766
1993-03-20,13.817,766
1993-03-21,13.83,766
1993-03-22,13.771,766
1993-03-23,13.832,766
1993-03-24,13.231,766
1993-03-25,13.257,766
1993-03-26,13.233,766
1993-03-27,13.579,766
1993-03-28,13.657,766
1993-03-29,13.778,766
1993-03-30,13.593,766
1993-03-31,13.51,766
1993-04-01,13.586,766
1993-04-02,13.636,766
1993-04-03,13.68,766
1993-04-04,13.528,766
1993-04-05,13.185,766
1993-04-06,13.419,766
1993-04-07,13.391,766
1993-04-08,13.411,766
1993-04-09,13.461,766
1993-04-10,13.423,766
1993-04-11,13.204,766
1993-04-12,12.917,766
1993-04-13,12.841,766
1993-04-14,12.78,766
1993-04-15,12.65,766
1993-04-16,12.548,766
1993-04-17,12.734,766
1993-04-18,12.798,766
1993-04-19,12.752,766
1993-04-20,12.896,766
1993-04-21,12.796,766
1993-04-22,12.628,766
1993-04-23,12.733,766
1993-04-24,12.711,766
1993-04-25,12.729,766
1993-04-26,12.348,766
1993-04-27,12.15,766
1993-04-28,12.13,766
1993-04-29,12.113,766
1993-04-30,12.04,766
1993-05-01,12.071,766
1993-05-02,12.111,766
1993-05-03,12.121,766
1993-05-04,12.158,766
1993-05-05,12.325,766
1993-05-06,12.145,766
1993-05-07,11.956,766
1993-05-08,11.85,766
1993-05-09,11.879,766
1993-05-10,11.992,766
1993-05-11,12.464,766
1993-05-12,12.96,766
1993-05-13,13.174,766
1993-05-14,13.274,766
1993-05-15,13.022,766
1993-05-16,13.023,766
1993-05-17,13.158,766
1993-05-18,13.886,766
1993-05-19,14.776,766
1993-05-20,15.206,766
1993-05-21,14.823,766
1993-05-22,14.397,766
1993-05-23,13.955,766
1993-05-24,14.036,766
1993-05-25,14.997,766
1993-05-26,15.128,766
1993-05-27,15.223,766
1993-05-28,15.932,766
1993-05-29,16.402,766
1993-05-30,16.617,766
1993-05-31,16.532,766
1993-06-01,16.441,766
1993-06-02,16.282,766
1993-06-03,15.883,766
1993-06-04,15.345,766
1993-06-05,15.551,766
1993-06-06,15.619,766
1993-06-07,15.44,766
1993-06-08,15.178,766
1993-06-09,14.805,766
1993-06-10,13.938,766
1993-06-11,13.721,766
1993-06-12,13.774,766
1993-06-13,13.946,766
1993-06-14,13.964,766
1993-06-15,14,766
1993-06-16,14.106,766
1993-06-17,14.424,766
1993-06-18,14.566,766
1993-06-19,14.536,766
1993-06-20,14.393,766
1993-06-21,13.983,766
1993-06-22,13.645,766
1993-06-23,13.442,766
1993-06-24,13.292,766
1993-06-25,13.531,766
1993-06-26,14.025,766
1993-06-27,13.934,766
1993-06-28,13.94,766
1993-06-29,13.95,766
1993-06-30,13.963,766
1993-07-01,13.889,766
1993-07-02,13.724,766
1993-07-03,13.739,766
1993-07-04,13.842,766
1993-07-05,14.262,766
1993-07-06,14.415,766
1993-07-07,14.517,766
1993-07-08,14.631,766
1993-07-09,14.728,766
1993-07-10,14.84,766
1993-07-11,15.144,766
1993-07-12,15.195,766
1993-07-13,15.203,766
1993-07-14,15.732,766
1993-07-15,15.672,766
1993-07-16,15.65,766
1993-07-17,15.37,766
1993-07-18,15.406,766
1993-07-19,15.219,766
1993-07-20,15.193,766
1993-07-21,15.182,766
1993-07-22,14.396,766
1993-07-23,14.395,766
1993-07-24,14.422,766
1993-07-25,14.842,766
1993-07-26,15.2,766
1993-07-27,15.469,766
1993-07-28,15.562,766
1993-07-29,16.38,766
1993-07-30,16.714,766
1993-07-31,17.293,766
1993-08-01,17.621,766
1993-08-02,17.86,766
1993-08-03,17.65,766
1993-08-04,17.234,766
1993-08-05,16.779,766
1993-08-06,16.485,766
1993-08-07,16.337,766
1993-08-08,16.312,766
1993-08-09,16.747,766
1993-08-10,16.639,766
1993-08-11,16.676,766
1993-08-12,16.569,766
1993-08-13,16.368,766
1993-08-14,16.316,766
1993-08-15,16.105,766
1993-08-16,16.163,766
1993-08-17,16.147,766
1993-08-18,16.105,766
1993-08-19,15.883,766
1993-08-20,15.729,766
1993-08-21,15.662,766
1993-08-22,15.644,766
1993-08-23,15.683,766
1993-08-24,15.662,766
1993-08-25,15.67,766
1993-08-26,15.485,766
1993-08-27,15.543,766
1993-08-28,15.562,766
1993-08-29,15.721,766
1993-08-30,16.122,766
1993-08-31,16.804,766
1993-09-01,16.977,766
1993-09-02,16.954,766
1993-09-03,17.065,766
1993-09-04,16.62,766
1993-09-05,16.449,766
1993-09-06,16.381,766
1993-09-07,15.537,766
1993-09-08,15.069,766
1993-09-09,14.804,766
1993-09-10,15.12,766
1993-09-11,15.174,766
1993-09-12,15.186,766
1993-09-13,15.267,766
1993-09-14,15.38,766
1993-09-15,15.309,766
1993-09-16,15.889,766
1993-09-17,15.703,766
1993-09-18,15.589,766
1993-09-19,15.518,766
1993-09-20,15.546,766
1993-09-21,15.525,766
1993-09-22,15.578,766
1993-09-23,15.422,766
1993-09-24,15.398,766
1993-09-25,15.474,766
1993-09-26,16.096,766
1993-09-27,16.225,766
1993-09-28,16.225,766
1993-09-29,16.223,766
1993-09-30,16.295,766
1993-10-01,16.366,766
1993-10-02,16.466,766
1993-10-03,16.054,766
1993-10-04,16.023,766
1993-10-05,15.823,766
1993-10-06,15.61,766
1993-10-07,15.227,766
1993-10-08,15.198,766
1993-10-09,15.274,766
1993-10-10,15.631,766
1993-10-11,15.839,766
1993-10-12,15.898,766
1993-10-13,16.079,766
1993-10-14,16.089,766
1993-10-15,16.903,766
1993-10-16,17.185,766
1993-10-17,17.097,766
1993-10-18,16.612,766
1993-10-19,16.636,766
1993-10-20,16.657,766
1993-10-21,16.565,766
1993-10-22,16.525,766
1993-10-23,16.623,766
1993-10-24,16.754,766
1993-10-25,16.978,766
1993-10-26,16.765,766
1993-10-27,16.7,766
1993-10-28,16.767,766
1993-10-29,17.012,766
1993-10-30,16.966,766
1993-10-31,17.007,766
1993-11-01,17.176,766
1993-11-02,17.294,766
1993-11-03,17.424,766
1993-11-04,17.296,766
1993-11-05,17.136,766
1993-11-06,17.02,766
1993-11-07,16.986,766
1993-11-08,16.985,766
1993-11-09,16.953,766
1993-11-10,17.067,766
1993-11-11,16.957,766
1993-11-12,16.614,766
1993-11-13,16.033,766
1993-11-14,15.897,766
1993-11-15,15.795,766
1993-11-16,15.777,766
1993-11-17,15.906,766
1993-11-18,15.889,766
1993-11-19,15.826,766
1993-11-20,15.773,766
1993-11-21,15.738,766
1993-11-22,15.661,766
1993-11-23,15.634,766
1993-11-24,15.542,766
1993-11-25,15.416,766
1993-11-26,15.156,766
1993-11-27,15.084,766
1993-11-28,14.88,766
1993-11-29,14.859,766
1993-11-30,14.985,766
1993-12-01,14.952,766
1993-12-02,14.88,766
1993-12-03,14.881,766
1993-12-04,14.933,766
1993-12-05,14.921,766
1993-12-06,14.727,766
1993-12-07,14.695,766
1993-12-08,14.647,766
1993-12-09,14.644,766
1993-12-10,14.739,766
1993-12-11,14.769,766
1993-12-12,14.709,766
1993-12-13,14.72,766
1993-12-14,14.799,766
1993-12-15,14.378,766
1993-12-16,14.317,766
1993-12-17,14.281,766
1993-12-18,14.236,766
1993-12-19,14.358,766
1993-12-20,14.4,766
1993-12-21,14.279,766
1993-12-22,14.181,766
1993-12-23,14.138,766
1993-12-24,14.009,766
1993-12-25,13.902,766
1993-12-26,14.041,766
1993-12-27,14.22,766
1993-12-28,14.326,766
1993-12-29,14.425,766
1993-12-30,14.628,766
1993-12-31,14.711,766
1994-01-01,14.671,766
1994-01-02,14.402,766
1994-01-03,14.501,766
1994-01-04,14.501,766
1994-01-05,14.559,766
1994-01-06,14.489,766
1994-01-07,14.328,766
1994-01-08,14.013,766
1994-01-09,14.034,766
1994-01-10,14.064,766
1994-01-11,14.088,766
1994-01-12,14.047,766
1994-01-13,14.041,766
1994-01-14,14.142,766
1994-01-15,13.906,766
1994-01-16,14.098,766
1994-01-17,14.243,766
1994-01-18,14.33,766
1994-01-19,14.323,766
1994-01-20,14.347,766
1994-01-21,14.505,766
1994-01-22,14.533,766
1994-01-23,14.681,766
1994-01-24,14.529,766
1994-01-25,14.16,766
1994-01-26,14.156,766
1994-01-27,14.15,766
1994-01-28,14.194,766
1994-01-29,14.132,766
1994-01-30,14.061,766
1994-01-31,13.987,766
1994-02-01,14.013,766
1994-02-02,13.945,766
1994-02-03,13.855,766
1994-02-04,13.744,766
1994-02-05,13.718,766
1994-02-06,13.932,766
1994-02-07,13.939,766
1994-02-08,13.896,766
1994-02-09,13.87,766
1994-02-10,13.664,766
1994-02-11,13.682,766
1994-02-12,13.679,766
1994-02-13,13.646,766
1994-02-14,13.61,766
1994-02-15,13.602,766
1994-02-16,13.631,766
1994-02-17,13.644,766
1994-02-18,13.597,766
1994-02-19,13.359,766
1994-02-20,13.353,766
1994-02-21,13.36,766
1994-02-22,13.438,766
1994-02-23,13.46,766
1994-02-24,13.482,766
1994-02-25,13.593,766
1994-02-26,13.754,766
1994-02-27,13.598,766
1994-02-28,13.502,766
1994-03-01,13.486,766
1994-03-02,13.747,766
1994-03-03,13.875,766
1994-03-04,13.909,766
1994-03-05,13.727,766
1994-03-06,13.826,766
1994-03-07,13.875,766
1994-03-08,13.881,766
1994-03-09,13.478,766
1994-03-10,13.373,766
1994-03-11,13.375,766
1994-03-12,13.794,766
1994-03-13,14.098,766
1994-03-14,14.172,766
1994-03-15,14.182,766
1994-03-16,13.958,766
1994-03-17,13.927,766
1994-03-18,13.755,766
1994-03-19,13.798,766
1994-03-20,13.828,766
1994-03-21,13.64,766
1994-03-22,13.504,766
1994-03-23,13.44,766
1994-03-24,13.474,766
1994-03-25,13.276,766
1994-03-26,13.372,766
1994-03-27,13.457,766
1994-03-28,13.44,766
1994-03-29,13.812,766
1994-03-30,13.651,766
1994-03-31,13.57,766
1994-04-01,13.529,766
1994-04-02,13.519,766
1994-04-03,13.394,766
1994-04-04,13.359,766
1994-04-05,13.335,766
1994-04-06,13.349,766
1994-04-07,13.268,766
1994-04-08,13.308,766
1994-04-09,13.199,766
1994-04-10,13.182,766
1994-04-11,13.217,766
1994-04-12,13.294,766
1994-04-13,13.032,766
1994-04-14,12.881,766
1994-04-15,12.858,766
1994-04-16,13.594,766
1994-04-17,13.806,766
1994-04-18,13.661,766
1994-04-19,13.568,766
1994-04-20,13.331,766
1994-04-21,13.17,766
1994-04-22,13.026,766
1994-04-23,12.764,766
1994-04-24,12.893,766
1994-04-25,13.185,766
1994-04-26,13.196,766
1994-04-27,13.138,766
1994-04-28,12.898,766
1994-04-29,12.776,766
1994-04-30,12.784,766
1994-05-01,12.681,766
1994-05-02,12.597,766
1994-05-03,12.6,766
1994-05-04,12.651,766
1994-05-05,12.74,766
1994-05-06,13.183,766
1994-05-07,13.638,766
1994-05-08,13.62,766
1994-05-09,13.538,766
1994-05-10,12.941,766
1994-05-11,13.012,766
1994-05-12,12.951,766
1994-05-13,12.777,766
1994-05-14,12.771,766
1994-05-15,12.809,766
1994-05-16,12.816,766
1994-05-17,12.787,766
1994-05-18,13.245,766
1994-05-19,13.349,766
1994-05-20,13.31,766
1994-05-21,13.265,766
1994-05-22,13.252,766
1994-05-23,13.518,766
1994-05-24,13.322,766
1994-05-25,13.377,766
1994-05-26,13.309,766
1994-05-27,12.658,766
1994-05-28,12.826,766
1994-05-29,13.03,766
1994-05-30,13.184,766
1994-05-31,13.817,766
1994-06-01,13.475,766
1994-06-02,13.074,766
1994-06-03,12.834,766
1994-06-04,12.808,766
1994-06-05,12.874,766
1994-06-06,12.934,766
1994-06-07,12.704,766
1994-06-08,12.594,766
1994-06-09,12.498,766
1994-06-10,12.549,766
1994-06-11,12.8,766
1994-06-12,12.781,766
1994-06-13,12.755,766
1994-06-14,12.851,766
1994-06-15,12.922,766
1994-06-16,12.874,766
1994-06-17,12.785,766
1994-06-18,12.722,766
1994-06-19,12.688,766
1994-06-20,12.792,766
1994-06-21,12.702,766
1994-06-22,12.639,766
1994-06-23,12.657,766
1994-06-24,12.531,766
1994-06-25,12.404,766
1994-06-26,12.344,766
1994-06-27,12.284,766
1994-06-28,11.865,766
1994-06-29,11.969,766
1994-06-30,12.16,766
1994-07-01,12.162,766
1994-07-02,12.318,766
1994-07-03,12.397,766
1994-07-04,12.547,766
1994-07-05,12.794,766
1994-07-06,12.993,766
1994-07-07,13.087,766
1994-07-08,13.203,766
1994-07-09,13.336,766
1994-07-10,13.617,766
1994-07-11,13.769,766
1994-07-12,13.789,766
1994-07-13,13.611,766
1994-07-14,13.626,766
1994-07-15,13.633,766
1994-07-16,13.759,766
1994-07-17,14.137,766
1994-07-18,14.266,766
1994-07-19,14.932,766
1994-07-20,14.824,766
1994-07-21,14.926,766
1994-07-22,15.367,766
1994-07-23,15.66,766
1994-07-24,15.63,766
1994-07-25,15.551,766
1994-07-26,15.302,766
1994-07-27,15.244,766
1994-07-28,15.146,766
1994-07-29,15.091,766
1994-07-30,15.048,766
1994-07-31,14.884,766
1994-08-01,14.074,766
1994-08-02,13.909,766
1994-08-03,13.948,766
1994-08-04,13.871,766
1994-08-05,13.853,766
1994-08-06,13.909,766
1994-08-07,13.869,766
1994-08-08,14.038,766
1994-08-09,14.166,766
1994-08-10,14.377,766
1994-08-11,14.496,766
1994-08-12,14.512,766
1994-08-13,14.471,766
1994-08-14,14.649,766
1994-08-15,14.867,766
1994-08-16,14.898,766
1994-08-17,14.993,766
1994-08-18,15.166,766
1994-08-19,15.747,766
1994-08-20,15.699,766
1994-08-21,15.687,766
1994-08-22,15.634,766
1994-08-23,15.867,766
1994-08-24,16.191,766
1994-08-25,15.903,766
1994-08-26,15.638,766
1994-08-27,15.799,766
1994-08-28,16.098,766
1994-08-29,15.736,766
1994-08-30,15.43,766
1994-08-31,15.364,766
1994-09-01,15.087,766
1994-09-02,14.906,766
1994-09-03,14.882,766
1994-09-04,14.848,766
1994-09-05,15.013,766
1994-09-06,15.172,766
1994-09-07,15.306,766
1994-09-08,15.392,766
1994-09-09,15.419,766
1994-09-10,15.13,766
1994-09-11,15.135,766
1994-09-12,15.213,766
1994-09-13,15.224,766
1994-09-14,15.513,766
1994-09-15,15.577,766
1994-09-16,15.649,766
1994-09-17,15.759,766
1994-09-18,15.813,766
1994-09-19,15.824,766
1994-09-20,15.892,766
1994-09-21,16.403,766
1994-09-22,16.484,766
1994-09-23,16.944,766
1994-09-24,17.182,766
1994-09-25,17.094,766
1994-09-26,17.075,766
1994-09-27,17.025,766
1994-09-28,17.129,766
1994-09-29,17.108,766
1994-09-30,16.981,766
1994-10-01,16.83,766
1994-10-02,16.733,766
1994-10-03,16.756,766
1994-10-04,16.822,766
1994-10-05,16.9,766
1994-10-06,16.926,766
1994-10-07,17.403,766
1994-10-08,17.665,766
1994-10-09,17.699,766
1994-10-10,17.225,766
1994-10-11,16.833,766
1994-10-12,16.798,766
1994-10-13,16.582,766
1994-10-14,16.007,766
1994-10-15,14.769,766
1994-10-16,14.471,766
1994-10-17,14.614,766
1994-10-18,14.754,766
1994-10-19,14.744,766
1994-10-20,14.809,766
1994-10-21,14.923,766
1994-10-22,15.001,766
1994-10-23,15.38,766
1994-10-24,15.414,766
1994-10-25,15.552,766
1994-10-26,15.571,766
1994-10-27,15.604,766
1994-10-28,15.424,766
1994-10-29,15.324,766
1994-10-30,15.133,766
1994-10-31,15.114,766
1994-11-01,15.109,766
1994-11-02,14.462,766
1994-11-03,14.296,766
1994-11-04,14.271,766
1994-11-05,14.308,766
1994-11-06,14.324,766
1994-11-07,14.463,766
1994-11-08,14.496,766
1994-11-09,14.492,766
1994-11-10,14.459,766
1994-11-11,14.457,766
1994-11-12,14.417,766
1994-11-13,14.376,766
1994-11-14,14.397,766
1994-11-15,14.392,766
1994-11-16,14.12,766
1994-11-17,14.109,766
1994-11-18,13.891,766
1994-11-19,13.664,766
1994-11-20,13.668,766
1994-11-21,13.649,766
1994-11-22,13.634,766
1994-11-23,13.669,766
1994-11-24,13.687,766
1994-11-25,13.733,766
1994-11-26,13.699,766
1994-11-27,13.667,766
1994-11-28,13.441,766
1994-11-29,13.446,766
1994-11-30,13.475,766
1994-12-01,13.509,766
1994-12-02,13.63,766
1994-12-03,13.635,766
1994-12-04,13.726,766
1994-12-05,13.744,766
1994-12-06,13.589,766
1994-12-07,13.554,766
1994-12-08,13.484,766
1994-12-09,13.369,766
1994-12-10,13.349,766
1994-12-11,13.408,766
1994-12-12,13.575,766
1994-12-13,13.63,766
1994-12-14,13.641,766
1994-12-15,13.584,766
1994-12-16,13.6,766
1994-12-17,13.568,766
1994-12-18,13.515,766
1994-12-19,13.359,766
1994-12-20,13.764,766
1994-12-21,13.835,766
1994-12-22,13.841,766
1994-12-23,13.862,766
1994-12-24,13.696,766
1994-12-25,13.64,766
1994-12-26,13.595,766
1994-12-27,13.538,766
1994-12-28,13.499,766
1994-12-29,13.443,766
1994-12-30,13.445,766
1994-12-31,13.458,766
1995-01-01,13.494,766
1995-01-02,13.476,766
1995-01-03,13.521,766
1995-01-04,13.512,766
1995-01-05,13.566,766
1995-01-06,13.579,766
1995-01-07,13.564,766
1995-01-08,13.55,766
1995-01-09,13.862,766
1995-01-10,13.894,766
1995-01-11,13.903,766
1995-01-12,13.911,766
1995-01-13,13.855,766
1995-01-14,13.864,766
1995-01-15,13.897,766
1995-01-16,13.866,766
1995-01-17,13.847,766
1995-01-18,13.773,766
1995-01-19,13.751,766
1995-01-20,13.647,766
1995-01-21,13.577,766
1995-01-22,13.568,766
1995-01-23,13.861,766
1995-01-24,13.878,766
1995-01-25,13.736,766
1995-01-26,13.703,766
1995-01-27,13.634,766
1995-01-28,13.578,766
1995-01-29,13.589,766
1995-01-30,14.265,766
1995-01-31,14.376,766
1995-02-01,14.254,766
1995-02-02,14.087,766
1995-02-03,13.946,766
1995-02-04,13.849,766
1995-02-05,13.736,766
1995-02-06,14.077,766
1995-02-07,14.06,766
1995-02-08,14.244,766
1995-02-09,14.392,766
1995-02-10,14.446,766
1995-02-11,14.416,766
1995-02-12,14.443,766
1995-02-13,14.166,766
1995-02-14,13.985,766
1995-02-15,13.905,766
1995-02-16,13.884,766
1995-02-17,13.918,766
1995-02-18,14.025,766
1995-02-19,14.133,766
1995-02-20,14.137,766
1995-02-21,14.105,766
1995-02-22,14.093,766
1995-02-23,13.939,766
1995-02-24,13.89,766
1995-02-25,13.818,766
1995-02-26,13.817,766
1995-02-27,13.86,766
1995-02-28,13.972,766
1995-03-01,14.017,766
1995-03-02,13.989,766
1995-03-03,13.978,766
1995-03-04,13.984,766
1995-03-05,14.345,766
1995-03-06,14.327,766
1995-03-07,14.315,766
1995-03-08,14.219,766
1995-03-09,14.138,766
1995-03-10,14.082,766
1995-03-11,14.089,766
1995-03-12,14.055,766
1995-03-13,14.143,766
1995-03-14,14.635,766
1995-03-15,14.559,766
1995-03-16,14.53,766
1995-03-17,14.459,766
1995-03-18,14.413,766
1995-03-19,14.325,766
1995-03-20,14.297,766
1995-03-21,14.058,766
1995-03-22,13.958,766
1995-03-23,13.945,766
1995-03-24,13.874,766
1995-03-25,13.828,766
1995-03-26,13.86,766
1995-03-27,13.916,766
1995-03-28,13.988,766
1995-03-29,13.93,766
1995-03-30,13.921,766
1995-03-31,13.909,766
1995-04-01,13.866,766
1995-04-02,13.862,766
1995-04-03,13.811,766
1995-04-04,13.732,766
1995-04-05,13.396,766
1995-04-06,13.704,766
1995-04-07,13.936,766
1995-04-08,13.898,766
1995-04-09,13.783,766
1995-04-10,13.486,766
1995-04-11,13.355,766
1995-04-12,13.363,766
1995-04-13,13.495,766
1995-04-14,13.231,766
1995-04-15,12.994,766
1995-04-16,12.855,766
1995-04-17,12.783,766
1995-04-18,12.499,766
1995-04-19,12.297,766
1995-04-20,12.25,766
1995-04-21,12.442,766
1995-04-22,12.765,766
1995-04-23,13.086,766
1995-04-24,13.137,766
1995-04-25,12.41,766
1995-04-26,12.478,766
1995-04-27,12.846,766
1995-04-28,13.182,766
1995-04-29,13.329,766
1995-04-30,14.066,766
1995-05-01,14.092,766
1995-05-02,13.728,766
1995-05-03,13.498,766
1995-05-04,13.306,766
1995-05-05,13.047,766
1995-05-06,12.905,766
1995-05-07,13.525,766
1995-05-08,13.956,766
1995-05-09,14.168,766
1995-05-10,13.746,766
1995-05-11,12.863,766
1995-05-12,12.689,766
1995-05-13,12.685,766
1995-05-14,12.899,766
1995-05-15,13.246,766
1995-05-16,13.237,766
1995-05-17,13.254,766
1995-05-18,13.287,766
1995-05-19,13.199,766
1995-05-20,13.193,766
1995-05-21,13.184,766
1995-05-22,13.014,766
1995-05-23,12.994,766
1995-05-24,13.003,766
1995-05-25,13.051,766
1995-05-26,12.948,766
1995-05-27,12.832,766
1995-05-28,12.776,766
1995-05-29,12.1,766
1995-05-30,11.494,766
1995-05-31,11.574,766
1995-06-01,12.151,766
1995-06-02,12.263,766
1995-06-03,12.668,766
1995-06-04,12.505,766
1995-06-05,12.376,766
1995-06-06,12.205,766
1995-06-07,12.038,766
1995-06-08,11.975,766
1995-06-09,12.323,766
1995-06-10,12.357,766
1995-06-11,12.446,766
1995-06-12,12.444,766
1995-06-13,12.421,766
1995-06-14,12.435,766
1995-06-15,12.788,766
1995-06-16,13.168,766
1995-06-17,12.902,766
1995-06-18,12.8,766
1995-06-19,12.682,766
1995-06-20,12.552,766
1995-06-21,12.464,766
1995-06-22,12.593,766
1995-06-23,12.792,766
1995-06-24,13.084,766
1995-06-25,13.252,766
1995-06-26,13.658,766
1995-06-27,13.968,766
1995-06-28,14.208,766
1995-06-29,14.327,766
1995-06-30,14.408,766
1995-07-01,14.598,766
1995-07-02,14.69,766
1995-07-03,14.381,766
1995-07-04,13.727,766
1995-07-05,14.407,766
1995-07-06,14.559,766
1995-07-07,14.724,766
1995-07-08,14.984,766
1995-07-09,15.048,766
1995-07-10,14.927,766
1995-07-11,14.671,766
1995-07-12,14.519,766
1995-07-13,14.454,766
1995-07-14,14.538,766
1995-07-15,14.8,766
1995-07-16,14.888,766
1995-07-17,15.049,766
1995-07-18,15.17,766
1995-07-19,15.317,766
1995-07-20,15.63,766
1995-07-21,15.422,766
1995-07-22,15.297,766
1995-07-23,15.193,766
1995-07-24,14.967,766
1995-07-25,14.774,766
1995-07-26,14.573,766
1995-07-27,14.34,766
1995-07-28,14.033,766
1995-07-29,14.56,766
1995-07-30,14.689,766
1995-07-31,14.779,766
1995-08-01,14.86,766
1995-08-02,14.858,766
1995-08-03,13.832,766
1995-08-04,13.276,766
1995-08-05,13.253,766
1995-08-06,13.386,766
1995-08-07,15.084,766
1995-08-08,15.452,766
1995-08-09,15.432,766
1995-08-10,15.191,766
1995-08-11,15,766
1995-08-12,14.889,766
1995-08-13,15.213,766
1995-08-14,15.338,766
1995-08-15,15.494,766
1995-08-16,15.57,766
1995-08-17,15.358,766
1995-08-18,15.292,766
1995-08-19,15.266,766
1995-08-20,15.554,766
1995-08-21,15.609,766
1995-08-22,15.425,766
1995-08-23,15.53,766
1995-08-24,15.614,766
1995-08-25,15.703,766
1995-08-26,15.778,766
1995-08-27,15.828,766
1995-08-28,15.804,766
1995-08-29,15.644,766
1995-08-30,15.524,766
1995-08-31,15.461,766
1995-09-01,14.914,766
1995-09-02,15.014,766
1995-09-03,14.989,766
1995-09-04,14.99,766
1995-09-05,15.002,766
1995-09-06,15.249,766
1995-09-07,15.883,766
1995-09-08,16.142,766
1995-09-09,16.679,766
1995-09-10,16.632,766
1995-09-11,16.513,766
1995-09-12,16.148,766
1995-09-13,15.801,766
1995-09-14,15.3,766
1995-09-15,15.229,766
1995-09-16,15.424,766
1995-09-17,15.476,766
1995-09-18,15.499,766
1995-09-19,15.464,766
1995-09-20,15.417,766
1995-09-21,15.516,766
1995-09-22,15.533,766
1995-09-23,15.643,766
1995-09-24,15.756,766
1995-09-25,15.801,766
1995-09-26,15.768,766
1995-09-27,15.69,766
1995-09-28,15.715,766
1995-09-29,15.545,766
1995-09-30,15.269,766
1995-10-01,15.4,766
1995-10-02,15.858,766
1995-10-03,16.088,766
1995-10-04,16.117,766
1995-10-05,16.191,766
1995-10-06,16.341,766
1995-10-07,16.412,766
1995-10-08,16.475,766
1995-10-09,16.455,766
1995-10-10,16.439,766
1995-10-11,16.45,766
1995-10-12,16.444,766
1995-10-13,16.389,766
1995-10-14,16.453,766
1995-10-15,16.614,766
1995-10-16,16.494,766
1995-10-17,16.291,766
1995-10-18,16.168,766
1995-10-19,16.148,766
1995-10-20,15.972,766
1995-10-21,16.043,766
1995-10-22,16.082,766
1995-10-23,16.15,766
1995-10-24,16.121,766
1995-10-25,15.838,766
1995-10-26,15.721,766
1995-10-27,15.661,766
1995-10-28,15.546,766
1995-10-29,15.527,766
1995-10-30,15.547,766
1995-10-31,16.107,766
1995-11-01,16.023,766
1995-11-02,15.888,766
1995-11-03,15.878,766
1995-11-04,15.982,766
1995-11-05,15.836,766
1995-11-06,15.541,766
1995-11-07,15.557,766
1995-11-08,15.641,766
1995-11-09,15.587,766
1995-11-10,15.613,766
1995-11-11,15.625,766
1995-11-12,15.584,766
1995-11-13,15.434,766
1995-11-14,14.884,766
1995-11-15,14.496,766
1995-11-16,14.558,766
1995-11-17,14.796,766
1995-11-18,15.108,766
1995-11-19,15.11,766
1995-11-20,15.37,766
1995-11-21,15.51,766
1995-11-22,15.838,766
1995-11-23,15.894,766
1995-11-24,15.864,766
1995-11-25,15.644,766
1995-11-26,15.353,766
1995-11-27,15.324,766
1995-11-28,15.27,766
1995-11-29,15.287,766
1995-11-30,15.256,766
1995-12-01,15.245,766
1995-12-02,15.045,766
1995-12-03,15.02,766
1995-12-04,14.993,766
1995-12-05,15.024,766
1995-12-06,15.058,766
1995-12-07,15.107,766
1995-12-08,14.998,766
1995-12-09,14.753,766
1995-12-10,14.614,766
1995-12-11,14.606,766
1995-12-12,14.534,766
1995-12-13,14.448,766
1995-12-14,14.517,766
1995-12-15,14.666,766
1995-12-16,14.559,766
1995-12-17,14.53,766
1995-12-18,14.488,766
1995-12-19,14.413,766
1995-12-20,14.391,766
1995-12-21,14.256,766
1995-12-22,14.21,766
1995-12-23,14.113,766
1995-12-24,14.049,766
1995-12-25,13.918,766
1995-12-26,13.953,766
1995-12-27,14.059,766
1995-12-28,14.052,766
1995-12-29,14.042,766
1995-12-30,13.607,766
1995-12-31,13.745,766
1996-01-01,13.905,766
1996-01-02,13.976,766
1996-01-03,13.999,766
1996-01-04,13.94,766
1996-01-05,14.192,766
1996-01-06,14.302,766
1996-01-07,14.259,766
1996-01-08,14.149,766
1996-01-09,14.108,766
1996-01-10,14.252,766
1996-01-11,14.144,766
1996-01-12,14.059,766
1996-01-13,14.018,766
1996-01-14,14.002,766
1996-01-15,13.898,766
1996-01-16,13.915,766
1996-01-17,13.87,766
1996-01-18,13.914,766
1996-01-19,13.944,766
1996-01-20,13.845,766
1996-01-21,13.754,766
1996-01-22,13.341,766
1996-01-23,13.325,766
1996-01-24,13.306,766
1996-01-25,13.201,766
1996-01-26,13.143,766
1996-01-27,13.034,766
1996-01-28,12.825,766
1996-01-29,12.851,766
1996-01-30,12.919,766
1996-01-31,12.991,766
1996-02-01,13.052,766
1996-02-02,13.1,766
1996-02-03,13.103,766
1996-02-04,13.343,766
1996-02-05,13.593,766
1996-02-06,13.617,766
1996-02-07,13.622,766
1996-02-08,13.587,766
1996-02-09,13.725,766
1996-02-10,14.138,766
1996-02-11,14.327,766
1996-02-12,14.533,766
1996-02-13,14.695,766
1996-02-14,14.603,766
1996-02-15,14.495,766
1996-02-16,14.441,766
1996-02-17,14.387,766
1996-02-18,14.311,766
1996-02-19,14.208,766
1996-02-20,14.046,766
1996-02-21,14.189,766
1996-02-22,14.008,766
1996-02-23,13.934,766
1996-02-24,13.863,766
1996-02-25,13.766,766
1996-02-26,13.578,766
1996-02-27,13.547,766
1996-02-28,13.547,766
1996-02-29,13.567,766
1996-03-01,13.502,766
1996-03-02,13.501,766
1996-03-03,13.523,766
1996-03-04,13.777,766
1996-03-05,13.792,766
1996-03-06,13.923,766
1996-03-07,14.234,766
1996-03-08,14.629,766
1996-03-09,14.707,766
1996-03-10,14.571,766
1996-03-11,14.472,766
1996-03-12,14.363,766
1996-03-13,14.118,766
1996-03-14,14.07,766
1996-03-15,14.021,766
1996-03-16,14.081,766
1996-03-17,14.132,766
1996-03-18,14.152,766
1996-03-19,14.18,766
1996-03-20,14.045,766
1996-03-21,14.01,766
1996-03-22,13.886,766
1996-03-23,13.848,766
1996-03-24,13.862,766
1996-03-25,13.694,766
1996-03-26,13.474,766
1996-03-27,13.554,766
1996-03-28,13.544,766
1996-03-29,13.515,766
1996-03-30,13.788,766
1996-03-31,14.164,766
1996-04-01,14.215,766
1996-04-02,13.871,766
1996-04-03,13.685,766
1996-04-04,13.615,766
1996-04-05,13.68,766
1996-04-06,13.713,766
1996-04-07,13.718,766
1996-04-08,13.985,766
1996-04-09,13.382,766
1996-04-10,13.294,766
1996-04-11,13.222,766
1996-04-12,13.14,766
1996-04-13,13.057,766
1996-04-14,13.171,766
1996-04-15,13.163,766
1996-04-16,13.283,766
1996-04-17,13.512,766
1996-04-18,13.372,766
1996-04-19,13.216,766
1996-04-20,12.952,766
1996-04-21,12.838,766
1996-04-22,12.858,766
1996-04-23,12.844,766
1996-04-24,12.794,766
1996-04-25,12.785,766
1996-04-26,12.758,766
1996-04-27,12.8,766
1996-04-28,12.932,766
1996-04-29,13.268,766
1996-04-30,13.843,766
1996-05-01,13.87,766
1996-05-02,13.775,766
1996-05-03,13.52,766
1996-05-04,13.441,766
1996-05-05,13.394,766
1996-05-06,13.417,766
1996-05-07,13.212,766
1996-05-08,13.005,766
1996-05-09,12.85,766
1996-05-10,12.792,766
1996-05-11,12.995,766
1996-05-12,13.149,766
1996-05-13,13.048,766
1996-05-14,13.052,766
1996-05-15,13.366,766
1996-05-16,14.257,766
1996-05-17,14.465,766
1996-05-18,14.447,766
1996-05-19,14.213,766
1996-05-20,13.991,766
1996-05-21,13.645,766
1996-05-22,13.172,766
1996-05-23,12.926,766
1996-05-24,12.877,766
1996-05-25,12.945,766
1996-05-26,13.257,766
1996-05-27,12.765,766
1996-05-28,12.703,766
1996-05-29,12.628,766
1996-05-30,12.181,766
1996-05-31,12.202,766
1996-06-01,12.306,766
1996-06-02,12.82,766
1996-06-03,13.428,766
1996-06-04,13.024,766
1996-06-05,12.935,766
1996-06-06,12.945,766
1996-06-07,12.763,766
1996-06-08,13.075,766
1996-06-09,13.115,766
1996-06-10,12.911,766
1996-06-11,12.655,766
1996-06-12,12.552,766
1996-06-13,12.361,766
1996-06-14,12.346,766
1996-06-15,12.369,766
1996-06-16,12.41,766
1996-06-17,12.371,766
1996-06-18,12.397,766
1996-06-19,12.466,766
1996-06-20,12.553,766
1996-06-21,12.504,766
1996-06-22,12.453,766
1996-06-23,12.496,766
1996-06-24,12.562,766
1996-06-25,12.641,766
1996-06-26,13.525,766
1996-06-27,13.77,766
1996-06-28,13.675,766
1996-06-29,13.513,766
1996-06-30,13.794,766
1996-07-01,14.277,766
1996-07-02,14.563,766
1996-07-03,13.924,766
1996-07-04,13.437,766
1996-07-05,13.248,766
1996-07-06,13.233,766
1996-07-07,13.263,766
1996-07-08,13.447,766
1996-07-09,13.597,766
1996-07-10,14.517,766
1996-07-11,14.779,766
1996-07-12,14.863,766
1996-07-13,14.824,766
1996-07-14,14.854,766
1996-07-15,14.803,766
1996-07-16,14.665,766
1996-07-17,14.563,766
1996-07-18,14.523,766
1996-07-19,14.62,766
1996-07-20,14.642,766
1996-07-21,14.749,766
1996-07-22,14.895,766
1996-07-23,14.956,766
1996-07-24,14.714,766
1996-07-25,14.72,766
1996-07-26,15.458,766
1996-07-27,15.89,766
1996-07-28,15.844,766
1996-07-29,15.664,766
1996-07-30,15.172,766
1996-07-31,15.292,766
1996-08-01,15.331,766
1996-08-02,14.853,766
1996-08-03,14.915,766
1996-08-04,14.942,766
1996-08-05,15.04,766
1996-08-06,15.157,766
1996-08-07,14.946,766
1996-08-08,14.836,766
1996-08-09,14.521,766
1996-08-10,14.594,766
1996-08-11,15.19,766
1996-08-12,15.886,766
1996-08-13,15.793,766
1996-08-14,15.619,766
1996-08-15,15.507,766
1996-08-16,15.527,766
1996-08-17,15.567,766
1996-08-18,15.472,766
1996-08-19,15.229,766
1996-08-20,15.175,766
1996-08-21,15.148,766
1996-08-22,15.099,766
1996-08-23,15.101,766
1996-08-24,14.653,766
1996-08-25,14.691,766
1996-08-26,14.849,766
1996-08-27,14.859,766
1996-08-28,14.835,766
1996-08-29,14.707,766
1996-08-30,14.485,766
1996-08-31,14.7,766
1996-09-01,14.85,766
1996-09-02,14.955,766
1996-09-03,15.115,766
1996-09-04,14.936,766
1996-09-05,14.913,766
1996-09-06,14.895,766
1996-09-07,14.953,766
1996-09-08,15.118,766
1996-09-09,15.149,766
1996-09-10,15.371,766
1996-09-11,15.498,766
1996-09-12,15.515,766
1996-09-13,15.546,766
1996-09-14,15.802,766
1996-09-15,15.667,766
1996-09-16,15.082,766
1996-09-17,15.307,766
1996-09-18,15.467,766
1996-09-19,15.591,766
1996-09-20,15.699,766
1996-09-21,15.576,766
1996-09-22,15.725,766
1996-09-23,16.086,766
1996-09-24,16.456,766
1996-09-25,16.434,766
1996-09-26,16.416,766
1996-09-27,16.392,766
1996-09-28,16.371,766
1996-09-29,16.328,766
1996-09-30,16.475,766
1996-10-01,16.091,766
1996-10-02,16.176,766
1996-10-03,16.2,766
1996-10-04,16.291,766
1996-10-05,16.424,766
1996-10-06,16.416,766
1996-10-07,16.571,766
1996-10-08,16.717,766
1996-10-09,16.64,766
1996-10-10,16.602,766
1996-10-11,16.553,766
1996-10-12,16.358,766
1996-10-13,16.255,766
1996-10-14,16.152,766
1996-10-15,15.801,766
1996-10-16,15.191,766
1996-10-17,15.099,766
1996-10-18,14.933,766
1996-10-19,14.712,766
1996-10-20,14.634,766
1996-10-21,14.676,766
1996-10-22,14.746,766
1996-10-23,14.823,766
1996-10-24,14.85,766
1996-10-25,14.448,766
1996-10-26,14.341,766
1996-10-27,14.324,766
1996-10-28,14.539,766
1996-10-29,14.724,766
1996-10-30,14.776,766
1996-10-31,14.713,766
1996-11-01,14.713,766
1996-11-02,14.709,766
1996-11-03,14.653,766
1996-11-04,14.17,766
1996-11-05,14.161,766
1996-11-06,14.111,766
1996-11-07,14.073,766
1996-11-08,14.088,766
1996-11-09,14.074,766
1996-11-10,14.468,766
1996-11-11,14.428,766
1996-11-12,14.625,766
1996-11-13,14.467,766
1996-11-14,14.338,766
1996-11-15,14.015,766
1996-11-16,13.805,766
1996-11-17,13.779,766
1996-11-18,14.078,766
1996-11-19,14.137,766
1996-11-20,14.114,766
1996-11-21,14.242,766
1996-11-22,14.559,766
1996-11-23,14.543,766
1996-11-24,14.508,766
1996-11-25,14.412,766
1996-11-26,14.315,766
1996-11-27,14.232,766
1996-11-28,14.048,766
1996-11-29,13.403,766
1996-11-30,13.392,766
1996-12-01,13.418,766
1996-12-02,13.281,766
1996-12-03,13.181,766
1996-12-04,13.125,766
1996-12-05,13.138,766
1996-12-06,13.311,766
1996-12-07,13.394,766
1996-12-08,13.425,766
1996-12-09,13.716,766
1996-12-10,13.724,766
1996-12-11,13.739,766
1996-12-12,14.037,766
1996-12-13,14.013,766
1996-12-14,13.986,766
1996-12-15,13.802,766
1996-12-16,13.71,766
1996-12-17,13.764,766
1996-12-18,13.864,766
1996-12-19,13.916,766
1996-12-20,13.872,766
1996-12-21,13.917,766
1996-12-22,13.964,766
1996-12-23,13.908,766
1996-12-24,13.749,766
1996-12-25,13.757,766
1996-12-26,13.77,766
1996-12-27,13.714,766
1996-12-28,13.682,766
1996-12-29,13.643,766
1996-12-30,13.669,766
1996-12-31,13.685,766
1997-01-01,13.717,766
1997-01-02,14.058,766
1997-01-03,14.14,766
1997-01-04,14.065,766
1997-01-05,13.63,766
1997-01-06,13.564,766
1997-01-07,13.466,766
1997-01-08,13.428,766
1997-01-09,13.398,766
1997-01-10,13.327,766
1997-01-11,13.267,766
1997-01-12,13.172,766
1997-01-13,13.186,766
1997-01-14,13.132,766
1997-01-15,12.829,766
1997-01-16,12.863,766
1997-01-17,13.044,766
1997-01-18,13.205,766
1997-01-19,13.476,766
1997-01-20,13.466,766
1997-01-21,13.432,766
1997-01-22,13.321,766
1997-01-23,13.273,766
1997-01-24,13.316,766
1997-01-25,13.649,766
1997-01-26,13.492,766
1997-01-27,13.416,766
1997-01-28,13.732,766
1997-01-29,13.764,766
1997-01-30,13.791,766
1997-01-31,13.776,766
1997-02-01,13.726,766
1997-02-02,13.728,766
1997-02-03,13.677,766
1997-02-04,13.535,766
1997-02-05,13.328,766
1997-02-06,13.227,766
1997-02-07,13.193,766
1997-02-08,13.245,766
1997-02-09,13.249,766
1997-02-10,13.188,766
1997-02-11,13.096,766
1997-02-12,13.093,766
1997-02-13,13.093,766
1997-02-14,13.042,766
1997-02-15,13.28,766
1997-02-16,13.271,766
1997-02-17,13.02,766
1997-02-18,12.952,766
1997-02-19,12.821,766
1997-02-20,12.534,766
1997-02-21,12.477,766
1997-02-22,12.566,766
1997-02-23,12.672,766
1997-02-24,12.642,766
1997-02-25,12.618,766
1997-02-26,12.511,766
1997-02-27,11.946,766
1997-02-28,11.842,766
1997-03-01,11.806,766
1997-03-02,11.769,766
1997-03-03,11.733,766
1997-03-04,11.939,766
1997-03-05,12.037,766
1997-03-06,12.05,766
1997-03-07,11.907,766
1997-03-08,11.85,766
1997-03-09,11.796,766
1997-03-10,11.783,766
1997-03-11,11.936,766
1997-03-12,11.958,766
1997-03-13,11.989,766
1997-03-14,11.908,766
1997-03-15,11.918,766
1997-03-16,12.437,766
1997-03-17,12.834,766
1997-03-18,12.842,766
1997-03-19,12.849,766
1997-03-20,12.827,766
1997-03-21,12.796,766
1997-03-22,12.753,766
1997-03-23,12.69,766
1997-03-24,12.559,766
1997-03-25,12.602,766
1997-03-26,12.832,766
1997-03-27,12.814,766
1997-03-28,13.313,766
1997-03-29,13.467,766
1997-03-30,13.424,766
1997-03-31,13.301,766
1997-04-01,13.063,766
1997-04-02,12.693,766
1997-04-03,12.769,766
1997-04-04,12.8,766
1997-04-05,12.906,766
1997-04-06,12.956,766
1997-04-07,12.879,766
1997-04-08,12.639,766
1997-04-09,12.325,766
1997-04-10,12.181,766
1997-04-11,12.115,766
1997-04-12,12.107,766
1997-04-13,12.109,766
1997-04-14,12.096,766
1997-04-15,12.398,766
1997-04-16,12.513,766
1997-04-17,12.592,766
1997-04-18,12.683,766
1997-04-19,12.771,766
1997-04-20,13.257,766
1997-04-21,13.239,766
1997-04-22,13.28,766
1997-04-23,13.082,766
1997-04-24,12.593,766
1997-04-25,12.365,766
1997-04-26,12.39,766
1997-04-27,12.412,766
1997-04-28,12.291,766
1997-04-29,12.238,766
1997-04-30,12.214,766
1997-05-01,12.17,766
1997-05-02,11.997,766
1997-05-03,12.059,766
1997-05-04,12.332,766
1997-05-05,12.368,766
1997-05-06,12.449,766
1997-05-07,12.493,766
1997-05-08,12.431,766
1997-05-09,12.459,766
1997-05-10,12.568,766
1997-05-11,12.578,766
1997-05-12,12.609,766
1997-05-13,12.647,766
1997-05-14,13.196,766
1997-05-15,13.465,766
1997-05-16,13.46,766
1997-05-17,13.709,766
1997-05-18,13.939,766
1997-05-19,15.054,766
1997-05-20,15.442,766
1997-05-21,15.459,766
1997-05-22,15.476,766
1997-05-23,15.304,766
1997-05-24,15.275,766
1997-05-25,15.176,766
1997-05-26,14.586,766
1997-05-27,14.356,766
1997-05-28,14.406,766
1997-05-29,14.615,766
1997-05-30,14.769,766
1997-05-31,14.824,766
1997-06-01,14.786,766
1997-06-02,14.621,766
1997-06-03,14.583,766
1997-06-04,14.845,766
1997-06-05,14.554,766
1997-06-06,14.301,766
1997-06-07,14.132,766
1997-06-08,14.643,766
1997-06-09,14.997,766
1997-06-10,14.828,766
1997-06-11,14.42,766
1997-06-12,14.225,766
1997-06-13,14.148,766
1997-06-14,14.416,766
1997-06-15,15.082,766
1997-06-16,15.164,766
1997-06-17,14.659,766
1997-06-18,14.649,766
1997-06-19,14.675,766
1997-06-20,14.523,766
1997-06-21,14.364,766
1997-06-22,14.33,766
1997-06-23,14.218,766
1997-06-24,14.225,766
1997-06-25,14.35,766
1997-06-26,14.222,766
1997-06-27,14.339,766
1997-06-28,14.375,766
1997-06-29,14.419,766
1997-06-30,14.554,766
1997-07-01,14.611,766
1997-07-02,14.53,766
1997-07-03,14.49,766
1997-07-04,14.378,766
1997-07-05,14.353,766
1997-07-06,14.35,766
1997-07-07,14.355,766
1997-07-08,14.415,766
1997-07-09,14.671,766
1997-07-10,14.799,766
1997-07-11,14.97,766
1997-07-12,15.255,766
1997-07-13,15.68,766
1997-07-14,15.762,766
1997-07-15,15.637,766
1997-07-16,15.517,766
1997-07-17,15.281,766
1997-07-18,15.278,766
1997-07-19,15.281,766
1997-07-20,15.413,766
1997-07-21,15.486,766
1997-07-22,15.845,766
1997-07-23,15.967,766
1997-07-24,16.028,766
1997-07-25,16.118,766
1997-07-26,16.196,766
1997-07-27,16.299,766
1997-07-28,16.425,766
1997-07-29,16.581,766
1997-07-30,16.204,766
1997-07-31,16.253,766
1997-08-01,16.495,766
1997-08-02,16.563,766
1997-08-03,16.6,766
1997-08-04,16.561,766
1997-08-05,16.532,766
1997-08-06,16.468,766
1997-08-07,16.134,766
1997-08-08,16.156,766
1997-08-09,16.289,766
1997-08-10,16.84,766
1997-08-11,17.202,766
1997-08-12,17.302,766
1997-08-13,17.293,766
1997-08-14,17.223,766
1997-08-15,18.228,766
1997-08-16,18.566,766
1997-08-17,18.429,766
1997-08-18,18.336,766
1997-08-19,18.349,766
1997-08-20,18.532,766
1997-08-21,18.776,766
1997-08-22,18.705,766
1997-08-23,18.558,766
1997-08-24,18.43,766
1997-08-25,18.427,766
1997-08-26,18.399,766
1997-08-27,18.225,766
1997-08-28,18.153,766
1997-08-29,18.081,766
1997-08-30,18.025,766
1997-08-31,17.844,766
1997-09-01,17.879,766
1997-09-02,17.927,766
1997-09-03,17.833,766
1997-09-04,17.812,766
1997-09-05,17.855,766
1997-09-06,18.078,766
1997-09-07,18.424,766
1997-09-08,18.656,766
1997-09-09,18.627,766
1997-09-10,18.498,766
1997-09-11,18.298,766
1997-09-12,18.072,766
1997-09-13,18.115,766
1997-09-14,18.239,766
1997-09-15,18.282,766
1997-09-16,18.324,766
1997-09-17,18.115,766
1997-09-18,18.045,766
1997-09-19,18.117,766
1997-09-20,18.177,766
1997-09-21,18.214,766
1997-09-22,18.374,766
1997-09-23,18.502,766
1997-09-24,18.729,766
1997-09-25,18.776,766
1997-09-26,18.779,766
1997-09-27,18.825,766
1997-09-28,18.895,766
1997-09-29,18.904,766
1997-09-30,18.951,766
1997-10-01,19.17,766
1997-10-02,19.134,766
1997-10-03,18.883,766
1997-10-04,18.694,766
1997-10-05,18.745,766
1997-10-06,18.614,766
1997-10-07,17.58,766
1997-10-08,17.419,766
1997-10-09,17.531,766
1997-10-10,17.581,766
1997-10-11,17.387,766
1997-10-12,17.361,766
1997-10-13,17.567,766
1997-10-14,17.972,766
1997-10-15,18.023,766
1997-10-16,17.951,766
1997-10-17,18.036,766
1997-10-18,17.753,766
1997-10-19,17.662,766
1997-10-20,17.519,766
1997-10-21,17.428,766
1997-10-22,17.339,766
1997-10-23,17.27,766
1997-10-24,17.646,766
1997-10-25,17.824,766
1997-10-26,17.981,766
1997-10-27,18.074,766
1997-10-28,18.061,766
1997-10-29,18.156,766
1997-10-30,18.239,766
1997-10-31,18.297,766
1997-11-01,18.663,766
1997-11-02,18.759,766
1997-11-03,18.765,766
1997-11-04,18.641,766
1997-11-05,18.655,766
1997-11-06,18.573,766
1997-11-07,18.245,766
1997-11-08,18.14,766
1997-11-09,18.021,766
1997-11-10,17.745,766
1997-11-11,17.632,766
1997-11-12,17.68,766
1997-11-13,17.67,766
1997-11-14,17.635,766
1997-11-15,17.638,766
1997-11-16,17.633,766
1997-11-17,17.631,766
1997-11-18,17.737,766
1997-11-19,17.859,766
1997-11-20,17.704,766
1997-11-21,17.836,766
1997-11-22,18.171,766
1997-11-23,18.039,766
1997-11-24,17.906,766
1997-11-25,17.728,766
1997-11-26,17.488,766
1997-11-27,17.508,766
1997-11-28,17.523,766
1997-11-29,17.462,766
1997-11-30,17.155,766
1997-12-01,17.102,766
1997-12-02,17.094,766
1997-12-03,16.981,766
1997-12-04,16.887,766
1997-12-05,16.638,766
1997-12-06,16.676,766
1997-12-07,16.772,766
1997-12-08,16.796,766
1997-12-09,16.623,766
1997-12-10,16.561,766
1997-12-11,16.55,766
1997-12-12,16.417,766
1997-12-13,16.234,766
1997-12-14,16.272,766
1997-12-15,16.264,766
1997-12-16,16.245,766
1997-12-17,16.309,766
1997-12-18,16.351,766
1997-12-19,16.26,766
1997-12-20,16.198,766
1997-12-21,16.114,766
1997-12-22,15.963,766
1997-12-23,15.889,766
1997-12-24,15.883,766
1997-12-25,15.774,766
1997-12-26,15.639,766
1997-12-27,15.665,766
1997-12-28,15.796,766
1997-12-29,15.796,766
1997-12-30,15.981,766
1997-12-31,15.804,766
1998-01-01,15.765,766
1998-01-02,15.604,766
1998-01-03,15.75,766
1998-01-04,15.763,766
1998-01-05,15.768,766
1998-01-06,15.753,766
1998-01-07,15.827,766
1998-01-08,15.739,766
1998-01-09,15.658,766
1998-01-10,15.623,766
1998-01-11,15.627,766
1998-01-12,15.635,766
1998-01-13,15.581,766
1998-01-14,15.491,766
1998-01-15,15.356,766
1998-01-16,15.79,766
1998-01-17,15.793,766
1998-01-18,15.759,766
1998-01-19,15.515,766
1998-01-20,15.42,766
1998-01-21,15.424,766
1998-01-22,15.37,766
1998-01-23,15.378,766
1998-01-24,15.372,766
1998-01-25,15.374,766
1998-01-26,15.354,766
1998-01-27,15.395,766
1998-01-28,15.315,766
1998-01-29,15.217,766
1998-01-30,15.239,766
1998-01-31,15.171,766
1998-02-01,15.105,766
1998-02-02,15.02,766
1998-02-03,15.054,766
1998-02-04,15.088,766
1998-02-05,15.059,766
1998-02-06,14.912,766
1998-02-07,14.747,766
1998-02-08,15.022,766
1998-02-09,15.153,766
1998-02-10,15.181,766
1998-02-11,15.062,766
1998-02-12,14.812,766
1998-02-13,14.854,766
1998-02-14,15.015,766
1998-02-15,15.063,766
1998-02-16,15.021,766
1998-02-17,14.828,766
1998-02-18,14.83,766
1998-02-19,14.839,766
1998-02-20,14.718,766
1998-02-21,14.666,766
1998-02-22,14.696,766
1998-02-23,14.652,766
1998-02-24,14.535,766
1998-02-25,14.442,766
1998-02-26,14.393,766
1998-02-27,14.516,766
1998-02-28,14.419,766
1998-03-01,14.345,766
1998-03-02,14.333,766
1998-03-03,14.232,766
1998-03-04,14.179,766
1998-03-05,14.136,766
1998-03-06,13.962,766
1998-03-07,13.952,766
1998-03-08,13.975,766
1998-03-09,13.925,766
1998-03-10,13.96,766
1998-03-11,13.989,766
1998-03-12,14.059,766
1998-03-13,14.106,766
1998-03-14,14.082,766
1998-03-15,14.018,766
1998-03-16,13.787,766
1998-03-17,13.973,766
1998-03-18,14.143,766
1998-03-19,14.285,766
1998-03-20,14.332,766
1998-03-21,14.612,766
1998-03-22,15.308,766
1998-03-23,15.462,766
1998-03-24,15.361,766
1998-03-25,15.04,766
1998-03-26,14.965,766
1998-03-27,14.818,766
1998-03-28,14.426,766
1998-03-29,13.803,766
1998-03-30,13.687,766
1998-03-31,13.723,766
1998-04-01,13.945,766
1998-04-02,13.867,766
1998-04-03,14.018,766
1998-04-04,13.949,766
1998-04-05,13.972,766
1998-04-06,13.964,766
1998-04-07,13.909,766
1998-04-08,13.878,766
1998-04-09,13.919,766
1998-04-10,14.434,766
1998-04-11,14.319,766
1998-04-12,13.615,766
1998-04-13,13.551,766
1998-04-14,13.637,766
1998-04-15,13.432,766
1998-04-16,13.403,766
1998-04-17,13.449,766
1998-04-18,13.387,766
1998-04-19,13.161,766
1998-04-20,13.128,766
1998-04-21,13.271,766
1998-04-22,13.679,766
1998-04-23,13.573,766
1998-04-24,13.01,766
1998-04-25,12.547,766
1998-04-26,12.736,766
1998-04-27,12.842,766
1998-04-28,12.834,766
1998-04-29,13.724,766
1998-04-30,13.677,766
1998-05-01,13.603,766
1998-05-02,13.742,766
1998-05-03,13.901,766
1998-05-04,13.938,766
1998-05-05,14.467,766
1998-05-06,14.629,766
1998-05-07,14.641,766
1998-05-08,13.948,766
1998-05-09,13.911,766
1998-05-10,13.89,766
1998-05-11,13.841,766
1998-05-12,13.783,766
1998-05-13,13.758,766
1998-05-14,13.989,766
1998-05-15,14.017,766
1998-05-16,14.005,766
1998-05-17,13.936,766
1998-05-18,13.752,766
1998-05-19,13.669,766
1998-05-20,13.593,766
1998-05-21,13.487,766
1998-05-22,13.366,766
1998-05-23,13.466,766
1998-05-24,13.667,766
1998-05-25,13.779,766
1998-05-26,13.78,766
1998-05-27,13.795,766
1998-05-28,14.402,766
1998-05-29,14.293,766
1998-05-30,14.298,766
1998-05-31,14.378,766
1998-06-01,14.777,766
1998-06-02,14.895,766
1998-06-03,15.037,766
1998-06-04,15.002,766
1998-06-05,14.947,766
1998-06-06,14.985,766
1998-06-07,14.929,766
1998-06-08,14.845,766
1998-06-09,14.763,766
1998-06-10,14.675,766
1998-06-11,14.816,766
1998-06-12,15.125,766
1998-06-13,15.216,766
1998-06-14,15.433,766
1998-06-15,15.239,766
1998-06-16,15.056,766
1998-06-17,14.91,766
1998-06-18,14.899,766
1998-06-19,15,766
1998-06-20,14.97,766
1998-06-21,14.967,766
1998-06-22,14.942,766
1998-06-23,14.799,766
1998-06-24,14.622,766
1998-06-25,14.553,766
1998-06-26,14.594,766
1998-06-27,14.571,766
1998-06-28,14.426,766
1998-06-29,13.77,766
1998-06-30,13.669,766
1998-07-01,13.57,766
1998-07-02,13.709,766
1998-07-03,13.902,766
1998-07-04,14.02,766
1998-07-05,14.225,766
1998-07-06,14.417,766
1998-07-07,14.544,766
1998-07-08,14.568,766
1998-07-09,14.428,766
1998-07-10,14.348,766
1998-07-11,14.382,766
1998-07-12,14.437,766
1998-07-13,14.515,766
1998-07-14,14.894,766
1998-07-15,15.16,766
1998-07-16,15.392,766
1998-07-17,15.531,766
1998-07-18,15.565,766
1998-07-19,15.661,766
1998-07-20,15.699,766
1998-07-21,15.774,766
1998-07-22,15.962,766
1998-07-23,16.325,766
1998-07-24,16.525,766
1998-07-25,17.049,766
1998-07-26,17.165,766
1998-07-27,16.943,766
1998-07-28,16.795,766
1998-07-29,16.626,766
1998-07-30,16.769,766
1998-07-31,16.79,766
1998-08-01,16.674,766
1998-08-02,16.363,766
1998-08-03,16.39,766
1998-08-04,16.5,766
1998-08-05,16.497,766
1998-08-06,16.592,766
1998-08-07,16.574,766
1998-08-08,16.771,766
1998-08-09,16.728,766
1998-08-10,16.6,766
1998-08-11,16.638,766
1998-08-12,16.053,766
1998-08-13,16.132,766
1998-08-14,16.066,766
1998-08-15,16.431,766
1998-08-16,17.09,766
1998-08-17,17.183,766
1998-08-18,17.124,766
1998-08-19,16.993,766
1998-08-20,17.152,766
1998-08-21,17.036,766
1998-08-22,16.834,766
1998-08-23,16.743,766
1998-08-24,16.699,766
1998-08-25,16.545,766
1998-08-26,16.468,766
1998-08-27,16.318,766
1998-08-28,16.506,766
1998-08-29,16.544,766
1998-08-30,16.54,766
1998-08-31,16.401,766
1998-09-01,16.109,766
1998-09-02,16.051,766
1998-09-03,16.159,766
1998-09-04,16.212,766
1998-09-05,16.797,766
1998-09-06,16.846,766
1998-09-07,16.834,766
1998-09-08,17.017,766
1998-09-09,17.104,766
1998-09-10,16.994,766
1998-09-11,16.954,766
1998-09-12,16.934,766
1998-09-13,16.827,766
1998-09-14,16.863,766
1998-09-15,16.984,766
1998-09-16,17.049,766
1998-09-17,17.18,766
1998-09-18,17.075,766
1998-09-19,16.953,766
1998-09-20,16.875,766
1998-09-21,17.013,766
1998-09-22,17.293,766
1998-09-23,17.288,766
1998-09-24,17.225,766
1998-09-25,17.136,766
1998-09-26,17.615,766
1998-09-27,17.375,766
1998-09-28,17.079,766
1998-09-29,16.883,766
1998-09-30,16.771,766
1998-10-01,16.901,766
1998-10-02,16.61,766
1998-10-03,16.526,766
1998-10-04,16.354,766
1998-10-05,16.182,766
1998-10-06,16.181,766
1998-10-07,16.198,766
1998-10-08,16.341,766
1998-10-09,16.301,766
1998-10-10,15.945,766
1998-10-11,15.666,766
1998-10-12,15.689,766
1998-10-13,15.678,766
1998-10-14,15.246,766
1998-10-15,14.957,766
1998-10-16,14.925,766
1998-10-17,15.036,766
1998-10-18,15.169,766
1998-10-19,15.224,766
1998-10-20,15.471,766
1998-10-21,15.53,766
1998-10-22,15.561,766
1998-10-23,15.411,766
1998-10-24,15.357,766
1998-10-25,15.296,766
1998-10-26,15.154,766
1998-10-27,15.009,766
1998-10-28,15.01,766
1998-10-29,14.745,766
1998-10-30,14.702,766
1998-10-31,14.721,766
1998-11-01,14.718,766
1998-11-02,14.476,766
1998-11-03,14.382,766
1998-11-04,14.358,766
1998-11-05,13.988,766
1998-11-06,13.766,766
1998-11-07,13.677,766
1998-11-08,13.726,766
1998-11-09,13.761,766
1998-11-10,13.804,766
1998-11-11,13.851,766
1998-11-12,13.882,766
1998-11-13,13.964,766
1998-11-14,14.16,766
1998-11-15,14.148,766
1998-11-16,14.239,766
1998-11-17,14.312,766
1998-11-18,14.074,766
1998-11-19,13.994,766
1998-11-20,13.948,766
1998-11-21,13.892,766
1998-11-22,13.893,766
1998-11-23,13.804,766
1998-11-24,13.963,766
1998-11-25,13.952,766
1998-11-26,13.947,766
1998-11-27,13.897,766
1998-11-28,13.661,766
1998-11-29,13.557,766
1998-11-30,13.679,766
1998-12-01,13.772,766
1998-12-02,13.746,766
1998-12-03,13.681,766
1998-12-04,13.369,766
1998-12-05,13.311,766
1998-12-06,13.228,766
1998-12-07,13.003,766
1998-12-08,12.978,766
1998-12-09,12.983,766
1998-12-10,12.981,766
1998-12-11,12.981,766
1998-12-12,12.941,766
1998-12-13,12.85,766
1998-12-14,12.739,766
1998-12-15,12.757,766
1998-12-16,12.808,766
1998-12-17,12.923,766
1998-12-18,12.965,766
1998-12-19,12.834,766
1998-12-20,12.211,766
1998-12-21,12.22,766
1998-12-22,12.136,766
1998-12-23,12.041,766
1998-12-24,12.022,766
1998-12-25,12.047,766
1998-12-26,11.999,766
1998-12-27,11.774,766
1998-12-28,12.024,766
1998-12-29,12.074,766
1998-12-30,12.09,766
1998-12-31,11.964,766
1999-01-01,11.965,766
1999-01-02,11.98,766
1999-01-03,12.071,766
1999-01-04,12.12,766
1999-01-05,12.205,766
1999-01-06,12.261,766
1999-01-07,12.407,766
1999-01-08,12.271,766
1999-01-09,12.188,766
1999-01-10,12.175,766
1999-01-11,12.632,766
1999-01-12,12.514,766
1999-01-13,12.404,766
1999-01-14,12.542,766
1999-01-15,12.62,766
1999-01-16,12.652,766
1999-01-17,12.525,766
1999-01-18,12.572,766
1999-01-19,12.755,766
1999-01-20,13.15,766
1999-01-21,13.139,766
1999-01-22,13.066,766
1999-01-23,13.032,766
1999-01-24,12.86,766
1999-01-25,12.784,766
1999-01-26,12.542,766
1999-01-27,12.466,766
1999-01-28,12.448,766
1999-01-29,12.471,766
1999-01-30,12.481,766
1999-01-31,12.376,766
1999-02-01,12.409,766
1999-02-02,12.464,766
1999-02-03,12.518,766
1999-02-04,12.488,766
1999-02-05,12.331,766
1999-02-06,12.319,766
1999-02-07,12.354,766
1999-02-08,12.351,766
1999-02-09,12.278,766
1999-02-10,12.22,766
1999-02-11,12.192,766
1999-02-12,12.138,766
1999-02-13,12.123,766
1999-02-14,12.131,766
1999-02-15,12.082,766
1999-02-16,12.086,766
1999-02-17,12.134,766
1999-02-18,12.225,766
1999-02-19,12.225,766
1999-02-20,12.245,766
1999-02-21,12.156,766
1999-02-22,12.057,766
1999-02-23,12.023,766
1999-02-24,11.975,766
1999-02-25,11.883,766
1999-02-26,11.779,766
1999-02-27,11.68,766
1999-02-28,11.65,766
1999-03-01,11.849,766
1999-03-02,11.966,766
1999-03-03,11.776,766
1999-03-04,11.609,766
1999-03-05,11.598,766
1999-03-06,11.63,766
1999-03-07,11.778,766
1999-03-08,11.741,766
1999-03-09,11.559,766
1999-03-10,11.661,766
1999-03-11,11.247,766
1999-03-12,11.153,766
1999-03-13,11.088,766
1999-03-14,11.138,766
1999-03-15,11.869,766
1999-03-16,11.838,766
1999-03-17,11.678,766
1999-03-18,11.665,766
1999-03-19,11.885,766
1999-03-20,11.696,766
1999-03-21,11.465,766
1999-03-22,11.82,766
1999-03-23,11.887,766
1999-03-24,11.936,766
1999-03-25,12.1,766
1999-03-26,12.031,766
1999-03-27,11.975,766
1999-03-28,11.853,766
1999-03-29,11.648,766
1999-03-30,11.625,766
1999-03-31,11.556,766
1999-04-01,11.38,766
1999-04-02,11.385,766
1999-04-03,11.37,766
1999-04-04,11.158,766
1999-04-05,10.953,766
1999-04-06,10.864,766
1999-04-07,11.256,766
1999-04-08,11.268,766
1999-04-09,11.161,766
1999-04-10,11.117,766
1999-04-11,11.11,766
1999-04-12,11.327,766
1999-04-13,11.675,766
1999-04-14,11.726,766
1999-04-15,11.795,766
1999-04-16,12.364,766
1999-04-17,12.48,766
1999-04-18,12.425,766
1999-04-19,12.237,766
1999-04-20,11.933,766
1999-04-21,11.652,766
1999-04-22,11.298,766
1999-04-23,11.267,766
1999-04-24,11.401,766
1999-04-25,12.062,766
1999-04-26,11.936,766
1999-04-27,11.738,766
1999-04-28,11.66,766
1999-04-29,11.552,766
1999-04-30,11.372,766
1999-05-01,11.622,766
1999-05-02,11.865,766
1999-05-03,11.949,766
1999-05-04,11.893,766
1999-05-05,11.851,766
1999-05-06,11.811,766
1999-05-07,11.779,766
1999-05-08,11.601,766
1999-05-09,11.183,766
1999-05-10,11.094,766
1999-05-11,11.019,766
1999-05-12,11.117,766
1999-05-13,11.124,766
1999-05-14,11.099,766
1999-05-15,11.035,766
1999-05-16,10.921,766
1999-05-17,11.129,766
1999-05-18,11.473,766
1999-05-19,11.495,766
1999-05-20,11.383,766
1999-05-21,11.464,766
1999-05-22,11.645,766
1999-05-23,11.892,766
1999-05-24,12.13,766
1999-05-25,12.258,766
1999-05-26,12.22,766
1999-05-27,12.175,766
1999-05-28,12.239,766
1999-05-29,12.362,766
1999-05-30,12.366,766
1999-05-31,12.629,766
1999-06-01,12.707,766
1999-06-02,13.119,766
1999-06-03,13.137,766
1999-06-04,13.111,766
1999-06-05,12.768,766
1999-06-06,12.386,766
1999-06-07,12.257,766
1999-06-08,12.162,766
1999-06-09,12.103,766
1999-06-10,11.778,766
1999-06-11,11.885,766
1999-06-12,11.987,766
1999-06-13,11.848,766
1999-06-14,11.177,766
1999-06-15,10.903,766
1999-06-16,10.707,766
1999-06-17,11.038,766
1999-06-18,11.168,766
1999-06-19,11.315,766
1999-06-20,11.327,766
1999-06-21,11.473,766
1999-06-22,11.748,766
1999-06-23,12.025,766
1999-06-24,12.661,766
1999-06-25,12.719,766
1999-06-26,12.775,766
1999-06-27,12.757,766
1999-06-28,12.903,766
1999-06-29,13.241,766
1999-06-30,13.324,766
1999-07-01,13.505,766
1999-07-02,13.774,766
1999-07-03,13.82,766
1999-07-04,13.83,766
1999-07-05,13.828,766
1999-07-06,13.634,766
1999-07-07,13.503,766
1999-07-08,13.605,766
1999-07-09,13.923,766
1999-07-10,14.303,766
1999-07-11,14.962,766
1999-07-12,14.952,766
1999-07-13,14.969,766
1999-07-14,14.815,766
1999-07-15,14.895,766
1999-07-16,14.959,766
1999-07-17,15.028,766
1999-07-18,15.153,766
1999-07-19,15.315,766
1999-07-20,15.447,766
1999-07-21,15.406,766
1999-07-22,15.349,766
1999-07-23,15.247,766
1999-07-24,15.187,766
1999-07-25,15.059,766
1999-07-26,14.93,766
1999-07-27,15.013,766
1999-07-28,14.955,766
1999-07-29,14.949,766
1999-07-30,14.93,766
1999-07-31,14.786,766
1999-08-01,14.406,766
1999-08-02,14.68,766
1999-08-03,14.79,766
1999-08-04,14.76,766
1999-08-05,14.595,766
1999-08-06,14.893,766
1999-08-07,15.198,766
1999-08-08,15.256,766
1999-08-09,15.167,766
1999-08-10,16.185,766
1999-08-11,16.002,766
1999-08-12,15.149,766
1999-08-13,14.861,766
1999-08-14,14.767,766
1999-08-15,14.687,766
1999-08-16,14.602,766
1999-08-17,14.815,766
1999-08-18,14.882,766
1999-08-19,14.726,766
1999-08-20,14.526,766
1999-08-21,14.28,766
1999-08-22,14.212,766
1999-08-23,14.33,766
1999-08-24,14.237,766
1999-08-25,14.167,766
1999-08-26,14.11,766
1999-08-27,14.148,766
1999-08-28,14.347,766
1999-08-29,14.662,766
1999-08-30,14.398,766
1999-08-31,14.177,766
1999-09-01,14.054,766
1999-09-02,14.012,766
1999-09-03,14.295,766
1999-09-04,14.682,766
1999-09-05,14.779,766
1999-09-06,14.966,766
1999-09-07,15.315,766
1999-09-08,15.759,766
1999-09-09,15.868,766
1999-09-10,15.901,766
1999-09-11,15.834,766
1999-09-12,15.945,766
1999-09-13,15.774,766
1999-09-14,15.601,766
1999-09-15,15.459,766
1999-09-16,15.372,766
1999-09-17,15.429,766
1999-09-18,15.515,766
1999-09-19,15.92,766
1999-09-20,15.976,766
1999-09-21,15.962,766
1999-09-22,15.526,766
1999-09-23,15.594,766
1999-09-24,15.759,766
1999-09-25,15.592,766
1999-09-26,15.487,766
1999-09-27,15.53,766
1999-09-28,15.802,766
1999-09-29,16.078,766
1999-09-30,15.899,766
1999-10-01,15.684,766
1999-10-02,15.609,766
1999-10-03,16.104,766
1999-10-04,15.915,766
1999-10-05,15.893,766
1999-10-06,15.644,766
1999-10-07,15.485,766
1999-10-08,15.455,766
1999-10-09,15.676,766
1999-10-10,15.961,766
1999-10-11,15.679,766
1999-10-12,15.697,766
1999-10-13,15.605,766
1999-10-14,15.61,766
1999-10-15,15.611,766
1999-10-16,16.138,766
1999-10-17,16.142,766
1999-10-18,16.123,766
1999-10-19,15.767,766
1999-10-20,15.643,766
1999-10-21,15.638,766
1999-10-22,15.486,766
1999-10-23,15.405,766
1999-10-24,15.47,766
1999-10-25,15.441,766
1999-10-26,15.175,766
1999-10-27,15.096,766
1999-10-28,15.01,766
1999-10-29,14.895,766
1999-10-30,14.796,766
1999-10-31,14.983,766
1999-11-01,15.186,766
1999-11-02,15.174,766
1999-11-03,14.804,766
1999-11-04,14.806,766
1999-11-05,14.766,766
1999-11-06,14.8,766
1999-11-07,14.689,766
1999-11-08,14.709,766
1999-11-09,14.886,766
1999-11-10,14.776,766
1999-11-11,14.694,766
1999-11-12,14.67,766
1999-11-13,14.767,766
1999-11-14,14.721,766
1999-11-15,14.787,766
1999-11-16,14.949,766
1999-11-17,14.898,766
1999-11-18,14.874,766
1999-11-19,14.955,766
1999-11-20,15.056,766
1999-11-21,14.983,766
1999-11-22,14.547,766
1999-11-23,14.111,766
1999-11-24,14.058,766
1999-11-25,13.869,766
1999-11-26,13.922,766
1999-11-27,14.031,766
1999-11-28,14.089,766
1999-11-29,14.515,766
1999-11-30,14.414,766
1999-12-01,14.126,766
1999-12-02,13.816,766
1999-12-03,13.462,766
1999-12-04,13.498,766
1999-12-05,13.646,766
1999-12-06,13.724,766
1999-12-07,13.672,766
1999-12-08,13.51,766
1999-12-09,13.208,766
1999-12-10,13.225,766
1999-12-11,13.28,766
1999-12-12,13.286,766
1999-12-13,13.25,766
1999-12-14,12.969,766
1999-12-15,12.973,766
1999-12-16,13.051,766
1999-12-17,13.14,766
1999-12-18,13.121,766
1999-12-19,12.862,766
1999-12-20,12.858,766
1999-12-21,12.975,766
1999-12-22,13.077,766
1999-12-23,13.05,766
1999-12-24,13.113,766
1999-12-25,13.168,766
1999-12-26,13.22,766
1999-12-27,13.356,766
1999-12-28,13.408,766
1999-12-29,13.39,766
1999-12-30,13.299,766
1999-12-31,13.4,766
2000-01-01,13.281,766
2000-01-02,12.808,766
2000-01-03,12.79,766
2000-01-04,12.688,766
2000-01-05,12.361,766
2000-01-06,12.258,766
2000-01-07,12.265,766
2000-01-08,12.347,766
2000-01-09,12.333,766
2000-01-10,12.167,766
2000-01-11,12.105,766
2000-01-12,12.089,766
2000-01-13,12.128,766
2000-01-14,12.141,766
2000-01-15,12.366,766
2000-01-16,12.403,766
2000-01-17,12.501,766
2000-01-18,12.617,766
2000-01-19,12.745,766
2000-01-20,12.829,766
2000-01-21,12.816,766
2000-01-22,12.78,766
2000-01-23,12.817,766
2000-01-24,12.938,766
2000-01-25,12.964,766
2000-01-26,12.88,766
2000-01-27,12.826,766
2000-01-28,12.748,766
2000-01-29,12.684,766
2000-01-30,12.718,766
2000-01-31,12.856,766
2000-02-01,12.968,766
2000-02-02,13.002,766
2000-02-03,13.049,766
2000-02-04,13.004,766
2000-02-05,12.925,766
2000-02-06,12.899,766
2000-02-07,12.925,766
2000-02-08,12.954,766
2000-02-09,13.098,766
2000-02-10,13.121,766
2000-02-11,13.117,766
2000-02-12,13.108,766
2000-02-13,13.127,766
2000-02-14,13.134,766
2000-02-15,13.135,766
2000-02-16,13.421,766
2000-02-17,13.422,766
2000-02-18,13.41,766
2000-02-19,13.415,766
2000-02-20,13.345,766
2000-02-21,13.339,766
2000-02-22,13.201,766
2000-02-23,13.169,766
2000-02-24,13.171,766
2000-02-25,13.15,766
2000-02-26,13.193,766
2000-02-27,13.061,766
2000-02-28,12.941,766
2000-02-29,12.913,766
2000-03-01,12.925,766
2000-03-02,12.722,766
2000-03-03,12.663,766
2000-03-04,12.609,766
2000-03-05,12.603,766
2000-03-06,12.543,766
2000-03-07,12.483,766
2000-03-08,12.505,766
2000-03-09,12.8,766
2000-03-10,12.788,766
2000-03-11,12.751,766
2000-03-12,12.631,766
2000-03-13,12.585,766
2000-03-14,12.598,766
2000-03-15,12.672,766
2000-03-16,11.71,766
2000-03-17,11.654,766
2000-03-18,11.951,766
2000-03-19,12.156,766
2000-03-20,11.917,766
2000-03-21,11.869,766
2000-03-22,12.385,766
2000-03-23,12.769,766
2000-03-24,12.902,766
2000-03-25,12.615,766
2000-03-26,12.59,766
2000-03-27,12.483,766
2000-03-28,11.922,766
2000-03-29,11.902,766
2000-03-30,11.931,766
2000-03-31,12.062,766
2000-04-01,12.695,766
2000-04-02,13.085,766
2000-04-03,13.301,766
2000-04-04,13.179,766
2000-04-05,13.032,766
2000-04-06,12.893,766
2000-04-07,12.67,766
2000-04-08,12.584,766
2000-04-09,12.488,766
2000-04-10,12.498,766
2000-04-11,12.489,766
2000-04-12,12.637,766
2000-04-13,13.322,766
2000-04-14,13.415,766
2000-04-15,13.439,766
2000-04-16,13.367,766
2000-04-17,13.446,766
2000-04-18,13.477,766
2000-04-19,13.45,766
2000-04-20,13.411,766
2000-04-21,13.213,766
2000-04-22,13.052,766
2000-04-23,12.67,766
2000-04-24,12.475,766
2000-04-25,12.5,766
2000-04-26,12.505,766
2000-04-27,12.359,766
2000-04-28,12.282,766
2000-04-29,12.128,766
2000-04-30,11.93,766
2000-05-01,11.928,766
2000-05-02,11.916,766
2000-05-03,11.804,766
2000-05-04,11.756,766
2000-05-05,11.788,766
2000-05-06,12.155,766
2000-05-07,12.482,766
2000-05-08,12.654,766
2000-05-09,12.34,766
2000-05-10,12.051,766
2000-05-11,11.924,766
2000-05-12,11.922,766
2000-05-13,12.103,766
2000-05-14,12.136,766
2000-05-15,13.08,766
2000-05-16,13.015,766
2000-05-17,12.947,766
2000-05-18,12.608,766
2000-05-19,12.333,766
2000-05-20,12.388,766
2000-05-21,12.654,766
2000-05-22,13.135,766
2000-05-23,13.186,766
2000-05-24,13.27,766
2000-05-25,13.175,766
2000-05-26,12.752,766
2000-05-27,12.728,766
2000-05-28,12.674,766
2000-05-29,12.592,766
2000-05-30,12.543,766
2000-05-31,12.663,766
2000-06-01,12.679,766
2000-06-02,12.695,766
2000-06-03,12.68,766
2000-06-04,13.001,766
2000-06-05,13.231,766
2000-06-06,13.675,766
2000-06-07,13.803,766
2000-06-08,13.826,766
2000-06-09,13.084,766
2000-06-10,12.912,766
2000-06-11,12.86,766
2000-06-12,12.818,766
2000-06-13,13.184,766
2000-06-14,13.355,766
2000-06-15,13.637,766
2000-06-16,14.004,766
2000-06-17,14.111,766
2000-06-18,14.258,766
2000-06-19,14.53,766
2000-06-20,14.732,766
2000-06-21,14.759,766
2000-06-22,14.783,766
2000-06-23,14.821,766
2000-06-24,14.925,766
2000-06-25,15.081,766
2000-06-26,15.155,766
2000-06-27,15.172,766
2000-06-28,15.183,766
2000-06-29,15.153,766
2000-06-30,15.067,766
2000-07-01,14.937,766
2000-07-02,14.783,766
2000-07-03,14.671,766
2000-07-04,14.597,766
2000-07-05,14.488,766
2000-07-06,14.501,766
2000-07-07,14.538,766
2000-07-08,14.769,766
2000-07-09,14.854,766
2000-07-10,14.977,766
2000-07-11,15.406,766
2000-07-12,15.642,766
2000-07-13,15.653,766
2000-07-14,15.586,766
2000-07-15,15.36,766
2000-07-16,15.173,766
2000-07-17,15.124,766
2000-07-18,14.868,766
2000-07-19,14.609,766
2000-07-20,14.489,766
2000-07-21,14.373,766
2000-07-22,14.164,766
2000-07-23,14.169,766
2000-07-24,14.165,766
2000-07-25,14.29,766
2000-07-26,14.292,766
2000-07-27,14.296,766
2000-07-28,14.296,766
2000-07-29,14.346,766
2000-07-30,14.374,766
2000-07-31,14.507,766
2000-08-01,14.691,766
2000-08-02,14.935,766
2000-08-03,15.074,766
2000-08-04,15.098,766
2000-08-05,14.961,766
2000-08-06,14.782,766
2000-08-07,14.628,766
2000-08-08,14.708,766
2000-08-09,14.928,766
2000-08-10,14.746,766
2000-08-11,14.743,766
2000-08-12,14.597,766
2000-08-13,14.471,766
2000-08-14,14.5,766
2000-08-15,14.687,766
2000-08-16,14.985,766
2000-08-17,15.016,766
2000-08-18,14.994,766
2000-08-19,14.753,766
2000-08-20,14.713,766
2000-08-21,14.758,766
2000-08-22,14.909,766
2000-08-23,15.014,766
2000-08-24,14.978,766
2000-08-25,15.039,766
2000-08-26,15.022,766
2000-08-27,15.077,766
2000-08-28,15.539,766
2000-08-29,15.643,766
2000-08-30,15.767,766
2000-08-31,16.824,766
2000-09-01,16.944,766
2000-09-02,16.945,766
2000-09-03,16.197,766
2000-09-04,15.953,766
2000-09-05,15.842,766
2000-09-06,15.74,766
2000-09-07,15.775,766
2000-09-08,15.764,766
2000-09-09,15.609,766
2000-09-10,15.931,766
2000-09-11,16.063,766
2000-09-12,16.149,766
2000-09-13,15.626,766
2000-09-14,16.795,766
2000-09-15,16.823,766
2000-09-16,16.789,766
2000-09-17,16.603,766
2000-09-18,16.525,766
2000-09-19,16.443,766
2000-09-20,16.437,766
2000-09-21,16.514,766
2000-09-22,17.027,766
2000-09-23,17.078,766
2000-09-24,17.184,766
2000-09-25,17.163,766
2000-09-26,17.218,766
2000-09-27,17.16,766
2000-09-28,17.082,766
2000-09-29,17.127,766
2000-09-30,17.021,766
2000-10-01,17.017,766
2000-10-02,16.989,766
2000-10-03,16.926,766
2000-10-04,16.826,766
2000-10-05,16.696,766
2000-10-06,16.578,766
2000-10-07,16.536,766
2000-10-08,16.509,766
2000-10-09,16.47,766
2000-10-10,16.38,766
2000-10-11,16.165,766
2000-10-12,16.137,766
2000-10-13,16.062,766
2000-10-14,15.921,766
2000-10-15,16.005,766
2000-10-16,15.944,766
2000-10-17,15.935,766
2000-10-18,15.934,766
2000-10-19,15.736,766
2000-10-20,15.479,766
2000-10-21,14.915,766
2000-10-22,14.834,766
2000-10-23,14.847,766
2000-10-24,14.965,766
2000-10-25,15.031,766
2000-10-26,14.99,766
2000-10-27,15.078,766
2000-10-28,15.17,766
2000-10-29,15.269,766
2000-10-30,15.258,766
2000-10-31,15.159,766
2000-11-01,15.124,766
2000-11-02,15.056,766
2000-11-03,15.546,766
2000-11-04,15.575,766
2000-11-05,15.559,766
2000-11-06,14.576,766
2000-11-07,14.551,766
2000-11-08,14.54,766
2000-11-09,14.215,766
2000-11-10,14.182,766
2000-11-11,14.162,766
2000-11-12,14.203,766
2000-11-13,14.089,766
2000-11-14,14.075,766
2000-11-15,14,766
2000-11-16,13.971,766
2000-11-17,14.037,766
2000-11-18,14.102,766
2000-11-19,14.011,766
2000-11-20,14.142,766
2000-11-21,14.146,766
2000-11-22,13.992,766
2000-11-23,13.881,766
2000-11-24,13.873,766
2000-11-25,13.809,766
2000-11-26,13.693,766
2000-11-27,13.683,766
2000-11-28,13.77,766
2000-11-29,13.855,766
2000-11-30,13.951,766
2000-12-01,13.996,766
2000-12-02,14.045,766
2000-12-03,14.06,766
2000-12-04,14.024,766
2000-12-05,13.98,766
2000-12-06,14.025,766
2000-12-07,14.104,766
2000-12-08,14.151,766
2000-12-09,14.159,766
2000-12-10,14.151,766
2000-12-11,14.035,766
2000-12-12,13.925,766
2000-12-13,13.866,766
2000-12-14,13.766,766
2000-12-15,13.722,766
2000-12-16,13.713,766
2000-12-17,13.662,766
2000-12-18,13.621,766
2000-12-19,13.615,766
2000-12-20,13.517,766
2000-12-21,13.483,766
2000-12-22,13.442,766
2000-12-23,13.416,766
2000-12-24,13.187,766
2000-12-25,13.171,766
2000-12-26,13.156,766
2000-12-27,13.364,766
2000-12-28,13.371,766
2000-12-29,13.37,766
2000-12-30,13.294,766
2000-12-31,13.297,766
2001-01-01,13.317,766
2001-01-02,13.568,766
2001-01-03,13.595,766
2001-01-04,13.586,766
2001-01-05,13.526,766
2001-01-06,13.544,766
2001-01-07,13.538,766
2001-01-08,13.488,766
2001-01-09,13.454,766
2001-01-10,13.394,766
2001-01-11,13.276,766
2001-01-12,13.195,766
2001-01-13,13.207,766
2001-01-14,13.218,766
2001-01-15,13.178,766
2001-01-16,13.155,766
2001-01-17,13.113,766
2001-01-18,13.048,766
2001-01-19,13.025,766
2001-01-20,13.043,766
2001-01-21,13.055,766
2001-01-22,13.051,766
2001-01-23,13.065,766
2001-01-24,12.913,766
2001-01-25,12.723,766
2001-01-26,12.591,766
2001-01-27,12.507,766
2001-01-28,12.48,766
2001-01-29,12.487,766
2001-01-30,12.446,766
2001-01-31,12.442,766
2001-02-01,12.47,766
2001-02-02,12.56,766
2001-02-03,12.572,766
2001-02-04,12.548,766
2001-02-05,12.558,766
2001-02-06,12.567,766
2001-02-07,12.56,766
2001-02-08,12.408,766
2001-02-09,12.154,766
2001-02-10,12.092,766
2001-02-11,12.068,766
2001-02-12,12.001,766
2001-02-13,11.88,766
2001-02-14,11.741,766
2001-02-15,11.79,766
2001-02-16,11.827,766
2001-02-17,11.975,766
2001-02-18,12.077,766
2001-02-19,12.165,766
2001-02-20,12.306,766
2001-02-21,12.412,766
2001-02-22,12.473,766
2001-02-23,12.427,766
2001-02-24,12.375,766
2001-02-25,12.317,766
2001-02-26,12.341,766
2001-02-27,12.344,766
2001-02-28,12.422,766
2001-03-01,12.488,766
2001-03-02,12.482,766
2001-03-03,12.405,766
2001-03-04,12.401,766
2001-03-05,12.384,766
2001-03-06,12.566,766
2001-03-07,12.581,766
2001-03-08,12.58,766
2001-03-09,12.592,766
2001-03-10,12.557,766
2001-03-11,12.353,766
2001-03-12,12.477,766
2001-03-13,12.558,766
2001-03-14,12.589,766
2001-03-15,12.485,766
2001-03-16,12.376,766
2001-03-17,12.359,766
2001-03-18,12.334,766
2001-03-19,12.204,766
2001-03-20,12.292,766
2001-03-21,12.414,766
2001-03-22,12.484,766
2001-03-23,12.856,766
2001-03-24,12.927,766
2001-03-25,12.912,766
2001-03-26,12.699,766
2001-03-27,12.588,766
2001-03-28,12.52,766
2001-03-29,12.46,766
2001-03-30,12.419,766
2001-03-31,12.374,766
2001-04-01,12.282,766
2001-04-02,12.272,766
2001-04-03,12.13,766
2001-04-04,11.744,766
2001-04-05,11.761,766
2001-04-06,11.915,766
2001-04-07,11.459,766
2001-04-08,11.53,766
2001-04-09,11.551,766
2001-04-10,11.608,766
2001-04-11,11.312,766
2001-04-12,11.503,766
2001-04-13,11.521,766
2001-04-14,11.539,766
2001-04-15,11.628,766
2001-04-16,11.736,766
2001-04-17,11.91,766
2001-04-18,12.093,766
2001-04-19,11.994,766
2001-04-20,12.087,766
2001-04-21,12.13,766
2001-04-22,12.268,766
2001-04-23,12.405,766
2001-04-24,12.351,766
2001-04-25,12.095,766
2001-04-26,12.119,766
2001-04-27,12.219,766
2001-04-28,12.155,766
2001-04-29,11.978,766
2001-04-30,11.896,766
2001-05-01,11.94,766
2001-05-02,12.019,766
2001-05-03,12.513,766
2001-05-04,13.256,766
2001-05-05,13.301,766
2001-05-06,13.329,766
2001-05-07,13.716,766
2001-05-08,13.85,766
2001-05-09,13.907,766
2001-05-10,13.691,766
2001-05-11,13.681,766
2001-05-12,13.696,766
2001-05-13,13.478,766
2001-05-14,13.372,766
2001-05-15,13.489,766
2001-05-16,13.465,766
2001-05-17,13.197,766
2001-05-18,13.206,766
2001-05-19,13.247,766
2001-05-20,13.372,766
2001-05-21,13.458,766
2001-05-22,13.413,766
2001-05-23,13.792,766
2001-05-24,13.846,766
2001-05-25,13.912,766
2001-05-26,13.992,766
2001-05-27,14.005,766
2001-05-28,14.057,766
2001-05-29,14.393,766
2001-05-30,14.54,766
2001-05-31,14.779,766
2001-06-01,14.935,766
2001-06-02,14.535,766
2001-06-03,14.414,766
2001-06-04,14.187,766
2001-06-05,14.06,766
2001-06-06,14.116,766
2001-06-07,14.194,766
2001-06-08,14.129,766
2001-06-09,14.017,766
2001-06-10,13.878,766
2001-06-11,13.509,766
2001-06-12,13.38,766
2001-06-13,13.337,766
2001-06-14,13.301,766
2001-06-15,13.599,766
2001-06-16,13.971,766
2001-06-17,14.359,766
2001-06-18,14.515,766
2001-06-19,14.775,766
2001-06-20,15.282,766
2001-06-21,15.473,766
2001-06-22,15.438,766
2001-06-23,14.933,766
2001-06-24,14.991,766
2001-06-25,15.01,766
2001-06-26,15.108,766
2001-06-27,15.632,766
2001-06-28,15.878,766
2001-06-29,15.308,766
2001-06-30,15.131,766
2001-07-01,15.198,766
2001-07-02,15.547,766
2001-07-03,15.744,766
2001-07-04,15.729,766
2001-07-05,15.574,766
2001-07-06,15.665,766
2001-07-07,16.006,766
2001-07-08,16.067,766
2001-07-09,16.097,766
2001-07-10,16.075,766
2001-07-11,16.091,766
2001-07-12,15.857,766
2001-07-13,15.159,766
2001-07-14,15.008,766
2001-07-15,14.912,766
2001-07-16,14.605,766
2001-07-17,14.644,766
2001-07-18,14.676,766
2001-07-19,14.808,766
2001-07-20,14.829,766
2001-07-21,14.836,766
2001-07-22,14.856,766
2001-07-23,14.875,766
2001-07-24,15.021,766
2001-07-25,15.174,766
2001-07-26,15.274,766
2001-07-27,15.289,766
2001-07-28,15.255,766
2001-07-29,15.136,766
2001-07-30,14.682,766
2001-07-31,14.67,766
2001-08-01,14.712,766
2001-08-02,14.76,766
2001-08-03,14.623,766
2001-08-04,15.286,766
2001-08-05,15.091,766
2001-08-06,15.044,766
2001-08-07,14.663,766
2001-08-08,14.735,766
2001-08-09,14.92,766
2001-08-10,15.078,766
2001-08-11,15.151,766
2001-08-12,15.149,766
2001-08-13,15.114,766
2001-08-14,15.128,766
2001-08-15,14.855,766
2001-08-16,14.939,766
2001-08-17,14.923,766
2001-08-18,14.941,766
2001-08-19,14.958,766
2001-08-20,15.131,766
2001-08-21,14.952,766
2001-08-22,15.041,766
2001-08-23,15.081,766
2001-08-24,14.616,766
2001-08-25,14.239,766
2001-08-26,14.142,766
2001-08-27,14.106,766
2001-08-28,14.177,766
2001-08-29,14.244,766
2001-08-30,14.293,766
2001-08-31,14.526,766
2001-09-01,14.095,766
2001-09-02,14.207,766
2001-09-03,14.526,766
2001-09-04,15.307,766
2001-09-05,15.585,766
2001-09-06,15.579,766
2001-09-07,15.589,766
2001-09-08,15.625,766
2001-09-09,15.678,766
2001-09-10,15.861,766
2001-09-11,16.133,766
2001-09-12,16.116,766
2001-09-13,16.033,766
2001-09-14,15.873,766
2001-09-15,15.801,766
2001-09-16,15.689,766
2001-09-17,15.646,766
2001-09-18,15.611,766
2001-09-19,15.563,766
2001-09-20,15.62,766
2001-09-21,15.627,766
2001-09-22,15.674,766
2001-09-23,15.659,766
2001-09-24,15.505,766
2001-09-25,15.352,766
2001-09-26,15.442,766
2001-09-27,15.268,766
2001-09-28,14.865,766
2001-09-29,14.583,766
2001-09-30,14.405,766
2001-10-01,14.305,766
2001-10-02,14.331,766
2001-10-03,14.378,766
2001-10-04,14.532,766
2001-10-05,14.684,766
2001-10-06,15.961,766
2001-10-07,16.05,766
2001-10-08,15.984,766
2001-10-09,15.338,766
2001-10-10,15.361,766
2001-10-11,15.347,766
2001-10-12,15.317,766
2001-10-13,15.328,766
2001-10-14,15.421,766
2001-10-15,15.318,766
2001-10-16,15.325,766
2001-10-17,15.396,766
2001-10-18,15.443,766
2001-10-19,15.407,766
2001-10-20,15.33,766
2001-10-21,15.082,766
2001-10-22,14.881,766
2001-10-23,14.795,766
2001-10-24,14.765,766
2001-10-25,14.77,766
2001-10-26,14.856,766
2001-10-27,14.942,766
2001-10-28,15.009,766
2001-10-29,15.118,766
2001-10-30,15.271,766
2001-10-31,15.241,766
2001-11-01,15.21,766
2001-11-02,15.21,766
2001-11-03,15.267,766
2001-11-04,15.317,766
2001-11-05,15.303,766
2001-11-06,15.289,766
2001-11-07,15.108,766
2001-11-08,15.134,766
2001-11-09,15.158,766
2001-11-10,15.175,766
2001-11-11,15.341,766
2001-11-12,15.355,766
2001-11-13,15.531,766
2001-11-14,15.555,766
2001-11-15,15.543,766
2001-11-16,14.922,766
2001-11-17,15.03,766
2001-11-18,15.05,766
2001-11-19,15.117,766
2001-11-20,15.006,766
2001-11-21,14.948,766
2001-11-22,14.92,766
2001-11-23,14.838,766
2001-11-24,15.028,766
2001-11-25,15.02,766
2001-11-26,14.901,766
2001-11-27,14.529,766
2001-11-28,14.538,766
2001-11-29,14.346,766
2001-11-30,14.342,766
2001-12-01,14.334,766
2001-12-02,14.212,766
2001-12-03,14.194,766
2001-12-04,14.158,766
2001-12-05,14.043,766
2001-12-06,13.981,766
2001-12-07,13.736,766
2001-12-08,13.65,766
2001-12-09,13.624,766
2001-12-10,13.158,766
2001-12-11,13.132,766
2001-12-12,12.962,766
2001-12-13,12.729,766
2001-12-14,12.655,766
2001-12-15,12.188,766
2001-12-16,12.202,766
2001-12-17,12.234,766
2001-12-18,12.27,766
2001-12-19,12.274,766
2001-12-20,12.36,766
2001-12-21,12.195,766
2001-12-22,12.213,766
2001-12-23,12.251,766
2001-12-24,12.106,766
2001-12-25,12.123,766
2001-12-26,12.113,766
2001-12-27,12.221,766
2001-12-28,12.293,766
2001-12-29,12.34,766
2001-12-30,12.091,766
2001-12-31,12.082,766
2002-01-01,12.078,766
2002-01-02,12.955,766
2002-01-03,12.996,766
2002-01-04,12.983,766
2002-01-05,12.961,766
2002-01-06,13.04,766
2002-01-07,13.068,766
2002-01-08,13.015,766
2002-01-09,13.012,766
2002-01-10,13.099,766
2002-01-11,13.116,766
2002-01-12,12.937,766
2002-01-13,12.79,766
2002-01-14,12.78,766
2002-01-15,12.746,766
2002-01-16,12.693,766
2002-01-17,12.691,766
2002-01-18,12.674,766
2002-01-19,12.505,766
2002-01-20,12.498,766
2002-01-21,12.475,766
2002-01-22,12.319,766
2002-01-23,12.207,766
2002-01-24,12.145,766
2002-01-25,12.119,766
2002-01-26,12.153,766
2002-01-27,12.086,766
2002-01-28,12.048,766
2002-01-29,11.776,766
2002-01-30,11.774,766
2002-01-31,11.795,766
2002-02-01,11.844,766
2002-02-02,11.863,766
2002-02-03,11.845,766
2002-02-04,11.841,766
2002-02-05,11.899,766
2002-02-06,12.025,766
2002-02-07,12.051,766
2002-02-08,11.962,766
2002-02-09,11.942,766
2002-02-10,11.877,766
2002-02-11,11.935,766
2002-02-12,11.933,766
2002-02-13,12.019,766
2002-02-14,12.143,766
2002-02-15,12.13,766
2002-02-16,12.184,766
2002-02-17,12.22,766
2002-02-18,12.255,766
2002-02-19,12.467,766
2002-02-20,12.579,766
2002-02-21,12.592,766
2002-02-22,12.638,766
2002-02-23,12.579,766
2002-02-24,12.592,766
2002-02-25,12.626,766
2002-02-26,12.783,766
2002-02-27,13.049,766
2002-02-28,12.989,766
2002-03-01,13.102,766
2002-03-02,13.163,766
2002-03-03,13.215,766
2002-03-04,13.114,766
2002-03-05,13.149,766
2002-03-06,13.151,766
2002-03-07,13.149,766
2002-03-08,13.116,766
2002-03-09,12.956,766
2002-03-10,12.834,766
2002-03-11,12.818,766
2002-03-12,12.79,766
2002-03-13,12.396,766
2002-03-14,12.094,766
2002-03-15,11.946,766
2002-03-16,11.787,766
2002-03-17,11.654,766
2002-03-18,11.647,766
2002-03-19,11.659,766
2002-03-20,11.673,766
2002-03-21,11.788,766
2002-03-22,12.025,766
2002-03-23,12.081,766
2002-03-24,12.071,766
2002-03-25,12.026,766
2002-03-26,12.023,766
2002-03-27,12.169,766
2002-03-28,12.274,766
2002-03-29,12.345,766
2002-03-30,12.36,766
2002-03-31,12.42,766
2002-04-01,12.5,766
2002-04-02,12.526,766
2002-04-03,12.57,766
2002-04-04,12.584,766
2002-04-05,12.832,766
2002-04-06,12.84,766
2002-04-07,12.793,766
2002-04-08,12.728,766
2002-04-09,12.657,766
2002-04-10,12.47,766
2002-04-11,12.45,766
2002-04-12,12.584,766
2002-04-13,12.644,766
2002-04-14,12.613,766
2002-04-15,12.192,766
2002-04-16,12.023,766
2002-04-17,12.002,766
2002-04-18,11.925,766
2002-04-19,11.889,766
2002-04-20,11.889,766
2002-04-21,11.929,766
2002-04-22,12.056,766
2002-04-23,12.261,766
2002-04-24,12.431,766
2002-04-25,12.431,766
2002-04-26,12.569,766
2002-04-27,12.6,766
2002-04-28,12.668,766
2002-04-29,12.89,766
2002-04-30,12.919,766
2002-05-01,12.611,766
2002-05-02,12.327,766
2002-05-03,12.3,766
2002-05-04,12.287,766
2002-05-05,12.34,766
2002-05-06,12.366,766
2002-05-07,12.379,766
2002-05-08,12.297,766
2002-05-09,12.28,766
2002-05-10,12.185,766
2002-05-11,12.029,766
2002-05-12,11.93,766
2002-05-13,12.078,766
2002-05-14,12.054,766
2002-05-15,12.012,766
2002-05-16,11.68,766
2002-05-17,11.719,766
2002-05-18,11.805,766
2002-05-19,11.855,766
2002-05-20,12.476,766
2002-05-21,12.662,766
2002-05-22,12.561,766
2002-05-23,12.442,766
2002-05-24,12.344,766
2002-05-25,12.355,766
2002-05-26,12.5,766
2002-05-27,12.595,766
2002-05-28,12.464,766
2002-05-29,12.856,766
2002-05-30,12.948,766
2002-05-31,13.089,766
2002-06-01,13.091,766
2002-06-02,12.95,766
2002-06-03,12.542,766
2002-06-04,12.614,766
2002-06-05,12.637,766
2002-06-06,12.652,766
2002-06-07,12.655,766
2002-06-08,12.639,766
2002-06-09,12.538,766
2002-06-10,12.51,766
2002-06-11,12.829,766
2002-06-12,14.309,766
2002-06-13,14.366,766
2002-06-14,13.451,766
2002-06-15,13.238,766
2002-06-16,13.091,766
2002-06-17,13.111,766
2002-06-18,12.635,766
2002-06-19,12.212,766
2002-06-20,12.275,766
2002-06-21,12.633,766
2002-06-22,12.754,766
2002-06-23,12.815,766
2002-06-24,12.759,766
2002-06-25,12.976,766
2002-06-26,13.128,766
2002-06-27,13.401,766
2002-06-28,13.113,766
2002-06-29,12.972,766
2002-06-30,13.003,766
2002-07-01,13.006,766
2002-07-02,13.246,766
2002-07-03,13.226,766
2002-07-04,13.156,766
2002-07-05,13.182,766
2002-07-06,13.348,766
2002-07-07,13.552,766
2002-07-08,13.59,766
2002-07-09,13.735,766
2002-07-10,13.673,766
2002-07-11,13.848,766
2002-07-12,13.961,766
2002-07-13,13.146,766
2002-07-14,14.112,766
2002-07-15,14.257,766
2002-07-16,14.313,766
2002-07-17,13.626,766
2002-07-18,13.235,766
2002-07-19,12.78,766
2002-07-20,12.881,766
2002-07-21,14.202,766
2002-07-22,15.108,766
2002-07-23,15.822,766
2002-07-24,15.563,766
2002-07-25,15.402,766
2002-07-26,15.229,766
2002-07-27,14.908,766
2002-07-28,14.337,766
2002-07-29,14.482,766
2002-07-30,14.342,766
2002-07-31,14.458,766
2002-08-01,14.676,766
2002-08-02,14.907,766
2002-08-03,14.995,766
2002-08-04,15.526,766
2002-08-05,15.372,766
2002-08-06,15.264,766
2002-08-07,15.217,766
2002-08-08,15.208,766
2002-08-09,15.34,766
2002-08-10,15.458,766
2002-08-11,15.213,766
2002-08-12,15.151,766
2002-08-13,15.127,766
2002-08-14,15.051,766
2002-08-15,14.83,766
2002-08-16,14.711,766
2002-08-17,14.783,766
2002-08-18,14.753,766
2002-08-19,14.755,766
2002-08-20,14.941,766
2002-08-21,14.889,766
2002-08-22,14.886,766
2002-08-23,14.831,766
2002-08-24,14.673,766
2002-08-25,14.046,766
2002-08-26,13.616,766
2002-08-27,13.498,766
2002-08-28,13.421,766
2002-08-29,13.303,766
2002-08-30,13.546,766
2002-08-31,13.71,766
2002-09-01,14.739,766
2002-09-02,14.779,766
2002-09-03,14.798,766
2002-09-04,14.615,766
2002-09-05,14.534,766
2002-09-06,14.483,766
2002-09-07,14.464,766
2002-09-08,14.426,766
2002-09-09,14.398,766
2002-09-10,14.471,766
2002-09-11,14.858,766
2002-09-12,14.803,766
2002-09-13,14.598,766
2002-09-14,14.536,766
2002-09-15,14.713,766
2002-09-16,14.498,766
2002-09-17,14.435,766
2002-09-18,14.296,766
2002-09-19,14.257,766
2002-09-20,14.431,766
2002-09-21,14.62,766
2002-09-22,14.603,766
2002-09-23,14.825,766
2002-09-24,14.944,766
2002-09-25,15.083,766
2002-09-26,15.204,766
2002-09-27,15.546,766
2002-09-28,15.916,766
2002-09-29,16.088,766
2002-09-30,15.965,766
2002-10-01,15.475,766
2002-10-02,15.408,766
2002-10-03,15.421,766
2002-10-04,15.437,766
2002-10-05,15.651,766
2002-10-06,15.771,766
2002-10-07,15.838,766
2002-10-08,15.709,766
2002-10-09,15.583,766
2002-10-10,15.568,766
2002-10-11,15.534,766
2002-10-12,15.492,766
2002-10-13,15.354,766
2002-10-14,15.327,766
2002-10-15,15.297,766
2002-10-16,15.237,766
2002-10-17,15.268,766
2002-10-18,15.289,766
2002-10-19,15.045,766
2002-10-20,14.885,766
2002-10-21,14.607,766
2002-10-22,14.624,766
2002-10-23,14.671,766
2002-10-24,14.698,766
2002-10-25,14.733,766
2002-10-26,14.451,766
2002-10-27,14.444,766
2002-10-28,14.444,766
2002-10-29,14.506,766
2002-10-30,14.535,766
2002-10-31,14.523,766
2002-11-01,14.433,766
2002-11-02,14.421,766
2002-11-03,14.483,766
2002-11-04,14.461,766
2002-11-05,14.447,766
2002-11-06,14.358,766
2002-11-07,14.384,766
2002-11-08,14.533,766
2002-11-09,14.979,766
2002-11-10,14.997,766
2002-11-11,15.006,766
2002-11-12,14.896,766
2002-11-13,14.943,766
2002-11-14,14.939,766
2002-11-15,14.898,766
2002-11-16,14.59,766
2002-11-17,14.713,766
2002-11-18,14.745,766
2002-11-19,14.791,766
2002-11-20,14.809,766
2002-11-21,14.975,766
2002-11-22,14.938,766
2002-11-23,14.777,766
2002-11-24,14.504,766
2002-11-25,14.512,766
2002-11-26,14.566,766
2002-11-27,14.946,766
2002-11-28,14.927,766
2002-11-29,14.826,766
2002-11-30,15.282,766
2002-12-01,15.274,766
2002-12-02,15.266,766
2002-12-03,15.263,766
2002-12-04,15.254,766
2002-12-05,15.282,766
2002-12-06,15.389,766
2002-12-07,15.458,766
2002-12-08,15.437,766
2002-12-09,15.224,766
2002-12-10,15.29,766
2002-12-11,15.281,766
2002-12-12,15.149,766
2002-12-13,14.836,766
2002-12-14,14.907,766
2002-12-15,14.875,766
2002-12-16,14.961,766
2002-12-17,14.943,766
2002-12-18,14.907,766
2002-12-19,14.504,766
2002-12-20,14.476,766
2002-12-21,14.459,766
2002-12-22,14.202,766
2002-12-23,14.192,766
2002-12-24,14.174,766
2002-12-25,13.981,766
2002-12-26,13.871,766
2002-12-27,13.915,766
2002-12-28,13.965,766
2002-12-29,13.947,766
2002-12-30,13.927,766
2002-12-31,13.908,766
2003-01-01,13.838,766
2003-01-02,13.822,766
2003-01-03,13.748,766
2003-01-04,13.982,766
2003-01-05,13.982,766
2003-01-06,13.994,766
2003-01-07,14.043,766
2003-01-08,14.206,766
2003-01-09,14.165,766
2003-01-10,14.093,766
2003-01-11,14.173,766
2003-01-12,14.195,766
2003-01-13,14.166,766
2003-01-14,14.344,766
2003-01-15,14.35,766
2003-01-16,14.313,766
2003-01-17,14.294,766
2003-01-18,14.307,766
2003-01-19,14.306,766
2003-01-20,14.112,766
2003-01-21,14.036,766
2003-01-22,14.006,766
2003-01-23,14.037,766
2003-01-24,13.959,766
2003-01-25,13.962,766
2003-01-26,13.992,766
2003-01-27,14.003,766
2003-01-28,14.527,766
2003-01-29,14.542,766
2003-01-30,14.5,766
2003-01-31,14.451,766
2003-02-01,14.202,766
2003-02-02,14.109,766
2003-02-03,14.113,766
2003-02-04,14.078,766
2003-02-05,14.14,766
2003-02-06,14.139,766
2003-02-07,14.139,766
2003-02-08,14.052,766
2003-02-09,14.061,766
2003-02-10,14.07,766
2003-02-11,14.024,766
2003-02-12,14.1,766
2003-02-13,14.246,766
2003-02-14,14.241,766
2003-02-15,14.204,766
2003-02-16,14.161,766
2003-02-17,14.312,766
2003-02-18,14.335,766
2003-02-19,14.204,766
2003-02-20,14.167,766
2003-02-21,14.087,766
2003-02-22,13.963,766
2003-02-23,13.77,766
2003-02-24,13.926,766
2003-02-25,13.954,766
2003-02-26,13.934,766
2003-02-27,13.79,766
2003-02-28,13.788,766
2003-03-01,13.759,766
2003-03-02,13.699,766
2003-03-03,13.698,766
2003-03-04,13.61,766
2003-03-05,13.618,766
2003-03-06,13.701,766
2003-03-07,13.676,766
2003-03-08,13.442,766
2003-03-09,13.34,766
2003-03-10,13.352,766
2003-03-11,13.312,766
2003-03-12,13.333,766
2003-03-13,13.144,766
2003-03-14,13.439,766
2003-03-15,13.614,766
2003-03-16,13.493,766
2003-03-17,13.334,766
2003-03-18,12.933,766
2003-03-19,12.569,766
2003-03-20,12.602,766
2003-03-21,12.626,766
2003-03-22,12.611,766
2003-03-23,12.553,766
2003-03-24,12.421,766
2003-03-25,12.442,766
2003-03-26,12.144,766
2003-03-27,11.748,766
2003-03-28,12.072,766
2003-03-29,12.508,766
2003-03-30,12.715,766
2003-03-31,12.841,766
2003-04-01,12.705,766
2003-04-02,12.806,766
2003-04-03,12.814,766
2003-04-04,12.631,766
2003-04-05,12.599,766
2003-04-06,12.447,766
2003-04-07,12.186,766
2003-04-08,12.246,766
2003-04-09,12.341,766
2003-04-10,12.371,766
2003-04-11,12.454,766
2003-04-12,12.576,766
2003-04-13,13.062,766
2003-04-14,13.169,766
2003-04-15,13.153,766
2003-04-16,13.22,766
2003-04-17,13.08,766
2003-04-18,12.904,766
2003-04-19,12.651,766
2003-04-20,12.341,766
2003-04-21,12.318,766
2003-04-22,12.323,766
2003-04-23,12.246,766
2003-04-24,12.239,766
2003-04-25,13.024,766
2003-04-26,13.052,766
2003-04-27,13.154,766
2003-04-28,13.33,766
2003-04-29,13.271,766
2003-04-30,13.135,766
2003-05-01,13.124,766
2003-05-02,13.194,766
2003-05-03,13.224,766
2003-05-04,13.225,766
2003-05-05,12.792,766
2003-05-06,12.76,766
2003-05-07,12.73,766
2003-05-08,12.652,766
2003-05-09,12.606,766
2003-05-10,12.586,766
2003-05-11,12.539,766
2003-05-12,12.534,766
2003-05-13,12.605,766
2003-05-14,13.054,766
2003-05-15,12.963,766
2003-05-16,12.898,766
2003-05-17,12.524,766
2003-05-18,12.426,766
2003-05-19,12.496,766
2003-05-20,12.55,766
2003-05-21,12.414,766
2003-05-22,12.363,766
2003-05-23,12.284,766
2003-05-24,12.302,766
2003-05-25,12.392,766
2003-05-26,12.759,766
2003-05-27,13.77,766
2003-05-28,13.895,766
2003-05-29,13.896,766
2003-05-30,13.139,766
2003-05-31,13.031,766
2003-06-01,13.01,766
2003-06-02,13.066,766
2003-06-03,13.141,766
2003-06-04,13.226,766
2003-06-05,13.458,766
2003-06-06,13.669,766
2003-06-07,13.817,766
2003-06-08,13.85,766
2003-06-09,14.061,766
2003-06-10,14.226,766
2003-06-11,14.304,766
2003-06-12,13.635,766
2003-06-13,13.617,766
2003-06-14,13.497,766
2003-06-15,13.295,766
2003-06-16,12.956,766
2003-06-17,12.934,766
2003-06-18,12.974,766
2003-06-19,12.537,766
2003-06-20,12.679,766
2003-06-21,12.728,766
2003-06-22,12.787,766
2003-06-23,13.003,766
2003-06-24,13.249,766
2003-06-25,13.705,766
2003-06-26,14.193,766
2003-06-27,14.038,766
2003-06-28,14.147,766
2003-06-29,13.82,766
2003-06-30,14.093,766
2003-07-01,14.236,766
2003-07-02,14.256,766
2003-07-03,14.246,766
2003-07-04,13.878,766
2003-07-05,13.709,766
2003-07-06,13.511,766
2003-07-07,13.019,766
2003-07-08,12.839,766
2003-07-09,12.807,766
2003-07-10,12.801,766
2003-07-11,12.973,766
2003-07-12,13.267,766
2003-07-13,13.3,766
2003-07-14,13.218,766
2003-07-15,12.947,766
2003-07-16,12.955,766
2003-07-17,13.005,766
2003-07-18,13.305,766
2003-07-19,13.521,766
2003-07-20,13.559,766
2003-07-21,13.617,766
2003-07-22,13.875,766
2003-07-23,14.085,766
2003-07-24,14.63,766
2003-07-25,15.444,766
2003-07-26,16.063,766
2003-07-27,16.102,766
2003-07-28,16,766
2003-07-29,15.907,766
2003-07-30,16.241,766
2003-07-31,16.96,766
2003-08-01,17.959,766
2003-08-02,17.812,766
2003-08-03,17.471,766
2003-08-04,17.362,766
2003-08-05,17.325,766
2003-08-06,17.04,766
2003-08-07,16.859,766
2003-08-08,16.574,766
2003-08-09,16.057,766
2003-08-10,15.793,766
2003-08-11,15.274,766
2003-08-12,14.915,766
2003-08-13,14.925,766
2003-08-14,14.902,766
2003-08-15,14.802,766
2003-08-16,14.734,766
2003-08-17,14.623,766
2003-08-18,14.746,766
2003-08-19,15.198,766
2003-08-20,16.126,766
2003-08-21,16.502,766
2003-08-22,16.832,766
2003-08-23,16.842,766
2003-08-24,16.662,766
2003-08-25,16.379,766
2003-08-26,15.862,766
2003-08-27,15.269,766
2003-08-28,15.088,766
2003-08-29,14.965,766
2003-08-30,14.666,766
2003-08-31,14.738,766
2003-09-01,15.034,766
2003-09-02,15.888,766
2003-09-03,16.083,766
2003-09-04,16.113,766
2003-09-05,16.051,766
2003-09-06,15.969,766
2003-09-07,15.911,766
2003-09-08,15.732,766
2003-09-09,15.357,766
2003-09-10,15.409,766
2003-09-11,15.594,766
2003-09-12,16.432,766
2003-09-13,16.652,766
2003-09-14,16.836,766
2003-09-15,16.209,766
2003-09-16,16.088,766
2003-09-17,16.023,766
2003-09-18,15.935,766
2003-09-19,16.09,766
2003-09-20,15.876,766
2003-09-21,15.844,766
2003-09-22,15.816,766
2003-09-23,16.877,766
2003-09-24,16.55,766
2003-09-25,16.229,766
2003-09-26,15.632,766
2003-09-27,15.471,766
2003-09-28,15.285,766
2003-09-29,15.391,766
2003-09-30,15.382,766
2003-10-01,15.24,766
2003-10-02,15.029,766
2003-10-03,14.966,766
2003-10-04,14.878,766
2003-10-05,14.928,766
2003-10-06,15.007,766
2003-10-07,14.999,766
2003-10-08,15.029,766
2003-10-09,14.337,766
2003-10-10,14.152,766
2003-10-11,14.212,766
2003-10-12,14.29,766
2003-10-13,14.347,766
2003-10-14,14.467,766
2003-10-15,14.607,766
2003-10-16,14.648,766
2003-10-17,14.759,766
2003-10-18,15.335,766
2003-10-19,15.335,766
2003-10-20,15.401,766
2003-10-21,15.134,766
2003-10-22,14.792,766
2003-10-23,15.563,766
2003-10-24,15.967,766
2003-10-25,16.594,766
2003-10-26,16.883,766
2003-10-27,16.892,766
2003-10-28,16.855,766
2003-10-29,16.74,766
2003-10-30,15.802,766
2003-10-31,15.678,766
2003-11-01,15.473,766
2003-11-02,15.401,766
2003-11-03,15.27,766
2003-11-04,15.155,766
2003-11-05,15.119,766
2003-11-06,15.115,766
2003-11-07,15.317,766
2003-11-08,15.293,766
2003-11-09,15.528,766
2003-11-10,15.497,766
2003-11-11,15.511,766
2003-11-12,15.466,766
2003-11-13,15.38,766
2003-11-14,15.37,766
2003-11-15,15.402,766
2003-11-16,15.402,766
2003-11-17,15.33,766
2003-11-18,15.262,766
2003-11-19,15.225,766
2003-11-20,14.903,766
2003-11-21,14.389,766
2003-11-22,14.065,766
2003-11-23,13.934,766
2003-11-24,13.726,766
2003-11-25,13.462,766
2003-11-26,13.433,766
2003-11-27,13.426,766
2003-11-28,13.406,766
2003-11-29,13.436,766
2003-11-30,13.37,766
2003-12-01,13.459,766
2003-12-02,13.403,766
2003-12-03,13.389,766
2003-12-04,13.328,766
2003-12-05,13.365,766
2003-12-06,13.745,766
2003-12-07,13.557,766
2003-12-08,13.525,766
2003-12-09,13.506,766
2003-12-10,13.393,766
2003-12-11,13.401,766
2003-12-12,13.566,766
2003-12-13,13.627,766
2003-12-14,13.508,766
2003-12-15,13.455,766
2003-12-16,13.403,766
2003-12-17,13.575,766
2003-12-18,13.598,766
2003-12-19,13.598,766
2003-12-20,13.903,766
2003-12-21,13.911,766
2003-12-22,13.929,766
2003-12-23,13.944,766
2003-12-24,13.869,766
2003-12-25,13.549,766
2003-12-26,13.464,766
2003-12-27,13.462,766
2003-12-28,13.446,766
2003-12-29,13.466,766
2003-12-30,13.49,766
2003-12-31,13.455,766
2004-01-01,13.522,766
2004-01-02,13.35,766
2004-01-03,13.308,766
2004-01-04,13.279,766
2004-01-05,13.203,766
2004-01-06,13.143,766
2004-01-07,13.051,766
2004-01-08,13.062,766
2004-01-09,13.503,766
2004-01-10,13.839,766
2004-01-11,13.819,766
2004-01-12,13.697,766
2004-01-13,13.687,766
2004-01-14,13.697,766
2004-01-15,13.601,766
2004-01-16,13.553,766
2004-01-17,13.483,766
2004-01-18,13.394,766
2004-01-19,13.336,766
2004-01-20,13.56,766
2004-01-21,13.669,766
2004-01-22,13.652,766
2004-01-23,13.657,766
2004-01-24,13.526,766
2004-01-25,13.381,766
2004-01-26,13.349,766
2004-01-27,13.343,766
2004-01-28,13.334,766
2004-01-29,13.333,766
2004-01-30,13.266,766
2004-01-31,13.027,766
2004-02-01,12.951,766
2004-02-02,12.931,766
2004-02-03,12.689,766
2004-02-04,12.695,766
2004-02-05,12.749,766
2004-02-06,12.797,766
2004-02-07,12.756,766
2004-02-08,12.711,766
2004-02-09,12.81,766
2004-02-10,12.906,766
2004-02-11,12.983,766
2004-02-12,13.153,766
2004-02-13,13.129,766
2004-02-14,13.185,766
2004-02-15,13.161,766
2004-02-16,13.134,766
2004-02-17,13.086,766
2004-02-18,13.113,766
2004-02-19,13.059,766
2004-02-20,12.999,766
2004-02-21,13.018,766
2004-02-22,13.006,766
2004-02-23,13.026,766
2004-02-24,12.994,766
2004-02-25,12.973,766
2004-02-26,12.994,766
2004-02-27,12.93,766
2004-02-28,12.695,766
2004-02-29,12.671,766
2004-03-01,12.633,766
2004-03-02,12.664,766
2004-03-03,12.728,766
2004-03-04,12.739,766
2004-03-05,12.709,766
2004-03-06,12.776,766
2004-03-07,12.768,766
2004-03-08,12.76,766
2004-03-09,12.858,766
2004-03-10,13.05,766
2004-03-11,13.077,766
2004-03-12,13.001,766
2004-03-13,12.889,766
2004-03-14,13.487,766
2004-03-15,13.448,766
2004-03-16,13.478,766
2004-03-17,13.506,766
2004-03-18,13.609,766
2004-03-19,13.607,766
2004-03-20,13.514,766
2004-03-21,13.198,766
2004-03-22,12.978,766
2004-03-23,12.975,766
2004-03-24,13.053,766
2004-03-25,13.021,766
2004-03-26,13.104,766
2004-03-27,13.13,766
2004-03-28,13.178,766
2004-03-29,13.215,766
2004-03-30,12.502,766
2004-03-31,12.428,766
2004-04-01,12.301,766
2004-04-02,12.261,766
2004-04-03,12.248,766
2004-04-04,12.57,766
2004-04-05,12.408,766
2004-04-06,12.397,766
2004-04-07,12.354,766
2004-04-08,12.332,766
2004-04-09,12.247,766
2004-04-10,12.309,766
2004-04-11,12.366,766
2004-04-12,12.522,766
2004-04-13,12.558,766
2004-04-14,12.6,766
2004-04-15,12.619,766
2004-04-16,12.7,766
2004-04-17,12.915,766
2004-04-18,13.221,766
2004-04-19,13.64,766
2004-04-20,13.251,766
2004-04-21,13.147,766
2004-04-22,12.928,766
2004-04-23,12.683,766
2004-04-24,12.672,766
2004-04-25,12.996,766
2004-04-26,13.429,766
2004-04-27,13.466,766
2004-04-28,13.436,766
2004-04-29,13.26,766
2004-04-30,13.197,766
2004-05-01,13.495,766
2004-05-02,13.626,766
2004-05-03,13.362,766
2004-05-04,13.363,766
2004-05-05,13.383,766
2004-05-06,13.805,766
2004-05-07,14.102,766
2004-05-08,13.521,766
2004-05-09,13.057,766
2004-05-10,12.909,766
2004-05-11,12.594,766
2004-05-12,12.15,766
2004-05-13,12.111,766
2004-05-14,12.081,766
2004-05-15,12.156,766
2004-05-16,12.152,766
2004-05-17,12.4,766
2004-05-18,12.517,766
2004-05-19,12.502,766
2004-05-20,12.666,766
2004-05-21,12.934,766
2004-05-22,12.922,766
2004-05-23,12.898,766
2004-05-24,13.046,766
2004-05-25,13.693,766
2004-05-26,13.66,766
2004-05-27,13.801,766
2004-05-28,13.741,766
2004-05-29,13.643,766
2004-05-30,13.415,766
2004-05-31,12.98,766
2004-06-01,12.976,766
2004-06-02,12.857,766
2004-06-03,12.676,766
2004-06-04,12.365,766
2004-06-05,12.3,766
2004-06-06,12.081,766
2004-06-07,12.027,766
2004-06-08,12.014,766
2004-06-09,12.176,766
2004-06-10,12.505,766
2004-06-11,12.462,766
2004-06-12,12.244,766
2004-06-13,12.082,766
2004-06-14,12.147,766
2004-06-15,12.184,766
2004-06-16,12.531,766
2004-06-17,12.837,766
2004-06-18,13.477,766
2004-06-19,13.593,766
2004-06-20,13.639,766
2004-06-21,13.235,766
2004-06-22,13.055,766
2004-06-23,13.379,766
2004-06-24,13.357,766
2004-06-25,13.275,766
2004-06-26,12.892,766
2004-06-27,12.836,766
2004-06-28,12.953,766
2004-06-29,13.671,766
2004-06-30,13.954,766
2004-07-01,13.86,766
2004-07-02,13.731,766
2004-07-03,13.665,766
2004-07-04,12.799,766
2004-07-05,12.88,766
2004-07-06,13.065,766
2004-07-07,13.281,766
2004-07-08,13.478,766
2004-07-09,13.766,766
2004-07-10,14.77,766
2004-07-11,14.78,766
2004-07-12,14.716,766
2004-07-13,14.285,766
2004-07-14,14.501,766
2004-07-15,14.636,766
2004-07-16,14.809,766
2004-07-17,15.058,766
2004-07-18,15.224,766
2004-07-19,14.979,766
2004-07-20,14.971,766
2004-07-21,15.007,766
2004-07-22,14.44,766
2004-07-23,14.221,766
2004-07-24,14.508,766
2004-07-25,14.75,766
2004-07-26,14.837,766
2004-07-27,14.936,766
2004-07-28,15.101,766
2004-07-29,15.198,766
2004-07-30,15.313,766
2004-07-31,15.429,766
2004-08-01,15.42,766
2004-08-02,15.449,766
2004-08-03,15.597,766
2004-08-04,15.353,766
2004-08-05,15.208,766
2004-08-06,15.251,766
2004-08-07,15.25,766
2004-08-08,14.976,766
2004-08-09,14.527,766
2004-08-10,14.531,766
2004-08-11,14.594,766
2004-08-12,14.758,766
2004-08-13,14.805,766
2004-08-14,15.326,766
2004-08-15,15.317,766
2004-08-16,15.263,766
2004-08-17,15.004,766
2004-08-18,14.81,766
2004-08-19,14.86,766
2004-08-20,15.151,766
2004-08-21,16.278,766
2004-08-22,17.057,766
2004-08-23,17.349,766
2004-08-24,16.942,766
2004-08-25,16.346,766
2004-08-26,16.212,766
2004-08-27,16.221,766
2004-08-28,16.956,766
2004-08-29,16.807,766
2004-08-30,17.105,766
2004-08-31,16.889,766
2004-09-01,16.724,766
2004-09-02,16.625,766
2004-09-03,16.922,766
2004-09-04,17.373,766
2004-09-05,17.799,766
2004-09-06,18.161,766
2004-09-07,18.074,766
2004-09-08,18.056,766
2004-09-09,17.922,766
2004-09-10,17.892,766
2004-09-11,17.869,766
2004-09-12,17.585,766
2004-09-13,17.269,766
2004-09-14,17.222,766
2004-09-15,17.368,766
2004-09-16,17.511,766
2004-09-17,17.009,766
2004-09-18,16.898,766
2004-09-19,16.424,766
2004-09-20,16.271,766
2004-09-21,16.232,766
2004-09-22,16.359,766
2004-09-23,16.368,766
2004-09-24,16.198,766
2004-09-25,16.167,766
2004-09-26,15.997,766
2004-09-27,16.271,766
2004-09-28,16.519,766
2004-09-29,16.792,766
2004-09-30,16.955,766
2004-10-01,16.383,766
2004-10-02,16.191,766
2004-10-03,15.853,766
2004-10-04,15.79,766
2004-10-05,15.75,766
2004-10-06,15.671,766
2004-10-07,15.68,766
2004-10-08,15.609,766
2004-10-09,15.185,766
2004-10-10,15.001,766
2004-10-11,15.195,766
2004-10-12,15.824,766
2004-10-13,15.742,766
2004-10-14,15.553,766
2004-10-15,15.787,766
2004-10-16,15.824,766
2004-10-17,16.357,766
2004-10-18,16.493,766
2004-10-19,16.496,766
2004-10-20,16.407,766
2004-10-21,16.278,766
2004-10-22,16.083,766
2004-10-23,15.917,766
2004-10-24,15.912,766
2004-10-25,15.967,766
2004-10-26,15.909,766
2004-10-27,16.225,766
2004-10-28,16.237,766
2004-10-29,16.243,766
2004-10-30,15.959,766
2004-10-31,15.895,766
2004-11-01,15.917,766
2004-11-02,15.996,766
2004-11-03,16.244,766
2004-11-04,15.844,766
2004-11-05,15.864,766
2004-11-06,15.81,766
2004-11-07,15.758,766
2004-11-08,15.62,766
2004-11-09,16.022,766
2004-11-10,16.172,766
2004-11-11,16.131,766
2004-11-12,15.879,766
2004-11-13,15.802,766
2004-11-14,15.768,766
2004-11-15,15.732,766
2004-11-16,15.785,766
2004-11-17,15.736,766
2004-11-18,15.547,766
2004-11-19,15.306,766
2004-11-20,15.175,766
2004-11-21,15.032,766
2004-11-22,14.952,766
2004-11-23,15.115,766
2004-11-24,15.15,766
2004-11-25,15.056,766
2004-11-26,14.785,766
2004-11-27,14.453,766
2004-11-28,14.111,766
2004-11-29,14.094,766
2004-11-30,14.001,766
2004-12-01,13.826,766
2004-12-02,13.803,766
2004-12-03,13.795,766
2004-12-04,13.769,766
2004-12-05,13.718,766
2004-12-06,13.686,766
2004-12-07,13.72,766
2004-12-08,13.861,766
2004-12-09,13.962,766
2004-12-10,14.043,766
2004-12-11,14.076,766
2004-12-12,13.85,766
2004-12-13,14.101,766
2004-12-14,14.268,766
2004-12-15,14.314,766
2004-12-16,14.308,766
2004-12-17,14.426,766
2004-12-18,14.467,766
2004-12-19,14.47,766
2004-12-20,14.335,766
2004-12-21,14.306,766
2004-12-22,14.273,766
2004-12-23,14.239,766
2004-12-24,14.217,766
2004-12-25,14.174,766
2004-12-26,13.922,766
2004-12-27,13.782,766
2004-12-28,13.63,766
2004-12-29,13.749,766
2004-12-30,13.768,766
2004-12-31,13.729,766
2005-01-01,13.671,766
2005-01-02,13.732,766
2005-01-03,13.793,766
2005-01-04,13.811,766
2005-01-05,13.83,766
2005-01-06,13.78,766
2005-01-07,13.728,766
2005-01-08,13.699,766
2005-01-09,13.697,766
2005-01-10,13.739,766
2005-01-11,13.809,766
2005-01-12,13.806,766
2005-01-13,13.854,766
2005-01-14,13.95,766
2005-01-15,14.043,766
2005-01-16,14.117,766
2005-01-17,14.086,766
2005-01-18,14.398,766
2005-01-19,14.558,766
2005-01-20,14.552,766
2005-01-21,14.432,766
2005-01-22,14.339,766
2005-01-23,14.51,766
2005-01-24,14.391,766
2005-01-25,14.056,766
2005-01-26,14.059,766
2005-01-27,14.097,766
2005-01-28,14.187,766
2005-01-29,14.198,766
2005-01-30,14.137,766
2005-01-31,14.122,766
2005-02-01,14.288,766
2005-02-02,14.36,766
2005-02-03,14.259,766
2005-02-04,13.951,766
2005-02-05,13.909,766
2005-02-06,13.87,766
2005-02-07,13.879,766
2005-02-08,13.825,766
2005-02-09,13.829,766
2005-02-10,13.779,766
2005-02-11,13.868,766
2005-02-12,13.908,766
2005-02-13,13.955,766
2005-02-14,13.997,766
2005-02-15,13.765,766
2005-02-16,13.803,766
2005-02-17,13.888,766
2005-02-18,14.09,766
2005-02-19,14.091,766
2005-02-20,13.946,766
2005-02-21,13.816,766
2005-02-22,13.902,766
2005-02-23,14.04,766
2005-02-24,13.974,766
2005-02-25,13.951,766
2005-02-26,13.834,766
2005-02-27,14.506,766
2005-02-28,14.733,766
2005-03-01,14.708,766
2005-03-02,14.615,766
2005-03-03,14.591,766
2005-03-04,14.348,766
2005-03-05,14.406,766
2005-03-06,14.431,766
2005-03-07,14.47,766
2005-03-08,14.474,766
2005-03-09,14.767,766
2005-03-10,14.702,766
2005-03-11,14.665,766
2005-03-12,14.488,766
2005-03-13,14.633,766
2005-03-14,14.753,766
2005-03-15,14.914,766
2005-03-16,15.089,766
2005-03-17,14.671,766
2005-03-18,14.514,766
2005-03-19,14.374,766
2005-03-20,14.337,766
2005-03-21,14.319,766
2005-03-22,14.333,766
2005-03-23,14.474,766
2005-03-24,14.487,766
2005-03-25,14.423,766
2005-03-26,14.373,766
2005-03-27,14.212,766
2005-03-28,14.018,766
2005-03-29,13.897,766
2005-03-30,13.99,766
2005-03-31,14.161,766
2005-04-01,14.404,766
2005-04-02,14.213,766
2005-04-03,13.741,766
2005-04-04,13.641,766
2005-04-05,13.74,766
2005-04-06,13.738,766
2005-04-07,13.51,766
2005-04-08,13.326,766
2005-04-09,13.074,766
2005-04-10,12.918,766
2005-04-11,12.673,766
2005-04-12,12.528,766
2005-04-13,12.329,766
2005-04-14,12.062,766
2005-04-15,12.053,766
2005-04-16,12.113,766
2005-04-17,12.033,766
2005-04-18,11.922,766
2005-04-19,11.88,766
2005-04-20,11.964,766
2005-04-21,12.356,766
2005-04-22,12.375,766
2005-04-23,12.918,766
2005-04-24,13.217,766
2005-04-25,13.292,766
2005-04-26,13.326,766
2005-04-27,13.551,766
2005-04-28,13.992,766
2005-04-29,14.039,766
2005-04-30,14,766
2005-05-01,14.444,766
2005-05-02,14.279,766
2005-05-03,14.064,766
2005-05-04,13.828,766
2005-05-05,14.705,766
2005-05-06,14.93,766
2005-05-07,14.922,766
2005-05-08,14.936,766
2005-05-09,15.003,766
2005-05-10,14.679,766
2005-05-11,14.506,766
2005-05-12,14.256,766
2005-05-13,13.868,766
2005-05-14,13.868,766
2005-05-15,13.858,766
2005-05-16,13.721,766
2005-05-17,13.931,766
2005-05-18,14.832,766
2005-05-19,15.003,766
2005-05-20,14.553,766
2005-05-21,14.159,766
2005-05-22,13.432,766
2005-05-23,12.942,766
2005-05-24,12.867,766
2005-05-25,13.027,766
2005-05-26,13.112,766
2005-05-27,13.417,766
2005-05-28,13.548,766
2005-05-29,13.471,766
2005-05-30,13.434,766
2005-05-31,13.328,766
2005-06-01,13.329,766
2005-06-02,13.392,766
2005-06-03,13.293,766
2005-06-04,12.683,766
2005-06-05,12.524,766
2005-06-06,12.28,766
2005-06-07,12.236,766
2005-06-08,12.222,766
2005-06-09,12.263,766
2005-06-10,12.202,766
2005-06-11,12.069,766
2005-06-12,12.111,766
2005-06-13,12.221,766
2005-06-14,12.494,766
2005-06-15,12.472,766
2005-06-16,12.926,766
2005-06-17,14.153,766
2005-06-18,14.383,766
2005-06-19,14.377,766
2005-06-20,14.38,766
2005-06-21,14.377,766
2005-06-22,14.24,766
2005-06-23,14.081,766
2005-06-24,14.297,766
2005-06-25,14.349,766
2005-06-26,14.364,766
2005-06-27,14.45,766
2005-06-28,14.437,766
2005-06-29,14.388,766
2005-06-30,14.039,766
2005-07-01,13.842,766
2005-07-02,13.851,766
2005-07-03,13.889,766
2005-07-04,13.882,766
2005-07-05,13.382,766
2005-07-06,12.561,766
2005-07-07,12.593,766
2005-07-08,12.689,766
2005-07-09,13.129,766
2005-07-10,13.242,766
2005-07-11,13.261,766
2005-07-12,13.269,766
2005-07-13,13.311,766
2005-07-14,13.156,766
2005-07-15,13.198,766
2005-07-16,13.402,766
2005-07-17,13.622,766
2005-07-18,13.716,766
2005-07-19,13.655,766
2005-07-20,13.796,766
2005-07-21,14.269,766
2005-07-22,14.305,766
2005-07-23,14.317,766
2005-07-24,14.398,766
2005-07-25,14.801,766
2005-07-26,14.87,766
2005-07-27,14.946,766
2005-07-28,15.934,766
2005-07-29,15.746,766
2005-07-30,15.75,766
2005-07-31,15.543,766
2005-08-01,15.57,766
2005-08-02,15.569,766
2005-08-03,15.597,766
2005-08-04,15.58,766
2005-08-05,15.628,766
2005-08-06,15.658,766
2005-08-07,15.695,766
2005-08-08,15.767,766
2005-08-09,15.33,766
2005-08-10,15.305,766
2005-08-11,15.238,766
2005-08-12,15.425,766
2005-08-13,15.532,766
2005-08-14,15.673,766
2005-08-15,15.815,766
2005-08-16,15.928,766
2005-08-17,16.426,766
2005-08-18,16.349,766
2005-08-19,16.033,766
2005-08-20,15.979,766
2005-08-21,15.73,766
2005-08-22,15.573,766
2005-08-23,15.615,766
2005-08-24,15.93,766
2005-08-25,16.03,766
2005-08-26,16.085,766
2005-08-27,16.035,766
2005-08-28,15.874,766
2005-08-29,15.693,766
2005-08-30,15.721,766
2005-08-31,15.683,766
2005-09-01,15.653,766
2005-09-02,15.693,766
2005-09-03,15.418,766
2005-09-04,15.695,766
2005-09-05,15.657,766
2005-09-06,15.598,766
2005-09-07,15.62,766
2005-09-08,16.124,766
2005-09-09,15.891,766
2005-09-10,15.649,766
2005-09-11,15.558,766
2005-09-12,15.534,766
2005-09-13,15.504,766
2005-09-14,15.273,766
2005-09-15,15.131,766
2005-09-16,15.059,766
2005-09-17,14.904,766
2005-09-18,14.684,766
2005-09-19,14.889,766
2005-09-20,15.287,766
2005-09-21,15.528,766
2005-09-22,14.978,766
2005-09-23,14.63,766
2005-09-24,14.748,766
2005-09-25,15.264,766
2005-09-26,15.474,766
2005-09-27,15.222,766
2005-09-28,15.056,766
2005-09-29,15.027,766
2005-09-30,15.107,766
2005-10-01,15.161,766
2005-10-02,14.757,766
2005-10-03,14.474,766
2005-10-04,14.271,766
2005-10-05,14.126,766
2005-10-06,14.101,766
2005-10-07,14.142,766
2005-10-08,13.961,766
2005-10-09,13.925,766
2005-10-10,13.917,766
2005-10-11,13.939,766
2005-10-12,14.037,766
2005-10-13,14.068,766
2005-10-14,14.146,766
2005-10-15,13.887,766
2005-10-16,13.74,766
2005-10-17,13.737,766
2005-10-18,14.833,766
2005-10-19,15.116,766
2005-10-20,14.935,766
2005-10-21,14.287,766
2005-10-22,14.153,766
2005-10-23,14.295,766
2005-10-24,14.67,766
2005-10-25,14.513,766
2005-10-26,14.46,766
2005-10-27,14.691,766
2005-10-28,15.021,766
2005-10-29,14.749,766
2005-10-30,14.715,766
2005-10-31,14.639,766
2005-11-01,14.535,766
2005-11-02,14.451,766
2005-11-03,14.39,766
2005-11-04,14.226,766
2005-11-05,14.176,766
2005-11-06,14.122,766
2005-11-07,14.009,766
2005-11-08,14.361,766
2005-11-09,14.392,766
2005-11-10,14.503,766
2005-11-11,14.6,766
2005-11-12,14.579,766
2005-11-13,14.477,766
2005-11-14,14.398,766
2005-11-15,14.449,766
2005-11-16,14.508,766
2005-11-17,15.002,766
2005-11-18,15.278,766
2005-11-19,15.267,766
2005-11-20,15.112,766
2005-11-21,15.05,766
2005-11-22,14.862,766
2005-11-23,14.68,766
2005-11-24,14.477,766
2005-11-25,14.168,766
2005-11-26,14.001,766
2005-11-27,13.85,766
2005-11-28,13.689,766
2005-11-29,13.772,766
2005-11-30,13.938,766
2005-12-01,13.915,766
2005-12-02,13.37,766
2005-12-03,13.261,766
2005-12-04,13.218,766
2005-12-05,13.146,766
2005-12-06,13.13,766
2005-12-07,13.125,766
2005-12-08,13.179,766
2005-12-09,13.398,766
2005-12-10,13.472,766
2005-12-11,13.524,766
2005-12-12,13.592,766
2005-12-13,13.533,766
2005-12-14,13.566,766
2005-12-15,13.526,766
2005-12-16,13.498,766
2005-12-17,13.314,766
2005-12-18,13.513,766
2005-12-19,13.557,766
2005-12-20,13.64,766
2005-12-21,13.657,766
2005-12-22,13.942,766
2005-12-23,14.399,766
2005-12-24,14.482,766
2005-12-25,14.377,766
2005-12-26,14.031,766
2005-12-27,14.136,766
2005-12-28,14.342,766
2005-12-29,14.297,766
2005-12-30,14.27,766
2005-12-31,14.124,766
2006-01-01,13.96,766
2006-01-02,13.502,766
2006-01-03,13.55,766
2006-01-04,13.612,766
2006-01-05,13.867,766
2006-01-06,13.884,766
2006-01-07,13.796,766
2006-01-08,13.766,766
2006-01-09,13.685,766
2006-01-10,13.623,766
2006-01-11,13.537,766
2006-01-12,13.641,766
2006-01-13,13.502,766
2006-01-14,13.378,766
2006-01-15,13.22,766
2006-01-16,13.081,766
2006-01-17,13.035,766
2006-01-18,12.947,766
2006-01-19,12.899,766
2006-01-20,12.871,766
2006-01-21,12.722,766
2006-01-22,12.664,766
2006-01-23,12.718,766
2006-01-24,12.726,766
2006-01-25,12.713,766
2006-01-26,12.691,766
2006-01-27,12.62,766
2006-01-28,12.545,766
2006-01-29,12.624,766
2006-01-30,12.682,766
2006-01-31,12.576,766
2006-02-01,12.515,766
2006-02-02,12.516,766
2006-02-03,12.378,766
2006-02-04,12.311,766
2006-02-05,12.536,766
2006-02-06,12.817,766
2006-02-07,13.075,766
2006-02-08,13.188,766
2006-02-09,13.215,766
2006-02-10,13.064,766
2006-02-11,12.918,766
2006-02-12,13.037,766
2006-02-13,13.108,766
2006-02-14,12.958,766
2006-02-15,12.711,766
2006-02-16,12.678,766
2006-02-17,12.468,766
2006-02-18,12.441,766
2006-02-19,12.478,766
2006-02-20,12.508,766
2006-02-21,12.547,766
2006-02-22,12.651,766
2006-02-23,12.802,766
2006-02-24,12.883,766
2006-02-25,12.776,766
2006-02-26,12.708,766
2006-02-27,13.126,766
2006-02-28,13.142,766
2006-03-01,13.127,766
2006-03-02,13.042,766
2006-03-03,12.961,766
2006-03-04,12.895,766
2006-03-05,12.924,766
2006-03-06,13.082,766
2006-03-07,12.986,766
2006-03-08,12.868,766
2006-03-09,12.754,766
2006-03-10,12.273,766
2006-03-11,12.288,766
2006-03-12,12.465,766
2006-03-13,12.583,766
2006-03-14,12.557,766
2006-03-15,12.508,766
2006-03-16,12.567,766
2006-03-17,12.478,766
2006-03-18,12.281,766
2006-03-19,12.168,766
2006-03-20,12.275,766
2006-03-21,12.403,766
2006-03-22,12.362,766
2006-03-23,12.204,766
2006-03-24,12.223,766
2006-03-25,12.569,766
2006-03-26,12.657,766
2006-03-27,12.633,766
2006-03-28,12.635,766
2006-03-29,12.692,766
2006-03-30,12.775,766
2006-03-31,12.5,766
2006-04-01,12.567,766
2006-04-02,12.631,766
2006-04-03,12.844,766
2006-04-04,12.801,766
2006-04-05,12.984,766
2006-04-06,13.042,766
2006-04-07,13.312,766
2006-04-08,13.691,766
2006-04-09,13.863,766
2006-04-10,13.602,766
2006-04-11,13.561,766
2006-04-12,14.018,766
2006-04-13,14.075,766
2006-04-14,14.109,766
2006-04-15,13.908,766
2006-04-16,13.769,766
2006-04-17,13.633,766
2006-04-18,13.537,766
2006-04-19,13.617,766
2006-04-20,13.58,766
2006-04-21,13.469,766
2006-04-22,13.418,766
2006-04-23,13.476,766
2006-04-24,13.58,766
2006-04-25,13.635,766
2006-04-26,13.556,766
2006-04-27,13.509,766
2006-04-28,13.495,766
2006-04-29,13.511,766
2006-04-30,12.958,766
2006-05-01,13.133,766
2006-05-02,13.184,766
2006-05-03,13.326,766
2006-05-04,13.376,766
2006-05-05,13.379,766
2006-05-06,12.905,766
2006-05-07,12.701,766
2006-05-08,12.705,766
2006-05-09,12.695,766
2006-05-10,12.707,766
2006-05-11,12.898,766
2006-05-12,12.943,766
2006-05-13,12.908,766
2006-05-14,12.823,766
2006-05-15,13.35,766
2006-05-16,13.721,766
2006-05-17,13.638,766
2006-05-18,13.535,766
2006-05-19,13.202,766
2006-05-20,13.305,766
2006-05-21,14.133,766
2006-05-22,15.073,766
2006-05-23,15.126,766
2006-05-24,14.63,766
2006-05-25,14.209,766
2006-05-26,13.761,766
2006-05-27,12.91,766
2006-05-28,12.576,766
2006-05-29,12.514,766
2006-05-30,12.524,766
2006-05-31,12.564,766
2006-06-01,12.77,766
2006-06-02,12.725,766
2006-06-03,12.467,766
2006-06-04,12.437,766
2006-06-05,12.478,766
2006-06-06,12.739,766
2006-06-07,12.755,766
2006-06-08,12.795,766
2006-06-09,12.766,766
2006-06-10,13.587,766
2006-06-11,14.606,766
2006-06-12,14.832,766
2006-06-13,14.786,766
2006-06-14,14.072,766
2006-06-15,13.507,766
2006-06-16,13.416,766
2006-06-17,13.335,766
2006-06-18,13.301,766
2006-06-19,13.315,766
2006-06-20,13.307,766
2006-06-21,13.147,766
2006-06-22,13.181,766
2006-06-23,12.768,766
2006-06-24,12.918,766
2006-06-25,13.036,766
2006-06-26,13.214,766
2006-06-27,13.435,766
2006-06-28,14.179,766
2006-06-29,14.005,766
2006-06-30,13.926,766
2006-07-01,13.429,766
2006-07-02,13.253,766
2006-07-03,13.167,766
2006-07-04,12.796,766
2006-07-05,12.845,766
2006-07-06,12.792,766
2006-07-07,12.942,766
2006-07-08,13.001,766
2006-07-09,13.096,766
2006-07-10,13.201,766
2006-07-11,13.535,766
2006-07-12,13.584,766
2006-07-13,13.556,766
2006-07-14,13.194,766
2006-07-15,13.49,766
2006-07-16,13.762,766
2006-07-17,13.903,766
2006-07-18,14.551,766
2006-07-19,14.701,766
2006-07-20,15.042,766
2006-07-21,15.623,766
2006-07-22,16.07,766
2006-07-23,16.027,766
2006-07-24,16.038,766
2006-07-25,15.849,766
2006-07-26,15.872,766
2006-07-27,15.883,766
2006-07-28,16.353,766
2006-07-29,16.977,766
2006-07-30,17.903,766
2006-07-31,17.44,766
2006-08-01,17.265,766
2006-08-02,17.164,766
2006-08-03,17.621,766
2006-08-04,17.878,766
2006-08-05,17.991,766
2006-08-06,18.315,766
2006-08-07,18.048,766
2006-08-08,17.869,766
2006-08-09,17.808,766
2006-08-10,17.743,766
2006-08-11,17.378,766
2006-08-12,17.197,766
2006-08-13,17.039,766
2006-08-14,17.081,766
2006-08-15,16.962,766
2006-08-16,16.748,766
2006-08-17,16.743,766
2006-08-18,16.726,766
2006-08-19,16.883,766
2006-08-20,16.777,766
2006-08-21,16.694,766
2006-08-22,16.26,766
2006-08-23,16.265,766
2006-08-24,16.089,766
2006-08-25,15.984,766
2006-08-26,15.74,766
2006-08-27,15.654,766
2006-08-28,15.498,766
2006-08-29,15.433,766
2006-08-30,15.464,766
2006-08-31,15.577,766
2006-09-01,14.937,766
2006-09-02,14.464,766
2006-09-03,14.517,766
2006-09-04,14.675,766
2006-09-05,14.712,766
2006-09-06,15.137,766
2006-09-07,15.29,766
2006-09-08,15.747,766
2006-09-09,15.655,766
2006-09-10,15.618,766
2006-09-11,15.623,766
2006-09-12,15.628,766
2006-09-13,15.772,766
2006-09-14,16.032,766
2006-09-15,15.877,766
2006-09-16,15.807,766
2006-09-17,15.769,766
2006-09-18,15.725,766
2006-09-19,15.866,766
2006-09-20,15.864,766
2006-09-21,15.94,766
2006-09-22,16.17,766
2006-09-23,16.771,766
2006-09-24,16.892,766
2006-09-25,16.79,766
2006-09-26,16.53,766
2006-09-27,16.435,766
2006-09-28,16.36,766
2006-09-29,16.154,766
2006-09-30,15.97,766
2006-10-01,16.309,766
2006-10-02,16.391,766
2006-10-03,16.637,766
2006-10-04,16.804,766
2006-10-05,16.761,766
2006-10-06,16.382,766
2006-10-07,16.215,766
2006-10-08,16.097,766
2006-10-09,16.023,766
2006-10-10,16.084,766
2006-10-11,16.252,766
2006-10-12,16.356,766
2006-10-13,16.452,766
2006-10-14,16.455,766
2006-10-15,16.07,766
2006-10-16,15.687,766
2006-10-17,15.708,766
2006-10-18,15.723,766
2006-10-19,15.855,766
2006-10-20,16.051,766
2006-10-21,16.068,766
2006-10-22,16.177,766
2006-10-23,15.878,766
2006-10-24,16.179,766
2006-10-25,16.333,766
2006-10-26,16.387,766
2006-10-27,16.457,766
2006-10-28,16.489,766
2006-10-29,16.442,766
2006-10-30,16.286,766
2006-10-31,16.122,766
2006-11-01,16.235,766
2006-11-02,16.161,766
2006-11-03,16.001,766
2006-11-04,16.139,766
2006-11-05,16.194,766
2006-11-06,16.309,766
2006-11-07,16.33,766
2006-11-08,15.753,766
2006-11-09,15.533,766
2006-11-10,15.421,766
2006-11-11,15.134,766
2006-11-12,15.041,766
2006-11-13,15.073,766
2006-11-14,15.116,766
2006-11-15,14.89,766
2006-11-16,14.835,766
2006-11-17,14.916,766
2006-11-18,14.994,766
2006-11-19,14.911,766
2006-11-20,14.767,766
2006-11-21,14.536,766
2006-11-22,14.833,766
2006-11-23,14.64,766
2006-11-24,14.549,766
2006-11-25,14.445,766
2006-11-26,14.183,766
2006-11-27,14.155,766
2006-11-28,13.972,766
2006-11-29,13.833,766
2006-11-30,13.906,766
2006-12-01,14.067,766
2006-12-02,14.216,766
2006-12-03,14.283,766
2006-12-04,14.277,766
2006-12-05,14.315,766
2006-12-06,14.377,766
2006-12-07,14.387,766
2006-12-08,14.362,766
2006-12-09,14.277,766
2006-12-10,14.325,766
2006-12-11,14.339,766
2006-12-12,14.277,766
2006-12-13,14.168,766
2006-12-14,14.278,766
2006-12-15,14.238,766
2006-12-16,14.121,766
2006-12-17,13.991,766
2006-12-18,13.884,766
2006-12-19,13.802,766
2006-12-20,13.756,766
2006-12-21,13.748,766
2006-12-22,13.703,766
2006-12-23,13.705,766
2006-12-24,13.711,766
2006-12-25,13.77,766
2006-12-26,13.784,766
2006-12-27,13.551,766
2006-12-28,13.32,766
2006-12-29,13.274,766
2006-12-30,13.25,766
2006-12-31,13.363,766
2007-01-01,13.313,766
2007-01-02,13.345,766
2007-01-03,13.419,766
2007-01-04,13.369,766
2007-01-05,13.147,766
2007-01-06,12.803,766
2007-01-07,12.827,766
2007-01-08,12.798,766
2007-01-09,12.868,766
2007-01-10,12.855,766
2007-01-11,12.705,766
2007-01-12,12.608,766
2007-01-13,12.489,766
2007-01-14,12.411,766
2007-01-15,12.465,766
2007-01-16,12.492,766
2007-01-17,12.464,766
2007-01-18,12.535,766
2007-01-19,12.586,766
2007-01-20,12.633,766
2007-01-21,12.686,766
2007-01-22,12.794,766
2007-01-23,12.777,766
2007-01-24,12.74,766
2007-01-25,12.651,766
2007-01-26,12.6,766
2007-01-27,12.742,766
2007-01-28,12.792,766
2007-01-29,12.828,766
2007-01-30,12.922,766
2007-01-31,12.942,766
2007-02-01,12.851,766
2007-02-02,12.817,766
2007-02-03,12.859,766
2007-02-04,12.878,766
2007-02-05,12.841,766
2007-02-06,12.866,766
2007-02-07,12.922,766
2007-02-08,13.009,766
2007-02-09,13.13,766
2007-02-10,13.196,766
2007-02-11,13.339,766
2007-02-12,13.391,766
2007-02-13,13.308,766
2007-02-14,13.223,766
2007-02-15,13.235,766
2007-02-16,13.219,766
2007-02-17,13.217,766
2007-02-18,13.088,766
2007-02-19,12.634,766
2007-02-20,12.585,766
2007-02-21,12.492,766
2007-02-22,12.708,766
2007-02-23,12.749,766
2007-02-24,12.759,766
2007-02-25,12.75,766
2007-02-26,12.689,766
2007-02-27,12.603,766
2007-02-28,12.534,766
2007-03-01,12.452,766
2007-03-02,12.371,766
2007-03-03,12.287,766
2007-03-04,12.283,766
2007-03-05,12.729,766
2007-03-06,12.714,766
2007-03-07,12.624,766
2007-03-08,12.326,766
2007-03-09,12.35,766
2007-03-10,12.439,766
2007-03-11,12.735,766
2007-03-12,13.215,766
2007-03-13,13.446,766
2007-03-14,12.982,766
2007-03-15,12.962,766
2007-03-16,12.997,766
2007-03-17,12.74,766
2007-03-18,12.654,766
2007-03-19,12.642,766
2007-03-20,12.531,766
2007-03-21,12.626,766
2007-03-22,12.66,766
2007-03-23,12.681,766
2007-03-24,12.644,766
2007-03-25,12.847,766
2007-03-26,12.55,766
2007-03-27,12.211,766
2007-03-28,12.211,766
2007-03-29,12.288,766
2007-03-30,12.363,766
2007-03-31,12.496,766
2007-04-01,12.335,766
2007-04-02,12.373,766
2007-04-03,12.409,766
2007-04-04,12.452,766
2007-04-05,12.451,766
2007-04-06,12.484,766
2007-04-07,12.343,766
2007-04-08,12.493,766
2007-04-09,12.394,766
2007-04-10,12.334,766
2007-04-11,12.281,766
2007-04-12,12.115,766
2007-04-13,11.952,766
2007-04-14,11.913,766
2007-04-15,11.814,766
2007-04-16,11.908,766
2007-04-17,11.876,766
2007-04-18,11.714,766
2007-04-19,11.579,766
2007-04-20,11.568,766
2007-04-21,11.845,766
2007-04-22,11.866,766
2007-04-23,11.903,766
2007-04-24,11.929,766
2007-04-25,11.725,766
2007-04-26,11.545,766
2007-04-27,11.552,766
2007-04-28,11.687,766
2007-04-29,11.762,766
2007-04-30,12.204,766
2007-05-01,12.296,766
2007-05-02,12.291,766
2007-05-03,12.303,766
2007-05-04,12.264,766
2007-05-05,11.84,766
2007-05-06,12.21,766
2007-05-07,12.677,766
2007-05-08,13.302,766
2007-05-09,12.902,766
2007-05-10,12.758,766
2007-05-11,12.533,766
2007-05-12,12.285,766
2007-05-13,12.15,766
2007-05-14,12.031,766
2007-05-15,11.813,766
2007-05-16,11.791,766
2007-05-17,11.715,766
2007-05-18,11.632,766
2007-05-19,11.506,766
2007-05-20,11.474,766
2007-05-21,11.606,766
2007-05-22,11.764,766
2007-05-23,11.884,766
2007-05-24,11.883,766
2007-05-25,12.067,766
2007-05-26,12.103,766
2007-05-27,12.094,766
2007-05-28,12.718,766
2007-05-29,12.838,766
2007-05-30,12.853,766
2007-05-31,12.857,766
2007-06-01,12.816,766
2007-06-02,12.847,766
2007-06-03,12.181,766
2007-06-04,12.047,766
2007-06-05,12.672,766
2007-06-06,12.619,766
2007-06-07,12.574,766
2007-06-08,12.514,766
2007-06-09,12.493,766
2007-06-10,12.632,766
2007-06-11,12.838,766
2007-06-12,13.131,766
2007-06-13,13.297,766
2007-06-14,13.589,766
2007-06-15,13.614,766
2007-06-16,13.755,766
2007-06-17,13.597,766
2007-06-18,13.593,766
2007-06-19,13.813,766
2007-06-20,14.065,766
2007-06-21,13.8,766
2007-06-22,13.487,766
2007-06-23,13.266,766
2007-06-24,13.027,766
2007-06-25,12.958,766
2007-06-26,12.983,766
2007-06-27,12.934,766
2007-06-28,12.986,766
2007-06-29,12.927,766
2007-06-30,12.908,766
2007-07-01,12.832,766
2007-07-02,12.916,766
2007-07-03,12.942,766
2007-07-04,12.956,766
2007-07-05,13.051,766
2007-07-06,13.103,766
2007-07-07,13.274,766
2007-07-08,13.431,766
2007-07-09,13.577,766
2007-07-10,13.907,766
2007-07-11,15.811,766
2007-07-12,15.925,766
2007-07-13,15.789,766
2007-07-14,15.554,766
2007-07-15,14.629,766
2007-07-16,14.565,766
2007-07-17,14.661,766
2007-07-18,14.742,766
2007-07-19,14.779,766
2007-07-20,14.665,766
2007-07-21,14.493,766
2007-07-22,14.477,766
2007-07-23,14.458,766
2007-07-24,13.455,766
2007-07-25,13.674,766
2007-07-26,13.725,766
2007-07-27,13.78,766
2007-07-28,13.993,766
2007-07-29,14.184,766
2007-07-30,14.21,766
2007-07-31,14.41,766
2007-08-01,14.614,766
2007-08-02,14.806,766
2007-08-03,14.774,766
2007-08-04,14.954,766
2007-08-05,15.717,766
2007-08-06,15.688,766
2007-08-07,15.658,766
2007-08-08,15.588,766
2007-08-09,15.355,766
2007-08-10,15.21,766
2007-08-11,15.041,766
2007-08-12,15.149,766
2007-08-13,15.131,766
2007-08-14,15.009,766
2007-08-15,14.635,766
2007-08-16,14.47,766
2007-08-17,14.29,766
2007-08-18,14.03,766
2007-08-19,13.939,766
2007-08-20,14.025,766
2007-08-21,14.089,766
2007-08-22,14.133,766
2007-08-23,15.139,766
2007-08-24,15.868,766
2007-08-25,16.198,766
2007-08-26,16.437,766
2007-08-27,15.981,766
2007-08-28,15.938,766
2007-08-29,15.764,766
2007-08-30,15.789,766
2007-08-31,16.31,766
2007-09-01,16.024,766
2007-09-02,15.676,766
2007-09-03,15.346,766
2007-09-04,15.101,766
2007-09-05,14.876,766
2007-09-06,15.627,766
2007-09-07,16.536,766
2007-09-08,16.949,766
2007-09-09,16.934,766
2007-09-10,16.841,766
2007-09-11,16.574,766
2007-09-12,16.279,766
2007-09-13,16.015,766
2007-09-14,15.885,766
2007-09-15,15.666,766
2007-09-16,15.306,766
2007-09-17,15.19,766
2007-09-18,15.044,766
2007-09-19,14.962,766
2007-09-20,15.036,766
2007-09-21,15.501,766
2007-09-22,16.233,766
2007-09-23,16.652,766
2007-09-24,16.903,766
2007-09-25,17.147,766
2007-09-26,17.505,766
2007-09-27,17.685,766
2007-09-28,16.318,766
2007-09-29,16.277,766
2007-09-30,16.231,766
2007-10-01,16.121,766
2007-10-02,16.024,766
2007-10-03,15.929,766
2007-10-04,15.601,766
2007-10-05,14.904,766
2007-10-06,14.786,766
2007-10-07,14.866,766
2007-10-08,15.05,766
2007-10-09,15.269,766
2007-10-10,15.619,766
2007-10-11,15.474,766
2007-10-12,15.344,766
2007-10-13,15.348,766
2007-10-14,15.4,766
2007-10-15,15.322,766
2007-10-16,15.313,766
2007-10-17,15.129,766
2007-10-18,15.033,766
2007-10-19,14.99,766
2007-10-20,14.519,766
2007-10-21,14.096,766
2007-10-22,14.318,766
2007-10-23,15.006,766
2007-10-24,14.972,766
2007-10-25,14.904,766
2007-10-26,14.141,766
2007-10-27,14.285,766
2007-10-28,14.394,766
2007-10-29,14.382,766
2007-10-30,14.244,766
2007-10-31,14.165,766
2007-11-01,14.016,766
2007-11-02,14.151,766
2007-11-03,14.243,766
2007-11-04,14.274,766
2007-11-05,14.27,766
2007-11-06,14.582,766
2007-11-07,14.629,766
2007-11-08,15,766
2007-11-09,15.073,766
2007-11-10,14.963,766
2007-11-11,14.563,766
2007-11-12,14.465,766
2007-11-13,14.47,766
2007-11-14,14.565,766
2007-11-15,14.697,766
2007-11-16,14.566,766
2007-11-17,14.143,766
2007-11-18,14.093,766
2007-11-19,14.021,766
2007-11-20,13.963,766
2007-11-21,13.835,766
2007-11-22,13.824,766
2007-11-23,13.882,766
2007-11-24,13.917,766
2007-11-25,13.977,766
2007-11-26,14.02,766
2007-11-27,13.922,766
2007-11-28,13.831,766
2007-11-29,13.803,766
2007-11-30,13.653,766
2007-12-01,13.521,766
2007-12-02,13.641,766
2007-12-03,13.762,766
2007-12-04,13.987,766
2007-12-05,14.277,766
2007-12-06,14.253,766
2007-12-07,13.668,766
2007-12-08,13.173,766
2007-12-09,13.113,766
2007-12-10,13.122,766
2007-12-11,13.174,766
2007-12-12,13.198,766
2007-12-13,13.213,766
2007-12-14,13.04,766
2007-12-15,13.072,766
2007-12-16,13.129,766
2007-12-17,13.221,766
2007-12-18,12.926,766
2007-12-19,12.995,766
2007-12-20,13.192,766
2007-12-21,13.243,766
2007-12-22,13.192,766
2007-12-23,13.071,766
2007-12-24,12.964,766
2007-12-25,12.951,766
2007-12-26,12.79,766
2007-12-27,12.367,766
2007-12-28,12.308,766
2007-12-29,12.377,766
2007-12-30,12.323,766
2007-12-31,12.326,766
2008-01-01,12.318,766
2008-01-02,12.417,766
2008-01-03,12.502,766
2008-01-04,12.33,766
2008-01-05,12.268,766
2008-01-06,12.305,766
2008-01-07,12.332,766
2008-01-08,12.201,766
2008-01-09,12.172,766
2008-01-10,12.18,766
2008-01-11,12.236,766
2008-01-12,12.273,766
2008-01-13,12.257,766
2008-01-14,12.297,766
2008-01-15,12.258,766
2008-01-16,12.223,766
2008-01-17,12.233,766
2008-01-18,12.325,766
2008-01-19,12.398,766
2008-01-20,12.44,766
2008-01-21,12.193,766
2008-01-22,12.184,766
2008-01-23,12.092,766
2008-01-24,12.062,766
2008-01-25,12.007,766
2008-01-26,11.967,766
2008-01-27,11.983,766
2008-01-28,12.027,766
2008-01-29,12.029,766
2008-01-30,11.941,766
2008-01-31,11.884,766
2008-02-01,11.896,766
2008-02-02,11.905,766
2008-02-03,11.889,766
2008-02-04,11.848,766
2008-02-05,11.759,766
2008-02-06,11.741,766
2008-02-07,11.787,766
2008-02-08,11.92,766
2008-02-09,12.063,766
2008-02-10,12.088,766
2008-02-11,11.92,766
2008-02-12,11.862,766
2008-02-13,11.836,766
2008-02-14,11.821,766
2008-02-15,11.832,766
2008-02-16,11.845,766
2008-02-17,11.769,766
2008-02-18,11.797,766
2008-02-19,11.956,766
2008-02-20,11.954,766
2008-02-21,12.041,766
2008-02-22,12.032,766
2008-02-23,11.947,766
2008-02-24,11.789,766
2008-02-25,12.094,766
2008-02-26,12.238,766
2008-02-27,12.251,766
2008-02-28,12.183,766
2008-02-29,12.231,766
2008-03-01,11.966,766
2008-03-02,12.151,766
2008-03-03,12.244,766
2008-03-04,12.309,766
2008-03-05,12.377,766
2008-03-06,12.219,766
2008-03-07,12.111,766
2008-03-08,12.148,766
2008-03-09,12.404,766
2008-03-10,12.497,766
2008-03-11,12.278,766
2008-03-12,12.104,766
2008-03-13,11.991,766
2008-03-14,11.933,766
2008-03-15,11.772,766
2008-03-16,11.483,766
2008-03-17,11.46,766
2008-03-18,11.466,766
2008-03-19,11.458,766
2008-03-20,11.37,766
2008-03-21,11.397,766
2008-03-22,11.437,766
2008-03-23,11.45,766
2008-03-24,11.429,766
2008-03-25,11.454,766
2008-03-26,11.409,766
2008-03-27,11.27,766
2008-03-28,10.944,766
2008-03-29,10.816,766
2008-03-30,10.705,766
2008-03-31,10.996,766
2008-04-01,11.14,766
2008-04-02,11.614,766
2008-04-03,11.463,766
2008-04-04,11.332,766
2008-04-05,11.15,766
2008-04-06,11.085,766
2008-04-07,11.034,766
2008-04-08,11,766
2008-04-09,10.916,766
2008-04-10,10.977,766
2008-04-11,11.088,766
2008-04-12,11.748,766
2008-04-13,11.898,766
2008-04-14,11.71,766
2008-04-15,11.21,766
2008-04-16,10.913,766
2008-04-17,10.924,766
2008-04-18,11.034,766
2008-04-19,10.705,766
2008-04-20,10.692,766
2008-04-21,10.629,766
2008-04-22,10.76,766
2008-04-23,10.81,766
2008-04-24,10.82,766
2008-04-25,10.869,766
2008-04-26,11.08,766
2008-04-27,11.189,766
2008-04-28,11.145,766
2008-04-29,10.973,766
2008-04-30,10.891,766
2008-05-01,10.774,766
2008-05-02,10.788,766
2008-05-03,10.849,766
2008-05-04,10.977,766
2008-05-05,11.418,766
2008-05-06,11.363,766
2008-05-07,11.32,766
2008-05-08,10.754,766
2008-05-09,10.266,766
2008-05-10,10.264,766
2008-05-11,10.59,766
2008-05-12,11.056,766
2008-05-13,11.197,766
2008-05-14,11.382,766
2008-05-15,13.069,766
2008-05-16,13.133,766
2008-05-17,12.631,766
2008-05-18,12.434,766
2008-05-19,12.511,766
2008-05-20,11.698,766
2008-05-21,11.362,766
2008-05-22,11.225,766
2008-05-23,11.129,766
2008-05-24,11.156,766
2008-05-25,11.981,766
2008-05-26,12.449,766
2008-05-27,12.967,766
2008-05-28,13.529,766
2008-05-29,13.308,766
2008-05-30,13.133,766
2008-05-31,12.686,766
2008-06-01,12.084,766
2008-06-02,11.908,766
2008-06-03,11.803,766
2008-06-04,11.625,766
2008-06-05,11.209,766
2008-06-06,11.075,766
2008-06-07,11.081,766
2008-06-08,11.206,766
2008-06-09,11.717,766
2008-06-10,12.061,766
2008-06-11,12.415,766
2008-06-12,12.596,766
2008-06-13,12.619,766
2008-06-14,12.226,766
2008-06-15,12.165,766
2008-06-16,12.606,766
2008-06-17,12.567,766
2008-06-18,12.782,766
2008-06-19,13.098,766
2008-06-20,13.372,766
2008-06-21,13.724,766
2008-06-22,13.653,766
2008-06-23,13.503,766
2008-06-24,13.307,766
2008-06-25,13.02,766
2008-06-26,12.996,766
2008-06-27,13.631,766
2008-06-28,14.135,766
2008-06-29,13.894,766
2008-06-30,13.576,766
2008-07-01,13.543,766
2008-07-02,13.443,766
2008-07-03,13.553,766
2008-07-04,13.609,766
2008-07-05,13.407,766
2008-07-06,13.114,766
2008-07-07,13.107,766
2008-07-08,13.465,766
2008-07-09,13.894,766
2008-07-10,14.066,766
2008-07-11,14.409,766
2008-07-12,14.811,766
2008-07-13,14.356,766
2008-07-14,13.926,766
2008-07-15,14.362,766
2008-07-16,15.089,766
2008-07-17,14.873,766
2008-07-18,14.687,766
2008-07-19,14.591,766
2008-07-20,14.532,766
2008-07-21,14.207,766
2008-07-22,14.041,766
2008-07-23,13.736,766
2008-07-24,14.339,766
2008-07-25,14.906,766
2008-07-26,15.075,766
2008-07-27,15.087,766
2008-07-28,14.734,766
2008-07-29,14.815,766
2008-07-30,14.953,766
2008-07-31,15.06,766
2008-08-01,15.137,766
2008-08-02,14.99,766
2008-08-03,14.95,766
2008-08-04,14.932,766
2008-08-05,14.779,766
2008-08-06,14.671,766
2008-08-07,14.731,766
2008-08-08,14.654,766
2008-08-09,15.073,766
2008-08-10,15.048,766
2008-08-11,15.018,766
2008-08-12,14.931,766
2008-08-13,14.871,766
2008-08-14,15.063,766
2008-08-15,15.278,766
2008-08-16,14.998,766
2008-08-17,15.001,766
2008-08-18,15.007,766
2008-08-19,15.767,766
2008-08-20,15.85,766
2008-08-21,15.824,766
2008-08-22,15.557,766
2008-08-23,15.374,766
2008-08-24,15.38,766
2008-08-25,15.62,766
2008-08-26,15.645,766
2008-08-27,15.669,766
2008-08-28,15.064,766
2008-08-29,15.403,766
2008-08-30,15.61,766
2008-08-31,15.867,766
2008-09-01,16.026,766
2008-09-02,16.258,766
2008-09-03,17.26,766
2008-09-04,17.309,766
2008-09-05,17.333,766
2008-09-06,16.961,766
2008-09-07,16.874,766
2008-09-08,16.867,766
2008-09-09,16.791,766
2008-09-10,16.782,766
2008-09-11,16.718,766
2008-09-12,16.517,766
2008-09-13,16.312,766
2008-09-14,16.071,766
2008-09-15,15.875,766
2008-09-16,15.757,766
2008-09-17,15.761,766
2008-09-18,16.165,766
2008-09-19,16.424,766
2008-09-20,16.406,766
2008-09-21,15.972,766
2008-09-22,15.818,766
2008-09-23,15.85,766
2008-09-24,16.342,766
2008-09-25,16.833,766
2008-09-26,16.876,766
2008-09-27,16.854,766
2008-09-28,15.939,766
2008-09-29,16.148,766
2008-09-30,16.334,766
2008-10-01,16.488,766
2008-10-02,16.348,766
2008-10-03,16.243,766
2008-10-04,16.242,766
2008-10-05,16.315,766
2008-10-06,16.358,766
2008-10-07,16.378,766
2008-10-08,16.145,766
2008-10-09,15.959,766
2008-10-10,15.507,766
2008-10-11,14.521,766
2008-10-12,14.37,766
2008-10-13,14.64,766
2008-10-14,14.683,766
2008-10-15,14.764,766
2008-10-16,15.075,766
2008-10-17,15.305,766
2008-10-18,15.287,766
2008-10-19,14.904,766
2008-10-20,14.678,766
2008-10-21,14.758,766
2008-10-22,15.073,766
2008-10-23,15.675,766
2008-10-24,15.467,766
2008-10-25,15.342,766
2008-10-26,15.095,766
2008-10-27,14.972,766
2008-10-28,14.685,766
2008-10-29,14.621,766
2008-10-30,14.632,766
2008-10-31,14.707,766
2008-11-01,15.399,766
2008-11-02,15.474,766
2008-11-03,15.465,766
2008-11-04,15.347,766
2008-11-05,15.106,766
2008-11-06,15.132,766
2008-11-07,15.207,766
2008-11-08,15.235,766
2008-11-09,15.034,766
2008-11-10,14.341,766
2008-11-11,13.935,766
2008-11-12,13.936,766
2008-11-13,14.142,766
2008-11-14,14.635,766
2008-11-15,14.938,766
2008-11-16,15.107,766
2008-11-17,14.986,766
2008-11-18,14.817,766
2008-11-19,14.379,766
2008-11-20,14.288,766
2008-11-21,14.358,766
2008-11-22,14.389,766
2008-11-23,14.4,766
2008-11-24,14.223,766
2008-11-25,14.204,766
2008-11-26,14.552,766
2008-11-27,14.284,766
2008-11-28,14.313,766
2008-11-29,14.23,766
2008-11-30,14.065,766
2008-12-01,14.014,766
2008-12-02,14.355,766
2008-12-03,14.296,766
2008-12-04,14.259,766
2008-12-05,14.357,766
2008-12-06,14.439,766
2008-12-07,14.514,766
2008-12-08,14.184,766
2008-12-09,14.018,766
2008-12-10,13.965,766
2008-12-11,13.873,766
2008-12-12,13.65,766
2008-12-13,13.731,766
2008-12-14,13.735,766
2008-12-15,13.66,766
2008-12-16,13.512,766
2008-12-17,13.352,766
2008-12-18,13.298,766
2008-12-19,13.263,766
2008-12-20,13.181,766
2008-12-21,13.144,766
2008-12-22,13.02,766
2008-12-23,13.038,766
2008-12-24,12.982,766
2008-12-25,12.577,766
2008-12-26,12.383,766
2008-12-27,12.388,766
2008-12-28,12.506,766
2008-12-29,12.55,766
2008-12-30,12.498,766
2008-12-31,12.501,766
2009-01-01,12.582,766
2009-01-02,12.587,766
2009-01-03,12.503,766
2009-01-04,12.352,766
2009-01-05,12.356,766
2009-01-06,12.253,766
2009-01-07,12.285,766
2009-01-08,12.382,766
2009-01-09,12.494,766
2009-01-10,12.574,766
2009-01-11,12.611,766
2009-01-12,12.603,766
2009-01-13,12.664,766
2009-01-14,12.833,766
2009-01-15,12.866,766
2009-01-16,12.929,766
2009-01-17,13.132,766
2009-01-18,13.26,766
2009-01-19,13.324,766
2009-01-20,13.455,766
2009-01-21,13.422,766
2009-01-22,13.349,766
2009-01-23,13.307,766
2009-01-24,13.193,766
2009-01-25,12.98,766
2009-01-26,12.662,766
2009-01-27,12.684,766
2009-01-28,12.764,766
2009-01-29,12.861,766
2009-01-30,12.915,766
2009-01-31,12.936,766
2009-02-01,13.036,766
2009-02-02,13.216,766
2009-02-03,13.244,766
2009-02-04,13.208,766
2009-02-05,12.999,766
2009-02-06,13.004,766
2009-02-07,13.003,766
2009-02-08,12.854,766
2009-02-09,12.742,766
2009-02-10,12.734,766
2009-02-11,12.656,766
2009-02-12,12.563,766
2009-02-13,12.472,766
2009-02-14,12.413,766
2009-02-15,12.398,766
2009-02-16,12.339,766
2009-02-17,12.312,766
2009-02-18,12.531,766
2009-02-19,12.612,766
2009-02-20,12.655,766
2009-02-21,12.553,766
2009-02-22,13.03,766
2009-02-23,12.81,766
2009-02-24,12.774,766
2009-02-25,12.836,766
2009-02-26,12.936,766
2009-02-27,12.776,766
2009-02-28,12.682,766
2009-03-01,12.675,766
2009-03-02,12.922,766
2009-03-03,13.02,766
2009-03-04,12.977,766
2009-03-05,12.949,766
2009-03-06,12.859,766
2009-03-07,12.765,766
2009-03-08,12.716,766
2009-03-09,12.499,766
2009-03-10,12.389,766
2009-03-11,12.352,766
2009-03-12,12.262,766
2009-03-13,12.182,766
2009-03-14,12.227,766
2009-03-15,12.383,766
2009-03-16,12.351,766
2009-03-17,12.367,766
2009-03-18,12.358,766
2009-03-19,12.388,766
2009-03-20,12.433,766
2009-03-21,12.364,766
2009-03-22,11.915,766
2009-03-23,11.753,766
2009-03-24,11.69,766
2009-03-25,11.62,766
2009-03-26,11.593,766
2009-03-27,11.653,766
2009-03-28,11.674,766
2009-03-29,11.556,766
2009-03-30,11.528,766
2009-03-31,11.536,766
2009-04-01,11.565,766
2009-04-02,11.515,766
2009-04-03,11.436,766
2009-04-04,11.586,766
2009-04-05,11.868,766
2009-04-06,12.206,766
2009-04-07,12.226,766
2009-04-08,12.355,766
2009-04-09,12.433,766
2009-04-10,11.824,766
2009-04-11,11.643,766
2009-04-12,11.634,766
2009-04-13,11.313,766
2009-04-14,11.044,766
2009-04-15,10.839,766
2009-04-16,10.759,766
2009-04-17,10.812,766
2009-04-18,10.822,766
2009-04-19,10.992,766
2009-04-20,12.078,766
2009-04-21,12.227,766
2009-04-22,12.304,766
2009-04-23,12.154,766
2009-04-24,11.533,766
2009-04-25,11.308,766
2009-04-26,11.158,766
2009-04-27,11.149,766
2009-04-28,11.26,766
2009-04-29,11.173,766
2009-04-30,11.174,766
2009-05-01,11.092,766
2009-05-02,11.778,766
2009-05-03,11.864,766
2009-05-04,12.741,766
2009-05-05,12.675,766
2009-05-06,12.21,766
2009-05-07,11.751,766
2009-05-08,11.458,766
2009-05-09,11.482,766
2009-05-10,11.515,766
2009-05-11,11.452,766
2009-05-12,11.343,766
2009-05-13,11.335,766
2009-05-14,11.263,766
2009-05-15,11.421,766
2009-05-16,11.671,766
2009-05-17,11.911,766
2009-05-18,12.154,766
2009-05-19,12.423,766
2009-05-20,12.426,766
2009-05-21,12.42,766
2009-05-22,11.999,766
2009-05-23,12.109,766
2009-05-24,12.196,766
2009-05-25,12.559,766
2009-05-26,12.667,766
2009-05-27,12.73,766
2009-05-28,12.913,766
2009-05-29,12.993,766
2009-05-30,13.063,766
2009-05-31,13.372,766
2009-06-01,12.578,766
2009-06-02,13.328,766
2009-06-03,14.65,766
2009-06-04,15.36,766
2009-06-05,15.477,766
2009-06-06,15.65,766
2009-06-07,15.526,766
2009-06-08,15.444,766
2009-06-09,15.191,766
2009-06-10,15.185,766
2009-06-11,15.211,766
2009-06-12,15.641,766
2009-06-13,15.98,766
2009-06-14,16.143,766
2009-06-15,16.179,766
2009-06-16,15.772,766
2009-06-17,15.585,766
2009-06-18,14.97,766
2009-06-19,14.383,766
2009-06-20,14.222,766
2009-06-21,13.811,766
2009-06-22,13.341,766
2009-06-23,13.333,766
2009-06-24,13.521,766
2009-06-25,13.716,766
2009-06-26,13.494,766
2009-06-27,12.972,766
2009-06-28,12.996,766
2009-06-29,13.1,766
2009-06-30,13.606,766
2009-07-01,14.078,766
2009-07-02,14.252,766
2009-07-03,14.911,766
2009-07-04,15.148,766
2009-07-05,15.215,766
2009-07-06,14.966,766
2009-07-07,14.86,766
2009-07-08,14.721,766
2009-07-09,14.331,766
2009-07-10,14.154,766
2009-07-11,13.988,766
2009-07-12,14.119,766
2009-07-13,14.131,766
2009-07-14,14.14,766
2009-07-15,14.522,766
2009-07-16,14.36,766
2009-07-17,14.648,766
2009-07-18,14.476,766
2009-07-19,14.533,766
2009-07-20,14.453,766
2009-07-21,13.99,766
2009-07-22,14.01,766
2009-07-23,13.953,766
2009-07-24,13.889,766
2009-07-25,13.75,766
2009-07-26,13.59,766
2009-07-27,13.559,766
2009-07-28,12.907,766
2009-07-29,13.149,766
2009-07-30,12.547,766
2009-07-31,12.312,766
2009-08-01,12.538,766
2009-08-02,13.701,766
2009-08-03,14.457,766
2009-08-04,14.919,766
2009-08-05,15.458,766
2009-08-06,15.623,766
2009-08-07,15.694,766
2009-08-08,15.469,766
2009-08-09,14.797,766
2009-08-10,14.228,766
2009-08-11,13.424,766
2009-08-12,15.036,766
2009-08-13,14.979,766
2009-08-14,14.971,766
2009-08-15,14.939,766
2009-08-16,14.57,766
2009-08-17,14.663,766
2009-08-18,14.756,766
2009-08-19,15.273,766
2009-08-20,15.319,766
2009-08-21,15.443,766
2009-08-22,15.261,766
2009-08-23,14.842,766
2009-08-24,14.629,766
2009-08-25,14.548,766
2009-08-26,15.065,766
2009-08-27,15.333,766
2009-08-28,15.987,766
2009-08-29,16.069,766
2009-08-30,16.024,766
2009-08-31,15.714,766
2009-09-01,15.467,766
2009-09-02,15.856,766
2009-09-03,15.933,766
2009-09-04,15.48,766
2009-09-05,15.246,766
2009-09-06,15.076,766
2009-09-07,14.901,766
2009-09-08,14.919,766
2009-09-09,15.03,766
2009-09-10,15.544,766
2009-09-11,15.665,766
2009-09-12,15.845,766
2009-09-13,16.463,766
2009-09-14,16.317,766
2009-09-15,16.279,766
2009-09-16,16.231,766
2009-09-17,16.139,766
2009-09-18,15.97,766
2009-09-19,15.888,766
2009-09-20,16.077,766
2009-09-21,16.047,766
2009-09-22,16.19,766
2009-09-23,15.806,766
2009-09-24,15.748,766
2009-09-25,15.667,766
2009-09-26,15.634,766
2009-09-27,15.748,766
2009-09-28,15.982,766
2009-09-29,15.424,766
2009-09-30,15.285,766
2009-10-01,15.206,766
2009-10-02,15.285,766
2009-10-03,15.151,766
2009-10-04,14.973,766
2009-10-05,14.747,766
2009-10-06,14.697,766
2009-10-07,14.725,766
2009-10-08,14.761,766
2009-10-09,14.937,766
2009-10-10,15.148,766
2009-10-11,15.244,766
2009-10-12,15.288,766
2009-10-13,15.409,766
2009-10-14,15.356,766
2009-10-15,15.759,766
2009-10-16,16.073,766
2009-10-17,16.299,766
2009-10-18,16.241,766
2009-10-19,16.188,766
2009-10-20,16.174,766
2009-10-21,16.006,766
2009-10-22,15.726,766
2009-10-23,15.727,766
2009-10-24,15.702,766
2009-10-25,15.558,766
2009-10-26,15.595,766
2009-10-27,14.852,766
2009-10-28,14.048,766
2009-10-29,14.066,766
2009-10-30,14.188,766
2009-10-31,14.486,766
2009-11-01,14.753,766
2009-11-02,15.051,766
2009-11-03,15.153,766
2009-11-04,15.192,766
2009-11-05,15.016,766
2009-11-06,14.744,766
2009-11-07,14.578,766
2009-11-08,14.502,766
2009-11-09,14.505,766
2009-11-10,14.392,766
2009-11-11,14.475,766
2009-11-12,14.249,766
2009-11-13,14.137,766
2009-11-14,14.1,766
2009-11-15,14.113,766
2009-11-16,14.172,766
2009-11-17,14.154,766
2009-11-18,14.015,766
2009-11-19,13.948,766
2009-11-20,13.942,766
2009-11-21,13.87,766
2009-11-22,13.754,766
2009-11-23,13.743,766
2009-11-24,13.848,766
2009-11-25,14.064,766
2009-11-26,14.056,766
2009-11-27,13.972,766
2009-11-28,13.694,766
2009-11-29,13.745,766
2009-11-30,13.791,766
2009-12-01,13.905,766
2009-12-02,13.832,766
2009-12-03,13.719,766
2009-12-04,13.697,766
2009-12-05,13.625,766
2009-12-06,13.604,766
2009-12-07,13.499,766
2009-12-08,13.357,766
2009-12-09,13.345,766
2009-12-10,13.323,766
2009-12-11,13.305,766
2009-12-12,13.356,766
2009-12-13,13.402,766
2009-12-14,13.422,766
2009-12-15,13.47,766
2009-12-16,13.383,766
2009-12-17,13.386,766
2009-12-18,13.458,766
2009-12-19,13.538,766
2009-12-20,13.608,766
2009-12-21,13.675,766
2009-12-22,13.461,766
2009-12-23,13.291,766
2009-12-24,13.258,766
2009-12-25,13.352,766
2009-12-26,13.478,766
2009-12-27,13.491,766
2009-12-28,13.474,766
2009-12-29,13.5,766
2009-12-30,13.496,766
2009-12-31,13.521,766
2010-01-01,13.535,766
2010-01-02,13.669,766
2010-01-03,13.669,766
2010-01-04,13.683,766
2010-01-05,13.718,766
2010-01-06,13.895,766
2010-01-07,14.004,766
2010-01-08,14.044,766
2010-01-09,14.148,766
2010-01-10,14.03,766
2010-01-11,13.913,766
2010-01-12,14.061,766
2010-01-13,14.029,766
2010-01-14,14.026,766
2010-01-15,14.013,766
2010-01-16,13.919,766
2010-01-17,13.965,766
2010-01-18,14.019,766
2010-01-19,14.011,766
2010-01-20,13.969,766
2010-01-21,13.832,766
2010-01-22,13.667,766
2010-01-23,13.616,766
2010-01-24,13.65,766
2010-01-25,13.603,766
2010-01-26,13.638,766
2010-01-27,13.719,766
2010-01-28,13.78,766
2010-01-29,13.824,766
2010-01-30,13.807,766
2010-01-31,13.659,766
2010-02-01,13.657,766
2010-02-02,13.805,766
2010-02-03,13.815,766
2010-02-04,13.861,766
2010-02-05,13.8,766
2010-02-06,13.807,766
2010-02-07,13.781,766
2010-02-08,13.778,766
2010-02-09,13.676,766
2010-02-10,13.584,766
2010-02-11,13.554,766
2010-02-12,13.414,766
2010-02-13,13.418,766
2010-02-14,13.692,766
2010-02-15,13.734,766
2010-02-16,13.742,766
2010-02-17,13.692,766
2010-02-18,13.737,766
2010-02-19,13.795,766
2010-02-20,13.785,766
2010-02-21,13.759,766
2010-02-22,13.534,766
2010-02-23,13.5,766
2010-02-24,13.546,766
2010-02-25,13.545,766
2010-02-26,13.703,766
2010-02-27,13.759,766
2010-02-28,13.751,766
2010-03-01,13.728,766
2010-03-02,13.765,766
2010-03-03,13.76,766
2010-03-04,13.639,766
2010-03-05,13.571,766
2010-03-06,13.592,766
2010-03-07,13.56,766
2010-03-08,13.423,766
2010-03-09,13.357,766
2010-03-10,13.038,766
2010-03-11,12.88,766
2010-03-12,12.91,766
2010-03-13,12.687,766
2010-03-14,12.661,766
2010-03-15,12.651,766
2010-03-16,12.853,766
2010-03-17,12.966,766
2010-03-18,13.084,766
2010-03-19,13.168,766
2010-03-20,13.635,766
2010-03-21,13.186,766
2010-03-22,13.132,766
2010-03-23,13.081,766
2010-03-24,12.948,766
2010-03-25,12.756,766
2010-03-26,12.987,766
2010-03-27,13.072,766
2010-03-28,13.135,766
2010-03-29,13.181,766
2010-03-30,13.135,766
2010-03-31,13.074,766
2010-04-01,12.736,766
2010-04-02,12.621,766
2010-04-03,12.563,766
2010-04-04,12.341,766
2010-04-05,12.616,766
2010-04-06,12.805,766
2010-04-07,13.018,766
2010-04-08,12.946,766
2010-04-09,12.922,766
2010-04-10,12.779,766
2010-04-11,12.808,766
2010-04-12,13.011,766
2010-04-13,12.934,766
2010-04-14,12.82,766
2010-04-15,12.894,766
2010-04-16,13.095,766
2010-04-17,13.224,766
2010-04-18,13.873,766
2010-04-19,14.394,766
2010-04-20,14.516,766
2010-04-21,13.484,766
2010-04-22,12.771,766
2010-04-23,12.876,766
2010-04-24,13.095,766
2010-04-25,13.24,766
2010-04-26,13.272,766
2010-04-27,13.219,766
2010-04-28,13.254,766
2010-04-29,13.002,766
2010-04-30,12.679,766
2010-05-01,12.419,766
2010-05-02,12.443,766
2010-05-03,12.545,766
2010-05-04,12.56,766
2010-05-05,12.399,766
2010-05-06,12.206,766
2010-05-07,12.007,766
2010-05-08,12.011,766
2010-05-09,12.122,766
2010-05-10,12.364,766
2010-05-11,12.363,766
2010-05-12,12.254,766
2010-05-13,12.122,766
2010-05-14,12.148,766
2010-05-15,12.272,766
2010-05-16,12.336,766
2010-05-17,12.523,766
2010-05-18,12.749,766
2010-05-19,12.48,766
2010-05-20,12.211,766
2010-05-21,12.112,766
2010-05-22,11.911,766
2010-05-23,11.63,766
2010-05-24,11.677,766
2010-05-25,11.794,766
2010-05-26,12.71,766
2010-05-27,13.285,766
2010-05-28,12.958,766
2010-05-29,12.761,766
2010-05-30,12.708,766
2010-05-31,12.586,766
2010-06-01,12.528,766
2010-06-02,11.872,766
2010-06-03,12.031,766
2010-06-04,12.798,766
2010-06-05,12.969,766
2010-06-06,12.913,766
2010-06-07,12.631,766
2010-06-08,12.635,766
2010-06-09,12.645,766
2010-06-10,12.434,766
2010-06-11,12.169,766
2010-06-12,12.22,766
2010-06-13,12.26,766
2010-06-14,12.586,766
2010-06-15,12.528,766
2010-06-16,12.638,766
2010-06-17,12.735,766
2010-06-18,12.748,766
2010-06-19,12.593,766
2010-06-20,12.543,766
2010-06-21,12.581,766
2010-06-22,12.751,766
2010-06-23,12.858,766
2010-06-24,12.662,766
2010-06-25,12.586,766
2010-06-26,12.404,766
2010-06-27,12.531,766
2010-06-28,12.943,766
2010-06-29,13.363,766
2010-06-30,13.014,766
2010-07-01,12.778,766
2010-07-02,12.625,766
2010-07-03,12.556,766
2010-07-04,12.405,766
2010-07-05,12.609,766
2010-07-06,12.997,766
2010-07-07,13.237,766
2010-07-08,13.427,766
2010-07-09,13.552,766
2010-07-10,13.811,766
2010-07-11,15.064,766
2010-07-12,15.077,766
2010-07-13,14.898,766
2010-07-14,14.792,766
2010-07-15,14.533,766
2010-07-16,14.246,766
2010-07-17,14.084,766
2010-07-18,13.855,766
2010-07-19,13.893,766
2010-07-20,13.903,766
2010-07-21,14.215,766
2010-07-22,14.506,766
2010-07-23,14.617,766
2010-07-24,14.627,766
2010-07-25,14.605,766
2010-07-26,15.069,766
2010-07-27,15.547,766
2010-07-28,15.414,766
2010-07-29,15.334,766
2010-07-30,15.063,766
2010-07-31,15.036,766
2010-08-01,14.937,766
2010-08-02,14.903,766
2010-08-03,14.867,766
2010-08-04,14.82,766
2010-08-05,14.816,766
2010-08-06,14.848,766
2010-08-07,14.688,766
2010-08-08,14.463,766
2010-08-09,14.154,766
2010-08-10,14.33,766
2010-08-11,14.447,766
2010-08-12,14.43,766
2010-08-13,14.354,766
2010-08-14,14.304,766
2010-08-15,14.192,766
2010-08-16,14.16,766
2010-08-17,14.171,766
2010-08-18,14.196,766
2010-08-19,14.182,766
2010-08-20,14.235,766
2010-08-21,13.937,766
2010-08-22,14.025,766
2010-08-23,14.074,766
2010-08-24,14.183,766
2010-08-25,14.564,766
2010-08-26,14.42,766
2010-08-27,13.885,766
2010-08-28,13.904,766
2010-08-29,13.856,766
2010-08-30,13.835,766
2010-08-31,13.924,766
2010-09-01,14.36,766
2010-09-02,14.379,766
2010-09-03,14.578,766
2010-09-04,13.565,766
2010-09-05,13.46,766
2010-09-06,13.439,766
2010-09-07,13.149,766
2010-09-08,13.32,766
2010-09-09,13.681,766
2010-09-10,13.968,766
2010-09-11,13.931,766
2010-09-12,14.187,766
2010-09-13,14.13,766
2010-09-14,14.155,766
2010-09-15,14.404,766
2010-09-16,14.142,766
2010-09-17,14.088,766
2010-09-18,14.276,766
2010-09-19,14.358,766
2010-09-20,14.221,766
2010-09-21,14.068,766
2010-09-22,14.07,766
2010-09-23,14.313,766
2010-09-24,14.744,766
2010-09-25,14.878,766
2010-09-26,14.852,766
2010-09-27,15.018,766
2010-09-28,15.2,766
2010-09-29,15.506,766
2010-09-30,16.127,766
2010-10-01,15.631,766
2010-10-02,15.387,766
2010-10-03,15.301,766
2010-10-04,15.215,766
2010-10-05,15.194,766
2010-10-06,15.681,766
2010-10-07,15.652,766
2010-10-08,15.57,766
2010-10-09,15.293,766
2010-10-10,15.183,766
2010-10-11,15.091,766
2010-10-12,15.086,766
2010-10-13,14.902,766
2010-10-14,14.949,766
2010-10-15,15.036,766
2010-10-16,15.094,766
2010-10-17,14.983,766
2010-10-18,15.097,766
2010-10-19,15.072,766
2010-10-20,15.046,766
2010-10-21,15.082,766
2010-10-22,15.355,766
2010-10-23,15.357,766
2010-10-24,15.072,766
2010-10-25,14.955,766
2010-10-26,14.803,766
2010-10-27,14.78,766
2010-10-28,14.758,766
2010-10-29,14.893,766
2010-10-30,15.072,766
2010-10-31,15.111,766
2010-11-01,15.023,766
2010-11-02,14.999,766
2010-11-03,14.996,766
2010-11-04,14.828,766
2010-11-05,15.184,766
2010-11-06,15.222,766
2010-11-07,15.039,766
2010-11-08,14.806,766
2010-11-09,14.772,766
2010-11-10,14.513,766
2010-11-11,14.222,766
2010-11-12,14.213,766
2010-11-13,14.233,766
2010-11-14,14.317,766
2010-11-15,14.507,766
2010-11-16,14.665,766
2010-11-17,14.676,766
2010-11-18,14.579,766
2010-11-19,14.698,766
2010-11-20,14.489,766
2010-11-21,14.141,766
2010-11-22,14.098,766
2010-11-23,14.053,766
2010-11-24,13.48,766
2010-11-25,13.35,766
2010-11-26,13.308,766
2010-11-27,13.193,766
2010-11-28,13.045,766
2010-11-29,12.909,766
2010-11-30,12.866,766
2010-12-01,12.876,766
2010-12-02,12.976,766
2010-12-03,13.018,766
2010-12-04,13.102,766
2010-12-05,13.304,766
2010-12-06,13.251,766
2010-12-07,13.192,766
2010-12-08,13.244,766
2010-12-09,12.911,766
2010-12-10,12.537,766
2010-12-11,12.739,766
2010-12-12,13.02,766
2010-12-13,13.176,766
2010-12-14,13.259,766
2010-12-15,13.294,766
2010-12-16,13.358,766
2010-12-17,13.381,766
2010-12-18,13.415,766
2010-12-19,13.411,766
2010-12-20,13.403,766
2010-12-21,13.489,766
2010-12-22,13.363,766
2010-12-23,13.335,766
2010-12-24,13.311,766
2010-12-25,13.187,766
2010-12-26,13.418,766
2010-12-27,13.466,766
2010-12-28,13.495,766
2010-12-29,13.144,766
2010-12-30,12.704,766
2010-12-31,12.662,766
2011-01-01,12.671,766
2011-01-02,12.684,766
2011-01-03,12.737,766
2011-01-04,12.779,766
2011-01-05,12.758,766
2011-01-06,12.761,766
2011-01-07,12.761,766
2011-01-08,12.406,766
2011-01-09,12.38,766
2011-01-10,12.39,766
2011-01-11,12.373,766
2011-01-12,12.123,766
2011-01-13,11.923,766
2011-01-14,12.061,766
2011-01-15,12.233,766
2011-01-16,12.498,766
2011-01-17,12.581,766
2011-01-18,12.479,766
2011-01-19,12.444,766
2011-01-20,12.457,766
2011-01-21,12.487,766
2011-01-22,12.586,766
2011-01-23,12.864,766
2011-01-24,12.877,766
2011-01-25,12.923,766
2011-01-26,13.128,766
2011-01-27,13.173,766
2011-01-28,13.07,766
2011-01-29,12.934,766
2011-01-30,12.746,766
2011-01-31,12.56,766
2011-02-01,12.659,766
2011-02-02,12.716,766
2011-02-03,12.724,766
2011-02-04,12.691,766
2011-02-05,12.798,766
2011-02-06,13.007,766
2011-02-07,12.961,766
2011-02-08,12.679,766
2011-02-09,12.704,766
2011-02-10,12.881,766
2011-02-11,13.292,766
2011-02-12,13.249,766
2011-02-13,13.186,766
2011-02-14,12.878,766
2011-02-15,12.945,766
2011-02-16,12.834,766
2011-02-17,12.746,766
2011-02-18,12.681,766
2011-02-19,12.499,766
2011-02-20,12.495,766
2011-02-21,12.508,766
2011-02-22,12.535,766
2011-02-23,12.516,766
2011-02-24,12.402,766
2011-02-25,12.358,766
2011-02-26,12.147,766
2011-02-27,12.194,766
2011-02-28,12.242,766
2011-03-01,12.302,766
2011-03-02,12.263,766
2011-03-03,12.026,766
2011-03-04,11.916,766
2011-03-05,11.988,766
2011-03-06,11.822,766
2011-03-07,12.06,766
2011-03-08,12.173,766
2011-03-09,12.165,766
2011-03-10,12.143,766
2011-03-11,12.173,766
2011-03-12,12.148,766
2011-03-13,12.077,766
2011-03-14,12.199,766
2011-03-15,12.256,766
2011-03-16,11.922,766
2011-03-17,11.741,766
2011-03-18,11.837,766
2011-03-19,12.033,766
2011-03-20,12.361,766
2011-03-21,12.612,766
2011-03-22,12.591,766
2011-03-23,12.614,766
2011-03-24,12.581,766
2011-03-25,12.522,766
2011-03-26,12.78,766
2011-03-27,12.805,766
2011-03-28,12.66,766
2011-03-29,12.556,766
2011-03-30,12.553,766
2011-03-31,13.05,766
2011-04-01,13.395,766
2011-04-02,13.32,766
2011-04-03,13.482,766
2011-04-04,13.602,766
2011-04-05,13.301,766
2011-04-06,12.536,766
2011-04-07,12.285,766
2011-04-08,12.164,766
2011-04-09,12.35,766
2011-04-10,12.434,766
2011-04-11,12.402,766
2011-04-12,12.222,766
2011-04-13,12.081,766
2011-04-14,12.073,766
2011-04-15,12.207,766
2011-04-16,12.116,766
2011-04-17,12.216,766
2011-04-18,12.278,766
2011-04-19,12.342,766
2011-04-20,13.212,766
2011-04-21,13.106,766
2011-04-22,12.999,766
2011-04-23,12.745,766
2011-04-24,12.55,766
2011-04-25,12.522,766
2011-04-26,12.421,766
2011-04-27,12.321,766
2011-04-28,12.096,766
2011-04-29,11.969,766
2011-04-30,11.953,766
2011-05-01,12.178,766
2011-05-02,12.762,766
2011-05-03,12.799,766
2011-05-04,12.79,766
2011-05-05,13.227,766
2011-05-06,13.251,766
2011-05-07,13.136,766
2011-05-08,13.004,766
2011-05-09,12.649,766
2011-05-10,12.234,766
2011-05-11,12.121,766
2011-05-12,12.477,766
2011-05-13,12.471,766
2011-05-14,12.453,766
2011-05-15,12.452,766
2011-05-16,12.696,766
2011-05-17,12.863,766
2011-05-18,12.747,766
2011-05-19,12.682,766
2011-05-20,12.534,766
2011-05-21,12.292,766
2011-05-22,12.086,766
2011-05-23,11.809,766
2011-05-24,11.821,766
2011-05-25,12.059,766
2011-05-26,12.135,766
2011-05-27,12.093,766
2011-05-28,11.905,766
2011-05-29,11.664,766
2011-05-30,11.632,766
2011-05-31,11.912,766
2011-06-01,12.49,766
2011-06-02,12.55,766
2011-06-03,12.409,766
2011-06-04,12.722,766
2011-06-05,13.912,766
2011-06-06,13.535,766
2011-06-07,13.379,766
2011-06-08,13.198,766
2011-06-09,13.073,766
2011-06-10,12.69,766
2011-06-11,12.295,766
2011-06-12,11.775,766
2011-06-13,11.578,766
2011-06-14,12.514,766
2011-06-15,12.957,766
2011-06-16,13.476,766
2011-06-17,13.343,766
2011-06-18,13.291,766
2011-06-19,13.719,766
2011-06-20,13.758,766
2011-06-21,13.843,766
2011-06-22,13.651,766
2011-06-23,13.532,766
2011-06-24,13.404,766
2011-06-25,13.308,766
2011-06-26,13.165,766
2011-06-27,12.65,766
2011-06-28,13.533,766
2011-06-29,13.857,766
2011-06-30,13.716,766
2011-07-01,13.602,766
2011-07-02,13.656,766
2011-07-03,13.824,766
2011-07-04,14.627,766
2011-07-05,15.122,766
2011-07-06,14.885,766
2011-07-07,14.642,766
2011-07-08,14.248,766
2011-07-09,14.497,766
2011-07-10,14.47,766
2011-07-11,14.49,766
2011-07-12,13.155,766
2011-07-13,13.183,766
2011-07-14,13.582,766
2011-07-15,13.976,766
2011-07-16,14.37,766
2011-07-17,14.707,766
2011-07-18,14.712,766
2011-07-19,14.679,766
2011-07-20,14.119,766
2011-07-21,14.255,766
2011-07-22,14.406,766
2011-07-23,14.994,766
2011-07-24,15.026,766
2011-07-25,14.83,766
2011-07-26,14.464,766
2011-07-27,14.359,766
2011-07-28,14.556,766
2011-07-29,15.056,766
2011-07-30,16.117,766
2011-07-31,16.475,766
2011-08-01,16.56,766
2011-08-02,16.47,766
2011-08-03,15.79,766
2011-08-04,15.495,766
2011-08-05,15.218,766
2011-08-06,15.346,766
2011-08-07,15.303,766
2011-08-08,14.632,766
2011-08-09,14.608,766
2011-08-10,14.742,766
2011-08-11,14.818,766
2011-08-12,14.855,766
2011-08-13,14.602,766
2011-08-14,14.757,766
2011-08-15,14.824,766
2011-08-16,14.818,766
2011-08-17,14.787,766
2011-08-18,14.695,766
2011-08-19,14.652,766
2011-08-20,14.9,766
2011-08-21,15.079,766
2011-08-22,15.105,766
2011-08-23,14.551,766
2011-08-24,13.342,766
2011-08-25,13.173,766
2011-08-26,13.103,766
2011-08-27,13.409,766
2011-08-28,14.579,766
2011-08-29,14.335,766
2011-08-30,14.188,766
2011-08-31,14.183,766
2011-09-01,14.372,766
2011-09-02,14.492,766
2011-09-03,14.591,766
2011-09-04,14.748,766
2011-09-05,14.794,766
2011-09-06,15.019,766
2011-09-07,15.195,766
2011-09-08,15.235,766
2011-09-09,15.265,766
2011-09-10,15.833,766
2011-09-11,15.958,766
2011-09-12,15.979,766
2011-09-13,15.906,766
2011-09-14,15.871,766
2011-09-15,15.728,766
2011-09-16,15.643,766
2011-09-17,15.767,766
2011-09-18,15.823,766
2011-09-19,15.942,766
2011-09-20,16.136,766
2011-09-21,16.225,766
2011-09-22,16.293,766
2011-09-23,16.277,766
2011-09-24,16.695,766
2011-09-25,16.361,766
2011-09-26,16.274,766
2011-09-27,16.229,766
2011-09-28,16.242,766
2011-09-29,16.424,766
2011-09-30,16.922,766
2011-10-01,16.831,766
2011-10-02,16.723,766
2011-10-03,16.663,766
2011-10-04,16.764,766
2011-10-05,16.824,766
2011-10-06,16.424,766
2011-10-07,16.206,766
2011-10-08,16.08,766
2011-10-09,15.923,766
2011-10-10,15.737,766
2011-10-11,15.783,766
2011-10-12,15.967,766
2011-10-13,16.109,766
2011-10-14,16.282,766
2011-10-15,16.244,766
2011-10-16,16.288,766
2011-10-17,16.303,766
2011-10-18,15.868,766
2011-10-19,15.692,766
2011-10-20,15.521,766
2011-10-21,15.503,766
2011-10-22,15.721,766
2011-10-23,15.844,766
2011-10-24,16.088,766
2011-10-25,15.935,766
2011-10-26,16.092,766
2011-10-27,16.11,766
2011-10-28,16.225,766
2011-10-29,16.213,766
2011-10-30,16.247,766
2011-10-31,16.009,766
2011-11-01,16.034,766
2011-11-02,16.042,766
2011-11-03,15.952,766
2011-11-04,15.514,766
2011-11-05,15.389,766
2011-11-06,15.265,766
2011-11-07,15.218,766
2011-11-08,15.122,766
2011-11-09,15.021,766
2011-11-10,14.908,766
2011-11-11,14.924,766
2011-11-12,14.881,766
2011-11-13,14.809,766
2011-11-14,14.729,766
2011-11-15,14.708,766
2011-11-16,14.578,766
2011-11-17,14.436,766
2011-11-18,14.386,766
2011-11-19,14.387,766
2011-11-20,14.35,766
2011-11-21,14.279,766
2011-11-22,14.226,766
2011-11-23,14.157,766
2011-11-24,14.406,766
2011-11-25,14.398,766
2011-11-26,14.333,766
2011-11-27,14.331,766
2011-11-28,14.149,766
2011-11-29,14.243,766
2011-11-30,14.053,766
2011-12-01,13.932,766
2011-12-02,13.73,766
2011-12-03,13.697,766
2011-12-04,13.728,766
2011-12-05,13.791,766
2011-12-06,13.802,766
2011-12-07,13.768,766
2011-12-08,13.674,766
2011-12-09,13.629,766
2011-12-10,13.671,766
2011-12-11,13.545,766
2011-12-12,13.738,766
2011-12-13,13.741,766
2011-12-14,13.719,766
2011-12-15,13.727,766
2011-12-16,13.749,766
2011-12-17,13.75,766
2011-12-18,13.737,766
2011-12-19,13.607,766
2011-12-20,13.589,766
2011-12-21,13.645,766
2011-12-22,13.664,766
2011-12-23,13.618,766
2011-12-24,13.596,766
2011-12-25,13.595,766
2011-12-26,13.538,766
2011-12-27,13.479,766
2011-12-28,13.487,766
2011-12-29,13.462,766
2011-12-30,13.312,766
2011-12-31,13.132,766
2012-01-01,13.145,766
2012-01-02,13.098,766
2012-01-03,13.063,766
2012-01-04,13.273,766
2012-01-05,13.273,766
2012-01-06,13.213,766
2012-01-07,13.068,766
2012-01-08,12.79,766
2012-01-09,12.747,766
2012-01-10,12.794,766
2012-01-11,13.023,766
2012-01-12,13.304,766
2012-01-13,13.344,766
2012-01-14,13.353,766
2012-01-15,13.107,766
2012-01-16,13.058,766
2012-01-17,13.029,766
2012-01-18,12.908,766
2012-01-19,12.584,766
2012-01-20,12.788,766
2012-01-21,12.949,766
2012-01-22,12.937,766
2012-01-23,12.963,766
2012-01-24,13.044,766
2012-01-25,13.065,766
2012-01-26,12.988,766
2012-01-27,12.758,766
2012-01-28,12.703,766
2012-01-29,12.567,766
2012-01-30,12.572,766
2012-01-31,12.644,766
2012-02-01,12.601,766
2012-02-02,12.592,766
2012-02-03,12.736,766
2012-02-04,12.818,766
2012-02-05,12.806,766
2012-02-06,12.504,766
2012-02-07,12.908,766
2012-02-08,12.965,766
2012-02-09,12.983,766
2012-02-10,12.917,766
2012-02-11,12.804,766
2012-02-12,12.75,766
2012-02-13,12.725,766
2012-02-14,12.42,766
2012-02-15,12.295,766
2012-02-16,12.285,766
2012-02-17,12.255,766
2012-02-18,12.053,766
2012-02-19,11.876,766
2012-02-20,11.924,766
2012-02-21,11.812,766
2012-02-22,11.86,766
2012-02-23,11.782,766
2012-02-24,11.89,766
2012-02-25,11.798,766
2012-02-26,11.687,766
2012-02-27,11.636,766
2012-02-28,11.07,766
2012-02-29,11.34,766
2012-03-01,11.423,766
2012-03-02,11.453,766
2012-03-03,11.585,766
2012-03-04,11.903,766
2012-03-05,11.521,766
2012-03-06,11.298,766
2012-03-07,11.335,766
2012-03-08,11.31,766
2012-03-09,11.242,766
2012-03-10,11.123,766
2012-03-11,11.184,766
2012-03-12,11.682,766
2012-03-13,11.73,766
2012-03-14,11.76,766
2012-03-15,11.912,766
2012-03-16,11.943,766
2012-03-17,11.912,766
2012-03-18,11.382,766
2012-03-19,11.441,766
2012-03-20,11.511,766
2012-03-21,11.571,766
2012-03-22,11.403,766
2012-03-23,11.346,766
2012-03-24,11.424,766
2012-03-25,11.46,766
2012-03-26,11.722,766
2012-03-27,11.765,766
2012-03-28,11.848,766
2012-03-29,12.019,766
2012-03-30,11.963,766
2012-03-31,11.841,766
2012-04-01,11.768,766
2012-04-02,11.693,766
2012-04-03,11.498,766
2012-04-04,11.425,766
2012-04-05,11.349,766
2012-04-06,11.057,766
2012-04-07,11.167,766
2012-04-08,11.321,766
2012-04-09,11.557,766
2012-04-10,11.822,766
2012-04-11,11.96,766
2012-04-12,11.987,766
2012-04-13,11.853,766
2012-04-14,11.573,766
2012-04-15,11.349,766
2012-04-16,11.408,766
2012-04-17,11.494,766
2012-04-18,11.548,766
2012-04-19,11.568,766
2012-04-20,11.525,766
2012-04-21,11.819,766
2012-04-22,11.96,766
2012-04-23,12.404,766
2012-04-24,12.619,766
2012-04-25,13.097,766
2012-04-26,12.722,766
2012-04-27,12.365,766
2012-04-28,12.152,766
2012-04-29,12.031,766
2012-04-30,11.725,766
2012-05-01,11.817,766
2012-05-02,12.268,766
2012-05-03,12.064,766
2012-05-04,11.849,766
2012-05-05,11.817,766
2012-05-06,12.018,766
2012-05-07,12.378,766
2012-05-08,12.475,766
2012-05-09,12.181,766
2012-05-10,12.145,766
2012-05-11,12.129,766
2012-05-12,12.997,766
2012-05-13,13.49,766
2012-05-14,13.303,766
2012-05-15,13.108,766
2012-05-16,12.788,766
2012-05-17,12.161,766
2012-05-18,12.19,766
2012-05-19,12.219,766
2012-05-20,12.278,766
2012-05-21,12.277,766
2012-05-22,12.064,766
2012-05-23,11.784,766
2012-05-24,11.955,766
2012-05-25,11.42,766
2012-05-26,11.474,766
2012-05-27,11.565,766
2012-05-28,11.493,766
2012-05-29,11.434,766
2012-05-30,11.456,766
2012-05-31,11.76,766
2012-06-01,11.6,766
2012-06-02,11.467,766
2012-06-03,11.632,766
2012-06-04,12.233,766
2012-06-05,12.09,766
2012-06-06,11.872,766
2012-06-07,11.674,766
2012-06-08,11.683,766
2012-06-09,11.897,766
2012-06-10,12.077,766
2012-06-11,12.365,766
2012-06-12,12.667,766
2012-06-13,12.701,766
2012-06-14,12.674,766
2012-06-15,12.978,766
2012-06-16,13.149,766
2012-06-17,14.111,766
2012-06-18,14.173,766
2012-06-19,14.081,766
2012-06-20,13.969,766
2012-06-21,13.961,766
2012-06-22,14.028,766
2012-06-23,14.109,766
2012-06-24,14.045,766
2012-06-25,14.136,766
2012-06-26,14.145,766
2012-06-27,14.056,766
2012-06-28,13.822,766
2012-06-29,12.658,766
2012-06-30,12.272,766
2012-07-01,12.656,766
2012-07-02,13.687,766
2012-07-03,13.174,766
2012-07-04,13.159,766
2012-07-05,13.443,766
2012-07-06,13.641,766
2012-07-07,13.813,766
2012-07-08,13.782,766
2012-07-09,13.478,766
2012-07-10,13.334,766
2012-07-11,13.277,766
2012-07-12,13.566,766
2012-07-13,13.569,766
2012-07-14,13.62,766
2012-07-15,13.563,766
2012-07-16,13.902,766
2012-07-17,14.672,766
2012-07-18,14.372,766
2012-07-19,14.377,766
2012-07-20,14.288,766
2012-07-21,14.224,766
2012-07-22,14.199,766
2012-07-23,14.535,766
2012-07-24,14.695,766
2012-07-25,14.835,766
2012-07-26,15.055,766
2012-07-27,15.041,766
2012-07-28,14.47,766
2012-07-29,14.254,766
2012-07-30,14.454,766
2012-07-31,14.138,766
2012-08-01,14.049,766
2012-08-02,14.12,766
2012-08-03,14.253,766
2012-08-04,14.432,766
2012-08-05,14.45,766
2012-08-06,14.276,766
2012-08-07,14.2,766
2012-08-08,14.175,766
2012-08-09,13.997,766
2012-08-10,13.525,766
2012-08-11,13.464,766
2012-08-12,13.588,766
2012-08-13,14.121,766
2012-08-14,14.223,766
2012-08-15,14.431,766
2012-08-16,14.278,766
2012-08-17,14.387,766
2012-08-18,14.648,766
2012-08-19,14.57,766
2012-08-20,14.803,766
2012-08-21,15.071,766
2012-08-22,15.129,766
2012-08-23,15.179,766
2012-08-24,15.272,766
2012-08-25,15.615,766
2012-08-26,15.449,766
2012-08-27,15.509,766
2012-08-28,15.786,766
2012-08-29,15.932,766
2012-08-30,15.729,766
2012-08-31,15.33,766
2012-09-01,15.311,766
2012-09-02,15.287,766
2012-09-03,15.474,766
2012-09-04,15.63,766
2012-09-05,15.677,766
2012-09-06,15.799,766
2012-09-07,15.727,766
2012-09-08,15.76,766
2012-09-09,15.75,766
2012-09-10,15.735,766
2012-09-11,15.573,766
2012-09-12,15.767,766
2012-09-13,15.876,766
2012-09-14,15.622,766
2012-09-15,15.48,766
2012-09-16,15.533,766
2012-09-17,15.591,766
2012-09-18,15.521,766
2012-09-19,15.445,766
2012-09-20,15.374,766
2012-09-21,15.316,766
2012-09-22,15.32,766
2012-09-23,15.608,766
2012-09-24,15.679,766
2012-09-25,15.805,766
2012-09-26,15.916,766
2012-09-27,16.007,766
2012-09-28,16.11,766
2012-09-29,16.061,766
2012-09-30,16.76,766
2012-10-01,17.195,766
2012-10-02,17.393,766
2012-10-03,17.282,766
2012-10-04,17.049,766
2012-10-05,16.937,766
2012-10-06,16.903,766
2012-10-07,16.87,766
2012-10-08,16.857,766
2012-10-09,16.881,766
2012-10-10,16.998,766
2012-10-11,17.101,766
2012-10-12,16.987,766
2012-10-13,16.875,766
2012-10-14,16.803,766
2012-10-15,16.741,766
2012-10-16,16.638,766
2012-10-17,16.953,766
2012-10-18,17.255,766
2012-10-19,17.364,766
2012-10-20,16.797,766
2012-10-21,16.56,766
2012-10-22,16.554,766
2012-10-23,16.519,766
2012-10-24,16.552,766
2012-10-25,16.493,766
2012-10-26,16.367,766
2012-10-27,16.23,766
2012-10-28,16.102,766
2012-10-29,16.011,766
2012-10-30,16.198,766
2012-10-31,16.333,766
2012-11-01,16.175,766
2012-11-02,16.162,766
2012-11-03,16.311,766
2012-11-04,16.644,766
2012-11-05,16.933,766
2012-11-06,17.021,766
2012-11-07,16.874,766
2012-11-08,16.199,766
2012-11-09,16.014,766
2012-11-10,15.646,766
2012-11-11,15.388,766
2012-11-12,15.406,766
2012-11-13,15.47,766
2012-11-14,15.469,766
2012-11-15,15.294,766
2012-11-16,15.2,766
2012-11-17,15.397,766
2012-11-18,15.534,766
2012-11-19,15.558,766
2012-11-20,15.509,766
2012-11-21,15.492,766
2012-11-22,15.554,766
2012-11-23,15.613,766
2012-11-24,15.599,766
2012-11-25,15.534,766
2012-11-26,15.375,766
2012-11-27,15.376,766
2012-11-28,15.416,766
2012-11-29,15.345,766
2012-11-30,15.437,766
2012-12-01,15.64,766
2012-12-02,15.532,766
2012-12-03,15.529,766
2012-12-04,15.538,766
2012-12-05,15.659,766
2012-12-06,15.503,766
2012-12-07,15.4,766
2012-12-08,15.312,766
2012-12-09,15.261,766
2012-12-10,15.335,766
2012-12-11,15.324,766
2012-12-12,15.248,766
2012-12-13,15.012,766
2012-12-14,14.96,766
2012-12-15,14.832,766
2012-12-16,14.754,766
2012-12-17,14.702,766
2012-12-18,14.339,766
2012-12-19,14.165,766
2012-12-20,14.108,766
2012-12-21,14.084,766
2012-12-22,14.108,766
2012-12-23,14.096,766
2012-12-24,14.109,766
2012-12-25,14.14,766
2012-12-26,14.135,766
2012-12-27,14.01,766
2012-12-28,13.905,766
2012-12-29,13.81,766
2012-12-30,13.663,766
2012-12-31,13.642,766
2013-01-01,13.609,766
2013-01-02,13.506,766
2013-01-03,13.477,766
2013-01-04,13.449,766
2013-01-05,13.44,766
2013-01-06,13.445,766
2013-01-07,13.272,766
2013-01-08,13.199,766
2013-01-09,13.168,766
2013-01-10,12.966,766
2013-01-11,12.649,766
2013-01-12,12.494,766
2013-01-13,12.413,766
2013-01-14,12.383,766
2013-01-15,12.548,766
2013-01-16,12.643,766
2013-01-17,12.703,766
2013-01-18,12.75,766
2013-01-19,12.828,766
2013-01-20,12.866,766
2013-01-21,12.804,766
2013-01-22,12.692,766
2013-01-23,12.86,766
2013-01-24,13.098,766
2013-01-25,13.175,766
2013-01-26,13.082,766
2013-01-27,12.865,766
2013-01-28,12.567,766
2013-01-29,12.465,766
2013-01-30,12.467,766
2013-01-31,12.444,766
2013-02-01,12.438,766
2013-02-02,12.392,766
2013-02-03,12.351,766
2013-02-04,12.325,766
2013-02-05,12.308,766
2013-02-06,12.316,766
2013-02-07,12.279,766
2013-02-08,12.2,766
2013-02-09,12.119,766
2013-02-10,12.101,766
2013-02-11,12.157,766
2013-02-12,12.154,766
2013-02-13,12.167,766
2013-02-14,12.28,766
2013-02-15,12.445,766
2013-02-16,12.544,766
2013-02-17,12.406,766
2013-02-18,12.348,766
2013-02-19,11.995,766
2013-02-20,11.781,766
2013-02-21,11.776,766
2013-02-22,11.835,766
2013-02-23,11.874,766
2013-02-24,11.805,766
2013-02-25,11.735,766
2013-02-26,11.712,766
2013-02-27,11.735,766
2013-02-28,11.806,766
2013-03-01,11.866,766
2013-03-02,11.85,766
2013-03-03,11.843,766
2013-03-04,11.905,766
2013-03-05,11.927,766
2013-03-06,12.141,766
2013-03-07,12.08,766
2013-03-08,11.915,766
2013-03-09,11.814,766
2013-03-10,11.812,766
2013-03-11,11.842,766
2013-03-12,11.923,766
2013-03-13,12.064,766
2013-03-14,11.904,766
2013-03-15,11.877,766
2013-03-16,11.882,766
2013-03-17,11.873,766
2013-03-18,11.761,766
2013-03-19,11.97,766
2013-03-20,11.912,766
2013-03-21,11.876,766
2013-03-22,11.734,766
2013-03-23,11.697,766
2013-03-24,11.672,766
2013-03-25,11.723,766
2013-03-26,11.6,766
2013-03-27,11.924,766
2013-03-28,12.251,766
2013-03-29,12.444,766
2013-03-30,12.488,766
2013-03-31,13.163,766
2013-04-01,13.222,766
2013-04-02,13.165,766
2013-04-03,12.965,766
2013-04-04,13.287,766
2013-04-05,13.187,766
2013-04-06,12.82,766
2013-04-07,12.502,766
2013-04-08,11.941,766
2013-04-09,11.768,766
2013-04-10,11.851,766
2013-04-11,11.762,766
2013-04-12,11.564,766
2013-04-13,11.621,766
2013-04-14,11.746,766
2013-04-15,11.612,766
2013-04-16,11.318,766
2013-04-17,11.326,766
2013-04-18,11.503,766
2013-04-19,11.702,766
2013-04-20,11.886,766
2013-04-21,12.055,766
2013-04-22,12.264,766
2013-04-23,12.643,766
2013-04-24,13.06,766
2013-04-25,13.201,766
2013-04-26,13.123,766
2013-04-27,12.837,766
2013-04-28,12.234,766
2013-04-29,11.907,766
2013-04-30,12.691,766
2013-05-01,13.449,766
2013-05-02,13.769,766
2013-05-03,13.712,766
2013-05-04,13.597,766
2013-05-05,13.251,766
2013-05-06,14.025,766
2013-05-07,14.464,766
2013-05-08,14.284,766
2013-05-09,13.923,766
2013-05-10,13.766,766
2013-05-11,13.572,766
2013-05-12,13.492,766
2013-05-13,13.351,766
2013-05-14,13.069,766
2013-05-15,13.033,766
2013-05-16,13.036,766
2013-05-17,13.096,766
2013-05-18,13.093,766
2013-05-19,13.123,766
2013-05-20,13.124,766
2013-05-21,12.966,766
2013-05-22,12.622,766
2013-05-23,12.282,766
2013-05-24,12.084,766
2013-05-25,12.172,766
2013-05-26,12.351,766
2013-05-27,12.487,766
2013-05-28,12.61,766
2013-05-29,12.63,766
2013-05-30,12.563,766
2013-05-31,12.506,766
2013-06-01,12.476,766
2013-06-02,12.524,766
2013-06-03,12.692,766
2013-06-04,13.585,766
2013-06-05,13.687,766
2013-06-06,13.508,766
2013-06-07,13.419,766
2013-06-08,13.427,766
2013-06-09,13.668,766
2013-06-10,13.921,766
2013-06-11,14.325,766
2013-06-12,13.804,766
2013-06-13,13.673,766
2013-06-14,13.63,766
2013-06-15,13.43,766
2013-06-16,13.296,766
2013-06-17,13.325,766
2013-06-18,13.191,766
2013-06-19,13.012,766
2013-06-20,12.741,766
2013-06-21,12.626,766
2013-06-22,12.522,766
2013-06-23,12.493,766
2013-06-24,13.956,766
2013-06-25,14.231,766
2013-06-26,14.238,766
2013-06-27,14.279,766
2013-06-28,14.436,766
2013-06-29,14.395,766
2013-06-30,14.36,766
2013-07-01,14.687,766
2013-07-02,15.395,766
2013-07-03,15.514,766
2013-07-04,14.845,766
2013-07-05,14.597,766
2013-07-06,14.858,766
2013-07-07,15.074,766
2013-07-08,15.336,766
2013-07-09,15.55,766
2013-07-10,15.39,766
2013-07-11,15.325,766
2013-07-12,15.019,766
2013-07-13,14.869,766
2013-07-14,14.712,766
2013-07-15,14.849,766
2013-07-16,14.505,766
2013-07-17,14.365,766
2013-07-18,14.093,766
2013-07-19,13.691,766
2013-07-20,13.659,766
2013-07-21,14.087,766
2013-07-22,14.8,766
2013-07-23,15.011,766
2013-07-24,14.924,766
2013-07-25,14.979,766
2013-07-26,14.84,766
2013-07-27,14.805,766
2013-07-28,14.753,766
2013-07-29,14.983,766
2013-07-30,15.022,766
2013-07-31,14.901,766
2013-08-01,14.805,766
2013-08-02,14.696,766
2013-08-03,14.525,766
2013-08-04,14.776,766
2013-08-05,14.838,766
2013-08-06,14.597,766
2013-08-07,13.903,766
2013-08-08,13.548,766
2013-08-09,13.684,766
2013-08-10,13.511,766
2013-08-11,13.373,766
2013-08-12,13.908,766
2013-08-13,14.431,766
2013-08-14,14.628,766
2013-08-15,14.685,766
2013-08-16,15.025,766
2013-08-17,14.966,766
2013-08-18,14.97,766
2013-08-19,15.908,766
2013-08-20,16.313,766
2013-08-21,16.431,766
2013-08-22,16.398,766
2013-08-23,16.196,766
2013-08-24,15.199,766
2013-08-25,14.564,766
2013-08-26,14.466,766
2013-08-27,14.62,766
2013-08-28,14.234,766
2013-08-29,14.687,766
2013-08-30,15.073,766
2013-08-31,15.459,766
2013-09-01,16.163,766
2013-09-02,16.525,766
2013-09-03,16.369,766
2013-09-04,16.19,766
2013-09-05,16.06,766
2013-09-06,15.966,766
2013-09-07,15.891,766
2013-09-08,16.017,766
2013-09-09,15.96,766
2013-09-10,16.288,766
2013-09-11,16.931,766
2013-09-12,16.773,766
2013-09-13,15.914,766
2013-09-14,15.171,766
2013-09-15,15.093,766
2013-09-16,15.087,766
2013-09-17,14.975,766
2013-09-18,14.851,766
2013-09-19,14.692,766
2013-09-20,14.92,766
2013-09-21,15.548,766
2013-09-22,15.364,766
2013-09-23,15.186,766
2013-09-24,15.034,766
2013-09-25,14.762,766
2013-09-26,14.434,766
2013-09-27,14.387,766
2013-09-28,14.489,766
2013-09-29,14.754,766
2013-09-30,14.725,766
2013-10-01,14.602,766
2013-10-02,14.438,766
2013-10-03,14.383,766
2013-10-04,14.513,766
2013-10-05,14.928,766
2013-10-06,15.755,766
2013-10-07,15.719,766
2013-10-08,15.496,766
2013-10-09,14.961,766
2013-10-10,14.99,766
2013-10-11,14.999,766
2013-10-12,14.766,766
2013-10-13,14.783,766
2013-10-14,15.092,766
2013-10-15,15.646,766
2013-10-16,15.931,766
2013-10-17,15.879,766
2013-10-18,15.618,766
2013-10-19,15.661,766
2013-10-20,15.499,766
2013-10-21,15.535,766
2013-10-22,15.567,766
2013-10-23,15.737,766
2013-10-24,15.764,766
2013-10-25,15.439,766
2013-10-26,15.336,766
2013-10-27,15.298,766
2013-10-28,15.319,766
2013-10-29,15.162,766
2013-10-30,15.174,766
2013-10-31,15.396,766
2013-11-01,15.633,766
2013-11-02,15.68,766
2013-11-03,15.139,766
2013-11-04,14.99,766
2013-11-05,14.917,766
2013-11-06,14.949,766
2013-11-07,15.015,766
2013-11-08,15.141,766
2013-11-09,15.152,766
2013-11-10,15.211,766
2013-11-11,15.351,766
2013-11-12,15.432,766
2013-11-13,15.465,766
2013-11-14,15.266,766
2013-11-15,14.949,766
2013-11-16,14.603,766
2013-11-17,14.398,766
2013-11-18,14.647,766
2013-11-19,14.705,766
2013-11-20,14.819,766
2013-11-21,14.798,766
2013-11-22,14.887,766
2013-11-23,14.945,766
2013-11-24,14.981,766
2013-11-25,14.984,766
2013-11-26,14.961,766
2013-11-27,15.067,766
2013-11-28,15.098,766
2013-11-29,15.165,766
2013-11-30,15.28,766
2013-12-01,15.278,766
2013-12-02,15.212,766
2013-12-03,14.867,766
2013-12-04,14.373,766
2013-12-05,14.188,766
2013-12-06,14.043,766
2013-12-07,13.962,766
2013-12-08,13.525,766
2013-12-09,13.414,766
2013-12-10,13.409,766
2013-12-11,13.387,766
2013-12-12,13.275,766
2013-12-13,13.142,766
2013-12-14,13.203,766
2013-12-15,13.236,766
2013-12-16,13.152,766
2013-12-17,13.259,766
2013-12-18,13.475,766
2013-12-19,13.321,766
2013-12-20,13.359,766
2013-12-21,13.338,766
2013-12-22,13.222,766
2013-12-23,13.357,766
2013-12-24,13.505,766
2013-12-25,13.845,766
2013-12-26,13.826,766
2013-12-27,13.695,766
2013-12-28,13.718,766
2013-12-29,13.867,766
2013-12-30,13.84,766
2013-12-31,13.62,766
2014-01-01,13.598,766
2014-01-02,13.719,766
2014-01-03,13.96,766
2014-01-04,13.973,766
2014-01-05,13.901,766
2014-01-06,13.935,766
2014-01-07,13.893,766
2014-01-08,13.815,766
2014-01-09,13.748,766
2014-01-10,13.754,766
2014-01-11,13.741,766
2014-01-12,13.755,766
2014-01-13,13.814,766
2014-01-14,13.938,766
2014-01-15,14.155,766
2014-01-16,14.214,766
2014-01-17,14.114,766
2014-01-18,14.032,766
2014-01-19,13.88,766
2014-01-20,13.884,766
2014-01-21,13.926,766
2014-01-22,13.9,766
2014-01-23,13.862,766
2014-01-24,13.847,766
2014-01-25,14.153,766
2014-01-26,14.114,766
2014-01-27,14.117,766
2014-01-28,14.198,766
2014-01-29,14.204,766
2014-01-30,14.141,766
2014-01-31,14.016,766
2014-02-01,14.01,766
2014-02-02,13.982,766
2014-02-03,13.914,766
2014-02-04,13.733,766
2014-02-05,13.59,766
2014-02-06,13.567,766
2014-02-07,13.735,766
2014-02-08,13.841,766
2014-02-09,13.688,766
2014-02-10,13.552,766
2014-02-11,13.52,766
2014-02-12,13.433,766
2014-02-13,13.235,766
2014-02-14,13.065,766
2014-02-15,13.223,766
2014-02-16,13.409,766
2014-02-17,13.417,766
2014-02-18,13.432,766
2014-02-19,13.264,766
2014-02-20,13.272,766
2014-02-21,13.346,766
2014-02-22,13.405,766
2014-02-23,13.325,766
2014-02-24,13.272,766
2014-02-25,13.214,766
2014-02-26,13.144,766
2014-02-27,13.279,766
2014-02-28,13.345,766
2014-03-01,13.241,766
2014-03-02,13.336,766
2014-03-03,13.671,766
2014-03-04,13.739,766
2014-03-05,13.726,766
2014-03-06,13.759,766
2014-03-07,13.773,766
2014-03-08,13.777,766
2014-03-09,13.668,766
2014-03-10,13.817,766
2014-03-11,13.88,766
2014-03-12,13.928,766
2014-03-13,13.987,766
2014-03-14,13.871,766
2014-03-15,13.982,766
2014-03-16,13.843,766
2014-03-17,13.847,766
2014-03-18,13.812,766
2014-03-19,13.812,766
2014-03-20,13.814,766
2014-03-21,13.661,766
2014-03-22,13.651,766
2014-03-23,13.737,766
2014-03-24,13.618,766
2014-03-25,13.67,766
2014-03-26,13.886,766
2014-03-27,14.188,766
2014-03-28,14.218,766
2014-03-29,14.207,766
2014-03-30,14.169,766
2014-03-31,14.135,766
2014-04-01,14.109,766
2014-04-02,13.891,766
2014-04-03,13.888,766
2014-04-04,13.684,766
2014-04-05,13.457,766
2014-04-06,13.574,766
2014-04-07,13.84,766
2014-04-08,14.201,766
2014-04-09,14.079,766
2014-04-10,13.951,766
2014-04-11,13.835,766
2014-04-12,13.848,766
2014-04-13,13.785,766
2014-04-14,13.646,766
2014-04-15,13.559,766
2014-04-16,13.599,766
2014-04-17,13.599,766
2014-04-18,13.473,766
2014-04-19,13.394,766
2014-04-20,13.384,766
2014-04-21,13.359,766
2014-04-22,13.281,766
2014-04-23,12.996,766
2014-04-24,12.916,766
2014-04-25,12.872,766
2014-04-26,12.781,766
2014-04-27,12.767,766
2014-04-28,12.81,766
2014-04-29,12.963,766
2014-04-30,13.285,766
2014-05-01,13.823,766
2014-05-02,13.806,766
2014-05-03,13.665,766
2014-05-04,13.433,766
2014-05-05,13.366,766
2014-05-06,13.183,766
2014-05-07,13.021,766
2014-05-08,13.102,766
2014-05-09,13.14,766
2014-05-10,12.775,766
2014-05-11,12.747,766
2014-05-12,12.971,766
2014-05-13,13.485,766
2014-05-14,14.6,766
2014-05-15,15.041,766
2014-05-16,14.178,766
2014-05-17,13.818,766
2014-05-18,13.727,766
2014-05-19,13.632,766
2014-05-20,13.708,766
2014-05-21,13.914,766
2014-05-22,13.829,766
2014-05-23,13.915,766
2014-05-24,13.972,766
2014-05-25,14.13,766
2014-05-26,14.257,766
2014-05-27,14.155,766
2014-05-28,13.955,766
2014-05-29,13.766,766
2014-05-30,13.728,766
2014-05-31,13.667,766
2014-06-01,13.574,766
2014-06-02,13.788,766
2014-06-03,13.813,766
2014-06-04,13.823,766
2014-06-05,13.712,766
2014-06-06,13.898,766
2014-06-07,14.062,766
2014-06-08,13.406,766
2014-06-09,13.152,766
2014-06-10,12.974,766
2014-06-11,13.7,766
2014-06-12,14.303,766
2014-06-13,14.353,766
2014-06-14,14.354,766
2014-06-15,14.269,766
2014-06-16,14.161,766
2014-06-17,14.09,766
2014-06-18,13.876,766
2014-06-19,13.846,766
2014-06-20,13.93,766
2014-06-21,14.055,766
2014-06-22,13.995,766
2014-06-23,14.159,766
2014-06-24,14.251,766
2014-06-25,14.134,766
2014-06-26,14.102,766
2014-06-27,14.287,766
2014-06-28,14.372,766
2014-06-29,14.5,766
2014-06-30,14.56,766
2014-07-01,14.568,766
2014-07-02,15.163,766
2014-07-03,14.839,766
2014-07-04,14.804,766
2014-07-05,15.323,766
2014-07-06,15.74,766
2014-07-07,15.828,766
2014-07-08,15.973,766
2014-07-09,16.241,766
2014-07-10,16.357,766
2014-07-11,17.113,766
2014-07-12,16.655,766
2014-07-13,16.317,766
2014-07-14,16.183,766
2014-07-15,17.179,766
2014-07-16,18.113,766
2014-07-17,18.261,766
2014-07-18,18.403,766
2014-07-19,18.629,766
2014-07-20,18.637,766
2014-07-21,19.615,766
2014-07-22,19.312,766
2014-07-23,18.804,766
2014-07-24,18.484,766
2014-07-25,18.082,766
2014-07-26,17.603,766
2014-07-27,17.624,766
2014-07-28,18.138,766
2014-07-29,18.517,766
2014-07-30,18.295,766
2014-07-31,18.161,766
2014-08-01,18.022,766
2014-08-02,17.893,766
2014-08-03,17.831,766
2014-08-04,17.758,766
2014-08-05,17.925,766
2014-08-06,17.871,766
2014-08-07,17.791,766
2014-08-08,17.738,766
2014-08-09,17.55,766
2014-08-10,17.325,766
2014-08-11,17.368,766
2014-08-12,17.604,766
2014-08-13,17.686,766
2014-08-14,17.652,766
2014-08-15,17.735,766
2014-08-16,17.744,766
2014-08-17,17.559,766
2014-08-18,17.496,766
2014-08-19,18.53,766
2014-08-20,18.804,766
2014-08-21,18.558,766
2014-08-22,18.194,766
2014-08-23,18.395,766
2014-08-24,18.572,766
2014-08-25,18.352,766
2014-08-26,18.239,766
2014-08-27,18.177,766
2014-08-28,18.08,766
2014-08-29,17.826,766
2014-08-30,17.704,766
2014-08-31,17.605,766
2014-09-01,17.502,766
2014-09-02,17.4,766
2014-09-03,17.616,766
2014-09-04,17.829,766
2014-09-05,17.933,766
2014-09-06,17.761,766
2014-09-07,17.541,766
2014-09-08,17.384,766
2014-09-09,17.352,766
2014-09-10,17.404,766
2014-09-11,17.601,766
2014-09-12,17.589,766
2014-09-13,17.239,766
2014-09-14,17.351,766
2014-09-15,17.498,766
2014-09-16,17.593,766
2014-09-17,17.791,766
2014-09-18,18.202,766
2014-09-19,18.634,766
2014-09-20,18.738,766
2014-09-21,19.031,766
2014-09-22,18.702,766
2014-09-23,18.242,766
2014-09-24,17.995,766
2014-09-25,18.04,766
2014-09-26,18.136,766
2014-09-27,17.907,766
2014-09-28,17.612,766
2014-09-29,17.496,766
2014-09-30,17.187,766
2014-10-01,17.201,766
2014-10-02,17.543,766
2014-10-03,18.136,766
2014-10-04,18.315,766
2014-10-05,18.225,766
2014-10-06,18.248,766
2014-10-07,18.147,766
2014-10-08,18.003,766
2014-10-09,17.949,766
2014-10-10,17.743,766
2014-10-11,18.054,766
2014-10-12,18.288,766
2014-10-13,18.388,766
2014-10-14,18.572,766
2014-10-15,18.611,766
2014-10-16,18.697,766
2014-10-17,18.904,766
2014-10-18,19.057,766
2014-10-19,19.025,766
2014-10-20,18.938,766
2014-10-21,18.605,766
2014-10-22,18.181,766
2014-10-23,18.133,766
2014-10-24,18.188,766
2014-10-25,18.343,766
2014-10-26,17.896,766
2014-10-27,17.425,766
2014-10-28,17.179,766
2014-10-29,17.157,766
2014-10-30,17.187,766
2014-10-31,17.24,766
2014-11-01,17.159,766
2014-11-02,17.124,766
2014-11-03,17.084,766
2014-11-04,17.103,766
2014-11-05,17.113,766
2014-11-06,17.03,766
2014-11-07,16.951,766
2014-11-08,16.904,766
2014-11-09,16.71,766
2014-11-10,16.824,766
2014-11-11,16.969,766
2014-11-12,16.929,766
2014-11-13,16.866,766
2014-11-14,16.811,766
2014-11-15,16.704,766
2014-11-16,16.563,766
2014-11-17,16.544,766
2014-11-18,16.581,766
2014-11-19,16.4,766
2014-11-20,16.533,766
2014-11-21,16.662,766
2014-11-22,16.802,766
2014-11-23,16.669,766
2014-11-24,16.487,766
2014-11-25,16.512,766
2014-11-26,16.536,766
2014-11-27,16.492,766
2014-11-28,16.387,766
2014-11-29,16.345,766
2014-11-30,16.172,766
2014-12-01,16.41,766
2014-12-02,16.278,766
2014-12-03,16.229,766
2014-12-04,16.408,766
2014-12-05,16.908,766
2014-12-06,17.187,766
2014-12-07,17.236,766
2014-12-08,17.216,766
2014-12-09,17.115,766
2014-12-10,17.052,766
2014-12-11,16.977,766
2014-12-12,16.526,766
2014-12-13,16.439,766
2014-12-14,16.56,766
2014-12-15,16.619,766
2014-12-16,16.516,766
2014-12-17,16.584,766
2014-12-18,16.581,766
2014-12-19,16.605,766
2014-12-20,16.639,766
2014-12-21,16.59,766
2014-12-22,16.59,766
2014-12-23,16.619,766
2014-12-24,16.524,766
2014-12-25,16.23,766
2014-12-26,15.91,766
2014-12-27,15.791,766
2014-12-28,15.674,766
2014-12-29,15.504,766
2014-12-30,15.256,766
2014-12-31,15.097,766
2015-01-01,14.993,766
2015-01-02,14.919,766
2015-01-03,14.874,766
2015-01-04,14.992,766
2015-01-05,15.155,766
2015-01-06,15.307,766
2015-01-07,15.413,766
2015-01-08,15.205,766
2015-01-09,15.189,766
2015-01-10,15.297,766
2015-01-11,15.207,766
2015-01-12,15.211,766
2015-01-13,15.252,766
2015-01-14,15.292,766
2015-01-15,15.374,766
2015-01-16,15.621,766
2015-01-17,15.649,766
2015-01-18,15.688,766
2015-01-19,15.644,766
2015-01-20,15.439,766
2015-01-21,15.25,766
2015-01-22,15.231,766
2015-01-23,15.258,766
2015-01-24,15.306,766
2015-01-25,15.355,766
2015-01-26,15.378,766
2015-01-27,15.451,766
2015-01-28,15.476,766
2015-01-29,15.327,766
2015-01-30,15.224,766
2015-01-31,15.172,766
2015-02-01,15.034,766
2015-02-02,14.861,766
2015-02-03,14.907,766
2015-02-04,15.24,766
2015-02-05,15.313,766
2015-02-06,15.278,766
2015-02-07,15.227,766
2015-02-08,15.349,766
2015-02-09,15.455,766
2015-02-10,15.48,766
2015-02-11,15.476,766
2015-02-12,15.537,766
2015-02-13,15.517,766
2015-02-14,15.508,766
2015-02-15,15.474,766
2015-02-16,15.483,766
2015-02-17,15.285,766
2015-02-18,15.256,766
2015-02-19,15.202,766
2015-02-20,15.231,766
2015-02-21,15.424,766
2015-02-22,15.288,766
2015-02-23,15.19,766
2015-02-24,15.125,766
2015-02-25,15.029,766
2015-02-26,14.995,766
2015-02-27,14.928,766
2015-02-28,14.907,766
2015-03-01,14.746,766
2015-03-02,14.714,766
2015-03-03,14.756,766
2015-03-04,14.963,766
2015-03-05,15.059,766
2015-03-06,15.157,766
2015-03-07,15.148,766
2015-03-08,15.121,766
2015-03-09,15.022,766
2015-03-10,15.173,766
2015-03-11,15.21,766
2015-03-12,15.234,766
2015-03-13,15.328,766
2015-03-14,15.33,766
2015-03-15,15.675,766
2015-03-16,15.932,766
2015-03-17,15.274,766
2015-03-18,15.072,766
2015-03-19,15.064,766
2015-03-20,15.085,766
2015-03-21,15.049,766
2015-03-22,15.065,766
2015-03-23,15.209,766
2015-03-24,14.995,766
2015-03-25,14.926,766
2015-03-26,14.966,766
2015-03-27,14.993,766
2015-03-28,14.956,766
2015-03-29,14.835,766
2015-03-30,14.602,766
2015-03-31,14.271,766
2015-04-01,13.972,766
2015-04-02,13.705,766
2015-04-03,13.559,766
2015-04-04,13.517,766
2015-04-05,13.51,766
2015-04-06,13.617,766
2015-04-07,13.81,766
2015-04-08,14.046,766
2015-04-09,14.1,766
2015-04-10,14.231,766
2015-04-11,14.136,766
2015-04-12,14.059,766
2015-04-13,13.936,766
2015-04-14,13.596,766
2015-04-15,13.519,766
2015-04-16,13.608,766
2015-04-17,13.822,766
2015-04-18,14.072,766
2015-04-19,14.197,766
2015-04-20,14.321,766
2015-04-21,14.173,766
2015-04-22,14.023,766
2015-04-23,13.972,766
2015-04-24,14.12,766
2015-04-25,13.685,766
2015-04-26,13.424,766
2015-04-27,13.35,766
2015-04-28,13.113,766
2015-04-29,13.368,766
2015-04-30,13.672,766
2015-05-01,13.944,766
2015-05-02,14.156,766
2015-05-03,14.454,766
2015-05-04,14.41,766
2015-05-05,14.099,766
2015-05-06,13.544,766
2015-05-07,13.332,766
2015-05-08,13.248,766
2015-05-09,13.269,766
2015-05-10,13.426,766
2015-05-11,12.896,766
2015-05-12,12.742,766
2015-05-13,12.699,766
2015-05-14,13.191,766
2015-05-15,13.402,766
2015-05-16,13.255,766
2015-05-17,13.308,766
2015-05-18,13.448,766
2015-05-19,13.565,766
2015-05-20,13.78,766
2015-05-21,13.986,766
2015-05-22,14.225,766
2015-05-23,14.275,766
2015-05-24,14.17,766
2015-05-25,14.023,766
2015-05-26,14.048,766
2015-05-27,14.502,766
2015-05-28,14.456,766
2015-05-29,14.27,766
2015-05-30,14.195,766
2015-05-31,14.332,766
2015-06-01,14.437,766
2015-06-02,14.295,766
2015-06-03,14.218,766
2015-06-04,14.12,766
2015-06-05,13.937,766
2015-06-06,14.232,766
2015-06-07,14.402,766
2015-06-08,14.381,766
2015-06-09,14.53,766
2015-06-10,14.781,766
2015-06-11,14.996,766
2015-06-12,15.316,766
2015-06-13,15.509,766
2015-06-14,15.284,766
2015-06-15,15.04,766
2015-06-16,14.645,766
2015-06-17,14.333,766
2015-06-18,14.105,766
2015-06-19,14.171,766
2015-06-20,14.117,766
2015-06-21,13.879,766
2015-06-22,13.911,766
2015-06-23,14.06,766
2015-06-24,14.157,766
2015-06-25,14.405,766
2015-06-26,15.259,766
2015-06-27,15.656,766
2015-06-28,15.247,766
2015-06-29,15.115,766
2015-06-30,15.014,766
2015-07-01,15.078,766
2015-07-02,15.302,766
2015-07-03,15.492,766
2015-07-04,15.725,766
2015-07-05,16.1,766
2015-07-06,16.011,766
2015-07-07,16.182,766
2015-07-08,16.318,766
2015-07-09,16.394,766
2015-07-10,17.262,766
2015-07-11,17.443,766
2015-07-12,17.498,766
2015-07-13,17.611,766
2015-07-14,17.572,766
2015-07-15,16.357,766
2015-07-16,16.049,766
2015-07-17,16.588,766
2015-07-18,17.059,766
2015-07-19,17.302,766
2015-07-20,17.55,766
2015-07-21,17.796,766
2015-07-22,17.652,766
2015-07-23,17.754,766
2015-07-24,17.7,766
2015-07-25,17.707,766
2015-07-26,17.548,766
2015-07-27,17.209,766
2015-07-28,17.148,766
2015-07-29,17.449,766
2015-07-30,17.722,766
2015-07-31,17.994,766
2015-08-01,17.925,766
2015-08-02,17.806,766
2015-08-03,17.784,766
2015-08-04,17.834,766
2015-08-05,17.987,766
2015-08-06,18.565,766
2015-08-07,18.49,766
2015-08-08,18.378,766
2015-08-09,18.218,766
2015-08-10,17.937,766
2015-08-11,17.987,766
2015-08-12,17.969,766
2015-08-13,18.043,766
2015-08-14,17.989,766
2015-08-15,17.834,766
2015-08-16,17.737,766
2015-08-17,17.819,766
2015-08-18,17.875,766
2015-08-19,18.49,766
2015-08-20,18.447,766
2015-08-21,18.365,766
2015-08-22,17.796,766
2015-08-23,17.856,766
2015-08-24,17.804,766
2015-08-25,17.846,766
2015-08-26,18.049,766
2015-08-27,18.23,766
2015-08-28,18.229,766
2015-08-29,18.189,766
2015-08-30,18.049,766
2015-08-31,17.929,766
2015-09-01,17.803,766
2015-09-02,18.211,766
2015-09-03,18.178,766
2015-09-04,18.026,766
2015-09-05,17.909,766
2015-09-06,18.066,766
2015-09-07,18.434,766
2015-09-08,18.705,766
2015-09-09,18.916,766
2015-09-10,18.982,766
2015-09-11,19.301,766
2015-09-12,19.544,766
2015-09-13,19.617,766
2015-09-14,19.764,766
2015-09-15,19.66,766
2015-09-16,19.711,766
2015-09-17,19.631,766
2015-09-18,19.661,766
2015-09-19,19.853,766
2015-09-20,20.269,766
2015-09-21,20.47,766
2015-09-22,19.871,766
2015-09-23,19.827,766
2015-09-24,19.931,766
2015-09-25,19.871,766
2015-09-26,19.803,766
2015-09-27,19.727,766
2015-09-28,19.816,766
2015-09-29,19.831,766
2015-09-30,19.772,766
2015-10-01,19.542,766
2015-10-02,19.115,766
2015-10-03,18.838,766
2015-10-04,18.746,766
2015-10-05,19.146,766
2015-10-06,19.127,766
2015-10-07,18.934,766
2015-10-08,18.85,766
2015-10-09,18.921,766
2015-10-10,19.164,766
2015-10-11,19.107,766
2015-10-12,19.152,766
2015-10-13,19.345,766
2015-10-14,20.017,766
2015-10-15,19.974,766
2015-10-16,19.845,766
2015-10-17,19.434,766
2015-10-18,19.08,766
2015-10-19,18.842,766
2015-10-20,18.822,766
2015-10-21,18.889,766
2015-10-22,18.873,766
2015-10-23,18.741,766
2015-10-24,18.742,766
2015-10-25,18.856,766
2015-10-26,18.973,766
2015-10-27,18.937,766
2015-10-28,18.661,766
2015-10-29,18.271,766
2015-10-30,18.169,766
2015-10-31,18.11,766
2015-11-01,18.097,766
2015-11-02,18.006,766
2015-11-03,17.553,766
2015-11-04,17.452,766
2015-11-05,17.419,766
2015-11-06,17.253,766
2015-11-07,17.097,766
2015-11-08,16.998,766
2015-11-09,17.027,766
2015-11-10,16.95,766
2015-11-11,16.858,766
2015-11-12,16.76,766
2015-11-13,16.706,766
2015-11-14,16.65,766
2015-11-15,16.509,766
2015-11-16,15.848,766
2015-11-17,15.441,766
2015-11-18,15.394,766
2015-11-19,15.486,766
2015-11-20,15.613,766
2015-11-21,15.816,766
2015-11-22,16.091,766
2015-11-23,16.122,766
2015-11-24,15.742,766
2015-11-25,15.648,766
2015-11-26,15.615,766
2015-11-27,15.504,766
2015-11-28,15.524,766
2015-11-29,15.597,766
2015-11-30,15.724,766
2015-12-01,15.793,766
2015-12-02,15.872,766
2015-12-03,15.84,766
2015-12-04,15.851,766
2015-12-05,15.805,766
2015-12-06,15.675,766
2015-12-07,15.719,766
2015-12-08,15.772,766
2015-12-09,15.764,766
2015-12-10,15.711,766
2015-12-11,15.686,766
2015-12-12,15.741,766
2015-12-13,15.705,766
2015-12-14,15.539,766
2015-12-15,15.408,766
2015-12-16,15.345,766
2015-12-17,15.213,766
2015-12-18,15.11,766
2015-12-19,15.043,766
2015-12-20,15.035,766
2015-12-21,15.049,766
2015-12-22,15.06,766
2015-12-23,15.028,766
2015-12-24,14.971,766
2015-12-25,14.793,766
2015-12-26,14.569,766
2015-12-27,14.454,766
2015-12-28,14.383,766
2015-12-29,14.323,766
2015-12-30,14.222,766
2015-12-31,14.117,766
2016-01-01,14.064,766
2016-01-02,14.045,766
2016-01-03,14.258,766
2016-01-04,14.179,766
2016-01-05,14.143,766
2016-01-06,14.123,766
2016-01-07,14.12,766
2016-01-08,14.104,766
2016-01-09,14.13,766
2016-01-10,14.294,766
2016-01-11,14.076,766
2016-01-12,14.043,766
2016-01-13,14.027,766
2016-01-14,14.039,766
2016-01-15,14.163,766
2016-01-16,14.373,766
2016-01-17,14.553,766
2016-01-18,14.553,766
2016-01-19,14.428,766
2016-01-20,14.31,766
2016-01-21,14.324,766
2016-01-22,14.401,766
2016-01-23,14.303,766
2016-01-24,14.195,766
2016-01-25,14.019,766
2016-01-26,13.992,766
2016-01-27,13.977,766
2016-01-28,14.013,766
2016-01-29,13.998,766
2016-01-30,14.08,766
2016-01-31,14.018,766
2016-02-01,13.649,766
2016-02-02,13.454,766
2016-02-03,13.389,766
2016-02-04,13.384,766
2016-02-05,13.463,766
2016-02-06,13.665,766
2016-02-07,13.846,766
2016-02-08,13.864,766
2016-02-09,13.955,766
2016-02-10,13.865,766
2016-02-11,13.872,766
2016-02-12,13.833,766
2016-02-13,13.894,766
2016-02-14,13.945,766
2016-02-15,14.135,766
2016-02-16,14.41,766
2016-02-17,14.611,766
2016-02-18,14.304,766
2016-02-19,14.243,766
2016-02-20,14.182,766
2016-02-21,14.123,766
2016-02-22,14.067,766
2016-02-23,14.197,766
2016-02-24,14.276,766
2016-02-25,14.284,766
2016-02-26,14.275,766
2016-02-27,14.223,766
2016-02-28,14.408,766
2016-02-29,14.505,766
2016-03-01,14.549,766
2016-03-02,14.658,766
2016-03-03,14.744,766
2016-03-04,14.716,766
2016-03-05,14.442,766
2016-03-06,14.594,766
2016-03-07,14.377,766
2016-03-08,14.147,766
2016-03-09,13.936,766
2016-03-10,13.924,766
2016-03-11,14.079,766
2016-03-12,14.31,766
2016-03-13,14.379,766
2016-03-14,14.309,766
2016-03-15,14.319,766
2016-03-16,14.414,766
2016-03-17,14.473,766
2016-03-18,14.628,766
2016-03-19,14.025,766
2016-03-20,14.138,766
2016-03-21,14.44,766
2016-03-22,14.39,766
2016-03-23,14.25,766
2016-03-24,14.179,766
2016-03-25,14.031,766
2016-03-26,13.945,766
2016-03-27,13.814,766
2016-03-28,13.195,766
2016-03-29,13.323,766
2016-03-30,13.414,766
2016-03-31,13.254,766
2016-04-01,13.075,766
2016-04-02,13.049,766
2016-04-03,13.264,766
2016-04-04,13.346,766
2016-04-05,13.362,766
2016-04-06,13.354,766
2016-04-07,13.557,766
2016-04-08,14.192,766
2016-04-09,14.567,766
2016-04-10,14.805,766
2016-04-11,14.819,766
2016-04-12,14.629,766
2016-04-13,14.361,766
2016-04-14,13.85,766
2016-04-15,13.533,766
2016-04-16,13.795,766
2016-04-17,14.265,766
2016-04-18,14.743,766
2016-04-19,15.008,766
2016-04-20,15.081,766
2016-04-21,15.379,766
2016-04-22,15.419,766
2016-04-23,14.837,766
2016-04-24,14.301,766
2016-04-25,13.478,766
2016-04-26,13.071,766
2016-04-27,13.015,766
2016-04-28,12.924,766
2016-04-29,12.857,766
2016-04-30,13.106,766
2016-05-01,13.185,766
2016-05-02,13.273,766
2016-05-03,13.381,766
2016-05-04,13.535,766
2016-05-05,13.908,766
2016-05-06,14.065,766
2016-05-07,14.033,766
2016-05-08,14.252,766
2016-05-09,14.39,766
2016-05-10,14.44,766
2016-05-11,14.171,766
2016-05-12,14.086,766
2016-05-13,13.973,766
2016-05-14,14.039,766
2016-05-15,13.975,766
2016-05-16,13.777,766
2016-05-17,13.413,766
2016-05-18,13.511,766
2016-05-19,13.494,766
2016-05-20,13.677,766
2016-05-21,13.901,766
2016-05-22,14.017,766
2016-05-23,13.982,766
2016-05-24,13.981,766
2016-05-25,14.156,766
2016-05-26,13.945,766
2016-05-27,13.777,766
2016-05-28,13.799,766
2016-05-29,13.914,766
2016-05-30,14.009,766
2016-05-31,14.18,766
2016-06-01,14.595,766
2016-06-02,14.395,766
2016-06-03,14.399,766
2016-06-04,14.369,766
2016-06-05,14.432,766
2016-06-06,14.618,766
2016-06-07,14.789,766
2016-06-08,14.408,766
2016-06-09,14.282,766
2016-06-10,13.849,766
2016-06-11,13.928,766
2016-06-12,14.016,766
2016-06-13,14.266,766
2016-06-14,14.113,766
2016-06-15,14.044,766
2016-06-16,14.106,766
2016-06-17,14.618,766
2016-06-18,14.68,766
2016-06-19,14.691,766
2016-06-20,14.611,766
2016-06-21,14.46,766
2016-06-22,14.431,766
2016-06-23,14.264,766
2016-06-24,14.147,766
2016-06-25,13.994,766
2016-06-26,14.025,766
2016-06-27,14.381,766
2016-06-28,14.515,766
2016-06-29,14.68,766
2016-06-30,14.597,766
2016-07-01,14.442,766
2016-07-02,14.538,766
2016-07-03,14.748,766
2016-07-04,15.082,766
2016-07-05,15.323,766
2016-07-06,15.332,766
2016-07-07,14.981,766
2016-07-08,14.489,766
2016-07-09,14.493,766
2016-07-10,14.442,766
2016-07-11,14.294,766
2016-07-12,14.109,766
2016-07-13,14.271,766
2016-07-14,14.4,766
2016-07-15,14.653,766
2016-07-16,15.071,766
2016-07-17,15.367,766
2016-07-18,14.886,766
2016-07-19,14.773,766
2016-07-20,14.77,766
2016-07-21,14.671,766
2016-07-22,14.429,766
2016-07-23,14.347,766
2016-07-24,14.341,766
2016-07-25,14.192,766
2016-07-26,13.907,766
2016-07-27,14.508,766
2016-07-28,14.938,766
2016-07-29,15.478,766
2016-07-30,15.304,766
2016-07-31,15.192,766
2016-08-01,15.266,766
2016-08-02,15.714,766
2016-08-03,16.319,766
2016-08-04,16.399,766
2016-08-05,16.26,766
2016-08-06,15.925,766
2016-08-07,15.626,766
2016-08-08,15.414,766
2016-08-09,15.326,766
2016-08-10,15.538,766
2016-08-11,15.915,766
2016-08-12,16.044,766
2016-08-13,16.051,766
2016-08-14,16.001,766
2016-08-15,15.82,766
2016-08-16,15.809,766
2016-08-17,16.011,766
2016-08-18,16.196,766
2016-08-19,16.562,766
2016-08-20,16.616,766
2016-08-21,16.512,766
2016-08-22,16.296,766
2016-08-23,16.286,766
2016-08-24,16.266,766
2016-08-25,16.323,766
2016-08-26,16.376,766
2016-08-27,16.418,766
2016-08-28,16.397,766
2016-08-29,16.229,766
2016-08-30,15.953,766
2016-08-31,15.802,766
2016-09-01,15.731,766
2016-09-02,15.288,766
2016-09-03,15.408,766
2016-09-04,15.503,766
2016-09-05,15.856,766
2016-09-06,15.958,766
2016-09-07,16.181,766
2016-09-08,16.778,766
2016-09-09,16.828,766
2016-09-10,16.445,766
2016-09-11,16.577,766
2016-09-12,16.711,766
2016-09-13,17.406,766
2016-09-14,17.348,766
2016-09-15,17.198,766
2016-09-16,16.616,766
2016-09-17,16.49,766
2016-09-18,16.546,766
2016-09-19,16.729,766
2016-09-20,16.895,766
2016-09-21,16.508,766
2016-09-22,16.001,766
2016-09-23,15.827,766
2016-09-24,15.91,766
2016-09-25,16.266,766
2016-09-26,16.934,766
2016-09-27,17.066,766
2016-09-28,17.134,766
2016-09-29,16.797,766
2016-09-30,16.306,766
2016-10-01,16.042,766
2016-10-02,15.84,766
2016-10-03,15.749,766
2016-10-04,15.676,766
2016-10-05,15.569,766
2016-10-06,15.408,766
2016-10-07,15.48,766
2016-10-08,15.701,766
2016-10-09,15.805,766
2016-10-10,15.865,766
2016-10-11,16.282,766
2016-10-12,16.255,766
2016-10-13,16.198,766
2016-10-14,16.162,766
2016-10-15,16.126,766
2016-10-16,16.623,766
2016-10-17,16.447,766
2016-10-18,16.149,766
2016-10-19,15.883,766
2016-10-20,15.747,766
2016-10-21,15.693,766
2016-10-22,15.781,766
2016-10-23,15.867,766
2016-10-24,16.025,766
2016-10-25,16.132,766
2016-10-26,16.117,766
2016-10-27,16.259,766
2016-10-28,16.397,766
2016-10-29,16.459,766
2016-10-30,16.624,766
2016-10-31,16.757,766
2016-11-01,16.571,766
2016-11-02,16.34,766
2016-11-03,16.155,766
2016-11-04,16.008,766
2016-11-05,16.041,766
2016-11-06,16.226,766
2016-11-07,16.522,766
2016-11-08,16.331,766
2016-11-09,16.186,766
2016-11-10,16.156,766
2016-11-11,16.128,766
2016-11-12,16.157,766
2016-11-13,16.163,766
2016-11-14,16.119,766
2016-11-15,15.683,766
2016-11-16,15.536,766
2016-11-17,15.393,766
2016-11-18,15.322,766
2016-11-19,15.274,766
2016-11-20,15.361,766
2016-11-21,15.409,766
2016-11-22,15.389,766
2016-11-23,15.183,766
2016-11-24,14.982,766
2016-11-25,14.926,766
2016-11-26,14.926,766
2016-11-27,15.051,766
2016-11-28,14.815,766
2016-11-29,14.545,766
2016-11-30,14.435,766
2016-12-01,14.382,766
2016-12-02,14.312,766
2016-12-03,14.244,766
2016-12-04,14.155,766
2016-12-05,14.055,766
2016-12-06,13.947,766
2016-12-07,13.872,766
2016-12-08,13.844,766
2016-12-09,14.069,766
2016-12-10,14.058,766
2016-12-11,14.123,766
2016-12-12,14.136,766
2016-12-13,14.185,766
2016-12-14,14.251,766
2016-12-15,14.158,766
2016-12-16,13.706,766
2016-12-17,13.404,766
2016-12-18,13.327,766
2016-12-19,13.303,766
2016-12-20,13.36,766
2016-12-21,13.474,766
2016-12-22,13.743,766
2016-12-23,13.645,766
2016-12-24,13.286,766
2016-12-25,13.133,766
2016-12-26,12.937,766
2016-12-27,13.001,766
2016-12-28,13.015,766
2016-12-29,12.954,766
2016-12-30,12.892,766
2016-12-31,12.966,766
2017-01-01,13.122,766
2017-01-02,13.094,766
2017-01-03,13.203,766
2017-01-04,13.366,766
2017-01-05,13.325,766
2017-01-06,13.317,766
2017-01-07,13.288,766
2017-01-08,13.243,766
2017-01-09,13.37,766
2017-01-10,13.325,766
2017-01-11,13.412,766
2017-01-12,13.446,766
2017-01-13,13.486,766
2017-01-14,13.459,766
2017-01-15,13.414,766
2017-01-16,13.366,766
2017-01-17,13.387,766
2017-01-18,13.405,766
2017-01-19,13.405,766
2017-01-20,13.363,766
2017-01-21,13.391,766
2017-01-22,13.402,766
2017-01-23,13.402,766
2017-01-24,13.373,766
2017-01-25,13.248,766
2017-01-26,13.184,766
2017-01-27,13.14,766
2017-01-28,13.131,766
2017-01-29,13.213,766
2017-01-30,13.434,766
2017-01-31,13.485,766
2017-02-01,13.305,766
2017-02-02,13.275,766
2017-02-03,13.601,766
2017-02-04,13.629,766
2017-02-05,13.691,766
2017-02-06,13.694,766
2017-02-07,13.817,766
2017-02-08,13.911,766
2017-02-09,14.002,766
2017-02-10,13.68,766
2017-02-11,13.668,766
2017-02-12,13.634,766
2017-02-13,13.609,766
2017-02-14,13.573,766
2017-02-15,13.65,766
2017-02-16,13.807,766
2017-02-17,13.714,766
2017-02-18,13.412,766
2017-02-19,13.295,766
2017-02-20,13.291,766
2017-02-21,13.374,766
2017-02-22,13.408,766
2017-02-23,13.322,766
2017-02-24,13.168,766
2017-02-25,13.139,766
2017-02-26,13.121,766
2017-02-27,13.105,766
2017-02-28,12.976,766
2017-03-01,12.994,766
2017-03-02,13.022,766
2017-03-03,13.093,766
2017-03-04,13.023,766
2017-03-05,13.032,766
2017-03-06,13.02,766
2017-03-07,12.921,766
2017-03-08,12.893,766
2017-03-09,12.878,766
2017-03-10,13.017,766
2017-03-11,13.103,766
2017-03-12,13.083,766
2017-03-13,13.057,766
2017-03-14,13.104,766
2017-03-15,13.288,766
2017-03-16,13.196,766
2017-03-17,13.318,766
2017-03-18,13.328,766
2017-03-19,13.435,766
2017-03-20,13.475,766
2017-03-21,13.654,766
2017-03-22,13.689,766
2017-03-23,13.634,766
2017-03-24,13.608,766
2017-03-25,13.556,766
2017-03-26,13.567,766
2017-03-27,13.492,766
2017-03-28,13.378,766
2017-03-29,13.108,766
2017-03-30,12.61,766
2017-03-31,12.608,766
2017-04-01,12.593,766
2017-04-02,12.684,766
2017-04-03,12.884,766
2017-04-04,12.905,766
2017-04-05,12.948,766
2017-04-06,13.29,766
2017-04-07,13.319,766
2017-04-08,13.231,766
2017-04-09,13.196,766
2017-04-10,13.208,766
2017-04-11,13.508,766
2017-04-12,13.729,766
2017-04-13,13.611,766
2017-04-14,13.206,766
2017-04-15,12.935,766
2017-04-16,12.808,766
2017-04-17,13.406,766
2017-04-18,13.591,766
2017-04-19,13.516,766
2017-04-20,13.498,766
2017-04-21,13.348,766
2017-04-22,13.04,766
2017-04-23,13.011,766
2017-04-24,12.999,766
2017-04-25,12.716,766
2017-04-26,12.463,766
2017-04-27,12.239,766
2017-04-28,12.175,766
2017-04-29,12.367,766
2017-04-30,12.702,766
2017-05-01,12.917,766
2017-05-02,13.067,766
2017-05-03,13.207,766
2017-05-04,13.319,766
2017-05-05,12.789,766
2017-05-06,12.668,766
2017-05-07,12.471,766
2017-05-08,12.405,766
2017-05-09,12.408,766
2017-05-10,12.747,766
2017-05-11,12.948,766
2017-05-12,12.545,766
2017-05-13,12.326,766
2017-05-14,12.176,766
2017-05-15,12.1,766
2017-05-16,12.08,766
2017-05-17,12.037,766
2017-05-18,12.075,766
2017-05-19,12.318,766
2017-05-20,12.372,766
2017-05-21,12.321,766
2017-05-22,12.017,766
2017-05-23,12.179,766
2017-05-24,12.435,766
2017-05-25,13.724,766
2017-05-26,13.852,766
2017-05-27,13.602,766
2017-05-28,13.274,766
2017-05-29,12.864,766
2017-05-30,12.567,766
2017-05-31,12.571,766
2017-06-01,12.22,766
2017-06-02,12.127,766
2017-06-03,12.349,766
2017-06-04,12.716,766
2017-06-05,12.717,766
2017-06-06,12.582,766
2017-06-07,12.881,766
2017-06-08,13.543,766
2017-06-09,13.624,766
2017-06-10,13.517,766
2017-06-11,13.396,766
2017-06-12,13.195,766
2017-06-13,13.153,766
2017-06-14,13.069,766
2017-06-15,13.042,766
2017-06-16,12.965,766
2017-06-17,12.903,766
2017-06-18,13.146,766
2017-06-19,13.521,766
2017-06-20,12.971,766
2017-06-21,12.015,766
2017-06-22,12.107,766
2017-06-23,12.328,766
2017-06-24,12.205,766
2017-06-25,12.869,766
2017-06-26,13.741,766
2017-06-27,13.73,766
2017-06-28,13.132,766
2017-06-29,12.202,766
2017-06-30,13.305,766
2017-07-01,13.362,766
2017-07-02,13.465,766
2017-07-03,13.677,766
2017-07-04,14.302,766
2017-07-05,14.359,766
2017-07-06,14.482,766
2017-07-07,14.653,766
2017-07-08,14.749,766
2017-07-09,14.699,766
2017-07-10,14.612,766
2017-07-11,14.794,766
2017-07-12,15.079,766
2017-07-13,15.11,766
2017-07-14,15.269,766
2017-07-15,15.26,766
2017-07-16,15.668,766
2017-07-17,15.828,766
2017-07-18,15.749,766
2017-07-19,15.529,766
2017-07-20,14.857,766
2017-07-21,14.767,766
2017-07-22,14.764,766
2017-07-23,14.704,766
2017-07-24,15.552,766
2017-07-25,15.83,766
2017-07-26,15.454,766
2017-07-27,14.873,766
2017-07-28,14.82,766
2017-07-29,15.328,766
2017-07-30,15.831,766
2017-07-31,16.035,766
2017-08-01,15.961,766
2017-08-02,16.484,766
2017-08-03,17.332,766
2017-08-04,17.591,766
2017-08-05,17.471,766
2017-08-06,17.199,766
2017-08-07,16.928,766
2017-08-08,16.642,766
2017-08-09,16.306,766
2017-08-10,15.981,766
2017-08-11,15.801,766
2017-08-12,15.662,766
2017-08-13,14.23,766
2017-08-14,13.823,766
2017-08-15,13.93,766
2017-08-16,15.575,766
2017-08-17,16.29,766
2017-08-18,16.476,766
2017-08-19,16.578,766
2017-08-20,18.295,766
2017-08-21,17.9,766
2017-08-22,17.658,766
2017-08-23,17.504,766
2017-08-24,16.341,766
2017-08-25,15.98,766
2017-08-26,15.943,766
2017-08-27,16.199,766
2017-08-28,16.082,766
2017-08-29,16.001,766
2017-08-30,15.99,766
2017-08-31,16.053,766
2017-09-01,16.306,766
2017-09-02,17.247,766
2017-09-03,17.928,766
2017-09-04,18.432,766
2017-09-05,18.34,766
2017-09-06,18.522,766
2017-09-07,18.419,766
2017-09-08,18.313,766
2017-09-09,18.232,766
2017-09-10,18.61,766
2017-09-11,19.019,766
2017-09-12,19.24,766
2017-09-13,19.038,766
2017-09-14,18.541,766
2017-09-15,18.123,766
2017-09-16,17.734,766
2017-09-17,17.435,766
2017-09-18,17.314,766
2017-09-19,17.067,766
2017-09-20,16.763,766
2017-09-21,16.458,766
2017-09-22,16.362,766
2017-09-23,16.484,766
2017-09-24,16.609,766
2017-09-25,16.561,766
2017-09-26,16.645,766
2017-09-27,16.862,766
2017-09-28,17.07,766
2017-09-29,16.962,766
2017-09-30,16.578,766
2017-10-01,16.098,766
2017-10-02,15.964,766
2017-10-03,15.875,766
2017-10-04,15.975,766
2017-10-05,16.024,766
2017-10-06,15.957,766
2017-10-07,15.845,766
2017-10-08,15.831,766
2017-10-09,16.113,766
2017-10-10,16.225,766
2017-10-11,15.974,766
2017-10-12,15.776,766
2017-10-13,15.671,766
2017-10-14,15.696,766
2017-10-15,15.918,766
2017-10-16,16.453,766
2017-10-17,16.568,766
2017-10-18,15.992,766
2017-10-19,15.657,766
2017-10-20,15.406,766
2017-10-21,15.18,766
2017-10-22,15,766
2017-10-23,15.044,766
2017-10-24,15.576,766
2017-10-25,15.962,766
2017-10-26,15.997,766
2017-10-27,16.039,766
2017-10-28,15.988,766
2017-10-29,15.723,766
2017-10-30,15.726,766
2017-10-31,16.099,766
2017-11-01,16.093,766
2017-11-02,16.075,766
2017-11-03,16.121,766
2017-11-04,16.148,766
2017-11-05,16.077,766
2017-11-06,16.077,766
2017-11-07,15.947,766
2017-11-08,16.034,766
2017-11-09,16.165,766
2017-11-10,16.249,766
2017-11-11,16.234,766
2017-11-12,16.141,766
2017-11-13,16.076,766
2017-11-14,16.047,766
2017-11-15,15.956,766
2017-11-16,16.038,766
2017-11-17,15.919,766
2017-11-18,15.861,766
2017-11-19,15.92,766
2017-11-20,16.04,766
2017-11-21,16.117,766
2017-11-22,16.099,766
2017-11-23,16.111,766
2017-11-24,16.113,766
2017-11-25,16.153,766
2017-11-26,16.127,766
2017-11-27,16.059,766
2017-11-28,15.835,766
2017-11-29,15.811,766
2017-11-30,15.738,766
2017-12-01,15.669,766
2017-12-02,15.464,766
2017-12-03,15.249,766
2017-12-04,15.12,766
2017-12-05,15.046,766
2017-12-06,14.983,766
2017-12-07,14.928,766
2017-12-08,14.855,766
2017-12-09,14.692,766
2017-12-10,14.906,766
2017-12-11,15.291,766
2017-12-12,15.317,766
2017-12-13,15.269,766
2017-12-14,15.238,766
2017-12-15,15.176,766
2017-12-16,14.999,766
2017-12-17,14.66,766
2017-12-18,14.561,766
2017-12-19,14.528,766
2017-12-20,14.514,766
2017-12-21,14.336,766
2017-12-22,14.254,766
2017-12-23,14.225,766
2017-12-24,14.455,766
2017-12-25,14.558,766
2017-12-26,14.416,766
2017-12-27,14.222,766
2017-12-28,14.163,766
2017-12-29,14.143,766
2017-12-30,14.165,766
2017-12-31,14.238,766
2018-01-01,14.275,766
2018-01-02,14.307,766
2018-01-03,14.331,766
2018-01-04,14.314,766
2018-01-05,14.326,766
2018-01-06,14.432,766
2018-01-07,14.626,766
2018-01-08,14.619,766
2018-01-09,14.07,766
2018-01-10,13.952,766
2018-01-11,14.003,766
2018-01-12,14.165,766
2018-01-13,14.364,766
2018-01-14,14.353,766
2018-01-15,14.585,766
2018-01-16,14.745,766
2018-01-17,14.647,766
2018-01-18,14.552,766
2018-01-19,14.459,766
2018-01-20,14.375,766
2018-01-21,14.186,766
2018-01-22,14.112,766
2018-01-23,14.063,766
2018-01-24,13.964,766
2018-01-25,13.939,766
2018-01-26,13.904,766
2018-01-27,13.799,766
2018-01-28,13.822,766
2018-01-29,13.896,766
2018-01-30,13.965,766
2018-01-31,13.875,766
2018-02-01,13.838,766
2018-02-02,14.141,766
2018-02-03,14.316,766
2018-02-04,14.289,766
2018-02-05,14.362,766
2018-02-06,14.308,766
2018-02-07,14.274,766
2018-02-08,14.405,766
2018-02-09,14.416,766
2018-02-10,14.294,766
2018-02-11,14.231,766
2018-02-12,14.197,766
2018-02-13,14.1,766
2018-02-14,14.03,766
2018-02-15,13.979,766
2018-02-16,13.971,766
2018-02-17,14.013,766
2018-02-18,13.972,766
2018-02-19,13.565,766
2018-02-20,13.464,766
2018-02-21,13.42,766
2018-02-22,13.26,766
2018-02-23,13.026,766
2018-02-24,12.936,766
2018-02-25,12.823,766
2018-02-26,12.746,766
2018-02-27,12.659,766
2018-02-28,12.723,766
2018-03-01,12.798,766
2018-03-02,12.884,766
2018-03-03,12.939,766
2018-03-04,12.955,766
2018-03-05,12.979,766
2018-03-06,13.017,766
2018-03-07,13.371,766
2018-03-08,13.429,766
2018-03-09,13.447,766
2018-03-10,13.576,766
2018-03-11,13.651,766
2018-03-12,13.844,766
2018-03-13,13.874,766
2018-03-14,13.845,766
2018-03-15,13.78,766
2018-03-16,13.75,766
2018-03-17,13.736,766
2018-03-18,13.695,766
2018-03-19,13.692,766
2018-03-20,13.694,766
2018-03-21,13.618,766
2018-03-22,13.422,766
2018-03-23,13.497,766
2018-03-24,13.571,766
2018-03-25,13.453,766
2018-03-26,13.348,766
2018-03-27,13.318,766
2018-03-28,13.383,766
2018-03-29,13.376,766
2018-03-30,13.449,766
2018-03-31,13.869,766
2018-04-01,13.69,766
2018-04-02,13.616,766
2018-04-03,13.573,766
2018-04-04,13.609,766
2018-04-05,13.604,766
2018-04-06,13.68,766
2018-04-07,13.679,766
2018-04-08,13.539,766
2018-04-09,13.522,766
2018-04-10,13.571,766
2018-04-11,13.524,766
2018-04-12,13.324,766
2018-04-13,13.081,766
2018-04-14,12.995,766
2018-04-15,13.101,766
2018-04-16,13.409,766
2018-04-17,13.17,766
2018-04-18,13.052,766
2018-04-19,13.036,766
2018-04-20,12.954,766
2018-04-21,13.014,766
2018-04-22,13.163,766
2018-04-23,13.324,766
2018-04-24,13.216,766
2018-04-25,13.762,766
2018-04-26,13.862,766
2018-04-27,13.768,766
2018-04-28,13.527,766
2018-04-29,13.298,766
2018-04-30,13.165,766
2018-05-01,12.956,766
2018-05-02,13.067,766
2018-05-03,13.114,766
2018-05-04,13.134,766
2018-05-05,13.268,766
2018-05-06,13.202,766
2018-05-07,13.27,766
2018-05-08,13.08,766
2018-05-09,12.783,766
2018-05-10,12.727,766
2018-05-11,12.435,766
2018-05-12,12.587,766
2018-05-13,13.494,766
2018-05-14,13.863,766
2018-05-15,14.24,766
2018-05-16,14.285,766
2018-05-17,14.131,766
2018-05-18,14.001,766
2018-05-19,13.315,766
2018-05-20,13.015,766
2018-05-21,12.75,766
2018-05-22,13.36,766
2018-05-23,13.766,766
2018-05-24,14.301,766
2018-05-25,14.231,766
2018-05-26,14.022,766
2018-05-27,13.764,766
2018-05-28,13.059,766
2018-05-29,12.473,766
2018-05-30,12.784,766
2018-05-31,12.769,766
2018-06-01,12.826,766
2018-06-02,13.019,766
2018-06-03,13.286,766
2018-06-04,13.31,766
2018-06-05,13.181,766
2018-06-06,13.036,766
2018-06-07,12.977,766
2018-06-08,12.853,766
2018-06-09,12.559,766
2018-06-10,12.285,766
2018-06-11,12.128,766
2018-06-12,12.207,766
2018-06-13,12.037,766
2018-06-14,11.779,766
2018-06-15,11.404,766
2018-06-16,12.375,766
2018-06-17,13.675,766
2018-06-18,13.845,766
2018-06-19,13.796,766
2018-06-20,13.279,766
2018-06-21,12.831,766
2018-06-22,12.73,766
2018-06-23,12.803,766
2018-06-24,13.309,766
2018-06-25,13.504,766
2018-06-26,13.565,766
2018-06-27,13.79,766
2018-06-28,14.196,766
2018-06-29,14.086,766
2018-06-30,14.102,766
2018-07-01,14.381,766
2018-07-02,14.969,766
2018-07-03,15.507,766
2018-07-04,16.045,766
2018-07-05,15.733,766
2018-07-06,15.377,766
2018-07-07,15.008,766
2018-07-08,14.927,766
2018-07-09,14.955,766
2018-07-10,15.173,766
2018-07-11,15.193,766
2018-07-12,15.171,766
2018-07-13,15.1,766
2018-07-14,14.447,766
2018-07-15,14.482,766
2018-07-16,14.643,766
2018-07-17,15.002,766
2018-07-18,15.273,766
2018-07-19,15.512,766
2018-07-20,16.162,766
2018-07-21,16.787,766
2018-07-22,16.739,766
2018-07-23,16.595,766
2018-07-24,16.267,766
2018-07-25,15.414,766
2018-07-26,15.295,766
2018-07-27,15.164,766
2018-07-28,15.185,766
2018-07-29,15.148,766
2018-07-30,14.26,766
2018-07-31,14.489,766
2018-08-01,14.454,766
2018-08-02,14.255,766
2018-08-03,14.512,766
2018-08-04,14.516,766
2018-08-05,14.591,766
2018-08-06,14.694,766
2018-08-07,14.599,766
2018-08-08,14.548,766
2018-08-09,14.436,766
2018-08-10,15.047,766
2018-08-11,16.135,766
2018-08-12,16.417,766
2018-08-13,16.479,766
2018-08-14,16.725,766
2018-08-15,16.772,766
2018-08-16,16.896,766
2018-08-17,17.071,766
2018-08-18,17.196,766
2018-08-19,17.664,766
2018-08-20,17.694,766
2018-08-21,17.771,766
2018-08-22,17.872,766
2018-08-23,17.84,766
2018-08-24,17.776,766
2018-08-25,17.713,766
2018-08-26,17.609,766
2018-08-27,17.452,766
2018-08-28,17.675,766
2018-08-29,17.685,766
2018-08-30,17.56,766
2018-08-31,17.26,766
2018-09-01,16.941,766
2018-09-02,16.789,766
2018-09-03,16.526,766
2018-09-04,16.355,766
2018-09-05,16.482,766
2018-09-06,16.22,766
2018-09-07,16.592,766
2018-09-08,16.559,766
2018-09-09,16.453,766
2018-09-10,16.299,766
2018-09-11,16.209,766
2018-09-12,16.159,766
2018-09-13,16.033,766
2018-09-14,15.957,766
2018-09-15,15.879,766
2018-09-16,15.726,766
2018-09-17,15.424,766
2018-09-18,15.261,766
2018-09-19,15.11,766
2018-09-20,15.254,766
2018-09-21,15.438,766
2018-09-22,15.816,766
2018-09-23,15.567,766
2018-09-24,15.442,766
2018-09-25,15.587,766
2018-09-26,15.91,766
2018-09-27,16.152,766
2018-09-28,16.653,766
2018-09-29,16.589,766
2018-09-30,16.614,766
2018-10-01,16.853,766
2018-10-02,17.147,766
2018-10-03,17.328,766
2018-10-04,17.556,766
2018-10-05,17.485,766
2018-10-06,16.952,766
2018-10-07,16.733,766
2018-10-08,16.748,766
2018-10-09,16.852,766
2018-10-10,17.304,766
2018-10-11,17.538,766
2018-10-12,17.51,766
2018-10-13,17.548,766
2018-10-14,17.652,766
2018-10-15,17.764,766
2018-10-16,17.795,766
2018-10-17,17.734,766
2018-10-18,17.606,766
2018-10-19,17.654,766
2018-10-20,17.64,766
2018-10-21,17.583,766
2018-10-22,16.966,766
2018-10-23,16.726,766
2018-10-24,16.698,766
2018-10-25,16.716,766
2018-10-26,16.677,766
2018-10-27,16.589,766
2018-10-28,16.56,766
2018-10-29,16.226,766
2018-10-30,15.843,766
2018-10-31,15.788,766
2018-11-01,15.769,766
2018-11-02,15.895,766
2018-11-03,15.874,766
2018-11-04,15.981,766
2018-11-05,16.106,766
2018-11-06,16.248,766
2018-11-07,16.395,766
2018-11-08,16.484,766
2018-11-09,16.666,766
2018-11-10,16.887,766
2018-11-11,16.911,766
2018-11-12,16.932,766
2018-11-13,17.336,766
2018-11-14,17.322,766
2018-11-15,17.265,766
2018-11-16,17.059,766
2018-11-17,17.039,766
2018-11-18,16.917,766
2018-11-19,16.95,766
2018-11-20,16.908,766
2018-11-21,17.06,766
2018-11-22,17.122,766
2018-11-23,17.052,766
2018-11-24,16.908,766
2018-11-25,16.849,766
2018-11-26,16.856,766
2018-11-27,16.782,766
2018-11-28,16.363,766
2018-11-29,16.222,766
2018-11-30,16.031,766
2018-12-01,15.905,766
2018-12-02,15.77,766
2018-12-03,15.533,766
2018-12-04,15.495,766
2018-12-05,15.422,766
2018-12-06,15.565,766
2018-12-07,15.555,766
2018-12-08,15.541,766
2018-12-09,15.559,766
2018-12-10,15.424,766
2018-12-11,15.342,766
2018-12-12,15.332,766
2018-12-13,15.328,766
2018-12-14,15.399,766
2018-12-15,15.458,766
2018-12-16,15.487,766
2018-12-17,15.503,766
2018-12-18,15.528,766
2018-12-19,15.502,766
2018-12-20,15.518,766
2018-12-21,15.448,766
2018-12-22,15.455,766
2018-12-23,15.427,766
2018-12-24,15.348,766
2018-12-25,15.15,766
2018-12-26,14.756,766
2018-12-27,14.384,766
2018-12-28,14.285,766
2018-12-29,14.244,766
2018-12-30,14.165,766
2018-12-31,13.988,766
2019-01-01,13.619,766
2019-01-02,13.638,766
2019-01-03,13.681,766
2019-01-04,13.722,766
2019-01-05,13.825,766
2019-01-06,13.749,766
2019-01-07,13.879,766
2019-01-08,14.122,766
2019-01-09,14.088,766
2019-01-10,14.082,766
2019-01-11,14.014,766
2019-01-12,14.078,766
2019-01-13,14.112,766
2019-01-14,14.103,766
2019-01-15,14.075,766
2019-01-16,13.997,766
2019-01-17,14.054,766
2019-01-18,14.307,766
2019-01-19,14.35,766
2019-01-20,14.411,766
2019-01-21,14.317,766
2019-01-22,14.178,766
2019-01-23,14.159,766
2019-01-24,14.169,766
2019-01-25,14.213,766
2019-01-26,14.031,766
2019-01-27,13.891,766
2019-01-28,13.923,766
2019-01-29,14.233,766
2019-01-30,14.321,766
2019-01-31,14.403,766
2019-02-01,14.409,766
2019-02-02,14.292,766
2019-02-03,14.262,766
2019-02-04,14.198,766
2019-02-05,14.132,766
2019-02-06,14.012,766
2019-02-07,13.944,766
2019-02-08,13.922,766
2019-02-09,13.89,766
2019-02-10,13.81,766
2019-02-11,13.754,766
2019-02-12,13.732,766
2019-02-13,13.744,766
2019-02-14,13.882,766
2019-02-15,13.766,766
2019-02-16,13.738,766
2019-02-17,13.627,766
2019-02-18,13.46,766
2019-02-19,13.423,766
2019-02-20,13.392,766
2019-02-21,13.218,766
2019-02-22,13.094,766
2019-02-23,13.035,766
2019-02-24,13.011,766
2019-02-25,13.11,766
2019-02-26,13.242,766
2019-02-27,13.332,766
2019-02-28,13.456,766
2019-03-01,13.557,766
2019-03-02,13.545,766
2019-03-03,13.548,766
2019-03-04,13.522,766
2019-03-05,13.464,766
2019-03-06,13.498,766
2019-03-07,13.479,766
2019-03-08,13.511,766
2019-03-09,13.543,766
2019-03-10,13.471,766
2019-03-11,13.393,766
2019-03-12,13.366,766
2019-03-13,13.257,766
2019-03-14,13.101,766
2019-03-15,13.077,766
2019-03-16,13.092,766
2019-03-17,13.265,766
2019-03-18,13.564,766
2019-03-19,13.714,766
2019-03-20,13.63,766
2019-03-21,13.696,766
2019-03-22,13.71,766
2019-03-23,13.795,766
2019-03-24,13.823,766
2019-03-25,13.861,766
2019-03-26,13.927,766
2019-03-27,14.626,766
2019-03-28,14.55,766
2019-03-29,14.332,766
2019-03-30,14.117,766
2019-03-31,13.902,766
2019-04-01,14.071,766
2019-04-02,14.29,766
2019-04-03,14.295,766
2019-04-04,14.285,766
2019-04-05,14.939,766
2019-04-06,15.189,766
2019-04-07,15.113,766
2019-04-08,14.123,766
2019-04-09,13.694,766
2019-04-10,13.505,766
2019-04-11,13.356,766
2019-04-12,13.198,766
2019-04-13,12.948,766
2019-04-14,13.051,766
2019-04-15,13.191,766
2019-04-16,13.242,766
2019-04-17,13.352,766
2019-04-18,13.327,766
2019-04-19,13.496,766
2019-04-20,13.445,766
2019-04-21,13.273,766
2019-04-22,13.176,766
2019-04-23,13.261,766
2019-04-24,13.396,766
2019-04-25,13.68,766
2019-04-26,13.499,766
2019-04-27,13.529,766
2019-04-28,13.636,766
2019-04-29,13.838,766
2019-04-30,14.317,766
2019-05-01,14.405,766
2019-05-02,14.326,766
2019-05-03,14.293,766
2019-05-04,14.311,766
2019-05-05,14.332,766
2019-05-06,14.434,766
2019-05-07,14.586,766
2019-05-08,14.681,766
2019-05-09,14.907,766
2019-05-10,15.314,766
2019-05-11,15.306,766
2019-05-12,15.109,766
2019-05-13,14.729,766
2019-05-14,14.621,766
2019-05-15,14.633,766
2019-05-16,14.72,766
2019-05-17,14.443,766
2019-05-18,14.395,766
2019-05-19,14.366,766
2019-05-20,14.433,766
2019-05-21,14.283,766
2019-05-22,14.186,766
2019-05-23,14.155,766
2019-05-24,14.411,766
2019-05-25,14.536,766
2019-05-26,14.247,766
2019-05-27,14.102,766
2019-05-28,14.043,766
2019-05-29,13.806,766
2019-05-30,13.582,766
2019-05-31,13.589,766
2019-06-01,14.122,766
2019-06-02,14.457,766
2019-06-03,14.237,766
2019-06-04,13.706,766
2019-06-05,13.659,766
2019-06-06,13.882,766
2019-06-07,13.791,766
2019-06-08,13.728,766
2019-06-09,13.642,766
2019-06-10,14.667,766
2019-06-11,15.293,766
2019-06-12,15.314,766
2019-06-13,15.155,766
2019-06-14,14.885,766
2019-06-15,14.735,766
2019-06-16,14.665,766
2019-06-17,14.619,766
2019-06-18,14.435,766
2019-06-19,13.703,766
2019-06-20,13.433,766
2019-06-21,13.752,766
2019-06-22,14.195,766
2019-06-23,14.316,766
2019-06-24,14.47,766
2019-06-25,15.353,766
2019-06-26,15.416,766
2019-06-27,15.164,766
2019-06-28,15.012,766
2019-06-29,14.896,766
2019-06-30,14.71,766
2019-07-01,14.468,766
2019-07-02,14.339,766
2019-07-03,14.283,766
2019-07-04,14.19,766
2019-07-05,14.152,766
2019-07-06,14.036,766
2019-07-07,14.007,766
2019-07-08,14.001,766
2019-07-09,14.16,766
2019-07-10,13.929,766
2019-07-11,13.295,766
2019-07-12,13.202,766
2019-07-13,13.385,766
2019-07-14,14.094,766
2019-07-15,14.196,766
2019-07-16,14.06,766
2019-07-17,13.891,766
2019-07-18,13.752,766
2019-07-19,14.011,766
2019-07-20,14.275,766
2019-07-21,14.417,766
2019-07-22,14.57,766
2019-07-23,15.054,766
2019-07-24,15.249,766
2019-07-25,15.261,766
2019-07-26,14.933,766
2019-07-27,14.336,766
2019-07-28,14.06,766
2019-07-29,14.348,766
2019-07-30,14.774,766
2019-07-31,14.732,766
2019-08-01,14.507,766
2019-08-02,13.427,766
2019-08-03,13.89,766
2019-08-04,14.041,766
2019-08-05,14.498,766
2019-08-06,14.417,766
2019-08-07,14.873,766
2019-08-08,14.882,766
2019-08-09,14.884,766
2019-08-10,15.125,766
2019-08-11,15.217,766
2019-08-12,15.098,766
2019-08-13,15.223,766
2019-08-14,15.333,766
2019-08-15,15.611,766
2019-08-16,15.59,766
2019-08-17,15.709,766
2019-08-18,15.575,766
2019-08-19,16.01,766
2019-08-20,16.021,766
2019-08-21,15.949,766
2019-08-22,15.739,766
2019-08-23,15.72,766
2019-08-24,15.883,766
2019-08-25,15.989,766
2019-08-26,15.961,766
2019-08-27,15.94,766
2019-08-28,16.729,766
2019-08-29,16.827,766
2019-08-30,16.701,766
2019-08-31,16.507,766
2019-09-01,16.393,766
2019-09-02,16.446,766
2019-09-03,16.403,766
2019-09-04,16.305,766
2019-09-05,16.185,766
2019-09-06,16.095,766
2019-09-07,16.066,766
2019-09-08,15.839,766
2019-09-09,15.594,766
2019-09-10,15.423,766
2019-09-11,15.615,766
2019-09-12,15.897,766
2019-09-13,16.432,766
2019-09-14,16.862,766
2019-09-15,16.711,766
2019-09-16,16.667,766
2019-09-17,16.602,766
2019-09-18,16.53,766
2019-09-19,16.325,766
2019-09-20,16.226,766
2019-09-21,16.175,766
2019-09-22,16.298,766
2019-09-23,15.974,766
2019-09-24,15.836,766
2019-09-25,15.977,766
2019-09-26,16.899,766
2019-09-27,16.924,766
2019-09-28,16.239,766
2019-09-29,16.078,766
2019-09-30,15.803,766
2019-10-01,15.457,766
2019-10-02,15.259,766
2019-10-03,15.109,766
2019-10-04,15.018,766
2019-10-05,14.903,766
2019-10-06,15.03,766
2019-10-07,15.258,766
2019-10-08,15.576,766
2019-10-09,15.166,766
2019-10-10,15.234,766
2019-10-11,15.527,766
2019-10-12,15.908,766
2019-10-13,15.858,766
2019-10-14,15.664,766
2019-10-15,15.515,766
2019-10-16,15.416,766
2019-10-17,14.701,766
2019-10-18,14.614,766
2019-10-19,14.489,766
2019-10-20,14.23,766
2019-10-21,14.16,766
2019-10-22,14.406,766
2019-10-23,14.928,766
2019-10-24,15.081,766
2019-10-25,15.75,766
2019-10-26,15.802,766
2019-10-27,15.682,766
2019-10-28,15.721,766
2019-10-29,15.729,766
2019-10-30,15.707,766
2019-10-31,15.755,766
2019-11-01,15.753,766
2019-11-02,15.881,766
2019-11-03,15.943,766
2019-11-04,15.95,766
2019-11-05,15.895,766
2019-11-06,15.793,766
2019-11-07,15.878,766
2019-11-08,15.498,766
2019-11-09,15.436,766
2019-11-10,15.429,766
2019-11-11,15.307,766
2019-11-12,15.381,766
2019-11-13,15.391,766
2019-11-14,15.678,766
2019-11-15,15.489,766
2019-11-16,15.48,766
2019-11-17,15.547,766
2019-11-18,15.68,766
2019-11-19,15.632,766
2019-11-20,15.307,766
2019-11-21,15.218,766
2019-11-22,15.343,766
2019-11-23,15.411,766
2019-11-24,15.399,766
2019-11-25,15.36,766
2019-11-26,15.255,766
2019-11-27,14.723,766
2019-11-28,14.513,766
2019-11-29,14.47,766
2019-11-30,14.434,766
2019-12-01,14.339,766
2019-12-02,14.115,766
2019-12-03,14.261,766
2019-12-04,14.491,766
2019-12-05,14.644,766
2019-12-06,14.706,766
2019-12-07,14.773,766
2019-12-08,14.995,766
2019-12-09,14.935,766
2019-12-10,14.903,766
2019-12-11,14.953,766
2019-12-12,14.937,766
2019-12-13,14.984,766
2019-12-14,14.971,766
2019-12-15,14.798,766
2019-12-16,14.56,766
2019-12-17,14.369,766
2019-12-18,14.417,766
2019-12-19,14.367,766
2019-12-20,14.385,766
2019-12-21,14.377,766
2019-12-22,14.322,766
2019-12-23,14.252,766
2019-12-24,14.198,766
2019-12-25,14.103,766
2019-12-26,14.027,766
2019-12-27,13.991,766
2019-12-28,13.972,766
2019-12-29,13.942,766
2019-12-30,13.966,766
2019-12-31,14.133,766
2020-01-01,14.023,766
2020-01-02,13.791,766
2020-01-03,13.707,766
2020-01-04,13.722,766
2020-01-05,13.689,766
2020-01-06,13.706,766
2020-01-07,13.703,766
2020-01-08,13.666,766
2020-01-09,13.617,766
2020-01-10,13.619,766
2020-01-11,13.52,766
2020-01-12,13.394,766
2020-01-13,13.317,766
2020-01-14,13.278,766
2020-01-15,13.26,766
2020-01-16,13.151,766
2020-01-17,13.091,766
2020-01-18,13.164,766
2020-01-19,13.233,766
2020-01-20,13.445,766
2020-01-21,13.443,766
2020-01-22,13.481,766
2020-01-23,13.496,766
2020-01-24,13.507,766
2020-01-25,13.374,766
2020-01-26,13.347,766
2020-01-27,13.576,766
2020-01-28,13.606,766
2020-01-29,13.534,766
2020-01-30,13.435,766
2020-01-31,13.628,766
2020-02-01,13.71,766
2020-02-02,13.487,766
2020-02-03,13.101,766
2020-02-04,13.03,766
2020-02-05,12.905,766
2020-02-06,13.111,766
2020-02-07,13.059,766
2020-02-08,13.045,766
2020-02-09,13.028,766
2020-02-10,13.163,766
2020-02-11,13.304,766
2020-02-12,13.371,766
2020-02-13,13.427,766
2020-02-14,13.449,766
2020-02-15,13.571,766
2020-02-16,13.562,766
2020-02-17,13.528,766
2020-02-18,13.511,766
2020-02-19,13.682,766
2020-02-20,13.696,766
2020-02-21,13.728,766
2020-02-22,13.698,766
2020-02-23,13.678,766
2020-02-24,13.669,766
2020-02-25,13.692,766
2020-02-26,13.763,766
2020-02-27,13.972,766
2020-02-28,14.066,766
2020-02-29,13.813,766
2020-03-01,13.695,766
2020-03-02,13.681,766
2020-03-03,13.692,766
2020-03-04,13.683,766
2020-03-05,13.778,766
2020-03-06,13.972,766
2020-03-07,13.93,766
2020-03-08,13.89,766
2020-03-09,13.897,766
2020-03-10,13.993,766
2020-03-11,14.241,766
2020-03-12,14.245,766
2020-03-13,14.276,766
2020-03-14,14.224,766
2020-03-15,14.241,766
2020-03-16,14.244,766
2020-03-17,14.283,766
2020-03-18,14.255,766
2020-03-19,14.086,766
2020-03-20,14.024,766
2020-03-21,14.1,766
2020-03-22,14.518,766
2020-03-23,14.507,766
2020-03-24,14.594,766
2020-03-25,14.583,766
2020-03-26,14.409,766
2020-03-27,14.242,766
2020-03-28,14.158,766
2020-03-29,14.224,766
2020-03-30,14.187,766
2020-03-31,14.065,766
2020-04-01,13.78,766
2020-04-02,13.487,766
2020-04-03,13.366,766
2020-04-04,13.294,766
2020-04-05,13.135,766
2020-04-06,13.529,766
2020-04-07,13.615,766
2020-04-08,13.598,766
2020-04-09,13.66,766
2020-04-10,13.698,766
2020-04-11,13.65,766
2020-04-12,13.546,766
2020-04-13,13.624,766
2020-04-14,13.911,766
2020-04-15,13.937,766
2020-04-16,13.973,766
2020-04-17,14.063,766
2020-04-18,14.065,766
2020-04-19,14.188,766
2020-04-20,14.082,766
2020-04-21,13.749,766
2020-04-22,13.621,766
2020-04-23,13.544,766
2020-04-24,13.379,766
2020-04-25,13.466,766
2020-04-26,13.332,766
2020-04-27,13.188,766
2020-04-28,13.111,766
2020-04-29,13.084,766
2020-04-30,12.924,766
2020-05-01,12.731,766
2020-05-02,12.87,766
2020-05-03,13.048,766
2020-05-04,12.988,766
2020-05-05,12.912,766
2020-05-06,12.858,766
2020-05-07,12.938,766
2020-05-08,13.055,766
2020-05-09,13.141,766
2020-05-10,14.362,766
2020-05-11,14.789,766
2020-05-12,14.703,766
2020-05-13,14.64,766
2020-05-14,14.577,766
2020-05-15,14.45,766
2020-05-16,14.214,766
2020-05-17,14.123,766
2020-05-18,14.845,766
2020-05-19,14.811,766
2020-05-20,14.471,766
2020-05-21,13.49,766
2020-05-22,13.198,766
2020-05-23,13.117,766
2020-05-24,13.173,766
2020-05-25,13.558,766
2020-05-26,14.114,766
2020-05-27,14.199,766
2020-05-28,15.145,766
2020-05-29,15.179,766
2020-05-30,15.1,766
2020-05-31,14.94,766
2020-06-01,14.776,766
2020-06-02,14.931,766
2020-06-03,15.014,766
2020-06-04,14.995,766
2020-06-05,14.954,766
2020-06-06,14.319,766
2020-06-07,14.091,766
2020-06-08,13.616,766
2020-06-09,13.179,766
2020-06-10,13.248,766
2020-06-11,13.423,766
2020-06-12,13.706,766
2020-06-13,13.799,766
2020-06-14,13.704,766
2020-06-15,13.331,766
2020-06-16,13.082,766
2020-06-17,13.083,766
2020-06-18,13.146,766
2020-06-19,13.859,766
2020-06-20,13.768,766
2020-06-21,13.277,766
2020-06-22,12.61,766
2020-06-23,11.702,766
2020-06-24,11.698,766
2020-06-25,12.56,766
2020-06-26,13.306,766
2020-06-27,12.463,766
2020-06-28,11.972,766
2020-06-29,12.082,766
2020-06-30,13.627,766
2020-07-01,14.433,766
2020-07-02,14.533,766
2020-07-03,15.477,766
2020-07-04,15.588,766
2020-07-05,15.313,766
2020-07-06,14.992,766
2020-07-07,14.693,766
2020-07-08,14.116,766
2020-07-09,13.825,766
2020-07-10,13.877,766
2020-07-11,14.388,766
2020-07-12,14.527,766
2020-07-13,14.516,766
2020-07-14,14.559,766
2020-07-15,14.731,766
2020-07-16,15.059,766
2020-07-17,16.007,766
2020-07-18,16.105,766
2020-07-19,16.08,766
2020-07-20,15.415,766
2020-07-21,15.494,766
2020-07-22,14.929,766
2020-07-23,14.761,766
2020-07-24,14.312,766
2020-07-25,14.452,766
2020-07-26,15.077,766
2020-07-27,15.351,766
2020-07-28,15.276,766
2020-07-29,15.289,766
2020-07-30,15.346,766
2020-07-31,15.011,766
2020-08-01,14.611,766
2020-08-02,14.48,766
2020-08-03,14.493,766
2020-08-04,14.434,766
2020-08-05,14.247,766
2020-08-06,14.272,766
2020-08-07,14.596,766
2020-08-08,15.466,766
2020-08-09,15.529,766
2020-08-10,15.522,766
2020-08-11,15.855,766
2020-08-12,15.977,766
2020-08-13,15.977,766
2020-08-14,16.796,766
2020-08-15,16.943,766
2020-08-16,17.054,766
2020-08-17,16.94,766
2020-08-18,16.768,766
2020-08-19,16.46,766
2020-08-20,16.07,766
2020-08-21,15.735,766
2020-08-22,15.402,766
2020-08-23,16.452,766
2020-08-24,16.239,766
2020-08-25,16.221,766
2020-08-26,16.127,766
2020-08-27,16.107,766
2020-08-28,16.02,766
2020-08-29,16.264,766
2020-08-30,16.502,766
2020-08-31,16.524,766
2020-09-01,16.768,766
2020-09-02,16.718,766
2020-09-03,16.43,766
2020-09-04,16.127,766
2020-09-05,16.17,766
2020-09-06,16.327,766
2020-09-07,16.555,766
2020-09-08,16.776,766
2020-09-09,16.801,766
2020-09-10,16.851,766
2020-09-11,16.889,766
2020-09-12,16.769,766
2020-09-13,16.752,766
2020-09-14,16.674,766
2020-09-15,16.586,766
2020-09-16,16.499,766
2020-09-17,16.626,766
2020-09-18,16.784,766
2020-09-19,16.755,766
2020-09-20,16.695,766
2020-09-21,16.384,766
2020-09-22,16.825,766
2020-09-23,16.799,766
2020-09-24,16.507,766
2020-09-25,16.155,766
2020-09-26,15.932,766
2020-09-27,15.86,766
2020-09-28,15.902,766
2020-09-29,16.625,766
2020-09-30,16.621,766
2020-10-01,16.604,766
2020-10-02,16.737,766
2020-10-03,16.817,766
2020-10-04,16.67,766
2020-10-05,16.768,766
2020-10-06,16.755,766
2020-10-07,16.79,766
2020-10-08,17.213,766
2020-10-09,17.324,766
2020-10-10,17.218,766
2020-10-11,17.025,766
2020-10-12,17,766
2020-10-13,17.055,766
2020-10-14,17.049,766
2020-10-15,17.067,766
2020-10-16,17.775,766
2020-10-17,17.848,766
2020-10-18,17.848,766
2020-10-19,17.858,766
2020-10-20,17.655,766
2020-10-21,17.458,766
2020-10-22,17.276,766
2020-10-23,17.358,766
2020-10-24,17.56,766
2020-10-25,17.278,766
2020-10-26,17.261,766
2020-10-27,17.408,766
2020-10-28,17.61,766
2020-10-29,17.488,766
2020-10-30,17.386,766
2020-10-31,17.349,766
2020-11-01,17.309,766
2020-11-02,17.252,766
2020-11-03,16.959,766
2020-11-04,16.854,766
2020-11-05,16.787,766
2020-11-06,16.439,766
2020-11-07,15.556,766
2020-11-08,14.577,766
2020-11-09,14.354,766
2020-11-10,14.311,766
2020-11-11,14.37,766
2020-11-12,14.428,766
2020-11-13,14.41,766
2020-11-14,14.255,766
2020-11-15,14.165,766
2020-11-16,14.271,766
2020-11-17,14.268,766
2020-11-18,14.563,766
2020-11-19,14.578,766
2020-11-20,14.369,766
2020-11-21,14.179,766
2020-11-22,14.198,766
2020-11-23,13.962,766
2020-11-24,13.69,766
2020-11-25,13.602,766
2020-11-26,13.474,766
2020-11-27,13.439,766
2020-11-28,13.548,766
2020-11-29,13.615,766
2020-11-30,13.535,766
2020-12-01,13.517,766
2020-12-02,13.484,766
2020-12-03,13.514,766
2020-12-04,13.643,766
2020-12-05,13.711,766
2020-12-06,13.609,766
2020-12-07,13.577,766
2020-12-08,13.623,766
2020-12-09,13.854,766
2020-12-10,13.769,766
2020-12-11,13.73,766
2020-12-12,13.6,766
2020-12-13,13.472,766
2020-12-14,13.393,766
2020-12-15,13.472,766
2020-12-16,13.489,766
2020-12-17,13.415,766
2020-12-18,13.308,766
2020-12-19,13.245,766
2020-12-20,13.319,766
2020-12-21,13.391,766
2020-12-22,13.42,766
2020-12-23,13.311,766
2020-12-24,13.311,766
2020-12-25,13.52,766
2020-12-26,13.483,766
2020-12-27,13.458,766
2020-12-28,13.359,766
2020-12-29,13.313,766
2020-12-30,13.259,766
2020-12-31,13.155,766
2021-01-01,13.063,766
2021-01-02,13.031,766
2021-01-03,12.98,766
2021-01-04,13.124,766
2021-01-05,13.13,766
2021-01-06,13.155,766
2021-01-07,13.059,766
2021-01-08,12.976,766
2021-01-09,13.039,766
2021-01-10,12.915,766
2021-01-11,12.813,766
2021-01-12,12.813,766
2021-01-13,13.015,766
2021-01-14,13.009,766
2021-01-15,13.022,766
2021-01-16,13.063,766
2021-01-17,13.109,766
2021-01-18,13.157,766
2021-01-19,13.163,766
2021-01-20,13.189,766
2021-01-21,13.194,766
2021-01-22,13.188,766
2021-01-23,13.127,766
2021-01-24,13.084,766
2021-01-25,13.018,766
2021-01-26,12.773,766
2021-01-27,12.663,766
2021-01-28,12.628,766
2021-01-29,12.669,766
2021-01-30,12.721,766
2021-01-31,12.883,766
2021-02-01,12.886,766
2021-02-02,12.865,766
2021-02-03,12.754,766
2021-02-04,12.744,766
2021-02-05,12.709,766
2021-02-06,12.704,766
2021-02-07,12.699,766
2021-02-08,12.649,766
2021-02-09,12.755,766
2021-02-10,12.765,766
2021-02-11,12.734,766
2021-02-12,12.697,766
2021-02-13,12.557,766
2021-02-14,12.495,766
2021-02-15,12.48,766
2021-02-16,12.155,766
2021-02-17,12.133,766
2021-02-18,12.124,766
2021-02-19,12.124,766
2021-02-20,12.007,766
2021-02-21,11.994,766
2021-02-22,12.013,766
2021-02-23,12.244,766
2021-02-24,12.311,766
2021-02-25,12.291,766
2021-02-26,12.209,766
2021-02-27,12.001,766
2021-02-28,11.896,766
2021-03-01,12.016,766
2021-03-02,12.224,766
2021-03-03,12.504,766
2021-03-04,12.568,766
2021-03-05,12.568,766
2021-03-06,12.261,766
2021-03-07,12.434,766
2021-03-08,12.41,766
2021-03-09,12.392,766
2021-03-10,12.404,766
2021-03-11,12.428,766
2021-03-12,12.429,766
2021-03-13,12.387,766
2021-03-14,12.254,766
2021-03-15,12.159,766
2021-03-16,12.149,766
2021-03-17,12.348,766
2021-03-18,12.291,766
2021-03-19,12.309,766
2021-03-20,12.225,766
2021-03-21,12.196,766
2021-03-22,12.088,766
2021-03-23,11.893,766
2021-03-24,11.917,766
2021-03-25,11.928,766
2021-03-26,12.254,766
2021-03-27,12.341,766
2021-03-28,12.333,766
2021-03-29,12.23,766
2021-03-30,12.396,766
2021-03-31,12.711,766
2021-04-01,12.814,766
2021-04-02,12.882,766
2021-04-03,12.733,766
2021-04-04,12.572,766
2021-04-05,12.486,766
2021-04-06,12.23,766
2021-04-07,12.219,766
2021-04-08,12.138,766
2021-04-09,11.955,766
2021-04-10,11.706,766
2021-04-11,11.576,766
2021-04-12,11.544,766
2021-04-13,11.468,766
2021-04-14,11.923,766
2021-04-15,12.079,766
2021-04-16,11.986,766
2021-04-17,11.98,766
2021-04-18,11.626,766
2021-04-19,11.503,766
2021-04-20,11.471,766
2021-04-21,11.53,766
2021-04-22,11.622,766
2021-04-23,11.837,766
2021-04-24,11.995,766
2021-04-25,12.092,766
2021-04-26,12.051,766
2021-04-27,12.004,766
2021-04-28,11.988,766
2021-04-29,11.981,766
2021-04-30,12.007,766
2021-05-01,11.66,766
2021-05-02,11.62,766
2021-05-03,11.627,766
2021-05-04,11.885,766
2021-05-05,12.248,766
2021-05-06,12.174,766
2021-05-07,12.054,766
2021-05-08,12.177,766
2021-05-09,12.286,766
2021-05-10,12.403,766
2021-05-11,12.486,766
2021-05-12,12.757,766
2021-05-13,12.792,766
2021-05-14,12.724,766
2021-05-15,12.698,766
2021-05-16,12.881,766
2021-05-17,12.731,766
2021-05-18,12.675,766
2021-05-19,12.609,766
2021-05-20,12.393,766
2021-05-21,12.271,766
2021-05-22,12.041,766
2021-05-23,12.163,766
2021-05-24,12.115,766
2021-05-25,11.995,766
2021-05-26,11.973,766
2021-05-27,11.77,766
2021-05-28,11.681,766
2021-05-29,11.637,766
2021-05-30,12.311,766
2021-05-31,12.59,766
2021-06-01,12.622,766
2021-06-02,12.427,766
2021-06-03,12.07,766
2021-06-04,12.158,766
2021-06-05,12.868,766
2021-06-06,13.03,766
2021-06-07,13.277,766
2021-06-08,13.386,766
2021-06-09,13.386,766
2021-06-10,13.37,766
2021-06-11,13.214,766
2021-06-12,13.014,766
2021-06-13,12.962,766
2021-06-14,12.988,766
2021-06-15,13.089,766
2021-06-16,13.193,766
2021-06-17,13.723,766
2021-06-18,13.988,766
2021-06-19,14.155,766
2021-06-20,14.09,766
2021-06-21,13.714,766
2021-06-22,13.634,766
2021-06-23,13.707,766
2021-06-24,14.651,766
2021-06-25,15.068,766
2021-06-26,15.308,766
2021-06-27,14.859,766
2021-06-28,14.381,766
2021-06-29,13.812,766
2021-06-30,13.552,766
2021-07-01,12.966,766
2021-07-02,12.381,766
2021-07-03,11.855,766
2021-07-04,11.581,766
2021-07-05,11.83,766
2021-07-06,12.677,766
2021-07-07,13.172,766
2021-07-08,14.159,766
2021-07-09,15.871,766
2021-07-10,15.949,766
2021-07-11,15.835,766
2021-07-12,15.519,766
2021-07-13,15.39,766
2021-07-14,15.253,766
2021-07-15,15.038,766
2021-07-16,15.243,766
2021-07-17,15.353,766
2021-07-18,15.382,766
2021-07-19,15.576,766
2021-07-20,15.874,766
2021-07-21,15.685,766
2021-07-22,15.566,766
2021-07-23,15.477,766
2021-07-24,15.469,766
2021-07-25,15.451,766
2021-07-26,16.14,766
2021-07-27,16.507,766
2021-07-28,16.423,766
2021-07-29,16.041,766
2021-07-30,15.55,766
2021-07-31,16.024,766
2021-08-01,16.569,766
2021-08-02,16.944,766
2021-08-03,17.011,766
2021-08-04,15.928,766
2021-08-05,15.589,766
2021-08-06,14.293,766
2021-08-07,13.519,766
2021-08-08,13.312,766
2021-08-09,13.034,766
2021-08-10,13.397,766
2021-08-11,14.835,766
2021-08-12,15.478,766
2021-08-13,15.403,766
2021-08-14,15.452,766
2021-08-15,15.719,766
2021-08-16,16.457,766
2021-08-17,16.511,766
2021-08-18,16.404,766
2021-08-19,16.444,766
2021-08-20,16.943,766
2021-08-21,17.203,766
2021-08-22,17.089,766
2021-08-23,16.826,766
2021-08-24,17.212,766
2021-08-25,17.473,766
2021-08-26,17.083,766
2021-08-27,16.78,766
2021-08-28,16.597,766
2021-08-29,16.473,766
2021-08-30,16.536,766
2021-08-31,16.718,766
2021-09-01,17.026,766
2021-09-02,17.162,766
2021-09-03,17.085,766
2021-09-04,16.756,766
2021-09-05,16.608,766
2021-09-06,16.496,766
2021-09-07,16.728,766
2021-09-08,16.7,766
2021-09-09,16.797,766
2021-09-10,16.44,766
2021-09-11,16.274,766
2021-09-12,16.101,766
2021-09-13,15.895,766
2021-09-14,15.915,766
2021-09-15,15.939,766
2021-09-16,16.076,766
2021-09-17,16.169,766
2021-09-18,15.924,766
2021-09-19,15.913,766
2021-09-20,15.88,766
2021-09-21,16,766
2021-09-22,16.16,766
2021-09-23,16.209,766
2021-09-24,16.303,766
2021-09-25,16.334,766
2021-09-26,16.428,766
2021-09-27,15.332,766
2021-09-28,15.254,766
2021-09-29,15.157,766
2021-09-30,15.195,766
2021-10-01,15.253,766
2021-10-02,15.247,766
2021-10-03,15.26,766
2021-10-04,16.083,766
2021-10-05,16.182,766
2021-10-06,16.179,766
2021-10-07,15.934,766
2021-10-08,15.702,766
2021-10-09,15.608,766
2021-10-10,15.38,766
2021-10-11,14.882,766
2021-10-12,14.314,766
2021-10-13,14.013,766
2021-10-14,14.015,766
2021-10-15,14.203,766
2021-10-16,14.549,766
2021-10-17,14.724,766
2021-10-18,14.635,766
2021-10-19,14.656,766
2021-10-20,14.528,766
2021-10-21,14.523,766
2021-10-22,14.919,766
2021-10-23,14.93,766
2021-10-24,15.02,766
2021-10-25,15.145,766
2021-10-26,15.044,766
2021-10-27,15.176,766
2021-10-28,15.21,766
2021-10-29,15.029,766
2021-10-30,14.608,766
2021-10-31,13.671,766
2021-11-01,14.855,766
2021-11-02,15.301,766
2021-11-03,15.298,766
2021-11-04,15.168,766
2021-11-05,15.065,766
2021-11-06,14.946,766
2021-11-07,14.763,766
2021-11-08,14.636,766
2021-11-09,14.538,766
2021-11-10,14.734,766
2021-11-11,14.753,766
2021-11-12,14.913,766
2021-11-13,15.025,766
2021-11-14,15.082,766
2021-11-15,15.159,766
2021-11-16,14.739,766
2021-11-17,14.44,766
2021-11-18,14.38,766
2021-11-19,14.371,766
2021-11-20,14.712,766
2021-11-21,14.794,766
2021-11-22,14.889,766
2021-11-23,14.87,766
2021-11-24,14.776,766
2021-11-25,14.7,766
2021-11-26,14.748,766
2021-11-27,14.831,766
2021-11-28,15.029,766
2021-11-29,15.034,766
2021-11-30,15.013,766
2021-12-01,14.95,766
2021-12-02,15.065,766
2021-12-03,14.944,766
2021-12-04,14.668,766
2021-12-05,14.675,766
2021-12-06,14.688,766
2021-12-07,14.543,766
2021-12-08,14.058,766
2021-12-09,14.005,766
2021-12-10,14.091,766
2021-12-11,14.105,766
2021-12-12,14.083,766
2021-12-13,13.926,766
2021-12-14,13.779,766
2021-12-15,13.785,766
2021-12-16,13.802,766
2021-12-17,13.755,766
2021-12-18,13.761,766
2021-12-19,13.63,766
2021-12-20,13.518,766
2021-12-21,13.4,766
2021-12-22,13.342,766
2021-12-23,13.732,766
2021-12-24,13.788,766
2021-12-25,13.743,766
2021-12-26,13.711,766
2021-12-27,13.66,766
2021-12-28,13.527,766
2021-12-29,13.711,766
2021-12-30,13.723,766
2021-12-31,13.601,766
2022-01-01,13.382,766
2022-01-02,13.297,766
2022-01-03,13.363,766
2022-01-04,13.398,766
2022-01-05,13.344,766
2022-01-06,13.169,766
2022-01-07,13.104,766
2022-01-08,13.183,766
2022-01-09,13.254,766
2022-01-10,13.382,766
2022-01-11,13.333,766
2022-01-12,13.309,766
2022-01-13,13.234,766
2022-01-14,13.223,766
2022-01-15,13.237,766
2022-01-16,13.323,766
2022-01-17,13.569,766
2022-01-18,13.433,766
2022-01-19,13.414,766
2022-01-20,13.356,766
2022-01-21,13.432,766
2022-01-22,13.492,766
2022-01-23,13.522,766
2022-01-24,13.599,766
2022-01-25,13.54,766
2022-01-26,13.465,766
2022-01-27,13.537,766
2022-01-28,13.542,766
2022-01-29,13.659,766
2022-01-30,13.64,766
2022-01-31,13.559,766
2022-02-01,13.397,766
2022-02-02,13.322,766
2022-02-03,13.274,766
2022-02-04,13.235,766
2022-02-05,13.263,766
2022-02-06,13.328,766
2022-02-07,13.391,766
2022-02-08,13.316,766
2022-02-09,13.491,766
2022-02-10,13.627,766
2022-02-11,13.767,766
2022-02-12,13.867,766
2022-02-13,13.931,766
2022-02-14,13.561,766
2022-02-15,13.159,766
2022-02-16,13.209,766
2022-02-17,13.266,766
2022-02-18,13.346,766
2022-02-19,13.271,766
2022-02-20,13.17,766
2022-02-21,12.944,766
2022-02-22,12.756,766
2022-02-23,12.642,766
2022-02-24,12.541,766
2022-02-25,12.499,766
2022-02-26,12.508,766
2022-02-27,12.582,766
2022-02-28,12.657,766
2022-03-01,12.706,766
2022-03-02,12.775,766
2022-03-03,12.799,766
2022-03-04,12.491,766
2022-03-05,12.335,766
2022-03-06,12.32,766
2022-03-07,12.346,766
2022-03-08,12.472,766
2022-03-09,12.497,766
2022-03-10,12.427,766
2022-03-11,12.391,766
2022-03-12,12.392,766
2022-03-13,12.53,766
2022-03-14,12.227,766
2022-03-15,12.323,766
2022-03-16,12.338,766
2022-03-17,12.469,766
2022-03-18,12.489,766
2022-03-19,12.373,766
2022-03-20,12.169,766
2022-03-21,12.209,766
2022-03-22,12.268,766
2022-03-23,12.363,766
2022-03-24,12.391,766
2022-03-25,12.15,766
2022-03-26,12.116,766
2022-03-27,12.339,766
2022-03-28,12.61,766
2022-03-29,12.538,766
2022-03-30,12.474,766
2022-03-31,11.963,766
2022-04-01,12.015,766
2022-04-02,11.996,766
2022-04-03,12.117,766
2022-04-04,12.067,766
2022-04-05,12.144,766
2022-04-06,12.224,766
2022-04-07,12.533,766
2022-04-08,12.64,766
2022-04-09,12.381,766
2022-04-10,12.154,766
2022-04-11,11.784,766
2022-04-12,11.542,766
2022-04-13,11.47,766
2022-04-14,11.515,766
2022-04-15,11.655,766
2022-04-16,11.97,766
2022-04-17,11.993,766
2022-04-18,11.974,766
2022-04-19,12.11,766
2022-04-20,12.572,766
2022-04-21,12.83,766
2022-04-22,12.613,766
2022-04-23,12.411,766
2022-04-24,12.211,766
2022-04-25,12.167,766
2022-04-26,12.117,766
2022-04-27,11.879,766
2022-04-28,11.642,766
2022-04-29,11.541,766
2022-04-30,11.567,766
2022-05-01,11.449,766
2022-05-02,11.44,766
2022-05-03,11.443,766
2022-05-04,11.501,766
2022-05-05,11.735,766
2022-05-06,11.971,766
2022-05-07,11.831,766
2022-05-08,11.679,766
2022-05-09,11.561,766
2022-05-10,11.533,766
2022-05-11,11.494,766
2022-05-12,11.385,766
2022-05-13,11.427,766
2022-05-14,11.534,766
2022-05-15,11.556,766
2022-05-16,11.564,766
2022-05-17,11.371,766
2022-05-18,11.408,766
2022-05-19,11.423,766
2022-05-20,11.668,766
2022-05-21,11.802,766
2022-05-22,12,766
2022-05-23,11.91,766
2022-05-24,12.263,766
2022-05-25,12.46,766
2022-05-26,12.711,766
2022-05-27,12.95,766
2022-05-28,12.917,766
2022-05-29,12.554,766
2022-05-30,12.399,766
2022-05-31,12.234,766
2022-06-01,12.169,766
2022-06-02,12.414,766
2022-06-03,12.284,766
2022-06-04,12.424,766
2022-06-05,13.185,766
2022-06-06,13.315,766
2022-06-07,13.22,766
2022-06-08,12.892,766
2022-06-09,13.026,766
2022-06-10,13.409,766
2022-06-11,13.731,766
2022-06-12,13.84,766
2022-06-13,13.573,766
2022-06-14,13.329,766
2022-06-15,13.178,766
2022-06-16,13.188,766
2022-06-17,13.372,766
2022-06-18,13.439,766
2022-06-19,13.321,766
2022-06-20,13.172,766
2022-06-21,13.212,766
2022-06-22,13.453,766
2022-06-23,13.8,766
2022-06-24,13.597,766
2022-06-25,13.3,766
2022-06-26,13.291,766
2022-06-27,14.024,766
2022-06-28,14.253,766
2022-06-29,14.223,766
2022-06-30,14.126,766
2022-07-01,14.078,766
2022-07-02,13.734,766
2022-07-03,13.722,766
2022-07-04,13.898,766
2022-07-05,14.143,766
2022-07-06,14.814,766
2022-07-07,14.751,766
2022-07-08,14.168,766
2022-07-09,14.043,766
2022-07-10,13.883,766
2022-07-11,14.572,766
2022-07-12,14.692,766
2022-07-13,13.901,766
2022-07-14,14.42,766
2022-07-15,14.427,766
2022-07-16,14.256,766
2022-07-17,14.112,766
2022-07-18,14.505,766
2022-07-19,14.705,766
2022-07-20,14.831,766
2022-07-21,14.577,766
2022-07-22,14.363,766
2022-07-23,14.376,766
2022-07-24,14.364,766
2022-07-25,14.876,766
2022-07-26,14.156,766
2022-07-27,13.797,766
2022-07-28,13.547,766
2022-07-29,13.827,766
2022-07-30,14.097,766
2022-07-31,14.131,766
2022-08-01,14.908,766
2022-08-02,15.297,766
2022-08-03,15.57,766
2022-08-04,15.552,766
2022-08-05,16.096,766
2022-08-06,16.597,766
2022-08-07,16.298,766
2022-08-08,16.263,766
2022-08-09,16.192,766
2022-08-10,16.352,766
2022-08-11,16.411,766
2022-08-12,16.144,766
2022-08-13,15.748,766
2022-08-14,15.523,766
2022-08-15,15.342,766
2022-08-16,15.309,766
2022-08-17,15.122,766
2022-08-18,14.555,766
2022-08-19,14.18,766
2022-08-20,14.267,766
2022-08-21,14.602,766
2022-08-22,15.094,766
2022-08-23,14.63,766
2022-08-24,14.419,766
2022-08-25,13.851,766
2022-08-26,13.916,766
2022-08-27,13.428,766
2022-08-28,13.458,766
2022-08-29,14.11,766
2022-08-30,15.404,766
2022-08-31,16.314,766
2022-09-01,16.638,766
2022-09-02,16.411,766
2022-09-03,16.293,766
2022-09-04,16.485,766
2022-09-05,16.933,766
2022-09-06,18.094,766
2022-09-07,18.434,766
2022-09-08,18.306,766
2022-09-09,17.905,766
2022-09-10,17.954,766
2022-09-11,18.536,766
2022-09-12,18.041,766
2022-09-13,17.829,766
2022-09-14,17.781,766
2022-09-15,17.559,766
2022-09-16,17.371,766
2022-09-17,16.974,766
2022-09-18,16.677,766
2022-09-19,16.843,766
2022-09-20,18.52,766
2022-09-21,18.38,766
2022-09-22,18.187,766
2022-09-23,17.98,766
2022-09-24,17.697,766
2022-09-25,17.473,766
2022-09-26,17.121,766
2022-09-27,16.965,766
2022-09-28,16.698,766
2022-09-29,16.694,766
2022-09-30,16.505,766
2022-10-01,16.391,766
2022-10-02,17.065,766
2022-10-03,16.884,766
2022-10-04,16.85,766
2022-10-05,16.629,766
2022-10-06,15.917,766
2022-10-07,15.927,766
2022-10-08,15.81,766
2022-10-09,15.82,766
2022-10-10,15.889,766
2022-10-11,16.004,766
2022-10-12,16.074,766
2022-10-13,16.029,766
2022-10-14,15.955,766
2022-10-15,15.923,766
2022-10-16,16.554,766
2022-10-17,16.701,766
2022-10-18,16.687,766
2022-10-19,16.705,766
2022-10-20,16.65,766
2022-10-21,16.478,766
2022-10-22,15.908,766
2022-10-23,15.727,766
2022-10-24,15.645,766
2022-10-25,15.303,766
2022-10-26,15.022,766
2022-10-27,14.783,766
2022-10-28,14.647,766
2022-10-29,14.513,766
2022-10-30,14.507,766
2022-10-31,14.162,766
2022-11-01,14.143,766
2022-11-02,14.025,766
2022-11-03,13.905,766
2022-11-04,13.6,766
2022-11-05,13.515,766
2022-11-06,13.375,766
2022-11-07,13.693,766
2022-11-08,13.912,766
2022-11-09,13.938,766
2022-11-10,13.926,766
2022-11-11,13.893,766
2022-11-12,13.784,766
2022-11-13,13.708,766
2022-11-14,13.618,766
2022-11-15,13.595,766
2022-11-16,13.608,766
2022-11-17,13.515,766
2022-11-18,13.414,766
2022-11-19,13.384,766
2022-11-20,13.352,766
2022-11-21,13.498,766
2022-11-22,13.553,766
2022-11-23,13.573,766
2022-11-24,13.57,766
2022-11-25,13.604,766
2022-11-26,13.594,766
2022-11-27,13.575,766
2022-11-28,13.574,766
2022-11-29,13.499,766
2022-11-30,13.461,766
2022-12-01,13.416,766
2022-12-02,13.341,766
2022-12-03,13.566,766
2022-12-04,13.774,766
2022-12-05,13.765,766
2022-12-06,13.803,766
2022-12-07,13.813,766
2022-12-08,13.869,766
2022-12-09,13.9,766
2022-12-10,13.87,766
2022-12-11,13.82,766
2022-12-12,13.717,766
2022-12-13,13.682,766
2022-12-14,13.624,766
2022-12-15,13.479,766
2022-12-16,13.365,766
2022-12-17,13.543,766
2022-12-18,13.522,766
2022-12-19,13.602,766
2022-12-20,13.569,766
2022-12-21,13.572,766
2022-12-22,13.408,766
2022-12-23,13.178,766
2022-12-24,13.291,766
2022-12-25,13.406,766
2022-12-26,13.468,766
2022-12-27,13.786,766
2022-12-28,13.823,766
2022-12-29,13.815,766
2022-12-30,13.759,766
2022-12-31,13.853,766
2023-01-01,13.749,766
2023-01-02,13.787,766
2023-01-03,13.357,766
2023-01-04,13.546,766
2023-01-05,13.621,766
2023-01-06,13.631,766
2023-01-07,13.613,766
2023-01-08,13.61,766
2023-01-09,13.231,766
2023-01-10,13.227,766
2023-01-11,13.192,766
2023-01-12,13.248,766
2023-01-13,13.243,766
2023-01-14,13.405,766
2023-01-15,13.487,766
2023-01-16,13.566,766
2023-01-17,13.51,766
2023-01-18,13.42,766
2023-01-19,13.344,766
2023-01-20,13.335,766
2023-01-21,13.334,766
2023-01-22,13.215,766
2023-01-23,13.161,766
2023-01-24,13.117,766
2023-01-25,13.202,766
2023-01-26,13.33,766
2023-01-27,13.28,766
2023-01-28,13.186,766
2023-01-29,13.088,766
2023-01-30,13.131,766
2023-01-31,13.054,766
2023-02-01,13.032,766
2023-02-02,12.637,766
2023-02-03,12.902,766
2023-02-04,13.262,766
2023-02-05,13.16,766
2023-02-06,13.198,766
2023-02-07,13.068,766
2023-02-08,13.123,766
2023-02-09,13.139,766
2023-02-10,13.019,766
2023-02-11,12.844,766
2023-02-12,12.742,766
2023-02-13,12.599,766
2023-02-14,12.245,766
2023-02-15,12.215,766
2023-02-16,12.085,766
2023-02-17,12.15,766
2023-02-18,12.343,766
2023-02-19,12.553,766
2023-02-20,12.746,766
2023-02-21,12.498,766
2023-02-22,12.29,766
2023-02-23,12.018,766
2023-02-24,11.883,766
2023-02-25,11.932,766
2023-02-26,11.931,766
2023-02-27,12.042,766
2023-02-28,11.999,766
2023-03-01,11.975,766
2023-03-02,11.896,766
2023-03-03,11.899,766
2023-03-04,11.888,766
2023-03-05,11.854,766
2023-03-06,12.085,766
2023-03-07,12.082,766
2023-03-08,12.107,766
2023-03-09,12.076,766
2023-03-10,12.155,766
2023-03-11,12.198,766
2023-03-12,12.001,766
2023-03-13,12.064,766
2023-03-14,12.093,766
2023-03-15,12.321,766
2023-03-16,12.339,766
2023-03-17,12.451,766
2023-03-18,12.475,766
2023-03-19,12.515,766
2023-03-20,12.25,766
2023-03-21,12.154,766
2023-03-22,12.199,766
2023-03-23,12.23,766
2023-03-24,12.242,766
2023-03-25,12.083,766
2023-03-26,11.863,766
2023-03-27,11.816,766
2023-03-28,11.863,766
2023-03-29,12.08,766
2023-03-30,12.16,766
2023-03-31,12.126,766
2023-04-01,12.1,766
2023-04-02,11.981,766
2023-04-03,11.843,766
2023-04-04,11.633,766
2023-04-05,11.56,766
2023-04-06,11.466,766
2023-04-07,11.634,766
2023-04-08,12.304,766
2023-04-09,12.413,766
2023-04-10,12.089,766
2023-04-11,11.791,766
2023-04-12,11.485,766
2023-04-13,11.645,766
2023-04-14,11.551,766
2023-04-15,11.53,766
2023-04-16,11.728,766
2023-04-17,11.751,766
2023-04-18,11.739,766
2023-04-19,11.731,766
2023-04-20,11.718,766
2023-04-21,11.713,766
2023-04-22,11.681,766
2023-04-23,11.414,766
2023-04-24,10.956,766
2023-04-25,11.02,766
2023-04-26,11.231,766
2023-04-27,11.35,766
2023-04-28,11.377,766
2023-04-29,11.442,766
2023-04-30,11.679,766
2023-05-01,11.772,766
2023-05-02,11.858,766
2023-05-03,12.219,766
2023-05-04,12.668,766
2023-05-05,12.76,766
2023-05-06,13.173,766
2023-05-07,13.491,766
2023-05-08,13.455,766
2023-05-09,13.38,766
2023-05-10,13.134,766
2023-05-11,12.971,766
2023-05-12,12.667,766
2023-05-13,12.571,766
2023-05-14,11.747,766
2023-05-15,10.991,766
2023-05-16,10.679,766
2023-05-17,11.438,766
2023-05-18,12.803,766
2023-05-19,12.673,766
2023-05-20,12.735,766
2023-05-21,11.585,766
2023-05-22,11.613,766
2023-05-23,11.981,766
2023-05-24,12.922,766
2023-05-25,13.306,766
2023-05-26,13.406,766
2023-05-27,13.461,766
2023-05-28,13.53,766
2023-05-29,13.618,766
2023-05-30,14.725,766
2023-05-31,14.589,766
2023-06-01,14.559,766
2023-06-02,14.055,766
2023-06-03,13.929,766
2023-06-04,13.816,766
2023-06-05,13.76,766
2023-06-06,13.939,766
2023-06-07,14.473,766
2023-06-08,14.707,766
2023-06-09,14.876,766
2023-06-10,15.033,766
2023-06-11,14.985,766
2023-06-12,14.934,766
2023-06-13,14.91,766
2023-06-14,14.791,766
2023-06-15,14.693,766
2023-06-16,15.799,766
2023-06-17,15.856,766
2023-06-18,15.779,766
2023-06-19,15.169,766
2023-06-20,14.747,766
2023-06-21,14.263,766
2023-06-22,14.1,766
2023-06-23,14.265,766
2023-06-24,14.233,766
2023-06-25,14.303,766
2023-06-26,14.235,766
2023-06-27,13.988,766
2023-06-28,13.803,766
2023-06-29,13.495,766
2023-06-30,12.289,766
2023-07-01,11.837,766
2023-07-02,11.853,766
2023-07-03,11.965,766
2023-07-04,12.016,766
2023-07-05,12.585,766
2023-07-06,13.324,766
2023-07-07,13.719,766
2023-07-08,13.672,766
2023-07-09,12.683,766
2023-07-10,11.965,766
2023-07-11,11.568,766
2023-07-12,12.465,766
2023-07-13,14.017,766
2023-07-14,14.126,766
2023-07-15,14.329,766
2023-07-16,13.864,766
2023-07-17,13.794,766
2023-07-18,14.009,766
2023-07-19,14.211,766
2023-07-20,14.14,766
2023-07-21,14.198,766
2023-07-22,14.343,766
2023-07-23,15.185,766
2023-07-24,15.309,766
2023-07-25,15.355,766
2023-07-26,15.375,766
2023-07-27,15.246,766
2023-07-28,15.082,766
2023-07-29,15.073,766
2023-07-30,15.075,766
2023-07-31,15.026,766
2023-08-01,14.888,766
2023-08-02,14.895,766
2023-08-03,14.949,766
2023-08-04,14.988,766
2023-08-05,14.698,766
2023-08-06,14.39,766
2023-08-07,14.385,766
2023-08-08,14.509,766
2023-08-09,14.644,766
2023-08-10,15.171,766
2023-08-11,16.501,766
2023-08-12,16.768,766
2023-08-13,16.751,766
2023-08-14,16.759,766
2023-08-15,16.915,766
2023-08-16,16.965,766
2023-08-17,17.584,766
2023-08-18,18.599,766
2023-08-19,18.645,766
2023-08-20,18.413,766
2023-08-21,18.311,766
2023-08-22,18.128,766
2023-08-23,18.292,766
2023-08-24,18.42,766
2023-08-25,18.184,766
2023-08-26,17.975,766
2023-08-27,17.952,766
2023-08-28,17.646,766
2023-08-29,17.362,766
2023-08-30,16.977,766
2023-08-31,16.845,766
2023-09-01,16.869,766
2023-09-02,17.238,766
2023-09-03,17.665,766
2023-09-04,17.455,766
2023-09-05,17.449,766
2023-09-06,17.156,766
2023-09-07,17.214,766
2023-09-08,17.519,766
2023-09-09,17.633,766
2023-09-10,17.609,766
2023-09-11,17.495,766
2023-09-12,17.173,766
2023-09-13,16.617,766
2023-09-14,16.558,766
2023-09-15,16.997,766
2023-09-16,17.612,766
2023-09-17,17.967,766
2023-09-18,17.93,766
2023-09-19,17.992,766
2023-09-20,17.97,766
2023-09-21,17.627,766
2023-09-22,17.502,766
2023-09-23,17.599,766
2023-09-24,17.888,766
2023-09-25,17.965,766
2023-09-26,17.696,766
2023-09-27,17.293,766
2023-09-28,16.906,766
2023-09-29,16.61,766
2023-09-30,16.637,766
2023-10-01,16.7,766
2023-10-02,16.763,766
2023-10-03,16.731,766
2023-10-04,17.131,766
2023-10-05,17.547,766
2023-10-06,17.633,766
2023-10-07,17.851,766
2023-10-08,17.67,766
2023-10-09,17.772,766
2023-10-10,17.141,766
2023-10-11,16.8,766
2023-10-12,16.591,766
2023-10-13,16.481,766
2023-10-14,16.62,766
2023-10-15,16.55,766
2023-10-16,16.442,766
2023-10-17,16.43,766
2023-10-18,16.408,766
2023-10-19,16.268,766
2023-10-20,16.815,766
2023-10-21,16.824,766
2023-10-22,16.797,766
2023-10-23,16.685,766
2023-10-24,16.559,766
2023-10-25,16.25,766
2023-10-26,16.156,766
2023-10-27,16.074,766
2023-10-28,15.904,766
2023-10-29,15.815,766
2023-10-30,15.809,766
2023-10-31,16.168,766
2023-11-01,16.217,766
2023-11-02,16.261,766
2023-11-03,16.208,766
2023-11-04,16.254,766
2023-11-05,16.134,766
2023-11-06,16.187,766
2023-11-07,16.164,766
2023-11-08,16.074,766
2023-11-09,15.916,766
2023-11-10,15.835,766
2023-11-11,15.919,766
2023-11-12,15.973,766
2023-11-13,16.082,766
2023-11-14,16.094,766
2023-11-15,16.133,766
2023-11-16,16.194,766
2023-11-17,16.166,766
2023-11-18,16.258,766
2023-11-19,16.051,766
2023-11-20,16.047,766
2023-11-21,15.937,766
2023-11-22,16.017,766
2023-11-23,16.024,766
2023-11-24,15.985,766
2023-11-25,15.942,766
2023-11-26,15.834,766
2023-11-27,16.013,766
2023-11-28,15.982,766
2023-11-29,15.947,766
2023-11-30,15.911,766
2023-12-01,15.76,766
2023-12-02,15.693,766
2023-12-03,15.561,766
2023-12-04,15.531,766
2023-12-05,15.533,766
2023-12-06,15.532,766
2023-12-07,15.341,766
2023-12-08,15.187,766
2023-12-09,15,766
2023-12-10,14.839,766
2023-12-11,14.795,766
2023-12-12,14.867,766
2023-12-13,14.805,766
2023-12-14,14.803,766
2023-12-15,15.062,766
2023-12-16,15.206,766
2023-12-17,15.251,766
2023-12-18,15.074,766
2023-12-19,15.005,766
2023-12-20,15.042,766
2023-12-21,15.095,766
2023-12-22,15.285,766
2023-12-23,15.301,766
2023-12-24,15.328,766
2023-12-25,15.398,766
2023-12-26,15.429,766
2023-12-27,15.383,766
2023-12-28,15.465,766
2023-12-29,15.758,766
2023-12-30,15.634,766
2023-12-31,15.687,766
2024-01-01,15.568,766
2024-01-02,15.556,766
2024-01-03,15.443,766
2024-01-04,15.219,766
2024-01-05,15.106,766
2024-01-06,14.943,766
2024-01-07,14.773,766
2024-01-08,14.698,766
2024-01-09,14.565,766
2024-01-10,14.444,766
2024-01-11,14.223,766
2024-01-12,13.984,766
2024-01-13,13.964,766
2024-01-14,13.962,766
2024-01-15,13.829,766
2024-01-16,13.636,766
2024-01-17,13.501,766
2024-01-18,13.558,766
2024-01-19,13.574,766
2024-01-20,13.941,766
2024-01-21,14.024,766
2024-01-22,14.095,766
2024-01-23,13.984,766
2024-01-24,14.067,766
2024-01-25,14.017,766
2024-01-26,14.081,766
2024-01-27,14.303,766
2024-01-28,14.613,766
2024-01-29,14.575,766
2024-01-30,14.561,766
2024-01-31,14.246,766
2024-02-01,14.349,766
2024-02-02,14.336,766
2024-02-03,14.412,766
2024-02-04,14.036,766
2024-02-05,14.1,766
2024-02-06,14.07,766
2024-02-07,13.935,766
2024-02-08,13.9,766
2024-02-09,13.863,766
2024-02-10,13.896,766
2024-02-11,13.874,766
2024-02-12,13.872,766
2024-02-13,13.773,766
2024-02-14,13.746,766
2024-02-15,13.619,766
2024-02-16,13.642,766
2024-02-17,13.684,766
2024-02-18,14.138,766
2024-02-19,14.092,766
2024-02-20,14.143,766
2024-02-21,14.229,766
2024-02-22,14.27,766
2024-02-23,14.312,766
2024-02-24,14.436,766
2024-02-25,14.429,766
2024-02-26,14.486,766
2024-02-27,14.483,766
2024-02-28,14.42,766
2024-02-29,14.431,766
2024-03-01,14.392,766
2024-03-02,14.514,766
2024-03-03,14.463,766
2024-03-04,14.442,766
2024-03-05,14.396,766
2024-03-06,14.43,766
2024-03-07,14.147,766
2024-03-08,14.099,766
2024-03-09,14.04,766
2024-03-10,13.974,766
2024-03-11,14.047,766
2024-03-12,14.059,766
2024-03-13,13.983,766
2024-03-14,13.994,766
2024-03-15,14.061,766
2024-03-16,14.31,766
2024-03-17,14.378,766
2024-03-18,14.343,766
2024-03-19,14.261,766
2024-03-20,14.234,766
2024-03-21,14.218,766
2024-03-22,14.264,766
2024-03-23,14.262,766
2024-03-24,14.128,766
2024-03-25,13.904,766
2024-03-26,13.663,766
2024-03-27,13.58,766
2024-03-28,13.573,766
2024-03-29,13.477,766
2024-03-30,13.605,766
2024-03-31,13.747,766
2024-04-01,13.884,766
2024-04-02,13.977,766
2024-04-03,14.005,766
2024-04-04,13.727,766
2024-04-05,13.381,766
2024-04-06,13.284,766
2024-04-07,13.04,766
2024-04-08,12.935,766
2024-04-09,12.884,766
2024-04-10,12.9,766
2024-04-11,13.06,766
2024-04-12,13.041,766
2024-04-13,13.134,766
2024-04-14,13.177,766
2024-04-15,13.155,766
2024-04-16,13.199,766
2024-04-17,13.188,766
2024-04-18,13.232,766
2024-04-19,13.083,766
2024-04-20,13.428,766
2024-04-21,13.399,766
2024-04-22,13.371,766
2024-04-23,13.379,766
2024-04-24,13.625,766
2024-04-25,13.558,766
2024-04-26,13.304,766
2024-04-27,13.117,766
2024-04-28,13.054,766
2024-04-29,12.769,766
2024-04-30,12.383,766
2024-05-01,12.161,766
2024-05-02,12.067,766
2024-05-03,11.849,766
2024-05-04,12.026,766
2024-05-05,12.078,766
2024-05-06,12.17,766
2024-05-07,12.04,766
2024-05-08,12.061,766
2024-05-09,12.14,766
2024-05-10,12.526,766
2024-05-11,12.785,766
2024-05-12,12.864,766
2024-05-13,12.84,766
2024-05-14,12.929,766
2024-05-15,13.02,766
2024-05-16,13.229,766
2024-05-17,12.753,766
2024-05-18,12.768,766
2024-05-19,12.926,766
2024-05-20,12.888,766
2024-05-21,12.825,766
2024-05-22,12.563,766
2024-05-23,12.7,766
2024-05-24,12.568,766
2024-05-25,12.531,766
2024-05-26,12.309,766
2024-05-27,12.609,766
2024-05-28,12.511,766
2024-05-29,12.459,766
2024-05-30,12.521,766
2024-05-31,12.445,766
2024-06-01,12.62,766
2024-06-02,12.268,766
2024-06-03,12.583,766
2024-06-04,12.961,766
2024-06-05,13.005,766
2024-06-06,13.202,766
2024-06-07,13.213,766
2024-06-08,13.263,766
2024-06-09,13.567,766
2024-06-10,13.695,766
2024-06-11,13.631,766
2024-06-12,13.7,766
2024-06-13,13.656,766
2024-06-14,13.548,766
2024-06-15,13.273,766
2024-06-16,12.969,766
2024-06-17,12.762,766
2024-06-18,12.592,766
2024-06-19,12.687,766
2024-06-20,12.698,766
2024-06-21,12.811,766
2024-06-22,13.288,766
2024-06-23,13.388,766
2024-06-24,13.769,766
2024-06-25,14.112,766
2024-06-26,14.191,766
2024-06-27,13.667,766
2024-06-28,13.617,766
2024-06-29,13.533,766
2024-06-30,13.343,766
2024-07-01,13.233,766
2024-07-02,12.615,766
2024-07-03,12.481,766
2024-07-04,12.923,766
2024-07-05,13.587,766
2024-07-06,13.288,766
2024-07-07,13.504,766
2024-07-08,12.697,766
2024-07-09,13.076,766
2024-07-10,13.048,766
2024-07-11,13.099,766
2024-07-12,13.155,766
2024-07-13,13.243,766
2024-07-14,13.888,766
2024-07-15,15.452,766
2024-07-16,15.568,766
2024-07-17,15.346,766
2024-07-18,14.922,766
2024-07-19,14.449,766
2024-07-20,14.369,766
2024-07-21,14.251,766
2024-07-22,13.591,766
2024-07-23,14.708,766
2024-07-24,14.801,766
2024-07-25,14.741,766
2024-07-26,14.064,766
2024-07-27,14.407,766
2024-07-28,14.534,766
2024-07-29,13.719,766
2024-07-30,13.069,766
2024-07-31,13.053,766
2024-08-01,13.087,766
2024-08-02,12.912,766
2024-08-03,12.963,766
2024-08-04,13.105,766
2024-08-05,13.784,766
2024-08-06,13.903,766
2024-08-07,13.947,766
2024-08-08,13.717,766
2024-08-09,13.28,766
2024-08-10,13.749,766
2024-08-11,13.486,766
2024-08-12,14.165,766
2024-08-13,14.251,766
2024-08-14,14.274,766
2024-08-15,14.19,766
2024-08-16,14.107,766
2024-08-17,14.334,766
2024-08-18,14.592,766
2024-08-19,14.953,766
2024-08-20,14.881,766
2024-08-21,14.794,766
2024-08-22,14.901,766
2024-08-23,15.26,766
2024-08-24,15.502,766
2024-08-25,15.535,766
2024-08-26,15.53,766
2024-08-27,15.243,766
2024-08-28,14.614,766
2024-08-29,14.853,766
2024-08-30,15.253,766
2024-08-31,15.85,766
2024-09-01,16.019,766
2024-09-02,16.009,766
2024-09-03,16.074,766
2024-09-04,15.94,766
2024-09-05,16.016,766
2024-09-06,15.99,766
2024-09-07,16.11,766
2024-09-08,16.042,766
2024-09-09,15.91,766
2024-09-10,15.705,766
2024-09-11,15.615,766
2024-09-12,15.417,766
2024-09-13,15.317,766
2024-09-14,15.027,766
2024-09-15,15.364,766
2024-09-16,15.682,766
2024-09-17,15.769,766
2024-09-18,15.835,766
2024-09-19,15.679,766
2024-09-20,15.759,766
2024-09-21,15.688,766
2024-09-22,15.714,766
2024-09-23,15.739,766
2024-09-24,15.852,766
2024-09-25,15.885,766
2024-09-26,15.745,766
2024-09-27,15.712,766
2024-09-28,15.449,766
2024-09-29,15.554,766
2024-09-30,15.783,766
2024-10-01,16.084,766
2024-10-02,16.427,766
2024-10-03,16.699,766
2024-10-04,16.628,766
2024-10-05,16.649,766
2024-10-06,16.617,766
2024-10-07,16.648,766
2024-10-08,16.547,766
2024-10-09,16.334,766
2024-10-10,16,766
2024-10-11,15.941,766
2024-10-12,16.228,766
2024-10-13,16.023,766
2024-10-14,15.759,766
2024-10-15,15.154,766
2024-10-16,15.978,766
2024-10-17,15.911,766
2024-10-18,15.754,766
2024-10-19,15.623,766
2024-10-20,15.825,766
2024-10-21,16.024,766
2024-10-22,15.726,766
2024-10-23,15.619,766
2024-10-24,15.728,766
2024-10-25,15.877,766
2024-10-26,16.029,766
2024-10-27,15.477,766
2024-10-28,15.26,766
2024-10-29,15.108,766
2024-10-30,14.994,766
2024-10-31,14.724,766
2024-11-01,14.675,766
2024-11-02,14.519,766
2024-11-03,14.402,766
2024-11-04,14.221,766
2024-11-05,14.071,766
2024-11-06,13.971,766
2024-11-07,14.008,766
2024-11-08,14.226,766
2024-11-09,14.256,766
2024-11-10,14.287,766
2024-11-11,14.04,766
2024-11-12,13.95,766
2024-11-13,13.973,766
2024-11-14,13.901,766
2024-11-15,13.567,766
2024-11-16,13.477,766
2024-11-17,13.238,766
2024-11-18,13.043,766
2024-11-19,12.769,766
2024-11-20,13.041,766
2024-11-21,13.138,766
2024-11-22,13.408,766
2024-11-23,13.638,766
2024-11-24,13.695,766
2024-11-25,13.582,766
2024-11-26,13.839,766
2024-11-27,13.919,766
2024-11-28,13.884,766
2024-11-29,13.89,766
2024-11-30,13.988,766
2024-12-01,14.042,766
2024-12-02,14.013,766
2024-12-03,13.91,766
2024-12-04,13.968,766
2024-12-05,14.016,766
2024-12-06,14.037,766
2024-12-07,14.092,766
2024-12-08,14.036,766
2024-12-09,13.923,766
2024-12-10,13.936,766
2024-12-11,13.985,766
2024-12-12,13.878,766
2024-12-13,13.901,766
2024-12-14,13.688,766
2024-12-15,13.708,766
2024-12-16,13.758,766
2024-12-17,13.831,766
2024-12-18,13.804,766
2024-12-19,13.791,766
2024-12-20,13.618,766
2024-12-21,13.719,766
2024-12-22,13.688,766
2024-12-23,13.729,766
2024-12-24,13.83,766
2024-12-25,13.723,766
2024-12-26,13.762,766
2024-12-27,13.649,766
2024-12-28,13.579,766
2024-12-29,13.527,766
2024-12-30,13.504,766
2024-12-31,13.366,766
2025-01-01,13.14,766
2025-01-02,13.157,766
2025-01-03,13.088,766
2025-01-04,13.129,766
2025-01-05,13.104,766
2025-01-06,12.974,766
2025-01-07,12.845,766
2025-01-08,12.78,766
2025-01-09,12.848,766
2025-01-10,12.898,766
2025-01-11,12.792,766
2025-01-12,12.758,766
2025-01-13,12.727,766
2025-01-14,12.789,766
2025-01-15,12.899,766
2025-01-16,13.053,766
2025-01-17,13.028,766
2025-01-18,12.909,766
2025-01-19,12.898,766
2025-01-20,12.948,766
2025-01-21,13.038,766
2025-01-22,13.011,766
2025-01-23,13.001,766
2025-01-24,12.999,766
2025-01-25,13.012,766
2025-01-26,12.957,766
2025-01-27,12.918,766
2025-01-28,12.869,766
2025-01-29,12.813,766
2025-01-30,12.593,766
2025-01-31,12.767,766
2025-02-01,12.701,766
2025-02-02,12.72,766
2025-02-03,12.708,766
2025-02-04,12.779,766
2025-02-05,12.798,766
2025-02-06,12.814,766
2025-02-07,12.869,766
2025-02-08,12.768,766
2025-02-09,12.684,766
2025-02-10,12.542,766
2025-02-11,12.522,766
2025-02-12,12.346,766
2025-02-13,12.727,766
2025-02-14,12.617,766
2025-02-15,12.602,766
2025-02-16,12.029,766
2025-02-17,12.19,766
2025-02-18,12.196,766
2025-02-19,12.343,766
2025-02-20,12.371,766
2025-02-21,12.452,766
2025-02-22,12.515,766
2025-02-23,12.569,766
2025-02-24,12.615,766
2025-02-25,12.597,766
2025-02-26,12.578,766
2025-02-27,12.576,766
2025-02-28,12.66,766
2025-03-01,12.733,766
2025-03-02,12.55,766
2025-03-03,12.452,766
2025-03-04,12.32,766
2025-03-05,12.211,766
2025-03-06,12.132,766
2025-03-07,12.109,766
2025-03-08,12.266,766
2025-03-09,12.411,766
2025-03-10,12.503,766
2025-03-11,12.573,766
2025-03-12,12.574,766
2025-03-13,12.538,766
2025-03-14,12.576,766
2025-03-15,12.649,766
2025-03-16,12.653,766
2025-03-17,12.616,766
2025-03-18,12.396,766
2025-03-19,12.345,766
2025-03-20,12.228,766
2025-03-21,12.171,766
2025-03-22,12.162,766
2025-03-23,12.272,766
2025-03-24,12.602,766
2025-03-25,12.751,766
2025-03-26,13.155,766
2025-03-27,13.011,766
2025-03-28,12.833,766
2025-03-29,12.835,766
2025-03-30,12.646,766
2025-03-31,12.668,766
2025-04-01,12.593,766
2025-04-02,12.374,766
2025-04-03,12.226,766
2025-04-04,12.145,766
2025-04-05,12.388,766
2025-04-06,12.463,766
2025-04-07,12.571,766
2025-04-08,12.663,766
2025-04-09,12.625,766
2025-04-10,12.657,766
2025-04-11,12.578,766
2025-04-12,12.312,766
2025-04-13,12.046,766
2025-04-14,11.891,766
2025-04-15,12.938,766
2025-04-16,13.581,766
2025-04-17,13.518,766
2025-04-18,13.797,766
2025-04-19,13.45,766
2025-04-20,13.341,766
2025-04-21,13.228,766
2025-04-22,13.099,766
2025-04-23,13.003,766
2025-04-24,13.227,766
2025-04-25,13.298,766
2025-04-26,13.258,766
2025-04-27,13.187,766
2025-04-28,13.154,766
2025-04-29,13.144,766
2025-04-30,13.076,766
2025-05-01,13.287,766
2025-05-02,13.203,766
2025-05-03,12.852,766
2025-05-04,12.388,766
2025-05-05,12.821,766
2025-05-06,12.955,766
2025-05-07,13.303,766
2025-05-08,13.662,766
2025-05-09,13.929,766
2025-05-10,13.836,766
2025-05-11,13.846,766
2025-05-12,13.706,766
2025-05-13,13.539,766
2025-05-14,13.436,766
2025-05-15,13.174,766
2025-05-16,12.977,766
2025-05-17,13.046,766
2025-05-18,12.98,766
2025-05-19,12.896,766
2025-05-20,12.808,766
2025-05-21,12.751,766
2025-05-22,12.667,766
2025-05-23,12.602,766
2025-05-24,12.616,766
2025-05-25,12.754,766
2025-05-26,12.67,766
2025-05-27,12.695,766
2025-05-28,12.553,766
2025-05-29,12.094,766
2025-05-30,12.282,766
2025-05-31,12.037,766
2025-06-01,12.684,766
2025-06-02,13.512,766
2025-06-03,13.807,766
2025-06-04,13.677,766
2025-06-05,13.892,766
2025-06-06,14.75,766
2025-06-07,14.774,766
2025-06-08,14.793,766
2025-06-09,14.641,766
2025-06-10,14.376,766
2025-06-11,13.387,766
2025-06-12,13.24,766
2025-06-13,13.242,766
2025-06-14,13.373,766
2025-06-15,13.326,766
2025-06-16,13.231,766
2025-06-17,13.094,766
2025-06-18,12.919,766
2025-06-19,12.85,766
2025-06-20,12.71,766
2025-06-21,12.5,766
2025-06-22,12.456,766
2025-06-23,12.35,766
2025-06-24,12.399,766
2025-06-25,10.42,766
2025-06-26,10.786,766
2025-06-27,10.858,766
2025-06-28,11.248,766
2025-06-29,11.33,766
2025-06-30,11.53,766
2025-07-01,11.406,766
2025-07-02,10.969,766
2025-07-03,11.291,766
2025-07-04,11.869,766
2025-07-05,13.383,766
2025-07-06,13.443,766
2025-07-07,12.754,766
2025-07-08,12.526,766
2025-07-09,12.831,766
2025-07-10,12.45,766
2025-07-11,12.115,766
2025-07-12,12.248,766
2025-07-13,12.533,766
2025-07-14,11.934,766
2025-07-15,11.48,766
2025-07-16,11.466,766
2025-07-17,11.606,766
2025-07-18,11.583,766
2025-07-19,11.554,766
2025-07-20,11.799,766
2025-07-21,12.385,766
2025-07-22,12.491,766
2025-07-23,12.388,766
2025-07-24,12.305,766
2025-07-25,12.383,766
2025-07-26,12.347,766
2025-07-27,12.227,766
2025-07-28,12.785,766
2025-07-29,13.947,766
2025-07-30,14.823,766
2025-07-31,14.449,766
2025-08-01,13.425,766
2025-08-02,13.796,766
2025-08-03,13.978,766
2025-08-04,14.33,766
2025-08-05,14.521,766
2025-08-06,14.363,766
2025-08-07,14.209,766
2025-08-08,13.529,766
2025-08-09,13.576,766
2025-08-10,13.917,766
2025-08-11,13.918,766
2025-08-12,14.089,766
2025-08-13,14.046,766
2025-08-14,13.962,766
2025-08-15,14.074,766
2025-08-16,14.689,766
2025-08-17,15.456,766
2025-08-18,15.882,766
2025-08-19,15.811,766
2025-08-20,15.769,766
2025-08-21,15.761,766
2025-08-22,15.813,766
2025-08-23,16.014,766
2025-08-24,16.032,766
2025-08-25,16.642,766
2025-08-26,16.88,766
2025-08-27,17.252,766
2025-08-28,17.273,766
2025-08-29,17.188,766
2025-08-30,17.237,766
2025-08-31,17.423,766
2025-09-01,17.739,766
2025-09-02,18.228,766
2025-09-03,17.889,766
2025-09-04,17.641,766
2025-09-05,17.426,766
2025-09-06,17.401,766
2025-09-07,17.248,766
2025-09-08,17.38,766
2025-09-09,17.811,766
2025-09-10,18.099,766
2025-09-11,17.996,766
2025-09-12,17.86,766
2025-09-13,17.426,766
2025-09-14,16.997,766
2025-09-15,16.849,766
2025-09-16,16.093,766
2025-09-17,15.734,766
2025-09-18,16.184,766
2025-09-19,17.513,766
2025-09-20,17.779,766
2025-09-21,17.614,766
2025-09-22,17.445,766
2025-09-23,17.398,766
2025-09-24,17.527,766
2025-09-25,17.704,766
2025-09-26,17.7,766
2025-09-27,17.626,766
2025-09-28,17.614,766
2025-09-29,18.234,766
2025-09-30,18.873,766
2025-10-01,18.838,766
2025-10-02,18.489,766
2025-10-03,17.997,766
2025-10-04,17.772,766
2025-10-05,17.297,766
2025-10-06,17.107,766
2025-10-07,17.575,766
2025-10-08,17.728,766
2025-10-09,17.811,766
2025-10-10,17.569,766
2025-10-11,17.146,766
2025-10-12,16.613,766
2025-10-13,16.124,766
2025-10-14,16.07,766
2025-10-15,16.209,766
2025-10-16,16.147,766
2025-10-17,16.186,766
2025-10-18,16.298,766
2025-10-19,16.31,766
2025-10-20,16.252,766
2025-10-21,16.954,766
2025-10-22,16.879,766
2025-10-23,16.779,766
2025-10-24,16.71,766
2025-10-25,16.484,766
2025-10-26,16.268,766
2025-10-27,16.131,766
2025-10-28,16.093,766
2025-10-29,16.109,766
2025-10-30,16.314,766
2025-10-31,16.105,766
2025-11-01,15.628,766
2025-11-02,15.6,766
2025-11-03,15.457,766
2025-11-04,15.481,766
2025-11-05,15.616,766
2025-11-06,15.823,766
2025-11-07,15.772,766
2025-11-08,15.669,766
2025-11-09,15.671,766
2025-11-10,15.525,766
2025-11-11,15.549,766
2025-11-12,15.836,766
2025-11-13,15.923,766
2025-11-14,15.955,766
2025-11-15,15.878,766
2025-11-16,15.864,766
2025-11-17,15.792,766
2025-11-18,15.781,766
2025-11-19,15.807,766
2025-11-20,15.772,766
2025-11-21,15.839,766
2025-11-22,15.825,766
2025-11-23,15.789,766
2025-11-24,15.616,766
2025-11-25,15.593,766
2025-11-26,15.642,766
2025-11-27,15.771,766
2025-11-28,15.805,766
2025-11-29,15.816,766
2025-11-30,15.622,766
2025-12-01,15.681,766
2025-12-02,15.633,766
2025-12-03,15.971,766
2025-12-04,15.828,766
2025-12-05,15.865,766
2025-12-06,15.881,766
2025-12-07,15.836,766
2025-12-08,15.845,766
2025-12-09,15.796,766
2025-12-10,15.827,766
2025-12-11,15.906,766
2025-12-12,15.861,766
2025-12-13,15.698,766
2025-12-14,15.733,766
2025-12-15,15.728,766
2025-12-16,15.633,766
2025-12-17,15.52,766
2025-12-18,15.396,766
2025-12-19,15.504,766
2025-12-20,15.405,766
2025-12-21,15.418,766
2025-12-22,14.788,766
2025-12-23,14.892,766
2025-12-24,15.366,766
2025-12-25,15.297,766
2025-12-26,15.384,766
2025-12-27,15.209,766
2025-12-28,15.136,766
2025-12-29,15.058,766
2025-12-30,15.019,766
2025-12-31,15.19,766
2026-01-01,15.133,766
2026-01-02,15.086,766
2026-01-03,15.005,766
2026-01-04,14.957,766
2026-01-05,14.963,766
2026-01-06,15.075,766
2026-01-07,15.079,766
2026-01-08,15.021,766
2026-01-09,14.763,766
2026-01-10,14.552,766
2026-01-11,14.589,766
2026-01-12,14.639,766
2026-01-13,14.86,766
2026-01-14,14.947,766
2026-01-15,14.962,766
2026-01-16,14.76,766
2026-01-17,14.701,766
2026-01-18,15.002,766
2026-01-19,14.988,766
2026-01-20,15.117,766
2026-01-21,15.006,766
2026-01-22,14.995,766
2026-01-23,15.081,766
2026-01-24,15.191,766
2026-01-25,15.065,766
2026-01-26,15.015,766
2026-01-27,14.969,766
2026-01-28,15.088,766
2026-01-29,15.033,766
2026-01-30,15.142,766
2026-01-31,15.198,766
2026-02-01,15.368,766
2026-02-02,15.373,766
2026-02-03,15.469,766
2026-02-04,15.554,766
2026-02-05,15.689,766
2026-02-06,15.64,766
2026-02-07,15.672,766
2026-02-08,15.543,766
2026-02-09,15.545,766
2026-02-10,15.303,766
2026-02-11,15.355,766
2026-02-12,15.386,766
2026-02-13,15.392,766
2026-02-14,15.439,766
2026-02-15,15.15,766
2026-02-16,15.153,766
2026-02-17,14.96,766
2026-02-18,14.926,766
2026-02-19,14.735,766
2026-02-20,14.589,766
2026-02-21,14.488,766
2026-02-22,14.562,766
2026-02-23,14.647,766
2026-02-24,14.693,766
2026-02-25,14.95,766
2026-02-26,14.909,766
2026-02-27,15.106,766
2026-02-28,15.336,766
2026-03-01,15.224,766
2026-03-02,14.912,766
2026-03-03,14.731,766
2026-03-04,14.385,766
2026-03-05,14.077,766
2026-03-06,14.076,766
2026-03-07,14.127,766
2026-03-08,14.203,766
2026-03-09,14.358,766
2026-03-10,14.245,766
2026-03-11,14.219,766
2026-03-12,14.235,766
2026-03-13,14.239,766
2026-03-14,14.115,766
2026-03-15,14.037,766
2026-03-16,14.395,766
2026-03-17,14.975,766
2026-03-18,15.386,766
2026-03-19,15.668,766
2026-03-20,15.597,766
2026-03-21,15.337,766
2026-03-22,15.144,766
2026-03-23,14.943,766
2026-03-24,14.975,766
2026-03-25,14.836,766
2026-03-26,14.677,766
2026-03-27,14.754,766
2026-03-28,14.9,766
2026-03-29,14.98,766
2026-03-30,15.051,766
2026-03-31,15.256,766
