date,sst,n_cells
1982-01-01,22.09,248
1982-01-02,22.173,248
1982-01-03,22.047,248
1982-01-04,21.919,248
1982-01-05,21.82,248
1982-01-06,21.594,248
1982-01-07,21.199,248
1982-01-08,21.151,248
1982-01-09,21.226,248
1982-01-10,21.226,248
1982-01-11,21.213,248
1982-01-12,21.204,248
1982-01-13,20.646,248
1982-01-14,20.593,248
1982-01-15,20.594,248
1982-01-16,20.584,248
1982-01-17,20.755,248
1982-01-18,20.589,248
1982-01-19,20.687,248
1982-01-20,20.805,248
1982-01-21,20.827,248
1982-01-22,20.685,248
1982-01-23,20.272,248
1982-01-24,20.242,248
1982-01-25,20.229,248
1982-01-26,20.106,248
1982-01-27,20.1,248
1982-01-28,20.573,248
1982-01-29,20.751,248
1982-01-30,20.739,248
1982-01-31,20.691,248
1982-02-01,20.686,248
1982-02-02,20.734,248
1982-02-03,20.639,248
1982-02-04,20.646,248
1982-02-05,20.643,248
1982-02-06,20.631,248
1982-02-07,20.511,248
1982-02-08,20.324,248
1982-02-09,20.246,248
1982-02-10,20.145,248
1982-02-11,20.103,248
1982-02-12,20.021,248
1982-02-13,20.027,248
1982-02-14,19.926,248
1982-02-15,20.023,248
1982-02-16,20.149,248
1982-02-17,20.297,248
1982-02-18,20.579,248
1982-02-19,21.237,248
1982-02-20,20.484,248
1982-02-21,20.538,248
1982-02-22,20.519,248
1982-02-23,20.589,248
1982-02-24,20.761,248
1982-02-25,21.023,248
1982-02-26,20.995,248
1982-02-27,20.904,248
1982-02-28,20.818,248
1982-03-01,19.768,248
1982-03-02,19.902,248
1982-03-03,19.915,248
1982-03-04,19.949,248
1982-03-05,19.989,248
1982-03-06,19.79,248
1982-03-07,19.801,248
1982-03-08,19.816,248
1982-03-09,19.882,248
1982-03-10,19.994,248
1982-03-11,20.514,248
1982-03-12,20.617,248
1982-03-13,20.635,248
1982-03-14,20.664,248
1982-03-15,20.752,248
1982-03-16,20.957,248
1982-03-17,21.262,248
1982-03-18,21.674,248
1982-03-19,21.796,248
1982-03-20,21.779,248
1982-03-21,21.699,248
1982-03-22,21.715,248
1982-03-23,22.215,248
1982-03-24,21.98,248
1982-03-25,21.921,248
1982-03-26,21.92,248
1982-03-27,21.881,248
1982-03-28,21.414,248
1982-03-29,21.282,248
1982-03-30,21.776,248
1982-03-31,21.833,248
1982-04-01,21.806,248
1982-04-02,21.647,248
1982-04-03,21.674,248
1982-04-04,21.975,248
1982-04-05,21.961,248
1982-04-06,21.924,248
1982-04-07,21.874,248
1982-04-08,21.708,248
1982-04-09,21.627,248
1982-04-10,21.7,248
1982-04-11,21.099,248
1982-04-12,20.621,248
1982-04-13,20.528,248
1982-04-14,20.478,248
1982-04-15,21.589,248
1982-04-16,21.624,248
1982-04-17,21.548,248
1982-04-18,21.224,248
1982-04-19,21.767,248
1982-04-20,21.895,248
1982-04-21,21.946,248
1982-04-22,22.241,248
1982-04-23,22.34,248
1982-04-24,22.54,248
1982-04-25,21.797,248
1982-04-26,21.705,248
1982-04-27,21.68,248
1982-04-28,22.1,248
1982-04-29,22.065,248
1982-04-30,22.034,248
1982-05-01,22.151,248
1982-05-02,22.314,248
1982-05-03,22.759,248
1982-05-04,24.064,248
1982-05-05,24.148,248
1982-05-06,24.13,248
1982-05-07,24.011,248
1982-05-08,23.81,248
1982-05-09,23.433,248
1982-05-10,23.482,248
1982-05-11,23.493,248
1982-05-12,23.436,248
1982-05-13,23.381,248
1982-05-14,23.37,248
1982-05-15,23.511,248
1982-05-16,23.667,248
1982-05-17,24.036,248
1982-05-18,24.143,248
1982-05-19,24.178,248
1982-05-20,24.216,248
1982-05-21,24.464,248
1982-05-22,24.809,248
1982-05-23,25,248
1982-05-24,25.207,248
1982-05-25,25.411,248
1982-05-26,26.766,248
1982-05-27,26.878,248
1982-05-28,26.881,248
1982-05-29,26.972,248
1982-05-30,27.127,248
1982-05-31,27.237,248
1982-06-01,26.168,248
1982-06-02,26.052,248
1982-06-03,26.902,248
1982-06-04,27.335,248
1982-06-05,27.402,248
1982-06-06,27.534,248
1982-06-07,27.538,248
1982-06-08,27.47,248
1982-06-09,27.417,248
1982-06-10,27.721,248
1982-06-11,27.832,248
1982-06-12,27.908,248
1982-06-13,27.848,248
1982-06-14,27.955,248
1982-06-15,27.763,248
1982-06-16,27.82,248
1982-06-17,27.88,248
1982-06-18,28.028,248
1982-06-19,28.78,248
1982-06-20,28.832,248
1982-06-21,28.81,248
1982-06-22,28.891,248
1982-06-23,29.021,248
1982-06-24,29.101,248
1982-06-25,29.174,248
1982-06-26,28.934,248
1982-06-27,27.981,248
1982-06-28,28.104,248
1982-06-29,28.316,248
1982-06-30,28.608,248
1982-07-01,28.725,248
1982-07-02,28.575,248
1982-07-03,28.559,248
1982-07-04,28.512,248
1982-07-05,28.673,248
1982-07-06,28.829,248
1982-07-07,28.897,248
1982-07-08,28.974,248
1982-07-09,29.155,248
1982-07-10,29.153,248
1982-07-11,29.219,248
1982-07-12,29.359,248
1982-07-13,29.384,248
1982-07-14,29.398,248
1982-07-15,29.049,248
1982-07-16,29.019,248
1982-07-17,29.083,248
1982-07-18,29.149,248
1982-07-19,29.07,248
1982-07-20,28.733,248
1982-07-21,28.701,248
1982-07-22,28.934,248
1982-07-23,29.093,248
1982-07-24,29.242,248
1982-07-25,29.165,248
1982-07-26,29.099,248
1982-07-27,29.035,248
1982-07-28,28.938,248
1982-07-29,28.964,248
1982-07-30,28.96,248
1982-07-31,29.15,248
1982-08-01,29.137,248
1982-08-02,29.093,248
1982-08-03,29.145,248
1982-08-04,29.235,248
1982-08-05,29.275,248
1982-08-06,29.221,248
1982-08-07,28.937,248
1982-08-08,28.988,248
1982-08-09,28.71,248
1982-08-10,28.704,248
1982-08-11,29.091,248
1982-08-12,29.238,248
1982-08-13,29.186,248
1982-08-14,29.187,248
1982-08-15,29.29,248
1982-08-16,29.386,248
1982-08-17,29.29,248
1982-08-18,29.284,248
1982-08-19,28.941,248
1982-08-20,28.863,248
1982-08-21,28.812,248
1982-08-22,28.714,248
1982-08-23,28.638,248
1982-08-24,28.564,248
1982-08-25,28.717,248
1982-08-26,28.791,248
1982-08-27,28.944,248
1982-08-28,29.052,248
1982-08-29,29.108,248
1982-08-30,29.098,248
1982-08-31,28.888,248
1982-09-01,28.454,248
1982-09-02,28.857,248
1982-09-03,28.99,248
1982-09-04,28.978,248
1982-09-05,29.045,248
1982-09-06,29.022,248
1982-09-07,28.942,248
1982-09-08,28.841,248
1982-09-09,28.604,248
1982-09-10,28.381,248
1982-09-11,27.902,248
1982-09-12,27.787,248
1982-09-13,27.704,248
1982-09-14,27.877,248
1982-09-15,28.037,248
1982-09-16,27.958,248
1982-09-17,27.707,248
1982-09-18,27.788,248
1982-09-19,27.967,248
1982-09-20,28.048,248
1982-09-21,28.063,248
1982-09-22,27.78,248
1982-09-23,27.504,248
1982-09-24,27.394,248
1982-09-25,27.338,248
1982-09-26,27.348,248
1982-09-27,27.464,248
1982-09-28,27.436,248
1982-09-29,27.295,248
1982-09-30,27.407,248
1982-10-01,27.467,248
1982-10-02,27.412,248
1982-10-03,26.766,248
1982-10-04,26.536,248
1982-10-05,26.502,248
1982-10-06,26.934,248
1982-10-07,27.078,248
1982-10-08,27.466,248
1982-10-09,27.581,248
1982-10-10,27.64,248
1982-10-11,27.7,248
1982-10-12,27.704,248
1982-10-13,27.373,248
1982-10-14,26.667,248
1982-10-15,26.638,248
1982-10-16,26.68,248
1982-10-17,26.608,248
1982-10-18,26.429,248
1982-10-19,26.235,248
1982-10-20,26.031,248
1982-10-21,25.619,248
1982-10-22,25.877,248
1982-10-23,25.887,248
1982-10-24,25.903,248
1982-10-25,25.966,248
1982-10-26,26.027,248
1982-10-27,26.065,248
1982-10-28,26.024,248
1982-10-29,25.69,248
1982-10-30,25.308,248
1982-10-31,25.586,248
1982-11-01,26.033,248
1982-11-02,26.282,248
1982-11-03,26.399,248
1982-11-04,26.296,248
1982-11-05,26.091,248
1982-11-06,25.762,248
1982-11-07,25.641,248
1982-11-08,25.581,248
1982-11-09,25.72,248
1982-11-10,25.635,248
1982-11-11,25.525,248
1982-11-12,25.124,248
1982-11-13,24.94,248
1982-11-14,24.895,248
1982-11-15,24.735,248
1982-11-16,24.675,248
1982-11-17,24.588,248
1982-11-18,24.771,248
1982-11-19,24.965,248
1982-11-20,24.852,248
1982-11-21,24.72,248
1982-11-22,24.662,248
1982-11-23,24.737,248
1982-11-24,24.88,248
1982-11-25,24.861,248
1982-11-26,24.785,248
1982-11-27,24.372,248
1982-11-28,24.412,248
1982-11-29,24.431,248
1982-11-30,24.482,248
1982-12-01,24.425,248
1982-12-02,24.325,248
1982-12-03,24.086,248
1982-12-04,23.734,248
1982-12-05,23.703,248
1982-12-06,23.867,248
1982-12-07,23.954,248
1982-12-08,23.894,248
1982-12-09,23.632,248
1982-12-10,23.665,248
1982-12-11,23.674,248
1982-12-12,23.601,248
1982-12-13,23.472,248
1982-12-14,23.211,248
1982-12-15,22.386,248
1982-12-16,22.381,248
1982-12-17,22.409,248
1982-12-18,22.444,248
1982-12-19,22.117,248
1982-12-20,21.927,248
1982-12-21,22.027,248
1982-12-22,22.13,248
1982-12-23,21.901,248
1982-12-24,21.63,248
1982-12-25,21.407,248
1982-12-26,21.402,248
1982-12-27,21.401,248
1982-12-28,21.4,248
1982-12-29,21.701,248
1982-12-30,21.86,248
1982-12-31,21.888,248
1983-01-01,21.752,248
1983-01-02,21.767,248
1983-01-03,21.689,248
1983-01-04,21.593,248
1983-01-05,21.704,248
1983-01-06,21.676,248
1983-01-07,21.627,248
1983-01-08,21.679,248
1983-01-09,21.768,248
1983-01-10,21.437,248
1983-01-11,21.138,248
1983-01-12,21.242,248
1983-01-13,21.308,248
1983-01-14,21.23,248
1983-01-15,21.017,248
1983-01-16,20.969,248
1983-01-17,20.871,248
1983-01-18,20.838,248
1983-01-19,20.749,248
1983-01-20,20.738,248
1983-01-21,20.517,248
1983-01-22,20.257,248
1983-01-23,20.024,248
1983-01-24,20.928,248
1983-01-25,21.062,248
1983-01-26,21.132,248
1983-01-27,20.672,248
1983-01-28,20.711,248
1983-01-29,20.017,248
1983-01-30,19.938,248
1983-01-31,19.91,248
1983-02-01,20.064,248
1983-02-02,20.013,248
1983-02-03,19.91,248
1983-02-04,19.668,248
1983-02-05,19.744,248
1983-02-06,19.702,248
1983-02-07,19.44,248
1983-02-08,19.396,248
1983-02-09,19.443,248
1983-02-10,19.446,248
1983-02-11,19.432,248
1983-02-12,19.317,248
1983-02-13,18.995,248
1983-02-14,18.906,248
1983-02-15,19.237,248
1983-02-16,19.529,248
1983-02-17,19.578,248
1983-02-18,19.673,248
1983-02-19,19.805,248
1983-02-20,19.901,248
1983-02-21,19.871,248
1983-02-22,19.662,248
1983-02-23,19.901,248
1983-02-24,19.904,248
1983-02-25,19.925,248
1983-02-26,19.903,248
1983-02-27,19.813,248
1983-02-28,20.077,248
1983-03-01,20.238,248
1983-03-02,20.299,248
1983-03-03,20.187,248
1983-03-04,20.145,248
1983-03-05,20.198,248
1983-03-06,20.367,248
1983-03-07,20.519,248
1983-03-08,20.561,248
1983-03-09,20.504,248
1983-03-10,20.558,248
1983-03-11,20.496,248
1983-03-12,20.391,248
1983-03-13,20.356,248
1983-03-14,20.641,248
1983-03-15,20.771,248
1983-03-16,20.776,248
1983-03-17,20.971,248
1983-03-18,20.961,248
1983-03-19,20.901,248
1983-03-20,20.516,248
1983-03-21,20.231,248
1983-03-22,20.194,248
1983-03-23,20.349,248
1983-03-24,20.256,248
1983-03-25,20.351,248
1983-03-26,20.622,248
1983-03-27,20.652,248
1983-03-28,20.656,248
1983-03-29,20.769,248
1983-03-30,21.527,248
1983-03-31,21.81,248
1983-04-01,21.615,248
1983-04-02,20.906,248
1983-04-03,20.862,248
1983-04-04,20.831,248
1983-04-05,20.823,248
1983-04-06,20.929,248
1983-04-07,20.986,248
1983-04-08,21.357,248
1983-04-09,21.483,248
1983-04-10,21.537,248
1983-04-11,21.494,248
1983-04-12,21.311,248
1983-04-13,20.984,248
1983-04-14,20.783,248
1983-04-15,20.855,248
1983-04-16,20.891,248
1983-04-17,20.849,248
1983-04-18,20.85,248
1983-04-19,21.109,248
1983-04-20,21.338,248
1983-04-21,21.287,248
1983-04-22,21.857,248
1983-04-23,22.012,248
1983-04-24,21.914,248
1983-04-25,21.647,248
1983-04-26,21.377,248
1983-04-27,21.809,248
1983-04-28,21.99,248
1983-04-29,22.092,248
1983-04-30,21.871,248
1983-05-01,21.728,248
1983-05-02,21.817,248
1983-05-03,21.842,248
1983-05-04,22.03,248
1983-05-05,22.228,248
1983-05-06,22.351,248
1983-05-07,22.366,248
1983-05-08,22.231,248
1983-05-09,22.299,248
1983-05-10,22.878,248
1983-05-11,23.093,248
1983-05-12,23.493,248
1983-05-13,23.615,248
1983-05-14,23.458,248
1983-05-15,22.915,248
1983-05-16,23.154,248
1983-05-17,23.212,248
1983-05-18,23.066,248
1983-05-19,23.147,248
1983-05-20,22.933,248
1983-05-21,22.977,248
1983-05-22,23.331,248
1983-05-23,23.599,248
1983-05-24,24.079,248
1983-05-25,24.372,248
1983-05-26,24.462,248
1983-05-27,24.501,248
1983-05-28,24.746,248
1983-05-29,24.799,248
1983-05-30,24.996,248
1983-05-31,25.272,248
1983-06-01,25.532,248
1983-06-02,25.949,248
1983-06-03,25.671,248
1983-06-04,25.735,248
1983-06-05,25.896,248
1983-06-06,26.108,248
1983-06-07,26.363,248
1983-06-08,26.458,248
1983-06-09,26.497,248
1983-06-10,26.547,248
1983-06-11,26.442,248
1983-06-12,26.311,248
1983-06-13,26.435,248
1983-06-14,26.679,248
1983-06-15,26.891,248
1983-06-16,26.982,248
1983-06-17,27.054,248
1983-06-18,27.515,248
1983-06-19,27.54,248
1983-06-20,27.517,248
1983-06-21,27.617,248
1983-06-22,27.765,248
1983-06-23,27.918,248
1983-06-24,28.098,248
1983-06-25,28.207,248
1983-06-26,28.339,248
1983-06-27,28.315,248
1983-06-28,28.513,248
1983-06-29,28.57,248
1983-06-30,28.608,248
1983-07-01,28.68,248
1983-07-02,29.046,248
1983-07-03,29.208,248
1983-07-04,29.547,248
1983-07-05,29.856,248
1983-07-06,29.969,248
1983-07-07,29.837,248
1983-07-08,29.754,248
1983-07-09,29.653,248
1983-07-10,29.587,248
1983-07-11,29.578,248
1983-07-12,29.631,248
1983-07-13,29.596,248
1983-07-14,29.739,248
1983-07-15,29.221,248
1983-07-16,29.179,248
1983-07-17,29.125,248
1983-07-18,29.007,248
1983-07-19,28.065,248
1983-07-20,27.756,248
1983-07-21,28.497,248
1983-07-22,29.342,248
1983-07-23,29.441,248
1983-07-24,29.322,248
1983-07-25,29.325,248
1983-07-26,29.398,248
1983-07-27,29.5,248
1983-07-28,29.647,248
1983-07-29,29.7,248
1983-07-30,29.73,248
1983-07-31,29.833,248
1983-08-01,29.855,248
1983-08-02,29.869,248
1983-08-03,28.957,248
1983-08-04,28.932,248
1983-08-05,29.179,248
1983-08-06,29.494,248
1983-08-07,29.794,248
1983-08-08,29.892,248
1983-08-09,29.923,248
1983-08-10,30.029,248
1983-08-11,29.745,248
1983-08-12,29.563,248
1983-08-13,29.462,248
1983-08-14,29.599,248
1983-08-15,30.091,248
1983-08-16,30.194,248
1983-08-17,29.948,248
1983-08-18,28.72,248
1983-08-19,27.847,248
1983-08-20,27.567,248
1983-08-21,27.704,248
1983-08-22,28.012,248
1983-08-23,28.118,248
1983-08-24,28.796,248
1983-08-25,29.133,248
1983-08-26,29.195,248
1983-08-27,29.149,248
1983-08-28,29.154,248
1983-08-29,29.317,248
1983-08-30,29.621,248
1983-08-31,29.959,248
1983-09-01,29.764,248
1983-09-02,29.351,248
1983-09-03,28.991,248
1983-09-04,28.65,248
1983-09-05,28.49,248
1983-09-06,28.495,248
1983-09-07,28.732,248
1983-09-08,28.515,248
1983-09-09,28.399,248
1983-09-10,28.33,248
1983-09-11,28.336,248
1983-09-12,28.385,248
1983-09-13,28.379,248
1983-09-14,28.347,248
1983-09-15,28.278,248
1983-09-16,28.408,248
1983-09-17,28.581,248
1983-09-18,28.493,248
1983-09-19,28.272,248
1983-09-20,28.184,248
1983-09-21,28.145,248
1983-09-22,28.123,248
1983-09-23,28.021,248
1983-09-24,27.914,248
1983-09-25,27.862,248
1983-09-26,27.415,248
1983-09-27,26.756,248
1983-09-28,26.781,248
1983-09-29,26.727,248
1983-09-30,26.591,248
1983-10-01,26.448,248
1983-10-02,26.38,248
1983-10-03,26.272,248
1983-10-04,26.29,248
1983-10-05,26.4,248
1983-10-06,26.501,248
1983-10-07,26.547,248
1983-10-08,26.546,248
1983-10-09,26.561,248
1983-10-10,26.513,248
1983-10-11,26.261,248
1983-10-12,26.412,248
1983-10-13,26.513,248
1983-10-14,26.491,248
1983-10-15,26.359,248
1983-10-16,26.23,248
1983-10-17,26.195,248
1983-10-18,26.114,248
1983-10-19,26.089,248
1983-10-20,26.064,248
1983-10-21,26.407,248
1983-10-22,26.472,248
1983-10-23,26.508,248
1983-10-24,26.334,248
1983-10-25,26.297,248
1983-10-26,25.717,248
1983-10-27,25.404,248
1983-10-28,25.385,248
1983-10-29,25.592,248
1983-10-30,25.466,248
1983-10-31,25.389,248
1983-11-01,25.315,248
1983-11-02,25.206,248
1983-11-03,25.114,248
1983-11-04,25.058,248
1983-11-05,25.023,248
1983-11-06,25.016,248
1983-11-07,25.113,248
1983-11-08,25.246,248
1983-11-09,25.273,248
1983-11-10,25.197,248
1983-11-11,24.92,248
1983-11-12,24.63,248
1983-11-13,24.449,248
1983-11-14,24.593,248
1983-11-15,24.63,248
1983-11-16,24.562,248
1983-11-17,24.483,248
1983-11-18,24.438,248
1983-11-19,24.273,248
1983-11-20,23.776,248
1983-11-21,23.453,248
1983-11-22,23.148,248
1983-11-23,23.521,248
1983-11-24,23.843,248
1983-11-25,23.852,248
1983-11-26,23.757,248
1983-11-27,23.323,248
1983-11-28,23.212,248
1983-11-29,23.268,248
1983-11-30,23.136,248
1983-12-01,23.332,248
1983-12-02,23.267,248
1983-12-03,23.35,248
1983-12-04,23.445,248
1983-12-05,23.563,248
1983-12-06,23.239,248
1983-12-07,22.772,248
1983-12-08,22.768,248
1983-12-09,22.863,248
1983-12-10,23.085,248
1983-12-11,23.047,248
1983-12-12,22.896,248
1983-12-13,22.605,248
1983-12-14,22.307,248
1983-12-15,21.969,248
1983-12-16,21.925,248
1983-12-17,21.802,248
1983-12-18,21.765,248
1983-12-19,21.786,248
1983-12-20,22.289,248
1983-12-21,22.372,248
1983-12-22,22.334,248
1983-12-23,22.221,248
1983-12-24,22.111,248
1983-12-25,21.995,248
1983-12-26,21.439,248
1983-12-27,21.167,248
1983-12-28,21.142,248
1983-12-29,21.129,248
1983-12-30,20.391,248
1983-12-31,20.289,248
1984-01-01,20.274,248
1984-01-02,20.35,248
1984-01-03,20.501,248
1984-01-04,20.372,248
1984-01-05,20.311,248
1984-01-06,20.187,248
1984-01-07,20.145,248
1984-01-08,20.145,248
1984-01-09,20.022,248
1984-01-10,20.078,248
1984-01-11,19.402,248
1984-01-12,19.333,248
1984-01-13,19.313,248
1984-01-14,19.363,248
1984-01-15,19.384,248
1984-01-16,19.484,248
1984-01-17,19.671,248
1984-01-18,19.722,248
1984-01-19,19.555,248
1984-01-20,19.162,248
1984-01-21,19.202,248
1984-01-22,19.204,248
1984-01-23,19.125,248
1984-01-24,19.152,248
1984-01-25,19.559,248
1984-01-26,19.698,248
1984-01-27,19.519,248
1984-01-28,19.588,248
1984-01-29,19.646,248
1984-01-30,19.728,248
1984-01-31,19.603,248
1984-02-01,19.517,248
1984-02-02,19.259,248
1984-02-03,18.825,248
1984-02-04,18.951,248
1984-02-05,18.987,248
1984-02-06,18.887,248
1984-02-07,18.737,248
1984-02-08,18.85,248
1984-02-09,19.209,248
1984-02-10,19.308,248
1984-02-11,19.697,248
1984-02-12,19.662,248
1984-02-13,19.444,248
1984-02-14,19.258,248
1984-02-15,19.155,248
1984-02-16,19.709,248
1984-02-17,19.881,248
1984-02-18,19.89,248
1984-02-19,19.851,248
1984-02-20,19.909,248
1984-02-21,19.94,248
1984-02-22,19.888,248
1984-02-23,19.286,248
1984-02-24,19.302,248
1984-02-25,19.309,248
1984-02-26,19.301,248
1984-02-27,18.524,248
1984-02-28,18.067,248
1984-02-29,18.009,248
1984-03-01,18.242,248
1984-03-02,18.535,248
1984-03-03,18.622,248
1984-03-04,18.478,248
1984-03-05,18.309,248
1984-03-06,18.408,248
1984-03-07,18.41,248
1984-03-08,18.476,248
1984-03-09,18.526,248
1984-03-10,18.671,248
1984-03-11,18.848,248
1984-03-12,18.922,248
1984-03-13,18.956,248
1984-03-14,18.977,248
1984-03-15,18.799,248
1984-03-16,19.306,248
1984-03-17,19.734,248
1984-03-18,19.897,248
1984-03-19,19.8,248
1984-03-20,19.394,248
1984-03-21,19.157,248
1984-03-22,19.149,248
1984-03-23,19.263,248
1984-03-24,19.097,248
1984-03-25,19.08,248
1984-03-26,19.091,248
1984-03-27,19.259,248
1984-03-28,19.238,248
1984-03-29,19.169,248
1984-03-30,19.111,248
1984-03-31,19.532,248
1984-04-01,19.588,248
1984-04-02,19.571,248
1984-04-03,19.603,248
1984-04-04,19.614,248
1984-04-05,19.581,248
1984-04-06,19.529,248
1984-04-07,19.592,248
1984-04-08,19.876,248
1984-04-09,19.885,248
1984-04-10,19.893,248
1984-04-11,19.891,248
1984-04-12,19.874,248
1984-04-13,19.918,248
1984-04-14,20.933,248
1984-04-15,20.537,248
1984-04-16,20.232,248
1984-04-17,20.222,248
1984-04-18,20.355,248
1984-04-19,20.535,248
1984-04-20,20.631,248
1984-04-21,20.662,248
1984-04-22,20.667,248
1984-04-23,20.61,248
1984-04-24,20.738,248
1984-04-25,20.862,248
1984-04-26,21.01,248
1984-04-27,21.318,248
1984-04-28,21.565,248
1984-04-29,21.85,248
1984-04-30,22.062,248
1984-05-01,22.263,248
1984-05-02,22.608,248
1984-05-03,22.468,248
1984-05-04,22.652,248
1984-05-05,22.808,248
1984-05-06,22.979,248
1984-05-07,22.753,248
1984-05-08,22.932,248
1984-05-09,22.77,248
1984-05-10,22.81,248
1984-05-11,22.954,248
1984-05-12,22.989,248
1984-05-13,22.924,248
1984-05-14,22.877,248
1984-05-15,22.931,248
1984-05-16,23.131,248
1984-05-17,23.024,248
1984-05-18,23.371,248
1984-05-19,23.939,248
1984-05-20,24.074,248
1984-05-21,24.017,248
1984-05-22,23.944,248
1984-05-23,24.129,248
1984-05-24,24.266,248
1984-05-25,24.322,248
1984-05-26,24.561,248
1984-05-27,24.775,248
1984-05-28,24.782,248
1984-05-29,24.765,248
1984-05-30,24.652,248
1984-05-31,24.529,248
1984-06-01,24.369,248
1984-06-02,24.234,248
1984-06-03,24.624,248
1984-06-04,24.795,248
1984-06-05,24.843,248
1984-06-06,24.904,248
1984-06-07,24.895,248
1984-06-08,24.843,248
1984-06-09,24.823,248
1984-06-10,24.95,248
1984-06-11,25.137,248
1984-06-12,25.182,248
1984-06-13,25.424,248
1984-06-14,25.58,248
1984-06-15,25.688,248
1984-06-16,25.809,248
1984-06-17,26.092,248
1984-06-18,26.369,248
1984-06-19,26.376,248
1984-06-20,27.368,248
1984-06-21,27.653,248
1984-06-22,27.811,248
1984-06-23,27.958,248
1984-06-24,28.044,248
1984-06-25,27.588,248
1984-06-26,27.418,248
1984-06-27,27.397,248
1984-06-28,27.596,248
1984-06-29,27.515,248
1984-06-30,27.534,248
1984-07-01,27.463,248
1984-07-02,27.411,248
1984-07-03,27.561,248
1984-07-04,27.793,248
1984-07-05,27.938,248
1984-07-06,28.626,248
1984-07-07,28.866,248
1984-07-08,28.972,248
1984-07-09,28.979,248
1984-07-10,29.044,248
1984-07-11,29.08,248
1984-07-12,29.028,248
1984-07-13,28.966,248
1984-07-14,28.882,248
1984-07-15,28.901,248
1984-07-16,28.953,248
1984-07-17,29.116,248
1984-07-18,28.944,248
1984-07-19,28.701,248
1984-07-20,28.647,248
1984-07-21,28.687,248
1984-07-22,28.755,248
1984-07-23,28.779,248
1984-07-24,28.756,248
1984-07-25,28.752,248
1984-07-26,28.796,248
1984-07-27,28.806,248
1984-07-28,28.81,248
1984-07-29,29.025,248
1984-07-30,28.965,248
1984-07-31,29.021,248
1984-08-01,29.105,248
1984-08-02,29.158,248
1984-08-03,29.108,248
1984-08-04,29.101,248
1984-08-05,28.99,248
1984-08-06,28.986,248
1984-08-07,28.386,248
1984-08-08,28.362,248
1984-08-09,28.457,248
1984-08-10,28.53,248
1984-08-11,28.54,248
1984-08-12,28.549,248
1984-08-13,28.043,248
1984-08-14,27.901,248
1984-08-15,28.055,248
1984-08-16,28.302,248
1984-08-17,28.343,248
1984-08-18,28.328,248
1984-08-19,28.067,248
1984-08-20,28.54,248
1984-08-21,28.687,248
1984-08-22,28.72,248
1984-08-23,28.754,248
1984-08-24,28.959,248
1984-08-25,28.946,248
1984-08-26,28.922,248
1984-08-27,28.877,248
1984-08-28,28.757,248
1984-08-29,28.789,248
1984-08-30,28.865,248
1984-08-31,28.993,248
1984-09-01,28.939,248
1984-09-02,28.916,248
1984-09-03,28.824,248
1984-09-04,28.353,248
1984-09-05,28.123,248
1984-09-06,28.065,248
1984-09-07,28.041,248
1984-09-08,27.741,248
1984-09-09,27.543,248
1984-09-10,27.546,248
1984-09-11,27.567,248
1984-09-12,27.702,248
1984-09-13,27.743,248
1984-09-14,27.792,248
1984-09-15,27.784,248
1984-09-16,27.745,248
1984-09-17,27.922,248
1984-09-18,28.221,248
1984-09-19,28.335,248
1984-09-20,28.201,248
1984-09-21,28.093,248
1984-09-22,27.746,248
1984-09-23,27.464,248
1984-09-24,27.301,248
1984-09-25,27.318,248
1984-09-26,27.312,248
1984-09-27,27.15,248
1984-09-28,27.01,248
1984-09-29,26.905,248
1984-09-30,26.499,248
1984-10-01,26.34,248
1984-10-02,26.003,248
1984-10-03,25.779,248
1984-10-04,25.818,248
1984-10-05,25.847,248
1984-10-06,25.828,248
1984-10-07,25.752,248
1984-10-08,25.754,248
1984-10-09,25.797,248
1984-10-10,26.22,248
1984-10-11,26.311,248
1984-10-12,26.274,248
1984-10-13,25.887,248
1984-10-14,25.992,248
1984-10-15,25.864,248
1984-10-16,25.749,248
1984-10-17,25.54,248
1984-10-18,26.394,248
1984-10-19,26.284,248
1984-10-20,26.062,248
1984-10-21,25.887,248
1984-10-22,25.772,248
1984-10-23,25.652,248
1984-10-24,25.987,248
1984-10-25,26.184,248
1984-10-26,26.554,248
1984-10-27,26.329,248
1984-10-28,26.024,248
1984-10-29,25.923,248
1984-10-30,25.951,248
1984-10-31,25.9,248
1984-11-01,25.866,248
1984-11-02,25.911,248
1984-11-03,26.494,248
1984-11-04,26.21,248
1984-11-05,25.753,248
1984-11-06,25.464,248
1984-11-07,25.329,248
1984-11-08,25.367,248
1984-11-09,25.484,248
1984-11-10,25.485,248
1984-11-11,25.381,248
1984-11-12,25.15,248
1984-11-13,25.051,248
1984-11-14,24.728,248
1984-11-15,24.396,248
1984-11-16,24.41,248
1984-11-17,24.656,248
1984-11-18,24.763,248
1984-11-19,24.695,248
1984-11-20,24.125,248
1984-11-21,24.002,248
1984-11-22,23.722,248
1984-11-23,23.042,248
1984-11-24,22.929,248
1984-11-25,22.975,248
1984-11-26,22.939,248
1984-11-27,23.245,248
1984-11-28,23.132,248
1984-11-29,23.051,248
1984-11-30,22.957,248
1984-12-01,22.753,248
1984-12-02,22.717,248
1984-12-03,22.684,248
1984-12-04,22.807,248
1984-12-05,22.856,248
1984-12-06,22.894,248
1984-12-07,22.913,248
1984-12-08,22.594,248
1984-12-09,22.357,248
1984-12-10,22.457,248
1984-12-11,22.576,248
1984-12-12,22.726,248
1984-12-13,22.734,248
1984-12-14,22.478,248
1984-12-15,22.267,248
1984-12-16,22.501,248
1984-12-17,22.6,248
1984-12-18,22.54,248
1984-12-19,22.491,248
1984-12-20,22.465,248
1984-12-21,22.913,248
1984-12-22,22.973,248
1984-12-23,22.592,248
1984-12-24,22.423,248
1984-12-25,22.337,248
1984-12-26,22.243,248
1984-12-27,22.052,248
1984-12-28,21.767,248
1984-12-29,22.439,248
1984-12-30,23.179,248
1984-12-31,23.044,248
1985-01-01,22.734,248
1985-01-02,22.724,248
1985-01-03,21.991,248
1985-01-04,21.898,248
1985-01-05,21.833,248
1985-01-06,22.125,248
1985-01-07,22.21,248
1985-01-08,22.042,248
1985-01-09,21.834,248
1985-01-10,21.77,248
1985-01-11,21.713,248
1985-01-12,21.682,248
1985-01-13,21.524,248
1985-01-14,21.321,248
1985-01-15,21.102,248
1985-01-16,20.868,248
1985-01-17,20.793,248
1985-01-18,20.678,248
1985-01-19,20.602,248
1985-01-20,20.504,248
1985-01-21,20.455,248
1985-01-22,20.377,248
1985-01-23,20.347,248
1985-01-24,20.016,248
1985-01-25,20.256,248
1985-01-26,20.268,248
1985-01-27,20.299,248
1985-01-28,20.232,248
1985-01-29,20.149,248
1985-01-30,20.013,248
1985-01-31,20.156,248
1985-02-01,20.367,248
1985-02-02,20.414,248
1985-02-03,20.252,248
1985-02-04,19.928,248
1985-02-05,19.846,248
1985-02-06,19.829,248
1985-02-07,19.965,248
1985-02-08,20.017,248
1985-02-09,20.035,248
1985-02-10,19.271,248
1985-02-11,19.373,248
1985-02-12,19.372,248
1985-02-13,19.273,248
1985-02-14,19.192,248
1985-02-15,19.204,248
1985-02-16,19.147,248
1985-02-17,19.183,248
1985-02-18,19.295,248
1985-02-19,19.266,248
1985-02-20,19.053,248
1985-02-21,19.027,248
1985-02-22,19.062,248
1985-02-23,19.24,248
1985-02-24,19.238,248
1985-02-25,19.517,248
1985-02-26,19.656,248
1985-02-27,19.513,248
1985-02-28,20.02,248
1985-03-01,20.049,248
1985-03-02,20.08,248
1985-03-03,20.209,248
1985-03-04,20.315,248
1985-03-05,20.688,248
1985-03-06,21.022,248
1985-03-07,21.368,248
1985-03-08,21.573,248
1985-03-09,21.588,248
1985-03-10,21.473,248
1985-03-11,21.616,248
1985-03-12,21.879,248
1985-03-13,21.868,248
1985-03-14,21.634,248
1985-03-15,21.575,248
1985-03-16,21.369,248
1985-03-17,21.349,248
1985-03-18,21.285,248
1985-03-19,21.328,248
1985-03-20,20.74,248
1985-03-21,20.751,248
1985-03-22,20.779,248
1985-03-23,20.789,248
1985-03-24,20.699,248
1985-03-25,20.887,248
1985-03-26,20.914,248
1985-03-27,20.925,248
1985-03-28,20.815,248
1985-03-29,20.709,248
1985-03-30,20.361,248
1985-03-31,20.197,248
1985-04-01,20.565,248
1985-04-02,20.64,248
1985-04-03,20.597,248
1985-04-04,20.537,248
1985-04-05,20.634,248
1985-04-06,20.79,248
1985-04-07,20.819,248
1985-04-08,20.735,248
1985-04-09,20.677,248
1985-04-10,20.586,248
1985-04-11,20.537,248
1985-04-12,20.568,248
1985-04-13,20.715,248
1985-04-14,20.978,248
1985-04-15,21.116,248
1985-04-16,21.123,248
1985-04-17,21.068,248
1985-04-18,21.271,248
1985-04-19,21.657,248
1985-04-20,21.941,248
1985-04-21,22.247,248
1985-04-22,22.356,248
1985-04-23,22.35,248
1985-04-24,22.442,248
1985-04-25,22.357,248
1985-04-26,22.65,248
1985-04-27,22.788,248
1985-04-28,22.872,248
1985-04-29,23.289,248
1985-04-30,23.341,248
1985-05-01,23.36,248
1985-05-02,23.542,248
1985-05-03,23.402,248
1985-05-04,23.416,248
1985-05-05,23.473,248
1985-05-06,23.486,248
1985-05-07,23.466,248
1985-05-08,23.602,248
1985-05-09,24.59,248
1985-05-10,24.633,248
1985-05-11,25.157,248
1985-05-12,25.149,248
1985-05-13,25.14,248
1985-05-14,25.092,248
1985-05-15,25.065,248
1985-05-16,25.28,248
1985-05-17,25.464,248
1985-05-18,25.615,248
1985-05-19,25.307,248
1985-05-20,25.197,248
1985-05-21,25.094,248
1985-05-22,25.025,248
1985-05-23,25.541,248
1985-05-24,25.648,248
1985-05-25,25.831,248
1985-05-26,26.292,248
1985-05-27,26.695,248
1985-05-28,26.083,248
1985-05-29,25.978,248
1985-05-30,25.931,248
1985-05-31,25.984,248
1985-06-01,26.2,248
1985-06-02,26.543,248
1985-06-03,26.745,248
1985-06-04,26.772,248
1985-06-05,27.229,248
1985-06-06,26.914,248
1985-06-07,26.788,248
1985-06-08,28.272,248
1985-06-09,28.385,248
1985-06-10,28.292,248
1985-06-11,28.11,248
1985-06-12,27.896,248
1985-06-13,27.91,248
1985-06-14,27.892,248
1985-06-15,28.024,248
1985-06-16,28.095,248
1985-06-17,28.121,248
1985-06-18,27.996,248
1985-06-19,27.962,248
1985-06-20,27.858,248
1985-06-21,27.891,248
1985-06-22,27.366,248
1985-06-23,27.241,248
1985-06-24,27.248,248
1985-06-25,27.295,248
1985-06-26,27.839,248
1985-06-27,27.87,248
1985-06-28,27.875,248
1985-06-29,28.069,248
1985-06-30,28.171,248
1985-07-01,28.182,248
1985-07-02,28.455,248
1985-07-03,28.425,248
1985-07-04,28.485,248
1985-07-05,27.588,248
1985-07-06,27.294,248
1985-07-07,27.323,248
1985-07-08,27.331,248
1985-07-09,27.449,248
1985-07-10,27.827,248
1985-07-11,27.866,248
1985-07-12,28.191,248
1985-07-13,27.915,248
1985-07-14,27.981,248
1985-07-15,28.021,248
1985-07-16,28.413,248
1985-07-17,28.527,248
1985-07-18,28.266,248
1985-07-19,27.982,248
1985-07-20,27.971,248
1985-07-21,27.966,248
1985-07-22,28.512,248
1985-07-23,28.765,248
1985-07-24,28.722,248
1985-07-25,28.693,248
1985-07-26,28.769,248
1985-07-27,29.132,248
1985-07-28,29.235,248
1985-07-29,29.04,248
1985-07-30,29.055,248
1985-07-31,29.065,248
1985-08-01,29.204,248
1985-08-02,29.199,248
1985-08-03,29.204,248
1985-08-04,29.532,248
1985-08-05,29.556,248
1985-08-06,29.497,248
1985-08-07,29.45,248
1985-08-08,29.378,248
1985-08-09,29.352,248
1985-08-10,29.325,248
1985-08-11,29.351,248
1985-08-12,29.374,248
1985-08-13,29.453,248
1985-08-14,29.522,248
1985-08-15,29.381,248
1985-08-16,28.965,248
1985-08-17,28.853,248
1985-08-18,28.868,248
1985-08-19,28.929,248
1985-08-20,29.039,248
1985-08-21,29.208,248
1985-08-22,29.321,248
1985-08-23,29.637,248
1985-08-24,29.805,248
1985-08-25,29.643,248
1985-08-26,29.434,248
1985-08-27,29.27,248
1985-08-28,28.988,248
1985-08-29,28.574,248
1985-08-30,29.033,248
1985-08-31,29.277,248
1985-09-01,29.375,248
1985-09-02,29.34,248
1985-09-03,29.225,248
1985-09-04,29.133,248
1985-09-05,29.159,248
1985-09-06,29.143,248
1985-09-07,29.013,248
1985-09-08,29.05,248
1985-09-09,29.044,248
1985-09-10,29.003,248
1985-09-11,29.085,248
1985-09-12,29.27,248
1985-09-13,29.068,248
1985-09-14,28.938,248
1985-09-15,28.699,248
1985-09-16,28.34,248
1985-09-17,28.242,248
1985-09-18,28.085,248
1985-09-19,28.003,248
1985-09-20,28.021,248
1985-09-21,28.201,248
1985-09-22,28.267,248
1985-09-23,28.314,248
1985-09-24,28.244,248
1985-09-25,28.068,248
1985-09-26,28.106,248
1985-09-27,27.8,248
1985-09-28,27.585,248
1985-09-29,27.407,248
1985-09-30,27.464,248
1985-10-01,27.17,248
1985-10-02,27.008,248
1985-10-03,27.193,248
1985-10-04,27.186,248
1985-10-05,27.114,248
1985-10-06,26.92,248
1985-10-07,26.745,248
1985-10-08,26.803,248
1985-10-09,26.875,248
1985-10-10,26.911,248
1985-10-11,26.885,248
1985-10-12,26.864,248
1985-10-13,26.769,248
1985-10-14,26.768,248
1985-10-15,26.775,248
1985-10-16,26.809,248
1985-10-17,26.85,248
1985-10-18,26.85,248
1985-10-19,26.837,248
1985-10-20,27.042,248
1985-10-21,27.033,248
1985-10-22,27.036,248
1985-10-23,26.863,248
1985-10-24,26.72,248
1985-10-25,26.652,248
1985-10-26,26.516,248
1985-10-27,26.469,248
1985-10-28,26.276,248
1985-10-29,26.023,248
1985-10-30,25.306,248
1985-10-31,24.76,248
1985-11-01,24.773,248
1985-11-02,24.778,248
1985-11-03,24.439,248
1985-11-04,24.246,248
1985-11-05,24.135,248
1985-11-06,24.072,248
1985-11-07,23.998,248
1985-11-08,23.981,248
1985-11-09,24.081,248
1985-11-10,24.211,248
1985-11-11,24.042,248
1985-11-12,23.617,248
1985-11-13,23.538,248
1985-11-14,23.714,248
1985-11-15,24.137,248
1985-11-16,24.312,248
1985-11-17,24.459,248
1985-11-18,24.404,248
1985-11-19,24.182,248
1985-11-20,24.113,248
1985-11-21,24.126,248
1985-11-22,23.521,248
1985-11-23,23.722,248
1985-11-24,24.01,248
1985-11-25,23.988,248
1985-11-26,24.057,248
1985-11-27,24.232,248
1985-11-28,24.265,248
1985-11-29,23.778,248
1985-11-30,23.707,248
1985-12-01,23.715,248
1985-12-02,23.514,248
1985-12-03,23.403,248
1985-12-04,23.365,248
1985-12-05,23.425,248
1985-12-06,23.337,248
1985-12-07,23.277,248
1985-12-08,23.198,248
1985-12-09,23.177,248
1985-12-10,23.305,248
1985-12-11,23.26,248
1985-12-12,23.232,248
1985-12-13,23.064,248
1985-12-14,22.864,248
1985-12-15,22.679,248
1985-12-16,22.676,248
1985-12-17,22.627,248
1985-12-18,21.931,248
1985-12-19,21.693,248
1985-12-20,21.867,248
1985-12-21,22.08,248
1985-12-22,22.1,248
1985-12-23,22.316,248
1985-12-24,22.462,248
1985-12-25,22.404,248
1985-12-26,22.276,248
1985-12-27,22.023,248
1985-12-28,21.963,248
1985-12-29,21.966,248
1985-12-30,21.999,248
1985-12-31,21.999,248
1986-01-01,21.936,248
1986-01-02,22.18,248
1986-01-03,22.272,248
1986-01-04,22.375,248
1986-01-05,22.355,248
1986-01-06,22.355,248
1986-01-07,22.134,248
1986-01-08,22.006,248
1986-01-09,21.812,248
1986-01-10,21.616,248
1986-01-11,21.585,248
1986-01-12,21.535,248
1986-01-13,21.395,248
1986-01-14,21.252,248
1986-01-15,21.201,248
1986-01-16,21.264,248
1986-01-17,21.305,248
1986-01-18,20.827,248
1986-01-19,21.203,248
1986-01-20,21.414,248
1986-01-21,21.541,248
1986-01-22,21.532,248
1986-01-23,21.415,248
1986-01-24,21.368,248
1986-01-25,21.407,248
1986-01-26,21.27,248
1986-01-27,20.893,248
1986-01-28,20.661,248
1986-01-29,20.658,248
1986-01-30,20.726,248
1986-01-31,20.784,248
1986-02-01,20.907,248
1986-02-02,21.002,248
1986-02-03,20.982,248
1986-02-04,20.807,248
1986-02-05,21.057,248
1986-02-06,21.012,248
1986-02-07,21.005,248
1986-02-08,21,248
1986-02-09,21.036,248
1986-02-10,20.985,248
1986-02-11,20.946,248
1986-02-12,20.886,248
1986-02-13,20.895,248
1986-02-14,20.623,248
1986-02-15,20.426,248
1986-02-16,20.432,248
1986-02-17,20.494,248
1986-02-18,20.646,248
1986-02-19,20.734,248
1986-02-20,20.702,248
1986-02-21,20.72,248
1986-02-22,20.74,248
1986-02-23,20.77,248
1986-02-24,20.93,248
1986-02-25,21.127,248
1986-02-26,21.074,248
1986-02-27,21.002,248
1986-02-28,20.929,248
1986-03-01,20.703,248
1986-03-02,20.709,248
1986-03-03,20.72,248
1986-03-04,20.563,248
1986-03-05,20.576,248
1986-03-06,20.688,248
1986-03-07,20.71,248
1986-03-08,21.008,248
1986-03-09,20.998,248
1986-03-10,20.829,248
1986-03-11,20.725,248
1986-03-12,20.88,248
1986-03-13,20.986,248
1986-03-14,20.786,248
1986-03-15,20.996,248
1986-03-16,21.008,248
1986-03-17,20.965,248
1986-03-18,20.88,248
1986-03-19,20.722,248
1986-03-20,20.899,248
1986-03-21,20.695,248
1986-03-22,20.641,248
1986-03-23,20.594,248
1986-03-24,20.63,248
1986-03-25,20.8,248
1986-03-26,20.856,248
1986-03-27,20.768,248
1986-03-28,20.723,248
1986-03-29,20.715,248
1986-03-30,20.742,248
1986-03-31,21.136,248
1986-04-01,21.188,248
1986-04-02,21.217,248
1986-04-03,20.795,248
1986-04-04,20.575,248
1986-04-05,21.654,248
1986-04-06,21.792,248
1986-04-07,21.79,248
1986-04-08,21.68,248
1986-04-09,21.593,248
1986-04-10,22.11,248
1986-04-11,22.154,248
1986-04-12,22.199,248
1986-04-13,22.201,248
1986-04-14,22.213,248
1986-04-15,22.205,248
1986-04-16,22.236,248
1986-04-17,22,248
1986-04-18,21.644,248
1986-04-19,21.626,248
1986-04-20,22.006,248
1986-04-21,22.432,248
1986-04-22,22.518,248
1986-04-23,22.517,248
1986-04-24,22.494,248
1986-04-25,22.477,248
1986-04-26,22.526,248
1986-04-27,22.576,248
1986-04-28,22.69,248
1986-04-29,22.802,248
1986-04-30,22.893,248
1986-05-01,22.901,248
1986-05-02,23.152,248
1986-05-03,23.614,248
1986-05-04,23.625,248
1986-05-05,23.62,248
1986-05-06,23.588,248
1986-05-07,23.371,248
1986-05-08,23.282,248
1986-05-09,23.246,248
1986-05-10,24.393,248
1986-05-11,24.412,248
1986-05-12,24.593,248
1986-05-13,24.775,248
1986-05-14,24.87,248
1986-05-15,24.747,248
1986-05-16,24.39,248
1986-05-17,24.333,248
1986-05-18,24.523,248
1986-05-19,24.577,248
1986-05-20,24.671,248
1986-05-21,24.663,248
1986-05-22,24.78,248
1986-05-23,24.912,248
1986-05-24,24.923,248
1986-05-25,24.914,248
1986-05-26,25.458,248
1986-05-27,25.742,248
1986-05-28,25.756,248
1986-05-29,25.901,248
1986-05-30,26.11,248
1986-05-31,26.143,248
1986-06-01,26.208,248
1986-06-02,26.214,248
1986-06-03,26.295,248
1986-06-04,26.449,248
1986-06-05,26.862,248
1986-06-06,27.166,248
1986-06-07,27.205,248
1986-06-08,27.294,248
1986-06-09,27.54,248
1986-06-10,27.289,248
1986-06-11,27.28,248
1986-06-12,27.349,248
1986-06-13,27.954,248
1986-06-14,28.061,248
1986-06-15,28.074,248
1986-06-16,28.08,248
1986-06-17,28.074,248
1986-06-18,28.128,248
1986-06-19,28.259,248
1986-06-20,28.493,248
1986-06-21,28.599,248
1986-06-22,28.61,248
1986-06-23,28.632,248
1986-06-24,28.71,248
1986-06-25,28.75,248
1986-06-26,27.673,248
1986-06-27,27.663,248
1986-06-28,27.712,248
1986-06-29,28.365,248
1986-06-30,28.742,248
1986-07-01,28.549,248
1986-07-02,28.341,248
1986-07-03,28.037,248
1986-07-04,27.85,248
1986-07-05,28.486,248
1986-07-06,28.671,248
1986-07-07,29.107,248
1986-07-08,29.288,248
1986-07-09,29.114,248
1986-07-10,29,248
1986-07-11,28.932,248
1986-07-12,28.741,248
1986-07-13,28.64,248
1986-07-14,28.722,248
1986-07-15,28.821,248
1986-07-16,28.803,248
1986-07-17,29.124,248
1986-07-18,29.315,248
1986-07-19,29.334,248
1986-07-20,29.391,248
1986-07-21,29.464,248
1986-07-22,29.491,248
1986-07-23,29.689,248
1986-07-24,29.471,248
1986-07-25,29.363,248
1986-07-26,29.232,248
1986-07-27,28.615,248
1986-07-28,28.508,248
1986-07-29,28.53,248
1986-07-30,28.473,248
1986-07-31,28.543,248
1986-08-01,28.638,248
1986-08-02,28.684,248
1986-08-03,28.752,248
1986-08-04,28.816,248
1986-08-05,28.92,248
1986-08-06,28.939,248
1986-08-07,28.965,248
1986-08-08,28.978,248
1986-08-09,28.933,248
1986-08-10,28.947,248
1986-08-11,29.108,248
1986-08-12,29.33,248
1986-08-13,29.504,248
1986-08-14,29.199,248
1986-08-15,29.373,248
1986-08-16,29.391,248
1986-08-17,29.431,248
1986-08-18,29.425,248
1986-08-19,29.418,248
1986-08-20,29.439,248
1986-08-21,29.327,248
1986-08-22,29.293,248
1986-08-23,28.884,248
1986-08-24,28.921,248
1986-08-25,28.903,248
1986-08-26,28.839,248
1986-08-27,28.822,248
1986-08-28,28.987,248
1986-08-29,28.986,248
1986-08-30,28.974,248
1986-08-31,28.954,248
1986-09-01,29.034,248
1986-09-02,28.956,248
1986-09-03,28.902,248
1986-09-04,28.95,248
1986-09-05,29.154,248
1986-09-06,29.146,248
1986-09-07,29.065,248
1986-09-08,29.095,248
1986-09-09,28.388,248
1986-09-10,28.391,248
1986-09-11,28.458,248
1986-09-12,28.945,248
1986-09-13,29.099,248
1986-09-14,28.994,248
1986-09-15,28.801,248
1986-09-16,28.718,248
1986-09-17,28.667,248
1986-09-18,28.624,248
1986-09-19,28.602,248
1986-09-20,28.518,248
1986-09-21,28.604,248
1986-09-22,28.681,248
1986-09-23,28.626,248
1986-09-24,28.646,248
1986-09-25,28.554,248
1986-09-26,28.57,248
1986-09-27,28.583,248
1986-09-28,28.602,248
1986-09-29,28.603,248
1986-09-30,28.563,248
1986-10-01,28.466,248
1986-10-02,28.278,248
1986-10-03,28.009,248
1986-10-04,28.079,248
1986-10-05,28.17,248
1986-10-06,28.261,248
1986-10-07,28.278,248
1986-10-08,27.991,248
1986-10-09,28.202,248
1986-10-10,28.222,248
1986-10-11,28.065,248
1986-10-12,27.998,248
1986-10-13,27.999,248
1986-10-14,28.058,248
1986-10-15,27.316,248
1986-10-16,27.064,248
1986-10-17,26.958,248
1986-10-18,26.993,248
1986-10-19,27.002,248
1986-10-20,26.978,248
1986-10-21,26.937,248
1986-10-22,26.722,248
1986-10-23,26.641,248
1986-10-24,25.746,248
1986-10-25,25.449,248
1986-10-26,26.318,248
1986-10-27,26.237,248
1986-10-28,26.059,248
1986-10-29,25.918,248
1986-10-30,25.883,248
1986-10-31,25.84,248
1986-11-01,25.658,248
1986-11-02,25.511,248
1986-11-03,25.46,248
1986-11-04,25.464,248
1986-11-05,25.274,248
1986-11-06,25.69,248
1986-11-07,25.715,248
1986-11-08,25.792,248
1986-11-09,25.688,248
1986-11-10,25.366,248
1986-11-11,24.872,248
1986-11-12,24.879,248
1986-11-13,24.788,248
1986-11-14,24.874,248
1986-11-15,24.851,248
1986-11-16,24.788,248
1986-11-17,24.757,248
1986-11-18,24.69,248
1986-11-19,24.922,248
1986-11-20,25.145,248
1986-11-21,25.234,248
1986-11-22,25.31,248
1986-11-23,25.288,248
1986-11-24,25.252,248
1986-11-25,25.103,248
1986-11-26,25.093,248
1986-11-27,25.099,248
1986-11-28,24.914,248
1986-11-29,24.841,248
1986-11-30,23.923,248
1986-12-01,24.153,248
1986-12-02,24.18,248
1986-12-03,24.182,248
1986-12-04,23.728,248
1986-12-05,23.762,248
1986-12-06,23.792,248
1986-12-07,23.815,248
1986-12-08,23.811,248
1986-12-09,23.786,248
1986-12-10,23.751,248
1986-12-11,23.567,248
1986-12-12,23.423,248
1986-12-13,23.307,248
1986-12-14,22.762,248
1986-12-15,22.566,248
1986-12-16,22.476,248
1986-12-17,22.736,248
1986-12-18,22.858,248
1986-12-19,22.887,248
1986-12-20,22.811,248
1986-12-21,22.71,248
1986-12-22,22.593,248
1986-12-23,22.445,248
1986-12-24,22.2,248
1986-12-25,22.08,248
1986-12-26,22.092,248
1986-12-27,21.837,248
1986-12-28,21.677,248
1986-12-29,21.58,248
1986-12-30,21.78,248
1986-12-31,21.817,248
1987-01-01,21.797,248
1987-01-02,21.773,248
1987-01-03,21.667,248
1987-01-04,21.459,248
1987-01-05,21.21,248
1987-01-06,21.071,248
1987-01-07,21.098,248
1987-01-08,21.02,248
1987-01-09,20.986,248
1987-01-10,20.87,248
1987-01-11,20.675,248
1987-01-12,20.725,248
1987-01-13,20.705,248
1987-01-14,20.715,248
1987-01-15,20.743,248
1987-01-16,21.019,248
1987-01-17,21.053,248
1987-01-18,20.747,248
1987-01-19,20.682,248
1987-01-20,20.648,248
1987-01-21,19.922,248
1987-01-22,20.097,248
1987-01-23,20.14,248
1987-01-24,20.248,248
1987-01-25,20.385,248
1987-01-26,20.342,248
1987-01-27,20.454,248
1987-01-28,20.671,248
1987-01-29,20.72,248
1987-01-30,20.498,248
1987-01-31,20.237,248
1987-02-01,20.234,248
1987-02-02,20.234,248
1987-02-03,20.179,248
1987-02-04,20.206,248
1987-02-05,20.159,248
1987-02-06,20.384,248
1987-02-07,20.355,248
1987-02-08,20.295,248
1987-02-09,20.231,248
1987-02-10,20.154,248
1987-02-11,20.556,248
1987-02-12,20.639,248
1987-02-13,20.33,248
1987-02-14,20.284,248
1987-02-15,20.143,248
1987-02-16,19.962,248
1987-02-17,19.657,248
1987-02-18,19.588,248
1987-02-19,19.616,248
1987-02-20,19.693,248
1987-02-21,19.786,248
1987-02-22,19.806,248
1987-02-23,19.859,248
1987-02-24,19.916,248
1987-02-25,20.338,248
1987-02-26,20.473,248
1987-02-27,20.486,248
1987-02-28,20.458,248
1987-03-01,20.37,248
1987-03-02,20.122,248
1987-03-03,20.123,248
1987-03-04,19.8,248
1987-03-05,19.705,248
1987-03-06,19.755,248
1987-03-07,19.908,248
1987-03-08,19.994,248
1987-03-09,20.019,248
1987-03-10,20.019,248
1987-03-11,19.984,248
1987-03-12,19.818,248
1987-03-13,19.6,248
1987-03-14,19.788,248
1987-03-15,19.848,248
1987-03-16,19.82,248
1987-03-17,19.718,248
1987-03-18,19.612,248
1987-03-19,19.638,248
1987-03-20,20.126,248
1987-03-21,20.275,248
1987-03-22,20.275,248
1987-03-23,20.233,248
1987-03-24,20.221,248
1987-03-25,20.223,248
1987-03-26,20.337,248
1987-03-27,19.886,248
1987-03-28,19.883,248
1987-03-29,19.885,248
1987-03-30,19.92,248
1987-03-31,19.903,248
1987-04-01,19.89,248
1987-04-02,19.726,248
1987-04-03,19.694,248
1987-04-04,19.68,248
1987-04-05,19.617,248
1987-04-06,19.59,248
1987-04-07,19.481,248
1987-04-08,19.52,248
1987-04-09,19.613,248
1987-04-10,19.67,248
1987-04-11,19.703,248
1987-04-12,19.868,248
1987-04-13,20.241,248
1987-04-14,20.304,248
1987-04-15,20.346,248
1987-04-16,20.37,248
1987-04-17,20.376,248
1987-04-18,20.565,248
1987-04-19,21.017,248
1987-04-20,21.212,248
1987-04-21,21.251,248
1987-04-22,21.845,248
1987-04-23,21.947,248
1987-04-24,21.94,248
1987-04-25,21.929,248
1987-04-26,21.92,248
1987-04-27,21.947,248
1987-04-28,22.175,248
1987-04-29,22.591,248
1987-04-30,22.656,248
1987-05-01,22.846,248
1987-05-02,23.055,248
1987-05-03,23.087,248
1987-05-04,23.071,248
1987-05-05,23.084,248
1987-05-06,23.202,248
1987-05-07,23.317,248
1987-05-08,23.126,248
1987-05-09,23.322,248
1987-05-10,23.649,248
1987-05-11,23.927,248
1987-05-12,24.048,248
1987-05-13,24.174,248
1987-05-14,24.333,248
1987-05-15,24.376,248
1987-05-16,24.6,248
1987-05-17,24.482,248
1987-05-18,24.501,248
1987-05-19,24.585,248
1987-05-20,25.171,248
1987-05-21,25.687,248
1987-05-22,26.015,248
1987-05-23,26.348,248
1987-05-24,26.686,248
1987-05-25,27.032,248
1987-05-26,26.181,248
1987-05-27,25.878,248
1987-05-28,25.821,248
1987-05-29,25.791,248
1987-05-30,25.67,248
1987-05-31,25.683,248
1987-06-01,25.799,248
1987-06-02,25.975,248
1987-06-03,25.952,248
1987-06-04,25.985,248
1987-06-05,26.171,248
1987-06-06,26.352,248
1987-06-07,26.499,248
1987-06-08,26.796,248
1987-06-09,26.911,248
1987-06-10,26.636,248
1987-06-11,26.191,248
1987-06-12,26.07,248
1987-06-13,25.994,248
1987-06-14,26.336,248
1987-06-15,26.575,248
1987-06-16,26.649,248
1987-06-17,26.764,248
1987-06-18,27.263,248
1987-06-19,27.275,248
1987-06-20,27.264,248
1987-06-21,27.39,248
1987-06-22,27.462,248
1987-06-23,27.917,248
1987-06-24,28.295,248
1987-06-25,28.446,248
1987-06-26,28.453,248
1987-06-27,28.475,248
1987-06-28,28.487,248
1987-06-29,28.482,248
1987-06-30,28.444,248
1987-07-01,28.311,248
1987-07-02,28.306,248
1987-07-03,28.322,248
1987-07-04,28.331,248
1987-07-05,28.371,248
1987-07-06,28.411,248
1987-07-07,28.424,248
1987-07-08,28.198,248
1987-07-09,28.506,248
1987-07-10,28.53,248
1987-07-11,28.69,248
1987-07-12,28.827,248
1987-07-13,28.793,248
1987-07-14,28.734,248
1987-07-15,28.71,248
1987-07-16,29.014,248
1987-07-17,29.108,248
1987-07-18,28.932,248
1987-07-19,28.825,248
1987-07-20,28.813,248
1987-07-21,29.271,248
1987-07-22,29.266,248
1987-07-23,29.142,248
1987-07-24,28.952,248
1987-07-25,28.892,248
1987-07-26,28.837,248
1987-07-27,28.711,248
1987-07-28,28.614,248
1987-07-29,28.716,248
1987-07-30,29.103,248
1987-07-31,29.463,248
1987-08-01,29.561,248
1987-08-02,29.475,248
1987-08-03,29.343,248
1987-08-04,29.512,248
1987-08-05,29.563,248
1987-08-06,29.587,248
1987-08-07,29.767,248
1987-08-08,29.793,248
1987-08-09,29.191,248
1987-08-10,28.843,248
1987-08-11,28.676,248
1987-08-12,28.614,248
1987-08-13,28.569,248
1987-08-14,28.569,248
1987-08-15,28.305,248
1987-08-16,28.142,248
1987-08-17,28.367,248
1987-08-18,29.265,248
1987-08-19,29.811,248
1987-08-20,29.9,248
1987-08-21,29.81,248
1987-08-22,29.676,248
1987-08-23,29.635,248
1987-08-24,29.542,248
1987-08-25,29.34,248
1987-08-26,29.085,248
1987-08-27,29.363,248
1987-08-28,29.564,248
1987-08-29,29.703,248
1987-08-30,29.933,248
1987-08-31,29.727,248
1987-09-01,29.372,248
1987-09-02,28.884,248
1987-09-03,28.888,248
1987-09-04,28.942,248
1987-09-05,28.912,248
1987-09-06,29.07,248
1987-09-07,29.169,248
1987-09-08,29.253,248
1987-09-09,29.152,248
1987-09-10,29.025,248
1987-09-11,28.97,248
1987-09-12,29.455,248
1987-09-13,29.421,248
1987-09-14,29.457,248
1987-09-15,29.459,248
1987-09-16,29.531,248
1987-09-17,29.338,248
1987-09-18,29.343,248
1987-09-19,29.306,248
1987-09-20,29.256,248
1987-09-21,29.213,248
1987-09-22,29.233,248
1987-09-23,28.496,248
1987-09-24,28.312,248
1987-09-25,28.176,248
1987-09-26,28.205,248
1987-09-27,28.205,248
1987-09-28,28.368,248
1987-09-29,28.151,248
1987-09-30,28.216,248
1987-10-01,28.156,248
1987-10-02,28.265,248
1987-10-03,27.984,248
1987-10-04,27.625,248
1987-10-05,27.304,248
1987-10-06,27.219,248
1987-10-07,27.198,248
1987-10-08,27.073,248
1987-10-09,26.962,248
1987-10-10,26.882,248
1987-10-11,26.94,248
1987-10-12,26.757,248
1987-10-13,26.604,248
1987-10-14,26.504,248
1987-10-15,26.51,248
1987-10-16,26.456,248
1987-10-17,26.444,248
1987-10-18,26.398,248
1987-10-19,26.218,248
1987-10-20,25.841,248
1987-10-21,26.021,248
1987-10-22,25.999,248
1987-10-23,25.94,248
1987-10-24,25.296,248
1987-10-25,25.355,248
1987-10-26,25.378,248
1987-10-27,25.387,248
1987-10-28,25.313,248
1987-10-29,25.276,248
1987-10-30,25.146,248
1987-10-31,24.908,248
1987-11-01,24.904,248
1987-11-02,25.054,248
1987-11-03,25.14,248
1987-11-04,25.044,248
1987-11-05,24.875,248
1987-11-06,24.803,248
1987-11-07,24.707,248
1987-11-08,24.671,248
1987-11-09,24.73,248
1987-11-10,24.08,248
1987-11-11,23.404,248
1987-11-12,23.316,248
1987-11-13,23.411,248
1987-11-14,23.58,248
1987-11-15,23.557,248
1987-11-16,23.394,248
1987-11-17,23.414,248
1987-11-18,23.476,248
1987-11-19,23.424,248
1987-11-20,23.461,248
1987-11-21,23.47,248
1987-11-22,23.465,248
1987-11-23,23.391,248
1987-11-24,23.49,248
1987-11-25,23.468,248
1987-11-26,23.488,248
1987-11-27,22.983,248
1987-11-28,22.858,248
1987-11-29,22.774,248
1987-11-30,22.73,248
1987-12-01,22.722,248
1987-12-02,22.749,248
1987-12-03,22.842,248
1987-12-04,22.936,248
1987-12-05,22.887,248
1987-12-06,22.926,248
1987-12-07,22.785,248
1987-12-08,22.546,248
1987-12-09,22.397,248
1987-12-10,22.51,248
1987-12-11,22.28,248
1987-12-12,22.234,248
1987-12-13,22.178,248
1987-12-14,22.115,248
1987-12-15,21.956,248
1987-12-16,21.844,248
1987-12-17,21.811,248
1987-12-18,21.755,248
1987-12-19,21.821,248
1987-12-20,21.927,248
1987-12-21,21.847,248
1987-12-22,21.895,248
1987-12-23,21.973,248
1987-12-24,22.069,248
1987-12-25,22.203,248
1987-12-26,22.217,248
1987-12-27,22.192,248
1987-12-28,21.7,248
1987-12-29,21.639,248
1987-12-30,21.62,248
1987-12-31,21.56,248
1988-01-01,21.427,248
1988-01-02,21.441,248
1988-01-03,21.294,248
1988-01-04,21.264,248
1988-01-05,21.173,248
1988-01-06,21.103,248
1988-01-07,21.025,248
1988-01-08,20.948,248
1988-01-09,20.92,248
1988-01-10,20.813,248
1988-01-11,20.604,248
1988-01-12,20.579,248
1988-01-13,20.544,248
1988-01-14,20.451,248
1988-01-15,20.357,248
1988-01-16,20.589,248
1988-01-17,20.623,248
1988-01-18,21.177,248
1988-01-19,21.138,248
1988-01-20,20.879,248
1988-01-21,20.537,248
1988-01-22,20.458,248
1988-01-23,20.42,248
1988-01-24,20.136,248
1988-01-25,20.127,248
1988-01-26,20.15,248
1988-01-27,20.226,248
1988-01-28,20.3,248
1988-01-29,20.296,248
1988-01-30,20.063,248
1988-01-31,20.096,248
1988-02-01,19.791,248
1988-02-02,19.63,248
1988-02-03,19.602,248
1988-02-04,19.795,248
1988-02-05,19.885,248
1988-02-06,19.822,248
1988-02-07,19.808,248
1988-02-08,19.822,248
1988-02-09,19.944,248
1988-02-10,20.019,248
1988-02-11,19.948,248
1988-02-12,19.746,248
1988-02-13,19.744,248
1988-02-14,19.823,248
1988-02-15,19.966,248
1988-02-16,19.96,248
1988-02-17,19.898,248
1988-02-18,19.892,248
1988-02-19,20.01,248
1988-02-20,19.995,248
1988-02-21,19.968,248
1988-02-22,19.94,248
1988-02-23,19.921,248
1988-02-24,20.115,248
1988-02-25,20.18,248
1988-02-26,20.048,248
1988-02-27,19.58,248
1988-02-28,19.672,248
1988-02-29,19.704,248
1988-03-01,19.724,248
1988-03-02,19.72,248
1988-03-03,19.654,248
1988-03-04,19.835,248
1988-03-05,19.943,248
1988-03-06,20.013,248
1988-03-07,20.04,248
1988-03-08,20.421,248
1988-03-09,20.385,248
1988-03-10,20.396,248
1988-03-11,20.388,248
1988-03-12,20.338,248
1988-03-13,20.245,248
1988-03-14,20.157,248
1988-03-15,19.987,248
1988-03-16,19.784,248
1988-03-17,19.745,248
1988-03-18,19.472,248
1988-03-19,19.165,248
1988-03-20,19.263,248
1988-03-21,19.345,248
1988-03-22,19.446,248
1988-03-23,19.564,248
1988-03-24,19.571,248
1988-03-25,19.632,248
1988-03-26,20.137,248
1988-03-27,20.535,248
1988-03-28,20.23,248
1988-03-29,20.023,248
1988-03-30,19.693,248
1988-03-31,20.927,248
1988-04-01,21.043,248
1988-04-02,21.063,248
1988-04-03,21.748,248
1988-04-04,21.112,248
1988-04-05,20.776,248
1988-04-06,20.971,248
1988-04-07,21.182,248
1988-04-08,21.207,248
1988-04-09,21.239,248
1988-04-10,21.325,248
1988-04-11,21.058,248
1988-04-12,20.722,248
1988-04-13,20.697,248
1988-04-14,20.632,248
1988-04-15,20.436,248
1988-04-16,21.343,248
1988-04-17,21.571,248
1988-04-18,21.584,248
1988-04-19,21.513,248
1988-04-20,21.239,248
1988-04-21,20.769,248
1988-04-22,21.568,248
1988-04-23,22.102,248
1988-04-24,22.11,248
1988-04-25,22.329,248
1988-04-26,21.99,248
1988-04-27,22.171,248
1988-04-28,22.402,248
1988-04-29,22.811,248
1988-04-30,22.348,248
1988-05-01,22.197,248
1988-05-02,22.203,248
1988-05-03,22.416,248
1988-05-04,22.522,248
1988-05-05,22.595,248
1988-05-06,22.691,248
1988-05-07,22.771,248
1988-05-08,22.856,248
1988-05-09,22.945,248
1988-05-10,22.966,248
1988-05-11,23.257,248
1988-05-12,23.567,248
1988-05-13,23.404,248
1988-05-14,23.453,248
1988-05-15,23.6,248
1988-05-16,23.686,248
1988-05-17,23.754,248
1988-05-18,24.025,248
1988-05-19,24.217,248
1988-05-20,24.036,248
1988-05-21,24.023,248
1988-05-22,24.342,248
1988-05-23,24.406,248
1988-05-24,24.506,248
1988-05-25,24.708,248
1988-05-26,24.874,248
1988-05-27,24.873,248
1988-05-28,24.836,248
1988-05-29,24.768,248
1988-05-30,25.033,248
1988-05-31,24.962,248
1988-06-01,24.905,248
1988-06-02,24.892,248
1988-06-03,25.065,248
1988-06-04,25.372,248
1988-06-05,25.342,248
1988-06-06,25.803,248
1988-06-07,25.805,248
1988-06-08,25.735,248
1988-06-09,25.867,248
1988-06-10,26.095,248
1988-06-11,26.269,248
1988-06-12,26.272,248
1988-06-13,26.226,248
1988-06-14,26.195,248
1988-06-15,26.26,248
1988-06-16,26.356,248
1988-06-17,26.375,248
1988-06-18,26.447,248
1988-06-19,26.58,248
1988-06-20,26.713,248
1988-06-21,26.735,248
1988-06-22,26.703,248
1988-06-23,26.605,248
1988-06-24,26.767,248
1988-06-25,26.965,248
1988-06-26,26.959,248
1988-06-27,27,248
1988-06-28,27.496,248
1988-06-29,27.684,248
1988-06-30,27.813,248
1988-07-01,27.974,248
1988-07-02,28.115,248
1988-07-03,28.367,248
1988-07-04,28.505,248
1988-07-05,28.693,248
1988-07-06,28.694,248
1988-07-07,28.593,248
1988-07-08,28.425,248
1988-07-09,27.818,248
1988-07-10,27.711,248
1988-07-11,27.721,248
1988-07-12,27.724,248
1988-07-13,28.374,248
1988-07-14,28.32,248
1988-07-15,28.263,248
1988-07-16,28.271,248
1988-07-17,28.399,248
1988-07-18,28.622,248
1988-07-19,28.523,248
1988-07-20,28.607,248
1988-07-21,28.71,248
1988-07-22,28.932,248
1988-07-23,29.013,248
1988-07-24,28.962,248
1988-07-25,28.921,248
1988-07-26,28.976,248
1988-07-27,29.116,248
1988-07-28,29.131,248
1988-07-29,29.033,248
1988-07-30,29.157,248
1988-07-31,29.241,248
1988-08-01,29.276,248
1988-08-02,29.317,248
1988-08-03,29.388,248
1988-08-04,29.484,248
1988-08-05,29.522,248
1988-08-06,29.561,248
1988-08-07,29.144,248
1988-08-08,29.225,248
1988-08-09,29.257,248
1988-08-10,29.184,248
1988-08-11,29.417,248
1988-08-12,29.402,248
1988-08-13,29.412,248
1988-08-14,29.43,248
1988-08-15,29.414,248
1988-08-16,29.313,248
1988-08-17,29.327,248
1988-08-18,29.316,248
1988-08-19,29.591,248
1988-08-20,29.83,248
1988-08-21,29.877,248
1988-08-22,29.843,248
1988-08-23,29.802,248
1988-08-24,29.811,248
1988-08-25,29.835,248
1988-08-26,29.92,248
1988-08-27,29.932,248
1988-08-28,29.904,248
1988-08-29,29.796,248
1988-08-30,29.567,248
1988-08-31,29.486,248
1988-09-01,29.463,248
1988-09-02,29.442,248
1988-09-03,29.38,248
1988-09-04,29.012,248
1988-09-05,28.725,248
1988-09-06,27.894,248
1988-09-07,27.763,248
1988-09-08,27.714,248
1988-09-09,27.648,248
1988-09-10,27.485,248
1988-09-11,27.641,248
1988-09-12,27.577,248
1988-09-13,27.611,248
1988-09-14,27.538,248
1988-09-15,27.365,248
1988-09-16,27.27,248
1988-09-17,27.197,248
1988-09-18,27.156,248
1988-09-19,27.494,248
1988-09-20,27.616,248
1988-09-21,27.553,248
1988-09-22,27.531,248
1988-09-23,27.507,248
1988-09-24,27.64,248
1988-09-25,27.954,248
1988-09-26,27.922,248
1988-09-27,27.842,248
1988-09-28,27.781,248
1988-09-29,27.68,248
1988-09-30,27.517,248
1988-10-01,27.397,248
1988-10-02,27.357,248
1988-10-03,27.518,248
1988-10-04,27.368,248
1988-10-05,27.161,248
1988-10-06,26.915,248
1988-10-07,26.678,248
1988-10-08,26.526,248
1988-10-09,26.049,248
1988-10-10,25.907,248
1988-10-11,26.039,248
1988-10-12,26.535,248
1988-10-13,26.612,248
1988-10-14,26.466,248
1988-10-15,26.44,248
1988-10-16,26.352,248
1988-10-17,26.293,248
1988-10-18,26.334,248
1988-10-19,26.212,248
1988-10-20,26.372,248
1988-10-21,26.768,248
1988-10-22,26.799,248
1988-10-23,26.529,248
1988-10-24,26.1,248
1988-10-25,26.02,248
1988-10-26,26.067,248
1988-10-27,25.95,248
1988-10-28,25.725,248
1988-10-29,25.635,248
1988-10-30,25.734,248
1988-10-31,25.869,248
1988-11-01,25.836,248
1988-11-02,25.846,248
1988-11-03,25.787,248
1988-11-04,25.702,248
1988-11-05,25.662,248
1988-11-06,25.616,248
1988-11-07,25.604,248
1988-11-08,25.425,248
1988-11-09,24.934,248
1988-11-10,24.816,248
1988-11-11,24.717,248
1988-11-12,25.374,248
1988-11-13,25.369,248
1988-11-14,25.251,248
1988-11-15,25.136,248
1988-11-16,25.249,248
1988-11-17,25.103,248
1988-11-18,24.755,248
1988-11-19,24.514,248
1988-11-20,24.522,248
1988-11-21,23.976,248
1988-11-22,24.237,248
1988-11-23,24.314,248
1988-11-24,24.316,248
1988-11-25,24.274,248
1988-11-26,24.192,248
1988-11-27,23.854,248
1988-11-28,23.943,248
1988-11-29,24.014,248
1988-11-30,23.897,248
1988-12-01,23.413,248
1988-12-02,23.306,248
1988-12-03,23.282,248
1988-12-04,23.266,248
1988-12-05,23.2,248
1988-12-06,23.063,248
1988-12-07,23.017,248
1988-12-08,22.961,248
1988-12-09,22.915,248
1988-12-10,22.878,248
1988-12-11,22.624,248
1988-12-12,22.407,248
1988-12-13,22.401,248
1988-12-14,22.597,248
1988-12-15,22.697,248
1988-12-16,22.709,248
1988-12-17,22.555,248
1988-12-18,22.43,248
1988-12-19,22.174,248
1988-12-20,21.875,248
1988-12-21,22.039,248
1988-12-22,22.401,248
1988-12-23,22.778,248
1988-12-24,22.648,248
1988-12-25,22.433,248
1988-12-26,22.203,248
1988-12-27,21.936,248
1988-12-28,21.685,248
1988-12-29,21.696,248
1988-12-30,21.447,248
1988-12-31,21.307,248
1989-01-01,21.866,248
1989-01-02,22.457,248
1989-01-03,22.504,248
1989-01-04,22.541,248
1989-01-05,22.556,248
1989-01-06,22.508,248
1989-01-07,22.517,248
1989-01-08,22.516,248
1989-01-09,22.373,248
1989-01-10,22.403,248
1989-01-11,22.312,248
1989-01-12,22.252,248
1989-01-13,22.212,248
1989-01-14,22.196,248
1989-01-15,22.089,248
1989-01-16,22.042,248
1989-01-17,22.322,248
1989-01-18,22.341,248
1989-01-19,22.307,248
1989-01-20,22.101,248
1989-01-21,21.64,248
1989-01-22,21.591,248
1989-01-23,21.594,248
1989-01-24,21.785,248
1989-01-25,21.837,248
1989-01-26,21.849,248
1989-01-27,21.822,248
1989-01-28,21.771,248
1989-01-29,21.74,248
1989-01-30,21.611,248
1989-01-31,22.156,248
1989-02-01,22.144,248
1989-02-02,22.202,248
1989-02-03,22.237,248
1989-02-04,22.328,248
1989-02-05,22.198,248
1989-02-06,22.116,248
1989-02-07,22.037,248
1989-02-08,21.814,248
1989-02-09,21.115,248
1989-02-10,21.166,248
1989-02-11,21.476,248
1989-02-12,21.484,248
1989-02-13,21.63,248
1989-02-14,21.747,248
1989-02-15,21.941,248
1989-02-16,22.159,248
1989-02-17,22.325,248
1989-02-18,21.699,248
1989-02-19,21.273,248
1989-02-20,21.706,248
1989-02-21,21.75,248
1989-02-22,21.593,248
1989-02-23,21.269,248
1989-02-24,21.133,248
1989-02-25,21.066,248
1989-02-26,21.004,248
1989-02-27,20.94,248
1989-02-28,20.623,248
1989-03-01,20.615,248
1989-03-02,21.432,248
1989-03-03,21.481,248
1989-03-04,21.486,248
1989-03-05,21.225,248
1989-03-06,21.219,248
1989-03-07,21.112,248
1989-03-08,20.175,248
1989-03-09,20.17,248
1989-03-10,20.698,248
1989-03-11,20.758,248
1989-03-12,20.655,248
1989-03-13,20.671,248
1989-03-14,20.865,248
1989-03-15,21.045,248
1989-03-16,21.208,248
1989-03-17,21.407,248
1989-03-18,21.686,248
1989-03-19,22.08,248
1989-03-20,21.097,248
1989-03-21,20.453,248
1989-03-22,20.215,248
1989-03-23,20.379,248
1989-03-24,20.704,248
1989-03-25,20.844,248
1989-03-26,20.898,248
1989-03-27,21.017,248
1989-03-28,21.227,248
1989-03-29,21.599,248
1989-03-30,21.504,248
1989-03-31,21.487,248
1989-04-01,21.512,248
1989-04-02,21.567,248
1989-04-03,21.613,248
1989-04-04,21.703,248
1989-04-05,21.668,248
1989-04-06,21.696,248
1989-04-07,21.795,248
1989-04-08,22.026,248
1989-04-09,22.253,248
1989-04-10,22.18,248
1989-04-11,21.937,248
1989-04-12,22.046,248
1989-04-13,22.05,248
1989-04-14,21.998,248
1989-04-15,21.918,248
1989-04-16,21.852,248
1989-04-17,21.855,248
1989-04-18,22.025,248
1989-04-19,22.352,248
1989-04-20,22.403,248
1989-04-21,22.532,248
1989-04-22,22.657,248
1989-04-23,22.834,248
1989-04-24,22.98,248
1989-04-25,22.973,248
1989-04-26,22.933,248
1989-04-27,22.958,248
1989-04-28,23.228,248
1989-04-29,23.432,248
1989-04-30,23.46,248
1989-05-01,23.433,248
1989-05-02,23.393,248
1989-05-03,23.335,248
1989-05-04,23.335,248
1989-05-05,23.45,248
1989-05-06,23.773,248
1989-05-07,24.161,248
1989-05-08,23.848,248
1989-05-09,23.185,248
1989-05-10,23.283,248
1989-05-11,23.61,248
1989-05-12,24.105,248
1989-05-13,24.191,248
1989-05-14,24.223,248
1989-05-15,24.286,248
1989-05-16,23.922,248
1989-05-17,23.72,248
1989-05-18,23.716,248
1989-05-19,24.571,248
1989-05-20,24.699,248
1989-05-21,25.309,248
1989-05-22,25.505,248
1989-05-23,25.655,248
1989-05-24,25.983,248
1989-05-25,26.075,248
1989-05-26,25.871,248
1989-05-27,25.945,248
1989-05-28,26.505,248
1989-05-29,26.644,248
1989-05-30,26.95,248
1989-05-31,27.081,248
1989-06-01,27.281,248
1989-06-02,27.378,248
1989-06-03,27.267,248
1989-06-04,27.194,248
1989-06-05,27.089,248
1989-06-06,26.894,248
1989-06-07,27.47,248
1989-06-08,27.618,248
1989-06-09,27.545,248
1989-06-10,27.538,248
1989-06-11,27.452,248
1989-06-12,27.406,248
1989-06-13,27.352,248
1989-06-14,27.359,248
1989-06-15,27.234,248
1989-06-16,27.475,248
1989-06-17,27.289,248
1989-06-18,27.156,248
1989-06-19,27.012,248
1989-06-20,27.838,248
1989-06-21,27.803,248
1989-06-22,27.78,248
1989-06-23,27.725,248
1989-06-24,27.731,248
1989-06-25,27.77,248
1989-06-26,27.04,248
1989-06-27,26.8,248
1989-06-28,27.366,248
1989-06-29,26.995,248
1989-06-30,26.898,248
1989-07-01,26.998,248
1989-07-02,27.066,248
1989-07-03,27.037,248
1989-07-04,26.966,248
1989-07-05,27.057,248
1989-07-06,26.958,248
1989-07-07,27.914,248
1989-07-08,28.373,248
1989-07-09,28.28,248
1989-07-10,28.071,248
1989-07-11,27.991,248
1989-07-12,28.578,248
1989-07-13,29.595,248
1989-07-14,29.67,248
1989-07-15,28.069,248
1989-07-16,27.99,248
1989-07-17,28.334,248
1989-07-18,28.966,248
1989-07-19,29.092,248
1989-07-20,28.972,248
1989-07-21,28.853,248
1989-07-22,28.636,248
1989-07-23,28.446,248
1989-07-24,28.463,248
1989-07-25,28.501,248
1989-07-26,27.933,248
1989-07-27,28.134,248
1989-07-28,28.52,248
1989-07-29,28.731,248
1989-07-30,28.761,248
1989-07-31,28.618,248
1989-08-01,28.032,248
1989-08-02,27.894,248
1989-08-03,27.715,248
1989-08-04,28.078,248
1989-08-05,28.189,248
1989-08-06,28.475,248
1989-08-07,28.634,248
1989-08-08,28.807,248
1989-08-09,28.247,248
1989-08-10,28.11,248
1989-08-11,28.124,248
1989-08-12,28.143,248
1989-08-13,27.958,248
1989-08-14,28.01,248
1989-08-15,28.149,248
1989-08-16,28.229,248
1989-08-17,28.437,248
1989-08-18,28.682,248
1989-08-19,28.888,248
1989-08-20,29.927,248
1989-08-21,30.049,248
1989-08-22,29.624,248
1989-08-23,28.882,248
1989-08-24,28.874,248
1989-08-25,29.028,248
1989-08-26,29.286,248
1989-08-27,29.454,248
1989-08-28,29.561,248
1989-08-29,29.374,248
1989-08-30,29.36,248
1989-08-31,29.432,248
1989-09-01,30.079,248
1989-09-02,30.095,248
1989-09-03,30.084,248
1989-09-04,30.086,248
1989-09-05,29.907,248
1989-09-06,29.808,248
1989-09-07,29.818,248
1989-09-08,29.864,248
1989-09-09,29.886,248
1989-09-10,29.977,248
1989-09-11,29.745,248
1989-09-12,29.792,248
1989-09-13,29.704,248
1989-09-14,29.571,248
1989-09-15,29.181,248
1989-09-16,28.714,248
1989-09-17,28.674,248
1989-09-18,28.718,248
1989-09-19,28.779,248
1989-09-20,28.763,248
1989-09-21,28.639,248
1989-09-22,28.48,248
1989-09-23,28.417,248
1989-09-24,28.141,248
1989-09-25,27.889,248
1989-09-26,27.958,248
1989-09-27,27.954,248
1989-09-28,27.982,248
1989-09-29,27.927,248
1989-09-30,27.204,248
1989-10-01,27.194,248
1989-10-02,27.214,248
1989-10-03,27.322,248
1989-10-04,27.357,248
1989-10-05,27.435,248
1989-10-06,27.621,248
1989-10-07,27.738,248
1989-10-08,27.617,248
1989-10-09,27.209,248
1989-10-10,27.096,248
1989-10-11,27.142,248
1989-10-12,27.206,248
1989-10-13,27.261,248
1989-10-14,27.365,248
1989-10-15,27.212,248
1989-10-16,27.186,248
1989-10-17,27.185,248
1989-10-18,27.09,248
1989-10-19,26.06,248
1989-10-20,25.873,248
1989-10-21,25.813,248
1989-10-22,25.745,248
1989-10-23,25.578,248
1989-10-24,25.511,248
1989-10-25,25.658,248
1989-10-26,25.671,248
1989-10-27,25.583,248
1989-10-28,25.495,248
1989-10-29,25.617,248
1989-10-30,25.567,248
1989-10-31,25.576,248
1989-11-01,25.744,248
1989-11-02,25.725,248
1989-11-03,25.62,248
1989-11-04,25.305,248
1989-11-05,25.28,248
1989-11-06,25.371,248
1989-11-07,25.476,248
1989-11-08,25.492,248
1989-11-09,25.476,248
1989-11-10,25.556,248
1989-11-11,25.574,248
1989-11-12,25.466,248
1989-11-13,25.231,248
1989-11-14,25.092,248
1989-11-15,24.882,248
1989-11-16,24.985,248
1989-11-17,25.151,248
1989-11-18,24.694,248
1989-11-19,24.295,248
1989-11-20,24.511,248
1989-11-21,24.561,248
1989-11-22,24.571,248
1989-11-23,24.5,248
1989-11-24,24.526,248
1989-11-25,24.557,248
1989-11-26,24.412,248
1989-11-27,24.261,248
1989-11-28,24.034,248
1989-11-29,23.85,248
1989-11-30,23.566,248
1989-12-01,23.417,248
1989-12-02,23.252,248
1989-12-03,22.813,248
1989-12-04,22.746,248
1989-12-05,22.781,248
1989-12-06,22.841,248
1989-12-07,22.824,248
1989-12-08,22.285,248
1989-12-09,22.316,248
1989-12-10,22.327,248
1989-12-11,22.327,248
1989-12-12,21.834,248
1989-12-13,21.739,248
1989-12-14,21.797,248
1989-12-15,21.858,248
1989-12-16,21.901,248
1989-12-17,22.114,248
1989-12-18,22.105,248
1989-12-19,22.146,248
1989-12-20,22.111,248
1989-12-21,22.051,248
1989-12-22,21.901,248
1989-12-23,21.512,248
1989-12-24,20.806,248
1989-12-25,20.013,248
1989-12-26,19.988,248
1989-12-27,19.98,248
1989-12-28,20.381,248
1989-12-29,20.399,248
1989-12-30,20.423,248
1989-12-31,20.464,248
1990-01-01,20.474,248
1990-01-02,20.556,248
1990-01-03,20.474,248
1990-01-04,20.528,248
1990-01-05,20.557,248
1990-01-06,20.533,248
1990-01-07,20.129,248
1990-01-08,20.134,248
1990-01-09,20.141,248
1990-01-10,20.185,248
1990-01-11,20.215,248
1990-01-12,20.262,248
1990-01-13,19.97,248
1990-01-14,20.344,248
1990-01-15,20.383,248
1990-01-16,20.41,248
1990-01-17,20.489,248
1990-01-18,20.612,248
1990-01-19,20.647,248
1990-01-20,20.583,248
1990-01-21,20.579,248
1990-01-22,20.987,248
1990-01-23,20.481,248
1990-01-24,20.192,248
1990-01-25,20.163,248
1990-01-26,20.212,248
1990-01-27,20.206,248
1990-01-28,19.604,248
1990-01-29,19.492,248
1990-01-30,19.508,248
1990-01-31,19.646,248
1990-02-01,19.616,248
1990-02-02,20.181,248
1990-02-03,20.61,248
1990-02-04,20.634,248
1990-02-05,20.639,248
1990-02-06,20.469,248
1990-02-07,20.427,248
1990-02-08,20.209,248
1990-02-09,20.026,248
1990-02-10,20.123,248
1990-02-11,20.2,248
1990-02-12,20.267,248
1990-02-13,20.341,248
1990-02-14,20.343,248
1990-02-15,20.112,248
1990-02-16,20.102,248
1990-02-17,20.154,248
1990-02-18,20.146,248
1990-02-19,20.114,248
1990-02-20,20.179,248
1990-02-21,20.168,248
1990-02-22,20.26,248
1990-02-23,20.215,248
1990-02-24,20.134,248
1990-02-25,20.081,248
1990-02-26,20.056,248
1990-02-27,20.062,248
1990-02-28,20.132,248
1990-03-01,20.08,248
1990-03-02,19.93,248
1990-03-03,20.245,248
1990-03-04,20.32,248
1990-03-05,20.361,248
1990-03-06,20.429,248
1990-03-07,20.297,248
1990-03-08,20.301,248
1990-03-09,20.448,248
1990-03-10,20.66,248
1990-03-11,20.667,248
1990-03-12,20.956,248
1990-03-13,20.967,248
1990-03-14,20.956,248
1990-03-15,20.935,248
1990-03-16,20.843,248
1990-03-17,20.68,248
1990-03-18,20.714,248
1990-03-19,20.644,248
1990-03-20,20.589,248
1990-03-21,20.485,248
1990-03-22,20.541,248
1990-03-23,20.723,248
1990-03-24,21.036,248
1990-03-25,21.169,248
1990-03-26,21.113,248
1990-03-27,21.047,248
1990-03-28,20.909,248
1990-03-29,21.024,248
1990-03-30,20.983,248
1990-03-31,21.472,248
1990-04-01,21.508,248
1990-04-02,21.575,248
1990-04-03,21.618,248
1990-04-04,21.596,248
1990-04-05,21.502,248
1990-04-06,21.125,248
1990-04-07,21.079,248
1990-04-08,21.117,248
1990-04-09,21.193,248
1990-04-10,21.307,248
1990-04-11,21.534,248
1990-04-12,21.609,248
1990-04-13,21.617,248
1990-04-14,21.605,248
1990-04-15,21.628,248
1990-04-16,21.603,248
1990-04-17,21.67,248
1990-04-18,22.075,248
1990-04-19,22.396,248
1990-04-20,22.393,248
1990-04-21,22.474,248
1990-04-22,22.682,248
1990-04-23,23.102,248
1990-04-24,22.856,248
1990-04-25,22.438,248
1990-04-26,23.497,248
1990-04-27,23.503,248
1990-04-28,23.367,248
1990-04-29,23.357,248
1990-04-30,23.494,248
1990-05-01,23.708,248
1990-05-02,24.253,248
1990-05-03,24.783,248
1990-05-04,24.805,248
1990-05-05,24.837,248
1990-05-06,24.405,248
1990-05-07,24.376,248
1990-05-08,24.516,248
1990-05-09,24.4,248
1990-05-10,24.336,248
1990-05-11,24.275,248
1990-05-12,24.375,248
1990-05-13,25.161,248
1990-05-14,25.164,248
1990-05-15,25.328,248
1990-05-16,25.623,248
1990-05-17,25.784,248
1990-05-18,25.952,248
1990-05-19,25.783,248
1990-05-20,25.613,248
1990-05-21,25.545,248
1990-05-22,25.877,248
1990-05-23,26.751,248
1990-05-24,27.209,248
1990-05-25,27.168,248
1990-05-26,27.226,248
1990-05-27,27.345,248
1990-05-28,27.53,248
1990-05-29,26.737,248
1990-05-30,26.438,248
1990-05-31,26.64,248
1990-06-01,26.77,248
1990-06-02,26.986,248
1990-06-03,27.134,248
1990-06-04,27.36,248
1990-06-05,27.497,248
1990-06-06,27.467,248
1990-06-07,27.47,248
1990-06-08,27.615,248
1990-06-09,27.678,248
1990-06-10,27.744,248
1990-06-11,27.821,248
1990-06-12,27.97,248
1990-06-13,28.91,248
1990-06-14,28.96,248
1990-06-15,28.979,248
1990-06-16,28.975,248
1990-06-17,28.887,248
1990-06-18,28.799,248
1990-06-19,29.409,248
1990-06-20,29.48,248
1990-06-21,29.35,248
1990-06-22,29.361,248
1990-06-23,29.446,248
1990-06-24,29.538,248
1990-06-25,29.612,248
1990-06-26,29.696,248
1990-06-27,29.473,248
1990-06-28,29.145,248
1990-06-29,29.162,248
1990-06-30,28.879,248
1990-07-01,28.878,248
1990-07-02,28.883,248
1990-07-03,28.956,248
1990-07-04,28.862,248
1990-07-05,28.334,248
1990-07-06,28.157,248
1990-07-07,28.088,248
1990-07-08,28.1,248
1990-07-09,28.41,248
1990-07-10,28.805,248
1990-07-11,28.969,248
1990-07-12,28.967,248
1990-07-13,29.016,248
1990-07-14,29.088,248
1990-07-15,29.079,248
1990-07-16,28.99,248
1990-07-17,28.975,248
1990-07-18,28.741,248
1990-07-19,29.062,248
1990-07-20,29.203,248
1990-07-21,29.348,248
1990-07-22,29.406,248
1990-07-23,29.612,248
1990-07-24,29.468,248
1990-07-25,29.624,248
1990-07-26,29.771,248
1990-07-27,29.838,248
1990-07-28,30.217,248
1990-07-29,30.34,248
1990-07-30,30.27,248
1990-07-31,30.138,248
1990-08-01,30.169,248
1990-08-02,30.451,248
1990-08-03,30.323,248
1990-08-04,30.855,248
1990-08-05,30.959,248
1990-08-06,30.956,248
1990-08-07,30.859,248
1990-08-08,30.706,248
1990-08-09,30.221,248
1990-08-10,29.938,248
1990-08-11,29.907,248
1990-08-12,29.532,248
1990-08-13,29.317,248
1990-08-14,29.768,248
1990-08-15,30.021,248
1990-08-16,29.924,248
1990-08-17,29.623,248
1990-08-18,29.491,248
1990-08-19,29.483,248
1990-08-20,29.521,248
1990-08-21,29.668,248
1990-08-22,29.376,248
1990-08-23,29.371,248
1990-08-24,29.529,248
1990-08-25,29.649,248
1990-08-26,29.684,248
1990-08-27,29.678,248
1990-08-28,29.121,248
1990-08-29,29.2,248
1990-08-30,29.367,248
1990-08-31,29.609,248
1990-09-01,29.284,248
1990-09-02,29.173,248
1990-09-03,29.237,248
1990-09-04,29.332,248
1990-09-05,29.494,248
1990-09-06,29.2,248
1990-09-07,29.079,248
1990-09-08,29.085,248
1990-09-09,29.285,248
1990-09-10,29.424,248
1990-09-11,29.349,248
1990-09-12,28.555,248
1990-09-13,28.956,248
1990-09-14,29.094,248
1990-09-15,29.135,248
1990-09-16,29.041,248
1990-09-17,29.04,248
1990-09-18,29.201,248
1990-09-19,29.694,248
1990-09-20,29.715,248
1990-09-21,29.68,248
1990-09-22,29.582,248
1990-09-23,29.311,248
1990-09-24,29.065,248
1990-09-25,28.807,248
1990-09-26,28.15,248
1990-09-27,28.507,248
1990-09-28,28.723,248
1990-09-29,28.615,248
1990-09-30,28.576,248
1990-10-01,28.508,248
1990-10-02,28.461,248
1990-10-03,28.405,248
1990-10-04,28.756,248
1990-10-05,28.791,248
1990-10-06,28.741,248
1990-10-07,28.867,248
1990-10-08,28.894,248
1990-10-09,28.87,248
1990-10-10,28.398,248
1990-10-11,27.933,248
1990-10-12,27.675,248
1990-10-13,27.476,248
1990-10-14,27.314,248
1990-10-15,27.214,248
1990-10-16,27.306,248
1990-10-17,27.423,248
1990-10-18,26.894,248
1990-10-19,26.58,248
1990-10-20,26.611,248
1990-10-21,26.628,248
1990-10-22,26.796,248
1990-10-23,26.188,248
1990-10-24,26.462,248
1990-10-25,26.473,248
1990-10-26,26.285,248
1990-10-27,26.104,248
1990-10-28,25.943,248
1990-10-29,25.802,248
1990-10-30,25.698,248
1990-10-31,25.647,248
1990-11-01,25.691,248
1990-11-02,25.696,248
1990-11-03,25.699,248
1990-11-04,25.47,248
1990-11-05,25.188,248
1990-11-06,25.113,248
1990-11-07,24.984,248
1990-11-08,24.881,248
1990-11-09,24.899,248
1990-11-10,24.785,248
1990-11-11,24.79,248
1990-11-12,24.689,248
1990-11-13,24.58,248
1990-11-14,24.6,248
1990-11-15,24.73,248
1990-11-16,24.756,248
1990-11-17,24.732,248
1990-11-18,24.696,248
1990-11-19,24.601,248
1990-11-20,24.334,248
1990-11-21,24.53,248
1990-11-22,24.581,248
1990-11-23,24.43,248
1990-11-24,24.317,248
1990-11-25,24.281,248
1990-11-26,24.209,248
1990-11-27,24.32,248
1990-11-28,24.227,248
1990-11-29,24.266,248
1990-11-30,23.825,248
1990-12-01,23.245,248
1990-12-02,23.272,248
1990-12-03,23.25,248
1990-12-04,23.435,248
1990-12-05,23.305,248
1990-12-06,23.24,248
1990-12-07,23.021,248
1990-12-08,22.92,248
1990-12-09,22.82,248
1990-12-10,22.746,248
1990-12-11,22.79,248
1990-12-12,23.123,248
1990-12-13,23.208,248
1990-12-14,23.224,248
1990-12-15,23.173,248
1990-12-16,23.017,248
1990-12-17,22.786,248
1990-12-18,22.681,248
1990-12-19,22.606,248
1990-12-20,22.7,248
1990-12-21,22.864,248
1990-12-22,22.94,248
1990-12-23,23.07,248
1990-12-24,22.892,248
1990-12-25,22.673,248
1990-12-26,22.54,248
1990-12-27,22.736,248
1990-12-28,22.732,248
1990-12-29,22.819,248
1990-12-30,22.97,248
1990-12-31,23.063,248
1991-01-01,22.848,248
1991-01-02,22.681,248
1991-01-03,22.532,248
1991-01-04,22.634,248
1991-01-05,22.398,248
1991-01-06,22.318,248
1991-01-07,22.24,248
1991-01-08,22.015,248
1991-01-09,21.933,248
1991-01-10,21.91,248
1991-01-11,21.943,248
1991-01-12,22.348,248
1991-01-13,22.429,248
1991-01-14,22.19,248
1991-01-15,21.845,248
1991-01-16,21.968,248
1991-01-17,22.071,248
1991-01-18,22.14,248
1991-01-19,21.318,248
1991-01-20,21.246,248
1991-01-21,21.234,248
1991-01-22,21.132,248
1991-01-23,21.067,248
1991-01-24,20.858,248
1991-01-25,21.093,248
1991-01-26,21.087,248
1991-01-27,21.088,248
1991-01-28,21.123,248
1991-01-29,20.885,248
1991-01-30,20.861,248
1991-01-31,20.95,248
1991-02-01,20.901,248
1991-02-02,21.243,248
1991-02-03,21.43,248
1991-02-04,21.445,248
1991-02-05,21.332,248
1991-02-06,21.045,248
1991-02-07,21.103,248
1991-02-08,21.211,248
1991-02-09,21.237,248
1991-02-10,21.234,248
1991-02-11,21.226,248
1991-02-12,21.179,248
1991-02-13,21.31,248
1991-02-14,21.323,248
1991-02-15,21.285,248
1991-02-16,21.097,248
1991-02-17,20.507,248
1991-02-18,20.077,248
1991-02-19,19.863,248
1991-02-20,20.485,248
1991-02-21,20.817,248
1991-02-22,20.752,248
1991-02-23,20.65,248
1991-02-24,20.528,248
1991-02-25,20.524,248
1991-02-26,20.404,248
1991-02-27,20.398,248
1991-02-28,20.507,248
1991-03-01,20.826,248
1991-03-02,20.804,248
1991-03-03,20.562,248
1991-03-04,20.453,248
1991-03-05,20.437,248
1991-03-06,20.423,248
1991-03-07,20.443,248
1991-03-08,20.615,248
1991-03-09,20.555,248
1991-03-10,20.504,248
1991-03-11,20.47,248
1991-03-12,20.562,248
1991-03-13,20.436,248
1991-03-14,20.43,248
1991-03-15,20.418,248
1991-03-16,20.498,248
1991-03-17,20.621,248
1991-03-18,20.673,248
1991-03-19,20.647,248
1991-03-20,20.533,248
1991-03-21,20.501,248
1991-03-22,20.553,248
1991-03-23,20.622,248
1991-03-24,20.992,248
1991-03-25,21.007,248
1991-03-26,21.179,248
1991-03-27,21.064,248
1991-03-28,21.086,248
1991-03-29,21.068,248
1991-03-30,21.141,248
1991-03-31,21.161,248
1991-04-01,21.156,248
1991-04-02,21.196,248
1991-04-03,21.254,248
1991-04-04,21.132,248
1991-04-05,21.291,248
1991-04-06,21.653,248
1991-04-07,21.846,248
1991-04-08,21.816,248
1991-04-09,21.827,248
1991-04-10,21.832,248
1991-04-11,21.94,248
1991-04-12,21.896,248
1991-04-13,22.054,248
1991-04-14,22.067,248
1991-04-15,22.489,248
1991-04-16,23.029,248
1991-04-17,23.399,248
1991-04-18,23.62,248
1991-04-19,23.703,248
1991-04-20,23.507,248
1991-04-21,23.451,248
1991-04-22,23.452,248
1991-04-23,23.61,248
1991-04-24,23.402,248
1991-04-25,23.334,248
1991-04-26,23.587,248
1991-04-27,24.065,248
1991-04-28,24.092,248
1991-04-29,24.15,248
1991-04-30,24.081,248
1991-05-01,24.231,248
1991-05-02,24.038,248
1991-05-03,24.061,248
1991-05-04,24.03,248
1991-05-05,24.239,248
1991-05-06,24.241,248
1991-05-07,24.868,248
1991-05-08,24.864,248
1991-05-09,24.822,248
1991-05-10,24.788,248
1991-05-11,24.74,248
1991-05-12,25.37,248
1991-05-13,25.49,248
1991-05-14,25.535,248
1991-05-15,25.417,248
1991-05-16,25.343,248
1991-05-17,25.134,248
1991-05-18,25.349,248
1991-05-19,25.103,248
1991-05-20,25.902,248
1991-05-21,26.05,248
1991-05-22,25.803,248
1991-05-23,25.501,248
1991-05-24,25.547,248
1991-05-25,25.653,248
1991-05-26,25.827,248
1991-05-27,26.399,248
1991-05-28,26.45,248
1991-05-29,26.63,248
1991-05-30,26.731,248
1991-05-31,26.638,248
1991-06-01,26.554,248
1991-06-02,26.519,248
1991-06-03,26.52,248
1991-06-04,27.419,248
1991-06-05,27.491,248
1991-06-06,27.822,248
1991-06-07,27.742,248
1991-06-08,27.675,248
1991-06-09,27.233,248
1991-06-10,27.213,248
1991-06-11,27.21,248
1991-06-12,27.188,248
1991-06-13,27.405,248
1991-06-14,27.497,248
1991-06-15,27.511,248
1991-06-16,27.635,248
1991-06-17,27.745,248
1991-06-18,27.789,248
1991-06-19,27.743,248
1991-06-20,27.707,248
1991-06-21,27.444,248
1991-06-22,28.085,248
1991-06-23,28.448,248
1991-06-24,28.495,248
1991-06-25,28.494,248
1991-06-26,28.733,248
1991-06-27,28.988,248
1991-06-28,29.085,248
1991-06-29,28.819,248
1991-06-30,28.702,248
1991-07-01,28.904,248
1991-07-02,29.047,248
1991-07-03,29.339,248
1991-07-04,29.485,248
1991-07-05,29.595,248
1991-07-06,29.588,248
1991-07-07,29.113,248
1991-07-08,28.84,248
1991-07-09,28.856,248
1991-07-10,28.815,248
1991-07-11,29.013,248
1991-07-12,29.177,248
1991-07-13,29.347,248
1991-07-14,29.61,248
1991-07-15,29.855,248
1991-07-16,29.923,248
1991-07-17,29.692,248
1991-07-18,29.372,248
1991-07-19,29.414,248
1991-07-20,29.555,248
1991-07-21,29.54,248
1991-07-22,29.274,248
1991-07-23,29.014,248
1991-07-24,28.939,248
1991-07-25,29.061,248
1991-07-26,29.144,248
1991-07-27,29.346,248
1991-07-28,29.409,248
1991-07-29,29.419,248
1991-07-30,29.677,248
1991-07-31,30.04,248
1991-08-01,30.075,248
1991-08-02,30.086,248
1991-08-03,30.068,248
1991-08-04,30.042,248
1991-08-05,30.12,248
1991-08-06,30.135,248
1991-08-07,30.162,248
1991-08-08,30.064,248
1991-08-09,30.023,248
1991-08-10,29.974,248
1991-08-11,29.927,248
1991-08-12,29.693,248
1991-08-13,29.599,248
1991-08-14,29.546,248
1991-08-15,29.377,248
1991-08-16,29.247,248
1991-08-17,29.171,248
1991-08-18,29.137,248
1991-08-19,29.084,248
1991-08-20,28.945,248
1991-08-21,29.107,248
1991-08-22,29.167,248
1991-08-23,29.437,248
1991-08-24,29.402,248
1991-08-25,29.327,248
1991-08-26,29.257,248
1991-08-27,28.924,248
1991-08-28,29.566,248
1991-08-29,29.569,248
1991-08-30,29.549,248
1991-08-31,29.45,248
1991-09-01,29.482,248
1991-09-02,29.53,248
1991-09-03,29.575,248
1991-09-04,29.566,248
1991-09-05,29.355,248
1991-09-06,28.744,248
1991-09-07,28.601,248
1991-09-08,28.623,248
1991-09-09,28.623,248
1991-09-10,28.828,248
1991-09-11,29.221,248
1991-09-12,29.24,248
1991-09-13,29.214,248
1991-09-14,29.114,248
1991-09-15,29.058,248
1991-09-16,29.104,248
1991-09-17,29.058,248
1991-09-18,28.97,248
1991-09-19,28.907,248
1991-09-20,28.798,248
1991-09-21,28.393,248
1991-09-22,28.326,248
1991-09-23,28.346,248
1991-09-24,28.813,248
1991-09-25,28.719,248
1991-09-26,28.175,248
1991-09-27,28.248,248
1991-09-28,28.261,248
1991-09-29,28.242,248
1991-09-30,27.498,248
1991-10-01,27.263,248
1991-10-02,27.194,248
1991-10-03,27.25,248
1991-10-04,27.414,248
1991-10-05,27.39,248
1991-10-06,27.29,248
1991-10-07,27.11,248
1991-10-08,26.642,248
1991-10-09,26.214,248
1991-10-10,26.404,248
1991-10-11,26.51,248
1991-10-12,26.519,248
1991-10-13,26.447,248
1991-10-14,26.288,248
1991-10-15,26.265,248
1991-10-16,26.314,248
1991-10-17,26.331,248
1991-10-18,26.313,248
1991-10-19,26.292,248
1991-10-20,25.996,248
1991-10-21,25.974,248
1991-10-22,26.062,248
1991-10-23,26.403,248
1991-10-24,26.636,248
1991-10-25,26.646,248
1991-10-26,26.688,248
1991-10-27,26.486,248
1991-10-28,26.267,248
1991-10-29,26.221,248
1991-10-30,26.345,248
1991-10-31,26.22,248
1991-11-01,26.025,248
1991-11-02,25.807,248
1991-11-03,25.494,248
1991-11-04,24.67,248
1991-11-05,24.668,248
1991-11-06,24.661,248
1991-11-07,24.665,248
1991-11-08,23.866,248
1991-11-09,23.875,248
1991-11-10,23.932,248
1991-11-11,23.993,248
1991-11-12,24.036,248
1991-11-13,24.039,248
1991-11-14,24.109,248
1991-11-15,24.029,248
1991-11-16,24.021,248
1991-11-17,24.105,248
1991-11-18,24.072,248
1991-11-19,24.035,248
1991-11-20,23.989,248
1991-11-21,23.893,248
1991-11-22,23.845,248
1991-11-23,23.245,248
1991-11-24,23.27,248
1991-11-25,23.331,248
1991-11-26,23.221,248
1991-11-27,23.059,248
1991-11-28,22.908,248
1991-11-29,22.901,248
1991-11-30,22.894,248
1991-12-01,22.925,248
1991-12-02,22.81,248
1991-12-03,22.704,248
1991-12-04,22.72,248
1991-12-05,22.62,248
1991-12-06,22.823,248
1991-12-07,22.787,248
1991-12-08,22.787,248
1991-12-09,22.792,248
1991-12-10,22.888,248
1991-12-11,22.713,248
1991-12-12,22.686,248
1991-12-13,22.697,248
1991-12-14,22.462,248
1991-12-15,22.44,248
1991-12-16,22.438,248
1991-12-17,22.495,248
1991-12-18,22.399,248
1991-12-19,22.375,248
1991-12-20,22.2,248
1991-12-21,22.317,248
1991-12-22,22.287,248
1991-12-23,22.314,248
1991-12-24,22.242,248
1991-12-25,22.043,248
1991-12-26,22.285,248
1991-12-27,22.333,248
1991-12-28,22.335,248
1991-12-29,22.205,248
1991-12-30,22.097,248
1991-12-31,21.799,248
1992-01-01,21.733,248
1992-01-02,22.004,248
1992-01-03,21.98,248
1992-01-04,21.956,248
1992-01-05,21.912,248
1992-01-06,21.859,248
1992-01-07,21.877,248
1992-01-08,21.826,248
1992-01-09,21.699,248
1992-01-10,21.667,248
1992-01-11,21.451,248
1992-01-12,21.637,248
1992-01-13,21.696,248
1992-01-14,21.244,248
1992-01-15,21.059,248
1992-01-16,21.034,248
1992-01-17,21.097,248
1992-01-18,20.976,248
1992-01-19,20.346,248
1992-01-20,20.254,248
1992-01-21,20.2,248
1992-01-22,20.32,248
1992-01-23,20.412,248
1992-01-24,20.378,248
1992-01-25,20.373,248
1992-01-26,20.378,248
1992-01-27,20.449,248
1992-01-28,20.512,248
1992-01-29,20.456,248
1992-01-30,19.999,248
1992-01-31,19.966,248
1992-02-01,20.269,248
1992-02-02,20.422,248
1992-02-03,20.209,248
1992-02-04,20.185,248
1992-02-05,19.736,248
1992-02-06,19.863,248
1992-02-07,19.802,248
1992-02-08,19.794,248
1992-02-09,19.84,248
1992-02-10,19.908,248
1992-02-11,20.123,248
1992-02-12,20.207,248
1992-02-13,20.194,248
1992-02-14,20.196,248
1992-02-15,20.251,248
1992-02-16,20.061,248
1992-02-17,20.068,248
1992-02-18,20.501,248
1992-02-19,20.697,248
1992-02-20,20.723,248
1992-02-21,20.695,248
1992-02-22,20.76,248
1992-02-23,20.776,248
1992-02-24,20.771,248
1992-02-25,20.787,248
1992-02-26,20.679,248
1992-02-27,20.343,248
1992-02-28,20.3,248
1992-02-29,20.203,248
1992-03-01,20.207,248
1992-03-02,20.256,248
1992-03-03,20.572,248
1992-03-04,20.411,248
1992-03-05,20.831,248
1992-03-06,20.916,248
1992-03-07,21.13,248
1992-03-08,21.411,248
1992-03-09,21.951,248
1992-03-10,21.691,248
1992-03-11,21.732,248
1992-03-12,21.023,248
1992-03-13,20.315,248
1992-03-14,20.538,248
1992-03-15,20.526,248
1992-03-16,20.517,248
1992-03-17,20.471,248
1992-03-18,20.255,248
1992-03-19,20.509,248
1992-03-20,20.557,248
1992-03-21,20.645,248
1992-03-22,20.369,248
1992-03-23,20.467,248
1992-03-24,20.603,248
1992-03-25,20.687,248
1992-03-26,20.796,248
1992-03-27,20.645,248
1992-03-28,20.62,248
1992-03-29,21,248
1992-03-30,20.968,248
1992-03-31,20.973,248
1992-04-01,20.739,248
1992-04-02,20.942,248
1992-04-03,20.93,248
1992-04-04,20.943,248
1992-04-05,22.266,248
1992-04-06,22.073,248
1992-04-07,21.331,248
1992-04-08,21.066,248
1992-04-09,21.114,248
1992-04-10,21.423,248
1992-04-11,21.602,248
1992-04-12,21.765,248
1992-04-13,22.179,248
1992-04-14,22.389,248
1992-04-15,22.431,248
1992-04-16,22.619,248
1992-04-17,22.766,248
1992-04-18,22.51,248
1992-04-19,22.392,248
1992-04-20,22.465,248
1992-04-21,22.478,248
1992-04-22,22.484,248
1992-04-23,22.537,248
1992-04-24,22.763,248
1992-04-25,22.671,248
1992-04-26,22.526,248
1992-04-27,22.517,248
1992-04-28,22.463,248
1992-04-29,22.282,248
1992-04-30,22.317,248
1992-05-01,22.444,248
1992-05-02,23.122,248
1992-05-03,23.351,248
1992-05-04,23.443,248
1992-05-05,23.476,248
1992-05-06,23.087,248
1992-05-07,23.034,248
1992-05-08,22.975,248
1992-05-09,22.787,248
1992-05-10,22.845,248
1992-05-11,22.837,248
1992-05-12,24.213,248
1992-05-13,24.32,248
1992-05-14,24.348,248
1992-05-15,24.316,248
1992-05-16,24.3,248
1992-05-17,24.265,248
1992-05-18,24.342,248
1992-05-19,24.241,248
1992-05-20,24.535,248
1992-05-21,24.722,248
1992-05-22,24.836,248
1992-05-23,24.936,248
1992-05-24,25.1,248
1992-05-25,25.114,248
1992-05-26,25.698,248
1992-05-27,25.793,248
1992-05-28,25.811,248
1992-05-29,25.646,248
1992-05-30,25.424,248
1992-05-31,25.368,248
1992-06-01,25.597,248
1992-06-02,25.678,248
1992-06-03,26.131,248
1992-06-04,26.201,248
1992-06-05,26.248,248
1992-06-06,26.224,248
1992-06-07,26.164,248
1992-06-08,26.383,248
1992-06-09,26.656,248
1992-06-10,26.899,248
1992-06-11,26.778,248
1992-06-12,26.65,248
1992-06-13,27.018,248
1992-06-14,27.322,248
1992-06-15,27.563,248
1992-06-16,27.918,248
1992-06-17,28.143,248
1992-06-18,28.276,248
1992-06-19,28.607,248
1992-06-20,28.921,248
1992-06-21,29.058,248
1992-06-22,29.365,248
1992-06-23,29.464,248
1992-06-24,29.617,248
1992-06-25,29.861,248
1992-06-26,29.958,248
1992-06-27,29.981,248
1992-06-28,29.961,248
1992-06-29,29.777,248
1992-06-30,29.684,248
1992-07-01,29.506,248
1992-07-02,29.332,248
1992-07-03,29.297,248
1992-07-04,29.217,248
1992-07-05,29.263,248
1992-07-06,29.553,248
1992-07-07,29.464,248
1992-07-08,29.737,248
1992-07-09,29.944,248
1992-07-10,30.073,248
1992-07-11,29.995,248
1992-07-12,29.858,248
1992-07-13,29.743,248
1992-07-14,29.674,248
1992-07-15,29.595,248
1992-07-16,29.545,248
1992-07-17,29.585,248
1992-07-18,29.639,248
1992-07-19,29.817,248
1992-07-20,29.713,248
1992-07-21,29.699,248
1992-07-22,29.734,248
1992-07-23,29.769,248
1992-07-24,30.48,248
1992-07-25,30.676,248
1992-07-26,30.51,248
1992-07-27,29.94,248
1992-07-28,29.88,248
1992-07-29,29.923,248
1992-07-30,29.803,248
1992-07-31,29.94,248
1992-08-01,29.917,248
1992-08-02,29.856,248
1992-08-03,29.899,248
1992-08-04,29.748,248
1992-08-05,29.774,248
1992-08-06,30.035,248
1992-08-07,30.187,248
1992-08-08,30.244,248
1992-08-09,30.126,248
1992-08-10,30.025,248
1992-08-11,29.986,248
1992-08-12,29.898,248
1992-08-13,29.864,248
1992-08-14,29.642,248
1992-08-15,29.495,248
1992-08-16,29.459,248
1992-08-17,29.347,248
1992-08-18,29.28,248
1992-08-19,29.392,248
1992-08-20,29.185,248
1992-08-21,29.076,248
1992-08-22,29.2,248
1992-08-23,29.158,248
1992-08-24,29.075,248
1992-08-25,28.804,248
1992-08-26,28.7,248
1992-08-27,28.703,248
1992-08-28,28.379,248
1992-08-29,28.458,248
1992-08-30,28.571,248
1992-08-31,28.785,248
1992-09-01,28.84,248
1992-09-02,28.819,248
1992-09-03,28.787,248
1992-09-04,28.855,248
1992-09-05,28.737,248
1992-09-06,28.677,248
1992-09-07,28.627,248
1992-09-08,28.665,248
1992-09-09,28.654,248
1992-09-10,28.698,248
1992-09-11,28.72,248
1992-09-12,28.692,248
1992-09-13,28.71,248
1992-09-14,28.815,248
1992-09-15,28.837,248
1992-09-16,28.747,248
1992-09-17,28.192,248
1992-09-18,28.13,248
1992-09-19,28.633,248
1992-09-20,28.841,248
1992-09-21,28.882,248
1992-09-22,28.715,248
1992-09-23,28.723,248
1992-09-24,28.612,248
1992-09-25,28.305,248
1992-09-26,28.378,248
1992-09-27,28.423,248
1992-09-28,28.427,248
1992-09-29,27.893,248
1992-09-30,27.622,248
1992-10-01,27.378,248
1992-10-02,27.06,248
1992-10-03,26.979,248
1992-10-04,27.034,248
1992-10-05,27.05,248
1992-10-06,27.012,248
1992-10-07,26.95,248
1992-10-08,27.024,248
1992-10-09,27.264,248
1992-10-10,27.182,248
1992-10-11,26.985,248
1992-10-12,26.783,248
1992-10-13,26.609,248
1992-10-14,26.389,248
1992-10-15,26.187,248
1992-10-16,26.58,248
1992-10-17,26.621,248
1992-10-18,26.357,248
1992-10-19,26.273,248
1992-10-20,26.246,248
1992-10-21,26.18,248
1992-10-22,26.176,248
1992-10-23,25.862,248
1992-10-24,26.014,248
1992-10-25,26.044,248
1992-10-26,26.008,248
1992-10-27,25.759,248
1992-10-28,25.859,248
1992-10-29,25.894,248
1992-10-30,25.817,248
1992-10-31,25.492,248
1992-11-01,25.207,248
1992-11-02,25.531,248
1992-11-03,25.644,248
1992-11-04,25.428,248
1992-11-05,25.306,248
1992-11-06,25.252,248
1992-11-07,24.997,248
1992-11-08,24.792,248
1992-11-09,24.439,248
1992-11-10,24.033,248
1992-11-11,24.731,248
1992-11-12,24.728,248
1992-11-13,24.706,248
1992-11-14,24.575,248
1992-11-15,24.52,248
1992-11-16,24.15,248
1992-11-17,23.469,248
1992-11-18,23.702,248
1992-11-19,23.747,248
1992-11-20,23.703,248
1992-11-21,23.598,248
1992-11-22,23.565,248
1992-11-23,23.572,248
1992-11-24,23.671,248
1992-11-25,23.307,248
1992-11-26,23.123,248
1992-11-27,23.05,248
1992-11-28,22.696,248
1992-11-29,22.703,248
1992-11-30,22.692,248
1992-12-01,22.877,248
1992-12-02,23.103,248
1992-12-03,23.131,248
1992-12-04,23.028,248
1992-12-05,22.94,248
1992-12-06,22.849,248
1992-12-07,22.79,248
1992-12-08,22.934,248
1992-12-09,22.725,248
1992-12-10,22.686,248
1992-12-11,22.611,248
1992-12-12,22.488,248
1992-12-13,22.582,248
1992-12-14,22.624,248
1992-12-15,22.574,248
1992-12-16,22.189,248
1992-12-17,22.252,248
1992-12-18,22.297,248
1992-12-19,22.273,248
1992-12-20,22.074,248
1992-12-21,22.155,248
1992-12-22,22.276,248
1992-12-23,22.387,248
1992-12-24,22.421,248
1992-12-25,22.277,248
1992-12-26,22.215,248
1992-12-27,22.343,248
1992-12-28,22.38,248
1992-12-29,22.36,248
1992-12-30,22.813,248
1992-12-31,22.435,248
1993-01-01,22.311,248
1993-01-02,22.179,248
1993-01-03,22.164,248
1993-01-04,22.101,248
1993-01-05,22.002,248
1993-01-06,22.045,248
1993-01-07,22.08,248
1993-01-08,22.384,248
1993-01-09,22.313,248
1993-01-10,22.272,248
1993-01-11,22.236,248
1993-01-12,22.106,248
1993-01-13,22.119,248
1993-01-14,22.122,248
1993-01-15,21.908,248
1993-01-16,21.879,248
1993-01-17,21.874,248
1993-01-18,21.698,248
1993-01-19,21.678,248
1993-01-20,21.741,248
1993-01-21,21.956,248
1993-01-22,21.948,248
1993-01-23,21.952,248
1993-01-24,21.871,248
1993-01-25,21.252,248
1993-01-26,21.289,248
1993-01-27,21.288,248
1993-01-28,21.277,248
1993-01-29,21.327,248
1993-01-30,21.119,248
1993-01-31,21.049,248
1993-02-01,21.051,248
1993-02-02,20.782,248
1993-02-03,20.657,248
1993-02-04,20.435,248
1993-02-05,20.701,248
1993-02-06,20.749,248
1993-02-07,20.718,248
1993-02-08,20.669,248
1993-02-09,20.542,248
1993-02-10,20.607,248
1993-02-11,20.743,248
1993-02-12,20.773,248
1993-02-13,20.623,248
1993-02-14,20.592,248
1993-02-15,20.261,248
1993-02-16,20.426,248
1993-02-17,20.406,248
1993-02-18,20.4,248
1993-02-19,20.418,248
1993-02-20,20.505,248
1993-02-21,20.509,248
1993-02-22,20.389,248
1993-02-23,20.438,248
1993-02-24,20.446,248
1993-02-25,20.217,248
1993-02-26,20.18,248
1993-02-27,20.039,248
1993-02-28,19.916,248
1993-03-01,19.921,248
1993-03-02,20.763,248
1993-03-03,20.666,248
1993-03-04,20.53,248
1993-03-05,20.524,248
1993-03-06,20.432,248
1993-03-07,20.226,248
1993-03-08,20.441,248
1993-03-09,20.569,248
1993-03-10,20.598,248
1993-03-11,20.628,248
1993-03-12,20.381,248
1993-03-13,19.611,248
1993-03-14,19.553,248
1993-03-15,19.533,248
1993-03-16,19.334,248
1993-03-17,19.351,248
1993-03-18,19.207,248
1993-03-19,19.405,248
1993-03-20,20.224,248
1993-03-21,20.629,248
1993-03-22,20.747,248
1993-03-23,20.972,248
1993-03-24,20.817,248
1993-03-25,20.736,248
1993-03-26,20.626,248
1993-03-27,20.67,248
1993-03-28,20.72,248
1993-03-29,20.915,248
1993-03-30,21.016,248
1993-03-31,21.064,248
1993-04-01,21.055,248
1993-04-02,21.006,248
1993-04-03,20.933,248
1993-04-04,20.872,248
1993-04-05,20.634,248
1993-04-06,20.616,248
1993-04-07,20.517,248
1993-04-08,20.897,248
1993-04-09,20.929,248
1993-04-10,20.885,248
1993-04-11,20.876,248
1993-04-12,20.976,248
1993-04-13,20.935,248
1993-04-14,20.91,248
1993-04-15,20.854,248
1993-04-16,20.82,248
1993-04-17,20.973,248
1993-04-18,21.099,248
1993-04-19,21.042,248
1993-04-20,21.123,248
1993-04-21,21.115,248
1993-04-22,21.008,248
1993-04-23,20.974,248
1993-04-24,21.12,248
1993-04-25,21.38,248
1993-04-26,21.597,248
1993-04-27,21.706,248
1993-04-28,21.785,248
1993-04-29,21.915,248
1993-04-30,22.228,248
1993-05-01,22.346,248
1993-05-02,22.344,248
1993-05-03,22.267,248
1993-05-04,22.22,248
1993-05-05,22.22,248
1993-05-06,22.736,248
1993-05-07,23.3,248
1993-05-08,23.279,248
1993-05-09,23.165,248
1993-05-10,23.265,248
1993-05-11,23.533,248
1993-05-12,23.56,248
1993-05-13,23.543,248
1993-05-14,23.624,248
1993-05-15,23.712,248
1993-05-16,24.129,248
1993-05-17,24.254,248
1993-05-18,24.308,248
1993-05-19,24.307,248
1993-05-20,24.555,248
1993-05-21,24.472,248
1993-05-22,24.412,248
1993-05-23,24.366,248
1993-05-24,24.082,248
1993-05-25,24.208,248
1993-05-26,24.406,248
1993-05-27,24.584,248
1993-05-28,24.576,248
1993-05-29,24.86,248
1993-05-30,25.2,248
1993-05-31,25.378,248
1993-06-01,25.615,248
1993-06-02,25.429,248
1993-06-03,25.407,248
1993-06-04,26.028,248
1993-06-05,26.119,248
1993-06-06,26.219,248
1993-06-07,26.496,248
1993-06-08,26.575,248
1993-06-09,26.523,248
1993-06-10,26.407,248
1993-06-11,27.036,248
1993-06-12,27.205,248
1993-06-13,27.319,248
1993-06-14,27.533,248
1993-06-15,27.401,248
1993-06-16,27.372,248
1993-06-17,27.404,248
1993-06-18,27.421,248
1993-06-19,27.297,248
1993-06-20,27.259,248
1993-06-21,27.284,248
1993-06-22,27.292,248
1993-06-23,27.482,248
1993-06-24,27.569,248
1993-06-25,27.663,248
1993-06-26,27.985,248
1993-06-27,28.345,248
1993-06-28,28.111,248
1993-06-29,28.081,248
1993-06-30,28.167,248
1993-07-01,28.332,248
1993-07-02,28.394,248
1993-07-03,28.537,248
1993-07-04,28.682,248
1993-07-05,28.779,248
1993-07-06,28.613,248
1993-07-07,28.693,248
1993-07-08,28.718,248
1993-07-09,28.951,248
1993-07-10,28.93,248
1993-07-11,29.17,248
1993-07-12,29.407,248
1993-07-13,29.452,248
1993-07-14,29.455,248
1993-07-15,29.532,248
1993-07-16,29.607,248
1993-07-17,29.669,248
1993-07-18,29.698,248
1993-07-19,29.75,248
1993-07-20,29.757,248
1993-07-21,30.072,248
1993-07-22,30.177,248
1993-07-23,29.862,248
1993-07-24,29.619,248
1993-07-25,29.593,248
1993-07-26,29.735,248
1993-07-27,29.768,248
1993-07-28,30.142,248
1993-07-29,30.91,248
1993-07-30,30.789,248
1993-07-31,30.346,248
1993-08-01,30.383,248
1993-08-02,30.489,248
1993-08-03,30.703,248
1993-08-04,30.642,248
1993-08-05,30.522,248
1993-08-06,30.348,248
1993-08-07,30.435,248
1993-08-08,30.528,248
1993-08-09,30.534,248
1993-08-10,30.522,248
1993-08-11,30.569,248
1993-08-12,30.522,248
1993-08-13,30.51,248
1993-08-14,30.502,248
1993-08-15,30.442,248
1993-08-16,30.27,248
1993-08-17,30.298,248
1993-08-18,30.27,248
1993-08-19,30.187,248
1993-08-20,30.247,248
1993-08-21,30.09,248
1993-08-22,29.801,248
1993-08-23,29.932,248
1993-08-24,30.014,248
1993-08-25,29.936,248
1993-08-26,29.99,248
1993-08-27,29.962,248
1993-08-28,29.977,248
1993-08-29,29.986,248
1993-08-30,29.989,248
1993-08-31,30.001,248
1993-09-01,29.918,248
1993-09-02,29.846,248
1993-09-03,29.584,248
1993-09-04,29.472,248
1993-09-05,29.539,248
1993-09-06,29.692,248
1993-09-07,29.892,248
1993-09-08,29.864,248
1993-09-09,29.882,248
1993-09-10,29.651,248
1993-09-11,29.655,248
1993-09-12,29.717,248
1993-09-13,29.764,248
1993-09-14,29.623,248
1993-09-15,29.441,248
1993-09-16,28.782,248
1993-09-17,29.294,248
1993-09-18,29.408,248
1993-09-19,29.466,248
1993-09-20,29.245,248
1993-09-21,29.269,248
1993-09-22,29.291,248
1993-09-23,29.254,248
1993-09-24,29.235,248
1993-09-25,29.283,248
1993-09-26,29.233,248
1993-09-27,28.992,248
1993-09-28,28.859,248
1993-09-29,28.689,248
1993-09-30,28.458,248
1993-10-01,28.367,248
1993-10-02,28.352,248
1993-10-03,28.118,248
1993-10-04,28.057,248
1993-10-05,27.973,248
1993-10-06,27.937,248
1993-10-07,27.972,248
1993-10-08,27.842,248
1993-10-09,27.709,248
1993-10-10,27.747,248
1993-10-11,28.196,248
1993-10-12,28.127,248
1993-10-13,27.887,248
1993-10-14,27.443,248
1993-10-15,27.358,248
1993-10-16,27.285,248
1993-10-17,27.314,248
1993-10-18,28.111,248
1993-10-19,27.776,248
1993-10-20,27.185,248
1993-10-21,27.092,248
1993-10-22,26.742,248
1993-10-23,26.284,248
1993-10-24,26.014,248
1993-10-25,26.847,248
1993-10-26,26.833,248
1993-10-27,26.801,248
1993-10-28,26.507,248
1993-10-29,26.189,248
1993-10-30,25.698,248
1993-10-31,25.144,248
1993-11-01,24.971,248
1993-11-02,24.913,248
1993-11-03,24.813,248
1993-11-04,25.142,248
1993-11-05,25.278,248
1993-11-06,24.508,248
1993-11-07,24.171,248
1993-11-08,24.082,248
1993-11-09,24.964,248
1993-11-10,24.403,248
1993-11-11,24.098,248
1993-11-12,23.94,248
1993-11-13,24.512,248
1993-11-14,24.698,248
1993-11-15,24.668,248
1993-11-16,24.584,248
1993-11-17,24.386,248
1993-11-18,24.385,248
1993-11-19,24.298,248
1993-11-20,24.262,248
1993-11-21,24.247,248
1993-11-22,24.218,248
1993-11-23,24.048,248
1993-11-24,23.902,248
1993-11-25,23.836,248
1993-11-26,23.822,248
1993-11-27,23.67,248
1993-11-28,23.466,248
1993-11-29,23.391,248
1993-11-30,23.476,248
1993-12-01,23.48,248
1993-12-02,23.536,248
1993-12-03,23.511,248
1993-12-04,23.497,248
1993-12-05,23.158,248
1993-12-06,23.002,248
1993-12-07,22.909,248
1993-12-08,22.767,248
1993-12-09,23.176,248
1993-12-10,23.094,248
1993-12-11,23.169,248
1993-12-12,23.389,248
1993-12-13,23.476,248
1993-12-14,23.21,248
1993-12-15,23.106,248
1993-12-16,23.169,248
1993-12-17,23.131,248
1993-12-18,22.978,248
1993-12-19,22.659,248
1993-12-20,22.671,248
1993-12-21,22.557,248
1993-12-22,22.149,248
1993-12-23,21.922,248
1993-12-24,21.878,248
1993-12-25,21.674,248
1993-12-26,21.598,248
1993-12-27,21.544,248
1993-12-28,21.54,248
1993-12-29,21.456,248
1993-12-30,21.406,248
1993-12-31,21.428,248
1994-01-01,20.795,248
1994-01-02,20.845,248
1994-01-03,20.787,248
1994-01-04,20.691,248
1994-01-05,20.575,248
1994-01-06,20.428,248
1994-01-07,20.48,248
1994-01-08,20.538,248
1994-01-09,20.504,248
1994-01-10,20.575,248
1994-01-11,20.452,248
1994-01-12,20.277,248
1994-01-13,20.372,248
1994-01-14,20.369,248
1994-01-15,20.327,248
1994-01-16,20.254,248
1994-01-17,20.396,248
1994-01-18,20.338,248
1994-01-19,20.025,248
1994-01-20,20.327,248
1994-01-21,20.313,248
1994-01-22,20.302,248
1994-01-23,20.276,248
1994-01-24,20.211,248
1994-01-25,20.063,248
1994-01-26,19.999,248
1994-01-27,20.091,248
1994-01-28,20.086,248
1994-01-29,20.011,248
1994-01-30,19.447,248
1994-01-31,19.377,248
1994-02-01,19.491,248
1994-02-02,19.529,248
1994-02-03,19.46,248
1994-02-04,19.29,248
1994-02-05,19.84,248
1994-02-06,20.671,248
1994-02-07,20.638,248
1994-02-08,20.651,248
1994-02-09,20.03,248
1994-02-10,19.932,248
1994-02-11,19.501,248
1994-02-12,19.639,248
1994-02-13,19.707,248
1994-02-14,19.767,248
1994-02-15,20.211,248
1994-02-16,20.255,248
1994-02-17,20.011,248
1994-02-18,19.952,248
1994-02-19,20.266,248
1994-02-20,20.543,248
1994-02-21,20.613,248
1994-02-22,20.458,248
1994-02-23,20.371,248
1994-02-24,20.105,248
1994-02-25,20.128,248
1994-02-26,20.152,248
1994-02-27,20.205,248
1994-02-28,20.059,248
1994-03-01,19.707,248
1994-03-02,19.699,248
1994-03-03,19.361,248
1994-03-04,19.281,248
1994-03-05,19.324,248
1994-03-06,20.449,248
1994-03-07,20.502,248
1994-03-08,20.459,248
1994-03-09,20.045,248
1994-03-10,19.928,248
1994-03-11,19.835,248
1994-03-12,19.766,248
1994-03-13,20.027,248
1994-03-14,20.056,248
1994-03-15,20.084,248
1994-03-16,20.422,248
1994-03-17,20.335,248
1994-03-18,20.506,248
1994-03-19,20.842,248
1994-03-20,20.993,248
1994-03-21,21.056,248
1994-03-22,20.967,248
1994-03-23,21.084,248
1994-03-24,21.913,248
1994-03-25,22.15,248
1994-03-26,22.153,248
1994-03-27,21.393,248
1994-03-28,20.865,248
1994-03-29,20.555,248
1994-03-30,20.508,248
1994-03-31,20.651,248
1994-04-01,20.846,248
1994-04-02,20.919,248
1994-04-03,20.806,248
1994-04-04,20.832,248
1994-04-05,20.615,248
1994-04-06,20.834,248
1994-04-07,20.664,248
1994-04-08,20.625,248
1994-04-09,20.828,248
1994-04-10,20.967,248
1994-04-11,21.078,248
1994-04-12,21.323,248
1994-04-13,21.418,248
1994-04-14,21.394,248
1994-04-15,21.298,248
1994-04-16,21.188,248
1994-04-17,21.223,248
1994-04-18,21.488,248
1994-04-19,21.649,248
1994-04-20,22.353,248
1994-04-21,22.5,248
1994-04-22,22.728,248
1994-04-23,23.288,248
1994-04-24,23.438,248
1994-04-25,23.734,248
1994-04-26,23.846,248
1994-04-27,23.993,248
1994-04-28,24.052,248
1994-04-29,24.274,248
1994-04-30,24.281,248
1994-05-01,24.374,248
1994-05-02,24.207,248
1994-05-03,24.308,248
1994-05-04,24.458,248
1994-05-05,24.754,248
1994-05-06,24.803,248
1994-05-07,24.797,248
1994-05-08,24.551,248
1994-05-09,25.568,248
1994-05-10,25.691,248
1994-05-11,25.713,248
1994-05-12,25.914,248
1994-05-13,25.845,248
1994-05-14,25.737,248
1994-05-15,25.704,248
1994-05-16,25.939,248
1994-05-17,26.134,248
1994-05-18,26.081,248
1994-05-19,25.908,248
1994-05-20,25.863,248
1994-05-21,25.979,248
1994-05-22,26.045,248
1994-05-23,25.83,248
1994-05-24,25.867,248
1994-05-25,26.074,248
1994-05-26,26.267,248
1994-05-27,26.563,248
1994-05-28,26.442,248
1994-05-29,26.432,248
1994-05-30,26.903,248
1994-05-31,26.915,248
1994-06-01,26.958,248
1994-06-02,26.561,248
1994-06-03,26.528,248
1994-06-04,26.709,248
1994-06-05,27.34,248
1994-06-06,27.378,248
1994-06-07,27.892,248
1994-06-08,28.032,248
1994-06-09,28.101,248
1994-06-10,28.051,248
1994-06-11,27.978,248
1994-06-12,28.096,248
1994-06-13,28.023,248
1994-06-14,28.251,248
1994-06-15,28.214,248
1994-06-16,28.419,248
1994-06-17,28.659,248
1994-06-18,28.674,248
1994-06-19,28.522,248
1994-06-20,28.527,248
1994-06-21,28.644,248
1994-06-22,28.39,248
1994-06-23,28.41,248
1994-06-24,28.273,248
1994-06-25,28.046,248
1994-06-26,28.104,248
1994-06-27,28.305,248
1994-06-28,28.975,248
1994-06-29,28.966,248
1994-06-30,29.358,248
1994-07-01,29.645,248
1994-07-02,29.527,248
1994-07-03,29.679,248
1994-07-04,29.829,248
1994-07-05,29.891,248
1994-07-06,29.337,248
1994-07-07,29.289,248
1994-07-08,29.257,248
1994-07-09,29.143,248
1994-07-10,28.986,248
1994-07-11,28.939,248
1994-07-12,28.902,248
1994-07-13,28.909,248
1994-07-14,29.11,248
1994-07-15,29.085,248
1994-07-16,29.017,248
1994-07-17,30.002,248
1994-07-18,30.065,248
1994-07-19,29.883,248
1994-07-20,29.694,248
1994-07-21,29.802,248
1994-07-22,29.814,248
1994-07-23,29.609,248
1994-07-24,29.668,248
1994-07-25,29.728,248
1994-07-26,29.664,248
1994-07-27,29.652,248
1994-07-28,29.555,248
1994-07-29,29.601,248
1994-07-30,29.614,248
1994-07-31,29.485,248
1994-08-01,29.276,248
1994-08-02,29.004,248
1994-08-03,28.658,248
1994-08-04,28.639,248
1994-08-05,28.697,248
1994-08-06,30.075,248
1994-08-07,30.301,248
1994-08-08,30.339,248
1994-08-09,29.242,248
1994-08-10,28.891,248
1994-08-11,28.829,248
1994-08-12,28.767,248
1994-08-13,29.099,248
1994-08-14,29.526,248
1994-08-15,29.554,248
1994-08-16,29.607,248
1994-08-17,29.321,248
1994-08-18,29.025,248
1994-08-19,29.15,248
1994-08-20,29.142,248
1994-08-21,29.264,248
1994-08-22,29.295,248
1994-08-23,29.465,248
1994-08-24,29.455,248
1994-08-25,29.382,248
1994-08-26,29.392,248
1994-08-27,29.483,248
1994-08-28,29.516,248
1994-08-29,29.591,248
1994-08-30,29.662,248
1994-08-31,29.665,248
1994-09-01,29.674,248
1994-09-02,29.669,248
1994-09-03,29.67,248
1994-09-04,29.729,248
1994-09-05,29.953,248
1994-09-06,30.317,248
1994-09-07,29.817,248
1994-09-08,29.84,248
1994-09-09,29.702,248
1994-09-10,29.688,248
1994-09-11,29.616,248
1994-09-12,29.404,248
1994-09-13,29.397,248
1994-09-14,29.382,248
1994-09-15,29.032,248
1994-09-16,28.916,248
1994-09-17,28.84,248
1994-09-18,28.735,248
1994-09-19,28.636,248
1994-09-20,28.252,248
1994-09-21,28.081,248
1994-09-22,28.002,248
1994-09-23,27.785,248
1994-09-24,27.749,248
1994-09-25,27.701,248
1994-09-26,27.916,248
1994-09-27,28.016,248
1994-09-28,28.028,248
1994-09-29,27.934,248
1994-09-30,27.769,248
1994-10-01,27.828,248
1994-10-02,28.219,248
1994-10-03,28.174,248
1994-10-04,28.066,248
1994-10-05,27.477,248
1994-10-06,27.492,248
1994-10-07,27.465,248
1994-10-08,27.216,248
1994-10-09,27.153,248
1994-10-10,26.897,248
1994-10-11,26.631,248
1994-10-12,26.556,248
1994-10-13,26.598,248
1994-10-14,26.527,248
1994-10-15,26.528,248
1994-10-16,26.364,248
1994-10-17,26.79,248
1994-10-18,26.775,248
1994-10-19,26.919,248
1994-10-20,27.023,248
1994-10-21,27.007,248
1994-10-22,26.681,248
1994-10-23,26.542,248
1994-10-24,26.581,248
1994-10-25,26.616,248
1994-10-26,26.72,248
1994-10-27,26.741,248
1994-10-28,26.511,248
1994-10-29,26.466,248
1994-10-30,26.454,248
1994-10-31,26.326,248
1994-11-01,26.213,248
1994-11-02,26.131,248
1994-11-03,26.115,248
1994-11-04,26.055,248
1994-11-05,26.073,248
1994-11-06,26.02,248
1994-11-07,25.973,248
1994-11-08,26.079,248
1994-11-09,26.2,248
1994-11-10,26.242,248
1994-11-11,25.569,248
1994-11-12,25.522,248
1994-11-13,25.505,248
1994-11-14,25.884,248
1994-11-15,25.913,248
1994-11-16,25.837,248
1994-11-17,25.612,248
1994-11-18,25.593,248
1994-11-19,25.413,248
1994-11-20,25.096,248
1994-11-21,25.074,248
1994-11-22,25.059,248
1994-11-23,25.36,248
1994-11-24,25.446,248
1994-11-25,25.337,248
1994-11-26,24.79,248
1994-11-27,24.572,248
1994-11-28,24.639,248
1994-11-29,24.733,248
1994-11-30,24.763,248
1994-12-01,24.564,248
1994-12-02,24.51,248
1994-12-03,24.851,248
1994-12-04,24.381,248
1994-12-05,24.263,248
1994-12-06,24.201,248
1994-12-07,25.082,248
1994-12-08,25.392,248
1994-12-09,25.406,248
1994-12-10,25.116,248
1994-12-11,24.657,248
1994-12-12,24.32,248
1994-12-13,24.538,248
1994-12-14,24.481,248
1994-12-15,24.423,248
1994-12-16,24.287,248
1994-12-17,24.193,248
1994-12-18,23.631,248
1994-12-19,23.602,248
1994-12-20,23.586,248
1994-12-21,23.768,248
1994-12-22,23.685,248
1994-12-23,23.636,248
1994-12-24,23.351,248
1994-12-25,23.295,248
1994-12-26,23.086,248
1994-12-27,23.079,248
1994-12-28,23.094,248
1994-12-29,23.002,248
1994-12-30,22.917,248
1994-12-31,22.843,248
1995-01-01,22.601,248
1995-01-02,22.529,248
1995-01-03,22.397,248
1995-01-04,22.387,248
1995-01-05,22.22,248
1995-01-06,21.879,248
1995-01-07,22.042,248
1995-01-08,22.066,248
1995-01-09,22.072,248
1995-01-10,21.636,248
1995-01-11,21.641,248
1995-01-12,21.78,248
1995-01-13,22.176,248
1995-01-14,22.145,248
1995-01-15,21.545,248
1995-01-16,21.444,248
1995-01-17,21.497,248
1995-01-18,21.24,248
1995-01-19,21.074,248
1995-01-20,21.049,248
1995-01-21,20.989,248
1995-01-22,21.094,248
1995-01-23,20.989,248
1995-01-24,20.883,248
1995-01-25,20.717,248
1995-01-26,20.545,248
1995-01-27,20.615,248
1995-01-28,20.675,248
1995-01-29,20.681,248
1995-01-30,20.581,248
1995-01-31,20.211,248
1995-02-01,19.818,248
1995-02-02,19.862,248
1995-02-03,19.954,248
1995-02-04,20.03,248
1995-02-05,19.925,248
1995-02-06,20.038,248
1995-02-07,20.077,248
1995-02-08,20.129,248
1995-02-09,19.711,248
1995-02-10,20.007,248
1995-02-11,20.118,248
1995-02-12,20.239,248
1995-02-13,20.343,248
1995-02-14,20.357,248
1995-02-15,20.348,248
1995-02-16,20.46,248
1995-02-17,20.465,248
1995-02-18,20.471,248
1995-02-19,20.437,248
1995-02-20,20.44,248
1995-02-21,20.495,248
1995-02-22,20.578,248
1995-02-23,20.851,248
1995-02-24,21.276,248
1995-02-25,21.407,248
1995-02-26,21.447,248
1995-02-27,21.42,248
1995-02-28,21.326,248
1995-03-01,21.185,248
1995-03-02,21.067,248
1995-03-03,21.157,248
1995-03-04,21.396,248
1995-03-05,21.282,248
1995-03-06,21.757,248
1995-03-07,21.378,248
1995-03-08,20.68,248
1995-03-09,20.553,248
1995-03-10,20.555,248
1995-03-11,20.715,248
1995-03-12,20.721,248
1995-03-13,20.703,248
1995-03-14,20.783,248
1995-03-15,20.843,248
1995-03-16,20.626,248
1995-03-17,20.632,248
1995-03-18,20.792,248
1995-03-19,21.113,248
1995-03-20,21.083,248
1995-03-21,20.959,248
1995-03-22,21.152,248
1995-03-23,21.705,248
1995-03-24,21.84,248
1995-03-25,21.606,248
1995-03-26,21.683,248
1995-03-27,21.695,248
1995-03-28,21.856,248
1995-03-29,22.069,248
1995-03-30,22.109,248
1995-03-31,21.469,248
1995-04-01,21.624,248
1995-04-02,21.629,248
1995-04-03,21.622,248
1995-04-04,21.572,248
1995-04-05,21.614,248
1995-04-06,21.459,248
1995-04-07,22.153,248
1995-04-08,22.214,248
1995-04-09,22.18,248
1995-04-10,22.013,248
1995-04-11,22.12,248
1995-04-12,22.185,248
1995-04-13,22.289,248
1995-04-14,22.372,248
1995-04-15,22.325,248
1995-04-16,22.138,248
1995-04-17,22.608,248
1995-04-18,22.715,248
1995-04-19,22.827,248
1995-04-20,23.251,248
1995-04-21,23.4,248
1995-04-22,23.44,248
1995-04-23,23.368,248
1995-04-24,23.122,248
1995-04-25,22.859,248
1995-04-26,23.091,248
1995-04-27,22.848,248
1995-04-28,22.871,248
1995-04-29,23.132,248
1995-04-30,23.442,248
1995-05-01,23.648,248
1995-05-02,23.836,248
1995-05-03,24.353,248
1995-05-04,24.236,248
1995-05-05,24.214,248
1995-05-06,24.336,248
1995-05-07,24.556,248
1995-05-08,24.649,248
1995-05-09,24.847,248
1995-05-10,25.105,248
1995-05-11,25.265,248
1995-05-12,25.285,248
1995-05-13,25.342,248
1995-05-14,25.278,248
1995-05-15,25.421,248
1995-05-16,25.596,248
1995-05-17,25.635,248
1995-05-18,25.767,248
1995-05-19,25.664,248
1995-05-20,25.59,248
1995-05-21,25.626,248
1995-05-22,25.745,248
1995-05-23,25.741,248
1995-05-24,25.742,248
1995-05-25,25.961,248
1995-05-26,25.871,248
1995-05-27,25.955,248
1995-05-28,26.05,248
1995-05-29,26.247,248
1995-05-30,26.761,248
1995-05-31,26.725,248
1995-06-01,26.593,248
1995-06-02,27.027,248
1995-06-03,27.23,248
1995-06-04,27.433,248
1995-06-05,27.598,248
1995-06-06,27.744,248
1995-06-07,27.716,248
1995-06-08,27.732,248
1995-06-09,27.855,248
1995-06-10,28.083,248
1995-06-11,28.087,248
1995-06-12,27.928,248
1995-06-13,27.637,248
1995-06-14,27.441,248
1995-06-15,27.376,248
1995-06-16,27.325,248
1995-06-17,27.262,248
1995-06-18,27.18,248
1995-06-19,27.651,248
1995-06-20,27.782,248
1995-06-21,27.802,248
1995-06-22,27.579,248
1995-06-23,27.778,248
1995-06-24,27.98,248
1995-06-25,28.399,248
1995-06-26,28.875,248
1995-06-27,28.873,248
1995-06-28,28.572,248
1995-06-29,28.562,248
1995-06-30,28.629,248
1995-07-01,27.955,248
1995-07-02,28.218,248
1995-07-03,28.271,248
1995-07-04,28.369,248
1995-07-05,28.626,248
1995-07-06,28.655,248
1995-07-07,28.635,248
1995-07-08,29.584,248
1995-07-09,30.103,248
1995-07-10,29.819,248
1995-07-11,29.143,248
1995-07-12,29.015,248
1995-07-13,29.001,248
1995-07-14,29.488,248
1995-07-15,30.146,248
1995-07-16,30.401,248
1995-07-17,30.511,248
1995-07-18,30.404,248
1995-07-19,30.432,248
1995-07-20,30.285,248
1995-07-21,30.162,248
1995-07-22,30.357,248
1995-07-23,30.366,248
1995-07-24,30.611,248
1995-07-25,30.729,248
1995-07-26,30.829,248
1995-07-27,31.346,248
1995-07-28,31.428,248
1995-07-29,31.437,248
1995-07-30,31.743,248
1995-07-31,31.443,248
1995-08-01,29.687,248
1995-08-02,29.604,248
1995-08-03,29.78,248
1995-08-04,29.977,248
1995-08-05,29.983,248
1995-08-06,29.928,248
1995-08-07,29.821,248
1995-08-08,29.761,248
1995-08-09,29.678,248
1995-08-10,29.584,248
1995-08-11,29.55,248
1995-08-12,29.523,248
1995-08-13,29.577,248
1995-08-14,29.78,248
1995-08-15,29.576,248
1995-08-16,29.498,248
1995-08-17,29.926,248
1995-08-18,29.771,248
1995-08-19,29.749,248
1995-08-20,29.943,248
1995-08-21,30.094,248
1995-08-22,30.295,248
1995-08-23,30.172,248
1995-08-24,30.203,248
1995-08-25,30.475,248
1995-08-26,31.031,248
1995-08-27,31.194,248
1995-08-28,31.174,248
1995-08-29,31.028,248
1995-08-30,30.796,248
1995-08-31,30.587,248
1995-09-01,30.662,248
1995-09-02,30.669,248
1995-09-03,30.827,248
1995-09-04,30.488,248
1995-09-05,30.32,248
1995-09-06,30.083,248
1995-09-07,29.931,248
1995-09-08,29.793,248
1995-09-09,29.742,248
1995-09-10,29.752,248
1995-09-11,29.919,248
1995-09-12,29.99,248
1995-09-13,30.046,248
1995-09-14,29.939,248
1995-09-15,29.809,248
1995-09-16,30.239,248
1995-09-17,30.409,248
1995-09-18,30.531,248
1995-09-19,30.573,248
1995-09-20,30.465,248
1995-09-21,30.435,248
1995-09-22,30.553,248
1995-09-23,29.268,248
1995-09-24,29.025,248
1995-09-25,28.992,248
1995-09-26,29.03,248
1995-09-27,28.906,248
1995-09-28,28.878,248
1995-09-29,28.814,248
1995-09-30,28.688,248
1995-10-01,28.606,248
1995-10-02,28.454,248
1995-10-03,28.444,248
1995-10-04,27.959,248
1995-10-05,27.947,248
1995-10-06,27.712,248
1995-10-07,27.554,248
1995-10-08,27.351,248
1995-10-09,26.967,248
1995-10-10,26.989,248
1995-10-11,26.969,248
1995-10-12,26.964,248
1995-10-13,26.923,248
1995-10-14,26.785,248
1995-10-15,26.379,248
1995-10-16,26.169,248
1995-10-17,26.227,248
1995-10-18,26.089,248
1995-10-19,25.953,248
1995-10-20,25.91,248
1995-10-21,25.815,248
1995-10-22,25.763,248
1995-10-23,25.751,248
1995-10-24,25.669,248
1995-10-25,25.447,248
1995-10-26,25.514,248
1995-10-27,25.513,248
1995-10-28,25.644,248
1995-10-29,25.685,248
1995-10-30,25.436,248
1995-10-31,25.737,248
1995-11-01,25.62,248
1995-11-02,25.543,248
1995-11-03,25.454,248
1995-11-04,25.338,248
1995-11-05,24.93,248
1995-11-06,24.916,248
1995-11-07,24.999,248
1995-11-08,25.047,248
1995-11-09,25.02,248
1995-11-10,25.006,248
1995-11-11,24.661,248
1995-11-12,24.679,248
1995-11-13,24.656,248
1995-11-14,24.346,248
1995-11-15,24.331,248
1995-11-16,24.345,248
1995-11-17,24.191,248
1995-11-18,24.088,248
1995-11-19,24.291,248
1995-11-20,24.06,248
1995-11-21,23.979,248
1995-11-22,23.982,248
1995-11-23,23.998,248
1995-11-24,23.858,248
1995-11-25,23.863,248
1995-11-26,23.77,248
1995-11-27,23.701,248
1995-11-28,23.658,248
1995-11-29,23.424,248
1995-11-30,23.212,248
1995-12-01,23.272,248
1995-12-02,23.338,248
1995-12-03,23.351,248
1995-12-04,23.337,248
1995-12-05,23.524,248
1995-12-06,23.464,248
1995-12-07,23.349,248
1995-12-08,23.119,248
1995-12-09,22.689,248
1995-12-10,22.729,248
1995-12-11,22.869,248
1995-12-12,22.957,248
1995-12-13,23.006,248
1995-12-14,22.984,248
1995-12-15,22.768,248
1995-12-16,23.118,248
1995-12-17,22.837,248
1995-12-18,22.765,248
1995-12-19,22.593,248
1995-12-20,22.638,248
1995-12-21,22.528,248
1995-12-22,22.242,248
1995-12-23,22.117,248
1995-12-24,21.96,248
1995-12-25,21.701,248
1995-12-26,21.759,248
1995-12-27,21.77,248
1995-12-28,21.515,248
1995-12-29,20.996,248
1995-12-30,20.892,248
1995-12-31,20.748,248
1996-01-01,21.149,248
1996-01-02,21.145,248
1996-01-03,21.038,248
1996-01-04,20.847,248
1996-01-05,20.84,248
1996-01-06,20.983,248
1996-01-07,20.791,248
1996-01-08,20.252,248
1996-01-09,20.227,248
1996-01-10,20.221,248
1996-01-11,20.818,248
1996-01-12,20.593,248
1996-01-13,20.506,248
1996-01-14,20.422,248
1996-01-15,20.601,248
1996-01-16,20.791,248
1996-01-17,20.845,248
1996-01-18,20.857,248
1996-01-19,20.748,248
1996-01-20,19.78,248
1996-01-21,19.989,248
1996-01-22,20.035,248
1996-01-23,19.984,248
1996-01-24,20.033,248
1996-01-25,20.044,248
1996-01-26,20.053,248
1996-01-27,20.044,248
1996-01-28,20.014,248
1996-01-29,19.987,248
1996-01-30,19.772,248
1996-01-31,20.047,248
1996-02-01,20.034,248
1996-02-02,20.089,248
1996-02-03,19.917,248
1996-02-04,19.614,248
1996-02-05,19.597,248
1996-02-06,19.773,248
1996-02-07,19.835,248
1996-02-08,19.812,248
1996-02-09,20.014,248
1996-02-10,20.256,248
1996-02-11,20.138,248
1996-02-12,19.991,248
1996-02-13,20.005,248
1996-02-14,20.111,248
1996-02-15,20.017,248
1996-02-16,19.845,248
1996-02-17,19.217,248
1996-02-18,19.396,248
1996-02-19,19.358,248
1996-02-20,19.793,248
1996-02-21,19.968,248
1996-02-22,20.232,248
1996-02-23,20.351,248
1996-02-24,20.502,248
1996-02-25,20.632,248
1996-02-26,20.655,248
1996-02-27,20.63,248
1996-02-28,20.413,248
1996-02-29,20.4,248
1996-03-01,20.589,248
1996-03-02,20.542,248
1996-03-03,20.498,248
1996-03-04,20.351,248
1996-03-05,20.162,248
1996-03-06,20.116,248
1996-03-07,20.221,248
1996-03-08,19.705,248
1996-03-09,19.68,248
1996-03-10,19.987,248
1996-03-11,20.049,248
1996-03-12,20.109,248
1996-03-13,19.913,248
1996-03-14,20.078,248
1996-03-15,20.388,248
1996-03-16,20.724,248
1996-03-17,20.321,248
1996-03-18,20.114,248
1996-03-19,19.986,248
1996-03-20,19.883,248
1996-03-21,19.807,248
1996-03-22,19.823,248
1996-03-23,19.926,248
1996-03-24,20.032,248
1996-03-25,20.025,248
1996-03-26,20.039,248
1996-03-27,20.15,248
1996-03-28,20.322,248
1996-03-29,19.931,248
1996-03-30,20.547,248
1996-03-31,20.481,248
1996-04-01,20.29,248
1996-04-02,20.037,248
1996-04-03,19.934,248
1996-04-04,19.716,248
1996-04-05,19.467,248
1996-04-06,19.964,248
1996-04-07,20.127,248
1996-04-08,20.309,248
1996-04-09,20.405,248
1996-04-10,20.422,248
1996-04-11,20.378,248
1996-04-12,20.735,248
1996-04-13,21.36,248
1996-04-14,20.767,248
1996-04-15,20.507,248
1996-04-16,20.554,248
1996-04-17,20.582,248
1996-04-18,20.897,248
1996-04-19,20.998,248
1996-04-20,20.992,248
1996-04-21,20.913,248
1996-04-22,20.924,248
1996-04-23,21.079,248
1996-04-24,21.49,248
1996-04-25,21.622,248
1996-04-26,21.942,248
1996-04-27,22.215,248
1996-04-28,22.036,248
1996-04-29,21.819,248
1996-04-30,21.709,248
1996-05-01,21.651,248
1996-05-02,21.633,248
1996-05-03,21.874,248
1996-05-04,22.35,248
1996-05-05,22.561,248
1996-05-06,22.683,248
1996-05-07,22.884,248
1996-05-08,23.399,248
1996-05-09,23.222,248
1996-05-10,23.111,248
1996-05-11,23.686,248
1996-05-12,24.419,248
1996-05-13,24.572,248
1996-05-14,24.437,248
1996-05-15,24.193,248
1996-05-16,24.245,248
1996-05-17,24.495,248
1996-05-18,24.656,248
1996-05-19,24.795,248
1996-05-20,24.966,248
1996-05-21,25.959,248
1996-05-22,26.221,248
1996-05-23,26.253,248
1996-05-24,26.212,248
1996-05-25,26.184,248
1996-05-26,26.146,248
1996-05-27,26.165,248
1996-05-28,26.108,248
1996-05-29,25.818,248
1996-05-30,27.277,248
1996-05-31,27.203,248
1996-06-01,27.386,248
1996-06-02,27.517,248
1996-06-03,27.543,248
1996-06-04,27.689,248
1996-06-05,27.413,248
1996-06-06,27.342,248
1996-06-07,27.288,248
1996-06-08,27.346,248
1996-06-09,27.285,248
1996-06-10,27.388,248
1996-06-11,27.473,248
1996-06-12,27.528,248
1996-06-13,27.597,248
1996-06-14,27.866,248
1996-06-15,28.089,248
1996-06-16,28.062,248
1996-06-17,28.062,248
1996-06-18,28.29,248
1996-06-19,28.65,248
1996-06-20,28.747,248
1996-06-21,28.775,248
1996-06-22,28.79,248
1996-06-23,28.833,248
1996-06-24,28.652,248
1996-06-25,28.335,248
1996-06-26,28.398,248
1996-06-27,28.504,248
1996-06-28,28.709,248
1996-06-29,29.249,248
1996-06-30,29.409,248
1996-07-01,29.134,248
1996-07-02,29.054,248
1996-07-03,29.411,248
1996-07-04,29.746,248
1996-07-05,29.802,248
1996-07-06,29.257,248
1996-07-07,29.367,248
1996-07-08,29.406,248
1996-07-09,30.243,248
1996-07-10,30.386,248
1996-07-11,30.394,248
1996-07-12,30.099,248
1996-07-13,30.079,248
1996-07-14,30.002,248
1996-07-15,29.912,248
1996-07-16,30.101,248
1996-07-17,30.122,248
1996-07-18,30.121,248
1996-07-19,30.386,248
1996-07-20,30.299,248
1996-07-21,30.248,248
1996-07-22,30.225,248
1996-07-23,30.266,248
1996-07-24,30.253,248
1996-07-25,30.069,248
1996-07-26,30.035,248
1996-07-27,29.994,248
1996-07-28,30.037,248
1996-07-29,30.194,248
1996-07-30,30.134,248
1996-07-31,29.86,248
1996-08-01,29.668,248
1996-08-02,29.581,248
1996-08-03,29.693,248
1996-08-04,29.946,248
1996-08-05,30.058,248
1996-08-06,30.066,248
1996-08-07,30.013,248
1996-08-08,29.636,248
1996-08-09,29.367,248
1996-08-10,29.53,248
1996-08-11,29.561,248
1996-08-12,29.44,248
1996-08-13,29.407,248
1996-08-14,29.788,248
1996-08-15,29.966,248
1996-08-16,29.932,248
1996-08-17,29.845,248
1996-08-18,29.8,248
1996-08-19,29.707,248
1996-08-20,29.528,248
1996-08-21,29.462,248
1996-08-22,29.409,248
1996-08-23,29.104,248
1996-08-24,29.097,248
1996-08-25,29.097,248
1996-08-26,29.406,248
1996-08-27,29.408,248
1996-08-28,29.419,248
1996-08-29,29.55,248
1996-08-30,29.517,248
1996-08-31,29.187,248
1996-09-01,29.381,248
1996-09-02,29.519,248
1996-09-03,29.571,248
1996-09-04,29.466,248
1996-09-05,29.163,248
1996-09-06,29.19,248
1996-09-07,29.123,248
1996-09-08,29.521,248
1996-09-09,29.354,248
1996-09-10,29.426,248
1996-09-11,29.471,248
1996-09-12,29.551,248
1996-09-13,29.531,248
1996-09-14,28.783,248
1996-09-15,28.763,248
1996-09-16,28.851,248
1996-09-17,29.672,248
1996-09-18,29.906,248
1996-09-19,29.862,248
1996-09-20,29.447,248
1996-09-21,28.874,248
1996-09-22,28.854,248
1996-09-23,28.778,248
1996-09-24,28.72,248
1996-09-25,28.62,248
1996-09-26,28.287,248
1996-09-27,28.074,248
1996-09-28,27.965,248
1996-09-29,27.889,248
1996-09-30,27.879,248
1996-10-01,27.811,248
1996-10-02,27.114,248
1996-10-03,27.19,248
1996-10-04,27.2,248
1996-10-05,27.18,248
1996-10-06,27.533,248
1996-10-07,26.994,248
1996-10-08,26.916,248
1996-10-09,26.839,248
1996-10-10,26.681,248
1996-10-11,26.47,248
1996-10-12,26.195,248
1996-10-13,26.197,248
1996-10-14,26.269,248
1996-10-15,26.229,248
1996-10-16,26.149,248
1996-10-17,26.191,248
1996-10-18,26.168,248
1996-10-19,25.79,248
1996-10-20,25.608,248
1996-10-21,25.45,248
1996-10-22,25.291,248
1996-10-23,25.311,248
1996-10-24,25.295,248
1996-10-25,25.387,248
1996-10-26,25.573,248
1996-10-27,25.57,248
1996-10-28,25.593,248
1996-10-29,25.718,248
1996-10-30,25.814,248
1996-10-31,25.703,248
1996-11-01,25.454,248
1996-11-02,25.035,248
1996-11-03,24.916,248
1996-11-04,25.019,248
1996-11-05,24.974,248
1996-11-06,24.879,248
1996-11-07,24.699,248
1996-11-08,24.697,248
1996-11-09,24.697,248
1996-11-10,24.398,248
1996-11-11,24.238,248
1996-11-12,24.157,248
1996-11-13,24.082,248
1996-11-14,24.09,248
1996-11-15,24.117,248
1996-11-16,24.109,248
1996-11-17,24.078,248
1996-11-18,23.968,248
1996-11-19,23.954,248
1996-11-20,24.077,248
1996-11-21,24.06,248
1996-11-22,24.027,248
1996-11-23,23.992,248
1996-11-24,24.05,248
1996-11-25,24.028,248
1996-11-26,23.711,248
1996-11-27,23.62,248
1996-11-28,23.291,248
1996-11-29,23.213,248
1996-11-30,23.149,248
1996-12-01,23.115,248
1996-12-02,23.108,248
1996-12-03,23.118,248
1996-12-04,22.764,248
1996-12-05,22.788,248
1996-12-06,22.869,248
1996-12-07,22.955,248
1996-12-08,22.944,248
1996-12-09,22.803,248
1996-12-10,22.712,248
1996-12-11,22.663,248
1996-12-12,22.634,248
1996-12-13,22.68,248
1996-12-14,22.456,248
1996-12-15,22.118,248
1996-12-16,22.132,248
1996-12-17,22.047,248
1996-12-18,21.902,248
1996-12-19,21.45,248
1996-12-20,21.336,248
1996-12-21,21.562,248
1996-12-22,21.635,248
1996-12-23,21.696,248
1996-12-24,21.684,248
1996-12-25,21.632,248
1996-12-26,21.531,248
1996-12-27,21.375,248
1996-12-28,21.279,248
1996-12-29,21.811,248
1996-12-30,21.752,248
1996-12-31,21.76,248
1997-01-01,21.867,248
1997-01-02,21.708,248
1997-01-03,21.456,248
1997-01-04,21.389,248
1997-01-05,21.279,248
1997-01-06,21.036,248
1997-01-07,21.048,248
1997-01-08,21.053,248
1997-01-09,21.282,248
1997-01-10,21.109,248
1997-01-11,20.995,248
1997-01-12,20.843,248
1997-01-13,20.725,248
1997-01-14,20.801,248
1997-01-15,20.962,248
1997-01-16,20.9,248
1997-01-17,20.847,248
1997-01-18,20.806,248
1997-01-19,20.652,248
1997-01-20,20.881,248
1997-01-21,20.884,248
1997-01-22,20.852,248
1997-01-23,20.726,248
1997-01-24,20.939,248
1997-01-25,21.066,248
1997-01-26,21.07,248
1997-01-27,21.118,248
1997-01-28,21.047,248
1997-01-29,21.043,248
1997-01-30,20.786,248
1997-01-31,20.727,248
1997-02-01,20.74,248
1997-02-02,21.084,248
1997-02-03,21.049,248
1997-02-04,20.848,248
1997-02-05,20.854,248
1997-02-06,20.861,248
1997-02-07,20.861,248
1997-02-08,20.86,248
1997-02-09,20.799,248
1997-02-10,20.555,248
1997-02-11,20.185,248
1997-02-12,20.107,248
1997-02-13,20.196,248
1997-02-14,20.376,248
1997-02-15,20.247,248
1997-02-16,20.109,248
1997-02-17,20.099,248
1997-02-18,20.154,248
1997-02-19,20.214,248
1997-02-20,20.907,248
1997-02-21,20.879,248
1997-02-22,20.798,248
1997-02-23,20.642,248
1997-02-24,20.516,248
1997-02-25,20.489,248
1997-02-26,20.495,248
1997-02-27,20.429,248
1997-02-28,20.442,248
1997-03-01,20.119,248
1997-03-02,20.739,248
1997-03-03,20.737,248
1997-03-04,20.723,248
1997-03-05,20.698,248
1997-03-06,20.634,248
1997-03-07,20.621,248
1997-03-08,20.415,248
1997-03-09,20.423,248
1997-03-10,20.439,248
1997-03-11,20.43,248
1997-03-12,20.997,248
1997-03-13,21.175,248
1997-03-14,21.254,248
1997-03-15,21.278,248
1997-03-16,21.47,248
1997-03-17,21.321,248
1997-03-18,21.276,248
1997-03-19,21.385,248
1997-03-20,21.309,248
1997-03-21,21.277,248
1997-03-22,21.398,248
1997-03-23,21.525,248
1997-03-24,21.653,248
1997-03-25,21.602,248
1997-03-26,21.651,248
1997-03-27,22.548,248
1997-03-28,22.078,248
1997-03-29,22.428,248
1997-03-30,22.612,248
1997-03-31,22.732,248
1997-04-01,21.982,248
1997-04-02,21.849,248
1997-04-03,21.774,248
1997-04-04,21.738,248
1997-04-05,21.871,248
1997-04-06,21.811,248
1997-04-07,21.854,248
1997-04-08,21.977,248
1997-04-09,22.14,248
1997-04-10,22.158,248
1997-04-11,22.203,248
1997-04-12,22.27,248
1997-04-13,22.348,248
1997-04-14,22.19,248
1997-04-15,21.792,248
1997-04-16,21.877,248
1997-04-17,21.903,248
1997-04-18,21.906,248
1997-04-19,21.883,248
1997-04-20,22.029,248
1997-04-21,22.161,248
1997-04-22,22.19,248
1997-04-23,21.971,248
1997-04-24,21.895,248
1997-04-25,22.057,248
1997-04-26,22.093,248
1997-04-27,22.39,248
1997-04-28,22.281,248
1997-04-29,22.206,248
1997-04-30,22.137,248
1997-05-01,22.114,248
1997-05-02,22.869,248
1997-05-03,22.902,248
1997-05-04,22.924,248
1997-05-05,22.832,248
1997-05-06,22.781,248
1997-05-07,22.932,248
1997-05-08,23.39,248
1997-05-09,23.579,248
1997-05-10,23.677,248
1997-05-11,23.518,248
1997-05-12,23.547,248
1997-05-13,23.728,248
1997-05-14,23.815,248
1997-05-15,23.852,248
1997-05-16,24.067,248
1997-05-17,24.755,248
1997-05-18,24.76,248
1997-05-19,24.805,248
1997-05-20,25.212,248
1997-05-21,25.412,248
1997-05-22,25.595,248
1997-05-23,25.614,248
1997-05-24,25.858,248
1997-05-25,25.966,248
1997-05-26,26.028,248
1997-05-27,26.278,248
1997-05-28,26.424,248
1997-05-29,26.437,248
1997-05-30,26.494,248
1997-05-31,26.574,248
1997-06-01,26.604,248
1997-06-02,26.736,248
1997-06-03,26.895,248
1997-06-04,26.961,248
1997-06-05,27.048,248
1997-06-06,27.046,248
1997-06-07,27.08,248
1997-06-08,27.248,248
1997-06-09,27.424,248
1997-06-10,27.651,248
1997-06-11,27.694,248
1997-06-12,27.84,248
1997-06-13,27.901,248
1997-06-14,27.947,248
1997-06-15,28.188,248
1997-06-16,28.221,248
1997-06-17,28.267,248
1997-06-18,28.239,248
1997-06-19,27.982,248
1997-06-20,27.068,248
1997-06-21,26.748,248
1997-06-22,27.883,248
1997-06-23,28.306,248
1997-06-24,29.118,248
1997-06-25,29.693,248
1997-06-26,29.595,248
1997-06-27,29.116,248
1997-06-28,29.42,248
1997-06-29,29.409,248
1997-06-30,29.383,248
1997-07-01,29.44,248
1997-07-02,29.834,248
1997-07-03,30.305,248
1997-07-04,30.536,248
1997-07-05,30.603,248
1997-07-06,30.568,248
1997-07-07,30.159,248
1997-07-08,29.952,248
1997-07-09,30.135,248
1997-07-10,30.235,248
1997-07-11,30.272,248
1997-07-12,30.35,248
1997-07-13,30.424,248
1997-07-14,30.683,248
1997-07-15,30.063,248
1997-07-16,29.567,248
1997-07-17,29.416,248
1997-07-18,29.524,248
1997-07-19,29.753,248
1997-07-20,29.955,248
1997-07-21,30.093,248
1997-07-22,30.072,248
1997-07-23,30.325,248
1997-07-24,30.502,248
1997-07-25,30.553,248
1997-07-26,30.835,248
1997-07-27,30.836,248
1997-07-28,30.829,248
1997-07-29,30.663,248
1997-07-30,30.606,248
1997-07-31,30.531,248
1997-08-01,30.074,248
1997-08-02,29.839,248
1997-08-03,29.691,248
1997-08-04,29.854,248
1997-08-05,29.867,248
1997-08-06,30.136,248
1997-08-07,30.146,248
1997-08-08,30.197,248
1997-08-09,30.131,248
1997-08-10,30.131,248
1997-08-11,30.464,248
1997-08-12,30.454,248
1997-08-13,30.448,248
1997-08-14,30.376,248
1997-08-15,30.321,248
1997-08-16,30.334,248
1997-08-17,30.361,248
1997-08-18,30.339,248
1997-08-19,30.363,248
1997-08-20,30.407,248
1997-08-21,30.523,248
1997-08-22,30.633,248
1997-08-23,30.303,248
1997-08-24,29.842,248
1997-08-25,29.735,248
1997-08-26,29.684,248
1997-08-27,29.92,248
1997-08-28,30.032,248
1997-08-29,30.002,248
1997-08-30,29.676,248
1997-08-31,29.791,248
1997-09-01,29.751,248
1997-09-02,29.664,248
1997-09-03,29.585,248
1997-09-04,29.677,248
1997-09-05,29.671,248
1997-09-06,29.74,248
1997-09-07,29.725,248
1997-09-08,29.672,248
1997-09-09,29.517,248
1997-09-10,29.819,248
1997-09-11,29.903,248
1997-09-12,29.864,248
1997-09-13,29.797,248
1997-09-14,29.791,248
1997-09-15,29.901,248
1997-09-16,30.015,248
1997-09-17,29.921,248
1997-09-18,29.641,248
1997-09-19,29.71,248
1997-09-20,29.678,248
1997-09-21,29.698,248
1997-09-22,29.582,248
1997-09-23,29.473,248
1997-09-24,29.316,248
1997-09-25,28.547,248
1997-09-26,28.645,248
1997-09-27,28.576,248
1997-09-28,28.342,248
1997-09-29,28.326,248
1997-09-30,28.334,248
1997-10-01,28.335,248
1997-10-02,28.254,248
1997-10-03,28.115,248
1997-10-04,27.895,248
1997-10-05,27.979,248
1997-10-06,28.044,248
1997-10-07,27.854,248
1997-10-08,27.72,248
1997-10-09,27.679,248
1997-10-10,27.64,248
1997-10-11,27.848,248
1997-10-12,27.831,248
1997-10-13,27.803,248
1997-10-14,27.091,248
1997-10-15,27.028,248
1997-10-16,26.985,248
1997-10-17,26.145,248
1997-10-18,26.106,248
1997-10-19,26.078,248
1997-10-20,26.064,248
1997-10-21,25.936,248
1997-10-22,25.801,248
1997-10-23,25.655,248
1997-10-24,25.802,248
1997-10-25,25.819,248
1997-10-26,25.842,248
1997-10-27,25.309,248
1997-10-28,25.272,248
1997-10-29,25.294,248
1997-10-30,25.448,248
1997-10-31,25.084,248
1997-11-01,25.057,248
1997-11-02,25.055,248
1997-11-03,25.03,248
1997-11-04,24.971,248
1997-11-05,24.612,248
1997-11-06,24.605,248
1997-11-07,24.611,248
1997-11-08,23.85,248
1997-11-09,23.849,248
1997-11-10,23.836,248
1997-11-11,24.051,248
1997-11-12,24.182,248
1997-11-13,23.675,248
1997-11-14,23.477,248
1997-11-15,23.335,248
1997-11-16,22.977,248
1997-11-17,23.382,248
1997-11-18,23.686,248
1997-11-19,23.726,248
1997-11-20,23.828,248
1997-11-21,23.9,248
1997-11-22,23.876,248
1997-11-23,23.492,248
1997-11-24,23.475,248
1997-11-25,23.458,248
1997-11-26,23.442,248
1997-11-27,23.345,248
1997-11-28,23.32,248
1997-11-29,23.463,248
1997-11-30,23.511,248
1997-12-01,23.453,248
1997-12-02,23.452,248
1997-12-03,23.425,248
1997-12-04,23.257,248
1997-12-05,23.257,248
1997-12-06,23.206,248
1997-12-07,23.226,248
1997-12-08,23.055,248
1997-12-09,22.916,248
1997-12-10,22.942,248
1997-12-11,23.079,248
1997-12-12,22.896,248
1997-12-13,22.459,248
1997-12-14,21.981,248
1997-12-15,21.869,248
1997-12-16,21.861,248
1997-12-17,21.828,248
1997-12-18,21.967,248
1997-12-19,21.957,248
1997-12-20,22.003,248
1997-12-21,21.772,248
1997-12-22,21.785,248
1997-12-23,21.689,248
1997-12-24,21.612,248
1997-12-25,21.726,248
1997-12-26,21.799,248
1997-12-27,21.717,248
1997-12-28,21.239,248
1997-12-29,20.843,248
1997-12-30,20.757,248
1997-12-31,20.729,248
1998-01-01,20.964,248
1998-01-02,21.045,248
1998-01-03,21.105,248
1998-01-04,21.228,248
1998-01-05,21.442,248
1998-01-06,21.411,248
1998-01-07,20.777,248
1998-01-08,20.627,248
1998-01-09,20.66,248
1998-01-10,20.674,248
1998-01-11,20.893,248
1998-01-12,20.959,248
1998-01-13,21.03,248
1998-01-14,20.852,248
1998-01-15,20.609,248
1998-01-16,20.683,248
1998-01-17,20.672,248
1998-01-18,20.589,248
1998-01-19,20.253,248
1998-01-20,20.335,248
1998-01-21,20.661,248
1998-01-22,20.678,248
1998-01-23,20.529,248
1998-01-24,20.187,248
1998-01-25,20.19,248
1998-01-26,20.422,248
1998-01-27,20.458,248
1998-01-28,20.225,248
1998-01-29,20.042,248
1998-01-30,20.176,248
1998-01-31,20.282,248
1998-02-01,20.293,248
1998-02-02,20.264,248
1998-02-03,20.215,248
1998-02-04,20.177,248
1998-02-05,20.153,248
1998-02-06,19.961,248
1998-02-07,19.94,248
1998-02-08,19.993,248
1998-02-09,20.054,248
1998-02-10,19.989,248
1998-02-11,19.858,248
1998-02-12,19.738,248
1998-02-13,19.605,248
1998-02-14,19.758,248
1998-02-15,19.645,248
1998-02-16,19.721,248
1998-02-17,19.92,248
1998-02-18,20.016,248
1998-02-19,19.961,248
1998-02-20,19.728,248
1998-02-21,19.813,248
1998-02-22,19.806,248
1998-02-23,19.669,248
1998-02-24,19.562,248
1998-02-25,19.878,248
1998-02-26,20.013,248
1998-02-27,20.052,248
1998-02-28,20.035,248
1998-03-01,20.014,248
1998-03-02,20.013,248
1998-03-03,19.929,248
1998-03-04,19.886,248
1998-03-05,19.982,248
1998-03-06,20.009,248
1998-03-07,20.212,248
1998-03-08,20.143,248
1998-03-09,19.143,248
1998-03-10,18.936,248
1998-03-11,18.904,248
1998-03-12,18.94,248
1998-03-13,19.364,248
1998-03-14,19.269,248
1998-03-15,19.116,248
1998-03-16,18.883,248
1998-03-17,18.877,248
1998-03-18,20.013,248
1998-03-19,19.88,248
1998-03-20,19.812,248
1998-03-21,19.797,248
1998-03-22,19.501,248
1998-03-23,19.372,248
1998-03-24,19.366,248
1998-03-25,20.031,248
1998-03-26,20.239,248
1998-03-27,20.288,248
1998-03-28,20.634,248
1998-03-29,20.721,248
1998-03-30,20.748,248
1998-03-31,20.705,248
1998-04-01,20.681,248
1998-04-02,20.745,248
1998-04-03,20.967,248
1998-04-04,20.973,248
1998-04-05,20.984,248
1998-04-06,20.785,248
1998-04-07,20.793,248
1998-04-08,21.094,248
1998-04-09,21.21,248
1998-04-10,21.095,248
1998-04-11,20.971,248
1998-04-12,20.912,248
1998-04-13,21.014,248
1998-04-14,21.193,248
1998-04-15,21.166,248
1998-04-16,21.059,248
1998-04-17,21.322,248
1998-04-18,21.919,248
1998-04-19,21.973,248
1998-04-20,21.942,248
1998-04-21,21.88,248
1998-04-22,21.77,248
1998-04-23,21.744,248
1998-04-24,21.739,248
1998-04-25,21.681,248
1998-04-26,21.71,248
1998-04-27,21.748,248
1998-04-28,21.791,248
1998-04-29,22.192,248
1998-04-30,22.228,248
1998-05-01,22.187,248
1998-05-02,22.68,248
1998-05-03,22.854,248
1998-05-04,22.963,248
1998-05-05,23.39,248
1998-05-06,23.445,248
1998-05-07,24.259,248
1998-05-08,24.098,248
1998-05-09,23.915,248
1998-05-10,23.895,248
1998-05-11,23.968,248
1998-05-12,23.79,248
1998-05-13,23.488,248
1998-05-14,23.692,248
1998-05-15,23.805,248
1998-05-16,24.44,248
1998-05-17,25.049,248
1998-05-18,25.476,248
1998-05-19,26.067,248
1998-05-20,25.936,248
1998-05-21,25.511,248
1998-05-22,25.601,248
1998-05-23,25.57,248
1998-05-24,25.717,248
1998-05-25,25.911,248
1998-05-26,26.251,248
1998-05-27,26.404,248
1998-05-28,26.879,248
1998-05-29,27.374,248
1998-05-30,27.734,248
1998-05-31,28.642,248
1998-06-01,28.797,248
1998-06-02,28.559,248
1998-06-03,28.173,248
1998-06-04,27.753,248
1998-06-05,27.251,248
1998-06-06,27.22,248
1998-06-07,27.273,248
1998-06-08,27.511,248
1998-06-09,27.656,248
1998-06-10,27.77,248
1998-06-11,27.943,248
1998-06-12,27.819,248
1998-06-13,27.711,248
1998-06-14,27.661,248
1998-06-15,27.786,248
1998-06-16,28.413,248
1998-06-17,28.453,248
1998-06-18,28.477,248
1998-06-19,28.9,248
1998-06-20,29.009,248
1998-06-21,28.966,248
1998-06-22,29.201,248
1998-06-23,29.337,248
1998-06-24,29.332,248
1998-06-25,29.215,248
1998-06-26,29.069,248
1998-06-27,29.154,248
1998-06-28,29.153,248
1998-06-29,28.712,248
1998-06-30,28.776,248
1998-07-01,28.906,248
1998-07-02,29.183,248
1998-07-03,29.164,248
1998-07-04,28.986,248
1998-07-05,28.954,248
1998-07-06,29.256,248
1998-07-07,29.425,248
1998-07-08,29.667,248
1998-07-09,29.752,248
1998-07-10,29.727,248
1998-07-11,29.405,248
1998-07-12,29.552,248
1998-07-13,29.577,248
1998-07-14,29.315,248
1998-07-15,29.297,248
1998-07-16,29.652,248
1998-07-17,29.945,248
1998-07-18,30.124,248
1998-07-19,30.236,248
1998-07-20,30.23,248
1998-07-21,30.33,248
1998-07-22,30.355,248
1998-07-23,30.352,248
1998-07-24,30.52,248
1998-07-25,30.271,248
1998-07-26,30.013,248
1998-07-27,30.148,248
1998-07-28,30.359,248
1998-07-29,30.501,248
1998-07-30,30.612,248
1998-07-31,30.55,248
1998-08-01,30.467,248
1998-08-02,30.1,248
1998-08-03,30.146,248
1998-08-04,30.182,248
1998-08-05,30.145,248
1998-08-06,30.141,248
1998-08-07,30.058,248
1998-08-08,30.053,248
1998-08-09,30.651,248
1998-08-10,30.915,248
1998-08-11,30.945,248
1998-08-12,30.886,248
1998-08-13,30.967,248
1998-08-14,30.991,248
1998-08-15,30.913,248
1998-08-16,30.75,248
1998-08-17,30.549,248
1998-08-18,30.441,248
1998-08-19,30.376,248
1998-08-20,30.352,248
1998-08-21,30.244,248
1998-08-22,29.73,248
1998-08-23,29.847,248
1998-08-24,29.895,248
1998-08-25,29.977,248
1998-08-26,29.974,248
1998-08-27,29.812,248
1998-08-28,30.006,248
1998-08-29,30.065,248
1998-08-30,30.09,248
1998-08-31,30.103,248
1998-09-01,29.715,248
1998-09-02,29.583,248
1998-09-03,29.669,248
1998-09-04,29.68,248
1998-09-05,29.678,248
1998-09-06,29.412,248
1998-09-07,29.401,248
1998-09-08,29.362,248
1998-09-09,29.275,248
1998-09-10,29.199,248
1998-09-11,29.109,248
1998-09-12,29.08,248
1998-09-13,28.366,248
1998-09-14,28.399,248
1998-09-15,28.207,248
1998-09-16,27.896,248
1998-09-17,27.937,248
1998-09-18,28.142,248
1998-09-19,28.869,248
1998-09-20,28.99,248
1998-09-21,28.899,248
1998-09-22,28.664,248
1998-09-23,28.649,248
1998-09-24,28.569,248
1998-09-25,28.466,248
1998-09-26,28.598,248
1998-09-27,28.69,248
1998-09-28,28.745,248
1998-09-29,28.823,248
1998-09-30,28.857,248
1998-10-01,29.083,248
1998-10-02,28.908,248
1998-10-03,28.854,248
1998-10-04,28.814,248
1998-10-05,28.541,248
1998-10-06,28.532,248
1998-10-07,28.475,248
1998-10-08,28.152,248
1998-10-09,28.128,248
1998-10-10,28.159,248
1998-10-11,28.231,248
1998-10-12,27.995,248
1998-10-13,27.503,248
1998-10-14,27.491,248
1998-10-15,27.72,248
1998-10-16,27.605,248
1998-10-17,27.516,248
1998-10-18,27.417,248
1998-10-19,27.55,248
1998-10-20,27.472,248
1998-10-21,27.252,248
1998-10-22,26.98,248
1998-10-23,26.853,248
1998-10-24,27.006,248
1998-10-25,26.984,248
1998-10-26,26.822,248
1998-10-27,26.816,248
1998-10-28,26.816,248
1998-10-29,26.814,248
1998-10-30,26.606,248
1998-10-31,26.648,248
1998-11-01,26.633,248
1998-11-02,26.645,248
1998-11-03,26.493,248
1998-11-04,26.495,248
1998-11-05,26.481,248
1998-11-06,25.851,248
1998-11-07,25.668,248
1998-11-08,25.389,248
1998-11-09,25.346,248
1998-11-10,25.337,248
1998-11-11,25.544,248
1998-11-12,25.517,248
1998-11-13,25.47,248
1998-11-14,25.379,248
1998-11-15,25.387,248
1998-11-16,25.116,248
1998-11-17,25.145,248
1998-11-18,25.215,248
1998-11-19,25.222,248
1998-11-20,25.188,248
1998-11-21,25.162,248
1998-11-22,25.129,248
1998-11-23,25.026,248
1998-11-24,24.977,248
1998-11-25,25.083,248
1998-11-26,25.12,248
1998-11-27,25.107,248
1998-11-28,24.942,248
1998-11-29,24.921,248
1998-11-30,24.902,248
1998-12-01,24.907,248
1998-12-02,24.943,248
1998-12-03,24.95,248
1998-12-04,24.913,248
1998-12-05,24.964,248
1998-12-06,24.968,248
1998-12-07,24.96,248
1998-12-08,25.084,248
1998-12-09,24.996,248
1998-12-10,24.802,248
1998-12-11,24.804,248
1998-12-12,24.843,248
1998-12-13,24.284,248
1998-12-14,23.901,248
1998-12-15,23.885,248
1998-12-16,23.84,248
1998-12-17,23.725,248
1998-12-18,23.724,248
1998-12-19,23.635,248
1998-12-20,23.522,248
1998-12-21,23.515,248
1998-12-22,23.479,248
1998-12-23,23.542,248
1998-12-24,23.194,248
1998-12-25,22.911,248
1998-12-26,22.942,248
1998-12-27,23.104,248
1998-12-28,22.938,248
1998-12-29,22.815,248
1998-12-30,22.835,248
1998-12-31,22.779,248
1999-01-01,22.59,248
1999-01-02,22.229,248
1999-01-03,22.161,248
1999-01-04,21.97,248
1999-01-05,21.604,248
1999-01-06,21.634,248
1999-01-07,21.732,248
1999-01-08,21.868,248
1999-01-09,21.272,248
1999-01-10,21.249,248
1999-01-11,21.231,248
1999-01-12,21.031,248
1999-01-13,21.053,248
1999-01-14,21.054,248
1999-01-15,20.823,248
1999-01-16,20.799,248
1999-01-17,20.834,248
1999-01-18,21.205,248
1999-01-19,21.17,248
1999-01-20,21.196,248
1999-01-21,21.244,248
1999-01-22,21.305,248
1999-01-23,21.083,248
1999-01-24,21.021,248
1999-01-25,20.927,248
1999-01-26,20.943,248
1999-01-27,20.984,248
1999-01-28,20.926,248
1999-01-29,20.907,248
1999-01-30,21.032,248
1999-01-31,20.981,248
1999-02-01,20.883,248
1999-02-02,20.872,248
1999-02-03,21.407,248
1999-02-04,21.384,248
1999-02-05,21.082,248
1999-02-06,21.512,248
1999-02-07,21.695,248
1999-02-08,21.763,248
1999-02-09,21.944,248
1999-02-10,21.977,248
1999-02-11,21.93,248
1999-02-12,21.77,248
1999-02-13,20.915,248
1999-02-14,20.89,248
1999-02-15,20.884,248
1999-02-16,21.063,248
1999-02-17,20.762,248
1999-02-18,20.752,248
1999-02-19,20.77,248
1999-02-20,20.906,248
1999-02-21,20.876,248
1999-02-22,20.567,248
1999-02-23,20.504,248
1999-02-24,20.458,248
1999-02-25,20.325,248
1999-02-26,20.398,248
1999-02-27,20.461,248
1999-02-28,20.497,248
1999-03-01,20.782,248
1999-03-02,20.915,248
1999-03-03,20.9,248
1999-03-04,20.735,248
1999-03-05,20.921,248
1999-03-06,21.132,248
1999-03-07,21.105,248
1999-03-08,21.378,248
1999-03-09,21.38,248
1999-03-10,21.373,248
1999-03-11,21.363,248
1999-03-12,21.474,248
1999-03-13,21.153,248
1999-03-14,20.631,248
1999-03-15,20.669,248
1999-03-16,20.737,248
1999-03-17,20.736,248
1999-03-18,20.771,248
1999-03-19,20.742,248
1999-03-20,21.048,248
1999-03-21,21.065,248
1999-03-22,21.034,248
1999-03-23,20.844,248
1999-03-24,20.968,248
1999-03-25,21.172,248
1999-03-26,21.317,248
1999-03-27,21.37,248
1999-03-28,21.348,248
1999-03-29,21.493,248
1999-03-30,21.451,248
1999-03-31,21.337,248
1999-04-01,21.334,248
1999-04-02,21.448,248
1999-04-03,21.381,248
1999-04-04,21.939,248
1999-04-05,22.137,248
1999-04-06,22.536,248
1999-04-07,23.267,248
1999-04-08,23.132,248
1999-04-09,23.11,248
1999-04-10,23.205,248
1999-04-11,23.51,248
1999-04-12,23.649,248
1999-04-13,23.697,248
1999-04-14,23.605,248
1999-04-15,23.596,248
1999-04-16,23.571,248
1999-04-17,22.796,248
1999-04-18,22.74,248
1999-04-19,22.767,248
1999-04-20,22.712,248
1999-04-21,22.797,248
1999-04-22,22.937,248
1999-04-23,23.163,248
1999-04-24,23.286,248
1999-04-25,23.325,248
1999-04-26,24.003,248
1999-04-27,24.163,248
1999-04-28,24.464,248
1999-04-29,24.451,248
1999-04-30,24.207,248
1999-05-01,24.044,248
1999-05-02,24.065,248
1999-05-03,24.159,248
1999-05-04,23.856,248
1999-05-05,23.944,248
1999-05-06,24.239,248
1999-05-07,24.367,248
1999-05-08,24.391,248
1999-05-09,24.339,248
1999-05-10,24.607,248
1999-05-11,24.891,248
1999-05-12,24.972,248
1999-05-13,25.046,248
1999-05-14,25.46,248
1999-05-15,25.908,248
1999-05-16,25.788,248
1999-05-17,25.734,248
1999-05-18,25.61,248
1999-05-19,25.879,248
1999-05-20,26.067,248
1999-05-21,26.137,248
1999-05-22,27.056,248
1999-05-23,27.236,248
1999-05-24,27.213,248
1999-05-25,26.918,248
1999-05-26,26.952,248
1999-05-27,27.072,248
1999-05-28,27.394,248
1999-05-29,27.277,248
1999-05-30,26.978,248
1999-05-31,26.968,248
1999-06-01,27.513,248
1999-06-02,27.497,248
1999-06-03,27.519,248
1999-06-04,27.92,248
1999-06-05,27.982,248
1999-06-06,28.018,248
1999-06-07,28.172,248
1999-06-08,28.308,248
1999-06-09,28.346,248
1999-06-10,28.523,248
1999-06-11,28.604,248
1999-06-12,28.64,248
1999-06-13,28.844,248
1999-06-14,28.825,248
1999-06-15,28.785,248
1999-06-16,28.795,248
1999-06-17,29.02,248
1999-06-18,29.041,248
1999-06-19,28.996,248
1999-06-20,28.555,248
1999-06-21,28.599,248
1999-06-22,28.358,248
1999-06-23,28.415,248
1999-06-24,28.539,248
1999-06-25,28.665,248
1999-06-26,28.676,248
1999-06-27,28.741,248
1999-06-28,28.626,248
1999-06-29,28.32,248
1999-06-30,28.951,248
1999-07-01,29.016,248
1999-07-02,29.023,248
1999-07-03,28.917,248
1999-07-04,28.908,248
1999-07-05,28.913,248
1999-07-06,29.101,248
1999-07-07,29.282,248
1999-07-08,29.423,248
1999-07-09,29.432,248
1999-07-10,29.207,248
1999-07-11,29.167,248
1999-07-12,29.126,248
1999-07-13,29.224,248
1999-07-14,29.334,248
1999-07-15,29.651,248
1999-07-16,29.639,248
1999-07-17,29.67,248
1999-07-18,29.582,248
1999-07-19,29.499,248
1999-07-20,29.269,248
1999-07-21,29.122,248
1999-07-22,29.117,248
1999-07-23,29.249,248
1999-07-24,29.224,248
1999-07-25,29.832,248
1999-07-26,29.879,248
1999-07-27,29.906,248
1999-07-28,30.081,248
1999-07-29,30.169,248
1999-07-30,30.145,248
1999-07-31,30.638,248
1999-08-01,30.8,248
1999-08-02,30.808,248
1999-08-03,30.107,248
1999-08-04,29.982,248
1999-08-05,30.483,248
1999-08-06,30.524,248
1999-08-07,30.554,248
1999-08-08,30.507,248
1999-08-09,30.38,248
1999-08-10,30.126,248
1999-08-11,30.138,248
1999-08-12,29.925,248
1999-08-13,29.916,248
1999-08-14,30.095,248
1999-08-15,30.214,248
1999-08-16,30.464,248
1999-08-17,30.545,248
1999-08-18,30.535,248
1999-08-19,30.417,248
1999-08-20,30.505,248
1999-08-21,30.512,248
1999-08-22,30.292,248
1999-08-23,30.231,248
1999-08-24,30.181,248
1999-08-25,30.115,248
1999-08-26,30.057,248
1999-08-27,30.084,248
1999-08-28,30.355,248
1999-08-29,30.394,248
1999-08-30,30.351,248
1999-08-31,30.15,248
1999-09-01,30.091,248
1999-09-02,30.082,248
1999-09-03,30.043,248
1999-09-04,29.972,248
1999-09-05,29.949,248
1999-09-06,29.879,248
1999-09-07,29.934,248
1999-09-08,30.033,248
1999-09-09,29.886,248
1999-09-10,29.639,248
1999-09-11,29.744,248
1999-09-12,29.823,248
1999-09-13,29.804,248
1999-09-14,29.48,248
1999-09-15,29.509,248
1999-09-16,29.488,248
1999-09-17,29.225,248
1999-09-18,29.089,248
1999-09-19,29.046,248
1999-09-20,29.021,248
1999-09-21,29.045,248
1999-09-22,29.011,248
1999-09-23,28.483,248
1999-09-24,28.466,248
1999-09-25,28.431,248
1999-09-26,28.433,248
1999-09-27,28.472,248
1999-09-28,28.412,248
1999-09-29,28.276,248
1999-09-30,28.211,248
1999-10-01,27.859,248
1999-10-02,27.538,248
1999-10-03,27.776,248
1999-10-04,27.769,248
1999-10-05,27.728,248
1999-10-06,27.687,248
1999-10-07,27.763,248
1999-10-08,27.809,248
1999-10-09,27.661,248
1999-10-10,27.502,248
1999-10-11,27.29,248
1999-10-12,27.24,248
1999-10-13,27.377,248
1999-10-14,27.417,248
1999-10-15,27.436,248
1999-10-16,27.404,248
1999-10-17,27.419,248
1999-10-18,27.29,248
1999-10-19,27.245,248
1999-10-20,27.003,248
1999-10-21,26.951,248
1999-10-22,26.677,248
1999-10-23,26.558,248
1999-10-24,26.473,248
1999-10-25,26.09,248
1999-10-26,25.888,248
1999-10-27,25.815,248
1999-10-28,25.99,248
1999-10-29,25.985,248
1999-10-30,25.975,248
1999-10-31,25.878,248
1999-11-01,25.816,248
1999-11-02,25.731,248
1999-11-03,25.502,248
1999-11-04,25.368,248
1999-11-05,25.401,248
1999-11-06,25.282,248
1999-11-07,24.959,248
1999-11-08,24.933,248
1999-11-09,24.914,248
1999-11-10,25.073,248
1999-11-11,25.139,248
1999-11-12,25.11,248
1999-11-13,25.011,248
1999-11-14,24.962,248
1999-11-15,24.839,248
1999-11-16,24.758,248
1999-11-17,24.64,248
1999-11-18,24.516,248
1999-11-19,24.559,248
1999-11-20,24.601,248
1999-11-21,24.637,248
1999-11-22,24.684,248
1999-11-23,24.862,248
1999-11-24,24.902,248
1999-11-25,24.522,248
1999-11-26,24.09,248
1999-11-27,24.068,248
1999-11-28,24.053,248
1999-11-29,24.16,248
1999-11-30,24.101,248
1999-12-01,24.055,248
1999-12-02,23.653,248
1999-12-03,23.843,248
1999-12-04,23.817,248
1999-12-05,23.698,248
1999-12-06,23.382,248
1999-12-07,23.371,248
1999-12-08,22.862,248
1999-12-09,23.067,248
1999-12-10,23.201,248
1999-12-11,23.228,248
1999-12-12,23.402,248
1999-12-13,23.142,248
1999-12-14,23.076,248
1999-12-15,23.008,248
1999-12-16,22.987,248
1999-12-17,22.993,248
1999-12-18,22.872,248
1999-12-19,22.884,248
1999-12-20,22.874,248
1999-12-21,22.551,248
1999-12-22,22.591,248
1999-12-23,22.565,248
1999-12-24,22.546,248
1999-12-25,22.499,248
1999-12-26,22.481,248
1999-12-27,22.031,248
1999-12-28,22.229,248
1999-12-29,22.221,248
1999-12-30,22.219,248
1999-12-31,21.823,248
2000-01-01,21.732,248
2000-01-02,21.653,248
2000-01-03,21.651,248
2000-01-04,21.743,248
2000-01-05,21.714,248
2000-01-06,21.586,248
2000-01-07,21.655,248
2000-01-08,21.581,248
2000-01-09,21.846,248
2000-01-10,21.909,248
2000-01-11,21.885,248
2000-01-12,21.777,248
2000-01-13,21.89,248
2000-01-14,21.922,248
2000-01-15,21.907,248
2000-01-16,21.821,248
2000-01-17,21.88,248
2000-01-18,21.709,248
2000-01-19,21.811,248
2000-01-20,21.833,248
2000-01-21,21.838,248
2000-01-22,21.6,248
2000-01-23,21.666,248
2000-01-24,21.604,248
2000-01-25,21.534,248
2000-01-26,21.272,248
2000-01-27,21.322,248
2000-01-28,21.231,248
2000-01-29,21.049,248
2000-01-30,20.905,248
2000-01-31,20.973,248
2000-02-01,20.82,248
2000-02-02,20.848,248
2000-02-03,20.941,248
2000-02-04,20.935,248
2000-02-05,20.873,248
2000-02-06,20.839,248
2000-02-07,20.497,248
2000-02-08,20.657,248
2000-02-09,20.993,248
2000-02-10,20.947,248
2000-02-11,20.885,248
2000-02-12,20.802,248
2000-02-13,20.78,248
2000-02-14,21.287,248
2000-02-15,21.27,248
2000-02-16,21.258,248
2000-02-17,21.567,248
2000-02-18,21.952,248
2000-02-19,21.83,248
2000-02-20,21.709,248
2000-02-21,21.611,248
2000-02-22,21.495,248
2000-02-23,21.905,248
2000-02-24,21.931,248
2000-02-25,21.903,248
2000-02-26,21.803,248
2000-02-27,21.783,248
2000-02-28,21.746,248
2000-02-29,21.613,248
2000-03-01,21.598,248
2000-03-02,21.758,248
2000-03-03,21.909,248
2000-03-04,21.856,248
2000-03-05,21.519,248
2000-03-06,21.337,248
2000-03-07,21.468,248
2000-03-08,21.582,248
2000-03-09,21.613,248
2000-03-10,21.714,248
2000-03-11,22.049,248
2000-03-12,22.379,248
2000-03-13,22.282,248
2000-03-14,22.055,248
2000-03-15,22.005,248
2000-03-16,21.966,248
2000-03-17,22.128,248
2000-03-18,22.118,248
2000-03-19,22.179,248
2000-03-20,22.089,248
2000-03-21,21.903,248
2000-03-22,21.886,248
2000-03-23,21.997,248
2000-03-24,22.104,248
2000-03-25,22.113,248
2000-03-26,22.536,248
2000-03-27,23.011,248
2000-03-28,23.022,248
2000-03-29,22.974,248
2000-03-30,22.912,248
2000-03-31,22.675,248
2000-04-01,22.511,248
2000-04-02,22.471,248
2000-04-03,22.62,248
2000-04-04,22.635,248
2000-04-05,22.631,248
2000-04-06,22.594,248
2000-04-07,22.456,248
2000-04-08,22.398,248
2000-04-09,22.411,248
2000-04-10,22.411,248
2000-04-11,22.687,248
2000-04-12,22.556,248
2000-04-13,22.681,248
2000-04-14,22.652,248
2000-04-15,22.691,248
2000-04-16,22.809,248
2000-04-17,23.745,248
2000-04-18,24.156,248
2000-04-19,24.112,248
2000-04-20,23.467,248
2000-04-21,23.479,248
2000-04-22,23.48,248
2000-04-23,23.215,248
2000-04-24,23.253,248
2000-04-25,23.306,248
2000-04-26,23.509,248
2000-04-27,23.735,248
2000-04-28,23.905,248
2000-04-29,24.072,248
2000-04-30,23.777,248
2000-05-01,23.755,248
2000-05-02,23.778,248
2000-05-03,24.045,248
2000-05-04,24.137,248
2000-05-05,24.142,248
2000-05-06,24.533,248
2000-05-07,24.666,248
2000-05-08,24.685,248
2000-05-09,25.42,248
2000-05-10,25.491,248
2000-05-11,25.427,248
2000-05-12,24.82,248
2000-05-13,24.944,248
2000-05-14,25.838,248
2000-05-15,25.865,248
2000-05-16,25.809,248
2000-05-17,25.826,248
2000-05-18,25.816,248
2000-05-19,26.016,248
2000-05-20,26.012,248
2000-05-21,26.035,248
2000-05-22,26.334,248
2000-05-23,26.406,248
2000-05-24,26.46,248
2000-05-25,26.449,248
2000-05-26,26.82,248
2000-05-27,26.804,248
2000-05-28,27.421,248
2000-05-29,27.915,248
2000-05-30,27.893,248
2000-05-31,27.633,248
2000-06-01,27.668,248
2000-06-02,27.765,248
2000-06-03,27.928,248
2000-06-04,28.168,248
2000-06-05,28.131,248
2000-06-06,28.112,248
2000-06-07,27.831,248
2000-06-08,27.767,248
2000-06-09,27.627,248
2000-06-10,27.839,248
2000-06-11,27.873,248
2000-06-12,27.893,248
2000-06-13,27.951,248
2000-06-14,27.982,248
2000-06-15,27.987,248
2000-06-16,28.131,248
2000-06-17,28.129,248
2000-06-18,28.117,248
2000-06-19,28.277,248
2000-06-20,28.343,248
2000-06-21,28.439,248
2000-06-22,28.336,248
2000-06-23,28.533,248
2000-06-24,28.658,248
2000-06-25,28.758,248
2000-06-26,29.449,248
2000-06-27,29.794,248
2000-06-28,29.515,248
2000-06-29,28.481,248
2000-06-30,28.557,248
2000-07-01,28.661,248
2000-07-02,28.789,248
2000-07-03,29.562,248
2000-07-04,29.652,248
2000-07-05,29.644,248
2000-07-06,29.651,248
2000-07-07,29.612,248
2000-07-08,29.469,248
2000-07-09,29.557,248
2000-07-10,29.703,248
2000-07-11,29.748,248
2000-07-12,30.148,248
2000-07-13,30.133,248
2000-07-14,30.159,248
2000-07-15,30.12,248
2000-07-16,30.083,248
2000-07-17,30.058,248
2000-07-18,30.367,248
2000-07-19,30.316,248
2000-07-20,30.232,248
2000-07-21,30.002,248
2000-07-22,29.933,248
2000-07-23,30.014,248
2000-07-24,30.341,248
2000-07-25,30.522,248
2000-07-26,30.484,248
2000-07-27,30.37,248
2000-07-28,30.207,248
2000-07-29,30.061,248
2000-07-30,30.038,248
2000-07-31,30.351,248
2000-08-01,30.403,248
2000-08-02,30.395,248
2000-08-03,29.393,248
2000-08-04,29.436,248
2000-08-05,29.427,248
2000-08-06,29.796,248
2000-08-07,29.503,248
2000-08-08,29.513,248
2000-08-09,29.499,248
2000-08-10,29.51,248
2000-08-11,29.598,248
2000-08-12,29.617,248
2000-08-13,29.584,248
2000-08-14,29.611,248
2000-08-15,29.619,248
2000-08-16,29.816,248
2000-08-17,29.825,248
2000-08-18,29.821,248
2000-08-19,29.94,248
2000-08-20,29.907,248
2000-08-21,29.911,248
2000-08-22,29.814,248
2000-08-23,29.673,248
2000-08-24,29.653,248
2000-08-25,29.752,248
2000-08-26,29.85,248
2000-08-27,29.847,248
2000-08-28,29.898,248
2000-08-29,30.173,248
2000-08-30,30.146,248
2000-08-31,30.081,248
2000-09-01,29.843,248
2000-09-02,29.863,248
2000-09-03,29.858,248
2000-09-04,30.074,248
2000-09-05,30.072,248
2000-09-06,30.063,248
2000-09-07,29.714,248
2000-09-08,29.627,248
2000-09-09,29.588,248
2000-09-10,29.977,248
2000-09-11,29.897,248
2000-09-12,29.8,248
2000-09-13,29.534,248
2000-09-14,29.419,248
2000-09-15,29.751,248
2000-09-16,29.729,248
2000-09-17,29.27,248
2000-09-18,29.268,248
2000-09-19,29.269,248
2000-09-20,29.109,248
2000-09-21,29.012,248
2000-09-22,28.977,248
2000-09-23,28.999,248
2000-09-24,29.002,248
2000-09-25,28.983,248
2000-09-26,28.311,248
2000-09-27,28.426,248
2000-09-28,28.463,248
2000-09-29,28.278,248
2000-09-30,28.075,248
2000-10-01,28.095,248
2000-10-02,28.091,248
2000-10-03,28.154,248
2000-10-04,28.147,248
2000-10-05,28.157,248
2000-10-06,28.071,248
2000-10-07,27.955,248
2000-10-08,27.731,248
2000-10-09,27.386,248
2000-10-10,27.09,248
2000-10-11,26.955,248
2000-10-12,26.926,248
2000-10-13,26.985,248
2000-10-14,26.943,248
2000-10-15,26.921,248
2000-10-16,26.882,248
2000-10-17,26.874,248
2000-10-18,26.773,248
2000-10-19,26.688,248
2000-10-20,26.675,248
2000-10-21,26.643,248
2000-10-22,26.812,248
2000-10-23,26.826,248
2000-10-24,26.819,248
2000-10-25,26.861,248
2000-10-26,26.857,248
2000-10-27,26.853,248
2000-10-28,26.739,248
2000-10-29,26.731,248
2000-10-30,26.723,248
2000-10-31,26.308,248
2000-11-01,26.275,248
2000-11-02,26.245,248
2000-11-03,26.283,248
2000-11-04,26.227,248
2000-11-05,26.156,248
2000-11-06,26.108,248
2000-11-07,26.26,248
2000-11-08,26.245,248
2000-11-09,26.25,248
2000-11-10,25.687,248
2000-11-11,25.668,248
2000-11-12,25.541,248
2000-11-13,25.257,248
2000-11-14,25.296,248
2000-11-15,25.29,248
2000-11-16,25.347,248
2000-11-17,25.267,248
2000-11-18,25.208,248
2000-11-19,24.688,248
2000-11-20,24.672,248
2000-11-21,24.684,248
2000-11-22,24.694,248
2000-11-23,24.651,248
2000-11-24,24.657,248
2000-11-25,24.652,248
2000-11-26,24.132,248
2000-11-27,24.079,248
2000-11-28,23.972,248
2000-11-29,24.116,248
2000-11-30,24.106,248
2000-12-01,24.076,248
2000-12-02,24.062,248
2000-12-03,23.906,248
2000-12-04,23.8,248
2000-12-05,23.627,248
2000-12-06,23.609,248
2000-12-07,23.585,248
2000-12-08,22.997,248
2000-12-09,22.921,248
2000-12-10,22.884,248
2000-12-11,22.77,248
2000-12-12,22.803,248
2000-12-13,22.749,248
2000-12-14,22.653,248
2000-12-15,23.275,248
2000-12-16,23.235,248
2000-12-17,23.237,248
2000-12-18,22.204,248
2000-12-19,22.205,248
2000-12-20,22.173,248
2000-12-21,22.015,248
2000-12-22,21.893,248
2000-12-23,21.907,248
2000-12-24,22.06,248
2000-12-25,22.137,248
2000-12-26,22.123,248
2000-12-27,22.131,248
2000-12-28,22.024,248
2000-12-29,21.938,248
2000-12-30,21.86,248
2000-12-31,21.685,248
2001-01-01,21.551,248
2001-01-02,21.547,248
2001-01-03,21.051,248
2001-01-04,21.011,248
2001-01-05,21.015,248
2001-01-06,21.078,248
2001-01-07,21.008,248
2001-01-08,20.955,248
2001-01-09,20.91,248
2001-01-10,20.993,248
2001-01-11,20.962,248
2001-01-12,20.975,248
2001-01-13,20.974,248
2001-01-14,20.93,248
2001-01-15,20.879,248
2001-01-16,20.883,248
2001-01-17,21.034,248
2001-01-18,21.014,248
2001-01-19,20.846,248
2001-01-20,20.817,248
2001-01-21,20.831,248
2001-01-22,20.829,248
2001-01-23,20.975,248
2001-01-24,20.86,248
2001-01-25,20.734,248
2001-01-26,20.57,248
2001-01-27,20.352,248
2001-01-28,20.296,248
2001-01-29,20.271,248
2001-01-30,20.15,248
2001-01-31,20.163,248
2001-02-01,20.222,248
2001-02-02,20.26,248
2001-02-03,19.725,248
2001-02-04,19.969,248
2001-02-05,19.954,248
2001-02-06,19.909,248
2001-02-07,19.772,248
2001-02-08,19.404,248
2001-02-09,19.477,248
2001-02-10,19.806,248
2001-02-11,19.838,248
2001-02-12,19.855,248
2001-02-13,20.626,248
2001-02-14,20.669,248
2001-02-15,20.697,248
2001-02-16,20.559,248
2001-02-17,20.588,248
2001-02-18,20.639,248
2001-02-19,20.233,248
2001-02-20,20.124,248
2001-02-21,20.204,248
2001-02-22,20.696,248
2001-02-23,20.805,248
2001-02-24,20.869,248
2001-02-25,21.007,248
2001-02-26,21.087,248
2001-02-27,21.181,248
2001-02-28,21.224,248
2001-03-01,21.313,248
2001-03-02,21.21,248
2001-03-03,21.385,248
2001-03-04,21.295,248
2001-03-05,21.159,248
2001-03-06,20.971,248
2001-03-07,21.118,248
2001-03-08,20.987,248
2001-03-09,21.03,248
2001-03-10,21.055,248
2001-03-11,20.833,248
2001-03-12,21.193,248
2001-03-13,21.19,248
2001-03-14,21.3,248
2001-03-15,21.322,248
2001-03-16,21.313,248
2001-03-17,21.161,248
2001-03-18,20.915,248
2001-03-19,20.796,248
2001-03-20,20.836,248
2001-03-21,20.836,248
2001-03-22,20.791,248
2001-03-23,20.656,248
2001-03-24,21.274,248
2001-03-25,20.653,248
2001-03-26,20.48,248
2001-03-27,20.487,248
2001-03-28,20.674,248
2001-03-29,21.079,248
2001-03-30,21.467,248
2001-03-31,21.821,248
2001-04-01,21.986,248
2001-04-02,22.346,248
2001-04-03,22.404,248
2001-04-04,22.381,248
2001-04-05,22.39,248
2001-04-06,22.552,248
2001-04-07,23.112,248
2001-04-08,23.293,248
2001-04-09,23.273,248
2001-04-10,23.267,248
2001-04-11,23.413,248
2001-04-12,23.671,248
2001-04-13,23.738,248
2001-04-14,23.782,248
2001-04-15,24.27,248
2001-04-16,24.48,248
2001-04-17,24.609,248
2001-04-18,23.66,248
2001-04-19,23.452,248
2001-04-20,23.353,248
2001-04-21,23.463,248
2001-04-22,23.437,248
2001-04-23,23.481,248
2001-04-24,23.616,248
2001-04-25,23.577,248
2001-04-26,23.535,248
2001-04-27,23.515,248
2001-04-28,23.4,248
2001-04-29,23.409,248
2001-04-30,23.446,248
2001-05-01,23.469,248
2001-05-02,23.648,248
2001-05-03,23.674,248
2001-05-04,23.791,248
2001-05-05,24.107,248
2001-05-06,24.358,248
2001-05-07,24.807,248
2001-05-08,24.823,248
2001-05-09,24.844,248
2001-05-10,24.882,248
2001-05-11,24.918,248
2001-05-12,24.999,248
2001-05-13,25.653,248
2001-05-14,25.916,248
2001-05-15,25.931,248
2001-05-16,25.508,248
2001-05-17,25.571,248
2001-05-18,25.551,248
2001-05-19,25.533,248
2001-05-20,26.145,248
2001-05-21,26.172,248
2001-05-22,25.923,248
2001-05-23,25.546,248
2001-05-24,25.429,248
2001-05-25,25.408,248
2001-05-26,25.9,248
2001-05-27,25.907,248
2001-05-28,25.942,248
2001-05-29,26.241,248
2001-05-30,26.294,248
2001-05-31,26.316,248
2001-06-01,26.287,248
2001-06-02,27.316,248
2001-06-03,27.324,248
2001-06-04,27.322,248
2001-06-05,26.976,248
2001-06-06,26.992,248
2001-06-07,27.052,248
2001-06-08,27.159,248
2001-06-09,27.18,248
2001-06-10,27.236,248
2001-06-11,27.104,248
2001-06-12,27.29,248
2001-06-13,27.293,248
2001-06-14,27.312,248
2001-06-15,27.413,248
2001-06-16,28.238,248
2001-06-17,28.376,248
2001-06-18,28.479,248
2001-06-19,28.513,248
2001-06-20,28.334,248
2001-06-21,28.465,248
2001-06-22,28.492,248
2001-06-23,28.634,248
2001-06-24,28.743,248
2001-06-25,28.069,248
2001-06-26,27.675,248
2001-06-27,28.663,248
2001-06-28,28.699,248
2001-06-29,28.723,248
2001-06-30,28.775,248
2001-07-01,28.894,248
2001-07-02,28.929,248
2001-07-03,28.86,248
2001-07-04,29.011,248
2001-07-05,28.829,248
2001-07-06,29.151,248
2001-07-07,29.472,248
2001-07-08,29.445,248
2001-07-09,29.219,248
2001-07-10,29.4,248
2001-07-11,29.413,248
2001-07-12,29.473,248
2001-07-13,28.914,248
2001-07-14,28.83,248
2001-07-15,28.74,248
2001-07-16,29.891,248
2001-07-17,29.793,248
2001-07-18,29.828,248
2001-07-19,30.909,248
2001-07-20,31.058,248
2001-07-21,31.063,248
2001-07-22,30.242,248
2001-07-23,30.02,248
2001-07-24,30.019,248
2001-07-25,29.998,248
2001-07-26,29.664,248
2001-07-27,29.591,248
2001-07-28,29.559,248
2001-07-29,29.969,248
2001-07-30,29.97,248
2001-07-31,29.966,248
2001-08-01,29.907,248
2001-08-02,29.781,248
2001-08-03,29.534,248
2001-08-04,29.553,248
2001-08-05,29.669,248
2001-08-06,29.646,248
2001-08-07,29.832,248
2001-08-08,29.734,248
2001-08-09,29.698,248
2001-08-10,29.627,248
2001-08-11,29.512,248
2001-08-12,29.502,248
2001-08-13,29.539,248
2001-08-14,29.517,248
2001-08-15,29.48,248
2001-08-16,29.384,248
2001-08-17,29.769,248
2001-08-18,29.936,248
2001-08-19,29.98,248
2001-08-20,30.187,248
2001-08-21,30.212,248
2001-08-22,30.209,248
2001-08-23,30.048,248
2001-08-24,29.954,248
2001-08-25,29.963,248
2001-08-26,29.483,248
2001-08-27,29.529,248
2001-08-28,29.535,248
2001-08-29,29.486,248
2001-08-30,29.48,248
2001-08-31,29.442,248
2001-09-01,29.43,248
2001-09-02,29.402,248
2001-09-03,29.264,248
2001-09-04,29.288,248
2001-09-05,29.714,248
2001-09-06,29.808,248
2001-09-07,29.795,248
2001-09-08,29.513,248
2001-09-09,29.412,248
2001-09-10,29.398,248
2001-09-11,29.362,248
2001-09-12,29.369,248
2001-09-13,29.311,248
2001-09-14,29.229,248
2001-09-15,29.073,248
2001-09-16,28.855,248
2001-09-17,28.717,248
2001-09-18,28.936,248
2001-09-19,28.925,248
2001-09-20,28.912,248
2001-09-21,29.079,248
2001-09-22,29.173,248
2001-09-23,29.13,248
2001-09-24,28.85,248
2001-09-25,28.286,248
2001-09-26,28.327,248
2001-09-27,28.166,248
2001-09-28,28.11,248
2001-09-29,28.106,248
2001-09-30,28.009,248
2001-10-01,27.489,248
2001-10-02,27.388,248
2001-10-03,27.352,248
2001-10-04,27.196,248
2001-10-05,27.192,248
2001-10-06,27.225,248
2001-10-07,27.355,248
2001-10-08,27.334,248
2001-10-09,27.038,248
2001-10-10,26.88,248
2001-10-11,26.901,248
2001-10-12,26.946,248
2001-10-13,26.962,248
2001-10-14,26.933,248
2001-10-15,26.917,248
2001-10-16,26.575,248
2001-10-17,26.264,248
2001-10-18,26.25,248
2001-10-19,26.14,248
2001-10-20,26.078,248
2001-10-21,26.1,248
2001-10-22,26.032,248
2001-10-23,26.112,248
2001-10-24,26.167,248
2001-10-25,26.252,248
2001-10-26,25.852,248
2001-10-27,25.796,248
2001-10-28,25.791,248
2001-10-29,25.557,248
2001-10-30,25.41,248
2001-10-31,25.331,248
2001-11-01,25.394,248
2001-11-02,25.448,248
2001-11-03,25.473,248
2001-11-04,25.378,248
2001-11-05,25.197,248
2001-11-06,25.185,248
2001-11-07,25.192,248
2001-11-08,24.711,248
2001-11-09,25.035,248
2001-11-10,25.063,248
2001-11-11,25.061,248
2001-11-12,24.967,248
2001-11-13,24.878,248
2001-11-14,24.906,248
2001-11-15,24.979,248
2001-11-16,24.872,248
2001-11-17,24.535,248
2001-11-18,24.563,248
2001-11-19,24.571,248
2001-11-20,24.593,248
2001-11-21,24.637,248
2001-11-22,24.339,248
2001-11-23,24.452,248
2001-11-24,24.357,248
2001-11-25,24.832,248
2001-11-26,24.767,248
2001-11-27,24.478,248
2001-11-28,24.104,248
2001-11-29,23.963,248
2001-11-30,24.235,248
2001-12-01,24.334,248
2001-12-02,24.362,248
2001-12-03,24.497,248
2001-12-04,24.367,248
2001-12-05,24.223,248
2001-12-06,24.177,248
2001-12-07,24.234,248
2001-12-08,24.168,248
2001-12-09,23.817,248
2001-12-10,23.8,248
2001-12-11,23.79,248
2001-12-12,23.674,248
2001-12-13,23.492,248
2001-12-14,23.523,248
2001-12-15,23.53,248
2001-12-16,23.675,248
2001-12-17,23.715,248
2001-12-18,23.752,248
2001-12-19,23.563,248
2001-12-20,23.528,248
2001-12-21,23.532,248
2001-12-22,23.386,248
2001-12-23,23.429,248
2001-12-24,23.386,248
2001-12-25,22.995,248
2001-12-26,22.868,248
2001-12-27,22.86,248
2001-12-28,22.836,248
2001-12-29,22.519,248
2001-12-30,22.326,248
2001-12-31,22.22,248
2002-01-01,22.061,248
2002-01-02,22.024,248
2002-01-03,21.661,248
2002-01-04,21.419,248
2002-01-05,21.395,248
2002-01-06,21.327,248
2002-01-07,21.022,248
2002-01-08,21.084,248
2002-01-09,21.087,248
2002-01-10,21.151,248
2002-01-11,21.099,248
2002-01-12,21.102,248
2002-01-13,21.027,248
2002-01-14,21.093,248
2002-01-15,21.086,248
2002-01-16,21.086,248
2002-01-17,21.192,248
2002-01-18,21.024,248
2002-01-19,21.059,248
2002-01-20,21.052,248
2002-01-21,21.405,248
2002-01-22,21.722,248
2002-01-23,21.796,248
2002-01-24,21.704,248
2002-01-25,21.756,248
2002-01-26,21.575,248
2002-01-27,21.43,248
2002-01-28,21.357,248
2002-01-29,21.973,248
2002-01-30,22.038,248
2002-01-31,22.014,248
2002-02-01,21.792,248
2002-02-02,21.727,248
2002-02-03,21.541,248
2002-02-04,21.686,248
2002-02-05,21.68,248
2002-02-06,21.632,248
2002-02-07,21.406,248
2002-02-08,21.056,248
2002-02-09,21.03,248
2002-02-10,21.033,248
2002-02-11,20.591,248
2002-02-12,20.47,248
2002-02-13,20.744,248
2002-02-14,20.805,248
2002-02-15,20.79,248
2002-02-16,20.723,248
2002-02-17,20.689,248
2002-02-18,20.823,248
2002-02-19,20.819,248
2002-02-20,20.732,248
2002-02-21,20.779,248
2002-02-22,20.928,248
2002-02-23,21.321,248
2002-02-24,21.714,248
2002-02-25,21.957,248
2002-02-26,21.922,248
2002-02-27,21.652,248
2002-02-28,21.545,248
2002-03-01,21.557,248
2002-03-02,21.494,248
2002-03-03,21.289,248
2002-03-04,21.347,248
2002-03-05,21.339,248
2002-03-06,21.459,248
2002-03-07,21.474,248
2002-03-08,21.446,248
2002-03-09,21.323,248
2002-03-10,21.179,248
2002-03-11,21.05,248
2002-03-12,20.929,248
2002-03-13,20.828,248
2002-03-14,21.245,248
2002-03-15,21.497,248
2002-03-16,21.628,248
2002-03-17,21.988,248
2002-03-18,21.983,248
2002-03-19,22.141,248
2002-03-20,22.098,248
2002-03-21,22.081,248
2002-03-22,22.065,248
2002-03-23,22.014,248
2002-03-24,22.136,248
2002-03-25,22.316,248
2002-03-26,22.31,248
2002-03-27,22.214,248
2002-03-28,22.635,248
2002-03-29,22.625,248
2002-03-30,22.626,248
2002-03-31,22.549,248
2002-04-01,22.581,248
2002-04-02,22.593,248
2002-04-03,22.514,248
2002-04-04,22.517,248
2002-04-05,22.759,248
2002-04-06,22.732,248
2002-04-07,22.78,248
2002-04-08,22.891,248
2002-04-09,22.953,248
2002-04-10,22.927,248
2002-04-11,22.986,248
2002-04-12,23.376,248
2002-04-13,23.523,248
2002-04-14,23.613,248
2002-04-15,23.563,248
2002-04-16,23.617,248
2002-04-17,24.125,248
2002-04-18,24.166,248
2002-04-19,24.181,248
2002-04-20,24.169,248
2002-04-21,24.512,248
2002-04-22,24.844,248
2002-04-23,24.874,248
2002-04-24,24.838,248
2002-04-25,25.164,248
2002-04-26,25.225,248
2002-04-27,25.17,248
2002-04-28,25.189,248
2002-04-29,25.538,248
2002-04-30,25.572,248
2002-05-01,25.509,248
2002-05-02,25.493,248
2002-05-03,25.489,248
2002-05-04,25.49,248
2002-05-05,26.249,248
2002-05-06,26.229,248
2002-05-07,26.261,248
2002-05-08,26.245,248
2002-05-09,26.191,248
2002-05-10,26.381,248
2002-05-11,26.673,248
2002-05-12,26.679,248
2002-05-13,26.684,248
2002-05-14,26.42,248
2002-05-15,26.283,248
2002-05-16,26.27,248
2002-05-17,26.272,248
2002-05-18,26.255,248
2002-05-19,26.071,248
2002-05-20,25.486,248
2002-05-21,25.375,248
2002-05-22,25.201,248
2002-05-23,25.087,248
2002-05-24,25.742,248
2002-05-25,25.984,248
2002-05-26,26.025,248
2002-05-27,26.127,248
2002-05-28,26.127,248
2002-05-29,26.117,248
2002-05-30,26.365,248
2002-05-31,26.398,248
2002-06-01,26.446,248
2002-06-02,26.808,248
2002-06-03,26.681,248
2002-06-04,26.656,248
2002-06-05,26.617,248
2002-06-06,26.837,248
2002-06-07,27.34,248
2002-06-08,28.004,248
2002-06-09,27.749,248
2002-06-10,27.735,248
2002-06-11,27.745,248
2002-06-12,28.572,248
2002-06-13,28.582,248
2002-06-14,28.529,248
2002-06-15,28.385,248
2002-06-16,28.324,248
2002-06-17,28,248
2002-06-18,28.118,248
2002-06-19,28.129,248
2002-06-20,28.143,248
2002-06-21,28.141,248
2002-06-22,28.213,248
2002-06-23,28.234,248
2002-06-24,28.48,248
2002-06-25,28.375,248
2002-06-26,28.406,248
2002-06-27,28.401,248
2002-06-28,28.286,248
2002-06-29,28.355,248
2002-06-30,27.922,248
2002-07-01,28.213,248
2002-07-02,28.204,248
2002-07-03,28.226,248
2002-07-04,28.322,248
2002-07-05,28.2,248
2002-07-06,28.207,248
2002-07-07,28.307,248
2002-07-08,28.702,248
2002-07-09,28.636,248
2002-07-10,28.591,248
2002-07-11,28.443,248
2002-07-12,28.62,248
2002-07-13,28.801,248
2002-07-14,29.291,248
2002-07-15,29.244,248
2002-07-16,29.276,248
2002-07-17,29.976,248
2002-07-18,30.183,248
2002-07-19,30.163,248
2002-07-20,30.867,248
2002-07-21,30.946,248
2002-07-22,30.845,248
2002-07-23,30.206,248
2002-07-24,29.881,248
2002-07-25,30.076,248
2002-07-26,30.05,248
2002-07-27,30.204,248
2002-07-28,30.206,248
2002-07-29,30.201,248
2002-07-30,29.937,248
2002-07-31,29.827,248
2002-08-01,29.736,248
2002-08-02,29.58,248
2002-08-03,29.7,248
2002-08-04,29.747,248
2002-08-05,30.323,248
2002-08-06,30.34,248
2002-08-07,30.355,248
2002-08-08,30.448,248
2002-08-09,30.241,248
2002-08-10,30.149,248
2002-08-11,29.974,248
2002-08-12,29.604,248
2002-08-13,29.089,248
2002-08-14,29.103,248
2002-08-15,29.033,248
2002-08-16,29.153,248
2002-08-17,29.476,248
2002-08-18,29.833,248
2002-08-19,30.018,248
2002-08-20,30.057,248
2002-08-21,30.39,248
2002-08-22,30.355,248
2002-08-23,30.357,248
2002-08-24,30.48,248
2002-08-25,30.454,248
2002-08-26,30.443,248
2002-08-27,30.374,248
2002-08-28,30.323,248
2002-08-29,30.3,248
2002-08-30,29.964,248
2002-08-31,29.881,248
2002-09-01,29.868,248
2002-09-02,29.847,248
2002-09-03,29.821,248
2002-09-04,29.727,248
2002-09-05,29.669,248
2002-09-06,29.379,248
2002-09-07,28.759,248
2002-09-08,28.647,248
2002-09-09,28.692,248
2002-09-10,28.698,248
2002-09-11,28.715,248
2002-09-12,28.971,248
2002-09-13,28.936,248
2002-09-14,28.933,248
2002-09-15,29.062,248
2002-09-16,28.799,248
2002-09-17,28.592,248
2002-09-18,28.871,248
2002-09-19,28.885,248
2002-09-20,28.845,248
2002-09-21,28.521,248
2002-09-22,28.796,248
2002-09-23,28.808,248
2002-09-24,28.796,248
2002-09-25,28.441,248
2002-09-26,28.099,248
2002-09-27,28.093,248
2002-09-28,28.106,248
2002-09-29,28.052,248
2002-09-30,28.046,248
2002-10-01,27.805,248
2002-10-02,27.892,248
2002-10-03,27.678,248
2002-10-04,27.315,248
2002-10-05,27.737,248
2002-10-06,28.066,248
2002-10-07,27.844,248
2002-10-08,27.918,248
2002-10-09,27.92,248
2002-10-10,27.895,248
2002-10-11,27.537,248
2002-10-12,27.536,248
2002-10-13,27.541,248
2002-10-14,27.427,248
2002-10-15,27.324,248
2002-10-16,27.236,248
2002-10-17,27.032,248
2002-10-18,26.91,248
2002-10-19,26.92,248
2002-10-20,26.991,248
2002-10-21,26.998,248
2002-10-22,27.065,248
2002-10-23,26.75,248
2002-10-24,26.51,248
2002-10-25,26.501,248
2002-10-26,26.481,248
2002-10-27,26.788,248
2002-10-28,26.804,248
2002-10-29,26.838,248
2002-10-30,26.619,248
2002-10-31,26.407,248
2002-11-01,26.312,248
2002-11-02,26.152,248
2002-11-03,26.111,248
2002-11-04,26.066,248
2002-11-05,26.011,248
2002-11-06,25.947,248
2002-11-07,25.932,248
2002-11-08,25.965,248
2002-11-09,25.775,248
2002-11-10,25.788,248
2002-11-11,25.761,248
2002-11-12,25.59,248
2002-11-13,25.587,248
2002-11-14,25.585,248
2002-11-15,25.312,248
2002-11-16,24.884,248
2002-11-17,24.89,248
2002-11-18,24.807,248
2002-11-19,24.762,248
2002-11-20,24.328,248
2002-11-21,24.324,248
2002-11-22,24.345,248
2002-11-23,24.327,248
2002-11-24,24.224,248
2002-11-25,24.202,248
2002-11-26,24.185,248
2002-11-27,24.114,248
2002-11-28,23.83,248
2002-11-29,23.855,248
2002-11-30,23.83,248
2002-12-01,23.147,248
2002-12-02,23.159,248
2002-12-03,23.166,248
2002-12-04,23.207,248
2002-12-05,22.996,248
2002-12-06,23.08,248
2002-12-07,23.048,248
2002-12-08,22.886,248
2002-12-09,22.717,248
2002-12-10,22.604,248
2002-12-11,22.484,248
2002-12-12,22.453,248
2002-12-13,22.483,248
2002-12-14,22.358,248
2002-12-15,22.289,248
2002-12-16,22.313,248
2002-12-17,22.33,248
2002-12-18,22.393,248
2002-12-19,22.294,248
2002-12-20,22.116,248
2002-12-21,21.985,248
2002-12-22,21.552,248
2002-12-23,21.628,248
2002-12-24,21.552,248
2002-12-25,21.517,248
2002-12-26,21.433,248
2002-12-27,21.49,248
2002-12-28,21.372,248
2002-12-29,21.364,248
2002-12-30,21.419,248
2002-12-31,21.27,248
2003-01-01,21.227,248
2003-01-02,20.806,248
2003-01-03,20.832,248
2003-01-04,20.827,248
2003-01-05,20.342,248
2003-01-06,20.447,248
2003-01-07,20.48,248
2003-01-08,20.644,248
2003-01-09,20.667,248
2003-01-10,20.683,248
2003-01-11,20.664,248
2003-01-12,20.671,248
2003-01-13,20.391,248
2003-01-14,20.257,248
2003-01-15,20.215,248
2003-01-16,20.314,248
2003-01-17,20.152,248
2003-01-18,20.001,248
2003-01-19,19.696,248
2003-01-20,19.791,248
2003-01-21,19.959,248
2003-01-22,20.027,248
2003-01-23,19.915,248
2003-01-24,19.748,248
2003-01-25,19.761,248
2003-01-26,19.817,248
2003-01-27,19.811,248
2003-01-28,19.63,248
2003-01-29,19.663,248
2003-01-30,19.676,248
2003-01-31,19.874,248
2003-02-01,19.818,248
2003-02-02,19.802,248
2003-02-03,19.826,248
2003-02-04,19.647,248
2003-02-05,19.585,248
2003-02-06,19.67,248
2003-02-07,19.71,248
2003-02-08,19.703,248
2003-02-09,19.798,248
2003-02-10,19.942,248
2003-02-11,20.012,248
2003-02-12,20.098,248
2003-02-13,20.095,248
2003-02-14,20.061,248
2003-02-15,20.008,248
2003-02-16,19.853,248
2003-02-17,19.718,248
2003-02-18,19.725,248
2003-02-19,19.761,248
2003-02-20,19.7,248
2003-02-21,19.915,248
2003-02-22,19.774,248
2003-02-23,19.373,248
2003-02-24,18.958,248
2003-02-25,18.746,248
2003-02-26,18.86,248
2003-02-27,18.903,248
2003-02-28,18.988,248
2003-03-01,19.287,248
2003-03-02,19.377,248
2003-03-03,20.1,248
2003-03-04,20.217,248
2003-03-05,20.292,248
2003-03-06,20.495,248
2003-03-07,20.132,248
2003-03-08,20.145,248
2003-03-09,20.136,248
2003-03-10,20.199,248
2003-03-11,20.24,248
2003-03-12,20.199,248
2003-03-13,20.408,248
2003-03-14,21.344,248
2003-03-15,21.512,248
2003-03-16,21.619,248
2003-03-17,21.667,248
2003-03-18,21.614,248
2003-03-19,21.634,248
2003-03-20,21.742,248
2003-03-21,21.653,248
2003-03-22,21.342,248
2003-03-23,21.346,248
2003-03-24,21.348,248
2003-03-25,21.22,248
2003-03-26,21.466,248
2003-03-27,21.551,248
2003-03-28,21.419,248
2003-03-29,21.357,248
2003-03-30,20.512,248
2003-03-31,20.54,248
2003-04-01,20.566,248
2003-04-02,20.603,248
2003-04-03,20.639,248
2003-04-04,21.044,248
2003-04-05,21.201,248
2003-04-06,21.247,248
2003-04-07,21.395,248
2003-04-08,21.234,248
2003-04-09,20.882,248
2003-04-10,20.896,248
2003-04-11,20.874,248
2003-04-12,21.304,248
2003-04-13,21.45,248
2003-04-14,21.406,248
2003-04-15,21.365,248
2003-04-16,21.391,248
2003-04-17,21.601,248
2003-04-18,21.835,248
2003-04-19,22.026,248
2003-04-20,22.458,248
2003-04-21,22.538,248
2003-04-22,22.56,248
2003-04-23,22.634,248
2003-04-24,22.345,248
2003-04-25,22.708,248
2003-04-26,23.07,248
2003-04-27,23.07,248
2003-04-28,23.052,248
2003-04-29,23.134,248
2003-04-30,23.126,248
2003-05-01,23.231,248
2003-05-02,23.819,248
2003-05-03,24.393,248
2003-05-04,24.35,248
2003-05-05,24.182,248
2003-05-06,23.973,248
2003-05-07,23.928,248
2003-05-08,23.862,248
2003-05-09,24.52,248
2003-05-10,24.634,248
2003-05-11,24.691,248
2003-05-12,25.837,248
2003-05-13,25.883,248
2003-05-14,25.856,248
2003-05-15,25.799,248
2003-05-16,25.784,248
2003-05-17,25.848,248
2003-05-18,25.817,248
2003-05-19,26.94,248
2003-05-20,27.144,248
2003-05-21,27.356,248
2003-05-22,26.982,248
2003-05-23,26.982,248
2003-05-24,26.875,248
2003-05-25,26.986,248
2003-05-26,26.983,248
2003-05-27,26.882,248
2003-05-28,26.73,248
2003-05-29,26.719,248
2003-05-30,26.735,248
2003-05-31,27.152,248
2003-06-01,27.189,248
2003-06-02,27.205,248
2003-06-03,27.38,248
2003-06-04,27.732,248
2003-06-05,27.694,248
2003-06-06,27.703,248
2003-06-07,27.909,248
2003-06-08,27.996,248
2003-06-09,28.142,248
2003-06-10,28.232,248
2003-06-11,28.194,248
2003-06-12,28.082,248
2003-06-13,27.9,248
2003-06-14,27.775,248
2003-06-15,28.076,248
2003-06-16,28.721,248
2003-06-17,28.6,248
2003-06-18,28.508,248
2003-06-19,28.302,248
2003-06-20,28.427,248
2003-06-21,28.503,248
2003-06-22,28.892,248
2003-06-23,28.864,248
2003-06-24,28.825,248
2003-06-25,28.813,248
2003-06-26,28.862,248
2003-06-27,28.931,248
2003-06-28,29.674,248
2003-06-29,29.526,248
2003-06-30,29.226,248
2003-07-01,29.297,248
2003-07-02,29.327,248
2003-07-03,28.905,248
2003-07-04,28.665,248
2003-07-05,29.017,248
2003-07-06,28.898,248
2003-07-07,28.91,248
2003-07-08,29.085,248
2003-07-09,29.32,248
2003-07-10,29.348,248
2003-07-11,29.697,248
2003-07-12,29.531,248
2003-07-13,29.544,248
2003-07-14,29.432,248
2003-07-15,28.186,248
2003-07-16,27.519,248
2003-07-17,27.532,248
2003-07-18,28.511,248
2003-07-19,28.611,248
2003-07-20,28.662,248
2003-07-21,28.835,248
2003-07-22,28.835,248
2003-07-23,28.812,248
2003-07-24,29.091,248
2003-07-25,29.158,248
2003-07-26,29.165,248
2003-07-27,29.88,248
2003-07-28,30.183,248
2003-07-29,30.167,248
2003-07-30,29.755,248
2003-07-31,29.686,248
2003-08-01,29.65,248
2003-08-02,29.996,248
2003-08-03,30.016,248
2003-08-04,30.025,248
2003-08-05,30.049,248
2003-08-06,30.014,248
2003-08-07,29.967,248
2003-08-08,29.962,248
2003-08-09,30.046,248
2003-08-10,30.054,248
2003-08-11,30.04,248
2003-08-12,29.963,248
2003-08-13,29.633,248
2003-08-14,29.509,248
2003-08-15,29.485,248
2003-08-16,29.456,248
2003-08-17,29.288,248
2003-08-18,29.531,248
2003-08-19,30.101,248
2003-08-20,30.143,248
2003-08-21,30.059,248
2003-08-22,29.894,248
2003-08-23,29.906,248
2003-08-24,29.863,248
2003-08-25,30.814,248
2003-08-26,30.916,248
2003-08-27,30.81,248
2003-08-28,30.168,248
2003-08-29,30.02,248
2003-08-30,29.98,248
2003-08-31,29.976,248
2003-09-01,29.271,248
2003-09-02,29.558,248
2003-09-03,29.556,248
2003-09-04,29.558,248
2003-09-05,29.431,248
2003-09-06,29.4,248
2003-09-07,29.411,248
2003-09-08,29.32,248
2003-09-09,29.239,248
2003-09-10,29.231,248
2003-09-11,29.336,248
2003-09-12,29.374,248
2003-09-13,29.477,248
2003-09-14,29.518,248
2003-09-15,29.404,248
2003-09-16,28.918,248
2003-09-17,28.965,248
2003-09-18,28.947,248
2003-09-19,28.948,248
2003-09-20,28.847,248
2003-09-21,28.774,248
2003-09-22,28.696,248
2003-09-23,28.28,248
2003-09-24,28.025,248
2003-09-25,27.946,248
2003-09-26,28.365,248
2003-09-27,28.441,248
2003-09-28,28.436,248
2003-09-29,28.226,248
2003-09-30,28.002,248
2003-10-01,27.583,248
2003-10-02,27.28,248
2003-10-03,27.173,248
2003-10-04,27.1,248
2003-10-05,27.057,248
2003-10-06,27.168,248
2003-10-07,27.211,248
2003-10-08,27.162,248
2003-10-09,27.102,248
2003-10-10,26.989,248
2003-10-11,27.051,248
2003-10-12,27.257,248
2003-10-13,27.224,248
2003-10-14,27.196,248
2003-10-15,27.037,248
2003-10-16,27.289,248
2003-10-17,27.502,248
2003-10-18,26.979,248
2003-10-19,26.932,248
2003-10-20,26.923,248
2003-10-21,26.972,248
2003-10-22,26.937,248
2003-10-23,26.925,248
2003-10-24,26.953,248
2003-10-25,26.907,248
2003-10-26,26.807,248
2003-10-27,26.359,248
2003-10-28,26.397,248
2003-10-29,26.349,248
2003-10-30,26.385,248
2003-10-31,26.407,248
2003-11-01,26.351,248
2003-11-02,26.299,248
2003-11-03,26.394,248
2003-11-04,26.425,248
2003-11-05,26.434,248
2003-11-06,26.363,248
2003-11-07,26.252,248
2003-11-08,25.968,248
2003-11-09,26.241,248
2003-11-10,26.204,248
2003-11-11,26.177,248
2003-11-12,26.102,248
2003-11-13,26.022,248
2003-11-14,25.989,248
2003-11-15,26.003,248
2003-11-16,25.764,248
2003-11-17,25.734,248
2003-11-18,25.689,248
2003-11-19,25.012,248
2003-11-20,24.961,248
2003-11-21,24.955,248
2003-11-22,24.84,248
2003-11-23,24.838,248
2003-11-24,24.726,248
2003-11-25,23.932,248
2003-11-26,24.186,248
2003-11-27,24.224,248
2003-11-28,23.919,248
2003-11-29,23.635,248
2003-11-30,23.508,248
2003-12-01,23.45,248
2003-12-02,23.436,248
2003-12-03,23.41,248
2003-12-04,23.471,248
2003-12-05,23.445,248
2003-12-06,23.38,248
2003-12-07,23.341,248
2003-12-08,23.092,248
2003-12-09,23.083,248
2003-12-10,22.896,248
2003-12-11,22.732,248
2003-12-12,22.736,248
2003-12-13,22.286,248
2003-12-14,22.349,248
2003-12-15,22.345,248
2003-12-16,22.32,248
2003-12-17,21.991,248
2003-12-18,21.899,248
2003-12-19,21.888,248
2003-12-20,21.867,248
2003-12-21,21.68,248
2003-12-22,21.671,248
2003-12-23,21.628,248
2003-12-24,21.295,248
2003-12-25,21.274,248
2003-12-26,21.335,248
2003-12-27,21.469,248
2003-12-28,21.512,248
2003-12-29,21.484,248
2003-12-30,20.832,248
2003-12-31,20.593,248
2004-01-01,20.458,248
2004-01-02,20.636,248
2004-01-03,20.744,248
2004-01-04,21.305,248
2004-01-05,21.422,248
2004-01-06,21.371,248
2004-01-07,21.108,248
2004-01-08,20.92,248
2004-01-09,20.871,248
2004-01-10,20.781,248
2004-01-11,20.714,248
2004-01-12,20.815,248
2004-01-13,20.852,248
2004-01-14,20.864,248
2004-01-15,20.68,248
2004-01-16,21.47,248
2004-01-17,21.374,248
2004-01-18,21.262,248
2004-01-19,21.155,248
2004-01-20,20.798,248
2004-01-21,20.922,248
2004-01-22,20.896,248
2004-01-23,21.037,248
2004-01-24,20.374,248
2004-01-25,20.287,248
2004-01-26,20.361,248
2004-01-27,20.443,248
2004-01-28,20.484,248
2004-01-29,20.503,248
2004-01-30,20.372,248
2004-01-31,20.466,248
2004-02-01,20.544,248
2004-02-02,20.626,248
2004-02-03,20.75,248
2004-02-04,20.614,248
2004-02-05,20.405,248
2004-02-06,20.199,248
2004-02-07,20.036,248
2004-02-08,19.988,248
2004-02-09,20.011,248
2004-02-10,20.062,248
2004-02-11,19.997,248
2004-02-12,19.886,248
2004-02-13,19.951,248
2004-02-14,20.159,248
2004-02-15,19.897,248
2004-02-16,20.17,248
2004-02-17,20.155,248
2004-02-18,20.163,248
2004-02-19,20.09,248
2004-02-20,20.132,248
2004-02-21,20.242,248
2004-02-22,20.247,248
2004-02-23,20.042,248
2004-02-24,19.963,248
2004-02-25,19.952,248
2004-02-26,20.002,248
2004-02-27,19.91,248
2004-02-28,19.847,248
2004-02-29,20.223,248
2004-03-01,20.065,248
2004-03-02,20.102,248
2004-03-03,20.34,248
2004-03-04,20.472,248
2004-03-05,20.728,248
2004-03-06,20.768,248
2004-03-07,20.868,248
2004-03-08,20.861,248
2004-03-09,20.787,248
2004-03-10,20.769,248
2004-03-11,20.763,248
2004-03-12,20.747,248
2004-03-13,20.787,248
2004-03-14,20.757,248
2004-03-15,20.715,248
2004-03-16,20.943,248
2004-03-17,20.952,248
2004-03-18,21.304,248
2004-03-19,21.684,248
2004-03-20,21.757,248
2004-03-21,21.762,248
2004-03-22,21.505,248
2004-03-23,21.477,248
2004-03-24,21.359,248
2004-03-25,21.546,248
2004-03-26,21.614,248
2004-03-27,21.623,248
2004-03-28,21.723,248
2004-03-29,22.032,248
2004-03-30,22.067,248
2004-03-31,22.266,248
2004-04-01,22.553,248
2004-04-02,22.745,248
2004-04-03,22.363,248
2004-04-04,22.255,248
2004-04-05,22.074,248
2004-04-06,22.671,248
2004-04-07,22.888,248
2004-04-08,23.043,248
2004-04-09,22.789,248
2004-04-10,22.767,248
2004-04-11,22.596,248
2004-04-12,22.301,248
2004-04-13,21.97,248
2004-04-14,21.744,248
2004-04-15,21.782,248
2004-04-16,21.878,248
2004-04-17,22.031,248
2004-04-18,21.966,248
2004-04-19,21.993,248
2004-04-20,22.342,248
2004-04-21,21.846,248
2004-04-22,21.655,248
2004-04-23,22.852,248
2004-04-24,23.124,248
2004-04-25,23.156,248
2004-04-26,23.219,248
2004-04-27,23.161,248
2004-04-28,22.96,248
2004-04-29,23.454,248
2004-04-30,23.504,248
2004-05-01,23.517,248
2004-05-02,23.264,248
2004-05-03,23.216,248
2004-05-04,23.206,248
2004-05-05,23.362,248
2004-05-06,23.573,248
2004-05-07,23.526,248
2004-05-08,23.453,248
2004-05-09,23.449,248
2004-05-10,23.549,248
2004-05-11,23.64,248
2004-05-12,23.868,248
2004-05-13,23.873,248
2004-05-14,23.887,248
2004-05-15,24.263,248
2004-05-16,24.459,248
2004-05-17,24.545,248
2004-05-18,25.08,248
2004-05-19,25.398,248
2004-05-20,25.473,248
2004-05-21,25.532,248
2004-05-22,25.682,248
2004-05-23,25.706,248
2004-05-24,25.779,248
2004-05-25,26.087,248
2004-05-26,26.034,248
2004-05-27,25.958,248
2004-05-28,26.071,248
2004-05-29,26.198,248
2004-05-30,26.276,248
2004-05-31,26.719,248
2004-06-01,27.035,248
2004-06-02,27.073,248
2004-06-03,27.582,248
2004-06-04,27.848,248
2004-06-05,27.937,248
2004-06-06,27.842,248
2004-06-07,27.84,248
2004-06-08,27.876,248
2004-06-09,27.712,248
2004-06-10,27.815,248
2004-06-11,27.836,248
2004-06-12,27.854,248
2004-06-13,28.083,248
2004-06-14,28.166,248
2004-06-15,28.15,248
2004-06-16,28.312,248
2004-06-17,28.485,248
2004-06-18,28.479,248
2004-06-19,29.962,248
2004-06-20,30.055,248
2004-06-21,29.8,248
2004-06-22,29.2,248
2004-06-23,29.042,248
2004-06-24,28.789,248
2004-06-25,28.707,248
2004-06-26,28.157,248
2004-06-27,28.12,248
2004-06-28,28.338,248
2004-06-29,28.598,248
2004-06-30,28.867,248
2004-07-01,28.745,248
2004-07-02,29.077,248
2004-07-03,29.198,248
2004-07-04,29.336,248
2004-07-05,29.523,248
2004-07-06,29.545,248
2004-07-07,29.549,248
2004-07-08,29.721,248
2004-07-09,29.483,248
2004-07-10,29.405,248
2004-07-11,30.123,248
2004-07-12,29.975,248
2004-07-13,29.852,248
2004-07-14,29.635,248
2004-07-15,29.586,248
2004-07-16,29.691,248
2004-07-17,29.787,248
2004-07-18,29.63,248
2004-07-19,29.504,248
2004-07-20,29.558,248
2004-07-21,29.696,248
2004-07-22,29.881,248
2004-07-23,29.874,248
2004-07-24,29.986,248
2004-07-25,30.139,248
2004-07-26,30.277,248
2004-07-27,30.644,248
2004-07-28,30.569,248
2004-07-29,30.553,248
2004-07-30,30.559,248
2004-07-31,30.737,248
2004-08-01,30.735,248
2004-08-02,30.686,248
2004-08-03,30.859,248
2004-08-04,30.734,248
2004-08-05,30.631,248
2004-08-06,30.386,248
2004-08-07,30.104,248
2004-08-08,30.061,248
2004-08-09,30.348,248
2004-08-10,30.421,248
2004-08-11,30.412,248
2004-08-12,29.863,248
2004-08-13,29.832,248
2004-08-14,29.745,248
2004-08-15,29.475,248
2004-08-16,28.868,248
2004-08-17,28.848,248
2004-08-18,28.803,248
2004-08-19,29.1,248
2004-08-20,29.154,248
2004-08-21,29.169,248
2004-08-22,29.436,248
2004-08-23,29.54,248
2004-08-24,29.609,248
2004-08-25,29.804,248
2004-08-26,29.85,248
2004-08-27,29.789,248
2004-08-28,29.635,248
2004-08-29,29.706,248
2004-08-30,29.377,248
2004-08-31,29.551,248
2004-09-01,29.607,248
2004-09-02,29.501,248
2004-09-03,29.568,248
2004-09-04,29.642,248
2004-09-05,29.719,248
2004-09-06,29.724,248
2004-09-07,29.741,248
2004-09-08,29.76,248
2004-09-09,29.716,248
2004-09-10,29.671,248
2004-09-11,29.605,248
2004-09-12,29.592,248
2004-09-13,29.588,248
2004-09-14,29.604,248
2004-09-15,29.576,248
2004-09-16,30.434,248
2004-09-17,30.749,248
2004-09-18,30.661,248
2004-09-19,29.685,248
2004-09-20,29.537,248
2004-09-21,29.497,248
2004-09-22,29.276,248
2004-09-23,29.014,248
2004-09-24,28.978,248
2004-09-25,29.052,248
2004-09-26,29.05,248
2004-09-27,28.966,248
2004-09-28,28.872,248
2004-09-29,28.833,248
2004-09-30,28.773,248
2004-10-01,28.717,248
2004-10-02,28.595,248
2004-10-03,28.791,248
2004-10-04,28.798,248
2004-10-05,28.786,248
2004-10-06,28.697,248
2004-10-07,28.571,248
2004-10-08,28.311,248
2004-10-09,27.829,248
2004-10-10,27.946,248
2004-10-11,27.937,248
2004-10-12,27.922,248
2004-10-13,27.899,248
2004-10-14,27.78,248
2004-10-15,27.469,248
2004-10-16,27.438,248
2004-10-17,27.411,248
2004-10-18,27.353,248
2004-10-19,27.445,248
2004-10-20,27.472,248
2004-10-21,27.816,248
2004-10-22,27.863,248
2004-10-23,27.841,248
2004-10-24,27.71,248
2004-10-25,27.684,248
2004-10-26,27.663,248
2004-10-27,27.641,248
2004-10-28,27.362,248
2004-10-29,27.343,248
2004-10-30,27.455,248
2004-10-31,27.375,248
2004-11-01,27.32,248
2004-11-02,27.197,248
2004-11-03,26.858,248
2004-11-04,26.965,248
2004-11-05,26.968,248
2004-11-06,26.806,248
2004-11-07,26.575,248
2004-11-08,26.509,248
2004-11-09,26.469,248
2004-11-10,26.514,248
2004-11-11,26.208,248
2004-11-12,26.062,248
2004-11-13,25.783,248
2004-11-14,25.736,248
2004-11-15,25.746,248
2004-11-16,25.752,248
2004-11-17,25.529,248
2004-11-18,25.645,248
2004-11-19,25.683,248
2004-11-20,25.694,248
2004-11-21,25.65,248
2004-11-22,25.922,248
2004-11-23,25.977,248
2004-11-24,25.918,248
2004-11-25,25.492,248
2004-11-26,25.467,248
2004-11-27,25.397,248
2004-11-28,25.174,248
2004-11-29,25.115,248
2004-11-30,25.115,248
2004-12-01,25.111,248
2004-12-02,24.816,248
2004-12-03,24.664,248
2004-12-04,24.474,248
2004-12-05,24.282,248
2004-12-06,24.216,248
2004-12-07,24.19,248
2004-12-08,24.162,248
2004-12-09,24.478,248
2004-12-10,24.507,248
2004-12-11,24.122,248
2004-12-12,24.017,248
2004-12-13,23.99,248
2004-12-14,23.713,248
2004-12-15,23.494,248
2004-12-16,23.276,248
2004-12-17,23.073,248
2004-12-18,23.111,248
2004-12-19,23.146,248
2004-12-20,23.134,248
2004-12-21,23.035,248
2004-12-22,22.827,248
2004-12-23,22.8,248
2004-12-24,22.52,248
2004-12-25,22.169,248
2004-12-26,22.133,248
2004-12-27,22.047,248
2004-12-28,22.044,248
2004-12-29,22.085,248
2004-12-30,22.144,248
2004-12-31,22.117,248
2005-01-01,22.157,248
2005-01-02,22.233,248
2005-01-03,22.344,248
2005-01-04,22.269,248
2005-01-05,22.18,248
2005-01-06,22.092,248
2005-01-07,22.128,248
2005-01-08,22.244,248
2005-01-09,22.435,248
2005-01-10,22.482,248
2005-01-11,22.565,248
2005-01-12,22.498,248
2005-01-13,22.457,248
2005-01-14,22.325,248
2005-01-15,22.116,248
2005-01-16,22.102,248
2005-01-17,22.088,248
2005-01-18,22.067,248
2005-01-19,21.991,248
2005-01-20,22.042,248
2005-01-21,22.067,248
2005-01-22,22.12,248
2005-01-23,22.013,248
2005-01-24,21.865,248
2005-01-25,21.652,248
2005-01-26,21.667,248
2005-01-27,21.653,248
2005-01-28,22.017,248
2005-01-29,21.927,248
2005-01-30,21.912,248
2005-01-31,21.494,248
2005-02-01,21.529,248
2005-02-02,21.559,248
2005-02-03,21.335,248
2005-02-04,21.209,248
2005-02-05,21.109,248
2005-02-06,21.642,248
2005-02-07,21.591,248
2005-02-08,21.718,248
2005-02-09,21.804,248
2005-02-10,21.729,248
2005-02-11,21.749,248
2005-02-12,21.714,248
2005-02-13,21.635,248
2005-02-14,21.753,248
2005-02-15,21.92,248
2005-02-16,22.227,248
2005-02-17,22.08,248
2005-02-18,21.586,248
2005-02-19,21.286,248
2005-02-20,21.378,248
2005-02-21,21.338,248
2005-02-22,20.852,248
2005-02-23,21.311,248
2005-02-24,21.424,248
2005-02-25,21.476,248
2005-02-26,21.512,248
2005-02-27,21.727,248
2005-02-28,21.559,248
2005-03-01,21.43,248
2005-03-02,21.312,248
2005-03-03,21.706,248
2005-03-04,21.696,248
2005-03-05,21.732,248
2005-03-06,21.794,248
2005-03-07,21.759,248
2005-03-08,21.691,248
2005-03-09,21.812,248
2005-03-10,21.757,248
2005-03-11,21.809,248
2005-03-12,21.689,248
2005-03-13,21.348,248
2005-03-14,20.648,248
2005-03-15,21.04,248
2005-03-16,21.023,248
2005-03-17,21.053,248
2005-03-18,20.956,248
2005-03-19,20.999,248
2005-03-20,21.155,248
2005-03-21,21.23,248
2005-03-22,21.57,248
2005-03-23,21.721,248
2005-03-24,21.822,248
2005-03-25,21.795,248
2005-03-26,21.685,248
2005-03-27,21.537,248
2005-03-28,21.517,248
2005-03-29,21.257,248
2005-03-30,21.143,248
2005-03-31,21.148,248
2005-04-01,21.223,248
2005-04-02,21.04,248
2005-04-03,20.916,248
2005-04-04,20.747,248
2005-04-05,21.024,248
2005-04-06,21.153,248
2005-04-07,21.185,248
2005-04-08,21.265,248
2005-04-09,21.352,248
2005-04-10,21.377,248
2005-04-11,21.686,248
2005-04-12,21.665,248
2005-04-13,21.686,248
2005-04-14,21.839,248
2005-04-15,21.9,248
2005-04-16,21.831,248
2005-04-17,21.92,248
2005-04-18,21.969,248
2005-04-19,21.801,248
2005-04-20,21.767,248
2005-04-21,21.903,248
2005-04-22,22.413,248
2005-04-23,22.509,248
2005-04-24,22.437,248
2005-04-25,22.359,248
2005-04-26,22.439,248
2005-04-27,22.345,248
2005-04-28,22.296,248
2005-04-29,22.265,248
2005-04-30,22.409,248
2005-05-01,22.321,248
2005-05-02,22.388,248
2005-05-03,22.399,248
2005-05-04,22.327,248
2005-05-05,22.334,248
2005-05-06,22.407,248
2005-05-07,22.721,248
2005-05-08,22.707,248
2005-05-09,22.743,248
2005-05-10,23.612,248
2005-05-11,23.833,248
2005-05-12,23.949,248
2005-05-13,24.28,248
2005-05-14,24.415,248
2005-05-15,24.568,248
2005-05-16,24.717,248
2005-05-17,24.566,248
2005-05-18,24.623,248
2005-05-19,25.826,248
2005-05-20,25.986,248
2005-05-21,26.025,248
2005-05-22,26.358,248
2005-05-23,26.525,248
2005-05-24,26.505,248
2005-05-25,26.411,248
2005-05-26,26.959,248
2005-05-27,27.146,248
2005-05-28,27.235,248
2005-05-29,27.24,248
2005-05-30,27.184,248
2005-05-31,26.752,248
2005-06-01,27.67,248
2005-06-02,27.873,248
2005-06-03,27.851,248
2005-06-04,27.288,248
2005-06-05,27.31,248
2005-06-06,27.349,248
2005-06-07,27.582,248
2005-06-08,27.767,248
2005-06-09,27.812,248
2005-06-10,28.045,248
2005-06-11,28.44,248
2005-06-12,28.585,248
2005-06-13,28.391,248
2005-06-14,28.536,248
2005-06-15,28.851,248
2005-06-16,29.056,248
2005-06-17,29.235,248
2005-06-18,29.366,248
2005-06-19,29.495,248
2005-06-20,29.216,248
2005-06-21,28.97,248
2005-06-22,28.872,248
2005-06-23,28.751,248
2005-06-24,28.749,248
2005-06-25,28.701,248
2005-06-26,28.658,248
2005-06-27,28.708,248
2005-06-28,28.751,248
2005-06-29,28.849,248
2005-06-30,28.885,248
2005-07-01,29.104,248
2005-07-02,29.217,248
2005-07-03,29.529,248
2005-07-04,29.641,248
2005-07-05,29.567,248
2005-07-06,29.337,248
2005-07-07,29.422,248
2005-07-08,29.474,248
2005-07-09,29.749,248
2005-07-10,29.811,248
2005-07-11,29.643,248
2005-07-12,29.827,248
2005-07-13,29.977,248
2005-07-14,30.07,248
2005-07-15,29.897,248
2005-07-16,29.794,248
2005-07-17,29.875,248
2005-07-18,29.751,248
2005-07-19,29.435,248
2005-07-20,29.462,248
2005-07-21,29.396,248
2005-07-22,30.108,248
2005-07-23,30.089,248
2005-07-24,30.101,248
2005-07-25,30.497,248
2005-07-26,30.73,248
2005-07-27,30.589,248
2005-07-28,30.381,248
2005-07-29,30.489,248
2005-07-30,30.521,248
2005-07-31,30.779,248
2005-08-01,30.768,248
2005-08-02,30.702,248
2005-08-03,30.636,248
2005-08-04,30.396,248
2005-08-05,30.255,248
2005-08-06,30.44,248
2005-08-07,30.575,248
2005-08-08,30.75,248
2005-08-09,30.639,248
2005-08-10,30.4,248
2005-08-11,30.458,248
2005-08-12,30.644,248
2005-08-13,30.786,248
2005-08-14,30.793,248
2005-08-15,30.797,248
2005-08-16,31.147,248
2005-08-17,31.245,248
2005-08-18,31.144,248
2005-08-19,30.978,248
2005-08-20,30.98,248
2005-08-21,31.031,248
2005-08-22,31.033,248
2005-08-23,30.961,248
2005-08-24,30.973,248
2005-08-25,31.008,248
2005-08-26,31.101,248
2005-08-27,31.126,248
2005-08-28,31.126,248
2005-08-29,30.882,248
2005-08-30,30.462,248
2005-08-31,30.388,248
2005-09-01,30.382,248
2005-09-02,30.658,248
2005-09-03,30.63,248
2005-09-04,30.453,248
2005-09-05,30.352,248
2005-09-06,30.315,248
2005-09-07,30.259,248
2005-09-08,29.627,248
2005-09-09,29.402,248
2005-09-10,29.423,248
2005-09-11,29.492,248
2005-09-12,29.426,248
2005-09-13,29.282,248
2005-09-14,29.362,248
2005-09-15,29.522,248
2005-09-16,29.608,248
2005-09-17,29.736,248
2005-09-18,29.792,248
2005-09-19,29.74,248
2005-09-20,29.762,248
2005-09-21,29.861,248
2005-09-22,29.891,248
2005-09-23,29.681,248
2005-09-24,28.469,248
2005-09-25,28.342,248
2005-09-26,28.374,248
2005-09-27,28.712,248
2005-09-28,29.165,248
2005-09-29,29.193,248
2005-09-30,29.127,248
2005-10-01,29.082,248
2005-10-02,28.948,248
2005-10-03,28.599,248
2005-10-04,28.653,248
2005-10-05,28.967,248
2005-10-06,29.151,248
2005-10-07,29.047,248
2005-10-08,28.902,248
2005-10-09,28.455,248
2005-10-10,28.434,248
2005-10-11,28.435,248
2005-10-12,28.583,248
2005-10-13,28.525,248
2005-10-14,28.522,248
2005-10-15,28.53,248
2005-10-16,28.373,248
2005-10-17,28.297,248
2005-10-18,28.251,248
2005-10-19,28.139,248
2005-10-20,28.113,248
2005-10-21,28.114,248
2005-10-22,27.924,248
2005-10-23,27.912,248
2005-10-24,27.868,248
2005-10-25,27.296,248
2005-10-26,26.975,248
2005-10-27,26.878,248
2005-10-28,26.725,248
2005-10-29,26.667,248
2005-10-30,26.592,248
2005-10-31,26.49,248
2005-11-01,26.269,248
2005-11-02,26.231,248
2005-11-03,26.216,248
2005-11-04,26.035,248
2005-11-05,26.007,248
2005-11-06,25.99,248
2005-11-07,26.175,248
2005-11-08,26.165,248
2005-11-09,26.112,248
2005-11-10,25.968,248
2005-11-11,26.017,248
2005-11-12,25.997,248
2005-11-13,25.947,248
2005-11-14,25.913,248
2005-11-15,25.911,248
2005-11-16,25.788,248
2005-11-17,25.406,248
2005-11-18,25.37,248
2005-11-19,25.346,248
2005-11-20,24.886,248
2005-11-21,24.735,248
2005-11-22,24.583,248
2005-11-23,24.583,248
2005-11-24,24.621,248
2005-11-25,24.646,248
2005-11-26,24.489,248
2005-11-27,24.419,248
2005-11-28,24.298,248
2005-11-29,24.119,248
2005-11-30,24.069,248
2005-12-01,24.014,248
2005-12-02,24.058,248
2005-12-03,23.928,248
2005-12-04,23.871,248
2005-12-05,23.907,248
2005-12-06,24.025,248
2005-12-07,24.044,248
2005-12-08,23.88,248
2005-12-09,23.147,248
2005-12-10,22.768,248
2005-12-11,22.645,248
2005-12-12,22.895,248
2005-12-13,22.904,248
2005-12-14,22.948,248
2005-12-15,22.964,248
2005-12-16,22.978,248
2005-12-17,22.932,248
2005-12-18,22.124,248
2005-12-19,22.367,248
2005-12-20,22.36,248
2005-12-21,22.356,248
2005-12-22,21.997,248
2005-12-23,22.002,248
2005-12-24,21.933,248
2005-12-25,21.78,248
2005-12-26,21.669,248
2005-12-27,21.583,248
2005-12-28,21.649,248
2005-12-29,21.72,248
2005-12-30,21.811,248
2005-12-31,22.052,248
2006-01-01,22.367,248
2006-01-02,22.333,248
2006-01-03,22.241,248
2006-01-04,22.219,248
2006-01-05,22.146,248
2006-01-06,21.631,248
2006-01-07,21.611,248
2006-01-08,21.607,248
2006-01-09,21.604,248
2006-01-10,21.579,248
2006-01-11,21.156,248
2006-01-12,21.053,248
2006-01-13,21.278,248
2006-01-14,21.33,248
2006-01-15,21.314,248
2006-01-16,21.238,248
2006-01-17,20.99,248
2006-01-18,21.017,248
2006-01-19,21.054,248
2006-01-20,21.152,248
2006-01-21,21.128,248
2006-01-22,21.233,248
2006-01-23,21.224,248
2006-01-24,21.608,248
2006-01-25,21.57,248
2006-01-26,21.536,248
2006-01-27,21.494,248
2006-01-28,21.508,248
2006-01-29,21.888,248
2006-01-30,21.882,248
2006-01-31,21.691,248
2006-02-01,21.746,248
2006-02-02,21.804,248
2006-02-03,21.771,248
2006-02-04,21.399,248
2006-02-05,21.305,248
2006-02-06,21.285,248
2006-02-07,21.213,248
2006-02-08,21.151,248
2006-02-09,21.203,248
2006-02-10,21.355,248
2006-02-11,21.161,248
2006-02-12,21.126,248
2006-02-13,21.257,248
2006-02-14,21.346,248
2006-02-15,21.433,248
2006-02-16,21.32,248
2006-02-17,21.297,248
2006-02-18,21.394,248
2006-02-19,21.801,248
2006-02-20,22.274,248
2006-02-21,22.24,248
2006-02-22,22.287,248
2006-02-23,22.288,248
2006-02-24,22.463,248
2006-02-25,22.795,248
2006-02-26,22.473,248
2006-02-27,22.404,248
2006-02-28,22.451,248
2006-03-01,22.434,248
2006-03-02,22.42,248
2006-03-03,22.402,248
2006-03-04,22.417,248
2006-03-05,22.667,248
2006-03-06,22.884,248
2006-03-07,22.851,248
2006-03-08,22.206,248
2006-03-09,21.935,248
2006-03-10,21.785,248
2006-03-11,22.22,248
2006-03-12,22.344,248
2006-03-13,22.417,248
2006-03-14,22.572,248
2006-03-15,22.559,248
2006-03-16,22.474,248
2006-03-17,22.593,248
2006-03-18,22.709,248
2006-03-19,22.743,248
2006-03-20,22.783,248
2006-03-21,22.771,248
2006-03-22,22.711,248
2006-03-23,22.681,248
2006-03-24,22.002,248
2006-03-25,21.94,248
2006-03-26,21.933,248
2006-03-27,21.921,248
2006-03-28,21.993,248
2006-03-29,22.621,248
2006-03-30,22.458,248
2006-03-31,22.541,248
2006-04-01,22.41,248
2006-04-02,22.879,248
2006-04-03,23.075,248
2006-04-04,23.193,248
2006-04-05,23.476,248
2006-04-06,23.235,248
2006-04-07,22.987,248
2006-04-08,23.012,248
2006-04-09,23.044,248
2006-04-10,23.038,248
2006-04-11,22.994,248
2006-04-12,23.378,248
2006-04-13,23.171,248
2006-04-14,23.096,248
2006-04-15,23.18,248
2006-04-16,23.467,248
2006-04-17,23.619,248
2006-04-18,23.855,248
2006-04-19,24.37,248
2006-04-20,24.35,248
2006-04-21,24.499,248
2006-04-22,24.693,248
2006-04-23,24.842,248
2006-04-24,24.755,248
2006-04-25,24.801,248
2006-04-26,24.762,248
2006-04-27,25.054,248
2006-04-28,24.742,248
2006-04-29,24.719,248
2006-04-30,24.848,248
2006-05-01,25.187,248
2006-05-02,25.323,248
2006-05-03,25.421,248
2006-05-04,25.636,248
2006-05-05,25.835,248
2006-05-06,25.838,248
2006-05-07,25.724,248
2006-05-08,25.786,248
2006-05-09,25.795,248
2006-05-10,25.705,248
2006-05-11,25.601,248
2006-05-12,25.699,248
2006-05-13,25.537,248
2006-05-14,25.505,248
2006-05-15,25.349,248
2006-05-16,25.312,248
2006-05-17,25.352,248
2006-05-18,25.326,248
2006-05-19,25.303,248
2006-05-20,25.291,248
2006-05-21,25.361,248
2006-05-22,25.418,248
2006-05-23,25.99,248
2006-05-24,26.025,248
2006-05-25,26.055,248
2006-05-26,26.089,248
2006-05-27,26.121,248
2006-05-28,26.142,248
2006-05-29,25.995,248
2006-05-30,25.86,248
2006-05-31,25.943,248
2006-06-01,26.623,248
2006-06-02,27.004,248
2006-06-03,27.123,248
2006-06-04,27.226,248
2006-06-05,27.481,248
2006-06-06,27.547,248
2006-06-07,27.55,248
2006-06-08,27.853,248
2006-06-09,27.936,248
2006-06-10,28.01,248
2006-06-11,28.288,248
2006-06-12,28.3,248
2006-06-13,28.367,248
2006-06-14,28.489,248
2006-06-15,28.493,248
2006-06-16,28.21,248
2006-06-17,27.752,248
2006-06-18,27.853,248
2006-06-19,27.987,248
2006-06-20,28.415,248
2006-06-21,28.564,248
2006-06-22,28.567,248
2006-06-23,28.553,248
2006-06-24,28.653,248
2006-06-25,28.884,248
2006-06-26,28.983,248
2006-06-27,28.847,248
2006-06-28,28.746,248
2006-06-29,28.795,248
2006-06-30,28.819,248
2006-07-01,28.813,248
2006-07-02,28.694,248
2006-07-03,28.629,248
2006-07-04,28.527,248
2006-07-05,28.648,248
2006-07-06,28.762,248
2006-07-07,29.108,248
2006-07-08,28.991,248
2006-07-09,28.834,248
2006-07-10,28.902,248
2006-07-11,29.015,248
2006-07-12,29.211,248
2006-07-13,29.811,248
2006-07-14,29.951,248
2006-07-15,29.979,248
2006-07-16,29.913,248
2006-07-17,30.121,248
2006-07-18,29.864,248
2006-07-19,29.945,248
2006-07-20,30.024,248
2006-07-21,30.12,248
2006-07-22,30.233,248
2006-07-23,30.404,248
2006-07-24,30.083,248
2006-07-25,29.636,248
2006-07-26,28.898,248
2006-07-27,29.234,248
2006-07-28,29.316,248
2006-07-29,29.625,248
2006-07-30,29.663,248
2006-07-31,29.665,248
2006-08-01,29.588,248
2006-08-02,29.59,248
2006-08-03,29.669,248
2006-08-04,29.655,248
2006-08-05,29.66,248
2006-08-06,29.644,248
2006-08-07,29.593,248
2006-08-08,29.558,248
2006-08-09,29.565,248
2006-08-10,29.543,248
2006-08-11,29.861,248
2006-08-12,29.95,248
2006-08-13,29.97,248
2006-08-14,30.163,248
2006-08-15,30.278,248
2006-08-16,30.353,248
2006-08-17,30.349,248
2006-08-18,30.325,248
2006-08-19,30.3,248
2006-08-20,30.318,248
2006-08-21,30.36,248
2006-08-22,30.34,248
2006-08-23,30.219,248
2006-08-24,30.201,248
2006-08-25,30.046,248
2006-08-26,29.647,248
2006-08-27,30.243,248
2006-08-28,30.359,248
2006-08-29,30.245,248
2006-08-30,29.982,248
2006-08-31,29.96,248
2006-09-01,29.96,248
2006-09-02,29.845,248
2006-09-03,29.789,248
2006-09-04,29.792,248
2006-09-05,29.716,248
2006-09-06,29.536,248
2006-09-07,29.452,248
2006-09-08,29.407,248
2006-09-09,29.326,248
2006-09-10,29.406,248
2006-09-11,29.709,248
2006-09-12,30.016,248
2006-09-13,30.092,248
2006-09-14,29.619,248
2006-09-15,29.537,248
2006-09-16,29.587,248
2006-09-17,29.616,248
2006-09-18,29.624,248
2006-09-19,29.577,248
2006-09-20,29.631,248
2006-09-21,29.482,248
2006-09-22,29.356,248
2006-09-23,29.332,248
2006-09-24,29.334,248
2006-09-25,29.175,248
2006-09-26,29.166,248
2006-09-27,29.163,248
2006-09-28,29.154,248
2006-09-29,29.09,248
2006-09-30,28.917,248
2006-10-01,28.761,248
2006-10-02,28.667,248
2006-10-03,28.794,248
2006-10-04,28.798,248
2006-10-05,28.768,248
2006-10-06,28.782,248
2006-10-07,28.752,248
2006-10-08,28.689,248
2006-10-09,28.608,248
2006-10-10,28.364,248
2006-10-11,28.444,248
2006-10-12,28.462,248
2006-10-13,28.532,248
2006-10-14,28.425,248
2006-10-15,27.848,248
2006-10-16,27.451,248
2006-10-17,27.546,248
2006-10-18,27.646,248
2006-10-19,27.745,248
2006-10-20,27.928,248
2006-10-21,27.922,248
2006-10-22,27.815,248
2006-10-23,27.193,248
2006-10-24,27.194,248
2006-10-25,27.099,248
2006-10-26,26.743,248
2006-10-27,26.747,248
2006-10-28,26.566,248
2006-10-29,26.487,248
2006-10-30,26.402,248
2006-10-31,26.405,248
2006-11-01,26.396,248
2006-11-02,25.988,248
2006-11-03,25.994,248
2006-11-04,25.956,248
2006-11-05,25.901,248
2006-11-06,25.881,248
2006-11-07,25.896,248
2006-11-08,25.801,248
2006-11-09,25.816,248
2006-11-10,25.806,248
2006-11-11,25.648,248
2006-11-12,25.086,248
2006-11-13,25.287,248
2006-11-14,25.231,248
2006-11-15,25.146,248
2006-11-16,25.017,248
2006-11-17,24.885,248
2006-11-18,24.661,248
2006-11-19,24.632,248
2006-11-20,24.52,248
2006-11-21,24.221,248
2006-11-22,24.003,248
2006-11-23,23.939,248
2006-11-24,23.924,248
2006-11-25,23.929,248
2006-11-26,23.993,248
2006-11-27,24.076,248
2006-11-28,24.082,248
2006-11-29,24.023,248
2006-11-30,24.03,248
2006-12-01,23.865,248
2006-12-02,23.123,248
2006-12-03,22.98,248
2006-12-04,22.962,248
2006-12-05,22.883,248
2006-12-06,22.612,248
2006-12-07,22.551,248
2006-12-08,22.515,248
2006-12-09,22.441,248
2006-12-10,22.573,248
2006-12-11,22.583,248
2006-12-12,22.583,248
2006-12-13,22.583,248
2006-12-14,22.614,248
2006-12-15,22.869,248
2006-12-16,23.053,248
2006-12-17,23.188,248
2006-12-18,23.207,248
2006-12-19,23.159,248
2006-12-20,23.147,248
2006-12-21,23.064,248
2006-12-22,23.257,248
2006-12-23,23.254,248
2006-12-24,23.142,248
2006-12-25,22.134,248
2006-12-26,22.098,248
2006-12-27,22.063,248
2006-12-28,22.076,248
2006-12-29,22.084,248
2006-12-30,22.171,248
2006-12-31,22.128,248
2007-01-01,22.141,248
2007-01-02,22.085,248
2007-01-03,22.108,248
2007-01-04,21.967,248
2007-01-05,22.026,248
2007-01-06,22.089,248
2007-01-07,21.868,248
2007-01-08,21.741,248
2007-01-09,21.706,248
2007-01-10,21.508,248
2007-01-11,21.206,248
2007-01-12,21.458,248
2007-01-13,21.532,248
2007-01-14,21.778,248
2007-01-15,21.936,248
2007-01-16,21.985,248
2007-01-17,21.999,248
2007-01-18,21.875,248
2007-01-19,21.659,248
2007-01-20,21.633,248
2007-01-21,21.625,248
2007-01-22,21.577,248
2007-01-23,21.472,248
2007-01-24,21.274,248
2007-01-25,21.394,248
2007-01-26,21.371,248
2007-01-27,21.352,248
2007-01-28,21.044,248
2007-01-29,21.039,248
2007-01-30,20.987,248
2007-01-31,20.937,248
2007-02-01,20.924,248
2007-02-02,20.924,248
2007-02-03,20.75,248
2007-02-04,20.63,248
2007-02-05,20.703,248
2007-02-06,20.907,248
2007-02-07,20.945,248
2007-02-08,21.182,248
2007-02-09,21.193,248
2007-02-10,21.202,248
2007-02-11,20.536,248
2007-02-12,20.785,248
2007-02-13,20.873,248
2007-02-14,21.009,248
2007-02-15,20.506,248
2007-02-16,20.349,248
2007-02-17,19.957,248
2007-02-18,20.037,248
2007-02-19,20.043,248
2007-02-20,20.091,248
2007-02-21,20.276,248
2007-02-22,20.3,248
2007-02-23,20.275,248
2007-02-24,19.869,248
2007-02-25,19.935,248
2007-02-26,20.331,248
2007-02-27,20.485,248
2007-02-28,20.677,248
2007-03-01,20.722,248
2007-03-02,20.508,248
2007-03-03,20.379,248
2007-03-04,20.339,248
2007-03-05,20.221,248
2007-03-06,19.993,248
2007-03-07,19.849,248
2007-03-08,20.568,248
2007-03-09,20.464,248
2007-03-10,20.461,248
2007-03-11,20.478,248
2007-03-12,20.548,248
2007-03-13,20.809,248
2007-03-14,20.948,248
2007-03-15,21.04,248
2007-03-16,21.021,248
2007-03-17,20.963,248
2007-03-18,20.952,248
2007-03-19,20.941,248
2007-03-20,20.97,248
2007-03-21,21.097,248
2007-03-22,21.417,248
2007-03-23,21.453,248
2007-03-24,21.711,248
2007-03-25,22.102,248
2007-03-26,22.359,248
2007-03-27,22.398,248
2007-03-28,22.663,248
2007-03-29,22.679,248
2007-03-30,22.692,248
2007-03-31,22.488,248
2007-04-01,22.379,248
2007-04-02,22.473,248
2007-04-03,22.5,248
2007-04-04,22.215,248
2007-04-05,22.582,248
2007-04-06,22.58,248
2007-04-07,22.616,248
2007-04-08,22.449,248
2007-04-09,21.747,248
2007-04-10,21.773,248
2007-04-11,22.073,248
2007-04-12,22.123,248
2007-04-13,22.145,248
2007-04-14,22.125,248
2007-04-15,21.804,248
2007-04-16,21.809,248
2007-04-17,21.781,248
2007-04-18,21.67,248
2007-04-19,21.783,248
2007-04-20,21.85,248
2007-04-21,21.92,248
2007-04-22,22.031,248
2007-04-23,22.24,248
2007-04-24,22.197,248
2007-04-25,23.163,248
2007-04-26,23.104,248
2007-04-27,22.962,248
2007-04-28,22.842,248
2007-04-29,23.404,248
2007-04-30,23.481,248
2007-05-01,23.539,248
2007-05-02,23.264,248
2007-05-03,23.465,248
2007-05-04,23.836,248
2007-05-05,23.994,248
2007-05-06,24.366,248
2007-05-07,24.519,248
2007-05-08,24.526,248
2007-05-09,24.607,248
2007-05-10,24.612,248
2007-05-11,24.832,248
2007-05-12,24.968,248
2007-05-13,25.077,248
2007-05-14,25.249,248
2007-05-15,25.685,248
2007-05-16,25.848,248
2007-05-17,25.548,248
2007-05-18,25.356,248
2007-05-19,25.274,248
2007-05-20,25.046,248
2007-05-21,25.121,248
2007-05-22,24.984,248
2007-05-23,25.068,248
2007-05-24,25.294,248
2007-05-25,25.481,248
2007-05-26,25.432,248
2007-05-27,25.56,248
2007-05-28,25.617,248
2007-05-29,25.636,248
2007-05-30,25.88,248
2007-05-31,26.241,248
2007-06-01,26.294,248
2007-06-02,26.365,248
2007-06-03,26.637,248
2007-06-04,26.642,248
2007-06-05,26.59,248
2007-06-06,26.8,248
2007-06-07,26.745,248
2007-06-08,26.744,248
2007-06-09,27.018,248
2007-06-10,27.557,248
2007-06-11,27.967,248
2007-06-12,29.011,248
2007-06-13,29.165,248
2007-06-14,28.913,248
2007-06-15,28.552,248
2007-06-16,28.42,248
2007-06-17,28.361,248
2007-06-18,28.302,248
2007-06-19,28.172,248
2007-06-20,28.139,248
2007-06-21,28.14,248
2007-06-22,28.775,248
2007-06-23,28.945,248
2007-06-24,28.912,248
2007-06-25,28.338,248
2007-06-26,28.146,248
2007-06-27,28.102,248
2007-06-28,28.709,248
2007-06-29,28.996,248
2007-06-30,28.981,248
2007-07-01,28.843,248
2007-07-02,28.658,248
2007-07-03,28.767,248
2007-07-04,28.818,248
2007-07-05,28.673,248
2007-07-06,29.183,248
2007-07-07,29.207,248
2007-07-08,29.272,248
2007-07-09,29.261,248
2007-07-10,29.241,248
2007-07-11,29.754,248
2007-07-12,29.884,248
2007-07-13,29.875,248
2007-07-14,29.58,248
2007-07-15,29.453,248
2007-07-16,28.986,248
2007-07-17,28.788,248
2007-07-18,28.934,248
2007-07-19,28.954,248
2007-07-20,28.92,248
2007-07-21,28.917,248
2007-07-22,28.981,248
2007-07-23,29.1,248
2007-07-24,29.126,248
2007-07-25,29.205,248
2007-07-26,29.176,248
2007-07-27,29.195,248
2007-07-28,28.851,248
2007-07-29,29.13,248
2007-07-30,29.404,248
2007-07-31,29.622,248
2007-08-01,29.757,248
2007-08-02,29.905,248
2007-08-03,29.78,248
2007-08-04,29.834,248
2007-08-05,30.125,248
2007-08-06,30.148,248
2007-08-07,30.257,248
2007-08-08,30.387,248
2007-08-09,30.529,248
2007-08-10,30.373,248
2007-08-11,30.407,248
2007-08-12,30.942,248
2007-08-13,31.06,248
2007-08-14,31.056,248
2007-08-15,30.83,248
2007-08-16,30.434,248
2007-08-17,29.791,248
2007-08-18,30.106,248
2007-08-19,30.047,248
2007-08-20,29.972,248
2007-08-21,29.904,248
2007-08-22,29.945,248
2007-08-23,29.857,248
2007-08-24,29.845,248
2007-08-25,29.973,248
2007-08-26,30.129,248
2007-08-27,29.952,248
2007-08-28,30.136,248
2007-08-29,30.183,248
2007-08-30,30.125,248
2007-08-31,29.734,248
2007-09-01,29.694,248
2007-09-02,29.76,248
2007-09-03,30.432,248
2007-09-04,30.332,248
2007-09-05,30.321,248
2007-09-06,30.665,248
2007-09-07,30.741,248
2007-09-08,30.554,248
2007-09-09,30.05,248
2007-09-10,30.083,248
2007-09-11,30.074,248
2007-09-12,29.982,248
2007-09-13,29.305,248
2007-09-14,29.161,248
2007-09-15,29.278,248
2007-09-16,29.36,248
2007-09-17,29.354,248
2007-09-18,29.333,248
2007-09-19,29.185,248
2007-09-20,29.154,248
2007-09-21,29.107,248
2007-09-22,29.116,248
2007-09-23,29.143,248
2007-09-24,29.154,248
2007-09-25,29.049,248
2007-09-26,28.915,248
2007-09-27,28.919,248
2007-09-28,28.845,248
2007-09-29,28.837,248
2007-09-30,28.8,248
2007-10-01,28.777,248
2007-10-02,28.738,248
2007-10-03,28.678,248
2007-10-04,28.599,248
2007-10-05,28.833,248
2007-10-06,28.87,248
2007-10-07,28.772,248
2007-10-08,28.61,248
2007-10-09,28.75,248
2007-10-10,28.741,248
2007-10-11,28.464,248
2007-10-12,28.355,248
2007-10-13,28.315,248
2007-10-14,28.038,248
2007-10-15,28.064,248
2007-10-16,27.882,248
2007-10-17,27.696,248
2007-10-18,28.002,248
2007-10-19,28.02,248
2007-10-20,27.99,248
2007-10-21,27.849,248
2007-10-22,27.788,248
2007-10-23,27.206,248
2007-10-24,26.664,248
2007-10-25,26.577,248
2007-10-26,26.391,248
2007-10-27,26.097,248
2007-10-28,26.069,248
2007-10-29,26.079,248
2007-10-30,26.116,248
2007-10-31,26.13,248
2007-11-01,26.117,248
2007-11-02,26.157,248
2007-11-03,26.168,248
2007-11-04,26.083,248
2007-11-05,26.012,248
2007-11-06,25.95,248
2007-11-07,25.929,248
2007-11-08,25.902,248
2007-11-09,25.757,248
2007-11-10,25.766,248
2007-11-11,25.771,248
2007-11-12,25.782,248
2007-11-13,25.76,248
2007-11-14,25.588,248
2007-11-15,25.401,248
2007-11-16,25.354,248
2007-11-17,25.351,248
2007-11-18,25.25,248
2007-11-19,25.197,248
2007-11-20,25.174,248
2007-11-21,25.114,248
2007-11-22,24.935,248
2007-11-23,24.842,248
2007-11-24,24.553,248
2007-11-25,24.514,248
2007-11-26,24.48,248
2007-11-27,24.353,248
2007-11-28,24.09,248
2007-11-29,24.063,248
2007-11-30,24.034,248
2007-12-01,24.018,248
2007-12-02,24.123,248
2007-12-03,24.065,248
2007-12-04,23.73,248
2007-12-05,23.741,248
2007-12-06,23.837,248
2007-12-07,23.967,248
2007-12-08,24.122,248
2007-12-09,24.076,248
2007-12-10,24.12,248
2007-12-11,24.216,248
2007-12-12,24.196,248
2007-12-13,24.208,248
2007-12-14,24.219,248
2007-12-15,24.125,248
2007-12-16,23.969,248
2007-12-17,23.604,248
2007-12-18,23.469,248
2007-12-19,23.48,248
2007-12-20,23.259,248
2007-12-21,23.317,248
2007-12-22,23.328,248
2007-12-23,23.38,248
2007-12-24,22.87,248
2007-12-25,22.871,248
2007-12-26,22.727,248
2007-12-27,22.613,248
2007-12-28,22.608,248
2007-12-29,22.67,248
2007-12-30,22.433,248
2007-12-31,22.397,248
2008-01-01,22.341,248
2008-01-02,22.179,248
2008-01-03,22.074,248
2008-01-04,21.944,248
2008-01-05,22.035,248
2008-01-06,22.038,248
2008-01-07,22.045,248
2008-01-08,21.945,248
2008-01-09,22.033,248
2008-01-10,22.008,248
2008-01-11,21.921,248
2008-01-12,21.794,248
2008-01-13,21.919,248
2008-01-14,21.974,248
2008-01-15,21.97,248
2008-01-16,21.737,248
2008-01-17,21.514,248
2008-01-18,21.529,248
2008-01-19,20.927,248
2008-01-20,20.781,248
2008-01-21,21.113,248
2008-01-22,21.128,248
2008-01-23,21.143,248
2008-01-24,21.141,248
2008-01-25,21.096,248
2008-01-26,20.52,248
2008-01-27,20.757,248
2008-01-28,21.082,248
2008-01-29,21.095,248
2008-01-30,21.083,248
2008-01-31,20.724,248
2008-02-01,20.77,248
2008-02-02,20.777,248
2008-02-03,21.185,248
2008-02-04,21.334,248
2008-02-05,21.321,248
2008-02-06,21.053,248
2008-02-07,20.992,248
2008-02-08,21.025,248
2008-02-09,21.209,248
2008-02-10,21.347,248
2008-02-11,21.498,248
2008-02-12,21.125,248
2008-02-13,21.027,248
2008-02-14,21.018,248
2008-02-15,21.028,248
2008-02-16,21.342,248
2008-02-17,21.368,248
2008-02-18,21.338,248
2008-02-19,21.192,248
2008-02-20,21.168,248
2008-02-21,21.102,248
2008-02-22,21.497,248
2008-02-23,21.601,248
2008-02-24,21.722,248
2008-02-25,21.888,248
2008-02-26,21.697,248
2008-02-27,21.435,248
2008-02-28,21.069,248
2008-02-29,21.249,248
2008-03-01,21.596,248
2008-03-02,21.591,248
2008-03-03,21.512,248
2008-03-04,21.074,248
2008-03-05,20.874,248
2008-03-06,20.898,248
2008-03-07,20.589,248
2008-03-08,20.626,248
2008-03-09,20.729,248
2008-03-10,20.931,248
2008-03-11,20.992,248
2008-03-12,20.839,248
2008-03-13,20.918,248
2008-03-14,21.277,248
2008-03-15,21.357,248
2008-03-16,21.567,248
2008-03-17,21.569,248
2008-03-18,21.669,248
2008-03-19,21.528,248
2008-03-20,21.425,248
2008-03-21,21.449,248
2008-03-22,21.541,248
2008-03-23,21.535,248
2008-03-24,21.411,248
2008-03-25,21.301,248
2008-03-26,21.315,248
2008-03-27,21.386,248
2008-03-28,21.587,248
2008-03-29,21.836,248
2008-03-30,22.087,248
2008-03-31,22.429,248
2008-04-01,22.572,248
2008-04-02,22.672,248
2008-04-03,23.048,248
2008-04-04,23.024,248
2008-04-05,22.757,248
2008-04-06,22.782,248
2008-04-07,22.86,248
2008-04-08,22.82,248
2008-04-09,22.84,248
2008-04-10,23.026,248
2008-04-11,23.002,248
2008-04-12,23.033,248
2008-04-13,22.531,248
2008-04-14,22.469,248
2008-04-15,22.418,248
2008-04-16,22.148,248
2008-04-17,22.081,248
2008-04-18,21.958,248
2008-04-19,21.924,248
2008-04-20,22.202,248
2008-04-21,22.373,248
2008-04-22,23.239,248
2008-04-23,23.768,248
2008-04-24,23.772,248
2008-04-25,23.732,248
2008-04-26,23.759,248
2008-04-27,23.783,248
2008-04-28,23.115,248
2008-04-29,23.084,248
2008-04-30,23.055,248
2008-05-01,23.082,248
2008-05-02,23.328,248
2008-05-03,23.495,248
2008-05-04,23.978,248
2008-05-05,24.28,248
2008-05-06,24.403,248
2008-05-07,24.347,248
2008-05-08,24.629,248
2008-05-09,24.828,248
2008-05-10,25.035,248
2008-05-11,25.258,248
2008-05-12,25.089,248
2008-05-13,25.015,248
2008-05-14,24.71,248
2008-05-15,24.683,248
2008-05-16,24.86,248
2008-05-17,24.965,248
2008-05-18,25.44,248
2008-05-19,25.508,248
2008-05-20,25.508,248
2008-05-21,25.504,248
2008-05-22,25.64,248
2008-05-23,25.91,248
2008-05-24,26.363,248
2008-05-25,26.638,248
2008-05-26,26.768,248
2008-05-27,26.956,248
2008-05-28,27.147,248
2008-05-29,27.158,248
2008-05-30,27.193,248
2008-05-31,27.396,248
2008-06-01,27.859,248
2008-06-02,27.925,248
2008-06-03,27.973,248
2008-06-04,27.936,248
2008-06-05,27.841,248
2008-06-06,27.648,248
2008-06-07,27.745,248
2008-06-08,27.771,248
2008-06-09,28.275,248
2008-06-10,28.573,248
2008-06-11,28.536,248
2008-06-12,28.357,248
2008-06-13,28.365,248
2008-06-14,28.365,248
2008-06-15,29.026,248
2008-06-16,28.94,248
2008-06-17,28.89,248
2008-06-18,29.011,248
2008-06-19,29.358,248
2008-06-20,29.478,248
2008-06-21,29.566,248
2008-06-22,29.728,248
2008-06-23,29.442,248
2008-06-24,29.108,248
2008-06-25,29.266,248
2008-06-26,29.256,248
2008-06-27,29.179,248
2008-06-28,29.003,248
2008-06-29,29.194,248
2008-06-30,29.513,248
2008-07-01,29.362,248
2008-07-02,29.069,248
2008-07-03,28.875,248
2008-07-04,28.831,248
2008-07-05,28.826,248
2008-07-06,28.849,248
2008-07-07,28.704,248
2008-07-08,28.691,248
2008-07-09,28.846,248
2008-07-10,29.387,248
2008-07-11,29.563,248
2008-07-12,29.621,248
2008-07-13,29.646,248
2008-07-14,29.346,248
2008-07-15,29.332,248
2008-07-16,29.583,248
2008-07-17,29.961,248
2008-07-18,30.006,248
2008-07-19,30.001,248
2008-07-20,30.203,248
2008-07-21,30.187,248
2008-07-22,30.03,248
2008-07-23,29.551,248
2008-07-24,29.008,248
2008-07-25,28.884,248
2008-07-26,28.809,248
2008-07-27,29.464,248
2008-07-28,29.543,248
2008-07-29,29.496,248
2008-07-30,29.123,248
2008-07-31,29.141,248
2008-08-01,29.16,248
2008-08-02,29.303,248
2008-08-03,29.366,248
2008-08-04,29.374,248
2008-08-05,29.018,248
2008-08-06,29.119,248
2008-08-07,29.218,248
2008-08-08,29.843,248
2008-08-09,29.725,248
2008-08-10,29.46,248
2008-08-11,29.422,248
2008-08-12,29.29,248
2008-08-13,29.139,248
2008-08-14,29.199,248
2008-08-15,29.103,248
2008-08-16,29.017,248
2008-08-17,28.898,248
2008-08-18,29.004,248
2008-08-19,28.964,248
2008-08-20,28.894,248
2008-08-21,29.231,248
2008-08-22,29.257,248
2008-08-23,29.218,248
2008-08-24,29.176,248
2008-08-25,29.165,248
2008-08-26,29.273,248
2008-08-27,29.534,248
2008-08-28,29.698,248
2008-08-29,29.742,248
2008-08-30,29.49,248
2008-08-31,29.494,248
2008-09-01,29.34,248
2008-09-02,28.998,248
2008-09-03,28.968,248
2008-09-04,28.998,248
2008-09-05,29.034,248
2008-09-06,28.996,248
2008-09-07,28.986,248
2008-09-08,28.921,248
2008-09-09,29.175,248
2008-09-10,29.187,248
2008-09-11,29.154,248
2008-09-12,29.109,248
2008-09-13,28.288,248
2008-09-14,27.49,248
2008-09-15,27.156,248
2008-09-16,26.793,248
2008-09-17,26.762,248
2008-09-18,26.706,248
2008-09-19,26.629,248
2008-09-20,26.532,248
2008-09-21,26.651,248
2008-09-22,26.687,248
2008-09-23,26.701,248
2008-09-24,26.676,248
2008-09-25,26.72,248
2008-09-26,26.771,248
2008-09-27,26.774,248
2008-09-28,26.831,248
2008-09-29,26.751,248
2008-09-30,26.738,248
2008-10-01,26.757,248
2008-10-02,26.78,248
2008-10-03,26.743,248
2008-10-04,26.716,248
2008-10-05,26.792,248
2008-10-06,26.848,248
2008-10-07,26.806,248
2008-10-08,26.662,248
2008-10-09,26.698,248
2008-10-10,26.697,248
2008-10-11,26.844,248
2008-10-12,26.885,248
2008-10-13,26.876,248
2008-10-14,26.866,248
2008-10-15,26.864,248
2008-10-16,26.769,248
2008-10-17,26.93,248
2008-10-18,26.775,248
2008-10-19,26.755,248
2008-10-20,26.746,248
2008-10-21,26.492,248
2008-10-22,26.461,248
2008-10-23,26.258,248
2008-10-24,26.126,248
2008-10-25,26.15,248
2008-10-26,26.167,248
2008-10-27,25.93,248
2008-10-28,25.864,248
2008-10-29,25.827,248
2008-10-30,25.691,248
2008-10-31,25.74,248
2008-11-01,25.727,248
2008-11-02,25.578,248
2008-11-03,25.52,248
2008-11-04,25.531,248
2008-11-05,25.5,248
2008-11-06,25.481,248
2008-11-07,25.352,248
2008-11-08,25.164,248
2008-11-09,25.188,248
2008-11-10,25.22,248
2008-11-11,25.208,248
2008-11-12,25.124,248
2008-11-13,25.148,248
2008-11-14,25.229,248
2008-11-15,25.059,248
2008-11-16,24.805,248
2008-11-17,24.487,248
2008-11-18,24.39,248
2008-11-19,24.387,248
2008-11-20,24.407,248
2008-11-21,24.407,248
2008-11-22,24.291,248
2008-11-23,24.279,248
2008-11-24,24.236,248
2008-11-25,23.999,248
2008-11-26,24.071,248
2008-11-27,24.109,248
2008-11-28,24.171,248
2008-11-29,24.203,248
2008-11-30,24.126,248
2008-12-01,23.505,248
2008-12-02,23.446,248
2008-12-03,23.391,248
2008-12-04,23.463,248
2008-12-05,23.13,248
2008-12-06,23.132,248
2008-12-07,23.268,248
2008-12-08,23.211,248
2008-12-09,23.167,248
2008-12-10,22.873,248
2008-12-11,22.44,248
2008-12-12,22.37,248
2008-12-13,22.386,248
2008-12-14,22.464,248
2008-12-15,22.443,248
2008-12-16,22.347,248
2008-12-17,22.392,248
2008-12-18,22.587,248
2008-12-19,22.601,248
2008-12-20,22.585,248
2008-12-21,22.569,248
2008-12-22,22.589,248
2008-12-23,22.283,248
2008-12-24,22.359,248
2008-12-25,22.401,248
2008-12-26,22.528,248
2008-12-27,22.61,248
2008-12-28,22.522,248
2008-12-29,22.285,248
2008-12-30,22.224,248
2008-12-31,22.177,248
2009-01-01,22.267,248
2009-01-02,22.5,248
2009-01-03,22.632,248
2009-01-04,22.646,248
2009-01-05,22.552,248
2009-01-06,22.509,248
2009-01-07,22.399,248
2009-01-08,22.299,248
2009-01-09,22.381,248
2009-01-10,22.408,248
2009-01-11,22.395,248
2009-01-12,21.985,248
2009-01-13,21.993,248
2009-01-14,21.99,248
2009-01-15,22.007,248
2009-01-16,21.879,248
2009-01-17,21.832,248
2009-01-18,21.548,248
2009-01-19,21.581,248
2009-01-20,21.52,248
2009-01-21,21.231,248
2009-01-22,21.227,248
2009-01-23,21.216,248
2009-01-24,21.186,248
2009-01-25,21.045,248
2009-01-26,21.375,248
2009-01-27,21.463,248
2009-01-28,21.555,248
2009-01-29,21.32,248
2009-01-30,20.964,248
2009-01-31,20.946,248
2009-02-01,20.912,248
2009-02-02,21.055,248
2009-02-03,20.948,248
2009-02-04,20.966,248
2009-02-05,20.971,248
2009-02-06,21.059,248
2009-02-07,21.118,248
2009-02-08,21.114,248
2009-02-09,21.133,248
2009-02-10,21.089,248
2009-02-11,20.893,248
2009-02-12,21.03,248
2009-02-13,21.084,248
2009-02-14,21.125,248
2009-02-15,21.058,248
2009-02-16,20.935,248
2009-02-17,20.758,248
2009-02-18,20.867,248
2009-02-19,21.067,248
2009-02-20,21.048,248
2009-02-21,21.04,248
2009-02-22,20.803,248
2009-02-23,20.76,248
2009-02-24,20.766,248
2009-02-25,20.969,248
2009-02-26,21.145,248
2009-02-27,21.201,248
2009-02-28,21.194,248
2009-03-01,20.916,248
2009-03-02,20.786,248
2009-03-03,20.673,248
2009-03-04,20.774,248
2009-03-05,20.779,248
2009-03-06,20.799,248
2009-03-07,21.102,248
2009-03-08,21.192,248
2009-03-09,21.298,248
2009-03-10,21.798,248
2009-03-11,21.805,248
2009-03-12,21.802,248
2009-03-13,21.743,248
2009-03-14,21.586,248
2009-03-15,21.754,248
2009-03-16,21.497,248
2009-03-17,21.516,248
2009-03-18,21.525,248
2009-03-19,21.829,248
2009-03-20,21.932,248
2009-03-21,21.979,248
2009-03-22,22.069,248
2009-03-23,22.15,248
2009-03-24,22.19,248
2009-03-25,22.081,248
2009-03-26,22.508,248
2009-03-27,22.455,248
2009-03-28,22.322,248
2009-03-29,21.957,248
2009-03-30,21.951,248
2009-03-31,21.889,248
2009-04-01,22.461,248
2009-04-02,22.717,248
2009-04-03,22.535,248
2009-04-04,22.486,248
2009-04-05,22.37,248
2009-04-06,22.106,248
2009-04-07,22.057,248
2009-04-08,22.074,248
2009-04-09,22.079,248
2009-04-10,22.141,248
2009-04-11,22.24,248
2009-04-12,22.522,248
2009-04-13,22.671,248
2009-04-14,22.637,248
2009-04-15,22.496,248
2009-04-16,22.51,248
2009-04-17,22.651,248
2009-04-18,22.761,248
2009-04-19,22.735,248
2009-04-20,22.526,248
2009-04-21,22.617,248
2009-04-22,22.669,248
2009-04-23,22.755,248
2009-04-24,22.911,248
2009-04-25,22.915,248
2009-04-26,22.927,248
2009-04-27,23.173,248
2009-04-28,23.21,248
2009-04-29,23.32,248
2009-04-30,23.778,248
2009-05-01,23.964,248
2009-05-02,24.109,248
2009-05-03,24.427,248
2009-05-04,24.82,248
2009-05-05,24.812,248
2009-05-06,25.068,248
2009-05-07,25.097,248
2009-05-08,24.98,248
2009-05-09,24.898,248
2009-05-10,25.07,248
2009-05-11,25.374,248
2009-05-12,25.777,248
2009-05-13,25.956,248
2009-05-14,25.804,248
2009-05-15,25.835,248
2009-05-16,26.153,248
2009-05-17,26.273,248
2009-05-18,25.992,248
2009-05-19,25.797,248
2009-05-20,25.564,248
2009-05-21,25.467,248
2009-05-22,25.477,248
2009-05-23,25.628,248
2009-05-24,25.693,248
2009-05-25,25.855,248
2009-05-26,25.297,248
2009-05-27,25.238,248
2009-05-28,25.652,248
2009-05-29,25.801,248
2009-05-30,26.025,248
2009-05-31,26.266,248
2009-06-01,26.271,248
2009-06-02,26.171,248
2009-06-03,25.975,248
2009-06-04,26.398,248
2009-06-05,26.471,248
2009-06-06,26.596,248
2009-06-07,26.899,248
2009-06-08,26.902,248
2009-06-09,26.928,248
2009-06-10,27.189,248
2009-06-11,27.375,248
2009-06-12,27.406,248
2009-06-13,27.884,248
2009-06-14,28.064,248
2009-06-15,28.209,248
2009-06-16,28.449,248
2009-06-17,28.613,248
2009-06-18,28.685,248
2009-06-19,28.84,248
2009-06-20,28.902,248
2009-06-21,29.059,248
2009-06-22,29.245,248
2009-06-23,29.474,248
2009-06-24,29.678,248
2009-06-25,29.723,248
2009-06-26,29.616,248
2009-06-27,29.752,248
2009-06-28,29.846,248
2009-06-29,30.151,248
2009-06-30,30.2,248
2009-07-01,30.215,248
2009-07-02,30.526,248
2009-07-03,30.555,248
2009-07-04,30.501,248
2009-07-05,30.391,248
2009-07-06,30.344,248
2009-07-07,30.052,248
2009-07-08,30.119,248
2009-07-09,30.064,248
2009-07-10,30.05,248
2009-07-11,30.065,248
2009-07-12,30.127,248
2009-07-13,30.255,248
2009-07-14,30.372,248
2009-07-15,30.437,248
2009-07-16,30.478,248
2009-07-17,30.42,248
2009-07-18,30.396,248
2009-07-19,30.019,248
2009-07-20,29.653,248
2009-07-21,29.228,248
2009-07-22,29.225,248
2009-07-23,29.496,248
2009-07-24,30.009,248
2009-07-25,30.109,248
2009-07-26,30.087,248
2009-07-27,29.702,248
2009-07-28,29.363,248
2009-07-29,29.252,248
2009-07-30,29.251,248
2009-07-31,29.318,248
2009-08-01,29.482,248
2009-08-02,29.706,248
2009-08-03,29.89,248
2009-08-04,29.926,248
2009-08-05,30.11,248
2009-08-06,30.492,248
2009-08-07,30.485,248
2009-08-08,30.458,248
2009-08-09,30.241,248
2009-08-10,30.302,248
2009-08-11,30.306,248
2009-08-12,30.383,248
2009-08-13,30.564,248
2009-08-14,30.317,248
2009-08-15,30.191,248
2009-08-16,30.254,248
2009-08-17,30.227,248
2009-08-18,30.243,248
2009-08-19,30.206,248
2009-08-20,30.305,248
2009-08-21,30.316,248
2009-08-22,30.323,248
2009-08-23,30.488,248
2009-08-24,30.328,248
2009-08-25,30.052,248
2009-08-26,30.01,248
2009-08-27,29.98,248
2009-08-28,29.883,248
2009-08-29,29.808,248
2009-08-30,29.689,248
2009-08-31,29.54,248
2009-09-01,29.352,248
2009-09-02,29.245,248
2009-09-03,29.237,248
2009-09-04,29.19,248
2009-09-05,29.399,248
2009-09-06,29.443,248
2009-09-07,29.553,248
2009-09-08,29.526,248
2009-09-09,29.53,248
2009-09-10,29.29,248
2009-09-11,29.021,248
2009-09-12,29.036,248
2009-09-13,28.935,248
2009-09-14,28.98,248
2009-09-15,29.008,248
2009-09-16,29.007,248
2009-09-17,29.004,248
2009-09-18,28.887,248
2009-09-19,29.168,248
2009-09-20,29.396,248
2009-09-21,29.265,248
2009-09-22,29.27,248
2009-09-23,29.147,248
2009-09-24,29.131,248
2009-09-25,29.158,248
2009-09-26,29.429,248
2009-09-27,29.378,248
2009-09-28,29.343,248
2009-09-29,29.244,248
2009-09-30,29.248,248
2009-10-01,29.219,248
2009-10-02,29.111,248
2009-10-03,28.987,248
2009-10-04,28.947,248
2009-10-05,28.896,248
2009-10-06,29.118,248
2009-10-07,29.255,248
2009-10-08,29.251,248
2009-10-09,29.129,248
2009-10-10,29.028,248
2009-10-11,28.449,248
2009-10-12,28.517,248
2009-10-13,29.018,248
2009-10-14,29.002,248
2009-10-15,29.032,248
2009-10-16,28.922,248
2009-10-17,28.873,248
2009-10-18,28.638,248
2009-10-19,27.572,248
2009-10-20,27.508,248
2009-10-21,27.421,248
2009-10-22,27.532,248
2009-10-23,27.561,248
2009-10-24,27.523,248
2009-10-25,27.423,248
2009-10-26,27.162,248
2009-10-27,26.878,248
2009-10-28,26.696,248
2009-10-29,26.524,248
2009-10-30,26.487,248
2009-10-31,26.219,248
2009-11-01,26.106,248
2009-11-02,26.031,248
2009-11-03,25.843,248
2009-11-04,25.732,248
2009-11-05,25.735,248
2009-11-06,25.661,248
2009-11-07,25.484,248
2009-11-08,25.426,248
2009-11-09,25.469,248
2009-11-10,25.232,248
2009-11-11,25.194,248
2009-11-12,25.107,248
2009-11-13,24.9,248
2009-11-14,24.783,248
2009-11-15,24.845,248
2009-11-16,24.627,248
2009-11-17,24.476,248
2009-11-18,24.289,248
2009-11-19,24.008,248
2009-11-20,23.88,248
2009-11-21,23.895,248
2009-11-22,23.972,248
2009-11-23,23.983,248
2009-11-24,23.996,248
2009-11-25,23.908,248
2009-11-26,23.768,248
2009-11-27,23.709,248
2009-11-28,23.721,248
2009-11-29,23.772,248
2009-11-30,23.756,248
2009-12-01,23.654,248
2009-12-02,23.478,248
2009-12-03,23.421,248
2009-12-04,23.144,248
2009-12-05,22.966,248
2009-12-06,22.833,248
2009-12-07,22.434,248
2009-12-08,22.296,248
2009-12-09,22.275,248
2009-12-10,22.301,248
2009-12-11,22.39,248
2009-12-12,22.406,248
2009-12-13,22.358,248
2009-12-14,22.832,248
2009-12-15,22.821,248
2009-12-16,22.788,248
2009-12-17,22.52,248
2009-12-18,22.5,248
2009-12-19,22.503,248
2009-12-20,22.442,248
2009-12-21,22.17,248
2009-12-22,22.152,248
2009-12-23,22.209,248
2009-12-24,22.013,248
2009-12-25,21.967,248
2009-12-26,21.59,248
2009-12-27,21.688,248
2009-12-28,21.732,248
2009-12-29,21.742,248
2009-12-30,21.75,248
2009-12-31,21.812,248
2010-01-01,21.776,248
2010-01-02,21.552,248
2010-01-03,21.334,248
2010-01-04,21.284,248
2010-01-05,21.059,248
2010-01-06,20.694,248
2010-01-07,20.709,248
2010-01-08,20.565,248
2010-01-09,20.124,248
2010-01-10,19.864,248
2010-01-11,19.753,248
2010-01-12,19.901,248
2010-01-13,20.032,248
2010-01-14,20.157,248
2010-01-15,20.289,248
2010-01-16,20.251,248
2010-01-17,20.189,248
2010-01-18,20.235,248
2010-01-19,20.38,248
2010-01-20,20.499,248
2010-01-21,20.575,248
2010-01-22,20.783,248
2010-01-23,20.82,248
2010-01-24,20.815,248
2010-01-25,20.403,248
2010-01-26,20.36,248
2010-01-27,20.344,248
2010-01-28,20.362,248
2010-01-29,20.331,248
2010-01-30,20.221,248
2010-01-31,20.112,248
2010-02-01,20.067,248
2010-02-02,19.996,248
2010-02-03,19.916,248
2010-02-04,19.832,248
2010-02-05,19.785,248
2010-02-06,19.734,248
2010-02-07,19.721,248
2010-02-08,19.666,248
2010-02-09,19.456,248
2010-02-10,19.453,248
2010-02-11,19.447,248
2010-02-12,19.432,248
2010-02-13,19.302,248
2010-02-14,19.211,248
2010-02-15,19.099,248
2010-02-16,19.063,248
2010-02-17,19.005,248
2010-02-18,19.001,248
2010-02-19,18.939,248
2010-02-20,19.11,248
2010-02-21,19.172,248
2010-02-22,19.232,248
2010-02-23,19.233,248
2010-02-24,18.817,248
2010-02-25,18.78,248
2010-02-26,18.934,248
2010-02-27,18.968,248
2010-02-28,18.872,248
2010-03-01,18.788,248
2010-03-02,18.538,248
2010-03-03,18.607,248
2010-03-04,18.708,248
2010-03-05,18.828,248
2010-03-06,18.861,248
2010-03-07,18.853,248
2010-03-08,19.261,248
2010-03-09,19.326,248
2010-03-10,19.347,248
2010-03-11,19.513,248
2010-03-12,19.463,248
2010-03-13,19.359,248
2010-03-14,19.156,248
2010-03-15,19.065,248
2010-03-16,19.243,248
2010-03-17,19.121,248
2010-03-18,19.075,248
2010-03-19,19.071,248
2010-03-20,18.706,248
2010-03-21,18.441,248
2010-03-22,18.29,248
2010-03-23,18.087,248
2010-03-24,18.233,248
2010-03-25,18.223,248
2010-03-26,18.223,248
2010-03-27,18.379,248
2010-03-28,18.265,248
2010-03-29,18.149,248
2010-03-30,18.156,248
2010-03-31,18.188,248
2010-04-01,18.281,248
2010-04-02,18.607,248
2010-04-03,18.802,248
2010-04-04,19.244,248
2010-04-05,19.528,248
2010-04-06,19.636,248
2010-04-07,19.667,248
2010-04-08,19.525,248
2010-04-09,19.429,248
2010-04-10,19.66,248
2010-04-11,19.788,248
2010-04-12,19.852,248
2010-04-13,20.054,248
2010-04-14,20.312,248
2010-04-15,20.606,248
2010-04-16,20.681,248
2010-04-17,20.741,248
2010-04-18,21.163,248
2010-04-19,21.407,248
2010-04-20,21.681,248
2010-04-21,21.679,248
2010-04-22,21.665,248
2010-04-23,21.84,248
2010-04-24,21.923,248
2010-04-25,22.075,248
2010-04-26,22.152,248
2010-04-27,22.157,248
2010-04-28,22.171,248
2010-04-29,22.138,248
2010-04-30,22.191,248
2010-05-01,22.702,248
2010-05-02,22.754,248
2010-05-03,22.862,248
2010-05-04,23.639,248
2010-05-05,23.881,248
2010-05-06,24.097,248
2010-05-07,24.483,248
2010-05-08,24.664,248
2010-05-09,24.625,248
2010-05-10,24.228,248
2010-05-11,24.205,248
2010-05-12,24.243,248
2010-05-13,24.44,248
2010-05-14,24.763,248
2010-05-15,24.893,248
2010-05-16,25.454,248
2010-05-17,26.327,248
2010-05-18,26.786,248
2010-05-19,25.917,248
2010-05-20,25.96,248
2010-05-21,26.014,248
2010-05-22,26.309,248
2010-05-23,26.49,248
2010-05-24,26.52,248
2010-05-25,26.538,248
2010-05-26,26.834,248
2010-05-27,27.112,248
2010-05-28,27.327,248
2010-05-29,27.754,248
2010-05-30,27.886,248
2010-05-31,27.923,248
2010-06-01,27.898,248
2010-06-02,28.036,248
2010-06-03,28.042,248
2010-06-04,28.026,248
2010-06-05,27.818,248
2010-06-06,27.788,248
2010-06-07,27.838,248
2010-06-08,28.183,248
2010-06-09,28.16,248
2010-06-10,28.126,248
2010-06-11,28.25,248
2010-06-12,28.4,248
2010-06-13,28.518,248
2010-06-14,28.984,248
2010-06-15,29.149,248
2010-06-16,29.155,248
2010-06-17,29.958,248
2010-06-18,29.993,248
2010-06-19,30.047,248
2010-06-20,30.503,248
2010-06-21,30.868,248
2010-06-22,31.012,248
2010-06-23,30.903,248
2010-06-24,30.579,248
2010-06-25,30.494,248
2010-06-26,30.216,248
2010-06-27,30.245,248
2010-06-28,30.278,248
2010-06-29,30.254,248
2010-06-30,29.796,248
2010-07-01,29.507,248
2010-07-02,29.033,248
2010-07-03,29.56,248
2010-07-04,29.537,248
2010-07-05,29.532,248
2010-07-06,29.492,248
2010-07-07,29.334,248
2010-07-08,29.298,248
2010-07-09,29.759,248
2010-07-10,30.093,248
2010-07-11,30.045,248
2010-07-12,29.359,248
2010-07-13,29.398,248
2010-07-14,29.477,248
2010-07-15,29.819,248
2010-07-16,30.033,248
2010-07-17,29.944,248
2010-07-18,29.782,248
2010-07-19,29.977,248
2010-07-20,30.023,248
2010-07-21,30.003,248
2010-07-22,29.741,248
2010-07-23,29.711,248
2010-07-24,29.664,248
2010-07-25,29.807,248
2010-07-26,29.851,248
2010-07-27,29.821,248
2010-07-28,29.808,248
2010-07-29,30.002,248
2010-07-30,30.161,248
2010-07-31,30.178,248
2010-08-01,30.407,248
2010-08-02,30.434,248
2010-08-03,30.519,248
2010-08-04,30.877,248
2010-08-05,31.101,248
2010-08-06,30.993,248
2010-08-07,31.263,248
2010-08-08,31.204,248
2010-08-09,31.161,248
2010-08-10,31.134,248
2010-08-11,31.102,248
2010-08-12,31.032,248
2010-08-13,30.782,248
2010-08-14,30.849,248
2010-08-15,30.897,248
2010-08-16,30.931,248
2010-08-17,30.727,248
2010-08-18,30.474,248
2010-08-19,30.58,248
2010-08-20,30.75,248
2010-08-21,30.836,248
2010-08-22,30.82,248
2010-08-23,30.647,248
2010-08-24,30.549,248
2010-08-25,30.506,248
2010-08-26,30.309,248
2010-08-27,30.297,248
2010-08-28,30.138,248
2010-08-29,30.128,248
2010-08-30,30.256,248
2010-08-31,30.244,248
2010-09-01,30.152,248
2010-09-02,30.021,248
2010-09-03,30.007,248
2010-09-04,29.925,248
2010-09-05,29.981,248
2010-09-06,29.885,248
2010-09-07,29.817,248
2010-09-08,29.469,248
2010-09-09,29.47,248
2010-09-10,29.672,248
2010-09-11,30.404,248
2010-09-12,30.468,248
2010-09-13,30.436,248
2010-09-14,30.08,248
2010-09-15,30.054,248
2010-09-16,30.036,248
2010-09-17,30.011,248
2010-09-18,29.905,248
2010-09-19,29.713,248
2010-09-20,29.211,248
2010-09-21,29.143,248
2010-09-22,29.072,248
2010-09-23,29.019,248
2010-09-24,29.043,248
2010-09-25,29.056,248
2010-09-26,29.091,248
2010-09-27,29.015,248
2010-09-28,28.935,248
2010-09-29,28.86,248
2010-09-30,28.713,248
2010-10-01,28.679,248
2010-10-02,28.661,248
2010-10-03,28.561,248
2010-10-04,28.162,248
2010-10-05,28.137,248
2010-10-06,28.094,248
2010-10-07,27.605,248
2010-10-08,27.496,248
2010-10-09,27.441,248
2010-10-10,27.454,248
2010-10-11,27.427,248
2010-10-12,27.432,248
2010-10-13,27.269,248
2010-10-14,27.269,248
2010-10-15,27.179,248
2010-10-16,26.915,248
2010-10-17,26.911,248
2010-10-18,26.881,248
2010-10-19,26.634,248
2010-10-20,26.611,248
2010-10-21,26.653,248
2010-10-22,26.741,248
2010-10-23,26.778,248
2010-10-24,26.713,248
2010-10-25,26.396,248
2010-10-26,26.582,248
2010-10-27,26.822,248
2010-10-28,26.954,248
2010-10-29,26.493,248
2010-10-30,26.414,248
2010-10-31,26.336,248
2010-11-01,26.155,248
2010-11-02,26.099,248
2010-11-03,25.902,248
2010-11-04,25.548,248
2010-11-05,25.315,248
2010-11-06,25.297,248
2010-11-07,25.228,248
2010-11-08,25.043,248
2010-11-09,25.011,248
2010-11-10,25.074,248
2010-11-11,25.052,248
2010-11-12,25.023,248
2010-11-13,25.013,248
2010-11-14,24.965,248
2010-11-15,24.564,248
2010-11-16,24.631,248
2010-11-17,24.643,248
2010-11-18,24.616,248
2010-11-19,24.439,248
2010-11-20,24.409,248
2010-11-21,24.364,248
2010-11-22,24.433,248
2010-11-23,24.402,248
2010-11-24,24.381,248
2010-11-25,24.274,248
2010-11-26,24.163,248
2010-11-27,23.767,248
2010-11-28,23.731,248
2010-11-29,23.799,248
2010-11-30,23.451,248
2010-12-01,23.412,248
2010-12-02,23.385,248
2010-12-03,22.995,248
2010-12-04,23.077,248
2010-12-05,22.845,248
2010-12-06,22.825,248
2010-12-07,22.82,248
2010-12-08,22.546,248
2010-12-09,22.265,248
2010-12-10,22.271,248
2010-12-11,21.929,248
2010-12-12,21.955,248
2010-12-13,21.796,248
2010-12-14,21.621,248
2010-12-15,21.546,248
2010-12-16,21.512,248
2010-12-17,21.598,248
2010-12-18,21.558,248
2010-12-19,21.419,248
2010-12-20,21.425,248
2010-12-21,21.548,248
2010-12-22,21.562,248
2010-12-23,21.417,248
2010-12-24,21.116,248
2010-12-25,21.11,248
2010-12-26,20.632,248
2010-12-27,20.838,248
2010-12-28,20.911,248
2010-12-29,20.954,248
2010-12-30,20.981,248
2010-12-31,20.914,248
2011-01-01,21.011,248
2011-01-02,20.961,248
2011-01-03,20.963,248
2011-01-04,20.959,248
2011-01-05,20.897,248
2011-01-06,20.843,248
2011-01-07,20.652,248
2011-01-08,20.491,248
2011-01-09,20.437,248
2011-01-10,20.49,248
2011-01-11,20.376,248
2011-01-12,20.334,248
2011-01-13,20.273,248
2011-01-14,20.266,248
2011-01-15,20.105,248
2011-01-16,20.006,248
2011-01-17,19.969,248
2011-01-18,19.697,248
2011-01-19,19.667,248
2011-01-20,19.67,248
2011-01-21,19.492,248
2011-01-22,19.617,248
2011-01-23,19.644,248
2011-01-24,19.685,248
2011-01-25,19.538,248
2011-01-26,19.472,248
2011-01-27,19.484,248
2011-01-28,19.447,248
2011-01-29,19.483,248
2011-01-30,19.579,248
2011-01-31,19.544,248
2011-02-01,19.547,248
2011-02-02,19.656,248
2011-02-03,19.603,248
2011-02-04,18.778,248
2011-02-05,18.868,248
2011-02-06,18.868,248
2011-02-07,18.9,248
2011-02-08,18.944,248
2011-02-09,18.976,248
2011-02-10,18.719,248
2011-02-11,18.902,248
2011-02-12,18.885,248
2011-02-13,18.904,248
2011-02-14,19.046,248
2011-02-15,19.166,248
2011-02-16,19.07,248
2011-02-17,19.464,248
2011-02-18,19.502,248
2011-02-19,19.615,248
2011-02-20,19.989,248
2011-02-21,19.948,248
2011-02-22,20.028,248
2011-02-23,20.213,248
2011-02-24,20.306,248
2011-02-25,20.451,248
2011-02-26,20.55,248
2011-02-27,20.562,248
2011-02-28,20.395,248
2011-03-01,20.344,248
2011-03-02,20.275,248
2011-03-03,20.556,248
2011-03-04,20.695,248
2011-03-05,20.801,248
2011-03-06,20.562,248
2011-03-07,20.217,248
2011-03-08,20.263,248
2011-03-09,20.334,248
2011-03-10,20.231,248
2011-03-11,20.051,248
2011-03-12,20.035,248
2011-03-13,20.023,248
2011-03-14,20.005,248
2011-03-15,20.278,248
2011-03-16,20.68,248
2011-03-17,20.754,248
2011-03-18,20.844,248
2011-03-19,21.189,248
2011-03-20,21.226,248
2011-03-21,21.308,248
2011-03-22,21.5,248
2011-03-23,21.499,248
2011-03-24,21.651,248
2011-03-25,22.108,248
2011-03-26,22.09,248
2011-03-27,22.069,248
2011-03-28,22.072,248
2011-03-29,21.992,248
2011-03-30,22.108,248
2011-03-31,22.412,248
2011-04-01,22.637,248
2011-04-02,22.727,248
2011-04-03,22.649,248
2011-04-04,22.42,248
2011-04-05,22.042,248
2011-04-06,21.718,248
2011-04-07,22.014,248
2011-04-08,22.175,248
2011-04-09,22.309,248
2011-04-10,22.587,248
2011-04-11,22.508,248
2011-04-12,22.535,248
2011-04-13,22.584,248
2011-04-14,22.524,248
2011-04-15,22.511,248
2011-04-16,22.492,248
2011-04-17,22.488,248
2011-04-18,22.801,248
2011-04-19,22.963,248
2011-04-20,23.121,248
2011-04-21,23.495,248
2011-04-22,23.506,248
2011-04-23,23.554,248
2011-04-24,23.804,248
2011-04-25,23.907,248
2011-04-26,24.045,248
2011-04-27,24.127,248
2011-04-28,24.166,248
2011-04-29,24.086,248
2011-04-30,24.01,248
2011-05-01,24.08,248
2011-05-02,24.329,248
2011-05-03,24.331,248
2011-05-04,23.92,248
2011-05-05,23.84,248
2011-05-06,23.85,248
2011-05-07,24.319,248
2011-05-08,24.407,248
2011-05-09,24.465,248
2011-05-10,24.591,248
2011-05-11,24.638,248
2011-05-12,24.743,248
2011-05-13,24.99,248
2011-05-14,25.062,248
2011-05-15,24.598,248
2011-05-16,24.481,248
2011-05-17,24.468,248
2011-05-18,24.333,248
2011-05-19,24.407,248
2011-05-20,24.571,248
2011-05-21,24.979,248
2011-05-22,25.2,248
2011-05-23,25.486,248
2011-05-24,25.745,248
2011-05-25,25.762,248
2011-05-26,25.966,248
2011-05-27,26.365,248
2011-05-28,26.444,248
2011-05-29,26.402,248
2011-05-30,26.356,248
2011-05-31,26.422,248
2011-06-01,26.619,248
2011-06-02,26.928,248
2011-06-03,27.351,248
2011-06-04,27.437,248
2011-06-05,27.416,248
2011-06-06,27.823,248
2011-06-07,28.058,248
2011-06-08,28.065,248
2011-06-09,28.09,248
2011-06-10,28.073,248
2011-06-11,28.32,248
2011-06-12,28.503,248
2011-06-13,28.474,248
2011-06-14,28.532,248
2011-06-15,28.688,248
2011-06-16,28.718,248
2011-06-17,28.852,248
2011-06-18,28.905,248
2011-06-19,28.951,248
2011-06-20,28.916,248
2011-06-21,28.9,248
2011-06-22,28.817,248
2011-06-23,28.534,248
2011-06-24,28.626,248
2011-06-25,28.855,248
2011-06-26,28.878,248
2011-06-27,28.853,248
2011-06-28,28.938,248
2011-06-29,28.93,248
2011-06-30,28.927,248
2011-07-01,28.883,248
2011-07-02,28.964,248
2011-07-03,29.749,248
2011-07-04,29.98,248
2011-07-05,29.975,248
2011-07-06,30.635,248
2011-07-07,30.707,248
2011-07-08,30.611,248
2011-07-09,30.055,248
2011-07-10,30.028,248
2011-07-11,29.99,248
2011-07-12,29.884,248
2011-07-13,29.802,248
2011-07-14,29.692,248
2011-07-15,29.778,248
2011-07-16,29.79,248
2011-07-17,29.696,248
2011-07-18,29.715,248
2011-07-19,29.582,248
2011-07-20,29.719,248
2011-07-21,29.791,248
2011-07-22,29.794,248
2011-07-23,29.818,248
2011-07-24,29.8,248
2011-07-25,29.611,248
2011-07-26,29.635,248
2011-07-27,29.597,248
2011-07-28,29.806,248
2011-07-29,29.743,248
2011-07-30,29.695,248
2011-07-31,29.74,248
2011-08-01,29.735,248
2011-08-02,29.753,248
2011-08-03,29.819,248
2011-08-04,29.849,248
2011-08-05,30.768,248
2011-08-06,30.877,248
2011-08-07,30.664,248
2011-08-08,30.407,248
2011-08-09,30.468,248
2011-08-10,30.377,248
2011-08-11,30.363,248
2011-08-12,30.452,248
2011-08-13,30.569,248
2011-08-14,30.617,248
2011-08-15,30.748,248
2011-08-16,30.601,248
2011-08-17,30.645,248
2011-08-18,30.527,248
2011-08-19,30.29,248
2011-08-20,30.239,248
2011-08-21,30.362,248
2011-08-22,30.427,248
2011-08-23,30.47,248
2011-08-24,30.382,248
2011-08-25,30.494,248
2011-08-26,30.484,248
2011-08-27,30.461,248
2011-08-28,30.573,248
2011-08-29,30.62,248
2011-08-30,30.658,248
2011-08-31,30.589,248
2011-09-01,30.539,248
2011-09-02,30.491,248
2011-09-03,30.206,248
2011-09-04,29.599,248
2011-09-05,29.168,248
2011-09-06,29.164,248
2011-09-07,28.825,248
2011-09-08,28.836,248
2011-09-09,28.835,248
2011-09-10,28.935,248
2011-09-11,29.109,248
2011-09-12,29.449,248
2011-09-13,29.47,248
2011-09-14,29.353,248
2011-09-15,29.081,248
2011-09-16,29.099,248
2011-09-17,29.022,248
2011-09-18,28.85,248
2011-09-19,29.065,248
2011-09-20,29.071,248
2011-09-21,29.046,248
2011-09-22,28.993,248
2011-09-23,29.331,248
2011-09-24,29.456,248
2011-09-25,29.392,248
2011-09-26,28.872,248
2011-09-27,28.964,248
2011-09-28,28.982,248
2011-09-29,29.075,248
2011-09-30,28.992,248
2011-10-01,28.509,248
2011-10-02,28.375,248
2011-10-03,28.316,248
2011-10-04,28.081,248
2011-10-05,28.064,248
2011-10-06,28.028,248
2011-10-07,27.955,248
2011-10-08,27.893,248
2011-10-09,27.856,248
2011-10-10,27.749,248
2011-10-11,27.743,248
2011-10-12,27.821,248
2011-10-13,28.02,248
2011-10-14,27.958,248
2011-10-15,27.829,248
2011-10-16,27.597,248
2011-10-17,27.456,248
2011-10-18,27.301,248
2011-10-19,27.023,248
2011-10-20,26.888,248
2011-10-21,26.883,248
2011-10-22,26.865,248
2011-10-23,26.752,248
2011-10-24,26.734,248
2011-10-25,26.672,248
2011-10-26,26.602,248
2011-10-27,26.557,248
2011-10-28,26.362,248
2011-10-29,26.155,248
2011-10-30,25.991,248
2011-10-31,25.979,248
2011-11-01,25.986,248
2011-11-02,25.988,248
2011-11-03,25.622,248
2011-11-04,25.508,248
2011-11-05,25.497,248
2011-11-06,25.435,248
2011-11-07,25.43,248
2011-11-08,25.407,248
2011-11-09,25.247,248
2011-11-10,24.97,248
2011-11-11,24.802,248
2011-11-12,24.817,248
2011-11-13,24.854,248
2011-11-14,24.912,248
2011-11-15,25.005,248
2011-11-16,25.03,248
2011-11-17,24.807,248
2011-11-18,24.805,248
2011-11-19,24.802,248
2011-11-20,24.839,248
2011-11-21,24.768,248
2011-11-22,24.686,248
2011-11-23,24.541,248
2011-11-24,24.408,248
2011-11-25,24.542,248
2011-11-26,24.512,248
2011-11-27,24.399,248
2011-11-28,23.972,248
2011-11-29,23.963,248
2011-11-30,23.93,248
2011-12-01,23.82,248
2011-12-02,23.773,248
2011-12-03,23.539,248
2011-12-04,23.696,248
2011-12-05,23.678,248
2011-12-06,23.648,248
2011-12-07,22.955,248
2011-12-08,22.774,248
2011-12-09,22.8,248
2011-12-10,22.558,248
2011-12-11,22.567,248
2011-12-12,22.603,248
2011-12-13,22.643,248
2011-12-14,22.77,248
2011-12-15,22.879,248
2011-12-16,22.93,248
2011-12-17,22.75,248
2011-12-18,22.729,248
2011-12-19,22.728,248
2011-12-20,22.716,248
2011-12-21,22.649,248
2011-12-22,22.513,248
2011-12-23,22.606,248
2011-12-24,22.347,248
2011-12-25,22.228,248
2011-12-26,22.261,248
2011-12-27,22.177,248
2011-12-28,22.114,248
2011-12-29,21.929,248
2011-12-30,21.942,248
2011-12-31,22.06,248
2012-01-01,22.092,248
2012-01-02,21.811,248
2012-01-03,21.817,248
2012-01-04,21.829,248
2012-01-05,21.847,248
2012-01-06,21.867,248
2012-01-07,21.808,248
2012-01-08,21.823,248
2012-01-09,21.851,248
2012-01-10,21.669,248
2012-01-11,21.615,248
2012-01-12,21.54,248
2012-01-13,21.21,248
2012-01-14,20.998,248
2012-01-15,21.055,248
2012-01-16,21.188,248
2012-01-17,21.193,248
2012-01-18,21.14,248
2012-01-19,21.242,248
2012-01-20,21.296,248
2012-01-21,21.351,248
2012-01-22,21.569,248
2012-01-23,21.663,248
2012-01-24,21.775,248
2012-01-25,21.815,248
2012-01-26,21.442,248
2012-01-27,21.214,248
2012-01-28,21.22,248
2012-01-29,21.137,248
2012-01-30,21.119,248
2012-01-31,21.206,248
2012-02-01,21.303,248
2012-02-02,21.536,248
2012-02-03,21.729,248
2012-02-04,21.871,248
2012-02-05,21.796,248
2012-02-06,21.381,248
2012-02-07,21.295,248
2012-02-08,21.26,248
2012-02-09,21.158,248
2012-02-10,20.829,248
2012-02-11,20.826,248
2012-02-12,20.786,248
2012-02-13,20.786,248
2012-02-14,20.665,248
2012-02-15,20.609,248
2012-02-16,20.655,248
2012-02-17,20.855,248
2012-02-18,20.987,248
2012-02-19,20.991,248
2012-02-20,21.004,248
2012-02-21,21.047,248
2012-02-22,20.898,248
2012-02-23,20.911,248
2012-02-24,20.846,248
2012-02-25,20.663,248
2012-02-26,20.546,248
2012-02-27,20.971,248
2012-02-28,21.217,248
2012-02-29,21.374,248
2012-03-01,21.423,248
2012-03-02,21.517,248
2012-03-03,21.432,248
2012-03-04,21.229,248
2012-03-05,21.053,248
2012-03-06,21.074,248
2012-03-07,21.069,248
2012-03-08,21.358,248
2012-03-09,21.384,248
2012-03-10,21.393,248
2012-03-11,21.469,248
2012-03-12,21.786,248
2012-03-13,22.382,248
2012-03-14,22.48,248
2012-03-15,22.555,248
2012-03-16,22.787,248
2012-03-17,22.762,248
2012-03-18,22.713,248
2012-03-19,22.686,248
2012-03-20,22.648,248
2012-03-21,22.585,248
2012-03-22,22.337,248
2012-03-23,22.357,248
2012-03-24,22.649,248
2012-03-25,22.94,248
2012-03-26,23.042,248
2012-03-27,23.074,248
2012-03-28,23.081,248
2012-03-29,23.132,248
2012-03-30,23.177,248
2012-03-31,23.27,248
2012-04-01,23.303,248
2012-04-02,23.275,248
2012-04-03,23.21,248
2012-04-04,23.442,248
2012-04-05,23.577,248
2012-04-06,23.734,248
2012-04-07,23.917,248
2012-04-08,23.889,248
2012-04-09,23.954,248
2012-04-10,23.985,248
2012-04-11,24.164,248
2012-04-12,23.924,248
2012-04-13,23.997,248
2012-04-14,23.796,248
2012-04-15,23.657,248
2012-04-16,23.606,248
2012-04-17,23.877,248
2012-04-18,24.421,248
2012-04-19,24.45,248
2012-04-20,24.233,248
2012-04-21,23.814,248
2012-04-22,23.785,248
2012-04-23,23.69,248
2012-04-24,23.63,248
2012-04-25,23.518,248
2012-04-26,23.266,248
2012-04-27,23.432,248
2012-04-28,23.704,248
2012-04-29,23.797,248
2012-04-30,23.821,248
2012-05-01,24.223,248
2012-05-02,24.855,248
2012-05-03,25.143,248
2012-05-04,25.296,248
2012-05-05,25.447,248
2012-05-06,25.671,248
2012-05-07,25.91,248
2012-05-08,26.422,248
2012-05-09,26.399,248
2012-05-10,26.161,248
2012-05-11,25.874,248
2012-05-12,25.312,248
2012-05-13,25.282,248
2012-05-14,25.301,248
2012-05-15,25.357,248
2012-05-16,25.45,248
2012-05-17,25.732,248
2012-05-18,25.867,248
2012-05-19,25.826,248
2012-05-20,25.871,248
2012-05-21,25.926,248
2012-05-22,26.137,248
2012-05-23,26.1,248
2012-05-24,26.172,248
2012-05-25,25.804,248
2012-05-26,25.862,248
2012-05-27,26.115,248
2012-05-28,26.43,248
2012-05-29,26.724,248
2012-05-30,26.798,248
2012-05-31,27.027,248
2012-06-01,27.353,248
2012-06-02,27.186,248
2012-06-03,27.359,248
2012-06-04,27.483,248
2012-06-05,27.677,248
2012-06-06,28.058,248
2012-06-07,28.136,248
2012-06-08,28.031,248
2012-06-09,28.075,248
2012-06-10,27.819,248
2012-06-11,27.78,248
2012-06-12,27.794,248
2012-06-13,28.06,248
2012-06-14,28.544,248
2012-06-15,28.77,248
2012-06-16,28.75,248
2012-06-17,28.596,248
2012-06-18,28.444,248
2012-06-19,28.221,248
2012-06-20,28.153,248
2012-06-21,28.137,248
2012-06-22,28.121,248
2012-06-23,28.182,248
2012-06-24,28.281,248
2012-06-25,28.491,248
2012-06-26,28.737,248
2012-06-27,28.955,248
2012-06-28,29.082,248
2012-06-29,28.987,248
2012-06-30,28.696,248
2012-07-01,28.389,248
2012-07-02,28.506,248
2012-07-03,28.565,248
2012-07-04,29.053,248
2012-07-05,29.286,248
2012-07-06,29.241,248
2012-07-07,29.264,248
2012-07-08,29.272,248
2012-07-09,29.245,248
2012-07-10,29.062,248
2012-07-11,29.043,248
2012-07-12,28.903,248
2012-07-13,28.907,248
2012-07-14,28.919,248
2012-07-15,29.189,248
2012-07-16,29.664,248
2012-07-17,29.591,248
2012-07-18,29.491,248
2012-07-19,29.154,248
2012-07-20,29.175,248
2012-07-21,28.935,248
2012-07-22,28.771,248
2012-07-23,28.812,248
2012-07-24,29.063,248
2012-07-25,29.158,248
2012-07-26,29.268,248
2012-07-27,29.08,248
2012-07-28,29.116,248
2012-07-29,29.259,248
2012-07-30,29.524,248
2012-07-31,29.683,248
2012-08-01,29.888,248
2012-08-02,30.234,248
2012-08-03,30.258,248
2012-08-04,30.042,248
2012-08-05,29.934,248
2012-08-06,29.835,248
2012-08-07,29.973,248
2012-08-08,30.359,248
2012-08-09,30.429,248
2012-08-10,30.639,248
2012-08-11,30.798,248
2012-08-12,30.69,248
2012-08-13,30.595,248
2012-08-14,30.603,248
2012-08-15,30.615,248
2012-08-16,30.578,248
2012-08-17,30.593,248
2012-08-18,30.522,248
2012-08-19,30.33,248
2012-08-20,29.954,248
2012-08-21,30.028,248
2012-08-22,29.847,248
2012-08-23,29.547,248
2012-08-24,29.556,248
2012-08-25,29.322,248
2012-08-26,29.419,248
2012-08-27,29.542,248
2012-08-28,29.573,248
2012-08-29,28.887,248
2012-08-30,29.036,248
2012-08-31,29.362,248
2012-09-01,29.388,248
2012-09-02,29.701,248
2012-09-03,29.939,248
2012-09-04,29.63,248
2012-09-05,29.493,248
2012-09-06,29.545,248
2012-09-07,29.642,248
2012-09-08,29.613,248
2012-09-09,29.551,248
2012-09-10,29.516,248
2012-09-11,29.641,248
2012-09-12,29.647,248
2012-09-13,29.549,248
2012-09-14,29.232,248
2012-09-15,29.253,248
2012-09-16,29.107,248
2012-09-17,28.953,248
2012-09-18,29.009,248
2012-09-19,29.013,248
2012-09-20,28.944,248
2012-09-21,29.014,248
2012-09-22,29.07,248
2012-09-23,29,248
2012-09-24,28.834,248
2012-09-25,28.822,248
2012-09-26,28.912,248
2012-09-27,28.943,248
2012-09-28,28.78,248
2012-09-29,28.725,248
2012-09-30,28.261,248
2012-10-01,28.158,248
2012-10-02,28.414,248
2012-10-03,28.391,248
2012-10-04,28.445,248
2012-10-05,28.479,248
2012-10-06,28.447,248
2012-10-07,28.274,248
2012-10-08,28.006,248
2012-10-09,27.843,248
2012-10-10,27.782,248
2012-10-11,27.956,248
2012-10-12,28.016,248
2012-10-13,27.917,248
2012-10-14,27.863,248
2012-10-15,27.821,248
2012-10-16,28.011,248
2012-10-17,27.698,248
2012-10-18,27.575,248
2012-10-19,27.617,248
2012-10-20,27.765,248
2012-10-21,27.799,248
2012-10-22,27.707,248
2012-10-23,27.512,248
2012-10-24,27.376,248
2012-10-25,27.481,248
2012-10-26,27.427,248
2012-10-27,27.233,248
2012-10-28,26.874,248
2012-10-29,26.737,248
2012-10-30,26.734,248
2012-10-31,26.616,248
2012-11-01,26.595,248
2012-11-02,26.587,248
2012-11-03,26.563,248
2012-11-04,26.57,248
2012-11-05,26.739,248
2012-11-06,26.672,248
2012-11-07,26.558,248
2012-11-08,26.473,248
2012-11-09,26.379,248
2012-11-10,26.113,248
2012-11-11,25.751,248
2012-11-12,25.657,248
2012-11-13,25.835,248
2012-11-14,25.809,248
2012-11-15,25.758,248
2012-11-16,25.505,248
2012-11-17,25.413,248
2012-11-18,25.34,248
2012-11-19,25.356,248
2012-11-20,25.334,248
2012-11-21,25.349,248
2012-11-22,25.588,248
2012-11-23,25.615,248
2012-11-24,25.369,248
2012-11-25,25.106,248
2012-11-26,24.979,248
2012-11-27,24.87,248
2012-11-28,24.861,248
2012-11-29,24.878,248
2012-11-30,24.822,248
2012-12-01,24.805,248
2012-12-02,24.712,248
2012-12-03,24.609,248
2012-12-04,24.613,248
2012-12-05,24.725,248
2012-12-06,24.647,248
2012-12-07,24.772,248
2012-12-08,24.812,248
2012-12-09,24.78,248
2012-12-10,24.748,248
2012-12-11,24.298,248
2012-12-12,24.201,248
2012-12-13,24.258,248
2012-12-14,24.18,248
2012-12-15,23.993,248
2012-12-16,24.164,248
2012-12-17,24.309,248
2012-12-18,24.296,248
2012-12-19,24.189,248
2012-12-20,23.968,248
2012-12-21,23.924,248
2012-12-22,23.838,248
2012-12-23,23.666,248
2012-12-24,23.382,248
2012-12-25,23.495,248
2012-12-26,23.487,248
2012-12-27,23.467,248
2012-12-28,23.271,248
2012-12-29,23.052,248
2012-12-30,23.167,248
2012-12-31,23.266,248
2013-01-01,23.338,248
2013-01-02,23.104,248
2013-01-03,23.041,248
2013-01-04,22.778,248
2013-01-05,22.532,248
2013-01-06,22.471,248
2013-01-07,22.381,248
2013-01-08,22.388,248
2013-01-09,22.329,248
2013-01-10,22.319,248
2013-01-11,22.364,248
2013-01-12,22.216,248
2013-01-13,22.323,248
2013-01-14,22.466,248
2013-01-15,22.919,248
2013-01-16,21.857,248
2013-01-17,21.866,248
2013-01-18,21.873,248
2013-01-19,21.812,248
2013-01-20,21.949,248
2013-01-21,22.039,248
2013-01-22,22.035,248
2013-01-23,22.045,248
2013-01-24,22.093,248
2013-01-25,22.112,248
2013-01-26,22.014,248
2013-01-27,22.073,248
2013-01-28,22.039,248
2013-01-29,22.096,248
2013-01-30,22.015,248
2013-01-31,21.896,248
2013-02-01,21.802,248
2013-02-02,21.695,248
2013-02-03,21.717,248
2013-02-04,21.742,248
2013-02-05,21.857,248
2013-02-06,21.765,248
2013-02-07,21.665,248
2013-02-08,21.771,248
2013-02-09,21.887,248
2013-02-10,21.794,248
2013-02-11,21.879,248
2013-02-12,22.056,248
2013-02-13,22.065,248
2013-02-14,21.803,248
2013-02-15,21.667,248
2013-02-16,21.557,248
2013-02-17,21.502,248
2013-02-18,21.384,248
2013-02-19,21.203,248
2013-02-20,21.269,248
2013-02-21,21.35,248
2013-02-22,21.781,248
2013-02-23,21.659,248
2013-02-24,21.272,248
2013-02-25,21.146,248
2013-02-26,21.152,248
2013-02-27,21.12,248
2013-02-28,21.046,248
2013-03-01,20.984,248
2013-03-02,20.613,248
2013-03-03,20.681,248
2013-03-04,20.752,248
2013-03-05,20.596,248
2013-03-06,20.489,248
2013-03-07,20.688,248
2013-03-08,20.936,248
2013-03-09,20.62,248
2013-03-10,20.332,248
2013-03-11,20.582,248
2013-03-12,20.579,248
2013-03-13,20.546,248
2013-03-14,20.683,248
2013-03-15,20.669,248
2013-03-16,20.655,248
2013-03-17,20.706,248
2013-03-18,20.922,248
2013-03-19,21.047,248
2013-03-20,21.25,248
2013-03-21,21.259,248
2013-03-22,21.295,248
2013-03-23,21.275,248
2013-03-24,20.816,248
2013-03-25,20.704,248
2013-03-26,20.682,248
2013-03-27,20.73,248
2013-03-28,20.786,248
2013-03-29,20.859,248
2013-03-30,20.983,248
2013-03-31,21.115,248
2013-04-01,21.203,248
2013-04-02,21.466,248
2013-04-03,21.46,248
2013-04-04,21.514,248
2013-04-05,21.34,248
2013-04-06,21.3,248
2013-04-07,21.3,248
2013-04-08,21.26,248
2013-04-09,21.101,248
2013-04-10,21.102,248
2013-04-11,21.433,248
2013-04-12,21.438,248
2013-04-13,21.443,248
2013-04-14,21.905,248
2013-04-15,22.313,248
2013-04-16,22.322,248
2013-04-17,22.253,248
2013-04-18,22.241,248
2013-04-19,21.914,248
2013-04-20,21.706,248
2013-04-21,21.795,248
2013-04-22,21.86,248
2013-04-23,21.827,248
2013-04-24,21.901,248
2013-04-25,21.859,248
2013-04-26,22.442,248
2013-04-27,22.55,248
2013-04-28,22.719,248
2013-04-29,23.296,248
2013-04-30,23.558,248
2013-05-01,23.64,248
2013-05-02,23.675,248
2013-05-03,22.866,248
2013-05-04,22.226,248
2013-05-05,22.06,248
2013-05-06,22.018,248
2013-05-07,22.293,248
2013-05-08,22.825,248
2013-05-09,22.753,248
2013-05-10,22.635,248
2013-05-11,22.495,248
2013-05-12,22.664,248
2013-05-13,22.788,248
2013-05-14,23.073,248
2013-05-15,23.209,248
2013-05-16,23.394,248
2013-05-17,23.564,248
2013-05-18,23.758,248
2013-05-19,23.991,248
2013-05-20,24.183,248
2013-05-21,24.396,248
2013-05-22,24.574,248
2013-05-23,24.74,248
2013-05-24,26.146,248
2013-05-25,26.117,248
2013-05-26,26.066,248
2013-05-27,25.86,248
2013-05-28,25.898,248
2013-05-29,25.936,248
2013-05-30,26.135,248
2013-05-31,26.441,248
2013-06-01,26.685,248
2013-06-02,26.845,248
2013-06-03,27.188,248
2013-06-04,27.38,248
2013-06-05,27.554,248
2013-06-06,27.445,248
2013-06-07,27.457,248
2013-06-08,27.787,248
2013-06-09,27.637,248
2013-06-10,27.899,248
2013-06-11,28.2,248
2013-06-12,28.6,248
2013-06-13,28.709,248
2013-06-14,28.725,248
2013-06-15,28.809,248
2013-06-16,28.787,248
2013-06-17,28.785,248
2013-06-18,28.857,248
2013-06-19,28.937,248
2013-06-20,29.087,248
2013-06-21,29.124,248
2013-06-22,29.13,248
2013-06-23,29.242,248
2013-06-24,29.18,248
2013-06-25,29.056,248
2013-06-26,29.143,248
2013-06-27,29.509,248
2013-06-28,29.587,248
2013-06-29,29.601,248
2013-06-30,29.606,248
2013-07-01,29.58,248
2013-07-02,29.53,248
2013-07-03,29.595,248
2013-07-04,29.652,248
2013-07-05,29.516,248
2013-07-06,29.177,248
2013-07-07,28.834,248
2013-07-08,28.931,248
2013-07-09,28.9,248
2013-07-10,28.834,248
2013-07-11,28.896,248
2013-07-12,29.482,248
2013-07-13,29.618,248
2013-07-14,29.659,248
2013-07-15,29.14,248
2013-07-16,29.209,248
2013-07-17,28.916,248
2013-07-18,28.899,248
2013-07-19,28.983,248
2013-07-20,28.909,248
2013-07-21,28.73,248
2013-07-22,28.832,248
2013-07-23,28.906,248
2013-07-24,29.085,248
2013-07-25,29.098,248
2013-07-26,29.069,248
2013-07-27,28.951,248
2013-07-28,29.135,248
2013-07-29,29.404,248
2013-07-30,29.401,248
2013-07-31,29.637,248
2013-08-01,29.664,248
2013-08-02,29.709,248
2013-08-03,29.656,248
2013-08-04,30.154,248
2013-08-05,30.14,248
2013-08-06,30.09,248
2013-08-07,29.779,248
2013-08-08,29.807,248
2013-08-09,29.837,248
2013-08-10,29.845,248
2013-08-11,29.998,248
2013-08-12,30.095,248
2013-08-13,30.33,248
2013-08-14,30.403,248
2013-08-15,30.365,248
2013-08-16,29.838,248
2013-08-17,29.694,248
2013-08-18,29.61,248
2013-08-19,29.494,248
2013-08-20,29.534,248
2013-08-21,29.498,248
2013-08-22,29.726,248
2013-08-23,29.783,248
2013-08-24,29.711,248
2013-08-25,29.299,248
2013-08-26,29.311,248
2013-08-27,29.506,248
2013-08-28,29.481,248
2013-08-29,29.532,248
2013-08-30,29.642,248
2013-08-31,29.916,248
2013-09-01,29.682,248
2013-09-02,29.768,248
2013-09-03,29.944,248
2013-09-04,29.984,248
2013-09-05,29.944,248
2013-09-06,29.684,248
2013-09-07,29.554,248
2013-09-08,29.448,248
2013-09-09,29.292,248
2013-09-10,29.201,248
2013-09-11,29.139,248
2013-09-12,29.1,248
2013-09-13,29.216,248
2013-09-14,29.23,248
2013-09-15,29.199,248
2013-09-16,29.082,248
2013-09-17,28.994,248
2013-09-18,28.995,248
2013-09-19,28.926,248
2013-09-20,28.794,248
2013-09-21,28.808,248
2013-09-22,28.549,248
2013-09-23,28.569,248
2013-09-24,28.665,248
2013-09-25,28.7,248
2013-09-26,28.654,248
2013-09-27,28.566,248
2013-09-28,28.704,248
2013-09-29,28.707,248
2013-09-30,28.699,248
2013-10-01,28.531,248
2013-10-02,28.47,248
2013-10-03,28.616,248
2013-10-04,28.6,248
2013-10-05,28.467,248
2013-10-06,28.386,248
2013-10-07,28.285,248
2013-10-08,28.187,248
2013-10-09,28.137,248
2013-10-10,28.031,248
2013-10-11,27.983,248
2013-10-12,27.87,248
2013-10-13,27.805,248
2013-10-14,27.846,248
2013-10-15,27.902,248
2013-10-16,27.883,248
2013-10-17,27.927,248
2013-10-18,27.621,248
2013-10-19,27.416,248
2013-10-20,27.364,248
2013-10-21,27.328,248
2013-10-22,27.174,248
2013-10-23,27.107,248
2013-10-24,27.09,248
2013-10-25,26.998,248
2013-10-26,26.777,248
2013-10-27,26.752,248
2013-10-28,26.719,248
2013-10-29,26.636,248
2013-10-30,26.476,248
2013-10-31,26.515,248
2013-11-01,26.548,248
2013-11-02,26.371,248
2013-11-03,26.233,248
2013-11-04,26.224,248
2013-11-05,26.041,248
2013-11-06,26.004,248
2013-11-07,25.932,248
2013-11-08,25.928,248
2013-11-09,25.701,248
2013-11-10,25.372,248
2013-11-11,25.249,248
2013-11-12,25.184,248
2013-11-13,24.662,248
2013-11-14,24.545,248
2013-11-15,24.608,248
2013-11-16,24.811,248
2013-11-17,24.885,248
2013-11-18,24.949,248
2013-11-19,24.62,248
2013-11-20,24.441,248
2013-11-21,24.464,248
2013-11-22,24.475,248
2013-11-23,24.364,248
2013-11-24,24.341,248
2013-11-25,24.325,248
2013-11-26,23.536,248
2013-11-27,23.297,248
2013-11-28,23.318,248
2013-11-29,23.186,248
2013-11-30,23.134,248
2013-12-01,23.18,248
2013-12-02,23.186,248
2013-12-03,23.183,248
2013-12-04,23.31,248
2013-12-05,23.184,248
2013-12-06,23.157,248
2013-12-07,23.159,248
2013-12-08,22.809,248
2013-12-09,22.733,248
2013-12-10,22.718,248
2013-12-11,22.856,248
2013-12-12,22.808,248
2013-12-13,22.827,248
2013-12-14,22.669,248
2013-12-15,22.219,248
2013-12-16,22.172,248
2013-12-17,22.121,248
2013-12-18,22.179,248
2013-12-19,22.26,248
2013-12-20,22.352,248
2013-12-21,22.181,248
2013-12-22,22.504,248
2013-12-23,22.461,248
2013-12-24,22.25,248
2013-12-25,22.257,248
2013-12-26,22.375,248
2013-12-27,22.476,248
2013-12-28,21.796,248
2013-12-29,21.886,248
2013-12-30,21.905,248
2013-12-31,21.684,248
2014-01-01,21.696,248
2014-01-02,21.89,248
2014-01-03,21.703,248
2014-01-04,21.466,248
2014-01-05,21.264,248
2014-01-06,20.965,248
2014-01-07,20.923,248
2014-01-08,21.051,248
2014-01-09,20.918,248
2014-01-10,20.853,248
2014-01-11,20.915,248
2014-01-12,20.991,248
2014-01-13,20.868,248
2014-01-14,20.86,248
2014-01-15,20.879,248
2014-01-16,20.851,248
2014-01-17,20.827,248
2014-01-18,20.834,248
2014-01-19,20.8,248
2014-01-20,20.688,248
2014-01-21,20.61,248
2014-01-22,20.626,248
2014-01-23,20.613,248
2014-01-24,20.415,248
2014-01-25,20.489,248
2014-01-26,20.41,248
2014-01-27,20.388,248
2014-01-28,20.426,248
2014-01-29,20.005,248
2014-01-30,19.914,248
2014-01-31,19.906,248
2014-02-01,20.024,248
2014-02-02,20.09,248
2014-02-03,20.233,248
2014-02-04,20.051,248
2014-02-05,20.166,248
2014-02-06,20.132,248
2014-02-07,19.642,248
2014-02-08,20.118,248
2014-02-09,20.116,248
2014-02-10,20.045,248
2014-02-11,20.002,248
2014-02-12,19.69,248
2014-02-13,19.624,248
2014-02-14,19.52,248
2014-02-15,19.623,248
2014-02-16,19.616,248
2014-02-17,19.794,248
2014-02-18,20.14,248
2014-02-19,20.275,248
2014-02-20,20.285,248
2014-02-21,20.146,248
2014-02-22,20.207,248
2014-02-23,20.582,248
2014-02-24,20.585,248
2014-02-25,20.492,248
2014-02-26,20.141,248
2014-02-27,19.64,248
2014-02-28,19.886,248
2014-03-01,20.256,248
2014-03-02,20.381,248
2014-03-03,20.381,248
2014-03-04,20.137,248
2014-03-05,19.676,248
2014-03-06,19.557,248
2014-03-07,19.728,248
2014-03-08,19.822,248
2014-03-09,20.054,248
2014-03-10,20.14,248
2014-03-11,20.169,248
2014-03-12,20.033,248
2014-03-13,19.982,248
2014-03-14,20.042,248
2014-03-15,20.127,248
2014-03-16,20.22,248
2014-03-17,19.721,248
2014-03-18,19.824,248
2014-03-19,19.979,248
2014-03-20,20.076,248
2014-03-21,20.217,248
2014-03-22,20.23,248
2014-03-23,20.327,248
2014-03-24,20.153,248
2014-03-25,20.157,248
2014-03-26,20.283,248
2014-03-27,20.162,248
2014-03-28,20.55,248
2014-03-29,20.643,248
2014-03-30,20.428,248
2014-03-31,20.468,248
2014-04-01,20.595,248
2014-04-02,20.906,248
2014-04-03,21.046,248
2014-04-04,21.218,248
2014-04-05,21.388,248
2014-04-06,21.364,248
2014-04-07,21.474,248
2014-04-08,21.189,248
2014-04-09,21.25,248
2014-04-10,21.214,248
2014-04-11,21.18,248
2014-04-12,21.336,248
2014-04-13,21.53,248
2014-04-14,21.61,248
2014-04-15,21.388,248
2014-04-16,20.974,248
2014-04-17,20.891,248
2014-04-18,20.966,248
2014-04-19,21.161,248
2014-04-20,21.512,248
2014-04-21,21.737,248
2014-04-22,21.687,248
2014-04-23,21.945,248
2014-04-24,22.228,248
2014-04-25,22.682,248
2014-04-26,22.924,248
2014-04-27,22.518,248
2014-04-28,22.445,248
2014-04-29,22.495,248
2014-04-30,22.681,248
2014-05-01,22.516,248
2014-05-02,22.214,248
2014-05-03,22.167,248
2014-05-04,22.239,248
2014-05-05,22.329,248
2014-05-06,22.673,248
2014-05-07,22.773,248
2014-05-08,22.878,248
2014-05-09,22.828,248
2014-05-10,23.212,248
2014-05-11,23.314,248
2014-05-12,23.456,248
2014-05-13,23.709,248
2014-05-14,23.456,248
2014-05-15,22.954,248
2014-05-16,22.965,248
2014-05-17,23.057,248
2014-05-18,23.249,248
2014-05-19,23.508,248
2014-05-20,23.767,248
2014-05-21,23.962,248
2014-05-22,24.251,248
2014-05-23,24.484,248
2014-05-24,24.67,248
2014-05-25,24.617,248
2014-05-26,24.719,248
2014-05-27,24.744,248
2014-05-28,24.801,248
2014-05-29,24.901,248
2014-05-30,25.2,248
2014-05-31,25.736,248
2014-06-01,25.781,248
2014-06-02,25.848,248
2014-06-03,25.953,248
2014-06-04,26.184,248
2014-06-05,26.702,248
2014-06-06,27.062,248
2014-06-07,27.217,248
2014-06-08,27.292,248
2014-06-09,27.11,248
2014-06-10,26.98,248
2014-06-11,26.961,248
2014-06-12,27.43,248
2014-06-13,27.634,248
2014-06-14,27.452,248
2014-06-15,27.338,248
2014-06-16,27.416,248
2014-06-17,27.484,248
2014-06-18,27.502,248
2014-06-19,27.542,248
2014-06-20,27.596,248
2014-06-21,28.149,248
2014-06-22,28.428,248
2014-06-23,28.538,248
2014-06-24,28.575,248
2014-06-25,28.54,248
2014-06-26,28.351,248
2014-06-27,27.92,248
2014-06-28,27.801,248
2014-06-29,27.863,248
2014-06-30,28.114,248
2014-07-01,28.16,248
2014-07-02,28.379,248
2014-07-03,28.691,248
2014-07-04,28.916,248
2014-07-05,29.007,248
2014-07-06,29.094,248
2014-07-07,29.29,248
2014-07-08,29.439,248
2014-07-09,29.622,248
2014-07-10,29.513,248
2014-07-11,29.355,248
2014-07-12,29.384,248
2014-07-13,29.539,248
2014-07-14,29.553,248
2014-07-15,29.636,248
2014-07-16,29.746,248
2014-07-17,29.899,248
2014-07-18,29.626,248
2014-07-19,28.952,248
2014-07-20,28.866,248
2014-07-21,28.795,248
2014-07-22,29.34,248
2014-07-23,29.543,248
2014-07-24,29.503,248
2014-07-25,29.333,248
2014-07-26,29.428,248
2014-07-27,29.416,248
2014-07-28,29.585,248
2014-07-29,29.668,248
2014-07-30,29.705,248
2014-07-31,29.767,248
2014-08-01,29.785,248
2014-08-02,29.909,248
2014-08-03,29.77,248
2014-08-04,29.793,248
2014-08-05,29.811,248
2014-08-06,29.905,248
2014-08-07,30.14,248
2014-08-08,30.186,248
2014-08-09,30.269,248
2014-08-10,30.392,248
2014-08-11,30.459,248
2014-08-12,30.471,248
2014-08-13,30.429,248
2014-08-14,30.329,248
2014-08-15,30.175,248
2014-08-16,30.103,248
2014-08-17,29.947,248
2014-08-18,29.832,248
2014-08-19,29.856,248
2014-08-20,29.941,248
2014-08-21,30.011,248
2014-08-22,30.095,248
2014-08-23,30.322,248
2014-08-24,30.42,248
2014-08-25,30.428,248
2014-08-26,29.952,248
2014-08-27,29.768,248
2014-08-28,29.787,248
2014-08-29,29.628,248
2014-08-30,29.145,248
2014-08-31,29.324,248
2014-09-01,29.437,248
2014-09-02,29.463,248
2014-09-03,29.437,248
2014-09-04,29.361,248
2014-09-05,29.419,248
2014-09-06,29.523,248
2014-09-07,29.64,248
2014-09-08,29.776,248
2014-09-09,29.975,248
2014-09-10,30.06,248
2014-09-11,29.974,248
2014-09-12,29.947,248
2014-09-13,29.792,248
2014-09-14,29.592,248
2014-09-15,29.627,248
2014-09-16,29.524,248
2014-09-17,29.638,248
2014-09-18,29.458,248
2014-09-19,29.174,248
2014-09-20,29.175,248
2014-09-21,29.211,248
2014-09-22,29.159,248
2014-09-23,29.19,248
2014-09-24,29.193,248
2014-09-25,29.11,248
2014-09-26,29.067,248
2014-09-27,28.947,248
2014-09-28,28.489,248
2014-09-29,28.513,248
2014-09-30,28.579,248
2014-10-01,28.793,248
2014-10-02,28.846,248
2014-10-03,28.584,248
2014-10-04,28.425,248
2014-10-05,28.301,248
2014-10-06,28.19,248
2014-10-07,28.069,248
2014-10-08,28.012,248
2014-10-09,28.076,248
2014-10-10,28.114,248
2014-10-11,28.191,248
2014-10-12,28.103,248
2014-10-13,27.894,248
2014-10-14,27.646,248
2014-10-15,27.603,248
2014-10-16,27.478,248
2014-10-17,27.43,248
2014-10-18,27.394,248
2014-10-19,27.383,248
2014-10-20,27.356,248
2014-10-21,27.328,248
2014-10-22,27.116,248
2014-10-23,26.897,248
2014-10-24,26.873,248
2014-10-25,26.856,248
2014-10-26,26.885,248
2014-10-27,27.073,248
2014-10-28,27.08,248
2014-10-29,26.919,248
2014-10-30,26.645,248
2014-10-31,26.474,248
2014-11-01,26.425,248
2014-11-02,26.384,248
2014-11-03,26.365,248
2014-11-04,26.331,248
2014-11-05,26.388,248
2014-11-06,26.35,248
2014-11-07,25.909,248
2014-11-08,25.727,248
2014-11-09,25.697,248
2014-11-10,25.649,248
2014-11-11,25.654,248
2014-11-12,25.676,248
2014-11-13,25.106,248
2014-11-14,24.859,248
2014-11-15,24.776,248
2014-11-16,24.602,248
2014-11-17,24.164,248
2014-11-18,24.126,248
2014-11-19,24.246,248
2014-11-20,24.372,248
2014-11-21,24.454,248
2014-11-22,24.308,248
2014-11-23,23.786,248
2014-11-24,23.73,248
2014-11-25,23.779,248
2014-11-26,23.936,248
2014-11-27,23.909,248
2014-11-28,23.943,248
2014-11-29,23.811,248
2014-11-30,23.531,248
2014-12-01,23.446,248
2014-12-02,23.523,248
2014-12-03,23.616,248
2014-12-04,23.639,248
2014-12-05,23.796,248
2014-12-06,23.815,248
2014-12-07,23.887,248
2014-12-08,23.602,248
2014-12-09,23.404,248
2014-12-10,23.31,248
2014-12-11,23.243,248
2014-12-12,23.23,248
2014-12-13,22.999,248
2014-12-14,22.991,248
2014-12-15,23.041,248
2014-12-16,23.107,248
2014-12-17,23.052,248
2014-12-18,23.011,248
2014-12-19,23.033,248
2014-12-20,23.059,248
2014-12-21,22.766,248
2014-12-22,22.848,248
2014-12-23,22.877,248
2014-12-24,22.671,248
2014-12-25,22.69,248
2014-12-26,22.593,248
2014-12-27,22.446,248
2014-12-28,22.613,248
2014-12-29,22.607,248
2014-12-30,22.453,248
2014-12-31,22.268,248
2015-01-01,22.216,248
2015-01-02,22.347,248
2015-01-03,22.481,248
2015-01-04,22.577,248
2015-01-05,22.53,248
2015-01-06,22.697,248
2015-01-07,22.659,248
2015-01-08,22.493,248
2015-01-09,22.054,248
2015-01-10,21.975,248
2015-01-11,21.36,248
2015-01-12,21.194,248
2015-01-13,21.479,248
2015-01-14,21.662,248
2015-01-15,21.079,248
2015-01-16,20.989,248
2015-01-17,21.046,248
2015-01-18,21.034,248
2015-01-19,21.117,248
2015-01-20,21.135,248
2015-01-21,21.165,248
2015-01-22,21.093,248
2015-01-23,20.908,248
2015-01-24,20.87,248
2015-01-25,20.822,248
2015-01-26,20.878,248
2015-01-27,20.832,248
2015-01-28,20.846,248
2015-01-29,20.866,248
2015-01-30,21.01,248
2015-01-31,20.933,248
2015-02-01,20.83,248
2015-02-02,20.681,248
2015-02-03,20.318,248
2015-02-04,20.721,248
2015-02-05,20.807,248
2015-02-06,20.942,248
2015-02-07,20.86,248
2015-02-08,20.801,248
2015-02-09,20.816,248
2015-02-10,20.909,248
2015-02-11,20.835,248
2015-02-12,20.944,248
2015-02-13,21.022,248
2015-02-14,21.05,248
2015-02-15,21.208,248
2015-02-16,21.091,248
2015-02-17,20.58,248
2015-02-18,20.47,248
2015-02-19,20.539,248
2015-02-20,20.643,248
2015-02-21,20.665,248
2015-02-22,20.537,248
2015-02-23,20.494,248
2015-02-24,20.49,248
2015-02-25,21.11,248
2015-02-26,21.251,248
2015-02-27,20.889,248
2015-02-28,20.345,248
2015-03-01,20.859,248
2015-03-02,21.273,248
2015-03-03,21.608,248
2015-03-04,21.673,248
2015-03-05,21.679,248
2015-03-06,21.352,248
2015-03-07,20.796,248
2015-03-08,20.879,248
2015-03-09,20.961,248
2015-03-10,21.182,248
2015-03-11,21.044,248
2015-03-12,21.179,248
2015-03-13,21.301,248
2015-03-14,21.315,248
2015-03-15,21.36,248
2015-03-16,21.349,248
2015-03-17,21.661,248
2015-03-18,22.259,248
2015-03-19,22.541,248
2015-03-20,22.922,248
2015-03-21,23.371,248
2015-03-22,23.057,248
2015-03-23,22.821,248
2015-03-24,22.957,248
2015-03-25,23.092,248
2015-03-26,22.98,248
2015-03-27,22.654,248
2015-03-28,22.746,248
2015-03-29,22.85,248
2015-03-30,22.842,248
2015-03-31,22.722,248
2015-04-01,22.563,248
2015-04-02,22.861,248
2015-04-03,22.964,248
2015-04-04,23.121,248
2015-04-05,23.144,248
2015-04-06,23.416,248
2015-04-07,23.612,248
2015-04-08,23.692,248
2015-04-09,23.729,248
2015-04-10,23.714,248
2015-04-11,23.816,248
2015-04-12,23.809,248
2015-04-13,23.791,248
2015-04-14,23.845,248
2015-04-15,23.814,248
2015-04-16,23.811,248
2015-04-17,23.898,248
2015-04-18,24.074,248
2015-04-19,24.313,248
2015-04-20,24.195,248
2015-04-21,24.204,248
2015-04-22,24.194,248
2015-04-23,24.354,248
2015-04-24,24.516,248
2015-04-25,24.296,248
2015-04-26,24.231,248
2015-04-27,24.403,248
2015-04-28,24.507,248
2015-04-29,24.563,248
2015-04-30,24.466,248
2015-05-01,24.36,248
2015-05-02,24.264,248
2015-05-03,24.48,248
2015-05-04,24.477,248
2015-05-05,24.511,248
2015-05-06,24.739,248
2015-05-07,24.924,248
2015-05-08,25.026,248
2015-05-09,25.123,248
2015-05-10,25.124,248
2015-05-11,25.149,248
2015-05-12,25.097,248
2015-05-13,25.242,248
2015-05-14,25.747,248
2015-05-15,25.927,248
2015-05-16,25.54,248
2015-05-17,25.417,248
2015-05-18,25.703,248
2015-05-19,26.018,248
2015-05-20,26.188,248
2015-05-21,26.403,248
2015-05-22,27.013,248
2015-05-23,27.011,248
2015-05-24,26.822,248
2015-05-25,26.531,248
2015-05-26,26.399,248
2015-05-27,26.545,248
2015-05-28,26.6,248
2015-05-29,26.783,248
2015-05-30,26.987,248
2015-05-31,27.113,248
2015-06-01,27.534,248
2015-06-02,27.672,248
2015-06-03,27.843,248
2015-06-04,28.129,248
2015-06-05,28.201,248
2015-06-06,28.282,248
2015-06-07,28.402,248
2015-06-08,28.635,248
2015-06-09,28.781,248
2015-06-10,28.776,248
2015-06-11,28.924,248
2015-06-12,28.83,248
2015-06-13,28.464,248
2015-06-14,28.247,248
2015-06-15,28.212,248
2015-06-16,28.083,248
2015-06-17,27.667,248
2015-06-18,27.646,248
2015-06-19,27.647,248
2015-06-20,27.713,248
2015-06-21,27.837,248
2015-06-22,28.261,248
2015-06-23,28.592,248
2015-06-24,28.68,248
2015-06-25,28.914,248
2015-06-26,29.044,248
2015-06-27,29.117,248
2015-06-28,29.145,248
2015-06-29,29.138,248
2015-06-30,28.975,248
2015-07-01,28.984,248
2015-07-02,29.009,248
2015-07-03,29.15,248
2015-07-04,29.169,248
2015-07-05,29.288,248
2015-07-06,29.003,248
2015-07-07,28.871,248
2015-07-08,28.995,248
2015-07-09,29.231,248
2015-07-10,29.536,248
2015-07-11,29.765,248
2015-07-12,29.785,248
2015-07-13,29.874,248
2015-07-14,29.951,248
2015-07-15,30.013,248
2015-07-16,30.091,248
2015-07-17,30.06,248
2015-07-18,30.204,248
2015-07-19,30.372,248
2015-07-20,30.365,248
2015-07-21,30.273,248
2015-07-22,30.503,248
2015-07-23,30.535,248
2015-07-24,30.516,248
2015-07-25,30.459,248
2015-07-26,30.48,248
2015-07-27,30.485,248
2015-07-28,30.255,248
2015-07-29,30.297,248
2015-07-30,30.214,248
2015-07-31,30.398,248
2015-08-01,30.185,248
2015-08-02,30.01,248
2015-08-03,30.286,248
2015-08-04,30.264,248
2015-08-05,30.098,248
2015-08-06,29.986,248
2015-08-07,30.089,248
2015-08-08,30.043,248
2015-08-09,30.243,248
2015-08-10,30.53,248
2015-08-11,30.687,248
2015-08-12,30.837,248
2015-08-13,30.571,248
2015-08-14,30.526,248
2015-08-15,30.424,248
2015-08-16,30.243,248
2015-08-17,29.968,248
2015-08-18,29.906,248
2015-08-19,30.056,248
2015-08-20,30.084,248
2015-08-21,30.091,248
2015-08-22,30.119,248
2015-08-23,30.134,248
2015-08-24,30.235,248
2015-08-25,30.169,248
2015-08-26,29.955,248
2015-08-27,29.734,248
2015-08-28,29.647,248
2015-08-29,29.572,248
2015-08-30,29.49,248
2015-08-31,29.57,248
2015-09-01,29.564,248
2015-09-02,29.485,248
2015-09-03,29.256,248
2015-09-04,29.307,248
2015-09-05,29.447,248
2015-09-06,29.475,248
2015-09-07,29.599,248
2015-09-08,29.585,248
2015-09-09,29.518,248
2015-09-10,29.466,248
2015-09-11,29.254,248
2015-09-12,29.032,248
2015-09-13,28.957,248
2015-09-14,28.827,248
2015-09-15,28.683,248
2015-09-16,28.65,248
2015-09-17,28.685,248
2015-09-18,28.811,248
2015-09-19,28.834,248
2015-09-20,28.996,248
2015-09-21,29.213,248
2015-09-22,29.08,248
2015-09-23,28.916,248
2015-09-24,28.812,248
2015-09-25,28.699,248
2015-09-26,28.685,248
2015-09-27,28.503,248
2015-09-28,28.418,248
2015-09-29,28.436,248
2015-09-30,28.557,248
2015-10-01,28.622,248
2015-10-02,28.402,248
2015-10-03,28.156,248
2015-10-04,27.999,248
2015-10-05,27.823,248
2015-10-06,27.967,248
2015-10-07,27.992,248
2015-10-08,27.878,248
2015-10-09,27.737,248
2015-10-10,27.921,248
2015-10-11,28.017,248
2015-10-12,27.989,248
2015-10-13,27.933,248
2015-10-14,27.961,248
2015-10-15,27.845,248
2015-10-16,27.796,248
2015-10-17,27.724,248
2015-10-18,27.616,248
2015-10-19,27.419,248
2015-10-20,27.239,248
2015-10-21,26.962,248
2015-10-22,26.93,248
2015-10-23,26.975,248
2015-10-24,26.966,248
2015-10-25,26.823,248
2015-10-26,26.429,248
2015-10-27,26.19,248
2015-10-28,26.184,248
2015-10-29,26.192,248
2015-10-30,25.974,248
2015-10-31,25.682,248
2015-11-01,25.737,248
2015-11-02,25.97,248
2015-11-03,26.02,248
2015-11-04,26.106,248
2015-11-05,26.134,248
2015-11-06,26.287,248
2015-11-07,26.305,248
2015-11-08,25.914,248
2015-11-09,26.075,248
2015-11-10,26.026,248
2015-11-11,25.837,248
2015-11-12,25.649,248
2015-11-13,25.622,248
2015-11-14,25.399,248
2015-11-15,25.282,248
2015-11-16,25.266,248
2015-11-17,25.468,248
2015-11-18,25.629,248
2015-11-19,25.627,248
2015-11-20,25.581,248
2015-11-21,25.437,248
2015-11-22,25.2,248
2015-11-23,25.219,248
2015-11-24,25.255,248
2015-11-25,25.174,248
2015-11-26,25.129,248
2015-11-27,25.183,248
2015-11-28,25.376,248
2015-11-29,25.382,248
2015-11-30,25.386,248
2015-12-01,25.221,248
2015-12-02,25.013,248
2015-12-03,24.977,248
2015-12-04,25.03,248
2015-12-05,25.089,248
2015-12-06,24.914,248
2015-12-07,24.698,248
2015-12-08,24.715,248
2015-12-09,24.719,248
2015-12-10,24.555,248
2015-12-11,24.501,248
2015-12-12,24.275,248
2015-12-13,24.291,248
2015-12-14,24.51,248
2015-12-15,24.536,248
2015-12-16,24.447,248
2015-12-17,24.393,248
2015-12-18,24.365,248
2015-12-19,24.404,248
2015-12-20,24.616,248
2015-12-21,24.646,248
2015-12-22,24.395,248
2015-12-23,24.577,248
2015-12-24,24.427,248
2015-12-25,24.246,248
2015-12-26,24.099,248
2015-12-27,23.92,248
2015-12-28,24.138,248
2015-12-29,24.263,248
2015-12-30,24.173,248
2015-12-31,24.244,248
2016-01-01,24.186,248
2016-01-02,23.778,248
2016-01-03,23.802,248
2016-01-04,23.788,248
2016-01-05,23.712,248
2016-01-06,23.542,248
2016-01-07,23.561,248
2016-01-08,23.415,248
2016-01-09,23.355,248
2016-01-10,23.379,248
2016-01-11,23.495,248
2016-01-12,23.273,248
2016-01-13,23.262,248
2016-01-14,22.878,248
2016-01-15,22.682,248
2016-01-16,22.647,248
2016-01-17,22.89,248
2016-01-18,22.708,248
2016-01-19,22.562,248
2016-01-20,22.483,248
2016-01-21,22.377,248
2016-01-22,22.238,248
2016-01-23,22.07,248
2016-01-24,21.841,248
2016-01-25,21.493,248
2016-01-26,21.617,248
2016-01-27,21.685,248
2016-01-28,21.609,248
2016-01-29,21.641,248
2016-01-30,21.593,248
2016-01-31,21.556,248
2016-02-01,21.491,248
2016-02-02,21.556,248
2016-02-03,21.536,248
2016-02-04,21.401,248
2016-02-05,21.414,248
2016-02-06,21.374,248
2016-02-07,21.395,248
2016-02-08,21.314,248
2016-02-09,20.965,248
2016-02-10,20.842,248
2016-02-11,20.746,248
2016-02-12,20.588,248
2016-02-13,20.579,248
2016-02-14,20.829,248
2016-02-15,20.859,248
2016-02-16,20.704,248
2016-02-17,20.887,248
2016-02-18,20.991,248
2016-02-19,21.058,248
2016-02-20,21.196,248
2016-02-21,21.362,248
2016-02-22,21.515,248
2016-02-23,21.398,248
2016-02-24,21.003,248
2016-02-25,20.644,248
2016-02-26,20.515,248
2016-02-27,20.583,248
2016-02-28,20.863,248
2016-02-29,21.01,248
2016-03-01,21.052,248
2016-03-02,20.856,248
2016-03-03,20.908,248
2016-03-04,20.995,248
2016-03-05,21.099,248
2016-03-06,21.215,248
2016-03-07,21.214,248
2016-03-08,21.243,248
2016-03-09,21.095,248
2016-03-10,21.403,248
2016-03-11,21.497,248
2016-03-12,21.625,248
2016-03-13,21.62,248
2016-03-14,21.472,248
2016-03-15,21.61,248
2016-03-16,22.106,248
2016-03-17,22.55,248
2016-03-18,22.427,248
2016-03-19,22.212,248
2016-03-20,21.814,248
2016-03-21,21.746,248
2016-03-22,21.609,248
2016-03-23,21.441,248
2016-03-24,21.361,248
2016-03-25,21.365,248
2016-03-26,21.475,248
2016-03-27,22.177,248
2016-03-28,22.231,248
2016-03-29,22.03,248
2016-03-30,22,248
2016-03-31,21.993,248
2016-04-01,22.113,248
2016-04-02,22.093,248
2016-04-03,22.119,248
2016-04-04,22.189,248
2016-04-05,22.173,248
2016-04-06,22.064,248
2016-04-07,22.331,248
2016-04-08,22.497,248
2016-04-09,22.345,248
2016-04-10,22.17,248
2016-04-11,22.302,248
2016-04-12,22.693,248
2016-04-13,22.791,248
2016-04-14,22.921,248
2016-04-15,22.799,248
2016-04-16,22.803,248
2016-04-17,22.874,248
2016-04-18,23.006,248
2016-04-19,23.146,248
2016-04-20,23.293,248
2016-04-21,23.442,248
2016-04-22,24.041,248
2016-04-23,24.276,248
2016-04-24,24.128,248
2016-04-25,23.809,248
2016-04-26,23.729,248
2016-04-27,23.78,248
2016-04-28,23.929,248
2016-04-29,23.994,248
2016-04-30,24.041,248
2016-05-01,24.19,248
2016-05-02,24.358,248
2016-05-03,24.396,248
2016-05-04,24.36,248
2016-05-05,24.47,248
2016-05-06,24.448,248
2016-05-07,24.433,248
2016-05-08,24.33,248
2016-05-09,24.55,248
2016-05-10,24.709,248
2016-05-11,24.772,248
2016-05-12,24.919,248
2016-05-13,25.128,248
2016-05-14,25.532,248
2016-05-15,25.859,248
2016-05-16,25.642,248
2016-05-17,26.202,248
2016-05-18,26.408,248
2016-05-19,26.359,248
2016-05-20,26.125,248
2016-05-21,26.058,248
2016-05-22,26.154,248
2016-05-23,26.169,248
2016-05-24,26.565,248
2016-05-25,26.851,248
2016-05-26,26.911,248
2016-05-27,27.079,248
2016-05-28,26.941,248
2016-05-29,27.045,248
2016-05-30,27.333,248
2016-05-31,27.618,248
2016-06-01,27.67,248
2016-06-02,27.713,248
2016-06-03,27.697,248
2016-06-04,27.571,248
2016-06-05,27.578,248
2016-06-06,27.618,248
2016-06-07,28.003,248
2016-06-08,28.085,248
2016-06-09,28.139,248
2016-06-10,28.063,248
2016-06-11,28.264,248
2016-06-12,28.505,248
2016-06-13,28.458,248
2016-06-14,28.198,248
2016-06-15,28.299,248
2016-06-16,28.516,248
2016-06-17,28.837,248
2016-06-18,29.34,248
2016-06-19,29.366,248
2016-06-20,29.338,248
2016-06-21,29.415,248
2016-06-22,29.428,248
2016-06-23,29.317,248
2016-06-24,29.374,248
2016-06-25,29.544,248
2016-06-26,29.707,248
2016-06-27,29.82,248
2016-06-28,29.983,248
2016-06-29,30.049,248
2016-06-30,29.885,248
2016-07-01,29.964,248
2016-07-02,30.19,248
2016-07-03,30.154,248
2016-07-04,30.144,248
2016-07-05,30.095,248
2016-07-06,30.076,248
2016-07-07,30.002,248
2016-07-08,30.068,248
2016-07-09,29.737,248
2016-07-10,29.81,248
2016-07-11,30.183,248
2016-07-12,30.36,248
2016-07-13,30.393,248
2016-07-14,30.366,248
2016-07-15,30.434,248
2016-07-16,30.421,248
2016-07-17,30.474,248
2016-07-18,30.534,248
2016-07-19,30.539,248
2016-07-20,30.61,248
2016-07-21,30.661,248
2016-07-22,30.729,248
2016-07-23,30.675,248
2016-07-24,30.618,248
2016-07-25,30.439,248
2016-07-26,30.139,248
2016-07-27,30.528,248
2016-07-28,30.462,248
2016-07-29,30.379,248
2016-07-30,30.415,248
2016-07-31,30.43,248
2016-08-01,30.635,248
2016-08-02,30.723,248
2016-08-03,30.75,248
2016-08-04,30.823,248
2016-08-05,30.682,248
2016-08-06,30.688,248
2016-08-07,30.846,248
2016-08-08,31.001,248
2016-08-09,31.079,248
2016-08-10,31.047,248
2016-08-11,30.783,248
2016-08-12,30.717,248
2016-08-13,30.387,248
2016-08-14,29.982,248
2016-08-15,29.878,248
2016-08-16,29.741,248
2016-08-17,29.65,248
2016-08-18,29.807,248
2016-08-19,29.874,248
2016-08-20,29.817,248
2016-08-21,29.889,248
2016-08-22,30.02,248
2016-08-23,30.153,248
2016-08-24,30.112,248
2016-08-25,30.217,248
2016-08-26,30.26,248
2016-08-27,30.206,248
2016-08-28,30.178,248
2016-08-29,30.176,248
2016-08-30,30.005,248
2016-08-31,29.994,248
2016-09-01,30.047,248
2016-09-02,30.249,248
2016-09-03,30.339,248
2016-09-04,30.242,248
2016-09-05,30.055,248
2016-09-06,30.217,248
2016-09-07,30.305,248
2016-09-08,30.347,248
2016-09-09,30.195,248
2016-09-10,30.136,248
2016-09-11,30.123,248
2016-09-12,30.135,248
2016-09-13,30.204,248
2016-09-14,30.095,248
2016-09-15,30.032,248
2016-09-16,29.789,248
2016-09-17,29.609,248
2016-09-18,29.737,248
2016-09-19,29.858,248
2016-09-20,29.983,248
2016-09-21,29.968,248
2016-09-22,29.954,248
2016-09-23,29.933,248
2016-09-24,29.852,248
2016-09-25,29.695,248
2016-09-26,29.65,248
2016-09-27,29.577,248
2016-09-28,29.585,248
2016-09-29,29.633,248
2016-09-30,29.693,248
2016-10-01,29.632,248
2016-10-02,29.386,248
2016-10-03,29.239,248
2016-10-04,29.13,248
2016-10-05,29.049,248
2016-10-06,28.982,248
2016-10-07,28.966,248
2016-10-08,29.025,248
2016-10-09,29.053,248
2016-10-10,28.918,248
2016-10-11,28.637,248
2016-10-12,28.439,248
2016-10-13,28.426,248
2016-10-14,28.44,248
2016-10-15,28.59,248
2016-10-16,28.758,248
2016-10-17,28.668,248
2016-10-18,28.53,248
2016-10-19,28.488,248
2016-10-20,28.244,248
2016-10-21,27.997,248
2016-10-22,27.99,248
2016-10-23,27.989,248
2016-10-24,27.99,248
2016-10-25,27.997,248
2016-10-26,27.91,248
2016-10-27,27.576,248
2016-10-28,27.373,248
2016-10-29,27.339,248
2016-10-30,27.256,248
2016-10-31,27.209,248
2016-11-01,27.169,248
2016-11-02,27.225,248
2016-11-03,27.239,248
2016-11-04,27.114,248
2016-11-05,27.113,248
2016-11-06,27.127,248
2016-11-07,27.041,248
2016-11-08,26.844,248
2016-11-09,26.787,248
2016-11-10,26.67,248
2016-11-11,26.643,248
2016-11-12,26.445,248
2016-11-13,26.336,248
2016-11-14,26.259,248
2016-11-15,26.245,248
2016-11-16,26.191,248
2016-11-17,26.239,248
2016-11-18,26.143,248
2016-11-19,25.94,248
2016-11-20,25.841,248
2016-11-21,25.852,248
2016-11-22,25.839,248
2016-11-23,25.718,248
2016-11-24,25.624,248
2016-11-25,25.424,248
2016-11-26,25.331,248
2016-11-27,25.259,248
2016-11-28,24.985,248
2016-11-29,24.756,248
2016-11-30,24.92,248
2016-12-01,25.063,248
2016-12-02,24.957,248
2016-12-03,24.839,248
2016-12-04,24.751,248
2016-12-05,24.693,248
2016-12-06,24.634,248
2016-12-07,24.66,248
2016-12-08,24.603,248
2016-12-09,24.363,248
2016-12-10,24.171,248
2016-12-11,24.169,248
2016-12-12,24.059,248
2016-12-13,24.093,248
2016-12-14,24.185,248
2016-12-15,24.073,248
2016-12-16,23.95,248
2016-12-17,23.87,248
2016-12-18,23.704,248
2016-12-19,23.494,248
2016-12-20,23.491,248
2016-12-21,23.569,248
2016-12-22,23.565,248
2016-12-23,23.526,248
2016-12-24,23.487,248
2016-12-25,23.507,248
2016-12-26,23.655,248
2016-12-27,23.866,248
2016-12-28,24.011,248
2016-12-29,23.96,248
2016-12-30,23.883,248
2016-12-31,23.81,248
2017-01-01,23.632,248
2017-01-02,23.651,248
2017-01-03,23.759,248
2017-01-04,23.728,248
2017-01-05,23.606,248
2017-01-06,23.58,248
2017-01-07,22.598,248
2017-01-08,22.74,248
2017-01-09,22.86,248
2017-01-10,22.743,248
2017-01-11,22.744,248
2017-01-12,22.899,248
2017-01-13,23.005,248
2017-01-14,23.042,248
2017-01-15,22.964,248
2017-01-16,22.788,248
2017-01-17,22.843,248
2017-01-18,22.822,248
2017-01-19,23.123,248
2017-01-20,23.281,248
2017-01-21,23.152,248
2017-01-22,23.025,248
2017-01-23,22.953,248
2017-01-24,22.663,248
2017-01-25,22.488,248
2017-01-26,22.392,248
2017-01-27,22.292,248
2017-01-28,22.194,248
2017-01-29,22.109,248
2017-01-30,22.005,248
2017-01-31,21.932,248
2017-02-01,21.899,248
2017-02-02,21.915,248
2017-02-03,21.932,248
2017-02-04,21.827,248
2017-02-05,21.808,248
2017-02-06,21.805,248
2017-02-07,21.876,248
2017-02-08,22.013,248
2017-02-09,21.902,248
2017-02-10,21.953,248
2017-02-11,22.116,248
2017-02-12,22.328,248
2017-02-13,22.407,248
2017-02-14,22.325,248
2017-02-15,22.163,248
2017-02-16,21.819,248
2017-02-17,21.773,248
2017-02-18,21.857,248
2017-02-19,21.94,248
2017-02-20,21.995,248
2017-02-21,21.836,248
2017-02-22,21.808,248
2017-02-23,21.799,248
2017-02-24,21.836,248
2017-02-25,21.799,248
2017-02-26,21.733,248
2017-02-27,21.667,248
2017-02-28,21.814,248
2017-03-01,22.042,248
2017-03-02,22.157,248
2017-03-03,21.901,248
2017-03-04,21.84,248
2017-03-05,21.873,248
2017-03-06,21.924,248
2017-03-07,21.986,248
2017-03-08,22.28,248
2017-03-09,22.775,248
2017-03-10,22.811,248
2017-03-11,22.677,248
2017-03-12,22.43,248
2017-03-13,21.998,248
2017-03-14,22.038,248
2017-03-15,22.112,248
2017-03-16,22.179,248
2017-03-17,22.286,248
2017-03-18,22.452,248
2017-03-19,22.751,248
2017-03-20,22.834,248
2017-03-21,22.851,248
2017-03-22,23.166,248
2017-03-23,23.285,248
2017-03-24,23.112,248
2017-03-25,22.967,248
2017-03-26,23.165,248
2017-03-27,23.295,248
2017-03-28,23.259,248
2017-03-29,23.216,248
2017-03-30,23.322,248
2017-03-31,23.374,248
2017-04-01,23.374,248
2017-04-02,23.379,248
2017-04-03,23.733,248
2017-04-04,23.872,248
2017-04-05,23.787,248
2017-04-06,23.583,248
2017-04-07,23.423,248
2017-04-08,23.378,248
2017-04-09,23.442,248
2017-04-10,23.539,248
2017-04-11,23.699,248
2017-04-12,23.718,248
2017-04-13,23.642,248
2017-04-14,23.784,248
2017-04-15,24.129,248
2017-04-16,24.289,248
2017-04-17,24.4,248
2017-04-18,24.367,248
2017-04-19,24.473,248
2017-04-20,24.699,248
2017-04-21,24.719,248
2017-04-22,24.697,248
2017-04-23,24.578,248
2017-04-24,24.528,248
2017-04-25,24.373,248
2017-04-26,24.334,248
2017-04-27,24.423,248
2017-04-28,24.452,248
2017-04-29,24.175,248
2017-04-30,24.675,248
2017-05-01,24.871,248
2017-05-02,24.865,248
2017-05-03,24.8,248
2017-05-04,24.69,248
2017-05-05,24.607,248
2017-05-06,24.534,248
2017-05-07,24.536,248
2017-05-08,24.64,248
2017-05-09,24.54,248
2017-05-10,24.419,248
2017-05-11,24.481,248
2017-05-12,24.706,248
2017-05-13,25.028,248
2017-05-14,25.069,248
2017-05-15,25.11,248
2017-05-16,25.178,248
2017-05-17,25.172,248
2017-05-18,25.371,248
2017-05-19,25.749,248
2017-05-20,25.829,248
2017-05-21,25.917,248
2017-05-22,26.182,248
2017-05-23,25.925,248
2017-05-24,26.044,248
2017-05-25,25.985,248
2017-05-26,25.87,248
2017-05-27,25.909,248
2017-05-28,26.301,248
2017-05-29,26.466,248
2017-05-30,26.502,248
2017-05-31,26.587,248
2017-06-01,26.498,248
2017-06-02,26.503,248
2017-06-03,26.638,248
2017-06-04,26.793,248
2017-06-05,26.842,248
2017-06-06,27.134,248
2017-06-07,27.218,248
2017-06-08,27.17,248
2017-06-09,27.128,248
2017-06-10,27.14,248
2017-06-11,27.283,248
2017-06-12,27.466,248
2017-06-13,27.491,248
2017-06-14,27.434,248
2017-06-15,27.651,248
2017-06-16,28.238,248
2017-06-17,28.292,248
2017-06-18,28.234,248
2017-06-19,28.324,248
2017-06-20,28.336,248
2017-06-21,27.662,248
2017-06-22,27.642,248
2017-06-23,27.717,248
2017-06-24,28.14,248
2017-06-25,28.265,248
2017-06-26,28.356,248
2017-06-27,28.328,248
2017-06-28,27.754,248
2017-06-29,27.71,248
2017-06-30,27.8,248
2017-07-01,28.1,248
2017-07-02,28.495,248
2017-07-03,28.678,248
2017-07-04,28.679,248
2017-07-05,28.843,248
2017-07-06,29.179,248
2017-07-07,29.27,248
2017-07-08,29.517,248
2017-07-09,30.014,248
2017-07-10,30.127,248
2017-07-11,30.061,248
2017-07-12,30.03,248
2017-07-13,29.984,248
2017-07-14,29.966,248
2017-07-15,30.037,248
2017-07-16,29.933,248
2017-07-17,29.845,248
2017-07-18,29.848,248
2017-07-19,29.962,248
2017-07-20,30.442,248
2017-07-21,30.623,248
2017-07-22,30.626,248
2017-07-23,30.187,248
2017-07-24,30.066,248
2017-07-25,30.081,248
2017-07-26,30.112,248
2017-07-27,30.168,248
2017-07-28,30.688,248
2017-07-29,30.803,248
2017-07-30,30.823,248
2017-07-31,30.44,248
2017-08-01,30.271,248
2017-08-02,30.234,248
2017-08-03,30.143,248
2017-08-04,29.884,248
2017-08-05,29.641,248
2017-08-06,29.79,248
2017-08-07,29.851,248
2017-08-08,30.025,248
2017-08-09,30.178,248
2017-08-10,30.319,248
2017-08-11,30.259,248
2017-08-12,30.461,248
2017-08-13,30.628,248
2017-08-14,30.652,248
2017-08-15,30.62,248
2017-08-16,30.245,248
2017-08-17,30.341,248
2017-08-18,30.481,248
2017-08-19,30.574,248
2017-08-20,30.617,248
2017-08-21,30.459,248
2017-08-22,30.406,248
2017-08-23,30.406,248
2017-08-24,30.535,248
2017-08-25,29.593,248
2017-08-26,29.028,248
2017-08-27,28.724,248
2017-08-28,28.776,248
2017-08-29,28.684,248
2017-08-30,28.744,248
2017-08-31,28.858,248
2017-09-01,29.144,248
2017-09-02,29.077,248
2017-09-03,28.871,248
2017-09-04,28.826,248
2017-09-05,28.803,248
2017-09-06,28.908,248
2017-09-07,28.602,248
2017-09-08,28.393,248
2017-09-09,28.262,248
2017-09-10,28.095,248
2017-09-11,27.906,248
2017-09-12,27.861,248
2017-09-13,27.76,248
2017-09-14,27.759,248
2017-09-15,27.847,248
2017-09-16,28.218,248
2017-09-17,28.497,248
2017-09-18,28.651,248
2017-09-19,28.726,248
2017-09-20,28.685,248
2017-09-21,28.677,248
2017-09-22,28.611,248
2017-09-23,28.601,248
2017-09-24,28.623,248
2017-09-25,28.728,248
2017-09-26,28.814,248
2017-09-27,28.864,248
2017-09-28,28.757,248
2017-09-29,28.764,248
2017-09-30,28.764,248
2017-10-01,28.809,248
2017-10-02,28.721,248
2017-10-03,28.668,248
2017-10-04,28.592,248
2017-10-05,28.509,248
2017-10-06,28.456,248
2017-10-07,28.324,248
2017-10-08,28.288,248
2017-10-09,28.536,248
2017-10-10,28.604,248
2017-10-11,28.639,248
2017-10-12,28.679,248
2017-10-13,28.642,248
2017-10-14,28.465,248
2017-10-15,28.275,248
2017-10-16,27.977,248
2017-10-17,27.808,248
2017-10-18,27.748,248
2017-10-19,27.734,248
2017-10-20,27.638,248
2017-10-21,27.705,248
2017-10-22,27.709,248
2017-10-23,27.602,248
2017-10-24,27.3,248
2017-10-25,27.076,248
2017-10-26,26.943,248
2017-10-27,26.867,248
2017-10-28,26.485,248
2017-10-29,26.441,248
2017-10-30,26.477,248
2017-10-31,26.385,248
2017-11-01,26.376,248
2017-11-02,26.548,248
2017-11-03,26.701,248
2017-11-04,26.692,248
2017-11-05,26.584,248
2017-11-06,26.589,248
2017-11-07,26.487,248
2017-11-08,26.441,248
2017-11-09,26.427,248
2017-11-10,25.95,248
2017-11-11,26.069,248
2017-11-12,26.103,248
2017-11-13,25.966,248
2017-11-14,25.824,248
2017-11-15,25.828,248
2017-11-16,25.951,248
2017-11-17,25.876,248
2017-11-18,25.866,248
2017-11-19,25.586,248
2017-11-20,25.365,248
2017-11-21,25.238,248
2017-11-22,25.124,248
2017-11-23,25.057,248
2017-11-24,24.984,248
2017-11-25,24.997,248
2017-11-26,25.054,248
2017-11-27,25.027,248
2017-11-28,24.935,248
2017-11-29,24.858,248
2017-11-30,24.921,248
2017-12-01,24.857,248
2017-12-02,24.763,248
2017-12-03,24.802,248
2017-12-04,24.917,248
2017-12-05,24.951,248
2017-12-06,25.094,248
2017-12-07,25.069,248
2017-12-08,23.717,248
2017-12-09,23.735,248
2017-12-10,23.627,248
2017-12-11,23.531,248
2017-12-12,23.537,248
2017-12-13,23.637,248
2017-12-14,23.812,248
2017-12-15,23.98,248
2017-12-16,23.2,248
2017-12-17,23.08,248
2017-12-18,23.202,248
2017-12-19,23.282,248
2017-12-20,23.434,248
2017-12-21,23.451,248
2017-12-22,23.367,248
2017-12-23,23.244,248
2017-12-24,23.136,248
2017-12-25,23.038,248
2017-12-26,23.057,248
2017-12-27,22.969,248
2017-12-28,22.84,248
2017-12-29,22.838,248
2017-12-30,22.849,248
2017-12-31,22.706,248
2018-01-01,22.233,248
2018-01-02,21.77,248
2018-01-03,21.744,248
2018-01-04,21.871,248
2018-01-05,22.04,248
2018-01-06,22.338,248
2018-01-07,22.161,248
2018-01-08,21.79,248
2018-01-09,21.767,248
2018-01-10,21.69,248
2018-01-11,21.713,248
2018-01-12,21.688,248
2018-01-13,21.455,248
2018-01-14,21.262,248
2018-01-15,21.186,248
2018-01-16,21.121,248
2018-01-17,20.786,248
2018-01-18,20.413,248
2018-01-19,20.584,248
2018-01-20,20.812,248
2018-01-21,20.907,248
2018-01-22,20.875,248
2018-01-23,20.768,248
2018-01-24,20.705,248
2018-01-25,20.595,248
2018-01-26,20.63,248
2018-01-27,20.745,248
2018-01-28,20.749,248
2018-01-29,20.515,248
2018-01-30,20.477,248
2018-01-31,20.475,248
2018-02-01,20.504,248
2018-02-02,20.282,248
2018-02-03,20.755,248
2018-02-04,20.775,248
2018-02-05,21.15,248
2018-02-06,21.44,248
2018-02-07,21.361,248
2018-02-08,21.298,248
2018-02-09,21.078,248
2018-02-10,21.335,248
2018-02-11,21.308,248
2018-02-12,21.189,248
2018-02-13,21.186,248
2018-02-14,21.8,248
2018-02-15,22.156,248
2018-02-16,22.239,248
2018-02-17,22.328,248
2018-02-18,22.306,248
2018-02-19,22.262,248
2018-02-20,22.232,248
2018-02-21,22.385,248
2018-02-22,22.895,248
2018-02-23,23.184,248
2018-02-24,23.214,248
2018-02-25,23.245,248
2018-02-26,23.317,248
2018-02-27,23.261,248
2018-02-28,23.223,248
2018-03-01,23.281,248
2018-03-02,23.148,248
2018-03-03,22.93,248
2018-03-04,23.02,248
2018-03-05,23.109,248
2018-03-06,22.991,248
2018-03-07,22.604,248
2018-03-08,22.372,248
2018-03-09,22.266,248
2018-03-10,22.314,248
2018-03-11,22.3,248
2018-03-12,22.204,248
2018-03-13,22.063,248
2018-03-14,22.092,248
2018-03-15,22.084,248
2018-03-16,22.256,248
2018-03-17,22.482,248
2018-03-18,22.975,248
2018-03-19,22.9,248
2018-03-20,22.475,248
2018-03-21,22.102,248
2018-03-22,22.022,248
2018-03-23,21.948,248
2018-03-24,21.976,248
2018-03-25,22.105,248
2018-03-26,22.129,248
2018-03-27,22.252,248
2018-03-28,22.321,248
2018-03-29,22.425,248
2018-03-30,22.541,248
2018-03-31,22.674,248
2018-04-01,22.867,248
2018-04-02,23.054,248
2018-04-03,23.026,248
2018-04-04,23.05,248
2018-04-05,23.171,248
2018-04-06,23.23,248
2018-04-07,23.176,248
2018-04-08,23.094,248
2018-04-09,23.102,248
2018-04-10,23.218,248
2018-04-11,23.186,248
2018-04-12,23.086,248
2018-04-13,23.284,248
2018-04-14,23.302,248
2018-04-15,23.243,248
2018-04-16,22.973,248
2018-04-17,22.866,248
2018-04-18,22.813,248
2018-04-19,22.788,248
2018-04-20,22.814,248
2018-04-21,22.8,248
2018-04-22,23.053,248
2018-04-23,23.157,248
2018-04-24,23.234,248
2018-04-25,23.28,248
2018-04-26,23.288,248
2018-04-27,23.316,248
2018-04-28,23.282,248
2018-04-29,23.266,248
2018-04-30,23.287,248
2018-05-01,23.435,248
2018-05-02,23.636,248
2018-05-03,23.806,248
2018-05-04,23.783,248
2018-05-05,24.451,248
2018-05-06,24.648,248
2018-05-07,24.719,248
2018-05-08,24.857,248
2018-05-09,25.495,248
2018-05-10,25.161,248
2018-05-11,25.198,248
2018-05-12,25.27,248
2018-05-13,25.579,248
2018-05-14,26.015,248
2018-05-15,26.141,248
2018-05-16,26.393,248
2018-05-17,26.728,248
2018-05-18,26.879,248
2018-05-19,26.884,248
2018-05-20,26.804,248
2018-05-21,26.875,248
2018-05-22,27.121,248
2018-05-23,27.346,248
2018-05-24,27.429,248
2018-05-25,27.789,248
2018-05-26,27.859,248
2018-05-27,27.904,248
2018-05-28,28.245,248
2018-05-29,28.317,248
2018-05-30,28.408,248
2018-05-31,28.412,248
2018-06-01,28.384,248
2018-06-02,28.596,248
2018-06-03,28.773,248
2018-06-04,29.065,248
2018-06-05,29.485,248
2018-06-06,29.466,248
2018-06-07,29.569,248
2018-06-08,29.736,248
2018-06-09,29.549,248
2018-06-10,29.554,248
2018-06-11,29.47,248
2018-06-12,29.42,248
2018-06-13,29.412,248
2018-06-14,29.621,248
2018-06-15,29.597,248
2018-06-16,29.519,248
2018-06-17,29.408,248
2018-06-18,28.384,248
2018-06-19,27.958,248
2018-06-20,27.759,248
2018-06-21,27.749,248
2018-06-22,28.344,248
2018-06-23,28.434,248
2018-06-24,28.462,248
2018-06-25,28.729,248
2018-06-26,28.871,248
2018-06-27,28.972,248
2018-06-28,28.999,248
2018-06-29,29.21,248
2018-06-30,29.335,248
2018-07-01,29.43,248
2018-07-02,29.373,248
2018-07-03,29.43,248
2018-07-04,29.149,248
2018-07-05,29.157,248
2018-07-06,29.135,248
2018-07-07,29.164,248
2018-07-08,29.108,248
2018-07-09,28.764,248
2018-07-10,29.529,248
2018-07-11,29.807,248
2018-07-12,29.848,248
2018-07-13,29.904,248
2018-07-14,30.09,248
2018-07-15,30.265,248
2018-07-16,30.224,248
2018-07-17,30.195,248
2018-07-18,30.117,248
2018-07-19,30.156,248
2018-07-20,30.199,248
2018-07-21,30.299,248
2018-07-22,30.154,248
2018-07-23,30.211,248
2018-07-24,29.998,248
2018-07-25,29.983,248
2018-07-26,30.03,248
2018-07-27,30.105,248
2018-07-28,30.135,248
2018-07-29,30.163,248
2018-07-30,30.39,248
2018-07-31,30.442,248
2018-08-01,30.41,248
2018-08-02,30.218,248
2018-08-03,30.114,248
2018-08-04,30.028,248
2018-08-05,29.912,248
2018-08-06,29.835,248
2018-08-07,29.937,248
2018-08-08,29.954,248
2018-08-09,29.989,248
2018-08-10,30.073,248
2018-08-11,30.18,248
2018-08-12,30.172,248
2018-08-13,30.166,248
2018-08-14,30.049,248
2018-08-15,30.178,248
2018-08-16,30.25,248
2018-08-17,30.34,248
2018-08-18,30.206,248
2018-08-19,30.1,248
2018-08-20,30.114,248
2018-08-21,30.165,248
2018-08-22,30.241,248
2018-08-23,30.18,248
2018-08-24,30.049,248
2018-08-25,30.173,248
2018-08-26,30.234,248
2018-08-27,30.209,248
2018-08-28,30.19,248
2018-08-29,30.032,248
2018-08-30,29.918,248
2018-08-31,29.958,248
2018-09-01,29.937,248
2018-09-02,29.832,248
2018-09-03,29.335,248
2018-09-04,29.383,248
2018-09-05,29.368,248
2018-09-06,29.793,248
2018-09-07,29.574,248
2018-09-08,29.551,248
2018-09-09,29.589,248
2018-09-10,29.853,248
2018-09-11,29.631,248
2018-09-12,29.514,248
2018-09-13,29.131,248
2018-09-14,29.017,248
2018-09-15,29.202,248
2018-09-16,29.382,248
2018-09-17,29.492,248
2018-09-18,29.628,248
2018-09-19,29.862,248
2018-09-20,30.042,248
2018-09-21,29.972,248
2018-09-22,29.901,248
2018-09-23,29.753,248
2018-09-24,29.621,248
2018-09-25,29.545,248
2018-09-26,29.544,248
2018-09-27,29.514,248
2018-09-28,29.467,248
2018-09-29,29.552,248
2018-09-30,29.452,248
2018-10-01,29.344,248
2018-10-02,29.271,248
2018-10-03,29.268,248
2018-10-04,29.32,248
2018-10-05,29.412,248
2018-10-06,29.341,248
2018-10-07,29.289,248
2018-10-08,29.244,248
2018-10-09,29.209,248
2018-10-10,29.222,248
2018-10-11,29.158,248
2018-10-12,29.074,248
2018-10-13,28.995,248
2018-10-14,28.913,248
2018-10-15,28.848,248
2018-10-16,28.889,248
2018-10-17,28.692,248
2018-10-18,28.403,248
2018-10-19,28.506,248
2018-10-20,28.503,248
2018-10-21,28.543,248
2018-10-22,28.462,248
2018-10-23,28.066,248
2018-10-24,28.129,248
2018-10-25,27.945,248
2018-10-26,27.626,248
2018-10-27,27.508,248
2018-10-28,27.51,248
2018-10-29,27.532,248
2018-10-30,27.46,248
2018-10-31,27.288,248
2018-11-01,27.007,248
2018-11-02,26.864,248
2018-11-03,26.829,248
2018-11-04,26.807,248
2018-11-05,26.819,248
2018-11-06,26.798,248
2018-11-07,26.988,248
2018-11-08,27.105,248
2018-11-09,27.16,248
2018-11-10,26.205,248
2018-11-11,25.83,248
2018-11-12,25.706,248
2018-11-13,25.631,248
2018-11-14,25.328,248
2018-11-15,25.062,248
2018-11-16,24.938,248
2018-11-17,24.889,248
2018-11-18,24.896,248
2018-11-19,24.896,248
2018-11-20,24.748,248
2018-11-21,24.545,248
2018-11-22,24.441,248
2018-11-23,24.429,248
2018-11-24,24.362,248
2018-11-25,24.311,248
2018-11-26,23.911,248
2018-11-27,23.839,248
2018-11-28,23.81,248
2018-11-29,23.845,248
2018-11-30,23.53,248
2018-12-01,23.698,248
2018-12-02,23.751,248
2018-12-03,23.714,248
2018-12-04,23.395,248
2018-12-05,23.35,248
2018-12-06,23.337,248
2018-12-07,23.361,248
2018-12-08,23.424,248
2018-12-09,23.164,248
2018-12-10,22.856,248
2018-12-11,22.781,248
2018-12-12,22.746,248
2018-12-13,22.803,248
2018-12-14,22.685,248
2018-12-15,21.918,248
2018-12-16,21.82,248
2018-12-17,21.934,248
2018-12-18,22.024,248
2018-12-19,21.814,248
2018-12-20,21.295,248
2018-12-21,21.395,248
2018-12-22,21.451,248
2018-12-23,21.578,248
2018-12-24,21.766,248
2018-12-25,21.876,248
2018-12-26,21.833,248
2018-12-27,21.67,248
2018-12-28,21.722,248
2018-12-29,21.856,248
2018-12-30,21.89,248
2018-12-31,21.999,248
2019-01-01,22.346,248
2019-01-02,22.652,248
2019-01-03,22.383,248
2019-01-04,22.311,248
2019-01-05,22.276,248
2019-01-06,22.263,248
2019-01-07,22.447,248
2019-01-08,22.463,248
2019-01-09,22.39,248
2019-01-10,22.081,248
2019-01-11,22.029,248
2019-01-12,21.92,248
2019-01-13,21.805,248
2019-01-14,21.755,248
2019-01-15,21.728,248
2019-01-16,21.748,248
2019-01-17,21.717,248
2019-01-18,21.653,248
2019-01-19,21.349,248
2019-01-20,20.987,248
2019-01-21,20.873,248
2019-01-22,20.881,248
2019-01-23,20.757,248
2019-01-24,20.617,248
2019-01-25,20.593,248
2019-01-26,20.641,248
2019-01-27,20.727,248
2019-01-28,20.761,248
2019-01-29,20.58,248
2019-01-30,20.485,248
2019-01-31,20.711,248
2019-02-01,20.776,248
2019-02-02,20.781,248
2019-02-03,20.982,248
2019-02-04,21.521,248
2019-02-05,21.615,248
2019-02-06,21.618,248
2019-02-07,21.587,248
2019-02-08,21.579,248
2019-02-09,21.206,248
2019-02-10,21.43,248
2019-02-11,21.411,248
2019-02-12,21.242,248
2019-02-13,21.103,248
2019-02-14,21.061,248
2019-02-15,21.11,248
2019-02-16,21.316,248
2019-02-17,21.295,248
2019-02-18,21.285,248
2019-02-19,21.21,248
2019-02-20,21.697,248
2019-02-21,21.758,248
2019-02-22,21.745,248
2019-02-23,21.659,248
2019-02-24,21.616,248
2019-02-25,21.598,248
2019-02-26,21.797,248
2019-02-27,22.244,248
2019-02-28,22.485,248
2019-03-01,22.631,248
2019-03-02,22.79,248
2019-03-03,22.748,248
2019-03-04,22.685,248
2019-03-05,21.553,248
2019-03-06,21.332,248
2019-03-07,21.298,248
2019-03-08,21.331,248
2019-03-09,21.312,248
2019-03-10,21.549,248
2019-03-11,21.907,248
2019-03-12,21.946,248
2019-03-13,21.863,248
2019-03-14,21.865,248
2019-03-15,22.015,248
2019-03-16,22.041,248
2019-03-17,21.764,248
2019-03-18,21.437,248
2019-03-19,21.396,248
2019-03-20,21.295,248
2019-03-21,21.289,248
2019-03-22,21.376,248
2019-03-23,21.445,248
2019-03-24,21.57,248
2019-03-25,21.961,248
2019-03-26,21.959,248
2019-03-27,21.809,248
2019-03-28,21.589,248
2019-03-29,21.688,248
2019-03-30,21.728,248
2019-03-31,21.788,248
2019-04-01,21.149,248
2019-04-02,21.228,248
2019-04-03,21.269,248
2019-04-04,21.749,248
2019-04-05,21.979,248
2019-04-06,22.058,248
2019-04-07,22.173,248
2019-04-08,22.227,248
2019-04-09,22.274,248
2019-04-10,22.401,248
2019-04-11,22.402,248
2019-04-12,22.311,248
2019-04-13,21.992,248
2019-04-14,21.97,248
2019-04-15,21.957,248
2019-04-16,21.962,248
2019-04-17,22.095,248
2019-04-18,22.187,248
2019-04-19,22.161,248
2019-04-20,22.042,248
2019-04-21,22.096,248
2019-04-22,22.145,248
2019-04-23,22.3,248
2019-04-24,22.635,248
2019-04-25,22.614,248
2019-04-26,22.687,248
2019-04-27,22.741,248
2019-04-28,23.208,248
2019-04-29,23.415,248
2019-04-30,23.878,248
2019-05-01,24.162,248
2019-05-02,24.217,248
2019-05-03,24.616,248
2019-05-04,24.636,248
2019-05-05,24.73,248
2019-05-06,24.783,248
2019-05-07,24.868,248
2019-05-08,24.91,248
2019-05-09,24.974,248
2019-05-10,25.138,248
2019-05-11,25.244,248
2019-05-12,25.235,248
2019-05-13,25.162,248
2019-05-14,25.027,248
2019-05-15,25.113,248
2019-05-16,25.133,248
2019-05-17,25.183,248
2019-05-18,25.214,248
2019-05-19,25.381,248
2019-05-20,25.638,248
2019-05-21,25.828,248
2019-05-22,25.902,248
2019-05-23,25.864,248
2019-05-24,25.969,248
2019-05-25,26.635,248
2019-05-26,26.697,248
2019-05-27,26.819,248
2019-05-28,26.938,248
2019-05-29,26.987,248
2019-05-30,27.004,248
2019-05-31,27.077,248
2019-06-01,28.219,248
2019-06-02,28.618,248
2019-06-03,28.663,248
2019-06-04,28.662,248
2019-06-05,28.275,248
2019-06-06,27.851,248
2019-06-07,28.223,248
2019-06-08,28.445,248
2019-06-09,28.543,248
2019-06-10,28.741,248
2019-06-11,28.982,248
2019-06-12,28.904,248
2019-06-13,28.455,248
2019-06-14,28.534,248
2019-06-15,28.634,248
2019-06-16,28.678,248
2019-06-17,28.652,248
2019-06-18,28.592,248
2019-06-19,28.933,248
2019-06-20,29.101,248
2019-06-21,29.119,248
2019-06-22,29.101,248
2019-06-23,29.131,248
2019-06-24,29.288,248
2019-06-25,29.21,248
2019-06-26,28.872,248
2019-06-27,29.117,248
2019-06-28,29.192,248
2019-06-29,29.201,248
2019-06-30,29.263,248
2019-07-01,29.331,248
2019-07-02,29.657,248
2019-07-03,29.113,248
2019-07-04,29.173,248
2019-07-05,29.632,248
2019-07-06,29.913,248
2019-07-07,30.287,248
2019-07-08,30.524,248
2019-07-09,30.533,248
2019-07-10,30.624,248
2019-07-11,30.61,248
2019-07-12,30.143,248
2019-07-13,29.663,248
2019-07-14,28.659,248
2019-07-15,28.85,248
2019-07-16,29.291,248
2019-07-17,29.317,248
2019-07-18,29.379,248
2019-07-19,29.664,248
2019-07-20,29.796,248
2019-07-21,29.82,248
2019-07-22,29.524,248
2019-07-23,29.286,248
2019-07-24,29.063,248
2019-07-25,29.026,248
2019-07-26,29.057,248
2019-07-27,29.171,248
2019-07-28,29.192,248
2019-07-29,29.242,248
2019-07-30,29.423,248
2019-07-31,29.402,248
2019-08-01,29.398,248
2019-08-02,29.424,248
2019-08-03,29.66,248
2019-08-04,30.112,248
2019-08-05,30.063,248
2019-08-06,29.967,248
2019-08-07,29.863,248
2019-08-08,30.084,248
2019-08-09,30.154,248
2019-08-10,30.402,248
2019-08-11,30.692,248
2019-08-12,30.916,248
2019-08-13,31.091,248
2019-08-14,31.011,248
2019-08-15,30.558,248
2019-08-16,30.695,248
2019-08-17,30.743,248
2019-08-18,30.761,248
2019-08-19,30.692,248
2019-08-20,30.556,248
2019-08-21,30.429,248
2019-08-22,30.421,248
2019-08-23,30.29,248
2019-08-24,30.109,248
2019-08-25,29.785,248
2019-08-26,29.793,248
2019-08-27,29.829,248
2019-08-28,29.865,248
2019-08-29,30.017,248
2019-08-30,30.135,248
2019-08-31,30.275,248
2019-09-01,30.193,248
2019-09-02,30.029,248
2019-09-03,29.768,248
2019-09-04,29.811,248
2019-09-05,29.843,248
2019-09-06,29.934,248
2019-09-07,30.289,248
2019-09-08,30.293,248
2019-09-09,30.297,248
2019-09-10,30.176,248
2019-09-11,30.082,248
2019-09-12,30.015,248
2019-09-13,30.003,248
2019-09-14,29.995,248
2019-09-15,30.051,248
2019-09-16,29.896,248
2019-09-17,29.673,248
2019-09-18,29.454,248
2019-09-19,29.543,248
2019-09-20,29.373,248
2019-09-21,29.329,248
2019-09-22,29.401,248
2019-09-23,29.314,248
2019-09-24,29.243,248
2019-09-25,29.187,248
2019-09-26,29.133,248
2019-09-27,29.115,248
2019-09-28,29.145,248
2019-09-29,29.158,248
2019-09-30,29.168,248
2019-10-01,29.198,248
2019-10-02,29.172,248
2019-10-03,29.161,248
2019-10-04,29.222,248
2019-10-05,29.176,248
2019-10-06,29.134,248
2019-10-07,29.121,248
2019-10-08,29.199,248
2019-10-09,29,248
2019-10-10,28.949,248
2019-10-11,28.937,248
2019-10-12,28.878,248
2019-10-13,28.732,248
2019-10-14,28.727,248
2019-10-15,28.732,248
2019-10-16,28.78,248
2019-10-17,28.486,248
2019-10-18,28.628,248
2019-10-19,28.821,248
2019-10-20,28.869,248
2019-10-21,28.854,248
2019-10-22,28.266,248
2019-10-23,28.212,248
2019-10-24,28.229,248
2019-10-25,27.13,248
2019-10-26,27.352,248
2019-10-27,27.373,248
2019-10-28,27.282,248
2019-10-29,27.261,248
2019-10-30,27.242,248
2019-10-31,27.149,248
2019-11-01,26.766,248
2019-11-02,26.378,248
2019-11-03,26.316,248
2019-11-04,26.285,248
2019-11-05,26.2,248
2019-11-06,26.107,248
2019-11-07,26.031,248
2019-11-08,25.872,248
2019-11-09,25.879,248
2019-11-10,25.916,248
2019-11-11,25.911,248
2019-11-12,25.586,248
2019-11-13,24.86,248
2019-11-14,24.825,248
2019-11-15,24.632,248
2019-11-16,24.57,248
2019-11-17,24.596,248
2019-11-18,24.497,248
2019-11-19,24.527,248
2019-11-20,24.515,248
2019-11-21,24.532,248
2019-11-22,24.565,248
2019-11-23,24.354,248
2019-11-24,24.296,248
2019-11-25,24.255,248
2019-11-26,24.151,248
2019-11-27,24.13,248
2019-11-28,24.468,248
2019-11-29,24.517,248
2019-11-30,24.485,248
2019-12-01,24.275,248
2019-12-02,24.182,248
2019-12-03,24.055,248
2019-12-04,23.811,248
2019-12-05,23.819,248
2019-12-06,23.905,248
2019-12-07,23.903,248
2019-12-08,23.889,248
2019-12-09,23.901,248
2019-12-10,23.901,248
2019-12-11,23.584,248
2019-12-12,23.589,248
2019-12-13,23.743,248
2019-12-14,23.669,248
2019-12-15,23.648,248
2019-12-16,23.547,248
2019-12-17,23.254,248
2019-12-18,23.124,248
2019-12-19,23.091,248
2019-12-20,23.126,248
2019-12-21,23.047,248
2019-12-22,22.672,248
2019-12-23,22.462,248
2019-12-24,22.5,248
2019-12-25,22.505,248
2019-12-26,22.662,248
2019-12-27,22.669,248
2019-12-28,22.698,248
2019-12-29,22.68,248
2019-12-30,22.498,248
2019-12-31,22.46,248
2020-01-01,22.371,248
2020-01-02,22.477,248
2020-01-03,22.369,248
2020-01-04,22.234,248
2020-01-05,22.151,248
2020-01-06,22.117,248
2020-01-07,22.157,248
2020-01-08,22.071,248
2020-01-09,22.036,248
2020-01-10,21.803,248
2020-01-11,21.959,248
2020-01-12,22.08,248
2020-01-13,22.424,248
2020-01-14,22.645,248
2020-01-15,22.656,248
2020-01-16,22.563,248
2020-01-17,22.495,248
2020-01-18,22.501,248
2020-01-19,22.369,248
2020-01-20,22.236,248
2020-01-21,22.136,248
2020-01-22,22.075,248
2020-01-23,21.933,248
2020-01-24,21.967,248
2020-01-25,22.026,248
2020-01-26,21.929,248
2020-01-27,21.864,248
2020-01-28,21.862,248
2020-01-29,21.887,248
2020-01-30,21.907,248
2020-01-31,21.663,248
2020-02-01,21.597,248
2020-02-02,21.581,248
2020-02-03,21.511,248
2020-02-04,21.35,248
2020-02-05,21.165,248
2020-02-06,21.177,248
2020-02-07,21.166,248
2020-02-08,21.21,248
2020-02-09,21.219,248
2020-02-10,21.263,248
2020-02-11,21.449,248
2020-02-12,21.573,248
2020-02-13,21.678,248
2020-02-14,21.467,248
2020-02-15,21.381,248
2020-02-16,21.489,248
2020-02-17,21.804,248
2020-02-18,21.954,248
2020-02-19,22.067,248
2020-02-20,22.169,248
2020-02-21,21.368,248
2020-02-22,21.395,248
2020-02-23,21.374,248
2020-02-24,21.396,248
2020-02-25,21.402,248
2020-02-26,21.101,248
2020-02-27,20.83,248
2020-02-28,20.826,248
2020-02-29,20.92,248
2020-03-01,20.987,248
2020-03-02,21.01,248
2020-03-03,21.085,248
2020-03-04,21.176,248
2020-03-05,20.831,248
2020-03-06,20.803,248
2020-03-07,20.891,248
2020-03-08,20.972,248
2020-03-09,21.135,248
2020-03-10,21.68,248
2020-03-11,21.684,248
2020-03-12,21.682,248
2020-03-13,22.097,248
2020-03-14,22.099,248
2020-03-15,22.127,248
2020-03-16,22.499,248
2020-03-17,22.943,248
2020-03-18,22.973,248
2020-03-19,23.031,248
2020-03-20,23.047,248
2020-03-21,23.058,248
2020-03-22,23.208,248
2020-03-23,23.384,248
2020-03-24,23.518,248
2020-03-25,23.87,248
2020-03-26,23.961,248
2020-03-27,23.861,248
2020-03-28,23.769,248
2020-03-29,23.838,248
2020-03-30,24.177,248
2020-03-31,24.208,248
2020-04-01,24.123,248
2020-04-02,23.841,248
2020-04-03,23.605,248
2020-04-04,23.693,248
2020-04-05,23.783,248
2020-04-06,23.987,248
2020-04-07,24.378,248
2020-04-08,24.599,248
2020-04-09,24.832,248
2020-04-10,24.869,248
2020-04-11,24.446,248
2020-04-12,24.256,248
2020-04-13,24.184,248
2020-04-14,24.108,248
2020-04-15,24.025,248
2020-04-16,23.908,248
2020-04-17,24.174,248
2020-04-18,24.526,248
2020-04-19,24.495,248
2020-04-20,24.711,248
2020-04-21,24.696,248
2020-04-22,24.62,248
2020-04-23,24.196,248
2020-04-24,24.778,248
2020-04-25,24.969,248
2020-04-26,24.956,248
2020-04-27,24.925,248
2020-04-28,24.906,248
2020-04-29,24.733,248
2020-04-30,24.616,248
2020-05-01,24.622,248
2020-05-02,24.727,248
2020-05-03,25.05,248
2020-05-04,25.276,248
2020-05-05,25.328,248
2020-05-06,25.344,248
2020-05-07,25.314,248
2020-05-08,25.292,248
2020-05-09,25.302,248
2020-05-10,25.312,248
2020-05-11,25.355,248
2020-05-12,25.433,248
2020-05-13,25.476,248
2020-05-14,25.483,248
2020-05-15,25.528,248
2020-05-16,25.547,248
2020-05-17,25.656,248
2020-05-18,25.858,248
2020-05-19,25.995,248
2020-05-20,26.268,248
2020-05-21,26.59,248
2020-05-22,26.83,248
2020-05-23,26.999,248
2020-05-24,27.066,248
2020-05-25,27.073,248
2020-05-26,27.215,248
2020-05-27,27.585,248
2020-05-28,27.64,248
2020-05-29,27.573,248
2020-05-30,27.574,248
2020-05-31,27.514,248
2020-06-01,27.526,248
2020-06-02,27.394,248
2020-06-03,27.939,248
2020-06-04,28.067,248
2020-06-05,28.158,248
2020-06-06,27.957,248
2020-06-07,27.739,248
2020-06-08,27.655,248
2020-06-09,27.633,248
2020-06-10,27.745,248
2020-06-11,27.875,248
2020-06-12,27.715,248
2020-06-13,27.671,248
2020-06-14,27.745,248
2020-06-15,27.85,248
2020-06-16,27.869,248
2020-06-17,27.892,248
2020-06-18,27.988,248
2020-06-19,28.18,248
2020-06-20,28.183,248
2020-06-21,28.166,248
2020-06-22,28.256,248
2020-06-23,27.953,248
2020-06-24,27.706,248
2020-06-25,27.509,248
2020-06-26,27.652,248
2020-06-27,28.147,248
2020-06-28,28.494,248
2020-06-29,28.671,248
2020-06-30,28.532,248
2020-07-01,28.939,248
2020-07-02,29.089,248
2020-07-03,29.113,248
2020-07-04,29.099,248
2020-07-05,29.266,248
2020-07-06,29.204,248
2020-07-07,29.361,248
2020-07-08,29.531,248
2020-07-09,29.658,248
2020-07-10,29.801,248
2020-07-11,30.106,248
2020-07-12,30.133,248
2020-07-13,30.33,248
2020-07-14,30.367,248
2020-07-15,30.38,248
2020-07-16,30.442,248
2020-07-17,30.283,248
2020-07-18,30.087,248
2020-07-19,29.994,248
2020-07-20,29.855,248
2020-07-21,29.727,248
2020-07-22,29.664,248
2020-07-23,29.672,248
2020-07-24,29.586,248
2020-07-25,28.565,248
2020-07-26,28.522,248
2020-07-27,28.514,248
2020-07-28,28.578,248
2020-07-29,28.909,248
2020-07-30,29.162,248
2020-07-31,29.197,248
2020-08-01,29.32,248
2020-08-02,29.442,248
2020-08-03,29.593,248
2020-08-04,29.763,248
2020-08-05,29.808,248
2020-08-06,30.298,248
2020-08-07,30.241,248
2020-08-08,30.276,248
2020-08-09,30.297,248
2020-08-10,30.321,248
2020-08-11,30.423,248
2020-08-12,30.549,248
2020-08-13,30.6,248
2020-08-14,30.771,248
2020-08-15,30.832,248
2020-08-16,30.869,248
2020-08-17,30.828,248
2020-08-18,30.738,248
2020-08-19,30.379,248
2020-08-20,30.407,248
2020-08-21,30.423,248
2020-08-22,30.442,248
2020-08-23,30.359,248
2020-08-24,30.232,248
2020-08-25,30.204,248
2020-08-26,30.18,248
2020-08-27,29.225,248
2020-08-28,29.113,248
2020-08-29,29.071,248
2020-08-30,29.29,248
2020-08-31,29.508,248
2020-09-01,29.527,248
2020-09-02,29.557,248
2020-09-03,29.671,248
2020-09-04,29.831,248
2020-09-05,29.851,248
2020-09-06,29.882,248
2020-09-07,29.936,248
2020-09-08,29.904,248
2020-09-09,29.861,248
2020-09-10,29.817,248
2020-09-11,29.858,248
2020-09-12,29.808,248
2020-09-13,29.745,248
2020-09-14,29.625,248
2020-09-15,29.576,248
2020-09-16,29.575,248
2020-09-17,29.603,248
2020-09-18,29.494,248
2020-09-19,29.231,248
2020-09-20,27.834,248
2020-09-21,28.032,248
2020-09-22,28.395,248
2020-09-23,28.361,248
2020-09-24,28.401,248
2020-09-25,28.453,248
2020-09-26,28.44,248
2020-09-27,28.466,248
2020-09-28,28.537,248
2020-09-29,28.224,248
2020-09-30,27.913,248
2020-10-01,27.934,248
2020-10-02,27.881,248
2020-10-03,27.779,248
2020-10-04,27.458,248
2020-10-05,27.283,248
2020-10-06,27.278,248
2020-10-07,27.272,248
2020-10-08,27.138,248
2020-10-09,26.92,248
2020-10-10,26.995,248
2020-10-11,27.084,248
2020-10-12,27.291,248
2020-10-13,27.3,248
2020-10-14,27.296,248
2020-10-15,27.195,248
2020-10-16,27.039,248
2020-10-17,26.869,248
2020-10-18,26.787,248
2020-10-19,26.821,248
2020-10-20,26.834,248
2020-10-21,26.83,248
2020-10-22,26.805,248
2020-10-23,26.903,248
2020-10-24,26.871,248
2020-10-25,26.74,248
2020-10-26,26.422,248
2020-10-27,26.307,248
2020-10-28,26.524,248
2020-10-29,26.552,248
2020-10-30,26.49,248
2020-10-31,26.066,248
2020-11-01,25.873,248
2020-11-02,25.744,248
2020-11-03,25.654,248
2020-11-04,25.601,248
2020-11-05,25.614,248
2020-11-06,25.566,248
2020-11-07,25.476,248
2020-11-08,25.485,248
2020-11-09,25.604,248
2020-11-10,25.666,248
2020-11-11,25.712,248
2020-11-12,25.845,248
2020-11-13,25.729,248
2020-11-14,25.738,248
2020-11-15,25.599,248
2020-11-16,25.445,248
2020-11-17,25.331,248
2020-11-18,25.212,248
2020-11-19,25.157,248
2020-11-20,25.067,248
2020-11-21,25.059,248
2020-11-22,24.985,248
2020-11-23,24.962,248
2020-11-24,24.91,248
2020-11-25,24.901,248
2020-11-26,25.012,248
2020-11-27,25.105,248
2020-11-28,25.096,248
2020-11-29,24.421,248
2020-11-30,24.309,248
2020-12-01,24.322,248
2020-12-02,24.242,248
2020-12-03,24.268,248
2020-12-04,24.004,248
2020-12-05,23.766,248
2020-12-06,23.704,248
2020-12-07,23.687,248
2020-12-08,23.656,248
2020-12-09,23.483,248
2020-12-10,23.575,248
2020-12-11,23.538,248
2020-12-12,23.502,248
2020-12-13,23.341,248
2020-12-14,23.268,248
2020-12-15,22.903,248
2020-12-16,22.875,248
2020-12-17,22.809,248
2020-12-18,22.798,248
2020-12-19,22.754,248
2020-12-20,22.584,248
2020-12-21,22.693,248
2020-12-22,22.752,248
2020-12-23,22.715,248
2020-12-24,22.148,248
2020-12-25,22.235,248
2020-12-26,22.223,248
2020-12-27,22.214,248
2020-12-28,22.175,248
2020-12-29,22.156,248
2020-12-30,22.178,248
2020-12-31,22.149,248
2021-01-01,21.979,248
2021-01-02,21.709,248
2021-01-03,21.686,248
2021-01-04,21.718,248
2021-01-05,21.911,248
2021-01-06,21.971,248
2021-01-07,21.844,248
2021-01-08,21.596,248
2021-01-09,21.356,248
2021-01-10,21.263,248
2021-01-11,21.24,248
2021-01-12,21.01,248
2021-01-13,20.874,248
2021-01-14,20.906,248
2021-01-15,20.828,248
2021-01-16,20.678,248
2021-01-17,20.593,248
2021-01-18,20.644,248
2021-01-19,20.608,248
2021-01-20,20.648,248
2021-01-21,20.886,248
2021-01-22,20.935,248
2021-01-23,20.99,248
2021-01-24,20.784,248
2021-01-25,20.853,248
2021-01-26,20.925,248
2021-01-27,20.804,248
2021-01-28,20.738,248
2021-01-29,20.701,248
2021-01-30,20.704,248
2021-01-31,20.441,248
2021-02-01,20.337,248
2021-02-02,20.279,248
2021-02-03,20.237,248
2021-02-04,20.116,248
2021-02-05,20.638,248
2021-02-06,20.688,248
2021-02-07,20.689,248
2021-02-08,20.66,248
2021-02-09,21.118,248
2021-02-10,21.141,248
2021-02-11,21.158,248
2021-02-12,20.975,248
2021-02-13,20.539,248
2021-02-14,20.247,248
2021-02-15,19.871,248
2021-02-16,19.874,248
2021-02-17,19.869,248
2021-02-18,19.611,248
2021-02-19,19.674,248
2021-02-20,19.62,248
2021-02-21,19.562,248
2021-02-22,19.677,248
2021-02-23,19.923,248
2021-02-24,20.095,248
2021-02-25,20.308,248
2021-02-26,20.494,248
2021-02-27,20.605,248
2021-02-28,20.799,248
2021-03-01,20.816,248
2021-03-02,20.852,248
2021-03-03,20.349,248
2021-03-04,20.372,248
2021-03-05,20.298,248
2021-03-06,20.269,248
2021-03-07,20.273,248
2021-03-08,20.461,248
2021-03-09,20.506,248
2021-03-10,20.649,248
2021-03-11,21.034,248
2021-03-12,21.326,248
2021-03-13,21.464,248
2021-03-14,21.6,248
2021-03-15,21.571,248
2021-03-16,21.815,248
2021-03-17,21.855,248
2021-03-18,21.637,248
2021-03-19,21.476,248
2021-03-20,21.248,248
2021-03-21,21.047,248
2021-03-22,20.909,248
2021-03-23,20.517,248
2021-03-24,20.673,248
2021-03-25,21.365,248
2021-03-26,21.369,248
2021-03-27,21.478,248
2021-03-28,21.632,248
2021-03-29,21.918,248
2021-03-30,22.748,248
2021-03-31,22.598,248
2021-04-01,22.099,248
2021-04-02,21.801,248
2021-04-03,21.831,248
2021-04-04,22.094,248
2021-04-05,22.114,248
2021-04-06,22.135,248
2021-04-07,22.116,248
2021-04-08,22.46,248
2021-04-09,22.702,248
2021-04-10,22.875,248
2021-04-11,22.919,248
2021-04-12,22.878,248
2021-04-13,22.97,248
2021-04-14,23.193,248
2021-04-15,23.363,248
2021-04-16,23.549,248
2021-04-17,23.699,248
2021-04-18,23.369,248
2021-04-19,23.272,248
2021-04-20,23.31,248
2021-04-21,23.129,248
2021-04-22,23.004,248
2021-04-23,22.872,248
2021-04-24,23.252,248
2021-04-25,23.314,248
2021-04-26,23.41,248
2021-04-27,23.606,248
2021-04-28,23.87,248
2021-04-29,23.941,248
2021-04-30,23.971,248
2021-05-01,24.419,248
2021-05-02,24.341,248
2021-05-03,24.303,248
2021-05-04,25.096,248
2021-05-05,25.312,248
2021-05-06,25.017,248
2021-05-07,24.738,248
2021-05-08,24.751,248
2021-05-09,24.885,248
2021-05-10,24.95,248
2021-05-11,25.141,248
2021-05-12,25.747,248
2021-05-13,25.424,248
2021-05-14,25.24,248
2021-05-15,25.248,248
2021-05-16,25.312,248
2021-05-17,25.567,248
2021-05-18,25.488,248
2021-05-19,25.147,248
2021-05-20,25.081,248
2021-05-21,25.33,248
2021-05-22,25.455,248
2021-05-23,25.621,248
2021-05-24,25.558,248
2021-05-25,25.76,248
2021-05-26,25.82,248
2021-05-27,25.999,248
2021-05-28,26.277,248
2021-05-29,26.326,248
2021-05-30,26.374,248
2021-05-31,26.373,248
2021-06-01,26.467,248
2021-06-02,26.707,248
2021-06-03,26.904,248
2021-06-04,27.111,248
2021-06-05,26.886,248
2021-06-06,26.96,248
2021-06-07,26.975,248
2021-06-08,27.291,248
2021-06-09,27.634,248
2021-06-10,27.786,248
2021-06-11,28.358,248
2021-06-12,28.851,248
2021-06-13,28.818,248
2021-06-14,28.85,248
2021-06-15,29.034,248
2021-06-16,28.983,248
2021-06-17,28.91,248
2021-06-18,28.942,248
2021-06-19,28.922,248
2021-06-20,28.592,248
2021-06-21,28.27,248
2021-06-22,28.356,248
2021-06-23,28.634,248
2021-06-24,28.846,248
2021-06-25,28.95,248
2021-06-26,28.993,248
2021-06-27,28.811,248
2021-06-28,28.698,248
2021-06-29,28.638,248
2021-06-30,28.634,248
2021-07-01,28.87,248
2021-07-02,29.044,248
2021-07-03,29.129,248
2021-07-04,28.993,248
2021-07-05,28.96,248
2021-07-06,28.957,248
2021-07-07,28.872,248
2021-07-08,28.678,248
2021-07-09,28.619,248
2021-07-10,28.551,248
2021-07-11,28.762,248
2021-07-12,29.076,248
2021-07-13,29.12,248
2021-07-14,29.154,248
2021-07-15,29.202,248
2021-07-16,29.375,248
2021-07-17,29.504,248
2021-07-18,29.495,248
2021-07-19,29.588,248
2021-07-20,29.474,248
2021-07-21,29.48,248
2021-07-22,29.495,248
2021-07-23,29.615,248
2021-07-24,30.392,248
2021-07-25,30.476,248
2021-07-26,30.348,248
2021-07-27,30.257,248
2021-07-28,30.295,248
2021-07-29,30.218,248
2021-07-30,30.222,248
2021-07-31,30.266,248
2021-08-01,30.498,248
2021-08-02,30.566,248
2021-08-03,30.486,248
2021-08-04,30.081,248
2021-08-05,29.873,248
2021-08-06,29.99,248
2021-08-07,30.027,248
2021-08-08,30.219,248
2021-08-09,30.433,248
2021-08-10,30.501,248
2021-08-11,30.579,248
2021-08-12,30.624,248
2021-08-13,30.517,248
2021-08-14,30.491,248
2021-08-15,30.495,248
2021-08-16,30.594,248
2021-08-17,30.676,248
2021-08-18,30.731,248
2021-08-19,30.754,248
2021-08-20,30.686,248
2021-08-21,30.634,248
2021-08-22,30.625,248
2021-08-23,30.558,248
2021-08-24,30.672,248
2021-08-25,31.138,248
2021-08-26,31.28,248
2021-08-27,31.125,248
2021-08-28,30.97,248
2021-08-29,30.766,248
2021-08-30,30.471,248
2021-08-31,30.407,248
2021-09-01,30.448,248
2021-09-02,30.568,248
2021-09-03,30.557,248
2021-09-04,30.618,248
2021-09-05,30.66,248
2021-09-06,30.622,248
2021-09-07,30.554,248
2021-09-08,30.534,248
2021-09-09,30.418,248
2021-09-10,30.383,248
2021-09-11,30.338,248
2021-09-12,30.338,248
2021-09-13,30.599,248
2021-09-14,29.797,248
2021-09-15,29.401,248
2021-09-16,29.411,248
2021-09-17,29.513,248
2021-09-18,29.633,248
2021-09-19,29.621,248
2021-09-20,29.675,248
2021-09-21,29.726,248
2021-09-22,29.516,248
2021-09-23,29.096,248
2021-09-24,28.921,248
2021-09-25,28.782,248
2021-09-26,28.744,248
2021-09-27,28.822,248
2021-09-28,28.815,248
2021-09-29,28.785,248
2021-09-30,28.48,248
2021-10-01,28.442,248
2021-10-02,28.855,248
2021-10-03,28.943,248
2021-10-04,28.626,248
2021-10-05,28.13,248
2021-10-06,28.068,248
2021-10-07,27.978,248
2021-10-08,27.955,248
2021-10-09,27.978,248
2021-10-10,28.025,248
2021-10-11,28.052,248
2021-10-12,27.975,248
2021-10-13,27.947,248
2021-10-14,27.906,248
2021-10-15,28.249,248
2021-10-16,27.79,248
2021-10-17,27.788,248
2021-10-18,27.651,248
2021-10-19,27.526,248
2021-10-20,27.525,248
2021-10-21,27.667,248
2021-10-22,27.831,248
2021-10-23,27.914,248
2021-10-24,27.923,248
2021-10-25,27.835,248
2021-10-26,27.733,248
2021-10-27,27.108,248
2021-10-28,26.941,248
2021-10-29,26.564,248
2021-10-30,26.424,248
2021-10-31,26.105,248
2021-11-01,25.861,248
2021-11-02,25.807,248
2021-11-03,25.835,248
2021-11-04,25.654,248
2021-11-05,25.306,248
2021-11-06,25.306,248
2021-11-07,25.107,248
2021-11-08,25.094,248
2021-11-09,24.876,248
2021-11-10,25.13,248
2021-11-11,24.918,248
2021-11-12,24.937,248
2021-11-13,24.898,248
2021-11-14,24.939,248
2021-11-15,24.86,248
2021-11-16,24.871,248
2021-11-17,24.905,248
2021-11-18,24.892,248
2021-11-19,24.884,248
2021-11-20,24.883,248
2021-11-21,24.862,248
2021-11-22,24.858,248
2021-11-23,24.72,248
2021-11-24,24.697,248
2021-11-25,24.634,248
2021-11-26,24.651,248
2021-11-27,24.524,248
2021-11-28,24.196,248
2021-11-29,24.289,248
2021-11-30,24.287,248
2021-12-01,24.381,248
2021-12-02,24.101,248
2021-12-03,24.596,248
2021-12-04,24.561,248
2021-12-05,24.571,248
2021-12-06,24.281,248
2021-12-07,24.319,248
2021-12-08,24.297,248
2021-12-09,24.345,248
2021-12-10,24.242,248
2021-12-11,24.226,248
2021-12-12,24.004,248
2021-12-13,24.301,248
2021-12-14,24.334,248
2021-12-15,24.363,248
2021-12-16,24.334,248
2021-12-17,24.376,248
2021-12-18,24.425,248
2021-12-19,24.43,248
2021-12-20,23.952,248
2021-12-21,23.736,248
2021-12-22,23.813,248
2021-12-23,23.876,248
2021-12-24,23.881,248
2021-12-25,23.853,248
2021-12-26,23.757,248
2021-12-27,23.758,248
2021-12-28,23.747,248
2021-12-29,23.794,248
2021-12-30,23.793,248
2021-12-31,23.9,248
2022-01-01,23.852,248
2022-01-02,23.762,248
2022-01-03,23.311,248
2022-01-04,23.301,248
2022-01-05,23.326,248
2022-01-06,23.33,248
2022-01-07,23.323,248
2022-01-08,23.141,248
2022-01-09,23.123,248
2022-01-10,22.96,248
2022-01-11,22.963,248
2022-01-12,22.916,248
2022-01-13,22.944,248
2022-01-14,22.94,248
2022-01-15,22.995,248
2022-01-16,22.3,248
2022-01-17,22.258,248
2022-01-18,22.356,248
2022-01-19,22.45,248
2022-01-20,22.5,248
2022-01-21,21.976,248
2022-01-22,21.969,248
2022-01-23,21.932,248
2022-01-24,21.868,248
2022-01-25,21.781,248
2022-01-26,21.396,248
2022-01-27,21.135,248
2022-01-28,21.39,248
2022-01-29,21.289,248
2022-01-30,21.299,248
2022-01-31,21.272,248
2022-02-01,21.399,248
2022-02-02,21.519,248
2022-02-03,21.403,248
2022-02-04,21.55,248
2022-02-05,20.77,248
2022-02-06,20.751,248
2022-02-07,20.62,248
2022-02-08,20.453,248
2022-02-09,20.472,248
2022-02-10,20.521,248
2022-02-11,20.608,248
2022-02-12,20.694,248
2022-02-13,20.745,248
2022-02-14,20.656,248
2022-02-15,20.862,248
2022-02-16,21.026,248
2022-02-17,20.988,248
2022-02-18,21.049,248
2022-02-19,20.863,248
2022-02-20,20.998,248
2022-02-21,21.496,248
2022-02-22,21.58,248
2022-02-23,21.637,248
2022-02-24,21.733,248
2022-02-25,21.953,248
2022-02-26,21.829,248
2022-02-27,21.637,248
2022-02-28,21.558,248
2022-03-01,21.557,248
2022-03-02,21.641,248
2022-03-03,21.928,248
2022-03-04,22.165,248
2022-03-05,22.362,248
2022-03-06,22.52,248
2022-03-07,22.618,248
2022-03-08,22.771,248
2022-03-09,22.549,248
2022-03-10,22.235,248
2022-03-11,21.716,248
2022-03-12,21.766,248
2022-03-13,21.56,248
2022-03-14,21.54,248
2022-03-15,21.428,248
2022-03-16,21.409,248
2022-03-17,21.398,248
2022-03-18,21.46,248
2022-03-19,21.507,248
2022-03-20,21.547,248
2022-03-21,21.548,248
2022-03-22,21.476,248
2022-03-23,21.301,248
2022-03-24,21.17,248
2022-03-25,21.191,248
2022-03-26,21.344,248
2022-03-27,21.479,248
2022-03-28,21.675,248
2022-03-29,21.842,248
2022-03-30,21.92,248
2022-03-31,21.817,248
2022-04-01,21.982,248
2022-04-02,21.955,248
2022-04-03,22.134,248
2022-04-04,22.083,248
2022-04-05,22.474,248
2022-04-06,22.333,248
2022-04-07,22.111,248
2022-04-08,21.932,248
2022-04-09,21.963,248
2022-04-10,22.054,248
2022-04-11,22.188,248
2022-04-12,22.107,248
2022-04-13,22.166,248
2022-04-14,22.146,248
2022-04-15,22.29,248
2022-04-16,23.482,248
2022-04-17,23.724,248
2022-04-18,23.616,248
2022-04-19,23.561,248
2022-04-20,23.08,248
2022-04-21,23.204,248
2022-04-22,23.311,248
2022-04-23,23.489,248
2022-04-24,23.68,248
2022-04-25,23.757,248
2022-04-26,23.849,248
2022-04-27,23.99,248
2022-04-28,24.098,248
2022-04-29,24.364,248
2022-04-30,24.436,248
2022-05-01,24.5,248
2022-05-02,24.711,248
2022-05-03,24.875,248
2022-05-04,24.933,248
2022-05-05,25.151,248
2022-05-06,25.267,248
2022-05-07,26.101,248
2022-05-08,26.021,248
2022-05-09,26.071,248
2022-05-10,26.096,248
2022-05-11,26.21,248
2022-05-12,26.345,248
2022-05-13,26.444,248
2022-05-14,26.882,248
2022-05-15,26.956,248
2022-05-16,27.101,248
2022-05-17,27.183,248
2022-05-18,27.232,248
2022-05-19,27.138,248
2022-05-20,27.063,248
2022-05-21,27.033,248
2022-05-22,27.022,248
2022-05-23,27.647,248
2022-05-24,27.577,248
2022-05-25,27.483,248
2022-05-26,27.109,248
2022-05-27,27.417,248
2022-05-28,27.375,248
2022-05-29,27.33,248
2022-05-30,27.302,248
2022-05-31,27.292,248
2022-06-01,27.602,248
2022-06-02,27.99,248
2022-06-03,28.17,248
2022-06-04,28.334,248
2022-06-05,28.375,248
2022-06-06,28.265,248
2022-06-07,28.31,248
2022-06-08,28.345,248
2022-06-09,28.556,248
2022-06-10,28.776,248
2022-06-11,28.872,248
2022-06-12,29.197,248
2022-06-13,29.107,248
2022-06-14,29.096,248
2022-06-15,29.168,248
2022-06-16,29.214,248
2022-06-17,29.618,248
2022-06-18,29.911,248
2022-06-19,29.877,248
2022-06-20,29.907,248
2022-06-21,30.097,248
2022-06-22,30.366,248
2022-06-23,30.532,248
2022-06-24,30.715,248
2022-06-25,30.854,248
2022-06-26,30.89,248
2022-06-27,30.884,248
2022-06-28,30.614,248
2022-06-29,29.96,248
2022-06-30,29.786,248
2022-07-01,29.64,248
2022-07-02,29.75,248
2022-07-03,29.84,248
2022-07-04,29.886,248
2022-07-05,30.066,248
2022-07-06,30.461,248
2022-07-07,30.466,248
2022-07-08,30.477,248
2022-07-09,30.399,248
2022-07-10,30.296,248
2022-07-11,30.288,248
2022-07-12,30.15,248
2022-07-13,30.127,248
2022-07-14,30.074,248
2022-07-15,30.499,248
2022-07-16,30.498,248
2022-07-17,30.476,248
2022-07-18,30.405,248
2022-07-19,30.342,248
2022-07-20,30.306,248
2022-07-21,30.326,248
2022-07-22,30.429,248
2022-07-23,30.666,248
2022-07-24,30.729,248
2022-07-25,30.75,248
2022-07-26,30.626,248
2022-07-27,30.541,248
2022-07-28,30.529,248
2022-07-29,30.55,248
2022-07-30,30.389,248
2022-07-31,30.327,248
2022-08-01,30.293,248
2022-08-02,30.34,248
2022-08-03,30.441,248
2022-08-04,30.325,248
2022-08-05,30.299,248
2022-08-06,30.175,248
2022-08-07,30.126,248
2022-08-08,30.109,248
2022-08-09,30.044,248
2022-08-10,30.104,248
2022-08-11,29.737,248
2022-08-12,29.577,248
2022-08-13,29.532,248
2022-08-14,29.46,248
2022-08-15,29.954,248
2022-08-16,29.926,248
2022-08-17,30.042,248
2022-08-18,30.039,248
2022-08-19,29.999,248
2022-08-20,29.994,248
2022-08-21,29.91,248
2022-08-22,29.844,248
2022-08-23,29.816,248
2022-08-24,29.845,248
2022-08-25,29.918,248
2022-08-26,29.933,248
2022-08-27,29.91,248
2022-08-28,29.911,248
2022-08-29,29.844,248
2022-08-30,29.608,248
2022-08-31,29.512,248
2022-09-01,29.958,248
2022-09-02,29.996,248
2022-09-03,30.004,248
2022-09-04,29.759,248
2022-09-05,29.815,248
2022-09-06,29.581,248
2022-09-07,29.403,248
2022-09-08,29.501,248
2022-09-09,29.68,248
2022-09-10,29.725,248
2022-09-11,29.799,248
2022-09-12,29.697,248
2022-09-13,29.643,248
2022-09-14,29.608,248
2022-09-15,29.583,248
2022-09-16,29.562,248
2022-09-17,29.592,248
2022-09-18,29.688,248
2022-09-19,29.664,248
2022-09-20,29.668,248
2022-09-21,29.627,248
2022-09-22,29.69,248
2022-09-23,29.651,248
2022-09-24,29.624,248
2022-09-25,29.646,248
2022-09-26,29.676,248
2022-09-27,29.24,248
2022-09-28,28.807,248
2022-09-29,28.569,248
2022-09-30,28.448,248
2022-10-01,28.16,248
2022-10-02,28.133,248
2022-10-03,28.056,248
2022-10-04,28.298,248
2022-10-05,28.328,248
2022-10-06,28.347,248
2022-10-07,28.13,248
2022-10-08,28.123,248
2022-10-09,28.113,248
2022-10-10,28.011,248
2022-10-11,27.946,248
2022-10-12,27.893,248
2022-10-13,27.918,248
2022-10-14,27.843,248
2022-10-15,27.848,248
2022-10-16,27.817,248
2022-10-17,27.852,248
2022-10-18,27.177,248
2022-10-19,27.093,248
2022-10-20,26.642,248
2022-10-21,26.405,248
2022-10-22,26.395,248
2022-10-23,26.624,248
2022-10-24,26.678,248
2022-10-25,26.482,248
2022-10-26,26.37,248
2022-10-27,26.346,248
2022-10-28,26.283,248
2022-10-29,26.383,248
2022-10-30,26.122,248
2022-10-31,26.148,248
2022-11-01,26.141,248
2022-11-02,26.381,248
2022-11-03,26.366,248
2022-11-04,26.333,248
2022-11-05,26.328,248
2022-11-06,26.451,248
2022-11-07,26.508,248
2022-11-08,26.526,248
2022-11-09,26.529,248
2022-11-10,26.468,248
2022-11-11,26.396,248
2022-11-12,26.419,248
2022-11-13,25.962,248
2022-11-14,25.82,248
2022-11-15,25.7,248
2022-11-16,25.614,248
2022-11-17,24.842,248
2022-11-18,24.902,248
2022-11-19,24.69,248
2022-11-20,24.288,248
2022-11-21,24.256,248
2022-11-22,24.485,248
2022-11-23,24.371,248
2022-11-24,24.393,248
2022-11-25,24.41,248
2022-11-26,24.276,248
2022-11-27,24.274,248
2022-11-28,24.444,248
2022-11-29,24.594,248
2022-11-30,24.56,248
2022-12-01,24.597,248
2022-12-02,24.709,248
2022-12-03,24.962,248
2022-12-04,25.077,248
2022-12-05,25.205,248
2022-12-06,25.194,248
2022-12-07,25.188,248
2022-12-08,25.224,248
2022-12-09,25.228,248
2022-12-10,25.359,248
2022-12-11,25.311,248
2022-12-12,25.25,248
2022-12-13,25.127,248
2022-12-14,24.85,248
2022-12-15,24.689,248
2022-12-16,24.662,248
2022-12-17,24.473,248
2022-12-18,24.024,248
2022-12-19,23.811,248
2022-12-20,23.829,248
2022-12-21,23.509,248
2022-12-22,23.294,248
2022-12-23,23.153,248
2022-12-24,23.148,248
2022-12-25,22.886,248
2022-12-26,22.672,248
2022-12-27,22.643,248
2022-12-28,22.681,248
2022-12-29,22.772,248
2022-12-30,22.866,248
2022-12-31,22.872,248
2023-01-01,22.871,248
2023-01-02,22.9,248
2023-01-03,23.045,248
2023-01-04,23.075,248
2023-01-05,23.083,248
2023-01-06,23.165,248
2023-01-07,23.156,248
2023-01-08,23.191,248
2023-01-09,23.164,248
2023-01-10,23.207,248
2023-01-11,23.24,248
2023-01-12,23.013,248
2023-01-13,22.78,248
2023-01-14,22.591,248
2023-01-15,22.513,248
2023-01-16,22.889,248
2023-01-17,22.796,248
2023-01-18,22.859,248
2023-01-19,22.817,248
2023-01-20,22.754,248
2023-01-21,22.492,248
2023-01-22,22.689,248
2023-01-23,22.64,248
2023-01-24,22.655,248
2023-01-25,22.247,248
2023-01-26,22.247,248
2023-01-27,22.24,248
2023-01-28,22.281,248
2023-01-29,22.797,248
2023-01-30,22.908,248
2023-01-31,22.985,248
2023-02-01,23.05,248
2023-02-02,23.051,248
2023-02-03,22.635,248
2023-02-04,22.496,248
2023-02-05,22.455,248
2023-02-06,22.472,248
2023-02-07,22.505,248
2023-02-08,22.535,248
2023-02-09,22.557,248
2023-02-10,22.435,248
2023-02-11,21.691,248
2023-02-12,21.834,248
2023-02-13,21.846,248
2023-02-14,21.733,248
2023-02-15,21.717,248
2023-02-16,21.695,248
2023-02-17,21.556,248
2023-02-18,21.496,248
2023-02-19,21.735,248
2023-02-20,21.861,248
2023-02-21,21.87,248
2023-02-22,21.873,248
2023-02-23,21.842,248
2023-02-24,22.022,248
2023-02-25,22.37,248
2023-02-26,22.65,248
2023-02-27,22.676,248
2023-02-28,22.825,248
2023-03-01,22.925,248
2023-03-02,22.539,248
2023-03-03,22.275,248
2023-03-04,22.391,248
2023-03-05,22.461,248
2023-03-06,22.709,248
2023-03-07,23.08,248
2023-03-08,23.312,248
2023-03-09,23.382,248
2023-03-10,23.645,248
2023-03-11,23.603,248
2023-03-12,23.604,248
2023-03-13,23.559,248
2023-03-14,22.966,248
2023-03-15,22.688,248
2023-03-16,22.573,248
2023-03-17,22.501,248
2023-03-18,22.226,248
2023-03-19,21.904,248
2023-03-20,21.93,248
2023-03-21,22.042,248
2023-03-22,22.152,248
2023-03-23,22.271,248
2023-03-24,22.407,248
2023-03-25,22.59,248
2023-03-26,22.903,248
2023-03-27,22.942,248
2023-03-28,23.068,248
2023-03-29,22.823,248
2023-03-30,22.858,248
2023-03-31,23.264,248
2023-04-01,23.577,248
2023-04-02,23.939,248
2023-04-03,23.842,248
2023-04-04,23.899,248
2023-04-05,23.752,248
2023-04-06,23.724,248
2023-04-07,23.767,248
2023-04-08,24.076,248
2023-04-09,24.043,248
2023-04-10,23.949,248
2023-04-11,23.953,248
2023-04-12,23.943,248
2023-04-13,23.928,248
2023-04-14,23.898,248
2023-04-15,24.148,248
2023-04-16,24.135,248
2023-04-17,24.107,248
2023-04-18,23.919,248
2023-04-19,23.94,248
2023-04-20,23.923,248
2023-04-21,24.061,248
2023-04-22,24.13,248
2023-04-23,24.106,248
2023-04-24,23.91,248
2023-04-25,23.751,248
2023-04-26,23.859,248
2023-04-27,23.974,248
2023-04-28,24.23,248
2023-04-29,23.994,248
2023-04-30,23.989,248
2023-05-01,24.034,248
2023-05-02,24.029,248
2023-05-03,24.098,248
2023-05-04,23.966,248
2023-05-05,24.708,248
2023-05-06,24.661,248
2023-05-07,24.708,248
2023-05-08,24.619,248
2023-05-09,24.734,248
2023-05-10,24.808,248
2023-05-11,24.901,248
2023-05-12,25.038,248
2023-05-13,25.16,248
2023-05-14,25.763,248
2023-05-15,26.214,248
2023-05-16,26.409,248
2023-05-17,26.491,248
2023-05-18,26.866,248
2023-05-19,26.866,248
2023-05-20,26.814,248
2023-05-21,26.894,248
2023-05-22,26.969,248
2023-05-23,27.063,248
2023-05-24,27.049,248
2023-05-25,27.104,248
2023-05-26,27.012,248
2023-05-27,27.042,248
2023-05-28,27.094,248
2023-05-29,26.953,248
2023-05-30,26.995,248
2023-05-31,27.13,248
2023-06-01,27.171,248
2023-06-02,27.352,248
2023-06-03,27.461,248
2023-06-04,27.513,248
2023-06-05,27.487,248
2023-06-06,27.498,248
2023-06-07,27.742,248
2023-06-08,27.97,248
2023-06-09,28.14,248
2023-06-10,28.205,248
2023-06-11,28.301,248
2023-06-12,28.251,248
2023-06-13,28.43,248
2023-06-14,28.514,248
2023-06-15,28.545,248
2023-06-16,28.579,248
2023-06-17,28.904,248
2023-06-18,29.245,248
2023-06-19,29.335,248
2023-06-20,29.405,248
2023-06-21,29.559,248
2023-06-22,29.943,248
2023-06-23,30.144,248
2023-06-24,30.356,248
2023-06-25,30.498,248
2023-06-26,30.554,248
2023-06-27,30.571,248
2023-06-28,30.671,248
2023-06-29,30.875,248
2023-06-30,31.066,248
2023-07-01,31.114,248
2023-07-02,30.903,248
2023-07-03,30.806,248
2023-07-04,30.845,248
2023-07-05,30.905,248
2023-07-06,31.074,248
2023-07-07,30.322,248
2023-07-08,30.382,248
2023-07-09,30.372,248
2023-07-10,30.388,248
2023-07-11,30.477,248
2023-07-12,30.519,248
2023-07-13,30.487,248
2023-07-14,30.458,248
2023-07-15,30.641,248
2023-07-16,30.777,248
2023-07-17,30.849,248
2023-07-18,30.938,248
2023-07-19,30.975,248
2023-07-20,31.412,248
2023-07-21,31.519,248
2023-07-22,31.415,248
2023-07-23,31.256,248
2023-07-24,31.204,248
2023-07-25,31.024,248
2023-07-26,31.102,248
2023-07-27,31.027,248
2023-07-28,31.249,248
2023-07-29,31.187,248
2023-07-30,31.18,248
2023-07-31,31.161,248
2023-08-01,31.345,248
2023-08-02,31.448,248
2023-08-03,31.417,248
2023-08-04,31.412,248
2023-08-05,31.403,248
2023-08-06,31.384,248
2023-08-07,31.416,248
2023-08-08,31.288,248
2023-08-09,31.161,248
2023-08-10,31.13,248
2023-08-11,31.182,248
2023-08-12,31.351,248
2023-08-13,31.527,248
2023-08-14,31.69,248
2023-08-15,31.726,248
2023-08-16,31.428,248
2023-08-17,31.313,248
2023-08-18,31.31,248
2023-08-19,31.355,248
2023-08-20,31.281,248
2023-08-21,31.105,248
2023-08-22,30.996,248
2023-08-23,30.567,248
2023-08-24,30.593,248
2023-08-25,30.699,248
2023-08-26,30.93,248
2023-08-27,30.99,248
2023-08-28,30.95,248
2023-08-29,30.844,248
2023-08-30,30.705,248
2023-08-31,30.743,248
2023-09-01,30.823,248
2023-09-02,30.814,248
2023-09-03,30.895,248
2023-09-04,30.837,248
2023-09-05,30.872,248
2023-09-06,30.809,248
2023-09-07,30.966,248
2023-09-08,30.898,248
2023-09-09,30.849,248
2023-09-10,30.72,248
2023-09-11,30.613,248
2023-09-12,30.579,248
2023-09-13,30.625,248
2023-09-14,30.828,248
2023-09-15,30.849,248
2023-09-16,30.853,248
2023-09-17,30.563,248
2023-09-18,30.635,248
2023-09-19,30.424,248
2023-09-20,30.399,248
2023-09-21,30.322,248
2023-09-22,30.274,248
2023-09-23,30.233,248
2023-09-24,30.225,248
2023-09-25,30.144,248
2023-09-26,30.131,248
2023-09-27,30.184,248
2023-09-28,30.161,248
2023-09-29,30.163,248
2023-09-30,29.983,248
2023-10-01,29.804,248
2023-10-02,29.739,248
2023-10-03,29.488,248
2023-10-04,29.433,248
2023-10-05,29.334,248
2023-10-06,29.251,248
2023-10-07,29.219,248
2023-10-08,28.817,248
2023-10-09,28.689,248
2023-10-10,28.7,248
2023-10-11,28.549,248
2023-10-12,28.334,248
2023-10-13,28.401,248
2023-10-14,28.33,248
2023-10-15,28.256,248
2023-10-16,27.849,248
2023-10-17,27.517,248
2023-10-18,27.568,248
2023-10-19,27.685,248
2023-10-20,27.756,248
2023-10-21,27.73,248
2023-10-22,27.7,248
2023-10-23,27.648,248
2023-10-24,27.572,248
2023-10-25,27.545,248
2023-10-26,27.512,248
2023-10-27,27.5,248
2023-10-28,27.489,248
2023-10-29,27.433,248
2023-10-30,27.415,248
2023-10-31,26.611,248
2023-11-01,26.355,248
2023-11-02,26.316,248
2023-11-03,26.276,248
2023-11-04,26.092,248
2023-11-05,26.045,248
2023-11-06,25.879,248
2023-11-07,26.039,248
2023-11-08,25.992,248
2023-11-09,25.962,248
2023-11-10,25.927,248
2023-11-11,25.785,248
2023-11-12,25.796,248
2023-11-13,25.439,248
2023-11-14,25.416,248
2023-11-15,25.318,248
2023-11-16,24.955,248
2023-11-17,25.324,248
2023-11-18,25.463,248
2023-11-19,25.547,248
2023-11-20,25.603,248
2023-11-21,25.638,248
2023-11-22,25.505,248
2023-11-23,24.834,248
2023-11-24,24.766,248
2023-11-25,24.691,248
2023-11-26,24.729,248
2023-11-27,24.637,248
2023-11-28,24.51,248
2023-11-29,24.513,248
2023-11-30,24.487,248
2023-12-01,24.08,248
2023-12-02,24.079,248
2023-12-03,24.137,248
2023-12-04,23.903,248
2023-12-05,23.808,248
2023-12-06,23.603,248
2023-12-07,23.796,248
2023-12-08,24.045,248
2023-12-09,24,248
2023-12-10,23.972,248
2023-12-11,23.74,248
2023-12-12,23.579,248
2023-12-13,23.306,248
2023-12-14,23.179,248
2023-12-15,23.065,248
2023-12-16,23.108,248
2023-12-17,23.056,248
2023-12-18,23.082,248
2023-12-19,23.118,248
2023-12-20,22.8,248
2023-12-21,22.763,248
2023-12-22,22.757,248
2023-12-23,22.742,248
2023-12-24,22.694,248
2023-12-25,22.64,248
2023-12-26,22.577,248
2023-12-27,22.575,248
2023-12-28,22.513,248
2023-12-29,22.443,248
2023-12-30,22.345,248
2023-12-31,22.325,248
2024-01-01,22.173,248
2024-01-02,21.904,248
2024-01-03,21.855,248
2024-01-04,21.793,248
2024-01-05,21.988,248
2024-01-06,21.958,248
2024-01-07,21.999,248
2024-01-08,21.597,248
2024-01-09,21.556,248
2024-01-10,21.534,248
2024-01-11,20.936,248
2024-01-12,21.18,248
2024-01-13,21.286,248
2024-01-14,21.427,248
2024-01-15,21.412,248
2024-01-16,21.458,248
2024-01-17,21.075,248
2024-01-18,20.838,248
2024-01-19,21.362,248
2024-01-20,21.337,248
2024-01-21,21.397,248
2024-01-22,20.976,248
2024-01-23,21.051,248
2024-01-24,21.003,248
2024-01-25,21.191,248
2024-01-26,21.467,248
2024-01-27,21.331,248
2024-01-28,21.213,248
2024-01-29,21.154,248
2024-01-30,21.138,248
2024-01-31,20.863,248
2024-02-01,21.265,248
2024-02-02,21.274,248
2024-02-03,21.008,248
2024-02-04,20.743,248
2024-02-05,20.702,248
2024-02-06,20.704,248
2024-02-07,20.76,248
2024-02-08,20.805,248
2024-02-09,20.873,248
2024-02-10,20.904,248
2024-02-11,20.85,248
2024-02-12,20.904,248
2024-02-13,20.843,248
2024-02-14,20.919,248
2024-02-15,20.896,248
2024-02-16,20.955,248
2024-02-17,20.566,248
2024-02-18,20.626,248
2024-02-19,20.709,248
2024-02-20,20.828,248
2024-02-21,20.875,248
2024-02-22,20.941,248
2024-02-23,20.848,248
2024-02-24,20.844,248
2024-02-25,20.898,248
2024-02-26,20.941,248
2024-02-27,21.073,248
2024-02-28,20.893,248
2024-02-29,20.923,248
2024-03-01,21.122,248
2024-03-02,21.115,248
2024-03-03,21.105,248
2024-03-04,22.17,248
2024-03-05,22.178,248
2024-03-06,22.273,248
2024-03-07,22.276,248
2024-03-08,22.29,248
2024-03-09,21.932,248
2024-03-10,21.693,248
2024-03-11,21.564,248
2024-03-12,21.844,248
2024-03-13,21.821,248
2024-03-14,21.926,248
2024-03-15,21.959,248
2024-03-16,22.266,248
2024-03-17,22.256,248
2024-03-18,22.221,248
2024-03-19,22.182,248
2024-03-20,22.113,248
2024-03-21,22.12,248
2024-03-22,22.075,248
2024-03-23,22.151,248
2024-03-24,22.14,248
2024-03-25,22.036,248
2024-03-26,22.137,248
2024-03-27,22.223,248
2024-03-28,22.22,248
2024-03-29,22.139,248
2024-03-30,22.157,248
2024-03-31,22.362,248
2024-04-01,22.309,248
2024-04-02,22.372,248
2024-04-03,22.485,248
2024-04-04,22.64,248
2024-04-05,22.709,248
2024-04-06,22.722,248
2024-04-07,22.681,248
2024-04-08,22.729,248
2024-04-09,22.779,248
2024-04-10,22.759,248
2024-04-11,22.688,248
2024-04-12,22.649,248
2024-04-13,22.633,248
2024-04-14,22.808,248
2024-04-15,22.883,248
2024-04-16,22.875,248
2024-04-17,22.767,248
2024-04-18,22.971,248
2024-04-19,23.745,248
2024-04-20,23.74,248
2024-04-21,23.37,248
2024-04-22,23.404,248
2024-04-23,23.584,248
2024-04-24,23.781,248
2024-04-25,23.77,248
2024-04-26,23.747,248
2024-04-27,24.079,248
2024-04-28,24.115,248
2024-04-29,24.175,248
2024-04-30,24.166,248
2024-05-01,24.324,248
2024-05-02,24.425,248
2024-05-03,24.664,248
2024-05-04,24.78,248
2024-05-05,24.963,248
2024-05-06,25.086,248
2024-05-07,25.052,248
2024-05-08,25.184,248
2024-05-09,25.527,248
2024-05-10,25.92,248
2024-05-11,26.004,248
2024-05-12,26.041,248
2024-05-13,26.018,248
2024-05-14,26.482,248
2024-05-15,26.341,248
2024-05-16,26.342,248
2024-05-17,26.154,248
2024-05-18,26.373,248
2024-05-19,26.536,248
2024-05-20,26.567,248
2024-05-21,26.672,248
2024-05-22,26.967,248
2024-05-23,27.191,248
2024-05-24,27.342,248
2024-05-25,27.444,248
2024-05-26,27.479,248
2024-05-27,27.492,248
2024-05-28,27.553,248
2024-05-29,27.793,248
2024-05-30,27.859,248
2024-05-31,27.874,248
2024-06-01,28.235,248
2024-06-02,28.299,248
2024-06-03,28.383,248
2024-06-04,28.437,248
2024-06-05,28.609,248
2024-06-06,28.782,248
2024-06-07,29.024,248
2024-06-08,29.152,248
2024-06-09,29.239,248
2024-06-10,29.618,248
2024-06-11,29.998,248
2024-06-12,30.701,248
2024-06-13,30.495,248
2024-06-14,30.205,248
2024-06-15,29.988,248
2024-06-16,29.889,248
2024-06-17,29.901,248
2024-06-18,29.736,248
2024-06-19,28.481,248
2024-06-20,28.665,248
2024-06-21,28.648,248
2024-06-22,28.628,248
2024-06-23,28.754,248
2024-06-24,28.949,248
2024-06-25,29.246,248
2024-06-26,29.439,248
2024-06-27,29.471,248
2024-06-28,29.434,248
2024-06-29,29.451,248
2024-06-30,29.481,248
2024-07-01,29.549,248
2024-07-02,30.006,248
2024-07-03,29.959,248
2024-07-04,30.457,248
2024-07-05,31.229,248
2024-07-06,31.195,248
2024-07-07,30.681,248
2024-07-08,29.608,248
2024-07-09,29.618,248
2024-07-10,29.818,248
2024-07-11,30.117,248
2024-07-12,30.232,248
2024-07-13,30.629,248
2024-07-14,30.82,248
2024-07-15,31.037,248
2024-07-16,30.699,248
2024-07-17,30.597,248
2024-07-18,30.422,248
2024-07-19,30.246,248
2024-07-20,30.251,248
2024-07-21,30.085,248
2024-07-22,29.904,248
2024-07-23,29.921,248
2024-07-24,29.952,248
2024-07-25,29.811,248
2024-07-26,29.74,248
2024-07-27,29.702,248
2024-07-28,29.744,248
2024-07-29,30.095,248
2024-07-30,30.232,248
2024-07-31,30.354,248
2024-08-01,30.464,248
2024-08-02,30.427,248
2024-08-03,30.573,248
2024-08-04,31.001,248
2024-08-05,31.079,248
2024-08-06,31.209,248
2024-08-07,31.233,248
2024-08-08,31.215,248
2024-08-09,31.104,248
2024-08-10,31.212,248
2024-08-11,31.292,248
2024-08-12,31.372,248
2024-08-13,31.546,248
2024-08-14,31.48,248
2024-08-15,31.622,248
2024-08-16,31.806,248
2024-08-17,31.823,248
2024-08-18,31.9,248
2024-08-19,31.816,248
2024-08-20,31.668,248
2024-08-21,31.377,248
2024-08-22,31.384,248
2024-08-23,31.398,248
2024-08-24,31.399,248
2024-08-25,31.232,248
2024-08-26,31.053,248
2024-08-27,30.89,248
2024-08-28,30.856,248
2024-08-29,30.313,248
2024-08-30,30.206,248
2024-08-31,30.182,248
2024-09-01,30.007,248
2024-09-02,30.04,248
2024-09-03,29.998,248
2024-09-04,29.922,248
2024-09-05,29.999,248
2024-09-06,30.022,248
2024-09-07,29.784,248
2024-09-08,29.539,248
2024-09-09,29.375,248
2024-09-10,29.358,248
2024-09-11,29.204,248
2024-09-12,28.805,248
2024-09-13,28.858,248
2024-09-14,28.892,248
2024-09-15,28.909,248
2024-09-16,29.41,248
2024-09-17,29.582,248
2024-09-18,29.787,248
2024-09-19,29.679,248
2024-09-20,29.703,248
2024-09-21,29.666,248
2024-09-22,29.688,248
2024-09-23,29.663,248
2024-09-24,29.587,248
2024-09-25,29.6,248
2024-09-26,29.521,248
2024-09-27,29.331,248
2024-09-28,29.098,248
2024-09-29,29.192,248
2024-09-30,29.151,248
2024-10-01,29.238,248
2024-10-02,29.287,248
2024-10-03,29.32,248
2024-10-04,29.254,248
2024-10-05,28.668,248
2024-10-06,28.897,248
2024-10-07,28.852,248
2024-10-08,28.779,248
2024-10-09,28.635,248
2024-10-10,28.593,248
2024-10-11,28.514,248
2024-10-12,28.37,248
2024-10-13,28.305,248
2024-10-14,28.334,248
2024-10-15,28.446,248
2024-10-16,28.335,248
2024-10-17,28.255,248
2024-10-18,28.158,248
2024-10-19,27.706,248
2024-10-20,27.695,248
2024-10-21,27.677,248
2024-10-22,27.755,248
2024-10-23,27.498,248
2024-10-24,27.381,248
2024-10-25,27.4,248
2024-10-26,27.347,248
2024-10-27,27.377,248
2024-10-28,27.3,248
2024-10-29,27.212,248
2024-10-30,27.227,248
2024-10-31,27.113,248
2024-11-01,27.311,248
2024-11-02,27.394,248
2024-11-03,27.266,248
2024-11-04,27.168,248
2024-11-05,27.215,248
2024-11-06,27.195,248
2024-11-07,27.151,248
2024-11-08,27.015,248
2024-11-09,26.889,248
2024-11-10,26.881,248
2024-11-11,26.849,248
2024-11-12,26.891,248
2024-11-13,26.905,248
2024-11-14,26.819,248
2024-11-15,26.726,248
2024-11-16,26.568,248
2024-11-17,26.537,248
2024-11-18,26.556,248
2024-11-19,26.458,248
2024-11-20,26.289,248
2024-11-21,26.221,248
2024-11-22,26.135,248
2024-11-23,26.066,248
2024-11-24,26.067,248
2024-11-25,26.061,248
2024-11-26,25.959,248
2024-11-27,25.951,248
2024-11-28,25.964,248
2024-11-29,25.97,248
2024-11-30,25.463,248
2024-12-01,25.374,248
2024-12-02,25.542,248
2024-12-03,25.555,248
2024-12-04,25.661,248
2024-12-05,25.197,248
2024-12-06,25.119,248
2024-12-07,25.108,248
2024-12-08,25.041,248
2024-12-09,25.104,248
2024-12-10,24.99,248
2024-12-11,24.808,248
2024-12-12,24.67,248
2024-12-13,24.623,248
2024-12-14,24.528,248
2024-12-15,24.605,248
2024-12-16,24.644,248
2024-12-17,24.682,248
2024-12-18,24.696,248
2024-12-19,24.51,248
2024-12-20,24.335,248
2024-12-21,24.198,248
2024-12-22,24.201,248
2024-12-23,24.191,248
2024-12-24,24.222,248
2024-12-25,24.228,248
2024-12-26,24.275,248
2024-12-27,24.325,248
2024-12-28,24.347,248
2024-12-29,24.291,248
2024-12-30,24.299,248
2024-12-31,24.2,248
2025-01-01,24.183,248
2025-01-02,23.931,248
2025-01-03,24.02,248
2025-01-04,24.047,248
2025-01-05,24.01,248
2025-01-06,24.031,248
2025-01-07,23.713,248
2025-01-08,23.428,248
2025-01-09,23.313,248
2025-01-10,23.13,248
2025-01-11,22.974,248
2025-01-12,22.725,248
2025-01-13,22.602,248
2025-01-14,22.519,248
2025-01-15,22.489,248
2025-01-16,23.05,248
2025-01-17,23.021,248
2025-01-18,22.94,248
2025-01-19,22.799,248
2025-01-20,22.79,248
2025-01-21,22.583,248
2025-01-22,22.116,248
2025-01-23,21.827,248
2025-01-24,21.809,248
2025-01-25,21.785,248
2025-01-26,21.741,248
2025-01-27,21.785,248
2025-01-28,21.897,248
2025-01-29,22.312,248
2025-01-30,22.317,248
2025-01-31,22.186,248
2025-02-01,22.188,248
2025-02-02,22.352,248
2025-02-03,22.533,248
2025-02-04,23.097,248
2025-02-05,23.259,248
2025-02-06,23.356,248
2025-02-07,23.364,248
2025-02-08,23.502,248
2025-02-09,23.66,248
2025-02-10,23.706,248
2025-02-11,23.671,248
2025-02-12,23.541,248
2025-02-13,23.364,248
2025-02-14,23.219,248
2025-02-15,23.147,248
2025-02-16,23.096,248
2025-02-17,22.867,248
2025-02-18,22.915,248
2025-02-19,22.676,248
2025-02-20,22.416,248
2025-02-21,22.155,248
2025-02-22,22.158,248
2025-02-23,22.142,248
2025-02-24,21.813,248
2025-02-25,22.058,248
2025-02-26,22.07,248
2025-02-27,22.172,248
2025-02-28,22.303,248
2025-03-01,22.299,248
2025-03-02,22.263,248
2025-03-03,22.105,248
2025-03-04,21.927,248
2025-03-05,21.904,248
2025-03-06,21.933,248
2025-03-07,21.957,248
2025-03-08,22.098,248
2025-03-09,22.007,248
2025-03-10,21.837,248
2025-03-11,21.666,248
2025-03-12,21.704,248
2025-03-13,21.844,248
2025-03-14,21.984,248
2025-03-15,22.067,248
2025-03-16,21.945,248
2025-03-17,21.897,248
2025-03-18,21.752,248
2025-03-19,21.734,248
2025-03-20,21.548,248
2025-03-21,21.568,248
2025-03-22,21.459,248
2025-03-23,22.275,248
2025-03-24,22.612,248
2025-03-25,22.686,248
2025-03-26,22.794,248
2025-03-27,22.604,248
2025-03-28,22.674,248
2025-03-29,22.805,248
2025-03-30,22.814,248
2025-03-31,23.127,248
2025-04-01,23.282,248
2025-04-02,23.281,248
2025-04-03,23.194,248
2025-04-04,23.174,248
2025-04-05,23.235,248
2025-04-06,23.244,248
2025-04-07,22.862,248
2025-04-08,22.724,248
2025-04-09,22.775,248
2025-04-10,22.812,248
2025-04-11,22.872,248
2025-04-12,22.901,248
2025-04-13,22.929,248
2025-04-14,22.924,248
2025-04-15,23.042,248
2025-04-16,23.167,248
2025-04-17,23.239,248
2025-04-18,23.331,248
2025-04-19,23.318,248
2025-04-20,23.642,248
2025-04-21,23.759,248
2025-04-22,23.958,248
2025-04-23,24.316,248
2025-04-24,24.481,248
2025-04-25,24.58,248
2025-04-26,24.812,248
2025-04-27,24.958,248
2025-04-28,25.068,248
2025-04-29,25.047,248
2025-04-30,24.972,248
2025-05-01,24.895,248
2025-05-02,24.902,248
2025-05-03,24.992,248
2025-05-04,25.089,248
2025-05-05,25.094,248
2025-05-06,25.05,248
2025-05-07,24.805,248
2025-05-08,24.938,248
2025-05-09,24.988,248
2025-05-10,25.051,248
2025-05-11,25.102,248
2025-05-12,25.028,248
2025-05-13,25.029,248
2025-05-14,25.183,248
2025-05-15,25.432,248
2025-05-16,25.633,248
2025-05-17,25.778,248
2025-05-18,25.99,248
2025-05-19,26.087,248
2025-05-20,26.236,248
2025-05-21,26.239,248
2025-05-22,26.417,248
2025-05-23,27.48,248
2025-05-24,27.579,248
2025-05-25,27.722,248
2025-05-26,27.766,248
2025-05-27,27.874,248
2025-05-28,27.817,248
2025-05-29,27.905,248
2025-05-30,28.131,248
2025-05-31,28.41,248
2025-06-01,28.749,248
2025-06-02,28.63,248
2025-06-03,28.545,248
2025-06-04,28.434,248
2025-06-05,28.687,248
2025-06-06,28.885,248
2025-06-07,28.968,248
2025-06-08,28.905,248
2025-06-09,29.279,248
2025-06-10,29.316,248
2025-06-11,29.267,248
2025-06-12,29.161,248
2025-06-13,29.102,248
2025-06-14,29.216,248
2025-06-15,29.306,248
2025-06-16,29.222,248
2025-06-17,29.39,248
2025-06-18,29.452,248
2025-06-19,29.452,248
2025-06-20,29.504,248
2025-06-21,29.566,248
2025-06-22,29.679,248
2025-06-23,29.732,248
2025-06-24,29.727,248
2025-06-25,29.852,248
2025-06-26,29.792,248
2025-06-27,29.78,248
2025-06-28,29.719,248
2025-06-29,29.701,248
2025-06-30,29.66,248
2025-07-01,29.554,248
2025-07-02,29.688,248
2025-07-03,29.552,248
2025-07-04,29.672,248
2025-07-05,30.072,248
2025-07-06,30.162,248
2025-07-07,30.231,248
2025-07-08,30.126,248
2025-07-09,30.101,248
2025-07-10,30.112,248
2025-07-11,30.206,248
2025-07-12,30.253,248
2025-07-13,30.299,248
2025-07-14,30.461,248
2025-07-15,30.608,248
2025-07-16,30.652,248
2025-07-17,30.325,248
2025-07-18,30.255,248
2025-07-19,30.453,248
2025-07-20,30.864,248
2025-07-21,31.073,248
2025-07-22,31.194,248
2025-07-23,31.306,248
2025-07-24,31.452,248
2025-07-25,30.411,248
2025-07-26,30.314,248
2025-07-27,30.387,248
2025-07-28,30.422,248
2025-07-29,30.458,248
2025-07-30,30.402,248
2025-07-31,30.304,248
2025-08-01,30.423,248
2025-08-02,30.413,248
2025-08-03,30.592,248
2025-08-04,30.573,248
2025-08-05,30.783,248
2025-08-06,31.083,248
2025-08-07,31.192,248
2025-08-08,31.236,248
2025-08-09,31.026,248
2025-08-10,31.05,248
2025-08-11,31.029,248
2025-08-12,31.045,248
2025-08-13,31.129,248
2025-08-14,31.339,248
2025-08-15,31.258,248
2025-08-16,31.086,248
2025-08-17,31.184,248
2025-08-18,31.229,248
2025-08-19,31.289,248
2025-08-20,31.18,248
2025-08-21,31.122,248
2025-08-22,31.167,248
2025-08-23,31.12,248
2025-08-24,30.86,248
2025-08-25,30.988,248
2025-08-26,30.94,248
2025-08-27,31.029,248
2025-08-28,30.87,248
2025-08-29,30.719,248
2025-08-30,30.882,248
2025-08-31,30.89,248
2025-09-01,30.987,248
2025-09-02,30.389,248
2025-09-03,30.385,248
2025-09-04,30.43,248
2025-09-05,30.526,248
2025-09-06,30.698,248
2025-09-07,30.876,248
2025-09-08,30.409,248
2025-09-09,30.366,248
2025-09-10,30.357,248
2025-09-11,30.324,248
2025-09-12,30.268,248
2025-09-13,30.182,248
2025-09-14,30.061,248
2025-09-15,29.944,248
2025-09-16,29.811,248
2025-09-17,29.663,248
2025-09-18,29.721,248
2025-09-19,29.708,248
2025-09-20,29.754,248
2025-09-21,29.739,248
2025-09-22,29.785,248
2025-09-23,29.809,248
2025-09-24,29.789,248
2025-09-25,29.541,248
2025-09-26,29.401,248
2025-09-27,29.373,248
2025-09-28,29.35,248
2025-09-29,29.268,248
2025-09-30,29.276,248
2025-10-01,29.277,248
2025-10-02,29.302,248
2025-10-03,29.196,248
2025-10-04,29.196,248
2025-10-05,29.077,248
2025-10-06,29.106,248
2025-10-07,29.034,248
2025-10-08,29.044,248
2025-10-09,28.978,248
2025-10-10,28.897,248
2025-10-11,28.769,248
2025-10-12,28.631,248
2025-10-13,28.511,248
2025-10-14,28.343,248
2025-10-15,28.314,248
2025-10-16,28.287,248
2025-10-17,28.262,248
2025-10-18,28.285,248
2025-10-19,28.139,248
2025-10-20,28.027,248
2025-10-21,28.015,248
2025-10-22,27.847,248
2025-10-23,27.976,248
2025-10-24,27.961,248
2025-10-25,28.053,248
2025-10-26,27.671,248
2025-10-27,27.773,248
2025-10-28,27.657,248
2025-10-29,27.488,248
2025-10-30,27.221,248
2025-10-31,26.89,248
2025-11-01,26.81,248
2025-11-02,26.687,248
2025-11-03,26.583,248
2025-11-04,26.503,248
2025-11-05,26.426,248
2025-11-06,26.534,248
2025-11-07,26.538,248
2025-11-08,26.599,248
2025-11-09,26.37,248
2025-11-10,26.074,248
2025-11-11,26.072,248
2025-11-12,25.873,248
2025-11-13,25.8,248
2025-11-14,25.792,248
2025-11-15,25.748,248
2025-11-16,25.65,248
2025-11-17,25.619,248
2025-11-18,25.684,248
2025-11-19,25.777,248
2025-11-20,25.77,248
2025-11-21,25.831,248
2025-11-22,25.841,248
2025-11-23,25.945,248
2025-11-24,25.978,248
2025-11-25,25.916,248
2025-11-26,25.799,248
2025-11-27,25.745,248
2025-11-28,25.643,248
2025-11-29,25.392,248
2025-11-30,25.211,248
2025-12-01,25.257,248
2025-12-02,25.091,248
2025-12-03,24.912,248
2025-12-04,24.874,248
2025-12-05,24.82,248
2025-12-06,25.114,248
2025-12-07,25.075,248
2025-12-08,24.75,248
2025-12-09,24.507,248
2025-12-10,24.327,248
2025-12-11,24.34,248
2025-12-12,24.456,248
2025-12-13,24.642,248
2025-12-14,24.652,248
2025-12-15,24.277,248
2025-12-16,24.253,248
2025-12-17,24.099,248
2025-12-18,23.969,248
2025-12-19,23.993,248
2025-12-20,23.987,248
2025-12-21,24.065,248
2025-12-22,24.175,248
2025-12-23,24.319,248
2025-12-24,24.369,248
2025-12-25,24.437,248
2025-12-26,24.543,248
2025-12-27,24.525,248
2025-12-28,24.582,248
2025-12-29,24.468,248
2025-12-30,23.706,248
2025-12-31,23.598,248
2026-01-01,23.532,248
2026-01-02,23.445,248
2026-01-03,23.237,248
2026-01-04,23.208,248
2026-01-05,23.234,248
2026-01-06,23.444,248
2026-01-07,23.607,248
2026-01-08,23.648,248
2026-01-09,23.721,248
2026-01-10,23.679,248
2026-01-11,23.368,248
2026-01-12,22.953,248
2026-01-13,22.981,248
2026-01-14,22.918,248
2026-01-15,23.001,248
2026-01-16,22.996,248
2026-01-17,22.449,248
2026-01-18,22.048,248
2026-01-19,22.065,248
2026-01-20,21.983,248
2026-01-21,22.411,248
2026-01-22,22.534,248
2026-01-23,22.509,248
2026-01-24,22.447,248
2026-01-25,22.354,248
2026-01-26,22.131,248
2026-01-27,21.553,248
2026-01-28,21.507,248
2026-01-29,21.357,248
2026-01-30,21.281,248
2026-01-31,20.947,248
2026-02-01,20.74,248
2026-02-02,20.808,248
2026-02-03,20.658,248
2026-02-04,20.547,248
2026-02-05,20.433,248
2026-02-06,20.458,248
2026-02-07,20.504,248
2026-02-08,20.689,248
2026-02-09,21.022,248
2026-02-10,21.413,248
2026-02-11,21.609,248
2026-02-12,21.977,248
2026-02-13,21.936,248
2026-02-14,21.954,248
2026-02-15,21.697,248
2026-02-16,21.685,248
2026-02-17,21.444,248
2026-02-18,21.542,248
2026-02-19,21.907,248
2026-02-20,22.204,248
2026-02-21,21.893,248
2026-02-22,21.607,248
2026-02-23,21.185,248
2026-02-24,21.122,248
2026-02-25,21.018,248
2026-02-26,21.128,248
2026-02-27,21.295,248
2026-02-28,21.501,248
2026-03-01,21.629,248
2026-03-02,21.907,248
2026-03-03,22.161,248
2026-03-04,22.337,248
2026-03-05,22.641,248
2026-03-06,22.842,248
2026-03-07,22.948,248
2026-03-08,23.014,248
2026-03-09,23.039,248
2026-03-10,23.329,248
2026-03-11,23.258,248
2026-03-12,23.017,248
2026-03-13,22.471,248
2026-03-14,22.488,248
2026-03-15,22.469,248
2026-03-16,21.946,248
2026-03-17,21.642,248
2026-03-18,21.683,248
2026-03-19,21.923,248
2026-03-20,22.146,248
2026-03-21,22.199,248
2026-03-22,22.255,248
2026-03-23,22.458,248
2026-03-24,22.818,248
2026-03-25,23.156,248
2026-03-26,23.235,248
2026-03-27,23.373,248
2026-03-28,23.336,248
2026-03-29,23.292,248
2026-03-30,23.291,248
2026-03-31,23.386,248
