date,sst,n_cells
1982-01-01,17.678,27
1982-01-02,17.72,27
1982-01-03,17.738,27
1982-01-04,17.881,27
1982-01-05,17.865,27
1982-01-06,17.886,27
1982-01-07,17.908,27
1982-01-08,17.876,27
1982-01-09,17.792,27
1982-01-10,17.591,27
1982-01-11,17.546,27
1982-01-12,17.614,27
1982-01-13,17.63,27
1982-01-14,17.603,27
1982-01-15,17.382,27
1982-01-16,17.38,27
1982-01-17,17.381,27
1982-01-18,17.406,27
1982-01-19,17.424,27
1982-01-20,17.511,27
1982-01-21,17.5,27
1982-01-22,17.214,27
1982-01-23,16.974,27
1982-01-24,17.153,27
1982-01-25,17.143,27
1982-01-26,17.114,27
1982-01-27,17.077,27
1982-01-28,17.157,27
1982-01-29,17.044,27
1982-01-30,16.667,27
1982-01-31,16.603,27
1982-02-01,16.532,27
1982-02-02,16.484,27
1982-02-03,16.444,27
1982-02-04,16.411,27
1982-02-05,17.808,27
1982-02-06,17.976,27
1982-02-07,17.956,27
1982-02-08,17.963,27
1982-02-09,17.8,27
1982-02-10,17.621,27
1982-02-11,17.553,27
1982-02-12,16.751,27
1982-02-13,16.964,27
1982-02-14,17.059,27
1982-02-15,17.245,27
1982-02-16,15.761,27
1982-02-17,15.36,27
1982-02-18,15.278,27
1982-02-19,14.206,27
1982-02-20,14.342,27
1982-02-21,14.469,27
1982-02-22,14.613,27
1982-02-23,14.732,27
1982-02-24,14.84,27
1982-02-25,14.969,27
1982-02-26,14.997,27
1982-02-27,15.073,27
1982-02-28,15.266,27
1982-03-01,15.398,27
1982-03-02,15.409,27
1982-03-03,15.522,27
1982-03-04,15.524,27
1982-03-05,15.504,27
1982-03-06,15.58,27
1982-03-07,15.597,27
1982-03-08,15.634,27
1982-03-09,15.579,27
1982-03-10,15.69,27
1982-03-11,15.725,27
1982-03-12,15.742,27
1982-03-13,15.767,27
1982-03-14,15.864,27
1982-03-15,15.824,27
1982-03-16,15.994,27
1982-03-17,16.089,27
1982-03-18,16.22,27
1982-03-19,16.345,27
1982-03-20,16.437,27
1982-03-21,16.438,27
1982-03-22,17.094,27
1982-03-23,17.635,27
1982-03-24,17.781,27
1982-03-25,17.927,27
1982-03-26,18.093,27
1982-03-27,18.16,27
1982-03-28,18.133,27
1982-03-29,18.181,27
1982-03-30,18.19,27
1982-03-31,18.378,27
1982-04-01,18.447,27
1982-04-02,18.459,27
1982-04-03,18.533,27
1982-04-04,18.624,27
1982-04-05,18.697,27
1982-04-06,18.647,27
1982-04-07,18.728,27
1982-04-08,18.73,27
1982-04-09,18.746,27
1982-04-10,18.608,27
1982-04-11,19.113,27
1982-04-12,19.271,27
1982-04-13,19.367,27
1982-04-14,19.49,27
1982-04-15,19.57,27
1982-04-16,19.613,27
1982-04-17,19.569,27
1982-04-18,19.769,27
1982-04-19,19.865,27
1982-04-20,20.03,27
1982-04-21,20.123,27
1982-04-22,20.286,27
1982-04-23,20.397,27
1982-04-24,20.34,27
1982-04-25,20.476,27
1982-04-26,20.516,27
1982-04-27,20.637,27
1982-04-28,20.713,27
1982-04-29,20.737,27
1982-04-30,20.791,27
1982-05-01,20.88,27
1982-05-02,21.094,27
1982-05-03,21.279,27
1982-05-04,19.896,27
1982-05-05,19.851,27
1982-05-06,20.262,27
1982-05-07,20.726,27
1982-05-08,20.796,27
1982-05-09,21.511,27
1982-05-10,21.57,27
1982-05-11,21.396,27
1982-05-12,21.474,27
1982-05-13,21.694,27
1982-05-14,21.841,27
1982-05-15,22.02,27
1982-05-16,22.385,27
1982-05-17,23.098,27
1982-05-18,23.09,27
1982-05-19,23.174,27
1982-05-20,23.326,27
1982-05-21,23.41,27
1982-05-22,23.597,27
1982-05-23,23.729,27
1982-05-24,23.842,27
1982-05-25,23.921,27
1982-05-26,24.043,27
1982-05-27,24.297,27
1982-05-28,24.391,27
1982-05-29,24.5,27
1982-05-30,24.494,27
1982-05-31,24.607,27
1982-06-01,24.703,27
1982-06-02,24.8,27
1982-06-03,24.842,27
1982-06-04,24.96,27
1982-06-05,25.844,27
1982-06-06,25.889,27
1982-06-07,25.771,27
1982-06-08,25.811,27
1982-06-09,26.076,27
1982-06-10,26.376,27
1982-06-11,26.422,27
1982-06-12,26.348,27
1982-06-13,26.34,27
1982-06-14,26.313,27
1982-06-15,27.499,27
1982-06-16,27.74,27
1982-06-17,27.77,27
1982-06-18,27.784,27
1982-06-19,26.286,27
1982-06-20,26.099,27
1982-06-21,26.088,27
1982-06-22,26.251,27
1982-06-23,26.343,27
1982-06-24,26.531,27
1982-06-25,26.618,27
1982-06-26,26.701,27
1982-06-27,26.788,27
1982-06-28,26.759,27
1982-06-29,26.84,27
1982-06-30,27.464,27
1982-07-01,27.754,27
1982-07-02,27.758,27
1982-07-03,27.827,27
1982-07-04,27.883,27
1982-07-05,27.933,27
1982-07-06,28.02,27
1982-07-07,28.007,27
1982-07-08,28.07,27
1982-07-09,27.919,27
1982-07-10,27.888,27
1982-07-11,27.929,27
1982-07-12,27.966,27
1982-07-13,27.829,27
1982-07-14,27.831,27
1982-07-15,27.845,27
1982-07-16,27.894,27
1982-07-17,27.891,27
1982-07-18,27.951,27
1982-07-19,27.973,27
1982-07-20,27.599,27
1982-07-21,27.413,27
1982-07-22,27.307,27
1982-07-23,27.46,27
1982-07-24,27.49,27
1982-07-25,27.812,27
1982-07-26,27.873,27
1982-07-27,27.882,27
1982-07-28,27.832,27
1982-07-29,27.755,27
1982-07-30,27.807,27
1982-07-31,27.734,27
1982-08-01,27.719,27
1982-08-02,27.658,27
1982-08-03,26.924,27
1982-08-04,26.796,27
1982-08-05,26.867,27
1982-08-06,26.916,27
1982-08-07,26.921,27
1982-08-08,26.989,27
1982-08-09,26.959,27
1982-08-10,26.962,27
1982-08-11,27.101,27
1982-08-12,27.087,27
1982-08-13,27.034,27
1982-08-14,27.157,27
1982-08-15,27.206,27
1982-08-16,26.981,27
1982-08-17,26.631,27
1982-08-18,26.617,27
1982-08-19,26.007,27
1982-08-20,26.14,27
1982-08-21,26.305,27
1982-08-22,26.702,27
1982-08-23,26.889,27
1982-08-24,27.034,27
1982-08-25,27.179,27
1982-08-26,27.186,27
1982-08-27,27.194,27
1982-08-28,27.207,27
1982-08-29,27.037,27
1982-08-30,26.816,27
1982-08-31,26.872,27
1982-09-01,27.146,27
1982-09-02,27.65,27
1982-09-03,27.646,27
1982-09-04,27.294,27
1982-09-05,27.147,27
1982-09-06,27.167,27
1982-09-07,26.914,27
1982-09-08,26.791,27
1982-09-09,26.747,27
1982-09-10,26.803,27
1982-09-11,26.823,27
1982-09-12,26.599,27
1982-09-13,26.194,27
1982-09-14,26.119,27
1982-09-15,26.203,27
1982-09-16,26.235,27
1982-09-17,26.344,27
1982-09-18,26.509,27
1982-09-19,26.674,27
1982-09-20,26.507,27
1982-09-21,26.321,27
1982-09-22,26.224,27
1982-09-23,26.228,27
1982-09-24,26.238,27
1982-09-25,26.245,27
1982-09-26,26.962,27
1982-09-27,26.71,27
1982-09-28,26.473,27
1982-09-29,26.17,27
1982-09-30,26.044,27
1982-10-01,25.418,27
1982-10-02,25.331,27
1982-10-03,24.878,27
1982-10-04,24.602,27
1982-10-05,24.586,27
1982-10-06,24.804,27
1982-10-07,24.759,27
1982-10-08,24.629,27
1982-10-09,25.099,27
1982-10-10,25.249,27
1982-10-11,25.235,27
1982-10-12,25.02,27
1982-10-13,24.857,27
1982-10-14,24.724,27
1982-10-15,24.637,27
1982-10-16,24.58,27
1982-10-17,24.64,27
1982-10-18,24.683,27
1982-10-19,23.473,27
1982-10-20,23.728,27
1982-10-21,24.004,27
1982-10-22,24.235,27
1982-10-23,24.011,27
1982-10-24,23.746,27
1982-10-25,23.713,27
1982-10-26,23.407,27
1982-10-27,22.073,27
1982-10-28,21.291,27
1982-10-29,21.131,27
1982-10-30,21.201,27
1982-10-31,21.272,27
1982-11-01,21.365,27
1982-11-02,21.557,27
1982-11-03,21.78,27
1982-11-04,20.934,27
1982-11-05,20.841,27
1982-11-06,20.837,27
1982-11-07,20.696,27
1982-11-08,20.633,27
1982-11-09,20.668,27
1982-11-10,20.681,27
1982-11-11,20.666,27
1982-11-12,19.973,27
1982-11-13,19.821,27
1982-11-14,19.568,27
1982-11-15,19.424,27
1982-11-16,19.438,27
1982-11-17,19.339,27
1982-11-18,19.295,27
1982-11-19,19.409,27
1982-11-20,19.48,27
1982-11-21,19.613,27
1982-11-22,20.352,27
1982-11-23,20.841,27
1982-11-24,21.023,27
1982-11-25,20.883,27
1982-11-26,20.773,27
1982-11-27,20.614,27
1982-11-28,20.576,27
1982-11-29,20.446,27
1982-11-30,20.371,27
1982-12-01,19.365,27
1982-12-02,19.467,27
1982-12-03,19.627,27
1982-12-04,19.895,27
1982-12-05,19.769,27
1982-12-06,19.541,27
1982-12-07,19.451,27
1982-12-08,19.345,27
1982-12-09,19.25,27
1982-12-10,19.13,27
1982-12-11,18.944,27
1982-12-12,18.922,27
1982-12-13,18.926,27
1982-12-14,18.853,27
1982-12-15,19.086,27
1982-12-16,18.89,27
1982-12-17,18.216,27
1982-12-18,18.182,27
1982-12-19,18.159,27
1982-12-20,18.135,27
1982-12-21,18.174,27
1982-12-22,18.171,27
1982-12-23,18.143,27
1982-12-24,17.849,27
1982-12-25,17.853,27
1982-12-26,17.737,27
1982-12-27,17.717,27
1982-12-28,17.77,27
1982-12-29,17.733,27
1982-12-30,17.692,27
1982-12-31,17.892,27
1983-01-01,18.049,27
1983-01-02,18.033,27
1983-01-03,18.082,27
1983-01-04,18.161,27
1983-01-05,18.179,27
1983-01-06,18.238,27
1983-01-07,18.221,27
1983-01-08,18.109,27
1983-01-09,18,27
1983-01-10,17.778,27
1983-01-11,17.743,27
1983-01-12,17.814,27
1983-01-13,17.761,27
1983-01-14,17.839,27
1983-01-15,17.678,27
1983-01-16,17.69,27
1983-01-17,17.687,27
1983-01-18,17.744,27
1983-01-19,17.764,27
1983-01-20,17.756,27
1983-01-21,17.701,27
1983-01-22,17.467,27
1983-01-23,17.297,27
1983-01-24,17.489,27
1983-01-25,17.388,27
1983-01-26,17.334,27
1983-01-27,17.29,27
1983-01-28,17.346,27
1983-01-29,17.218,27
1983-01-30,16.771,27
1983-01-31,16.689,27
1983-02-01,16.605,27
1983-02-02,16.556,27
1983-02-03,16.496,27
1983-02-04,16.506,27
1983-02-05,17.879,27
1983-02-06,18.004,27
1983-02-07,18.008,27
1983-02-08,18.074,27
1983-02-09,17.969,27
1983-02-10,17.811,27
1983-02-11,17.727,27
1983-02-12,16.937,27
1983-02-13,17.159,27
1983-02-14,17.241,27
1983-02-15,17.453,27
1983-02-16,17.206,27
1983-02-17,17.337,27
1983-02-18,17.351,27
1983-02-19,16.25,27
1983-02-20,16.173,27
1983-02-21,16.115,27
1983-02-22,16.099,27
1983-02-23,16.087,27
1983-02-24,16.061,27
1983-02-25,16.078,27
1983-02-26,16.009,27
1983-02-27,16.001,27
1983-02-28,16.097,27
1983-03-01,16.106,27
1983-03-02,16.06,27
1983-03-03,16.123,27
1983-03-04,16.102,27
1983-03-05,16.055,27
1983-03-06,16.079,27
1983-03-07,16.036,27
1983-03-08,16.044,27
1983-03-09,15.943,27
1983-03-10,16.027,27
1983-03-11,16.033,27
1983-03-12,16.015,27
1983-03-13,16.01,27
1983-03-14,16.048,27
1983-03-15,15.991,27
1983-03-16,16.133,27
1983-03-17,16.19,27
1983-03-18,16.217,27
1983-03-19,16.276,27
1983-03-20,16.37,27
1983-03-21,16.381,27
1983-03-22,16.401,27
1983-03-23,16.457,27
1983-03-24,16.436,27
1983-03-25,16.625,27
1983-03-26,16.849,27
1983-03-27,16.723,27
1983-03-28,16.677,27
1983-03-29,16.773,27
1983-03-30,16.853,27
1983-03-31,16.916,27
1983-04-01,17.015,27
1983-04-02,17.107,27
1983-04-03,17.275,27
1983-04-04,17.889,27
1983-04-05,17.97,27
1983-04-06,18.037,27
1983-04-07,18.406,27
1983-04-08,18.496,27
1983-04-09,18.562,27
1983-04-10,18.586,27
1983-04-11,18.546,27
1983-04-12,18.545,27
1983-04-13,18.566,27
1983-04-14,18.643,27
1983-04-15,18.809,27
1983-04-16,18.923,27
1983-04-17,18.941,27
1983-04-18,19.149,27
1983-04-19,19.309,27
1983-04-20,19.486,27
1983-04-21,19.637,27
1983-04-22,19.753,27
1983-04-23,19.834,27
1983-04-24,19.71,27
1983-04-25,19.768,27
1983-04-26,19.768,27
1983-04-27,19.607,27
1983-04-28,18.999,27
1983-04-29,18.806,27
1983-04-30,18.831,27
1983-05-01,19.164,27
1983-05-02,19.518,27
1983-05-03,19.84,27
1983-05-04,20.758,27
1983-05-05,20.958,27
1983-05-06,20.761,27
1983-05-07,20.644,27
1983-05-08,20.72,27
1983-05-09,20.93,27
1983-05-10,22.057,27
1983-05-11,22.092,27
1983-05-12,22.071,27
1983-05-13,21.63,27
1983-05-14,21.58,27
1983-05-15,21.645,27
1983-05-16,21.456,27
1983-05-17,21.333,27
1983-05-18,21.32,27
1983-05-19,21.653,27
1983-05-20,21.891,27
1983-05-21,21.832,27
1983-05-22,21.833,27
1983-05-23,21.942,27
1983-05-24,22.101,27
1983-05-25,22.328,27
1983-05-26,22.879,27
1983-05-27,23.081,27
1983-05-28,23.113,27
1983-05-29,23.359,27
1983-05-30,23.472,27
1983-05-31,23.476,27
1983-06-01,23.484,27
1983-06-02,23.513,27
1983-06-03,24.064,27
1983-06-04,24.34,27
1983-06-05,24.38,27
1983-06-06,24.567,27
1983-06-07,24.745,27
1983-06-08,24.225,27
1983-06-09,24.101,27
1983-06-10,24.259,27
1983-06-11,24.504,27
1983-06-12,24.566,27
1983-06-13,24.725,27
1983-06-14,24.726,27
1983-06-15,24.801,27
1983-06-16,24.788,27
1983-06-17,24.716,27
1983-06-18,24.653,27
1983-06-19,24.826,27
1983-06-20,25.106,27
1983-06-21,25.318,27
1983-06-22,25.535,27
1983-06-23,25.858,27
1983-06-24,25.821,27
1983-06-25,25.676,27
1983-06-26,25.551,27
1983-06-27,25.677,27
1983-06-28,26.157,27
1983-06-29,26.43,27
1983-06-30,27.003,27
1983-07-01,28.127,27
1983-07-02,29.137,27
1983-07-03,28.925,27
1983-07-04,28.528,27
1983-07-05,28.197,27
1983-07-06,28.426,27
1983-07-07,28.377,27
1983-07-08,28.215,27
1983-07-09,27.373,27
1983-07-10,27.288,27
1983-07-11,27.306,27
1983-07-12,27.359,27
1983-07-13,27.738,27
1983-07-14,27.774,27
1983-07-15,27.689,27
1983-07-16,27.847,27
1983-07-17,28.154,27
1983-07-18,28.505,27
1983-07-19,28.028,27
1983-07-20,28.124,27
1983-07-21,28.239,27
1983-07-22,28.282,27
1983-07-23,28.614,27
1983-07-24,28.777,27
1983-07-25,28.819,27
1983-07-26,28.823,27
1983-07-27,28.797,27
1983-07-28,28.777,27
1983-07-29,28.663,27
1983-07-30,28.774,27
1983-07-31,28.755,27
1983-08-01,28.682,27
1983-08-02,28.535,27
1983-08-03,28.396,27
1983-08-04,28.088,27
1983-08-05,28.128,27
1983-08-06,28.162,27
1983-08-07,28.159,27
1983-08-08,28.076,27
1983-08-09,28.179,27
1983-08-10,28.378,27
1983-08-11,28.62,27
1983-08-12,28.879,27
1983-08-13,28.94,27
1983-08-14,28.376,27
1983-08-15,28.217,27
1983-08-16,28.075,27
1983-08-17,27.618,27
1983-08-18,27.671,27
1983-08-19,27.767,27
1983-08-20,27.817,27
1983-08-21,28.441,27
1983-08-22,28.556,27
1983-08-23,28.526,27
1983-08-24,28.326,27
1983-08-25,28.155,27
1983-08-26,28.176,27
1983-08-27,28.163,27
1983-08-28,28.932,27
1983-08-29,29.103,27
1983-08-30,29.107,27
1983-08-31,29.18,27
1983-09-01,29.225,27
1983-09-02,28.703,27
1983-09-03,28.304,27
1983-09-04,27.69,27
1983-09-05,28.389,27
1983-09-06,28.93,27
1983-09-07,28.771,27
1983-09-08,28.499,27
1983-09-09,28.843,27
1983-09-10,29.257,27
1983-09-11,29.318,27
1983-09-12,29.299,27
1983-09-13,29.136,27
1983-09-14,29.031,27
1983-09-15,28.69,27
1983-09-16,28.529,27
1983-09-17,28.38,27
1983-09-18,28.23,27
1983-09-19,28.051,27
1983-09-20,27.926,27
1983-09-21,27.713,27
1983-09-22,27.575,27
1983-09-23,27.393,27
1983-09-24,27.313,27
1983-09-25,27.233,27
1983-09-26,26.926,27
1983-09-27,26.756,27
1983-09-28,26.595,27
1983-09-29,26.494,27
1983-09-30,24.386,27
1983-10-01,24.334,27
1983-10-02,24.366,27
1983-10-03,24.533,27
1983-10-04,24.85,27
1983-10-05,25.281,27
1983-10-06,25.16,27
1983-10-07,24.956,27
1983-10-08,24.478,27
1983-10-09,24.431,27
1983-10-10,24.411,27
1983-10-11,24.308,27
1983-10-12,24.681,27
1983-10-13,24.74,27
1983-10-14,24.74,27
1983-10-15,24.584,27
1983-10-16,24.478,27
1983-10-17,24.356,27
1983-10-18,24.071,27
1983-10-19,24.039,27
1983-10-20,24.038,27
1983-10-21,23.934,27
1983-10-22,23.918,27
1983-10-23,23.647,27
1983-10-24,23.071,27
1983-10-25,22.811,27
1983-10-26,22.555,27
1983-10-27,22.384,27
1983-10-28,22.3,27
1983-10-29,22.278,27
1983-10-30,22.269,27
1983-10-31,22.222,27
1983-11-01,22.126,27
1983-11-02,21.621,27
1983-11-03,21.57,27
1983-11-04,21.565,27
1983-11-05,21.193,27
1983-11-06,21.119,27
1983-11-07,21.077,27
1983-11-08,21.05,27
1983-11-09,20.814,27
1983-11-10,20.726,27
1983-11-11,20.731,27
1983-11-12,20.669,27
1983-11-13,20.306,27
1983-11-14,20.432,27
1983-11-15,20.606,27
1983-11-16,20.727,27
1983-11-17,20.171,27
1983-11-18,19.971,27
1983-11-19,19.882,27
1983-11-20,19.48,27
1983-11-21,18.877,27
1983-11-22,18.801,27
1983-11-23,18.802,27
1983-11-24,18.914,27
1983-11-25,18.904,27
1983-11-26,19.08,27
1983-11-27,19.314,27
1983-11-28,19.175,27
1983-11-29,18.997,27
1983-11-30,18.906,27
1983-12-01,19.094,27
1983-12-02,19.134,27
1983-12-03,18.303,27
1983-12-04,18.366,27
1983-12-05,18.408,27
1983-12-06,18.266,27
1983-12-07,17.939,27
1983-12-08,17.824,27
1983-12-09,17.681,27
1983-12-10,17.685,27
1983-12-11,17.612,27
1983-12-12,17.696,27
1983-12-13,17.76,27
1983-12-14,17.776,27
1983-12-15,18.097,27
1983-12-16,17.993,27
1983-12-17,17.408,27
1983-12-18,17.438,27
1983-12-19,17.492,27
1983-12-20,17.531,27
1983-12-21,17.526,27
1983-12-22,17.572,27
1983-12-23,17.61,27
1983-12-24,17.519,27
1983-12-25,17.47,27
1983-12-26,17.273,27
1983-12-27,17.254,27
1983-12-28,17.322,27
1983-12-29,17.307,27
1983-12-30,17.21,27
1983-12-31,17.22,27
1984-01-01,17.238,27
1984-01-02,17.181,27
1984-01-03,17.319,27
1984-01-04,17.461,27
1984-01-05,17.527,27
1984-01-06,17.567,27
1984-01-07,17.538,27
1984-01-08,17.438,27
1984-01-09,17.361,27
1984-01-10,17.224,27
1984-01-11,17.229,27
1984-01-12,17.344,27
1984-01-13,17.383,27
1984-01-14,17.449,27
1984-01-15,17.256,27
1984-01-16,17.259,27
1984-01-17,17.297,27
1984-01-18,17.344,27
1984-01-19,17.377,27
1984-01-20,17.391,27
1984-01-21,17.388,27
1984-01-22,17.199,27
1984-01-23,17.053,27
1984-01-24,17.227,27
1984-01-25,17.206,27
1984-01-26,17.176,27
1984-01-27,17.203,27
1984-01-28,17.246,27
1984-01-29,17.066,27
1984-01-30,16.688,27
1984-01-31,16.542,27
1984-02-01,16.471,27
1984-02-02,16.437,27
1984-02-03,16.418,27
1984-02-04,16.439,27
1984-02-05,17.817,27
1984-02-06,17.894,27
1984-02-07,17.857,27
1984-02-08,17.907,27
1984-02-09,17.866,27
1984-02-10,17.728,27
1984-02-11,17.684,27
1984-02-12,16.891,27
1984-02-13,17.117,27
1984-02-14,17.207,27
1984-02-15,17.354,27
1984-02-16,17.1,27
1984-02-17,17.189,27
1984-02-18,17.184,27
1984-02-19,16.087,27
1984-02-20,16.023,27
1984-02-21,15.996,27
1984-02-22,16.01,27
1984-02-23,16.015,27
1984-02-24,16.064,27
1984-02-25,16.115,27
1984-02-26,16.058,27
1984-02-27,16.07,27
1984-02-28,16.173,27
1984-02-29,16.21,27
1984-03-01,16.133,27
1984-03-02,16.102,27
1984-03-03,16.158,27
1984-03-04,16.125,27
1984-03-05,16.057,27
1984-03-06,16.086,27
1984-03-07,16.041,27
1984-03-08,16.029,27
1984-03-09,15.933,27
1984-03-10,15.992,27
1984-03-11,15.923,27
1984-03-12,15.85,27
1984-03-13,15.779,27
1984-03-14,15.807,27
1984-03-15,15.741,27
1984-03-16,15.907,27
1984-03-17,16.037,27
1984-03-18,16.143,27
1984-03-19,16.296,27
1984-03-20,16.409,27
1984-03-21,16.111,27
1984-03-22,16.011,27
1984-03-23,16.896,27
1984-03-24,17.439,27
1984-03-25,17.666,27
1984-03-26,17.676,27
1984-03-27,17.63,27
1984-03-28,17.605,27
1984-03-29,16.616,27
1984-03-30,16.563,27
1984-03-31,16.569,27
1984-04-01,16.758,27
1984-04-02,16.752,27
1984-04-03,16.776,27
1984-04-04,16.841,27
1984-04-05,16.807,27
1984-04-06,16.774,27
1984-04-07,16.713,27
1984-04-08,16.563,27
1984-04-09,16.733,27
1984-04-10,16.877,27
1984-04-11,17.165,27
1984-04-12,17.16,27
1984-04-13,17.181,27
1984-04-14,17.427,27
1984-04-15,17.49,27
1984-04-16,17.267,27
1984-04-17,17.281,27
1984-04-18,17.353,27
1984-04-19,17.594,27
1984-04-20,17.779,27
1984-04-21,17.921,27
1984-04-22,18.356,27
1984-04-23,18.911,27
1984-04-24,18.789,27
1984-04-25,18.75,27
1984-04-26,18.769,27
1984-04-27,18.943,27
1984-04-28,19.131,27
1984-04-29,19.263,27
1984-04-30,19.418,27
1984-05-01,19.604,27
1984-05-02,20.097,27
1984-05-03,21.384,27
1984-05-04,21.419,27
1984-05-05,21.233,27
1984-05-06,20.966,27
1984-05-07,21.926,27
1984-05-08,22.04,27
1984-05-09,21.592,27
1984-05-10,21.469,27
1984-05-11,21.484,27
1984-05-12,21.465,27
1984-05-13,21.865,27
1984-05-14,21.937,27
1984-05-15,21.867,27
1984-05-16,21.863,27
1984-05-17,21.898,27
1984-05-18,21.882,27
1984-05-19,21.816,27
1984-05-20,21.757,27
1984-05-21,21.689,27
1984-05-22,21.87,27
1984-05-23,22.099,27
1984-05-24,22.512,27
1984-05-25,22.465,27
1984-05-26,22.462,27
1984-05-27,22.76,27
1984-05-28,22.887,27
1984-05-29,23.054,27
1984-05-30,23.158,27
1984-05-31,22.964,27
1984-06-01,22.93,27
1984-06-02,23.037,27
1984-06-03,23.347,27
1984-06-04,23.547,27
1984-06-05,23.676,27
1984-06-06,23.72,27
1984-06-07,23.984,27
1984-06-08,24.443,27
1984-06-09,24.487,27
1984-06-10,24.514,27
1984-06-11,24.842,27
1984-06-12,24.968,27
1984-06-13,25.006,27
1984-06-14,25.023,27
1984-06-15,25.409,27
1984-06-16,25.472,27
1984-06-17,25.494,27
1984-06-18,26.113,27
1984-06-19,26.26,27
1984-06-20,26.247,27
1984-06-21,26.139,27
1984-06-22,26.3,27
1984-06-23,25.999,27
1984-06-24,25.831,27
1984-06-25,26.342,27
1984-06-26,26.857,27
1984-06-27,26.906,27
1984-06-28,26.741,27
1984-06-29,26.417,27
1984-06-30,26.325,27
1984-07-01,26.304,27
1984-07-02,26.991,27
1984-07-03,27.057,27
1984-07-04,27.112,27
1984-07-05,27.016,27
1984-07-06,26.908,27
1984-07-07,26.759,27
1984-07-08,26.793,27
1984-07-09,26.876,27
1984-07-10,26.932,27
1984-07-11,27.169,27
1984-07-12,27.361,27
1984-07-13,27.553,27
1984-07-14,27.67,27
1984-07-15,27.693,27
1984-07-16,27.773,27
1984-07-17,27.605,27
1984-07-18,27.544,27
1984-07-19,27.547,27
1984-07-20,27.6,27
1984-07-21,27.646,27
1984-07-22,27.55,27
1984-07-23,27.394,27
1984-07-24,27.201,27
1984-07-25,27.153,27
1984-07-26,27.151,27
1984-07-27,27.231,27
1984-07-28,27.322,27
1984-07-29,27.32,27
1984-07-30,27.504,27
1984-07-31,27.568,27
1984-08-01,27.541,27
1984-08-02,26.65,27
1984-08-03,26.38,27
1984-08-04,26.429,27
1984-08-05,26.67,27
1984-08-06,26.938,27
1984-08-07,27.072,27
1984-08-08,27.29,27
1984-08-09,27.484,27
1984-08-10,27.582,27
1984-08-11,27.593,27
1984-08-12,28.055,27
1984-08-13,28.105,27
1984-08-14,28.074,27
1984-08-15,28.084,27
1984-08-16,28.193,27
1984-08-17,28.388,27
1984-08-18,28.564,27
1984-08-19,28.136,27
1984-08-20,27.876,27
1984-08-21,27.867,27
1984-08-22,27.635,27
1984-08-23,27.633,27
1984-08-24,27.615,27
1984-08-25,27.584,27
1984-08-26,27.56,27
1984-08-27,27.423,27
1984-08-28,27.413,27
1984-08-29,27.144,27
1984-08-30,26.4,27
1984-08-31,26.2,27
1984-09-01,27.242,27
1984-09-02,27.43,27
1984-09-03,27.443,27
1984-09-04,27.507,27
1984-09-05,27.472,27
1984-09-06,26.642,27
1984-09-07,26.159,27
1984-09-08,25.997,27
1984-09-09,25.879,27
1984-09-10,26.012,27
1984-09-11,26.161,27
1984-09-12,26.086,27
1984-09-13,25.671,27
1984-09-14,25.643,27
1984-09-15,25.926,27
1984-09-16,26.155,27
1984-09-17,26.291,27
1984-09-18,26.337,27
1984-09-19,26.114,27
1984-09-20,25.089,27
1984-09-21,24.879,27
1984-09-22,24.712,27
1984-09-23,24.57,27
1984-09-24,24.547,27
1984-09-25,24.664,27
1984-09-26,24.727,27
1984-09-27,24.753,27
1984-09-28,24.634,27
1984-09-29,24.769,27
1984-09-30,23.994,27
1984-10-01,23.485,27
1984-10-02,23.413,27
1984-10-03,23.398,27
1984-10-04,23.394,27
1984-10-05,23.353,27
1984-10-06,23.159,27
1984-10-07,23.074,27
1984-10-08,22.967,27
1984-10-09,23.042,27
1984-10-10,23.116,27
1984-10-11,23.079,27
1984-10-12,23.11,27
1984-10-13,23.174,27
1984-10-14,23.169,27
1984-10-15,23.137,27
1984-10-16,23.197,27
1984-10-17,23.224,27
1984-10-18,23.369,27
1984-10-19,24.704,27
1984-10-20,24.736,27
1984-10-21,24.458,27
1984-10-22,24.504,27
1984-10-23,24.615,27
1984-10-24,24.457,27
1984-10-25,24.257,27
1984-10-26,23.878,27
1984-10-27,23.648,27
1984-10-28,23.541,27
1984-10-29,23.476,27
1984-10-30,24.171,27
1984-10-31,24.528,27
1984-11-01,24.403,27
1984-11-02,24.334,27
1984-11-03,23.906,27
1984-11-04,23.829,27
1984-11-05,23.679,27
1984-11-06,23.744,27
1984-11-07,23.87,27
1984-11-08,23.37,27
1984-11-09,22.235,27
1984-11-10,21.243,27
1984-11-11,20.987,27
1984-11-12,20.807,27
1984-11-13,20.492,27
1984-11-14,20.45,27
1984-11-15,20.459,27
1984-11-16,20.629,27
1984-11-17,20.512,27
1984-11-18,20.67,27
1984-11-19,20.765,27
1984-11-20,20.798,27
1984-11-21,20.392,27
1984-11-22,20.165,27
1984-11-23,19.944,27
1984-11-24,19.885,27
1984-11-25,19.838,27
1984-11-26,19.846,27
1984-11-27,19.756,27
1984-11-28,19.655,27
1984-11-29,19.49,27
1984-11-30,19.396,27
1984-12-01,19.298,27
1984-12-02,19.084,27
1984-12-03,19.136,27
1984-12-04,19.047,27
1984-12-05,18.984,27
1984-12-06,18.816,27
1984-12-07,18.794,27
1984-12-08,18.766,27
1984-12-09,18.714,27
1984-12-10,18.621,27
1984-12-11,18.447,27
1984-12-12,18.42,27
1984-12-13,18.457,27
1984-12-14,18.407,27
1984-12-15,18.699,27
1984-12-16,18.531,27
1984-12-17,17.892,27
1984-12-18,17.851,27
1984-12-19,17.879,27
1984-12-20,17.926,27
1984-12-21,17.981,27
1984-12-22,18.016,27
1984-12-23,18.049,27
1984-12-24,17.917,27
1984-12-25,17.861,27
1984-12-26,17.692,27
1984-12-27,18.226,27
1984-12-28,18.907,27
1984-12-29,19.165,27
1984-12-30,19.24,27
1984-12-31,19.348,27
1985-01-01,19.431,27
1985-01-02,19.346,27
1985-01-03,19.306,27
1985-01-04,19.295,27
1985-01-05,19.046,27
1985-01-06,18.953,27
1985-01-07,18.845,27
1985-01-08,18.76,27
1985-01-09,18.577,27
1985-01-10,18.333,27
1985-01-11,18.307,27
1985-01-12,18.333,27
1985-01-13,18.287,27
1985-01-14,18.037,27
1985-01-15,17.676,27
1985-01-16,17.597,27
1985-01-17,17.525,27
1985-01-18,17.56,27
1985-01-19,17.463,27
1985-01-20,17.439,27
1985-01-21,17.298,27
1985-01-22,16.96,27
1985-01-23,16.76,27
1985-01-24,16.96,27
1985-01-25,16.985,27
1985-01-26,16.973,27
1985-01-27,16.938,27
1985-01-28,17.008,27
1985-01-29,17.026,27
1985-01-30,16.739,27
1985-01-31,16.717,27
1985-02-01,16.561,27
1985-02-02,16.544,27
1985-02-03,16.509,27
1985-02-04,16.457,27
1985-02-05,17.808,27
1985-02-06,17.946,27
1985-02-07,17.953,27
1985-02-08,18.008,27
1985-02-09,17.894,27
1985-02-10,17.73,27
1985-02-11,17.652,27
1985-02-12,16.861,27
1985-02-13,17.079,27
1985-02-14,17.199,27
1985-02-15,17.299,27
1985-02-16,17.034,27
1985-02-17,17.129,27
1985-02-18,17.114,27
1985-02-19,16.011,27
1985-02-20,15.854,27
1985-02-21,15.824,27
1985-02-22,15.831,27
1985-02-23,15.899,27
1985-02-24,15.949,27
1985-02-25,15.954,27
1985-02-26,15.866,27
1985-02-27,15.886,27
1985-02-28,15.987,27
1985-03-01,16.035,27
1985-03-02,16.137,27
1985-03-03,15.877,27
1985-03-04,15.89,27
1985-03-05,15.877,27
1985-03-06,15.894,27
1985-03-07,15.898,27
1985-03-08,15.919,27
1985-03-09,15.854,27
1985-03-10,15.959,27
1985-03-11,15.975,27
1985-03-12,15.986,27
1985-03-13,16.136,27
1985-03-14,16.241,27
1985-03-15,16.224,27
1985-03-16,16.373,27
1985-03-17,16.437,27
1985-03-18,16.545,27
1985-03-19,16.538,27
1985-03-20,16.61,27
1985-03-21,16.606,27
1985-03-22,16.604,27
1985-03-23,16.627,27
1985-03-24,16.593,27
1985-03-25,16.736,27
1985-03-26,16.909,27
1985-03-27,16.867,27
1985-03-28,16.778,27
1985-03-29,16.834,27
1985-03-30,17.442,27
1985-03-31,17.477,27
1985-04-01,17.507,27
1985-04-02,17.381,27
1985-04-03,17.146,27
1985-04-04,17.199,27
1985-04-05,17.469,27
1985-04-06,17.783,27
1985-04-07,17.524,27
1985-04-08,17.762,27
1985-04-09,17.679,27
1985-04-10,17.559,27
1985-04-11,17.482,27
1985-04-12,17.504,27
1985-04-13,17.675,27
1985-04-14,17.931,27
1985-04-15,18.076,27
1985-04-16,18.348,27
1985-04-17,18.359,27
1985-04-18,18.379,27
1985-04-19,18.753,27
1985-04-20,19.156,27
1985-04-21,19.259,27
1985-04-22,19.139,27
1985-04-23,19.168,27
1985-04-24,19.25,27
1985-04-25,19.517,27
1985-04-26,19.682,27
1985-04-27,21.751,27
1985-04-28,22.463,27
1985-04-29,22.185,27
1985-04-30,21.699,27
1985-05-01,21.049,27
1985-05-02,21.335,27
1985-05-03,21.503,27
1985-05-04,21.459,27
1985-05-05,21.314,27
1985-05-06,21.477,27
1985-05-07,21.579,27
1985-05-08,21.687,27
1985-05-09,21.811,27
1985-05-10,22.064,27
1985-05-11,22.247,27
1985-05-12,22.583,27
1985-05-13,22.436,27
1985-05-14,23.093,27
1985-05-15,23.187,27
1985-05-16,23.343,27
1985-05-17,23.451,27
1985-05-18,23.479,27
1985-05-19,23.368,27
1985-05-20,24.671,27
1985-05-21,25.104,27
1985-05-22,25.142,27
1985-05-23,25.136,27
1985-05-24,24.261,27
1985-05-25,24.237,27
1985-05-26,24.161,27
1985-05-27,24.195,27
1985-05-28,24.248,27
1985-05-29,24.311,27
1985-05-30,24.367,27
1985-05-31,24.552,27
1985-06-01,25.409,27
1985-06-02,25.833,27
1985-06-03,25.941,27
1985-06-04,26.052,27
1985-06-05,26.027,27
1985-06-06,26.103,27
1985-06-07,26.92,27
1985-06-08,27.027,27
1985-06-09,27.039,27
1985-06-10,27.167,27
1985-06-11,27.165,27
1985-06-12,27.03,27
1985-06-13,26.934,27
1985-06-14,26.847,27
1985-06-15,26.993,27
1985-06-16,27.004,27
1985-06-17,27.079,27
1985-06-18,27.14,27
1985-06-19,27.09,27
1985-06-20,25.817,27
1985-06-21,26.002,27
1985-06-22,26.144,27
1985-06-23,26.278,27
1985-06-24,26.908,27
1985-06-25,26.91,27
1985-06-26,26.903,27
1985-06-27,27.043,27
1985-06-28,27.032,27
1985-06-29,27.084,27
1985-06-30,27.181,27
1985-07-01,26.975,27
1985-07-02,26.976,27
1985-07-03,26.986,27
1985-07-04,27.068,27
1985-07-05,27.201,27
1985-07-06,27.359,27
1985-07-07,27.405,27
1985-07-08,27.549,27
1985-07-09,27.463,27
1985-07-10,27.444,27
1985-07-11,27.447,27
1985-07-12,27.492,27
1985-07-13,27.492,27
1985-07-14,27.813,27
1985-07-15,27.963,27
1985-07-16,28.054,27
1985-07-17,28.06,27
1985-07-18,28.063,27
1985-07-19,28.016,27
1985-07-20,28,27
1985-07-21,28.039,27
1985-07-22,28.079,27
1985-07-23,28.093,27
1985-07-24,28.171,27
1985-07-25,28.192,27
1985-07-26,28.257,27
1985-07-27,28.286,27
1985-07-28,28.316,27
1985-07-29,28.069,27
1985-07-30,28.124,27
1985-07-31,28.164,27
1985-08-01,28.164,27
1985-08-02,28.075,27
1985-08-03,27.03,27
1985-08-04,26.935,27
1985-08-05,26.919,27
1985-08-06,27.394,27
1985-08-07,27.508,27
1985-08-08,27.511,27
1985-08-09,27.339,27
1985-08-10,27.76,27
1985-08-11,27.867,27
1985-08-12,27.905,27
1985-08-13,27.981,27
1985-08-14,28.078,27
1985-08-15,28.086,27
1985-08-16,28.053,27
1985-08-17,28.07,27
1985-08-18,28.506,27
1985-08-19,28.616,27
1985-08-20,28.592,27
1985-08-21,28.582,27
1985-08-22,28.224,27
1985-08-23,28.181,27
1985-08-24,28.176,27
1985-08-25,28.091,27
1985-08-26,28.211,27
1985-08-27,28.317,27
1985-08-28,28.329,27
1985-08-29,28.341,27
1985-08-30,28.364,27
1985-08-31,28.332,27
1985-09-01,28.284,27
1985-09-02,27.432,27
1985-09-03,27.344,27
1985-09-04,27.419,27
1985-09-05,27.545,27
1985-09-06,27.889,27
1985-09-07,28.545,27
1985-09-08,28.993,27
1985-09-09,28.787,27
1985-09-10,28.419,27
1985-09-11,28.187,27
1985-09-12,28.161,27
1985-09-13,27.896,27
1985-09-14,27.686,27
1985-09-15,26.432,27
1985-09-16,26.413,27
1985-09-17,26.194,27
1985-09-18,26.029,27
1985-09-19,25.956,27
1985-09-20,25.947,27
1985-09-21,25.706,27
1985-09-22,25.63,27
1985-09-23,25.657,27
1985-09-24,25.724,27
1985-09-25,25.763,27
1985-09-26,26.026,27
1985-09-27,25.843,27
1985-09-28,25.726,27
1985-09-29,25.604,27
1985-09-30,25.432,27
1985-10-01,25.285,27
1985-10-02,25.503,27
1985-10-03,25.597,27
1985-10-04,25.733,27
1985-10-05,25.845,27
1985-10-06,25.662,27
1985-10-07,25.384,27
1985-10-08,25.284,27
1985-10-09,25.111,27
1985-10-10,24.947,27
1985-10-11,24.784,27
1985-10-12,24.798,27
1985-10-13,25.701,27
1985-10-14,25.596,27
1985-10-15,25.341,27
1985-10-16,25.027,27
1985-10-17,24.736,27
1985-10-18,24.719,27
1985-10-19,24.71,27
1985-10-20,24.608,27
1985-10-21,24.518,27
1985-10-22,25.143,27
1985-10-23,25.191,27
1985-10-24,24.92,27
1985-10-25,24.773,27
1985-10-26,24.835,27
1985-10-27,24.947,27
1985-10-28,24.666,27
1985-10-29,24.354,27
1985-10-30,24.129,27
1985-10-31,23.894,27
1985-11-01,23.814,27
1985-11-02,23.701,27
1985-11-03,23.347,27
1985-11-04,23.135,27
1985-11-05,22.941,27
1985-11-06,22.609,27
1985-11-07,22.163,27
1985-11-08,22.077,27
1985-11-09,21.954,27
1985-11-10,21.716,27
1985-11-11,21.676,27
1985-11-12,21.662,27
1985-11-13,21.707,27
1985-11-14,21.707,27
1985-11-15,21.475,27
1985-11-16,21.514,27
1985-11-17,21.286,27
1985-11-18,22.299,27
1985-11-19,22.482,27
1985-11-20,22.472,27
1985-11-21,21.936,27
1985-11-22,22.089,27
1985-11-23,22.061,27
1985-11-24,22.069,27
1985-11-25,21.96,27
1985-11-26,22.236,27
1985-11-27,22.163,27
1985-11-28,22.098,27
1985-11-29,21.925,27
1985-11-30,21.703,27
1985-12-01,22.091,27
1985-12-02,21.999,27
1985-12-03,21.928,27
1985-12-04,21.837,27
1985-12-05,21.56,27
1985-12-06,20.737,27
1985-12-07,20.495,27
1985-12-08,20.373,27
1985-12-09,19.95,27
1985-12-10,20.517,27
1985-12-11,20.684,27
1985-12-12,20.791,27
1985-12-13,20.694,27
1985-12-14,20.458,27
1985-12-15,19.365,27
1985-12-16,18.912,27
1985-12-17,18.757,27
1985-12-18,18.737,27
1985-12-19,18.006,27
1985-12-20,18.034,27
1985-12-21,18.1,27
1985-12-22,17.959,27
1985-12-23,17.876,27
1985-12-24,17.636,27
1985-12-25,17.626,27
1985-12-26,17.469,27
1985-12-27,17.471,27
1985-12-28,17.301,27
1985-12-29,17.336,27
1985-12-30,17.317,27
1985-12-31,17.549,27
1986-01-01,17.79,27
1986-01-02,17.785,27
1986-01-03,17.843,27
1986-01-04,18.14,27
1986-01-05,17.363,27
1986-01-06,17.21,27
1986-01-07,17.038,27
1986-01-08,17.103,27
1986-01-09,17.153,27
1986-01-10,17.341,27
1986-01-11,17.397,27
1986-01-12,17.498,27
1986-01-13,17.51,27
1986-01-14,17.448,27
1986-01-15,17.275,27
1986-01-16,17.321,27
1986-01-17,17.324,27
1986-01-18,17.399,27
1986-01-19,17.461,27
1986-01-20,17.467,27
1986-01-21,17.39,27
1986-01-22,17.164,27
1986-01-23,17.054,27
1986-01-24,17.338,27
1986-01-25,17.419,27
1986-01-26,17.363,27
1986-01-27,17.316,27
1986-01-28,17.296,27
1986-01-29,17.177,27
1986-01-30,16.726,27
1986-01-31,16.593,27
1986-02-01,16.488,27
1986-02-02,16.501,27
1986-02-03,16.56,27
1986-02-04,16.726,27
1986-02-05,17.787,27
1986-02-06,18.077,27
1986-02-07,17.941,27
1986-02-08,18.035,27
1986-02-09,17.921,27
1986-02-10,17.764,27
1986-02-11,17.68,27
1986-02-12,16.906,27
1986-02-13,17.179,27
1986-02-14,17.292,27
1986-02-15,17.495,27
1986-02-16,17.244,27
1986-02-17,17.331,27
1986-02-18,17.309,27
1986-02-19,16.216,27
1986-02-20,16.355,27
1986-02-21,16.43,27
1986-02-22,16.492,27
1986-02-23,16.33,27
1986-02-24,16.301,27
1986-02-25,16.347,27
1986-02-26,16.243,27
1986-02-27,16.183,27
1986-02-28,16.247,27
1986-03-01,16.278,27
1986-03-02,16.283,27
1986-03-03,16.323,27
1986-03-04,16.279,27
1986-03-05,16.151,27
1986-03-06,16.193,27
1986-03-07,16.226,27
1986-03-08,16.192,27
1986-03-09,16.09,27
1986-03-10,16.176,27
1986-03-11,16.204,27
1986-03-12,16.204,27
1986-03-13,16.214,27
1986-03-14,16.264,27
1986-03-15,16.186,27
1986-03-16,17.594,27
1986-03-17,17.933,27
1986-03-18,18.016,27
1986-03-19,17.997,27
1986-03-20,17.963,27
1986-03-21,17.665,27
1986-03-22,17.185,27
1986-03-23,17.256,27
1986-03-24,17.204,27
1986-03-25,17.276,27
1986-03-26,17.463,27
1986-03-27,17.591,27
1986-03-28,17.619,27
1986-03-29,17.726,27
1986-03-30,19.122,27
1986-03-31,18.845,27
1986-04-01,18.504,27
1986-04-02,18.384,27
1986-04-03,18.969,27
1986-04-04,19.497,27
1986-04-05,19.587,27
1986-04-06,19.8,27
1986-04-07,19.833,27
1986-04-08,19.53,27
1986-04-09,19.048,27
1986-04-10,18.139,27
1986-04-11,18.086,27
1986-04-12,18.066,27
1986-04-13,18.35,27
1986-04-14,18.614,27
1986-04-15,18.779,27
1986-04-16,18.943,27
1986-04-17,18.774,27
1986-04-18,18.73,27
1986-04-19,18.751,27
1986-04-20,18.983,27
1986-04-21,19.161,27
1986-04-22,19.209,27
1986-04-23,18.918,27
1986-04-24,18.901,27
1986-04-25,19.025,27
1986-04-26,19.408,27
1986-04-27,19.425,27
1986-04-28,19.424,27
1986-04-29,20.383,27
1986-04-30,20.406,27
1986-05-01,20.414,27
1986-05-02,20.477,27
1986-05-03,20.587,27
1986-05-04,20.683,27
1986-05-05,20.74,27
1986-05-06,20.731,27
1986-05-07,20.743,27
1986-05-08,21.765,27
1986-05-09,21.344,27
1986-05-10,21.244,27
1986-05-11,21.219,27
1986-05-12,21.37,27
1986-05-13,21.5,27
1986-05-14,21.797,27
1986-05-15,22.191,27
1986-05-16,22.527,27
1986-05-17,22.775,27
1986-05-18,22.987,27
1986-05-19,23.388,27
1986-05-20,23.42,27
1986-05-21,23.416,27
1986-05-22,22.973,27
1986-05-23,22.9,27
1986-05-24,22.909,27
1986-05-25,23.077,27
1986-05-26,23.272,27
1986-05-27,23.596,27
1986-05-28,23.815,27
1986-05-29,23.982,27
1986-05-30,24.042,27
1986-05-31,24.191,27
1986-06-01,25.213,27
1986-06-02,25.389,27
1986-06-03,25.352,27
1986-06-04,25.269,27
1986-06-05,25.162,27
1986-06-06,25.043,27
1986-06-07,24.736,27
1986-06-08,24.867,27
1986-06-09,25.074,27
1986-06-10,25.741,27
1986-06-11,26.14,27
1986-06-12,26.506,27
1986-06-13,26.561,27
1986-06-14,26.58,27
1986-06-15,27.033,27
1986-06-16,27.11,27
1986-06-17,27.12,27
1986-06-18,27.16,27
1986-06-19,27.125,27
1986-06-20,26.841,27
1986-06-21,26.688,27
1986-06-22,26.658,27
1986-06-23,27.346,27
1986-06-24,27.373,27
1986-06-25,27.379,27
1986-06-26,27.43,27
1986-06-27,27.493,27
1986-06-28,27.504,27
1986-06-29,27.571,27
1986-06-30,27.754,27
1986-07-01,27.809,27
1986-07-02,27.817,27
1986-07-03,28.353,27
1986-07-04,28.387,27
1986-07-05,28.39,27
1986-07-06,28.084,27
1986-07-07,27.903,27
1986-07-08,28.193,27
1986-07-09,28.403,27
1986-07-10,28.588,27
1986-07-11,28.711,27
1986-07-12,28.699,27
1986-07-13,28.679,27
1986-07-14,28.707,27
1986-07-15,28.714,27
1986-07-16,28.522,27
1986-07-17,28.493,27
1986-07-18,28.534,27
1986-07-19,28.113,27
1986-07-20,28.045,27
1986-07-21,28.223,27
1986-07-22,28.274,27
1986-07-23,28.439,27
1986-07-24,28.493,27
1986-07-25,28.54,27
1986-07-26,28.548,27
1986-07-27,28.536,27
1986-07-28,28.531,27
1986-07-29,28.383,27
1986-07-30,28.173,27
1986-07-31,28.132,27
1986-08-01,28.129,27
1986-08-02,28.044,27
1986-08-03,27.416,27
1986-08-04,27.348,27
1986-08-05,27.36,27
1986-08-06,27.463,27
1986-08-07,27.37,27
1986-08-08,27.41,27
1986-08-09,27.41,27
1986-08-10,27.229,27
1986-08-11,27.147,27
1986-08-12,27.107,27
1986-08-13,27.334,27
1986-08-14,27.387,27
1986-08-15,27.218,27
1986-08-16,27.184,27
1986-08-17,27.249,27
1986-08-18,27.304,27
1986-08-19,27.309,27
1986-08-20,27.431,27
1986-08-21,27.513,27
1986-08-22,27.634,27
1986-08-23,27.698,27
1986-08-24,27.976,27
1986-08-25,27.888,27
1986-08-26,27.817,27
1986-08-27,27.733,27
1986-08-28,27.751,27
1986-08-29,27.808,27
1986-08-30,27.893,27
1986-08-31,27.917,27
1986-09-01,27.866,27
1986-09-02,27.083,27
1986-09-03,26.947,27
1986-09-04,27.097,27
1986-09-05,27.227,27
1986-09-06,26.889,27
1986-09-07,27.164,27
1986-09-08,27.219,27
1986-09-09,27.239,27
1986-09-10,27.211,27
1986-09-11,27.155,27
1986-09-12,27.763,27
1986-09-13,27.823,27
1986-09-14,27.676,27
1986-09-15,27.419,27
1986-09-16,27.336,27
1986-09-17,27.159,27
1986-09-18,27.022,27
1986-09-19,27.053,27
1986-09-20,27.094,27
1986-09-21,27.101,27
1986-09-22,26.951,27
1986-09-23,27.189,27
1986-09-24,27.373,27
1986-09-25,27.459,27
1986-09-26,27.414,27
1986-09-27,27.604,27
1986-09-28,27.95,27
1986-09-29,27.948,27
1986-09-30,27.583,27
1986-10-01,27.374,27
1986-10-02,27.557,27
1986-10-03,27.881,27
1986-10-04,28.255,27
1986-10-05,28.353,27
1986-10-06,28.312,27
1986-10-07,28.124,27
1986-10-08,27.63,27
1986-10-09,27.271,27
1986-10-10,26.972,27
1986-10-11,26.671,27
1986-10-12,26.753,27
1986-10-13,26.781,27
1986-10-14,26.738,27
1986-10-15,26.152,27
1986-10-16,25.97,27
1986-10-17,25.764,27
1986-10-18,25.396,27
1986-10-19,24.67,27
1986-10-20,24.054,27
1986-10-21,23.932,27
1986-10-22,23.874,27
1986-10-23,23.834,27
1986-10-24,23.798,27
1986-10-25,23.675,27
1986-10-26,23.454,27
1986-10-27,23.603,27
1986-10-28,23.675,27
1986-10-29,23.645,27
1986-10-30,23.447,27
1986-10-31,23.294,27
1986-11-01,22.627,27
1986-11-02,22.356,27
1986-11-03,22.261,27
1986-11-04,22.146,27
1986-11-05,22.024,27
1986-11-06,21.977,27
1986-11-07,22.526,27
1986-11-08,22.9,27
1986-11-09,22.887,27
1986-11-10,22.862,27
1986-11-11,22.812,27
1986-11-12,22.784,27
1986-11-13,22.754,27
1986-11-14,22.556,27
1986-11-15,22.26,27
1986-11-16,22.086,27
1986-11-17,21.77,27
1986-11-18,21.484,27
1986-11-19,21.417,27
1986-11-20,20.495,27
1986-11-21,20.206,27
1986-11-22,20.184,27
1986-11-23,20.177,27
1986-11-24,20.283,27
1986-11-25,20.196,27
1986-11-26,20.144,27
1986-11-27,20.047,27
1986-11-28,20.04,27
1986-11-29,19.897,27
1986-11-30,19.784,27
1986-12-01,19.757,27
1986-12-02,19.642,27
1986-12-03,19.563,27
1986-12-04,19.469,27
1986-12-05,19.382,27
1986-12-06,19.229,27
1986-12-07,19.209,27
1986-12-08,19.162,27
1986-12-09,19.102,27
1986-12-10,18.993,27
1986-12-11,18.831,27
1986-12-12,18.876,27
1986-12-13,18.891,27
1986-12-14,18.818,27
1986-12-15,19.055,27
1986-12-16,18.836,27
1986-12-17,18.183,27
1986-12-18,18.129,27
1986-12-19,18.145,27
1986-12-20,18.131,27
1986-12-21,18.124,27
1986-12-22,18.116,27
1986-12-23,18.114,27
1986-12-24,17.983,27
1986-12-25,17.897,27
1986-12-26,17.664,27
1986-12-27,17.633,27
1986-12-28,17.677,27
1986-12-29,17.641,27
1986-12-30,17.615,27
1986-12-31,17.75,27
1987-01-01,17.92,27
1987-01-02,17.897,27
1987-01-03,17.973,27
1987-01-04,18.037,27
1987-01-05,17.97,27
1987-01-06,18.025,27
1987-01-07,18.008,27
1987-01-08,17.957,27
1987-01-09,17.894,27
1987-01-10,17.734,27
1987-01-11,17.741,27
1987-01-12,17.839,27
1987-01-13,17.936,27
1987-01-14,18.033,27
1987-01-15,17.838,27
1987-01-16,17.812,27
1987-01-17,17.755,27
1987-01-18,17.76,27
1987-01-19,17.76,27
1987-01-20,17.749,27
1987-01-21,17.721,27
1987-01-22,17.52,27
1987-01-23,17.341,27
1987-01-24,17.499,27
1987-01-25,17.461,27
1987-01-26,17.417,27
1987-01-27,17.329,27
1987-01-28,17.349,27
1987-01-29,17.204,27
1987-01-30,16.789,27
1987-01-31,16.686,27
1987-02-01,16.584,27
1987-02-02,16.534,27
1987-02-03,16.485,27
1987-02-04,16.47,27
1987-02-05,17.838,27
1987-02-06,17.961,27
1987-02-07,18.038,27
1987-02-08,18.099,27
1987-02-09,17.959,27
1987-02-10,17.772,27
1987-02-11,17.691,27
1987-02-12,16.913,27
1987-02-13,17.164,27
1987-02-14,17.264,27
1987-02-15,17.415,27
1987-02-16,17.141,27
1987-02-17,17.225,27
1987-02-18,17.205,27
1987-02-19,16.1,27
1987-02-20,16.029,27
1987-02-21,15.997,27
1987-02-22,16.021,27
1987-02-23,16.02,27
1987-02-24,16.024,27
1987-02-25,16.056,27
1987-02-26,15.984,27
1987-02-27,16.017,27
1987-02-28,16.099,27
1987-03-01,16.145,27
1987-03-02,16.034,27
1987-03-03,15.989,27
1987-03-04,15.921,27
1987-03-05,15.856,27
1987-03-06,15.907,27
1987-03-07,15.895,27
1987-03-08,15.876,27
1987-03-09,15.779,27
1987-03-10,15.873,27
1987-03-11,15.906,27
1987-03-12,15.872,27
1987-03-13,15.854,27
1987-03-14,15.909,27
1987-03-15,15.876,27
1987-03-16,16.03,27
1987-03-17,16.096,27
1987-03-18,16.229,27
1987-03-19,16.376,27
1987-03-20,16.509,27
1987-03-21,16.421,27
1987-03-22,16.401,27
1987-03-23,16.433,27
1987-03-24,16.421,27
1987-03-25,16.624,27
1987-03-26,16.851,27
1987-03-27,17.011,27
1987-03-28,17.07,27
1987-03-29,17.217,27
1987-03-30,17.314,27
1987-03-31,17.266,27
1987-04-01,17.313,27
1987-04-02,17.363,27
1987-04-03,17.519,27
1987-04-04,17.667,27
1987-04-05,17.765,27
1987-04-06,17.83,27
1987-04-07,17.985,27
1987-04-08,18.048,27
1987-04-09,18.075,27
1987-04-10,18.147,27
1987-04-11,18.199,27
1987-04-12,18.259,27
1987-04-13,18.359,27
1987-04-14,18.394,27
1987-04-15,18.325,27
1987-04-16,18.334,27
1987-04-17,17.893,27
1987-04-18,18.101,27
1987-04-19,18.239,27
1987-04-20,18.328,27
1987-04-21,18.577,27
1987-04-22,18.926,27
1987-04-23,19.197,27
1987-04-24,19.244,27
1987-04-25,19.229,27
1987-04-26,19.09,27
1987-04-27,18.464,27
1987-04-28,18.548,27
1987-04-29,18.629,27
1987-04-30,18.734,27
1987-05-01,18.746,27
1987-05-02,19.17,27
1987-05-03,19.552,27
1987-05-04,19.821,27
1987-05-05,20.064,27
1987-05-06,20.068,27
1987-05-07,20.117,27
1987-05-08,19.979,27
1987-05-09,19.964,27
1987-05-10,19.978,27
1987-05-11,20.254,27
1987-05-12,20.256,27
1987-05-13,20.87,27
1987-05-14,21.002,27
1987-05-15,21.611,27
1987-05-16,21.942,27
1987-05-17,21.938,27
1987-05-18,22.101,27
1987-05-19,22.386,27
1987-05-20,22.693,27
1987-05-21,23.157,27
1987-05-22,23.196,27
1987-05-23,24.696,27
1987-05-24,24.805,27
1987-05-25,24.807,27
1987-05-26,24.642,27
1987-05-27,24.381,27
1987-05-28,23.838,27
1987-05-29,23.944,27
1987-05-30,23.887,27
1987-05-31,24.229,27
1987-06-01,24.407,27
1987-06-02,24.807,27
1987-06-03,24.993,27
1987-06-04,25.53,27
1987-06-05,26.001,27
1987-06-06,26.019,27
1987-06-07,26.012,27
1987-06-08,25.97,27
1987-06-09,25.821,27
1987-06-10,25.784,27
1987-06-11,25.662,27
1987-06-12,25.647,27
1987-06-13,25.658,27
1987-06-14,25.659,27
1987-06-15,25.74,27
1987-06-16,25.788,27
1987-06-17,25.811,27
1987-06-18,25.981,27
1987-06-19,26.101,27
1987-06-20,26.288,27
1987-06-21,26.409,27
1987-06-22,26.553,27
1987-06-23,26.537,27
1987-06-24,26.54,27
1987-06-25,26.526,27
1987-06-26,26.611,27
1987-06-27,26.737,27
1987-06-28,26.742,27
1987-06-29,26.817,27
1987-06-30,26.928,27
1987-07-01,26.976,27
1987-07-02,27.014,27
1987-07-03,27.046,27
1987-07-04,27.122,27
1987-07-05,27.227,27
1987-07-06,27.039,27
1987-07-07,27.089,27
1987-07-08,27.167,27
1987-07-09,27.507,27
1987-07-10,27.813,27
1987-07-11,28.016,27
1987-07-12,27.599,27
1987-07-13,27.509,27
1987-07-14,27.421,27
1987-07-15,27.462,27
1987-07-16,27.687,27
1987-07-17,27.758,27
1987-07-18,27.71,27
1987-07-19,27.671,27
1987-07-20,27.673,27
1987-07-21,27.721,27
1987-07-22,27.941,27
1987-07-23,28.164,27
1987-07-24,28.094,27
1987-07-25,28.023,27
1987-07-26,28.305,27
1987-07-27,28.327,27
1987-07-28,28.321,27
1987-07-29,28.247,27
1987-07-30,28.4,27
1987-07-31,29.286,27
1987-08-01,29.388,27
1987-08-02,29.369,27
1987-08-03,29.121,27
1987-08-04,29.073,27
1987-08-05,28.53,27
1987-08-06,28.762,27
1987-08-07,28.872,27
1987-08-08,28.87,27
1987-08-09,28.702,27
1987-08-10,28.776,27
1987-08-11,28.779,27
1987-08-12,28.813,27
1987-08-13,29.156,27
1987-08-14,29.203,27
1987-08-15,28.542,27
1987-08-16,28.254,27
1987-08-17,28.707,27
1987-08-18,29.219,27
1987-08-19,29.586,27
1987-08-20,29.277,27
1987-08-21,29.765,27
1987-08-22,29.717,27
1987-08-23,29.623,27
1987-08-24,29.308,27
1987-08-25,29.126,27
1987-08-26,28.897,27
1987-08-27,28.67,27
1987-08-28,28.357,27
1987-08-29,28.386,27
1987-08-30,28.821,27
1987-08-31,28.78,27
1987-09-01,28.719,27
1987-09-02,28.641,27
1987-09-03,28.564,27
1987-09-04,28.487,27
1987-09-05,28.371,27
1987-09-06,28.474,27
1987-09-07,28.563,27
1987-09-08,29.26,27
1987-09-09,29.024,27
1987-09-10,28.798,27
1987-09-11,28.544,27
1987-09-12,28.374,27
1987-09-13,28.253,27
1987-09-14,28.735,27
1987-09-15,28.755,27
1987-09-16,28.741,27
1987-09-17,28.695,27
1987-09-18,28.649,27
1987-09-19,28.926,27
1987-09-20,29.106,27
1987-09-21,29.201,27
1987-09-22,29.241,27
1987-09-23,28.321,27
1987-09-24,28.371,27
1987-09-25,28.091,27
1987-09-26,27.649,27
1987-09-27,27.227,27
1987-09-28,27.806,27
1987-09-29,27.893,27
1987-09-30,27.673,27
1987-10-01,27.18,27
1987-10-02,27.055,27
1987-10-03,26.911,27
1987-10-04,26.621,27
1987-10-05,26.163,27
1987-10-06,26.121,27
1987-10-07,25.601,27
1987-10-08,25.471,27
1987-10-09,25.312,27
1987-10-10,24.806,27
1987-10-11,24.67,27
1987-10-12,23.431,27
1987-10-13,23.243,27
1987-10-14,23.246,27
1987-10-15,22.74,27
1987-10-16,22.537,27
1987-10-17,22.242,27
1987-10-18,22.08,27
1987-10-19,21.983,27
1987-10-20,21.877,27
1987-10-21,21.2,27
1987-10-22,21.126,27
1987-10-23,21.11,27
1987-10-24,21.08,27
1987-10-25,21.16,27
1987-10-26,21.169,27
1987-10-27,21.165,27
1987-10-28,20.231,27
1987-10-29,20.117,27
1987-10-30,20.126,27
1987-10-31,20.156,27
1987-11-01,20.313,27
1987-11-02,20.458,27
1987-11-03,20.543,27
1987-11-04,20.591,27
1987-11-05,19.842,27
1987-11-06,19.864,27
1987-11-07,19.871,27
1987-11-08,20.29,27
1987-11-09,20.57,27
1987-11-10,20.619,27
1987-11-11,20.67,27
1987-11-12,20.241,27
1987-11-13,19.972,27
1987-11-14,20.068,27
1987-11-15,19.853,27
1987-11-16,19.751,27
1987-11-17,19.694,27
1987-11-18,19.731,27
1987-11-19,19.608,27
1987-11-20,19.585,27
1987-11-21,19.436,27
1987-11-22,19.329,27
1987-11-23,19.21,27
1987-11-24,19.266,27
1987-11-25,19.249,27
1987-11-26,19.257,27
1987-11-27,19.237,27
1987-11-28,19.319,27
1987-11-29,19.24,27
1987-11-30,19.13,27
1987-12-01,19.051,27
1987-12-02,19.021,27
1987-12-03,18.979,27
1987-12-04,18.876,27
1987-12-05,18.817,27
1987-12-06,18.628,27
1987-12-07,18.581,27
1987-12-08,18.517,27
1987-12-09,18.495,27
1987-12-10,18.469,27
1987-12-11,18.234,27
1987-12-12,18.238,27
1987-12-13,18.26,27
1987-12-14,18.232,27
1987-12-15,18.506,27
1987-12-16,18.287,27
1987-12-17,17.659,27
1987-12-18,17.741,27
1987-12-19,17.851,27
1987-12-20,17.847,27
1987-12-21,17.873,27
1987-12-22,17.879,27
1987-12-23,17.968,27
1987-12-24,17.841,27
1987-12-25,17.719,27
1987-12-26,17.523,27
1987-12-27,17.506,27
1987-12-28,17.55,27
1987-12-29,17.494,27
1987-12-30,17.437,27
1987-12-31,17.637,27
1988-01-01,17.783,27
1988-01-02,17.783,27
1988-01-03,17.849,27
1988-01-04,17.956,27
1988-01-05,17.963,27
1988-01-06,18.019,27
1988-01-07,18.014,27
1988-01-08,17.967,27
1988-01-09,17.918,27
1988-01-10,17.628,27
1988-01-11,17.54,27
1988-01-12,17.604,27
1988-01-13,17.629,27
1988-01-14,17.638,27
1988-01-15,17.434,27
1988-01-16,17.419,27
1988-01-17,17.615,27
1988-01-18,17.546,27
1988-01-19,17.527,27
1988-01-20,17.516,27
1988-01-21,17.554,27
1988-01-22,17.373,27
1988-01-23,17.231,27
1988-01-24,17.399,27
1988-01-25,17.356,27
1988-01-26,17.321,27
1988-01-27,17.226,27
1988-01-28,17.257,27
1988-01-29,17.109,27
1988-01-30,16.664,27
1988-01-31,16.599,27
1988-02-01,16.558,27
1988-02-02,16.541,27
1988-02-03,16.497,27
1988-02-04,16.468,27
1988-02-05,17.833,27
1988-02-06,17.956,27
1988-02-07,17.962,27
1988-02-08,18.028,27
1988-02-09,17.908,27
1988-02-10,17.753,27
1988-02-11,17.705,27
1988-02-12,16.91,27
1988-02-13,17.123,27
1988-02-14,17.265,27
1988-02-15,17.457,27
1988-02-16,17.11,27
1988-02-17,17.262,27
1988-02-18,17.294,27
1988-02-19,16.175,27
1988-02-20,16.097,27
1988-02-21,16.105,27
1988-02-22,16.127,27
1988-02-23,16.049,27
1988-02-24,15.993,27
1988-02-25,15.999,27
1988-02-26,16.056,27
1988-02-27,15.994,27
1988-02-28,16.039,27
1988-02-29,16.079,27
1988-03-01,16.033,27
1988-03-02,15.974,27
1988-03-03,16.005,27
1988-03-04,15.957,27
1988-03-05,15.893,27
1988-03-06,15.914,27
1988-03-07,15.96,27
1988-03-08,16.022,27
1988-03-09,15.926,27
1988-03-10,16.025,27
1988-03-11,15.977,27
1988-03-12,15.98,27
1988-03-13,15.944,27
1988-03-14,15.914,27
1988-03-15,15.826,27
1988-03-16,15.962,27
1988-03-17,16.062,27
1988-03-18,16.188,27
1988-03-19,16.298,27
1988-03-20,16.414,27
1988-03-21,16.394,27
1988-03-22,16.387,27
1988-03-23,16.393,27
1988-03-24,16.463,27
1988-03-25,16.696,27
1988-03-26,16.885,27
1988-03-27,17.045,27
1988-03-28,17.109,27
1988-03-29,17.235,27
1988-03-30,17.308,27
1988-03-31,17.334,27
1988-04-01,17.445,27
1988-04-02,17.504,27
1988-04-03,17.665,27
1988-04-04,17.93,27
1988-04-05,17.965,27
1988-04-06,17.972,27
1988-04-07,18.121,27
1988-04-08,18.18,27
1988-04-09,18.209,27
1988-04-10,18.251,27
1988-04-11,18.264,27
1988-04-12,18.336,27
1988-04-13,18.437,27
1988-04-14,18.567,27
1988-04-15,18.686,27
1988-04-16,18.505,27
1988-04-17,18.331,27
1988-04-18,18.482,27
1988-04-19,18.249,27
1988-04-20,18.104,27
1988-04-21,17.983,27
1988-04-22,18.064,27
1988-04-23,18.386,27
1988-04-24,18.495,27
1988-04-25,18.768,27
1988-04-26,18.873,27
1988-04-27,19.383,27
1988-04-28,19.168,27
1988-04-29,19.027,27
1988-04-30,19.006,27
1988-05-01,19.039,27
1988-05-02,18.991,27
1988-05-03,19.016,27
1988-05-04,19.224,27
1988-05-05,19.763,27
1988-05-06,19.982,27
1988-05-07,20.014,27
1988-05-08,20.039,27
1988-05-09,20.367,27
1988-05-10,20.946,27
1988-05-11,21.144,27
1988-05-12,21.288,27
1988-05-13,21.501,27
1988-05-14,21.8,27
1988-05-15,21.72,27
1988-05-16,21.832,27
1988-05-17,22.346,27
1988-05-18,22.826,27
1988-05-19,23.128,27
1988-05-20,23.337,27
1988-05-21,23.37,27
1988-05-22,23.42,27
1988-05-23,23.541,27
1988-05-24,23.68,27
1988-05-25,23.165,27
1988-05-26,22.935,27
1988-05-27,22.584,27
1988-05-28,22.48,27
1988-05-29,22.546,27
1988-05-30,22.67,27
1988-05-31,22.824,27
1988-06-01,22.99,27
1988-06-02,23.26,27
1988-06-03,23.399,27
1988-06-04,23.484,27
1988-06-05,23.514,27
1988-06-06,23.62,27
1988-06-07,23.766,27
1988-06-08,23.905,27
1988-06-09,24.026,27
1988-06-10,24.053,27
1988-06-11,23.919,27
1988-06-12,23.797,27
1988-06-13,23.932,27
1988-06-14,23.959,27
1988-06-15,23.91,27
1988-06-16,23.816,27
1988-06-17,23.893,27
1988-06-18,24.893,27
1988-06-19,25.155,27
1988-06-20,25.226,27
1988-06-21,25.359,27
1988-06-22,25.551,27
1988-06-23,25.683,27
1988-06-24,26.034,27
1988-06-25,26.627,27
1988-06-26,26.674,27
1988-06-27,26.573,27
1988-06-28,26.113,27
1988-06-29,26.01,27
1988-06-30,26.217,27
1988-07-01,26.366,27
1988-07-02,26.42,27
1988-07-03,26.514,27
1988-07-04,26.599,27
1988-07-05,26.717,27
1988-07-06,26.736,27
1988-07-07,26.726,27
1988-07-08,26.802,27
1988-07-09,26.875,27
1988-07-10,26.996,27
1988-07-11,27.099,27
1988-07-12,27.139,27
1988-07-13,27.114,27
1988-07-14,27.2,27
1988-07-15,27.136,27
1988-07-16,27.163,27
1988-07-17,27.291,27
1988-07-18,27.873,27
1988-07-19,27.88,27
1988-07-20,27.793,27
1988-07-21,27.601,27
1988-07-22,27.735,27
1988-07-23,27.823,27
1988-07-24,27.846,27
1988-07-25,27.805,27
1988-07-26,27.668,27
1988-07-27,27.732,27
1988-07-28,28.143,27
1988-07-29,28.184,27
1988-07-30,28.191,27
1988-07-31,28.184,27
1988-08-01,28.19,27
1988-08-02,28.506,27
1988-08-03,28.575,27
1988-08-04,28.597,27
1988-08-05,28.624,27
1988-08-06,29.086,27
1988-08-07,29.066,27
1988-08-08,29.066,27
1988-08-09,29.241,27
1988-08-10,29.267,27
1988-08-11,29.155,27
1988-08-12,28.893,27
1988-08-13,28.749,27
1988-08-14,28.112,27
1988-08-15,28.119,27
1988-08-16,28.305,27
1988-08-17,28.278,27
1988-08-18,28.29,27
1988-08-19,28.316,27
1988-08-20,28.634,27
1988-08-21,29.052,27
1988-08-22,29.09,27
1988-08-23,29.396,27
1988-08-24,29.369,27
1988-08-25,28.807,27
1988-08-26,28.139,27
1988-08-27,28.105,27
1988-08-28,28.829,27
1988-08-29,28.9,27
1988-08-30,28.912,27
1988-08-31,28.813,27
1988-09-01,28.735,27
1988-09-02,28.636,27
1988-09-03,28.323,27
1988-09-04,28.344,27
1988-09-05,28.337,27
1988-09-06,28.249,27
1988-09-07,28.13,27
1988-09-08,27.965,27
1988-09-09,27.873,27
1988-09-10,27.741,27
1988-09-11,26.985,27
1988-09-12,26.226,27
1988-09-13,26.561,27
1988-09-14,26.721,27
1988-09-15,26.814,27
1988-09-16,26.852,27
1988-09-17,26.902,27
1988-09-18,26.914,27
1988-09-19,26.689,27
1988-09-20,26.623,27
1988-09-21,26.863,27
1988-09-22,27.005,27
1988-09-23,26.956,27
1988-09-24,26.778,27
1988-09-25,26.546,27
1988-09-26,26.413,27
1988-09-27,26.347,27
1988-09-28,26.379,27
1988-09-29,26.49,27
1988-09-30,26.201,27
1988-10-01,26.191,27
1988-10-02,26.166,27
1988-10-03,25.964,27
1988-10-04,25.757,27
1988-10-05,25.507,27
1988-10-06,25.363,27
1988-10-07,24.7,27
1988-10-08,24.287,27
1988-10-09,23.587,27
1988-10-10,23.151,27
1988-10-11,22.967,27
1988-10-12,22.79,27
1988-10-13,22.794,27
1988-10-14,22.548,27
1988-10-15,22.536,27
1988-10-16,22.543,27
1988-10-17,22.502,27
1988-10-18,22.489,27
1988-10-19,22.482,27
1988-10-20,22.439,27
1988-10-21,22.067,27
1988-10-22,21.932,27
1988-10-23,21.922,27
1988-10-24,21.846,27
1988-10-25,21.79,27
1988-10-26,21.769,27
1988-10-27,21.713,27
1988-10-28,21.501,27
1988-10-29,21.453,27
1988-10-30,21.379,27
1988-10-31,20.858,27
1988-11-01,20.549,27
1988-11-02,20.667,27
1988-11-03,20.755,27
1988-11-04,21.142,27
1988-11-05,21.103,27
1988-11-06,20.764,27
1988-11-07,20.447,27
1988-11-08,20.322,27
1988-11-09,20.387,27
1988-11-10,20.623,27
1988-11-11,20.642,27
1988-11-12,20.615,27
1988-11-13,20.036,27
1988-11-14,20.171,27
1988-11-15,20.352,27
1988-11-16,20.526,27
1988-11-17,20.329,27
1988-11-18,20.037,27
1988-11-19,20.12,27
1988-11-20,20.15,27
1988-11-21,20.153,27
1988-11-22,19.947,27
1988-11-23,19.757,27
1988-11-24,19.742,27
1988-11-25,19.668,27
1988-11-26,19.646,27
1988-11-27,19.518,27
1988-11-28,19.244,27
1988-11-29,19.244,27
1988-11-30,19.219,27
1988-12-01,19.076,27
1988-12-02,18.602,27
1988-12-03,18.149,27
1988-12-04,17.591,27
1988-12-05,18.244,27
1988-12-06,18.115,27
1988-12-07,18.21,27
1988-12-08,18.014,27
1988-12-09,17.741,27
1988-12-10,17.653,27
1988-12-11,17.559,27
1988-12-12,17.653,27
1988-12-13,17.955,27
1988-12-14,17.999,27
1988-12-15,18.321,27
1988-12-16,18.206,27
1988-12-17,17.073,27
1988-12-18,16.976,27
1988-12-19,16.981,27
1988-12-20,16.991,27
1988-12-21,17.049,27
1988-12-22,17.169,27
1988-12-23,17.258,27
1988-12-24,17.208,27
1988-12-25,17.137,27
1988-12-26,17.055,27
1988-12-27,16.944,27
1988-12-28,17.111,27
1988-12-29,17.027,27
1988-12-30,17.053,27
1988-12-31,17.407,27
1989-01-01,17.627,27
1989-01-02,17.758,27
1989-01-03,17.885,27
1989-01-04,18.059,27
1989-01-05,18.129,27
1989-01-06,17.755,27
1989-01-07,17.808,27
1989-01-08,17.82,27
1989-01-09,17.783,27
1989-01-10,17.617,27
1989-01-11,17.583,27
1989-01-12,18.022,27
1989-01-13,18.126,27
1989-01-14,18.178,27
1989-01-15,17.958,27
1989-01-16,17.875,27
1989-01-17,17.788,27
1989-01-18,17.96,27
1989-01-19,17.984,27
1989-01-20,17.938,27
1989-01-21,17.884,27
1989-01-22,17.631,27
1989-01-23,17.396,27
1989-01-24,17.66,27
1989-01-25,18.099,27
1989-01-26,18.256,27
1989-01-27,18.196,27
1989-01-28,18.043,27
1989-01-29,17.864,27
1989-01-30,17.603,27
1989-01-31,17.559,27
1989-02-01,17.367,27
1989-02-02,17.493,27
1989-02-03,17.49,27
1989-02-04,17.39,27
1989-02-05,17.704,27
1989-02-06,17.702,27
1989-02-07,17.725,27
1989-02-08,17.687,27
1989-02-09,17.659,27
1989-02-10,17.413,27
1989-02-11,17.26,27
1989-02-12,16.614,27
1989-02-13,16.839,27
1989-02-14,16.947,27
1989-02-15,17.564,27
1989-02-16,17.712,27
1989-02-17,17.777,27
1989-02-18,17.711,27
1989-02-19,16.566,27
1989-02-20,16.488,27
1989-02-21,16.447,27
1989-02-22,16.446,27
1989-02-23,16.418,27
1989-02-24,16.356,27
1989-02-25,16.33,27
1989-02-26,16.26,27
1989-02-27,16.22,27
1989-02-28,16.243,27
1989-03-01,16.282,27
1989-03-02,16.219,27
1989-03-03,16.24,27
1989-03-04,16.421,27
1989-03-05,16.456,27
1989-03-06,16.521,27
1989-03-07,16.459,27
1989-03-08,16.413,27
1989-03-09,16.241,27
1989-03-10,16.343,27
1989-03-11,16.431,27
1989-03-12,16.435,27
1989-03-13,16.048,27
1989-03-14,16.016,27
1989-03-15,16.006,27
1989-03-16,16.159,27
1989-03-17,16.206,27
1989-03-18,16.363,27
1989-03-19,16.468,27
1989-03-20,16.597,27
1989-03-21,16.626,27
1989-03-22,16.618,27
1989-03-23,16.666,27
1989-03-24,16.667,27
1989-03-25,16.854,27
1989-03-26,17.508,27
1989-03-27,18.2,27
1989-03-28,17.992,27
1989-03-29,17.758,27
1989-03-30,17.543,27
1989-03-31,17.577,27
1989-04-01,17.49,27
1989-04-02,17.001,27
1989-04-03,17.224,27
1989-04-04,17.483,27
1989-04-05,17.653,27
1989-04-06,17.466,27
1989-04-07,17.545,27
1989-04-08,17.63,27
1989-04-09,17.788,27
1989-04-10,17.859,27
1989-04-11,17.881,27
1989-04-12,17.987,27
1989-04-13,18.127,27
1989-04-14,18.328,27
1989-04-15,18.723,27
1989-04-16,18.022,27
1989-04-17,18.675,27
1989-04-18,19.502,27
1989-04-19,20.307,27
1989-04-20,20.283,27
1989-04-21,20.348,27
1989-04-22,20.465,27
1989-04-23,20.195,27
1989-04-24,20.023,27
1989-04-25,19.864,27
1989-04-26,20.145,27
1989-04-27,20.675,27
1989-04-28,21.287,27
1989-04-29,21.72,27
1989-04-30,21.955,27
1989-05-01,20.674,27
1989-05-02,20.78,27
1989-05-03,20.956,27
1989-05-04,21.029,27
1989-05-05,21.711,27
1989-05-06,21.526,27
1989-05-07,21.53,27
1989-05-08,21.723,27
1989-05-09,22.372,27
1989-05-10,21.365,27
1989-05-11,21.184,27
1989-05-12,21.169,27
1989-05-13,21.398,27
1989-05-14,21.571,27
1989-05-15,22.364,27
1989-05-16,22.378,27
1989-05-17,22.343,27
1989-05-18,22.33,27
1989-05-19,23.185,27
1989-05-20,23.353,27
1989-05-21,23.42,27
1989-05-22,23.15,27
1989-05-23,23.164,27
1989-05-24,23.295,27
1989-05-25,23.407,27
1989-05-26,25.831,27
1989-05-27,25.929,27
1989-05-28,24.712,27
1989-05-29,23.615,27
1989-05-30,23.616,27
1989-05-31,23.9,27
1989-06-01,24.228,27
1989-06-02,24.773,27
1989-06-03,24.849,27
1989-06-04,24.916,27
1989-06-05,25.558,27
1989-06-06,25.7,27
1989-06-07,25.699,27
1989-06-08,25.747,27
1989-06-09,25.88,27
1989-06-10,25.804,27
1989-06-11,25.77,27
1989-06-12,25.894,27
1989-06-13,25.996,27
1989-06-14,26.047,27
1989-06-15,26.124,27
1989-06-16,25.964,27
1989-06-17,26.038,27
1989-06-18,26.339,27
1989-06-19,26.426,27
1989-06-20,26.153,27
1989-06-21,26.037,27
1989-06-22,26.046,27
1989-06-23,27.02,27
1989-06-24,27.2,27
1989-06-25,27.192,27
1989-06-26,27.519,27
1989-06-27,27.889,27
1989-06-28,28.029,27
1989-06-29,28.053,27
1989-06-30,28.069,27
1989-07-01,27.978,27
1989-07-02,27.905,27
1989-07-03,28.385,27
1989-07-04,28.57,27
1989-07-05,28.627,27
1989-07-06,28.657,27
1989-07-07,28.595,27
1989-07-08,28.616,27
1989-07-09,28.551,27
1989-07-10,28.423,27
1989-07-11,28.291,27
1989-07-12,28.233,27
1989-07-13,27.712,27
1989-07-14,27.401,27
1989-07-15,27.384,27
1989-07-16,27.583,27
1989-07-17,27.638,27
1989-07-18,27.737,27
1989-07-19,26.26,27
1989-07-20,25.847,27
1989-07-21,25.854,27
1989-07-22,25.979,27
1989-07-23,26.108,27
1989-07-24,26.46,27
1989-07-25,26.813,27
1989-07-26,27.053,27
1989-07-27,27.283,27
1989-07-28,27.48,27
1989-07-29,26.966,27
1989-07-30,26.956,27
1989-07-31,26.991,27
1989-08-01,27.127,27
1989-08-02,27.997,27
1989-08-03,28.387,27
1989-08-04,28.425,27
1989-08-05,28.341,27
1989-08-06,28.361,27
1989-08-07,28.328,27
1989-08-08,28.239,27
1989-08-09,28.138,27
1989-08-10,28.079,27
1989-08-11,27.743,27
1989-08-12,27.713,27
1989-08-13,27.766,27
1989-08-14,27.754,27
1989-08-15,27.801,27
1989-08-16,27.878,27
1989-08-17,27.591,27
1989-08-18,27.513,27
1989-08-19,27.452,27
1989-08-20,27.865,27
1989-08-21,27.914,27
1989-08-22,28.244,27
1989-08-23,28.492,27
1989-08-24,28.476,27
1989-08-25,28.408,27
1989-08-26,28.367,27
1989-08-27,28.604,27
1989-08-28,28.233,27
1989-08-29,28.309,27
1989-08-30,28.538,27
1989-08-31,28.789,27
1989-09-01,29.577,27
1989-09-02,29.571,27
1989-09-03,29.573,27
1989-09-04,29.397,27
1989-09-05,29.204,27
1989-09-06,29.07,27
1989-09-07,28.237,27
1989-09-08,28.401,27
1989-09-09,28.421,27
1989-09-10,28.31,27
1989-09-11,28.145,27
1989-09-12,28.098,27
1989-09-13,28.145,27
1989-09-14,28.05,27
1989-09-15,27.951,27
1989-09-16,27.641,27
1989-09-17,27.576,27
1989-09-18,27.552,27
1989-09-19,27.521,27
1989-09-20,27.454,27
1989-09-21,27.361,27
1989-09-22,27.226,27
1989-09-23,27.107,27
1989-09-24,27.053,27
1989-09-25,27.093,27
1989-09-26,27.083,27
1989-09-27,27.044,27
1989-09-28,26.379,27
1989-09-29,26.169,27
1989-09-30,25.994,27
1989-10-01,25.206,27
1989-10-02,25.238,27
1989-10-03,25.526,27
1989-10-04,25.826,27
1989-10-05,25.776,27
1989-10-06,25.66,27
1989-10-07,25.638,27
1989-10-08,25.53,27
1989-10-09,25.487,27
1989-10-10,25.236,27
1989-10-11,24.622,27
1989-10-12,24.507,27
1989-10-13,24.549,27
1989-10-14,24.479,27
1989-10-15,24.799,27
1989-10-16,24.803,27
1989-10-17,24.804,27
1989-10-18,24.71,27
1989-10-19,23.746,27
1989-10-20,23.293,27
1989-10-21,23.041,27
1989-10-22,22.831,27
1989-10-23,22.874,27
1989-10-24,23.152,27
1989-10-25,23.12,27
1989-10-26,22.973,27
1989-10-27,22.339,27
1989-10-28,22.196,27
1989-10-29,22.091,27
1989-10-30,21.945,27
1989-10-31,21.964,27
1989-11-01,22.002,27
1989-11-02,22.015,27
1989-11-03,21.845,27
1989-11-04,21.388,27
1989-11-05,21.381,27
1989-11-06,21.642,27
1989-11-07,22.222,27
1989-11-08,22.079,27
1989-11-09,20.864,27
1989-11-10,20.837,27
1989-11-11,21.068,27
1989-11-12,21.513,27
1989-11-13,21.617,27
1989-11-14,21.542,27
1989-11-15,21.496,27
1989-11-16,21.453,27
1989-11-17,21.363,27
1989-11-18,21.327,27
1989-11-19,19.817,27
1989-11-20,19.581,27
1989-11-21,19.555,27
1989-11-22,19.53,27
1989-11-23,19.394,27
1989-11-24,19.409,27
1989-11-25,19.378,27
1989-11-26,19.256,27
1989-11-27,19.11,27
1989-11-28,19.01,27
1989-11-29,18.616,27
1989-11-30,18.819,27
1989-12-01,19.053,27
1989-12-02,19.241,27
1989-12-03,18.919,27
1989-12-04,18.327,27
1989-12-05,18.111,27
1989-12-06,17.967,27
1989-12-07,18.033,27
1989-12-08,18.084,27
1989-12-09,18.091,27
1989-12-10,18.071,27
1989-12-11,17.965,27
1989-12-12,18.025,27
1989-12-13,17.908,27
1989-12-14,17.979,27
1989-12-15,18.319,27
1989-12-16,18.15,27
1989-12-17,17.544,27
1989-12-18,17.542,27
1989-12-19,17.57,27
1989-12-20,17.584,27
1989-12-21,17.56,27
1989-12-22,17.587,27
1989-12-23,17.625,27
1989-12-24,17.408,27
1989-12-25,17.304,27
1989-12-26,17.146,27
1989-12-27,17.041,27
1989-12-28,17.028,27
1989-12-29,17.013,27
1989-12-30,16.991,27
1989-12-31,17.312,27
1990-01-01,17.546,27
1990-01-02,17.57,27
1990-01-03,17.64,27
1990-01-04,17.675,27
1990-01-05,17.648,27
1990-01-06,17.7,27
1990-01-07,17.709,27
1990-01-08,17.663,27
1990-01-09,17.669,27
1990-01-10,17.578,27
1990-01-11,17.579,27
1990-01-12,17.613,27
1990-01-13,17.587,27
1990-01-14,17.569,27
1990-01-15,17.377,27
1990-01-16,17.358,27
1990-01-17,17.357,27
1990-01-18,17.356,27
1990-01-19,17.355,27
1990-01-20,17.346,27
1990-01-21,17.333,27
1990-01-22,17.112,27
1990-01-23,16.983,27
1990-01-24,17.181,27
1990-01-25,17.115,27
1990-01-26,17.044,27
1990-01-27,17.027,27
1990-01-28,17.096,27
1990-01-29,16.969,27
1990-01-30,16.553,27
1990-01-31,16.483,27
1990-02-01,16.401,27
1990-02-02,16.344,27
1990-02-03,16.284,27
1990-02-04,16.292,27
1990-02-05,17.671,27
1990-02-06,17.804,27
1990-02-07,17.818,27
1990-02-08,17.834,27
1990-02-09,17.726,27
1990-02-10,17.557,27
1990-02-11,17.343,27
1990-02-12,16.354,27
1990-02-13,16.34,27
1990-02-14,16.335,27
1990-02-15,16.609,27
1990-02-16,16.373,27
1990-02-17,16.546,27
1990-02-18,16.629,27
1990-02-19,15.59,27
1990-02-20,15.58,27
1990-02-21,15.59,27
1990-02-22,15.64,27
1990-02-23,15.707,27
1990-02-24,15.769,27
1990-02-25,15.757,27
1990-02-26,15.727,27
1990-02-27,15.731,27
1990-02-28,15.878,27
1990-03-01,15.943,27
1990-03-02,15.917,27
1990-03-03,15.929,27
1990-03-04,15.882,27
1990-03-05,15.836,27
1990-03-06,15.883,27
1990-03-07,15.875,27
1990-03-08,15.88,27
1990-03-09,16.549,27
1990-03-10,17.26,27
1990-03-11,18.03,27
1990-03-12,19.402,27
1990-03-13,20.399,27
1990-03-14,20.025,27
1990-03-15,19.569,27
1990-03-16,19.385,27
1990-03-17,17.636,27
1990-03-18,17.523,27
1990-03-19,17.549,27
1990-03-20,17.709,27
1990-03-21,17.697,27
1990-03-22,17.561,27
1990-03-23,17.547,27
1990-03-24,17.513,27
1990-03-25,17.639,27
1990-03-26,17.793,27
1990-03-27,17.896,27
1990-03-28,17.89,27
1990-03-29,17.996,27
1990-03-30,18.06,27
1990-03-31,18.053,27
1990-04-01,18.086,27
1990-04-02,18.189,27
1990-04-03,18.314,27
1990-04-04,18.299,27
1990-04-05,18.226,27
1990-04-06,18.219,27
1990-04-07,18.234,27
1990-04-08,18.274,27
1990-04-09,18.293,27
1990-04-10,18.284,27
1990-04-11,18.493,27
1990-04-12,18.575,27
1990-04-13,18.939,27
1990-04-14,19.187,27
1990-04-15,20.427,27
1990-04-16,20.351,27
1990-04-17,19.958,27
1990-04-18,19.559,27
1990-04-19,19.188,27
1990-04-20,19.419,27
1990-04-21,19.649,27
1990-04-22,19.456,27
1990-04-23,19.837,27
1990-04-24,20.259,27
1990-04-25,20.596,27
1990-04-26,20.981,27
1990-04-27,21.332,27
1990-04-28,21.855,27
1990-04-29,21.596,27
1990-04-30,22.05,27
1990-05-01,22.448,27
1990-05-02,22.877,27
1990-05-03,23.143,27
1990-05-04,23.231,27
1990-05-05,23.25,27
1990-05-06,22.263,27
1990-05-07,22.219,27
1990-05-08,22.247,27
1990-05-09,22.342,27
1990-05-10,22.894,27
1990-05-11,22.879,27
1990-05-12,22.829,27
1990-05-13,22.738,27
1990-05-14,24.322,27
1990-05-15,24.369,27
1990-05-16,24.369,27
1990-05-17,24.595,27
1990-05-18,24.696,27
1990-05-19,24.755,27
1990-05-20,24.908,27
1990-05-21,24.864,27
1990-05-22,24.869,27
1990-05-23,24.888,27
1990-05-24,24.953,27
1990-05-25,24.638,27
1990-05-26,24.49,27
1990-05-27,24.473,27
1990-05-28,24.55,27
1990-05-29,24.816,27
1990-05-30,24.865,27
1990-05-31,24.861,27
1990-06-01,24.847,27
1990-06-02,25.022,27
1990-06-03,25.11,27
1990-06-04,25.238,27
1990-06-05,25.269,27
1990-06-06,25.404,27
1990-06-07,25.533,27
1990-06-08,25.606,27
1990-06-09,25.763,27
1990-06-10,25.828,27
1990-06-11,25.909,27
1990-06-12,26.026,27
1990-06-13,26.098,27
1990-06-14,26.074,27
1990-06-15,26.088,27
1990-06-16,26.114,27
1990-06-17,26.237,27
1990-06-18,26.083,27
1990-06-19,26.053,27
1990-06-20,27.211,27
1990-06-21,27.384,27
1990-06-22,27.407,27
1990-06-23,27.359,27
1990-06-24,26.831,27
1990-06-25,27.447,27
1990-06-26,27.539,27
1990-06-27,27.583,27
1990-06-28,27.571,27
1990-06-29,27.797,27
1990-06-30,27.955,27
1990-07-01,28.003,27
1990-07-02,28.006,27
1990-07-03,27.978,27
1990-07-04,27.914,27
1990-07-05,28.021,27
1990-07-06,28.039,27
1990-07-07,28.053,27
1990-07-08,28.972,27
1990-07-09,29.201,27
1990-07-10,29.199,27
1990-07-11,28.53,27
1990-07-12,28.337,27
1990-07-13,28.127,27
1990-07-14,28.073,27
1990-07-15,28.149,27
1990-07-16,28.342,27
1990-07-17,28.411,27
1990-07-18,28.466,27
1990-07-19,28.51,27
1990-07-20,28.493,27
1990-07-21,28.308,27
1990-07-22,28.195,27
1990-07-23,28.199,27
1990-07-24,28.483,27
1990-07-25,28.691,27
1990-07-26,28.759,27
1990-07-27,28.772,27
1990-07-28,28.632,27
1990-07-29,28.315,27
1990-07-30,28.499,27
1990-07-31,28.647,27
1990-08-01,28.169,27
1990-08-02,27.988,27
1990-08-03,28.661,27
1990-08-04,29.334,27
1990-08-05,29.534,27
1990-08-06,29.927,27
1990-08-07,29.792,27
1990-08-08,29.569,27
1990-08-09,29.702,27
1990-08-10,29.753,27
1990-08-11,29.471,27
1990-08-12,29.078,27
1990-08-13,28.767,27
1990-08-14,28.889,27
1990-08-15,28.82,27
1990-08-16,28.846,27
1990-08-17,28.071,27
1990-08-18,28.649,27
1990-08-19,28.937,27
1990-08-20,29.427,27
1990-08-21,29.007,27
1990-08-22,28.613,27
1990-08-23,28.479,27
1990-08-24,28.585,27
1990-08-25,28.534,27
1990-08-26,27.904,27
1990-08-27,28.445,27
1990-08-28,28.769,27
1990-08-29,28.972,27
1990-08-30,29.52,27
1990-08-31,29.566,27
1990-09-01,29.43,27
1990-09-02,29.384,27
1990-09-03,29.409,27
1990-09-04,29.032,27
1990-09-05,28.866,27
1990-09-06,29.176,27
1990-09-07,29.049,27
1990-09-08,28.965,27
1990-09-09,28.91,27
1990-09-10,28.859,27
1990-09-11,28.76,27
1990-09-12,28.757,27
1990-09-13,29.029,27
1990-09-14,29.215,27
1990-09-15,29.325,27
1990-09-16,29.182,27
1990-09-17,29.07,27
1990-09-18,28.886,27
1990-09-19,28.674,27
1990-09-20,28.49,27
1990-09-21,28.559,27
1990-09-22,28.536,27
1990-09-23,28.291,27
1990-09-24,27.901,27
1990-09-25,27.606,27
1990-09-26,27.522,27
1990-09-27,27.549,27
1990-09-28,27.53,27
1990-09-29,27.417,27
1990-09-30,26.887,27
1990-10-01,27.028,27
1990-10-02,27.249,27
1990-10-03,27.32,27
1990-10-04,27.322,27
1990-10-05,27.15,27
1990-10-06,27.094,27
1990-10-07,27.011,27
1990-10-08,26.953,27
1990-10-09,26.951,27
1990-10-10,26.864,27
1990-10-11,26.586,27
1990-10-12,26.782,27
1990-10-13,27.183,27
1990-10-14,26.983,27
1990-10-15,26.827,27
1990-10-16,26.754,27
1990-10-17,26.741,27
1990-10-18,26.467,27
1990-10-19,26.158,27
1990-10-20,25.968,27
1990-10-21,25.645,27
1990-10-22,25.843,27
1990-10-23,25.78,27
1990-10-24,25.63,27
1990-10-25,25.346,27
1990-10-26,24.846,27
1990-10-27,24.399,27
1990-10-28,24.321,27
1990-10-29,23.975,27
1990-10-30,23.725,27
1990-10-31,23.175,27
1990-11-01,22.708,27
1990-11-02,22.64,27
1990-11-03,22.653,27
1990-11-04,22.91,27
1990-11-05,22.969,27
1990-11-06,22.869,27
1990-11-07,22.936,27
1990-11-08,23.109,27
1990-11-09,23.103,27
1990-11-10,21.826,27
1990-11-11,21.637,27
1990-11-12,21.539,27
1990-11-13,21.481,27
1990-11-14,21.615,27
1990-11-15,21.512,27
1990-11-16,21.38,27
1990-11-17,21.007,27
1990-11-18,20.95,27
1990-11-19,20.33,27
1990-11-20,19.806,27
1990-11-21,19.729,27
1990-11-22,19.848,27
1990-11-23,19.667,27
1990-11-24,19.664,27
1990-11-25,20.219,27
1990-11-26,20.241,27
1990-11-27,20.177,27
1990-11-28,20.142,27
1990-11-29,19.711,27
1990-11-30,19.65,27
1990-12-01,19.646,27
1990-12-02,19.616,27
1990-12-03,19.553,27
1990-12-04,19.571,27
1990-12-05,19.604,27
1990-12-06,19.491,27
1990-12-07,19.421,27
1990-12-08,19.07,27
1990-12-09,19.098,27
1990-12-10,19.129,27
1990-12-11,18.936,27
1990-12-12,18.713,27
1990-12-13,18.736,27
1990-12-14,18.654,27
1990-12-15,18.866,27
1990-12-16,18.647,27
1990-12-17,18.025,27
1990-12-18,17.976,27
1990-12-19,17.987,27
1990-12-20,18.011,27
1990-12-21,18.016,27
1990-12-22,18.007,27
1990-12-23,18.042,27
1990-12-24,17.95,27
1990-12-25,17.889,27
1990-12-26,17.644,27
1990-12-27,17.592,27
1990-12-28,17.746,27
1990-12-29,17.734,27
1990-12-30,17.73,27
1990-12-31,17.957,27
1991-01-01,18.14,27
1991-01-02,18.13,27
1991-01-03,18.186,27
1991-01-04,18.262,27
1991-01-05,18.43,27
1991-01-06,18.479,27
1991-01-07,18.6,27
1991-01-08,18.598,27
1991-01-09,18.53,27
1991-01-10,18.346,27
1991-01-11,18.256,27
1991-01-12,18.32,27
1991-01-13,18,27
1991-01-14,17.953,27
1991-01-15,17.764,27
1991-01-16,17.889,27
1991-01-17,18.024,27
1991-01-18,18.112,27
1991-01-19,18.111,27
1991-01-20,18.09,27
1991-01-21,18.022,27
1991-01-22,17.523,27
1991-01-23,17.47,27
1991-01-24,17.686,27
1991-01-25,17.65,27
1991-01-26,18.015,27
1991-01-27,18.008,27
1991-01-28,18.064,27
1991-01-29,17.697,27
1991-01-30,17.281,27
1991-01-31,17.199,27
1991-02-01,17.064,27
1991-02-02,16.946,27
1991-02-03,16.861,27
1991-02-04,16.806,27
1991-02-05,18.142,27
1991-02-06,18.236,27
1991-02-07,18.263,27
1991-02-08,18.147,27
1991-02-09,17.954,27
1991-02-10,17.77,27
1991-02-11,17.641,27
1991-02-12,16.994,27
1991-02-13,17.236,27
1991-02-14,17.354,27
1991-02-15,17.538,27
1991-02-16,17.298,27
1991-02-17,17.361,27
1991-02-18,17.317,27
1991-02-19,16.144,27
1991-02-20,16.828,27
1991-02-21,16.969,27
1991-02-22,17.069,27
1991-02-23,17.002,27
1991-02-24,16.917,27
1991-02-25,16.794,27
1991-02-26,16.678,27
1991-02-27,16.626,27
1991-02-28,16.654,27
1991-03-01,16.649,27
1991-03-02,16.559,27
1991-03-03,16.544,27
1991-03-04,16.43,27
1991-03-05,16.356,27
1991-03-06,16.299,27
1991-03-07,16.201,27
1991-03-08,16.167,27
1991-03-09,16.325,27
1991-03-10,16.241,27
1991-03-11,16.105,27
1991-03-12,16.098,27
1991-03-13,16.227,27
1991-03-14,16.266,27
1991-03-15,16.219,27
1991-03-16,16.376,27
1991-03-17,16.449,27
1991-03-18,16.506,27
1991-03-19,16.609,27
1991-03-20,16.69,27
1991-03-21,16.711,27
1991-03-22,16.696,27
1991-03-23,16.713,27
1991-03-24,18.121,27
1991-03-25,18.197,27
1991-03-26,18.224,27
1991-03-27,18.286,27
1991-03-28,18.37,27
1991-03-29,18.39,27
1991-03-30,18.382,27
1991-03-31,17.764,27
1991-04-01,17.805,27
1991-04-02,17.855,27
1991-04-03,17.909,27
1991-04-04,17.931,27
1991-04-05,18.036,27
1991-04-06,18.173,27
1991-04-07,18.373,27
1991-04-08,18.466,27
1991-04-09,18.572,27
1991-04-10,20.302,27
1991-04-11,20.524,27
1991-04-12,19.986,27
1991-04-13,19.624,27
1991-04-14,19.567,27
1991-04-15,19.494,27
1991-04-16,19.949,27
1991-04-17,20.913,27
1991-04-18,21.113,27
1991-04-19,21.131,27
1991-04-20,20.71,27
1991-04-21,20.593,27
1991-04-22,20.553,27
1991-04-23,20.713,27
1991-04-24,21.203,27
1991-04-25,21.188,27
1991-04-26,21.159,27
1991-04-27,21.186,27
1991-04-28,22.132,27
1991-04-29,23.216,27
1991-04-30,24.199,27
1991-05-01,24.617,27
1991-05-02,24.319,27
1991-05-03,24.134,27
1991-05-04,24.131,27
1991-05-05,24.074,27
1991-05-06,24.51,27
1991-05-07,24.526,27
1991-05-08,24.501,27
1991-05-09,24.391,27
1991-05-10,24.462,27
1991-05-11,24.499,27
1991-05-12,24.495,27
1991-05-13,24.459,27
1991-05-14,24.624,27
1991-05-15,24.585,27
1991-05-16,24.573,27
1991-05-17,25.386,27
1991-05-18,25.461,27
1991-05-19,25.526,27
1991-05-20,25.586,27
1991-05-21,25.451,27
1991-05-22,25.341,27
1991-05-23,25.331,27
1991-05-24,25.406,27
1991-05-25,25.104,27
1991-05-26,25.073,27
1991-05-27,25.153,27
1991-05-28,25.277,27
1991-05-29,25.816,27
1991-05-30,25.891,27
1991-05-31,27.026,27
1991-06-01,27.143,27
1991-06-02,26.922,27
1991-06-03,26.836,27
1991-06-04,26.815,27
1991-06-05,26.726,27
1991-06-06,26.719,27
1991-06-07,26.698,27
1991-06-08,25.233,27
1991-06-09,24.767,27
1991-06-10,24.768,27
1991-06-11,24.97,27
1991-06-12,25.111,27
1991-06-13,25.162,27
1991-06-14,25.189,27
1991-06-15,25.441,27
1991-06-16,25.716,27
1991-06-17,25.934,27
1991-06-18,26.113,27
1991-06-19,27.247,27
1991-06-20,27.346,27
1991-06-21,27.345,27
1991-06-22,27.368,27
1991-06-23,27.409,27
1991-06-24,27.406,27
1991-06-25,27.483,27
1991-06-26,27.522,27
1991-06-27,26.711,27
1991-06-28,26.604,27
1991-06-29,26.978,27
1991-06-30,27.242,27
1991-07-01,27.294,27
1991-07-02,27.346,27
1991-07-03,27.463,27
1991-07-04,27.548,27
1991-07-05,27.621,27
1991-07-06,27.751,27
1991-07-07,28.489,27
1991-07-08,28.485,27
1991-07-09,28.454,27
1991-07-10,28.391,27
1991-07-11,27.936,27
1991-07-12,27.933,27
1991-07-13,28.349,27
1991-07-14,28.398,27
1991-07-15,28.413,27
1991-07-16,28.34,27
1991-07-17,28.317,27
1991-07-18,28.337,27
1991-07-19,28.339,27
1991-07-20,28.333,27
1991-07-21,28.58,27
1991-07-22,28.654,27
1991-07-23,28.45,27
1991-07-24,28.109,27
1991-07-25,28.117,27
1991-07-26,28.25,27
1991-07-27,28.469,27
1991-07-28,28.529,27
1991-07-29,28.531,27
1991-07-30,28.662,27
1991-07-31,28.656,27
1991-08-01,28.53,27
1991-08-02,28.437,27
1991-08-03,28.094,27
1991-08-04,28.008,27
1991-08-05,28.022,27
1991-08-06,28.188,27
1991-08-07,28.209,27
1991-08-08,28.157,27
1991-08-09,28.151,27
1991-08-10,28.088,27
1991-08-11,28.082,27
1991-08-12,28.279,27
1991-08-13,29.38,27
1991-08-14,29.531,27
1991-08-15,29.387,27
1991-08-16,28.419,27
1991-08-17,28.106,27
1991-08-18,28.126,27
1991-08-19,28.198,27
1991-08-20,28.276,27
1991-08-21,28.22,27
1991-08-22,28.177,27
1991-08-23,27.856,27
1991-08-24,27.92,27
1991-08-25,27.898,27
1991-08-26,27.883,27
1991-08-27,28.017,27
1991-08-28,28.041,27
1991-08-29,28.445,27
1991-08-30,28.563,27
1991-08-31,28.577,27
1991-09-01,28.634,27
1991-09-02,28.573,27
1991-09-03,28.346,27
1991-09-04,28.109,27
1991-09-05,28.13,27
1991-09-06,28.167,27
1991-09-07,28.238,27
1991-09-08,27.905,27
1991-09-09,27.652,27
1991-09-10,27.401,27
1991-09-11,27.863,27
1991-09-12,27.948,27
1991-09-13,27.814,27
1991-09-14,27.927,27
1991-09-15,28.04,27
1991-09-16,28.108,27
1991-09-17,28.202,27
1991-09-18,28.366,27
1991-09-19,28.511,27
1991-09-20,28.734,27
1991-09-21,28.013,27
1991-09-22,27.248,27
1991-09-23,26.873,27
1991-09-24,26.612,27
1991-09-25,26.738,27
1991-09-26,26.939,27
1991-09-27,26.913,27
1991-09-28,26.662,27
1991-09-29,26.661,27
1991-09-30,26.436,27
1991-10-01,26.338,27
1991-10-02,26.056,27
1991-10-03,25.862,27
1991-10-04,25.753,27
1991-10-05,25.68,27
1991-10-06,25.587,27
1991-10-07,25.142,27
1991-10-08,24.871,27
1991-10-09,24.703,27
1991-10-10,23.518,27
1991-10-11,23.361,27
1991-10-12,23.55,27
1991-10-13,23.647,27
1991-10-14,23.661,27
1991-10-15,23.635,27
1991-10-16,23.185,27
1991-10-17,23.08,27
1991-10-18,23.129,27
1991-10-19,23.179,27
1991-10-20,23.214,27
1991-10-21,23.299,27
1991-10-22,23.517,27
1991-10-23,23.568,27
1991-10-24,23.719,27
1991-10-25,23.622,27
1991-10-26,23.429,27
1991-10-27,23.387,27
1991-10-28,23.39,27
1991-10-29,23.158,27
1991-10-30,22.916,27
1991-10-31,23.127,27
1991-11-01,23.309,27
1991-11-02,23.395,27
1991-11-03,23.172,27
1991-11-04,22.882,27
1991-11-05,22.615,27
1991-11-06,21.201,27
1991-11-07,20.462,27
1991-11-08,20.439,27
1991-11-09,20.426,27
1991-11-10,20.42,27
1991-11-11,19.614,27
1991-11-12,19.534,27
1991-11-13,19.565,27
1991-11-14,19.535,27
1991-11-15,19.452,27
1991-11-16,19.42,27
1991-11-17,19.333,27
1991-11-18,19.289,27
1991-11-19,18.611,27
1991-11-20,18.352,27
1991-11-21,18.319,27
1991-11-22,18.913,27
1991-11-23,18.717,27
1991-11-24,18.499,27
1991-11-25,18.04,27
1991-11-26,17.81,27
1991-11-27,17.781,27
1991-11-28,17.979,27
1991-11-29,18.139,27
1991-11-30,18.256,27
1991-12-01,18.07,27
1991-12-02,18.192,27
1991-12-03,18.294,27
1991-12-04,18.242,27
1991-12-05,18.261,27
1991-12-06,18.16,27
1991-12-07,18.163,27
1991-12-08,18.167,27
1991-12-09,17.648,27
1991-12-10,17.768,27
1991-12-11,18.037,27
1991-12-12,18.587,27
1991-12-13,18.371,27
1991-12-14,17.935,27
1991-12-15,17.704,27
1991-12-16,17.572,27
1991-12-17,17.049,27
1991-12-18,16.973,27
1991-12-19,16.926,27
1991-12-20,16.99,27
1991-12-21,17.083,27
1991-12-22,17.191,27
1991-12-23,17.23,27
1991-12-24,17.124,27
1991-12-25,17.09,27
1991-12-26,16.923,27
1991-12-27,16.926,27
1991-12-28,17.021,27
1991-12-29,17.024,27
1991-12-30,17.029,27
1991-12-31,17.29,27
1992-01-01,17.475,27
1992-01-02,17.495,27
1992-01-03,17.59,27
1992-01-04,17.872,27
1992-01-05,17.871,27
1992-01-06,18.014,27
1992-01-07,17.931,27
1992-01-08,17.845,27
1992-01-09,17.804,27
1992-01-10,17.659,27
1992-01-11,17.403,27
1992-01-12,17.431,27
1992-01-13,17.478,27
1992-01-14,17.528,27
1992-01-15,17.241,27
1992-01-16,17.419,27
1992-01-17,17.51,27
1992-01-18,17.538,27
1992-01-19,17.461,27
1992-01-20,17.374,27
1992-01-21,17.33,27
1992-01-22,17.094,27
1992-01-23,16.933,27
1992-01-24,17.101,27
1992-01-25,17.111,27
1992-01-26,17.066,27
1992-01-27,16.934,27
1992-01-28,17.004,27
1992-01-29,16.903,27
1992-01-30,16.537,27
1992-01-31,16.479,27
1992-02-01,16.452,27
1992-02-02,16.476,27
1992-02-03,16.37,27
1992-02-04,16.345,27
1992-02-05,17.707,27
1992-02-06,17.787,27
1992-02-07,17.878,27
1992-02-08,17.935,27
1992-02-09,17.861,27
1992-02-10,17.699,27
1992-02-11,17.565,27
1992-02-12,16.793,27
1992-02-13,17.047,27
1992-02-14,17.136,27
1992-02-15,17.316,27
1992-02-16,17.089,27
1992-02-17,17.159,27
1992-02-18,17.144,27
1992-02-19,16.006,27
1992-02-20,15.942,27
1992-02-21,15.923,27
1992-02-22,15.94,27
1992-02-23,15.945,27
1992-02-24,15.954,27
1992-02-25,16.009,27
1992-02-26,15.951,27
1992-02-27,16.044,27
1992-02-28,16.137,27
1992-02-29,16.304,27
1992-03-01,16.269,27
1992-03-02,16.169,27
1992-03-03,16.159,27
1992-03-04,16.094,27
1992-03-05,16.037,27
1992-03-06,16.083,27
1992-03-07,16.123,27
1992-03-08,16.125,27
1992-03-09,16.027,27
1992-03-10,16.116,27
1992-03-11,16.116,27
1992-03-12,16.09,27
1992-03-13,16.044,27
1992-03-14,16.06,27
1992-03-15,15.956,27
1992-03-16,16.238,27
1992-03-17,16.392,27
1992-03-18,16.513,27
1992-03-19,16.641,27
1992-03-20,16.666,27
1992-03-21,16.608,27
1992-03-22,16.597,27
1992-03-23,16.623,27
1992-03-24,16.572,27
1992-03-25,16.714,27
1992-03-26,16.935,27
1992-03-27,17.071,27
1992-03-28,17.112,27
1992-03-29,17.256,27
1992-03-30,17.02,27
1992-03-31,16.812,27
1992-04-01,16.791,27
1992-04-02,16.894,27
1992-04-03,17.114,27
1992-04-04,17.344,27
1992-04-05,17.493,27
1992-04-06,17.57,27
1992-04-07,17.652,27
1992-04-08,17.563,27
1992-04-09,17.476,27
1992-04-10,17.496,27
1992-04-11,17.556,27
1992-04-12,17.657,27
1992-04-13,17.822,27
1992-04-14,17.989,27
1992-04-15,17.391,27
1992-04-16,17.669,27
1992-04-17,17.75,27
1992-04-18,18.039,27
1992-04-19,18.303,27
1992-04-20,18.633,27
1992-04-21,20.269,27
1992-04-22,20.18,27
1992-04-23,20.279,27
1992-04-24,20.732,27
1992-04-25,21.411,27
1992-04-26,21.387,27
1992-04-27,21.31,27
1992-04-28,19.108,27
1992-04-29,18.481,27
1992-04-30,18.453,27
1992-05-01,18.364,27
1992-05-02,18.871,27
1992-05-03,19.333,27
1992-05-04,19.831,27
1992-05-05,20.064,27
1992-05-06,20.086,27
1992-05-07,20.284,27
1992-05-08,19.234,27
1992-05-09,19.437,27
1992-05-10,19.942,27
1992-05-11,20.213,27
1992-05-12,20.408,27
1992-05-13,20.997,27
1992-05-14,21.04,27
1992-05-15,21.074,27
1992-05-16,21.315,27
1992-05-17,21.243,27
1992-05-18,21.27,27
1992-05-19,21.36,27
1992-05-20,21.474,27
1992-05-21,21.726,27
1992-05-22,21.567,27
1992-05-23,21.756,27
1992-05-24,21.929,27
1992-05-25,22.206,27
1992-05-26,22.871,27
1992-05-27,23.167,27
1992-05-28,23.32,27
1992-05-29,23.483,27
1992-05-30,23.55,27
1992-05-31,24.387,27
1992-06-01,24.467,27
1992-06-02,24.473,27
1992-06-03,24.586,27
1992-06-04,23.995,27
1992-06-05,23.948,27
1992-06-06,24.401,27
1992-06-07,24.944,27
1992-06-08,24.997,27
1992-06-09,25.293,27
1992-06-10,25.42,27
1992-06-11,25.572,27
1992-06-12,25.718,27
1992-06-13,25.356,27
1992-06-14,25.341,27
1992-06-15,25.355,27
1992-06-16,25.657,27
1992-06-17,25.763,27
1992-06-18,25.796,27
1992-06-19,26.081,27
1992-06-20,26.631,27
1992-06-21,26.904,27
1992-06-22,27.101,27
1992-06-23,27.026,27
1992-06-24,26.874,27
1992-06-25,26.819,27
1992-06-26,26.95,27
1992-06-27,27.217,27
1992-06-28,27.226,27
1992-06-29,27.373,27
1992-06-30,27.233,27
1992-07-01,27.297,27
1992-07-02,27.407,27
1992-07-03,27.551,27
1992-07-04,27.588,27
1992-07-05,27.73,27
1992-07-06,28.354,27
1992-07-07,28.586,27
1992-07-08,28.682,27
1992-07-09,28.786,27
1992-07-10,28.827,27
1992-07-11,28.964,27
1992-07-12,28.933,27
1992-07-13,28.567,27
1992-07-14,28.213,27
1992-07-15,27.746,27
1992-07-16,27.59,27
1992-07-17,27.558,27
1992-07-18,27.557,27
1992-07-19,27.775,27
1992-07-20,27.891,27
1992-07-21,27.92,27
1992-07-22,27.779,27
1992-07-23,27.606,27
1992-07-24,27.546,27
1992-07-25,28.216,27
1992-07-26,28.33,27
1992-07-27,28.42,27
1992-07-28,28.351,27
1992-07-29,28.336,27
1992-07-30,28.334,27
1992-07-31,28.42,27
1992-08-01,28.601,27
1992-08-02,28.689,27
1992-08-03,28.793,27
1992-08-04,28.976,27
1992-08-05,28.926,27
1992-08-06,28.909,27
1992-08-07,28.698,27
1992-08-08,28.801,27
1992-08-09,28.846,27
1992-08-10,28.929,27
1992-08-11,28.985,27
1992-08-12,28.954,27
1992-08-13,28.835,27
1992-08-14,28.754,27
1992-08-15,28.711,27
1992-08-16,28.514,27
1992-08-17,28.539,27
1992-08-18,28.364,27
1992-08-19,28.263,27
1992-08-20,29.369,27
1992-08-21,29.47,27
1992-08-22,29.217,27
1992-08-23,28.368,27
1992-08-24,28.19,27
1992-08-25,28.083,27
1992-08-26,28.07,27
1992-08-27,28.101,27
1992-08-28,28.21,27
1992-08-29,28.81,27
1992-08-30,28.924,27
1992-08-31,28.853,27
1992-09-01,28.842,27
1992-09-02,28.727,27
1992-09-03,28.669,27
1992-09-04,28.61,27
1992-09-05,28.498,27
1992-09-06,28.439,27
1992-09-07,28.345,27
1992-09-08,28.736,27
1992-09-09,28.964,27
1992-09-10,28.983,27
1992-09-11,28.579,27
1992-09-12,28.397,27
1992-09-13,28.407,27
1992-09-14,28.389,27
1992-09-15,27.819,27
1992-09-16,27.2,27
1992-09-17,26.937,27
1992-09-18,26.854,27
1992-09-19,27.044,27
1992-09-20,27.309,27
1992-09-21,27.392,27
1992-09-22,27.532,27
1992-09-23,27.623,27
1992-09-24,27.477,27
1992-09-25,27.383,27
1992-09-26,27.285,27
1992-09-27,27.218,27
1992-09-28,27.042,27
1992-09-29,26.955,27
1992-09-30,26.757,27
1992-10-01,26.659,27
1992-10-02,26.477,27
1992-10-03,25.022,27
1992-10-04,24.76,27
1992-10-05,24.696,27
1992-10-06,24.674,27
1992-10-07,24.503,27
1992-10-08,24.315,27
1992-10-09,24.231,27
1992-10-10,24.183,27
1992-10-11,23.24,27
1992-10-12,23.206,27
1992-10-13,23.014,27
1992-10-14,22.892,27
1992-10-15,22.856,27
1992-10-16,22.997,27
1992-10-17,23.352,27
1992-10-18,23.19,27
1992-10-19,22.011,27
1992-10-20,22.029,27
1992-10-21,22.104,27
1992-10-22,22.355,27
1992-10-23,22.266,27
1992-10-24,22.117,27
1992-10-25,21.821,27
1992-10-26,21.945,27
1992-10-27,21.966,27
1992-10-28,22.241,27
1992-10-29,22.139,27
1992-10-30,22.086,27
1992-10-31,22.167,27
1992-11-01,22.351,27
1992-11-02,22.346,27
1992-11-03,22.237,27
1992-11-04,22.063,27
1992-11-05,21.961,27
1992-11-06,21.921,27
1992-11-07,21.727,27
1992-11-08,21.621,27
1992-11-09,21.516,27
1992-11-10,21.426,27
1992-11-11,21.363,27
1992-11-12,21.177,27
1992-11-13,20.568,27
1992-11-14,20.451,27
1992-11-15,20.457,27
1992-11-16,20.417,27
1992-11-17,20.222,27
1992-11-18,19.861,27
1992-11-19,19.891,27
1992-11-20,20.13,27
1992-11-21,20.667,27
1992-11-22,20.391,27
1992-11-23,20.2,27
1992-11-24,20.193,27
1992-11-25,20.111,27
1992-11-26,20.05,27
1992-11-27,19.934,27
1992-11-28,19.916,27
1992-11-29,19.793,27
1992-11-30,19.78,27
1992-12-01,18.767,27
1992-12-02,18.616,27
1992-12-03,18.638,27
1992-12-04,18.37,27
1992-12-05,18.462,27
1992-12-06,18.509,27
1992-12-07,18.563,27
1992-12-08,18.536,27
1992-12-09,18.481,27
1992-12-10,18.364,27
1992-12-11,18.302,27
1992-12-12,18.373,27
1992-12-13,18.358,27
1992-12-14,18.268,27
1992-12-15,18.544,27
1992-12-16,18.378,27
1992-12-17,17.706,27
1992-12-18,17.737,27
1992-12-19,17.721,27
1992-12-20,17.725,27
1992-12-21,17.735,27
1992-12-22,17.758,27
1992-12-23,17.7,27
1992-12-24,17.587,27
1992-12-25,17.534,27
1992-12-26,17.343,27
1992-12-27,17.304,27
1992-12-28,17.381,27
1992-12-29,17.39,27
1992-12-30,17.374,27
1992-12-31,17.601,27
1993-01-01,17.809,27
1993-01-02,17.833,27
1993-01-03,17.903,27
1993-01-04,18,27
1993-01-05,17.987,27
1993-01-06,18.077,27
1993-01-07,18.11,27
1993-01-08,18.089,27
1993-01-09,18.031,27
1993-01-10,17.873,27
1993-01-11,17.881,27
1993-01-12,17.973,27
1993-01-13,17.973,27
1993-01-14,18.043,27
1993-01-15,17.844,27
1993-01-16,17.8,27
1993-01-17,17.653,27
1993-01-18,17.772,27
1993-01-19,17.776,27
1993-01-20,17.759,27
1993-01-21,17.82,27
1993-01-22,17.465,27
1993-01-23,17.441,27
1993-01-24,17.679,27
1993-01-25,17.634,27
1993-01-26,17.472,27
1993-01-27,17.475,27
1993-01-28,17.589,27
1993-01-29,17.521,27
1993-01-30,16.889,27
1993-01-31,16.846,27
1993-02-01,16.829,27
1993-02-02,16.646,27
1993-02-03,16.536,27
1993-02-04,16.486,27
1993-02-05,17.849,27
1993-02-06,17.99,27
1993-02-07,17.974,27
1993-02-08,18.037,27
1993-02-09,17.932,27
1993-02-10,17.833,27
1993-02-11,17.17,27
1993-02-12,16.456,27
1993-02-13,16.659,27
1993-02-14,16.84,27
1993-02-15,17.087,27
1993-02-16,16.891,27
1993-02-17,16.261,27
1993-02-18,16.066,27
1993-02-19,15.218,27
1993-02-20,15.224,27
1993-02-21,15.247,27
1993-02-22,15.333,27
1993-02-23,15.43,27
1993-02-24,15.547,27
1993-02-25,15.67,27
1993-02-26,15.651,27
1993-02-27,15.525,27
1993-02-28,15.493,27
1993-03-01,15.597,27
1993-03-02,15.576,27
1993-03-03,15.624,27
1993-03-04,15.581,27
1993-03-05,15.562,27
1993-03-06,15.61,27
1993-03-07,15.631,27
1993-03-08,15.563,27
1993-03-09,15.676,27
1993-03-10,15.642,27
1993-03-11,15.681,27
1993-03-12,15.636,27
1993-03-13,15.595,27
1993-03-14,15.644,27
1993-03-15,15.613,27
1993-03-16,15.763,27
1993-03-17,15.863,27
1993-03-18,16.015,27
1993-03-19,16.164,27
1993-03-20,16.304,27
1993-03-21,16.241,27
1993-03-22,16.251,27
1993-03-23,16.317,27
1993-03-24,16.333,27
1993-03-25,16.541,27
1993-03-26,16.757,27
1993-03-27,15.333,27
1993-03-28,15.159,27
1993-03-29,15.905,27
1993-03-30,16.193,27
1993-03-31,16.308,27
1993-04-01,16.862,27
1993-04-02,16.795,27
1993-04-03,16.633,27
1993-04-04,16.742,27
1993-04-05,16.923,27
1993-04-06,17.013,27
1993-04-07,17.097,27
1993-04-08,17.12,27
1993-04-09,15.248,27
1993-04-10,15.221,27
1993-04-11,15.274,27
1993-04-12,17.142,27
1993-04-13,17.32,27
1993-04-14,17.313,27
1993-04-15,17.513,27
1993-04-16,17.944,27
1993-04-17,17.853,27
1993-04-18,17.807,27
1993-04-19,17.482,27
1993-04-20,17.457,27
1993-04-21,17.394,27
1993-04-22,17.403,27
1993-04-23,17.391,27
1993-04-24,17.415,27
1993-04-25,17.488,27
1993-04-26,18.2,27
1993-04-27,18.139,27
1993-04-28,17.873,27
1993-04-29,17.799,27
1993-04-30,17.72,27
1993-05-01,17.46,27
1993-05-02,18.039,27
1993-05-03,18.413,27
1993-05-04,19.096,27
1993-05-05,20.791,27
1993-05-06,20.946,27
1993-05-07,21.799,27
1993-05-08,22.289,27
1993-05-09,22.216,27
1993-05-10,22.257,27
1993-05-11,22.728,27
1993-05-12,22.783,27
1993-05-13,22.471,27
1993-05-14,23.493,27
1993-05-15,23.86,27
1993-05-16,23.803,27
1993-05-17,23.339,27
1993-05-18,23.418,27
1993-05-19,23.436,27
1993-05-20,23.391,27
1993-05-21,23.09,27
1993-05-22,22.741,27
1993-05-23,22.703,27
1993-05-24,22.614,27
1993-05-25,22.572,27
1993-05-26,22.55,27
1993-05-27,22.913,27
1993-05-28,23.115,27
1993-05-29,23.117,27
1993-05-30,23.082,27
1993-05-31,23.179,27
1993-06-01,24.206,27
1993-06-02,24.849,27
1993-06-03,24.966,27
1993-06-04,24.916,27
1993-06-05,24.462,27
1993-06-06,24.624,27
1993-06-07,24.845,27
1993-06-08,26.091,27
1993-06-09,26.262,27
1993-06-10,26.388,27
1993-06-11,26.629,27
1993-06-12,26.784,27
1993-06-13,26.921,27
1993-06-14,27.03,27
1993-06-15,26.281,27
1993-06-16,26.373,27
1993-06-17,26.421,27
1993-06-18,26.466,27
1993-06-19,26.527,27
1993-06-20,26.556,27
1993-06-21,26.603,27
1993-06-22,26.777,27
1993-06-23,27.077,27
1993-06-24,27.106,27
1993-06-25,27.109,27
1993-06-26,27.036,27
1993-06-27,27.099,27
1993-06-28,27.129,27
1993-06-29,27.136,27
1993-06-30,27.163,27
1993-07-01,28.016,27
1993-07-02,28.043,27
1993-07-03,28.022,27
1993-07-04,28.306,27
1993-07-05,28.439,27
1993-07-06,28.576,27
1993-07-07,29.237,27
1993-07-08,29.472,27
1993-07-09,29.429,27
1993-07-10,29.151,27
1993-07-11,29.016,27
1993-07-12,28.867,27
1993-07-13,28.699,27
1993-07-14,28.491,27
1993-07-15,28.327,27
1993-07-16,28.079,27
1993-07-17,28.337,27
1993-07-18,28.443,27
1993-07-19,28.502,27
1993-07-20,28.512,27
1993-07-21,28.505,27
1993-07-22,28.406,27
1993-07-23,28.704,27
1993-07-24,28.696,27
1993-07-25,28.688,27
1993-07-26,29.444,27
1993-07-27,29.444,27
1993-07-28,29.183,27
1993-07-29,28.949,27
1993-07-30,29.061,27
1993-07-31,29.012,27
1993-08-01,28.988,27
1993-08-02,28.954,27
1993-08-03,28.707,27
1993-08-04,28.748,27
1993-08-05,28.623,27
1993-08-06,28.624,27
1993-08-07,28.524,27
1993-08-08,28.244,27
1993-08-09,28.186,27
1993-08-10,28.127,27
1993-08-11,28.168,27
1993-08-12,28.139,27
1993-08-13,28.164,27
1993-08-14,28.33,27
1993-08-15,28.113,27
1993-08-16,28.109,27
1993-08-17,28.188,27
1993-08-18,28.323,27
1993-08-19,28.426,27
1993-08-20,28.706,27
1993-08-21,28.907,27
1993-08-22,28.95,27
1993-08-23,29.036,27
1993-08-24,29.253,27
1993-08-25,29.101,27
1993-08-26,29.042,27
1993-08-27,28.938,27
1993-08-28,28.97,27
1993-08-29,28.897,27
1993-08-30,28.82,27
1993-08-31,28.825,27
1993-09-01,28.897,27
1993-09-02,28.954,27
1993-09-03,28.774,27
1993-09-04,28.787,27
1993-09-05,29.013,27
1993-09-06,29.17,27
1993-09-07,29.129,27
1993-09-08,29.029,27
1993-09-09,28.992,27
1993-09-10,28.981,27
1993-09-11,28.72,27
1993-09-12,28.501,27
1993-09-13,28.454,27
1993-09-14,28.404,27
1993-09-15,28.827,27
1993-09-16,28.996,27
1993-09-17,28.957,27
1993-09-18,28.946,27
1993-09-19,29.001,27
1993-09-20,28.967,27
1993-09-21,28.745,27
1993-09-22,28.517,27
1993-09-23,28.413,27
1993-09-24,28.484,27
1993-09-25,28.637,27
1993-09-26,28.601,27
1993-09-27,28.55,27
1993-09-28,27.941,27
1993-09-29,27.9,27
1993-09-30,27.791,27
1993-10-01,27.324,27
1993-10-02,26.515,27
1993-10-03,26.194,27
1993-10-04,26.29,27
1993-10-05,26.375,27
1993-10-06,26.304,27
1993-10-07,25.904,27
1993-10-08,25.534,27
1993-10-09,25.337,27
1993-10-10,24.743,27
1993-10-11,24.533,27
1993-10-12,25.176,27
1993-10-13,25.443,27
1993-10-14,25.521,27
1993-10-15,25.32,27
1993-10-16,25.043,27
1993-10-17,24.891,27
1993-10-18,24.937,27
1993-10-19,24.831,27
1993-10-20,24.839,27
1993-10-21,25.004,27
1993-10-22,25.121,27
1993-10-23,24.805,27
1993-10-24,23.607,27
1993-10-25,23.53,27
1993-10-26,23.405,27
1993-10-27,23.256,27
1993-10-28,23.238,27
1993-10-29,23.196,27
1993-10-30,23.114,27
1993-10-31,21.923,27
1993-11-01,21.75,27
1993-11-02,21.727,27
1993-11-03,21.663,27
1993-11-04,21.582,27
1993-11-05,21.507,27
1993-11-06,21.518,27
1993-11-07,21.385,27
1993-11-08,21.34,27
1993-11-09,21.304,27
1993-11-10,19.992,27
1993-11-11,19.833,27
1993-11-12,19.819,27
1993-11-13,19.875,27
1993-11-14,20.061,27
1993-11-15,20.172,27
1993-11-16,20.206,27
1993-11-17,20.08,27
1993-11-18,20.009,27
1993-11-19,20.07,27
1993-11-20,20.104,27
1993-11-21,19.838,27
1993-11-22,19.797,27
1993-11-23,19.715,27
1993-11-24,18.791,27
1993-11-25,18.65,27
1993-11-26,18.686,27
1993-11-27,18.863,27
1993-11-28,19.034,27
1993-11-29,18.999,27
1993-11-30,18.934,27
1993-12-01,18.878,27
1993-12-02,18.958,27
1993-12-03,18.989,27
1993-12-04,17.893,27
1993-12-05,17.875,27
1993-12-06,17.789,27
1993-12-07,17.892,27
1993-12-08,17.99,27
1993-12-09,18.011,27
1993-12-10,17.307,27
1993-12-11,17.22,27
1993-12-12,17.181,27
1993-12-13,17.296,27
1993-12-14,17.406,27
1993-12-15,17.739,27
1993-12-16,17.629,27
1993-12-17,17.079,27
1993-12-18,17.128,27
1993-12-19,17.197,27
1993-12-20,17.286,27
1993-12-21,17.354,27
1993-12-22,17.431,27
1993-12-23,17.485,27
1993-12-24,17.39,27
1993-12-25,17.354,27
1993-12-26,17.098,27
1993-12-27,17.247,27
1993-12-28,17.571,27
1993-12-29,17.429,27
1993-12-30,17.443,27
1993-12-31,17.691,27
1994-01-01,17.856,27
1994-01-02,17.852,27
1994-01-03,17.901,27
1994-01-04,17.373,27
1994-01-05,17.306,27
1994-01-06,17.071,27
1994-01-07,16.959,27
1994-01-08,16.942,27
1994-01-09,16.985,27
1994-01-10,16.913,27
1994-01-11,16.953,27
1994-01-12,17.101,27
1994-01-13,16.681,27
1994-01-14,16.737,27
1994-01-15,16.554,27
1994-01-16,16.604,27
1994-01-17,16.628,27
1994-01-18,16.697,27
1994-01-19,16.76,27
1994-01-20,16.834,27
1994-01-21,16.871,27
1994-01-22,16.423,27
1994-01-23,16.268,27
1994-01-24,16.505,27
1994-01-25,16.525,27
1994-01-26,16.548,27
1994-01-27,16.534,27
1994-01-28,16.642,27
1994-01-29,16.571,27
1994-01-30,16.202,27
1994-01-31,16.017,27
1994-02-01,15.891,27
1994-02-02,15.804,27
1994-02-03,15.661,27
1994-02-04,15.677,27
1994-02-05,17.052,27
1994-02-06,17.261,27
1994-02-07,17.278,27
1994-02-08,17.325,27
1994-02-09,17.346,27
1994-02-10,17.237,27
1994-02-11,17.115,27
1994-02-12,16.477,27
1994-02-13,16.672,27
1994-02-14,16.791,27
1994-02-15,17.009,27
1994-02-16,16.779,27
1994-02-17,16.733,27
1994-02-18,16.147,27
1994-02-19,15.21,27
1994-02-20,15.145,27
1994-02-21,16.336,27
1994-02-22,16.625,27
1994-02-23,16.624,27
1994-02-24,15.145,27
1994-02-25,15.029,27
1994-02-26,15.067,27
1994-02-27,15.057,27
1994-02-28,15.234,27
1994-03-01,15.377,27
1994-03-02,15.257,27
1994-03-03,15.024,27
1994-03-04,14.148,27
1994-03-05,15.291,27
1994-03-06,15.743,27
1994-03-07,15.787,27
1994-03-08,15.697,27
1994-03-09,15.791,27
1994-03-10,15.796,27
1994-03-11,15.663,27
1994-03-12,15.467,27
1994-03-13,15.645,27
1994-03-14,15.69,27
1994-03-15,15.681,27
1994-03-16,15.709,27
1994-03-17,15.534,27
1994-03-18,15.363,27
1994-03-19,15.53,27
1994-03-20,15.82,27
1994-03-21,16.029,27
1994-03-22,17.084,27
1994-03-23,17.129,27
1994-03-24,17.19,27
1994-03-25,17.296,27
1994-03-26,17.47,27
1994-03-27,17.564,27
1994-03-28,17.404,27
1994-03-29,17.403,27
1994-03-30,17.437,27
1994-03-31,17.455,27
1994-04-01,17.236,27
1994-04-02,17.241,27
1994-04-03,17.221,27
1994-04-04,18.087,27
1994-04-05,18.246,27
1994-04-06,18.226,27
1994-04-07,18.029,27
1994-04-08,18.137,27
1994-04-09,18.186,27
1994-04-10,18.142,27
1994-04-11,18.103,27
1994-04-12,19.434,27
1994-04-13,20.239,27
1994-04-14,20.567,27
1994-04-15,20.569,27
1994-04-16,20.586,27
1994-04-17,20.451,27
1994-04-18,21.622,27
1994-04-19,21.544,27
1994-04-20,21.45,27
1994-04-21,21.319,27
1994-04-22,21.246,27
1994-04-23,20.708,27
1994-04-24,22.154,27
1994-04-25,22.117,27
1994-04-26,21.898,27
1994-04-27,21.709,27
1994-04-28,22.244,27
1994-04-29,22.224,27
1994-04-30,22.075,27
1994-05-01,22.054,27
1994-05-02,22.2,27
1994-05-03,22.244,27
1994-05-04,22.229,27
1994-05-05,22.327,27
1994-05-06,22.567,27
1994-05-07,22.686,27
1994-05-08,22.491,27
1994-05-09,22.235,27
1994-05-10,23.015,27
1994-05-11,23.152,27
1994-05-12,23.245,27
1994-05-13,23.53,27
1994-05-14,23.69,27
1994-05-15,23.768,27
1994-05-16,23.871,27
1994-05-17,24.066,27
1994-05-18,24.029,27
1994-05-19,24.007,27
1994-05-20,23.342,27
1994-05-21,23.279,27
1994-05-22,22.378,27
1994-05-23,22.274,27
1994-05-24,22.465,27
1994-05-25,23.103,27
1994-05-26,23.24,27
1994-05-27,23.248,27
1994-05-28,23.385,27
1994-05-29,23.341,27
1994-05-30,23.277,27
1994-05-31,23.393,27
1994-06-01,23.736,27
1994-06-02,24,27
1994-06-03,24.462,27
1994-06-04,24.724,27
1994-06-05,24.828,27
1994-06-06,24.978,27
1994-06-07,25.133,27
1994-06-08,25.23,27
1994-06-09,25.409,27
1994-06-10,25.492,27
1994-06-11,25.605,27
1994-06-12,25.423,27
1994-06-13,25.312,27
1994-06-14,25.356,27
1994-06-15,25.801,27
1994-06-16,25.973,27
1994-06-17,26.985,27
1994-06-18,27.21,27
1994-06-19,27.227,27
1994-06-20,27.949,27
1994-06-21,27.872,27
1994-06-22,27.863,27
1994-06-23,27.378,27
1994-06-24,27.535,27
1994-06-25,27.55,27
1994-06-26,27.553,27
1994-06-27,27.587,27
1994-06-28,26.829,27
1994-06-29,26.709,27
1994-06-30,26.706,27
1994-07-01,26.89,27
1994-07-02,27.029,27
1994-07-03,27.116,27
1994-07-04,27.198,27
1994-07-05,27.326,27
1994-07-06,26.965,27
1994-07-07,27.331,27
1994-07-08,27.461,27
1994-07-09,27.519,27
1994-07-10,27.553,27
1994-07-11,27.566,27
1994-07-12,27.567,27
1994-07-13,27.28,27
1994-07-14,27.222,27
1994-07-15,27.24,27
1994-07-16,27.252,27
1994-07-17,27.45,27
1994-07-18,27.53,27
1994-07-19,27.655,27
1994-07-20,27.731,27
1994-07-21,28.077,27
1994-07-22,28.14,27
1994-07-23,28.225,27
1994-07-24,28.481,27
1994-07-25,28.466,27
1994-07-26,28.421,27
1994-07-27,27.246,27
1994-07-28,26.292,27
1994-07-29,25.834,27
1994-07-30,25.792,27
1994-07-31,25.876,27
1994-08-01,26.035,27
1994-08-02,26.486,27
1994-08-03,26.948,27
1994-08-04,27.114,27
1994-08-05,27.246,27
1994-08-06,27.487,27
1994-08-07,27.534,27
1994-08-08,26.55,27
1994-08-09,26.352,27
1994-08-10,26.215,27
1994-08-11,26.617,27
1994-08-12,27.212,27
1994-08-13,27.597,27
1994-08-14,27.51,27
1994-08-15,27.537,27
1994-08-16,27.263,27
1994-08-17,27.275,27
1994-08-18,27.331,27
1994-08-19,27.808,27
1994-08-20,27.796,27
1994-08-21,27.804,27
1994-08-22,27.778,27
1994-08-23,27.773,27
1994-08-24,27.74,27
1994-08-25,27.601,27
1994-08-26,27.383,27
1994-08-27,27.206,27
1994-08-28,27.207,27
1994-08-29,27.211,27
1994-08-30,28.529,27
1994-08-31,29.065,27
1994-09-01,28.907,27
1994-09-02,27.549,27
1994-09-03,27.33,27
1994-09-04,27.275,27
1994-09-05,27.309,27
1994-09-06,27.282,27
1994-09-07,27.291,27
1994-09-08,27.448,27
1994-09-09,27.175,27
1994-09-10,27.159,27
1994-09-11,27.141,27
1994-09-12,27.107,27
1994-09-13,27.099,27
1994-09-14,26.989,27
1994-09-15,26.906,27
1994-09-16,26.89,27
1994-09-17,26.929,27
1994-09-18,26.949,27
1994-09-19,26.89,27
1994-09-20,26.865,27
1994-09-21,26.737,27
1994-09-22,26.582,27
1994-09-23,26.541,27
1994-09-24,26.552,27
1994-09-25,26.512,27
1994-09-26,26.461,27
1994-09-27,26.01,27
1994-09-28,25.847,27
1994-09-29,25.767,27
1994-09-30,25.679,27
1994-10-01,25.716,27
1994-10-02,25.584,27
1994-10-03,25.545,27
1994-10-04,25.4,27
1994-10-05,25.262,27
1994-10-06,25.241,27
1994-10-07,24.599,27
1994-10-08,24.566,27
1994-10-09,24.557,27
1994-10-10,24.435,27
1994-10-11,24.323,27
1994-10-12,24.324,27
1994-10-13,24.246,27
1994-10-14,24.159,27
1994-10-15,24.062,27
1994-10-16,23.87,27
1994-10-17,22.716,27
1994-10-18,22.625,27
1994-10-19,22.637,27
1994-10-20,22.668,27
1994-10-21,22.63,27
1994-10-22,22.716,27
1994-10-23,22.772,27
1994-10-24,22.85,27
1994-10-25,22.857,27
1994-10-26,22.373,27
1994-10-27,22.372,27
1994-10-28,22.354,27
1994-10-29,22.206,27
1994-10-30,22.117,27
1994-10-31,22.08,27
1994-11-01,21.366,27
1994-11-02,21.35,27
1994-11-03,21.383,27
1994-11-04,21.764,27
1994-11-05,21.676,27
1994-11-06,21.621,27
1994-11-07,21.82,27
1994-11-08,21.85,27
1994-11-09,21.831,27
1994-11-10,21.735,27
1994-11-11,21.641,27
1994-11-12,20.929,27
1994-11-13,20.946,27
1994-11-14,20.956,27
1994-11-15,20.98,27
1994-11-16,20.888,27
1994-11-17,20.646,27
1994-11-18,20.288,27
1994-11-19,20.386,27
1994-11-20,20.404,27
1994-11-21,20.229,27
1994-11-22,20.219,27
1994-11-23,20.18,27
1994-11-24,20.185,27
1994-11-25,20.086,27
1994-11-26,19.269,27
1994-11-27,19.286,27
1994-11-28,19.389,27
1994-11-29,19.429,27
1994-11-30,19.377,27
1994-12-01,19.347,27
1994-12-02,19.324,27
1994-12-03,19.266,27
1994-12-04,19.134,27
1994-12-05,18.78,27
1994-12-06,18.821,27
1994-12-07,18.835,27
1994-12-08,18.786,27
1994-12-09,18.704,27
1994-12-10,18.645,27
1994-12-11,18.49,27
1994-12-12,18.496,27
1994-12-13,18.527,27
1994-12-14,18.474,27
1994-12-15,18.734,27
1994-12-16,18.561,27
1994-12-17,17.92,27
1994-12-18,17.899,27
1994-12-19,17.909,27
1994-12-20,17.904,27
1994-12-21,17.913,27
1994-12-22,17.919,27
1994-12-23,17.928,27
1994-12-24,17.874,27
1994-12-25,17.145,27
1994-12-26,16.687,27
1994-12-27,16.594,27
1994-12-28,16.377,27
1994-12-29,16.456,27
1994-12-30,16.473,27
1994-12-31,16.824,27
1995-01-01,17.099,27
1995-01-02,17.172,27
1995-01-03,17.293,27
1995-01-04,17.431,27
1995-01-05,17.478,27
1995-01-06,17.582,27
1995-01-07,17.62,27
1995-01-08,16.745,27
1995-01-09,16.706,27
1995-01-10,16.532,27
1995-01-11,15.498,27
1995-01-12,14.978,27
1995-01-13,14.953,27
1995-01-14,15.476,27
1995-01-15,15.49,27
1995-01-16,15.577,27
1995-01-17,15.686,27
1995-01-18,15.809,27
1995-01-19,15.925,27
1995-01-20,16.038,27
1995-01-21,16.155,27
1995-01-22,16.031,27
1995-01-23,16.013,27
1995-01-24,16.254,27
1995-01-25,16.327,27
1995-01-26,16.422,27
1995-01-27,16.459,27
1995-01-28,16.57,27
1995-01-29,16.519,27
1995-01-30,16.151,27
1995-01-31,15.591,27
1995-02-01,15.498,27
1995-02-02,15.434,27
1995-02-03,15.441,27
1995-02-04,15.47,27
1995-02-05,16.795,27
1995-02-06,16.94,27
1995-02-07,16.968,27
1995-02-08,17.066,27
1995-02-09,17.012,27
1995-02-10,16.929,27
1995-02-11,16.88,27
1995-02-12,16.142,27
1995-02-13,16.503,27
1995-02-14,16.657,27
1995-02-15,16.886,27
1995-02-16,16.674,27
1995-02-17,16.789,27
1995-02-18,16.554,27
1995-02-19,15.377,27
1995-02-20,15.201,27
1995-02-21,15.118,27
1995-02-22,15.196,27
1995-02-23,15.191,27
1995-02-24,15.134,27
1995-02-25,15.278,27
1995-02-26,15.196,27
1995-02-27,15.289,27
1995-02-28,15.442,27
1995-03-01,15.534,27
1995-03-02,15.555,27
1995-03-03,15.409,27
1995-03-04,15.424,27
1995-03-05,15.398,27
1995-03-06,15.471,27
1995-03-07,15.481,27
1995-03-08,15.164,27
1995-03-09,14.343,27
1995-03-10,14.407,27
1995-03-11,14.388,27
1995-03-12,13.813,27
1995-03-13,13.71,27
1995-03-14,13.74,27
1995-03-15,13.881,27
1995-03-16,14.214,27
1995-03-17,14.87,27
1995-03-18,15.704,27
1995-03-19,15.706,27
1995-03-20,15.585,27
1995-03-21,15.955,27
1995-03-22,16.245,27
1995-03-23,16.619,27
1995-03-24,16.791,27
1995-03-25,16.744,27
1995-03-26,16.451,27
1995-03-27,16.437,27
1995-03-28,16.591,27
1995-03-29,17.478,27
1995-03-30,19.398,27
1995-03-31,20.52,27
1995-04-01,18.796,27
1995-04-02,17.054,27
1995-04-03,16.907,27
1995-04-04,17.135,27
1995-04-05,17.28,27
1995-04-06,17.778,27
1995-04-07,17.531,27
1995-04-08,17.997,27
1995-04-09,18.884,27
1995-04-10,19.357,27
1995-04-11,19.177,27
1995-04-12,19.038,27
1995-04-13,20.056,27
1995-04-14,19.646,27
1995-04-15,19.417,27
1995-04-16,19.586,27
1995-04-17,20.03,27
1995-04-18,20.599,27
1995-04-19,20.916,27
1995-04-20,21.172,27
1995-04-21,21.81,27
1995-04-22,22.131,27
1995-04-23,22.203,27
1995-04-24,21.216,27
1995-04-25,20.766,27
1995-04-26,20.672,27
1995-04-27,21.462,27
1995-04-28,21.589,27
1995-04-29,21.339,27
1995-04-30,21.137,27
1995-05-01,21.562,27
1995-05-02,21.761,27
1995-05-03,21.886,27
1995-05-04,21.934,27
1995-05-05,21.871,27
1995-05-06,21.837,27
1995-05-07,22.188,27
1995-05-08,22.864,27
1995-05-09,22.713,27
1995-05-10,22.26,27
1995-05-11,22.359,27
1995-05-12,22.846,27
1995-05-13,23.377,27
1995-05-14,23.888,27
1995-05-15,24.506,27
1995-05-16,25.084,27
1995-05-17,24.951,27
1995-05-18,24.74,27
1995-05-19,24.698,27
1995-05-20,24.684,27
1995-05-21,24.514,27
1995-05-22,23.721,27
1995-05-23,24.204,27
1995-05-24,24.285,27
1995-05-25,24.386,27
1995-05-26,24.61,27
1995-05-27,25.332,27
1995-05-28,25.393,27
1995-05-29,25.395,27
1995-05-30,25.354,27
1995-05-31,25.404,27
1995-06-01,25.569,27
1995-06-02,25.678,27
1995-06-03,25.704,27
1995-06-04,25.761,27
1995-06-05,25.997,27
1995-06-06,26.22,27
1995-06-07,26.27,27
1995-06-08,27.185,27
1995-06-09,28.6,27
1995-06-10,28.876,27
1995-06-11,28.609,27
1995-06-12,27.736,27
1995-06-13,27.027,27
1995-06-14,26.942,27
1995-06-15,26.664,27
1995-06-16,26.412,27
1995-06-17,26.407,27
1995-06-18,26.034,27
1995-06-19,25.931,27
1995-06-20,25.841,27
1995-06-21,25.785,27
1995-06-22,25.812,27
1995-06-23,25.981,27
1995-06-24,26.687,27
1995-06-25,26.84,27
1995-06-26,27.021,27
1995-06-27,28.191,27
1995-06-28,28.695,27
1995-06-29,28.901,27
1995-06-30,28.517,27
1995-07-01,28.677,27
1995-07-02,28.576,27
1995-07-03,28.105,27
1995-07-04,28.086,27
1995-07-05,28.019,27
1995-07-06,27.686,27
1995-07-07,27.516,27
1995-07-08,28.277,27
1995-07-09,29.182,27
1995-07-10,28.973,27
1995-07-11,28.981,27
1995-07-12,28.88,27
1995-07-13,28.975,27
1995-07-14,29.105,27
1995-07-15,29.026,27
1995-07-16,28.694,27
1995-07-17,28.957,27
1995-07-18,29.309,27
1995-07-19,29.46,27
1995-07-20,30.219,27
1995-07-21,31.441,27
1995-07-22,30.839,27
1995-07-23,30.698,27
1995-07-24,30.472,27
1995-07-25,30.351,27
1995-07-26,30.262,27
1995-07-27,29.395,27
1995-07-28,29.424,27
1995-07-29,29.333,27
1995-07-30,29.293,27
1995-07-31,29.271,27
1995-08-01,29.16,27
1995-08-02,28.981,27
1995-08-03,28.692,27
1995-08-04,28.586,27
1995-08-05,28.949,27
1995-08-06,29.135,27
1995-08-07,29.314,27
1995-08-08,29.695,27
1995-08-09,29.283,27
1995-08-10,29.12,27
1995-08-11,28.873,27
1995-08-12,28.983,27
1995-08-13,29,27
1995-08-14,29.189,27
1995-08-15,29.297,27
1995-08-16,29.375,27
1995-08-17,29.823,27
1995-08-18,29.953,27
1995-08-19,29.963,27
1995-08-20,29.432,27
1995-08-21,29.353,27
1995-08-22,29.158,27
1995-08-23,29.095,27
1995-08-24,29.09,27
1995-08-25,28.966,27
1995-08-26,28.701,27
1995-08-27,28.933,27
1995-08-28,28.973,27
1995-08-29,28.969,27
1995-08-30,27.945,27
1995-08-31,27.802,27
1995-09-01,27.839,27
1995-09-02,27.812,27
1995-09-03,27.853,27
1995-09-04,27.842,27
1995-09-05,27.86,27
1995-09-06,27.411,27
1995-09-07,27.469,27
1995-09-08,27.439,27
1995-09-09,27.343,27
1995-09-10,27.325,27
1995-09-11,27.264,27
1995-09-12,27.166,27
1995-09-13,27.409,27
1995-09-14,27.331,27
1995-09-15,27.317,27
1995-09-16,27.292,27
1995-09-17,28.048,27
1995-09-18,28.081,27
1995-09-19,27.902,27
1995-09-20,26.673,27
1995-09-21,26.958,27
1995-09-22,27.307,27
1995-09-23,27.559,27
1995-09-24,27.24,27
1995-09-25,26.57,27
1995-09-26,26.467,27
1995-09-27,26.119,27
1995-09-28,25.64,27
1995-09-29,26.214,27
1995-09-30,26.193,27
1995-10-01,26.188,27
1995-10-02,26.118,27
1995-10-03,25.918,27
1995-10-04,25.886,27
1995-10-05,25.773,27
1995-10-06,25.74,27
1995-10-07,26.724,27
1995-10-08,26.572,27
1995-10-09,26.562,27
1995-10-10,26.27,27
1995-10-11,26.058,27
1995-10-12,25.574,27
1995-10-13,25.695,27
1995-10-14,25.688,27
1995-10-15,25.59,27
1995-10-16,25.073,27
1995-10-17,25,27
1995-10-18,24.694,27
1995-10-19,24.631,27
1995-10-20,24.007,27
1995-10-21,23.78,27
1995-10-22,23.65,27
1995-10-23,23.603,27
1995-10-24,23.686,27
1995-10-25,23.68,27
1995-10-26,23.759,27
1995-10-27,24.07,27
1995-10-28,23.566,27
1995-10-29,23.531,27
1995-10-30,23.522,27
1995-10-31,23.448,27
1995-11-01,23.339,27
1995-11-02,23.199,27
1995-11-03,22.76,27
1995-11-04,22.715,27
1995-11-05,22.703,27
1995-11-06,22.743,27
1995-11-07,21.927,27
1995-11-08,21.68,27
1995-11-09,21.468,27
1995-11-10,21.224,27
1995-11-11,20.387,27
1995-11-12,20.201,27
1995-11-13,20.183,27
1995-11-14,19.609,27
1995-11-15,18.696,27
1995-11-16,18.638,27
1995-11-17,18.468,27
1995-11-18,18.329,27
1995-11-19,18.127,27
1995-11-20,18.134,27
1995-11-21,17.828,27
1995-11-22,17.684,27
1995-11-23,17.685,27
1995-11-24,17.569,27
1995-11-25,17.639,27
1995-11-26,17.613,27
1995-11-27,17.626,27
1995-11-28,17.603,27
1995-11-29,17.678,27
1995-11-30,17.156,27
1995-12-01,16.622,27
1995-12-02,16.746,27
1995-12-03,16.713,27
1995-12-04,17.623,27
1995-12-05,17.745,27
1995-12-06,17.903,27
1995-12-07,17.214,27
1995-12-08,17.076,27
1995-12-09,17.155,27
1995-12-10,17.035,27
1995-12-11,16.967,27
1995-12-12,17.048,27
1995-12-13,17.177,27
1995-12-14,17.176,27
1995-12-15,17.311,27
1995-12-16,17.173,27
1995-12-17,16.755,27
1995-12-18,16.817,27
1995-12-19,16.901,27
1995-12-20,15.849,27
1995-12-21,15.811,27
1995-12-22,15.739,27
1995-12-23,15.875,27
1995-12-24,15.962,27
1995-12-25,16,27
1995-12-26,15.996,27
1995-12-27,16.12,27
1995-12-28,16.293,27
1995-12-29,16.335,27
1995-12-30,16.425,27
1995-12-31,16.758,27
1996-01-01,17.028,27
1996-01-02,16.572,27
1996-01-03,16.585,27
1996-01-04,16.616,27
1996-01-05,16.723,27
1996-01-06,16.852,27
1996-01-07,16.914,27
1996-01-08,16.954,27
1996-01-09,16.971,27
1996-01-10,16.923,27
1996-01-11,16.929,27
1996-01-12,17.124,27
1996-01-13,17.217,27
1996-01-14,17.366,27
1996-01-15,17.203,27
1996-01-16,17.255,27
1996-01-17,17.178,27
1996-01-18,17.193,27
1996-01-19,17.189,27
1996-01-20,17.261,27
1996-01-21,17.214,27
1996-01-22,16.973,27
1996-01-23,16.874,27
1996-01-24,17.08,27
1996-01-25,17.072,27
1996-01-26,16.996,27
1996-01-27,16.892,27
1996-01-28,16.893,27
1996-01-29,16.766,27
1996-01-30,16.422,27
1996-01-31,16.422,27
1996-02-01,16.388,27
1996-02-02,16.367,27
1996-02-03,16.34,27
1996-02-04,16.338,27
1996-02-05,17.719,27
1996-02-06,17.773,27
1996-02-07,17.896,27
1996-02-08,18.013,27
1996-02-09,17.563,27
1996-02-10,17.323,27
1996-02-11,17.217,27
1996-02-12,16.434,27
1996-02-13,16.682,27
1996-02-14,16.839,27
1996-02-15,17.048,27
1996-02-16,16.64,27
1996-02-17,16.65,27
1996-02-18,16.641,27
1996-02-19,15.574,27
1996-02-20,15.47,27
1996-02-21,15.442,27
1996-02-22,15.461,27
1996-02-23,12.937,27
1996-02-24,12.858,27
1996-02-25,13.258,27
1996-02-26,14.172,27
1996-02-27,14.352,27
1996-02-28,14.411,27
1996-02-29,14.399,27
1996-03-01,14.457,27
1996-03-02,14.473,27
1996-03-03,14.774,27
1996-03-04,14.882,27
1996-03-05,14.908,27
1996-03-06,14.884,27
1996-03-07,14.844,27
1996-03-08,14.871,27
1996-03-09,14.847,27
1996-03-10,14.993,27
1996-03-11,15.066,27
1996-03-12,15.22,27
1996-03-13,15.342,27
1996-03-14,15.003,27
1996-03-15,14.963,27
1996-03-16,15.106,27
1996-03-17,15.191,27
1996-03-18,15.464,27
1996-03-19,15.873,27
1996-03-20,15.357,27
1996-03-21,14.573,27
1996-03-22,14.336,27
1996-03-23,14.318,27
1996-03-24,14.343,27
1996-03-25,14.397,27
1996-03-26,14.596,27
1996-03-27,14.832,27
1996-03-28,15.076,27
1996-03-29,15.394,27
1996-03-30,15.654,27
1996-03-31,15.846,27
1996-04-01,14.53,27
1996-04-02,14.297,27
1996-04-03,14.251,27
1996-04-04,14.693,27
1996-04-05,15.7,27
1996-04-06,15.922,27
1996-04-07,15.559,27
1996-04-08,15.66,27
1996-04-09,15.606,27
1996-04-10,15.445,27
1996-04-11,15.386,27
1996-04-12,15.727,27
1996-04-13,16.517,27
1996-04-14,17.248,27
1996-04-15,17.46,27
1996-04-16,16.871,27
1996-04-17,16.979,27
1996-04-18,17.426,27
1996-04-19,18.122,27
1996-04-20,18.191,27
1996-04-21,19.448,27
1996-04-22,19.874,27
1996-04-23,19.699,27
1996-04-24,19.302,27
1996-04-25,19.158,27
1996-04-26,19.233,27
1996-04-27,19.857,27
1996-04-28,20.391,27
1996-04-29,20.567,27
1996-04-30,20.107,27
1996-05-01,19.921,27
1996-05-02,20.143,27
1996-05-03,20.514,27
1996-05-04,20.802,27
1996-05-05,21.19,27
1996-05-06,21.581,27
1996-05-07,21.869,27
1996-05-08,23.201,27
1996-05-09,23.647,27
1996-05-10,23.812,27
1996-05-11,23.781,27
1996-05-12,23.363,27
1996-05-13,23.546,27
1996-05-14,23.206,27
1996-05-15,22.344,27
1996-05-16,22.404,27
1996-05-17,23.044,27
1996-05-18,23.591,27
1996-05-19,24.083,27
1996-05-20,24.684,27
1996-05-21,24.974,27
1996-05-22,25.268,27
1996-05-23,25.29,27
1996-05-24,25.328,27
1996-05-25,25.762,27
1996-05-26,25.894,27
1996-05-27,26.016,27
1996-05-28,26.226,27
1996-05-29,26.036,27
1996-05-30,26.129,27
1996-05-31,26.093,27
1996-06-01,25.743,27
1996-06-02,25.668,27
1996-06-03,25.587,27
1996-06-04,25.601,27
1996-06-05,25.904,27
1996-06-06,25.903,27
1996-06-07,25.878,27
1996-06-08,25.696,27
1996-06-09,25.488,27
1996-06-10,25.525,27
1996-06-11,26.189,27
1996-06-12,26.241,27
1996-06-13,26.236,27
1996-06-14,26.314,27
1996-06-15,26.663,27
1996-06-16,26.793,27
1996-06-17,26.899,27
1996-06-18,27.079,27
1996-06-19,27.056,27
1996-06-20,26.991,27
1996-06-21,27.088,27
1996-06-22,27.468,27
1996-06-23,27.512,27
1996-06-24,27.898,27
1996-06-25,29,27
1996-06-26,29.004,27
1996-06-27,28.801,27
1996-06-28,27.419,27
1996-06-29,27.48,27
1996-06-30,27.514,27
1996-07-01,27.954,27
1996-07-02,27.919,27
1996-07-03,27.935,27
1996-07-04,27.991,27
1996-07-05,28.037,27
1996-07-06,28.115,27
1996-07-07,28.042,27
1996-07-08,28.109,27
1996-07-09,27.646,27
1996-07-10,27.835,27
1996-07-11,28.037,27
1996-07-12,28.043,27
1996-07-13,27.703,27
1996-07-14,27.838,27
1996-07-15,27.962,27
1996-07-16,27.918,27
1996-07-17,27.994,27
1996-07-18,27.578,27
1996-07-19,27.51,27
1996-07-20,27.456,27
1996-07-21,27.53,27
1996-07-22,27.504,27
1996-07-23,28.068,27
1996-07-24,28.415,27
1996-07-25,28.419,27
1996-07-26,28.466,27
1996-07-27,28.167,27
1996-07-28,28.054,27
1996-07-29,28.106,27
1996-07-30,28.14,27
1996-07-31,28.153,27
1996-08-01,28.152,27
1996-08-02,27.978,27
1996-08-03,27.897,27
1996-08-04,27.967,27
1996-08-05,28.064,27
1996-08-06,28.23,27
1996-08-07,28.192,27
1996-08-08,28.057,27
1996-08-09,28.207,27
1996-08-10,28.162,27
1996-08-11,28.123,27
1996-08-12,27.968,27
1996-08-13,28.084,27
1996-08-14,28.062,27
1996-08-15,28.079,27
1996-08-16,28.314,27
1996-08-17,28.332,27
1996-08-18,28.443,27
1996-08-19,28.559,27
1996-08-20,28.557,27
1996-08-21,28.428,27
1996-08-22,28.223,27
1996-08-23,28.237,27
1996-08-24,28.747,27
1996-08-25,28.773,27
1996-08-26,28.794,27
1996-08-27,28.799,27
1996-08-28,29.024,27
1996-08-29,29.078,27
1996-08-30,28.914,27
1996-08-31,28.846,27
1996-09-01,28.809,27
1996-09-02,28.473,27
1996-09-03,28.502,27
1996-09-04,28.482,27
1996-09-05,28.407,27
1996-09-06,28.703,27
1996-09-07,28.891,27
1996-09-08,28.911,27
1996-09-09,28.845,27
1996-09-10,28.804,27
1996-09-11,28.594,27
1996-09-12,28.3,27
1996-09-13,28.307,27
1996-09-14,28.267,27
1996-09-15,28.256,27
1996-09-16,28.164,27
1996-09-17,27.854,27
1996-09-18,27.849,27
1996-09-19,27.83,27
1996-09-20,27.839,27
1996-09-21,27.48,27
1996-09-22,26.89,27
1996-09-23,26.889,27
1996-09-24,26.925,27
1996-09-25,27.054,27
1996-09-26,26.958,27
1996-09-27,26.911,27
1996-09-28,26.896,27
1996-09-29,27.013,27
1996-09-30,26.893,27
1996-10-01,26.782,27
1996-10-02,26.594,27
1996-10-03,26.249,27
1996-10-04,26.299,27
1996-10-05,26.304,27
1996-10-06,26.173,27
1996-10-07,25.874,27
1996-10-08,24.068,27
1996-10-09,23.878,27
1996-10-10,23.86,27
1996-10-11,23.266,27
1996-10-12,23.21,27
1996-10-13,23.234,27
1996-10-14,23.246,27
1996-10-15,23.244,27
1996-10-16,23.258,27
1996-10-17,23.574,27
1996-10-18,23.657,27
1996-10-19,23.413,27
1996-10-20,22.99,27
1996-10-21,22.664,27
1996-10-22,22.638,27
1996-10-23,22.62,27
1996-10-24,22.483,27
1996-10-25,22.267,27
1996-10-26,22.435,27
1996-10-27,22.961,27
1996-10-28,22.986,27
1996-10-29,23.059,27
1996-10-30,23.258,27
1996-10-31,23.168,27
1996-11-01,23.079,27
1996-11-02,22.328,27
1996-11-03,22.108,27
1996-11-04,22.09,27
1996-11-05,22.06,27
1996-11-06,21.938,27
1996-11-07,21.899,27
1996-11-08,21.806,27
1996-11-09,21.356,27
1996-11-10,21.201,27
1996-11-11,20.951,27
1996-11-12,20.065,27
1996-11-13,19.984,27
1996-11-14,19.987,27
1996-11-15,19.983,27
1996-11-16,19.849,27
1996-11-17,19.658,27
1996-11-18,19.558,27
1996-11-19,19.629,27
1996-11-20,18.568,27
1996-11-21,18.186,27
1996-11-22,17.946,27
1996-11-23,17.883,27
1996-11-24,17.899,27
1996-11-25,18.223,27
1996-11-26,18.039,27
1996-11-27,17.766,27
1996-11-28,17.551,27
1996-11-29,17.441,27
1996-11-30,17.386,27
1996-12-01,16.941,27
1996-12-02,16.981,27
1996-12-03,17.005,27
1996-12-04,17.312,27
1996-12-05,16.397,27
1996-12-06,16.449,27
1996-12-07,16.511,27
1996-12-08,16.432,27
1996-12-09,16.408,27
1996-12-10,16.284,27
1996-12-11,15.997,27
1996-12-12,15.941,27
1996-12-13,16.494,27
1996-12-14,16.01,27
1996-12-15,16.057,27
1996-12-16,16.079,27
1996-12-17,16.066,27
1996-12-18,16.162,27
1996-12-19,16.284,27
1996-12-20,14.173,27
1996-12-21,14.253,27
1996-12-22,14.206,27
1996-12-23,14.471,27
1996-12-24,14.496,27
1996-12-25,14.591,27
1996-12-26,14.51,27
1996-12-27,14.643,27
1996-12-28,14.906,27
1996-12-29,15.041,27
1996-12-30,15.191,27
1996-12-31,15.629,27
1997-01-01,15.95,27
1997-01-02,16.142,27
1997-01-03,16.336,27
1997-01-04,16.482,27
1997-01-05,16.571,27
1997-01-06,16.72,27
1997-01-07,16.788,27
1997-01-08,16.862,27
1997-01-09,16.913,27
1997-01-10,16.828,27
1997-01-11,16.853,27
1997-01-12,17.154,27
1997-01-13,17.336,27
1997-01-14,17.44,27
1997-01-15,17.338,27
1997-01-16,17.347,27
1997-01-17,17.274,27
1997-01-18,17.37,27
1997-01-19,15.89,27
1997-01-20,15.812,27
1997-01-21,15.967,27
1997-01-22,15.9,27
1997-01-23,15.864,27
1997-01-24,16.162,27
1997-01-25,16.029,27
1997-01-26,16.113,27
1997-01-27,16.152,27
1997-01-28,16.267,27
1997-01-29,16.239,27
1997-01-30,15.881,27
1997-01-31,16.472,27
1997-02-01,16.603,27
1997-02-02,16.674,27
1997-02-03,16.676,27
1997-02-04,16.71,27
1997-02-05,18.067,27
1997-02-06,18.177,27
1997-02-07,18.066,27
1997-02-08,18.099,27
1997-02-09,17.973,27
1997-02-10,17.766,27
1997-02-11,17.593,27
1997-02-12,16.813,27
1997-02-13,17.069,27
1997-02-14,17.169,27
1997-02-15,17.373,27
1997-02-16,17.031,27
1997-02-17,17.129,27
1997-02-18,16.857,27
1997-02-19,16.102,27
1997-02-20,15.99,27
1997-02-21,15.8,27
1997-02-22,15.874,27
1997-02-23,15.843,27
1997-02-24,15.84,27
1997-02-25,14.344,27
1997-02-26,14.184,27
1997-02-27,14.16,27
1997-02-28,16.829,27
1997-03-01,16.896,27
1997-03-02,16.748,27
1997-03-03,17.975,27
1997-03-04,17.95,27
1997-03-05,17.881,27
1997-03-06,17.407,27
1997-03-07,17.521,27
1997-03-08,17.298,27
1997-03-09,16.894,27
1997-03-10,16.731,27
1997-03-11,16.653,27
1997-03-12,16.679,27
1997-03-13,16.779,27
1997-03-14,16.782,27
1997-03-15,16.694,27
1997-03-16,16.891,27
1997-03-17,16.891,27
1997-03-18,17.055,27
1997-03-19,17.143,27
1997-03-20,17.146,27
1997-03-21,18.215,27
1997-03-22,18.317,27
1997-03-23,17.901,27
1997-03-24,17.779,27
1997-03-25,17.793,27
1997-03-26,18.797,27
1997-03-27,18.836,27
1997-03-28,18.978,27
1997-03-29,19.301,27
1997-03-30,19.959,27
1997-03-31,19.062,27
1997-04-01,18.243,27
1997-04-02,18.264,27
1997-04-03,18.481,27
1997-04-04,19.02,27
1997-04-05,18.849,27
1997-04-06,18.852,27
1997-04-07,18.967,27
1997-04-08,19.077,27
1997-04-09,19.027,27
1997-04-10,19.601,27
1997-04-11,19.537,27
1997-04-12,19.53,27
1997-04-13,19.564,27
1997-04-14,19.191,27
1997-04-15,19.225,27
1997-04-16,19.2,27
1997-04-17,18.941,27
1997-04-18,18.83,27
1997-04-19,18.711,27
1997-04-20,18.973,27
1997-04-21,19.034,27
1997-04-22,19.071,27
1997-04-23,19.184,27
1997-04-24,19.196,27
1997-04-25,19.177,27
1997-04-26,19.298,27
1997-04-27,19.51,27
1997-04-28,19.861,27
1997-04-29,20.35,27
1997-04-30,20.492,27
1997-05-01,20.749,27
1997-05-02,20.887,27
1997-05-03,21.046,27
1997-05-04,21.126,27
1997-05-05,20.989,27
1997-05-06,20.823,27
1997-05-07,20.998,27
1997-05-08,21.133,27
1997-05-09,21.155,27
1997-05-10,21.434,27
1997-05-11,21.657,27
1997-05-12,21.845,27
1997-05-13,21.872,27
1997-05-14,21.976,27
1997-05-15,22.353,27
1997-05-16,22.421,27
1997-05-17,22.527,27
1997-05-18,22.83,27
1997-05-19,23.101,27
1997-05-20,23.912,27
1997-05-21,24.136,27
1997-05-22,23.891,27
1997-05-23,23.541,27
1997-05-24,23.46,27
1997-05-25,23.584,27
1997-05-26,23.714,27
1997-05-27,23.709,27
1997-05-28,23.615,27
1997-05-29,23.427,27
1997-05-30,23.42,27
1997-05-31,23.529,27
1997-06-01,23.651,27
1997-06-02,23.983,27
1997-06-03,24.263,27
1997-06-04,24.211,27
1997-06-05,23.877,27
1997-06-06,23.593,27
1997-06-07,23.296,27
1997-06-08,22.816,27
1997-06-09,22.564,27
1997-06-10,22.558,27
1997-06-11,22.766,27
1997-06-12,23.09,27
1997-06-13,23.54,27
1997-06-14,23.985,27
1997-06-15,24.376,27
1997-06-16,24.831,27
1997-06-17,25.088,27
1997-06-18,25.306,27
1997-06-19,25.739,27
1997-06-20,26.086,27
1997-06-21,26.229,27
1997-06-22,26.179,27
1997-06-23,26.269,27
1997-06-24,26.624,27
1997-06-25,26.939,27
1997-06-26,27.081,27
1997-06-27,27.041,27
1997-06-28,26.955,27
1997-06-29,27.439,27
1997-06-30,27.474,27
1997-07-01,27.454,27
1997-07-02,27.345,27
1997-07-03,27.401,27
1997-07-04,27.89,27
1997-07-05,28.09,27
1997-07-06,27.97,27
1997-07-07,27.96,27
1997-07-08,28.231,27
1997-07-09,28.118,27
1997-07-10,27.961,27
1997-07-11,27.78,27
1997-07-12,27.774,27
1997-07-13,27.843,27
1997-07-14,27.857,27
1997-07-15,27.785,27
1997-07-16,27.735,27
1997-07-17,27.75,27
1997-07-18,27.997,27
1997-07-19,28.001,27
1997-07-20,27.984,27
1997-07-21,28.235,27
1997-07-22,28.317,27
1997-07-23,28.32,27
1997-07-24,28.365,27
1997-07-25,28.474,27
1997-07-26,28.604,27
1997-07-27,28.711,27
1997-07-28,28.786,27
1997-07-29,28.78,27
1997-07-30,28.855,27
1997-07-31,28.743,27
1997-08-01,28.531,27
1997-08-02,28.729,27
1997-08-03,28.739,27
1997-08-04,28.622,27
1997-08-05,28.631,27
1997-08-06,28.816,27
1997-08-07,28.662,27
1997-08-08,28.463,27
1997-08-09,28.273,27
1997-08-10,28.047,27
1997-08-11,28.002,27
1997-08-12,28.127,27
1997-08-13,28.414,27
1997-08-14,28.579,27
1997-08-15,28.802,27
1997-08-16,28.938,27
1997-08-17,29.107,27
1997-08-18,29.271,27
1997-08-19,29.369,27
1997-08-20,29.404,27
1997-08-21,29.314,27
1997-08-22,29.202,27
1997-08-23,29.119,27
1997-08-24,28.81,27
1997-08-25,28.37,27
1997-08-26,28.234,27
1997-08-27,28.167,27
1997-08-28,28.353,27
1997-08-29,28.513,27
1997-08-30,28.561,27
1997-08-31,28.613,27
1997-09-01,28.61,27
1997-09-02,28.369,27
1997-09-03,28.305,27
1997-09-04,27.989,27
1997-09-05,27.803,27
1997-09-06,27.641,27
1997-09-07,27.545,27
1997-09-08,27.522,27
1997-09-09,27.505,27
1997-09-10,27.437,27
1997-09-11,27.456,27
1997-09-12,27.51,27
1997-09-13,27.78,27
1997-09-14,27.66,27
1997-09-15,27.602,27
1997-09-16,27.858,27
1997-09-17,28.06,27
1997-09-18,28.01,27
1997-09-19,28.086,27
1997-09-20,28.12,27
1997-09-21,28.064,27
1997-09-22,27.906,27
1997-09-23,27.793,27
1997-09-24,27.799,27
1997-09-25,27.813,27
1997-09-26,27.759,27
1997-09-27,27.631,27
1997-09-28,27.575,27
1997-09-29,27.437,27
1997-09-30,27.4,27
1997-10-01,27.387,27
1997-10-02,27.33,27
1997-10-03,26.742,27
1997-10-04,26.61,27
1997-10-05,26.542,27
1997-10-06,26.495,27
1997-10-07,26.475,27
1997-10-08,26.557,27
1997-10-09,26.551,27
1997-10-10,26.504,27
1997-10-11,26.416,27
1997-10-12,26.219,27
1997-10-13,26.236,27
1997-10-14,26.322,27
1997-10-15,26.383,27
1997-10-16,26.017,27
1997-10-17,25.708,27
1997-10-18,25.345,27
1997-10-19,24.721,27
1997-10-20,24.543,27
1997-10-21,24.399,27
1997-10-22,24.217,27
1997-10-23,24.018,27
1997-10-24,23.846,27
1997-10-25,23.784,27
1997-10-26,23.774,27
1997-10-27,23.446,27
1997-10-28,23.031,27
1997-10-29,22.691,27
1997-10-30,22.539,27
1997-10-31,22.349,27
1997-11-01,22.303,27
1997-11-02,22.111,27
1997-11-03,21.586,27
1997-11-04,21.306,27
1997-11-05,21.238,27
1997-11-06,21.273,27
1997-11-07,21.18,27
1997-11-08,21.021,27
1997-11-09,20.806,27
1997-11-10,20.618,27
1997-11-11,20.373,27
1997-11-12,20.182,27
1997-11-13,20.034,27
1997-11-14,20.011,27
1997-11-15,19.652,27
1997-11-16,19.376,27
1997-11-17,19.126,27
1997-11-18,18.814,27
1997-11-19,18.391,27
1997-11-20,18.427,27
1997-11-21,18.456,27
1997-11-22,18.495,27
1997-11-23,18.357,27
1997-11-24,18.241,27
1997-11-25,18.314,27
1997-11-26,18.154,27
1997-11-27,18.133,27
1997-11-28,18.164,27
1997-11-29,18.268,27
1997-11-30,18.319,27
1997-12-01,18.255,27
1997-12-02,18.252,27
1997-12-03,18.29,27
1997-12-04,18.103,27
1997-12-05,17.837,27
1997-12-06,16.89,27
1997-12-07,16.669,27
1997-12-08,16.597,27
1997-12-09,16.881,27
1997-12-10,16.94,27
1997-12-11,16.883,27
1997-12-12,16.8,27
1997-12-13,16.75,27
1997-12-14,16.431,27
1997-12-15,15.847,27
1997-12-16,15.571,27
1997-12-17,15.171,27
1997-12-18,14.843,27
1997-12-19,14.848,27
1997-12-20,14.689,27
1997-12-21,14.634,27
1997-12-22,14.733,27
1997-12-23,14.936,27
1997-12-24,15.041,27
1997-12-25,15.039,27
1997-12-26,14.924,27
1997-12-27,14.395,27
1997-12-28,14.494,27
1997-12-29,14.302,27
1997-12-30,13.744,27
1997-12-31,13.087,27
1998-01-01,12.96,27
1998-01-02,13.159,27
1998-01-03,13.409,27
1998-01-04,14.02,27
1998-01-05,14.34,27
1998-01-06,14.393,27
1998-01-07,14.417,27
1998-01-08,14.332,27
1998-01-09,13.221,27
1998-01-10,13.18,27
1998-01-11,13.178,27
1998-01-12,13.473,27
1998-01-13,13.712,27
1998-01-14,14.006,27
1998-01-15,14.206,27
1998-01-16,14.11,27
1998-01-17,14.031,27
1998-01-18,13.845,27
1998-01-19,13.777,27
1998-01-20,13.757,27
1998-01-21,13.786,27
1998-01-22,13.914,27
1998-01-23,13.932,27
1998-01-24,13.933,27
1998-01-25,13.646,27
1998-01-26,13.521,27
1998-01-27,13.451,27
1998-01-28,13.399,27
1998-01-29,13.48,27
1998-01-30,13.504,27
1998-01-31,13.417,27
1998-02-01,13.391,27
1998-02-02,13.297,27
1998-02-03,13.381,27
1998-02-04,13.28,27
1998-02-05,13.222,27
1998-02-06,12.961,27
1998-02-07,12.768,27
1998-02-08,12.842,27
1998-02-09,12.655,27
1998-02-10,12.622,27
1998-02-11,12.714,27
1998-02-12,12.89,27
1998-02-13,12.145,27
1998-02-14,12.026,27
1998-02-15,11.953,27
1998-02-16,12.912,27
1998-02-17,13.17,27
1998-02-18,13.289,27
1998-02-19,13.756,27
1998-02-20,14.338,27
1998-02-21,14.35,27
1998-02-22,14.375,27
1998-02-23,13.447,27
1998-02-24,13.884,27
1998-02-25,14.543,27
1998-02-26,15.041,27
1998-02-27,15.141,27
1998-02-28,15.837,27
1998-03-01,14.683,27
1998-03-02,14.349,27
1998-03-03,14.091,27
1998-03-04,13.622,27
1998-03-05,13.724,27
1998-03-06,13.919,27
1998-03-07,14.013,27
1998-03-08,14.404,27
1998-03-09,14.738,27
1998-03-10,14.417,27
1998-03-11,14.207,27
1998-03-12,14.088,27
1998-03-13,14.03,27
1998-03-14,13.586,27
1998-03-15,13.532,27
1998-03-16,13.654,27
1998-03-17,13.712,27
1998-03-18,13.761,27
1998-03-19,14.645,27
1998-03-20,15.666,27
1998-03-21,14.265,27
1998-03-22,13.791,27
1998-03-23,13.723,27
1998-03-24,14.184,27
1998-03-25,14.42,27
1998-03-26,14.94,27
1998-03-27,15.47,27
1998-03-28,15.82,27
1998-03-29,16.192,27
1998-03-30,16.628,27
1998-03-31,17.106,27
1998-04-01,17.268,27
1998-04-02,18.509,27
1998-04-03,19.25,27
1998-04-04,19.038,27
1998-04-05,18.834,27
1998-04-06,18.781,27
1998-04-07,18.715,27
1998-04-08,18.477,27
1998-04-09,18.487,27
1998-04-10,18.442,27
1998-04-11,18.156,27
1998-04-12,17.747,27
1998-04-13,17.659,27
1998-04-14,17.677,27
1998-04-15,18.217,27
1998-04-16,18.611,27
1998-04-17,18.811,27
1998-04-18,19.263,27
1998-04-19,19.477,27
1998-04-20,19.847,27
1998-04-21,20.253,27
1998-04-22,20.264,27
1998-04-23,20.164,27
1998-04-24,19.997,27
1998-04-25,20.024,27
1998-04-26,20.143,27
1998-04-27,20.361,27
1998-04-28,19.907,27
1998-04-29,19.729,27
1998-04-30,19.825,27
1998-05-01,20.101,27
1998-05-02,20.431,27
1998-05-03,20.997,27
1998-05-04,21.352,27
1998-05-05,21.72,27
1998-05-06,22.171,27
1998-05-07,22.918,27
1998-05-08,23.123,27
1998-05-09,23.111,27
1998-05-10,22.866,27
1998-05-11,22.703,27
1998-05-12,22.577,27
1998-05-13,22.899,27
1998-05-14,23.172,27
1998-05-15,23.458,27
1998-05-16,23.77,27
1998-05-17,23.826,27
1998-05-18,24.095,27
1998-05-19,24.344,27
1998-05-20,24.711,27
1998-05-21,24.773,27
1998-05-22,24.915,27
1998-05-23,25.173,27
1998-05-24,25.225,27
1998-05-25,25.273,27
1998-05-26,25.289,27
1998-05-27,25.315,27
1998-05-28,25.541,27
1998-05-29,25.686,27
1998-05-30,25.772,27
1998-05-31,26.076,27
1998-06-01,26.865,27
1998-06-02,27.3,27
1998-06-03,27.423,27
1998-06-04,27.393,27
1998-06-05,27.051,27
1998-06-06,27.038,27
1998-06-07,26.793,27
1998-06-08,26.364,27
1998-06-09,26.079,27
1998-06-10,25.994,27
1998-06-11,26.191,27
1998-06-12,26.546,27
1998-06-13,26.796,27
1998-06-14,26.67,27
1998-06-15,26.443,27
1998-06-16,26.288,27
1998-06-17,27.325,27
1998-06-18,27.609,27
1998-06-19,27.684,27
1998-06-20,28.113,27
1998-06-21,29.019,27
1998-06-22,28.931,27
1998-06-23,28.266,27
1998-06-24,28.256,27
1998-06-25,28.278,27
1998-06-26,28.153,27
1998-06-27,28.038,27
1998-06-28,27.963,27
1998-06-29,27.963,27
1998-06-30,28.027,27
1998-07-01,27.911,27
1998-07-02,27.925,27
1998-07-03,28.067,27
1998-07-04,28.126,27
1998-07-05,28.203,27
1998-07-06,28.456,27
1998-07-07,28.444,27
1998-07-08,28.454,27
1998-07-09,28.454,27
1998-07-10,28.552,27
1998-07-11,28.592,27
1998-07-12,28.558,27
1998-07-13,28.321,27
1998-07-14,28.241,27
1998-07-15,28.237,27
1998-07-16,28.256,27
1998-07-17,28.252,27
1998-07-18,28.367,27
1998-07-19,28.591,27
1998-07-20,28.782,27
1998-07-21,28.799,27
1998-07-22,28.942,27
1998-07-23,29.092,27
1998-07-24,29.133,27
1998-07-25,29.078,27
1998-07-26,29.055,27
1998-07-27,28.973,27
1998-07-28,28.722,27
1998-07-29,28.589,27
1998-07-30,28.565,27
1998-07-31,28.348,27
1998-08-01,27.928,27
1998-08-02,27.566,27
1998-08-03,27.377,27
1998-08-04,27.449,27
1998-08-05,27.461,27
1998-08-06,27.588,27
1998-08-07,27.976,27
1998-08-08,28.126,27
1998-08-09,28.144,27
1998-08-10,28.347,27
1998-08-11,28.548,27
1998-08-12,28.574,27
1998-08-13,29.76,27
1998-08-14,29.844,27
1998-08-15,29.683,27
1998-08-16,29.105,27
1998-08-17,29.069,27
1998-08-18,29.074,27
1998-08-19,29.054,27
1998-08-20,29.069,27
1998-08-21,29.032,27
1998-08-22,28.97,27
1998-08-23,28.069,27
1998-08-24,27.91,27
1998-08-25,28.035,27
1998-08-26,28.227,27
1998-08-27,28.548,27
1998-08-28,29.236,27
1998-08-29,29.164,27
1998-08-30,29.165,27
1998-08-31,29.101,27
1998-09-01,29.026,27
1998-09-02,28.922,27
1998-09-03,28.471,27
1998-09-04,28.575,27
1998-09-05,28.53,27
1998-09-06,28.556,27
1998-09-07,29.281,27
1998-09-08,29.339,27
1998-09-09,29.337,27
1998-09-10,29.109,27
1998-09-11,28.821,27
1998-09-12,27.494,27
1998-09-13,27.491,27
1998-09-14,27.561,27
1998-09-15,27.576,27
1998-09-16,27.557,27
1998-09-17,27.47,27
1998-09-18,27.463,27
1998-09-19,27.574,27
1998-09-20,27.037,27
1998-09-21,27.072,27
1998-09-22,27.455,27
1998-09-23,27.913,27
1998-09-24,28.212,27
1998-09-25,27.545,27
1998-09-26,27.259,27
1998-09-27,27.416,27
1998-09-28,27.723,27
1998-09-29,27.599,27
1998-09-30,27.369,27
1998-10-01,27.433,27
1998-10-02,27.249,27
1998-10-03,27.123,27
1998-10-04,27.036,27
1998-10-05,26.991,27
1998-10-06,26.941,27
1998-10-07,27.074,27
1998-10-08,26.815,27
1998-10-09,26.533,27
1998-10-10,26.824,27
1998-10-11,26.741,27
1998-10-12,26.634,27
1998-10-13,26.047,27
1998-10-14,26.055,27
1998-10-15,26.067,27
1998-10-16,25.935,27
1998-10-17,25.657,27
1998-10-18,25.653,27
1998-10-19,25.91,27
1998-10-20,25.857,27
1998-10-21,25.563,27
1998-10-22,25.084,27
1998-10-23,24.081,27
1998-10-24,24.088,27
1998-10-25,24.094,27
1998-10-26,23.864,27
1998-10-27,23.745,27
1998-10-28,23.726,27
1998-10-29,23.744,27
1998-10-30,23.86,27
1998-10-31,23.987,27
1998-11-01,24.005,27
1998-11-02,23.894,27
1998-11-03,23.765,27
1998-11-04,23.41,27
1998-11-05,22.709,27
1998-11-06,22.759,27
1998-11-07,22.617,27
1998-11-08,22.09,27
1998-11-09,22.128,27
1998-11-10,22.681,27
1998-11-11,22.336,27
1998-11-12,22.221,27
1998-11-13,22.049,27
1998-11-14,21.889,27
1998-11-15,21.629,27
1998-11-16,22.161,27
1998-11-17,22.153,27
1998-11-18,22.182,27
1998-11-19,22.18,27
1998-11-20,21.903,27
1998-11-21,21.498,27
1998-11-22,21.229,27
1998-11-23,21.378,27
1998-11-24,21.464,27
1998-11-25,21.463,27
1998-11-26,21.087,27
1998-11-27,21.032,27
1998-11-28,21.003,27
1998-11-29,20.983,27
1998-11-30,20.995,27
1998-12-01,21.013,27
1998-12-02,21.215,27
1998-12-03,21.35,27
1998-12-04,21.407,27
1998-12-05,21.463,27
1998-12-06,21.75,27
1998-12-07,21.719,27
1998-12-08,21.742,27
1998-12-09,21.791,27
1998-12-10,21.024,27
1998-12-11,21.032,27
1998-12-12,20.944,27
1998-12-13,20.596,27
1998-12-14,20.568,27
1998-12-15,18.907,27
1998-12-16,18.81,27
1998-12-17,18.731,27
1998-12-18,18.768,27
1998-12-19,18.494,27
1998-12-20,18.351,27
1998-12-21,18.274,27
1998-12-22,18.431,27
1998-12-23,18.454,27
1998-12-24,18.299,27
1998-12-25,18.192,27
1998-12-26,17.945,27
1998-12-27,17.878,27
1998-12-28,17.92,27
1998-12-29,16.314,27
1998-12-30,16.304,27
1998-12-31,16.26,27
1999-01-01,15.89,27
1999-01-02,15.915,27
1999-01-03,16.227,27
1999-01-04,15.18,27
1999-01-05,15.157,27
1999-01-06,15.136,27
1999-01-07,15.368,27
1999-01-08,15.522,27
1999-01-09,15.655,27
1999-01-10,14.774,27
1999-01-11,15.036,27
1999-01-12,15.026,27
1999-01-13,15.255,27
1999-01-14,15.685,27
1999-01-15,15.613,27
1999-01-16,15.717,27
1999-01-17,15.778,27
1999-01-18,15.866,27
1999-01-19,16.02,27
1999-01-20,16.184,27
1999-01-21,16.255,27
1999-01-22,16.18,27
1999-01-23,16.116,27
1999-01-24,16.366,27
1999-01-25,16.647,27
1999-01-26,16.547,27
1999-01-27,16.372,27
1999-01-28,16.451,27
1999-01-29,16.361,27
1999-01-30,15.985,27
1999-01-31,15.448,27
1999-02-01,15.449,27
1999-02-02,15.439,27
1999-02-03,15.855,27
1999-02-04,15.719,27
1999-02-05,15.821,27
1999-02-06,15.929,27
1999-02-07,16.36,27
1999-02-08,16.463,27
1999-02-09,16.946,27
1999-02-10,17.206,27
1999-02-11,17.21,27
1999-02-12,17.091,27
1999-02-13,16.92,27
1999-02-14,14.99,27
1999-02-15,14.904,27
1999-02-16,14.904,27
1999-02-17,15.304,27
1999-02-18,15.597,27
1999-02-19,14.944,27
1999-02-20,14.951,27
1999-02-21,15.23,27
1999-02-22,15.212,27
1999-02-23,15.211,27
1999-02-24,15.162,27
1999-02-25,15.116,27
1999-02-26,15.032,27
1999-02-27,15.059,27
1999-02-28,15.233,27
1999-03-01,15.538,27
1999-03-02,15.777,27
1999-03-03,15.326,27
1999-03-04,15.197,27
1999-03-05,15.278,27
1999-03-06,15.556,27
1999-03-07,15.225,27
1999-03-08,14.987,27
1999-03-09,15.275,27
1999-03-10,15.408,27
1999-03-11,14.489,27
1999-03-12,14.355,27
1999-03-13,14.342,27
1999-03-14,14.551,27
1999-03-15,14.289,27
1999-03-16,14.26,27
1999-03-17,14.407,27
1999-03-18,14.646,27
1999-03-19,14.769,27
1999-03-20,15.15,27
1999-03-21,15.366,27
1999-03-22,15.376,27
1999-03-23,15.458,27
1999-03-24,16.928,27
1999-03-25,16.999,27
1999-03-26,16.998,27
1999-03-27,16.413,27
1999-03-28,16.488,27
1999-03-29,16.476,27
1999-03-30,16.282,27
1999-03-31,16.449,27
1999-04-01,17.869,27
1999-04-02,17.828,27
1999-04-03,17.821,27
1999-04-04,19.064,27
1999-04-05,19.071,27
1999-04-06,18.76,27
1999-04-07,18.522,27
1999-04-08,18.645,27
1999-04-09,18.826,27
1999-04-10,20.633,27
1999-04-11,20.789,27
1999-04-12,19.824,27
1999-04-13,19.627,27
1999-04-14,19.483,27
1999-04-15,19.644,27
1999-04-16,19.748,27
1999-04-17,19.784,27
1999-04-18,19.806,27
1999-04-19,19.705,27
1999-04-20,19.754,27
1999-04-21,20.029,27
1999-04-22,20.369,27
1999-04-23,20.66,27
1999-04-24,20.829,27
1999-04-25,21.391,27
1999-04-26,21.869,27
1999-04-27,21.789,27
1999-04-28,21.802,27
1999-04-29,21.764,27
1999-04-30,21.757,27
1999-05-01,20.89,27
1999-05-02,19.354,27
1999-05-03,19.404,27
1999-05-04,19.484,27
1999-05-05,19.586,27
1999-05-06,20.148,27
1999-05-07,20.226,27
1999-05-08,21.495,27
1999-05-09,21.755,27
1999-05-10,21.865,27
1999-05-11,22.353,27
1999-05-12,22.304,27
1999-05-13,22.275,27
1999-05-14,22.221,27
1999-05-15,21.897,27
1999-05-16,21.53,27
1999-05-17,21.574,27
1999-05-18,21.605,27
1999-05-19,21.814,27
1999-05-20,22.312,27
1999-05-21,22.323,27
1999-05-22,22.426,27
1999-05-23,22.726,27
1999-05-24,23.179,27
1999-05-25,23.553,27
1999-05-26,23.812,27
1999-05-27,24.301,27
1999-05-28,24.479,27
1999-05-29,24.548,27
1999-05-30,24.494,27
1999-05-31,24.454,27
1999-06-01,24.502,27
1999-06-02,25.017,27
1999-06-03,25.06,27
1999-06-04,25.105,27
1999-06-05,25.096,27
1999-06-06,25.309,27
1999-06-07,25.438,27
1999-06-08,25.781,27
1999-06-09,26.071,27
1999-06-10,25.983,27
1999-06-11,25.82,27
1999-06-12,25.745,27
1999-06-13,25.668,27
1999-06-14,25.726,27
1999-06-15,26.748,27
1999-06-16,26.839,27
1999-06-17,26.739,27
1999-06-18,26.477,27
1999-06-19,26.161,27
1999-06-20,25.938,27
1999-06-21,25.663,27
1999-06-22,25.539,27
1999-06-23,25.651,27
1999-06-24,25.758,27
1999-06-25,25.766,27
1999-06-26,25.954,27
1999-06-27,26.112,27
1999-06-28,26.183,27
1999-06-29,25.831,27
1999-06-30,25.969,27
1999-07-01,26.142,27
1999-07-02,26.386,27
1999-07-03,26.563,27
1999-07-04,26.742,27
1999-07-05,27.135,27
1999-07-06,27.431,27
1999-07-07,27.554,27
1999-07-08,27.754,27
1999-07-09,27.797,27
1999-07-10,28.067,27
1999-07-11,28.136,27
1999-07-12,28.101,27
1999-07-13,28.199,27
1999-07-14,28.271,27
1999-07-15,28.296,27
1999-07-16,28.303,27
1999-07-17,28.349,27
1999-07-18,28.498,27
1999-07-19,28.703,27
1999-07-20,28.823,27
1999-07-21,29.076,27
1999-07-22,29.401,27
1999-07-23,29.552,27
1999-07-24,29.599,27
1999-07-25,29.551,27
1999-07-26,29.508,27
1999-07-27,29.659,27
1999-07-28,29.829,27
1999-07-29,29.817,27
1999-07-30,29.953,27
1999-07-31,30.323,27
1999-08-01,30.529,27
1999-08-02,30.508,27
1999-08-03,30.149,27
1999-08-04,29.855,27
1999-08-05,29.875,27
1999-08-06,29.875,27
1999-08-07,29.818,27
1999-08-08,29.684,27
1999-08-09,29.798,27
1999-08-10,29.956,27
1999-08-11,29.983,27
1999-08-12,29.989,27
1999-08-13,30.003,27
1999-08-14,29.97,27
1999-08-15,29.915,27
1999-08-16,29.96,27
1999-08-17,29.913,27
1999-08-18,29.798,27
1999-08-19,29.765,27
1999-08-20,29.705,27
1999-08-21,29.311,27
1999-08-22,29.213,27
1999-08-23,29.236,27
1999-08-24,29.203,27
1999-08-25,29.263,27
1999-08-26,29.209,27
1999-08-27,29.281,27
1999-08-28,29.338,27
1999-08-29,29.217,27
1999-08-30,28.563,27
1999-08-31,28.509,27
1999-09-01,28.5,27
1999-09-02,28.422,27
1999-09-03,28.308,27
1999-09-04,28.32,27
1999-09-05,28.415,27
1999-09-06,28.459,27
1999-09-07,28.501,27
1999-09-08,28.563,27
1999-09-09,28.5,27
1999-09-10,28.539,27
1999-09-11,28.51,27
1999-09-12,28.153,27
1999-09-13,27.934,27
1999-09-14,27.757,27
1999-09-15,27.086,27
1999-09-16,26.657,27
1999-09-17,26.579,27
1999-09-18,26.327,27
1999-09-19,26.195,27
1999-09-20,26.079,27
1999-09-21,25.971,27
1999-09-22,25.619,27
1999-09-23,25.503,27
1999-09-24,25.405,27
1999-09-25,25.368,27
1999-09-26,25.36,27
1999-09-27,25.399,27
1999-09-28,25.704,27
1999-09-29,25.655,27
1999-09-30,25.657,27
1999-10-01,25.485,27
1999-10-02,25.247,27
1999-10-03,25.22,27
1999-10-04,25.21,27
1999-10-05,25.164,27
1999-10-06,25.039,27
1999-10-07,24.754,27
1999-10-08,24.627,27
1999-10-09,24.641,27
1999-10-10,24.755,27
1999-10-11,24.816,27
1999-10-12,24.695,27
1999-10-13,24.517,27
1999-10-14,24.43,27
1999-10-15,24.199,27
1999-10-16,23.95,27
1999-10-17,23.954,27
1999-10-18,23.937,27
1999-10-19,23.912,27
1999-10-20,23.8,27
1999-10-21,23.684,27
1999-10-22,23.343,27
1999-10-23,22.492,27
1999-10-24,22.411,27
1999-10-25,22.295,27
1999-10-26,22.077,27
1999-10-27,21.913,27
1999-10-28,21.904,27
1999-10-29,21.895,27
1999-10-30,21.93,27
1999-10-31,21.985,27
1999-11-01,21.953,27
1999-11-02,21.372,27
1999-11-03,21.331,27
1999-11-04,21.242,27
1999-11-05,20.837,27
1999-11-06,20.696,27
1999-11-07,20.672,27
1999-11-08,20.851,27
1999-11-09,20.929,27
1999-11-10,20.939,27
1999-11-11,20.826,27
1999-11-12,20.76,27
1999-11-13,20.799,27
1999-11-14,20.747,27
1999-11-15,20.59,27
1999-11-16,20.487,27
1999-11-17,20.324,27
1999-11-18,20.063,27
1999-11-19,19.786,27
1999-11-20,19.763,27
1999-11-21,19.736,27
1999-11-22,19.82,27
1999-11-23,19.897,27
1999-11-24,20.256,27
1999-11-25,20.284,27
1999-11-26,20.251,27
1999-11-27,19.986,27
1999-11-28,19.829,27
1999-11-29,19.758,27
1999-11-30,19.223,27
1999-12-01,18.589,27
1999-12-02,18.151,27
1999-12-03,18.04,27
1999-12-04,18.233,27
1999-12-05,18.699,27
1999-12-06,18.385,27
1999-12-07,17.516,27
1999-12-08,17.548,27
1999-12-09,17.517,27
1999-12-10,17.703,27
1999-12-11,17.744,27
1999-12-12,17.745,27
1999-12-13,17.678,27
1999-12-14,17.69,27
1999-12-15,17.634,27
1999-12-16,17.304,27
1999-12-17,17.045,27
1999-12-18,16.932,27
1999-12-19,16.916,27
1999-12-20,16.833,27
1999-12-21,16.744,27
1999-12-22,16.646,27
1999-12-23,16.329,27
1999-12-24,16.174,27
1999-12-25,16.058,27
1999-12-26,15.021,27
1999-12-27,14.969,27
1999-12-28,14.898,27
1999-12-29,14.49,27
1999-12-30,14.155,27
1999-12-31,13.964,27
2000-01-01,14.256,27
2000-01-02,15.428,27
2000-01-03,15.341,27
2000-01-04,15.034,27
2000-01-05,14.919,27
2000-01-06,14.876,27
2000-01-07,14.863,27
2000-01-08,14.896,27
2000-01-09,14.95,27
2000-01-10,14.948,27
2000-01-11,14.942,27
2000-01-12,14.897,27
2000-01-13,14.866,27
2000-01-14,14.289,27
2000-01-15,14.356,27
2000-01-16,14.364,27
2000-01-17,14.294,27
2000-01-18,14.361,27
2000-01-19,14.424,27
2000-01-20,14.13,27
2000-01-21,13.875,27
2000-01-22,13.848,27
2000-01-23,13.797,27
2000-01-24,13.632,27
2000-01-25,13.583,27
2000-01-26,13.449,27
2000-01-27,13.746,27
2000-01-28,14.123,27
2000-01-29,14.294,27
2000-01-30,12.014,27
2000-01-31,11.81,27
2000-02-01,11.645,27
2000-02-02,11.453,27
2000-02-03,11.532,27
2000-02-04,11.525,27
2000-02-05,11.634,27
2000-02-06,11.457,27
2000-02-07,11.492,27
2000-02-08,11.592,27
2000-02-09,11.675,27
2000-02-10,11.722,27
2000-02-11,11.807,27
2000-02-12,11.943,27
2000-02-13,11.953,27
2000-02-14,12.184,27
2000-02-15,12.481,27
2000-02-16,12.637,27
2000-02-17,12.897,27
2000-02-18,12.848,27
2000-02-19,12.741,27
2000-02-20,12.809,27
2000-02-21,12.689,27
2000-02-22,12.723,27
2000-02-23,12.863,27
2000-02-24,13.305,27
2000-02-25,13.516,27
2000-02-26,13.833,27
2000-02-27,14.077,27
2000-02-28,14.132,27
2000-02-29,14.16,27
2000-03-01,14.485,27
2000-03-02,14.965,27
2000-03-03,15.263,27
2000-03-04,15.272,27
2000-03-05,15.494,27
2000-03-06,15.705,27
2000-03-07,15.763,27
2000-03-08,15.814,27
2000-03-09,16.02,27
2000-03-10,16.51,27
2000-03-11,16.279,27
2000-03-12,16.202,27
2000-03-13,16.027,27
2000-03-14,15.735,27
2000-03-15,15.73,27
2000-03-16,15.789,27
2000-03-17,15.864,27
2000-03-18,15.94,27
2000-03-19,16.148,27
2000-03-20,16.39,27
2000-03-21,16.494,27
2000-03-22,16.489,27
2000-03-23,16.58,27
2000-03-24,16.656,27
2000-03-25,16.817,27
2000-03-26,17.03,27
2000-03-27,17.351,27
2000-03-28,17.467,27
2000-03-29,17.5,27
2000-03-30,17.562,27
2000-03-31,17.792,27
2000-04-01,17.884,27
2000-04-02,17.981,27
2000-04-03,18.1,27
2000-04-04,18.094,27
2000-04-05,18.051,27
2000-04-06,18.097,27
2000-04-07,18.24,27
2000-04-08,18.363,27
2000-04-09,18.447,27
2000-04-10,18.456,27
2000-04-11,18.54,27
2000-04-12,18.836,27
2000-04-13,18.697,27
2000-04-14,18.459,27
2000-04-15,19.045,27
2000-04-16,19.115,27
2000-04-17,19.161,27
2000-04-18,19.095,27
2000-04-19,19.486,27
2000-04-20,19.573,27
2000-04-21,19.639,27
2000-04-22,19.572,27
2000-04-23,19.626,27
2000-04-24,19.819,27
2000-04-25,19.765,27
2000-04-26,19.792,27
2000-04-27,19.814,27
2000-04-28,20.477,27
2000-04-29,20.581,27
2000-04-30,20.602,27
2000-05-01,21.048,27
2000-05-02,21.231,27
2000-05-03,21.39,27
2000-05-04,22.044,27
2000-05-05,22.143,27
2000-05-06,21.984,27
2000-05-07,21.789,27
2000-05-08,22.082,27
2000-05-09,22.296,27
2000-05-10,22.499,27
2000-05-11,23.402,27
2000-05-12,23.798,27
2000-05-13,23.913,27
2000-05-14,23.877,27
2000-05-15,23.77,27
2000-05-16,23.716,27
2000-05-17,23.601,27
2000-05-18,23.868,27
2000-05-19,23.964,27
2000-05-20,24.067,27
2000-05-21,24.17,27
2000-05-22,24.203,27
2000-05-23,24.325,27
2000-05-24,24.597,27
2000-05-25,24.731,27
2000-05-26,24.941,27
2000-05-27,25.187,27
2000-05-28,25.408,27
2000-05-29,25.52,27
2000-05-30,25.324,27
2000-05-31,25.284,27
2000-06-01,25.415,27
2000-06-02,26.255,27
2000-06-03,26.394,27
2000-06-04,26.339,27
2000-06-05,26.042,27
2000-06-06,26.104,27
2000-06-07,26.047,27
2000-06-08,26.069,27
2000-06-09,26.092,27
2000-06-10,26.092,27
2000-06-11,26.228,27
2000-06-12,26.447,27
2000-06-13,26.569,27
2000-06-14,26.661,27
2000-06-15,26.806,27
2000-06-16,26.865,27
2000-06-17,26.915,27
2000-06-18,27.065,27
2000-06-19,27.227,27
2000-06-20,27.331,27
2000-06-21,27.458,27
2000-06-22,27.514,27
2000-06-23,27.573,27
2000-06-24,28.091,27
2000-06-25,28.091,27
2000-06-26,27.981,27
2000-06-27,27.868,27
2000-06-28,27.884,27
2000-06-29,27.894,27
2000-06-30,27.869,27
2000-07-01,27.887,27
2000-07-02,27.906,27
2000-07-03,27.991,27
2000-07-04,28.11,27
2000-07-05,28.116,27
2000-07-06,28.088,27
2000-07-07,28.105,27
2000-07-08,28.303,27
2000-07-09,28.379,27
2000-07-10,28.373,27
2000-07-11,28.339,27
2000-07-12,28.32,27
2000-07-13,28.483,27
2000-07-14,28.709,27
2000-07-15,28.703,27
2000-07-16,28.494,27
2000-07-17,28.219,27
2000-07-18,28.061,27
2000-07-19,27.88,27
2000-07-20,27.659,27
2000-07-21,27.567,27
2000-07-22,27.447,27
2000-07-23,27.326,27
2000-07-24,27.165,27
2000-07-25,27.143,27
2000-07-26,27.943,27
2000-07-27,28.179,27
2000-07-28,28.235,27
2000-07-29,28.161,27
2000-07-30,28.144,27
2000-07-31,28.052,27
2000-08-01,28.143,27
2000-08-02,28.279,27
2000-08-03,28.235,27
2000-08-04,28.23,27
2000-08-05,28.251,27
2000-08-06,28.3,27
2000-08-07,28.322,27
2000-08-08,28.366,27
2000-08-09,28.366,27
2000-08-10,28.272,27
2000-08-11,28.278,27
2000-08-12,28.215,27
2000-08-13,28.229,27
2000-08-14,28.291,27
2000-08-15,28.381,27
2000-08-16,28.436,27
2000-08-17,28.376,27
2000-08-18,28.276,27
2000-08-19,28.255,27
2000-08-20,28.242,27
2000-08-21,28.206,27
2000-08-22,28.176,27
2000-08-23,28.165,27
2000-08-24,28.167,27
2000-08-25,28.168,27
2000-08-26,28.157,27
2000-08-27,28.284,27
2000-08-28,28.317,27
2000-08-29,28.274,27
2000-08-30,28.631,27
2000-08-31,28.666,27
2000-09-01,28.646,27
2000-09-02,28.393,27
2000-09-03,28.325,27
2000-09-04,28.298,27
2000-09-05,28.206,27
2000-09-06,27.992,27
2000-09-07,27.75,27
2000-09-08,27.537,27
2000-09-09,27.392,27
2000-09-10,27.283,27
2000-09-11,27.253,27
2000-09-12,27.438,27
2000-09-13,27.554,27
2000-09-14,27.652,27
2000-09-15,27.555,27
2000-09-16,27.361,27
2000-09-17,27.075,27
2000-09-18,26.75,27
2000-09-19,26.543,27
2000-09-20,26.516,27
2000-09-21,26.62,27
2000-09-22,26.674,27
2000-09-23,26.673,27
2000-09-24,26.788,27
2000-09-25,26.931,27
2000-09-26,26.879,27
2000-09-27,26.672,27
2000-09-28,26.277,27
2000-09-29,25.927,27
2000-09-30,25.617,27
2000-10-01,25.129,27
2000-10-02,25.16,27
2000-10-03,25.143,27
2000-10-04,25.131,27
2000-10-05,25.226,27
2000-10-06,25.246,27
2000-10-07,25.104,27
2000-10-08,24.756,27
2000-10-09,24.271,27
2000-10-10,23.856,27
2000-10-11,23.562,27
2000-10-12,23.086,27
2000-10-13,23,27
2000-10-14,22.889,27
2000-10-15,22.816,27
2000-10-16,22.787,27
2000-10-17,22.794,27
2000-10-18,22.827,27
2000-10-19,22.811,27
2000-10-20,22.74,27
2000-10-21,22.663,27
2000-10-22,22.623,27
2000-10-23,22.514,27
2000-10-24,22.34,27
2000-10-25,22.271,27
2000-10-26,22.354,27
2000-10-27,22.377,27
2000-10-28,22.368,27
2000-10-29,22.248,27
2000-10-30,22.169,27
2000-10-31,22.051,27
2000-11-01,22.015,27
2000-11-02,22.014,27
2000-11-03,22.064,27
2000-11-04,22.094,27
2000-11-05,22.029,27
2000-11-06,21.965,27
2000-11-07,22.01,27
2000-11-08,22.09,27
2000-11-09,22.283,27
2000-11-10,22.26,27
2000-11-11,21.994,27
2000-11-12,21.75,27
2000-11-13,21.463,27
2000-11-14,21.089,27
2000-11-15,20.914,27
2000-11-16,20.758,27
2000-11-17,20.58,27
2000-11-18,20.349,27
2000-11-19,20.015,27
2000-11-20,19.588,27
2000-11-21,18.293,27
2000-11-22,18.051,27
2000-11-23,17.946,27
2000-11-24,17.837,27
2000-11-25,17.874,27
2000-11-26,17.849,27
2000-11-27,17.183,27
2000-11-28,17.241,27
2000-11-29,17.177,27
2000-11-30,17.146,27
2000-12-01,17.147,27
2000-12-02,17.369,27
2000-12-03,17.47,27
2000-12-04,17.499,27
2000-12-05,17.566,27
2000-12-06,16.147,27
2000-12-07,16.006,27
2000-12-08,15.922,27
2000-12-09,15.936,27
2000-12-10,15.898,27
2000-12-11,15.791,27
2000-12-12,15.699,27
2000-12-13,15.615,27
2000-12-14,15.555,27
2000-12-15,15.54,27
2000-12-16,15.664,27
2000-12-17,15.341,27
2000-12-18,15.29,27
2000-12-19,15.207,27
2000-12-20,14.71,27
2000-12-21,14.53,27
2000-12-22,14.48,27
2000-12-23,14.847,27
2000-12-24,15.041,27
2000-12-25,15.243,27
2000-12-26,13.82,27
2000-12-27,13.838,27
2000-12-28,13.911,27
2000-12-29,13.694,27
2000-12-30,13.056,27
2000-12-31,12.697,27
2001-01-01,12.459,27
2001-01-02,13.38,27
2001-01-03,13.706,27
2001-01-04,13.831,27
2001-01-05,13.864,27
2001-01-06,14.303,27
2001-01-07,14.411,27
2001-01-08,14.648,27
2001-01-09,14.881,27
2001-01-10,14.99,27
2001-01-11,15.327,27
2001-01-12,15.677,27
2001-01-13,15.876,27
2001-01-14,15.185,27
2001-01-15,12.918,27
2001-01-16,13.019,27
2001-01-17,13.002,27
2001-01-18,13.148,27
2001-01-19,13.255,27
2001-01-20,13.124,27
2001-01-21,12.951,27
2001-01-22,12.862,27
2001-01-23,12.685,27
2001-01-24,12.502,27
2001-01-25,12.38,27
2001-01-26,12.393,27
2001-01-27,12.901,27
2001-01-28,13.464,27
2001-01-29,13.779,27
2001-01-30,12.175,27
2001-01-31,11.982,27
2001-02-01,11.915,27
2001-02-02,11.856,27
2001-02-03,11.982,27
2001-02-04,12.031,27
2001-02-05,12.355,27
2001-02-06,12.232,27
2001-02-07,12.351,27
2001-02-08,12.536,27
2001-02-09,12.579,27
2001-02-10,12.503,27
2001-02-11,12.639,27
2001-02-12,12.682,27
2001-02-13,12.648,27
2001-02-14,12.906,27
2001-02-15,13.184,27
2001-02-16,13.129,27
2001-02-17,13.368,27
2001-02-18,13.681,27
2001-02-19,13.932,27
2001-02-20,14.349,27
2001-02-21,14.335,27
2001-02-22,14.3,27
2001-02-23,14.601,27
2001-02-24,15.145,27
2001-02-25,15.237,27
2001-02-26,15.359,27
2001-02-27,15.301,27
2001-02-28,15.027,27
2001-03-01,14.752,27
2001-03-02,14.761,27
2001-03-03,15.166,27
2001-03-04,15.613,27
2001-03-05,15.579,27
2001-03-06,15.17,27
2001-03-07,14.983,27
2001-03-08,14.931,27
2001-03-09,14.854,27
2001-03-10,14.804,27
2001-03-11,14.741,27
2001-03-12,14.853,27
2001-03-13,15.087,27
2001-03-14,15.333,27
2001-03-15,15.508,27
2001-03-16,15.646,27
2001-03-17,15.632,27
2001-03-18,15.423,27
2001-03-19,15.213,27
2001-03-20,15.07,27
2001-03-21,14.917,27
2001-03-22,14.849,27
2001-03-23,14.86,27
2001-03-24,14.986,27
2001-03-25,15.056,27
2001-03-26,15.077,27
2001-03-27,14.999,27
2001-03-28,14.86,27
2001-03-29,14.993,27
2001-03-30,15.236,27
2001-03-31,15.603,27
2001-04-01,15.587,27
2001-04-02,15.507,27
2001-04-03,15.519,27
2001-04-04,15.674,27
2001-04-05,15.853,27
2001-04-06,16.091,27
2001-04-07,16.556,27
2001-04-08,17.37,27
2001-04-09,18.321,27
2001-04-10,18.504,27
2001-04-11,19.114,27
2001-04-12,19.86,27
2001-04-13,20.139,27
2001-04-14,20.466,27
2001-04-15,20.045,27
2001-04-16,19.398,27
2001-04-17,17.904,27
2001-04-18,17.592,27
2001-04-19,17.629,27
2001-04-20,18.206,27
2001-04-21,18.967,27
2001-04-22,19.427,27
2001-04-23,19.903,27
2001-04-24,19.922,27
2001-04-25,19.685,27
2001-04-26,19.189,27
2001-04-27,19.16,27
2001-04-28,19.295,27
2001-04-29,19.411,27
2001-04-30,19.295,27
2001-05-01,19.204,27
2001-05-02,19.473,27
2001-05-03,19.646,27
2001-05-04,19.941,27
2001-05-05,20.644,27
2001-05-06,20.745,27
2001-05-07,20.736,27
2001-05-08,20.7,27
2001-05-09,21.049,27
2001-05-10,21.518,27
2001-05-11,21.693,27
2001-05-12,21.871,27
2001-05-13,22.299,27
2001-05-14,22.789,27
2001-05-15,22.963,27
2001-05-16,23.095,27
2001-05-17,23.303,27
2001-05-18,23.648,27
2001-05-19,23.681,27
2001-05-20,23.631,27
2001-05-21,23.557,27
2001-05-22,23.508,27
2001-05-23,23.815,27
2001-05-24,23.919,27
2001-05-25,23.965,27
2001-05-26,24.065,27
2001-05-27,24.236,27
2001-05-28,24.299,27
2001-05-29,24.401,27
2001-05-30,24.657,27
2001-05-31,24.988,27
2001-06-01,25.201,27
2001-06-02,25.255,27
2001-06-03,25.459,27
2001-06-04,25.72,27
2001-06-05,25.894,27
2001-06-06,26.045,27
2001-06-07,26.201,27
2001-06-08,26.274,27
2001-06-09,26.247,27
2001-06-10,26.203,27
2001-06-11,26.161,27
2001-06-12,26.12,27
2001-06-13,26.332,27
2001-06-14,26.448,27
2001-06-15,26.659,27
2001-06-16,26.847,27
2001-06-17,26.901,27
2001-06-18,26.93,27
2001-06-19,27.033,27
2001-06-20,27.16,27
2001-06-21,27.203,27
2001-06-22,27.199,27
2001-06-23,27.306,27
2001-06-24,27.408,27
2001-06-25,27.391,27
2001-06-26,27.325,27
2001-06-27,27.42,27
2001-06-28,27.479,27
2001-06-29,27.619,27
2001-06-30,27.836,27
2001-07-01,28.069,27
2001-07-02,28.343,27
2001-07-03,28.481,27
2001-07-04,28.436,27
2001-07-05,28.309,27
2001-07-06,28.594,27
2001-07-07,28.71,27
2001-07-08,28.696,27
2001-07-09,29.144,27
2001-07-10,29.034,27
2001-07-11,29.037,27
2001-07-12,29.059,27
2001-07-13,29.03,27
2001-07-14,28.755,27
2001-07-15,28.61,27
2001-07-16,28.517,27
2001-07-17,28.735,27
2001-07-18,29.194,27
2001-07-19,29.236,27
2001-07-20,28.997,27
2001-07-21,28.755,27
2001-07-22,28.581,27
2001-07-23,28.568,27
2001-07-24,28.448,27
2001-07-25,28.454,27
2001-07-26,28.554,27
2001-07-27,28.857,27
2001-07-28,29.123,27
2001-07-29,29.134,27
2001-07-30,29.04,27
2001-07-31,28.85,27
2001-08-01,28.705,27
2001-08-02,28.646,27
2001-08-03,28.764,27
2001-08-04,28.749,27
2001-08-05,28.664,27
2001-08-06,28.629,27
2001-08-07,28.717,27
2001-08-08,28.821,27
2001-08-09,28.957,27
2001-08-10,29.04,27
2001-08-11,29.086,27
2001-08-12,29.443,27
2001-08-13,29.48,27
2001-08-14,29.394,27
2001-08-15,29.183,27
2001-08-16,29.227,27
2001-08-17,29.297,27
2001-08-18,28.879,27
2001-08-19,28.812,27
2001-08-20,28.767,27
2001-08-21,28.696,27
2001-08-22,28.64,27
2001-08-23,28.618,27
2001-08-24,28.621,27
2001-08-25,28.597,27
2001-08-26,28.608,27
2001-08-27,28.713,27
2001-08-28,29.126,27
2001-08-29,29.367,27
2001-08-30,29.322,27
2001-08-31,29.031,27
2001-09-01,28.753,27
2001-09-02,28.642,27
2001-09-03,28.659,27
2001-09-04,28.656,27
2001-09-05,28.547,27
2001-09-06,28.497,27
2001-09-07,28.458,27
2001-09-08,28.484,27
2001-09-09,28.463,27
2001-09-10,28.46,27
2001-09-11,28.428,27
2001-09-12,28.295,27
2001-09-13,28.041,27
2001-09-14,27.649,27
2001-09-15,26.739,27
2001-09-16,26.151,27
2001-09-17,26.12,27
2001-09-18,26.137,27
2001-09-19,26.354,27
2001-09-20,26.401,27
2001-09-21,26.468,27
2001-09-22,26.656,27
2001-09-23,26.587,27
2001-09-24,26.444,27
2001-09-25,26.267,27
2001-09-26,26.126,27
2001-09-27,26.129,27
2001-09-28,26.015,27
2001-09-29,25.658,27
2001-09-30,25.095,27
2001-10-01,24.63,27
2001-10-02,24.463,27
2001-10-03,24.446,27
2001-10-04,24.523,27
2001-10-05,24.795,27
2001-10-06,24.732,27
2001-10-07,24.429,27
2001-10-08,24.044,27
2001-10-09,23.811,27
2001-10-10,23.678,27
2001-10-11,23.577,27
2001-10-12,23.582,27
2001-10-13,23.605,27
2001-10-14,23.625,27
2001-10-15,23.606,27
2001-10-16,23.411,27
2001-10-17,22.901,27
2001-10-18,22.64,27
2001-10-19,22.435,27
2001-10-20,22.477,27
2001-10-21,22.572,27
2001-10-22,22.763,27
2001-10-23,22.908,27
2001-10-24,23.183,27
2001-10-25,23.135,27
2001-10-26,22.92,27
2001-10-27,22.067,27
2001-10-28,20.719,27
2001-10-29,20.726,27
2001-10-30,20.689,27
2001-10-31,20.491,27
2001-11-01,20.55,27
2001-11-02,20.571,27
2001-11-03,20.854,27
2001-11-04,20.807,27
2001-11-05,20.73,27
2001-11-06,20.276,27
2001-11-07,20.179,27
2001-11-08,20.156,27
2001-11-09,20.032,27
2001-11-10,20.046,27
2001-11-11,20.033,27
2001-11-12,19.941,27
2001-11-13,19.786,27
2001-11-14,19.719,27
2001-11-15,19.655,27
2001-11-16,19.333,27
2001-11-17,19.35,27
2001-11-18,19.359,27
2001-11-19,19.287,27
2001-11-20,19.244,27
2001-11-21,19.205,27
2001-11-22,19.16,27
2001-11-23,19.131,27
2001-11-24,19.177,27
2001-11-25,19.681,27
2001-11-26,19.863,27
2001-11-27,19.899,27
2001-11-28,19.783,27
2001-11-29,19.741,27
2001-11-30,19.72,27
2001-12-01,19.773,27
2001-12-02,19.787,27
2001-12-03,19.761,27
2001-12-04,19.745,27
2001-12-05,19.744,27
2001-12-06,19.783,27
2001-12-07,19.729,27
2001-12-08,19.815,27
2001-12-09,19.893,27
2001-12-10,19.831,27
2001-12-11,19.942,27
2001-12-12,19.961,27
2001-12-13,20.086,27
2001-12-14,20.173,27
2001-12-15,20.258,27
2001-12-16,20.269,27
2001-12-17,20.234,27
2001-12-18,20.226,27
2001-12-19,20.126,27
2001-12-20,19.453,27
2001-12-21,19.381,27
2001-12-22,19.346,27
2001-12-23,19.054,27
2001-12-24,18.819,27
2001-12-25,18.35,27
2001-12-26,17.834,27
2001-12-27,17.281,27
2001-12-28,16.91,27
2001-12-29,16.738,27
2001-12-30,16.524,27
2001-12-31,16.157,27
2002-01-01,15.954,27
2002-01-02,15.863,27
2002-01-03,15.675,27
2002-01-04,15.053,27
2002-01-05,15.135,27
2002-01-06,14.876,27
2002-01-07,14.418,27
2002-01-08,13.934,27
2002-01-09,12.964,27
2002-01-10,12.861,27
2002-01-11,12.84,27
2002-01-12,13.384,27
2002-01-13,13.571,27
2002-01-14,13.922,27
2002-01-15,13.379,27
2002-01-16,13.367,27
2002-01-17,13.393,27
2002-01-18,13.166,27
2002-01-19,13.155,27
2002-01-20,13.221,27
2002-01-21,13.61,27
2002-01-22,13.605,27
2002-01-23,13.649,27
2002-01-24,14.396,27
2002-01-25,14.58,27
2002-01-26,14.607,27
2002-01-27,14.783,27
2002-01-28,15.791,27
2002-01-29,15.769,27
2002-01-30,15.666,27
2002-01-31,15.061,27
2002-02-01,14.857,27
2002-02-02,14.711,27
2002-02-03,14.473,27
2002-02-04,14.211,27
2002-02-05,14.22,27
2002-02-06,14.218,27
2002-02-07,14.346,27
2002-02-08,13.723,27
2002-02-09,14.199,27
2002-02-10,14.727,27
2002-02-11,15.022,27
2002-02-12,14.922,27
2002-02-13,14.594,27
2002-02-14,14.486,27
2002-02-15,14.459,27
2002-02-16,14.738,27
2002-02-17,14.754,27
2002-02-18,14.638,27
2002-02-19,14.095,27
2002-02-20,14.143,27
2002-02-21,14.344,27
2002-02-22,14.473,27
2002-02-23,14.316,27
2002-02-24,14.207,27
2002-02-25,14.166,27
2002-02-26,14.177,27
2002-02-27,14.147,27
2002-02-28,13.96,27
2002-03-01,13.849,27
2002-03-02,13.966,27
2002-03-03,14.017,27
2002-03-04,13.512,27
2002-03-05,13.268,27
2002-03-06,13.273,27
2002-03-07,13.44,27
2002-03-08,13.583,27
2002-03-09,13.847,27
2002-03-10,14.193,27
2002-03-11,14.173,27
2002-03-12,14.253,27
2002-03-13,14.545,27
2002-03-14,14.694,27
2002-03-15,14.861,27
2002-03-16,15.352,27
2002-03-17,15.953,27
2002-03-18,17.187,27
2002-03-19,17.526,27
2002-03-20,17.628,27
2002-03-21,17.171,27
2002-03-22,16.623,27
2002-03-23,16.373,27
2002-03-24,16.492,27
2002-03-25,16.617,27
2002-03-26,16.788,27
2002-03-27,16.879,27
2002-03-28,17.18,27
2002-03-29,17.852,27
2002-03-30,17.961,27
2002-03-31,18.082,27
2002-04-01,18.211,27
2002-04-02,18.399,27
2002-04-03,18.693,27
2002-04-04,18.557,27
2002-04-05,18.503,27
2002-04-06,18.459,27
2002-04-07,18.464,27
2002-04-08,18.718,27
2002-04-09,18.811,27
2002-04-10,18.866,27
2002-04-11,18.988,27
2002-04-12,19.079,27
2002-04-13,19.237,27
2002-04-14,19.492,27
2002-04-15,20.185,27
2002-04-16,20.619,27
2002-04-17,21.533,27
2002-04-18,22.35,27
2002-04-19,22.648,27
2002-04-20,22.784,27
2002-04-21,22.871,27
2002-04-22,22.886,27
2002-04-23,22.665,27
2002-04-24,22.105,27
2002-04-25,22.026,27
2002-04-26,21.884,27
2002-04-27,21.828,27
2002-04-28,21.96,27
2002-04-29,22.116,27
2002-04-30,22.618,27
2002-05-01,22.831,27
2002-05-02,23.233,27
2002-05-03,23.779,27
2002-05-04,24.007,27
2002-05-05,23.823,27
2002-05-06,23.574,27
2002-05-07,23.721,27
2002-05-08,23.967,27
2002-05-09,24.299,27
2002-05-10,24.44,27
2002-05-11,24.704,27
2002-05-12,24.903,27
2002-05-13,24.808,27
2002-05-14,24.647,27
2002-05-15,24.531,27
2002-05-16,24.53,27
2002-05-17,24.679,27
2002-05-18,24.712,27
2002-05-19,24.217,27
2002-05-20,23.901,27
2002-05-21,23.618,27
2002-05-22,23.05,27
2002-05-23,22.975,27
2002-05-24,23.1,27
2002-05-25,22.916,27
2002-05-26,22.794,27
2002-05-27,22.87,27
2002-05-28,23.179,27
2002-05-29,23.721,27
2002-05-30,23.93,27
2002-05-31,24.187,27
2002-06-01,24.679,27
2002-06-02,25.152,27
2002-06-03,25.39,27
2002-06-04,25.699,27
2002-06-05,25.88,27
2002-06-06,26.011,27
2002-06-07,26.017,27
2002-06-08,25.712,27
2002-06-09,25.685,27
2002-06-10,25.705,27
2002-06-11,25.947,27
2002-06-12,26.13,27
2002-06-13,26.91,27
2002-06-14,27.096,27
2002-06-15,27.062,27
2002-06-16,26.99,27
2002-06-17,27.025,27
2002-06-18,26.96,27
2002-06-19,26.832,27
2002-06-20,26.737,27
2002-06-21,26.554,27
2002-06-22,26.436,27
2002-06-23,26.39,27
2002-06-24,26.455,27
2002-06-25,26.583,27
2002-06-26,27.002,27
2002-06-27,26.939,27
2002-06-28,26.986,27
2002-06-29,28.02,27
2002-06-30,28.054,27
2002-07-01,28.026,27
2002-07-02,27.947,27
2002-07-03,27.971,27
2002-07-04,27.979,27
2002-07-05,27.992,27
2002-07-06,28.019,27
2002-07-07,28.025,27
2002-07-08,28.046,27
2002-07-09,28.342,27
2002-07-10,28.392,27
2002-07-11,28.35,27
2002-07-12,28.006,27
2002-07-13,27.862,27
2002-07-14,27.989,27
2002-07-15,28.859,27
2002-07-16,28.912,27
2002-07-17,29.04,27
2002-07-18,29.85,27
2002-07-19,29.859,27
2002-07-20,29.743,27
2002-07-21,29.364,27
2002-07-22,29.156,27
2002-07-23,29.107,27
2002-07-24,28.946,27
2002-07-25,28.794,27
2002-07-26,28.683,27
2002-07-27,28.528,27
2002-07-28,28.212,27
2002-07-29,28.108,27
2002-07-30,28.025,27
2002-07-31,27.681,27
2002-08-01,27.666,27
2002-08-02,27.682,27
2002-08-03,27.824,27
2002-08-04,27.955,27
2002-08-05,28.23,27
2002-08-06,28.347,27
2002-08-07,28.213,27
2002-08-08,28.183,27
2002-08-09,28.139,27
2002-08-10,27.561,27
2002-08-11,27.709,27
2002-08-12,27.77,27
2002-08-13,28.047,27
2002-08-14,28.054,27
2002-08-15,28.079,27
2002-08-16,28.281,27
2002-08-17,28.407,27
2002-08-18,28.538,27
2002-08-19,28.57,27
2002-08-20,28.585,27
2002-08-21,28.768,27
2002-08-22,28.933,27
2002-08-23,29.063,27
2002-08-24,29.064,27
2002-08-25,28.889,27
2002-08-26,28.79,27
2002-08-27,28.625,27
2002-08-28,28.537,27
2002-08-29,28.43,27
2002-08-30,28.317,27
2002-08-31,28.224,27
2002-09-01,28.174,27
2002-09-02,28.065,27
2002-09-03,27.979,27
2002-09-04,28.028,27
2002-09-05,28.018,27
2002-09-06,28.104,27
2002-09-07,28.14,27
2002-09-08,28.057,27
2002-09-09,28.003,27
2002-09-10,27.971,27
2002-09-11,27.936,27
2002-09-12,27.964,27
2002-09-13,27.929,27
2002-09-14,27.716,27
2002-09-15,27.727,27
2002-09-16,27.884,27
2002-09-17,28.174,27
2002-09-18,28.333,27
2002-09-19,28.211,27
2002-09-20,28.106,27
2002-09-21,28.007,27
2002-09-22,28.015,27
2002-09-23,27.946,27
2002-09-24,27.896,27
2002-09-25,27.783,27
2002-09-26,27.678,27
2002-09-27,27.991,27
2002-09-28,28.09,27
2002-09-29,28.059,27
2002-09-30,27.869,27
2002-10-01,27.824,27
2002-10-02,27.761,27
2002-10-03,27.708,27
2002-10-04,27.774,27
2002-10-05,27.833,27
2002-10-06,28.108,27
2002-10-07,28.176,27
2002-10-08,28.093,27
2002-10-09,27.663,27
2002-10-10,27.463,27
2002-10-11,27.393,27
2002-10-12,27.386,27
2002-10-13,27.361,27
2002-10-14,27.171,27
2002-10-15,26.827,27
2002-10-16,26.293,27
2002-10-17,25.998,27
2002-10-18,25.856,27
2002-10-19,25.681,27
2002-10-20,25.466,27
2002-10-21,25.424,27
2002-10-22,25.348,27
2002-10-23,25.066,27
2002-10-24,24.77,27
2002-10-25,24.549,27
2002-10-26,24.359,27
2002-10-27,24.283,27
2002-10-28,24.261,27
2002-10-29,24.2,27
2002-10-30,24.332,27
2002-10-31,24.291,27
2002-11-01,24.136,27
2002-11-02,23.856,27
2002-11-03,23.651,27
2002-11-04,23.5,27
2002-11-05,23.413,27
2002-11-06,23.185,27
2002-11-07,22.884,27
2002-11-08,22.724,27
2002-11-09,22.692,27
2002-11-10,22.68,27
2002-11-11,22.702,27
2002-11-12,22.727,27
2002-11-13,21.872,27
2002-11-14,21.909,27
2002-11-15,21.939,27
2002-11-16,21.868,27
2002-11-17,20.997,27
2002-11-18,20.921,27
2002-11-19,20.916,27
2002-11-20,20.553,27
2002-11-21,20.306,27
2002-11-22,20.053,27
2002-11-23,19.765,27
2002-11-24,19.531,27
2002-11-25,19.333,27
2002-11-26,19.244,27
2002-11-27,19.189,27
2002-11-28,19.109,27
2002-11-29,18.599,27
2002-11-30,18.229,27
2002-12-01,17.877,27
2002-12-02,17.009,27
2002-12-03,16.822,27
2002-12-04,16.854,27
2002-12-05,16.88,27
2002-12-06,16.663,27
2002-12-07,16.386,27
2002-12-08,16.284,27
2002-12-09,16.215,27
2002-12-10,16.029,27
2002-12-11,15.631,27
2002-12-12,15.433,27
2002-12-13,15.493,27
2002-12-14,15.458,27
2002-12-15,14.408,27
2002-12-16,14.353,27
2002-12-17,14.356,27
2002-12-18,14.99,27
2002-12-19,15.167,27
2002-12-20,15.142,27
2002-12-21,14.872,27
2002-12-22,14.589,27
2002-12-23,14.583,27
2002-12-24,14.674,27
2002-12-25,14.36,27
2002-12-26,14.357,27
2002-12-27,14.26,27
2002-12-28,13.759,27
2002-12-29,13.65,27
2002-12-30,13.632,27
2002-12-31,13.839,27
2003-01-01,13.835,27
2003-01-02,13.9,27
2003-01-03,13.347,27
2003-01-04,13.49,27
2003-01-05,13.411,27
2003-01-06,13.058,27
2003-01-07,13.105,27
2003-01-08,13.101,27
2003-01-09,13.139,27
2003-01-10,12.733,27
2003-01-11,12.717,27
2003-01-12,12.722,27
2003-01-13,12.576,27
2003-01-14,12.391,27
2003-01-15,12.366,27
2003-01-16,12.333,27
2003-01-17,12.12,27
2003-01-18,11.777,27
2003-01-19,11.303,27
2003-01-20,11.11,27
2003-01-21,11.001,27
2003-01-22,11.118,27
2003-01-23,10.95,27
2003-01-24,10.957,27
2003-01-25,10.989,27
2003-01-26,9.963,27
2003-01-27,10.003,27
2003-01-28,9.957,27
2003-01-29,10.194,27
2003-01-30,10.487,27
2003-01-31,10.548,27
2003-02-01,10.584,27
2003-02-02,10.717,27
2003-02-03,10.944,27
2003-02-04,11.149,27
2003-02-05,11.374,27
2003-02-06,11.445,27
2003-02-07,11.598,27
2003-02-08,11.579,27
2003-02-09,11.62,27
2003-02-10,11.384,27
2003-02-11,11.274,27
2003-02-12,11.269,27
2003-02-13,11.427,27
2003-02-14,11.684,27
2003-02-15,12.013,27
2003-02-16,12.032,27
2003-02-17,12.117,27
2003-02-18,12.081,27
2003-02-19,12.147,27
2003-02-20,12.269,27
2003-02-21,12.319,27
2003-02-22,12.328,27
2003-02-23,12.817,27
2003-02-24,12.877,27
2003-02-25,12.925,27
2003-02-26,12.964,27
2003-02-27,12.814,27
2003-02-28,12.744,27
2003-03-01,12.898,27
2003-03-02,12.975,27
2003-03-03,13.022,27
2003-03-04,13.109,27
2003-03-05,13.353,27
2003-03-06,13.706,27
2003-03-07,13.71,27
2003-03-08,13.521,27
2003-03-09,13.357,27
2003-03-10,13.512,27
2003-03-11,13.826,27
2003-03-12,14.474,27
2003-03-13,14.891,27
2003-03-14,14.662,27
2003-03-15,13.907,27
2003-03-16,13.702,27
2003-03-17,13.723,27
2003-03-18,14.082,27
2003-03-19,14.459,27
2003-03-20,14.974,27
2003-03-21,15.631,27
2003-03-22,16.372,27
2003-03-23,16.719,27
2003-03-24,16.573,27
2003-03-25,17.175,27
2003-03-26,17.631,27
2003-03-27,17.693,27
2003-03-28,17.161,27
2003-03-29,16.956,27
2003-03-30,15.926,27
2003-03-31,15.467,27
2003-04-01,15.566,27
2003-04-02,16.051,27
2003-04-03,16.358,27
2003-04-04,17.336,27
2003-04-05,18.013,27
2003-04-06,18.568,27
2003-04-07,19.201,27
2003-04-08,19.126,27
2003-04-09,18.726,27
2003-04-10,18.008,27
2003-04-11,17.27,27
2003-04-12,17.536,27
2003-04-13,17.894,27
2003-04-14,18.308,27
2003-04-15,19.289,27
2003-04-16,19.486,27
2003-04-17,19.592,27
2003-04-18,20.28,27
2003-04-19,19.44,27
2003-04-20,19.076,27
2003-04-21,19.898,27
2003-04-22,20.283,27
2003-04-23,20.254,27
2003-04-24,19.876,27
2003-04-25,20.047,27
2003-04-26,20.516,27
2003-04-27,20.899,27
2003-04-28,21.21,27
2003-04-29,21.529,27
2003-04-30,21.85,27
2003-05-01,22.341,27
2003-05-02,22.345,27
2003-05-03,22.714,27
2003-05-04,23.371,27
2003-05-05,23.732,27
2003-05-06,23.924,27
2003-05-07,24.159,27
2003-05-08,24.35,27
2003-05-09,24.525,27
2003-05-10,24.632,27
2003-05-11,24.593,27
2003-05-12,24.278,27
2003-05-13,23.97,27
2003-05-14,23.761,27
2003-05-15,23.66,27
2003-05-16,23.89,27
2003-05-17,24.35,27
2003-05-18,24.345,27
2003-05-19,24.104,27
2003-05-20,23.777,27
2003-05-21,23.62,27
2003-05-22,23.699,27
2003-05-23,23.881,27
2003-05-24,24.101,27
2003-05-25,24.266,27
2003-05-26,24.807,27
2003-05-27,25.296,27
2003-05-28,25.398,27
2003-05-29,24.788,27
2003-05-30,24.82,27
2003-05-31,24.857,27
2003-06-01,25.182,27
2003-06-02,25.424,27
2003-06-03,25.521,27
2003-06-04,25.634,27
2003-06-05,25.937,27
2003-06-06,26.227,27
2003-06-07,26.281,27
2003-06-08,26.149,27
2003-06-09,26.244,27
2003-06-10,26.44,27
2003-06-11,27.153,27
2003-06-12,26.941,27
2003-06-13,26.841,27
2003-06-14,26.931,27
2003-06-15,26.998,27
2003-06-16,27.079,27
2003-06-17,27.454,27
2003-06-18,27.282,27
2003-06-19,27.056,27
2003-06-20,26.799,27
2003-06-21,26.857,27
2003-06-22,27.012,27
2003-06-23,27.175,27
2003-06-24,27.89,27
2003-06-25,28.29,27
2003-06-26,28.291,27
2003-06-27,27.663,27
2003-06-28,27.631,27
2003-06-29,27.423,27
2003-06-30,27.324,27
2003-07-01,27.095,27
2003-07-02,26.668,27
2003-07-03,26.425,27
2003-07-04,26.496,27
2003-07-05,26.929,27
2003-07-06,27.318,27
2003-07-07,27.356,27
2003-07-08,27.183,27
2003-07-09,27.223,27
2003-07-10,26.811,27
2003-07-11,26.236,27
2003-07-12,25.569,27
2003-07-13,25.474,27
2003-07-14,25.496,27
2003-07-15,25.56,27
2003-07-16,25.871,27
2003-07-17,25.836,27
2003-07-18,25.998,27
2003-07-19,26.526,27
2003-07-20,26.634,27
2003-07-21,26.722,27
2003-07-22,26.559,27
2003-07-23,25.955,27
2003-07-24,24.844,27
2003-07-25,24.714,27
2003-07-26,24.95,27
2003-07-27,25.468,27
2003-07-28,25.808,27
2003-07-29,25.794,27
2003-07-30,25.898,27
2003-07-31,25.947,27
2003-08-01,26.184,27
2003-08-02,26.369,27
2003-08-03,26.49,27
2003-08-04,26.874,27
2003-08-05,26.917,27
2003-08-06,26.863,27
2003-08-07,26.017,27
2003-08-08,25.55,27
2003-08-09,25.393,27
2003-08-10,25.258,27
2003-08-11,25.47,27
2003-08-12,25.076,27
2003-08-13,24.981,27
2003-08-14,25.831,27
2003-08-15,26.727,27
2003-08-16,26.794,27
2003-08-17,26.875,27
2003-08-18,27.175,27
2003-08-19,27.572,27
2003-08-20,27.78,27
2003-08-21,27.879,27
2003-08-22,27.761,27
2003-08-23,28.177,27
2003-08-24,28.234,27
2003-08-25,28.469,27
2003-08-26,28.567,27
2003-08-27,28.561,27
2003-08-28,28.511,27
2003-08-29,28.291,27
2003-08-30,28,27
2003-08-31,27.968,27
2003-09-01,27.926,27
2003-09-02,27.938,27
2003-09-03,28.024,27
2003-09-04,28.057,27
2003-09-05,27.97,27
2003-09-06,27.781,27
2003-09-07,26.607,27
2003-09-08,25.806,27
2003-09-09,25.703,27
2003-09-10,25.705,27
2003-09-11,25.541,27
2003-09-12,25.54,27
2003-09-13,25.564,27
2003-09-14,25.641,27
2003-09-15,25.663,27
2003-09-16,25.751,27
2003-09-17,25.733,27
2003-09-18,25.647,27
2003-09-19,25.704,27
2003-09-20,25.808,27
2003-09-21,25.916,27
2003-09-22,26.03,27
2003-09-23,26.051,27
2003-09-24,25.996,27
2003-09-25,25.929,27
2003-09-26,25.892,27
2003-09-27,26.096,27
2003-09-28,26.139,27
2003-09-29,25.929,27
2003-09-30,25.435,27
2003-10-01,25.19,27
2003-10-02,24.813,27
2003-10-03,24.756,27
2003-10-04,24.683,27
2003-10-05,24.57,27
2003-10-06,24.543,27
2003-10-07,24.521,27
2003-10-08,24.438,27
2003-10-09,24.425,27
2003-10-10,24.389,27
2003-10-11,24.327,27
2003-10-12,24.291,27
2003-10-13,24.289,27
2003-10-14,24.328,27
2003-10-15,24.344,27
2003-10-16,24.275,27
2003-10-17,23.93,27
2003-10-18,23.763,27
2003-10-19,23.692,27
2003-10-20,23.577,27
2003-10-21,23.532,27
2003-10-22,23.429,27
2003-10-23,23.363,27
2003-10-24,23.29,27
2003-10-25,23.271,27
2003-10-26,23.246,27
2003-10-27,23.249,27
2003-10-28,23.258,27
2003-10-29,23.222,27
2003-10-30,23.189,27
2003-10-31,23.156,27
2003-11-01,23.024,27
2003-11-02,22.95,27
2003-11-03,22.999,27
2003-11-04,23.068,27
2003-11-05,23.634,27
2003-11-06,23.81,27
2003-11-07,23.881,27
2003-11-08,23.838,27
2003-11-09,23.254,27
2003-11-10,22.542,27
2003-11-11,22.257,27
2003-11-12,22.213,27
2003-11-13,22.168,27
2003-11-14,21.292,27
2003-11-15,21.217,27
2003-11-16,21.218,27
2003-11-17,21.307,27
2003-11-18,21.334,27
2003-11-19,21.327,27
2003-11-20,20.983,27
2003-11-21,20.966,27
2003-11-22,20.98,27
2003-11-23,21.05,27
2003-11-24,21.054,27
2003-11-25,21.016,27
2003-11-26,20.749,27
2003-11-27,20.671,27
2003-11-28,20.375,27
2003-11-29,19.987,27
2003-11-30,19.134,27
2003-12-01,19.017,27
2003-12-02,18.996,27
2003-12-03,18.786,27
2003-12-04,18.519,27
2003-12-05,17.993,27
2003-12-06,17.047,27
2003-12-07,17.081,27
2003-12-08,17,27
2003-12-09,16.893,27
2003-12-10,16.842,27
2003-12-11,16.727,27
2003-12-12,16.687,27
2003-12-13,16.637,27
2003-12-14,16.093,27
2003-12-15,16.023,27
2003-12-16,15.918,27
2003-12-17,15.646,27
2003-12-18,15.439,27
2003-12-19,14.531,27
2003-12-20,14.137,27
2003-12-21,14.037,27
2003-12-22,14.004,27
2003-12-23,14.281,27
2003-12-24,14.162,27
2003-12-25,13.959,27
2003-12-26,13.896,27
2003-12-27,13.919,27
2003-12-28,13.824,27
2003-12-29,13.855,27
2003-12-30,13.827,27
2003-12-31,13.827,27
2004-01-01,13.918,27
2004-01-02,14.032,27
2004-01-03,13.965,27
2004-01-04,14.109,27
2004-01-05,14.357,27
2004-01-06,14.261,27
2004-01-07,14.032,27
2004-01-08,13.93,27
2004-01-09,13.878,27
2004-01-10,12.776,27
2004-01-11,12.696,27
2004-01-12,12.57,27
2004-01-13,12.549,27
2004-01-14,12.724,27
2004-01-15,12.691,27
2004-01-16,12.753,27
2004-01-17,12.764,27
2004-01-18,12.859,27
2004-01-19,12.956,27
2004-01-20,12.721,27
2004-01-21,12.571,27
2004-01-22,12.555,27
2004-01-23,12.475,27
2004-01-24,12.553,27
2004-01-25,12.606,27
2004-01-26,12.925,27
2004-01-27,12.235,27
2004-01-28,12.395,27
2004-01-29,12.385,27
2004-01-30,12.188,27
2004-01-31,12.195,27
2004-02-01,12.226,27
2004-02-02,12.054,27
2004-02-03,11.937,27
2004-02-04,11.911,27
2004-02-05,12.217,27
2004-02-06,12.105,27
2004-02-07,11.844,27
2004-02-08,11.78,27
2004-02-09,11.761,27
2004-02-10,11.602,27
2004-02-11,11.724,27
2004-02-12,11.699,27
2004-02-13,11.619,27
2004-02-14,12.232,27
2004-02-15,12.495,27
2004-02-16,12.51,27
2004-02-17,12.146,27
2004-02-18,11.842,27
2004-02-19,11.93,27
2004-02-20,12.329,27
2004-02-21,12.429,27
2004-02-22,12.494,27
2004-02-23,12.884,27
2004-02-24,13.137,27
2004-02-25,13.023,27
2004-02-26,12.819,27
2004-02-27,11.873,27
2004-02-28,11.929,27
2004-02-29,12.051,27
2004-03-01,12.419,27
2004-03-02,12.906,27
2004-03-03,13.237,27
2004-03-04,14.364,27
2004-03-05,14.543,27
2004-03-06,14.727,27
2004-03-07,14.659,27
2004-03-08,13.886,27
2004-03-09,13.743,27
2004-03-10,13.932,27
2004-03-11,13.961,27
2004-03-12,13.626,27
2004-03-13,13.503,27
2004-03-14,13.776,27
2004-03-15,14.702,27
2004-03-16,14.794,27
2004-03-17,14.965,27
2004-03-18,15.053,27
2004-03-19,15.124,27
2004-03-20,15.232,27
2004-03-21,15.413,27
2004-03-22,15.376,27
2004-03-23,15.234,27
2004-03-24,14.872,27
2004-03-25,14.89,27
2004-03-26,15.083,27
2004-03-27,15.334,27
2004-03-28,15.795,27
2004-03-29,16.266,27
2004-03-30,15.89,27
2004-03-31,15.976,27
2004-04-01,15.991,27
2004-04-02,15.919,27
2004-04-03,15.982,27
2004-04-04,16.049,27
2004-04-05,16.209,27
2004-04-06,16.394,27
2004-04-07,16.529,27
2004-04-08,17.518,27
2004-04-09,17.861,27
2004-04-10,18.141,27
2004-04-11,18.446,27
2004-04-12,18.119,27
2004-04-13,18.019,27
2004-04-14,17.736,27
2004-04-15,17.791,27
2004-04-16,17.995,27
2004-04-17,18.619,27
2004-04-18,18.908,27
2004-04-19,18.882,27
2004-04-20,18.906,27
2004-04-21,19.461,27
2004-04-22,19.762,27
2004-04-23,19.885,27
2004-04-24,20.231,27
2004-04-25,21.081,27
2004-04-26,21.095,27
2004-04-27,21.099,27
2004-04-28,20.86,27
2004-04-29,20.798,27
2004-04-30,20.807,27
2004-05-01,21.032,27
2004-05-02,21.189,27
2004-05-03,21.297,27
2004-05-04,21.365,27
2004-05-05,21.406,27
2004-05-06,21.579,27
2004-05-07,22.084,27
2004-05-08,22.226,27
2004-05-09,22.378,27
2004-05-10,22.623,27
2004-05-11,22.906,27
2004-05-12,23.011,27
2004-05-13,23.723,27
2004-05-14,23.813,27
2004-05-15,23.774,27
2004-05-16,23.662,27
2004-05-17,23.907,27
2004-05-18,24.36,27
2004-05-19,24.616,27
2004-05-20,24.567,27
2004-05-21,24.576,27
2004-05-22,24.675,27
2004-05-23,24.907,27
2004-05-24,24.974,27
2004-05-25,25.188,27
2004-05-26,25.456,27
2004-05-27,25.358,27
2004-05-28,25.315,27
2004-05-29,25.414,27
2004-05-30,25.608,27
2004-05-31,25.699,27
2004-06-01,25.714,27
2004-06-02,25.85,27
2004-06-03,25.899,27
2004-06-04,25.807,27
2004-06-05,25.621,27
2004-06-06,25.573,27
2004-06-07,25.798,27
2004-06-08,25.984,27
2004-06-09,26.103,27
2004-06-10,26.19,27
2004-06-11,26.472,27
2004-06-12,26.529,27
2004-06-13,26.578,27
2004-06-14,27.039,27
2004-06-15,27.241,27
2004-06-16,27.38,27
2004-06-17,27.403,27
2004-06-18,27.286,27
2004-06-19,27.257,27
2004-06-20,27.245,27
2004-06-21,27.221,27
2004-06-22,27.211,27
2004-06-23,27.233,27
2004-06-24,27.12,27
2004-06-25,27.084,27
2004-06-26,26.972,27
2004-06-27,26.315,27
2004-06-28,26.147,27
2004-06-29,25.931,27
2004-06-30,26.097,27
2004-07-01,26.366,27
2004-07-02,26.482,27
2004-07-03,25.75,27
2004-07-04,25.577,27
2004-07-05,25.706,27
2004-07-06,26.468,27
2004-07-07,26.889,27
2004-07-08,27.038,27
2004-07-09,26.507,27
2004-07-10,26.927,27
2004-07-11,27.123,27
2004-07-12,27.055,27
2004-07-13,26.83,27
2004-07-14,26.815,27
2004-07-15,26.692,27
2004-07-16,26.47,27
2004-07-17,26.278,27
2004-07-18,26.25,27
2004-07-19,26.54,27
2004-07-20,26.929,27
2004-07-21,27.249,27
2004-07-22,27.352,27
2004-07-23,27.446,27
2004-07-24,27.388,27
2004-07-25,28.012,27
2004-07-26,28.346,27
2004-07-27,28.371,27
2004-07-28,27.998,27
2004-07-29,27.861,27
2004-07-30,27.88,27
2004-07-31,27.943,27
2004-08-01,27.914,27
2004-08-02,28.104,27
2004-08-03,28.415,27
2004-08-04,28.593,27
2004-08-05,28.5,27
2004-08-06,28.129,27
2004-08-07,27.901,27
2004-08-08,27.58,27
2004-08-09,27.684,27
2004-08-10,27.681,27
2004-08-11,27.634,27
2004-08-12,27.523,27
2004-08-13,27.692,27
2004-08-14,27.368,27
2004-08-15,27.406,27
2004-08-16,27.515,27
2004-08-17,27.753,27
2004-08-18,27.819,27
2004-08-19,27.9,27
2004-08-20,28.007,27
2004-08-21,28.097,27
2004-08-22,28.21,27
2004-08-23,28.224,27
2004-08-24,28.167,27
2004-08-25,28.124,27
2004-08-26,28.107,27
2004-08-27,28.102,27
2004-08-28,28.218,27
2004-08-29,28.333,27
2004-08-30,28.459,27
2004-08-31,28.63,27
2004-09-01,28.659,27
2004-09-02,28.497,27
2004-09-03,28.291,27
2004-09-04,28.105,27
2004-09-05,27.999,27
2004-09-06,27.916,27
2004-09-07,27.728,27
2004-09-08,28.068,27
2004-09-09,28.147,27
2004-09-10,28.099,27
2004-09-11,27.877,27
2004-09-12,27.74,27
2004-09-13,27.641,27
2004-09-14,27.553,27
2004-09-15,27.439,27
2004-09-16,27.433,27
2004-09-17,27.557,27
2004-09-18,27.554,27
2004-09-19,27.389,27
2004-09-20,26.83,27
2004-09-21,25.768,27
2004-09-22,25.656,27
2004-09-23,25.68,27
2004-09-24,25.499,27
2004-09-25,24.991,27
2004-09-26,24.873,27
2004-09-27,25.386,27
2004-09-28,25.413,27
2004-09-29,25.541,27
2004-09-30,26.735,27
2004-10-01,26.898,27
2004-10-02,26.996,27
2004-10-03,27.053,27
2004-10-04,27.041,27
2004-10-05,26.826,27
2004-10-06,26.352,27
2004-10-07,26.027,27
2004-10-08,25.792,27
2004-10-09,25.523,27
2004-10-10,25.396,27
2004-10-11,25.263,27
2004-10-12,25.202,27
2004-10-13,25.06,27
2004-10-14,24.848,27
2004-10-15,24.457,27
2004-10-16,24.149,27
2004-10-17,24.131,27
2004-10-18,24.114,27
2004-10-19,24.336,27
2004-10-20,24.538,27
2004-10-21,24.443,27
2004-10-22,24.198,27
2004-10-23,23.836,27
2004-10-24,23.449,27
2004-10-25,23.125,27
2004-10-26,23.22,27
2004-10-27,23.277,27
2004-10-28,23.254,27
2004-10-29,23.711,27
2004-10-30,23.706,27
2004-10-31,23.967,27
2004-11-01,24.349,27
2004-11-02,24.483,27
2004-11-03,24.484,27
2004-11-04,24.105,27
2004-11-05,23.891,27
2004-11-06,23.703,27
2004-11-07,23.531,27
2004-11-08,23.404,27
2004-11-09,23.1,27
2004-11-10,22.72,27
2004-11-11,22.447,27
2004-11-12,22.251,27
2004-11-13,22.095,27
2004-11-14,21.372,27
2004-11-15,20.896,27
2004-11-16,20.67,27
2004-11-17,20.339,27
2004-11-18,20.27,27
2004-11-19,20.24,27
2004-11-20,20.374,27
2004-11-21,20.505,27
2004-11-22,20.504,27
2004-11-23,20.489,27
2004-11-24,20.596,27
2004-11-25,20.508,27
2004-11-26,20.371,27
2004-11-27,20.028,27
2004-11-28,19.718,27
2004-11-29,19.555,27
2004-11-30,19.371,27
2004-12-01,19.171,27
2004-12-02,19.038,27
2004-12-03,18.884,27
2004-12-04,18.638,27
2004-12-05,18.649,27
2004-12-06,18.821,27
2004-12-07,18.909,27
2004-12-08,18.777,27
2004-12-09,19.274,27
2004-12-10,19.494,27
2004-12-11,19.47,27
2004-12-12,19.352,27
2004-12-13,18.504,27
2004-12-14,18.459,27
2004-12-15,18.357,27
2004-12-16,17.36,27
2004-12-17,16.825,27
2004-12-18,16.65,27
2004-12-19,15.781,27
2004-12-20,15.626,27
2004-12-21,15.619,27
2004-12-22,15.94,27
2004-12-23,15.917,27
2004-12-24,15.851,27
2004-12-25,15.733,27
2004-12-26,14.764,27
2004-12-27,14.536,27
2004-12-28,14.447,27
2004-12-29,13.959,27
2004-12-30,13.789,27
2004-12-31,13.932,27
2005-01-01,14.304,27
2005-01-02,14.368,27
2005-01-03,14.368,27
2005-01-04,14.634,27
2005-01-05,14.752,27
2005-01-06,14.773,27
2005-01-07,15.116,27
2005-01-08,15.311,27
2005-01-09,15.381,27
2005-01-10,15.364,27
2005-01-11,15.397,27
2005-01-12,15.691,27
2005-01-13,15.8,27
2005-01-14,15.76,27
2005-01-15,15.43,27
2005-01-16,14.447,27
2005-01-17,13.291,27
2005-01-18,13.246,27
2005-01-19,13.201,27
2005-01-20,12.566,27
2005-01-21,12.702,27
2005-01-22,12.276,27
2005-01-23,11.826,27
2005-01-24,11.709,27
2005-01-25,11.655,27
2005-01-26,11.652,27
2005-01-27,11.599,27
2005-01-28,11.578,27
2005-01-29,11.866,27
2005-01-30,11.552,27
2005-01-31,11.644,27
2005-02-01,11.889,27
2005-02-02,12.154,27
2005-02-03,12.336,27
2005-02-04,12.51,27
2005-02-05,12.204,27
2005-02-06,12.196,27
2005-02-07,12.204,27
2005-02-08,12.056,27
2005-02-09,12.136,27
2005-02-10,12.022,27
2005-02-11,11.723,27
2005-02-12,11.819,27
2005-02-13,11.682,27
2005-02-14,11.796,27
2005-02-15,12.043,27
2005-02-16,12.439,27
2005-02-17,11.957,27
2005-02-18,12.071,27
2005-02-19,12.104,27
2005-02-20,12.426,27
2005-02-21,12.787,27
2005-02-22,13.1,27
2005-02-23,13.426,27
2005-02-24,13.653,27
2005-02-25,13.591,27
2005-02-26,13.525,27
2005-02-27,13.454,27
2005-02-28,13.034,27
2005-03-01,12.926,27
2005-03-02,12.944,27
2005-03-03,12.897,27
2005-03-04,12.838,27
2005-03-05,12.804,27
2005-03-06,12.841,27
2005-03-07,12.953,27
2005-03-08,13.227,27
2005-03-09,13.3,27
2005-03-10,13.228,27
2005-03-11,13.221,27
2005-03-12,13.461,27
2005-03-13,13.522,27
2005-03-14,13.604,27
2005-03-15,13.96,27
2005-03-16,13.947,27
2005-03-17,13.673,27
2005-03-18,13.57,27
2005-03-19,13.529,27
2005-03-20,13.744,27
2005-03-21,13.892,27
2005-03-22,14.104,27
2005-03-23,14.466,27
2005-03-24,14.707,27
2005-03-25,15.029,27
2005-03-26,15.403,27
2005-03-27,15.145,27
2005-03-28,14.934,27
2005-03-29,15.098,27
2005-03-30,15.372,27
2005-03-31,16.553,27
2005-04-01,16.352,27
2005-04-02,15.973,27
2005-04-03,15.986,27
2005-04-04,16.216,27
2005-04-05,16.623,27
2005-04-06,17.777,27
2005-04-07,17.759,27
2005-04-08,17.748,27
2005-04-09,17.74,27
2005-04-10,17.272,27
2005-04-11,17.064,27
2005-04-12,17.624,27
2005-04-13,18.591,27
2005-04-14,18.149,27
2005-04-15,16.502,27
2005-04-16,16.516,27
2005-04-17,16.485,27
2005-04-18,16.528,27
2005-04-19,17.051,27
2005-04-20,18.633,27
2005-04-21,19.709,27
2005-04-22,19.567,27
2005-04-23,18.606,27
2005-04-24,18.273,27
2005-04-25,18.17,27
2005-04-26,17.585,27
2005-04-27,17.88,27
2005-04-28,18.087,27
2005-04-29,18.223,27
2005-04-30,18.356,27
2005-05-01,19.094,27
2005-05-02,19.191,27
2005-05-03,19.312,27
2005-05-04,19.377,27
2005-05-05,19.255,27
2005-05-06,18.697,27
2005-05-07,19.28,27
2005-05-08,20.062,27
2005-05-09,20.3,27
2005-05-10,20.489,27
2005-05-11,21.842,27
2005-05-12,22.065,27
2005-05-13,22.191,27
2005-05-14,23.005,27
2005-05-15,23.094,27
2005-05-16,23.089,27
2005-05-17,23.068,27
2005-05-18,23.638,27
2005-05-19,23.737,27
2005-05-20,23.664,27
2005-05-21,23.235,27
2005-05-22,23.022,27
2005-05-23,22.95,27
2005-05-24,22.861,27
2005-05-25,22.883,27
2005-05-26,22.847,27
2005-05-27,23.222,27
2005-05-28,23.576,27
2005-05-29,23.879,27
2005-05-30,24.331,27
2005-05-31,24.281,27
2005-06-01,24.056,27
2005-06-02,24.046,27
2005-06-03,24.137,27
2005-06-04,24.529,27
2005-06-05,24.849,27
2005-06-06,25.449,27
2005-06-07,25.993,27
2005-06-08,26.412,27
2005-06-09,26.443,27
2005-06-10,26.263,27
2005-06-11,25.988,27
2005-06-12,26.298,27
2005-06-13,26.403,27
2005-06-14,26.541,27
2005-06-15,27.108,27
2005-06-16,27.289,27
2005-06-17,27.399,27
2005-06-18,27.412,27
2005-06-19,26.546,27
2005-06-20,26.458,27
2005-06-21,26.404,27
2005-06-22,26.425,27
2005-06-23,26.471,27
2005-06-24,26.514,27
2005-06-25,26.589,27
2005-06-26,26.766,27
2005-06-27,26.816,27
2005-06-28,26.841,27
2005-06-29,26.956,27
2005-06-30,27.035,27
2005-07-01,27.341,27
2005-07-02,27.718,27
2005-07-03,28.082,27
2005-07-04,28.408,27
2005-07-05,28.474,27
2005-07-06,28.72,27
2005-07-07,28.537,27
2005-07-08,28.443,27
2005-07-09,28.312,27
2005-07-10,28.099,27
2005-07-11,28.244,27
2005-07-12,28.518,27
2005-07-13,28.796,27
2005-07-14,28.845,27
2005-07-15,28.878,27
2005-07-16,29.013,27
2005-07-17,29.285,27
2005-07-18,29.44,27
2005-07-19,29.532,27
2005-07-20,29.94,27
2005-07-21,29.854,27
2005-07-22,29.751,27
2005-07-23,29.367,27
2005-07-24,29.2,27
2005-07-25,29.237,27
2005-07-26,29.405,27
2005-07-27,29.622,27
2005-07-28,29.779,27
2005-07-29,29.849,27
2005-07-30,29.856,27
2005-07-31,29.848,27
2005-08-01,29.677,27
2005-08-02,29.449,27
2005-08-03,29.274,27
2005-08-04,29.25,27
2005-08-05,29.216,27
2005-08-06,29.094,27
2005-08-07,29.264,27
2005-08-08,29.37,27
2005-08-09,29.195,27
2005-08-10,29.193,27
2005-08-11,29.511,27
2005-08-12,29.978,27
2005-08-13,30.105,27
2005-08-14,30.132,27
2005-08-15,30.434,27
2005-08-16,30.517,27
2005-08-17,30.605,27
2005-08-18,30.465,27
2005-08-19,30.531,27
2005-08-20,30.656,27
2005-08-21,30.575,27
2005-08-22,30.493,27
2005-08-23,30.267,27
2005-08-24,30.165,27
2005-08-25,29.917,27
2005-08-26,29.554,27
2005-08-27,29.409,27
2005-08-28,29.438,27
2005-08-29,29.419,27
2005-08-30,29.449,27
2005-08-31,29.764,27
2005-09-01,29.86,27
2005-09-02,29.932,27
2005-09-03,29.843,27
2005-09-04,29.659,27
2005-09-05,29.405,27
2005-09-06,29.114,27
2005-09-07,28.568,27
2005-09-08,28.113,27
2005-09-09,27.391,27
2005-09-10,27.251,27
2005-09-11,27.229,27
2005-09-12,27.196,27
2005-09-13,26.959,27
2005-09-14,26.915,27
2005-09-15,27.273,27
2005-09-16,27.311,27
2005-09-17,27.357,27
2005-09-18,27.467,27
2005-09-19,27.501,27
2005-09-20,27.57,27
2005-09-21,27.588,27
2005-09-22,27.577,27
2005-09-23,27.561,27
2005-09-24,27.73,27
2005-09-25,27.824,27
2005-09-26,27.942,27
2005-09-27,27.974,27
2005-09-28,28.644,27
2005-09-29,28.769,27
2005-09-30,28.565,27
2005-10-01,27.813,27
2005-10-02,27.714,27
2005-10-03,27.712,27
2005-10-04,27.442,27
2005-10-05,27.214,27
2005-10-06,27.031,27
2005-10-07,26.855,27
2005-10-08,26.796,27
2005-10-09,26.757,27
2005-10-10,26.666,27
2005-10-11,26.596,27
2005-10-12,26.48,27
2005-10-13,26.285,27
2005-10-14,26.01,27
2005-10-15,25.87,27
2005-10-16,25.848,27
2005-10-17,25.653,27
2005-10-18,25.684,27
2005-10-19,25.692,27
2005-10-20,25.918,27
2005-10-21,25.947,27
2005-10-22,25.882,27
2005-10-23,25.507,27
2005-10-24,24.497,27
2005-10-25,24.248,27
2005-10-26,23.951,27
2005-10-27,23.083,27
2005-10-28,22.855,27
2005-10-29,22.397,27
2005-10-30,21.903,27
2005-10-31,21.821,27
2005-11-01,21.82,27
2005-11-02,21.857,27
2005-11-03,21.793,27
2005-11-04,21.722,27
2005-11-05,21.523,27
2005-11-06,21.565,27
2005-11-07,22.193,27
2005-11-08,22.137,27
2005-11-09,22.084,27
2005-11-10,21.942,27
2005-11-11,21.709,27
2005-11-12,21.606,27
2005-11-13,21.554,27
2005-11-14,21.633,27
2005-11-15,21.826,27
2005-11-16,21.864,27
2005-11-17,21.529,27
2005-11-18,21.181,27
2005-11-19,20.855,27
2005-11-20,20.525,27
2005-11-21,19.591,27
2005-11-22,19.226,27
2005-11-23,19.137,27
2005-11-24,18.875,27
2005-11-25,18.089,27
2005-11-26,18.036,27
2005-11-27,18.233,27
2005-11-28,18.347,27
2005-11-29,18.396,27
2005-11-30,18.262,27
2005-12-01,18.037,27
2005-12-02,17.677,27
2005-12-03,17.447,27
2005-12-04,17.493,27
2005-12-05,17.547,27
2005-12-06,17.465,27
2005-12-07,17.308,27
2005-12-08,17.231,27
2005-12-09,17.008,27
2005-12-10,16.897,27
2005-12-11,16.183,27
2005-12-12,16.24,27
2005-12-13,16.181,27
2005-12-14,15.751,27
2005-12-15,15.782,27
2005-12-16,15.633,27
2005-12-17,15.453,27
2005-12-18,15.304,27
2005-12-19,14.984,27
2005-12-20,14.781,27
2005-12-21,14.585,27
2005-12-22,14.505,27
2005-12-23,13.933,27
2005-12-24,13.903,27
2005-12-25,14.05,27
2005-12-26,13.485,27
2005-12-27,13.149,27
2005-12-28,13.263,27
2005-12-29,13.347,27
2005-12-30,13.406,27
2005-12-31,13.479,27
2006-01-01,13.69,27
2006-01-02,14.216,27
2006-01-03,14.331,27
2006-01-04,14.357,27
2006-01-05,14.417,27
2006-01-06,14.182,27
2006-01-07,13.98,27
2006-01-08,13.321,27
2006-01-09,13.466,27
2006-01-10,13.436,27
2006-01-11,14.376,27
2006-01-12,14.762,27
2006-01-13,14.69,27
2006-01-14,13.635,27
2006-01-15,13.31,27
2006-01-16,13.257,27
2006-01-17,13.19,27
2006-01-18,13.315,27
2006-01-19,13.374,27
2006-01-20,13.4,27
2006-01-21,13.683,27
2006-01-22,13.887,27
2006-01-23,14.053,27
2006-01-24,13.911,27
2006-01-25,13.965,27
2006-01-26,13.904,27
2006-01-27,13.636,27
2006-01-28,13.71,27
2006-01-29,13.673,27
2006-01-30,13.79,27
2006-01-31,13.868,27
2006-02-01,13.903,27
2006-02-02,14.029,27
2006-02-03,14.124,27
2006-02-04,14.031,27
2006-02-05,13.79,27
2006-02-06,13.796,27
2006-02-07,13.68,27
2006-02-08,13.544,27
2006-02-09,13.4,27
2006-02-10,13.208,27
2006-02-11,13.184,27
2006-02-12,12.848,27
2006-02-13,12.663,27
2006-02-14,12.693,27
2006-02-15,12.807,27
2006-02-16,12.966,27
2006-02-17,13.129,27
2006-02-18,13.733,27
2006-02-19,13.424,27
2006-02-20,13.09,27
2006-02-21,13.117,27
2006-02-22,13.431,27
2006-02-23,13.703,27
2006-02-24,13.795,27
2006-02-25,13.586,27
2006-02-26,13.519,27
2006-02-27,13.314,27
2006-02-28,13.471,27
2006-03-01,13.618,27
2006-03-02,13.962,27
2006-03-03,14.145,27
2006-03-04,14.079,27
2006-03-05,14.066,27
2006-03-06,14.257,27
2006-03-07,14.233,27
2006-03-08,14.133,27
2006-03-09,14.201,27
2006-03-10,14.438,27
2006-03-11,15.427,27
2006-03-12,16.795,27
2006-03-13,17.059,27
2006-03-14,16.899,27
2006-03-15,16.556,27
2006-03-16,16.078,27
2006-03-17,16.424,27
2006-03-18,16.213,27
2006-03-19,15.749,27
2006-03-20,15.476,27
2006-03-21,15.651,27
2006-03-22,15.602,27
2006-03-23,15.414,27
2006-03-24,14.915,27
2006-03-25,14.701,27
2006-03-26,14.589,27
2006-03-27,14.653,27
2006-03-28,14.762,27
2006-03-29,14.96,27
2006-03-30,15.639,27
2006-03-31,15.746,27
2006-04-01,16.049,27
2006-04-02,16.726,27
2006-04-03,17.497,27
2006-04-04,17.516,27
2006-04-05,17.527,27
2006-04-06,17.615,27
2006-04-07,18.229,27
2006-04-08,18.288,27
2006-04-09,18.148,27
2006-04-10,17.812,27
2006-04-11,17.695,27
2006-04-12,17.874,27
2006-04-13,18.534,27
2006-04-14,18.643,27
2006-04-15,18.818,27
2006-04-16,19.306,27
2006-04-17,20.023,27
2006-04-18,20.117,27
2006-04-19,20.131,27
2006-04-20,20.139,27
2006-04-21,20.289,27
2006-04-22,21.065,27
2006-04-23,21.843,27
2006-04-24,21.954,27
2006-04-25,21.808,27
2006-04-26,21.63,27
2006-04-27,21.64,27
2006-04-28,21.518,27
2006-04-29,21.357,27
2006-04-30,21.011,27
2006-05-01,20.903,27
2006-05-02,21.126,27
2006-05-03,21.338,27
2006-05-04,21.579,27
2006-05-05,21.833,27
2006-05-06,21.979,27
2006-05-07,22.307,27
2006-05-08,22.427,27
2006-05-09,22.293,27
2006-05-10,22.169,27
2006-05-11,22.074,27
2006-05-12,22.187,27
2006-05-13,22.287,27
2006-05-14,22.316,27
2006-05-15,22.399,27
2006-05-16,22.506,27
2006-05-17,22.546,27
2006-05-18,22.841,27
2006-05-19,22.98,27
2006-05-20,23.157,27
2006-05-21,23.55,27
2006-05-22,23.817,27
2006-05-23,24.173,27
2006-05-24,24.328,27
2006-05-25,24.555,27
2006-05-26,24.68,27
2006-05-27,24.835,27
2006-05-28,25.097,27
2006-05-29,25.233,27
2006-05-30,25.33,27
2006-05-31,25.586,27
2006-06-01,25.614,27
2006-06-02,25.741,27
2006-06-03,26.066,27
2006-06-04,26.25,27
2006-06-05,26.243,27
2006-06-06,26.228,27
2006-06-07,26.191,27
2006-06-08,26.177,27
2006-06-09,26.251,27
2006-06-10,26.805,27
2006-06-11,26.846,27
2006-06-12,26.887,27
2006-06-13,26.626,27
2006-06-14,26.626,27
2006-06-15,26.763,27
2006-06-16,26.664,27
2006-06-17,26.654,27
2006-06-18,26.633,27
2006-06-19,26.784,27
2006-06-20,27.013,27
2006-06-21,27.247,27
2006-06-22,27.459,27
2006-06-23,27.491,27
2006-06-24,27.526,27
2006-06-25,27.613,27
2006-06-26,27.782,27
2006-06-27,27.903,27
2006-06-28,28.028,27
2006-06-29,28.447,27
2006-06-30,28.711,27
2006-07-01,28.737,27
2006-07-02,28.911,27
2006-07-03,29.07,27
2006-07-04,29.026,27
2006-07-05,29.091,27
2006-07-06,29.078,27
2006-07-07,28.907,27
2006-07-08,28.23,27
2006-07-09,28.162,27
2006-07-10,28.206,27
2006-07-11,28.347,27
2006-07-12,28.434,27
2006-07-13,28.456,27
2006-07-14,28.538,27
2006-07-15,28.669,27
2006-07-16,28.777,27
2006-07-17,29.117,27
2006-07-18,29.364,27
2006-07-19,29.496,27
2006-07-20,29.383,27
2006-07-21,29.217,27
2006-07-22,29.286,27
2006-07-23,29.371,27
2006-07-24,29.493,27
2006-07-25,29.616,27
2006-07-26,29.78,27
2006-07-27,29.819,27
2006-07-28,29.727,27
2006-07-29,29.711,27
2006-07-30,29.629,27
2006-07-31,29.506,27
2006-08-01,29.563,27
2006-08-02,29.529,27
2006-08-03,29.457,27
2006-08-04,29.336,27
2006-08-05,29.195,27
2006-08-06,29.183,27
2006-08-07,29.158,27
2006-08-08,29.142,27
2006-08-09,29.114,27
2006-08-10,29.076,27
2006-08-11,29.048,27
2006-08-12,29.045,27
2006-08-13,28.818,27
2006-08-14,28.773,27
2006-08-15,28.911,27
2006-08-16,29.181,27
2006-08-17,29.17,27
2006-08-18,29.053,27
2006-08-19,29.047,27
2006-08-20,29.06,27
2006-08-21,29.04,27
2006-08-22,29.055,27
2006-08-23,29.146,27
2006-08-24,29.204,27
2006-08-25,29.302,27
2006-08-26,29.316,27
2006-08-27,29.398,27
2006-08-28,29.575,27
2006-08-29,29.626,27
2006-08-30,29.555,27
2006-08-31,29.737,27
2006-09-01,29.802,27
2006-09-02,29.573,27
2006-09-03,29.381,27
2006-09-04,29.323,27
2006-09-05,29.218,27
2006-09-06,29.192,27
2006-09-07,29.22,27
2006-09-08,29,27
2006-09-09,28.838,27
2006-09-10,28.497,27
2006-09-11,28.397,27
2006-09-12,28.301,27
2006-09-13,28.082,27
2006-09-14,27.976,27
2006-09-15,27.955,27
2006-09-16,27.892,27
2006-09-17,27.803,27
2006-09-18,27.805,27
2006-09-19,27.771,27
2006-09-20,27.696,27
2006-09-21,27.671,27
2006-09-22,27.679,27
2006-09-23,27.788,27
2006-09-24,27.828,27
2006-09-25,27.822,27
2006-09-26,27.728,27
2006-09-27,27.706,27
2006-09-28,27.643,27
2006-09-29,27.254,27
2006-09-30,27.181,27
2006-10-01,27.166,27
2006-10-02,27.277,27
2006-10-03,26.966,27
2006-10-04,26.893,27
2006-10-05,26.936,27
2006-10-06,26.925,27
2006-10-07,26.874,27
2006-10-08,26.396,27
2006-10-09,26.037,27
2006-10-10,25.812,27
2006-10-11,25.79,27
2006-10-12,25.646,27
2006-10-13,25.471,27
2006-10-14,25.252,27
2006-10-15,25.007,27
2006-10-16,24.788,27
2006-10-17,24.659,27
2006-10-18,24.633,27
2006-10-19,24.686,27
2006-10-20,24.691,27
2006-10-21,24.696,27
2006-10-22,24.52,27
2006-10-23,24.326,27
2006-10-24,23.873,27
2006-10-25,23.003,27
2006-10-26,22.838,27
2006-10-27,22.767,27
2006-10-28,22.309,27
2006-10-29,22.211,27
2006-10-30,22.184,27
2006-10-31,21.993,27
2006-11-01,22.104,27
2006-11-02,22.109,27
2006-11-03,21.669,27
2006-11-04,21.353,27
2006-11-05,21.115,27
2006-11-06,20.773,27
2006-11-07,20.559,27
2006-11-08,20.393,27
2006-11-09,20.041,27
2006-11-10,19.977,27
2006-11-11,20.09,27
2006-11-12,20.082,27
2006-11-13,19.876,27
2006-11-14,19.774,27
2006-11-15,19.783,27
2006-11-16,19.824,27
2006-11-17,19.567,27
2006-11-18,19.199,27
2006-11-19,18.765,27
2006-11-20,18.744,27
2006-11-21,18.669,27
2006-11-22,18.137,27
2006-11-23,17.383,27
2006-11-24,17.09,27
2006-11-25,16.928,27
2006-11-26,16.889,27
2006-11-27,16.94,27
2006-11-28,17.41,27
2006-11-29,17.47,27
2006-11-30,17.376,27
2006-12-01,17.208,27
2006-12-02,17.202,27
2006-12-03,17.153,27
2006-12-04,17.039,27
2006-12-05,16.933,27
2006-12-06,16.969,27
2006-12-07,16.897,27
2006-12-08,16.217,27
2006-12-09,16.058,27
2006-12-10,15.996,27
2006-12-11,16.079,27
2006-12-12,16.06,27
2006-12-13,16.158,27
2006-12-14,16.572,27
2006-12-15,16.435,27
2006-12-16,16.608,27
2006-12-17,16.576,27
2006-12-18,16.536,27
2006-12-19,16.527,27
2006-12-20,16.639,27
2006-12-21,16.976,27
2006-12-22,17.072,27
2006-12-23,17.148,27
2006-12-24,17.26,27
2006-12-25,17.333,27
2006-12-26,16.883,27
2006-12-27,16.38,27
2006-12-28,16.354,27
2006-12-29,16.324,27
2006-12-30,16.663,27
2006-12-31,16.672,27
2007-01-01,16.659,27
2007-01-02,16.665,27
2007-01-03,16.697,27
2007-01-04,16.749,27
2007-01-05,16.719,27
2007-01-06,16.636,27
2007-01-07,16.714,27
2007-01-08,16.632,27
2007-01-09,16.494,27
2007-01-10,16.467,27
2007-01-11,16.453,27
2007-01-12,16.32,27
2007-01-13,16.432,27
2007-01-14,16.517,27
2007-01-15,16.64,27
2007-01-16,16.603,27
2007-01-17,16.646,27
2007-01-18,16.548,27
2007-01-19,16.254,27
2007-01-20,16.04,27
2007-01-21,15.991,27
2007-01-22,16.001,27
2007-01-23,15.95,27
2007-01-24,15.709,27
2007-01-25,15.397,27
2007-01-26,15.206,27
2007-01-27,15.146,27
2007-01-28,14.67,27
2007-01-29,14.328,27
2007-01-30,14.306,27
2007-01-31,14.357,27
2007-02-01,14.472,27
2007-02-02,14.691,27
2007-02-03,14.621,27
2007-02-04,14.506,27
2007-02-05,14.441,27
2007-02-06,13.509,27
2007-02-07,13.174,27
2007-02-08,13.051,27
2007-02-09,13.069,27
2007-02-10,13.427,27
2007-02-11,13.54,27
2007-02-12,13.705,27
2007-02-13,13.63,27
2007-02-14,13.423,27
2007-02-15,13.412,27
2007-02-16,13.037,27
2007-02-17,12.831,27
2007-02-18,12.836,27
2007-02-19,12.741,27
2007-02-20,12.683,27
2007-02-21,12.618,27
2007-02-22,12.713,27
2007-02-23,12.836,27
2007-02-24,12.913,27
2007-02-25,13.363,27
2007-02-26,13.663,27
2007-02-27,13.901,27
2007-02-28,14.241,27
2007-03-01,14.111,27
2007-03-02,14.261,27
2007-03-03,14.283,27
2007-03-04,13.842,27
2007-03-05,13.81,27
2007-03-06,13.89,27
2007-03-07,14.358,27
2007-03-08,14.456,27
2007-03-09,14.436,27
2007-03-10,14.65,27
2007-03-11,14.794,27
2007-03-12,14.934,27
2007-03-13,15.28,27
2007-03-14,15.549,27
2007-03-15,16.287,27
2007-03-16,16.799,27
2007-03-17,15.823,27
2007-03-18,15.546,27
2007-03-19,15.484,27
2007-03-20,15.835,27
2007-03-21,16.091,27
2007-03-22,16.463,27
2007-03-23,16.695,27
2007-03-24,16.948,27
2007-03-25,17.374,27
2007-03-26,17.889,27
2007-03-27,18.58,27
2007-03-28,18.711,27
2007-03-29,18.596,27
2007-03-30,18.335,27
2007-03-31,18.422,27
2007-04-01,18.922,27
2007-04-02,19.417,27
2007-04-03,19.882,27
2007-04-04,20.153,27
2007-04-05,19.747,27
2007-04-06,19.02,27
2007-04-07,18.738,27
2007-04-08,18.547,27
2007-04-09,18.335,27
2007-04-10,18.683,27
2007-04-11,18.8,27
2007-04-12,18.81,27
2007-04-13,18.815,27
2007-04-14,18.861,27
2007-04-15,18.593,27
2007-04-16,18.479,27
2007-04-17,18.429,27
2007-04-18,18.471,27
2007-04-19,18.787,27
2007-04-20,18.773,27
2007-04-21,18.626,27
2007-04-22,18.972,27
2007-04-23,19.304,27
2007-04-24,19.75,27
2007-04-25,20.077,27
2007-04-26,20.436,27
2007-04-27,20.744,27
2007-04-28,21.185,27
2007-04-29,21.684,27
2007-04-30,22.05,27
2007-05-01,22.067,27
2007-05-02,22.123,27
2007-05-03,22.314,27
2007-05-04,23.366,27
2007-05-05,23.256,27
2007-05-06,22.16,27
2007-05-07,21.514,27
2007-05-08,21.315,27
2007-05-09,21.064,27
2007-05-10,21.097,27
2007-05-11,21.306,27
2007-05-12,21.515,27
2007-05-13,21.718,27
2007-05-14,21.739,27
2007-05-15,21.923,27
2007-05-16,22.507,27
2007-05-17,22.498,27
2007-05-18,22.296,27
2007-05-19,22.661,27
2007-05-20,22.808,27
2007-05-21,22.914,27
2007-05-22,22.964,27
2007-05-23,22.942,27
2007-05-24,22.966,27
2007-05-25,23,27
2007-05-26,23.144,27
2007-05-27,23.472,27
2007-05-28,23.773,27
2007-05-29,24.017,27
2007-05-30,24.167,27
2007-05-31,24.289,27
2007-06-01,24.263,27
2007-06-02,24.168,27
2007-06-03,24.148,27
2007-06-04,24.166,27
2007-06-05,24.337,27
2007-06-06,24.71,27
2007-06-07,25.3,27
2007-06-08,26.653,27
2007-06-09,26.917,27
2007-06-10,27.264,27
2007-06-11,27.123,27
2007-06-12,26.567,27
2007-06-13,26.153,27
2007-06-14,25.513,27
2007-06-15,25.394,27
2007-06-16,25.621,27
2007-06-17,25.873,27
2007-06-18,25.895,27
2007-06-19,25.976,27
2007-06-20,26.259,27
2007-06-21,26.132,27
2007-06-22,26.167,27
2007-06-23,26.419,27
2007-06-24,27.243,27
2007-06-25,27.271,27
2007-06-26,27.72,27
2007-06-27,27.769,27
2007-06-28,27.835,27
2007-06-29,28.272,27
2007-06-30,28.483,27
2007-07-01,28.509,27
2007-07-02,28.295,27
2007-07-03,27.708,27
2007-07-04,27.326,27
2007-07-05,27.345,27
2007-07-06,27.918,27
2007-07-07,28.213,27
2007-07-08,28.236,27
2007-07-09,28.157,27
2007-07-10,28.293,27
2007-07-11,28.373,27
2007-07-12,28.459,27
2007-07-13,28.639,27
2007-07-14,28.698,27
2007-07-15,28.738,27
2007-07-16,28.809,27
2007-07-17,28.804,27
2007-07-18,28.841,27
2007-07-19,28.911,27
2007-07-20,28.922,27
2007-07-21,28.739,27
2007-07-22,28.459,27
2007-07-23,28.278,27
2007-07-24,28.347,27
2007-07-25,28.783,27
2007-07-26,28.977,27
2007-07-27,28.952,27
2007-07-28,28.91,27
2007-07-29,28.819,27
2007-07-30,28.796,27
2007-07-31,28.792,27
2007-08-01,28.784,27
2007-08-02,28.747,27
2007-08-03,28.65,27
2007-08-04,28.631,27
2007-08-05,28.849,27
2007-08-06,29.153,27
2007-08-07,29.593,27
2007-08-08,29.791,27
2007-08-09,29.778,27
2007-08-10,29.709,27
2007-08-11,29.644,27
2007-08-12,29.804,27
2007-08-13,30.107,27
2007-08-14,30.17,27
2007-08-15,30.073,27
2007-08-16,30.012,27
2007-08-17,29.967,27
2007-08-18,29.897,27
2007-08-19,29.957,27
2007-08-20,30.249,27
2007-08-21,30.415,27
2007-08-22,30.321,27
2007-08-23,30.178,27
2007-08-24,30.116,27
2007-08-25,30.004,27
2007-08-26,29.984,27
2007-08-27,30.04,27
2007-08-28,30.023,27
2007-08-29,29.769,27
2007-08-30,29.75,27
2007-08-31,29.651,27
2007-09-01,29.468,27
2007-09-02,29.274,27
2007-09-03,29.106,27
2007-09-04,29.025,27
2007-09-05,28.87,27
2007-09-06,28.807,27
2007-09-07,28.669,27
2007-09-08,28.544,27
2007-09-09,28.579,27
2007-09-10,28.794,27
2007-09-11,28.867,27
2007-09-12,28.913,27
2007-09-13,29.034,27
2007-09-14,29.106,27
2007-09-15,29.029,27
2007-09-16,28.917,27
2007-09-17,28.449,27
2007-09-18,28.033,27
2007-09-19,27.732,27
2007-09-20,27.367,27
2007-09-21,27.197,27
2007-09-22,27.19,27
2007-09-23,27.176,27
2007-09-24,27.283,27
2007-09-25,27.26,27
2007-09-26,27.316,27
2007-09-27,27.467,27
2007-09-28,27.55,27
2007-09-29,27.384,27
2007-09-30,27.105,27
2007-10-01,26.823,27
2007-10-02,26.45,27
2007-10-03,26.298,27
2007-10-04,26.118,27
2007-10-05,25.972,27
2007-10-06,26.086,27
2007-10-07,26.126,27
2007-10-08,26.492,27
2007-10-09,26.974,27
2007-10-10,26.609,27
2007-10-11,26.307,27
2007-10-12,26.137,27
2007-10-13,25.831,27
2007-10-14,25.599,27
2007-10-15,25.509,27
2007-10-16,25.453,27
2007-10-17,25.477,27
2007-10-18,25.543,27
2007-10-19,25.51,27
2007-10-20,25.452,27
2007-10-21,25.416,27
2007-10-22,25.493,27
2007-10-23,25.638,27
2007-10-24,25.659,27
2007-10-25,25.59,27
2007-10-26,25.197,27
2007-10-27,24.99,27
2007-10-28,24.716,27
2007-10-29,24.002,27
2007-10-30,23.78,27
2007-10-31,23.508,27
2007-11-01,23.377,27
2007-11-02,23.28,27
2007-11-03,22.801,27
2007-11-04,22.161,27
2007-11-05,22.057,27
2007-11-06,22.005,27
2007-11-07,21.345,27
2007-11-08,20.891,27
2007-11-09,20.765,27
2007-11-10,20.426,27
2007-11-11,20.29,27
2007-11-12,20.261,27
2007-11-13,20.286,27
2007-11-14,20.264,27
2007-11-15,20.065,27
2007-11-16,19.684,27
2007-11-17,19.401,27
2007-11-18,19.299,27
2007-11-19,19.31,27
2007-11-20,19.583,27
2007-11-21,19.717,27
2007-11-22,19.703,27
2007-11-23,19.284,27
2007-11-24,19.08,27
2007-11-25,18.849,27
2007-11-26,18.715,27
2007-11-27,18.895,27
2007-11-28,18.918,27
2007-11-29,18.847,27
2007-11-30,18.569,27
2007-12-01,18.496,27
2007-12-02,18.449,27
2007-12-03,18.271,27
2007-12-04,18.06,27
2007-12-05,17.728,27
2007-12-06,17.548,27
2007-12-07,17.482,27
2007-12-08,17.655,27
2007-12-09,17.806,27
2007-12-10,17.889,27
2007-12-11,18.155,27
2007-12-12,18.55,27
2007-12-13,18.504,27
2007-12-14,18.543,27
2007-12-15,18.256,27
2007-12-16,17.88,27
2007-12-17,17.813,27
2007-12-18,17.732,27
2007-12-19,17.262,27
2007-12-20,17.273,27
2007-12-21,17.391,27
2007-12-22,17.35,27
2007-12-23,17.213,27
2007-12-24,17.202,27
2007-12-25,17.166,27
2007-12-26,17.153,27
2007-12-27,17.109,27
2007-12-28,17.205,27
2007-12-29,17.355,27
2007-12-30,17.42,27
2007-12-31,17.127,27
2008-01-01,16.902,27
2008-01-02,16.738,27
2008-01-03,16.399,27
2008-01-04,15.38,27
2008-01-05,15.319,27
2008-01-06,15.37,27
2008-01-07,15.479,27
2008-01-08,15.576,27
2008-01-09,15.601,27
2008-01-10,15.669,27
2008-01-11,15.657,27
2008-01-12,15.589,27
2008-01-13,15.553,27
2008-01-14,15.537,27
2008-01-15,15.506,27
2008-01-16,15.329,27
2008-01-17,15.094,27
2008-01-18,14.844,27
2008-01-19,14.584,27
2008-01-20,13.862,27
2008-01-21,13.734,27
2008-01-22,13.741,27
2008-01-23,13.603,27
2008-01-24,13.483,27
2008-01-25,13.383,27
2008-01-26,13.217,27
2008-01-27,13.107,27
2008-01-28,13.177,27
2008-01-29,13.19,27
2008-01-30,13.168,27
2008-01-31,13.295,27
2008-02-01,12.845,27
2008-02-02,12.817,27
2008-02-03,12.837,27
2008-02-04,13.213,27
2008-02-05,13.683,27
2008-02-06,13.769,27
2008-02-07,13.658,27
2008-02-08,13.583,27
2008-02-09,13.616,27
2008-02-10,13.747,27
2008-02-11,13.783,27
2008-02-12,13.911,27
2008-02-13,13.923,27
2008-02-14,13.878,27
2008-02-15,13.887,27
2008-02-16,14.096,27
2008-02-17,14.297,27
2008-02-18,14.357,27
2008-02-19,14.363,27
2008-02-20,14.505,27
2008-02-21,14.608,27
2008-02-22,14.534,27
2008-02-23,15.037,27
2008-02-24,14.99,27
2008-02-25,15.103,27
2008-02-26,15.194,27
2008-02-27,14.759,27
2008-02-28,14.739,27
2008-02-29,14.746,27
2008-03-01,14.806,27
2008-03-02,14.989,27
2008-03-03,15.271,27
2008-03-04,15.481,27
2008-03-05,15.603,27
2008-03-06,15.772,27
2008-03-07,16.099,27
2008-03-08,16.256,27
2008-03-09,16.232,27
2008-03-10,16.2,27
2008-03-11,16.247,27
2008-03-12,16.552,27
2008-03-13,16.647,27
2008-03-14,16.534,27
2008-03-15,16.68,27
2008-03-16,16.944,27
2008-03-17,17.04,27
2008-03-18,17.084,27
2008-03-19,17.257,27
2008-03-20,17.435,27
2008-03-21,17.503,27
2008-03-22,17.618,27
2008-03-23,17.627,27
2008-03-24,17.274,27
2008-03-25,17.149,27
2008-03-26,17.323,27
2008-03-27,17.477,27
2008-03-28,17.655,27
2008-03-29,18.197,27
2008-03-30,18.603,27
2008-03-31,17.847,27
2008-04-01,18.37,27
2008-04-02,18.61,27
2008-04-03,18.856,27
2008-04-04,18.324,27
2008-04-05,18.442,27
2008-04-06,18.791,27
2008-04-07,18.896,27
2008-04-08,18.38,27
2008-04-09,18.374,27
2008-04-10,18.529,27
2008-04-11,19.019,27
2008-04-12,19.456,27
2008-04-13,19.449,27
2008-04-14,19.35,27
2008-04-15,18.3,27
2008-04-16,18.171,27
2008-04-17,18.193,27
2008-04-18,18.414,27
2008-04-19,18.941,27
2008-04-20,19.24,27
2008-04-21,19.541,27
2008-04-22,19.664,27
2008-04-23,19.606,27
2008-04-24,19.554,27
2008-04-25,19.944,27
2008-04-26,21.241,27
2008-04-27,21.492,27
2008-04-28,21.234,27
2008-04-29,20.831,27
2008-04-30,20.708,27
2008-05-01,20.764,27
2008-05-02,20.896,27
2008-05-03,21.97,27
2008-05-04,22.183,27
2008-05-05,22.364,27
2008-05-06,22.366,27
2008-05-07,21.923,27
2008-05-08,21.881,27
2008-05-09,22.005,27
2008-05-10,22.705,27
2008-05-11,22.756,27
2008-05-12,22.398,27
2008-05-13,22.294,27
2008-05-14,22.301,27
2008-05-15,22.315,27
2008-05-16,22.673,27
2008-05-17,22.756,27
2008-05-18,22.804,27
2008-05-19,23.245,27
2008-05-20,23.329,27
2008-05-21,23.364,27
2008-05-22,23.372,27
2008-05-23,23.649,27
2008-05-24,23.737,27
2008-05-25,23.753,27
2008-05-26,23.899,27
2008-05-27,24.175,27
2008-05-28,24.414,27
2008-05-29,24.424,27
2008-05-30,24.528,27
2008-05-31,24.749,27
2008-06-01,24.991,27
2008-06-02,25.291,27
2008-06-03,25.734,27
2008-06-04,25.873,27
2008-06-05,25.967,27
2008-06-06,25.998,27
2008-06-07,26.294,27
2008-06-08,27.066,27
2008-06-09,26.966,27
2008-06-10,27.144,27
2008-06-11,27.39,27
2008-06-12,27.503,27
2008-06-13,27.79,27
2008-06-14,28.127,27
2008-06-15,28.2,27
2008-06-16,27.978,27
2008-06-17,27.913,27
2008-06-18,27.85,27
2008-06-19,27.872,27
2008-06-20,27.852,27
2008-06-21,27.872,27
2008-06-22,27.88,27
2008-06-23,27.902,27
2008-06-24,28.072,27
2008-06-25,28.084,27
2008-06-26,28.091,27
2008-06-27,28.082,27
2008-06-28,28.044,27
2008-06-29,27.83,27
2008-06-30,27.338,27
2008-07-01,27.385,27
2008-07-02,27.358,27
2008-07-03,27.564,27
2008-07-04,27.563,27
2008-07-05,27.47,27
2008-07-06,27.24,27
2008-07-07,27.238,27
2008-07-08,27.167,27
2008-07-09,26.774,27
2008-07-10,26.643,27
2008-07-11,26.592,27
2008-07-12,27.34,27
2008-07-13,27.564,27
2008-07-14,27.592,27
2008-07-15,27.63,27
2008-07-16,27.499,27
2008-07-17,27.551,27
2008-07-18,27.777,27
2008-07-19,28.041,27
2008-07-20,28.32,27
2008-07-21,28.411,27
2008-07-22,28.395,27
2008-07-23,28.2,27
2008-07-24,28.215,27
2008-07-25,28.282,27
2008-07-26,28.3,27
2008-07-27,28.329,27
2008-07-28,28.44,27
2008-07-29,28.558,27
2008-07-30,28.484,27
2008-07-31,27.366,27
2008-08-01,26.867,27
2008-08-02,26.551,27
2008-08-03,26.27,27
2008-08-04,26.076,27
2008-08-05,25.718,27
2008-08-06,25.491,27
2008-08-07,25.394,27
2008-08-08,25.386,27
2008-08-09,25.616,27
2008-08-10,25.94,27
2008-08-11,26.144,27
2008-08-12,26.024,27
2008-08-13,25.829,27
2008-08-14,25.901,27
2008-08-15,25.983,27
2008-08-16,25.951,27
2008-08-17,26.075,27
2008-08-18,26.196,27
2008-08-19,26.188,27
2008-08-20,26.182,27
2008-08-21,26.208,27
2008-08-22,26.207,27
2008-08-23,26.333,27
2008-08-24,26.598,27
2008-08-25,26.805,27
2008-08-26,27.077,27
2008-08-27,27.187,27
2008-08-28,27.246,27
2008-08-29,27.319,27
2008-08-30,27.402,27
2008-08-31,27.551,27
2008-09-01,27.613,27
2008-09-02,27.656,27
2008-09-03,27.631,27
2008-09-04,27.64,27
2008-09-05,27.621,27
2008-09-06,27.913,27
2008-09-07,28.21,27
2008-09-08,28.222,27
2008-09-09,28.086,27
2008-09-10,28.107,27
2008-09-11,28.449,27
2008-09-12,28.744,27
2008-09-13,28.926,27
2008-09-14,28.946,27
2008-09-15,28.791,27
2008-09-16,28.682,27
2008-09-17,28.47,27
2008-09-18,27.988,27
2008-09-19,27.789,27
2008-09-20,27.543,27
2008-09-21,27.246,27
2008-09-22,26.918,27
2008-09-23,26.759,27
2008-09-24,26.1,27
2008-09-25,25.856,27
2008-09-26,25.682,27
2008-09-27,25.353,27
2008-09-28,25.67,27
2008-09-29,26.003,27
2008-09-30,25.692,27
2008-10-01,25.526,27
2008-10-02,25.457,27
2008-10-03,25.22,27
2008-10-04,25.21,27
2008-10-05,25.201,27
2008-10-06,25.051,27
2008-10-07,24.993,27
2008-10-08,25.028,27
2008-10-09,24.981,27
2008-10-10,24.986,27
2008-10-11,24.921,27
2008-10-12,24.827,27
2008-10-13,24.657,27
2008-10-14,24.627,27
2008-10-15,24.644,27
2008-10-16,24.787,27
2008-10-17,24.715,27
2008-10-18,24.534,27
2008-10-19,23.899,27
2008-10-20,23.604,27
2008-10-21,23.444,27
2008-10-22,23.295,27
2008-10-23,23.057,27
2008-10-24,22.862,27
2008-10-25,22.177,27
2008-10-26,22.226,27
2008-10-27,22.051,27
2008-10-28,21.084,27
2008-10-29,20.755,27
2008-10-30,20.708,27
2008-10-31,20.633,27
2008-11-01,20.238,27
2008-11-02,19.997,27
2008-11-03,20.021,27
2008-11-04,20.047,27
2008-11-05,19.59,27
2008-11-06,19.451,27
2008-11-07,19.424,27
2008-11-08,19.227,27
2008-11-09,19.159,27
2008-11-10,19.122,27
2008-11-11,19.041,27
2008-11-12,19.08,27
2008-11-13,19.101,27
2008-11-14,19.351,27
2008-11-15,19.227,27
2008-11-16,18.988,27
2008-11-17,18.771,27
2008-11-18,18.466,27
2008-11-19,17.884,27
2008-11-20,17.52,27
2008-11-21,17.158,27
2008-11-22,16.841,27
2008-11-23,16.252,27
2008-11-24,16.014,27
2008-11-25,16.029,27
2008-11-26,15.974,27
2008-11-27,15.836,27
2008-11-28,15.729,27
2008-11-29,15.76,27
2008-11-30,15.774,27
2008-12-01,15.803,27
2008-12-02,15.576,27
2008-12-03,15.405,27
2008-12-04,15.413,27
2008-12-05,15.513,27
2008-12-06,15.367,27
2008-12-07,15.198,27
2008-12-08,15.219,27
2008-12-09,15.157,27
2008-12-10,15.311,27
2008-12-11,15.343,27
2008-12-12,15.199,27
2008-12-13,15.025,27
2008-12-14,15.003,27
2008-12-15,14.898,27
2008-12-16,15.105,27
2008-12-17,15.255,27
2008-12-18,15.239,27
2008-12-19,15.136,27
2008-12-20,15.11,27
2008-12-21,15.085,27
2008-12-22,14.762,27
2008-12-23,14.576,27
2008-12-24,14.707,27
2008-12-25,14.932,27
2008-12-26,15.105,27
2008-12-27,15.235,27
2008-12-28,15.139,27
2008-12-29,15.025,27
2008-12-30,15.004,27
2008-12-31,14.879,27
2009-01-01,14.659,27
2009-01-02,14.508,27
2009-01-03,14.516,27
2009-01-04,14.779,27
2009-01-05,14.864,27
2009-01-06,15.084,27
2009-01-07,15.188,27
2009-01-08,15.416,27
2009-01-09,15.597,27
2009-01-10,15.639,27
2009-01-11,15.584,27
2009-01-12,15.512,27
2009-01-13,15.04,27
2009-01-14,14.879,27
2009-01-15,14.826,27
2009-01-16,14.047,27
2009-01-17,13.756,27
2009-01-18,13.733,27
2009-01-19,13.626,27
2009-01-20,13.474,27
2009-01-21,13.226,27
2009-01-22,12.968,27
2009-01-23,12.782,27
2009-01-24,12.768,27
2009-01-25,12.739,27
2009-01-26,13.045,27
2009-01-27,13.137,27
2009-01-28,13.196,27
2009-01-29,13.154,27
2009-01-30,13.007,27
2009-01-31,12.816,27
2009-02-01,12.634,27
2009-02-02,12.617,27
2009-02-03,12.605,27
2009-02-04,11.93,27
2009-02-05,11.661,27
2009-02-06,11.747,27
2009-02-07,11.856,27
2009-02-08,11.84,27
2009-02-09,12.002,27
2009-02-10,12.463,27
2009-02-11,12.827,27
2009-02-12,13.022,27
2009-02-13,13.043,27
2009-02-14,13.107,27
2009-02-15,13.048,27
2009-02-16,12.889,27
2009-02-17,12.821,27
2009-02-18,13.266,27
2009-02-19,13.371,27
2009-02-20,12.94,27
2009-02-21,12.916,27
2009-02-22,12.871,27
2009-02-23,12.89,27
2009-02-24,12.796,27
2009-02-25,13.05,27
2009-02-26,13.456,27
2009-02-27,13.54,27
2009-02-28,13.409,27
2009-03-01,13.441,27
2009-03-02,12.94,27
2009-03-03,12.827,27
2009-03-04,12.733,27
2009-03-05,13.195,27
2009-03-06,13.456,27
2009-03-07,13.504,27
2009-03-08,13.88,27
2009-03-09,14.211,27
2009-03-10,15.137,27
2009-03-11,16.148,27
2009-03-12,15.928,27
2009-03-13,15.353,27
2009-03-14,14.934,27
2009-03-15,14.904,27
2009-03-16,15.167,27
2009-03-17,14.925,27
2009-03-18,14.829,27
2009-03-19,14.879,27
2009-03-20,14.907,27
2009-03-21,14.76,27
2009-03-22,14.646,27
2009-03-23,14.619,27
2009-03-24,15.584,27
2009-03-25,15.544,27
2009-03-26,15.683,27
2009-03-27,15.925,27
2009-03-28,16.436,27
2009-03-29,16.557,27
2009-03-30,16.56,27
2009-03-31,16.482,27
2009-04-01,16.541,27
2009-04-02,17.1,27
2009-04-03,17.153,27
2009-04-04,17.226,27
2009-04-05,17.291,27
2009-04-06,17.627,27
2009-04-07,16.913,27
2009-04-08,16.715,27
2009-04-09,17.003,27
2009-04-10,17.559,27
2009-04-11,18.018,27
2009-04-12,18.199,27
2009-04-13,17.797,27
2009-04-14,17.885,27
2009-04-15,17.932,27
2009-04-16,17.703,27
2009-04-17,17.648,27
2009-04-18,17.645,27
2009-04-19,17.609,27
2009-04-20,19.359,27
2009-04-21,19.242,27
2009-04-22,19.175,27
2009-04-23,19.657,27
2009-04-24,20.705,27
2009-04-25,21.77,27
2009-04-26,21.822,27
2009-04-27,21.824,27
2009-04-28,21.493,27
2009-04-29,21.394,27
2009-04-30,21.491,27
2009-05-01,22.117,27
2009-05-02,22.48,27
2009-05-03,22.61,27
2009-05-04,22.821,27
2009-05-05,22.956,27
2009-05-06,23.039,27
2009-05-07,23.994,27
2009-05-08,24.12,27
2009-05-09,24.217,27
2009-05-10,24.415,27
2009-05-11,24.721,27
2009-05-12,24.197,27
2009-05-13,23.962,27
2009-05-14,24.041,27
2009-05-15,24.684,27
2009-05-16,25.004,27
2009-05-17,25.063,27
2009-05-18,24.711,27
2009-05-19,24.01,27
2009-05-20,23.31,27
2009-05-21,23.322,27
2009-05-22,23.357,27
2009-05-23,23.491,27
2009-05-24,23.554,27
2009-05-25,23.374,27
2009-05-26,23.613,27
2009-05-27,23.771,27
2009-05-28,24.327,27
2009-05-29,24.524,27
2009-05-30,25.402,27
2009-05-31,26.381,27
2009-06-01,26.353,27
2009-06-02,26.483,27
2009-06-03,26.517,27
2009-06-04,26.196,27
2009-06-05,25.309,27
2009-06-06,25.447,27
2009-06-07,25.602,27
2009-06-08,26.939,27
2009-06-09,26.966,27
2009-06-10,26.995,27
2009-06-11,27.083,27
2009-06-12,27.168,27
2009-06-13,26.911,27
2009-06-14,26.956,27
2009-06-15,27.159,27
2009-06-16,27.499,27
2009-06-17,27.743,27
2009-06-18,28.216,27
2009-06-19,28.383,27
2009-06-20,28.431,27
2009-06-21,29.05,27
2009-06-22,28.937,27
2009-06-23,28.855,27
2009-06-24,28.735,27
2009-06-25,28.6,27
2009-06-26,28.094,27
2009-06-27,28.199,27
2009-06-28,28.18,27
2009-06-29,28.461,27
2009-06-30,28.456,27
2009-07-01,28.377,27
2009-07-02,28.035,27
2009-07-03,27.803,27
2009-07-04,27.835,27
2009-07-05,28.167,27
2009-07-06,28.29,27
2009-07-07,28.232,27
2009-07-08,27.883,27
2009-07-09,27.701,27
2009-07-10,27.225,27
2009-07-11,27.249,27
2009-07-12,27.364,27
2009-07-13,28.376,27
2009-07-14,28.297,27
2009-07-15,28.285,27
2009-07-16,27.171,27
2009-07-17,27.609,27
2009-07-18,27.868,27
2009-07-19,28.057,27
2009-07-20,27.441,27
2009-07-21,27.876,27
2009-07-22,28.083,27
2009-07-23,28.211,27
2009-07-24,27.96,27
2009-07-25,27.941,27
2009-07-26,27.884,27
2009-07-27,27.804,27
2009-07-28,27.751,27
2009-07-29,27.583,27
2009-07-30,27.381,27
2009-07-31,27.221,27
2009-08-01,27.088,27
2009-08-02,26.91,27
2009-08-03,26.719,27
2009-08-04,26.689,27
2009-08-05,26.662,27
2009-08-06,26.624,27
2009-08-07,26.953,27
2009-08-08,27.51,27
2009-08-09,27.727,27
2009-08-10,27.941,27
2009-08-11,27.613,27
2009-08-12,27.232,27
2009-08-13,27.202,27
2009-08-14,26.681,27
2009-08-15,26.749,27
2009-08-16,27.042,27
2009-08-17,27.597,27
2009-08-18,27.851,27
2009-08-19,27.943,27
2009-08-20,27.939,27
2009-08-21,27.86,27
2009-08-22,27.669,27
2009-08-23,27.375,27
2009-08-24,27.501,27
2009-08-25,27.501,27
2009-08-26,27.444,27
2009-08-27,27.377,27
2009-08-28,27.183,27
2009-08-29,27.549,27
2009-08-30,27.811,27
2009-08-31,27.895,27
2009-09-01,27.485,27
2009-09-02,27.226,27
2009-09-03,27.02,27
2009-09-04,26.946,27
2009-09-05,27.003,27
2009-09-06,26.973,27
2009-09-07,26.913,27
2009-09-08,26.935,27
2009-09-09,26.957,27
2009-09-10,26.937,27
2009-09-11,26.927,27
2009-09-12,26.847,27
2009-09-13,26.641,27
2009-09-14,26.654,27
2009-09-15,26.867,27
2009-09-16,26.954,27
2009-09-17,26.921,27
2009-09-18,27.036,27
2009-09-19,27.08,27
2009-09-20,27.093,27
2009-09-21,26.947,27
2009-09-22,26.839,27
2009-09-23,26.824,27
2009-09-24,27.458,27
2009-09-25,27.546,27
2009-09-26,27.577,27
2009-09-27,27.487,27
2009-09-28,27.493,27
2009-09-29,27.347,27
2009-09-30,27.136,27
2009-10-01,26.999,27
2009-10-02,26.939,27
2009-10-03,26.867,27
2009-10-04,26.678,27
2009-10-05,26.511,27
2009-10-06,26.456,27
2009-10-07,26.72,27
2009-10-08,26.854,27
2009-10-09,26.943,27
2009-10-10,27.071,27
2009-10-11,27.139,27
2009-10-12,27.203,27
2009-10-13,26.82,27
2009-10-14,26.516,27
2009-10-15,26.359,27
2009-10-16,25.766,27
2009-10-17,25.367,27
2009-10-18,24.999,27
2009-10-19,23.768,27
2009-10-20,23.604,27
2009-10-21,23.677,27
2009-10-22,23.646,27
2009-10-23,23.54,27
2009-10-24,23.431,27
2009-10-25,23.31,27
2009-10-26,23.172,27
2009-10-27,23.083,27
2009-10-28,23.167,27
2009-10-29,23.349,27
2009-10-30,23.506,27
2009-10-31,23.52,27
2009-11-01,23.409,27
2009-11-02,22.921,27
2009-11-03,22.68,27
2009-11-04,22.653,27
2009-11-05,22.504,27
2009-11-06,22.287,27
2009-11-07,22.163,27
2009-11-08,22.049,27
2009-11-09,22.049,27
2009-11-10,21.988,27
2009-11-11,21.764,27
2009-11-12,21.323,27
2009-11-13,20.702,27
2009-11-14,20.607,27
2009-11-15,20.567,27
2009-11-16,20.567,27
2009-11-17,20.586,27
2009-11-18,20.465,27
2009-11-19,20.46,27
2009-11-20,20.4,27
2009-11-21,20.219,27
2009-11-22,19.994,27
2009-11-23,19.641,27
2009-11-24,19.429,27
2009-11-25,19.399,27
2009-11-26,19.176,27
2009-11-27,18.516,27
2009-11-28,18.361,27
2009-11-29,18.316,27
2009-11-30,18.37,27
2009-12-01,18.397,27
2009-12-02,18.307,27
2009-12-03,18.164,27
2009-12-04,17.911,27
2009-12-05,17.759,27
2009-12-06,17.699,27
2009-12-07,17.627,27
2009-12-08,17.604,27
2009-12-09,17.596,27
2009-12-10,17.375,27
2009-12-11,16.977,27
2009-12-12,16.853,27
2009-12-13,16.974,27
2009-12-14,17.226,27
2009-12-15,17.313,27
2009-12-16,17.193,27
2009-12-17,16.901,27
2009-12-18,16.896,27
2009-12-19,16.544,27
2009-12-20,16.177,27
2009-12-21,15.756,27
2009-12-22,15.672,27
2009-12-23,15.78,27
2009-12-24,15.786,27
2009-12-25,15.765,27
2009-12-26,15.169,27
2009-12-27,14.747,27
2009-12-28,14.75,27
2009-12-29,14.55,27
2009-12-30,14.402,27
2009-12-31,14.188,27
2010-01-01,13.775,27
2010-01-02,13.954,27
2010-01-03,13.975,27
2010-01-04,13.954,27
2010-01-05,13.051,27
2010-01-06,12.95,27
2010-01-07,12.933,27
2010-01-08,13.08,27
2010-01-09,13.395,27
2010-01-10,13.589,27
2010-01-11,13.768,27
2010-01-12,14.12,27
2010-01-13,14.363,27
2010-01-14,14.559,27
2010-01-15,12.517,27
2010-01-16,11.226,27
2010-01-17,11.503,27
2010-01-18,11.507,27
2010-01-19,11.508,27
2010-01-20,11.619,27
2010-01-21,11.795,27
2010-01-22,12.079,27
2010-01-23,12.362,27
2010-01-24,12.844,27
2010-01-25,12.907,27
2010-01-26,12.938,27
2010-01-27,13.29,27
2010-01-28,13.523,27
2010-01-29,12.759,27
2010-01-30,12.707,27
2010-01-31,12.617,27
2010-02-01,12.739,27
2010-02-02,12.657,27
2010-02-03,12.503,27
2010-02-04,12.401,27
2010-02-05,12.555,27
2010-02-06,12.487,27
2010-02-07,12.429,27
2010-02-08,12.25,27
2010-02-09,12.073,27
2010-02-10,11.518,27
2010-02-11,11.341,27
2010-02-12,11.07,27
2010-02-13,10.807,27
2010-02-14,10.751,27
2010-02-15,10.723,27
2010-02-16,10.538,27
2010-02-17,10.716,27
2010-02-18,10.852,27
2010-02-19,11.558,27
2010-02-20,12.052,27
2010-02-21,12.249,27
2010-02-22,13.104,27
2010-02-23,13.874,27
2010-02-24,11.874,27
2010-02-25,11.112,27
2010-02-26,11.074,27
2010-02-27,10.896,27
2010-02-28,10.57,27
2010-03-01,10.569,27
2010-03-02,10.635,27
2010-03-03,10.691,27
2010-03-04,10.718,27
2010-03-05,10.684,27
2010-03-06,10.566,27
2010-03-07,10.763,27
2010-03-08,11.231,27
2010-03-09,11.851,27
2010-03-10,12.429,27
2010-03-11,12.706,27
2010-03-12,12.739,27
2010-03-13,12.813,27
2010-03-14,12.687,27
2010-03-15,12.313,27
2010-03-16,12.378,27
2010-03-17,12.322,27
2010-03-18,12.779,27
2010-03-19,13.03,27
2010-03-20,13.204,27
2010-03-21,13.129,27
2010-03-22,12.93,27
2010-03-23,13.059,27
2010-03-24,13.127,27
2010-03-25,13.948,27
2010-03-26,14.641,27
2010-03-27,14.445,27
2010-03-28,14.562,27
2010-03-29,14.613,27
2010-03-30,14.876,27
2010-03-31,15.671,27
2010-04-01,16.086,27
2010-04-02,16.396,27
2010-04-03,17.072,27
2010-04-04,18.71,27
2010-04-05,18.73,27
2010-04-06,18.364,27
2010-04-07,18.554,27
2010-04-08,18.477,27
2010-04-09,18.304,27
2010-04-10,17.324,27
2010-04-11,17.555,27
2010-04-12,17.811,27
2010-04-13,18.209,27
2010-04-14,18.341,27
2010-04-15,18.392,27
2010-04-16,18.415,27
2010-04-17,18.454,27
2010-04-18,18.409,27
2010-04-19,18.4,27
2010-04-20,18.598,27
2010-04-21,19.001,27
2010-04-22,20.143,27
2010-04-23,20.329,27
2010-04-24,20.402,27
2010-04-25,20.211,27
2010-04-26,19.844,27
2010-04-27,19.833,27
2010-04-28,19.897,27
2010-04-29,20.162,27
2010-04-30,20.544,27
2010-05-01,20.823,27
2010-05-02,21.063,27
2010-05-03,21.086,27
2010-05-04,21.2,27
2010-05-05,21.582,27
2010-05-06,22.522,27
2010-05-07,22.746,27
2010-05-08,22.751,27
2010-05-09,22.653,27
2010-05-10,22.522,27
2010-05-11,22.793,27
2010-05-12,23.142,27
2010-05-13,23.233,27
2010-05-14,23.193,27
2010-05-15,24.012,27
2010-05-16,23.873,27
2010-05-17,24.35,27
2010-05-18,24.5,27
2010-05-19,24.853,27
2010-05-20,25.15,27
2010-05-21,25.228,27
2010-05-22,25.355,27
2010-05-23,25.461,27
2010-05-24,25.54,27
2010-05-25,24.936,27
2010-05-26,24.926,27
2010-05-27,25.467,27
2010-05-28,25.886,27
2010-05-29,25.931,27
2010-05-30,25.608,27
2010-05-31,26.521,27
2010-06-01,27.007,27
2010-06-02,26.919,27
2010-06-03,26.955,27
2010-06-04,26.944,27
2010-06-05,26.898,27
2010-06-06,26.974,27
2010-06-07,26.972,27
2010-06-08,26.957,27
2010-06-09,27.12,27
2010-06-10,27.157,27
2010-06-11,27.321,27
2010-06-12,27.56,27
2010-06-13,27.493,27
2010-06-14,27.47,27
2010-06-15,27.614,27
2010-06-16,28.27,27
2010-06-17,28.536,27
2010-06-18,28.34,27
2010-06-19,28.296,27
2010-06-20,28.269,27
2010-06-21,28.444,27
2010-06-22,27.831,27
2010-06-23,27.934,27
2010-06-24,27.902,27
2010-06-25,27.444,27
2010-06-26,27.489,27
2010-06-27,27.51,27
2010-06-28,27.854,27
2010-06-29,27.951,27
2010-06-30,27.999,27
2010-07-01,28.071,27
2010-07-02,25.768,27
2010-07-03,25.671,27
2010-07-04,25.729,27
2010-07-05,26.461,27
2010-07-06,27.06,27
2010-07-07,27.334,27
2010-07-08,27.544,27
2010-07-09,27.593,27
2010-07-10,27.676,27
2010-07-11,27.817,27
2010-07-12,27.844,27
2010-07-13,27.806,27
2010-07-14,27.869,27
2010-07-15,27.849,27
2010-07-16,27.839,27
2010-07-17,27.649,27
2010-07-18,27.541,27
2010-07-19,28.358,27
2010-07-20,28.511,27
2010-07-21,28.643,27
2010-07-22,28.715,27
2010-07-23,28.517,27
2010-07-24,28.828,27
2010-07-25,28.913,27
2010-07-26,29.109,27
2010-07-27,29.602,27
2010-07-28,29.779,27
2010-07-29,29.788,27
2010-07-30,29.901,27
2010-07-31,29.695,27
2010-08-01,29.298,27
2010-08-02,30.402,27
2010-08-03,30.474,27
2010-08-04,30.659,27
2010-08-05,29.779,27
2010-08-06,29.506,27
2010-08-07,29.403,27
2010-08-08,29.394,27
2010-08-09,29.161,27
2010-08-10,29.016,27
2010-08-11,29.029,27
2010-08-12,28.692,27
2010-08-13,28.623,27
2010-08-14,28.496,27
2010-08-15,28.463,27
2010-08-16,28.554,27
2010-08-17,28.864,27
2010-08-18,29.17,27
2010-08-19,29.354,27
2010-08-20,29.501,27
2010-08-21,30.603,27
2010-08-22,30.544,27
2010-08-23,30.523,27
2010-08-24,30.28,27
2010-08-25,30.097,27
2010-08-26,29.976,27
2010-08-27,29.874,27
2010-08-28,29.739,27
2010-08-29,29.577,27
2010-08-30,28.675,27
2010-08-31,28.746,27
2010-09-01,28.735,27
2010-09-02,28.731,27
2010-09-03,28.74,27
2010-09-04,28.717,27
2010-09-05,28.667,27
2010-09-06,28.743,27
2010-09-07,28.772,27
2010-09-08,28.72,27
2010-09-09,28.769,27
2010-09-10,29.187,27
2010-09-11,29.336,27
2010-09-12,29.284,27
2010-09-13,28.933,27
2010-09-14,28.93,27
2010-09-15,28.85,27
2010-09-16,28.716,27
2010-09-17,28.665,27
2010-09-18,28.556,27
2010-09-19,28.886,27
2010-09-20,28.927,27
2010-09-21,28.922,27
2010-09-22,28.68,27
2010-09-23,28.684,27
2010-09-24,28.706,27
2010-09-25,28.809,27
2010-09-26,29.116,27
2010-09-27,28.85,27
2010-09-28,28.514,27
2010-09-29,28.317,27
2010-09-30,27.406,27
2010-10-01,27.616,27
2010-10-02,27.374,27
2010-10-03,26.775,27
2010-10-04,26.664,27
2010-10-05,25.777,27
2010-10-06,25.789,27
2010-10-07,25.748,27
2010-10-08,25.769,27
2010-10-09,25.78,27
2010-10-10,25.774,27
2010-10-11,25.705,27
2010-10-12,25.72,27
2010-10-13,25.689,27
2010-10-14,25.222,27
2010-10-15,25.141,27
2010-10-16,25.061,27
2010-10-17,24.65,27
2010-10-18,24.6,27
2010-10-19,24.546,27
2010-10-20,24.431,27
2010-10-21,24.295,27
2010-10-22,24.225,27
2010-10-23,24.171,27
2010-10-24,24.103,27
2010-10-25,23.796,27
2010-10-26,24.314,27
2010-10-27,24.437,27
2010-10-28,24.423,27
2010-10-29,24.212,27
2010-10-30,24.117,27
2010-10-31,24.101,27
2010-11-01,24.075,27
2010-11-02,24.052,27
2010-11-03,24.017,27
2010-11-04,21.913,27
2010-11-05,21.991,27
2010-11-06,21.539,27
2010-11-07,21.258,27
2010-11-08,21.159,27
2010-11-09,20.885,27
2010-11-10,20.739,27
2010-11-11,20.689,27
2010-11-12,20.454,27
2010-11-13,20.246,27
2010-11-14,20.175,27
2010-11-15,20.165,27
2010-11-16,20.184,27
2010-11-17,20.019,27
2010-11-18,19.852,27
2010-11-19,19.815,27
2010-11-20,19.741,27
2010-11-21,19.735,27
2010-11-22,19.85,27
2010-11-23,20.068,27
2010-11-24,20.101,27
2010-11-25,20.146,27
2010-11-26,20.081,27
2010-11-27,19.867,27
2010-11-28,19.599,27
2010-11-29,19.501,27
2010-11-30,19.401,27
2010-12-01,19.133,27
2010-12-02,18.867,27
2010-12-03,18.652,27
2010-12-04,18.273,27
2010-12-05,17.987,27
2010-12-06,16.672,27
2010-12-07,16.458,27
2010-12-08,16.523,27
2010-12-09,16.413,27
2010-12-10,15.89,27
2010-12-11,15.894,27
2010-12-12,16.612,27
2010-12-13,16.826,27
2010-12-14,16.538,27
2010-12-15,16.548,27
2010-12-16,16.383,27
2010-12-17,15.799,27
2010-12-18,15.83,27
2010-12-19,15.829,27
2010-12-20,15.389,27
2010-12-21,14.597,27
2010-12-22,14.448,27
2010-12-23,14.486,27
2010-12-24,14.561,27
2010-12-25,14.706,27
2010-12-26,14.677,27
2010-12-27,14.569,27
2010-12-28,14.075,27
2010-12-29,14.143,27
2010-12-30,14.261,27
2010-12-31,14.726,27
2011-01-01,15.101,27
2011-01-02,15.312,27
2011-01-03,15.551,27
2011-01-04,15.806,27
2011-01-05,15.979,27
2011-01-06,13.591,27
2011-01-07,12.965,27
2011-01-08,12.945,27
2011-01-09,12.946,27
2011-01-10,12.993,27
2011-01-11,12.644,27
2011-01-12,12.859,27
2011-01-13,12.93,27
2011-01-14,13.393,27
2011-01-15,13.56,27
2011-01-16,13.902,27
2011-01-17,14.19,27
2011-01-18,14.48,27
2011-01-19,13.08,27
2011-01-20,12.512,27
2011-01-21,12.379,27
2011-01-22,12.281,27
2011-01-23,12.193,27
2011-01-24,11.86,27
2011-01-25,11.786,27
2011-01-26,12.01,27
2011-01-27,12.462,27
2011-01-28,12.03,27
2011-01-29,11.966,27
2011-01-30,11.381,27
2011-01-31,11.268,27
2011-02-01,11.403,27
2011-02-02,11.429,27
2011-02-03,11.591,27
2011-02-04,11.794,27
2011-02-05,12.278,27
2011-02-06,12.184,27
2011-02-07,11.956,27
2011-02-08,11.774,27
2011-02-09,11.578,27
2011-02-10,11.608,27
2011-02-11,11.615,27
2011-02-12,11.621,27
2011-02-13,11.15,27
2011-02-14,11.236,27
2011-02-15,11.407,27
2011-02-16,12.392,27
2011-02-17,12.769,27
2011-02-18,12.584,27
2011-02-19,12.496,27
2011-02-20,12.57,27
2011-02-21,12.905,27
2011-02-22,13.001,27
2011-02-23,13.139,27
2011-02-24,13.603,27
2011-02-25,13.61,27
2011-02-26,13.713,27
2011-02-27,13.904,27
2011-02-28,14.017,27
2011-03-01,14.081,27
2011-03-02,14.345,27
2011-03-03,14.255,27
2011-03-04,14.425,27
2011-03-05,14.477,27
2011-03-06,14.605,27
2011-03-07,14.71,27
2011-03-08,14.757,27
2011-03-09,14.777,27
2011-03-10,14.768,27
2011-03-11,14.646,27
2011-03-12,14.723,27
2011-03-13,14.871,27
2011-03-14,15.095,27
2011-03-15,15.619,27
2011-03-16,15.785,27
2011-03-17,16.195,27
2011-03-18,16.869,27
2011-03-19,17.143,27
2011-03-20,17.938,27
2011-03-21,17.92,27
2011-03-22,17.678,27
2011-03-23,17.168,27
2011-03-24,17.504,27
2011-03-25,17.568,27
2011-03-26,17.466,27
2011-03-27,17.448,27
2011-03-28,17.329,27
2011-03-29,17.171,27
2011-03-30,17.1,27
2011-03-31,16.987,27
2011-04-01,17.048,27
2011-04-02,17.136,27
2011-04-03,17.476,27
2011-04-04,17.778,27
2011-04-05,17.851,27
2011-04-06,17.867,27
2011-04-07,17.984,27
2011-04-08,19.176,27
2011-04-09,19.986,27
2011-04-10,20.3,27
2011-04-11,20.284,27
2011-04-12,20.084,27
2011-04-13,20.059,27
2011-04-14,20.34,27
2011-04-15,20.413,27
2011-04-16,20.237,27
2011-04-17,19.738,27
2011-04-18,19.854,27
2011-04-19,20.484,27
2011-04-20,20.752,27
2011-04-21,21.193,27
2011-04-22,22.05,27
2011-04-23,22.949,27
2011-04-24,23.454,27
2011-04-25,23.64,27
2011-04-26,23.304,27
2011-04-27,22.878,27
2011-04-28,22.185,27
2011-04-29,22.285,27
2011-04-30,22.646,27
2011-05-01,22.764,27
2011-05-02,22.696,27
2011-05-03,22.694,27
2011-05-04,22.757,27
2011-05-05,22.657,27
2011-05-06,22.504,27
2011-05-07,22.469,27
2011-05-08,22.829,27
2011-05-09,23.067,27
2011-05-10,23.122,27
2011-05-11,23.313,27
2011-05-12,23.424,27
2011-05-13,23.426,27
2011-05-14,23.401,27
2011-05-15,23.536,27
2011-05-16,23.454,27
2011-05-17,23.406,27
2011-05-18,23.349,27
2011-05-19,23.47,27
2011-05-20,24.037,27
2011-05-21,24.345,27
2011-05-22,24.612,27
2011-05-23,24.536,27
2011-05-24,24.65,27
2011-05-25,24.787,27
2011-05-26,24.915,27
2011-05-27,25.403,27
2011-05-28,25.586,27
2011-05-29,25.673,27
2011-05-30,26.272,27
2011-05-31,26.576,27
2011-06-01,26.594,27
2011-06-02,26.624,27
2011-06-03,26.776,27
2011-06-04,26.769,27
2011-06-05,26.732,27
2011-06-06,26.699,27
2011-06-07,26.814,27
2011-06-08,26.894,27
2011-06-09,27.002,27
2011-06-10,27.2,27
2011-06-11,27.39,27
2011-06-12,27.454,27
2011-06-13,27.324,27
2011-06-14,27.216,27
2011-06-15,27.317,27
2011-06-16,27.376,27
2011-06-17,27.385,27
2011-06-18,27.516,27
2011-06-19,27.5,27
2011-06-20,27.557,27
2011-06-21,27.66,27
2011-06-22,27.742,27
2011-06-23,27.643,27
2011-06-24,27.532,27
2011-06-25,27.522,27
2011-06-26,27.506,27
2011-06-27,27.504,27
2011-06-28,27.529,27
2011-06-29,27.605,27
2011-06-30,27.605,27
2011-07-01,27.596,27
2011-07-02,27.637,27
2011-07-03,27.619,27
2011-07-04,27.655,27
2011-07-05,27.431,27
2011-07-06,27.397,27
2011-07-07,27.324,27
2011-07-08,27.275,27
2011-07-09,27.22,27
2011-07-10,27.515,27
2011-07-11,27.677,27
2011-07-12,27.725,27
2011-07-13,27.697,27
2011-07-14,27.606,27
2011-07-15,27.457,27
2011-07-16,27.151,27
2011-07-17,27.207,27
2011-07-18,27.365,27
2011-07-19,27.557,27
2011-07-20,27.88,27
2011-07-21,28.024,27
2011-07-22,28.119,27
2011-07-23,28.231,27
2011-07-24,28.27,27
2011-07-25,28.17,27
2011-07-26,27.887,27
2011-07-27,27.689,27
2011-07-28,27.78,27
2011-07-29,27.498,27
2011-07-30,27.349,27
2011-07-31,27.272,27
2011-08-01,27.248,27
2011-08-02,27.599,27
2011-08-03,27.062,27
2011-08-04,26.646,27
2011-08-05,26.621,27
2011-08-06,27.053,27
2011-08-07,27.421,27
2011-08-08,27.381,27
2011-08-09,27.34,27
2011-08-10,27.486,27
2011-08-11,27.932,27
2011-08-12,28.243,27
2011-08-13,28.302,27
2011-08-14,28.18,27
2011-08-15,28.239,27
2011-08-16,28.346,27
2011-08-17,28.697,27
2011-08-18,28.859,27
2011-08-19,28.953,27
2011-08-20,29.053,27
2011-08-21,29.031,27
2011-08-22,29.106,27
2011-08-23,29.164,27
2011-08-24,29.1,27
2011-08-25,29.049,27
2011-08-26,28.927,27
2011-08-27,28.995,27
2011-08-28,29.116,27
2011-08-29,29.255,27
2011-08-30,29.214,27
2011-08-31,29.088,27
2011-09-01,28.94,27
2011-09-02,28.938,27
2011-09-03,28.873,27
2011-09-04,28.885,27
2011-09-05,28.85,27
2011-09-06,28.722,27
2011-09-07,28.562,27
2011-09-08,28.306,27
2011-09-09,28.261,27
2011-09-10,28.28,27
2011-09-11,28.432,27
2011-09-12,28.439,27
2011-09-13,28.712,27
2011-09-14,28.803,27
2011-09-15,28.66,27
2011-09-16,28.264,27
2011-09-17,28.094,27
2011-09-18,27.604,27
2011-09-19,27.305,27
2011-09-20,27.152,27
2011-09-21,27.09,27
2011-09-22,27.121,27
2011-09-23,27.241,27
2011-09-24,28.131,27
2011-09-25,28.114,27
2011-09-26,27.98,27
2011-09-27,27.912,27
2011-09-28,28.014,27
2011-09-29,28.032,27
2011-09-30,27.715,27
2011-10-01,27.344,27
2011-10-02,26.836,27
2011-10-03,26.596,27
2011-10-04,26.486,27
2011-10-05,26.17,27
2011-10-06,26.051,27
2011-10-07,25.991,27
2011-10-08,25.8,27
2011-10-09,25.17,27
2011-10-10,24.916,27
2011-10-11,24.819,27
2011-10-12,24.89,27
2011-10-13,24.771,27
2011-10-14,24.694,27
2011-10-15,24.651,27
2011-10-16,24.716,27
2011-10-17,24.801,27
2011-10-18,24.782,27
2011-10-19,24.426,27
2011-10-20,23.83,27
2011-10-21,23.512,27
2011-10-22,23.254,27
2011-10-23,23.103,27
2011-10-24,22.888,27
2011-10-25,22.904,27
2011-10-26,22.901,27
2011-10-27,22.894,27
2011-10-28,22.861,27
2011-10-29,22.629,27
2011-10-30,22.455,27
2011-10-31,21.995,27
2011-11-01,20.964,27
2011-11-02,21.053,27
2011-11-03,20.961,27
2011-11-04,20.947,27
2011-11-05,21.002,27
2011-11-06,19.733,27
2011-11-07,19.729,27
2011-11-08,19.736,27
2011-11-09,19.796,27
2011-11-10,19.699,27
2011-11-11,19.45,27
2011-11-12,19.364,27
2011-11-13,19.693,27
2011-11-14,19.939,27
2011-11-15,19.975,27
2011-11-16,19.675,27
2011-11-17,19.545,27
2011-11-18,19.286,27
2011-11-19,19.232,27
2011-11-20,19.376,27
2011-11-21,19.494,27
2011-11-22,19.53,27
2011-11-23,19.098,27
2011-11-24,18.961,27
2011-11-25,18.931,27
2011-11-26,18.937,27
2011-11-27,18.975,27
2011-11-28,18.901,27
2011-11-29,18.591,27
2011-11-30,18.374,27
2011-12-01,18.106,27
2011-12-02,18.004,27
2011-12-03,18.006,27
2011-12-04,18.126,27
2011-12-05,18.35,27
2011-12-06,18.31,27
2011-12-07,17.902,27
2011-12-08,17.76,27
2011-12-09,17.748,27
2011-12-10,17.829,27
2011-12-11,17.699,27
2011-12-12,17.445,27
2011-12-13,17.181,27
2011-12-14,17.373,27
2011-12-15,17.646,27
2011-12-16,17.657,27
2011-12-17,17.216,27
2011-12-18,16.996,27
2011-12-19,16.946,27
2011-12-20,16.973,27
2011-12-21,16.848,27
2011-12-22,16.876,27
2011-12-23,16.951,27
2011-12-24,17.041,27
2011-12-25,17.22,27
2011-12-26,17.352,27
2011-12-27,17.115,27
2011-12-28,16.852,27
2011-12-29,16.599,27
2011-12-30,16.267,27
2011-12-31,16.413,27
2012-01-01,16.604,27
2012-01-02,16.591,27
2012-01-03,16.005,27
2012-01-04,14.777,27
2012-01-05,14.785,27
2012-01-06,15.084,27
2012-01-07,15.152,27
2012-01-08,15.232,27
2012-01-09,15.331,27
2012-01-10,15.357,27
2012-01-11,15.436,27
2012-01-12,15.526,27
2012-01-13,15.489,27
2012-01-14,14.999,27
2012-01-15,14.717,27
2012-01-16,14.721,27
2012-01-17,14.797,27
2012-01-18,14.699,27
2012-01-19,14.549,27
2012-01-20,14.582,27
2012-01-21,14.667,27
2012-01-22,14.959,27
2012-01-23,15.172,27
2012-01-24,15.155,27
2012-01-25,15.279,27
2012-01-26,15.423,27
2012-01-27,15.496,27
2012-01-28,15.476,27
2012-01-29,15.307,27
2012-01-30,15.151,27
2012-01-31,15.163,27
2012-02-01,15.242,27
2012-02-02,15.475,27
2012-02-03,15.491,27
2012-02-04,15.713,27
2012-02-05,15.907,27
2012-02-06,15.697,27
2012-02-07,15.758,27
2012-02-08,15.811,27
2012-02-09,15.787,27
2012-02-10,15.38,27
2012-02-11,15.261,27
2012-02-12,15.231,27
2012-02-13,15.182,27
2012-02-14,14.65,27
2012-02-15,14.713,27
2012-02-16,14.517,27
2012-02-17,14.589,27
2012-02-18,14.989,27
2012-02-19,14.845,27
2012-02-20,14.925,27
2012-02-21,14.907,27
2012-02-22,14.85,27
2012-02-23,14.944,27
2012-02-24,15.106,27
2012-02-25,15.368,27
2012-02-26,15.221,27
2012-02-27,15.272,27
2012-02-28,15.437,27
2012-02-29,15.542,27
2012-03-01,15.688,27
2012-03-02,16.022,27
2012-03-03,16.015,27
2012-03-04,15.76,27
2012-03-05,15.684,27
2012-03-06,15.663,27
2012-03-07,15.694,27
2012-03-08,15.829,27
2012-03-09,15.971,27
2012-03-10,16.018,27
2012-03-11,16.095,27
2012-03-12,16.252,27
2012-03-13,16.751,27
2012-03-14,17.706,27
2012-03-15,17.965,27
2012-03-16,18.075,27
2012-03-17,18.271,27
2012-03-18,18.988,27
2012-03-19,19.762,27
2012-03-20,20.232,27
2012-03-21,20.365,27
2012-03-22,20.93,27
2012-03-23,21.453,27
2012-03-24,20.702,27
2012-03-25,19.591,27
2012-03-26,19.406,27
2012-03-27,19.393,27
2012-03-28,19.506,27
2012-03-29,19.738,27
2012-03-30,19.861,27
2012-03-31,20.357,27
2012-04-01,20.866,27
2012-04-02,21.074,27
2012-04-03,21.263,27
2012-04-04,21.655,27
2012-04-05,21.563,27
2012-04-06,21.03,27
2012-04-07,20.204,27
2012-04-08,20.003,27
2012-04-09,20.125,27
2012-04-10,20.207,27
2012-04-11,20.186,27
2012-04-12,20.097,27
2012-04-13,20.062,27
2012-04-14,20.246,27
2012-04-15,20.701,27
2012-04-16,21.066,27
2012-04-17,21.254,27
2012-04-18,21.4,27
2012-04-19,21.551,27
2012-04-20,21.362,27
2012-04-21,21.264,27
2012-04-22,21.231,27
2012-04-23,21.027,27
2012-04-24,20.698,27
2012-04-25,20.357,27
2012-04-26,20.547,27
2012-04-27,20.813,27
2012-04-28,21.346,27
2012-04-29,22.021,27
2012-04-30,22.442,27
2012-05-01,22.979,27
2012-05-02,23.581,27
2012-05-03,23.778,27
2012-05-04,23.481,27
2012-05-05,23.286,27
2012-05-06,23.263,27
2012-05-07,23.168,27
2012-05-08,23.16,27
2012-05-09,23.394,27
2012-05-10,23.506,27
2012-05-11,23.59,27
2012-05-12,23.673,27
2012-05-13,23.634,27
2012-05-14,23.941,27
2012-05-15,24.132,27
2012-05-16,24.261,27
2012-05-17,24.39,27
2012-05-18,24.404,27
2012-05-19,24.293,27
2012-05-20,24.105,27
2012-05-21,23.791,27
2012-05-22,23.983,27
2012-05-23,24.389,27
2012-05-24,24.502,27
2012-05-25,24.709,27
2012-05-26,24.819,27
2012-05-27,24.881,27
2012-05-28,24.889,27
2012-05-29,25.199,27
2012-05-30,25.409,27
2012-05-31,25.472,27
2012-06-01,25.573,27
2012-06-02,25.633,27
2012-06-03,25.578,27
2012-06-04,25.601,27
2012-06-05,25.708,27
2012-06-06,25.605,27
2012-06-07,25.486,27
2012-06-08,25.342,27
2012-06-09,25.238,27
2012-06-10,25.279,27
2012-06-11,25.39,27
2012-06-12,25.543,27
2012-06-13,25.762,27
2012-06-14,25.867,27
2012-06-15,25.704,27
2012-06-16,25.621,27
2012-06-17,25.713,27
2012-06-18,25.795,27
2012-06-19,25.894,27
2012-06-20,26.05,27
2012-06-21,26.135,27
2012-06-22,26.333,27
2012-06-23,26.522,27
2012-06-24,26.612,27
2012-06-25,26.601,27
2012-06-26,26.385,27
2012-06-27,26.258,27
2012-06-28,26.335,27
2012-06-29,26.441,27
2012-06-30,26.646,27
2012-07-01,26.96,27
2012-07-02,27.193,27
2012-07-03,27.349,27
2012-07-04,27.438,27
2012-07-05,27.484,27
2012-07-06,27.76,27
2012-07-07,28.051,27
2012-07-08,28.169,27
2012-07-09,28.192,27
2012-07-10,28.134,27
2012-07-11,28.089,27
2012-07-12,28.09,27
2012-07-13,28.12,27
2012-07-14,28.219,27
2012-07-15,28.484,27
2012-07-16,28.638,27
2012-07-17,28.59,27
2012-07-18,28.487,27
2012-07-19,28.396,27
2012-07-20,28.197,27
2012-07-21,28.357,27
2012-07-22,28.413,27
2012-07-23,28.65,27
2012-07-24,28.719,27
2012-07-25,28.718,27
2012-07-26,28.619,27
2012-07-27,28.519,27
2012-07-28,28.341,27
2012-07-29,28.142,27
2012-07-30,28.025,27
2012-07-31,27.804,27
2012-08-01,27.845,27
2012-08-02,27.94,27
2012-08-03,27.979,27
2012-08-04,28.054,27
2012-08-05,28.066,27
2012-08-06,28.083,27
2012-08-07,28.086,27
2012-08-08,28.058,27
2012-08-09,27.977,27
2012-08-10,27.865,27
2012-08-11,27.773,27
2012-08-12,27.764,27
2012-08-13,27.83,27
2012-08-14,27.715,27
2012-08-15,27.545,27
2012-08-16,27.392,27
2012-08-17,27.234,27
2012-08-18,27.106,27
2012-08-19,27.03,27
2012-08-20,26.97,27
2012-08-21,26.867,27
2012-08-22,26.764,27
2012-08-23,26.73,27
2012-08-24,26.715,27
2012-08-25,26.774,27
2012-08-26,26.713,27
2012-08-27,26.795,27
2012-08-28,26.881,27
2012-08-29,27.018,27
2012-08-30,27.286,27
2012-08-31,27.553,27
2012-09-01,27.823,27
2012-09-02,27.783,27
2012-09-03,27.707,27
2012-09-04,27.754,27
2012-09-05,27.854,27
2012-09-06,28.021,27
2012-09-07,28.031,27
2012-09-08,27.927,27
2012-09-09,27.75,27
2012-09-10,27.568,27
2012-09-11,27.462,27
2012-09-12,27.286,27
2012-09-13,27.174,27
2012-09-14,27.097,27
2012-09-15,26.993,27
2012-09-16,27.096,27
2012-09-17,27.131,27
2012-09-18,27.091,27
2012-09-19,27.053,27
2012-09-20,26.924,27
2012-09-21,27.068,27
2012-09-22,27.029,27
2012-09-23,26.996,27
2012-09-24,26.841,27
2012-09-25,26.623,27
2012-09-26,26.543,27
2012-09-27,26.559,27
2012-09-28,26.651,27
2012-09-29,26.754,27
2012-09-30,26.753,27
2012-10-01,26.764,27
2012-10-02,26.813,27
2012-10-03,26.932,27
2012-10-04,27.024,27
2012-10-05,27.034,27
2012-10-06,27.019,27
2012-10-07,27.088,27
2012-10-08,26.956,27
2012-10-09,26.259,27
2012-10-10,26.182,27
2012-10-11,26.13,27
2012-10-12,26.077,27
2012-10-13,25.938,27
2012-10-14,25.861,27
2012-10-15,25.557,27
2012-10-16,25.412,27
2012-10-17,25.198,27
2012-10-18,24.956,27
2012-10-19,24.836,27
2012-10-20,24.654,27
2012-10-21,24.567,27
2012-10-22,24.545,27
2012-10-23,24.443,27
2012-10-24,24.284,27
2012-10-25,24.284,27
2012-10-26,24.176,27
2012-10-27,23.647,27
2012-10-28,23.256,27
2012-10-29,22.737,27
2012-10-30,21.786,27
2012-10-31,21.131,27
2012-11-01,20.679,27
2012-11-02,20.485,27
2012-11-03,20.423,27
2012-11-04,20.346,27
2012-11-05,20.262,27
2012-11-06,19.643,27
2012-11-07,19.413,27
2012-11-08,19.396,27
2012-11-09,19.127,27
2012-11-10,19.107,27
2012-11-11,19.184,27
2012-11-12,19.387,27
2012-11-13,19.343,27
2012-11-14,19.163,27
2012-11-15,18.817,27
2012-11-16,18.513,27
2012-11-17,18.316,27
2012-11-18,18.121,27
2012-11-19,17.715,27
2012-11-20,17.555,27
2012-11-21,17.441,27
2012-11-22,17.179,27
2012-11-23,16.964,27
2012-11-24,16.683,27
2012-11-25,16.532,27
2012-11-26,16.391,27
2012-11-27,16.474,27
2012-11-28,16.521,27
2012-11-29,16.448,27
2012-11-30,16.335,27
2012-12-01,16.339,27
2012-12-02,16.406,27
2012-12-03,16.599,27
2012-12-04,16.357,27
2012-12-05,16.396,27
2012-12-06,16.409,27
2012-12-07,16.529,27
2012-12-08,16.782,27
2012-12-09,16.855,27
2012-12-10,16.903,27
2012-12-11,16.852,27
2012-12-12,16.895,27
2012-12-13,16.943,27
2012-12-14,17.039,27
2012-12-15,17.36,27
2012-12-16,17.761,27
2012-12-17,17.519,27
2012-12-18,17.323,27
2012-12-19,17.265,27
2012-12-20,17.176,27
2012-12-21,16.681,27
2012-12-22,16.024,27
2012-12-23,15.659,27
2012-12-24,15.284,27
2012-12-25,15.078,27
2012-12-26,14.985,27
2012-12-27,14.767,27
2012-12-28,14.812,27
2012-12-29,14.519,27
2012-12-30,14.403,27
2012-12-31,14.266,27
2013-01-01,14.379,27
2013-01-02,14.418,27
2013-01-03,14.387,27
2013-01-04,14.477,27
2013-01-05,14.334,27
2013-01-06,14.373,27
2013-01-07,14.545,27
2013-01-08,14.823,27
2013-01-09,15.5,27
2013-01-10,17.057,27
2013-01-11,16.259,27
2013-01-12,16.05,27
2013-01-13,16.109,27
2013-01-14,16.441,27
2013-01-15,16.508,27
2013-01-16,16.454,27
2013-01-17,16.389,27
2013-01-18,16.396,27
2013-01-19,16.459,27
2013-01-20,16.456,27
2013-01-21,16.414,27
2013-01-22,16.012,27
2013-01-23,15.887,27
2013-01-24,15.823,27
2013-01-25,15.777,27
2013-01-26,15.657,27
2013-01-27,15.483,27
2013-01-28,15.641,27
2013-01-29,15.603,27
2013-01-30,15.524,27
2013-01-31,15.5,27
2013-02-01,15.556,27
2013-02-02,15.51,27
2013-02-03,15.317,27
2013-02-04,15.179,27
2013-02-05,15.312,27
2013-02-06,15.081,27
2013-02-07,15.134,27
2013-02-08,14.735,27
2013-02-09,14.846,27
2013-02-10,14.919,27
2013-02-11,14.969,27
2013-02-12,14.904,27
2013-02-13,14.893,27
2013-02-14,14.947,27
2013-02-15,14.918,27
2013-02-16,14.76,27
2013-02-17,14.596,27
2013-02-18,14.394,27
2013-02-19,14.171,27
2013-02-20,14.031,27
2013-02-21,14.015,27
2013-02-22,14.124,27
2013-02-23,14.446,27
2013-02-24,14.551,27
2013-02-25,14.577,27
2013-02-26,14.525,27
2013-02-27,14.53,27
2013-02-28,14.609,27
2013-03-01,14.563,27
2013-03-02,14.317,27
2013-03-03,14.174,27
2013-03-04,14.017,27
2013-03-05,13.854,27
2013-03-06,13.859,27
2013-03-07,13.869,27
2013-03-08,13.836,27
2013-03-09,13.887,27
2013-03-10,13.977,27
2013-03-11,14.135,27
2013-03-12,14.298,27
2013-03-13,14.332,27
2013-03-14,14.266,27
2013-03-15,14.209,27
2013-03-16,14.445,27
2013-03-17,14.699,27
2013-03-18,15.116,27
2013-03-19,16.112,27
2013-03-20,15.57,27
2013-03-21,15.017,27
2013-03-22,14.87,27
2013-03-23,14.867,27
2013-03-24,14.875,27
2013-03-25,14.847,27
2013-03-26,14.723,27
2013-03-27,14.586,27
2013-03-28,14.452,27
2013-03-29,14.594,27
2013-03-30,14.691,27
2013-03-31,15.033,27
2013-04-01,15.868,27
2013-04-02,16.099,27
2013-04-03,16.02,27
2013-04-04,15.932,27
2013-04-05,15.619,27
2013-04-06,15.807,27
2013-04-07,16.157,27
2013-04-08,17.058,27
2013-04-09,17.431,27
2013-04-10,17.753,27
2013-04-11,18.054,27
2013-04-12,18.15,27
2013-04-13,18.393,27
2013-04-14,19.143,27
2013-04-15,19.051,27
2013-04-16,18.951,27
2013-04-17,18.733,27
2013-04-18,18.99,27
2013-04-19,19.164,27
2013-04-20,18.883,27
2013-04-21,18.381,27
2013-04-22,17.951,27
2013-04-23,18.206,27
2013-04-24,18.479,27
2013-04-25,18.967,27
2013-04-26,19.116,27
2013-04-27,18.991,27
2013-04-28,19.054,27
2013-04-29,19.251,27
2013-04-30,19.487,27
2013-05-01,19.535,27
2013-05-02,19.534,27
2013-05-03,19.566,27
2013-05-04,19.534,27
2013-05-05,19.617,27
2013-05-06,19.672,27
2013-05-07,19.873,27
2013-05-08,20.244,27
2013-05-09,20.63,27
2013-05-10,21.159,27
2013-05-11,21.768,27
2013-05-12,21.939,27
2013-05-13,21.887,27
2013-05-14,21.855,27
2013-05-15,21.823,27
2013-05-16,21.808,27
2013-05-17,22.24,27
2013-05-18,22.58,27
2013-05-19,22.859,27
2013-05-20,23.209,27
2013-05-21,23.936,27
2013-05-22,24.267,27
2013-05-23,24.297,27
2013-05-24,23.888,27
2013-05-25,23.625,27
2013-05-26,23.583,27
2013-05-27,23.634,27
2013-05-28,23.557,27
2013-05-29,23.62,27
2013-05-30,23.995,27
2013-05-31,24.523,27
2013-06-01,24.67,27
2013-06-02,24.809,27
2013-06-03,25.065,27
2013-06-04,25.461,27
2013-06-05,25.724,27
2013-06-06,25.699,27
2013-06-07,25.651,27
2013-06-08,25.686,27
2013-06-09,25.779,27
2013-06-10,26.251,27
2013-06-11,26.346,27
2013-06-12,26.573,27
2013-06-13,26.867,27
2013-06-14,26.953,27
2013-06-15,26.835,27
2013-06-16,26.714,27
2013-06-17,26.871,27
2013-06-18,27.046,27
2013-06-19,27.054,27
2013-06-20,26.89,27
2013-06-21,26.922,27
2013-06-22,26.989,27
2013-06-23,27.104,27
2013-06-24,27.282,27
2013-06-25,27.482,27
2013-06-26,27.738,27
2013-06-27,27.769,27
2013-06-28,27.793,27
2013-06-29,27.428,27
2013-06-30,27.414,27
2013-07-01,27.284,27
2013-07-02,27.104,27
2013-07-03,26.857,27
2013-07-04,26.833,27
2013-07-05,26.885,27
2013-07-06,27.022,27
2013-07-07,27.072,27
2013-07-08,27.253,27
2013-07-09,27.389,27
2013-07-10,27.451,27
2013-07-11,27.274,27
2013-07-12,27.121,27
2013-07-13,27.035,27
2013-07-14,26.816,27
2013-07-15,26.931,27
2013-07-16,27.145,27
2013-07-17,27.574,27
2013-07-18,27.988,27
2013-07-19,28.181,27
2013-07-20,28.16,27
2013-07-21,28.01,27
2013-07-22,27.64,27
2013-07-23,27.124,27
2013-07-24,26.95,27
2013-07-25,26.831,27
2013-07-26,27.251,27
2013-07-27,27.467,27
2013-07-28,27.587,27
2013-07-29,27.562,27
2013-07-30,27.683,27
2013-07-31,27.841,27
2013-08-01,28.167,27
2013-08-02,28.094,27
2013-08-03,28.082,27
2013-08-04,28.039,27
2013-08-05,27.964,27
2013-08-06,27.947,27
2013-08-07,27.977,27
2013-08-08,28.027,27
2013-08-09,28.19,27
2013-08-10,28.325,27
2013-08-11,28.411,27
2013-08-12,28.549,27
2013-08-13,28.39,27
2013-08-14,28.23,27
2013-08-15,28.176,27
2013-08-16,28.283,27
2013-08-17,28.243,27
2013-08-18,28.121,27
2013-08-19,28.092,27
2013-08-20,28.081,27
2013-08-21,28.136,27
2013-08-22,28.185,27
2013-08-23,28.023,27
2013-08-24,28.033,27
2013-08-25,27.554,27
2013-08-26,27.201,27
2013-08-27,27.317,27
2013-08-28,27.756,27
2013-08-29,28.211,27
2013-08-30,28.299,27
2013-08-31,28.438,27
2013-09-01,28.57,27
2013-09-02,28.636,27
2013-09-03,28.669,27
2013-09-04,28.664,27
2013-09-05,28.747,27
2013-09-06,28.726,27
2013-09-07,28.701,27
2013-09-08,28.724,27
2013-09-09,28.714,27
2013-09-10,28.578,27
2013-09-11,28.495,27
2013-09-12,28.444,27
2013-09-13,28.47,27
2013-09-14,28.516,27
2013-09-15,28.573,27
2013-09-16,28.624,27
2013-09-17,28.149,27
2013-09-18,27.699,27
2013-09-19,27.628,27
2013-09-20,27.664,27
2013-09-21,27.519,27
2013-09-22,27.48,27
2013-09-23,27.339,27
2013-09-24,27.116,27
2013-09-25,26.873,27
2013-09-26,26.601,27
2013-09-27,26.457,27
2013-09-28,26.231,27
2013-09-29,25.884,27
2013-09-30,25.672,27
2013-10-01,25.609,27
2013-10-02,25.547,27
2013-10-03,25.636,27
2013-10-04,25.82,27
2013-10-05,25.928,27
2013-10-06,26.041,27
2013-10-07,26.137,27
2013-10-08,25.936,27
2013-10-09,25.414,27
2013-10-10,25.312,27
2013-10-11,25.331,27
2013-10-12,25.323,27
2013-10-13,25.186,27
2013-10-14,24.878,27
2013-10-15,24.789,27
2013-10-16,24.887,27
2013-10-17,24.948,27
2013-10-18,25.041,27
2013-10-19,25.007,27
2013-10-20,24.913,27
2013-10-21,24.671,27
2013-10-22,24.424,27
2013-10-23,24.206,27
2013-10-24,23.906,27
2013-10-25,23.636,27
2013-10-26,23.18,27
2013-10-27,22.94,27
2013-10-28,22.922,27
2013-10-29,22.901,27
2013-10-30,22.913,27
2013-10-31,22.897,27
2013-11-01,22.917,27
2013-11-02,22.739,27
2013-11-03,22.57,27
2013-11-04,22.456,27
2013-11-05,21.993,27
2013-11-06,21.653,27
2013-11-07,21.451,27
2013-11-08,21.264,27
2013-11-09,21.036,27
2013-11-10,20.708,27
2013-11-11,20.658,27
2013-11-12,20.371,27
2013-11-13,19.747,27
2013-11-14,19.449,27
2013-11-15,19.361,27
2013-11-16,19.459,27
2013-11-17,19.453,27
2013-11-18,19.231,27
2013-11-19,19.138,27
2013-11-20,18.953,27
2013-11-21,18.948,27
2013-11-22,18.903,27
2013-11-23,18.85,27
2013-11-24,18.652,27
2013-11-25,18.261,27
2013-11-26,18.029,27
2013-11-27,17.453,27
2013-11-28,17.337,27
2013-11-29,17.157,27
2013-11-30,16.918,27
2013-12-01,16.641,27
2013-12-02,16.51,27
2013-12-03,16.415,27
2013-12-04,16.548,27
2013-12-05,16.748,27
2013-12-06,16.959,27
2013-12-07,16.989,27
2013-12-08,16.988,27
2013-12-09,17.18,27
2013-12-10,16.915,27
2013-12-11,16.493,27
2013-12-12,16.542,27
2013-12-13,16.504,27
2013-12-14,16.397,27
2013-12-15,15.921,27
2013-12-16,15.936,27
2013-12-17,15.926,27
2013-12-18,15.923,27
2013-12-19,15.825,27
2013-12-20,15.709,27
2013-12-21,16.144,27
2013-12-22,16.141,27
2013-12-23,16.157,27
2013-12-24,16.101,27
2013-12-25,16.194,27
2013-12-26,16.209,27
2013-12-27,16.322,27
2013-12-28,16.077,27
2013-12-29,16.063,27
2013-12-30,15.978,27
2013-12-31,15.914,27
2014-01-01,16.079,27
2014-01-02,15.951,27
2014-01-03,15.989,27
2014-01-04,16.042,27
2014-01-05,16.174,27
2014-01-06,16.009,27
2014-01-07,15.595,27
2014-01-08,15.123,27
2014-01-09,14.937,27
2014-01-10,14.986,27
2014-01-11,14.572,27
2014-01-12,14.501,27
2014-01-13,14.409,27
2014-01-14,14.336,27
2014-01-15,14.354,27
2014-01-16,14.261,27
2014-01-17,13.878,27
2014-01-18,13.771,27
2014-01-19,13.364,27
2014-01-20,13.044,27
2014-01-21,12.825,27
2014-01-22,12.824,27
2014-01-23,12.529,27
2014-01-24,12.233,27
2014-01-25,12.015,27
2014-01-26,11.944,27
2014-01-27,11.973,27
2014-01-28,11.928,27
2014-01-29,12.2,27
2014-01-30,10.99,27
2014-01-31,11.1,27
2014-02-01,11.183,27
2014-02-02,11.139,27
2014-02-03,11.271,27
2014-02-04,11.423,27
2014-02-05,11.599,27
2014-02-06,11.552,27
2014-02-07,11.747,27
2014-02-08,11.841,27
2014-02-09,11.708,27
2014-02-10,11.648,27
2014-02-11,11.849,27
2014-02-12,11.933,27
2014-02-13,11.536,27
2014-02-14,11.536,27
2014-02-15,11.479,27
2014-02-16,11.294,27
2014-02-17,11.406,27
2014-02-18,11.533,27
2014-02-19,12.118,27
2014-02-20,13.527,27
2014-02-21,13.681,27
2014-02-22,13.569,27
2014-02-23,13.607,27
2014-02-24,14.778,27
2014-02-25,15.001,27
2014-02-26,14.639,27
2014-02-27,13.192,27
2014-02-28,12.635,27
2014-03-01,12.939,27
2014-03-02,13.056,27
2014-03-03,13.079,27
2014-03-04,12.891,27
2014-03-05,12.862,27
2014-03-06,13.039,27
2014-03-07,13.216,27
2014-03-08,13.176,27
2014-03-09,13.262,27
2014-03-10,13.458,27
2014-03-11,13.661,27
2014-03-12,13.972,27
2014-03-13,14.175,27
2014-03-14,14.403,27
2014-03-15,14.701,27
2014-03-16,14.729,27
2014-03-17,14.538,27
2014-03-18,14.538,27
2014-03-19,14.429,27
2014-03-20,14.508,27
2014-03-21,14.571,27
2014-03-22,14.74,27
2014-03-23,14.949,27
2014-03-24,15.01,27
2014-03-25,14.928,27
2014-03-26,14.929,27
2014-03-27,14.896,27
2014-03-28,15.015,27
2014-03-29,15.313,27
2014-03-30,15.491,27
2014-03-31,15.8,27
2014-04-01,15.96,27
2014-04-02,16.106,27
2014-04-03,16.41,27
2014-04-04,16.72,27
2014-04-05,17.244,27
2014-04-06,17.432,27
2014-04-07,17.384,27
2014-04-08,17.537,27
2014-04-09,17.96,27
2014-04-10,18.168,27
2014-04-11,18.47,27
2014-04-12,18.961,27
2014-04-13,19.664,27
2014-04-14,20.055,27
2014-04-15,19.57,27
2014-04-16,18.585,27
2014-04-17,18.005,27
2014-04-18,18.054,27
2014-04-19,18.059,27
2014-04-20,18.168,27
2014-04-21,18.176,27
2014-04-22,18.41,27
2014-04-23,19.196,27
2014-04-24,20.015,27
2014-04-25,20.321,27
2014-04-26,20.442,27
2014-04-27,20.627,27
2014-04-28,21.138,27
2014-04-29,21.561,27
2014-04-30,21.671,27
2014-05-01,21.536,27
2014-05-02,21.234,27
2014-05-03,20.57,27
2014-05-04,20.643,27
2014-05-05,21.025,27
2014-05-06,21.378,27
2014-05-07,21.684,27
2014-05-08,22.135,27
2014-05-09,22.305,27
2014-05-10,22.511,27
2014-05-11,22.986,27
2014-05-12,23.57,27
2014-05-13,23.902,27
2014-05-14,23.881,27
2014-05-15,23.227,27
2014-05-16,22.035,27
2014-05-17,21.28,27
2014-05-18,21.447,27
2014-05-19,21.647,27
2014-05-20,21.666,27
2014-05-21,21.918,27
2014-05-22,22.536,27
2014-05-23,23.094,27
2014-05-24,23.417,27
2014-05-25,23.354,27
2014-05-26,23.407,27
2014-05-27,23.599,27
2014-05-28,24.04,27
2014-05-29,24.87,27
2014-05-30,25.461,27
2014-05-31,25.592,27
2014-06-01,25.269,27
2014-06-02,24.819,27
2014-06-03,24.796,27
2014-06-04,24.814,27
2014-06-05,24.873,27
2014-06-06,25.005,27
2014-06-07,25.324,27
2014-06-08,25.619,27
2014-06-09,25.854,27
2014-06-10,26.054,27
2014-06-11,26.032,27
2014-06-12,26.03,27
2014-06-13,25.988,27
2014-06-14,26.133,27
2014-06-15,26.602,27
2014-06-16,26.871,27
2014-06-17,26.921,27
2014-06-18,27.164,27
2014-06-19,27.407,27
2014-06-20,27.466,27
2014-06-21,27.596,27
2014-06-22,27.624,27
2014-06-23,27.646,27
2014-06-24,27.711,27
2014-06-25,27.78,27
2014-06-26,27.794,27
2014-06-27,27.871,27
2014-06-28,27.999,27
2014-06-29,27.929,27
2014-06-30,27.965,27
2014-07-01,28.142,27
2014-07-02,28.19,27
2014-07-03,28.227,27
2014-07-04,28.337,27
2014-07-05,28.293,27
2014-07-06,28.315,27
2014-07-07,28.496,27
2014-07-08,28.668,27
2014-07-09,28.796,27
2014-07-10,28.889,27
2014-07-11,28.937,27
2014-07-12,28.805,27
2014-07-13,28.69,27
2014-07-14,28.787,27
2014-07-15,28.753,27
2014-07-16,28.521,27
2014-07-17,28.32,27
2014-07-18,28.496,27
2014-07-19,28.74,27
2014-07-20,28.775,27
2014-07-21,28.778,27
2014-07-22,28.847,27
2014-07-23,29.104,27
2014-07-24,29.193,27
2014-07-25,29.116,27
2014-07-26,29.113,27
2014-07-27,29.211,27
2014-07-28,29.363,27
2014-07-29,29.471,27
2014-07-30,29.481,27
2014-07-31,29.521,27
2014-08-01,29.505,27
2014-08-02,29.492,27
2014-08-03,29.35,27
2014-08-04,29.177,27
2014-08-05,29.242,27
2014-08-06,29.373,27
2014-08-07,29.509,27
2014-08-08,29.542,27
2014-08-09,29.6,27
2014-08-10,29.623,27
2014-08-11,29.609,27
2014-08-12,29.517,27
2014-08-13,29.555,27
2014-08-14,29.554,27
2014-08-15,29.331,27
2014-08-16,29.421,27
2014-08-17,29.456,27
2014-08-18,29.447,27
2014-08-19,29.376,27
2014-08-20,29.337,27
2014-08-21,29.369,27
2014-08-22,29.477,27
2014-08-23,29.557,27
2014-08-24,29.507,27
2014-08-25,29.102,27
2014-08-26,29.031,27
2014-08-27,28.969,27
2014-08-28,28.964,27
2014-08-29,29.011,27
2014-08-30,29.089,27
2014-08-31,29.245,27
2014-09-01,29.352,27
2014-09-02,29.368,27
2014-09-03,29.383,27
2014-09-04,29.398,27
2014-09-05,29.317,27
2014-09-06,29.137,27
2014-09-07,29.026,27
2014-09-08,28.906,27
2014-09-09,28.824,27
2014-09-10,28.923,27
2014-09-11,29.07,27
2014-09-12,29.148,27
2014-09-13,29.135,27
2014-09-14,29.019,27
2014-09-15,29.028,27
2014-09-16,29.038,27
2014-09-17,28.928,27
2014-09-18,28.869,27
2014-09-19,28.806,27
2014-09-20,28.591,27
2014-09-21,28.351,27
2014-09-22,28.239,27
2014-09-23,28.037,27
2014-09-24,27.406,27
2014-09-25,27.063,27
2014-09-26,26.753,27
2014-09-27,26.594,27
2014-09-28,26.484,27
2014-09-29,26.343,27
2014-09-30,26.18,27
2014-10-01,26.153,27
2014-10-02,26.166,27
2014-10-03,26.169,27
2014-10-04,26.086,27
2014-10-05,25.725,27
2014-10-06,25.45,27
2014-10-07,25.453,27
2014-10-08,25.64,27
2014-10-09,25.86,27
2014-10-10,25.966,27
2014-10-11,25.912,27
2014-10-12,25.915,27
2014-10-13,26.017,27
2014-10-14,25.873,27
2014-10-15,25.634,27
2014-10-16,25.459,27
2014-10-17,25.256,27
2014-10-18,25.108,27
2014-10-19,24.918,27
2014-10-20,24.672,27
2014-10-21,24.565,27
2014-10-22,24.424,27
2014-10-23,24.143,27
2014-10-24,23.83,27
2014-10-25,23.721,27
2014-10-26,23.81,27
2014-10-27,23.913,27
2014-10-28,23.88,27
2014-10-29,23.761,27
2014-10-30,23.702,27
2014-10-31,23.485,27
2014-11-01,22.926,27
2014-11-02,22.267,27
2014-11-03,21.866,27
2014-11-04,21.522,27
2014-11-05,21.436,27
2014-11-06,21.284,27
2014-11-07,21.201,27
2014-11-08,21.115,27
2014-11-09,20.901,27
2014-11-10,20.814,27
2014-11-11,20.697,27
2014-11-12,20.455,27
2014-11-13,20.243,27
2014-11-14,20.081,27
2014-11-15,19.914,27
2014-11-16,19.593,27
2014-11-17,19.284,27
2014-11-18,18.796,27
2014-11-19,18.476,27
2014-11-20,18.186,27
2014-11-21,18.093,27
2014-11-22,18.084,27
2014-11-23,18.112,27
2014-11-24,18.219,27
2014-11-25,18.193,27
2014-11-26,18.004,27
2014-11-27,17.785,27
2014-11-28,17.391,27
2014-11-29,17.1,27
2014-11-30,17.117,27
2014-12-01,17.193,27
2014-12-02,17.256,27
2014-12-03,17.272,27
2014-12-04,17.207,27
2014-12-05,17.277,27
2014-12-06,17.592,27
2014-12-07,17.642,27
2014-12-08,17.415,27
2014-12-09,16.661,27
2014-12-10,16.528,27
2014-12-11,16.261,27
2014-12-12,16.016,27
2014-12-13,15.758,27
2014-12-14,15.564,27
2014-12-15,15.286,27
2014-12-16,15.133,27
2014-12-17,14.816,27
2014-12-18,14.394,27
2014-12-19,14.18,27
2014-12-20,14.32,27
2014-12-21,14.704,27
2014-12-22,14.915,27
2014-12-23,15.16,27
2014-12-24,15.308,27
2014-12-25,15.358,27
2014-12-26,15.291,27
2014-12-27,15.317,27
2014-12-28,15.41,27
2014-12-29,15.342,27
2014-12-30,15.312,27
2014-12-31,15.266,27
2015-01-01,15.22,27
2015-01-02,15.115,27
2015-01-03,15.286,27
2015-01-04,15.318,27
2015-01-05,15.157,27
2015-01-06,14.781,27
2015-01-07,14.777,27
2015-01-08,14.673,27
2015-01-09,14.479,27
2015-01-10,14.275,27
2015-01-11,14.327,27
2015-01-12,14.746,27
2015-01-13,15.041,27
2015-01-14,15.634,27
2015-01-15,13.867,27
2015-01-16,13.692,27
2015-01-17,13.738,27
2015-01-18,13.739,27
2015-01-19,13.604,27
2015-01-20,13.492,27
2015-01-21,13.377,27
2015-01-22,13.326,27
2015-01-23,13.409,27
2015-01-24,13.203,27
2015-01-25,13.335,27
2015-01-26,13.255,27
2015-01-27,13.133,27
2015-01-28,13.084,27
2015-01-29,13.056,27
2015-01-30,12.404,27
2015-01-31,12.607,27
2015-02-01,12.799,27
2015-02-02,12.56,27
2015-02-03,12.478,27
2015-02-04,12.583,27
2015-02-05,12.528,27
2015-02-06,12.683,27
2015-02-07,12.799,27
2015-02-08,12.817,27
2015-02-09,12.755,27
2015-02-10,12.883,27
2015-02-11,12.951,27
2015-02-12,12.964,27
2015-02-13,12.931,27
2015-02-14,12.856,27
2015-02-15,12.728,27
2015-02-16,12.622,27
2015-02-17,12.596,27
2015-02-18,11.97,27
2015-02-19,11.897,27
2015-02-20,11.81,27
2015-02-21,11.907,27
2015-02-22,12.178,27
2015-02-23,12.25,27
2015-02-24,12.159,27
2015-02-25,11.939,27
2015-02-26,11.857,27
2015-02-27,11.846,27
2015-02-28,11.875,27
2015-03-01,12.098,27
2015-03-02,12.764,27
2015-03-03,13.099,27
2015-03-04,13.024,27
2015-03-05,12.926,27
2015-03-06,13.111,27
2015-03-07,13.282,27
2015-03-08,13.466,27
2015-03-09,14.242,27
2015-03-10,14.801,27
2015-03-11,14.938,27
2015-03-12,14.862,27
2015-03-13,14.336,27
2015-03-14,14.064,27
2015-03-15,15.117,27
2015-03-16,15.652,27
2015-03-17,15.698,27
2015-03-18,15.445,27
2015-03-19,15.224,27
2015-03-20,15.094,27
2015-03-21,15.257,27
2015-03-22,15.353,27
2015-03-23,15.609,27
2015-03-24,16.062,27
2015-03-25,16.361,27
2015-03-26,16.497,27
2015-03-27,16.46,27
2015-03-28,16.352,27
2015-03-29,16.288,27
2015-03-30,16.004,27
2015-03-31,16.016,27
2015-04-01,16.45,27
2015-04-02,17.037,27
2015-04-03,17.502,27
2015-04-04,17.812,27
2015-04-05,17.851,27
2015-04-06,17.81,27
2015-04-07,18.434,27
2015-04-08,18.959,27
2015-04-09,19.383,27
2015-04-10,19.842,27
2015-04-11,20.088,27
2015-04-12,20.227,27
2015-04-13,20.632,27
2015-04-14,20.916,27
2015-04-15,20.905,27
2015-04-16,20.426,27
2015-04-17,19.95,27
2015-04-18,20.006,27
2015-04-19,20.209,27
2015-04-20,20.393,27
2015-04-21,20.485,27
2015-04-22,20.701,27
2015-04-23,20.827,27
2015-04-24,20.77,27
2015-04-25,21.02,27
2015-04-26,21.397,27
2015-04-27,21.458,27
2015-04-28,21.117,27
2015-04-29,20.809,27
2015-04-30,20.667,27
2015-05-01,20.76,27
2015-05-02,20.984,27
2015-05-03,21.37,27
2015-05-04,21.394,27
2015-05-05,21.31,27
2015-05-06,21.221,27
2015-05-07,21.187,27
2015-05-08,21.315,27
2015-05-09,21.604,27
2015-05-10,22.312,27
2015-05-11,22.861,27
2015-05-12,23.57,27
2015-05-13,24.097,27
2015-05-14,24.164,27
2015-05-15,23.861,27
2015-05-16,23.827,27
2015-05-17,24.027,27
2015-05-18,24.087,27
2015-05-19,24.249,27
2015-05-20,24.84,27
2015-05-21,25.188,27
2015-05-22,25.047,27
2015-05-23,24.592,27
2015-05-24,24.18,27
2015-05-25,24.129,27
2015-05-26,24.677,27
2015-05-27,25.183,27
2015-05-28,25.362,27
2015-05-29,25.408,27
2015-05-30,25.553,27
2015-05-31,25.88,27
2015-06-01,26.162,27
2015-06-02,26.276,27
2015-06-03,26.235,27
2015-06-04,26.19,27
2015-06-05,26.234,27
2015-06-06,26.46,27
2015-06-07,26.68,27
2015-06-08,26.713,27
2015-06-09,26.79,27
2015-06-10,26.781,27
2015-06-11,27.026,27
2015-06-12,27.163,27
2015-06-13,27.24,27
2015-06-14,27.447,27
2015-06-15,27.669,27
2015-06-16,27.851,27
2015-06-17,28.071,27
2015-06-18,28.182,27
2015-06-19,28.153,27
2015-06-20,28.069,27
2015-06-21,27.969,27
2015-06-22,27.843,27
2015-06-23,27.678,27
2015-06-24,27.541,27
2015-06-25,27.095,27
2015-06-26,26.964,27
2015-06-27,27.007,27
2015-06-28,27.146,27
2015-06-29,26.969,27
2015-06-30,26.697,27
2015-07-01,26.532,27
2015-07-02,26.08,27
2015-07-03,25.911,27
2015-07-04,25.911,27
2015-07-05,25.996,27
2015-07-06,26.595,27
2015-07-07,26.938,27
2015-07-08,26.963,27
2015-07-09,26.659,27
2015-07-10,26.817,27
2015-07-11,26.9,27
2015-07-12,27.026,27
2015-07-13,27.078,27
2015-07-14,26.928,27
2015-07-15,26.799,27
2015-07-16,26.9,27
2015-07-17,27.217,27
2015-07-18,27.796,27
2015-07-19,28.084,27
2015-07-20,27.844,27
2015-07-21,27.476,27
2015-07-22,27.039,27
2015-07-23,26.815,27
2015-07-24,26.783,27
2015-07-25,26.999,27
2015-07-26,27.346,27
2015-07-27,27.599,27
2015-07-28,27.714,27
2015-07-29,28.051,27
2015-07-30,28.22,27
2015-07-31,28.24,27
2015-08-01,28.181,27
2015-08-02,28.06,27
2015-08-03,27.985,27
2015-08-04,28.034,27
2015-08-05,28.089,27
2015-08-06,28.059,27
2015-08-07,27.979,27
2015-08-08,27.862,27
2015-08-09,28.215,27
2015-08-10,28.37,27
2015-08-11,28.467,27
2015-08-12,28.519,27
2015-08-13,28.477,27
2015-08-14,28.494,27
2015-08-15,28.564,27
2015-08-16,28.623,27
2015-08-17,28.681,27
2015-08-18,28.769,27
2015-08-19,28.994,27
2015-08-20,29.257,27
2015-08-21,29.573,27
2015-08-22,29.561,27
2015-08-23,29.385,27
2015-08-24,29.399,27
2015-08-25,29.373,27
2015-08-26,29.297,27
2015-08-27,29.284,27
2015-08-28,29.241,27
2015-08-29,29.201,27
2015-08-30,29.101,27
2015-08-31,29.019,27
2015-09-01,28.948,27
2015-09-02,28.833,27
2015-09-03,28.744,27
2015-09-04,28.81,27
2015-09-05,28.584,27
2015-09-06,28.277,27
2015-09-07,28.214,27
2015-09-08,28.366,27
2015-09-09,28.608,27
2015-09-10,28.755,27
2015-09-11,28.674,27
2015-09-12,28.438,27
2015-09-13,28.059,27
2015-09-14,27.979,27
2015-09-15,27.915,27
2015-09-16,27.842,27
2015-09-17,27.544,27
2015-09-18,27.083,27
2015-09-19,26.878,27
2015-09-20,26.958,27
2015-09-21,27.05,27
2015-09-22,26.98,27
2015-09-23,26.665,27
2015-09-24,26.538,27
2015-09-25,26.374,27
2015-09-26,26.204,27
2015-09-27,26.096,27
2015-09-28,26.312,27
2015-09-29,26.527,27
2015-09-30,26.616,27
2015-10-01,26.56,27
2015-10-02,26.293,27
2015-10-03,25.963,27
2015-10-04,25.695,27
2015-10-05,25.4,27
2015-10-06,25.051,27
2015-10-07,24.89,27
2015-10-08,24.89,27
2015-10-09,24.887,27
2015-10-10,24.895,27
2015-10-11,24.844,27
2015-10-12,24.639,27
2015-10-13,24.613,27
2015-10-14,24.639,27
2015-10-15,24.527,27
2015-10-16,24.378,27
2015-10-17,24.275,27
2015-10-18,23.929,27
2015-10-19,23.575,27
2015-10-20,23.323,27
2015-10-21,23.151,27
2015-10-22,23.151,27
2015-10-23,23.19,27
2015-10-24,23.227,27
2015-10-25,23.227,27
2015-10-26,23.175,27
2015-10-27,23.173,27
2015-10-28,23.151,27
2015-10-29,23.074,27
2015-10-30,23.087,27
2015-10-31,23.046,27
2015-11-01,23.071,27
2015-11-02,23.268,27
2015-11-03,23.328,27
2015-11-04,23.331,27
2015-11-05,23.247,27
2015-11-06,23.303,27
2015-11-07,23.357,27
2015-11-08,23.33,27
2015-11-09,22.996,27
2015-11-10,22.806,27
2015-11-11,22.635,27
2015-11-12,22.529,27
2015-11-13,22.413,27
2015-11-14,22.357,27
2015-11-15,22.171,27
2015-11-16,21.826,27
2015-11-17,21.801,27
2015-11-18,21.729,27
2015-11-19,21.817,27
2015-11-20,21.789,27
2015-11-21,21.641,27
2015-11-22,21.228,27
2015-11-23,20.88,27
2015-11-24,20.624,27
2015-11-25,20.327,27
2015-11-26,20.143,27
2015-11-27,20.072,27
2015-11-28,20.113,27
2015-11-29,20.083,27
2015-11-30,20.069,27
2015-12-01,20.039,27
2015-12-02,20.044,27
2015-12-03,19.858,27
2015-12-04,19.156,27
2015-12-05,18.84,27
2015-12-06,18.612,27
2015-12-07,18.167,27
2015-12-08,17.812,27
2015-12-09,17.929,27
2015-12-10,18.047,27
2015-12-11,17.88,27
2015-12-12,17.699,27
2015-12-13,17.611,27
2015-12-14,18.073,27
2015-12-15,18.517,27
2015-12-16,18.514,27
2015-12-17,18.544,27
2015-12-18,18.325,27
2015-12-19,18.026,27
2015-12-20,17.924,27
2015-12-21,17.901,27
2015-12-22,17.871,27
2015-12-23,18.216,27
2015-12-24,18.431,27
2015-12-25,18.584,27
2015-12-26,18.994,27
2015-12-27,19.334,27
2015-12-28,19.199,27
2015-12-29,19.016,27
2015-12-30,19.082,27
2015-12-31,19.303,27
2016-01-01,19.314,27
2016-01-02,19.01,27
2016-01-03,18.707,27
2016-01-04,18.562,27
2016-01-05,18.314,27
2016-01-06,17.729,27
2016-01-07,17.27,27
2016-01-08,17.129,27
2016-01-09,17.095,27
2016-01-10,16.723,27
2016-01-11,16.545,27
2016-01-12,16.281,27
2016-01-13,16.064,27
2016-01-14,15.901,27
2016-01-15,15.317,27
2016-01-16,15.181,27
2016-01-17,15.237,27
2016-01-18,15.226,27
2016-01-19,15.051,27
2016-01-20,14.848,27
2016-01-21,14.847,27
2016-01-22,14.741,27
2016-01-23,13.717,27
2016-01-24,13.512,27
2016-01-25,13.462,27
2016-01-26,13.594,27
2016-01-27,14.219,27
2016-01-28,13.571,27
2016-01-29,13.443,27
2016-01-30,13.213,27
2016-01-31,13.293,27
2016-02-01,13.389,27
2016-02-02,13.621,27
2016-02-03,13.888,27
2016-02-04,14.084,27
2016-02-05,13.687,27
2016-02-06,13.597,27
2016-02-07,13.319,27
2016-02-08,13.291,27
2016-02-09,12.989,27
2016-02-10,12.173,27
2016-02-11,11.937,27
2016-02-12,11.886,27
2016-02-13,11.956,27
2016-02-14,11.976,27
2016-02-15,12.116,27
2016-02-16,12.053,27
2016-02-17,12.114,27
2016-02-18,12.246,27
2016-02-19,12.127,27
2016-02-20,12.081,27
2016-02-21,12.167,27
2016-02-22,13.259,27
2016-02-23,14.343,27
2016-02-24,14.256,27
2016-02-25,13.717,27
2016-02-26,13.354,27
2016-02-27,13.3,27
2016-02-28,13.35,27
2016-02-29,13.51,27
2016-03-01,14.566,27
2016-03-02,15.061,27
2016-03-03,15.077,27
2016-03-04,14.873,27
2016-03-05,14.709,27
2016-03-06,14.714,27
2016-03-07,14.964,27
2016-03-08,15.23,27
2016-03-09,15.771,27
2016-03-10,16.194,27
2016-03-11,16.239,27
2016-03-12,16.331,27
2016-03-13,16.737,27
2016-03-14,17.359,27
2016-03-15,17.909,27
2016-03-16,18.367,27
2016-03-17,18.583,27
2016-03-18,18.544,27
2016-03-19,18.721,27
2016-03-20,18.052,27
2016-03-21,17.533,27
2016-03-22,17.354,27
2016-03-23,17.493,27
2016-03-24,17.784,27
2016-03-25,18.049,27
2016-03-26,18.303,27
2016-03-27,19.412,27
2016-03-28,19.685,27
2016-03-29,19.443,27
2016-03-30,19.063,27
2016-03-31,18.829,27
2016-04-01,19.002,27
2016-04-02,19.373,27
2016-04-03,19.579,27
2016-04-04,19.58,27
2016-04-05,19.403,27
2016-04-06,19.32,27
2016-04-07,19.347,27
2016-04-08,19.498,27
2016-04-09,19.469,27
2016-04-10,19.391,27
2016-04-11,19.374,27
2016-04-12,19.464,27
2016-04-13,19.753,27
2016-04-14,19.425,27
2016-04-15,19.217,27
2016-04-16,18.73,27
2016-04-17,18.576,27
2016-04-18,18.705,27
2016-04-19,18.813,27
2016-04-20,19.005,27
2016-04-21,19.924,27
2016-04-22,20.998,27
2016-04-23,21.191,27
2016-04-24,21.358,27
2016-04-25,21.424,27
2016-04-26,21.683,27
2016-04-27,21.764,27
2016-04-28,22.134,27
2016-04-29,22.345,27
2016-04-30,22.417,27
2016-05-01,22.996,27
2016-05-02,23.229,27
2016-05-03,23.372,27
2016-05-04,22.749,27
2016-05-05,22.227,27
2016-05-06,21.806,27
2016-05-07,21.671,27
2016-05-08,21.728,27
2016-05-09,21.898,27
2016-05-10,22.288,27
2016-05-11,22.647,27
2016-05-12,23.064,27
2016-05-13,23.54,27
2016-05-14,23.491,27
2016-05-15,23.447,27
2016-05-16,23.323,27
2016-05-17,23.237,27
2016-05-18,23.62,27
2016-05-19,23.67,27
2016-05-20,23.703,27
2016-05-21,24.508,27
2016-05-22,24.664,27
2016-05-23,24.417,27
2016-05-24,24.414,27
2016-05-25,24.559,27
2016-05-26,24.952,27
2016-05-27,24.945,27
2016-05-28,24.712,27
2016-05-29,24.496,27
2016-05-30,24.727,27
2016-05-31,25.017,27
2016-06-01,25.257,27
2016-06-02,25.753,27
2016-06-03,26.132,27
2016-06-04,26.298,27
2016-06-05,26.237,27
2016-06-06,26.188,27
2016-06-07,26.334,27
2016-06-08,26.626,27
2016-06-09,26.839,27
2016-06-10,27.059,27
2016-06-11,27.156,27
2016-06-12,27.33,27
2016-06-13,27.436,27
2016-06-14,27.631,27
2016-06-15,27.893,27
2016-06-16,27.92,27
2016-06-17,27.776,27
2016-06-18,27.455,27
2016-06-19,27.111,27
2016-06-20,27.007,27
2016-06-21,26.991,27
2016-06-22,27.118,27
2016-06-23,27.365,27
2016-06-24,27.606,27
2016-06-25,27.75,27
2016-06-26,27.813,27
2016-06-27,27.8,27
2016-06-28,27.764,27
2016-06-29,28.327,27
2016-06-30,28.557,27
2016-07-01,28.596,27
2016-07-02,28.564,27
2016-07-03,28.777,27
2016-07-04,28.958,27
2016-07-05,29.037,27
2016-07-06,29.103,27
2016-07-07,29.141,27
2016-07-08,29.361,27
2016-07-09,29.513,27
2016-07-10,29.641,27
2016-07-11,29.673,27
2016-07-12,29.719,27
2016-07-13,29.749,27
2016-07-14,29.864,27
2016-07-15,29.864,27
2016-07-16,29.895,27
2016-07-17,29.998,27
2016-07-18,29.938,27
2016-07-19,29.956,27
2016-07-20,29.97,27
2016-07-21,29.946,27
2016-07-22,29.97,27
2016-07-23,30.147,27
2016-07-24,30.113,27
2016-07-25,30.135,27
2016-07-26,30.256,27
2016-07-27,30.314,27
2016-07-28,30.33,27
2016-07-29,30.287,27
2016-07-30,30.287,27
2016-07-31,30.224,27
2016-08-01,30.095,27
2016-08-02,30.094,27
2016-08-03,30.079,27
2016-08-04,29.884,27
2016-08-05,29.761,27
2016-08-06,29.819,27
2016-08-07,29.631,27
2016-08-08,29.369,27
2016-08-09,28.981,27
2016-08-10,29.055,27
2016-08-11,29.361,27
2016-08-12,29.529,27
2016-08-13,29.473,27
2016-08-14,29.359,27
2016-08-15,29.277,27
2016-08-16,29.225,27
2016-08-17,29.263,27
2016-08-18,29.454,27
2016-08-19,29.543,27
2016-08-20,29.476,27
2016-08-21,29.485,27
2016-08-22,29.548,27
2016-08-23,29.516,27
2016-08-24,29.41,27
2016-08-25,29.427,27
2016-08-26,29.459,27
2016-08-27,29.366,27
2016-08-28,29.337,27
2016-08-29,29.399,27
2016-08-30,29.42,27
2016-08-31,29.384,27
2016-09-01,29.167,27
2016-09-02,28.942,27
2016-09-03,28.761,27
2016-09-04,28.541,27
2016-09-05,28.421,27
2016-09-06,28.38,27
2016-09-07,28.367,27
2016-09-08,28.422,27
2016-09-09,28.478,27
2016-09-10,28.626,27
2016-09-11,28.688,27
2016-09-12,28.692,27
2016-09-13,28.526,27
2016-09-14,28.357,27
2016-09-15,27.917,27
2016-09-16,27.802,27
2016-09-17,27.703,27
2016-09-18,27.737,27
2016-09-19,27.838,27
2016-09-20,28.241,27
2016-09-21,28.245,27
2016-09-22,28.143,27
2016-09-23,27.98,27
2016-09-24,27.931,27
2016-09-25,27.9,27
2016-09-26,27.899,27
2016-09-27,27.87,27
2016-09-28,27.911,27
2016-09-29,27.981,27
2016-09-30,27.969,27
2016-10-01,27.913,27
2016-10-02,27.716,27
2016-10-03,27.735,27
2016-10-04,27.505,27
2016-10-05,27.159,27
2016-10-06,26.736,27
2016-10-07,26.315,27
2016-10-08,25.659,27
2016-10-09,25.425,27
2016-10-10,25.25,27
2016-10-11,25.061,27
2016-10-12,24.596,27
2016-10-13,24.446,27
2016-10-14,24.416,27
2016-10-15,24.38,27
2016-10-16,24.403,27
2016-10-17,24.476,27
2016-10-18,24.541,27
2016-10-19,24.597,27
2016-10-20,24.617,27
2016-10-21,24.551,27
2016-10-22,24.313,27
2016-10-23,23.857,27
2016-10-24,23.461,27
2016-10-25,23.431,27
2016-10-26,23.511,27
2016-10-27,23.498,27
2016-10-28,23.464,27
2016-10-29,23.554,27
2016-10-30,23.567,27
2016-10-31,23.602,27
2016-11-01,23.602,27
2016-11-02,23.582,27
2016-11-03,23.713,27
2016-11-04,23.511,27
2016-11-05,23.285,27
2016-11-06,23.081,27
2016-11-07,22.557,27
2016-11-08,22.471,27
2016-11-09,22.266,27
2016-11-10,21.634,27
2016-11-11,21.569,27
2016-11-12,21.56,27
2016-11-13,21.543,27
2016-11-14,20.395,27
2016-11-15,20.339,27
2016-11-16,20.241,27
2016-11-17,20.148,27
2016-11-18,20.072,27
2016-11-19,19.987,27
2016-11-20,19.963,27
2016-11-21,19.716,27
2016-11-22,19.395,27
2016-11-23,19.281,27
2016-11-24,19.037,27
2016-11-25,18.955,27
2016-11-26,18.97,27
2016-11-27,18.996,27
2016-11-28,18.947,27
2016-11-29,18.882,27
2016-11-30,18.907,27
2016-12-01,18.877,27
2016-12-02,18.715,27
2016-12-03,18.619,27
2016-12-04,18.668,27
2016-12-05,18.66,27
2016-12-06,18.445,27
2016-12-07,18.449,27
2016-12-08,18.255,27
2016-12-09,17.637,27
2016-12-10,17.388,27
2016-12-11,17.317,27
2016-12-12,17.313,27
2016-12-13,17.32,27
2016-12-14,17.279,27
2016-12-15,17.301,27
2016-12-16,17.137,27
2016-12-17,17.176,27
2016-12-18,17.163,27
2016-12-19,17.18,27
2016-12-20,16.913,27
2016-12-21,16.716,27
2016-12-22,16.671,27
2016-12-23,16.861,27
2016-12-24,16.879,27
2016-12-25,16.749,27
2016-12-26,16.819,27
2016-12-27,16.952,27
2016-12-28,17.086,27
2016-12-29,16.867,27
2016-12-30,16.652,27
2016-12-31,16.528,27
2017-01-01,16.548,27
2017-01-02,16.599,27
2017-01-03,16.567,27
2017-01-04,16.234,27
2017-01-05,16.294,27
2017-01-06,16.333,27
2017-01-07,16.169,27
2017-01-08,15.746,27
2017-01-09,15.257,27
2017-01-10,15.311,27
2017-01-11,15.337,27
2017-01-12,15.513,27
2017-01-13,15.484,27
2017-01-14,15.479,27
2017-01-15,15.345,27
2017-01-16,15.491,27
2017-01-17,15.734,27
2017-01-18,15.82,27
2017-01-19,15.87,27
2017-01-20,15.959,27
2017-01-21,16.063,27
2017-01-22,15.664,27
2017-01-23,15.5,27
2017-01-24,15.494,27
2017-01-25,15.6,27
2017-01-26,15.73,27
2017-01-27,15.787,27
2017-01-28,15.548,27
2017-01-29,15.306,27
2017-01-30,15.198,27
2017-01-31,15.194,27
2017-02-01,15.247,27
2017-02-02,15.52,27
2017-02-03,15.721,27
2017-02-04,15.819,27
2017-02-05,15.556,27
2017-02-06,15.933,27
2017-02-07,16.143,27
2017-02-08,16.06,27
2017-02-09,15.99,27
2017-02-10,16.097,27
2017-02-11,16.138,27
2017-02-12,16.224,27
2017-02-13,16.414,27
2017-02-14,16.595,27
2017-02-15,16.603,27
2017-02-16,16.591,27
2017-02-17,16.524,27
2017-02-18,16.505,27
2017-02-19,16.497,27
2017-02-20,16.652,27
2017-02-21,16.761,27
2017-02-22,17.005,27
2017-02-23,17.143,27
2017-02-24,17.156,27
2017-02-25,17.076,27
2017-02-26,16.999,27
2017-02-27,17.043,27
2017-02-28,17.173,27
2017-03-01,17.559,27
2017-03-02,17.372,27
2017-03-03,17.321,27
2017-03-04,17.309,27
2017-03-05,17.234,27
2017-03-06,17.14,27
2017-03-07,17.145,27
2017-03-08,17.371,27
2017-03-09,17.636,27
2017-03-10,17.743,27
2017-03-11,17.67,27
2017-03-12,17.518,27
2017-03-13,16.805,27
2017-03-14,16.427,27
2017-03-15,16.275,27
2017-03-16,16.175,27
2017-03-17,15.886,27
2017-03-18,15.795,27
2017-03-19,15.961,27
2017-03-20,16.241,27
2017-03-21,16.463,27
2017-03-22,16.6,27
2017-03-23,16.693,27
2017-03-24,16.721,27
2017-03-25,16.88,27
2017-03-26,17.049,27
2017-03-27,17.244,27
2017-03-28,17.93,27
2017-03-29,18.363,27
2017-03-30,18.703,27
2017-03-31,18.967,27
2017-04-01,19.034,27
2017-04-02,19.353,27
2017-04-03,19.627,27
2017-04-04,19.711,27
2017-04-05,19.78,27
2017-04-06,19.548,27
2017-04-07,19.408,27
2017-04-08,19.258,27
2017-04-09,19.239,27
2017-04-10,19.402,27
2017-04-11,19.56,27
2017-04-12,19.62,27
2017-04-13,20.02,27
2017-04-14,20.116,27
2017-04-15,20.335,27
2017-04-16,20.964,27
2017-04-17,21.689,27
2017-04-18,21.92,27
2017-04-19,22.236,27
2017-04-20,22.784,27
2017-04-21,23.157,27
2017-04-22,23.145,27
2017-04-23,22.919,27
2017-04-24,22.264,27
2017-04-25,22.258,27
2017-04-26,22.393,27
2017-04-27,22.567,27
2017-04-28,22.677,27
2017-04-29,22.914,27
2017-04-30,23.109,27
2017-05-01,23.501,27
2017-05-02,23.911,27
2017-05-03,23.997,27
2017-05-04,23.928,27
2017-05-05,23.806,27
2017-05-06,23.273,27
2017-05-07,23.159,27
2017-05-08,23.164,27
2017-05-09,23.325,27
2017-05-10,23.651,27
2017-05-11,23.73,27
2017-05-12,23.798,27
2017-05-13,23.855,27
2017-05-14,24.06,27
2017-05-15,24.386,27
2017-05-16,24.533,27
2017-05-17,24.628,27
2017-05-18,24.657,27
2017-05-19,24.788,27
2017-05-20,25.016,27
2017-05-21,25.135,27
2017-05-22,25.229,27
2017-05-23,25.417,27
2017-05-24,25.334,27
2017-05-25,25.25,27
2017-05-26,25.233,27
2017-05-27,25.283,27
2017-05-28,25.389,27
2017-05-29,25.578,27
2017-05-30,25.579,27
2017-05-31,25.611,27
2017-06-01,25.769,27
2017-06-02,26,27
2017-06-03,26.257,27
2017-06-04,26.376,27
2017-06-05,26.32,27
2017-06-06,26.352,27
2017-06-07,26.246,27
2017-06-08,26.063,27
2017-06-09,26.083,27
2017-06-10,26.133,27
2017-06-11,26.36,27
2017-06-12,26.534,27
2017-06-13,26.677,27
2017-06-14,26.858,27
2017-06-15,27.008,27
2017-06-16,27.113,27
2017-06-17,27.196,27
2017-06-18,27.318,27
2017-06-19,27.328,27
2017-06-20,27.289,27
2017-06-21,27.351,27
2017-06-22,27.451,27
2017-06-23,27.66,27
2017-06-24,27.916,27
2017-06-25,27.92,27
2017-06-26,27.873,27
2017-06-27,27.691,27
2017-06-28,27.712,27
2017-06-29,28.011,27
2017-06-30,28.132,27
2017-07-01,28.284,27
2017-07-02,28.327,27
2017-07-03,28.377,27
2017-07-04,28.333,27
2017-07-05,28.369,27
2017-07-06,28.314,27
2017-07-07,27.946,27
2017-07-08,27.84,27
2017-07-09,27.554,27
2017-07-10,26.937,27
2017-07-11,27.587,27
2017-07-12,27.995,27
2017-07-13,28.215,27
2017-07-14,28.349,27
2017-07-15,28.372,27
2017-07-16,28.247,27
2017-07-17,27.887,27
2017-07-18,27.836,27
2017-07-19,27.971,27
2017-07-20,28.236,27
2017-07-21,28.324,27
2017-07-22,28.127,27
2017-07-23,27.84,27
2017-07-24,27.559,27
2017-07-25,27.416,27
2017-07-26,27.342,27
2017-07-27,27.356,27
2017-07-28,27.497,27
2017-07-29,27.606,27
2017-07-30,27.57,27
2017-07-31,27.509,27
2017-08-01,27.392,27
2017-08-02,27.332,27
2017-08-03,27.351,27
2017-08-04,27.531,27
2017-08-05,27.769,27
2017-08-06,27.97,27
2017-08-07,28.083,27
2017-08-08,28.065,27
2017-08-09,28.092,27
2017-08-10,28.219,27
2017-08-11,28.418,27
2017-08-12,28.503,27
2017-08-13,28.651,27
2017-08-14,28.804,27
2017-08-15,29.087,27
2017-08-16,29.268,27
2017-08-17,29.469,27
2017-08-18,29.535,27
2017-08-19,29.601,27
2017-08-20,29.634,27
2017-08-21,29.59,27
2017-08-22,29.424,27
2017-08-23,29.434,27
2017-08-24,29.467,27
2017-08-25,29.381,27
2017-08-26,29.266,27
2017-08-27,29.106,27
2017-08-28,28.818,27
2017-08-29,28.544,27
2017-08-30,28.48,27
2017-08-31,28.442,27
2017-09-01,28.445,27
2017-09-02,28.667,27
2017-09-03,28.641,27
2017-09-04,28.623,27
2017-09-05,28.609,27
2017-09-06,28.568,27
2017-09-07,28.473,27
2017-09-08,28.324,27
2017-09-09,27.97,27
2017-09-10,27.182,27
2017-09-11,26.359,27
2017-09-12,26.299,27
2017-09-13,26.42,27
2017-09-14,26.714,27
2017-09-15,26.886,27
2017-09-16,26.849,27
2017-09-17,26.737,27
2017-09-18,26.792,27
2017-09-19,26.87,27
2017-09-20,26.937,27
2017-09-21,26.963,27
2017-09-22,27.155,27
2017-09-23,27.099,27
2017-09-24,27.014,27
2017-09-25,27.094,27
2017-09-26,27.186,27
2017-09-27,27.295,27
2017-09-28,27.437,27
2017-09-29,27.618,27
2017-09-30,27.458,27
2017-10-01,26.726,27
2017-10-02,26.348,27
2017-10-03,26.156,27
2017-10-04,25.937,27
2017-10-05,25.814,27
2017-10-06,25.89,27
2017-10-07,26.035,27
2017-10-08,26.128,27
2017-10-09,26.269,27
2017-10-10,26.713,27
2017-10-11,26.95,27
2017-10-12,27.071,27
2017-10-13,26.804,27
2017-10-14,26.54,27
2017-10-15,26.484,27
2017-10-16,26.539,27
2017-10-17,26.04,27
2017-10-18,25.435,27
2017-10-19,25.238,27
2017-10-20,25.197,27
2017-10-21,25.178,27
2017-10-22,25.148,27
2017-10-23,25.064,27
2017-10-24,24.903,27
2017-10-25,24.648,27
2017-10-26,24.009,27
2017-10-27,23.656,27
2017-10-28,23.63,27
2017-10-29,23.264,27
2017-10-30,22.543,27
2017-10-31,22.034,27
2017-11-01,21.969,27
2017-11-02,22.231,27
2017-11-03,22.594,27
2017-11-04,22.652,27
2017-11-05,22.793,27
2017-11-06,22.833,27
2017-11-07,22.954,27
2017-11-08,22.956,27
2017-11-09,22.607,27
2017-11-10,22.174,27
2017-11-11,21.887,27
2017-11-12,21.618,27
2017-11-13,21.299,27
2017-11-14,21.138,27
2017-11-15,20.489,27
2017-11-16,20.24,27
2017-11-17,20.253,27
2017-11-18,20.309,27
2017-11-19,19.933,27
2017-11-20,19.756,27
2017-11-21,19.693,27
2017-11-22,19.653,27
2017-11-23,19.515,27
2017-11-24,19,27
2017-11-25,18.767,27
2017-11-26,18.626,27
2017-11-27,18.566,27
2017-11-28,18.603,27
2017-11-29,18.634,27
2017-11-30,18.713,27
2017-12-01,18.724,27
2017-12-02,18.69,27
2017-12-03,18.609,27
2017-12-04,18.625,27
2017-12-05,18.811,27
2017-12-06,18.78,27
2017-12-07,18.685,27
2017-12-08,18.343,27
2017-12-09,16.909,27
2017-12-10,16.991,27
2017-12-11,16.744,27
2017-12-12,16.149,27
2017-12-13,15.652,27
2017-12-14,15.536,27
2017-12-15,15.392,27
2017-12-16,14.909,27
2017-12-17,14.925,27
2017-12-18,15.173,27
2017-12-19,15.495,27
2017-12-20,15.646,27
2017-12-21,15.608,27
2017-12-22,15.298,27
2017-12-23,15.31,27
2017-12-24,15.207,27
2017-12-25,15.256,27
2017-12-26,15.181,27
2017-12-27,15.129,27
2017-12-28,14.928,27
2017-12-29,14.419,27
2017-12-30,14.389,27
2017-12-31,14.387,27
2018-01-01,14.474,27
2018-01-02,14.098,27
2018-01-03,13.403,27
2018-01-04,13.047,27
2018-01-05,12.777,27
2018-01-06,12.031,27
2018-01-07,12.219,27
2018-01-08,12.198,27
2018-01-09,11.624,27
2018-01-10,11.728,27
2018-01-11,11.621,27
2018-01-12,11.146,27
2018-01-13,11.125,27
2018-01-14,11.279,27
2018-01-15,11.166,27
2018-01-16,10.868,27
2018-01-17,10.95,27
2018-01-18,10.934,27
2018-01-19,10.687,27
2018-01-20,10.74,27
2018-01-21,11.002,27
2018-01-22,11.337,27
2018-01-23,10.704,27
2018-01-24,10.645,27
2018-01-25,10.786,27
2018-01-26,11.126,27
2018-01-27,11.294,27
2018-01-28,11.869,27
2018-01-29,11.808,27
2018-01-30,11.776,27
2018-01-31,11.81,27
2018-02-01,11.891,27
2018-02-02,12.142,27
2018-02-03,12.317,27
2018-02-04,12.296,27
2018-02-05,12.382,27
2018-02-06,12.637,27
2018-02-07,12.892,27
2018-02-08,12.681,27
2018-02-09,12.754,27
2018-02-10,12.83,27
2018-02-11,13.121,27
2018-02-12,13.349,27
2018-02-13,13.346,27
2018-02-14,13.434,27
2018-02-15,13.529,27
2018-02-16,13.658,27
2018-02-17,14.063,27
2018-02-18,14.846,27
2018-02-19,15.063,27
2018-02-20,14.804,27
2018-02-21,14.807,27
2018-02-22,15.623,27
2018-02-23,16.674,27
2018-02-24,16.469,27
2018-02-25,16.302,27
2018-02-26,16.217,27
2018-02-27,16.627,27
2018-02-28,16.884,27
2018-03-01,17.06,27
2018-03-02,16.984,27
2018-03-03,16.788,27
2018-03-04,16.623,27
2018-03-05,16.594,27
2018-03-06,16.622,27
2018-03-07,16.466,27
2018-03-08,16.305,27
2018-03-09,16.157,27
2018-03-10,16.114,27
2018-03-11,16.245,27
2018-03-12,16.15,27
2018-03-13,15.93,27
2018-03-14,15.573,27
2018-03-15,15.433,27
2018-03-16,15.467,27
2018-03-17,15.503,27
2018-03-18,15.796,27
2018-03-19,16.146,27
2018-03-20,16.516,27
2018-03-21,16.315,27
2018-03-22,16.074,27
2018-03-23,15.95,27
2018-03-24,15.975,27
2018-03-25,15.981,27
2018-03-26,15.704,27
2018-03-27,16.227,27
2018-03-28,16.545,27
2018-03-29,16.515,27
2018-03-30,16.338,27
2018-03-31,16.449,27
2018-04-01,16.427,27
2018-04-02,16.674,27
2018-04-03,17.529,27
2018-04-04,17.777,27
2018-04-05,17.731,27
2018-04-06,17.683,27
2018-04-07,17.761,27
2018-04-08,17.782,27
2018-04-09,17.42,27
2018-04-10,16.953,27
2018-04-11,16.799,27
2018-04-12,17.048,27
2018-04-13,17.756,27
2018-04-14,18.299,27
2018-04-15,17.904,27
2018-04-16,17.901,27
2018-04-17,17.915,27
2018-04-18,18.016,27
2018-04-19,18.455,27
2018-04-20,18.628,27
2018-04-21,18.651,27
2018-04-22,18.377,27
2018-04-23,18.505,27
2018-04-24,18.59,27
2018-04-25,18.813,27
2018-04-26,19.226,27
2018-04-27,19.416,27
2018-04-28,19.571,27
2018-04-29,19.833,27
2018-04-30,19.837,27
2018-05-01,19.891,27
2018-05-02,20.049,27
2018-05-03,20.552,27
2018-05-04,21.289,27
2018-05-05,21.274,27
2018-05-06,21.314,27
2018-05-07,21.814,27
2018-05-08,21.714,27
2018-05-09,21.779,27
2018-05-10,21.922,27
2018-05-11,22.52,27
2018-05-12,23.567,27
2018-05-13,23.926,27
2018-05-14,23.889,27
2018-05-15,23.681,27
2018-05-16,23.355,27
2018-05-17,23.347,27
2018-05-18,23.494,27
2018-05-19,23.757,27
2018-05-20,23.811,27
2018-05-21,23.866,27
2018-05-22,24.23,27
2018-05-23,24.443,27
2018-05-24,24.671,27
2018-05-25,24.952,27
2018-05-26,25.145,27
2018-05-27,25.14,27
2018-05-28,25.107,27
2018-05-29,25.219,27
2018-05-30,25.403,27
2018-05-31,25.791,27
2018-06-01,26.02,27
2018-06-02,26.11,27
2018-06-03,26.376,27
2018-06-04,26.751,27
2018-06-05,26.863,27
2018-06-06,26.904,27
2018-06-07,27.141,27
2018-06-08,27.285,27
2018-06-09,27.31,27
2018-06-10,27.307,27
2018-06-11,27.369,27
2018-06-12,27.544,27
2018-06-13,27.681,27
2018-06-14,27.705,27
2018-06-15,27.786,27
2018-06-16,27.955,27
2018-06-17,28.201,27
2018-06-18,28.304,27
2018-06-19,28.34,27
2018-06-20,28.223,27
2018-06-21,28.127,27
2018-06-22,28.258,27
2018-06-23,28.445,27
2018-06-24,28.484,27
2018-06-25,28.43,27
2018-06-26,28.177,27
2018-06-27,28.112,27
2018-06-28,28.211,27
2018-06-29,28.481,27
2018-06-30,28.597,27
2018-07-01,28.65,27
2018-07-02,28.879,27
2018-07-03,28.905,27
2018-07-04,28.865,27
2018-07-05,28.817,27
2018-07-06,28.863,27
2018-07-07,28.917,27
2018-07-08,28.944,27
2018-07-09,29.048,27
2018-07-10,29.194,27
2018-07-11,29.282,27
2018-07-12,29.473,27
2018-07-13,29.522,27
2018-07-14,29.517,27
2018-07-15,29.427,27
2018-07-16,29.386,27
2018-07-17,29.351,27
2018-07-18,29.327,27
2018-07-19,29.257,27
2018-07-20,29.139,27
2018-07-21,29.001,27
2018-07-22,29.044,27
2018-07-23,29.076,27
2018-07-24,29.204,27
2018-07-25,29.291,27
2018-07-26,29.309,27
2018-07-27,29.267,27
2018-07-28,29.282,27
2018-07-29,29.067,27
2018-07-30,28.874,27
2018-07-31,28.71,27
2018-08-01,28.537,27
2018-08-02,28.279,27
2018-08-03,28.194,27
2018-08-04,28.549,27
2018-08-05,28.959,27
2018-08-06,29.071,27
2018-08-07,29.044,27
2018-08-08,28.732,27
2018-08-09,28.432,27
2018-08-10,28.234,27
2018-08-11,28.208,27
2018-08-12,28.231,27
2018-08-13,28.131,27
2018-08-14,28.084,27
2018-08-15,28.1,27
2018-08-16,28.114,27
2018-08-17,28.191,27
2018-08-18,28.212,27
2018-08-19,28.184,27
2018-08-20,28.15,27
2018-08-21,28.047,27
2018-08-22,27.941,27
2018-08-23,27.85,27
2018-08-24,27.67,27
2018-08-25,27.718,27
2018-08-26,27.904,27
2018-08-27,28.083,27
2018-08-28,28.063,27
2018-08-29,28.193,27
2018-08-30,28.336,27
2018-08-31,28.61,27
2018-09-01,28.691,27
2018-09-02,28.633,27
2018-09-03,28.531,27
2018-09-04,28.515,27
2018-09-05,28.579,27
2018-09-06,28.624,27
2018-09-07,28.693,27
2018-09-08,28.92,27
2018-09-09,29.01,27
2018-09-10,29.042,27
2018-09-11,28.971,27
2018-09-12,29.119,27
2018-09-13,29.142,27
2018-09-14,29.143,27
2018-09-15,29.123,27
2018-09-16,29.14,27
2018-09-17,29.164,27
2018-09-18,29.254,27
2018-09-19,29.406,27
2018-09-20,29.36,27
2018-09-21,29.233,27
2018-09-22,29.101,27
2018-09-23,29.02,27
2018-09-24,29.073,27
2018-09-25,29.082,27
2018-09-26,29.06,27
2018-09-27,29.074,27
2018-09-28,29.073,27
2018-09-29,29.064,27
2018-09-30,28.968,27
2018-10-01,28.742,27
2018-10-02,28.54,27
2018-10-03,28.469,27
2018-10-04,28.55,27
2018-10-05,28.677,27
2018-10-06,28.731,27
2018-10-07,28.669,27
2018-10-08,28.353,27
2018-10-09,28.171,27
2018-10-10,28.056,27
2018-10-11,28.042,27
2018-10-12,27.853,27
2018-10-13,27.697,27
2018-10-14,27.575,27
2018-10-15,27.56,27
2018-10-16,27.529,27
2018-10-17,27.428,27
2018-10-18,27.209,27
2018-10-19,27.051,27
2018-10-20,26.81,27
2018-10-21,26.367,27
2018-10-22,26.17,27
2018-10-23,26.017,27
2018-10-24,25.481,27
2018-10-25,25.166,27
2018-10-26,24.762,27
2018-10-27,24.029,27
2018-10-28,23.686,27
2018-10-29,23.596,27
2018-10-30,23.529,27
2018-10-31,23.467,27
2018-11-01,23.446,27
2018-11-02,23.027,27
2018-11-03,22.676,27
2018-11-04,22.556,27
2018-11-05,22.629,27
2018-11-06,22.777,27
2018-11-07,22.856,27
2018-11-08,23.013,27
2018-11-09,23.079,27
2018-11-10,22.92,27
2018-11-11,22.57,27
2018-11-12,22.415,27
2018-11-13,22.379,27
2018-11-14,22.134,27
2018-11-15,21.532,27
2018-11-16,20.663,27
2018-11-17,20.568,27
2018-11-18,20.521,27
2018-11-19,20.361,27
2018-11-20,20.242,27
2018-11-21,20.122,27
2018-11-22,20.011,27
2018-11-23,19.901,27
2018-11-24,19.585,27
2018-11-25,19.343,27
2018-11-26,18.916,27
2018-11-27,18.33,27
2018-11-28,17.934,27
2018-11-29,17.598,27
2018-11-30,17.545,27
2018-12-01,17.589,27
2018-12-02,17.378,27
2018-12-03,16.81,27
2018-12-04,16.95,27
2018-12-05,16.896,27
2018-12-06,16.789,27
2018-12-07,16.519,27
2018-12-08,16.479,27
2018-12-09,16.679,27
2018-12-10,15.471,27
2018-12-11,15.376,27
2018-12-12,15.304,27
2018-12-13,15.168,27
2018-12-14,14.95,27
2018-12-15,14.544,27
2018-12-16,14.474,27
2018-12-17,14.449,27
2018-12-18,14.424,27
2018-12-19,14.497,27
2018-12-20,15.305,27
2018-12-21,15.226,27
2018-12-22,14.761,27
2018-12-23,14.701,27
2018-12-24,14.652,27
2018-12-25,14.861,27
2018-12-26,14.986,27
2018-12-27,15.044,27
2018-12-28,15.127,27
2018-12-29,15.226,27
2018-12-30,15.508,27
2018-12-31,15.807,27
2019-01-01,15.921,27
2019-01-02,16.247,27
2019-01-03,16.61,27
2019-01-04,15.336,27
2019-01-05,14.899,27
2019-01-06,14.798,27
2019-01-07,14.792,27
2019-01-08,15.167,27
2019-01-09,15.118,27
2019-01-10,14.968,27
2019-01-11,14.96,27
2019-01-12,14.972,27
2019-01-13,14.991,27
2019-01-14,14.889,27
2019-01-15,14.614,27
2019-01-16,14.206,27
2019-01-17,14.269,27
2019-01-18,14.262,27
2019-01-19,14.5,27
2019-01-20,13.912,27
2019-01-21,13.97,27
2019-01-22,13.83,27
2019-01-23,14.045,27
2019-01-24,13.777,27
2019-01-25,13.758,27
2019-01-26,13.798,27
2019-01-27,13.47,27
2019-01-28,13.327,27
2019-01-29,13.054,27
2019-01-30,12.769,27
2019-01-31,12.719,27
2019-02-01,12.772,27
2019-02-02,12.891,27
2019-02-03,13.078,27
2019-02-04,13.233,27
2019-02-05,13.271,27
2019-02-06,13.601,27
2019-02-07,14.787,27
2019-02-08,14.459,27
2019-02-09,14.273,27
2019-02-10,13.979,27
2019-02-11,14.037,27
2019-02-12,14.231,27
2019-02-13,13.963,27
2019-02-14,13.974,27
2019-02-15,14.048,27
2019-02-16,14.185,27
2019-02-17,14.531,27
2019-02-18,14.665,27
2019-02-19,14.706,27
2019-02-20,15.409,27
2019-02-21,15.724,27
2019-02-22,15.619,27
2019-02-23,15.611,27
2019-02-24,15.468,27
2019-02-25,15.427,27
2019-02-26,15.326,27
2019-02-27,15.887,27
2019-02-28,16.07,27
2019-03-01,15.995,27
2019-03-02,16.052,27
2019-03-03,16.115,27
2019-03-04,16.469,27
2019-03-05,16.14,27
2019-03-06,16.177,27
2019-03-07,16.172,27
2019-03-08,16.319,27
2019-03-09,16.601,27
2019-03-10,16.936,27
2019-03-11,17.32,27
2019-03-12,17.506,27
2019-03-13,17.349,27
2019-03-14,17.319,27
2019-03-15,17.464,27
2019-03-16,17.527,27
2019-03-17,17.288,27
2019-03-18,17.046,27
2019-03-19,16.739,27
2019-03-20,16.733,27
2019-03-21,16.693,27
2019-03-22,16.72,27
2019-03-23,16.769,27
2019-03-24,17.147,27
2019-03-25,17.281,27
2019-03-26,17.226,27
2019-03-27,16.932,27
2019-03-28,16.925,27
2019-03-29,16.972,27
2019-03-30,17.424,27
2019-03-31,17.513,27
2019-04-01,17.48,27
2019-04-02,17.092,27
2019-04-03,17.234,27
2019-04-04,17.309,27
2019-04-05,17.578,27
2019-04-06,17.919,27
2019-04-07,18.574,27
2019-04-08,18.625,27
2019-04-09,18.903,27
2019-04-10,19.461,27
2019-04-11,19.675,27
2019-04-12,19.812,27
2019-04-13,20.21,27
2019-04-14,20.433,27
2019-04-15,19.914,27
2019-04-16,19.633,27
2019-04-17,19.586,27
2019-04-18,19.787,27
2019-04-19,19.949,27
2019-04-20,19.835,27
2019-04-21,19.788,27
2019-04-22,20.049,27
2019-04-23,20.24,27
2019-04-24,20.426,27
2019-04-25,20.905,27
2019-04-26,21.007,27
2019-04-27,21.03,27
2019-04-28,21.008,27
2019-04-29,21.338,27
2019-04-30,22.62,27
2019-05-01,22.867,27
2019-05-02,23.005,27
2019-05-03,23.027,27
2019-05-04,23.028,27
2019-05-05,23.057,27
2019-05-06,23.468,27
2019-05-07,23.463,27
2019-05-08,23.453,27
2019-05-09,23.274,27
2019-05-10,23.434,27
2019-05-11,23.711,27
2019-05-12,24.1,27
2019-05-13,24.46,27
2019-05-14,24.395,27
2019-05-15,24.349,27
2019-05-16,24.378,27
2019-05-17,24.429,27
2019-05-18,24.523,27
2019-05-19,24.903,27
2019-05-20,25.139,27
2019-05-21,25.216,27
2019-05-22,25.633,27
2019-05-23,25.99,27
2019-05-24,26.07,27
2019-05-25,26.271,27
2019-05-26,26.637,27
2019-05-27,26.901,27
2019-05-28,27.439,27
2019-05-29,27.36,27
2019-05-30,27.294,27
2019-05-31,27.266,27
2019-06-01,27.227,27
2019-06-02,27.243,27
2019-06-03,27.256,27
2019-06-04,27.391,27
2019-06-05,27.494,27
2019-06-06,27.517,27
2019-06-07,27.708,27
2019-06-08,27.69,27
2019-06-09,28.069,27
2019-06-10,27.909,27
2019-06-11,27.906,27
2019-06-12,27.785,27
2019-06-13,27.838,27
2019-06-14,27.784,27
2019-06-15,27.906,27
2019-06-16,27.979,27
2019-06-17,27.993,27
2019-06-18,28.133,27
2019-06-19,28.127,27
2019-06-20,28.023,27
2019-06-21,28.651,27
2019-06-22,28.616,27
2019-06-23,28.606,27
2019-06-24,28.503,27
2019-06-25,28.488,27
2019-06-26,28.567,27
2019-06-27,28.979,27
2019-06-28,29.058,27
2019-06-29,29.024,27
2019-06-30,29.024,27
2019-07-01,29.336,27
2019-07-02,29.546,27
2019-07-03,29.71,27
2019-07-04,29.589,27
2019-07-05,29.499,27
2019-07-06,29.236,27
2019-07-07,29.191,27
2019-07-08,29.374,27
2019-07-09,29.619,27
2019-07-10,29.585,27
2019-07-11,29.555,27
2019-07-12,29.511,27
2019-07-13,29.074,27
2019-07-14,28.961,27
2019-07-15,29.43,27
2019-07-16,29.413,27
2019-07-17,29.42,27
2019-07-18,29.396,27
2019-07-19,29.199,27
2019-07-20,28.964,27
2019-07-21,28.873,27
2019-07-22,28.719,27
2019-07-23,28.622,27
2019-07-24,28.526,27
2019-07-25,27.674,27
2019-07-26,27.674,27
2019-07-27,27.887,27
2019-07-28,27.994,27
2019-07-29,27.85,27
2019-07-30,27.837,27
2019-07-31,27.867,27
2019-08-01,27.972,27
2019-08-02,28.14,27
2019-08-03,28.156,27
2019-08-04,28.177,27
2019-08-05,28.251,27
2019-08-06,28.806,27
2019-08-07,28.749,27
2019-08-08,29.119,27
2019-08-09,29.234,27
2019-08-10,29.235,27
2019-08-11,29.302,27
2019-08-12,29.565,27
2019-08-13,29.823,27
2019-08-14,29.815,27
2019-08-15,29.827,27
2019-08-16,29.318,27
2019-08-17,28.694,27
2019-08-18,28.213,27
2019-08-19,28.441,27
2019-08-20,28.846,27
2019-08-21,28.811,27
2019-08-22,28.715,27
2019-08-23,28.942,27
2019-08-24,29.009,27
2019-08-25,28.516,27
2019-08-26,27.95,27
2019-08-27,28.109,27
2019-08-28,28.682,27
2019-08-29,28.62,27
2019-08-30,28.585,27
2019-08-31,28.564,27
2019-09-01,28.661,27
2019-09-02,28.611,27
2019-09-03,28.585,27
2019-09-04,28.48,27
2019-09-05,28.155,27
2019-09-06,27.976,27
2019-09-07,28.52,27
2019-09-08,28.668,27
2019-09-09,28.628,27
2019-09-10,28.804,27
2019-09-11,28.904,27
2019-09-12,28.83,27
2019-09-13,28.471,27
2019-09-14,28.385,27
2019-09-15,28.342,27
2019-09-16,28.255,27
2019-09-17,28.27,27
2019-09-18,28.207,27
2019-09-19,28.054,27
2019-09-20,27.746,27
2019-09-21,27.201,27
2019-09-22,27.144,27
2019-09-23,27.159,27
2019-09-24,27.266,27
2019-09-25,27.351,27
2019-09-26,27.357,27
2019-09-27,27.403,27
2019-09-28,27.442,27
2019-09-29,27.522,27
2019-09-30,27.595,27
2019-10-01,27.638,27
2019-10-02,27.635,27
2019-10-03,27.694,27
2019-10-04,27.839,27
2019-10-05,27.81,27
2019-10-06,27.661,27
2019-10-07,27.575,27
2019-10-08,27.459,27
2019-10-09,27.083,27
2019-10-10,26.632,27
2019-10-11,26.429,27
2019-10-12,26.391,27
2019-10-13,26.209,27
2019-10-14,26.157,27
2019-10-15,26.199,27
2019-10-16,26.158,27
2019-10-17,25.952,27
2019-10-18,25.749,27
2019-10-19,25.43,27
2019-10-20,25.307,27
2019-10-21,25.238,27
2019-10-22,25.118,27
2019-10-23,24.854,27
2019-10-24,24.653,27
2019-10-25,24.642,27
2019-10-26,24.618,27
2019-10-27,24.769,27
2019-10-28,25.044,27
2019-10-29,25.083,27
2019-10-30,25.151,27
2019-10-31,24.987,27
2019-11-01,25.001,27
2019-11-02,24.44,27
2019-11-03,23.675,27
2019-11-04,23.57,27
2019-11-05,23.556,27
2019-11-06,23.257,27
2019-11-07,23.141,27
2019-11-08,23.07,27
2019-11-09,22.022,27
2019-11-10,21.985,27
2019-11-11,21.972,27
2019-11-12,22.044,27
2019-11-13,21.857,27
2019-11-14,20.977,27
2019-11-15,20.47,27
2019-11-16,19.87,27
2019-11-17,19.104,27
2019-11-18,18.817,27
2019-11-19,18.41,27
2019-11-20,18.344,27
2019-11-21,18.336,27
2019-11-22,18.431,27
2019-11-23,18.403,27
2019-11-24,17.974,27
2019-11-25,17.693,27
2019-11-26,17.736,27
2019-11-27,17.957,27
2019-11-28,18.063,27
2019-11-29,18.277,27
2019-11-30,18.336,27
2019-12-01,18.277,27
2019-12-02,18.056,27
2019-12-03,17.391,27
2019-12-04,17.161,27
2019-12-05,17.012,27
2019-12-06,16.877,27
2019-12-07,16.956,27
2019-12-08,16.916,27
2019-12-09,16.947,27
2019-12-10,16.839,27
2019-12-11,16.805,27
2019-12-12,16.613,27
2019-12-13,16.539,27
2019-12-14,15.915,27
2019-12-15,16.036,27
2019-12-16,16.115,27
2019-12-17,16.292,27
2019-12-18,15.804,27
2019-12-19,15.593,27
2019-12-20,15.534,27
2019-12-21,15.445,27
2019-12-22,15.437,27
2019-12-23,15.583,27
2019-12-24,15.906,27
2019-12-25,16.189,27
2019-12-26,16.436,27
2019-12-27,16.634,27
2019-12-28,16.747,27
2019-12-29,16.73,27
2019-12-30,16.451,27
2019-12-31,16.265,27
2020-01-01,16.167,27
2020-01-02,16,27
2020-01-03,15.28,27
2020-01-04,15.067,27
2020-01-05,15.055,27
2020-01-06,14.981,27
2020-01-07,14.836,27
2020-01-08,14.759,27
2020-01-09,14.79,27
2020-01-10,15.189,27
2020-01-11,15.364,27
2020-01-12,15.599,27
2020-01-13,16.553,27
2020-01-14,17.068,27
2020-01-15,17.373,27
2020-01-16,17.153,27
2020-01-17,16.652,27
2020-01-18,16.149,27
2020-01-19,15.928,27
2020-01-20,15.066,27
2020-01-21,14.996,27
2020-01-22,14.673,27
2020-01-23,14.56,27
2020-01-24,14.221,27
2020-01-25,14.088,27
2020-01-26,14.052,27
2020-01-27,14.15,27
2020-01-28,14.098,27
2020-01-29,14.172,27
2020-01-30,14.17,27
2020-01-31,14.283,27
2020-02-01,14.23,27
2020-02-02,13.914,27
2020-02-03,13.824,27
2020-02-04,13.776,27
2020-02-05,14.1,27
2020-02-06,14.091,27
2020-02-07,14.351,27
2020-02-08,14.344,27
2020-02-09,14.749,27
2020-02-10,14.779,27
2020-02-11,14.853,27
2020-02-12,15.167,27
2020-02-13,15.415,27
2020-02-14,15.013,27
2020-02-15,15.053,27
2020-02-16,14.99,27
2020-02-17,14.923,27
2020-02-18,15.327,27
2020-02-19,15.321,27
2020-02-20,15.246,27
2020-02-21,14.904,27
2020-02-22,14.49,27
2020-02-23,14.484,27
2020-02-24,14.448,27
2020-02-25,14.608,27
2020-02-26,14.492,27
2020-02-27,14.298,27
2020-02-28,14.16,27
2020-02-29,14.1,27
2020-03-01,14.134,27
2020-03-02,14.167,27
2020-03-03,14.528,27
2020-03-04,14.74,27
2020-03-05,14.812,27
2020-03-06,14.585,27
2020-03-07,14.459,27
2020-03-08,14.463,27
2020-03-09,14.751,27
2020-03-10,15.054,27
2020-03-11,15.452,27
2020-03-12,15.981,27
2020-03-13,16.59,27
2020-03-14,17.229,27
2020-03-15,18.25,27
2020-03-16,18.146,27
2020-03-17,17.707,27
2020-03-18,17.886,27
2020-03-19,19.227,27
2020-03-20,19.67,27
2020-03-21,20.318,27
2020-03-22,20.74,27
2020-03-23,20.796,27
2020-03-24,18.569,27
2020-03-25,18.647,27
2020-03-26,19.074,27
2020-03-27,19.314,27
2020-03-28,19.663,27
2020-03-29,20.372,27
2020-03-30,20.98,27
2020-03-31,21.023,27
2020-04-01,19.75,27
2020-04-02,19.415,27
2020-04-03,19.317,27
2020-04-04,19.327,27
2020-04-05,19.323,27
2020-04-06,19.272,27
2020-04-07,19.34,27
2020-04-08,20.731,27
2020-04-09,20.962,27
2020-04-10,20.909,27
2020-04-11,20.402,27
2020-04-12,20.405,27
2020-04-13,20.494,27
2020-04-14,20.538,27
2020-04-15,20.404,27
2020-04-16,20.273,27
2020-04-17,20.275,27
2020-04-18,20.346,27
2020-04-19,20.785,27
2020-04-20,21.327,27
2020-04-21,21.501,27
2020-04-22,21.466,27
2020-04-23,21.387,27
2020-04-24,21.662,27
2020-04-25,21.959,27
2020-04-26,21.826,27
2020-04-27,21.463,27
2020-04-28,21.343,27
2020-04-29,21.475,27
2020-04-30,21.643,27
2020-05-01,21.562,27
2020-05-02,21.607,27
2020-05-03,21.869,27
2020-05-04,22.589,27
2020-05-05,23.171,27
2020-05-06,23.126,27
2020-05-07,22.9,27
2020-05-08,22.523,27
2020-05-09,22.142,27
2020-05-10,22.081,27
2020-05-11,22.032,27
2020-05-12,21.955,27
2020-05-13,22.061,27
2020-05-14,22.085,27
2020-05-15,22.275,27
2020-05-16,22.68,27
2020-05-17,22.673,27
2020-05-18,22.744,27
2020-05-19,23.39,27
2020-05-20,23.969,27
2020-05-21,24.575,27
2020-05-22,24.97,27
2020-05-23,25.188,27
2020-05-24,25.537,27
2020-05-25,25.403,27
2020-05-26,25.118,27
2020-05-27,25.266,27
2020-05-28,25.382,27
2020-05-29,25.591,27
2020-05-30,26.026,27
2020-05-31,25.958,27
2020-06-01,25.758,27
2020-06-02,25.606,27
2020-06-03,25.451,27
2020-06-04,25.665,27
2020-06-05,25.7,27
2020-06-06,25.722,27
2020-06-07,25.743,27
2020-06-08,27.022,27
2020-06-09,27.35,27
2020-06-10,27.521,27
2020-06-11,27.314,27
2020-06-12,27.143,27
2020-06-13,26.577,27
2020-06-14,26.539,27
2020-06-15,26.259,27
2020-06-16,26.071,27
2020-06-17,25.776,27
2020-06-18,26.098,27
2020-06-19,26.134,27
2020-06-20,26.276,27
2020-06-21,27.09,27
2020-06-22,27.54,27
2020-06-23,27.536,27
2020-06-24,27.279,27
2020-06-25,27.378,27
2020-06-26,27.48,27
2020-06-27,27.733,27
2020-06-28,28.421,27
2020-06-29,28.497,27
2020-06-30,28.451,27
2020-07-01,28.177,27
2020-07-02,28.169,27
2020-07-03,28.166,27
2020-07-04,28.2,27
2020-07-05,28.42,27
2020-07-06,28.135,27
2020-07-07,28.057,27
2020-07-08,28.387,27
2020-07-09,28.519,27
2020-07-10,28.714,27
2020-07-11,28.93,27
2020-07-12,29.049,27
2020-07-13,29.214,27
2020-07-14,29.428,27
2020-07-15,29.461,27
2020-07-16,29.576,27
2020-07-17,29.738,27
2020-07-18,29.874,27
2020-07-19,30.096,27
2020-07-20,30.196,27
2020-07-21,30.171,27
2020-07-22,30.129,27
2020-07-23,30.11,27
2020-07-24,30.106,27
2020-07-25,29.821,27
2020-07-26,29.857,27
2020-07-27,29.915,27
2020-07-28,29.997,27
2020-07-29,30.132,27
2020-07-30,29.42,27
2020-07-31,29.734,27
2020-08-01,29.613,27
2020-08-02,29.566,27
2020-08-03,29.452,27
2020-08-04,29.456,27
2020-08-05,29.381,27
2020-08-06,29.483,27
2020-08-07,29.651,27
2020-08-08,29.871,27
2020-08-09,30.02,27
2020-08-10,29.968,27
2020-08-11,29.97,27
2020-08-12,29.761,27
2020-08-13,29.572,27
2020-08-14,29.617,27
2020-08-15,29.653,27
2020-08-16,29.657,27
2020-08-17,29.596,27
2020-08-18,29.607,27
2020-08-19,29.701,27
2020-08-20,29.774,27
2020-08-21,29.561,27
2020-08-22,29.474,27
2020-08-23,29.393,27
2020-08-24,29.36,27
2020-08-25,29.883,27
2020-08-26,29.978,27
2020-08-27,29.961,27
2020-08-28,29.747,27
2020-08-29,29.871,27
2020-08-30,29.931,27
2020-08-31,29.7,27
2020-09-01,29.609,27
2020-09-02,29.895,27
2020-09-03,30.029,27
2020-09-04,30.055,27
2020-09-05,30.028,27
2020-09-06,29.946,27
2020-09-07,29.627,27
2020-09-08,29.55,27
2020-09-09,29.379,27
2020-09-10,29.349,27
2020-09-11,29.462,27
2020-09-12,29.364,27
2020-09-13,29.277,27
2020-09-14,29.341,27
2020-09-15,29.304,27
2020-09-16,28.991,27
2020-09-17,28.793,27
2020-09-18,28.692,27
2020-09-19,28.379,27
2020-09-20,27.281,27
2020-09-21,26.507,27
2020-09-22,26.099,27
2020-09-23,26.082,27
2020-09-24,26.219,27
2020-09-25,26.373,27
2020-09-26,26.415,27
2020-09-27,26.452,27
2020-09-28,26.383,27
2020-09-29,25.966,27
2020-09-30,25.722,27
2020-10-01,25.606,27
2020-10-02,25.531,27
2020-10-03,25.581,27
2020-10-04,25.343,27
2020-10-05,25.107,27
2020-10-06,25.088,27
2020-10-07,25.042,27
2020-10-08,25.083,27
2020-10-09,25.136,27
2020-10-10,25.402,27
2020-10-11,25.469,27
2020-10-12,25.529,27
2020-10-13,25.55,27
2020-10-14,25.813,27
2020-10-15,25.903,27
2020-10-16,25.844,27
2020-10-17,25.438,27
2020-10-18,25.059,27
2020-10-19,24.967,27
2020-10-20,24.853,27
2020-10-21,24.799,27
2020-10-22,24.841,27
2020-10-23,24.88,27
2020-10-24,24.843,27
2020-10-25,24.827,27
2020-10-26,24.779,27
2020-10-27,24.78,27
2020-10-28,24.839,27
2020-10-29,24.95,27
2020-10-30,25.009,27
2020-10-31,24.951,27
2020-11-01,23.917,27
2020-11-02,23.43,27
2020-11-03,23.281,27
2020-11-04,23.106,27
2020-11-05,23.019,27
2020-11-06,22.896,27
2020-11-07,22.896,27
2020-11-08,22.82,27
2020-11-09,22.611,27
2020-11-10,22.662,27
2020-11-11,22.664,27
2020-11-12,22.796,27
2020-11-13,22.859,27
2020-11-14,22.89,27
2020-11-15,22.941,27
2020-11-16,22.679,27
2020-11-17,22.349,27
2020-11-18,22.183,27
2020-11-19,21.957,27
2020-11-20,21.648,27
2020-11-21,21.497,27
2020-11-22,21.401,27
2020-11-23,21.206,27
2020-11-24,21.168,27
2020-11-25,21.093,27
2020-11-26,21.038,27
2020-11-27,21.053,27
2020-11-28,20.946,27
2020-11-29,20.951,27
2020-11-30,20.244,27
2020-12-01,19.754,27
2020-12-02,19.59,27
2020-12-03,19.449,27
2020-12-04,18.819,27
2020-12-05,18.808,27
2020-12-06,18.769,27
2020-12-07,18.186,27
2020-12-08,17.821,27
2020-12-09,17.569,27
2020-12-10,17.191,27
2020-12-11,16.881,27
2020-12-12,16.851,27
2020-12-13,17.011,27
2020-12-14,17.141,27
2020-12-15,17.383,27
2020-12-16,17.252,27
2020-12-17,16.465,27
2020-12-18,16.386,27
2020-12-19,16.288,27
2020-12-20,16.252,27
2020-12-21,15.504,27
2020-12-22,15.428,27
2020-12-23,15.392,27
2020-12-24,15.309,27
2020-12-25,14.811,27
2020-12-26,14.337,27
2020-12-27,14.275,27
2020-12-28,14.316,27
2020-12-29,14.444,27
2020-12-30,14.794,27
2020-12-31,14.831,27
2021-01-01,14.927,27
2021-01-02,15.053,27
2021-01-03,14.646,27
2021-01-04,14.704,27
2021-01-05,14.677,27
2021-01-06,14.729,27
2021-01-07,14.906,27
2021-01-08,14.997,27
2021-01-09,14.801,27
2021-01-10,14.45,27
2021-01-11,14.274,27
2021-01-12,14.169,27
2021-01-13,13.667,27
2021-01-14,13.692,27
2021-01-15,13.666,27
2021-01-16,13.618,27
2021-01-17,13.353,27
2021-01-18,13.177,27
2021-01-19,12.677,27
2021-01-20,12.453,27
2021-01-21,12.496,27
2021-01-22,13.043,27
2021-01-23,13.096,27
2021-01-24,13.214,27
2021-01-25,13.434,27
2021-01-26,13.559,27
2021-01-27,13.538,27
2021-01-28,13.648,27
2021-01-29,13.663,27
2021-01-30,13.725,27
2021-01-31,13.713,27
2021-02-01,13.513,27
2021-02-02,12.797,27
2021-02-03,12.74,27
2021-02-04,12.507,27
2021-02-05,12.403,27
2021-02-06,12.29,27
2021-02-07,12.556,27
2021-02-08,12.597,27
2021-02-09,12.617,27
2021-02-10,13.509,27
2021-02-11,13.86,27
2021-02-12,13.755,27
2021-02-13,13.477,27
2021-02-14,13.563,27
2021-02-15,12.648,27
2021-02-16,12.975,27
2021-02-17,13.045,27
2021-02-18,13.265,27
2021-02-19,12.789,27
2021-02-20,12.703,27
2021-02-21,12.648,27
2021-02-22,12.904,27
2021-02-23,12.943,27
2021-02-24,13.139,27
2021-02-25,13.794,27
2021-02-26,15.128,27
2021-02-27,15.529,27
2021-02-28,15.667,27
2021-03-01,16.337,27
2021-03-02,15.852,27
2021-03-03,14.486,27
2021-03-04,14.396,27
2021-03-05,14.399,27
2021-03-06,13.921,27
2021-03-07,13.773,27
2021-03-08,13.763,27
2021-03-09,13.853,27
2021-03-10,14.309,27
2021-03-11,14.667,27
2021-03-12,14.623,27
2021-03-13,14.479,27
2021-03-14,14.664,27
2021-03-15,16.237,27
2021-03-16,16.026,27
2021-03-17,15.864,27
2021-03-18,15.803,27
2021-03-19,15.814,27
2021-03-20,15.821,27
2021-03-21,15.331,27
2021-03-22,15.213,27
2021-03-23,15.318,27
2021-03-24,15.536,27
2021-03-25,16.597,27
2021-03-26,16.576,27
2021-03-27,16.752,27
2021-03-28,18.126,27
2021-03-29,17.837,27
2021-03-30,17.78,27
2021-03-31,17.628,27
2021-04-01,17.06,27
2021-04-02,16.715,27
2021-04-03,16.605,27
2021-04-04,16.671,27
2021-04-05,17.117,27
2021-04-06,17.279,27
2021-04-07,17.499,27
2021-04-08,18.363,27
2021-04-09,18.69,27
2021-04-10,18.919,27
2021-04-11,18.559,27
2021-04-12,18.6,27
2021-04-13,18.865,27
2021-04-14,19.325,27
2021-04-15,19.5,27
2021-04-16,19.321,27
2021-04-17,19.44,27
2021-04-18,19.516,27
2021-04-19,19.755,27
2021-04-20,19.932,27
2021-04-21,19.954,27
2021-04-22,19.909,27
2021-04-23,19.829,27
2021-04-24,19.439,27
2021-04-25,19.694,27
2021-04-26,19.969,27
2021-04-27,20.16,27
2021-04-28,20.884,27
2021-04-29,21.081,27
2021-04-30,21.156,27
2021-05-01,21.454,27
2021-05-02,21.73,27
2021-05-03,21.981,27
2021-05-04,22.304,27
2021-05-05,23.338,27
2021-05-06,23.044,27
2021-05-07,22.237,27
2021-05-08,22.21,27
2021-05-09,22.189,27
2021-05-10,22.269,27
2021-05-11,23.153,27
2021-05-12,22.891,27
2021-05-13,22.411,27
2021-05-14,22.161,27
2021-05-15,22.14,27
2021-05-16,22.104,27
2021-05-17,22.34,27
2021-05-18,22.345,27
2021-05-19,22.397,27
2021-05-20,22.772,27
2021-05-21,22.831,27
2021-05-22,22.995,27
2021-05-23,23.354,27
2021-05-24,23.407,27
2021-05-25,23.474,27
2021-05-26,23.944,27
2021-05-27,24.57,27
2021-05-28,24.609,27
2021-05-29,24.549,27
2021-05-30,24.358,27
2021-05-31,24.295,27
2021-06-01,24.291,27
2021-06-02,24.33,27
2021-06-03,25.007,27
2021-06-04,25.142,27
2021-06-05,25.434,27
2021-06-06,25.785,27
2021-06-07,26.22,27
2021-06-08,26.347,27
2021-06-09,26.216,27
2021-06-10,25.777,27
2021-06-11,25.884,27
2021-06-12,26.041,27
2021-06-13,26.189,27
2021-06-14,26.403,27
2021-06-15,26.484,27
2021-06-16,26.472,27
2021-06-17,26.396,27
2021-06-18,26.543,27
2021-06-19,26.612,27
2021-06-20,26.969,27
2021-06-21,26.885,27
2021-06-22,26.783,27
2021-06-23,26.744,27
2021-06-24,26.683,27
2021-06-25,26.48,27
2021-06-26,26.673,27
2021-06-27,26.769,27
2021-06-28,26.778,27
2021-06-29,26.797,27
2021-06-30,26.795,27
2021-07-01,26.918,27
2021-07-02,27.011,27
2021-07-03,27.116,27
2021-07-04,27.169,27
2021-07-05,27.172,27
2021-07-06,27.202,27
2021-07-07,27.11,27
2021-07-08,27.535,27
2021-07-09,27.605,27
2021-07-10,27.607,27
2021-07-11,27.61,27
2021-07-12,27.723,27
2021-07-13,27.76,27
2021-07-14,28.094,27
2021-07-15,29.272,27
2021-07-16,29.082,27
2021-07-17,28.361,27
2021-07-18,28.557,27
2021-07-19,28.646,27
2021-07-20,28.576,27
2021-07-21,28.37,27
2021-07-22,28.179,27
2021-07-23,28.231,27
2021-07-24,28.134,27
2021-07-25,28.066,27
2021-07-26,28.09,27
2021-07-27,28.245,27
2021-07-28,28.643,27
2021-07-29,29.024,27
2021-07-30,28.995,27
2021-07-31,29.047,27
2021-08-01,29.134,27
2021-08-02,29.09,27
2021-08-03,28.886,27
2021-08-04,28.763,27
2021-08-05,28.684,27
2021-08-06,28.574,27
2021-08-07,28.436,27
2021-08-08,28.606,27
2021-08-09,28.82,27
2021-08-10,29.23,27
2021-08-11,29.407,27
2021-08-12,29.521,27
2021-08-13,29.544,27
2021-08-14,29.548,27
2021-08-15,29.24,27
2021-08-16,29.171,27
2021-08-17,29.152,27
2021-08-18,29.424,27
2021-08-19,29.786,27
2021-08-20,29.876,27
2021-08-21,29.813,27
2021-08-22,29.653,27
2021-08-23,29.234,27
2021-08-24,29.109,27
2021-08-25,29.14,27
2021-08-26,29.294,27
2021-08-27,29.067,27
2021-08-28,28.845,27
2021-08-29,28.977,27
2021-08-30,28.913,27
2021-08-31,28.868,27
2021-09-01,28.787,27
2021-09-02,28.53,27
2021-09-03,28.377,27
2021-09-04,28.298,27
2021-09-05,28.362,27
2021-09-06,28.444,27
2021-09-07,28.486,27
2021-09-08,28.37,27
2021-09-09,28.39,27
2021-09-10,28.231,27
2021-09-11,27.889,27
2021-09-12,27.801,27
2021-09-13,27.923,27
2021-09-14,28.168,27
2021-09-15,28.099,27
2021-09-16,28.103,27
2021-09-17,28.13,27
2021-09-18,28.091,27
2021-09-19,28.076,27
2021-09-20,27.995,27
2021-09-21,27.982,27
2021-09-22,28.013,27
2021-09-23,27.819,27
2021-09-24,27.52,27
2021-09-25,27.369,27
2021-09-26,27.35,27
2021-09-27,27.382,27
2021-09-28,27.369,27
2021-09-29,27.21,27
2021-09-30,27.317,27
2021-10-01,27.325,27
2021-10-02,27.4,27
2021-10-03,27.701,27
2021-10-04,27.663,27
2021-10-05,27.646,27
2021-10-06,27.479,27
2021-10-07,27.453,27
2021-10-08,27.227,27
2021-10-09,26.89,27
2021-10-10,26.944,27
2021-10-11,26.873,27
2021-10-12,26.857,27
2021-10-13,26.818,27
2021-10-14,26.781,27
2021-10-15,26.403,27
2021-10-16,25.937,27
2021-10-17,25.833,27
2021-10-18,25.747,27
2021-10-19,25.625,27
2021-10-20,25.379,27
2021-10-21,25.35,27
2021-10-22,25,27
2021-10-23,24.982,27
2021-10-24,24.917,27
2021-10-25,24.775,27
2021-10-26,24.786,27
2021-10-27,24.744,27
2021-10-28,24.88,27
2021-10-29,24.091,27
2021-10-30,23.813,27
2021-10-31,23.561,27
2021-11-01,23.049,27
2021-11-02,22.973,27
2021-11-03,22.893,27
2021-11-04,22.703,27
2021-11-05,22.609,27
2021-11-06,22.488,27
2021-11-07,20.251,27
2021-11-08,20.412,27
2021-11-09,20.451,27
2021-11-10,20.127,27
2021-11-11,20.113,27
2021-11-12,19.976,27
2021-11-13,19.401,27
2021-11-14,19.4,27
2021-11-15,19.282,27
2021-11-16,19.202,27
2021-11-17,19.119,27
2021-11-18,19.219,27
2021-11-19,19.4,27
2021-11-20,19.22,27
2021-11-21,19.093,27
2021-11-22,18.941,27
2021-11-23,18.465,27
2021-11-24,18.469,27
2021-11-25,18.309,27
2021-11-26,17.885,27
2021-11-27,17.75,27
2021-11-28,17.763,27
2021-11-29,16.817,27
2021-11-30,16.819,27
2021-12-01,16.792,27
2021-12-02,16.896,27
2021-12-03,16.93,27
2021-12-04,17.25,27
2021-12-05,16.871,27
2021-12-06,16.992,27
2021-12-07,17.13,27
2021-12-08,17.365,27
2021-12-09,17.408,27
2021-12-10,17.457,27
2021-12-11,17.516,27
2021-12-12,17.174,27
2021-12-13,17.141,27
2021-12-14,17.175,27
2021-12-15,17.38,27
2021-12-16,17.543,27
2021-12-17,17.481,27
2021-12-18,17.571,27
2021-12-19,17.464,27
2021-12-20,17.729,27
2021-12-21,17.812,27
2021-12-22,18.363,27
2021-12-23,18.456,27
2021-12-24,18.338,27
2021-12-25,18.086,27
2021-12-26,17.329,27
2021-12-27,16.662,27
2021-12-28,16.576,27
2021-12-29,16.834,27
2021-12-30,17.06,27
2021-12-31,17.454,27
2022-01-01,17.655,27
2022-01-02,17.621,27
2022-01-03,17.542,27
2022-01-04,17.457,27
2022-01-05,17.333,27
2022-01-06,17.162,27
2022-01-07,17.15,27
2022-01-08,17.047,27
2022-01-09,16.767,27
2022-01-10,16.629,27
2022-01-11,16.511,27
2022-01-12,16.471,27
2022-01-13,16.124,27
2022-01-14,15.722,27
2022-01-15,15.784,27
2022-01-16,15.48,27
2022-01-17,15.414,27
2022-01-18,15.324,27
2022-01-19,15.1,27
2022-01-20,14.918,27
2022-01-21,15.065,27
2022-01-22,14.448,27
2022-01-23,14.345,27
2022-01-24,14.234,27
2022-01-25,14.21,27
2022-01-26,14.436,27
2022-01-27,14.395,27
2022-01-28,13.182,27
2022-01-29,12.721,27
2022-01-30,12.817,27
2022-01-31,12.733,27
2022-02-01,12.89,27
2022-02-02,12.847,27
2022-02-03,13.317,27
2022-02-04,13.361,27
2022-02-05,13.524,27
2022-02-06,13.277,27
2022-02-07,13.648,27
2022-02-08,12.667,27
2022-02-09,12.347,27
2022-02-10,12.351,27
2022-02-11,12.264,27
2022-02-12,12.689,27
2022-02-13,12.347,27
2022-02-14,12.416,27
2022-02-15,12.627,27
2022-02-16,12.984,27
2022-02-17,13.359,27
2022-02-18,13.408,27
2022-02-19,13.47,27
2022-02-20,13.514,27
2022-02-21,13.871,27
2022-02-22,14.634,27
2022-02-23,14.846,27
2022-02-24,15.705,27
2022-02-25,15.963,27
2022-02-26,16.288,27
2022-02-27,16.553,27
2022-02-28,15.24,27
2022-03-01,15.266,27
2022-03-02,15.277,27
2022-03-03,15.74,27
2022-03-04,15.684,27
2022-03-05,15.815,27
2022-03-06,16.086,27
2022-03-07,16.463,27
2022-03-08,16.815,27
2022-03-09,17.207,27
2022-03-10,16.998,27
2022-03-11,17.067,27
2022-03-12,16.467,27
2022-03-13,16.25,27
2022-03-14,16.108,27
2022-03-15,16.069,27
2022-03-16,16.477,27
2022-03-17,16.668,27
2022-03-18,16.59,27
2022-03-19,16.672,27
2022-03-20,17.129,27
2022-03-21,17.119,27
2022-03-22,17.512,27
2022-03-23,17.495,27
2022-03-24,17.403,27
2022-03-25,17.426,27
2022-03-26,17.49,27
2022-03-27,17.571,27
2022-03-28,17.662,27
2022-03-29,17.713,27
2022-03-30,17.84,27
2022-03-31,18.206,27
2022-04-01,18.178,27
2022-04-02,18.269,27
2022-04-03,19.337,27
2022-04-04,19.356,27
2022-04-05,19.359,27
2022-04-06,19.495,27
2022-04-07,20.222,27
2022-04-08,20.092,27
2022-04-09,19.937,27
2022-04-10,19.51,27
2022-04-11,19.839,27
2022-04-12,20.147,27
2022-04-13,20.79,27
2022-04-14,20.58,27
2022-04-15,20.773,27
2022-04-16,20.796,27
2022-04-17,20.59,27
2022-04-18,20.572,27
2022-04-19,20.661,27
2022-04-20,20.68,27
2022-04-21,20.793,27
2022-04-22,20.831,27
2022-04-23,20.979,27
2022-04-24,21.203,27
2022-04-25,21.606,27
2022-04-26,21.676,27
2022-04-27,21.918,27
2022-04-28,21.744,27
2022-04-29,21.791,27
2022-04-30,22,27
2022-05-01,22.085,27
2022-05-02,22.077,27
2022-05-03,22.209,27
2022-05-04,22.908,27
2022-05-05,25.181,27
2022-05-06,24.046,27
2022-05-07,23.79,27
2022-05-08,23.378,27
2022-05-09,23.15,27
2022-05-10,22.742,27
2022-05-11,22.521,27
2022-05-12,22.393,27
2022-05-13,22.384,27
2022-05-14,22.144,27
2022-05-15,22.925,27
2022-05-16,23.539,27
2022-05-17,23.713,27
2022-05-18,24.135,27
2022-05-19,24.255,27
2022-05-20,24.486,27
2022-05-21,24.51,27
2022-05-22,24.484,27
2022-05-23,24.55,27
2022-05-24,24.904,27
2022-05-25,25.636,27
2022-05-26,25.75,27
2022-05-27,25.846,27
2022-05-28,25.972,27
2022-05-29,26.072,27
2022-05-30,26.059,27
2022-05-31,26.166,27
2022-06-01,26.733,27
2022-06-02,26.707,27
2022-06-03,26.774,27
2022-06-04,26.844,27
2022-06-05,26.949,27
2022-06-06,26.596,27
2022-06-07,26.556,27
2022-06-08,26.559,27
2022-06-09,26.798,27
2022-06-10,26.81,27
2022-06-11,26.766,27
2022-06-12,26.817,27
2022-06-13,27.923,27
2022-06-14,27.966,27
2022-06-15,28.166,27
2022-06-16,28.309,27
2022-06-17,28.317,27
2022-06-18,29.127,27
2022-06-19,28.579,27
2022-06-20,28.543,27
2022-06-21,28.247,27
2022-06-22,28.818,27
2022-06-23,28.863,27
2022-06-24,28.759,27
2022-06-25,28.689,27
2022-06-26,28.583,27
2022-06-27,29.906,27
2022-06-28,29.63,27
2022-06-29,29.762,27
2022-06-30,29.522,27
2022-07-01,29.263,27
2022-07-02,28.94,27
2022-07-03,28.939,27
2022-07-04,28.956,27
2022-07-05,29.665,27
2022-07-06,29.698,27
2022-07-07,29.74,27
2022-07-08,29.556,27
2022-07-09,29.353,27
2022-07-10,29.326,27
2022-07-11,29.394,27
2022-07-12,29.254,27
2022-07-13,29.963,27
2022-07-14,29.876,27
2022-07-15,29.874,27
2022-07-16,29.566,27
2022-07-17,29.406,27
2022-07-18,29.471,27
2022-07-19,29.528,27
2022-07-20,29.408,27
2022-07-21,29.475,27
2022-07-22,29.462,27
2022-07-23,29.481,27
2022-07-24,29.644,27
2022-07-25,29.681,27
2022-07-26,29.149,27
2022-07-27,28.567,27
2022-07-28,28.583,27
2022-07-29,28.931,27
2022-07-30,28.751,27
2022-07-31,28.705,27
2022-08-01,28.753,27
2022-08-02,28.786,27
2022-08-03,28.87,27
2022-08-04,28.888,27
2022-08-05,28.865,27
2022-08-06,29.37,27
2022-08-07,29.598,27
2022-08-08,29.539,27
2022-08-09,29.64,27
2022-08-10,29.441,27
2022-08-11,29.452,27
2022-08-12,29.423,27
2022-08-13,28.368,27
2022-08-14,28.629,27
2022-08-15,28.62,27
2022-08-16,28.818,27
2022-08-17,29.005,27
2022-08-18,29.021,27
2022-08-19,29.555,27
2022-08-20,30.127,27
2022-08-21,30.095,27
2022-08-22,29.76,27
2022-08-23,29.63,27
2022-08-24,29.583,27
2022-08-25,29.428,27
2022-08-26,29.362,27
2022-08-27,29.261,27
2022-08-28,29.235,27
2022-08-29,29.145,27
2022-08-30,29.091,27
2022-08-31,29.061,27
2022-09-01,29.461,27
2022-09-02,29.627,27
2022-09-03,29.627,27
2022-09-04,29.321,27
2022-09-05,29.248,27
2022-09-06,29.683,27
2022-09-07,29.609,27
2022-09-08,29.601,27
2022-09-09,29.436,27
2022-09-10,29.303,27
2022-09-11,29.308,27
2022-09-12,29.246,27
2022-09-13,29.251,27
2022-09-14,29.256,27
2022-09-15,28.561,27
2022-09-16,28.623,27
2022-09-17,28.598,27
2022-09-18,28.144,27
2022-09-19,28.141,27
2022-09-20,28,27
2022-09-21,28.03,27
2022-09-22,27.967,27
2022-09-23,27.712,27
2022-09-24,27.633,27
2022-09-25,27.563,27
2022-09-26,27.826,27
2022-09-27,27.66,27
2022-09-28,27.456,27
2022-09-29,27.342,27
2022-09-30,25.401,27
2022-10-01,24.38,27
2022-10-02,24.488,27
2022-10-03,24.267,27
2022-10-04,23.681,27
2022-10-05,23.658,27
2022-10-06,23.647,27
2022-10-07,23.758,27
2022-10-08,23.818,27
2022-10-09,23.962,27
2022-10-10,24.57,27
2022-10-11,24.783,27
2022-10-12,24.887,27
2022-10-13,24.162,27
2022-10-14,24.063,27
2022-10-15,24.189,27
2022-10-16,24.221,27
2022-10-17,24.298,27
2022-10-18,23.723,27
2022-10-19,23.341,27
2022-10-20,23.006,27
2022-10-21,22.744,27
2022-10-22,22.76,27
2022-10-23,22.668,27
2022-10-24,22.577,27
2022-10-25,22.51,27
2022-10-26,22.597,27
2022-10-27,22.518,27
2022-10-28,22.571,27
2022-10-29,22.192,27
2022-10-30,22.367,27
2022-10-31,22.889,27
2022-11-01,22.697,27
2022-11-02,22.556,27
2022-11-03,22.343,27
2022-11-04,22.357,27
2022-11-05,22.446,27
2022-11-06,22.69,27
2022-11-07,22.727,27
2022-11-08,22.732,27
2022-11-09,22.723,27
2022-11-10,22.185,27
2022-11-11,21.814,27
2022-11-12,21.787,27
2022-11-13,21.781,27
2022-11-14,21.432,27
2022-11-15,21.358,27
2022-11-16,21.172,27
2022-11-17,19.624,27
2022-11-18,19.955,27
2022-11-19,19.936,27
2022-11-20,19.887,27
2022-11-21,19.535,27
2022-11-22,19.359,27
2022-11-23,18.874,27
2022-11-24,18.778,27
2022-11-25,18.713,27
2022-11-26,18.783,27
2022-11-27,19.281,27
2022-11-28,19.256,27
2022-11-29,19.224,27
2022-11-30,19.03,27
2022-12-01,18.696,27
2022-12-02,18.878,27
2022-12-03,18.843,27
2022-12-04,19.039,27
2022-12-05,18.888,27
2022-12-06,18.967,27
2022-12-07,18.96,27
2022-12-08,19.026,27
2022-12-09,19.035,27
2022-12-10,19.07,27
2022-12-11,19.119,27
2022-12-12,19.073,27
2022-12-13,18.901,27
2022-12-14,18.823,27
2022-12-15,18.052,27
2022-12-16,18.019,27
2022-12-17,17.77,27
2022-12-18,17.334,27
2022-12-19,17.192,27
2022-12-20,17.116,27
2022-12-21,17.14,27
2022-12-22,16.917,27
2022-12-23,16.291,27
2022-12-24,15.519,27
2022-12-25,14.869,27
2022-12-26,14.457,27
2022-12-27,14.163,27
2022-12-28,13.994,27
2022-12-29,14.023,27
2022-12-30,14.271,27
2022-12-31,14.953,27
2023-01-01,13.899,27
2023-01-02,13.95,27
2023-01-03,14.034,27
2023-01-04,14.595,27
2023-01-05,14.051,27
2023-01-06,14.024,27
2023-01-07,13.965,27
2023-01-08,14.14,27
2023-01-09,14.201,27
2023-01-10,14.355,27
2023-01-11,14.306,27
2023-01-12,14.339,27
2023-01-13,14.104,27
2023-01-14,13.913,27
2023-01-15,13.872,27
2023-01-16,13.696,27
2023-01-17,13.441,27
2023-01-18,13.37,27
2023-01-19,13.67,27
2023-01-20,13.749,27
2023-01-21,13.8,27
2023-01-22,13.796,27
2023-01-23,13.987,27
2023-01-24,14.003,27
2023-01-25,14.052,27
2023-01-26,13.993,27
2023-01-27,14.014,27
2023-01-28,13.966,27
2023-01-29,13.773,27
2023-01-30,14.879,27
2023-01-31,14.884,27
2023-02-01,15.088,27
2023-02-02,14.476,27
2023-02-03,14.577,27
2023-02-04,14.326,27
2023-02-05,14.406,27
2023-02-06,14.548,27
2023-02-07,14.499,27
2023-02-08,15.21,27
2023-02-09,15.352,27
2023-02-10,15.478,27
2023-02-11,16.027,27
2023-02-12,14.464,27
2023-02-13,14.48,27
2023-02-14,14.78,27
2023-02-15,15.074,27
2023-02-16,15.456,27
2023-02-17,15.275,27
2023-02-18,14.96,27
2023-02-19,15.166,27
2023-02-20,15.141,27
2023-02-21,15.995,27
2023-02-22,16.423,27
2023-02-23,16.44,27
2023-02-24,16.955,27
2023-02-25,17.716,27
2023-02-26,17.782,27
2023-02-27,17.939,27
2023-02-28,17.954,27
2023-03-01,18.832,27
2023-03-02,19.214,27
2023-03-03,19.437,27
2023-03-04,19.349,27
2023-03-05,19.486,27
2023-03-06,19.485,27
2023-03-07,19.516,27
2023-03-08,19.265,27
2023-03-09,19.084,27
2023-03-10,18.649,27
2023-03-11,18.581,27
2023-03-12,18.563,27
2023-03-13,18.124,27
2023-03-14,18.086,27
2023-03-15,17.633,27
2023-03-16,17.505,27
2023-03-17,17.444,27
2023-03-18,17.702,27
2023-03-19,17.497,27
2023-03-20,17.175,27
2023-03-21,17.043,27
2023-03-22,17.287,27
2023-03-23,17.886,27
2023-03-24,18.129,27
2023-03-25,18.384,27
2023-03-26,18.663,27
2023-03-27,18.886,27
2023-03-28,19.223,27
2023-03-29,18.666,27
2023-03-30,18.719,27
2023-03-31,18.755,27
2023-04-01,18.81,27
2023-04-02,18.778,27
2023-04-03,20.229,27
2023-04-04,21.473,27
2023-04-05,21.451,27
2023-04-06,21.729,27
2023-04-07,22.381,27
2023-04-08,22.129,27
2023-04-09,21.881,27
2023-04-10,20.17,27
2023-04-11,18.931,27
2023-04-12,19.002,27
2023-04-13,19.229,27
2023-04-14,19.757,27
2023-04-15,19.719,27
2023-04-16,20.568,27
2023-04-17,20.824,27
2023-04-18,20.665,27
2023-04-19,20.641,27
2023-04-20,21.069,27
2023-04-21,21.329,27
2023-04-22,21.439,27
2023-04-23,21.268,27
2023-04-24,21.172,27
2023-04-25,20.984,27
2023-04-26,21.044,27
2023-04-27,20.931,27
2023-04-28,20.994,27
2023-04-29,21.827,27
2023-04-30,21.766,27
2023-05-01,21.635,27
2023-05-02,21.575,27
2023-05-03,21.444,27
2023-05-04,21.553,27
2023-05-05,21.557,27
2023-05-06,21.882,27
2023-05-07,21.838,27
2023-05-08,21.802,27
2023-05-09,22.347,27
2023-05-10,22.919,27
2023-05-11,22.886,27
2023-05-12,22.971,27
2023-05-13,23.486,27
2023-05-14,23.577,27
2023-05-15,23.627,27
2023-05-16,24.132,27
2023-05-17,24.228,27
2023-05-18,24.44,27
2023-05-19,23.877,27
2023-05-20,24.207,27
2023-05-21,24.247,27
2023-05-22,24.394,27
2023-05-23,24.43,27
2023-05-24,23.793,27
2023-05-25,23.779,27
2023-05-26,23.743,27
2023-05-27,23.925,27
2023-05-28,22.326,27
2023-05-29,21.965,27
2023-05-30,22.015,27
2023-05-31,22.252,27
2023-06-01,22.551,27
2023-06-02,22.991,27
2023-06-03,23.356,27
2023-06-04,23.039,27
2023-06-05,23.057,27
2023-06-06,23.076,27
2023-06-07,23.594,27
2023-06-08,24.452,27
2023-06-09,24.594,27
2023-06-10,24.819,27
2023-06-11,24.772,27
2023-06-12,25.83,27
2023-06-13,25.742,27
2023-06-14,25.858,27
2023-06-15,25.882,27
2023-06-16,25.154,27
2023-06-17,25.401,27
2023-06-18,25.473,27
2023-06-19,25.516,27
2023-06-20,25.721,27
2023-06-21,25.83,27
2023-06-22,26.006,27
2023-06-23,26.116,27
2023-06-24,25.987,27
2023-06-25,26.393,27
2023-06-26,26.429,27
2023-06-27,26.887,27
2023-06-28,27.278,27
2023-06-29,27.573,27
2023-06-30,27.534,27
2023-07-01,27.628,27
2023-07-02,27.209,27
2023-07-03,27.316,27
2023-07-04,27.739,27
2023-07-05,28.144,27
2023-07-06,28.43,27
2023-07-07,27.866,27
2023-07-08,28.36,27
2023-07-09,28.15,27
2023-07-10,28.788,27
2023-07-11,29.087,27
2023-07-12,29.111,27
2023-07-13,29.416,27
2023-07-14,29.373,27
2023-07-15,29.518,27
2023-07-16,29.22,27
2023-07-17,29.127,27
2023-07-18,29.26,27
2023-07-19,29.255,27
2023-07-20,29.381,27
2023-07-21,29.575,27
2023-07-22,29.668,27
2023-07-23,29.691,27
2023-07-24,29.239,27
2023-07-25,29.286,27
2023-07-26,30.057,27
2023-07-27,30.146,27
2023-07-28,29.706,27
2023-07-29,29.392,27
2023-07-30,29.461,27
2023-07-31,29.361,27
2023-08-01,29.282,27
2023-08-02,29.293,27
2023-08-03,29.342,27
2023-08-04,29.058,27
2023-08-05,29.316,27
2023-08-06,29.527,27
2023-08-07,29.695,27
2023-08-08,29.589,27
2023-08-09,29.591,27
2023-08-10,29.596,27
2023-08-11,30.467,27
2023-08-12,30.551,27
2023-08-13,30.569,27
2023-08-14,30.396,27
2023-08-15,30.404,27
2023-08-16,29.863,27
2023-08-17,29.47,27
2023-08-18,29.731,27
2023-08-19,29.661,27
2023-08-20,29.739,27
2023-08-21,29.623,27
2023-08-22,29.852,27
2023-08-23,29.606,27
2023-08-24,29.63,27
2023-08-25,29.662,27
2023-08-26,29.816,27
2023-08-27,29.85,27
2023-08-28,29.873,27
2023-08-29,29.849,27
2023-08-30,28.985,27
2023-08-31,29.255,27
2023-09-01,28.992,27
2023-09-02,28.765,27
2023-09-03,28.616,27
2023-09-04,28.76,27
2023-09-05,28.751,27
2023-09-06,28.944,27
2023-09-07,28.956,27
2023-09-08,28.929,27
2023-09-09,28.8,27
2023-09-10,28.861,27
2023-09-11,28.97,27
2023-09-12,28.943,27
2023-09-13,28.977,27
2023-09-14,29.167,27
2023-09-15,28.9,27
2023-09-16,28.749,27
2023-09-17,28.754,27
2023-09-18,28.206,27
2023-09-19,28.245,27
2023-09-20,28.049,27
2023-09-21,27.796,27
2023-09-22,27.495,27
2023-09-23,27.407,27
2023-09-24,27.307,27
2023-09-25,27.232,27
2023-09-26,27.244,27
2023-09-27,27.16,27
2023-09-28,25.605,27
2023-09-29,25.899,27
2023-09-30,26.23,27
2023-10-01,26.297,27
2023-10-02,26.097,27
2023-10-03,25.789,27
2023-10-04,25.675,27
2023-10-05,25.583,27
2023-10-06,25.498,27
2023-10-07,25.221,27
2023-10-08,24.548,27
2023-10-09,24.421,27
2023-10-10,24.365,27
2023-10-11,24.312,27
2023-10-12,24.364,27
2023-10-13,24.167,27
2023-10-14,24.076,27
2023-10-15,24.007,27
2023-10-16,23.843,27
2023-10-17,23.41,27
2023-10-18,23.215,27
2023-10-19,23.12,27
2023-10-20,23.172,27
2023-10-21,23.168,27
2023-10-22,23.064,27
2023-10-23,22.413,27
2023-10-24,22.388,27
2023-10-25,22.487,27
2023-10-26,22.606,27
2023-10-27,22.674,27
2023-10-28,22.958,27
2023-10-29,23.133,27
2023-10-30,23.216,27
2023-10-31,23.345,27
2023-11-01,22.939,27
2023-11-02,22.084,27
2023-11-03,21.846,27
2023-11-04,21.371,27
2023-11-05,21.264,27
2023-11-06,21.013,27
2023-11-07,20.804,27
2023-11-08,20.8,27
2023-11-09,20.803,27
2023-11-10,21.178,27
2023-11-11,21.205,27
2023-11-12,21.04,27
2023-11-13,20.98,27
2023-11-14,20.904,27
2023-11-15,20.727,27
2023-11-16,20.634,27
2023-11-17,19.756,27
2023-11-18,20.041,27
2023-11-19,20.102,27
2023-11-20,20.205,27
2023-11-21,20.257,27
2023-11-22,19.933,27
2023-11-23,19.928,27
2023-11-24,19.919,27
2023-11-25,19.813,27
2023-11-26,19.783,27
2023-11-27,19.697,27
2023-11-28,18.231,27
2023-11-29,18.347,27
2023-11-30,18.425,27
2023-12-01,18.407,27
2023-12-02,18.424,27
2023-12-03,18.425,27
2023-12-04,18.242,27
2023-12-05,18.177,27
2023-12-06,17.952,27
2023-12-07,17.822,27
2023-12-08,18.017,27
2023-12-09,18.265,27
2023-12-10,17.996,27
2023-12-11,17.637,27
2023-12-12,17.275,27
2023-12-13,17.084,27
2023-12-14,16.824,27
2023-12-15,16.822,27
2023-12-16,16.809,27
2023-12-17,16.083,27
2023-12-18,15.961,27
2023-12-19,15.744,27
2023-12-20,15.732,27
2023-12-21,15.557,27
2023-12-22,15.454,27
2023-12-23,15.457,27
2023-12-24,15.531,27
2023-12-25,15.642,27
2023-12-26,15.698,27
2023-12-27,15.707,27
2023-12-28,15.667,27
2023-12-29,15.363,27
2023-12-30,14.975,27
2023-12-31,14.689,27
2024-01-01,14.56,27
2024-01-02,14.764,27
2024-01-03,14.443,27
2024-01-04,14.384,27
2024-01-05,14.401,27
2024-01-06,14.469,27
2024-01-07,14.539,27
2024-01-08,14.569,27
2024-01-09,13.743,27
2024-01-10,13.831,27
2024-01-11,13.801,27
2024-01-12,13.993,27
2024-01-13,13.965,27
2024-01-14,13.711,27
2024-01-15,13.606,27
2024-01-16,13.6,27
2024-01-17,13.101,27
2024-01-18,13.078,27
2024-01-19,12.933,27
2024-01-20,12.653,27
2024-01-21,12.69,27
2024-01-22,12.591,27
2024-01-23,12.943,27
2024-01-24,13.63,27
2024-01-25,13.691,27
2024-01-26,13.833,27
2024-01-27,13.506,27
2024-01-28,13.324,27
2024-01-29,13.21,27
2024-01-30,13.093,27
2024-01-31,13.025,27
2024-02-01,13.019,27
2024-02-02,13.045,27
2024-02-03,13.05,27
2024-02-04,13.064,27
2024-02-05,13.175,27
2024-02-06,13.492,27
2024-02-07,13.325,27
2024-02-08,13.163,27
2024-02-09,12.953,27
2024-02-10,13.438,27
2024-02-11,13.4,27
2024-02-12,13.294,27
2024-02-13,13.625,27
2024-02-14,13.751,27
2024-02-15,13.687,27
2024-02-16,14.263,27
2024-02-17,14.489,27
2024-02-18,13.296,27
2024-02-19,13.421,27
2024-02-20,13.491,27
2024-02-21,13.59,27
2024-02-22,13.701,27
2024-02-23,13.819,27
2024-02-24,13.762,27
2024-02-25,13.664,27
2024-02-26,13.951,27
2024-02-27,14.286,27
2024-02-28,14.439,27
2024-02-29,14.503,27
2024-03-01,14.536,27
2024-03-02,14.574,27
2024-03-03,14.499,27
2024-03-04,14.507,27
2024-03-05,14.66,27
2024-03-06,15.62,27
2024-03-07,15.822,27
2024-03-08,15.988,27
2024-03-09,16.046,27
2024-03-10,16.124,27
2024-03-11,15.94,27
2024-03-12,15.955,27
2024-03-13,16.241,27
2024-03-14,16.415,27
2024-03-15,16.607,27
2024-03-16,17.782,27
2024-03-17,18.081,27
2024-03-18,17.788,27
2024-03-19,17.117,27
2024-03-20,16.693,27
2024-03-21,16.641,27
2024-03-22,16.67,27
2024-03-23,17.15,27
2024-03-24,17.211,27
2024-03-25,17.204,27
2024-03-26,17.336,27
2024-03-27,17.024,27
2024-03-28,17.117,27
2024-03-29,17.211,27
2024-03-30,17.317,27
2024-03-31,17.38,27
2024-04-01,17.449,27
2024-04-02,17.439,27
2024-04-03,17.992,27
2024-04-04,17.773,27
2024-04-05,17.842,27
2024-04-06,17.823,27
2024-04-07,17.929,27
2024-04-08,18.044,27
2024-04-09,18.153,27
2024-04-10,18.301,27
2024-04-11,18.913,27
2024-04-12,19.108,27
2024-04-13,19.26,27
2024-04-14,19.566,27
2024-04-15,19.985,27
2024-04-16,20.517,27
2024-04-17,20.739,27
2024-04-18,21.223,27
2024-04-19,22.021,27
2024-04-20,22.395,27
2024-04-21,22.71,27
2024-04-22,21.667,27
2024-04-23,20.908,27
2024-04-24,20.92,27
2024-04-25,21.115,27
2024-04-26,21.264,27
2024-04-27,21.419,27
2024-04-28,21.611,27
2024-04-29,21.869,27
2024-04-30,22.068,27
2024-05-01,22.631,27
2024-05-02,23.169,27
2024-05-03,23.399,27
2024-05-04,23.696,27
2024-05-05,24.255,27
2024-05-06,24.204,27
2024-05-07,24.102,27
2024-05-08,24.151,27
2024-05-09,24.125,27
2024-05-10,24.157,27
2024-05-11,24.17,27
2024-05-12,24.224,27
2024-05-13,24.292,27
2024-05-14,24.334,27
2024-05-15,24.395,27
2024-05-16,24.586,27
2024-05-17,24.658,27
2024-05-18,24.973,27
2024-05-19,24.774,27
2024-05-20,24.704,27
2024-05-21,24.357,27
2024-05-22,24.458,27
2024-05-23,24.539,27
2024-05-24,25.329,27
2024-05-25,26.523,27
2024-05-26,26.67,27
2024-05-27,26.734,27
2024-05-28,26.853,27
2024-05-29,26.873,27
2024-05-30,26.869,27
2024-05-31,26.675,27
2024-06-01,25.954,27
2024-06-02,26.14,27
2024-06-03,26.262,27
2024-06-04,26.5,27
2024-06-05,27.007,27
2024-06-06,27.006,27
2024-06-07,27.18,27
2024-06-08,27.326,27
2024-06-09,27.433,27
2024-06-10,27.661,27
2024-06-11,27.7,27
2024-06-12,27.671,27
2024-06-13,27.474,27
2024-06-14,27.81,27
2024-06-15,27.889,27
2024-06-16,28.328,27
2024-06-17,28.043,27
2024-06-18,27.888,27
2024-06-19,27.799,27
2024-06-20,27.783,27
2024-06-21,27.584,27
2024-06-22,27.636,27
2024-06-23,27.639,27
2024-06-24,27.835,27
2024-06-25,28.21,27
2024-06-26,28.406,27
2024-06-27,28.567,27
2024-06-28,30.479,27
2024-06-29,29.396,27
2024-06-30,29.354,27
2024-07-01,29.041,27
2024-07-02,28.927,27
2024-07-03,28.871,27
2024-07-04,29.183,27
2024-07-05,29.616,27
2024-07-06,29.541,27
2024-07-07,29.627,27
2024-07-08,29.672,27
2024-07-09,29.871,27
2024-07-10,29.996,27
2024-07-11,30.207,27
2024-07-12,30.254,27
2024-07-13,30.378,27
2024-07-14,30.411,27
2024-07-15,30.017,27
2024-07-16,30.049,27
2024-07-17,29.896,27
2024-07-18,30.093,27
2024-07-19,29.924,27
2024-07-20,29.387,27
2024-07-21,29.305,27
2024-07-22,29.335,27
2024-07-23,29.252,27
2024-07-24,29.435,27
2024-07-25,29.358,27
2024-07-26,29.19,27
2024-07-27,29.069,27
2024-07-28,28.77,27
2024-07-29,28.653,27
2024-07-30,28.657,27
2024-07-31,29.149,27
2024-08-01,29.084,27
2024-08-02,29.137,27
2024-08-03,29.107,27
2024-08-04,29.056,27
2024-08-05,29.066,27
2024-08-06,29.107,27
2024-08-07,27.765,27
2024-08-08,28.09,27
2024-08-09,28.132,27
2024-08-10,28.484,27
2024-08-11,28.577,27
2024-08-12,28.607,27
2024-08-13,28.86,27
2024-08-14,28.324,27
2024-08-15,28.67,27
2024-08-16,28.518,27
2024-08-17,28.815,27
2024-08-18,28.769,27
2024-08-19,28.855,27
2024-08-20,28.839,27
2024-08-21,28.96,27
2024-08-22,28.824,27
2024-08-23,28.659,27
2024-08-24,28.325,27
2024-08-25,27.986,27
2024-08-26,28.021,27
2024-08-27,28.229,27
2024-08-28,28.789,27
2024-08-29,29.084,27
2024-08-30,29.066,27
2024-08-31,28.931,27
2024-09-01,28.827,27
2024-09-02,29.087,27
2024-09-03,28.909,27
2024-09-04,28.901,27
2024-09-05,28.706,27
2024-09-06,28.614,27
2024-09-07,28.493,27
2024-09-08,28.33,27
2024-09-09,27.918,27
2024-09-10,27.641,27
2024-09-11,27.444,27
2024-09-12,26.822,27
2024-09-13,26.705,27
2024-09-14,26.366,27
2024-09-15,26.385,27
2024-09-16,26.085,27
2024-09-17,25.781,27
2024-09-18,25.946,27
2024-09-19,26.246,27
2024-09-20,26.274,27
2024-09-21,26.242,27
2024-09-22,26.309,27
2024-09-23,26.314,27
2024-09-24,26.33,27
2024-09-25,26.35,27
2024-09-26,26.311,27
2024-09-27,26.853,27
2024-09-28,27.009,27
2024-09-29,27.151,27
2024-09-30,27.304,27
2024-10-01,27.329,27
2024-10-02,27.353,27
2024-10-03,27.213,27
2024-10-04,27.111,27
2024-10-05,26.876,27
2024-10-06,26.658,27
2024-10-07,26.387,27
2024-10-08,26.347,27
2024-10-09,26.304,27
2024-10-10,25.262,27
2024-10-11,24.899,27
2024-10-12,24.9,27
2024-10-13,24.703,27
2024-10-14,24.499,27
2024-10-15,24.371,27
2024-10-16,24.089,27
2024-10-17,23.829,27
2024-10-18,23.455,27
2024-10-19,23.068,27
2024-10-20,22.813,27
2024-10-21,22.59,27
2024-10-22,22.448,27
2024-10-23,22.447,27
2024-10-24,22.452,27
2024-10-25,22.583,27
2024-10-26,22.56,27
2024-10-27,22.517,27
2024-10-28,22.444,27
2024-10-29,22.605,27
2024-10-30,22.825,27
2024-10-31,22.904,27
2024-11-01,22.996,27
2024-11-02,23.08,27
2024-11-03,22.923,27
2024-11-04,22.797,27
2024-11-05,22.809,27
2024-11-06,22.836,27
2024-11-07,22.646,27
2024-11-08,22.574,27
2024-11-09,22.61,27
2024-11-10,22.554,27
2024-11-11,23.016,27
2024-11-12,23.111,27
2024-11-13,23.093,27
2024-11-14,23.04,27
2024-11-15,22.198,27
2024-11-16,22.255,27
2024-11-17,22.249,27
2024-11-18,22.005,27
2024-11-19,21.911,27
2024-11-20,21.944,27
2024-11-21,21.503,27
2024-11-22,21.053,27
2024-11-23,20.393,27
2024-11-24,20.173,27
2024-11-25,19.718,27
2024-11-26,19.539,27
2024-11-27,19.193,27
2024-11-28,19.303,27
2024-11-29,19.453,27
2024-11-30,19.336,27
2024-12-01,19.194,27
2024-12-02,18.991,27
2024-12-03,18.523,27
2024-12-04,18.242,27
2024-12-05,18.068,27
2024-12-06,17.767,27
2024-12-07,17.242,27
2024-12-08,17.153,27
2024-12-09,17.088,27
2024-12-10,17.082,27
2024-12-11,16.898,27
2024-12-12,16.786,27
2024-12-13,16.731,27
2024-12-14,16.491,27
2024-12-15,16.077,27
2024-12-16,16.121,27
2024-12-17,16.156,27
2024-12-18,17.018,27
2024-12-19,17.022,27
2024-12-20,16.929,27
2024-12-21,16.526,27
2024-12-22,16.312,27
2024-12-23,16.109,27
2024-12-24,15.991,27
2024-12-25,15.379,27
2024-12-26,14.984,27
2024-12-27,14.85,27
2024-12-28,14.726,27
2024-12-29,14.856,27
2024-12-30,14.869,27
2024-12-31,14.906,27
2025-01-01,14.933,27
2025-01-02,14.924,27
2025-01-03,14.699,27
2025-01-04,14.516,27
2025-01-05,14.43,27
2025-01-06,14.039,27
2025-01-07,13.714,27
2025-01-08,13.406,27
2025-01-09,13.222,27
2025-01-10,13.091,27
2025-01-11,12.506,27
2025-01-12,12.299,27
2025-01-13,12.571,27
2025-01-14,12.943,27
2025-01-15,12.426,27
2025-01-16,12.314,27
2025-01-17,12.312,27
2025-01-18,12.114,27
2025-01-19,12.38,27
2025-01-20,11.906,27
2025-01-21,11.863,27
2025-01-22,11.856,27
2025-01-23,10.286,27
2025-01-24,10.359,27
2025-01-25,10.378,27
2025-01-26,10.171,27
2025-01-27,10.353,27
2025-01-28,10.334,27
2025-01-29,10.231,27
2025-01-30,10.254,27
2025-01-31,10.447,27
2025-02-01,11.592,27
2025-02-02,11.947,27
2025-02-03,12.072,27
2025-02-04,12.057,27
2025-02-05,12.011,27
2025-02-06,13.175,27
2025-02-07,13.856,27
2025-02-08,13.978,27
2025-02-09,14.184,27
2025-02-10,14.317,27
2025-02-11,14.422,27
2025-02-12,13.618,27
2025-02-13,13.61,27
2025-02-14,13.413,27
2025-02-15,13.564,27
2025-02-16,13.429,27
2025-02-17,13.261,27
2025-02-18,13.349,27
2025-02-19,13.361,27
2025-02-20,12.753,27
2025-02-21,12.882,27
2025-02-22,12.863,27
2025-02-23,12.653,27
2025-02-24,12.629,27
2025-02-25,13.376,27
2025-02-26,13.573,27
2025-02-27,13.631,27
2025-02-28,13.8,27
2025-03-01,13.807,27
2025-03-02,13.939,27
2025-03-03,13.93,27
2025-03-04,13.97,27
2025-03-05,13.794,27
2025-03-06,13.68,27
2025-03-07,13.712,27
2025-03-08,14.052,27
2025-03-09,14.441,27
2025-03-10,14.343,27
2025-03-11,14.248,27
2025-03-12,14.448,27
2025-03-13,14.913,27
2025-03-14,15.534,27
2025-03-15,16.089,27
2025-03-16,16.09,27
2025-03-17,15.605,27
2025-03-18,15.241,27
2025-03-19,15.308,27
2025-03-20,15.444,27
2025-03-21,15.493,27
2025-03-22,15.755,27
2025-03-23,15.833,27
2025-03-24,16.667,27
2025-03-25,17.261,27
2025-03-26,17.137,27
2025-03-27,16.984,27
2025-03-28,16.795,27
2025-03-29,16.764,27
2025-03-30,17.36,27
2025-03-31,17.469,27
2025-04-01,18.019,27
2025-04-02,18.54,27
2025-04-03,18.986,27
2025-04-04,20.143,27
2025-04-05,20.426,27
2025-04-06,20.248,27
2025-04-07,19.944,27
2025-04-08,19.874,27
2025-04-09,20.012,27
2025-04-10,19.919,27
2025-04-11,19.801,27
2025-04-12,19.686,27
2025-04-13,19.56,27
2025-04-14,19.646,27
2025-04-15,20.023,27
2025-04-16,20.395,27
2025-04-17,20.572,27
2025-04-18,20.879,27
2025-04-19,20.948,27
2025-04-20,21.268,27
2025-04-21,21.767,27
2025-04-22,22.603,27
2025-04-23,22.62,27
2025-04-24,22.741,27
2025-04-25,22.74,27
2025-04-26,22.821,27
2025-04-27,22.788,27
2025-04-28,22.467,27
2025-04-29,22.286,27
2025-04-30,22.28,27
2025-05-01,22.43,27
2025-05-02,23.114,27
2025-05-03,23.031,27
2025-05-04,23.588,27
2025-05-05,23.928,27
2025-05-06,24.085,27
2025-05-07,24.175,27
2025-05-08,24.077,27
2025-05-09,23.838,27
2025-05-10,23.822,27
2025-05-11,23.938,27
2025-05-12,24.241,27
2025-05-13,24.297,27
2025-05-14,24.409,27
2025-05-15,24.494,27
2025-05-16,24.492,27
2025-05-17,25.418,27
2025-05-18,25.323,27
2025-05-19,25.829,27
2025-05-20,25.961,27
2025-05-21,25.863,27
2025-05-22,25.845,27
2025-05-23,25.917,27
2025-05-24,26.151,27
2025-05-25,26.101,27
2025-05-26,26.266,27
2025-05-27,26.107,27
2025-05-28,26.278,27
2025-05-29,26.497,27
2025-05-30,26.343,27
2025-05-31,26.334,27
2025-06-01,26.148,27
2025-06-02,26.339,27
2025-06-03,26.453,27
2025-06-04,26.546,27
2025-06-05,26.543,27
2025-06-06,27.167,27
2025-06-07,27.079,27
2025-06-08,27.579,27
2025-06-09,27.543,27
2025-06-10,27.569,27
2025-06-11,26.571,27
2025-06-12,26.523,27
2025-06-13,26.519,27
2025-06-14,26.546,27
2025-06-15,26.693,27
2025-06-16,27.388,27
2025-06-17,27.356,27
2025-06-18,27.424,27
2025-06-19,27.421,27
2025-06-20,27.738,27
2025-06-21,27.734,27
2025-06-22,27.714,27
2025-06-23,28.043,27
2025-06-24,28.146,27
2025-06-25,28.286,27
2025-06-26,28.147,27
2025-06-27,28.4,27
2025-06-28,28.417,27
2025-06-29,28.507,27
2025-06-30,27.855,27
2025-07-01,27.655,27
2025-07-02,27.397,27
2025-07-03,27.151,27
2025-07-04,27.176,27
2025-07-05,27.216,27
2025-07-06,27.084,27
2025-07-07,27.872,27
2025-07-08,27.977,27
2025-07-09,27.959,27
2025-07-10,27.957,27
2025-07-11,27.97,27
2025-07-12,27.951,27
2025-07-13,27.879,27
2025-07-14,28.243,27
2025-07-15,28.255,27
2025-07-16,28.244,27
2025-07-17,28.33,27
2025-07-18,28.383,27
2025-07-19,28.667,27
2025-07-20,28.934,27
2025-07-21,28.796,27
2025-07-22,28.837,27
2025-07-23,28.346,27
2025-07-24,28.76,27
2025-07-25,29.051,27
2025-07-26,29.391,27
2025-07-27,29.676,27
2025-07-28,29.861,27
2025-07-29,29.841,27
2025-07-30,30.236,27
2025-07-31,30.371,27
2025-08-01,30.326,27
2025-08-02,29.903,27
2025-08-03,29.646,27
2025-08-04,29.835,27
2025-08-05,30.066,27
2025-08-06,30.057,27
2025-08-07,29.499,27
2025-08-08,29.29,27
2025-08-09,29.151,27
2025-08-10,29.015,27
2025-08-11,28.973,27
2025-08-12,29.293,27
2025-08-13,29.212,27
2025-08-14,30.041,27
2025-08-15,30.243,27
2025-08-16,30.291,27
2025-08-17,29.76,27
2025-08-18,29.729,27
2025-08-19,29.675,27
2025-08-20,29.619,27
2025-08-21,29.592,27
2025-08-22,29.724,27
2025-08-23,29.483,27
2025-08-24,29.287,27
2025-08-25,29.189,27
2025-08-26,29.272,27
2025-08-27,29.271,27
2025-08-28,29.328,27
2025-08-29,29.222,27
2025-08-30,28.439,27
2025-08-31,27.92,27
2025-09-01,27.867,27
2025-09-02,27.764,27
2025-09-03,27.513,27
2025-09-04,27.674,27
2025-09-05,27.791,27
2025-09-06,27.947,27
2025-09-07,27.851,27
2025-09-08,27.803,27
2025-09-09,26.887,27
2025-09-10,26.769,27
2025-09-11,26.701,27
2025-09-12,26.595,27
2025-09-13,26.199,27
2025-09-14,26.18,27
2025-09-15,26.321,27
2025-09-16,26.352,27
2025-09-17,26.483,27
2025-09-18,26.56,27
2025-09-19,26.847,27
2025-09-20,26.95,27
2025-09-21,26.9,27
2025-09-22,26.897,27
2025-09-23,26.959,27
2025-09-24,27.007,27
2025-09-25,27.128,27
2025-09-26,27.067,27
2025-09-27,27.18,27
2025-09-28,27.12,27
2025-09-29,27.066,27
2025-09-30,25.981,27
2025-10-01,26.247,27
2025-10-02,26.272,27
2025-10-03,26.222,27
2025-10-04,25.08,27
2025-10-05,25.279,27
2025-10-06,25.495,27
2025-10-07,25.607,27
2025-10-08,25.659,27
2025-10-09,25.514,27
2025-10-10,25.228,27
2025-10-11,25.063,27
2025-10-12,24.292,27
2025-10-13,24.053,27
2025-10-14,23.849,27
2025-10-15,23.759,27
2025-10-16,23.696,27
2025-10-17,23.673,27
2025-10-18,23.612,27
2025-10-19,23.471,27
2025-10-20,23.354,27
2025-10-21,23.406,27
2025-10-22,23.388,27
2025-10-23,23.327,27
2025-10-24,23.059,27
2025-10-25,22.984,27
2025-10-26,22.919,27
2025-10-27,22.637,27
2025-10-28,22.448,27
2025-10-29,21.292,27
2025-10-30,21.209,27
2025-10-31,20.923,27
2025-11-01,20.742,27
2025-11-02,20.69,27
2025-11-03,20.634,27
2025-11-04,20.539,27
2025-11-05,20.634,27
2025-11-06,20.661,27
2025-11-07,20.66,27
2025-11-08,20.626,27
2025-11-09,20.567,27
2025-11-10,20.257,27
2025-11-11,19.644,27
2025-11-12,19.007,27
2025-11-13,18.68,27
2025-11-14,18.659,27
2025-11-15,18.664,27
2025-11-16,18.751,27
2025-11-17,18.761,27
2025-11-18,18.782,27
2025-11-19,18.859,27
2025-11-20,18.935,27
2025-11-21,18.976,27
2025-11-22,19.146,27
2025-11-23,19.26,27
2025-11-24,19.287,27
2025-11-25,19.305,27
2025-11-26,19.217,27
2025-11-27,18.699,27
2025-11-28,18.476,27
2025-11-29,18.525,27
2025-11-30,18.463,27
2025-12-01,18.596,27
2025-12-02,17.513,27
2025-12-03,17.684,27
2025-12-04,17.578,27
2025-12-05,17.611,27
2025-12-06,17.536,27
2025-12-07,17.591,27
2025-12-08,17.074,27
2025-12-09,16.974,27
2025-12-10,16.801,27
2025-12-11,16.784,27
2025-12-12,16.233,27
2025-12-13,15.402,27
2025-12-14,15.522,27
2025-12-15,15.594,27
2025-12-16,15.533,27
2025-12-17,15.394,27
2025-12-18,15.375,27
2025-12-19,15.423,27
2025-12-20,15.442,27
2025-12-21,15.512,27
2025-12-22,15.709,27
2025-12-23,15.843,27
2025-12-24,15.949,27
2025-12-25,15.872,27
2025-12-26,15.883,27
2025-12-27,15.904,27
2025-12-28,15.977,27
2025-12-29,15.962,27
2025-12-30,15.042,27
2025-12-31,14.891,27
2026-01-01,14.866,27
2026-01-02,14.667,27
2026-01-03,14.922,27
2026-01-04,14.608,27
2026-01-05,14.672,27
2026-01-06,14.72,27
2026-01-07,14.83,27
2026-01-08,15.12,27
2026-01-09,15.348,27
2026-01-10,15.277,27
2026-01-11,15.189,27
2026-01-12,14.994,27
2026-01-13,14.325,27
2026-01-14,14.165,27
2026-01-15,13.962,27
2026-01-16,13.874,27
2026-01-17,13.713,27
2026-01-18,13.205,27
2026-01-19,13.114,27
2026-01-20,13.093,27
2026-01-21,13.197,27
2026-01-22,13.463,27
2026-01-23,13.512,27
2026-01-24,13.513,27
2026-01-25,13.567,27
2026-01-26,12.968,27
2026-01-27,12.815,27
2026-01-28,12.502,27
2026-01-29,12.211,27
2026-01-30,12.229,27
2026-01-31,11.631,27
2026-02-01,11.556,27
2026-02-02,11.642,27
2026-02-03,11.704,27
2026-02-04,11.657,27
2026-02-05,11.935,27
2026-02-06,11.64,27
2026-02-07,11.557,27
2026-02-08,11.246,27
2026-02-09,11.255,27
2026-02-10,11.279,27
2026-02-11,11.404,27
2026-02-12,11.492,27
2026-02-13,11.492,27
2026-02-14,11.59,27
2026-02-15,11.687,27
2026-02-16,11.916,27
2026-02-17,11.832,27
2026-02-18,12.021,27
2026-02-19,11.975,27
2026-02-20,12.421,27
2026-02-21,13.403,27
2026-02-22,13.12,27
2026-02-23,12.722,27
2026-02-24,12.653,27
2026-02-25,12.257,27
2026-02-26,11.955,27
2026-02-27,12.148,27
2026-02-28,12.591,27
2026-03-01,13.079,27
2026-03-02,13.418,27
2026-03-03,13.549,27
2026-03-04,14.287,27
2026-03-05,15.116,27
2026-03-06,15.642,27
2026-03-07,15.284,27
2026-03-08,15.74,27
2026-03-09,16.112,27
2026-03-10,17.256,27
2026-03-11,17.008,27
2026-03-12,16.255,27
2026-03-13,15.921,27
2026-03-14,15.899,27
2026-03-15,16.103,27
2026-03-16,15.934,27
2026-03-17,15.771,27
2026-03-18,15.594,27
2026-03-19,15.667,27
2026-03-20,15.777,27
2026-03-21,16.111,27
2026-03-22,16.334,27
2026-03-23,16.398,27
2026-03-24,16.412,27
2026-03-25,16.573,27
2026-03-26,17.108,27
2026-03-27,17.046,27
2026-03-28,17.08,27
2026-03-29,16.881,27
2026-03-30,16.814,27
2026-03-31,16.957,27
