date,sst,n_cells
1982-01-01,25.032,123
1982-01-02,25.035,123
1982-01-03,24.991,123
1982-01-04,24.881,123
1982-01-05,24.891,123
1982-01-06,24.94,123
1982-01-07,24.93,123
1982-01-08,24.925,123
1982-01-09,24.828,123
1982-01-10,24.756,123
1982-01-11,24.657,123
1982-01-12,24.677,123
1982-01-13,24.681,123
1982-01-14,24.798,123
1982-01-15,24.875,123
1982-01-16,24.848,123
1982-01-17,24.803,123
1982-01-18,24.772,123
1982-01-19,24.772,123
1982-01-20,24.711,123
1982-01-21,24.658,123
1982-01-22,24.561,123
1982-01-23,24.645,123
1982-01-24,24.69,123
1982-01-25,24.63,123
1982-01-26,24.52,123
1982-01-27,24.444,123
1982-01-28,24.465,123
1982-01-29,24.41,123
1982-01-30,24.299,123
1982-01-31,24.297,123
1982-02-01,24.306,123
1982-02-02,24.285,123
1982-02-03,24.245,123
1982-02-04,24.214,123
1982-02-05,24.18,123
1982-02-06,24.174,123
1982-02-07,24.157,123
1982-02-08,24.111,123
1982-02-09,24.106,123
1982-02-10,24.105,123
1982-02-11,24.051,123
1982-02-12,23.913,123
1982-02-13,23.857,123
1982-02-14,23.845,123
1982-02-15,23.895,123
1982-02-16,23.965,123
1982-02-17,24.104,123
1982-02-18,24.21,123
1982-02-19,24.311,123
1982-02-20,24.341,123
1982-02-21,24.36,123
1982-02-22,24.343,123
1982-02-23,24.324,123
1982-02-24,24.329,123
1982-02-25,24.233,123
1982-02-26,24.191,123
1982-02-27,24.178,123
1982-02-28,24.146,123
1982-03-01,24.067,123
1982-03-02,24.046,123
1982-03-03,24.019,123
1982-03-04,24.045,123
1982-03-05,24.067,123
1982-03-06,24.065,123
1982-03-07,24.063,123
1982-03-08,24.066,123
1982-03-09,24.062,123
1982-03-10,24.086,123
1982-03-11,24.114,123
1982-03-12,24.139,123
1982-03-13,24.113,123
1982-03-14,24.058,123
1982-03-15,24.017,123
1982-03-16,24.3,123
1982-03-17,24.452,123
1982-03-18,24.542,123
1982-03-19,24.48,123
1982-03-20,24.379,123
1982-03-21,24.366,123
1982-03-22,24.35,123
1982-03-23,24.352,123
1982-03-24,24.039,123
1982-03-25,23.862,123
1982-03-26,23.813,123
1982-03-27,23.781,123
1982-03-28,23.782,123
1982-03-29,23.847,123
1982-03-30,23.903,123
1982-03-31,23.901,123
1982-04-01,23.937,123
1982-04-02,23.966,123
1982-04-03,23.955,123
1982-04-04,23.92,123
1982-04-05,23.975,123
1982-04-06,24.061,123
1982-04-07,24.108,123
1982-04-08,24.087,123
1982-04-09,24.075,123
1982-04-10,24.029,123
1982-04-11,23.97,123
1982-04-12,23.919,123
1982-04-13,24.028,123
1982-04-14,24.091,123
1982-04-15,24.098,123
1982-04-16,24.062,123
1982-04-17,24.089,123
1982-04-18,24.229,123
1982-04-19,24.284,123
1982-04-20,24.266,123
1982-04-21,24.232,123
1982-04-22,24.193,123
1982-04-23,24.19,123
1982-04-24,24.16,123
1982-04-25,24.074,123
1982-04-26,24.05,123
1982-04-27,24.17,123
1982-04-28,24.264,123
1982-04-29,24.362,123
1982-04-30,24.385,123
1982-05-01,24.434,123
1982-05-02,24.427,123
1982-05-03,24.468,123
1982-05-04,24.458,123
1982-05-05,24.42,123
1982-05-06,24.406,123
1982-05-07,24.385,123
1982-05-08,24.421,123
1982-05-09,24.331,123
1982-05-10,24.311,123
1982-05-11,24.317,123
1982-05-12,24.41,123
1982-05-13,24.492,123
1982-05-14,24.498,123
1982-05-15,24.516,123
1982-05-16,24.516,123
1982-05-17,24.558,123
1982-05-18,24.604,123
1982-05-19,24.668,123
1982-05-20,24.685,123
1982-05-21,24.673,123
1982-05-22,24.65,123
1982-05-23,24.59,123
1982-05-24,24.38,123
1982-05-25,24.167,123
1982-05-26,24.078,123
1982-05-27,24.152,123
1982-05-28,24.222,123
1982-05-29,24.341,123
1982-05-30,24.433,123
1982-05-31,24.535,123
1982-06-01,24.76,123
1982-06-02,25.065,123
1982-06-03,25.262,123
1982-06-04,25.353,123
1982-06-05,25.36,123
1982-06-06,25.349,123
1982-06-07,25.352,123
1982-06-08,25.339,123
1982-06-09,25.393,123
1982-06-10,25.441,123
1982-06-11,25.435,123
1982-06-12,25.423,123
1982-06-13,25.436,123
1982-06-14,25.423,123
1982-06-15,25.434,123
1982-06-16,25.473,123
1982-06-17,25.514,123
1982-06-18,25.562,123
1982-06-19,25.58,123
1982-06-20,25.581,123
1982-06-21,25.596,123
1982-06-22,25.665,123
1982-06-23,25.677,123
1982-06-24,25.69,123
1982-06-25,25.69,123
1982-06-26,25.847,123
1982-06-27,25.937,123
1982-06-28,25.922,123
1982-06-29,25.801,123
1982-06-30,25.777,123
1982-07-01,25.846,123
1982-07-02,25.861,123
1982-07-03,25.906,123
1982-07-04,25.967,123
1982-07-05,25.938,123
1982-07-06,25.92,123
1982-07-07,25.876,123
1982-07-08,25.87,123
1982-07-09,25.841,123
1982-07-10,25.871,123
1982-07-11,25.936,123
1982-07-12,26.021,123
1982-07-13,26.157,123
1982-07-14,26.117,123
1982-07-15,26.028,123
1982-07-16,26.007,123
1982-07-17,26.028,123
1982-07-18,26.044,123
1982-07-19,26.083,123
1982-07-20,26.116,123
1982-07-21,26.14,123
1982-07-22,26.219,123
1982-07-23,26.291,123
1982-07-24,26.225,123
1982-07-25,26.23,123
1982-07-26,26.259,123
1982-07-27,26.288,123
1982-07-28,26.292,123
1982-07-29,26.343,123
1982-07-30,26.393,123
1982-07-31,26.443,123
1982-08-01,26.425,123
1982-08-02,26.385,123
1982-08-03,26.402,123
1982-08-04,26.473,123
1982-08-05,26.484,123
1982-08-06,26.662,123
1982-08-07,26.788,123
1982-08-08,26.797,123
1982-08-09,26.786,123
1982-08-10,26.76,123
1982-08-11,26.724,123
1982-08-12,26.546,123
1982-08-13,26.474,123
1982-08-14,26.479,123
1982-08-15,26.513,123
1982-08-16,26.533,123
1982-08-17,26.591,123
1982-08-18,26.636,123
1982-08-19,26.589,123
1982-08-20,26.563,123
1982-08-21,26.576,123
1982-08-22,26.581,123
1982-08-23,26.588,123
1982-08-24,26.587,123
1982-08-25,26.61,123
1982-08-26,26.651,123
1982-08-27,26.645,123
1982-08-28,26.607,123
1982-08-29,26.583,123
1982-08-30,26.572,123
1982-08-31,26.57,123
1982-09-01,26.58,123
1982-09-02,26.43,123
1982-09-03,26.357,123
1982-09-04,26.333,123
1982-09-05,26.328,123
1982-09-06,26.356,123
1982-09-07,26.371,123
1982-09-08,26.488,123
1982-09-09,26.605,123
1982-09-10,26.695,123
1982-09-11,26.666,123
1982-09-12,26.64,123
1982-09-13,26.594,123
1982-09-14,26.627,123
1982-09-15,26.639,123
1982-09-16,26.765,123
1982-09-17,26.737,123
1982-09-18,26.616,123
1982-09-19,26.544,123
1982-09-20,26.524,123
1982-09-21,26.521,123
1982-09-22,26.529,123
1982-09-23,26.538,123
1982-09-24,26.562,123
1982-09-25,26.62,123
1982-09-26,26.686,123
1982-09-27,26.613,123
1982-09-28,26.526,123
1982-09-29,26.485,123
1982-09-30,26.548,123
1982-10-01,26.565,123
1982-10-02,26.481,123
1982-10-03,26.402,123
1982-10-04,26.546,123
1982-10-05,26.718,123
1982-10-06,26.822,123
1982-10-07,26.836,123
1982-10-08,26.87,123
1982-10-09,26.964,123
1982-10-10,26.923,123
1982-10-11,26.894,123
1982-10-12,26.902,123
1982-10-13,26.915,123
1982-10-14,26.929,123
1982-10-15,26.961,123
1982-10-16,26.955,123
1982-10-17,26.933,123
1982-10-18,26.961,123
1982-10-19,26.977,123
1982-10-20,26.916,123
1982-10-21,26.84,123
1982-10-22,26.781,123
1982-10-23,26.763,123
1982-10-24,26.746,123
1982-10-25,26.721,123
1982-10-26,26.695,123
1982-10-27,26.699,123
1982-10-28,26.62,123
1982-10-29,26.614,123
1982-10-30,26.591,123
1982-10-31,26.663,123
1982-11-01,26.682,123
1982-11-02,26.691,123
1982-11-03,26.657,123
1982-11-04,26.669,123
1982-11-05,26.684,123
1982-11-06,26.909,123
1982-11-07,27.106,123
1982-11-08,27.149,123
1982-11-09,27.121,123
1982-11-10,27.039,123
1982-11-11,26.956,123
1982-11-12,26.91,123
1982-11-13,26.939,123
1982-11-14,26.901,123
1982-11-15,26.84,123
1982-11-16,26.816,123
1982-11-17,26.778,123
1982-11-18,26.742,123
1982-11-19,26.688,123
1982-11-20,26.634,123
1982-11-21,26.553,123
1982-11-22,26.415,123
1982-11-23,26.396,123
1982-11-24,26.385,123
1982-11-25,26.35,123
1982-11-26,26.283,123
1982-11-27,26.212,123
1982-11-28,26.156,123
1982-11-29,26.055,123
1982-11-30,26.023,123
1982-12-01,25.851,123
1982-12-02,25.655,123
1982-12-03,25.595,123
1982-12-04,25.776,123
1982-12-05,25.899,123
1982-12-06,25.863,123
1982-12-07,25.841,123
1982-12-08,25.663,123
1982-12-09,25.582,123
1982-12-10,25.495,123
1982-12-11,25.406,123
1982-12-12,25.349,123
1982-12-13,25.308,123
1982-12-14,25.299,123
1982-12-15,25.255,123
1982-12-16,25.18,123
1982-12-17,25.05,123
1982-12-18,24.893,123
1982-12-19,24.73,123
1982-12-20,24.598,123
1982-12-21,24.577,123
1982-12-22,24.615,123
1982-12-23,24.63,123
1982-12-24,24.562,123
1982-12-25,24.473,123
1982-12-26,24.339,123
1982-12-27,24.262,123
1982-12-28,24.245,123
1982-12-29,24.369,123
1982-12-30,24.514,123
1982-12-31,24.586,123
1983-01-01,24.546,123
1983-01-02,24.659,123
1983-01-03,24.79,123
1983-01-04,24.893,123
1983-01-05,24.909,123
1983-01-06,24.865,123
1983-01-07,24.817,123
1983-01-08,24.841,123
1983-01-09,24.756,123
1983-01-10,24.743,123
1983-01-11,24.674,123
1983-01-12,24.624,123
1983-01-13,24.587,123
1983-01-14,24.617,123
1983-01-15,24.635,123
1983-01-16,24.554,123
1983-01-17,24.446,123
1983-01-18,24.432,123
1983-01-19,24.389,123
1983-01-20,24.34,123
1983-01-21,24.396,123
1983-01-22,24.449,123
1983-01-23,24.44,123
1983-01-24,24.366,123
1983-01-25,24.332,123
1983-01-26,24.34,123
1983-01-27,24.256,123
1983-01-28,24.286,123
1983-01-29,24.303,123
1983-01-30,24.3,123
1983-01-31,24.268,123
1983-02-01,24.156,123
1983-02-02,24.058,123
1983-02-03,24.007,123
1983-02-04,23.985,123
1983-02-05,23.968,123
1983-02-06,23.958,123
1983-02-07,23.88,123
1983-02-08,23.811,123
1983-02-09,23.809,123
1983-02-10,23.904,123
1983-02-11,23.928,123
1983-02-12,23.844,123
1983-02-13,23.813,123
1983-02-14,24.024,123
1983-02-15,24.163,123
1983-02-16,24.15,123
1983-02-17,24.119,123
1983-02-18,24.056,123
1983-02-19,24.112,123
1983-02-20,24.168,123
1983-02-21,24.335,123
1983-02-22,24.397,123
1983-02-23,24.425,123
1983-02-24,24.538,123
1983-02-25,24.599,123
1983-02-26,24.608,123
1983-02-27,24.582,123
1983-02-28,24.578,123
1983-03-01,24.431,123
1983-03-02,24.441,123
1983-03-03,24.402,123
1983-03-04,24.434,123
1983-03-05,24.427,123
1983-03-06,24.363,123
1983-03-07,24.285,123
1983-03-08,24.351,123
1983-03-09,24.567,123
1983-03-10,24.814,123
1983-03-11,24.912,123
1983-03-12,24.922,123
1983-03-13,24.87,123
1983-03-14,24.8,123
1983-03-15,24.733,123
1983-03-16,24.713,123
1983-03-17,24.722,123
1983-03-18,24.672,123
1983-03-19,24.437,123
1983-03-20,24.209,123
1983-03-21,24.16,123
1983-03-22,24.147,123
1983-03-23,24.18,123
1983-03-24,24.179,123
1983-03-25,24.213,123
1983-03-26,24.333,123
1983-03-27,24.278,123
1983-03-28,24.236,123
1983-03-29,24.324,123
1983-03-30,24.491,123
1983-03-31,24.487,123
1983-04-01,24.449,123
1983-04-02,24.466,123
1983-04-03,24.454,123
1983-04-04,24.511,123
1983-04-05,24.569,123
1983-04-06,24.533,123
1983-04-07,24.434,123
1983-04-08,24.392,123
1983-04-09,24.429,123
1983-04-10,24.341,123
1983-04-11,24.267,123
1983-04-12,24.346,123
1983-04-13,24.565,123
1983-04-14,24.637,123
1983-04-15,24.634,123
1983-04-16,24.594,123
1983-04-17,24.609,123
1983-04-18,24.59,123
1983-04-19,24.59,123
1983-04-20,24.558,123
1983-04-21,24.607,123
1983-04-22,24.617,123
1983-04-23,24.676,123
1983-04-24,24.702,123
1983-04-25,24.742,123
1983-04-26,24.699,123
1983-04-27,24.7,123
1983-04-28,24.673,123
1983-04-29,24.718,123
1983-04-30,24.697,123
1983-05-01,24.639,123
1983-05-02,24.569,123
1983-05-03,24.565,123
1983-05-04,24.586,123
1983-05-05,24.558,123
1983-05-06,24.531,123
1983-05-07,24.452,123
1983-05-08,24.449,123
1983-05-09,24.53,123
1983-05-10,24.707,123
1983-05-11,24.768,123
1983-05-12,24.814,123
1983-05-13,24.899,123
1983-05-14,24.93,123
1983-05-15,24.901,123
1983-05-16,24.787,123
1983-05-17,24.694,123
1983-05-18,24.708,123
1983-05-19,24.806,123
1983-05-20,24.872,123
1983-05-21,24.939,123
1983-05-22,24.667,123
1983-05-23,24.601,123
1983-05-24,24.62,123
1983-05-25,24.669,123
1983-05-26,24.673,123
1983-05-27,24.764,123
1983-05-28,24.829,123
1983-05-29,24.875,123
1983-05-30,24.843,123
1983-05-31,24.844,123
1983-06-01,24.876,123
1983-06-02,24.907,123
1983-06-03,24.859,123
1983-06-04,24.854,123
1983-06-05,24.887,123
1983-06-06,24.903,123
1983-06-07,24.91,123
1983-06-08,24.979,123
1983-06-09,25.056,123
1983-06-10,25.05,123
1983-06-11,25.005,123
1983-06-12,25.007,123
1983-06-13,25.055,123
1983-06-14,25.083,123
1983-06-15,25.144,123
1983-06-16,25.263,123
1983-06-17,25.341,123
1983-06-18,25.416,123
1983-06-19,25.444,123
1983-06-20,25.437,123
1983-06-21,25.458,123
1983-06-22,25.543,123
1983-06-23,25.571,123
1983-06-24,25.537,123
1983-06-25,25.601,123
1983-06-26,25.732,123
1983-06-27,25.826,123
1983-06-28,25.808,123
1983-06-29,25.783,123
1983-06-30,25.797,123
1983-07-01,25.892,123
1983-07-02,25.898,123
1983-07-03,25.897,123
1983-07-04,25.861,123
1983-07-05,25.818,123
1983-07-06,25.826,123
1983-07-07,25.849,123
1983-07-08,25.861,123
1983-07-09,25.911,123
1983-07-10,26.007,123
1983-07-11,26.153,123
1983-07-12,26.232,123
1983-07-13,26.233,123
1983-07-14,26.23,123
1983-07-15,26.314,123
1983-07-16,26.391,123
1983-07-17,26.429,123
1983-07-18,26.465,123
1983-07-19,26.421,123
1983-07-20,26.532,123
1983-07-21,26.679,123
1983-07-22,26.717,123
1983-07-23,26.633,123
1983-07-24,26.519,123
1983-07-25,26.503,123
1983-07-26,26.511,123
1983-07-27,26.522,123
1983-07-28,26.509,123
1983-07-29,26.532,123
1983-07-30,26.465,123
1983-07-31,26.473,123
1983-08-01,26.47,123
1983-08-02,26.509,123
1983-08-03,26.529,123
1983-08-04,26.511,123
1983-08-05,26.445,123
1983-08-06,26.281,123
1983-08-07,26.117,123
1983-08-08,26.028,123
1983-08-09,26.094,123
1983-08-10,26.121,123
1983-08-11,26.165,123
1983-08-12,26.111,123
1983-08-13,25.925,123
1983-08-14,25.786,123
1983-08-15,25.748,123
1983-08-16,25.858,123
1983-08-17,26.041,123
1983-08-18,26.201,123
1983-08-19,26.213,123
1983-08-20,26.146,123
1983-08-21,26.094,123
1983-08-22,26.082,123
1983-08-23,26.109,123
1983-08-24,26.133,123
1983-08-25,26.154,123
1983-08-26,26.186,123
1983-08-27,26.307,123
1983-08-28,26.37,123
1983-08-29,26.41,123
1983-08-30,26.443,123
1983-08-31,26.483,123
1983-09-01,26.505,123
1983-09-02,26.564,123
1983-09-03,26.652,123
1983-09-04,26.688,123
1983-09-05,26.633,123
1983-09-06,26.572,123
1983-09-07,26.509,123
1983-09-08,26.537,123
1983-09-09,26.541,123
1983-09-10,26.55,123
1983-09-11,26.586,123
1983-09-12,26.689,123
1983-09-13,26.721,123
1983-09-14,26.711,123
1983-09-15,26.491,123
1983-09-16,26.393,123
1983-09-17,26.425,123
1983-09-18,26.506,123
1983-09-19,26.57,123
1983-09-20,26.635,123
1983-09-21,26.691,123
1983-09-22,26.689,123
1983-09-23,26.691,123
1983-09-24,26.705,123
1983-09-25,26.753,123
1983-09-26,26.702,123
1983-09-27,26.624,123
1983-09-28,26.597,123
1983-09-29,26.503,123
1983-09-30,26.411,123
1983-10-01,26.335,123
1983-10-02,26.305,123
1983-10-03,26.31,123
1983-10-04,26.336,123
1983-10-05,26.391,123
1983-10-06,26.403,123
1983-10-07,26.339,123
1983-10-08,26.247,123
1983-10-09,26.193,123
1983-10-10,26.131,123
1983-10-11,26.114,123
1983-10-12,26.096,123
1983-10-13,26.108,123
1983-10-14,26.126,123
1983-10-15,26.157,123
1983-10-16,26.082,123
1983-10-17,26.062,123
1983-10-18,26.031,123
1983-10-19,26.016,123
1983-10-20,25.981,123
1983-10-21,25.993,123
1983-10-22,26.02,123
1983-10-23,26.019,123
1983-10-24,25.979,123
1983-10-25,25.929,123
1983-10-26,25.884,123
1983-10-27,25.823,123
1983-10-28,25.758,123
1983-10-29,25.76,123
1983-10-30,25.774,123
1983-10-31,25.782,123
1983-11-01,25.696,123
1983-11-02,25.637,123
1983-11-03,25.524,123
1983-11-04,25.476,123
1983-11-05,25.472,123
1983-11-06,25.491,123
1983-11-07,25.512,123
1983-11-08,25.515,123
1983-11-09,25.55,123
1983-11-10,25.532,123
1983-11-11,25.535,123
1983-11-12,25.56,123
1983-11-13,25.578,123
1983-11-14,25.613,123
1983-11-15,25.634,123
1983-11-16,25.661,123
1983-11-17,25.644,123
1983-11-18,25.663,123
1983-11-19,25.671,123
1983-11-20,25.684,123
1983-11-21,25.743,123
1983-11-22,25.749,123
1983-11-23,25.778,123
1983-11-24,25.793,123
1983-11-25,25.746,123
1983-11-26,25.601,123
1983-11-27,25.513,123
1983-11-28,25.458,123
1983-11-29,25.419,123
1983-11-30,25.407,123
1983-12-01,25.396,123
1983-12-02,25.318,123
1983-12-03,25.238,123
1983-12-04,25.272,123
1983-12-05,25.396,123
1983-12-06,25.496,123
1983-12-07,25.513,123
1983-12-08,25.43,123
1983-12-09,25.384,123
1983-12-10,25.29,123
1983-12-11,25.23,123
1983-12-12,25.221,123
1983-12-13,25.179,123
1983-12-14,25.129,123
1983-12-15,24.99,123
1983-12-16,24.842,123
1983-12-17,24.717,123
1983-12-18,24.662,123
1983-12-19,24.636,123
1983-12-20,24.618,123
1983-12-21,24.635,123
1983-12-22,24.704,123
1983-12-23,24.709,123
1983-12-24,24.7,123
1983-12-25,24.786,123
1983-12-26,24.785,123
1983-12-27,24.705,123
1983-12-28,24.627,123
1983-12-29,24.614,123
1983-12-30,24.864,123
1983-12-31,25.056,123
1984-01-01,25.128,123
1984-01-02,25.196,123
1984-01-03,25.138,123
1984-01-04,25.025,123
1984-01-05,24.95,123
1984-01-06,24.953,123
1984-01-07,24.979,123
1984-01-08,25.059,123
1984-01-09,25.067,123
1984-01-10,25.051,123
1984-01-11,24.986,123
1984-01-12,24.974,123
1984-01-13,24.922,123
1984-01-14,24.907,123
1984-01-15,24.865,123
1984-01-16,24.814,123
1984-01-17,24.82,123
1984-01-18,24.82,123
1984-01-19,24.796,123
1984-01-20,24.726,123
1984-01-21,24.676,123
1984-01-22,24.717,123
1984-01-23,24.76,123
1984-01-24,24.796,123
1984-01-25,24.792,123
1984-01-26,24.767,123
1984-01-27,24.69,123
1984-01-28,24.676,123
1984-01-29,24.599,123
1984-01-30,24.514,123
1984-01-31,24.538,123
1984-02-01,24.654,123
1984-02-02,24.645,123
1984-02-03,24.511,123
1984-02-04,24.381,123
1984-02-05,24.328,123
1984-02-06,24.339,123
1984-02-07,24.329,123
1984-02-08,24.324,123
1984-02-09,24.261,123
1984-02-10,24.19,123
1984-02-11,24.257,123
1984-02-12,24.345,123
1984-02-13,24.361,123
1984-02-14,24.342,123
1984-02-15,24.354,123
1984-02-16,24.428,123
1984-02-17,24.598,123
1984-02-18,24.658,123
1984-02-19,24.709,123
1984-02-20,24.709,123
1984-02-21,24.718,123
1984-02-22,24.689,123
1984-02-23,24.613,123
1984-02-24,24.559,123
1984-02-25,24.434,123
1984-02-26,24.36,123
1984-02-27,24.349,123
1984-02-28,24.368,123
1984-02-29,24.295,123
1984-03-01,24.207,123
1984-03-02,24.167,123
1984-03-03,24.193,123
1984-03-04,24.332,123
1984-03-05,24.81,123
1984-03-06,24.943,123
1984-03-07,24.881,123
1984-03-08,24.775,123
1984-03-09,24.692,123
1984-03-10,24.688,123
1984-03-11,24.64,123
1984-03-12,24.693,123
1984-03-13,24.779,123
1984-03-14,24.844,123
1984-03-15,24.906,123
1984-03-16,24.886,123
1984-03-17,24.865,123
1984-03-18,24.948,123
1984-03-19,25.036,123
1984-03-20,24.972,123
1984-03-21,24.938,123
1984-03-22,24.906,123
1984-03-23,24.891,123
1984-03-24,24.81,123
1984-03-25,24.773,123
1984-03-26,24.747,123
1984-03-27,24.71,123
1984-03-28,24.723,123
1984-03-29,24.803,123
1984-03-30,24.868,123
1984-03-31,24.904,123
1984-04-01,24.914,123
1984-04-02,24.896,123
1984-04-03,24.838,123
1984-04-04,24.754,123
1984-04-05,24.796,123
1984-04-06,24.815,123
1984-04-07,24.772,123
1984-04-08,24.687,123
1984-04-09,24.652,123
1984-04-10,24.642,123
1984-04-11,24.623,123
1984-04-12,24.603,123
1984-04-13,24.696,123
1984-04-14,24.708,123
1984-04-15,24.7,123
1984-04-16,24.686,123
1984-04-17,24.676,123
1984-04-18,24.654,123
1984-04-19,24.663,123
1984-04-20,24.657,123
1984-04-21,24.789,123
1984-04-22,24.848,123
1984-04-23,24.89,123
1984-04-24,24.863,123
1984-04-25,24.854,123
1984-04-26,24.81,123
1984-04-27,24.818,123
1984-04-28,24.762,123
1984-04-29,24.814,123
1984-04-30,24.885,123
1984-05-01,24.941,123
1984-05-02,24.96,123
1984-05-03,25.021,123
1984-05-04,25.019,123
1984-05-05,24.982,123
1984-05-06,25.072,123
1984-05-07,25.145,123
1984-05-08,25.274,123
1984-05-09,25.342,123
1984-05-10,25.379,123
1984-05-11,25.373,123
1984-05-12,25.364,123
1984-05-13,25.383,123
1984-05-14,25.348,123
1984-05-15,25.323,123
1984-05-16,25.31,123
1984-05-17,25.345,123
1984-05-18,25.368,123
1984-05-19,25.397,123
1984-05-20,25.418,123
1984-05-21,25.428,123
1984-05-22,25.455,123
1984-05-23,25.485,123
1984-05-24,25.462,123
1984-05-25,25.516,123
1984-05-26,25.566,123
1984-05-27,25.578,123
1984-05-28,25.556,123
1984-05-29,25.56,123
1984-05-30,25.52,123
1984-05-31,25.531,123
1984-06-01,25.59,123
1984-06-02,25.665,123
1984-06-03,25.661,123
1984-06-04,25.629,123
1984-06-05,25.591,123
1984-06-06,25.567,123
1984-06-07,25.587,123
1984-06-08,25.57,123
1984-06-09,25.657,123
1984-06-10,25.72,123
1984-06-11,25.637,123
1984-06-12,25.54,123
1984-06-13,25.5,123
1984-06-14,25.451,123
1984-06-15,25.438,123
1984-06-16,25.534,123
1984-06-17,25.583,123
1984-06-18,25.572,123
1984-06-19,25.547,123
1984-06-20,25.539,123
1984-06-21,25.549,123
1984-06-22,25.617,123
1984-06-23,25.62,123
1984-06-24,25.677,123
1984-06-25,25.689,123
1984-06-26,25.643,123
1984-06-27,25.582,123
1984-06-28,25.582,123
1984-06-29,25.649,123
1984-06-30,25.701,123
1984-07-01,25.808,123
1984-07-02,25.828,123
1984-07-03,25.833,123
1984-07-04,25.877,123
1984-07-05,25.914,123
1984-07-06,25.948,123
1984-07-07,25.935,123
1984-07-08,25.944,123
1984-07-09,25.944,123
1984-07-10,26.027,123
1984-07-11,26.154,123
1984-07-12,26.157,123
1984-07-13,26.203,123
1984-07-14,26.307,123
1984-07-15,26.387,123
1984-07-16,26.387,123
1984-07-17,26.363,123
1984-07-18,26.362,123
1984-07-19,26.323,123
1984-07-20,26.302,123
1984-07-21,26.289,123
1984-07-22,26.36,123
1984-07-23,26.418,123
1984-07-24,26.407,123
1984-07-25,26.433,123
1984-07-26,26.4,123
1984-07-27,26.365,123
1984-07-28,26.336,123
1984-07-29,26.368,123
1984-07-30,26.354,123
1984-07-31,26.366,123
1984-08-01,26.361,123
1984-08-02,26.354,123
1984-08-03,26.364,123
1984-08-04,26.44,123
1984-08-05,26.453,123
1984-08-06,26.42,123
1984-08-07,26.266,123
1984-08-08,26.147,123
1984-08-09,26.148,123
1984-08-10,26.156,123
1984-08-11,26.232,123
1984-08-12,26.24,123
1984-08-13,26.249,123
1984-08-14,26.283,123
1984-08-15,26.296,123
1984-08-16,26.286,123
1984-08-17,26.287,123
1984-08-18,26.354,123
1984-08-19,26.331,123
1984-08-20,26.271,123
1984-08-21,26.29,123
1984-08-22,26.317,123
1984-08-23,26.309,123
1984-08-24,26.226,123
1984-08-25,26.225,123
1984-08-26,26.271,123
1984-08-27,26.372,123
1984-08-28,26.46,123
1984-08-29,26.515,123
1984-08-30,26.546,123
1984-08-31,26.537,123
1984-09-01,26.52,123
1984-09-02,26.526,123
1984-09-03,26.62,123
1984-09-04,26.647,123
1984-09-05,26.542,123
1984-09-06,26.605,123
1984-09-07,26.605,123
1984-09-08,26.588,123
1984-09-09,26.566,123
1984-09-10,26.615,123
1984-09-11,26.633,123
1984-09-12,26.697,123
1984-09-13,26.556,123
1984-09-14,26.54,123
1984-09-15,26.536,123
1984-09-16,26.534,123
1984-09-17,26.529,123
1984-09-18,26.548,123
1984-09-19,26.571,123
1984-09-20,26.634,123
1984-09-21,26.693,123
1984-09-22,26.676,123
1984-09-23,26.552,123
1984-09-24,26.438,123
1984-09-25,26.41,123
1984-09-26,26.415,123
1984-09-27,26.39,123
1984-09-28,26.439,123
1984-09-29,26.6,123
1984-09-30,26.526,123
1984-10-01,26.276,123
1984-10-02,26.117,123
1984-10-03,26.091,123
1984-10-04,26.119,123
1984-10-05,26.206,123
1984-10-06,26.487,123
1984-10-07,26.6,123
1984-10-08,26.606,123
1984-10-09,26.668,123
1984-10-10,26.698,123
1984-10-11,26.67,123
1984-10-12,26.594,123
1984-10-13,26.608,123
1984-10-14,26.626,123
1984-10-15,26.603,123
1984-10-16,26.542,123
1984-10-17,26.457,123
1984-10-18,26.399,123
1984-10-19,26.425,123
1984-10-20,26.485,123
1984-10-21,26.509,123
1984-10-22,26.505,123
1984-10-23,26.596,123
1984-10-24,26.655,123
1984-10-25,26.69,123
1984-10-26,26.67,123
1984-10-27,26.51,123
1984-10-28,26.355,123
1984-10-29,26.292,123
1984-10-30,26.229,123
1984-10-31,26.399,123
1984-11-01,26.354,123
1984-11-02,26.33,123
1984-11-03,26.319,123
1984-11-04,26.343,123
1984-11-05,26.357,123
1984-11-06,26.355,123
1984-11-07,26.361,123
1984-11-08,26.489,123
1984-11-09,26.486,123
1984-11-10,26.357,123
1984-11-11,26.278,123
1984-11-12,26.24,123
1984-11-13,26.14,123
1984-11-14,26.051,123
1984-11-15,26.155,123
1984-11-16,26.304,123
1984-11-17,26.253,123
1984-11-18,26.109,123
1984-11-19,25.981,123
1984-11-20,25.952,123
1984-11-21,25.993,123
1984-11-22,25.988,123
1984-11-23,26.004,123
1984-11-24,25.971,123
1984-11-25,25.925,123
1984-11-26,25.864,123
1984-11-27,25.824,123
1984-11-28,25.817,123
1984-11-29,25.767,123
1984-11-30,25.736,123
1984-12-01,25.72,123
1984-12-02,25.625,123
1984-12-03,25.555,123
1984-12-04,25.635,123
1984-12-05,25.685,123
1984-12-06,25.664,123
1984-12-07,25.606,123
1984-12-08,25.512,123
1984-12-09,25.507,123
1984-12-10,25.422,123
1984-12-11,25.403,123
1984-12-12,25.354,123
1984-12-13,25.27,123
1984-12-14,25.209,123
1984-12-15,25.219,123
1984-12-16,25.265,123
1984-12-17,25.256,123
1984-12-18,25.236,123
1984-12-19,25.155,123
1984-12-20,24.991,123
1984-12-21,24.876,123
1984-12-22,24.811,123
1984-12-23,24.774,123
1984-12-24,24.736,123
1984-12-25,24.773,123
1984-12-26,24.855,123
1984-12-27,24.857,123
1984-12-28,24.782,123
1984-12-29,24.697,123
1984-12-30,24.619,123
1984-12-31,24.529,123
1985-01-01,24.441,123
1985-01-02,24.49,123
1985-01-03,24.513,123
1985-01-04,24.479,123
1985-01-05,24.431,123
1985-01-06,24.411,123
1985-01-07,24.353,123
1985-01-08,24.307,123
1985-01-09,24.276,123
1985-01-10,24.341,123
1985-01-11,24.326,123
1985-01-12,24.314,123
1985-01-13,24.307,123
1985-01-14,24.254,123
1985-01-15,24.137,123
1985-01-16,24.073,123
1985-01-17,24.081,123
1985-01-18,24.113,123
1985-01-19,24.223,123
1985-01-20,24.19,123
1985-01-21,24.098,123
1985-01-22,23.969,123
1985-01-23,24.031,123
1985-01-24,24.139,123
1985-01-25,24.2,123
1985-01-26,24.288,123
1985-01-27,24.232,123
1985-01-28,24.216,123
1985-01-29,24.123,123
1985-01-30,23.995,123
1985-01-31,23.861,123
1985-02-01,24.02,123
1985-02-02,23.911,123
1985-02-03,23.9,123
1985-02-04,23.891,123
1985-02-05,23.911,123
1985-02-06,24.078,123
1985-02-07,24.167,123
1985-02-08,24.202,123
1985-02-09,24.234,123
1985-02-10,24.251,123
1985-02-11,24.248,123
1985-02-12,24.229,123
1985-02-13,24.211,123
1985-02-14,24.159,123
1985-02-15,24.206,123
1985-02-16,24.214,123
1985-02-17,24.279,123
1985-02-18,24.26,123
1985-02-19,24.276,123
1985-02-20,24.294,123
1985-02-21,24.385,123
1985-02-22,24.417,123
1985-02-23,24.409,123
1985-02-24,24.354,123
1985-02-25,24.284,123
1985-02-26,24.258,123
1985-02-27,24.257,123
1985-02-28,24.302,123
1985-03-01,24.202,123
1985-03-02,24.08,123
1985-03-03,24.006,123
1985-03-04,23.964,123
1985-03-05,23.949,123
1985-03-06,23.948,123
1985-03-07,23.987,123
1985-03-08,24.002,123
1985-03-09,23.987,123
1985-03-10,23.974,123
1985-03-11,23.929,123
1985-03-12,23.959,123
1985-03-13,23.913,123
1985-03-14,23.826,123
1985-03-15,23.704,123
1985-03-16,23.688,123
1985-03-17,23.723,123
1985-03-18,23.754,123
1985-03-19,23.722,123
1985-03-20,23.674,123
1985-03-21,23.651,123
1985-03-22,23.628,123
1985-03-23,23.637,123
1985-03-24,23.67,123
1985-03-25,23.731,123
1985-03-26,23.782,123
1985-03-27,23.77,123
1985-03-28,23.769,123
1985-03-29,23.819,123
1985-03-30,23.929,123
1985-03-31,23.939,123
1985-04-01,23.907,123
1985-04-02,23.879,123
1985-04-03,23.884,123
1985-04-04,23.875,123
1985-04-05,23.966,123
1985-04-06,24.051,123
1985-04-07,24.09,123
1985-04-08,23.963,123
1985-04-09,23.756,123
1985-04-10,23.811,123
1985-04-11,23.902,123
1985-04-12,23.984,123
1985-04-13,23.944,123
1985-04-14,23.933,123
1985-04-15,23.919,123
1985-04-16,23.886,123
1985-04-17,23.891,123
1985-04-18,23.896,123
1985-04-19,23.908,123
1985-04-20,23.9,123
1985-04-21,23.938,123
1985-04-22,23.971,123
1985-04-23,23.982,123
1985-04-24,23.972,123
1985-04-25,24.019,123
1985-04-26,24.012,123
1985-04-27,24.039,123
1985-04-28,24.049,123
1985-04-29,24.124,123
1985-04-30,24.107,123
1985-05-01,24.032,123
1985-05-02,23.969,123
1985-05-03,23.98,123
1985-05-04,23.991,123
1985-05-05,23.993,123
1985-05-06,24.027,123
1985-05-07,24.055,123
1985-05-08,24.161,123
1985-05-09,24.172,123
1985-05-10,24.145,123
1985-05-11,24.113,123
1985-05-12,24.142,123
1985-05-13,24.257,123
1985-05-14,24.278,123
1985-05-15,24.313,123
1985-05-16,24.298,123
1985-05-17,24.425,123
1985-05-18,24.49,123
1985-05-19,24.542,123
1985-05-20,24.589,123
1985-05-21,24.669,123
1985-05-22,24.763,123
1985-05-23,24.826,123
1985-05-24,24.783,123
1985-05-25,24.664,123
1985-05-26,24.688,123
1985-05-27,24.754,123
1985-05-28,24.842,123
1985-05-29,24.842,123
1985-05-30,24.815,123
1985-05-31,24.821,123
1985-06-01,24.873,123
1985-06-02,24.982,123
1985-06-03,25.078,123
1985-06-04,25.171,123
1985-06-05,25.132,123
1985-06-06,25.116,123
1985-06-07,25.094,123
1985-06-08,25.059,123
1985-06-09,25.059,123
1985-06-10,25.15,123
1985-06-11,25.167,123
1985-06-12,25.211,123
1985-06-13,25.248,123
1985-06-14,25.253,123
1985-06-15,25.314,123
1985-06-16,25.35,123
1985-06-17,25.435,123
1985-06-18,25.494,123
1985-06-19,25.491,123
1985-06-20,25.429,123
1985-06-21,25.442,123
1985-06-22,25.447,123
1985-06-23,25.414,123
1985-06-24,25.562,123
1985-06-25,25.957,123
1985-06-26,26.068,123
1985-06-27,26.079,123
1985-06-28,26.05,123
1985-06-29,26.014,123
1985-06-30,25.87,123
1985-07-01,25.834,123
1985-07-02,25.852,123
1985-07-03,25.836,123
1985-07-04,25.845,123
1985-07-05,25.885,123
1985-07-06,25.941,123
1985-07-07,25.904,123
1985-07-08,25.889,123
1985-07-09,25.887,123
1985-07-10,25.918,123
1985-07-11,25.922,123
1985-07-12,25.962,123
1985-07-13,26.081,123
1985-07-14,26.075,123
1985-07-15,26.004,123
1985-07-16,25.95,123
1985-07-17,25.953,123
1985-07-18,25.963,123
1985-07-19,25.994,123
1985-07-20,26.075,123
1985-07-21,26.245,123
1985-07-22,26.382,123
1985-07-23,26.366,123
1985-07-24,26.222,123
1985-07-25,26.113,123
1985-07-26,26.058,123
1985-07-27,26.049,123
1985-07-28,26.071,123
1985-07-29,26.259,123
1985-07-30,26.303,123
1985-07-31,26.407,123
1985-08-01,26.498,123
1985-08-02,26.531,123
1985-08-03,26.565,123
1985-08-04,26.611,123
1985-08-05,26.571,123
1985-08-06,26.469,123
1985-08-07,26.297,123
1985-08-08,26.227,123
1985-08-09,26.222,123
1985-08-10,26.221,123
1985-08-11,26.336,123
1985-08-12,26.494,123
1985-08-13,26.599,123
1985-08-14,26.642,123
1985-08-15,26.649,123
1985-08-16,26.659,123
1985-08-17,26.641,123
1985-08-18,26.916,123
1985-08-19,26.899,123
1985-08-20,26.835,123
1985-08-21,26.756,123
1985-08-22,26.6,123
1985-08-23,26.532,123
1985-08-24,26.479,123
1985-08-25,26.511,123
1985-08-26,26.562,123
1985-08-27,26.586,123
1985-08-28,26.475,123
1985-08-29,26.433,123
1985-08-30,26.404,123
1985-08-31,26.373,123
1985-09-01,26.322,123
1985-09-02,26.34,123
1985-09-03,26.443,123
1985-09-04,26.502,123
1985-09-05,26.729,123
1985-09-06,26.893,123
1985-09-07,26.964,123
1985-09-08,27.11,123
1985-09-09,27.382,123
1985-09-10,27.491,123
1985-09-11,27.463,123
1985-09-12,27.436,123
1985-09-13,27.225,123
1985-09-14,27.21,123
1985-09-15,27.152,123
1985-09-16,27.214,123
1985-09-17,27.354,123
1985-09-18,27.4,123
1985-09-19,27.343,123
1985-09-20,27.346,123
1985-09-21,27.338,123
1985-09-22,27.265,123
1985-09-23,27.126,123
1985-09-24,27.078,123
1985-09-25,27.159,123
1985-09-26,27.23,123
1985-09-27,27.152,123
1985-09-28,27.071,123
1985-09-29,27.046,123
1985-09-30,27.041,123
1985-10-01,27.025,123
1985-10-02,27.03,123
1985-10-03,27.05,123
1985-10-04,26.986,123
1985-10-05,26.84,123
1985-10-06,26.729,123
1985-10-07,26.658,123
1985-10-08,26.651,123
1985-10-09,26.688,123
1985-10-10,26.672,123
1985-10-11,26.643,123
1985-10-12,26.588,123
1985-10-13,26.618,123
1985-10-14,26.521,123
1985-10-15,26.425,123
1985-10-16,26.383,123
1985-10-17,26.396,123
1985-10-18,26.438,123
1985-10-19,26.486,123
1985-10-20,26.475,123
1985-10-21,26.474,123
1985-10-22,26.457,123
1985-10-23,26.376,123
1985-10-24,26.323,123
1985-10-25,26.314,123
1985-10-26,26.313,123
1985-10-27,26.344,123
1985-10-28,26.291,123
1985-10-29,26.308,123
1985-10-30,26.218,123
1985-10-31,26.204,123
1985-11-01,26.149,123
1985-11-02,26.01,123
1985-11-03,25.934,123
1985-11-04,25.916,123
1985-11-05,25.933,123
1985-11-06,25.923,123
1985-11-07,25.955,123
1985-11-08,25.946,123
1985-11-09,25.969,123
1985-11-10,25.953,123
1985-11-11,25.866,123
1985-11-12,25.791,123
1985-11-13,25.765,123
1985-11-14,25.807,123
1985-11-15,25.856,123
1985-11-16,25.903,123
1985-11-17,25.868,123
1985-11-18,25.888,123
1985-11-19,25.878,123
1985-11-20,25.976,123
1985-11-21,26.039,123
1985-11-22,26.039,123
1985-11-23,25.996,123
1985-11-24,25.925,123
1985-11-25,25.879,123
1985-11-26,25.829,123
1985-11-27,25.748,123
1985-11-28,25.527,123
1985-11-29,25.35,123
1985-11-30,25.273,123
1985-12-01,25.228,123
1985-12-02,25.115,123
1985-12-03,25.1,123
1985-12-04,25.106,123
1985-12-05,25.1,123
1985-12-06,25.036,123
1985-12-07,25.11,123
1985-12-08,25.199,123
1985-12-09,25.283,123
1985-12-10,25.281,123
1985-12-11,25.233,123
1985-12-12,25.177,123
1985-12-13,25.079,123
1985-12-14,24.982,123
1985-12-15,24.932,123
1985-12-16,24.914,123
1985-12-17,24.782,123
1985-12-18,24.746,123
1985-12-19,24.851,123
1985-12-20,24.951,123
1985-12-21,24.943,123
1985-12-22,24.896,123
1985-12-23,24.852,123
1985-12-24,24.801,123
1985-12-25,24.808,123
1985-12-26,24.759,123
1985-12-27,24.706,123
1985-12-28,24.652,123
1985-12-29,24.653,123
1985-12-30,24.656,123
1985-12-31,24.651,123
1986-01-01,24.587,123
1986-01-02,24.622,123
1986-01-03,24.598,123
1986-01-04,24.511,123
1986-01-05,24.563,123
1986-01-06,24.6,123
1986-01-07,24.465,123
1986-01-08,24.36,123
1986-01-09,24.195,123
1986-01-10,24.129,123
1986-01-11,24.085,123
1986-01-12,24.124,123
1986-01-13,24.113,123
1986-01-14,24.133,123
1986-01-15,24.232,123
1986-01-16,24.28,123
1986-01-17,24.253,123
1986-01-18,24.178,123
1986-01-19,24.141,123
1986-01-20,24.105,123
1986-01-21,24.097,123
1986-01-22,24.093,123
1986-01-23,24.11,123
1986-01-24,24.094,123
1986-01-25,24.183,123
1986-01-26,24.29,123
1986-01-27,24.331,123
1986-01-28,24.354,123
1986-01-29,24.299,123
1986-01-30,24.221,123
1986-01-31,24.271,123
1986-02-01,24.275,123
1986-02-02,24.366,123
1986-02-03,24.373,123
1986-02-04,24.266,123
1986-02-05,24.237,123
1986-02-06,24.253,123
1986-02-07,24.231,123
1986-02-08,24.219,123
1986-02-09,24.24,123
1986-02-10,24.287,123
1986-02-11,24.289,123
1986-02-12,24.379,123
1986-02-13,24.247,123
1986-02-14,24.12,123
1986-02-15,24.044,123
1986-02-16,23.924,123
1986-02-17,23.894,123
1986-02-18,23.83,123
1986-02-19,23.939,123
1986-02-20,24.101,123
1986-02-21,24.182,123
1986-02-22,24.174,123
1986-02-23,24.178,123
1986-02-24,24.246,123
1986-02-25,24.186,123
1986-02-26,24.149,123
1986-02-27,24.116,123
1986-02-28,24.133,123
1986-03-01,24.043,123
1986-03-02,24.213,123
1986-03-03,24.254,123
1986-03-04,24.424,123
1986-03-05,24.552,123
1986-03-06,24.65,123
1986-03-07,24.621,123
1986-03-08,24.563,123
1986-03-09,24.462,123
1986-03-10,24.428,123
1986-03-11,24.563,123
1986-03-12,24.651,123
1986-03-13,24.659,123
1986-03-14,24.583,123
1986-03-15,24.523,123
1986-03-16,24.438,123
1986-03-17,24.466,123
1986-03-18,24.48,123
1986-03-19,24.422,123
1986-03-20,24.333,123
1986-03-21,24.341,123
1986-03-22,24.34,123
1986-03-23,24.311,123
1986-03-24,24.268,123
1986-03-25,24.272,123
1986-03-26,24.285,123
1986-03-27,24.248,123
1986-03-28,24.226,123
1986-03-29,24.359,123
1986-03-30,24.623,123
1986-03-31,24.766,123
1986-04-01,24.85,123
1986-04-02,24.923,123
1986-04-03,24.978,123
1986-04-04,24.975,123
1986-04-05,24.98,123
1986-04-06,24.98,123
1986-04-07,24.942,123
1986-04-08,24.832,123
1986-04-09,24.763,123
1986-04-10,24.743,123
1986-04-11,24.343,123
1986-04-12,24.193,123
1986-04-13,24.232,123
1986-04-14,24.327,123
1986-04-15,24.334,123
1986-04-16,24.28,123
1986-04-17,24.327,123
1986-04-18,24.46,123
1986-04-19,24.598,123
1986-04-20,24.884,123
1986-04-21,25.036,123
1986-04-22,24.972,123
1986-04-23,24.813,123
1986-04-24,24.762,123
1986-04-25,24.76,123
1986-04-26,24.705,123
1986-04-27,24.767,123
1986-04-28,24.744,123
1986-04-29,24.699,123
1986-04-30,24.602,123
1986-05-01,24.594,123
1986-05-02,24.703,123
1986-05-03,24.756,123
1986-05-04,24.741,123
1986-05-05,24.678,123
1986-05-06,24.669,123
1986-05-07,24.681,123
1986-05-08,24.763,123
1986-05-09,24.774,123
1986-05-10,24.817,123
1986-05-11,25.006,123
1986-05-12,25.107,123
1986-05-13,25.179,123
1986-05-14,25.166,123
1986-05-15,25.231,123
1986-05-16,25.217,123
1986-05-17,25.221,123
1986-05-18,25.253,123
1986-05-19,25.308,123
1986-05-20,25.329,123
1986-05-21,25.374,123
1986-05-22,25.423,123
1986-05-23,25.472,123
1986-05-24,25.534,123
1986-05-25,25.561,123
1986-05-26,25.521,123
1986-05-27,25.482,123
1986-05-28,25.453,123
1986-05-29,25.576,123
1986-05-30,25.606,123
1986-05-31,25.611,123
1986-06-01,25.598,123
1986-06-02,25.647,123
1986-06-03,25.738,123
1986-06-04,25.822,123
1986-06-05,25.779,123
1986-06-06,25.686,123
1986-06-07,25.659,123
1986-06-08,25.687,123
1986-06-09,25.752,123
1986-06-10,25.775,123
1986-06-11,25.744,123
1986-06-12,25.711,123
1986-06-13,25.719,123
1986-06-14,25.739,123
1986-06-15,25.835,123
1986-06-16,25.924,123
1986-06-17,25.973,123
1986-06-18,25.954,123
1986-06-19,25.821,123
1986-06-20,25.768,123
1986-06-21,25.773,123
1986-06-22,25.818,123
1986-06-23,25.804,123
1986-06-24,25.78,123
1986-06-25,25.717,123
1986-06-26,25.691,123
1986-06-27,25.681,123
1986-06-28,25.666,123
1986-06-29,25.663,123
1986-06-30,25.706,123
1986-07-01,25.842,123
1986-07-02,25.87,123
1986-07-03,26,123
1986-07-04,26.287,123
1986-07-05,26.363,123
1986-07-06,26.401,123
1986-07-07,26.393,123
1986-07-08,26.378,123
1986-07-09,26.344,123
1986-07-10,26.309,123
1986-07-11,26.261,123
1986-07-12,26.238,123
1986-07-13,26.201,123
1986-07-14,26.311,123
1986-07-15,26.399,123
1986-07-16,26.434,123
1986-07-17,26.42,123
1986-07-18,26.402,123
1986-07-19,26.39,123
1986-07-20,26.368,123
1986-07-21,26.363,123
1986-07-22,26.461,123
1986-07-23,26.537,123
1986-07-24,26.476,123
1986-07-25,26.465,123
1986-07-26,26.478,123
1986-07-27,26.493,123
1986-07-28,26.539,123
1986-07-29,26.595,123
1986-07-30,26.625,123
1986-07-31,26.675,123
1986-08-01,26.658,123
1986-08-02,26.657,123
1986-08-03,26.652,123
1986-08-04,26.674,123
1986-08-05,26.656,123
1986-08-06,26.623,123
1986-08-07,26.624,123
1986-08-08,26.639,123
1986-08-09,26.695,123
1986-08-10,26.67,123
1986-08-11,26.672,123
1986-08-12,26.63,123
1986-08-13,26.651,123
1986-08-14,26.673,123
1986-08-15,26.693,123
1986-08-16,26.713,123
1986-08-17,26.821,123
1986-08-18,26.907,123
1986-08-19,26.871,123
1986-08-20,26.893,123
1986-08-21,27.013,123
1986-08-22,27.056,123
1986-08-23,27.1,123
1986-08-24,27.07,123
1986-08-25,27.075,123
1986-08-26,27.101,123
1986-08-27,27.079,123
1986-08-28,27.093,123
1986-08-29,27.136,123
1986-08-30,27.153,123
1986-08-31,27.152,123
1986-09-01,27.139,123
1986-09-02,27.148,123
1986-09-03,27.207,123
1986-09-04,27.221,123
1986-09-05,27.249,123
1986-09-06,27.264,123
1986-09-07,27.233,123
1986-09-08,27.223,123
1986-09-09,27.212,123
1986-09-10,27.203,123
1986-09-11,27.17,123
1986-09-12,27.169,123
1986-09-13,27.096,123
1986-09-14,27.113,123
1986-09-15,27.312,123
1986-09-16,27.593,123
1986-09-17,27.735,123
1986-09-18,27.832,123
1986-09-19,27.855,123
1986-09-20,27.823,123
1986-09-21,27.785,123
1986-09-22,27.735,123
1986-09-23,27.695,123
1986-09-24,27.698,123
1986-09-25,27.727,123
1986-09-26,27.718,123
1986-09-27,27.66,123
1986-09-28,27.58,123
1986-09-29,27.534,123
1986-09-30,27.491,123
1986-10-01,27.437,123
1986-10-02,27.419,123
1986-10-03,27.55,123
1986-10-04,27.547,123
1986-10-05,27.56,123
1986-10-06,27.542,123
1986-10-07,27.512,123
1986-10-08,27.459,123
1986-10-09,27.396,123
1986-10-10,27.302,123
1986-10-11,27.236,123
1986-10-12,27.21,123
1986-10-13,27.363,123
1986-10-14,27.463,123
1986-10-15,27.414,123
1986-10-16,27.345,123
1986-10-17,27.314,123
1986-10-18,27.275,123
1986-10-19,27.275,123
1986-10-20,27.208,123
1986-10-21,27.12,123
1986-10-22,27.058,123
1986-10-23,27.128,123
1986-10-24,27.178,123
1986-10-25,27.154,123
1986-10-26,27.084,123
1986-10-27,27.043,123
1986-10-28,26.944,123
1986-10-29,26.989,123
1986-10-30,27.008,123
1986-10-31,27.01,123
1986-11-01,26.987,123
1986-11-02,27.081,123
1986-11-03,27.085,123
1986-11-04,27.047,123
1986-11-05,26.988,123
1986-11-06,26.896,123
1986-11-07,26.874,123
1986-11-08,26.822,123
1986-11-09,26.785,123
1986-11-10,26.721,123
1986-11-11,26.662,123
1986-11-12,26.867,123
1986-11-13,26.917,123
1986-11-14,26.924,123
1986-11-15,26.858,123
1986-11-16,26.808,123
1986-11-17,26.709,123
1986-11-18,26.683,123
1986-11-19,26.677,123
1986-11-20,26.621,123
1986-11-21,26.536,123
1986-11-22,26.409,123
1986-11-23,26.386,123
1986-11-24,26.369,123
1986-11-25,26.33,123
1986-11-26,26.245,123
1986-11-27,26.212,123
1986-11-28,26.215,123
1986-11-29,26.168,123
1986-11-30,26.063,123
1986-12-01,25.92,123
1986-12-02,25.679,123
1986-12-03,25.571,123
1986-12-04,25.573,123
1986-12-05,25.561,123
1986-12-06,25.418,123
1986-12-07,25.379,123
1986-12-08,25.382,123
1986-12-09,25.432,123
1986-12-10,25.322,123
1986-12-11,25.233,123
1986-12-12,25.21,123
1986-12-13,25.157,123
1986-12-14,25.118,123
1986-12-15,25.121,123
1986-12-16,25.199,123
1986-12-17,25.321,123
1986-12-18,25.372,123
1986-12-19,25.338,123
1986-12-20,25.309,123
1986-12-21,25.315,123
1986-12-22,25.305,123
1986-12-23,25.271,123
1986-12-24,25.179,123
1986-12-25,25.251,123
1986-12-26,25.324,123
1986-12-27,25.408,123
1986-12-28,25.438,123
1986-12-29,25.431,123
1986-12-30,25.405,123
1986-12-31,25.373,123
1987-01-01,25.292,123
1987-01-02,25.284,123
1987-01-03,25.282,123
1987-01-04,25.282,123
1987-01-05,25.312,123
1987-01-06,25.297,123
1987-01-07,25.241,123
1987-01-08,25.175,123
1987-01-09,25.096,123
1987-01-10,25.063,123
1987-01-11,24.958,123
1987-01-12,24.912,123
1987-01-13,24.87,123
1987-01-14,24.906,123
1987-01-15,24.853,123
1987-01-16,24.806,123
1987-01-17,24.804,123
1987-01-18,24.824,123
1987-01-19,24.827,123
1987-01-20,24.738,123
1987-01-21,24.674,123
1987-01-22,24.624,123
1987-01-23,24.513,123
1987-01-24,24.482,123
1987-01-25,24.459,123
1987-01-26,24.393,123
1987-01-27,24.264,123
1987-01-28,24.286,123
1987-01-29,24.276,123
1987-01-30,24.261,123
1987-01-31,24.304,123
1987-02-01,24.321,123
1987-02-02,24.255,123
1987-02-03,24.185,123
1987-02-04,24.144,123
1987-02-05,24.11,123
1987-02-06,24.075,123
1987-02-07,24,123
1987-02-08,23.995,123
1987-02-09,24.127,123
1987-02-10,24.202,123
1987-02-11,24.249,123
1987-02-12,24.262,123
1987-02-13,24.246,123
1987-02-14,24.176,123
1987-02-15,24.152,123
1987-02-16,24.1,123
1987-02-17,24.146,123
1987-02-18,24.073,123
1987-02-19,24.079,123
1987-02-20,24.115,123
1987-02-21,24.233,123
1987-02-22,24.259,123
1987-02-23,24.242,123
1987-02-24,24.232,123
1987-02-25,24.18,123
1987-02-26,24.169,123
1987-02-27,24.062,123
1987-02-28,24.123,123
1987-03-01,24.142,123
1987-03-02,24.117,123
1987-03-03,24.042,123
1987-03-04,23.996,123
1987-03-05,23.945,123
1987-03-06,23.946,123
1987-03-07,23.953,123
1987-03-08,23.986,123
1987-03-09,24.035,123
1987-03-10,24.118,123
1987-03-11,24.155,123
1987-03-12,24.086,123
1987-03-13,24.009,123
1987-03-14,23.943,123
1987-03-15,23.863,123
1987-03-16,23.863,123
1987-03-17,23.947,123
1987-03-18,24.008,123
1987-03-19,24.047,123
1987-03-20,24.062,123
1987-03-21,24.086,123
1987-03-22,24.046,123
1987-03-23,24.02,123
1987-03-24,24.035,123
1987-03-25,24.047,123
1987-03-26,24.037,123
1987-03-27,23.987,123
1987-03-28,23.949,123
1987-03-29,24.014,123
1987-03-30,24.046,123
1987-03-31,24.039,123
1987-04-01,23.932,123
1987-04-02,23.855,123
1987-04-03,23.854,123
1987-04-04,23.859,123
1987-04-05,23.952,123
1987-04-06,24.043,123
1987-04-07,24.075,123
1987-04-08,24.325,123
1987-04-09,24.287,123
1987-04-10,24.239,123
1987-04-11,24.209,123
1987-04-12,24.23,123
1987-04-13,24.256,123
1987-04-14,24.311,123
1987-04-15,24.244,123
1987-04-16,24.126,123
1987-04-17,24.105,123
1987-04-18,24.277,123
1987-04-19,24.419,123
1987-04-20,24.473,123
1987-04-21,24.56,123
1987-04-22,24.55,123
1987-04-23,24.536,123
1987-04-24,24.392,123
1987-04-25,24.425,123
1987-04-26,24.415,123
1987-04-27,24.437,123
1987-04-28,24.199,123
1987-04-29,24.131,123
1987-04-30,24.134,123
1987-05-01,24.241,123
1987-05-02,24.308,123
1987-05-03,24.454,123
1987-05-04,24.486,123
1987-05-05,24.461,123
1987-05-06,24.46,123
1987-05-07,24.454,123
1987-05-08,24.488,123
1987-05-09,24.481,123
1987-05-10,24.526,123
1987-05-11,24.562,123
1987-05-12,24.538,123
1987-05-13,24.53,123
1987-05-14,24.467,123
1987-05-15,24.412,123
1987-05-16,24.326,123
1987-05-17,24.284,123
1987-05-18,24.295,123
1987-05-19,24.384,123
1987-05-20,24.451,123
1987-05-21,24.583,123
1987-05-22,24.816,123
1987-05-23,24.937,123
1987-05-24,24.933,123
1987-05-25,24.846,123
1987-05-26,24.72,123
1987-05-27,24.65,123
1987-05-28,24.646,123
1987-05-29,24.721,123
1987-05-30,24.754,123
1987-05-31,24.72,123
1987-06-01,24.754,123
1987-06-02,24.858,123
1987-06-03,25.16,123
1987-06-04,25.305,123
1987-06-05,25.421,123
1987-06-06,25.535,123
1987-06-07,25.522,123
1987-06-08,25.437,123
1987-06-09,25.502,123
1987-06-10,25.636,123
1987-06-11,25.629,123
1987-06-12,25.578,123
1987-06-13,25.562,123
1987-06-14,25.552,123
1987-06-15,25.489,123
1987-06-16,25.47,123
1987-06-17,25.482,123
1987-06-18,25.473,123
1987-06-19,25.359,123
1987-06-20,25.226,123
1987-06-21,25.175,123
1987-06-22,25.143,123
1987-06-23,25.133,123
1987-06-24,25.174,123
1987-06-25,25.346,123
1987-06-26,25.517,123
1987-06-27,25.62,123
1987-06-28,25.688,123
1987-06-29,25.702,123
1987-06-30,25.791,123
1987-07-01,25.861,123
1987-07-02,25.812,123
1987-07-03,25.696,123
1987-07-04,25.605,123
1987-07-05,25.581,123
1987-07-06,25.62,123
1987-07-07,25.641,123
1987-07-08,25.906,123
1987-07-09,26.143,123
1987-07-10,26.275,123
1987-07-11,26.334,123
1987-07-12,26.361,123
1987-07-13,26.354,123
1987-07-14,26.387,123
1987-07-15,26.41,123
1987-07-16,26.362,123
1987-07-17,26.411,123
1987-07-18,26.378,123
1987-07-19,26.434,123
1987-07-20,26.523,123
1987-07-21,26.598,123
1987-07-22,26.669,123
1987-07-23,26.702,123
1987-07-24,26.627,123
1987-07-25,26.612,123
1987-07-26,26.588,123
1987-07-27,26.606,123
1987-07-28,26.615,123
1987-07-29,26.759,123
1987-07-30,26.955,123
1987-07-31,27.048,123
1987-08-01,27.059,123
1987-08-02,27.038,123
1987-08-03,27.023,123
1987-08-04,27.106,123
1987-08-05,27.034,123
1987-08-06,26.94,123
1987-08-07,26.948,123
1987-08-08,26.965,123
1987-08-09,27.008,123
1987-08-10,27.127,123
1987-08-11,27.192,123
1987-08-12,27.168,123
1987-08-13,26.973,123
1987-08-14,26.915,123
1987-08-15,26.975,123
1987-08-16,27.209,123
1987-08-17,27.341,123
1987-08-18,27.301,123
1987-08-19,27.1,123
1987-08-20,27.02,123
1987-08-21,27.032,123
1987-08-22,27.21,123
1987-08-23,27.203,123
1987-08-24,27.275,123
1987-08-25,27.471,123
1987-08-26,27.463,123
1987-08-27,27.36,123
1987-08-28,27.4,123
1987-08-29,27.538,123
1987-08-30,27.62,123
1987-08-31,27.532,123
1987-09-01,27.665,123
1987-09-02,27.672,123
1987-09-03,27.677,123
1987-09-04,27.639,123
1987-09-05,27.593,123
1987-09-06,27.574,123
1987-09-07,27.532,123
1987-09-08,27.535,123
1987-09-09,27.494,123
1987-09-10,27.461,123
1987-09-11,27.656,123
1987-09-12,27.764,123
1987-09-13,27.773,123
1987-09-14,27.822,123
1987-09-15,27.765,123
1987-09-16,27.75,123
1987-09-17,27.74,123
1987-09-18,27.709,123
1987-09-19,27.69,123
1987-09-20,27.718,123
1987-09-21,27.676,123
1987-09-22,27.651,123
1987-09-23,27.779,123
1987-09-24,27.869,123
1987-09-25,27.878,123
1987-09-26,27.84,123
1987-09-27,27.773,123
1987-09-28,27.75,123
1987-09-29,27.69,123
1987-09-30,27.595,123
1987-10-01,27.548,123
1987-10-02,27.635,123
1987-10-03,27.762,123
1987-10-04,27.759,123
1987-10-05,27.799,123
1987-10-06,27.842,123
1987-10-07,27.724,123
1987-10-08,27.625,123
1987-10-09,27.659,123
1987-10-10,27.681,123
1987-10-11,27.65,123
1987-10-12,27.622,123
1987-10-13,27.634,123
1987-10-14,27.643,123
1987-10-15,27.636,123
1987-10-16,27.555,123
1987-10-17,27.473,123
1987-10-18,27.489,123
1987-10-19,27.498,123
1987-10-20,27.45,123
1987-10-21,27.36,123
1987-10-22,27.303,123
1987-10-23,27.157,123
1987-10-24,27.055,123
1987-10-25,27.013,123
1987-10-26,27.042,123
1987-10-27,27.018,123
1987-10-28,26.918,123
1987-10-29,26.905,123
1987-10-30,26.931,123
1987-10-31,26.963,123
1987-11-01,26.837,123
1987-11-02,26.749,123
1987-11-03,26.656,123
1987-11-04,26.606,123
1987-11-05,26.54,123
1987-11-06,26.628,123
1987-11-07,26.84,123
1987-11-08,26.8,123
1987-11-09,26.662,123
1987-11-10,26.549,123
1987-11-11,26.507,123
1987-11-12,26.509,123
1987-11-13,26.449,123
1987-11-14,26.429,123
1987-11-15,26.285,123
1987-11-16,26.185,123
1987-11-17,26.151,123
1987-11-18,26.194,123
1987-11-19,26.273,123
1987-11-20,26.284,123
1987-11-21,26.261,123
1987-11-22,26.192,123
1987-11-23,26.229,123
1987-11-24,26.35,123
1987-11-25,26.317,123
1987-11-26,26.22,123
1987-11-27,26.16,123
1987-11-28,26.164,123
1987-11-29,26.089,123
1987-11-30,26.007,123
1987-12-01,25.942,123
1987-12-02,25.84,123
1987-12-03,25.797,123
1987-12-04,25.722,123
1987-12-05,25.628,123
1987-12-06,25.43,123
1987-12-07,25.344,123
1987-12-08,25.302,123
1987-12-09,25.356,123
1987-12-10,25.321,123
1987-12-11,25.295,123
1987-12-12,25.297,123
1987-12-13,25.228,123
1987-12-14,25.173,123
1987-12-15,25.113,123
1987-12-16,25.115,123
1987-12-17,25.099,123
1987-12-18,25.116,123
1987-12-19,25.083,123
1987-12-20,25.017,123
1987-12-21,25.056,123
1987-12-22,25.289,123
1987-12-23,25.382,123
1987-12-24,25.365,123
1987-12-25,25.359,123
1987-12-26,25.384,123
1987-12-27,25.398,123
1987-12-28,25.364,123
1987-12-29,25.337,123
1987-12-30,25.347,123
1987-12-31,25.353,123
1988-01-01,25.274,123
1988-01-02,25.25,123
1988-01-03,25.184,123
1988-01-04,24.934,123
1988-01-05,24.851,123
1988-01-06,24.861,123
1988-01-07,24.885,123
1988-01-08,24.953,123
1988-01-09,24.866,123
1988-01-10,24.984,123
1988-01-11,25.067,123
1988-01-12,25.12,123
1988-01-13,25.111,123
1988-01-14,25.099,123
1988-01-15,25.071,123
1988-01-16,24.984,123
1988-01-17,24.926,123
1988-01-18,25.002,123
1988-01-19,25.067,123
1988-01-20,25.141,123
1988-01-21,25.221,123
1988-01-22,25.293,123
1988-01-23,25.316,123
1988-01-24,25.301,123
1988-01-25,25.219,123
1988-01-26,25.146,123
1988-01-27,25.038,123
1988-01-28,24.986,123
1988-01-29,24.975,123
1988-01-30,25.09,123
1988-01-31,25.227,123
1988-02-01,25.204,123
1988-02-02,25.046,123
1988-02-03,24.951,123
1988-02-04,24.935,123
1988-02-05,24.937,123
1988-02-06,24.957,123
1988-02-07,24.963,123
1988-02-08,25.013,123
1988-02-09,25.023,123
1988-02-10,25.052,123
1988-02-11,25.066,123
1988-02-12,25.014,123
1988-02-13,24.919,123
1988-02-14,24.814,123
1988-02-15,24.84,123
1988-02-16,24.939,123
1988-02-17,25.068,123
1988-02-18,25.071,123
1988-02-19,25.056,123
1988-02-20,25.005,123
1988-02-21,24.979,123
1988-02-22,24.923,123
1988-02-23,24.896,123
1988-02-24,24.91,123
1988-02-25,24.915,123
1988-02-26,24.906,123
1988-02-27,24.889,123
1988-02-28,24.876,123
1988-02-29,24.805,123
1988-03-01,24.753,123
1988-03-02,24.719,123
1988-03-03,24.796,123
1988-03-04,24.806,123
1988-03-05,24.851,123
1988-03-06,24.845,123
1988-03-07,24.817,123
1988-03-08,24.778,123
1988-03-09,24.73,123
1988-03-10,24.707,123
1988-03-11,24.702,123
1988-03-12,24.727,123
1988-03-13,24.7,123
1988-03-14,24.67,123
1988-03-15,24.675,123
1988-03-16,24.813,123
1988-03-17,24.838,123
1988-03-18,24.775,123
1988-03-19,24.69,123
1988-03-20,24.627,123
1988-03-21,24.638,123
1988-03-22,24.7,123
1988-03-23,24.781,123
1988-03-24,24.8,123
1988-03-25,24.898,123
1988-03-26,24.969,123
1988-03-27,24.986,123
1988-03-28,24.972,123
1988-03-29,24.946,123
1988-03-30,24.949,123
1988-03-31,24.929,123
1988-04-01,24.894,123
1988-04-02,24.88,123
1988-04-03,24.916,123
1988-04-04,24.957,123
1988-04-05,25.004,123
1988-04-06,25.015,123
1988-04-07,24.982,123
1988-04-08,24.913,123
1988-04-09,24.893,123
1988-04-10,24.904,123
1988-04-11,24.916,123
1988-04-12,24.926,123
1988-04-13,24.974,123
1988-04-14,24.991,123
1988-04-15,25.016,123
1988-04-16,25.006,123
1988-04-17,25.01,123
1988-04-18,24.981,123
1988-04-19,25.011,123
1988-04-20,24.999,123
1988-04-21,24.985,123
1988-04-22,24.944,123
1988-04-23,24.917,123
1988-04-24,24.89,123
1988-04-25,24.902,123
1988-04-26,24.833,123
1988-04-27,24.819,123
1988-04-28,24.789,123
1988-04-29,24.99,123
1988-04-30,25.072,123
1988-05-01,25.116,123
1988-05-02,25.112,123
1988-05-03,25.079,123
1988-05-04,25.014,123
1988-05-05,24.934,123
1988-05-06,24.924,123
1988-05-07,24.983,123
1988-05-08,25.214,123
1988-05-09,25.301,123
1988-05-10,25.328,123
1988-05-11,25.3,123
1988-05-12,25.28,123
1988-05-13,25.317,123
1988-05-14,25.289,123
1988-05-15,25.28,123
1988-05-16,25.268,123
1988-05-17,25.282,123
1988-05-18,25.314,123
1988-05-19,25.403,123
1988-05-20,25.43,123
1988-05-21,25.455,123
1988-05-22,25.466,123
1988-05-23,25.485,123
1988-05-24,25.45,123
1988-05-25,25.401,123
1988-05-26,25.38,123
1988-05-27,25.373,123
1988-05-28,25.348,123
1988-05-29,25.34,123
1988-05-30,25.335,123
1988-05-31,25.342,123
1988-06-01,25.385,123
1988-06-02,25.459,123
1988-06-03,25.527,123
1988-06-04,25.557,123
1988-06-05,25.554,123
1988-06-06,25.564,123
1988-06-07,25.517,123
1988-06-08,25.478,123
1988-06-09,25.519,123
1988-06-10,25.586,123
1988-06-11,25.597,123
1988-06-12,25.539,123
1988-06-13,25.554,123
1988-06-14,25.548,123
1988-06-15,25.541,123
1988-06-16,25.533,123
1988-06-17,25.543,123
1988-06-18,25.562,123
1988-06-19,25.562,123
1988-06-20,25.563,123
1988-06-21,25.6,123
1988-06-22,25.601,123
1988-06-23,25.576,123
1988-06-24,25.624,123
1988-06-25,25.712,123
1988-06-26,25.762,123
1988-06-27,25.762,123
1988-06-28,25.758,123
1988-06-29,25.776,123
1988-06-30,25.812,123
1988-07-01,25.813,123
1988-07-02,25.837,123
1988-07-03,25.884,123
1988-07-04,25.907,123
1988-07-05,25.815,123
1988-07-06,25.768,123
1988-07-07,25.73,123
1988-07-08,25.75,123
1988-07-09,25.819,123
1988-07-10,26.007,123
1988-07-11,26.121,123
1988-07-12,26.145,123
1988-07-13,26.14,123
1988-07-14,26.153,123
1988-07-15,26.153,123
1988-07-16,26.179,123
1988-07-17,26.216,123
1988-07-18,26.228,123
1988-07-19,26.182,123
1988-07-20,26.223,123
1988-07-21,26.258,123
1988-07-22,26.279,123
1988-07-23,26.274,123
1988-07-24,26.243,123
1988-07-25,26.246,123
1988-07-26,26.274,123
1988-07-27,26.36,123
1988-07-28,26.422,123
1988-07-29,26.542,123
1988-07-30,26.648,123
1988-07-31,26.698,123
1988-08-01,26.644,123
1988-08-02,26.589,123
1988-08-03,26.616,123
1988-08-04,26.763,123
1988-08-05,26.716,123
1988-08-06,26.631,123
1988-08-07,26.619,123
1988-08-08,26.576,123
1988-08-09,26.638,123
1988-08-10,26.69,123
1988-08-11,26.753,123
1988-08-12,26.723,123
1988-08-13,26.781,123
1988-08-14,26.795,123
1988-08-15,26.79,123
1988-08-16,26.829,123
1988-08-17,26.881,123
1988-08-18,26.872,123
1988-08-19,26.874,123
1988-08-20,26.887,123
1988-08-21,26.894,123
1988-08-22,26.914,123
1988-08-23,26.95,123
1988-08-24,26.949,123
1988-08-25,26.936,123
1988-08-26,26.875,123
1988-08-27,26.831,123
1988-08-28,26.778,123
1988-08-29,26.727,123
1988-08-30,26.684,123
1988-08-31,26.691,123
1988-09-01,26.691,123
1988-09-02,26.645,123
1988-09-03,26.657,123
1988-09-04,26.582,123
1988-09-05,26.526,123
1988-09-06,26.497,123
1988-09-07,26.46,123
1988-09-08,26.457,123
1988-09-09,26.487,123
1988-09-10,26.566,123
1988-09-11,26.595,123
1988-09-12,26.736,123
1988-09-13,26.611,123
1988-09-14,26.549,123
1988-09-15,26.519,123
1988-09-16,26.638,123
1988-09-17,26.722,123
1988-09-18,26.732,123
1988-09-19,26.734,123
1988-09-20,26.794,123
1988-09-21,26.885,123
1988-09-22,26.873,123
1988-09-23,26.703,123
1988-09-24,26.503,123
1988-09-25,26.446,123
1988-09-26,26.457,123
1988-09-27,26.462,123
1988-09-28,26.463,123
1988-09-29,26.496,123
1988-09-30,26.781,123
1988-10-01,26.736,123
1988-10-02,26.527,123
1988-10-03,26.301,123
1988-10-04,26.279,123
1988-10-05,26.311,123
1988-10-06,26.31,123
1988-10-07,26.284,123
1988-10-08,26.331,123
1988-10-09,26.427,123
1988-10-10,26.651,123
1988-10-11,26.7,123
1988-10-12,26.793,123
1988-10-13,26.985,123
1988-10-14,26.904,123
1988-10-15,26.665,123
1988-10-16,26.63,123
1988-10-17,26.639,123
1988-10-18,26.705,123
1988-10-19,26.866,123
1988-10-20,26.886,123
1988-10-21,26.881,123
1988-10-22,27.08,123
1988-10-23,27.255,123
1988-10-24,27.263,123
1988-10-25,27.198,123
1988-10-26,27.139,123
1988-10-27,27.13,123
1988-10-28,27.046,123
1988-10-29,27.046,123
1988-10-30,26.973,123
1988-10-31,26.982,123
1988-11-01,27.024,123
1988-11-02,27.073,123
1988-11-03,27.034,123
1988-11-04,26.875,123
1988-11-05,26.79,123
1988-11-06,26.718,123
1988-11-07,26.698,123
1988-11-08,26.608,123
1988-11-09,26.545,123
1988-11-10,26.555,123
1988-11-11,26.664,123
1988-11-12,26.682,123
1988-11-13,26.616,123
1988-11-14,26.556,123
1988-11-15,26.532,123
1988-11-16,26.469,123
1988-11-17,26.387,123
1988-11-18,26.48,123
1988-11-19,26.563,123
1988-11-20,26.569,123
1988-11-21,26.452,123
1988-11-22,26.357,123
1988-11-23,26.325,123
1988-11-24,26.277,123
1988-11-25,26.22,123
1988-11-26,26.137,123
1988-11-27,26.069,123
1988-11-28,26.031,123
1988-11-29,26.15,123
1988-11-30,26.258,123
1988-12-01,26.268,123
1988-12-02,26.136,123
1988-12-03,26.076,123
1988-12-04,26.086,123
1988-12-05,26.071,123
1988-12-06,25.924,123
1988-12-07,25.896,123
1988-12-08,25.971,123
1988-12-09,26.13,123
1988-12-10,26.139,123
1988-12-11,26.071,123
1988-12-12,26.003,123
1988-12-13,25.891,123
1988-12-14,25.789,123
1988-12-15,25.683,123
1988-12-16,25.642,123
1988-12-17,25.608,123
1988-12-18,25.616,123
1988-12-19,25.566,123
1988-12-20,25.504,123
1988-12-21,25.551,123
1988-12-22,25.553,123
1988-12-23,25.527,123
1988-12-24,25.461,123
1988-12-25,25.486,123
1988-12-26,25.446,123
1988-12-27,25.444,123
1988-12-28,25.443,123
1988-12-29,25.45,123
1988-12-30,25.424,123
1988-12-31,25.433,123
1989-01-01,25.39,123
1989-01-02,25.359,123
1989-01-03,25.268,123
1989-01-04,25.205,123
1989-01-05,25.113,123
1989-01-06,25.077,123
1989-01-07,25.034,123
1989-01-08,25.08,123
1989-01-09,25.072,123
1989-01-10,24.96,123
1989-01-11,24.892,123
1989-01-12,24.9,123
1989-01-13,24.868,123
1989-01-14,24.859,123
1989-01-15,24.854,123
1989-01-16,24.798,123
1989-01-17,24.772,123
1989-01-18,24.738,123
1989-01-19,24.713,123
1989-01-20,24.655,123
1989-01-21,24.619,123
1989-01-22,24.578,123
1989-01-23,24.541,123
1989-01-24,24.48,123
1989-01-25,24.459,123
1989-01-26,24.54,123
1989-01-27,24.623,123
1989-01-28,24.694,123
1989-01-29,24.692,123
1989-01-30,24.596,123
1989-01-31,24.498,123
1989-02-01,24.439,123
1989-02-02,24.395,123
1989-02-03,24.35,123
1989-02-04,24.322,123
1989-02-05,24.328,123
1989-02-06,24.364,123
1989-02-07,24.559,123
1989-02-08,24.571,123
1989-02-09,24.515,123
1989-02-10,24.447,123
1989-02-11,24.429,123
1989-02-12,24.394,123
1989-02-13,24.363,123
1989-02-14,24.33,123
1989-02-15,24.604,123
1989-02-16,24.84,123
1989-02-17,25.012,123
1989-02-18,24.91,123
1989-02-19,24.702,123
1989-02-20,24.613,123
1989-02-21,24.596,123
1989-02-22,24.575,123
1989-02-23,24.536,123
1989-02-24,24.545,123
1989-02-25,24.541,123
1989-02-26,24.56,123
1989-02-27,24.556,123
1989-02-28,24.566,123
1989-03-01,24.461,123
1989-03-02,24.411,123
1989-03-03,24.356,123
1989-03-04,24.346,123
1989-03-05,24.359,123
1989-03-06,24.364,123
1989-03-07,24.358,123
1989-03-08,24.363,123
1989-03-09,24.35,123
1989-03-10,24.383,123
1989-03-11,24.393,123
1989-03-12,24.346,123
1989-03-13,24.299,123
1989-03-14,24.267,123
1989-03-15,24.227,123
1989-03-16,24.24,123
1989-03-17,24.305,123
1989-03-18,24.411,123
1989-03-19,24.408,123
1989-03-20,24.437,123
1989-03-21,24.603,123
1989-03-22,24.655,123
1989-03-23,24.652,123
1989-03-24,24.646,123
1989-03-25,24.671,123
1989-03-26,24.729,123
1989-03-27,24.785,123
1989-03-28,24.876,123
1989-03-29,24.897,123
1989-03-30,24.792,123
1989-03-31,24.708,123
1989-04-01,24.674,123
1989-04-02,24.633,123
1989-04-03,24.609,123
1989-04-04,24.557,123
1989-04-05,24.599,123
1989-04-06,24.644,123
1989-04-07,24.639,123
1989-04-08,24.557,123
1989-04-09,24.396,123
1989-04-10,24.269,123
1989-04-11,24.193,123
1989-04-12,24.14,123
1989-04-13,24.242,123
1989-04-14,24.297,123
1989-04-15,24.289,123
1989-04-16,24.238,123
1989-04-17,24.245,123
1989-04-18,24.258,123
1989-04-19,24.293,123
1989-04-20,24.305,123
1989-04-21,24.375,123
1989-04-22,24.377,123
1989-04-23,24.386,123
1989-04-24,24.4,123
1989-04-25,24.513,123
1989-04-26,24.527,123
1989-04-27,24.417,123
1989-04-28,24.378,123
1989-04-29,24.418,123
1989-04-30,24.445,123
1989-05-01,24.483,123
1989-05-02,24.494,123
1989-05-03,24.531,123
1989-05-04,24.512,123
1989-05-05,24.464,123
1989-05-06,24.416,123
1989-05-07,24.464,123
1989-05-08,24.55,123
1989-05-09,24.616,123
1989-05-10,24.636,123
1989-05-11,24.681,123
1989-05-12,24.788,123
1989-05-13,24.853,123
1989-05-14,24.859,123
1989-05-15,24.924,123
1989-05-16,24.922,123
1989-05-17,24.977,123
1989-05-18,25.047,123
1989-05-19,25.054,123
1989-05-20,25.025,123
1989-05-21,25.039,123
1989-05-22,25.067,123
1989-05-23,25.125,123
1989-05-24,25.13,123
1989-05-25,25.117,123
1989-05-26,25.179,123
1989-05-27,25.281,123
1989-05-28,25.307,123
1989-05-29,25.313,123
1989-05-30,25.326,123
1989-05-31,25.374,123
1989-06-01,25.419,123
1989-06-02,25.501,123
1989-06-03,25.618,123
1989-06-04,25.68,123
1989-06-05,25.712,123
1989-06-06,25.734,123
1989-06-07,25.677,123
1989-06-08,25.606,123
1989-06-09,25.61,123
1989-06-10,25.632,123
1989-06-11,25.619,123
1989-06-12,25.594,123
1989-06-13,25.56,123
1989-06-14,25.578,123
1989-06-15,25.606,123
1989-06-16,25.645,123
1989-06-17,25.685,123
1989-06-18,25.724,123
1989-06-19,25.752,123
1989-06-20,25.742,123
1989-06-21,25.743,123
1989-06-22,25.798,123
1989-06-23,25.957,123
1989-06-24,26.047,123
1989-06-25,26.068,123
1989-06-26,26.081,123
1989-06-27,26.114,123
1989-06-28,26.106,123
1989-06-29,26.056,123
1989-06-30,26.029,123
1989-07-01,26.049,123
1989-07-02,26.028,123
1989-07-03,26.004,123
1989-07-04,26.002,123
1989-07-05,25.974,123
1989-07-06,25.889,123
1989-07-07,25.796,123
1989-07-08,25.746,123
1989-07-09,25.707,123
1989-07-10,25.709,123
1989-07-11,25.736,123
1989-07-12,25.728,123
1989-07-13,25.721,123
1989-07-14,25.817,123
1989-07-15,25.907,123
1989-07-16,25.933,123
1989-07-17,25.939,123
1989-07-18,25.937,123
1989-07-19,25.953,123
1989-07-20,25.965,123
1989-07-21,25.985,123
1989-07-22,26.068,123
1989-07-23,26.082,123
1989-07-24,26.073,123
1989-07-25,26.1,123
1989-07-26,26.076,123
1989-07-27,26.018,123
1989-07-28,26.007,123
1989-07-29,26.046,123
1989-07-30,26.042,123
1989-07-31,26.089,123
1989-08-01,26.106,123
1989-08-02,26.14,123
1989-08-03,26.149,123
1989-08-04,26.246,123
1989-08-05,26.394,123
1989-08-06,26.409,123
1989-08-07,26.411,123
1989-08-08,26.423,123
1989-08-09,26.486,123
1989-08-10,26.617,123
1989-08-11,26.706,123
1989-08-12,26.748,123
1989-08-13,26.823,123
1989-08-14,26.834,123
1989-08-15,26.75,123
1989-08-16,26.633,123
1989-08-17,26.604,123
1989-08-18,26.583,123
1989-08-19,26.482,123
1989-08-20,26.488,123
1989-08-21,26.531,123
1989-08-22,26.555,123
1989-08-23,26.542,123
1989-08-24,26.505,123
1989-08-25,26.495,123
1989-08-26,26.553,123
1989-08-27,26.566,123
1989-08-28,26.543,123
1989-08-29,26.583,123
1989-08-30,26.794,123
1989-08-31,26.949,123
1989-09-01,27.007,123
1989-09-02,27.125,123
1989-09-03,27.243,123
1989-09-04,27.237,123
1989-09-05,27.109,123
1989-09-06,27.068,123
1989-09-07,26.934,123
1989-09-08,26.918,123
1989-09-09,26.931,123
1989-09-10,26.938,123
1989-09-11,26.957,123
1989-09-12,27.002,123
1989-09-13,27.182,123
1989-09-14,27.213,123
1989-09-15,27.153,123
1989-09-16,27.072,123
1989-09-17,27.052,123
1989-09-18,26.964,123
1989-09-19,26.923,123
1989-09-20,26.952,123
1989-09-21,26.965,123
1989-09-22,26.918,123
1989-09-23,26.877,123
1989-09-24,26.867,123
1989-09-25,26.913,123
1989-09-26,26.934,123
1989-09-27,26.933,123
1989-09-28,26.941,123
1989-09-29,27.01,123
1989-09-30,27.029,123
1989-10-01,27.026,123
1989-10-02,27.038,123
1989-10-03,26.978,123
1989-10-04,26.886,123
1989-10-05,26.886,123
1989-10-06,26.871,123
1989-10-07,26.91,123
1989-10-08,27.057,123
1989-10-09,27.141,123
1989-10-10,27.107,123
1989-10-11,27.04,123
1989-10-12,26.99,123
1989-10-13,26.982,123
1989-10-14,26.975,123
1989-10-15,26.948,123
1989-10-16,26.902,123
1989-10-17,26.887,123
1989-10-18,26.966,123
1989-10-19,27.033,123
1989-10-20,27.048,123
1989-10-21,27.049,123
1989-10-22,27.061,123
1989-10-23,27.056,123
1989-10-24,27.014,123
1989-10-25,26.972,123
1989-10-26,26.928,123
1989-10-27,27.055,123
1989-10-28,27.174,123
1989-10-29,27.254,123
1989-10-30,27.231,123
1989-10-31,27.192,123
1989-11-01,27.128,123
1989-11-02,27.04,123
1989-11-03,26.939,123
1989-11-04,26.892,123
1989-11-05,26.9,123
1989-11-06,27.147,123
1989-11-07,27.245,123
1989-11-08,27.154,123
1989-11-09,27.028,123
1989-11-10,26.935,123
1989-11-11,26.857,123
1989-11-12,26.803,123
1989-11-13,26.724,123
1989-11-14,26.704,123
1989-11-15,26.672,123
1989-11-16,26.561,123
1989-11-17,26.477,123
1989-11-18,26.474,123
1989-11-19,26.443,123
1989-11-20,26.403,123
1989-11-21,26.334,123
1989-11-22,26.212,123
1989-11-23,26.246,123
1989-11-24,26.246,123
1989-11-25,26.158,123
1989-11-26,26.022,123
1989-11-27,26.071,123
1989-11-28,26.15,123
1989-11-29,26.211,123
1989-11-30,26.127,123
1989-12-01,26.04,123
1989-12-02,25.905,123
1989-12-03,25.907,123
1989-12-04,25.955,123
1989-12-05,26.006,123
1989-12-06,25.97,123
1989-12-07,25.896,123
1989-12-08,25.813,123
1989-12-09,25.802,123
1989-12-10,25.672,123
1989-12-11,25.599,123
1989-12-12,25.559,123
1989-12-13,25.405,123
1989-12-14,25.219,123
1989-12-15,24.921,123
1989-12-16,24.847,123
1989-12-17,24.82,123
1989-12-18,24.797,123
1989-12-19,24.738,123
1989-12-20,24.702,123
1989-12-21,24.734,123
1989-12-22,25.022,123
1989-12-23,25.429,123
1989-12-24,25.537,123
1989-12-25,25.483,123
1989-12-26,25.429,123
1989-12-27,25.315,123
1989-12-28,25.247,123
1989-12-29,25.218,123
1989-12-30,25.16,123
1989-12-31,25.083,123
1990-01-01,24.931,123
1990-01-02,24.852,123
1990-01-03,24.686,123
1990-01-04,24.592,123
1990-01-05,24.578,123
1990-01-06,24.592,123
1990-01-07,24.57,123
1990-01-08,24.59,123
1990-01-09,24.458,123
1990-01-10,24.392,123
1990-01-11,24.326,123
1990-01-12,24.366,123
1990-01-13,24.423,123
1990-01-14,24.492,123
1990-01-15,24.502,123
1990-01-16,24.455,123
1990-01-17,24.434,123
1990-01-18,24.425,123
1990-01-19,24.449,123
1990-01-20,24.411,123
1990-01-21,24.381,123
1990-01-22,24.344,123
1990-01-23,24.386,123
1990-01-24,24.396,123
1990-01-25,24.389,123
1990-01-26,24.383,123
1990-01-27,24.342,123
1990-01-28,24.382,123
1990-01-29,24.364,123
1990-01-30,24.307,123
1990-01-31,24.279,123
1990-02-01,24.296,123
1990-02-02,24.323,123
1990-02-03,24.325,123
1990-02-04,24.307,123
1990-02-05,24.3,123
1990-02-06,24.314,123
1990-02-07,24.143,123
1990-02-08,24.073,123
1990-02-09,24.088,123
1990-02-10,24.106,123
1990-02-11,24.146,123
1990-02-12,24.2,123
1990-02-13,24.197,123
1990-02-14,24.152,123
1990-02-15,24.273,123
1990-02-16,24.321,123
1990-02-17,24.353,123
1990-02-18,24.214,123
1990-02-19,24.105,123
1990-02-20,24.023,123
1990-02-21,24.052,123
1990-02-22,24.115,123
1990-02-23,24.133,123
1990-02-24,24.161,123
1990-02-25,24.131,123
1990-02-26,24.132,123
1990-02-27,24.136,123
1990-02-28,24.19,123
1990-03-01,23.955,123
1990-03-02,23.879,123
1990-03-03,23.859,123
1990-03-04,23.899,123
1990-03-05,23.944,123
1990-03-06,23.971,123
1990-03-07,23.988,123
1990-03-08,24,123
1990-03-09,24.128,123
1990-03-10,24.084,123
1990-03-11,23.919,123
1990-03-12,23.799,123
1990-03-13,23.79,123
1990-03-14,23.771,123
1990-03-15,23.702,123
1990-03-16,23.7,123
1990-03-17,23.786,123
1990-03-18,23.955,123
1990-03-19,23.834,123
1990-03-20,23.699,123
1990-03-21,23.644,123
1990-03-22,23.692,123
1990-03-23,23.75,123
1990-03-24,23.874,123
1990-03-25,23.951,123
1990-03-26,23.959,123
1990-03-27,23.975,123
1990-03-28,24.007,123
1990-03-29,24.014,123
1990-03-30,23.999,123
1990-03-31,23.992,123
1990-04-01,24,123
1990-04-02,24.018,123
1990-04-03,23.988,123
1990-04-04,23.972,123
1990-04-05,24.077,123
1990-04-06,24.291,123
1990-04-07,24.455,123
1990-04-08,24.42,123
1990-04-09,24.271,123
1990-04-10,24.233,123
1990-04-11,24.214,123
1990-04-12,24.179,123
1990-04-13,24.61,123
1990-04-14,24.692,123
1990-04-15,24.617,123
1990-04-16,24.549,123
1990-04-17,24.59,123
1990-04-18,24.544,123
1990-04-19,24.546,123
1990-04-20,24.54,123
1990-04-21,24.606,123
1990-04-22,24.593,123
1990-04-23,24.623,123
1990-04-24,24.59,123
1990-04-25,24.581,123
1990-04-26,24.554,123
1990-04-27,24.58,123
1990-04-28,24.541,123
1990-04-29,24.608,123
1990-04-30,24.669,123
1990-05-01,24.743,123
1990-05-02,24.82,123
1990-05-03,24.761,123
1990-05-04,24.734,123
1990-05-05,24.637,123
1990-05-06,24.527,123
1990-05-07,24.493,123
1990-05-08,24.571,123
1990-05-09,24.587,123
1990-05-10,24.783,123
1990-05-11,25.067,123
1990-05-12,25.252,123
1990-05-13,25.375,123
1990-05-14,25.366,123
1990-05-15,25.384,123
1990-05-16,25.328,123
1990-05-17,25.299,123
1990-05-18,25.317,123
1990-05-19,25.324,123
1990-05-20,25.236,123
1990-05-21,25.095,123
1990-05-22,25.114,123
1990-05-23,25.181,123
1990-05-24,25.241,123
1990-05-25,25.219,123
1990-05-26,25.246,123
1990-05-27,25.266,123
1990-05-28,25.26,123
1990-05-29,25.294,123
1990-05-30,25.437,123
1990-05-31,25.537,123
1990-06-01,25.582,123
1990-06-02,25.62,123
1990-06-03,25.653,123
1990-06-04,25.679,123
1990-06-05,25.661,123
1990-06-06,25.629,123
1990-06-07,25.608,123
1990-06-08,25.573,123
1990-06-09,25.605,123
1990-06-10,25.636,123
1990-06-11,25.612,123
1990-06-12,25.585,123
1990-06-13,25.563,123
1990-06-14,25.51,123
1990-06-15,25.492,123
1990-06-16,25.503,123
1990-06-17,25.542,123
1990-06-18,25.581,123
1990-06-19,25.551,123
1990-06-20,25.492,123
1990-06-21,25.509,123
1990-06-22,25.582,123
1990-06-23,25.596,123
1990-06-24,25.61,123
1990-06-25,25.603,123
1990-06-26,25.752,123
1990-06-27,25.842,123
1990-06-28,25.86,123
1990-06-29,25.825,123
1990-06-30,25.777,123
1990-07-01,25.767,123
1990-07-02,25.75,123
1990-07-03,25.776,123
1990-07-04,25.821,123
1990-07-05,25.81,123
1990-07-06,25.975,123
1990-07-07,25.99,123
1990-07-08,25.915,123
1990-07-09,25.802,123
1990-07-10,25.813,123
1990-07-11,25.849,123
1990-07-12,25.839,123
1990-07-13,25.812,123
1990-07-14,25.891,123
1990-07-15,26.048,123
1990-07-16,26.128,123
1990-07-17,26.17,123
1990-07-18,26.188,123
1990-07-19,26.198,123
1990-07-20,26.181,123
1990-07-21,26.178,123
1990-07-22,26.265,123
1990-07-23,26.277,123
1990-07-24,26.147,123
1990-07-25,26.147,123
1990-07-26,26.185,123
1990-07-27,26.216,123
1990-07-28,26.243,123
1990-07-29,26.285,123
1990-07-30,26.294,123
1990-07-31,26.31,123
1990-08-01,26.349,123
1990-08-02,26.435,123
1990-08-03,26.501,123
1990-08-04,26.575,123
1990-08-05,26.627,123
1990-08-06,26.611,123
1990-08-07,26.606,123
1990-08-08,26.616,123
1990-08-09,26.669,123
1990-08-10,26.589,123
1990-08-11,26.617,123
1990-08-12,26.585,123
1990-08-13,26.444,123
1990-08-14,26.309,123
1990-08-15,26.268,123
1990-08-16,26.3,123
1990-08-17,26.393,123
1990-08-18,26.457,123
1990-08-19,26.416,123
1990-08-20,26.459,123
1990-08-21,26.51,123
1990-08-22,26.517,123
1990-08-23,26.484,123
1990-08-24,26.455,123
1990-08-25,26.479,123
1990-08-26,26.523,123
1990-08-27,26.536,123
1990-08-28,26.511,123
1990-08-29,26.642,123
1990-08-30,26.797,123
1990-08-31,26.909,123
1990-09-01,27.061,123
1990-09-02,27.059,123
1990-09-03,27.046,123
1990-09-04,27.027,123
1990-09-05,26.951,123
1990-09-06,26.832,123
1990-09-07,26.791,123
1990-09-08,26.826,123
1990-09-09,26.859,123
1990-09-10,26.89,123
1990-09-11,26.843,123
1990-09-12,26.828,123
1990-09-13,26.783,123
1990-09-14,26.79,123
1990-09-15,26.763,123
1990-09-16,26.769,123
1990-09-17,26.887,123
1990-09-18,26.878,123
1990-09-19,26.845,123
1990-09-20,26.831,123
1990-09-21,26.865,123
1990-09-22,26.849,123
1990-09-23,26.799,123
1990-09-24,26.784,123
1990-09-25,27.018,123
1990-09-26,27.13,123
1990-09-27,27.111,123
1990-09-28,27.05,123
1990-09-29,27.021,123
1990-09-30,27.025,123
1990-10-01,27.045,123
1990-10-02,27.075,123
1990-10-03,27.098,123
1990-10-04,27.043,123
1990-10-05,27.153,123
1990-10-06,27.161,123
1990-10-07,27.079,123
1990-10-08,26.993,123
1990-10-09,26.955,123
1990-10-10,26.956,123
1990-10-11,26.897,123
1990-10-12,26.806,123
1990-10-13,26.775,123
1990-10-14,26.864,123
1990-10-15,26.906,123
1990-10-16,26.912,123
1990-10-17,26.906,123
1990-10-18,26.964,123
1990-10-19,27.014,123
1990-10-20,26.998,123
1990-10-21,26.939,123
1990-10-22,26.935,123
1990-10-23,26.953,123
1990-10-24,27.003,123
1990-10-25,27.034,123
1990-10-26,27.026,123
1990-10-27,27.013,123
1990-10-28,26.933,123
1990-10-29,26.901,123
1990-10-30,26.855,123
1990-10-31,26.81,123
1990-11-01,26.727,123
1990-11-02,26.67,123
1990-11-03,26.667,123
1990-11-04,26.66,123
1990-11-05,26.567,123
1990-11-06,26.479,123
1990-11-07,26.469,123
1990-11-08,26.43,123
1990-11-09,26.506,123
1990-11-10,26.478,123
1990-11-11,26.47,123
1990-11-12,26.466,123
1990-11-13,26.47,123
1990-11-14,26.506,123
1990-11-15,26.497,123
1990-11-16,26.469,123
1990-11-17,26.414,123
1990-11-18,26.41,123
1990-11-19,26.38,123
1990-11-20,26.269,123
1990-11-21,25.976,123
1990-11-22,25.844,123
1990-11-23,25.843,123
1990-11-24,25.837,123
1990-11-25,25.813,123
1990-11-26,25.768,123
1990-11-27,25.732,123
1990-11-28,25.749,123
1990-11-29,25.71,123
1990-11-30,25.85,123
1990-12-01,25.882,123
1990-12-02,25.855,123
1990-12-03,25.786,123
1990-12-04,25.805,123
1990-12-05,25.807,123
1990-12-06,25.698,123
1990-12-07,25.752,123
1990-12-08,25.783,123
1990-12-09,25.737,123
1990-12-10,25.593,123
1990-12-11,25.537,123
1990-12-12,25.538,123
1990-12-13,25.467,123
1990-12-14,25.383,123
1990-12-15,25.305,123
1990-12-16,25.416,123
1990-12-17,25.496,123
1990-12-18,25.519,123
1990-12-19,25.312,123
1990-12-20,25.202,123
1990-12-21,25.183,123
1990-12-22,25.176,123
1990-12-23,25.109,123
1990-12-24,24.964,123
1990-12-25,24.955,123
1990-12-26,24.954,123
1990-12-27,24.948,123
1990-12-28,24.897,123
1990-12-29,24.848,123
1990-12-30,24.84,123
1990-12-31,24.843,123
1991-01-01,24.77,123
1991-01-02,24.847,123
1991-01-03,24.873,123
1991-01-04,24.841,123
1991-01-05,24.901,123
1991-01-06,24.949,123
1991-01-07,24.974,123
1991-01-08,25.011,123
1991-01-09,24.95,123
1991-01-10,24.918,123
1991-01-11,24.874,123
1991-01-12,24.988,123
1991-01-13,25.056,123
1991-01-14,25.084,123
1991-01-15,25.044,123
1991-01-16,24.976,123
1991-01-17,24.924,123
1991-01-18,24.915,123
1991-01-19,24.904,123
1991-01-20,24.833,123
1991-01-21,24.785,123
1991-01-22,24.733,123
1991-01-23,24.708,123
1991-01-24,24.623,123
1991-01-25,24.55,123
1991-01-26,24.518,123
1991-01-27,24.483,123
1991-01-28,24.472,123
1991-01-29,24.442,123
1991-01-30,24.431,123
1991-01-31,24.454,123
1991-02-01,24.516,123
1991-02-02,24.593,123
1991-02-03,24.613,123
1991-02-04,24.556,123
1991-02-05,24.538,123
1991-02-06,24.722,123
1991-02-07,24.914,123
1991-02-08,25.001,123
1991-02-09,25.006,123
1991-02-10,25.031,123
1991-02-11,24.988,123
1991-02-12,24.895,123
1991-02-13,24.839,123
1991-02-14,24.737,123
1991-02-15,24.69,123
1991-02-16,24.758,123
1991-02-17,24.811,123
1991-02-18,24.694,123
1991-02-19,24.562,123
1991-02-20,24.546,123
1991-02-21,24.568,123
1991-02-22,24.577,123
1991-02-23,24.485,123
1991-02-24,24.48,123
1991-02-25,24.496,123
1991-02-26,24.62,123
1991-02-27,24.722,123
1991-02-28,24.786,123
1991-03-01,24.746,123
1991-03-02,24.709,123
1991-03-03,24.593,123
1991-03-04,24.539,123
1991-03-05,24.478,123
1991-03-06,24.375,123
1991-03-07,24.25,123
1991-03-08,24.196,123
1991-03-09,24.175,123
1991-03-10,24.18,123
1991-03-11,24.218,123
1991-03-12,24.233,123
1991-03-13,24.209,123
1991-03-14,24.146,123
1991-03-15,24.11,123
1991-03-16,24.127,123
1991-03-17,24.185,123
1991-03-18,24.213,123
1991-03-19,24.181,123
1991-03-20,24.108,123
1991-03-21,24.125,123
1991-03-22,24.136,123
1991-03-23,23.994,123
1991-03-24,24.029,123
1991-03-25,24.291,123
1991-03-26,24.429,123
1991-03-27,24.394,123
1991-03-28,24.292,123
1991-03-29,24.287,123
1991-03-30,24.286,123
1991-03-31,24.276,123
1991-04-01,24.336,123
1991-04-02,24.333,123
1991-04-03,24.264,123
1991-04-04,24.191,123
1991-04-05,24.114,123
1991-04-06,24.052,123
1991-04-07,24.028,123
1991-04-08,23.991,123
1991-04-09,24.017,123
1991-04-10,24.283,123
1991-04-11,24.283,123
1991-04-12,24.217,123
1991-04-13,24.231,123
1991-04-14,24.299,123
1991-04-15,24.29,123
1991-04-16,24.253,123
1991-04-17,24.27,123
1991-04-18,24.319,123
1991-04-19,24.394,123
1991-04-20,24.501,123
1991-04-21,24.577,123
1991-04-22,24.507,123
1991-04-23,24.42,123
1991-04-24,24.399,123
1991-04-25,24.425,123
1991-04-26,24.418,123
1991-04-27,24.416,123
1991-04-28,24.334,123
1991-04-29,24.379,123
1991-04-30,24.432,123
1991-05-01,24.454,123
1991-05-02,24.431,123
1991-05-03,24.434,123
1991-05-04,24.444,123
1991-05-05,24.409,123
1991-05-06,24.371,123
1991-05-07,24.375,123
1991-05-08,24.372,123
1991-05-09,24.37,123
1991-05-10,24.377,123
1991-05-11,24.387,123
1991-05-12,24.439,123
1991-05-13,24.536,123
1991-05-14,24.506,123
1991-05-15,24.507,123
1991-05-16,24.499,123
1991-05-17,24.566,123
1991-05-18,24.666,123
1991-05-19,24.742,123
1991-05-20,24.762,123
1991-05-21,24.8,123
1991-05-22,24.947,123
1991-05-23,25.042,123
1991-05-24,25.073,123
1991-05-25,25.039,123
1991-05-26,25.021,123
1991-05-27,25.045,123
1991-05-28,25.15,123
1991-05-29,25.199,123
1991-05-30,25.219,123
1991-05-31,25.259,123
1991-06-01,25.306,123
1991-06-02,25.204,123
1991-06-03,25.163,123
1991-06-04,25.174,123
1991-06-05,25.234,123
1991-06-06,25.259,123
1991-06-07,25.297,123
1991-06-08,25.329,123
1991-06-09,25.399,123
1991-06-10,25.444,123
1991-06-11,25.514,123
1991-06-12,25.596,123
1991-06-13,25.614,123
1991-06-14,25.602,123
1991-06-15,25.618,123
1991-06-16,25.665,123
1991-06-17,25.689,123
1991-06-18,25.709,123
1991-06-19,25.696,123
1991-06-20,25.637,123
1991-06-21,25.655,123
1991-06-22,25.689,123
1991-06-23,25.664,123
1991-06-24,25.615,123
1991-06-25,25.589,123
1991-06-26,25.617,123
1991-06-27,25.673,123
1991-06-28,25.745,123
1991-06-29,25.81,123
1991-06-30,25.829,123
1991-07-01,25.9,123
1991-07-02,25.906,123
1991-07-03,25.906,123
1991-07-04,25.926,123
1991-07-05,25.891,123
1991-07-06,25.891,123
1991-07-07,25.609,123
1991-07-08,25.489,123
1991-07-09,25.433,123
1991-07-10,25.522,123
1991-07-11,25.572,123
1991-07-12,25.603,123
1991-07-13,25.637,123
1991-07-14,25.738,123
1991-07-15,25.828,123
1991-07-16,25.918,123
1991-07-17,25.978,123
1991-07-18,26.04,123
1991-07-19,26.123,123
1991-07-20,26.202,123
1991-07-21,26.237,123
1991-07-22,26.294,123
1991-07-23,26.338,123
1991-07-24,26.222,123
1991-07-25,26.146,123
1991-07-26,26.137,123
1991-07-27,26.175,123
1991-07-28,26.199,123
1991-07-29,26.205,123
1991-07-30,26.126,123
1991-07-31,26.162,123
1991-08-01,26.185,123
1991-08-02,26.265,123
1991-08-03,26.287,123
1991-08-04,26.285,123
1991-08-05,26.255,123
1991-08-06,26.205,123
1991-08-07,26.205,123
1991-08-08,26.231,123
1991-08-09,26.233,123
1991-08-10,25.943,123
1991-08-11,25.87,123
1991-08-12,25.93,123
1991-08-13,26.064,123
1991-08-14,26.106,123
1991-08-15,26.105,123
1991-08-16,26.1,123
1991-08-17,26.156,123
1991-08-18,26.148,123
1991-08-19,26.243,123
1991-08-20,26.423,123
1991-08-21,26.582,123
1991-08-22,26.554,123
1991-08-23,26.477,123
1991-08-24,26.402,123
1991-08-25,26.423,123
1991-08-26,26.473,123
1991-08-27,26.494,123
1991-08-28,26.456,123
1991-08-29,26.478,123
1991-08-30,26.487,123
1991-08-31,26.489,123
1991-09-01,26.49,123
1991-09-02,26.539,123
1991-09-03,26.611,123
1991-09-04,26.578,123
1991-09-05,26.575,123
1991-09-06,26.622,123
1991-09-07,26.68,123
1991-09-08,26.717,123
1991-09-09,26.689,123
1991-09-10,26.606,123
1991-09-11,26.557,123
1991-09-12,26.541,123
1991-09-13,26.462,123
1991-09-14,26.566,123
1991-09-15,26.658,123
1991-09-16,26.703,123
1991-09-17,26.684,123
1991-09-18,26.651,123
1991-09-19,26.614,123
1991-09-20,26.622,123
1991-09-21,26.605,123
1991-09-22,26.55,123
1991-09-23,26.618,123
1991-09-24,26.738,123
1991-09-25,26.829,123
1991-09-26,26.887,123
1991-09-27,26.869,123
1991-09-28,26.824,123
1991-09-29,26.981,123
1991-09-30,27.009,123
1991-10-01,27.031,123
1991-10-02,27.004,123
1991-10-03,26.957,123
1991-10-04,26.908,123
1991-10-05,26.857,123
1991-10-06,26.761,123
1991-10-07,26.674,123
1991-10-08,26.671,123
1991-10-09,26.8,123
1991-10-10,26.918,123
1991-10-11,27.126,123
1991-10-12,27.224,123
1991-10-13,27.232,123
1991-10-14,27.191,123
1991-10-15,27.182,123
1991-10-16,27.13,123
1991-10-17,27.12,123
1991-10-18,27.274,123
1991-10-19,27.21,123
1991-10-20,27.22,123
1991-10-21,27.228,123
1991-10-22,27.218,123
1991-10-23,27.13,123
1991-10-24,27.059,123
1991-10-25,27.013,123
1991-10-26,26.956,123
1991-10-27,26.743,123
1991-10-28,26.655,123
1991-10-29,26.842,123
1991-10-30,26.957,123
1991-10-31,27.016,123
1991-11-01,27.168,123
1991-11-02,26.996,123
1991-11-03,27.027,123
1991-11-04,26.952,123
1991-11-05,26.957,123
1991-11-06,26.993,123
1991-11-07,26.837,123
1991-11-08,26.803,123
1991-11-09,26.702,123
1991-11-10,26.519,123
1991-11-11,26.527,123
1991-11-12,26.545,123
1991-11-13,26.456,123
1991-11-14,26.441,123
1991-11-15,26.7,123
1991-11-16,26.717,123
1991-11-17,26.631,123
1991-11-18,26.514,123
1991-11-19,26.455,123
1991-11-20,26.33,123
1991-11-21,26.326,123
1991-11-22,26.218,123
1991-11-23,26.393,123
1991-11-24,26.405,123
1991-11-25,26.376,123
1991-11-26,26.455,123
1991-11-27,26.442,123
1991-11-28,26.207,123
1991-11-29,26.183,123
1991-11-30,26.153,123
1991-12-01,25.979,123
1991-12-02,25.853,123
1991-12-03,25.963,123
1991-12-04,26.172,123
1991-12-05,26.135,123
1991-12-06,26.21,123
1991-12-07,26.06,123
1991-12-08,25.837,123
1991-12-09,25.702,123
1991-12-10,25.781,123
1991-12-11,25.816,123
1991-12-12,25.816,123
1991-12-13,25.725,123
1991-12-14,25.618,123
1991-12-15,25.524,123
1991-12-16,25.501,123
1991-12-17,25.489,123
1991-12-18,25.465,123
1991-12-19,25.406,123
1991-12-20,25.32,123
1991-12-21,25.288,123
1991-12-22,25.286,123
1991-12-23,25.252,123
1991-12-24,25.168,123
1991-12-25,25.17,123
1991-12-26,25.124,123
1991-12-27,25.084,123
1991-12-28,24.961,123
1991-12-29,25.058,123
1991-12-30,25.041,123
1991-12-31,25.001,123
1992-01-01,24.886,123
1992-01-02,24.929,123
1992-01-03,24.986,123
1992-01-04,24.97,123
1992-01-05,24.972,123
1992-01-06,24.979,123
1992-01-07,24.89,123
1992-01-08,24.85,123
1992-01-09,24.825,123
1992-01-10,24.834,123
1992-01-11,24.84,123
1992-01-12,24.96,123
1992-01-13,25.104,123
1992-01-14,25.14,123
1992-01-15,24.746,123
1992-01-16,24.659,123
1992-01-17,24.649,123
1992-01-18,24.599,123
1992-01-19,24.589,123
1992-01-20,24.601,123
1992-01-21,24.707,123
1992-01-22,24.759,123
1992-01-23,24.72,123
1992-01-24,24.484,123
1992-01-25,24.434,123
1992-01-26,24.45,123
1992-01-27,24.492,123
1992-01-28,24.466,123
1992-01-29,24.46,123
1992-01-30,24.466,123
1992-01-31,24.532,123
1992-02-01,24.517,123
1992-02-02,24.465,123
1992-02-03,24.409,123
1992-02-04,24.381,123
1992-02-05,24.198,123
1992-02-06,24.193,123
1992-02-07,24.207,123
1992-02-08,24.122,123
1992-02-09,24.062,123
1992-02-10,24.061,123
1992-02-11,24.068,123
1992-02-12,24.046,123
1992-02-13,24.032,123
1992-02-14,24.012,123
1992-02-15,24.012,123
1992-02-16,24.024,123
1992-02-17,24.08,123
1992-02-18,24.06,123
1992-02-19,24.027,123
1992-02-20,23.956,123
1992-02-21,24.067,123
1992-02-22,24.167,123
1992-02-23,24.271,123
1992-02-24,24.247,123
1992-02-25,24.268,123
1992-02-26,24.378,123
1992-02-27,24.272,123
1992-02-28,24.183,123
1992-02-29,24.174,123
1992-03-01,24.189,123
1992-03-02,24.221,123
1992-03-03,24.347,123
1992-03-04,24.359,123
1992-03-05,24.36,123
1992-03-06,24.582,123
1992-03-07,24.672,123
1992-03-08,24.665,123
1992-03-09,24.41,123
1992-03-10,24.372,123
1992-03-11,24.38,123
1992-03-12,24.21,123
1992-03-13,24.187,123
1992-03-14,24.221,123
1992-03-15,24.353,123
1992-03-16,24.425,123
1992-03-17,24.423,123
1992-03-18,24.328,123
1992-03-19,24.3,123
1992-03-20,24.266,123
1992-03-21,24.131,123
1992-03-22,24.092,123
1992-03-23,24.074,123
1992-03-24,24.083,123
1992-03-25,24.167,123
1992-03-26,24.153,123
1992-03-27,24.044,123
1992-03-28,24.076,123
1992-03-29,24.117,123
1992-03-30,24.289,123
1992-03-31,24.344,123
1992-04-01,24.339,123
1992-04-02,24.338,123
1992-04-03,24.338,123
1992-04-04,24.249,123
1992-04-05,24.272,123
1992-04-06,24.279,123
1992-04-07,24.356,123
1992-04-08,24.333,123
1992-04-09,24.324,123
1992-04-10,24.316,123
1992-04-11,24.336,123
1992-04-12,24.271,123
1992-04-13,24.307,123
1992-04-14,24.49,123
1992-04-15,24.634,123
1992-04-16,24.608,123
1992-04-17,24.605,123
1992-04-18,24.629,123
1992-04-19,24.632,123
1992-04-20,24.643,123
1992-04-21,25.157,123
1992-04-22,25.214,123
1992-04-23,25.219,123
1992-04-24,25.242,123
1992-04-25,25.248,123
1992-04-26,25.176,123
1992-04-27,25.058,123
1992-04-28,24.96,123
1992-04-29,24.987,123
1992-04-30,25.022,123
1992-05-01,25.312,123
1992-05-02,25.402,123
1992-05-03,25.415,123
1992-05-04,24.938,123
1992-05-05,24.879,123
1992-05-06,24.849,123
1992-05-07,24.618,123
1992-05-08,24.59,123
1992-05-09,24.616,123
1992-05-10,24.664,123
1992-05-11,24.719,123
1992-05-12,24.731,123
1992-05-13,24.841,123
1992-05-14,24.954,123
1992-05-15,25.039,123
1992-05-16,25.038,123
1992-05-17,25.109,123
1992-05-18,25.163,123
1992-05-19,25.197,123
1992-05-20,25.337,123
1992-05-21,25.451,123
1992-05-22,25.476,123
1992-05-23,25.816,123
1992-05-24,25.819,123
1992-05-25,25.827,123
1992-05-26,26.251,123
1992-05-27,26.405,123
1992-05-28,26.491,123
1992-05-29,26.647,123
1992-05-30,26.752,123
1992-05-31,26.739,123
1992-06-01,26.668,123
1992-06-02,26.711,123
1992-06-03,26.755,123
1992-06-04,26.745,123
1992-06-05,26.707,123
1992-06-06,26.665,123
1992-06-07,26.655,123
1992-06-08,26.684,123
1992-06-09,26.652,123
1992-06-10,26.48,123
1992-06-11,26.243,123
1992-06-12,26.156,123
1992-06-13,26.123,123
1992-06-14,26.031,123
1992-06-15,25.946,123
1992-06-16,25.968,123
1992-06-17,26.007,123
1992-06-18,26.035,123
1992-06-19,25.946,123
1992-06-20,25.979,123
1992-06-21,26.029,123
1992-06-22,26.037,123
1992-06-23,26.028,123
1992-06-24,25.995,123
1992-06-25,25.992,123
1992-06-26,26.025,123
1992-06-27,26.09,123
1992-06-28,26.06,123
1992-06-29,26.045,123
1992-06-30,26.253,123
1992-07-01,26.37,123
1992-07-02,26.37,123
1992-07-03,26.31,123
1992-07-04,26.315,123
1992-07-05,26.294,123
1992-07-06,26.287,123
1992-07-07,26.273,123
1992-07-08,26.344,123
1992-07-09,26.342,123
1992-07-10,26.334,123
1992-07-11,26.318,123
1992-07-12,26.316,123
1992-07-13,26.471,123
1992-07-14,26.5,123
1992-07-15,26.52,123
1992-07-16,26.505,123
1992-07-17,26.457,123
1992-07-18,26.458,123
1992-07-19,26.474,123
1992-07-20,26.463,123
1992-07-21,26.46,123
1992-07-22,26.503,123
1992-07-23,26.763,123
1992-07-24,26.82,123
1992-07-25,26.873,123
1992-07-26,26.854,123
1992-07-27,26.815,123
1992-07-28,26.801,123
1992-07-29,26.789,123
1992-07-30,26.799,123
1992-07-31,26.832,123
1992-08-01,26.842,123
1992-08-02,26.802,123
1992-08-03,26.774,123
1992-08-04,26.573,123
1992-08-05,26.512,123
1992-08-06,26.502,123
1992-08-07,26.602,123
1992-08-08,26.653,123
1992-08-09,26.689,123
1992-08-10,26.736,123
1992-08-11,26.84,123
1992-08-12,26.81,123
1992-08-13,26.814,123
1992-08-14,26.827,123
1992-08-15,26.808,123
1992-08-16,26.81,123
1992-08-17,26.837,123
1992-08-18,26.82,123
1992-08-19,26.809,123
1992-08-20,26.697,123
1992-08-21,26.639,123
1992-08-22,26.621,123
1992-08-23,26.85,123
1992-08-24,26.882,123
1992-08-25,26.872,123
1992-08-26,26.899,123
1992-08-27,26.904,123
1992-08-28,26.807,123
1992-08-29,26.817,123
1992-08-30,26.825,123
1992-08-31,26.725,123
1992-09-01,26.691,123
1992-09-02,26.729,123
1992-09-03,26.802,123
1992-09-04,26.785,123
1992-09-05,26.9,123
1992-09-06,26.928,123
1992-09-07,26.933,123
1992-09-08,27.193,123
1992-09-09,27.257,123
1992-09-10,27.261,123
1992-09-11,27.257,123
1992-09-12,27.182,123
1992-09-13,27.008,123
1992-09-14,26.944,123
1992-09-15,26.903,123
1992-09-16,26.906,123
1992-09-17,27.043,123
1992-09-18,27.059,123
1992-09-19,27.09,123
1992-09-20,27.089,123
1992-09-21,27.062,123
1992-09-22,27.042,123
1992-09-23,27.039,123
1992-09-24,27.102,123
1992-09-25,27.112,123
1992-09-26,27.108,123
1992-09-27,27.061,123
1992-09-28,27.014,123
1992-09-29,26.974,123
1992-09-30,26.926,123
1992-10-01,26.974,123
1992-10-02,26.964,123
1992-10-03,26.958,123
1992-10-04,26.983,123
1992-10-05,27.034,123
1992-10-06,27.035,123
1992-10-07,27.031,123
1992-10-08,27.07,123
1992-10-09,27.066,123
1992-10-10,26.995,123
1992-10-11,26.939,123
1992-10-12,26.894,123
1992-10-13,27.238,123
1992-10-14,27.336,123
1992-10-15,27.316,123
1992-10-16,27.263,123
1992-10-17,27.177,123
1992-10-18,27.151,123
1992-10-19,27.16,123
1992-10-20,27.391,123
1992-10-21,27.404,123
1992-10-22,27.417,123
1992-10-23,27.384,123
1992-10-24,27.374,123
1992-10-25,27.351,123
1992-10-26,27.352,123
1992-10-27,27.346,123
1992-10-28,27.286,123
1992-10-29,27.186,123
1992-10-30,27.101,123
1992-10-31,27.091,123
1992-11-01,27.016,123
1992-11-02,26.959,123
1992-11-03,26.904,123
1992-11-04,26.814,123
1992-11-05,26.71,123
1992-11-06,26.647,123
1992-11-07,26.814,123
1992-11-08,26.812,123
1992-11-09,26.792,123
1992-11-10,26.795,123
1992-11-11,26.789,123
1992-11-12,26.782,123
1992-11-13,26.712,123
1992-11-14,26.56,123
1992-11-15,26.551,123
1992-11-16,26.563,123
1992-11-17,26.586,123
1992-11-18,26.522,123
1992-11-19,26.48,123
1992-11-20,26.452,123
1992-11-21,26.4,123
1992-11-22,26.246,123
1992-11-23,26.132,123
1992-11-24,26.132,123
1992-11-25,26.128,123
1992-11-26,26.134,123
1992-11-27,26.089,123
1992-11-28,26.044,123
1992-11-29,25.979,123
1992-11-30,25.918,123
1992-12-01,25.946,123
1992-12-02,26.012,123
1992-12-03,25.995,123
1992-12-04,26.008,123
1992-12-05,25.948,123
1992-12-06,25.886,123
1992-12-07,25.887,123
1992-12-08,25.859,123
1992-12-09,25.819,123
1992-12-10,25.716,123
1992-12-11,25.709,123
1992-12-12,25.719,123
1992-12-13,25.813,123
1992-12-14,25.767,123
1992-12-15,25.695,123
1992-12-16,25.843,123
1992-12-17,25.886,123
1992-12-18,25.885,123
1992-12-19,25.756,123
1992-12-20,25.637,123
1992-12-21,25.582,123
1992-12-22,25.598,123
1992-12-23,25.622,123
1992-12-24,25.607,123
1992-12-25,25.584,123
1992-12-26,25.52,123
1992-12-27,25.445,123
1992-12-28,25.387,123
1992-12-29,25.385,123
1992-12-30,25.417,123
1992-12-31,25.383,123
1993-01-01,25.174,123
1993-01-02,25.165,123
1993-01-03,25.161,123
1993-01-04,24.992,123
1993-01-05,24.944,123
1993-01-06,24.9,123
1993-01-07,24.619,123
1993-01-08,24.577,123
1993-01-09,24.555,123
1993-01-10,24.19,123
1993-01-11,24.11,123
1993-01-12,24.113,123
1993-01-13,24.035,123
1993-01-14,23.976,123
1993-01-15,23.945,123
1993-01-16,23.934,123
1993-01-17,23.993,123
1993-01-18,23.991,123
1993-01-19,24.009,123
1993-01-20,23.946,123
1993-01-21,23.904,123
1993-01-22,23.97,123
1993-01-23,24.369,123
1993-01-24,24.538,123
1993-01-25,24.613,123
1993-01-26,24.388,123
1993-01-27,24.377,123
1993-01-28,24.375,123
1993-01-29,24.21,123
1993-01-30,24.152,123
1993-01-31,24.193,123
1993-02-01,24.08,123
1993-02-02,23.977,123
1993-02-03,23.88,123
1993-02-04,23.896,123
1993-02-05,23.662,123
1993-02-06,23.692,123
1993-02-07,23.74,123
1993-02-08,23.689,123
1993-02-09,23.678,123
1993-02-10,23.716,123
1993-02-11,24.01,123
1993-02-12,24.047,123
1993-02-13,24.039,123
1993-02-14,23.841,123
1993-02-15,23.826,123
1993-02-16,23.809,123
1993-02-17,23.755,123
1993-02-18,23.746,123
1993-02-19,23.82,123
1993-02-20,23.903,123
1993-02-21,23.886,123
1993-02-22,23.871,123
1993-02-23,23.892,123
1993-02-24,23.91,123
1993-02-25,23.934,123
1993-02-26,23.933,123
1993-02-27,24.195,123
1993-02-28,24.255,123
1993-03-01,24.218,123
1993-03-02,23.963,123
1993-03-03,23.91,123
1993-03-04,23.916,123
1993-03-05,23.892,123
1993-03-06,23.951,123
1993-03-07,23.924,123
1993-03-08,23.916,123
1993-03-09,23.956,123
1993-03-10,23.797,123
1993-03-11,23.658,123
1993-03-12,23.604,123
1993-03-13,23.66,123
1993-03-14,23.612,123
1993-03-15,23.468,123
1993-03-16,23.406,123
1993-03-17,23.478,123
1993-03-18,23.609,123
1993-03-19,23.652,123
1993-03-20,23.686,123
1993-03-21,23.828,123
1993-03-22,23.86,123
1993-03-23,23.886,123
1993-03-24,23.811,123
1993-03-25,23.9,123
1993-03-26,24.046,123
1993-03-27,24.164,123
1993-03-28,24.152,123
1993-03-29,24.113,123
1993-03-30,24.1,123
1993-03-31,24.112,123
1993-04-01,24.1,123
1993-04-02,24.1,123
1993-04-03,24.115,123
1993-04-04,24.073,123
1993-04-05,24.059,123
1993-04-06,24.054,123
1993-04-07,24.14,123
1993-04-08,24.374,123
1993-04-09,24.366,123
1993-04-10,24.379,123
1993-04-11,24.358,123
1993-04-12,24.317,123
1993-04-13,24.295,123
1993-04-14,24.277,123
1993-04-15,24.287,123
1993-04-16,24.442,123
1993-04-17,24.515,123
1993-04-18,24.521,123
1993-04-19,24.388,123
1993-04-20,24.361,123
1993-04-21,24.405,123
1993-04-22,24.543,123
1993-04-23,24.628,123
1993-04-24,24.629,123
1993-04-25,24.664,123
1993-04-26,24.679,123
1993-04-27,24.787,123
1993-04-28,24.906,123
1993-04-29,24.977,123
1993-04-30,24.979,123
1993-05-01,25.005,123
1993-05-02,24.993,123
1993-05-03,24.882,123
1993-05-04,24.782,123
1993-05-05,24.799,123
1993-05-06,24.787,123
1993-05-07,24.778,123
1993-05-08,24.754,123
1993-05-09,24.767,123
1993-05-10,24.833,123
1993-05-11,25.192,123
1993-05-12,25.3,123
1993-05-13,25.33,123
1993-05-14,25.247,123
1993-05-15,25.272,123
1993-05-16,25.205,123
1993-05-17,25.152,123
1993-05-18,25.053,123
1993-05-19,25.003,123
1993-05-20,25.035,123
1993-05-21,25.114,123
1993-05-22,25.177,123
1993-05-23,25.224,123
1993-05-24,25.338,123
1993-05-25,25.328,123
1993-05-26,25.315,123
1993-05-27,25.306,123
1993-05-28,25.317,123
1993-05-29,25.345,123
1993-05-30,25.377,123
1993-05-31,25.405,123
1993-06-01,25.361,123
1993-06-02,25.438,123
1993-06-03,25.4,123
1993-06-04,25.292,123
1993-06-05,25.277,123
1993-06-06,25.373,123
1993-06-07,25.401,123
1993-06-08,25.427,123
1993-06-09,25.573,123
1993-06-10,25.604,123
1993-06-11,25.66,123
1993-06-12,25.675,123
1993-06-13,25.667,123
1993-06-14,25.636,123
1993-06-15,25.953,123
1993-06-16,25.963,123
1993-06-17,25.927,123
1993-06-18,25.851,123
1993-06-19,25.801,123
1993-06-20,25.782,123
1993-06-21,25.789,123
1993-06-22,25.837,123
1993-06-23,25.856,123
1993-06-24,25.931,123
1993-06-25,25.882,123
1993-06-26,25.885,123
1993-06-27,26.008,123
1993-06-28,26.118,123
1993-06-29,26.086,123
1993-06-30,26.03,123
1993-07-01,25.997,123
1993-07-02,25.993,123
1993-07-03,26.008,123
1993-07-04,26.082,123
1993-07-05,26.056,123
1993-07-06,26.078,123
1993-07-07,26.111,123
1993-07-08,26.128,123
1993-07-09,26.105,123
1993-07-10,26.111,123
1993-07-11,26.062,123
1993-07-12,26.071,123
1993-07-13,26.046,123
1993-07-14,26.435,123
1993-07-15,26.493,123
1993-07-16,26.508,123
1993-07-17,26.408,123
1993-07-18,26.392,123
1993-07-19,26.396,123
1993-07-20,26.249,123
1993-07-21,26.214,123
1993-07-22,26.236,123
1993-07-23,26.292,123
1993-07-24,26.281,123
1993-07-25,26.274,123
1993-07-26,26.274,123
1993-07-27,26.261,123
1993-07-28,26.35,123
1993-07-29,26.41,123
1993-07-30,26.444,123
1993-07-31,26.441,123
1993-08-01,26.501,123
1993-08-02,26.585,123
1993-08-03,26.59,123
1993-08-04,26.566,123
1993-08-05,26.556,123
1993-08-06,26.724,123
1993-08-07,26.815,123
1993-08-08,26.776,123
1993-08-09,26.702,123
1993-08-10,26.639,123
1993-08-11,26.566,123
1993-08-12,26.519,123
1993-08-13,26.613,123
1993-08-14,26.765,123
1993-08-15,26.721,123
1993-08-16,26.823,123
1993-08-17,26.937,123
1993-08-18,26.988,123
1993-08-19,26.973,123
1993-08-20,26.981,123
1993-08-21,26.949,123
1993-08-22,26.857,123
1993-08-23,26.831,123
1993-08-24,26.715,123
1993-08-25,26.708,123
1993-08-26,26.676,123
1993-08-27,26.826,123
1993-08-28,26.835,123
1993-08-29,26.889,123
1993-08-30,26.904,123
1993-08-31,26.951,123
1993-09-01,26.904,123
1993-09-02,26.993,123
1993-09-03,27.13,123
1993-09-04,27.166,123
1993-09-05,27.163,123
1993-09-06,27.198,123
1993-09-07,27.194,123
1993-09-08,27.225,123
1993-09-09,27.203,123
1993-09-10,27.148,123
1993-09-11,27.121,123
1993-09-12,27.203,123
1993-09-13,27.198,123
1993-09-14,27.218,123
1993-09-15,27.143,123
1993-09-16,27.089,123
1993-09-17,26.995,123
1993-09-18,27.024,123
1993-09-19,27.131,123
1993-09-20,27.192,123
1993-09-21,27.237,123
1993-09-22,27.27,123
1993-09-23,27.193,123
1993-09-24,27.137,123
1993-09-25,27.713,123
1993-09-26,27.904,123
1993-09-27,27.873,123
1993-09-28,27.685,123
1993-09-29,27.65,123
1993-09-30,27.616,123
1993-10-01,27.602,123
1993-10-02,27.603,123
1993-10-03,27.578,123
1993-10-04,27.529,123
1993-10-05,27.569,123
1993-10-06,27.61,123
1993-10-07,27.588,123
1993-10-08,27.496,123
1993-10-09,27.459,123
1993-10-10,27.452,123
1993-10-11,27.349,123
1993-10-12,27.226,123
1993-10-13,27.179,123
1993-10-14,27.116,123
1993-10-15,27.075,123
1993-10-16,26.997,123
1993-10-17,26.801,123
1993-10-18,26.786,123
1993-10-19,26.757,123
1993-10-20,26.574,123
1993-10-21,26.603,123
1993-10-22,26.653,123
1993-10-23,26.69,123
1993-10-24,26.641,123
1993-10-25,26.635,123
1993-10-26,26.65,123
1993-10-27,26.532,123
1993-10-28,26.422,123
1993-10-29,26.403,123
1993-10-30,26.416,123
1993-10-31,26.509,123
1993-11-01,26.457,123
1993-11-02,26.374,123
1993-11-03,26.329,123
1993-11-04,26.361,123
1993-11-05,26.41,123
1993-11-06,26.412,123
1993-11-07,26.392,123
1993-11-08,26.351,123
1993-11-09,26.249,123
1993-11-10,25.925,123
1993-11-11,25.78,123
1993-11-12,25.861,123
1993-11-13,25.858,123
1993-11-14,25.815,123
1993-11-15,25.718,123
1993-11-16,25.773,123
1993-11-17,25.803,123
1993-11-18,25.925,123
1993-11-19,25.842,123
1993-11-20,25.723,123
1993-11-21,25.677,123
1993-11-22,25.639,123
1993-11-23,25.683,123
1993-11-24,25.665,123
1993-11-25,25.579,123
1993-11-26,25.35,123
1993-11-27,25.241,123
1993-11-28,25.215,123
1993-11-29,25.226,123
1993-11-30,25.209,123
1993-12-01,25.279,123
1993-12-02,25.298,123
1993-12-03,25.299,123
1993-12-04,25.267,123
1993-12-05,25.239,123
1993-12-06,25.161,123
1993-12-07,24.957,123
1993-12-08,24.852,123
1993-12-09,24.853,123
1993-12-10,24.771,123
1993-12-11,24.751,123
1993-12-12,24.804,123
1993-12-13,24.592,123
1993-12-14,24.5,123
1993-12-15,24.488,123
1993-12-16,24.519,123
1993-12-17,24.641,123
1993-12-18,24.68,123
1993-12-19,24.602,123
1993-12-20,24.483,123
1993-12-21,24.461,123
1993-12-22,24.442,123
1993-12-23,24.251,123
1993-12-24,24.233,123
1993-12-25,24.228,123
1993-12-26,24.293,123
1993-12-27,24.3,123
1993-12-28,24.388,123
1993-12-29,24.635,123
1993-12-30,24.63,123
1993-12-31,24.434,123
1994-01-01,24.253,123
1994-01-02,24.38,123
1994-01-03,24.41,123
1994-01-04,24.665,123
1994-01-05,24.74,123
1994-01-06,24.722,123
1994-01-07,24.491,123
1994-01-08,24.456,123
1994-01-09,24.333,123
1994-01-10,24.23,123
1994-01-11,24.302,123
1994-01-12,24.333,123
1994-01-13,24.656,123
1994-01-14,24.696,123
1994-01-15,24.617,123
1994-01-16,24.202,123
1994-01-17,24.257,123
1994-01-18,24.183,123
1994-01-19,24.204,123
1994-01-20,24.187,123
1994-01-21,24.174,123
1994-01-22,24.151,123
1994-01-23,24.149,123
1994-01-24,24.122,123
1994-01-25,23.813,123
1994-01-26,23.807,123
1994-01-27,23.84,123
1994-01-28,23.864,123
1994-01-29,23.839,123
1994-01-30,23.827,123
1994-01-31,23.716,123
1994-02-01,23.685,123
1994-02-02,23.627,123
1994-02-03,23.658,123
1994-02-04,23.622,123
1994-02-05,23.63,123
1994-02-06,23.7,123
1994-02-07,23.721,123
1994-02-08,23.596,123
1994-02-09,23.645,123
1994-02-10,23.722,123
1994-02-11,23.736,123
1994-02-12,23.744,123
1994-02-13,23.736,123
1994-02-14,23.706,123
1994-02-15,23.743,123
1994-02-16,23.72,123
1994-02-17,23.796,123
1994-02-18,23.828,123
1994-02-19,23.913,123
1994-02-20,23.915,123
1994-02-21,23.985,123
1994-02-22,23.985,123
1994-02-23,23.983,123
1994-02-24,24.113,123
1994-02-25,24.049,123
1994-02-26,24.069,123
1994-02-27,24.513,123
1994-02-28,24.57,123
1994-03-01,24.562,123
1994-03-02,24.68,123
1994-03-03,24.689,123
1994-03-04,24.687,123
1994-03-05,25.086,123
1994-03-06,25.158,123
1994-03-07,25.173,123
1994-03-08,24.837,123
1994-03-09,24.726,123
1994-03-10,24.729,123
1994-03-11,24.581,123
1994-03-12,24.417,123
1994-03-13,24.256,123
1994-03-14,24.048,123
1994-03-15,23.961,123
1994-03-16,23.957,123
1994-03-17,24.027,123
1994-03-18,24.018,123
1994-03-19,23.979,123
1994-03-20,23.939,123
1994-03-21,23.966,123
1994-03-22,23.973,123
1994-03-23,24.007,123
1994-03-24,24.026,123
1994-03-25,24.055,123
1994-03-26,23.566,123
1994-03-27,23.503,123
1994-03-28,23.496,123
1994-03-29,23.838,123
1994-03-30,23.935,123
1994-03-31,23.954,123
1994-04-01,24.092,123
1994-04-02,24.12,123
1994-04-03,24.121,123
1994-04-04,24.141,123
1994-04-05,24.083,123
1994-04-06,24.012,123
1994-04-07,23.947,123
1994-04-08,24.075,123
1994-04-09,24.171,123
1994-04-10,24.25,123
1994-04-11,24.259,123
1994-04-12,24.132,123
1994-04-13,23.917,123
1994-04-14,23.907,123
1994-04-15,23.91,123
1994-04-16,23.879,123
1994-04-17,23.963,123
1994-04-18,23.984,123
1994-04-19,24.097,123
1994-04-20,24.11,123
1994-04-21,24.223,123
1994-04-22,24.256,123
1994-04-23,24.325,123
1994-04-24,24.42,123
1994-04-25,24.477,123
1994-04-26,24.516,123
1994-04-27,24.577,123
1994-04-28,24.609,123
1994-04-29,24.676,123
1994-04-30,24.642,123
1994-05-01,24.643,123
1994-05-02,24.652,123
1994-05-03,24.733,123
1994-05-04,24.833,123
1994-05-05,24.908,123
1994-05-06,24.931,123
1994-05-07,24.775,123
1994-05-08,24.865,123
1994-05-09,25.299,123
1994-05-10,25.261,123
1994-05-11,25.136,123
1994-05-12,24.999,123
1994-05-13,24.986,123
1994-05-14,24.906,123
1994-05-15,24.886,123
1994-05-16,24.911,123
1994-05-17,24.984,123
1994-05-18,24.909,123
1994-05-19,24.921,123
1994-05-20,24.992,123
1994-05-21,25.047,123
1994-05-22,25.117,123
1994-05-23,25.223,123
1994-05-24,25.296,123
1994-05-25,25.271,123
1994-05-26,25.175,123
1994-05-27,25.167,123
1994-05-28,25.145,123
1994-05-29,25.164,123
1994-05-30,25.174,123
1994-05-31,25.267,123
1994-06-01,25.315,123
1994-06-02,25.391,123
1994-06-03,25.4,123
1994-06-04,25.331,123
1994-06-05,25.332,123
1994-06-06,25.399,123
1994-06-07,25.356,123
1994-06-08,25.41,123
1994-06-09,25.576,123
1994-06-10,25.586,123
1994-06-11,25.591,123
1994-06-12,25.522,123
1994-06-13,25.518,123
1994-06-14,25.457,123
1994-06-15,25.443,123
1994-06-16,25.48,123
1994-06-17,25.523,123
1994-06-18,25.621,123
1994-06-19,25.681,123
1994-06-20,25.646,123
1994-06-21,25.594,123
1994-06-22,25.586,123
1994-06-23,25.619,123
1994-06-24,25.656,123
1994-06-25,25.668,123
1994-06-26,25.716,123
1994-06-27,25.707,123
1994-06-28,25.705,123
1994-06-29,25.724,123
1994-06-30,25.753,123
1994-07-01,25.766,123
1994-07-02,25.806,123
1994-07-03,25.815,123
1994-07-04,25.796,123
1994-07-05,25.781,123
1994-07-06,25.858,123
1994-07-07,25.839,123
1994-07-08,25.842,123
1994-07-09,25.819,123
1994-07-10,25.616,123
1994-07-11,25.557,123
1994-07-12,25.633,123
1994-07-13,25.666,123
1994-07-14,25.591,123
1994-07-15,25.593,123
1994-07-16,25.733,123
1994-07-17,25.766,123
1994-07-18,25.768,123
1994-07-19,25.88,123
1994-07-20,25.865,123
1994-07-21,25.829,123
1994-07-22,25.781,123
1994-07-23,25.754,123
1994-07-24,25.743,123
1994-07-25,25.864,123
1994-07-26,25.948,123
1994-07-27,26.202,123
1994-07-28,26.284,123
1994-07-29,26.226,123
1994-07-30,26.179,123
1994-07-31,26.178,123
1994-08-01,26.206,123
1994-08-02,26.358,123
1994-08-03,26.408,123
1994-08-04,26.475,123
1994-08-05,26.599,123
1994-08-06,26.577,123
1994-08-07,26.578,123
1994-08-08,26.586,123
1994-08-09,26.63,123
1994-08-10,26.614,123
1994-08-11,26.604,123
1994-08-12,26.583,123
1994-08-13,26.682,123
1994-08-14,26.827,123
1994-08-15,26.855,123
1994-08-16,26.881,123
1994-08-17,26.877,123
1994-08-18,26.878,123
1994-08-19,26.999,123
1994-08-20,27.001,123
1994-08-21,27.019,123
1994-08-22,27.023,123
1994-08-23,27.002,123
1994-08-24,26.95,123
1994-08-25,26.815,123
1994-08-26,26.734,123
1994-08-27,26.642,123
1994-08-28,26.621,123
1994-08-29,26.647,123
1994-08-30,26.637,123
1994-08-31,26.608,123
1994-09-01,26.706,123
1994-09-02,26.99,123
1994-09-03,27.063,123
1994-09-04,27.066,123
1994-09-05,27.01,123
1994-09-06,26.983,123
1994-09-07,26.962,123
1994-09-08,27.032,123
1994-09-09,27.116,123
1994-09-10,27.193,123
1994-09-11,27.272,123
1994-09-12,27.272,123
1994-09-13,27.247,123
1994-09-14,27.337,123
1994-09-15,27.413,123
1994-09-16,27.445,123
1994-09-17,27.446,123
1994-09-18,27.409,123
1994-09-19,27.391,123
1994-09-20,27.387,123
1994-09-21,27.388,123
1994-09-22,27.333,123
1994-09-23,27.377,123
1994-09-24,27.389,123
1994-09-25,27.433,123
1994-09-26,27.452,123
1994-09-27,27.461,123
1994-09-28,27.387,123
1994-09-29,27.333,123
1994-09-30,27.285,123
1994-10-01,27.266,123
1994-10-02,27.335,123
1994-10-03,27.414,123
1994-10-04,27.41,123
1994-10-05,27.399,123
1994-10-06,27.353,123
1994-10-07,27.246,123
1994-10-08,27.131,123
1994-10-09,27.095,123
1994-10-10,27.064,123
1994-10-11,27.045,123
1994-10-12,27.267,123
1994-10-13,27.303,123
1994-10-14,27.319,123
1994-10-15,27.31,123
1994-10-16,27.26,123
1994-10-17,27.24,123
1994-10-18,27.166,123
1994-10-19,27.153,123
1994-10-20,27.117,123
1994-10-21,26.844,123
1994-10-22,26.656,123
1994-10-23,26.606,123
1994-10-24,26.565,123
1994-10-25,26.557,123
1994-10-26,26.337,123
1994-10-27,26.299,123
1994-10-28,26.259,123
1994-10-29,26.298,123
1994-10-30,26.307,123
1994-10-31,26.311,123
1994-11-01,26.197,123
1994-11-02,26.176,123
1994-11-03,26.169,123
1994-11-04,26.132,123
1994-11-05,26.138,123
1994-11-06,26.149,123
1994-11-07,26.082,123
1994-11-08,26.053,123
1994-11-09,26.023,123
1994-11-10,25.937,123
1994-11-11,25.907,123
1994-11-12,25.903,123
1994-11-13,25.916,123
1994-11-14,25.929,123
1994-11-15,25.858,123
1994-11-16,25.82,123
1994-11-17,25.795,123
1994-11-18,25.847,123
1994-11-19,25.934,123
1994-11-20,25.992,123
1994-11-21,25.778,123
1994-11-22,25.699,123
1994-11-23,25.688,123
1994-11-24,25.607,123
1994-11-25,25.551,123
1994-11-26,25.513,123
1994-11-27,25.483,123
1994-11-28,25.483,123
1994-11-29,25.439,123
1994-11-30,25.399,123
1994-12-01,25.364,123
1994-12-02,25.269,123
1994-12-03,25.241,123
1994-12-04,25.237,123
1994-12-05,25.263,123
1994-12-06,25.18,123
1994-12-07,25.091,123
1994-12-08,24.884,123
1994-12-09,24.836,123
1994-12-10,24.79,123
1994-12-11,24.68,123
1994-12-12,24.636,123
1994-12-13,24.613,123
1994-12-14,24.615,123
1994-12-15,24.549,123
1994-12-16,24.516,123
1994-12-17,24.47,123
1994-12-18,24.463,123
1994-12-19,24.435,123
1994-12-20,24.402,123
1994-12-21,24.375,123
1994-12-22,24.253,123
1994-12-23,24.207,123
1994-12-24,24.17,123
1994-12-25,24.24,123
1994-12-26,24.236,123
1994-12-27,24.248,123
1994-12-28,24.264,123
1994-12-29,24.28,123
1994-12-30,24.341,123
1994-12-31,24.359,123
1995-01-01,24.291,123
1995-01-02,24.242,123
1995-01-03,24.12,123
1995-01-04,24.04,123
1995-01-05,24.137,123
1995-01-06,24.161,123
1995-01-07,24.066,123
1995-01-08,24.182,123
1995-01-09,24.148,123
1995-01-10,24.151,123
1995-01-11,24.115,123
1995-01-12,24.165,123
1995-01-13,24.122,123
1995-01-14,24.027,123
1995-01-15,23.986,123
1995-01-16,23.959,123
1995-01-17,24.005,123
1995-01-18,23.983,123
1995-01-19,24.027,123
1995-01-20,24.016,123
1995-01-21,24.044,123
1995-01-22,24.11,123
1995-01-23,24.03,123
1995-01-24,23.87,123
1995-01-25,23.834,123
1995-01-26,23.867,123
1995-01-27,23.843,123
1995-01-28,23.869,123
1995-01-29,23.912,123
1995-01-30,24.03,123
1995-01-31,24.108,123
1995-02-01,23.978,123
1995-02-02,23.795,123
1995-02-03,23.689,123
1995-02-04,23.876,123
1995-02-05,23.99,123
1995-02-06,23.801,123
1995-02-07,23.696,123
1995-02-08,23.668,123
1995-02-09,23.785,123
1995-02-10,23.723,123
1995-02-11,23.579,123
1995-02-12,23.587,123
1995-02-13,23.585,123
1995-02-14,23.73,123
1995-02-15,23.856,123
1995-02-16,23.878,123
1995-02-17,23.896,123
1995-02-18,23.918,123
1995-02-19,24.01,123
1995-02-20,24.243,123
1995-02-21,24.229,123
1995-02-22,24.123,123
1995-02-23,24.086,123
1995-02-24,24.209,123
1995-02-25,24.231,123
1995-02-26,24.185,123
1995-02-27,24.185,123
1995-02-28,24.27,123
1995-03-01,24.016,123
1995-03-02,24.012,123
1995-03-03,23.79,123
1995-03-04,23.89,123
1995-03-05,23.91,123
1995-03-06,23.996,123
1995-03-07,24.11,123
1995-03-08,24.165,123
1995-03-09,23.919,123
1995-03-10,23.908,123
1995-03-11,23.904,123
1995-03-12,24.178,123
1995-03-13,24.187,123
1995-03-14,24.188,123
1995-03-15,24.453,123
1995-03-16,24.621,123
1995-03-17,24.673,123
1995-03-18,24.887,123
1995-03-19,24.577,123
1995-03-20,24.44,123
1995-03-21,24.413,123
1995-03-22,24.346,123
1995-03-23,24.375,123
1995-03-24,24.352,123
1995-03-25,24.364,123
1995-03-26,24.371,123
1995-03-27,24.319,123
1995-03-28,24.378,123
1995-03-29,24.399,123
1995-03-30,24.36,123
1995-03-31,24.325,123
1995-04-01,24.289,123
1995-04-02,24.305,123
1995-04-03,24.308,123
1995-04-04,24.346,123
1995-04-05,24.548,123
1995-04-06,24.854,123
1995-04-07,24.988,123
1995-04-08,25.038,123
1995-04-09,24.985,123
1995-04-10,24.954,123
1995-04-11,24.923,123
1995-04-12,24.814,123
1995-04-13,24.856,123
1995-04-14,24.82,123
1995-04-15,24.56,123
1995-04-16,24.531,123
1995-04-17,24.552,123
1995-04-18,24.606,123
1995-04-19,24.407,123
1995-04-20,24.308,123
1995-04-21,24.286,123
1995-04-22,24.289,123
1995-04-23,24.31,123
1995-04-24,24.309,123
1995-04-25,24.194,123
1995-04-26,24.196,123
1995-04-27,24.162,123
1995-04-28,24.013,123
1995-04-29,24.013,123
1995-04-30,24.008,123
1995-05-01,24.123,123
1995-05-02,24.119,123
1995-05-03,24.305,123
1995-05-04,24.548,123
1995-05-05,24.691,123
1995-05-06,24.672,123
1995-05-07,24.333,123
1995-05-08,24.271,123
1995-05-09,24.254,123
1995-05-10,24.328,123
1995-05-11,24.387,123
1995-05-12,24.618,123
1995-05-13,24.87,123
1995-05-14,24.931,123
1995-05-15,24.904,123
1995-05-16,24.856,123
1995-05-17,24.704,123
1995-05-18,24.682,123
1995-05-19,24.72,123
1995-05-20,25.344,123
1995-05-21,25.519,123
1995-05-22,25.547,123
1995-05-23,25.56,123
1995-05-24,25.359,123
1995-05-25,25.131,123
1995-05-26,25.163,123
1995-05-27,25.248,123
1995-05-28,25.32,123
1995-05-29,25.384,123
1995-05-30,25.31,123
1995-05-31,25.334,123
1995-06-01,25.358,123
1995-06-02,25.192,123
1995-06-03,25.09,123
1995-06-04,25.112,123
1995-06-05,25.121,123
1995-06-06,25.155,123
1995-06-07,25.171,123
1995-06-08,25.275,123
1995-06-09,25.349,123
1995-06-10,25.397,123
1995-06-11,25.308,123
1995-06-12,25.234,123
1995-06-13,25.134,123
1995-06-14,25.135,123
1995-06-15,25.276,123
1995-06-16,25.328,123
1995-06-17,25.348,123
1995-06-18,25.413,123
1995-06-19,25.452,123
1995-06-20,25.472,123
1995-06-21,25.588,123
1995-06-22,25.733,123
1995-06-23,25.86,123
1995-06-24,26.577,123
1995-06-25,26.752,123
1995-06-26,26.831,123
1995-06-27,26.613,123
1995-06-28,26.59,123
1995-06-29,26.552,123
1995-06-30,26.464,123
1995-07-01,26.388,123
1995-07-02,26.286,123
1995-07-03,26.247,123
1995-07-04,26.286,123
1995-07-05,26.217,123
1995-07-06,26.193,123
1995-07-07,26.259,123
1995-07-08,26.285,123
1995-07-09,26.273,123
1995-07-10,26.06,123
1995-07-11,25.996,123
1995-07-12,26.002,123
1995-07-13,26.134,123
1995-07-14,26.094,123
1995-07-15,26.122,123
1995-07-16,26.291,123
1995-07-17,26.421,123
1995-07-18,26.458,123
1995-07-19,26.437,123
1995-07-20,26.477,123
1995-07-21,26.363,123
1995-07-22,26.35,123
1995-07-23,26.318,123
1995-07-24,26.25,123
1995-07-25,26.194,123
1995-07-26,26.091,123
1995-07-27,26.039,123
1995-07-28,26.112,123
1995-07-29,26.137,123
1995-07-30,26.108,123
1995-07-31,26.099,123
1995-08-01,26.24,123
1995-08-02,26.377,123
1995-08-03,26.416,123
1995-08-04,26.45,123
1995-08-05,26.528,123
1995-08-06,26.403,123
1995-08-07,26.284,123
1995-08-08,26.328,123
1995-08-09,26.415,123
1995-08-10,26.377,123
1995-08-11,26.525,123
1995-08-12,26.565,123
1995-08-13,26.545,123
1995-08-14,26.461,123
1995-08-15,26.316,123
1995-08-16,26.304,123
1995-08-17,26.297,123
1995-08-18,26.569,123
1995-08-19,26.654,123
1995-08-20,26.709,123
1995-08-21,26.704,123
1995-08-22,26.681,123
1995-08-23,26.713,123
1995-08-24,26.71,123
1995-08-25,26.784,123
1995-08-26,26.813,123
1995-08-27,26.785,123
1995-08-28,26.697,123
1995-08-29,26.715,123
1995-08-30,26.706,123
1995-08-31,26.576,123
1995-09-01,26.548,123
1995-09-02,26.567,123
1995-09-03,26.63,123
1995-09-04,26.638,123
1995-09-05,26.732,123
1995-09-06,27.298,123
1995-09-07,27.382,123
1995-09-08,27.344,123
1995-09-09,27.209,123
1995-09-10,27.145,123
1995-09-11,27.171,123
1995-09-12,27.367,123
1995-09-13,27.571,123
1995-09-14,27.668,123
1995-09-15,27.842,123
1995-09-16,27.988,123
1995-09-17,27.988,123
1995-09-18,28.006,123
1995-09-19,27.689,123
1995-09-20,27.661,123
1995-09-21,27.661,123
1995-09-22,27.673,123
1995-09-23,27.629,123
1995-09-24,27.589,123
1995-09-25,27.55,123
1995-09-26,27.546,123
1995-09-27,27.465,123
1995-09-28,27.377,123
1995-09-29,27.304,123
1995-09-30,27.297,123
1995-10-01,27.295,123
1995-10-02,27.27,123
1995-10-03,27.221,123
1995-10-04,27.124,123
1995-10-05,27.014,123
1995-10-06,26.979,123
1995-10-07,26.917,123
1995-10-08,26.764,123
1995-10-09,26.773,123
1995-10-10,26.806,123
1995-10-11,26.962,123
1995-10-12,26.919,123
1995-10-13,26.901,123
1995-10-14,26.941,123
1995-10-15,26.949,123
1995-10-16,27.028,123
1995-10-17,27.153,123
1995-10-18,27.153,123
1995-10-19,27.134,123
1995-10-20,26.965,123
1995-10-21,26.83,123
1995-10-22,26.814,123
1995-10-23,26.805,123
1995-10-24,26.731,123
1995-10-25,26.698,123
1995-10-26,26.804,123
1995-10-27,26.859,123
1995-10-28,26.848,123
1995-10-29,26.795,123
1995-10-30,26.596,123
1995-10-31,26.514,123
1995-11-01,26.402,123
1995-11-02,26.368,123
1995-11-03,26.324,123
1995-11-04,26.359,123
1995-11-05,26.612,123
1995-11-06,26.795,123
1995-11-07,26.847,123
1995-11-08,26.706,123
1995-11-09,26.771,123
1995-11-10,26.768,123
1995-11-11,26.746,123
1995-11-12,26.683,123
1995-11-13,26.652,123
1995-11-14,26.596,123
1995-11-15,26.626,123
1995-11-16,26.629,123
1995-11-17,26.623,123
1995-11-18,26.601,123
1995-11-19,26.62,123
1995-11-20,26.46,123
1995-11-21,26.415,123
1995-11-22,26.297,123
1995-11-23,26.292,123
1995-11-24,26.306,123
1995-11-25,26.306,123
1995-11-26,26.247,123
1995-11-27,26.18,123
1995-11-28,26.168,123
1995-11-29,26.19,123
1995-11-30,26.191,123
1995-12-01,26.495,123
1995-12-02,26.575,123
1995-12-03,26.534,123
1995-12-04,26.65,123
1995-12-05,26.733,123
1995-12-06,26.73,123
1995-12-07,26.5,123
1995-12-08,26.404,123
1995-12-09,26.328,123
1995-12-10,26.353,123
1995-12-11,26.354,123
1995-12-12,26.472,123
1995-12-13,26.341,123
1995-12-14,26.286,123
1995-12-15,26.296,123
1995-12-16,26.259,123
1995-12-17,26.047,123
1995-12-18,26.03,123
1995-12-19,26.114,123
1995-12-20,26.347,123
1995-12-21,26.298,123
1995-12-22,26.206,123
1995-12-23,26.217,123
1995-12-24,26.07,123
1995-12-25,25.947,123
1995-12-26,25.816,123
1995-12-27,25.836,123
1995-12-28,25.87,123
1995-12-29,25.905,123
1995-12-30,25.829,123
1995-12-31,25.767,123
1996-01-01,25.921,123
1996-01-02,25.923,123
1996-01-03,25.857,123
1996-01-04,25.765,123
1996-01-05,25.67,123
1996-01-06,25.587,123
1996-01-07,25.602,123
1996-01-08,25.675,123
1996-01-09,25.683,123
1996-01-10,25.673,123
1996-01-11,25.825,123
1996-01-12,25.794,123
1996-01-13,25.71,123
1996-01-14,25.605,123
1996-01-15,25.594,123
1996-01-16,25.62,123
1996-01-17,25.666,123
1996-01-18,25.676,123
1996-01-19,25.738,123
1996-01-20,25.685,123
1996-01-21,25.648,123
1996-01-22,25.61,123
1996-01-23,25.516,123
1996-01-24,25.393,123
1996-01-25,25.288,123
1996-01-26,25.225,123
1996-01-27,25.026,123
1996-01-28,25.128,123
1996-01-29,25.191,123
1996-01-30,25.141,123
1996-01-31,24.795,123
1996-02-01,24.738,123
1996-02-02,24.703,123
1996-02-03,24.831,123
1996-02-04,24.866,123
1996-02-05,24.999,123
1996-02-06,25.157,123
1996-02-07,25.566,123
1996-02-08,25.65,123
1996-02-09,25.598,123
1996-02-10,25.473,123
1996-02-11,25.28,123
1996-02-12,25.055,123
1996-02-13,24.923,123
1996-02-14,24.793,123
1996-02-15,24.706,123
1996-02-16,24.598,123
1996-02-17,24.532,123
1996-02-18,24.307,123
1996-02-19,24.273,123
1996-02-20,24.254,123
1996-02-21,24.283,123
1996-02-22,24.292,123
1996-02-23,24.327,123
1996-02-24,24.438,123
1996-02-25,24.443,123
1996-02-26,24.534,123
1996-02-27,24.563,123
1996-02-28,24.547,123
1996-02-29,24.382,123
1996-03-01,24.341,123
1996-03-02,24.314,123
1996-03-03,24.268,123
1996-03-04,24.302,123
1996-03-05,24.361,123
1996-03-06,24.291,123
1996-03-07,24.179,123
1996-03-08,24.336,123
1996-03-09,24.482,123
1996-03-10,24.434,123
1996-03-11,24.283,123
1996-03-12,24.315,123
1996-03-13,24.657,123
1996-03-14,24.704,123
1996-03-15,24.697,123
1996-03-16,24.687,123
1996-03-17,24.681,123
1996-03-18,24.651,123
1996-03-19,24.598,123
1996-03-20,24.499,123
1996-03-21,24.406,123
1996-03-22,24.334,123
1996-03-23,24.333,123
1996-03-24,24.349,123
1996-03-25,24.361,123
1996-03-26,24.406,123
1996-03-27,24.364,123
1996-03-28,24.31,123
1996-03-29,24.323,123
1996-03-30,24.328,123
1996-03-31,24.345,123
1996-04-01,24.338,123
1996-04-02,24.378,123
1996-04-03,24.531,123
1996-04-04,24.686,123
1996-04-05,24.719,123
1996-04-06,24.774,123
1996-04-07,24.892,123
1996-04-08,25.137,123
1996-04-09,24.97,123
1996-04-10,24.888,123
1996-04-11,24.937,123
1996-04-12,25.113,123
1996-04-13,25.085,123
1996-04-14,25.044,123
1996-04-15,24.964,123
1996-04-16,24.928,123
1996-04-17,24.913,123
1996-04-18,24.982,123
1996-04-19,25.087,123
1996-04-20,25.174,123
1996-04-21,25.361,123
1996-04-22,25.471,123
1996-04-23,25.474,123
1996-04-24,25.437,123
1996-04-25,25.377,123
1996-04-26,25.36,123
1996-04-27,25.54,123
1996-04-28,25.624,123
1996-04-29,25.68,123
1996-04-30,25.556,123
1996-05-01,25.548,123
1996-05-02,25.527,123
1996-05-03,25.522,123
1996-05-04,25.445,123
1996-05-05,25.348,123
1996-05-06,25.414,123
1996-05-07,25.53,123
1996-05-08,25.586,123
1996-05-09,25.534,123
1996-05-10,25.472,123
1996-05-11,25.561,123
1996-05-12,25.626,123
1996-05-13,25.705,123
1996-05-14,25.684,123
1996-05-15,25.622,123
1996-05-16,25.571,123
1996-05-17,25.439,123
1996-05-18,25.408,123
1996-05-19,25.442,123
1996-05-20,25.578,123
1996-05-21,25.803,123
1996-05-22,25.918,123
1996-05-23,25.9,123
1996-05-24,25.954,123
1996-05-25,26.001,123
1996-05-26,25.953,123
1996-05-27,26.013,123
1996-05-28,25.936,123
1996-05-29,26.069,123
1996-05-30,26.124,123
1996-05-31,26.153,123
1996-06-01,26.197,123
1996-06-02,26.294,123
1996-06-03,26.457,123
1996-06-04,26.439,123
1996-06-05,26.478,123
1996-06-06,26.513,123
1996-06-07,26.546,123
1996-06-08,26.636,123
1996-06-09,26.656,123
1996-06-10,26.625,123
1996-06-11,26.648,123
1996-06-12,26.583,123
1996-06-13,26.609,123
1996-06-14,26.65,123
1996-06-15,26.639,123
1996-06-16,26.584,123
1996-06-17,26.524,123
1996-06-18,26.579,123
1996-06-19,26.543,123
1996-06-20,26.523,123
1996-06-21,26.533,123
1996-06-22,26.539,123
1996-06-23,26.514,123
1996-06-24,26.536,123
1996-06-25,26.526,123
1996-06-26,26.607,123
1996-06-27,26.713,123
1996-06-28,26.759,123
1996-06-29,26.781,123
1996-06-30,26.771,123
1996-07-01,26.702,123
1996-07-02,26.702,123
1996-07-03,26.702,123
1996-07-04,26.698,123
1996-07-05,26.648,123
1996-07-06,26.656,123
1996-07-07,26.58,123
1996-07-08,26.766,123
1996-07-09,26.771,123
1996-07-10,26.777,123
1996-07-11,26.748,123
1996-07-12,26.666,123
1996-07-13,26.766,123
1996-07-14,26.775,123
1996-07-15,26.766,123
1996-07-16,26.77,123
1996-07-17,26.776,123
1996-07-18,26.786,123
1996-07-19,26.767,123
1996-07-20,26.707,123
1996-07-21,26.712,123
1996-07-22,26.76,123
1996-07-23,26.819,123
1996-07-24,26.726,123
1996-07-25,26.643,123
1996-07-26,26.628,123
1996-07-27,26.709,123
1996-07-28,26.867,123
1996-07-29,26.905,123
1996-07-30,27.01,123
1996-07-31,27.042,123
1996-08-01,27.064,123
1996-08-02,27.151,123
1996-08-03,27.169,123
1996-08-04,27.16,123
1996-08-05,27.111,123
1996-08-06,27.068,123
1996-08-07,27.043,123
1996-08-08,27.154,123
1996-08-09,27.232,123
1996-08-10,27.19,123
1996-08-11,27.226,123
1996-08-12,27.4,123
1996-08-13,27.39,123
1996-08-14,27.399,123
1996-08-15,27.397,123
1996-08-16,27.415,123
1996-08-17,27.417,123
1996-08-18,27.512,123
1996-08-19,27.506,123
1996-08-20,27.513,123
1996-08-21,27.587,123
1996-08-22,27.591,123
1996-08-23,27.616,123
1996-08-24,27.616,123
1996-08-25,27.645,123
1996-08-26,27.664,123
1996-08-27,27.66,123
1996-08-28,27.599,123
1996-08-29,27.614,123
1996-08-30,27.638,123
1996-08-31,27.946,123
1996-09-01,28.047,123
1996-09-02,28.01,123
1996-09-03,27.894,123
1996-09-04,27.885,123
1996-09-05,27.881,123
1996-09-06,27.857,123
1996-09-07,27.863,123
1996-09-08,27.888,123
1996-09-09,27.968,123
1996-09-10,27.978,123
1996-09-11,27.938,123
1996-09-12,27.829,123
1996-09-13,27.661,123
1996-09-14,27.601,123
1996-09-15,27.579,123
1996-09-16,27.507,123
1996-09-17,27.484,123
1996-09-18,27.467,123
1996-09-19,27.342,123
1996-09-20,27.337,123
1996-09-21,27.333,123
1996-09-22,27.403,123
1996-09-23,27.411,123
1996-09-24,27.407,123
1996-09-25,27.565,123
1996-09-26,27.587,123
1996-09-27,27.569,123
1996-09-28,27.576,123
1996-09-29,27.545,123
1996-09-30,27.433,123
1996-10-01,27.381,123
1996-10-02,27.449,123
1996-10-03,27.726,123
1996-10-04,28.149,123
1996-10-05,28.089,123
1996-10-06,27.902,123
1996-10-07,27.743,123
1996-10-08,27.798,123
1996-10-09,27.875,123
1996-10-10,27.86,123
1996-10-11,27.757,123
1996-10-12,27.72,123
1996-10-13,27.681,123
1996-10-14,27.6,123
1996-10-15,27.66,123
1996-10-16,27.625,123
1996-10-17,27.527,123
1996-10-18,27.477,123
1996-10-19,27.446,123
1996-10-20,27.363,123
1996-10-21,27.371,123
1996-10-22,27.387,123
1996-10-23,27.36,123
1996-10-24,27.361,123
1996-10-25,27.361,123
1996-10-26,27.369,123
1996-10-27,27.443,123
1996-10-28,27.474,123
1996-10-29,27.47,123
1996-10-30,27.417,123
1996-10-31,27.397,123
1996-11-01,27.327,123
1996-11-02,27.267,123
1996-11-03,27.346,123
1996-11-04,27.3,123
1996-11-05,27.213,123
1996-11-06,27.111,123
1996-11-07,27.061,123
1996-11-08,26.974,123
1996-11-09,26.848,123
1996-11-10,26.802,123
1996-11-11,26.775,123
1996-11-12,26.763,123
1996-11-13,26.673,123
1996-11-14,26.626,123
1996-11-15,26.688,123
1996-11-16,26.748,123
1996-11-17,26.685,123
1996-11-18,26.488,123
1996-11-19,26.376,123
1996-11-20,26.328,123
1996-11-21,26.267,123
1996-11-22,26.173,123
1996-11-23,26.157,123
1996-11-24,26.143,123
1996-11-25,26.156,123
1996-11-26,26.175,123
1996-11-27,26.19,123
1996-11-28,25.869,123
1996-11-29,25.878,123
1996-11-30,25.876,123
1996-12-01,25.814,123
1996-12-02,25.689,123
1996-12-03,25.722,123
1996-12-04,25.627,123
1996-12-05,25.6,123
1996-12-06,25.527,123
1996-12-07,25.47,123
1996-12-08,25.294,123
1996-12-09,25.258,123
1996-12-10,25.178,123
1996-12-11,25.149,123
1996-12-12,25.152,123
1996-12-13,25.09,123
1996-12-14,25.031,123
1996-12-15,25.004,123
1996-12-16,24.997,123
1996-12-17,24.928,123
1996-12-18,24.841,123
1996-12-19,24.862,123
1996-12-20,24.899,123
1996-12-21,24.912,123
1996-12-22,24.933,123
1996-12-23,24.834,123
1996-12-24,24.696,123
1996-12-25,24.675,123
1996-12-26,24.724,123
1996-12-27,24.711,123
1996-12-28,24.555,123
1996-12-29,24.484,123
1996-12-30,24.485,123
1996-12-31,24.479,123
1997-01-01,24.464,123
1997-01-02,24.51,123
1997-01-03,24.526,123
1997-01-04,24.504,123
1997-01-05,24.345,123
1997-01-06,24.296,123
1997-01-07,24.254,123
1997-01-08,24.592,123
1997-01-09,24.649,123
1997-01-10,24.668,123
1997-01-11,24.646,123
1997-01-12,24.649,123
1997-01-13,24.478,123
1997-01-14,24.503,123
1997-01-15,24.494,123
1997-01-16,24.464,123
1997-01-17,24.426,123
1997-01-18,24.377,123
1997-01-19,24.412,123
1997-01-20,24.414,123
1997-01-21,24.33,123
1997-01-22,24.293,123
1997-01-23,24.231,123
1997-01-24,24.115,123
1997-01-25,24.17,123
1997-01-26,24.219,123
1997-01-27,24.276,123
1997-01-28,24.333,123
1997-01-29,24.296,123
1997-01-30,24.246,123
1997-01-31,24.404,123
1997-02-01,24.367,123
1997-02-02,24.416,123
1997-02-03,24.648,123
1997-02-04,24.609,123
1997-02-05,24.624,123
1997-02-06,24.68,123
1997-02-07,24.672,123
1997-02-08,24.696,123
1997-02-09,24.717,123
1997-02-10,24.727,123
1997-02-11,24.642,123
1997-02-12,24.832,123
1997-02-13,24.708,123
1997-02-14,24.75,123
1997-02-15,24.89,123
1997-02-16,24.964,123
1997-02-17,25,123
1997-02-18,24.995,123
1997-02-19,24.863,123
1997-02-20,24.919,123
1997-02-21,24.925,123
1997-02-22,24.672,123
1997-02-23,24.618,123
1997-02-24,24.611,123
1997-02-25,24.359,123
1997-02-26,24.263,123
1997-02-27,24.389,123
1997-02-28,24.685,123
1997-03-01,24.703,123
1997-03-02,24.588,123
1997-03-03,24.561,123
1997-03-04,24.523,123
1997-03-05,24.531,123
1997-03-06,24.573,123
1997-03-07,24.566,123
1997-03-08,24.595,123
1997-03-09,24.671,123
1997-03-10,24.686,123
1997-03-11,24.577,123
1997-03-12,24.415,123
1997-03-13,25.213,123
1997-03-14,25.508,123
1997-03-15,25.513,123
1997-03-16,25.42,123
1997-03-17,25.159,123
1997-03-18,24.954,123
1997-03-19,24.886,123
1997-03-20,24.811,123
1997-03-21,24.771,123
1997-03-22,24.732,123
1997-03-23,24.709,123
1997-03-24,24.676,123
1997-03-25,24.687,123
1997-03-26,24.788,123
1997-03-27,24.756,123
1997-03-28,24.763,123
1997-03-29,24.83,123
1997-03-30,24.819,123
1997-03-31,24.82,123
1997-04-01,24.949,123
1997-04-02,24.978,123
1997-04-03,25.006,123
1997-04-04,25.102,123
1997-04-05,25.102,123
1997-04-06,25.083,123
1997-04-07,25.146,123
1997-04-08,25.207,123
1997-04-09,25.196,123
1997-04-10,25.026,123
1997-04-11,24.939,123
1997-04-12,24.838,123
1997-04-13,24.883,123
1997-04-14,25.249,123
1997-04-15,25.245,123
1997-04-16,25.158,123
1997-04-17,25.358,123
1997-04-18,25.368,123
1997-04-19,25.399,123
1997-04-20,25.34,123
1997-04-21,25.308,123
1997-04-22,25.276,123
1997-04-23,25.277,123
1997-04-24,25.305,123
1997-04-25,25.274,123
1997-04-26,25.144,123
1997-04-27,25.084,123
1997-04-28,25.041,123
1997-04-29,25.116,123
1997-04-30,25.178,123
1997-05-01,25.186,123
1997-05-02,25.137,123
1997-05-03,25.096,123
1997-05-04,25.128,123
1997-05-05,25.163,123
1997-05-06,25.197,123
1997-05-07,25.217,123
1997-05-08,25.192,123
1997-05-09,25.342,123
1997-05-10,25.399,123
1997-05-11,25.381,123
1997-05-12,25.13,123
1997-05-13,25.155,123
1997-05-14,25.123,123
1997-05-15,25.107,123
1997-05-16,25.096,123
1997-05-17,25.133,123
1997-05-18,25.151,123
1997-05-19,25.158,123
1997-05-20,25.141,123
1997-05-21,25.164,123
1997-05-22,25.389,123
1997-05-23,25.422,123
1997-05-24,25.417,123
1997-05-25,25.5,123
1997-05-26,25.539,123
1997-05-27,25.57,123
1997-05-28,25.84,123
1997-05-29,25.875,123
1997-05-30,25.928,123
1997-05-31,26.046,123
1997-06-01,26.084,123
1997-06-02,26.06,123
1997-06-03,26.063,123
1997-06-04,26.242,123
1997-06-05,26.282,123
1997-06-06,26.292,123
1997-06-07,26.264,123
1997-06-08,26.243,123
1997-06-09,26.272,123
1997-06-10,26.231,123
1997-06-11,26.205,123
1997-06-12,26.192,123
1997-06-13,26.224,123
1997-06-14,26.24,123
1997-06-15,26.243,123
1997-06-16,26.247,123
1997-06-17,26.254,123
1997-06-18,26.254,123
1997-06-19,26.223,123
1997-06-20,26.191,123
1997-06-21,26.193,123
1997-06-22,26.174,123
1997-06-23,26.175,123
1997-06-24,26.196,123
1997-06-25,26.2,123
1997-06-26,26.22,123
1997-06-27,26.25,123
1997-06-28,26.275,123
1997-06-29,26.263,123
1997-06-30,26.232,123
1997-07-01,26.235,123
1997-07-02,26.208,123
1997-07-03,26.202,123
1997-07-04,26.187,123
1997-07-05,26.218,123
1997-07-06,26.223,123
1997-07-07,26.184,123
1997-07-08,26.218,123
1997-07-09,26.164,123
1997-07-10,26.161,123
1997-07-11,26.171,123
1997-07-12,26.164,123
1997-07-13,26.157,123
1997-07-14,26.186,123
1997-07-15,26.432,123
1997-07-16,26.41,123
1997-07-17,26.418,123
1997-07-18,26.387,123
1997-07-19,26.384,123
1997-07-20,26.38,123
1997-07-21,26.351,123
1997-07-22,26.377,123
1997-07-23,26.438,123
1997-07-24,26.47,123
1997-07-25,26.433,123
1997-07-26,26.349,123
1997-07-27,26.3,123
1997-07-28,26.431,123
1997-07-29,26.443,123
1997-07-30,26.434,123
1997-07-31,26.621,123
1997-08-01,26.653,123
1997-08-02,26.669,123
1997-08-03,26.741,123
1997-08-04,26.708,123
1997-08-05,26.708,123
1997-08-06,26.712,123
1997-08-07,26.719,123
1997-08-08,26.719,123
1997-08-09,26.828,123
1997-08-10,26.88,123
1997-08-11,26.902,123
1997-08-12,26.923,123
1997-08-13,26.973,123
1997-08-14,27.007,123
1997-08-15,27.051,123
1997-08-16,27.578,123
1997-08-17,27.674,123
1997-08-18,27.672,123
1997-08-19,27.555,123
1997-08-20,27.462,123
1997-08-21,27.435,123
1997-08-22,27.207,123
1997-08-23,27.205,123
1997-08-24,27.194,123
1997-08-25,27.136,123
1997-08-26,27.146,123
1997-08-27,27.164,123
1997-08-28,27.232,123
1997-08-29,27.23,123
1997-08-30,27.199,123
1997-08-31,27.225,123
1997-09-01,27.213,123
1997-09-02,27.267,123
1997-09-03,27.425,123
1997-09-04,27.538,123
1997-09-05,27.541,123
1997-09-06,27.549,123
1997-09-07,27.549,123
1997-09-08,27.526,123
1997-09-09,27.48,123
1997-09-10,27.547,123
1997-09-11,27.652,123
1997-09-12,27.667,123
1997-09-13,27.559,123
1997-09-14,27.542,123
1997-09-15,27.489,123
1997-09-16,27.482,123
1997-09-17,27.41,123
1997-09-18,27.326,123
1997-09-19,27.322,123
1997-09-20,27.517,123
1997-09-21,27.517,123
1997-09-22,27.488,123
1997-09-23,27.476,123
1997-09-24,27.47,123
1997-09-25,27.488,123
1997-09-26,27.384,123
1997-09-27,27.32,123
1997-09-28,27.264,123
1997-09-29,27.216,123
1997-09-30,27.279,123
1997-10-01,27.277,123
1997-10-02,27.227,123
1997-10-03,27.211,123
1997-10-04,27.29,123
1997-10-05,27.376,123
1997-10-06,27.385,123
1997-10-07,27.371,123
1997-10-08,27.386,123
1997-10-09,27.434,123
1997-10-10,27.422,123
1997-10-11,27.367,123
1997-10-12,27.489,123
1997-10-13,27.535,123
1997-10-14,27.455,123
1997-10-15,27.311,123
1997-10-16,27.301,123
1997-10-17,27.248,123
1997-10-18,27.136,123
1997-10-19,27.166,123
1997-10-20,27.162,123
1997-10-21,27.128,123
1997-10-22,27.14,123
1997-10-23,27.171,123
1997-10-24,27.171,123
1997-10-25,27.039,123
1997-10-26,26.97,123
1997-10-27,26.966,123
1997-10-28,26.827,123
1997-10-29,26.832,123
1997-10-30,26.827,123
1997-10-31,26.834,123
1997-11-01,26.744,123
1997-11-02,26.538,123
1997-11-03,26.434,123
1997-11-04,26.434,123
1997-11-05,26.407,123
1997-11-06,26.386,123
1997-11-07,26.497,123
1997-11-08,26.631,123
1997-11-09,26.691,123
1997-11-10,26.319,123
1997-11-11,26.282,123
1997-11-12,26.277,123
1997-11-13,26.227,123
1997-11-14,26.219,123
1997-11-15,26.221,123
1997-11-16,26.642,123
1997-11-17,26.692,123
1997-11-18,26.694,123
1997-11-19,26.564,123
1997-11-20,26.461,123
1997-11-21,26.184,123
1997-11-22,26.098,123
1997-11-23,26.071,123
1997-11-24,26.023,123
1997-11-25,25.936,123
1997-11-26,25.876,123
1997-11-27,25.784,123
1997-11-28,25.695,123
1997-11-29,25.641,123
1997-11-30,25.634,123
1997-12-01,25.624,123
1997-12-02,25.516,123
1997-12-03,25.489,123
1997-12-04,25.522,123
1997-12-05,25.323,123
1997-12-06,25.252,123
1997-12-07,25.234,123
1997-12-08,25.178,123
1997-12-09,25.092,123
1997-12-10,25.007,123
1997-12-11,24.955,123
1997-12-12,24.953,123
1997-12-13,24.932,123
1997-12-14,24.945,123
1997-12-15,24.871,123
1997-12-16,24.851,123
1997-12-17,24.879,123
1997-12-18,24.938,123
1997-12-19,24.946,123
1997-12-20,24.939,123
1997-12-21,24.949,123
1997-12-22,24.975,123
1997-12-23,25.01,123
1997-12-24,24.945,123
1997-12-25,24.956,123
1997-12-26,24.919,123
1997-12-27,24.858,123
1997-12-28,24.792,123
1997-12-29,24.763,123
1997-12-30,24.678,123
1997-12-31,24.632,123
1998-01-01,24.625,123
1998-01-02,24.587,123
1998-01-03,24.523,123
1998-01-04,24.439,123
1998-01-05,24.415,123
1998-01-06,24.458,123
1998-01-07,24.44,123
1998-01-08,24.434,123
1998-01-09,24.58,123
1998-01-10,24.552,123
1998-01-11,24.57,123
1998-01-12,24.758,123
1998-01-13,24.566,123
1998-01-14,24.463,123
1998-01-15,24.289,123
1998-01-16,24.216,123
1998-01-17,24.188,123
1998-01-18,24.207,123
1998-01-19,24.332,123
1998-01-20,24.346,123
1998-01-21,24.393,123
1998-01-22,24.541,123
1998-01-23,24.519,123
1998-01-24,24.468,123
1998-01-25,24.393,123
1998-01-26,24.371,123
1998-01-27,24.297,123
1998-01-28,24.533,123
1998-01-29,24.511,123
1998-01-30,24.476,123
1998-01-31,24.411,123
1998-02-01,24.243,123
1998-02-02,24.1,123
1998-02-03,24.021,123
1998-02-04,24.012,123
1998-02-05,24.049,123
1998-02-06,24.045,123
1998-02-07,24.093,123
1998-02-08,24.103,123
1998-02-09,24.066,123
1998-02-10,24.206,123
1998-02-11,24.253,123
1998-02-12,24.319,123
1998-02-13,24.304,123
1998-02-14,24.311,123
1998-02-15,24.32,123
1998-02-16,24.236,123
1998-02-17,24.266,123
1998-02-18,24.17,123
1998-02-19,24.029,123
1998-02-20,23.974,123
1998-02-21,23.984,123
1998-02-22,23.98,123
1998-02-23,24.13,123
1998-02-24,24.144,123
1998-02-25,24.155,123
1998-02-26,24.354,123
1998-02-27,24.371,123
1998-02-28,24.326,123
1998-03-01,24.755,123
1998-03-02,24.853,123
1998-03-03,24.819,123
1998-03-04,24.872,123
1998-03-05,25.021,123
1998-03-06,25.042,123
1998-03-07,24.988,123
1998-03-08,25.044,123
1998-03-09,24.891,123
1998-03-10,24.823,123
1998-03-11,24.974,123
1998-03-12,24.8,123
1998-03-13,24.726,123
1998-03-14,24.907,123
1998-03-15,24.953,123
1998-03-16,25.015,123
1998-03-17,24.879,123
1998-03-18,24.884,123
1998-03-19,24.846,123
1998-03-20,24.855,123
1998-03-21,24.783,123
1998-03-22,24.795,123
1998-03-23,24.735,123
1998-03-24,24.635,123
1998-03-25,24.566,123
1998-03-26,24.474,123
1998-03-27,24.371,123
1998-03-28,24.216,123
1998-03-29,24.271,123
1998-03-30,24.304,123
1998-03-31,24.282,123
1998-04-01,24.271,123
1998-04-02,24.158,123
1998-04-03,24.141,123
1998-04-04,24.144,123
1998-04-05,24.078,123
1998-04-06,24.059,123
1998-04-07,24.048,123
1998-04-08,24.121,123
1998-04-09,24.164,123
1998-04-10,24.18,123
1998-04-11,24.15,123
1998-04-12,24.072,123
1998-04-13,24.005,123
1998-04-14,23.981,123
1998-04-15,23.879,123
1998-04-16,23.832,123
1998-04-17,23.877,123
1998-04-18,23.947,123
1998-04-19,23.969,123
1998-04-20,24.002,123
1998-04-21,24.119,123
1998-04-22,24.113,123
1998-04-23,24.086,123
1998-04-24,24.088,123
1998-04-25,24.094,123
1998-04-26,24.09,123
1998-04-27,24.07,123
1998-04-28,24.042,123
1998-04-29,24.089,123
1998-04-30,24.138,123
1998-05-01,24.051,123
1998-05-02,23.965,123
1998-05-03,23.963,123
1998-05-04,23.999,123
1998-05-05,23.997,123
1998-05-06,24.039,123
1998-05-07,24.097,123
1998-05-08,24.074,123
1998-05-09,24.054,123
1998-05-10,24.081,123
1998-05-11,24.077,123
1998-05-12,24.087,123
1998-05-13,24.194,123
1998-05-14,24.252,123
1998-05-15,24.314,123
1998-05-16,24.31,123
1998-05-17,24.296,123
1998-05-18,24.225,123
1998-05-19,24.239,123
1998-05-20,24.111,123
1998-05-21,24.111,123
1998-05-22,24.141,123
1998-05-23,24.23,123
1998-05-24,24.232,123
1998-05-25,24.236,123
1998-05-26,23.769,123
1998-05-27,23.711,123
1998-05-28,23.719,123
1998-05-29,24.214,123
1998-05-30,24.265,123
1998-05-31,24.326,123
1998-06-01,24.475,123
1998-06-02,24.586,123
1998-06-03,24.703,123
1998-06-04,24.803,123
1998-06-05,24.674,123
1998-06-06,24.62,123
1998-06-07,24.651,123
1998-06-08,24.689,123
1998-06-09,24.702,123
1998-06-10,24.687,123
1998-06-11,24.666,123
1998-06-12,24.683,123
1998-06-13,24.767,123
1998-06-14,24.679,123
1998-06-15,24.672,123
1998-06-16,24.675,123
1998-06-17,24.606,123
1998-06-18,24.562,123
1998-06-19,24.547,123
1998-06-20,24.549,123
1998-06-21,24.623,123
1998-06-22,24.763,123
1998-06-23,24.838,123
1998-06-24,24.753,123
1998-06-25,24.619,123
1998-06-26,24.581,123
1998-06-27,24.579,123
1998-06-28,24.581,123
1998-06-29,24.588,123
1998-06-30,24.69,123
1998-07-01,24.681,123
1998-07-02,24.75,123
1998-07-03,25.057,123
1998-07-04,25.067,123
1998-07-05,25.078,123
1998-07-06,25.142,123
1998-07-07,25.153,123
1998-07-08,25.187,123
1998-07-09,25.211,123
1998-07-10,25.281,123
1998-07-11,25.349,123
1998-07-12,25.429,123
1998-07-13,25.38,123
1998-07-14,25.371,123
1998-07-15,25.369,123
1998-07-16,25.475,123
1998-07-17,25.495,123
1998-07-18,25.494,123
1998-07-19,25.573,123
1998-07-20,25.566,123
1998-07-21,25.576,123
1998-07-22,25.612,123
1998-07-23,25.598,123
1998-07-24,25.614,123
1998-07-25,25.669,123
1998-07-26,25.757,123
1998-07-27,25.81,123
1998-07-28,25.905,123
1998-07-29,25.97,123
1998-07-30,25.88,123
1998-07-31,25.831,123
1998-08-01,25.968,123
1998-08-02,26.048,123
1998-08-03,26.083,123
1998-08-04,25.997,123
1998-08-05,25.976,123
1998-08-06,25.972,123
1998-08-07,26.242,123
1998-08-08,26.217,123
1998-08-09,26.249,123
1998-08-10,26.708,123
1998-08-11,26.668,123
1998-08-12,26.665,123
1998-08-13,26.596,123
1998-08-14,26.549,123
1998-08-15,26.475,123
1998-08-16,26.388,123
1998-08-17,26.645,123
1998-08-18,26.693,123
1998-08-19,26.56,123
1998-08-20,26.466,123
1998-08-21,26.454,123
1998-08-22,26.447,123
1998-08-23,26.337,123
1998-08-24,26.364,123
1998-08-25,26.363,123
1998-08-26,26.387,123
1998-08-27,26.363,123
1998-08-28,26.345,123
1998-08-29,26.377,123
1998-08-30,26.335,123
1998-08-31,26.311,123
1998-09-01,26.33,123
1998-09-02,26.238,123
1998-09-03,26.228,123
1998-09-04,26.229,123
1998-09-05,26.358,123
1998-09-06,26.378,123
1998-09-07,26.388,123
1998-09-08,26.456,123
1998-09-09,26.503,123
1998-09-10,26.524,123
1998-09-11,26.37,123
1998-09-12,26.392,123
1998-09-13,26.401,123
1998-09-14,26.386,123
1998-09-15,26.311,123
1998-09-16,26.254,123
1998-09-17,26.215,123
1998-09-18,26.199,123
1998-09-19,26.21,123
1998-09-20,26.295,123
1998-09-21,26.493,123
1998-09-22,26.5,123
1998-09-23,26.481,123
1998-09-24,26.531,123
1998-09-25,26.504,123
1998-09-26,26.471,123
1998-09-27,26.378,123
1998-09-28,26.377,123
1998-09-29,26.377,123
1998-09-30,26.318,123
1998-10-01,26.312,123
1998-10-02,26.311,123
1998-10-03,26.405,123
1998-10-04,26.439,123
1998-10-05,26.45,123
1998-10-06,26.472,123
1998-10-07,26.217,123
1998-10-08,26.184,123
1998-10-09,26.209,123
1998-10-10,26.178,123
1998-10-11,26.15,123
1998-10-12,26.128,123
1998-10-13,26.035,123
1998-10-14,26.04,123
1998-10-15,26.046,123
1998-10-16,26.113,123
1998-10-17,26.111,123
1998-10-18,26.113,123
1998-10-19,26.131,123
1998-10-20,26.105,123
1998-10-21,26.197,123
1998-10-22,26.283,123
1998-10-23,26.388,123
1998-10-24,26.299,123
1998-10-25,26.324,123
1998-10-26,26.223,123
1998-10-27,26.216,123
1998-10-28,26.224,123
1998-10-29,26.164,123
1998-10-30,26.167,123
1998-10-31,26.171,123
1998-11-01,26.042,123
1998-11-02,26.035,123
1998-11-03,26.035,123
1998-11-04,26.059,123
1998-11-05,26.071,123
1998-11-06,26.071,123
1998-11-07,26.107,123
1998-11-08,26.107,123
1998-11-09,26.098,123
1998-11-10,26.055,123
1998-11-11,26.07,123
1998-11-12,26.101,123
1998-11-13,26.093,123
1998-11-14,26.028,123
1998-11-15,26.042,123
1998-11-16,26.067,123
1998-11-17,26.076,123
1998-11-18,26.033,123
1998-11-19,25.98,123
1998-11-20,25.946,123
1998-11-21,25.9,123
1998-11-22,25.806,123
1998-11-23,25.647,123
1998-11-24,25.541,123
1998-11-25,25.415,123
1998-11-26,25.344,123
1998-11-27,25.23,123
1998-11-28,25.342,123
1998-11-29,25.383,123
1998-11-30,25.272,123
1998-12-01,25.22,123
1998-12-02,25.173,123
1998-12-03,25.186,123
1998-12-04,25.244,123
1998-12-05,25.257,123
1998-12-06,25.192,123
1998-12-07,25.186,123
1998-12-08,25.134,123
1998-12-09,25.154,123
1998-12-10,25.094,123
1998-12-11,25.018,123
1998-12-12,24.893,123
1998-12-13,24.696,123
1998-12-14,24.593,123
1998-12-15,24.558,123
1998-12-16,24.602,123
1998-12-17,24.647,123
1998-12-18,24.659,123
1998-12-19,24.823,123
1998-12-20,24.826,123
1998-12-21,24.839,123
1998-12-22,24.808,123
1998-12-23,24.802,123
1998-12-24,24.801,123
1998-12-25,24.835,123
1998-12-26,24.821,123
1998-12-27,24.824,123
1998-12-28,24.79,123
1998-12-29,24.816,123
1998-12-30,24.835,123
1998-12-31,24.86,123
1999-01-01,24.684,123
1999-01-02,24.666,123
1999-01-03,24.576,123
1999-01-04,24.527,123
1999-01-05,24.534,123
1999-01-06,24.576,123
1999-01-07,24.579,123
1999-01-08,24.626,123
1999-01-09,24.586,123
1999-01-10,24.526,123
1999-01-11,24.496,123
1999-01-12,24.484,123
1999-01-13,24.433,123
1999-01-14,24.454,123
1999-01-15,24.46,123
1999-01-16,24.495,123
1999-01-17,24.621,123
1999-01-18,24.5,123
1999-01-19,24.564,123
1999-01-20,24.607,123
1999-01-21,24.543,123
1999-01-22,24.488,123
1999-01-23,24.428,123
1999-01-24,24.406,123
1999-01-25,24.375,123
1999-01-26,24.341,123
1999-01-27,24.315,123
1999-01-28,24.267,123
1999-01-29,24.18,123
1999-01-30,24.144,123
1999-01-31,24.134,123
1999-02-01,24.084,123
1999-02-02,24.047,123
1999-02-03,24.014,123
1999-02-04,23.997,123
1999-02-05,23.862,123
1999-02-06,23.834,123
1999-02-07,23.81,123
1999-02-08,23.787,123
1999-02-09,23.781,123
1999-02-10,23.798,123
1999-02-11,23.838,123
1999-02-12,23.868,123
1999-02-13,23.816,123
1999-02-14,24.024,123
1999-02-15,24.073,123
1999-02-16,24.079,123
1999-02-17,24.049,123
1999-02-18,24.052,123
1999-02-19,24.102,123
1999-02-20,24.1,123
1999-02-21,24.168,123
1999-02-22,24.136,123
1999-02-23,24.141,123
1999-02-24,24.137,123
1999-02-25,24.069,123
1999-02-26,24.036,123
1999-02-27,24.027,123
1999-02-28,24.099,123
1999-03-01,24.097,123
1999-03-02,24.302,123
1999-03-03,24.306,123
1999-03-04,24.296,123
1999-03-05,24.262,123
1999-03-06,24.239,123
1999-03-07,24.237,123
1999-03-08,24.233,123
1999-03-09,24.209,123
1999-03-10,24.202,123
1999-03-11,24.066,123
1999-03-12,23.934,123
1999-03-13,24.094,123
1999-03-14,24.068,123
1999-03-15,24.168,123
1999-03-16,24.177,123
1999-03-17,24.152,123
1999-03-18,23.954,123
1999-03-19,23.98,123
1999-03-20,23.966,123
1999-03-21,23.726,123
1999-03-22,23.696,123
1999-03-23,23.693,123
1999-03-24,23.634,123
1999-03-25,23.602,123
1999-03-26,23.6,123
1999-03-27,23.623,123
1999-03-28,23.658,123
1999-03-29,23.755,123
1999-03-30,23.819,123
1999-03-31,23.816,123
1999-04-01,23.793,123
1999-04-02,23.784,123
1999-04-03,23.956,123
1999-04-04,23.907,123
1999-04-05,23.927,123
1999-04-06,23.818,123
1999-04-07,23.77,123
1999-04-08,23.772,123
1999-04-09,23.726,123
1999-04-10,23.728,123
1999-04-11,23.735,123
1999-04-12,23.767,123
1999-04-13,23.883,123
1999-04-14,23.967,123
1999-04-15,23.957,123
1999-04-16,23.902,123
1999-04-17,23.89,123
1999-04-18,23.918,123
1999-04-19,23.827,123
1999-04-20,23.802,123
1999-04-21,23.825,123
1999-04-22,24.118,123
1999-04-23,24.12,123
1999-04-24,24.13,123
1999-04-25,24.15,123
1999-04-26,24.16,123
1999-04-27,24.153,123
1999-04-28,24.439,123
1999-04-29,24.57,123
1999-04-30,24.596,123
1999-05-01,24.647,123
1999-05-02,24.684,123
1999-05-03,24.717,123
1999-05-04,24.733,123
1999-05-05,25.103,123
1999-05-06,25.073,123
1999-05-07,25.085,123
1999-05-08,25.057,123
1999-05-09,25.068,123
1999-05-10,25.08,123
1999-05-11,25.243,123
1999-05-12,25.245,123
1999-05-13,25.262,123
1999-05-14,25.431,123
1999-05-15,25.523,123
1999-05-16,25.56,123
1999-05-17,25.353,123
1999-05-18,25.32,123
1999-05-19,25.309,123
1999-05-20,25.437,123
1999-05-21,25.513,123
1999-05-22,25.421,123
1999-05-23,25.371,123
1999-05-24,25.182,123
1999-05-25,25.148,123
1999-05-26,25.136,123
1999-05-27,25.133,123
1999-05-28,25.122,123
1999-05-29,25.121,123
1999-05-30,25.448,123
1999-05-31,25.453,123
1999-06-01,25.476,123
1999-06-02,25.485,123
1999-06-03,25.475,123
1999-06-04,25.516,123
1999-06-05,25.483,123
1999-06-06,25.395,123
1999-06-07,25.358,123
1999-06-08,25.298,123
1999-06-09,25.253,123
1999-06-10,25.245,123
1999-06-11,25.253,123
1999-06-12,25.487,123
1999-06-13,25.559,123
1999-06-14,25.573,123
1999-06-15,25.523,123
1999-06-16,25.549,123
1999-06-17,25.559,123
1999-06-18,25.447,123
1999-06-19,25.427,123
1999-06-20,25.416,123
1999-06-21,25.451,123
1999-06-22,25.509,123
1999-06-23,25.52,123
1999-06-24,25.572,123
1999-06-25,25.588,123
1999-06-26,25.577,123
1999-06-27,25.605,123
1999-06-28,25.511,123
1999-06-29,25.497,123
1999-06-30,25.486,123
1999-07-01,26.114,123
1999-07-02,26.091,123
1999-07-03,26.068,123
1999-07-04,25.926,123
1999-07-05,25.901,123
1999-07-06,25.898,123
1999-07-07,25.855,123
1999-07-08,25.85,123
1999-07-09,25.832,123
1999-07-10,25.839,123
1999-07-11,25.838,123
1999-07-12,25.793,123
1999-07-13,25.724,123
1999-07-14,25.692,123
1999-07-15,25.723,123
1999-07-16,25.729,123
1999-07-17,25.77,123
1999-07-18,25.799,123
1999-07-19,25.799,123
1999-07-20,25.892,123
1999-07-21,25.892,123
1999-07-22,25.883,123
1999-07-23,25.715,123
1999-07-24,25.685,123
1999-07-25,25.738,123
1999-07-26,25.824,123
1999-07-27,25.864,123
1999-07-28,25.887,123
1999-07-29,25.966,123
1999-07-30,25.94,123
1999-07-31,26.029,123
1999-08-01,26.088,123
1999-08-02,26.31,123
1999-08-03,26.463,123
1999-08-04,26.558,123
1999-08-05,26.312,123
1999-08-06,26.293,123
1999-08-07,26.301,123
1999-08-08,26.277,123
1999-08-09,26.274,123
1999-08-10,26.25,123
1999-08-11,26.227,123
1999-08-12,26.23,123
1999-08-13,26.239,123
1999-08-14,26.228,123
1999-08-15,26.266,123
1999-08-16,26.341,123
1999-08-17,26.42,123
1999-08-18,26.203,123
1999-08-19,26.221,123
1999-08-20,26.207,123
1999-08-21,26.61,123
1999-08-22,26.616,123
1999-08-23,26.626,123
1999-08-24,26.378,123
1999-08-25,26.366,123
1999-08-26,26.364,123
1999-08-27,26.266,123
1999-08-28,26.258,123
1999-08-29,26.268,123
1999-08-30,26.295,123
1999-08-31,26.275,123
1999-09-01,26.281,123
1999-09-02,26.26,123
1999-09-03,26.196,123
1999-09-04,26.176,123
1999-09-05,26.114,123
1999-09-06,26.169,123
1999-09-07,26.152,123
1999-09-08,26.13,123
1999-09-09,26.074,123
1999-09-10,26.092,123
1999-09-11,26.092,123
1999-09-12,26.249,123
1999-09-13,26.226,123
1999-09-14,26.204,123
1999-09-15,26.136,123
1999-09-16,26.114,123
1999-09-17,26.152,123
1999-09-18,26.182,123
1999-09-19,26.212,123
1999-09-20,26.256,123
1999-09-21,26.276,123
1999-09-22,26.114,123
1999-09-23,25.993,123
1999-09-24,25.975,123
1999-09-25,26.118,123
1999-09-26,26.158,123
1999-09-27,26.169,123
1999-09-28,26.259,123
1999-09-29,26.308,123
1999-09-30,26.314,123
1999-10-01,26.005,123
1999-10-02,26,123
1999-10-03,26.001,123
1999-10-04,26.034,123
1999-10-05,26.096,123
1999-10-06,26.122,123
1999-10-07,26.114,123
1999-10-08,26.143,123
1999-10-09,26.136,123
1999-10-10,26.031,123
1999-10-11,25.931,123
1999-10-12,25.906,123
1999-10-13,25.909,123
1999-10-14,26.014,123
1999-10-15,26.149,123
1999-10-16,26.184,123
1999-10-17,26.375,123
1999-10-18,26.359,123
1999-10-19,26.363,123
1999-10-20,26.317,123
1999-10-21,26.287,123
1999-10-22,26.164,123
1999-10-23,26.056,123
1999-10-24,26.069,123
1999-10-25,26.107,123
1999-10-26,26.108,123
1999-10-27,25.926,123
1999-10-28,25.882,123
1999-10-29,25.83,123
1999-10-30,25.863,123
1999-10-31,25.863,123
1999-11-01,25.846,123
1999-11-02,25.977,123
1999-11-03,26.003,123
1999-11-04,26.023,123
1999-11-05,26.007,123
1999-11-06,25.942,123
1999-11-07,25.855,123
1999-11-08,25.763,123
1999-11-09,25.72,123
1999-11-10,25.691,123
1999-11-11,25.697,123
1999-11-12,25.653,123
1999-11-13,25.544,123
1999-11-14,25.46,123
1999-11-15,25.387,123
1999-11-16,25.333,123
1999-11-17,25.303,123
1999-11-18,25.401,123
1999-11-19,25.446,123
1999-11-20,25.456,123
1999-11-21,25.465,123
1999-11-22,25.453,123
1999-11-23,25.455,123
1999-11-24,25.498,123
1999-11-25,25.536,123
1999-11-26,25.535,123
1999-11-27,25.542,123
1999-11-28,25.445,123
1999-11-29,25.308,123
1999-11-30,25.263,123
1999-12-01,25.131,123
1999-12-02,25.034,123
1999-12-03,25.024,123
1999-12-04,24.79,123
1999-12-05,24.803,123
1999-12-06,24.791,123
1999-12-07,24.791,123
1999-12-08,24.761,123
1999-12-09,24.817,123
1999-12-10,24.806,123
1999-12-11,24.792,123
1999-12-12,24.788,123
1999-12-13,24.815,123
1999-12-14,24.817,123
1999-12-15,24.808,123
1999-12-16,24.767,123
1999-12-17,24.735,123
1999-12-18,24.669,123
1999-12-19,24.706,123
1999-12-20,24.706,123
1999-12-21,24.71,123
1999-12-22,24.739,123
1999-12-23,24.99,123
1999-12-24,25.02,123
1999-12-25,24.997,123
1999-12-26,24.599,123
1999-12-27,24.565,123
1999-12-28,24.526,123
1999-12-29,24.362,123
1999-12-30,24.242,123
1999-12-31,24.236,123
2000-01-01,24.199,123
2000-01-02,24.315,123
2000-01-03,24.402,123
2000-01-04,24.436,123
2000-01-05,24.412,123
2000-01-06,24.414,123
2000-01-07,24.386,123
2000-01-08,24.256,123
2000-01-09,24.24,123
2000-01-10,24.235,123
2000-01-11,24.258,123
2000-01-12,24.272,123
2000-01-13,24.27,123
2000-01-14,23.986,123
2000-01-15,23.96,123
2000-01-16,23.949,123
2000-01-17,23.848,123
2000-01-18,23.793,123
2000-01-19,23.837,123
2000-01-20,23.843,123
2000-01-21,23.845,123
2000-01-22,23.84,123
2000-01-23,23.83,123
2000-01-24,23.699,123
2000-01-25,23.687,123
2000-01-26,23.662,123
2000-01-27,23.246,123
2000-01-28,23.235,123
2000-01-29,23.226,123
2000-01-30,23.521,123
2000-01-31,23.575,123
2000-02-01,23.596,123
2000-02-02,23.999,123
2000-02-03,23.982,123
2000-02-04,23.897,123
2000-02-05,23.764,123
2000-02-06,23.801,123
2000-02-07,23.833,123
2000-02-08,23.808,123
2000-02-09,23.832,123
2000-02-10,23.894,123
2000-02-11,23.874,123
2000-02-12,23.832,123
2000-02-13,23.81,123
2000-02-14,23.789,123
2000-02-15,23.824,123
2000-02-16,23.847,123
2000-02-17,23.903,123
2000-02-18,23.933,123
2000-02-19,23.938,123
2000-02-20,23.954,123
2000-02-21,23.894,123
2000-02-22,23.844,123
2000-02-23,23.824,123
2000-02-24,23.869,123
2000-02-25,23.819,123
2000-02-26,23.812,123
2000-02-27,23.838,123
2000-02-28,23.796,123
2000-02-29,23.797,123
2000-03-01,23.79,123
2000-03-02,23.856,123
2000-03-03,23.852,123
2000-03-04,23.857,123
2000-03-05,23.89,123
2000-03-06,23.906,123
2000-03-07,23.902,123
2000-03-08,23.845,123
2000-03-09,23.823,123
2000-03-10,23.851,123
2000-03-11,23.907,123
2000-03-12,23.983,123
2000-03-13,24.011,123
2000-03-14,24.046,123
2000-03-15,24.157,123
2000-03-16,24.175,123
2000-03-17,24.177,123
2000-03-18,24.209,123
2000-03-19,24.219,123
2000-03-20,24.232,123
2000-03-21,24.018,123
2000-03-22,23.93,123
2000-03-23,23.924,123
2000-03-24,23.911,123
2000-03-25,23.893,123
2000-03-26,23.937,123
2000-03-27,23.942,123
2000-03-28,23.929,123
2000-03-29,23.953,123
2000-03-30,23.964,123
2000-03-31,23.97,123
2000-04-01,23.981,123
2000-04-02,23.99,123
2000-04-03,23.777,123
2000-04-04,23.76,123
2000-04-05,23.768,123
2000-04-06,23.997,123
2000-04-07,24.01,123
2000-04-08,23.992,123
2000-04-09,23.816,123
2000-04-10,23.794,123
2000-04-11,23.788,123
2000-04-12,23.813,123
2000-04-13,23.823,123
2000-04-14,23.857,123
2000-04-15,23.937,123
2000-04-16,23.902,123
2000-04-17,23.918,123
2000-04-18,23.922,123
2000-04-19,23.955,123
2000-04-20,24.018,123
2000-04-21,24.052,123
2000-04-22,24.086,123
2000-04-23,24.118,123
2000-04-24,24.2,123
2000-04-25,24.148,123
2000-04-26,24.132,123
2000-04-27,24.143,123
2000-04-28,24.419,123
2000-04-29,24.478,123
2000-04-30,24.498,123
2000-05-01,24.609,123
2000-05-02,24.652,123
2000-05-03,24.731,123
2000-05-04,24.664,123
2000-05-05,24.575,123
2000-05-06,24.568,123
2000-05-07,24.604,123
2000-05-08,24.572,123
2000-05-09,24.586,123
2000-05-10,24.607,123
2000-05-11,24.613,123
2000-05-12,24.624,123
2000-05-13,24.648,123
2000-05-14,24.72,123
2000-05-15,24.706,123
2000-05-16,24.716,123
2000-05-17,25.101,123
2000-05-18,25.143,123
2000-05-19,25.159,123
2000-05-20,25.147,123
2000-05-21,25.149,123
2000-05-22,25.168,123
2000-05-23,25.221,123
2000-05-24,25.185,123
2000-05-25,25.183,123
2000-05-26,25.183,123
2000-05-27,25.194,123
2000-05-28,25.2,123
2000-05-29,25.24,123
2000-05-30,25.12,123
2000-05-31,25.112,123
2000-06-01,25.123,123
2000-06-02,25.445,123
2000-06-03,25.451,123
2000-06-04,25.458,123
2000-06-05,25.314,123
2000-06-06,25.3,123
2000-06-07,25.296,123
2000-06-08,25.386,123
2000-06-09,25.535,123
2000-06-10,25.588,123
2000-06-11,25.577,123
2000-06-12,25.527,123
2000-06-13,25.493,123
2000-06-14,25.463,123
2000-06-15,25.613,123
2000-06-16,25.641,123
2000-06-17,25.665,123
2000-06-18,25.787,123
2000-06-19,25.786,123
2000-06-20,25.783,123
2000-06-21,25.967,123
2000-06-22,26.008,123
2000-06-23,26.007,123
2000-06-24,26.008,123
2000-06-25,25.968,123
2000-06-26,25.985,123
2000-06-27,26.011,123
2000-06-28,26.003,123
2000-06-29,26,123
2000-06-30,26.018,123
2000-07-01,26.086,123
2000-07-02,26.07,123
2000-07-03,26.06,123
2000-07-04,25.912,123
2000-07-05,25.819,123
2000-07-06,25.798,123
2000-07-07,25.709,123
2000-07-08,25.693,123
2000-07-09,25.686,123
2000-07-10,25.824,123
2000-07-11,25.865,123
2000-07-12,25.855,123
2000-07-13,25.821,123
2000-07-14,25.863,123
2000-07-15,25.898,123
2000-07-16,25.946,123
2000-07-17,25.846,123
2000-07-18,25.821,123
2000-07-19,25.841,123
2000-07-20,25.88,123
2000-07-21,25.873,123
2000-07-22,25.947,123
2000-07-23,25.744,123
2000-07-24,25.71,123
2000-07-25,25.717,123
2000-07-26,25.883,123
2000-07-27,25.908,123
2000-07-28,25.92,123
2000-07-29,26.008,123
2000-07-30,25.994,123
2000-07-31,26.035,123
2000-08-01,26.07,123
2000-08-02,26.155,123
2000-08-03,26.173,123
2000-08-04,26.198,123
2000-08-05,26.286,123
2000-08-06,26.292,123
2000-08-07,26.294,123
2000-08-08,26.316,123
2000-08-09,26.388,123
2000-08-10,26.382,123
2000-08-11,26.344,123
2000-08-12,26.319,123
2000-08-13,26.337,123
2000-08-14,26.561,123
2000-08-15,26.528,123
2000-08-16,26.544,123
2000-08-17,26.596,123
2000-08-18,26.62,123
2000-08-19,26.57,123
2000-08-20,26.564,123
2000-08-21,26.58,123
2000-08-22,26.615,123
2000-08-23,26.673,123
2000-08-24,26.394,123
2000-08-25,26.342,123
2000-08-26,26.348,123
2000-08-27,26.546,123
2000-08-28,26.552,123
2000-08-29,26.555,123
2000-08-30,26.574,123
2000-08-31,26.541,123
2000-09-01,26.524,123
2000-09-02,26.582,123
2000-09-03,26.668,123
2000-09-04,26.696,123
2000-09-05,26.688,123
2000-09-06,26.724,123
2000-09-07,26.712,123
2000-09-08,26.726,123
2000-09-09,26.792,123
2000-09-10,26.786,123
2000-09-11,26.781,123
2000-09-12,26.624,123
2000-09-13,26.597,123
2000-09-14,26.603,123
2000-09-15,26.941,123
2000-09-16,26.966,123
2000-09-17,26.964,123
2000-09-18,27.033,123
2000-09-19,27.039,123
2000-09-20,27.058,123
2000-09-21,27.078,123
2000-09-22,27.027,123
2000-09-23,26.987,123
2000-09-24,26.974,123
2000-09-25,26.888,123
2000-09-26,26.833,123
2000-09-27,26.802,123
2000-09-28,27.149,123
2000-09-29,27.184,123
2000-09-30,27.184,123
2000-10-01,27.536,123
2000-10-02,27.56,123
2000-10-03,27.564,123
2000-10-04,27.145,123
2000-10-05,27.133,123
2000-10-06,27.12,123
2000-10-07,27.037,123
2000-10-08,27.02,123
2000-10-09,27.045,123
2000-10-10,27.002,123
2000-10-11,26.916,123
2000-10-12,26.868,123
2000-10-13,26.865,123
2000-10-14,26.86,123
2000-10-15,26.858,123
2000-10-16,26.83,123
2000-10-17,26.807,123
2000-10-18,26.803,123
2000-10-19,26.812,123
2000-10-20,26.564,123
2000-10-21,26.541,123
2000-10-22,26.54,123
2000-10-23,26.514,123
2000-10-24,26.467,123
2000-10-25,26.453,123
2000-10-26,26.438,123
2000-10-27,26.45,123
2000-10-28,26.393,123
2000-10-29,26.399,123
2000-10-30,26.37,123
2000-10-31,26.387,123
2000-11-01,26.367,123
2000-11-02,26.362,123
2000-11-03,26.319,123
2000-11-04,26.321,123
2000-11-05,26.3,123
2000-11-06,26.311,123
2000-11-07,26.309,123
2000-11-08,26.291,123
2000-11-09,26.289,123
2000-11-10,26.272,123
2000-11-11,26.237,123
2000-11-12,26.23,123
2000-11-13,26.169,123
2000-11-14,26.156,123
2000-11-15,26.105,123
2000-11-16,26.085,123
2000-11-17,26.074,123
2000-11-18,25.504,123
2000-11-19,25.494,123
2000-11-20,25.481,123
2000-11-21,25.412,123
2000-11-22,25.38,123
2000-11-23,25.394,123
2000-11-24,25.478,123
2000-11-25,25.471,123
2000-11-26,25.481,123
2000-11-27,25.505,123
2000-11-28,25.534,123
2000-11-29,25.521,123
2000-11-30,25.492,123
2000-12-01,25.457,123
2000-12-02,25.36,123
2000-12-03,25.34,123
2000-12-04,25.4,123
2000-12-05,25.43,123
2000-12-06,25.34,123
2000-12-07,25.417,123
2000-12-08,25.423,123
2000-12-09,25.446,123
2000-12-10,25.819,123
2000-12-11,25.797,123
2000-12-12,25.805,123
2000-12-13,25.693,123
2000-12-14,25.6,123
2000-12-15,25.503,123
2000-12-16,25.484,123
2000-12-17,25.444,123
2000-12-18,25.435,123
2000-12-19,25.374,123
2000-12-20,25.238,123
2000-12-21,25.228,123
2000-12-22,25.222,123
2000-12-23,25.396,123
2000-12-24,25.389,123
2000-12-25,25.393,123
2000-12-26,25.373,123
2000-12-27,25.372,123
2000-12-28,25.369,123
2000-12-29,25.288,123
2000-12-30,25.292,123
2000-12-31,25.292,123
2001-01-01,25.178,123
2001-01-02,25.17,123
2001-01-03,25.115,123
2001-01-04,25.027,123
2001-01-05,24.967,123
2001-01-06,24.942,123
2001-01-07,24.894,123
2001-01-08,24.924,123
2001-01-09,24.882,123
2001-01-10,24.858,123
2001-01-11,24.781,123
2001-01-12,24.786,123
2001-01-13,24.754,123
2001-01-14,24.9,123
2001-01-15,24.921,123
2001-01-16,24.918,123
2001-01-17,24.865,123
2001-01-18,24.828,123
2001-01-19,24.824,123
2001-01-20,24.759,123
2001-01-21,24.703,123
2001-01-22,24.64,123
2001-01-23,24.603,123
2001-01-24,24.655,123
2001-01-25,24.715,123
2001-01-26,24.733,123
2001-01-27,24.701,123
2001-01-28,24.702,123
2001-01-29,24.624,123
2001-01-30,24.56,123
2001-01-31,24.584,123
2001-02-01,24.599,123
2001-02-02,24.52,123
2001-02-03,24.473,123
2001-02-04,24.465,123
2001-02-05,24.477,123
2001-02-06,24.505,123
2001-02-07,24.481,123
2001-02-08,24.459,123
2001-02-09,24.47,123
2001-02-10,24.467,123
2001-02-11,24.43,123
2001-02-12,24.406,123
2001-02-13,24.377,123
2001-02-14,24.311,123
2001-02-15,24.126,123
2001-02-16,24.1,123
2001-02-17,24.107,123
2001-02-18,24.209,123
2001-02-19,24.268,123
2001-02-20,24.247,123
2001-02-21,24.532,123
2001-02-22,24.703,123
2001-02-23,24.755,123
2001-02-24,24.67,123
2001-02-25,24.521,123
2001-02-26,24.437,123
2001-02-27,24.389,123
2001-02-28,24.456,123
2001-03-01,24.439,123
2001-03-02,24.428,123
2001-03-03,24.262,123
2001-03-04,24.211,123
2001-03-05,24.173,123
2001-03-06,24.263,123
2001-03-07,24.299,123
2001-03-08,24.302,123
2001-03-09,23.946,123
2001-03-10,23.856,123
2001-03-11,23.867,123
2001-03-12,23.909,123
2001-03-13,23.937,123
2001-03-14,23.977,123
2001-03-15,24.035,123
2001-03-16,24.034,123
2001-03-17,24.118,123
2001-03-18,24.124,123
2001-03-19,24.091,123
2001-03-20,24.09,123
2001-03-21,24.114,123
2001-03-22,24.231,123
2001-03-23,24.274,123
2001-03-24,24.247,123
2001-03-25,24.211,123
2001-03-26,24.231,123
2001-03-27,24.403,123
2001-03-28,24.495,123
2001-03-29,24.575,123
2001-03-30,24.57,123
2001-03-31,24.549,123
2001-04-01,24.522,123
2001-04-02,24.499,123
2001-04-03,24.486,123
2001-04-04,24.498,123
2001-04-05,24.585,123
2001-04-06,24.594,123
2001-04-07,24.83,123
2001-04-08,24.953,123
2001-04-09,24.912,123
2001-04-10,24.453,123
2001-04-11,24.369,123
2001-04-12,24.353,123
2001-04-13,24.305,123
2001-04-14,24.245,123
2001-04-15,24.212,123
2001-04-16,24.194,123
2001-04-17,24.256,123
2001-04-18,24.247,123
2001-04-19,24.299,123
2001-04-20,24.377,123
2001-04-21,24.386,123
2001-04-22,24.495,123
2001-04-23,24.614,123
2001-04-24,24.624,123
2001-04-25,24.631,123
2001-04-26,24.73,123
2001-04-27,24.737,123
2001-04-28,24.727,123
2001-04-29,24.712,123
2001-04-30,24.734,123
2001-05-01,24.76,123
2001-05-02,24.812,123
2001-05-03,24.834,123
2001-05-04,24.812,123
2001-05-05,24.787,123
2001-05-06,24.919,123
2001-05-07,24.898,123
2001-05-08,24.933,123
2001-05-09,24.946,123
2001-05-10,24.985,123
2001-05-11,25.012,123
2001-05-12,24.815,123
2001-05-13,24.744,123
2001-05-14,24.721,123
2001-05-15,24.95,123
2001-05-16,25.086,123
2001-05-17,25.123,123
2001-05-18,25.272,123
2001-05-19,25.448,123
2001-05-20,25.448,123
2001-05-21,25.441,123
2001-05-22,25.424,123
2001-05-23,25.375,123
2001-05-24,25.382,123
2001-05-25,25.387,123
2001-05-26,25.422,123
2001-05-27,25.468,123
2001-05-28,25.5,123
2001-05-29,25.537,123
2001-05-30,25.531,123
2001-05-31,25.783,123
2001-06-01,25.795,123
2001-06-02,25.811,123
2001-06-03,25.717,123
2001-06-04,25.67,123
2001-06-05,25.657,123
2001-06-06,25.642,123
2001-06-07,25.646,123
2001-06-08,25.628,123
2001-06-09,25.646,123
2001-06-10,25.524,123
2001-06-11,25.573,123
2001-06-12,25.604,123
2001-06-13,25.633,123
2001-06-14,25.732,123
2001-06-15,25.896,123
2001-06-16,25.896,123
2001-06-17,25.89,123
2001-06-18,25.746,123
2001-06-19,25.748,123
2001-06-20,25.785,123
2001-06-21,25.852,123
2001-06-22,25.908,123
2001-06-23,25.899,123
2001-06-24,25.838,123
2001-06-25,25.851,123
2001-06-26,25.791,123
2001-06-27,25.693,123
2001-06-28,25.613,123
2001-06-29,25.55,123
2001-06-30,25.608,123
2001-07-01,25.694,123
2001-07-02,25.896,123
2001-07-03,26.075,123
2001-07-04,26.137,123
2001-07-05,26.257,123
2001-07-06,26.268,123
2001-07-07,26.257,123
2001-07-08,26.175,123
2001-07-09,26.172,123
2001-07-10,26.197,123
2001-07-11,26.223,123
2001-07-12,26.208,123
2001-07-13,26.198,123
2001-07-14,26.23,123
2001-07-15,26.338,123
2001-07-16,26.446,123
2001-07-17,26.522,123
2001-07-18,26.506,123
2001-07-19,26.498,123
2001-07-20,26.421,123
2001-07-21,26.221,123
2001-07-22,26.172,123
2001-07-23,26.184,123
2001-07-24,26.439,123
2001-07-25,26.432,123
2001-07-26,26.44,123
2001-07-27,26.418,123
2001-07-28,26.431,123
2001-07-29,26.476,123
2001-07-30,26.656,123
2001-07-31,26.669,123
2001-08-01,26.666,123
2001-08-02,26.749,123
2001-08-03,26.758,123
2001-08-04,26.739,123
2001-08-05,26.669,123
2001-08-06,26.724,123
2001-08-07,26.728,123
2001-08-08,26.736,123
2001-08-09,26.725,123
2001-08-10,26.724,123
2001-08-11,26.723,123
2001-08-12,26.69,123
2001-08-13,26.689,123
2001-08-14,26.655,123
2001-08-15,26.588,123
2001-08-16,26.623,123
2001-08-17,26.749,123
2001-08-18,26.815,123
2001-08-19,26.782,123
2001-08-20,26.744,123
2001-08-21,26.754,123
2001-08-22,26.7,123
2001-08-23,26.744,123
2001-08-24,26.731,123
2001-08-25,26.813,123
2001-08-26,26.826,123
2001-08-27,26.82,123
2001-08-28,26.947,123
2001-08-29,26.928,123
2001-08-30,26.93,123
2001-08-31,26.525,123
2001-09-01,26.504,123
2001-09-02,26.52,123
2001-09-03,26.543,123
2001-09-04,26.556,123
2001-09-05,26.557,123
2001-09-06,26.557,123
2001-09-07,26.615,123
2001-09-08,26.666,123
2001-09-09,26.715,123
2001-09-10,26.792,123
2001-09-11,26.788,123
2001-09-12,26.792,123
2001-09-13,26.839,123
2001-09-14,26.858,123
2001-09-15,26.86,123
2001-09-16,26.904,123
2001-09-17,26.923,123
2001-09-18,26.928,123
2001-09-19,27.004,123
2001-09-20,27.051,123
2001-09-21,27.037,123
2001-09-22,26.999,123
2001-09-23,26.934,123
2001-09-24,26.765,123
2001-09-25,26.669,123
2001-09-26,26.517,123
2001-09-27,26.525,123
2001-09-28,26.562,123
2001-09-29,26.609,123
2001-09-30,26.619,123
2001-10-01,26.619,123
2001-10-02,26.651,123
2001-10-03,26.726,123
2001-10-04,26.78,123
2001-10-05,26.624,123
2001-10-06,26.577,123
2001-10-07,26.585,123
2001-10-08,26.608,123
2001-10-09,26.626,123
2001-10-10,26.612,123
2001-10-11,26.571,123
2001-10-12,26.605,123
2001-10-13,26.681,123
2001-10-14,26.712,123
2001-10-15,26.723,123
2001-10-16,26.71,123
2001-10-17,26.698,123
2001-10-18,26.543,123
2001-10-19,26.545,123
2001-10-20,26.534,123
2001-10-21,26.379,123
2001-10-22,26.373,123
2001-10-23,26.373,123
2001-10-24,26.347,123
2001-10-25,26.371,123
2001-10-26,26.421,123
2001-10-27,26.46,123
2001-10-28,26.375,123
2001-10-29,26.358,123
2001-10-30,26.324,123
2001-10-31,26.376,123
2001-11-01,26.371,123
2001-11-02,26.263,123
2001-11-03,26.136,123
2001-11-04,26.111,123
2001-11-05,26.079,123
2001-11-06,26.032,123
2001-11-07,26.048,123
2001-11-08,26.035,123
2001-11-09,26.047,123
2001-11-10,26.019,123
2001-11-11,25.991,123
2001-11-12,25.887,123
2001-11-13,25.85,123
2001-11-14,25.808,123
2001-11-15,25.678,123
2001-11-16,25.721,123
2001-11-17,25.658,123
2001-11-18,25.717,123
2001-11-19,25.855,123
2001-11-20,25.864,123
2001-11-21,25.826,123
2001-11-22,25.984,123
2001-11-23,26.031,123
2001-11-24,26.011,123
2001-11-25,25.958,123
2001-11-26,25.94,123
2001-11-27,25.936,123
2001-11-28,25.823,123
2001-11-29,25.828,123
2001-11-30,25.812,123
2001-12-01,25.755,123
2001-12-02,25.592,123
2001-12-03,25.503,123
2001-12-04,25.516,123
2001-12-05,25.531,123
2001-12-06,25.463,123
2001-12-07,25.463,123
2001-12-08,25.373,123
2001-12-09,25.368,123
2001-12-10,25.359,123
2001-12-11,25.341,123
2001-12-12,25.332,123
2001-12-13,25.323,123
2001-12-14,25.263,123
2001-12-15,25.184,123
2001-12-16,25.165,123
2001-12-17,25.143,123
2001-12-18,25.158,123
2001-12-19,25.123,123
2001-12-20,25.053,123
2001-12-21,25.054,123
2001-12-22,25.056,123
2001-12-23,25.034,123
2001-12-24,25.043,123
2001-12-25,25.088,123
2001-12-26,25.083,123
2001-12-27,25.147,123
2001-12-28,25.141,123
2001-12-29,25.142,123
2001-12-30,25.131,123
2001-12-31,25.13,123
2002-01-01,25.126,123
2002-01-02,25.028,123
2002-01-03,24.997,123
2002-01-04,24.968,123
2002-01-05,24.92,123
2002-01-06,24.922,123
2002-01-07,24.879,123
2002-01-08,24.879,123
2002-01-09,24.802,123
2002-01-10,24.864,123
2002-01-11,24.916,123
2002-01-12,25.055,123
2002-01-13,25.031,123
2002-01-14,25.032,123
2002-01-15,24.883,123
2002-01-16,24.881,123
2002-01-17,24.876,123
2002-01-18,24.68,123
2002-01-19,24.645,123
2002-01-20,24.64,123
2002-01-21,24.624,123
2002-01-22,24.593,123
2002-01-23,24.573,123
2002-01-24,24.514,123
2002-01-25,24.468,123
2002-01-26,24.452,123
2002-01-27,24.413,123
2002-01-28,24.459,123
2002-01-29,24.408,123
2002-01-30,24.356,123
2002-01-31,24.414,123
2002-02-01,24.415,123
2002-02-02,24.407,123
2002-02-03,24.394,123
2002-02-04,24.378,123
2002-02-05,24.337,123
2002-02-06,24.497,123
2002-02-07,24.561,123
2002-02-08,24.574,123
2002-02-09,24.54,123
2002-02-10,24.485,123
2002-02-11,24.427,123
2002-02-12,24.379,123
2002-02-13,24.317,123
2002-02-14,24.189,123
2002-02-15,24.174,123
2002-02-16,24.201,123
2002-02-17,24.218,123
2002-02-18,24.209,123
2002-02-19,24.244,123
2002-02-20,24.267,123
2002-02-21,24.279,123
2002-02-22,24.25,123
2002-02-23,24.191,123
2002-02-24,24.186,123
2002-02-25,23.981,123
2002-02-26,23.97,123
2002-02-27,23.959,123
2002-02-28,24.012,123
2002-03-01,23.959,123
2002-03-02,23.956,123
2002-03-03,23.908,123
2002-03-04,23.809,123
2002-03-05,23.788,123
2002-03-06,23.809,123
2002-03-07,23.846,123
2002-03-08,23.919,123
2002-03-09,24.081,123
2002-03-10,24.199,123
2002-03-11,24.274,123
2002-03-12,24.163,123
2002-03-13,24.195,123
2002-03-14,24.269,123
2002-03-15,24.329,123
2002-03-16,24.329,123
2002-03-17,24.284,123
2002-03-18,24.221,123
2002-03-19,24.165,123
2002-03-20,24.082,123
2002-03-21,24.023,123
2002-03-22,24.126,123
2002-03-23,24.107,123
2002-03-24,24.163,123
2002-03-25,24.185,123
2002-03-26,24.193,123
2002-03-27,24.146,123
2002-03-28,24.12,123
2002-03-29,24.082,123
2002-03-30,24.112,123
2002-03-31,24.116,123
2002-04-01,24.148,123
2002-04-02,24.149,123
2002-04-03,24.232,123
2002-04-04,24.353,123
2002-04-05,24.402,123
2002-04-06,24.447,123
2002-04-07,24.372,123
2002-04-08,24.413,123
2002-04-09,24.435,123
2002-04-10,24.517,123
2002-04-11,25.493,123
2002-04-12,25.57,123
2002-04-13,25.562,123
2002-04-14,25.44,123
2002-04-15,25.35,123
2002-04-16,25.16,123
2002-04-17,25.371,123
2002-04-18,25.397,123
2002-04-19,25.431,123
2002-04-20,25.345,123
2002-04-21,25.312,123
2002-04-22,25.239,123
2002-04-23,25.213,123
2002-04-24,25.106,123
2002-04-25,25.076,123
2002-04-26,25.066,123
2002-04-27,25.035,123
2002-04-28,24.993,123
2002-04-29,25.035,123
2002-04-30,25.11,123
2002-05-01,25.15,123
2002-05-02,25.142,123
2002-05-03,25.129,123
2002-05-04,25.064,123
2002-05-05,24.977,123
2002-05-06,24.946,123
2002-05-07,24.958,123
2002-05-08,25.019,123
2002-05-09,25.043,123
2002-05-10,25.022,123
2002-05-11,25.033,123
2002-05-12,25.033,123
2002-05-13,25.184,123
2002-05-14,25.197,123
2002-05-15,25.174,123
2002-05-16,25.044,123
2002-05-17,25.049,123
2002-05-18,25.067,123
2002-05-19,25.399,123
2002-05-20,25.449,123
2002-05-21,25.452,123
2002-05-22,26.24,123
2002-05-23,26.436,123
2002-05-24,26.438,123
2002-05-25,26.252,123
2002-05-26,26.258,123
2002-05-27,26.182,123
2002-05-28,26.139,123
2002-05-29,26.245,123
2002-05-30,26.241,123
2002-05-31,26.226,123
2002-06-01,26.266,123
2002-06-02,26.262,123
2002-06-03,26.297,123
2002-06-04,26.312,123
2002-06-05,26.302,123
2002-06-06,26.27,123
2002-06-07,26.231,123
2002-06-08,26.249,123
2002-06-09,26.27,123
2002-06-10,26.258,123
2002-06-11,26.192,123
2002-06-12,26.184,123
2002-06-13,26.212,123
2002-06-14,26.127,123
2002-06-15,26.209,123
2002-06-16,26.283,123
2002-06-17,26.278,123
2002-06-18,26.279,123
2002-06-19,26.267,123
2002-06-20,26.212,123
2002-06-21,26.266,123
2002-06-22,26.288,123
2002-06-23,26.313,123
2002-06-24,26.338,123
2002-06-25,26.368,123
2002-06-26,26.333,123
2002-06-27,26.298,123
2002-06-28,26.327,123
2002-06-29,26.311,123
2002-06-30,26.212,123
2002-07-01,26.254,123
2002-07-02,26.224,123
2002-07-03,26.19,123
2002-07-04,26.191,123
2002-07-05,26.146,123
2002-07-06,26.064,123
2002-07-07,26.029,123
2002-07-08,26.027,123
2002-07-09,25.98,123
2002-07-10,26.008,123
2002-07-11,26.034,123
2002-07-12,26.234,123
2002-07-13,26.253,123
2002-07-14,26.285,123
2002-07-15,26.442,123
2002-07-16,26.457,123
2002-07-17,26.455,123
2002-07-18,26.452,123
2002-07-19,26.48,123
2002-07-20,26.561,123
2002-07-21,26.639,123
2002-07-22,26.408,123
2002-07-23,26.405,123
2002-07-24,26.386,123
2002-07-25,26.449,123
2002-07-26,26.458,123
2002-07-27,26.459,123
2002-07-28,26.995,123
2002-07-29,27.127,123
2002-07-30,27.127,123
2002-07-31,27.058,123
2002-08-01,26.979,123
2002-08-02,26.974,123
2002-08-03,26.967,123
2002-08-04,26.976,123
2002-08-05,26.918,123
2002-08-06,26.82,123
2002-08-07,26.764,123
2002-08-08,26.749,123
2002-08-09,26.785,123
2002-08-10,26.909,123
2002-08-11,26.981,123
2002-08-12,26.968,123
2002-08-13,26.959,123
2002-08-14,26.952,123
2002-08-15,26.914,123
2002-08-16,26.876,123
2002-08-17,26.894,123
2002-08-18,26.895,123
2002-08-19,26.813,123
2002-08-20,26.793,123
2002-08-21,26.813,123
2002-08-22,26.911,123
2002-08-23,26.948,123
2002-08-24,26.896,123
2002-08-25,26.873,123
2002-08-26,26.827,123
2002-08-27,26.842,123
2002-08-28,26.85,123
2002-08-29,27.081,123
2002-08-30,27.169,123
2002-08-31,27.212,123
2002-09-01,27.036,123
2002-09-02,27.053,123
2002-09-03,27.059,123
2002-09-04,27.127,123
2002-09-05,27.091,123
2002-09-06,27.108,123
2002-09-07,27.206,123
2002-09-08,27.239,123
2002-09-09,27.216,123
2002-09-10,27.196,123
2002-09-11,27.158,123
2002-09-12,27.151,123
2002-09-13,27.124,123
2002-09-14,26.98,123
2002-09-15,26.991,123
2002-09-16,26.984,123
2002-09-17,26.959,123
2002-09-18,26.952,123
2002-09-19,26.96,123
2002-09-20,27.229,123
2002-09-21,27.225,123
2002-09-22,27.217,123
2002-09-23,27.317,123
2002-09-24,27.324,123
2002-09-25,27.345,123
2002-09-26,27.323,123
2002-09-27,27.261,123
2002-09-28,27.203,123
2002-09-29,27.155,123
2002-09-30,26.976,123
2002-10-01,26.953,123
2002-10-02,26.956,123
2002-10-03,26.974,123
2002-10-04,26.956,123
2002-10-05,26.967,123
2002-10-06,26.907,123
2002-10-07,26.903,123
2002-10-08,26.906,123
2002-10-09,26.869,123
2002-10-10,26.833,123
2002-10-11,26.793,123
2002-10-12,26.702,123
2002-10-13,26.644,123
2002-10-14,26.647,123
2002-10-15,26.655,123
2002-10-16,26.639,123
2002-10-17,26.626,123
2002-10-18,26.644,123
2002-10-19,26.977,123
2002-10-20,26.997,123
2002-10-21,27.003,123
2002-10-22,26.697,123
2002-10-23,26.669,123
2002-10-24,26.659,123
2002-10-25,26.53,123
2002-10-26,26.523,123
2002-10-27,26.524,123
2002-10-28,26.432,123
2002-10-29,26.477,123
2002-10-30,26.506,123
2002-10-31,26.549,123
2002-11-01,26.485,123
2002-11-02,26.419,123
2002-11-03,26.36,123
2002-11-04,26.278,123
2002-11-05,26.271,123
2002-11-06,26.266,123
2002-11-07,26.349,123
2002-11-08,26.363,123
2002-11-09,26.367,123
2002-11-10,26.261,123
2002-11-11,26.249,123
2002-11-12,26.261,123
2002-11-13,26.175,123
2002-11-14,26.145,123
2002-11-15,26.129,123
2002-11-16,26.125,123
2002-11-17,26.115,123
2002-11-18,26.115,123
2002-11-19,26.095,123
2002-11-20,25.926,123
2002-11-21,25.927,123
2002-11-22,25.911,123
2002-11-23,25.94,123
2002-11-24,25.927,123
2002-11-25,25.917,123
2002-11-26,26.307,123
2002-11-27,26.287,123
2002-11-28,26.293,123
2002-11-29,25.895,123
2002-11-30,25.886,123
2002-12-01,25.89,123
2002-12-02,25.813,123
2002-12-03,25.82,123
2002-12-04,25.867,123
2002-12-05,25.905,123
2002-12-06,25.755,123
2002-12-07,25.675,123
2002-12-08,25.546,123
2002-12-09,25.466,123
2002-12-10,25.448,123
2002-12-11,25.441,123
2002-12-12,25.418,123
2002-12-13,25.401,123
2002-12-14,25.407,123
2002-12-15,25.393,123
2002-12-16,25.388,123
2002-12-17,25.419,123
2002-12-18,25.494,123
2002-12-19,25.507,123
2002-12-20,25.493,123
2002-12-21,25.477,123
2002-12-22,25.476,123
2002-12-23,25.467,123
2002-12-24,25.418,123
2002-12-25,25.323,123
2002-12-26,25.285,123
2002-12-27,25.28,123
2002-12-28,25.199,123
2002-12-29,25.195,123
2002-12-30,25.193,123
2002-12-31,25.423,123
2003-01-01,25.421,123
2003-01-02,25.415,123
2003-01-03,25.219,123
2003-01-04,25.194,123
2003-01-05,25.182,123
2003-01-06,25.06,123
2003-01-07,25.006,123
2003-01-08,25.004,123
2003-01-09,24.926,123
2003-01-10,24.909,123
2003-01-11,24.835,123
2003-01-12,24.844,123
2003-01-13,25.042,123
2003-01-14,25.057,123
2003-01-15,25.079,123
2003-01-16,24.905,123
2003-01-17,24.856,123
2003-01-18,24.853,123
2003-01-19,24.71,123
2003-01-20,24.619,123
2003-01-21,24.601,123
2003-01-22,24.551,123
2003-01-23,24.541,123
2003-01-24,24.526,123
2003-01-25,24.492,123
2003-01-26,24.51,123
2003-01-27,24.544,123
2003-01-28,24.628,123
2003-01-29,24.593,123
2003-01-30,24.535,123
2003-01-31,24.645,123
2003-02-01,24.61,123
2003-02-02,24.588,123
2003-02-03,24.565,123
2003-02-04,24.74,123
2003-02-05,24.727,123
2003-02-06,24.736,123
2003-02-07,24.47,123
2003-02-08,24.497,123
2003-02-09,24.499,123
2003-02-10,24.43,123
2003-02-11,24.384,123
2003-02-12,24.35,123
2003-02-13,24.324,123
2003-02-14,24.263,123
2003-02-15,24.263,123
2003-02-16,24.205,123
2003-02-17,24.184,123
2003-02-18,24.193,123
2003-02-19,24.203,123
2003-02-20,24.289,123
2003-02-21,24.305,123
2003-02-22,24.333,123
2003-02-23,24.407,123
2003-02-24,24.396,123
2003-02-25,24.391,123
2003-02-26,24.554,123
2003-02-27,24.56,123
2003-02-28,24.571,123
2003-03-01,24.526,123
2003-03-02,24.52,123
2003-03-03,24.504,123
2003-03-04,24.529,123
2003-03-05,24.581,123
2003-03-06,24.584,123
2003-03-07,24.581,123
2003-03-08,24.569,123
2003-03-09,24.544,123
2003-03-10,24.54,123
2003-03-11,25.658,123
2003-03-12,25.683,123
2003-03-13,25.662,123
2003-03-14,25.426,123
2003-03-15,25.59,123
2003-03-16,25.617,123
2003-03-17,25.45,123
2003-03-18,25.395,123
2003-03-19,25.311,123
2003-03-20,25.114,123
2003-03-21,25.095,123
2003-03-22,25.089,123
2003-03-23,25.045,123
2003-03-24,25.009,123
2003-03-25,25.006,123
2003-03-26,24.991,123
2003-03-27,24.891,123
2003-03-28,24.815,123
2003-03-29,24.805,123
2003-03-30,25.096,123
2003-03-31,25.113,123
2003-04-01,25.105,123
2003-04-02,25.045,123
2003-04-03,25.003,123
2003-04-04,24.945,123
2003-04-05,25.048,123
2003-04-06,25.079,123
2003-04-07,25.177,123
2003-04-08,25.273,123
2003-04-09,25.301,123
2003-04-10,25.293,123
2003-04-11,25.247,123
2003-04-12,25.297,123
2003-04-13,25.285,123
2003-04-14,25.281,123
2003-04-15,25.178,123
2003-04-16,25.065,123
2003-04-17,25.03,123
2003-04-18,24.994,123
2003-04-19,24.991,123
2003-04-20,24.969,123
2003-04-21,24.943,123
2003-04-22,24.901,123
2003-04-23,24.882,123
2003-04-24,24.899,123
2003-04-25,25.155,123
2003-04-26,25.11,123
2003-04-27,25.155,123
2003-04-28,25.387,123
2003-04-29,25.451,123
2003-04-30,25.521,123
2003-05-01,26.09,123
2003-05-02,26.107,123
2003-05-03,26.114,123
2003-05-04,25.527,123
2003-05-05,25.467,123
2003-05-06,25.451,123
2003-05-07,25.91,123
2003-05-08,25.989,123
2003-05-09,25.99,123
2003-05-10,25.884,123
2003-05-11,25.819,123
2003-05-12,25.797,123
2003-05-13,25.823,123
2003-05-14,25.803,123
2003-05-15,25.806,123
2003-05-16,25.807,123
2003-05-17,25.824,123
2003-05-18,25.805,123
2003-05-19,25.758,123
2003-05-20,25.686,123
2003-05-21,25.681,123
2003-05-22,25.702,123
2003-05-23,25.822,123
2003-05-24,25.826,123
2003-05-25,25.819,123
2003-05-26,25.939,123
2003-05-27,25.942,123
2003-05-28,25.916,123
2003-05-29,25.914,123
2003-05-30,25.892,123
2003-05-31,25.939,123
2003-06-01,25.973,123
2003-06-02,26.546,123
2003-06-03,26.658,123
2003-06-04,26.68,123
2003-06-05,26.78,123
2003-06-06,26.705,123
2003-06-07,26.656,123
2003-06-08,26.718,123
2003-06-09,26.788,123
2003-06-10,26.799,123
2003-06-11,26.305,123
2003-06-12,26.23,123
2003-06-13,26.204,123
2003-06-14,26.215,123
2003-06-15,26.165,123
2003-06-16,26.135,123
2003-06-17,26.174,123
2003-06-18,26.091,123
2003-06-19,26.059,123
2003-06-20,26.032,123
2003-06-21,26.022,123
2003-06-22,26.03,123
2003-06-23,26.034,123
2003-06-24,25.952,123
2003-06-25,25.921,123
2003-06-26,25.957,123
2003-06-27,26.095,123
2003-06-28,26.093,123
2003-06-29,26.089,123
2003-06-30,26.065,123
2003-07-01,26.087,123
2003-07-02,26.044,123
2003-07-03,25.965,123
2003-07-04,25.939,123
2003-07-05,25.993,123
2003-07-06,26.009,123
2003-07-07,25.903,123
2003-07-08,25.887,123
2003-07-09,25.871,123
2003-07-10,26.017,123
2003-07-11,26.003,123
2003-07-12,25.965,123
2003-07-13,25.981,123
2003-07-14,26.05,123
2003-07-15,26.121,123
2003-07-16,26.269,123
2003-07-17,26.305,123
2003-07-18,26.362,123
2003-07-19,26.595,123
2003-07-20,26.522,123
2003-07-21,26.371,123
2003-07-22,26.361,123
2003-07-23,26.493,123
2003-07-24,26.487,123
2003-07-25,26.473,123
2003-07-26,26.799,123
2003-07-27,26.867,123
2003-07-28,26.897,123
2003-07-29,26.911,123
2003-07-30,26.893,123
2003-07-31,26.887,123
2003-08-01,26.834,123
2003-08-02,26.827,123
2003-08-03,26.826,123
2003-08-04,26.825,123
2003-08-05,26.854,123
2003-08-06,26.953,123
2003-08-07,26.957,123
2003-08-08,26.964,123
2003-08-09,26.908,123
2003-08-10,26.916,123
2003-08-11,26.81,123
2003-08-12,26.75,123
2003-08-13,26.735,123
2003-08-14,26.725,123
2003-08-15,26.7,123
2003-08-16,26.7,123
2003-08-17,26.719,123
2003-08-18,26.713,123
2003-08-19,26.703,123
2003-08-20,26.726,123
2003-08-21,26.762,123
2003-08-22,26.8,123
2003-08-23,26.853,123
2003-08-24,26.835,123
2003-08-25,26.819,123
2003-08-26,26.822,123
2003-08-27,26.751,123
2003-08-28,26.721,123
2003-08-29,26.734,123
2003-08-30,26.991,123
2003-08-31,26.989,123
2003-09-01,27.001,123
2003-09-02,26.945,123
2003-09-03,26.918,123
2003-09-04,26.917,123
2003-09-05,26.928,123
2003-09-06,26.977,123
2003-09-07,26.988,123
2003-09-08,26.969,123
2003-09-09,26.989,123
2003-09-10,27.031,123
2003-09-11,27.104,123
2003-09-12,27.199,123
2003-09-13,27.161,123
2003-09-14,27.093,123
2003-09-15,27.013,123
2003-09-16,27.007,123
2003-09-17,27.013,123
2003-09-18,27.144,123
2003-09-19,27.144,123
2003-09-20,27.153,123
2003-09-21,27.575,123
2003-09-22,27.593,123
2003-09-23,27.521,123
2003-09-24,27.893,123
2003-09-25,27.982,123
2003-09-26,28.017,123
2003-09-27,27.835,123
2003-09-28,27.64,123
2003-09-29,27.575,123
2003-09-30,27.595,123
2003-10-01,27.634,123
2003-10-02,27.61,123
2003-10-03,27.61,123
2003-10-04,27.462,123
2003-10-05,27.464,123
2003-10-06,27.474,123
2003-10-07,27.463,123
2003-10-08,27.453,123
2003-10-09,27.453,123
2003-10-10,27.447,123
2003-10-11,27.415,123
2003-10-12,27.373,123
2003-10-13,27.273,123
2003-10-14,27.249,123
2003-10-15,27.263,123
2003-10-16,27.312,123
2003-10-17,27.286,123
2003-10-18,27.255,123
2003-10-19,27.296,123
2003-10-20,27.403,123
2003-10-21,27.388,123
2003-10-22,27.372,123
2003-10-23,27.49,123
2003-10-24,27.511,123
2003-10-25,27.542,123
2003-10-26,27.642,123
2003-10-27,27.464,123
2003-10-28,27.268,123
2003-10-29,27.206,123
2003-10-30,27.198,123
2003-10-31,27.182,123
2003-11-01,27.119,123
2003-11-02,27.222,123
2003-11-03,27.177,123
2003-11-04,27.095,123
2003-11-05,26.933,123
2003-11-06,26.984,123
2003-11-07,27.032,123
2003-11-08,26.875,123
2003-11-09,26.858,123
2003-11-10,26.846,123
2003-11-11,26.664,123
2003-11-12,26.637,123
2003-11-13,26.632,123
2003-11-14,26.461,123
2003-11-15,26.448,123
2003-11-16,26.447,123
2003-11-17,26.383,123
2003-11-18,26.38,123
2003-11-19,26.377,123
2003-11-20,26.352,123
2003-11-21,26.176,123
2003-11-22,26.023,123
2003-11-23,25.96,123
2003-11-24,25.91,123
2003-11-25,25.846,123
2003-11-26,25.82,123
2003-11-27,25.836,123
2003-11-28,25.855,123
2003-11-29,25.832,123
2003-11-30,25.796,123
2003-12-01,25.751,123
2003-12-02,25.711,123
2003-12-03,25.778,123
2003-12-04,25.843,123
2003-12-05,25.875,123
2003-12-06,25.816,123
2003-12-07,25.82,123
2003-12-08,25.828,123
2003-12-09,25.833,123
2003-12-10,25.768,123
2003-12-11,25.716,123
2003-12-12,25.72,123
2003-12-13,25.557,123
2003-12-14,25.505,123
2003-12-15,25.5,123
2003-12-16,25.486,123
2003-12-17,25.474,123
2003-12-18,25.465,123
2003-12-19,25.21,123
2003-12-20,25.205,123
2003-12-21,25.21,123
2003-12-22,25.241,123
2003-12-23,25.224,123
2003-12-24,25.336,123
2003-12-25,25.516,123
2003-12-26,25.378,123
2003-12-27,25.34,123
2003-12-28,25.28,123
2003-12-29,25.24,123
2003-12-30,25.23,123
2003-12-31,25.206,123
2004-01-01,25.106,123
2004-01-02,25.11,123
2004-01-03,25.079,123
2004-01-04,25.103,123
2004-01-05,25.068,123
2004-01-06,25.066,123
2004-01-07,25.14,123
2004-01-08,25.135,123
2004-01-09,25.119,123
2004-01-10,25.055,123
2004-01-11,24.989,123
2004-01-12,24.932,123
2004-01-13,24.935,123
2004-01-14,24.868,123
2004-01-15,24.886,123
2004-01-16,24.867,123
2004-01-17,24.889,123
2004-01-18,24.866,123
2004-01-19,24.872,123
2004-01-20,24.817,123
2004-01-21,24.763,123
2004-01-22,24.704,123
2004-01-23,25.047,123
2004-01-24,25.055,123
2004-01-25,25.069,123
2004-01-26,25.165,123
2004-01-27,25.129,123
2004-01-28,25.163,123
2004-01-29,25.158,123
2004-01-30,25.107,123
2004-01-31,25.076,123
2004-02-01,25.098,123
2004-02-02,25.099,123
2004-02-03,25.09,123
2004-02-04,25.086,123
2004-02-05,25.137,123
2004-02-06,25.183,123
2004-02-07,25.236,123
2004-02-08,25.416,123
2004-02-09,25.471,123
2004-02-10,25.376,123
2004-02-11,25.319,123
2004-02-12,25.316,123
2004-02-13,25.297,123
2004-02-14,25.194,123
2004-02-15,25.163,123
2004-02-16,25.079,123
2004-02-17,25.123,123
2004-02-18,25.312,123
2004-02-19,25.6,123
2004-02-20,25.554,123
2004-02-21,25.409,123
2004-02-22,25.341,123
2004-02-23,25.309,123
2004-02-24,25.253,123
2004-02-25,25.143,123
2004-02-26,25.082,123
2004-02-27,24.998,123
2004-02-28,24.958,123
2004-02-29,24.891,123
2004-03-01,24.865,123
2004-03-02,24.801,123
2004-03-03,24.733,123
2004-03-04,24.693,123
2004-03-05,24.681,123
2004-03-06,24.683,123
2004-03-07,24.746,123
2004-03-08,24.702,123
2004-03-09,24.644,123
2004-03-10,24.611,123
2004-03-11,25.41,123
2004-03-12,25.461,123
2004-03-13,25.454,123
2004-03-14,24.58,123
2004-03-15,24.589,123
2004-03-16,24.589,123
2004-03-17,24.715,123
2004-03-18,24.722,123
2004-03-19,24.708,123
2004-03-20,24.639,123
2004-03-21,24.622,123
2004-03-22,24.601,123
2004-03-23,24.589,123
2004-03-24,24.724,123
2004-03-25,24.745,123
2004-03-26,24.745,123
2004-03-27,25.016,123
2004-03-28,25.03,123
2004-03-29,25.028,123
2004-03-30,25.05,123
2004-03-31,24.999,123
2004-04-01,24.973,123
2004-04-02,25.192,123
2004-04-03,25.192,123
2004-04-04,25.177,123
2004-04-05,25.291,123
2004-04-06,25.34,123
2004-04-07,25.334,123
2004-04-08,25.243,123
2004-04-09,25.212,123
2004-04-10,25.18,123
2004-04-11,25.088,123
2004-04-12,25.13,123
2004-04-13,25.138,123
2004-04-14,25.126,123
2004-04-15,25.123,123
2004-04-16,25.152,123
2004-04-17,25.172,123
2004-04-18,25.156,123
2004-04-19,25.131,123
2004-04-20,25.125,123
2004-04-21,25.251,123
2004-04-22,25.278,123
2004-04-23,25.283,123
2004-04-24,25.311,123
2004-04-25,25.312,123
2004-04-26,25.22,123
2004-04-27,25.184,123
2004-04-28,25.217,123
2004-04-29,25.276,123
2004-04-30,25.286,123
2004-05-01,25.537,123
2004-05-02,25.58,123
2004-05-03,25.574,123
2004-05-04,25.426,123
2004-05-05,25.391,123
2004-05-06,25.386,123
2004-05-07,25.786,123
2004-05-08,25.859,123
2004-05-09,25.899,123
2004-05-10,26.015,123
2004-05-11,25.96,123
2004-05-12,25.915,123
2004-05-13,25.913,123
2004-05-14,25.84,123
2004-05-15,25.791,123
2004-05-16,25.686,123
2004-05-17,25.835,123
2004-05-18,25.813,123
2004-05-19,25.821,123
2004-05-20,26.648,123
2004-05-21,26.753,123
2004-05-22,26.619,123
2004-05-23,26.304,123
2004-05-24,26.302,123
2004-05-25,26.245,123
2004-05-26,26.202,123
2004-05-27,26.206,123
2004-05-28,26.18,123
2004-05-29,26.17,123
2004-05-30,26.208,123
2004-05-31,26.305,123
2004-06-01,26.332,123
2004-06-02,26.31,123
2004-06-03,26.344,123
2004-06-04,26.387,123
2004-06-05,26.336,123
2004-06-06,26.315,123
2004-06-07,26.304,123
2004-06-08,26.253,123
2004-06-09,26.277,123
2004-06-10,26.264,123
2004-06-11,26.392,123
2004-06-12,26.386,123
2004-06-13,26.386,123
2004-06-14,26.396,123
2004-06-15,26.41,123
2004-06-16,26.391,123
2004-06-17,26.376,123
2004-06-18,26.454,123
2004-06-19,26.537,123
2004-06-20,26.579,123
2004-06-21,26.604,123
2004-06-22,26.692,123
2004-06-23,26.723,123
2004-06-24,26.729,123
2004-06-25,26.719,123
2004-06-26,26.735,123
2004-06-27,26.78,123
2004-06-28,26.771,123
2004-06-29,26.754,123
2004-06-30,26.711,123
2004-07-01,26.756,123
2004-07-02,26.729,123
2004-07-03,26.72,123
2004-07-04,26.716,123
2004-07-05,26.741,123
2004-07-06,26.802,123
2004-07-07,26.826,123
2004-07-08,26.851,123
2004-07-09,27.005,123
2004-07-10,26.986,123
2004-07-11,26.964,123
2004-07-12,26.962,123
2004-07-13,26.694,123
2004-07-14,26.664,123
2004-07-15,26.681,123
2004-07-16,26.609,123
2004-07-17,26.605,123
2004-07-18,26.599,123
2004-07-19,26.731,123
2004-07-20,26.773,123
2004-07-21,26.771,123
2004-07-22,26.798,123
2004-07-23,26.888,123
2004-07-24,26.903,123
2004-07-25,26.954,123
2004-07-26,27.034,123
2004-07-27,27.097,123
2004-07-28,27.129,123
2004-07-29,27.114,123
2004-07-30,27.067,123
2004-07-31,27.095,123
2004-08-01,27.078,123
2004-08-02,27.069,123
2004-08-03,27.064,123
2004-08-04,27.065,123
2004-08-05,27.054,123
2004-08-06,27.023,123
2004-08-07,27.05,123
2004-08-08,27.093,123
2004-08-09,27.376,123
2004-08-10,27.431,123
2004-08-11,27.45,123
2004-08-12,27.374,123
2004-08-13,27.335,123
2004-08-14,27.446,123
2004-08-15,27.443,123
2004-08-16,27.449,123
2004-08-17,27.861,123
2004-08-18,27.915,123
2004-08-19,27.865,123
2004-08-20,27.748,123
2004-08-21,27.776,123
2004-08-22,27.774,123
2004-08-23,27.787,123
2004-08-24,27.745,123
2004-08-25,27.733,123
2004-08-26,27.696,123
2004-08-27,27.711,123
2004-08-28,27.741,123
2004-08-29,27.776,123
2004-08-30,27.794,123
2004-08-31,27.8,123
2004-09-01,27.813,123
2004-09-02,28.028,123
2004-09-03,28.015,123
2004-09-04,28.01,123
2004-09-05,28.286,123
2004-09-06,28.265,123
2004-09-07,28.296,123
2004-09-08,28.106,123
2004-09-09,28.093,123
2004-09-10,28.055,123
2004-09-11,27.998,123
2004-09-12,28.011,123
2004-09-13,28.01,123
2004-09-14,27.994,123
2004-09-15,27.961,123
2004-09-16,27.93,123
2004-09-17,27.916,123
2004-09-18,27.863,123
2004-09-19,27.831,123
2004-09-20,27.822,123
2004-09-21,27.704,123
2004-09-22,27.727,123
2004-09-23,27.738,123
2004-09-24,27.606,123
2004-09-25,27.569,123
2004-09-26,27.563,123
2004-09-27,27.646,123
2004-09-28,27.663,123
2004-09-29,27.646,123
2004-09-30,27.605,123
2004-10-01,27.616,123
2004-10-02,27.62,123
2004-10-03,27.584,123
2004-10-04,27.476,123
2004-10-05,27.384,123
2004-10-06,27.43,123
2004-10-07,27.443,123
2004-10-08,27.404,123
2004-10-09,27.426,123
2004-10-10,27.455,123
2004-10-11,27.466,123
2004-10-12,27.483,123
2004-10-13,27.906,123
2004-10-14,27.952,123
2004-10-15,27.964,123
2004-10-16,27.82,123
2004-10-17,27.703,123
2004-10-18,27.604,123
2004-10-19,27.515,123
2004-10-20,27.473,123
2004-10-21,27.416,123
2004-10-22,27.369,123
2004-10-23,27.419,123
2004-10-24,27.358,123
2004-10-25,27.296,123
2004-10-26,27.215,123
2004-10-27,27.233,123
2004-10-28,27.219,123
2004-10-29,27.328,123
2004-10-30,27.349,123
2004-10-31,27.294,123
2004-11-01,27.201,123
2004-11-02,27.145,123
2004-11-03,27.019,123
2004-11-04,26.962,123
2004-11-05,26.92,123
2004-11-06,26.905,123
2004-11-07,27.207,123
2004-11-08,27.581,123
2004-11-09,27.542,123
2004-11-10,27.439,123
2004-11-11,27.164,123
2004-11-12,27.15,123
2004-11-13,27.147,123
2004-11-14,26.918,123
2004-11-15,26.837,123
2004-11-16,26.81,123
2004-11-17,26.661,123
2004-11-18,26.648,123
2004-11-19,26.654,123
2004-11-20,26.662,123
2004-11-21,26.581,123
2004-11-22,26.595,123
2004-11-23,26.732,123
2004-11-24,26.84,123
2004-11-25,26.84,123
2004-11-26,26.772,123
2004-11-27,26.701,123
2004-11-28,26.659,123
2004-11-29,26.642,123
2004-11-30,26.487,123
2004-12-01,26.474,123
2004-12-02,26.48,123
2004-12-03,26.228,123
2004-12-04,26.139,123
2004-12-05,26.123,123
2004-12-06,26.066,123
2004-12-07,26.035,123
2004-12-08,25.98,123
2004-12-09,25.898,123
2004-12-10,25.622,123
2004-12-11,25.593,123
2004-12-12,25.522,123
2004-12-13,25.492,123
2004-12-14,25.606,123
2004-12-15,25.678,123
2004-12-16,25.603,123
2004-12-17,25.566,123
2004-12-18,25.567,123
2004-12-19,25.558,123
2004-12-20,25.511,123
2004-12-21,25.484,123
2004-12-22,25.584,123
2004-12-23,25.65,123
2004-12-24,25.641,123
2004-12-25,25.614,123
2004-12-26,25.548,123
2004-12-27,25.48,123
2004-12-28,25.452,123
2004-12-29,25.525,123
2004-12-30,25.529,123
2004-12-31,25.507,123
2005-01-01,25.391,123
2005-01-02,25.373,123
2005-01-03,25.31,123
2005-01-04,25.033,123
2005-01-05,25.048,123
2005-01-06,25.045,123
2005-01-07,24.978,123
2005-01-08,25.06,123
2005-01-09,24.988,123
2005-01-10,24.889,123
2005-01-11,24.846,123
2005-01-12,24.843,123
2005-01-13,24.779,123
2005-01-14,24.733,123
2005-01-15,24.708,123
2005-01-16,24.717,123
2005-01-17,24.647,123
2005-01-18,24.636,123
2005-01-19,24.645,123
2005-01-20,24.83,123
2005-01-21,24.825,123
2005-01-22,24.825,123
2005-01-23,25.233,123
2005-01-24,25.205,123
2005-01-25,25.148,123
2005-01-26,25.068,123
2005-01-27,25.104,123
2005-01-28,25.185,123
2005-01-29,25.171,123
2005-01-30,25.066,123
2005-01-31,25.053,123
2005-02-01,24.99,123
2005-02-02,24.869,123
2005-02-03,24.774,123
2005-02-04,24.762,123
2005-02-05,24.968,123
2005-02-06,25.054,123
2005-02-07,25.039,123
2005-02-08,25.154,123
2005-02-09,25.179,123
2005-02-10,25.201,123
2005-02-11,25.2,123
2005-02-12,25.174,123
2005-02-13,24.989,123
2005-02-14,24.894,123
2005-02-15,24.859,123
2005-02-16,24.77,123
2005-02-17,24.734,123
2005-02-18,24.679,123
2005-02-19,24.706,123
2005-02-20,24.767,123
2005-02-21,24.977,123
2005-02-22,24.886,123
2005-02-23,24.927,123
2005-02-24,24.788,123
2005-02-25,24.769,123
2005-02-26,24.751,123
2005-02-27,24.656,123
2005-02-28,24.66,123
2005-03-01,24.656,123
2005-03-02,24.812,123
2005-03-03,24.801,123
2005-03-04,24.826,123
2005-03-05,24.824,123
2005-03-06,24.801,123
2005-03-07,24.815,123
2005-03-08,24.851,123
2005-03-09,24.824,123
2005-03-10,24.738,123
2005-03-11,24.657,123
2005-03-12,24.56,123
2005-03-13,24.58,123
2005-03-14,24.569,123
2005-03-15,24.2,123
2005-03-16,24.193,123
2005-03-17,24.226,123
2005-03-18,24.533,123
2005-03-19,24.503,123
2005-03-20,24.427,123
2005-03-21,24.569,123
2005-03-22,24.668,123
2005-03-23,24.703,123
2005-03-24,24.731,123
2005-03-25,24.729,123
2005-03-26,24.695,123
2005-03-27,24.444,123
2005-03-28,24.322,123
2005-03-29,24.316,123
2005-03-30,24.324,123
2005-03-31,24.367,123
2005-04-01,24.361,123
2005-04-02,24.363,123
2005-04-03,24.285,123
2005-04-04,24.223,123
2005-04-05,24.224,123
2005-04-06,24.324,123
2005-04-07,24.385,123
2005-04-08,24.453,123
2005-04-09,24.604,123
2005-04-10,24.63,123
2005-04-11,24.597,123
2005-04-12,24.572,123
2005-04-13,24.751,123
2005-04-14,24.754,123
2005-04-15,24.764,123
2005-04-16,24.889,123
2005-04-17,24.906,123
2005-04-18,24.917,123
2005-04-19,24.942,123
2005-04-20,24.935,123
2005-04-21,24.952,123
2005-04-22,24.946,123
2005-04-23,24.929,123
2005-04-24,24.921,123
2005-04-25,24.958,123
2005-04-26,24.974,123
2005-04-27,24.986,123
2005-04-28,24.962,123
2005-04-29,25.079,123
2005-04-30,25.449,123
2005-05-01,25.57,123
2005-05-02,25.589,123
2005-05-03,25.57,123
2005-05-04,25.54,123
2005-05-05,25.579,123
2005-05-06,25.577,123
2005-05-07,25.571,123
2005-05-08,25.417,123
2005-05-09,25.411,123
2005-05-10,25.414,123
2005-05-11,25.744,123
2005-05-12,25.742,123
2005-05-13,25.71,123
2005-05-14,25.589,123
2005-05-15,25.509,123
2005-05-16,25.394,123
2005-05-17,25.409,123
2005-05-18,25.438,123
2005-05-19,25.358,123
2005-05-20,25.362,123
2005-05-21,25.435,123
2005-05-22,25.429,123
2005-05-23,25.438,123
2005-05-24,25.61,123
2005-05-25,25.642,123
2005-05-26,25.668,123
2005-05-27,25.858,123
2005-05-28,25.859,123
2005-05-29,25.872,123
2005-05-30,26.08,123
2005-05-31,26.094,123
2005-06-01,26.086,123
2005-06-02,26.058,123
2005-06-03,25.934,123
2005-06-04,25.941,123
2005-06-05,25.923,123
2005-06-06,25.866,123
2005-06-07,25.844,123
2005-06-08,25.841,123
2005-06-09,25.694,123
2005-06-10,25.687,123
2005-06-11,25.687,123
2005-06-12,25.896,123
2005-06-13,25.88,123
2005-06-14,25.824,123
2005-06-15,25.805,123
2005-06-16,25.797,123
2005-06-17,25.843,123
2005-06-18,25.826,123
2005-06-19,25.856,123
2005-06-20,25.853,123
2005-06-21,25.836,123
2005-06-22,25.893,123
2005-06-23,25.94,123
2005-06-24,26.008,123
2005-06-25,26.041,123
2005-06-26,26.028,123
2005-06-27,26.043,123
2005-06-28,26.227,123
2005-06-29,26.245,123
2005-06-30,26.24,123
2005-07-01,26.288,123
2005-07-02,26.295,123
2005-07-03,26.301,123
2005-07-04,26.455,123
2005-07-05,26.503,123
2005-07-06,26.49,123
2005-07-07,26.351,123
2005-07-08,26.347,123
2005-07-09,26.359,123
2005-07-10,26.368,123
2005-07-11,26.495,123
2005-07-12,26.572,123
2005-07-13,26.61,123
2005-07-14,26.642,123
2005-07-15,26.6,123
2005-07-16,26.625,123
2005-07-17,26.711,123
2005-07-18,26.716,123
2005-07-19,26.694,123
2005-07-20,26.658,123
2005-07-21,26.66,123
2005-07-22,26.695,123
2005-07-23,26.8,123
2005-07-24,26.791,123
2005-07-25,26.826,123
2005-07-26,26.846,123
2005-07-27,26.831,123
2005-07-28,26.847,123
2005-07-29,26.793,123
2005-07-30,26.797,123
2005-07-31,26.8,123
2005-08-01,26.815,123
2005-08-02,26.857,123
2005-08-03,26.825,123
2005-08-04,26.828,123
2005-08-05,26.778,123
2005-08-06,26.776,123
2005-08-07,26.763,123
2005-08-08,26.832,123
2005-08-09,26.904,123
2005-08-10,26.913,123
2005-08-11,26.97,123
2005-08-12,27.001,123
2005-08-13,27.061,123
2005-08-14,27.025,123
2005-08-15,27.074,123
2005-08-16,27.073,123
2005-08-17,27.096,123
2005-08-18,27.075,123
2005-08-19,27.078,123
2005-08-20,27.072,123
2005-08-21,27.194,123
2005-08-22,27.235,123
2005-08-23,27.191,123
2005-08-24,27.161,123
2005-08-25,27.192,123
2005-08-26,27.103,123
2005-08-27,27.18,123
2005-08-28,27.197,123
2005-08-29,27.2,123
2005-08-30,27.268,123
2005-08-31,27.48,123
2005-09-01,27.483,123
2005-09-02,27.488,123
2005-09-03,27.638,123
2005-09-04,27.61,123
2005-09-05,27.597,123
2005-09-06,27.517,123
2005-09-07,27.472,123
2005-09-08,27.497,123
2005-09-09,27.499,123
2005-09-10,27.489,123
2005-09-11,27.512,123
2005-09-12,27.629,123
2005-09-13,27.62,123
2005-09-14,27.662,123
2005-09-15,27.619,123
2005-09-16,27.547,123
2005-09-17,27.562,123
2005-09-18,27.537,123
2005-09-19,27.506,123
2005-09-20,27.535,123
2005-09-21,27.532,123
2005-09-22,27.547,123
2005-09-23,27.577,123
2005-09-24,27.664,123
2005-09-25,27.715,123
2005-09-26,27.64,123
2005-09-27,27.607,123
2005-09-28,27.354,123
2005-09-29,27.318,123
2005-09-30,27.335,123
2005-10-01,27.366,123
2005-10-02,27.331,123
2005-10-03,27.333,123
2005-10-04,27.31,123
2005-10-05,27.239,123
2005-10-06,27.141,123
2005-10-07,27.109,123
2005-10-08,27.097,123
2005-10-09,27.083,123
2005-10-10,27.093,123
2005-10-11,26.991,123
2005-10-12,26.95,123
2005-10-13,26.943,123
2005-10-14,26.921,123
2005-10-15,26.913,123
2005-10-16,26.901,123
2005-10-17,27.004,123
2005-10-18,27.011,123
2005-10-19,27.019,123
2005-10-20,27.09,123
2005-10-21,27.127,123
2005-10-22,27.053,123
2005-10-23,26.957,123
2005-10-24,26.784,123
2005-10-25,26.809,123
2005-10-26,26.848,123
2005-10-27,26.768,123
2005-10-28,26.737,123
2005-10-29,26.729,123
2005-10-30,26.627,123
2005-10-31,26.66,123
2005-11-01,26.624,123
2005-11-02,26.566,123
2005-11-03,26.522,123
2005-11-04,26.503,123
2005-11-05,26.466,123
2005-11-06,26.492,123
2005-11-07,26.492,123
2005-11-08,26.437,123
2005-11-09,26.233,123
2005-11-10,26.134,123
2005-11-11,26.137,123
2005-11-12,26.368,123
2005-11-13,26.352,123
2005-11-14,26.361,123
2005-11-15,26.201,123
2005-11-16,26.2,123
2005-11-17,26.186,123
2005-11-18,26.18,123
2005-11-19,26.176,123
2005-11-20,26.209,123
2005-11-21,26.208,123
2005-11-22,26.143,123
2005-11-23,26.08,123
2005-11-24,26.162,123
2005-11-25,26.264,123
2005-11-26,26.296,123
2005-11-27,26.218,123
2005-11-28,26.26,123
2005-11-29,26.27,123
2005-11-30,26.555,123
2005-12-01,26.671,123
2005-12-02,26.643,123
2005-12-03,26.596,123
2005-12-04,26.44,123
2005-12-05,26.379,123
2005-12-06,26.342,123
2005-12-07,26.053,123
2005-12-08,26.037,123
2005-12-09,26.072,123
2005-12-10,26.108,123
2005-12-11,26.08,123
2005-12-12,26.038,123
2005-12-13,25.956,123
2005-12-14,25.788,123
2005-12-15,25.707,123
2005-12-16,25.693,123
2005-12-17,25.672,123
2005-12-18,25.592,123
2005-12-19,25.58,123
2005-12-20,25.795,123
2005-12-21,25.849,123
2005-12-22,25.826,123
2005-12-23,25.573,123
2005-12-24,25.528,123
2005-12-25,25.541,123
2005-12-26,25.578,123
2005-12-27,25.551,123
2005-12-28,25.606,123
2005-12-29,25.705,123
2005-12-30,25.636,123
2005-12-31,25.51,123
2006-01-01,25.44,123
2006-01-02,25.58,123
2006-01-03,25.565,123
2006-01-04,25.559,123
2006-01-05,25.287,123
2006-01-06,25.261,123
2006-01-07,25.245,123
2006-01-08,25.214,123
2006-01-09,25.203,123
2006-01-10,25.202,123
2006-01-11,25.127,123
2006-01-12,25.117,123
2006-01-13,25.088,123
2006-01-14,25.122,123
2006-01-15,25.08,123
2006-01-16,25.023,123
2006-01-17,24.988,123
2006-01-18,25.061,123
2006-01-19,25.072,123
2006-01-20,25.061,123
2006-01-21,25.02,123
2006-01-22,25.027,123
2006-01-23,25.024,123
2006-01-24,24.919,123
2006-01-25,24.813,123
2006-01-26,24.764,123
2006-01-27,24.907,123
2006-01-28,24.913,123
2006-01-29,24.919,123
2006-01-30,25.03,123
2006-01-31,24.989,123
2006-02-01,24.923,123
2006-02-02,24.666,123
2006-02-03,24.522,123
2006-02-04,24.474,123
2006-02-05,24.458,123
2006-02-06,24.234,123
2006-02-07,24.159,123
2006-02-08,24.151,123
2006-02-09,24.078,123
2006-02-10,24.058,123
2006-02-11,24.05,123
2006-02-12,24.094,123
2006-02-13,24.123,123
2006-02-14,24.109,123
2006-02-15,24.173,123
2006-02-16,24.174,123
2006-02-17,24.164,123
2006-02-18,24.103,123
2006-02-19,24.109,123
2006-02-20,24.114,123
2006-02-21,24.154,123
2006-02-22,24.198,123
2006-02-23,24.22,123
2006-02-24,24.253,123
2006-02-25,24.221,123
2006-02-26,24.217,123
2006-02-27,24.221,123
2006-02-28,24.274,123
2006-03-01,24.197,123
2006-03-02,24.182,123
2006-03-03,24.341,123
2006-03-04,24.337,123
2006-03-05,24.384,123
2006-03-06,24.474,123
2006-03-07,24.516,123
2006-03-08,24.529,123
2006-03-09,24.516,123
2006-03-10,24.444,123
2006-03-11,24.481,123
2006-03-12,24.48,123
2006-03-13,24.458,123
2006-03-14,24.386,123
2006-03-15,24.34,123
2006-03-16,24.485,123
2006-03-17,24.484,123
2006-03-18,24.507,123
2006-03-19,24.613,123
2006-03-20,24.609,123
2006-03-21,24.617,123
2006-03-22,24.591,123
2006-03-23,24.584,123
2006-03-24,24.599,123
2006-03-25,24.609,123
2006-03-26,24.604,123
2006-03-27,24.538,123
2006-03-28,24.492,123
2006-03-29,24.509,123
2006-03-30,24.517,123
2006-03-31,24.495,123
2006-04-01,24.346,123
2006-04-02,24.296,123
2006-04-03,24.261,123
2006-04-04,24.469,123
2006-04-05,24.455,123
2006-04-06,24.435,123
2006-04-07,24.149,123
2006-04-08,24.071,123
2006-04-09,24.059,123
2006-04-10,24.083,123
2006-04-11,24.056,123
2006-04-12,24.072,123
2006-04-13,24.165,123
2006-04-14,24.146,123
2006-04-15,24.16,123
2006-04-16,24.124,123
2006-04-17,24.133,123
2006-04-18,24.126,123
2006-04-19,24.108,123
2006-04-20,24.042,123
2006-04-21,23.983,123
2006-04-22,24.017,123
2006-04-23,24.23,123
2006-04-24,24.215,123
2006-04-25,24.223,123
2006-04-26,24.303,123
2006-04-27,24.319,123
2006-04-28,24.371,123
2006-04-29,24.494,123
2006-04-30,24.582,123
2006-05-01,24.658,123
2006-05-02,24.666,123
2006-05-03,24.62,123
2006-05-04,24.6,123
2006-05-05,24.586,123
2006-05-06,24.714,123
2006-05-07,24.687,123
2006-05-08,24.668,123
2006-05-09,24.673,123
2006-05-10,24.672,123
2006-05-11,24.68,123
2006-05-12,24.719,123
2006-05-13,24.726,123
2006-05-14,24.722,123
2006-05-15,24.738,123
2006-05-16,24.711,123
2006-05-17,24.715,123
2006-05-18,24.577,123
2006-05-19,24.545,123
2006-05-20,24.486,123
2006-05-21,24.493,123
2006-05-22,24.775,123
2006-05-23,24.868,123
2006-05-24,24.923,123
2006-05-25,25.033,123
2006-05-26,25.258,123
2006-05-27,25.323,123
2006-05-28,25.111,123
2006-05-29,25.102,123
2006-05-30,25.102,123
2006-05-31,25.279,123
2006-06-01,25.283,123
2006-06-02,25.296,123
2006-06-03,25.341,123
2006-06-04,25.408,123
2006-06-05,25.441,123
2006-06-06,25.474,123
2006-06-07,25.451,123
2006-06-08,25.521,123
2006-06-09,25.498,123
2006-06-10,25.556,123
2006-06-11,25.565,123
2006-06-12,25.546,123
2006-06-13,25.43,123
2006-06-14,25.405,123
2006-06-15,25.394,123
2006-06-16,25.343,123
2006-06-17,25.329,123
2006-06-18,25.306,123
2006-06-19,25.236,123
2006-06-20,25.26,123
2006-06-21,25.298,123
2006-06-22,25.457,123
2006-06-23,25.515,123
2006-06-24,25.646,123
2006-06-25,25.723,123
2006-06-26,25.789,123
2006-06-27,25.779,123
2006-06-28,25.747,123
2006-06-29,25.734,123
2006-06-30,25.772,123
2006-07-01,25.818,123
2006-07-02,25.744,123
2006-07-03,25.738,123
2006-07-04,25.745,123
2006-07-05,25.892,123
2006-07-06,25.882,123
2006-07-07,25.82,123
2006-07-08,25.769,123
2006-07-09,25.823,123
2006-07-10,25.818,123
2006-07-11,25.739,123
2006-07-12,25.702,123
2006-07-13,25.721,123
2006-07-14,25.724,123
2006-07-15,25.753,123
2006-07-16,25.754,123
2006-07-17,25.764,123
2006-07-18,26.115,123
2006-07-19,26.181,123
2006-07-20,26.229,123
2006-07-21,26.35,123
2006-07-22,26.351,123
2006-07-23,26.426,123
2006-07-24,26.422,123
2006-07-25,26.418,123
2006-07-26,26.348,123
2006-07-27,26.267,123
2006-07-28,26.291,123
2006-07-29,26.333,123
2006-07-30,26.307,123
2006-07-31,26.512,123
2006-08-01,26.583,123
2006-08-02,26.714,123
2006-08-03,26.823,123
2006-08-04,26.707,123
2006-08-05,26.492,123
2006-08-06,26.379,123
2006-08-07,26.358,123
2006-08-08,26.338,123
2006-08-09,26.399,123
2006-08-10,26.408,123
2006-08-11,26.413,123
2006-08-12,26.439,123
2006-08-13,26.483,123
2006-08-14,26.452,123
2006-08-15,26.473,123
2006-08-16,26.385,123
2006-08-17,26.339,123
2006-08-18,26.33,123
2006-08-19,26.463,123
2006-08-20,26.47,123
2006-08-21,26.506,123
2006-08-22,26.568,123
2006-08-23,26.661,123
2006-08-24,26.631,123
2006-08-25,26.681,123
2006-08-26,26.759,123
2006-08-27,26.854,123
2006-08-28,26.86,123
2006-08-29,26.835,123
2006-08-30,26.835,123
2006-08-31,26.744,123
2006-09-01,26.706,123
2006-09-02,26.694,123
2006-09-03,26.673,123
2006-09-04,26.749,123
2006-09-05,26.806,123
2006-09-06,26.834,123
2006-09-07,26.798,123
2006-09-08,26.774,123
2006-09-09,26.776,123
2006-09-10,26.657,123
2006-09-11,26.642,123
2006-09-12,26.638,123
2006-09-13,26.758,123
2006-09-14,26.79,123
2006-09-15,26.8,123
2006-09-16,26.822,123
2006-09-17,26.899,123
2006-09-18,26.895,123
2006-09-19,26.855,123
2006-09-20,26.58,123
2006-09-21,26.543,123
2006-09-22,26.543,123
2006-09-23,26.667,123
2006-09-24,26.694,123
2006-09-25,26.713,123
2006-09-26,26.735,123
2006-09-27,26.709,123
2006-09-28,26.733,123
2006-09-29,26.792,123
2006-09-30,26.8,123
2006-10-01,26.795,123
2006-10-02,26.882,123
2006-10-03,26.942,123
2006-10-04,26.909,123
2006-10-05,26.934,123
2006-10-06,27.043,123
2006-10-07,27.121,123
2006-10-08,27.165,123
2006-10-09,27.367,123
2006-10-10,27.502,123
2006-10-11,27.608,123
2006-10-12,27.752,123
2006-10-13,27.707,123
2006-10-14,27.685,123
2006-10-15,27.242,123
2006-10-16,27.149,123
2006-10-17,27.092,123
2006-10-18,27.099,123
2006-10-19,27.124,123
2006-10-20,27.078,123
2006-10-21,27.022,123
2006-10-22,27.094,123
2006-10-23,27.036,123
2006-10-24,26.982,123
2006-10-25,26.852,123
2006-10-26,26.871,123
2006-10-27,26.903,123
2006-10-28,26.909,123
2006-10-29,26.873,123
2006-10-30,26.865,123
2006-10-31,26.861,123
2006-11-01,26.802,123
2006-11-02,26.736,123
2006-11-03,26.928,123
2006-11-04,26.964,123
2006-11-05,26.97,123
2006-11-06,26.959,123
2006-11-07,26.932,123
2006-11-08,26.862,123
2006-11-09,26.821,123
2006-11-10,26.844,123
2006-11-11,26.834,123
2006-11-12,26.796,123
2006-11-13,26.742,123
2006-11-14,26.71,123
2006-11-15,26.653,123
2006-11-16,26.743,123
2006-11-17,26.75,123
2006-11-18,26.754,123
2006-11-19,26.52,123
2006-11-20,26.511,123
2006-11-21,26.472,123
2006-11-22,26.376,123
2006-11-23,26.385,123
2006-11-24,26.373,123
2006-11-25,26.398,123
2006-11-26,26.422,123
2006-11-27,26.416,123
2006-11-28,26.432,123
2006-11-29,26.424,123
2006-11-30,26.159,123
2006-12-01,26.132,123
2006-12-02,26.066,123
2006-12-03,25.981,123
2006-12-04,25.917,123
2006-12-05,25.947,123
2006-12-06,25.942,123
2006-12-07,25.93,123
2006-12-08,25.645,123
2006-12-09,25.618,123
2006-12-10,25.587,123
2006-12-11,25.475,123
2006-12-12,25.415,123
2006-12-13,25.383,123
2006-12-14,25.426,123
2006-12-15,25.405,123
2006-12-16,25.317,123
2006-12-17,25.295,123
2006-12-18,25.199,123
2006-12-19,25.19,123
2006-12-20,25.189,123
2006-12-21,25.157,123
2006-12-22,25.132,123
2006-12-23,25.156,123
2006-12-24,25.2,123
2006-12-25,25.194,123
2006-12-26,25.224,123
2006-12-27,25.25,123
2006-12-28,25.267,123
2006-12-29,25.179,123
2006-12-30,25.124,123
2006-12-31,25.171,123
2007-01-01,25.188,123
2007-01-02,25.21,123
2007-01-03,24.999,123
2007-01-04,24.969,123
2007-01-05,24.931,123
2007-01-06,24.839,123
2007-01-07,24.835,123
2007-01-08,24.826,123
2007-01-09,24.772,123
2007-01-10,24.769,123
2007-01-11,24.705,123
2007-01-12,24.702,123
2007-01-13,24.696,123
2007-01-14,24.7,123
2007-01-15,24.658,123
2007-01-16,24.555,123
2007-01-17,24.543,123
2007-01-18,24.527,123
2007-01-19,24.534,123
2007-01-20,24.519,123
2007-01-21,24.621,123
2007-01-22,24.588,123
2007-01-23,24.54,123
2007-01-24,24.534,123
2007-01-25,24.454,123
2007-01-26,24.451,123
2007-01-27,24.453,123
2007-01-28,24.427,123
2007-01-29,24.415,123
2007-01-30,24.431,123
2007-01-31,24.493,123
2007-02-01,24.476,123
2007-02-02,24.438,123
2007-02-03,24.342,123
2007-02-04,24.33,123
2007-02-05,24.349,123
2007-02-06,24.394,123
2007-02-07,24.375,123
2007-02-08,24.293,123
2007-02-09,24.218,123
2007-02-10,24.085,123
2007-02-11,24.11,123
2007-02-12,24.13,123
2007-02-13,24.171,123
2007-02-14,24.159,123
2007-02-15,24.165,123
2007-02-16,24.242,123
2007-02-17,24.278,123
2007-02-18,24.249,123
2007-02-19,24.152,123
2007-02-20,24.164,123
2007-02-21,24.167,123
2007-02-22,24.172,123
2007-02-23,24.209,123
2007-02-24,24.277,123
2007-02-25,24.285,123
2007-02-26,24.277,123
2007-02-27,24.276,123
2007-02-28,24.255,123
2007-03-01,24.422,123
2007-03-02,24.432,123
2007-03-03,24.445,123
2007-03-04,25.039,123
2007-03-05,24.991,123
2007-03-06,24.97,123
2007-03-07,24.81,123
2007-03-08,24.784,123
2007-03-09,24.715,123
2007-03-10,24.664,123
2007-03-11,24.654,123
2007-03-12,24.633,123
2007-03-13,24.596,123
2007-03-14,24.544,123
2007-03-15,24.545,123
2007-03-16,24.719,123
2007-03-17,24.695,123
2007-03-18,24.691,123
2007-03-19,24.691,123
2007-03-20,24.703,123
2007-03-21,24.681,123
2007-03-22,24.69,123
2007-03-23,24.643,123
2007-03-24,24.622,123
2007-03-25,24.624,123
2007-03-26,24.769,123
2007-03-27,24.91,123
2007-03-28,24.853,123
2007-03-29,24.763,123
2007-03-30,24.776,123
2007-03-31,24.801,123
2007-04-01,24.805,123
2007-04-02,24.536,123
2007-04-03,24.539,123
2007-04-04,24.529,123
2007-04-05,24.9,123
2007-04-06,24.859,123
2007-04-07,24.798,123
2007-04-08,24.828,123
2007-04-09,24.863,123
2007-04-10,24.898,123
2007-04-11,24.988,123
2007-04-12,24.941,123
2007-04-13,24.963,123
2007-04-14,24.886,123
2007-04-15,24.865,123
2007-04-16,24.838,123
2007-04-17,24.836,123
2007-04-18,24.763,123
2007-04-19,24.743,123
2007-04-20,24.75,123
2007-04-21,24.727,123
2007-04-22,24.731,123
2007-04-23,24.744,123
2007-04-24,24.767,123
2007-04-25,24.768,123
2007-04-26,24.768,123
2007-04-27,24.9,123
2007-04-28,24.891,123
2007-04-29,24.883,123
2007-04-30,24.949,123
2007-05-01,24.977,123
2007-05-02,24.957,123
2007-05-03,24.981,123
2007-05-04,24.975,123
2007-05-05,25.026,123
2007-05-06,24.961,123
2007-05-07,24.96,123
2007-05-08,24.909,123
2007-05-09,24.911,123
2007-05-10,24.867,123
2007-05-11,24.872,123
2007-05-12,24.879,123
2007-05-13,25.012,123
2007-05-14,24.994,123
2007-05-15,25.034,123
2007-05-16,25.136,123
2007-05-17,25.137,123
2007-05-18,25.138,123
2007-05-19,25.496,123
2007-05-20,25.803,123
2007-05-21,25.877,123
2007-05-22,25.697,123
2007-05-23,25.596,123
2007-05-24,25.659,123
2007-05-25,25.597,123
2007-05-26,25.466,123
2007-05-27,25.415,123
2007-05-28,25.429,123
2007-05-29,25.641,123
2007-05-30,25.685,123
2007-05-31,25.698,123
2007-06-01,26.032,123
2007-06-02,26.065,123
2007-06-03,26.057,123
2007-06-04,26.051,123
2007-06-05,26.027,123
2007-06-06,26.022,123
2007-06-07,25.95,123
2007-06-08,25.984,123
2007-06-09,26.029,123
2007-06-10,26.091,123
2007-06-11,26.031,123
2007-06-12,26.034,123
2007-06-13,25.984,123
2007-06-14,25.895,123
2007-06-15,25.845,123
2007-06-16,25.775,123
2007-06-17,25.778,123
2007-06-18,25.794,123
2007-06-19,25.806,123
2007-06-20,25.878,123
2007-06-21,25.878,123
2007-06-22,25.9,123
2007-06-23,25.908,123
2007-06-24,25.896,123
2007-06-25,25.872,123
2007-06-26,25.88,123
2007-06-27,25.923,123
2007-06-28,25.918,123
2007-06-29,25.894,123
2007-06-30,25.753,123
2007-07-01,25.776,123
2007-07-02,25.798,123
2007-07-03,25.906,123
2007-07-04,25.918,123
2007-07-05,25.909,123
2007-07-06,25.926,123
2007-07-07,25.912,123
2007-07-08,25.916,123
2007-07-09,26.054,123
2007-07-10,26.093,123
2007-07-11,26.106,123
2007-07-12,26.163,123
2007-07-13,26.183,123
2007-07-14,26.184,123
2007-07-15,26.191,123
2007-07-16,26.34,123
2007-07-17,26.356,123
2007-07-18,26.392,123
2007-07-19,26.438,123
2007-07-20,26.42,123
2007-07-21,26.422,123
2007-07-22,26.408,123
2007-07-23,26.401,123
2007-07-24,26.407,123
2007-07-25,26.534,123
2007-07-26,26.566,123
2007-07-27,26.6,123
2007-07-28,26.632,123
2007-07-29,26.63,123
2007-07-30,26.585,123
2007-07-31,26.637,123
2007-08-01,26.651,123
2007-08-02,26.62,123
2007-08-03,26.642,123
2007-08-04,26.79,123
2007-08-05,26.782,123
2007-08-06,26.79,123
2007-08-07,26.648,123
2007-08-08,26.617,123
2007-08-09,26.653,123
2007-08-10,26.776,123
2007-08-11,26.738,123
2007-08-12,26.759,123
2007-08-13,26.779,123
2007-08-14,26.744,123
2007-08-15,26.75,123
2007-08-16,26.771,123
2007-08-17,26.787,123
2007-08-18,26.724,123
2007-08-19,26.711,123
2007-08-20,26.578,123
2007-08-21,26.562,123
2007-08-22,26.571,123
2007-08-23,26.943,123
2007-08-24,27.06,123
2007-08-25,27.075,123
2007-08-26,27.154,123
2007-08-27,27.143,123
2007-08-28,27.123,123
2007-08-29,27.08,123
2007-08-30,27.033,123
2007-08-31,26.96,123
2007-09-01,26.88,123
2007-09-02,26.815,123
2007-09-03,26.826,123
2007-09-04,26.842,123
2007-09-05,26.886,123
2007-09-06,26.932,123
2007-09-07,27.04,123
2007-09-08,26.997,123
2007-09-09,26.981,123
2007-09-10,26.944,123
2007-09-11,26.916,123
2007-09-12,26.886,123
2007-09-13,26.876,123
2007-09-14,26.843,123
2007-09-15,26.824,123
2007-09-16,26.852,123
2007-09-17,26.862,123
2007-09-18,26.861,123
2007-09-19,26.773,123
2007-09-20,26.723,123
2007-09-21,26.73,123
2007-09-22,26.744,123
2007-09-23,26.727,123
2007-09-24,26.736,123
2007-09-25,26.763,123
2007-09-26,26.794,123
2007-09-27,26.769,123
2007-09-28,26.772,123
2007-09-29,26.787,123
2007-09-30,26.672,123
2007-10-01,26.647,123
2007-10-02,26.633,123
2007-10-03,26.672,123
2007-10-04,26.626,123
2007-10-05,26.633,123
2007-10-06,26.561,123
2007-10-07,26.474,123
2007-10-08,26.461,123
2007-10-09,26.438,123
2007-10-10,26.346,123
2007-10-11,26.358,123
2007-10-12,26.356,123
2007-10-13,26.402,123
2007-10-14,26.402,123
2007-10-15,26.407,123
2007-10-16,26.553,123
2007-10-17,26.53,123
2007-10-18,26.528,123
2007-10-19,26.505,123
2007-10-20,26.514,123
2007-10-21,26.608,123
2007-10-22,26.805,123
2007-10-23,26.8,123
2007-10-24,26.757,123
2007-10-25,26.617,123
2007-10-26,26.47,123
2007-10-27,26.428,123
2007-10-28,26.448,123
2007-10-29,26.355,123
2007-10-30,26.339,123
2007-10-31,26.345,123
2007-11-01,26.616,123
2007-11-02,26.714,123
2007-11-03,26.74,123
2007-11-04,26.606,123
2007-11-05,26.582,123
2007-11-06,26.574,123
2007-11-07,26.631,123
2007-11-08,26.645,123
2007-11-09,26.539,123
2007-11-10,26.427,123
2007-11-11,26.356,123
2007-11-12,26.442,123
2007-11-13,26.449,123
2007-11-14,26.435,123
2007-11-15,26.437,123
2007-11-16,26.45,123
2007-11-17,26.372,123
2007-11-18,26.351,123
2007-11-19,26.319,123
2007-11-20,26.245,123
2007-11-21,26.208,123
2007-11-22,26.16,123
2007-11-23,25.953,123
2007-11-24,25.936,123
2007-11-25,25.951,123
2007-11-26,26.033,123
2007-11-27,26.037,123
2007-11-28,26.058,123
2007-11-29,26.001,123
2007-11-30,25.944,123
2007-12-01,25.885,123
2007-12-02,25.775,123
2007-12-03,25.719,123
2007-12-04,25.726,123
2007-12-05,25.701,123
2007-12-06,25.539,123
2007-12-07,25.511,123
2007-12-08,25.484,123
2007-12-09,25.503,123
2007-12-10,25.472,123
2007-12-11,25.401,123
2007-12-12,25.363,123
2007-12-13,25.308,123
2007-12-14,25.273,123
2007-12-15,25.323,123
2007-12-16,25.275,123
2007-12-17,25.156,123
2007-12-18,25.151,123
2007-12-19,25.105,123
2007-12-20,25.074,123
2007-12-21,25.042,123
2007-12-22,25.091,123
2007-12-23,25.084,123
2007-12-24,25.066,123
2007-12-25,24.876,123
2007-12-26,24.866,123
2007-12-27,24.866,123
2007-12-28,24.846,123
2007-12-29,24.844,123
2007-12-30,24.841,123
2007-12-31,24.787,123
2008-01-01,24.75,123
2008-01-02,24.771,123
2008-01-03,24.755,123
2008-01-04,24.693,123
2008-01-05,24.692,123
2008-01-06,24.747,123
2008-01-07,24.813,123
2008-01-08,24.823,123
2008-01-09,24.816,123
2008-01-10,24.795,123
2008-01-11,24.816,123
2008-01-12,24.806,123
2008-01-13,24.648,123
2008-01-14,24.58,123
2008-01-15,24.547,123
2008-01-16,24.427,123
2008-01-17,24.389,123
2008-01-18,24.387,123
2008-01-19,24.408,123
2008-01-20,24.503,123
2008-01-21,24.523,123
2008-01-22,24.57,123
2008-01-23,24.458,123
2008-01-24,24.421,123
2008-01-25,24.396,123
2008-01-26,24.313,123
2008-01-27,24.3,123
2008-01-28,24.285,123
2008-01-29,24.114,123
2008-01-30,24.085,123
2008-01-31,24.091,123
2008-02-01,24.093,123
2008-02-02,24.057,123
2008-02-03,24.038,123
2008-02-04,24.042,123
2008-02-05,24.051,123
2008-02-06,24.113,123
2008-02-07,24.128,123
2008-02-08,24.159,123
2008-02-09,24.212,123
2008-02-10,24.213,123
2008-02-11,24.202,123
2008-02-12,24.255,123
2008-02-13,24.25,123
2008-02-14,24.231,123
2008-02-15,24.23,123
2008-02-16,24.25,123
2008-02-17,24.584,123
2008-02-18,24.576,123
2008-02-19,24.587,123
2008-02-20,24.535,123
2008-02-21,24.499,123
2008-02-22,24.456,123
2008-02-23,24.385,123
2008-02-24,24.34,123
2008-02-25,24.312,123
2008-02-26,24.309,123
2008-02-27,24.366,123
2008-02-28,24.52,123
2008-02-29,24.586,123
2008-03-01,24.645,123
2008-03-02,24.581,123
2008-03-03,24.55,123
2008-03-04,24.727,123
2008-03-05,24.766,123
2008-03-06,24.749,123
2008-03-07,24.966,123
2008-03-08,24.986,123
2008-03-09,25.027,123
2008-03-10,25.066,123
2008-03-11,24.916,123
2008-03-12,24.781,123
2008-03-13,24.667,123
2008-03-14,24.757,123
2008-03-15,24.767,123
2008-03-16,24.767,123
2008-03-17,24.759,123
2008-03-18,24.739,123
2008-03-19,24.709,123
2008-03-20,24.584,123
2008-03-21,24.631,123
2008-03-22,24.621,123
2008-03-23,24.647,123
2008-03-24,24.663,123
2008-03-25,24.66,123
2008-03-26,24.674,123
2008-03-27,24.626,123
2008-03-28,24.607,123
2008-03-29,24.639,123
2008-03-30,24.665,123
2008-03-31,24.704,123
2008-04-01,24.716,123
2008-04-02,24.451,123
2008-04-03,24.388,123
2008-04-04,24.382,123
2008-04-05,24.267,123
2008-04-06,24.263,123
2008-04-07,24.276,123
2008-04-08,24.407,123
2008-04-09,24.403,123
2008-04-10,24.407,123
2008-04-11,24.364,123
2008-04-12,24.391,123
2008-04-13,24.397,123
2008-04-14,24.536,123
2008-04-15,24.549,123
2008-04-16,24.526,123
2008-04-17,24.774,123
2008-04-18,24.804,123
2008-04-19,24.775,123
2008-04-20,24.708,123
2008-04-21,24.738,123
2008-04-22,24.707,123
2008-04-23,24.717,123
2008-04-24,25.675,123
2008-04-25,25.655,123
2008-04-26,25.533,123
2008-04-27,25.164,123
2008-04-28,25.14,123
2008-04-29,25.141,123
2008-04-30,24.951,123
2008-05-01,24.936,123
2008-05-02,24.951,123
2008-05-03,24.926,123
2008-05-04,24.92,123
2008-05-05,24.825,123
2008-05-06,24.839,123
2008-05-07,24.749,123
2008-05-08,24.713,123
2008-05-09,24.716,123
2008-05-10,24.739,123
2008-05-11,24.736,123
2008-05-12,24.742,123
2008-05-13,24.918,123
2008-05-14,25.021,123
2008-05-15,25.096,123
2008-05-16,25.782,123
2008-05-17,25.846,123
2008-05-18,25.712,123
2008-05-19,25.507,123
2008-05-20,25.573,123
2008-05-21,25.638,123
2008-05-22,25.708,123
2008-05-23,25.726,123
2008-05-24,25.701,123
2008-05-25,25.579,123
2008-05-26,25.524,123
2008-05-27,25.535,123
2008-05-28,25.563,123
2008-05-29,25.532,123
2008-05-30,25.559,123
2008-05-31,25.586,123
2008-06-01,25.64,123
2008-06-02,25.626,123
2008-06-03,25.64,123
2008-06-04,25.743,123
2008-06-05,25.684,123
2008-06-06,25.614,123
2008-06-07,25.651,123
2008-06-08,25.697,123
2008-06-09,25.669,123
2008-06-10,25.727,123
2008-06-11,25.73,123
2008-06-12,25.727,123
2008-06-13,25.762,123
2008-06-14,25.738,123
2008-06-15,25.674,123
2008-06-16,25.68,123
2008-06-17,25.673,123
2008-06-18,25.712,123
2008-06-19,25.786,123
2008-06-20,25.704,123
2008-06-21,25.699,123
2008-06-22,25.704,123
2008-06-23,25.679,123
2008-06-24,25.692,123
2008-06-25,25.727,123
2008-06-26,25.779,123
2008-06-27,25.851,123
2008-06-28,25.929,123
2008-06-29,26.107,123
2008-06-30,26.268,123
2008-07-01,26.353,123
2008-07-02,26.338,123
2008-07-03,26.321,123
2008-07-04,26.336,123
2008-07-05,26.331,123
2008-07-06,26.444,123
2008-07-07,26.435,123
2008-07-08,26.464,123
2008-07-09,26.626,123
2008-07-10,26.65,123
2008-07-11,26.647,123
2008-07-12,26.594,123
2008-07-13,26.554,123
2008-07-14,26.53,123
2008-07-15,26.572,123
2008-07-16,26.585,123
2008-07-17,26.514,123
2008-07-18,26.445,123
2008-07-19,26.408,123
2008-07-20,26.361,123
2008-07-21,26.393,123
2008-07-22,26.402,123
2008-07-23,26.356,123
2008-07-24,26.275,123
2008-07-25,26.25,123
2008-07-26,26.255,123
2008-07-27,26.261,123
2008-07-28,26.264,123
2008-07-29,26.269,123
2008-07-30,26.247,123
2008-07-31,26.272,123
2008-08-01,26.336,123
2008-08-02,26.36,123
2008-08-03,26.396,123
2008-08-04,26.21,123
2008-08-05,26.212,123
2008-08-06,26.217,123
2008-08-07,26.122,123
2008-08-08,26.116,123
2008-08-09,26.126,123
2008-08-10,26.255,123
2008-08-11,26.254,123
2008-08-12,26.255,123
2008-08-13,26.333,123
2008-08-14,26.317,123
2008-08-15,26.264,123
2008-08-16,26.261,123
2008-08-17,26.239,123
2008-08-18,26.25,123
2008-08-19,26.221,123
2008-08-20,26.143,123
2008-08-21,26.133,123
2008-08-22,26.112,123
2008-08-23,26.247,123
2008-08-24,26.273,123
2008-08-25,26.311,123
2008-08-26,26.226,123
2008-08-27,26.186,123
2008-08-28,26.198,123
2008-08-29,26.291,123
2008-08-30,26.31,123
2008-08-31,26.296,123
2008-09-01,26.296,123
2008-09-02,26.39,123
2008-09-03,26.396,123
2008-09-04,26.4,123
2008-09-05,26.512,123
2008-09-06,26.569,123
2008-09-07,26.562,123
2008-09-08,26.376,123
2008-09-09,26.373,123
2008-09-10,26.376,123
2008-09-11,26.486,123
2008-09-12,26.496,123
2008-09-13,26.516,123
2008-09-14,26.879,123
2008-09-15,26.872,123
2008-09-16,26.8,123
2008-09-17,26.463,123
2008-09-18,26.463,123
2008-09-19,26.453,123
2008-09-20,26.518,123
2008-09-21,26.581,123
2008-09-22,26.539,123
2008-09-23,26.489,123
2008-09-24,26.349,123
2008-09-25,26.375,123
2008-09-26,26.363,123
2008-09-27,26.502,123
2008-09-28,26.609,123
2008-09-29,26.723,123
2008-09-30,26.501,123
2008-10-01,26.473,123
2008-10-02,26.477,123
2008-10-03,26.516,123
2008-10-04,26.505,123
2008-10-05,26.526,123
2008-10-06,26.654,123
2008-10-07,26.677,123
2008-10-08,26.715,123
2008-10-09,26.819,123
2008-10-10,26.772,123
2008-10-11,26.715,123
2008-10-12,26.681,123
2008-10-13,26.773,123
2008-10-14,26.776,123
2008-10-15,26.757,123
2008-10-16,26.702,123
2008-10-17,26.638,123
2008-10-18,26.53,123
2008-10-19,26.279,123
2008-10-20,26.273,123
2008-10-21,26.278,123
2008-10-22,26.341,123
2008-10-23,26.3,123
2008-10-24,26.283,123
2008-10-25,26.291,123
2008-10-26,26.331,123
2008-10-27,26.376,123
2008-10-28,26.322,123
2008-10-29,25.892,123
2008-10-30,25.925,123
2008-10-31,25.979,123
2008-11-01,26.287,123
2008-11-02,26.279,123
2008-11-03,26.283,123
2008-11-04,26.484,123
2008-11-05,26.519,123
2008-11-06,26.505,123
2008-11-07,26.503,123
2008-11-08,26.39,123
2008-11-09,26.314,123
2008-11-10,26.248,123
2008-11-11,26.27,123
2008-11-12,26.28,123
2008-11-13,26.221,123
2008-11-14,26.248,123
2008-11-15,26.286,123
2008-11-16,26.214,123
2008-11-17,26.143,123
2008-11-18,26.148,123
2008-11-19,26.133,123
2008-11-20,26.147,123
2008-11-21,26.11,123
2008-11-22,26.002,123
2008-11-23,25.888,123
2008-11-24,25.88,123
2008-11-25,25.87,123
2008-11-26,25.785,123
2008-11-27,25.757,123
2008-11-28,25.775,123
2008-11-29,25.735,123
2008-11-30,25.643,123
2008-12-01,25.602,123
2008-12-02,25.532,123
2008-12-03,25.541,123
2008-12-04,25.58,123
2008-12-05,25.548,123
2008-12-06,25.454,123
2008-12-07,25.436,123
2008-12-08,25.398,123
2008-12-09,25.402,123
2008-12-10,25.337,123
2008-12-11,25.288,123
2008-12-12,25.261,123
2008-12-13,25.199,123
2008-12-14,25.136,123
2008-12-15,25.077,123
2008-12-16,25.075,123
2008-12-17,25.065,123
2008-12-18,25.082,123
2008-12-19,25.055,123
2008-12-20,24.981,123
2008-12-21,24.959,123
2008-12-22,25.042,123
2008-12-23,25.054,123
2008-12-24,25.067,123
2008-12-25,25.098,123
2008-12-26,25.101,123
2008-12-27,25.032,123
2008-12-28,24.924,123
2008-12-29,24.908,123
2008-12-30,24.903,123
2008-12-31,24.88,123
2009-01-01,24.825,123
2009-01-02,24.843,123
2009-01-03,24.825,123
2009-01-04,24.754,123
2009-01-05,24.689,123
2009-01-06,24.688,123
2009-01-07,24.652,123
2009-01-08,24.684,123
2009-01-09,24.716,123
2009-01-10,24.823,123
2009-01-11,24.834,123
2009-01-12,24.838,123
2009-01-13,24.811,123
2009-01-14,24.804,123
2009-01-15,24.8,123
2009-01-16,24.45,123
2009-01-17,24.412,123
2009-01-18,24.394,123
2009-01-19,24.398,123
2009-01-20,24.401,123
2009-01-21,24.368,123
2009-01-22,24.366,123
2009-01-23,24.332,123
2009-01-24,24.369,123
2009-01-25,24.395,123
2009-01-26,24.387,123
2009-01-27,24.355,123
2009-01-28,24.386,123
2009-01-29,24.252,123
2009-01-30,24.26,123
2009-01-31,24.249,123
2009-02-01,24.214,123
2009-02-02,24.152,123
2009-02-03,24.103,123
2009-02-04,24.09,123
2009-02-05,24.088,123
2009-02-06,24.147,123
2009-02-07,24.183,123
2009-02-08,24.244,123
2009-02-09,24.31,123
2009-02-10,24.425,123
2009-02-11,24.478,123
2009-02-12,24.366,123
2009-02-13,24.26,123
2009-02-14,24.057,123
2009-02-15,24.006,123
2009-02-16,24.002,123
2009-02-17,23.938,123
2009-02-18,23.902,123
2009-02-19,23.912,123
2009-02-20,23.787,123
2009-02-21,23.706,123
2009-02-22,23.66,123
2009-02-23,23.645,123
2009-02-24,23.699,123
2009-02-25,23.677,123
2009-02-26,23.646,123
2009-02-27,23.585,123
2009-02-28,23.597,123
2009-03-01,23.469,123
2009-03-02,23.438,123
2009-03-03,23.429,123
2009-03-04,23.483,123
2009-03-05,23.552,123
2009-03-06,23.607,123
2009-03-07,23.645,123
2009-03-08,23.675,123
2009-03-09,23.66,123
2009-03-10,23.582,123
2009-03-11,23.494,123
2009-03-12,23.439,123
2009-03-13,23.362,123
2009-03-14,23.247,123
2009-03-15,23.248,123
2009-03-16,23.262,123
2009-03-17,23.376,123
2009-03-18,23.439,123
2009-03-19,23.459,123
2009-03-20,23.375,123
2009-03-21,23.451,123
2009-03-22,23.45,123
2009-03-23,23.452,123
2009-03-24,23.379,123
2009-03-25,23.412,123
2009-03-26,23.407,123
2009-03-27,23.358,123
2009-03-28,23.366,123
2009-03-29,23.449,123
2009-03-30,23.477,123
2009-03-31,23.503,123
2009-04-01,23.464,123
2009-04-02,23.484,123
2009-04-03,23.488,123
2009-04-04,23.496,123
2009-04-05,23.581,123
2009-04-06,23.381,123
2009-04-07,23.395,123
2009-04-08,23.418,123
2009-04-09,23.456,123
2009-04-10,23.522,123
2009-04-11,23.533,123
2009-04-12,23.535,123
2009-04-13,23.574,123
2009-04-14,23.589,123
2009-04-15,23.55,123
2009-04-16,23.566,123
2009-04-17,23.598,123
2009-04-18,23.826,123
2009-04-19,23.952,123
2009-04-20,24.022,123
2009-04-21,24.042,123
2009-04-22,23.922,123
2009-04-23,23.888,123
2009-04-24,23.664,123
2009-04-25,23.595,123
2009-04-26,23.591,123
2009-04-27,23.596,123
2009-04-28,23.713,123
2009-04-29,23.79,123
2009-04-30,23.814,123
2009-05-01,23.929,123
2009-05-02,23.987,123
2009-05-03,24.078,123
2009-05-04,24.44,123
2009-05-05,24.528,123
2009-05-06,24.638,123
2009-05-07,24.723,123
2009-05-08,24.68,123
2009-05-09,24.635,123
2009-05-10,24.677,123
2009-05-11,24.865,123
2009-05-12,24.923,123
2009-05-13,24.92,123
2009-05-14,25.281,123
2009-05-15,25.37,123
2009-05-16,25.47,123
2009-05-17,25.388,123
2009-05-18,25.111,123
2009-05-19,25.051,123
2009-05-20,25.325,123
2009-05-21,25.328,123
2009-05-22,25.382,123
2009-05-23,25.592,123
2009-05-24,25.698,123
2009-05-25,25.812,123
2009-05-26,25.956,123
2009-05-27,26.044,123
2009-05-28,25.996,123
2009-05-29,26,123
2009-05-30,26.756,123
2009-05-31,26.77,123
2009-06-01,26.701,123
2009-06-02,26.538,123
2009-06-03,26.526,123
2009-06-04,26.433,123
2009-06-05,25.863,123
2009-06-06,25.801,123
2009-06-07,25.805,123
2009-06-08,25.916,123
2009-06-09,26.073,123
2009-06-10,26.133,123
2009-06-11,26.074,123
2009-06-12,26.069,123
2009-06-13,26.107,123
2009-06-14,26.188,123
2009-06-15,26.45,123
2009-06-16,26.507,123
2009-06-17,26.487,123
2009-06-18,26.24,123
2009-06-19,26.248,123
2009-06-20,26.186,123
2009-06-21,25.919,123
2009-06-22,25.883,123
2009-06-23,25.87,123
2009-06-24,25.869,123
2009-06-25,25.863,123
2009-06-26,25.86,123
2009-06-27,25.927,123
2009-06-28,25.936,123
2009-06-29,25.905,123
2009-06-30,25.994,123
2009-07-01,26.196,123
2009-07-02,26.338,123
2009-07-03,26.293,123
2009-07-04,26.254,123
2009-07-05,26.211,123
2009-07-06,26.215,123
2009-07-07,26.006,123
2009-07-08,25.99,123
2009-07-09,25.989,123
2009-07-10,25.983,123
2009-07-11,26.011,123
2009-07-12,26.048,123
2009-07-13,26.038,123
2009-07-14,26.079,123
2009-07-15,26.079,123
2009-07-16,26.104,123
2009-07-17,26.199,123
2009-07-18,26.185,123
2009-07-19,26.251,123
2009-07-20,26.25,123
2009-07-21,26.151,123
2009-07-22,26.138,123
2009-07-23,26.161,123
2009-07-24,26.151,123
2009-07-25,26.162,123
2009-07-26,26.337,123
2009-07-27,26.323,123
2009-07-28,26.349,123
2009-07-29,26.33,123
2009-07-30,26.32,123
2009-07-31,26.314,123
2009-08-01,26.307,123
2009-08-02,26.297,123
2009-08-03,26.366,123
2009-08-04,26.444,123
2009-08-05,26.254,123
2009-08-06,26.15,123
2009-08-07,26.144,123
2009-08-08,26.106,123
2009-08-09,26.13,123
2009-08-10,26.13,123
2009-08-11,26.243,123
2009-08-12,26.189,123
2009-08-13,26.29,123
2009-08-14,26.919,123
2009-08-15,26.974,123
2009-08-16,26.986,123
2009-08-17,27.018,123
2009-08-18,27.048,123
2009-08-19,27.046,123
2009-08-20,27.005,123
2009-08-21,26.883,123
2009-08-22,26.798,123
2009-08-23,26.804,123
2009-08-24,26.681,123
2009-08-25,26.666,123
2009-08-26,26.671,123
2009-08-27,26.582,123
2009-08-28,26.586,123
2009-08-29,26.631,123
2009-08-30,26.917,123
2009-08-31,26.898,123
2009-09-01,26.931,123
2009-09-02,26.893,123
2009-09-03,26.903,123
2009-09-04,26.923,123
2009-09-05,27,123
2009-09-06,26.974,123
2009-09-07,26.962,123
2009-09-08,26.971,123
2009-09-09,26.984,123
2009-09-10,26.987,123
2009-09-11,26.968,123
2009-09-12,26.994,123
2009-09-13,26.97,123
2009-09-14,26.986,123
2009-09-15,26.93,123
2009-09-16,26.949,123
2009-09-17,26.948,123
2009-09-18,26.915,123
2009-09-19,26.884,123
2009-09-20,26.884,123
2009-09-21,27.009,123
2009-09-22,27.118,123
2009-09-23,27.156,123
2009-09-24,27.13,123
2009-09-25,27.059,123
2009-09-26,27.123,123
2009-09-27,27.031,123
2009-09-28,26.9,123
2009-09-29,26.869,123
2009-09-30,26.867,123
2009-10-01,26.677,123
2009-10-02,26.675,123
2009-10-03,26.671,123
2009-10-04,26.936,123
2009-10-05,27.019,123
2009-10-06,27.114,123
2009-10-07,27.349,123
2009-10-08,27.357,123
2009-10-09,27.293,123
2009-10-10,27.208,123
2009-10-11,27.156,123
2009-10-12,27.057,123
2009-10-13,27.052,123
2009-10-14,27.123,123
2009-10-15,27.179,123
2009-10-16,27.034,123
2009-10-17,26.974,123
2009-10-18,26.963,123
2009-10-19,26.962,123
2009-10-20,27.258,123
2009-10-21,27.316,123
2009-10-22,27.304,123
2009-10-23,27.373,123
2009-10-24,27.426,123
2009-10-25,27.36,123
2009-10-26,27.267,123
2009-10-27,27.28,123
2009-10-28,27.246,123
2009-10-29,27.181,123
2009-10-30,27.119,123
2009-10-31,27.191,123
2009-11-01,27.146,123
2009-11-02,26.875,123
2009-11-03,26.844,123
2009-11-04,26.837,123
2009-11-05,26.78,123
2009-11-06,26.694,123
2009-11-07,26.663,123
2009-11-08,26.61,123
2009-11-09,26.582,123
2009-11-10,26.539,123
2009-11-11,26.455,123
2009-11-12,26.433,123
2009-11-13,26.364,123
2009-11-14,26.263,123
2009-11-15,26.238,123
2009-11-16,26.179,123
2009-11-17,26.176,123
2009-11-18,25.971,123
2009-11-19,25.893,123
2009-11-20,25.879,123
2009-11-21,25.858,123
2009-11-22,25.81,123
2009-11-23,25.849,123
2009-11-24,25.752,123
2009-11-25,25.704,123
2009-11-26,25.687,123
2009-11-27,25.545,123
2009-11-28,25.501,123
2009-11-29,25.491,123
2009-11-30,25.529,123
2009-12-01,25.549,123
2009-12-02,25.542,123
2009-12-03,25.53,123
2009-12-04,25.499,123
2009-12-05,25.519,123
2009-12-06,25.489,123
2009-12-07,25.294,123
2009-12-08,25.237,123
2009-12-09,25.252,123
2009-12-10,25.25,123
2009-12-11,25.239,123
2009-12-12,25.27,123
2009-12-13,25.456,123
2009-12-14,25.443,123
2009-12-15,25.405,123
2009-12-16,25.24,123
2009-12-17,25.274,123
2009-12-18,25.235,123
2009-12-19,25.124,123
2009-12-20,25.09,123
2009-12-21,25.137,123
2009-12-22,25.128,123
2009-12-23,25.129,123
2009-12-24,25.034,123
2009-12-25,25.031,123
2009-12-26,25.002,123
2009-12-27,24.98,123
2009-12-28,24.979,123
2009-12-29,25.094,123
2009-12-30,25.08,123
2009-12-31,25.074,123
2010-01-01,24.927,123
2010-01-02,24.89,123
2010-01-03,24.882,123
2010-01-04,24.82,123
2010-01-05,24.862,123
2010-01-06,24.832,123
2010-01-07,24.82,123
2010-01-08,24.84,123
2010-01-09,24.814,123
2010-01-10,24.849,123
2010-01-11,24.782,123
2010-01-12,24.812,123
2010-01-13,24.844,123
2010-01-14,24.654,123
2010-01-15,24.639,123
2010-01-16,24.619,123
2010-01-17,24.622,123
2010-01-18,24.633,123
2010-01-19,24.701,123
2010-01-20,24.708,123
2010-01-21,24.722,123
2010-01-22,24.697,123
2010-01-23,24.73,123
2010-01-24,24.848,123
2010-01-25,24.885,123
2010-01-26,24.833,123
2010-01-27,24.875,123
2010-01-28,24.873,123
2010-01-29,24.846,123
2010-01-30,24.972,123
2010-01-31,24.973,123
2010-02-01,24.983,123
2010-02-02,24.77,123
2010-02-03,24.734,123
2010-02-04,24.699,123
2010-02-05,24.758,123
2010-02-06,24.763,123
2010-02-07,24.776,123
2010-02-08,24.791,123
2010-02-09,24.794,123
2010-02-10,24.765,123
2010-02-11,24.666,123
2010-02-12,24.619,123
2010-02-13,24.536,123
2010-02-14,24.538,123
2010-02-15,24.65,123
2010-02-16,24.62,123
2010-02-17,24.62,123
2010-02-18,24.291,123
2010-02-19,24.309,123
2010-02-20,24.318,123
2010-02-21,24.524,123
2010-02-22,24.465,123
2010-02-23,24.468,123
2010-02-24,24.49,123
2010-02-25,24.516,123
2010-02-26,24.529,123
2010-02-27,24.551,123
2010-02-28,24.547,123
2010-03-01,24.359,123
2010-03-02,24.192,123
2010-03-03,24.128,123
2010-03-04,24.11,123
2010-03-05,24.108,123
2010-03-06,24.186,123
2010-03-07,24.204,123
2010-03-08,24.197,123
2010-03-09,23.971,123
2010-03-10,23.977,123
2010-03-11,23.981,123
2010-03-12,24.255,123
2010-03-13,24.257,123
2010-03-14,24.259,123
2010-03-15,24.232,123
2010-03-16,24.263,123
2010-03-17,24.315,123
2010-03-18,24.33,123
2010-03-19,24.127,123
2010-03-20,24.018,123
2010-03-21,24.055,123
2010-03-22,24.142,123
2010-03-23,24.272,123
2010-03-24,24.211,123
2010-03-25,24.163,123
2010-03-26,24.154,123
2010-03-27,24.127,123
2010-03-28,23.963,123
2010-03-29,23.97,123
2010-03-30,23.965,123
2010-03-31,24.009,123
2010-04-01,24.005,123
2010-04-02,24.012,123
2010-04-03,24.127,123
2010-04-04,24.104,123
2010-04-05,24.135,123
2010-04-06,24.187,123
2010-04-07,24.238,123
2010-04-08,24.249,123
2010-04-09,24.275,123
2010-04-10,24.306,123
2010-04-11,24.296,123
2010-04-12,24.276,123
2010-04-13,24.258,123
2010-04-14,24.275,123
2010-04-15,24.26,123
2010-04-16,23.846,123
2010-04-17,23.822,123
2010-04-18,23.82,123
2010-04-19,23.861,123
2010-04-20,23.859,123
2010-04-21,23.856,123
2010-04-22,23.918,123
2010-04-23,24.152,123
2010-04-24,24.214,123
2010-04-25,24.295,123
2010-04-26,24.433,123
2010-04-27,24.43,123
2010-04-28,24.428,123
2010-04-29,24.648,123
2010-04-30,24.664,123
2010-05-01,24.669,123
2010-05-02,24.765,123
2010-05-03,24.784,123
2010-05-04,24.762,123
2010-05-05,24.678,123
2010-05-06,24.654,123
2010-05-07,24.678,123
2010-05-08,24.742,123
2010-05-09,24.744,123
2010-05-10,24.738,123
2010-05-11,24.844,123
2010-05-12,25.077,123
2010-05-13,25.029,123
2010-05-14,25.045,123
2010-05-15,24.954,123
2010-05-16,24.927,123
2010-05-17,24.921,123
2010-05-18,24.962,123
2010-05-19,24.946,123
2010-05-20,24.945,123
2010-05-21,24.911,123
2010-05-22,24.917,123
2010-05-23,24.907,123
2010-05-24,24.899,123
2010-05-25,24.895,123
2010-05-26,24.952,123
2010-05-27,25.096,123
2010-05-28,25.311,123
2010-05-29,25.282,123
2010-05-30,25.237,123
2010-05-31,25.245,123
2010-06-01,25.245,123
2010-06-02,25.238,123
2010-06-03,25.035,123
2010-06-04,24.938,123
2010-06-05,24.957,123
2010-06-06,25.396,123
2010-06-07,25.379,123
2010-06-08,25.389,123
2010-06-09,25.448,123
2010-06-10,25.428,123
2010-06-11,25.41,123
2010-06-12,25.322,123
2010-06-13,25.379,123
2010-06-14,25.422,123
2010-06-15,25.475,123
2010-06-16,25.468,123
2010-06-17,25.431,123
2010-06-18,25.433,123
2010-06-19,25.47,123
2010-06-20,25.484,123
2010-06-21,25.488,123
2010-06-22,25.611,123
2010-06-23,25.625,123
2010-06-24,25.624,123
2010-06-25,25.755,123
2010-06-26,25.807,123
2010-06-27,25.83,123
2010-06-28,25.786,123
2010-06-29,25.705,123
2010-06-30,25.691,123
2010-07-01,25.703,123
2010-07-02,25.695,123
2010-07-03,25.743,123
2010-07-04,25.764,123
2010-07-05,25.63,123
2010-07-06,25.602,123
2010-07-07,25.609,123
2010-07-08,25.701,123
2010-07-09,25.66,123
2010-07-10,25.647,123
2010-07-11,25.836,123
2010-07-12,25.861,123
2010-07-13,25.883,123
2010-07-14,25.999,123
2010-07-15,26.006,123
2010-07-16,26.001,123
2010-07-17,25.906,123
2010-07-18,25.907,123
2010-07-19,25.908,123
2010-07-20,25.955,123
2010-07-21,25.851,123
2010-07-22,25.826,123
2010-07-23,25.86,123
2010-07-24,26.008,123
2010-07-25,26.001,123
2010-07-26,25.995,123
2010-07-27,26.042,123
2010-07-28,26.078,123
2010-07-29,26.048,123
2010-07-30,25.925,123
2010-07-31,25.926,123
2010-08-01,25.93,123
2010-08-02,25.98,123
2010-08-03,25.992,123
2010-08-04,26.052,123
2010-08-05,26.127,123
2010-08-06,26.079,123
2010-08-07,26.096,123
2010-08-08,26.07,123
2010-08-09,26.124,123
2010-08-10,26.118,123
2010-08-11,26.114,123
2010-08-12,26.043,123
2010-08-13,26.054,123
2010-08-14,26.055,123
2010-08-15,25.996,123
2010-08-16,25.975,123
2010-08-17,25.987,123
2010-08-18,26.144,123
2010-08-19,26.201,123
2010-08-20,26.166,123
2010-08-21,26.035,123
2010-08-22,26.06,123
2010-08-23,26.114,123
2010-08-24,26.133,123
2010-08-25,26.048,123
2010-08-26,25.983,123
2010-08-27,25.956,123
2010-08-28,25.989,123
2010-08-29,26.05,123
2010-08-30,26.061,123
2010-08-31,26.041,123
2010-09-01,26.045,123
2010-09-02,26.052,123
2010-09-03,26.068,123
2010-09-04,26.06,123
2010-09-05,26.012,123
2010-09-06,25.988,123
2010-09-07,25.99,123
2010-09-08,26.02,123
2010-09-09,26.028,123
2010-09-10,25.998,123
2010-09-11,26.058,123
2010-09-12,26.191,123
2010-09-13,26.092,123
2010-09-14,26.069,123
2010-09-15,26.048,123
2010-09-16,26.055,123
2010-09-17,26.037,123
2010-09-18,26.046,123
2010-09-19,26.18,123
2010-09-20,26.192,123
2010-09-21,26.204,123
2010-09-22,26.318,123
2010-09-23,26.318,123
2010-09-24,26.302,123
2010-09-25,26.252,123
2010-09-26,26.322,123
2010-09-27,26.224,123
2010-09-28,26.318,123
2010-09-29,26.442,123
2010-09-30,26.509,123
2010-10-01,26.516,123
2010-10-02,26.297,123
2010-10-03,26.297,123
2010-10-04,26.298,123
2010-10-05,26.34,123
2010-10-06,26.342,123
2010-10-07,26.352,123
2010-10-08,26.304,123
2010-10-09,26.296,123
2010-10-10,26.277,123
2010-10-11,26.199,123
2010-10-12,26.231,123
2010-10-13,26.237,123
2010-10-14,26.234,123
2010-10-15,26.222,123
2010-10-16,26.187,123
2010-10-17,26.192,123
2010-10-18,26.272,123
2010-10-19,26.271,123
2010-10-20,26.274,123
2010-10-21,26.549,123
2010-10-22,26.655,123
2010-10-23,26.429,123
2010-10-24,26.304,123
2010-10-25,26.228,123
2010-10-26,26.217,123
2010-10-27,26.195,123
2010-10-28,26.164,123
2010-10-29,26.16,123
2010-10-30,26.149,123
2010-10-31,26.196,123
2010-11-01,25.869,123
2010-11-02,25.808,123
2010-11-03,25.773,123
2010-11-04,25.88,123
2010-11-05,25.838,123
2010-11-06,25.922,123
2010-11-07,25.952,123
2010-11-08,25.887,123
2010-11-09,25.92,123
2010-11-10,25.947,123
2010-11-11,25.949,123
2010-11-12,25.999,123
2010-11-13,26.011,123
2010-11-14,26.013,123
2010-11-15,25.858,123
2010-11-16,25.844,123
2010-11-17,25.84,123
2010-11-18,25.869,123
2010-11-19,25.902,123
2010-11-20,25.9,123
2010-11-21,25.884,123
2010-11-22,25.85,123
2010-11-23,25.82,123
2010-11-24,25.819,123
2010-11-25,25.824,123
2010-11-26,25.806,123
2010-11-27,25.734,123
2010-11-28,25.682,123
2010-11-29,25.697,123
2010-11-30,25.725,123
2010-12-01,25.691,123
2010-12-02,25.575,123
2010-12-03,25.53,123
2010-12-04,25.362,123
2010-12-05,25.357,123
2010-12-06,25.343,123
2010-12-07,25.329,123
2010-12-08,25.329,123
2010-12-09,25.378,123
2010-12-10,25.34,123
2010-12-11,25.315,123
2010-12-12,25.611,123
2010-12-13,25.649,123
2010-12-14,25.611,123
2010-12-15,25.509,123
2010-12-16,25.456,123
2010-12-17,25.431,123
2010-12-18,25.425,123
2010-12-19,25.361,123
2010-12-20,25.273,123
2010-12-21,25.259,123
2010-12-22,25.275,123
2010-12-23,25.552,123
2010-12-24,25.558,123
2010-12-25,25.552,123
2010-12-26,25.484,123
2010-12-27,25.414,123
2010-12-28,25.348,123
2010-12-29,25.393,123
2010-12-30,25.42,123
2010-12-31,25.35,123
2011-01-01,25.261,123
2011-01-02,25.28,123
2011-01-03,25.274,123
2011-01-04,25.268,123
2011-01-05,25.264,123
2011-01-06,25.262,123
2011-01-07,25.183,123
2011-01-08,24.902,123
2011-01-09,24.893,123
2011-01-10,24.885,123
2011-01-11,24.765,123
2011-01-12,24.776,123
2011-01-13,24.792,123
2011-01-14,24.873,123
2011-01-15,24.925,123
2011-01-16,24.903,123
2011-01-17,24.853,123
2011-01-18,24.808,123
2011-01-19,24.904,123
2011-01-20,24.927,123
2011-01-21,24.884,123
2011-01-22,24.764,123
2011-01-23,24.777,123
2011-01-24,24.769,123
2011-01-25,24.755,123
2011-01-26,24.75,123
2011-01-27,24.696,123
2011-01-28,24.751,123
2011-01-29,24.694,123
2011-01-30,24.577,123
2011-01-31,24.575,123
2011-02-01,24.587,123
2011-02-02,24.641,123
2011-02-03,24.656,123
2011-02-04,24.689,123
2011-02-05,24.7,123
2011-02-06,24.732,123
2011-02-07,24.827,123
2011-02-08,24.861,123
2011-02-09,24.827,123
2011-02-10,24.84,123
2011-02-11,24.9,123
2011-02-12,24.896,123
2011-02-13,24.848,123
2011-02-14,24.779,123
2011-02-15,24.751,123
2011-02-16,24.738,123
2011-02-17,24.847,123
2011-02-18,25.002,123
2011-02-19,25.105,123
2011-02-20,25.103,123
2011-02-21,25.061,123
2011-02-22,25.017,123
2011-02-23,24.978,123
2011-02-24,25.033,123
2011-02-25,25.021,123
2011-02-26,25.061,123
2011-02-27,25.192,123
2011-02-28,25.162,123
2011-03-01,24.983,123
2011-03-02,24.94,123
2011-03-03,24.874,123
2011-03-04,24.82,123
2011-03-05,24.816,123
2011-03-06,24.83,123
2011-03-07,24.855,123
2011-03-08,24.855,123
2011-03-09,24.921,123
2011-03-10,24.959,123
2011-03-11,24.974,123
2011-03-12,25,123
2011-03-13,25.019,123
2011-03-14,25.024,123
2011-03-15,24.894,123
2011-03-16,24.891,123
2011-03-17,24.889,123
2011-03-18,24.798,123
2011-03-19,24.829,123
2011-03-20,24.686,123
2011-03-21,24.656,123
2011-03-22,24.642,123
2011-03-23,24.648,123
2011-03-24,24.634,123
2011-03-25,24.662,123
2011-03-26,24.711,123
2011-03-27,24.688,123
2011-03-28,24.635,123
2011-03-29,24.631,123
2011-03-30,24.692,123
2011-03-31,24.66,123
2011-04-01,24.638,123
2011-04-02,24.633,123
2011-04-03,24.74,123
2011-04-04,24.761,123
2011-04-05,24.826,123
2011-04-06,24.85,123
2011-04-07,24.834,123
2011-04-08,24.751,123
2011-04-09,24.696,123
2011-04-10,24.761,123
2011-04-11,25.001,123
2011-04-12,25.015,123
2011-04-13,25.04,123
2011-04-14,25.213,123
2011-04-15,25.326,123
2011-04-16,25.364,123
2011-04-17,25.431,123
2011-04-18,25.427,123
2011-04-19,25.735,123
2011-04-20,25.728,123
2011-04-21,25.734,123
2011-04-22,25.626,123
2011-04-23,25.608,123
2011-04-24,25.615,123
2011-04-25,25.538,123
2011-04-26,25.516,123
2011-04-27,25.644,123
2011-04-28,25.578,123
2011-04-29,25.63,123
2011-04-30,25.76,123
2011-05-01,25.789,123
2011-05-02,25.778,123
2011-05-03,25.774,123
2011-05-04,25.747,123
2011-05-05,25.716,123
2011-05-06,25.684,123
2011-05-07,25.618,123
2011-05-08,25.616,123
2011-05-09,25.586,123
2011-05-10,25.588,123
2011-05-11,25.658,123
2011-05-12,25.676,123
2011-05-13,25.718,123
2011-05-14,25.711,123
2011-05-15,25.698,123
2011-05-16,25.662,123
2011-05-17,25.639,123
2011-05-18,25.581,123
2011-05-19,25.907,123
2011-05-20,25.959,123
2011-05-21,25.964,123
2011-05-22,25.742,123
2011-05-23,25.737,123
2011-05-24,25.731,123
2011-05-25,25.786,123
2011-05-26,25.697,123
2011-05-27,25.61,123
2011-05-28,25.612,123
2011-05-29,25.652,123
2011-05-30,25.577,123
2011-05-31,25.565,123
2011-06-01,25.557,123
2011-06-02,25.546,123
2011-06-03,25.547,123
2011-06-04,25.566,123
2011-06-05,25.616,123
2011-06-06,25.645,123
2011-06-07,25.625,123
2011-06-08,25.595,123
2011-06-09,25.62,123
2011-06-10,25.526,123
2011-06-11,25.522,123
2011-06-12,25.528,123
2011-06-13,25.547,123
2011-06-14,25.553,123
2011-06-15,25.546,123
2011-06-16,25.547,123
2011-06-17,25.545,123
2011-06-18,25.507,123
2011-06-19,25.491,123
2011-06-20,25.471,123
2011-06-21,25.561,123
2011-06-22,25.622,123
2011-06-23,25.591,123
2011-06-24,25.605,123
2011-06-25,25.566,123
2011-06-26,25.573,123
2011-06-27,25.583,123
2011-06-28,25.603,123
2011-06-29,25.396,123
2011-06-30,25.411,123
2011-07-01,25.419,123
2011-07-02,25.443,123
2011-07-03,25.428,123
2011-07-04,25.432,123
2011-07-05,25.514,123
2011-07-06,25.517,123
2011-07-07,25.455,123
2011-07-08,25.47,123
2011-07-09,25.472,123
2011-07-10,25.435,123
2011-07-11,25.445,123
2011-07-12,25.457,123
2011-07-13,25.707,123
2011-07-14,25.681,123
2011-07-15,25.688,123
2011-07-16,25.81,123
2011-07-17,25.825,123
2011-07-18,25.762,123
2011-07-19,25.725,123
2011-07-20,25.72,123
2011-07-21,25.656,123
2011-07-22,25.642,123
2011-07-23,25.657,123
2011-07-24,25.74,123
2011-07-25,25.775,123
2011-07-26,25.898,123
2011-07-27,25.962,123
2011-07-28,25.937,123
2011-07-29,25.872,123
2011-07-30,25.87,123
2011-07-31,25.842,123
2011-08-01,25.841,123
2011-08-02,25.85,123
2011-08-03,25.851,123
2011-08-04,25.878,123
2011-08-05,25.887,123
2011-08-06,25.894,123
2011-08-07,25.914,123
2011-08-08,25.899,123
2011-08-09,25.948,123
2011-08-10,25.991,123
2011-08-11,26.007,123
2011-08-12,26.044,123
2011-08-13,26.045,123
2011-08-14,26.048,123
2011-08-15,26.099,123
2011-08-16,26.096,123
2011-08-17,25.991,123
2011-08-18,25.962,123
2011-08-19,25.941,123
2011-08-20,25.94,123
2011-08-21,25.962,123
2011-08-22,25.987,123
2011-08-23,26.14,123
2011-08-24,26.201,123
2011-08-25,26.253,123
2011-08-26,26.286,123
2011-08-27,26.28,123
2011-08-28,26.097,123
2011-08-29,26.114,123
2011-08-30,26.106,123
2011-08-31,26.099,123
2011-09-01,26.096,123
2011-09-02,26.142,123
2011-09-03,26.267,123
2011-09-04,26.278,123
2011-09-05,26.323,123
2011-09-06,26.396,123
2011-09-07,26.48,123
2011-09-08,26.53,123
2011-09-09,26.536,123
2011-09-10,26.527,123
2011-09-11,26.446,123
2011-09-12,26.467,123
2011-09-13,26.469,123
2011-09-14,26.645,123
2011-09-15,26.731,123
2011-09-16,26.77,123
2011-09-17,26.798,123
2011-09-18,26.771,123
2011-09-19,26.7,123
2011-09-20,26.683,123
2011-09-21,26.646,123
2011-09-22,26.579,123
2011-09-23,26.5,123
2011-09-24,26.486,123
2011-09-25,26.537,123
2011-09-26,26.542,123
2011-09-27,26.573,123
2011-09-28,26.622,123
2011-09-29,26.667,123
2011-09-30,26.775,123
2011-10-01,26.846,123
2011-10-02,26.904,123
2011-10-03,26.944,123
2011-10-04,26.917,123
2011-10-05,26.917,123
2011-10-06,26.882,123
2011-10-07,26.82,123
2011-10-08,26.809,123
2011-10-09,26.77,123
2011-10-10,26.632,123
2011-10-11,26.594,123
2011-10-12,26.589,123
2011-10-13,26.611,123
2011-10-14,26.571,123
2011-10-15,26.449,123
2011-10-16,26.395,123
2011-10-17,26.368,123
2011-10-18,26.383,123
2011-10-19,26.453,123
2011-10-20,26.457,123
2011-10-21,26.452,123
2011-10-22,26.391,123
2011-10-23,26.434,123
2011-10-24,26.439,123
2011-10-25,26.443,123
2011-10-26,26.447,123
2011-10-27,26.434,123
2011-10-28,26.343,123
2011-10-29,26.326,123
2011-10-30,26.249,123
2011-10-31,26.269,123
2011-11-01,26.289,123
2011-11-02,26.321,123
2011-11-03,26.303,123
2011-11-04,26.283,123
2011-11-05,26.244,123
2011-11-06,26.187,123
2011-11-07,26.073,123
2011-11-08,26.065,123
2011-11-09,26.061,123
2011-11-10,25.873,123
2011-11-11,25.829,123
2011-11-12,25.821,123
2011-11-13,25.833,123
2011-11-14,25.904,123
2011-11-15,25.94,123
2011-11-16,25.955,123
2011-11-17,25.931,123
2011-11-18,25.941,123
2011-11-19,25.927,123
2011-11-20,25.894,123
2011-11-21,25.583,123
2011-11-22,25.504,123
2011-11-23,25.456,123
2011-11-24,25.397,123
2011-11-25,25.327,123
2011-11-26,25.098,123
2011-11-27,25.082,123
2011-11-28,25.076,123
2011-11-29,25.037,123
2011-11-30,25.02,123
2011-12-01,25.013,123
2011-12-02,24.974,123
2011-12-03,24.98,123
2011-12-04,25.032,123
2011-12-05,25.071,123
2011-12-06,25.033,123
2011-12-07,24.959,123
2011-12-08,24.952,123
2011-12-09,24.953,123
2011-12-10,24.923,123
2011-12-11,24.876,123
2011-12-12,24.855,123
2011-12-13,24.829,123
2011-12-14,24.815,123
2011-12-15,24.904,123
2011-12-16,24.937,123
2011-12-17,24.928,123
2011-12-18,24.751,123
2011-12-19,24.722,123
2011-12-20,24.714,123
2011-12-21,24.606,123
2011-12-22,24.614,123
2011-12-23,24.557,123
2011-12-24,24.496,123
2011-12-25,24.509,123
2011-12-26,24.358,123
2011-12-27,24.348,123
2011-12-28,24.348,123
2011-12-29,24.271,123
2011-12-30,24.254,123
2011-12-31,24.243,123
2012-01-01,24.356,123
2012-01-02,24.39,123
2012-01-03,24.375,123
2012-01-04,24.354,123
2012-01-05,24.375,123
2012-01-06,24.376,123
2012-01-07,24.359,123
2012-01-08,24.367,123
2012-01-09,24.342,123
2012-01-10,24.323,123
2012-01-11,24.311,123
2012-01-12,24.301,123
2012-01-13,24.272,123
2012-01-14,24.266,123
2012-01-15,24.274,123
2012-01-16,24.272,123
2012-01-17,24.303,123
2012-01-18,24.396,123
2012-01-19,24.442,123
2012-01-20,24.505,123
2012-01-21,24.396,123
2012-01-22,24.374,123
2012-01-23,24.331,123
2012-01-24,24.319,123
2012-01-25,24.444,123
2012-01-26,24.468,123
2012-01-27,24.484,123
2012-01-28,24.275,123
2012-01-29,24.276,123
2012-01-30,24.248,123
2012-01-31,24.28,123
2012-02-01,24.243,123
2012-02-02,24.352,123
2012-02-03,24.327,123
2012-02-04,24.332,123
2012-02-05,24.328,123
2012-02-06,24.346,123
2012-02-07,24.292,123
2012-02-08,24.151,123
2012-02-09,24.096,123
2012-02-10,24.072,123
2012-02-11,24.065,123
2012-02-12,24.078,123
2012-02-13,24.159,123
2012-02-14,24.158,123
2012-02-15,24.165,123
2012-02-16,24.125,123
2012-02-17,24.13,123
2012-02-18,24.117,123
2012-02-19,24.171,123
2012-02-20,24.175,123
2012-02-21,24.188,123
2012-02-22,24.185,123
2012-02-23,24.185,123
2012-02-24,24.25,123
2012-02-25,24.277,123
2012-02-26,24.264,123
2012-02-27,24.087,123
2012-02-28,24.052,123
2012-02-29,24.006,123
2012-03-01,23.998,123
2012-03-02,23.992,123
2012-03-03,23.982,123
2012-03-04,24.011,123
2012-03-05,24.043,123
2012-03-06,24.02,123
2012-03-07,24.027,123
2012-03-08,24.023,123
2012-03-09,23.987,123
2012-03-10,23.992,123
2012-03-11,24.007,123
2012-03-12,23.994,123
2012-03-13,23.913,123
2012-03-14,23.751,123
2012-03-15,23.743,123
2012-03-16,23.76,123
2012-03-17,23.922,123
2012-03-18,23.942,123
2012-03-19,23.944,123
2012-03-20,24.068,123
2012-03-21,24.102,123
2012-03-22,24.126,123
2012-03-23,24.156,123
2012-03-24,24.17,123
2012-03-25,24.025,123
2012-03-26,23.997,123
2012-03-27,23.974,123
2012-03-28,23.902,123
2012-03-29,23.913,123
2012-03-30,23.908,123
2012-03-31,23.95,123
2012-04-01,24.002,123
2012-04-02,24.241,123
2012-04-03,24.355,123
2012-04-04,24.389,123
2012-04-05,24.388,123
2012-04-06,24.351,123
2012-04-07,24.348,123
2012-04-08,24.27,123
2012-04-09,24.129,123
2012-04-10,24.086,123
2012-04-11,24.342,123
2012-04-12,24.544,123
2012-04-13,24.666,123
2012-04-14,24.43,123
2012-04-15,24.451,123
2012-04-16,24.445,123
2012-04-17,24.449,123
2012-04-18,24.419,123
2012-04-19,24.451,123
2012-04-20,24.431,123
2012-04-21,24.407,123
2012-04-22,24.383,123
2012-04-23,24.319,123
2012-04-24,24.353,123
2012-04-25,24.39,123
2012-04-26,24.427,123
2012-04-27,24.512,123
2012-04-28,24.513,123
2012-04-29,24.488,123
2012-04-30,24.481,123
2012-05-01,24.471,123
2012-05-02,24.399,123
2012-05-03,24.342,123
2012-05-04,24.314,123
2012-05-05,24.356,123
2012-05-06,24.416,123
2012-05-07,24.467,123
2012-05-08,24.554,123
2012-05-09,24.471,123
2012-05-10,24.454,123
2012-05-11,24.436,123
2012-05-12,24.467,123
2012-05-13,24.5,123
2012-05-14,24.745,123
2012-05-15,24.83,123
2012-05-16,24.867,123
2012-05-17,24.801,123
2012-05-18,24.794,123
2012-05-19,24.833,123
2012-05-20,24.866,123
2012-05-21,24.881,123
2012-05-22,24.884,123
2012-05-23,24.887,123
2012-05-24,24.949,123
2012-05-25,24.946,123
2012-05-26,25,123
2012-05-27,24.941,123
2012-05-28,24.847,123
2012-05-29,24.84,123
2012-05-30,24.796,123
2012-05-31,24.807,123
2012-06-01,24.817,123
2012-06-02,24.78,123
2012-06-03,24.745,123
2012-06-04,24.742,123
2012-06-05,24.746,123
2012-06-06,24.818,123
2012-06-07,24.999,123
2012-06-08,25.048,123
2012-06-09,25.124,123
2012-06-10,25.143,123
2012-06-11,25.104,123
2012-06-12,25.202,123
2012-06-13,25.365,123
2012-06-14,25.447,123
2012-06-15,25.402,123
2012-06-16,25.369,123
2012-06-17,25.351,123
2012-06-18,25.196,123
2012-06-19,25.095,123
2012-06-20,25.068,123
2012-06-21,25.149,123
2012-06-22,25.235,123
2012-06-23,25.231,123
2012-06-24,25.234,123
2012-06-25,25.23,123
2012-06-26,25.259,123
2012-06-27,25.212,123
2012-06-28,25.157,123
2012-06-29,25.144,123
2012-06-30,25.169,123
2012-07-01,25.342,123
2012-07-02,25.378,123
2012-07-03,25.365,123
2012-07-04,25.351,123
2012-07-05,25.345,123
2012-07-06,25.405,123
2012-07-07,25.443,123
2012-07-08,25.425,123
2012-07-09,25.366,123
2012-07-10,25.319,123
2012-07-11,25.314,123
2012-07-12,25.372,123
2012-07-13,25.387,123
2012-07-14,25.421,123
2012-07-15,25.488,123
2012-07-16,25.55,123
2012-07-17,25.533,123
2012-07-18,25.487,123
2012-07-19,25.486,123
2012-07-20,25.532,123
2012-07-21,25.684,123
2012-07-22,25.867,123
2012-07-23,25.913,123
2012-07-24,25.746,123
2012-07-25,25.782,123
2012-07-26,25.711,123
2012-07-27,25.709,123
2012-07-28,25.682,123
2012-07-29,25.747,123
2012-07-30,25.762,123
2012-07-31,25.81,123
2012-08-01,25.842,123
2012-08-02,25.873,123
2012-08-03,25.913,123
2012-08-04,25.941,123
2012-08-05,25.912,123
2012-08-06,25.882,123
2012-08-07,25.883,123
2012-08-08,25.823,123
2012-08-09,25.866,123
2012-08-10,25.894,123
2012-08-11,25.895,123
2012-08-12,25.901,123
2012-08-13,25.863,123
2012-08-14,25.832,123
2012-08-15,25.776,123
2012-08-16,25.727,123
2012-08-17,25.741,123
2012-08-18,25.791,123
2012-08-19,25.767,123
2012-08-20,25.789,123
2012-08-21,25.845,123
2012-08-22,25.87,123
2012-08-23,25.891,123
2012-08-24,25.986,123
2012-08-25,26.017,123
2012-08-26,26.012,123
2012-08-27,25.976,123
2012-08-28,25.969,123
2012-08-29,25.956,123
2012-08-30,25.95,123
2012-08-31,25.932,123
2012-09-01,25.898,123
2012-09-02,25.898,123
2012-09-03,25.896,123
2012-09-04,25.881,123
2012-09-05,25.846,123
2012-09-06,25.832,123
2012-09-07,25.862,123
2012-09-08,25.954,123
2012-09-09,25.937,123
2012-09-10,25.85,123
2012-09-11,25.75,123
2012-09-12,25.72,123
2012-09-13,25.738,123
2012-09-14,25.757,123
2012-09-15,25.792,123
2012-09-16,25.852,123
2012-09-17,25.766,123
2012-09-18,25.733,123
2012-09-19,25.748,123
2012-09-20,25.946,123
2012-09-21,25.955,123
2012-09-22,25.902,123
2012-09-23,25.895,123
2012-09-24,25.945,123
2012-09-25,25.964,123
2012-09-26,25.941,123
2012-09-27,25.941,123
2012-09-28,25.939,123
2012-09-29,26.024,123
2012-09-30,26.171,123
2012-10-01,26.283,123
2012-10-02,26.353,123
2012-10-03,26.333,123
2012-10-04,26.339,123
2012-10-05,26.423,123
2012-10-06,26.435,123
2012-10-07,26.341,123
2012-10-08,26.441,123
2012-10-09,26.568,123
2012-10-10,26.573,123
2012-10-11,26.455,123
2012-10-12,26.47,123
2012-10-13,26.49,123
2012-10-14,26.516,123
2012-10-15,26.478,123
2012-10-16,26.477,123
2012-10-17,26.459,123
2012-10-18,26.474,123
2012-10-19,26.335,123
2012-10-20,26.167,123
2012-10-21,26.088,123
2012-10-22,26.15,123
2012-10-23,26.176,123
2012-10-24,26.201,123
2012-10-25,26.246,123
2012-10-26,26.298,123
2012-10-27,26.275,123
2012-10-28,26.217,123
2012-10-29,26.092,123
2012-10-30,26.107,123
2012-10-31,26.214,123
2012-11-01,26.203,123
2012-11-02,26.2,123
2012-11-03,26.172,123
2012-11-04,26.223,123
2012-11-05,26.209,123
2012-11-06,26.14,123
2012-11-07,26.021,123
2012-11-08,25.917,123
2012-11-09,25.969,123
2012-11-10,25.906,123
2012-11-11,25.869,123
2012-11-12,25.846,123
2012-11-13,25.807,123
2012-11-14,25.775,123
2012-11-15,25.767,123
2012-11-16,25.769,123
2012-11-17,25.727,123
2012-11-18,25.724,123
2012-11-19,25.68,123
2012-11-20,25.65,123
2012-11-21,25.627,123
2012-11-22,25.564,123
2012-11-23,25.553,123
2012-11-24,25.531,123
2012-11-25,25.53,123
2012-11-26,25.194,123
2012-11-27,25.015,123
2012-11-28,24.941,123
2012-11-29,24.942,123
2012-11-30,24.99,123
2012-12-01,25.006,123
2012-12-02,24.938,123
2012-12-03,24.987,123
2012-12-04,25.104,123
2012-12-05,25.143,123
2012-12-06,25.1,123
2012-12-07,25.117,123
2012-12-08,25.034,123
2012-12-09,25.06,123
2012-12-10,25.049,123
2012-12-11,25.017,123
2012-12-12,24.981,123
2012-12-13,24.854,123
2012-12-14,24.739,123
2012-12-15,24.727,123
2012-12-16,24.773,123
2012-12-17,24.78,123
2012-12-18,24.746,123
2012-12-19,24.714,123
2012-12-20,24.641,123
2012-12-21,24.601,123
2012-12-22,24.622,123
2012-12-23,24.628,123
2012-12-24,24.605,123
2012-12-25,24.654,123
2012-12-26,24.643,123
2012-12-27,24.641,123
2012-12-28,24.594,123
2012-12-29,24.595,123
2012-12-30,24.622,123
2012-12-31,24.655,123
2013-01-01,24.584,123
2013-01-02,24.585,123
2013-01-03,24.528,123
2013-01-04,24.453,123
2013-01-05,24.446,123
2013-01-06,24.4,123
2013-01-07,24.373,123
2013-01-08,24.393,123
2013-01-09,24.369,123
2013-01-10,24.425,123
2013-01-11,24.413,123
2013-01-12,24.442,123
2013-01-13,24.529,123
2013-01-14,24.585,123
2013-01-15,24.578,123
2013-01-16,24.445,123
2013-01-17,24.38,123
2013-01-18,24.307,123
2013-01-19,24.275,123
2013-01-20,24.202,123
2013-01-21,24.144,123
2013-01-22,24.137,123
2013-01-23,24.116,123
2013-01-24,24.102,123
2013-01-25,24.061,123
2013-01-26,24.142,123
2013-01-27,24.199,123
2013-01-28,24.271,123
2013-01-29,24.292,123
2013-01-30,24.305,123
2013-01-31,24.329,123
2013-02-01,24.31,123
2013-02-02,24.304,123
2013-02-03,24.179,123
2013-02-04,24.217,123
2013-02-05,24.256,123
2013-02-06,24.277,123
2013-02-07,24.317,123
2013-02-08,24.324,123
2013-02-09,24.298,123
2013-02-10,24.279,123
2013-02-11,24.262,123
2013-02-12,24.176,123
2013-02-13,24.154,123
2013-02-14,24.152,123
2013-02-15,24.172,123
2013-02-16,24.143,123
2013-02-17,24.144,123
2013-02-18,24.076,123
2013-02-19,24.069,123
2013-02-20,24.017,123
2013-02-21,24.042,123
2013-02-22,24.068,123
2013-02-23,24.065,123
2013-02-24,24.049,123
2013-02-25,24.015,123
2013-02-26,23.984,123
2013-02-27,23.797,123
2013-02-28,23.786,123
2013-03-01,23.845,123
2013-03-02,23.823,123
2013-03-03,23.786,123
2013-03-04,23.804,123
2013-03-05,23.795,123
2013-03-06,23.778,123
2013-03-07,23.834,123
2013-03-08,23.906,123
2013-03-09,23.96,123
2013-03-10,23.896,123
2013-03-11,23.958,123
2013-03-12,24.033,123
2013-03-13,24.035,123
2013-03-14,24.014,123
2013-03-15,24.005,123
2013-03-16,23.952,123
2013-03-17,23.959,123
2013-03-18,23.898,123
2013-03-19,23.851,123
2013-03-20,23.854,123
2013-03-21,23.946,123
2013-03-22,24.019,123
2013-03-23,24.004,123
2013-03-24,23.993,123
2013-03-25,23.989,123
2013-03-26,23.976,123
2013-03-27,23.979,123
2013-03-28,24.056,123
2013-03-29,24.065,123
2013-03-30,24.038,123
2013-03-31,23.848,123
2013-04-01,23.789,123
2013-04-02,23.81,123
2013-04-03,23.92,123
2013-04-04,23.928,123
2013-04-05,24.062,123
2013-04-06,24.082,123
2013-04-07,23.966,123
2013-04-08,23.984,123
2013-04-09,24.039,123
2013-04-10,24.137,123
2013-04-11,24.192,123
2013-04-12,24.182,123
2013-04-13,24.199,123
2013-04-14,24.269,123
2013-04-15,24.325,123
2013-04-16,24.546,123
2013-04-17,24.66,123
2013-04-18,24.695,123
2013-04-19,24.708,123
2013-04-20,24.705,123
2013-04-21,24.793,123
2013-04-22,24.639,123
2013-04-23,24.806,123
2013-04-24,24.816,123
2013-04-25,24.923,123
2013-04-26,24.956,123
2013-04-27,25.043,123
2013-04-28,25.065,123
2013-04-29,25.1,123
2013-04-30,25.13,123
2013-05-01,25.27,123
2013-05-02,25.482,123
2013-05-03,25.527,123
2013-05-04,25.527,123
2013-05-05,25.461,123
2013-05-06,25.415,123
2013-05-07,25.51,123
2013-05-08,25.663,123
2013-05-09,25.715,123
2013-05-10,25.722,123
2013-05-11,25.61,123
2013-05-12,25.498,123
2013-05-13,25.503,123
2013-05-14,25.567,123
2013-05-15,25.561,123
2013-05-16,25.61,123
2013-05-17,25.597,123
2013-05-18,25.635,123
2013-05-19,25.677,123
2013-05-20,25.712,123
2013-05-21,25.897,123
2013-05-22,25.998,123
2013-05-23,26.141,123
2013-05-24,25.943,123
2013-05-25,25.867,123
2013-05-26,25.887,123
2013-05-27,25.928,123
2013-05-28,25.922,123
2013-05-29,25.966,123
2013-05-30,26.071,123
2013-05-31,26.232,123
2013-06-01,26.232,123
2013-06-02,26.18,123
2013-06-03,26.125,123
2013-06-04,26.027,123
2013-06-05,25.937,123
2013-06-06,25.87,123
2013-06-07,25.847,123
2013-06-08,25.844,123
2013-06-09,25.867,123
2013-06-10,25.888,123
2013-06-11,25.886,123
2013-06-12,25.873,123
2013-06-13,25.858,123
2013-06-14,25.864,123
2013-06-15,25.915,123
2013-06-16,25.975,123
2013-06-17,26.019,123
2013-06-18,26.012,123
2013-06-19,26.04,123
2013-06-20,26.062,123
2013-06-21,26.038,123
2013-06-22,26.017,123
2013-06-23,26.004,123
2013-06-24,26.022,123
2013-06-25,26.031,123
2013-06-26,26.053,123
2013-06-27,26.02,123
2013-06-28,25.99,123
2013-06-29,25.999,123
2013-06-30,26.015,123
2013-07-01,26.068,123
2013-07-02,26.03,123
2013-07-03,25.983,123
2013-07-04,25.99,123
2013-07-05,26.001,123
2013-07-06,26.047,123
2013-07-07,26.146,123
2013-07-08,26.133,123
2013-07-09,26.236,123
2013-07-10,26.308,123
2013-07-11,26.222,123
2013-07-12,26.146,123
2013-07-13,26.159,123
2013-07-14,26.26,123
2013-07-15,26.35,123
2013-07-16,26.421,123
2013-07-17,26.398,123
2013-07-18,26.355,123
2013-07-19,26.461,123
2013-07-20,26.513,123
2013-07-21,26.494,123
2013-07-22,26.54,123
2013-07-23,26.587,123
2013-07-24,26.609,123
2013-07-25,26.604,123
2013-07-26,26.585,123
2013-07-27,26.55,123
2013-07-28,26.546,123
2013-07-29,26.604,123
2013-07-30,26.58,123
2013-07-31,26.603,123
2013-08-01,26.636,123
2013-08-02,26.75,123
2013-08-03,26.812,123
2013-08-04,26.902,123
2013-08-05,26.821,123
2013-08-06,26.841,123
2013-08-07,26.868,123
2013-08-08,26.85,123
2013-08-09,26.885,123
2013-08-10,26.809,123
2013-08-11,26.648,123
2013-08-12,26.605,123
2013-08-13,26.634,123
2013-08-14,26.676,123
2013-08-15,26.605,123
2013-08-16,26.628,123
2013-08-17,26.666,123
2013-08-18,26.69,123
2013-08-19,26.664,123
2013-08-20,26.693,123
2013-08-21,26.875,123
2013-08-22,27.09,123
2013-08-23,27.061,123
2013-08-24,26.9,123
2013-08-25,26.823,123
2013-08-26,26.768,123
2013-08-27,26.812,123
2013-08-28,26.864,123
2013-08-29,26.92,123
2013-08-30,26.998,123
2013-08-31,27.032,123
2013-09-01,27.04,123
2013-09-02,27.003,123
2013-09-03,26.943,123
2013-09-04,26.908,123
2013-09-05,27.007,123
2013-09-06,27.098,123
2013-09-07,27.09,123
2013-09-08,27.09,123
2013-09-09,27.052,123
2013-09-10,27.078,123
2013-09-11,27.036,123
2013-09-12,27.039,123
2013-09-13,26.997,123
2013-09-14,27.077,123
2013-09-15,27.097,123
2013-09-16,27.067,123
2013-09-17,27.013,123
2013-09-18,26.923,123
2013-09-19,26.872,123
2013-09-20,26.889,123
2013-09-21,26.92,123
2013-09-22,26.879,123
2013-09-23,26.866,123
2013-09-24,26.859,123
2013-09-25,26.886,123
2013-09-26,26.891,123
2013-09-27,26.845,123
2013-09-28,26.803,123
2013-09-29,26.814,123
2013-09-30,26.808,123
2013-10-01,26.772,123
2013-10-02,26.774,123
2013-10-03,26.823,123
2013-10-04,26.849,123
2013-10-05,26.892,123
2013-10-06,26.891,123
2013-10-07,26.825,123
2013-10-08,26.799,123
2013-10-09,26.821,123
2013-10-10,26.806,123
2013-10-11,26.769,123
2013-10-12,26.764,123
2013-10-13,26.825,123
2013-10-14,26.923,123
2013-10-15,26.974,123
2013-10-16,27.002,123
2013-10-17,27.1,123
2013-10-18,27.199,123
2013-10-19,27.282,123
2013-10-20,27.252,123
2013-10-21,27.165,123
2013-10-22,27.136,123
2013-10-23,27.107,123
2013-10-24,27.099,123
2013-10-25,27.104,123
2013-10-26,27.247,123
2013-10-27,27.384,123
2013-10-28,27.372,123
2013-10-29,27.271,123
2013-10-30,27.192,123
2013-10-31,27.141,123
2013-11-01,27.005,123
2013-11-02,26.859,123
2013-11-03,26.786,123
2013-11-04,26.769,123
2013-11-05,26.695,123
2013-11-06,26.697,123
2013-11-07,26.722,123
2013-11-08,26.682,123
2013-11-09,26.664,123
2013-11-10,26.563,123
2013-11-11,26.436,123
2013-11-12,26.404,123
2013-11-13,26.351,123
2013-11-14,26.316,123
2013-11-15,26.324,123
2013-11-16,26.365,123
2013-11-17,26.436,123
2013-11-18,26.501,123
2013-11-19,26.497,123
2013-11-20,26.465,123
2013-11-21,26.341,123
2013-11-22,26.349,123
2013-11-23,26.324,123
2013-11-24,26.278,123
2013-11-25,26.202,123
2013-11-26,26.102,123
2013-11-27,26.061,123
2013-11-28,26.048,123
2013-11-29,26.016,123
2013-11-30,25.947,123
2013-12-01,25.882,123
2013-12-02,25.913,123
2013-12-03,25.995,123
2013-12-04,25.939,123
2013-12-05,25.928,123
2013-12-06,25.904,123
2013-12-07,25.85,123
2013-12-08,25.82,123
2013-12-09,25.86,123
2013-12-10,25.889,123
2013-12-11,25.925,123
2013-12-12,25.974,123
2013-12-13,25.929,123
2013-12-14,25.826,123
2013-12-15,25.793,123
2013-12-16,25.847,123
2013-12-17,25.813,123
2013-12-18,25.804,123
2013-12-19,25.724,123
2013-12-20,25.676,123
2013-12-21,25.672,123
2013-12-22,25.693,123
2013-12-23,25.582,123
2013-12-24,25.515,123
2013-12-25,25.477,123
2013-12-26,25.49,123
2013-12-27,25.45,123
2013-12-28,25.393,123
2013-12-29,25.386,123
2013-12-30,25.339,123
2013-12-31,25.184,123
2014-01-01,25.142,123
2014-01-02,25.143,123
2014-01-03,25.126,123
2014-01-04,25.097,123
2014-01-05,25.075,123
2014-01-06,25.025,123
2014-01-07,24.893,123
2014-01-08,24.91,123
2014-01-09,24.908,123
2014-01-10,24.91,123
2014-01-11,24.919,123
2014-01-12,24.961,123
2014-01-13,24.958,123
2014-01-14,24.95,123
2014-01-15,24.953,123
2014-01-16,24.948,123
2014-01-17,25.137,123
2014-01-18,25.447,123
2014-01-19,25.243,123
2014-01-20,25.156,123
2014-01-21,25.247,123
2014-01-22,25.076,123
2014-01-23,24.931,123
2014-01-24,24.836,123
2014-01-25,24.775,123
2014-01-26,24.743,123
2014-01-27,24.671,123
2014-01-28,24.68,123
2014-01-29,24.664,123
2014-01-30,24.662,123
2014-01-31,24.711,123
2014-02-01,24.695,123
2014-02-02,24.669,123
2014-02-03,24.64,123
2014-02-04,24.59,123
2014-02-05,24.571,123
2014-02-06,24.657,123
2014-02-07,24.662,123
2014-02-08,24.626,123
2014-02-09,24.641,123
2014-02-10,24.715,123
2014-02-11,24.829,123
2014-02-12,24.894,123
2014-02-13,24.94,123
2014-02-14,24.92,123
2014-02-15,24.858,123
2014-02-16,24.756,123
2014-02-17,24.779,123
2014-02-18,24.704,123
2014-02-19,24.757,123
2014-02-20,24.749,123
2014-02-21,24.904,123
2014-02-22,25.074,123
2014-02-23,25.031,123
2014-02-24,24.999,123
2014-02-25,24.937,123
2014-02-26,24.907,123
2014-02-27,24.922,123
2014-02-28,24.909,123
2014-03-01,24.805,123
2014-03-02,24.755,123
2014-03-03,24.605,123
2014-03-04,24.668,123
2014-03-05,24.605,123
2014-03-06,24.681,123
2014-03-07,24.712,123
2014-03-08,24.743,123
2014-03-09,24.799,123
2014-03-10,24.83,123
2014-03-11,24.931,123
2014-03-12,25.096,123
2014-03-13,25.177,123
2014-03-14,25.18,123
2014-03-15,25.094,123
2014-03-16,24.958,123
2014-03-17,24.858,123
2014-03-18,24.898,123
2014-03-19,24.935,123
2014-03-20,24.929,123
2014-03-21,24.873,123
2014-03-22,24.793,123
2014-03-23,24.754,123
2014-03-24,24.756,123
2014-03-25,24.72,123
2014-03-26,24.646,123
2014-03-27,24.736,123
2014-03-28,24.803,123
2014-03-29,24.851,123
2014-03-30,24.873,123
2014-03-31,24.754,123
2014-04-01,24.956,123
2014-04-02,24.993,123
2014-04-03,24.984,123
2014-04-04,24.864,123
2014-04-05,24.878,123
2014-04-06,24.913,123
2014-04-07,24.877,123
2014-04-08,24.783,123
2014-04-09,24.744,123
2014-04-10,24.804,123
2014-04-11,24.852,123
2014-04-12,24.846,123
2014-04-13,24.733,123
2014-04-14,24.659,123
2014-04-15,24.733,123
2014-04-16,24.792,123
2014-04-17,24.805,123
2014-04-18,24.787,123
2014-04-19,24.8,123
2014-04-20,24.782,123
2014-04-21,24.924,123
2014-04-22,24.956,123
2014-04-23,24.903,123
2014-04-24,24.842,123
2014-04-25,24.824,123
2014-04-26,24.779,123
2014-04-27,24.789,123
2014-04-28,24.807,123
2014-04-29,24.78,123
2014-04-30,24.642,123
2014-05-01,24.768,123
2014-05-02,24.754,123
2014-05-03,24.833,123
2014-05-04,24.879,123
2014-05-05,25.133,123
2014-05-06,25.374,123
2014-05-07,25.469,123
2014-05-08,25.534,123
2014-05-09,25.583,123
2014-05-10,25.669,123
2014-05-11,25.629,123
2014-05-12,25.56,123
2014-05-13,25.326,123
2014-05-14,25.216,123
2014-05-15,25.243,123
2014-05-16,25.333,123
2014-05-17,25.475,123
2014-05-18,25.547,123
2014-05-19,25.707,123
2014-05-20,25.852,123
2014-05-21,25.925,123
2014-05-22,25.975,123
2014-05-23,26.004,123
2014-05-24,25.979,123
2014-05-25,25.998,123
2014-05-26,25.902,123
2014-05-27,25.87,123
2014-05-28,25.887,123
2014-05-29,25.995,123
2014-05-30,26.055,123
2014-05-31,26.084,123
2014-06-01,26.106,123
2014-06-02,26.214,123
2014-06-03,26.33,123
2014-06-04,26.378,123
2014-06-05,26.314,123
2014-06-06,26.131,123
2014-06-07,26.166,123
2014-06-08,26.171,123
2014-06-09,26.175,123
2014-06-10,26.165,123
2014-06-11,26.118,123
2014-06-12,26.08,123
2014-06-13,26.133,123
2014-06-14,26.205,123
2014-06-15,26.119,123
2014-06-16,26.116,123
2014-06-17,26.142,123
2014-06-18,26.158,123
2014-06-19,26.18,123
2014-06-20,26.196,123
2014-06-21,26.114,123
2014-06-22,26.142,123
2014-06-23,26.181,123
2014-06-24,26.133,123
2014-06-25,26.133,123
2014-06-26,26.138,123
2014-06-27,26.212,123
2014-06-28,26.318,123
2014-06-29,26.393,123
2014-06-30,26.298,123
2014-07-01,26.344,123
2014-07-02,26.508,123
2014-07-03,26.503,123
2014-07-04,26.435,123
2014-07-05,26.369,123
2014-07-06,26.364,123
2014-07-07,26.427,123
2014-07-08,26.487,123
2014-07-09,26.48,123
2014-07-10,26.441,123
2014-07-11,26.486,123
2014-07-12,26.536,123
2014-07-13,26.557,123
2014-07-14,26.588,123
2014-07-15,26.622,123
2014-07-16,26.664,123
2014-07-17,26.717,123
2014-07-18,26.707,123
2014-07-19,26.669,123
2014-07-20,26.715,123
2014-07-21,26.743,123
2014-07-22,26.813,123
2014-07-23,26.855,123
2014-07-24,26.745,123
2014-07-25,26.745,123
2014-07-26,26.846,123
2014-07-27,26.888,123
2014-07-28,26.902,123
2014-07-29,26.907,123
2014-07-30,26.89,123
2014-07-31,26.952,123
2014-08-01,26.933,123
2014-08-02,26.932,123
2014-08-03,26.982,123
2014-08-04,27.125,123
2014-08-05,27.144,123
2014-08-06,27.139,123
2014-08-07,27.106,123
2014-08-08,27.06,123
2014-08-09,27.066,123
2014-08-10,27.096,123
2014-08-11,27.162,123
2014-08-12,27.163,123
2014-08-13,27.19,123
2014-08-14,27.253,123
2014-08-15,27.294,123
2014-08-16,27.31,123
2014-08-17,27.253,123
2014-08-18,27.29,123
2014-08-19,27.205,123
2014-08-20,27.217,123
2014-08-21,27.224,123
2014-08-22,27.188,123
2014-08-23,27.18,123
2014-08-24,27.179,123
2014-08-25,27.272,123
2014-08-26,27.111,123
2014-08-27,27.016,123
2014-08-28,26.993,123
2014-08-29,27.07,123
2014-08-30,27.165,123
2014-08-31,27.223,123
2014-09-01,27.435,123
2014-09-02,27.547,123
2014-09-03,27.562,123
2014-09-04,27.463,123
2014-09-05,27.448,123
2014-09-06,27.454,123
2014-09-07,27.437,123
2014-09-08,27.479,123
2014-09-09,27.46,123
2014-09-10,27.476,123
2014-09-11,27.543,123
2014-09-12,27.612,123
2014-09-13,27.699,123
2014-09-14,27.823,123
2014-09-15,27.882,123
2014-09-16,27.861,123
2014-09-17,27.899,123
2014-09-18,27.929,123
2014-09-19,28.015,123
2014-09-20,28.155,123
2014-09-21,28.135,123
2014-09-22,27.973,123
2014-09-23,28.033,123
2014-09-24,28.064,123
2014-09-25,27.999,123
2014-09-26,27.932,123
2014-09-27,27.855,123
2014-09-28,27.804,123
2014-09-29,27.83,123
2014-09-30,27.974,123
2014-10-01,28.112,123
2014-10-02,28.07,123
2014-10-03,27.988,123
2014-10-04,27.933,123
2014-10-05,27.938,123
2014-10-06,27.922,123
2014-10-07,28.004,123
2014-10-08,28.115,123
2014-10-09,28.081,123
2014-10-10,28.019,123
2014-10-11,27.968,123
2014-10-12,27.969,123
2014-10-13,27.946,123
2014-10-14,27.882,123
2014-10-15,27.841,123
2014-10-16,27.716,123
2014-10-17,27.618,123
2014-10-18,27.579,123
2014-10-19,27.522,123
2014-10-20,27.499,123
2014-10-21,27.488,123
2014-10-22,27.488,123
2014-10-23,27.447,123
2014-10-24,27.422,123
2014-10-25,27.401,123
2014-10-26,27.381,123
2014-10-27,27.398,123
2014-10-28,27.393,123
2014-10-29,27.41,123
2014-10-30,27.34,123
2014-10-31,27.245,123
2014-11-01,27.168,123
2014-11-02,27.156,123
2014-11-03,27.097,123
2014-11-04,27.128,123
2014-11-05,27.092,123
2014-11-06,27.044,123
2014-11-07,27,123
2014-11-08,27.015,123
2014-11-09,26.927,123
2014-11-10,26.874,123
2014-11-11,26.867,123
2014-11-12,26.89,123
2014-11-13,26.824,123
2014-11-14,26.733,123
2014-11-15,26.643,123
2014-11-16,26.754,123
2014-11-17,26.606,123
2014-11-18,26.533,123
2014-11-19,26.502,123
2014-11-20,26.504,123
2014-11-21,26.498,123
2014-11-22,26.458,123
2014-11-23,26.388,123
2014-11-24,26.383,123
2014-11-25,26.332,123
2014-11-26,26.209,123
2014-11-27,26.124,123
2014-11-28,25.983,123
2014-11-29,25.976,123
2014-11-30,25.988,123
2014-12-01,25.944,123
2014-12-02,25.833,123
2014-12-03,25.796,123
2014-12-04,25.758,123
2014-12-05,25.722,123
2014-12-06,25.717,123
2014-12-07,25.682,123
2014-12-08,25.638,123
2014-12-09,25.703,123
2014-12-10,25.823,123
2014-12-11,25.78,123
2014-12-12,25.559,123
2014-12-13,25.609,123
2014-12-14,25.556,123
2014-12-15,25.519,123
2014-12-16,25.495,123
2014-12-17,25.457,123
2014-12-18,25.441,123
2014-12-19,25.433,123
2014-12-20,25.455,123
2014-12-21,25.461,123
2014-12-22,25.501,123
2014-12-23,25.459,123
2014-12-24,25.274,123
2014-12-25,25.205,123
2014-12-26,25.12,123
2014-12-27,24.885,123
2014-12-28,24.788,123
2014-12-29,24.719,123
2014-12-30,24.566,123
2014-12-31,24.578,123
2015-01-01,24.505,123
2015-01-02,24.564,123
2015-01-03,24.549,123
2015-01-04,24.488,123
2015-01-05,24.481,123
2015-01-06,24.434,123
2015-01-07,24.362,123
2015-01-08,24.329,123
2015-01-09,24.445,123
2015-01-10,24.511,123
2015-01-11,24.447,123
2015-01-12,24.47,123
2015-01-13,24.477,123
2015-01-14,24.479,123
2015-01-15,24.564,123
2015-01-16,24.696,123
2015-01-17,24.794,123
2015-01-18,24.658,123
2015-01-19,24.711,123
2015-01-20,24.702,123
2015-01-21,24.746,123
2015-01-22,24.795,123
2015-01-23,24.801,123
2015-01-24,24.759,123
2015-01-25,24.719,123
2015-01-26,24.748,123
2015-01-27,24.727,123
2015-01-28,24.695,123
2015-01-29,24.629,123
2015-01-30,24.682,123
2015-01-31,24.797,123
2015-02-01,24.822,123
2015-02-02,24.738,123
2015-02-03,24.661,123
2015-02-04,24.719,123
2015-02-05,24.7,123
2015-02-06,24.563,123
2015-02-07,24.488,123
2015-02-08,24.561,123
2015-02-09,24.685,123
2015-02-10,24.626,123
2015-02-11,24.517,123
2015-02-12,24.508,123
2015-02-13,24.563,123
2015-02-14,24.516,123
2015-02-15,24.46,123
2015-02-16,24.389,123
2015-02-17,24.389,123
2015-02-18,24.401,123
2015-02-19,24.643,123
2015-02-20,24.505,123
2015-02-21,24.575,123
2015-02-22,24.618,123
2015-02-23,24.627,123
2015-02-24,24.755,123
2015-02-25,24.771,123
2015-02-26,24.771,123
2015-02-27,24.772,123
2015-02-28,24.733,123
2015-03-01,24.691,123
2015-03-02,24.708,123
2015-03-03,24.835,123
2015-03-04,24.827,123
2015-03-05,24.76,123
2015-03-06,24.717,123
2015-03-07,24.659,123
2015-03-08,24.613,123
2015-03-09,24.455,123
2015-03-10,24.291,123
2015-03-11,24.271,123
2015-03-12,24.181,123
2015-03-13,23.993,123
2015-03-14,23.926,123
2015-03-15,23.91,123
2015-03-16,24.07,123
2015-03-17,24.205,123
2015-03-18,24.276,123
2015-03-19,24.394,123
2015-03-20,24.432,123
2015-03-21,24.511,123
2015-03-22,24.551,123
2015-03-23,24.526,123
2015-03-24,24.657,123
2015-03-25,24.756,123
2015-03-26,24.739,123
2015-03-27,24.726,123
2015-03-28,24.671,123
2015-03-29,24.889,123
2015-03-30,25.14,123
2015-03-31,25.12,123
2015-04-01,25.099,123
2015-04-02,25.091,123
2015-04-03,25.101,123
2015-04-04,25.095,123
2015-04-05,25.105,123
2015-04-06,25.096,123
2015-04-07,25.039,123
2015-04-08,25.084,123
2015-04-09,25.114,123
2015-04-10,25.1,123
2015-04-11,25.044,123
2015-04-12,25.061,123
2015-04-13,25.127,123
2015-04-14,25.143,123
2015-04-15,25.058,123
2015-04-16,25.029,123
2015-04-17,25.135,123
2015-04-18,25.176,123
2015-04-19,25.199,123
2015-04-20,25.206,123
2015-04-21,25.183,123
2015-04-22,25.15,123
2015-04-23,25.194,123
2015-04-24,25.297,123
2015-04-25,25.401,123
2015-04-26,25.411,123
2015-04-27,25.375,123
2015-04-28,25.219,123
2015-04-29,25.233,123
2015-04-30,25.219,123
2015-05-01,25.216,123
2015-05-02,25.296,123
2015-05-03,25.382,123
2015-05-04,25.425,123
2015-05-05,25.397,123
2015-05-06,25.348,123
2015-05-07,25.347,123
2015-05-08,25.391,123
2015-05-09,25.364,123
2015-05-10,25.349,123
2015-05-11,25.342,123
2015-05-12,25.342,123
2015-05-13,25.354,123
2015-05-14,25.321,123
2015-05-15,25.314,123
2015-05-16,25.387,123
2015-05-17,25.432,123
2015-05-18,25.454,123
2015-05-19,25.472,123
2015-05-20,25.471,123
2015-05-21,25.707,123
2015-05-22,25.747,123
2015-05-23,25.543,123
2015-05-24,25.567,123
2015-05-25,25.492,123
2015-05-26,25.503,123
2015-05-27,25.482,123
2015-05-28,25.495,123
2015-05-29,25.541,123
2015-05-30,25.655,123
2015-05-31,25.823,123
2015-06-01,25.802,123
2015-06-02,25.794,123
2015-06-03,25.822,123
2015-06-04,25.842,123
2015-06-05,26.031,123
2015-06-06,26.159,123
2015-06-07,26.211,123
2015-06-08,25.984,123
2015-06-09,25.973,123
2015-06-10,25.989,123
2015-06-11,25.97,123
2015-06-12,25.977,123
2015-06-13,26.04,123
2015-06-14,26.039,123
2015-06-15,25.996,123
2015-06-16,25.995,123
2015-06-17,26.045,123
2015-06-18,26.112,123
2015-06-19,26.092,123
2015-06-20,26.187,123
2015-06-21,26.239,123
2015-06-22,26.268,123
2015-06-23,26.221,123
2015-06-24,26.152,123
2015-06-25,26.12,123
2015-06-26,26.135,123
2015-06-27,26.2,123
2015-06-28,26.346,123
2015-06-29,26.654,123
2015-06-30,26.831,123
2015-07-01,26.946,123
2015-07-02,26.947,123
2015-07-03,26.885,123
2015-07-04,26.869,123
2015-07-05,26.865,123
2015-07-06,26.871,123
2015-07-07,26.889,123
2015-07-08,26.781,123
2015-07-09,26.721,123
2015-07-10,26.687,123
2015-07-11,26.698,123
2015-07-12,26.684,123
2015-07-13,26.842,123
2015-07-14,27.038,123
2015-07-15,27.102,123
2015-07-16,27.166,123
2015-07-17,27.223,123
2015-07-18,27.214,123
2015-07-19,27.201,123
2015-07-20,27.159,123
2015-07-21,27.103,123
2015-07-22,27.2,123
2015-07-23,27.295,123
2015-07-24,27.287,123
2015-07-25,27.243,123
2015-07-26,27.228,123
2015-07-27,27.199,123
2015-07-28,27.255,123
2015-07-29,27.427,123
2015-07-30,27.411,123
2015-07-31,27.289,123
2015-08-01,27.191,123
2015-08-02,27.266,123
2015-08-03,27.231,123
2015-08-04,27.243,123
2015-08-05,27.248,123
2015-08-06,27.262,123
2015-08-07,27.477,123
2015-08-08,27.562,123
2015-08-09,27.539,123
2015-08-10,27.396,123
2015-08-11,27.411,123
2015-08-12,27.52,123
2015-08-13,27.596,123
2015-08-14,27.632,123
2015-08-15,27.617,123
2015-08-16,27.594,123
2015-08-17,27.652,123
2015-08-18,27.753,123
2015-08-19,27.825,123
2015-08-20,27.884,123
2015-08-21,27.882,123
2015-08-22,27.847,123
2015-08-23,27.855,123
2015-08-24,27.788,123
2015-08-25,27.76,123
2015-08-26,27.853,123
2015-08-27,28.058,123
2015-08-28,28.308,123
2015-08-29,28.394,123
2015-08-30,28.434,123
2015-08-31,28.366,123
2015-09-01,28.423,123
2015-09-02,28.452,123
2015-09-03,28.438,123
2015-09-04,28.41,123
2015-09-05,28.511,123
2015-09-06,28.662,123
2015-09-07,28.621,123
2015-09-08,28.615,123
2015-09-09,28.575,123
2015-09-10,28.616,123
2015-09-11,28.668,123
2015-09-12,28.633,123
2015-09-13,28.516,123
2015-09-14,28.509,123
2015-09-15,28.518,123
2015-09-16,28.541,123
2015-09-17,28.58,123
2015-09-18,28.522,123
2015-09-19,28.515,123
2015-09-20,28.546,123
2015-09-21,28.57,123
2015-09-22,28.543,123
2015-09-23,28.484,123
2015-09-24,28.606,123
2015-09-25,28.758,123
2015-09-26,28.779,123
2015-09-27,28.623,123
2015-09-28,28.453,123
2015-09-29,28.315,123
2015-09-30,28.25,123
2015-10-01,28.112,123
2015-10-02,27.945,123
2015-10-03,27.885,123
2015-10-04,27.857,123
2015-10-05,27.788,123
2015-10-06,27.65,123
2015-10-07,27.553,123
2015-10-08,27.561,123
2015-10-09,27.57,123
2015-10-10,27.604,123
2015-10-11,27.579,123
2015-10-12,27.571,123
2015-10-13,27.617,123
2015-10-14,27.65,123
2015-10-15,27.55,123
2015-10-16,27.44,123
2015-10-17,27.399,123
2015-10-18,27.541,123
2015-10-19,27.593,123
2015-10-20,27.692,123
2015-10-21,27.668,123
2015-10-22,27.664,123
2015-10-23,27.704,123
2015-10-24,27.676,123
2015-10-25,27.631,123
2015-10-26,27.567,123
2015-10-27,27.486,123
2015-10-28,27.518,123
2015-10-29,27.498,123
2015-10-30,27.49,123
2015-10-31,27.692,123
2015-11-01,27.682,123
2015-11-02,27.745,123
2015-11-03,27.729,123
2015-11-04,27.685,123
2015-11-05,27.593,123
2015-11-06,27.469,123
2015-11-07,27.421,123
2015-11-08,27.386,123
2015-11-09,27.365,123
2015-11-10,27.27,123
2015-11-11,27.179,123
2015-11-12,27.109,123
2015-11-13,26.97,123
2015-11-14,26.875,123
2015-11-15,26.851,123
2015-11-16,26.8,123
2015-11-17,26.802,123
2015-11-18,26.821,123
2015-11-19,26.808,123
2015-11-20,26.747,123
2015-11-21,26.666,123
2015-11-22,26.544,123
2015-11-23,26.537,123
2015-11-24,26.495,123
2015-11-25,26.422,123
2015-11-26,26.335,123
2015-11-27,26.315,123
2015-11-28,26.323,123
2015-11-29,26.375,123
2015-11-30,26.342,123
2015-12-01,26.382,123
2015-12-02,26.391,123
2015-12-03,26.369,123
2015-12-04,26.228,123
2015-12-05,26.27,123
2015-12-06,26.282,123
2015-12-07,26.298,123
2015-12-08,26.228,123
2015-12-09,26.197,123
2015-12-10,26.225,123
2015-12-11,26.26,123
2015-12-12,26.312,123
2015-12-13,26.381,123
2015-12-14,26.244,123
2015-12-15,26.23,123
2015-12-16,26.312,123
2015-12-17,26.27,123
2015-12-18,26.212,123
2015-12-19,26.096,123
2015-12-20,26.004,123
2015-12-21,25.973,123
2015-12-22,25.91,123
2015-12-23,25.893,123
2015-12-24,25.877,123
2015-12-25,25.847,123
2015-12-26,25.833,123
2015-12-27,25.808,123
2015-12-28,25.732,123
2015-12-29,25.688,123
2015-12-30,25.692,123
2015-12-31,25.66,123
2016-01-01,25.505,123
2016-01-02,25.486,123
2016-01-03,25.357,123
2016-01-04,25.403,123
2016-01-05,25.409,123
2016-01-06,25.433,123
2016-01-07,25.415,123
2016-01-08,25.511,123
2016-01-09,25.459,123
2016-01-10,25.424,123
2016-01-11,25.378,123
2016-01-12,25.322,123
2016-01-13,25.326,123
2016-01-14,25.394,123
2016-01-15,25.239,123
2016-01-16,25.15,123
2016-01-17,25.144,123
2016-01-18,25.13,123
2016-01-19,25.233,123
2016-01-20,25.112,123
2016-01-21,25.064,123
2016-01-22,25.02,123
2016-01-23,25.159,123
2016-01-24,25.167,123
2016-01-25,25.095,123
2016-01-26,25.196,123
2016-01-27,25.422,123
2016-01-28,25.401,123
2016-01-29,25.203,123
2016-01-30,25.119,123
2016-01-31,25.113,123
2016-02-01,25.081,123
2016-02-02,25.2,123
2016-02-03,25.216,123
2016-02-04,25.113,123
2016-02-05,25.132,123
2016-02-06,25.069,123
2016-02-07,24.956,123
2016-02-08,24.92,123
2016-02-09,24.905,123
2016-02-10,24.872,123
2016-02-11,24.862,123
2016-02-12,24.879,123
2016-02-13,24.905,123
2016-02-14,24.83,123
2016-02-15,24.804,123
2016-02-16,24.81,123
2016-02-17,24.818,123
2016-02-18,24.782,123
2016-02-19,24.828,123
2016-02-20,24.671,123
2016-02-21,24.722,123
2016-02-22,24.672,123
2016-02-23,24.627,123
2016-02-24,24.604,123
2016-02-25,24.69,123
2016-02-26,24.77,123
2016-02-27,24.858,123
2016-02-28,25.002,123
2016-02-29,24.984,123
2016-03-01,24.819,123
2016-03-02,24.754,123
2016-03-03,24.684,123
2016-03-04,24.793,123
2016-03-05,24.833,123
2016-03-06,24.884,123
2016-03-07,24.906,123
2016-03-08,24.864,123
2016-03-09,24.53,123
2016-03-10,24.445,123
2016-03-11,24.437,123
2016-03-12,24.489,123
2016-03-13,24.513,123
2016-03-14,24.487,123
2016-03-15,24.518,123
2016-03-16,24.546,123
2016-03-17,24.564,123
2016-03-18,24.561,123
2016-03-19,24.571,123
2016-03-20,24.555,123
2016-03-21,24.604,123
2016-03-22,24.7,123
2016-03-23,24.837,123
2016-03-24,24.889,123
2016-03-25,24.88,123
2016-03-26,25.061,123
2016-03-27,25.293,123
2016-03-28,25.284,123
2016-03-29,25.31,123
2016-03-30,25.255,123
2016-03-31,25.429,123
2016-04-01,25.536,123
2016-04-02,25.535,123
2016-04-03,25.401,123
2016-04-04,25.454,123
2016-04-05,25.547,123
2016-04-06,25.543,123
2016-04-07,25.473,123
2016-04-08,25.323,123
2016-04-09,25.325,123
2016-04-10,25.389,123
2016-04-11,25.404,123
2016-04-12,25.365,123
2016-04-13,25.334,123
2016-04-14,25.39,123
2016-04-15,25.381,123
2016-04-16,25.423,123
2016-04-17,25.45,123
2016-04-18,25.371,123
2016-04-19,25.359,123
2016-04-20,25.374,123
2016-04-21,25.425,123
2016-04-22,25.427,123
2016-04-23,25.375,123
2016-04-24,25.427,123
2016-04-25,25.527,123
2016-04-26,25.522,123
2016-04-27,25.481,123
2016-04-28,25.414,123
2016-04-29,25.485,123
2016-04-30,25.554,123
2016-05-01,25.583,123
2016-05-02,25.47,123
2016-05-03,25.511,123
2016-05-04,25.593,123
2016-05-05,25.614,123
2016-05-06,25.673,123
2016-05-07,25.667,123
2016-05-08,25.63,123
2016-05-09,25.523,123
2016-05-10,25.501,123
2016-05-11,25.53,123
2016-05-12,25.523,123
2016-05-13,25.575,123
2016-05-14,25.62,123
2016-05-15,25.724,123
2016-05-16,25.706,123
2016-05-17,25.68,123
2016-05-18,25.711,123
2016-05-19,25.756,123
2016-05-20,25.785,123
2016-05-21,25.774,123
2016-05-22,25.803,123
2016-05-23,25.865,123
2016-05-24,25.902,123
2016-05-25,25.917,123
2016-05-26,25.905,123
2016-05-27,25.92,123
2016-05-28,26.165,123
2016-05-29,26.466,123
2016-05-30,26.334,123
2016-05-31,26.17,123
2016-06-01,26.096,123
2016-06-02,26.122,123
2016-06-03,26.169,123
2016-06-04,26.232,123
2016-06-05,26.229,123
2016-06-06,26.245,123
2016-06-07,26.333,123
2016-06-08,26.3,123
2016-06-09,26.298,123
2016-06-10,26.306,123
2016-06-11,26.362,123
2016-06-12,26.46,123
2016-06-13,26.544,123
2016-06-14,26.513,123
2016-06-15,26.499,123
2016-06-16,26.462,123
2016-06-17,26.396,123
2016-06-18,26.319,123
2016-06-19,26.282,123
2016-06-20,26.274,123
2016-06-21,26.315,123
2016-06-22,26.426,123
2016-06-23,26.391,123
2016-06-24,26.403,123
2016-06-25,26.347,123
2016-06-26,26.389,123
2016-06-27,26.408,123
2016-06-28,26.408,123
2016-06-29,26.401,123
2016-06-30,26.379,123
2016-07-01,26.39,123
2016-07-02,26.355,123
2016-07-03,26.392,123
2016-07-04,26.423,123
2016-07-05,26.473,123
2016-07-06,26.533,123
2016-07-07,26.576,123
2016-07-08,26.561,123
2016-07-09,26.518,123
2016-07-10,26.525,123
2016-07-11,26.616,123
2016-07-12,26.629,123
2016-07-13,26.631,123
2016-07-14,26.675,123
2016-07-15,26.741,123
2016-07-16,26.793,123
2016-07-17,26.78,123
2016-07-18,26.777,123
2016-07-19,26.817,123
2016-07-20,26.964,123
2016-07-21,27.034,123
2016-07-22,26.998,123
2016-07-23,26.935,123
2016-07-24,26.842,123
2016-07-25,26.972,123
2016-07-26,27.151,123
2016-07-27,27.133,123
2016-07-28,27.05,123
2016-07-29,27.034,123
2016-07-30,27.058,123
2016-07-31,27.099,123
2016-08-01,27.09,123
2016-08-02,27.09,123
2016-08-03,27.075,123
2016-08-04,27.124,123
2016-08-05,27.101,123
2016-08-06,27.093,123
2016-08-07,27.083,123
2016-08-08,27.159,123
2016-08-09,27.315,123
2016-08-10,27.355,123
2016-08-11,27.317,123
2016-08-12,27.218,123
2016-08-13,27.253,123
2016-08-14,27.282,123
2016-08-15,27.295,123
2016-08-16,27.328,123
2016-08-17,27.355,123
2016-08-18,27.465,123
2016-08-19,27.478,123
2016-08-20,27.451,123
2016-08-21,27.427,123
2016-08-22,27.372,123
2016-08-23,27.399,123
2016-08-24,27.394,123
2016-08-25,27.537,123
2016-08-26,27.614,123
2016-08-27,27.559,123
2016-08-28,27.513,123
2016-08-29,27.504,123
2016-08-30,27.567,123
2016-08-31,27.579,123
2016-09-01,27.704,123
2016-09-02,27.731,123
2016-09-03,27.663,123
2016-09-04,27.653,123
2016-09-05,27.756,123
2016-09-06,27.682,123
2016-09-07,27.616,123
2016-09-08,27.638,123
2016-09-09,27.624,123
2016-09-10,27.617,123
2016-09-11,27.617,123
2016-09-12,27.636,123
2016-09-13,27.6,123
2016-09-14,27.589,123
2016-09-15,27.593,123
2016-09-16,27.632,123
2016-09-17,27.655,123
2016-09-18,27.671,123
2016-09-19,27.609,123
2016-09-20,27.482,123
2016-09-21,27.489,123
2016-09-22,27.514,123
2016-09-23,27.517,123
2016-09-24,27.541,123
2016-09-25,27.619,123
2016-09-26,27.599,123
2016-09-27,27.535,123
2016-09-28,27.509,123
2016-09-29,27.463,123
2016-09-30,27.452,123
2016-10-01,27.43,123
2016-10-02,27.407,123
2016-10-03,27.403,123
2016-10-04,27.3,123
2016-10-05,27.298,123
2016-10-06,27.378,123
2016-10-07,27.355,123
2016-10-08,27.284,123
2016-10-09,27.222,123
2016-10-10,27.183,123
2016-10-11,27.215,123
2016-10-12,27.187,123
2016-10-13,27.166,123
2016-10-14,27.117,123
2016-10-15,27.132,123
2016-10-16,27.114,123
2016-10-17,27.138,123
2016-10-18,27.19,123
2016-10-19,27.174,123
2016-10-20,27.185,123
2016-10-21,27.168,123
2016-10-22,27.127,123
2016-10-23,27.077,123
2016-10-24,27.145,123
2016-10-25,27.121,123
2016-10-26,27.1,123
2016-10-27,27.088,123
2016-10-28,26.969,123
2016-10-29,26.925,123
2016-10-30,26.875,123
2016-10-31,26.81,123
2016-11-01,26.582,123
2016-11-02,26.505,123
2016-11-03,26.547,123
2016-11-04,26.574,123
2016-11-05,26.603,123
2016-11-06,26.562,123
2016-11-07,26.533,123
2016-11-08,26.567,123
2016-11-09,26.717,123
2016-11-10,26.602,123
2016-11-11,26.592,123
2016-11-12,26.491,123
2016-11-13,26.643,123
2016-11-14,26.617,123
2016-11-15,26.617,123
2016-11-16,26.563,123
2016-11-17,26.464,123
2016-11-18,26.453,123
2016-11-19,26.435,123
2016-11-20,26.409,123
2016-11-21,26.381,123
2016-11-22,26.287,123
2016-11-23,26.287,123
2016-11-24,26.256,123
2016-11-25,26.198,123
2016-11-26,26.122,123
2016-11-27,25.951,123
2016-11-28,25.918,123
2016-11-29,25.913,123
2016-11-30,25.848,123
2016-12-01,25.731,123
2016-12-02,25.617,123
2016-12-03,25.567,123
2016-12-04,25.619,123
2016-12-05,25.598,123
2016-12-06,25.536,123
2016-12-07,25.576,123
2016-12-08,25.522,123
2016-12-09,25.524,123
2016-12-10,25.475,123
2016-12-11,25.485,123
2016-12-12,25.487,123
2016-12-13,25.46,123
2016-12-14,25.446,123
2016-12-15,25.452,123
2016-12-16,25.417,123
2016-12-17,25.297,123
2016-12-18,25.317,123
2016-12-19,25.287,123
2016-12-20,25.243,123
2016-12-21,25.316,123
2016-12-22,25.374,123
2016-12-23,25.43,123
2016-12-24,25.456,123
2016-12-25,25.398,123
2016-12-26,25.358,123
2016-12-27,25.277,123
2016-12-28,25.221,123
2016-12-29,25.176,123
2016-12-30,25.149,123
2016-12-31,25.006,123
2017-01-01,24.909,123
2017-01-02,24.888,123
2017-01-03,24.804,123
2017-01-04,24.801,123
2017-01-05,24.846,123
2017-01-06,24.881,123
2017-01-07,24.876,123
2017-01-08,24.854,123
2017-01-09,24.969,123
2017-01-10,25.033,123
2017-01-11,25.077,123
2017-01-12,25.127,123
2017-01-13,25.161,123
2017-01-14,25.226,123
2017-01-15,25.222,123
2017-01-16,25.22,123
2017-01-17,25.12,123
2017-01-18,25.019,123
2017-01-19,25.042,123
2017-01-20,24.996,123
2017-01-21,24.867,123
2017-01-22,24.702,123
2017-01-23,24.692,123
2017-01-24,24.714,123
2017-01-25,24.716,123
2017-01-26,24.696,123
2017-01-27,24.703,123
2017-01-28,24.718,123
2017-01-29,24.533,123
2017-01-30,24.457,123
2017-01-31,24.469,123
2017-02-01,24.437,123
2017-02-02,24.388,123
2017-02-03,24.422,123
2017-02-04,24.5,123
2017-02-05,24.439,123
2017-02-06,24.401,123
2017-02-07,24.568,123
2017-02-08,24.576,123
2017-02-09,24.55,123
2017-02-10,24.581,123
2017-02-11,24.6,123
2017-02-12,24.582,123
2017-02-13,24.614,123
2017-02-14,24.569,123
2017-02-15,24.592,123
2017-02-16,24.574,123
2017-02-17,24.657,123
2017-02-18,24.803,123
2017-02-19,24.864,123
2017-02-20,24.793,123
2017-02-21,24.608,123
2017-02-22,24.489,123
2017-02-23,24.496,123
2017-02-24,24.516,123
2017-02-25,24.477,123
2017-02-26,24.375,123
2017-02-27,24.325,123
2017-02-28,24.327,123
2017-03-01,24.222,123
2017-03-02,24.335,123
2017-03-03,24.463,123
2017-03-04,24.683,123
2017-03-05,24.906,123
2017-03-06,24.931,123
2017-03-07,24.945,123
2017-03-08,24.939,123
2017-03-09,24.901,123
2017-03-10,24.922,123
2017-03-11,25.008,123
2017-03-12,25.272,123
2017-03-13,25.483,123
2017-03-14,25.486,123
2017-03-15,25.53,123
2017-03-16,25.561,123
2017-03-17,25.303,123
2017-03-18,25.286,123
2017-03-19,25.263,123
2017-03-20,25.183,123
2017-03-21,25.331,123
2017-03-22,25.36,123
2017-03-23,25.404,123
2017-03-24,25.526,123
2017-03-25,25.505,123
2017-03-26,25.52,123
2017-03-27,25.476,123
2017-03-28,25.463,123
2017-03-29,25.524,123
2017-03-30,25.585,123
2017-03-31,25.563,123
2017-04-01,25.523,123
2017-04-02,25.505,123
2017-04-03,25.516,123
2017-04-04,25.505,123
2017-04-05,25.558,123
2017-04-06,25.577,123
2017-04-07,25.525,123
2017-04-08,25.552,123
2017-04-09,25.574,123
2017-04-10,25.64,123
2017-04-11,25.586,123
2017-04-12,25.561,123
2017-04-13,25.6,123
2017-04-14,25.602,123
2017-04-15,25.612,123
2017-04-16,25.579,123
2017-04-17,25.645,123
2017-04-18,25.642,123
2017-04-19,25.604,123
2017-04-20,25.573,123
2017-04-21,25.581,123
2017-04-22,25.593,123
2017-04-23,25.613,123
2017-04-24,25.579,123
2017-04-25,25.685,123
2017-04-26,25.724,123
2017-04-27,25.724,123
2017-04-28,25.744,123
2017-04-29,25.733,123
2017-04-30,25.701,123
2017-05-01,25.791,123
2017-05-02,25.736,123
2017-05-03,25.735,123
2017-05-04,25.653,123
2017-05-05,25.558,123
2017-05-06,25.663,123
2017-05-07,25.779,123
2017-05-08,25.857,123
2017-05-09,25.845,123
2017-05-10,25.915,123
2017-05-11,25.933,123
2017-05-12,25.932,123
2017-05-13,25.929,123
2017-05-14,25.852,123
2017-05-15,25.816,123
2017-05-16,25.77,123
2017-05-17,25.752,123
2017-05-18,25.811,123
2017-05-19,25.997,123
2017-05-20,26.016,123
2017-05-21,25.89,123
2017-05-22,25.79,123
2017-05-23,25.783,123
2017-05-24,25.776,123
2017-05-25,25.859,123
2017-05-26,25.913,123
2017-05-27,25.968,123
2017-05-28,26.065,123
2017-05-29,26.144,123
2017-05-30,26.216,123
2017-05-31,26.258,123
2017-06-01,26.288,123
2017-06-02,26.125,123
2017-06-03,26.062,123
2017-06-04,26.178,123
2017-06-05,26.303,123
2017-06-06,26.302,123
2017-06-07,26.282,123
2017-06-08,26.269,123
2017-06-09,26.312,123
2017-06-10,26.381,123
2017-06-11,26.4,123
2017-06-12,26.362,123
2017-06-13,26.386,123
2017-06-14,26.459,123
2017-06-15,26.524,123
2017-06-16,26.525,123
2017-06-17,26.52,123
2017-06-18,26.505,123
2017-06-19,26.459,123
2017-06-20,26.486,123
2017-06-21,26.544,123
2017-06-22,26.611,123
2017-06-23,26.623,123
2017-06-24,26.676,123
2017-06-25,26.805,123
2017-06-26,26.765,123
2017-06-27,26.737,123
2017-06-28,26.632,123
2017-06-29,26.675,123
2017-06-30,26.666,123
2017-07-01,26.651,123
2017-07-02,26.723,123
2017-07-03,26.766,123
2017-07-04,26.764,123
2017-07-05,26.731,123
2017-07-06,26.784,123
2017-07-07,26.73,123
2017-07-08,26.744,123
2017-07-09,26.759,123
2017-07-10,26.729,123
2017-07-11,26.766,123
2017-07-12,26.788,123
2017-07-13,26.825,123
2017-07-14,26.892,123
2017-07-15,26.897,123
2017-07-16,26.861,123
2017-07-17,26.832,123
2017-07-18,26.801,123
2017-07-19,26.821,123
2017-07-20,26.876,123
2017-07-21,26.926,123
2017-07-22,27.025,123
2017-07-23,27.056,123
2017-07-24,27.035,123
2017-07-25,27.012,123
2017-07-26,27.123,123
2017-07-27,27.117,123
2017-07-28,27.141,123
2017-07-29,27.24,123
2017-07-30,27.252,123
2017-07-31,27.209,123
2017-08-01,27.166,123
2017-08-02,27.286,123
2017-08-03,27.295,123
2017-08-04,27.296,123
2017-08-05,27.147,123
2017-08-06,27.071,123
2017-08-07,26.998,123
2017-08-08,26.981,123
2017-08-09,27.046,123
2017-08-10,27.033,123
2017-08-11,26.973,123
2017-08-12,26.889,123
2017-08-13,26.885,123
2017-08-14,26.903,123
2017-08-15,26.901,123
2017-08-16,26.895,123
2017-08-17,26.875,123
2017-08-18,26.94,123
2017-08-19,26.941,123
2017-08-20,26.987,123
2017-08-21,27.054,123
2017-08-22,27.136,123
2017-08-23,27.152,123
2017-08-24,27.107,123
2017-08-25,27.125,123
2017-08-26,27.121,123
2017-08-27,27.115,123
2017-08-28,27.082,123
2017-08-29,27.104,123
2017-08-30,27.174,123
2017-08-31,27.202,123
2017-09-01,27.229,123
2017-09-02,27.369,123
2017-09-03,27.456,123
2017-09-04,27.471,123
2017-09-05,27.507,123
2017-09-06,27.507,123
2017-09-07,27.517,123
2017-09-08,27.529,123
2017-09-09,27.571,123
2017-09-10,27.919,123
2017-09-11,27.951,123
2017-09-12,27.965,123
2017-09-13,28.036,123
2017-09-14,28.052,123
2017-09-15,28.066,123
2017-09-16,28.008,123
2017-09-17,27.903,123
2017-09-18,27.719,123
2017-09-19,27.708,123
2017-09-20,27.709,123
2017-09-21,27.684,123
2017-09-22,27.689,123
2017-09-23,27.651,123
2017-09-24,27.574,123
2017-09-25,27.592,123
2017-09-26,27.606,123
2017-09-27,27.529,123
2017-09-28,27.476,123
2017-09-29,27.506,123
2017-09-30,27.465,123
2017-10-01,27.469,123
2017-10-02,27.5,123
2017-10-03,27.614,123
2017-10-04,27.685,123
2017-10-05,27.699,123
2017-10-06,27.664,123
2017-10-07,27.532,123
2017-10-08,27.514,123
2017-10-09,27.513,123
2017-10-10,27.49,123
2017-10-11,27.37,123
2017-10-12,27.359,123
2017-10-13,27.428,123
2017-10-14,27.549,123
2017-10-15,27.459,123
2017-10-16,27.345,123
2017-10-17,27.235,123
2017-10-18,27.16,123
2017-10-19,26.997,123
2017-10-20,26.932,123
2017-10-21,26.936,123
2017-10-22,27.06,123
2017-10-23,27.095,123
2017-10-24,27.057,123
2017-10-25,26.978,123
2017-10-26,26.911,123
2017-10-27,26.927,123
2017-10-28,27.048,123
2017-10-29,27.033,123
2017-10-30,27.017,123
2017-10-31,27.138,123
2017-11-01,27.333,123
2017-11-02,27.287,123
2017-11-03,27.364,123
2017-11-04,27.084,123
2017-11-05,27.014,123
2017-11-06,26.958,123
2017-11-07,26.932,123
2017-11-08,26.822,123
2017-11-09,26.826,123
2017-11-10,26.82,123
2017-11-11,26.81,123
2017-11-12,26.85,123
2017-11-13,26.832,123
2017-11-14,26.682,123
2017-11-15,26.766,123
2017-11-16,26.73,123
2017-11-17,26.687,123
2017-11-18,26.62,123
2017-11-19,26.406,123
2017-11-20,26.395,123
2017-11-21,26.377,123
2017-11-22,26.304,123
2017-11-23,26.19,123
2017-11-24,26.173,123
2017-11-25,26.149,123
2017-11-26,26.043,123
2017-11-27,25.982,123
2017-11-28,25.971,123
2017-11-29,25.967,123
2017-11-30,26.001,123
2017-12-01,26.017,123
2017-12-02,25.918,123
2017-12-03,25.848,123
2017-12-04,25.682,123
2017-12-05,25.599,123
2017-12-06,25.544,123
2017-12-07,25.479,123
2017-12-08,25.445,123
2017-12-09,25.524,123
2017-12-10,25.507,123
2017-12-11,25.483,123
2017-12-12,25.478,123
2017-12-13,25.454,123
2017-12-14,25.386,123
2017-12-15,25.239,123
2017-12-16,25.177,123
2017-12-17,25.233,123
2017-12-18,25.231,123
2017-12-19,25.221,123
2017-12-20,25.14,123
2017-12-21,25.109,123
2017-12-22,25.092,123
2017-12-23,25.069,123
2017-12-24,25.039,123
2017-12-25,25.04,123
2017-12-26,25.033,123
2017-12-27,25.083,123
2017-12-28,25.068,123
2017-12-29,25.053,123
2017-12-30,25.07,123
2017-12-31,24.977,123
2018-01-01,24.895,123
2018-01-02,24.893,123
2018-01-03,24.891,123
2018-01-04,24.848,123
2018-01-05,24.821,123
2018-01-06,24.792,123
2018-01-07,24.742,123
2018-01-08,24.734,123
2018-01-09,24.709,123
2018-01-10,24.676,123
2018-01-11,24.68,123
2018-01-12,24.84,123
2018-01-13,24.854,123
2018-01-14,24.893,123
2018-01-15,24.837,123
2018-01-16,24.669,123
2018-01-17,24.688,123
2018-01-18,24.692,123
2018-01-19,24.653,123
2018-01-20,24.656,123
2018-01-21,24.683,123
2018-01-22,24.709,123
2018-01-23,24.668,123
2018-01-24,24.681,123
2018-01-25,24.674,123
2018-01-26,24.835,123
2018-01-27,24.948,123
2018-01-28,24.851,123
2018-01-29,24.53,123
2018-01-30,24.458,123
2018-01-31,24.505,123
2018-02-01,24.522,123
2018-02-02,24.468,123
2018-02-03,24.458,123
2018-02-04,24.473,123
2018-02-05,24.435,123
2018-02-06,24.386,123
2018-02-07,24.409,123
2018-02-08,24.288,123
2018-02-09,24.211,123
2018-02-10,24.188,123
2018-02-11,24.233,123
2018-02-12,24.262,123
2018-02-13,24.293,123
2018-02-14,24.24,123
2018-02-15,24.247,123
2018-02-16,24.248,123
2018-02-17,24.312,123
2018-02-18,24.266,123
2018-02-19,24.332,123
2018-02-20,24.234,123
2018-02-21,24.237,123
2018-02-22,24.24,123
2018-02-23,24.238,123
2018-02-24,24.265,123
2018-02-25,24.239,123
2018-02-26,24.225,123
2018-02-27,24.211,123
2018-02-28,24.236,123
2018-03-01,24.236,123
2018-03-02,24.3,123
2018-03-03,24.283,123
2018-03-04,24.264,123
2018-03-05,24.315,123
2018-03-06,24.285,123
2018-03-07,24.268,123
2018-03-08,24.168,123
2018-03-09,24.157,123
2018-03-10,24.168,123
2018-03-11,24.202,123
2018-03-12,24.219,123
2018-03-13,24.164,123
2018-03-14,24.156,123
2018-03-15,24.382,123
2018-03-16,24.558,123
2018-03-17,24.548,123
2018-03-18,24.5,123
2018-03-19,24.368,123
2018-03-20,24.26,123
2018-03-21,24.234,123
2018-03-22,24.231,123
2018-03-23,24.206,123
2018-03-24,24.213,123
2018-03-25,24.291,123
2018-03-26,24.486,123
2018-03-27,24.533,123
2018-03-28,24.649,123
2018-03-29,24.958,123
2018-03-30,25.192,123
2018-03-31,24.953,123
2018-04-01,24.831,123
2018-04-02,24.827,123
2018-04-03,24.856,123
2018-04-04,24.839,123
2018-04-05,24.887,123
2018-04-06,24.911,123
2018-04-07,24.872,123
2018-04-08,24.768,123
2018-04-09,24.659,123
2018-04-10,24.625,123
2018-04-11,24.829,123
2018-04-12,24.836,123
2018-04-13,24.883,123
2018-04-14,24.991,123
2018-04-15,25.021,123
2018-04-16,25.029,123
2018-04-17,25.042,123
2018-04-18,24.981,123
2018-04-19,24.969,123
2018-04-20,24.933,123
2018-04-21,24.955,123
2018-04-22,25.016,123
2018-04-23,25.049,123
2018-04-24,24.993,123
2018-04-25,24.975,123
2018-04-26,24.95,123
2018-04-27,24.956,123
2018-04-28,24.891,123
2018-04-29,24.944,123
2018-04-30,24.821,123
2018-05-01,24.828,123
2018-05-02,24.826,123
2018-05-03,24.86,123
2018-05-04,24.846,123
2018-05-05,24.816,123
2018-05-06,24.825,123
2018-05-07,24.852,123
2018-05-08,25.006,123
2018-05-09,25.194,123
2018-05-10,25.269,123
2018-05-11,25.528,123
2018-05-12,25.56,123
2018-05-13,25.546,123
2018-05-14,25.506,123
2018-05-15,25.536,123
2018-05-16,25.633,123
2018-05-17,25.612,123
2018-05-18,25.621,123
2018-05-19,25.638,123
2018-05-20,25.59,123
2018-05-21,25.531,123
2018-05-22,25.548,123
2018-05-23,25.56,123
2018-05-24,25.508,123
2018-05-25,25.445,123
2018-05-26,25.435,123
2018-05-27,25.445,123
2018-05-28,25.45,123
2018-05-29,25.468,123
2018-05-30,25.457,123
2018-05-31,25.462,123
2018-06-01,25.541,123
2018-06-02,25.641,123
2018-06-03,25.675,123
2018-06-04,25.603,123
2018-06-05,25.54,123
2018-06-06,25.571,123
2018-06-07,25.692,123
2018-06-08,25.707,123
2018-06-09,25.743,123
2018-06-10,25.788,123
2018-06-11,26.128,123
2018-06-12,26.067,123
2018-06-13,26.052,123
2018-06-14,26.054,123
2018-06-15,26.18,123
2018-06-16,26.26,123
2018-06-17,26.3,123
2018-06-18,26.341,123
2018-06-19,26.339,123
2018-06-20,26.425,123
2018-06-21,26.486,123
2018-06-22,26.462,123
2018-06-23,26.433,123
2018-06-24,26.414,123
2018-06-25,26.388,123
2018-06-26,26.376,123
2018-06-27,26.266,123
2018-06-28,26.243,123
2018-06-29,26.241,123
2018-06-30,26.292,123
2018-07-01,26.29,123
2018-07-02,26.311,123
2018-07-03,26.288,123
2018-07-04,26.35,123
2018-07-05,26.42,123
2018-07-06,26.429,123
2018-07-07,26.43,123
2018-07-08,26.465,123
2018-07-09,26.489,123
2018-07-10,26.497,123
2018-07-11,26.501,123
2018-07-12,26.46,123
2018-07-13,26.47,123
2018-07-14,26.467,123
2018-07-15,26.567,123
2018-07-16,26.689,123
2018-07-17,26.639,123
2018-07-18,26.637,123
2018-07-19,26.674,123
2018-07-20,26.643,123
2018-07-21,26.592,123
2018-07-22,26.63,123
2018-07-23,26.692,123
2018-07-24,26.762,123
2018-07-25,26.789,123
2018-07-26,26.817,123
2018-07-27,26.823,123
2018-07-28,26.833,123
2018-07-29,26.851,123
2018-07-30,26.832,123
2018-07-31,26.814,123
2018-08-01,26.775,123
2018-08-02,26.81,123
2018-08-03,26.827,123
2018-08-04,26.844,123
2018-08-05,26.786,123
2018-08-06,26.715,123
2018-08-07,26.696,123
2018-08-08,26.703,123
2018-08-09,26.744,123
2018-08-10,26.764,123
2018-08-11,26.845,123
2018-08-12,26.938,123
2018-08-13,26.972,123
2018-08-14,26.986,123
2018-08-15,26.981,123
2018-08-16,27.165,123
2018-08-17,27.291,123
2018-08-18,27.399,123
2018-08-19,27.405,123
2018-08-20,27.291,123
2018-08-21,27.306,123
2018-08-22,27.279,123
2018-08-23,27.243,123
2018-08-24,27.183,123
2018-08-25,27.153,123
2018-08-26,27.129,123
2018-08-27,27.043,123
2018-08-28,26.992,123
2018-08-29,27.02,123
2018-08-30,26.97,123
2018-08-31,26.901,123
2018-09-01,26.857,123
2018-09-02,26.858,123
2018-09-03,27.003,123
2018-09-04,27.129,123
2018-09-05,27.111,123
2018-09-06,27.037,123
2018-09-07,26.967,123
2018-09-08,27.055,123
2018-09-09,27.111,123
2018-09-10,27.056,123
2018-09-11,27.071,123
2018-09-12,27.097,123
2018-09-13,27.118,123
2018-09-14,27.104,123
2018-09-15,27.179,123
2018-09-16,27.234,123
2018-09-17,27.213,123
2018-09-18,27.19,123
2018-09-19,27.253,123
2018-09-20,27.514,123
2018-09-21,27.556,123
2018-09-22,27.601,123
2018-09-23,27.471,123
2018-09-24,27.438,123
2018-09-25,27.587,123
2018-09-26,27.65,123
2018-09-27,27.62,123
2018-09-28,27.692,123
2018-09-29,27.593,123
2018-09-30,27.628,123
2018-10-01,27.799,123
2018-10-02,27.823,123
2018-10-03,27.796,123
2018-10-04,27.768,123
2018-10-05,27.92,123
2018-10-06,27.946,123
2018-10-07,27.905,123
2018-10-08,27.835,123
2018-10-09,27.757,123
2018-10-10,27.768,123
2018-10-11,27.798,123
2018-10-12,27.774,123
2018-10-13,27.686,123
2018-10-14,27.666,123
2018-10-15,27.634,123
2018-10-16,27.591,123
2018-10-17,27.532,123
2018-10-18,27.499,123
2018-10-19,27.514,123
2018-10-20,27.498,123
2018-10-21,27.499,123
2018-10-22,27.507,123
2018-10-23,27.478,123
2018-10-24,27.466,123
2018-10-25,27.487,123
2018-10-26,27.483,123
2018-10-27,27.475,123
2018-10-28,27.363,123
2018-10-29,27.335,123
2018-10-30,27.362,123
2018-10-31,27.337,123
2018-11-01,27.322,123
2018-11-02,27.347,123
2018-11-03,27.371,123
2018-11-04,27.368,123
2018-11-05,27.324,123
2018-11-06,27.232,123
2018-11-07,27.235,123
2018-11-08,27.443,123
2018-11-09,27.495,123
2018-11-10,27.396,123
2018-11-11,27.152,123
2018-11-12,26.979,123
2018-11-13,26.898,123
2018-11-14,26.882,123
2018-11-15,26.813,123
2018-11-16,26.708,123
2018-11-17,26.631,123
2018-11-18,26.559,123
2018-11-19,26.496,123
2018-11-20,26.333,123
2018-11-21,26.241,123
2018-11-22,26.234,123
2018-11-23,26.352,123
2018-11-24,26.334,123
2018-11-25,26.23,123
2018-11-26,26.139,123
2018-11-27,26.253,123
2018-11-28,26.286,123
2018-11-29,26.261,123
2018-11-30,26.261,123
2018-12-01,26.188,123
2018-12-02,26.178,123
2018-12-03,26.161,123
2018-12-04,26.178,123
2018-12-05,26.162,123
2018-12-06,25.969,123
2018-12-07,25.901,123
2018-12-08,25.838,123
2018-12-09,25.711,123
2018-12-10,25.605,123
2018-12-11,25.528,123
2018-12-12,25.572,123
2018-12-13,25.467,123
2018-12-14,25.4,123
2018-12-15,25.36,123
2018-12-16,25.335,123
2018-12-17,25.321,123
2018-12-18,25.26,123
2018-12-19,25.233,123
2018-12-20,25.086,123
2018-12-21,25.202,123
2018-12-22,25.234,123
2018-12-23,25.227,123
2018-12-24,25.209,123
2018-12-25,25.393,123
2018-12-26,25.413,123
2018-12-27,25.397,123
2018-12-28,25.356,123
2018-12-29,25.339,123
2018-12-30,25.324,123
2018-12-31,25.309,123
2019-01-01,25.191,123
2019-01-02,25.18,123
2019-01-03,25.126,123
2019-01-04,25.046,123
2019-01-05,25.02,123
2019-01-06,25,123
2019-01-07,24.952,123
2019-01-08,24.855,123
2019-01-09,24.874,123
2019-01-10,24.889,123
2019-01-11,24.924,123
2019-01-12,24.93,123
2019-01-13,24.983,123
2019-01-14,24.99,123
2019-01-15,24.988,123
2019-01-16,24.847,123
2019-01-17,24.813,123
2019-01-18,24.767,123
2019-01-19,24.806,123
2019-01-20,24.82,123
2019-01-21,24.877,123
2019-01-22,24.913,123
2019-01-23,24.923,123
2019-01-24,24.894,123
2019-01-25,24.791,123
2019-01-26,24.688,123
2019-01-27,24.404,123
2019-01-28,24.272,123
2019-01-29,24.242,123
2019-01-30,24.175,123
2019-01-31,24.18,123
2019-02-01,24.2,123
2019-02-02,24.203,123
2019-02-03,24.178,123
2019-02-04,24.115,123
2019-02-05,24.132,123
2019-02-06,24.195,123
2019-02-07,24.29,123
2019-02-08,23.983,123
2019-02-09,23.931,123
2019-02-10,23.86,123
2019-02-11,23.713,123
2019-02-12,23.58,123
2019-02-13,23.545,123
2019-02-14,23.519,123
2019-02-15,23.449,123
2019-02-16,23.455,123
2019-02-17,23.517,123
2019-02-18,23.554,123
2019-02-19,23.715,123
2019-02-20,23.783,123
2019-02-21,23.903,123
2019-02-22,23.868,123
2019-02-23,23.923,123
2019-02-24,23.98,123
2019-02-25,23.957,123
2019-02-26,23.939,123
2019-02-27,23.927,123
2019-02-28,23.855,123
2019-03-01,23.854,123
2019-03-02,23.87,123
2019-03-03,23.866,123
2019-03-04,23.867,123
2019-03-05,23.841,123
2019-03-06,23.86,123
2019-03-07,23.878,123
2019-03-08,23.764,123
2019-03-09,23.75,123
2019-03-10,23.748,123
2019-03-11,23.776,123
2019-03-12,23.878,123
2019-03-13,23.923,123
2019-03-14,23.908,123
2019-03-15,23.902,123
2019-03-16,24.019,123
2019-03-17,23.993,123
2019-03-18,23.895,123
2019-03-19,23.86,123
2019-03-20,23.915,123
2019-03-21,23.95,123
2019-03-22,23.962,123
2019-03-23,23.97,123
2019-03-24,24.012,123
2019-03-25,24.074,123
2019-03-26,24.228,123
2019-03-27,24.275,123
2019-03-28,24.485,123
2019-03-29,24.828,123
2019-03-30,24.761,123
2019-03-31,24.804,123
2019-04-01,24.797,123
2019-04-02,24.719,123
2019-04-03,24.538,123
2019-04-04,24.68,123
2019-04-05,24.778,123
2019-04-06,24.883,123
2019-04-07,24.827,123
2019-04-08,24.786,123
2019-04-09,24.809,123
2019-04-10,24.757,123
2019-04-11,24.695,123
2019-04-12,24.736,123
2019-04-13,24.785,123
2019-04-14,24.787,123
2019-04-15,24.776,123
2019-04-16,25.034,123
2019-04-17,25.075,123
2019-04-18,24.902,123
2019-04-19,24.883,123
2019-04-20,24.902,123
2019-04-21,24.969,123
2019-04-22,24.957,123
2019-04-23,24.949,123
2019-04-24,24.969,123
2019-04-25,24.925,123
2019-04-26,24.933,123
2019-04-27,24.986,123
2019-04-28,25.232,123
2019-04-29,25.371,123
2019-04-30,25.363,123
2019-05-01,25.33,123
2019-05-02,25.352,123
2019-05-03,25.397,123
2019-05-04,25.401,123
2019-05-05,25.406,123
2019-05-06,25.413,123
2019-05-07,25.402,123
2019-05-08,25.627,123
2019-05-09,25.66,123
2019-05-10,25.637,123
2019-05-11,25.783,123
2019-05-12,25.931,123
2019-05-13,26.038,123
2019-05-14,26.207,123
2019-05-15,26.064,123
2019-05-16,26.109,123
2019-05-17,26.085,123
2019-05-18,26.084,123
2019-05-19,26.107,123
2019-05-20,26.302,123
2019-05-21,26.433,123
2019-05-22,26.53,123
2019-05-23,26.651,123
2019-05-24,26.649,123
2019-05-25,26.633,123
2019-05-26,26.455,123
2019-05-27,26.656,123
2019-05-28,26.852,123
2019-05-29,26.924,123
2019-05-30,27.01,123
2019-05-31,26.798,123
2019-06-01,26.707,123
2019-06-02,26.7,123
2019-06-03,26.66,123
2019-06-04,26.582,123
2019-06-05,26.583,123
2019-06-06,26.589,123
2019-06-07,26.737,123
2019-06-08,26.764,123
2019-06-09,26.825,123
2019-06-10,26.907,123
2019-06-11,26.948,123
2019-06-12,26.893,123
2019-06-13,26.943,123
2019-06-14,26.985,123
2019-06-15,26.97,123
2019-06-16,26.942,123
2019-06-17,26.953,123
2019-06-18,27.02,123
2019-06-19,26.971,123
2019-06-20,26.956,123
2019-06-21,26.966,123
2019-06-22,26.966,123
2019-06-23,26.961,123
2019-06-24,27.018,123
2019-06-25,26.982,123
2019-06-26,26.946,123
2019-06-27,26.96,123
2019-06-28,27.122,123
2019-06-29,27.2,123
2019-06-30,27.32,123
2019-07-01,27.51,123
2019-07-02,27.689,123
2019-07-03,27.742,123
2019-07-04,27.747,123
2019-07-05,27.725,123
2019-07-06,27.815,123
2019-07-07,27.879,123
2019-07-08,27.774,123
2019-07-09,27.63,123
2019-07-10,27.659,123
2019-07-11,27.672,123
2019-07-12,27.586,123
2019-07-13,27.566,123
2019-07-14,27.639,123
2019-07-15,27.641,123
2019-07-16,27.585,123
2019-07-17,27.587,123
2019-07-18,27.593,123
2019-07-19,27.595,123
2019-07-20,27.507,123
2019-07-21,27.53,123
2019-07-22,27.505,123
2019-07-23,27.659,123
2019-07-24,27.721,123
2019-07-25,27.747,123
2019-07-26,27.779,123
2019-07-27,27.766,123
2019-07-28,27.631,123
2019-07-29,27.685,123
2019-07-30,27.747,123
2019-07-31,27.647,123
2019-08-01,27.446,123
2019-08-02,27.504,123
2019-08-03,27.419,123
2019-08-04,27.526,123
2019-08-05,27.561,123
2019-08-06,27.977,123
2019-08-07,28.056,123
2019-08-08,28.097,123
2019-08-09,28.209,123
2019-08-10,28.185,123
2019-08-11,28.159,123
2019-08-12,28.125,123
2019-08-13,28.146,123
2019-08-14,28.173,123
2019-08-15,28.147,123
2019-08-16,28.131,123
2019-08-17,28.176,123
2019-08-18,28.214,123
2019-08-19,28.219,123
2019-08-20,28.125,123
2019-08-21,28.254,123
2019-08-22,28.321,123
2019-08-23,28.371,123
2019-08-24,28.349,123
2019-08-25,28.277,123
2019-08-26,28.185,123
2019-08-27,28.204,123
2019-08-28,28.35,123
2019-08-29,28.396,123
2019-08-30,28.401,123
2019-08-31,28.283,123
2019-09-01,28.131,123
2019-09-02,28.182,123
2019-09-03,28.216,123
2019-09-04,28.365,123
2019-09-05,28.483,123
2019-09-06,28.463,123
2019-09-07,28.395,123
2019-09-08,28.336,123
2019-09-09,28.178,123
2019-09-10,28.123,123
2019-09-11,27.97,123
2019-09-12,28.091,123
2019-09-13,28.144,123
2019-09-14,28.26,123
2019-09-15,28.252,123
2019-09-16,28.349,123
2019-09-17,28.372,123
2019-09-18,28.335,123
2019-09-19,28.273,123
2019-09-20,28.151,123
2019-09-21,28.264,123
2019-09-22,28.327,123
2019-09-23,28.323,123
2019-09-24,28.201,123
2019-09-25,28.552,123
2019-09-26,28.621,123
2019-09-27,28.467,123
2019-09-28,28.466,123
2019-09-29,28.29,123
2019-09-30,28.159,123
2019-10-01,28.04,123
2019-10-02,27.863,123
2019-10-03,27.829,123
2019-10-04,27.769,123
2019-10-05,27.826,123
2019-10-06,27.866,123
2019-10-07,27.922,123
2019-10-08,28.078,123
2019-10-09,28.108,123
2019-10-10,28.077,123
2019-10-11,27.978,123
2019-10-12,27.938,123
2019-10-13,27.999,123
2019-10-14,28.025,123
2019-10-15,28.031,123
2019-10-16,27.997,123
2019-10-17,27.912,123
2019-10-18,27.879,123
2019-10-19,27.867,123
2019-10-20,27.872,123
2019-10-21,27.874,123
2019-10-22,27.96,123
2019-10-23,27.977,123
2019-10-24,27.958,123
2019-10-25,27.899,123
2019-10-26,27.818,123
2019-10-27,27.806,123
2019-10-28,27.745,123
2019-10-29,27.756,123
2019-10-30,27.838,123
2019-10-31,27.896,123
2019-11-01,27.862,123
2019-11-02,27.832,123
2019-11-03,27.832,123
2019-11-04,27.828,123
2019-11-05,27.822,123
2019-11-06,27.634,123
2019-11-07,27.589,123
2019-11-08,27.581,123
2019-11-09,27.692,123
2019-11-10,27.736,123
2019-11-11,27.774,123
2019-11-12,27.833,123
2019-11-13,27.787,123
2019-11-14,27.807,123
2019-11-15,27.808,123
2019-11-16,27.819,123
2019-11-17,27.652,123
2019-11-18,27.655,123
2019-11-19,27.675,123
2019-11-20,27.622,123
2019-11-21,27.553,123
2019-11-22,27.446,123
2019-11-23,27.304,123
2019-11-24,27.268,123
2019-11-25,27.192,123
2019-11-26,27.27,123
2019-11-27,27.382,123
2019-11-28,27.208,123
2019-11-29,27.114,123
2019-11-30,27.09,123
2019-12-01,26.957,123
2019-12-02,26.799,123
2019-12-03,26.863,123
2019-12-04,26.865,123
2019-12-05,26.875,123
2019-12-06,26.618,123
2019-12-07,26.743,123
2019-12-08,26.826,123
2019-12-09,27.065,123
2019-12-10,27.011,123
2019-12-11,26.955,123
2019-12-12,26.888,123
2019-12-13,26.837,123
2019-12-14,26.637,123
2019-12-15,26.534,123
2019-12-16,26.521,123
2019-12-17,26.33,123
2019-12-18,26.185,123
2019-12-19,26.256,123
2019-12-20,26.29,123
2019-12-21,26.261,123
2019-12-22,26.185,123
2019-12-23,26.417,123
2019-12-24,26.427,123
2019-12-25,26.241,123
2019-12-26,25.897,123
2019-12-27,25.894,123
2019-12-28,25.871,123
2019-12-29,25.857,123
2019-12-30,25.862,123
2019-12-31,25.918,123
2020-01-01,25.922,123
2020-01-02,25.772,123
2020-01-03,25.746,123
2020-01-04,25.754,123
2020-01-05,25.735,123
2020-01-06,25.676,123
2020-01-07,25.658,123
2020-01-08,25.67,123
2020-01-09,25.604,123
2020-01-10,25.51,123
2020-01-11,25.47,123
2020-01-12,25.406,123
2020-01-13,25.328,123
2020-01-14,25.279,123
2020-01-15,25.266,123
2020-01-16,25.213,123
2020-01-17,25.134,123
2020-01-18,25.122,123
2020-01-19,25.097,123
2020-01-20,25.065,123
2020-01-21,25.121,123
2020-01-22,25.193,123
2020-01-23,25.22,123
2020-01-24,25.271,123
2020-01-25,25.409,123
2020-01-26,25.359,123
2020-01-27,25.393,123
2020-01-28,25.423,123
2020-01-29,25.259,123
2020-01-30,25.19,123
2020-01-31,25.173,123
2020-02-01,25.282,123
2020-02-02,25.219,123
2020-02-03,25.17,123
2020-02-04,25.158,123
2020-02-05,25.122,123
2020-02-06,25.047,123
2020-02-07,24.995,123
2020-02-08,24.946,123
2020-02-09,24.829,123
2020-02-10,24.758,123
2020-02-11,24.688,123
2020-02-12,24.704,123
2020-02-13,24.77,123
2020-02-14,24.792,123
2020-02-15,24.704,123
2020-02-16,24.605,123
2020-02-17,24.531,123
2020-02-18,24.454,123
2020-02-19,24.411,123
2020-02-20,24.334,123
2020-02-21,24.392,123
2020-02-22,24.474,123
2020-02-23,24.524,123
2020-02-24,24.527,123
2020-02-25,24.368,123
2020-02-26,24.412,123
2020-02-27,24.441,123
2020-02-28,24.418,123
2020-02-29,24.328,123
2020-03-01,24.348,123
2020-03-02,24.383,123
2020-03-03,24.541,123
2020-03-04,24.856,123
2020-03-05,24.726,123
2020-03-06,24.674,123
2020-03-07,24.644,123
2020-03-08,24.497,123
2020-03-09,24.537,123
2020-03-10,24.557,123
2020-03-11,24.577,123
2020-03-12,24.582,123
2020-03-13,24.681,123
2020-03-14,24.656,123
2020-03-15,24.643,123
2020-03-16,24.614,123
2020-03-17,24.663,123
2020-03-18,24.689,123
2020-03-19,24.81,123
2020-03-20,24.861,123
2020-03-21,24.837,123
2020-03-22,24.8,123
2020-03-23,24.609,123
2020-03-24,24.507,123
2020-03-25,24.49,123
2020-03-26,24.48,123
2020-03-27,24.367,123
2020-03-28,24.393,123
2020-03-29,24.411,123
2020-03-30,24.429,123
2020-03-31,24.534,123
2020-04-01,24.775,123
2020-04-02,24.765,123
2020-04-03,24.853,123
2020-04-04,24.938,123
2020-04-05,24.927,123
2020-04-06,25.002,123
2020-04-07,24.96,123
2020-04-08,24.977,123
2020-04-09,24.958,123
2020-04-10,25.02,123
2020-04-11,24.994,123
2020-04-12,25.033,123
2020-04-13,25.056,123
2020-04-14,24.987,123
2020-04-15,24.989,123
2020-04-16,25.002,123
2020-04-17,25.01,123
2020-04-18,25.066,123
2020-04-19,25.46,123
2020-04-20,25.59,123
2020-04-21,25.708,123
2020-04-22,25.841,123
2020-04-23,25.707,123
2020-04-24,25.491,123
2020-04-25,25.443,123
2020-04-26,25.364,123
2020-04-27,25.388,123
2020-04-28,25.364,123
2020-04-29,25.369,123
2020-04-30,25.317,123
2020-05-01,25.265,123
2020-05-02,25.287,123
2020-05-03,25.306,123
2020-05-04,25.356,123
2020-05-05,25.343,123
2020-05-06,25.42,123
2020-05-07,25.465,123
2020-05-08,25.402,123
2020-05-09,25.257,123
2020-05-10,25.315,123
2020-05-11,25.32,123
2020-05-12,25.319,123
2020-05-13,25.343,123
2020-05-14,25.355,123
2020-05-15,25.462,123
2020-05-16,25.751,123
2020-05-17,25.75,123
2020-05-18,25.757,123
2020-05-19,25.699,123
2020-05-20,25.653,123
2020-05-21,25.657,123
2020-05-22,25.687,123
2020-05-23,25.79,123
2020-05-24,25.881,123
2020-05-25,25.953,123
2020-05-26,25.951,123
2020-05-27,25.937,123
2020-05-28,25.742,123
2020-05-29,25.898,123
2020-05-30,25.9,123
2020-05-31,25.938,123
2020-06-01,26.085,123
2020-06-02,26.225,123
2020-06-03,26.22,123
2020-06-04,26.22,123
2020-06-05,26.159,123
2020-06-06,26.139,123
2020-06-07,26.115,123
2020-06-08,26.242,123
2020-06-09,26.379,123
2020-06-10,26.251,123
2020-06-11,26.14,123
2020-06-12,26.029,123
2020-06-13,26.068,123
2020-06-14,26.098,123
2020-06-15,26.122,123
2020-06-16,26.031,123
2020-06-17,26.109,123
2020-06-18,26.167,123
2020-06-19,26.209,123
2020-06-20,26.104,123
2020-06-21,26.238,123
2020-06-22,26.239,123
2020-06-23,26.319,123
2020-06-24,26.362,123
2020-06-25,26.49,123
2020-06-26,26.487,123
2020-06-27,26.45,123
2020-06-28,26.423,123
2020-06-29,26.501,123
2020-06-30,26.593,123
2020-07-01,26.688,123
2020-07-02,26.729,123
2020-07-03,26.792,123
2020-07-04,26.848,123
2020-07-05,26.936,123
2020-07-06,26.864,123
2020-07-07,26.816,123
2020-07-08,26.723,123
2020-07-09,26.736,123
2020-07-10,26.724,123
2020-07-11,26.72,123
2020-07-12,26.713,123
2020-07-13,26.667,123
2020-07-14,26.712,123
2020-07-15,26.721,123
2020-07-16,26.895,123
2020-07-17,26.983,123
2020-07-18,26.925,123
2020-07-19,26.938,123
2020-07-20,26.883,123
2020-07-21,26.756,123
2020-07-22,26.787,123
2020-07-23,26.903,123
2020-07-24,26.885,123
2020-07-25,26.913,123
2020-07-26,26.897,123
2020-07-27,26.925,123
2020-07-28,26.767,123
2020-07-29,26.609,123
2020-07-30,26.631,123
2020-07-31,26.623,123
2020-08-01,26.617,123
2020-08-02,26.652,123
2020-08-03,26.692,123
2020-08-04,26.704,123
2020-08-05,26.671,123
2020-08-06,26.764,123
2020-08-07,26.816,123
2020-08-08,26.79,123
2020-08-09,26.79,123
2020-08-10,26.824,123
2020-08-11,26.871,123
2020-08-12,26.886,123
2020-08-13,26.853,123
2020-08-14,26.888,123
2020-08-15,26.925,123
2020-08-16,26.912,123
2020-08-17,26.849,123
2020-08-18,26.782,123
2020-08-19,26.772,123
2020-08-20,26.802,123
2020-08-21,26.86,123
2020-08-22,26.881,123
2020-08-23,26.856,123
2020-08-24,26.884,123
2020-08-25,26.986,123
2020-08-26,26.975,123
2020-08-27,26.961,123
2020-08-28,26.973,123
2020-08-29,27.014,123
2020-08-30,26.956,123
2020-08-31,26.903,123
2020-09-01,26.806,123
2020-09-02,27.032,123
2020-09-03,27.085,123
2020-09-04,27.152,123
2020-09-05,27.017,123
2020-09-06,26.951,123
2020-09-07,26.951,123
2020-09-08,27,123
2020-09-09,27.056,123
2020-09-10,27.134,123
2020-09-11,27.175,123
2020-09-12,27.297,123
2020-09-13,27.4,123
2020-09-14,27.354,123
2020-09-15,27.335,123
2020-09-16,27.301,123
2020-09-17,27.347,123
2020-09-18,27.381,123
2020-09-19,27.371,123
2020-09-20,27.253,123
2020-09-21,27.204,123
2020-09-22,27.137,123
2020-09-23,27.109,123
2020-09-24,27.058,123
2020-09-25,27.131,123
2020-09-26,27.134,123
2020-09-27,27.186,123
2020-09-28,27.249,123
2020-09-29,27.296,123
2020-09-30,27.343,123
2020-10-01,27.517,123
2020-10-02,27.846,123
2020-10-03,27.687,123
2020-10-04,27.528,123
2020-10-05,27.605,123
2020-10-06,27.653,123
2020-10-07,27.569,123
2020-10-08,27.558,123
2020-10-09,27.552,123
2020-10-10,27.502,123
2020-10-11,27.452,123
2020-10-12,27.374,123
2020-10-13,27.735,123
2020-10-14,27.807,123
2020-10-15,27.785,123
2020-10-16,27.703,123
2020-10-17,27.709,123
2020-10-18,27.653,123
2020-10-19,27.626,123
2020-10-20,27.607,123
2020-10-21,27.553,123
2020-10-22,27.583,123
2020-10-23,27.564,123
2020-10-24,27.776,123
2020-10-25,27.869,123
2020-10-26,27.849,123
2020-10-27,27.838,123
2020-10-28,27.698,123
2020-10-29,27.571,123
2020-10-30,27.529,123
2020-10-31,27.547,123
2020-11-01,27.451,123
2020-11-02,27.287,123
2020-11-03,27.328,123
2020-11-04,27.331,123
2020-11-05,27.32,123
2020-11-06,27.197,123
2020-11-07,27.133,123
2020-11-08,27.111,123
2020-11-09,27.036,123
2020-11-10,26.984,123
2020-11-11,26.915,123
2020-11-12,26.883,123
2020-11-13,26.76,123
2020-11-14,26.657,123
2020-11-15,26.746,123
2020-11-16,26.812,123
2020-11-17,26.763,123
2020-11-18,26.676,123
2020-11-19,26.656,123
2020-11-20,26.636,123
2020-11-21,26.596,123
2020-11-22,26.588,123
2020-11-23,26.539,123
2020-11-24,26.617,123
2020-11-25,26.536,123
2020-11-26,26.511,123
2020-11-27,26.5,123
2020-11-28,26.428,123
2020-11-29,26.327,123
2020-11-30,26.323,123
2020-12-01,26.283,123
2020-12-02,26.31,123
2020-12-03,26.342,123
2020-12-04,26.247,123
2020-12-05,26.231,123
2020-12-06,26.245,123
2020-12-07,26.346,123
2020-12-08,26.33,123
2020-12-09,26.293,123
2020-12-10,26.33,123
2020-12-11,26.314,123
2020-12-12,26.278,123
2020-12-13,26.274,123
2020-12-14,26.279,123
2020-12-15,26.281,123
2020-12-16,26.298,123
2020-12-17,26.3,123
2020-12-18,26.163,123
2020-12-19,26.129,123
2020-12-20,26.154,123
2020-12-21,26.212,123
2020-12-22,26.232,123
2020-12-23,26.29,123
2020-12-24,26.328,123
2020-12-25,26.198,123
2020-12-26,26.072,123
2020-12-27,26.061,123
2020-12-28,26.084,123
2020-12-29,26.039,123
2020-12-30,25.877,123
2020-12-31,25.913,123
2021-01-01,25.925,123
2021-01-02,25.83,123
2021-01-03,25.81,123
2021-01-04,25.789,123
2021-01-05,25.775,123
2021-01-06,25.704,123
2021-01-07,25.742,123
2021-01-08,25.739,123
2021-01-09,25.754,123
2021-01-10,25.667,123
2021-01-11,25.68,123
2021-01-12,25.704,123
2021-01-13,25.748,123
2021-01-14,25.72,123
2021-01-15,25.759,123
2021-01-16,25.787,123
2021-01-17,25.794,123
2021-01-18,25.691,123
2021-01-19,25.637,123
2021-01-20,25.566,123
2021-01-21,25.37,123
2021-01-22,25.315,123
2021-01-23,25.351,123
2021-01-24,25.468,123
2021-01-25,25.487,123
2021-01-26,25.382,123
2021-01-27,25.179,123
2021-01-28,25.188,123
2021-01-29,25.091,123
2021-01-30,25.04,123
2021-01-31,25.08,123
2021-02-01,25.115,123
2021-02-02,25.099,123
2021-02-03,25.056,123
2021-02-04,25.053,123
2021-02-05,25.07,123
2021-02-06,24.991,123
2021-02-07,25.092,123
2021-02-08,25.111,123
2021-02-09,25.109,123
2021-02-10,24.848,123
2021-02-11,24.891,123
2021-02-12,24.928,123
2021-02-13,25.036,123
2021-02-14,25.272,123
2021-02-15,25.378,123
2021-02-16,25.553,123
2021-02-17,25.583,123
2021-02-18,25.408,123
2021-02-19,25.138,123
2021-02-20,25.108,123
2021-02-21,25.023,123
2021-02-22,24.972,123
2021-02-23,25.003,123
2021-02-24,24.999,123
2021-02-25,24.905,123
2021-02-26,24.788,123
2021-02-27,24.799,123
2021-02-28,24.816,123
2021-03-01,24.729,123
2021-03-02,24.55,123
2021-03-03,24.531,123
2021-03-04,24.51,123
2021-03-05,24.473,123
2021-03-06,24.533,123
2021-03-07,24.548,123
2021-03-08,24.546,123
2021-03-09,24.573,123
2021-03-10,24.736,123
2021-03-11,24.794,123
2021-03-12,24.803,123
2021-03-13,24.67,123
2021-03-14,24.815,123
2021-03-15,24.849,123
2021-03-16,24.783,123
2021-03-17,24.439,123
2021-03-18,24.535,123
2021-03-19,24.56,123
2021-03-20,24.533,123
2021-03-21,24.447,123
2021-03-22,24.675,123
2021-03-23,25.116,123
2021-03-24,25.089,123
2021-03-25,25.05,123
2021-03-26,24.99,123
2021-03-27,24.874,123
2021-03-28,24.823,123
2021-03-29,24.781,123
2021-03-30,24.777,123
2021-03-31,24.794,123
2021-04-01,24.69,123
2021-04-02,24.654,123
2021-04-03,24.701,123
2021-04-04,24.632,123
2021-04-05,24.584,123
2021-04-06,24.577,123
2021-04-07,24.564,123
2021-04-08,24.413,123
2021-04-09,24.422,123
2021-04-10,24.455,123
2021-04-11,24.499,123
2021-04-12,24.444,123
2021-04-13,24.473,123
2021-04-14,24.514,123
2021-04-15,24.579,123
2021-04-16,24.637,123
2021-04-17,24.711,123
2021-04-18,24.683,123
2021-04-19,24.667,123
2021-04-20,24.754,123
2021-04-21,25.003,123
2021-04-22,25.192,123
2021-04-23,25.168,123
2021-04-24,25.118,123
2021-04-25,25.083,123
2021-04-26,25.094,123
2021-04-27,25.105,123
2021-04-28,25.115,123
2021-04-29,25.148,123
2021-04-30,25.066,123
2021-05-01,24.984,123
2021-05-02,25.098,123
2021-05-03,25.191,123
2021-05-04,25.194,123
2021-05-05,25.176,123
2021-05-06,25.156,123
2021-05-07,25.167,123
2021-05-08,25.17,123
2021-05-09,25.163,123
2021-05-10,25.163,123
2021-05-11,25.185,123
2021-05-12,25.204,123
2021-05-13,25.192,123
2021-05-14,25.153,123
2021-05-15,25.034,123
2021-05-16,24.967,123
2021-05-17,24.955,123
2021-05-18,24.966,123
2021-05-19,24.958,123
2021-05-20,24.92,123
2021-05-21,24.978,123
2021-05-22,25.06,123
2021-05-23,25.201,123
2021-05-24,25.379,123
2021-05-25,25.596,123
2021-05-26,25.49,123
2021-05-27,25.475,123
2021-05-28,25.541,123
2021-05-29,25.64,123
2021-05-30,25.785,123
2021-05-31,25.883,123
2021-06-01,26.017,123
2021-06-02,25.99,123
2021-06-03,26.012,123
2021-06-04,25.986,123
2021-06-05,25.968,123
2021-06-06,25.81,123
2021-06-07,25.83,123
2021-06-08,25.855,123
2021-06-09,25.74,123
2021-06-10,25.706,123
2021-06-11,25.867,123
2021-06-12,25.965,123
2021-06-13,25.953,123
2021-06-14,25.928,123
2021-06-15,25.993,123
2021-06-16,26.044,123
2021-06-17,26.073,123
2021-06-18,26.089,123
2021-06-19,26.12,123
2021-06-20,26.091,123
2021-06-21,26.1,123
2021-06-22,26.155,123
2021-06-23,26.162,123
2021-06-24,26.229,123
2021-06-25,26.523,123
2021-06-26,26.459,123
2021-06-27,26.451,123
2021-06-28,26.485,123
2021-06-29,26.575,123
2021-06-30,26.505,123
2021-07-01,26.49,123
2021-07-02,26.39,123
2021-07-03,26.184,123
2021-07-04,26.196,123
2021-07-05,26.216,123
2021-07-06,26.236,123
2021-07-07,26.239,123
2021-07-08,26.343,123
2021-07-09,26.501,123
2021-07-10,26.505,123
2021-07-11,26.465,123
2021-07-12,26.547,123
2021-07-13,26.573,123
2021-07-14,26.611,123
2021-07-15,26.678,123
2021-07-16,26.627,123
2021-07-17,26.568,123
2021-07-18,26.566,123
2021-07-19,26.604,123
2021-07-20,26.61,123
2021-07-21,26.581,123
2021-07-22,26.508,123
2021-07-23,26.611,123
2021-07-24,26.664,123
2021-07-25,26.643,123
2021-07-26,26.598,123
2021-07-27,26.634,123
2021-07-28,26.586,123
2021-07-29,26.632,123
2021-07-30,26.702,123
2021-07-31,26.605,123
2021-08-01,26.585,123
2021-08-02,26.495,123
2021-08-03,26.421,123
2021-08-04,26.36,123
2021-08-05,26.343,123
2021-08-06,26.349,123
2021-08-07,26.382,123
2021-08-08,26.349,123
2021-08-09,26.364,123
2021-08-10,26.37,123
2021-08-11,26.578,123
2021-08-12,26.551,123
2021-08-13,26.524,123
2021-08-14,26.497,123
2021-08-15,26.492,123
2021-08-16,26.522,123
2021-08-17,26.57,123
2021-08-18,26.703,123
2021-08-19,26.676,123
2021-08-20,26.672,123
2021-08-21,26.638,123
2021-08-22,26.564,123
2021-08-23,26.57,123
2021-08-24,26.62,123
2021-08-25,26.505,123
2021-08-26,26.501,123
2021-08-27,26.565,123
2021-08-28,26.608,123
2021-08-29,26.664,123
2021-08-30,26.669,123
2021-08-31,26.71,123
2021-09-01,26.787,123
2021-09-02,26.674,123
2021-09-03,26.516,123
2021-09-04,26.395,123
2021-09-05,26.362,123
2021-09-06,26.411,123
2021-09-07,26.511,123
2021-09-08,26.424,123
2021-09-09,26.369,123
2021-09-10,26.348,123
2021-09-11,26.431,123
2021-09-12,26.423,123
2021-09-13,26.433,123
2021-09-14,26.545,123
2021-09-15,26.625,123
2021-09-16,26.611,123
2021-09-17,26.59,123
2021-09-18,26.427,123
2021-09-19,26.538,123
2021-09-20,26.574,123
2021-09-21,26.362,123
2021-09-22,26.275,123
2021-09-23,26.325,123
2021-09-24,26.346,123
2021-09-25,26.485,123
2021-09-26,26.596,123
2021-09-27,26.53,123
2021-09-28,26.41,123
2021-09-29,26.46,123
2021-09-30,26.58,123
2021-10-01,26.518,123
2021-10-02,26.492,123
2021-10-03,26.524,123
2021-10-04,26.559,123
2021-10-05,26.566,123
2021-10-06,26.546,123
2021-10-07,26.427,123
2021-10-08,26.393,123
2021-10-09,26.34,123
2021-10-10,26.302,123
2021-10-11,26.223,123
2021-10-12,26.268,123
2021-10-13,26.318,123
2021-10-14,26.263,123
2021-10-15,26.23,123
2021-10-16,26.285,123
2021-10-17,26.285,123
2021-10-18,26.339,123
2021-10-19,26.232,123
2021-10-20,26.275,123
2021-10-21,26.324,123
2021-10-22,26.303,123
2021-10-23,26.318,123
2021-10-24,26.302,123
2021-10-25,26.28,123
2021-10-26,26.295,123
2021-10-27,26.3,123
2021-10-28,26.35,123
2021-10-29,26.392,123
2021-10-30,26.556,123
2021-10-31,26.622,123
2021-11-01,26.689,123
2021-11-02,26.646,123
2021-11-03,26.557,123
2021-11-04,26.454,123
2021-11-05,26.407,123
2021-11-06,26.258,123
2021-11-07,26.233,123
2021-11-08,26.221,123
2021-11-09,26.245,123
2021-11-10,26.214,123
2021-11-11,26.319,123
2021-11-12,26.389,123
2021-11-13,26.384,123
2021-11-14,26.369,123
2021-11-15,26.337,123
2021-11-16,26.446,123
2021-11-17,26.355,123
2021-11-18,26.348,123
2021-11-19,26.316,123
2021-11-20,26.36,123
2021-11-21,26.275,123
2021-11-22,26.225,123
2021-11-23,26.206,123
2021-11-24,26.242,123
2021-11-25,26.22,123
2021-11-26,26.078,123
2021-11-27,25.943,123
2021-11-28,25.931,123
2021-11-29,25.953,123
2021-11-30,26.054,123
2021-12-01,26.151,123
2021-12-02,26.164,123
2021-12-03,26.142,123
2021-12-04,26.128,123
2021-12-05,26.094,123
2021-12-06,25.954,123
2021-12-07,25.766,123
2021-12-08,25.601,123
2021-12-09,25.559,123
2021-12-10,25.482,123
2021-12-11,25.464,123
2021-12-12,25.482,123
2021-12-13,25.498,123
2021-12-14,25.458,123
2021-12-15,25.417,123
2021-12-16,25.444,123
2021-12-17,25.469,123
2021-12-18,25.453,123
2021-12-19,25.399,123
2021-12-20,25.268,123
2021-12-21,25.247,123
2021-12-22,25.219,123
2021-12-23,25.044,123
2021-12-24,25.012,123
2021-12-25,24.981,123
2021-12-26,25.001,123
2021-12-27,24.937,123
2021-12-28,24.894,123
2021-12-29,24.889,123
2021-12-30,24.899,123
2021-12-31,24.927,123
2022-01-01,24.931,123
2022-01-02,24.992,123
2022-01-03,24.965,123
2022-01-04,24.967,123
2022-01-05,24.938,123
2022-01-06,24.955,123
2022-01-07,24.89,123
2022-01-08,24.927,123
2022-01-09,24.936,123
2022-01-10,24.93,123
2022-01-11,24.952,123
2022-01-12,24.954,123
2022-01-13,24.949,123
2022-01-14,24.951,123
2022-01-15,24.98,123
2022-01-16,25.033,123
2022-01-17,25.125,123
2022-01-18,25.207,123
2022-01-19,25.3,123
2022-01-20,25.232,123
2022-01-21,25.197,123
2022-01-22,25.126,123
2022-01-23,25.066,123
2022-01-24,25.029,123
2022-01-25,24.987,123
2022-01-26,24.988,123
2022-01-27,24.982,123
2022-01-28,24.987,123
2022-01-29,24.926,123
2022-01-30,24.934,123
2022-01-31,24.966,123
2022-02-01,25,123
2022-02-02,24.999,123
2022-02-03,24.98,123
2022-02-04,24.939,123
2022-02-05,24.997,123
2022-02-06,24.95,123
2022-02-07,24.904,123
2022-02-08,24.825,123
2022-02-09,24.929,123
2022-02-10,24.947,123
2022-02-11,24.957,123
2022-02-12,24.876,123
2022-02-13,24.791,123
2022-02-14,24.753,123
2022-02-15,24.746,123
2022-02-16,24.818,123
2022-02-17,24.794,123
2022-02-18,24.777,123
2022-02-19,24.726,123
2022-02-20,24.759,123
2022-02-21,24.75,123
2022-02-22,24.739,123
2022-02-23,24.74,123
2022-02-24,24.719,123
2022-02-25,24.738,123
2022-02-26,24.838,123
2022-02-27,24.957,123
2022-02-28,24.99,123
2022-03-01,24.99,123
2022-03-02,25.081,123
2022-03-03,25.15,123
2022-03-04,25.023,123
2022-03-05,25.021,123
2022-03-06,25.035,123
2022-03-07,25.16,123
2022-03-08,25.135,123
2022-03-09,25.028,123
2022-03-10,25.102,123
2022-03-11,25.123,123
2022-03-12,25.148,123
2022-03-13,25.107,123
2022-03-14,25.08,123
2022-03-15,25.156,123
2022-03-16,25.142,123
2022-03-17,25.179,123
2022-03-18,25.092,123
2022-03-19,25.201,123
2022-03-20,25.237,123
2022-03-21,25.339,123
2022-03-22,25.227,123
2022-03-23,25.192,123
2022-03-24,25.16,123
2022-03-25,25.108,123
2022-03-26,24.988,123
2022-03-27,25.006,123
2022-03-28,24.991,123
2022-03-29,25.121,123
2022-03-30,25.118,123
2022-03-31,24.99,123
2022-04-01,24.908,123
2022-04-02,24.83,123
2022-04-03,24.836,123
2022-04-04,24.804,123
2022-04-05,24.832,123
2022-04-06,24.838,123
2022-04-07,24.747,123
2022-04-08,24.846,123
2022-04-09,24.874,123
2022-04-10,24.944,123
2022-04-11,25.014,123
2022-04-12,25.028,123
2022-04-13,25.054,123
2022-04-14,24.881,123
2022-04-15,24.831,123
2022-04-16,24.816,123
2022-04-17,24.757,123
2022-04-18,24.723,123
2022-04-19,24.813,123
2022-04-20,24.859,123
2022-04-21,24.929,123
2022-04-22,24.832,123
2022-04-23,24.968,123
2022-04-24,24.951,123
2022-04-25,24.946,123
2022-04-26,24.873,123
2022-04-27,24.946,123
2022-04-28,25.026,123
2022-04-29,25.076,123
2022-04-30,25.095,123
2022-05-01,25.141,123
2022-05-02,25.112,123
2022-05-03,25.039,123
2022-05-04,24.969,123
2022-05-05,24.974,123
2022-05-06,24.924,123
2022-05-07,24.919,123
2022-05-08,24.862,123
2022-05-09,24.69,123
2022-05-10,24.68,123
2022-05-11,24.689,123
2022-05-12,24.905,123
2022-05-13,24.99,123
2022-05-14,25.071,123
2022-05-15,25.119,123
2022-05-16,25.197,123
2022-05-17,25.225,123
2022-05-18,25.237,123
2022-05-19,25.279,123
2022-05-20,25.948,123
2022-05-21,25.962,123
2022-05-22,25.852,123
2022-05-23,25.53,123
2022-05-24,25.526,123
2022-05-25,25.576,123
2022-05-26,25.561,123
2022-05-27,25.551,123
2022-05-28,25.506,123
2022-05-29,25.529,123
2022-05-30,25.452,123
2022-05-31,25.462,123
2022-06-01,25.525,123
2022-06-02,25.61,123
2022-06-03,25.615,123
2022-06-04,25.654,123
2022-06-05,25.637,123
2022-06-06,25.614,123
2022-06-07,25.751,123
2022-06-08,25.8,123
2022-06-09,25.835,123
2022-06-10,25.819,123
2022-06-11,25.725,123
2022-06-12,25.677,123
2022-06-13,25.748,123
2022-06-14,25.703,123
2022-06-15,25.653,123
2022-06-16,25.652,123
2022-06-17,25.722,123
2022-06-18,25.755,123
2022-06-19,25.741,123
2022-06-20,25.788,123
2022-06-21,25.848,123
2022-06-22,25.843,123
2022-06-23,25.878,123
2022-06-24,25.883,123
2022-06-25,25.944,123
2022-06-26,25.989,123
2022-06-27,25.959,123
2022-06-28,25.939,123
2022-06-29,25.898,123
2022-06-30,26.001,123
2022-07-01,26.046,123
2022-07-02,26.038,123
2022-07-03,26.046,123
2022-07-04,26.06,123
2022-07-05,26.027,123
2022-07-06,26.063,123
2022-07-07,26.049,123
2022-07-08,26.071,123
2022-07-09,26.101,123
2022-07-10,26.083,123
2022-07-11,26.13,123
2022-07-12,26.13,123
2022-07-13,26.188,123
2022-07-14,26.193,123
2022-07-15,26.24,123
2022-07-16,26.287,123
2022-07-17,26.241,123
2022-07-18,26.261,123
2022-07-19,26.176,123
2022-07-20,26.123,123
2022-07-21,26.139,123
2022-07-22,26.188,123
2022-07-23,26.2,123
2022-07-24,26.183,123
2022-07-25,26.202,123
2022-07-26,26.24,123
2022-07-27,26.344,123
2022-07-28,26.525,123
2022-07-29,26.646,123
2022-07-30,26.695,123
2022-07-31,26.518,123
2022-08-01,26.42,123
2022-08-02,26.402,123
2022-08-03,26.475,123
2022-08-04,26.584,123
2022-08-05,26.636,123
2022-08-06,26.647,123
2022-08-07,26.708,123
2022-08-08,26.716,123
2022-08-09,26.734,123
2022-08-10,26.667,123
2022-08-11,26.66,123
2022-08-12,26.644,123
2022-08-13,26.705,123
2022-08-14,26.764,123
2022-08-15,26.771,123
2022-08-16,26.872,123
2022-08-17,27.064,123
2022-08-18,27.133,123
2022-08-19,27.107,123
2022-08-20,27.03,123
2022-08-21,27.012,123
2022-08-22,26.913,123
2022-08-23,27.081,123
2022-08-24,27.18,123
2022-08-25,27.045,123
2022-08-26,27.074,123
2022-08-27,26.97,123
2022-08-28,26.933,123
2022-08-29,26.969,123
2022-08-30,27.03,123
2022-08-31,27.039,123
2022-09-01,27.057,123
2022-09-02,27.018,123
2022-09-03,27.01,123
2022-09-04,26.995,123
2022-09-05,27.102,123
2022-09-06,27.147,123
2022-09-07,27.239,123
2022-09-08,27.236,123
2022-09-09,27.283,123
2022-09-10,27.354,123
2022-09-11,27.402,123
2022-09-12,27.423,123
2022-09-13,27.396,123
2022-09-14,27.355,123
2022-09-15,27.305,123
2022-09-16,27.295,123
2022-09-17,27.351,123
2022-09-18,27.324,123
2022-09-19,27.238,123
2022-09-20,27.236,123
2022-09-21,27.348,123
2022-09-22,27.376,123
2022-09-23,27.442,123
2022-09-24,27.581,123
2022-09-25,27.588,123
2022-09-26,27.59,123
2022-09-27,27.354,123
2022-09-28,27.379,123
2022-09-29,27.349,123
2022-09-30,27.268,123
2022-10-01,27.235,123
2022-10-02,27.252,123
2022-10-03,27.23,123
2022-10-04,27.194,123
2022-10-05,27.188,123
2022-10-06,27.216,123
2022-10-07,27.21,123
2022-10-08,27.234,123
2022-10-09,27.324,123
2022-10-10,27.63,123
2022-10-11,27.751,123
2022-10-12,27.791,123
2022-10-13,27.557,123
2022-10-14,27.416,123
2022-10-15,27.336,123
2022-10-16,27.312,123
2022-10-17,27.451,123
2022-10-18,27.482,123
2022-10-19,27.564,123
2022-10-20,27.416,123
2022-10-21,27.395,123
2022-10-22,27.291,123
2022-10-23,27.284,123
2022-10-24,27.144,123
2022-10-25,27.092,123
2022-10-26,27.096,123
2022-10-27,27.049,123
2022-10-28,27.025,123
2022-10-29,26.988,123
2022-10-30,27.005,123
2022-10-31,26.977,123
2022-11-01,26.935,123
2022-11-02,26.963,123
2022-11-03,26.97,123
2022-11-04,27.033,123
2022-11-05,27.006,123
2022-11-06,26.974,123
2022-11-07,26.895,123
2022-11-08,26.818,123
2022-11-09,26.684,123
2022-11-10,26.669,123
2022-11-11,26.585,123
2022-11-12,26.46,123
2022-11-13,26.404,123
2022-11-14,26.388,123
2022-11-15,26.393,123
2022-11-16,26.389,123
2022-11-17,26.472,123
2022-11-18,26.517,123
2022-11-19,26.529,123
2022-11-20,26.408,123
2022-11-21,26.408,123
2022-11-22,26.338,123
2022-11-23,26.278,123
2022-11-24,26.205,123
2022-11-25,26.165,123
2022-11-26,26.084,123
2022-11-27,26.014,123
2022-11-28,25.996,123
2022-11-29,25.979,123
2022-11-30,25.961,123
2022-12-01,25.918,123
2022-12-02,25.924,123
2022-12-03,25.949,123
2022-12-04,25.958,123
2022-12-05,25.928,123
2022-12-06,25.819,123
2022-12-07,25.781,123
2022-12-08,25.696,123
2022-12-09,25.704,123
2022-12-10,25.66,123
2022-12-11,25.644,123
2022-12-12,25.587,123
2022-12-13,25.472,123
2022-12-14,25.473,123
2022-12-15,25.438,123
2022-12-16,25.418,123
2022-12-17,25.382,123
2022-12-18,25.382,123
2022-12-19,25.323,123
2022-12-20,25.185,123
2022-12-21,25.074,123
2022-12-22,25.08,123
2022-12-23,25.06,123
2022-12-24,25.142,123
2022-12-25,25.234,123
2022-12-26,25.376,123
2022-12-27,25.399,123
2022-12-28,25.405,123
2022-12-29,25.399,123
2022-12-30,25.368,123
2022-12-31,25.344,123
2023-01-01,25.309,123
2023-01-02,25.349,123
2023-01-03,25.325,123
2023-01-04,25.313,123
2023-01-05,25.373,123
2023-01-06,25.404,123
2023-01-07,25.397,123
2023-01-08,25.37,123
2023-01-09,25.353,123
2023-01-10,25.379,123
2023-01-11,25.368,123
2023-01-12,25.279,123
2023-01-13,25.235,123
2023-01-14,25.221,123
2023-01-15,25.28,123
2023-01-16,25.301,123
2023-01-17,25.31,123
2023-01-18,25.384,123
2023-01-19,25.339,123
2023-01-20,25.324,123
2023-01-21,25.233,123
2023-01-22,25.276,123
2023-01-23,25.271,123
2023-01-24,25.239,123
2023-01-25,25.078,123
2023-01-26,25.064,123
2023-01-27,25.003,123
2023-01-28,24.978,123
2023-01-29,24.885,123
2023-01-30,24.801,123
2023-01-31,24.811,123
2023-02-01,24.813,123
2023-02-02,24.862,123
2023-02-03,24.875,123
2023-02-04,24.968,123
2023-02-05,24.897,123
2023-02-06,24.915,123
2023-02-07,24.918,123
2023-02-08,24.93,123
2023-02-09,24.788,123
2023-02-10,24.709,123
2023-02-11,24.737,123
2023-02-12,24.736,123
2023-02-13,24.623,123
2023-02-14,24.628,123
2023-02-15,24.635,123
2023-02-16,24.584,123
2023-02-17,24.575,123
2023-02-18,24.749,123
2023-02-19,24.814,123
2023-02-20,24.828,123
2023-02-21,24.771,123
2023-02-22,24.697,123
2023-02-23,24.635,123
2023-02-24,24.532,123
2023-02-25,24.419,123
2023-02-26,24.329,123
2023-02-27,24.299,123
2023-02-28,24.251,123
2023-03-01,24.209,123
2023-03-02,24.239,123
2023-03-03,24.311,123
2023-03-04,24.461,123
2023-03-05,24.545,123
2023-03-06,24.476,123
2023-03-07,24.421,123
2023-03-08,24.243,123
2023-03-09,24.254,123
2023-03-10,24.34,123
2023-03-11,24.404,123
2023-03-12,24.52,123
2023-03-13,24.619,123
2023-03-14,24.756,123
2023-03-15,24.748,123
2023-03-16,24.84,123
2023-03-17,24.879,123
2023-03-18,24.909,123
2023-03-19,24.862,123
2023-03-20,24.752,123
2023-03-21,24.785,123
2023-03-22,24.816,123
2023-03-23,25.061,123
2023-03-24,25.029,123
2023-03-25,25.044,123
2023-03-26,24.992,123
2023-03-27,25.091,123
2023-03-28,25.114,123
2023-03-29,25.124,123
2023-03-30,25.186,123
2023-03-31,25.209,123
2023-04-01,25.248,123
2023-04-02,25.163,123
2023-04-03,25.17,123
2023-04-04,25.153,123
2023-04-05,25.211,123
2023-04-06,25.165,123
2023-04-07,25.077,123
2023-04-08,24.867,123
2023-04-09,24.977,123
2023-04-10,24.987,123
2023-04-11,24.987,123
2023-04-12,24.901,123
2023-04-13,24.942,123
2023-04-14,24.959,123
2023-04-15,25.007,123
2023-04-16,24.969,123
2023-04-17,25.089,123
2023-04-18,25.031,123
2023-04-19,25.088,123
2023-04-20,25.203,123
2023-04-21,25.27,123
2023-04-22,25.364,123
2023-04-23,25.495,123
2023-04-24,25.539,123
2023-04-25,25.657,123
2023-04-26,25.563,123
2023-04-27,25.499,123
2023-04-28,25.557,123
2023-04-29,25.534,123
2023-04-30,25.534,123
2023-05-01,25.437,123
2023-05-02,25.518,123
2023-05-03,25.529,123
2023-05-04,25.446,123
2023-05-05,25.328,123
2023-05-06,25.263,123
2023-05-07,25.269,123
2023-05-08,25.231,123
2023-05-09,25.18,123
2023-05-10,25.278,123
2023-05-11,25.381,123
2023-05-12,25.447,123
2023-05-13,25.346,123
2023-05-14,25.216,123
2023-05-15,25.123,123
2023-05-16,25.071,123
2023-05-17,25.038,123
2023-05-18,25.027,123
2023-05-19,25.057,123
2023-05-20,25.378,123
2023-05-21,25.445,123
2023-05-22,25.435,123
2023-05-23,25.546,123
2023-05-24,25.442,123
2023-05-25,25.344,123
2023-05-26,25.301,123
2023-05-27,25.255,123
2023-05-28,25.188,123
2023-05-29,25.201,123
2023-05-30,25.246,123
2023-05-31,25.26,123
2023-06-01,25.296,123
2023-06-02,25.337,123
2023-06-03,25.415,123
2023-06-04,25.457,123
2023-06-05,25.454,123
2023-06-06,25.531,123
2023-06-07,25.602,123
2023-06-08,25.643,123
2023-06-09,25.614,123
2023-06-10,25.65,123
2023-06-11,25.639,123
2023-06-12,25.647,123
2023-06-13,25.684,123
2023-06-14,25.781,123
2023-06-15,25.865,123
2023-06-16,25.986,123
2023-06-17,26.111,123
2023-06-18,26.183,123
2023-06-19,26.193,123
2023-06-20,26.196,123
2023-06-21,26.118,123
2023-06-22,26.171,123
2023-06-23,26.096,123
2023-06-24,25.949,123
2023-06-25,25.872,123
2023-06-26,25.902,123
2023-06-27,25.914,123
2023-06-28,25.966,123
2023-06-29,26.053,123
2023-06-30,26.073,123
2023-07-01,26.238,123
2023-07-02,26.33,123
2023-07-03,26.397,123
2023-07-04,26.442,123
2023-07-05,26.398,123
2023-07-06,26.384,123
2023-07-07,26.356,123
2023-07-08,26.348,123
2023-07-09,26.309,123
2023-07-10,26.271,123
2023-07-11,26.332,123
2023-07-12,26.387,123
2023-07-13,26.444,123
2023-07-14,26.525,123
2023-07-15,26.539,123
2023-07-16,26.522,123
2023-07-17,26.551,123
2023-07-18,26.55,123
2023-07-19,26.535,123
2023-07-20,26.558,123
2023-07-21,26.53,123
2023-07-22,26.599,123
2023-07-23,26.618,123
2023-07-24,26.61,123
2023-07-25,26.618,123
2023-07-26,26.684,123
2023-07-27,26.698,123
2023-07-28,26.656,123
2023-07-29,26.601,123
2023-07-30,26.66,123
2023-07-31,26.684,123
2023-08-01,26.663,123
2023-08-02,26.642,123
2023-08-03,26.726,123
2023-08-04,26.78,123
2023-08-05,26.736,123
2023-08-06,26.736,123
2023-08-07,26.696,123
2023-08-08,26.713,123
2023-08-09,26.658,123
2023-08-10,26.569,123
2023-08-11,26.586,123
2023-08-12,26.57,123
2023-08-13,26.586,123
2023-08-14,26.621,123
2023-08-15,26.622,123
2023-08-16,26.624,123
2023-08-17,26.632,123
2023-08-18,26.681,123
2023-08-19,26.648,123
2023-08-20,26.613,123
2023-08-21,26.663,123
2023-08-22,26.716,123
2023-08-23,26.801,123
2023-08-24,26.765,123
2023-08-25,26.691,123
2023-08-26,26.673,123
2023-08-27,26.678,123
2023-08-28,26.66,123
2023-08-29,26.716,123
2023-08-30,26.701,123
2023-08-31,26.67,123
2023-09-01,26.627,123
2023-09-02,26.603,123
2023-09-03,26.716,123
2023-09-04,26.868,123
2023-09-05,26.94,123
2023-09-06,27.009,123
2023-09-07,26.956,123
2023-09-08,26.967,123
2023-09-09,26.814,123
2023-09-10,26.767,123
2023-09-11,26.791,123
2023-09-12,26.76,123
2023-09-13,26.831,123
2023-09-14,26.86,123
2023-09-15,26.886,123
2023-09-16,26.886,123
2023-09-17,26.868,123
2023-09-18,26.87,123
2023-09-19,26.826,123
2023-09-20,26.742,123
2023-09-21,26.705,123
2023-09-22,26.702,123
2023-09-23,26.674,123
2023-09-24,26.552,123
2023-09-25,26.436,123
2023-09-26,26.474,123
2023-09-27,26.477,123
2023-09-28,26.603,123
2023-09-29,26.638,123
2023-09-30,26.657,123
2023-10-01,26.664,123
2023-10-02,26.609,123
2023-10-03,27.247,123
2023-10-04,27.369,123
2023-10-05,27.363,123
2023-10-06,27.106,123
2023-10-07,27.039,123
2023-10-08,26.915,123
2023-10-09,26.876,123
2023-10-10,26.755,123
2023-10-11,26.71,123
2023-10-12,26.7,123
2023-10-13,26.82,123
2023-10-14,26.801,123
2023-10-15,26.977,123
2023-10-16,26.991,123
2023-10-17,27.05,123
2023-10-18,27.022,123
2023-10-19,27.013,123
2023-10-20,27.001,123
2023-10-21,27.077,123
2023-10-22,27.102,123
2023-10-23,27.102,123
2023-10-24,27.136,123
2023-10-25,27.289,123
2023-10-26,27.255,123
2023-10-27,27.2,123
2023-10-28,27.122,123
2023-10-29,27.077,123
2023-10-30,27.206,123
2023-10-31,27.265,123
2023-11-01,27.344,123
2023-11-02,27.277,123
2023-11-03,27.153,123
2023-11-04,27.083,123
2023-11-05,26.856,123
2023-11-06,26.773,123
2023-11-07,26.782,123
2023-11-08,26.813,123
2023-11-09,26.788,123
2023-11-10,26.51,123
2023-11-11,26.509,123
2023-11-12,26.545,123
2023-11-13,26.443,123
2023-11-14,26.342,123
2023-11-15,26.196,123
2023-11-16,26.108,123
2023-11-17,26.037,123
2023-11-18,25.965,123
2023-11-19,25.963,123
2023-11-20,25.9,123
2023-11-21,25.92,123
2023-11-22,25.986,123
2023-11-23,26.082,123
2023-11-24,26.223,123
2023-11-25,26.204,123
2023-11-26,26.172,123
2023-11-27,26.104,123
2023-11-28,26.129,123
2023-11-29,26.103,123
2023-11-30,26.024,123
2023-12-01,25.998,123
2023-12-02,26.04,123
2023-12-03,26.043,123
2023-12-04,26.028,123
2023-12-05,26.005,123
2023-12-06,25.91,123
2023-12-07,25.967,123
2023-12-08,26.015,123
2023-12-09,26.046,123
2023-12-10,25.941,123
2023-12-11,25.91,123
2023-12-12,25.89,123
2023-12-13,25.867,123
2023-12-14,25.632,123
2023-12-15,25.441,123
2023-12-16,25.394,123
2023-12-17,25.295,123
2023-12-18,25.285,123
2023-12-19,25.25,123
2023-12-20,25.179,123
2023-12-21,25.176,123
2023-12-22,25.15,123
2023-12-23,25.22,123
2023-12-24,25.18,123
2023-12-25,25.194,123
2023-12-26,25.137,123
2023-12-27,25.128,123
2023-12-28,25.19,123
2023-12-29,25.204,123
2023-12-30,25.178,123
2023-12-31,25.2,123
2024-01-01,25.164,123
2024-01-02,25.13,123
2024-01-03,25.068,123
2024-01-04,25.123,123
2024-01-05,25.148,123
2024-01-06,25.257,123
2024-01-07,25.237,123
2024-01-08,25.171,123
2024-01-09,25.068,123
2024-01-10,25.037,123
2024-01-11,24.985,123
2024-01-12,25.023,123
2024-01-13,24.868,123
2024-01-14,24.762,123
2024-01-15,24.752,123
2024-01-16,24.712,123
2024-01-17,24.759,123
2024-01-18,24.759,123
2024-01-19,24.851,123
2024-01-20,24.943,123
2024-01-21,25.006,123
2024-01-22,25.058,123
2024-01-23,25.116,123
2024-01-24,25.082,123
2024-01-25,25.056,123
2024-01-26,25.023,123
2024-01-27,25.031,123
2024-01-28,24.988,123
2024-01-29,25.031,123
2024-01-30,24.974,123
2024-01-31,25.005,123
2024-02-01,24.977,123
2024-02-02,24.856,123
2024-02-03,24.774,123
2024-02-04,24.778,123
2024-02-05,24.707,123
2024-02-06,24.74,123
2024-02-07,24.697,123
2024-02-08,24.698,123
2024-02-09,24.692,123
2024-02-10,24.897,123
2024-02-11,24.917,123
2024-02-12,24.916,123
2024-02-13,24.907,123
2024-02-14,24.836,123
2024-02-15,24.822,123
2024-02-16,24.584,123
2024-02-17,24.508,123
2024-02-18,24.509,123
2024-02-19,24.5,123
2024-02-20,24.508,123
2024-02-21,24.527,123
2024-02-22,24.533,123
2024-02-23,24.498,123
2024-02-24,24.507,123
2024-02-25,24.478,123
2024-02-26,24.436,123
2024-02-27,24.407,123
2024-02-28,24.463,123
2024-02-29,24.479,123
2024-03-01,24.468,123
2024-03-02,24.458,123
2024-03-03,24.478,123
2024-03-04,24.444,123
2024-03-05,24.394,123
2024-03-06,24.437,123
2024-03-07,24.448,123
2024-03-08,24.456,123
2024-03-09,24.417,123
2024-03-10,24.417,123
2024-03-11,24.332,123
2024-03-12,24.445,123
2024-03-13,24.363,123
2024-03-14,24.437,123
2024-03-15,24.262,123
2024-03-16,24.194,123
2024-03-17,24.293,123
2024-03-18,24.27,123
2024-03-19,24.274,123
2024-03-20,24.215,123
2024-03-21,24.182,123
2024-03-22,24.227,123
2024-03-23,24.207,123
2024-03-24,24.262,123
2024-03-25,24.404,123
2024-03-26,24.493,123
2024-03-27,24.497,123
2024-03-28,24.447,123
2024-03-29,24.494,123
2024-03-30,24.476,123
2024-03-31,24.415,123
2024-04-01,24.41,123
2024-04-02,24.467,123
2024-04-03,24.551,123
2024-04-04,24.519,123
2024-04-05,24.391,123
2024-04-06,24.39,123
2024-04-07,24.372,123
2024-04-08,24.38,123
2024-04-09,24.464,123
2024-04-10,24.414,123
2024-04-11,24.469,123
2024-04-12,24.442,123
2024-04-13,24.608,123
2024-04-14,24.602,123
2024-04-15,24.663,123
2024-04-16,24.631,123
2024-04-17,24.667,123
2024-04-18,24.651,123
2024-04-19,24.546,123
2024-04-20,24.433,123
2024-04-21,24.526,123
2024-04-22,24.524,123
2024-04-23,24.429,123
2024-04-24,24.433,123
2024-04-25,24.448,123
2024-04-26,24.568,123
2024-04-27,24.699,123
2024-04-28,24.772,123
2024-04-29,24.822,123
2024-04-30,24.917,123
2024-05-01,24.91,123
2024-05-02,24.957,123
2024-05-03,24.919,123
2024-05-04,24.911,123
2024-05-05,24.87,123
2024-05-06,24.887,123
2024-05-07,24.942,123
2024-05-08,25.105,123
2024-05-09,25.044,123
2024-05-10,25.115,123
2024-05-11,25.2,123
2024-05-12,25.264,123
2024-05-13,25.296,123
2024-05-14,25.394,123
2024-05-15,25.458,123
2024-05-16,25.49,123
2024-05-17,25.438,123
2024-05-18,25.403,123
2024-05-19,25.383,123
2024-05-20,25.471,123
2024-05-21,25.675,123
2024-05-22,25.725,123
2024-05-23,25.743,123
2024-05-24,25.618,123
2024-05-25,25.583,123
2024-05-26,25.632,123
2024-05-27,25.63,123
2024-05-28,25.705,123
2024-05-29,25.641,123
2024-05-30,25.694,123
2024-05-31,25.626,123
2024-06-01,25.644,123
2024-06-02,25.61,123
2024-06-03,25.657,123
2024-06-04,25.683,123
2024-06-05,25.839,123
2024-06-06,26,123
2024-06-07,26.073,123
2024-06-08,26.061,123
2024-06-09,26.081,123
2024-06-10,26.025,123
2024-06-11,25.879,123
2024-06-12,25.797,123
2024-06-13,25.822,123
2024-06-14,25.814,123
2024-06-15,25.841,123
2024-06-16,25.851,123
2024-06-17,25.843,123
2024-06-18,25.858,123
2024-06-19,25.857,123
2024-06-20,25.94,123
2024-06-21,25.95,123
2024-06-22,25.999,123
2024-06-23,26.033,123
2024-06-24,26.057,123
2024-06-25,26.007,123
2024-06-26,26.088,123
2024-06-27,26.138,123
2024-06-28,26.144,123
2024-06-29,26.295,123
2024-06-30,26.37,123
2024-07-01,26.388,123
2024-07-02,26.338,123
2024-07-03,26.307,123
2024-07-04,26.275,123
2024-07-05,26.227,123
2024-07-06,26.215,123
2024-07-07,26.291,123
2024-07-08,26.263,123
2024-07-09,26.227,123
2024-07-10,26.148,123
2024-07-11,26.205,123
2024-07-12,26.168,123
2024-07-13,26.135,123
2024-07-14,26.043,123
2024-07-15,26.059,123
2024-07-16,26.051,123
2024-07-17,26.062,123
2024-07-18,26.05,123
2024-07-19,26.128,123
2024-07-20,26.105,123
2024-07-21,26.117,123
2024-07-22,26.163,123
2024-07-23,26.149,123
2024-07-24,26.167,123
2024-07-25,26.206,123
2024-07-26,26.228,123
2024-07-27,26.188,123
2024-07-28,26.197,123
2024-07-29,26.196,123
2024-07-30,26.19,123
2024-07-31,26.248,123
2024-08-01,26.265,123
2024-08-02,26.292,123
2024-08-03,26.287,123
2024-08-04,26.294,123
2024-08-05,26.328,123
2024-08-06,26.346,123
2024-08-07,26.429,123
2024-08-08,26.499,123
2024-08-09,26.556,123
2024-08-10,26.591,123
2024-08-11,26.66,123
2024-08-12,26.673,123
2024-08-13,26.752,123
2024-08-14,26.759,123
2024-08-15,26.875,123
2024-08-16,26.948,123
2024-08-17,26.999,123
2024-08-18,26.981,123
2024-08-19,27.008,123
2024-08-20,26.974,123
2024-08-21,26.985,123
2024-08-22,26.913,123
2024-08-23,26.844,123
2024-08-24,26.811,123
2024-08-25,26.785,123
2024-08-26,26.761,123
2024-08-27,26.681,123
2024-08-28,26.639,123
2024-08-29,26.612,123
2024-08-30,26.691,123
2024-08-31,26.768,123
2024-09-01,26.915,123
2024-09-02,26.881,123
2024-09-03,26.834,123
2024-09-04,26.804,123
2024-09-05,26.776,123
2024-09-06,26.788,123
2024-09-07,26.852,123
2024-09-08,26.879,123
2024-09-09,26.903,123
2024-09-10,26.924,123
2024-09-11,27.109,123
2024-09-12,27.149,123
2024-09-13,27.173,123
2024-09-14,27.127,123
2024-09-15,27.099,123
2024-09-16,27.046,123
2024-09-17,27.011,123
2024-09-18,26.997,123
2024-09-19,27.002,123
2024-09-20,27.011,123
2024-09-21,27.035,123
2024-09-22,27.055,123
2024-09-23,27.132,123
2024-09-24,27.096,123
2024-09-25,27.077,123
2024-09-26,27.052,123
2024-09-27,27.072,123
2024-09-28,27.089,123
2024-09-29,27.101,123
2024-09-30,27.132,123
2024-10-01,27.137,123
2024-10-02,27.14,123
2024-10-03,27.121,123
2024-10-04,27.156,123
2024-10-05,27.108,123
2024-10-06,27.098,123
2024-10-07,27.027,123
2024-10-08,26.988,123
2024-10-09,26.933,123
2024-10-10,26.96,123
2024-10-11,26.952,123
2024-10-12,27,123
2024-10-13,27.032,123
2024-10-14,27.017,123
2024-10-15,26.964,123
2024-10-16,27.015,123
2024-10-17,27.032,123
2024-10-18,27.085,123
2024-10-19,27.036,123
2024-10-20,26.973,123
2024-10-21,26.95,123
2024-10-22,26.962,123
2024-10-23,26.987,123
2024-10-24,26.927,123
2024-10-25,26.905,123
2024-10-26,26.91,123
2024-10-27,26.878,123
2024-10-28,26.78,123
2024-10-29,26.738,123
2024-10-30,26.689,123
2024-10-31,26.721,123
2024-11-01,26.749,123
2024-11-02,26.747,123
2024-11-03,26.714,123
2024-11-04,26.728,123
2024-11-05,26.72,123
2024-11-06,26.664,123
2024-11-07,26.557,123
2024-11-08,26.436,123
2024-11-09,26.399,123
2024-11-10,26.373,123
2024-11-11,26.273,123
2024-11-12,26.32,123
2024-11-13,26.213,123
2024-11-14,26.192,123
2024-11-15,26.174,123
2024-11-16,26.169,123
2024-11-17,26.133,123
2024-11-18,26.041,123
2024-11-19,26.081,123
2024-11-20,26.048,123
2024-11-21,25.994,123
2024-11-22,25.924,123
2024-11-23,26.057,123
2024-11-24,26.139,123
2024-11-25,26.16,123
2024-11-26,26.109,123
2024-11-27,26.106,123
2024-11-28,25.983,123
2024-11-29,25.883,123
2024-11-30,25.826,123
2024-12-01,25.995,123
2024-12-02,26.007,123
2024-12-03,26.07,123
2024-12-04,26.102,123
2024-12-05,26.088,123
2024-12-06,25.987,123
2024-12-07,25.908,123
2024-12-08,25.923,123
2024-12-09,25.955,123
2024-12-10,25.904,123
2024-12-11,25.78,123
2024-12-12,25.722,123
2024-12-13,25.662,123
2024-12-14,25.63,123
2024-12-15,25.636,123
2024-12-16,25.75,123
2024-12-17,25.782,123
2024-12-18,25.923,123
2024-12-19,25.865,123
2024-12-20,25.919,123
2024-12-21,25.789,123
2024-12-22,25.769,123
2024-12-23,25.592,123
2024-12-24,25.624,123
2024-12-25,25.637,123
2024-12-26,25.662,123
2024-12-27,25.645,123
2024-12-28,25.62,123
2024-12-29,25.552,123
2024-12-30,25.529,123
2024-12-31,25.558,123
2025-01-01,25.552,123
2025-01-02,25.52,123
2025-01-03,25.468,123
2025-01-04,25.546,123
2025-01-05,25.629,123
2025-01-06,25.616,123
2025-01-07,25.511,123
2025-01-08,25.52,123
2025-01-09,25.525,123
2025-01-10,25.471,123
2025-01-11,25.473,123
2025-01-12,25.46,123
2025-01-13,25.529,123
2025-01-14,25.553,123
2025-01-15,25.521,123
2025-01-16,25.564,123
2025-01-17,25.607,123
2025-01-18,25.483,123
2025-01-19,25.385,123
2025-01-20,25.332,123
2025-01-21,25.256,123
2025-01-22,25.179,123
2025-01-23,25.181,123
2025-01-24,25.252,123
2025-01-25,25.313,123
2025-01-26,25.245,123
2025-01-27,25.178,123
2025-01-28,25.18,123
2025-01-29,25.073,123
2025-01-30,25.006,123
2025-01-31,24.997,123
2025-02-01,24.99,123
2025-02-02,24.957,123
2025-02-03,24.906,123
2025-02-04,24.926,123
2025-02-05,24.998,123
2025-02-06,25.019,123
2025-02-07,25.003,123
2025-02-08,25.091,123
2025-02-09,25.16,123
2025-02-10,25.192,123
2025-02-11,25.187,123
2025-02-12,25.293,123
2025-02-13,25.31,123
2025-02-14,25.285,123
2025-02-15,25.226,123
2025-02-16,25.339,123
2025-02-17,25.386,123
2025-02-18,25.376,123
2025-02-19,25.223,123
2025-02-20,25.329,123
2025-02-21,25.315,123
2025-02-22,25.303,123
2025-02-23,25.26,123
2025-02-24,25.278,123
2025-02-25,25.295,123
2025-02-26,25.27,123
2025-02-27,25.314,123
2025-02-28,25.365,123
2025-03-01,25.403,123
2025-03-02,25.331,123
2025-03-03,25.184,123
2025-03-04,25.16,123
2025-03-05,25.079,123
2025-03-06,25.079,123
2025-03-07,25.062,123
2025-03-08,25.028,123
2025-03-09,24.964,123
2025-03-10,24.892,123
2025-03-11,24.907,123
2025-03-12,24.824,123
2025-03-13,24.841,123
2025-03-14,24.873,123
2025-03-15,24.905,123
2025-03-16,25.002,123
2025-03-17,24.963,123
2025-03-18,24.923,123
2025-03-19,24.986,123
2025-03-20,24.976,123
2025-03-21,24.991,123
2025-03-22,25.032,123
2025-03-23,25.129,123
2025-03-24,25.242,123
2025-03-25,25.2,123
2025-03-26,25.329,123
2025-03-27,25.403,123
2025-03-28,25.393,123
2025-03-29,25.293,123
2025-03-30,25.387,123
2025-03-31,25.447,123
2025-04-01,25.47,123
2025-04-02,25.265,123
2025-04-03,25.219,123
2025-04-04,25.145,123
2025-04-05,25.117,123
2025-04-06,25.158,123
2025-04-07,25.173,123
2025-04-08,25.193,123
2025-04-09,25.131,123
2025-04-10,25.084,123
2025-04-11,25.13,123
2025-04-12,25.074,123
2025-04-13,25.083,123
2025-04-14,25.107,123
2025-04-15,25.142,123
2025-04-16,25.113,123
2025-04-17,25.261,123
2025-04-18,25.248,123
2025-04-19,25.297,123
2025-04-20,25.257,123
2025-04-21,25.352,123
2025-04-22,25.508,123
2025-04-23,25.53,123
2025-04-24,25.563,123
2025-04-25,25.693,123
2025-04-26,25.94,123
2025-04-27,26.049,123
2025-04-28,26.079,123
2025-04-29,25.887,123
2025-04-30,25.914,123
2025-05-01,25.877,123
2025-05-02,25.827,123
2025-05-03,25.732,123
2025-05-04,25.718,123
2025-05-05,25.63,123
2025-05-06,25.647,123
2025-05-07,25.605,123
2025-05-08,25.677,123
2025-05-09,25.677,123
2025-05-10,25.642,123
2025-05-11,25.474,123
2025-05-12,25.497,123
2025-05-13,25.496,123
2025-05-14,25.449,123
2025-05-15,25.427,123
2025-05-16,25.491,123
2025-05-17,25.71,123
2025-05-18,25.734,123
2025-05-19,25.724,123
2025-05-20,25.726,123
2025-05-21,25.753,123
2025-05-22,25.773,123
2025-05-23,25.872,123
2025-05-24,25.863,123
2025-05-25,25.92,123
2025-05-26,25.976,123
2025-05-27,26.147,123
2025-05-28,26.1,123
2025-05-29,26.144,123
2025-05-30,26.162,123
2025-05-31,26.197,123
2025-06-01,26.207,123
2025-06-02,26.328,123
2025-06-03,26.362,123
2025-06-04,26.377,123
2025-06-05,26.324,123
2025-06-06,26.315,123
2025-06-07,26.317,123
2025-06-08,26.419,123
2025-06-09,26.388,123
2025-06-10,26.353,123
2025-06-11,26.247,123
2025-06-12,26.35,123
2025-06-13,26.416,123
2025-06-14,26.406,123
2025-06-15,26.281,123
2025-06-16,26.147,123
2025-06-17,26.162,123
2025-06-18,26.13,123
2025-06-19,26.216,123
2025-06-20,26.194,123
2025-06-21,26.295,123
2025-06-22,26.228,123
2025-06-23,26.267,123
2025-06-24,26.214,123
2025-06-25,26.204,123
2025-06-26,26.164,123
2025-06-27,26.263,123
2025-06-28,26.312,123
2025-06-29,26.302,123
2025-06-30,26.276,123
2025-07-01,26.41,123
2025-07-02,26.405,123
2025-07-03,26.393,123
2025-07-04,26.333,123
2025-07-05,26.275,123
2025-07-06,26.283,123
2025-07-07,26.245,123
2025-07-08,26.147,123
2025-07-09,26.132,123
2025-07-10,26.181,123
2025-07-11,26.242,123
2025-07-12,26.284,123
2025-07-13,26.341,123
2025-07-14,26.352,123
2025-07-15,26.393,123
2025-07-16,26.424,123
2025-07-17,26.395,123
2025-07-18,26.44,123
2025-07-19,26.555,123
2025-07-20,26.684,123
2025-07-21,26.73,123
2025-07-22,26.767,123
2025-07-23,26.773,123
2025-07-24,26.745,123
2025-07-25,26.826,123
2025-07-26,26.869,123
2025-07-27,26.848,123
2025-07-28,26.966,123
2025-07-29,26.982,123
2025-07-30,26.996,123
2025-07-31,27.015,123
2025-08-01,26.969,123
2025-08-02,26.992,123
2025-08-03,26.936,123
2025-08-04,26.962,123
2025-08-05,26.944,123
2025-08-06,26.993,123
2025-08-07,27.057,123
2025-08-08,27.09,123
2025-08-09,27.093,123
2025-08-10,27.142,123
2025-08-11,27.184,123
2025-08-12,27.239,123
2025-08-13,27.28,123
2025-08-14,27.296,123
2025-08-15,27.216,123
2025-08-16,27.239,123
2025-08-17,27.2,123
2025-08-18,27.202,123
2025-08-19,27.167,123
2025-08-20,27.141,123
2025-08-21,27.111,123
2025-08-22,27.123,123
2025-08-23,27.082,123
2025-08-24,27.06,123
2025-08-25,27.022,123
2025-08-26,27.088,123
2025-08-27,27.061,123
2025-08-28,27.099,123
2025-08-29,27.092,123
2025-08-30,27.094,123
2025-08-31,27.101,123
2025-09-01,27.311,123
2025-09-02,27.339,123
2025-09-03,27.345,123
2025-09-04,27.405,123
2025-09-05,27.282,123
2025-09-06,27.33,123
2025-09-07,27.391,123
2025-09-08,27.448,123
2025-09-09,27.491,123
2025-09-10,27.408,123
2025-09-11,27.365,123
2025-09-12,27.352,123
2025-09-13,27.307,123
2025-09-14,27.161,123
2025-09-15,27.212,123
2025-09-16,27.266,123
2025-09-17,27.231,123
2025-09-18,27.234,123
2025-09-19,27.163,123
2025-09-20,27.112,123
2025-09-21,27.184,123
2025-09-22,27.086,123
2025-09-23,27.002,123
2025-09-24,27.085,123
2025-09-25,27.138,123
2025-09-26,27.25,123
2025-09-27,27.23,123
2025-09-28,27.275,123
2025-09-29,27.194,123
2025-09-30,27.191,123
2025-10-01,27.292,123
2025-10-02,27.425,123
2025-10-03,27.53,123
2025-10-04,27.486,123
2025-10-05,27.47,123
2025-10-06,27.485,123
2025-10-07,27.444,123
2025-10-08,27.539,123
2025-10-09,27.772,123
2025-10-10,27.618,123
2025-10-11,27.678,123
2025-10-12,27.43,123
2025-10-13,27.451,123
2025-10-14,27.366,123
2025-10-15,27.299,123
2025-10-16,27.224,123
2025-10-17,27.22,123
2025-10-18,27.179,123
2025-10-19,26.999,123
2025-10-20,26.868,123
2025-10-21,26.904,123
2025-10-22,26.906,123
2025-10-23,26.818,123
2025-10-24,26.732,123
2025-10-25,26.694,123
2025-10-26,26.694,123
2025-10-27,26.735,123
2025-10-28,26.749,123
2025-10-29,26.718,123
2025-10-30,26.664,123
2025-10-31,26.577,123
2025-11-01,26.674,123
2025-11-02,26.691,123
2025-11-03,26.745,123
2025-11-04,26.623,123
2025-11-05,26.66,123
2025-11-06,26.682,123
2025-11-07,26.657,123
2025-11-08,26.54,123
2025-11-09,26.42,123
2025-11-10,26.304,123
2025-11-11,26.26,123
2025-11-12,26.156,123
2025-11-13,26.224,123
2025-11-14,26.3,123
2025-11-15,26.349,123
2025-11-16,26.371,123
2025-11-17,26.336,123
2025-11-18,26.325,123
2025-11-19,26.3,123
2025-11-20,26.287,123
2025-11-21,26.344,123
2025-11-22,26.346,123
2025-11-23,26.358,123
2025-11-24,26.306,123
2025-11-25,26.317,123
2025-11-26,26.26,123
2025-11-27,26.319,123
2025-11-28,26.37,123
2025-11-29,26.42,123
2025-11-30,26.363,123
2025-12-01,26.333,123
2025-12-02,26.377,123
2025-12-03,26.377,123
2025-12-04,26.418,123
2025-12-05,26.259,123
2025-12-06,26.223,123
2025-12-07,26.177,123
2025-12-08,26.156,123
2025-12-09,26.138,123
2025-12-10,26.159,123
2025-12-11,26.131,123
2025-12-12,26.047,123
2025-12-13,26.02,123
2025-12-14,26.005,123
2025-12-15,25.893,123
2025-12-16,25.965,123
2025-12-17,25.993,123
2025-12-18,26.016,123
2025-12-19,25.982,123
2025-12-20,25.986,123
2025-12-21,26.064,123
2025-12-22,26.085,123
2025-12-23,26.056,123
2025-12-24,25.951,123
2025-12-25,25.943,123
2025-12-26,25.931,123
2025-12-27,25.823,123
2025-12-28,25.71,123
2025-12-29,25.702,123
2025-12-30,25.645,123
2025-12-31,25.6,123
2026-01-01,25.564,123
2026-01-02,25.57,123
2026-01-03,25.49,123
2026-01-04,25.37,123
2026-01-05,25.235,123
2026-01-06,25.333,123
2026-01-07,25.343,123
2026-01-08,25.504,123
2026-01-09,25.534,123
2026-01-10,25.649,123
2026-01-11,25.622,123
2026-01-12,25.593,123
2026-01-13,25.533,123
2026-01-14,25.493,123
2026-01-15,25.37,123
2026-01-16,25.314,123
2026-01-17,25.213,123
2026-01-18,25.166,123
2026-01-19,25.118,123
2026-01-20,25.054,123
2026-01-21,25.023,123
2026-01-22,24.932,123
2026-01-23,24.924,123
2026-01-24,25.135,123
2026-01-25,25.271,123
2026-01-26,25.377,123
2026-01-27,25.471,123
2026-01-28,25.56,123
2026-01-29,25.596,123
2026-01-30,25.591,123
2026-01-31,25.51,123
2026-02-01,25.403,123
2026-02-02,25.402,123
2026-02-03,25.332,123
2026-02-04,25.293,123
2026-02-05,25.246,123
2026-02-06,25.248,123
2026-02-07,25.175,123
2026-02-08,25.103,123
2026-02-09,25.066,123
2026-02-10,25.03,123
2026-02-11,24.955,123
2026-02-12,25.01,123
2026-02-13,24.998,123
2026-02-14,25.043,123
2026-02-15,25.04,123
2026-02-16,24.794,123
2026-02-17,24.707,123
2026-02-18,24.704,123
2026-02-19,24.686,123
2026-02-20,24.613,123
2026-02-21,24.633,123
2026-02-22,24.649,123
2026-02-23,24.575,123
2026-02-24,24.542,123
2026-02-25,24.493,123
2026-02-26,24.483,123
2026-02-27,24.56,123
2026-02-28,24.618,123
2026-03-01,24.698,123
2026-03-02,24.643,123
2026-03-03,24.793,123
2026-03-04,24.794,123
2026-03-05,24.919,123
2026-03-06,25,123
2026-03-07,24.945,123
2026-03-08,24.895,123
2026-03-09,24.856,123
2026-03-10,24.849,123
2026-03-11,24.855,123
2026-03-12,24.847,123
2026-03-13,24.807,123
2026-03-14,24.705,123
2026-03-15,24.629,123
2026-03-16,24.611,123
2026-03-17,24.638,123
2026-03-18,24.636,123
2026-03-19,24.576,123
2026-03-20,24.493,123
2026-03-21,24.501,123
2026-03-22,24.503,123
2026-03-23,24.54,123
2026-03-24,24.494,123
2026-03-25,24.511,123
2026-03-26,24.435,123
2026-03-27,24.417,123
2026-03-28,24.396,123
2026-03-29,24.353,123
2026-03-30,24.28,123
2026-03-31,24.251,123
