date,sst,n_cells
1982-01-01,9.294,392
1982-01-02,9.277,392
1982-01-03,9.073,392
1982-01-04,8.513,392
1982-01-05,8.288,392
1982-01-06,8.234,392
1982-01-07,8.271,392
1982-01-08,8.352,392
1982-01-09,8.398,392
1982-01-10,8.517,392
1982-01-11,8.611,392
1982-01-12,8.62,392
1982-01-13,8.575,392
1982-01-14,8.49,392
1982-01-15,8.46,392
1982-01-16,8.469,392
1982-01-17,8.523,392
1982-01-18,8.512,392
1982-01-19,8.531,392
1982-01-20,8.536,392
1982-01-21,8.571,392
1982-01-22,8.588,392
1982-01-23,8.583,392
1982-01-24,8.559,392
1982-01-25,8.564,392
1982-01-26,8.505,392
1982-01-27,8.534,392
1982-01-28,8.534,392
1982-01-29,8.559,392
1982-01-30,8.573,392
1982-01-31,8.602,392
1982-02-01,8.609,392
1982-02-02,8.569,392
1982-02-03,8.552,392
1982-02-04,8.471,392
1982-02-05,8.142,392
1982-02-06,8.15,392
1982-02-07,8.165,392
1982-02-08,8.094,392
1982-02-09,7.821,392
1982-02-10,7.791,392
1982-02-11,7.764,392
1982-02-12,7.802,392
1982-02-13,7.87,392
1982-02-14,7.907,392
1982-02-15,7.97,392
1982-02-16,8,392
1982-02-17,8.04,392
1982-02-18,8.057,392
1982-02-19,8.109,392
1982-02-20,8.157,392
1982-02-21,8.171,392
1982-02-22,8.256,392
1982-02-23,8.321,392
1982-02-24,8.318,392
1982-02-25,8.371,392
1982-02-26,8.336,392
1982-02-27,8.371,392
1982-02-28,8.403,392
1982-03-01,8.5,392
1982-03-02,8.537,392
1982-03-03,8.693,392
1982-03-04,8.773,392
1982-03-05,8.864,392
1982-03-06,8.89,392
1982-03-07,8.887,392
1982-03-08,8.891,392
1982-03-09,8.91,392
1982-03-10,8.629,392
1982-03-11,8.58,392
1982-03-12,8.6,392
1982-03-13,8.566,392
1982-03-14,8.499,392
1982-03-15,8.678,392
1982-03-16,8.802,392
1982-03-17,8.819,392
1982-03-18,8.746,392
1982-03-19,8.897,392
1982-03-20,9.109,392
1982-03-21,9.143,392
1982-03-22,9.152,392
1982-03-23,9.164,392
1982-03-24,9.058,392
1982-03-25,9.009,392
1982-03-26,8.987,392
1982-03-27,8.978,392
1982-03-28,8.933,392
1982-03-29,8.924,392
1982-03-30,8.915,392
1982-03-31,8.921,392
1982-04-01,8.904,392
1982-04-02,8.93,392
1982-04-03,8.958,392
1982-04-04,8.879,392
1982-04-05,9.172,392
1982-04-06,9.47,392
1982-04-07,9.677,392
1982-04-08,9.72,392
1982-04-09,9.651,392
1982-04-10,9.654,392
1982-04-11,9.696,392
1982-04-12,9.76,392
1982-04-13,9.774,392
1982-04-14,9.612,392
1982-04-15,9.522,392
1982-04-16,9.452,392
1982-04-17,9.441,392
1982-04-18,9.16,392
1982-04-19,9.402,392
1982-04-20,9.588,392
1982-04-21,9.78,392
1982-04-22,9.821,392
1982-04-23,9.788,392
1982-04-24,10.07,392
1982-04-25,10.07,392
1982-04-26,10.025,392
1982-04-27,9.909,392
1982-04-28,9.973,392
1982-04-29,10.106,392
1982-04-30,10.228,392
1982-05-01,10.094,392
1982-05-02,10.011,392
1982-05-03,9.997,392
1982-05-04,10,392
1982-05-05,10.05,392
1982-05-06,10.104,392
1982-05-07,10.216,392
1982-05-08,10.313,392
1982-05-09,10.348,392
1982-05-10,10.424,392
1982-05-11,10.514,392
1982-05-12,10.589,392
1982-05-13,10.647,392
1982-05-14,10.95,392
1982-05-15,10.965,392
1982-05-16,10.974,392
1982-05-17,10.948,392
1982-05-18,11.029,392
1982-05-19,11.054,392
1982-05-20,11.116,392
1982-05-21,11.189,392
1982-05-22,11.322,392
1982-05-23,11.792,392
1982-05-24,11.088,392
1982-05-25,10.398,392
1982-05-26,9.889,392
1982-05-27,9.75,392
1982-05-28,9.917,392
1982-05-29,10.079,392
1982-05-30,10.274,392
1982-05-31,10.527,392
1982-06-01,10.651,392
1982-06-02,10.81,392
1982-06-03,10.984,392
1982-06-04,11.152,392
1982-06-05,11.299,392
1982-06-06,11.466,392
1982-06-07,11.65,392
1982-06-08,11.82,392
1982-06-09,11.946,392
1982-06-10,11.979,392
1982-06-11,12.027,392
1982-06-12,12.054,392
1982-06-13,12.148,392
1982-06-14,12.092,392
1982-06-15,11.838,392
1982-06-16,11.83,392
1982-06-17,11.855,392
1982-06-18,12.037,392
1982-06-19,12.112,392
1982-06-20,12.178,392
1982-06-21,12.2,392
1982-06-22,12.259,392
1982-06-23,12.267,392
1982-06-24,12.45,392
1982-06-25,12.578,392
1982-06-26,12.686,392
1982-06-27,12.686,392
1982-06-28,12.829,392
1982-06-29,12.819,392
1982-06-30,12.881,392
1982-07-01,13.044,392
1982-07-02,13.15,392
1982-07-03,13.118,392
1982-07-04,13.139,392
1982-07-05,13.246,392
1982-07-06,13.33,392
1982-07-07,13.397,392
1982-07-08,13.463,392
1982-07-09,13.458,392
1982-07-10,13.514,392
1982-07-11,13.548,392
1982-07-12,13.651,392
1982-07-13,13.616,392
1982-07-14,13.572,392
1982-07-15,13.599,392
1982-07-16,13.653,392
1982-07-17,13.614,392
1982-07-18,13.624,392
1982-07-19,13.603,392
1982-07-20,13.678,392
1982-07-21,13.328,392
1982-07-22,13.287,392
1982-07-23,13.286,392
1982-07-24,13.238,392
1982-07-25,13.292,392
1982-07-26,13.31,392
1982-07-27,13.475,392
1982-07-28,13.552,392
1982-07-29,13.672,392
1982-07-30,13.732,392
1982-07-31,13.811,392
1982-08-01,13.823,392
1982-08-02,13.856,392
1982-08-03,13.909,392
1982-08-04,13.961,392
1982-08-05,14.279,392
1982-08-06,14.12,392
1982-08-07,14.08,392
1982-08-08,13.98,392
1982-08-09,13.952,392
1982-08-10,13.854,392
1982-08-11,13.797,392
1982-08-12,13.872,392
1982-08-13,14.969,392
1982-08-14,15.167,392
1982-08-15,15.209,392
1982-08-16,14.987,392
1982-08-17,14.646,392
1982-08-18,14.428,392
1982-08-19,14.297,392
1982-08-20,13.762,392
1982-08-21,13.648,392
1982-08-22,13.754,392
1982-08-23,14.093,392
1982-08-24,14.702,392
1982-08-25,14.987,392
1982-08-26,15.07,392
1982-08-27,15.088,392
1982-08-28,15.086,392
1982-08-29,15.117,392
1982-08-30,14.93,392
1982-08-31,14.775,392
1982-09-01,14.936,392
1982-09-02,15.137,392
1982-09-03,15.503,392
1982-09-04,16.117,392
1982-09-05,16.194,392
1982-09-06,16.213,392
1982-09-07,16.136,392
1982-09-08,15.986,392
1982-09-09,15.29,392
1982-09-10,15.019,392
1982-09-11,14.543,392
1982-09-12,14.858,392
1982-09-13,14.781,392
1982-09-14,14.718,392
1982-09-15,14.504,392
1982-09-16,14.421,392
1982-09-17,14.213,392
1982-09-18,13.973,392
1982-09-19,13.693,392
1982-09-20,13.582,392
1982-09-21,13.92,392
1982-09-22,14.128,392
1982-09-23,14.19,392
1982-09-24,14.17,392
1982-09-25,14.157,392
1982-09-26,14.037,392
1982-09-27,12.911,392
1982-09-28,12.455,392
1982-09-29,12.982,392
1982-09-30,13.319,392
1982-10-01,13.283,392
1982-10-02,12.362,392
1982-10-03,12.183,392
1982-10-04,12.013,392
1982-10-05,11.96,392
1982-10-06,12.006,392
1982-10-07,12.067,392
1982-10-08,12.769,392
1982-10-09,12.855,392
1982-10-10,12.889,392
1982-10-11,12.993,392
1982-10-12,13.241,392
1982-10-13,13.465,392
1982-10-14,13.371,392
1982-10-15,13.09,392
1982-10-16,12.672,392
1982-10-17,12.528,392
1982-10-18,12.357,392
1982-10-19,12.235,392
1982-10-20,12.065,392
1982-10-21,12.032,392
1982-10-22,11.978,392
1982-10-23,11.951,392
1982-10-24,11.922,392
1982-10-25,12.003,392
1982-10-26,11.976,392
1982-10-27,11.923,392
1982-10-28,12.291,392
1982-10-29,12.315,392
1982-10-30,12.306,392
1982-10-31,12.256,392
1982-11-01,12.261,392
1982-11-02,12.259,392
1982-11-03,12.549,392
1982-11-04,12.631,392
1982-11-05,12.642,392
1982-11-06,12.59,392
1982-11-07,12.311,392
1982-11-08,12.253,392
1982-11-09,12.194,392
1982-11-10,12.039,392
1982-11-11,11.709,392
1982-11-12,11.587,392
1982-11-13,11.406,392
1982-11-14,11.307,392
1982-11-15,11.214,392
1982-11-16,11.15,392
1982-11-17,11.083,392
1982-11-18,11.008,392
1982-11-19,10.856,392
1982-11-20,10.856,392
1982-11-21,10.928,392
1982-11-22,10.782,392
1982-11-23,10.624,392
1982-11-24,10.402,392
1982-11-25,10.251,392
1982-11-26,10.185,392
1982-11-27,10.181,392
1982-11-28,10.172,392
1982-11-29,10.145,392
1982-11-30,10.083,392
1982-12-01,10.004,392
1982-12-02,9.957,392
1982-12-03,9.883,392
1982-12-04,9.794,392
1982-12-05,9.924,392
1982-12-06,9.874,392
1982-12-07,9.84,392
1982-12-08,9.649,392
1982-12-09,9.582,392
1982-12-10,9.543,392
1982-12-11,9.462,392
1982-12-12,9.447,392
1982-12-13,9.363,392
1982-12-14,9.287,392
1982-12-15,9.311,392
1982-12-16,9.275,392
1982-12-17,9.237,392
1982-12-18,9.423,392
1982-12-19,9.511,392
1982-12-20,9.6,392
1982-12-21,9.862,392
1982-12-22,9.94,392
1982-12-23,9.886,392
1982-12-24,9.855,392
1982-12-25,9.665,392
1982-12-26,9.526,392
1982-12-27,9.374,392
1982-12-28,9.115,392
1982-12-29,9.397,392
1982-12-30,9.361,392
1982-12-31,9.295,392
1983-01-01,9.115,392
1983-01-02,9.116,392
1983-01-03,9.052,392
1983-01-04,9.062,392
1983-01-05,9.01,392
1983-01-06,8.989,392
1983-01-07,8.963,392
1983-01-08,8.985,392
1983-01-09,8.977,392
1983-01-10,9.468,392
1983-01-11,9.513,392
1983-01-12,9.725,392
1983-01-13,9.406,392
1983-01-14,9.227,392
1983-01-15,9.097,392
1983-01-16,9.065,392
1983-01-17,9.031,392
1983-01-18,8.948,392
1983-01-19,9.005,392
1983-01-20,9.263,392
1983-01-21,9.355,392
1983-01-22,9.323,392
1983-01-23,9.331,392
1983-01-24,9.322,392
1983-01-25,9.311,392
1983-01-26,9.185,392
1983-01-27,9.152,392
1983-01-28,9.101,392
1983-01-29,9.081,392
1983-01-30,9.405,392
1983-01-31,9.517,392
1983-02-01,9.171,392
1983-02-02,8.932,392
1983-02-03,9.163,392
1983-02-04,9.432,392
1983-02-05,9.475,392
1983-02-06,9.491,392
1983-02-07,9.483,392
1983-02-08,9.421,392
1983-02-09,9.266,392
1983-02-10,9.187,392
1983-02-11,9.014,392
1983-02-12,8.938,392
1983-02-13,8.92,392
1983-02-14,8.873,392
1983-02-15,8.888,392
1983-02-16,8.871,392
1983-02-17,9.13,392
1983-02-18,9.194,392
1983-02-19,9.29,392
1983-02-20,9.437,392
1983-02-21,9.483,392
1983-02-22,9.435,392
1983-02-23,9.374,392
1983-02-24,9.509,392
1983-02-25,9.581,392
1983-02-26,9.521,392
1983-02-27,9.642,392
1983-02-28,9.682,392
1983-03-01,9.757,392
1983-03-02,10.299,392
1983-03-03,10.594,392
1983-03-04,10.653,392
1983-03-05,10.679,392
1983-03-06,10.557,392
1983-03-07,10.424,392
1983-03-08,10.35,392
1983-03-09,10.276,392
1983-03-10,10.298,392
1983-03-11,10.354,392
1983-03-12,10.356,392
1983-03-13,10.394,392
1983-03-14,10.562,392
1983-03-15,10.514,392
1983-03-16,10.613,392
1983-03-17,11.043,392
1983-03-18,11.161,392
1983-03-19,11.202,392
1983-03-20,10.905,392
1983-03-21,10.738,392
1983-03-22,10.531,392
1983-03-23,10.957,392
1983-03-24,11.002,392
1983-03-25,11.006,392
1983-03-26,10.883,392
1983-03-27,10.746,392
1983-03-28,10.626,392
1983-03-29,10.537,392
1983-03-30,10.739,392
1983-03-31,10.798,392
1983-04-01,10.794,392
1983-04-02,10.831,392
1983-04-03,10.964,392
1983-04-04,10.981,392
1983-04-05,10.955,392
1983-04-06,10.754,392
1983-04-07,10.715,392
1983-04-08,10.661,392
1983-04-09,10.589,392
1983-04-10,10.542,392
1983-04-11,10.59,392
1983-04-12,10.641,392
1983-04-13,10.682,392
1983-04-14,10.59,392
1983-04-15,10.509,392
1983-04-16,10.561,392
1983-04-17,10.644,392
1983-04-18,10.705,392
1983-04-19,10.78,392
1983-04-20,10.738,392
1983-04-21,10.791,392
1983-04-22,10.796,392
1983-04-23,10.824,392
1983-04-24,10.84,392
1983-04-25,10.895,392
1983-04-26,10.921,392
1983-04-27,11.38,392
1983-04-28,11.587,392
1983-04-29,11.703,392
1983-04-30,11.697,392
1983-05-01,11.631,392
1983-05-02,11.572,392
1983-05-03,11.541,392
1983-05-04,11.511,392
1983-05-05,11.622,392
1983-05-06,11.664,392
1983-05-07,11.675,392
1983-05-08,11.696,392
1983-05-09,11.844,392
1983-05-10,11.882,392
1983-05-11,11.9,392
1983-05-12,11.856,392
1983-05-13,11.81,392
1983-05-14,11.77,392
1983-05-15,11.74,392
1983-05-16,11.728,392
1983-05-17,11.725,392
1983-05-18,11.805,392
1983-05-19,11.969,392
1983-05-20,11.998,392
1983-05-21,12.06,392
1983-05-22,11.952,392
1983-05-23,11.882,392
1983-05-24,11.873,392
1983-05-25,12.054,392
1983-05-26,12.147,392
1983-05-27,12.13,392
1983-05-28,12.092,392
1983-05-29,12.079,392
1983-05-30,12.128,392
1983-05-31,12.212,392
1983-06-01,12.199,392
1983-06-02,12.346,392
1983-06-03,12.42,392
1983-06-04,12.478,392
1983-06-05,12.693,392
1983-06-06,12.727,392
1983-06-07,12.775,392
1983-06-08,12.887,392
1983-06-09,12.944,392
1983-06-10,12.908,392
1983-06-11,12.89,392
1983-06-12,12.866,392
1983-06-13,12.919,392
1983-06-14,12.971,392
1983-06-15,12.939,392
1983-06-16,12.977,392
1983-06-17,13.074,392
1983-06-18,13.639,392
1983-06-19,13.825,392
1983-06-20,13.844,392
1983-06-21,13.809,392
1983-06-22,13.813,392
1983-06-23,13.805,392
1983-06-24,13.879,392
1983-06-25,13.907,392
1983-06-26,13.938,392
1983-06-27,13.857,392
1983-06-28,13.841,392
1983-06-29,13.776,392
1983-06-30,13.802,392
1983-07-01,13.908,392
1983-07-02,14.221,392
1983-07-03,14.239,392
1983-07-04,14.23,392
1983-07-05,14.262,392
1983-07-06,14.276,392
1983-07-07,14.553,392
1983-07-08,14.624,392
1983-07-09,14.597,392
1983-07-10,14.567,392
1983-07-11,14.522,392
1983-07-12,14.547,392
1983-07-13,14.474,392
1983-07-14,14.337,392
1983-07-15,14.294,392
1983-07-16,14.286,392
1983-07-17,14.26,392
1983-07-18,14.291,392
1983-07-19,14.231,392
1983-07-20,14.251,392
1983-07-21,15.74,392
1983-07-22,15.93,392
1983-07-23,15.971,392
1983-07-24,15.885,392
1983-07-25,15.721,392
1983-07-26,15.55,392
1983-07-27,15.545,392
1983-07-28,15.465,392
1983-07-29,15.439,392
1983-07-30,15.364,392
1983-07-31,15.322,392
1983-08-01,15.22,392
1983-08-02,15.148,392
1983-08-03,15.104,392
1983-08-04,15.068,392
1983-08-05,14.977,392
1983-08-06,15.027,392
1983-08-07,15.008,392
1983-08-08,14.936,392
1983-08-09,14.842,392
1983-08-10,14.821,392
1983-08-11,15.001,392
1983-08-12,14.785,392
1983-08-13,14.658,392
1983-08-14,14.65,392
1983-08-15,14.685,392
1983-08-16,14.732,392
1983-08-17,14.754,392
1983-08-18,14.56,392
1983-08-19,14.401,392
1983-08-20,14.316,392
1983-08-21,13.866,392
1983-08-22,13.747,392
1983-08-23,13.731,392
1983-08-24,13.692,392
1983-08-25,13.793,392
1983-08-26,14.097,392
1983-08-27,14.189,392
1983-08-28,14.651,392
1983-08-29,14.74,392
1983-08-30,14.761,392
1983-08-31,14.748,392
1983-09-01,14.735,392
1983-09-02,14.715,392
1983-09-03,15.475,392
1983-09-04,15.743,392
1983-09-05,15.778,392
1983-09-06,15.633,392
1983-09-07,15.57,392
1983-09-08,15.212,392
1983-09-09,14.857,392
1983-09-10,14.715,392
1983-09-11,14.742,392
1983-09-12,14.968,392
1983-09-13,15.048,392
1983-09-14,15.114,392
1983-09-15,15.131,392
1983-09-16,14.899,392
1983-09-17,14.348,392
1983-09-18,14.278,392
1983-09-19,14.209,392
1983-09-20,14,392
1983-09-21,13.877,392
1983-09-22,13.781,392
1983-09-23,13.688,392
1983-09-24,13.533,392
1983-09-25,13.571,392
1983-09-26,12.894,392
1983-09-27,12.776,392
1983-09-28,12.694,392
1983-09-29,12.519,392
1983-09-30,12.301,392
1983-10-01,12.137,392
1983-10-02,11.924,392
1983-10-03,11.886,392
1983-10-04,12.642,392
1983-10-05,12.689,392
1983-10-06,12.528,392
1983-10-07,12.309,392
1983-10-08,11.871,392
1983-10-09,11.949,392
1983-10-10,11.976,392
1983-10-11,11.935,392
1983-10-12,11.878,392
1983-10-13,11.938,392
1983-10-14,12.119,392
1983-10-15,12.14,392
1983-10-16,12.123,392
1983-10-17,12.139,392
1983-10-18,12.135,392
1983-10-19,12.202,392
1983-10-20,12.238,392
1983-10-21,12.327,392
1983-10-22,12.185,392
1983-10-23,12.098,392
1983-10-24,11.987,392
1983-10-25,11.641,392
1983-10-26,12.078,392
1983-10-27,12.127,392
1983-10-28,12.169,392
1983-10-29,12.035,392
1983-10-30,11.987,392
1983-10-31,11.998,392
1983-11-01,11.985,392
1983-11-02,11.884,392
1983-11-03,12.074,392
1983-11-04,12.168,392
1983-11-05,12.189,392
1983-11-06,12.028,392
1983-11-07,12.044,392
1983-11-08,12.054,392
1983-11-09,11.939,392
1983-11-10,11.794,392
1983-11-11,11.675,392
1983-11-12,11.568,392
1983-11-13,11.477,392
1983-11-14,11.369,392
1983-11-15,11.292,392
1983-11-16,11.483,392
1983-11-17,11.493,392
1983-11-18,11.44,392
1983-11-19,11.378,392
1983-11-20,11.438,392
1983-11-21,11.445,392
1983-11-22,11.418,392
1983-11-23,11.338,392
1983-11-24,11.188,392
1983-11-25,11.045,392
1983-11-26,10.943,392
1983-11-27,11.075,392
1983-11-28,11.053,392
1983-11-29,10.859,392
1983-11-30,10.686,392
1983-12-01,10.522,392
1983-12-02,10.276,392
1983-12-03,10.155,392
1983-12-04,10.106,392
1983-12-05,10.124,392
1983-12-06,10.141,392
1983-12-07,10.124,392
1983-12-08,10.099,392
1983-12-09,10.114,392
1983-12-10,10.065,392
1983-12-11,10.061,392
1983-12-12,10.169,392
1983-12-13,10.234,392
1983-12-14,10.169,392
1983-12-15,10.18,392
1983-12-16,10.135,392
1983-12-17,9.915,392
1983-12-18,9.832,392
1983-12-19,9.721,392
1983-12-20,9.437,392
1983-12-21,8.905,392
1983-12-22,8.542,392
1983-12-23,8.454,392
1983-12-24,8.489,392
1983-12-25,8.558,392
1983-12-26,8.816,392
1983-12-27,8.845,392
1983-12-28,8.842,392
1983-12-29,8.878,392
1983-12-30,8.91,392
1983-12-31,8.895,392
1984-01-01,8.886,392
1984-01-02,8.908,392
1984-01-03,8.864,392
1984-01-04,8.89,392
1984-01-05,8.856,392
1984-01-06,8.853,392
1984-01-07,8.845,392
1984-01-08,8.88,392
1984-01-09,8.981,392
1984-01-10,9.022,392
1984-01-11,8.923,392
1984-01-12,8.792,392
1984-01-13,8.689,392
1984-01-14,8.417,392
1984-01-15,7.968,392
1984-01-16,7.867,392
1984-01-17,7.597,392
1984-01-18,7.189,392
1984-01-19,7.07,392
1984-01-20,7.073,392
1984-01-21,7.217,392
1984-01-22,7.337,392
1984-01-23,7.427,392
1984-01-24,7.616,392
1984-01-25,7.763,392
1984-01-26,7.802,392
1984-01-27,7.881,392
1984-01-28,8.582,392
1984-01-29,8.598,392
1984-01-30,8.403,392
1984-01-31,7.91,392
1984-02-01,7.673,392
1984-02-02,7.731,392
1984-02-03,8.219,392
1984-02-04,8.195,392
1984-02-05,8.109,392
1984-02-06,7.965,392
1984-02-07,8.083,392
1984-02-08,8.138,392
1984-02-09,8.089,392
1984-02-10,8.107,392
1984-02-11,8.378,392
1984-02-12,8.456,392
1984-02-13,8.501,392
1984-02-14,8.79,392
1984-02-15,8.865,392
1984-02-16,8.871,392
1984-02-17,8.839,392
1984-02-18,8.796,392
1984-02-19,8.79,392
1984-02-20,8.784,392
1984-02-21,8.753,392
1984-02-22,8.691,392
1984-02-23,8.693,392
1984-02-24,8.726,392
1984-02-25,8.75,392
1984-02-26,8.724,392
1984-02-27,8.721,392
1984-02-28,8.705,392
1984-02-29,8.944,392
1984-03-01,9.333,392
1984-03-02,9.379,392
1984-03-03,9.45,392
1984-03-04,9.276,392
1984-03-05,9.253,392
1984-03-06,9.327,392
1984-03-07,9.518,392
1984-03-08,9.54,392
1984-03-09,9.515,392
1984-03-10,9.422,392
1984-03-11,9.415,392
1984-03-12,9.394,392
1984-03-13,9.502,392
1984-03-14,9.396,392
1984-03-15,9.347,392
1984-03-16,9.224,392
1984-03-17,9.212,392
1984-03-18,9.243,392
1984-03-19,9.198,392
1984-03-20,9.209,392
1984-03-21,9.167,392
1984-03-22,9.18,392
1984-03-23,9.224,392
1984-03-24,9.255,392
1984-03-25,9.823,392
1984-03-26,9.922,392
1984-03-27,9.931,392
1984-03-28,10.254,392
1984-03-29,10.305,392
1984-03-30,10.205,392
1984-03-31,9.981,392
1984-04-01,9.932,392
1984-04-02,9.799,392
1984-04-03,9.717,392
1984-04-04,9.672,392
1984-04-05,9.496,392
1984-04-06,9.421,392
1984-04-07,9.462,392
1984-04-08,9.546,392
1984-04-09,9.586,392
1984-04-10,9.66,392
1984-04-11,9.679,392
1984-04-12,9.717,392
1984-04-13,9.785,392
1984-04-14,9.861,392
1984-04-15,9.867,392
1984-04-16,9.828,392
1984-04-17,9.899,392
1984-04-18,9.912,392
1984-04-19,9.938,392
1984-04-20,10.194,392
1984-04-21,10.285,392
1984-04-22,10.267,392
1984-04-23,10.003,392
1984-04-24,9.936,392
1984-04-25,9.814,392
1984-04-26,9.578,392
1984-04-27,9.355,392
1984-04-28,9.454,392
1984-04-29,9.611,392
1984-04-30,9.774,392
1984-05-01,9.835,392
1984-05-02,9.879,392
1984-05-03,9.939,392
1984-05-04,10.086,392
1984-05-05,10.15,392
1984-05-06,10.19,392
1984-05-07,10.833,392
1984-05-08,10.955,392
1984-05-09,10.965,392
1984-05-10,10.949,392
1984-05-11,10.981,392
1984-05-12,11.011,392
1984-05-13,11.073,392
1984-05-14,11.136,392
1984-05-15,11.173,392
1984-05-16,11.2,392
1984-05-17,11.231,392
1984-05-18,11.323,392
1984-05-19,11.283,392
1984-05-20,11.301,392
1984-05-21,11.379,392
1984-05-22,11.551,392
1984-05-23,11.597,392
1984-05-24,11.62,392
1984-05-25,11.723,392
1984-05-26,11.785,392
1984-05-27,11.81,392
1984-05-28,11.836,392
1984-05-29,11.929,392
1984-05-30,11.823,392
1984-05-31,11.768,392
1984-06-01,11.718,392
1984-06-02,11.789,392
1984-06-03,11.882,392
1984-06-04,11.984,392
1984-06-05,12.223,392
1984-06-06,12.274,392
1984-06-07,12.316,392
1984-06-08,12.419,392
1984-06-09,12.496,392
1984-06-10,12.482,392
1984-06-11,12.437,392
1984-06-12,12.366,392
1984-06-13,12.38,392
1984-06-14,12.128,392
1984-06-15,11.94,392
1984-06-16,12.002,392
1984-06-17,12.099,392
1984-06-18,12.299,392
1984-06-19,12.325,392
1984-06-20,12.292,392
1984-06-21,12.317,392
1984-06-22,12.407,392
1984-06-23,12.504,392
1984-06-24,12.674,392
1984-06-25,12.822,392
1984-06-26,12.936,392
1984-06-27,12.921,392
1984-06-28,12.942,392
1984-06-29,12.903,392
1984-06-30,12.943,392
1984-07-01,13.109,392
1984-07-02,13.213,392
1984-07-03,13.185,392
1984-07-04,13.162,392
1984-07-05,13.236,392
1984-07-06,13.292,392
1984-07-07,13.368,392
1984-07-08,13.388,392
1984-07-09,13.389,392
1984-07-10,13.449,392
1984-07-11,13.487,392
1984-07-12,13.693,392
1984-07-13,13.862,392
1984-07-14,13.762,392
1984-07-15,13.232,392
1984-07-16,12.903,392
1984-07-17,12.592,392
1984-07-18,12.314,392
1984-07-19,12.4,392
1984-07-20,12.58,392
1984-07-21,12.718,392
1984-07-22,12.806,392
1984-07-23,12.895,392
1984-07-24,12.984,392
1984-07-25,13.04,392
1984-07-26,13.056,392
1984-07-27,13.38,392
1984-07-28,13.464,392
1984-07-29,13.569,392
1984-07-30,13.431,392
1984-07-31,13.534,392
1984-08-01,13.636,392
1984-08-02,13.87,392
1984-08-03,14.07,392
1984-08-04,14.187,392
1984-08-05,14.146,392
1984-08-06,13.953,392
1984-08-07,13.897,392
1984-08-08,14.076,392
1984-08-09,14.149,392
1984-08-10,14.143,392
1984-08-11,14.146,392
1984-08-12,14.225,392
1984-08-13,14.267,392
1984-08-14,14.318,392
1984-08-15,14.341,392
1984-08-16,14.371,392
1984-08-17,14.467,392
1984-08-18,15.009,392
1984-08-19,15.037,392
1984-08-20,15.041,392
1984-08-21,14.807,392
1984-08-22,14.532,392
1984-08-23,14.367,392
1984-08-24,14.172,392
1984-08-25,14.166,392
1984-08-26,14.611,392
1984-08-27,14.633,392
1984-08-28,14.471,392
1984-08-29,13.928,392
1984-08-30,13.944,392
1984-08-31,13.929,392
1984-09-01,13.927,392
1984-09-02,13.938,392
1984-09-03,13.974,392
1984-09-04,13.938,392
1984-09-05,14.004,392
1984-09-06,14.036,392
1984-09-07,14.024,392
1984-09-08,14.017,392
1984-09-09,13.936,392
1984-09-10,13.903,392
1984-09-11,13.747,392
1984-09-12,14.091,392
1984-09-13,14.237,392
1984-09-14,14.274,392
1984-09-15,14.273,392
1984-09-16,14.207,392
1984-09-17,14.836,392
1984-09-18,14.922,392
1984-09-19,14.616,392
1984-09-20,14.146,392
1984-09-21,13.871,392
1984-09-22,13.779,392
1984-09-23,13.639,392
1984-09-24,13.518,392
1984-09-25,13.474,392
1984-09-26,13.449,392
1984-09-27,13.336,392
1984-09-28,13.236,392
1984-09-29,13.178,392
1984-09-30,13.136,392
1984-10-01,13.314,392
1984-10-02,13.329,392
1984-10-03,13.205,392
1984-10-04,13.008,392
1984-10-05,12.872,392
1984-10-06,12.847,392
1984-10-07,12.821,392
1984-10-08,12.758,392
1984-10-09,12.594,392
1984-10-10,12.587,392
1984-10-11,12.939,392
1984-10-12,12.974,392
1984-10-13,12.956,392
1984-10-14,12.816,392
1984-10-15,12.775,392
1984-10-16,12.571,392
1984-10-17,12.426,392
1984-10-18,12.22,392
1984-10-19,12.14,392
1984-10-20,11.889,392
1984-10-21,11.891,392
1984-10-22,11.869,392
1984-10-23,11.872,392
1984-10-24,11.859,392
1984-10-25,11.779,392
1984-10-26,11.74,392
1984-10-27,11.644,392
1984-10-28,11.126,392
1984-10-29,10.916,392
1984-10-30,10.867,392
1984-10-31,10.87,392
1984-11-01,10.834,392
1984-11-02,10.821,392
1984-11-03,10.94,392
1984-11-04,11.015,392
1984-11-05,10.987,392
1984-11-06,10.877,392
1984-11-07,10.852,392
1984-11-08,10.882,392
1984-11-09,10.861,392
1984-11-10,10.808,392
1984-11-11,10.774,392
1984-11-12,10.777,392
1984-11-13,10.836,392
1984-11-14,10.83,392
1984-11-15,10.953,392
1984-11-16,11.01,392
1984-11-17,10.989,392
1984-11-18,10.906,392
1984-11-19,10.792,392
1984-11-20,10.795,392
1984-11-21,10.752,392
1984-11-22,10.783,392
1984-11-23,10.782,392
1984-11-24,10.731,392
1984-11-25,10.615,392
1984-11-26,10.539,392
1984-11-27,10.507,392
1984-11-28,10.472,392
1984-11-29,10.541,392
1984-11-30,10.526,392
1984-12-01,10.488,392
1984-12-02,10.336,392
1984-12-03,10.238,392
1984-12-04,10.181,392
1984-12-05,10.128,392
1984-12-06,10.126,392
1984-12-07,9.816,392
1984-12-08,9.696,392
1984-12-09,9.657,392
1984-12-10,9.604,392
1984-12-11,9.56,392
1984-12-12,9.551,392
1984-12-13,9.471,392
1984-12-14,9.382,392
1984-12-15,9.409,392
1984-12-16,9.357,392
1984-12-17,9.295,392
1984-12-18,9.29,392
1984-12-19,9.193,392
1984-12-20,9.141,392
1984-12-21,9.124,392
1984-12-22,9.091,392
1984-12-23,9.027,392
1984-12-24,8.928,392
1984-12-25,8.867,392
1984-12-26,8.519,392
1984-12-27,8.283,392
1984-12-28,8.18,392
1984-12-29,8.274,392
1984-12-30,8.358,392
1984-12-31,8.365,392
1985-01-01,8.522,392
1985-01-02,8.407,392
1985-01-03,8.288,392
1985-01-04,8.107,392
1985-01-05,8.128,392
1985-01-06,8.145,392
1985-01-07,8.364,392
1985-01-08,7.853,392
1985-01-09,7.656,392
1985-01-10,7.623,392
1985-01-11,7.72,392
1985-01-12,7.768,392
1985-01-13,7.887,392
1985-01-14,7.909,392
1985-01-15,7.943,392
1985-01-16,8,392
1985-01-17,7.932,392
1985-01-18,7.939,392
1985-01-19,7.726,392
1985-01-20,7.374,392
1985-01-21,7.3,392
1985-01-22,7.253,392
1985-01-23,7.24,392
1985-01-24,7.656,392
1985-01-25,7.665,392
1985-01-26,7.657,392
1985-01-27,7.623,392
1985-01-28,7.452,392
1985-01-29,7.39,392
1985-01-30,7.373,392
1985-01-31,7.932,392
1985-02-01,8.073,392
1985-02-02,8.074,392
1985-02-03,7.962,392
1985-02-04,7.818,392
1985-02-05,7.78,392
1985-02-06,7.926,392
1985-02-07,8.013,392
1985-02-08,8.051,392
1985-02-09,8.006,392
1985-02-10,8.028,392
1985-02-11,7.946,392
1985-02-12,7.957,392
1985-02-13,8.014,392
1985-02-14,7.882,392
1985-02-15,7.791,392
1985-02-16,7.754,392
1985-02-17,7.588,392
1985-02-18,7.561,392
1985-02-19,7.593,392
1985-02-20,7.679,392
1985-02-21,7.732,392
1985-02-22,7.748,392
1985-02-23,7.642,392
1985-02-24,7.609,392
1985-02-25,7.879,392
1985-02-26,7.958,392
1985-02-27,7.994,392
1985-02-28,7.88,392
1985-03-01,7.874,392
1985-03-02,7.879,392
1985-03-03,7.936,392
1985-03-04,7.938,392
1985-03-05,7.993,392
1985-03-06,8.263,392
1985-03-07,8.261,392
1985-03-08,8.24,392
1985-03-09,8.098,392
1985-03-10,7.928,392
1985-03-11,7.64,392
1985-03-12,7.619,392
1985-03-13,7.631,392
1985-03-14,7.602,392
1985-03-15,7.938,392
1985-03-16,7.956,392
1985-03-17,8.072,392
1985-03-18,8.192,392
1985-03-19,8.242,392
1985-03-20,8.309,392
1985-03-21,8.285,392
1985-03-22,8.198,392
1985-03-23,8.156,392
1985-03-24,7.912,392
1985-03-25,7.851,392
1985-03-26,7.873,392
1985-03-27,8.182,392
1985-03-28,8.197,392
1985-03-29,8.209,392
1985-03-30,8.299,392
1985-03-31,8.296,392
1985-04-01,8.312,392
1985-04-02,8.355,392
1985-04-03,8.545,392
1985-04-04,8.926,392
1985-04-05,8.804,392
1985-04-06,8.752,392
1985-04-07,8.762,392
1985-04-08,9.069,392
1985-04-09,9.154,392
1985-04-10,9.27,392
1985-04-11,9.336,392
1985-04-12,9.42,392
1985-04-13,9.526,392
1985-04-14,9.621,392
1985-04-15,9.646,392
1985-04-16,9.622,392
1985-04-17,9.663,392
1985-04-18,9.348,392
1985-04-19,9.282,392
1985-04-20,9.301,392
1985-04-21,9.444,392
1985-04-22,9.383,392
1985-04-23,9.164,392
1985-04-24,9.098,392
1985-04-25,9.112,392
1985-04-26,9.167,392
1985-04-27,9.229,392
1985-04-28,9.293,392
1985-04-29,9.376,392
1985-04-30,9.56,392
1985-05-01,9.655,392
1985-05-02,9.689,392
1985-05-03,10.103,392
1985-05-04,10.187,392
1985-05-05,10.298,392
1985-05-06,10.565,392
1985-05-07,10.661,392
1985-05-08,10.422,392
1985-05-09,10.267,392
1985-05-10,10.139,392
1985-05-11,10.026,392
1985-05-12,10.138,392
1985-05-13,10.091,392
1985-05-14,10.605,392
1985-05-15,10.75,392
1985-05-16,10.69,392
1985-05-17,10.835,392
1985-05-18,11.041,392
1985-05-19,11.177,392
1985-05-20,11.269,392
1985-05-21,11.398,392
1985-05-22,11.632,392
1985-05-23,11.763,392
1985-05-24,11.851,392
1985-05-25,11.94,392
1985-05-26,12.004,392
1985-05-27,11.981,392
1985-05-28,11.97,392
1985-05-29,11.974,392
1985-05-30,12.02,392
1985-05-31,12.121,392
1985-06-01,12.12,392
1985-06-02,12.167,392
1985-06-03,12.239,392
1985-06-04,12.32,392
1985-06-05,12.384,392
1985-06-06,12.467,392
1985-06-07,12.584,392
1985-06-08,12.944,392
1985-06-09,13.03,392
1985-06-10,13.019,392
1985-06-11,12.988,392
1985-06-12,12.954,392
1985-06-13,13.001,392
1985-06-14,12.657,392
1985-06-15,12.837,392
1985-06-16,12.945,392
1985-06-17,13.029,392
1985-06-18,12.1,392
1985-06-19,11.817,392
1985-06-20,11.595,392
1985-06-21,11.353,392
1985-06-22,10.852,392
1985-06-23,10.745,392
1985-06-24,10.737,392
1985-06-25,11.36,392
1985-06-26,11.539,392
1985-06-27,11.579,392
1985-06-28,11.775,392
1985-06-29,11.833,392
1985-06-30,11.911,392
1985-07-01,12.145,392
1985-07-02,12.394,392
1985-07-03,13.043,392
1985-07-04,13.252,392
1985-07-05,13.32,392
1985-07-06,13.399,392
1985-07-07,13.446,392
1985-07-08,13.503,392
1985-07-09,13.493,392
1985-07-10,13.554,392
1985-07-11,14.383,392
1985-07-12,14.216,392
1985-07-13,13.936,392
1985-07-14,13.451,392
1985-07-15,13.251,392
1985-07-16,13.262,392
1985-07-17,13.299,392
1985-07-18,12.205,392
1985-07-19,12.013,392
1985-07-20,11.989,392
1985-07-21,11.771,392
1985-07-22,11.795,392
1985-07-23,11.842,392
1985-07-24,12.439,392
1985-07-25,12.564,392
1985-07-26,12.683,392
1985-07-27,12.901,392
1985-07-28,12.83,392
1985-07-29,12.861,392
1985-07-30,12.956,392
1985-07-31,13.096,392
1985-08-01,13.161,392
1985-08-02,13.245,392
1985-08-03,13.333,392
1985-08-04,13.443,392
1985-08-05,13.47,392
1985-08-06,13.372,392
1985-08-07,13.411,392
1985-08-08,13.4,392
1985-08-09,13.421,392
1985-08-10,13.378,392
1985-08-11,13.328,392
1985-08-12,13.251,392
1985-08-13,13.349,392
1985-08-14,13.61,392
1985-08-15,14.972,392
1985-08-16,15.071,392
1985-08-17,14.987,392
1985-08-18,14.87,392
1985-08-19,14.396,392
1985-08-20,14.304,392
1985-08-21,14.266,392
1985-08-22,14.169,392
1985-08-23,13.315,392
1985-08-24,13.694,392
1985-08-25,13.944,392
1985-08-26,14.102,392
1985-08-27,14.15,392
1985-08-28,14.027,392
1985-08-29,14.047,392
1985-08-30,14.014,392
1985-08-31,13.694,392
1985-09-01,13.586,392
1985-09-02,13.562,392
1985-09-03,13.489,392
1985-09-04,13.466,392
1985-09-05,13.348,392
1985-09-06,13.169,392
1985-09-07,13.452,392
1985-09-08,13.564,392
1985-09-09,13.598,392
1985-09-10,13.619,392
1985-09-11,13.593,392
1985-09-12,13.568,392
1985-09-13,13.529,392
1985-09-14,13.694,392
1985-09-15,13.725,392
1985-09-16,13.339,392
1985-09-17,13.196,392
1985-09-18,13.604,392
1985-09-19,13.978,392
1985-09-20,13.984,392
1985-09-21,13.674,392
1985-09-22,13.498,392
1985-09-23,13.466,392
1985-09-24,13.727,392
1985-09-25,13.878,392
1985-09-26,13.617,392
1985-09-27,13.269,392
1985-09-28,13.21,392
1985-09-29,13.026,392
1985-09-30,12.864,392
1985-10-01,12.525,392
1985-10-02,13.121,392
1985-10-03,13.122,392
1985-10-04,13.092,392
1985-10-05,12.874,392
1985-10-06,12.718,392
1985-10-07,12.245,392
1985-10-08,11.622,392
1985-10-09,11.453,392
1985-10-10,11.68,392
1985-10-11,11.69,392
1985-10-12,11.684,392
1985-10-13,11.691,392
1985-10-14,11.668,392
1985-10-15,11.735,392
1985-10-16,11.723,392
1985-10-17,11.705,392
1985-10-18,11.67,392
1985-10-19,11.619,392
1985-10-20,11.642,392
1985-10-21,11.65,392
1985-10-22,11.559,392
1985-10-23,11.55,392
1985-10-24,11.402,392
1985-10-25,11.305,392
1985-10-26,11.268,392
1985-10-27,11.218,392
1985-10-28,11.136,392
1985-10-29,10.893,392
1985-10-30,10.835,392
1985-10-31,10.831,392
1985-11-01,10.82,392
1985-11-02,10.81,392
1985-11-03,10.803,392
1985-11-04,10.816,392
1985-11-05,10.753,392
1985-11-06,10.719,392
1985-11-07,10.595,392
1985-11-08,10.556,392
1985-11-09,10.247,392
1985-11-10,9.993,392
1985-11-11,9.725,392
1985-11-12,9.546,392
1985-11-13,9.545,392
1985-11-14,9.534,392
1985-11-15,9.73,392
1985-11-16,9.5,392
1985-11-17,9.364,392
1985-11-18,9.234,392
1985-11-19,8.837,392
1985-11-20,8.77,392
1985-11-21,8.454,392
1985-11-22,8.234,392
1985-11-23,8.107,392
1985-11-24,7.934,392
1985-11-25,7.841,392
1985-11-26,7.951,392
1985-11-27,7.738,392
1985-11-28,7.445,392
1985-11-29,7.431,392
1985-11-30,7.422,392
1985-12-01,7.466,392
1985-12-02,7.491,392
1985-12-03,7.595,392
1985-12-04,7.598,392
1985-12-05,7.676,392
1985-12-06,7.839,392
1985-12-07,7.965,392
1985-12-08,7.908,392
1985-12-09,7.843,392
1985-12-10,7.653,392
1985-12-11,7.469,392
1985-12-12,7.323,392
1985-12-13,7.254,392
1985-12-14,7.322,392
1985-12-15,7.491,392
1985-12-16,7.557,392
1985-12-17,7.123,392
1985-12-18,7.164,392
1985-12-19,7.217,392
1985-12-20,7.211,392
1985-12-21,7.187,392
1985-12-22,7.14,392
1985-12-23,7.122,392
1985-12-24,7.075,392
1985-12-25,6.975,392
1985-12-26,6.871,392
1985-12-27,6.837,392
1985-12-28,6.916,392
1985-12-29,7.068,392
1985-12-30,7.205,392
1985-12-31,7.304,392
1986-01-01,7.418,392
1986-01-02,7.542,392
1986-01-03,7.594,392
1986-01-04,7.704,392
1986-01-05,7.267,392
1986-01-06,7.121,392
1986-01-07,7.108,392
1986-01-08,7.279,392
1986-01-09,7.407,392
1986-01-10,7.708,392
1986-01-11,7.774,392
1986-01-12,7.796,392
1986-01-13,7.837,392
1986-01-14,7.817,392
1986-01-15,7.838,392
1986-01-16,7.895,392
1986-01-17,7.955,392
1986-01-18,7.932,392
1986-01-19,7.994,392
1986-01-20,8.019,392
1986-01-21,8.079,392
1986-01-22,8.299,392
1986-01-23,8.405,392
1986-01-24,8.165,392
1986-01-25,8.015,392
1986-01-26,7.948,392
1986-01-27,8.011,392
1986-01-28,8.044,392
1986-01-29,8.104,392
1986-01-30,8.15,392
1986-01-31,8.36,392
1986-02-01,8.437,392
1986-02-02,8.453,392
1986-02-03,8.414,392
1986-02-04,8.766,392
1986-02-05,8.928,392
1986-02-06,8.939,392
1986-02-07,8.836,392
1986-02-08,8.725,392
1986-02-09,8.538,392
1986-02-10,8.469,392
1986-02-11,8.413,392
1986-02-12,8.307,392
1986-02-13,8.282,392
1986-02-14,8.246,392
1986-02-15,8.279,392
1986-02-16,8.285,392
1986-02-17,8.265,392
1986-02-18,7.655,392
1986-02-19,7.525,392
1986-02-20,7.494,392
1986-02-21,7.577,392
1986-02-22,7.608,392
1986-02-23,7.677,392
1986-02-24,7.712,392
1986-02-25,7.8,392
1986-02-26,7.813,392
1986-02-27,7.956,392
1986-02-28,8.319,392
1986-03-01,8.457,392
1986-03-02,8.5,392
1986-03-03,8.557,392
1986-03-04,8.549,392
1986-03-05,8.604,392
1986-03-06,8.66,392
1986-03-07,9.063,392
1986-03-08,9.124,392
1986-03-09,9.134,392
1986-03-10,9.058,392
1986-03-11,9.497,392
1986-03-12,9.616,392
1986-03-13,9.675,392
1986-03-14,9.665,392
1986-03-15,9.765,392
1986-03-16,9.759,392
1986-03-17,9.767,392
1986-03-18,9.757,392
1986-03-19,9.612,392
1986-03-20,9.566,392
1986-03-21,9.529,392
1986-03-22,9.525,392
1986-03-23,9.472,392
1986-03-24,9.453,392
1986-03-25,9.439,392
1986-03-26,9.44,392
1986-03-27,9.416,392
1986-03-28,9.394,392
1986-03-29,9.672,392
1986-03-30,9.721,392
1986-03-31,9.735,392
1986-04-01,9.65,392
1986-04-02,9.599,392
1986-04-03,9.947,392
1986-04-04,10.032,392
1986-04-05,9.719,392
1986-04-06,9.366,392
1986-04-07,9.035,392
1986-04-08,9.274,392
1986-04-09,9.323,392
1986-04-10,9.42,392
1986-04-11,9.482,392
1986-04-12,9.554,392
1986-04-13,9.641,392
1986-04-14,9.598,392
1986-04-15,9.603,392
1986-04-16,9.602,392
1986-04-17,9.676,392
1986-04-18,9.729,392
1986-04-19,9.801,392
1986-04-20,9.838,392
1986-04-21,9.713,392
1986-04-22,9.688,392
1986-04-23,9.681,392
1986-04-24,9.728,392
1986-04-25,9.848,392
1986-04-26,9.893,392
1986-04-27,9.957,392
1986-04-28,9.875,392
1986-04-29,9.895,392
1986-04-30,9.952,392
1986-05-01,10.032,392
1986-05-02,10.079,392
1986-05-03,9.884,392
1986-05-04,9.794,392
1986-05-05,9.882,392
1986-05-06,10.467,392
1986-05-07,11.142,392
1986-05-08,11.186,392
1986-05-09,11.15,392
1986-05-10,11.126,392
1986-05-11,11.147,392
1986-05-12,10.988,392
1986-05-13,10.899,392
1986-05-14,10.922,392
1986-05-15,10.967,392
1986-05-16,11.019,392
1986-05-17,11.065,392
1986-05-18,11.194,392
1986-05-19,11.092,392
1986-05-20,11.088,392
1986-05-21,11.134,392
1986-05-22,11.271,392
1986-05-23,11.421,392
1986-05-24,11.536,392
1986-05-25,11.66,392
1986-05-26,11.747,392
1986-05-27,11.74,392
1986-05-28,11.9,392
1986-05-29,12.14,392
1986-05-30,12.322,392
1986-05-31,12.079,392
1986-06-01,11.992,392
1986-06-02,11.895,392
1986-06-03,11.948,392
1986-06-04,12.041,392
1986-06-05,12.125,392
1986-06-06,12.235,392
1986-06-07,12.363,392
1986-06-08,12.384,392
1986-06-09,12.405,392
1986-06-10,12.389,392
1986-06-11,12.386,392
1986-06-12,12.402,392
1986-06-13,12.501,392
1986-06-14,12.575,392
1986-06-15,12.573,392
1986-06-16,12.63,392
1986-06-17,13.043,392
1986-06-18,13.114,392
1986-06-19,13.132,392
1986-06-20,13.085,392
1986-06-21,13.08,392
1986-06-22,13.316,392
1986-06-23,13.263,392
1986-06-24,13.338,392
1986-06-25,13.447,392
1986-06-26,13.691,392
1986-06-27,13.617,392
1986-06-28,13.607,392
1986-06-29,13.557,392
1986-06-30,13.585,392
1986-07-01,13.706,392
1986-07-02,13.77,392
1986-07-03,13.334,392
1986-07-04,13.782,392
1986-07-05,13.826,392
1986-07-06,13.996,392
1986-07-07,13.885,392
1986-07-08,13.908,392
1986-07-09,13.866,392
1986-07-10,13.891,392
1986-07-11,13.912,392
1986-07-12,13.973,392
1986-07-13,13.943,392
1986-07-14,13.724,392
1986-07-15,13.685,392
1986-07-16,13.709,392
1986-07-17,13.729,392
1986-07-18,13.803,392
1986-07-19,13.744,392
1986-07-20,13.775,392
1986-07-21,13.65,392
1986-07-22,13.484,392
1986-07-23,13.41,392
1986-07-24,13.212,392
1986-07-25,13.212,392
1986-07-26,13.205,392
1986-07-27,13.314,392
1986-07-28,13.366,392
1986-07-29,13.456,392
1986-07-30,13.506,392
1986-07-31,13.277,392
1986-08-01,12.799,392
1986-08-02,12.711,392
1986-08-03,12.745,392
1986-08-04,12.802,392
1986-08-05,12.78,392
1986-08-06,12.722,392
1986-08-07,13.053,392
1986-08-08,13.128,392
1986-08-09,13.19,392
1986-08-10,13.308,392
1986-08-11,13.384,392
1986-08-12,13.497,392
1986-08-13,13.634,392
1986-08-14,12.663,392
1986-08-15,12.435,392
1986-08-16,12.636,392
1986-08-17,13.272,392
1986-08-18,13.631,392
1986-08-19,13.905,392
1986-08-20,13.818,392
1986-08-21,13.537,392
1986-08-22,13.66,392
1986-08-23,13.631,392
1986-08-24,13.75,392
1986-08-25,13.445,392
1986-08-26,13.451,392
1986-08-27,13.481,392
1986-08-28,13.751,392
1986-08-29,13.864,392
1986-08-30,13.884,392
1986-08-31,13.874,392
1986-09-01,14.133,392
1986-09-02,14.136,392
1986-09-03,13.597,392
1986-09-04,13.175,392
1986-09-05,13.026,392
1986-09-06,13.042,392
1986-09-07,13.469,392
1986-09-08,13.626,392
1986-09-09,13.055,392
1986-09-10,12.999,392
1986-09-11,13.063,392
1986-09-12,13.142,392
1986-09-13,13.144,392
1986-09-14,12.985,392
1986-09-15,13.043,392
1986-09-16,13.239,392
1986-09-17,13.244,392
1986-09-18,13.854,392
1986-09-19,13.9,392
1986-09-20,13.918,392
1986-09-21,13.802,392
1986-09-22,13.653,392
1986-09-23,13.54,392
1986-09-24,13.517,392
1986-09-25,13.455,392
1986-09-26,13.387,392
1986-09-27,13.293,392
1986-09-28,13.289,392
1986-09-29,13.464,392
1986-09-30,13.5,392
1986-10-01,13.367,392
1986-10-02,13.173,392
1986-10-03,12.967,392
1986-10-04,12.491,392
1986-10-05,12.615,392
1986-10-06,12.68,392
1986-10-07,12.686,392
1986-10-08,12.416,392
1986-10-09,12.272,392
1986-10-10,12.776,392
1986-10-11,12.737,392
1986-10-12,12.574,392
1986-10-13,12.355,392
1986-10-14,12.132,392
1986-10-15,12.134,392
1986-10-16,11.989,392
1986-10-17,11.917,392
1986-10-18,12.608,392
1986-10-19,12.624,392
1986-10-20,12.763,392
1986-10-21,12.766,392
1986-10-22,12.766,392
1986-10-23,12.676,392
1986-10-24,12.542,392
1986-10-25,12.421,392
1986-10-26,12.827,392
1986-10-27,12.864,392
1986-10-28,12.789,392
1986-10-29,12.609,392
1986-10-30,12.333,392
1986-10-31,12.326,392
1986-11-01,12.325,392
1986-11-02,12.175,392
1986-11-03,12.085,392
1986-11-04,12.27,392
1986-11-05,12.261,392
1986-11-06,11.751,392
1986-11-07,11.011,392
1986-11-08,10.939,392
1986-11-09,10.733,392
1986-11-10,10.639,392
1986-11-11,10.614,392
1986-11-12,10.634,392
1986-11-13,10.61,392
1986-11-14,10.564,392
1986-11-15,10.527,392
1986-11-16,10.514,392
1986-11-17,10.458,392
1986-11-18,10.404,392
1986-11-19,10.302,392
1986-11-20,10.316,392
1986-11-21,10.589,392
1986-11-22,10.618,392
1986-11-23,10.571,392
1986-11-24,10.518,392
1986-11-25,10.503,392
1986-11-26,10.545,392
1986-11-27,10.428,392
1986-11-28,10.399,392
1986-11-29,10.379,392
1986-11-30,10.196,392
1986-12-01,10.005,392
1986-12-02,9.862,392
1986-12-03,9.745,392
1986-12-04,9.538,392
1986-12-05,9.439,392
1986-12-06,9.4,392
1986-12-07,9.355,392
1986-12-08,8.964,392
1986-12-09,8.908,392
1986-12-10,8.907,392
1986-12-11,8.942,392
1986-12-12,9.188,392
1986-12-13,9.217,392
1986-12-14,9.376,392
1986-12-15,9.521,392
1986-12-16,9.55,392
1986-12-17,9.561,392
1986-12-18,9.565,392
1986-12-19,9.468,392
1986-12-20,9.418,392
1986-12-21,9.388,392
1986-12-22,9.337,392
1986-12-23,9.598,392
1986-12-24,9.688,392
1986-12-25,9.704,392
1986-12-26,9.599,392
1986-12-27,9.517,392
1986-12-28,9.786,392
1986-12-29,9.794,392
1986-12-30,9.754,392
1986-12-31,9.692,392
1987-01-01,9.647,392
1987-01-02,9.603,392
1987-01-03,9.498,392
1987-01-04,9.777,392
1987-01-05,9.734,392
1987-01-06,9.675,392
1987-01-07,9.656,392
1987-01-08,9.662,392
1987-01-09,9.669,392
1987-01-10,9.563,392
1987-01-11,9.503,392
1987-01-12,9.343,392
1987-01-13,8.862,392
1987-01-14,8.775,392
1987-01-15,8.763,392
1987-01-16,8.752,392
1987-01-17,8.867,392
1987-01-18,8.878,392
1987-01-19,8.807,392
1987-01-20,8.568,392
1987-01-21,8.543,392
1987-01-22,8.569,392
1987-01-23,8.568,392
1987-01-24,8.521,392
1987-01-25,8.632,392
1987-01-26,8.67,392
1987-01-27,8.703,392
1987-01-28,8.682,392
1987-01-29,8.693,392
1987-01-30,8.751,392
1987-01-31,8.981,392
1987-02-01,9.052,392
1987-02-02,9.061,392
1987-02-03,8.963,392
1987-02-04,8.982,392
1987-02-05,8.922,392
1987-02-06,8.884,392
1987-02-07,8.848,392
1987-02-08,8.816,392
1987-02-09,8.713,392
1987-02-10,8.678,392
1987-02-11,8.546,392
1987-02-12,8.511,392
1987-02-13,8.617,392
1987-02-14,8.675,392
1987-02-15,9.208,392
1987-02-16,9.34,392
1987-02-17,9.358,392
1987-02-18,9.274,392
1987-02-19,9.232,392
1987-02-20,9.384,392
1987-02-21,9.437,392
1987-02-22,9.356,392
1987-02-23,9.162,392
1987-02-24,9.006,392
1987-02-25,8.931,392
1987-02-26,8.94,392
1987-02-27,8.93,392
1987-02-28,8.916,392
1987-03-01,8.973,392
1987-03-02,8.965,392
1987-03-03,9.018,392
1987-03-04,9.131,392
1987-03-05,9.198,392
1987-03-06,9.408,392
1987-03-07,9.382,392
1987-03-08,9.379,392
1987-03-09,9.363,392
1987-03-10,9.332,392
1987-03-11,9.354,392
1987-03-12,9.357,392
1987-03-13,9.435,392
1987-03-14,9.45,392
1987-03-15,9.435,392
1987-03-16,9.339,392
1987-03-17,9.325,392
1987-03-18,9.458,392
1987-03-19,9.468,392
1987-03-20,9.444,392
1987-03-21,9.361,392
1987-03-22,9.386,392
1987-03-23,9.418,392
1987-03-24,9.461,392
1987-03-25,9.447,392
1987-03-26,9.383,392
1987-03-27,9.322,392
1987-03-28,9.254,392
1987-03-29,9.398,392
1987-03-30,9.537,392
1987-03-31,10.528,392
1987-04-01,10.85,392
1987-04-02,10.882,392
1987-04-03,10.753,392
1987-04-04,10.583,392
1987-04-05,10.454,392
1987-04-06,10.402,392
1987-04-07,10.38,392
1987-04-08,10.375,392
1987-04-09,10.303,392
1987-04-10,10.21,392
1987-04-11,10.139,392
1987-04-12,10.141,392
1987-04-13,10.198,392
1987-04-14,10.246,392
1987-04-15,10.035,392
1987-04-16,10.019,392
1987-04-17,10.003,392
1987-04-18,10.001,392
1987-04-19,10.088,392
1987-04-20,10.207,392
1987-04-21,10.26,392
1987-04-22,10.205,392
1987-04-23,10.134,392
1987-04-24,9.58,392
1987-04-25,9.414,392
1987-04-26,9.537,392
1987-04-27,9.628,392
1987-04-28,9.66,392
1987-04-29,9.799,392
1987-04-30,9.988,392
1987-05-01,10.048,392
1987-05-02,10.109,392
1987-05-03,10.183,392
1987-05-04,10.617,392
1987-05-05,10.685,392
1987-05-06,10.869,392
1987-05-07,11.562,392
1987-05-08,12.022,392
1987-05-09,12.214,392
1987-05-10,12.136,392
1987-05-11,12.049,392
1987-05-12,12.007,392
1987-05-13,11.972,392
1987-05-14,11.983,392
1987-05-15,11.773,392
1987-05-16,11.681,392
1987-05-17,11.2,392
1987-05-18,10.548,392
1987-05-19,10.443,392
1987-05-20,10.472,392
1987-05-21,10.676,392
1987-05-22,11.471,392
1987-05-23,11.498,392
1987-05-24,11.491,392
1987-05-25,11.436,392
1987-05-26,11.54,392
1987-05-27,11.497,392
1987-05-28,11.45,392
1987-05-29,11.458,392
1987-05-30,11.483,392
1987-05-31,11.555,392
1987-06-01,11.552,392
1987-06-02,11.596,392
1987-06-03,11.673,392
1987-06-04,11.75,392
1987-06-05,11.849,392
1987-06-06,11.984,392
1987-06-07,11.984,392
1987-06-08,12.025,392
1987-06-09,12.161,392
1987-06-10,12.158,392
1987-06-11,12.161,392
1987-06-12,11.999,392
1987-06-13,11.973,392
1987-06-14,12.027,392
1987-06-15,11.976,392
1987-06-16,11.999,392
1987-06-17,12.145,392
1987-06-18,12.153,392
1987-06-19,12.188,392
1987-06-20,12.185,392
1987-06-21,12.197,392
1987-06-22,12.368,392
1987-06-23,12.582,392
1987-06-24,12.631,392
1987-06-25,12.939,392
1987-06-26,13.013,392
1987-06-27,12.957,392
1987-06-28,12.49,392
1987-06-29,12.529,392
1987-06-30,12.686,392
1987-07-01,12.873,392
1987-07-02,12.998,392
1987-07-03,13.025,392
1987-07-04,13.046,392
1987-07-05,13.149,392
1987-07-06,13.252,392
1987-07-07,13.324,392
1987-07-08,13.413,392
1987-07-09,13.469,392
1987-07-10,13.495,392
1987-07-11,13.797,392
1987-07-12,13.851,392
1987-07-13,13.291,392
1987-07-14,12.826,392
1987-07-15,12.456,392
1987-07-16,12.119,392
1987-07-17,12.172,392
1987-07-18,12.252,392
1987-07-19,12.385,392
1987-07-20,12.587,392
1987-07-21,12.59,392
1987-07-22,12.588,392
1987-07-23,12.674,392
1987-07-24,12.64,392
1987-07-25,12.715,392
1987-07-26,12.788,392
1987-07-27,13.001,392
1987-07-28,13.203,392
1987-07-29,13.449,392
1987-07-30,13.835,392
1987-07-31,14.358,392
1987-08-01,14.356,392
1987-08-02,14.116,392
1987-08-03,13.621,392
1987-08-04,13.535,392
1987-08-05,13.401,392
1987-08-06,13.347,392
1987-08-07,13.522,392
1987-08-08,13.538,392
1987-08-09,13.548,392
1987-08-10,13.577,392
1987-08-11,13.607,392
1987-08-12,13.689,392
1987-08-13,13.735,392
1987-08-14,13.126,392
1987-08-15,12.793,392
1987-08-16,12.658,392
1987-08-17,12.545,392
1987-08-18,12.476,392
1987-08-19,12.458,392
1987-08-20,12.915,392
1987-08-21,12.83,392
1987-08-22,12.369,392
1987-08-23,12.106,392
1987-08-24,12.073,392
1987-08-25,12.258,392
1987-08-26,12.551,392
1987-08-27,12.627,392
1987-08-28,12.733,392
1987-08-29,13.16,392
1987-08-30,12.822,392
1987-08-31,12.693,392
1987-09-01,12.665,392
1987-09-02,13.024,392
1987-09-03,13.079,392
1987-09-04,12.908,392
1987-09-05,12.717,392
1987-09-06,12.688,392
1987-09-07,12.647,392
1987-09-08,12.682,392
1987-09-09,12.375,392
1987-09-10,12.101,392
1987-09-11,12.012,392
1987-09-12,12.896,392
1987-09-13,13.77,392
1987-09-14,14.343,392
1987-09-15,13.474,392
1987-09-16,12.895,392
1987-09-17,12.844,392
1987-09-18,13.024,392
1987-09-19,13.631,392
1987-09-20,13.785,392
1987-09-21,13.558,392
1987-09-22,13.264,392
1987-09-23,13.236,392
1987-09-24,13.258,392
1987-09-25,13.428,392
1987-09-26,13.485,392
1987-09-27,13.762,392
1987-09-28,13.965,392
1987-09-29,14.26,392
1987-09-30,14.385,392
1987-10-01,14.111,392
1987-10-02,13.751,392
1987-10-03,13.67,392
1987-10-04,14.477,392
1987-10-05,14.494,392
1987-10-06,14.416,392
1987-10-07,14.266,392
1987-10-08,14.306,392
1987-10-09,14.331,392
1987-10-10,14.319,392
1987-10-11,13.841,392
1987-10-12,13.292,392
1987-10-13,13.171,392
1987-10-14,13.02,392
1987-10-15,12.741,392
1987-10-16,12.614,392
1987-10-17,12.428,392
1987-10-18,12.238,392
1987-10-19,12.215,392
1987-10-20,12.149,392
1987-10-21,12.077,392
1987-10-22,11.97,392
1987-10-23,12.03,392
1987-10-24,11.995,392
1987-10-25,11.668,392
1987-10-26,11.567,392
1987-10-27,11.532,392
1987-10-28,11.466,392
1987-10-29,11.473,392
1987-10-30,11.461,392
1987-10-31,11.503,392
1987-11-01,12.013,392
1987-11-02,12.027,392
1987-11-03,12.013,392
1987-11-04,12.14,392
1987-11-05,12.169,392
1987-11-06,12.177,392
1987-11-07,12.178,392
1987-11-08,12.181,392
1987-11-09,12.077,392
1987-11-10,11.953,392
1987-11-11,11.843,392
1987-11-12,11.974,392
1987-11-13,12.179,392
1987-11-14,12.195,392
1987-11-15,11.813,392
1987-11-16,11.705,392
1987-11-17,11.697,392
1987-11-18,11.565,392
1987-11-19,11.454,392
1987-11-20,11.364,392
1987-11-21,11.43,392
1987-11-22,11.403,392
1987-11-23,11.423,392
1987-11-24,11.381,392
1987-11-25,11.293,392
1987-11-26,11.222,392
1987-11-27,11.029,392
1987-11-28,10.945,392
1987-11-29,10.912,392
1987-11-30,10.935,392
1987-12-01,10.815,392
1987-12-02,10.729,392
1987-12-03,10.562,392
1987-12-04,10.53,392
1987-12-05,10.525,392
1987-12-06,10.497,392
1987-12-07,10.486,392
1987-12-08,10.41,392
1987-12-09,10.414,392
1987-12-10,10.385,392
1987-12-11,10.236,392
1987-12-12,10.11,392
1987-12-13,10.004,392
1987-12-14,9.982,392
1987-12-15,9.892,392
1987-12-16,9.761,392
1987-12-17,9.964,392
1987-12-18,9.993,392
1987-12-19,9.981,392
1987-12-20,9.885,392
1987-12-21,9.78,392
1987-12-22,8.911,392
1987-12-23,8.581,392
1987-12-24,8.538,392
1987-12-25,8.571,392
1987-12-26,8.59,392
1987-12-27,8.64,392
1987-12-28,8.626,392
1987-12-29,8.896,392
1987-12-30,9.064,392
1987-12-31,8.997,392
1988-01-01,8.861,392
1988-01-02,8.596,392
1988-01-03,8.533,392
1988-01-04,8.565,392
1988-01-05,8.5,392
1988-01-06,8.587,392
1988-01-07,8.771,392
1988-01-08,8.918,392
1988-01-09,8.944,392
1988-01-10,8.794,392
1988-01-11,8.718,392
1988-01-12,8.73,392
1988-01-13,8.734,392
1988-01-14,8.686,392
1988-01-15,8.671,392
1988-01-16,8.673,392
1988-01-17,8.873,392
1988-01-18,8.959,392
1988-01-19,9.034,392
1988-01-20,8.989,392
1988-01-21,8.947,392
1988-01-22,8.937,392
1988-01-23,8.906,392
1988-01-24,8.854,392
1988-01-25,8.821,392
1988-01-26,8.726,392
1988-01-27,8.743,392
1988-01-28,8.769,392
1988-01-29,8.765,392
1988-01-30,8.495,392
1988-01-31,8.132,392
1988-02-01,7.967,392
1988-02-02,7.909,392
1988-02-03,7.896,392
1988-02-04,7.985,392
1988-02-05,8.04,392
1988-02-06,8.221,392
1988-02-07,8.336,392
1988-02-08,8.405,392
1988-02-09,8.386,392
1988-02-10,8.389,392
1988-02-11,8.324,392
1988-02-12,8.516,392
1988-02-13,8.614,392
1988-02-14,8.618,392
1988-02-15,8.604,392
1988-02-16,8.558,392
1988-02-17,8.516,392
1988-02-18,8.486,392
1988-02-19,8.457,392
1988-02-20,8.257,392
1988-02-21,8.195,392
1988-02-22,8.188,392
1988-02-23,8.202,392
1988-02-24,8.181,392
1988-02-25,8.256,392
1988-02-26,8.251,392
1988-02-27,8.169,392
1988-02-28,8.213,392
1988-02-29,8.289,392
1988-03-01,8.366,392
1988-03-02,8.596,392
1988-03-03,8.817,392
1988-03-04,8.83,392
1988-03-05,8.819,392
1988-03-06,8.835,392
1988-03-07,8.845,392
1988-03-08,8.787,392
1988-03-09,8.758,392
1988-03-10,8.734,392
1988-03-11,8.692,392
1988-03-12,8.825,392
1988-03-13,8.977,392
1988-03-14,8.992,392
1988-03-15,9.053,392
1988-03-16,9.236,392
1988-03-17,9.677,392
1988-03-18,9.661,392
1988-03-19,9.489,392
1988-03-20,9.385,392
1988-03-21,9.279,392
1988-03-22,9.246,392
1988-03-23,9.282,392
1988-03-24,9.304,392
1988-03-25,9.306,392
1988-03-26,9.032,392
1988-03-27,8.954,392
1988-03-28,8.895,392
1988-03-29,8.81,392
1988-03-30,8.767,392
1988-03-31,8.7,392
1988-04-01,8.727,392
1988-04-02,8.933,392
1988-04-03,8.97,392
1988-04-04,8.942,392
1988-04-05,8.85,392
1988-04-06,8.838,392
1988-04-07,8.872,392
1988-04-08,8.999,392
1988-04-09,9.297,392
1988-04-10,9.47,392
1988-04-11,9.545,392
1988-04-12,9.636,392
1988-04-13,9.847,392
1988-04-14,9.935,392
1988-04-15,9.97,392
1988-04-16,9.951,392
1988-04-17,9.949,392
1988-04-18,9.973,392
1988-04-19,9.942,392
1988-04-20,9.981,392
1988-04-21,10.034,392
1988-04-22,10.111,392
1988-04-23,10.108,392
1988-04-24,10.124,392
1988-04-25,10.144,392
1988-04-26,10.124,392
1988-04-27,10.116,392
1988-04-28,10.156,392
1988-04-29,10.202,392
1988-04-30,10.234,392
1988-05-01,10.199,392
1988-05-02,10.183,392
1988-05-03,10.181,392
1988-05-04,10.14,392
1988-05-05,10.212,392
1988-05-06,10.817,392
1988-05-07,10.913,392
1988-05-08,10.942,392
1988-05-09,10.982,392
1988-05-10,11.044,392
1988-05-11,11.157,392
1988-05-12,11.22,392
1988-05-13,11.216,392
1988-05-14,11.284,392
1988-05-15,11.447,392
1988-05-16,11.497,392
1988-05-17,11.501,392
1988-05-18,11.605,392
1988-05-19,11.64,392
1988-05-20,11.756,392
1988-05-21,11.893,392
1988-05-22,12.113,392
1988-05-23,11.941,392
1988-05-24,11.749,392
1988-05-25,11.686,392
1988-05-26,11.749,392
1988-05-27,11.718,392
1988-05-28,11.732,392
1988-05-29,11.799,392
1988-05-30,11.877,392
1988-05-31,11.829,392
1988-06-01,11.774,392
1988-06-02,11.787,392
1988-06-03,11.709,392
1988-06-04,12.055,392
1988-06-05,12.198,392
1988-06-06,12.288,392
1988-06-07,12.427,392
1988-06-08,12.612,392
1988-06-09,12.682,392
1988-06-10,12.739,392
1988-06-11,12.712,392
1988-06-12,12.638,392
1988-06-13,12.561,392
1988-06-14,12.086,392
1988-06-15,11.94,392
1988-06-16,11.942,392
1988-06-17,12.109,392
1988-06-18,12.283,392
1988-06-19,12.278,392
1988-06-20,12.188,392
1988-06-21,12.187,392
1988-06-22,12.339,392
1988-06-23,12.447,392
1988-06-24,12.592,392
1988-06-25,12.698,392
1988-06-26,12.806,392
1988-06-27,12.948,392
1988-06-28,13.093,392
1988-06-29,13.178,392
1988-06-30,13.226,392
1988-07-01,13.303,392
1988-07-02,13.292,392
1988-07-03,13.23,392
1988-07-04,13.27,392
1988-07-05,13.425,392
1988-07-06,13.583,392
1988-07-07,13.565,392
1988-07-08,13.509,392
1988-07-09,13.364,392
1988-07-10,13.313,392
1988-07-11,13.31,392
1988-07-12,13.377,392
1988-07-13,13.391,392
1988-07-14,13.433,392
1988-07-15,14.637,392
1988-07-16,14.548,392
1988-07-17,14.434,392
1988-07-18,13.89,392
1988-07-19,13.642,392
1988-07-20,13.606,392
1988-07-21,13.574,392
1988-07-22,13.67,392
1988-07-23,13.722,392
1988-07-24,13.667,392
1988-07-25,13.442,392
1988-07-26,13.162,392
1988-07-27,13.2,392
1988-07-28,13.119,392
1988-07-29,13.166,392
1988-07-30,13.02,392
1988-07-31,12.843,392
1988-08-01,12.796,392
1988-08-02,12.884,392
1988-08-03,13.375,392
1988-08-04,13.155,392
1988-08-05,13.11,392
1988-08-06,13.005,392
1988-08-07,13.09,392
1988-08-08,13.129,392
1988-08-09,13.35,392
1988-08-10,13.307,392
1988-08-11,13.296,392
1988-08-12,13.372,392
1988-08-13,13.449,392
1988-08-14,13.413,392
1988-08-15,13.374,392
1988-08-16,13.394,392
1988-08-17,13.839,392
1988-08-18,13.986,392
1988-08-19,13.813,392
1988-08-20,13.278,392
1988-08-21,12.96,392
1988-08-22,12.763,392
1988-08-23,12.623,392
1988-08-24,12.608,392
1988-08-25,12.651,392
1988-08-26,13.366,392
1988-08-27,13.321,392
1988-08-28,13.271,392
1988-08-29,13.124,392
1988-08-30,13.323,392
1988-08-31,12.794,392
1988-09-01,12.678,392
1988-09-02,12.646,392
1988-09-03,12.737,392
1988-09-04,12.828,392
1988-09-05,12.896,392
1988-09-06,12.783,392
1988-09-07,12.725,392
1988-09-08,12.549,392
1988-09-09,12.193,392
1988-09-10,11.944,392
1988-09-11,11.321,392
1988-09-12,11.224,392
1988-09-13,11.346,392
1988-09-14,11.851,392
1988-09-15,11.933,392
1988-09-16,11.944,392
1988-09-17,11.886,392
1988-09-18,11.8,392
1988-09-19,10.86,392
1988-09-20,10.768,392
1988-09-21,10.788,392
1988-09-22,10.882,392
1988-09-23,10.925,392
1988-09-24,10.718,392
1988-09-25,10.799,392
1988-09-26,10.865,392
1988-09-27,10.954,392
1988-09-28,11.204,392
1988-09-29,11.336,392
1988-09-30,11.958,392
1988-10-01,12.465,392
1988-10-02,12.891,392
1988-10-03,12.75,392
1988-10-04,12.552,392
1988-10-05,12.457,392
1988-10-06,12.476,392
1988-10-07,12.475,392
1988-10-08,12.369,392
1988-10-09,12.312,392
1988-10-10,12.294,392
1988-10-11,12.255,392
1988-10-12,12.209,392
1988-10-13,12.186,392
1988-10-14,12.134,392
1988-10-15,12.121,392
1988-10-16,12.345,392
1988-10-17,12.38,392
1988-10-18,12.354,392
1988-10-19,12.46,392
1988-10-20,12.677,392
1988-10-21,12.731,392
1988-10-22,12.703,392
1988-10-23,12.508,392
1988-10-24,12.454,392
1988-10-25,11.792,392
1988-10-26,11.668,392
1988-10-27,11.464,392
1988-10-28,11.093,392
1988-10-29,11.106,392
1988-10-30,11.063,392
1988-10-31,11.303,392
1988-11-01,11.454,392
1988-11-02,11.509,392
1988-11-03,11.356,392
1988-11-04,11.347,392
1988-11-05,11.784,392
1988-11-06,11.785,392
1988-11-07,11.797,392
1988-11-08,11.819,392
1988-11-09,11.523,392
1988-11-10,11.354,392
1988-11-11,11.283,392
1988-11-12,11.449,392
1988-11-13,11.421,392
1988-11-14,11.37,392
1988-11-15,11.256,392
1988-11-16,11.255,392
1988-11-17,11.213,392
1988-11-18,11.199,392
1988-11-19,11.025,392
1988-11-20,10.946,392
1988-11-21,10.904,392
1988-11-22,10.878,392
1988-11-23,10.841,392
1988-11-24,10.712,392
1988-11-25,10.565,392
1988-11-26,10.513,392
1988-11-27,10.496,392
1988-11-28,10.442,392
1988-11-29,10.404,392
1988-11-30,10.311,392
1988-12-01,10.251,392
1988-12-02,9.939,392
1988-12-03,9.956,392
1988-12-04,9.992,392
1988-12-05,10.061,392
1988-12-06,10.081,392
1988-12-07,10.086,392
1988-12-08,9.931,392
1988-12-09,9.675,392
1988-12-10,9.49,392
1988-12-11,9.407,392
1988-12-12,9.422,392
1988-12-13,9.752,392
1988-12-14,9.518,392
1988-12-15,9.146,392
1988-12-16,8.866,392
1988-12-17,8.807,392
1988-12-18,8.716,392
1988-12-19,8.692,392
1988-12-20,8.708,392
1988-12-21,8.724,392
1988-12-22,8.732,392
1988-12-23,8.718,392
1988-12-24,9.091,392
1988-12-25,9.094,392
1988-12-26,9.088,392
1988-12-27,9.051,392
1988-12-28,8.984,392
1988-12-29,9.016,392
1988-12-30,8.999,392
1988-12-31,8.961,392
1989-01-01,8.939,392
1989-01-02,8.949,392
1989-01-03,8.908,392
1989-01-04,8.866,392
1989-01-05,8.759,392
1989-01-06,7.864,392
1989-01-07,7.612,392
1989-01-08,7.591,392
1989-01-09,7.698,392
1989-01-10,7.753,392
1989-01-11,7.842,392
1989-01-12,7.869,392
1989-01-13,7.927,392
1989-01-14,7.943,392
1989-01-15,7.971,392
1989-01-16,8.017,392
1989-01-17,8.065,392
1989-01-18,8.056,392
1989-01-19,8.133,392
1989-01-20,8.15,392
1989-01-21,8.194,392
1989-01-22,8.207,392
1989-01-23,8.206,392
1989-01-24,8.202,392
1989-01-25,8.088,392
1989-01-26,7.949,392
1989-01-27,7.953,392
1989-01-28,7.974,392
1989-01-29,8.04,392
1989-01-30,8.089,392
1989-01-31,7.994,392
1989-02-01,7.949,392
1989-02-02,7.496,392
1989-02-03,6.906,392
1989-02-04,6.842,392
1989-02-05,6.741,392
1989-02-06,6.511,392
1989-02-07,6.334,392
1989-02-08,6.311,392
1989-02-09,6.288,392
1989-02-10,6.286,392
1989-02-11,6.307,392
1989-02-12,6.437,392
1989-02-13,6.141,392
1989-02-14,6.195,392
1989-02-15,6.265,392
1989-02-16,6.35,392
1989-02-17,6.509,392
1989-02-18,6.597,392
1989-02-19,6.725,392
1989-02-20,6.843,392
1989-02-21,6.956,392
1989-02-22,7.086,392
1989-02-23,7.132,392
1989-02-24,7.243,392
1989-02-25,7.053,392
1989-02-26,6.884,392
1989-02-27,6.687,392
1989-02-28,6.852,392
1989-03-01,6.722,392
1989-03-02,6.508,392
1989-03-03,6.417,392
1989-03-04,6.317,392
1989-03-05,6.766,392
1989-03-06,6.867,392
1989-03-07,6.876,392
1989-03-08,6.92,392
1989-03-09,7.025,392
1989-03-10,7.243,392
1989-03-11,7.389,392
1989-03-12,7.466,392
1989-03-13,8.065,392
1989-03-14,8.269,392
1989-03-15,8.294,392
1989-03-16,8.173,392
1989-03-17,8.177,392
1989-03-18,8.651,392
1989-03-19,8.675,392
1989-03-20,8.567,392
1989-03-21,8.194,392
1989-03-22,8.118,392
1989-03-23,8.098,392
1989-03-24,8.095,392
1989-03-25,8.202,392
1989-03-26,8.281,392
1989-03-27,8.331,392
1989-03-28,8.377,392
1989-03-29,8.425,392
1989-03-30,8.457,392
1989-03-31,8.523,392
1989-04-01,8.275,392
1989-04-02,8.231,392
1989-04-03,8.25,392
1989-04-04,8.29,392
1989-04-05,8.355,392
1989-04-06,8.814,392
1989-04-07,8.851,392
1989-04-08,8.886,392
1989-04-09,9.742,392
1989-04-10,9.885,392
1989-04-11,9.946,392
1989-04-12,10.103,392
1989-04-13,10.144,392
1989-04-14,10.067,392
1989-04-15,9.992,392
1989-04-16,9.624,392
1989-04-17,9.503,392
1989-04-18,9.451,392
1989-04-19,9.752,392
1989-04-20,9.776,392
1989-04-21,9.772,392
1989-04-22,10.087,392
1989-04-23,10.589,392
1989-04-24,10.758,392
1989-04-25,10.857,392
1989-04-26,10.839,392
1989-04-27,11.135,392
1989-04-28,11.46,392
1989-04-29,11.781,392
1989-04-30,12.138,392
1989-05-01,12.258,392
1989-05-02,13.341,392
1989-05-03,13.634,392
1989-05-04,13.824,392
1989-05-05,14.018,392
1989-05-06,13.879,392
1989-05-07,13.639,392
1989-05-08,13.413,392
1989-05-09,13.114,392
1989-05-10,12.614,392
1989-05-11,12.486,392
1989-05-12,12.331,392
1989-05-13,11.965,392
1989-05-14,11.64,392
1989-05-15,11.493,392
1989-05-16,11.488,392
1989-05-17,11.401,392
1989-05-18,11.124,392
1989-05-19,10.959,392
1989-05-20,11.041,392
1989-05-21,11.381,392
1989-05-22,11.628,392
1989-05-23,11.686,392
1989-05-24,11.749,392
1989-05-25,11.852,392
1989-05-26,11.959,392
1989-05-27,12.128,392
1989-05-28,12.134,392
1989-05-29,12.138,392
1989-05-30,12.114,392
1989-05-31,12.38,392
1989-06-01,12.157,392
1989-06-02,12.519,392
1989-06-03,13.407,392
1989-06-04,13.553,392
1989-06-05,13.418,392
1989-06-06,13.055,392
1989-06-07,13.046,392
1989-06-08,13.011,392
1989-06-09,13.016,392
1989-06-10,12.963,392
1989-06-11,12.932,392
1989-06-12,12.898,392
1989-06-13,12.916,392
1989-06-14,12.775,392
1989-06-15,12.704,392
1989-06-16,12.719,392
1989-06-17,12.79,392
1989-06-18,12.832,392
1989-06-19,12.612,392
1989-06-20,12.533,392
1989-06-21,12.717,392
1989-06-22,14.027,392
1989-06-23,14.396,392
1989-06-24,14.729,392
1989-06-25,14.946,392
1989-06-26,13.402,392
1989-06-27,12.942,392
1989-06-28,12.999,392
1989-06-29,13.007,392
1989-06-30,13.063,392
1989-07-01,13.176,392
1989-07-02,13.434,392
1989-07-03,13.533,392
1989-07-04,13.965,392
1989-07-05,14.122,392
1989-07-06,14.079,392
1989-07-07,13.956,392
1989-07-08,14.031,392
1989-07-09,14.013,392
1989-07-10,14.007,392
1989-07-11,13.953,392
1989-07-12,15.533,392
1989-07-13,15.689,392
1989-07-14,15.671,392
1989-07-15,15.604,392
1989-07-16,15.498,392
1989-07-17,15.374,392
1989-07-18,15.395,392
1989-07-19,15.361,392
1989-07-20,15.962,392
1989-07-21,15.672,392
1989-07-22,15.412,392
1989-07-23,15.195,392
1989-07-24,14.86,392
1989-07-25,14.857,392
1989-07-26,14.686,392
1989-07-27,14.663,392
1989-07-28,15.937,392
1989-07-29,16.138,392
1989-07-30,16.124,392
1989-07-31,15.739,392
1989-08-01,15.462,392
1989-08-02,15.401,392
1989-08-03,15.392,392
1989-08-04,15.391,392
1989-08-05,14.789,392
1989-08-06,14.633,392
1989-08-07,14.414,392
1989-08-08,14.114,392
1989-08-09,13.845,392
1989-08-10,13.813,392
1989-08-11,13.924,392
1989-08-12,14.062,392
1989-08-13,14.095,392
1989-08-14,14.432,392
1989-08-15,14.409,392
1989-08-16,14.332,392
1989-08-17,14.336,392
1989-08-18,14.306,392
1989-08-19,14.301,392
1989-08-20,14.237,392
1989-08-21,14.183,392
1989-08-22,14.61,392
1989-08-23,14.8,392
1989-08-24,15.043,392
1989-08-25,15.109,392
1989-08-26,15.174,392
1989-08-27,15.125,392
1989-08-28,14.982,392
1989-08-29,14.804,392
1989-08-30,14.636,392
1989-08-31,14.522,392
1989-09-01,13.849,392
1989-09-02,14.129,392
1989-09-03,14.387,392
1989-09-04,13.76,392
1989-09-05,13.108,392
1989-09-06,12.877,392
1989-09-07,12.926,392
1989-09-08,13.052,392
1989-09-09,12.915,392
1989-09-10,12.887,392
1989-09-11,13.22,392
1989-09-12,14.356,392
1989-09-13,14.551,392
1989-09-14,14.485,392
1989-09-15,14.048,392
1989-09-16,13.501,392
1989-09-17,13.067,392
1989-09-18,13.079,392
1989-09-19,13.078,392
1989-09-20,13.178,392
1989-09-21,13.333,392
1989-09-22,12.839,392
1989-09-23,12.576,392
1989-09-24,12.59,392
1989-09-25,12.834,392
1989-09-26,12.671,392
1989-09-27,12.419,392
1989-09-28,12.424,392
1989-09-29,12.43,392
1989-09-30,12.393,392
1989-10-01,12.246,392
1989-10-02,12.266,392
1989-10-03,12.311,392
1989-10-04,12.215,392
1989-10-05,12.55,392
1989-10-06,12.593,392
1989-10-07,12.711,392
1989-10-08,12.286,392
1989-10-09,12.421,392
1989-10-10,12.513,392
1989-10-11,12.682,392
1989-10-12,12.848,392
1989-10-13,12.72,392
1989-10-14,12.619,392
1989-10-15,12.548,392
1989-10-16,12.532,392
1989-10-17,12.726,392
1989-10-18,12.711,392
1989-10-19,12.73,392
1989-10-20,12.761,392
1989-10-21,12.641,392
1989-10-22,12.505,392
1989-10-23,12.467,392
1989-10-24,12.456,392
1989-10-25,12.501,392
1989-10-26,12.425,392
1989-10-27,12.329,392
1989-10-28,12.176,392
1989-10-29,11.967,392
1989-10-30,11.826,392
1989-10-31,11.906,392
1989-11-01,11.851,392
1989-11-02,11.809,392
1989-11-03,11.627,392
1989-11-04,11.403,392
1989-11-05,11.403,392
1989-11-06,11.393,392
1989-11-07,11.42,392
1989-11-08,11.446,392
1989-11-09,11.402,392
1989-11-10,11.31,392
1989-11-11,11.229,392
1989-11-12,11.074,392
1989-11-13,11.064,392
1989-11-14,11.072,392
1989-11-15,11.071,392
1989-11-16,10.981,392
1989-11-17,10.898,392
1989-11-18,10.811,392
1989-11-19,10.723,392
1989-11-20,10.656,392
1989-11-21,10.671,392
1989-11-22,10.677,392
1989-11-23,10.664,392
1989-11-24,10.635,392
1989-11-25,10.437,392
1989-11-26,10.346,392
1989-11-27,10.305,392
1989-11-28,10.295,392
1989-11-29,10.367,392
1989-11-30,10.32,392
1989-12-01,10.262,392
1989-12-02,10.223,392
1989-12-03,10.187,392
1989-12-04,10.12,392
1989-12-05,10.08,392
1989-12-06,10.07,392
1989-12-07,10.259,392
1989-12-08,10.153,392
1989-12-09,10.174,392
1989-12-10,9.982,392
1989-12-11,9.631,392
1989-12-12,9.21,392
1989-12-13,9.148,392
1989-12-14,9.161,392
1989-12-15,9.16,392
1989-12-16,9.117,392
1989-12-17,9.063,392
1989-12-18,8.969,392
1989-12-19,8.925,392
1989-12-20,8.941,392
1989-12-21,8.971,392
1989-12-22,8.761,392
1989-12-23,8.753,392
1989-12-24,8.766,392
1989-12-25,8.667,392
1989-12-26,8.608,392
1989-12-27,8.556,392
1989-12-28,8.532,392
1989-12-29,8.586,392
1989-12-30,8.868,392
1989-12-31,8.956,392
1990-01-01,9.203,392
1990-01-02,9.25,392
1990-01-03,9.224,392
1990-01-04,9.263,392
1990-01-05,9.235,392
1990-01-06,9.192,392
1990-01-07,9.19,392
1990-01-08,9.231,392
1990-01-09,9.209,392
1990-01-10,9.117,392
1990-01-11,9.091,392
1990-01-12,9.054,392
1990-01-13,8.997,392
1990-01-14,8.888,392
1990-01-15,9.377,392
1990-01-16,9.25,392
1990-01-17,8.922,392
1990-01-18,8.572,392
1990-01-19,8.505,392
1990-01-20,8.471,392
1990-01-21,8.51,392
1990-01-22,8.683,392
1990-01-23,8.739,392
1990-01-24,8.729,392
1990-01-25,8.708,392
1990-01-26,8.65,392
1990-01-27,8.688,392
1990-01-28,8.684,392
1990-01-29,8.643,392
1990-01-30,8.613,392
1990-01-31,8.61,392
1990-02-01,8.619,392
1990-02-02,8.545,392
1990-02-03,8.48,392
1990-02-04,8.5,392
1990-02-05,8.463,392
1990-02-06,8.493,392
1990-02-07,8.45,392
1990-02-08,8.427,392
1990-02-09,8.356,392
1990-02-10,8.391,392
1990-02-11,8.297,392
1990-02-12,7.525,392
1990-02-13,7.4,392
1990-02-14,7.353,392
1990-02-15,7.233,392
1990-02-16,7.001,392
1990-02-17,6.823,392
1990-02-18,6.756,392
1990-02-19,6.727,392
1990-02-20,7.012,392
1990-02-21,7.595,392
1990-02-22,7.617,392
1990-02-23,7.616,392
1990-02-24,7.442,392
1990-02-25,7.317,392
1990-02-26,7.612,392
1990-02-27,7.777,392
1990-02-28,7.934,392
1990-03-01,8.126,392
1990-03-02,8.803,392
1990-03-03,8.746,392
1990-03-04,8.748,392
1990-03-05,8.77,392
1990-03-06,8.734,392
1990-03-07,8.695,392
1990-03-08,8.695,392
1990-03-09,8.527,392
1990-03-10,8.421,392
1990-03-11,8.372,392
1990-03-12,8.347,392
1990-03-13,8.321,392
1990-03-14,8.404,392
1990-03-15,8.496,392
1990-03-16,8.465,392
1990-03-17,8.509,392
1990-03-18,8.571,392
1990-03-19,8.608,392
1990-03-20,8.687,392
1990-03-21,8.728,392
1990-03-22,8.779,392
1990-03-23,9.383,392
1990-03-24,9.467,392
1990-03-25,9.423,392
1990-03-26,9.206,392
1990-03-27,8.992,392
1990-03-28,8.938,392
1990-03-29,8.965,392
1990-03-30,8.98,392
1990-03-31,9.034,392
1990-04-01,9.589,392
1990-04-02,9.572,392
1990-04-03,9.44,392
1990-04-04,9.292,392
1990-04-05,9.21,392
1990-04-06,9.123,392
1990-04-07,9.096,392
1990-04-08,9.131,392
1990-04-09,9.245,392
1990-04-10,9.404,392
1990-04-11,9.482,392
1990-04-12,9.56,392
1990-04-13,9.657,392
1990-04-14,10.075,392
1990-04-15,10.154,392
1990-04-16,10.187,392
1990-04-17,10.194,392
1990-04-18,10.191,392
1990-04-19,10.582,392
1990-04-20,10.67,392
1990-04-21,10.695,392
1990-04-22,10.663,392
1990-04-23,10.62,392
1990-04-24,10.621,392
1990-04-25,10.662,392
1990-04-26,10.61,392
1990-04-27,10.479,392
1990-04-28,11.059,392
1990-04-29,11.053,392
1990-04-30,11,392
1990-05-01,10.819,392
1990-05-02,10.83,392
1990-05-03,10.857,392
1990-05-04,10.892,392
1990-05-05,10.851,392
1990-05-06,10.589,392
1990-05-07,11.248,392
1990-05-08,11.284,392
1990-05-09,11.235,392
1990-05-10,10.912,392
1990-05-11,10.852,392
1990-05-12,10.885,392
1990-05-13,10.848,392
1990-05-14,10.885,392
1990-05-15,10.89,392
1990-05-16,10.989,392
1990-05-17,11.078,392
1990-05-18,11.195,392
1990-05-19,11.117,392
1990-05-20,11.057,392
1990-05-21,11.277,392
1990-05-22,11.386,392
1990-05-23,11.475,392
1990-05-24,11.616,392
1990-05-25,11.728,392
1990-05-26,11.771,392
1990-05-27,11.728,392
1990-05-28,11.8,392
1990-05-29,11.963,392
1990-05-30,12.018,392
1990-05-31,12.101,392
1990-06-01,12.141,392
1990-06-02,12.202,392
1990-06-03,12.25,392
1990-06-04,12.306,392
1990-06-05,12.371,392
1990-06-06,12.461,392
1990-06-07,12.558,392
1990-06-08,12.686,392
1990-06-09,12.803,392
1990-06-10,12.819,392
1990-06-11,12.812,392
1990-06-12,12.806,392
1990-06-13,13.5,392
1990-06-14,13.582,392
1990-06-15,13.586,392
1990-06-16,13.802,392
1990-06-17,13.858,392
1990-06-18,13.873,392
1990-06-19,13.793,392
1990-06-20,13.717,392
1990-06-21,13.594,392
1990-06-22,13.422,392
1990-06-23,13.419,392
1990-06-24,13.525,392
1990-06-25,14.352,392
1990-06-26,14.487,392
1990-06-27,14.433,392
1990-06-28,14.269,392
1990-06-29,14.064,392
1990-06-30,14.118,392
1990-07-01,14.386,392
1990-07-02,14.536,392
1990-07-03,14.531,392
1990-07-04,14.556,392
1990-07-05,14.973,392
1990-07-06,15.968,392
1990-07-07,16.079,392
1990-07-08,15.972,392
1990-07-09,15.789,392
1990-07-10,15.46,392
1990-07-11,15.106,392
1990-07-12,14.936,392
1990-07-13,14.965,392
1990-07-14,14.638,392
1990-07-15,13.97,392
1990-07-16,13.101,392
1990-07-17,12.63,392
1990-07-18,12.657,392
1990-07-19,12.771,392
1990-07-20,12.899,392
1990-07-21,13.17,392
1990-07-22,13.264,392
1990-07-23,13.264,392
1990-07-24,13.144,392
1990-07-25,13.272,392
1990-07-26,13.335,392
1990-07-27,13.485,392
1990-07-28,13.73,392
1990-07-29,13.766,392
1990-07-30,13.772,392
1990-07-31,13.73,392
1990-08-01,13.793,392
1990-08-02,13.952,392
1990-08-03,14.145,392
1990-08-04,14.048,392
1990-08-05,13.986,392
1990-08-06,14.204,392
1990-08-07,14.204,392
1990-08-08,14.069,392
1990-08-09,14.05,392
1990-08-10,14.086,392
1990-08-11,14.14,392
1990-08-12,14.889,392
1990-08-13,15.054,392
1990-08-14,15.092,392
1990-08-15,15.067,392
1990-08-16,15.114,392
1990-08-17,15.359,392
1990-08-18,15.512,392
1990-08-19,15.547,392
1990-08-20,15.492,392
1990-08-21,15.636,392
1990-08-22,15.451,392
1990-08-23,15.409,392
1990-08-24,15.864,392
1990-08-25,16.573,392
1990-08-26,16.968,392
1990-08-27,17.231,392
1990-08-28,17.443,392
1990-08-29,16.905,392
1990-08-30,16.749,392
1990-08-31,17.118,392
1990-09-01,16.791,392
1990-09-02,16.496,392
1990-09-03,16.607,392
1990-09-04,16.711,392
1990-09-05,16.594,392
1990-09-06,16.303,392
1990-09-07,16.278,392
1990-09-08,16.068,392
1990-09-09,15.904,392
1990-09-10,15.775,392
1990-09-11,15.89,392
1990-09-12,16.304,392
1990-09-13,16.232,392
1990-09-14,16.115,392
1990-09-15,15.748,392
1990-09-16,16.208,392
1990-09-17,16.303,392
1990-09-18,16.398,392
1990-09-19,16.291,392
1990-09-20,16.69,392
1990-09-21,17.011,392
1990-09-22,17.009,392
1990-09-23,16.582,392
1990-09-24,16.212,392
1990-09-25,15.957,392
1990-09-26,15.783,392
1990-09-27,15.702,392
1990-09-28,15.701,392
1990-09-29,15.403,392
1990-09-30,15.16,392
1990-10-01,14.837,392
1990-10-02,14.728,392
1990-10-03,14.48,392
1990-10-04,13.836,392
1990-10-05,13.506,392
1990-10-06,13.398,392
1990-10-07,12.751,392
1990-10-08,12.644,392
1990-10-09,12.515,392
1990-10-10,12.38,392
1990-10-11,12.367,392
1990-10-12,12.192,392
1990-10-13,12.133,392
1990-10-14,12.269,392
1990-10-15,12.299,392
1990-10-16,12.245,392
1990-10-17,11.915,392
1990-10-18,11.852,392
1990-10-19,11.827,392
1990-10-20,11.819,392
1990-10-21,11.829,392
1990-10-22,11.815,392
1990-10-23,11.783,392
1990-10-24,11.751,392
1990-10-25,11.71,392
1990-10-26,11.702,392
1990-10-27,11.664,392
1990-10-28,11.647,392
1990-10-29,11.649,392
1990-10-30,11.436,392
1990-10-31,11.576,392
1990-11-01,11.609,392
1990-11-02,11.627,392
1990-11-03,11.676,392
1990-11-04,11.791,392
1990-11-05,11.782,392
1990-11-06,11.77,392
1990-11-07,11.717,392
1990-11-08,11.739,392
1990-11-09,11.68,392
1990-11-10,11.583,392
1990-11-11,11.502,392
1990-11-12,11.458,392
1990-11-13,11.41,392
1990-11-14,11.367,392
1990-11-15,11.32,392
1990-11-16,11.507,392
1990-11-17,11.434,392
1990-11-18,11.344,392
1990-11-19,11.122,392
1990-11-20,11.122,392
1990-11-21,11.019,392
1990-11-22,11.02,392
1990-11-23,11.033,392
1990-11-24,10.943,392
1990-11-25,10.875,392
1990-11-26,10.794,392
1990-11-27,10.616,392
1990-11-28,10.586,392
1990-11-29,10.571,392
1990-11-30,10.532,392
1990-12-01,10.428,392
1990-12-02,10.345,392
1990-12-03,10.224,392
1990-12-04,10.138,392
1990-12-05,10.047,392
1990-12-06,10.082,392
1990-12-07,10.117,392
1990-12-08,10.037,392
1990-12-09,9.917,392
1990-12-10,9.814,392
1990-12-11,9.84,392
1990-12-12,9.908,392
1990-12-13,9.846,392
1990-12-14,9.699,392
1990-12-15,9.679,392
1990-12-16,9.644,392
1990-12-17,9.571,392
1990-12-18,9.391,392
1990-12-19,8.946,392
1990-12-20,8.741,392
1990-12-21,8.614,392
1990-12-22,8.492,392
1990-12-23,8.491,392
1990-12-24,8.532,392
1990-12-25,8.567,392
1990-12-26,8.521,392
1990-12-27,7.906,392
1990-12-28,7.715,392
1990-12-29,7.646,392
1990-12-30,7.61,392
1990-12-31,7.696,392
1991-01-01,7.772,392
1991-01-02,7.416,392
1991-01-03,7.006,392
1991-01-04,6.845,392
1991-01-05,6.725,392
1991-01-06,6.821,392
1991-01-07,6.962,392
1991-01-08,7.138,392
1991-01-09,7.27,392
1991-01-10,7.368,392
1991-01-11,7.479,392
1991-01-12,7.535,392
1991-01-13,7.567,392
1991-01-14,7.569,392
1991-01-15,7.607,392
1991-01-16,7.678,392
1991-01-17,8.801,392
1991-01-18,8.664,392
1991-01-19,8.347,392
1991-01-20,7.885,392
1991-01-21,7.688,392
1991-01-22,7.542,392
1991-01-23,7.478,392
1991-01-24,7.42,392
1991-01-25,7.428,392
1991-01-26,7.427,392
1991-01-27,7.522,392
1991-01-28,7.558,392
1991-01-29,7.56,392
1991-01-30,7.603,392
1991-01-31,7.701,392
1991-02-01,7.782,392
1991-02-02,7.806,392
1991-02-03,7.805,392
1991-02-04,7.499,392
1991-02-05,7.424,392
1991-02-06,7.443,392
1991-02-07,7.613,392
1991-02-08,7.685,392
1991-02-09,7.685,392
1991-02-10,7.713,392
1991-02-11,7.656,392
1991-02-12,7.69,392
1991-02-13,7.767,392
1991-02-14,7.809,392
1991-02-15,7.813,392
1991-02-16,7.847,392
1991-02-17,7.88,392
1991-02-18,7.908,392
1991-02-19,7.945,392
1991-02-20,8.031,392
1991-02-21,8.099,392
1991-02-22,7.934,392
1991-02-23,7.991,392
1991-02-24,8.24,392
1991-02-25,8.688,392
1991-02-26,9.127,392
1991-02-27,9.353,392
1991-02-28,9.351,392
1991-03-01,9.202,392
1991-03-02,9.139,392
1991-03-03,8.454,392
1991-03-04,8.276,392
1991-03-05,8.409,392
1991-03-06,8.527,392
1991-03-07,8.554,392
1991-03-08,8.591,392
1991-03-09,8.521,392
1991-03-10,8.498,392
1991-03-11,8.432,392
1991-03-12,8.398,392
1991-03-13,8.426,392
1991-03-14,8.471,392
1991-03-15,8.503,392
1991-03-16,8.694,392
1991-03-17,8.701,392
1991-03-18,8.706,392
1991-03-19,8.899,392
1991-03-20,8.863,392
1991-03-21,8.837,392
1991-03-22,8.882,392
1991-03-23,8.871,392
1991-03-24,8.714,392
1991-03-25,8.642,392
1991-03-26,8.614,392
1991-03-27,8.608,392
1991-03-28,8.609,392
1991-03-29,8.721,392
1991-03-30,8.783,392
1991-03-31,8.854,392
1991-04-01,8.947,392
1991-04-02,8.962,392
1991-04-03,8.98,392
1991-04-04,8.67,392
1991-04-05,8.612,392
1991-04-06,8.76,392
1991-04-07,8.864,392
1991-04-08,8.887,392
1991-04-09,9.036,392
1991-04-10,9.067,392
1991-04-11,9.073,392
1991-04-12,9.097,392
1991-04-13,9.241,392
1991-04-14,9.8,392
1991-04-15,9.834,392
1991-04-16,9.841,392
1991-04-17,9.864,392
1991-04-18,9.846,392
1991-04-19,10.003,392
1991-04-20,10.03,392
1991-04-21,10.056,392
1991-04-22,10.06,392
1991-04-23,10.007,392
1991-04-24,9.93,392
1991-04-25,9.939,392
1991-04-26,9.862,392
1991-04-27,9.526,392
1991-04-28,9.769,392
1991-04-29,9.839,392
1991-04-30,10.076,392
1991-05-01,10.407,392
1991-05-02,10.452,392
1991-05-03,10.489,392
1991-05-04,10.537,392
1991-05-05,10.627,392
1991-05-06,10.623,392
1991-05-07,10.556,392
1991-05-08,10.464,392
1991-05-09,10.478,392
1991-05-10,10.532,392
1991-05-11,10.581,392
1991-05-12,10.938,392
1991-05-13,10.973,392
1991-05-14,11.011,392
1991-05-15,11.065,392
1991-05-16,11.06,392
1991-05-17,10.618,392
1991-05-18,10.537,392
1991-05-19,10.525,392
1991-05-20,10.582,392
1991-05-21,10.53,392
1991-05-22,10.504,392
1991-05-23,10.475,392
1991-05-24,10.647,392
1991-05-25,10.784,392
1991-05-26,10.838,392
1991-05-27,10.844,392
1991-05-28,10.873,392
1991-05-29,10.9,392
1991-05-30,10.966,392
1991-05-31,11.131,392
1991-06-01,10.783,392
1991-06-02,10.628,392
1991-06-03,10.565,392
1991-06-04,10.632,392
1991-06-05,10.68,392
1991-06-06,10.732,392
1991-06-07,10.968,392
1991-06-08,11.232,392
1991-06-09,11.445,392
1991-06-10,11.477,392
1991-06-11,11.517,392
1991-06-12,11.485,392
1991-06-13,11.534,392
1991-06-14,11.594,392
1991-06-15,11.818,392
1991-06-16,11.943,392
1991-06-17,12.093,392
1991-06-18,12.141,392
1991-06-19,12.148,392
1991-06-20,12.192,392
1991-06-21,12.258,392
1991-06-22,12.403,392
1991-06-23,12.535,392
1991-06-24,12.716,392
1991-06-25,12.858,392
1991-06-26,13.014,392
1991-06-27,13.051,392
1991-06-28,13.14,392
1991-06-29,13.115,392
1991-06-30,13.822,392
1991-07-01,13.974,392
1991-07-02,13.378,392
1991-07-03,12.586,392
1991-07-04,12.322,392
1991-07-05,12.123,392
1991-07-06,12.024,392
1991-07-07,12.028,392
1991-07-08,12.066,392
1991-07-09,11.934,392
1991-07-10,12.025,392
1991-07-11,12.141,392
1991-07-12,12.605,392
1991-07-13,12.72,392
1991-07-14,12.793,392
1991-07-15,12.891,392
1991-07-16,13.174,392
1991-07-17,13.822,392
1991-07-18,13.54,392
1991-07-19,13.466,392
1991-07-20,13.402,392
1991-07-21,13.52,392
1991-07-22,13.538,392
1991-07-23,13.616,392
1991-07-24,13.63,392
1991-07-25,13.723,392
1991-07-26,14.16,392
1991-07-27,14.738,392
1991-07-28,15.071,392
1991-07-29,15.01,392
1991-07-30,14.93,392
1991-07-31,14.895,392
1991-08-01,14.41,392
1991-08-02,14.073,392
1991-08-03,13.989,392
1991-08-04,13.694,392
1991-08-05,13.577,392
1991-08-06,13.465,392
1991-08-07,13.417,392
1991-08-08,13.394,392
1991-08-09,13.539,392
1991-08-10,13.749,392
1991-08-11,13.854,392
1991-08-12,14.002,392
1991-08-13,14.082,392
1991-08-14,14.072,392
1991-08-15,14.065,392
1991-08-16,14.073,392
1991-08-17,14.149,392
1991-08-18,14.222,392
1991-08-19,14.13,392
1991-08-20,14.421,392
1991-08-21,13.935,392
1991-08-22,13.717,392
1991-08-23,13.761,392
1991-08-24,14.294,392
1991-08-25,14.352,392
1991-08-26,14.35,392
1991-08-27,14.348,392
1991-08-28,14.385,392
1991-08-29,14.439,392
1991-08-30,14.424,392
1991-08-31,14.395,392
1991-09-01,14.814,392
1991-09-02,15.87,392
1991-09-03,16.207,392
1991-09-04,16.153,392
1991-09-05,15.821,392
1991-09-06,15.415,392
1991-09-07,15.13,392
1991-09-08,15.094,392
1991-09-09,15.039,392
1991-09-10,14.887,392
1991-09-11,14.694,392
1991-09-12,14.089,392
1991-09-13,14.219,392
1991-09-14,14.281,392
1991-09-15,13.819,392
1991-09-16,13.34,392
1991-09-17,13.57,392
1991-09-18,13.852,392
1991-09-19,13.549,392
1991-09-20,12.852,392
1991-09-21,12.692,392
1991-09-22,12.538,392
1991-09-23,11.871,392
1991-09-24,11.79,392
1991-09-25,11.898,392
1991-09-26,12.198,392
1991-09-27,12.669,392
1991-09-28,13.042,392
1991-09-29,13.309,392
1991-09-30,13.279,392
1991-10-01,13.292,392
1991-10-02,13.079,392
1991-10-03,12.808,392
1991-10-04,12.586,392
1991-10-05,12.447,392
1991-10-06,12.374,392
1991-10-07,12.869,392
1991-10-08,13.241,392
1991-10-09,13.142,392
1991-10-10,12.971,392
1991-10-11,12.848,392
1991-10-12,12.628,392
1991-10-13,12.67,392
1991-10-14,12.644,392
1991-10-15,12.564,392
1991-10-16,11.825,392
1991-10-17,11.559,392
1991-10-18,11.454,392
1991-10-19,11.07,392
1991-10-20,11.07,392
1991-10-21,11.077,392
1991-10-22,11.081,392
1991-10-23,10.985,392
1991-10-24,10.986,392
1991-10-25,10.655,392
1991-10-26,10.427,392
1991-10-27,10.417,392
1991-10-28,9.949,392
1991-10-29,9.86,392
1991-10-30,9.829,392
1991-10-31,9.862,392
1991-11-01,9.902,392
1991-11-02,9.932,392
1991-11-03,9.955,392
1991-11-04,10.018,392
1991-11-05,9.996,392
1991-11-06,10.03,392
1991-11-07,10.82,392
1991-11-08,11.013,392
1991-11-09,11.045,392
1991-11-10,10.95,392
1991-11-11,10.785,392
1991-11-12,10.544,392
1991-11-13,10.041,392
1991-11-14,9.968,392
1991-11-15,9.967,392
1991-11-16,10.08,392
1991-11-17,9.747,392
1991-11-18,9.69,392
1991-11-19,9.822,392
1991-11-20,9.924,392
1991-11-21,10.023,392
1991-11-22,10.122,392
1991-11-23,10.421,392
1991-11-24,10.33,392
1991-11-25,10.234,392
1991-11-26,9.86,392
1991-11-27,9.941,392
1991-11-28,9.915,392
1991-11-29,9.855,392
1991-11-30,9.593,392
1991-12-01,9.557,392
1991-12-02,9.529,392
1991-12-03,9.488,392
1991-12-04,9.4,392
1991-12-05,9.43,392
1991-12-06,9.526,392
1991-12-07,9.561,392
1991-12-08,9.556,392
1991-12-09,9.548,392
1991-12-10,9.497,392
1991-12-11,9.417,392
1991-12-12,9.232,392
1991-12-13,8.898,392
1991-12-14,8.803,392
1991-12-15,8.654,392
1991-12-16,8.542,392
1991-12-17,8.485,392
1991-12-18,8.554,392
1991-12-19,8.547,392
1991-12-20,8.542,392
1991-12-21,8.85,392
1991-12-22,8.888,392
1991-12-23,8.9,392
1991-12-24,8.933,392
1991-12-25,8.949,392
1991-12-26,8.939,392
1991-12-27,8.956,392
1991-12-28,9.142,392
1991-12-29,9.15,392
1991-12-30,9.164,392
1991-12-31,9.148,392
1992-01-01,9.394,392
1992-01-02,9.458,392
1992-01-03,9.602,392
1992-01-04,9.638,392
1992-01-05,9.22,392
1992-01-06,8.765,392
1992-01-07,8.775,392
1992-01-08,8.806,392
1992-01-09,8.976,392
1992-01-10,8.989,392
1992-01-11,8.975,392
1992-01-12,8.863,392
1992-01-13,8.798,392
1992-01-14,8.728,392
1992-01-15,9.255,392
1992-01-16,9.192,392
1992-01-17,9.165,392
1992-01-18,9.189,392
1992-01-19,9.221,392
1992-01-20,9.236,392
1992-01-21,9.273,392
1992-01-22,9.277,392
1992-01-23,9.223,392
1992-01-24,9.25,392
1992-01-25,9.269,392
1992-01-26,9.327,392
1992-01-27,9.415,392
1992-01-28,9.444,392
1992-01-29,9.406,392
1992-01-30,9.369,392
1992-01-31,9.387,392
1992-02-01,9.405,392
1992-02-02,9.118,392
1992-02-03,9.23,392
1992-02-04,9.545,392
1992-02-05,9.636,392
1992-02-06,9.586,392
1992-02-07,9.513,392
1992-02-08,9.414,392
1992-02-09,9.328,392
1992-02-10,9.405,392
1992-02-11,9.641,392
1992-02-12,9.65,392
1992-02-13,9.625,392
1992-02-14,9.7,392
1992-02-15,9.572,392
1992-02-16,9.529,392
1992-02-17,9.464,392
1992-02-18,9.404,392
1992-02-19,9.335,392
1992-02-20,9.305,392
1992-02-21,9.851,392
1992-02-22,9.938,392
1992-02-23,9.903,392
1992-02-24,9.893,392
1992-02-25,10.305,392
1992-02-26,10.386,392
1992-02-27,10.414,392
1992-02-28,10.182,392
1992-02-29,10.171,392
1992-03-01,10.064,392
1992-03-02,10.007,392
1992-03-03,10.025,392
1992-03-04,9.946,392
1992-03-05,9.944,392
1992-03-06,9.9,392
1992-03-07,10.869,392
1992-03-08,10.762,392
1992-03-09,10.681,392
1992-03-10,10.493,392
1992-03-11,10.405,392
1992-03-12,10.315,392
1992-03-13,10.196,392
1992-03-14,10.081,392
1992-03-15,10.089,392
1992-03-16,9.958,392
1992-03-17,10.025,392
1992-03-18,10.505,392
1992-03-19,10.528,392
1992-03-20,10.443,392
1992-03-21,10.313,392
1992-03-22,10.333,392
1992-03-23,10.359,392
1992-03-24,10.879,392
1992-03-25,10.873,392
1992-03-26,10.887,392
1992-03-27,10.816,392
1992-03-28,10.761,392
1992-03-29,10.559,392
1992-03-30,10.554,392
1992-03-31,10.756,392
1992-04-01,10.858,392
1992-04-02,10.909,392
1992-04-03,10.993,392
1992-04-04,11.027,392
1992-04-05,10.666,392
1992-04-06,10.258,392
1992-04-07,10.192,392
1992-04-08,10.186,392
1992-04-09,10.059,392
1992-04-10,10.033,392
1992-04-11,10.38,392
1992-04-12,10.49,392
1992-04-13,10.527,392
1992-04-14,10.572,392
1992-04-15,10.635,392
1992-04-16,10.732,392
1992-04-17,11.501,392
1992-04-18,11.594,392
1992-04-19,11.628,392
1992-04-20,11.608,392
1992-04-21,11.493,392
1992-04-22,11.467,392
1992-04-23,11.467,392
1992-04-24,11.359,392
1992-04-25,11.405,392
1992-04-26,11.349,392
1992-04-27,11.348,392
1992-04-28,11.368,392
1992-04-29,11.357,392
1992-04-30,11.418,392
1992-05-01,11.425,392
1992-05-02,11.494,392
1992-05-03,11.545,392
1992-05-04,11.164,392
1992-05-05,11.613,392
1992-05-06,11.707,392
1992-05-07,11.944,392
1992-05-08,11.672,392
1992-05-09,11.475,392
1992-05-10,10.816,392
1992-05-11,10.768,392
1992-05-12,10.628,392
1992-05-13,11.382,392
1992-05-14,11.542,392
1992-05-15,11.686,392
1992-05-16,12.023,392
1992-05-17,12.05,392
1992-05-18,12.377,392
1992-05-19,11.981,392
1992-05-20,12.383,392
1992-05-21,12.491,392
1992-05-22,12.593,392
1992-05-23,13.702,392
1992-05-24,14.021,392
1992-05-25,14.027,392
1992-05-26,13.688,392
1992-05-27,13.436,392
1992-05-28,13.32,392
1992-05-29,13.178,392
1992-05-30,13.104,392
1992-05-31,12.772,392
1992-06-01,12.153,392
1992-06-02,11.92,392
1992-06-03,11.834,392
1992-06-04,12.003,392
1992-06-05,12.241,392
1992-06-06,12.336,392
1992-06-07,12.401,392
1992-06-08,12.533,392
1992-06-09,12.553,392
1992-06-10,12.564,392
1992-06-11,12.68,392
1992-06-12,12.716,392
1992-06-13,12.772,392
1992-06-14,12.926,392
1992-06-15,13.477,392
1992-06-16,13.652,392
1992-06-17,13.734,392
1992-06-18,13.688,392
1992-06-19,13.69,392
1992-06-20,13.239,392
1992-06-21,13.375,392
1992-06-22,13.26,392
1992-06-23,12.905,392
1992-06-24,13.213,392
1992-06-25,13.362,392
1992-06-26,13.513,392
1992-06-27,13.574,392
1992-06-28,13.629,392
1992-06-29,13.662,392
1992-06-30,14.564,392
1992-07-01,15.728,392
1992-07-02,16.31,392
1992-07-03,16.002,392
1992-07-04,15.816,392
1992-07-05,15.717,392
1992-07-06,15.629,392
1992-07-07,15.504,392
1992-07-08,15.278,392
1992-07-09,15.098,392
1992-07-10,14.928,392
1992-07-11,14.716,392
1992-07-12,14.708,392
1992-07-13,14.672,392
1992-07-14,14.292,392
1992-07-15,14.205,392
1992-07-16,14.518,392
1992-07-17,14.746,392
1992-07-18,14.806,392
1992-07-19,14.546,392
1992-07-20,14.574,392
1992-07-21,14.58,392
1992-07-22,14.52,392
1992-07-23,14.446,392
1992-07-24,13.949,392
1992-07-25,14.029,392
1992-07-26,13.949,392
1992-07-27,13.764,392
1992-07-28,13.487,392
1992-07-29,13.824,392
1992-07-30,13.97,392
1992-07-31,13.985,392
1992-08-01,13.023,392
1992-08-02,13.163,392
1992-08-03,13.324,392
1992-08-04,13.503,392
1992-08-05,13.603,392
1992-08-06,13.999,392
1992-08-07,14.079,392
1992-08-08,14.11,392
1992-08-09,14.518,392
1992-08-10,14.484,392
1992-08-11,14.513,392
1992-08-12,14.772,392
1992-08-13,14.706,392
1992-08-14,14.553,392
1992-08-15,14.343,392
1992-08-16,14.061,392
1992-08-17,14.101,392
1992-08-18,14.14,392
1992-08-19,14.183,392
1992-08-20,14.196,392
1992-08-21,14.332,392
1992-08-22,14.327,392
1992-08-23,14.277,392
1992-08-24,14.213,392
1992-08-25,14.069,392
1992-08-26,13.935,392
1992-08-27,14,392
1992-08-28,13.965,392
1992-08-29,13.576,392
1992-08-30,13.378,392
1992-08-31,13.421,392
1992-09-01,13.249,392
1992-09-02,13.137,392
1992-09-03,13.333,392
1992-09-04,13.288,392
1992-09-05,12.967,392
1992-09-06,12.935,392
1992-09-07,12.914,392
1992-09-08,13.073,392
1992-09-09,13.123,392
1992-09-10,13.058,392
1992-09-11,11.717,392
1992-09-12,11.472,392
1992-09-13,11.386,392
1992-09-14,11.25,392
1992-09-15,11.335,392
1992-09-16,11.488,392
1992-09-17,11.72,392
1992-09-18,11.711,392
1992-09-19,11.827,392
1992-09-20,11.944,392
1992-09-21,12.297,392
1992-09-22,12.347,392
1992-09-23,12.47,392
1992-09-24,13.142,392
1992-09-25,13.266,392
1992-09-26,12.991,392
1992-09-27,12.448,392
1992-09-28,12.864,392
1992-09-29,13.07,392
1992-09-30,13.116,392
1992-10-01,13.372,392
1992-10-02,13.805,392
1992-10-03,13.697,392
1992-10-04,13.509,392
1992-10-05,13.17,392
1992-10-06,12.871,392
1992-10-07,12.752,392
1992-10-08,12.915,392
1992-10-09,12.991,392
1992-10-10,13.041,392
1992-10-11,13.013,392
1992-10-12,12.421,392
1992-10-13,11.964,392
1992-10-14,11.791,392
1992-10-15,11.486,392
1992-10-16,11.385,392
1992-10-17,11.342,392
1992-10-18,11.345,392
1992-10-19,11.401,392
1992-10-20,11.742,392
1992-10-21,11.878,392
1992-10-22,11.907,392
1992-10-23,12.973,392
1992-10-24,12.844,392
1992-10-25,12.752,392
1992-10-26,12.546,392
1992-10-27,12.248,392
1992-10-28,12.055,392
1992-10-29,11.988,392
1992-10-30,12.503,392
1992-10-31,12.654,392
1992-11-01,12.659,392
1992-11-02,12.506,392
1992-11-03,12.399,392
1992-11-04,12.373,392
1992-11-05,12.309,392
1992-11-06,11.877,392
1992-11-07,11.764,392
1992-11-08,11.446,392
1992-11-09,11.305,392
1992-11-10,11.191,392
1992-11-11,11.132,392
1992-11-12,11.187,392
1992-11-13,11.137,392
1992-11-14,11.057,392
1992-11-15,10.98,392
1992-11-16,10.945,392
1992-11-17,10.907,392
1992-11-18,10.807,392
1992-11-19,10.719,392
1992-11-20,10.647,392
1992-11-21,10.956,392
1992-11-22,10.89,392
1992-11-23,10.723,392
1992-11-24,10.545,392
1992-11-25,10.472,392
1992-11-26,10.387,392
1992-11-27,10.361,392
1992-11-28,10.295,392
1992-11-29,10.066,392
1992-11-30,9.994,392
1992-12-01,9.848,392
1992-12-02,9.837,392
1992-12-03,9.744,392
1992-12-04,9.672,392
1992-12-05,9.646,392
1992-12-06,9.591,392
1992-12-07,9.579,392
1992-12-08,9.566,392
1992-12-09,9.537,392
1992-12-10,9.495,392
1992-12-11,9.46,392
1992-12-12,9.504,392
1992-12-13,9.467,392
1992-12-14,9.37,392
1992-12-15,9.263,392
1992-12-16,9.353,392
1992-12-17,9.159,392
1992-12-18,9.023,392
1992-12-19,8.874,392
1992-12-20,8.86,392
1992-12-21,8.864,392
1992-12-22,8.819,392
1992-12-23,8.728,392
1992-12-24,8.7,392
1992-12-25,8.709,392
1992-12-26,8.699,392
1992-12-27,8.722,392
1992-12-28,8.748,392
1992-12-29,8.872,392
1992-12-30,8.677,392
1992-12-31,8.608,392
1993-01-01,8.596,392
1993-01-02,8.657,392
1993-01-03,8.646,392
1993-01-04,8.429,392
1993-01-05,8.317,392
1993-01-06,8.091,392
1993-01-07,7.89,392
1993-01-08,7.867,392
1993-01-09,7.89,392
1993-01-10,7.804,392
1993-01-11,7.687,392
1993-01-12,7.542,392
1993-01-13,7.466,392
1993-01-14,7.561,392
1993-01-15,7.747,392
1993-01-16,7.62,392
1993-01-17,7.454,392
1993-01-18,7.301,392
1993-01-19,7.191,392
1993-01-20,7.183,392
1993-01-21,7.166,392
1993-01-22,7.193,392
1993-01-23,7.213,392
1993-01-24,7.415,392
1993-01-25,7.566,392
1993-01-26,7.567,392
1993-01-27,7.665,392
1993-01-28,7.773,392
1993-01-29,8.769,392
1993-01-30,8.778,392
1993-01-31,8.75,392
1993-02-01,8.826,392
1993-02-02,8.856,392
1993-02-03,8.899,392
1993-02-04,8.86,392
1993-02-05,8.781,392
1993-02-06,8.839,392
1993-02-07,8.794,392
1993-02-08,8.776,392
1993-02-09,8.782,392
1993-02-10,8.611,392
1993-02-11,8.485,392
1993-02-12,8.461,392
1993-02-13,8.482,392
1993-02-14,8.44,392
1993-02-15,8.393,392
1993-02-16,8.292,392
1993-02-17,8.023,392
1993-02-18,7.956,392
1993-02-19,7.874,392
1993-02-20,7.824,392
1993-02-21,7.724,392
1993-02-22,7.695,392
1993-02-23,7.582,392
1993-02-24,7.492,392
1993-02-25,7.487,392
1993-02-26,7.476,392
1993-02-27,7.494,392
1993-02-28,7.799,392
1993-03-01,7.961,392
1993-03-02,8.021,392
1993-03-03,8.111,392
1993-03-04,8.146,392
1993-03-05,8.278,392
1993-03-06,8.383,392
1993-03-07,9.211,392
1993-03-08,8.917,392
1993-03-09,8.808,392
1993-03-10,8.713,392
1993-03-11,8.664,392
1993-03-12,8.539,392
1993-03-13,8.666,392
1993-03-14,8.701,392
1993-03-15,8.783,392
1993-03-16,8.755,392
1993-03-17,9.039,392
1993-03-18,9.052,392
1993-03-19,9.026,392
1993-03-20,8.844,392
1993-03-21,8.806,392
1993-03-22,9.159,392
1993-03-23,9.434,392
1993-03-24,9.525,392
1993-03-25,9.523,392
1993-03-26,9.354,392
1993-03-27,9.243,392
1993-03-28,9.377,392
1993-03-29,9.51,392
1993-03-30,9.558,392
1993-03-31,9.658,392
1993-04-01,9.676,392
1993-04-02,9.638,392
1993-04-03,9.67,392
1993-04-04,9.648,392
1993-04-05,9.668,392
1993-04-06,9.685,392
1993-04-07,9.644,392
1993-04-08,9.727,392
1993-04-09,9.766,392
1993-04-10,9.832,392
1993-04-11,9.826,392
1993-04-12,9.979,392
1993-04-13,10.256,392
1993-04-14,10.213,392
1993-04-15,10.165,392
1993-04-16,10.096,392
1993-04-17,10.133,392
1993-04-18,10.151,392
1993-04-19,10.191,392
1993-04-20,10.198,392
1993-04-21,10.251,392
1993-04-22,10.28,392
1993-04-23,10.291,392
1993-04-24,10.363,392
1993-04-25,10.498,392
1993-04-26,10.626,392
1993-04-27,10.675,392
1993-04-28,10.722,392
1993-04-29,10.742,392
1993-04-30,10.808,392
1993-05-01,10.81,392
1993-05-02,10.802,392
1993-05-03,10.798,392
1993-05-04,10.799,392
1993-05-05,11.038,392
1993-05-06,11.033,392
1993-05-07,11.036,392
1993-05-08,11.142,392
1993-05-09,11.165,392
1993-05-10,11.6,392
1993-05-11,11.634,392
1993-05-12,11.563,392
1993-05-13,11.393,392
1993-05-14,12.051,392
1993-05-15,12.273,392
1993-05-16,12.397,392
1993-05-17,12.421,392
1993-05-18,12.376,392
1993-05-19,12.38,392
1993-05-20,12.303,392
1993-05-21,12.461,392
1993-05-22,13.694,392
1993-05-23,14.022,392
1993-05-24,14.183,392
1993-05-25,14.327,392
1993-05-26,14.276,392
1993-05-27,14.251,392
1993-05-28,14.456,392
1993-05-29,14.563,392
1993-05-30,14.592,392
1993-05-31,14.572,392
1993-06-01,15.336,392
1993-06-02,15.361,392
1993-06-03,15.369,392
1993-06-04,15.281,392
1993-06-05,15.16,392
1993-06-06,15.017,392
1993-06-07,14.876,392
1993-06-08,14.82,392
1993-06-09,14.752,392
1993-06-10,14.698,392
1993-06-11,15.01,392
1993-06-12,15.115,392
1993-06-13,15.087,392
1993-06-14,14.97,392
1993-06-15,14.888,392
1993-06-16,15.084,392
1993-06-17,15.183,392
1993-06-18,14.544,392
1993-06-19,14.407,392
1993-06-20,14.252,392
1993-06-21,13.97,392
1993-06-22,13.651,392
1993-06-23,13.489,392
1993-06-24,13.562,392
1993-06-25,13.616,392
1993-06-26,13.657,392
1993-06-27,13.815,392
1993-06-28,14.309,392
1993-06-29,14.374,392
1993-06-30,14.392,392
1993-07-01,14.536,392
1993-07-02,14.551,392
1993-07-03,14.536,392
1993-07-04,14.116,392
1993-07-05,14.052,392
1993-07-06,13.907,392
1993-07-07,14.014,392
1993-07-08,13.945,392
1993-07-09,13.751,392
1993-07-10,13.722,392
1993-07-11,13.828,392
1993-07-12,13.947,392
1993-07-13,13.975,392
1993-07-14,13.949,392
1993-07-15,13.938,392
1993-07-16,13.924,392
1993-07-17,14.808,392
1993-07-18,14.947,392
1993-07-19,14.943,392
1993-07-20,14.891,392
1993-07-21,14.736,392
1993-07-22,14.575,392
1993-07-23,14.361,392
1993-07-24,14.317,392
1993-07-25,14.257,392
1993-07-26,14.154,392
1993-07-27,14.111,392
1993-07-28,14.139,392
1993-07-29,14.213,392
1993-07-30,15.094,392
1993-07-31,15.02,392
1993-08-01,14.505,392
1993-08-02,14.991,392
1993-08-03,15.206,392
1993-08-04,15.093,392
1993-08-05,14.352,392
1993-08-06,14.196,392
1993-08-07,14.157,392
1993-08-08,14.124,392
1993-08-09,14.153,392
1993-08-10,14.236,392
1993-08-11,14.308,392
1993-08-12,14.389,392
1993-08-13,14.417,392
1993-08-14,14.699,392
1993-08-15,15.076,392
1993-08-16,15.238,392
1993-08-17,15.211,392
1993-08-18,14.757,392
1993-08-19,14.696,392
1993-08-20,14.536,392
1993-08-21,14.668,392
1993-08-22,14.175,392
1993-08-23,13.752,392
1993-08-24,14.198,392
1993-08-25,14.419,392
1993-08-26,14.581,392
1993-08-27,13.924,392
1993-08-28,13.853,392
1993-08-29,13.628,392
1993-08-30,13.215,392
1993-08-31,13.284,392
1993-09-01,13.07,392
1993-09-02,12.799,392
1993-09-03,12.885,392
1993-09-04,12.987,392
1993-09-05,12.926,392
1993-09-06,13.096,392
1993-09-07,13.056,392
1993-09-08,13.026,392
1993-09-09,13.106,392
1993-09-10,13.206,392
1993-09-11,12.908,392
1993-09-12,13.099,392
1993-09-13,13.127,392
1993-09-14,13.164,392
1993-09-15,12.519,392
1993-09-16,12.547,392
1993-09-17,12.523,392
1993-09-18,12.252,392
1993-09-19,12.053,392
1993-09-20,11.941,392
1993-09-21,11.648,392
1993-09-22,11.675,392
1993-09-23,11.655,392
1993-09-24,11.639,392
1993-09-25,11.906,392
1993-09-26,11.92,392
1993-09-27,11.8,392
1993-09-28,11.749,392
1993-09-29,11.527,392
1993-09-30,11.294,392
1993-10-01,11.085,392
1993-10-02,11.089,392
1993-10-03,11.11,392
1993-10-04,11.067,392
1993-10-05,11.181,392
1993-10-06,11.279,392
1993-10-07,11.33,392
1993-10-08,11.629,392
1993-10-09,11.736,392
1993-10-10,11.743,392
1993-10-11,11.808,392
1993-10-12,11.83,392
1993-10-13,11.858,392
1993-10-14,12.375,392
1993-10-15,12.512,392
1993-10-16,12.526,392
1993-10-17,12.508,392
1993-10-18,12.568,392
1993-10-19,12.584,392
1993-10-20,12.507,392
1993-10-21,12.341,392
1993-10-22,12.079,392
1993-10-23,11.952,392
1993-10-24,11.903,392
1993-10-25,11.66,392
1993-10-26,11.646,392
1993-10-27,11.621,392
1993-10-28,11.372,392
1993-10-29,11.268,392
1993-10-30,11.903,392
1993-10-31,11.863,392
1993-11-01,11.776,392
1993-11-02,11.756,392
1993-11-03,11.717,392
1993-11-04,11.613,392
1993-11-05,11.314,392
1993-11-06,11.09,392
1993-11-07,10.915,392
1993-11-08,10.84,392
1993-11-09,10.814,392
1993-11-10,10.896,392
1993-11-11,10.837,392
1993-11-12,10.59,392
1993-11-13,10.566,392
1993-11-14,10.58,392
1993-11-15,10.356,392
1993-11-16,10.291,392
1993-11-17,10.223,392
1993-11-18,9.993,392
1993-11-19,9.987,392
1993-11-20,10.039,392
1993-11-21,9.728,392
1993-11-22,9.525,392
1993-11-23,9.435,392
1993-11-24,9.266,392
1993-11-25,9.296,392
1993-11-26,9.301,392
1993-11-27,9.341,392
1993-11-28,9.366,392
1993-11-29,9.406,392
1993-11-30,9.433,392
1993-12-01,9.415,392
1993-12-02,9.422,392
1993-12-03,9.479,392
1993-12-04,9.478,392
1993-12-05,9.445,392
1993-12-06,9.448,392
1993-12-07,9.488,392
1993-12-08,9.503,392
1993-12-09,9.514,392
1993-12-10,9.469,392
1993-12-11,9.402,392
1993-12-12,9.377,392
1993-12-13,9.319,392
1993-12-14,9.294,392
1993-12-15,9.325,392
1993-12-16,9.287,392
1993-12-17,9.212,392
1993-12-18,9.11,392
1993-12-19,9.086,392
1993-12-20,9.08,392
1993-12-21,9.055,392
1993-12-22,8.949,392
1993-12-23,8.583,392
1993-12-24,8.545,392
1993-12-25,8.549,392
1993-12-26,8.574,392
1993-12-27,8.549,392
1993-12-28,8.522,392
1993-12-29,8.58,392
1993-12-30,8.611,392
1993-12-31,8.476,392
1994-01-01,8.479,392
1994-01-02,8.545,392
1994-01-03,8.589,392
1994-01-04,9.064,392
1994-01-05,9.017,392
1994-01-06,8.973,392
1994-01-07,8.892,392
1994-01-08,9.073,392
1994-01-09,9.137,392
1994-01-10,9.162,392
1994-01-11,9.174,392
1994-01-12,9.021,392
1994-01-13,8.939,392
1994-01-14,8.85,392
1994-01-15,8.792,392
1994-01-16,8.597,392
1994-01-17,8.597,392
1994-01-18,8.511,392
1994-01-19,9.307,392
1994-01-20,9.372,392
1994-01-21,9.364,392
1994-01-22,9.386,392
1994-01-23,9.337,392
1994-01-24,9.217,392
1994-01-25,9.274,392
1994-01-26,9.302,392
1994-01-27,9.388,392
1994-01-28,9.127,392
1994-01-29,8.935,392
1994-01-30,8.908,392
1994-01-31,8.615,392
1994-02-01,8.368,392
1994-02-02,8.255,392
1994-02-03,8.195,392
1994-02-04,8.358,392
1994-02-05,8.387,392
1994-02-06,8.487,392
1994-02-07,8.516,392
1994-02-08,8.628,392
1994-02-09,8.688,392
1994-02-10,8.613,392
1994-02-11,8.505,392
1994-02-12,8.629,392
1994-02-13,8.684,392
1994-02-14,8.686,392
1994-02-15,8.696,392
1994-02-16,8.713,392
1994-02-17,8.787,392
1994-02-18,8.843,392
1994-02-19,8.851,392
1994-02-20,8.885,392
1994-02-21,8.824,392
1994-02-22,8.76,392
1994-02-23,8.665,392
1994-02-24,8.582,392
1994-02-25,8.65,392
1994-02-26,8.657,392
1994-02-27,8.678,392
1994-02-28,8.726,392
1994-03-01,8.876,392
1994-03-02,9.225,392
1994-03-03,9.455,392
1994-03-04,9.434,392
1994-03-05,9.197,392
1994-03-06,9.085,392
1994-03-07,8.97,392
1994-03-08,8.99,392
1994-03-09,9.028,392
1994-03-10,9.021,392
1994-03-11,9.009,392
1994-03-12,9.024,392
1994-03-13,9.495,392
1994-03-14,9.539,392
1994-03-15,9.578,392
1994-03-16,9.421,392
1994-03-17,9.415,392
1994-03-18,9.371,392
1994-03-19,9.23,392
1994-03-20,9.204,392
1994-03-21,9.17,392
1994-03-22,9.194,392
1994-03-23,9.148,392
1994-03-24,9.152,392
1994-03-25,9.348,392
1994-03-26,9.877,392
1994-03-27,10.177,392
1994-03-28,10.265,392
1994-03-29,10.287,392
1994-03-30,10.13,392
1994-03-31,10.13,392
1994-04-01,10.078,392
1994-04-02,9.992,392
1994-04-03,9.722,392
1994-04-04,9.62,392
1994-04-05,9.559,392
1994-04-06,9.305,392
1994-04-07,9.281,392
1994-04-08,9.307,392
1994-04-09,9.372,392
1994-04-10,9.487,392
1994-04-11,9.362,392
1994-04-12,9.396,392
1994-04-13,9.467,392
1994-04-14,9.556,392
1994-04-15,9.598,392
1994-04-16,9.628,392
1994-04-17,9.717,392
1994-04-18,9.81,392
1994-04-19,10.122,392
1994-04-20,10.578,392
1994-04-21,10.653,392
1994-04-22,10.669,392
1994-04-23,10.69,392
1994-04-24,10.868,392
1994-04-25,10.967,392
1994-04-26,11.072,392
1994-04-27,11.092,392
1994-04-28,11.036,392
1994-04-29,10.705,392
1994-04-30,10.6,392
1994-05-01,10.505,392
1994-05-02,10.379,392
1994-05-03,10.348,392
1994-05-04,10.925,392
1994-05-05,11.414,392
1994-05-06,11.223,392
1994-05-07,11.001,392
1994-05-08,10.771,392
1994-05-09,11.109,392
1994-05-10,11.199,392
1994-05-11,11.271,392
1994-05-12,11.319,392
1994-05-13,11.341,392
1994-05-14,11.432,392
1994-05-15,11.41,392
1994-05-16,11.433,392
1994-05-17,12.687,392
1994-05-18,12.919,392
1994-05-19,12.97,392
1994-05-20,12.678,392
1994-05-21,12.501,392
1994-05-22,12.642,392
1994-05-23,13.022,392
1994-05-24,13.008,392
1994-05-25,12.87,392
1994-05-26,12.742,392
1994-05-27,12.531,392
1994-05-28,12.464,392
1994-05-29,12.169,392
1994-05-30,12.136,392
1994-05-31,12.759,392
1994-06-01,12.793,392
1994-06-02,12.831,392
1994-06-03,12.846,392
1994-06-04,12.866,392
1994-06-05,12.867,392
1994-06-06,13.457,392
1994-06-07,13.476,392
1994-06-08,13.502,392
1994-06-09,13.561,392
1994-06-10,13.541,392
1994-06-11,13.508,392
1994-06-12,13.416,392
1994-06-13,13.364,392
1994-06-14,13.112,392
1994-06-15,13.127,392
1994-06-16,13.185,392
1994-06-17,13.831,392
1994-06-18,13.634,392
1994-06-19,13.748,392
1994-06-20,13.795,392
1994-06-21,13.881,392
1994-06-22,13.921,392
1994-06-23,13.848,392
1994-06-24,13.857,392
1994-06-25,14.023,392
1994-06-26,14.379,392
1994-06-27,14.382,392
1994-06-28,14.344,392
1994-06-29,14.062,392
1994-06-30,13.815,392
1994-07-01,13.787,392
1994-07-02,13.765,392
1994-07-03,13.641,392
1994-07-04,12.801,392
1994-07-05,12.749,392
1994-07-06,12.76,392
1994-07-07,12.534,392
1994-07-08,12.511,392
1994-07-09,12.698,392
1994-07-10,12.756,392
1994-07-11,12.744,392
1994-07-12,12.584,392
1994-07-13,12.525,392
1994-07-14,12.458,392
1994-07-15,12.275,392
1994-07-16,11.925,392
1994-07-17,11.862,392
1994-07-18,11.916,392
1994-07-19,11.742,392
1994-07-20,11.721,392
1994-07-21,11.982,392
1994-07-22,12.515,392
1994-07-23,12.695,392
1994-07-24,12.776,392
1994-07-25,12.861,392
1994-07-26,12.996,392
1994-07-27,13.267,392
1994-07-28,13.396,392
1994-07-29,13.762,392
1994-07-30,14.675,392
1994-07-31,14.868,392
1994-08-01,14.921,392
1994-08-02,15.262,392
1994-08-03,15.7,392
1994-08-04,15.611,392
1994-08-05,15.601,392
1994-08-06,15.55,392
1994-08-07,15.541,392
1994-08-08,15.475,392
1994-08-09,15.652,392
1994-08-10,15.774,392
1994-08-11,15.75,392
1994-08-12,16.567,392
1994-08-13,16.581,392
1994-08-14,16.576,392
1994-08-15,16.594,392
1994-08-16,17.414,392
1994-08-17,17.474,392
1994-08-18,17.345,392
1994-08-19,16.732,392
1994-08-20,16.603,392
1994-08-21,16.524,392
1994-08-22,16.291,392
1994-08-23,16.116,392
1994-08-24,16.037,392
1994-08-25,15.822,392
1994-08-26,15.293,392
1994-08-27,15.211,392
1994-08-28,15.3,392
1994-08-29,15.577,392
1994-08-30,15.15,392
1994-08-31,14.62,392
1994-09-01,14.318,392
1994-09-02,14.041,392
1994-09-03,13.961,392
1994-09-04,13.5,392
1994-09-05,13.482,392
1994-09-06,13.464,392
1994-09-07,13.431,392
1994-09-08,13.471,392
1994-09-09,13.449,392
1994-09-10,13.739,392
1994-09-11,14.121,392
1994-09-12,14.169,392
1994-09-13,14.19,392
1994-09-14,14.201,392
1994-09-15,14.514,392
1994-09-16,14.584,392
1994-09-17,14.612,392
1994-09-18,14.63,392
1994-09-19,14.583,392
1994-09-20,13.941,392
1994-09-21,13.774,392
1994-09-22,13.832,392
1994-09-23,13.914,392
1994-09-24,13.328,392
1994-09-25,13.507,392
1994-09-26,13.342,392
1994-09-27,13.249,392
1994-09-28,13.162,392
1994-09-29,12.999,392
1994-09-30,13.558,392
1994-10-01,13.628,392
1994-10-02,13.057,392
1994-10-03,12.683,392
1994-10-04,12.674,392
1994-10-05,12.602,392
1994-10-06,12.309,392
1994-10-07,12.289,392
1994-10-08,12.275,392
1994-10-09,11.92,392
1994-10-10,11.662,392
1994-10-11,11.501,392
1994-10-12,11.543,392
1994-10-13,11.46,392
1994-10-14,11.409,392
1994-10-15,11.399,392
1994-10-16,11.382,392
1994-10-17,11.36,392
1994-10-18,11.337,392
1994-10-19,11.265,392
1994-10-20,11.08,392
1994-10-21,11.041,392
1994-10-22,11.022,392
1994-10-23,10.882,392
1994-10-24,10.872,392
1994-10-25,10.853,392
1994-10-26,10.945,392
1994-10-27,11.134,392
1994-10-28,11.154,392
1994-10-29,11.187,392
1994-10-30,11.143,392
1994-10-31,10.979,392
1994-11-01,10.733,392
1994-11-02,10.725,392
1994-11-03,10.706,392
1994-11-04,10.642,392
1994-11-05,10.61,392
1994-11-06,10.547,392
1994-11-07,10.598,392
1994-11-08,10.7,392
1994-11-09,10.285,392
1994-11-10,10.218,392
1994-11-11,10.263,392
1994-11-12,10.228,392
1994-11-13,10.19,392
1994-11-14,10.152,392
1994-11-15,10.278,392
1994-11-16,10.282,392
1994-11-17,10.214,392
1994-11-18,10.047,392
1994-11-19,9.99,392
1994-11-20,9.933,392
1994-11-21,9.901,392
1994-11-22,9.93,392
1994-11-23,9.939,392
1994-11-24,9.879,392
1994-11-25,9.805,392
1994-11-26,9.729,392
1994-11-27,9.715,392
1994-11-28,9.694,392
1994-11-29,9.697,392
1994-11-30,9.654,392
1994-12-01,9.489,392
1994-12-02,9.367,392
1994-12-03,9.257,392
1994-12-04,9.172,392
1994-12-05,9.138,392
1994-12-06,9.17,392
1994-12-07,9.179,392
1994-12-08,9.126,392
1994-12-09,9.102,392
1994-12-10,9.093,392
1994-12-11,9.108,392
1994-12-12,9.113,392
1994-12-13,9.022,392
1994-12-14,8.982,392
1994-12-15,9.049,392
1994-12-16,9.06,392
1994-12-17,9.211,392
1994-12-18,9.43,392
1994-12-19,9.557,392
1994-12-20,9.59,392
1994-12-21,9.561,392
1994-12-22,9.5,392
1994-12-23,9.447,392
1994-12-24,9.411,392
1994-12-25,9.361,392
1994-12-26,9.294,392
1994-12-27,9.289,392
1994-12-28,8.864,392
1994-12-29,8.798,392
1994-12-30,8.753,392
1994-12-31,8.407,392
1995-01-01,8.369,392
1995-01-02,8.431,392
1995-01-03,8.383,392
1995-01-04,8.379,392
1995-01-05,8.247,392
1995-01-06,8.179,392
1995-01-07,8.167,392
1995-01-08,8.26,392
1995-01-09,8.347,392
1995-01-10,8.382,392
1995-01-11,8.446,392
1995-01-12,8.474,392
1995-01-13,8.485,392
1995-01-14,8.548,392
1995-01-15,8.572,392
1995-01-16,8.641,392
1995-01-17,8.687,392
1995-01-18,9.077,392
1995-01-19,9.138,392
1995-01-20,9.173,392
1995-01-21,9.198,392
1995-01-22,9.238,392
1995-01-23,9.213,392
1995-01-24,9.053,392
1995-01-25,9.05,392
1995-01-26,9.05,392
1995-01-27,9.052,392
1995-01-28,9.272,392
1995-01-29,9.36,392
1995-01-30,9.379,392
1995-01-31,9.379,392
1995-02-01,9.167,392
1995-02-02,9.117,392
1995-02-03,9.102,392
1995-02-04,9.246,392
1995-02-05,9.246,392
1995-02-06,10.113,392
1995-02-07,10.064,392
1995-02-08,9.855,392
1995-02-09,9.561,392
1995-02-10,9.404,392
1995-02-11,9.367,392
1995-02-12,9.323,392
1995-02-13,9.274,392
1995-02-14,9.274,392
1995-02-15,9.347,392
1995-02-16,9.303,392
1995-02-17,9.219,392
1995-02-18,9.159,392
1995-02-19,9.165,392
1995-02-20,8.953,392
1995-02-21,8.918,392
1995-02-22,9.304,392
1995-02-23,9.403,392
1995-02-24,9.422,392
1995-02-25,9.621,392
1995-02-26,9.536,392
1995-02-27,9.465,392
1995-02-28,9.393,392
1995-03-01,9.321,392
1995-03-02,9.204,392
1995-03-03,9.128,392
1995-03-04,8.98,392
1995-03-05,8.881,392
1995-03-06,8.872,392
1995-03-07,8.813,392
1995-03-08,8.756,392
1995-03-09,8.844,392
1995-03-10,8.906,392
1995-03-11,9.258,392
1995-03-12,9.376,392
1995-03-13,9.726,392
1995-03-14,9.891,392
1995-03-15,10.048,392
1995-03-16,10.05,392
1995-03-17,10.069,392
1995-03-18,10.231,392
1995-03-19,10.206,392
1995-03-20,10.203,392
1995-03-21,10.158,392
1995-03-22,9.939,392
1995-03-23,9.905,392
1995-03-24,9.904,392
1995-03-25,9.835,392
1995-03-26,9.847,392
1995-03-27,9.914,392
1995-03-28,10.001,392
1995-03-29,10.051,392
1995-03-30,9.941,392
1995-03-31,9.948,392
1995-04-01,9.932,392
1995-04-02,10.054,392
1995-04-03,10.441,392
1995-04-04,10.514,392
1995-04-05,10.545,392
1995-04-06,10.379,392
1995-04-07,10.343,392
1995-04-08,10.36,392
1995-04-09,10.364,392
1995-04-10,10.377,392
1995-04-11,10.336,392
1995-04-12,10.461,392
1995-04-13,10.381,392
1995-04-14,10.314,392
1995-04-15,10.225,392
1995-04-16,10.221,392
1995-04-17,10.212,392
1995-04-18,10.177,392
1995-04-19,10.238,392
1995-04-20,10.695,392
1995-04-21,10.832,392
1995-04-22,10.942,392
1995-04-23,10.893,392
1995-04-24,11.761,392
1995-04-25,11.907,392
1995-04-26,11.89,392
1995-04-27,11.779,392
1995-04-28,11.737,392
1995-04-29,11.848,392
1995-04-30,11.889,392
1995-05-01,11.811,392
1995-05-02,12.048,392
1995-05-03,11.927,392
1995-05-04,11.776,392
1995-05-05,11.732,392
1995-05-06,11.73,392
1995-05-07,11.697,392
1995-05-08,11.714,392
1995-05-09,11.525,392
1995-05-10,11.257,392
1995-05-11,11.482,392
1995-05-12,11.995,392
1995-05-13,12.323,392
1995-05-14,12.227,392
1995-05-15,11.912,392
1995-05-16,11.945,392
1995-05-17,11.381,392
1995-05-18,11.415,392
1995-05-19,11.556,392
1995-05-20,11.632,392
1995-05-21,11.781,392
1995-05-22,12.113,392
1995-05-23,12.175,392
1995-05-24,12.162,392
1995-05-25,12.335,392
1995-05-26,12.276,392
1995-05-27,12.073,392
1995-05-28,12.129,392
1995-05-29,11.734,392
1995-05-30,11.646,392
1995-05-31,11.608,392
1995-06-01,11.567,392
1995-06-02,12.118,392
1995-06-03,12.264,392
1995-06-04,12.4,392
1995-06-05,11.821,392
1995-06-06,11.521,392
1995-06-07,11.528,392
1995-06-08,11.781,392
1995-06-09,11.866,392
1995-06-10,11.842,392
1995-06-11,11.904,392
1995-06-12,11.945,392
1995-06-13,12.08,392
1995-06-14,12.25,392
1995-06-15,12.389,392
1995-06-16,12.476,392
1995-06-17,12.678,392
1995-06-18,12.733,392
1995-06-19,12.769,392
1995-06-20,12.769,392
1995-06-21,13.742,392
1995-06-22,14.307,392
1995-06-23,14.071,392
1995-06-24,13.748,392
1995-06-25,13.71,392
1995-06-26,13.733,392
1995-06-27,14.146,392
1995-06-28,14.606,392
1995-06-29,14.728,392
1995-06-30,14.828,392
1995-07-01,15.018,392
1995-07-02,14.649,392
1995-07-03,14.478,392
1995-07-04,14.295,392
1995-07-05,14.348,392
1995-07-06,14.354,392
1995-07-07,14.25,392
1995-07-08,14.179,392
1995-07-09,14.187,392
1995-07-10,14.656,392
1995-07-11,14.857,392
1995-07-12,14.821,392
1995-07-13,14.925,392
1995-07-14,15.04,392
1995-07-15,15.128,392
1995-07-16,15.16,392
1995-07-17,15.156,392
1995-07-18,15.127,392
1995-07-19,14.702,392
1995-07-20,13.632,392
1995-07-21,14.109,392
1995-07-22,14.351,392
1995-07-23,15.203,392
1995-07-24,15.439,392
1995-07-25,15.51,392
1995-07-26,15.563,392
1995-07-27,15.656,392
1995-07-28,15.092,392
1995-07-29,15.07,392
1995-07-30,14.958,392
1995-07-31,14.493,392
1995-08-01,14.019,392
1995-08-02,13.878,392
1995-08-03,13.846,392
1995-08-04,13.233,392
1995-08-05,12.96,392
1995-08-06,12.513,392
1995-08-07,12.329,392
1995-08-08,12.181,392
1995-08-09,12.322,392
1995-08-10,12.375,392
1995-08-11,13.446,392
1995-08-12,13.633,392
1995-08-13,13.851,392
1995-08-14,14.383,392
1995-08-15,13.997,392
1995-08-16,13.837,392
1995-08-17,13.957,392
1995-08-18,14.074,392
1995-08-19,14.65,392
1995-08-20,14.738,392
1995-08-21,15.485,392
1995-08-22,15.392,392
1995-08-23,15.496,392
1995-08-24,15.723,392
1995-08-25,15.755,392
1995-08-26,15.301,392
1995-08-27,14.96,392
1995-08-28,16.054,392
1995-08-29,16.081,392
1995-08-30,15.709,392
1995-08-31,15.95,392
1995-09-01,16.095,392
1995-09-02,16.146,392
1995-09-03,15.35,392
1995-09-04,15.536,392
1995-09-05,15.614,392
1995-09-06,15.758,392
1995-09-07,15.826,392
1995-09-08,15.63,392
1995-09-09,14.968,392
1995-09-10,15.135,392
1995-09-11,15.263,392
1995-09-12,15.073,392
1995-09-13,14.516,392
1995-09-14,14.454,392
1995-09-15,14.363,392
1995-09-16,14.357,392
1995-09-17,15.11,392
1995-09-18,15.553,392
1995-09-19,15.782,392
1995-09-20,15.689,392
1995-09-21,15.147,392
1995-09-22,15.177,392
1995-09-23,15.158,392
1995-09-24,15.091,392
1995-09-25,15.063,392
1995-09-26,15.043,392
1995-09-27,14.855,392
1995-09-28,14.967,392
1995-09-29,14.973,392
1995-09-30,14.975,392
1995-10-01,14.956,392
1995-10-02,14.736,392
1995-10-03,14.491,392
1995-10-04,14.39,392
1995-10-05,14.246,392
1995-10-06,13.762,392
1995-10-07,13.846,392
1995-10-08,13.868,392
1995-10-09,13.947,392
1995-10-10,13.846,392
1995-10-11,13.601,392
1995-10-12,13.451,392
1995-10-13,13.988,392
1995-10-14,14.126,392
1995-10-15,14.047,392
1995-10-16,13.769,392
1995-10-17,13.679,392
1995-10-18,13.651,392
1995-10-19,13.649,392
1995-10-20,13.382,392
1995-10-21,13.315,392
1995-10-22,13.242,392
1995-10-23,13.083,392
1995-10-24,12.955,392
1995-10-25,12.554,392
1995-10-26,12.447,392
1995-10-27,12.362,392
1995-10-28,12.346,392
1995-10-29,12.182,392
1995-10-30,11.839,392
1995-10-31,11.731,392
1995-11-01,11.616,392
1995-11-02,11.35,392
1995-11-03,11.159,392
1995-11-04,11.043,392
1995-11-05,10.958,392
1995-11-06,10.906,392
1995-11-07,10.942,392
1995-11-08,11.128,392
1995-11-09,11.029,392
1995-11-10,11.017,392
1995-11-11,10.951,392
1995-11-12,10.936,392
1995-11-13,10.884,392
1995-11-14,10.807,392
1995-11-15,10.755,392
1995-11-16,10.731,392
1995-11-17,11.18,392
1995-11-18,11.04,392
1995-11-19,11,392
1995-11-20,10.97,392
1995-11-21,10.895,392
1995-11-22,11.136,392
1995-11-23,11.109,392
1995-11-24,11.287,392
1995-11-25,11.258,392
1995-11-26,11.249,392
1995-11-27,11.147,392
1995-11-28,11.102,392
1995-11-29,11.288,392
1995-11-30,11.376,392
1995-12-01,11.222,392
1995-12-02,11.161,392
1995-12-03,10.974,392
1995-12-04,10.29,392
1995-12-05,10.195,392
1995-12-06,10.086,392
1995-12-07,9.635,392
1995-12-08,9.542,392
1995-12-09,9.729,392
1995-12-10,9.759,392
1995-12-11,9.843,392
1995-12-12,10.175,392
1995-12-13,10.514,392
1995-12-14,10.821,392
1995-12-15,10.911,392
1995-12-16,10.865,392
1995-12-17,10.727,392
1995-12-18,10.635,392
1995-12-19,10.49,392
1995-12-20,10.39,392
1995-12-21,9.987,392
1995-12-22,10.444,392
1995-12-23,10.501,392
1995-12-24,10.49,392
1995-12-25,10.445,392
1995-12-26,10.386,392
1995-12-27,10.238,392
1995-12-28,10.073,392
1995-12-29,10.04,392
1995-12-30,9.854,392
1995-12-31,9.79,392
1996-01-01,9.765,392
1996-01-02,9.848,392
1996-01-03,9.832,392
1996-01-04,9.777,392
1996-01-05,9.667,392
1996-01-06,10.122,392
1996-01-07,10.154,392
1996-01-08,10.397,392
1996-01-09,10.383,392
1996-01-10,10.39,392
1996-01-11,10.339,392
1996-01-12,10.209,392
1996-01-13,10.103,392
1996-01-14,10.072,392
1996-01-15,9.983,392
1996-01-16,9.826,392
1996-01-17,9.688,392
1996-01-18,9.587,392
1996-01-19,9.58,392
1996-01-20,9.557,392
1996-01-21,9.533,392
1996-01-22,9.54,392
1996-01-23,9.445,392
1996-01-24,9.276,392
1996-01-25,9.223,392
1996-01-26,9.135,392
1996-01-27,9.133,392
1996-01-28,8.991,392
1996-01-29,8.843,392
1996-01-30,8.783,392
1996-01-31,8.761,392
1996-02-01,8.729,392
1996-02-02,8.757,392
1996-02-03,8.813,392
1996-02-04,8.874,392
1996-02-05,8.774,392
1996-02-06,8.87,392
1996-02-07,8.976,392
1996-02-08,8.982,392
1996-02-09,8.871,392
1996-02-10,8.819,392
1996-02-11,8.913,392
1996-02-12,9.029,392
1996-02-13,8.937,392
1996-02-14,8.844,392
1996-02-15,8.984,392
1996-02-16,9.129,392
1996-02-17,9.175,392
1996-02-18,9.098,392
1996-02-19,9.039,392
1996-02-20,9.006,392
1996-02-21,9.068,392
1996-02-22,9.098,392
1996-02-23,9.181,392
1996-02-24,9.186,392
1996-02-25,9.157,392
1996-02-26,9.133,392
1996-02-27,9.076,392
1996-02-28,9.064,392
1996-02-29,9.107,392
1996-03-01,9.124,392
1996-03-02,9.098,392
1996-03-03,9.033,392
1996-03-04,9.238,392
1996-03-05,9.305,392
1996-03-06,9.325,392
1996-03-07,9.289,392
1996-03-08,9.295,392
1996-03-09,9.27,392
1996-03-10,9.229,392
1996-03-11,8.862,392
1996-03-12,9.122,392
1996-03-13,9.733,392
1996-03-14,9.996,392
1996-03-15,10.103,392
1996-03-16,9.763,392
1996-03-17,9.514,392
1996-03-18,9.446,392
1996-03-19,9.396,392
1996-03-20,9.392,392
1996-03-21,9.418,392
1996-03-22,9.394,392
1996-03-23,9.391,392
1996-03-24,9.352,392
1996-03-25,9.336,392
1996-03-26,9.328,392
1996-03-27,9.332,392
1996-03-28,9.486,392
1996-03-29,9.536,392
1996-03-30,9.542,392
1996-03-31,9.394,392
1996-04-01,9.253,392
1996-04-02,9.212,392
1996-04-03,9.206,392
1996-04-04,9.224,392
1996-04-05,9.25,392
1996-04-06,9.33,392
1996-04-07,9.498,392
1996-04-08,10.145,392
1996-04-09,10.179,392
1996-04-10,10.222,392
1996-04-11,10.156,392
1996-04-12,10.094,392
1996-04-13,10.066,392
1996-04-14,10.155,392
1996-04-15,10.177,392
1996-04-16,10.117,392
1996-04-17,10.227,392
1996-04-18,10.277,392
1996-04-19,10.289,392
1996-04-20,10.534,392
1996-04-21,10.653,392
1996-04-22,10.734,392
1996-04-23,10.653,392
1996-04-24,10.624,392
1996-04-25,10.679,392
1996-04-26,10.878,392
1996-04-27,10.94,392
1996-04-28,10.975,392
1996-04-29,10.828,392
1996-04-30,10.843,392
1996-05-01,10.751,392
1996-05-02,10.629,392
1996-05-03,10.573,392
1996-05-04,10.426,392
1996-05-05,10.411,392
1996-05-06,10.457,392
1996-05-07,10.408,392
1996-05-08,10.515,392
1996-05-09,10.645,392
1996-05-10,10.706,392
1996-05-11,10.797,392
1996-05-12,10.847,392
1996-05-13,10.884,392
1996-05-14,11.217,392
1996-05-15,11.59,392
1996-05-16,11.672,392
1996-05-17,11.618,392
1996-05-18,11.502,392
1996-05-19,11.504,392
1996-05-20,11.644,392
1996-05-21,11.814,392
1996-05-22,11.894,392
1996-05-23,11.881,392
1996-05-24,12.266,392
1996-05-25,11.944,392
1996-05-26,11.769,392
1996-05-27,11.612,392
1996-05-28,11.563,392
1996-05-29,11.423,392
1996-05-30,11.282,392
1996-05-31,11.264,392
1996-06-01,11.25,392
1996-06-02,11.436,392
1996-06-03,11.602,392
1996-06-04,12.301,392
1996-06-05,12.243,392
1996-06-06,12.234,392
1996-06-07,12.567,392
1996-06-08,12.596,392
1996-06-09,12.606,392
1996-06-10,12.673,392
1996-06-11,12.706,392
1996-06-12,12.209,392
1996-06-13,11.822,392
1996-06-14,11.696,392
1996-06-15,11.715,392
1996-06-16,11.778,392
1996-06-17,11.763,392
1996-06-18,12.1,392
1996-06-19,12.555,392
1996-06-20,12.584,392
1996-06-21,12.62,392
1996-06-22,12.609,392
1996-06-23,13.694,392
1996-06-24,13.993,392
1996-06-25,14.026,392
1996-06-26,13.95,392
1996-06-27,13.907,392
1996-06-28,13.889,392
1996-06-29,13.861,392
1996-06-30,13.953,392
1996-07-01,14.026,392
1996-07-02,13.987,392
1996-07-03,13.298,392
1996-07-04,13.397,392
1996-07-05,13.364,392
1996-07-06,13.246,392
1996-07-07,12.775,392
1996-07-08,12.573,392
1996-07-09,12.336,392
1996-07-10,12.611,392
1996-07-11,13.129,392
1996-07-12,13.218,392
1996-07-13,13.454,392
1996-07-14,13.081,392
1996-07-15,12.799,392
1996-07-16,12.472,392
1996-07-17,12.581,392
1996-07-18,12.643,392
1996-07-19,12.709,392
1996-07-20,12.841,392
1996-07-21,13.325,392
1996-07-22,13.396,392
1996-07-23,13.535,392
1996-07-24,13.532,392
1996-07-25,13.406,392
1996-07-26,13.276,392
1996-07-27,13.657,392
1996-07-28,13.637,392
1996-07-29,13.257,392
1996-07-30,13.213,392
1996-07-31,13.126,392
1996-08-01,12.769,392
1996-08-02,12.63,392
1996-08-03,12.82,392
1996-08-04,12.823,392
1996-08-05,13.245,392
1996-08-06,13.266,392
1996-08-07,13.003,392
1996-08-08,12.72,392
1996-08-09,12.49,392
1996-08-10,12.4,392
1996-08-11,12.499,392
1996-08-12,12.539,392
1996-08-13,12.547,392
1996-08-14,12.576,392
1996-08-15,12.784,392
1996-08-16,13.281,392
1996-08-17,13.52,392
1996-08-18,13.507,392
1996-08-19,13.54,392
1996-08-20,13.179,392
1996-08-21,14.067,392
1996-08-22,14.112,392
1996-08-23,13.848,392
1996-08-24,12.965,392
1996-08-25,12.772,392
1996-08-26,12.666,392
1996-08-27,12.823,392
1996-08-28,13.861,392
1996-08-29,14.251,392
1996-08-30,14.545,392
1996-08-31,14.511,392
1996-09-01,14.404,392
1996-09-02,14.132,392
1996-09-03,13.816,392
1996-09-04,13.812,392
1996-09-05,13.931,392
1996-09-06,13.945,392
1996-09-07,13.963,392
1996-09-08,14.664,392
1996-09-09,15.283,392
1996-09-10,15.32,392
1996-09-11,15.262,392
1996-09-12,14.688,392
1996-09-13,14.578,392
1996-09-14,14.735,392
1996-09-15,14.745,392
1996-09-16,14.694,392
1996-09-17,14.713,392
1996-09-18,14.614,392
1996-09-19,14.367,392
1996-09-20,14.121,392
1996-09-21,13.903,392
1996-09-22,13.832,392
1996-09-23,13.768,392
1996-09-24,13.363,392
1996-09-25,14.11,392
1996-09-26,14.054,392
1996-09-27,14.02,392
1996-09-28,13.458,392
1996-09-29,13.218,392
1996-09-30,13.191,392
1996-10-01,13.153,392
1996-10-02,12.919,392
1996-10-03,12.782,392
1996-10-04,13.189,392
1996-10-05,13.2,392
1996-10-06,13.334,392
1996-10-07,13.445,392
1996-10-08,13.39,392
1996-10-09,13.337,392
1996-10-10,13.335,392
1996-10-11,13.313,392
1996-10-12,13.099,392
1996-10-13,12.856,392
1996-10-14,12.602,392
1996-10-15,12.446,392
1996-10-16,12.369,392
1996-10-17,12.09,392
1996-10-18,11.573,392
1996-10-19,11.484,392
1996-10-20,11.476,392
1996-10-21,11.355,392
1996-10-22,11.316,392
1996-10-23,11.504,392
1996-10-24,11.532,392
1996-10-25,11.506,392
1996-10-26,11.501,392
1996-10-27,11.259,392
1996-10-28,11.483,392
1996-10-29,11.369,392
1996-10-30,11.038,392
1996-10-31,10.863,392
1996-11-01,10.819,392
1996-11-02,10.726,392
1996-11-03,10.669,392
1996-11-04,10.708,392
1996-11-05,10.552,392
1996-11-06,10.483,392
1996-11-07,10.475,392
1996-11-08,10.487,392
1996-11-09,10.481,392
1996-11-10,10.436,392
1996-11-11,10.396,392
1996-11-12,10.323,392
1996-11-13,10.446,392
1996-11-14,10.444,392
1996-11-15,10.397,392
1996-11-16,10.221,392
1996-11-17,9.928,392
1996-11-18,9.848,392
1996-11-19,9.815,392
1996-11-20,9.781,392
1996-11-21,9.333,392
1996-11-22,9.35,392
1996-11-23,9.354,392
1996-11-24,9.642,392
1996-11-25,9.582,392
1996-11-26,9.572,392
1996-11-27,9.879,392
1996-11-28,9.949,392
1996-11-29,10.019,392
1996-11-30,9.892,392
1996-12-01,9.731,392
1996-12-02,9.645,392
1996-12-03,9.609,392
1996-12-04,9.571,392
1996-12-05,9.604,392
1996-12-06,9.602,392
1996-12-07,9.625,392
1996-12-08,9.654,392
1996-12-09,9.67,392
1996-12-10,9.68,392
1996-12-11,9.656,392
1996-12-12,9.702,392
1996-12-13,9.744,392
1996-12-14,9.749,392
1996-12-15,9.558,392
1996-12-16,9.422,392
1996-12-17,8.914,392
1996-12-18,8.785,392
1996-12-19,8.835,392
1996-12-20,9.016,392
1996-12-21,9.05,392
1996-12-22,9.026,392
1996-12-23,8.993,392
1996-12-24,8.903,392
1996-12-25,8.86,392
1996-12-26,8.725,392
1996-12-27,8.564,392
1996-12-28,8.513,392
1996-12-29,8.574,392
1996-12-30,8.683,392
1996-12-31,8.834,392
1997-01-01,9.204,392
1997-01-02,9.818,392
1997-01-03,9.8,392
1997-01-04,9.734,392
1997-01-05,9.498,392
1997-01-06,9.468,392
1997-01-07,9.374,392
1997-01-08,9.317,392
1997-01-09,9.282,392
1997-01-10,9.22,392
1997-01-11,9.134,392
1997-01-12,9.082,392
1997-01-13,8.954,392
1997-01-14,8.606,392
1997-01-15,8.565,392
1997-01-16,8.554,392
1997-01-17,8.666,392
1997-01-18,8.614,392
1997-01-19,8.691,392
1997-01-20,8.796,392
1997-01-21,8.91,392
1997-01-22,8.942,392
1997-01-23,9.031,392
1997-01-24,8.646,392
1997-01-25,8.519,392
1997-01-26,8.396,392
1997-01-27,8.432,392
1997-01-28,8.452,392
1997-01-29,8.465,392
1997-01-30,8.522,392
1997-01-31,8.55,392
1997-02-01,8.538,392
1997-02-02,8.509,392
1997-02-03,8.386,392
1997-02-04,8.53,392
1997-02-05,8.712,392
1997-02-06,8.819,392
1997-02-07,8.868,392
1997-02-08,8.869,392
1997-02-09,8.521,392
1997-02-10,8.304,392
1997-02-11,8.204,392
1997-02-12,8.211,392
1997-02-13,8.219,392
1997-02-14,8.186,392
1997-02-15,8.211,392
1997-02-16,8.209,392
1997-02-17,8.264,392
1997-02-18,8.477,392
1997-02-19,8.556,392
1997-02-20,8.586,392
1997-02-21,8.49,392
1997-02-22,8.568,392
1997-02-23,8.571,392
1997-02-24,8.563,392
1997-02-25,8.553,392
1997-02-26,8.635,392
1997-02-27,8.665,392
1997-02-28,8.638,392
1997-03-01,8.674,392
1997-03-02,8.599,392
1997-03-03,8.607,392
1997-03-04,8.555,392
1997-03-05,8.592,392
1997-03-06,8.444,392
1997-03-07,8.383,392
1997-03-08,8.341,392
1997-03-09,8.386,392
1997-03-10,8.572,392
1997-03-11,8.567,392
1997-03-12,8.434,392
1997-03-13,8.465,392
1997-03-14,8.522,392
1997-03-15,8.564,392
1997-03-16,8.528,392
1997-03-17,8.559,392
1997-03-18,8.664,392
1997-03-19,9.173,392
1997-03-20,9.191,392
1997-03-21,9.193,392
1997-03-22,9.054,392
1997-03-23,9.064,392
1997-03-24,8.939,392
1997-03-25,9.179,392
1997-03-26,9.235,392
1997-03-27,9.195,392
1997-03-28,9.149,392
1997-03-29,9.103,392
1997-03-30,9.087,392
1997-03-31,9.295,392
1997-04-01,9.282,392
1997-04-02,9.235,392
1997-04-03,9.021,392
1997-04-04,9.128,392
1997-04-05,9.128,392
1997-04-06,9.107,392
1997-04-07,8.97,392
1997-04-08,9.135,392
1997-04-09,9.578,392
1997-04-10,9.726,392
1997-04-11,9.72,392
1997-04-12,9.477,392
1997-04-13,9.443,392
1997-04-14,9.469,392
1997-04-15,9.595,392
1997-04-16,9.467,392
1997-04-17,9.708,392
1997-04-18,9.953,392
1997-04-19,10.168,392
1997-04-20,10.511,392
1997-04-21,10.567,392
1997-04-22,10.51,392
1997-04-23,10.408,392
1997-04-24,10.334,392
1997-04-25,10.485,392
1997-04-26,10.584,392
1997-04-27,10.518,392
1997-04-28,10.78,392
1997-04-29,10.991,392
1997-04-30,10.934,392
1997-05-01,10.907,392
1997-05-02,10.82,392
1997-05-03,10.671,392
1997-05-04,10.637,392
1997-05-05,10.502,392
1997-05-06,10.538,392
1997-05-07,10.818,392
1997-05-08,11.477,392
1997-05-09,12.14,392
1997-05-10,12.356,392
1997-05-11,12.442,392
1997-05-12,12.361,392
1997-05-13,12.116,392
1997-05-14,12.119,392
1997-05-15,12.277,392
1997-05-16,12.93,392
1997-05-17,13.354,392
1997-05-18,13.294,392
1997-05-19,13.193,392
1997-05-20,13.097,392
1997-05-21,12.969,392
1997-05-22,13.895,392
1997-05-23,14.09,392
1997-05-24,14.077,392
1997-05-25,13.836,392
1997-05-26,13.786,392
1997-05-27,13.725,392
1997-05-28,13.832,392
1997-05-29,13.918,392
1997-05-30,13.763,392
1997-05-31,13.985,392
1997-06-01,14.118,392
1997-06-02,14.218,392
1997-06-03,14.363,392
1997-06-04,14.578,392
1997-06-05,14.688,392
1997-06-06,14.968,392
1997-06-07,15.763,392
1997-06-08,15.654,392
1997-06-09,15.466,392
1997-06-10,14.928,392
1997-06-11,14.833,392
1997-06-12,14.741,392
1997-06-13,14.768,392
1997-06-14,14.753,392
1997-06-15,14.615,392
1997-06-16,14.951,392
1997-06-17,14.994,392
1997-06-18,14.944,392
1997-06-19,14.695,392
1997-06-20,14.577,392
1997-06-21,14.473,392
1997-06-22,14.429,392
1997-06-23,14.467,392
1997-06-24,14.471,392
1997-06-25,14.193,392
1997-06-26,14.639,392
1997-06-27,14.667,392
1997-06-28,14.766,392
1997-06-29,14.907,392
1997-06-30,15.002,392
1997-07-01,15.203,392
1997-07-02,15.359,392
1997-07-03,15.331,392
1997-07-04,15.319,392
1997-07-05,15.485,392
1997-07-06,15.618,392
1997-07-07,15.611,392
1997-07-08,15.444,392
1997-07-09,15.381,392
1997-07-10,15.411,392
1997-07-11,15.465,392
1997-07-12,15.452,392
1997-07-13,15.349,392
1997-07-14,15.761,392
1997-07-15,15.771,392
1997-07-16,15.69,392
1997-07-17,15.605,392
1997-07-18,14.966,392
1997-07-19,14.68,392
1997-07-20,14.617,392
1997-07-21,14.886,392
1997-07-22,14.998,392
1997-07-23,14.743,392
1997-07-24,14.348,392
1997-07-25,14.241,392
1997-07-26,13.974,392
1997-07-27,14.103,392
1997-07-28,14.161,392
1997-07-29,14.369,392
1997-07-30,14.752,392
1997-07-31,16.02,392
1997-08-01,16.202,392
1997-08-02,16.181,392
1997-08-03,16.754,392
1997-08-04,16.826,392
1997-08-05,16.753,392
1997-08-06,15.749,392
1997-08-07,14.83,392
1997-08-08,14.744,392
1997-08-09,15.014,392
1997-08-10,15.487,392
1997-08-11,15.995,392
1997-08-12,15.896,392
1997-08-13,15.651,392
1997-08-14,15.358,392
1997-08-15,15.404,392
1997-08-16,15.359,392
1997-08-17,15.334,392
1997-08-18,15.485,392
1997-08-19,15.959,392
1997-08-20,15.958,392
1997-08-21,15.797,392
1997-08-22,15.483,392
1997-08-23,15.39,392
1997-08-24,15.354,392
1997-08-25,15.308,392
1997-08-26,15.79,392
1997-08-27,16.029,392
1997-08-28,16.879,392
1997-08-29,17.376,392
1997-08-30,17.492,392
1997-08-31,17.602,392
1997-09-01,18.245,392
1997-09-02,18.815,392
1997-09-03,18.873,392
1997-09-04,18.717,392
1997-09-05,18.299,392
1997-09-06,18.235,392
1997-09-07,18.674,392
1997-09-08,18.632,392
1997-09-09,18.555,392
1997-09-10,18.024,392
1997-09-11,17.817,392
1997-09-12,17.878,392
1997-09-13,17.385,392
1997-09-14,17.032,392
1997-09-15,16.926,392
1997-09-16,16.737,392
1997-09-17,17.06,392
1997-09-18,16.964,392
1997-09-19,17.076,392
1997-09-20,17.28,392
1997-09-21,17.389,392
1997-09-22,17.424,392
1997-09-23,17.748,392
1997-09-24,17.839,392
1997-09-25,17.82,392
1997-09-26,16.938,392
1997-09-27,16.806,392
1997-09-28,16.621,392
1997-09-29,16.34,392
1997-09-30,16.254,392
1997-10-01,16.207,392
1997-10-02,16.015,392
1997-10-03,15.962,392
1997-10-04,15.631,392
1997-10-05,15.447,392
1997-10-06,15.304,392
1997-10-07,15.071,392
1997-10-08,14.969,392
1997-10-09,14.678,392
1997-10-10,14.757,392
1997-10-11,14.764,392
1997-10-12,14.703,392
1997-10-13,14.565,392
1997-10-14,14.361,392
1997-10-15,14.084,392
1997-10-16,14.263,392
1997-10-17,14.26,392
1997-10-18,13.913,392
1997-10-19,13.833,392
1997-10-20,13.774,392
1997-10-21,13.637,392
1997-10-22,13.296,392
1997-10-23,13.079,392
1997-10-24,13.053,392
1997-10-25,12.937,392
1997-10-26,12.854,392
1997-10-27,12.729,392
1997-10-28,12.53,392
1997-10-29,12.554,392
1997-10-30,13.213,392
1997-10-31,13.244,392
1997-11-01,13.175,392
1997-11-02,13.1,392
1997-11-03,13.088,392
1997-11-04,13.023,392
1997-11-05,12.932,392
1997-11-06,12.856,392
1997-11-07,13.003,392
1997-11-08,13.023,392
1997-11-09,13.072,392
1997-11-10,12.898,392
1997-11-11,12.796,392
1997-11-12,12.848,392
1997-11-13,12.872,392
1997-11-14,12.876,392
1997-11-15,12.933,392
1997-11-16,12.909,392
1997-11-17,12.791,392
1997-11-18,12.479,392
1997-11-19,12.34,392
1997-11-20,12.111,392
1997-11-21,12.104,392
1997-11-22,12.068,392
1997-11-23,12.185,392
1997-11-24,12.174,392
1997-11-25,12.097,392
1997-11-26,11.913,392
1997-11-27,11.511,392
1997-11-28,11.425,392
1997-11-29,11.433,392
1997-11-30,11.601,392
1997-12-01,11.573,392
1997-12-02,11.491,392
1997-12-03,11.504,392
1997-12-04,11.391,392
1997-12-05,11.362,392
1997-12-06,11.365,392
1997-12-07,11.374,392
1997-12-08,11.43,392
1997-12-09,11.346,392
1997-12-10,11.215,392
1997-12-11,11.046,392
1997-12-12,10.913,392
1997-12-13,10.72,392
1997-12-14,10.554,392
1997-12-15,10.493,392
1997-12-16,10.526,392
1997-12-17,10.952,392
1997-12-18,11.106,392
1997-12-19,11.039,392
1997-12-20,11.354,392
1997-12-21,11.38,392
1997-12-22,11.346,392
1997-12-23,11.122,392
1997-12-24,10.982,392
1997-12-25,10.822,392
1997-12-26,10.807,392
1997-12-27,10.862,392
1997-12-28,10.789,392
1997-12-29,10.811,392
1997-12-30,10.711,392
1997-12-31,10.589,392
1998-01-01,10.346,392
1998-01-02,10.254,392
1998-01-03,10.111,392
1998-01-04,10.251,392
1998-01-05,10.284,392
1998-01-06,10.299,392
1998-01-07,10.074,392
1998-01-08,9.786,392
1998-01-09,10.03,392
1998-01-10,10.054,392
1998-01-11,10.125,392
1998-01-12,10.307,392
1998-01-13,10.236,392
1998-01-14,10.095,392
1998-01-15,10.021,392
1998-01-16,9.95,392
1998-01-17,9.863,392
1998-01-18,9.982,392
1998-01-19,10.304,392
1998-01-20,10.402,392
1998-01-21,10.392,392
1998-01-22,10.299,392
1998-01-23,10.18,392
1998-01-24,10.792,392
1998-01-25,11.002,392
1998-01-26,11.038,392
1998-01-27,10.915,392
1998-01-28,10.781,392
1998-01-29,10.778,392
1998-01-30,10.96,392
1998-01-31,10.987,392
1998-02-01,11.069,392
1998-02-02,11.089,392
1998-02-03,11.037,392
1998-02-04,11.372,392
1998-02-05,11.41,392
1998-02-06,11.353,392
1998-02-07,11.329,392
1998-02-08,11.294,392
1998-02-09,11.188,392
1998-02-10,11.087,392
1998-02-11,10.93,392
1998-02-12,10.89,392
1998-02-13,10.866,392
1998-02-14,10.797,392
1998-02-15,10.707,392
1998-02-16,10.594,392
1998-02-17,10.457,392
1998-02-18,10.523,392
1998-02-19,10.502,392
1998-02-20,10.458,392
1998-02-21,10.35,392
1998-02-22,11.144,392
1998-02-23,10.985,392
1998-02-24,10.881,392
1998-02-25,10.796,392
1998-02-26,10.634,392
1998-02-27,10.559,392
1998-02-28,10.476,392
1998-03-01,10.475,392
1998-03-02,10.532,392
1998-03-03,10.542,392
1998-03-04,10.455,392
1998-03-05,10.469,392
1998-03-06,10.539,392
1998-03-07,10.579,392
1998-03-08,10.513,392
1998-03-09,10.555,392
1998-03-10,10.556,392
1998-03-11,10.488,392
1998-03-12,10.433,392
1998-03-13,10.468,392
1998-03-14,10.463,392
1998-03-15,10.667,392
1998-03-16,10.348,392
1998-03-17,10.854,392
1998-03-18,10.984,392
1998-03-19,11.061,392
1998-03-20,10.64,392
1998-03-21,10.899,392
1998-03-22,11.211,392
1998-03-23,11.128,392
1998-03-24,10.791,392
1998-03-25,10.795,392
1998-03-26,10.798,392
1998-03-27,10.588,392
1998-03-28,10.615,392
1998-03-29,10.692,392
1998-03-30,10.642,392
1998-03-31,10.676,392
1998-04-01,10.678,392
1998-04-02,10.428,392
1998-04-03,10.405,392
1998-04-04,10.427,392
1998-04-05,10.569,392
1998-04-06,10.463,392
1998-04-07,10.413,392
1998-04-08,10.556,392
1998-04-09,10.597,392
1998-04-10,10.529,392
1998-04-11,10.348,392
1998-04-12,10.726,392
1998-04-13,10.925,392
1998-04-14,11.026,392
1998-04-15,11.082,392
1998-04-16,11.059,392
1998-04-17,10.885,392
1998-04-18,10.714,392
1998-04-19,10.731,392
1998-04-20,10.779,392
1998-04-21,10.896,392
1998-04-22,10.918,392
1998-04-23,10.964,392
1998-04-24,10.894,392
1998-04-25,10.905,392
1998-04-26,10.667,392
1998-04-27,10.551,392
1998-04-28,10.521,392
1998-04-29,10.536,392
1998-04-30,10.81,392
1998-05-01,10.955,392
1998-05-02,10.966,392
1998-05-03,11.004,392
1998-05-04,11.018,392
1998-05-05,11.091,392
1998-05-06,11.121,392
1998-05-07,11.131,392
1998-05-08,11.042,392
1998-05-09,11.059,392
1998-05-10,11.55,392
1998-05-11,11.89,392
1998-05-12,11.966,392
1998-05-13,11.664,392
1998-05-14,11.609,392
1998-05-15,11.491,392
1998-05-16,11.542,392
1998-05-17,11.544,392
1998-05-18,11.583,392
1998-05-19,11.857,392
1998-05-20,11.895,392
1998-05-21,11.935,392
1998-05-22,12.139,392
1998-05-23,12.275,392
1998-05-24,12.336,392
1998-05-25,12.324,392
1998-05-26,12.386,392
1998-05-27,12.505,392
1998-05-28,12.685,392
1998-05-29,12.758,392
1998-05-30,12.815,392
1998-05-31,12.862,392
1998-06-01,14.171,392
1998-06-02,14.146,392
1998-06-03,14.139,392
1998-06-04,14.074,392
1998-06-05,13.999,392
1998-06-06,13.958,392
1998-06-07,13.951,392
1998-06-08,13.954,392
1998-06-09,13.922,392
1998-06-10,14.04,392
1998-06-11,14.214,392
1998-06-12,14.189,392
1998-06-13,14.106,392
1998-06-14,13.67,392
1998-06-15,12.377,392
1998-06-16,12.007,392
1998-06-17,11.863,392
1998-06-18,11.977,392
1998-06-19,11.908,392
1998-06-20,11.926,392
1998-06-21,11.968,392
1998-06-22,12.062,392
1998-06-23,12.219,392
1998-06-24,12.423,392
1998-06-25,12.542,392
1998-06-26,12.678,392
1998-06-27,12.908,392
1998-06-28,12.943,392
1998-06-29,12.924,392
1998-06-30,13.002,392
1998-07-01,13.18,392
1998-07-02,13.307,392
1998-07-03,13.288,392
1998-07-04,13.258,392
1998-07-05,13.301,392
1998-07-06,13.169,392
1998-07-07,13.173,392
1998-07-08,13.122,392
1998-07-09,13.032,392
1998-07-10,13.083,392
1998-07-11,13.119,392
1998-07-12,13.27,392
1998-07-13,13.364,392
1998-07-14,13.382,392
1998-07-15,13.41,392
1998-07-16,13.444,392
1998-07-17,13.52,392
1998-07-18,13.702,392
1998-07-19,14.255,392
1998-07-20,14.269,392
1998-07-21,14.25,392
1998-07-22,14.29,392
1998-07-23,14.353,392
1998-07-24,14.376,392
1998-07-25,15.164,392
1998-07-26,15.497,392
1998-07-27,15.597,392
1998-07-28,14.691,392
1998-07-29,14.771,392
1998-07-30,14.765,392
1998-07-31,15.546,392
1998-08-01,15.925,392
1998-08-02,16.035,392
1998-08-03,15.306,392
1998-08-04,14.939,392
1998-08-05,14.963,392
1998-08-06,14.873,392
1998-08-07,15.311,392
1998-08-08,15.5,392
1998-08-09,15.616,392
1998-08-10,15.001,392
1998-08-11,15.32,392
1998-08-12,15.117,392
1998-08-13,14.833,392
1998-08-14,14.763,392
1998-08-15,14.86,392
1998-08-16,14.83,392
1998-08-17,14.94,392
1998-08-18,15.084,392
1998-08-19,14.671,392
1998-08-20,14.57,392
1998-08-21,14.539,392
1998-08-22,14.517,392
1998-08-23,15.216,392
1998-08-24,15.434,392
1998-08-25,15.337,392
1998-08-26,14.85,392
1998-08-27,14.773,392
1998-08-28,14.385,392
1998-08-29,14.065,392
1998-08-30,13.728,392
1998-08-31,13.185,392
1998-09-01,13.403,392
1998-09-02,13.955,392
1998-09-03,13.609,392
1998-09-04,13.373,392
1998-09-05,13.684,392
1998-09-06,14.027,392
1998-09-07,14.174,392
1998-09-08,13.725,392
1998-09-09,13.594,392
1998-09-10,13.943,392
1998-09-11,13.843,392
1998-09-12,13.905,392
1998-09-13,13.915,392
1998-09-14,13.585,392
1998-09-15,13.562,392
1998-09-16,13.434,392
1998-09-17,14.229,392
1998-09-18,14.56,392
1998-09-19,14.521,392
1998-09-20,14.405,392
1998-09-21,13.857,392
1998-09-22,13.129,392
1998-09-23,13.028,392
1998-09-24,13.007,392
1998-09-25,13.192,392
1998-09-26,13.448,392
1998-09-27,13.426,392
1998-09-28,13.318,392
1998-09-29,13.016,392
1998-09-30,13.267,392
1998-10-01,13.233,392
1998-10-02,13.053,392
1998-10-03,12.636,392
1998-10-04,12.583,392
1998-10-05,12.912,392
1998-10-06,13.038,392
1998-10-07,13.031,392
1998-10-08,13.021,392
1998-10-09,12.921,392
1998-10-10,12.883,392
1998-10-11,12.794,392
1998-10-12,12.834,392
1998-10-13,12.807,392
1998-10-14,12.897,392
1998-10-15,12.98,392
1998-10-16,12.893,392
1998-10-17,12.824,392
1998-10-18,12.68,392
1998-10-19,12.543,392
1998-10-20,12.523,392
1998-10-21,12.532,392
1998-10-22,12.588,392
1998-10-23,12.627,392
1998-10-24,12.662,392
1998-10-25,12.629,392
1998-10-26,12.437,392
1998-10-27,12.356,392
1998-10-28,12.136,392
1998-10-29,12.347,392
1998-10-30,12.278,392
1998-10-31,12.21,392
1998-11-01,12.343,392
1998-11-02,12.357,392
1998-11-03,12.305,392
1998-11-04,12.305,392
1998-11-05,12.284,392
1998-11-06,12.224,392
1998-11-07,12.025,392
1998-11-08,11.987,392
1998-11-09,11.956,392
1998-11-10,11.916,392
1998-11-11,11.835,392
1998-11-12,11.782,392
1998-11-13,11.697,392
1998-11-14,11.556,392
1998-11-15,11.489,392
1998-11-16,11.465,392
1998-11-17,11.426,392
1998-11-18,11.464,392
1998-11-19,11.465,392
1998-11-20,11.599,392
1998-11-21,11.595,392
1998-11-22,11.564,392
1998-11-23,11.544,392
1998-11-24,11.44,392
1998-11-25,11.309,392
1998-11-26,11.29,392
1998-11-27,11.261,392
1998-11-28,11.274,392
1998-11-29,11.22,392
1998-11-30,11.229,392
1998-12-01,11.104,392
1998-12-02,11.015,392
1998-12-03,10.81,392
1998-12-04,10.751,392
1998-12-05,10.702,392
1998-12-06,10.727,392
1998-12-07,10.739,392
1998-12-08,10.62,392
1998-12-09,10.541,392
1998-12-10,10.53,392
1998-12-11,10.516,392
1998-12-12,10.413,392
1998-12-13,10.213,392
1998-12-14,10.075,392
1998-12-15,10.066,392
1998-12-16,10.149,392
1998-12-17,9.979,392
1998-12-18,9.828,392
1998-12-19,9.08,392
1998-12-20,9.027,392
1998-12-21,9.021,392
1998-12-22,9.001,392
1998-12-23,8.975,392
1998-12-24,8.985,392
1998-12-25,8.987,392
1998-12-26,8.94,392
1998-12-27,8.907,392
1998-12-28,8.862,392
1998-12-29,8.917,392
1998-12-30,8.954,392
1998-12-31,8.939,392
1999-01-01,8.477,392
1999-01-02,8.428,392
1999-01-03,8.441,392
1999-01-04,8.332,392
1999-01-05,8.395,392
1999-01-06,8.42,392
1999-01-07,8.45,392
1999-01-08,8.517,392
1999-01-09,8.548,392
1999-01-10,8.546,392
1999-01-11,8.547,392
1999-01-12,8.525,392
1999-01-13,8.844,392
1999-01-14,8.895,392
1999-01-15,9.15,392
1999-01-16,9.181,392
1999-01-17,9.177,392
1999-01-18,9.155,392
1999-01-19,9.069,392
1999-01-20,9.011,392
1999-01-21,8.988,392
1999-01-22,9.124,392
1999-01-23,9.108,392
1999-01-24,9.091,392
1999-01-25,8.809,392
1999-01-26,8.708,392
1999-01-27,8.702,392
1999-01-28,8.684,392
1999-01-29,8.66,392
1999-01-30,8.729,392
1999-01-31,8.821,392
1999-02-01,8.814,392
1999-02-02,8.799,392
1999-02-03,8.717,392
1999-02-04,8.742,392
1999-02-05,8.709,392
1999-02-06,8.798,392
1999-02-07,8.828,392
1999-02-08,8.704,392
1999-02-09,8.608,392
1999-02-10,8.612,392
1999-02-11,8.536,392
1999-02-12,8.63,392
1999-02-13,8.722,392
1999-02-14,8.785,392
1999-02-15,8.757,392
1999-02-16,8.792,392
1999-02-17,8.796,392
1999-02-18,8.794,392
1999-02-19,8.721,392
1999-02-20,8.711,392
1999-02-21,8.685,392
1999-02-22,8.634,392
1999-02-23,8.631,392
1999-02-24,8.603,392
1999-02-25,8.607,392
1999-02-26,8.546,392
1999-02-27,8.57,392
1999-02-28,8.705,392
1999-03-01,8.84,392
1999-03-02,8.896,392
1999-03-03,8.961,392
1999-03-04,8.877,392
1999-03-05,8.295,392
1999-03-06,8.237,392
1999-03-07,8.242,392
1999-03-08,8.4,392
1999-03-09,8.552,392
1999-03-10,8.607,392
1999-03-11,8.64,392
1999-03-12,8.675,392
1999-03-13,8.994,392
1999-03-14,9.039,392
1999-03-15,8.744,392
1999-03-16,8.617,392
1999-03-17,8.681,392
1999-03-18,8.931,392
1999-03-19,8.911,392
1999-03-20,8.859,392
1999-03-21,8.719,392
1999-03-22,8.717,392
1999-03-23,8.761,392
1999-03-24,8.797,392
1999-03-25,8.8,392
1999-03-26,8.766,392
1999-03-27,8.725,392
1999-03-28,8.744,392
1999-03-29,8.73,392
1999-03-30,8.674,392
1999-03-31,8.642,392
1999-04-01,8.568,392
1999-04-02,8.597,392
1999-04-03,8.765,392
1999-04-04,8.799,392
1999-04-05,8.844,392
1999-04-06,8.84,392
1999-04-07,8.79,392
1999-04-08,8.8,392
1999-04-09,8.834,392
1999-04-10,8.935,392
1999-04-11,8.86,392
1999-04-12,8.959,392
1999-04-13,9.019,392
1999-04-14,9.198,392
1999-04-15,9.259,392
1999-04-16,9.257,392
1999-04-17,9.344,392
1999-04-18,9.417,392
1999-04-19,9.414,392
1999-04-20,9.518,392
1999-04-21,9.363,392
1999-04-22,9.519,392
1999-04-23,9.593,392
1999-04-24,9.652,392
1999-04-25,9.585,392
1999-04-26,9.667,392
1999-04-27,9.786,392
1999-04-28,9.919,392
1999-04-29,9.944,392
1999-04-30,9.987,392
1999-05-01,10.036,392
1999-05-02,10.007,392
1999-05-03,9.973,392
1999-05-04,9.944,392
1999-05-05,9.953,392
1999-05-06,9.981,392
1999-05-07,10.014,392
1999-05-08,10.359,392
1999-05-09,10.392,392
1999-05-10,10.413,392
1999-05-11,10.488,392
1999-05-12,10.543,392
1999-05-13,10.496,392
1999-05-14,10.862,392
1999-05-15,10.929,392
1999-05-16,10.912,392
1999-05-17,10.886,392
1999-05-18,10.958,392
1999-05-19,10.964,392
1999-05-20,11.069,392
1999-05-21,11.315,392
1999-05-22,12.306,392
1999-05-23,12.278,392
1999-05-24,11.994,392
1999-05-25,11.619,392
1999-05-26,11.561,392
1999-05-27,10.775,392
1999-05-28,10.405,392
1999-05-29,10.264,392
1999-05-30,10.208,392
1999-05-31,10.381,392
1999-06-01,9.912,392
1999-06-02,9.845,392
1999-06-03,9.877,392
1999-06-04,10.135,392
1999-06-05,10.333,392
1999-06-06,10.545,392
1999-06-07,10.781,392
1999-06-08,11.227,392
1999-06-09,11.551,392
1999-06-10,11.848,392
1999-06-11,11.921,392
1999-06-12,11.942,392
1999-06-13,12.143,392
1999-06-14,12.233,392
1999-06-15,12.268,392
1999-06-16,12.365,392
1999-06-17,12.501,392
1999-06-18,13.33,392
1999-06-19,13.447,392
1999-06-20,13.424,392
1999-06-21,13.383,392
1999-06-22,13.368,392
1999-06-23,13.378,392
1999-06-24,13.361,392
1999-06-25,13.376,392
1999-06-26,13.381,392
1999-06-27,13.251,392
1999-06-28,13.155,392
1999-06-29,13.064,392
1999-06-30,12.999,392
1999-07-01,12.993,392
1999-07-02,13.004,392
1999-07-03,12.921,392
1999-07-04,13.811,392
1999-07-05,13.865,392
1999-07-06,13.855,392
1999-07-07,13.702,392
1999-07-08,13.616,392
1999-07-09,13.568,392
1999-07-10,13.407,392
1999-07-11,12.879,392
1999-07-12,12.467,392
1999-07-13,12.233,392
1999-07-14,12.226,392
1999-07-15,12.292,392
1999-07-16,12.431,392
1999-07-17,12.553,392
1999-07-18,12.702,392
1999-07-19,12.477,392
1999-07-20,12.622,392
1999-07-21,12.66,392
1999-07-22,12.727,392
1999-07-23,12.907,392
1999-07-24,12.936,392
1999-07-25,12.776,392
1999-07-26,12.758,392
1999-07-27,12.744,392
1999-07-28,12.847,392
1999-07-29,13.083,392
1999-07-30,13.161,392
1999-07-31,13.211,392
1999-08-01,13.349,392
1999-08-02,13.971,392
1999-08-03,14.063,392
1999-08-04,14.182,392
1999-08-05,14.076,392
1999-08-06,13.877,392
1999-08-07,13.325,392
1999-08-08,13.236,392
1999-08-09,13.154,392
1999-08-10,13.103,392
1999-08-11,13.542,392
1999-08-12,13.929,392
1999-08-13,14.091,392
1999-08-14,14.151,392
1999-08-15,14.15,392
1999-08-16,14.442,392
1999-08-17,14.522,392
1999-08-18,14.574,392
1999-08-19,14.57,392
1999-08-20,15.295,392
1999-08-21,15.441,392
1999-08-22,15.411,392
1999-08-23,15.398,392
1999-08-24,14.933,392
1999-08-25,14.031,392
1999-08-26,13.926,392
1999-08-27,13.95,392
1999-08-28,13.981,392
1999-08-29,13.869,392
1999-08-30,13.641,392
1999-08-31,13.369,392
1999-09-01,13.076,392
1999-09-02,13.424,392
1999-09-03,13.518,392
1999-09-04,13.522,392
1999-09-05,13.275,392
1999-09-06,13.363,392
1999-09-07,13.233,392
1999-09-08,13.181,392
1999-09-09,12.81,392
1999-09-10,12.49,392
1999-09-11,12.17,392
1999-09-12,12.476,392
1999-09-13,12.782,392
1999-09-14,13.04,392
1999-09-15,12.705,392
1999-09-16,12.65,392
1999-09-17,12.181,392
1999-09-18,12.388,392
1999-09-19,12.404,392
1999-09-20,12.337,392
1999-09-21,11.766,392
1999-09-22,11.715,392
1999-09-23,11.674,392
1999-09-24,11.275,392
1999-09-25,10.983,392
1999-09-26,10.863,392
1999-09-27,10.845,392
1999-09-28,11.012,392
1999-09-29,11.141,392
1999-09-30,10.975,392
1999-10-01,10.744,392
1999-10-02,10.729,392
1999-10-03,10.742,392
1999-10-04,10.716,392
1999-10-05,10.68,392
1999-10-06,10.74,392
1999-10-07,11.237,392
1999-10-08,11.288,392
1999-10-09,11.147,392
1999-10-10,10.99,392
1999-10-11,11.033,392
1999-10-12,11.696,392
1999-10-13,11.786,392
1999-10-14,11.464,392
1999-10-15,11.342,392
1999-10-16,11.187,392
1999-10-17,11.042,392
1999-10-18,10.906,392
1999-10-19,10.874,392
1999-10-20,11.08,392
1999-10-21,11.229,392
1999-10-22,11.257,392
1999-10-23,11.189,392
1999-10-24,11.182,392
1999-10-25,11.207,392
1999-10-26,11.396,392
1999-10-27,11.359,392
1999-10-28,11.076,392
1999-10-29,10.927,392
1999-10-30,10.767,392
1999-10-31,10.742,392
1999-11-01,10.727,392
1999-11-02,10.572,392
1999-11-03,10.347,392
1999-11-04,10.416,392
1999-11-05,10.355,392
1999-11-06,10.264,392
1999-11-07,10.45,392
1999-11-08,10.634,392
1999-11-09,10.75,392
1999-11-10,10.774,392
1999-11-11,11.18,392
1999-11-12,11.186,392
1999-11-13,11.133,392
1999-11-14,11.018,392
1999-11-15,10.942,392
1999-11-16,10.92,392
1999-11-17,10.947,392
1999-11-18,10.933,392
1999-11-19,10.835,392
1999-11-20,10.875,392
1999-11-21,10.833,392
1999-11-22,10.777,392
1999-11-23,10.763,392
1999-11-24,10.675,392
1999-11-25,10.443,392
1999-11-26,10.394,392
1999-11-27,10.408,392
1999-11-28,10.558,392
1999-11-29,10.549,392
1999-11-30,10.493,392
1999-12-01,10.523,392
1999-12-02,10.574,392
1999-12-03,10.544,392
1999-12-04,10.439,392
1999-12-05,10.377,392
1999-12-06,10.463,392
1999-12-07,10.441,392
1999-12-08,10.427,392
1999-12-09,10.374,392
1999-12-10,10.284,392
1999-12-11,10.204,392
1999-12-12,10.185,392
1999-12-13,10.105,392
1999-12-14,9.999,392
1999-12-15,10.02,392
1999-12-16,9.965,392
1999-12-17,9.89,392
1999-12-18,9.852,392
1999-12-19,9.757,392
1999-12-20,9.72,392
1999-12-21,9.531,392
1999-12-22,9.402,392
1999-12-23,9.426,392
1999-12-24,9.374,392
1999-12-25,9.181,392
1999-12-26,8.955,392
1999-12-27,8.895,392
1999-12-28,8.892,392
1999-12-29,9.047,392
1999-12-30,9.202,392
1999-12-31,9.241,392
2000-01-01,8.9,392
2000-01-02,8.85,392
2000-01-03,8.821,392
2000-01-04,8.881,392
2000-01-05,8.884,392
2000-01-06,8.896,392
2000-01-07,8.902,392
2000-01-08,9.154,392
2000-01-09,9.138,392
2000-01-10,9.077,392
2000-01-11,8.856,392
2000-01-12,8.763,392
2000-01-13,8.719,392
2000-01-14,8.624,392
2000-01-15,8.611,392
2000-01-16,8.639,392
2000-01-17,8.562,392
2000-01-18,8.552,392
2000-01-19,8.561,392
2000-01-20,8.578,392
2000-01-21,8.553,392
2000-01-22,8.537,392
2000-01-23,8.335,392
2000-01-24,8.237,392
2000-01-25,8.223,392
2000-01-26,8.155,392
2000-01-27,8.354,392
2000-01-28,8.359,392
2000-01-29,8.449,392
2000-01-30,8.536,392
2000-01-31,8.541,392
2000-02-01,8.515,392
2000-02-02,8.534,392
2000-02-03,8.374,392
2000-02-04,8.457,392
2000-02-05,8.48,392
2000-02-06,8.585,392
2000-02-07,8.659,392
2000-02-08,8.681,392
2000-02-09,8.589,392
2000-02-10,8.543,392
2000-02-11,8.46,392
2000-02-12,8.455,392
2000-02-13,8.452,392
2000-02-14,8.449,392
2000-02-15,9.051,392
2000-02-16,8.882,392
2000-02-17,8.677,392
2000-02-18,7.916,392
2000-02-19,7.979,392
2000-02-20,8.059,392
2000-02-21,8.211,392
2000-02-22,8.285,392
2000-02-23,8.325,392
2000-02-24,8.328,392
2000-02-25,8.353,392
2000-02-26,8.417,392
2000-02-27,8.531,392
2000-02-28,8.59,392
2000-02-29,8.682,392
2000-03-01,8.807,392
2000-03-02,8.82,392
2000-03-03,9.373,392
2000-03-04,9.369,392
2000-03-05,9.137,392
2000-03-06,9.046,392
2000-03-07,8.949,392
2000-03-08,8.934,392
2000-03-09,8.949,392
2000-03-10,8.94,392
2000-03-11,8.926,392
2000-03-12,8.936,392
2000-03-13,9.062,392
2000-03-14,9.077,392
2000-03-15,9.093,392
2000-03-16,9.024,392
2000-03-17,9.045,392
2000-03-18,8.979,392
2000-03-19,9.024,392
2000-03-20,9.029,392
2000-03-21,9.005,392
2000-03-22,8.983,392
2000-03-23,9.014,392
2000-03-24,9.041,392
2000-03-25,9.083,392
2000-03-26,9.105,392
2000-03-27,9.114,392
2000-03-28,8.942,392
2000-03-29,8.691,392
2000-03-30,8.66,392
2000-03-31,8.563,392
2000-04-01,8.585,392
2000-04-02,8.627,392
2000-04-03,8.646,392
2000-04-04,8.619,392
2000-04-05,8.661,392
2000-04-06,9.136,392
2000-04-07,9.11,392
2000-04-08,9.081,392
2000-04-09,8.747,392
2000-04-10,8.945,392
2000-04-11,9.108,392
2000-04-12,9.24,392
2000-04-13,9.375,392
2000-04-14,9.536,392
2000-04-15,10.323,392
2000-04-16,10.336,392
2000-04-17,10.302,392
2000-04-18,10.113,392
2000-04-19,10.214,392
2000-04-20,10.286,392
2000-04-21,10.338,392
2000-04-22,10.364,392
2000-04-23,10.242,392
2000-04-24,10.232,392
2000-04-25,10.247,392
2000-04-26,10.23,392
2000-04-27,10.056,392
2000-04-28,10.012,392
2000-04-29,10.03,392
2000-04-30,10.127,392
2000-05-01,10.15,392
2000-05-02,10.121,392
2000-05-03,10.122,392
2000-05-04,10.602,392
2000-05-05,10.668,392
2000-05-06,10.799,392
2000-05-07,10.944,392
2000-05-08,11.049,392
2000-05-09,11.051,392
2000-05-10,11.038,392
2000-05-11,11.056,392
2000-05-12,11.118,392
2000-05-13,11.249,392
2000-05-14,12.388,392
2000-05-15,12.425,392
2000-05-16,12.425,392
2000-05-17,12.259,392
2000-05-18,12.246,392
2000-05-19,12.127,392
2000-05-20,12.106,392
2000-05-21,12.111,392
2000-05-22,12.023,392
2000-05-23,12.082,392
2000-05-24,12.131,392
2000-05-25,12.191,392
2000-05-26,12.203,392
2000-05-27,12.129,392
2000-05-28,12.099,392
2000-05-29,12.14,392
2000-05-30,12.273,392
2000-05-31,12.289,392
2000-06-01,12.053,392
2000-06-02,12.027,392
2000-06-03,12.045,392
2000-06-04,12.066,392
2000-06-05,12.132,392
2000-06-06,12.253,392
2000-06-07,12.436,392
2000-06-08,12.526,392
2000-06-09,12.539,392
2000-06-10,12.479,392
2000-06-11,12.413,392
2000-06-12,12.356,392
2000-06-13,12.387,392
2000-06-14,13.001,392
2000-06-15,13.206,392
2000-06-16,13.487,392
2000-06-17,14.058,392
2000-06-18,13.404,392
2000-06-19,13.282,392
2000-06-20,13.244,392
2000-06-21,13.196,392
2000-06-22,13.138,392
2000-06-23,13.074,392
2000-06-24,12.704,392
2000-06-25,12.514,392
2000-06-26,12.4,392
2000-06-27,12.441,392
2000-06-28,12.405,392
2000-06-29,12.353,392
2000-06-30,12.375,392
2000-07-01,12.528,392
2000-07-02,12.612,392
2000-07-03,12.633,392
2000-07-04,12.734,392
2000-07-05,13.537,392
2000-07-06,13.682,392
2000-07-07,13.703,392
2000-07-08,13.681,392
2000-07-09,13.738,392
2000-07-10,13.059,392
2000-07-11,13.037,392
2000-07-12,13.032,392
2000-07-13,13.11,392
2000-07-14,13.207,392
2000-07-15,13.186,392
2000-07-16,12.97,392
2000-07-17,12.991,392
2000-07-18,13.178,392
2000-07-19,12.951,392
2000-07-20,12.926,392
2000-07-21,12.871,392
2000-07-22,12.813,392
2000-07-23,12.937,392
2000-07-24,13.079,392
2000-07-25,13.08,392
2000-07-26,13.07,392
2000-07-27,13.271,392
2000-07-28,13.499,392
2000-07-29,15.137,392
2000-07-30,15.159,392
2000-07-31,14.902,392
2000-08-01,14.58,392
2000-08-02,14.493,392
2000-08-03,14.039,392
2000-08-04,14.09,392
2000-08-05,14.097,392
2000-08-06,13.968,392
2000-08-07,13.94,392
2000-08-08,13.902,392
2000-08-09,13.844,392
2000-08-10,13.326,392
2000-08-11,13.608,392
2000-08-12,13.587,392
2000-08-13,13.632,392
2000-08-14,13.76,392
2000-08-15,13.801,392
2000-08-16,13.808,392
2000-08-17,13.251,392
2000-08-18,13.163,392
2000-08-19,13.147,392
2000-08-20,13.279,392
2000-08-21,13.325,392
2000-08-22,13.301,392
2000-08-23,13.239,392
2000-08-24,13.369,392
2000-08-25,13.527,392
2000-08-26,13.845,392
2000-08-27,13.828,392
2000-08-28,13.769,392
2000-08-29,13.626,392
2000-08-30,12.762,392
2000-08-31,12.658,392
2000-09-01,12.672,392
2000-09-02,13.223,392
2000-09-03,13.34,392
2000-09-04,13.336,392
2000-09-05,13.771,392
2000-09-06,13.765,392
2000-09-07,13.736,392
2000-09-08,13.569,392
2000-09-09,13.278,392
2000-09-10,13.155,392
2000-09-11,13.074,392
2000-09-12,13.794,392
2000-09-13,13.872,392
2000-09-14,13.765,392
2000-09-15,13.455,392
2000-09-16,13.315,392
2000-09-17,13.306,392
2000-09-18,13.467,392
2000-09-19,13.46,392
2000-09-20,13.475,392
2000-09-21,13.475,392
2000-09-22,13.465,392
2000-09-23,13.462,392
2000-09-24,13.457,392
2000-09-25,14.038,392
2000-09-26,14.081,392
2000-09-27,14.024,392
2000-09-28,13.884,392
2000-09-29,13.62,392
2000-09-30,13.501,392
2000-10-01,13.585,392
2000-10-02,13.589,392
2000-10-03,13.506,392
2000-10-04,13.017,392
2000-10-05,12.844,392
2000-10-06,12.789,392
2000-10-07,12.745,392
2000-10-08,12.621,392
2000-10-09,12.446,392
2000-10-10,12.42,392
2000-10-11,12.415,392
2000-10-12,12.332,392
2000-10-13,12.272,392
2000-10-14,12.181,392
2000-10-15,12.122,392
2000-10-16,11.961,392
2000-10-17,11.813,392
2000-10-18,11.713,392
2000-10-19,11.65,392
2000-10-20,11.808,392
2000-10-21,11.816,392
2000-10-22,11.829,392
2000-10-23,11.819,392
2000-10-24,11.78,392
2000-10-25,11.705,392
2000-10-26,11.66,392
2000-10-27,11.591,392
2000-10-28,11.454,392
2000-10-29,11.391,392
2000-10-30,11.499,392
2000-10-31,11.495,392
2000-11-01,11.459,392
2000-11-02,11.389,392
2000-11-03,11.339,392
2000-11-04,11.3,392
2000-11-05,11.024,392
2000-11-06,10.981,392
2000-11-07,10.985,392
2000-11-08,10.585,392
2000-11-09,10.579,392
2000-11-10,10.572,392
2000-11-11,10.516,392
2000-11-12,10.536,392
2000-11-13,10.495,392
2000-11-14,10.158,392
2000-11-15,10.082,392
2000-11-16,10.061,392
2000-11-17,10.032,392
2000-11-18,9.992,392
2000-11-19,9.92,392
2000-11-20,9.859,392
2000-11-21,9.535,392
2000-11-22,9.452,392
2000-11-23,9.469,392
2000-11-24,9.611,392
2000-11-25,9.639,392
2000-11-26,9.648,392
2000-11-27,9.668,392
2000-11-28,9.687,392
2000-11-29,9.702,392
2000-11-30,9.665,392
2000-12-01,9.622,392
2000-12-02,9.634,392
2000-12-03,9.584,392
2000-12-04,9.49,392
2000-12-05,9.395,392
2000-12-06,9.348,392
2000-12-07,9.365,392
2000-12-08,9.371,392
2000-12-09,9.417,392
2000-12-10,9.416,392
2000-12-11,9.356,392
2000-12-12,9.292,392
2000-12-13,9.169,392
2000-12-14,9.088,392
2000-12-15,9.141,392
2000-12-16,9.148,392
2000-12-17,9.124,392
2000-12-18,9.126,392
2000-12-19,9.06,392
2000-12-20,9.041,392
2000-12-21,9.043,392
2000-12-22,9.021,392
2000-12-23,8.995,392
2000-12-24,9.002,392
2000-12-25,9.004,392
2000-12-26,8.577,392
2000-12-27,8.563,392
2000-12-28,8.52,392
2000-12-29,8.584,392
2000-12-30,8.638,392
2000-12-31,8.689,392
2001-01-01,8.699,392
2001-01-02,8.74,392
2001-01-03,8.722,392
2001-01-04,8.764,392
2001-01-05,8.751,392
2001-01-06,8.758,392
2001-01-07,8.803,392
2001-01-08,8.85,392
2001-01-09,8.87,392
2001-01-10,8.832,392
2001-01-11,8.558,392
2001-01-12,8.492,392
2001-01-13,8.472,392
2001-01-14,8.001,392
2001-01-15,7.917,392
2001-01-16,7.875,392
2001-01-17,7.934,392
2001-01-18,7.937,392
2001-01-19,8.022,392
2001-01-20,8.061,392
2001-01-21,8.133,392
2001-01-22,8.184,392
2001-01-23,8.209,392
2001-01-24,8.214,392
2001-01-25,8.251,392
2001-01-26,8.233,392
2001-01-27,8.267,392
2001-01-28,8.564,392
2001-01-29,8.713,392
2001-01-30,8.756,392
2001-01-31,8.768,392
2001-02-01,8.774,392
2001-02-02,8.734,392
2001-02-03,8.663,392
2001-02-04,8.691,392
2001-02-05,8.841,392
2001-02-06,8.92,392
2001-02-07,8.947,392
2001-02-08,8.203,392
2001-02-09,8.106,392
2001-02-10,8.129,392
2001-02-11,8.24,392
2001-02-12,8.135,392
2001-02-13,8.06,392
2001-02-14,8.061,392
2001-02-15,8.103,392
2001-02-16,8.121,392
2001-02-17,8.149,392
2001-02-18,8.54,392
2001-02-19,8.496,392
2001-02-20,8.452,392
2001-02-21,8.473,392
2001-02-22,8.55,392
2001-02-23,8.552,392
2001-02-24,8.306,392
2001-02-25,8.261,392
2001-02-26,8.18,392
2001-02-27,7.896,392
2001-02-28,7.922,392
2001-03-01,8.055,392
2001-03-02,8.129,392
2001-03-03,8.03,392
2001-03-04,7.988,392
2001-03-05,8.367,392
2001-03-06,8.803,392
2001-03-07,8.932,392
2001-03-08,9.074,392
2001-03-09,8.71,392
2001-03-10,8.69,392
2001-03-11,8.686,392
2001-03-12,8.806,392
2001-03-13,8.726,392
2001-03-14,8.632,392
2001-03-15,8.596,392
2001-03-16,8.557,392
2001-03-17,8.595,392
2001-03-18,8.591,392
2001-03-19,8.484,392
2001-03-20,8.503,392
2001-03-21,8.487,392
2001-03-22,8.441,392
2001-03-23,8.361,392
2001-03-24,8.364,392
2001-03-25,8.33,392
2001-03-26,8.321,392
2001-03-27,8.333,392
2001-03-28,8.372,392
2001-03-29,8.436,392
2001-03-30,8.523,392
2001-03-31,8.665,392
2001-04-01,8.613,392
2001-04-02,8.598,392
2001-04-03,8.582,392
2001-04-04,8.633,392
2001-04-05,8.659,392
2001-04-06,8.705,392
2001-04-07,9.469,392
2001-04-08,9.502,392
2001-04-09,9.505,392
2001-04-10,9.064,392
2001-04-11,9.043,392
2001-04-12,9.034,392
2001-04-13,8.517,392
2001-04-14,8.482,392
2001-04-15,8.473,392
2001-04-16,8.485,392
2001-04-17,8.626,392
2001-04-18,8.737,392
2001-04-19,9.074,392
2001-04-20,9.103,392
2001-04-21,9.102,392
2001-04-22,9.24,392
2001-04-23,9.29,392
2001-04-24,9.378,392
2001-04-25,9.569,392
2001-04-26,9.706,392
2001-04-27,9.769,392
2001-04-28,9.789,392
2001-04-29,9.879,392
2001-04-30,9.891,392
2001-05-01,9.999,392
2001-05-02,10.158,392
2001-05-03,10.281,392
2001-05-04,10.055,392
2001-05-05,9.979,392
2001-05-06,9.978,392
2001-05-07,10.096,392
2001-05-08,10.136,392
2001-05-09,10.089,392
2001-05-10,10.114,392
2001-05-11,10.223,392
2001-05-12,10.277,392
2001-05-13,10.317,392
2001-05-14,10.412,392
2001-05-15,10.426,392
2001-05-16,10.473,392
2001-05-17,10.544,392
2001-05-18,11.158,392
2001-05-19,11.15,392
2001-05-20,11.115,392
2001-05-21,11.06,392
2001-05-22,11.076,392
2001-05-23,11.205,392
2001-05-24,11.517,392
2001-05-25,11.608,392
2001-05-26,11.677,392
2001-05-27,11.665,392
2001-05-28,11.434,392
2001-05-29,11.421,392
2001-05-30,11.501,392
2001-05-31,11.647,392
2001-06-01,11.609,392
2001-06-02,11.546,392
2001-06-03,11.606,392
2001-06-04,11.668,392
2001-06-05,11.794,392
2001-06-06,12.797,392
2001-06-07,12.92,392
2001-06-08,12.944,392
2001-06-09,12.376,392
2001-06-10,12.289,392
2001-06-11,12.184,392
2001-06-12,12.354,392
2001-06-13,12.398,392
2001-06-14,12.433,392
2001-06-15,12.235,392
2001-06-16,12.172,392
2001-06-17,12.119,392
2001-06-18,12.064,392
2001-06-19,12.472,392
2001-06-20,12.688,392
2001-06-21,12.812,392
2001-06-22,12.786,392
2001-06-23,12.831,392
2001-06-24,12.805,392
2001-06-25,12.929,392
2001-06-26,13.047,392
2001-06-27,13.042,392
2001-06-28,13.131,392
2001-06-29,13.237,392
2001-06-30,13.217,392
2001-07-01,13.546,392
2001-07-02,13.876,392
2001-07-03,13.903,392
2001-07-04,13.534,392
2001-07-05,13.02,392
2001-07-06,12.736,392
2001-07-07,12.735,392
2001-07-08,12.471,392
2001-07-09,12.434,392
2001-07-10,12.073,392
2001-07-11,12.126,392
2001-07-12,12.146,392
2001-07-13,11.917,392
2001-07-14,11.978,392
2001-07-15,12.034,392
2001-07-16,12.355,392
2001-07-17,12.753,392
2001-07-18,12.989,392
2001-07-19,13.063,392
2001-07-20,13.142,392
2001-07-21,13.344,392
2001-07-22,13.365,392
2001-07-23,13.142,392
2001-07-24,13.026,392
2001-07-25,12.865,392
2001-07-26,12.383,392
2001-07-27,12.387,392
2001-07-28,12.43,392
2001-07-29,12.62,392
2001-07-30,12.651,392
2001-07-31,12.75,392
2001-08-01,12.848,392
2001-08-02,12.892,392
2001-08-03,12.899,392
2001-08-04,12.994,392
2001-08-05,13.272,392
2001-08-06,13.417,392
2001-08-07,13.501,392
2001-08-08,13.43,392
2001-08-09,13.426,392
2001-08-10,13.52,392
2001-08-11,13.459,392
2001-08-12,13.602,392
2001-08-13,13.484,392
2001-08-14,13.424,392
2001-08-15,13.394,392
2001-08-16,13.433,392
2001-08-17,13.593,392
2001-08-18,13.783,392
2001-08-19,13.864,392
2001-08-20,13.825,392
2001-08-21,13.75,392
2001-08-22,13.758,392
2001-08-23,13.703,392
2001-08-24,13.801,392
2001-08-25,15.013,392
2001-08-26,15.225,392
2001-08-27,15.28,392
2001-08-28,15.179,392
2001-08-29,15.151,392
2001-08-30,15.081,392
2001-08-31,14.636,392
2001-09-01,14.602,392
2001-09-02,14.706,392
2001-09-03,14.653,392
2001-09-04,14.656,392
2001-09-05,14.598,392
2001-09-06,14.585,392
2001-09-07,14.538,392
2001-09-08,14.456,392
2001-09-09,14.074,392
2001-09-10,14.02,392
2001-09-11,13.734,392
2001-09-12,13.403,392
2001-09-13,13.347,392
2001-09-14,13.303,392
2001-09-15,13.309,392
2001-09-16,13.262,392
2001-09-17,13.241,392
2001-09-18,13.074,392
2001-09-19,13.033,392
2001-09-20,13.052,392
2001-09-21,13.02,392
2001-09-22,13.24,392
2001-09-23,13.195,392
2001-09-24,13.14,392
2001-09-25,13.038,392
2001-09-26,12.971,392
2001-09-27,12.846,392
2001-09-28,12.828,392
2001-09-29,12.797,392
2001-09-30,12.817,392
2001-10-01,12.775,392
2001-10-02,12.353,392
2001-10-03,12.254,392
2001-10-04,12.167,392
2001-10-05,12.055,392
2001-10-06,12.017,392
2001-10-07,12.052,392
2001-10-08,11.994,392
2001-10-09,11.964,392
2001-10-10,11.858,392
2001-10-11,11.786,392
2001-10-12,11.781,392
2001-10-13,11.756,392
2001-10-14,11.728,392
2001-10-15,11.716,392
2001-10-16,11.676,392
2001-10-17,11.646,392
2001-10-18,11.5,392
2001-10-19,11.501,392
2001-10-20,11.496,392
2001-10-21,11.496,392
2001-10-22,11.318,392
2001-10-23,11.209,392
2001-10-24,11.164,392
2001-10-25,11.113,392
2001-10-26,11.072,392
2001-10-27,11.062,392
2001-10-28,10.959,392
2001-10-29,10.908,392
2001-10-30,10.852,392
2001-10-31,10.869,392
2001-11-01,10.066,392
2001-11-02,10.038,392
2001-11-03,10.028,392
2001-11-04,10.149,392
2001-11-05,10.179,392
2001-11-06,10.039,392
2001-11-07,10.059,392
2001-11-08,10.136,392
2001-11-09,10.514,392
2001-11-10,10.571,392
2001-11-11,10.573,392
2001-11-12,10.529,392
2001-11-13,10.461,392
2001-11-14,10.37,392
2001-11-15,10.671,392
2001-11-16,10.658,392
2001-11-17,10.674,392
2001-11-18,10.639,392
2001-11-19,10.565,392
2001-11-20,10.519,392
2001-11-21,10.49,392
2001-11-22,10.526,392
2001-11-23,10.493,392
2001-11-24,10.452,392
2001-11-25,10.267,392
2001-11-26,10.202,392
2001-11-27,10.163,392
2001-11-28,10.141,392
2001-11-29,10.124,392
2001-11-30,10.052,392
2001-12-01,9.988,392
2001-12-02,9.719,392
2001-12-03,9.689,392
2001-12-04,9.661,392
2001-12-05,9.643,392
2001-12-06,9.649,392
2001-12-07,9.666,392
2001-12-08,9.627,392
2001-12-09,9.607,392
2001-12-10,9.559,392
2001-12-11,9.506,392
2001-12-12,9.484,392
2001-12-13,9.393,392
2001-12-14,9.3,392
2001-12-15,9.317,392
2001-12-16,9.545,392
2001-12-17,9.556,392
2001-12-18,9.559,392
2001-12-19,9.427,392
2001-12-20,9.369,392
2001-12-21,9.366,392
2001-12-22,9.295,392
2001-12-23,9.235,392
2001-12-24,9.076,392
2001-12-25,9.062,392
2001-12-26,9.021,392
2001-12-27,9.034,392
2001-12-28,9.014,392
2001-12-29,8.928,392
2001-12-30,8.924,392
2001-12-31,8.907,392
2002-01-01,8.856,392
2002-01-02,8.955,392
2002-01-03,8.964,392
2002-01-04,9.001,392
2002-01-05,8.965,392
2002-01-06,8.976,392
2002-01-07,9.03,392
2002-01-08,9.115,392
2002-01-09,9.144,392
2002-01-10,9.149,392
2002-01-11,9.274,392
2002-01-12,9.452,392
2002-01-13,9.428,392
2002-01-14,9.324,392
2002-01-15,9.169,392
2002-01-16,9.104,392
2002-01-17,9.051,392
2002-01-18,8.952,392
2002-01-19,8.949,392
2002-01-20,8.73,392
2002-01-21,8.828,392
2002-01-22,8.853,392
2002-01-23,8.823,392
2002-01-24,8.707,392
2002-01-25,8.681,392
2002-01-26,8.616,392
2002-01-27,8.349,392
2002-01-28,8.208,392
2002-01-29,8.192,392
2002-01-30,8.221,392
2002-01-31,8.278,392
2002-02-01,8.321,392
2002-02-02,8.332,392
2002-02-03,8.343,392
2002-02-04,8.404,392
2002-02-05,8.398,392
2002-02-06,8.494,392
2002-02-07,8.556,392
2002-02-08,8.575,392
2002-02-09,8.51,392
2002-02-10,8.39,392
2002-02-11,8.287,392
2002-02-12,8.235,392
2002-02-13,7.536,392
2002-02-14,7.864,392
2002-02-15,7.981,392
2002-02-16,8.049,392
2002-02-17,8.123,392
2002-02-18,8.195,392
2002-02-19,8.359,392
2002-02-20,8.378,392
2002-02-21,8.382,392
2002-02-22,8.419,392
2002-02-23,8.559,392
2002-02-24,8.518,392
2002-02-25,8.572,392
2002-02-26,8.578,392
2002-02-27,8.53,392
2002-02-28,8.426,392
2002-03-01,8.435,392
2002-03-02,8.341,392
2002-03-03,8.312,392
2002-03-04,8.32,392
2002-03-05,8.268,392
2002-03-06,8.268,392
2002-03-07,8.24,392
2002-03-08,8.292,392
2002-03-09,8.343,392
2002-03-10,8.359,392
2002-03-11,8.419,392
2002-03-12,8.453,392
2002-03-13,8.491,392
2002-03-14,8.499,392
2002-03-15,8.535,392
2002-03-16,7.797,392
2002-03-17,7.654,392
2002-03-18,7.656,392
2002-03-19,7.775,392
2002-03-20,7.88,392
2002-03-21,7.937,392
2002-03-22,8.029,392
2002-03-23,8.464,392
2002-03-24,8.562,392
2002-03-25,8.622,392
2002-03-26,8.655,392
2002-03-27,8.659,392
2002-03-28,8.657,392
2002-03-29,8.606,392
2002-03-30,8.65,392
2002-03-31,8.49,392
2002-04-01,8.527,392
2002-04-02,8.271,392
2002-04-03,8.112,392
2002-04-04,8.031,392
2002-04-05,7.792,392
2002-04-06,8.02,392
2002-04-07,8.262,392
2002-04-08,8.284,392
2002-04-09,8.276,392
2002-04-10,8.464,392
2002-04-11,8.593,392
2002-04-12,8.768,392
2002-04-13,8.862,392
2002-04-14,8.955,392
2002-04-15,9.028,392
2002-04-16,8.596,392
2002-04-17,8.566,392
2002-04-18,8.611,392
2002-04-19,8.808,392
2002-04-20,8.957,392
2002-04-21,9.181,392
2002-04-22,9.532,392
2002-04-23,9.494,392
2002-04-24,9.495,392
2002-04-25,9.482,392
2002-04-26,9.521,392
2002-04-27,9.692,392
2002-04-28,9.818,392
2002-04-29,9.862,392
2002-04-30,9.77,392
2002-05-01,9.849,392
2002-05-02,9.409,392
2002-05-03,9.445,392
2002-05-04,9.476,392
2002-05-05,9.026,392
2002-05-06,9.263,392
2002-05-07,9.304,392
2002-05-08,9.364,392
2002-05-09,10.057,392
2002-05-10,10.061,392
2002-05-11,10.016,392
2002-05-12,9.928,392
2002-05-13,9.906,392
2002-05-14,10.064,392
2002-05-15,10.168,392
2002-05-16,10.029,392
2002-05-17,10.058,392
2002-05-18,10.061,392
2002-05-19,10.076,392
2002-05-20,10.475,392
2002-05-21,10.595,392
2002-05-22,10.944,392
2002-05-23,11.064,392
2002-05-24,11.135,392
2002-05-25,11.287,392
2002-05-26,11.4,392
2002-05-27,11.422,392
2002-05-28,11.457,392
2002-05-29,11.644,392
2002-05-30,11.839,392
2002-05-31,11.967,392
2002-06-01,12.6,392
2002-06-02,12.637,392
2002-06-03,12.641,392
2002-06-04,12.587,392
2002-06-05,12.57,392
2002-06-06,12.266,392
2002-06-07,12.171,392
2002-06-08,12.092,392
2002-06-09,11.949,392
2002-06-10,11.944,392
2002-06-11,11.949,392
2002-06-12,11.979,392
2002-06-13,12.047,392
2002-06-14,12.162,392
2002-06-15,12.253,392
2002-06-16,12.392,392
2002-06-17,12.641,392
2002-06-18,12.707,392
2002-06-19,12.714,392
2002-06-20,12.973,392
2002-06-21,13.009,392
2002-06-22,13.033,392
2002-06-23,13.038,392
2002-06-24,13.166,392
2002-06-25,14.31,392
2002-06-26,14.403,392
2002-06-27,14.42,392
2002-06-28,13.71,392
2002-06-29,13.654,392
2002-06-30,13.49,392
2002-07-01,13.513,392
2002-07-02,13.559,392
2002-07-03,13.622,392
2002-07-04,13.573,392
2002-07-05,13.59,392
2002-07-06,13.543,392
2002-07-07,13.653,392
2002-07-08,14.163,392
2002-07-09,13.949,392
2002-07-10,13.807,392
2002-07-11,13.561,392
2002-07-12,13.247,392
2002-07-13,12.747,392
2002-07-14,12.457,392
2002-07-15,12.457,392
2002-07-16,12.566,392
2002-07-17,12.788,392
2002-07-18,14.072,392
2002-07-19,14.624,392
2002-07-20,13.859,392
2002-07-21,13.394,392
2002-07-22,13.442,392
2002-07-23,13.454,392
2002-07-24,12.937,392
2002-07-25,13.621,392
2002-07-26,13.311,392
2002-07-27,13.066,392
2002-07-28,12.885,392
2002-07-29,12.596,392
2002-07-30,12.711,392
2002-07-31,12.894,392
2002-08-01,12.838,392
2002-08-02,12.632,392
2002-08-03,12.746,392
2002-08-04,12.928,392
2002-08-05,13.208,392
2002-08-06,13.351,392
2002-08-07,13.532,392
2002-08-08,13.499,392
2002-08-09,13.523,392
2002-08-10,13.585,392
2002-08-11,13.402,392
2002-08-12,13.178,392
2002-08-13,12.681,392
2002-08-14,12.453,392
2002-08-15,12.207,392
2002-08-16,12.196,392
2002-08-17,12.123,392
2002-08-18,12.063,392
2002-08-19,11.954,392
2002-08-20,11.971,392
2002-08-21,12.158,392
2002-08-22,12.218,392
2002-08-23,12.24,392
2002-08-24,12.389,392
2002-08-25,13.443,392
2002-08-26,13.606,392
2002-08-27,13.524,392
2002-08-28,13.227,392
2002-08-29,12.694,392
2002-08-30,12.603,392
2002-08-31,12.445,392
2002-09-01,12.477,392
2002-09-02,12.559,392
2002-09-03,12.504,392
2002-09-04,13.04,392
2002-09-05,13.435,392
2002-09-06,13.591,392
2002-09-07,13.695,392
2002-09-08,13.579,392
2002-09-09,13.891,392
2002-09-10,14.231,392
2002-09-11,14.5,392
2002-09-12,14.589,392
2002-09-13,14.61,392
2002-09-14,14.482,392
2002-09-15,14.301,392
2002-09-16,14.052,392
2002-09-17,14.251,392
2002-09-18,14.334,392
2002-09-19,13.802,392
2002-09-20,13.565,392
2002-09-21,13.503,392
2002-09-22,13.426,392
2002-09-23,13.4,392
2002-09-24,13.799,392
2002-09-25,14.185,392
2002-09-26,14.105,392
2002-09-27,13.637,392
2002-09-28,12.539,392
2002-09-29,11.673,392
2002-09-30,11.171,392
2002-10-01,11.057,392
2002-10-02,11.109,392
2002-10-03,11.219,392
2002-10-04,11.203,392
2002-10-05,11.191,392
2002-10-06,11.144,392
2002-10-07,11.109,392
2002-10-08,10.811,392
2002-10-09,10.373,392
2002-10-10,10.362,392
2002-10-11,10.292,392
2002-10-12,9.908,392
2002-10-13,9.868,392
2002-10-14,9.923,392
2002-10-15,10.234,392
2002-10-16,10.388,392
2002-10-17,10.601,392
2002-10-18,10.552,392
2002-10-19,10.569,392
2002-10-20,10.717,392
2002-10-21,10.993,392
2002-10-22,10.656,392
2002-10-23,10.626,392
2002-10-24,10.518,392
2002-10-25,10.569,392
2002-10-26,10.588,392
2002-10-27,10.658,392
2002-10-28,10.756,392
2002-10-29,10.712,392
2002-10-30,10.636,392
2002-10-31,10.366,392
2002-11-01,10.327,392
2002-11-02,10.283,392
2002-11-03,10.236,392
2002-11-04,10.186,392
2002-11-05,10.106,392
2002-11-06,10.096,392
2002-11-07,10.197,392
2002-11-08,10.352,392
2002-11-09,10.516,392
2002-11-10,10.508,392
2002-11-11,10.51,392
2002-11-12,10.874,392
2002-11-13,10.841,392
2002-11-14,10.85,392
2002-11-15,10.987,392
2002-11-16,10.908,392
2002-11-17,10.833,392
2002-11-18,10.798,392
2002-11-19,11.058,392
2002-11-20,11.055,392
2002-11-21,11.061,392
2002-11-22,10.387,392
2002-11-23,10.884,392
2002-11-24,10.959,392
2002-11-25,11.018,392
2002-11-26,10.777,392
2002-11-27,10.748,392
2002-11-28,10.738,392
2002-11-29,10.658,392
2002-11-30,10.657,392
2002-12-01,10.645,392
2002-12-02,10.545,392
2002-12-03,10.436,392
2002-12-04,10.615,392
2002-12-05,10.485,392
2002-12-06,10.454,392
2002-12-07,10.405,392
2002-12-08,10.428,392
2002-12-09,10.413,392
2002-12-10,10.389,392
2002-12-11,10.349,392
2002-12-12,10.329,392
2002-12-13,10.184,392
2002-12-14,10.143,392
2002-12-15,10.094,392
2002-12-16,10.103,392
2002-12-17,10.165,392
2002-12-18,10.257,392
2002-12-19,10.208,392
2002-12-20,10.169,392
2002-12-21,10.141,392
2002-12-22,10.092,392
2002-12-23,10.011,392
2002-12-24,9.955,392
2002-12-25,9.978,392
2002-12-26,9.955,392
2002-12-27,9.913,392
2002-12-28,9.806,392
2002-12-29,9.803,392
2002-12-30,10.115,392
2002-12-31,10.287,392
2003-01-01,10.297,392
2003-01-02,10.288,392
2003-01-03,10.356,392
2003-01-04,10.802,392
2003-01-05,10.985,392
2003-01-06,10.852,392
2003-01-07,10.793,392
2003-01-08,10.683,392
2003-01-09,10.59,392
2003-01-10,10.561,392
2003-01-11,10.301,392
2003-01-12,10.181,392
2003-01-13,10.239,392
2003-01-14,10.202,392
2003-01-15,10.253,392
2003-01-16,9.828,392
2003-01-17,9.848,392
2003-01-18,9.882,392
2003-01-19,9.908,392
2003-01-20,9.819,392
2003-01-21,9.761,392
2003-01-22,9.72,392
2003-01-23,9.687,392
2003-01-24,9.621,392
2003-01-25,9.552,392
2003-01-26,9.641,392
2003-01-27,9.673,392
2003-01-28,9.665,392
2003-01-29,9.619,392
2003-01-30,9.598,392
2003-01-31,9.578,392
2003-02-01,9.549,392
2003-02-02,9.613,392
2003-02-03,9.714,392
2003-02-04,9.658,392
2003-02-05,9.609,392
2003-02-06,9.563,392
2003-02-07,9.231,392
2003-02-08,9.161,392
2003-02-09,9.239,392
2003-02-10,9.166,392
2003-02-11,9.173,392
2003-02-12,9.198,392
2003-02-13,9.384,392
2003-02-14,9.325,392
2003-02-15,9.313,392
2003-02-16,9.226,392
2003-02-17,9.206,392
2003-02-18,9.223,392
2003-02-19,9.271,392
2003-02-20,9.299,392
2003-02-21,9.314,392
2003-02-22,9.304,392
2003-02-23,9.17,392
2003-02-24,9.168,392
2003-02-25,9.157,392
2003-02-26,8.968,392
2003-02-27,8.95,392
2003-02-28,8.95,392
2003-03-01,9.078,392
2003-03-02,9.275,392
2003-03-03,9.31,392
2003-03-04,9.314,392
2003-03-05,9.321,392
2003-03-06,9.137,392
2003-03-07,9.022,392
2003-03-08,9.004,392
2003-03-09,9.06,392
2003-03-10,9.082,392
2003-03-11,9.105,392
2003-03-12,9.212,392
2003-03-13,9.38,392
2003-03-14,9.469,392
2003-03-15,9.513,392
2003-03-16,9.49,392
2003-03-17,9.935,392
2003-03-18,10.009,392
2003-03-19,10.016,392
2003-03-20,9.99,392
2003-03-21,9.929,392
2003-03-22,9.894,392
2003-03-23,9.898,392
2003-03-24,10.047,392
2003-03-25,10.046,392
2003-03-26,10.027,392
2003-03-27,9.905,392
2003-03-28,9.861,392
2003-03-29,9.858,392
2003-03-30,9.877,392
2003-03-31,9.894,392
2003-04-01,9.825,392
2003-04-02,9.768,392
2003-04-03,9.711,392
2003-04-04,9.616,392
2003-04-05,9.473,392
2003-04-06,9.342,392
2003-04-07,9.388,392
2003-04-08,9.584,392
2003-04-09,9.623,392
2003-04-10,9.642,392
2003-04-11,9.684,392
2003-04-12,9.773,392
2003-04-13,9.865,392
2003-04-14,9.915,392
2003-04-15,10.06,392
2003-04-16,10.075,392
2003-04-17,10.102,392
2003-04-18,10.089,392
2003-04-19,10.117,392
2003-04-20,10.105,392
2003-04-21,10.212,392
2003-04-22,10.252,392
2003-04-23,10.27,392
2003-04-24,10.612,392
2003-04-25,10.592,392
2003-04-26,10.595,392
2003-04-27,10.793,392
2003-04-28,10.77,392
2003-04-29,10.946,392
2003-04-30,11.39,392
2003-05-01,11.491,392
2003-05-02,11.489,392
2003-05-03,11.419,392
2003-05-04,11.645,392
2003-05-05,11.646,392
2003-05-06,11.677,392
2003-05-07,11.559,392
2003-05-08,11.532,392
2003-05-09,11.54,392
2003-05-10,11.793,392
2003-05-11,11.788,392
2003-05-12,11.772,392
2003-05-13,11.635,392
2003-05-14,11.547,392
2003-05-15,11.459,392
2003-05-16,11.308,392
2003-05-17,11.107,392
2003-05-18,11.1,392
2003-05-19,11.1,392
2003-05-20,11.747,392
2003-05-21,11.684,392
2003-05-22,11.706,392
2003-05-23,11.821,392
2003-05-24,11.921,392
2003-05-25,12.03,392
2003-05-26,12.11,392
2003-05-27,12.129,392
2003-05-28,12.25,392
2003-05-29,12.349,392
2003-05-30,12.412,392
2003-05-31,12.47,392
2003-06-01,12.259,392
2003-06-02,12.45,392
2003-06-03,12.971,392
2003-06-04,13.248,392
2003-06-05,13.864,392
2003-06-06,14.344,392
2003-06-07,14.174,392
2003-06-08,13.365,392
2003-06-09,13.364,392
2003-06-10,13.07,392
2003-06-11,13.031,392
2003-06-12,12.75,392
2003-06-13,12.661,392
2003-06-14,13.977,392
2003-06-15,14.082,392
2003-06-16,14.063,392
2003-06-17,13.478,392
2003-06-18,13.652,392
2003-06-19,13.585,392
2003-06-20,12.787,392
2003-06-21,12.652,392
2003-06-22,12.483,392
2003-06-23,12.903,392
2003-06-24,12.913,392
2003-06-25,12.872,392
2003-06-26,12.681,392
2003-06-27,12.379,392
2003-06-28,12.267,392
2003-06-29,12.217,392
2003-06-30,13.433,392
2003-07-01,13.578,392
2003-07-02,13.539,392
2003-07-03,13.102,392
2003-07-04,13.121,392
2003-07-05,13.198,392
2003-07-06,13.213,392
2003-07-07,13.243,392
2003-07-08,14.715,392
2003-07-09,15.103,392
2003-07-10,15.618,392
2003-07-11,15.905,392
2003-07-12,15.957,392
2003-07-13,15.626,392
2003-07-14,15.713,392
2003-07-15,15.747,392
2003-07-16,15.471,392
2003-07-17,15.406,392
2003-07-18,15.381,392
2003-07-19,15.266,392
2003-07-20,15.506,392
2003-07-21,14.301,392
2003-07-22,14.087,392
2003-07-23,13.938,392
2003-07-24,13.475,392
2003-07-25,13.984,392
2003-07-26,14.48,392
2003-07-27,14.77,392
2003-07-28,15.146,392
2003-07-29,14.703,392
2003-07-30,14.305,392
2003-07-31,14.113,392
2003-08-01,13.286,392
2003-08-02,13.138,392
2003-08-03,13.999,392
2003-08-04,14.242,392
2003-08-05,14.35,392
2003-08-06,14.293,392
2003-08-07,14.298,392
2003-08-08,14.621,392
2003-08-09,15.161,392
2003-08-10,15.483,392
2003-08-11,16.239,392
2003-08-12,16.085,392
2003-08-13,15.78,392
2003-08-14,15.636,392
2003-08-15,15.516,392
2003-08-16,15.022,392
2003-08-17,14.949,392
2003-08-18,14.666,392
2003-08-19,14.337,392
2003-08-20,13.831,392
2003-08-21,13.411,392
2003-08-22,13.158,392
2003-08-23,13.467,392
2003-08-24,13.442,392
2003-08-25,13.57,392
2003-08-26,14.345,392
2003-08-27,14.201,392
2003-08-28,14.181,392
2003-08-29,13.789,392
2003-08-30,13.038,392
2003-08-31,12.965,392
2003-09-01,13.064,392
2003-09-02,12.661,392
2003-09-03,12.576,392
2003-09-04,12.608,392
2003-09-05,12.991,392
2003-09-06,13.298,392
2003-09-07,13.396,392
2003-09-08,13.548,392
2003-09-09,13.58,392
2003-09-10,13.647,392
2003-09-11,13.485,392
2003-09-12,13.635,392
2003-09-13,13.584,392
2003-09-14,13.747,392
2003-09-15,13.621,392
2003-09-16,13.539,392
2003-09-17,13.54,392
2003-09-18,13.424,392
2003-09-19,13.815,392
2003-09-20,13.871,392
2003-09-21,13.92,392
2003-09-22,13.745,392
2003-09-23,13.897,392
2003-09-24,13.965,392
2003-09-25,13.887,392
2003-09-26,13.237,392
2003-09-27,13.729,392
2003-09-28,13.728,392
2003-09-29,13.825,392
2003-09-30,14.059,392
2003-10-01,13.99,392
2003-10-02,13.819,392
2003-10-03,13.611,392
2003-10-04,13.614,392
2003-10-05,13.535,392
2003-10-06,13.551,392
2003-10-07,13.456,392
2003-10-08,13.282,392
2003-10-09,13.136,392
2003-10-10,13.088,392
2003-10-11,13.049,392
2003-10-12,12.723,392
2003-10-13,12.746,392
2003-10-14,12.741,392
2003-10-15,12.655,392
2003-10-16,12.502,392
2003-10-17,12.391,392
2003-10-18,12.367,392
2003-10-19,12.32,392
2003-10-20,12.423,392
2003-10-21,12.458,392
2003-10-22,13.125,392
2003-10-23,13.195,392
2003-10-24,12.991,392
2003-10-25,12.656,392
2003-10-26,12.745,392
2003-10-27,12.802,392
2003-10-28,12.857,392
2003-10-29,12.77,392
2003-10-30,12.545,392
2003-10-31,12.139,392
2003-11-01,11.677,392
2003-11-02,11.46,392
2003-11-03,11.426,392
2003-11-04,11.316,392
2003-11-05,11.281,392
2003-11-06,11.266,392
2003-11-07,11.316,392
2003-11-08,11.425,392
2003-11-09,11.399,392
2003-11-10,11.377,392
2003-11-11,11.301,392
2003-11-12,11.28,392
2003-11-13,11.282,392
2003-11-14,11.276,392
2003-11-15,11.184,392
2003-11-16,11.018,392
2003-11-17,11.023,392
2003-11-18,11.005,392
2003-11-19,10.581,392
2003-11-20,10.254,392
2003-11-21,10.193,392
2003-11-22,10.172,392
2003-11-23,10.449,392
2003-11-24,10.5,392
2003-11-25,10.419,392
2003-11-26,10.219,392
2003-11-27,10.151,392
2003-11-28,10.285,392
2003-11-29,10.165,392
2003-11-30,10.148,392
2003-12-01,10.032,392
2003-12-02,10.191,392
2003-12-03,10.2,392
2003-12-04,10.199,392
2003-12-05,10.172,392
2003-12-06,10.242,392
2003-12-07,10.296,392
2003-12-08,10.284,392
2003-12-09,10.268,392
2003-12-10,10.238,392
2003-12-11,10.153,392
2003-12-12,10.161,392
2003-12-13,10.182,392
2003-12-14,10.126,392
2003-12-15,10.086,392
2003-12-16,10.006,392
2003-12-17,9.652,392
2003-12-18,9.371,392
2003-12-19,9.35,392
2003-12-20,9.462,392
2003-12-21,9.502,392
2003-12-22,9.508,392
2003-12-23,9.557,392
2003-12-24,10.05,392
2003-12-25,10.037,392
2003-12-26,9.993,392
2003-12-27,9.875,392
2003-12-28,9.534,392
2003-12-29,9.51,392
2003-12-30,9.464,392
2003-12-31,9.382,392
2004-01-01,9.342,392
2004-01-02,9.279,392
2004-01-03,8.963,392
2004-01-04,8.907,392
2004-01-05,8.876,392
2004-01-06,8.872,392
2004-01-07,8.88,392
2004-01-08,8.932,392
2004-01-09,8.949,392
2004-01-10,8.93,392
2004-01-11,8.966,392
2004-01-12,8.948,392
2004-01-13,8.921,392
2004-01-14,8.964,392
2004-01-15,9.04,392
2004-01-16,9.053,392
2004-01-17,9.024,392
2004-01-18,8.99,392
2004-01-19,9.032,392
2004-01-20,9.013,392
2004-01-21,8.998,392
2004-01-22,8.992,392
2004-01-23,9.065,392
2004-01-24,8.995,392
2004-01-25,8.876,392
2004-01-26,8.716,392
2004-01-27,8.685,392
2004-01-28,8.682,392
2004-01-29,8.827,392
2004-01-30,8.941,392
2004-01-31,8.914,392
2004-02-01,8.862,392
2004-02-02,8.836,392
2004-02-03,8.635,392
2004-02-04,8.558,392
2004-02-05,8.808,392
2004-02-06,8.963,392
2004-02-07,8.933,392
2004-02-08,8.281,392
2004-02-09,8.297,392
2004-02-10,8.479,392
2004-02-11,8.691,392
2004-02-12,8.696,392
2004-02-13,8.685,392
2004-02-14,8.82,392
2004-02-15,8.858,392
2004-02-16,8.942,392
2004-02-17,8.947,392
2004-02-18,8.941,392
2004-02-19,9.162,392
2004-02-20,9.054,392
2004-02-21,9.003,392
2004-02-22,9.049,392
2004-02-23,9.244,392
2004-02-24,9.256,392
2004-02-25,9.243,392
2004-02-26,9.167,392
2004-02-27,9.155,392
2004-02-28,9.153,392
2004-02-29,9.46,392
2004-03-01,9.408,392
2004-03-02,9.315,392
2004-03-03,9.134,392
2004-03-04,9.244,392
2004-03-05,9.292,392
2004-03-06,9.317,392
2004-03-07,9.059,392
2004-03-08,9.25,392
2004-03-09,9.235,392
2004-03-10,9.299,392
2004-03-11,9.275,392
2004-03-12,9.266,392
2004-03-13,9.33,392
2004-03-14,9.349,392
2004-03-15,9.366,392
2004-03-16,9.289,392
2004-03-17,9.211,392
2004-03-18,9.217,392
2004-03-19,9.208,392
2004-03-20,9.199,392
2004-03-21,9.008,392
2004-03-22,8.965,392
2004-03-23,8.961,392
2004-03-24,9.009,392
2004-03-25,9.092,392
2004-03-26,9.073,392
2004-03-27,8.986,392
2004-03-28,9.293,392
2004-03-29,9.424,392
2004-03-30,9.481,392
2004-03-31,9.703,392
2004-04-01,9.868,392
2004-04-02,10.087,392
2004-04-03,10.211,392
2004-04-04,10.287,392
2004-04-05,10.113,392
2004-04-06,10.43,392
2004-04-07,10.535,392
2004-04-08,10.508,392
2004-04-09,9.838,392
2004-04-10,9.962,392
2004-04-11,10.057,392
2004-04-12,10.162,392
2004-04-13,10.277,392
2004-04-14,10.531,392
2004-04-15,10.711,392
2004-04-16,11.528,392
2004-04-17,11.737,392
2004-04-18,11.644,392
2004-04-19,11.169,392
2004-04-20,10.845,392
2004-04-21,10.81,392
2004-04-22,10.845,392
2004-04-23,10.96,392
2004-04-24,11.881,392
2004-04-25,12.26,392
2004-04-26,12.433,392
2004-04-27,12.302,392
2004-04-28,11.548,392
2004-04-29,11.601,392
2004-04-30,11.706,392
2004-05-01,11.626,392
2004-05-02,11.67,392
2004-05-03,11.689,392
2004-05-04,12.199,392
2004-05-05,12.136,392
2004-05-06,12.101,392
2004-05-07,11.798,392
2004-05-08,12.582,392
2004-05-09,12.598,392
2004-05-10,13.163,392
2004-05-11,13.17,392
2004-05-12,13.164,392
2004-05-13,13.189,392
2004-05-14,13.23,392
2004-05-15,13.259,392
2004-05-16,13.468,392
2004-05-17,13.375,392
2004-05-18,13.349,392
2004-05-19,13.243,392
2004-05-20,13.175,392
2004-05-21,12.973,392
2004-05-22,13.146,392
2004-05-23,13.962,392
2004-05-24,14.174,392
2004-05-25,14.251,392
2004-05-26,13.897,392
2004-05-27,13.488,392
2004-05-28,13.185,392
2004-05-29,13.187,392
2004-05-30,13.199,392
2004-05-31,13.345,392
2004-06-01,13.883,392
2004-06-02,13.865,392
2004-06-03,13.781,392
2004-06-04,13.595,392
2004-06-05,13.876,392
2004-06-06,13.831,392
2004-06-07,13.858,392
2004-06-08,13.849,392
2004-06-09,13.693,392
2004-06-10,13.534,392
2004-06-11,13.421,392
2004-06-12,13.3,392
2004-06-13,13.146,392
2004-06-14,13.7,392
2004-06-15,13.701,392
2004-06-16,13.902,392
2004-06-17,14.753,392
2004-06-18,14.924,392
2004-06-19,14.838,392
2004-06-20,14.617,392
2004-06-21,14.536,392
2004-06-22,14.593,392
2004-06-23,14.549,392
2004-06-24,14.537,392
2004-06-25,14.923,392
2004-06-26,15.521,392
2004-06-27,15.024,392
2004-06-28,14.814,392
2004-06-29,14.511,392
2004-06-30,14.382,392
2004-07-01,14.387,392
2004-07-02,14.248,392
2004-07-03,14.094,392
2004-07-04,14.074,392
2004-07-05,13.471,392
2004-07-06,13.271,392
2004-07-07,13.167,392
2004-07-08,12.968,392
2004-07-09,13.036,392
2004-07-10,13.148,392
2004-07-11,13.454,392
2004-07-12,13.578,392
2004-07-13,13.629,392
2004-07-14,13.557,392
2004-07-15,15.05,392
2004-07-16,15.713,392
2004-07-17,15.88,392
2004-07-18,15.975,392
2004-07-19,15.862,392
2004-07-20,15.979,392
2004-07-21,16.108,392
2004-07-22,16.354,392
2004-07-23,16.382,392
2004-07-24,15.989,392
2004-07-25,15.405,392
2004-07-26,14.987,392
2004-07-27,15.286,392
2004-07-28,15.293,392
2004-07-29,14.555,392
2004-07-30,14.392,392
2004-07-31,14.307,392
2004-08-01,14.125,392
2004-08-02,14.032,392
2004-08-03,14.701,392
2004-08-04,14.862,392
2004-08-05,14.823,392
2004-08-06,14.801,392
2004-08-07,15.116,392
2004-08-08,15.298,392
2004-08-09,15.483,392
2004-08-10,15.946,392
2004-08-11,15.209,392
2004-08-12,15.444,392
2004-08-13,15.386,392
2004-08-14,15.667,392
2004-08-15,16.382,392
2004-08-16,16.608,392
2004-08-17,16.661,392
2004-08-18,15.626,392
2004-08-19,15.449,392
2004-08-20,15.323,392
2004-08-21,15.036,392
2004-08-22,15.013,392
2004-08-23,14.965,392
2004-08-24,14.969,392
2004-08-25,15.93,392
2004-08-26,16.025,392
2004-08-27,16.038,392
2004-08-28,15.9,392
2004-08-29,16.142,392
2004-08-30,16.884,392
2004-08-31,16.866,392
2004-09-01,16.877,392
2004-09-02,16.664,392
2004-09-03,16.478,392
2004-09-04,15.946,392
2004-09-05,15.954,392
2004-09-06,15.932,392
2004-09-07,15.764,392
2004-09-08,15.809,392
2004-09-09,15.855,392
2004-09-10,15.866,392
2004-09-11,14.88,392
2004-09-12,14.605,392
2004-09-13,14.267,392
2004-09-14,14.138,392
2004-09-15,14.101,392
2004-09-16,14.016,392
2004-09-17,13.99,392
2004-09-18,14.364,392
2004-09-19,14.653,392
2004-09-20,14.8,392
2004-09-21,14.845,392
2004-09-22,14.644,392
2004-09-23,14.924,392
2004-09-24,14.987,392
2004-09-25,15.103,392
2004-09-26,15.317,392
2004-09-27,15.519,392
2004-09-28,15.061,392
2004-09-29,14.529,392
2004-09-30,14.322,392
2004-10-01,14.258,392
2004-10-02,14.188,392
2004-10-03,14.081,392
2004-10-04,14.517,392
2004-10-05,14.292,392
2004-10-06,14.09,392
2004-10-07,13.736,392
2004-10-08,13.779,392
2004-10-09,13.747,392
2004-10-10,13.709,392
2004-10-11,13.661,392
2004-10-12,14.297,392
2004-10-13,14.266,392
2004-10-14,14.11,392
2004-10-15,13.339,392
2004-10-16,13.174,392
2004-10-17,12.906,392
2004-10-18,12.616,392
2004-10-19,12.532,392
2004-10-20,12.513,392
2004-10-21,12.375,392
2004-10-22,12.236,392
2004-10-23,12.303,392
2004-10-24,12.261,392
2004-10-25,12.093,392
2004-10-26,12.003,392
2004-10-27,12.007,392
2004-10-28,12.006,392
2004-10-29,11.895,392
2004-10-30,11.898,392
2004-10-31,11.875,392
2004-11-01,11.784,392
2004-11-02,11.477,392
2004-11-03,11.529,392
2004-11-04,11.531,392
2004-11-05,11.386,392
2004-11-06,11.311,392
2004-11-07,10.966,392
2004-11-08,11.043,392
2004-11-09,11.314,392
2004-11-10,11.406,392
2004-11-11,11.384,392
2004-11-12,11.304,392
2004-11-13,11.097,392
2004-11-14,11.217,392
2004-11-15,11.321,392
2004-11-16,11.364,392
2004-11-17,11.325,392
2004-11-18,11.229,392
2004-11-19,11.021,392
2004-11-20,10.803,392
2004-11-21,10.414,392
2004-11-22,10.395,392
2004-11-23,10.428,392
2004-11-24,10.38,392
2004-11-25,10.284,392
2004-11-26,10.379,392
2004-11-27,10.068,392
2004-11-28,9.933,392
2004-11-29,9.807,392
2004-11-30,9.758,392
2004-12-01,9.698,392
2004-12-02,9.652,392
2004-12-03,9.597,392
2004-12-04,9.633,392
2004-12-05,9.603,392
2004-12-06,9.616,392
2004-12-07,9.783,392
2004-12-08,9.903,392
2004-12-09,9.921,392
2004-12-10,9.738,392
2004-12-11,9.728,392
2004-12-12,9.736,392
2004-12-13,9.683,392
2004-12-14,9.602,392
2004-12-15,9.615,392
2004-12-16,9.589,392
2004-12-17,9.959,392
2004-12-18,9.887,392
2004-12-19,9.864,392
2004-12-20,9.78,392
2004-12-21,9.62,392
2004-12-22,9.148,392
2004-12-23,9.109,392
2004-12-24,9.074,392
2004-12-25,9.255,392
2004-12-26,9.289,392
2004-12-27,9.199,392
2004-12-28,9.14,392
2004-12-29,9.109,392
2004-12-30,9.077,392
2004-12-31,9.052,392
2005-01-01,8.624,392
2005-01-02,8.598,392
2005-01-03,8.404,392
2005-01-04,8.196,392
2005-01-05,8.165,392
2005-01-06,8.073,392
2005-01-07,8.082,392
2005-01-08,8.265,392
2005-01-09,8.578,392
2005-01-10,8.558,392
2005-01-11,8.546,392
2005-01-12,8.498,392
2005-01-13,8.428,392
2005-01-14,8.333,392
2005-01-15,8.275,392
2005-01-16,8.328,392
2005-01-17,8.401,392
2005-01-18,8.407,392
2005-01-19,8.506,392
2005-01-20,8.561,392
2005-01-21,8.622,392
2005-01-22,8.67,392
2005-01-23,8.71,392
2005-01-24,8.737,392
2005-01-25,8.768,392
2005-01-26,8.73,392
2005-01-27,8.733,392
2005-01-28,9.016,392
2005-01-29,9.204,392
2005-01-30,9.266,392
2005-01-31,9.279,392
2005-02-01,9.412,392
2005-02-02,9.389,392
2005-02-03,9.401,392
2005-02-04,9.451,392
2005-02-05,9.358,392
2005-02-06,9.067,392
2005-02-07,8.841,392
2005-02-08,8.678,392
2005-02-09,8.712,392
2005-02-10,8.818,392
2005-02-11,9.058,392
2005-02-12,9.054,392
2005-02-13,8.688,392
2005-02-14,8.41,392
2005-02-15,8.388,392
2005-02-16,8.411,392
2005-02-17,8.509,392
2005-02-18,8.479,392
2005-02-19,8.461,392
2005-02-20,8.439,392
2005-02-21,8.435,392
2005-02-22,8.628,392
2005-02-23,8.764,392
2005-02-24,8.715,392
2005-02-25,8.782,392
2005-02-26,8.923,392
2005-02-27,8.946,392
2005-02-28,8.937,392
2005-03-01,9.072,392
2005-03-02,8.86,392
2005-03-03,8.957,392
2005-03-04,9.005,392
2005-03-05,9.048,392
2005-03-06,9.075,392
2005-03-07,9.156,392
2005-03-08,9.704,392
2005-03-09,9.798,392
2005-03-10,9.93,392
2005-03-11,10.018,392
2005-03-12,10.039,392
2005-03-13,10,392
2005-03-14,10.007,392
2005-03-15,9.706,392
2005-03-16,9.644,392
2005-03-17,9.63,392
2005-03-18,9.568,392
2005-03-19,9.517,392
2005-03-20,9.581,392
2005-03-21,9.793,392
2005-03-22,9.839,392
2005-03-23,9.857,392
2005-03-24,9.965,392
2005-03-25,9.835,392
2005-03-26,9.819,392
2005-03-27,9.848,392
2005-03-28,9.924,392
2005-03-29,10.189,392
2005-03-30,10.297,392
2005-03-31,10.296,392
2005-04-01,10.147,392
2005-04-02,10.05,392
2005-04-03,10.003,392
2005-04-04,10.008,392
2005-04-05,9.992,392
2005-04-06,9.987,392
2005-04-07,10.137,392
2005-04-08,10.101,392
2005-04-09,10.009,392
2005-04-10,9.944,392
2005-04-11,9.906,392
2005-04-12,9.928,392
2005-04-13,9.934,392
2005-04-14,9.952,392
2005-04-15,10,392
2005-04-16,10.169,392
2005-04-17,10.516,392
2005-04-18,10.716,392
2005-04-19,10.827,392
2005-04-20,10.826,392
2005-04-21,11.108,392
2005-04-22,11.198,392
2005-04-23,11.549,392
2005-04-24,11.983,392
2005-04-25,11.814,392
2005-04-26,11.483,392
2005-04-27,11.379,392
2005-04-28,11.332,392
2005-04-29,11.344,392
2005-04-30,11.382,392
2005-05-01,11.507,392
2005-05-02,11.66,392
2005-05-03,11.804,392
2005-05-04,12.327,392
2005-05-05,12.482,392
2005-05-06,12.463,392
2005-05-07,12.503,392
2005-05-08,12.482,392
2005-05-09,12.455,392
2005-05-10,12.344,392
2005-05-11,12.378,392
2005-05-12,12.467,392
2005-05-13,12.416,392
2005-05-14,12.332,392
2005-05-15,12.559,392
2005-05-16,12.804,392
2005-05-17,12.683,392
2005-05-18,12.51,392
2005-05-19,12.348,392
2005-05-20,12.347,392
2005-05-21,12.371,392
2005-05-22,12.399,392
2005-05-23,13.138,392
2005-05-24,13.797,392
2005-05-25,13.87,392
2005-05-26,13.962,392
2005-05-27,14.099,392
2005-05-28,14.815,392
2005-05-29,14.484,392
2005-05-30,14.414,392
2005-05-31,14.349,392
2005-06-01,14.114,392
2005-06-02,13.627,392
2005-06-03,13.543,392
2005-06-04,13.553,392
2005-06-05,13.676,392
2005-06-06,13.921,392
2005-06-07,13.948,392
2005-06-08,14.028,392
2005-06-09,14.082,392
2005-06-10,13.892,392
2005-06-11,13.694,392
2005-06-12,13.591,392
2005-06-13,13.55,392
2005-06-14,13.615,392
2005-06-15,13.765,392
2005-06-16,14.055,392
2005-06-17,14.307,392
2005-06-18,15.34,392
2005-06-19,15.536,392
2005-06-20,15.505,392
2005-06-21,15.337,392
2005-06-22,14.907,392
2005-06-23,14.836,392
2005-06-24,14.538,392
2005-06-25,14.434,392
2005-06-26,14.301,392
2005-06-27,14.067,392
2005-06-28,13.95,392
2005-06-29,13.778,392
2005-06-30,14.13,392
2005-07-01,14.379,392
2005-07-02,14.586,392
2005-07-03,14.728,392
2005-07-04,14.806,392
2005-07-05,14.738,392
2005-07-06,14.696,392
2005-07-07,14.37,392
2005-07-08,14.544,392
2005-07-09,14.669,392
2005-07-10,14.743,392
2005-07-11,14.661,392
2005-07-12,15.568,392
2005-07-13,15.732,392
2005-07-14,15.681,392
2005-07-15,15.423,392
2005-07-16,15.266,392
2005-07-17,14.992,392
2005-07-18,14.707,392
2005-07-19,14.459,392
2005-07-20,14.253,392
2005-07-21,14.359,392
2005-07-22,14.212,392
2005-07-23,13.825,392
2005-07-24,14.113,392
2005-07-25,14.25,392
2005-07-26,13.724,392
2005-07-27,13.31,392
2005-07-28,13.243,392
2005-07-29,13.479,392
2005-07-30,13.752,392
2005-07-31,14.045,392
2005-08-01,14.062,392
2005-08-02,13.997,392
2005-08-03,13.733,392
2005-08-04,13.676,392
2005-08-05,13.564,392
2005-08-06,13.241,392
2005-08-07,13.171,392
2005-08-08,13.172,392
2005-08-09,13.129,392
2005-08-10,13.396,392
2005-08-11,13.457,392
2005-08-12,13.473,392
2005-08-13,13.489,392
2005-08-14,13.395,392
2005-08-15,13.187,392
2005-08-16,13.711,392
2005-08-17,13.85,392
2005-08-18,13.872,392
2005-08-19,13.792,392
2005-08-20,13.797,392
2005-08-21,13.601,392
2005-08-22,13.572,392
2005-08-23,13.094,392
2005-08-24,13.232,392
2005-08-25,13.541,392
2005-08-26,13.612,392
2005-08-27,13.524,392
2005-08-28,14.257,392
2005-08-29,14.463,392
2005-08-30,14.598,392
2005-08-31,14.225,392
2005-09-01,14.706,392
2005-09-02,14.686,392
2005-09-03,14.634,392
2005-09-04,14.783,392
2005-09-05,14.861,392
2005-09-06,14.649,392
2005-09-07,14.276,392
2005-09-08,13.143,392
2005-09-09,12.547,392
2005-09-10,12.386,392
2005-09-11,12.837,392
2005-09-12,13.502,392
2005-09-13,13.535,392
2005-09-14,13.503,392
2005-09-15,13.604,392
2005-09-16,13.362,392
2005-09-17,13.294,392
2005-09-18,13.305,392
2005-09-19,13.913,392
2005-09-20,13.822,392
2005-09-21,13.423,392
2005-09-22,12.548,392
2005-09-23,12.371,392
2005-09-24,12.321,392
2005-09-25,12.4,392
2005-09-26,12.644,392
2005-09-27,12.771,392
2005-09-28,12.751,392
2005-09-29,12.737,392
2005-09-30,12.633,392
2005-10-01,12.531,392
2005-10-02,12.429,392
2005-10-03,12.394,392
2005-10-04,12.364,392
2005-10-05,12.43,392
2005-10-06,13.444,392
2005-10-07,13.398,392
2005-10-08,13.4,392
2005-10-09,13.273,392
2005-10-10,13.324,392
2005-10-11,13.285,392
2005-10-12,13.328,392
2005-10-13,13.209,392
2005-10-14,13.655,392
2005-10-15,13.692,392
2005-10-16,13.698,392
2005-10-17,13.528,392
2005-10-18,13.358,392
2005-10-19,13.414,392
2005-10-20,13.602,392
2005-10-21,13.647,392
2005-10-22,13.707,392
2005-10-23,13.953,392
2005-10-24,13.988,392
2005-10-25,13.956,392
2005-10-26,13.612,392
2005-10-27,13.516,392
2005-10-28,13.416,392
2005-10-29,13.132,392
2005-10-30,13.123,392
2005-10-31,13.056,392
2005-11-01,12.836,392
2005-11-02,12.721,392
2005-11-03,12.686,392
2005-11-04,12.408,392
2005-11-05,12.2,392
2005-11-06,12.146,392
2005-11-07,12.065,392
2005-11-08,12.071,392
2005-11-09,12.028,392
2005-11-10,12.046,392
2005-11-11,11.939,392
2005-11-12,11.847,392
2005-11-13,11.362,392
2005-11-14,11.4,392
2005-11-15,11.332,392
2005-11-16,11.032,392
2005-11-17,11.032,392
2005-11-18,11.026,392
2005-11-19,10.984,392
2005-11-20,10.952,392
2005-11-21,10.852,392
2005-11-22,10.885,392
2005-11-23,10.909,392
2005-11-24,10.931,392
2005-11-25,10.944,392
2005-11-26,10.419,392
2005-11-27,10.397,392
2005-11-28,10.399,392
2005-11-29,10.42,392
2005-11-30,10.337,392
2005-12-01,10.293,392
2005-12-02,10.221,392
2005-12-03,10.112,392
2005-12-04,10.076,392
2005-12-05,10.026,392
2005-12-06,9.999,392
2005-12-07,9.768,392
2005-12-08,9.569,392
2005-12-09,9.357,392
2005-12-10,9.355,392
2005-12-11,9.456,392
2005-12-12,9.538,392
2005-12-13,9.43,392
2005-12-14,9.317,392
2005-12-15,9.037,392
2005-12-16,8.992,392
2005-12-17,8.972,392
2005-12-18,8.96,392
2005-12-19,8.973,392
2005-12-20,9.024,392
2005-12-21,9.081,392
2005-12-22,9.458,392
2005-12-23,9.414,392
2005-12-24,9.438,392
2005-12-25,9.714,392
2005-12-26,9.883,392
2005-12-27,9.92,392
2005-12-28,9.925,392
2005-12-29,9.913,392
2005-12-30,9.886,392
2005-12-31,9.876,392
2006-01-01,10.125,392
2006-01-02,10.165,392
2006-01-03,10.142,392
2006-01-04,10.059,392
2006-01-05,10.008,392
2006-01-06,9.874,392
2006-01-07,10.025,392
2006-01-08,9.997,392
2006-01-09,9.972,392
2006-01-10,9.912,392
2006-01-11,9.861,392
2006-01-12,9.81,392
2006-01-13,9.774,392
2006-01-14,9.712,392
2006-01-15,9.66,392
2006-01-16,10.205,392
2006-01-17,10.189,392
2006-01-18,10.169,392
2006-01-19,10.069,392
2006-01-20,9.965,392
2006-01-21,9.909,392
2006-01-22,9.77,392
2006-01-23,9.886,392
2006-01-24,9.949,392
2006-01-25,9.955,392
2006-01-26,9.903,392
2006-01-27,9.974,392
2006-01-28,9.96,392
2006-01-29,9.945,392
2006-01-30,9.804,392
2006-01-31,9.781,392
2006-02-01,9.75,392
2006-02-02,9.741,392
2006-02-03,9.632,392
2006-02-04,9.605,392
2006-02-05,9.436,392
2006-02-06,9.43,392
2006-02-07,9.827,392
2006-02-08,9.805,392
2006-02-09,9.7,392
2006-02-10,9.666,392
2006-02-11,9.678,392
2006-02-12,9.663,392
2006-02-13,9.684,392
2006-02-14,9.42,392
2006-02-15,9.058,392
2006-02-16,8.998,392
2006-02-17,8.904,392
2006-02-18,8.847,392
2006-02-19,8.771,392
2006-02-20,8.572,392
2006-02-21,8.572,392
2006-02-22,8.429,392
2006-02-23,8.419,392
2006-02-24,8.418,392
2006-02-25,8.394,392
2006-02-26,8.399,392
2006-02-27,8.425,392
2006-02-28,8.443,392
2006-03-01,8.525,392
2006-03-02,8.574,392
2006-03-03,8.543,392
2006-03-04,8.475,392
2006-03-05,8.476,392
2006-03-06,8.53,392
2006-03-07,8.544,392
2006-03-08,8.746,392
2006-03-09,8.766,392
2006-03-10,8.689,392
2006-03-11,8.471,392
2006-03-12,8.396,392
2006-03-13,8.515,392
2006-03-14,8.501,392
2006-03-15,8.618,392
2006-03-16,8.881,392
2006-03-17,8.865,392
2006-03-18,8.848,392
2006-03-19,8.834,392
2006-03-20,8.843,392
2006-03-21,8.837,392
2006-03-22,8.78,392
2006-03-23,8.791,392
2006-03-24,8.719,392
2006-03-25,8.729,392
2006-03-26,8.648,392
2006-03-27,9.029,392
2006-03-28,9.35,392
2006-03-29,9.601,392
2006-03-30,9.389,392
2006-03-31,9.449,392
2006-04-01,9.465,392
2006-04-02,9.455,392
2006-04-03,10.001,392
2006-04-04,9.991,392
2006-04-05,10.003,392
2006-04-06,10.031,392
2006-04-07,10.175,392
2006-04-08,10.158,392
2006-04-09,10.459,392
2006-04-10,10.51,392
2006-04-11,10.291,392
2006-04-12,10.108,392
2006-04-13,10.128,392
2006-04-14,10.122,392
2006-04-15,10.028,392
2006-04-16,10.007,392
2006-04-17,10.004,392
2006-04-18,10.012,392
2006-04-19,10.032,392
2006-04-20,10.012,392
2006-04-21,9.993,392
2006-04-22,10.447,392
2006-04-23,10.97,392
2006-04-24,11.227,392
2006-04-25,11.306,392
2006-04-26,10.874,392
2006-04-27,10.9,392
2006-04-28,10.574,392
2006-04-29,10.161,392
2006-04-30,9.76,392
2006-05-01,9.7,392
2006-05-02,9.955,392
2006-05-03,10.147,392
2006-05-04,10.093,392
2006-05-05,9.956,392
2006-05-06,10.238,392
2006-05-07,10.26,392
2006-05-08,10.26,392
2006-05-09,10.293,392
2006-05-10,10.44,392
2006-05-11,10.58,392
2006-05-12,10.402,392
2006-05-13,10.576,392
2006-05-14,10.758,392
2006-05-15,11.372,392
2006-05-16,11.585,392
2006-05-17,11.473,392
2006-05-18,11.119,392
2006-05-19,11.14,392
2006-05-20,11.432,392
2006-05-21,11.713,392
2006-05-22,11.784,392
2006-05-23,11.71,392
2006-05-24,11.827,392
2006-05-25,11.965,392
2006-05-26,12.1,392
2006-05-27,12.114,392
2006-05-28,12.125,392
2006-05-29,12.144,392
2006-05-30,12.193,392
2006-05-31,12.309,392
2006-06-01,12.923,392
2006-06-02,13.102,392
2006-06-03,13.249,392
2006-06-04,13.671,392
2006-06-05,14.174,392
2006-06-06,14.287,392
2006-06-07,14.493,392
2006-06-08,14.529,392
2006-06-09,14.444,392
2006-06-10,14.284,392
2006-06-11,13.268,392
2006-06-12,13.405,392
2006-06-13,13.513,392
2006-06-14,13.752,392
2006-06-15,13.655,392
2006-06-16,14.14,392
2006-06-17,14.329,392
2006-06-18,14.421,392
2006-06-19,14.423,392
2006-06-20,14.293,392
2006-06-21,13.942,392
2006-06-22,13.498,392
2006-06-23,13.402,392
2006-06-24,13.292,392
2006-06-25,12.896,392
2006-06-26,12.013,392
2006-06-27,11.608,392
2006-06-28,11.436,392
2006-06-29,11.632,392
2006-06-30,11.983,392
2006-07-01,12.482,392
2006-07-02,12.533,392
2006-07-03,12.533,392
2006-07-04,12.568,392
2006-07-05,12.787,392
2006-07-06,13.719,392
2006-07-07,13.848,392
2006-07-08,13.766,392
2006-07-09,13.512,392
2006-07-10,13.393,392
2006-07-11,13.343,392
2006-07-12,13.437,392
2006-07-13,14.147,392
2006-07-14,14.475,392
2006-07-15,14.337,392
2006-07-16,14.157,392
2006-07-17,14.155,392
2006-07-18,14.099,392
2006-07-19,14.029,392
2006-07-20,14.352,392
2006-07-21,15.148,392
2006-07-22,15.858,392
2006-07-23,15.163,392
2006-07-24,14.703,392
2006-07-25,14.603,392
2006-07-26,13.475,392
2006-07-27,13.167,392
2006-07-28,13.048,392
2006-07-29,13.202,392
2006-07-30,13.922,392
2006-07-31,14.185,392
2006-08-01,14.177,392
2006-08-02,13.938,392
2006-08-03,13.291,392
2006-08-04,12.897,392
2006-08-05,12.791,392
2006-08-06,12.598,392
2006-08-07,12.543,392
2006-08-08,12.794,392
2006-08-09,12.934,392
2006-08-10,13.056,392
2006-08-11,13.418,392
2006-08-12,13.355,392
2006-08-13,12.584,392
2006-08-14,12.232,392
2006-08-15,12.084,392
2006-08-16,12.068,392
2006-08-17,12.377,392
2006-08-18,12.523,392
2006-08-19,12.727,392
2006-08-20,12.705,392
2006-08-21,12.725,392
2006-08-22,12.819,392
2006-08-23,12.809,392
2006-08-24,12.936,392
2006-08-25,13.155,392
2006-08-26,13.162,392
2006-08-27,13.122,392
2006-08-28,12.222,392
2006-08-29,11.761,392
2006-08-30,12.092,392
2006-08-31,12.619,392
2006-09-01,12.662,392
2006-09-02,12.578,392
2006-09-03,12.349,392
2006-09-04,12.44,392
2006-09-05,12.436,392
2006-09-06,12.338,392
2006-09-07,12.414,392
2006-09-08,12.687,392
2006-09-09,12.984,392
2006-09-10,13.173,392
2006-09-11,13.23,392
2006-09-12,13.111,392
2006-09-13,11.955,392
2006-09-14,11.57,392
2006-09-15,11.55,392
2006-09-16,11.539,392
2006-09-17,11.391,392
2006-09-18,11.675,392
2006-09-19,11.758,392
2006-09-20,11.938,392
2006-09-21,12.166,392
2006-09-22,12.575,392
2006-09-23,13.041,392
2006-09-24,13.191,392
2006-09-25,13.412,392
2006-09-26,14.343,392
2006-09-27,14.727,392
2006-09-28,14.716,392
2006-09-29,12.998,392
2006-09-30,12.407,392
2006-10-01,12.359,392
2006-10-02,12.496,392
2006-10-03,12.472,392
2006-10-04,12.434,392
2006-10-05,12.315,392
2006-10-06,11.772,392
2006-10-07,11.628,392
2006-10-08,11.724,392
2006-10-09,11.67,392
2006-10-10,11.701,392
2006-10-11,11.654,392
2006-10-12,11.803,392
2006-10-13,11.636,392
2006-10-14,11.823,392
2006-10-15,11.529,392
2006-10-16,11.412,392
2006-10-17,11.289,392
2006-10-18,11.335,392
2006-10-19,11.333,392
2006-10-20,11.246,392
2006-10-21,11.147,392
2006-10-22,11.136,392
2006-10-23,11.084,392
2006-10-24,10.826,392
2006-10-25,10.664,392
2006-10-26,10.686,392
2006-10-27,10.725,392
2006-10-28,10.229,392
2006-10-29,10.092,392
2006-10-30,9.971,392
2006-10-31,9.736,392
2006-11-01,9.671,392
2006-11-02,9.658,392
2006-11-03,9.86,392
2006-11-04,10.126,392
2006-11-05,10.221,392
2006-11-06,10.871,392
2006-11-07,10.89,392
2006-11-08,10.719,392
2006-11-09,10.553,392
2006-11-10,10.524,392
2006-11-11,10.551,392
2006-11-12,10.552,392
2006-11-13,10.39,392
2006-11-14,10.341,392
2006-11-15,10.677,392
2006-11-16,10.689,392
2006-11-17,10.685,392
2006-11-18,10.608,392
2006-11-19,10.678,392
2006-11-20,10.68,392
2006-11-21,10.687,392
2006-11-22,10.708,392
2006-11-23,10.553,392
2006-11-24,10.52,392
2006-11-25,10.453,392
2006-11-26,10.398,392
2006-11-27,9.471,392
2006-11-28,9.437,392
2006-11-29,9.481,392
2006-11-30,9.622,392
2006-12-01,9.516,392
2006-12-02,9.379,392
2006-12-03,9.312,392
2006-12-04,9.27,392
2006-12-05,9.257,392
2006-12-06,9.277,392
2006-12-07,9.309,392
2006-12-08,9.294,392
2006-12-09,9.346,392
2006-12-10,9.34,392
2006-12-11,9.371,392
2006-12-12,9.492,392
2006-12-13,9.521,392
2006-12-14,9.569,392
2006-12-15,9.574,392
2006-12-16,9.464,392
2006-12-17,9.375,392
2006-12-18,9.353,392
2006-12-19,9.281,392
2006-12-20,9.313,392
2006-12-21,9.448,392
2006-12-22,9.443,392
2006-12-23,9.447,392
2006-12-24,9.512,392
2006-12-25,9.604,392
2006-12-26,9.568,392
2006-12-27,9.444,392
2006-12-28,9.34,392
2006-12-29,9.196,392
2006-12-30,9.113,392
2006-12-31,9.184,392
2007-01-01,9.289,392
2007-01-02,9.411,392
2007-01-03,9.37,392
2007-01-04,9.312,392
2007-01-05,9.318,392
2007-01-06,9.294,392
2007-01-07,9.287,392
2007-01-08,9.287,392
2007-01-09,9.072,392
2007-01-10,8.348,392
2007-01-11,8.278,392
2007-01-12,8.073,392
2007-01-13,7.724,392
2007-01-14,7.586,392
2007-01-15,7.833,392
2007-01-16,8.048,392
2007-01-17,8.101,392
2007-01-18,8.137,392
2007-01-19,8.221,392
2007-01-20,8.24,392
2007-01-21,8.284,392
2007-01-22,8.318,392
2007-01-23,8.364,392
2007-01-24,8.368,392
2007-01-25,8.316,392
2007-01-26,8.299,392
2007-01-27,8.156,392
2007-01-28,7.888,392
2007-01-29,7.901,392
2007-01-30,7.956,392
2007-01-31,7.835,392
2007-02-01,7.818,392
2007-02-02,7.818,392
2007-02-03,7.825,392
2007-02-04,7.923,392
2007-02-05,7.949,392
2007-02-06,8.093,392
2007-02-07,8.186,392
2007-02-08,8.427,392
2007-02-09,8.394,392
2007-02-10,8.423,392
2007-02-11,8.363,392
2007-02-12,8.336,392
2007-02-13,8.337,392
2007-02-14,8.347,392
2007-02-15,8.388,392
2007-02-16,8.407,392
2007-02-17,8.436,392
2007-02-18,8.438,392
2007-02-19,8.562,392
2007-02-20,8.588,392
2007-02-21,8.57,392
2007-02-22,8.295,392
2007-02-23,8.322,392
2007-02-24,8.324,392
2007-02-25,8.414,392
2007-02-26,8.287,392
2007-02-27,8.229,392
2007-02-28,8.225,392
2007-03-01,8.264,392
2007-03-02,8.281,392
2007-03-03,8.376,392
2007-03-04,8.395,392
2007-03-05,8.483,392
2007-03-06,8.771,392
2007-03-07,8.82,392
2007-03-08,8.818,392
2007-03-09,8.832,392
2007-03-10,8.824,392
2007-03-11,8.845,392
2007-03-12,8.859,392
2007-03-13,8.94,392
2007-03-14,8.935,392
2007-03-15,8.954,392
2007-03-16,8.887,392
2007-03-17,8.887,392
2007-03-18,8.936,392
2007-03-19,8.87,392
2007-03-20,8.869,392
2007-03-21,8.886,392
2007-03-22,8.91,392
2007-03-23,8.981,392
2007-03-24,8.991,392
2007-03-25,9.021,392
2007-03-26,9.029,392
2007-03-27,8.998,392
2007-03-28,9.004,392
2007-03-29,9.033,392
2007-03-30,8.881,392
2007-03-31,8.856,392
2007-04-01,8.747,392
2007-04-02,8.387,392
2007-04-03,8.367,392
2007-04-04,8.261,392
2007-04-05,8.335,392
2007-04-06,8.458,392
2007-04-07,8.613,392
2007-04-08,9.167,392
2007-04-09,9.263,392
2007-04-10,9.317,392
2007-04-11,9.389,392
2007-04-12,9.484,392
2007-04-13,9.508,392
2007-04-14,9.79,392
2007-04-15,9.825,392
2007-04-16,9.84,392
2007-04-17,10.037,392
2007-04-18,10.242,392
2007-04-19,10.286,392
2007-04-20,10.417,392
2007-04-21,10,392
2007-04-22,10.023,392
2007-04-23,10.006,392
2007-04-24,10.134,392
2007-04-25,10.171,392
2007-04-26,10.177,392
2007-04-27,10.308,392
2007-04-28,10.324,392
2007-04-29,10.306,392
2007-04-30,10.16,392
2007-05-01,10.26,392
2007-05-02,10.243,392
2007-05-03,10.432,392
2007-05-04,10.479,392
2007-05-05,10.489,392
2007-05-06,10.639,392
2007-05-07,10.667,392
2007-05-08,10.565,392
2007-05-09,10.387,392
2007-05-10,10.155,392
2007-05-11,9.931,392
2007-05-12,9.679,392
2007-05-13,9.631,392
2007-05-14,9.719,392
2007-05-15,10.157,392
2007-05-16,10.856,392
2007-05-17,10.951,392
2007-05-18,10.993,392
2007-05-19,10.963,392
2007-05-20,10.874,392
2007-05-21,10.873,392
2007-05-22,10.855,392
2007-05-23,11.008,392
2007-05-24,10.995,392
2007-05-25,10.993,392
2007-05-26,10.47,392
2007-05-27,10.377,392
2007-05-28,11.143,392
2007-05-29,11.129,392
2007-05-30,11.126,392
2007-05-31,11.038,392
2007-06-01,10.677,392
2007-06-02,10.622,392
2007-06-03,10.816,392
2007-06-04,12.283,392
2007-06-05,12.253,392
2007-06-06,12.235,392
2007-06-07,11.96,392
2007-06-08,12.022,392
2007-06-09,12.024,392
2007-06-10,12.022,392
2007-06-11,12.06,392
2007-06-12,12.099,392
2007-06-13,12.774,392
2007-06-14,12.646,392
2007-06-15,12.625,392
2007-06-16,12.613,392
2007-06-17,12.647,392
2007-06-18,12.679,392
2007-06-19,12.73,392
2007-06-20,12.92,392
2007-06-21,13.226,392
2007-06-22,13.256,392
2007-06-23,13.346,392
2007-06-24,13.193,392
2007-06-25,13.22,392
2007-06-26,13.228,392
2007-06-27,13.293,392
2007-06-28,13.327,392
2007-06-29,14.604,392
2007-06-30,14.694,392
2007-07-01,14.76,392
2007-07-02,14.882,392
2007-07-03,15.381,392
2007-07-04,15.315,392
2007-07-05,14.848,392
2007-07-06,14.539,392
2007-07-07,14.462,392
2007-07-08,13.672,392
2007-07-09,13.551,392
2007-07-10,13.456,392
2007-07-11,13.486,392
2007-07-12,13.995,392
2007-07-13,14.285,392
2007-07-14,15.24,392
2007-07-15,15.688,392
2007-07-16,15.73,392
2007-07-17,15.861,392
2007-07-18,15.509,392
2007-07-19,15.282,392
2007-07-20,15.281,392
2007-07-21,15.192,392
2007-07-22,15.11,392
2007-07-23,15.911,392
2007-07-24,15.938,392
2007-07-25,15.97,392
2007-07-26,16.04,392
2007-07-27,16.228,392
2007-07-28,16.213,392
2007-07-29,15.68,392
2007-07-30,15.44,392
2007-07-31,15.307,392
2007-08-01,15.077,392
2007-08-02,14.849,392
2007-08-03,14.695,392
2007-08-04,14.748,392
2007-08-05,14.674,392
2007-08-06,14.519,392
2007-08-07,14.433,392
2007-08-08,14.339,392
2007-08-09,14.811,392
2007-08-10,14.902,392
2007-08-11,14.991,392
2007-08-12,14.612,392
2007-08-13,14.653,392
2007-08-14,14.866,392
2007-08-15,15.13,392
2007-08-16,15.491,392
2007-08-17,15.199,392
2007-08-18,15.712,392
2007-08-19,15.668,392
2007-08-20,15.736,392
2007-08-21,15.984,392
2007-08-22,15.928,392
2007-08-23,15.804,392
2007-08-24,15.493,392
2007-08-25,15.207,392
2007-08-26,15.265,392
2007-08-27,15.34,392
2007-08-28,15.38,392
2007-08-29,15.283,392
2007-08-30,15.064,392
2007-08-31,14.54,392
2007-09-01,14.463,392
2007-09-02,14.42,392
2007-09-03,14.221,392
2007-09-04,13.703,392
2007-09-05,13.17,392
2007-09-06,12.989,392
2007-09-07,13.031,392
2007-09-08,12.938,392
2007-09-09,12.927,392
2007-09-10,13.044,392
2007-09-11,13.678,392
2007-09-12,13.966,392
2007-09-13,13.872,392
2007-09-14,13.779,392
2007-09-15,13.729,392
2007-09-16,13.257,392
2007-09-17,12.989,392
2007-09-18,13.026,392
2007-09-19,13.006,392
2007-09-20,13.009,392
2007-09-21,12.13,392
2007-09-22,12.054,392
2007-09-23,12.068,392
2007-09-24,11.896,392
2007-09-25,11.995,392
2007-09-26,12.084,392
2007-09-27,11.271,392
2007-09-28,11.193,392
2007-09-29,11.185,392
2007-09-30,11.289,392
2007-10-01,11.286,392
2007-10-02,11.31,392
2007-10-03,11.423,392
2007-10-04,11.454,392
2007-10-05,11.507,392
2007-10-06,11.6,392
2007-10-07,11.684,392
2007-10-08,11.709,392
2007-10-09,11.524,392
2007-10-10,11.572,392
2007-10-11,11.836,392
2007-10-12,12.109,392
2007-10-13,12.188,392
2007-10-14,12.225,392
2007-10-15,12.22,392
2007-10-16,11.996,392
2007-10-17,11.912,392
2007-10-18,11.846,392
2007-10-19,11.74,392
2007-10-20,11.769,392
2007-10-21,11.776,392
2007-10-22,11.708,392
2007-10-23,11.657,392
2007-10-24,11.631,392
2007-10-25,11.371,392
2007-10-26,11.294,392
2007-10-27,11.195,392
2007-10-28,11.13,392
2007-10-29,10.965,392
2007-10-30,10.961,392
2007-10-31,10.825,392
2007-11-01,10.627,392
2007-11-02,10.51,392
2007-11-03,10.081,392
2007-11-04,10.286,392
2007-11-05,10.295,392
2007-11-06,10.32,392
2007-11-07,10.552,392
2007-11-08,10.646,392
2007-11-09,10.596,392
2007-11-10,10.606,392
2007-11-11,10.594,392
2007-11-12,10.329,392
2007-11-13,10.309,392
2007-11-14,10.287,392
2007-11-15,10.384,392
2007-11-16,10.418,392
2007-11-17,10.395,392
2007-11-18,10.237,392
2007-11-19,10.062,392
2007-11-20,10.002,392
2007-11-21,9.955,392
2007-11-22,9.894,392
2007-11-23,9.781,392
2007-11-24,9.638,392
2007-11-25,9.666,392
2007-11-26,9.644,392
2007-11-27,9.613,392
2007-11-28,9.614,392
2007-11-29,9.283,392
2007-11-30,9.28,392
2007-12-01,9.249,392
2007-12-02,9.27,392
2007-12-03,9.304,392
2007-12-04,9.501,392
2007-12-05,9.447,392
2007-12-06,8.995,392
2007-12-07,8.946,392
2007-12-08,8.923,392
2007-12-09,8.964,392
2007-12-10,8.987,392
2007-12-11,8.99,392
2007-12-12,8.978,392
2007-12-13,8.961,392
2007-12-14,8.881,392
2007-12-15,8.934,392
2007-12-16,8.949,392
2007-12-17,8.955,392
2007-12-18,9.001,392
2007-12-19,8.94,392
2007-12-20,8.899,392
2007-12-21,8.911,392
2007-12-22,8.901,392
2007-12-23,8.896,392
2007-12-24,8.844,392
2007-12-25,8.734,392
2007-12-26,8.698,392
2007-12-27,8.664,392
2007-12-28,8.591,392
2007-12-29,8.548,392
2007-12-30,8.286,392
2007-12-31,8.215,392
2008-01-01,8.22,392
2008-01-02,8.347,392
2008-01-03,8.357,392
2008-01-04,8.426,392
2008-01-05,8.393,392
2008-01-06,8.36,392
2008-01-07,8.368,392
2008-01-08,8.435,392
2008-01-09,8.432,392
2008-01-10,8.331,392
2008-01-11,8.321,392
2008-01-12,8.317,392
2008-01-13,8.327,392
2008-01-14,8.263,392
2008-01-15,8.161,392
2008-01-16,8.078,392
2008-01-17,7.936,392
2008-01-18,7.846,392
2008-01-19,7.592,392
2008-01-20,7.538,392
2008-01-21,7.467,392
2008-01-22,7.215,392
2008-01-23,7.122,392
2008-01-24,7.064,392
2008-01-25,7.017,392
2008-01-26,6.931,392
2008-01-27,6.887,392
2008-01-28,6.92,392
2008-01-29,7.074,392
2008-01-30,7.201,392
2008-01-31,7.351,392
2008-02-01,7.251,392
2008-02-02,7.164,392
2008-02-03,7.169,392
2008-02-04,7.257,392
2008-02-05,7.349,392
2008-02-06,7.542,392
2008-02-07,7.677,392
2008-02-08,7.722,392
2008-02-09,7.706,392
2008-02-10,7.731,392
2008-02-11,7.654,392
2008-02-12,7.522,392
2008-02-13,7.549,392
2008-02-14,7.469,392
2008-02-15,7.431,392
2008-02-16,7.235,392
2008-02-17,7.274,392
2008-02-18,7.317,392
2008-02-19,7.332,392
2008-02-20,7.516,392
2008-02-21,7.553,392
2008-02-22,7.758,392
2008-02-23,7.926,392
2008-02-24,7.867,392
2008-02-25,7.773,392
2008-02-26,7.674,392
2008-02-27,7.883,392
2008-02-28,7.965,392
2008-02-29,7.995,392
2008-03-01,7.938,392
2008-03-02,7.925,392
2008-03-03,7.925,392
2008-03-04,7.684,392
2008-03-05,7.686,392
2008-03-06,7.664,392
2008-03-07,7.893,392
2008-03-08,7.889,392
2008-03-09,7.936,392
2008-03-10,7.992,392
2008-03-11,8.059,392
2008-03-12,8.128,392
2008-03-13,8.24,392
2008-03-14,8.269,392
2008-03-15,8.313,392
2008-03-16,8.316,392
2008-03-17,8.181,392
2008-03-18,8.079,392
2008-03-19,8.063,392
2008-03-20,7.736,392
2008-03-21,7.738,392
2008-03-22,7.759,392
2008-03-23,7.922,392
2008-03-24,7.958,392
2008-03-25,7.966,392
2008-03-26,7.875,392
2008-03-27,7.861,392
2008-03-28,7.851,392
2008-03-29,7.822,392
2008-03-30,7.794,392
2008-03-31,7.814,392
2008-04-01,8.169,392
2008-04-02,8.283,392
2008-04-03,8.351,392
2008-04-04,8.46,392
2008-04-05,8.433,392
2008-04-06,8.412,392
2008-04-07,8.49,392
2008-04-08,8.611,392
2008-04-09,8.624,392
2008-04-10,8.603,392
2008-04-11,9.324,392
2008-04-12,9.53,392
2008-04-13,9.569,392
2008-04-14,9.535,392
2008-04-15,9.502,392
2008-04-16,9.551,392
2008-04-17,8.991,392
2008-04-18,8.864,392
2008-04-19,8.746,392
2008-04-20,8.632,392
2008-04-21,8.636,392
2008-04-22,8.536,392
2008-04-23,8.483,392
2008-04-24,8.421,392
2008-04-25,8.417,392
2008-04-26,8.485,392
2008-04-27,8.808,392
2008-04-28,9.018,392
2008-04-29,9.109,392
2008-04-30,9.137,392
2008-05-01,9.174,392
2008-05-02,9.653,392
2008-05-03,9.822,392
2008-05-04,9.872,392
2008-05-05,9.937,392
2008-05-06,9.297,392
2008-05-07,9.196,392
2008-05-08,9.146,392
2008-05-09,9.233,392
2008-05-10,9.199,392
2008-05-11,9.166,392
2008-05-12,9.185,392
2008-05-13,9.356,392
2008-05-14,10.62,392
2008-05-15,10.654,392
2008-05-16,10.592,392
2008-05-17,10.343,392
2008-05-18,10.41,392
2008-05-19,10.676,392
2008-05-20,10.709,392
2008-05-21,10.61,392
2008-05-22,10.529,392
2008-05-23,10.62,392
2008-05-24,10.633,392
2008-05-25,10.843,392
2008-05-26,10.858,392
2008-05-27,10.861,392
2008-05-28,10.906,392
2008-05-29,11.431,392
2008-05-30,11.794,392
2008-05-31,11.918,392
2008-06-01,11.808,392
2008-06-02,11.811,392
2008-06-03,11.782,392
2008-06-04,11.759,392
2008-06-05,11.156,392
2008-06-06,10.791,392
2008-06-07,10.765,392
2008-06-08,10.814,392
2008-06-09,10.755,392
2008-06-10,10.741,392
2008-06-11,10.803,392
2008-06-12,10.907,392
2008-06-13,10.555,392
2008-06-14,10.677,392
2008-06-15,10.669,392
2008-06-16,10.712,392
2008-06-17,11.147,392
2008-06-18,11.401,392
2008-06-19,11.517,392
2008-06-20,11.446,392
2008-06-21,11.417,392
2008-06-22,11.501,392
2008-06-23,11.785,392
2008-06-24,12.173,392
2008-06-25,12.26,392
2008-06-26,12.551,392
2008-06-27,12.546,392
2008-06-28,12.514,392
2008-06-29,12.45,392
2008-06-30,12.649,392
2008-07-01,12.86,392
2008-07-02,12.621,392
2008-07-03,12.607,392
2008-07-04,12.608,392
2008-07-05,12.752,392
2008-07-06,12.991,392
2008-07-07,12.952,392
2008-07-08,12.828,392
2008-07-09,11.964,392
2008-07-10,11.736,392
2008-07-11,11.954,392
2008-07-12,12.435,392
2008-07-13,12.325,392
2008-07-14,11.821,392
2008-07-15,11.508,392
2008-07-16,11.573,392
2008-07-17,11.629,392
2008-07-18,11.491,392
2008-07-19,11.338,392
2008-07-20,11.303,392
2008-07-21,11.323,392
2008-07-22,11.531,392
2008-07-23,11.663,392
2008-07-24,11.679,392
2008-07-25,11.69,392
2008-07-26,12.621,392
2008-07-27,12.497,392
2008-07-28,12.501,392
2008-07-29,13.195,392
2008-07-30,13.357,392
2008-07-31,13.467,392
2008-08-01,13.389,392
2008-08-02,13.359,392
2008-08-03,13.327,392
2008-08-04,13.996,392
2008-08-05,14.089,392
2008-08-06,14.089,392
2008-08-07,13.996,392
2008-08-08,13.916,392
2008-08-09,13.46,392
2008-08-10,13.516,392
2008-08-11,13.597,392
2008-08-12,14.159,392
2008-08-13,14.249,392
2008-08-14,14.281,392
2008-08-15,14.081,392
2008-08-16,13.771,392
2008-08-17,13.759,392
2008-08-18,13.787,392
2008-08-19,13.742,392
2008-08-20,13.141,392
2008-08-21,13.459,392
2008-08-22,13.831,392
2008-08-23,14.322,392
2008-08-24,14.637,392
2008-08-25,14.662,392
2008-08-26,14.479,392
2008-08-27,14.286,392
2008-08-28,14.226,392
2008-08-29,13.728,392
2008-08-30,13.766,392
2008-08-31,13.797,392
2008-09-01,13.776,392
2008-09-02,14.01,392
2008-09-03,13.957,392
2008-09-04,13.811,392
2008-09-05,13.713,392
2008-09-06,14.039,392
2008-09-07,13.564,392
2008-09-08,13.173,392
2008-09-09,12.886,392
2008-09-10,12.951,392
2008-09-11,13.215,392
2008-09-12,13.029,392
2008-09-13,12.65,392
2008-09-14,12.975,392
2008-09-15,12.974,392
2008-09-16,12.826,392
2008-09-17,12.537,392
2008-09-18,12.861,392
2008-09-19,12.989,392
2008-09-20,13.015,392
2008-09-21,12.281,392
2008-09-22,12.156,392
2008-09-23,12.136,392
2008-09-24,11.988,392
2008-09-25,12.034,392
2008-09-26,12.142,392
2008-09-27,12.702,392
2008-09-28,12.672,392
2008-09-29,12.499,392
2008-09-30,12.448,392
2008-10-01,12.619,392
2008-10-02,12.656,392
2008-10-03,12.586,392
2008-10-04,12.399,392
2008-10-05,12.319,392
2008-10-06,12.138,392
2008-10-07,12.147,392
2008-10-08,12.118,392
2008-10-09,11.865,392
2008-10-10,11.854,392
2008-10-11,11.832,392
2008-10-12,11.802,392
2008-10-13,11.756,392
2008-10-14,11.616,392
2008-10-15,11.556,392
2008-10-16,11.206,392
2008-10-17,11.334,392
2008-10-18,11.253,392
2008-10-19,11.204,392
2008-10-20,11.092,392
2008-10-21,11.448,392
2008-10-22,11.24,392
2008-10-23,11.159,392
2008-10-24,11.02,392
2008-10-25,10.784,392
2008-10-26,10.7,392
2008-10-27,10.659,392
2008-10-28,10.643,392
2008-10-29,10.688,392
2008-10-30,10.724,392
2008-10-31,10.763,392
2008-11-01,10.901,392
2008-11-02,10.975,392
2008-11-03,10.978,392
2008-11-04,10.752,392
2008-11-05,10.656,392
2008-11-06,10.561,392
2008-11-07,10.65,392
2008-11-08,10.758,392
2008-11-09,11.052,392
2008-11-10,11.015,392
2008-11-11,11.011,392
2008-11-12,11.2,392
2008-11-13,11.191,392
2008-11-14,11.215,392
2008-11-15,11.111,392
2008-11-16,11.058,392
2008-11-17,10.884,392
2008-11-18,10.784,392
2008-11-19,10.725,392
2008-11-20,10.58,392
2008-11-21,10.621,392
2008-11-22,10.572,392
2008-11-23,10.56,392
2008-11-24,10.542,392
2008-11-25,10.451,392
2008-11-26,10.23,392
2008-11-27,10.207,392
2008-11-28,10.319,392
2008-11-29,10.289,392
2008-11-30,10.244,392
2008-12-01,10.096,392
2008-12-02,9.914,392
2008-12-03,10.243,392
2008-12-04,10.292,392
2008-12-05,10.367,392
2008-12-06,10.437,392
2008-12-07,10.35,392
2008-12-08,10.249,392
2008-12-09,10.216,392
2008-12-10,10.21,392
2008-12-11,10.173,392
2008-12-12,10.027,392
2008-12-13,9.857,392
2008-12-14,9.089,392
2008-12-15,8.824,392
2008-12-16,8.741,392
2008-12-17,8.655,392
2008-12-18,8.312,392
2008-12-19,8.255,392
2008-12-20,8.219,392
2008-12-21,8.255,392
2008-12-22,8.259,392
2008-12-23,8.246,392
2008-12-24,8.201,392
2008-12-25,8.177,392
2008-12-26,8.172,392
2008-12-27,8.179,392
2008-12-28,8.199,392
2008-12-29,8.247,392
2008-12-30,8.321,392
2008-12-31,8.342,392
2009-01-01,8.113,392
2009-01-02,8.08,392
2009-01-03,8.025,392
2009-01-04,8.118,392
2009-01-05,8.211,392
2009-01-06,8.265,392
2009-01-07,8.305,392
2009-01-08,8.333,392
2009-01-09,8.313,392
2009-01-10,8.33,392
2009-01-11,8.398,392
2009-01-12,8.374,392
2009-01-13,7.762,392
2009-01-14,7.366,392
2009-01-15,7.209,392
2009-01-16,7.384,392
2009-01-17,7.53,392
2009-01-18,7.628,392
2009-01-19,7.546,392
2009-01-20,7.474,392
2009-01-21,7.399,392
2009-01-22,7.256,392
2009-01-23,7.251,392
2009-01-24,7.244,392
2009-01-25,7.077,392
2009-01-26,7.093,392
2009-01-27,6.949,392
2009-01-28,6.934,392
2009-01-29,6.989,392
2009-01-30,7.59,392
2009-01-31,7.556,392
2009-02-01,7.604,392
2009-02-02,7.654,392
2009-02-03,7.68,392
2009-02-04,7.766,392
2009-02-05,7.461,392
2009-02-06,7.445,392
2009-02-07,7.424,392
2009-02-08,7.382,392
2009-02-09,7.335,392
2009-02-10,7.351,392
2009-02-11,7.357,392
2009-02-12,7.37,392
2009-02-13,7.439,392
2009-02-14,7.174,392
2009-02-15,7.168,392
2009-02-16,7.282,392
2009-02-17,7.325,392
2009-02-18,7.3,392
2009-02-19,7.156,392
2009-02-20,7.1,392
2009-02-21,7.16,392
2009-02-22,7.253,392
2009-02-23,7.31,392
2009-02-24,7.372,392
2009-02-25,7.224,392
2009-02-26,7.261,392
2009-02-27,7.323,392
2009-02-28,7.473,392
2009-03-01,7.669,392
2009-03-02,7.722,392
2009-03-03,7.83,392
2009-03-04,7.884,392
2009-03-05,7.901,392
2009-03-06,7.89,392
2009-03-07,7.905,392
2009-03-08,7.81,392
2009-03-09,7.802,392
2009-03-10,7.646,392
2009-03-11,7.543,392
2009-03-12,7.527,392
2009-03-13,7.5,392
2009-03-14,7.818,392
2009-03-15,7.83,392
2009-03-16,7.805,392
2009-03-17,7.825,392
2009-03-18,7.921,392
2009-03-19,7.978,392
2009-03-20,8.028,392
2009-03-21,8.022,392
2009-03-22,8.05,392
2009-03-23,8.142,392
2009-03-24,8.003,392
2009-03-25,7.942,392
2009-03-26,7.931,392
2009-03-27,8.041,392
2009-03-28,7.973,392
2009-03-29,7.957,392
2009-03-30,7.965,392
2009-03-31,8.054,392
2009-04-01,8.002,392
2009-04-02,7.788,392
2009-04-03,7.789,392
2009-04-04,7.796,392
2009-04-05,8.504,392
2009-04-06,8.453,392
2009-04-07,8.281,392
2009-04-08,8.017,392
2009-04-09,8.322,392
2009-04-10,8.477,392
2009-04-11,8.586,392
2009-04-12,8.649,392
2009-04-13,8.77,392
2009-04-14,8.704,392
2009-04-15,8.717,392
2009-04-16,8.816,392
2009-04-17,8.869,392
2009-04-18,8.899,392
2009-04-19,9.179,392
2009-04-20,8.469,392
2009-04-21,8.472,392
2009-04-22,8.843,392
2009-04-23,9.156,392
2009-04-24,9.333,392
2009-04-25,9.278,392
2009-04-26,9.473,392
2009-04-27,9.444,392
2009-04-28,9.691,392
2009-04-29,9.899,392
2009-04-30,10.143,392
2009-05-01,10.398,392
2009-05-02,10.282,392
2009-05-03,9.57,392
2009-05-04,9.516,392
2009-05-05,9.583,392
2009-05-06,9.496,392
2009-05-07,9.833,392
2009-05-08,10.35,392
2009-05-09,10.488,392
2009-05-10,10.628,392
2009-05-11,10.52,392
2009-05-12,10.444,392
2009-05-13,10.487,392
2009-05-14,10.639,392
2009-05-15,10.862,392
2009-05-16,11.599,392
2009-05-17,11.769,392
2009-05-18,11.734,392
2009-05-19,11.572,392
2009-05-20,11.479,392
2009-05-21,11.486,392
2009-05-22,11.256,392
2009-05-23,10.82,392
2009-05-24,10.667,392
2009-05-25,10.596,392
2009-05-26,10.828,392
2009-05-27,11.803,392
2009-05-28,12.036,392
2009-05-29,12.014,392
2009-05-30,11.718,392
2009-05-31,12.334,392
2009-06-01,12.413,392
2009-06-02,13.528,392
2009-06-03,14.102,392
2009-06-04,14.376,392
2009-06-05,14.635,392
2009-06-06,13.677,392
2009-06-07,14.494,392
2009-06-08,14.225,392
2009-06-09,14.047,392
2009-06-10,14.023,392
2009-06-11,14.132,392
2009-06-12,13.827,392
2009-06-13,13.738,392
2009-06-14,13.764,392
2009-06-15,13.725,392
2009-06-16,13.776,392
2009-06-17,13.877,392
2009-06-18,13.909,392
2009-06-19,13.863,392
2009-06-20,13.07,392
2009-06-21,12.952,392
2009-06-22,12.887,392
2009-06-23,12.81,392
2009-06-24,12.776,392
2009-06-25,12.185,392
2009-06-26,12.223,392
2009-06-27,12.163,392
2009-06-28,12.068,392
2009-06-29,11.745,392
2009-06-30,11.716,392
2009-07-01,11.982,392
2009-07-02,12.167,392
2009-07-03,12.279,392
2009-07-04,12.49,392
2009-07-05,12.567,392
2009-07-06,12.681,392
2009-07-07,12.782,392
2009-07-08,13.269,392
2009-07-09,13.281,392
2009-07-10,13.318,392
2009-07-11,13.155,392
2009-07-12,13.174,392
2009-07-13,13.244,392
2009-07-14,13.282,392
2009-07-15,13.599,392
2009-07-16,13.626,392
2009-07-17,13.701,392
2009-07-18,13.519,392
2009-07-19,13.303,392
2009-07-20,13.221,392
2009-07-21,13.173,392
2009-07-22,13.085,392
2009-07-23,12.917,392
2009-07-24,12.703,392
2009-07-25,12.634,392
2009-07-26,14.023,392
2009-07-27,14.495,392
2009-07-28,14.547,392
2009-07-29,14.774,392
2009-07-30,14.493,392
2009-07-31,13.901,392
2009-08-01,13.8,392
2009-08-02,13.74,392
2009-08-03,13.824,392
2009-08-04,13.899,392
2009-08-05,13.841,392
2009-08-06,13.825,392
2009-08-07,13.808,392
2009-08-08,13.924,392
2009-08-09,13.938,392
2009-08-10,13.986,392
2009-08-11,13.811,392
2009-08-12,14.131,392
2009-08-13,14.282,392
2009-08-14,14.447,392
2009-08-15,14.661,392
2009-08-16,14.549,392
2009-08-17,14.421,392
2009-08-18,14.47,392
2009-08-19,14.515,392
2009-08-20,14.649,392
2009-08-21,14.359,392
2009-08-22,14.18,392
2009-08-23,14.284,392
2009-08-24,14.25,392
2009-08-25,14.317,392
2009-08-26,14.171,392
2009-08-27,14.143,392
2009-08-28,14.099,392
2009-08-29,14.356,392
2009-08-30,13.683,392
2009-08-31,13.583,392
2009-09-01,13.644,392
2009-09-02,14.034,392
2009-09-03,13.933,392
2009-09-04,13.784,392
2009-09-05,13.567,392
2009-09-06,13.527,392
2009-09-07,13.633,392
2009-09-08,13.712,392
2009-09-09,14.338,392
2009-09-10,14.988,392
2009-09-11,15.316,392
2009-09-12,15.452,392
2009-09-13,14.875,392
2009-09-14,15.472,392
2009-09-15,15.528,392
2009-09-16,15.57,392
2009-09-17,15.427,392
2009-09-18,15.463,392
2009-09-19,15.964,392
2009-09-20,15.86,392
2009-09-21,16.027,392
2009-09-22,16.062,392
2009-09-23,15.973,392
2009-09-24,15.418,392
2009-09-25,15.154,392
2009-09-26,14.612,392
2009-09-27,14.183,392
2009-09-28,13.459,392
2009-09-29,12.303,392
2009-09-30,12.185,392
2009-10-01,12.102,392
2009-10-02,12.035,392
2009-10-03,11.816,392
2009-10-04,11.645,392
2009-10-05,11.664,392
2009-10-06,11.629,392
2009-10-07,11.907,392
2009-10-08,12.195,392
2009-10-09,12.326,392
2009-10-10,12.301,392
2009-10-11,12.212,392
2009-10-12,12.094,392
2009-10-13,11.848,392
2009-10-14,11.615,392
2009-10-15,11.613,392
2009-10-16,11.714,392
2009-10-17,11.91,392
2009-10-18,11.956,392
2009-10-19,11.925,392
2009-10-20,12.019,392
2009-10-21,12.085,392
2009-10-22,12.06,392
2009-10-23,12.176,392
2009-10-24,12.171,392
2009-10-25,12.15,392
2009-10-26,11.684,392
2009-10-27,11.612,392
2009-10-28,11.568,392
2009-10-29,11.371,392
2009-10-30,11.252,392
2009-10-31,11.35,392
2009-11-01,11.402,392
2009-11-02,11.456,392
2009-11-03,11.347,392
2009-11-04,11.304,392
2009-11-05,11.405,392
2009-11-06,11.315,392
2009-11-07,11.337,392
2009-11-08,11.239,392
2009-11-09,11.183,392
2009-11-10,11.127,392
2009-11-11,10.993,392
2009-11-12,10.933,392
2009-11-13,10.911,392
2009-11-14,10.913,392
2009-11-15,10.912,392
2009-11-16,10.955,392
2009-11-17,10.984,392
2009-11-18,10.991,392
2009-11-19,10.955,392
2009-11-20,10.871,392
2009-11-21,10.828,392
2009-11-22,10.784,392
2009-11-23,10.86,392
2009-11-24,10.809,392
2009-11-25,10.741,392
2009-11-26,10.416,392
2009-11-27,10.416,392
2009-11-28,10.412,392
2009-11-29,10.365,392
2009-11-30,10.246,392
2009-12-01,10.022,392
2009-12-02,9.941,392
2009-12-03,9.765,392
2009-12-04,9.655,392
2009-12-05,9.593,392
2009-12-06,9.348,392
2009-12-07,9.103,392
2009-12-08,8.837,392
2009-12-09,8.372,392
2009-12-10,8.267,392
2009-12-11,8.295,392
2009-12-12,8.316,392
2009-12-13,8.19,392
2009-12-14,8.145,392
2009-12-15,8.369,392
2009-12-16,8.57,392
2009-12-17,8.607,392
2009-12-18,8.67,392
2009-12-19,8.738,392
2009-12-20,8.784,392
2009-12-21,8.586,392
2009-12-22,8.548,392
2009-12-23,8.473,392
2009-12-24,8.486,392
2009-12-25,8.555,392
2009-12-26,8.581,392
2009-12-27,8.582,392
2009-12-28,8.65,392
2009-12-29,8.741,392
2009-12-30,8.747,392
2009-12-31,8.817,392
2010-01-01,8.846,392
2010-01-02,8.851,392
2010-01-03,8.816,392
2010-01-04,8.899,392
2010-01-05,8.924,392
2010-01-06,8.515,392
2010-01-07,8.326,392
2010-01-08,8.217,392
2010-01-09,8.46,392
2010-01-10,8.693,392
2010-01-11,9.009,392
2010-01-12,9.115,392
2010-01-13,9.106,392
2010-01-14,9.493,392
2010-01-15,9.564,392
2010-01-16,9.584,392
2010-01-17,9.571,392
2010-01-18,9.494,392
2010-01-19,9.423,392
2010-01-20,9.374,392
2010-01-21,9.505,392
2010-01-22,9.599,392
2010-01-23,9.578,392
2010-01-24,9.575,392
2010-01-25,9.575,392
2010-01-26,9.515,392
2010-01-27,9.496,392
2010-01-28,9.464,392
2010-01-29,9.441,392
2010-01-30,9.545,392
2010-01-31,9.516,392
2010-02-01,9.531,392
2010-02-02,9.482,392
2010-02-03,9.402,392
2010-02-04,9.437,392
2010-02-05,9.446,392
2010-02-06,9.491,392
2010-02-07,9.592,392
2010-02-08,9.833,392
2010-02-09,9.805,392
2010-02-10,9.817,392
2010-02-11,9.663,392
2010-02-12,9.611,392
2010-02-13,9.348,392
2010-02-14,9.325,392
2010-02-15,9.727,392
2010-02-16,9.802,392
2010-02-17,9.801,392
2010-02-18,9.623,392
2010-02-19,9.574,392
2010-02-20,9.488,392
2010-02-21,9.711,392
2010-02-22,9.696,392
2010-02-23,9.693,392
2010-02-24,9.751,392
2010-02-25,9.723,392
2010-02-26,9.69,392
2010-02-27,9.72,392
2010-02-28,9.741,392
2010-03-01,9.765,392
2010-03-02,9.918,392
2010-03-03,9.901,392
2010-03-04,9.946,392
2010-03-05,10.267,392
2010-03-06,10.342,392
2010-03-07,10.289,392
2010-03-08,10.029,392
2010-03-09,9.858,392
2010-03-10,9.63,392
2010-03-11,9.582,392
2010-03-12,9.595,392
2010-03-13,9.643,392
2010-03-14,9.66,392
2010-03-15,9.686,392
2010-03-16,9.71,392
2010-03-17,9.455,392
2010-03-18,9.826,392
2010-03-19,9.906,392
2010-03-20,9.937,392
2010-03-21,9.858,392
2010-03-22,9.846,392
2010-03-23,9.789,392
2010-03-24,9.767,392
2010-03-25,9.61,392
2010-03-26,9.602,392
2010-03-27,9.575,392
2010-03-28,9.57,392
2010-03-29,9.579,392
2010-03-30,9.769,392
2010-03-31,9.9,392
2010-04-01,9.89,392
2010-04-02,9.707,392
2010-04-03,9.664,392
2010-04-04,9.602,392
2010-04-05,9.493,392
2010-04-06,9.493,392
2010-04-07,9.593,392
2010-04-08,9.656,392
2010-04-09,9.651,392
2010-04-10,9.695,392
2010-04-11,9.897,392
2010-04-12,9.928,392
2010-04-13,10.29,392
2010-04-14,10.328,392
2010-04-15,10.36,392
2010-04-16,10.245,392
2010-04-17,10.227,392
2010-04-18,10.262,392
2010-04-19,10.275,392
2010-04-20,10.21,392
2010-04-21,10.219,392
2010-04-22,10.187,392
2010-04-23,10.185,392
2010-04-24,10.21,392
2010-04-25,10.221,392
2010-04-26,10.125,392
2010-04-27,10.165,392
2010-04-28,10.216,392
2010-04-29,10.312,392
2010-04-30,10.303,392
2010-05-01,10.305,392
2010-05-02,10.249,392
2010-05-03,10.193,392
2010-05-04,9.985,392
2010-05-05,10.04,392
2010-05-06,10.481,392
2010-05-07,10.714,392
2010-05-08,10.907,392
2010-05-09,11.154,392
2010-05-10,11.024,392
2010-05-11,11.037,392
2010-05-12,10.992,392
2010-05-13,11.013,392
2010-05-14,11.023,392
2010-05-15,11.035,392
2010-05-16,11.143,392
2010-05-17,11.435,392
2010-05-18,11.58,392
2010-05-19,11.399,392
2010-05-20,10.99,392
2010-05-21,10.858,392
2010-05-22,10.883,392
2010-05-23,10.882,392
2010-05-24,11.135,392
2010-05-25,11.188,392
2010-05-26,11.24,392
2010-05-27,11.222,392
2010-05-28,11.305,392
2010-05-29,11.32,392
2010-05-30,11.382,392
2010-05-31,11.516,392
2010-06-01,11.522,392
2010-06-02,11.509,392
2010-06-03,11.969,392
2010-06-04,12.573,392
2010-06-05,12.972,392
2010-06-06,13.605,392
2010-06-07,13.606,392
2010-06-08,13.604,392
2010-06-09,13.548,392
2010-06-10,13.337,392
2010-06-11,13.108,392
2010-06-12,12.381,392
2010-06-13,12.309,392
2010-06-14,12.151,392
2010-06-15,11.84,392
2010-06-16,11.794,392
2010-06-17,11.811,392
2010-06-18,11.912,392
2010-06-19,11.976,392
2010-06-20,12.005,392
2010-06-21,12.123,392
2010-06-22,12.378,392
2010-06-23,12.553,392
2010-06-24,12.663,392
2010-06-25,12.783,392
2010-06-26,12.877,392
2010-06-27,12.887,392
2010-06-28,12.897,392
2010-06-29,12.858,392
2010-06-30,12.943,392
2010-07-01,13.096,392
2010-07-02,12.962,392
2010-07-03,12.849,392
2010-07-04,12.812,392
2010-07-05,13.265,392
2010-07-06,13.43,392
2010-07-07,13.457,392
2010-07-08,13.677,392
2010-07-09,13.717,392
2010-07-10,13.935,392
2010-07-11,12.712,392
2010-07-12,12.544,392
2010-07-13,12.551,392
2010-07-14,12.547,392
2010-07-15,12.207,392
2010-07-16,12.08,392
2010-07-17,12.123,392
2010-07-18,12.312,392
2010-07-19,12.332,392
2010-07-20,12.467,392
2010-07-21,12.433,392
2010-07-22,12.177,392
2010-07-23,11.747,392
2010-07-24,11.706,392
2010-07-25,11.759,392
2010-07-26,11.935,392
2010-07-27,12.101,392
2010-07-28,12.155,392
2010-07-29,12.304,392
2010-07-30,12.334,392
2010-07-31,12.447,392
2010-08-01,12.542,392
2010-08-02,12.731,392
2010-08-03,12.936,392
2010-08-04,13.082,392
2010-08-05,13.039,392
2010-08-06,12.905,392
2010-08-07,12.906,392
2010-08-08,12.995,392
2010-08-09,13.952,392
2010-08-10,14.183,392
2010-08-11,14.08,392
2010-08-12,13.293,392
2010-08-13,13.273,392
2010-08-14,13.31,392
2010-08-15,14.047,392
2010-08-16,13.917,392
2010-08-17,13.94,392
2010-08-18,13.303,392
2010-08-19,13.287,392
2010-08-20,13.226,392
2010-08-21,13.356,392
2010-08-22,13.667,392
2010-08-23,13.781,392
2010-08-24,13.838,392
2010-08-25,13.506,392
2010-08-26,13.009,392
2010-08-27,12.777,392
2010-08-28,12.876,392
2010-08-29,13.009,392
2010-08-30,13.301,392
2010-08-31,13.408,392
2010-09-01,13.46,392
2010-09-02,13.419,392
2010-09-03,12.298,392
2010-09-04,12.208,392
2010-09-05,12.147,392
2010-09-06,11.918,392
2010-09-07,11.985,392
2010-09-08,12.067,392
2010-09-09,12.126,392
2010-09-10,12.198,392
2010-09-11,12.178,392
2010-09-12,12.312,392
2010-09-13,12.64,392
2010-09-14,12.828,392
2010-09-15,12.832,392
2010-09-16,12.849,392
2010-09-17,12.766,392
2010-09-18,13.025,392
2010-09-19,13.286,392
2010-09-20,13.69,392
2010-09-21,13.839,392
2010-09-22,14.229,392
2010-09-23,14.106,392
2010-09-24,13.871,392
2010-09-25,13.845,392
2010-09-26,13.791,392
2010-09-27,14.058,392
2010-09-28,14.088,392
2010-09-29,14.268,392
2010-09-30,14.299,392
2010-10-01,14.238,392
2010-10-02,14.061,392
2010-10-03,14.116,392
2010-10-04,13.883,392
2010-10-05,13.557,392
2010-10-06,13.541,392
2010-10-07,13.521,392
2010-10-08,13.419,392
2010-10-09,13.463,392
2010-10-10,13.497,392
2010-10-11,13.46,392
2010-10-12,13.587,392
2010-10-13,13.603,392
2010-10-14,13.258,392
2010-10-15,13.079,392
2010-10-16,13.029,392
2010-10-17,12.778,392
2010-10-18,12.815,392
2010-10-19,12.817,392
2010-10-20,12.831,392
2010-10-21,12.973,392
2010-10-22,12.887,392
2010-10-23,12.834,392
2010-10-24,12.733,392
2010-10-25,12.565,392
2010-10-26,12.308,392
2010-10-27,12.229,392
2010-10-28,12.323,392
2010-10-29,12.454,392
2010-10-30,12.49,392
2010-10-31,12.436,392
2010-11-01,12.496,392
2010-11-02,12.524,392
2010-11-03,12.502,392
2010-11-04,12.644,392
2010-11-05,12.435,392
2010-11-06,12.285,392
2010-11-07,12.293,392
2010-11-08,12.191,392
2010-11-09,12.029,392
2010-11-10,11.995,392
2010-11-11,11.98,392
2010-11-12,11.96,392
2010-11-13,11.945,392
2010-11-14,11.812,392
2010-11-15,11.634,392
2010-11-16,11.423,392
2010-11-17,11.321,392
2010-11-18,11.214,392
2010-11-19,11.072,392
2010-11-20,11.019,392
2010-11-21,10.99,392
2010-11-22,10.604,392
2010-11-23,10.431,392
2010-11-24,10.356,392
2010-11-25,10.097,392
2010-11-26,10.061,392
2010-11-27,9.927,392
2010-11-28,9.868,392
2010-11-29,9.861,392
2010-11-30,9.842,392
2010-12-01,9.805,392
2010-12-02,9.779,392
2010-12-03,9.546,392
2010-12-04,9.538,392
2010-12-05,9.532,392
2010-12-06,9.532,392
2010-12-07,9.514,392
2010-12-08,9.577,392
2010-12-09,9.672,392
2010-12-10,9.689,392
2010-12-11,9.692,392
2010-12-12,9.514,392
2010-12-13,9.355,392
2010-12-14,9.534,392
2010-12-15,9.592,392
2010-12-16,9.591,392
2010-12-17,9.542,392
2010-12-18,9.51,392
2010-12-19,9.449,392
2010-12-20,9.417,392
2010-12-21,9.434,392
2010-12-22,9.442,392
2010-12-23,9.431,392
2010-12-24,9.411,392
2010-12-25,9.395,392
2010-12-26,9.491,392
2010-12-27,9.611,392
2010-12-28,9.467,392
2010-12-29,9.235,392
2010-12-30,9.204,392
2010-12-31,9.029,392
2011-01-01,9.03,392
2011-01-02,8.974,392
2011-01-03,8.649,392
2011-01-04,8.598,392
2011-01-05,8.616,392
2011-01-06,8.661,392
2011-01-07,8.927,392
2011-01-08,8.762,392
2011-01-09,8.693,392
2011-01-10,8.589,392
2011-01-11,8.655,392
2011-01-12,8.625,392
2011-01-13,8.613,392
2011-01-14,8.572,392
2011-01-15,8.576,392
2011-01-16,8.601,392
2011-01-17,8.579,392
2011-01-18,8.488,392
2011-01-19,8.474,392
2011-01-20,8.527,392
2011-01-21,8.794,392
2011-01-22,8.88,392
2011-01-23,8.863,392
2011-01-24,8.829,392
2011-01-25,8.806,392
2011-01-26,8.735,392
2011-01-27,8.736,392
2011-01-28,8.728,392
2011-01-29,8.733,392
2011-01-30,8.733,392
2011-01-31,8.721,392
2011-02-01,8.492,392
2011-02-02,8.364,392
2011-02-03,8.321,392
2011-02-04,8.376,392
2011-02-05,8.376,392
2011-02-06,8.595,392
2011-02-07,8.389,392
2011-02-08,8.353,392
2011-02-09,8.308,392
2011-02-10,8.135,392
2011-02-11,8.053,392
2011-02-12,8.414,392
2011-02-13,8.406,392
2011-02-14,8.425,392
2011-02-15,8.477,392
2011-02-16,8.548,392
2011-02-17,8.554,392
2011-02-18,8.293,392
2011-02-19,8.295,392
2011-02-20,8.285,392
2011-02-21,8.153,392
2011-02-22,8.176,392
2011-02-23,8.173,392
2011-02-24,7.416,392
2011-02-25,7.487,392
2011-02-26,7.474,392
2011-02-27,7.586,392
2011-02-28,7.75,392
2011-03-01,7.934,392
2011-03-02,8.006,392
2011-03-03,8.147,392
2011-03-04,8.304,392
2011-03-05,8.13,392
2011-03-06,8.052,392
2011-03-07,7.955,392
2011-03-08,8.061,392
2011-03-09,8.215,392
2011-03-10,8.285,392
2011-03-11,8.505,392
2011-03-12,8.54,392
2011-03-13,8.602,392
2011-03-14,8.616,392
2011-03-15,8.713,392
2011-03-16,8.702,392
2011-03-17,8.8,392
2011-03-18,8.871,392
2011-03-19,9.034,392
2011-03-20,9.045,392
2011-03-21,9.029,392
2011-03-22,8.841,392
2011-03-23,8.764,392
2011-03-24,8.756,392
2011-03-25,8.931,392
2011-03-26,8.944,392
2011-03-27,8.958,392
2011-03-28,8.984,392
2011-03-29,9.02,392
2011-03-30,9.047,392
2011-03-31,9.097,392
2011-04-01,9.01,392
2011-04-02,8.965,392
2011-04-03,8.949,392
2011-04-04,8.907,392
2011-04-05,8.901,392
2011-04-06,8.964,392
2011-04-07,9.055,392
2011-04-08,9.139,392
2011-04-09,9.177,392
2011-04-10,9.181,392
2011-04-11,9.178,392
2011-04-12,9.225,392
2011-04-13,9.239,392
2011-04-14,9.26,392
2011-04-15,9.208,392
2011-04-16,9.235,392
2011-04-17,9.34,392
2011-04-18,9.42,392
2011-04-19,9.366,392
2011-04-20,9.216,392
2011-04-21,9.166,392
2011-04-22,9.509,392
2011-04-23,9.528,392
2011-04-24,9.543,392
2011-04-25,9.593,392
2011-04-26,9.641,392
2011-04-27,9.638,392
2011-04-28,9.745,392
2011-04-29,9.879,392
2011-04-30,9.973,392
2011-05-01,10.037,392
2011-05-02,10.074,392
2011-05-03,10.037,392
2011-05-04,10.047,392
2011-05-05,10.144,392
2011-05-06,10.158,392
2011-05-07,10.531,392
2011-05-08,10.59,392
2011-05-09,10.59,392
2011-05-10,10.581,392
2011-05-11,10.456,392
2011-05-12,10.421,392
2011-05-13,10.407,392
2011-05-14,10.489,392
2011-05-15,10.518,392
2011-05-16,11.361,392
2011-05-17,11.371,392
2011-05-18,11.3,392
2011-05-19,11.302,392
2011-05-20,11.503,392
2011-05-21,11.509,392
2011-05-22,12.246,392
2011-05-23,12.109,392
2011-05-24,12.031,392
2011-05-25,11.656,392
2011-05-26,11.498,392
2011-05-27,11.951,392
2011-05-28,11.976,392
2011-05-29,11.998,392
2011-05-30,11.925,392
2011-05-31,12.16,392
2011-06-01,12.312,392
2011-06-02,13.592,392
2011-06-03,13.578,392
2011-06-04,13.576,392
2011-06-05,13.517,392
2011-06-06,13.821,392
2011-06-07,13.713,392
2011-06-08,13.606,392
2011-06-09,13.585,392
2011-06-10,13.436,392
2011-06-11,13.318,392
2011-06-12,13.149,392
2011-06-13,13.091,392
2011-06-14,12.739,392
2011-06-15,12.713,392
2011-06-16,12.715,392
2011-06-17,12.758,392
2011-06-18,12.732,392
2011-06-19,13.311,392
2011-06-20,13.468,392
2011-06-21,13.599,392
2011-06-22,13.555,392
2011-06-23,13.635,392
2011-06-24,13.617,392
2011-06-25,13.611,392
2011-06-26,13.612,392
2011-06-27,13.548,392
2011-06-28,13.582,392
2011-06-29,13.572,392
2011-06-30,13.849,392
2011-07-01,14.42,392
2011-07-02,14.231,392
2011-07-03,14.013,392
2011-07-04,13.778,392
2011-07-05,13.788,392
2011-07-06,13.723,392
2011-07-07,12.508,392
2011-07-08,12.426,392
2011-07-09,12.432,392
2011-07-10,12.633,392
2011-07-11,12.915,392
2011-07-12,13.191,392
2011-07-13,13.324,392
2011-07-14,13.357,392
2011-07-15,13.405,392
2011-07-16,13.455,392
2011-07-17,14.743,392
2011-07-18,14.583,392
2011-07-19,14.41,392
2011-07-20,14.31,392
2011-07-21,14.417,392
2011-07-22,14.572,392
2011-07-23,14.278,392
2011-07-24,14.214,392
2011-07-25,13.993,392
2011-07-26,13.537,392
2011-07-27,13.417,392
2011-07-28,13.467,392
2011-07-29,14.059,392
2011-07-30,13.959,392
2011-07-31,13.819,392
2011-08-01,13.908,392
2011-08-02,14.257,392
2011-08-03,14.492,392
2011-08-04,14.527,392
2011-08-05,14.557,392
2011-08-06,14.522,392
2011-08-07,14.556,392
2011-08-08,14.391,392
2011-08-09,14.289,392
2011-08-10,14.186,392
2011-08-11,13.855,392
2011-08-12,13.791,392
2011-08-13,14.027,392
2011-08-14,14.015,392
2011-08-15,14.022,392
2011-08-16,13.571,392
2011-08-17,13.323,392
2011-08-18,13.331,392
2011-08-19,13.288,392
2011-08-20,12.916,392
2011-08-21,12.888,392
2011-08-22,14.292,392
2011-08-23,14.602,392
2011-08-24,14.769,392
2011-08-25,14.834,392
2011-08-26,14.754,392
2011-08-27,14.559,392
2011-08-28,14.335,392
2011-08-29,14.241,392
2011-08-30,13.828,392
2011-08-31,13.315,392
2011-09-01,13.132,392
2011-09-02,12.789,392
2011-09-03,12.854,392
2011-09-04,12.824,392
2011-09-05,12.724,392
2011-09-06,12.862,392
2011-09-07,12.654,392
2011-09-08,12.641,392
2011-09-09,13.071,392
2011-09-10,13.051,392
2011-09-11,13.506,392
2011-09-12,13.792,392
2011-09-13,13.674,392
2011-09-14,13.608,392
2011-09-15,13.491,392
2011-09-16,13.39,392
2011-09-17,13.387,392
2011-09-18,13.314,392
2011-09-19,13.393,392
2011-09-20,13.397,392
2011-09-21,13.345,392
2011-09-22,13.35,392
2011-09-23,13.399,392
2011-09-24,13.786,392
2011-09-25,13.818,392
2011-09-26,13.796,392
2011-09-27,14.154,392
2011-09-28,14.191,392
2011-09-29,14.217,392
2011-09-30,14.13,392
2011-10-01,13.835,392
2011-10-02,13.794,392
2011-10-03,13.813,392
2011-10-04,13.738,392
2011-10-05,13.622,392
2011-10-06,13.617,392
2011-10-07,13.614,392
2011-10-08,13.83,392
2011-10-09,13.841,392
2011-10-10,13.835,392
2011-10-11,13.712,392
2011-10-12,13.7,392
2011-10-13,13.656,392
2011-10-14,13.444,392
2011-10-15,13.366,392
2011-10-16,13.38,392
2011-10-17,13.405,392
2011-10-18,13.443,392
2011-10-19,13.544,392
2011-10-20,13.36,392
2011-10-21,13.287,392
2011-10-22,13.331,392
2011-10-23,13.231,392
2011-10-24,13.001,392
2011-10-25,12.939,392
2011-10-26,12.875,392
2011-10-27,12.538,392
2011-10-28,12.498,392
2011-10-29,12.653,392
2011-10-30,12.563,392
2011-10-31,12.456,392
2011-11-01,12.201,392
2011-11-02,12.006,392
2011-11-03,11.702,392
2011-11-04,11.678,392
2011-11-05,11.654,392
2011-11-06,11.601,392
2011-11-07,11.588,392
2011-11-08,11.576,392
2011-11-09,11.548,392
2011-11-10,11.494,392
2011-11-11,11.477,392
2011-11-12,11.344,392
2011-11-13,11.147,392
2011-11-14,10.437,392
2011-11-15,10.354,392
2011-11-16,10.34,392
2011-11-17,10.242,392
2011-11-18,10.17,392
2011-11-19,10.131,392
2011-11-20,10.117,392
2011-11-21,10.111,392
2011-11-22,10.173,392
2011-11-23,10.193,392
2011-11-24,10.324,392
2011-11-25,10.348,392
2011-11-26,10.328,392
2011-11-27,10.108,392
2011-11-28,10.075,392
2011-11-29,10.084,392
2011-11-30,10.122,392
2011-12-01,10.02,392
2011-12-02,9.902,392
2011-12-03,9.836,392
2011-12-04,9.593,392
2011-12-05,9.497,392
2011-12-06,9.392,392
2011-12-07,8.748,392
2011-12-08,8.662,392
2011-12-09,8.57,392
2011-12-10,8.506,392
2011-12-11,8.381,392
2011-12-12,8.293,392
2011-12-13,8.176,392
2011-12-14,8.162,392
2011-12-15,8.282,392
2011-12-16,8.557,392
2011-12-17,8.575,392
2011-12-18,8.552,392
2011-12-19,8.485,392
2011-12-20,8.413,392
2011-12-21,8.39,392
2011-12-22,8.358,392
2011-12-23,8.185,392
2011-12-24,8.293,392
2011-12-25,8.375,392
2011-12-26,8.4,392
2011-12-27,8.473,392
2011-12-28,8.705,392
2011-12-29,8.756,392
2011-12-30,8.761,392
2011-12-31,8.719,392
2012-01-01,8.723,392
2012-01-02,8.743,392
2012-01-03,8.737,392
2012-01-04,8.816,392
2012-01-05,8.82,392
2012-01-06,8.789,392
2012-01-07,8.763,392
2012-01-08,8.813,392
2012-01-09,8.405,392
2012-01-10,8.311,392
2012-01-11,8.045,392
2012-01-12,7.833,392
2012-01-13,7.874,392
2012-01-14,7.701,392
2012-01-15,7.526,392
2012-01-16,7.47,392
2012-01-17,7.441,392
2012-01-18,7.472,392
2012-01-19,7.59,392
2012-01-20,7.7,392
2012-01-21,7.82,392
2012-01-22,8.004,392
2012-01-23,8.096,392
2012-01-24,8.15,392
2012-01-25,8.283,392
2012-01-26,8.248,392
2012-01-27,8.219,392
2012-01-28,8.197,392
2012-01-29,8.285,392
2012-01-30,8.322,392
2012-01-31,8.112,392
2012-02-01,8.127,392
2012-02-02,8.043,392
2012-02-03,8.034,392
2012-02-04,8.061,392
2012-02-05,8.074,392
2012-02-06,8.065,392
2012-02-07,8.048,392
2012-02-08,8.111,392
2012-02-09,8.111,392
2012-02-10,8.126,392
2012-02-11,8.052,392
2012-02-12,8.167,392
2012-02-13,8.18,392
2012-02-14,8.199,392
2012-02-15,8.226,392
2012-02-16,8.238,392
2012-02-17,8.276,392
2012-02-18,8.297,392
2012-02-19,8.299,392
2012-02-20,8.31,392
2012-02-21,8.289,392
2012-02-22,8.236,392
2012-02-23,8.125,392
2012-02-24,8.017,392
2012-02-25,7.922,392
2012-02-26,7.695,392
2012-02-27,7.654,392
2012-02-28,7.649,392
2012-02-29,7.674,392
2012-03-01,7.741,392
2012-03-02,7.8,392
2012-03-03,7.936,392
2012-03-04,7.769,392
2012-03-05,7.611,392
2012-03-06,7.518,392
2012-03-07,7.479,392
2012-03-08,7.61,392
2012-03-09,7.743,392
2012-03-10,7.789,392
2012-03-11,7.809,392
2012-03-12,7.835,392
2012-03-13,7.835,392
2012-03-14,7.923,392
2012-03-15,8.099,392
2012-03-16,8.129,392
2012-03-17,8.083,392
2012-03-18,8.047,392
2012-03-19,8.085,392
2012-03-20,8.21,392
2012-03-21,8.213,392
2012-03-22,8.083,392
2012-03-23,8.089,392
2012-03-24,8.086,392
2012-03-25,8.185,392
2012-03-26,8.29,392
2012-03-27,8.313,392
2012-03-28,8.314,392
2012-03-29,8.331,392
2012-03-30,8.346,392
2012-03-31,8.535,392
2012-04-01,8.577,392
2012-04-02,8.61,392
2012-04-03,8.66,392
2012-04-04,8.665,392
2012-04-05,8.782,392
2012-04-06,8.652,392
2012-04-07,8.617,392
2012-04-08,8.561,392
2012-04-09,8.692,392
2012-04-10,8.849,392
2012-04-11,8.952,392
2012-04-12,9.628,392
2012-04-13,9.681,392
2012-04-14,9.725,392
2012-04-15,9.733,392
2012-04-16,9.691,392
2012-04-17,9.669,392
2012-04-18,9.691,392
2012-04-19,9.753,392
2012-04-20,9.92,392
2012-04-21,9.953,392
2012-04-22,10.028,392
2012-04-23,10.163,392
2012-04-24,10.182,392
2012-04-25,10.233,392
2012-04-26,10.206,392
2012-04-27,10.181,392
2012-04-28,10.204,392
2012-04-29,10.284,392
2012-04-30,10.346,392
2012-05-01,10.34,392
2012-05-02,10.337,392
2012-05-03,10.308,392
2012-05-04,10.308,392
2012-05-05,10.991,392
2012-05-06,11.226,392
2012-05-07,11.329,392
2012-05-08,10.998,392
2012-05-09,10.429,392
2012-05-10,10.199,392
2012-05-11,10.446,392
2012-05-12,10.555,392
2012-05-13,10.84,392
2012-05-14,11.055,392
2012-05-15,11.128,392
2012-05-16,10.916,392
2012-05-17,10.794,392
2012-05-18,10.455,392
2012-05-19,10.223,392
2012-05-20,10.433,392
2012-05-21,10.595,392
2012-05-22,10.817,392
2012-05-23,11.208,392
2012-05-24,11.336,392
2012-05-25,11.95,392
2012-05-26,11.928,392
2012-05-27,11.764,392
2012-05-28,11.722,392
2012-05-29,11.766,392
2012-05-30,11.835,392
2012-05-31,11.92,392
2012-06-01,11.993,392
2012-06-02,12.067,392
2012-06-03,12.156,392
2012-06-04,11.932,392
2012-06-05,11.902,392
2012-06-06,11.819,392
2012-06-07,11.735,392
2012-06-08,11.719,392
2012-06-09,11.712,392
2012-06-10,11.79,392
2012-06-11,11.934,392
2012-06-12,11.921,392
2012-06-13,11.952,392
2012-06-14,12.056,392
2012-06-15,12.127,392
2012-06-16,12.104,392
2012-06-17,12.173,392
2012-06-18,12.572,392
2012-06-19,12.856,392
2012-06-20,13.058,392
2012-06-21,13.06,392
2012-06-22,13.072,392
2012-06-23,13.406,392
2012-06-24,13.384,392
2012-06-25,13.475,392
2012-06-26,13.487,392
2012-06-27,13.52,392
2012-06-28,13.486,392
2012-06-29,13.37,392
2012-06-30,13.384,392
2012-07-01,13.491,392
2012-07-02,13.443,392
2012-07-03,14.415,392
2012-07-04,14.783,392
2012-07-05,14.772,392
2012-07-06,14.475,392
2012-07-07,14.199,392
2012-07-08,14.002,392
2012-07-09,13.663,392
2012-07-10,13.594,392
2012-07-11,13.673,392
2012-07-12,13.847,392
2012-07-13,13.902,392
2012-07-14,13.76,392
2012-07-15,13.595,392
2012-07-16,13.449,392
2012-07-17,13.471,392
2012-07-18,13.494,392
2012-07-19,13.497,392
2012-07-20,13.548,392
2012-07-21,13.817,392
2012-07-22,13.905,392
2012-07-23,13.91,392
2012-07-24,13.765,392
2012-07-25,13.703,392
2012-07-26,13.606,392
2012-07-27,13.849,392
2012-07-28,14.389,392
2012-07-29,14.661,392
2012-07-30,14.534,392
2012-07-31,14.299,392
2012-08-01,14.213,392
2012-08-02,13.904,392
2012-08-03,14.646,392
2012-08-04,14.958,392
2012-08-05,15.005,392
2012-08-06,14.778,392
2012-08-07,14.749,392
2012-08-08,15.173,392
2012-08-09,14.997,392
2012-08-10,14.947,392
2012-08-11,13.858,392
2012-08-12,13.37,392
2012-08-13,13.364,392
2012-08-14,13.486,392
2012-08-15,13.757,392
2012-08-16,14.204,392
2012-08-17,15.228,392
2012-08-18,15.206,392
2012-08-19,15.179,392
2012-08-20,15.149,392
2012-08-21,15.165,392
2012-08-22,14.733,392
2012-08-23,14.181,392
2012-08-24,13.827,392
2012-08-25,13.736,392
2012-08-26,13.713,392
2012-08-27,13.7,392
2012-08-28,14.036,392
2012-08-29,14.248,392
2012-08-30,14.293,392
2012-08-31,14.284,392
2012-09-01,14.23,392
2012-09-02,14.294,392
2012-09-03,13.866,392
2012-09-04,13.668,392
2012-09-05,13.878,392
2012-09-06,14.632,392
2012-09-07,15.089,392
2012-09-08,15.427,392
2012-09-09,13.835,392
2012-09-10,13.754,392
2012-09-11,13.692,392
2012-09-12,13.7,392
2012-09-13,13.69,392
2012-09-14,13.563,392
2012-09-15,13.095,392
2012-09-16,14.058,392
2012-09-17,14.317,392
2012-09-18,14.276,392
2012-09-19,13.879,392
2012-09-20,13.808,392
2012-09-21,13.371,392
2012-09-22,13.525,392
2012-09-23,13.549,392
2012-09-24,13.556,392
2012-09-25,13.226,392
2012-09-26,12.882,392
2012-09-27,12.584,392
2012-09-28,12.542,392
2012-09-29,12.265,392
2012-09-30,12.261,392
2012-10-01,11.178,392
2012-10-02,11.002,392
2012-10-03,10.885,392
2012-10-04,10.77,392
2012-10-05,10.762,392
2012-10-06,10.871,392
2012-10-07,10.911,392
2012-10-08,10.827,392
2012-10-09,10.495,392
2012-10-10,10.708,392
2012-10-11,10.84,392
2012-10-12,10.947,392
2012-10-13,11.091,392
2012-10-14,11.341,392
2012-10-15,11.46,392
2012-10-16,11.414,392
2012-10-17,11.392,392
2012-10-18,11.39,392
2012-10-19,11.457,392
2012-10-20,11.536,392
2012-10-21,11.594,392
2012-10-22,11.531,392
2012-10-23,11.464,392
2012-10-24,11.401,392
2012-10-25,11.378,392
2012-10-26,11.387,392
2012-10-27,11.435,392
2012-10-28,11.424,392
2012-10-29,11.431,392
2012-10-30,11.425,392
2012-10-31,11.888,392
2012-11-01,11.909,392
2012-11-02,11.959,392
2012-11-03,11.881,392
2012-11-04,11.941,392
2012-11-05,11.897,392
2012-11-06,12.009,392
2012-11-07,11.899,392
2012-11-08,11.551,392
2012-11-09,11.334,392
2012-11-10,11.155,392
2012-11-11,11.195,392
2012-11-12,11.302,392
2012-11-13,11.401,392
2012-11-14,11.286,392
2012-11-15,11.232,392
2012-11-16,11.133,392
2012-11-17,11.11,392
2012-11-18,11.094,392
2012-11-19,11.358,392
2012-11-20,11.416,392
2012-11-21,11.433,392
2012-11-22,11.311,392
2012-11-23,11.04,392
2012-11-24,10.841,392
2012-11-25,10.805,392
2012-11-26,10.685,392
2012-11-27,10.633,392
2012-11-28,10.468,392
2012-11-29,10.455,392
2012-11-30,10.443,392
2012-12-01,10.677,392
2012-12-02,10.768,392
2012-12-03,10.78,392
2012-12-04,10.799,392
2012-12-05,10.781,392
2012-12-06,10.778,392
2012-12-07,10.739,392
2012-12-08,10.563,392
2012-12-09,10.443,392
2012-12-10,10.354,392
2012-12-11,10.402,392
2012-12-12,10.348,392
2012-12-13,10.187,392
2012-12-14,10.118,392
2012-12-15,10.123,392
2012-12-16,10.059,392
2012-12-17,9.949,392
2012-12-18,9.9,392
2012-12-19,9.82,392
2012-12-20,9.769,392
2012-12-21,9.807,392
2012-12-22,9.737,392
2012-12-23,9.671,392
2012-12-24,9.674,392
2012-12-25,9.661,392
2012-12-26,9.602,392
2012-12-27,9.575,392
2012-12-28,9.504,392
2012-12-29,9.651,392
2012-12-30,9.723,392
2012-12-31,9.666,392
2013-01-01,9.582,392
2013-01-02,9.253,392
2013-01-03,9.224,392
2013-01-04,9.191,392
2013-01-05,9.157,392
2013-01-06,9.168,392
2013-01-07,9.132,392
2013-01-08,9.126,392
2013-01-09,9.03,392
2013-01-10,8.704,392
2013-01-11,8.61,392
2013-01-12,8.582,392
2013-01-13,8.508,392
2013-01-14,8.262,392
2013-01-15,8.185,392
2013-01-16,8.029,392
2013-01-17,7.854,392
2013-01-18,7.73,392
2013-01-19,7.664,392
2013-01-20,7.629,392
2013-01-21,7.599,392
2013-01-22,7.602,392
2013-01-23,7.807,392
2013-01-24,8.07,392
2013-01-25,8.262,392
2013-01-26,8.251,392
2013-01-27,8.162,392
2013-01-28,8.167,392
2013-01-29,8.23,392
2013-01-30,8.218,392
2013-01-31,8.247,392
2013-02-01,7.867,392
2013-02-02,7.848,392
2013-02-03,7.845,392
2013-02-04,8.014,392
2013-02-05,8.082,392
2013-02-06,8.147,392
2013-02-07,8.213,392
2013-02-08,8.147,392
2013-02-09,8.129,392
2013-02-10,8.129,392
2013-02-11,8.02,392
2013-02-12,8.052,392
2013-02-13,8.063,392
2013-02-14,8.47,392
2013-02-15,8.465,392
2013-02-16,8.433,392
2013-02-17,8.31,392
2013-02-18,8.063,392
2013-02-19,8.053,392
2013-02-20,8.051,392
2013-02-21,8.054,392
2013-02-22,7.985,392
2013-02-23,7.989,392
2013-02-24,7.952,392
2013-02-25,7.99,392
2013-02-26,7.969,392
2013-02-27,7.987,392
2013-02-28,8.026,392
2013-03-01,8.21,392
2013-03-02,7.764,392
2013-03-03,7.513,392
2013-03-04,7.44,392
2013-03-05,7.402,392
2013-03-06,7.748,392
2013-03-07,7.877,392
2013-03-08,7.954,392
2013-03-09,8.03,392
2013-03-10,8.014,392
2013-03-11,8.021,392
2013-03-12,8.004,392
2013-03-13,8.013,392
2013-03-14,8.109,392
2013-03-15,8.175,392
2013-03-16,8.153,392
2013-03-17,8.064,392
2013-03-18,8.053,392
2013-03-19,8.061,392
2013-03-20,8.149,392
2013-03-21,7.9,392
2013-03-22,7.854,392
2013-03-23,7.909,392
2013-03-24,8.099,392
2013-03-25,8.204,392
2013-03-26,8.493,392
2013-03-27,8.627,392
2013-03-28,8.718,392
2013-03-29,9.224,392
2013-03-30,9.584,392
2013-03-31,9.821,392
2013-04-01,10.127,392
2013-04-02,9.903,392
2013-04-03,9.811,392
2013-04-04,9.666,392
2013-04-05,9.475,392
2013-04-06,9.427,392
2013-04-07,9.233,392
2013-04-08,9.187,392
2013-04-09,9.202,392
2013-04-10,9.353,392
2013-04-11,9.367,392
2013-04-12,9.433,392
2013-04-13,9.188,392
2013-04-14,9.452,392
2013-04-15,9.686,392
2013-04-16,9.811,392
2013-04-17,9.868,392
2013-04-18,9.823,392
2013-04-19,9.72,392
2013-04-20,9.657,392
2013-04-21,10.131,392
2013-04-22,10.271,392
2013-04-23,10.042,392
2013-04-24,9.923,392
2013-04-25,9.751,392
2013-04-26,9.76,392
2013-04-27,10.036,392
2013-04-28,9.679,392
2013-04-29,9.194,392
2013-04-30,9.063,392
2013-05-01,9.042,392
2013-05-02,9.669,392
2013-05-03,9.906,392
2013-05-04,10.239,392
2013-05-05,10.588,392
2013-05-06,10.966,392
2013-05-07,11.041,392
2013-05-08,11.082,392
2013-05-09,11.054,392
2013-05-10,11.081,392
2013-05-11,11.131,392
2013-05-12,11.047,392
2013-05-13,11.065,392
2013-05-14,11.065,392
2013-05-15,11.1,392
2013-05-16,11.192,392
2013-05-17,11.276,392
2013-05-18,11.504,392
2013-05-19,11.702,392
2013-05-20,11.772,392
2013-05-21,11.837,392
2013-05-22,11.95,392
2013-05-23,12.014,392
2013-05-24,12.04,392
2013-05-25,12.292,392
2013-05-26,12.286,392
2013-05-27,12.229,392
2013-05-28,12.106,392
2013-05-29,12.063,392
2013-05-30,13.278,392
2013-05-31,13.505,392
2013-06-01,13.578,392
2013-06-02,13.673,392
2013-06-03,13.617,392
2013-06-04,13.426,392
2013-06-05,13.382,392
2013-06-06,13.246,392
2013-06-07,12.959,392
2013-06-08,12.792,392
2013-06-09,12.662,392
2013-06-10,12.497,392
2013-06-11,12.324,392
2013-06-12,12.336,392
2013-06-13,12.477,392
2013-06-14,12.678,392
2013-06-15,12.96,392
2013-06-16,13.177,392
2013-06-17,13.218,392
2013-06-18,13.825,392
2013-06-19,14.056,392
2013-06-20,14.322,392
2013-06-21,14.435,392
2013-06-22,14.48,392
2013-06-23,14.498,392
2013-06-24,14.44,392
2013-06-25,14.291,392
2013-06-26,14.186,392
2013-06-27,14.11,392
2013-06-28,14.235,392
2013-06-29,15.578,392
2013-06-30,16.335,392
2013-07-01,16.496,392
2013-07-02,16.196,392
2013-07-03,15.625,392
2013-07-04,15.358,392
2013-07-05,15.375,392
2013-07-06,15.458,392
2013-07-07,15.351,392
2013-07-08,15.195,392
2013-07-09,13.454,392
2013-07-10,13.224,392
2013-07-11,13.197,392
2013-07-12,13.396,392
2013-07-13,13.371,392
2013-07-14,13.369,392
2013-07-15,13.47,392
2013-07-16,13.67,392
2013-07-17,13.629,392
2013-07-18,13.597,392
2013-07-19,13.533,392
2013-07-20,13.352,392
2013-07-21,13.277,392
2013-07-22,13.164,392
2013-07-23,12.378,392
2013-07-24,12.032,392
2013-07-25,12.003,392
2013-07-26,11.926,392
2013-07-27,11.88,392
2013-07-28,12.091,392
2013-07-29,12.229,392
2013-07-30,12.382,392
2013-07-31,13.118,392
2013-08-01,13.299,392
2013-08-02,13.412,392
2013-08-03,13.395,392
2013-08-04,13.248,392
2013-08-05,13.148,392
2013-08-06,13.04,392
2013-08-07,13.219,392
2013-08-08,13.204,392
2013-08-09,13.256,392
2013-08-10,13.296,392
2013-08-11,13.908,392
2013-08-12,14.128,392
2013-08-13,14.109,392
2013-08-14,14.053,392
2013-08-15,14.053,392
2013-08-16,14.755,392
2013-08-17,15.268,392
2013-08-18,15.216,392
2013-08-19,15.341,392
2013-08-20,14.923,392
2013-08-21,14.75,392
2013-08-22,14.473,392
2013-08-23,13.996,392
2013-08-24,15.237,392
2013-08-25,15.515,392
2013-08-26,15.59,392
2013-08-27,15.363,392
2013-08-28,15.248,392
2013-08-29,15.179,392
2013-08-30,16.21,392
2013-08-31,16.562,392
2013-09-01,16.738,392
2013-09-02,16.67,392
2013-09-03,16.96,392
2013-09-04,17.067,392
2013-09-05,17.082,392
2013-09-06,17.628,392
2013-09-07,17.865,392
2013-09-08,17.692,392
2013-09-09,16.876,392
2013-09-10,16.808,392
2013-09-11,16.735,392
2013-09-12,16.675,392
2013-09-13,16.446,392
2013-09-14,16.361,392
2013-09-15,16.387,392
2013-09-16,16.323,392
2013-09-17,16.308,392
2013-09-18,16.167,392
2013-09-19,16.167,392
2013-09-20,16.155,392
2013-09-21,16.169,392
2013-09-22,15.864,392
2013-09-23,15.533,392
2013-09-24,15.547,392
2013-09-25,15.574,392
2013-09-26,15.609,392
2013-09-27,15.655,392
2013-09-28,15.402,392
2013-09-29,14.831,392
2013-09-30,14.465,392
2013-10-01,14.23,392
2013-10-02,13.616,392
2013-10-03,13.552,392
2013-10-04,13.606,392
2013-10-05,14.032,392
2013-10-06,14.101,392
2013-10-07,13.949,392
2013-10-08,13.655,392
2013-10-09,13.564,392
2013-10-10,13.474,392
2013-10-11,13.388,392
2013-10-12,13.357,392
2013-10-13,13.302,392
2013-10-14,13.279,392
2013-10-15,13.16,392
2013-10-16,13.086,392
2013-10-17,12.67,392
2013-10-18,12.433,392
2013-10-19,12.393,392
2013-10-20,12.641,392
2013-10-21,12.828,392
2013-10-22,12.894,392
2013-10-23,12.842,392
2013-10-24,12.567,392
2013-10-25,12.585,392
2013-10-26,12.334,392
2013-10-27,11.875,392
2013-10-28,11.67,392
2013-10-29,11.53,392
2013-10-30,11.434,392
2013-10-31,11.495,392
2013-11-01,11.2,392
2013-11-02,10.519,392
2013-11-03,10.243,392
2013-11-04,10.138,392
2013-11-05,10.103,392
2013-11-06,10.072,392
2013-11-07,10.167,392
2013-11-08,10.27,392
2013-11-09,10.289,392
2013-11-10,10.272,392
2013-11-11,10.222,392
2013-11-12,10.039,392
2013-11-13,10.063,392
2013-11-14,10.12,392
2013-11-15,10.108,392
2013-11-16,10.047,392
2013-11-17,10.005,392
2013-11-18,9.46,392
2013-11-19,9.388,392
2013-11-20,9.285,392
2013-11-21,9.151,392
2013-11-22,8.908,392
2013-11-23,8.907,392
2013-11-24,8.848,392
2013-11-25,8.847,392
2013-11-26,8.9,392
2013-11-27,9.002,392
2013-11-28,9.034,392
2013-11-29,9.076,392
2013-11-30,9.121,392
2013-12-01,9.069,392
2013-12-02,8.965,392
2013-12-03,8.887,392
2013-12-04,8.812,392
2013-12-05,8.519,392
2013-12-06,8.125,392
2013-12-07,8.026,392
2013-12-08,7.939,392
2013-12-09,7.926,392
2013-12-10,8.042,392
2013-12-11,8.109,392
2013-12-12,8.171,392
2013-12-13,8.202,392
2013-12-14,8.35,392
2013-12-15,8.369,392
2013-12-16,8.218,392
2013-12-17,7.973,392
2013-12-18,7.993,392
2013-12-19,8.012,392
2013-12-20,8.039,392
2013-12-21,8.057,392
2013-12-22,8.282,392
2013-12-23,8.29,392
2013-12-24,8.272,392
2013-12-25,7.623,392
2013-12-26,7.459,392
2013-12-27,7.291,392
2013-12-28,7.227,392
2013-12-29,7.279,392
2013-12-30,7.428,392
2013-12-31,7.545,392
2014-01-01,7.65,392
2014-01-02,7.888,392
2014-01-03,7.792,392
2014-01-04,7.619,392
2014-01-05,7.581,392
2014-01-06,7.647,392
2014-01-07,7.709,392
2014-01-08,7.779,392
2014-01-09,7.809,392
2014-01-10,7.848,392
2014-01-11,8.03,392
2014-01-12,8.142,392
2014-01-13,8.187,392
2014-01-14,8.076,392
2014-01-15,7.956,392
2014-01-16,8.035,392
2014-01-17,7.99,392
2014-01-18,7.962,392
2014-01-19,7.978,392
2014-01-20,7.911,392
2014-01-21,7.823,392
2014-01-22,7.791,392
2014-01-23,7.904,392
2014-01-24,8.049,392
2014-01-25,8.035,392
2014-01-26,8.009,392
2014-01-27,8.028,392
2014-01-28,7.991,392
2014-01-29,8.017,392
2014-01-30,8.106,392
2014-01-31,8.118,392
2014-02-01,8.105,392
2014-02-02,7.728,392
2014-02-03,7.635,392
2014-02-04,7.62,392
2014-02-05,7.417,392
2014-02-06,7.354,392
2014-02-07,7.398,392
2014-02-08,7.404,392
2014-02-09,7.428,392
2014-02-10,7.512,392
2014-02-11,7.515,392
2014-02-12,7.504,392
2014-02-13,7.483,392
2014-02-14,7.417,392
2014-02-15,7.519,392
2014-02-16,7.714,392
2014-02-17,7.87,392
2014-02-18,8.016,392
2014-02-19,8.061,392
2014-02-20,8.043,392
2014-02-21,7.987,392
2014-02-22,7.969,392
2014-02-23,7.96,392
2014-02-24,7.78,392
2014-02-25,7.729,392
2014-02-26,7.76,392
2014-02-27,8.412,392
2014-02-28,8.437,392
2014-03-01,8.464,392
2014-03-02,8.492,392
2014-03-03,8.6,392
2014-03-04,8.601,392
2014-03-05,8.734,392
2014-03-06,8.772,392
2014-03-07,8.808,392
2014-03-08,8.867,392
2014-03-09,9.034,392
2014-03-10,9.191,392
2014-03-11,9.332,392
2014-03-12,9.574,392
2014-03-13,9.877,392
2014-03-14,9.55,392
2014-03-15,9.581,392
2014-03-16,9.11,392
2014-03-17,9.097,392
2014-03-18,9.217,392
2014-03-19,9.312,392
2014-03-20,9.193,392
2014-03-21,9.088,392
2014-03-22,8.861,392
2014-03-23,8.636,392
2014-03-24,8.728,392
2014-03-25,8.979,392
2014-03-26,9.224,392
2014-03-27,9.379,392
2014-03-28,9.432,392
2014-03-29,9.424,392
2014-03-30,9.424,392
2014-03-31,9.846,392
2014-04-01,9.929,392
2014-04-02,9.961,392
2014-04-03,10.005,392
2014-04-04,10.044,392
2014-04-05,10.01,392
2014-04-06,9.984,392
2014-04-07,10.12,392
2014-04-08,10.162,392
2014-04-09,10.151,392
2014-04-10,10.183,392
2014-04-11,10.703,392
2014-04-12,10.818,392
2014-04-13,10.764,392
2014-04-14,10.809,392
2014-04-15,10.711,392
2014-04-16,10.578,392
2014-04-17,10.498,392
2014-04-18,10.431,392
2014-04-19,10.402,392
2014-04-20,10.435,392
2014-04-21,10.152,392
2014-04-22,10.021,392
2014-04-23,10.067,392
2014-04-24,10.806,392
2014-04-25,10.807,392
2014-04-26,10.862,392
2014-04-27,10.691,392
2014-04-28,10.739,392
2014-04-29,11.709,392
2014-04-30,12.087,392
2014-05-01,12.111,392
2014-05-02,12.145,392
2014-05-03,12.144,392
2014-05-04,12.434,392
2014-05-05,12.519,392
2014-05-06,12.325,392
2014-05-07,12.056,392
2014-05-08,11.958,392
2014-05-09,12.134,392
2014-05-10,12.288,392
2014-05-11,12.559,392
2014-05-12,13.302,392
2014-05-13,13.776,392
2014-05-14,13.998,392
2014-05-15,13.978,392
2014-05-16,13.867,392
2014-05-17,13.817,392
2014-05-18,14.306,392
2014-05-19,14.601,392
2014-05-20,14.655,392
2014-05-21,14.606,392
2014-05-22,14.613,392
2014-05-23,14.453,392
2014-05-24,14.341,392
2014-05-25,13.941,392
2014-05-26,13.916,392
2014-05-27,13.945,392
2014-05-28,13.926,392
2014-05-29,13.063,392
2014-05-30,13.073,392
2014-05-31,12.976,392
2014-06-01,12.974,392
2014-06-02,12.871,392
2014-06-03,12.692,392
2014-06-04,12.3,392
2014-06-05,12.178,392
2014-06-06,12.132,392
2014-06-07,12.2,392
2014-06-08,11.982,392
2014-06-09,11.956,392
2014-06-10,11.98,392
2014-06-11,12.278,392
2014-06-12,12.414,392
2014-06-13,12.34,392
2014-06-14,12.328,392
2014-06-15,12.225,392
2014-06-16,12.237,392
2014-06-17,12.258,392
2014-06-18,12.436,392
2014-06-19,13.462,392
2014-06-20,13.58,392
2014-06-21,13.646,392
2014-06-22,13.923,392
2014-06-23,13.994,392
2014-06-24,14.127,392
2014-06-25,14.101,392
2014-06-26,14.086,392
2014-06-27,14.003,392
2014-06-28,14.85,392
2014-06-29,14.898,392
2014-06-30,15.348,392
2014-07-01,15.468,392
2014-07-02,15.552,392
2014-07-03,15.384,392
2014-07-04,15.295,392
2014-07-05,15.245,392
2014-07-06,15.53,392
2014-07-07,14.617,392
2014-07-08,14.569,392
2014-07-09,14.518,392
2014-07-10,14.613,392
2014-07-11,14.799,392
2014-07-12,15.19,392
2014-07-13,15.071,392
2014-07-14,14.882,392
2014-07-15,14.011,392
2014-07-16,13.223,392
2014-07-17,13.187,392
2014-07-18,13.153,392
2014-07-19,13.167,392
2014-07-20,13.923,392
2014-07-21,14.383,392
2014-07-22,14.465,392
2014-07-23,14.37,392
2014-07-24,15.15,392
2014-07-25,16.11,392
2014-07-26,15.531,392
2014-07-27,15.176,392
2014-07-28,14.871,392
2014-07-29,14.298,392
2014-07-30,13.974,392
2014-07-31,13.871,392
2014-08-01,14.067,392
2014-08-02,14.817,392
2014-08-03,14.858,392
2014-08-04,14.474,392
2014-08-05,13.932,392
2014-08-06,13.988,392
2014-08-07,13.961,392
2014-08-08,13.935,392
2014-08-09,13.553,392
2014-08-10,13.568,392
2014-08-11,13.499,392
2014-08-12,13.302,392
2014-08-13,13.332,392
2014-08-14,13.485,392
2014-08-15,13.696,392
2014-08-16,13.752,392
2014-08-17,13.898,392
2014-08-18,13.832,392
2014-08-19,13.96,392
2014-08-20,14.004,392
2014-08-21,14.127,392
2014-08-22,14.161,392
2014-08-23,14.041,392
2014-08-24,14.014,392
2014-08-25,14.208,392
2014-08-26,14.114,392
2014-08-27,14.056,392
2014-08-28,14.095,392
2014-08-29,15.125,392
2014-08-30,15.331,392
2014-08-31,15.387,392
2014-09-01,15.175,392
2014-09-02,13.936,392
2014-09-03,13.603,392
2014-09-04,13.939,392
2014-09-05,14.453,392
2014-09-06,14.692,392
2014-09-07,14.942,392
2014-09-08,14.45,392
2014-09-09,14.184,392
2014-09-10,13.925,392
2014-09-11,13.755,392
2014-09-12,13.728,392
2014-09-13,14.002,392
2014-09-14,14.459,392
2014-09-15,15.009,392
2014-09-16,15.391,392
2014-09-17,15.102,392
2014-09-18,15.14,392
2014-09-19,15.01,392
2014-09-20,15.232,392
2014-09-21,15.202,392
2014-09-22,14.95,392
2014-09-23,14.679,392
2014-09-24,14.569,392
2014-09-25,14.838,392
2014-09-26,15.309,392
2014-09-27,15.419,392
2014-09-28,15.525,392
2014-09-29,15.432,392
2014-09-30,15.357,392
2014-10-01,15.281,392
2014-10-02,15.422,392
2014-10-03,15.45,392
2014-10-04,14.586,392
2014-10-05,14.763,392
2014-10-06,15.31,392
2014-10-07,15.658,392
2014-10-08,15.705,392
2014-10-09,15.654,392
2014-10-10,15.831,392
2014-10-11,15.836,392
2014-10-12,15.798,392
2014-10-13,15.226,392
2014-10-14,15.094,392
2014-10-15,15.108,392
2014-10-16,15.097,392
2014-10-17,14.934,392
2014-10-18,14.823,392
2014-10-19,14.816,392
2014-10-20,14.879,392
2014-10-21,14.85,392
2014-10-22,15.16,392
2014-10-23,15.164,392
2014-10-24,15.149,392
2014-10-25,14.902,392
2014-10-26,14.883,392
2014-10-27,14.855,392
2014-10-28,14.78,392
2014-10-29,14.743,392
2014-10-30,14.708,392
2014-10-31,14.489,392
2014-11-01,14.449,392
2014-11-02,14.427,392
2014-11-03,14.252,392
2014-11-04,14.044,392
2014-11-05,13.86,392
2014-11-06,14.214,392
2014-11-07,14.174,392
2014-11-08,14.082,392
2014-11-09,13.875,392
2014-11-10,13.748,392
2014-11-11,13.487,392
2014-11-12,13.088,392
2014-11-13,12.75,392
2014-11-14,12.494,392
2014-11-15,12.472,392
2014-11-16,12.396,392
2014-11-17,12.355,392
2014-11-18,12.277,392
2014-11-19,12.222,392
2014-11-20,12.111,392
2014-11-21,11.901,392
2014-11-22,11.893,392
2014-11-23,11.889,392
2014-11-24,11.849,392
2014-11-25,11.612,392
2014-11-26,11.505,392
2014-11-27,11.748,392
2014-11-28,11.377,392
2014-11-29,11.147,392
2014-11-30,10.955,392
2014-12-01,10.66,392
2014-12-02,10.611,392
2014-12-03,10.701,392
2014-12-04,10.824,392
2014-12-05,11.012,392
2014-12-06,11.103,392
2014-12-07,11.181,392
2014-12-08,11.784,392
2014-12-09,11.868,392
2014-12-10,11.885,392
2014-12-11,11.889,392
2014-12-12,12.202,392
2014-12-13,12.269,392
2014-12-14,12.308,392
2014-12-15,12.28,392
2014-12-16,12.259,392
2014-12-17,12.07,392
2014-12-18,11.958,392
2014-12-19,11.854,392
2014-12-20,11.839,392
2014-12-21,11.876,392
2014-12-22,11.826,392
2014-12-23,11.57,392
2014-12-24,11.758,392
2014-12-25,11.816,392
2014-12-26,11.76,392
2014-12-27,11.062,392
2014-12-28,11.145,392
2014-12-29,11.064,392
2014-12-30,10.901,392
2014-12-31,10.565,392
2015-01-01,10.306,392
2015-01-02,10.253,392
2015-01-03,10.212,392
2015-01-04,10.201,392
2015-01-05,10.096,392
2015-01-06,10.219,392
2015-01-07,10.065,392
2015-01-08,9.943,392
2015-01-09,9.891,392
2015-01-10,9.877,392
2015-01-11,10.082,392
2015-01-12,10.088,392
2015-01-13,10.04,392
2015-01-14,10.01,392
2015-01-15,10.09,392
2015-01-16,10.341,392
2015-01-17,10.425,392
2015-01-18,10.759,392
2015-01-19,10.604,392
2015-01-20,10.364,392
2015-01-21,10.072,392
2015-01-22,10.053,392
2015-01-23,9.919,392
2015-01-24,9.894,392
2015-01-25,9.942,392
2015-01-26,9.866,392
2015-01-27,10.223,392
2015-01-28,10.527,392
2015-01-29,10.586,392
2015-01-30,10.444,392
2015-01-31,10.36,392
2015-02-01,10.437,392
2015-02-02,10.387,392
2015-02-03,10.247,392
2015-02-04,10.187,392
2015-02-05,10.102,392
2015-02-06,10.246,392
2015-02-07,10.265,392
2015-02-08,10.258,392
2015-02-09,10.137,392
2015-02-10,10.083,392
2015-02-11,9.978,392
2015-02-12,9.924,392
2015-02-13,10.899,392
2015-02-14,11.064,392
2015-02-15,11.032,392
2015-02-16,10.967,392
2015-02-17,11.06,392
2015-02-18,11.012,392
2015-02-19,11.016,392
2015-02-20,10.997,392
2015-02-21,10.898,392
2015-02-22,10.81,392
2015-02-23,10.795,392
2015-02-24,10.806,392
2015-02-25,10.751,392
2015-02-26,10.623,392
2015-02-27,10.544,392
2015-02-28,10.61,392
2015-03-01,10.404,392
2015-03-02,10.004,392
2015-03-03,9.74,392
2015-03-04,9.457,392
2015-03-05,9.414,392
2015-03-06,10.187,392
2015-03-07,10.198,392
2015-03-08,10.148,392
2015-03-09,10.111,392
2015-03-10,10.211,392
2015-03-11,10.251,392
2015-03-12,10.324,392
2015-03-13,10.401,392
2015-03-14,10.392,392
2015-03-15,10.556,392
2015-03-16,10.649,392
2015-03-17,10.733,392
2015-03-18,10.747,392
2015-03-19,10.685,392
2015-03-20,10.84,392
2015-03-21,10.874,392
2015-03-22,10.885,392
2015-03-23,10.871,392
2015-03-24,10.883,392
2015-03-25,10.895,392
2015-03-26,10.836,392
2015-03-27,10.717,392
2015-03-28,10.781,392
2015-03-29,10.793,392
2015-03-30,11.003,392
2015-03-31,11.099,392
2015-04-01,11.167,392
2015-04-02,11.195,392
2015-04-03,11.149,392
2015-04-04,11.126,392
2015-04-05,11.22,392
2015-04-06,11.27,392
2015-04-07,11.279,392
2015-04-08,11.43,392
2015-04-09,11.611,392
2015-04-10,11.77,392
2015-04-11,11.424,392
2015-04-12,11.328,392
2015-04-13,11.065,392
2015-04-14,10.936,392
2015-04-15,11.222,392
2015-04-16,11.55,392
2015-04-17,11.11,392
2015-04-18,10.849,392
2015-04-19,11.094,392
2015-04-20,11.423,392
2015-04-21,11.188,392
2015-04-22,10.366,392
2015-04-23,10.296,392
2015-04-24,10.638,392
2015-04-25,10.803,392
2015-04-26,10.872,392
2015-04-27,11.014,392
2015-04-28,11.141,392
2015-04-29,11.225,392
2015-04-30,11.406,392
2015-05-01,11.628,392
2015-05-02,11.56,392
2015-05-03,11.532,392
2015-05-04,11.556,392
2015-05-05,11.681,392
2015-05-06,11.66,392
2015-05-07,12.504,392
2015-05-08,12.889,392
2015-05-09,13.011,392
2015-05-10,12.681,392
2015-05-11,12.597,392
2015-05-12,12.448,392
2015-05-13,12.337,392
2015-05-14,12.247,392
2015-05-15,12.189,392
2015-05-16,12.266,392
2015-05-17,12.306,392
2015-05-18,12.252,392
2015-05-19,12.196,392
2015-05-20,12.026,392
2015-05-21,11.987,392
2015-05-22,12.014,392
2015-05-23,12.097,392
2015-05-24,12.202,392
2015-05-25,12.277,392
2015-05-26,12.279,392
2015-05-27,12.237,392
2015-05-28,12.289,392
2015-05-29,12.301,392
2015-05-30,12.371,392
2015-05-31,12.497,392
2015-06-01,12.535,392
2015-06-02,12.595,392
2015-06-03,12.603,392
2015-06-04,12.706,392
2015-06-05,12.627,392
2015-06-06,13.161,392
2015-06-07,13.077,392
2015-06-08,12.338,392
2015-06-09,11.786,392
2015-06-10,11.745,392
2015-06-11,11.779,392
2015-06-12,11.722,392
2015-06-13,11.857,392
2015-06-14,12.18,392
2015-06-15,12.276,392
2015-06-16,11.818,392
2015-06-17,11.874,392
2015-06-18,12.642,392
2015-06-19,12.83,392
2015-06-20,12.718,392
2015-06-21,12.594,392
2015-06-22,14.079,392
2015-06-23,14.247,392
2015-06-24,14.539,392
2015-06-25,14.307,392
2015-06-26,14.217,392
2015-06-27,13.995,392
2015-06-28,13.933,392
2015-06-29,14.107,392
2015-06-30,14.91,392
2015-07-01,14.949,392
2015-07-02,14.822,392
2015-07-03,14.694,392
2015-07-04,14.749,392
2015-07-05,14.796,392
2015-07-06,15.007,392
2015-07-07,15.102,392
2015-07-08,15.104,392
2015-07-09,15.04,392
2015-07-10,15.008,392
2015-07-11,14.933,392
2015-07-12,15.251,392
2015-07-13,15.117,392
2015-07-14,15.209,392
2015-07-15,15.209,392
2015-07-16,15.133,392
2015-07-17,15.766,392
2015-07-18,15.822,392
2015-07-19,15.74,392
2015-07-20,15.57,392
2015-07-21,15.065,392
2015-07-22,15.272,392
2015-07-23,15.455,392
2015-07-24,15.621,392
2015-07-25,15.594,392
2015-07-26,15.732,392
2015-07-27,15.851,392
2015-07-28,15.969,392
2015-07-29,15.475,392
2015-07-30,15.432,392
2015-07-31,15.37,392
2015-08-01,15.309,392
2015-08-02,15.074,392
2015-08-03,14.805,392
2015-08-04,14.806,392
2015-08-05,14.961,392
2015-08-06,15.461,392
2015-08-07,15.61,392
2015-08-08,15.614,392
2015-08-09,15.826,392
2015-08-10,15.422,392
2015-08-11,15.235,392
2015-08-12,15.178,392
2015-08-13,15.179,392
2015-08-14,16.379,392
2015-08-15,16.287,392
2015-08-16,15.94,392
2015-08-17,16.113,392
2015-08-18,16.16,392
2015-08-19,16.106,392
2015-08-20,15.341,392
2015-08-21,14.664,392
2015-08-22,14.609,392
2015-08-23,14.611,392
2015-08-24,15.001,392
2015-08-25,15.599,392
2015-08-26,15.725,392
2015-08-27,15.607,392
2015-08-28,15.566,392
2015-08-29,15.289,392
2015-08-30,15.106,392
2015-08-31,15.041,392
2015-09-01,15.001,392
2015-09-02,15.024,392
2015-09-03,15.099,392
2015-09-04,15.148,392
2015-09-05,15.071,392
2015-09-06,15,392
2015-09-07,14.954,392
2015-09-08,15.961,392
2015-09-09,16.154,392
2015-09-10,15.877,392
2015-09-11,15.736,392
2015-09-12,15.669,392
2015-09-13,15.625,392
2015-09-14,15.087,392
2015-09-15,14.888,392
2015-09-16,14.834,392
2015-09-17,14.79,392
2015-09-18,14.883,392
2015-09-19,14.938,392
2015-09-20,14.857,392
2015-09-21,14.819,392
2015-09-22,14.711,392
2015-09-23,14.568,392
2015-09-24,14.985,392
2015-09-25,14.821,392
2015-09-26,14.797,392
2015-09-27,14.766,392
2015-09-28,14.748,392
2015-09-29,14.748,392
2015-09-30,14.649,392
2015-10-01,14.148,392
2015-10-02,13.927,392
2015-10-03,13.956,392
2015-10-04,13.874,392
2015-10-05,13.649,392
2015-10-06,13.493,392
2015-10-07,13.63,392
2015-10-08,13.544,392
2015-10-09,13.464,392
2015-10-10,14.334,392
2015-10-11,14.405,392
2015-10-12,14.478,392
2015-10-13,14.295,392
2015-10-14,14.125,392
2015-10-15,14.119,392
2015-10-16,14.374,392
2015-10-17,14.426,392
2015-10-18,14.472,392
2015-10-19,14.827,392
2015-10-20,14.803,392
2015-10-21,14.555,392
2015-10-22,14.502,392
2015-10-23,14.449,392
2015-10-24,14.461,392
2015-10-25,14.526,392
2015-10-26,14.559,392
2015-10-27,14.437,392
2015-10-28,14.381,392
2015-10-29,14.315,392
2015-10-30,14.064,392
2015-10-31,14.009,392
2015-11-01,13.701,392
2015-11-02,13.561,392
2015-11-03,13.59,392
2015-11-04,13.575,392
2015-11-05,13.445,392
2015-11-06,13.334,392
2015-11-07,13.265,392
2015-11-08,13.203,392
2015-11-09,12.964,392
2015-11-10,12.791,392
2015-11-11,12.687,392
2015-11-12,12.637,392
2015-11-13,12.539,392
2015-11-14,12.498,392
2015-11-15,12.446,392
2015-11-16,12.406,392
2015-11-17,12.376,392
2015-11-18,12.024,392
2015-11-19,11.862,392
2015-11-20,11.446,392
2015-11-21,11.277,392
2015-11-22,11.369,392
2015-11-23,11.375,392
2015-11-24,11.04,392
2015-11-25,10.879,392
2015-11-26,10.672,392
2015-11-27,10.582,392
2015-11-28,10.573,392
2015-11-29,10.629,392
2015-11-30,10.55,392
2015-12-01,10.592,392
2015-12-02,10.547,392
2015-12-03,10.755,392
2015-12-04,10.916,392
2015-12-05,10.901,392
2015-12-06,10.763,392
2015-12-07,10.747,392
2015-12-08,11.487,392
2015-12-09,11.527,392
2015-12-10,11.459,392
2015-12-11,11.303,392
2015-12-12,11.226,392
2015-12-13,10.965,392
2015-12-14,10.878,392
2015-12-15,10.831,392
2015-12-16,10.68,392
2015-12-17,10.647,392
2015-12-18,10.563,392
2015-12-19,10.464,392
2015-12-20,10.438,392
2015-12-21,10.404,392
2015-12-22,10.315,392
2015-12-23,10.225,392
2015-12-24,9.654,392
2015-12-25,9.5,392
2015-12-26,9.496,392
2015-12-27,9.53,392
2015-12-28,9.818,392
2015-12-29,9.736,392
2015-12-30,9.647,392
2015-12-31,9.615,392
2016-01-01,9.642,392
2016-01-02,9.612,392
2016-01-03,9.445,392
2016-01-04,9.354,392
2016-01-05,9.318,392
2016-01-06,9.387,392
2016-01-07,9.344,392
2016-01-08,9.31,392
2016-01-09,9.137,392
2016-01-10,9.23,392
2016-01-11,9.287,392
2016-01-12,9.346,392
2016-01-13,9.399,392
2016-01-14,9.541,392
2016-01-15,9.628,392
2016-01-16,9.715,392
2016-01-17,9.936,392
2016-01-18,10.024,392
2016-01-19,10.112,392
2016-01-20,10.092,392
2016-01-21,10.101,392
2016-01-22,10.121,392
2016-01-23,10.113,392
2016-01-24,10.15,392
2016-01-25,10.168,392
2016-01-26,9.76,392
2016-01-27,10.125,392
2016-01-28,10.325,392
2016-01-29,10.484,392
2016-01-30,10.396,392
2016-01-31,10.369,392
2016-02-01,10.253,392
2016-02-02,10.156,392
2016-02-03,10.058,392
2016-02-04,9.997,392
2016-02-05,10.031,392
2016-02-06,10.236,392
2016-02-07,9.96,392
2016-02-08,10.001,392
2016-02-09,10.151,392
2016-02-10,10.315,392
2016-02-11,10.326,392
2016-02-12,10.331,392
2016-02-13,10.336,392
2016-02-14,10.289,392
2016-02-15,10.108,392
2016-02-16,10.123,392
2016-02-17,10.12,392
2016-02-18,10.091,392
2016-02-19,10.069,392
2016-02-20,10.21,392
2016-02-21,10.276,392
2016-02-22,10.368,392
2016-02-23,10.475,392
2016-02-24,10.486,392
2016-02-25,10.366,392
2016-02-26,10.342,392
2016-02-27,10.296,392
2016-02-28,10.215,392
2016-02-29,10.19,392
2016-03-01,10.23,392
2016-03-02,10.09,392
2016-03-03,10.112,392
2016-03-04,10.054,392
2016-03-05,10.232,392
2016-03-06,10.392,392
2016-03-07,10.55,392
2016-03-08,10.525,392
2016-03-09,10.613,392
2016-03-10,10.626,392
2016-03-11,10.555,392
2016-03-12,10.496,392
2016-03-13,10.463,392
2016-03-14,10.474,392
2016-03-15,10.334,392
2016-03-16,10.14,392
2016-03-17,10.11,392
2016-03-18,10.074,392
2016-03-19,10.198,392
2016-03-20,10.279,392
2016-03-21,10.319,392
2016-03-22,10.406,392
2016-03-23,10.465,392
2016-03-24,10.408,392
2016-03-25,10.35,392
2016-03-26,10.267,392
2016-03-27,10.442,392
2016-03-28,10.489,392
2016-03-29,11.255,392
2016-03-30,11.523,392
2016-03-31,11.565,392
2016-04-01,11.252,392
2016-04-02,11.46,392
2016-04-03,11.381,392
2016-04-04,11.176,392
2016-04-05,10.963,392
2016-04-06,11.578,392
2016-04-07,11.685,392
2016-04-08,11.47,392
2016-04-09,11.171,392
2016-04-10,11.097,392
2016-04-11,11.231,392
2016-04-12,11.236,392
2016-04-13,11.14,392
2016-04-14,11.044,392
2016-04-15,11.047,392
2016-04-16,11.147,392
2016-04-17,11.596,392
2016-04-18,12.153,392
2016-04-19,12.759,392
2016-04-20,12.909,392
2016-04-21,12.992,392
2016-04-22,12.535,392
2016-04-23,12.33,392
2016-04-24,12.202,392
2016-04-25,12.127,392
2016-04-26,12.23,392
2016-04-27,12.379,392
2016-04-28,12.345,392
2016-04-29,11.911,392
2016-04-30,12.283,392
2016-05-01,12.577,392
2016-05-02,12.908,392
2016-05-03,12.582,392
2016-05-04,11.777,392
2016-05-05,11.854,392
2016-05-06,11.868,392
2016-05-07,11.57,392
2016-05-08,11.418,392
2016-05-09,11.511,392
2016-05-10,11.726,392
2016-05-11,11.914,392
2016-05-12,11.806,392
2016-05-13,11.821,392
2016-05-14,11.918,392
2016-05-15,12.003,392
2016-05-16,12.051,392
2016-05-17,12.169,392
2016-05-18,12.01,392
2016-05-19,12.01,392
2016-05-20,12.081,392
2016-05-21,12.249,392
2016-05-22,12.609,392
2016-05-23,12.847,392
2016-05-24,12.973,392
2016-05-25,12.984,392
2016-05-26,12.638,392
2016-05-27,12.395,392
2016-05-28,12.617,392
2016-05-29,12.69,392
2016-05-30,12.694,392
2016-05-31,12.935,392
2016-06-01,13.233,392
2016-06-02,13.881,392
2016-06-03,13.966,392
2016-06-04,14.053,392
2016-06-05,13.798,392
2016-06-06,13.578,392
2016-06-07,13.455,392
2016-06-08,13.483,392
2016-06-09,13.517,392
2016-06-10,13.57,392
2016-06-11,13.609,392
2016-06-12,13.646,392
2016-06-13,13.652,392
2016-06-14,13.663,392
2016-06-15,14.256,392
2016-06-16,14.274,392
2016-06-17,14.281,392
2016-06-18,14.316,392
2016-06-19,14.26,392
2016-06-20,14.17,392
2016-06-21,14.145,392
2016-06-22,14.075,392
2016-06-23,13.954,392
2016-06-24,13.99,392
2016-06-25,13.752,392
2016-06-26,13.712,392
2016-06-27,13.675,392
2016-06-28,13.391,392
2016-06-29,13.286,392
2016-06-30,13.348,392
2016-07-01,13.715,392
2016-07-02,13.547,392
2016-07-03,13.454,392
2016-07-04,13.446,392
2016-07-05,13.614,392
2016-07-06,13.721,392
2016-07-07,13.716,392
2016-07-08,13.684,392
2016-07-09,13.797,392
2016-07-10,13.983,392
2016-07-11,14.163,392
2016-07-12,15.301,392
2016-07-13,15.254,392
2016-07-14,15.185,392
2016-07-15,15.036,392
2016-07-16,14.889,392
2016-07-17,14.882,392
2016-07-18,15.018,392
2016-07-19,15.639,392
2016-07-20,15.799,392
2016-07-21,15.919,392
2016-07-22,15.942,392
2016-07-23,16.171,392
2016-07-24,16.065,392
2016-07-25,15.726,392
2016-07-26,14.896,392
2016-07-27,14.73,392
2016-07-28,14.316,392
2016-07-29,13.705,392
2016-07-30,13.374,392
2016-07-31,13.099,392
2016-08-01,13.091,392
2016-08-02,13.482,392
2016-08-03,13.598,392
2016-08-04,13.06,392
2016-08-05,12.949,392
2016-08-06,12.848,392
2016-08-07,13.065,392
2016-08-08,13.254,392
2016-08-09,13.328,392
2016-08-10,14.348,392
2016-08-11,14.943,392
2016-08-12,15.202,392
2016-08-13,15.326,392
2016-08-14,14.804,392
2016-08-15,13.614,392
2016-08-16,13.059,392
2016-08-17,13.196,392
2016-08-18,13.297,392
2016-08-19,13.572,392
2016-08-20,13.744,392
2016-08-21,13.608,392
2016-08-22,13.74,392
2016-08-23,14.159,392
2016-08-24,14.35,392
2016-08-25,14.423,392
2016-08-26,14.174,392
2016-08-27,14.159,392
2016-08-28,14.074,392
2016-08-29,14.202,392
2016-08-30,14.197,392
2016-08-31,14.175,392
2016-09-01,13.988,392
2016-09-02,13.996,392
2016-09-03,14.026,392
2016-09-04,14.066,392
2016-09-05,14.494,392
2016-09-06,14.585,392
2016-09-07,14.61,392
2016-09-08,15.183,392
2016-09-09,14.57,392
2016-09-10,14.081,392
2016-09-11,14.011,392
2016-09-12,14.11,392
2016-09-13,14.252,392
2016-09-14,14.293,392
2016-09-15,14.259,392
2016-09-16,14.426,392
2016-09-17,14.174,392
2016-09-18,14.109,392
2016-09-19,14.248,392
2016-09-20,14.473,392
2016-09-21,14.494,392
2016-09-22,14.436,392
2016-09-23,14.054,392
2016-09-24,13.917,392
2016-09-25,14.092,392
2016-09-26,13.748,392
2016-09-27,13.509,392
2016-09-28,13.325,392
2016-09-29,13.009,392
2016-09-30,12.655,392
2016-10-01,12.936,392
2016-10-02,13.41,392
2016-10-03,13.45,392
2016-10-04,13.706,392
2016-10-05,13.691,392
2016-10-06,13.612,392
2016-10-07,13.268,392
2016-10-08,12.954,392
2016-10-09,12.828,392
2016-10-10,12.748,392
2016-10-11,12.73,392
2016-10-12,12.688,392
2016-10-13,12.847,392
2016-10-14,12.769,392
2016-10-15,12.689,392
2016-10-16,12.591,392
2016-10-17,12.735,392
2016-10-18,12.72,392
2016-10-19,12.688,392
2016-10-20,12.746,392
2016-10-21,12.777,392
2016-10-22,12.701,392
2016-10-23,12.652,392
2016-10-24,12.806,392
2016-10-25,12.869,392
2016-10-26,12.826,392
2016-10-27,12.747,392
2016-10-28,12.877,392
2016-10-29,12.834,392
2016-10-30,12.872,392
2016-10-31,12.878,392
2016-11-01,12.846,392
2016-11-02,13.404,392
2016-11-03,13.361,392
2016-11-04,13.345,392
2016-11-05,13.276,392
2016-11-06,13.145,392
2016-11-07,13.105,392
2016-11-08,13.09,392
2016-11-09,13.103,392
2016-11-10,13.124,392
2016-11-11,13.325,392
2016-11-12,13.295,392
2016-11-13,13.197,392
2016-11-14,13.173,392
2016-11-15,13.144,392
2016-11-16,13.273,392
2016-11-17,13.266,392
2016-11-18,13.339,392
2016-11-19,13.034,392
2016-11-20,12.761,392
2016-11-21,12.617,392
2016-11-22,12.681,392
2016-11-23,12.653,392
2016-11-24,12.502,392
2016-11-25,12.299,392
2016-11-26,12.335,392
2016-11-27,12.406,392
2016-11-28,12.443,392
2016-11-29,12.454,392
2016-11-30,12.522,392
2016-12-01,12.45,392
2016-12-02,12.388,392
2016-12-03,11.98,392
2016-12-04,11.839,392
2016-12-05,11.349,392
2016-12-06,10.859,392
2016-12-07,10.837,392
2016-12-08,10.795,392
2016-12-09,10.801,392
2016-12-10,10.838,392
2016-12-11,10.761,392
2016-12-12,10.516,392
2016-12-13,10.378,392
2016-12-14,10.291,392
2016-12-15,10.098,392
2016-12-16,9.895,392
2016-12-17,9.872,392
2016-12-18,9.818,392
2016-12-19,10.025,392
2016-12-20,10.131,392
2016-12-21,10.214,392
2016-12-22,10.165,392
2016-12-23,9.568,392
2016-12-24,9.473,392
2016-12-25,9.462,392
2016-12-26,9.418,392
2016-12-27,9.399,392
2016-12-28,9.427,392
2016-12-29,9.431,392
2016-12-30,9.408,392
2016-12-31,9.363,392
2017-01-01,9.029,392
2017-01-02,8.55,392
2017-01-03,8.468,392
2017-01-04,8.43,392
2017-01-05,8.382,392
2017-01-06,8.477,392
2017-01-07,8.758,392
2017-01-08,8.777,392
2017-01-09,8.791,392
2017-01-10,8.652,392
2017-01-11,8.045,392
2017-01-12,7.885,392
2017-01-13,7.766,392
2017-01-14,7.468,392
2017-01-15,7.492,392
2017-01-16,7.512,392
2017-01-17,7.776,392
2017-01-18,7.939,392
2017-01-19,8.192,392
2017-01-20,8.362,392
2017-01-21,9.021,392
2017-01-22,9.16,392
2017-01-23,9.159,392
2017-01-24,9.198,392
2017-01-25,9.264,392
2017-01-26,9.186,392
2017-01-27,9.184,392
2017-01-28,9.169,392
2017-01-29,9.276,392
2017-01-30,8.387,392
2017-01-31,8.341,392
2017-02-01,8.311,392
2017-02-02,8.521,392
2017-02-03,8.498,392
2017-02-04,8.653,392
2017-02-05,8.755,392
2017-02-06,8.748,392
2017-02-07,8.701,392
2017-02-08,8.7,392
2017-02-09,8.783,392
2017-02-10,8.733,392
2017-02-11,9.018,392
2017-02-12,8.784,392
2017-02-13,8.714,392
2017-02-14,8.688,392
2017-02-15,8.804,392
2017-02-16,9.068,392
2017-02-17,9.141,392
2017-02-18,9.231,392
2017-02-19,9.297,392
2017-02-20,9.28,392
2017-02-21,9.156,392
2017-02-22,8.826,392
2017-02-23,8.554,392
2017-02-24,8.583,392
2017-02-25,8.646,392
2017-02-26,8.667,392
2017-02-27,8.684,392
2017-02-28,8.546,392
2017-03-01,8.588,392
2017-03-02,8.715,392
2017-03-03,8.827,392
2017-03-04,8.814,392
2017-03-05,8.627,392
2017-03-06,8.65,392
2017-03-07,8.864,392
2017-03-08,8.856,392
2017-03-09,8.849,392
2017-03-10,8.854,392
2017-03-11,9.015,392
2017-03-12,9.206,392
2017-03-13,9.29,392
2017-03-14,9.329,392
2017-03-15,9.38,392
2017-03-16,9.374,392
2017-03-17,9.374,392
2017-03-18,9.398,392
2017-03-19,9.389,392
2017-03-20,9.406,392
2017-03-21,9.422,392
2017-03-22,9.549,392
2017-03-23,9.597,392
2017-03-24,9.61,392
2017-03-25,9.623,392
2017-03-26,9.625,392
2017-03-27,9.64,392
2017-03-28,9.69,392
2017-03-29,9.705,392
2017-03-30,9.732,392
2017-03-31,9.744,392
2017-04-01,9.709,392
2017-04-02,9.736,392
2017-04-03,9.734,392
2017-04-04,9.874,392
2017-04-05,10.159,392
2017-04-06,10.289,392
2017-04-07,10.307,392
2017-04-08,9.862,392
2017-04-09,9.804,392
2017-04-10,9.828,392
2017-04-11,9.895,392
2017-04-12,9.966,392
2017-04-13,10.081,392
2017-04-14,10.224,392
2017-04-15,10.257,392
2017-04-16,10.255,392
2017-04-17,10.275,392
2017-04-18,10.292,392
2017-04-19,10.477,392
2017-04-20,11.009,392
2017-04-21,11.068,392
2017-04-22,11.095,392
2017-04-23,10.981,392
2017-04-24,10.812,392
2017-04-25,10.795,392
2017-04-26,10.795,392
2017-04-27,10.903,392
2017-04-28,10.882,392
2017-04-29,10.85,392
2017-04-30,10.822,392
2017-05-01,10.785,392
2017-05-02,10.82,392
2017-05-03,11.266,392
2017-05-04,11.272,392
2017-05-05,11.394,392
2017-05-06,11.592,392
2017-05-07,11.7,392
2017-05-08,11.982,392
2017-05-09,12.033,392
2017-05-10,12.03,392
2017-05-11,11.808,392
2017-05-12,11.717,392
2017-05-13,11.675,392
2017-05-14,11.725,392
2017-05-15,11.783,392
2017-05-16,11.864,392
2017-05-17,11.89,392
2017-05-18,12.002,392
2017-05-19,12.126,392
2017-05-20,12.066,392
2017-05-21,12.65,392
2017-05-22,12.368,392
2017-05-23,11.669,392
2017-05-24,11.117,392
2017-05-25,11.443,392
2017-05-26,11.759,392
2017-05-27,11.889,392
2017-05-28,11.837,392
2017-05-29,11.929,392
2017-05-30,12.033,392
2017-05-31,12.4,392
2017-06-01,12.479,392
2017-06-02,12.255,392
2017-06-03,13.019,392
2017-06-04,13.115,392
2017-06-05,13.169,392
2017-06-06,12.96,392
2017-06-07,13.114,392
2017-06-08,12.922,392
2017-06-09,12.925,392
2017-06-10,13.374,392
2017-06-11,13.646,392
2017-06-12,13.67,392
2017-06-13,13.716,392
2017-06-14,13.677,392
2017-06-15,13.285,392
2017-06-16,13.386,392
2017-06-17,13.498,392
2017-06-18,13.46,392
2017-06-19,13.396,392
2017-06-20,13.744,392
2017-06-21,14.113,392
2017-06-22,14.179,392
2017-06-23,13.868,392
2017-06-24,13.673,392
2017-06-25,13.646,392
2017-06-26,13.595,392
2017-06-27,13.332,392
2017-06-28,13.403,392
2017-06-29,13.509,392
2017-06-30,13.113,392
2017-07-01,12.69,392
2017-07-02,12.651,392
2017-07-03,12.676,392
2017-07-04,12.688,392
2017-07-05,12.559,392
2017-07-06,12.564,392
2017-07-07,12.633,392
2017-07-08,12.772,392
2017-07-09,13.116,392
2017-07-10,12.724,392
2017-07-11,12.675,392
2017-07-12,12.631,392
2017-07-13,13.526,392
2017-07-14,13.564,392
2017-07-15,13.883,392
2017-07-16,14.361,392
2017-07-17,14.077,392
2017-07-18,13.808,392
2017-07-19,13.8,392
2017-07-20,14.734,392
2017-07-21,14.827,392
2017-07-22,14.39,392
2017-07-23,13.956,392
2017-07-24,13.625,392
2017-07-25,13.414,392
2017-07-26,13.394,392
2017-07-27,13.805,392
2017-07-28,13.542,392
2017-07-29,13.57,392
2017-07-30,13.853,392
2017-07-31,14.21,392
2017-08-01,14.051,392
2017-08-02,13.996,392
2017-08-03,14.115,392
2017-08-04,14.748,392
2017-08-05,15.041,392
2017-08-06,14.814,392
2017-08-07,13.849,392
2017-08-08,13.042,392
2017-08-09,12.656,392
2017-08-10,12.297,392
2017-08-11,12.29,392
2017-08-12,13.296,392
2017-08-13,13.584,392
2017-08-14,13.635,392
2017-08-15,13.681,392
2017-08-16,13.872,392
2017-08-17,13.739,392
2017-08-18,13.718,392
2017-08-19,13.7,392
2017-08-20,13.484,392
2017-08-21,13.15,392
2017-08-22,13.069,392
2017-08-23,13.105,392
2017-08-24,13.927,392
2017-08-25,14.065,392
2017-08-26,13.462,392
2017-08-27,13.245,392
2017-08-28,13.196,392
2017-08-29,12.24,392
2017-08-30,12.293,392
2017-08-31,12.952,392
2017-09-01,13.827,392
2017-09-02,13.58,392
2017-09-03,13.707,392
2017-09-04,13.519,392
2017-09-05,13.651,392
2017-09-06,13.74,392
2017-09-07,13.968,392
2017-09-08,14.245,392
2017-09-09,13.801,392
2017-09-10,13.83,392
2017-09-11,13.984,392
2017-09-12,14.039,392
2017-09-13,13.453,392
2017-09-14,13.41,392
2017-09-15,13.321,392
2017-09-16,13.092,392
2017-09-17,13.23,392
2017-09-18,13.475,392
2017-09-19,13.57,392
2017-09-20,13.657,392
2017-09-21,13.639,392
2017-09-22,13.583,392
2017-09-23,13.563,392
2017-09-24,13.703,392
2017-09-25,14.741,392
2017-09-26,14.936,392
2017-09-27,14.992,392
2017-09-28,15.021,392
2017-09-29,15.034,392
2017-09-30,14.149,392
2017-10-01,14.186,392
2017-10-02,14.223,392
2017-10-03,13.998,392
2017-10-04,13.775,392
2017-10-05,13.605,392
2017-10-06,13.295,392
2017-10-07,13.033,392
2017-10-08,12.924,392
2017-10-09,12.859,392
2017-10-10,12.42,392
2017-10-11,12.235,392
2017-10-12,11.805,392
2017-10-13,11.394,392
2017-10-14,11.411,392
2017-10-15,11.631,392
2017-10-16,11.537,392
2017-10-17,11.357,392
2017-10-18,11.35,392
2017-10-19,11.226,392
2017-10-20,11.228,392
2017-10-21,11.311,392
2017-10-22,11.521,392
2017-10-23,11.81,392
2017-10-24,12.029,392
2017-10-25,11.932,392
2017-10-26,11.941,392
2017-10-27,12.037,392
2017-10-28,12.05,392
2017-10-29,12.229,392
2017-10-30,12.158,392
2017-10-31,11.85,392
2017-11-01,11.596,392
2017-11-02,11.286,392
2017-11-03,11.022,392
2017-11-04,10.759,392
2017-11-05,10.701,392
2017-11-06,10.661,392
2017-11-07,10.621,392
2017-11-08,10.723,392
2017-11-09,10.783,392
2017-11-10,10.759,392
2017-11-11,10.769,392
2017-11-12,10.748,392
2017-11-13,10.773,392
2017-11-14,11,392
2017-11-15,11.037,392
2017-11-16,11.053,392
2017-11-17,11.028,392
2017-11-18,11.055,392
2017-11-19,10.994,392
2017-11-20,10.969,392
2017-11-21,10.951,392
2017-11-22,11.221,392
2017-11-23,11.298,392
2017-11-24,11.359,392
2017-11-25,11.236,392
2017-11-26,11.254,392
2017-11-27,11.258,392
2017-11-28,11.379,392
2017-11-29,11.336,392
2017-11-30,11.357,392
2017-12-01,11.101,392
2017-12-02,10.922,392
2017-12-03,10.756,392
2017-12-04,10.329,392
2017-12-05,10.202,392
2017-12-06,10.171,392
2017-12-07,10.093,392
2017-12-08,10.058,392
2017-12-09,10.001,392
2017-12-10,9.962,392
2017-12-11,9.976,392
2017-12-12,9.987,392
2017-12-13,9.716,392
2017-12-14,9.681,392
2017-12-15,9.94,392
2017-12-16,10.094,392
2017-12-17,10.101,392
2017-12-18,10.06,392
2017-12-19,9.689,392
2017-12-20,9.664,392
2017-12-21,9.661,392
2017-12-22,9.539,392
2017-12-23,9.531,392
2017-12-24,9.569,392
2017-12-25,9.446,392
2017-12-26,9.38,392
2017-12-27,9.333,392
2017-12-28,9.267,392
2017-12-29,9.15,392
2017-12-30,9.154,392
2017-12-31,8.937,392
2018-01-01,8.934,392
2018-01-02,8.551,392
2018-01-03,8.522,392
2018-01-04,8.522,392
2018-01-05,8.543,392
2018-01-06,8.608,392
2018-01-07,8.724,392
2018-01-08,8.945,392
2018-01-09,9.002,392
2018-01-10,8.942,392
2018-01-11,9.013,392
2018-01-12,9.079,392
2018-01-13,9.482,392
2018-01-14,9.533,392
2018-01-15,9.567,392
2018-01-16,9.719,392
2018-01-17,9.761,392
2018-01-18,9.714,392
2018-01-19,9.799,392
2018-01-20,9.952,392
2018-01-21,10.019,392
2018-01-22,10.029,392
2018-01-23,9.98,392
2018-01-24,9.981,392
2018-01-25,10.064,392
2018-01-26,10.054,392
2018-01-27,10.059,392
2018-01-28,10.098,392
2018-01-29,10.097,392
2018-01-30,10.061,392
2018-01-31,10.029,392
2018-02-01,9.969,392
2018-02-02,9.814,392
2018-02-03,9.705,392
2018-02-04,9.688,392
2018-02-05,9.671,392
2018-02-06,9.731,392
2018-02-07,9.674,392
2018-02-08,9.625,392
2018-02-09,9.537,392
2018-02-10,9.164,392
2018-02-11,8.708,392
2018-02-12,8.662,392
2018-02-13,8.656,392
2018-02-14,8.731,392
2018-02-15,8.786,392
2018-02-16,8.782,392
2018-02-17,8.571,392
2018-02-18,8.292,392
2018-02-19,8.218,392
2018-02-20,8.197,392
2018-02-21,7.994,392
2018-02-22,7.879,392
2018-02-23,7.973,392
2018-02-24,7.986,392
2018-02-25,7.917,392
2018-02-26,7.925,392
2018-02-27,7.931,392
2018-02-28,7.932,392
2018-03-01,7.951,392
2018-03-02,7.852,392
2018-03-03,7.827,392
2018-03-04,7.814,392
2018-03-05,8.324,392
2018-03-06,8.179,392
2018-03-07,8.166,392
2018-03-08,8.138,392
2018-03-09,8.198,392
2018-03-10,8.28,392
2018-03-11,8.401,392
2018-03-12,8.887,392
2018-03-13,8.942,392
2018-03-14,8.823,392
2018-03-15,8.951,392
2018-03-16,8.967,392
2018-03-17,8.986,392
2018-03-18,9.236,392
2018-03-19,9.3,392
2018-03-20,9.32,392
2018-03-21,9.345,392
2018-03-22,9.329,392
2018-03-23,9.148,392
2018-03-24,8.881,392
2018-03-25,8.854,392
2018-03-26,8.861,392
2018-03-27,8.941,392
2018-03-28,9.17,392
2018-03-29,9.253,392
2018-03-30,9.218,392
2018-03-31,9.174,392
2018-04-01,9.243,392
2018-04-02,9.258,392
2018-04-03,9.248,392
2018-04-04,9.335,392
2018-04-05,9.055,392
2018-04-06,9.41,392
2018-04-07,9.51,392
2018-04-08,9.612,392
2018-04-09,9.715,392
2018-04-10,9.731,392
2018-04-11,9.789,392
2018-04-12,9.839,392
2018-04-13,9.875,392
2018-04-14,9.932,392
2018-04-15,9.92,392
2018-04-16,9.952,392
2018-04-17,9.944,392
2018-04-18,9.868,392
2018-04-19,9.998,392
2018-04-20,10.018,392
2018-04-21,10.101,392
2018-04-22,10.201,392
2018-04-23,10.096,392
2018-04-24,10.498,392
2018-04-25,11.027,392
2018-04-26,11.036,392
2018-04-27,11.014,392
2018-04-28,10.896,392
2018-04-29,11.216,392
2018-04-30,11.221,392
2018-05-01,11.109,392
2018-05-02,11.094,392
2018-05-03,11.194,392
2018-05-04,11.644,392
2018-05-05,11.601,392
2018-05-06,11.511,392
2018-05-07,11.635,392
2018-05-08,11.799,392
2018-05-09,11.722,392
2018-05-10,11.841,392
2018-05-11,11.891,392
2018-05-12,11.92,392
2018-05-13,13.363,392
2018-05-14,13.525,392
2018-05-15,13.469,392
2018-05-16,12.858,392
2018-05-17,12.754,392
2018-05-18,12.759,392
2018-05-19,12.711,392
2018-05-20,12.916,392
2018-05-21,12.94,392
2018-05-22,12.838,392
2018-05-23,12.72,392
2018-05-24,12.416,392
2018-05-25,11.796,392
2018-05-26,12.009,392
2018-05-27,12.264,392
2018-05-28,12.302,392
2018-05-29,12.088,392
2018-05-30,11.496,392
2018-05-31,11.443,392
2018-06-01,11.55,392
2018-06-02,11.909,392
2018-06-03,12.065,392
2018-06-04,12.157,392
2018-06-05,12.31,392
2018-06-06,12.516,392
2018-06-07,12.625,392
2018-06-08,13.314,392
2018-06-09,13.373,392
2018-06-10,13.429,392
2018-06-11,13.38,392
2018-06-12,13.391,392
2018-06-13,13.634,392
2018-06-14,13.919,392
2018-06-15,14.089,392
2018-06-16,14.586,392
2018-06-17,14.499,392
2018-06-18,14.335,392
2018-06-19,14.124,392
2018-06-20,14.109,392
2018-06-21,13.974,392
2018-06-22,14.079,392
2018-06-23,13.976,392
2018-06-24,14.025,392
2018-06-25,13.777,392
2018-06-26,13.689,392
2018-06-27,13.613,392
2018-06-28,13.272,392
2018-06-29,13.055,392
2018-06-30,13.327,392
2018-07-01,12.936,392
2018-07-02,12.843,392
2018-07-03,13,392
2018-07-04,13.266,392
2018-07-05,13.5,392
2018-07-06,15.005,392
2018-07-07,14.673,392
2018-07-08,14.665,392
2018-07-09,14.666,392
2018-07-10,14.712,392
2018-07-11,14.697,392
2018-07-12,14.505,392
2018-07-13,13.985,392
2018-07-14,13.234,392
2018-07-15,13.599,392
2018-07-16,13.705,392
2018-07-17,13.665,392
2018-07-18,13.335,392
2018-07-19,13.101,392
2018-07-20,13.031,392
2018-07-21,13.063,392
2018-07-22,13.3,392
2018-07-23,13.232,392
2018-07-24,11.242,392
2018-07-25,10.332,392
2018-07-26,10.307,392
2018-07-27,10.456,392
2018-07-28,10.851,392
2018-07-29,11.819,392
2018-07-30,11.303,392
2018-07-31,10.833,392
2018-08-01,10.978,392
2018-08-02,10.961,392
2018-08-03,11.299,392
2018-08-04,11.699,392
2018-08-05,12.047,392
2018-08-06,12.771,392
2018-08-07,13.007,392
2018-08-08,13.536,392
2018-08-09,14.096,392
2018-08-10,14.33,392
2018-08-11,13.41,392
2018-08-12,13.481,392
2018-08-13,14.032,392
2018-08-14,14.021,392
2018-08-15,13.914,392
2018-08-16,13.798,392
2018-08-17,13.443,392
2018-08-18,12.953,392
2018-08-19,12.598,392
2018-08-20,13.4,392
2018-08-21,14.04,392
2018-08-22,13.98,392
2018-08-23,13.431,392
2018-08-24,13.374,392
2018-08-25,13.409,392
2018-08-26,12.984,392
2018-08-27,13.027,392
2018-08-28,12.901,392
2018-08-29,12.758,392
2018-08-30,13.04,392
2018-08-31,13.884,392
2018-09-01,13.835,392
2018-09-02,13.731,392
2018-09-03,13.149,392
2018-09-04,13.009,392
2018-09-05,12.957,392
2018-09-06,12.988,392
2018-09-07,12.623,392
2018-09-08,12.541,392
2018-09-09,12.447,392
2018-09-10,12.958,392
2018-09-11,13.451,392
2018-09-12,13.884,392
2018-09-13,14.115,392
2018-09-14,14.45,392
2018-09-15,14.261,392
2018-09-16,14.18,392
2018-09-17,14.115,392
2018-09-18,14.067,392
2018-09-19,14.023,392
2018-09-20,14.19,392
2018-09-21,14.19,392
2018-09-22,14.06,392
2018-09-23,14.376,392
2018-09-24,14.307,392
2018-09-25,14.109,392
2018-09-26,14.054,392
2018-09-27,14.09,392
2018-09-28,14.334,392
2018-09-29,14.385,392
2018-09-30,14.633,392
2018-10-01,14.133,392
2018-10-02,14.079,392
2018-10-03,13.803,392
2018-10-04,13.524,392
2018-10-05,13.259,392
2018-10-06,13.169,392
2018-10-07,13.094,392
2018-10-08,12.265,392
2018-10-09,12.167,392
2018-10-10,12.363,392
2018-10-11,12.654,392
2018-10-12,12.647,392
2018-10-13,12.658,392
2018-10-14,12.565,392
2018-10-15,12.472,392
2018-10-16,12.606,392
2018-10-17,12.757,392
2018-10-18,12.883,392
2018-10-19,12.85,392
2018-10-20,12.74,392
2018-10-21,12.658,392
2018-10-22,12.469,392
2018-10-23,12.519,392
2018-10-24,12.514,392
2018-10-25,12.481,392
2018-10-26,12.424,392
2018-10-27,12.398,392
2018-10-28,12.484,392
2018-10-29,12.594,392
2018-10-30,12.559,392
2018-10-31,12.553,392
2018-11-01,12.555,392
2018-11-02,12.559,392
2018-11-03,12.391,392
2018-11-04,12.397,392
2018-11-05,12.356,392
2018-11-06,12.224,392
2018-11-07,11.816,392
2018-11-08,11.48,392
2018-11-09,11.186,392
2018-11-10,11.064,392
2018-11-11,11.151,392
2018-11-12,11.329,392
2018-11-13,11.396,392
2018-11-14,11.524,392
2018-11-15,11.561,392
2018-11-16,11.32,392
2018-11-17,11.377,392
2018-11-18,11.362,392
2018-11-19,11.435,392
2018-11-20,11.464,392
2018-11-21,11.633,392
2018-11-22,11.664,392
2018-11-23,11.617,392
2018-11-24,11.544,392
2018-11-25,11.442,392
2018-11-26,11.58,392
2018-11-27,11.476,392
2018-11-28,11.489,392
2018-11-29,11.489,392
2018-11-30,11.338,392
2018-12-01,10.947,392
2018-12-02,10.855,392
2018-12-03,10.788,392
2018-12-04,10.462,392
2018-12-05,10.196,392
2018-12-06,10.106,392
2018-12-07,10.04,392
2018-12-08,10.213,392
2018-12-09,10.238,392
2018-12-10,10.299,392
2018-12-11,10.313,392
2018-12-12,10.275,392
2018-12-13,10.21,392
2018-12-14,10.336,392
2018-12-15,10.465,392
2018-12-16,10.48,392
2018-12-17,10.397,392
2018-12-18,10.383,392
2018-12-19,10.365,392
2018-12-20,10.45,392
2018-12-21,10.478,392
2018-12-22,10.47,392
2018-12-23,10.394,392
2018-12-24,10.091,392
2018-12-25,10.059,392
2018-12-26,10.049,392
2018-12-27,10.005,392
2018-12-28,9.962,392
2018-12-29,10.021,392
2018-12-30,10.038,392
2018-12-31,10.052,392
2019-01-01,10.024,392
2019-01-02,10.009,392
2019-01-03,9.792,392
2019-01-04,9.767,392
2019-01-05,9.752,392
2019-01-06,9.767,392
2019-01-07,9.704,392
2019-01-08,9.725,392
2019-01-09,9.748,392
2019-01-10,9.766,392
2019-01-11,9.829,392
2019-01-12,9.881,392
2019-01-13,9.904,392
2019-01-14,9.808,392
2019-01-15,9.766,392
2019-01-16,9.78,392
2019-01-17,9.771,392
2019-01-18,9.712,392
2019-01-19,9.809,392
2019-01-20,9.68,392
2019-01-21,9.641,392
2019-01-22,9.683,392
2019-01-23,10.079,392
2019-01-24,10.105,392
2019-01-25,9.891,392
2019-01-26,9.708,392
2019-01-27,9.59,392
2019-01-28,9.462,392
2019-01-29,9.491,392
2019-01-30,9.47,392
2019-01-31,9.436,392
2019-02-01,9.508,392
2019-02-02,9.429,392
2019-02-03,9.205,392
2019-02-04,9.102,392
2019-02-05,8.968,392
2019-02-06,8.858,392
2019-02-07,8.829,392
2019-02-08,8.823,392
2019-02-09,8.784,392
2019-02-10,8.825,392
2019-02-11,8.775,392
2019-02-12,8.583,392
2019-02-13,8.541,392
2019-02-14,8.642,392
2019-02-15,8.818,392
2019-02-16,8.576,392
2019-02-17,8.565,392
2019-02-18,8.56,392
2019-02-19,8.631,392
2019-02-20,8.511,392
2019-02-21,8.463,392
2019-02-22,8.403,392
2019-02-23,8.501,392
2019-02-24,8.365,392
2019-02-25,8.414,392
2019-02-26,8.433,392
2019-02-27,8.441,392
2019-02-28,8.404,392
2019-03-01,8.311,392
2019-03-02,8.255,392
2019-03-03,8.206,392
2019-03-04,8.138,392
2019-03-05,8.087,392
2019-03-06,8.046,392
2019-03-07,8.123,392
2019-03-08,8.027,392
2019-03-09,7.98,392
2019-03-10,7.919,392
2019-03-11,7.753,392
2019-03-12,8.16,392
2019-03-13,8.308,392
2019-03-14,8.428,392
2019-03-15,8.54,392
2019-03-16,8.781,392
2019-03-17,8.831,392
2019-03-18,8.992,392
2019-03-19,9.232,392
2019-03-20,9.356,392
2019-03-21,9.477,392
2019-03-22,9.32,392
2019-03-23,9.03,392
2019-03-24,9.023,392
2019-03-25,9.036,392
2019-03-26,9.481,392
2019-03-27,9.569,392
2019-03-28,9.634,392
2019-03-29,9.813,392
2019-03-30,9.96,392
2019-03-31,10.119,392
2019-04-01,10.202,392
2019-04-02,10.217,392
2019-04-03,9.819,392
2019-04-04,9.86,392
2019-04-05,9.948,392
2019-04-06,10.363,392
2019-04-07,10.343,392
2019-04-08,10.446,392
2019-04-09,10.519,392
2019-04-10,10.535,392
2019-04-11,11.012,392
2019-04-12,11.04,392
2019-04-13,11.088,392
2019-04-14,10.953,392
2019-04-15,10.919,392
2019-04-16,10.872,392
2019-04-17,10.842,392
2019-04-18,10.85,392
2019-04-19,10.813,392
2019-04-20,10.867,392
2019-04-21,10.903,392
2019-04-22,10.782,392
2019-04-23,10.984,392
2019-04-24,11.035,392
2019-04-25,11.042,392
2019-04-26,10.845,392
2019-04-27,10.22,392
2019-04-28,9.936,392
2019-04-29,10.141,392
2019-04-30,10.178,392
2019-05-01,10.295,392
2019-05-02,10.44,392
2019-05-03,10.601,392
2019-05-04,10.828,392
2019-05-05,11.006,392
2019-05-06,10.955,392
2019-05-07,11.046,392
2019-05-08,11.11,392
2019-05-09,11.62,392
2019-05-10,12.114,392
2019-05-11,12.328,392
2019-05-12,11.982,392
2019-05-13,11.756,392
2019-05-14,11.679,392
2019-05-15,11.835,392
2019-05-16,12.116,392
2019-05-17,12.029,392
2019-05-18,12.03,392
2019-05-19,12.322,392
2019-05-20,12.456,392
2019-05-21,12.652,392
2019-05-22,12.861,392
2019-05-23,12.757,392
2019-05-24,12.78,392
2019-05-25,12.659,392
2019-05-26,12.785,392
2019-05-27,12.778,392
2019-05-28,12.838,392
2019-05-29,12.851,392
2019-05-30,12.802,392
2019-05-31,12.711,392
2019-06-01,12.587,392
2019-06-02,12.539,392
2019-06-03,12.25,392
2019-06-04,12.254,392
2019-06-05,12.275,392
2019-06-06,12.15,392
2019-06-07,12.242,392
2019-06-08,12.564,392
2019-06-09,12.619,392
2019-06-10,12.62,392
2019-06-11,12.658,392
2019-06-12,12.79,392
2019-06-13,12.82,392
2019-06-14,12.818,392
2019-06-15,12.09,392
2019-06-16,11.912,392
2019-06-17,11.259,392
2019-06-18,11.677,392
2019-06-19,11.747,392
2019-06-20,11.809,392
2019-06-21,11.824,392
2019-06-22,11.832,392
2019-06-23,12.001,392
2019-06-24,12.5,392
2019-06-25,13.014,392
2019-06-26,13.381,392
2019-06-27,13.726,392
2019-06-28,13.817,392
2019-06-29,14.583,392
2019-06-30,14.455,392
2019-07-01,14.455,392
2019-07-02,14.453,392
2019-07-03,14.541,392
2019-07-04,14.563,392
2019-07-05,14.677,392
2019-07-06,14.648,392
2019-07-07,14.674,392
2019-07-08,14.736,392
2019-07-09,14.597,392
2019-07-10,15.001,392
2019-07-11,15.204,392
2019-07-12,15.589,392
2019-07-13,15.697,392
2019-07-14,15.906,392
2019-07-15,16.572,392
2019-07-16,17.058,392
2019-07-17,16.998,392
2019-07-18,15.791,392
2019-07-19,15.74,392
2019-07-20,15.776,392
2019-07-21,15.791,392
2019-07-22,15.517,392
2019-07-23,15.387,392
2019-07-24,15.54,392
2019-07-25,15.748,392
2019-07-26,16.524,392
2019-07-27,15.854,392
2019-07-28,15.476,392
2019-07-29,15.303,392
2019-07-30,15.045,392
2019-07-31,15.067,392
2019-08-01,15.01,392
2019-08-02,15.137,392
2019-08-03,14.965,392
2019-08-04,14.855,392
2019-08-05,14.679,392
2019-08-06,14.368,392
2019-08-07,14.068,392
2019-08-08,14.653,392
2019-08-09,14.604,392
2019-08-10,14.454,392
2019-08-11,14.781,392
2019-08-12,15.11,392
2019-08-13,15.307,392
2019-08-14,15.446,392
2019-08-15,15.445,392
2019-08-16,15.534,392
2019-08-17,15.413,392
2019-08-18,15.448,392
2019-08-19,15.54,392
2019-08-20,15.614,392
2019-08-21,15.571,392
2019-08-22,15.21,392
2019-08-23,15.315,392
2019-08-24,15.399,392
2019-08-25,15.264,392
2019-08-26,14.759,392
2019-08-27,14.388,392
2019-08-28,14.247,392
2019-08-29,13.994,392
2019-08-30,13.944,392
2019-08-31,14.106,392
2019-09-01,14.196,392
2019-09-02,13.875,392
2019-09-03,13.807,392
2019-09-04,14.554,392
2019-09-05,15.175,392
2019-09-06,15.271,392
2019-09-07,15.161,392
2019-09-08,15.181,392
2019-09-09,16.001,392
2019-09-10,16.295,392
2019-09-11,16.372,392
2019-09-12,16.02,392
2019-09-13,15.868,392
2019-09-14,15.835,392
2019-09-15,15.682,392
2019-09-16,15.631,392
2019-09-17,16.051,392
2019-09-18,16.115,392
2019-09-19,16.16,392
2019-09-20,16.134,392
2019-09-21,16.154,392
2019-09-22,16.021,392
2019-09-23,15.788,392
2019-09-24,15.275,392
2019-09-25,15.311,392
2019-09-26,15.233,392
2019-09-27,14.842,392
2019-09-28,14.52,392
2019-09-29,13.884,392
2019-09-30,13.596,392
2019-10-01,13.39,392
2019-10-02,13.479,392
2019-10-03,13.51,392
2019-10-04,13.279,392
2019-10-05,13.321,392
2019-10-06,13.35,392
2019-10-07,13.366,392
2019-10-08,13.08,392
2019-10-09,12.935,392
2019-10-10,12.666,392
2019-10-11,12.242,392
2019-10-12,12.215,392
2019-10-13,12.521,392
2019-10-14,12.557,392
2019-10-15,12.575,392
2019-10-16,12.62,392
2019-10-17,12.596,392
2019-10-18,12.51,392
2019-10-19,12.469,392
2019-10-20,12.328,392
2019-10-21,12.211,392
2019-10-22,12.199,392
2019-10-23,12.241,392
2019-10-24,12.155,392
2019-10-25,11.974,392
2019-10-26,11.784,392
2019-10-27,11.64,392
2019-10-28,11.332,392
2019-10-29,10.888,392
2019-10-30,10.696,392
2019-10-31,10.687,392
2019-11-01,10.622,392
2019-11-02,10.51,392
2019-11-03,10.414,392
2019-11-04,10.602,392
2019-11-05,10.646,392
2019-11-06,10.661,392
2019-11-07,10.78,392
2019-11-08,10.93,392
2019-11-09,10.993,392
2019-11-10,10.997,392
2019-11-11,11.018,392
2019-11-12,11.048,392
2019-11-13,11.001,392
2019-11-14,11.176,392
2019-11-15,11.225,392
2019-11-16,11.232,392
2019-11-17,11.11,392
2019-11-18,11.117,392
2019-11-19,11.024,392
2019-11-20,10.799,392
2019-11-21,10.528,392
2019-11-22,10.395,392
2019-11-23,10.374,392
2019-11-24,10.564,392
2019-11-25,10.435,392
2019-11-26,9.778,392
2019-11-27,9.511,392
2019-11-28,9.276,392
2019-11-29,9.121,392
2019-11-30,9.08,392
2019-12-01,9.122,392
2019-12-02,9.207,392
2019-12-03,9.216,392
2019-12-04,9.375,392
2019-12-05,9.405,392
2019-12-06,9.423,392
2019-12-07,9.555,392
2019-12-08,9.576,392
2019-12-09,9.617,392
2019-12-10,9.594,392
2019-12-11,9.723,392
2019-12-12,9.643,392
2019-12-13,9.689,392
2019-12-14,9.328,392
2019-12-15,9.018,392
2019-12-16,9.063,392
2019-12-17,9.187,392
2019-12-18,9.244,392
2019-12-19,9.178,392
2019-12-20,9.209,392
2019-12-21,9.328,392
2019-12-22,9.006,392
2019-12-23,8.977,392
2019-12-24,8.98,392
2019-12-25,9.117,392
2019-12-26,9.188,392
2019-12-27,9.224,392
2019-12-28,9.186,392
2019-12-29,9.326,392
2019-12-30,9.339,392
2019-12-31,9.382,392
2020-01-01,9.538,392
2020-01-02,9.555,392
2020-01-03,9.528,392
2020-01-04,9.527,392
2020-01-05,9.521,392
2020-01-06,9.514,392
2020-01-07,9.511,392
2020-01-08,9.474,392
2020-01-09,9.371,392
2020-01-10,9.324,392
2020-01-11,9.26,392
2020-01-12,9.129,392
2020-01-13,8.837,392
2020-01-14,8.772,392
2020-01-15,8.75,392
2020-01-16,8.701,392
2020-01-17,8.713,392
2020-01-18,8.679,392
2020-01-19,8.761,392
2020-01-20,8.856,392
2020-01-21,9.14,392
2020-01-22,9.145,392
2020-01-23,9.169,392
2020-01-24,9.162,392
2020-01-25,9.193,392
2020-01-26,9.317,392
2020-01-27,9.524,392
2020-01-28,9.575,392
2020-01-29,9.569,392
2020-01-30,9.568,392
2020-01-31,9.563,392
2020-02-01,9.501,392
2020-02-02,9.247,392
2020-02-03,9.226,392
2020-02-04,9.219,392
2020-02-05,9.281,392
2020-02-06,9.347,392
2020-02-07,9.298,392
2020-02-08,9.248,392
2020-02-09,9.089,392
2020-02-10,8.96,392
2020-02-11,8.779,392
2020-02-12,8.721,392
2020-02-13,8.807,392
2020-02-14,8.82,392
2020-02-15,8.755,392
2020-02-16,8.453,392
2020-02-17,8.24,392
2020-02-18,8.129,392
2020-02-19,8.069,392
2020-02-20,8.059,392
2020-02-21,8.052,392
2020-02-22,8.1,392
2020-02-23,8.108,392
2020-02-24,8.123,392
2020-02-25,8.088,392
2020-02-26,8.013,392
2020-02-27,8.086,392
2020-02-28,8.5,392
2020-02-29,8.422,392
2020-03-01,8.395,392
2020-03-02,8.347,392
2020-03-03,7.95,392
2020-03-04,7.936,392
2020-03-05,8.157,392
2020-03-06,8.185,392
2020-03-07,8.164,392
2020-03-08,8.057,392
2020-03-09,8.047,392
2020-03-10,8.066,392
2020-03-11,8.278,392
2020-03-12,8.218,392
2020-03-13,8.159,392
2020-03-14,7.835,392
2020-03-15,7.787,392
2020-03-16,7.803,392
2020-03-17,7.84,392
2020-03-18,7.952,392
2020-03-19,8.065,392
2020-03-20,8.196,392
2020-03-21,8.388,392
2020-03-22,8.433,392
2020-03-23,8.403,392
2020-03-24,8.628,392
2020-03-25,8.719,392
2020-03-26,8.79,392
2020-03-27,8.764,392
2020-03-28,8.737,392
2020-03-29,8.669,392
2020-03-30,8.668,392
2020-03-31,8.793,392
2020-04-01,8.822,392
2020-04-02,8.826,392
2020-04-03,8.853,392
2020-04-04,8.875,392
2020-04-05,8.799,392
2020-04-06,8.812,392
2020-04-07,8.918,392
2020-04-08,9.196,392
2020-04-09,9.143,392
2020-04-10,9.206,392
2020-04-11,9.316,392
2020-04-12,9.511,392
2020-04-13,9.577,392
2020-04-14,9.869,392
2020-04-15,10.16,392
2020-04-16,10.148,392
2020-04-17,10.244,392
2020-04-18,10.282,392
2020-04-19,10.582,392
2020-04-20,10.615,392
2020-04-21,10.609,392
2020-04-22,10.622,392
2020-04-23,10.525,392
2020-04-24,10.501,392
2020-04-25,10.573,392
2020-04-26,10.576,392
2020-04-27,10.59,392
2020-04-28,10.527,392
2020-04-29,10.631,392
2020-04-30,10.683,392
2020-05-01,10.734,392
2020-05-02,10.818,392
2020-05-03,10.856,392
2020-05-04,10.889,392
2020-05-05,11.314,392
2020-05-06,11.668,392
2020-05-07,11.846,392
2020-05-08,12.17,392
2020-05-09,12.53,392
2020-05-10,12.861,392
2020-05-11,12.841,392
2020-05-12,12.624,392
2020-05-13,12.448,392
2020-05-14,12.892,392
2020-05-15,12.908,392
2020-05-16,12.873,392
2020-05-17,12.857,392
2020-05-18,12.964,392
2020-05-19,13.021,392
2020-05-20,13.156,392
2020-05-21,13.112,392
2020-05-22,13.078,392
2020-05-23,13.069,392
2020-05-24,13.078,392
2020-05-25,13.062,392
2020-05-26,13.153,392
2020-05-27,13.21,392
2020-05-28,13.032,392
2020-05-29,12.996,392
2020-05-30,12.33,392
2020-05-31,12.124,392
2020-06-01,11.904,392
2020-06-02,11.973,392
2020-06-03,12.006,392
2020-06-04,11.993,392
2020-06-05,12.073,392
2020-06-06,11.991,392
2020-06-07,12.063,392
2020-06-08,12.079,392
2020-06-09,12.139,392
2020-06-10,12.341,392
2020-06-11,12.644,392
2020-06-12,12.933,392
2020-06-13,13.428,392
2020-06-14,13.407,392
2020-06-15,13.404,392
2020-06-16,14.143,392
2020-06-17,14.154,392
2020-06-18,14.164,392
2020-06-19,14.29,392
2020-06-20,14.234,392
2020-06-21,15.001,392
2020-06-22,14.914,392
2020-06-23,14.831,392
2020-06-24,14.317,392
2020-06-25,13.513,392
2020-06-26,13.308,392
2020-06-27,13.125,392
2020-06-28,12.63,392
2020-06-29,12.55,392
2020-06-30,12.501,392
2020-07-01,12.547,392
2020-07-02,12.649,392
2020-07-03,12.748,392
2020-07-04,13.109,392
2020-07-05,13.486,392
2020-07-06,13.588,392
2020-07-07,13.876,392
2020-07-08,14.027,392
2020-07-09,14.228,392
2020-07-10,14.283,392
2020-07-11,14.254,392
2020-07-12,14.226,392
2020-07-13,13.939,392
2020-07-14,13.923,392
2020-07-15,13.802,392
2020-07-16,13.231,392
2020-07-17,13,392
2020-07-18,12.715,392
2020-07-19,12.823,392
2020-07-20,12.523,392
2020-07-21,12.576,392
2020-07-22,12.373,392
2020-07-23,11.9,392
2020-07-24,12.872,392
2020-07-25,12.851,392
2020-07-26,12.706,392
2020-07-27,12.608,392
2020-07-28,12.576,392
2020-07-29,12.59,392
2020-07-30,12.972,392
2020-07-31,12.933,392
2020-08-01,13.086,392
2020-08-02,13.516,392
2020-08-03,14.454,392
2020-08-04,14.351,392
2020-08-05,14.299,392
2020-08-06,14.277,392
2020-08-07,13.886,392
2020-08-08,14.291,392
2020-08-09,13.923,392
2020-08-10,13.925,392
2020-08-11,13.582,392
2020-08-12,13.71,392
2020-08-13,13.969,392
2020-08-14,14.002,392
2020-08-15,13.878,392
2020-08-16,13.68,392
2020-08-17,13.991,392
2020-08-18,14.478,392
2020-08-19,14.532,392
2020-08-20,14.373,392
2020-08-21,15.403,392
2020-08-22,15.525,392
2020-08-23,15.524,392
2020-08-24,14.382,392
2020-08-25,14.444,392
2020-08-26,14.334,392
2020-08-27,14.254,392
2020-08-28,14.191,392
2020-08-29,13.998,392
2020-08-30,13.538,392
2020-08-31,13.008,392
2020-09-01,13.088,392
2020-09-02,13.192,392
2020-09-03,13.207,392
2020-09-04,12.837,392
2020-09-05,12.744,392
2020-09-06,12.982,392
2020-09-07,12.832,392
2020-09-08,12.72,392
2020-09-09,13.005,392
2020-09-10,13.634,392
2020-09-11,14.069,392
2020-09-12,13.869,392
2020-09-13,13.779,392
2020-09-14,13.767,392
2020-09-15,13.742,392
2020-09-16,13.868,392
2020-09-17,14.061,392
2020-09-18,14.284,392
2020-09-19,14.346,392
2020-09-20,14.458,392
2020-09-21,14.516,392
2020-09-22,14.43,392
2020-09-23,14.212,392
2020-09-24,14.209,392
2020-09-25,14.181,392
2020-09-26,14.21,392
2020-09-27,14.407,392
2020-09-28,14.597,392
2020-09-29,14.58,392
2020-09-30,14.52,392
2020-10-01,14.477,392
2020-10-02,14.417,392
2020-10-03,14.424,392
2020-10-04,14.203,392
2020-10-05,14.433,392
2020-10-06,14.263,392
2020-10-07,14.14,392
2020-10-08,13.999,392
2020-10-09,14.009,392
2020-10-10,13.952,392
2020-10-11,13.761,392
2020-10-12,13.612,392
2020-10-13,13.459,392
2020-10-14,13.346,392
2020-10-15,13.295,392
2020-10-16,13.151,392
2020-10-17,12.999,392
2020-10-18,12.919,392
2020-10-19,13.002,392
2020-10-20,12.8,392
2020-10-21,12.548,392
2020-10-22,12.467,392
2020-10-23,12.175,392
2020-10-24,11.474,392
2020-10-25,11.294,392
2020-10-26,11.092,392
2020-10-27,10.945,392
2020-10-28,10.897,392
2020-10-29,11.512,392
2020-10-30,11.489,392
2020-10-31,11.379,392
2020-11-01,11.237,392
2020-11-02,11.329,392
2020-11-03,11.392,392
2020-11-04,11.376,392
2020-11-05,11.476,392
2020-11-06,11.377,392
2020-11-07,11.103,392
2020-11-08,10.98,392
2020-11-09,10.812,392
2020-11-10,10.476,392
2020-11-11,10.397,392
2020-11-12,10.249,392
2020-11-13,10.206,392
2020-11-14,10.155,392
2020-11-15,10.156,392
2020-11-16,10.19,392
2020-11-17,10.234,392
2020-11-18,10.261,392
2020-11-19,10.234,392
2020-11-20,10.194,392
2020-11-21,10.171,392
2020-11-22,10.072,392
2020-11-23,9.99,392
2020-11-24,9.905,392
2020-11-25,9.906,392
2020-11-26,9.897,392
2020-11-27,9.493,392
2020-11-28,9.496,392
2020-11-29,9.712,392
2020-11-30,9.669,392
2020-12-01,9.59,392
2020-12-02,9.438,392
2020-12-03,8.945,392
2020-12-04,8.779,392
2020-12-05,8.924,392
2020-12-06,9.306,392
2020-12-07,9.359,392
2020-12-08,9.592,392
2020-12-09,9.532,392
2020-12-10,9.514,392
2020-12-11,9.362,392
2020-12-12,9.379,392
2020-12-13,9.327,392
2020-12-14,9.268,392
2020-12-15,9.221,392
2020-12-16,9.235,392
2020-12-17,9.241,392
2020-12-18,9.561,392
2020-12-19,9.523,392
2020-12-20,9.543,392
2020-12-21,9.36,392
2020-12-22,9.202,392
2020-12-23,9.113,392
2020-12-24,8.89,392
2020-12-25,9.023,392
2020-12-26,8.961,392
2020-12-27,9.124,392
2020-12-28,9.085,392
2020-12-29,9.095,392
2020-12-30,9.132,392
2020-12-31,9.083,392
2021-01-01,9.172,392
2021-01-02,9.505,392
2021-01-03,9.507,392
2021-01-04,9.617,392
2021-01-05,9.718,392
2021-01-06,9.736,392
2021-01-07,9.624,392
2021-01-08,9.619,392
2021-01-09,9.577,392
2021-01-10,9.434,392
2021-01-11,9.425,392
2021-01-12,9.436,392
2021-01-13,9.409,392
2021-01-14,9.549,392
2021-01-15,9.476,392
2021-01-16,9.44,392
2021-01-17,9.375,392
2021-01-18,9.371,392
2021-01-19,9.275,392
2021-01-20,9.176,392
2021-01-21,8.987,392
2021-01-22,8.899,392
2021-01-23,8.866,392
2021-01-24,8.821,392
2021-01-25,8.843,392
2021-01-26,8.806,392
2021-01-27,8.83,392
2021-01-28,8.818,392
2021-01-29,8.859,392
2021-01-30,8.831,392
2021-01-31,8.869,392
2021-02-01,8.868,392
2021-02-02,8.465,392
2021-02-03,8.233,392
2021-02-04,8.296,392
2021-02-05,8.264,392
2021-02-06,8.729,392
2021-02-07,8.896,392
2021-02-08,8.769,392
2021-02-09,8.134,392
2021-02-10,8.001,392
2021-02-11,7.957,392
2021-02-12,8.027,392
2021-02-13,8.125,392
2021-02-14,8.137,392
2021-02-15,8.408,392
2021-02-16,8.403,392
2021-02-17,8.381,392
2021-02-18,8.472,392
2021-02-19,8.531,392
2021-02-20,8.526,392
2021-02-21,8.443,392
2021-02-22,8.337,392
2021-02-23,8.285,392
2021-02-24,8.245,392
2021-02-25,8.199,392
2021-02-26,8.151,392
2021-02-27,8.111,392
2021-02-28,8.079,392
2021-03-01,8.076,392
2021-03-02,8.105,392
2021-03-03,8.184,392
2021-03-04,8.127,392
2021-03-05,8.163,392
2021-03-06,8.138,392
2021-03-07,8.111,392
2021-03-08,8.156,392
2021-03-09,8.132,392
2021-03-10,8.108,392
2021-03-11,8.074,392
2021-03-12,8.004,392
2021-03-13,8.109,392
2021-03-14,8.181,392
2021-03-15,8.163,392
2021-03-16,8.176,392
2021-03-17,8.142,392
2021-03-18,8.125,392
2021-03-19,8.239,392
2021-03-20,8.339,392
2021-03-21,8.512,392
2021-03-22,8.453,392
2021-03-23,8.416,392
2021-03-24,8.601,392
2021-03-25,8.654,392
2021-03-26,8.685,392
2021-03-27,8.782,392
2021-03-28,8.404,392
2021-03-29,8.356,392
2021-03-30,8.382,392
2021-03-31,8.421,392
2021-04-01,8.41,392
2021-04-02,8.528,392
2021-04-03,8.376,392
2021-04-04,8.367,392
2021-04-05,8.369,392
2021-04-06,8.376,392
2021-04-07,8.392,392
2021-04-08,8.269,392
2021-04-09,8.238,392
2021-04-10,8.362,392
2021-04-11,8.358,392
2021-04-12,8.404,392
2021-04-13,8.626,392
2021-04-14,8.91,392
2021-04-15,9.221,392
2021-04-16,9.756,392
2021-04-17,10.057,392
2021-04-18,10.227,392
2021-04-19,10.413,392
2021-04-20,10.308,392
2021-04-21,9.941,392
2021-04-22,9.832,392
2021-04-23,9.829,392
2021-04-24,9.838,392
2021-04-25,9.943,392
2021-04-26,10.042,392
2021-04-27,10.148,392
2021-04-28,10.223,392
2021-04-29,10.489,392
2021-04-30,10.615,392
2021-05-01,10.811,392
2021-05-02,10.866,392
2021-05-03,10.851,392
2021-05-04,10.842,392
2021-05-05,10.83,392
2021-05-06,10.655,392
2021-05-07,10.616,392
2021-05-08,10.589,392
2021-05-09,10.879,392
2021-05-10,10.86,392
2021-05-11,10.792,392
2021-05-12,10.74,392
2021-05-13,10.528,392
2021-05-14,10.427,392
2021-05-15,10.334,392
2021-05-16,10.329,392
2021-05-17,10.105,392
2021-05-18,10.224,392
2021-05-19,10.176,392
2021-05-20,10.128,392
2021-05-21,10.043,392
2021-05-22,10.426,392
2021-05-23,10.651,392
2021-05-24,11.136,392
2021-05-25,11.343,392
2021-05-26,11.307,392
2021-05-27,10.84,392
2021-05-28,10.935,392
2021-05-29,11.029,392
2021-05-30,11.204,392
2021-05-31,11.575,392
2021-06-01,12.458,392
2021-06-02,12.46,392
2021-06-03,12.448,392
2021-06-04,12.404,392
2021-06-05,12.169,392
2021-06-06,11.882,392
2021-06-07,11.876,392
2021-06-08,11.953,392
2021-06-09,12.012,392
2021-06-10,12.287,392
2021-06-11,12.241,392
2021-06-12,12.181,392
2021-06-13,12.598,392
2021-06-14,12.755,392
2021-06-15,13.551,392
2021-06-16,14.333,392
2021-06-17,14.355,392
2021-06-18,14.452,392
2021-06-19,14.065,392
2021-06-20,13.255,392
2021-06-21,13.39,392
2021-06-22,13.711,392
2021-06-23,13.725,392
2021-06-24,13.592,392
2021-06-25,14.709,392
2021-06-26,15.054,392
2021-06-27,15.375,392
2021-06-28,15.661,392
2021-06-29,15.626,392
2021-06-30,15.001,392
2021-07-01,14.934,392
2021-07-02,14.547,392
2021-07-03,14.454,392
2021-07-04,14.386,392
2021-07-05,14.405,392
2021-07-06,14.313,392
2021-07-07,14.28,392
2021-07-08,14.325,392
2021-07-09,14.248,392
2021-07-10,13.388,392
2021-07-11,13.256,392
2021-07-12,13.021,392
2021-07-13,12.368,392
2021-07-14,11.553,392
2021-07-15,10.836,392
2021-07-16,12.312,392
2021-07-17,13.38,392
2021-07-18,13.463,392
2021-07-19,13.578,392
2021-07-20,14.249,392
2021-07-21,14.298,392
2021-07-22,14.261,392
2021-07-23,14.426,392
2021-07-24,13.711,392
2021-07-25,13.186,392
2021-07-26,12.784,392
2021-07-27,13.055,392
2021-07-28,13.253,392
2021-07-29,13.16,392
2021-07-30,12.846,392
2021-07-31,12.363,392
2021-08-01,12.281,392
2021-08-02,12.088,392
2021-08-03,12.172,392
2021-08-04,12.686,392
2021-08-05,13.278,392
2021-08-06,13.234,392
2021-08-07,13.828,392
2021-08-08,13.988,392
2021-08-09,13.808,392
2021-08-10,13.222,392
2021-08-11,13.324,392
2021-08-12,13.828,392
2021-08-13,14.658,392
2021-08-14,14.734,392
2021-08-15,14.821,392
2021-08-16,14.582,392
2021-08-17,14.162,392
2021-08-18,13.946,392
2021-08-19,13.559,392
2021-08-20,12.935,392
2021-08-21,12.776,392
2021-08-22,12.77,392
2021-08-23,12.762,392
2021-08-24,12.778,392
2021-08-25,12.751,392
2021-08-26,12.635,392
2021-08-27,13.127,392
2021-08-28,13.038,392
2021-08-29,12.751,392
2021-08-30,12.58,392
2021-08-31,12.479,392
2021-09-01,12.739,392
2021-09-02,12.644,392
2021-09-03,12.569,392
2021-09-04,12.454,392
2021-09-05,13.318,392
2021-09-06,13.431,392
2021-09-07,13.44,392
2021-09-08,13.273,392
2021-09-09,12.633,392
2021-09-10,12.665,392
2021-09-11,12.889,392
2021-09-12,13.294,392
2021-09-13,13.251,392
2021-09-14,13.052,392
2021-09-15,12.451,392
2021-09-16,12.354,392
2021-09-17,12.1,392
2021-09-18,12.137,392
2021-09-19,12.273,392
2021-09-20,12.436,392
2021-09-21,12.965,392
2021-09-22,13.153,392
2021-09-23,13.151,392
2021-09-24,12.927,392
2021-09-25,12.79,392
2021-09-26,12.683,392
2021-09-27,12.65,392
2021-09-28,12.724,392
2021-09-29,12.738,392
2021-09-30,12.598,392
2021-10-01,12.998,392
2021-10-02,13.16,392
2021-10-03,13.181,392
2021-10-04,13.176,392
2021-10-05,12.785,392
2021-10-06,12.646,392
2021-10-07,12.681,392
2021-10-08,12.709,392
2021-10-09,12.485,392
2021-10-10,12.193,392
2021-10-11,12.133,392
2021-10-12,11.947,392
2021-10-13,11.824,392
2021-10-14,11.795,392
2021-10-15,11.818,392
2021-10-16,11.754,392
2021-10-17,11.896,392
2021-10-18,11.903,392
2021-10-19,11.964,392
2021-10-20,12.029,392
2021-10-21,12.339,392
2021-10-22,12.685,392
2021-10-23,12.485,392
2021-10-24,12.314,392
2021-10-25,12.414,392
2021-10-26,12.529,392
2021-10-27,12.522,392
2021-10-28,12.328,392
2021-10-29,12.144,392
2021-10-30,12.052,392
2021-10-31,12.004,392
2021-11-01,12.008,392
2021-11-02,12.09,392
2021-11-03,11.987,392
2021-11-04,11.853,392
2021-11-05,11.922,392
2021-11-06,12.018,392
2021-11-07,12.035,392
2021-11-08,11.963,392
2021-11-09,11.76,392
2021-11-10,11.79,392
2021-11-11,11.805,392
2021-11-12,11.763,392
2021-11-13,11.674,392
2021-11-14,11.56,392
2021-11-15,11.721,392
2021-11-16,11.653,392
2021-11-17,11.692,392
2021-11-18,10.86,392
2021-11-19,10.785,392
2021-11-20,10.75,392
2021-11-21,10.389,392
2021-11-22,10.958,392
2021-11-23,10.963,392
2021-11-24,10.993,392
2021-11-25,10.868,392
2021-11-26,10.834,392
2021-11-27,10.827,392
2021-11-28,10.783,392
2021-11-29,10.712,392
2021-11-30,10.597,392
2021-12-01,10.851,392
2021-12-02,10.769,392
2021-12-03,10.738,392
2021-12-04,10.005,392
2021-12-05,9.997,392
2021-12-06,9.967,392
2021-12-07,10.211,392
2021-12-08,10.062,392
2021-12-09,10.019,392
2021-12-10,9.959,392
2021-12-11,10.02,392
2021-12-12,10.182,392
2021-12-13,10.069,392
2021-12-14,9.948,392
2021-12-15,10.207,392
2021-12-16,10.116,392
2021-12-17,10.117,392
2021-12-18,10.132,392
2021-12-19,10.019,392
2021-12-20,10.031,392
2021-12-21,9.922,392
2021-12-22,9.654,392
2021-12-23,9.364,392
2021-12-24,9.311,392
2021-12-25,9.12,392
2021-12-26,9.044,392
2021-12-27,8.977,392
2021-12-28,8.866,392
2021-12-29,8.861,392
2021-12-30,8.729,392
2021-12-31,8.713,392
2022-01-01,8.664,392
2022-01-02,8.746,392
2022-01-03,8.82,392
2022-01-04,8.793,392
2022-01-05,8.69,392
2022-01-06,8.766,392
2022-01-07,8.576,392
2022-01-08,8.784,392
2022-01-09,8.733,392
2022-01-10,8.878,392
2022-01-11,8.845,392
2022-01-12,9.05,392
2022-01-13,9.13,392
2022-01-14,9.16,392
2022-01-15,9.064,392
2022-01-16,8.904,392
2022-01-17,8.846,392
2022-01-18,8.781,392
2022-01-19,8.825,392
2022-01-20,8.831,392
2022-01-21,8.415,392
2022-01-22,8.26,392
2022-01-23,8.323,392
2022-01-24,8.13,392
2022-01-25,7.736,392
2022-01-26,8.113,392
2022-01-27,8.212,392
2022-01-28,8.241,392
2022-01-29,8.223,392
2022-01-30,8.356,392
2022-01-31,8.318,392
2022-02-01,8.309,392
2022-02-02,8.168,392
2022-02-03,8.096,392
2022-02-04,8.159,392
2022-02-05,7.893,392
2022-02-06,7.786,392
2022-02-07,7.711,392
2022-02-08,7.813,392
2022-02-09,7.743,392
2022-02-10,7.993,392
2022-02-11,7.717,392
2022-02-12,7.94,392
2022-02-13,7.921,392
2022-02-14,7.884,392
2022-02-15,8.256,392
2022-02-16,8.187,392
2022-02-17,8.24,392
2022-02-18,8.176,392
2022-02-19,8.084,392
2022-02-20,8.037,392
2022-02-21,8.026,392
2022-02-22,7.859,392
2022-02-23,7.771,392
2022-02-24,7.662,392
2022-02-25,7.68,392
2022-02-26,7.633,392
2022-02-27,7.732,392
2022-02-28,7.778,392
2022-03-01,7.712,392
2022-03-02,8.005,392
2022-03-03,8.152,392
2022-03-04,8.167,392
2022-03-05,8.165,392
2022-03-06,8.11,392
2022-03-07,7.996,392
2022-03-08,8.054,392
2022-03-09,8.068,392
2022-03-10,8.049,392
2022-03-11,8.042,392
2022-03-12,8.141,392
2022-03-13,8.24,392
2022-03-14,8.267,392
2022-03-15,8.397,392
2022-03-16,8.455,392
2022-03-17,8.5,392
2022-03-18,8.484,392
2022-03-19,8.504,392
2022-03-20,8.506,392
2022-03-21,8.485,392
2022-03-22,8.593,392
2022-03-23,8.382,392
2022-03-24,8.439,392
2022-03-25,8.257,392
2022-03-26,8.338,392
2022-03-27,8.427,392
2022-03-28,8.563,392
2022-03-29,9.287,392
2022-03-30,9.19,392
2022-03-31,9.32,392
2022-04-01,9.328,392
2022-04-02,9.471,392
2022-04-03,9.067,392
2022-04-04,8.755,392
2022-04-05,8.796,392
2022-04-06,8.887,392
2022-04-07,8.891,392
2022-04-08,8.963,392
2022-04-09,8.909,392
2022-04-10,8.817,392
2022-04-11,8.34,392
2022-04-12,8.272,392
2022-04-13,8.2,392
2022-04-14,8.33,392
2022-04-15,8.561,392
2022-04-16,8.56,392
2022-04-17,8.692,392
2022-04-18,8.623,392
2022-04-19,8.635,392
2022-04-20,8.599,392
2022-04-21,8.365,392
2022-04-22,8.765,392
2022-04-23,8.856,392
2022-04-24,9.048,392
2022-04-25,9.454,392
2022-04-26,9.572,392
2022-04-27,9.571,392
2022-04-28,9.698,392
2022-04-29,10.745,392
2022-04-30,10.807,392
2022-05-01,10.941,392
2022-05-02,10.578,392
2022-05-03,10.419,392
2022-05-04,10.419,392
2022-05-05,9.879,392
2022-05-06,10.013,392
2022-05-07,10.048,392
2022-05-08,10.223,392
2022-05-09,10.77,392
2022-05-10,10.906,392
2022-05-11,10.883,392
2022-05-12,10.5,392
2022-05-13,10.557,392
2022-05-14,10.52,392
2022-05-15,10.636,392
2022-05-16,10.549,392
2022-05-17,10.566,392
2022-05-18,10.542,392
2022-05-19,10.767,392
2022-05-20,10.973,392
2022-05-21,11.223,392
2022-05-22,11.261,392
2022-05-23,11.392,392
2022-05-24,11.509,392
2022-05-25,11.627,392
2022-05-26,11.739,392
2022-05-27,11.674,392
2022-05-28,11.647,392
2022-05-29,11.886,392
2022-05-30,11.812,392
2022-05-31,11.813,392
2022-06-01,11.81,392
2022-06-02,11.951,392
2022-06-03,12.004,392
2022-06-04,11.996,392
2022-06-05,11.926,392
2022-06-06,12.247,392
2022-06-07,12.272,392
2022-06-08,12.292,392
2022-06-09,11.628,392
2022-06-10,11.338,392
2022-06-11,11.231,392
2022-06-12,11.529,392
2022-06-13,11.726,392
2022-06-14,11.871,392
2022-06-15,12.371,392
2022-06-16,12.862,392
2022-06-17,12.827,392
2022-06-18,12.826,392
2022-06-19,12.933,392
2022-06-20,12.985,392
2022-06-21,13.084,392
2022-06-22,12.835,392
2022-06-23,12.647,392
2022-06-24,12.572,392
2022-06-25,12.89,392
2022-06-26,12.995,392
2022-06-27,13.101,392
2022-06-28,13.083,392
2022-06-29,13.347,392
2022-06-30,13.188,392
2022-07-01,13.215,392
2022-07-02,13.31,392
2022-07-03,13.272,392
2022-07-04,13.675,392
2022-07-05,13.73,392
2022-07-06,13.797,392
2022-07-07,15.312,392
2022-07-08,15.498,392
2022-07-09,15.52,392
2022-07-10,15.466,392
2022-07-11,14.263,392
2022-07-12,13.332,392
2022-07-13,13.329,392
2022-07-14,13.414,392
2022-07-15,13.74,392
2022-07-16,13.978,392
2022-07-17,13.953,392
2022-07-18,13.874,392
2022-07-19,13.552,392
2022-07-20,13.666,392
2022-07-21,13.646,392
2022-07-22,13.831,392
2022-07-23,13.649,392
2022-07-24,13.739,392
2022-07-25,14.306,392
2022-07-26,14.542,392
2022-07-27,14.95,392
2022-07-28,14.888,392
2022-07-29,13.99,392
2022-07-30,13.977,392
2022-07-31,14.008,392
2022-08-01,14.058,392
2022-08-02,13.618,392
2022-08-03,14.097,392
2022-08-04,14.1,392
2022-08-05,13.986,392
2022-08-06,13.761,392
2022-08-07,13.44,392
2022-08-08,13.561,392
2022-08-09,13.849,392
2022-08-10,14.452,392
2022-08-11,14.472,392
2022-08-12,14.486,392
2022-08-13,14.682,392
2022-08-14,15.277,392
2022-08-15,15.206,392
2022-08-16,15.544,392
2022-08-17,15.895,392
2022-08-18,15.824,392
2022-08-19,15.922,392
2022-08-20,15.18,392
2022-08-21,15.408,392
2022-08-22,14.691,392
2022-08-23,14.52,392
2022-08-24,14.366,392
2022-08-25,13.747,392
2022-08-26,13.873,392
2022-08-27,13.889,392
2022-08-28,14.096,392
2022-08-29,14.179,392
2022-08-30,13.88,392
2022-08-31,13.544,392
2022-09-01,13.121,392
2022-09-02,13.1,392
2022-09-03,13.15,392
2022-09-04,14.008,392
2022-09-05,14.423,392
2022-09-06,14.136,392
2022-09-07,13.778,392
2022-09-08,13.342,392
2022-09-09,13.053,392
2022-09-10,13.067,392
2022-09-11,13.082,392
2022-09-12,13.242,392
2022-09-13,13.57,392
2022-09-14,13.753,392
2022-09-15,13.75,392
2022-09-16,13.829,392
2022-09-17,13.657,392
2022-09-18,13.677,392
2022-09-19,13.737,392
2022-09-20,13.829,392
2022-09-21,14.035,392
2022-09-22,14.085,392
2022-09-23,14.129,392
2022-09-24,14.292,392
2022-09-25,14.159,392
2022-09-26,13.84,392
2022-09-27,13.06,392
2022-09-28,12.715,392
2022-09-29,13.078,392
2022-09-30,14.136,392
2022-10-01,14.652,392
2022-10-02,14.708,392
2022-10-03,14.857,392
2022-10-04,13.699,392
2022-10-05,13.878,392
2022-10-06,13.573,392
2022-10-07,12.948,392
2022-10-08,12.89,392
2022-10-09,12.844,392
2022-10-10,13.442,392
2022-10-11,13.31,392
2022-10-12,13.272,392
2022-10-13,13.27,392
2022-10-14,13.274,392
2022-10-15,13.363,392
2022-10-16,13.406,392
2022-10-17,13.439,392
2022-10-18,13.298,392
2022-10-19,13.335,392
2022-10-20,12.938,392
2022-10-21,12.52,392
2022-10-22,11.715,392
2022-10-23,11.647,392
2022-10-24,11.421,392
2022-10-25,11.339,392
2022-10-26,11.237,392
2022-10-27,11.092,392
2022-10-28,11.077,392
2022-10-29,11.109,392
2022-10-30,11.213,392
2022-10-31,10.904,392
2022-11-01,10.972,392
2022-11-02,10.906,392
2022-11-03,10.875,392
2022-11-04,10.676,392
2022-11-05,10.592,392
2022-11-06,10.476,392
2022-11-07,10.216,392
2022-11-08,10.079,392
2022-11-09,9.991,392
2022-11-10,9.986,392
2022-11-11,10.048,392
2022-11-12,10.09,392
2022-11-13,10.078,392
2022-11-14,10.087,392
2022-11-15,9.961,392
2022-11-16,9.975,392
2022-11-17,9.871,392
2022-11-18,9.884,392
2022-11-19,9.78,392
2022-11-20,9.691,392
2022-11-21,9.711,392
2022-11-22,9.935,392
2022-11-23,10.027,392
2022-11-24,10.004,392
2022-11-25,9.835,392
2022-11-26,9.631,392
2022-11-27,9.628,392
2022-11-28,9.619,392
2022-11-29,9.555,392
2022-11-30,9.326,392
2022-12-01,9.349,392
2022-12-02,9.175,392
2022-12-03,9.37,392
2022-12-04,9.287,392
2022-12-05,9.291,392
2022-12-06,9.137,392
2022-12-07,9.13,392
2022-12-08,9.125,392
2022-12-09,9.124,392
2022-12-10,9.219,392
2022-12-11,9.022,392
2022-12-12,9.022,392
2022-12-13,8.689,392
2022-12-14,8.594,392
2022-12-15,8.43,392
2022-12-16,8.312,392
2022-12-17,8.394,392
2022-12-18,8.417,392
2022-12-19,8.402,392
2022-12-20,8.229,392
2022-12-21,8.153,392
2022-12-22,8.099,392
2022-12-23,8.13,392
2022-12-24,8.204,392
2022-12-25,8.267,392
2022-12-26,8.276,392
2022-12-27,8.681,392
2022-12-28,8.718,392
2022-12-29,8.879,392
2022-12-30,9.077,392
2022-12-31,9.023,392
2023-01-01,8.945,392
2023-01-02,8.842,392
2023-01-03,8.792,392
2023-01-04,8.822,392
2023-01-05,9,392
2023-01-06,9,392
2023-01-07,8.961,392
2023-01-08,8.943,392
2023-01-09,8.882,392
2023-01-10,9.172,392
2023-01-11,9.249,392
2023-01-12,9.379,392
2023-01-13,9.432,392
2023-01-14,9.377,392
2023-01-15,9.365,392
2023-01-16,9.303,392
2023-01-17,9.587,392
2023-01-18,9.481,392
2023-01-19,9.438,392
2023-01-20,9.491,392
2023-01-21,9.359,392
2023-01-22,9.306,392
2023-01-23,9.134,392
2023-01-24,8.959,392
2023-01-25,8.917,392
2023-01-26,9.04,392
2023-01-27,8.995,392
2023-01-28,8.861,392
2023-01-29,8.69,392
2023-01-30,8.585,392
2023-01-31,8.341,392
2023-02-01,8.378,392
2023-02-02,8.369,392
2023-02-03,8.333,392
2023-02-04,8.417,392
2023-02-05,8.427,392
2023-02-06,8.663,392
2023-02-07,8.803,392
2023-02-08,8.798,392
2023-02-09,8.903,392
2023-02-10,8.844,392
2023-02-11,8.765,392
2023-02-12,8.686,392
2023-02-13,8.525,392
2023-02-14,8.529,392
2023-02-15,8.22,392
2023-02-16,7.976,392
2023-02-17,7.907,392
2023-02-18,7.867,392
2023-02-19,7.912,392
2023-02-20,8.088,392
2023-02-21,8.136,392
2023-02-22,8.156,392
2023-02-23,7.859,392
2023-02-24,7.891,392
2023-02-25,7.798,392
2023-02-26,7.641,392
2023-02-27,7.518,392
2023-02-28,7.453,392
2023-03-01,7.603,392
2023-03-02,7.595,392
2023-03-03,7.698,392
2023-03-04,7.59,392
2023-03-05,7.524,392
2023-03-06,7.543,392
2023-03-07,7.566,392
2023-03-08,7.619,392
2023-03-09,7.634,392
2023-03-10,7.667,392
2023-03-11,7.745,392
2023-03-12,7.779,392
2023-03-13,7.831,392
2023-03-14,7.814,392
2023-03-15,7.854,392
2023-03-16,7.896,392
2023-03-17,8.14,392
2023-03-18,8.185,392
2023-03-19,8.305,392
2023-03-20,8.521,392
2023-03-21,8.593,392
2023-03-22,8.569,392
2023-03-23,8.585,392
2023-03-24,8.196,392
2023-03-25,8.032,392
2023-03-26,8.073,392
2023-03-27,8.1,392
2023-03-28,8.322,392
2023-03-29,8.397,392
2023-03-30,8.409,392
2023-03-31,8.207,392
2023-04-01,8.161,392
2023-04-02,8.296,392
2023-04-03,8.421,392
2023-04-04,8.517,392
2023-04-05,8.54,392
2023-04-06,8.698,392
2023-04-07,8.735,392
2023-04-08,8.828,392
2023-04-09,8.923,392
2023-04-10,8.646,392
2023-04-11,9.013,392
2023-04-12,9.001,392
2023-04-13,9.065,392
2023-04-14,8.937,392
2023-04-15,8.988,392
2023-04-16,8.921,392
2023-04-17,8.9,392
2023-04-18,8.894,392
2023-04-19,8.828,392
2023-04-20,8.76,392
2023-04-21,8.698,392
2023-04-22,8.885,392
2023-04-23,8.664,392
2023-04-24,8.673,392
2023-04-25,8.734,392
2023-04-26,8.874,392
2023-04-27,10.562,392
2023-04-28,10.696,392
2023-04-29,10.466,392
2023-04-30,10.785,392
2023-05-01,10.854,392
2023-05-02,10.848,392
2023-05-03,10.88,392
2023-05-04,11.105,392
2023-05-05,11.357,392
2023-05-06,11.337,392
2023-05-07,11.394,392
2023-05-08,11.998,392
2023-05-09,12.196,392
2023-05-10,12.371,392
2023-05-11,12.513,392
2023-05-12,12.563,392
2023-05-13,12.915,392
2023-05-14,13.15,392
2023-05-15,13.238,392
2023-05-16,13.701,392
2023-05-17,13.527,392
2023-05-18,13.515,392
2023-05-19,13.245,392
2023-05-20,13.334,392
2023-05-21,12.066,392
2023-05-22,12.067,392
2023-05-23,11.281,392
2023-05-24,11.586,392
2023-05-25,11.655,392
2023-05-26,11.858,392
2023-05-27,11.737,392
2023-05-28,11.732,392
2023-05-29,10.773,392
2023-05-30,10.829,392
2023-05-31,10.924,392
2023-06-01,11.154,392
2023-06-02,11.663,392
2023-06-03,11.79,392
2023-06-04,11.366,392
2023-06-05,11.091,392
2023-06-06,10.915,392
2023-06-07,10.969,392
2023-06-08,11.382,392
2023-06-09,11.578,392
2023-06-10,11.632,392
2023-06-11,12.4,392
2023-06-12,12.342,392
2023-06-13,12.244,392
2023-06-14,11.798,392
2023-06-15,11.491,392
2023-06-16,11.279,392
2023-06-17,11.316,392
2023-06-18,11.709,392
2023-06-19,11.707,392
2023-06-20,12.019,392
2023-06-21,12.421,392
2023-06-22,12.309,392
2023-06-23,12.236,392
2023-06-24,11.958,392
2023-06-25,11.539,392
2023-06-26,11,392
2023-06-27,11.729,392
2023-06-28,11.624,392
2023-06-29,11.948,392
2023-06-30,12.526,392
2023-07-01,12.68,392
2023-07-02,12.697,392
2023-07-03,12.699,392
2023-07-04,12.766,392
2023-07-05,12.682,392
2023-07-06,12.842,392
2023-07-07,12.724,392
2023-07-08,13.963,392
2023-07-09,13.659,392
2023-07-10,13.638,392
2023-07-11,14.881,392
2023-07-12,14.985,392
2023-07-13,14.917,392
2023-07-14,14.869,392
2023-07-15,14.522,392
2023-07-16,14.228,392
2023-07-17,14.394,392
2023-07-18,14.517,392
2023-07-19,14.414,392
2023-07-20,13.881,392
2023-07-21,14.139,392
2023-07-22,15.029,392
2023-07-23,15.064,392
2023-07-24,14.942,392
2023-07-25,14.915,392
2023-07-26,15.019,392
2023-07-27,15.218,392
2023-07-28,15.451,392
2023-07-29,15.523,392
2023-07-30,15.719,392
2023-07-31,15.729,392
2023-08-01,15.739,392
2023-08-02,15.901,392
2023-08-03,15.898,392
2023-08-04,15.776,392
2023-08-05,15.481,392
2023-08-06,15.477,392
2023-08-07,15.923,392
2023-08-08,15.912,392
2023-08-09,15.948,392
2023-08-10,16.61,392
2023-08-11,16.704,392
2023-08-12,16.338,392
2023-08-13,15.802,392
2023-08-14,15.661,392
2023-08-15,15.3,392
2023-08-16,14.904,392
2023-08-17,14.383,392
2023-08-18,13.858,392
2023-08-19,13.14,392
2023-08-20,12.505,392
2023-08-21,12.392,392
2023-08-22,12.414,392
2023-08-23,12.818,392
2023-08-24,13.052,392
2023-08-25,13.097,392
2023-08-26,13.125,392
2023-08-27,13.119,392
2023-08-28,13.483,392
2023-08-29,14.651,392
2023-08-30,14.682,392
2023-08-31,14.607,392
2023-09-01,14.811,392
2023-09-02,14.86,392
2023-09-03,15.071,392
2023-09-04,14.845,392
2023-09-05,14.519,392
2023-09-06,14.483,392
2023-09-07,14.717,392
2023-09-08,14.604,392
2023-09-09,14.635,392
2023-09-10,14.762,392
2023-09-11,14.935,392
2023-09-12,15.075,392
2023-09-13,15.164,392
2023-09-14,15.218,392
2023-09-15,15.317,392
2023-09-16,15.234,392
2023-09-17,14.417,392
2023-09-18,14.375,392
2023-09-19,14.218,392
2023-09-20,13.983,392
2023-09-21,13.92,392
2023-09-22,13.73,392
2023-09-23,13.723,392
2023-09-24,13.566,392
2023-09-25,13.666,392
2023-09-26,13.662,392
2023-09-27,13.82,392
2023-09-28,14.374,392
2023-09-29,14.38,392
2023-09-30,14.335,392
2023-10-01,14.317,392
2023-10-02,14.018,392
2023-10-03,13.539,392
2023-10-04,13.936,392
2023-10-05,14.222,392
2023-10-06,14.611,392
2023-10-07,14.841,392
2023-10-08,14.886,392
2023-10-09,14.598,392
2023-10-10,14.664,392
2023-10-11,14.632,392
2023-10-12,14.642,392
2023-10-13,14.634,392
2023-10-14,14.483,392
2023-10-15,14.539,392
2023-10-16,14.649,392
2023-10-17,14.621,392
2023-10-18,14.531,392
2023-10-19,13.556,392
2023-10-20,13.122,392
2023-10-21,13.795,392
2023-10-22,13.943,392
2023-10-23,13.98,392
2023-10-24,13.721,392
2023-10-25,13.689,392
2023-10-26,13.554,392
2023-10-27,13.334,392
2023-10-28,13.139,392
2023-10-29,12.999,392
2023-10-30,12.908,392
2023-10-31,12.824,392
2023-11-01,12.73,392
2023-11-02,12.518,392
2023-11-03,12.594,392
2023-11-04,12.951,392
2023-11-05,13.046,392
2023-11-06,12.943,392
2023-11-07,12.776,392
2023-11-08,12.733,392
2023-11-09,12.564,392
2023-11-10,12.588,392
2023-11-11,12.556,392
2023-11-12,12.349,392
2023-11-13,11.837,392
2023-11-14,11.757,392
2023-11-15,11.521,392
2023-11-16,11.452,392
2023-11-17,11.551,392
2023-11-18,11.643,392
2023-11-19,11.611,392
2023-11-20,11.477,392
2023-11-21,11.579,392
2023-11-22,11.56,392
2023-11-23,11.465,392
2023-11-24,11.291,392
2023-11-25,11.158,392
2023-11-26,10.918,392
2023-11-27,10.823,392
2023-11-28,10.696,392
2023-11-29,10.631,392
2023-11-30,10.904,392
2023-12-01,10.833,392
2023-12-02,10.972,392
2023-12-03,10.813,392
2023-12-04,10.837,392
2023-12-05,10.595,392
2023-12-06,10.518,392
2023-12-07,10.196,392
2023-12-08,10.247,392
2023-12-09,10.188,392
2023-12-10,10.338,392
2023-12-11,10.34,392
2023-12-12,10.4,392
2023-12-13,10.417,392
2023-12-14,10.321,392
2023-12-15,10.401,392
2023-12-16,10.339,392
2023-12-17,10.291,392
2023-12-18,10.207,392
2023-12-19,9.87,392
2023-12-20,9.749,392
2023-12-21,10.387,392
2023-12-22,10.53,392
2023-12-23,10.542,392
2023-12-24,10.437,392
2023-12-25,10.292,392
2023-12-26,10.185,392
2023-12-27,10.035,392
2023-12-28,9.922,392
2023-12-29,10.303,392
2023-12-30,10.473,392
2023-12-31,10.486,392
2024-01-01,10.436,392
2024-01-02,10.418,392
2024-01-03,10.482,392
2024-01-04,10.503,392
2024-01-05,10.391,392
2024-01-06,10.185,392
2024-01-07,10.257,392
2024-01-08,10.259,392
2024-01-09,10.143,392
2024-01-10,10.043,392
2024-01-11,9.954,392
2024-01-12,9.849,392
2024-01-13,9.526,392
2024-01-14,9.275,392
2024-01-15,9.321,392
2024-01-16,9.251,392
2024-01-17,9.301,392
2024-01-18,9.141,392
2024-01-19,9.059,392
2024-01-20,9.01,392
2024-01-21,8.934,392
2024-01-22,8.965,392
2024-01-23,8.885,392
2024-01-24,8.95,392
2024-01-25,9.01,392
2024-01-26,8.98,392
2024-01-27,8.974,392
2024-01-28,8.936,392
2024-01-29,9.149,392
2024-01-30,9.171,392
2024-01-31,9.823,392
2024-02-01,10.245,392
2024-02-02,10.419,392
2024-02-03,10.388,392
2024-02-04,10.424,392
2024-02-05,10.313,392
2024-02-06,10.098,392
2024-02-07,9.954,392
2024-02-08,9.983,392
2024-02-09,9.753,392
2024-02-10,9.791,392
2024-02-11,10.073,392
2024-02-12,10.093,392
2024-02-13,10.126,392
2024-02-14,10.104,392
2024-02-15,10.031,392
2024-02-16,9.78,392
2024-02-17,9.732,392
2024-02-18,9.619,392
2024-02-19,9.57,392
2024-02-20,9.468,392
2024-02-21,9.878,392
2024-02-22,9.9,392
2024-02-23,9.952,392
2024-02-24,9.917,392
2024-02-25,9.792,392
2024-02-26,9.827,392
2024-02-27,9.81,392
2024-02-28,9.793,392
2024-02-29,9.69,392
2024-03-01,9.413,392
2024-03-02,9.357,392
2024-03-03,9.274,392
2024-03-04,8.925,392
2024-03-05,8.946,392
2024-03-06,8.905,392
2024-03-07,8.78,392
2024-03-08,8.816,392
2024-03-09,9.007,392
2024-03-10,9.308,392
2024-03-11,9.656,392
2024-03-12,9.713,392
2024-03-13,9.636,392
2024-03-14,9.386,392
2024-03-15,9.813,392
2024-03-16,10.165,392
2024-03-17,10.374,392
2024-03-18,10.004,392
2024-03-19,10.09,392
2024-03-20,10.228,392
2024-03-21,10.294,392
2024-03-22,10.2,392
2024-03-23,10.171,392
2024-03-24,10.141,392
2024-03-25,10.26,392
2024-03-26,10.221,392
2024-03-27,10.287,392
2024-03-28,10.259,392
2024-03-29,10.335,392
2024-03-30,10.337,392
2024-03-31,10.291,392
2024-04-01,10.147,392
2024-04-02,10.095,392
2024-04-03,10.228,392
2024-04-04,10.323,392
2024-04-05,10.276,392
2024-04-06,10.162,392
2024-04-07,9.71,392
2024-04-08,9.83,392
2024-04-09,9.825,392
2024-04-10,9.892,392
2024-04-11,9.982,392
2024-04-12,10.236,392
2024-04-13,10.305,392
2024-04-14,10.319,392
2024-04-15,9.865,392
2024-04-16,9.845,392
2024-04-17,10.016,392
2024-04-18,10.053,392
2024-04-19,10.191,392
2024-04-20,10.153,392
2024-04-21,10.026,392
2024-04-22,10.001,392
2024-04-23,10.041,392
2024-04-24,10.048,392
2024-04-25,10.152,392
2024-04-26,10.076,392
2024-04-27,10.074,392
2024-04-28,10.522,392
2024-04-29,10.507,392
2024-04-30,10.566,392
2024-05-01,10.719,392
2024-05-02,10.946,392
2024-05-03,11.263,392
2024-05-04,11.399,392
2024-05-05,10.731,392
2024-05-06,11.023,392
2024-05-07,11.03,392
2024-05-08,11.161,392
2024-05-09,11.403,392
2024-05-10,11.778,392
2024-05-11,11.842,392
2024-05-12,11.684,392
2024-05-13,11.462,392
2024-05-14,11.039,392
2024-05-15,10.827,392
2024-05-16,10.092,392
2024-05-17,10.096,392
2024-05-18,10.433,392
2024-05-19,10.474,392
2024-05-20,10.514,392
2024-05-21,10.228,392
2024-05-22,10.355,392
2024-05-23,10.344,392
2024-05-24,10.488,392
2024-05-25,10.61,392
2024-05-26,10.712,392
2024-05-27,10.91,392
2024-05-28,11.247,392
2024-05-29,11.652,392
2024-05-30,11.724,392
2024-05-31,11.582,392
2024-06-01,11.464,392
2024-06-02,11.531,392
2024-06-03,11.434,392
2024-06-04,11.304,392
2024-06-05,11.513,392
2024-06-06,11.835,392
2024-06-07,12.303,392
2024-06-08,12.566,392
2024-06-09,12.49,392
2024-06-10,12.164,392
2024-06-11,11.983,392
2024-06-12,11.777,392
2024-06-13,11.82,392
2024-06-14,11.918,392
2024-06-15,12.171,392
2024-06-16,12.129,392
2024-06-17,12.197,392
2024-06-18,12.39,392
2024-06-19,12.319,392
2024-06-20,12.313,392
2024-06-21,12.139,392
2024-06-22,12.301,392
2024-06-23,12.413,392
2024-06-24,12.972,392
2024-06-25,12.968,392
2024-06-26,13.006,392
2024-06-27,12.988,392
2024-06-28,12.796,392
2024-06-29,12.72,392
2024-06-30,13.617,392
2024-07-01,13.433,392
2024-07-02,13.182,392
2024-07-03,12.938,392
2024-07-04,12.705,392
2024-07-05,13.088,392
2024-07-06,13.479,392
2024-07-07,13.749,392
2024-07-08,13.946,392
2024-07-09,14.042,392
2024-07-10,13.316,392
2024-07-11,12.655,392
2024-07-12,12.384,392
2024-07-13,12.455,392
2024-07-14,12.113,392
2024-07-15,11.755,392
2024-07-16,12.045,392
2024-07-17,12.29,392
2024-07-18,12.681,392
2024-07-19,14.006,392
2024-07-20,14.167,392
2024-07-21,13.805,392
2024-07-22,13.702,392
2024-07-23,13.666,392
2024-07-24,13.771,392
2024-07-25,13.828,392
2024-07-26,13.952,392
2024-07-27,13.74,392
2024-07-28,13.321,392
2024-07-29,13.458,392
2024-07-30,13.678,392
2024-07-31,15.077,392
2024-08-01,14.733,392
2024-08-02,14.737,392
2024-08-03,14.648,392
2024-08-04,14.49,392
2024-08-05,14.381,392
2024-08-06,14.217,392
2024-08-07,13.97,392
2024-08-08,13.817,392
2024-08-09,13.717,392
2024-08-10,12.608,392
2024-08-11,12.642,392
2024-08-12,13.009,392
2024-08-13,13.541,392
2024-08-14,13.891,392
2024-08-15,14.601,392
2024-08-16,14.668,392
2024-08-17,14.62,392
2024-08-18,14.295,392
2024-08-19,14.115,392
2024-08-20,13.884,392
2024-08-21,13.938,392
2024-08-22,13.981,392
2024-08-23,14.079,392
2024-08-24,14.815,392
2024-08-25,14.893,392
2024-08-26,14.961,392
2024-08-27,14.78,392
2024-08-28,14.852,392
2024-08-29,14.974,392
2024-08-30,15.275,392
2024-08-31,15.459,392
2024-09-01,15.682,392
2024-09-02,15.256,392
2024-09-03,15.119,392
2024-09-04,15.288,392
2024-09-05,15.366,392
2024-09-06,15.128,392
2024-09-07,14.827,392
2024-09-08,14.825,392
2024-09-09,14.621,392
2024-09-10,14.694,392
2024-09-11,14.555,392
2024-09-12,14.382,392
2024-09-13,14.46,392
2024-09-14,14.565,392
2024-09-15,14.422,392
2024-09-16,14.312,392
2024-09-17,14.124,392
2024-09-18,13.882,392
2024-09-19,13.416,392
2024-09-20,13.152,392
2024-09-21,13.171,392
2024-09-22,13.119,392
2024-09-23,13.649,392
2024-09-24,13.642,392
2024-09-25,12.84,392
2024-09-26,12.506,392
2024-09-27,12.464,392
2024-09-28,12.105,392
2024-09-29,11.946,392
2024-09-30,11.862,392
2024-10-01,11.836,392
2024-10-02,11.874,392
2024-10-03,11.976,392
2024-10-04,11.937,392
2024-10-05,12.103,392
2024-10-06,12.285,392
2024-10-07,12.312,392
2024-10-08,12.719,392
2024-10-09,12.548,392
2024-10-10,12.519,392
2024-10-11,12.894,392
2024-10-12,13.147,392
2024-10-13,13.174,392
2024-10-14,13.181,392
2024-10-15,13.32,392
2024-10-16,13.047,392
2024-10-17,13.05,392
2024-10-18,12.776,392
2024-10-19,12.655,392
2024-10-20,12.683,392
2024-10-21,12.5,392
2024-10-22,12.465,392
2024-10-23,12.461,392
2024-10-24,12.338,392
2024-10-25,12.066,392
2024-10-26,12.235,392
2024-10-27,12.232,392
2024-10-28,12.171,392
2024-10-29,12.171,392
2024-10-30,12.184,392
2024-10-31,12.068,392
2024-11-01,12.009,392
2024-11-02,12.002,392
2024-11-03,12.016,392
2024-11-04,11.879,392
2024-11-05,11.826,392
2024-11-06,11.671,392
2024-11-07,11.462,392
2024-11-08,11.472,392
2024-11-09,11.462,392
2024-11-10,11.737,392
2024-11-11,11.625,392
2024-11-12,11.641,392
2024-11-13,11.525,392
2024-11-14,11.403,392
2024-11-15,11.472,392
2024-11-16,11.438,392
2024-11-17,11.239,392
2024-11-18,11.136,392
2024-11-19,11.113,392
2024-11-20,11.032,392
2024-11-21,10.927,392
2024-11-22,10.91,392
2024-11-23,10.991,392
2024-11-24,10.936,392
2024-11-25,10.804,392
2024-11-26,10.51,392
2024-11-27,10.334,392
2024-11-28,10.371,392
2024-11-29,10.373,392
2024-11-30,10.344,392
2024-12-01,10.16,392
2024-12-02,10.053,392
2024-12-03,9.745,392
2024-12-04,9.788,392
2024-12-05,9.816,392
2024-12-06,10.031,392
2024-12-07,10.157,392
2024-12-08,10.196,392
2024-12-09,10.14,392
2024-12-10,10.118,392
2024-12-11,10.055,392
2024-12-12,10.041,392
2024-12-13,9.979,392
2024-12-14,10.134,392
2024-12-15,10.144,392
2024-12-16,10.111,392
2024-12-17,10.049,392
2024-12-18,9.993,392
2024-12-19,10.422,392
2024-12-20,10.263,392
2024-12-21,10.266,392
2024-12-22,10.255,392
2024-12-23,10.418,392
2024-12-24,10.431,392
2024-12-25,10.45,392
2024-12-26,10.479,392
2024-12-27,10.472,392
2024-12-28,10.331,392
2024-12-29,10.365,392
2024-12-30,10.391,392
2024-12-31,10.384,392
2025-01-01,10.263,392
2025-01-02,10.186,392
2025-01-03,10.142,392
2025-01-04,10.14,392
2025-01-05,9.979,392
2025-01-06,9.944,392
2025-01-07,9.882,392
2025-01-08,10.006,392
2025-01-09,9.913,392
2025-01-10,9.888,392
2025-01-11,9.631,392
2025-01-12,9.549,392
2025-01-13,9.303,392
2025-01-14,8.732,392
2025-01-15,8.829,392
2025-01-16,8.845,392
2025-01-17,8.875,392
2025-01-18,8.727,392
2025-01-19,8.307,392
2025-01-20,8.23,392
2025-01-21,8.118,392
2025-01-22,8.157,392
2025-01-23,8.289,392
2025-01-24,8.23,392
2025-01-25,8.192,392
2025-01-26,8.069,392
2025-01-27,7.929,392
2025-01-28,7.919,392
2025-01-29,7.955,392
2025-01-30,8.01,392
2025-01-31,8.15,392
2025-02-01,8.019,392
2025-02-02,8.039,392
2025-02-03,7.932,392
2025-02-04,7.837,392
2025-02-05,7.843,392
2025-02-06,7.692,392
2025-02-07,7.686,392
2025-02-08,7.623,392
2025-02-09,7.492,392
2025-02-10,7.396,392
2025-02-11,7.438,392
2025-02-12,7.438,392
2025-02-13,7.42,392
2025-02-14,7.412,392
2025-02-15,7.466,392
2025-02-16,7.556,392
2025-02-17,7.627,392
2025-02-18,7.676,392
2025-02-19,7.76,392
2025-02-20,7.84,392
2025-02-21,7.883,392
2025-02-22,7.884,392
2025-02-23,8.273,392
2025-02-24,8.332,392
2025-02-25,8.429,392
2025-02-26,8.414,392
2025-02-27,8.55,392
2025-02-28,8.595,392
2025-03-01,8.84,392
2025-03-02,8.941,392
2025-03-03,9.007,392
2025-03-04,8.856,392
2025-03-05,9.096,392
2025-03-06,9.129,392
2025-03-07,9.158,392
2025-03-08,8.991,392
2025-03-09,9.059,392
2025-03-10,9.022,392
2025-03-11,9.019,392
2025-03-12,8.97,392
2025-03-13,8.914,392
2025-03-14,8.931,392
2025-03-15,8.996,392
2025-03-16,9.097,392
2025-03-17,8.973,392
2025-03-18,9.011,392
2025-03-19,9.028,392
2025-03-20,9.17,392
2025-03-21,9.13,392
2025-03-22,9.096,392
2025-03-23,9.045,392
2025-03-24,9.439,392
2025-03-25,9.839,392
2025-03-26,9.853,392
2025-03-27,9.81,392
2025-03-28,9.649,392
2025-03-29,9.59,392
2025-03-30,9.564,392
2025-03-31,9.472,392
2025-04-01,9.627,392
2025-04-02,9.947,392
2025-04-03,10.142,392
2025-04-04,10.257,392
2025-04-05,10.358,392
2025-04-06,10.402,392
2025-04-07,10.257,392
2025-04-08,9.961,392
2025-04-09,9.95,392
2025-04-10,10.093,392
2025-04-11,10.244,392
2025-04-12,10.225,392
2025-04-13,10.315,392
2025-04-14,10.256,392
2025-04-15,10.102,392
2025-04-16,10.228,392
2025-04-17,10.232,392
2025-04-18,10.221,392
2025-04-19,10.197,392
2025-04-20,9.736,392
2025-04-21,10.061,392
2025-04-22,10.248,392
2025-04-23,10.326,392
2025-04-24,10.341,392
2025-04-25,10.115,392
2025-04-26,9.884,392
2025-04-27,9.88,392
2025-04-28,9.886,392
2025-04-29,9.957,392
2025-04-30,10.365,392
2025-05-01,10.825,392
2025-05-02,10.669,392
2025-05-03,10.793,392
2025-05-04,10.548,392
2025-05-05,10.414,392
2025-05-06,10.527,392
2025-05-07,10.752,392
2025-05-08,10.806,392
2025-05-09,10.816,392
2025-05-10,10.876,392
2025-05-11,11.454,392
2025-05-12,11.406,392
2025-05-13,11.381,392
2025-05-14,11.287,392
2025-05-15,11.338,392
2025-05-16,11.405,392
2025-05-17,10.941,392
2025-05-18,10.993,392
2025-05-19,10.904,392
2025-05-20,11.655,392
2025-05-21,11.676,392
2025-05-22,11.619,392
2025-05-23,12.351,392
2025-05-24,12.715,392
2025-05-25,12.721,392
2025-05-26,12.658,392
2025-05-27,12.929,392
2025-05-28,12.791,392
2025-05-29,12.84,392
2025-05-30,12.661,392
2025-05-31,12.46,392
2025-06-01,11.984,392
2025-06-02,11.655,392
2025-06-03,11.362,392
2025-06-04,11.065,392
2025-06-05,10.987,392
2025-06-06,10.896,392
2025-06-07,12.038,392
2025-06-08,11.925,392
2025-06-09,11.972,392
2025-06-10,11.769,392
2025-06-11,11.847,392
2025-06-12,11.385,392
2025-06-13,11.268,392
2025-06-14,11.232,392
2025-06-15,11.3,392
2025-06-16,12.183,392
2025-06-17,12.4,392
2025-06-18,12.506,392
2025-06-19,12.589,392
2025-06-20,12.658,392
2025-06-21,12.804,392
2025-06-22,12.827,392
2025-06-23,12.959,392
2025-06-24,13.057,392
2025-06-25,13.29,392
2025-06-26,13.228,392
2025-06-27,13.287,392
2025-06-28,12.977,392
2025-06-29,12.667,392
2025-06-30,12.293,392
2025-07-01,11.832,392
2025-07-02,11.832,392
2025-07-03,11.832,392
2025-07-04,12.355,392
2025-07-05,12.505,392
2025-07-06,12.463,392
2025-07-07,12.312,392
2025-07-08,12.299,392
2025-07-09,11.984,392
2025-07-10,12.475,392
2025-07-11,12.547,392
2025-07-12,13.136,392
2025-07-13,12.707,392
2025-07-14,12.251,392
2025-07-15,11.999,392
2025-07-16,12.017,392
2025-07-17,11.769,392
2025-07-18,11.683,392
2025-07-19,11.929,392
2025-07-20,12.315,392
2025-07-21,11.792,392
2025-07-22,11.169,392
2025-07-23,10.795,392
2025-07-24,10.621,392
2025-07-25,10.79,392
2025-07-26,12.187,392
2025-07-27,13.305,392
2025-07-28,13.982,392
2025-07-29,14.216,392
2025-07-30,14.004,392
2025-07-31,13.458,392
2025-08-01,13.345,392
2025-08-02,13.611,392
2025-08-03,14.044,392
2025-08-04,14.13,392
2025-08-05,14.073,392
2025-08-06,14.476,392
2025-08-07,14.782,392
2025-08-08,14.795,392
2025-08-09,14.551,392
2025-08-10,14.007,392
2025-08-11,14.089,392
2025-08-12,14.093,392
2025-08-13,14.322,392
2025-08-14,14.085,392
2025-08-15,14.114,392
2025-08-16,14.125,392
2025-08-17,14.228,392
2025-08-18,14.364,392
2025-08-19,15.409,392
2025-08-20,15.326,392
2025-08-21,15.173,392
2025-08-22,15.017,392
2025-08-23,15.049,392
2025-08-24,15.127,392
2025-08-25,15.162,392
2025-08-26,15.23,392
2025-08-27,15.17,392
2025-08-28,15.099,392
2025-08-29,15.047,392
2025-08-30,15.424,392
2025-08-31,15.453,392
2025-09-01,15.594,392
2025-09-02,15.428,392
2025-09-03,15.435,392
2025-09-04,15.085,392
2025-09-05,14.871,392
2025-09-06,14.742,392
2025-09-07,14.595,392
2025-09-08,14.713,392
2025-09-09,14.73,392
2025-09-10,14.705,392
2025-09-11,14.659,392
2025-09-12,14.641,392
2025-09-13,14.821,392
2025-09-14,14.733,392
2025-09-15,14.764,392
2025-09-16,14.802,392
2025-09-17,14.524,392
2025-09-18,14.191,392
2025-09-19,13.873,392
2025-09-20,13.529,392
2025-09-21,13.65,392
2025-09-22,13.874,392
2025-09-23,13.777,392
2025-09-24,13.651,392
2025-09-25,13.352,392
2025-09-26,13.175,392
2025-09-27,13.112,392
2025-09-28,13.293,392
2025-09-29,13.317,392
2025-09-30,12.98,392
2025-10-01,13.218,392
2025-10-02,13.394,392
2025-10-03,13.56,392
2025-10-04,13.701,392
2025-10-05,14.043,392
2025-10-06,14.073,392
2025-10-07,13.949,392
2025-10-08,13.747,392
2025-10-09,13.746,392
2025-10-10,13.648,392
2025-10-11,13.56,392
2025-10-12,13.274,392
2025-10-13,13.144,392
2025-10-14,13.017,392
2025-10-15,12.872,392
2025-10-16,12.748,392
2025-10-17,12.782,392
2025-10-18,12.748,392
2025-10-19,12.631,392
2025-10-20,12.517,392
2025-10-21,12.5,392
2025-10-22,12.476,392
2025-10-23,12.5,392
2025-10-24,12.472,392
2025-10-25,12.347,392
2025-10-26,12.389,392
2025-10-27,12.432,392
2025-10-28,12.339,392
2025-10-29,12.12,392
2025-10-30,12.141,392
2025-10-31,12.228,392
2025-11-01,12.265,392
2025-11-02,12.205,392
2025-11-03,12.166,392
2025-11-04,12.079,392
2025-11-05,11.767,392
2025-11-06,11.917,392
2025-11-07,11.938,392
2025-11-08,12.022,392
2025-11-09,12.209,392
2025-11-10,11.997,392
2025-11-11,12.103,392
2025-11-12,11.969,392
2025-11-13,11.842,392
2025-11-14,11.737,392
2025-11-15,11.414,392
2025-11-16,11.518,392
2025-11-17,11.673,392
2025-11-18,11.682,392
2025-11-19,11.772,392
2025-11-20,11.796,392
2025-11-21,11.857,392
2025-11-22,11.304,392
2025-11-23,11.44,392
2025-11-24,11.371,392
2025-11-25,11.431,392
2025-11-26,11.274,392
2025-11-27,11.293,392
2025-11-28,11.259,392
2025-11-29,11.205,392
2025-11-30,10.865,392
2025-12-01,10.934,392
2025-12-02,10.985,392
2025-12-03,10.899,392
2025-12-04,10.742,392
2025-12-05,10.756,392
2025-12-06,11.356,392
2025-12-07,11.278,392
2025-12-08,11.319,392
2025-12-09,11.17,392
2025-12-10,11.005,392
2025-12-11,10.845,392
2025-12-12,10.762,392
2025-12-13,10.606,392
2025-12-14,10.489,392
2025-12-15,10.629,392
2025-12-16,11.532,392
2025-12-17,11.386,392
2025-12-18,11.351,392
2025-12-19,11.207,392
2025-12-20,11.326,392
2025-12-21,11.189,392
2025-12-22,11.18,392
2025-12-23,11.185,392
2025-12-24,11.136,392
2025-12-25,10.95,392
2025-12-26,10.472,392
2025-12-27,10.516,392
2025-12-28,10.292,392
2025-12-29,10.051,392
2025-12-30,9.714,392
2025-12-31,9.673,392
2026-01-01,9.729,392
2026-01-02,9.776,392
2026-01-03,9.812,392
2026-01-04,9.931,392
2026-01-05,9.923,392
2026-01-06,9.997,392
2026-01-07,10.096,392
2026-01-08,10.102,392
2026-01-09,10.017,392
2026-01-10,9.888,392
2026-01-11,9.811,392
2026-01-12,9.664,392
2026-01-13,9.795,392
2026-01-14,10.048,392
2026-01-15,9.964,392
2026-01-16,9.845,392
2026-01-17,9.771,392
2026-01-18,9.634,392
2026-01-19,9.459,392
2026-01-20,9.412,392
2026-01-21,9.32,392
2026-01-22,9.371,392
2026-01-23,9.136,392
2026-01-24,9.167,392
2026-01-25,9.136,392
2026-01-26,9.229,392
2026-01-27,9.177,392
2026-01-28,9.135,392
2026-01-29,9.114,392
2026-01-30,9.058,392
2026-01-31,9.547,392
2026-02-01,9.527,392
2026-02-02,9.526,392
2026-02-03,9.398,392
2026-02-04,9.547,392
2026-02-05,10.188,392
2026-02-06,10.137,392
2026-02-07,10.179,392
2026-02-08,10.118,392
2026-02-09,10.209,392
2026-02-10,10.156,392
2026-02-11,10.111,392
2026-02-12,9.981,392
2026-02-13,9.896,392
2026-02-14,9.553,392
2026-02-15,9.617,392
2026-02-16,9.485,392
2026-02-17,9.205,392
2026-02-18,9.101,392
2026-02-19,9.156,392
2026-02-20,9.154,392
2026-02-21,9.801,392
2026-02-22,9.808,392
2026-02-23,9.609,392
2026-02-24,9.442,392
2026-02-25,9.453,392
2026-02-26,9.493,392
2026-02-27,9.395,392
2026-02-28,9.32,392
2026-03-01,9.317,392
2026-03-02,9.345,392
2026-03-03,9.493,392
2026-03-04,9.626,392
2026-03-05,9.636,392
2026-03-06,9.621,392
2026-03-07,9.722,392
2026-03-08,9.665,392
2026-03-09,9.371,392
2026-03-10,9.281,392
2026-03-11,9.23,392
2026-03-12,9.208,392
2026-03-13,8.995,392
2026-03-14,9.042,392
2026-03-15,9.019,392
2026-03-16,8.949,392
2026-03-17,8.958,392
2026-03-18,9.013,392
2026-03-19,9.065,392
2026-03-20,9.492,392
2026-03-21,9.433,392
2026-03-22,9.508,392
2026-03-23,9.446,392
2026-03-24,9.279,392
2026-03-25,9.271,392
2026-03-26,9.308,392
2026-03-27,9.266,392
2026-03-28,9.299,392
2026-03-29,9.129,392
2026-03-30,9.038,392
2026-03-31,9.08,392
