date,sst,n_cells
1982-01-01,22.529,131
1982-01-02,22.513,131
1982-01-03,22.521,131
1982-01-04,22.524,131
1982-01-05,22.422,131
1982-01-06,22.276,131
1982-01-07,22.146,131
1982-01-08,21.959,131
1982-01-09,21.902,131
1982-01-10,21.835,131
1982-01-11,21.782,131
1982-01-12,21.749,131
1982-01-13,21.714,131
1982-01-14,21.616,131
1982-01-15,21.542,131
1982-01-16,21.462,131
1982-01-17,21.477,131
1982-01-18,21.367,131
1982-01-19,21.334,131
1982-01-20,21.188,131
1982-01-21,21.039,131
1982-01-22,20.963,131
1982-01-23,20.978,131
1982-01-24,21.033,131
1982-01-25,21.213,131
1982-01-26,21.19,131
1982-01-27,21.267,131
1982-01-28,21.196,131
1982-01-29,21.186,131
1982-01-30,21.134,131
1982-01-31,21.222,131
1982-02-01,21.287,131
1982-02-02,21.187,131
1982-02-03,20.974,131
1982-02-04,20.885,131
1982-02-05,20.873,131
1982-02-06,20.888,131
1982-02-07,20.92,131
1982-02-08,20.848,131
1982-02-09,20.801,131
1982-02-10,20.666,131
1982-02-11,20.523,131
1982-02-12,20.461,131
1982-02-13,20.441,131
1982-02-14,20.415,131
1982-02-15,20.374,131
1982-02-16,20.387,131
1982-02-17,20.36,131
1982-02-18,20.264,131
1982-02-19,20.216,131
1982-02-20,20.232,131
1982-02-21,20.27,131
1982-02-22,20.355,131
1982-02-23,20.42,131
1982-02-24,20.463,131
1982-02-25,20.519,131
1982-02-26,20.567,131
1982-02-27,20.578,131
1982-02-28,20.593,131
1982-03-01,20.569,131
1982-03-02,20.499,131
1982-03-03,20.491,131
1982-03-04,20.461,131
1982-03-05,20.494,131
1982-03-06,20.489,131
1982-03-07,20.556,131
1982-03-08,20.57,131
1982-03-09,20.526,131
1982-03-10,20.527,131
1982-03-11,20.579,131
1982-03-12,20.596,131
1982-03-13,20.595,131
1982-03-14,20.667,131
1982-03-15,20.745,131
1982-03-16,20.774,131
1982-03-17,20.617,131
1982-03-18,20.758,131
1982-03-19,20.66,131
1982-03-20,20.736,131
1982-03-21,20.778,131
1982-03-22,20.791,131
1982-03-23,20.753,131
1982-03-24,20.679,131
1982-03-25,20.605,131
1982-03-26,20.552,131
1982-03-27,20.541,131
1982-03-28,20.618,131
1982-03-29,20.686,131
1982-03-30,20.836,131
1982-03-31,20.931,131
1982-04-01,20.929,131
1982-04-02,20.941,131
1982-04-03,21.12,131
1982-04-04,21.026,131
1982-04-05,21.06,131
1982-04-06,21.036,131
1982-04-07,21.119,131
1982-04-08,21.253,131
1982-04-09,21.348,131
1982-04-10,21.398,131
1982-04-11,21.384,131
1982-04-12,21.423,131
1982-04-13,21.364,131
1982-04-14,21.38,131
1982-04-15,21.467,131
1982-04-16,21.57,131
1982-04-17,21.578,131
1982-04-18,21.501,131
1982-04-19,21.305,131
1982-04-20,21.114,131
1982-04-21,21.076,131
1982-04-22,21.019,131
1982-04-23,21.014,131
1982-04-24,21.097,131
1982-04-25,21.197,131
1982-04-26,21.263,131
1982-04-27,21.24,131
1982-04-28,21.524,131
1982-04-29,21.851,131
1982-04-30,22.002,131
1982-05-01,22.065,131
1982-05-02,22.061,131
1982-05-03,22.093,131
1982-05-04,22.036,131
1982-05-05,21.895,131
1982-05-06,21.871,131
1982-05-07,21.824,131
1982-05-08,21.86,131
1982-05-09,21.963,131
1982-05-10,22.205,131
1982-05-11,22.538,131
1982-05-12,22.57,131
1982-05-13,22.548,131
1982-05-14,22.655,131
1982-05-15,22.675,131
1982-05-16,22.645,131
1982-05-17,22.603,131
1982-05-18,22.616,131
1982-05-19,22.645,131
1982-05-20,22.826,131
1982-05-21,23.063,131
1982-05-22,23.108,131
1982-05-23,23.148,131
1982-05-24,23.265,131
1982-05-25,23.254,131
1982-05-26,23.145,131
1982-05-27,23.131,131
1982-05-28,23.13,131
1982-05-29,23.224,131
1982-05-30,23.293,131
1982-05-31,23.364,131
1982-06-01,23.256,131
1982-06-02,23.24,131
1982-06-03,23.124,131
1982-06-04,23.036,131
1982-06-05,23.074,131
1982-06-06,23.08,131
1982-06-07,22.956,131
1982-06-08,23.183,131
1982-06-09,23.259,131
1982-06-10,23.328,131
1982-06-11,23.462,131
1982-06-12,23.611,131
1982-06-13,23.44,131
1982-06-14,23.548,131
1982-06-15,23.471,131
1982-06-16,23.424,131
1982-06-17,23.363,131
1982-06-18,23.418,131
1982-06-19,23.502,131
1982-06-20,23.486,131
1982-06-21,23.665,131
1982-06-22,23.994,131
1982-06-23,24.146,131
1982-06-24,24.125,131
1982-06-25,23.957,131
1982-06-26,23.952,131
1982-06-27,24.002,131
1982-06-28,24.482,131
1982-06-29,24.812,131
1982-06-30,24.907,131
1982-07-01,24.822,131
1982-07-02,24.743,131
1982-07-03,24.674,131
1982-07-04,24.758,131
1982-07-05,24.756,131
1982-07-06,24.788,131
1982-07-07,24.974,131
1982-07-08,25.117,131
1982-07-09,25.218,131
1982-07-10,25.35,131
1982-07-11,25.349,131
1982-07-12,25.45,131
1982-07-13,25.55,131
1982-07-14,25.594,131
1982-07-15,25.496,131
1982-07-16,25.452,131
1982-07-17,25.441,131
1982-07-18,25.417,131
1982-07-19,25.42,131
1982-07-20,25.388,131
1982-07-21,25.47,131
1982-07-22,25.605,131
1982-07-23,25.669,131
1982-07-24,25.723,131
1982-07-25,25.821,131
1982-07-26,25.803,131
1982-07-27,25.839,131
1982-07-28,25.848,131
1982-07-29,25.96,131
1982-07-30,25.859,131
1982-07-31,25.818,131
1982-08-01,25.804,131
1982-08-02,25.809,131
1982-08-03,25.805,131
1982-08-04,25.802,131
1982-08-05,25.813,131
1982-08-06,25.816,131
1982-08-07,25.871,131
1982-08-08,25.959,131
1982-08-09,26.1,131
1982-08-10,26.179,131
1982-08-11,26.128,131
1982-08-12,26.078,131
1982-08-13,26.016,131
1982-08-14,25.981,131
1982-08-15,26.019,131
1982-08-16,26.012,131
1982-08-17,26.04,131
1982-08-18,26.096,131
1982-08-19,26.24,131
1982-08-20,26.203,131
1982-08-21,26.117,131
1982-08-22,26.081,131
1982-08-23,26.058,131
1982-08-24,26.082,131
1982-08-25,26.104,131
1982-08-26,26.377,131
1982-08-27,26.584,131
1982-08-28,26.72,131
1982-08-29,26.462,131
1982-08-30,26.398,131
1982-08-31,26.326,131
1982-09-01,26.286,131
1982-09-02,26.325,131
1982-09-03,26.325,131
1982-09-04,26.365,131
1982-09-05,26.429,131
1982-09-06,26.426,131
1982-09-07,26.432,131
1982-09-08,26.411,131
1982-09-09,26.395,131
1982-09-10,26.292,131
1982-09-11,26.175,131
1982-09-12,26.248,131
1982-09-13,26.306,131
1982-09-14,26.229,131
1982-09-15,26.239,131
1982-09-16,26.205,131
1982-09-17,26.135,131
1982-09-18,26.005,131
1982-09-19,26.019,131
1982-09-20,26.066,131
1982-09-21,26.069,131
1982-09-22,26.075,131
1982-09-23,26.062,131
1982-09-24,26.045,131
1982-09-25,26.099,131
1982-09-26,26.116,131
1982-09-27,26.01,131
1982-09-28,25.966,131
1982-09-29,26.026,131
1982-09-30,26.132,131
1982-10-01,26.151,131
1982-10-02,26.083,131
1982-10-03,25.85,131
1982-10-04,26.022,131
1982-10-05,26.245,131
1982-10-06,26.362,131
1982-10-07,26.325,131
1982-10-08,26.241,131
1982-10-09,26.167,131
1982-10-10,26.238,131
1982-10-11,26.28,131
1982-10-12,26.322,131
1982-10-13,26.257,131
1982-10-14,26.09,131
1982-10-15,25.915,131
1982-10-16,25.809,131
1982-10-17,25.75,131
1982-10-18,25.69,131
1982-10-19,25.717,131
1982-10-20,25.762,131
1982-10-21,25.823,131
1982-10-22,25.903,131
1982-10-23,26.02,131
1982-10-24,25.967,131
1982-10-25,26.018,131
1982-10-26,26.109,131
1982-10-27,26.054,131
1982-10-28,25.921,131
1982-10-29,25.838,131
1982-10-30,25.708,131
1982-10-31,25.643,131
1982-11-01,25.607,131
1982-11-02,25.649,131
1982-11-03,25.634,131
1982-11-04,25.615,131
1982-11-05,25.565,131
1982-11-06,25.541,131
1982-11-07,25.537,131
1982-11-08,25.554,131
1982-11-09,25.469,131
1982-11-10,25.395,131
1982-11-11,25.389,131
1982-11-12,25.418,131
1982-11-13,25.291,131
1982-11-14,25.198,131
1982-11-15,25.179,131
1982-11-16,25.239,131
1982-11-17,25.179,131
1982-11-18,25.019,131
1982-11-19,24.864,131
1982-11-20,24.807,131
1982-11-21,24.748,131
1982-11-22,24.719,131
1982-11-23,24.683,131
1982-11-24,24.452,131
1982-11-25,24.172,131
1982-11-26,24.084,131
1982-11-27,23.952,131
1982-11-28,23.973,131
1982-11-29,23.982,131
1982-11-30,23.901,131
1982-12-01,23.775,131
1982-12-02,23.676,131
1982-12-03,23.493,131
1982-12-04,23.245,131
1982-12-05,23.169,131
1982-12-06,22.991,131
1982-12-07,22.723,131
1982-12-08,22.682,131
1982-12-09,22.784,131
1982-12-10,22.632,131
1982-12-11,22.401,131
1982-12-12,22.078,131
1982-12-13,21.853,131
1982-12-14,21.834,131
1982-12-15,21.838,131
1982-12-16,21.96,131
1982-12-17,22.007,131
1982-12-18,21.914,131
1982-12-19,21.778,131
1982-12-20,21.666,131
1982-12-21,21.634,131
1982-12-22,21.637,131
1982-12-23,21.537,131
1982-12-24,21.395,131
1982-12-25,21.395,131
1982-12-26,21.423,131
1982-12-27,21.35,131
1982-12-28,21.28,131
1982-12-29,21.536,131
1982-12-30,21.606,131
1982-12-31,21.662,131
1983-01-01,21.681,131
1983-01-02,21.724,131
1983-01-03,21.81,131
1983-01-04,21.805,131
1983-01-05,21.684,131
1983-01-06,21.535,131
1983-01-07,21.568,131
1983-01-08,21.599,131
1983-01-09,21.602,131
1983-01-10,21.508,131
1983-01-11,21.41,131
1983-01-12,21.305,131
1983-01-13,21.169,131
1983-01-14,21.175,131
1983-01-15,21.313,131
1983-01-16,21.337,131
1983-01-17,21.259,131
1983-01-18,21.211,131
1983-01-19,21.149,131
1983-01-20,20.905,131
1983-01-21,20.765,131
1983-01-22,20.719,131
1983-01-23,20.871,131
1983-01-24,20.872,131
1983-01-25,20.744,131
1983-01-26,20.641,131
1983-01-27,20.616,131
1983-01-28,20.456,131
1983-01-29,20.411,131
1983-01-30,20.482,131
1983-01-31,20.48,131
1983-02-01,20.466,131
1983-02-02,20.511,131
1983-02-03,20.452,131
1983-02-04,20.395,131
1983-02-05,20.378,131
1983-02-06,20.34,131
1983-02-07,20.296,131
1983-02-08,20.275,131
1983-02-09,20.206,131
1983-02-10,20.1,131
1983-02-11,20.079,131
1983-02-12,20.167,131
1983-02-13,20.143,131
1983-02-14,20.239,131
1983-02-15,20.278,131
1983-02-16,20.123,131
1983-02-17,19.935,131
1983-02-18,20.049,131
1983-02-19,20.2,131
1983-02-20,20.254,131
1983-02-21,20.274,131
1983-02-22,20.274,131
1983-02-23,20.323,131
1983-02-24,20.23,131
1983-02-25,20.204,131
1983-02-26,20.198,131
1983-02-27,20.361,131
1983-02-28,20.677,131
1983-03-01,20.938,131
1983-03-02,20.988,131
1983-03-03,20.706,131
1983-03-04,20.46,131
1983-03-05,20.651,131
1983-03-06,20.714,131
1983-03-07,20.759,131
1983-03-08,20.813,131
1983-03-09,20.976,131
1983-03-10,21.041,131
1983-03-11,20.798,131
1983-03-12,20.55,131
1983-03-13,20.412,131
1983-03-14,20.343,131
1983-03-15,20.27,131
1983-03-16,20.233,131
1983-03-17,20.289,131
1983-03-18,20.351,131
1983-03-19,20.553,131
1983-03-20,20.622,131
1983-03-21,20.589,131
1983-03-22,20.575,131
1983-03-23,20.63,131
1983-03-24,20.766,131
1983-03-25,20.942,131
1983-03-26,21.053,131
1983-03-27,21.048,131
1983-03-28,21.059,131
1983-03-29,21.024,131
1983-03-30,20.903,131
1983-03-31,20.817,131
1983-04-01,20.883,131
1983-04-02,20.94,131
1983-04-03,20.999,131
1983-04-04,20.882,131
1983-04-05,20.758,131
1983-04-06,20.843,131
1983-04-07,20.763,131
1983-04-08,20.675,131
1983-04-09,20.685,131
1983-04-10,20.818,131
1983-04-11,20.918,131
1983-04-12,21.075,131
1983-04-13,21.184,131
1983-04-14,21.307,131
1983-04-15,21.435,131
1983-04-16,21.555,131
1983-04-17,21.632,131
1983-04-18,21.645,131
1983-04-19,21.72,131
1983-04-20,21.795,131
1983-04-21,21.899,131
1983-04-22,21.95,131
1983-04-23,21.917,131
1983-04-24,21.882,131
1983-04-25,22.061,131
1983-04-26,22.288,131
1983-04-27,22.36,131
1983-04-28,22.417,131
1983-04-29,22.495,131
1983-04-30,22.563,131
1983-05-01,22.507,131
1983-05-02,22.211,131
1983-05-03,22.06,131
1983-05-04,22.059,131
1983-05-05,22.27,131
1983-05-06,22.436,131
1983-05-07,22.529,131
1983-05-08,22.682,131
1983-05-09,22.829,131
1983-05-10,23.067,131
1983-05-11,23.293,131
1983-05-12,23.202,131
1983-05-13,23.078,131
1983-05-14,22.894,131
1983-05-15,22.947,131
1983-05-16,22.947,131
1983-05-17,22.951,131
1983-05-18,22.901,131
1983-05-19,22.842,131
1983-05-20,22.827,131
1983-05-21,22.772,131
1983-05-22,22.626,131
1983-05-23,22.598,131
1983-05-24,22.502,131
1983-05-25,22.515,131
1983-05-26,22.511,131
1983-05-27,22.414,131
1983-05-28,22.499,131
1983-05-29,22.673,131
1983-05-30,22.811,131
1983-05-31,22.839,131
1983-06-01,22.936,131
1983-06-02,23.339,131
1983-06-03,23.68,131
1983-06-04,23.768,131
1983-06-05,23.86,131
1983-06-06,23.929,131
1983-06-07,23.963,131
1983-06-08,24.12,131
1983-06-09,24.437,131
1983-06-10,24.606,131
1983-06-11,25.034,131
1983-06-12,25.14,131
1983-06-13,25.148,131
1983-06-14,25.35,131
1983-06-15,25.604,131
1983-06-16,25.696,131
1983-06-17,25.766,131
1983-06-18,25.803,131
1983-06-19,25.801,131
1983-06-20,25.782,131
1983-06-21,25.756,131
1983-06-22,25.655,131
1983-06-23,25.769,131
1983-06-24,25.824,131
1983-06-25,25.961,131
1983-06-26,25.992,131
1983-06-27,26.127,131
1983-06-28,26.148,131
1983-06-29,26.169,131
1983-06-30,26.225,131
1983-07-01,26.405,131
1983-07-02,26.617,131
1983-07-03,26.559,131
1983-07-04,26.447,131
1983-07-05,26.434,131
1983-07-06,26.454,131
1983-07-07,26.55,131
1983-07-08,26.63,131
1983-07-09,26.651,131
1983-07-10,26.715,131
1983-07-11,26.763,131
1983-07-12,26.746,131
1983-07-13,26.812,131
1983-07-14,26.7,131
1983-07-15,26.838,131
1983-07-16,26.79,131
1983-07-17,26.8,131
1983-07-18,26.807,131
1983-07-19,26.776,131
1983-07-20,26.639,131
1983-07-21,26.483,131
1983-07-22,26.322,131
1983-07-23,26.312,131
1983-07-24,26.269,131
1983-07-25,26.272,131
1983-07-26,26.276,131
1983-07-27,26.328,131
1983-07-28,26.339,131
1983-07-29,26.381,131
1983-07-30,26.413,131
1983-07-31,26.423,131
1983-08-01,26.425,131
1983-08-02,25.996,131
1983-08-03,26.006,131
1983-08-04,26.079,131
1983-08-05,26.184,131
1983-08-06,26.225,131
1983-08-07,25.993,131
1983-08-08,26.054,131
1983-08-09,26.02,131
1983-08-10,25.964,131
1983-08-11,25.953,131
1983-08-12,25.93,131
1983-08-13,25.877,131
1983-08-14,25.839,131
1983-08-15,25.775,131
1983-08-16,25.619,131
1983-08-17,25.606,131
1983-08-18,25.59,131
1983-08-19,25.806,131
1983-08-20,25.952,131
1983-08-21,26.025,131
1983-08-22,26.392,131
1983-08-23,26.574,131
1983-08-24,26.64,131
1983-08-25,26.454,131
1983-08-26,26.389,131
1983-08-27,26.358,131
1983-08-28,26.454,131
1983-08-29,26.545,131
1983-08-30,26.561,131
1983-08-31,26.481,131
1983-09-01,26.53,131
1983-09-02,26.565,131
1983-09-03,26.499,131
1983-09-04,26.393,131
1983-09-05,26.365,131
1983-09-06,26.494,131
1983-09-07,26.605,131
1983-09-08,26.723,131
1983-09-09,26.758,131
1983-09-10,26.713,131
1983-09-11,26.612,131
1983-09-12,26.597,131
1983-09-13,26.615,131
1983-09-14,26.656,131
1983-09-15,26.695,131
1983-09-16,26.701,131
1983-09-17,26.743,131
1983-09-18,26.721,131
1983-09-19,26.7,131
1983-09-20,26.712,131
1983-09-21,26.889,131
1983-09-22,26.858,131
1983-09-23,26.829,131
1983-09-24,26.828,131
1983-09-25,26.841,131
1983-09-26,26.439,131
1983-09-27,26.383,131
1983-09-28,26.399,131
1983-09-29,26.396,131
1983-09-30,26.39,131
1983-10-01,26.365,131
1983-10-02,26.268,131
1983-10-03,26.237,131
1983-10-04,26.234,131
1983-10-05,26.251,131
1983-10-06,26.245,131
1983-10-07,26.206,131
1983-10-08,26.163,131
1983-10-09,26.096,131
1983-10-10,26.125,131
1983-10-11,26.089,131
1983-10-12,26.119,131
1983-10-13,26.157,131
1983-10-14,26.168,131
1983-10-15,26.148,131
1983-10-16,26.093,131
1983-10-17,25.974,131
1983-10-18,25.931,131
1983-10-19,25.915,131
1983-10-20,25.939,131
1983-10-21,25.923,131
1983-10-22,25.956,131
1983-10-23,25.936,131
1983-10-24,25.815,131
1983-10-25,25.678,131
1983-10-26,25.62,131
1983-10-27,25.561,131
1983-10-28,25.523,131
1983-10-29,25.481,131
1983-10-30,25.455,131
1983-10-31,25.455,131
1983-11-01,25.475,131
1983-11-02,25.494,131
1983-11-03,25.463,131
1983-11-04,25.422,131
1983-11-05,25.417,131
1983-11-06,25.431,131
1983-11-07,25.412,131
1983-11-08,25.447,131
1983-11-09,25.384,131
1983-11-10,25.379,131
1983-11-11,25.318,131
1983-11-12,25.151,131
1983-11-13,25.13,131
1983-11-14,25.195,131
1983-11-15,25.318,131
1983-11-16,25.422,131
1983-11-17,25.374,131
1983-11-18,25.103,131
1983-11-19,24.868,131
1983-11-20,24.642,131
1983-11-21,24.53,131
1983-11-22,24.489,131
1983-11-23,24.515,131
1983-11-24,24.487,131
1983-11-25,24.364,131
1983-11-26,24.048,131
1983-11-27,23.977,131
1983-11-28,24.027,131
1983-11-29,24.148,131
1983-11-30,24.088,131
1983-12-01,23.999,131
1983-12-02,23.884,131
1983-12-03,23.847,131
1983-12-04,23.856,131
1983-12-05,23.873,131
1983-12-06,23.865,131
1983-12-07,23.849,131
1983-12-08,23.893,131
1983-12-09,23.865,131
1983-12-10,23.85,131
1983-12-11,23.897,131
1983-12-12,23.818,131
1983-12-13,23.612,131
1983-12-14,23.101,131
1983-12-15,23.067,131
1983-12-16,23.034,131
1983-12-17,22.97,131
1983-12-18,22.866,131
1983-12-19,22.802,131
1983-12-20,22.745,131
1983-12-21,22.736,131
1983-12-22,22.717,131
1983-12-23,22.549,131
1983-12-24,22.505,131
1983-12-25,22.349,131
1983-12-26,22.263,131
1983-12-27,22.197,131
1983-12-28,22.247,131
1983-12-29,22.286,131
1983-12-30,22.267,131
1983-12-31,22.231,131
1984-01-01,22.13,131
1984-01-02,22.001,131
1984-01-03,21.951,131
1984-01-04,21.903,131
1984-01-05,21.915,131
1984-01-06,21.883,131
1984-01-07,21.902,131
1984-01-08,21.997,131
1984-01-09,22.01,131
1984-01-10,22.032,131
1984-01-11,22.06,131
1984-01-12,21.997,131
1984-01-13,22.093,131
1984-01-14,22.027,131
1984-01-15,21.858,131
1984-01-16,21.592,131
1984-01-17,21.369,131
1984-01-18,21.341,131
1984-01-19,21.363,131
1984-01-20,21.443,131
1984-01-21,21.433,131
1984-01-22,21.391,131
1984-01-23,21.365,131
1984-01-24,21.289,131
1984-01-25,21.249,131
1984-01-26,21.246,131
1984-01-27,21.379,131
1984-01-28,21.472,131
1984-01-29,21.528,131
1984-01-30,21.586,131
1984-01-31,21.612,131
1984-02-01,21.516,131
1984-02-02,21.228,131
1984-02-03,20.898,131
1984-02-04,20.843,131
1984-02-05,20.82,131
1984-02-06,20.83,131
1984-02-07,20.944,131
1984-02-08,20.996,131
1984-02-09,21.205,131
1984-02-10,21.406,131
1984-02-11,21.518,131
1984-02-12,21.451,131
1984-02-13,21.413,131
1984-02-14,21.465,131
1984-02-15,21.544,131
1984-02-16,21.653,131
1984-02-17,21.637,131
1984-02-18,21.668,131
1984-02-19,21.721,131
1984-02-20,21.651,131
1984-02-21,21.724,131
1984-02-22,21.92,131
1984-02-23,21.943,131
1984-02-24,22.081,131
1984-02-25,21.817,131
1984-02-26,21.68,131
1984-02-27,21.699,131
1984-02-28,21.692,131
1984-02-29,21.695,131
1984-03-01,21.722,131
1984-03-02,21.698,131
1984-03-03,21.599,131
1984-03-04,21.43,131
1984-03-05,21.278,131
1984-03-06,21.303,131
1984-03-07,21.249,131
1984-03-08,21.26,131
1984-03-09,21.289,131
1984-03-10,21.292,131
1984-03-11,21.301,131
1984-03-12,21.317,131
1984-03-13,21.486,131
1984-03-14,21.583,131
1984-03-15,21.715,131
1984-03-16,21.825,131
1984-03-17,21.814,131
1984-03-18,21.804,131
1984-03-19,21.822,131
1984-03-20,21.824,131
1984-03-21,21.888,131
1984-03-22,21.98,131
1984-03-23,22.008,131
1984-03-24,22.117,131
1984-03-25,21.973,131
1984-03-26,21.9,131
1984-03-27,21.749,131
1984-03-28,21.806,131
1984-03-29,21.841,131
1984-03-30,21.848,131
1984-03-31,21.9,131
1984-04-01,21.959,131
1984-04-02,22.08,131
1984-04-03,22.137,131
1984-04-04,22.239,131
1984-04-05,22.347,131
1984-04-06,22.436,131
1984-04-07,22.49,131
1984-04-08,22.577,131
1984-04-09,22.641,131
1984-04-10,22.69,131
1984-04-11,22.802,131
1984-04-12,22.781,131
1984-04-13,22.78,131
1984-04-14,22.747,131
1984-04-15,22.72,131
1984-04-16,22.835,131
1984-04-17,23.018,131
1984-04-18,23.05,131
1984-04-19,22.98,131
1984-04-20,22.756,131
1984-04-21,22.645,131
1984-04-22,22.593,131
1984-04-23,22.627,131
1984-04-24,22.646,131
1984-04-25,22.57,131
1984-04-26,22.365,131
1984-04-27,22.321,131
1984-04-28,22.553,131
1984-04-29,22.933,131
1984-04-30,23.145,131
1984-05-01,23.151,131
1984-05-02,23.188,131
1984-05-03,23.218,131
1984-05-04,23.421,131
1984-05-05,23.479,131
1984-05-06,23.534,131
1984-05-07,23.734,131
1984-05-08,23.761,131
1984-05-09,23.792,131
1984-05-10,24.01,131
1984-05-11,24.134,131
1984-05-12,24.24,131
1984-05-13,24.325,131
1984-05-14,24.31,131
1984-05-15,24.392,131
1984-05-16,24.57,131
1984-05-17,24.679,131
1984-05-18,24.788,131
1984-05-19,24.812,131
1984-05-20,24.832,131
1984-05-21,24.924,131
1984-05-22,24.971,131
1984-05-23,24.971,131
1984-05-24,25.022,131
1984-05-25,24.916,131
1984-05-26,24.72,131
1984-05-27,24.752,131
1984-05-28,24.745,131
1984-05-29,24.792,131
1984-05-30,24.943,131
1984-05-31,25.151,131
1984-06-01,25.388,131
1984-06-02,25.467,131
1984-06-03,25.538,131
1984-06-04,25.683,131
1984-06-05,25.79,131
1984-06-06,25.86,131
1984-06-07,25.934,131
1984-06-08,25.921,131
1984-06-09,25.963,131
1984-06-10,25.951,131
1984-06-11,25.945,131
1984-06-12,25.984,131
1984-06-13,26.011,131
1984-06-14,25.992,131
1984-06-15,25.968,131
1984-06-16,25.945,131
1984-06-17,26.042,131
1984-06-18,25.963,131
1984-06-19,26.005,131
1984-06-20,26.107,131
1984-06-21,26.163,131
1984-06-22,26.153,131
1984-06-23,26.147,131
1984-06-24,26.166,131
1984-06-25,26.217,131
1984-06-26,26.227,131
1984-06-27,26.311,131
1984-06-28,26.359,131
1984-06-29,26.393,131
1984-06-30,26.507,131
1984-07-01,26.538,131
1984-07-02,26.578,131
1984-07-03,26.677,131
1984-07-04,26.723,131
1984-07-05,26.74,131
1984-07-06,26.772,131
1984-07-07,26.846,131
1984-07-08,26.858,131
1984-07-09,26.962,131
1984-07-10,27.026,131
1984-07-11,27.088,131
1984-07-12,27.066,131
1984-07-13,26.927,131
1984-07-14,26.899,131
1984-07-15,26.881,131
1984-07-16,26.943,131
1984-07-17,26.986,131
1984-07-18,27.077,131
1984-07-19,27.078,131
1984-07-20,27.123,131
1984-07-21,27.142,131
1984-07-22,27.142,131
1984-07-23,27.162,131
1984-07-24,27.12,131
1984-07-25,27.113,131
1984-07-26,27.086,131
1984-07-27,27.04,131
1984-07-28,26.996,131
1984-07-29,26.933,131
1984-07-30,26.949,131
1984-07-31,26.978,131
1984-08-01,26.988,131
1984-08-02,27.017,131
1984-08-03,27.005,131
1984-08-04,26.99,131
1984-08-05,27.104,131
1984-08-06,27.15,131
1984-08-07,27.205,131
1984-08-08,27.221,131
1984-08-09,27.216,131
1984-08-10,27.209,131
1984-08-11,27.272,131
1984-08-12,27.257,131
1984-08-13,27.277,131
1984-08-14,27.219,131
1984-08-15,27.185,131
1984-08-16,27.204,131
1984-08-17,27.229,131
1984-08-18,27.256,131
1984-08-19,27.259,131
1984-08-20,27.236,131
1984-08-21,27.218,131
1984-08-22,27.249,131
1984-08-23,27.253,131
1984-08-24,27.23,131
1984-08-25,27.192,131
1984-08-26,27.135,131
1984-08-27,27.12,131
1984-08-28,27.074,131
1984-08-29,27.103,131
1984-08-30,27.236,131
1984-08-31,27.229,131
1984-09-01,27.205,131
1984-09-02,27.188,131
1984-09-03,27.157,131
1984-09-04,27.128,131
1984-09-05,26.996,131
1984-09-06,26.959,131
1984-09-07,26.859,131
1984-09-08,26.809,131
1984-09-09,26.762,131
1984-09-10,26.7,131
1984-09-11,26.711,131
1984-09-12,26.728,131
1984-09-13,26.696,131
1984-09-14,26.707,131
1984-09-15,26.696,131
1984-09-16,26.676,131
1984-09-17,26.714,131
1984-09-18,26.73,131
1984-09-19,26.728,131
1984-09-20,26.703,131
1984-09-21,26.692,131
1984-09-22,26.707,131
1984-09-23,26.714,131
1984-09-24,26.672,131
1984-09-25,26.577,131
1984-09-26,26.503,131
1984-09-27,26.384,131
1984-09-28,26.379,131
1984-09-29,26.384,131
1984-09-30,26.388,131
1984-10-01,26.339,131
1984-10-02,26.285,131
1984-10-03,26.264,131
1984-10-04,26.285,131
1984-10-05,26.321,131
1984-10-06,26.395,131
1984-10-07,26.501,131
1984-10-08,26.535,131
1984-10-09,26.462,131
1984-10-10,26.404,131
1984-10-11,26.43,131
1984-10-12,26.424,131
1984-10-13,26.403,131
1984-10-14,26.377,131
1984-10-15,26.238,131
1984-10-16,26.191,131
1984-10-17,26.127,131
1984-10-18,25.911,131
1984-10-19,25.659,131
1984-10-20,25.586,131
1984-10-21,25.521,131
1984-10-22,25.412,131
1984-10-23,25.318,131
1984-10-24,25.278,131
1984-10-25,25.21,131
1984-10-26,24.976,131
1984-10-27,24.926,131
1984-10-28,24.809,131
1984-10-29,24.692,131
1984-10-30,24.732,131
1984-10-31,24.826,131
1984-11-01,24.866,131
1984-11-02,24.84,131
1984-11-03,24.823,131
1984-11-04,24.781,131
1984-11-05,24.78,131
1984-11-06,24.701,131
1984-11-07,24.659,131
1984-11-08,24.691,131
1984-11-09,24.805,131
1984-11-10,24.875,131
1984-11-11,24.786,131
1984-11-12,24.698,131
1984-11-13,24.941,131
1984-11-14,24.944,131
1984-11-15,24.933,131
1984-11-16,24.943,131
1984-11-17,24.93,131
1984-11-18,24.899,131
1984-11-19,24.862,131
1984-11-20,24.757,131
1984-11-21,24.823,131
1984-11-22,24.825,131
1984-11-23,24.834,131
1984-11-24,24.889,131
1984-11-25,24.836,131
1984-11-26,24.662,131
1984-11-27,24.503,131
1984-11-28,24.381,131
1984-11-29,24.384,131
1984-11-30,24.369,131
1984-12-01,24.325,131
1984-12-02,24.165,131
1984-12-03,23.974,131
1984-12-04,23.957,131
1984-12-05,24.029,131
1984-12-06,24.069,131
1984-12-07,23.847,131
1984-12-08,23.759,131
1984-12-09,23.55,131
1984-12-10,23.455,131
1984-12-11,23.365,131
1984-12-12,23.328,131
1984-12-13,23.296,131
1984-12-14,23.234,131
1984-12-15,22.907,131
1984-12-16,22.897,131
1984-12-17,22.895,131
1984-12-18,23.003,131
1984-12-19,22.989,131
1984-12-20,22.99,131
1984-12-21,22.941,131
1984-12-22,22.902,131
1984-12-23,22.582,131
1984-12-24,22.289,131
1984-12-25,22.221,131
1984-12-26,22.229,131
1984-12-27,22.281,131
1984-12-28,22.303,131
1984-12-29,22.379,131
1984-12-30,22.376,131
1984-12-31,22.203,131
1985-01-01,22.368,131
1985-01-02,22.366,131
1985-01-03,22.368,131
1985-01-04,22.331,131
1985-01-05,22.296,131
1985-01-06,22.291,131
1985-01-07,22.378,131
1985-01-08,22.471,131
1985-01-09,22.308,131
1985-01-10,22.09,131
1985-01-11,21.848,131
1985-01-12,21.693,131
1985-01-13,21.543,131
1985-01-14,21.355,131
1985-01-15,21.324,131
1985-01-16,21.238,131
1985-01-17,21.199,131
1985-01-18,21.248,131
1985-01-19,21.283,131
1985-01-20,21.273,131
1985-01-21,21.285,131
1985-01-22,21.375,131
1985-01-23,21.304,131
1985-01-24,21.286,131
1985-01-25,21.275,131
1985-01-26,21.321,131
1985-01-27,21.331,131
1985-01-28,21.153,131
1985-01-29,20.907,131
1985-01-30,20.813,131
1985-01-31,20.752,131
1985-02-01,20.858,131
1985-02-02,20.78,131
1985-02-03,20.63,131
1985-02-04,20.55,131
1985-02-05,20.455,131
1985-02-06,20.645,131
1985-02-07,20.744,131
1985-02-08,20.785,131
1985-02-09,20.86,131
1985-02-10,20.874,131
1985-02-11,20.831,131
1985-02-12,20.82,131
1985-02-13,20.758,131
1985-02-14,20.904,131
1985-02-15,20.998,131
1985-02-16,21.054,131
1985-02-17,21.179,131
1985-02-18,21.19,131
1985-02-19,21.145,131
1985-02-20,21.052,131
1985-02-21,21.037,131
1985-02-22,21.002,131
1985-02-23,21.227,131
1985-02-24,21.232,131
1985-02-25,21.296,131
1985-02-26,21.4,131
1985-02-27,21.409,131
1985-02-28,21.383,131
1985-03-01,21.257,131
1985-03-02,21.128,131
1985-03-03,21.105,131
1985-03-04,21.124,131
1985-03-05,21.259,131
1985-03-06,21.204,131
1985-03-07,21.202,131
1985-03-08,21.253,131
1985-03-09,21.249,131
1985-03-10,21.153,131
1985-03-11,21.173,131
1985-03-12,21.16,131
1985-03-13,21.099,131
1985-03-14,21.051,131
1985-03-15,21.188,131
1985-03-16,21.357,131
1985-03-17,21.414,131
1985-03-18,21.411,131
1985-03-19,21.331,131
1985-03-20,21.314,131
1985-03-21,21.34,131
1985-03-22,21.38,131
1985-03-23,21.408,131
1985-03-24,21.45,131
1985-03-25,21.557,131
1985-03-26,21.566,131
1985-03-27,21.503,131
1985-03-28,21.472,131
1985-03-29,21.517,131
1985-03-30,21.566,131
1985-03-31,21.596,131
1985-04-01,21.576,131
1985-04-02,21.505,131
1985-04-03,21.528,131
1985-04-04,21.518,131
1985-04-05,21.451,131
1985-04-06,21.336,131
1985-04-07,21.266,131
1985-04-08,21.263,131
1985-04-09,21.306,131
1985-04-10,21.341,131
1985-04-11,21.402,131
1985-04-12,21.641,131
1985-04-13,21.71,131
1985-04-14,21.751,131
1985-04-15,21.811,131
1985-04-16,21.873,131
1985-04-17,21.947,131
1985-04-18,22.085,131
1985-04-19,22.132,131
1985-04-20,22.14,131
1985-04-21,22.173,131
1985-04-22,22.235,131
1985-04-23,22.31,131
1985-04-24,22.303,131
1985-04-25,22.333,131
1985-04-26,22.055,131
1985-04-27,22.118,131
1985-04-28,22.222,131
1985-04-29,22.227,131
1985-04-30,22.263,131
1985-05-01,22.247,131
1985-05-02,22.643,131
1985-05-03,22.867,131
1985-05-04,22.932,131
1985-05-05,23.032,131
1985-05-06,23.072,131
1985-05-07,22.975,131
1985-05-08,22.896,131
1985-05-09,22.924,131
1985-05-10,23,131
1985-05-11,23.045,131
1985-05-12,23.083,131
1985-05-13,23.084,131
1985-05-14,23.14,131
1985-05-15,23.193,131
1985-05-16,23.168,131
1985-05-17,23.006,131
1985-05-18,22.948,131
1985-05-19,22.937,131
1985-05-20,22.896,131
1985-05-21,22.896,131
1985-05-22,23.029,131
1985-05-23,23.232,131
1985-05-24,23.29,131
1985-05-25,23.329,131
1985-05-26,23.349,131
1985-05-27,23.39,131
1985-05-28,23.664,131
1985-05-29,23.693,131
1985-05-30,23.751,131
1985-05-31,24.065,131
1985-06-01,24.365,131
1985-06-02,24.799,131
1985-06-03,24.912,131
1985-06-04,24.886,131
1985-06-05,24.803,131
1985-06-06,24.795,131
1985-06-07,25.026,131
1985-06-08,25.397,131
1985-06-09,25.497,131
1985-06-10,25.427,131
1985-06-11,25.354,131
1985-06-12,25.292,131
1985-06-13,25.314,131
1985-06-14,25.303,131
1985-06-15,25.173,131
1985-06-16,25.217,131
1985-06-17,25.347,131
1985-06-18,25.354,131
1985-06-19,25.409,131
1985-06-20,25.542,131
1985-06-21,25.431,131
1985-06-22,25.325,131
1985-06-23,25.286,131
1985-06-24,25.357,131
1985-06-25,25.408,131
1985-06-26,25.395,131
1985-06-27,25.587,131
1985-06-28,25.63,131
1985-06-29,25.663,131
1985-06-30,25.688,131
1985-07-01,25.597,131
1985-07-02,25.563,131
1985-07-03,25.612,131
1985-07-04,25.627,131
1985-07-05,25.531,131
1985-07-06,25.523,131
1985-07-07,25.457,131
1985-07-08,25.427,131
1985-07-09,25.447,131
1985-07-10,25.478,131
1985-07-11,25.55,131
1985-07-12,25.525,131
1985-07-13,25.499,131
1985-07-14,25.56,131
1985-07-15,25.626,131
1985-07-16,25.706,131
1985-07-17,26.218,131
1985-07-18,26.361,131
1985-07-19,26.296,131
1985-07-20,26.2,131
1985-07-21,26.068,131
1985-07-22,26.024,131
1985-07-23,25.969,131
1985-07-24,25.954,131
1985-07-25,25.962,131
1985-07-26,25.963,131
1985-07-27,26.006,131
1985-07-28,26.067,131
1985-07-29,26.091,131
1985-07-30,26.128,131
1985-07-31,26.052,131
1985-08-01,26.035,131
1985-08-02,26.036,131
1985-08-03,26.073,131
1985-08-04,26.103,131
1985-08-05,26.163,131
1985-08-06,26.169,131
1985-08-07,26.138,131
1985-08-08,26.1,131
1985-08-09,26.104,131
1985-08-10,26.2,131
1985-08-11,26.376,131
1985-08-12,26.528,131
1985-08-13,26.714,131
1985-08-14,26.722,131
1985-08-15,26.828,131
1985-08-16,26.821,131
1985-08-17,26.788,131
1985-08-18,26.546,131
1985-08-19,26.49,131
1985-08-20,26.553,131
1985-08-21,26.585,131
1985-08-22,26.589,131
1985-08-23,26.686,131
1985-08-24,26.805,131
1985-08-25,26.973,131
1985-08-26,27.001,131
1985-08-27,26.99,131
1985-08-28,26.829,131
1985-08-29,26.702,131
1985-08-30,26.756,131
1985-08-31,26.792,131
1985-09-01,26.804,131
1985-09-02,26.807,131
1985-09-03,26.698,131
1985-09-04,26.76,131
1985-09-05,26.74,131
1985-09-06,26.77,131
1985-09-07,26.763,131
1985-09-08,26.862,131
1985-09-09,26.993,131
1985-09-10,27.15,131
1985-09-11,27.29,131
1985-09-12,27.33,131
1985-09-13,27.136,131
1985-09-14,26.965,131
1985-09-15,26.9,131
1985-09-16,26.85,131
1985-09-17,26.832,131
1985-09-18,26.817,131
1985-09-19,26.851,131
1985-09-20,26.889,131
1985-09-21,26.951,131
1985-09-22,27.028,131
1985-09-23,26.985,131
1985-09-24,26.849,131
1985-09-25,26.792,131
1985-09-26,26.744,131
1985-09-27,26.695,131
1985-09-28,26.752,131
1985-09-29,26.844,131
1985-09-30,26.88,131
1985-10-01,26.876,131
1985-10-02,26.861,131
1985-10-03,26.939,131
1985-10-04,27.016,131
1985-10-05,26.79,131
1985-10-06,26.628,131
1985-10-07,26.51,131
1985-10-08,26.365,131
1985-10-09,26.311,131
1985-10-10,26.31,131
1985-10-11,26.315,131
1985-10-12,26.308,131
1985-10-13,26.232,131
1985-10-14,26.183,131
1985-10-15,26.15,131
1985-10-16,26.077,131
1985-10-17,25.923,131
1985-10-18,25.834,131
1985-10-19,25.795,131
1985-10-20,25.759,131
1985-10-21,25.776,131
1985-10-22,25.713,131
1985-10-23,25.721,131
1985-10-24,25.705,131
1985-10-25,25.736,131
1985-10-26,25.749,131
1985-10-27,25.721,131
1985-10-28,25.66,131
1985-10-29,25.529,131
1985-10-30,25.546,131
1985-10-31,25.501,131
1985-11-01,25.421,131
1985-11-02,25.34,131
1985-11-03,25.256,131
1985-11-04,25.231,131
1985-11-05,25.124,131
1985-11-06,25.169,131
1985-11-07,25.039,131
1985-11-08,25.012,131
1985-11-09,24.991,131
1985-11-10,24.843,131
1985-11-11,24.659,131
1985-11-12,24.603,131
1985-11-13,24.545,131
1985-11-14,24.456,131
1985-11-15,24.366,131
1985-11-16,24.305,131
1985-11-17,24.262,131
1985-11-18,24.176,131
1985-11-19,23.938,131
1985-11-20,23.796,131
1985-11-21,23.759,131
1985-11-22,23.779,131
1985-11-23,23.751,131
1985-11-24,23.648,131
1985-11-25,23.553,131
1985-11-26,23.456,131
1985-11-27,23.392,131
1985-11-28,23.363,131
1985-11-29,23.302,131
1985-11-30,23.197,131
1985-12-01,22.986,131
1985-12-02,22.94,131
1985-12-03,22.953,131
1985-12-04,22.985,131
1985-12-05,22.989,131
1985-12-06,23.022,131
1985-12-07,22.982,131
1985-12-08,22.859,131
1985-12-09,22.793,131
1985-12-10,22.709,131
1985-12-11,22.677,131
1985-12-12,22.706,131
1985-12-13,22.777,131
1985-12-14,22.805,131
1985-12-15,22.757,131
1985-12-16,22.584,131
1985-12-17,22.56,131
1985-12-18,22.544,131
1985-12-19,22.579,131
1985-12-20,22.575,131
1985-12-21,22.549,131
1985-12-22,22.477,131
1985-12-23,22.379,131
1985-12-24,22.157,131
1985-12-25,22.093,131
1985-12-26,22.114,131
1985-12-27,22.238,131
1985-12-28,22.317,131
1985-12-29,22.313,131
1985-12-30,22.228,131
1985-12-31,22.159,131
1986-01-01,22.091,131
1986-01-02,22.029,131
1986-01-03,22.069,131
1986-01-04,22.11,131
1986-01-05,22.125,131
1986-01-06,22.038,131
1986-01-07,21.87,131
1986-01-08,21.899,131
1986-01-09,21.939,131
1986-01-10,21.931,131
1986-01-11,21.943,131
1986-01-12,21.932,131
1986-01-13,21.943,131
1986-01-14,21.906,131
1986-01-15,21.776,131
1986-01-16,21.603,131
1986-01-17,21.559,131
1986-01-18,21.536,131
1986-01-19,21.585,131
1986-01-20,21.621,131
1986-01-21,21.632,131
1986-01-22,21.606,131
1986-01-23,21.562,131
1986-01-24,21.559,131
1986-01-25,21.514,131
1986-01-26,21.596,131
1986-01-27,21.579,131
1986-01-28,21.587,131
1986-01-29,21.565,131
1986-01-30,21.499,131
1986-01-31,21.448,131
1986-02-01,21.371,131
1986-02-02,21.393,131
1986-02-03,21.367,131
1986-02-04,21.17,131
1986-02-05,21.077,131
1986-02-06,21.117,131
1986-02-07,21.289,131
1986-02-08,21.264,131
1986-02-09,21.28,131
1986-02-10,21.243,131
1986-02-11,21.08,131
1986-02-12,20.995,131
1986-02-13,20.918,131
1986-02-14,20.81,131
1986-02-15,20.715,131
1986-02-16,20.604,131
1986-02-17,20.63,131
1986-02-18,20.74,131
1986-02-19,20.813,131
1986-02-20,20.914,131
1986-02-21,20.572,131
1986-02-22,20.376,131
1986-02-23,20.334,131
1986-02-24,20.332,131
1986-02-25,20.341,131
1986-02-26,20.324,131
1986-02-27,20.368,131
1986-02-28,20.342,131
1986-03-01,20.319,131
1986-03-02,20.173,131
1986-03-03,20.157,131
1986-03-04,20.223,131
1986-03-05,20.298,131
1986-03-06,20.475,131
1986-03-07,20.593,131
1986-03-08,20.614,131
1986-03-09,20.656,131
1986-03-10,20.83,131
1986-03-11,20.86,131
1986-03-12,20.735,131
1986-03-13,20.552,131
1986-03-14,20.543,131
1986-03-15,20.884,131
1986-03-16,20.81,131
1986-03-17,20.688,131
1986-03-18,20.542,131
1986-03-19,20.557,131
1986-03-20,20.677,131
1986-03-21,20.735,131
1986-03-22,20.751,131
1986-03-23,20.925,131
1986-03-24,21.103,131
1986-03-25,21.233,131
1986-03-26,21.285,131
1986-03-27,21.308,131
1986-03-28,21.337,131
1986-03-29,21.364,131
1986-03-30,21.407,131
1986-03-31,21.478,131
1986-04-01,21.58,131
1986-04-02,21.633,131
1986-04-03,21.689,131
1986-04-04,21.737,131
1986-04-05,21.769,131
1986-04-06,21.693,131
1986-04-07,21.642,131
1986-04-08,21.642,131
1986-04-09,21.641,131
1986-04-10,21.559,131
1986-04-11,21.588,131
1986-04-12,21.629,131
1986-04-13,21.645,131
1986-04-14,21.712,131
1986-04-15,21.736,131
1986-04-16,21.835,131
1986-04-17,21.872,131
1986-04-18,21.959,131
1986-04-19,22.05,131
1986-04-20,22.081,131
1986-04-21,22.015,131
1986-04-22,21.971,131
1986-04-23,21.941,131
1986-04-24,21.986,131
1986-04-25,22.015,131
1986-04-26,21.958,131
1986-04-27,21.879,131
1986-04-28,21.876,131
1986-04-29,22.122,131
1986-04-30,22.177,131
1986-05-01,22.476,131
1986-05-02,22.512,131
1986-05-03,22.706,131
1986-05-04,23.001,131
1986-05-05,23.061,131
1986-05-06,23.13,131
1986-05-07,23.16,131
1986-05-08,22.921,131
1986-05-09,22.554,131
1986-05-10,22.508,131
1986-05-11,22.487,131
1986-05-12,22.51,131
1986-05-13,22.482,131
1986-05-14,22.483,131
1986-05-15,22.537,131
1986-05-16,22.551,131
1986-05-17,22.734,131
1986-05-18,22.61,131
1986-05-19,22.566,131
1986-05-20,22.533,131
1986-05-21,22.598,131
1986-05-22,22.652,131
1986-05-23,22.731,131
1986-05-24,22.801,131
1986-05-25,23,131
1986-05-26,22.975,131
1986-05-27,23.116,131
1986-05-28,23.139,131
1986-05-29,23.196,131
1986-05-30,23.22,131
1986-05-31,23.243,131
1986-06-01,23.24,131
1986-06-02,23.473,131
1986-06-03,23.74,131
1986-06-04,23.89,131
1986-06-05,23.949,131
1986-06-06,24.065,131
1986-06-07,24.093,131
1986-06-08,24.119,131
1986-06-09,24.136,131
1986-06-10,24.164,131
1986-06-11,24.252,131
1986-06-12,24.185,131
1986-06-13,24.118,131
1986-06-14,24.059,131
1986-06-15,24.098,131
1986-06-16,24.166,131
1986-06-17,24.308,131
1986-06-18,24.469,131
1986-06-19,24.607,131
1986-06-20,24.821,131
1986-06-21,24.968,131
1986-06-22,25.082,131
1986-06-23,25.143,131
1986-06-24,25.128,131
1986-06-25,25.204,131
1986-06-26,25.258,131
1986-06-27,25.345,131
1986-06-28,25.333,131
1986-06-29,25.33,131
1986-06-30,25.29,131
1986-07-01,25.304,131
1986-07-02,25.296,131
1986-07-03,25.396,131
1986-07-04,25.611,131
1986-07-05,25.637,131
1986-07-06,25.837,131
1986-07-07,25.996,131
1986-07-08,26.06,131
1986-07-09,25.897,131
1986-07-10,25.881,131
1986-07-11,25.868,131
1986-07-12,25.847,131
1986-07-13,25.814,131
1986-07-14,25.866,131
1986-07-15,25.843,131
1986-07-16,25.737,131
1986-07-17,25.598,131
1986-07-18,25.572,131
1986-07-19,25.553,131
1986-07-20,25.561,131
1986-07-21,25.611,131
1986-07-22,25.603,131
1986-07-23,25.582,131
1986-07-24,25.613,131
1986-07-25,25.657,131
1986-07-26,25.689,131
1986-07-27,25.585,131
1986-07-28,25.644,131
1986-07-29,25.627,131
1986-07-30,25.601,131
1986-07-31,25.592,131
1986-08-01,25.544,131
1986-08-02,25.558,131
1986-08-03,25.639,131
1986-08-04,25.731,131
1986-08-05,25.757,131
1986-08-06,25.794,131
1986-08-07,25.997,131
1986-08-08,26.14,131
1986-08-09,26.179,131
1986-08-10,26.206,131
1986-08-11,26.244,131
1986-08-12,26.285,131
1986-08-13,26.233,131
1986-08-14,26.282,131
1986-08-15,26.325,131
1986-08-16,26.484,131
1986-08-17,26.472,131
1986-08-18,26.453,131
1986-08-19,26.406,131
1986-08-20,26.395,131
1986-08-21,26.425,131
1986-08-22,26.433,131
1986-08-23,26.406,131
1986-08-24,26.419,131
1986-08-25,26.64,131
1986-08-26,26.716,131
1986-08-27,26.676,131
1986-08-28,26.605,131
1986-08-29,26.548,131
1986-08-30,26.553,131
1986-08-31,26.647,131
1986-09-01,26.72,131
1986-09-02,26.749,131
1986-09-03,26.724,131
1986-09-04,26.75,131
1986-09-05,26.792,131
1986-09-06,26.845,131
1986-09-07,26.872,131
1986-09-08,26.876,131
1986-09-09,26.922,131
1986-09-10,27.038,131
1986-09-11,27.126,131
1986-09-12,27.197,131
1986-09-13,27.148,131
1986-09-14,27.108,131
1986-09-15,27.083,131
1986-09-16,27.03,131
1986-09-17,26.993,131
1986-09-18,26.92,131
1986-09-19,27,131
1986-09-20,27.052,131
1986-09-21,27.021,131
1986-09-22,26.909,131
1986-09-23,26.802,131
1986-09-24,26.654,131
1986-09-25,26.662,131
1986-09-26,26.61,131
1986-09-27,26.552,131
1986-09-28,26.572,131
1986-09-29,26.615,131
1986-09-30,26.54,131
1986-10-01,26.484,131
1986-10-02,26.532,131
1986-10-03,26.525,131
1986-10-04,26.39,131
1986-10-05,26.317,131
1986-10-06,26.272,131
1986-10-07,26.227,131
1986-10-08,26.208,131
1986-10-09,26.192,131
1986-10-10,26.135,131
1986-10-11,26.11,131
1986-10-12,26.105,131
1986-10-13,26.128,131
1986-10-14,26.156,131
1986-10-15,26.166,131
1986-10-16,26.141,131
1986-10-17,26.135,131
1986-10-18,26.087,131
1986-10-19,26.004,131
1986-10-20,25.946,131
1986-10-21,25.995,131
1986-10-22,26.073,131
1986-10-23,26.117,131
1986-10-24,26.077,131
1986-10-25,26.013,131
1986-10-26,25.897,131
1986-10-27,25.828,131
1986-10-28,25.752,131
1986-10-29,25.56,131
1986-10-30,25.255,131
1986-10-31,25.127,131
1986-11-01,25.127,131
1986-11-02,25.144,131
1986-11-03,25.171,131
1986-11-04,25.122,131
1986-11-05,24.983,131
1986-11-06,24.687,131
1986-11-07,24.625,131
1986-11-08,24.595,131
1986-11-09,24.541,131
1986-11-10,24.435,131
1986-11-11,24.294,131
1986-11-12,24.248,131
1986-11-13,24.272,131
1986-11-14,24.304,131
1986-11-15,24.301,131
1986-11-16,24.328,131
1986-11-17,24.314,131
1986-11-18,24.302,131
1986-11-19,24.255,131
1986-11-20,24.276,131
1986-11-21,24.322,131
1986-11-22,24.323,131
1986-11-23,24.392,131
1986-11-24,24.391,131
1986-11-25,24.386,131
1986-11-26,24.207,131
1986-11-27,24.029,131
1986-11-28,23.977,131
1986-11-29,23.94,131
1986-11-30,23.929,131
1986-12-01,23.823,131
1986-12-02,23.708,131
1986-12-03,23.707,131
1986-12-04,23.689,131
1986-12-05,23.577,131
1986-12-06,23.46,131
1986-12-07,23.394,131
1986-12-08,23.345,131
1986-12-09,23.38,131
1986-12-10,23.4,131
1986-12-11,23.398,131
1986-12-12,23.416,131
1986-12-13,23.444,131
1986-12-14,23.426,131
1986-12-15,23.373,131
1986-12-16,23.286,131
1986-12-17,23.258,131
1986-12-18,23.24,131
1986-12-19,23.179,131
1986-12-20,23.049,131
1986-12-21,23.071,131
1986-12-22,23.064,131
1986-12-23,23.042,131
1986-12-24,23.026,131
1986-12-25,23.056,131
1986-12-26,23.056,131
1986-12-27,22.948,131
1986-12-28,22.74,131
1986-12-29,22.741,131
1986-12-30,22.772,131
1986-12-31,22.711,131
1987-01-01,22.592,131
1987-01-02,22.535,131
1987-01-03,22.521,131
1987-01-04,22.559,131
1987-01-05,22.545,131
1987-01-06,22.527,131
1987-01-07,22.541,131
1987-01-08,22.527,131
1987-01-09,22.476,131
1987-01-10,22.2,131
1987-01-11,22.163,131
1987-01-12,22.143,131
1987-01-13,22.078,131
1987-01-14,21.998,131
1987-01-15,21.923,131
1987-01-16,21.919,131
1987-01-17,21.909,131
1987-01-18,21.903,131
1987-01-19,21.78,131
1987-01-20,21.794,131
1987-01-21,21.813,131
1987-01-22,21.868,131
1987-01-23,21.906,131
1987-01-24,21.78,131
1987-01-25,21.669,131
1987-01-26,21.603,131
1987-01-27,21.481,131
1987-01-28,21.573,131
1987-01-29,21.627,131
1987-01-30,21.571,131
1987-01-31,21.341,131
1987-02-01,21.291,131
1987-02-02,21.256,131
1987-02-03,21.101,131
1987-02-04,20.989,131
1987-02-05,21.035,131
1987-02-06,21.157,131
1987-02-07,21.218,131
1987-02-08,21.204,131
1987-02-09,21.202,131
1987-02-10,21.192,131
1987-02-11,21.144,131
1987-02-12,20.94,131
1987-02-13,20.953,131
1987-02-14,20.88,131
1987-02-15,20.911,131
1987-02-16,20.961,131
1987-02-17,21.022,131
1987-02-18,21.115,131
1987-02-19,21.154,131
1987-02-20,21.185,131
1987-02-21,21.125,131
1987-02-22,21.086,131
1987-02-23,20.993,131
1987-02-24,20.883,131
1987-02-25,20.775,131
1987-02-26,20.646,131
1987-02-27,20.631,131
1987-02-28,20.697,131
1987-03-01,20.716,131
1987-03-02,20.674,131
1987-03-03,20.625,131
1987-03-04,20.682,131
1987-03-05,20.711,131
1987-03-06,20.759,131
1987-03-07,20.878,131
1987-03-08,20.932,131
1987-03-09,20.948,131
1987-03-10,21.017,131
1987-03-11,21.07,131
1987-03-12,21.164,131
1987-03-13,21.166,131
1987-03-14,21.149,131
1987-03-15,21.056,131
1987-03-16,21.038,131
1987-03-17,20.996,131
1987-03-18,21.094,131
1987-03-19,21.163,131
1987-03-20,21.244,131
1987-03-21,21.29,131
1987-03-22,21.405,131
1987-03-23,21.477,131
1987-03-24,21.241,131
1987-03-25,21.116,131
1987-03-26,21.019,131
1987-03-27,20.865,131
1987-03-28,20.764,131
1987-03-29,20.825,131
1987-03-30,20.807,131
1987-03-31,20.751,131
1987-04-01,20.761,131
1987-04-02,20.827,131
1987-04-03,20.937,131
1987-04-04,21.015,131
1987-04-05,21.092,131
1987-04-06,21.339,131
1987-04-07,21.42,131
1987-04-08,21.533,131
1987-04-09,21.508,131
1987-04-10,21.492,131
1987-04-11,21.44,131
1987-04-12,21.407,131
1987-04-13,21.299,131
1987-04-14,21.247,131
1987-04-15,21.286,131
1987-04-16,21.37,131
1987-04-17,21.551,131
1987-04-18,21.766,131
1987-04-19,21.856,131
1987-04-20,21.878,131
1987-04-21,21.711,131
1987-04-22,21.569,131
1987-04-23,21.584,131
1987-04-24,21.581,131
1987-04-25,21.591,131
1987-04-26,21.608,131
1987-04-27,21.442,131
1987-04-28,21.356,131
1987-04-29,21.41,131
1987-04-30,21.622,131
1987-05-01,21.739,131
1987-05-02,21.831,131
1987-05-03,21.85,131
1987-05-04,21.79,131
1987-05-05,21.707,131
1987-05-06,21.655,131
1987-05-07,21.65,131
1987-05-08,21.41,131
1987-05-09,21.449,131
1987-05-10,21.511,131
1987-05-11,21.611,131
1987-05-12,21.65,131
1987-05-13,21.677,131
1987-05-14,21.787,131
1987-05-15,21.869,131
1987-05-16,21.74,131
1987-05-17,21.686,131
1987-05-18,21.693,131
1987-05-19,21.933,131
1987-05-20,22.123,131
1987-05-21,22.246,131
1987-05-22,22.372,131
1987-05-23,22.472,131
1987-05-24,22.521,131
1987-05-25,22.531,131
1987-05-26,22.534,131
1987-05-27,22.572,131
1987-05-28,22.512,131
1987-05-29,22.553,131
1987-05-30,22.492,131
1987-05-31,22.439,131
1987-06-01,22.44,131
1987-06-02,22.622,131
1987-06-03,22.914,131
1987-06-04,22.97,131
1987-06-05,22.995,131
1987-06-06,23.053,131
1987-06-07,23.073,131
1987-06-08,23.192,131
1987-06-09,23.25,131
1987-06-10,23.271,131
1987-06-11,23.181,131
1987-06-12,23.164,131
1987-06-13,23.179,131
1987-06-14,23.284,131
1987-06-15,23.261,131
1987-06-16,23.389,131
1987-06-17,23.49,131
1987-06-18,23.731,131
1987-06-19,23.787,131
1987-06-20,23.745,131
1987-06-21,23.767,131
1987-06-22,23.868,131
1987-06-23,24.13,131
1987-06-24,24.28,131
1987-06-25,24.4,131
1987-06-26,24.453,131
1987-06-27,24.603,131
1987-06-28,24.96,131
1987-06-29,25.135,131
1987-06-30,25.195,131
1987-07-01,25.138,131
1987-07-02,25.026,131
1987-07-03,25.011,131
1987-07-04,25.052,131
1987-07-05,25.073,131
1987-07-06,25.22,131
1987-07-07,25.4,131
1987-07-08,25.562,131
1987-07-09,25.76,131
1987-07-10,25.923,131
1987-07-11,25.98,131
1987-07-12,25.87,131
1987-07-13,25.922,131
1987-07-14,25.858,131
1987-07-15,25.93,131
1987-07-16,25.972,131
1987-07-17,26.103,131
1987-07-18,25.993,131
1987-07-19,25.99,131
1987-07-20,25.987,131
1987-07-21,26.085,131
1987-07-22,26.14,131
1987-07-23,26.165,131
1987-07-24,26.105,131
1987-07-25,26.158,131
1987-07-26,26.248,131
1987-07-27,26.15,131
1987-07-28,26.242,131
1987-07-29,26.618,131
1987-07-30,26.818,131
1987-07-31,26.993,131
1987-08-01,26.881,131
1987-08-02,26.714,131
1987-08-03,26.623,131
1987-08-04,26.667,131
1987-08-05,26.777,131
1987-08-06,26.861,131
1987-08-07,26.913,131
1987-08-08,26.629,131
1987-08-09,26.722,131
1987-08-10,26.851,131
1987-08-11,27.056,131
1987-08-12,27.164,131
1987-08-13,27.081,131
1987-08-14,26.968,131
1987-08-15,26.813,131
1987-08-16,27.085,131
1987-08-17,27.249,131
1987-08-18,27.32,131
1987-08-19,27.227,131
1987-08-20,27.023,131
1987-08-21,26.979,131
1987-08-22,27.092,131
1987-08-23,27.214,131
1987-08-24,27.571,131
1987-08-25,27.777,131
1987-08-26,27.656,131
1987-08-27,27.802,131
1987-08-28,27.855,131
1987-08-29,27.849,131
1987-08-30,27.801,131
1987-08-31,27.661,131
1987-09-01,27.716,131
1987-09-02,27.563,131
1987-09-03,27.583,131
1987-09-04,27.42,131
1987-09-05,27.469,131
1987-09-06,27.565,131
1987-09-07,27.471,131
1987-09-08,27.451,131
1987-09-09,27.243,131
1987-09-10,27.101,131
1987-09-11,27.059,131
1987-09-12,27.052,131
1987-09-13,26.942,131
1987-09-14,27.129,131
1987-09-15,27.088,131
1987-09-16,27.213,131
1987-09-17,26.995,131
1987-09-18,26.896,131
1987-09-19,26.896,131
1987-09-20,26.994,131
1987-09-21,27.036,131
1987-09-22,26.905,131
1987-09-23,26.847,131
1987-09-24,26.808,131
1987-09-25,26.791,131
1987-09-26,26.601,131
1987-09-27,26.476,131
1987-09-28,26.417,131
1987-09-29,26.415,131
1987-09-30,26.37,131
1987-10-01,26.32,131
1987-10-02,26.324,131
1987-10-03,26.281,131
1987-10-04,26.241,131
1987-10-05,26.192,131
1987-10-06,26.134,131
1987-10-07,26.058,131
1987-10-08,25.971,131
1987-10-09,25.946,131
1987-10-10,25.943,131
1987-10-11,25.791,131
1987-10-12,25.628,131
1987-10-13,25.53,131
1987-10-14,25.437,131
1987-10-15,25.347,131
1987-10-16,25.302,131
1987-10-17,25.24,131
1987-10-18,25.194,131
1987-10-19,25.107,131
1987-10-20,25.035,131
1987-10-21,25.028,131
1987-10-22,25.084,131
1987-10-23,25.117,131
1987-10-24,25.112,131
1987-10-25,25.128,131
1987-10-26,25.15,131
1987-10-27,25.191,131
1987-10-28,25.149,131
1987-10-29,25.107,131
1987-10-30,25.04,131
1987-10-31,24.975,131
1987-11-01,24.917,131
1987-11-02,24.936,131
1987-11-03,24.928,131
1987-11-04,24.779,131
1987-11-05,24.681,131
1987-11-06,24.63,131
1987-11-07,24.531,131
1987-11-08,24.381,131
1987-11-09,24.323,131
1987-11-10,24.343,131
1987-11-11,24.424,131
1987-11-12,24.475,131
1987-11-13,24.473,131
1987-11-14,24.464,131
1987-11-15,24.332,131
1987-11-16,24.215,131
1987-11-17,24.199,131
1987-11-18,23.973,131
1987-11-19,23.856,131
1987-11-20,23.808,131
1987-11-21,23.789,131
1987-11-22,23.821,131
1987-11-23,23.849,131
1987-11-24,23.905,131
1987-11-25,23.896,131
1987-11-26,23.876,131
1987-11-27,23.769,131
1987-11-28,23.73,131
1987-11-29,23.709,131
1987-11-30,23.72,131
1987-12-01,23.697,131
1987-12-02,23.708,131
1987-12-03,23.739,131
1987-12-04,23.748,131
1987-12-05,23.619,131
1987-12-06,23.404,131
1987-12-07,23.321,131
1987-12-08,23.414,131
1987-12-09,23.468,131
1987-12-10,23.345,131
1987-12-11,23.237,131
1987-12-12,23.104,131
1987-12-13,22.926,131
1987-12-14,22.635,131
1987-12-15,22.612,131
1987-12-16,22.562,131
1987-12-17,22.474,131
1987-12-18,22.415,131
1987-12-19,22.403,131
1987-12-20,22.414,131
1987-12-21,22.363,131
1987-12-22,22.374,131
1987-12-23,22.444,131
1987-12-24,22.501,131
1987-12-25,22.484,131
1987-12-26,22.629,131
1987-12-27,22.591,131
1987-12-28,22.503,131
1987-12-29,22.405,131
1987-12-30,22.357,131
1987-12-31,22.271,131
1988-01-01,22.091,131
1988-01-02,22.017,131
1988-01-03,21.943,131
1988-01-04,21.919,131
1988-01-05,21.94,131
1988-01-06,21.995,131
1988-01-07,22.078,131
1988-01-08,22.147,131
1988-01-09,22.091,131
1988-01-10,22.009,131
1988-01-11,21.984,131
1988-01-12,22.073,131
1988-01-13,22.065,131
1988-01-14,21.996,131
1988-01-15,22.053,131
1988-01-16,22.079,131
1988-01-17,22.09,131
1988-01-18,22.133,131
1988-01-19,22.134,131
1988-01-20,22,131
1988-01-21,21.789,131
1988-01-22,21.707,131
1988-01-23,21.669,131
1988-01-24,21.62,131
1988-01-25,21.421,131
1988-01-26,21.35,131
1988-01-27,21.45,131
1988-01-28,21.539,131
1988-01-29,21.512,131
1988-01-30,21.471,131
1988-01-31,21.3,131
1988-02-01,21.242,131
1988-02-02,21.261,131
1988-02-03,21.264,131
1988-02-04,21.272,131
1988-02-05,21.331,131
1988-02-06,21.304,131
1988-02-07,21.361,131
1988-02-08,21.371,131
1988-02-09,21.402,131
1988-02-10,21.491,131
1988-02-11,21.546,131
1988-02-12,21.62,131
1988-02-13,21.656,131
1988-02-14,21.716,131
1988-02-15,21.763,131
1988-02-16,21.764,131
1988-02-17,21.805,131
1988-02-18,21.809,131
1988-02-19,21.813,131
1988-02-20,21.659,131
1988-02-21,21.437,131
1988-02-22,21.377,131
1988-02-23,21.386,131
1988-02-24,21.445,131
1988-02-25,21.355,131
1988-02-26,21.341,131
1988-02-27,21.343,131
1988-02-28,21.306,131
1988-02-29,21.277,131
1988-03-01,21.264,131
1988-03-02,21.365,131
1988-03-03,21.423,131
1988-03-04,21.524,131
1988-03-05,21.579,131
1988-03-06,21.656,131
1988-03-07,21.591,131
1988-03-08,21.543,131
1988-03-09,21.575,131
1988-03-10,21.748,131
1988-03-11,21.938,131
1988-03-12,22.032,131
1988-03-13,22.026,131
1988-03-14,21.661,131
1988-03-15,21.411,131
1988-03-16,21.341,131
1988-03-17,21.344,131
1988-03-18,21.396,131
1988-03-19,21.556,131
1988-03-20,21.694,131
1988-03-21,21.832,131
1988-03-22,21.906,131
1988-03-23,21.932,131
1988-03-24,21.995,131
1988-03-25,21.992,131
1988-03-26,22.149,131
1988-03-27,22.328,131
1988-03-28,22.426,131
1988-03-29,22.431,131
1988-03-30,22.444,131
1988-03-31,22.519,131
1988-04-01,22.568,131
1988-04-02,22.616,131
1988-04-03,22.736,131
1988-04-04,22.847,131
1988-04-05,22.889,131
1988-04-06,22.92,131
1988-04-07,22.934,131
1988-04-08,22.869,131
1988-04-09,22.732,131
1988-04-10,22.691,131
1988-04-11,22.8,131
1988-04-12,22.921,131
1988-04-13,22.951,131
1988-04-14,22.628,131
1988-04-15,22.202,131
1988-04-16,22.189,131
1988-04-17,22.242,131
1988-04-18,22.324,131
1988-04-19,22.295,131
1988-04-20,22.27,131
1988-04-21,22.275,131
1988-04-22,22.256,131
1988-04-23,22.142,131
1988-04-24,22.181,131
1988-04-25,22.218,131
1988-04-26,22.239,131
1988-04-27,22.255,131
1988-04-28,22.327,131
1988-04-29,22.399,131
1988-04-30,22.404,131
1988-05-01,22.433,131
1988-05-02,22.487,131
1988-05-03,22.606,131
1988-05-04,22.666,131
1988-05-05,22.712,131
1988-05-06,22.68,131
1988-05-07,22.628,131
1988-05-08,22.571,131
1988-05-09,22.621,131
1988-05-10,22.733,131
1988-05-11,22.851,131
1988-05-12,22.963,131
1988-05-13,22.979,131
1988-05-14,23.031,131
1988-05-15,23.156,131
1988-05-16,23.287,131
1988-05-17,23.45,131
1988-05-18,23.555,131
1988-05-19,23.704,131
1988-05-20,23.688,131
1988-05-21,23.727,131
1988-05-22,24,131
1988-05-23,24.096,131
1988-05-24,24.075,131
1988-05-25,24.109,131
1988-05-26,24.166,131
1988-05-27,24.255,131
1988-05-28,24.308,131
1988-05-29,24.376,131
1988-05-30,24.491,131
1988-05-31,24.632,131
1988-06-01,24.842,131
1988-06-02,25.027,131
1988-06-03,25.079,131
1988-06-04,24.919,131
1988-06-05,24.765,131
1988-06-06,24.879,131
1988-06-07,25.048,131
1988-06-08,25.163,131
1988-06-09,25.334,131
1988-06-10,25.432,131
1988-06-11,25.486,131
1988-06-12,25.722,131
1988-06-13,25.991,131
1988-06-14,26.208,131
1988-06-15,26.292,131
1988-06-16,26.327,131
1988-06-17,26.448,131
1988-06-18,26.525,131
1988-06-19,26.59,131
1988-06-20,26.639,131
1988-06-21,26.694,131
1988-06-22,26.694,131
1988-06-23,26.732,131
1988-06-24,26.766,131
1988-06-25,26.747,131
1988-06-26,26.662,131
1988-06-27,26.55,131
1988-06-28,26.529,131
1988-06-29,26.584,131
1988-06-30,26.67,131
1988-07-01,26.758,131
1988-07-02,26.845,131
1988-07-03,26.969,131
1988-07-04,27.048,131
1988-07-05,27.03,131
1988-07-06,27.024,131
1988-07-07,26.947,131
1988-07-08,26.85,131
1988-07-09,26.719,131
1988-07-10,26.646,131
1988-07-11,26.578,131
1988-07-12,26.571,131
1988-07-13,26.574,131
1988-07-14,26.595,131
1988-07-15,26.646,131
1988-07-16,26.662,131
1988-07-17,26.687,131
1988-07-18,26.7,131
1988-07-19,26.668,131
1988-07-20,26.592,131
1988-07-21,26.598,131
1988-07-22,26.597,131
1988-07-23,26.645,131
1988-07-24,26.699,131
1988-07-25,26.734,131
1988-07-26,26.734,131
1988-07-27,26.732,131
1988-07-28,26.722,131
1988-07-29,26.731,131
1988-07-30,26.748,131
1988-07-31,26.861,131
1988-08-01,26.955,131
1988-08-02,26.991,131
1988-08-03,26.961,131
1988-08-04,26.993,131
1988-08-05,26.968,131
1988-08-06,26.964,131
1988-08-07,26.992,131
1988-08-08,26.914,131
1988-08-09,26.875,131
1988-08-10,26.879,131
1988-08-11,26.842,131
1988-08-12,26.852,131
1988-08-13,26.893,131
1988-08-14,26.969,131
1988-08-15,27.137,131
1988-08-16,27.288,131
1988-08-17,27.334,131
1988-08-18,27.313,131
1988-08-19,27.277,131
1988-08-20,27.297,131
1988-08-21,27.273,131
1988-08-22,27.2,131
1988-08-23,27.231,131
1988-08-24,27.313,131
1988-08-25,27.411,131
1988-08-26,27.491,131
1988-08-27,27.591,131
1988-08-28,27.669,131
1988-08-29,27.632,131
1988-08-30,27.58,131
1988-08-31,27.526,131
1988-09-01,27.508,131
1988-09-02,27.465,131
1988-09-03,27.34,131
1988-09-04,27.217,131
1988-09-05,27.183,131
1988-09-06,27.114,131
1988-09-07,26.947,131
1988-09-08,26.862,131
1988-09-09,26.855,131
1988-09-10,26.909,131
1988-09-11,26.958,131
1988-09-12,26.991,131
1988-09-13,27.052,131
1988-09-14,27.059,131
1988-09-15,26.998,131
1988-09-16,26.966,131
1988-09-17,27.12,131
1988-09-18,27.078,131
1988-09-19,27.023,131
1988-09-20,26.974,131
1988-09-21,26.956,131
1988-09-22,26.92,131
1988-09-23,26.679,131
1988-09-24,26.631,131
1988-09-25,26.63,131
1988-09-26,26.519,131
1988-09-27,26.543,131
1988-09-28,26.481,131
1988-09-29,26.422,131
1988-09-30,26.36,131
1988-10-01,26.312,131
1988-10-02,26.382,131
1988-10-03,26.426,131
1988-10-04,26.473,131
1988-10-05,26.518,131
1988-10-06,26.503,131
1988-10-07,26.405,131
1988-10-08,26.31,131
1988-10-09,26.351,131
1988-10-10,26.452,131
1988-10-11,26.677,131
1988-10-12,26.874,131
1988-10-13,27.095,131
1988-10-14,27.007,131
1988-10-15,26.832,131
1988-10-16,26.6,131
1988-10-17,26.375,131
1988-10-18,26.374,131
1988-10-19,26.291,131
1988-10-20,26.244,131
1988-10-21,26.227,131
1988-10-22,26.115,131
1988-10-23,26.209,131
1988-10-24,26.155,131
1988-10-25,26.261,131
1988-10-26,26.106,131
1988-10-27,26.188,131
1988-10-28,26.178,131
1988-10-29,26.103,131
1988-10-30,26.056,131
1988-10-31,26.04,131
1988-11-01,26.1,131
1988-11-02,26.069,131
1988-11-03,26.035,131
1988-11-04,25.846,131
1988-11-05,25.621,131
1988-11-06,25.445,131
1988-11-07,25.323,131
1988-11-08,25.289,131
1988-11-09,25.249,131
1988-11-10,25.217,131
1988-11-11,25.135,131
1988-11-12,25.083,131
1988-11-13,25.069,131
1988-11-14,25.152,131
1988-11-15,25.247,131
1988-11-16,25.283,131
1988-11-17,25.165,131
1988-11-18,25.109,131
1988-11-19,24.922,131
1988-11-20,24.91,131
1988-11-21,24.881,131
1988-11-22,24.916,131
1988-11-23,24.873,131
1988-11-24,24.859,131
1988-11-25,24.88,131
1988-11-26,24.851,131
1988-11-27,24.771,131
1988-11-28,24.697,131
1988-11-29,24.703,131
1988-11-30,24.763,131
1988-12-01,24.789,131
1988-12-02,24.717,131
1988-12-03,24.602,131
1988-12-04,24.559,131
1988-12-05,24.532,131
1988-12-06,24.322,131
1988-12-07,23.909,131
1988-12-08,23.816,131
1988-12-09,23.753,131
1988-12-10,23.685,131
1988-12-11,23.618,131
1988-12-12,23.608,131
1988-12-13,23.605,131
1988-12-14,23.48,131
1988-12-15,23.451,131
1988-12-16,23.468,131
1988-12-17,23.459,131
1988-12-18,23.43,131
1988-12-19,23.399,131
1988-12-20,23.372,131
1988-12-21,23.409,131
1988-12-22,23.362,131
1988-12-23,23.355,131
1988-12-24,23.417,131
1988-12-25,23.521,131
1988-12-26,23.603,131
1988-12-27,23.618,131
1988-12-28,23.571,131
1988-12-29,23.556,131
1988-12-30,23.523,131
1988-12-31,23.583,131
1989-01-01,23.583,131
1989-01-02,23.609,131
1989-01-03,23.554,131
1989-01-04,23.653,131
1989-01-05,23.655,131
1989-01-06,23.623,131
1989-01-07,23.562,131
1989-01-08,23.504,131
1989-01-09,23.451,131
1989-01-10,23.393,131
1989-01-11,23.318,131
1989-01-12,23.174,131
1989-01-13,23.092,131
1989-01-14,23.059,131
1989-01-15,23.056,131
1989-01-16,23.083,131
1989-01-17,23.135,131
1989-01-18,23.146,131
1989-01-19,23.136,131
1989-01-20,23.059,131
1989-01-21,23.003,131
1989-01-22,22.93,131
1989-01-23,22.961,131
1989-01-24,22.925,131
1989-01-25,22.882,131
1989-01-26,22.846,131
1989-01-27,22.815,131
1989-01-28,22.722,131
1989-01-29,22.55,131
1989-01-30,22.391,131
1989-01-31,22.33,131
1989-02-01,22.146,131
1989-02-02,21.96,131
1989-02-03,21.859,131
1989-02-04,21.806,131
1989-02-05,21.896,131
1989-02-06,21.892,131
1989-02-07,21.898,131
1989-02-08,21.897,131
1989-02-09,21.902,131
1989-02-10,21.821,131
1989-02-11,21.547,131
1989-02-12,21.587,131
1989-02-13,21.697,131
1989-02-14,21.737,131
1989-02-15,21.717,131
1989-02-16,21.69,131
1989-02-17,21.634,131
1989-02-18,21.594,131
1989-02-19,21.564,131
1989-02-20,21.592,131
1989-02-21,21.565,131
1989-02-22,21.545,131
1989-02-23,21.49,131
1989-02-24,21.514,131
1989-02-25,21.523,131
1989-02-26,21.52,131
1989-02-27,21.485,131
1989-02-28,21.434,131
1989-03-01,21.382,131
1989-03-02,21.354,131
1989-03-03,21.22,131
1989-03-04,21.188,131
1989-03-05,21.194,131
1989-03-06,21.217,131
1989-03-07,21.325,131
1989-03-08,21.346,131
1989-03-09,21.442,131
1989-03-10,21.542,131
1989-03-11,21.569,131
1989-03-12,21.59,131
1989-03-13,21.643,131
1989-03-14,21.738,131
1989-03-15,21.867,131
1989-03-16,22.073,131
1989-03-17,22.117,131
1989-03-18,22.138,131
1989-03-19,22.071,131
1989-03-20,22.021,131
1989-03-21,22.026,131
1989-03-22,22.056,131
1989-03-23,22.128,131
1989-03-24,22.2,131
1989-03-25,22.172,131
1989-03-26,22.147,131
1989-03-27,22.138,131
1989-03-28,22.159,131
1989-03-29,22.196,131
1989-03-30,22.315,131
1989-03-31,22.461,131
1989-04-01,22.512,131
1989-04-02,22.604,131
1989-04-03,22.45,131
1989-04-04,22.399,131
1989-04-05,22.167,131
1989-04-06,21.857,131
1989-04-07,21.722,131
1989-04-08,21.723,131
1989-04-09,21.698,131
1989-04-10,21.696,131
1989-04-11,21.496,131
1989-04-12,21.54,131
1989-04-13,21.536,131
1989-04-14,21.552,131
1989-04-15,21.577,131
1989-04-16,21.572,131
1989-04-17,21.597,131
1989-04-18,21.651,131
1989-04-19,21.673,131
1989-04-20,21.779,131
1989-04-21,21.913,131
1989-04-22,21.997,131
1989-04-23,22.042,131
1989-04-24,22.21,131
1989-04-25,22.108,131
1989-04-26,22.083,131
1989-04-27,22.142,131
1989-04-28,22.162,131
1989-04-29,22.308,131
1989-04-30,22.333,131
1989-05-01,22.512,131
1989-05-02,22.602,131
1989-05-03,22.78,131
1989-05-04,22.762,131
1989-05-05,22.82,131
1989-05-06,22.75,131
1989-05-07,22.743,131
1989-05-08,22.879,131
1989-05-09,22.841,131
1989-05-10,23.013,131
1989-05-11,23.088,131
1989-05-12,23.145,131
1989-05-13,23.115,131
1989-05-14,23.083,131
1989-05-15,23.009,131
1989-05-16,22.955,131
1989-05-17,22.937,131
1989-05-18,23.07,131
1989-05-19,23.015,131
1989-05-20,23.061,131
1989-05-21,23.171,131
1989-05-22,23.11,131
1989-05-23,23.212,131
1989-05-24,23.234,131
1989-05-25,23.277,131
1989-05-26,23.32,131
1989-05-27,23.581,131
1989-05-28,23.819,131
1989-05-29,23.952,131
1989-05-30,24.005,131
1989-05-31,24.082,131
1989-06-01,24.325,131
1989-06-02,24.443,131
1989-06-03,24.63,131
1989-06-04,24.695,131
1989-06-05,24.698,131
1989-06-06,24.636,131
1989-06-07,24.577,131
1989-06-08,24.634,131
1989-06-09,24.674,131
1989-06-10,24.675,131
1989-06-11,24.75,131
1989-06-12,24.87,131
1989-06-13,24.959,131
1989-06-14,24.995,131
1989-06-15,24.967,131
1989-06-16,24.899,131
1989-06-17,24.888,131
1989-06-18,25.091,131
1989-06-19,25.281,131
1989-06-20,25.345,131
1989-06-21,25.468,131
1989-06-22,25.624,131
1989-06-23,25.62,131
1989-06-24,25.569,131
1989-06-25,25.33,131
1989-06-26,25.307,131
1989-06-27,25.293,131
1989-06-28,25.29,131
1989-06-29,25.279,131
1989-06-30,25.26,131
1989-07-01,25.28,131
1989-07-02,25.32,131
1989-07-03,25.389,131
1989-07-04,25.419,131
1989-07-05,25.493,131
1989-07-06,25.482,131
1989-07-07,25.478,131
1989-07-08,25.57,131
1989-07-09,25.583,131
1989-07-10,25.637,131
1989-07-11,25.682,131
1989-07-12,25.707,131
1989-07-13,25.669,131
1989-07-14,25.663,131
1989-07-15,25.64,131
1989-07-16,25.608,131
1989-07-17,25.572,131
1989-07-18,25.609,131
1989-07-19,25.652,131
1989-07-20,25.667,131
1989-07-21,25.681,131
1989-07-22,25.699,131
1989-07-23,25.671,131
1989-07-24,25.652,131
1989-07-25,25.629,131
1989-07-26,25.719,131
1989-07-27,25.991,131
1989-07-28,26.121,131
1989-07-29,26.218,131
1989-07-30,26.279,131
1989-07-31,26.057,131
1989-08-01,26.013,131
1989-08-02,25.966,131
1989-08-03,25.975,131
1989-08-04,25.979,131
1989-08-05,26.009,131
1989-08-06,26.078,131
1989-08-07,26.187,131
1989-08-08,26.402,131
1989-08-09,26.545,131
1989-08-10,26.816,131
1989-08-11,27.07,131
1989-08-12,27.446,131
1989-08-13,27.277,131
1989-08-14,27.419,131
1989-08-15,27.754,131
1989-08-16,27.858,131
1989-08-17,27.792,131
1989-08-18,27.522,131
1989-08-19,27.307,131
1989-08-20,27.225,131
1989-08-21,27.145,131
1989-08-22,27.124,131
1989-08-23,27.099,131
1989-08-24,27.222,131
1989-08-25,27.203,131
1989-08-26,27.16,131
1989-08-27,27.139,131
1989-08-28,27.102,131
1989-08-29,27.126,131
1989-08-30,27.136,131
1989-08-31,27.163,131
1989-09-01,27.235,131
1989-09-02,27.328,131
1989-09-03,27.349,131
1989-09-04,27.383,131
1989-09-05,27.424,131
1989-09-06,27.494,131
1989-09-07,27.469,131
1989-09-08,27.249,131
1989-09-09,27.045,131
1989-09-10,26.959,131
1989-09-11,26.937,131
1989-09-12,26.908,131
1989-09-13,27.099,131
1989-09-14,27.081,131
1989-09-15,27.078,131
1989-09-16,26.976,131
1989-09-17,26.922,131
1989-09-18,26.883,131
1989-09-19,26.898,131
1989-09-20,27.013,131
1989-09-21,26.992,131
1989-09-22,27.034,131
1989-09-23,27.101,131
1989-09-24,27.12,131
1989-09-25,27.099,131
1989-09-26,27.052,131
1989-09-27,26.95,131
1989-09-28,26.625,131
1989-09-29,26.438,131
1989-09-30,26.233,131
1989-10-01,26.162,131
1989-10-02,26.131,131
1989-10-03,26.05,131
1989-10-04,26.041,131
1989-10-05,25.972,131
1989-10-06,25.929,131
1989-10-07,25.903,131
1989-10-08,25.898,131
1989-10-09,25.824,131
1989-10-10,25.764,131
1989-10-11,25.761,131
1989-10-12,25.733,131
1989-10-13,25.769,131
1989-10-14,25.822,131
1989-10-15,25.855,131
1989-10-16,25.849,131
1989-10-17,25.675,131
1989-10-18,25.563,131
1989-10-19,25.524,131
1989-10-20,25.482,131
1989-10-21,25.525,131
1989-10-22,25.577,131
1989-10-23,25.547,131
1989-10-24,25.484,131
1989-10-25,25.435,131
1989-10-26,25.469,131
1989-10-27,25.562,131
1989-10-28,25.586,131
1989-10-29,25.599,131
1989-10-30,25.617,131
1989-10-31,25.652,131
1989-11-01,25.697,131
1989-11-02,25.686,131
1989-11-03,25.554,131
1989-11-04,25.256,131
1989-11-05,25.187,131
1989-11-06,25.204,131
1989-11-07,25.243,131
1989-11-08,25.282,131
1989-11-09,25.277,131
1989-11-10,25.19,131
1989-11-11,24.865,131
1989-11-12,24.632,131
1989-11-13,24.514,131
1989-11-14,24.466,131
1989-11-15,24.392,131
1989-11-16,24.308,131
1989-11-17,24.234,131
1989-11-18,24.229,131
1989-11-19,23.969,131
1989-11-20,23.681,131
1989-11-21,23.666,131
1989-11-22,23.691,131
1989-11-23,23.715,131
1989-11-24,23.706,131
1989-11-25,23.759,131
1989-11-26,23.766,131
1989-11-27,23.8,131
1989-11-28,23.792,131
1989-11-29,23.714,131
1989-11-30,23.543,131
1989-12-01,23.46,131
1989-12-02,23.424,131
1989-12-03,23.409,131
1989-12-04,23.309,131
1989-12-05,23.236,131
1989-12-06,23.158,131
1989-12-07,23.141,131
1989-12-08,23.149,131
1989-12-09,23.098,131
1989-12-10,23.026,131
1989-12-11,23.067,131
1989-12-12,23.074,131
1989-12-13,23.017,131
1989-12-14,22.937,131
1989-12-15,22.824,131
1989-12-16,22.702,131
1989-12-17,22.583,131
1989-12-18,22.529,131
1989-12-19,22.447,131
1989-12-20,22.503,131
1989-12-21,22.55,131
1989-12-22,22.652,131
1989-12-23,22.61,131
1989-12-24,22.621,131
1989-12-25,22.624,131
1989-12-26,22.828,131
1989-12-27,22.745,131
1989-12-28,22.474,131
1989-12-29,22.247,131
1989-12-30,22.215,131
1989-12-31,22.216,131
1990-01-01,22.244,131
1990-01-02,22.464,131
1990-01-03,22.468,131
1990-01-04,22.337,131
1990-01-05,22.408,131
1990-01-06,22.459,131
1990-01-07,22.369,131
1990-01-08,22.292,131
1990-01-09,22.243,131
1990-01-10,22.166,131
1990-01-11,22.159,131
1990-01-12,22.099,131
1990-01-13,22.073,131
1990-01-14,21.976,131
1990-01-15,21.832,131
1990-01-16,21.684,131
1990-01-17,21.571,131
1990-01-18,21.538,131
1990-01-19,21.407,131
1990-01-20,21.288,131
1990-01-21,21.127,131
1990-01-22,21.143,131
1990-01-23,21.226,131
1990-01-24,21.268,131
1990-01-25,21.448,131
1990-01-26,21.448,131
1990-01-27,21.517,131
1990-01-28,21.589,131
1990-01-29,21.584,131
1990-01-30,21.628,131
1990-01-31,21.646,131
1990-02-01,21.607,131
1990-02-02,21.554,131
1990-02-03,21.515,131
1990-02-04,21.374,131
1990-02-05,21.409,131
1990-02-06,21.548,131
1990-02-07,21.6,131
1990-02-08,21.612,131
1990-02-09,21.584,131
1990-02-10,21.712,131
1990-02-11,21.567,131
1990-02-12,21.49,131
1990-02-13,21.342,131
1990-02-14,21.245,131
1990-02-15,21.181,131
1990-02-16,21.153,131
1990-02-17,21.107,131
1990-02-18,21.059,131
1990-02-19,21.08,131
1990-02-20,21.114,131
1990-02-21,21.046,131
1990-02-22,20.994,131
1990-02-23,20.99,131
1990-02-24,20.91,131
1990-02-25,20.815,131
1990-02-26,20.803,131
1990-02-27,20.775,131
1990-02-28,20.809,131
1990-03-01,20.762,131
1990-03-02,20.756,131
1990-03-03,20.798,131
1990-03-04,20.929,131
1990-03-05,21.004,131
1990-03-06,21.068,131
1990-03-07,21.06,131
1990-03-08,21.065,131
1990-03-09,21.139,131
1990-03-10,21.095,131
1990-03-11,21.158,131
1990-03-12,21.301,131
1990-03-13,21.312,131
1990-03-14,21.313,131
1990-03-15,21.277,131
1990-03-16,21.032,131
1990-03-17,21.006,131
1990-03-18,21.03,131
1990-03-19,21.005,131
1990-03-20,21.083,131
1990-03-21,21.108,131
1990-03-22,21.206,131
1990-03-23,21.258,131
1990-03-24,21.252,131
1990-03-25,21.12,131
1990-03-26,21.003,131
1990-03-27,20.925,131
1990-03-28,20.942,131
1990-03-29,21.275,131
1990-03-30,21.288,131
1990-03-31,21.298,131
1990-04-01,21.387,131
1990-04-02,21.463,131
1990-04-03,21.48,131
1990-04-04,21.413,131
1990-04-05,21.498,131
1990-04-06,21.476,131
1990-04-07,21.518,131
1990-04-08,21.574,131
1990-04-09,21.535,131
1990-04-10,21.31,131
1990-04-11,21.267,131
1990-04-12,21.335,131
1990-04-13,21.4,131
1990-04-14,21.483,131
1990-04-15,21.555,131
1990-04-16,21.626,131
1990-04-17,21.778,131
1990-04-18,21.952,131
1990-04-19,22.025,131
1990-04-20,22.046,131
1990-04-21,22.09,131
1990-04-22,22.156,131
1990-04-23,22.184,131
1990-04-24,21.993,131
1990-04-25,21.948,131
1990-04-26,21.776,131
1990-04-27,21.689,131
1990-04-28,21.674,131
1990-04-29,21.742,131
1990-04-30,21.795,131
1990-05-01,21.813,131
1990-05-02,21.832,131
1990-05-03,21.809,131
1990-05-04,21.847,131
1990-05-05,21.766,131
1990-05-06,22.002,131
1990-05-07,22.105,131
1990-05-08,22.123,131
1990-05-09,22.251,131
1990-05-10,22.338,131
1990-05-11,22.417,131
1990-05-12,22.463,131
1990-05-13,22.587,131
1990-05-14,22.625,131
1990-05-15,22.665,131
1990-05-16,22.65,131
1990-05-17,22.645,131
1990-05-18,22.666,131
1990-05-19,22.739,131
1990-05-20,22.837,131
1990-05-21,22.903,131
1990-05-22,22.967,131
1990-05-23,23.273,131
1990-05-24,23.323,131
1990-05-25,23.381,131
1990-05-26,23.407,131
1990-05-27,23.479,131
1990-05-28,23.526,131
1990-05-29,23.582,131
1990-05-30,23.748,131
1990-05-31,24.015,131
1990-06-01,24.1,131
1990-06-02,24.205,131
1990-06-03,24.301,131
1990-06-04,24.387,131
1990-06-05,24.508,131
1990-06-06,24.643,131
1990-06-07,24.722,131
1990-06-08,24.781,131
1990-06-09,24.846,131
1990-06-10,24.892,131
1990-06-11,24.955,131
1990-06-12,24.4,131
1990-06-13,24.357,131
1990-06-14,24.334,131
1990-06-15,24.317,131
1990-06-16,24.327,131
1990-06-17,24.337,131
1990-06-18,24.534,131
1990-06-19,24.586,131
1990-06-20,24.609,131
1990-06-21,24.6,131
1990-06-22,24.624,131
1990-06-23,24.62,131
1990-06-24,24.654,131
1990-06-25,24.797,131
1990-06-26,24.802,131
1990-06-27,24.813,131
1990-06-28,24.838,131
1990-06-29,24.883,131
1990-06-30,25.001,131
1990-07-01,25.023,131
1990-07-02,24.967,131
1990-07-03,24.94,131
1990-07-04,24.939,131
1990-07-05,24.977,131
1990-07-06,25.02,131
1990-07-07,25.073,131
1990-07-08,25.019,131
1990-07-09,25.122,131
1990-07-10,25.156,131
1990-07-11,25.157,131
1990-07-12,25.172,131
1990-07-13,25.207,131
1990-07-14,25.304,131
1990-07-15,25.611,131
1990-07-16,25.603,131
1990-07-17,25.563,131
1990-07-18,25.598,131
1990-07-19,25.683,131
1990-07-20,25.734,131
1990-07-21,25.834,131
1990-07-22,25.931,131
1990-07-23,26.101,131
1990-07-24,26.051,131
1990-07-25,26.057,131
1990-07-26,26.118,131
1990-07-27,26.193,131
1990-07-28,26.317,131
1990-07-29,26.396,131
1990-07-30,26.499,131
1990-07-31,26.588,131
1990-08-01,26.691,131
1990-08-02,26.625,131
1990-08-03,26.722,131
1990-08-04,26.772,131
1990-08-05,26.825,131
1990-08-06,26.786,131
1990-08-07,26.722,131
1990-08-08,26.678,131
1990-08-09,26.666,131
1990-08-10,26.662,131
1990-08-11,26.731,131
1990-08-12,26.583,131
1990-08-13,26.532,131
1990-08-14,26.523,131
1990-08-15,26.573,131
1990-08-16,26.579,131
1990-08-17,26.506,131
1990-08-18,26.678,131
1990-08-19,26.783,131
1990-08-20,26.806,131
1990-08-21,26.53,131
1990-08-22,26.568,131
1990-08-23,26.604,131
1990-08-24,26.588,131
1990-08-25,26.534,131
1990-08-26,26.553,131
1990-08-27,26.435,131
1990-08-28,26.402,131
1990-08-29,26.408,131
1990-08-30,26.42,131
1990-08-31,26.452,131
1990-09-01,26.544,131
1990-09-02,26.897,131
1990-09-03,26.995,131
1990-09-04,27.038,131
1990-09-05,26.889,131
1990-09-06,26.871,131
1990-09-07,26.849,131
1990-09-08,26.767,131
1990-09-09,26.828,131
1990-09-10,26.866,131
1990-09-11,26.939,131
1990-09-12,26.941,131
1990-09-13,26.928,131
1990-09-14,26.912,131
1990-09-15,26.842,131
1990-09-16,26.829,131
1990-09-17,26.867,131
1990-09-18,26.92,131
1990-09-19,26.99,131
1990-09-20,26.972,131
1990-09-21,27.191,131
1990-09-22,27.243,131
1990-09-23,27.238,131
1990-09-24,27.169,131
1990-09-25,26.924,131
1990-09-26,26.857,131
1990-09-27,26.898,131
1990-09-28,26.981,131
1990-09-29,26.996,131
1990-09-30,27.012,131
1990-10-01,26.999,131
1990-10-02,27.035,131
1990-10-03,26.973,131
1990-10-04,26.793,131
1990-10-05,26.823,131
1990-10-06,26.768,131
1990-10-07,26.772,131
1990-10-08,26.762,131
1990-10-09,26.677,131
1990-10-10,26.545,131
1990-10-11,26.496,131
1990-10-12,26.448,131
1990-10-13,26.413,131
1990-10-14,26.389,131
1990-10-15,26.353,131
1990-10-16,26.353,131
1990-10-17,26.353,131
1990-10-18,26.273,131
1990-10-19,26.224,131
1990-10-20,26.188,131
1990-10-21,26.133,131
1990-10-22,26.142,131
1990-10-23,26.128,131
1990-10-24,26.104,131
1990-10-25,26.128,131
1990-10-26,26.129,131
1990-10-27,26.02,131
1990-10-28,25.996,131
1990-10-29,26.001,131
1990-10-30,26.012,131
1990-10-31,26.018,131
1990-11-01,26.007,131
1990-11-02,26.01,131
1990-11-03,25.969,131
1990-11-04,25.926,131
1990-11-05,25.848,131
1990-11-06,25.768,131
1990-11-07,25.663,131
1990-11-08,25.542,131
1990-11-09,25.472,131
1990-11-10,25.402,131
1990-11-11,25.161,131
1990-11-12,24.875,131
1990-11-13,24.742,131
1990-11-14,24.644,131
1990-11-15,24.558,131
1990-11-16,24.442,131
1990-11-17,24.368,131
1990-11-18,24.36,131
1990-11-19,24.365,131
1990-11-20,24.41,131
1990-11-21,24.412,131
1990-11-22,24.402,131
1990-11-23,24.293,131
1990-11-24,24.095,131
1990-11-25,23.91,131
1990-11-26,23.831,131
1990-11-27,23.799,131
1990-11-28,23.807,131
1990-11-29,23.784,131
1990-11-30,23.823,131
1990-12-01,23.642,131
1990-12-02,23.57,131
1990-12-03,23.722,131
1990-12-04,23.86,131
1990-12-05,23.847,131
1990-12-06,23.801,131
1990-12-07,23.757,131
1990-12-08,23.692,131
1990-12-09,23.593,131
1990-12-10,23.527,131
1990-12-11,23.486,131
1990-12-12,23.488,131
1990-12-13,23.438,131
1990-12-14,23.392,131
1990-12-15,23.342,131
1990-12-16,23.314,131
1990-12-17,23.104,131
1990-12-18,23.091,131
1990-12-19,23.066,131
1990-12-20,23.048,131
1990-12-21,23.021,131
1990-12-22,23.025,131
1990-12-23,22.994,131
1990-12-24,22.837,131
1990-12-25,22.684,131
1990-12-26,22.528,131
1990-12-27,22.471,131
1990-12-28,22.323,131
1990-12-29,22.339,131
1990-12-30,22.346,131
1990-12-31,22.343,131
1991-01-01,22.332,131
1991-01-02,22.295,131
1991-01-03,22.254,131
1991-01-04,22.299,131
1991-01-05,22.289,131
1991-01-06,22.342,131
1991-01-07,22.372,131
1991-01-08,22.356,131
1991-01-09,22.319,131
1991-01-10,22.287,131
1991-01-11,22.302,131
1991-01-12,22.342,131
1991-01-13,22.364,131
1991-01-14,22.291,131
1991-01-15,22.233,131
1991-01-16,22.276,131
1991-01-17,22.331,131
1991-01-18,22.32,131
1991-01-19,22.241,131
1991-01-20,22.044,131
1991-01-21,21.949,131
1991-01-22,21.873,131
1991-01-23,21.794,131
1991-01-24,21.752,131
1991-01-25,21.698,131
1991-01-26,21.609,131
1991-01-27,21.44,131
1991-01-28,21.255,131
1991-01-29,21.17,131
1991-01-30,21.093,131
1991-01-31,21.126,131
1991-02-01,21.134,131
1991-02-02,21.13,131
1991-02-03,21.079,131
1991-02-04,21.065,131
1991-02-05,21.067,131
1991-02-06,21.06,131
1991-02-07,21.02,131
1991-02-08,21.023,131
1991-02-09,21.044,131
1991-02-10,21.035,131
1991-02-11,20.889,131
1991-02-12,20.735,131
1991-02-13,20.671,131
1991-02-14,20.735,131
1991-02-15,20.791,131
1991-02-16,20.786,131
1991-02-17,20.765,131
1991-02-18,20.76,131
1991-02-19,20.68,131
1991-02-20,20.716,131
1991-02-21,20.733,131
1991-02-22,20.851,131
1991-02-23,20.9,131
1991-02-24,20.845,131
1991-02-25,20.801,131
1991-02-26,20.78,131
1991-02-27,20.791,131
1991-02-28,20.731,131
1991-03-01,20.675,131
1991-03-02,20.601,131
1991-03-03,20.777,131
1991-03-04,20.868,131
1991-03-05,20.872,131
1991-03-06,20.674,131
1991-03-07,20.669,131
1991-03-08,20.626,131
1991-03-09,20.677,131
1991-03-10,20.744,131
1991-03-11,20.826,131
1991-03-12,20.957,131
1991-03-13,21.029,131
1991-03-14,21.019,131
1991-03-15,20.992,131
1991-03-16,21.035,131
1991-03-17,21.129,131
1991-03-18,21.18,131
1991-03-19,21.302,131
1991-03-20,21.359,131
1991-03-21,21.335,131
1991-03-22,21.264,131
1991-03-23,21.189,131
1991-03-24,21.098,131
1991-03-25,21.052,131
1991-03-26,21.049,131
1991-03-27,21.075,131
1991-03-28,21.182,131
1991-03-29,21.196,131
1991-03-30,21.229,131
1991-03-31,21.216,131
1991-04-01,21.281,131
1991-04-02,21.302,131
1991-04-03,21.408,131
1991-04-04,21.398,131
1991-04-05,21.453,131
1991-04-06,21.587,131
1991-04-07,21.795,131
1991-04-08,21.968,131
1991-04-09,22.091,131
1991-04-10,22.108,131
1991-04-11,21.956,131
1991-04-12,21.886,131
1991-04-13,21.772,131
1991-04-14,21.866,131
1991-04-15,22.004,131
1991-04-16,22.186,131
1991-04-17,22.285,131
1991-04-18,22.313,131
1991-04-19,22.334,131
1991-04-20,22.313,131
1991-04-21,22.25,131
1991-04-22,22.213,131
1991-04-23,22.291,131
1991-04-24,22.555,131
1991-04-25,22.72,131
1991-04-26,22.777,131
1991-04-27,22.697,131
1991-04-28,22.604,131
1991-04-29,22.555,131
1991-04-30,22.632,131
1991-05-01,22.726,131
1991-05-02,22.997,131
1991-05-03,23.142,131
1991-05-04,23.124,131
1991-05-05,23.086,131
1991-05-06,23.076,131
1991-05-07,23.059,131
1991-05-08,23.09,131
1991-05-09,23.075,131
1991-05-10,22.935,131
1991-05-11,22.836,131
1991-05-12,22.798,131
1991-05-13,22.937,131
1991-05-14,23.045,131
1991-05-15,23.141,131
1991-05-16,23.225,131
1991-05-17,23.311,131
1991-05-18,23.303,131
1991-05-19,23.294,131
1991-05-20,23.252,131
1991-05-21,23.242,131
1991-05-22,23.312,131
1991-05-23,23.378,131
1991-05-24,23.363,131
1991-05-25,23.372,131
1991-05-26,23.504,131
1991-05-27,23.616,131
1991-05-28,23.639,131
1991-05-29,23.635,131
1991-05-30,23.742,131
1991-05-31,23.929,131
1991-06-01,23.961,131
1991-06-02,23.957,131
1991-06-03,23.953,131
1991-06-04,24.016,131
1991-06-05,24.061,131
1991-06-06,24.107,131
1991-06-07,24.243,131
1991-06-08,24.413,131
1991-06-09,24.474,131
1991-06-10,24.503,131
1991-06-11,24.563,131
1991-06-12,24.569,131
1991-06-13,24.579,131
1991-06-14,24.643,131
1991-06-15,24.684,131
1991-06-16,24.742,131
1991-06-17,24.781,131
1991-06-18,24.813,131
1991-06-19,24.974,131
1991-06-20,25.057,131
1991-06-21,24.987,131
1991-06-22,24.912,131
1991-06-23,25.036,131
1991-06-24,25.069,131
1991-06-25,25.104,131
1991-06-26,25.205,131
1991-06-27,25.254,131
1991-06-28,25.301,131
1991-06-29,25.368,131
1991-06-30,25.437,131
1991-07-01,25.564,131
1991-07-02,25.852,131
1991-07-03,26.168,131
1991-07-04,26.137,131
1991-07-05,26.136,131
1991-07-06,26.246,131
1991-07-07,26.227,131
1991-07-08,26.15,131
1991-07-09,26.163,131
1991-07-10,26.195,131
1991-07-11,26.136,131
1991-07-12,26.057,131
1991-07-13,25.993,131
1991-07-14,25.92,131
1991-07-15,25.904,131
1991-07-16,25.945,131
1991-07-17,26.044,131
1991-07-18,26.108,131
1991-07-19,26.182,131
1991-07-20,26.271,131
1991-07-21,26.313,131
1991-07-22,26.303,131
1991-07-23,26.287,131
1991-07-24,26.312,131
1991-07-25,26.668,131
1991-07-26,26.358,131
1991-07-27,26.092,131
1991-07-28,26.114,131
1991-07-29,26.125,131
1991-07-30,26.082,131
1991-07-31,26.049,131
1991-08-01,26.061,131
1991-08-02,26.082,131
1991-08-03,26.158,131
1991-08-04,26.189,131
1991-08-05,26.274,131
1991-08-06,26.318,131
1991-08-07,26.404,131
1991-08-08,26.451,131
1991-08-09,26.531,131
1991-08-10,26.599,131
1991-08-11,26.737,131
1991-08-12,26.699,131
1991-08-13,26.703,131
1991-08-14,26.831,131
1991-08-15,27.322,131
1991-08-16,27.761,131
1991-08-17,27.572,131
1991-08-18,27.27,131
1991-08-19,27.099,131
1991-08-20,27.063,131
1991-08-21,27.045,131
1991-08-22,27.124,131
1991-08-23,27.335,131
1991-08-24,27.341,131
1991-08-25,27.279,131
1991-08-26,27.242,131
1991-08-27,27.173,131
1991-08-28,27.111,131
1991-08-29,27.026,131
1991-08-30,26.978,131
1991-08-31,27.078,131
1991-09-01,27.239,131
1991-09-02,27.326,131
1991-09-03,27.419,131
1991-09-04,27.611,131
1991-09-05,27.553,131
1991-09-06,27.51,131
1991-09-07,27.485,131
1991-09-08,27.446,131
1991-09-09,27.494,131
1991-09-10,27.494,131
1991-09-11,27.537,131
1991-09-12,27.554,131
1991-09-13,27.533,131
1991-09-14,27.507,131
1991-09-15,27.527,131
1991-09-16,27.643,131
1991-09-17,27.545,131
1991-09-18,27.585,131
1991-09-19,27.532,131
1991-09-20,27.534,131
1991-09-21,27.519,131
1991-09-22,27.748,131
1991-09-23,27.756,131
1991-09-24,27.485,131
1991-09-25,27.367,131
1991-09-26,27.304,131
1991-09-27,27.334,131
1991-09-28,27.496,131
1991-09-29,27.066,131
1991-09-30,26.969,131
1991-10-01,26.925,131
1991-10-02,26.865,131
1991-10-03,26.764,131
1991-10-04,26.776,131
1991-10-05,26.792,131
1991-10-06,26.849,131
1991-10-07,26.945,131
1991-10-08,26.998,131
1991-10-09,26.762,131
1991-10-10,26.575,131
1991-10-11,26.51,131
1991-10-12,26.415,131
1991-10-13,26.207,131
1991-10-14,26.061,131
1991-10-15,25.849,131
1991-10-16,25.783,131
1991-10-17,25.877,131
1991-10-18,25.933,131
1991-10-19,25.803,131
1991-10-20,25.538,131
1991-10-21,25.446,131
1991-10-22,25.433,131
1991-10-23,25.433,131
1991-10-24,25.418,131
1991-10-25,25.364,131
1991-10-26,25.312,131
1991-10-27,25.232,131
1991-10-28,25.031,131
1991-10-29,24.89,131
1991-10-30,24.903,131
1991-10-31,25.007,131
1991-11-01,24.961,131
1991-11-02,25.023,131
1991-11-03,25.177,131
1991-11-04,25.198,131
1991-11-05,25.118,131
1991-11-06,25.041,131
1991-11-07,25.142,131
1991-11-08,25.144,131
1991-11-09,25.09,131
1991-11-10,24.942,131
1991-11-11,24.794,131
1991-11-12,24.677,131
1991-11-13,24.674,131
1991-11-14,24.604,131
1991-11-15,24.648,131
1991-11-16,24.595,131
1991-11-17,24.614,131
1991-11-18,24.558,131
1991-11-19,24.537,131
1991-11-20,24.515,131
1991-11-21,24.467,131
1991-11-22,24.413,131
1991-11-23,24.369,131
1991-11-24,24.304,131
1991-11-25,24.218,131
1991-11-26,24.093,131
1991-11-27,24.066,131
1991-11-28,23.999,131
1991-11-29,23.775,131
1991-11-30,23.609,131
1991-12-01,23.679,131
1991-12-02,23.789,131
1991-12-03,23.799,131
1991-12-04,23.741,131
1991-12-05,23.717,131
1991-12-06,23.598,131
1991-12-07,23.557,131
1991-12-08,23.413,131
1991-12-09,23.25,131
1991-12-10,23.184,131
1991-12-11,23.047,131
1991-12-12,22.956,131
1991-12-13,22.975,131
1991-12-14,22.956,131
1991-12-15,22.931,131
1991-12-16,22.837,131
1991-12-17,22.728,131
1991-12-18,22.704,131
1991-12-19,22.622,131
1991-12-20,22.484,131
1991-12-21,22.398,131
1991-12-22,22.396,131
1991-12-23,22.423,131
1991-12-24,22.458,131
1991-12-25,22.454,131
1991-12-26,22.431,131
1991-12-27,22.504,131
1991-12-28,22.418,131
1991-12-29,22.428,131
1991-12-30,22.381,131
1991-12-31,22.426,131
1992-01-01,22.462,131
1992-01-02,22.473,131
1992-01-03,22.433,131
1992-01-04,22.357,131
1992-01-05,22.426,131
1992-01-06,22.374,131
1992-01-07,22.152,131
1992-01-08,21.956,131
1992-01-09,21.872,131
1992-01-10,21.832,131
1992-01-11,21.864,131
1992-01-12,21.772,131
1992-01-13,21.628,131
1992-01-14,21.559,131
1992-01-15,21.559,131
1992-01-16,21.559,131
1992-01-17,21.536,131
1992-01-18,21.441,131
1992-01-19,21.338,131
1992-01-20,21.38,131
1992-01-21,21.308,131
1992-01-22,21.195,131
1992-01-23,21.006,131
1992-01-24,21.08,131
1992-01-25,21.071,131
1992-01-26,21.089,131
1992-01-27,21.048,131
1992-01-28,21.002,131
1992-01-29,20.949,131
1992-01-30,20.913,131
1992-01-31,20.954,131
1992-02-01,20.92,131
1992-02-02,20.918,131
1992-02-03,20.946,131
1992-02-04,20.865,131
1992-02-05,20.839,131
1992-02-06,20.82,131
1992-02-07,20.837,131
1992-02-08,20.883,131
1992-02-09,20.963,131
1992-02-10,20.978,131
1992-02-11,21.003,131
1992-02-12,21.017,131
1992-02-13,20.921,131
1992-02-14,20.844,131
1992-02-15,20.798,131
1992-02-16,20.721,131
1992-02-17,20.673,131
1992-02-18,20.663,131
1992-02-19,20.519,131
1992-02-20,20.501,131
1992-02-21,20.532,131
1992-02-22,20.499,131
1992-02-23,20.485,131
1992-02-24,20.417,131
1992-02-25,20.388,131
1992-02-26,20.404,131
1992-02-27,20.478,131
1992-02-28,20.541,131
1992-02-29,20.471,131
1992-03-01,20.543,131
1992-03-02,20.524,131
1992-03-03,20.492,131
1992-03-04,20.607,131
1992-03-05,20.732,131
1992-03-06,20.703,131
1992-03-07,20.788,131
1992-03-08,20.747,131
1992-03-09,20.789,131
1992-03-10,20.723,131
1992-03-11,20.652,131
1992-03-12,20.638,131
1992-03-13,20.679,131
1992-03-14,20.813,131
1992-03-15,20.899,131
1992-03-16,20.893,131
1992-03-17,20.851,131
1992-03-18,20.826,131
1992-03-19,21.006,131
1992-03-20,21.059,131
1992-03-21,21.127,131
1992-03-22,21.203,131
1992-03-23,21.284,131
1992-03-24,21.441,131
1992-03-25,21.513,131
1992-03-26,21.643,131
1992-03-27,21.635,131
1992-03-28,21.783,131
1992-03-29,21.874,131
1992-03-30,21.843,131
1992-03-31,21.596,131
1992-04-01,21.408,131
1992-04-02,21.363,131
1992-04-03,21.417,131
1992-04-04,21.507,131
1992-04-05,21.577,131
1992-04-06,21.554,131
1992-04-07,21.495,131
1992-04-08,21.503,131
1992-04-09,21.52,131
1992-04-10,21.539,131
1992-04-11,21.495,131
1992-04-12,21.579,131
1992-04-13,21.697,131
1992-04-14,21.768,131
1992-04-15,21.842,131
1992-04-16,21.929,131
1992-04-17,21.876,131
1992-04-18,21.736,131
1992-04-19,21.764,131
1992-04-20,21.757,131
1992-04-21,21.771,131
1992-04-22,21.73,131
1992-04-23,21.656,131
1992-04-24,21.628,131
1992-04-25,21.598,131
1992-04-26,21.532,131
1992-04-27,21.489,131
1992-04-28,21.594,131
1992-04-29,21.799,131
1992-04-30,21.923,131
1992-05-01,21.9,131
1992-05-02,21.76,131
1992-05-03,21.711,131
1992-05-04,21.746,131
1992-05-05,21.723,131
1992-05-06,21.62,131
1992-05-07,21.691,131
1992-05-08,21.776,131
1992-05-09,21.882,131
1992-05-10,21.797,131
1992-05-11,21.721,131
1992-05-12,21.871,131
1992-05-13,21.92,131
1992-05-14,21.894,131
1992-05-15,21.83,131
1992-05-16,21.82,131
1992-05-17,21.771,131
1992-05-18,21.586,131
1992-05-19,21.555,131
1992-05-20,21.649,131
1992-05-21,21.69,131
1992-05-22,21.761,131
1992-05-23,21.882,131
1992-05-24,22.036,131
1992-05-25,22.203,131
1992-05-26,22.222,131
1992-05-27,22.352,131
1992-05-28,22.454,131
1992-05-29,22.652,131
1992-05-30,22.757,131
1992-05-31,22.858,131
1992-06-01,22.949,131
1992-06-02,23.222,131
1992-06-03,23.364,131
1992-06-04,23.435,131
1992-06-05,23.413,131
1992-06-06,23.498,131
1992-06-07,23.644,131
1992-06-08,23.685,131
1992-06-09,23.702,131
1992-06-10,23.832,131
1992-06-11,23.991,131
1992-06-12,24.047,131
1992-06-13,24.194,131
1992-06-14,24.299,131
1992-06-15,24.445,131
1992-06-16,24.833,131
1992-06-17,24.893,131
1992-06-18,25.001,131
1992-06-19,25.212,131
1992-06-20,25.101,131
1992-06-21,24.976,131
1992-06-22,24.952,131
1992-06-23,24.958,131
1992-06-24,24.914,131
1992-06-25,24.982,131
1992-06-26,25.106,131
1992-06-27,25.181,131
1992-06-28,25.273,131
1992-06-29,25.302,131
1992-06-30,25.403,131
1992-07-01,25.502,131
1992-07-02,25.575,131
1992-07-03,25.713,131
1992-07-04,25.699,131
1992-07-05,25.75,131
1992-07-06,25.761,131
1992-07-07,25.848,131
1992-07-08,25.978,131
1992-07-09,25.961,131
1992-07-10,25.899,131
1992-07-11,25.812,131
1992-07-12,25.754,131
1992-07-13,25.768,131
1992-07-14,25.905,131
1992-07-15,26.003,131
1992-07-16,26.046,131
1992-07-17,26.009,131
1992-07-18,26.026,131
1992-07-19,26.013,131
1992-07-20,26.014,131
1992-07-21,26.03,131
1992-07-22,25.998,131
1992-07-23,25.94,131
1992-07-24,25.947,131
1992-07-25,26.011,131
1992-07-26,26.037,131
1992-07-27,25.98,131
1992-07-28,25.971,131
1992-07-29,26.028,131
1992-07-30,26.005,131
1992-07-31,26.067,131
1992-08-01,26.116,131
1992-08-02,26.109,131
1992-08-03,26.177,131
1992-08-04,26.226,131
1992-08-05,26.282,131
1992-08-06,26.279,131
1992-08-07,26.255,131
1992-08-08,26.304,131
1992-08-09,26.347,131
1992-08-10,26.376,131
1992-08-11,26.437,131
1992-08-12,26.402,131
1992-08-13,26.416,131
1992-08-14,26.449,131
1992-08-15,26.475,131
1992-08-16,26.482,131
1992-08-17,26.471,131
1992-08-18,26.691,131
1992-08-19,26.894,131
1992-08-20,26.964,131
1992-08-21,27.103,131
1992-08-22,27.028,131
1992-08-23,27.119,131
1992-08-24,27.17,131
1992-08-25,27.119,131
1992-08-26,27.16,131
1992-08-27,27.204,131
1992-08-28,27.208,131
1992-08-29,27.176,131
1992-08-30,27.121,131
1992-08-31,27.087,131
1992-09-01,27.015,131
1992-09-02,26.964,131
1992-09-03,26.922,131
1992-09-04,26.934,131
1992-09-05,26.847,131
1992-09-06,26.771,131
1992-09-07,26.739,131
1992-09-08,26.646,131
1992-09-09,26.619,131
1992-09-10,26.707,131
1992-09-11,26.785,131
1992-09-12,26.664,131
1992-09-13,26.63,131
1992-09-14,26.709,131
1992-09-15,26.785,131
1992-09-16,26.877,131
1992-09-17,26.849,131
1992-09-18,26.913,131
1992-09-19,26.986,131
1992-09-20,26.943,131
1992-09-21,26.83,131
1992-09-22,26.782,131
1992-09-23,26.786,131
1992-09-24,26.786,131
1992-09-25,26.734,131
1992-09-26,26.709,131
1992-09-27,26.622,131
1992-09-28,26.462,131
1992-09-29,26.442,131
1992-09-30,26.375,131
1992-10-01,26.394,131
1992-10-02,26.46,131
1992-10-03,26.484,131
1992-10-04,26.393,131
1992-10-05,26.214,131
1992-10-06,26.069,131
1992-10-07,25.972,131
1992-10-08,25.846,131
1992-10-09,25.744,131
1992-10-10,25.731,131
1992-10-11,25.671,131
1992-10-12,25.572,131
1992-10-13,25.432,131
1992-10-14,25.357,131
1992-10-15,25.342,131
1992-10-16,25.245,131
1992-10-17,25.293,131
1992-10-18,25.417,131
1992-10-19,25.441,131
1992-10-20,25.454,131
1992-10-21,25.451,131
1992-10-22,25.37,131
1992-10-23,25.315,131
1992-10-24,25.212,131
1992-10-25,25.206,131
1992-10-26,25.316,131
1992-10-27,25.343,131
1992-10-28,25.337,131
1992-10-29,25.337,131
1992-10-30,25.328,131
1992-10-31,25.319,131
1992-11-01,25.131,131
1992-11-02,24.877,131
1992-11-03,24.708,131
1992-11-04,24.709,131
1992-11-05,24.686,131
1992-11-06,24.715,131
1992-11-07,24.687,131
1992-11-08,24.548,131
1992-11-09,24.465,131
1992-11-10,24.506,131
1992-11-11,24.565,131
1992-11-12,24.535,131
1992-11-13,24.39,131
1992-11-14,24.361,131
1992-11-15,24.37,131
1992-11-16,24.31,131
1992-11-17,24.161,131
1992-11-18,23.966,131
1992-11-19,23.693,131
1992-11-20,23.648,131
1992-11-21,23.518,131
1992-11-22,23.484,131
1992-11-23,23.473,131
1992-11-24,23.489,131
1992-11-25,23.419,131
1992-11-26,23.399,131
1992-11-27,23.303,131
1992-11-28,23.242,131
1992-11-29,23.192,131
1992-11-30,23.226,131
1992-12-01,23.257,131
1992-12-02,23.226,131
1992-12-03,23.203,131
1992-12-04,23.072,131
1992-12-05,22.966,131
1992-12-06,23.005,131
1992-12-07,23.063,131
1992-12-08,23.25,131
1992-12-09,23.198,131
1992-12-10,23.089,131
1992-12-11,23.051,131
1992-12-12,23.023,131
1992-12-13,22.97,131
1992-12-14,22.671,131
1992-12-15,22.586,131
1992-12-16,22.557,131
1992-12-17,22.549,131
1992-12-18,22.558,131
1992-12-19,22.603,131
1992-12-20,22.585,131
1992-12-21,22.744,131
1992-12-22,22.725,131
1992-12-23,22.627,131
1992-12-24,22.526,131
1992-12-25,22.427,131
1992-12-26,22.443,131
1992-12-27,22.374,131
1992-12-28,22.329,131
1992-12-29,22.256,131
1992-12-30,22.134,131
1992-12-31,21.98,131
1993-01-01,21.938,131
1993-01-02,21.947,131
1993-01-03,21.896,131
1993-01-04,21.779,131
1993-01-05,21.622,131
1993-01-06,21.496,131
1993-01-07,21.473,131
1993-01-08,21.343,131
1993-01-09,21.224,131
1993-01-10,21.217,131
1993-01-11,21.178,131
1993-01-12,21.154,131
1993-01-13,21.106,131
1993-01-14,21.069,131
1993-01-15,21.128,131
1993-01-16,21.122,131
1993-01-17,21.25,131
1993-01-18,21.24,131
1993-01-19,21.314,131
1993-01-20,21.295,131
1993-01-21,21.342,131
1993-01-22,21.372,131
1993-01-23,21.287,131
1993-01-24,21.13,131
1993-01-25,21.025,131
1993-01-26,21.018,131
1993-01-27,20.911,131
1993-01-28,20.843,131
1993-01-29,20.812,131
1993-01-30,20.702,131
1993-01-31,20.697,131
1993-02-01,20.713,131
1993-02-02,20.719,131
1993-02-03,20.687,131
1993-02-04,20.595,131
1993-02-05,20.529,131
1993-02-06,20.331,131
1993-02-07,20.38,131
1993-02-08,20.393,131
1993-02-09,20.538,131
1993-02-10,20.687,131
1993-02-11,20.775,131
1993-02-12,20.741,131
1993-02-13,20.689,131
1993-02-14,20.632,131
1993-02-15,20.672,131
1993-02-16,20.673,131
1993-02-17,20.548,131
1993-02-18,20.613,131
1993-02-19,20.698,131
1993-02-20,20.825,131
1993-02-21,20.812,131
1993-02-22,20.821,131
1993-02-23,20.948,131
1993-02-24,21.055,131
1993-02-25,21.179,131
1993-02-26,21.317,131
1993-02-27,21.315,131
1993-02-28,21.208,131
1993-03-01,20.977,131
1993-03-02,20.997,131
1993-03-03,21.143,131
1993-03-04,21.162,131
1993-03-05,20.994,131
1993-03-06,20.964,131
1993-03-07,21.098,131
1993-03-08,21.06,131
1993-03-09,21.025,131
1993-03-10,20.947,131
1993-03-11,20.935,131
1993-03-12,20.882,131
1993-03-13,20.758,131
1993-03-14,20.6,131
1993-03-15,20.589,131
1993-03-16,20.754,131
1993-03-17,21.026,131
1993-03-18,21.217,131
1993-03-19,21.402,131
1993-03-20,21.505,131
1993-03-21,21.528,131
1993-03-22,21.498,131
1993-03-23,21.501,131
1993-03-24,21.565,131
1993-03-25,21.672,131
1993-03-26,21.827,131
1993-03-27,21.896,131
1993-03-28,22.128,131
1993-03-29,22.254,131
1993-03-30,22.243,131
1993-03-31,22.264,131
1993-04-01,22.245,131
1993-04-02,22.213,131
1993-04-03,22.285,131
1993-04-04,22.382,131
1993-04-05,22.446,131
1993-04-06,22.374,131
1993-04-07,22.228,131
1993-04-08,22.356,131
1993-04-09,22.489,131
1993-04-10,22.615,131
1993-04-11,22.632,131
1993-04-12,22.609,131
1993-04-13,22.632,131
1993-04-14,22.501,131
1993-04-15,22.512,131
1993-04-16,22.518,131
1993-04-17,22.419,131
1993-04-18,22.262,131
1993-04-19,22.247,131
1993-04-20,22.429,131
1993-04-21,22.529,131
1993-04-22,22.521,131
1993-04-23,22.391,131
1993-04-24,22.316,131
1993-04-25,22.377,131
1993-04-26,22.497,131
1993-04-27,22.759,131
1993-04-28,22.869,131
1993-04-29,23.085,131
1993-04-30,23.371,131
1993-05-01,23.486,131
1993-05-02,23.59,131
1993-05-03,23.545,131
1993-05-04,23.423,131
1993-05-05,23.44,131
1993-05-06,23.401,131
1993-05-07,23.381,131
1993-05-08,23.32,131
1993-05-09,23.393,131
1993-05-10,23.513,131
1993-05-11,23.531,131
1993-05-12,23.497,131
1993-05-13,23.431,131
1993-05-14,23.434,131
1993-05-15,23.489,131
1993-05-16,23.457,131
1993-05-17,23.478,131
1993-05-18,23.579,131
1993-05-19,23.744,131
1993-05-20,23.746,131
1993-05-21,23.752,131
1993-05-22,23.79,131
1993-05-23,23.842,131
1993-05-24,23.925,131
1993-05-25,24.149,131
1993-05-26,24.226,131
1993-05-27,24.297,131
1993-05-28,24.367,131
1993-05-29,24.434,131
1993-05-30,24.481,131
1993-05-31,24.473,131
1993-06-01,24.486,131
1993-06-02,24.621,131
1993-06-03,24.66,131
1993-06-04,24.65,131
1993-06-05,24.655,131
1993-06-06,24.874,131
1993-06-07,25.077,131
1993-06-08,25.285,131
1993-06-09,25.469,131
1993-06-10,25.656,131
1993-06-11,25.899,131
1993-06-12,25.878,131
1993-06-13,25.74,131
1993-06-14,25.635,131
1993-06-15,25.523,131
1993-06-16,25.271,131
1993-06-17,25.121,131
1993-06-18,25.127,131
1993-06-19,25.373,131
1993-06-20,25.615,131
1993-06-21,25.686,131
1993-06-22,25.65,131
1993-06-23,25.716,131
1993-06-24,25.77,131
1993-06-25,26.045,131
1993-06-26,25.934,131
1993-06-27,25.984,131
1993-06-28,26.053,131
1993-06-29,26.062,131
1993-06-30,26.077,131
1993-07-01,26.148,131
1993-07-02,26.177,131
1993-07-03,26.22,131
1993-07-04,26.262,131
1993-07-05,26.413,131
1993-07-06,26.563,131
1993-07-07,26.617,131
1993-07-08,26.622,131
1993-07-09,26.608,131
1993-07-10,26.58,131
1993-07-11,26.379,131
1993-07-12,26.283,131
1993-07-13,26.307,131
1993-07-14,26.359,131
1993-07-15,26.488,131
1993-07-16,26.604,131
1993-07-17,26.707,131
1993-07-18,26.902,131
1993-07-19,26.843,131
1993-07-20,26.789,131
1993-07-21,26.751,131
1993-07-22,26.924,131
1993-07-23,26.966,131
1993-07-24,27.031,131
1993-07-25,27.029,131
1993-07-26,26.915,131
1993-07-27,26.801,131
1993-07-28,26.731,131
1993-07-29,26.732,131
1993-07-30,26.658,131
1993-07-31,26.597,131
1993-08-01,26.569,131
1993-08-02,26.493,131
1993-08-03,26.633,131
1993-08-04,26.783,131
1993-08-05,26.875,131
1993-08-06,26.975,131
1993-08-07,27.044,131
1993-08-08,27.06,131
1993-08-09,26.956,131
1993-08-10,26.922,131
1993-08-11,26.866,131
1993-08-12,26.879,131
1993-08-13,26.845,131
1993-08-14,26.859,131
1993-08-15,26.816,131
1993-08-16,26.787,131
1993-08-17,26.741,131
1993-08-18,26.716,131
1993-08-19,26.739,131
1993-08-20,26.809,131
1993-08-21,26.848,131
1993-08-22,26.869,131
1993-08-23,26.986,131
1993-08-24,26.995,131
1993-08-25,27.142,131
1993-08-26,27.195,131
1993-08-27,27.199,131
1993-08-28,27.28,131
1993-08-29,27.47,131
1993-08-30,27.417,131
1993-08-31,27.397,131
1993-09-01,27.412,131
1993-09-02,27.596,131
1993-09-03,27.572,131
1993-09-04,27.517,131
1993-09-05,27.54,131
1993-09-06,27.526,131
1993-09-07,27.491,131
1993-09-08,27.486,131
1993-09-09,27.59,131
1993-09-10,27.704,131
1993-09-11,27.64,131
1993-09-12,27.749,131
1993-09-13,27.672,131
1993-09-14,27.628,131
1993-09-15,27.557,131
1993-09-16,27.399,131
1993-09-17,27.255,131
1993-09-18,27.185,131
1993-09-19,27.213,131
1993-09-20,27.419,131
1993-09-21,27.357,131
1993-09-22,27.284,131
1993-09-23,27.105,131
1993-09-24,27.083,131
1993-09-25,27.104,131
1993-09-26,27.125,131
1993-09-27,26.968,131
1993-09-28,26.782,131
1993-09-29,26.431,131
1993-09-30,26.433,131
1993-10-01,26.42,131
1993-10-02,26.253,131
1993-10-03,26.031,131
1993-10-04,25.988,131
1993-10-05,25.955,131
1993-10-06,25.913,131
1993-10-07,25.91,131
1993-10-08,25.855,131
1993-10-09,25.866,131
1993-10-10,25.925,131
1993-10-11,25.941,131
1993-10-12,25.998,131
1993-10-13,25.952,131
1993-10-14,25.93,131
1993-10-15,25.847,131
1993-10-16,25.773,131
1993-10-17,25.858,131
1993-10-18,25.797,131
1993-10-19,25.478,131
1993-10-20,25.223,131
1993-10-21,25.235,131
1993-10-22,25.298,131
1993-10-23,25.36,131
1993-10-24,25.359,131
1993-10-25,25.179,131
1993-10-26,25.02,131
1993-10-27,24.946,131
1993-10-28,24.968,131
1993-10-29,24.876,131
1993-10-30,24.805,131
1993-10-31,24.778,131
1993-11-01,24.643,131
1993-11-02,24.502,131
1993-11-03,24.393,131
1993-11-04,24.274,131
1993-11-05,24.232,131
1993-11-06,24.215,131
1993-11-07,24.177,131
1993-11-08,24.239,131
1993-11-09,24.135,131
1993-11-10,24.114,131
1993-11-11,24.165,131
1993-11-12,24.254,131
1993-11-13,24.213,131
1993-11-14,24.185,131
1993-11-15,24.001,131
1993-11-16,24.001,131
1993-11-17,24.097,131
1993-11-18,24.228,131
1993-11-19,24.179,131
1993-11-20,24.112,131
1993-11-21,24.135,131
1993-11-22,24.05,131
1993-11-23,23.738,131
1993-11-24,23.552,131
1993-11-25,23.447,131
1993-11-26,23.442,131
1993-11-27,23.471,131
1993-11-28,23.501,131
1993-11-29,23.408,131
1993-11-30,23.371,131
1993-12-01,23.322,131
1993-12-02,23.295,131
1993-12-03,23.285,131
1993-12-04,23.296,131
1993-12-05,23.239,131
1993-12-06,23.222,131
1993-12-07,23.131,131
1993-12-08,23.177,131
1993-12-09,23.173,131
1993-12-10,23.135,131
1993-12-11,23.094,131
1993-12-12,23.126,131
1993-12-13,23.072,131
1993-12-14,23.086,131
1993-12-15,23.106,131
1993-12-16,23.044,131
1993-12-17,23.051,131
1993-12-18,23.032,131
1993-12-19,23.107,131
1993-12-20,23.104,131
1993-12-21,22.975,131
1993-12-22,22.791,131
1993-12-23,22.67,131
1993-12-24,22.831,131
1993-12-25,22.71,131
1993-12-26,22.603,131
1993-12-27,22.431,131
1993-12-28,22.377,131
1993-12-29,22.44,131
1993-12-30,22.382,131
1993-12-31,22.261,131
1994-01-01,22.193,131
1994-01-02,22.124,131
1994-01-03,21.963,131
1994-01-04,21.869,131
1994-01-05,21.805,131
1994-01-06,21.904,131
1994-01-07,21.892,131
1994-01-08,21.772,131
1994-01-09,21.589,131
1994-01-10,21.578,131
1994-01-11,21.55,131
1994-01-12,21.587,131
1994-01-13,21.599,131
1994-01-14,21.491,131
1994-01-15,21.376,131
1994-01-16,21.257,131
1994-01-17,21.235,131
1994-01-18,21.161,131
1994-01-19,21.18,131
1994-01-20,21.234,131
1994-01-21,21.244,131
1994-01-22,21.227,131
1994-01-23,21.271,131
1994-01-24,21.286,131
1994-01-25,21.287,131
1994-01-26,21.326,131
1994-01-27,21.285,131
1994-01-28,21.156,131
1994-01-29,21.09,131
1994-01-30,21.242,131
1994-01-31,21.298,131
1994-02-01,21.347,131
1994-02-02,21.042,131
1994-02-03,21.188,131
1994-02-04,21.234,131
1994-02-05,21.314,131
1994-02-06,21.277,131
1994-02-07,21.287,131
1994-02-08,21.263,131
1994-02-09,21.257,131
1994-02-10,21.206,131
1994-02-11,21.17,131
1994-02-12,21.159,131
1994-02-13,21.139,131
1994-02-14,21.172,131
1994-02-15,21.206,131
1994-02-16,21.273,131
1994-02-17,21.338,131
1994-02-18,21.397,131
1994-02-19,21.547,131
1994-02-20,21.613,131
1994-02-21,21.388,131
1994-02-22,21.219,131
1994-02-23,21.066,131
1994-02-24,21.304,131
1994-02-25,21.437,131
1994-02-26,21.442,131
1994-02-27,21.297,131
1994-02-28,21.251,131
1994-03-01,21.422,131
1994-03-02,21.37,131
1994-03-03,21.195,131
1994-03-04,21.238,131
1994-03-05,21.281,131
1994-03-06,21.222,131
1994-03-07,21.295,131
1994-03-08,21.318,131
1994-03-09,21.173,131
1994-03-10,21.081,131
1994-03-11,20.904,131
1994-03-12,20.862,131
1994-03-13,20.848,131
1994-03-14,20.873,131
1994-03-15,20.924,131
1994-03-16,20.96,131
1994-03-17,20.961,131
1994-03-18,20.966,131
1994-03-19,21.093,131
1994-03-20,21.187,131
1994-03-21,21.263,131
1994-03-22,21.383,131
1994-03-23,21.383,131
1994-03-24,21.382,131
1994-03-25,21.217,131
1994-03-26,21.151,131
1994-03-27,21.159,131
1994-03-28,21.285,131
1994-03-29,21.32,131
1994-03-30,21.412,131
1994-03-31,21.459,131
1994-04-01,21.362,131
1994-04-02,21.284,131
1994-04-03,21.268,131
1994-04-04,21.327,131
1994-04-05,21.561,131
1994-04-06,21.631,131
1994-04-07,21.593,131
1994-04-08,21.621,131
1994-04-09,21.48,131
1994-04-10,21.418,131
1994-04-11,21.421,131
1994-04-12,21.475,131
1994-04-13,21.557,131
1994-04-14,21.649,131
1994-04-15,21.778,131
1994-04-16,21.88,131
1994-04-17,22.063,131
1994-04-18,21.903,131
1994-04-19,21.855,131
1994-04-20,21.883,131
1994-04-21,21.972,131
1994-04-22,22.017,131
1994-04-23,22.063,131
1994-04-24,22.073,131
1994-04-25,21.982,131
1994-04-26,22.016,131
1994-04-27,22.047,131
1994-04-28,22.322,131
1994-04-29,22.507,131
1994-04-30,22.674,131
1994-05-01,22.822,131
1994-05-02,23.042,131
1994-05-03,23.124,131
1994-05-04,23.353,131
1994-05-05,23.169,131
1994-05-06,23.021,131
1994-05-07,22.755,131
1994-05-08,22.755,131
1994-05-09,23.002,131
1994-05-10,22.988,131
1994-05-11,22.962,131
1994-05-12,23,131
1994-05-13,23.068,131
1994-05-14,23.104,131
1994-05-15,23.153,131
1994-05-16,23.46,131
1994-05-17,23.443,131
1994-05-18,23.264,131
1994-05-19,23.236,131
1994-05-20,23.366,131
1994-05-21,23.394,131
1994-05-22,23.424,131
1994-05-23,23.462,131
1994-05-24,23.513,131
1994-05-25,23.574,131
1994-05-26,23.726,131
1994-05-27,23.796,131
1994-05-28,23.828,131
1994-05-29,23.952,131
1994-05-30,23.936,131
1994-05-31,23.998,131
1994-06-01,24.086,131
1994-06-02,24.139,131
1994-06-03,24.192,131
1994-06-04,24.282,131
1994-06-05,24.461,131
1994-06-06,24.708,131
1994-06-07,24.943,131
1994-06-08,25.125,131
1994-06-09,25.173,131
1994-06-10,25.183,131
1994-06-11,25.229,131
1994-06-12,25.337,131
1994-06-13,25.338,131
1994-06-14,25.35,131
1994-06-15,25.284,131
1994-06-16,25.332,131
1994-06-17,25.316,131
1994-06-18,25.354,131
1994-06-19,25.376,131
1994-06-20,25.475,131
1994-06-21,25.499,131
1994-06-22,25.556,131
1994-06-23,25.628,131
1994-06-24,25.636,131
1994-06-25,25.709,131
1994-06-26,25.642,131
1994-06-27,25.572,131
1994-06-28,25.557,131
1994-06-29,25.643,131
1994-06-30,25.581,131
1994-07-01,25.586,131
1994-07-02,25.595,131
1994-07-03,25.622,131
1994-07-04,25.684,131
1994-07-05,25.78,131
1994-07-06,25.935,131
1994-07-07,25.833,131
1994-07-08,25.65,131
1994-07-09,25.654,131
1994-07-10,25.59,131
1994-07-11,25.477,131
1994-07-12,25.484,131
1994-07-13,25.538,131
1994-07-14,25.645,131
1994-07-15,25.857,131
1994-07-16,25.838,131
1994-07-17,25.806,131
1994-07-18,25.822,131
1994-07-19,25.793,131
1994-07-20,25.847,131
1994-07-21,25.885,131
1994-07-22,25.918,131
1994-07-23,25.918,131
1994-07-24,25.901,131
1994-07-25,25.912,131
1994-07-26,26.035,131
1994-07-27,26.067,131
1994-07-28,26.092,131
1994-07-29,26.055,131
1994-07-30,26.092,131
1994-07-31,26.171,131
1994-08-01,26.14,131
1994-08-02,26.171,131
1994-08-03,26.33,131
1994-08-04,26.543,131
1994-08-05,26.82,131
1994-08-06,27.145,131
1994-08-07,27.298,131
1994-08-08,27.537,131
1994-08-09,27.743,131
1994-08-10,27.676,131
1994-08-11,27.671,131
1994-08-12,27.696,131
1994-08-13,27.555,131
1994-08-14,27.379,131
1994-08-15,27.29,131
1994-08-16,27.243,131
1994-08-17,27.182,131
1994-08-18,27.164,131
1994-08-19,27.141,131
1994-08-20,27.117,131
1994-08-21,27.106,131
1994-08-22,27.18,131
1994-08-23,27.281,131
1994-08-24,27.312,131
1994-08-25,27.222,131
1994-08-26,27.055,131
1994-08-27,27.056,131
1994-08-28,26.982,131
1994-08-29,26.905,131
1994-08-30,26.938,131
1994-08-31,26.886,131
1994-09-01,26.888,131
1994-09-02,26.805,131
1994-09-03,26.819,131
1994-09-04,26.827,131
1994-09-05,26.825,131
1994-09-06,27.042,131
1994-09-07,27.119,131
1994-09-08,27.1,131
1994-09-09,27.06,131
1994-09-10,27.074,131
1994-09-11,27.113,131
1994-09-12,27.06,131
1994-09-13,27.034,131
1994-09-14,26.999,131
1994-09-15,26.947,131
1994-09-16,26.927,131
1994-09-17,26.804,131
1994-09-18,26.699,131
1994-09-19,26.693,131
1994-09-20,26.815,131
1994-09-21,27.02,131
1994-09-22,27.356,131
1994-09-23,27.477,131
1994-09-24,27.476,131
1994-09-25,27.439,131
1994-09-26,27.021,131
1994-09-27,26.876,131
1994-09-28,26.784,131
1994-09-29,26.851,131
1994-09-30,26.851,131
1994-10-01,26.784,131
1994-10-02,26.75,131
1994-10-03,26.705,131
1994-10-04,26.625,131
1994-10-05,26.572,131
1994-10-06,26.486,131
1994-10-07,26.449,131
1994-10-08,26.486,131
1994-10-09,26.498,131
1994-10-10,26.441,131
1994-10-11,26.464,131
1994-10-12,26.403,131
1994-10-13,26.254,131
1994-10-14,26.202,131
1994-10-15,26.201,131
1994-10-16,26.107,131
1994-10-17,26.023,131
1994-10-18,25.975,131
1994-10-19,25.923,131
1994-10-20,25.847,131
1994-10-21,25.829,131
1994-10-22,25.672,131
1994-10-23,25.672,131
1994-10-24,25.702,131
1994-10-25,25.771,131
1994-10-26,25.773,131
1994-10-27,25.767,131
1994-10-28,25.78,131
1994-10-29,25.721,131
1994-10-30,25.479,131
1994-10-31,25.371,131
1994-11-01,25.229,131
1994-11-02,25.172,131
1994-11-03,25.257,131
1994-11-04,25.244,131
1994-11-05,25.207,131
1994-11-06,25.198,131
1994-11-07,25.107,131
1994-11-08,25.006,131
1994-11-09,24.965,131
1994-11-10,24.916,131
1994-11-11,24.862,131
1994-11-12,24.82,131
1994-11-13,24.899,131
1994-11-14,24.803,131
1994-11-15,24.771,131
1994-11-16,24.842,131
1994-11-17,24.92,131
1994-11-18,24.918,131
1994-11-19,24.964,131
1994-11-20,24.907,131
1994-11-21,24.83,131
1994-11-22,24.867,131
1994-11-23,24.718,131
1994-11-24,24.632,131
1994-11-25,24.567,131
1994-11-26,24.552,131
1994-11-27,24.668,131
1994-11-28,24.706,131
1994-11-29,24.757,131
1994-11-30,24.711,131
1994-12-01,24.757,131
1994-12-02,24.765,131
1994-12-03,24.685,131
1994-12-04,24.528,131
1994-12-05,24.54,131
1994-12-06,24.503,131
1994-12-07,24.521,131
1994-12-08,24.509,131
1994-12-09,24.475,131
1994-12-10,24.398,131
1994-12-11,24.379,131
1994-12-12,24.319,131
1994-12-13,24.266,131
1994-12-14,24.216,131
1994-12-15,24.222,131
1994-12-16,24.194,131
1994-12-17,24.201,131
1994-12-18,24.21,131
1994-12-19,24.207,131
1994-12-20,24.102,131
1994-12-21,23.959,131
1994-12-22,23.926,131
1994-12-23,23.869,131
1994-12-24,23.786,131
1994-12-25,23.773,131
1994-12-26,23.676,131
1994-12-27,23.589,131
1994-12-28,23.495,131
1994-12-29,23.53,131
1994-12-30,23.503,131
1994-12-31,23.483,131
1995-01-01,23.399,131
1995-01-02,23.381,131
1995-01-03,23.3,131
1995-01-04,23.146,131
1995-01-05,23.115,131
1995-01-06,23.048,131
1995-01-07,22.984,131
1995-01-08,23.02,131
1995-01-09,22.991,131
1995-01-10,22.916,131
1995-01-11,22.879,131
1995-01-12,22.832,131
1995-01-13,22.934,131
1995-01-14,22.864,131
1995-01-15,22.715,131
1995-01-16,22.664,131
1995-01-17,22.698,131
1995-01-18,22.783,131
1995-01-19,22.74,131
1995-01-20,22.72,131
1995-01-21,22.629,131
1995-01-22,22.651,131
1995-01-23,22.606,131
1995-01-24,22.535,131
1995-01-25,22.504,131
1995-01-26,22.482,131
1995-01-27,22.384,131
1995-01-28,22.333,131
1995-01-29,22.209,131
1995-01-30,21.998,131
1995-01-31,21.817,131
1995-02-01,21.651,131
1995-02-02,21.608,131
1995-02-03,21.619,131
1995-02-04,21.761,131
1995-02-05,21.697,131
1995-02-06,21.647,131
1995-02-07,21.586,131
1995-02-08,21.597,131
1995-02-09,21.492,131
1995-02-10,21.45,131
1995-02-11,21.394,131
1995-02-12,21.34,131
1995-02-13,21.286,131
1995-02-14,21.188,131
1995-02-15,21.204,131
1995-02-16,21.189,131
1995-02-17,21.152,131
1995-02-18,21.027,131
1995-02-19,21.083,131
1995-02-20,21.199,131
1995-02-21,21.239,131
1995-02-22,21.307,131
1995-02-23,21.344,131
1995-02-24,21.446,131
1995-02-25,21.385,131
1995-02-26,21.342,131
1995-02-27,21.32,131
1995-02-28,21.343,131
1995-03-01,21.211,131
1995-03-02,21.164,131
1995-03-03,21.108,131
1995-03-04,21.148,131
1995-03-05,21.049,131
1995-03-06,21.1,131
1995-03-07,21.048,131
1995-03-08,21.039,131
1995-03-09,21.082,131
1995-03-10,21.036,131
1995-03-11,20.913,131
1995-03-12,20.907,131
1995-03-13,21.041,131
1995-03-14,21.088,131
1995-03-15,21.204,131
1995-03-16,21.225,131
1995-03-17,21.022,131
1995-03-18,21.097,131
1995-03-19,21.046,131
1995-03-20,21.083,131
1995-03-21,21.15,131
1995-03-22,21.209,131
1995-03-23,21.164,131
1995-03-24,21.192,131
1995-03-25,21.202,131
1995-03-26,21.151,131
1995-03-27,21.143,131
1995-03-28,21.178,131
1995-03-29,21.249,131
1995-03-30,21.332,131
1995-03-31,21.478,131
1995-04-01,21.501,131
1995-04-02,21.362,131
1995-04-03,21.342,131
1995-04-04,21.412,131
1995-04-05,21.535,131
1995-04-06,21.905,131
1995-04-07,22.057,131
1995-04-08,22.056,131
1995-04-09,21.75,131
1995-04-10,21.649,131
1995-04-11,21.699,131
1995-04-12,21.999,131
1995-04-13,22.045,131
1995-04-14,22.271,131
1995-04-15,22.32,131
1995-04-16,22.325,131
1995-04-17,22.448,131
1995-04-18,22.669,131
1995-04-19,22.665,131
1995-04-20,22.632,131
1995-04-21,22.406,131
1995-04-22,22.306,131
1995-04-23,22.255,131
1995-04-24,22.142,131
1995-04-25,21.966,131
1995-04-26,21.935,131
1995-04-27,21.892,131
1995-04-28,21.873,131
1995-04-29,21.808,131
1995-04-30,21.768,131
1995-05-01,21.742,131
1995-05-02,21.8,131
1995-05-03,21.811,131
1995-05-04,21.761,131
1995-05-05,21.67,131
1995-05-06,21.672,131
1995-05-07,21.707,131
1995-05-08,21.99,131
1995-05-09,22.112,131
1995-05-10,22.163,131
1995-05-11,22.239,131
1995-05-12,22.278,131
1995-05-13,22.256,131
1995-05-14,22.216,131
1995-05-15,22.253,131
1995-05-16,22.268,131
1995-05-17,22.502,131
1995-05-18,22.671,131
1995-05-19,22.732,131
1995-05-20,22.935,131
1995-05-21,23.051,131
1995-05-22,23.079,131
1995-05-23,23.085,131
1995-05-24,23.077,131
1995-05-25,23.107,131
1995-05-26,23.052,131
1995-05-27,22.982,131
1995-05-28,22.842,131
1995-05-29,22.872,131
1995-05-30,23.128,131
1995-05-31,23.348,131
1995-06-01,23.428,131
1995-06-02,23.548,131
1995-06-03,23.585,131
1995-06-04,23.625,131
1995-06-05,23.99,131
1995-06-06,24.149,131
1995-06-07,24.276,131
1995-06-08,24.319,131
1995-06-09,24.348,131
1995-06-10,24.354,131
1995-06-11,24.425,131
1995-06-12,24.579,131
1995-06-13,24.722,131
1995-06-14,24.859,131
1995-06-15,24.955,131
1995-06-16,24.992,131
1995-06-17,24.994,131
1995-06-18,25.071,131
1995-06-19,25.15,131
1995-06-20,25.241,131
1995-06-21,25.444,131
1995-06-22,25.669,131
1995-06-23,25.902,131
1995-06-24,26.082,131
1995-06-25,26.15,131
1995-06-26,26.072,131
1995-06-27,26.026,131
1995-06-28,26.047,131
1995-06-29,26.243,131
1995-06-30,26.246,131
1995-07-01,26.234,131
1995-07-02,26.23,131
1995-07-03,26.24,131
1995-07-04,26.3,131
1995-07-05,26.335,131
1995-07-06,26.339,131
1995-07-07,26.387,131
1995-07-08,26.399,131
1995-07-09,26.496,131
1995-07-10,26.57,131
1995-07-11,26.499,131
1995-07-12,26.433,131
1995-07-13,26.434,131
1995-07-14,26.519,131
1995-07-15,26.621,131
1995-07-16,26.652,131
1995-07-17,26.897,131
1995-07-18,27.109,131
1995-07-19,27.141,131
1995-07-20,27.085,131
1995-07-21,26.837,131
1995-07-22,26.706,131
1995-07-23,26.699,131
1995-07-24,26.699,131
1995-07-25,26.597,131
1995-07-26,26.545,131
1995-07-27,26.6,131
1995-07-28,26.657,131
1995-07-29,26.7,131
1995-07-30,26.701,131
1995-07-31,26.645,131
1995-08-01,26.684,131
1995-08-02,26.693,131
1995-08-03,26.663,131
1995-08-04,26.601,131
1995-08-05,26.581,131
1995-08-06,26.626,131
1995-08-07,26.711,131
1995-08-08,26.754,131
1995-08-09,26.764,131
1995-08-10,26.8,131
1995-08-11,26.854,131
1995-08-12,26.838,131
1995-08-13,26.783,131
1995-08-14,26.69,131
1995-08-15,26.681,131
1995-08-16,26.698,131
1995-08-17,26.706,131
1995-08-18,26.732,131
1995-08-19,26.784,131
1995-08-20,26.85,131
1995-08-21,26.852,131
1995-08-22,26.86,131
1995-08-23,26.861,131
1995-08-24,26.861,131
1995-08-25,26.867,131
1995-08-26,26.884,131
1995-08-27,26.927,131
1995-08-28,27.003,131
1995-08-29,27.035,131
1995-08-30,27.029,131
1995-08-31,27.051,131
1995-09-01,27.06,131
1995-09-02,27.123,131
1995-09-03,27.133,131
1995-09-04,27.211,131
1995-09-05,27.317,131
1995-09-06,27.289,131
1995-09-07,27.166,131
1995-09-08,27.153,131
1995-09-09,27.115,131
1995-09-10,27.192,131
1995-09-11,27.31,131
1995-09-12,27.377,131
1995-09-13,27.351,131
1995-09-14,27.244,131
1995-09-15,27.228,131
1995-09-16,27.224,131
1995-09-17,27.266,131
1995-09-18,27.246,131
1995-09-19,27.146,131
1995-09-20,27.148,131
1995-09-21,27.147,131
1995-09-22,27.178,131
1995-09-23,27.23,131
1995-09-24,27.241,131
1995-09-25,27.192,131
1995-09-26,27.165,131
1995-09-27,27.137,131
1995-09-28,27.098,131
1995-09-29,27.135,131
1995-09-30,27.211,131
1995-10-01,27.227,131
1995-10-02,27.146,131
1995-10-03,27.127,131
1995-10-04,27.071,131
1995-10-05,27.009,131
1995-10-06,26.974,131
1995-10-07,26.94,131
1995-10-08,26.888,131
1995-10-09,26.838,131
1995-10-10,26.777,131
1995-10-11,26.743,131
1995-10-12,26.702,131
1995-10-13,26.671,131
1995-10-14,26.662,131
1995-10-15,26.741,131
1995-10-16,26.817,131
1995-10-17,26.777,131
1995-10-18,26.689,131
1995-10-19,26.644,131
1995-10-20,26.636,131
1995-10-21,26.668,131
1995-10-22,26.649,131
1995-10-23,26.635,131
1995-10-24,26.649,131
1995-10-25,26.637,131
1995-10-26,26.54,131
1995-10-27,26.432,131
1995-10-28,26.232,131
1995-10-29,26.146,131
1995-10-30,26.083,131
1995-10-31,25.922,131
1995-11-01,25.863,131
1995-11-02,25.838,131
1995-11-03,25.506,131
1995-11-04,25.36,131
1995-11-05,25.361,131
1995-11-06,25.405,131
1995-11-07,25.421,131
1995-11-08,25.327,131
1995-11-09,25.037,131
1995-11-10,24.826,131
1995-11-11,24.749,131
1995-11-12,24.685,131
1995-11-13,24.618,131
1995-11-14,24.534,131
1995-11-15,24.437,131
1995-11-16,24.502,131
1995-11-17,24.483,131
1995-11-18,24.553,131
1995-11-19,24.549,131
1995-11-20,24.525,131
1995-11-21,24.492,131
1995-11-22,24.365,131
1995-11-23,24.293,131
1995-11-24,24.201,131
1995-11-25,23.945,131
1995-11-26,23.861,131
1995-11-27,23.803,131
1995-11-28,23.772,131
1995-11-29,23.943,131
1995-11-30,23.945,131
1995-12-01,24.081,131
1995-12-02,24.001,131
1995-12-03,23.982,131
1995-12-04,23.942,131
1995-12-05,23.846,131
1995-12-06,23.865,131
1995-12-07,23.823,131
1995-12-08,23.759,131
1995-12-09,23.806,131
1995-12-10,23.817,131
1995-12-11,23.684,131
1995-12-12,23.604,131
1995-12-13,23.55,131
1995-12-14,23.545,131
1995-12-15,23.493,131
1995-12-16,23.413,131
1995-12-17,23.444,131
1995-12-18,23.536,131
1995-12-19,23.617,131
1995-12-20,23.601,131
1995-12-21,23.522,131
1995-12-22,23.429,131
1995-12-23,23.208,131
1995-12-24,23.131,131
1995-12-25,23.172,131
1995-12-26,23.198,131
1995-12-27,23.274,131
1995-12-28,23.177,131
1995-12-29,23.045,131
1995-12-30,22.903,131
1995-12-31,22.769,131
1996-01-01,22.619,131
1996-01-02,22.573,131
1996-01-03,22.59,131
1996-01-04,22.564,131
1996-01-05,22.475,131
1996-01-06,22.462,131
1996-01-07,22.426,131
1996-01-08,22.44,131
1996-01-09,22.273,131
1996-01-10,22.113,131
1996-01-11,21.973,131
1996-01-12,22.015,131
1996-01-13,22.039,131
1996-01-14,22.016,131
1996-01-15,22.018,131
1996-01-16,21.878,131
1996-01-17,21.836,131
1996-01-18,21.82,131
1996-01-19,21.792,131
1996-01-20,21.741,131
1996-01-21,21.906,131
1996-01-22,22.036,131
1996-01-23,22.111,131
1996-01-24,22.009,131
1996-01-25,21.959,131
1996-01-26,21.95,131
1996-01-27,21.979,131
1996-01-28,21.966,131
1996-01-29,21.888,131
1996-01-30,21.886,131
1996-01-31,21.681,131
1996-02-01,21.543,131
1996-02-02,21.638,131
1996-02-03,21.691,131
1996-02-04,21.651,131
1996-02-05,21.597,131
1996-02-06,21.345,131
1996-02-07,21.265,131
1996-02-08,21.264,131
1996-02-09,21.168,131
1996-02-10,21.106,131
1996-02-11,21.113,131
1996-02-12,21.147,131
1996-02-13,21.178,131
1996-02-14,21.173,131
1996-02-15,21.143,131
1996-02-16,21.134,131
1996-02-17,21.084,131
1996-02-18,21.051,131
1996-02-19,21.092,131
1996-02-20,21.083,131
1996-02-21,21.033,131
1996-02-22,20.893,131
1996-02-23,21.005,131
1996-02-24,21.064,131
1996-02-25,21.148,131
1996-02-26,21.154,131
1996-02-27,21.169,131
1996-02-28,21.048,131
1996-02-29,21.114,131
1996-03-01,21.124,131
1996-03-02,21.081,131
1996-03-03,21.013,131
1996-03-04,21.094,131
1996-03-05,21.102,131
1996-03-06,21.064,131
1996-03-07,21.009,131
1996-03-08,21.116,131
1996-03-09,21.504,131
1996-03-10,21.482,131
1996-03-11,21.434,131
1996-03-12,21.414,131
1996-03-13,21.453,131
1996-03-14,21.431,131
1996-03-15,21.258,131
1996-03-16,21.238,131
1996-03-17,21.234,131
1996-03-18,21.182,131
1996-03-19,21.168,131
1996-03-20,21.146,131
1996-03-21,21.094,131
1996-03-22,21.158,131
1996-03-23,21.305,131
1996-03-24,21.298,131
1996-03-25,21.246,131
1996-03-26,21.208,131
1996-03-27,21.284,131
1996-03-28,21.294,131
1996-03-29,21.393,131
1996-03-30,21.417,131
1996-03-31,21.503,131
1996-04-01,21.409,131
1996-04-02,21.491,131
1996-04-03,21.572,131
1996-04-04,21.687,131
1996-04-05,22.034,131
1996-04-06,22.254,131
1996-04-07,22.236,131
1996-04-08,22.094,131
1996-04-09,21.988,131
1996-04-10,21.98,131
1996-04-11,22.112,131
1996-04-12,22.291,131
1996-04-13,22.544,131
1996-04-14,22.712,131
1996-04-15,22.708,131
1996-04-16,22.649,131
1996-04-17,22.402,131
1996-04-18,22.445,131
1996-04-19,22.632,131
1996-04-20,22.901,131
1996-04-21,23.042,131
1996-04-22,23.209,131
1996-04-23,23.384,131
1996-04-24,23.436,131
1996-04-25,23.379,131
1996-04-26,23.266,131
1996-04-27,23.198,131
1996-04-28,23.124,131
1996-04-29,23.024,131
1996-04-30,22.866,131
1996-05-01,22.654,131
1996-05-02,22.496,131
1996-05-03,22.653,131
1996-05-04,22.617,131
1996-05-05,22.558,131
1996-05-06,22.528,131
1996-05-07,22.457,131
1996-05-08,22.435,131
1996-05-09,22.502,131
1996-05-10,22.642,131
1996-05-11,22.959,131
1996-05-12,23.562,131
1996-05-13,24.122,131
1996-05-14,23.917,131
1996-05-15,23.877,131
1996-05-16,23.965,131
1996-05-17,24.088,131
1996-05-18,24.092,131
1996-05-19,24.101,131
1996-05-20,24.281,131
1996-05-21,24.417,131
1996-05-22,24.335,131
1996-05-23,24.311,131
1996-05-24,24.179,131
1996-05-25,24.138,131
1996-05-26,24.472,131
1996-05-27,24.576,131
1996-05-28,24.446,131
1996-05-29,24.406,131
1996-05-30,24.318,131
1996-05-31,24.407,131
1996-06-01,24.73,131
1996-06-02,25.065,131
1996-06-03,25.281,131
1996-06-04,25.345,131
1996-06-05,25.228,131
1996-06-06,25.106,131
1996-06-07,25.06,131
1996-06-08,24.973,131
1996-06-09,24.83,131
1996-06-10,24.734,131
1996-06-11,24.726,131
1996-06-12,24.766,131
1996-06-13,24.873,131
1996-06-14,25.001,131
1996-06-15,25.309,131
1996-06-16,25.825,131
1996-06-17,26.012,131
1996-06-18,25.91,131
1996-06-19,25.949,131
1996-06-20,26.1,131
1996-06-21,26.252,131
1996-06-22,26.221,131
1996-06-23,26.267,131
1996-06-24,26.224,131
1996-06-25,26.18,131
1996-06-26,26.273,131
1996-06-27,26.457,131
1996-06-28,26.526,131
1996-06-29,26.55,131
1996-06-30,26.626,131
1996-07-01,26.513,131
1996-07-02,26.528,131
1996-07-03,26.541,131
1996-07-04,26.528,131
1996-07-05,26.472,131
1996-07-06,26.461,131
1996-07-07,26.412,131
1996-07-08,26.419,131
1996-07-09,26.46,131
1996-07-10,26.502,131
1996-07-11,26.607,131
1996-07-12,26.641,131
1996-07-13,26.703,131
1996-07-14,26.734,131
1996-07-15,26.761,131
1996-07-16,26.72,131
1996-07-17,26.737,131
1996-07-18,26.795,131
1996-07-19,26.646,131
1996-07-20,26.514,131
1996-07-21,26.475,131
1996-07-22,26.508,131
1996-07-23,26.551,131
1996-07-24,26.532,131
1996-07-25,26.645,131
1996-07-26,26.636,131
1996-07-27,26.626,131
1996-07-28,26.686,131
1996-07-29,26.716,131
1996-07-30,26.725,131
1996-07-31,26.862,131
1996-08-01,26.954,131
1996-08-02,26.999,131
1996-08-03,27.001,131
1996-08-04,27.178,131
1996-08-05,27.209,131
1996-08-06,27.219,131
1996-08-07,27.2,131
1996-08-08,27.274,131
1996-08-09,27.31,131
1996-08-10,27.279,131
1996-08-11,27.28,131
1996-08-12,27.384,131
1996-08-13,27.376,131
1996-08-14,27.217,131
1996-08-15,27.237,131
1996-08-16,27.179,131
1996-08-17,27.122,131
1996-08-18,27.139,131
1996-08-19,27.14,131
1996-08-20,27.183,131
1996-08-21,27.259,131
1996-08-22,27.368,131
1996-08-23,27.401,131
1996-08-24,27.375,131
1996-08-25,27.452,131
1996-08-26,27.407,131
1996-08-27,27.386,131
1996-08-28,27.356,131
1996-08-29,27.377,131
1996-08-30,27.38,131
1996-08-31,27.463,131
1996-09-01,27.537,131
1996-09-02,27.585,131
1996-09-03,27.632,131
1996-09-04,27.648,131
1996-09-05,27.679,131
1996-09-06,27.673,131
1996-09-07,27.619,131
1996-09-08,27.578,131
1996-09-09,27.58,131
1996-09-10,27.522,131
1996-09-11,27.422,131
1996-09-12,27.429,131
1996-09-13,27.413,131
1996-09-14,27.47,131
1996-09-15,27.513,131
1996-09-16,27.47,131
1996-09-17,27.386,131
1996-09-18,27.367,131
1996-09-19,27.334,131
1996-09-20,27.378,131
1996-09-21,27.452,131
1996-09-22,27.428,131
1996-09-23,27.356,131
1996-09-24,27.315,131
1996-09-25,27.231,131
1996-09-26,27.087,131
1996-09-27,27.096,131
1996-09-28,27.106,131
1996-09-29,27.048,131
1996-09-30,26.987,131
1996-10-01,26.956,131
1996-10-02,26.839,131
1996-10-03,26.896,131
1996-10-04,26.916,131
1996-10-05,26.946,131
1996-10-06,26.765,131
1996-10-07,26.686,131
1996-10-08,26.597,131
1996-10-09,26.394,131
1996-10-10,26.354,131
1996-10-11,26.304,131
1996-10-12,26.353,131
1996-10-13,26.38,131
1996-10-14,26.385,131
1996-10-15,26.252,131
1996-10-16,26.24,131
1996-10-17,26.257,131
1996-10-18,26.214,131
1996-10-19,26.122,131
1996-10-20,26.084,131
1996-10-21,26.029,131
1996-10-22,26.031,131
1996-10-23,26.061,131
1996-10-24,26.049,131
1996-10-25,25.941,131
1996-10-26,25.688,131
1996-10-27,25.484,131
1996-10-28,25.37,131
1996-10-29,25.283,131
1996-10-30,25.189,131
1996-10-31,24.901,131
1996-11-01,24.875,131
1996-11-02,24.839,131
1996-11-03,24.659,131
1996-11-04,24.491,131
1996-11-05,24.486,131
1996-11-06,24.532,131
1996-11-07,24.469,131
1996-11-08,24.43,131
1996-11-09,24.304,131
1996-11-10,24.329,131
1996-11-11,23.996,131
1996-11-12,23.813,131
1996-11-13,23.738,131
1996-11-14,23.646,131
1996-11-15,23.653,131
1996-11-16,23.48,131
1996-11-17,23.271,131
1996-11-18,23.199,131
1996-11-19,23.21,131
1996-11-20,23.204,131
1996-11-21,23.182,131
1996-11-22,23.186,131
1996-11-23,23.197,131
1996-11-24,23.198,131
1996-11-25,23.199,131
1996-11-26,23.276,131
1996-11-27,23.162,131
1996-11-28,23.111,131
1996-11-29,23.059,131
1996-11-30,23.242,131
1996-12-01,23.325,131
1996-12-02,23.338,131
1996-12-03,23.457,131
1996-12-04,23.406,131
1996-12-05,23.47,131
1996-12-06,23.28,131
1996-12-07,23.229,131
1996-12-08,22.966,131
1996-12-09,22.844,131
1996-12-10,22.73,131
1996-12-11,22.792,131
1996-12-12,22.76,131
1996-12-13,22.798,131
1996-12-14,22.719,131
1996-12-15,22.456,131
1996-12-16,22.38,131
1996-12-17,22.34,131
1996-12-18,22.243,131
1996-12-19,22.13,131
1996-12-20,22.052,131
1996-12-21,21.968,131
1996-12-22,21.903,131
1996-12-23,21.808,131
1996-12-24,21.671,131
1996-12-25,21.666,131
1996-12-26,21.654,131
1996-12-27,21.57,131
1996-12-28,21.4,131
1996-12-29,21.295,131
1996-12-30,21.161,131
1996-12-31,21.131,131
1997-01-01,21.235,131
1997-01-02,21.246,131
1997-01-03,21.114,131
1997-01-04,21.111,131
1997-01-05,21.148,131
1997-01-06,20.98,131
1997-01-07,20.942,131
1997-01-08,20.858,131
1997-01-09,20.858,131
1997-01-10,20.904,131
1997-01-11,20.954,131
1997-01-12,20.941,131
1997-01-13,20.851,131
1997-01-14,20.908,131
1997-01-15,20.831,131
1997-01-16,20.689,131
1997-01-17,20.652,131
1997-01-18,20.632,131
1997-01-19,20.654,131
1997-01-20,20.578,131
1997-01-21,20.554,131
1997-01-22,20.491,131
1997-01-23,20.451,131
1997-01-24,20.469,131
1997-01-25,20.505,131
1997-01-26,20.432,131
1997-01-27,20.472,131
1997-01-28,20.392,131
1997-01-29,20.267,131
1997-01-30,20.31,131
1997-01-31,20.301,131
1997-02-01,20.437,131
1997-02-02,20.581,131
1997-02-03,20.599,131
1997-02-04,20.583,131
1997-02-05,20.512,131
1997-02-06,20.583,131
1997-02-07,20.645,131
1997-02-08,20.657,131
1997-02-09,20.648,131
1997-02-10,20.686,131
1997-02-11,20.669,131
1997-02-12,20.862,131
1997-02-13,20.929,131
1997-02-14,21.002,131
1997-02-15,20.956,131
1997-02-16,20.94,131
1997-02-17,20.899,131
1997-02-18,20.863,131
1997-02-19,20.889,131
1997-02-20,20.939,131
1997-02-21,20.977,131
1997-02-22,20.903,131
1997-02-23,20.86,131
1997-02-24,20.86,131
1997-02-25,20.83,131
1997-02-26,20.861,131
1997-02-27,20.959,131
1997-02-28,21,131
1997-03-01,21.031,131
1997-03-02,20.976,131
1997-03-03,20.921,131
1997-03-04,20.863,131
1997-03-05,20.981,131
1997-03-06,20.998,131
1997-03-07,21.164,131
1997-03-08,21.303,131
1997-03-09,21.386,131
1997-03-10,21.292,131
1997-03-11,21.076,131
1997-03-12,21.015,131
1997-03-13,20.963,131
1997-03-14,21.093,131
1997-03-15,21.174,131
1997-03-16,21.137,131
1997-03-17,21.091,131
1997-03-18,21.036,131
1997-03-19,21.031,131
1997-03-20,21.167,131
1997-03-21,21.218,131
1997-03-22,21.207,131
1997-03-23,21.062,131
1997-03-24,20.824,131
1997-03-25,20.831,131
1997-03-26,20.878,131
1997-03-27,21.01,131
1997-03-28,21.037,131
1997-03-29,21.179,131
1997-03-30,21.096,131
1997-03-31,21.145,131
1997-04-01,21.065,131
1997-04-02,20.918,131
1997-04-03,20.778,131
1997-04-04,20.791,131
1997-04-05,20.918,131
1997-04-06,21.053,131
1997-04-07,21.139,131
1997-04-08,21.168,131
1997-04-09,21.039,131
1997-04-10,20.991,131
1997-04-11,21.261,131
1997-04-12,21.753,131
1997-04-13,21.764,131
1997-04-14,21.743,131
1997-04-15,22.006,131
1997-04-16,22.096,131
1997-04-17,22.176,131
1997-04-18,21.972,131
1997-04-19,21.915,131
1997-04-20,21.733,131
1997-04-21,21.551,131
1997-04-22,21.554,131
1997-04-23,21.409,131
1997-04-24,21.31,131
1997-04-25,21.31,131
1997-04-26,21.476,131
1997-04-27,21.562,131
1997-04-28,21.755,131
1997-04-29,21.913,131
1997-04-30,21.801,131
1997-05-01,21.621,131
1997-05-02,21.526,131
1997-05-03,21.532,131
1997-05-04,21.446,131
1997-05-05,21.451,131
1997-05-06,21.534,131
1997-05-07,21.615,131
1997-05-08,21.599,131
1997-05-09,21.644,131
1997-05-10,21.662,131
1997-05-11,21.618,131
1997-05-12,21.662,131
1997-05-13,21.667,131
1997-05-14,21.807,131
1997-05-15,21.823,131
1997-05-16,21.988,131
1997-05-17,22.006,131
1997-05-18,22.048,131
1997-05-19,22.186,131
1997-05-20,22.339,131
1997-05-21,22.362,131
1997-05-22,22.376,131
1997-05-23,22.414,131
1997-05-24,22.376,131
1997-05-25,22.438,131
1997-05-26,22.65,131
1997-05-27,22.823,131
1997-05-28,22.987,131
1997-05-29,23.098,131
1997-05-30,23.132,131
1997-05-31,23.15,131
1997-06-01,23.178,131
1997-06-02,23.458,131
1997-06-03,23.508,131
1997-06-04,23.625,131
1997-06-05,23.689,131
1997-06-06,23.726,131
1997-06-07,24.099,131
1997-06-08,24.286,131
1997-06-09,24.384,131
1997-06-10,24.449,131
1997-06-11,24.569,131
1997-06-12,24.667,131
1997-06-13,24.772,131
1997-06-14,24.922,131
1997-06-15,25.041,131
1997-06-16,25.149,131
1997-06-17,25.131,131
1997-06-18,25.07,131
1997-06-19,25.065,131
1997-06-20,25.109,131
1997-06-21,25.03,131
1997-06-22,25.057,131
1997-06-23,25.246,131
1997-06-24,25.461,131
1997-06-25,25.549,131
1997-06-26,25.799,131
1997-06-27,25.793,131
1997-06-28,25.84,131
1997-06-29,25.873,131
1997-06-30,25.873,131
1997-07-01,25.84,131
1997-07-02,25.846,131
1997-07-03,25.824,131
1997-07-04,25.804,131
1997-07-05,25.825,131
1997-07-06,26.016,131
1997-07-07,26.062,131
1997-07-08,26.103,131
1997-07-09,26.197,131
1997-07-10,26.233,131
1997-07-11,26.299,131
1997-07-12,26.307,131
1997-07-13,26.271,131
1997-07-14,26.296,131
1997-07-15,26.248,131
1997-07-16,26.152,131
1997-07-17,26.207,131
1997-07-18,26.187,131
1997-07-19,26.186,131
1997-07-20,26.149,131
1997-07-21,26.189,131
1997-07-22,26.31,131
1997-07-23,26.397,131
1997-07-24,26.475,131
1997-07-25,26.386,131
1997-07-26,26.322,131
1997-07-27,26.275,131
1997-07-28,26.075,131
1997-07-29,26.28,131
1997-07-30,26.394,131
1997-07-31,26.466,131
1997-08-01,26.758,131
1997-08-02,27.006,131
1997-08-03,27.306,131
1997-08-04,27.49,131
1997-08-05,27.602,131
1997-08-06,27.644,131
1997-08-07,27.549,131
1997-08-08,27.58,131
1997-08-09,27.479,131
1997-08-10,27.694,131
1997-08-11,27.818,131
1997-08-12,27.934,131
1997-08-13,27.961,131
1997-08-14,27.919,131
1997-08-15,27.935,131
1997-08-16,27.824,131
1997-08-17,27.73,131
1997-08-18,27.719,131
1997-08-19,27.701,131
1997-08-20,27.709,131
1997-08-21,27.652,131
1997-08-22,27.597,131
1997-08-23,27.501,131
1997-08-24,27.391,131
1997-08-25,27.39,131
1997-08-26,27.572,131
1997-08-27,27.754,131
1997-08-28,27.823,131
1997-08-29,27.819,131
1997-08-30,27.994,131
1997-08-31,28.121,131
1997-09-01,28.032,131
1997-09-02,27.98,131
1997-09-03,28.012,131
1997-09-04,28.106,131
1997-09-05,28.103,131
1997-09-06,28.032,131
1997-09-07,27.956,131
1997-09-08,27.942,131
1997-09-09,27.957,131
1997-09-10,27.991,131
1997-09-11,27.953,131
1997-09-12,27.965,131
1997-09-13,27.898,131
1997-09-14,27.828,131
1997-09-15,27.712,131
1997-09-16,27.742,131
1997-09-17,27.643,131
1997-09-18,27.425,131
1997-09-19,27.449,131
1997-09-20,27.413,131
1997-09-21,27.417,131
1997-09-22,27.361,131
1997-09-23,27.302,131
1997-09-24,27.323,131
1997-09-25,27.292,131
1997-09-26,27.348,131
1997-09-27,27.304,131
1997-09-28,27.403,131
1997-09-29,27.347,131
1997-09-30,27.35,131
1997-10-01,27.302,131
1997-10-02,27.269,131
1997-10-03,27.257,131
1997-10-04,27.201,131
1997-10-05,27.229,131
1997-10-06,27.037,131
1997-10-07,26.919,131
1997-10-08,26.934,131
1997-10-09,26.848,131
1997-10-10,26.832,131
1997-10-11,26.594,131
1997-10-12,26.551,131
1997-10-13,26.571,131
1997-10-14,26.67,131
1997-10-15,26.682,131
1997-10-16,26.74,131
1997-10-17,26.66,131
1997-10-18,26.662,131
1997-10-19,26.672,131
1997-10-20,26.633,131
1997-10-21,26.499,131
1997-10-22,26.272,131
1997-10-23,26.188,131
1997-10-24,26.16,131
1997-10-25,26.081,131
1997-10-26,26.092,131
1997-10-27,26.034,131
1997-10-28,26.118,131
1997-10-29,26.088,131
1997-10-30,26.059,131
1997-10-31,25.907,131
1997-11-01,25.634,131
1997-11-02,25.47,131
1997-11-03,25.409,131
1997-11-04,25.358,131
1997-11-05,25.334,131
1997-11-06,25.308,131
1997-11-07,25.333,131
1997-11-08,25.326,131
1997-11-09,25.23,131
1997-11-10,25.179,131
1997-11-11,25.201,131
1997-11-12,25.187,131
1997-11-13,25.107,131
1997-11-14,24.961,131
1997-11-15,24.976,131
1997-11-16,24.931,131
1997-11-17,24.795,131
1997-11-18,24.605,131
1997-11-19,24.571,131
1997-11-20,24.376,131
1997-11-21,24.31,131
1997-11-22,24.194,131
1997-11-23,24.144,131
1997-11-24,24.098,131
1997-11-25,24.001,131
1997-11-26,23.973,131
1997-11-27,23.907,131
1997-11-28,23.791,131
1997-11-29,23.707,131
1997-11-30,23.618,131
1997-12-01,23.581,131
1997-12-02,23.47,131
1997-12-03,23.357,131
1997-12-04,23.344,131
1997-12-05,23.345,131
1997-12-06,23.327,131
1997-12-07,23.228,131
1997-12-08,23.21,131
1997-12-09,23.149,131
1997-12-10,23.024,131
1997-12-11,22.944,131
1997-12-12,22.879,131
1997-12-13,22.902,131
1997-12-14,22.92,131
1997-12-15,22.889,131
1997-12-16,22.866,131
1997-12-17,22.947,131
1997-12-18,22.87,131
1997-12-19,22.894,131
1997-12-20,22.884,131
1997-12-21,22.833,131
1997-12-22,22.835,131
1997-12-23,22.801,131
1997-12-24,22.765,131
1997-12-25,22.752,131
1997-12-26,22.762,131
1997-12-27,22.727,131
1997-12-28,22.658,131
1997-12-29,22.502,131
1997-12-30,22.336,131
1997-12-31,22.306,131
1998-01-01,22.27,131
1998-01-02,22.164,131
1998-01-03,22.039,131
1998-01-04,21.92,131
1998-01-05,21.72,131
1998-01-06,21.66,131
1998-01-07,21.669,131
1998-01-08,21.684,131
1998-01-09,21.612,131
1998-01-10,21.551,131
1998-01-11,21.669,131
1998-01-12,21.687,131
1998-01-13,21.654,131
1998-01-14,21.637,131
1998-01-15,21.613,131
1998-01-16,21.451,131
1998-01-17,21.358,131
1998-01-18,21.328,131
1998-01-19,21.317,131
1998-01-20,21.401,131
1998-01-21,21.375,131
1998-01-22,21.337,131
1998-01-23,21.134,131
1998-01-24,20.962,131
1998-01-25,21.01,131
1998-01-26,20.951,131
1998-01-27,20.991,131
1998-01-28,20.89,131
1998-01-29,20.934,131
1998-01-30,20.998,131
1998-01-31,20.919,131
1998-02-01,20.862,131
1998-02-02,20.836,131
1998-02-03,20.832,131
1998-02-04,20.84,131
1998-02-05,20.759,131
1998-02-06,20.823,131
1998-02-07,20.895,131
1998-02-08,20.86,131
1998-02-09,20.943,131
1998-02-10,20.83,131
1998-02-11,20.753,131
1998-02-12,20.653,131
1998-02-13,20.585,131
1998-02-14,20.552,131
1998-02-15,20.615,131
1998-02-16,20.702,131
1998-02-17,20.767,131
1998-02-18,20.986,131
1998-02-19,20.942,131
1998-02-20,20.953,131
1998-02-21,20.756,131
1998-02-22,20.674,131
1998-02-23,20.747,131
1998-02-24,20.97,131
1998-02-25,21,131
1998-02-26,21.033,131
1998-02-27,21.076,131
1998-02-28,21.164,131
1998-03-01,21.379,131
1998-03-02,21.42,131
1998-03-03,21.355,131
1998-03-04,21.363,131
1998-03-05,21.352,131
1998-03-06,21.382,131
1998-03-07,21.415,131
1998-03-08,21.394,131
1998-03-09,21.34,131
1998-03-10,21.379,131
1998-03-11,21.395,131
1998-03-12,21.414,131
1998-03-13,21.237,131
1998-03-14,21.304,131
1998-03-15,21.487,131
1998-03-16,21.734,131
1998-03-17,21.691,131
1998-03-18,21.878,131
1998-03-19,21.933,131
1998-03-20,21.899,131
1998-03-21,21.888,131
1998-03-22,21.324,131
1998-03-23,21.156,131
1998-03-24,21.262,131
1998-03-25,21.425,131
1998-03-26,21.52,131
1998-03-27,21.647,131
1998-03-28,21.706,131
1998-03-29,21.613,131
1998-03-30,21.716,131
1998-03-31,21.766,131
1998-04-01,21.815,131
1998-04-02,21.877,131
1998-04-03,21.903,131
1998-04-04,21.947,131
1998-04-05,22.041,131
1998-04-06,22.162,131
1998-04-07,22.283,131
1998-04-08,22.227,131
1998-04-09,22.197,131
1998-04-10,22.212,131
1998-04-11,22.249,131
1998-04-12,22.182,131
1998-04-13,22.344,131
1998-04-14,22.439,131
1998-04-15,22.408,131
1998-04-16,22.388,131
1998-04-17,22.446,131
1998-04-18,22.535,131
1998-04-19,22.58,131
1998-04-20,22.627,131
1998-04-21,22.739,131
1998-04-22,22.79,131
1998-04-23,22.844,131
1998-04-24,22.878,131
1998-04-25,22.856,131
1998-04-26,22.761,131
1998-04-27,22.655,131
1998-04-28,22.564,131
1998-04-29,22.509,131
1998-04-30,22.493,131
1998-05-01,22.521,131
1998-05-02,22.629,131
1998-05-03,22.59,131
1998-05-04,22.653,131
1998-05-05,22.666,131
1998-05-06,22.642,131
1998-05-07,22.631,131
1998-05-08,22.669,131
1998-05-09,22.667,131
1998-05-10,22.654,131
1998-05-11,22.727,131
1998-05-12,22.836,131
1998-05-13,22.931,131
1998-05-14,23.133,131
1998-05-15,23.099,131
1998-05-16,23.055,131
1998-05-17,23.168,131
1998-05-18,23.246,131
1998-05-19,23.232,131
1998-05-20,23.251,131
1998-05-21,23.243,131
1998-05-22,23.314,131
1998-05-23,23.436,131
1998-05-24,23.515,131
1998-05-25,23.605,131
1998-05-26,23.736,131
1998-05-27,24.059,131
1998-05-28,24.251,131
1998-05-29,24.308,131
1998-05-30,24.291,131
1998-05-31,23.958,131
1998-06-01,24.021,131
1998-06-02,24.118,131
1998-06-03,24.127,131
1998-06-04,24.13,131
1998-06-05,24.264,131
1998-06-06,24.618,131
1998-06-07,24.826,131
1998-06-08,24.853,131
1998-06-09,24.921,131
1998-06-10,25.042,131
1998-06-11,25.04,131
1998-06-12,25.101,131
1998-06-13,25.235,131
1998-06-14,25.263,131
1998-06-15,25.339,131
1998-06-16,25.368,131
1998-06-17,25.36,131
1998-06-18,25.441,131
1998-06-19,25.454,131
1998-06-20,25.514,131
1998-06-21,25.55,131
1998-06-22,25.481,131
1998-06-23,25.46,131
1998-06-24,25.504,131
1998-06-25,25.555,131
1998-06-26,25.556,131
1998-06-27,25.541,131
1998-06-28,25.472,131
1998-06-29,25.464,131
1998-06-30,25.529,131
1998-07-01,25.694,131
1998-07-02,25.811,131
1998-07-03,25.87,131
1998-07-04,25.873,131
1998-07-05,25.861,131
1998-07-06,25.808,131
1998-07-07,25.794,131
1998-07-08,25.724,131
1998-07-09,25.76,131
1998-07-10,25.724,131
1998-07-11,25.7,131
1998-07-12,25.734,131
1998-07-13,25.724,131
1998-07-14,25.713,131
1998-07-15,25.686,131
1998-07-16,25.693,131
1998-07-17,25.678,131
1998-07-18,25.742,131
1998-07-19,25.763,131
1998-07-20,25.827,131
1998-07-21,25.889,131
1998-07-22,25.899,131
1998-07-23,26.005,131
1998-07-24,26.038,131
1998-07-25,26.154,131
1998-07-26,26.308,131
1998-07-27,26.255,131
1998-07-28,26.267,131
1998-07-29,26.209,131
1998-07-30,26.188,131
1998-07-31,26.19,131
1998-08-01,26.141,131
1998-08-02,26.085,131
1998-08-03,26.11,131
1998-08-04,26.093,131
1998-08-05,26.103,131
1998-08-06,26.099,131
1998-08-07,26.084,131
1998-08-08,26.075,131
1998-08-09,26.105,131
1998-08-10,26.118,131
1998-08-11,26.091,131
1998-08-12,26.143,131
1998-08-13,26.155,131
1998-08-14,26.162,131
1998-08-15,26.192,131
1998-08-16,26.195,131
1998-08-17,26.194,131
1998-08-18,26.258,131
1998-08-19,26.3,131
1998-08-20,26.355,131
1998-08-21,26.311,131
1998-08-22,26.274,131
1998-08-23,26.259,131
1998-08-24,26.256,131
1998-08-25,26.202,131
1998-08-26,26.193,131
1998-08-27,26.158,131
1998-08-28,26.179,131
1998-08-29,26.196,131
1998-08-30,26.359,131
1998-08-31,26.427,131
1998-09-01,26.513,131
1998-09-02,26.472,131
1998-09-03,26.411,131
1998-09-04,26.452,131
1998-09-05,26.407,131
1998-09-06,26.367,131
1998-09-07,26.37,131
1998-09-08,26.534,131
1998-09-09,26.768,131
1998-09-10,26.758,131
1998-09-11,26.946,131
1998-09-12,26.979,131
1998-09-13,26.967,131
1998-09-14,26.835,131
1998-09-15,26.764,131
1998-09-16,26.838,131
1998-09-17,26.866,131
1998-09-18,26.9,131
1998-09-19,26.81,131
1998-09-20,26.903,131
1998-09-21,26.981,131
1998-09-22,27.115,131
1998-09-23,27.054,131
1998-09-24,26.926,131
1998-09-25,26.738,131
1998-09-26,26.73,131
1998-09-27,26.721,131
1998-09-28,26.78,131
1998-09-29,26.631,131
1998-09-30,26.572,131
1998-10-01,26.567,131
1998-10-02,26.557,131
1998-10-03,26.583,131
1998-10-04,26.602,131
1998-10-05,26.663,131
1998-10-06,26.593,131
1998-10-07,26.602,131
1998-10-08,26.594,131
1998-10-09,26.556,131
1998-10-10,26.515,131
1998-10-11,26.451,131
1998-10-12,26.431,131
1998-10-13,26.473,131
1998-10-14,26.56,131
1998-10-15,26.492,131
1998-10-16,26.455,131
1998-10-17,26.448,131
1998-10-18,26.474,131
1998-10-19,26.433,131
1998-10-20,26.34,131
1998-10-21,26.325,131
1998-10-22,26.342,131
1998-10-23,26.446,131
1998-10-24,26.384,131
1998-10-25,26.332,131
1998-10-26,26.305,131
1998-10-27,26.301,131
1998-10-28,26.319,131
1998-10-29,26.266,131
1998-10-30,26.237,131
1998-10-31,26.355,131
1998-11-01,26.363,131
1998-11-02,26.315,131
1998-11-03,26.199,131
1998-11-04,26.14,131
1998-11-05,26.029,131
1998-11-06,26.055,131
1998-11-07,26.006,131
1998-11-08,25.878,131
1998-11-09,25.835,131
1998-11-10,25.659,131
1998-11-11,25.511,131
1998-11-12,25.485,131
1998-11-13,25.408,131
1998-11-14,25.368,131
1998-11-15,25.343,131
1998-11-16,25.307,131
1998-11-17,25.183,131
1998-11-18,25.025,131
1998-11-19,25.007,131
1998-11-20,24.995,131
1998-11-21,24.979,131
1998-11-22,24.917,131
1998-11-23,24.851,131
1998-11-24,24.781,131
1998-11-25,24.758,131
1998-11-26,24.778,131
1998-11-27,24.786,131
1998-11-28,24.758,131
1998-11-29,24.662,131
1998-11-30,24.645,131
1998-12-01,24.601,131
1998-12-02,24.545,131
1998-12-03,24.485,131
1998-12-04,24.445,131
1998-12-05,24.482,131
1998-12-06,24.542,131
1998-12-07,24.506,131
1998-12-08,24.359,131
1998-12-09,24.235,131
1998-12-10,24.26,131
1998-12-11,24.218,131
1998-12-12,24.245,131
1998-12-13,24.192,131
1998-12-14,24.023,131
1998-12-15,23.943,131
1998-12-16,23.928,131
1998-12-17,23.927,131
1998-12-18,23.952,131
1998-12-19,23.99,131
1998-12-20,23.978,131
1998-12-21,23.972,131
1998-12-22,23.856,131
1998-12-23,23.769,131
1998-12-24,23.762,131
1998-12-25,23.818,131
1998-12-26,23.766,131
1998-12-27,23.658,131
1998-12-28,23.616,131
1998-12-29,23.436,131
1998-12-30,23.254,131
1998-12-31,23.219,131
1999-01-01,23.191,131
1999-01-02,23.192,131
1999-01-03,23.183,131
1999-01-04,23.1,131
1999-01-05,23.1,131
1999-01-06,23.041,131
1999-01-07,22.878,131
1999-01-08,22.753,131
1999-01-09,22.81,131
1999-01-10,22.875,131
1999-01-11,22.84,131
1999-01-12,22.93,131
1999-01-13,22.92,131
1999-01-14,22.951,131
1999-01-15,22.953,131
1999-01-16,22.947,131
1999-01-17,22.865,131
1999-01-18,22.924,131
1999-01-19,22.938,131
1999-01-20,22.864,131
1999-01-21,22.69,131
1999-01-22,22.589,131
1999-01-23,22.539,131
1999-01-24,22.556,131
1999-01-25,22.48,131
1999-01-26,22.398,131
1999-01-27,22.442,131
1999-01-28,22.555,131
1999-01-29,22.635,131
1999-01-30,22.692,131
1999-01-31,22.715,131
1999-02-01,22.705,131
1999-02-02,22.693,131
1999-02-03,22.687,131
1999-02-04,22.661,131
1999-02-05,22.651,131
1999-02-06,22.653,131
1999-02-07,22.72,131
1999-02-08,22.722,131
1999-02-09,22.881,131
1999-02-10,22.962,131
1999-02-11,22.89,131
1999-02-12,22.804,131
1999-02-13,22.76,131
1999-02-14,22.764,131
1999-02-15,22.916,131
1999-02-16,22.899,131
1999-02-17,22.964,131
1999-02-18,22.786,131
1999-02-19,22.759,131
1999-02-20,22.562,131
1999-02-21,22.563,131
1999-02-22,22.823,131
1999-02-23,22.954,131
1999-02-24,22.971,131
1999-02-25,22.854,131
1999-02-26,22.715,131
1999-02-27,22.592,131
1999-02-28,22.569,131
1999-03-01,22.304,131
1999-03-02,22.367,131
1999-03-03,22.435,131
1999-03-04,22.553,131
1999-03-05,22.522,131
1999-03-06,22.449,131
1999-03-07,22.407,131
1999-03-08,22.382,131
1999-03-09,22.403,131
1999-03-10,22.507,131
1999-03-11,22.449,131
1999-03-12,22.484,131
1999-03-13,22.583,131
1999-03-14,22.595,131
1999-03-15,22.677,131
1999-03-16,22.661,131
1999-03-17,22.582,131
1999-03-18,22.589,131
1999-03-19,22.653,131
1999-03-20,22.579,131
1999-03-21,22.585,131
1999-03-22,22.579,131
1999-03-23,22.599,131
1999-03-24,22.638,131
1999-03-25,22.774,131
1999-03-26,22.805,131
1999-03-27,22.652,131
1999-03-28,22.738,131
1999-03-29,22.825,131
1999-03-30,22.867,131
1999-03-31,22.887,131
1999-04-01,22.96,131
1999-04-02,22.844,131
1999-04-03,22.756,131
1999-04-04,22.633,131
1999-04-05,22.591,131
1999-04-06,22.676,131
1999-04-07,22.698,131
1999-04-08,22.738,131
1999-04-09,22.793,131
1999-04-10,22.837,131
1999-04-11,22.917,131
1999-04-12,22.931,131
1999-04-13,22.861,131
1999-04-14,22.812,131
1999-04-15,22.801,131
1999-04-16,22.984,131
1999-04-17,23.37,131
1999-04-18,23.478,131
1999-04-19,23.495,131
1999-04-20,23.426,131
1999-04-21,23.384,131
1999-04-22,23.303,131
1999-04-23,23.335,131
1999-04-24,23.414,131
1999-04-25,23.266,131
1999-04-26,23.309,131
1999-04-27,23.2,131
1999-04-28,23.281,131
1999-04-29,23.301,131
1999-04-30,23.198,131
1999-05-01,23.204,131
1999-05-02,23.424,131
1999-05-03,23.438,131
1999-05-04,23.427,131
1999-05-05,23.538,131
1999-05-06,23.62,131
1999-05-07,23.636,131
1999-05-08,23.753,131
1999-05-09,23.857,131
1999-05-10,23.839,131
1999-05-11,23.856,131
1999-05-12,23.844,131
1999-05-13,23.898,131
1999-05-14,23.913,131
1999-05-15,23.801,131
1999-05-16,23.757,131
1999-05-17,23.787,131
1999-05-18,23.903,131
1999-05-19,24.023,131
1999-05-20,24.052,131
1999-05-21,24.277,131
1999-05-22,24.491,131
1999-05-23,24.552,131
1999-05-24,24.772,131
1999-05-25,24.82,131
1999-05-26,24.775,131
1999-05-27,24.705,131
1999-05-28,24.684,131
1999-05-29,24.676,131
1999-05-30,24.402,131
1999-05-31,24.157,131
1999-06-01,24.241,131
1999-06-02,24.234,131
1999-06-03,24.32,131
1999-06-04,24.43,131
1999-06-05,24.586,131
1999-06-06,24.688,131
1999-06-07,24.75,131
1999-06-08,24.753,131
1999-06-09,24.783,131
1999-06-10,24.801,131
1999-06-11,24.871,131
1999-06-12,25.103,131
1999-06-13,25.298,131
1999-06-14,25.384,131
1999-06-15,25.462,131
1999-06-16,25.53,131
1999-06-17,25.51,131
1999-06-18,25.567,131
1999-06-19,25.566,131
1999-06-20,25.625,131
1999-06-21,25.922,131
1999-06-22,26.014,131
1999-06-23,25.983,131
1999-06-24,25.91,131
1999-06-25,25.886,131
1999-06-26,25.957,131
1999-06-27,25.98,131
1999-06-28,26.046,131
1999-06-29,26.002,131
1999-06-30,26.082,131
1999-07-01,26.046,131
1999-07-02,26.082,131
1999-07-03,26.149,131
1999-07-04,26.157,131
1999-07-05,26.125,131
1999-07-06,26.077,131
1999-07-07,26.067,131
1999-07-08,26.021,131
1999-07-09,26.036,131
1999-07-10,26.066,131
1999-07-11,26.32,131
1999-07-12,26.46,131
1999-07-13,26.424,131
1999-07-14,26.337,131
1999-07-15,26.303,131
1999-07-16,26.299,131
1999-07-17,26.336,131
1999-07-18,26.353,131
1999-07-19,26.348,131
1999-07-20,26.339,131
1999-07-21,26.361,131
1999-07-22,26.381,131
1999-07-23,26.381,131
1999-07-24,26.402,131
1999-07-25,26.406,131
1999-07-26,26.383,131
1999-07-27,26.458,131
1999-07-28,26.511,131
1999-07-29,26.462,131
1999-07-30,26.364,131
1999-07-31,26.45,131
1999-08-01,26.534,131
1999-08-02,26.561,131
1999-08-03,26.52,131
1999-08-04,26.511,131
1999-08-05,26.715,131
1999-08-06,26.965,131
1999-08-07,27.14,131
1999-08-08,27.119,131
1999-08-09,27.014,131
1999-08-10,27.046,131
1999-08-11,26.936,131
1999-08-12,26.87,131
1999-08-13,26.831,131
1999-08-14,26.826,131
1999-08-15,26.818,131
1999-08-16,26.817,131
1999-08-17,26.876,131
1999-08-18,26.876,131
1999-08-19,26.982,131
1999-08-20,27.089,131
1999-08-21,27.173,131
1999-08-22,27.15,131
1999-08-23,27.135,131
1999-08-24,27.076,131
1999-08-25,27.057,131
1999-08-26,27.009,131
1999-08-27,26.993,131
1999-08-28,27,131
1999-08-29,27.022,131
1999-08-30,27.044,131
1999-08-31,27.033,131
1999-09-01,27.053,131
1999-09-02,27.109,131
1999-09-03,27.026,131
1999-09-04,27.008,131
1999-09-05,27.052,131
1999-09-06,27.075,131
1999-09-07,27.113,131
1999-09-08,27.095,131
1999-09-09,27.069,131
1999-09-10,27.055,131
1999-09-11,27.047,131
1999-09-12,27.056,131
1999-09-13,27.153,131
1999-09-14,27.201,131
1999-09-15,27.261,131
1999-09-16,27.282,131
1999-09-17,27.387,131
1999-09-18,27.404,131
1999-09-19,27.511,131
1999-09-20,27.676,131
1999-09-21,27.596,131
1999-09-22,27.477,131
1999-09-23,27.357,131
1999-09-24,27.41,131
1999-09-25,27.215,131
1999-09-26,27.139,131
1999-09-27,27.161,131
1999-09-28,27.136,131
1999-09-29,27.142,131
1999-09-30,27.128,131
1999-10-01,27.077,131
1999-10-02,26.866,131
1999-10-03,26.874,131
1999-10-04,26.873,131
1999-10-05,26.923,131
1999-10-06,26.887,131
1999-10-07,26.897,131
1999-10-08,26.897,131
1999-10-09,26.873,131
1999-10-10,26.817,131
1999-10-11,26.77,131
1999-10-12,26.707,131
1999-10-13,26.789,131
1999-10-14,26.776,131
1999-10-15,26.704,131
1999-10-16,26.717,131
1999-10-17,26.662,131
1999-10-18,26.484,131
1999-10-19,26.249,131
1999-10-20,26.177,131
1999-10-21,26.08,131
1999-10-22,25.955,131
1999-10-23,25.886,131
1999-10-24,25.987,131
1999-10-25,26.084,131
1999-10-26,26.236,131
1999-10-27,26.177,131
1999-10-28,26.085,131
1999-10-29,26.004,131
1999-10-30,25.982,131
1999-10-31,25.886,131
1999-11-01,25.87,131
1999-11-02,25.803,131
1999-11-03,25.715,131
1999-11-04,25.526,131
1999-11-05,25.433,131
1999-11-06,25.36,131
1999-11-07,25.315,131
1999-11-08,25.365,131
1999-11-09,25.36,131
1999-11-10,25.363,131
1999-11-11,25.386,131
1999-11-12,25.357,131
1999-11-13,25.319,131
1999-11-14,25.308,131
1999-11-15,25.268,131
1999-11-16,25.219,131
1999-11-17,25.19,131
1999-11-18,25.172,131
1999-11-19,25.211,131
1999-11-20,25.208,131
1999-11-21,25.174,131
1999-11-22,25.181,131
1999-11-23,25.206,131
1999-11-24,25.222,131
1999-11-25,25.047,131
1999-11-26,24.921,131
1999-11-27,24.86,131
1999-11-28,24.677,131
1999-11-29,24.631,131
1999-11-30,24.576,131
1999-12-01,24.562,131
1999-12-02,24.539,131
1999-12-03,24.535,131
1999-12-04,24.517,131
1999-12-05,24.491,131
1999-12-06,24.528,131
1999-12-07,24.504,131
1999-12-08,24.451,131
1999-12-09,24.448,131
1999-12-10,24.45,131
1999-12-11,24.449,131
1999-12-12,24.461,131
1999-12-13,24.428,131
1999-12-14,24.376,131
1999-12-15,24.33,131
1999-12-16,24.345,131
1999-12-17,24.229,131
1999-12-18,24.187,131
1999-12-19,24.183,131
1999-12-20,23.98,131
1999-12-21,23.866,131
1999-12-22,23.861,131
1999-12-23,23.817,131
1999-12-24,23.765,131
1999-12-25,23.575,131
1999-12-26,23.496,131
1999-12-27,23.376,131
1999-12-28,23.305,131
1999-12-29,23.257,131
1999-12-30,23.177,131
1999-12-31,23.163,131
2000-01-01,23.053,131
2000-01-02,23.118,131
2000-01-03,23.214,131
2000-01-04,23.229,131
2000-01-05,23.144,131
2000-01-06,23.217,131
2000-01-07,23.187,131
2000-01-08,23.117,131
2000-01-09,23.072,131
2000-01-10,23.03,131
2000-01-11,23.022,131
2000-01-12,23.068,131
2000-01-13,23.034,131
2000-01-14,23.023,131
2000-01-15,23.032,131
2000-01-16,22.972,131
2000-01-17,22.964,131
2000-01-18,22.956,131
2000-01-19,22.954,131
2000-01-20,22.934,131
2000-01-21,23.003,131
2000-01-22,22.949,131
2000-01-23,22.901,131
2000-01-24,22.788,131
2000-01-25,22.744,131
2000-01-26,22.75,131
2000-01-27,22.764,131
2000-01-28,22.749,131
2000-01-29,22.778,131
2000-01-30,22.761,131
2000-01-31,22.68,131
2000-02-01,22.71,131
2000-02-02,22.7,131
2000-02-03,22.661,131
2000-02-04,22.699,131
2000-02-05,22.664,131
2000-02-06,22.613,131
2000-02-07,22.485,131
2000-02-08,22.411,131
2000-02-09,22.39,131
2000-02-10,22.449,131
2000-02-11,22.438,131
2000-02-12,22.413,131
2000-02-13,22.461,131
2000-02-14,22.509,131
2000-02-15,22.548,131
2000-02-16,22.609,131
2000-02-17,22.697,131
2000-02-18,22.749,131
2000-02-19,22.785,131
2000-02-20,22.757,131
2000-02-21,22.835,131
2000-02-22,22.935,131
2000-02-23,22.922,131
2000-02-24,22.967,131
2000-02-25,22.98,131
2000-02-26,23.003,131
2000-02-27,23.021,131
2000-02-28,23.021,131
2000-02-29,23.014,131
2000-03-01,23.016,131
2000-03-02,23.02,131
2000-03-03,23.033,131
2000-03-04,22.986,131
2000-03-05,22.938,131
2000-03-06,22.817,131
2000-03-07,22.834,131
2000-03-08,22.758,131
2000-03-09,22.9,131
2000-03-10,23,131
2000-03-11,23.004,131
2000-03-12,23.016,131
2000-03-13,23.088,131
2000-03-14,23.124,131
2000-03-15,23.087,131
2000-03-16,23.067,131
2000-03-17,23.015,131
2000-03-18,23.021,131
2000-03-19,23.023,131
2000-03-20,23.014,131
2000-03-21,23.093,131
2000-03-22,23.127,131
2000-03-23,23.081,131
2000-03-24,23.105,131
2000-03-25,22.935,131
2000-03-26,22.939,131
2000-03-27,22.979,131
2000-03-28,23.035,131
2000-03-29,22.971,131
2000-03-30,22.895,131
2000-03-31,22.768,131
2000-04-01,22.581,131
2000-04-02,22.518,131
2000-04-03,22.551,131
2000-04-04,22.582,131
2000-04-05,22.6,131
2000-04-06,22.574,131
2000-04-07,22.541,131
2000-04-08,22.495,131
2000-04-09,22.503,131
2000-04-10,22.573,131
2000-04-11,22.665,131
2000-04-12,22.692,131
2000-04-13,22.813,131
2000-04-14,22.809,131
2000-04-15,22.792,131
2000-04-16,22.907,131
2000-04-17,23.134,131
2000-04-18,23.19,131
2000-04-19,23.2,131
2000-04-20,23.354,131
2000-04-21,23.397,131
2000-04-22,23.437,131
2000-04-23,23.546,131
2000-04-24,23.725,131
2000-04-25,23.944,131
2000-04-26,24.122,131
2000-04-27,24.177,131
2000-04-28,24.335,131
2000-04-29,24.493,131
2000-04-30,24.559,131
2000-05-01,24.619,131
2000-05-02,24.7,131
2000-05-03,24.801,131
2000-05-04,24.857,131
2000-05-05,24.912,131
2000-05-06,25.104,131
2000-05-07,25.004,131
2000-05-08,24.591,131
2000-05-09,24.559,131
2000-05-10,24.473,131
2000-05-11,24.35,131
2000-05-12,24.387,131
2000-05-13,24.344,131
2000-05-14,24.353,131
2000-05-15,24.402,131
2000-05-16,24.631,131
2000-05-17,24.692,131
2000-05-18,24.879,131
2000-05-19,24.898,131
2000-05-20,24.823,131
2000-05-21,24.737,131
2000-05-22,24.799,131
2000-05-23,24.879,131
2000-05-24,24.93,131
2000-05-25,24.95,131
2000-05-26,24.974,131
2000-05-27,25.053,131
2000-05-28,25.066,131
2000-05-29,25.086,131
2000-05-30,24.961,131
2000-05-31,24.968,131
2000-06-01,24.929,131
2000-06-02,25.059,131
2000-06-03,25.167,131
2000-06-04,25.156,131
2000-06-05,25.192,131
2000-06-06,25.296,131
2000-06-07,25.259,131
2000-06-08,25.272,131
2000-06-09,25.476,131
2000-06-10,26.028,131
2000-06-11,26.203,131
2000-06-12,26.352,131
2000-06-13,26.289,131
2000-06-14,26.217,131
2000-06-15,25.905,131
2000-06-16,25.831,131
2000-06-17,25.757,131
2000-06-18,25.885,131
2000-06-19,25.98,131
2000-06-20,26.038,131
2000-06-21,26.2,131
2000-06-22,26.343,131
2000-06-23,26.364,131
2000-06-24,26.346,131
2000-06-25,26.099,131
2000-06-26,26.034,131
2000-06-27,26.066,131
2000-06-28,26.113,131
2000-06-29,26.101,131
2000-06-30,26.133,131
2000-07-01,26.245,131
2000-07-02,26.299,131
2000-07-03,26.406,131
2000-07-04,26.568,131
2000-07-05,26.604,131
2000-07-06,26.576,131
2000-07-07,26.607,131
2000-07-08,26.662,131
2000-07-09,26.699,131
2000-07-10,26.69,131
2000-07-11,26.652,131
2000-07-12,26.609,131
2000-07-13,26.619,131
2000-07-14,26.667,131
2000-07-15,26.76,131
2000-07-16,26.787,131
2000-07-17,26.839,131
2000-07-18,26.649,131
2000-07-19,26.649,131
2000-07-20,26.633,131
2000-07-21,26.614,131
2000-07-22,26.674,131
2000-07-23,26.565,131
2000-07-24,26.564,131
2000-07-25,26.622,131
2000-07-26,26.683,131
2000-07-27,26.679,131
2000-07-28,26.672,131
2000-07-29,26.674,131
2000-07-30,26.61,131
2000-07-31,26.779,131
2000-08-01,26.846,131
2000-08-02,27.058,131
2000-08-03,27.073,131
2000-08-04,27.078,131
2000-08-05,27.19,131
2000-08-06,27.233,131
2000-08-07,27.241,131
2000-08-08,27.292,131
2000-08-09,27.165,131
2000-08-10,27.113,131
2000-08-11,27.09,131
2000-08-12,27.243,131
2000-08-13,27.183,131
2000-08-14,27.129,131
2000-08-15,27.192,131
2000-08-16,27.295,131
2000-08-17,27.308,131
2000-08-18,27.297,131
2000-08-19,27.242,131
2000-08-20,27.268,131
2000-08-21,27.441,131
2000-08-22,27.577,131
2000-08-23,27.596,131
2000-08-24,27.529,131
2000-08-25,27.44,131
2000-08-26,27.392,131
2000-08-27,27.35,131
2000-08-28,27.395,131
2000-08-29,27.371,131
2000-08-30,27.408,131
2000-08-31,27.383,131
2000-09-01,27.349,131
2000-09-02,27.387,131
2000-09-03,27.51,131
2000-09-04,27.504,131
2000-09-05,27.44,131
2000-09-06,27.418,131
2000-09-07,27.422,131
2000-09-08,27.43,131
2000-09-09,27.372,131
2000-09-10,27.318,131
2000-09-11,27.298,131
2000-09-12,27.321,131
2000-09-13,27.425,131
2000-09-14,27.518,131
2000-09-15,27.528,131
2000-09-16,27.434,131
2000-09-17,27.44,131
2000-09-18,27.387,131
2000-09-19,27.17,131
2000-09-20,27.328,131
2000-09-21,27.36,131
2000-09-22,27.326,131
2000-09-23,27.199,131
2000-09-24,27.043,131
2000-09-25,27.159,131
2000-09-26,27.22,131
2000-09-27,27.338,131
2000-09-28,27.224,131
2000-09-29,27.131,131
2000-09-30,27.102,131
2000-10-01,27.065,131
2000-10-02,26.978,131
2000-10-03,26.831,131
2000-10-04,26.804,131
2000-10-05,26.715,131
2000-10-06,26.633,131
2000-10-07,26.626,131
2000-10-08,26.585,131
2000-10-09,26.555,131
2000-10-10,26.497,131
2000-10-11,26.656,131
2000-10-12,26.624,131
2000-10-13,26.573,131
2000-10-14,26.52,131
2000-10-15,26.45,131
2000-10-16,26.41,131
2000-10-17,26.409,131
2000-10-18,26.365,131
2000-10-19,26.372,131
2000-10-20,26.336,131
2000-10-21,26.227,131
2000-10-22,26.222,131
2000-10-23,26.278,131
2000-10-24,26.335,131
2000-10-25,26.274,131
2000-10-26,26.203,131
2000-10-27,26.094,131
2000-10-28,26.125,131
2000-10-29,26.104,131
2000-10-30,26.128,131
2000-10-31,26.206,131
2000-11-01,26.213,131
2000-11-02,26.136,131
2000-11-03,26.081,131
2000-11-04,26.143,131
2000-11-05,26.002,131
2000-11-06,25.928,131
2000-11-07,25.878,131
2000-11-08,25.812,131
2000-11-09,25.578,131
2000-11-10,25.518,131
2000-11-11,25.494,131
2000-11-12,25.336,131
2000-11-13,25.367,131
2000-11-14,25.355,131
2000-11-15,25.342,131
2000-11-16,25.233,131
2000-11-17,25.169,131
2000-11-18,25.095,131
2000-11-19,25.098,131
2000-11-20,25.048,131
2000-11-21,25.052,131
2000-11-22,24.933,131
2000-11-23,24.912,131
2000-11-24,24.922,131
2000-11-25,24.897,131
2000-11-26,24.881,131
2000-11-27,24.891,131
2000-11-28,24.953,131
2000-11-29,24.954,131
2000-11-30,24.959,131
2000-12-01,24.914,131
2000-12-02,24.834,131
2000-12-03,24.77,131
2000-12-04,24.67,131
2000-12-05,24.617,131
2000-12-06,24.538,131
2000-12-07,24.447,131
2000-12-08,24.431,131
2000-12-09,24.399,131
2000-12-10,24.322,131
2000-12-11,24.127,131
2000-12-12,24.073,131
2000-12-13,24.034,131
2000-12-14,24.018,131
2000-12-15,24.083,131
2000-12-16,24.074,131
2000-12-17,23.991,131
2000-12-18,23.845,131
2000-12-19,23.815,131
2000-12-20,23.727,131
2000-12-21,23.646,131
2000-12-22,23.615,131
2000-12-23,23.54,131
2000-12-24,23.584,131
2000-12-25,23.6,131
2000-12-26,23.596,131
2000-12-27,23.576,131
2000-12-28,23.543,131
2000-12-29,23.489,131
2000-12-30,23.353,131
2000-12-31,23.303,131
2001-01-01,23.182,131
2001-01-02,23.118,131
2001-01-03,23.122,131
2001-01-04,23.13,131
2001-01-05,23.166,131
2001-01-06,23.202,131
2001-01-07,23.21,131
2001-01-08,23.198,131
2001-01-09,23.125,131
2001-01-10,23.03,131
2001-01-11,23.009,131
2001-01-12,23.08,131
2001-01-13,23.065,131
2001-01-14,23.013,131
2001-01-15,22.949,131
2001-01-16,22.896,131
2001-01-17,22.812,131
2001-01-18,22.804,131
2001-01-19,22.778,131
2001-01-20,22.739,131
2001-01-21,22.64,131
2001-01-22,22.738,131
2001-01-23,22.805,131
2001-01-24,22.812,131
2001-01-25,22.859,131
2001-01-26,22.844,131
2001-01-27,22.596,131
2001-01-28,22.769,131
2001-01-29,22.781,131
2001-01-30,22.764,131
2001-01-31,22.721,131
2001-02-01,22.481,131
2001-02-02,22.481,131
2001-02-03,22.314,131
2001-02-04,22.128,131
2001-02-05,22.092,131
2001-02-06,22.119,131
2001-02-07,22.255,131
2001-02-08,22.296,131
2001-02-09,22.397,131
2001-02-10,22.434,131
2001-02-11,22.418,131
2001-02-12,22.464,131
2001-02-13,22.284,131
2001-02-14,22.246,131
2001-02-15,22.275,131
2001-02-16,22.354,131
2001-02-17,22.382,131
2001-02-18,22.413,131
2001-02-19,22.434,131
2001-02-20,22.525,131
2001-02-21,22.52,131
2001-02-22,22.525,131
2001-02-23,22.485,131
2001-02-24,22.51,131
2001-02-25,22.638,131
2001-02-26,22.703,131
2001-02-27,22.647,131
2001-02-28,22.496,131
2001-03-01,22.43,131
2001-03-02,22.369,131
2001-03-03,22.408,131
2001-03-04,22.34,131
2001-03-05,22.284,131
2001-03-06,22.199,131
2001-03-07,22.036,131
2001-03-08,22.193,131
2001-03-09,22.285,131
2001-03-10,22.486,131
2001-03-11,22.589,131
2001-03-12,22.651,131
2001-03-13,22.647,131
2001-03-14,22.645,131
2001-03-15,22.662,131
2001-03-16,22.52,131
2001-03-17,22.45,131
2001-03-18,22.406,131
2001-03-19,22.387,131
2001-03-20,22.349,131
2001-03-21,22.381,131
2001-03-22,22.596,131
2001-03-23,22.703,131
2001-03-24,22.776,131
2001-03-25,22.633,131
2001-03-26,22.533,131
2001-03-27,22.451,131
2001-03-28,22.451,131
2001-03-29,22.376,131
2001-03-30,22.407,131
2001-03-31,22.526,131
2001-04-01,22.734,131
2001-04-02,22.796,131
2001-04-03,22.85,131
2001-04-04,22.803,131
2001-04-05,22.726,131
2001-04-06,22.625,131
2001-04-07,22.725,131
2001-04-08,22.788,131
2001-04-09,22.858,131
2001-04-10,22.549,131
2001-04-11,22.474,131
2001-04-12,22.391,131
2001-04-13,22.466,131
2001-04-14,22.454,131
2001-04-15,22.476,131
2001-04-16,22.595,131
2001-04-17,22.722,131
2001-04-18,22.791,131
2001-04-19,22.638,131
2001-04-20,22.68,131
2001-04-21,22.63,131
2001-04-22,22.728,131
2001-04-23,22.788,131
2001-04-24,22.971,131
2001-04-25,22.953,131
2001-04-26,23.129,131
2001-04-27,23.302,131
2001-04-28,23.311,131
2001-04-29,23.391,131
2001-04-30,23.482,131
2001-05-01,23.583,131
2001-05-02,23.754,131
2001-05-03,24.063,131
2001-05-04,24.288,131
2001-05-05,24.223,131
2001-05-06,24.37,131
2001-05-07,24.386,131
2001-05-08,24.355,131
2001-05-09,24.073,131
2001-05-10,23.893,131
2001-05-11,23.936,131
2001-05-12,24.159,131
2001-05-13,24.402,131
2001-05-14,24.41,131
2001-05-15,24.426,131
2001-05-16,24.409,131
2001-05-17,24.415,131
2001-05-18,24.339,131
2001-05-19,24.449,131
2001-05-20,24.487,131
2001-05-21,24.71,131
2001-05-22,24.745,131
2001-05-23,24.742,131
2001-05-24,24.713,131
2001-05-25,24.562,131
2001-05-26,24.511,131
2001-05-27,24.485,131
2001-05-28,24.518,131
2001-05-29,24.674,131
2001-05-30,24.842,131
2001-05-31,24.943,131
2001-06-01,24.966,131
2001-06-02,25.07,131
2001-06-03,25.101,131
2001-06-04,25.132,131
2001-06-05,25.063,131
2001-06-06,25.003,131
2001-06-07,25.088,131
2001-06-08,25.128,131
2001-06-09,25.183,131
2001-06-10,25.348,131
2001-06-11,25.592,131
2001-06-12,25.691,131
2001-06-13,25.726,131
2001-06-14,25.681,131
2001-06-15,25.783,131
2001-06-16,25.79,131
2001-06-17,25.868,131
2001-06-18,25.875,131
2001-06-19,26.229,131
2001-06-20,26.143,131
2001-06-21,26.211,131
2001-06-22,26.206,131
2001-06-23,26.38,131
2001-06-24,26.361,131
2001-06-25,26.412,131
2001-06-26,26.313,131
2001-06-27,26.201,131
2001-06-28,26.086,131
2001-06-29,26.052,131
2001-06-30,26.05,131
2001-07-01,26.053,131
2001-07-02,26.13,131
2001-07-03,26.259,131
2001-07-04,26.371,131
2001-07-05,26.39,131
2001-07-06,26.379,131
2001-07-07,26.288,131
2001-07-08,26.382,131
2001-07-09,26.47,131
2001-07-10,26.42,131
2001-07-11,26.344,131
2001-07-12,26.394,131
2001-07-13,26.597,131
2001-07-14,26.61,131
2001-07-15,26.516,131
2001-07-16,26.641,131
2001-07-17,26.707,131
2001-07-18,26.906,131
2001-07-19,26.975,131
2001-07-20,26.966,131
2001-07-21,26.976,131
2001-07-22,26.969,131
2001-07-23,26.983,131
2001-07-24,26.978,131
2001-07-25,27.006,131
2001-07-26,27.002,131
2001-07-27,27.018,131
2001-07-28,27.005,131
2001-07-29,26.994,131
2001-07-30,26.94,131
2001-07-31,26.892,131
2001-08-01,26.852,131
2001-08-02,26.723,131
2001-08-03,26.65,131
2001-08-04,26.614,131
2001-08-05,26.595,131
2001-08-06,26.63,131
2001-08-07,26.616,131
2001-08-08,26.673,131
2001-08-09,26.66,131
2001-08-10,26.756,131
2001-08-11,26.753,131
2001-08-12,26.731,131
2001-08-13,26.748,131
2001-08-14,26.738,131
2001-08-15,26.722,131
2001-08-16,26.617,131
2001-08-17,26.669,131
2001-08-18,26.635,131
2001-08-19,26.656,131
2001-08-20,26.645,131
2001-08-21,26.658,131
2001-08-22,26.614,131
2001-08-23,26.61,131
2001-08-24,26.629,131
2001-08-25,26.653,131
2001-08-26,26.835,131
2001-08-27,27.034,131
2001-08-28,27.084,131
2001-08-29,27.1,131
2001-08-30,27.039,131
2001-08-31,27.075,131
2001-09-01,27.115,131
2001-09-02,27.08,131
2001-09-03,27.055,131
2001-09-04,27.177,131
2001-09-05,27.22,131
2001-09-06,27.2,131
2001-09-07,27.203,131
2001-09-08,27.311,131
2001-09-09,27.266,131
2001-09-10,27.209,131
2001-09-11,27.205,131
2001-09-12,27.252,131
2001-09-13,27.391,131
2001-09-14,27.365,131
2001-09-15,27.365,131
2001-09-16,27.354,131
2001-09-17,27.391,131
2001-09-18,27.426,131
2001-09-19,27.4,131
2001-09-20,27.42,131
2001-09-21,27.362,131
2001-09-22,27.352,131
2001-09-23,27.295,131
2001-09-24,27.257,131
2001-09-25,27.244,131
2001-09-26,27.231,131
2001-09-27,27.199,131
2001-09-28,27.18,131
2001-09-29,27.194,131
2001-09-30,27.137,131
2001-10-01,27.069,131
2001-10-02,27.153,131
2001-10-03,27.206,131
2001-10-04,27.214,131
2001-10-05,27.189,131
2001-10-06,27.197,131
2001-10-07,27.143,131
2001-10-08,27.11,131
2001-10-09,27.031,131
2001-10-10,26.976,131
2001-10-11,26.947,131
2001-10-12,26.826,131
2001-10-13,26.752,131
2001-10-14,26.82,131
2001-10-15,26.795,131
2001-10-16,26.756,131
2001-10-17,26.701,131
2001-10-18,26.632,131
2001-10-19,26.585,131
2001-10-20,26.545,131
2001-10-21,26.511,131
2001-10-22,26.399,131
2001-10-23,26.44,131
2001-10-24,26.383,131
2001-10-25,26.313,131
2001-10-26,26.249,131
2001-10-27,26.233,131
2001-10-28,26.204,131
2001-10-29,26.053,131
2001-10-30,26.018,131
2001-10-31,26.081,131
2001-11-01,26.102,131
2001-11-02,26.054,131
2001-11-03,25.995,131
2001-11-04,25.94,131
2001-11-05,25.947,131
2001-11-06,25.944,131
2001-11-07,25.794,131
2001-11-08,25.726,131
2001-11-09,25.619,131
2001-11-10,25.53,131
2001-11-11,25.433,131
2001-11-12,25.383,131
2001-11-13,25.394,131
2001-11-14,25.483,131
2001-11-15,25.485,131
2001-11-16,25.513,131
2001-11-17,25.422,131
2001-11-18,25.4,131
2001-11-19,25.376,131
2001-11-20,25.429,131
2001-11-21,25.321,131
2001-11-22,25.211,131
2001-11-23,25.111,131
2001-11-24,24.963,131
2001-11-25,24.869,131
2001-11-26,24.633,131
2001-11-27,24.564,131
2001-11-28,24.457,131
2001-11-29,24.494,131
2001-11-30,24.468,131
2001-12-01,24.43,131
2001-12-02,24.386,131
2001-12-03,24.39,131
2001-12-04,24.41,131
2001-12-05,24.373,131
2001-12-06,24.293,131
2001-12-07,24.282,131
2001-12-08,24.296,131
2001-12-09,24.318,131
2001-12-10,24.305,131
2001-12-11,24.317,131
2001-12-12,24.322,131
2001-12-13,24.291,131
2001-12-14,24.241,131
2001-12-15,24.151,131
2001-12-16,24.114,131
2001-12-17,24.128,131
2001-12-18,24.131,131
2001-12-19,24.125,131
2001-12-20,24.117,131
2001-12-21,24.031,131
2001-12-22,23.893,131
2001-12-23,23.87,131
2001-12-24,23.779,131
2001-12-25,23.717,131
2001-12-26,23.7,131
2001-12-27,23.644,131
2001-12-28,23.572,131
2001-12-29,23.54,131
2001-12-30,23.474,131
2001-12-31,23.275,131
2002-01-01,23.15,131
2002-01-02,23.132,131
2002-01-03,23.086,131
2002-01-04,23.008,131
2002-01-05,22.991,131
2002-01-06,22.954,131
2002-01-07,22.855,131
2002-01-08,22.854,131
2002-01-09,22.749,131
2002-01-10,22.535,131
2002-01-11,22.545,131
2002-01-12,22.525,131
2002-01-13,22.657,131
2002-01-14,22.686,131
2002-01-15,22.612,131
2002-01-16,22.555,131
2002-01-17,22.422,131
2002-01-18,22.48,131
2002-01-19,22.531,131
2002-01-20,22.481,131
2002-01-21,22.442,131
2002-01-22,22.418,131
2002-01-23,22.35,131
2002-01-24,22.316,131
2002-01-25,22.274,131
2002-01-26,22.354,131
2002-01-27,22.363,131
2002-01-28,22.402,131
2002-01-29,22.361,131
2002-01-30,22.408,131
2002-01-31,22.387,131
2002-02-01,22.507,131
2002-02-02,22.549,131
2002-02-03,22.579,131
2002-02-04,22.5,131
2002-02-05,22.408,131
2002-02-06,22.309,131
2002-02-07,22.307,131
2002-02-08,22.298,131
2002-02-09,22.271,131
2002-02-10,22.408,131
2002-02-11,22.456,131
2002-02-12,22.387,131
2002-02-13,22.427,131
2002-02-14,22.562,131
2002-02-15,22.565,131
2002-02-16,22.543,131
2002-02-17,22.481,131
2002-02-18,22.547,131
2002-02-19,22.551,131
2002-02-20,22.427,131
2002-02-21,22.369,131
2002-02-22,22.273,131
2002-02-23,22.175,131
2002-02-24,22.119,131
2002-02-25,22.129,131
2002-02-26,22.149,131
2002-02-27,22.11,131
2002-02-28,22.087,131
2002-03-01,21.973,131
2002-03-02,21.915,131
2002-03-03,21.903,131
2002-03-04,21.895,131
2002-03-05,21.876,131
2002-03-06,21.956,131
2002-03-07,21.992,131
2002-03-08,22.059,131
2002-03-09,22.011,131
2002-03-10,22.006,131
2002-03-11,22.078,131
2002-03-12,22.14,131
2002-03-13,22.184,131
2002-03-14,22.186,131
2002-03-15,22.152,131
2002-03-16,21.99,131
2002-03-17,22.019,131
2002-03-18,21.928,131
2002-03-19,21.94,131
2002-03-20,21.809,131
2002-03-21,21.83,131
2002-03-22,21.945,131
2002-03-23,21.902,131
2002-03-24,21.818,131
2002-03-25,21.693,131
2002-03-26,21.641,131
2002-03-27,21.668,131
2002-03-28,21.636,131
2002-03-29,21.636,131
2002-03-30,21.554,131
2002-03-31,21.434,131
2002-04-01,21.406,131
2002-04-02,21.425,131
2002-04-03,21.417,131
2002-04-04,21.467,131
2002-04-05,21.573,131
2002-04-06,21.614,131
2002-04-07,21.91,131
2002-04-08,21.862,131
2002-04-09,21.857,131
2002-04-10,21.774,131
2002-04-11,21.676,131
2002-04-12,21.543,131
2002-04-13,21.508,131
2002-04-14,21.501,131
2002-04-15,21.552,131
2002-04-16,21.584,131
2002-04-17,21.598,131
2002-04-18,21.532,131
2002-04-19,21.505,131
2002-04-20,21.504,131
2002-04-21,21.607,131
2002-04-22,21.707,131
2002-04-23,21.675,131
2002-04-24,21.655,131
2002-04-25,21.651,131
2002-04-26,21.778,131
2002-04-27,21.726,131
2002-04-28,21.696,131
2002-04-29,21.608,131
2002-04-30,21.671,131
2002-05-01,21.676,131
2002-05-02,21.704,131
2002-05-03,21.726,131
2002-05-04,21.742,131
2002-05-05,21.722,131
2002-05-06,21.786,131
2002-05-07,21.944,131
2002-05-08,22.038,131
2002-05-09,22.079,131
2002-05-10,22.119,131
2002-05-11,22.139,131
2002-05-12,22.095,131
2002-05-13,22.208,131
2002-05-14,22.343,131
2002-05-15,22.46,131
2002-05-16,22.583,131
2002-05-17,22.845,131
2002-05-18,22.919,131
2002-05-19,22.908,131
2002-05-20,22.754,131
2002-05-21,23.492,131
2002-05-22,23.684,131
2002-05-23,23.75,131
2002-05-24,23.899,131
2002-05-25,24.314,131
2002-05-26,24.686,131
2002-05-27,24.522,131
2002-05-28,24.365,131
2002-05-29,24.426,131
2002-05-30,24.539,131
2002-05-31,24.688,131
2002-06-01,24.684,131
2002-06-02,24.759,131
2002-06-03,24.901,131
2002-06-04,24.948,131
2002-06-05,25.167,131
2002-06-06,25.288,131
2002-06-07,25.284,131
2002-06-08,25.24,131
2002-06-09,25.14,131
2002-06-10,25.197,131
2002-06-11,25.316,131
2002-06-12,25.278,131
2002-06-13,25.34,131
2002-06-14,25.578,131
2002-06-15,25.688,131
2002-06-16,25.744,131
2002-06-17,25.899,131
2002-06-18,26.058,131
2002-06-19,26.122,131
2002-06-20,26.313,131
2002-06-21,26.249,131
2002-06-22,26.174,131
2002-06-23,26.116,131
2002-06-24,26.073,131
2002-06-25,26.049,131
2002-06-26,26.062,131
2002-06-27,26.176,131
2002-06-28,26.217,131
2002-06-29,26.221,131
2002-06-30,26.141,131
2002-07-01,26.151,131
2002-07-02,26.22,131
2002-07-03,26.361,131
2002-07-04,26.436,131
2002-07-05,26.495,131
2002-07-06,26.523,131
2002-07-07,26.527,131
2002-07-08,26.495,131
2002-07-09,26.491,131
2002-07-10,26.492,131
2002-07-11,26.444,131
2002-07-12,26.425,131
2002-07-13,26.398,131
2002-07-14,26.425,131
2002-07-15,26.441,131
2002-07-16,26.558,131
2002-07-17,26.588,131
2002-07-18,26.652,131
2002-07-19,26.82,131
2002-07-20,27.09,131
2002-07-21,27.137,131
2002-07-22,27.273,131
2002-07-23,27.239,131
2002-07-24,27.224,131
2002-07-25,27.144,131
2002-07-26,27.094,131
2002-07-27,27.071,131
2002-07-28,27.103,131
2002-07-29,27.315,131
2002-07-30,27.627,131
2002-07-31,27.8,131
2002-08-01,27.769,131
2002-08-02,27.797,131
2002-08-03,27.797,131
2002-08-04,27.927,131
2002-08-05,27.875,131
2002-08-06,27.866,131
2002-08-07,27.804,131
2002-08-08,27.759,131
2002-08-09,27.716,131
2002-08-10,27.732,131
2002-08-11,27.728,131
2002-08-12,27.704,131
2002-08-13,27.63,131
2002-08-14,27.639,131
2002-08-15,27.719,131
2002-08-16,27.643,131
2002-08-17,27.74,131
2002-08-18,27.79,131
2002-08-19,27.8,131
2002-08-20,27.881,131
2002-08-21,27.839,131
2002-08-22,27.893,131
2002-08-23,27.817,131
2002-08-24,27.9,131
2002-08-25,27.937,131
2002-08-26,27.978,131
2002-08-27,27.987,131
2002-08-28,27.981,131
2002-08-29,28.002,131
2002-08-30,27.974,131
2002-08-31,28.003,131
2002-09-01,27.995,131
2002-09-02,27.799,131
2002-09-03,27.759,131
2002-09-04,27.666,131
2002-09-05,27.565,131
2002-09-06,27.471,131
2002-09-07,27.453,131
2002-09-08,27.451,131
2002-09-09,27.39,131
2002-09-10,27.393,131
2002-09-11,27.358,131
2002-09-12,27.379,131
2002-09-13,27.382,131
2002-09-14,27.393,131
2002-09-15,27.391,131
2002-09-16,27.365,131
2002-09-17,27.366,131
2002-09-18,27.319,131
2002-09-19,27.287,131
2002-09-20,27.215,131
2002-09-21,27.095,131
2002-09-22,27.081,131
2002-09-23,27.077,131
2002-09-24,26.985,131
2002-09-25,26.974,131
2002-09-26,26.976,131
2002-09-27,26.952,131
2002-09-28,27.115,131
2002-09-29,27.156,131
2002-09-30,27.173,131
2002-10-01,27.064,131
2002-10-02,26.887,131
2002-10-03,26.759,131
2002-10-04,26.669,131
2002-10-05,26.613,131
2002-10-06,26.6,131
2002-10-07,26.553,131
2002-10-08,26.522,131
2002-10-09,26.468,131
2002-10-10,26.435,131
2002-10-11,26.337,131
2002-10-12,26.293,131
2002-10-13,26.156,131
2002-10-14,26.009,131
2002-10-15,26.046,131
2002-10-16,26.076,131
2002-10-17,26.09,131
2002-10-18,26.154,131
2002-10-19,26.175,131
2002-10-20,26.138,131
2002-10-21,26.155,131
2002-10-22,26.164,131
2002-10-23,26.168,131
2002-10-24,26.12,131
2002-10-25,26.119,131
2002-10-26,26.019,131
2002-10-27,25.89,131
2002-10-28,25.824,131
2002-10-29,25.779,131
2002-10-30,25.747,131
2002-10-31,25.737,131
2002-11-01,25.703,131
2002-11-02,25.602,131
2002-11-03,25.569,131
2002-11-04,25.608,131
2002-11-05,25.645,131
2002-11-06,25.637,131
2002-11-07,25.533,131
2002-11-08,25.438,131
2002-11-09,25.247,131
2002-11-10,25.17,131
2002-11-11,25.061,131
2002-11-12,24.955,131
2002-11-13,24.915,131
2002-11-14,24.794,131
2002-11-15,24.626,131
2002-11-16,24.585,131
2002-11-17,24.525,131
2002-11-18,24.445,131
2002-11-19,24.334,131
2002-11-20,24.351,131
2002-11-21,24.386,131
2002-11-22,24.386,131
2002-11-23,24.42,131
2002-11-24,24.399,131
2002-11-25,24.299,131
2002-11-26,24.327,131
2002-11-27,24.308,131
2002-11-28,24.141,131
2002-11-29,24.057,131
2002-11-30,23.937,131
2002-12-01,23.888,131
2002-12-02,23.853,131
2002-12-03,23.793,131
2002-12-04,23.716,131
2002-12-05,23.664,131
2002-12-06,23.569,131
2002-12-07,23.471,131
2002-12-08,23.45,131
2002-12-09,23.484,131
2002-12-10,23.445,131
2002-12-11,23.438,131
2002-12-12,23.452,131
2002-12-13,23.437,131
2002-12-14,23.462,131
2002-12-15,23.439,131
2002-12-16,23.388,131
2002-12-17,23.32,131
2002-12-18,23.267,131
2002-12-19,23.193,131
2002-12-20,23.172,131
2002-12-21,23.155,131
2002-12-22,23.183,131
2002-12-23,23.159,131
2002-12-24,23.171,131
2002-12-25,23.218,131
2002-12-26,23.247,131
2002-12-27,23.279,131
2002-12-28,23.288,131
2002-12-29,23.29,131
2002-12-30,23.275,131
2002-12-31,23.217,131
2003-01-01,23.155,131
2003-01-02,23.026,131
2003-01-03,22.98,131
2003-01-04,22.671,131
2003-01-05,22.444,131
2003-01-06,22.374,131
2003-01-07,22.314,131
2003-01-08,22.319,131
2003-01-09,22.297,131
2003-01-10,22.252,131
2003-01-11,22.166,131
2003-01-12,22.19,131
2003-01-13,22.127,131
2003-01-14,21.984,131
2003-01-15,21.862,131
2003-01-16,21.782,131
2003-01-17,21.681,131
2003-01-18,21.694,131
2003-01-19,21.641,131
2003-01-20,21.533,131
2003-01-21,21.493,131
2003-01-22,21.447,131
2003-01-23,21.265,131
2003-01-24,21.257,131
2003-01-25,21.269,131
2003-01-26,21.288,131
2003-01-27,21.301,131
2003-01-28,21.302,131
2003-01-29,21.262,131
2003-01-30,21.182,131
2003-01-31,21.206,131
2003-02-01,21.271,131
2003-02-02,21.346,131
2003-02-03,21.35,131
2003-02-04,21.275,131
2003-02-05,21.071,131
2003-02-06,20.991,131
2003-02-07,20.903,131
2003-02-08,20.961,131
2003-02-09,20.976,131
2003-02-10,20.973,131
2003-02-11,20.991,131
2003-02-12,20.924,131
2003-02-13,20.922,131
2003-02-14,20.925,131
2003-02-15,20.947,131
2003-02-16,20.914,131
2003-02-17,20.955,131
2003-02-18,21.006,131
2003-02-19,21.195,131
2003-02-20,21.226,131
2003-02-21,21.242,131
2003-02-22,21.275,131
2003-02-23,21.414,131
2003-02-24,21.438,131
2003-02-25,21.593,131
2003-02-26,21.521,131
2003-02-27,21.443,131
2003-02-28,21.403,131
2003-03-01,21.357,131
2003-03-02,21.329,131
2003-03-03,21.218,131
2003-03-04,21.158,131
2003-03-05,21.18,131
2003-03-06,21.22,131
2003-03-07,21.198,131
2003-03-08,21.32,131
2003-03-09,21.471,131
2003-03-10,21.483,131
2003-03-11,21.478,131
2003-03-12,21.415,131
2003-03-13,21.383,131
2003-03-14,21.374,131
2003-03-15,21.441,131
2003-03-16,21.598,131
2003-03-17,21.724,131
2003-03-18,21.755,131
2003-03-19,21.848,131
2003-03-20,21.912,131
2003-03-21,22.131,131
2003-03-22,22.198,131
2003-03-23,22.226,131
2003-03-24,22.07,131
2003-03-25,21.79,131
2003-03-26,21.629,131
2003-03-27,21.559,131
2003-03-28,21.464,131
2003-03-29,21.466,131
2003-03-30,21.474,131
2003-03-31,21.44,131
2003-04-01,21.488,131
2003-04-02,21.468,131
2003-04-03,21.518,131
2003-04-04,21.524,131
2003-04-05,21.56,131
2003-04-06,21.599,131
2003-04-07,21.636,131
2003-04-08,21.71,131
2003-04-09,21.783,131
2003-04-10,21.812,131
2003-04-11,21.851,131
2003-04-12,21.828,131
2003-04-13,21.9,131
2003-04-14,21.992,131
2003-04-15,22.259,131
2003-04-16,22.448,131
2003-04-17,22.524,131
2003-04-18,22.537,131
2003-04-19,22.651,131
2003-04-20,22.81,131
2003-04-21,22.906,131
2003-04-22,22.934,131
2003-04-23,22.945,131
2003-04-24,22.955,131
2003-04-25,22.94,131
2003-04-26,22.965,131
2003-04-27,23.142,131
2003-04-28,23.334,131
2003-04-29,23.376,131
2003-04-30,23.226,131
2003-05-01,22.922,131
2003-05-02,22.83,131
2003-05-03,22.825,131
2003-05-04,22.707,131
2003-05-05,22.475,131
2003-05-06,22.524,131
2003-05-07,22.548,131
2003-05-08,22.496,131
2003-05-09,22.489,131
2003-05-10,22.561,131
2003-05-11,22.656,131
2003-05-12,22.707,131
2003-05-13,22.699,131
2003-05-14,22.802,131
2003-05-15,22.958,131
2003-05-16,23.04,131
2003-05-17,23.328,131
2003-05-18,23.516,131
2003-05-19,23.625,131
2003-05-20,23.841,131
2003-05-21,23.992,131
2003-05-22,24.155,131
2003-05-23,24.264,131
2003-05-24,24.318,131
2003-05-25,24.288,131
2003-05-26,24.21,131
2003-05-27,24.357,131
2003-05-28,24.479,131
2003-05-29,24.551,131
2003-05-30,24.708,131
2003-05-31,24.823,131
2003-06-01,24.833,131
2003-06-02,24.79,131
2003-06-03,24.752,131
2003-06-04,24.729,131
2003-06-05,24.749,131
2003-06-06,24.927,131
2003-06-07,25.141,131
2003-06-08,25.288,131
2003-06-09,25.454,131
2003-06-10,25.274,131
2003-06-11,25.318,131
2003-06-12,25.282,131
2003-06-13,25.288,131
2003-06-14,25.284,131
2003-06-15,25.501,131
2003-06-16,25.597,131
2003-06-17,25.662,131
2003-06-18,25.69,131
2003-06-19,25.716,131
2003-06-20,25.769,131
2003-06-21,25.78,131
2003-06-22,25.814,131
2003-06-23,26.018,131
2003-06-24,26.16,131
2003-06-25,26.186,131
2003-06-26,26.166,131
2003-06-27,26.124,131
2003-06-28,26.175,131
2003-06-29,26.164,131
2003-06-30,26.193,131
2003-07-01,26.235,131
2003-07-02,26.185,131
2003-07-03,26.175,131
2003-07-04,26.243,131
2003-07-05,26.219,131
2003-07-06,26.224,131
2003-07-07,26.212,131
2003-07-08,26.242,131
2003-07-09,26.221,131
2003-07-10,26.148,131
2003-07-11,26.103,131
2003-07-12,26.106,131
2003-07-13,26.097,131
2003-07-14,26.123,131
2003-07-15,26.067,131
2003-07-16,26.073,131
2003-07-17,26.124,131
2003-07-18,26.211,131
2003-07-19,26.298,131
2003-07-20,26.316,131
2003-07-21,26.323,131
2003-07-22,26.299,131
2003-07-23,26.232,131
2003-07-24,26.213,131
2003-07-25,26.203,131
2003-07-26,26.15,131
2003-07-27,26.251,131
2003-07-28,26.315,131
2003-07-29,26.427,131
2003-07-30,26.513,131
2003-07-31,26.48,131
2003-08-01,26.571,131
2003-08-02,26.641,131
2003-08-03,26.737,131
2003-08-04,26.844,131
2003-08-05,26.786,131
2003-08-06,26.891,131
2003-08-07,26.94,131
2003-08-08,27.142,131
2003-08-09,27.197,131
2003-08-10,27.164,131
2003-08-11,27.32,131
2003-08-12,27.205,131
2003-08-13,27.125,131
2003-08-14,27.164,131
2003-08-15,27.14,131
2003-08-16,27.097,131
2003-08-17,27.05,131
2003-08-18,26.988,131
2003-08-19,26.982,131
2003-08-20,26.996,131
2003-08-21,26.975,131
2003-08-22,26.993,131
2003-08-23,27.012,131
2003-08-24,27.028,131
2003-08-25,27.041,131
2003-08-26,27.081,131
2003-08-27,27.04,131
2003-08-28,27.068,131
2003-08-29,27.021,131
2003-08-30,27.042,131
2003-08-31,27.139,131
2003-09-01,27.25,131
2003-09-02,27.327,131
2003-09-03,27.343,131
2003-09-04,27.371,131
2003-09-05,27.35,131
2003-09-06,27.287,131
2003-09-07,27.296,131
2003-09-08,27.272,131
2003-09-09,27.422,131
2003-09-10,27.564,131
2003-09-11,27.588,131
2003-09-12,27.447,131
2003-09-13,27.454,131
2003-09-14,27.495,131
2003-09-15,27.704,131
2003-09-16,27.768,131
2003-09-17,27.823,131
2003-09-18,27.755,131
2003-09-19,27.628,131
2003-09-20,27.683,131
2003-09-21,27.603,131
2003-09-22,27.367,131
2003-09-23,27.131,131
2003-09-24,27.083,131
2003-09-25,27.112,131
2003-09-26,27.172,131
2003-09-27,27.142,131
2003-09-28,27.047,131
2003-09-29,26.902,131
2003-09-30,26.706,131
2003-10-01,26.66,131
2003-10-02,26.726,131
2003-10-03,26.771,131
2003-10-04,26.847,131
2003-10-05,26.863,131
2003-10-06,26.811,131
2003-10-07,26.729,131
2003-10-08,26.736,131
2003-10-09,26.759,131
2003-10-10,26.854,131
2003-10-11,26.855,131
2003-10-12,26.75,131
2003-10-13,26.699,131
2003-10-14,26.671,131
2003-10-15,26.657,131
2003-10-16,26.63,131
2003-10-17,26.598,131
2003-10-18,26.575,131
2003-10-19,26.555,131
2003-10-20,26.528,131
2003-10-21,26.493,131
2003-10-22,26.491,131
2003-10-23,26.505,131
2003-10-24,26.395,131
2003-10-25,26.19,131
2003-10-26,26.002,131
2003-10-27,25.772,131
2003-10-28,25.59,131
2003-10-29,25.459,131
2003-10-30,25.4,131
2003-10-31,25.404,131
2003-11-01,25.349,131
2003-11-02,25.313,131
2003-11-03,25.319,131
2003-11-04,25.328,131
2003-11-05,25.153,131
2003-11-06,25.01,131
2003-11-07,25.078,131
2003-11-08,25.186,131
2003-11-09,25.14,131
2003-11-10,25.093,131
2003-11-11,25.041,131
2003-11-12,24.991,131
2003-11-13,24.942,131
2003-11-14,24.916,131
2003-11-15,24.963,131
2003-11-16,24.939,131
2003-11-17,24.947,131
2003-11-18,24.967,131
2003-11-19,24.966,131
2003-11-20,24.952,131
2003-11-21,24.863,131
2003-11-22,24.715,131
2003-11-23,24.545,131
2003-11-24,24.427,131
2003-11-25,24.39,131
2003-11-26,24.366,131
2003-11-27,24.283,131
2003-11-28,24.064,131
2003-11-29,24.045,131
2003-11-30,24.017,131
2003-12-01,24.024,131
2003-12-02,24.004,131
2003-12-03,23.997,131
2003-12-04,23.899,131
2003-12-05,23.82,131
2003-12-06,23.782,131
2003-12-07,23.67,131
2003-12-08,23.626,131
2003-12-09,23.599,131
2003-12-10,23.65,131
2003-12-11,23.717,131
2003-12-12,23.657,131
2003-12-13,23.701,131
2003-12-14,23.711,131
2003-12-15,23.611,131
2003-12-16,23.565,131
2003-12-17,23.504,131
2003-12-18,23.448,131
2003-12-19,23.453,131
2003-12-20,23.477,131
2003-12-21,23.495,131
2003-12-22,23.554,131
2003-12-23,23.544,131
2003-12-24,23.534,131
2003-12-25,23.424,131
2003-12-26,23.366,131
2003-12-27,23.314,131
2003-12-28,23.358,131
2003-12-29,23.266,131
2003-12-30,23.187,131
2003-12-31,23.253,131
2004-01-01,23.145,131
2004-01-02,23.083,131
2004-01-03,22.988,131
2004-01-04,22.908,131
2004-01-05,22.836,131
2004-01-06,22.796,131
2004-01-07,22.769,131
2004-01-08,22.68,131
2004-01-09,22.603,131
2004-01-10,22.569,131
2004-01-11,22.497,131
2004-01-12,22.448,131
2004-01-13,22.434,131
2004-01-14,22.363,131
2004-01-15,22.117,131
2004-01-16,22.024,131
2004-01-17,21.975,131
2004-01-18,21.927,131
2004-01-19,21.931,131
2004-01-20,21.808,131
2004-01-21,21.72,131
2004-01-22,21.685,131
2004-01-23,21.707,131
2004-01-24,21.714,131
2004-01-25,21.703,131
2004-01-26,21.757,131
2004-01-27,21.812,131
2004-01-28,21.92,131
2004-01-29,22.008,131
2004-01-30,22.047,131
2004-01-31,22.002,131
2004-02-01,22.041,131
2004-02-02,21.991,131
2004-02-03,21.95,131
2004-02-04,21.866,131
2004-02-05,21.854,131
2004-02-06,22.015,131
2004-02-07,22.073,131
2004-02-08,22.046,131
2004-02-09,21.9,131
2004-02-10,21.81,131
2004-02-11,21.8,131
2004-02-12,21.792,131
2004-02-13,21.752,131
2004-02-14,21.686,131
2004-02-15,21.654,131
2004-02-16,21.517,131
2004-02-17,21.548,131
2004-02-18,21.58,131
2004-02-19,21.674,131
2004-02-20,21.758,131
2004-02-21,21.765,131
2004-02-22,21.765,131
2004-02-23,21.723,131
2004-02-24,21.703,131
2004-02-25,21.636,131
2004-02-26,21.499,131
2004-02-27,21.425,131
2004-02-28,21.363,131
2004-02-29,21.219,131
2004-03-01,21.206,131
2004-03-02,21.156,131
2004-03-03,21.111,131
2004-03-04,21.169,131
2004-03-05,21.291,131
2004-03-06,21.229,131
2004-03-07,21.181,131
2004-03-08,21.235,131
2004-03-09,21.251,131
2004-03-10,21.395,131
2004-03-11,21.415,131
2004-03-12,21.415,131
2004-03-13,21.278,131
2004-03-14,21.241,131
2004-03-15,21.228,131
2004-03-16,21.118,131
2004-03-17,21.134,131
2004-03-18,21.16,131
2004-03-19,21.124,131
2004-03-20,21.094,131
2004-03-21,21.165,131
2004-03-22,21.177,131
2004-03-23,21.192,131
2004-03-24,21.335,131
2004-03-25,21.456,131
2004-03-26,21.565,131
2004-03-27,21.429,131
2004-03-28,21.437,131
2004-03-29,21.441,131
2004-03-30,21.502,131
2004-03-31,21.512,131
2004-04-01,21.474,131
2004-04-02,21.497,131
2004-04-03,21.53,131
2004-04-04,21.665,131
2004-04-05,21.771,131
2004-04-06,21.837,131
2004-04-07,21.847,131
2004-04-08,21.78,131
2004-04-09,21.718,131
2004-04-10,21.633,131
2004-04-11,21.646,131
2004-04-12,21.661,131
2004-04-13,21.776,131
2004-04-14,21.939,131
2004-04-15,21.988,131
2004-04-16,22.067,131
2004-04-17,22.15,131
2004-04-18,22.335,131
2004-04-19,22.544,131
2004-04-20,22.686,131
2004-04-21,22.727,131
2004-04-22,22.632,131
2004-04-23,22.712,131
2004-04-24,22.867,131
2004-04-25,22.799,131
2004-04-26,22.615,131
2004-04-27,22.55,131
2004-04-28,22.45,131
2004-04-29,22.45,131
2004-04-30,22.498,131
2004-05-01,22.578,131
2004-05-02,22.688,131
2004-05-03,22.731,131
2004-05-04,22.686,131
2004-05-05,22.741,131
2004-05-06,22.938,131
2004-05-07,22.931,131
2004-05-08,22.843,131
2004-05-09,22.661,131
2004-05-10,22.61,131
2004-05-11,22.55,131
2004-05-12,22.473,131
2004-05-13,22.467,131
2004-05-14,22.344,131
2004-05-15,22.365,131
2004-05-16,22.409,131
2004-05-17,22.475,131
2004-05-18,22.707,131
2004-05-19,22.853,131
2004-05-20,22.821,131
2004-05-21,22.846,131
2004-05-22,22.977,131
2004-05-23,22.998,131
2004-05-24,22.904,131
2004-05-25,22.919,131
2004-05-26,22.922,131
2004-05-27,22.986,131
2004-05-28,23.088,131
2004-05-29,23.165,131
2004-05-30,23.217,131
2004-05-31,23.346,131
2004-06-01,23.43,131
2004-06-02,23.533,131
2004-06-03,23.599,131
2004-06-04,23.637,131
2004-06-05,23.89,131
2004-06-06,23.943,131
2004-06-07,23.999,131
2004-06-08,23.916,131
2004-06-09,23.868,131
2004-06-10,23.909,131
2004-06-11,24.023,131
2004-06-12,24.116,131
2004-06-13,24.228,131
2004-06-14,24.339,131
2004-06-15,24.414,131
2004-06-16,24.434,131
2004-06-17,24.383,131
2004-06-18,24.262,131
2004-06-19,24.218,131
2004-06-20,24.255,131
2004-06-21,24.253,131
2004-06-22,24.296,131
2004-06-23,24.436,131
2004-06-24,24.61,131
2004-06-25,24.761,131
2004-06-26,24.873,131
2004-06-27,25.032,131
2004-06-28,25.303,131
2004-06-29,25.364,131
2004-06-30,25.377,131
2004-07-01,25.336,131
2004-07-02,25.471,131
2004-07-03,25.526,131
2004-07-04,25.651,131
2004-07-05,25.961,131
2004-07-06,26.129,131
2004-07-07,26.375,131
2004-07-08,26.439,131
2004-07-09,26.553,131
2004-07-10,26.751,131
2004-07-11,26.923,131
2004-07-12,26.949,131
2004-07-13,26.913,131
2004-07-14,26.816,131
2004-07-15,26.796,131
2004-07-16,26.699,131
2004-07-17,26.622,131
2004-07-18,26.637,131
2004-07-19,26.63,131
2004-07-20,26.684,131
2004-07-21,26.775,131
2004-07-22,26.792,131
2004-07-23,26.807,131
2004-07-24,26.965,131
2004-07-25,26.983,131
2004-07-26,26.895,131
2004-07-27,26.949,131
2004-07-28,27.023,131
2004-07-29,27.112,131
2004-07-30,27.155,131
2004-07-31,27.165,131
2004-08-01,27.178,131
2004-08-02,27.073,131
2004-08-03,27.094,131
2004-08-04,27.092,131
2004-08-05,27.038,131
2004-08-06,27.086,131
2004-08-07,27.175,131
2004-08-08,27.299,131
2004-08-09,27.372,131
2004-08-10,27.425,131
2004-08-11,27.41,131
2004-08-12,27.311,131
2004-08-13,27.296,131
2004-08-14,27.556,131
2004-08-15,27.677,131
2004-08-16,27.799,131
2004-08-17,27.895,131
2004-08-18,28.003,131
2004-08-19,28.039,131
2004-08-20,27.988,131
2004-08-21,28.036,131
2004-08-22,28.099,131
2004-08-23,28.11,131
2004-08-24,28.018,131
2004-08-25,27.96,131
2004-08-26,27.909,131
2004-08-27,28.006,131
2004-08-28,27.988,131
2004-08-29,27.989,131
2004-08-30,28.005,131
2004-08-31,28.091,131
2004-09-01,28.197,131
2004-09-02,28.307,131
2004-09-03,28.224,131
2004-09-04,28.046,131
2004-09-05,27.904,131
2004-09-06,27.921,131
2004-09-07,27.942,131
2004-09-08,27.961,131
2004-09-09,27.902,131
2004-09-10,27.909,131
2004-09-11,27.867,131
2004-09-12,27.868,131
2004-09-13,27.841,131
2004-09-14,27.852,131
2004-09-15,27.881,131
2004-09-16,27.891,131
2004-09-17,27.86,131
2004-09-18,27.923,131
2004-09-19,27.98,131
2004-09-20,27.949,131
2004-09-21,27.752,131
2004-09-22,27.608,131
2004-09-23,27.602,131
2004-09-24,27.635,131
2004-09-25,27.651,131
2004-09-26,27.659,131
2004-09-27,27.67,131
2004-09-28,27.678,131
2004-09-29,27.665,131
2004-09-30,27.631,131
2004-10-01,27.641,131
2004-10-02,27.307,131
2004-10-03,27.228,131
2004-10-04,27.212,131
2004-10-05,27.123,131
2004-10-06,27.08,131
2004-10-07,27.054,131
2004-10-08,27.049,131
2004-10-09,27.038,131
2004-10-10,27.023,131
2004-10-11,27.025,131
2004-10-12,26.961,131
2004-10-13,26.841,131
2004-10-14,26.66,131
2004-10-15,26.352,131
2004-10-16,26.202,131
2004-10-17,26.082,131
2004-10-18,26.052,131
2004-10-19,26.064,131
2004-10-20,25.989,131
2004-10-21,25.97,131
2004-10-22,25.925,131
2004-10-23,25.943,131
2004-10-24,26.027,131
2004-10-25,26.071,131
2004-10-26,25.971,131
2004-10-27,25.994,131
2004-10-28,25.991,131
2004-10-29,25.976,131
2004-10-30,25.965,131
2004-10-31,25.964,131
2004-11-01,25.917,131
2004-11-02,25.842,131
2004-11-03,25.717,131
2004-11-04,25.675,131
2004-11-05,25.597,131
2004-11-06,25.521,131
2004-11-07,25.526,131
2004-11-08,25.503,131
2004-11-09,25.478,131
2004-11-10,25.318,131
2004-11-11,25.274,131
2004-11-12,25.077,131
2004-11-13,25.006,131
2004-11-14,24.912,131
2004-11-15,24.665,131
2004-11-16,24.48,131
2004-11-17,24.397,131
2004-11-18,24.384,131
2004-11-19,24.336,131
2004-11-20,24.305,131
2004-11-21,24.342,131
2004-11-22,24.334,131
2004-11-23,24.333,131
2004-11-24,24.254,131
2004-11-25,24.219,131
2004-11-26,24.209,131
2004-11-27,24.187,131
2004-11-28,24.129,131
2004-11-29,24.141,131
2004-11-30,24.092,131
2004-12-01,24.115,131
2004-12-02,24.186,131
2004-12-03,24.171,131
2004-12-04,24.139,131
2004-12-05,24.006,131
2004-12-06,23.957,131
2004-12-07,23.987,131
2004-12-08,24.003,131
2004-12-09,23.926,131
2004-12-10,23.823,131
2004-12-11,23.644,131
2004-12-12,23.572,131
2004-12-13,23.554,131
2004-12-14,23.552,131
2004-12-15,23.492,131
2004-12-16,23.44,131
2004-12-17,23.403,131
2004-12-18,23.194,131
2004-12-19,23.118,131
2004-12-20,22.992,131
2004-12-21,22.961,131
2004-12-22,22.925,131
2004-12-23,22.773,131
2004-12-24,22.732,131
2004-12-25,22.711,131
2004-12-26,22.635,131
2004-12-27,22.591,131
2004-12-28,22.608,131
2004-12-29,22.495,131
2004-12-30,22.47,131
2004-12-31,22.361,131
2005-01-01,22.305,131
2005-01-02,22.245,131
2005-01-03,22.127,131
2005-01-04,22.098,131
2005-01-05,22.009,131
2005-01-06,21.98,131
2005-01-07,21.884,131
2005-01-08,21.78,131
2005-01-09,21.733,131
2005-01-10,21.696,131
2005-01-11,21.667,131
2005-01-12,21.634,131
2005-01-13,21.634,131
2005-01-14,21.532,131
2005-01-15,21.479,131
2005-01-16,21.416,131
2005-01-17,21.314,131
2005-01-18,21.299,131
2005-01-19,21.242,131
2005-01-20,21.235,131
2005-01-21,21.202,131
2005-01-22,21.176,131
2005-01-23,21.103,131
2005-01-24,21.088,131
2005-01-25,21.077,131
2005-01-26,21.139,131
2005-01-27,21.181,131
2005-01-28,21.216,131
2005-01-29,21.124,131
2005-01-30,21.182,131
2005-01-31,21.174,131
2005-02-01,21.121,131
2005-02-02,21.097,131
2005-02-03,21.013,131
2005-02-04,21.033,131
2005-02-05,21.116,131
2005-02-06,21.194,131
2005-02-07,21.322,131
2005-02-08,21.34,131
2005-02-09,21.357,131
2005-02-10,21.322,131
2005-02-11,21.278,131
2005-02-12,21.193,131
2005-02-13,21.116,131
2005-02-14,21.135,131
2005-02-15,21.201,131
2005-02-16,21.295,131
2005-02-17,21.316,131
2005-02-18,21.363,131
2005-02-19,21.494,131
2005-02-20,21.42,131
2005-02-21,21.388,131
2005-02-22,21.306,131
2005-02-23,21.324,131
2005-02-24,21.226,131
2005-02-25,21.159,131
2005-02-26,21.211,131
2005-02-27,21.3,131
2005-02-28,21.476,131
2005-03-01,21.381,131
2005-03-02,21.401,131
2005-03-03,21.425,131
2005-03-04,21.354,131
2005-03-05,21.157,131
2005-03-06,20.987,131
2005-03-07,20.978,131
2005-03-08,21.003,131
2005-03-09,20.997,131
2005-03-10,20.882,131
2005-03-11,20.735,131
2005-03-12,20.732,131
2005-03-13,20.689,131
2005-03-14,20.512,131
2005-03-15,20.484,131
2005-03-16,20.5,131
2005-03-17,20.5,131
2005-03-18,20.63,131
2005-03-19,20.708,131
2005-03-20,20.798,131
2005-03-21,20.965,131
2005-03-22,21.088,131
2005-03-23,21.141,131
2005-03-24,21.017,131
2005-03-25,20.832,131
2005-03-26,20.692,131
2005-03-27,20.716,131
2005-03-28,20.963,131
2005-03-29,21.055,131
2005-03-30,21.068,131
2005-03-31,21.053,131
2005-04-01,21.115,131
2005-04-02,21.162,131
2005-04-03,21.236,131
2005-04-04,21.295,131
2005-04-05,21.335,131
2005-04-06,21.394,131
2005-04-07,21.47,131
2005-04-08,21.487,131
2005-04-09,21.566,131
2005-04-10,21.759,131
2005-04-11,21.891,131
2005-04-12,21.961,131
2005-04-13,22.074,131
2005-04-14,22.245,131
2005-04-15,22.407,131
2005-04-16,22.525,131
2005-04-17,22.486,131
2005-04-18,22.425,131
2005-04-19,22.323,131
2005-04-20,22.299,131
2005-04-21,22.379,131
2005-04-22,22.347,131
2005-04-23,22.284,131
2005-04-24,22.355,131
2005-04-25,22.326,131
2005-04-26,22.244,131
2005-04-27,22.08,131
2005-04-28,22.009,131
2005-04-29,22.038,131
2005-04-30,22.084,131
2005-05-01,22.145,131
2005-05-02,22.161,131
2005-05-03,22.296,131
2005-05-04,22.446,131
2005-05-05,22.837,131
2005-05-06,23.02,131
2005-05-07,23.09,131
2005-05-08,23.331,131
2005-05-09,23.554,131
2005-05-10,23.839,131
2005-05-11,23.952,131
2005-05-12,24.243,131
2005-05-13,24.39,131
2005-05-14,24.391,131
2005-05-15,24.471,131
2005-05-16,24.554,131
2005-05-17,24.53,131
2005-05-18,24.548,131
2005-05-19,24.506,131
2005-05-20,24.603,131
2005-05-21,24.677,131
2005-05-22,24.77,131
2005-05-23,24.9,131
2005-05-24,24.959,131
2005-05-25,25.019,131
2005-05-26,25.079,131
2005-05-27,25.104,131
2005-05-28,25.188,131
2005-05-29,25.261,131
2005-05-30,25.239,131
2005-05-31,25.017,131
2005-06-01,25.012,131
2005-06-02,25.012,131
2005-06-03,25.027,131
2005-06-04,24.999,131
2005-06-05,25.09,131
2005-06-06,25.502,131
2005-06-07,25.753,131
2005-06-08,25.821,131
2005-06-09,25.792,131
2005-06-10,25.825,131
2005-06-11,25.794,131
2005-06-12,25.665,131
2005-06-13,25.714,131
2005-06-14,25.753,131
2005-06-15,25.751,131
2005-06-16,25.712,131
2005-06-17,25.827,131
2005-06-18,25.818,131
2005-06-19,25.847,131
2005-06-20,25.895,131
2005-06-21,25.914,131
2005-06-22,26.079,131
2005-06-23,26.079,131
2005-06-24,25.964,131
2005-06-25,26.078,131
2005-06-26,26.188,131
2005-06-27,26.291,131
2005-06-28,26.464,131
2005-06-29,26.568,131
2005-06-30,26.54,131
2005-07-01,26.505,131
2005-07-02,26.431,131
2005-07-03,26.335,131
2005-07-04,26.325,131
2005-07-05,26.375,131
2005-07-06,26.389,131
2005-07-07,26.376,131
2005-07-08,26.473,131
2005-07-09,26.474,131
2005-07-10,26.532,131
2005-07-11,26.7,131
2005-07-12,26.772,131
2005-07-13,26.775,131
2005-07-14,26.775,131
2005-07-15,26.732,131
2005-07-16,26.647,131
2005-07-17,26.537,131
2005-07-18,26.49,131
2005-07-19,26.492,131
2005-07-20,26.479,131
2005-07-21,26.453,131
2005-07-22,26.469,131
2005-07-23,26.51,131
2005-07-24,26.645,131
2005-07-25,26.723,131
2005-07-26,26.766,131
2005-07-27,26.788,131
2005-07-28,26.802,131
2005-07-29,26.706,131
2005-07-30,26.699,131
2005-07-31,26.737,131
2005-08-01,26.791,131
2005-08-02,26.846,131
2005-08-03,26.918,131
2005-08-04,26.955,131
2005-08-05,26.992,131
2005-08-06,26.957,131
2005-08-07,26.994,131
2005-08-08,27.071,131
2005-08-09,27.295,131
2005-08-10,27.452,131
2005-08-11,27.506,131
2005-08-12,27.525,131
2005-08-13,27.749,131
2005-08-14,27.754,131
2005-08-15,27.609,131
2005-08-16,27.495,131
2005-08-17,27.466,131
2005-08-18,27.434,131
2005-08-19,27.467,131
2005-08-20,27.447,131
2005-08-21,27.458,131
2005-08-22,27.443,131
2005-08-23,27.591,131
2005-08-24,27.67,131
2005-08-25,27.723,131
2005-08-26,27.691,131
2005-08-27,27.636,131
2005-08-28,27.625,131
2005-08-29,27.704,131
2005-08-30,27.757,131
2005-08-31,27.744,131
2005-09-01,27.834,131
2005-09-02,27.902,131
2005-09-03,27.938,131
2005-09-04,27.87,131
2005-09-05,27.791,131
2005-09-06,27.757,131
2005-09-07,27.727,131
2005-09-08,27.678,131
2005-09-09,27.76,131
2005-09-10,27.772,131
2005-09-11,27.67,131
2005-09-12,27.674,131
2005-09-13,27.612,131
2005-09-14,27.569,131
2005-09-15,27.55,131
2005-09-16,27.495,131
2005-09-17,27.403,131
2005-09-18,27.19,131
2005-09-19,27.07,131
2005-09-20,27.077,131
2005-09-21,27.07,131
2005-09-22,27.049,131
2005-09-23,27.012,131
2005-09-24,27.095,131
2005-09-25,27.089,131
2005-09-26,27.042,131
2005-09-27,27.112,131
2005-09-28,27.074,131
2005-09-29,27.065,131
2005-09-30,27.025,131
2005-10-01,27.013,131
2005-10-02,27.078,131
2005-10-03,27.074,131
2005-10-04,27.072,131
2005-10-05,27.11,131
2005-10-06,27.062,131
2005-10-07,27.042,131
2005-10-08,27.008,131
2005-10-09,26.977,131
2005-10-10,26.975,131
2005-10-11,26.91,131
2005-10-12,26.826,131
2005-10-13,26.819,131
2005-10-14,26.805,131
2005-10-15,26.666,131
2005-10-16,26.575,131
2005-10-17,26.445,131
2005-10-18,26.194,131
2005-10-19,26.13,131
2005-10-20,26.049,131
2005-10-21,25.955,131
2005-10-22,25.869,131
2005-10-23,25.839,131
2005-10-24,25.915,131
2005-10-25,25.892,131
2005-10-26,25.816,131
2005-10-27,25.81,131
2005-10-28,25.837,131
2005-10-29,25.842,131
2005-10-30,25.807,131
2005-10-31,25.709,131
2005-11-01,25.65,131
2005-11-02,25.621,131
2005-11-03,25.61,131
2005-11-04,25.612,131
2005-11-05,25.643,131
2005-11-06,25.69,131
2005-11-07,25.705,131
2005-11-08,25.665,131
2005-11-09,25.661,131
2005-11-10,25.617,131
2005-11-11,25.575,131
2005-11-12,25.479,131
2005-11-13,25.298,131
2005-11-14,25.294,131
2005-11-15,25.215,131
2005-11-16,25.259,131
2005-11-17,25.329,131
2005-11-18,25.358,131
2005-11-19,25.273,131
2005-11-20,25.212,131
2005-11-21,25.161,131
2005-11-22,25.106,131
2005-11-23,24.943,131
2005-11-24,24.866,131
2005-11-25,24.673,131
2005-11-26,24.523,131
2005-11-27,24.412,131
2005-11-28,24.324,131
2005-11-29,24.293,131
2005-11-30,24.309,131
2005-12-01,24.277,131
2005-12-02,24.191,131
2005-12-03,24.126,131
2005-12-04,24.146,131
2005-12-05,24.13,131
2005-12-06,24.168,131
2005-12-07,24.179,131
2005-12-08,24.115,131
2005-12-09,24.078,131
2005-12-10,24.08,131
2005-12-11,24.082,131
2005-12-12,24.077,131
2005-12-13,24.09,131
2005-12-14,24.071,131
2005-12-15,24.091,131
2005-12-16,24.029,131
2005-12-17,23.906,131
2005-12-18,23.765,131
2005-12-19,23.746,131
2005-12-20,23.658,131
2005-12-21,23.606,131
2005-12-22,23.592,131
2005-12-23,23.63,131
2005-12-24,23.674,131
2005-12-25,23.621,131
2005-12-26,23.574,131
2005-12-27,23.511,131
2005-12-28,23.505,131
2005-12-29,23.475,131
2005-12-30,23.376,131
2005-12-31,23.339,131
2006-01-01,23.362,131
2006-01-02,23.391,131
2006-01-03,23.293,131
2006-01-04,23.282,131
2006-01-05,23.204,131
2006-01-06,23.194,131
2006-01-07,23.225,131
2006-01-08,23.29,131
2006-01-09,23.33,131
2006-01-10,23.287,131
2006-01-11,23.268,131
2006-01-12,23.205,131
2006-01-13,23.18,131
2006-01-14,23.09,131
2006-01-15,22.974,131
2006-01-16,22.864,131
2006-01-17,22.851,131
2006-01-18,22.88,131
2006-01-19,22.971,131
2006-01-20,22.996,131
2006-01-21,22.956,131
2006-01-22,22.934,131
2006-01-23,22.888,131
2006-01-24,22.879,131
2006-01-25,22.877,131
2006-01-26,22.985,131
2006-01-27,23.033,131
2006-01-28,23.122,131
2006-01-29,23.122,131
2006-01-30,23.055,131
2006-01-31,22.968,131
2006-02-01,22.776,131
2006-02-02,22.626,131
2006-02-03,22.607,131
2006-02-04,22.637,131
2006-02-05,22.603,131
2006-02-06,22.537,131
2006-02-07,22.418,131
2006-02-08,22.37,131
2006-02-09,22.371,131
2006-02-10,22.366,131
2006-02-11,22.353,131
2006-02-12,22.359,131
2006-02-13,22.341,131
2006-02-14,22.315,131
2006-02-15,22.245,131
2006-02-16,22.143,131
2006-02-17,22.124,131
2006-02-18,22.147,131
2006-02-19,22.128,131
2006-02-20,22.158,131
2006-02-21,22.208,131
2006-02-22,22.344,131
2006-02-23,22.392,131
2006-02-24,22.432,131
2006-02-25,22.501,131
2006-02-26,22.476,131
2006-02-27,22.388,131
2006-02-28,22.383,131
2006-03-01,22.347,131
2006-03-02,22.411,131
2006-03-03,22.444,131
2006-03-04,22.6,131
2006-03-05,22.45,131
2006-03-06,22.447,131
2006-03-07,22.438,131
2006-03-08,22.46,131
2006-03-09,22.351,131
2006-03-10,22.27,131
2006-03-11,22.23,131
2006-03-12,22.235,131
2006-03-13,22.284,131
2006-03-14,22.286,131
2006-03-15,22.253,131
2006-03-16,22.215,131
2006-03-17,22.176,131
2006-03-18,22.13,131
2006-03-19,22.161,131
2006-03-20,22.224,131
2006-03-21,22.269,131
2006-03-22,22.269,131
2006-03-23,22.15,131
2006-03-24,22.096,131
2006-03-25,22.067,131
2006-03-26,22.134,131
2006-03-27,22.151,131
2006-03-28,22.227,131
2006-03-29,22.244,131
2006-03-30,22.169,131
2006-03-31,22.205,131
2006-04-01,22.209,131
2006-04-02,22.229,131
2006-04-03,22.367,131
2006-04-04,22.648,131
2006-04-05,22.888,131
2006-04-06,22.975,131
2006-04-07,23.027,131
2006-04-08,23.093,131
2006-04-09,23.086,131
2006-04-10,23.102,131
2006-04-11,23.106,131
2006-04-12,23.062,131
2006-04-13,23.048,131
2006-04-14,23.075,131
2006-04-15,23.109,131
2006-04-16,23.212,131
2006-04-17,23.315,131
2006-04-18,23.404,131
2006-04-19,23.463,131
2006-04-20,23.584,131
2006-04-21,23.643,131
2006-04-22,23.684,131
2006-04-23,23.696,131
2006-04-24,23.825,131
2006-04-25,23.869,131
2006-04-26,23.874,131
2006-04-27,23.625,131
2006-04-28,23.45,131
2006-04-29,23.469,131
2006-04-30,23.661,131
2006-05-01,23.809,131
2006-05-02,23.828,131
2006-05-03,23.867,131
2006-05-04,23.895,131
2006-05-05,23.889,131
2006-05-06,23.908,131
2006-05-07,23.909,131
2006-05-08,23.92,131
2006-05-09,24.003,131
2006-05-10,24.021,131
2006-05-11,24.013,131
2006-05-12,24.049,131
2006-05-13,23.976,131
2006-05-14,23.962,131
2006-05-15,23.902,131
2006-05-16,23.906,131
2006-05-17,23.924,131
2006-05-18,23.869,131
2006-05-19,23.841,131
2006-05-20,23.816,131
2006-05-21,23.768,131
2006-05-22,23.834,131
2006-05-23,23.933,131
2006-05-24,24.043,131
2006-05-25,24.18,131
2006-05-26,24.207,131
2006-05-27,24.256,131
2006-05-28,24.245,131
2006-05-29,24.492,131
2006-05-30,24.606,131
2006-05-31,24.739,131
2006-06-01,24.996,131
2006-06-02,25.148,131
2006-06-03,25.274,131
2006-06-04,25.478,131
2006-06-05,25.608,131
2006-06-06,25.694,131
2006-06-07,25.666,131
2006-06-08,25.819,131
2006-06-09,25.793,131
2006-06-10,25.832,131
2006-06-11,25.789,131
2006-06-12,25.711,131
2006-06-13,25.624,131
2006-06-14,25.573,131
2006-06-15,25.578,131
2006-06-16,25.535,131
2006-06-17,25.553,131
2006-06-18,25.508,131
2006-06-19,25.532,131
2006-06-20,25.564,131
2006-06-21,25.536,131
2006-06-22,25.49,131
2006-06-23,25.51,131
2006-06-24,25.511,131
2006-06-25,25.511,131
2006-06-26,25.445,131
2006-06-27,25.354,131
2006-06-28,25.466,131
2006-06-29,25.5,131
2006-06-30,25.672,131
2006-07-01,25.823,131
2006-07-02,26.052,131
2006-07-03,26.201,131
2006-07-04,26.383,131
2006-07-05,26.485,131
2006-07-06,26.592,131
2006-07-07,26.592,131
2006-07-08,26.57,131
2006-07-09,26.597,131
2006-07-10,26.642,131
2006-07-11,26.54,131
2006-07-12,26.491,131
2006-07-13,26.443,131
2006-07-14,26.443,131
2006-07-15,26.433,131
2006-07-16,26.351,131
2006-07-17,26.379,131
2006-07-18,26.369,131
2006-07-19,26.374,131
2006-07-20,26.531,131
2006-07-21,26.532,131
2006-07-22,26.527,131
2006-07-23,26.538,131
2006-07-24,26.535,131
2006-07-25,26.614,131
2006-07-26,26.643,131
2006-07-27,26.635,131
2006-07-28,26.586,131
2006-07-29,26.565,131
2006-07-30,26.555,131
2006-07-31,26.565,131
2006-08-01,26.562,131
2006-08-02,26.662,131
2006-08-03,26.708,131
2006-08-04,26.778,131
2006-08-05,26.771,131
2006-08-06,26.71,131
2006-08-07,26.65,131
2006-08-08,26.66,131
2006-08-09,26.664,131
2006-08-10,26.657,131
2006-08-11,26.646,131
2006-08-12,26.619,131
2006-08-13,26.605,131
2006-08-14,26.577,131
2006-08-15,26.591,131
2006-08-16,26.619,131
2006-08-17,26.637,131
2006-08-18,26.688,131
2006-08-19,26.778,131
2006-08-20,26.76,131
2006-08-21,26.787,131
2006-08-22,26.82,131
2006-08-23,26.74,131
2006-08-24,26.75,131
2006-08-25,26.818,131
2006-08-26,26.882,131
2006-08-27,26.95,131
2006-08-28,27.016,131
2006-08-29,27.051,131
2006-08-30,27.085,131
2006-08-31,27.089,131
2006-09-01,27.01,131
2006-09-02,26.943,131
2006-09-03,26.908,131
2006-09-04,26.935,131
2006-09-05,27.042,131
2006-09-06,27.088,131
2006-09-07,27.077,131
2006-09-08,27.009,131
2006-09-09,26.968,131
2006-09-10,26.949,131
2006-09-11,26.944,131
2006-09-12,26.991,131
2006-09-13,27.012,131
2006-09-14,27.001,131
2006-09-15,27.005,131
2006-09-16,26.949,131
2006-09-17,26.965,131
2006-09-18,27.028,131
2006-09-19,27.074,131
2006-09-20,26.997,131
2006-09-21,27.037,131
2006-09-22,27.072,131
2006-09-23,27.005,131
2006-09-24,26.919,131
2006-09-25,26.917,131
2006-09-26,26.965,131
2006-09-27,26.986,131
2006-09-28,27.015,131
2006-09-29,26.943,131
2006-09-30,26.796,131
2006-10-01,26.82,131
2006-10-02,26.811,131
2006-10-03,26.802,131
2006-10-04,26.791,131
2006-10-05,26.779,131
2006-10-06,26.759,131
2006-10-07,26.707,131
2006-10-08,26.545,131
2006-10-09,26.649,131
2006-10-10,26.705,131
2006-10-11,26.675,131
2006-10-12,26.576,131
2006-10-13,26.485,131
2006-10-14,26.41,131
2006-10-15,26.392,131
2006-10-16,26.214,131
2006-10-17,26.111,131
2006-10-18,26.062,131
2006-10-19,25.988,131
2006-10-20,25.899,131
2006-10-21,25.86,131
2006-10-22,25.749,131
2006-10-23,25.602,131
2006-10-24,25.595,131
2006-10-25,25.616,131
2006-10-26,25.676,131
2006-10-27,25.641,131
2006-10-28,25.614,131
2006-10-29,25.552,131
2006-10-30,25.43,131
2006-10-31,25.305,131
2006-11-01,25.276,131
2006-11-02,25.243,131
2006-11-03,25.181,131
2006-11-04,25.177,131
2006-11-05,25.204,131
2006-11-06,25.185,131
2006-11-07,25.131,131
2006-11-08,25.184,131
2006-11-09,25.123,131
2006-11-10,25.118,131
2006-11-11,25.088,131
2006-11-12,25.041,131
2006-11-13,24.951,131
2006-11-14,24.887,131
2006-11-15,24.865,131
2006-11-16,24.807,131
2006-11-17,24.751,131
2006-11-18,24.766,131
2006-11-19,24.768,131
2006-11-20,24.821,131
2006-11-21,24.837,131
2006-11-22,24.802,131
2006-11-23,24.772,131
2006-11-24,24.719,131
2006-11-25,24.718,131
2006-11-26,24.696,131
2006-11-27,24.616,131
2006-11-28,24.506,131
2006-11-29,24.384,131
2006-11-30,24.265,131
2006-12-01,24.237,131
2006-12-02,24.294,131
2006-12-03,24.318,131
2006-12-04,24.299,131
2006-12-05,24.253,131
2006-12-06,24.181,131
2006-12-07,24.134,131
2006-12-08,24.104,131
2006-12-09,24.07,131
2006-12-10,23.948,131
2006-12-11,23.988,131
2006-12-12,24.026,131
2006-12-13,24.043,131
2006-12-14,23.837,131
2006-12-15,23.81,131
2006-12-16,23.888,131
2006-12-17,23.85,131
2006-12-18,23.879,131
2006-12-19,23.752,131
2006-12-20,23.765,131
2006-12-21,23.673,131
2006-12-22,23.643,131
2006-12-23,23.616,131
2006-12-24,23.644,131
2006-12-25,23.674,131
2006-12-26,23.58,131
2006-12-27,23.458,131
2006-12-28,23.271,131
2006-12-29,23.266,131
2006-12-30,23.249,131
2006-12-31,23.241,131
2007-01-01,23.211,131
2007-01-02,23.19,131
2007-01-03,23.098,131
2007-01-04,23.011,131
2007-01-05,23.037,131
2007-01-06,23.039,131
2007-01-07,22.986,131
2007-01-08,22.953,131
2007-01-09,22.883,131
2007-01-10,22.851,131
2007-01-11,22.871,131
2007-01-12,22.929,131
2007-01-13,23.032,131
2007-01-14,22.988,131
2007-01-15,22.995,131
2007-01-16,22.929,131
2007-01-17,22.881,131
2007-01-18,22.893,131
2007-01-19,22.916,131
2007-01-20,22.92,131
2007-01-21,22.926,131
2007-01-22,22.762,131
2007-01-23,22.642,131
2007-01-24,22.601,131
2007-01-25,22.6,131
2007-01-26,22.55,131
2007-01-27,22.523,131
2007-01-28,22.433,131
2007-01-29,22.322,131
2007-01-30,22.109,131
2007-01-31,21.991,131
2007-02-01,21.841,131
2007-02-02,21.738,131
2007-02-03,21.74,131
2007-02-04,21.756,131
2007-02-05,21.737,131
2007-02-06,21.751,131
2007-02-07,21.714,131
2007-02-08,21.651,131
2007-02-09,21.654,131
2007-02-10,21.686,131
2007-02-11,21.792,131
2007-02-12,21.807,131
2007-02-13,21.791,131
2007-02-14,21.673,131
2007-02-15,21.587,131
2007-02-16,21.553,131
2007-02-17,21.54,131
2007-02-18,21.539,131
2007-02-19,21.619,131
2007-02-20,21.726,131
2007-02-21,21.839,131
2007-02-22,21.964,131
2007-02-23,22.05,131
2007-02-24,22.048,131
2007-02-25,22.109,131
2007-02-26,22.278,131
2007-02-27,22.285,131
2007-02-28,22.269,131
2007-03-01,22.288,131
2007-03-02,22.388,131
2007-03-03,22.349,131
2007-03-04,22.396,131
2007-03-05,22.366,131
2007-03-06,22.32,131
2007-03-07,22.254,131
2007-03-08,22.165,131
2007-03-09,22.042,131
2007-03-10,21.97,131
2007-03-11,21.757,131
2007-03-12,21.531,131
2007-03-13,21.511,131
2007-03-14,21.508,131
2007-03-15,21.555,131
2007-03-16,21.609,131
2007-03-17,21.69,131
2007-03-18,21.83,131
2007-03-19,21.833,131
2007-03-20,21.904,131
2007-03-21,22.063,131
2007-03-22,22.157,131
2007-03-23,22.164,131
2007-03-24,22.19,131
2007-03-25,22.22,131
2007-03-26,22.224,131
2007-03-27,22.196,131
2007-03-28,22.165,131
2007-03-29,22.074,131
2007-03-30,21.983,131
2007-03-31,21.859,131
2007-04-01,21.855,131
2007-04-02,21.903,131
2007-04-03,22.034,131
2007-04-04,22.059,131
2007-04-05,22.112,131
2007-04-06,22.254,131
2007-04-07,22.35,131
2007-04-08,22.314,131
2007-04-09,22.319,131
2007-04-10,22.381,131
2007-04-11,22.385,131
2007-04-12,22.599,131
2007-04-13,22.61,131
2007-04-14,22.635,131
2007-04-15,22.474,131
2007-04-16,22.315,131
2007-04-17,22.522,131
2007-04-18,22.782,131
2007-04-19,22.918,131
2007-04-20,22.882,131
2007-04-21,22.89,131
2007-04-22,22.813,131
2007-04-23,22.766,131
2007-04-24,22.824,131
2007-04-25,23.018,131
2007-04-26,23.191,131
2007-04-27,23.439,131
2007-04-28,23.429,131
2007-04-29,23.402,131
2007-04-30,23.343,131
2007-05-01,23.366,131
2007-05-02,23.472,131
2007-05-03,23.447,131
2007-05-04,23.302,131
2007-05-05,23.158,131
2007-05-06,23.114,131
2007-05-07,23.028,131
2007-05-08,22.907,131
2007-05-09,22.889,131
2007-05-10,22.971,131
2007-05-11,23.155,131
2007-05-12,23.27,131
2007-05-13,23.357,131
2007-05-14,23.575,131
2007-05-15,23.777,131
2007-05-16,23.834,131
2007-05-17,23.908,131
2007-05-18,24,131
2007-05-19,23.988,131
2007-05-20,23.755,131
2007-05-21,23.622,131
2007-05-22,23.67,131
2007-05-23,23.995,131
2007-05-24,24.351,131
2007-05-25,24.4,131
2007-05-26,24.594,131
2007-05-27,24.76,131
2007-05-28,25.028,131
2007-05-29,25.133,131
2007-05-30,25.105,131
2007-05-31,25.106,131
2007-06-01,25.146,131
2007-06-02,25.171,131
2007-06-03,25.05,131
2007-06-04,25.067,131
2007-06-05,25.291,131
2007-06-06,25.48,131
2007-06-07,25.593,131
2007-06-08,25.718,131
2007-06-09,25.879,131
2007-06-10,25.861,131
2007-06-11,25.875,131
2007-06-12,25.921,131
2007-06-13,25.933,131
2007-06-14,25.992,131
2007-06-15,25.984,131
2007-06-16,25.954,131
2007-06-17,25.881,131
2007-06-18,25.86,131
2007-06-19,25.749,131
2007-06-20,25.605,131
2007-06-21,25.667,131
2007-06-22,25.754,131
2007-06-23,25.809,131
2007-06-24,25.83,131
2007-06-25,25.801,131
2007-06-26,25.74,131
2007-06-27,25.76,131
2007-06-28,25.72,131
2007-06-29,25.64,131
2007-06-30,25.682,131
2007-07-01,25.685,131
2007-07-02,25.672,131
2007-07-03,25.702,131
2007-07-04,25.735,131
2007-07-05,25.846,131
2007-07-06,25.993,131
2007-07-07,26.531,131
2007-07-08,26.596,131
2007-07-09,26.748,131
2007-07-10,26.746,131
2007-07-11,26.792,131
2007-07-12,26.808,131
2007-07-13,26.835,131
2007-07-14,26.885,131
2007-07-15,26.893,131
2007-07-16,26.885,131
2007-07-17,26.84,131
2007-07-18,26.86,131
2007-07-19,26.901,131
2007-07-20,26.985,131
2007-07-21,27.004,131
2007-07-22,27.01,131
2007-07-23,26.983,131
2007-07-24,27.003,131
2007-07-25,27.002,131
2007-07-26,27.037,131
2007-07-27,27.121,131
2007-07-28,27.128,131
2007-07-29,27.118,131
2007-07-30,27.188,131
2007-07-31,27.228,131
2007-08-01,27.313,131
2007-08-02,27.346,131
2007-08-03,27.364,131
2007-08-04,27.376,131
2007-08-05,27.379,131
2007-08-06,27.392,131
2007-08-07,27.391,131
2007-08-08,27.442,131
2007-08-09,27.459,131
2007-08-10,27.51,131
2007-08-11,27.509,131
2007-08-12,27.529,131
2007-08-13,27.54,131
2007-08-14,27.571,131
2007-08-15,27.598,131
2007-08-16,27.566,131
2007-08-17,27.585,131
2007-08-18,27.577,131
2007-08-19,27.56,131
2007-08-20,27.59,131
2007-08-21,27.59,131
2007-08-22,27.603,131
2007-08-23,27.623,131
2007-08-24,27.607,131
2007-08-25,27.644,131
2007-08-26,27.582,131
2007-08-27,27.674,131
2007-08-28,27.654,131
2007-08-29,27.623,131
2007-08-30,27.525,131
2007-08-31,27.502,131
2007-09-01,27.499,131
2007-09-02,27.446,131
2007-09-03,27.423,131
2007-09-04,27.408,131
2007-09-05,27.459,131
2007-09-06,27.502,131
2007-09-07,27.511,131
2007-09-08,27.585,131
2007-09-09,27.635,131
2007-09-10,27.617,131
2007-09-11,27.677,131
2007-09-12,27.694,131
2007-09-13,27.68,131
2007-09-14,27.66,131
2007-09-15,27.62,131
2007-09-16,27.58,131
2007-09-17,27.554,131
2007-09-18,27.51,131
2007-09-19,27.527,131
2007-09-20,27.492,131
2007-09-21,27.495,131
2007-09-22,27.51,131
2007-09-23,27.502,131
2007-09-24,27.465,131
2007-09-25,27.355,131
2007-09-26,27.289,131
2007-09-27,27.235,131
2007-09-28,27.232,131
2007-09-29,27.233,131
2007-09-30,27.179,131
2007-10-01,27.134,131
2007-10-02,27.084,131
2007-10-03,27.067,131
2007-10-04,27.023,131
2007-10-05,26.977,131
2007-10-06,26.961,131
2007-10-07,26.945,131
2007-10-08,26.88,131
2007-10-09,26.841,131
2007-10-10,26.85,131
2007-10-11,26.857,131
2007-10-12,26.845,131
2007-10-13,26.826,131
2007-10-14,26.836,131
2007-10-15,26.788,131
2007-10-16,26.838,131
2007-10-17,26.848,131
2007-10-18,26.875,131
2007-10-19,26.867,131
2007-10-20,26.862,131
2007-10-21,26.801,131
2007-10-22,26.622,131
2007-10-23,26.44,131
2007-10-24,26.386,131
2007-10-25,26.387,131
2007-10-26,26.32,131
2007-10-27,26.247,131
2007-10-28,26.26,131
2007-10-29,26.263,131
2007-10-30,26.245,131
2007-10-31,26.228,131
2007-11-01,26.199,131
2007-11-02,26.137,131
2007-11-03,26.046,131
2007-11-04,25.919,131
2007-11-05,25.821,131
2007-11-06,25.759,131
2007-11-07,25.769,131
2007-11-08,25.827,131
2007-11-09,25.9,131
2007-11-10,25.906,131
2007-11-11,25.913,131
2007-11-12,25.914,131
2007-11-13,25.741,131
2007-11-14,25.611,131
2007-11-15,25.607,131
2007-11-16,25.621,131
2007-11-17,25.592,131
2007-11-18,25.546,131
2007-11-19,25.465,131
2007-11-20,25.375,131
2007-11-21,25.31,131
2007-11-22,25.241,131
2007-11-23,25.29,131
2007-11-24,25.277,131
2007-11-25,25.225,131
2007-11-26,25.023,131
2007-11-27,25.071,131
2007-11-28,25.035,131
2007-11-29,24.979,131
2007-11-30,24.897,131
2007-12-01,24.761,131
2007-12-02,24.701,131
2007-12-03,24.622,131
2007-12-04,24.483,131
2007-12-05,24.334,131
2007-12-06,24.159,131
2007-12-07,24.014,131
2007-12-08,24.003,131
2007-12-09,24.013,131
2007-12-10,24.008,131
2007-12-11,23.998,131
2007-12-12,23.947,131
2007-12-13,23.882,131
2007-12-14,23.898,131
2007-12-15,23.951,131
2007-12-16,23.973,131
2007-12-17,23.97,131
2007-12-18,23.976,131
2007-12-19,23.969,131
2007-12-20,23.993,131
2007-12-21,23.994,131
2007-12-22,23.912,131
2007-12-23,23.847,131
2007-12-24,23.816,131
2007-12-25,23.818,131
2007-12-26,23.816,131
2007-12-27,23.764,131
2007-12-28,23.718,131
2007-12-29,23.681,131
2007-12-30,23.617,131
2007-12-31,23.576,131
2008-01-01,23.413,131
2008-01-02,23.409,131
2008-01-03,23.493,131
2008-01-04,23.51,131
2008-01-05,23.488,131
2008-01-06,23.472,131
2008-01-07,23.379,131
2008-01-08,23.302,131
2008-01-09,23.209,131
2008-01-10,23.168,131
2008-01-11,23.068,131
2008-01-12,22.998,131
2008-01-13,22.983,131
2008-01-14,22.939,131
2008-01-15,22.825,131
2008-01-16,22.677,131
2008-01-17,22.7,131
2008-01-18,22.785,131
2008-01-19,22.813,131
2008-01-20,22.803,131
2008-01-21,22.783,131
2008-01-22,22.746,131
2008-01-23,22.735,131
2008-01-24,22.662,131
2008-01-25,22.704,131
2008-01-26,22.658,131
2008-01-27,22.671,131
2008-01-28,22.69,131
2008-01-29,22.721,131
2008-01-30,22.743,131
2008-01-31,22.761,131
2008-02-01,22.776,131
2008-02-02,22.768,131
2008-02-03,22.781,131
2008-02-04,22.871,131
2008-02-05,22.897,131
2008-02-06,22.838,131
2008-02-07,22.873,131
2008-02-08,22.828,131
2008-02-09,22.865,131
2008-02-10,22.892,131
2008-02-11,22.775,131
2008-02-12,22.694,131
2008-02-13,22.662,131
2008-02-14,22.638,131
2008-02-15,22.677,131
2008-02-16,22.718,131
2008-02-17,22.69,131
2008-02-18,22.688,131
2008-02-19,22.685,131
2008-02-20,22.654,131
2008-02-21,22.545,131
2008-02-22,22.489,131
2008-02-23,22.414,131
2008-02-24,22.411,131
2008-02-25,22.382,131
2008-02-26,22.359,131
2008-02-27,22.315,131
2008-02-28,22.257,131
2008-02-29,22.344,131
2008-03-01,22.307,131
2008-03-02,22.301,131
2008-03-03,22.398,131
2008-03-04,22.481,131
2008-03-05,22.676,131
2008-03-06,22.599,131
2008-03-07,22.589,131
2008-03-08,22.571,131
2008-03-09,22.555,131
2008-03-10,22.478,131
2008-03-11,22.408,131
2008-03-12,22.23,131
2008-03-13,22.261,131
2008-03-14,22.292,131
2008-03-15,22.314,131
2008-03-16,22.335,131
2008-03-17,22.298,131
2008-03-18,22.244,131
2008-03-19,22.345,131
2008-03-20,22.461,131
2008-03-21,22.64,131
2008-03-22,22.78,131
2008-03-23,22.767,131
2008-03-24,22.906,131
2008-03-25,22.96,131
2008-03-26,23.093,131
2008-03-27,23.224,131
2008-03-28,23.223,131
2008-03-29,23.227,131
2008-03-30,23.188,131
2008-03-31,23.3,131
2008-04-01,23.361,131
2008-04-02,23.437,131
2008-04-03,23.468,131
2008-04-04,23.366,131
2008-04-05,23.345,131
2008-04-06,23.317,131
2008-04-07,23.325,131
2008-04-08,23.339,131
2008-04-09,23.28,131
2008-04-10,23.212,131
2008-04-11,23.062,131
2008-04-12,22.932,131
2008-04-13,22.963,131
2008-04-14,22.919,131
2008-04-15,22.953,131
2008-04-16,22.901,131
2008-04-17,22.891,131
2008-04-18,22.898,131
2008-04-19,22.878,131
2008-04-20,22.902,131
2008-04-21,22.97,131
2008-04-22,23.007,131
2008-04-23,23.159,131
2008-04-24,23.056,131
2008-04-25,23.186,131
2008-04-26,23.225,131
2008-04-27,23.259,131
2008-04-28,23.434,131
2008-04-29,23.673,131
2008-04-30,23.712,131
2008-05-01,23.728,131
2008-05-02,23.73,131
2008-05-03,23.759,131
2008-05-04,23.651,131
2008-05-05,23.478,131
2008-05-06,23.645,131
2008-05-07,23.874,131
2008-05-08,24.062,131
2008-05-09,24.248,131
2008-05-10,24.406,131
2008-05-11,24.554,131
2008-05-12,24.557,131
2008-05-13,24.576,131
2008-05-14,24.428,131
2008-05-15,24.441,131
2008-05-16,24.423,131
2008-05-17,24.731,131
2008-05-18,25.133,131
2008-05-19,25.156,131
2008-05-20,25.127,131
2008-05-21,24.77,131
2008-05-22,24.427,131
2008-05-23,24.063,131
2008-05-24,24.067,131
2008-05-25,24.121,131
2008-05-26,24.105,131
2008-05-27,24.421,131
2008-05-28,24.527,131
2008-05-29,24.768,131
2008-05-30,24.984,131
2008-05-31,25.175,131
2008-06-01,25.289,131
2008-06-02,25.483,131
2008-06-03,25.547,131
2008-06-04,25.616,131
2008-06-05,25.692,131
2008-06-06,25.739,131
2008-06-07,25.655,131
2008-06-08,25.326,131
2008-06-09,25.227,131
2008-06-10,25.077,131
2008-06-11,24.956,131
2008-06-12,25.06,131
2008-06-13,25.132,131
2008-06-14,25.114,131
2008-06-15,25.106,131
2008-06-16,25.029,131
2008-06-17,25.014,131
2008-06-18,24.955,131
2008-06-19,25.015,131
2008-06-20,25.21,131
2008-06-21,25.294,131
2008-06-22,25.366,131
2008-06-23,25.478,131
2008-06-24,25.658,131
2008-06-25,25.848,131
2008-06-26,25.951,131
2008-06-27,26.036,131
2008-06-28,26.123,131
2008-06-29,26.132,131
2008-06-30,26.221,131
2008-07-01,26.248,131
2008-07-02,26.211,131
2008-07-03,26.197,131
2008-07-04,26.15,131
2008-07-05,26.181,131
2008-07-06,26.192,131
2008-07-07,26.287,131
2008-07-08,26.504,131
2008-07-09,26.49,131
2008-07-10,26.505,131
2008-07-11,26.496,131
2008-07-12,26.478,131
2008-07-13,26.489,131
2008-07-14,26.454,131
2008-07-15,26.487,131
2008-07-16,26.52,131
2008-07-17,26.533,131
2008-07-18,26.492,131
2008-07-19,26.466,131
2008-07-20,26.482,131
2008-07-21,26.485,131
2008-07-22,26.465,131
2008-07-23,26.482,131
2008-07-24,26.473,131
2008-07-25,26.537,131
2008-07-26,26.604,131
2008-07-27,26.604,131
2008-07-28,26.562,131
2008-07-29,26.561,131
2008-07-30,26.567,131
2008-07-31,26.571,131
2008-08-01,26.576,131
2008-08-02,26.521,131
2008-08-03,26.549,131
2008-08-04,26.638,131
2008-08-05,26.71,131
2008-08-06,26.764,131
2008-08-07,26.909,131
2008-08-08,26.979,131
2008-08-09,26.995,131
2008-08-10,27.034,131
2008-08-11,27.023,131
2008-08-12,27.067,131
2008-08-13,27.16,131
2008-08-14,27.296,131
2008-08-15,27.351,131
2008-08-16,27.353,131
2008-08-17,27.383,131
2008-08-18,27.322,131
2008-08-19,27.269,131
2008-08-20,27.208,131
2008-08-21,27.153,131
2008-08-22,27.139,131
2008-08-23,27.126,131
2008-08-24,27.051,131
2008-08-25,27.107,131
2008-08-26,27.216,131
2008-08-27,27.32,131
2008-08-28,27.295,131
2008-08-29,27.291,131
2008-08-30,27.288,131
2008-08-31,27.296,131
2008-09-01,27.329,131
2008-09-02,27.403,131
2008-09-03,27.459,131
2008-09-04,27.511,131
2008-09-05,27.569,131
2008-09-06,27.524,131
2008-09-07,27.468,131
2008-09-08,27.552,131
2008-09-09,27.582,131
2008-09-10,27.563,131
2008-09-11,27.513,131
2008-09-12,27.571,131
2008-09-13,27.636,131
2008-09-14,27.489,131
2008-09-15,27.428,131
2008-09-16,27.358,131
2008-09-17,27.347,131
2008-09-18,27.475,131
2008-09-19,27.568,131
2008-09-20,27.578,131
2008-09-21,27.543,131
2008-09-22,27.528,131
2008-09-23,27.534,131
2008-09-24,27.596,131
2008-09-25,27.606,131
2008-09-26,27.592,131
2008-09-27,27.538,131
2008-09-28,27.546,131
2008-09-29,27.463,131
2008-09-30,27.469,131
2008-10-01,27.431,131
2008-10-02,27.383,131
2008-10-03,27.361,131
2008-10-04,27.403,131
2008-10-05,27.447,131
2008-10-06,27.434,131
2008-10-07,27.508,131
2008-10-08,27.628,131
2008-10-09,27.592,131
2008-10-10,27.51,131
2008-10-11,27.283,131
2008-10-12,27.088,131
2008-10-13,26.891,131
2008-10-14,26.716,131
2008-10-15,26.6,131
2008-10-16,26.414,131
2008-10-17,26.429,131
2008-10-18,26.392,131
2008-10-19,26.407,131
2008-10-20,26.402,131
2008-10-21,26.331,131
2008-10-22,26.352,131
2008-10-23,26.394,131
2008-10-24,26.419,131
2008-10-25,26.372,131
2008-10-26,26.133,131
2008-10-27,25.948,131
2008-10-28,25.893,131
2008-10-29,25.823,131
2008-10-30,25.57,131
2008-10-31,25.583,131
2008-11-01,25.621,131
2008-11-02,25.67,131
2008-11-03,25.705,131
2008-11-04,25.699,131
2008-11-05,25.756,131
2008-11-06,25.781,131
2008-11-07,25.751,131
2008-11-08,25.741,131
2008-11-09,25.583,131
2008-11-10,25.555,131
2008-11-11,25.52,131
2008-11-12,25.524,131
2008-11-13,25.437,131
2008-11-14,25.416,131
2008-11-15,25.237,131
2008-11-16,25.155,131
2008-11-17,25.024,131
2008-11-18,24.975,131
2008-11-19,24.935,131
2008-11-20,24.89,131
2008-11-21,24.797,131
2008-11-22,24.812,131
2008-11-23,24.811,131
2008-11-24,24.822,131
2008-11-25,24.821,131
2008-11-26,24.829,131
2008-11-27,24.802,131
2008-11-28,24.706,131
2008-11-29,24.585,131
2008-11-30,24.494,131
2008-12-01,24.462,131
2008-12-02,24.371,131
2008-12-03,24.266,131
2008-12-04,24.203,131
2008-12-05,24.185,131
2008-12-06,24.023,131
2008-12-07,23.967,131
2008-12-08,23.901,131
2008-12-09,23.758,131
2008-12-10,23.627,131
2008-12-11,23.507,131
2008-12-12,23.383,131
2008-12-13,23.23,131
2008-12-14,23.15,131
2008-12-15,23.038,131
2008-12-16,23.015,131
2008-12-17,23.037,131
2008-12-18,23.079,131
2008-12-19,22.896,131
2008-12-20,22.856,131
2008-12-21,22.844,131
2008-12-22,22.782,131
2008-12-23,22.73,131
2008-12-24,22.701,131
2008-12-25,22.717,131
2008-12-26,22.813,131
2008-12-27,22.875,131
2008-12-28,22.896,131
2008-12-29,22.878,131
2008-12-30,22.743,131
2008-12-31,22.74,131
2009-01-01,22.777,131
2009-01-02,22.843,131
2009-01-03,22.855,131
2009-01-04,22.817,131
2009-01-05,22.788,131
2009-01-06,22.817,131
2009-01-07,22.765,131
2009-01-08,22.75,131
2009-01-09,22.713,131
2009-01-10,22.648,131
2009-01-11,22.578,131
2009-01-12,22.559,131
2009-01-13,22.498,131
2009-01-14,22.475,131
2009-01-15,22.334,131
2009-01-16,22.246,131
2009-01-17,22.167,131
2009-01-18,22.11,131
2009-01-19,22.064,131
2009-01-20,21.98,131
2009-01-21,21.82,131
2009-01-22,21.735,131
2009-01-23,21.723,131
2009-01-24,21.714,131
2009-01-25,21.666,131
2009-01-26,21.582,131
2009-01-27,21.549,131
2009-01-28,21.511,131
2009-01-29,21.546,131
2009-01-30,21.481,131
2009-01-31,21.484,131
2009-02-01,21.487,131
2009-02-02,21.571,131
2009-02-03,21.565,131
2009-02-04,21.569,131
2009-02-05,21.566,131
2009-02-06,21.591,131
2009-02-07,21.604,131
2009-02-08,21.674,131
2009-02-09,21.812,131
2009-02-10,21.897,131
2009-02-11,22.018,131
2009-02-12,22.061,131
2009-02-13,22.032,131
2009-02-14,22.034,131
2009-02-15,22.039,131
2009-02-16,21.981,131
2009-02-17,21.987,131
2009-02-18,22.006,131
2009-02-19,22.057,131
2009-02-20,22.019,131
2009-02-21,21.958,131
2009-02-22,21.928,131
2009-02-23,21.909,131
2009-02-24,21.95,131
2009-02-25,21.898,131
2009-02-26,21.785,131
2009-02-27,21.691,131
2009-02-28,21.61,131
2009-03-01,21.492,131
2009-03-02,21.568,131
2009-03-03,21.68,131
2009-03-04,21.667,131
2009-03-05,21.679,131
2009-03-06,21.698,131
2009-03-07,21.658,131
2009-03-08,21.693,131
2009-03-09,21.666,131
2009-03-10,21.691,131
2009-03-11,21.684,131
2009-03-12,21.706,131
2009-03-13,21.558,131
2009-03-14,21.522,131
2009-03-15,21.546,131
2009-03-16,21.564,131
2009-03-17,21.573,131
2009-03-18,21.601,131
2009-03-19,21.619,131
2009-03-20,21.613,131
2009-03-21,21.699,131
2009-03-22,21.849,131
2009-03-23,21.888,131
2009-03-24,21.894,131
2009-03-25,21.863,131
2009-03-26,21.828,131
2009-03-27,21.912,131
2009-03-28,22.036,131
2009-03-29,22.097,131
2009-03-30,22.076,131
2009-03-31,22.15,131
2009-04-01,22.244,131
2009-04-02,22.366,131
2009-04-03,22.387,131
2009-04-04,22.364,131
2009-04-05,22.378,131
2009-04-06,22.474,131
2009-04-07,22.467,131
2009-04-08,22.485,131
2009-04-09,22.466,131
2009-04-10,22.558,131
2009-04-11,22.678,131
2009-04-12,22.876,131
2009-04-13,23.026,131
2009-04-14,23.026,131
2009-04-15,23.168,131
2009-04-16,23.362,131
2009-04-17,23.532,131
2009-04-18,23.539,131
2009-04-19,23.111,131
2009-04-20,22.94,131
2009-04-21,22.781,131
2009-04-22,22.743,131
2009-04-23,22.863,131
2009-04-24,23.026,131
2009-04-25,23.196,131
2009-04-26,23.239,131
2009-04-27,23.151,131
2009-04-28,23.09,131
2009-04-29,23.141,131
2009-04-30,23.218,131
2009-05-01,23.361,131
2009-05-02,23.475,131
2009-05-03,23.522,131
2009-05-04,23.533,131
2009-05-05,23.421,131
2009-05-06,23.442,131
2009-05-07,23.405,131
2009-05-08,23.337,131
2009-05-09,23.573,131
2009-05-10,23.778,131
2009-05-11,23.883,131
2009-05-12,24.094,131
2009-05-13,23.959,131
2009-05-14,23.888,131
2009-05-15,23.717,131
2009-05-16,23.467,131
2009-05-17,23.414,131
2009-05-18,23.367,131
2009-05-19,23.252,131
2009-05-20,23.096,131
2009-05-21,23.094,131
2009-05-22,23.17,131
2009-05-23,23.162,131
2009-05-24,23.152,131
2009-05-25,23.271,131
2009-05-26,23.457,131
2009-05-27,23.533,131
2009-05-28,23.673,131
2009-05-29,23.824,131
2009-05-30,23.911,131
2009-05-31,23.831,131
2009-06-01,23.835,131
2009-06-02,23.855,131
2009-06-03,23.847,131
2009-06-04,23.958,131
2009-06-05,23.993,131
2009-06-06,24.141,131
2009-06-07,24.306,131
2009-06-08,24.4,131
2009-06-09,24.544,131
2009-06-10,24.695,131
2009-06-11,24.743,131
2009-06-12,25.025,131
2009-06-13,25.346,131
2009-06-14,25.403,131
2009-06-15,25.424,131
2009-06-16,25.525,131
2009-06-17,25.467,131
2009-06-18,25.698,131
2009-06-19,25.816,131
2009-06-20,25.777,131
2009-06-21,25.894,131
2009-06-22,25.985,131
2009-06-23,26.026,131
2009-06-24,26.051,131
2009-06-25,26.095,131
2009-06-26,26.111,131
2009-06-27,26.206,131
2009-06-28,26.344,131
2009-06-29,26.362,131
2009-06-30,26.428,131
2009-07-01,26.479,131
2009-07-02,26.762,131
2009-07-03,26.758,131
2009-07-04,26.858,131
2009-07-05,27.007,131
2009-07-06,27.06,131
2009-07-07,27.157,131
2009-07-08,27.1,131
2009-07-09,27.052,131
2009-07-10,27.026,131
2009-07-11,27.001,131
2009-07-12,26.963,131
2009-07-13,26.946,131
2009-07-14,26.934,131
2009-07-15,26.898,131
2009-07-16,26.889,131
2009-07-17,26.888,131
2009-07-18,26.85,131
2009-07-19,26.837,131
2009-07-20,26.777,131
2009-07-21,26.76,131
2009-07-22,26.749,131
2009-07-23,26.753,131
2009-07-24,26.829,131
2009-07-25,27.019,131
2009-07-26,27.132,131
2009-07-27,27.361,131
2009-07-28,27.387,131
2009-07-29,27.44,131
2009-07-30,27.475,131
2009-07-31,27.461,131
2009-08-01,27.478,131
2009-08-02,27.599,131
2009-08-03,27.611,131
2009-08-04,27.648,131
2009-08-05,27.643,131
2009-08-06,27.592,131
2009-08-07,27.549,131
2009-08-08,27.505,131
2009-08-09,27.446,131
2009-08-10,27.419,131
2009-08-11,27.423,131
2009-08-12,27.41,131
2009-08-13,27.415,131
2009-08-14,27.417,131
2009-08-15,27.436,131
2009-08-16,27.442,131
2009-08-17,27.516,131
2009-08-18,27.479,131
2009-08-19,27.467,131
2009-08-20,27.455,131
2009-08-21,27.495,131
2009-08-22,27.478,131
2009-08-23,27.467,131
2009-08-24,27.453,131
2009-08-25,27.387,131
2009-08-26,27.362,131
2009-08-27,27.315,131
2009-08-28,27.358,131
2009-08-29,27.449,131
2009-08-30,27.495,131
2009-08-31,27.45,131
2009-09-01,27.436,131
2009-09-02,27.278,131
2009-09-03,27.221,131
2009-09-04,27.195,131
2009-09-05,27.191,131
2009-09-06,27.208,131
2009-09-07,27.287,131
2009-09-08,27.362,131
2009-09-09,27.404,131
2009-09-10,27.418,131
2009-09-11,27.355,131
2009-09-12,27.341,131
2009-09-13,27.343,131
2009-09-14,27.372,131
2009-09-15,27.421,131
2009-09-16,27.507,131
2009-09-17,27.498,131
2009-09-18,27.544,131
2009-09-19,27.567,131
2009-09-20,27.616,131
2009-09-21,27.534,131
2009-09-22,27.574,131
2009-09-23,27.597,131
2009-09-24,27.538,131
2009-09-25,27.435,131
2009-09-26,27.258,131
2009-09-27,27.165,131
2009-09-28,27.164,131
2009-09-29,27.152,131
2009-09-30,27.069,131
2009-10-01,27.122,131
2009-10-02,27.116,131
2009-10-03,27.179,131
2009-10-04,27.02,131
2009-10-05,26.786,131
2009-10-06,26.695,131
2009-10-07,26.689,131
2009-10-08,26.621,131
2009-10-09,26.604,131
2009-10-10,26.575,131
2009-10-11,26.596,131
2009-10-12,26.555,131
2009-10-13,26.5,131
2009-10-14,26.487,131
2009-10-15,26.577,131
2009-10-16,26.626,131
2009-10-17,26.67,131
2009-10-18,26.642,131
2009-10-19,26.568,131
2009-10-20,26.472,131
2009-10-21,26.486,131
2009-10-22,26.382,131
2009-10-23,26.259,131
2009-10-24,26.261,131
2009-10-25,26.32,131
2009-10-26,26.226,131
2009-10-27,26,131
2009-10-28,25.722,131
2009-10-29,25.652,131
2009-10-30,25.569,131
2009-10-31,25.496,131
2009-11-01,25.45,131
2009-11-02,25.278,131
2009-11-03,25.034,131
2009-11-04,24.964,131
2009-11-05,24.896,131
2009-11-06,24.803,131
2009-11-07,24.771,131
2009-11-08,24.767,131
2009-11-09,24.8,131
2009-11-10,24.781,131
2009-11-11,24.766,131
2009-11-12,24.764,131
2009-11-13,24.662,131
2009-11-14,24.635,131
2009-11-15,24.609,131
2009-11-16,24.517,131
2009-11-17,24.511,131
2009-11-18,24.528,131
2009-11-19,24.567,131
2009-11-20,24.53,131
2009-11-21,24.564,131
2009-11-22,24.552,131
2009-11-23,24.501,131
2009-11-24,24.461,131
2009-11-25,24.364,131
2009-11-26,24.363,131
2009-11-27,24.367,131
2009-11-28,24.332,131
2009-11-29,24.229,131
2009-11-30,24.205,131
2009-12-01,24.172,131
2009-12-02,24.042,131
2009-12-03,23.937,131
2009-12-04,23.852,131
2009-12-05,23.715,131
2009-12-06,23.723,131
2009-12-07,23.667,131
2009-12-08,23.639,131
2009-12-09,23.609,131
2009-12-10,23.613,131
2009-12-11,23.612,131
2009-12-12,23.603,131
2009-12-13,23.532,131
2009-12-14,23.446,131
2009-12-15,23.424,131
2009-12-16,23.423,131
2009-12-17,23.361,131
2009-12-18,23.295,131
2009-12-19,23.266,131
2009-12-20,23.225,131
2009-12-21,23.288,131
2009-12-22,23.256,131
2009-12-23,23.244,131
2009-12-24,23.142,131
2009-12-25,23.108,131
2009-12-26,23.09,131
2009-12-27,23.06,131
2009-12-28,23.099,131
2009-12-29,23.086,131
2009-12-30,22.986,131
2009-12-31,22.922,131
2010-01-01,22.887,131
2010-01-02,22.866,131
2010-01-03,22.837,131
2010-01-04,22.835,131
2010-01-05,22.698,131
2010-01-06,22.563,131
2010-01-07,22.499,131
2010-01-08,22.485,131
2010-01-09,22.393,131
2010-01-10,22.363,131
2010-01-11,22.251,131
2010-01-12,22.122,131
2010-01-13,22.092,131
2010-01-14,22.109,131
2010-01-15,22.151,131
2010-01-16,22.113,131
2010-01-17,22.111,131
2010-01-18,22.151,131
2010-01-19,22.191,131
2010-01-20,22.162,131
2010-01-21,22.083,131
2010-01-22,22.019,131
2010-01-23,21.989,131
2010-01-24,21.951,131
2010-01-25,21.933,131
2010-01-26,21.854,131
2010-01-27,21.695,131
2010-01-28,21.644,131
2010-01-29,21.62,131
2010-01-30,21.598,131
2010-01-31,21.59,131
2010-02-01,21.549,131
2010-02-02,21.55,131
2010-02-03,21.492,131
2010-02-04,21.42,131
2010-02-05,21.511,131
2010-02-06,21.612,131
2010-02-07,21.63,131
2010-02-08,21.623,131
2010-02-09,21.494,131
2010-02-10,21.436,131
2010-02-11,21.418,131
2010-02-12,21.453,131
2010-02-13,21.484,131
2010-02-14,21.499,131
2010-02-15,21.498,131
2010-02-16,21.508,131
2010-02-17,21.361,131
2010-02-18,21.301,131
2010-02-19,21.334,131
2010-02-20,21.408,131
2010-02-21,21.413,131
2010-02-22,21.361,131
2010-02-23,21.228,131
2010-02-24,21.172,131
2010-02-25,21.174,131
2010-02-26,21.288,131
2010-02-27,21.342,131
2010-02-28,21.277,131
2010-03-01,21.116,131
2010-03-02,21.21,131
2010-03-03,21.276,131
2010-03-04,21.322,131
2010-03-05,21.404,131
2010-03-06,21.414,131
2010-03-07,21.384,131
2010-03-08,21.38,131
2010-03-09,21.461,131
2010-03-10,21.538,131
2010-03-11,21.608,131
2010-03-12,21.641,131
2010-03-13,21.749,131
2010-03-14,21.599,131
2010-03-15,21.466,131
2010-03-16,21.479,131
2010-03-17,21.458,131
2010-03-18,21.43,131
2010-03-19,21.27,131
2010-03-20,21.151,131
2010-03-21,21.194,131
2010-03-22,21.212,131
2010-03-23,21.276,131
2010-03-24,21.366,131
2010-03-25,21.532,131
2010-03-26,21.603,131
2010-03-27,21.629,131
2010-03-28,21.712,131
2010-03-29,21.818,131
2010-03-30,21.868,131
2010-03-31,21.915,131
2010-04-01,22.05,131
2010-04-02,22.101,131
2010-04-03,22.094,131
2010-04-04,22.079,131
2010-04-05,22.153,131
2010-04-06,22.127,131
2010-04-07,21.99,131
2010-04-08,22.02,131
2010-04-09,22.126,131
2010-04-10,22.16,131
2010-04-11,22.277,131
2010-04-12,21.838,131
2010-04-13,21.735,131
2010-04-14,21.678,131
2010-04-15,21.612,131
2010-04-16,21.65,131
2010-04-17,21.635,131
2010-04-18,21.7,131
2010-04-19,21.867,131
2010-04-20,21.975,131
2010-04-21,22.115,131
2010-04-22,22.134,131
2010-04-23,22.303,131
2010-04-24,22.531,131
2010-04-25,22.72,131
2010-04-26,22.788,131
2010-04-27,22.746,131
2010-04-28,22.806,131
2010-04-29,22.802,131
2010-04-30,22.457,131
2010-05-01,22.282,131
2010-05-02,22.225,131
2010-05-03,22.001,131
2010-05-04,21.968,131
2010-05-05,22.004,131
2010-05-06,22.131,131
2010-05-07,22.323,131
2010-05-08,22.418,131
2010-05-09,22.678,131
2010-05-10,22.883,131
2010-05-11,22.968,131
2010-05-12,23.276,131
2010-05-13,23.584,131
2010-05-14,23.711,131
2010-05-15,23.965,131
2010-05-16,24.001,131
2010-05-17,24.003,131
2010-05-18,24.145,131
2010-05-19,24.172,131
2010-05-20,24.022,131
2010-05-21,24.061,131
2010-05-22,24.192,131
2010-05-23,24.226,131
2010-05-24,24.266,131
2010-05-25,24.299,131
2010-05-26,24.238,131
2010-05-27,24.361,131
2010-05-28,24.617,131
2010-05-29,24.658,131
2010-05-30,24.628,131
2010-05-31,24.816,131
2010-06-01,25.001,131
2010-06-02,25.09,131
2010-06-03,25.23,131
2010-06-04,25.32,131
2010-06-05,25.266,131
2010-06-06,25.327,131
2010-06-07,25.454,131
2010-06-08,25.557,131
2010-06-09,25.605,131
2010-06-10,25.558,131
2010-06-11,25.378,131
2010-06-12,25.275,131
2010-06-13,25.372,131
2010-06-14,25.463,131
2010-06-15,25.474,131
2010-06-16,25.586,131
2010-06-17,25.643,131
2010-06-18,25.707,131
2010-06-19,25.932,131
2010-06-20,26.106,131
2010-06-21,26.144,131
2010-06-22,26.167,131
2010-06-23,26.091,131
2010-06-24,26.069,131
2010-06-25,26.024,131
2010-06-26,26.004,131
2010-06-27,25.983,131
2010-06-28,26.007,131
2010-06-29,25.975,131
2010-06-30,25.944,131
2010-07-01,26.027,131
2010-07-02,26.209,131
2010-07-03,26.313,131
2010-07-04,26.366,131
2010-07-05,26.535,131
2010-07-06,26.624,131
2010-07-07,26.667,131
2010-07-08,26.678,131
2010-07-09,26.681,131
2010-07-10,26.652,131
2010-07-11,26.677,131
2010-07-12,26.69,131
2010-07-13,26.697,131
2010-07-14,26.721,131
2010-07-15,26.876,131
2010-07-16,26.922,131
2010-07-17,26.944,131
2010-07-18,26.889,131
2010-07-19,26.887,131
2010-07-20,26.865,131
2010-07-21,26.861,131
2010-07-22,26.794,131
2010-07-23,26.803,131
2010-07-24,26.745,131
2010-07-25,26.994,131
2010-07-26,27.106,131
2010-07-27,27.119,131
2010-07-28,27.203,131
2010-07-29,27.143,131
2010-07-30,27.155,131
2010-07-31,27.187,131
2010-08-01,27.207,131
2010-08-02,27.111,131
2010-08-03,27.093,131
2010-08-04,27.056,131
2010-08-05,27.038,131
2010-08-06,27.023,131
2010-08-07,26.987,131
2010-08-08,27.044,131
2010-08-09,27.127,131
2010-08-10,27.189,131
2010-08-11,27.203,131
2010-08-12,27.299,131
2010-08-13,27.408,131
2010-08-14,27.476,131
2010-08-15,27.479,131
2010-08-16,27.486,131
2010-08-17,27.455,131
2010-08-18,27.406,131
2010-08-19,27.399,131
2010-08-20,27.361,131
2010-08-21,27.371,131
2010-08-22,27.332,131
2010-08-23,27.296,131
2010-08-24,27.281,131
2010-08-25,27.264,131
2010-08-26,27.222,131
2010-08-27,27.215,131
2010-08-28,27.248,131
2010-08-29,27.305,131
2010-08-30,27.254,131
2010-08-31,27.272,131
2010-09-01,27.273,131
2010-09-02,27.326,131
2010-09-03,27.307,131
2010-09-04,27.3,131
2010-09-05,27.275,131
2010-09-06,27.275,131
2010-09-07,27.29,131
2010-09-08,27.26,131
2010-09-09,27.212,131
2010-09-10,27.214,131
2010-09-11,27.24,131
2010-09-12,27.275,131
2010-09-13,27.293,131
2010-09-14,27.344,131
2010-09-15,27.373,131
2010-09-16,27.424,131
2010-09-17,27.368,131
2010-09-18,27.287,131
2010-09-19,27.287,131
2010-09-20,27.353,131
2010-09-21,27.363,131
2010-09-22,27.364,131
2010-09-23,27.363,131
2010-09-24,27.38,131
2010-09-25,27.36,131
2010-09-26,27.28,131
2010-09-27,27.261,131
2010-09-28,27.147,131
2010-09-29,26.985,131
2010-09-30,26.987,131
2010-10-01,26.943,131
2010-10-02,26.879,131
2010-10-03,26.9,131
2010-10-04,26.864,131
2010-10-05,26.829,131
2010-10-06,26.772,131
2010-10-07,26.759,131
2010-10-08,26.729,131
2010-10-09,26.67,131
2010-10-10,26.642,131
2010-10-11,26.595,131
2010-10-12,26.665,131
2010-10-13,26.732,131
2010-10-14,26.717,131
2010-10-15,26.714,131
2010-10-16,26.702,131
2010-10-17,26.676,131
2010-10-18,26.817,131
2010-10-19,26.847,131
2010-10-20,26.843,131
2010-10-21,26.737,131
2010-10-22,26.644,131
2010-10-23,26.586,131
2010-10-24,26.49,131
2010-10-25,26.447,131
2010-10-26,26.274,131
2010-10-27,26.146,131
2010-10-28,26.125,131
2010-10-29,26.097,131
2010-10-30,26.087,131
2010-10-31,26.08,131
2010-11-01,26.019,131
2010-11-02,25.915,131
2010-11-03,25.786,131
2010-11-04,25.734,131
2010-11-05,25.654,131
2010-11-06,25.598,131
2010-11-07,25.586,131
2010-11-08,25.64,131
2010-11-09,25.629,131
2010-11-10,25.605,131
2010-11-11,25.553,131
2010-11-12,25.514,131
2010-11-13,25.396,131
2010-11-14,25.313,131
2010-11-15,25.245,131
2010-11-16,25.207,131
2010-11-17,25.171,131
2010-11-18,25.167,131
2010-11-19,25.101,131
2010-11-20,25.047,131
2010-11-21,24.867,131
2010-11-22,24.781,131
2010-11-23,24.815,131
2010-11-24,24.829,131
2010-11-25,24.791,131
2010-11-26,24.773,131
2010-11-27,24.778,131
2010-11-28,24.69,131
2010-11-29,24.599,131
2010-11-30,24.582,131
2010-12-01,24.512,131
2010-12-02,24.471,131
2010-12-03,24.515,131
2010-12-04,24.519,131
2010-12-05,24.497,131
2010-12-06,24.559,131
2010-12-07,24.557,131
2010-12-08,24.515,131
2010-12-09,24.464,131
2010-12-10,24.406,131
2010-12-11,24.297,131
2010-12-12,24.233,131
2010-12-13,24.24,131
2010-12-14,24.178,131
2010-12-15,24.127,131
2010-12-16,24.099,131
2010-12-17,24.111,131
2010-12-18,24.073,131
2010-12-19,23.931,131
2010-12-20,23.872,131
2010-12-21,23.934,131
2010-12-22,23.938,131
2010-12-23,23.959,131
2010-12-24,23.939,131
2010-12-25,23.87,131
2010-12-26,23.853,131
2010-12-27,23.765,131
2010-12-28,23.736,131
2010-12-29,23.648,131
2010-12-30,23.622,131
2010-12-31,23.69,131
2011-01-01,23.68,131
2011-01-02,23.706,131
2011-01-03,23.724,131
2011-01-04,23.665,131
2011-01-05,23.63,131
2011-01-06,23.539,131
2011-01-07,23.421,131
2011-01-08,23.389,131
2011-01-09,23.263,131
2011-01-10,23.178,131
2011-01-11,23.142,131
2011-01-12,23.044,131
2011-01-13,22.992,131
2011-01-14,22.761,131
2011-01-15,22.681,131
2011-01-16,22.597,131
2011-01-17,22.555,131
2011-01-18,22.469,131
2011-01-19,22.495,131
2011-01-20,22.537,131
2011-01-21,22.551,131
2011-01-22,22.605,131
2011-01-23,22.674,131
2011-01-24,22.621,131
2011-01-25,22.551,131
2011-01-26,22.54,131
2011-01-27,22.51,131
2011-01-28,22.507,131
2011-01-29,22.272,131
2011-01-30,22.289,131
2011-01-31,22.258,131
2011-02-01,22.197,131
2011-02-02,22.187,131
2011-02-03,22.125,131
2011-02-04,22.108,131
2011-02-05,22.006,131
2011-02-06,21.832,131
2011-02-07,21.824,131
2011-02-08,21.815,131
2011-02-09,21.798,131
2011-02-10,21.754,131
2011-02-11,21.717,131
2011-02-12,21.659,131
2011-02-13,21.722,131
2011-02-14,21.672,131
2011-02-15,21.669,131
2011-02-16,21.668,131
2011-02-17,21.74,131
2011-02-18,21.737,131
2011-02-19,21.75,131
2011-02-20,21.586,131
2011-02-21,21.645,131
2011-02-22,21.688,131
2011-02-23,21.757,131
2011-02-24,21.753,131
2011-02-25,21.738,131
2011-02-26,21.754,131
2011-02-27,21.797,131
2011-02-28,21.845,131
2011-03-01,21.799,131
2011-03-02,21.759,131
2011-03-03,21.705,131
2011-03-04,21.75,131
2011-03-05,21.859,131
2011-03-06,21.846,131
2011-03-07,21.799,131
2011-03-08,21.754,131
2011-03-09,21.868,131
2011-03-10,22.101,131
2011-03-11,22.255,131
2011-03-12,22.347,131
2011-03-13,22.419,131
2011-03-14,22.398,131
2011-03-15,22.405,131
2011-03-16,22.298,131
2011-03-17,22.209,131
2011-03-18,22.259,131
2011-03-19,22.377,131
2011-03-20,22.445,131
2011-03-21,22.454,131
2011-03-22,22.437,131
2011-03-23,22.486,131
2011-03-24,22.573,131
2011-03-25,22.643,131
2011-03-26,22.813,131
2011-03-27,22.811,131
2011-03-28,22.885,131
2011-03-29,22.968,131
2011-03-30,22.971,131
2011-03-31,22.973,131
2011-04-01,22.84,131
2011-04-02,22.719,131
2011-04-03,22.57,131
2011-04-04,22.388,131
2011-04-05,22.323,131
2011-04-06,22.391,131
2011-04-07,22.583,131
2011-04-08,22.604,131
2011-04-09,22.68,131
2011-04-10,22.775,131
2011-04-11,22.848,131
2011-04-12,23.033,131
2011-04-13,23.086,131
2011-04-14,23.045,131
2011-04-15,22.914,131
2011-04-16,22.899,131
2011-04-17,22.84,131
2011-04-18,22.782,131
2011-04-19,22.882,131
2011-04-20,22.944,131
2011-04-21,23.072,131
2011-04-22,23.123,131
2011-04-23,23.208,131
2011-04-24,23.133,131
2011-04-25,22.971,131
2011-04-26,22.889,131
2011-04-27,22.866,131
2011-04-28,22.859,131
2011-04-29,22.873,131
2011-04-30,22.973,131
2011-05-01,23.063,131
2011-05-02,23.198,131
2011-05-03,23.541,131
2011-05-04,23.702,131
2011-05-05,23.785,131
2011-05-06,23.851,131
2011-05-07,23.899,131
2011-05-08,23.855,131
2011-05-09,23.561,131
2011-05-10,23.589,131
2011-05-11,23.635,131
2011-05-12,23.671,131
2011-05-13,23.842,131
2011-05-14,24.046,131
2011-05-15,24.144,131
2011-05-16,24.108,131
2011-05-17,24.069,131
2011-05-18,24.112,131
2011-05-19,24.249,131
2011-05-20,24.454,131
2011-05-21,24.661,131
2011-05-22,24.597,131
2011-05-23,24.686,131
2011-05-24,24.797,131
2011-05-25,24.845,131
2011-05-26,24.882,131
2011-05-27,24.94,131
2011-05-28,24.992,131
2011-05-29,25.075,131
2011-05-30,25.045,131
2011-05-31,25.107,131
2011-06-01,25.182,131
2011-06-02,25.277,131
2011-06-03,25.371,131
2011-06-04,25.282,131
2011-06-05,25.226,131
2011-06-06,25.205,131
2011-06-07,25.293,131
2011-06-08,25.528,131
2011-06-09,25.616,131
2011-06-10,25.923,131
2011-06-11,26.106,131
2011-06-12,26.127,131
2011-06-13,26.1,131
2011-06-14,26.073,131
2011-06-15,26.148,131
2011-06-16,26.277,131
2011-06-17,26.315,131
2011-06-18,26.323,131
2011-06-19,26.375,131
2011-06-20,26.419,131
2011-06-21,26.529,131
2011-06-22,26.545,131
2011-06-23,26.537,131
2011-06-24,26.52,131
2011-06-25,26.463,131
2011-06-26,26.47,131
2011-06-27,26.428,131
2011-06-28,26.415,131
2011-06-29,26.403,131
2011-06-30,26.411,131
2011-07-01,26.44,131
2011-07-02,26.405,131
2011-07-03,26.426,131
2011-07-04,26.445,131
2011-07-05,26.524,131
2011-07-06,26.54,131
2011-07-07,26.563,131
2011-07-08,26.589,131
2011-07-09,26.578,131
2011-07-10,26.549,131
2011-07-11,26.498,131
2011-07-12,26.569,131
2011-07-13,26.64,131
2011-07-14,26.671,131
2011-07-15,26.664,131
2011-07-16,26.756,131
2011-07-17,26.794,131
2011-07-18,26.809,131
2011-07-19,26.813,131
2011-07-20,26.82,131
2011-07-21,26.78,131
2011-07-22,26.729,131
2011-07-23,26.703,131
2011-07-24,26.692,131
2011-07-25,26.716,131
2011-07-26,26.714,131
2011-07-27,26.711,131
2011-07-28,26.73,131
2011-07-29,26.725,131
2011-07-30,26.715,131
2011-07-31,26.682,131
2011-08-01,26.746,131
2011-08-02,26.748,131
2011-08-03,26.784,131
2011-08-04,26.792,131
2011-08-05,26.828,131
2011-08-06,26.833,131
2011-08-07,26.852,131
2011-08-08,26.845,131
2011-08-09,26.878,131
2011-08-10,26.89,131
2011-08-11,26.949,131
2011-08-12,27.17,131
2011-08-13,27.317,131
2011-08-14,27.281,131
2011-08-15,27.324,131
2011-08-16,27.353,131
2011-08-17,27.362,131
2011-08-18,27.373,131
2011-08-19,27.318,131
2011-08-20,27.25,131
2011-08-21,27.278,131
2011-08-22,27.299,131
2011-08-23,27.412,131
2011-08-24,27.591,131
2011-08-25,27.669,131
2011-08-26,27.849,131
2011-08-27,27.787,131
2011-08-28,27.7,131
2011-08-29,27.57,131
2011-08-30,27.568,131
2011-08-31,27.573,131
2011-09-01,27.573,131
2011-09-02,27.572,131
2011-09-03,27.568,131
2011-09-04,27.69,131
2011-09-05,27.716,131
2011-09-06,27.753,131
2011-09-07,27.848,131
2011-09-08,27.847,131
2011-09-09,27.75,131
2011-09-10,27.696,131
2011-09-11,27.661,131
2011-09-12,27.632,131
2011-09-13,27.561,131
2011-09-14,27.538,131
2011-09-15,27.544,131
2011-09-16,27.582,131
2011-09-17,27.572,131
2011-09-18,27.527,131
2011-09-19,27.56,131
2011-09-20,27.627,131
2011-09-21,27.66,131
2011-09-22,27.582,131
2011-09-23,27.484,131
2011-09-24,27.402,131
2011-09-25,27.288,131
2011-09-26,27.191,131
2011-09-27,27.22,131
2011-09-28,27.209,131
2011-09-29,27.208,131
2011-09-30,27.185,131
2011-10-01,27.182,131
2011-10-02,27.123,131
2011-10-03,27.126,131
2011-10-04,27.148,131
2011-10-05,27.19,131
2011-10-06,27.253,131
2011-10-07,27.207,131
2011-10-08,27.238,131
2011-10-09,27.268,131
2011-10-10,27.241,131
2011-10-11,27.133,131
2011-10-12,27.143,131
2011-10-13,27.01,131
2011-10-14,26.919,131
2011-10-15,26.842,131
2011-10-16,26.76,131
2011-10-17,26.719,131
2011-10-18,26.735,131
2011-10-19,26.647,131
2011-10-20,26.486,131
2011-10-21,26.462,131
2011-10-22,26.385,131
2011-10-23,26.367,131
2011-10-24,26.335,131
2011-10-25,26.225,131
2011-10-26,26.221,131
2011-10-27,26.22,131
2011-10-28,26.225,131
2011-10-29,26.23,131
2011-10-30,26.17,131
2011-10-31,26.085,131
2011-11-01,26.056,131
2011-11-02,26.035,131
2011-11-03,26.02,131
2011-11-04,26.029,131
2011-11-05,25.993,131
2011-11-06,25.946,131
2011-11-07,25.949,131
2011-11-08,25.876,131
2011-11-09,25.818,131
2011-11-10,25.773,131
2011-11-11,25.75,131
2011-11-12,25.729,131
2011-11-13,25.667,131
2011-11-14,25.619,131
2011-11-15,25.558,131
2011-11-16,25.552,131
2011-11-17,25.539,131
2011-11-18,25.492,131
2011-11-19,25.467,131
2011-11-20,25.448,131
2011-11-21,25.435,131
2011-11-22,25.341,131
2011-11-23,25.34,131
2011-11-24,25.272,131
2011-11-25,25.221,131
2011-11-26,25.183,131
2011-11-27,25.124,131
2011-11-28,24.972,131
2011-11-29,24.865,131
2011-11-30,24.775,131
2011-12-01,24.682,131
2011-12-02,24.631,131
2011-12-03,24.614,131
2011-12-04,24.564,131
2011-12-05,24.502,131
2011-12-06,24.507,131
2011-12-07,24.435,131
2011-12-08,24.383,131
2011-12-09,24.403,131
2011-12-10,24.39,131
2011-12-11,24.43,131
2011-12-12,24.439,131
2011-12-13,24.477,131
2011-12-14,24.34,131
2011-12-15,24.377,131
2011-12-16,24.394,131
2011-12-17,24.352,131
2011-12-18,24.311,131
2011-12-19,24.328,131
2011-12-20,24.314,131
2011-12-21,24.317,131
2011-12-22,24.222,131
2011-12-23,24.181,131
2011-12-24,24.135,131
2011-12-25,24.115,131
2011-12-26,24.137,131
2011-12-27,24.126,131
2011-12-28,24.085,131
2011-12-29,24.076,131
2011-12-30,24.04,131
2011-12-31,24.107,131
2012-01-01,24.059,131
2012-01-02,23.99,131
2012-01-03,23.944,131
2012-01-04,23.872,131
2012-01-05,23.904,131
2012-01-06,23.908,131
2012-01-07,23.884,131
2012-01-08,23.864,131
2012-01-09,23.771,131
2012-01-10,23.732,131
2012-01-11,23.622,131
2012-01-12,23.596,131
2012-01-13,23.543,131
2012-01-14,23.518,131
2012-01-15,23.453,131
2012-01-16,23.447,131
2012-01-17,23.237,131
2012-01-18,23.225,131
2012-01-19,23.256,131
2012-01-20,23.227,131
2012-01-21,23.162,131
2012-01-22,23.147,131
2012-01-23,23.04,131
2012-01-24,23.016,131
2012-01-25,22.962,131
2012-01-26,22.953,131
2012-01-27,23.004,131
2012-01-28,23.001,131
2012-01-29,22.997,131
2012-01-30,23.079,131
2012-01-31,23.032,131
2012-02-01,23.064,131
2012-02-02,22.983,131
2012-02-03,23.016,131
2012-02-04,22.973,131
2012-02-05,22.903,131
2012-02-06,22.756,131
2012-02-07,22.595,131
2012-02-08,22.489,131
2012-02-09,22.468,131
2012-02-10,22.522,131
2012-02-11,22.596,131
2012-02-12,22.602,131
2012-02-13,22.582,131
2012-02-14,22.485,131
2012-02-15,22.523,131
2012-02-16,22.492,131
2012-02-17,22.663,131
2012-02-18,22.683,131
2012-02-19,22.737,131
2012-02-20,22.716,131
2012-02-21,22.691,131
2012-02-22,22.653,131
2012-02-23,22.516,131
2012-02-24,22.395,131
2012-02-25,22.343,131
2012-02-26,22.332,131
2012-02-27,22.541,131
2012-02-28,22.767,131
2012-02-29,22.646,131
2012-03-01,22.646,131
2012-03-02,22.734,131
2012-03-03,22.655,131
2012-03-04,22.414,131
2012-03-05,22.198,131
2012-03-06,22.198,131
2012-03-07,22.178,131
2012-03-08,22.14,131
2012-03-09,22.093,131
2012-03-10,22.062,131
2012-03-11,21.999,131
2012-03-12,22.13,131
2012-03-13,22.223,131
2012-03-14,22.285,131
2012-03-15,22.382,131
2012-03-16,22.47,131
2012-03-17,22.465,131
2012-03-18,22.449,131
2012-03-19,22.345,131
2012-03-20,22.359,131
2012-03-21,22.218,131
2012-03-22,22.2,131
2012-03-23,22.309,131
2012-03-24,22.494,131
2012-03-25,22.663,131
2012-03-26,22.761,131
2012-03-27,22.775,131
2012-03-28,22.784,131
2012-03-29,22.794,131
2012-03-30,22.666,131
2012-03-31,22.61,131
2012-04-01,22.533,131
2012-04-02,22.454,131
2012-04-03,22.372,131
2012-04-04,22.344,131
2012-04-05,22.23,131
2012-04-06,22.102,131
2012-04-07,22.149,131
2012-04-08,22.168,131
2012-04-09,22.233,131
2012-04-10,22.299,131
2012-04-11,22.418,131
2012-04-12,22.466,131
2012-04-13,22.543,131
2012-04-14,22.687,131
2012-04-15,22.715,131
2012-04-16,22.74,131
2012-04-17,22.831,131
2012-04-18,22.854,131
2012-04-19,23.157,131
2012-04-20,23.45,131
2012-04-21,23.338,131
2012-04-22,23.227,131
2012-04-23,23.182,131
2012-04-24,23.188,131
2012-04-25,23.117,131
2012-04-26,23.143,131
2012-04-27,23.224,131
2012-04-28,23.088,131
2012-04-29,23.051,131
2012-04-30,23.037,131
2012-05-01,23.151,131
2012-05-02,23.226,131
2012-05-03,23.287,131
2012-05-04,23.286,131
2012-05-05,23.34,131
2012-05-06,23.381,131
2012-05-07,23.423,131
2012-05-08,23.559,131
2012-05-09,23.631,131
2012-05-10,23.805,131
2012-05-11,23.821,131
2012-05-12,23.942,131
2012-05-13,24.093,131
2012-05-14,24.335,131
2012-05-15,24.499,131
2012-05-16,24.581,131
2012-05-17,24.683,131
2012-05-18,24.739,131
2012-05-19,24.8,131
2012-05-20,25.04,131
2012-05-21,25.089,131
2012-05-22,25.026,131
2012-05-23,24.903,131
2012-05-24,24.869,131
2012-05-25,24.678,131
2012-05-26,24.704,131
2012-05-27,24.799,131
2012-05-28,24.963,131
2012-05-29,25.137,131
2012-05-30,25.275,131
2012-05-31,25.354,131
2012-06-01,25.324,131
2012-06-02,25.347,131
2012-06-03,25.382,131
2012-06-04,25.336,131
2012-06-05,25.339,131
2012-06-06,25.4,131
2012-06-07,25.399,131
2012-06-08,25.375,131
2012-06-09,25.612,131
2012-06-10,25.699,131
2012-06-11,25.57,131
2012-06-12,25.537,131
2012-06-13,25.615,131
2012-06-14,25.613,131
2012-06-15,25.824,131
2012-06-16,25.878,131
2012-06-17,25.866,131
2012-06-18,25.815,131
2012-06-19,25.779,131
2012-06-20,25.742,131
2012-06-21,25.797,131
2012-06-22,25.822,131
2012-06-23,25.782,131
2012-06-24,25.801,131
2012-06-25,25.858,131
2012-06-26,25.866,131
2012-06-27,25.843,131
2012-06-28,25.852,131
2012-06-29,25.839,131
2012-06-30,25.875,131
2012-07-01,25.89,131
2012-07-02,25.98,131
2012-07-03,26.236,131
2012-07-04,26.164,131
2012-07-05,26.275,131
2012-07-06,26.161,131
2012-07-07,26.246,131
2012-07-08,26.168,131
2012-07-09,26.247,131
2012-07-10,26.219,131
2012-07-11,26.316,131
2012-07-12,26.243,131
2012-07-13,26.252,131
2012-07-14,26.364,131
2012-07-15,26.373,131
2012-07-16,26.519,131
2012-07-17,26.36,131
2012-07-18,26.465,131
2012-07-19,26.355,131
2012-07-20,26.472,131
2012-07-21,26.451,131
2012-07-22,26.527,131
2012-07-23,26.787,131
2012-07-24,26.578,131
2012-07-25,26.575,131
2012-07-26,26.322,131
2012-07-27,26.346,131
2012-07-28,26.255,131
2012-07-29,26.242,131
2012-07-30,26.266,131
2012-07-31,26.192,131
2012-08-01,26.312,131
2012-08-02,26.299,131
2012-08-03,26.405,131
2012-08-04,26.381,131
2012-08-05,26.335,131
2012-08-06,26.058,131
2012-08-07,26.161,131
2012-08-08,26.183,131
2012-08-09,26.04,131
2012-08-10,26.182,131
2012-08-11,26.182,131
2012-08-12,26.454,131
2012-08-13,26.484,131
2012-08-14,26.542,131
2012-08-15,26.714,131
2012-08-16,26.474,131
2012-08-17,26.623,131
2012-08-18,26.556,131
2012-08-19,26.634,131
2012-08-20,26.624,131
2012-08-21,26.574,131
2012-08-22,26.655,131
2012-08-23,26.642,131
2012-08-24,26.756,131
2012-08-25,26.819,131
2012-08-26,27.269,131
2012-08-27,27.124,131
2012-08-28,27.275,131
2012-08-29,27.089,131
2012-08-30,26.948,131
2012-08-31,26.976,131
2012-09-01,27.027,131
2012-09-02,27.034,131
2012-09-03,27.007,131
2012-09-04,26.904,131
2012-09-05,26.766,131
2012-09-06,26.748,131
2012-09-07,26.807,131
2012-09-08,26.828,131
2012-09-09,26.897,131
2012-09-10,26.868,131
2012-09-11,26.817,131
2012-09-12,26.825,131
2012-09-13,26.843,131
2012-09-14,26.817,131
2012-09-15,26.94,131
2012-09-16,26.974,131
2012-09-17,26.898,131
2012-09-18,26.972,131
2012-09-19,27.008,131
2012-09-20,27.152,131
2012-09-21,27.055,131
2012-09-22,27.107,131
2012-09-23,27.176,131
2012-09-24,27.098,131
2012-09-25,27.015,131
2012-09-26,26.979,131
2012-09-27,27.019,131
2012-09-28,27.1,131
2012-09-29,27.297,131
2012-09-30,26.864,131
2012-10-01,26.848,131
2012-10-02,26.793,131
2012-10-03,26.621,131
2012-10-04,26.761,131
2012-10-05,26.544,131
2012-10-06,26.592,131
2012-10-07,26.441,131
2012-10-08,26.491,131
2012-10-09,26.543,131
2012-10-10,26.375,131
2012-10-11,26.611,131
2012-10-12,26.514,131
2012-10-13,26.469,131
2012-10-14,26.479,131
2012-10-15,26.424,131
2012-10-16,26.531,131
2012-10-17,26.144,131
2012-10-18,26.35,131
2012-10-19,26.07,131
2012-10-20,25.94,131
2012-10-21,25.984,131
2012-10-22,25.894,131
2012-10-23,25.791,131
2012-10-24,25.887,131
2012-10-25,25.873,131
2012-10-26,25.737,131
2012-10-27,25.834,131
2012-10-28,25.676,131
2012-10-29,25.763,131
2012-10-30,25.671,131
2012-10-31,25.691,131
2012-11-01,25.769,131
2012-11-02,25.813,131
2012-11-03,25.576,131
2012-11-04,25.404,131
2012-11-05,25.357,131
2012-11-06,25.324,131
2012-11-07,25.338,131
2012-11-08,25.252,131
2012-11-09,25.225,131
2012-11-10,25.209,131
2012-11-11,25.174,131
2012-11-12,25.179,131
2012-11-13,25.131,131
2012-11-14,24.977,131
2012-11-15,25.108,131
2012-11-16,25.061,131
2012-11-17,24.973,131
2012-11-18,25.069,131
2012-11-19,25.022,131
2012-11-20,25.035,131
2012-11-21,25.142,131
2012-11-22,25.031,131
2012-11-23,25.08,131
2012-11-24,24.92,131
2012-11-25,24.99,131
2012-11-26,24.728,131
2012-11-27,24.666,131
2012-11-28,24.653,131
2012-11-29,24.661,131
2012-11-30,24.561,131
2012-12-01,24.483,131
2012-12-02,24.37,131
2012-12-03,24.346,131
2012-12-04,24.192,131
2012-12-05,24.123,131
2012-12-06,24.099,131
2012-12-07,23.899,131
2012-12-08,23.774,131
2012-12-09,23.532,131
2012-12-10,23.75,131
2012-12-11,23.694,131
2012-12-12,23.583,131
2012-12-13,23.572,131
2012-12-14,23.519,131
2012-12-15,23.687,131
2012-12-16,23.683,131
2012-12-17,23.676,131
2012-12-18,23.462,131
2012-12-19,23.571,131
2012-12-20,23.658,131
2012-12-21,23.657,131
2012-12-22,23.704,131
2012-12-23,23.471,131
2012-12-24,23.409,131
2012-12-25,23.589,131
2012-12-26,23.375,131
2012-12-27,23.419,131
2012-12-28,23.455,131
2012-12-29,23.475,131
2012-12-30,23.436,131
2012-12-31,23.088,131
2013-01-01,23.003,131
2013-01-02,23.118,131
2013-01-03,23.192,131
2013-01-04,23.018,131
2013-01-05,23.201,131
2013-01-06,23.074,131
2013-01-07,22.96,131
2013-01-08,23.01,131
2013-01-09,22.942,131
2013-01-10,22.932,131
2013-01-11,22.974,131
2013-01-12,22.981,131
2013-01-13,22.803,131
2013-01-14,22.743,131
2013-01-15,22.706,131
2013-01-16,22.736,131
2013-01-17,22.725,131
2013-01-18,22.577,131
2013-01-19,22.701,131
2013-01-20,22.651,131
2013-01-21,22.645,131
2013-01-22,22.671,131
2013-01-23,22.667,131
2013-01-24,22.778,131
2013-01-25,22.699,131
2013-01-26,22.395,131
2013-01-27,22.365,131
2013-01-28,22.364,131
2013-01-29,22.438,131
2013-01-30,22.421,131
2013-01-31,22.562,131
2013-02-01,22.442,131
2013-02-02,22.44,131
2013-02-03,22.211,131
2013-02-04,22.208,131
2013-02-05,22.281,131
2013-02-06,22.34,131
2013-02-07,22.353,131
2013-02-08,22.281,131
2013-02-09,22.313,131
2013-02-10,22.215,131
2013-02-11,22.356,131
2013-02-12,22.402,131
2013-02-13,22.397,131
2013-02-14,22.431,131
2013-02-15,22.455,131
2013-02-16,22.388,131
2013-02-17,22.469,131
2013-02-18,22.473,131
2013-02-19,22.374,131
2013-02-20,22.436,131
2013-02-21,22.406,131
2013-02-22,22.465,131
2013-02-23,22.516,131
2013-02-24,22.581,131
2013-02-25,22.595,131
2013-02-26,22.677,131
2013-02-27,22.783,131
2013-02-28,22.691,131
2013-03-01,22.632,131
2013-03-02,22.5,131
2013-03-03,22.55,131
2013-03-04,22.732,131
2013-03-05,22.717,131
2013-03-06,22.77,131
2013-03-07,22.794,131
2013-03-08,22.491,131
2013-03-09,22.322,131
2013-03-10,22.178,131
2013-03-11,22.261,131
2013-03-12,22.007,131
2013-03-13,21.995,131
2013-03-14,22.093,131
2013-03-15,22.022,131
2013-03-16,22.077,131
2013-03-17,22.18,131
2013-03-18,22.26,131
2013-03-19,22.001,131
2013-03-20,21.91,131
2013-03-21,21.865,131
2013-03-22,21.898,131
2013-03-23,21.958,131
2013-03-24,22.006,131
2013-03-25,21.917,131
2013-03-26,21.893,131
2013-03-27,22.001,131
2013-03-28,22.081,131
2013-03-29,21.964,131
2013-03-30,21.858,131
2013-03-31,22.036,131
2013-04-01,21.838,131
2013-04-02,22.023,131
2013-04-03,22.211,131
2013-04-04,22.117,131
2013-04-05,22.382,131
2013-04-06,22.186,131
2013-04-07,22.273,131
2013-04-08,22.398,131
2013-04-09,22.303,131
2013-04-10,22.366,131
2013-04-11,22.236,131
2013-04-12,22.247,131
2013-04-13,22.115,131
2013-04-14,22.269,131
2013-04-15,22.027,131
2013-04-16,22.428,131
2013-04-17,22.272,131
2013-04-18,22.084,131
2013-04-19,22.302,131
2013-04-20,22.181,131
2013-04-21,22.042,131
2013-04-22,21.768,131
2013-04-23,22.103,131
2013-04-24,22.154,131
2013-04-25,22.458,131
2013-04-26,22.346,131
2013-04-27,22.162,131
2013-04-28,22.145,131
2013-04-29,22.106,131
2013-04-30,22.372,131
2013-05-01,22.301,131
2013-05-02,22.412,131
2013-05-03,22.281,131
2013-05-04,22.053,131
2013-05-05,22.122,131
2013-05-06,22.134,131
2013-05-07,22.361,131
2013-05-08,22.453,131
2013-05-09,22.634,131
2013-05-10,22.562,131
2013-05-11,22.572,131
2013-05-12,22.621,131
2013-05-13,22.769,131
2013-05-14,22.847,131
2013-05-15,22.972,131
2013-05-16,23.242,131
2013-05-17,23.323,131
2013-05-18,23.334,131
2013-05-19,23.244,131
2013-05-20,23.272,131
2013-05-21,23.333,131
2013-05-22,23.351,131
2013-05-23,23.377,131
2013-05-24,23.463,131
2013-05-25,23.656,131
2013-05-26,23.9,131
2013-05-27,24.067,131
2013-05-28,24.123,131
2013-05-29,24.155,131
2013-05-30,24.117,131
2013-05-31,23.997,131
2013-06-01,24.183,131
2013-06-02,24.171,131
2013-06-03,24.473,131
2013-06-04,24.401,131
2013-06-05,24.669,131
2013-06-06,24.791,131
2013-06-07,24.863,131
2013-06-08,24.8,131
2013-06-09,24.811,131
2013-06-10,24.878,131
2013-06-11,24.707,131
2013-06-12,24.834,131
2013-06-13,24.752,131
2013-06-14,24.937,131
2013-06-15,25.104,131
2013-06-16,25.522,131
2013-06-17,25.763,131
2013-06-18,25.807,131
2013-06-19,26.007,131
2013-06-20,26.04,131
2013-06-21,25.983,131
2013-06-22,25.969,131
2013-06-23,25.878,131
2013-06-24,25.763,131
2013-06-25,25.786,131
2013-06-26,25.992,131
2013-06-27,25.995,131
2013-06-28,26.15,131
2013-06-29,26.003,131
2013-06-30,26.017,131
2013-07-01,26.07,131
2013-07-02,25.998,131
2013-07-03,26.172,131
2013-07-04,26.09,131
2013-07-05,26.3,131
2013-07-06,26.36,131
2013-07-07,26.623,131
2013-07-08,26.714,131
2013-07-09,26.606,131
2013-07-10,26.59,131
2013-07-11,26.576,131
2013-07-12,26.71,131
2013-07-13,26.768,131
2013-07-14,26.854,131
2013-07-15,26.834,131
2013-07-16,26.857,131
2013-07-17,26.921,131
2013-07-18,26.961,131
2013-07-19,26.988,131
2013-07-20,26.87,131
2013-07-21,26.94,131
2013-07-22,26.793,131
2013-07-23,26.759,131
2013-07-24,26.842,131
2013-07-25,26.727,131
2013-07-26,26.637,131
2013-07-27,26.63,131
2013-07-28,26.813,131
2013-07-29,26.968,131
2013-07-30,27.342,131
2013-07-31,27.185,131
2013-08-01,27.25,131
2013-08-02,27.343,131
2013-08-03,27.277,131
2013-08-04,27.362,131
2013-08-05,27.23,131
2013-08-06,27.261,131
2013-08-07,27.164,131
2013-08-08,27.213,131
2013-08-09,27.268,131
2013-08-10,27.193,131
2013-08-11,27.361,131
2013-08-12,27.353,131
2013-08-13,27.365,131
2013-08-14,27.239,131
2013-08-15,27.243,131
2013-08-16,27.163,131
2013-08-17,27.12,131
2013-08-18,27.175,131
2013-08-19,27.2,131
2013-08-20,27.344,131
2013-08-21,27.327,131
2013-08-22,27.451,131
2013-08-23,27.335,131
2013-08-24,27.427,131
2013-08-25,27.561,131
2013-08-26,27.435,131
2013-08-27,27.484,131
2013-08-28,27.312,131
2013-08-29,27.386,131
2013-08-30,27.481,131
2013-08-31,27.519,131
2013-09-01,27.391,131
2013-09-02,27.394,131
2013-09-03,27.507,131
2013-09-04,27.483,131
2013-09-05,27.626,131
2013-09-06,27.717,131
2013-09-07,27.98,131
2013-09-08,27.772,131
2013-09-09,27.897,131
2013-09-10,27.911,131
2013-09-11,27.854,131
2013-09-12,28.018,131
2013-09-13,27.866,131
2013-09-14,27.838,131
2013-09-15,27.653,131
2013-09-16,27.592,131
2013-09-17,27.622,131
2013-09-18,27.526,131
2013-09-19,27.411,131
2013-09-20,27.376,131
2013-09-21,27.364,131
2013-09-22,27.33,131
2013-09-23,27.372,131
2013-09-24,27.344,131
2013-09-25,27.31,131
2013-09-26,27.151,131
2013-09-27,27.215,131
2013-09-28,27.135,131
2013-09-29,27.058,131
2013-09-30,26.963,131
2013-10-01,26.954,131
2013-10-02,26.855,131
2013-10-03,26.961,131
2013-10-04,26.892,131
2013-10-05,26.989,131
2013-10-06,26.874,131
2013-10-07,26.855,131
2013-10-08,26.842,131
2013-10-09,26.686,131
2013-10-10,26.749,131
2013-10-11,26.885,131
2013-10-12,26.895,131
2013-10-13,26.751,131
2013-10-14,26.844,131
2013-10-15,26.655,131
2013-10-16,26.761,131
2013-10-17,26.534,131
2013-10-18,26.391,131
2013-10-19,26.297,131
2013-10-20,26.283,131
2013-10-21,26.222,131
2013-10-22,26.215,131
2013-10-23,26.278,131
2013-10-24,26.299,131
2013-10-25,26.309,131
2013-10-26,25.909,131
2013-10-27,25.984,131
2013-10-28,26.104,131
2013-10-29,25.961,131
2013-10-30,26.008,131
2013-10-31,25.816,131
2013-11-01,25.78,131
2013-11-02,25.728,131
2013-11-03,25.705,131
2013-11-04,25.683,131
2013-11-05,25.668,131
2013-11-06,25.641,131
2013-11-07,25.684,131
2013-11-08,25.662,131
2013-11-09,25.438,131
2013-11-10,25.369,131
2013-11-11,25.186,131
2013-11-12,25.109,131
2013-11-13,24.974,131
2013-11-14,24.662,131
2013-11-15,24.545,131
2013-11-16,24.525,131
2013-11-17,24.672,131
2013-11-18,24.568,131
2013-11-19,24.657,131
2013-11-20,24.594,131
2013-11-21,24.517,131
2013-11-22,24.686,131
2013-11-23,24.481,131
2013-11-24,24.586,131
2013-11-25,24.525,131
2013-11-26,24.341,131
2013-11-27,24.268,131
2013-11-28,24.168,131
2013-11-29,24.024,131
2013-11-30,23.961,131
2013-12-01,23.999,131
2013-12-02,23.742,131
2013-12-03,23.948,131
2013-12-04,23.848,131
2013-12-05,23.635,131
2013-12-06,23.614,131
2013-12-07,23.62,131
2013-12-08,23.633,131
2013-12-09,23.541,131
2013-12-10,23.314,131
2013-12-11,23.327,131
2013-12-12,23.235,131
2013-12-13,23.243,131
2013-12-14,23.159,131
2013-12-15,23.175,131
2013-12-16,23.274,131
2013-12-17,23.296,131
2013-12-18,23.152,131
2013-12-19,23.278,131
2013-12-20,23.3,131
2013-12-21,23.266,131
2013-12-22,23.284,131
2013-12-23,23.257,131
2013-12-24,23.271,131
2013-12-25,23.344,131
2013-12-26,23.344,131
2013-12-27,23.094,131
2013-12-28,22.926,131
2013-12-29,22.857,131
2013-12-30,22.827,131
2013-12-31,23.023,131
2014-01-01,22.958,131
2014-01-02,22.848,131
2014-01-03,22.659,131
2014-01-04,22.65,131
2014-01-05,22.637,131
2014-01-06,22.757,131
2014-01-07,22.737,131
2014-01-08,22.838,131
2014-01-09,22.704,131
2014-01-10,22.519,131
2014-01-11,22.379,131
2014-01-12,22.533,131
2014-01-13,22.3,131
2014-01-14,22.403,131
2014-01-15,22.259,131
2014-01-16,22.346,131
2014-01-17,22.215,131
2014-01-18,22.34,131
2014-01-19,22.202,131
2014-01-20,22.353,131
2014-01-21,22.161,131
2014-01-22,21.905,131
2014-01-23,21.862,131
2014-01-24,21.726,131
2014-01-25,21.676,131
2014-01-26,21.545,131
2014-01-27,21.41,131
2014-01-28,21.349,131
2014-01-29,21.557,131
2014-01-30,21.601,131
2014-01-31,21.309,131
2014-02-01,21.312,131
2014-02-02,21.122,131
2014-02-03,21.023,131
2014-02-04,20.975,131
2014-02-05,20.875,131
2014-02-06,20.914,131
2014-02-07,20.961,131
2014-02-08,21.192,131
2014-02-09,21.297,131
2014-02-10,21.126,131
2014-02-11,20.911,131
2014-02-12,20.936,131
2014-02-13,20.755,131
2014-02-14,20.723,131
2014-02-15,20.696,131
2014-02-16,20.794,131
2014-02-17,20.734,131
2014-02-18,20.652,131
2014-02-19,20.966,131
2014-02-20,20.915,131
2014-02-21,21.15,131
2014-02-22,21.01,131
2014-02-23,21.166,131
2014-02-24,20.948,131
2014-02-25,21.1,131
2014-02-26,21.059,131
2014-02-27,20.994,131
2014-02-28,20.669,131
2014-03-01,20.571,131
2014-03-02,20.43,131
2014-03-03,20.382,131
2014-03-04,20.5,131
2014-03-05,20.541,131
2014-03-06,20.344,131
2014-03-07,20.547,131
2014-03-08,20.497,131
2014-03-09,20.711,131
2014-03-10,20.528,131
2014-03-11,20.9,131
2014-03-12,20.874,131
2014-03-13,20.875,131
2014-03-14,20.927,131
2014-03-15,20.915,131
2014-03-16,20.728,131
2014-03-17,20.692,131
2014-03-18,20.797,131
2014-03-19,20.722,131
2014-03-20,20.886,131
2014-03-21,20.831,131
2014-03-22,20.811,131
2014-03-23,21.026,131
2014-03-24,21.012,131
2014-03-25,21.237,131
2014-03-26,21.142,131
2014-03-27,21.254,131
2014-03-28,21.343,131
2014-03-29,21.209,131
2014-03-30,21.212,131
2014-03-31,21.218,131
2014-04-01,21.429,131
2014-04-02,21.504,131
2014-04-03,21.83,131
2014-04-04,21.907,131
2014-04-05,21.976,131
2014-04-06,21.806,131
2014-04-07,21.669,131
2014-04-08,21.687,131
2014-04-09,21.736,131
2014-04-10,21.663,131
2014-04-11,21.535,131
2014-04-12,21.601,131
2014-04-13,21.65,131
2014-04-14,21.685,131
2014-04-15,21.835,131
2014-04-16,21.924,131
2014-04-17,22.17,131
2014-04-18,22.13,131
2014-04-19,22.409,131
2014-04-20,22.421,131
2014-04-21,22.408,131
2014-04-22,22.512,131
2014-04-23,22.543,131
2014-04-24,22.555,131
2014-04-25,22.676,131
2014-04-26,22.921,131
2014-04-27,23.224,131
2014-04-28,23.278,131
2014-04-29,23.019,131
2014-04-30,22.924,131
2014-05-01,22.751,131
2014-05-02,22.649,131
2014-05-03,22.933,131
2014-05-04,22.712,131
2014-05-05,22.614,131
2014-05-06,22.52,131
2014-05-07,22.451,131
2014-05-08,22.526,131
2014-05-09,22.352,131
2014-05-10,22.413,131
2014-05-11,22.222,131
2014-05-12,22.306,131
2014-05-13,22.343,131
2014-05-14,22.395,131
2014-05-15,22.322,131
2014-05-16,22.252,131
2014-05-17,22.435,131
2014-05-18,22.423,131
2014-05-19,22.609,131
2014-05-20,22.665,131
2014-05-21,23.059,131
2014-05-22,22.985,131
2014-05-23,23.013,131
2014-05-24,22.856,131
2014-05-25,22.855,131
2014-05-26,22.946,131
2014-05-27,22.994,131
2014-05-28,23.242,131
2014-05-29,23.298,131
2014-05-30,23.363,131
2014-05-31,23.419,131
2014-06-01,23.453,131
2014-06-02,23.521,131
2014-06-03,23.64,131
2014-06-04,23.809,131
2014-06-05,23.88,131
2014-06-06,24.001,131
2014-06-07,23.973,131
2014-06-08,24.169,131
2014-06-09,24.144,131
2014-06-10,24.222,131
2014-06-11,24.267,131
2014-06-12,24.472,131
2014-06-13,24.492,131
2014-06-14,24.613,131
2014-06-15,24.694,131
2014-06-16,24.717,131
2014-06-17,24.79,131
2014-06-18,24.858,131
2014-06-19,24.893,131
2014-06-20,25.06,131
2014-06-21,25.013,131
2014-06-22,25.168,131
2014-06-23,25.248,131
2014-06-24,25.405,131
2014-06-25,25.373,131
2014-06-26,25.483,131
2014-06-27,25.584,131
2014-06-28,25.569,131
2014-06-29,25.801,131
2014-06-30,25.848,131
2014-07-01,26.156,131
2014-07-02,26.214,131
2014-07-03,26.38,131
2014-07-04,26.428,131
2014-07-05,26.483,131
2014-07-06,26.44,131
2014-07-07,26.575,131
2014-07-08,26.707,131
2014-07-09,26.7,131
2014-07-10,26.749,131
2014-07-11,26.602,131
2014-07-12,26.633,131
2014-07-13,26.71,131
2014-07-14,26.674,131
2014-07-15,26.768,131
2014-07-16,26.835,131
2014-07-17,26.795,131
2014-07-18,26.699,131
2014-07-19,26.677,131
2014-07-20,26.78,131
2014-07-21,26.844,131
2014-07-22,27.1,131
2014-07-23,27.116,131
2014-07-24,27.281,131
2014-07-25,27.269,131
2014-07-26,27.383,131
2014-07-27,27.229,131
2014-07-28,27.351,131
2014-07-29,27.372,131
2014-07-30,27.343,131
2014-07-31,27.572,131
2014-08-01,27.666,131
2014-08-02,27.769,131
2014-08-03,27.764,131
2014-08-04,27.82,131
2014-08-05,27.805,131
2014-08-06,27.723,131
2014-08-07,27.78,131
2014-08-08,27.55,131
2014-08-09,27.493,131
2014-08-10,27.476,131
2014-08-11,27.618,131
2014-08-12,27.591,131
2014-08-13,27.582,131
2014-08-14,27.764,131
2014-08-15,27.831,131
2014-08-16,28.131,131
2014-08-17,28.02,131
2014-08-18,28.288,131
2014-08-19,28.212,131
2014-08-20,28.062,131
2014-08-21,28.17,131
2014-08-22,28.186,131
2014-08-23,28.195,131
2014-08-24,28.165,131
2014-08-25,28.155,131
2014-08-26,27.991,131
2014-08-27,27.983,131
2014-08-28,27.838,131
2014-08-29,27.799,131
2014-08-30,27.994,131
2014-08-31,27.947,131
2014-09-01,28.215,131
2014-09-02,28.304,131
2014-09-03,28.345,131
2014-09-04,28.344,131
2014-09-05,28.444,131
2014-09-06,28.466,131
2014-09-07,28.389,131
2014-09-08,28.567,131
2014-09-09,28.473,131
2014-09-10,28.72,131
2014-09-11,28.554,131
2014-09-12,28.583,131
2014-09-13,28.568,131
2014-09-14,28.566,131
2014-09-15,28.507,131
2014-09-16,28.388,131
2014-09-17,28.399,131
2014-09-18,28.356,131
2014-09-19,28.465,131
2014-09-20,28.327,131
2014-09-21,28.329,131
2014-09-22,28.364,131
2014-09-23,28.229,131
2014-09-24,28.242,131
2014-09-25,28.26,131
2014-09-26,28.292,131
2014-09-27,28.38,131
2014-09-28,28.337,131
2014-09-29,28.358,131
2014-09-30,28.367,131
2014-10-01,28.542,131
2014-10-02,28.362,131
2014-10-03,28.381,131
2014-10-04,28.107,131
2014-10-05,28.197,131
2014-10-06,27.98,131
2014-10-07,28.039,131
2014-10-08,28.065,131
2014-10-09,28.018,131
2014-10-10,28.129,131
2014-10-11,27.991,131
2014-10-12,27.907,131
2014-10-13,27.814,131
2014-10-14,27.768,131
2014-10-15,27.775,131
2014-10-16,27.561,131
2014-10-17,27.589,131
2014-10-18,27.469,131
2014-10-19,27.475,131
2014-10-20,27.332,131
2014-10-21,27.274,131
2014-10-22,27.183,131
2014-10-23,27.341,131
2014-10-24,27.405,131
2014-10-25,27.332,131
2014-10-26,27.343,131
2014-10-27,27.239,131
2014-10-28,27.276,131
2014-10-29,26.781,131
2014-10-30,26.584,131
2014-10-31,26.365,131
2014-11-01,26.38,131
2014-11-02,26.431,131
2014-11-03,26.451,131
2014-11-04,26.322,131
2014-11-05,26.195,131
2014-11-06,26.044,131
2014-11-07,25.841,131
2014-11-08,25.878,131
2014-11-09,25.727,131
2014-11-10,25.562,131
2014-11-11,25.731,131
2014-11-12,25.533,131
2014-11-13,25.463,131
2014-11-14,25.276,131
2014-11-15,25.325,131
2014-11-16,25.422,131
2014-11-17,25.4,131
2014-11-18,25.316,131
2014-11-19,25.244,131
2014-11-20,25.338,131
2014-11-21,25.214,131
2014-11-22,25.316,131
2014-11-23,25.041,131
2014-11-24,24.858,131
2014-11-25,24.737,131
2014-11-26,24.673,131
2014-11-27,24.65,131
2014-11-28,24.636,131
2014-11-29,24.575,131
2014-11-30,24.549,131
2014-12-01,24.502,131
2014-12-02,24.418,131
2014-12-03,24.359,131
2014-12-04,24.352,131
2014-12-05,24.037,131
2014-12-06,24.043,131
2014-12-07,24.189,131
2014-12-08,24.132,131
2014-12-09,24.095,131
2014-12-10,24.088,131
2014-12-11,24.069,131
2014-12-12,23.961,131
2014-12-13,23.8,131
2014-12-14,23.765,131
2014-12-15,23.835,131
2014-12-16,23.849,131
2014-12-17,23.755,131
2014-12-18,23.83,131
2014-12-19,23.719,131
2014-12-20,23.687,131
2014-12-21,23.576,131
2014-12-22,23.483,131
2014-12-23,23.285,131
2014-12-24,23.138,131
2014-12-25,23.271,131
2014-12-26,23.151,131
2014-12-27,23.073,131
2014-12-28,23.109,131
2014-12-29,23.078,131
2014-12-30,22.884,131
2014-12-31,22.77,131
2015-01-01,22.824,131
2015-01-02,22.645,131
2015-01-03,22.603,131
2015-01-04,22.717,131
2015-01-05,22.596,131
2015-01-06,22.628,131
2015-01-07,22.613,131
2015-01-08,22.61,131
2015-01-09,22.556,131
2015-01-10,22.555,131
2015-01-11,22.466,131
2015-01-12,22.478,131
2015-01-13,22.486,131
2015-01-14,22.434,131
2015-01-15,22.237,131
2015-01-16,22.135,131
2015-01-17,22.231,131
2015-01-18,22.111,131
2015-01-19,22.127,131
2015-01-20,22.006,131
2015-01-21,22.017,131
2015-01-22,22.025,131
2015-01-23,21.714,131
2015-01-24,21.587,131
2015-01-25,21.644,131
2015-01-26,21.592,131
2015-01-27,21.607,131
2015-01-28,21.613,131
2015-01-29,21.306,131
2015-01-30,21.184,131
2015-01-31,21.146,131
2015-02-01,21.325,131
2015-02-02,21.318,131
2015-02-03,21.349,131
2015-02-04,21.315,131
2015-02-05,21.167,131
2015-02-06,21.088,131
2015-02-07,21.134,131
2015-02-08,21.114,131
2015-02-09,21.096,131
2015-02-10,20.772,131
2015-02-11,20.687,131
2015-02-12,20.697,131
2015-02-13,20.664,131
2015-02-14,20.699,131
2015-02-15,20.856,131
2015-02-16,20.823,131
2015-02-17,20.92,131
2015-02-18,20.922,131
2015-02-19,20.792,131
2015-02-20,20.844,131
2015-02-21,20.881,131
2015-02-22,21.005,131
2015-02-23,20.812,131
2015-02-24,20.822,131
2015-02-25,20.68,131
2015-02-26,20.683,131
2015-02-27,20.557,131
2015-02-28,20.484,131
2015-03-01,20.59,131
2015-03-02,20.439,131
2015-03-03,20.57,131
2015-03-04,20.481,131
2015-03-05,20.458,131
2015-03-06,20.351,131
2015-03-07,20.267,131
2015-03-08,20.297,131
2015-03-09,20.269,131
2015-03-10,20.304,131
2015-03-11,20.308,131
2015-03-12,20.262,131
2015-03-13,20.262,131
2015-03-14,20.424,131
2015-03-15,20.642,131
2015-03-16,20.554,131
2015-03-17,20.564,131
2015-03-18,20.443,131
2015-03-19,20.391,131
2015-03-20,20.475,131
2015-03-21,20.538,131
2015-03-22,20.687,131
2015-03-23,20.682,131
2015-03-24,20.987,131
2015-03-25,20.78,131
2015-03-26,20.808,131
2015-03-27,20.798,131
2015-03-28,20.858,131
2015-03-29,20.911,131
2015-03-30,20.723,131
2015-03-31,20.707,131
2015-04-01,20.942,131
2015-04-02,21.103,131
2015-04-03,20.913,131
2015-04-04,21.313,131
2015-04-05,21.414,131
2015-04-06,21.759,131
2015-04-07,21.754,131
2015-04-08,21.647,131
2015-04-09,21.523,131
2015-04-10,21.556,131
2015-04-11,21.822,131
2015-04-12,21.782,131
2015-04-13,22.054,131
2015-04-14,22.063,131
2015-04-15,22.036,131
2015-04-16,22.051,131
2015-04-17,22.161,131
2015-04-18,22.366,131
2015-04-19,22.347,131
2015-04-20,22.599,131
2015-04-21,22.648,131
2015-04-22,22.569,131
2015-04-23,22.257,131
2015-04-24,22.191,131
2015-04-25,22.098,131
2015-04-26,21.838,131
2015-04-27,21.729,131
2015-04-28,21.683,131
2015-04-29,21.859,131
2015-04-30,21.829,131
2015-05-01,22.197,131
2015-05-02,22.332,131
2015-05-03,22.432,131
2015-05-04,22.783,131
2015-05-05,22.823,131
2015-05-06,22.759,131
2015-05-07,22.638,131
2015-05-08,22.567,131
2015-05-09,22.636,131
2015-05-10,22.727,131
2015-05-11,22.922,131
2015-05-12,22.98,131
2015-05-13,23.177,131
2015-05-14,23.145,131
2015-05-15,23.28,131
2015-05-16,23.279,131
2015-05-17,23.664,131
2015-05-18,23.851,131
2015-05-19,23.906,131
2015-05-20,23.837,131
2015-05-21,23.635,131
2015-05-22,23.531,131
2015-05-23,23.428,131
2015-05-24,23.577,131
2015-05-25,23.522,131
2015-05-26,23.737,131
2015-05-27,23.75,131
2015-05-28,23.765,131
2015-05-29,23.86,131
2015-05-30,23.847,131
2015-05-31,23.761,131
2015-06-01,23.852,131
2015-06-02,24.084,131
2015-06-03,24.289,131
2015-06-04,24.196,131
2015-06-05,24.316,131
2015-06-06,24.221,131
2015-06-07,24.235,131
2015-06-08,24.146,131
2015-06-09,24.315,131
2015-06-10,24.271,131
2015-06-11,24.407,131
2015-06-12,24.373,131
2015-06-13,24.423,131
2015-06-14,24.548,131
2015-06-15,24.795,131
2015-06-16,25.214,131
2015-06-17,25.348,131
2015-06-18,25.39,131
2015-06-19,25.316,131
2015-06-20,25.249,131
2015-06-21,25.262,131
2015-06-22,25.349,131
2015-06-23,25.51,131
2015-06-24,25.561,131
2015-06-25,25.705,131
2015-06-26,25.657,131
2015-06-27,25.725,131
2015-06-28,25.628,131
2015-06-29,25.758,131
2015-06-30,25.735,131
2015-07-01,25.828,131
2015-07-02,26.015,131
2015-07-03,26.036,131
2015-07-04,26.282,131
2015-07-05,26.51,131
2015-07-06,26.312,131
2015-07-07,26.417,131
2015-07-08,26.376,131
2015-07-09,26.396,131
2015-07-10,26.307,131
2015-07-11,26.403,131
2015-07-12,26.419,131
2015-07-13,26.51,131
2015-07-14,26.483,131
2015-07-15,26.615,131
2015-07-16,26.83,131
2015-07-17,26.905,131
2015-07-18,27.262,131
2015-07-19,27.136,131
2015-07-20,27.213,131
2015-07-21,27.064,131
2015-07-22,27.098,131
2015-07-23,27.109,131
2015-07-24,27.054,131
2015-07-25,27.084,131
2015-07-26,27.086,131
2015-07-27,27.214,131
2015-07-28,27.175,131
2015-07-29,27.271,131
2015-07-30,27.243,131
2015-07-31,27.245,131
2015-08-01,27.221,131
2015-08-02,27.457,131
2015-08-03,27.54,131
2015-08-04,27.621,131
2015-08-05,27.713,131
2015-08-06,27.658,131
2015-08-07,27.528,131
2015-08-08,27.51,131
2015-08-09,27.517,131
2015-08-10,27.721,131
2015-08-11,27.812,131
2015-08-12,27.85,131
2015-08-13,27.693,131
2015-08-14,27.77,131
2015-08-15,27.691,131
2015-08-16,27.725,131
2015-08-17,27.879,131
2015-08-18,27.826,131
2015-08-19,27.881,131
2015-08-20,27.893,131
2015-08-21,28.175,131
2015-08-22,28.078,131
2015-08-23,28.122,131
2015-08-24,28.074,131
2015-08-25,27.951,131
2015-08-26,27.956,131
2015-08-27,28.049,131
2015-08-28,28.247,131
2015-08-29,28.058,131
2015-08-30,28.173,131
2015-08-31,28.321,131
2015-09-01,28.177,131
2015-09-02,28.11,131
2015-09-03,28.119,131
2015-09-04,28.273,131
2015-09-05,28.273,131
2015-09-06,28.275,131
2015-09-07,28.098,131
2015-09-08,28.083,131
2015-09-09,28.073,131
2015-09-10,28.198,131
2015-09-11,28.133,131
2015-09-12,27.802,131
2015-09-13,27.945,131
2015-09-14,27.683,131
2015-09-15,27.562,131
2015-09-16,27.583,131
2015-09-17,27.639,131
2015-09-18,27.705,131
2015-09-19,27.621,131
2015-09-20,27.698,131
2015-09-21,27.66,131
2015-09-22,27.793,131
2015-09-23,27.761,131
2015-09-24,27.68,131
2015-09-25,27.741,131
2015-09-26,27.525,131
2015-09-27,27.527,131
2015-09-28,27.563,131
2015-09-29,27.599,131
2015-09-30,27.492,131
2015-10-01,27.531,131
2015-10-02,27.391,131
2015-10-03,27.262,131
2015-10-04,27.116,131
2015-10-05,26.929,131
2015-10-06,26.841,131
2015-10-07,26.666,131
2015-10-08,26.595,131
2015-10-09,26.609,131
2015-10-10,26.553,131
2015-10-11,26.692,131
2015-10-12,26.568,131
2015-10-13,26.416,131
2015-10-14,26.374,131
2015-10-15,26.425,131
2015-10-16,26.332,131
2015-10-17,26.289,131
2015-10-18,26.373,131
2015-10-19,26.381,131
2015-10-20,26.401,131
2015-10-21,26.328,131
2015-10-22,26.415,131
2015-10-23,26.328,131
2015-10-24,26.483,131
2015-10-25,26.266,131
2015-10-26,26.258,131
2015-10-27,26.055,131
2015-10-28,26.256,131
2015-10-29,26.172,131
2015-10-30,26.028,131
2015-10-31,26.016,131
2015-11-01,25.975,131
2015-11-02,25.813,131
2015-11-03,25.662,131
2015-11-04,25.613,131
2015-11-05,25.612,131
2015-11-06,25.505,131
2015-11-07,25.422,131
2015-11-08,25.449,131
2015-11-09,25.468,131
2015-11-10,25.388,131
2015-11-11,25.303,131
2015-11-12,25.288,131
2015-11-13,25.247,131
2015-11-14,25.296,131
2015-11-15,25.299,131
2015-11-16,25.176,131
2015-11-17,25.091,131
2015-11-18,24.905,131
2015-11-19,24.738,131
2015-11-20,24.698,131
2015-11-21,24.674,131
2015-11-22,24.553,131
2015-11-23,24.56,131
2015-11-24,24.356,131
2015-11-25,24.359,131
2015-11-26,24.261,131
2015-11-27,24.108,131
2015-11-28,24.095,131
2015-11-29,24.07,131
2015-11-30,24.19,131
2015-12-01,24.062,131
2015-12-02,24.17,131
2015-12-03,24.196,131
2015-12-04,24.064,131
2015-12-05,24.06,131
2015-12-06,24.101,131
2015-12-07,24.125,131
2015-12-08,24.014,131
2015-12-09,24.029,131
2015-12-10,24.03,131
2015-12-11,23.949,131
2015-12-12,23.883,131
2015-12-13,23.807,131
2015-12-14,23.634,131
2015-12-15,23.641,131
2015-12-16,23.685,131
2015-12-17,23.761,131
2015-12-18,23.7,131
2015-12-19,23.556,131
2015-12-20,23.578,131
2015-12-21,23.593,131
2015-12-22,23.451,131
2015-12-23,23.648,131
2015-12-24,23.601,131
2015-12-25,23.515,131
2015-12-26,23.333,131
2015-12-27,23.379,131
2015-12-28,23.398,131
2015-12-29,23.366,131
2015-12-30,23.26,131
2015-12-31,23.179,131
2016-01-01,23.187,131
2016-01-02,23.18,131
2016-01-03,22.976,131
2016-01-04,22.961,131
2016-01-05,23.022,131
2016-01-06,23.022,131
2016-01-07,22.982,131
2016-01-08,22.823,131
2016-01-09,22.831,131
2016-01-10,22.82,131
2016-01-11,22.904,131
2016-01-12,22.814,131
2016-01-13,22.751,131
2016-01-14,22.682,131
2016-01-15,22.532,131
2016-01-16,22.563,131
2016-01-17,22.625,131
2016-01-18,22.591,131
2016-01-19,22.521,131
2016-01-20,22.477,131
2016-01-21,22.539,131
2016-01-22,22.538,131
2016-01-23,22.546,131
2016-01-24,22.517,131
2016-01-25,22.392,131
2016-01-26,22.404,131
2016-01-27,22.338,131
2016-01-28,22.285,131
2016-01-29,22.135,131
2016-01-30,22.224,131
2016-01-31,22.214,131
2016-02-01,22.24,131
2016-02-02,22.227,131
2016-02-03,22.121,131
2016-02-04,22.323,131
2016-02-05,22.25,131
2016-02-06,22.172,131
2016-02-07,21.903,131
2016-02-08,21.896,131
2016-02-09,22.007,131
2016-02-10,22.058,131
2016-02-11,22.144,131
2016-02-12,22.072,131
2016-02-13,21.991,131
2016-02-14,21.72,131
2016-02-15,21.683,131
2016-02-16,21.683,131
2016-02-17,21.631,131
2016-02-18,21.649,131
2016-02-19,21.692,131
2016-02-20,21.712,131
2016-02-21,21.463,131
2016-02-22,21.298,131
2016-02-23,21.205,131
2016-02-24,21.264,131
2016-02-25,21.361,131
2016-02-26,21.433,131
2016-02-27,21.539,131
2016-02-28,21.417,131
2016-02-29,21.457,131
2016-03-01,21.197,131
2016-03-02,21.248,131
2016-03-03,21.214,131
2016-03-04,21.13,131
2016-03-05,21.252,131
2016-03-06,21.433,131
2016-03-07,21.245,131
2016-03-08,21.044,131
2016-03-09,21.125,131
2016-03-10,21.117,131
2016-03-11,21.076,131
2016-03-12,21.149,131
2016-03-13,21.273,131
2016-03-14,21.457,131
2016-03-15,21.425,131
2016-03-16,21.388,131
2016-03-17,21.371,131
2016-03-18,21.25,131
2016-03-19,21.379,131
2016-03-20,21.304,131
2016-03-21,21.344,131
2016-03-22,21.551,131
2016-03-23,21.666,131
2016-03-24,21.524,131
2016-03-25,21.486,131
2016-03-26,21.559,131
2016-03-27,21.507,131
2016-03-28,21.582,131
2016-03-29,21.416,131
2016-03-30,21.257,131
2016-03-31,21.265,131
2016-04-01,21.563,131
2016-04-02,21.59,131
2016-04-03,21.618,131
2016-04-04,21.464,131
2016-04-05,21.336,131
2016-04-06,21.356,131
2016-04-07,21.384,131
2016-04-08,21.422,131
2016-04-09,21.352,131
2016-04-10,21.49,131
2016-04-11,21.621,131
2016-04-12,21.681,131
2016-04-13,21.84,131
2016-04-14,21.869,131
2016-04-15,21.943,131
2016-04-16,21.92,131
2016-04-17,22.018,131
2016-04-18,21.928,131
2016-04-19,21.766,131
2016-04-20,22.099,131
2016-04-21,22.19,131
2016-04-22,22.423,131
2016-04-23,22.431,131
2016-04-24,22.862,131
2016-04-25,22.956,131
2016-04-26,23.216,131
2016-04-27,23.201,131
2016-04-28,23.306,131
2016-04-29,23.479,131
2016-04-30,23.302,131
2016-05-01,23.243,131
2016-05-02,23.305,131
2016-05-03,23.469,131
2016-05-04,23.544,131
2016-05-05,23.464,131
2016-05-06,23.048,131
2016-05-07,22.892,131
2016-05-08,22.74,131
2016-05-09,22.622,131
2016-05-10,22.697,131
2016-05-11,22.67,131
2016-05-12,22.741,131
2016-05-13,22.987,131
2016-05-14,23.099,131
2016-05-15,23.38,131
2016-05-16,23.248,131
2016-05-17,23.192,131
2016-05-18,23.179,131
2016-05-19,23.126,131
2016-05-20,23.193,131
2016-05-21,23.262,131
2016-05-22,23.345,131
2016-05-23,23.278,131
2016-05-24,23.519,131
2016-05-25,23.434,131
2016-05-26,23.362,131
2016-05-27,23.782,131
2016-05-28,24.114,131
2016-05-29,24.043,131
2016-05-30,24.015,131
2016-05-31,24.107,131
2016-06-01,24.222,131
2016-06-02,24.331,131
2016-06-03,24.564,131
2016-06-04,24.804,131
2016-06-05,24.567,131
2016-06-06,24.6,131
2016-06-07,24.636,131
2016-06-08,24.625,131
2016-06-09,24.742,131
2016-06-10,24.861,131
2016-06-11,24.979,131
2016-06-12,24.937,131
2016-06-13,25.117,131
2016-06-14,25.167,131
2016-06-15,25.338,131
2016-06-16,25.385,131
2016-06-17,25.322,131
2016-06-18,25.527,131
2016-06-19,25.561,131
2016-06-20,25.763,131
2016-06-21,25.57,131
2016-06-22,25.561,131
2016-06-23,25.673,131
2016-06-24,25.656,131
2016-06-25,25.624,131
2016-06-26,25.523,131
2016-06-27,25.677,131
2016-06-28,25.584,131
2016-06-29,25.63,131
2016-06-30,25.707,131
2016-07-01,25.691,131
2016-07-02,25.701,131
2016-07-03,25.818,131
2016-07-04,25.919,131
2016-07-05,25.935,131
2016-07-06,25.987,131
2016-07-07,25.971,131
2016-07-08,26.067,131
2016-07-09,26.115,131
2016-07-10,26.013,131
2016-07-11,26.121,131
2016-07-12,26.087,131
2016-07-13,26.229,131
2016-07-14,26.284,131
2016-07-15,26.554,131
2016-07-16,26.674,131
2016-07-17,26.595,131
2016-07-18,26.701,131
2016-07-19,26.732,131
2016-07-20,26.712,131
2016-07-21,26.562,131
2016-07-22,26.608,131
2016-07-23,26.678,131
2016-07-24,26.606,131
2016-07-25,26.601,131
2016-07-26,26.439,131
2016-07-27,26.581,131
2016-07-28,26.585,131
2016-07-29,26.684,131
2016-07-30,26.609,131
2016-07-31,26.793,131
2016-08-01,26.731,131
2016-08-02,26.684,131
2016-08-03,26.692,131
2016-08-04,26.617,131
2016-08-05,26.686,131
2016-08-06,26.682,131
2016-08-07,26.72,131
2016-08-08,26.572,131
2016-08-09,26.518,131
2016-08-10,26.501,131
2016-08-11,26.423,131
2016-08-12,26.69,131
2016-08-13,26.645,131
2016-08-14,26.676,131
2016-08-15,26.6,131
2016-08-16,26.652,131
2016-08-17,26.78,131
2016-08-18,26.817,131
2016-08-19,26.994,131
2016-08-20,26.916,131
2016-08-21,27.03,131
2016-08-22,26.939,131
2016-08-23,26.895,131
2016-08-24,27.077,131
2016-08-25,27.119,131
2016-08-26,27.283,131
2016-08-27,27.172,131
2016-08-28,27.202,131
2016-08-29,27.122,131
2016-08-30,27.096,131
2016-08-31,27.014,131
2016-09-01,27.13,131
2016-09-02,27.184,131
2016-09-03,27.152,131
2016-09-04,27.217,131
2016-09-05,27.294,131
2016-09-06,27.283,131
2016-09-07,27.362,131
2016-09-08,27.425,131
2016-09-09,27.34,131
2016-09-10,27.493,131
2016-09-11,27.515,131
2016-09-12,27.511,131
2016-09-13,27.716,131
2016-09-14,27.733,131
2016-09-15,27.75,131
2016-09-16,27.662,131
2016-09-17,27.572,131
2016-09-18,27.594,131
2016-09-19,27.603,131
2016-09-20,27.571,131
2016-09-21,27.545,131
2016-09-22,27.526,131
2016-09-23,27.673,131
2016-09-24,27.622,131
2016-09-25,27.5,131
2016-09-26,27.439,131
2016-09-27,27.448,131
2016-09-28,27.538,131
2016-09-29,27.484,131
2016-09-30,27.443,131
2016-10-01,27.337,131
2016-10-02,27.366,131
2016-10-03,27.368,131
2016-10-04,27.417,131
2016-10-05,27.407,131
2016-10-06,27.638,131
2016-10-07,27.558,131
2016-10-08,27.462,131
2016-10-09,27.457,131
2016-10-10,27.342,131
2016-10-11,27.185,131
2016-10-12,27.184,131
2016-10-13,27.177,131
2016-10-14,27.11,131
2016-10-15,26.979,131
2016-10-16,26.964,131
2016-10-17,27.121,131
2016-10-18,26.984,131
2016-10-19,26.918,131
2016-10-20,26.816,131
2016-10-21,26.764,131
2016-10-22,26.769,131
2016-10-23,26.86,131
2016-10-24,26.742,131
2016-10-25,26.724,131
2016-10-26,26.757,131
2016-10-27,26.663,131
2016-10-28,26.671,131
2016-10-29,26.542,131
2016-10-30,26.519,131
2016-10-31,26.569,131
2016-11-01,26.466,131
2016-11-02,26.44,131
2016-11-03,26.315,131
2016-11-04,26.263,131
2016-11-05,26.289,131
2016-11-06,26.282,131
2016-11-07,26.116,131
2016-11-08,26.031,131
2016-11-09,26.166,131
2016-11-10,26.152,131
2016-11-11,26.314,131
2016-11-12,26.265,131
2016-11-13,26.115,131
2016-11-14,26.06,131
2016-11-15,26.017,131
2016-11-16,25.816,131
2016-11-17,25.692,131
2016-11-18,25.6,131
2016-11-19,25.628,131
2016-11-20,25.545,131
2016-11-21,25.504,131
2016-11-22,25.453,131
2016-11-23,25.455,131
2016-11-24,25.423,131
2016-11-25,25.487,131
2016-11-26,25.392,131
2016-11-27,25.343,131
2016-11-28,25.245,131
2016-11-29,25.282,131
2016-11-30,25.094,131
2016-12-01,25.221,131
2016-12-02,25.195,131
2016-12-03,24.922,131
2016-12-04,24.734,131
2016-12-05,24.671,131
2016-12-06,24.569,131
2016-12-07,24.604,131
2016-12-08,24.596,131
2016-12-09,24.578,131
2016-12-10,24.618,131
2016-12-11,24.553,131
2016-12-12,24.609,131
2016-12-13,24.561,131
2016-12-14,24.432,131
2016-12-15,24.43,131
2016-12-16,24.23,131
2016-12-17,24.171,131
2016-12-18,24.15,131
2016-12-19,24.034,131
2016-12-20,24.114,131
2016-12-21,24.107,131
2016-12-22,23.949,131
2016-12-23,23.881,131
2016-12-24,23.804,131
2016-12-25,23.822,131
2016-12-26,23.908,131
2016-12-27,23.814,131
2016-12-28,23.768,131
2016-12-29,23.716,131
2016-12-30,23.683,131
2016-12-31,23.689,131
2017-01-01,23.776,131
2017-01-02,23.713,131
2017-01-03,23.779,131
2017-01-04,23.69,131
2017-01-05,23.635,131
2017-01-06,23.665,131
2017-01-07,23.721,131
2017-01-08,23.72,131
2017-01-09,23.657,131
2017-01-10,23.592,131
2017-01-11,23.434,131
2017-01-12,23.46,131
2017-01-13,23.355,131
2017-01-14,23.428,131
2017-01-15,23.404,131
2017-01-16,23.321,131
2017-01-17,23.473,131
2017-01-18,23.355,131
2017-01-19,23.321,131
2017-01-20,23.229,131
2017-01-21,23.207,131
2017-01-22,23.07,131
2017-01-23,23.053,131
2017-01-24,23.076,131
2017-01-25,23.054,131
2017-01-26,23.027,131
2017-01-27,23.152,131
2017-01-28,22.974,131
2017-01-29,22.912,131
2017-01-30,22.855,131
2017-01-31,22.825,131
2017-02-01,22.869,131
2017-02-02,22.869,131
2017-02-03,22.696,131
2017-02-04,22.793,131
2017-02-05,22.705,131
2017-02-06,22.503,131
2017-02-07,22.491,131
2017-02-08,22.415,131
2017-02-09,22.51,131
2017-02-10,22.438,131
2017-02-11,22.418,131
2017-02-12,22.401,131
2017-02-13,22.382,131
2017-02-14,22.256,131
2017-02-15,22.239,131
2017-02-16,22.265,131
2017-02-17,22.218,131
2017-02-18,22.199,131
2017-02-19,22.256,131
2017-02-20,22.19,131
2017-02-21,22.149,131
2017-02-22,22.166,131
2017-02-23,22.091,131
2017-02-24,22.131,131
2017-02-25,22.161,131
2017-02-26,22.103,131
2017-02-27,22.203,131
2017-02-28,22.238,131
2017-03-01,22.253,131
2017-03-02,22.249,131
2017-03-03,22.258,131
2017-03-04,22.12,131
2017-03-05,22.013,131
2017-03-06,21.999,131
2017-03-07,21.813,131
2017-03-08,21.802,131
2017-03-09,21.804,131
2017-03-10,21.869,131
2017-03-11,22.017,131
2017-03-12,21.942,131
2017-03-13,22.043,131
2017-03-14,21.944,131
2017-03-15,22.177,131
2017-03-16,22.165,131
2017-03-17,22.428,131
2017-03-18,22.425,131
2017-03-19,22.598,131
2017-03-20,22.522,131
2017-03-21,22.461,131
2017-03-22,22.739,131
2017-03-23,22.627,131
2017-03-24,22.716,131
2017-03-25,22.825,131
2017-03-26,22.867,131
2017-03-27,23.021,131
2017-03-28,23.041,131
2017-03-29,23.068,131
2017-03-30,23.072,131
2017-03-31,23.007,131
2017-04-01,23.016,131
2017-04-02,23.198,131
2017-04-03,23.321,131
2017-04-04,23.499,131
2017-04-05,23.488,131
2017-04-06,23.481,131
2017-04-07,23.467,131
2017-04-08,23.376,131
2017-04-09,23.257,131
2017-04-10,23.172,131
2017-04-11,23.236,131
2017-04-12,23.359,131
2017-04-13,23.401,131
2017-04-14,23.455,131
2017-04-15,23.377,131
2017-04-16,23.372,131
2017-04-17,23.348,131
2017-04-18,23.335,131
2017-04-19,22.972,131
2017-04-20,23.32,131
2017-04-21,23.279,131
2017-04-22,23.405,131
2017-04-23,23.615,131
2017-04-24,23.709,131
2017-04-25,23.821,131
2017-04-26,23.75,131
2017-04-27,23.6,131
2017-04-28,23.421,131
2017-04-29,23.421,131
2017-04-30,23.445,131
2017-05-01,23.333,131
2017-05-02,23.323,131
2017-05-03,23.333,131
2017-05-04,23.534,131
2017-05-05,23.658,131
2017-05-06,23.746,131
2017-05-07,23.796,131
2017-05-08,23.543,131
2017-05-09,23.402,131
2017-05-10,23.274,131
2017-05-11,23.445,131
2017-05-12,23.549,131
2017-05-13,23.724,131
2017-05-14,24.07,131
2017-05-15,24.191,131
2017-05-16,24.225,131
2017-05-17,24.188,131
2017-05-18,24.064,131
2017-05-19,24.474,131
2017-05-20,24.428,131
2017-05-21,24.234,131
2017-05-22,23.925,131
2017-05-23,23.706,131
2017-05-24,23.778,131
2017-05-25,23.799,131
2017-05-26,23.778,131
2017-05-27,23.873,131
2017-05-28,23.893,131
2017-05-29,23.987,131
2017-05-30,24.189,131
2017-05-31,24.336,131
2017-06-01,24.364,131
2017-06-02,24.438,131
2017-06-03,24.631,131
2017-06-04,24.805,131
2017-06-05,25.061,131
2017-06-06,25.096,131
2017-06-07,25.116,131
2017-06-08,25.188,131
2017-06-09,25.241,131
2017-06-10,25.443,131
2017-06-11,25.665,131
2017-06-12,25.796,131
2017-06-13,25.904,131
2017-06-14,25.991,131
2017-06-15,26.175,131
2017-06-16,26.353,131
2017-06-17,26.577,131
2017-06-18,26.732,131
2017-06-19,26.62,131
2017-06-20,26.609,131
2017-06-21,26.505,131
2017-06-22,26.383,131
2017-06-23,26.224,131
2017-06-24,26.165,131
2017-06-25,26.179,131
2017-06-26,26.373,131
2017-06-27,26.564,131
2017-06-28,26.742,131
2017-06-29,26.854,131
2017-06-30,26.95,131
2017-07-01,26.854,131
2017-07-02,26.875,131
2017-07-03,26.842,131
2017-07-04,26.87,131
2017-07-05,26.923,131
2017-07-06,26.9,131
2017-07-07,26.944,131
2017-07-08,26.962,131
2017-07-09,27.106,131
2017-07-10,27.074,131
2017-07-11,27.102,131
2017-07-12,27.218,131
2017-07-13,27.17,131
2017-07-14,27.201,131
2017-07-15,27.119,131
2017-07-16,27.228,131
2017-07-17,27.126,131
2017-07-18,27.079,131
2017-07-19,27.027,131
2017-07-20,26.749,131
2017-07-21,26.79,131
2017-07-22,26.85,131
2017-07-23,26.942,131
2017-07-24,27.044,131
2017-07-25,27.18,131
2017-07-26,27.115,131
2017-07-27,27.012,131
2017-07-28,27.106,131
2017-07-29,27.09,131
2017-07-30,27.15,131
2017-07-31,27.165,131
2017-08-01,27.2,131
2017-08-02,27.215,131
2017-08-03,27.226,131
2017-08-04,27.187,131
2017-08-05,27.157,131
2017-08-06,27.18,131
2017-08-07,27.236,131
2017-08-08,27.41,131
2017-08-09,27.464,131
2017-08-10,27.462,131
2017-08-11,27.424,131
2017-08-12,27.468,131
2017-08-13,27.519,131
2017-08-14,27.524,131
2017-08-15,27.647,131
2017-08-16,27.706,131
2017-08-17,27.795,131
2017-08-18,27.75,131
2017-08-19,27.736,131
2017-08-20,27.809,131
2017-08-21,27.746,131
2017-08-22,27.738,131
2017-08-23,27.738,131
2017-08-24,27.855,131
2017-08-25,27.851,131
2017-08-26,27.823,131
2017-08-27,27.907,131
2017-08-28,27.824,131
2017-08-29,27.909,131
2017-08-30,27.952,131
2017-08-31,28.098,131
2017-09-01,28.106,131
2017-09-02,28.05,131
2017-09-03,27.911,131
2017-09-04,27.864,131
2017-09-05,27.933,131
2017-09-06,28.066,131
2017-09-07,28.119,131
2017-09-08,28.135,131
2017-09-09,28.334,131
2017-09-10,28.311,131
2017-09-11,28.438,131
2017-09-12,28.281,131
2017-09-13,28.058,131
2017-09-14,27.957,131
2017-09-15,27.825,131
2017-09-16,27.788,131
2017-09-17,27.837,131
2017-09-18,27.79,131
2017-09-19,27.879,131
2017-09-20,27.857,131
2017-09-21,27.859,131
2017-09-22,27.87,131
2017-09-23,27.901,131
2017-09-24,27.924,131
2017-09-25,27.947,131
2017-09-26,27.965,131
2017-09-27,28.092,131
2017-09-28,28.072,131
2017-09-29,28.018,131
2017-09-30,27.867,131
2017-10-01,27.606,131
2017-10-02,27.504,131
2017-10-03,27.292,131
2017-10-04,27.109,131
2017-10-05,26.929,131
2017-10-06,26.909,131
2017-10-07,26.824,131
2017-10-08,26.833,131
2017-10-09,26.878,131
2017-10-10,26.847,131
2017-10-11,26.832,131
2017-10-12,26.844,131
2017-10-13,26.777,131
2017-10-14,26.77,131
2017-10-15,26.741,131
2017-10-16,26.687,131
2017-10-17,26.62,131
2017-10-18,26.592,131
2017-10-19,26.556,131
2017-10-20,26.525,131
2017-10-21,26.482,131
2017-10-22,26.575,131
2017-10-23,26.408,131
2017-10-24,26.342,131
2017-10-25,26.154,131
2017-10-26,26.038,131
2017-10-27,25.909,131
2017-10-28,25.896,131
2017-10-29,26.085,131
2017-10-30,25.874,131
2017-10-31,25.662,131
2017-11-01,25.431,131
2017-11-02,25.429,131
2017-11-03,25.468,131
2017-11-04,25.425,131
2017-11-05,25.334,131
2017-11-06,25.402,131
2017-11-07,25.379,131
2017-11-08,25.441,131
2017-11-09,25.388,131
2017-11-10,25.371,131
2017-11-11,25.341,131
2017-11-12,25.364,131
2017-11-13,25.303,131
2017-11-14,25.41,131
2017-11-15,25.346,131
2017-11-16,25.295,131
2017-11-17,25.231,131
2017-11-18,25.042,131
2017-11-19,24.895,131
2017-11-20,24.793,131
2017-11-21,24.686,131
2017-11-22,24.647,131
2017-11-23,24.6,131
2017-11-24,24.539,131
2017-11-25,24.461,131
2017-11-26,24.405,131
2017-11-27,24.317,131
2017-11-28,24.4,131
2017-11-29,24.275,131
2017-11-30,24.241,131
2017-12-01,24.218,131
2017-12-02,24.275,131
2017-12-03,24.241,131
2017-12-04,24.26,131
2017-12-05,24.135,131
2017-12-06,24.058,131
2017-12-07,23.979,131
2017-12-08,23.998,131
2017-12-09,23.94,131
2017-12-10,23.961,131
2017-12-11,23.869,131
2017-12-12,23.815,131
2017-12-13,23.859,131
2017-12-14,23.654,131
2017-12-15,23.695,131
2017-12-16,23.713,131
2017-12-17,23.568,131
2017-12-18,23.642,131
2017-12-19,23.527,131
2017-12-20,23.509,131
2017-12-21,23.354,131
2017-12-22,23.305,131
2017-12-23,23.304,131
2017-12-24,23.313,131
2017-12-25,23.28,131
2017-12-26,23.187,131
2017-12-27,23.201,131
2017-12-28,23.197,131
2017-12-29,23.121,131
2017-12-30,23.022,131
2017-12-31,23.068,131
2018-01-01,23.069,131
2018-01-02,22.981,131
2018-01-03,23.059,131
2018-01-04,23.065,131
2018-01-05,23.136,131
2018-01-06,23.167,131
2018-01-07,23.168,131
2018-01-08,23.174,131
2018-01-09,23.065,131
2018-01-10,23,131
2018-01-11,22.967,131
2018-01-12,22.956,131
2018-01-13,22.943,131
2018-01-14,22.945,131
2018-01-15,22.924,131
2018-01-16,22.965,131
2018-01-17,22.933,131
2018-01-18,22.826,131
2018-01-19,22.877,131
2018-01-20,23.001,131
2018-01-21,22.891,131
2018-01-22,22.883,131
2018-01-23,22.831,131
2018-01-24,22.794,131
2018-01-25,22.833,131
2018-01-26,22.783,131
2018-01-27,22.904,131
2018-01-28,22.865,131
2018-01-29,22.87,131
2018-01-30,22.731,131
2018-01-31,22.578,131
2018-02-01,22.347,131
2018-02-02,22.248,131
2018-02-03,22.246,131
2018-02-04,22.147,131
2018-02-05,22.201,131
2018-02-06,22.085,131
2018-02-07,22.045,131
2018-02-08,22.076,131
2018-02-09,22.029,131
2018-02-10,22.058,131
2018-02-11,22.039,131
2018-02-12,22.038,131
2018-02-13,21.795,131
2018-02-14,21.769,131
2018-02-15,21.695,131
2018-02-16,21.662,131
2018-02-17,21.67,131
2018-02-18,21.728,131
2018-02-19,21.691,131
2018-02-20,21.668,131
2018-02-21,21.758,131
2018-02-22,21.795,131
2018-02-23,21.848,131
2018-02-24,21.867,131
2018-02-25,22.06,131
2018-02-26,21.847,131
2018-02-27,21.861,131
2018-02-28,22.012,131
2018-03-01,22.002,131
2018-03-02,21.987,131
2018-03-03,21.826,131
2018-03-04,21.974,131
2018-03-05,22.014,131
2018-03-06,22.181,131
2018-03-07,22.211,131
2018-03-08,22.152,131
2018-03-09,22.009,131
2018-03-10,21.953,131
2018-03-11,21.854,131
2018-03-12,21.795,131
2018-03-13,21.825,131
2018-03-14,21.809,131
2018-03-15,21.86,131
2018-03-16,21.966,131
2018-03-17,21.795,131
2018-03-18,21.589,131
2018-03-19,21.557,131
2018-03-20,21.77,131
2018-03-21,21.876,131
2018-03-22,21.933,131
2018-03-23,21.982,131
2018-03-24,21.894,131
2018-03-25,21.928,131
2018-03-26,21.931,131
2018-03-27,22.054,131
2018-03-28,22.015,131
2018-03-29,21.976,131
2018-03-30,21.964,131
2018-03-31,22.011,131
2018-04-01,22.018,131
2018-04-02,21.935,131
2018-04-03,21.969,131
2018-04-04,21.801,131
2018-04-05,21.731,131
2018-04-06,21.695,131
2018-04-07,21.729,131
2018-04-08,21.751,131
2018-04-09,21.802,131
2018-04-10,21.776,131
2018-04-11,21.839,131
2018-04-12,21.898,131
2018-04-13,21.856,131
2018-04-14,21.837,131
2018-04-15,21.817,131
2018-04-16,21.893,131
2018-04-17,22.06,131
2018-04-18,22.024,131
2018-04-19,22.201,131
2018-04-20,22.408,131
2018-04-21,22.655,131
2018-04-22,22.765,131
2018-04-23,22.743,131
2018-04-24,22.673,131
2018-04-25,22.76,131
2018-04-26,22.704,131
2018-04-27,22.65,131
2018-04-28,22.515,131
2018-04-29,22.188,131
2018-04-30,22.171,131
2018-05-01,22.131,131
2018-05-02,22.167,131
2018-05-03,22.151,131
2018-05-04,22.111,131
2018-05-05,22.21,131
2018-05-06,22.227,131
2018-05-07,22.295,131
2018-05-08,22.367,131
2018-05-09,22.593,131
2018-05-10,22.615,131
2018-05-11,22.493,131
2018-05-12,22.453,131
2018-05-13,22.428,131
2018-05-14,22.635,131
2018-05-15,22.707,131
2018-05-16,22.873,131
2018-05-17,22.872,131
2018-05-18,22.949,131
2018-05-19,23.111,131
2018-05-20,23.315,131
2018-05-21,23.374,131
2018-05-22,23.336,131
2018-05-23,23.38,131
2018-05-24,23.563,131
2018-05-25,23.828,131
2018-05-26,23.813,131
2018-05-27,23.917,131
2018-05-28,23.959,131
2018-05-29,23.817,131
2018-05-30,23.788,131
2018-05-31,23.784,131
2018-06-01,23.834,131
2018-06-02,23.866,131
2018-06-03,23.888,131
2018-06-04,23.898,131
2018-06-05,23.871,131
2018-06-06,24.018,131
2018-06-07,24.235,131
2018-06-08,24.364,131
2018-06-09,24.776,131
2018-06-10,25.101,131
2018-06-11,25.105,131
2018-06-12,25.154,131
2018-06-13,25.01,131
2018-06-14,24.878,131
2018-06-15,24.936,131
2018-06-16,25.017,131
2018-06-17,25.379,131
2018-06-18,25.775,131
2018-06-19,25.873,131
2018-06-20,25.979,131
2018-06-21,26.018,131
2018-06-22,25.788,131
2018-06-23,25.809,131
2018-06-24,25.932,131
2018-06-25,26.015,131
2018-06-26,26.142,131
2018-06-27,26.178,131
2018-06-28,26.085,131
2018-06-29,26.137,131
2018-06-30,26.105,131
2018-07-01,26.252,131
2018-07-02,26.335,131
2018-07-03,26.362,131
2018-07-04,26.274,131
2018-07-05,26.304,131
2018-07-06,26.294,131
2018-07-07,26.217,131
2018-07-08,26.162,131
2018-07-09,26.025,131
2018-07-10,26.168,131
2018-07-11,26.082,131
2018-07-12,26.054,131
2018-07-13,26.07,131
2018-07-14,25.911,131
2018-07-15,25.97,131
2018-07-16,25.914,131
2018-07-17,25.985,131
2018-07-18,25.947,131
2018-07-19,26.038,131
2018-07-20,25.991,131
2018-07-21,26.009,131
2018-07-22,26.002,131
2018-07-23,25.966,131
2018-07-24,25.984,131
2018-07-25,26.017,131
2018-07-26,26.151,131
2018-07-27,26.167,131
2018-07-28,26.349,131
2018-07-29,26.27,131
2018-07-30,26.311,131
2018-07-31,26.308,131
2018-08-01,26.251,131
2018-08-02,26.253,131
2018-08-03,26.291,131
2018-08-04,26.309,131
2018-08-05,26.318,131
2018-08-06,26.216,131
2018-08-07,26.332,131
2018-08-08,26.316,131
2018-08-09,26.462,131
2018-08-10,26.49,131
2018-08-11,26.558,131
2018-08-12,26.614,131
2018-08-13,26.534,131
2018-08-14,26.471,131
2018-08-15,26.599,131
2018-08-16,26.609,131
2018-08-17,26.648,131
2018-08-18,26.954,131
2018-08-19,27.008,131
2018-08-20,26.937,131
2018-08-21,26.869,131
2018-08-22,26.903,131
2018-08-23,26.911,131
2018-08-24,26.93,131
2018-08-25,27.1,131
2018-08-26,27.077,131
2018-08-27,27.038,131
2018-08-28,26.989,131
2018-08-29,26.964,131
2018-08-30,26.867,131
2018-08-31,26.862,131
2018-09-01,27.009,131
2018-09-02,26.977,131
2018-09-03,27,131
2018-09-04,26.983,131
2018-09-05,26.959,131
2018-09-06,26.963,131
2018-09-07,27.048,131
2018-09-08,27.134,131
2018-09-09,27.162,131
2018-09-10,27.095,131
2018-09-11,27.1,131
2018-09-12,27.103,131
2018-09-13,27.226,131
2018-09-14,27.197,131
2018-09-15,27.084,131
2018-09-16,27.007,131
2018-09-17,26.939,131
2018-09-18,26.914,131
2018-09-19,26.907,131
2018-09-20,26.91,131
2018-09-21,26.987,131
2018-09-22,26.935,131
2018-09-23,26.863,131
2018-09-24,26.905,131
2018-09-25,26.77,131
2018-09-26,26.716,131
2018-09-27,26.581,131
2018-09-28,26.584,131
2018-09-29,26.561,131
2018-09-30,26.598,131
2018-10-01,26.631,131
2018-10-02,26.513,131
2018-10-03,26.331,131
2018-10-04,26.291,131
2018-10-05,26.37,131
2018-10-06,26.421,131
2018-10-07,26.462,131
2018-10-08,26.29,131
2018-10-09,26.262,131
2018-10-10,26.311,131
2018-10-11,26.296,131
2018-10-12,26.232,131
2018-10-13,26.092,131
2018-10-14,26.172,131
2018-10-15,26.082,131
2018-10-16,26.164,131
2018-10-17,26.18,131
2018-10-18,26.1,131
2018-10-19,26.055,131
2018-10-20,26.029,131
2018-10-21,25.94,131
2018-10-22,25.93,131
2018-10-23,26.076,131
2018-10-24,26.038,131
2018-10-25,25.954,131
2018-10-26,25.871,131
2018-10-27,25.779,131
2018-10-28,25.818,131
2018-10-29,25.819,131
2018-10-30,25.984,131
2018-10-31,25.86,131
2018-11-01,25.844,131
2018-11-02,25.865,131
2018-11-03,25.787,131
2018-11-04,25.833,131
2018-11-05,25.832,131
2018-11-06,25.75,131
2018-11-07,25.584,131
2018-11-08,25.408,131
2018-11-09,25.344,131
2018-11-10,24.969,131
2018-11-11,24.934,131
2018-11-12,24.927,131
2018-11-13,24.889,131
2018-11-14,24.857,131
2018-11-15,24.863,131
2018-11-16,24.709,131
2018-11-17,24.667,131
2018-11-18,24.644,131
2018-11-19,24.731,131
2018-11-20,24.625,131
2018-11-21,24.716,131
2018-11-22,24.65,131
2018-11-23,24.588,131
2018-11-24,24.518,131
2018-11-25,24.638,131
2018-11-26,24.712,131
2018-11-27,24.678,131
2018-11-28,24.556,131
2018-11-29,24.391,131
2018-11-30,24.409,131
2018-12-01,24.266,131
2018-12-02,24.331,131
2018-12-03,24.29,131
2018-12-04,24.409,131
2018-12-05,24.203,131
2018-12-06,24.04,131
2018-12-07,23.942,131
2018-12-08,23.808,131
2018-12-09,23.828,131
2018-12-10,23.779,131
2018-12-11,23.76,131
2018-12-12,23.73,131
2018-12-13,23.75,131
2018-12-14,23.737,131
2018-12-15,23.795,131
2018-12-16,23.796,131
2018-12-17,23.72,131
2018-12-18,23.608,131
2018-12-19,23.521,131
2018-12-20,23.515,131
2018-12-21,23.479,131
2018-12-22,23.493,131
2018-12-23,23.486,131
2018-12-24,23.533,131
2018-12-25,23.505,131
2018-12-26,23.566,131
2018-12-27,23.416,131
2018-12-28,23.458,131
2018-12-29,23.291,131
2018-12-30,23.264,131
2018-12-31,23.297,131
2019-01-01,23.33,131
2019-01-02,23.264,131
2019-01-03,23.251,131
2019-01-04,23.21,131
2019-01-05,23.234,131
2019-01-06,23.321,131
2019-01-07,23.352,131
2019-01-08,23.368,131
2019-01-09,23.405,131
2019-01-10,23.361,131
2019-01-11,23.333,131
2019-01-12,23.233,131
2019-01-13,23.225,131
2019-01-14,23.224,131
2019-01-15,23.222,131
2019-01-16,23.199,131
2019-01-17,23.169,131
2019-01-18,23.033,131
2019-01-19,23.009,131
2019-01-20,22.971,131
2019-01-21,22.92,131
2019-01-22,22.918,131
2019-01-23,22.869,131
2019-01-24,22.825,131
2019-01-25,22.776,131
2019-01-26,22.815,131
2019-01-27,22.814,131
2019-01-28,22.728,131
2019-01-29,22.745,131
2019-01-30,22.737,131
2019-01-31,22.744,131
2019-02-01,22.681,131
2019-02-02,22.673,131
2019-02-03,22.641,131
2019-02-04,22.627,131
2019-02-05,22.572,131
2019-02-06,22.617,131
2019-02-07,22.579,131
2019-02-08,22.473,131
2019-02-09,22.33,131
2019-02-10,22.139,131
2019-02-11,22.045,131
2019-02-12,22.043,131
2019-02-13,22.063,131
2019-02-14,22.046,131
2019-02-15,22.073,131
2019-02-16,22.094,131
2019-02-17,22.088,131
2019-02-18,22.046,131
2019-02-19,22.053,131
2019-02-20,22.046,131
2019-02-21,22.16,131
2019-02-22,22.226,131
2019-02-23,22.153,131
2019-02-24,22.068,131
2019-02-25,22.031,131
2019-02-26,21.996,131
2019-02-27,21.985,131
2019-02-28,21.902,131
2019-03-01,21.936,131
2019-03-02,21.87,131
2019-03-03,21.842,131
2019-03-04,21.893,131
2019-03-05,21.904,131
2019-03-06,21.974,131
2019-03-07,21.937,131
2019-03-08,22.037,131
2019-03-09,22.059,131
2019-03-10,22.14,131
2019-03-11,22.103,131
2019-03-12,22.118,131
2019-03-13,22.199,131
2019-03-14,22.317,131
2019-03-15,22.321,131
2019-03-16,22.286,131
2019-03-17,22.223,131
2019-03-18,22.103,131
2019-03-19,22.046,131
2019-03-20,21.981,131
2019-03-21,21.96,131
2019-03-22,21.958,131
2019-03-23,22.025,131
2019-03-24,22.147,131
2019-03-25,22.302,131
2019-03-26,22.404,131
2019-03-27,22.379,131
2019-03-28,22.364,131
2019-03-29,22.118,131
2019-03-30,22.154,131
2019-03-31,22.104,131
2019-04-01,22.088,131
2019-04-02,22.106,131
2019-04-03,22.163,131
2019-04-04,22.229,131
2019-04-05,22.277,131
2019-04-06,22.28,131
2019-04-07,22.276,131
2019-04-08,22.283,131
2019-04-09,22.339,131
2019-04-10,22.366,131
2019-04-11,22.53,131
2019-04-12,22.727,131
2019-04-13,22.745,131
2019-04-14,22.804,131
2019-04-15,22.84,131
2019-04-16,22.845,131
2019-04-17,22.861,131
2019-04-18,22.713,131
2019-04-19,22.869,131
2019-04-20,23.02,131
2019-04-21,23.11,131
2019-04-22,23.17,131
2019-04-23,23.175,131
2019-04-24,23.206,131
2019-04-25,23.302,131
2019-04-26,23.321,131
2019-04-27,23.219,131
2019-04-28,23.226,131
2019-04-29,23.112,131
2019-04-30,23.075,131
2019-05-01,23.043,131
2019-05-02,23.007,131
2019-05-03,22.995,131
2019-05-04,22.979,131
2019-05-05,23.065,131
2019-05-06,23.114,131
2019-05-07,23.05,131
2019-05-08,22.968,131
2019-05-09,23.017,131
2019-05-10,23.197,131
2019-05-11,23.245,131
2019-05-12,23.536,131
2019-05-13,23.848,131
2019-05-14,23.985,131
2019-05-15,24.113,131
2019-05-16,24.186,131
2019-05-17,24.258,131
2019-05-18,24.369,131
2019-05-19,24.37,131
2019-05-20,24.211,131
2019-05-21,23.984,131
2019-05-22,23.789,131
2019-05-23,23.752,131
2019-05-24,23.754,131
2019-05-25,23.783,131
2019-05-26,23.784,131
2019-05-27,23.699,131
2019-05-28,23.987,131
2019-05-29,24.193,131
2019-05-30,24.205,131
2019-05-31,24.303,131
2019-06-01,24.53,131
2019-06-02,24.729,131
2019-06-03,24.796,131
2019-06-04,24.887,131
2019-06-05,25.011,131
2019-06-06,25.27,131
2019-06-07,25.668,131
2019-06-08,25.616,131
2019-06-09,25.48,131
2019-06-10,25.295,131
2019-06-11,25.253,131
2019-06-12,25.214,131
2019-06-13,25.2,131
2019-06-14,25.279,131
2019-06-15,25.306,131
2019-06-16,25.44,131
2019-06-17,25.635,131
2019-06-18,25.719,131
2019-06-19,25.686,131
2019-06-20,25.633,131
2019-06-21,25.561,131
2019-06-22,25.453,131
2019-06-23,25.353,131
2019-06-24,25.219,131
2019-06-25,25.242,131
2019-06-26,25.085,131
2019-06-27,25.173,131
2019-06-28,25.396,131
2019-06-29,25.529,131
2019-06-30,25.707,131
2019-07-01,25.863,131
2019-07-02,26.197,131
2019-07-03,26.789,131
2019-07-04,27.167,131
2019-07-05,27.088,131
2019-07-06,26.935,131
2019-07-07,27.034,131
2019-07-08,27.08,131
2019-07-09,27.095,131
2019-07-10,27.138,131
2019-07-11,27.135,131
2019-07-12,27.073,131
2019-07-13,27.09,131
2019-07-14,27.107,131
2019-07-15,27.154,131
2019-07-16,27.181,131
2019-07-17,27.246,131
2019-07-18,27.29,131
2019-07-19,27.269,131
2019-07-20,27.318,131
2019-07-21,27.336,131
2019-07-22,27.297,131
2019-07-23,27.328,131
2019-07-24,27.326,131
2019-07-25,27.425,131
2019-07-26,27.53,131
2019-07-27,27.568,131
2019-07-28,27.613,131
2019-07-29,27.593,131
2019-07-30,27.506,131
2019-07-31,27.369,131
2019-08-01,27.32,131
2019-08-02,27.322,131
2019-08-03,27.3,131
2019-08-04,27.267,131
2019-08-05,27.294,131
2019-08-06,27.454,131
2019-08-07,27.788,131
2019-08-08,27.82,131
2019-08-09,27.966,131
2019-08-10,28.231,131
2019-08-11,28.331,131
2019-08-12,28.371,131
2019-08-13,28.439,131
2019-08-14,28.579,131
2019-08-15,28.485,131
2019-08-16,28.459,131
2019-08-17,28.412,131
2019-08-18,28.443,131
2019-08-19,28.462,131
2019-08-20,28.422,131
2019-08-21,28.401,131
2019-08-22,28.324,131
2019-08-23,28.277,131
2019-08-24,28.316,131
2019-08-25,28.365,131
2019-08-26,28.413,131
2019-08-27,28.437,131
2019-08-28,28.505,131
2019-08-29,28.501,131
2019-08-30,28.569,131
2019-08-31,28.656,131
2019-09-01,28.735,131
2019-09-02,28.636,131
2019-09-03,28.606,131
2019-09-04,28.578,131
2019-09-05,28.576,131
2019-09-06,28.57,131
2019-09-07,28.525,131
2019-09-08,28.5,131
2019-09-09,28.487,131
2019-09-10,28.474,131
2019-09-11,28.486,131
2019-09-12,28.412,131
2019-09-13,28.367,131
2019-09-14,28.289,131
2019-09-15,28.242,131
2019-09-16,28.261,131
2019-09-17,28.278,131
2019-09-18,28.286,131
2019-09-19,28.091,131
2019-09-20,28.162,131
2019-09-21,28.221,131
2019-09-22,28.217,131
2019-09-23,28.376,131
2019-09-24,28.185,131
2019-09-25,28.051,131
2019-09-26,27.841,131
2019-09-27,27.762,131
2019-09-28,27.697,131
2019-09-29,27.705,131
2019-09-30,27.657,131
2019-10-01,27.672,131
2019-10-02,27.616,131
2019-10-03,27.536,131
2019-10-04,27.503,131
2019-10-05,27.503,131
2019-10-06,27.474,131
2019-10-07,27.488,131
2019-10-08,27.55,131
2019-10-09,27.532,131
2019-10-10,27.349,131
2019-10-11,27.315,131
2019-10-12,27.24,131
2019-10-13,27.281,131
2019-10-14,27.153,131
2019-10-15,27.238,131
2019-10-16,27.214,131
2019-10-17,27.262,131
2019-10-18,27.3,131
2019-10-19,27.186,131
2019-10-20,27.014,131
2019-10-21,27.072,131
2019-10-22,27.065,131
2019-10-23,26.937,131
2019-10-24,26.975,131
2019-10-25,26.895,131
2019-10-26,26.793,131
2019-10-27,26.69,131
2019-10-28,26.529,131
2019-10-29,26.359,131
2019-10-30,26.294,131
2019-10-31,26.25,131
2019-11-01,26.159,131
2019-11-02,26.09,131
2019-11-03,25.99,131
2019-11-04,25.808,131
2019-11-05,25.706,131
2019-11-06,25.652,131
2019-11-07,25.702,131
2019-11-08,25.568,131
2019-11-09,25.561,131
2019-11-10,25.563,131
2019-11-11,25.618,131
2019-11-12,25.648,131
2019-11-13,25.585,131
2019-11-14,25.455,131
2019-11-15,25.419,131
2019-11-16,25.351,131
2019-11-17,25.272,131
2019-11-18,25.214,131
2019-11-19,25.087,131
2019-11-20,25.032,131
2019-11-21,25.024,131
2019-11-22,25.036,131
2019-11-23,25.026,131
2019-11-24,25,131
2019-11-25,24.816,131
2019-11-26,24.584,131
2019-11-27,24.535,131
2019-11-28,24.435,131
2019-11-29,24.351,131
2019-11-30,24.264,131
2019-12-01,24.291,131
2019-12-02,24.275,131
2019-12-03,24.265,131
2019-12-04,24.271,131
2019-12-05,24.169,131
2019-12-06,24.19,131
2019-12-07,24.189,131
2019-12-08,24.131,131
2019-12-09,24.075,131
2019-12-10,24.015,131
2019-12-11,24.021,131
2019-12-12,23.929,131
2019-12-13,23.867,131
2019-12-14,23.797,131
2019-12-15,23.715,131
2019-12-16,23.701,131
2019-12-17,23.709,131
2019-12-18,23.771,131
2019-12-19,23.838,131
2019-12-20,23.843,131
2019-12-21,23.634,131
2019-12-22,23.424,131
2019-12-23,23.338,131
2019-12-24,23.298,131
2019-12-25,23.299,131
2019-12-26,23.284,131
2019-12-27,23.187,131
2019-12-28,23.209,131
2019-12-29,23.225,131
2019-12-30,23.193,131
2019-12-31,23.109,131
2020-01-01,23.062,131
2020-01-02,23.018,131
2020-01-03,22.918,131
2020-01-04,22.94,131
2020-01-05,22.953,131
2020-01-06,22.897,131
2020-01-07,22.964,131
2020-01-08,23.049,131
2020-01-09,23.043,131
2020-01-10,23.039,131
2020-01-11,23.057,131
2020-01-12,23.081,131
2020-01-13,23.07,131
2020-01-14,23.112,131
2020-01-15,23.158,131
2020-01-16,23.097,131
2020-01-17,22.937,131
2020-01-18,22.818,131
2020-01-19,22.758,131
2020-01-20,22.856,131
2020-01-21,22.873,131
2020-01-22,22.746,131
2020-01-23,22.626,131
2020-01-24,22.633,131
2020-01-25,22.59,131
2020-01-26,22.613,131
2020-01-27,22.538,131
2020-01-28,22.507,131
2020-01-29,22.538,131
2020-01-30,22.458,131
2020-01-31,22.409,131
2020-02-01,22.439,131
2020-02-02,22.453,131
2020-02-03,22.392,131
2020-02-04,22.325,131
2020-02-05,22.206,131
2020-02-06,22.163,131
2020-02-07,22.021,131
2020-02-08,21.935,131
2020-02-09,21.907,131
2020-02-10,21.917,131
2020-02-11,21.906,131
2020-02-12,21.941,131
2020-02-13,21.943,131
2020-02-14,21.961,131
2020-02-15,22.018,131
2020-02-16,22.03,131
2020-02-17,22.042,131
2020-02-18,22.046,131
2020-02-19,22.12,131
2020-02-20,22.126,131
2020-02-21,22.195,131
2020-02-22,22.172,131
2020-02-23,22.165,131
2020-02-24,22.112,131
2020-02-25,22.13,131
2020-02-26,22.189,131
2020-02-27,22.244,131
2020-02-28,22.212,131
2020-02-29,22.228,131
2020-03-01,22.314,131
2020-03-02,22.336,131
2020-03-03,22.403,131
2020-03-04,22.425,131
2020-03-05,22.394,131
2020-03-06,22.384,131
2020-03-07,22.409,131
2020-03-08,22.454,131
2020-03-09,22.38,131
2020-03-10,22.349,131
2020-03-11,22.293,131
2020-03-12,22.11,131
2020-03-13,22,131
2020-03-14,22.045,131
2020-03-15,22.002,131
2020-03-16,21.9,131
2020-03-17,21.878,131
2020-03-18,21.945,131
2020-03-19,22.032,131
2020-03-20,22.041,131
2020-03-21,22.062,131
2020-03-22,22.136,131
2020-03-23,22.172,131
2020-03-24,22.239,131
2020-03-25,22.28,131
2020-03-26,22.385,131
2020-03-27,22.42,131
2020-03-28,22.474,131
2020-03-29,22.518,131
2020-03-30,22.562,131
2020-03-31,22.55,131
2020-04-01,22.497,131
2020-04-02,22.416,131
2020-04-03,22.434,131
2020-04-04,22.329,131
2020-04-05,22.254,131
2020-04-06,22.244,131
2020-04-07,22.181,131
2020-04-08,22.223,131
2020-04-09,22.262,131
2020-04-10,22.207,131
2020-04-11,22.219,131
2020-04-12,22.294,131
2020-04-13,22.282,131
2020-04-14,22.301,131
2020-04-15,22.389,131
2020-04-16,22.68,131
2020-04-17,22.886,131
2020-04-18,22.87,131
2020-04-19,22.91,131
2020-04-20,22.787,131
2020-04-21,22.712,131
2020-04-22,22.615,131
2020-04-23,22.513,131
2020-04-24,22.581,131
2020-04-25,22.742,131
2020-04-26,22.73,131
2020-04-27,22.743,131
2020-04-28,22.834,131
2020-04-29,22.952,131
2020-04-30,23.069,131
2020-05-01,23.112,131
2020-05-02,23.039,131
2020-05-03,23.004,131
2020-05-04,22.999,131
2020-05-05,23.171,131
2020-05-06,23.297,131
2020-05-07,23.305,131
2020-05-08,23.324,131
2020-05-09,23.313,131
2020-05-10,23.431,131
2020-05-11,23.616,131
2020-05-12,23.784,131
2020-05-13,23.881,131
2020-05-14,24.018,131
2020-05-15,24.101,131
2020-05-16,24.187,131
2020-05-17,24.228,131
2020-05-18,24.285,131
2020-05-19,24.401,131
2020-05-20,24.534,131
2020-05-21,24.777,131
2020-05-22,24.974,131
2020-05-23,25.056,131
2020-05-24,25.121,131
2020-05-25,24.963,131
2020-05-26,24.945,131
2020-05-27,25.106,131
2020-05-28,25.467,131
2020-05-29,25.818,131
2020-05-30,25.909,131
2020-05-31,25.923,131
2020-06-01,25.923,131
2020-06-02,25.684,131
2020-06-03,25.755,131
2020-06-04,25.802,131
2020-06-05,25.807,131
2020-06-06,26.048,131
2020-06-07,26.213,131
2020-06-08,26.654,131
2020-06-09,26.824,131
2020-06-10,26.806,131
2020-06-11,26.72,131
2020-06-12,26.741,131
2020-06-13,26.823,131
2020-06-14,26.843,131
2020-06-15,26.862,131
2020-06-16,26.952,131
2020-06-17,27.119,131
2020-06-18,27.171,131
2020-06-19,27.032,131
2020-06-20,27.005,131
2020-06-21,27.214,131
2020-06-22,27.313,131
2020-06-23,27.355,131
2020-06-24,27.263,131
2020-06-25,27.275,131
2020-06-26,27.249,131
2020-06-27,27.275,131
2020-06-28,27.296,131
2020-06-29,27.334,131
2020-06-30,27.215,131
2020-07-01,27.127,131
2020-07-02,27.012,131
2020-07-03,26.974,131
2020-07-04,26.957,131
2020-07-05,26.952,131
2020-07-06,26.846,131
2020-07-07,26.811,131
2020-07-08,26.843,131
2020-07-09,26.855,131
2020-07-10,26.913,131
2020-07-11,26.962,131
2020-07-12,27.012,131
2020-07-13,27.166,131
2020-07-14,27.241,131
2020-07-15,27.209,131
2020-07-16,27.179,131
2020-07-17,27.226,131
2020-07-18,27.313,131
2020-07-19,27.395,131
2020-07-20,27.452,131
2020-07-21,27.437,131
2020-07-22,27.434,131
2020-07-23,27.373,131
2020-07-24,27.36,131
2020-07-25,27.304,131
2020-07-26,27.253,131
2020-07-27,27.32,131
2020-07-28,27.289,131
2020-07-29,27.214,131
2020-07-30,27.106,131
2020-07-31,27.047,131
2020-08-01,27.057,131
2020-08-02,27.056,131
2020-08-03,27.045,131
2020-08-04,27.098,131
2020-08-05,27.153,131
2020-08-06,27.242,131
2020-08-07,27.316,131
2020-08-08,27.383,131
2020-08-09,27.418,131
2020-08-10,27.431,131
2020-08-11,27.448,131
2020-08-12,27.426,131
2020-08-13,27.43,131
2020-08-14,27.434,131
2020-08-15,27.411,131
2020-08-16,27.425,131
2020-08-17,27.403,131
2020-08-18,27.409,131
2020-08-19,27.444,131
2020-08-20,27.463,131
2020-08-21,27.53,131
2020-08-22,27.562,131
2020-08-23,27.571,131
2020-08-24,27.51,131
2020-08-25,27.551,131
2020-08-26,27.555,131
2020-08-27,27.605,131
2020-08-28,27.693,131
2020-08-29,27.724,131
2020-08-30,27.736,131
2020-08-31,27.727,131
2020-09-01,27.781,131
2020-09-02,27.811,131
2020-09-03,27.878,131
2020-09-04,27.824,131
2020-09-05,27.81,131
2020-09-06,27.821,131
2020-09-07,27.812,131
2020-09-08,27.825,131
2020-09-09,27.771,131
2020-09-10,27.749,131
2020-09-11,27.756,131
2020-09-12,27.808,131
2020-09-13,27.915,131
2020-09-14,27.946,131
2020-09-15,27.938,131
2020-09-16,27.987,131
2020-09-17,28.059,131
2020-09-18,28.08,131
2020-09-19,28.027,131
2020-09-20,28.023,131
2020-09-21,27.994,131
2020-09-22,27.936,131
2020-09-23,27.923,131
2020-09-24,27.96,131
2020-09-25,28.018,131
2020-09-26,28.039,131
2020-09-27,28.041,131
2020-09-28,28.067,131
2020-09-29,27.934,131
2020-09-30,27.828,131
2020-10-01,27.823,131
2020-10-02,27.752,131
2020-10-03,27.808,131
2020-10-04,27.883,131
2020-10-05,27.891,131
2020-10-06,27.67,131
2020-10-07,27.513,131
2020-10-08,27.615,131
2020-10-09,27.544,131
2020-10-10,27.634,131
2020-10-11,27.67,131
2020-10-12,27.613,131
2020-10-13,27.597,131
2020-10-14,27.45,131
2020-10-15,27.145,131
2020-10-16,26.846,131
2020-10-17,26.683,131
2020-10-18,26.601,131
2020-10-19,26.478,131
2020-10-20,26.393,131
2020-10-21,26.335,131
2020-10-22,26.296,131
2020-10-23,26.261,131
2020-10-24,26.249,131
2020-10-25,26.177,131
2020-10-26,26.072,131
2020-10-27,25.912,131
2020-10-28,25.872,131
2020-10-29,25.786,131
2020-10-30,25.686,131
2020-10-31,25.654,131
2020-11-01,25.614,131
2020-11-02,25.611,131
2020-11-03,25.572,131
2020-11-04,25.48,131
2020-11-05,25.382,131
2020-11-06,25.314,131
2020-11-07,25.245,131
2020-11-08,25.207,131
2020-11-09,25.168,131
2020-11-10,25.124,131
2020-11-11,25.095,131
2020-11-12,25.117,131
2020-11-13,25.17,131
2020-11-14,25.203,131
2020-11-15,25.235,131
2020-11-16,25.229,131
2020-11-17,25.236,131
2020-11-18,25.223,131
2020-11-19,25.191,131
2020-11-20,25.118,131
2020-11-21,25.088,131
2020-11-22,25.094,131
2020-11-23,25.103,131
2020-11-24,25.121,131
2020-11-25,25.078,131
2020-11-26,25.064,131
2020-11-27,25.05,131
2020-11-28,25.002,131
2020-11-29,24.994,131
2020-11-30,24.952,131
2020-12-01,24.902,131
2020-12-02,24.859,131
2020-12-03,24.831,131
2020-12-04,24.803,131
2020-12-05,24.774,131
2020-12-06,24.701,131
2020-12-07,24.601,131
2020-12-08,24.545,131
2020-12-09,24.601,131
2020-12-10,24.571,131
2020-12-11,24.477,131
2020-12-12,24.366,131
2020-12-13,24.373,131
2020-12-14,24.298,131
2020-12-15,24.337,131
2020-12-16,24.389,131
2020-12-17,24.358,131
2020-12-18,24.327,131
2020-12-19,24.348,131
2020-12-20,24.355,131
2020-12-21,24.392,131
2020-12-22,24.349,131
2020-12-23,24.295,131
2020-12-24,24.182,131
2020-12-25,24.174,131
2020-12-26,24.203,131
2020-12-27,24.194,131
2020-12-28,24.192,131
2020-12-29,24.108,131
2020-12-30,24.01,131
2020-12-31,23.958,131
2021-01-01,23.977,131
2021-01-02,24.003,131
2021-01-03,24.012,131
2021-01-04,23.973,131
2021-01-05,23.924,131
2021-01-06,23.937,131
2021-01-07,23.943,131
2021-01-08,23.955,131
2021-01-09,23.927,131
2021-01-10,23.856,131
2021-01-11,23.907,131
2021-01-12,23.86,131
2021-01-13,23.759,131
2021-01-14,23.652,131
2021-01-15,23.624,131
2021-01-16,23.534,131
2021-01-17,23.362,131
2021-01-18,23.318,131
2021-01-19,23.169,131
2021-01-20,23.121,131
2021-01-21,23.121,131
2021-01-22,23.116,131
2021-01-23,23.071,131
2021-01-24,23.076,131
2021-01-25,23.135,131
2021-01-26,23.13,131
2021-01-27,23.232,131
2021-01-28,23.195,131
2021-01-29,23.152,131
2021-01-30,23.096,131
2021-01-31,23.17,131
2021-02-01,23.193,131
2021-02-02,23.08,131
2021-02-03,22.887,131
2021-02-04,22.722,131
2021-02-05,22.654,131
2021-02-06,22.62,131
2021-02-07,22.587,131
2021-02-08,22.554,131
2021-02-09,22.532,131
2021-02-10,22.501,131
2021-02-11,22.426,131
2021-02-12,22.293,131
2021-02-13,22.267,131
2021-02-14,22.298,131
2021-02-15,22.334,131
2021-02-16,22.282,131
2021-02-17,22.213,131
2021-02-18,22.138,131
2021-02-19,22.165,131
2021-02-20,22.295,131
2021-02-21,22.397,131
2021-02-22,22.43,131
2021-02-23,22.374,131
2021-02-24,22.345,131
2021-02-25,22.393,131
2021-02-26,22.422,131
2021-02-27,22.438,131
2021-02-28,22.425,131
2021-03-01,22.404,131
2021-03-02,22.454,131
2021-03-03,22.451,131
2021-03-04,22.394,131
2021-03-05,22.41,131
2021-03-06,22.417,131
2021-03-07,22.482,131
2021-03-08,22.556,131
2021-03-09,22.694,131
2021-03-10,22.828,131
2021-03-11,22.834,131
2021-03-12,22.82,131
2021-03-13,22.786,131
2021-03-14,22.637,131
2021-03-15,22.475,131
2021-03-16,22.424,131
2021-03-17,22.45,131
2021-03-18,22.481,131
2021-03-19,22.553,131
2021-03-20,22.565,131
2021-03-21,22.641,131
2021-03-22,22.688,131
2021-03-23,22.553,131
2021-03-24,22.412,131
2021-03-25,22.262,131
2021-03-26,22.186,131
2021-03-27,22.168,131
2021-03-28,22.283,131
2021-03-29,22.343,131
2021-03-30,22.388,131
2021-03-31,22.565,131
2021-04-01,22.627,131
2021-04-02,22.658,131
2021-04-03,22.655,131
2021-04-04,22.495,131
2021-04-05,22.311,131
2021-04-06,22.535,131
2021-04-07,22.593,131
2021-04-08,22.551,131
2021-04-09,22.678,131
2021-04-10,22.775,131
2021-04-11,22.906,131
2021-04-12,22.865,131
2021-04-13,22.875,131
2021-04-14,22.824,131
2021-04-15,22.822,131
2021-04-16,22.856,131
2021-04-17,22.772,131
2021-04-18,22.749,131
2021-04-19,22.783,131
2021-04-20,22.757,131
2021-04-21,22.727,131
2021-04-22,22.749,131
2021-04-23,22.787,131
2021-04-24,22.917,131
2021-04-25,23.042,131
2021-04-26,23,131
2021-04-27,23.116,131
2021-04-28,23.185,131
2021-04-29,23.318,131
2021-04-30,23.375,131
2021-05-01,23.425,131
2021-05-02,23.402,131
2021-05-03,23.267,131
2021-05-04,23.249,131
2021-05-05,23.233,131
2021-05-06,23.321,131
2021-05-07,23.428,131
2021-05-08,23.536,131
2021-05-09,23.693,131
2021-05-10,23.914,131
2021-05-11,23.922,131
2021-05-12,23.933,131
2021-05-13,24.029,131
2021-05-14,24.054,131
2021-05-15,24.115,131
2021-05-16,24.218,131
2021-05-17,24.254,131
2021-05-18,24.378,131
2021-05-19,24.491,131
2021-05-20,24.57,131
2021-05-21,24.687,131
2021-05-22,24.839,131
2021-05-23,24.966,131
2021-05-24,25.1,131
2021-05-25,25.177,131
2021-05-26,25.298,131
2021-05-27,25.351,131
2021-05-28,25.434,131
2021-05-29,25.403,131
2021-05-30,25.346,131
2021-05-31,25.242,131
2021-06-01,25.232,131
2021-06-02,25.303,131
2021-06-03,25.314,131
2021-06-04,25.287,131
2021-06-05,25.264,131
2021-06-06,25.262,131
2021-06-07,25.377,131
2021-06-08,25.336,131
2021-06-09,25.25,131
2021-06-10,25.347,131
2021-06-11,25.367,131
2021-06-12,25.429,131
2021-06-13,25.574,131
2021-06-14,25.739,131
2021-06-15,25.85,131
2021-06-16,25.93,131
2021-06-17,25.995,131
2021-06-18,25.959,131
2021-06-19,26.055,131
2021-06-20,26.247,131
2021-06-21,26.295,131
2021-06-22,26.481,131
2021-06-23,26.531,131
2021-06-24,26.539,131
2021-06-25,26.554,131
2021-06-26,26.518,131
2021-06-27,26.473,131
2021-06-28,26.473,131
2021-06-29,26.511,131
2021-06-30,26.608,131
2021-07-01,26.669,131
2021-07-02,26.672,131
2021-07-03,26.767,131
2021-07-04,26.669,131
2021-07-05,26.523,131
2021-07-06,26.486,131
2021-07-07,26.45,131
2021-07-08,26.421,131
2021-07-09,26.507,131
2021-07-10,26.483,131
2021-07-11,26.507,131
2021-07-12,26.484,131
2021-07-13,26.502,131
2021-07-14,26.508,131
2021-07-15,26.459,131
2021-07-16,26.482,131
2021-07-17,26.582,131
2021-07-18,26.622,131
2021-07-19,26.645,131
2021-07-20,26.631,131
2021-07-21,26.573,131
2021-07-22,26.548,131
2021-07-23,26.487,131
2021-07-24,26.409,131
2021-07-25,26.472,131
2021-07-26,26.452,131
2021-07-27,26.471,131
2021-07-28,26.504,131
2021-07-29,26.562,131
2021-07-30,26.617,131
2021-07-31,26.652,131
2021-08-01,26.832,131
2021-08-02,26.897,131
2021-08-03,27.058,131
2021-08-04,27.1,131
2021-08-05,27.122,131
2021-08-06,27.111,131
2021-08-07,27.079,131
2021-08-08,27.043,131
2021-08-09,27.093,131
2021-08-10,27.176,131
2021-08-11,27.296,131
2021-08-12,27.439,131
2021-08-13,27.402,131
2021-08-14,27.352,131
2021-08-15,27.208,131
2021-08-16,27.165,131
2021-08-17,27.178,131
2021-08-18,27.206,131
2021-08-19,27.347,131
2021-08-20,27.432,131
2021-08-21,27.433,131
2021-08-22,27.441,131
2021-08-23,27.409,131
2021-08-24,27.396,131
2021-08-25,27.389,131
2021-08-26,27.409,131
2021-08-27,27.39,131
2021-08-28,27.322,131
2021-08-29,27.335,131
2021-08-30,27.332,131
2021-08-31,27.371,131
2021-09-01,27.396,131
2021-09-02,27.407,131
2021-09-03,27.374,131
2021-09-04,27.355,131
2021-09-05,27.346,131
2021-09-06,27.387,131
2021-09-07,27.378,131
2021-09-08,27.357,131
2021-09-09,27.327,131
2021-09-10,27.359,131
2021-09-11,27.369,131
2021-09-12,27.372,131
2021-09-13,27.377,131
2021-09-14,27.363,131
2021-09-15,27.338,131
2021-09-16,27.354,131
2021-09-17,27.357,131
2021-09-18,27.386,131
2021-09-19,27.437,131
2021-09-20,27.436,131
2021-09-21,27.441,131
2021-09-22,27.497,131
2021-09-23,27.479,131
2021-09-24,27.388,131
2021-09-25,27.33,131
2021-09-26,27.254,131
2021-09-27,27.181,131
2021-09-28,27.153,131
2021-09-29,27.18,131
2021-09-30,27.145,131
2021-10-01,27.153,131
2021-10-02,27.16,131
2021-10-03,27.137,131
2021-10-04,27.158,131
2021-10-05,27.162,131
2021-10-06,27.212,131
2021-10-07,27.195,131
2021-10-08,27.072,131
2021-10-09,27.01,131
2021-10-10,26.902,131
2021-10-11,26.83,131
2021-10-12,26.79,131
2021-10-13,26.776,131
2021-10-14,26.778,131
2021-10-15,26.779,131
2021-10-16,26.783,131
2021-10-17,26.788,131
2021-10-18,26.746,131
2021-10-19,26.732,131
2021-10-20,26.753,131
2021-10-21,26.736,131
2021-10-22,26.667,131
2021-10-23,26.647,131
2021-10-24,26.626,131
2021-10-25,26.636,131
2021-10-26,26.65,131
2021-10-27,26.534,131
2021-10-28,26.455,131
2021-10-29,26.45,131
2021-10-30,26.514,131
2021-10-31,26.511,131
2021-11-01,26.482,131
2021-11-02,26.399,131
2021-11-03,26.345,131
2021-11-04,26.323,131
2021-11-05,26.292,131
2021-11-06,26.25,131
2021-11-07,26.304,131
2021-11-08,26.335,131
2021-11-09,26.336,131
2021-11-10,26.303,131
2021-11-11,26.258,131
2021-11-12,26.166,131
2021-11-13,26.042,131
2021-11-14,25.945,131
2021-11-15,25.887,131
2021-11-16,25.823,131
2021-11-17,25.765,131
2021-11-18,25.833,131
2021-11-19,25.797,131
2021-11-20,25.809,131
2021-11-21,25.768,131
2021-11-22,25.65,131
2021-11-23,25.539,131
2021-11-24,25.578,131
2021-11-25,25.616,131
2021-11-26,25.634,131
2021-11-27,25.616,131
2021-11-28,25.566,131
2021-11-29,25.5,131
2021-11-30,25.514,131
2021-12-01,25.281,131
2021-12-02,25.091,131
2021-12-03,24.986,131
2021-12-04,24.864,131
2021-12-05,24.725,131
2021-12-06,24.642,131
2021-12-07,24.532,131
2021-12-08,24.48,131
2021-12-09,24.351,131
2021-12-10,24.379,131
2021-12-11,24.367,131
2021-12-12,24.424,131
2021-12-13,24.457,131
2021-12-14,24.438,131
2021-12-15,24.41,131
2021-12-16,24.4,131
2021-12-17,24.403,131
2021-12-18,24.323,131
2021-12-19,24.251,131
2021-12-20,24.145,131
2021-12-21,24.133,131
2021-12-22,24.037,131
2021-12-23,24.046,131
2021-12-24,23.942,131
2021-12-25,23.905,131
2021-12-26,23.892,131
2021-12-27,23.857,131
2021-12-28,23.792,131
2021-12-29,23.755,131
2021-12-30,23.762,131
2021-12-31,23.696,131
2022-01-01,23.627,131
2022-01-02,23.569,131
2022-01-03,23.513,131
2022-01-04,23.435,131
2022-01-05,23.408,131
2022-01-06,23.328,131
2022-01-07,23.363,131
2022-01-08,23.352,131
2022-01-09,23.203,131
2022-01-10,23.119,131
2022-01-11,23.013,131
2022-01-12,22.83,131
2022-01-13,22.834,131
2022-01-14,22.944,131
2022-01-15,22.93,131
2022-01-16,22.981,131
2022-01-17,22.969,131
2022-01-18,22.997,131
2022-01-19,22.914,131
2022-01-20,22.902,131
2022-01-21,22.818,131
2022-01-22,22.82,131
2022-01-23,22.833,131
2022-01-24,22.809,131
2022-01-25,22.772,131
2022-01-26,22.732,131
2022-01-27,22.729,131
2022-01-28,22.707,131
2022-01-29,22.741,131
2022-01-30,22.79,131
2022-01-31,22.779,131
2022-02-01,22.71,131
2022-02-02,22.741,131
2022-02-03,22.678,131
2022-02-04,22.625,131
2022-02-05,22.615,131
2022-02-06,22.616,131
2022-02-07,22.648,131
2022-02-08,22.669,131
2022-02-09,22.651,131
2022-02-10,22.738,131
2022-02-11,22.658,131
2022-02-12,22.673,131
2022-02-13,22.673,131
2022-02-14,22.641,131
2022-02-15,22.631,131
2022-02-16,22.572,131
2022-02-17,22.521,131
2022-02-18,22.455,131
2022-02-19,22.425,131
2022-02-20,22.447,131
2022-02-21,22.47,131
2022-02-22,22.546,131
2022-02-23,22.56,131
2022-02-24,22.596,131
2022-02-25,22.604,131
2022-02-26,22.598,131
2022-02-27,22.663,131
2022-02-28,22.653,131
2022-03-01,22.66,131
2022-03-02,22.738,131
2022-03-03,22.773,131
2022-03-04,22.811,131
2022-03-05,22.894,131
2022-03-06,22.818,131
2022-03-07,22.772,131
2022-03-08,22.779,131
2022-03-09,22.906,131
2022-03-10,22.977,131
2022-03-11,23.021,131
2022-03-12,23.049,131
2022-03-13,23.018,131
2022-03-14,22.962,131
2022-03-15,22.939,131
2022-03-16,22.972,131
2022-03-17,22.958,131
2022-03-18,22.952,131
2022-03-19,23.032,131
2022-03-20,22.962,131
2022-03-21,22.799,131
2022-03-22,22.701,131
2022-03-23,22.691,131
2022-03-24,22.731,131
2022-03-25,22.748,131
2022-03-26,22.818,131
2022-03-27,22.71,131
2022-03-28,22.793,131
2022-03-29,22.881,131
2022-03-30,22.893,131
2022-03-31,22.803,131
2022-04-01,22.787,131
2022-04-02,22.872,131
2022-04-03,22.905,131
2022-04-04,23.055,131
2022-04-05,23.084,131
2022-04-06,23.106,131
2022-04-07,23.071,131
2022-04-08,23.174,131
2022-04-09,23.196,131
2022-04-10,23.218,131
2022-04-11,23.266,131
2022-04-12,23.226,131
2022-04-13,23.214,131
2022-04-14,23.072,131
2022-04-15,22.897,131
2022-04-16,22.857,131
2022-04-17,22.914,131
2022-04-18,23.018,131
2022-04-19,23.064,131
2022-04-20,23.199,131
2022-04-21,23.293,131
2022-04-22,23.43,131
2022-04-23,23.416,131
2022-04-24,23.474,131
2022-04-25,23.554,131
2022-04-26,23.594,131
2022-04-27,23.604,131
2022-04-28,23.703,131
2022-04-29,23.692,131
2022-04-30,23.698,131
2022-05-01,23.737,131
2022-05-02,23.832,131
2022-05-03,23.956,131
2022-05-04,24.109,131
2022-05-05,24.195,131
2022-05-06,24.331,131
2022-05-07,24.256,131
2022-05-08,24.225,131
2022-05-09,24.163,131
2022-05-10,24.187,131
2022-05-11,24.186,131
2022-05-12,24.256,131
2022-05-13,24.34,131
2022-05-14,24.35,131
2022-05-15,24.424,131
2022-05-16,24.426,131
2022-05-17,24.348,131
2022-05-18,24.244,131
2022-05-19,24.413,131
2022-05-20,24.587,131
2022-05-21,24.602,131
2022-05-22,24.65,131
2022-05-23,24.696,131
2022-05-24,24.949,131
2022-05-25,25.071,131
2022-05-26,25.079,131
2022-05-27,25.153,131
2022-05-28,25.184,131
2022-05-29,25.23,131
2022-05-30,25.296,131
2022-05-31,25.669,131
2022-06-01,25.804,131
2022-06-02,26.009,131
2022-06-03,26.299,131
2022-06-04,26.381,131
2022-06-05,26.708,131
2022-06-06,26.77,131
2022-06-07,26.789,131
2022-06-08,26.769,131
2022-06-09,26.832,131
2022-06-10,26.84,131
2022-06-11,26.782,131
2022-06-12,26.697,131
2022-06-13,26.7,131
2022-06-14,26.652,131
2022-06-15,26.641,131
2022-06-16,26.696,131
2022-06-17,26.808,131
2022-06-18,26.976,131
2022-06-19,27.057,131
2022-06-20,27.106,131
2022-06-21,27.121,131
2022-06-22,27.103,131
2022-06-23,27.127,131
2022-06-24,27.239,131
2022-06-25,27.276,131
2022-06-26,27.334,131
2022-06-27,27.371,131
2022-06-28,27.385,131
2022-06-29,27.37,131
2022-06-30,27.362,131
2022-07-01,27.37,131
2022-07-02,27.328,131
2022-07-03,27.324,131
2022-07-04,27.313,131
2022-07-05,27.262,131
2022-07-06,27.177,131
2022-07-07,27.079,131
2022-07-08,27.097,131
2022-07-09,27.092,131
2022-07-10,27.126,131
2022-07-11,27.144,131
2022-07-12,27.179,131
2022-07-13,27.192,131
2022-07-14,27.164,131
2022-07-15,27.173,131
2022-07-16,27.184,131
2022-07-17,27.126,131
2022-07-18,27.236,131
2022-07-19,27.213,131
2022-07-20,27.173,131
2022-07-21,27.167,131
2022-07-22,27.139,131
2022-07-23,27.208,131
2022-07-24,27.322,131
2022-07-25,27.321,131
2022-07-26,27.334,131
2022-07-27,27.271,131
2022-07-28,27.305,131
2022-07-29,27.279,131
2022-07-30,27.41,131
2022-07-31,27.381,131
2022-08-01,27.36,131
2022-08-02,27.289,131
2022-08-03,27.266,131
2022-08-04,27.246,131
2022-08-05,27.237,131
2022-08-06,27.281,131
2022-08-07,27.364,131
2022-08-08,27.442,131
2022-08-09,27.487,131
2022-08-10,27.571,131
2022-08-11,27.564,131
2022-08-12,27.573,131
2022-08-13,27.573,131
2022-08-14,27.603,131
2022-08-15,27.697,131
2022-08-16,27.861,131
2022-08-17,27.947,131
2022-08-18,27.983,131
2022-08-19,27.992,131
2022-08-20,28.024,131
2022-08-21,28.142,131
2022-08-22,28.196,131
2022-08-23,28.169,131
2022-08-24,28.213,131
2022-08-25,28.226,131
2022-08-26,28.18,131
2022-08-27,28.086,131
2022-08-28,28.009,131
2022-08-29,28.059,131
2022-08-30,28.062,131
2022-08-31,28.031,131
2022-09-01,27.956,131
2022-09-02,27.951,131
2022-09-03,27.941,131
2022-09-04,27.905,131
2022-09-05,27.874,131
2022-09-06,27.889,131
2022-09-07,27.9,131
2022-09-08,27.902,131
2022-09-09,27.894,131
2022-09-10,27.974,131
2022-09-11,27.961,131
2022-09-12,27.932,131
2022-09-13,27.941,131
2022-09-14,27.99,131
2022-09-15,27.953,131
2022-09-16,27.948,131
2022-09-17,28.09,131
2022-09-18,28.035,131
2022-09-19,28.08,131
2022-09-20,28.065,131
2022-09-21,28.032,131
2022-09-22,28.088,131
2022-09-23,27.99,131
2022-09-24,27.785,131
2022-09-25,27.785,131
2022-09-26,27.762,131
2022-09-27,27.764,131
2022-09-28,27.87,131
2022-09-29,27.879,131
2022-09-30,27.848,131
2022-10-01,27.737,131
2022-10-02,27.649,131
2022-10-03,27.537,131
2022-10-04,27.494,131
2022-10-05,27.386,131
2022-10-06,27.301,131
2022-10-07,27.176,131
2022-10-08,27.107,131
2022-10-09,27.055,131
2022-10-10,27.031,131
2022-10-11,26.955,131
2022-10-12,26.886,131
2022-10-13,26.837,131
2022-10-14,26.732,131
2022-10-15,26.656,131
2022-10-16,26.658,131
2022-10-17,26.656,131
2022-10-18,26.654,131
2022-10-19,26.542,131
2022-10-20,26.441,131
2022-10-21,26.335,131
2022-10-22,26.231,131
2022-10-23,26.212,131
2022-10-24,26.211,131
2022-10-25,26.141,131
2022-10-26,26.082,131
2022-10-27,26.087,131
2022-10-28,26.093,131
2022-10-29,26.12,131
2022-10-30,26.139,131
2022-10-31,26.143,131
2022-11-01,26.139,131
2022-11-02,26.125,131
2022-11-03,26.097,131
2022-11-04,25.994,131
2022-11-05,25.936,131
2022-11-06,25.947,131
2022-11-07,25.886,131
2022-11-08,25.844,131
2022-11-09,25.852,131
2022-11-10,25.834,131
2022-11-11,25.823,131
2022-11-12,25.8,131
2022-11-13,25.766,131
2022-11-14,25.688,131
2022-11-15,25.672,131
2022-11-16,25.683,131
2022-11-17,25.625,131
2022-11-18,25.608,131
2022-11-19,25.573,131
2022-11-20,25.578,131
2022-11-21,25.528,131
2022-11-22,25.455,131
2022-11-23,25.384,131
2022-11-24,25.225,131
2022-11-25,25.098,131
2022-11-26,25.037,131
2022-11-27,25.004,131
2022-11-28,24.959,131
2022-11-29,24.942,131
2022-11-30,24.922,131
2022-12-01,24.87,131
2022-12-02,24.827,131
2022-12-03,24.824,131
2022-12-04,24.71,131
2022-12-05,24.65,131
2022-12-06,24.55,131
2022-12-07,24.455,131
2022-12-08,24.326,131
2022-12-09,24.27,131
2022-12-10,24.326,131
2022-12-11,24.257,131
2022-12-12,24.207,131
2022-12-13,24.154,131
2022-12-14,24.067,131
2022-12-15,24.014,131
2022-12-16,23.999,131
2022-12-17,23.913,131
2022-12-18,23.829,131
2022-12-19,23.787,131
2022-12-20,23.648,131
2022-12-21,23.607,131
2022-12-22,23.56,131
2022-12-23,23.502,131
2022-12-24,23.523,131
2022-12-25,23.435,131
2022-12-26,23.421,131
2022-12-27,23.398,131
2022-12-28,23.356,131
2022-12-29,23.364,131
2022-12-30,23.312,131
2022-12-31,23.278,131
2023-01-01,23.253,131
2023-01-02,23.245,131
2023-01-03,23.3,131
2023-01-04,23.336,131
2023-01-05,23.331,131
2023-01-06,23.313,131
2023-01-07,23.308,131
2023-01-08,23.369,131
2023-01-09,23.256,131
2023-01-10,23.22,131
2023-01-11,23.179,131
2023-01-12,23.13,131
2023-01-13,23.099,131
2023-01-14,23.011,131
2023-01-15,22.982,131
2023-01-16,22.93,131
2023-01-17,22.985,131
2023-01-18,22.978,131
2023-01-19,22.979,131
2023-01-20,22.862,131
2023-01-21,22.9,131
2023-01-22,22.743,131
2023-01-23,22.683,131
2023-01-24,22.679,131
2023-01-25,22.563,131
2023-01-26,22.502,131
2023-01-27,22.54,131
2023-01-28,22.55,131
2023-01-29,22.512,131
2023-01-30,22.505,131
2023-01-31,22.521,131
2023-02-01,22.438,131
2023-02-02,22.262,131
2023-02-03,22.42,131
2023-02-04,22.531,131
2023-02-05,22.565,131
2023-02-06,22.595,131
2023-02-07,22.562,131
2023-02-08,22.595,131
2023-02-09,22.567,131
2023-02-10,22.59,131
2023-02-11,22.649,131
2023-02-12,22.634,131
2023-02-13,22.664,131
2023-02-14,22.655,131
2023-02-15,22.656,131
2023-02-16,22.67,131
2023-02-17,22.676,131
2023-02-18,22.624,131
2023-02-19,22.585,131
2023-02-20,22.522,131
2023-02-21,22.481,131
2023-02-22,22.496,131
2023-02-23,22.534,131
2023-02-24,22.574,131
2023-02-25,22.572,131
2023-02-26,22.591,131
2023-02-27,22.593,131
2023-02-28,22.607,131
2023-03-01,22.637,131
2023-03-02,22.645,131
2023-03-03,22.656,131
2023-03-04,22.586,131
2023-03-05,22.492,131
2023-03-06,22.307,131
2023-03-07,22.194,131
2023-03-08,22.014,131
2023-03-09,21.993,131
2023-03-10,21.904,131
2023-03-11,21.864,131
2023-03-12,21.855,131
2023-03-13,21.865,131
2023-03-14,21.922,131
2023-03-15,21.878,131
2023-03-16,21.901,131
2023-03-17,21.864,131
2023-03-18,21.784,131
2023-03-19,21.79,131
2023-03-20,21.739,131
2023-03-21,21.668,131
2023-03-22,21.649,131
2023-03-23,21.666,131
2023-03-24,21.706,131
2023-03-25,21.741,131
2023-03-26,21.76,131
2023-03-27,21.794,131
2023-03-28,21.72,131
2023-03-29,21.724,131
2023-03-30,21.82,131
2023-03-31,21.854,131
2023-04-01,21.911,131
2023-04-02,21.948,131
2023-04-03,22.15,131
2023-04-04,22.236,131
2023-04-05,22.29,131
2023-04-06,22.309,131
2023-04-07,22.557,131
2023-04-08,22.689,131
2023-04-09,22.71,131
2023-04-10,22.641,131
2023-04-11,22.627,131
2023-04-12,22.664,131
2023-04-13,22.612,131
2023-04-14,22.581,131
2023-04-15,22.748,131
2023-04-16,22.782,131
2023-04-17,22.747,131
2023-04-18,22.634,131
2023-04-19,22.572,131
2023-04-20,22.656,131
2023-04-21,22.607,131
2023-04-22,22.601,131
2023-04-23,22.646,131
2023-04-24,22.672,131
2023-04-25,22.663,131
2023-04-26,22.668,131
2023-04-27,22.613,131
2023-04-28,22.681,131
2023-04-29,22.845,131
2023-04-30,23.012,131
2023-05-01,22.972,131
2023-05-02,22.829,131
2023-05-03,22.73,131
2023-05-04,22.707,131
2023-05-05,22.755,131
2023-05-06,22.852,131
2023-05-07,23.051,131
2023-05-08,23.065,131
2023-05-09,23.145,131
2023-05-10,23.205,131
2023-05-11,23.249,131
2023-05-12,23.19,131
2023-05-13,23.151,131
2023-05-14,23.127,131
2023-05-15,23.121,131
2023-05-16,23.154,131
2023-05-17,23.229,131
2023-05-18,23.327,131
2023-05-19,23.398,131
2023-05-20,23.426,131
2023-05-21,23.652,131
2023-05-22,23.886,131
2023-05-23,23.873,131
2023-05-24,23.904,131
2023-05-25,23.891,131
2023-05-26,23.929,131
2023-05-27,24.013,131
2023-05-28,24.147,131
2023-05-29,24.203,131
2023-05-30,24.261,131
2023-05-31,24.437,131
2023-06-01,24.54,131
2023-06-02,24.658,131
2023-06-03,24.748,131
2023-06-04,24.861,131
2023-06-05,24.899,131
2023-06-06,24.945,131
2023-06-07,25.015,131
2023-06-08,25.086,131
2023-06-09,25.232,131
2023-06-10,25.466,131
2023-06-11,25.529,131
2023-06-12,25.573,131
2023-06-13,25.628,131
2023-06-14,25.907,131
2023-06-15,26.02,131
2023-06-16,26.019,131
2023-06-17,26.074,131
2023-06-18,26.227,131
2023-06-19,26.255,131
2023-06-20,26.192,131
2023-06-21,26.187,131
2023-06-22,26.179,131
2023-06-23,26.227,131
2023-06-24,26.36,131
2023-06-25,26.483,131
2023-06-26,26.421,131
2023-06-27,26.327,131
2023-06-28,26.313,131
2023-06-29,26.27,131
2023-06-30,26.241,131
2023-07-01,26.319,131
2023-07-02,26.337,131
2023-07-03,26.443,131
2023-07-04,26.694,131
2023-07-05,26.701,131
2023-07-06,26.759,131
2023-07-07,26.725,131
2023-07-08,26.725,131
2023-07-09,26.75,131
2023-07-10,26.673,131
2023-07-11,26.381,131
2023-07-12,26.497,131
2023-07-13,26.478,131
2023-07-14,26.495,131
2023-07-15,26.53,131
2023-07-16,26.576,131
2023-07-17,26.602,131
2023-07-18,26.558,131
2023-07-19,26.536,131
2023-07-20,26.544,131
2023-07-21,26.591,131
2023-07-22,26.625,131
2023-07-23,26.606,131
2023-07-24,26.712,131
2023-07-25,26.763,131
2023-07-26,26.794,131
2023-07-27,26.85,131
2023-07-28,26.878,131
2023-07-29,26.878,131
2023-07-30,26.861,131
2023-07-31,26.909,131
2023-08-01,26.893,131
2023-08-02,26.889,131
2023-08-03,26.93,131
2023-08-04,26.993,131
2023-08-05,26.927,131
2023-08-06,26.938,131
2023-08-07,26.93,131
2023-08-08,27.001,131
2023-08-09,27.002,131
2023-08-10,26.981,131
2023-08-11,26.99,131
2023-08-12,27.037,131
2023-08-13,27.089,131
2023-08-14,27.066,131
2023-08-15,27.042,131
2023-08-16,27.129,131
2023-08-17,27.186,131
2023-08-18,27.208,131
2023-08-19,27.254,131
2023-08-20,27.29,131
2023-08-21,27.289,131
2023-08-22,27.311,131
2023-08-23,27.366,131
2023-08-24,27.408,131
2023-08-25,27.504,131
2023-08-26,27.56,131
2023-08-27,27.653,131
2023-08-28,27.728,131
2023-08-29,27.666,131
2023-08-30,27.624,131
2023-08-31,27.591,131
2023-09-01,27.545,131
2023-09-02,27.533,131
2023-09-03,27.427,131
2023-09-04,27.384,131
2023-09-05,27.518,131
2023-09-06,27.535,131
2023-09-07,27.57,131
2023-09-08,27.538,131
2023-09-09,27.528,131
2023-09-10,27.451,131
2023-09-11,27.405,131
2023-09-12,27.435,131
2023-09-13,27.567,131
2023-09-14,27.514,131
2023-09-15,27.515,131
2023-09-16,27.525,131
2023-09-17,27.532,131
2023-09-18,27.542,131
2023-09-19,27.651,131
2023-09-20,27.647,131
2023-09-21,27.558,131
2023-09-22,27.461,131
2023-09-23,27.413,131
2023-09-24,27.376,131
2023-09-25,27.351,131
2023-09-26,27.339,131
2023-09-27,27.253,131
2023-09-28,27.356,131
2023-09-29,27.376,131
2023-09-30,27.389,131
2023-10-01,27.448,131
2023-10-02,27.477,131
2023-10-03,27.465,131
2023-10-04,27.223,131
2023-10-05,27.239,131
2023-10-06,27.154,131
2023-10-07,27.153,131
2023-10-08,27.138,131
2023-10-09,27.257,131
2023-10-10,27.284,131
2023-10-11,27.231,131
2023-10-12,27.158,131
2023-10-13,27.152,131
2023-10-14,27.08,131
2023-10-15,27.165,131
2023-10-16,27.186,131
2023-10-17,27.206,131
2023-10-18,27.091,131
2023-10-19,27.033,131
2023-10-20,26.997,131
2023-10-21,26.981,131
2023-10-22,26.827,131
2023-10-23,26.716,131
2023-10-24,26.686,131
2023-10-25,26.632,131
2023-10-26,26.556,131
2023-10-27,26.507,131
2023-10-28,26.514,131
2023-10-29,26.508,131
2023-10-30,26.518,131
2023-10-31,26.482,131
2023-11-01,26.447,131
2023-11-02,26.442,131
2023-11-03,26.391,131
2023-11-04,26.352,131
2023-11-05,26.294,131
2023-11-06,26.28,131
2023-11-07,26.157,131
2023-11-08,26.05,131
2023-11-09,26.024,131
2023-11-10,26.028,131
2023-11-11,26.055,131
2023-11-12,26.115,131
2023-11-13,26.012,131
2023-11-14,25.972,131
2023-11-15,25.981,131
2023-11-16,25.912,131
2023-11-17,25.855,131
2023-11-18,25.763,131
2023-11-19,25.538,131
2023-11-20,25.374,131
2023-11-21,25.236,131
2023-11-22,25.192,131
2023-11-23,25.213,131
2023-11-24,25.262,131
2023-11-25,25.212,131
2023-11-26,25.127,131
2023-11-27,25.052,131
2023-11-28,25.041,131
2023-11-29,24.962,131
2023-11-30,24.898,131
2023-12-01,24.826,131
2023-12-02,24.832,131
2023-12-03,24.788,131
2023-12-04,24.724,131
2023-12-05,24.642,131
2023-12-06,24.598,131
2023-12-07,24.626,131
2023-12-08,24.512,131
2023-12-09,24.462,131
2023-12-10,24.478,131
2023-12-11,24.465,131
2023-12-12,24.4,131
2023-12-13,24.234,131
2023-12-14,24.147,131
2023-12-15,24.053,131
2023-12-16,23.991,131
2023-12-17,23.954,131
2023-12-18,23.94,131
2023-12-19,23.916,131
2023-12-20,23.927,131
2023-12-21,23.949,131
2023-12-22,23.926,131
2023-12-23,23.862,131
2023-12-24,23.867,131
2023-12-25,23.888,131
2023-12-26,23.866,131
2023-12-27,23.744,131
2023-12-28,23.751,131
2023-12-29,23.7,131
2023-12-30,23.635,131
2023-12-31,23.612,131
2024-01-01,23.508,131
2024-01-02,23.46,131
2024-01-03,23.425,131
2024-01-04,23.468,131
2024-01-05,23.528,131
2024-01-06,23.511,131
2024-01-07,23.407,131
2024-01-08,23.369,131
2024-01-09,23.313,131
2024-01-10,23.239,131
2024-01-11,23.097,131
2024-01-12,23.031,131
2024-01-13,22.961,131
2024-01-14,22.859,131
2024-01-15,22.741,131
2024-01-16,22.669,131
2024-01-17,22.684,131
2024-01-18,22.617,131
2024-01-19,22.552,131
2024-01-20,22.536,131
2024-01-21,22.445,131
2024-01-22,22.433,131
2024-01-23,22.286,131
2024-01-24,22.237,131
2024-01-25,22.195,131
2024-01-26,22.168,131
2024-01-27,22.127,131
2024-01-28,22.03,131
2024-01-29,22.058,131
2024-01-30,21.987,131
2024-01-31,21.884,131
2024-02-01,21.849,131
2024-02-02,21.881,131
2024-02-03,21.841,131
2024-02-04,21.885,131
2024-02-05,21.914,131
2024-02-06,21.957,131
2024-02-07,21.944,131
2024-02-08,22.005,131
2024-02-09,22.136,131
2024-02-10,22.233,131
2024-02-11,22.187,131
2024-02-12,22.108,131
2024-02-13,22.044,131
2024-02-14,21.899,131
2024-02-15,21.736,131
2024-02-16,21.653,131
2024-02-17,21.668,131
2024-02-18,21.693,131
2024-02-19,21.653,131
2024-02-20,21.656,131
2024-02-21,21.673,131
2024-02-22,21.612,131
2024-02-23,21.597,131
2024-02-24,21.569,131
2024-02-25,21.752,131
2024-02-26,21.743,131
2024-02-27,21.886,131
2024-02-28,21.908,131
2024-02-29,22.02,131
2024-03-01,22.03,131
2024-03-02,22.02,131
2024-03-03,22.02,131
2024-03-04,22.076,131
2024-03-05,22.109,131
2024-03-06,22.145,131
2024-03-07,22.144,131
2024-03-08,22.18,131
2024-03-09,22.177,131
2024-03-10,22.24,131
2024-03-11,22.226,131
2024-03-12,22.241,131
2024-03-13,22.11,131
2024-03-14,22.018,131
2024-03-15,22.003,131
2024-03-16,22.086,131
2024-03-17,22.134,131
2024-03-18,22.133,131
2024-03-19,22.136,131
2024-03-20,22.218,131
2024-03-21,22.34,131
2024-03-22,22.44,131
2024-03-23,22.456,131
2024-03-24,22.472,131
2024-03-25,22.489,131
2024-03-26,22.482,131
2024-03-27,22.535,131
2024-03-28,22.576,131
2024-03-29,22.658,131
2024-03-30,22.672,131
2024-03-31,22.464,131
2024-04-01,22.259,131
2024-04-02,22.214,131
2024-04-03,22.232,131
2024-04-04,22.367,131
2024-04-05,22.452,131
2024-04-06,22.572,131
2024-04-07,22.652,131
2024-04-08,22.672,131
2024-04-09,22.651,131
2024-04-10,22.51,131
2024-04-11,22.446,131
2024-04-12,22.345,131
2024-04-13,22.239,131
2024-04-14,22.178,131
2024-04-15,22.154,131
2024-04-16,22.12,131
2024-04-17,22.08,131
2024-04-18,22.13,131
2024-04-19,22.207,131
2024-04-20,22.39,131
2024-04-21,22.396,131
2024-04-22,22.485,131
2024-04-23,22.577,131
2024-04-24,22.739,131
2024-04-25,22.748,131
2024-04-26,22.769,131
2024-04-27,22.79,131
2024-04-28,22.791,131
2024-04-29,22.894,131
2024-04-30,22.926,131
2024-05-01,23.017,131
2024-05-02,23.018,131
2024-05-03,23.072,131
2024-05-04,23.112,131
2024-05-05,23.235,131
2024-05-06,23.4,131
2024-05-07,23.434,131
2024-05-08,23.502,131
2024-05-09,23.372,131
2024-05-10,23.241,131
2024-05-11,23.212,131
2024-05-12,23.215,131
2024-05-13,23.281,131
2024-05-14,23.167,131
2024-05-15,23.09,131
2024-05-16,22.97,131
2024-05-17,22.868,131
2024-05-18,22.848,131
2024-05-19,22.913,131
2024-05-20,23.015,131
2024-05-21,23.142,131
2024-05-22,23.273,131
2024-05-23,23.326,131
2024-05-24,23.374,131
2024-05-25,23.414,131
2024-05-26,23.439,131
2024-05-27,23.639,131
2024-05-28,23.675,131
2024-05-29,23.861,131
2024-05-30,24.057,131
2024-05-31,24.202,131
2024-06-01,24.35,131
2024-06-02,24.377,131
2024-06-03,24.432,131
2024-06-04,24.565,131
2024-06-05,24.741,131
2024-06-06,24.925,131
2024-06-07,25.12,131
2024-06-08,25.249,131
2024-06-09,25.298,131
2024-06-10,25.389,131
2024-06-11,25.414,131
2024-06-12,25.384,131
2024-06-13,25.458,131
2024-06-14,25.674,131
2024-06-15,25.919,131
2024-06-16,26.018,131
2024-06-17,25.997,131
2024-06-18,25.993,131
2024-06-19,26.037,131
2024-06-20,25.998,131
2024-06-21,26.14,131
2024-06-22,26.121,131
2024-06-23,26.119,131
2024-06-24,26.147,131
2024-06-25,26.176,131
2024-06-26,26.282,131
2024-06-27,26.352,131
2024-06-28,26.451,131
2024-06-29,26.508,131
2024-06-30,26.484,131
2024-07-01,26.575,131
2024-07-02,26.597,131
2024-07-03,26.505,131
2024-07-04,26.491,131
2024-07-05,26.494,131
2024-07-06,26.522,131
2024-07-07,26.519,131
2024-07-08,26.619,131
2024-07-09,26.591,131
2024-07-10,26.568,131
2024-07-11,26.535,131
2024-07-12,26.491,131
2024-07-13,26.475,131
2024-07-14,26.524,131
2024-07-15,26.534,131
2024-07-16,26.589,131
2024-07-17,26.6,131
2024-07-18,26.671,131
2024-07-19,26.735,131
2024-07-20,26.818,131
2024-07-21,26.913,131
2024-07-22,26.968,131
2024-07-23,27.033,131
2024-07-24,27.106,131
2024-07-25,27.156,131
2024-07-26,27.141,131
2024-07-27,27.068,131
2024-07-28,27.059,131
2024-07-29,27.001,131
2024-07-30,26.936,131
2024-07-31,26.875,131
2024-08-01,26.982,131
2024-08-02,26.946,131
2024-08-03,26.983,131
2024-08-04,27.102,131
2024-08-05,27.194,131
2024-08-06,27.249,131
2024-08-07,27.485,131
2024-08-08,27.543,131
2024-08-09,27.642,131
2024-08-10,27.555,131
2024-08-11,27.603,131
2024-08-12,27.58,131
2024-08-13,27.574,131
2024-08-14,27.558,131
2024-08-15,27.543,131
2024-08-16,27.527,131
2024-08-17,27.702,131
2024-08-18,27.832,131
2024-08-19,27.894,131
2024-08-20,27.754,131
2024-08-21,27.719,131
2024-08-22,27.616,131
2024-08-23,27.553,131
2024-08-24,27.621,131
2024-08-25,27.552,131
2024-08-26,27.562,131
2024-08-27,27.551,131
2024-08-28,27.568,131
2024-08-29,27.504,131
2024-08-30,27.445,131
2024-08-31,27.453,131
2024-09-01,27.488,131
2024-09-02,27.499,131
2024-09-03,27.621,131
2024-09-04,27.752,131
2024-09-05,27.777,131
2024-09-06,27.764,131
2024-09-07,27.591,131
2024-09-08,27.557,131
2024-09-09,27.477,131
2024-09-10,27.434,131
2024-09-11,27.377,131
2024-09-12,27.386,131
2024-09-13,27.377,131
2024-09-14,27.363,131
2024-09-15,27.353,131
2024-09-16,27.431,131
2024-09-17,27.444,131
2024-09-18,27.399,131
2024-09-19,27.452,131
2024-09-20,27.456,131
2024-09-21,27.462,131
2024-09-22,27.438,131
2024-09-23,27.372,131
2024-09-24,27.285,131
2024-09-25,27.394,131
2024-09-26,27.373,131
2024-09-27,27.338,131
2024-09-28,27.414,131
2024-09-29,27.523,131
2024-09-30,27.512,131
2024-10-01,27.456,131
2024-10-02,27.429,131
2024-10-03,27.332,131
2024-10-04,27.225,131
2024-10-05,27.252,131
2024-10-06,27.247,131
2024-10-07,27.189,131
2024-10-08,27.111,131
2024-10-09,27.049,131
2024-10-10,27.079,131
2024-10-11,27.086,131
2024-10-12,27.158,131
2024-10-13,27.199,131
2024-10-14,27.2,131
2024-10-15,27.137,131
2024-10-16,27.155,131
2024-10-17,27.186,131
2024-10-18,27.178,131
2024-10-19,27.118,131
2024-10-20,27.057,131
2024-10-21,27.018,131
2024-10-22,27.008,131
2024-10-23,26.904,131
2024-10-24,26.873,131
2024-10-25,26.764,131
2024-10-26,26.766,131
2024-10-27,26.891,131
2024-10-28,26.883,131
2024-10-29,26.885,131
2024-10-30,26.889,131
2024-10-31,26.859,131
2024-11-01,26.864,131
2024-11-02,26.979,131
2024-11-03,27.012,131
2024-11-04,26.809,131
2024-11-05,26.666,131
2024-11-06,26.58,131
2024-11-07,26.506,131
2024-11-08,26.447,131
2024-11-09,26.393,131
2024-11-10,26.327,131
2024-11-11,26.289,131
2024-11-12,26.266,131
2024-11-13,26.247,131
2024-11-14,26.143,131
2024-11-15,26.076,131
2024-11-16,26.079,131
2024-11-17,26.051,131
2024-11-18,26.059,131
2024-11-19,26.044,131
2024-11-20,26.026,131
2024-11-21,25.986,131
2024-11-22,26.001,131
2024-11-23,25.961,131
2024-11-24,25.982,131
2024-11-25,26.035,131
2024-11-26,25.982,131
2024-11-27,25.911,131
2024-11-28,25.796,131
2024-11-29,25.78,131
2024-11-30,25.698,131
2024-12-01,25.674,131
2024-12-02,25.641,131
2024-12-03,25.451,131
2024-12-04,25.32,131
2024-12-05,25.278,131
2024-12-06,25.122,131
2024-12-07,25.137,131
2024-12-08,25.096,131
2024-12-09,25.089,131
2024-12-10,25.04,131
2024-12-11,25.016,131
2024-12-12,25.039,131
2024-12-13,25.041,131
2024-12-14,25.024,131
2024-12-15,24.981,131
2024-12-16,25.016,131
2024-12-17,24.984,131
2024-12-18,24.909,131
2024-12-19,24.891,131
2024-12-20,24.867,131
2024-12-21,24.805,131
2024-12-22,24.741,131
2024-12-23,24.705,131
2024-12-24,24.648,131
2024-12-25,24.622,131
2024-12-26,24.571,131
2024-12-27,24.542,131
2024-12-28,24.493,131
2024-12-29,24.524,131
2024-12-30,24.486,131
2024-12-31,24.507,131
2025-01-01,24.417,131
2025-01-02,24.368,131
2025-01-03,24.354,131
2025-01-04,24.342,131
2025-01-05,24.177,131
2025-01-06,24.131,131
2025-01-07,23.948,131
2025-01-08,23.781,131
2025-01-09,23.672,131
2025-01-10,23.713,131
2025-01-11,23.733,131
2025-01-12,23.752,131
2025-01-13,23.721,131
2025-01-14,23.709,131
2025-01-15,23.685,131
2025-01-16,23.728,131
2025-01-17,23.686,131
2025-01-18,23.64,131
2025-01-19,23.623,131
2025-01-20,23.625,131
2025-01-21,23.56,131
2025-01-22,23.457,131
2025-01-23,23.341,131
2025-01-24,23.334,131
2025-01-25,23.233,131
2025-01-26,23.151,131
2025-01-27,23.083,131
2025-01-28,23.039,131
2025-01-29,22.93,131
2025-01-30,22.918,131
2025-01-31,22.899,131
2025-02-01,22.872,131
2025-02-02,22.92,131
2025-02-03,22.921,131
2025-02-04,22.945,131
2025-02-05,23.048,131
2025-02-06,23.084,131
2025-02-07,23.064,131
2025-02-08,23.092,131
2025-02-09,23.066,131
2025-02-10,23.035,131
2025-02-11,23.026,131
2025-02-12,22.921,131
2025-02-13,22.86,131
2025-02-14,22.776,131
2025-02-15,22.711,131
2025-02-16,22.627,131
2025-02-17,22.659,131
2025-02-18,22.651,131
2025-02-19,22.808,131
2025-02-20,22.846,131
2025-02-21,22.91,131
2025-02-22,22.918,131
2025-02-23,22.864,131
2025-02-24,22.86,131
2025-02-25,22.843,131
2025-02-26,22.8,131
2025-02-27,22.755,131
2025-02-28,22.711,131
2025-03-01,22.657,131
2025-03-02,22.563,131
2025-03-03,22.547,131
2025-03-04,22.624,131
2025-03-05,22.711,131
2025-03-06,22.79,131
2025-03-07,22.844,131
2025-03-08,22.831,131
2025-03-09,22.836,131
2025-03-10,22.997,131
2025-03-11,23.005,131
2025-03-12,23.07,131
2025-03-13,23.008,131
2025-03-14,22.986,131
2025-03-15,22.918,131
2025-03-16,22.857,131
2025-03-17,22.882,131
2025-03-18,22.908,131
2025-03-19,23.074,131
2025-03-20,23.204,131
2025-03-21,23.295,131
2025-03-22,23.345,131
2025-03-23,23.39,131
2025-03-24,23.363,131
2025-03-25,23.248,131
2025-03-26,23.211,131
2025-03-27,23.232,131
2025-03-28,23.139,131
2025-03-29,23.1,131
2025-03-30,22.998,131
2025-03-31,22.869,131
2025-04-01,22.754,131
2025-04-02,22.763,131
2025-04-03,22.7,131
2025-04-04,22.628,131
2025-04-05,22.649,131
2025-04-06,22.677,131
2025-04-07,22.741,131
2025-04-08,22.739,131
2025-04-09,22.729,131
2025-04-10,22.791,131
2025-04-11,22.891,131
2025-04-12,23.041,131
2025-04-13,23.133,131
2025-04-14,23.147,131
2025-04-15,23.081,131
2025-04-16,22.951,131
2025-04-17,22.873,131
2025-04-18,22.927,131
2025-04-19,22.98,131
2025-04-20,23.045,131
2025-04-21,23.063,131
2025-04-22,23.136,131
2025-04-23,23.19,131
2025-04-24,23.2,131
2025-04-25,23.357,131
2025-04-26,23.416,131
2025-04-27,23.576,131
2025-04-28,23.647,131
2025-04-29,23.502,131
2025-04-30,23.405,131
2025-05-01,23.455,131
2025-05-02,23.443,131
2025-05-03,23.627,131
2025-05-04,23.641,131
2025-05-05,23.629,131
2025-05-06,23.6,131
2025-05-07,23.643,131
2025-05-08,23.637,131
2025-05-09,23.623,131
2025-05-10,23.656,131
2025-05-11,23.725,131
2025-05-12,24.065,131
2025-05-13,24.242,131
2025-05-14,24.406,131
2025-05-15,24.55,131
2025-05-16,24.64,131
2025-05-17,24.72,131
2025-05-18,24.672,131
2025-05-19,24.458,131
2025-05-20,24.473,131
2025-05-21,24.441,131
2025-05-22,24.329,131
2025-05-23,24.461,131
2025-05-24,24.536,131
2025-05-25,24.557,131
2025-05-26,24.623,131
2025-05-27,24.767,131
2025-05-28,24.812,131
2025-05-29,24.968,131
2025-05-30,24.989,131
2025-05-31,25.011,131
2025-06-01,25.024,131
2025-06-02,25.145,131
2025-06-03,25.142,131
2025-06-04,25.161,131
2025-06-05,25.342,131
2025-06-06,25.451,131
2025-06-07,25.477,131
2025-06-08,25.617,131
2025-06-09,25.868,131
2025-06-10,25.841,131
2025-06-11,25.888,131
2025-06-12,26.236,131
2025-06-13,26.421,131
2025-06-14,26.435,131
2025-06-15,26.484,131
2025-06-16,26.524,131
2025-06-17,26.556,131
2025-06-18,26.678,131
2025-06-19,26.805,131
2025-06-20,26.947,131
2025-06-21,26.958,131
2025-06-22,26.994,131
2025-06-23,27.005,131
2025-06-24,26.979,131
2025-06-25,26.986,131
2025-06-26,27.032,131
2025-06-27,26.992,131
2025-06-28,26.966,131
2025-06-29,26.924,131
2025-06-30,26.885,131
2025-07-01,26.848,131
2025-07-02,27.004,131
2025-07-03,27.05,131
2025-07-04,27.074,131
2025-07-05,27.1,131
2025-07-06,27.036,131
2025-07-07,27.026,131
2025-07-08,26.989,131
2025-07-09,27.035,131
2025-07-10,26.944,131
2025-07-11,26.979,131
2025-07-12,27.063,131
2025-07-13,27.174,131
2025-07-14,27.248,131
2025-07-15,27.33,131
2025-07-16,27.353,131
2025-07-17,27.334,131
2025-07-18,27.341,131
2025-07-19,27.359,131
2025-07-20,27.427,131
2025-07-21,27.549,131
2025-07-22,27.686,131
2025-07-23,27.819,131
2025-07-24,27.913,131
2025-07-25,28.069,131
2025-07-26,28.351,131
2025-07-27,28.221,131
2025-07-28,28.375,131
2025-07-29,28.311,131
2025-07-30,28.124,131
2025-07-31,28.026,131
2025-08-01,27.932,131
2025-08-02,27.906,131
2025-08-03,27.957,131
2025-08-04,27.942,131
2025-08-05,27.943,131
2025-08-06,27.987,131
2025-08-07,28.036,131
2025-08-08,28.067,131
2025-08-09,28.184,131
2025-08-10,28.083,131
2025-08-11,28.091,131
2025-08-12,27.921,131
2025-08-13,27.919,131
2025-08-14,27.866,131
2025-08-15,27.917,131
2025-08-16,27.925,131
2025-08-17,27.96,131
2025-08-18,27.973,131
2025-08-19,28.141,131
2025-08-20,28.068,131
2025-08-21,28.04,131
2025-08-22,28.064,131
2025-08-23,28.025,131
2025-08-24,28.046,131
2025-08-25,28.062,131
2025-08-26,28.042,131
2025-08-27,28.182,131
2025-08-28,28.269,131
2025-08-29,28.252,131
2025-08-30,28.382,131
2025-08-31,28.409,131
2025-09-01,28.506,131
2025-09-02,28.717,131
2025-09-03,28.682,131
2025-09-04,28.668,131
2025-09-05,28.608,131
2025-09-06,28.653,131
2025-09-07,28.593,131
2025-09-08,28.514,131
2025-09-09,28.426,131
2025-09-10,28.421,131
2025-09-11,28.403,131
2025-09-12,28.4,131
2025-09-13,28.439,131
2025-09-14,28.533,131
2025-09-15,28.596,131
2025-09-16,28.588,131
2025-09-17,28.572,131
2025-09-18,28.498,131
2025-09-19,28.457,131
2025-09-20,28.394,131
2025-09-21,28.352,131
2025-09-22,28.277,131
2025-09-23,28.173,131
2025-09-24,28.14,131
2025-09-25,28.102,131
2025-09-26,28.08,131
2025-09-27,28.005,131
2025-09-28,27.926,131
2025-09-29,27.934,131
2025-09-30,27.977,131
2025-10-01,28.055,131
2025-10-02,28.051,131
2025-10-03,28.035,131
2025-10-04,27.966,131
2025-10-05,27.873,131
2025-10-06,27.786,131
2025-10-07,27.757,131
2025-10-08,27.778,131
2025-10-09,27.779,131
2025-10-10,27.706,131
2025-10-11,27.785,131
2025-10-12,27.77,131
2025-10-13,27.75,131
2025-10-14,27.737,131
2025-10-15,27.796,131
2025-10-16,27.745,131
2025-10-17,27.75,131
2025-10-18,27.707,131
2025-10-19,27.663,131
2025-10-20,27.566,131
2025-10-21,27.489,131
2025-10-22,27.38,131
2025-10-23,27.349,131
2025-10-24,27.335,131
2025-10-25,27.287,131
2025-10-26,27.319,131
2025-10-27,27.293,131
2025-10-28,27.253,131
2025-10-29,27.251,131
2025-10-30,27.239,131
2025-10-31,27.198,131
2025-11-01,27.087,131
2025-11-02,26.864,131
2025-11-03,26.773,131
2025-11-04,26.683,131
2025-11-05,26.582,131
2025-11-06,26.561,131
2025-11-07,26.506,131
2025-11-08,26.416,131
2025-11-09,26.412,131
2025-11-10,26.336,131
2025-11-11,26.227,131
2025-11-12,26.197,131
2025-11-13,26.243,131
2025-11-14,26.259,131
2025-11-15,26.271,131
2025-11-16,26.241,131
2025-11-17,26.146,131
2025-11-18,26.029,131
2025-11-19,25.96,131
2025-11-20,25.836,131
2025-11-21,25.805,131
2025-11-22,25.86,131
2025-11-23,25.853,131
2025-11-24,25.799,131
2025-11-25,25.756,131
2025-11-26,25.648,131
2025-11-27,25.584,131
2025-11-28,25.594,131
2025-11-29,25.57,131
2025-11-30,25.354,131
2025-12-01,25.242,131
2025-12-02,25.189,131
2025-12-03,25.034,131
2025-12-04,24.855,131
2025-12-05,24.768,131
2025-12-06,24.7,131
2025-12-07,24.697,131
2025-12-08,24.693,131
2025-12-09,24.645,131
2025-12-10,24.528,131
2025-12-11,24.494,131
2025-12-12,24.396,131
2025-12-13,24.318,131
2025-12-14,24.212,131
2025-12-15,24.062,131
2025-12-16,23.914,131
2025-12-17,23.844,131
2025-12-18,23.77,131
2025-12-19,23.724,131
2025-12-20,23.649,131
2025-12-21,23.675,131
2025-12-22,23.648,131
2025-12-23,23.604,131
2025-12-24,23.561,131
2025-12-25,23.589,131
2025-12-26,23.566,131
2025-12-27,23.537,131
2025-12-28,23.434,131
2025-12-29,23.369,131
2025-12-30,23.318,131
2025-12-31,23.363,131
2026-01-01,23.305,131
2026-01-02,23.265,131
2026-01-03,23.297,131
2026-01-04,23.278,131
2026-01-05,23.293,131
2026-01-06,23.413,131
2026-01-07,23.485,131
2026-01-08,23.491,131
2026-01-09,23.467,131
2026-01-10,23.354,131
2026-01-11,23.232,131
2026-01-12,23.22,131
2026-01-13,23.105,131
2026-01-14,22.982,131
2026-01-15,22.873,131
2026-01-16,22.797,131
2026-01-17,22.748,131
2026-01-18,22.7,131
2026-01-19,22.696,131
2026-01-20,22.617,131
2026-01-21,22.538,131
2026-01-22,22.5,131
2026-01-23,22.385,131
2026-01-24,22.401,131
2026-01-25,22.472,131
2026-01-26,22.623,131
2026-01-27,22.598,131
2026-01-28,22.569,131
2026-01-29,22.557,131
2026-01-30,22.573,131
2026-01-31,22.584,131
2026-02-01,22.447,131
2026-02-02,22.408,131
2026-02-03,22.273,131
2026-02-04,22.172,131
2026-02-05,22.016,131
2026-02-06,21.958,131
2026-02-07,21.961,131
2026-02-08,21.964,131
2026-02-09,21.9,131
2026-02-10,21.894,131
2026-02-11,21.873,131
2026-02-12,21.973,131
2026-02-13,22.013,131
2026-02-14,22.097,131
2026-02-15,22.056,131
2026-02-16,22.057,131
2026-02-17,21.996,131
2026-02-18,21.886,131
2026-02-19,21.821,131
2026-02-20,21.915,131
2026-02-21,21.971,131
2026-02-22,21.967,131
2026-02-23,21.965,131
2026-02-24,21.99,131
2026-02-25,21.929,131
2026-02-26,21.839,131
2026-02-27,21.839,131
2026-02-28,21.831,131
2026-03-01,21.85,131
2026-03-02,21.856,131
2026-03-03,21.888,131
2026-03-04,21.915,131
2026-03-05,21.896,131
2026-03-06,21.952,131
2026-03-07,21.904,131
2026-03-08,21.843,131
2026-03-09,21.855,131
2026-03-10,21.892,131
2026-03-11,21.841,131
2026-03-12,21.795,131
2026-03-13,21.677,131
2026-03-14,21.649,131
2026-03-15,21.565,131
2026-03-16,21.58,131
2026-03-17,21.514,131
2026-03-18,21.468,131
2026-03-19,21.551,131
2026-03-20,21.696,131
2026-03-21,21.73,131
2026-03-22,21.77,131
2026-03-23,21.801,131
2026-03-24,21.848,131
2026-03-25,21.789,131
2026-03-26,21.794,131
2026-03-27,21.813,131
2026-03-28,21.876,131
2026-03-29,21.857,131
2026-03-30,21.871,131
2026-03-31,21.879,131
