nms,date,chl_occci,chl_occci_all,n_cells,n_cells_all,rule
OCNMS,1997-09-01,1.1812623313605015,1.35334371130457,487,506,depth >= 30 m
OCNMS,1997-10-01,0.9790122422943132,1.1126928287453215,496,532,depth >= 30 m
OCNMS,1997-11-01,1.1737436048040404,1.4986727666038988,493,526,depth >= 30 m
OCNMS,1997-12-01,NA,NA,0,0,depth >= 30 m
OCNMS,1998-01-01,0.6614146096192998,1.0352665230912994,199,212,depth >= 30 m
OCNMS,1998-02-01,0.8395815934591891,1.2019016420614683,392,421,depth >= 30 m
OCNMS,1998-03-01,1.576753954781882,2.0139157132556043,493,528,depth >= 30 m
OCNMS,1998-04-01,1.0074033863874423,1.3671531643186294,493,525,depth >= 30 m
OCNMS,1998-05-01,2.382492318057607,3.253395180738462,495,526,depth >= 30 m
OCNMS,1998-06-01,1.2503016927739417,1.347870997846013,495,531,depth >= 30 m
OCNMS,1998-07-01,2.9555020168016637,3.5281953934260795,494,525,depth >= 30 m
OCNMS,1998-08-01,3.1474240134706326,3.551323455672775,496,533,depth >= 30 m
OCNMS,1998-09-01,3.863041269153756,4.9435515860008294,496,533,depth >= 30 m
OCNMS,1998-10-01,1.4196732611618497,1.976934078586436,496,535,depth >= 30 m
OCNMS,1998-11-01,0.9250420116419308,1.108982794032694,461,487,depth >= 30 m
OCNMS,1998-12-01,1.2975235120013122,2.404354439331935,11,13,depth >= 30 m
OCNMS,1999-01-01,1.0437867169549655,1.4473012800444849,479,512,depth >= 30 m
OCNMS,1999-02-01,0.8837148310479541,1.355699495487922,273,296,depth >= 30 m
OCNMS,1999-03-01,0.9500100760833732,1.3249624709551189,495,529,depth >= 30 m
OCNMS,1999-04-01,1.65785643103052,1.7686011731511933,495,529,depth >= 30 m
OCNMS,1999-05-01,2.906633418472149,3.260306074312238,495,528,depth >= 30 m
OCNMS,1999-06-01,2.4824179742297563,3.6207800360808866,493,524,depth >= 30 m
OCNMS,1999-07-01,2.1126853572751045,2.230906250576179,495,528,depth >= 30 m
OCNMS,1999-08-01,3.6945022018946183,4.050837230479557,495,529,depth >= 30 m
OCNMS,1999-09-01,5.808308646251952,7.131751515445629,496,534,depth >= 30 m
OCNMS,1999-10-01,5.128937186779398,7.15166550658175,495,523,depth >= 30 m
OCNMS,1999-11-01,1.1355977901445151,1.4239275555904598,345,365,depth >= 30 m
OCNMS,1999-12-01,NA,NA,0,0,depth >= 30 m
OCNMS,2000-01-01,1.171546248730979,1.4332264042302458,496,534,depth >= 30 m
OCNMS,2000-02-01,1.1826115019400014,1.3848945912232316,496,533,depth >= 30 m
OCNMS,2000-03-01,1.1679045916258624,1.4670581138827343,496,533,depth >= 30 m
OCNMS,2000-04-01,2.420420203934769,2.900494267930731,460,487,depth >= 30 m
OCNMS,2000-05-01,1.1859818280733934,1.302017258875299,495,528,depth >= 30 m
OCNMS,2000-06-01,2.785434294495724,3.422469967289969,496,532,depth >= 30 m
OCNMS,2000-07-01,2.3885013799611268,2.9721565536762515,496,532,depth >= 30 m
OCNMS,2000-08-01,3.608692389489836,4.478112605832653,495,530,depth >= 30 m
OCNMS,2000-09-01,4.644792172348102,5.162588334845424,496,532,depth >= 30 m
OCNMS,2000-10-01,4.0556616100081895,5.26261889370102,495,528,depth >= 30 m
OCNMS,2000-11-01,1.052992700000665,1.4122377113209366,494,531,depth >= 30 m
OCNMS,2000-12-01,NA,NA,0,0,depth >= 30 m
OCNMS,2001-01-01,0.9379839101368902,1.217780749809068,494,530,depth >= 30 m
OCNMS,2001-02-01,1.2187694170242984,1.5754497444696631,496,534,depth >= 30 m
OCNMS,2001-03-01,1.1948216707025463,1.3529957385017315,489,520,depth >= 30 m
OCNMS,2001-04-01,1.2038513369921615,1.3675219797706422,496,531,depth >= 30 m
OCNMS,2001-05-01,1.9834707444454889,2.1949501448082485,495,530,depth >= 30 m
OCNMS,2001-06-01,2.103445084325553,2.5683160818592135,495,529,depth >= 30 m
OCNMS,2001-07-01,1.98713240254419,2.2988093964093603,495,529,depth >= 30 m
OCNMS,2001-08-01,2.639202982776584,2.972376804460185,495,528,depth >= 30 m
OCNMS,2001-09-01,4.40740954332321,4.934787514309089,495,528,depth >= 30 m
OCNMS,2001-10-01,7.178419653716443,10.5623371184673,495,521,depth >= 30 m
OCNMS,2001-11-01,3.1497618269626413,5.864610573401559,474,493,depth >= 30 m
OCNMS,2001-12-01,NA,NA,0,0,depth >= 30 m
OCNMS,2002-01-01,1.0345304480950934,1.4614769158682015,468,505,depth >= 30 m
OCNMS,2002-02-01,1.7828320408648064,2.419894010052228,496,533,depth >= 30 m
OCNMS,2002-03-01,1.5595910363612246,2.0500463716337647,496,535,depth >= 30 m
OCNMS,2002-04-01,2.3464642505113527,2.5622411807909984,489,523,depth >= 30 m
OCNMS,2002-05-01,2.4153795974927603,3.427846184452017,497,565,depth >= 30 m
OCNMS,2002-06-01,3.059005056863241,3.617594844614351,497,571,depth >= 30 m
OCNMS,2002-07-01,3.6014748207168985,3.9729235945775088,497,571,depth >= 30 m
OCNMS,2002-08-01,4.337678175938909,5.056392446082024,497,571,depth >= 30 m
OCNMS,2002-09-01,3.0441879261824587,3.483457918133707,497,571,depth >= 30 m
OCNMS,2002-10-01,2.358000975696654,3.1706610469183465,497,571,depth >= 30 m
OCNMS,2002-11-01,1.3232444123902078,2.0137204639548414,497,571,depth >= 30 m
OCNMS,2002-12-01,0.668161004326574,0.967228689883638,237,254,depth >= 30 m
OCNMS,2003-01-01,0.8467222882615073,1.3962164271296114,497,570,depth >= 30 m
OCNMS,2003-02-01,1.7852902604426093,2.3783209117197965,497,571,depth >= 30 m
OCNMS,2003-03-01,1.4749802928081537,2.064127541070244,497,569,depth >= 30 m
OCNMS,2003-04-01,1.6550931873494312,2.0148510426648203,497,571,depth >= 30 m
OCNMS,2003-05-01,1.8734263336353063,2.425600901585332,497,571,depth >= 30 m
OCNMS,2003-06-01,2.8908932674001853,3.750194368658883,497,571,depth >= 30 m
OCNMS,2003-07-01,3.0347596496524116,3.681123898033507,497,571,depth >= 30 m
OCNMS,2003-08-01,3.1914813738986116,3.685300786733204,497,571,depth >= 30 m
OCNMS,2003-09-01,4.050804405960547,4.95326716532433,497,571,depth >= 30 m
OCNMS,2003-10-01,1.5707891935052705,2.1829933227674356,497,571,depth >= 30 m
OCNMS,2003-11-01,1.2466501806343102,1.6009629093201905,497,571,depth >= 30 m
OCNMS,2003-12-01,1.082569493124771,1.622104968732628,473,547,depth >= 30 m
OCNMS,2004-01-01,0.9534062289759936,1.282322065612084,486,541,depth >= 30 m
OCNMS,2004-02-01,2.340443071643045,2.8190768975927587,497,571,depth >= 30 m
OCNMS,2004-03-01,1.57364192017894,1.94684832413849,497,559,depth >= 30 m
OCNMS,2004-04-01,2.1193560631697097,2.3017305865387994,497,571,depth >= 30 m
OCNMS,2004-05-01,1.4103321576824923,1.7166573667797616,497,571,depth >= 30 m
OCNMS,2004-06-01,1.9047846615563304,2.4724070544627006,497,571,depth >= 30 m
OCNMS,2004-07-01,3.080018967126155,3.8330142659293385,497,571,depth >= 30 m
OCNMS,2004-08-01,4.465614747212893,5.325878575679087,497,571,depth >= 30 m
OCNMS,2004-09-01,3.7881564894952713,4.235569875419871,497,571,depth >= 30 m
OCNMS,2004-10-01,2.4151583451481673,2.915407910238422,497,571,depth >= 30 m
OCNMS,2004-11-01,1.185327623127671,1.861489201262464,497,569,depth >= 30 m
OCNMS,2004-12-01,1.3973256868283706,1.7704370410137555,497,571,depth >= 30 m
OCNMS,2005-01-01,1.3362667451409014,1.53465135617348,497,571,depth >= 30 m
OCNMS,2005-02-01,1.7331663967551765,2.1928943043832407,497,571,depth >= 30 m
OCNMS,2005-03-01,1.0626054030859078,1.4060724886515934,497,571,depth >= 30 m
OCNMS,2005-04-01,1.1012957489023243,1.690314005062166,497,571,depth >= 30 m
OCNMS,2005-05-01,1.2001322360666091,1.4431704532244152,497,571,depth >= 30 m
OCNMS,2005-06-01,1.916975306836268,2.08879088823098,497,571,depth >= 30 m
OCNMS,2005-07-01,3.118142133342484,3.6581145447732686,497,571,depth >= 30 m
OCNMS,2005-08-01,2.7045457222348843,3.315047230069152,497,571,depth >= 30 m
OCNMS,2005-09-01,2.4679017555004137,3.054575259130183,497,571,depth >= 30 m
OCNMS,2005-10-01,1.2281753413302043,2.108020283712399,497,571,depth >= 30 m
OCNMS,2005-11-01,0.8605633656795292,1.2400386528668188,497,571,depth >= 30 m
OCNMS,2005-12-01,1.184377523453928,1.4833607757154166,497,571,depth >= 30 m
OCNMS,2006-01-01,0.9197913245542512,1.5432398828649032,449,485,depth >= 30 m
OCNMS,2006-02-01,1.2861588597280702,1.6716432664315046,497,571,depth >= 30 m
OCNMS,2006-03-01,0.9618760302114918,1.3639953208992666,497,571,depth >= 30 m
OCNMS,2006-04-01,1.2010733771744269,1.657945723750755,497,571,depth >= 30 m
OCNMS,2006-05-01,1.9646043273357232,2.5980340105639668,497,571,depth >= 30 m
OCNMS,2006-06-01,1.6787915232085913,2.0952921073407484,497,571,depth >= 30 m
OCNMS,2006-07-01,3.109472287550801,3.62812235633046,497,571,depth >= 30 m
OCNMS,2006-08-01,3.8734196286609546,4.173236929389093,497,571,depth >= 30 m
OCNMS,2006-09-01,2.7589415535303212,3.5730111948663037,497,571,depth >= 30 m
OCNMS,2006-10-01,2.073358423283076,4.152031237836877,497,571,depth >= 30 m
OCNMS,2006-11-01,0.8957438050191491,1.4732823404217148,478,507,depth >= 30 m
OCNMS,2006-12-01,1.0256240828676677,1.5207596510162438,398,429,depth >= 30 m
OCNMS,2007-01-01,1.3198779661212592,1.5922636006717326,497,540,depth >= 30 m
OCNMS,2007-02-01,1.0030124526533029,1.4244308754269566,496,560,depth >= 30 m
OCNMS,2007-03-01,1.3680743118284744,2.05249537404042,497,567,depth >= 30 m
OCNMS,2007-04-01,2.0505814651883507,2.271311783372309,497,570,depth >= 30 m
OCNMS,2007-05-01,2.90016165370598,3.2486921068665824,497,571,depth >= 30 m
OCNMS,2007-06-01,3.225712695811469,4.416902855691057,497,571,depth >= 30 m
OCNMS,2007-07-01,3.4774741118005585,4.2412181503927275,497,571,depth >= 30 m
OCNMS,2007-08-01,3.518817368044834,4.072759903458492,497,571,depth >= 30 m
OCNMS,2007-09-01,2.6749904916201563,3.4209223323862057,497,571,depth >= 30 m
OCNMS,2007-10-01,1.6376714657371885,3.234604430490952,497,571,depth >= 30 m
OCNMS,2007-11-01,1.2344457405244482,1.5676650597001127,497,571,depth >= 30 m
OCNMS,2007-12-01,1.214082773995249,1.8780355623637313,484,557,depth >= 30 m
OCNMS,2008-01-01,1.237008432238324,1.579374072430639,497,571,depth >= 30 m
OCNMS,2008-02-01,1.506851866216946,1.8905000273275272,497,571,depth >= 30 m
OCNMS,2008-03-01,1.48466066656661,2.0017950290556352,497,571,depth >= 30 m
OCNMS,2008-04-01,2.418649867414505,2.7750447203524273,497,571,depth >= 30 m
OCNMS,2008-05-01,3.0919748724049487,3.730517449544714,497,561,depth >= 30 m
OCNMS,2008-06-01,2.69719471289128,2.7595299592995177,497,571,depth >= 30 m
OCNMS,2008-07-01,3.2173071221337897,3.3669304148328276,497,571,depth >= 30 m
OCNMS,2008-08-01,3.0583085826277916,3.46443633148006,497,571,depth >= 30 m
OCNMS,2008-09-01,2.985133092849342,3.82836948635282,497,571,depth >= 30 m
OCNMS,2008-10-01,1.746071726990135,2.733172508860224,497,571,depth >= 30 m
OCNMS,2008-11-01,1.089054267921017,1.837869021656632,497,571,depth >= 30 m
OCNMS,2008-12-01,1.1882310090197383,1.5475704911606938,497,571,depth >= 30 m
OCNMS,2009-01-01,1.528945171420036,2.0125573731554396,497,571,depth >= 30 m
OCNMS,2009-02-01,1.2299672333402922,1.646873335148159,497,570,depth >= 30 m
OCNMS,2009-03-01,1.480354873764605,1.794585201556546,497,571,depth >= 30 m
OCNMS,2009-04-01,1.5354872274182814,2.099007062861879,497,571,depth >= 30 m
OCNMS,2009-05-01,2.779411695005697,3.269810263830809,497,571,depth >= 30 m
OCNMS,2009-06-01,2.444249213830562,2.716678667402517,497,571,depth >= 30 m
OCNMS,2009-07-01,2.8944205642614933,3.3913538915263297,497,571,depth >= 30 m
OCNMS,2009-08-01,2.6655265623784903,3.5473559616950507,497,570,depth >= 30 m
OCNMS,2009-09-01,2.0224983982996108,3.333898618843429,497,571,depth >= 30 m
OCNMS,2009-10-01,3.900505037989147,4.9776400928948235,497,571,depth >= 30 m
OCNMS,2009-11-01,1.8882170156772915,3.9829665874101248,489,547,depth >= 30 m
OCNMS,2009-12-01,1.1859023305931768,1.5970058284582465,497,571,depth >= 30 m
OCNMS,2010-01-01,0.7239159036938339,1.1799134349073863,339,366,depth >= 30 m
OCNMS,2010-02-01,1.1298542070398918,1.6932864253867512,497,571,depth >= 30 m
OCNMS,2010-03-01,1.1851728445319458,1.5850617223024788,497,569,depth >= 30 m
OCNMS,2010-04-01,1.367749364922242,1.7480006326900026,497,569,depth >= 30 m
OCNMS,2010-05-01,1.726542862645447,2.315857566384221,497,571,depth >= 30 m
OCNMS,2010-06-01,1.8394369500316985,2.0971179187297833,497,570,depth >= 30 m
OCNMS,2010-07-01,2.1737660421595,2.5495057386817552,497,571,depth >= 30 m
OCNMS,2010-08-01,3.106393348834498,3.766571044504337,497,571,depth >= 30 m
OCNMS,2010-09-01,2.4128067754652314,3.872251178045,497,571,depth >= 30 m
OCNMS,2010-10-01,1.8959079471035785,3.095458473299098,497,571,depth >= 30 m
OCNMS,2010-11-01,1.129252258850836,1.7517238880998354,495,558,depth >= 30 m
OCNMS,2010-12-01,1.0605540748624285,1.5944987424412127,425,483,depth >= 30 m
OCNMS,2011-01-01,0.891080381008353,1.2587926805980727,484,558,depth >= 30 m
OCNMS,2011-02-01,1.2267782494505222,1.6365392826066971,497,571,depth >= 30 m
OCNMS,2011-03-01,1.0522081419839098,1.5967871481569154,497,567,depth >= 30 m
OCNMS,2011-04-01,2.2993060086836987,2.5769086455087944,497,571,depth >= 30 m
OCNMS,2011-05-01,1.2561038661052395,1.5877649122278232,497,571,depth >= 30 m
OCNMS,2011-06-01,1.4998021185704602,1.7637294726742472,497,566,depth >= 30 m
OCNMS,2011-07-01,3.256901405475686,3.4694689675095636,497,571,depth >= 30 m
OCNMS,2011-08-01,2.974504196803674,3.664420881747354,497,571,depth >= 30 m
OCNMS,2011-09-01,3.6387889674085385,3.910220735127366,497,571,depth >= 30 m
OCNMS,2011-10-01,1.2968351982633255,1.5578091753134586,497,571,depth >= 30 m
OCNMS,2011-11-01,0.9225135244595568,1.28220211269559,497,571,depth >= 30 m
OCNMS,2011-12-01,1.0650985925723129,1.308431842339734,493,567,depth >= 30 m
OCNMS,2012-01-01,1.2481217857021702,1.6902856251091136,497,571,depth >= 30 m
OCNMS,2012-02-01,1.3163468682955066,1.7877027174219764,497,571,depth >= 30 m
OCNMS,2012-03-01,1.2312977537721892,1.6086523816250915,497,570,depth >= 30 m
OCNMS,2012-04-01,1.4664765537908804,2.066771975322205,497,550,depth >= 30 m
OCNMS,2012-05-01,2.293686220857875,2.6791391977639956,496,535,depth >= 30 m
OCNMS,2012-06-01,1.2695185514501963,1.4335666575602115,494,518,depth >= 30 m
OCNMS,2012-07-01,2.081201795358019,2.425492606987464,496,535,depth >= 30 m
OCNMS,2012-08-01,3.516713377639878,3.767711259494317,496,535,depth >= 30 m
OCNMS,2012-09-01,2.174608141929552,2.4384239793046225,496,536,depth >= 30 m
OCNMS,2012-10-01,1.673512793385103,1.8721980626013728,496,536,depth >= 30 m
OCNMS,2012-11-01,1.0730821578062326,1.4350094518332337,496,536,depth >= 30 m
OCNMS,2012-12-01,1.0256295720568676,1.4801111642086855,474,505,depth >= 30 m
OCNMS,2013-01-01,1.3062487640485403,1.6212720636333997,496,536,depth >= 30 m
OCNMS,2013-02-01,2.8871989783543506,3.213911580113538,478,515,depth >= 30 m
OCNMS,2013-03-01,2.094581984488479,2.2792472828235204,496,536,depth >= 30 m
OCNMS,2013-04-01,2.95363622950275,3.091482061314805,496,535,depth >= 30 m
OCNMS,2013-05-01,3.291934747369738,3.637244175304874,496,535,depth >= 30 m
OCNMS,2013-06-01,2.1439004288220964,2.4701296491043565,496,535,depth >= 30 m
OCNMS,2013-07-01,6.226117211841613,6.713471655088045,496,535,depth >= 30 m
OCNMS,2013-08-01,1.8907129411307064,2.159966059934311,496,535,depth >= 30 m
OCNMS,2013-09-01,1.4253857224746789,1.623341451496331,496,536,depth >= 30 m
OCNMS,2013-10-01,1.9583771088871225,2.3220196019357724,496,536,depth >= 30 m
OCNMS,2013-11-01,2.3133237141473364,2.720795067620181,494,534,depth >= 30 m
OCNMS,2013-12-01,1.9995812889912217,2.3184675150796017,492,532,depth >= 30 m
OCNMS,2014-01-01,1.4568230810927134,1.671718281485249,496,536,depth >= 30 m
OCNMS,2014-02-01,1.2414526842455778,1.477539672138536,496,535,depth >= 30 m
OCNMS,2014-03-01,1.7567579881505364,2.1367935567476875,495,531,depth >= 30 m
OCNMS,2014-04-01,2.214742760106451,2.4238311845565517,496,535,depth >= 30 m
OCNMS,2014-05-01,1.163679630236918,1.5121467641023836,496,535,depth >= 30 m
OCNMS,2014-06-01,3.7960542319295665,5.187223515666532,496,535,depth >= 30 m
OCNMS,2014-07-01,3.668245534330008,3.872647754722668,496,535,depth >= 30 m
OCNMS,2014-08-01,4.59890614760761,5.101336174578259,496,534,depth >= 30 m
OCNMS,2014-09-01,2.19399999443123,2.452453987923132,496,536,depth >= 30 m
OCNMS,2014-10-01,1.1308463269512865,1.493322177047142,495,534,depth >= 30 m
OCNMS,2014-11-01,1.256930148059222,1.4958545493323403,496,536,depth >= 30 m
OCNMS,2014-12-01,1.2548641255602413,1.447693803934294,496,535,depth >= 30 m
OCNMS,2015-01-01,1.7532657504766642,2.0977293596561273,496,536,depth >= 30 m
OCNMS,2015-02-01,2.134636552838724,2.497421520859448,496,536,depth >= 30 m
OCNMS,2015-03-01,2.687892519020545,2.944437599782624,496,536,depth >= 30 m
OCNMS,2015-04-01,2.026087300358004,2.315419233068128,496,535,depth >= 30 m
OCNMS,2015-05-01,1.902879143097277,2.255825277124897,496,534,depth >= 30 m
OCNMS,2015-06-01,3.7202377120209063,4.4329942732213805,496,535,depth >= 30 m
OCNMS,2015-07-01,1.841306254336793,2.257582528067527,496,535,depth >= 30 m
OCNMS,2015-08-01,1.2722853329208066,1.6362135005331495,496,535,depth >= 30 m
OCNMS,2015-09-01,1.1045128397179065,1.3849127144177436,496,536,depth >= 30 m
OCNMS,2015-10-01,1.143394922827819,1.553587963888004,496,536,depth >= 30 m
OCNMS,2015-11-01,1.8925728858645312,2.2677933496992972,496,536,depth >= 30 m
OCNMS,2015-12-01,1.234968926316604,1.6240398978341872,496,536,depth >= 30 m
OCNMS,2016-01-01,1.177822710567077,1.540305006303893,496,536,depth >= 30 m
OCNMS,2016-02-01,0.8512617983630221,1.2760047533193322,493,531,depth >= 30 m
OCNMS,2016-03-01,1.859588627874964,2.2860953775026034,496,536,depth >= 30 m
OCNMS,2016-04-01,1.7800396339609883,2.084854801681552,496,535,depth >= 30 m
OCNMS,2016-05-01,3.6014385954111163,3.956680883648241,496,535,depth >= 30 m
OCNMS,2016-06-01,1.9190609614976784,2.387588177384619,496,535,depth >= 30 m
OCNMS,2016-07-01,2.8183785735764473,3.1460037790726267,496,535,depth >= 30 m
OCNMS,2016-08-01,3.368384623626315,3.915679642864478,496,535,depth >= 30 m
OCNMS,2016-09-01,1.6726558783861325,1.8634580737396853,496,536,depth >= 30 m
OCNMS,2016-10-01,1.1120310580703985,1.4460683769699356,496,536,depth >= 30 m
OCNMS,2016-11-01,0.706965081907489,0.9627683435780529,483,514,depth >= 30 m
OCNMS,2016-12-01,1.1799510774780564,1.4524510505039294,496,536,depth >= 30 m
OCNMS,2017-01-01,1.2901848857717817,1.5075333605506525,496,536,depth >= 30 m
OCNMS,2017-02-01,1.3233759749071208,1.6042372740026738,496,536,depth >= 30 m
OCNMS,2017-03-01,1.5668000977415064,2.0672079538787473,496,536,depth >= 30 m
OCNMS,2017-04-01,1.6592491432932104,2.032351632318764,496,535,depth >= 30 m
OCNMS,2017-05-01,1.8494202834633824,2.1602727087301634,496,535,depth >= 30 m
OCNMS,2017-06-01,1.4698230559253382,1.6596534813118875,496,535,depth >= 30 m
OCNMS,2017-07-01,3.260945883169017,3.728280636751758,496,535,depth >= 30 m
OCNMS,2017-08-01,2.976499163032062,3.4918820629610066,496,535,depth >= 30 m
OCNMS,2017-09-01,2.04765614493516,2.3735768960705443,496,536,depth >= 30 m
OCNMS,2017-10-01,2.426926899056266,2.7502203673791525,496,536,depth >= 30 m
OCNMS,2017-11-01,1.6914408055299757,2.3517616136527772,496,536,depth >= 30 m
OCNMS,2017-12-01,1.2241912897524578,1.5788432168426807,496,536,depth >= 30 m
OCNMS,2018-01-01,1.1175133730376487,1.447571077509158,496,536,depth >= 30 m
OCNMS,2018-02-01,1.698370503731191,2.0142546993360586,496,536,depth >= 30 m
OCNMS,2018-03-01,2.5629809442756097,2.6910447160254662,496,536,depth >= 30 m
OCNMS,2018-04-01,1.5223831668143393,1.860658574549956,496,535,depth >= 30 m
OCNMS,2018-05-01,2.371401322558357,2.87300602793694,496,535,depth >= 30 m
OCNMS,2018-06-01,2.604871221873774,3.0881115398117287,496,535,depth >= 30 m
OCNMS,2018-07-01,4.3617815770205555,4.550442506665384,496,535,depth >= 30 m
OCNMS,2018-08-01,2.048794734857386,2.281004074800795,496,535,depth >= 30 m
OCNMS,2018-09-01,2.053415278781514,2.3753378218901684,496,536,depth >= 30 m
OCNMS,2018-10-01,2.043684229253938,2.4166339340049854,496,536,depth >= 30 m
OCNMS,2018-11-01,2.0965984788662357,2.527821107253213,496,536,depth >= 30 m
OCNMS,2018-12-01,1.2992200579938682,1.5787996868811447,496,536,depth >= 30 m
OCNMS,2019-01-01,1.076986093974473,1.4650714257315018,496,536,depth >= 30 m
OCNMS,2019-02-01,1.482121562551315,1.7898713256885734,496,536,depth >= 30 m
OCNMS,2019-03-01,1.2054927582941544,1.3443245015927203,496,536,depth >= 30 m
OCNMS,2019-04-01,2.1980977599695852,2.4893732340536365,496,535,depth >= 30 m
OCNMS,2019-05-01,2.0295788341824372,2.4149388229735553,496,535,depth >= 30 m
OCNMS,2019-06-01,2.631101113118721,2.9955183402400145,496,535,depth >= 30 m
OCNMS,2019-07-01,1.5878628626297178,1.9403182260901015,496,535,depth >= 30 m
OCNMS,2019-08-01,2.2055898155273197,2.581700433414673,496,535,depth >= 30 m
OCNMS,2019-09-01,2.5058278238500513,3.0140753885480898,496,536,depth >= 30 m
OCNMS,2019-10-01,3.182330751452806,3.3919314609757105,496,536,depth >= 30 m
OCNMS,2019-11-01,1.955318551775964,2.277344689217969,496,536,depth >= 30 m
OCNMS,2019-12-01,1.6286426295235523,2.003781157235304,393,420,depth >= 30 m
OCNMS,2020-01-01,0.8702361422788312,1.4215838958595044,281,304,depth >= 30 m
OCNMS,2020-02-01,1.5280230754346475,1.7708608255208085,496,535,depth >= 30 m
OCNMS,2020-03-01,2.889458003112559,3.1188507883348207,496,535,depth >= 30 m
OCNMS,2020-04-01,2.163978329880462,2.395970109690018,496,535,depth >= 30 m
OCNMS,2020-05-01,1.2291064921774055,1.4496159347418334,496,535,depth >= 30 m
OCNMS,2020-06-01,2.053455475911121,2.5419910879335665,496,535,depth >= 30 m
OCNMS,2020-07-01,2.400723290800347,2.720154021499307,496,535,depth >= 30 m
OCNMS,2020-08-01,4.040617345262341,4.233355304236723,496,535,depth >= 30 m
OCNMS,2020-09-01,3.567974278334207,4.0117712878735245,496,535,depth >= 30 m
OCNMS,2020-10-01,1.581300063219606,1.798271779924912,496,535,depth >= 30 m
OCNMS,2020-11-01,1.889660463740012,2.231467422146663,496,535,depth >= 30 m
OCNMS,2020-12-01,1.3997048843692612,1.7898971728075357,496,535,depth >= 30 m
OCNMS,2021-01-01,1.103335425803939,1.4785986499808657,496,535,depth >= 30 m
OCNMS,2021-02-01,1.102134526369906,1.322320145472137,479,518,depth >= 30 m
OCNMS,2021-03-01,1.2722933944446322,1.521966687429733,496,535,depth >= 30 m
OCNMS,2021-04-01,2.0558833024423455,2.4485007624759834,496,535,depth >= 30 m
OCNMS,2021-05-01,2.46035071378906,2.6872078878857266,496,535,depth >= 30 m
OCNMS,2021-06-01,2.48629667834059,2.9411946536224556,496,535,depth >= 30 m
OCNMS,2021-07-01,3.327051046920358,4.040753081357369,496,535,depth >= 30 m
OCNMS,2021-08-01,3.432556436910766,3.977696549781024,496,535,depth >= 30 m
OCNMS,2021-09-01,2.3207267415669657,2.5735586108448336,496,535,depth >= 30 m
OCNMS,2021-10-01,1.803621012061959,1.9893361688774336,496,535,depth >= 30 m
OCNMS,2021-11-01,1.5321386272251545,2.1119549383626923,496,535,depth >= 30 m
OCNMS,2021-12-01,1.532936197639029,1.7720695808808913,496,534,depth >= 30 m
OCNMS,2022-01-01,1.3881266866122843,1.6949592056675489,496,535,depth >= 30 m
OCNMS,2022-02-01,2.995394801953786,3.55335240542332,496,535,depth >= 30 m
OCNMS,2022-03-01,1.4004361683382396,1.611779550264837,495,534,depth >= 30 m
OCNMS,2022-04-01,1.5900014555771298,1.80013983383357,496,535,depth >= 30 m
OCNMS,2022-05-01,1.9750243372787604,2.2635898104337917,496,535,depth >= 30 m
OCNMS,2022-06-01,2.180172708612752,3.099312019013911,496,535,depth >= 30 m
OCNMS,2022-07-01,3.108722124188001,3.5810837549583914,496,535,depth >= 30 m
OCNMS,2022-08-01,2.499219664918006,2.794950855223932,496,535,depth >= 30 m
OCNMS,2022-09-01,2.644835113508881,2.9224601384635274,496,535,depth >= 30 m
OCNMS,2022-10-01,2.637716342694248,3.018546022655806,496,535,depth >= 30 m
OCNMS,2022-11-01,1.529205003629336,1.8638035575920175,496,535,depth >= 30 m
OCNMS,2022-12-01,1.2532476404444042,1.5238681568911208,493,532,depth >= 30 m
OCNMS,2023-01-01,1.0146637552847473,1.298542176897281,496,535,depth >= 30 m
OCNMS,2023-02-01,1.0931603793959823,1.4008951267349394,496,535,depth >= 30 m
OCNMS,2023-03-01,1.4092150197738451,1.5923899870052531,496,535,depth >= 30 m
OCNMS,2023-04-01,1.2627093767076727,1.43100960822863,496,535,depth >= 30 m
OCNMS,2023-05-01,2.566291531355542,3.035787661443253,496,535,depth >= 30 m
OCNMS,2023-06-01,3.5696977411419515,4.2468934226258845,496,535,depth >= 30 m
OCNMS,2023-07-01,2.302266204893614,2.778584537606371,496,535,depth >= 30 m
OCNMS,2023-08-01,2.486344911084704,3.081133350646386,496,535,depth >= 30 m
OCNMS,2023-09-01,1.6706777381261924,1.972972830210889,496,535,depth >= 30 m
OCNMS,2023-10-01,1.6918159131899635,2.038704078999635,496,535,depth >= 30 m
OCNMS,2023-11-01,2.3865696863040924,2.7468762173830914,496,535,depth >= 30 m
OCNMS,2023-12-01,1.953789366022604,2.3605317511291135,496,535,depth >= 30 m
OCNMS,2024-01-01,0.8158870384518327,1.0744214339155551,390,426,depth >= 30 m
OCNMS,2024-02-01,1.6514426407337692,2.295765193154875,496,535,depth >= 30 m
OCNMS,2024-03-01,1.6067289818643309,1.8407873544737556,496,535,depth >= 30 m
OCNMS,2024-04-01,2.985769218198388,3.3226801697338875,496,535,depth >= 30 m
OCNMS,2024-05-01,2.0106585044608067,2.359662152896417,496,535,depth >= 30 m
OCNMS,2024-06-01,2.51911411258133,3.2172832856668485,496,535,depth >= 30 m
OCNMS,2024-07-01,3.257723567145172,3.93528565658587,496,535,depth >= 30 m
OCNMS,2024-08-01,1.7902626274903786,2.018903881812765,496,535,depth >= 30 m
OCNMS,2024-09-01,2.5434736232407062,3.4396583707533166,496,535,depth >= 30 m
OCNMS,2024-10-01,2.7114502696702374,5.220792897616583,496,535,depth >= 30 m
OCNMS,2024-11-01,1.152801447737943,1.396169859338029,496,535,depth >= 30 m
OCNMS,2024-12-01,1.385765677717552,1.5730196348974643,496,535,depth >= 30 m
OCNMS,2025-01-01,1.742858034002455,2.228305601516622,496,535,depth >= 30 m
OCNMS,2025-02-01,1.9762215323227772,2.6336612323734236,496,535,depth >= 30 m
OCNMS,2025-03-01,1.2276540336672666,1.6199500752386655,496,535,depth >= 30 m
OCNMS,2025-04-01,1.940684088027805,2.0870707543096825,496,535,depth >= 30 m
OCNMS,2025-05-01,2.1363651078860135,2.704616385976842,496,535,depth >= 30 m
OCNMS,2025-06-01,3.223547550654006,3.5940856637241696,496,535,depth >= 30 m
OCNMS,2025-07-01,4.458275163229406,4.9281197289440115,496,535,depth >= 30 m
OCNMS,2025-08-01,3.712049353745759,3.857023826492167,496,535,depth >= 30 m
OCNMS,2025-09-01,3.674445383995383,4.644612923960818,496,535,depth >= 30 m
OCNMS,2025-10-01,2.7024764942236015,3.280426330432715,496,535,depth >= 30 m
OCNMS,2025-11-01,1.4333512665536616,1.6690458693236945,496,535,depth >= 30 m
OCNMS,2025-12-01,1.2211057614252383,1.6204781008381683,469,504,depth >= 30 m
OCNMS,2026-01-01,1.54567735758652,1.8926349967439575,496,535,depth >= 30 m
OCNMS,2026-02-01,2.1442406429485232,2.737081521248152,496,535,depth >= 30 m
OCNMS,2026-03-01,4.355246290533467,4.946047007034871,496,535,depth >= 30 m
OCNMS,2026-04-01,3.609200730689223,4.316323829198552,496,535,depth >= 30 m
OCNMS,2026-05-01,2.973851043641308,3.6306496979477254,496,535,depth >= 30 m
OCNMS,2026-06-01,2.36997063615819,2.889139292507527,496,535,depth >= 30 m
GFNMS,1997-09-01,0.731096166080524,0.9136036688273154,450,454,depth >= 30 m
GFNMS,1997-10-01,0.9768184738383008,1.0885614258547616,475,480,depth >= 30 m
GFNMS,1997-11-01,0.5874709362369044,0.7262061420448609,475,481,depth >= 30 m
GFNMS,1997-12-01,0.6366760546167506,0.7118204485825981,476,482,depth >= 30 m
GFNMS,1998-01-01,0.6730762770960362,0.9712055336450652,459,463,depth >= 30 m
GFNMS,1998-02-01,1.0777136330723949,1.609795056842265,475,480,depth >= 30 m
GFNMS,1998-03-01,0.8005686465990979,1.0246657709821014,474,478,depth >= 30 m
GFNMS,1998-04-01,1.437641417591036,1.7811629528800634,475,480,depth >= 30 m
GFNMS,1998-05-01,1.060560357462227,1.3828310602517624,474,479,depth >= 30 m
GFNMS,1998-06-01,1.3214488478108366,1.7282413681306634,474,478,depth >= 30 m
GFNMS,1998-07-01,1.5418295951536536,2.5100758132954493,474,479,depth >= 30 m
GFNMS,1998-08-01,1.0749790992924062,1.4676227886229751,475,480,depth >= 30 m
GFNMS,1998-09-01,0.970375526597366,1.1238879924504546,475,481,depth >= 30 m
GFNMS,1998-10-01,0.875265252661534,1.061212071801122,475,482,depth >= 30 m
GFNMS,1998-11-01,0.9085403964281964,1.1552925429527192,476,482,depth >= 30 m
GFNMS,1998-12-01,0.8748912527399406,1.0998341417040582,476,482,depth >= 30 m
GFNMS,1999-01-01,0.6835953887076152,0.8800270491976181,470,476,depth >= 30 m
GFNMS,1999-02-01,1.0174092848854843,1.3895839077730965,474,480,depth >= 30 m
GFNMS,1999-03-01,0.998172844183348,1.3566720225380635,475,482,depth >= 30 m
GFNMS,1999-04-01,0.8252174517962317,0.8830436782290553,475,480,depth >= 30 m
GFNMS,1999-05-01,0.7317886706088448,0.8531674364581717,475,480,depth >= 30 m
GFNMS,1999-06-01,1.1955705846164393,1.4148570456231622,475,480,depth >= 30 m
GFNMS,1999-07-01,1.125443091987596,1.412083976094923,475,480,depth >= 30 m
GFNMS,1999-08-01,0.9215162796436668,1.2334428875396632,475,480,depth >= 30 m
GFNMS,1999-09-01,1.1307575677717487,1.4721274839093272,475,480,depth >= 30 m
GFNMS,1999-10-01,1.2837864248159234,1.6048133021841464,475,480,depth >= 30 m
GFNMS,1999-11-01,0.6902210057010932,0.7586840201848708,472,477,depth >= 30 m
GFNMS,1999-12-01,0.9025106042927254,1.1275949242445733,476,483,depth >= 30 m
GFNMS,2000-01-01,0.8100336219646671,1.1644454488001372,469,475,depth >= 30 m
GFNMS,2000-02-01,0.9169373265610398,1.1137706381755896,474,478,depth >= 30 m
GFNMS,2000-03-01,1.2524613055744094,1.474725528715061,475,481,depth >= 30 m
GFNMS,2000-04-01,1.3799639870435951,1.835162074246669,474,478,depth >= 30 m
GFNMS,2000-05-01,1.5014882260982896,2.6553621483966805,475,480,depth >= 30 m
GFNMS,2000-06-01,2.209288864062068,3.1963631693414136,474,478,depth >= 30 m
GFNMS,2000-07-01,0.9078274985520912,1.1394037666780832,475,482,depth >= 30 m
GFNMS,2000-08-01,1.2740024219133443,2.153960582117243,475,480,depth >= 30 m
GFNMS,2000-09-01,1.2648457850619848,1.8583676110332183,475,480,depth >= 30 m
GFNMS,2000-10-01,1.4756829671211251,1.8579978046942651,475,481,depth >= 30 m
GFNMS,2000-11-01,1.1194697766797923,1.4216962888898643,476,482,depth >= 30 m
GFNMS,2000-12-01,0.906900137394366,1.1437921319388729,475,482,depth >= 30 m
GFNMS,2001-01-01,0.7594969000125177,0.9562973749069934,476,483,depth >= 30 m
GFNMS,2001-02-01,0.8344356362068543,0.9549216608247738,475,481,depth >= 30 m
GFNMS,2001-03-01,0.8742838562544725,0.9912379009188343,475,481,depth >= 30 m
GFNMS,2001-04-01,0.930058956336688,1.4917639577761292,475,480,depth >= 30 m
GFNMS,2001-05-01,1.633319223388993,2.4835131923357676,475,480,depth >= 30 m
GFNMS,2001-06-01,1.4773712833493098,1.6926921248435969,475,480,depth >= 30 m
GFNMS,2001-07-01,1.6929340865292395,2.3662992760820156,473,477,depth >= 30 m
GFNMS,2001-08-01,2.1395832100178382,3.9083190005806943,475,481,depth >= 30 m
GFNMS,2001-09-01,1.7344759151146576,2.6378341212683147,475,482,depth >= 30 m
GFNMS,2001-10-01,1.8629349112481075,3.1794867537385816,474,478,depth >= 30 m
GFNMS,2001-11-01,1.9054658188390228,3.258811644264451,461,465,depth >= 30 m
GFNMS,2001-12-01,1.107819163879797,1.3939856164250919,474,478,depth >= 30 m
GFNMS,2002-01-01,0.9266856926517616,1.1614479173908088,476,483,depth >= 30 m
GFNMS,2002-02-01,1.037306250589305,1.4483219223151091,476,482,depth >= 30 m
GFNMS,2002-03-01,0.9735287440880916,1.2211102762737804,475,481,depth >= 30 m
GFNMS,2002-04-01,0.8936321615232296,1.2856714669950982,482,499,depth >= 30 m
GFNMS,2002-05-01,1.628354773982342,1.994029279643967,484,507,depth >= 30 m
GFNMS,2002-06-01,1.2975738566410988,1.5782730344712264,484,508,depth >= 30 m
GFNMS,2002-07-01,1.6866607386768806,2.590811788625933,484,509,depth >= 30 m
GFNMS,2002-08-01,0.9013005915145448,1.1111767666898351,484,508,depth >= 30 m
GFNMS,2002-09-01,1.646011619272878,2.389499854032449,484,508,depth >= 30 m
GFNMS,2002-10-01,1.6102232797871776,2.4280477360946895,484,508,depth >= 30 m
GFNMS,2002-11-01,1.4329715209603044,1.8383731197888429,484,508,depth >= 30 m
GFNMS,2002-12-01,0.9898835050086234,1.4077274139228422,484,507,depth >= 30 m
GFNMS,2003-01-01,1.1431737708859144,1.3343083501800763,484,508,depth >= 30 m
GFNMS,2003-02-01,1.215274498065698,1.4082168098282977,484,509,depth >= 30 m
GFNMS,2003-03-01,1.3250164339423316,1.6624526891717817,484,507,depth >= 30 m
GFNMS,2003-04-01,1.8771911677163975,2.420967371329749,484,507,depth >= 30 m
GFNMS,2003-05-01,1.4565410290080747,1.784812674306936,484,509,depth >= 30 m
GFNMS,2003-06-01,1.9561132674054988,2.122209655629629,484,509,depth >= 30 m
GFNMS,2003-07-01,1.4037807157448705,1.696560551117818,484,509,depth >= 30 m
GFNMS,2003-08-01,1.394277241326531,1.8808321419546032,484,508,depth >= 30 m
GFNMS,2003-09-01,1.3825178758211256,1.820243437614668,484,507,depth >= 30 m
GFNMS,2003-10-01,1.3473980173048632,1.8462142721843189,484,509,depth >= 30 m
GFNMS,2003-11-01,0.8624894931098418,1.0160460341868445,484,508,depth >= 30 m
GFNMS,2003-12-01,0.8966843208870295,1.177890119126364,484,509,depth >= 30 m
GFNMS,2004-01-01,0.9086755473785098,1.0645050803624745,484,508,depth >= 30 m
GFNMS,2004-02-01,0.9063974803083484,1.158507632433308,484,507,depth >= 30 m
GFNMS,2004-03-01,1.6231900072479712,2.0920233965388424,484,509,depth >= 30 m
GFNMS,2004-04-01,1.3972911099973393,2.112010692997565,484,507,depth >= 30 m
GFNMS,2004-05-01,1.3597243623168416,2.016894399034458,484,508,depth >= 30 m
GFNMS,2004-06-01,1.4264631763869804,1.906119668049608,484,508,depth >= 30 m
GFNMS,2004-07-01,1.1948346819632556,1.5992573704021606,484,509,depth >= 30 m
GFNMS,2004-08-01,1.0338901827137787,1.5817984207908364,484,509,depth >= 30 m
GFNMS,2004-09-01,1.589383783390546,2.1274740814225876,484,509,depth >= 30 m
GFNMS,2004-10-01,1.1641497646106669,1.493650629793162,484,507,depth >= 30 m
GFNMS,2004-11-01,2.0717603036365357,2.865186702548052,484,508,depth >= 30 m
GFNMS,2004-12-01,1.677616905192256,2.264635041004094,484,508,depth >= 30 m
GFNMS,2005-01-01,0.8873768171360785,1.0443345394125123,484,507,depth >= 30 m
GFNMS,2005-02-01,1.0067478996806585,1.127378288105394,484,507,depth >= 30 m
GFNMS,2005-03-01,1.0507309746879734,1.2552603449173814,484,508,depth >= 30 m
GFNMS,2005-04-01,1.4365327712931557,1.770561370859015,484,507,depth >= 30 m
GFNMS,2005-05-01,1.277914674635749,1.57909585134454,484,509,depth >= 30 m
GFNMS,2005-06-01,1.9502945088365269,2.341348172639345,484,509,depth >= 30 m
GFNMS,2005-07-01,1.732470148365081,1.8757665008306503,484,508,depth >= 30 m
GFNMS,2005-08-01,1.8229102316064651,2.200737852830077,484,509,depth >= 30 m
GFNMS,2005-09-01,2.1254027359275565,2.942846124204995,484,509,depth >= 30 m
GFNMS,2005-10-01,1.9705411038249152,2.479523385838259,484,508,depth >= 30 m
GFNMS,2005-11-01,1.1859570934108583,1.9529902025705268,484,508,depth >= 30 m
GFNMS,2005-12-01,1.09923942101351,1.6490401175963598,484,509,depth >= 30 m
GFNMS,2006-01-01,1.502045026006,2.0791739231853597,484,507,depth >= 30 m
GFNMS,2006-02-01,1.2622745542635117,1.728084554118437,484,508,depth >= 30 m
GFNMS,2006-03-01,1.0773223024116505,1.336322510148413,484,507,depth >= 30 m
GFNMS,2006-04-01,1.4319627328316809,1.877677666742026,484,508,depth >= 30 m
GFNMS,2006-05-01,1.7498414715016892,2.122078006534541,484,509,depth >= 30 m
GFNMS,2006-06-01,1.630944327077698,2.1723992143023874,484,509,depth >= 30 m
GFNMS,2006-07-01,1.5092079018672926,1.8190368726586033,484,509,depth >= 30 m
GFNMS,2006-08-01,2.065441618190296,2.426305325247172,484,508,depth >= 30 m
GFNMS,2006-09-01,1.37346904927511,1.7853292860458103,484,507,depth >= 30 m
GFNMS,2006-10-01,2.2265679183543616,2.749928599384824,484,508,depth >= 30 m
GFNMS,2006-11-01,1.655586981174128,2.032678348576932,484,508,depth >= 30 m
GFNMS,2006-12-01,1.4163766321394982,1.779686367723363,484,507,depth >= 30 m
GFNMS,2007-01-01,0.6885031458395751,0.7996695700122604,477,487,depth >= 30 m
GFNMS,2007-02-01,0.8991512395561339,1.0644392916671863,484,507,depth >= 30 m
GFNMS,2007-03-01,0.985473521231536,1.1643591017469628,484,508,depth >= 30 m
GFNMS,2007-04-01,0.8793360653315103,1.069359520483299,484,507,depth >= 30 m
GFNMS,2007-05-01,1.3845008327595645,1.7616840715726818,484,509,depth >= 30 m
GFNMS,2007-06-01,1.051828584453803,1.1274248294839675,484,509,depth >= 30 m
GFNMS,2007-07-01,1.5962086722296331,2.2305188365207527,484,509,depth >= 30 m
GFNMS,2007-08-01,1.651652364874216,2.1272884427797174,484,508,depth >= 30 m
GFNMS,2007-09-01,1.3573822488010534,1.6760929894494263,484,508,depth >= 30 m
GFNMS,2007-10-01,1.20196198220966,1.6929193333464714,484,509,depth >= 30 m
GFNMS,2007-11-01,1.2619482675775435,2.0895254698794696,484,508,depth >= 30 m
GFNMS,2007-12-01,0.956579724296007,1.3190667718414268,484,508,depth >= 30 m
GFNMS,2008-01-01,0.8932444543121515,1.0697245669553042,484,507,depth >= 30 m
GFNMS,2008-02-01,0.9700692805511846,1.13860501716358,484,507,depth >= 30 m
GFNMS,2008-03-01,0.9770767217758082,1.1281485258359587,484,508,depth >= 30 m
GFNMS,2008-04-01,0.9077224943993524,1.0886508131355763,484,508,depth >= 30 m
GFNMS,2008-05-01,1.2353574262850306,1.6258023675157836,484,509,depth >= 30 m
GFNMS,2008-06-01,1.2772653418199236,1.4379829490982612,484,508,depth >= 30 m
GFNMS,2008-07-01,1.172835428073648,1.4812318996502494,484,509,depth >= 30 m
GFNMS,2008-08-01,1.6332734599899406,1.9677717533467527,484,509,depth >= 30 m
GFNMS,2008-09-01,1.4793891233886909,1.9930498878082863,484,508,depth >= 30 m
GFNMS,2008-10-01,1.3466210951690798,1.75116241999029,484,508,depth >= 30 m
GFNMS,2008-11-01,0.806263480609461,0.952474392233288,484,509,depth >= 30 m
GFNMS,2008-12-01,0.8459489196562587,1.0142686058451829,484,508,depth >= 30 m
GFNMS,2009-01-01,0.8996530055449352,1.050671311520684,484,508,depth >= 30 m
GFNMS,2009-02-01,1.010403533430014,1.3203077771254563,484,507,depth >= 30 m
GFNMS,2009-03-01,0.6424873414039399,0.7212404332452513,484,507,depth >= 30 m
GFNMS,2009-04-01,0.7594357940509681,0.944277380101792,484,508,depth >= 30 m
GFNMS,2009-05-01,1.685964172153275,2.153412230840821,484,508,depth >= 30 m
GFNMS,2009-06-01,1.2464524359518496,1.3440552528340133,484,509,depth >= 30 m
GFNMS,2009-07-01,0.9836969868170576,1.1457171104628814,484,509,depth >= 30 m
GFNMS,2009-08-01,1.2335865342778705,1.8444162848422,484,509,depth >= 30 m
GFNMS,2009-09-01,1.094737560312654,1.4335407695667024,484,508,depth >= 30 m
GFNMS,2009-10-01,1.539932936822546,2.0562848644697778,484,508,depth >= 30 m
GFNMS,2009-11-01,1.4574697060152326,1.9069704977843092,484,509,depth >= 30 m
GFNMS,2009-12-01,0.759336220257946,0.8685970257117045,484,508,depth >= 30 m
GFNMS,2010-01-01,0.8446043575352434,0.9560077992996366,483,505,depth >= 30 m
GFNMS,2010-02-01,0.9443997473715738,1.1798511486669483,484,507,depth >= 30 m
GFNMS,2010-03-01,1.2722635649368352,1.4503467120597606,484,507,depth >= 30 m
GFNMS,2010-04-01,1.210027413600761,1.524555251706302,484,508,depth >= 30 m
GFNMS,2010-05-01,1.3474378104547369,1.6561884540976526,484,508,depth >= 30 m
GFNMS,2010-06-01,1.076827949837627,1.5991380137404163,484,509,depth >= 30 m
GFNMS,2010-07-01,1.1207209724141922,1.4368724592893698,484,509,depth >= 30 m
GFNMS,2010-08-01,1.5475441712520392,2.29203636344149,484,509,depth >= 30 m
GFNMS,2010-09-01,1.9282443223883536,2.659156586945525,484,508,depth >= 30 m
GFNMS,2010-10-01,1.2149659020444568,1.6140582508589427,484,507,depth >= 30 m
GFNMS,2010-11-01,1.2214431324084214,1.749139534466866,484,509,depth >= 30 m
GFNMS,2010-12-01,0.81325038276297,1.0186480689918724,484,507,depth >= 30 m
GFNMS,2011-01-01,1.1831830866981483,1.3269529190994591,484,507,depth >= 30 m
GFNMS,2011-02-01,1.2682336904797178,1.5875403199542455,484,509,depth >= 30 m
GFNMS,2011-03-01,1.0363949976118014,1.2572239478076477,484,507,depth >= 30 m
GFNMS,2011-04-01,0.9789595533476694,1.36589437981799,484,507,depth >= 30 m
GFNMS,2011-05-01,1.4139077309604058,1.898418892086956,484,508,depth >= 30 m
GFNMS,2011-06-01,1.1975231848296486,1.3756102750952457,484,509,depth >= 30 m
GFNMS,2011-07-01,2.010269556965012,2.4430225834133052,484,508,depth >= 30 m
GFNMS,2011-08-01,1.301572925414656,1.6765061254341795,484,508,depth >= 30 m
GFNMS,2011-09-01,2.4750191573565803,3.790436531380404,484,508,depth >= 30 m
GFNMS,2011-10-01,3.2435716175233917,4.313115765435963,484,508,depth >= 30 m
GFNMS,2011-11-01,1.4645877889519654,2.0039046343386695,484,508,depth >= 30 m
GFNMS,2011-12-01,1.2471424980333836,1.5322238765363605,484,508,depth >= 30 m
GFNMS,2012-01-01,0.9697434230739658,1.214399563221952,484,508,depth >= 30 m
GFNMS,2012-02-01,0.9164045006907192,1.0681226639531711,484,508,depth >= 30 m
GFNMS,2012-03-01,0.9018862156501332,1.0895339062246765,484,508,depth >= 30 m
GFNMS,2012-04-01,1.236296788990291,1.7646255054652549,484,507,depth >= 30 m
GFNMS,2012-05-01,0.6987399781125969,0.7899635732788403,476,485,depth >= 30 m
GFNMS,2012-06-01,1.7427836032892774,2.0328685665867994,476,485,depth >= 30 m
GFNMS,2012-07-01,1.4797604323958178,1.9499372382753868,476,485,depth >= 30 m
GFNMS,2012-08-01,1.1824138594844895,1.4141318786390034,476,485,depth >= 30 m
GFNMS,2012-09-01,1.3797683930446194,1.9714470265333544,476,486,depth >= 30 m
GFNMS,2012-10-01,1.336619350032291,2.098863036177825,476,485,depth >= 30 m
GFNMS,2012-11-01,1.2123708084100828,1.6479531143392825,476,483,depth >= 30 m
GFNMS,2012-12-01,1.041514274360586,1.1929551163075125,476,483,depth >= 30 m
GFNMS,2013-01-01,1.1846085824054282,1.4532154523883023,476,484,depth >= 30 m
GFNMS,2013-02-01,1.161437666084938,1.4417766162679213,476,484,depth >= 30 m
GFNMS,2013-03-01,1.14168792875549,1.788609774278063,476,483,depth >= 30 m
GFNMS,2013-04-01,0.6712050021994019,0.7763881763232134,476,485,depth >= 30 m
GFNMS,2013-05-01,0.9230511012652436,1.177811291537333,476,485,depth >= 30 m
GFNMS,2013-06-01,1.764094676924199,2.5179920403800407,476,486,depth >= 30 m
GFNMS,2013-07-01,1.3340975576329712,1.8671812337674132,476,481,depth >= 30 m
GFNMS,2013-08-01,1.995024557378596,2.861940304063399,469,477,depth >= 30 m
GFNMS,2013-09-01,2.2049242295793476,3.1192880403749745,476,485,depth >= 30 m
GFNMS,2013-10-01,1.7669503450355406,2.754578150854889,476,485,depth >= 30 m
GFNMS,2013-11-01,1.1661116209692424,1.6643966631388984,476,486,depth >= 30 m
GFNMS,2013-12-01,1.017383507185922,1.3451096719675115,476,486,depth >= 30 m
GFNMS,2014-01-01,1.3781626298675511,1.9002470121649713,476,484,depth >= 30 m
GFNMS,2014-02-01,1.0828432234636958,1.232820139476724,476,483,depth >= 30 m
GFNMS,2014-03-01,1.4698473092391096,1.8295365941425945,476,484,depth >= 30 m
GFNMS,2014-04-01,1.4416820114176003,2.0978638927552273,476,484,depth >= 30 m
GFNMS,2014-05-01,2.545315833749193,3.2202479587906248,476,486,depth >= 30 m
GFNMS,2014-06-01,1.2443136495349782,1.3607615111414926,476,485,depth >= 30 m
GFNMS,2014-07-01,2.115640660219495,2.856596101414068,476,484,depth >= 30 m
GFNMS,2014-08-01,1.1870693500828802,1.3876513715511485,476,486,depth >= 30 m
GFNMS,2014-09-01,0.9820338908331134,1.1156483867030211,476,483,depth >= 30 m
GFNMS,2014-10-01,1.141058222035522,1.3320500226306515,476,484,depth >= 30 m
GFNMS,2014-11-01,0.8993462417832969,1.1880461016266604,476,485,depth >= 30 m
GFNMS,2014-12-01,0.9028374650088904,0.9628796669816188,476,484,depth >= 30 m
GFNMS,2015-01-01,1.1626685942048178,1.3774444769929974,476,486,depth >= 30 m
GFNMS,2015-02-01,0.9084635464311333,0.989655973805376,476,484,depth >= 30 m
GFNMS,2015-03-01,0.9038131445418558,1.1851340212203842,476,486,depth >= 30 m
GFNMS,2015-04-01,1.5706222043960916,2.234676432757337,476,484,depth >= 30 m
GFNMS,2015-05-01,1.3592021123420797,2.111905124541881,474,481,depth >= 30 m
GFNMS,2015-06-01,1.175729744117792,1.5975250646718275,476,484,depth >= 30 m
GFNMS,2015-07-01,0.7969780089521541,0.8961147342760536,475,485,depth >= 30 m
GFNMS,2015-08-01,0.7594725617786089,0.9992149883091692,476,486,depth >= 30 m
GFNMS,2015-09-01,2.136316711695555,2.478672409376492,476,486,depth >= 30 m
GFNMS,2015-10-01,1.1212082732891846,1.419594354496514,476,484,depth >= 30 m
GFNMS,2015-11-01,1.6343967402734816,1.830909516463063,476,486,depth >= 30 m
GFNMS,2015-12-01,0.7892373647620384,0.8635173363626502,476,484,depth >= 30 m
GFNMS,2016-01-01,0.7876217360439762,0.8726854227467851,476,483,depth >= 30 m
GFNMS,2016-02-01,0.949403971129798,1.087487320885184,476,484,depth >= 30 m
GFNMS,2016-03-01,1.013865798698287,1.1851319981015431,476,484,depth >= 30 m
GFNMS,2016-04-01,1.2861083543874108,1.5640672463731653,476,485,depth >= 30 m
GFNMS,2016-05-01,1.0052087339007325,1.1892084830091811,476,486,depth >= 30 m
GFNMS,2016-06-01,1.4407795602437794,2.298447313316082,476,486,depth >= 30 m
GFNMS,2016-07-01,1.839797200764341,2.1835508550758735,476,486,depth >= 30 m
GFNMS,2016-08-01,1.2060082162673889,1.333120723994672,476,486,depth >= 30 m
GFNMS,2016-09-01,1.4365113730245989,1.6461983253803747,476,486,depth >= 30 m
GFNMS,2016-10-01,1.1766887237474866,1.608631641408539,476,486,depth >= 30 m
GFNMS,2016-11-01,1.4393299555692582,1.8202467160337723,476,486,depth >= 30 m
GFNMS,2016-12-01,1.047205456294691,1.2240952545232733,476,486,depth >= 30 m
GFNMS,2017-01-01,1.4677461295168726,1.9152946891608071,476,486,depth >= 30 m
GFNMS,2017-02-01,1.4191578415594917,1.660736772871802,476,486,depth >= 30 m
GFNMS,2017-03-01,1.2547739513702665,1.4809618254993169,476,486,depth >= 30 m
GFNMS,2017-04-01,1.1956276680727296,1.407918922572473,476,486,depth >= 30 m
GFNMS,2017-05-01,1.3456874860916217,1.7827195889419958,476,486,depth >= 30 m
GFNMS,2017-06-01,2.338177745944596,2.7336863794444506,476,486,depth >= 30 m
GFNMS,2017-07-01,1.557986329814683,2.0355546538231293,476,486,depth >= 30 m
GFNMS,2017-08-01,0.8724678929355457,1.1408667209339722,476,486,depth >= 30 m
GFNMS,2017-09-01,1.1280738288909042,1.520962674063419,476,486,depth >= 30 m
GFNMS,2017-10-01,1.2211193431570369,1.5665771579791494,476,486,depth >= 30 m
GFNMS,2017-11-01,0.9162043455867348,1.2156988584700936,476,486,depth >= 30 m
GFNMS,2017-12-01,0.9593020066328564,1.2014203303390096,476,486,depth >= 30 m
GFNMS,2018-01-01,0.9018626597883036,1.134713119624084,476,486,depth >= 30 m
GFNMS,2018-02-01,0.9099694338328516,1.0826030509094169,476,486,depth >= 30 m
GFNMS,2018-03-01,1.1249338204493045,1.2901971873677804,476,486,depth >= 30 m
GFNMS,2018-04-01,1.4370219984498362,1.707877780061688,476,486,depth >= 30 m
GFNMS,2018-05-01,1.650981532898138,2.2826059238655554,476,486,depth >= 30 m
GFNMS,2018-06-01,1.3907008970583496,1.838786399597492,476,486,depth >= 30 m
GFNMS,2018-07-01,1.0221508742226555,1.447403841916431,476,486,depth >= 30 m
GFNMS,2018-08-01,0.7681765307717816,0.9488754497511388,476,486,depth >= 30 m
GFNMS,2018-09-01,1.107263759810673,1.466368240461423,476,486,depth >= 30 m
GFNMS,2018-10-01,1.573731455740919,2.107240926765615,476,486,depth >= 30 m
GFNMS,2018-11-01,1.562645815425895,1.9554490865258072,476,486,depth >= 30 m
GFNMS,2018-12-01,1.0434985013729423,1.1497094568646982,476,486,depth >= 30 m
GFNMS,2019-01-01,0.8962000790122803,0.9794632028405073,476,486,depth >= 30 m
GFNMS,2019-02-01,0.8892304534831433,1.0124888380245916,476,486,depth >= 30 m
GFNMS,2019-03-01,1.4158841043729042,1.6280850689597564,476,486,depth >= 30 m
GFNMS,2019-04-01,1.17224775512635,1.4403930822762936,476,486,depth >= 30 m
GFNMS,2019-05-01,1.567388949558837,1.8837644671216445,476,486,depth >= 30 m
GFNMS,2019-06-01,2.5467396338378823,2.6565103086915043,476,486,depth >= 30 m
GFNMS,2019-07-01,2.118887521656027,2.456088780375665,476,486,depth >= 30 m
GFNMS,2019-08-01,2.044674743585265,2.616756792666977,476,486,depth >= 30 m
GFNMS,2019-09-01,1.3123243578648889,1.812466059079388,476,486,depth >= 30 m
GFNMS,2019-10-01,1.145780937497937,1.7993590160284456,476,486,depth >= 30 m
GFNMS,2019-11-01,1.3425975535195358,1.9322768118033191,476,486,depth >= 30 m
GFNMS,2019-12-01,0.8884876978493954,0.9957675867610506,476,486,depth >= 30 m
GFNMS,2020-01-01,0.9219633403363224,0.9918439507239138,476,486,depth >= 30 m
GFNMS,2020-02-01,0.8875064879958322,1.087964870434241,476,486,depth >= 30 m
GFNMS,2020-03-01,1.0001828492914908,1.2468600393935991,476,486,depth >= 30 m
GFNMS,2020-04-01,1.1591076102669136,1.4647587255685903,476,486,depth >= 30 m
GFNMS,2020-05-01,0.9125210969658184,1.2289923781475407,476,486,depth >= 30 m
GFNMS,2020-06-01,1.751206085466847,1.9581212896869016,476,486,depth >= 30 m
GFNMS,2020-07-01,1.556249321079798,1.819681865075002,476,486,depth >= 30 m
GFNMS,2020-08-01,1.338744281961046,1.8917149078453528,476,486,depth >= 30 m
GFNMS,2020-09-01,1.3991157542528574,1.937996467690414,476,486,depth >= 30 m
GFNMS,2020-10-01,1.7370872295088975,2.6177617564736044,476,486,depth >= 30 m
GFNMS,2020-11-01,1.2699514731318962,1.4808301023004502,476,486,depth >= 30 m
GFNMS,2020-12-01,1.2087870359766255,1.504072937087264,476,486,depth >= 30 m
GFNMS,2021-01-01,0.8679402117252356,0.9794196022881398,476,486,depth >= 30 m
GFNMS,2021-02-01,1.058471292696106,1.3200551603801922,476,486,depth >= 30 m
GFNMS,2021-03-01,1.1454873077998078,1.5862484547336444,476,486,depth >= 30 m
GFNMS,2021-04-01,2.4623553673248275,2.8421502239664913,476,486,depth >= 30 m
GFNMS,2021-05-01,1.343234403182484,1.5552037358283997,476,486,depth >= 30 m
GFNMS,2021-06-01,2.212013124607746,2.520682688848472,476,486,depth >= 30 m
GFNMS,2021-07-01,1.8406944682676167,2.4263315813581023,471,481,depth >= 30 m
GFNMS,2021-08-01,1.7016913483034402,1.965601563698961,476,486,depth >= 30 m
GFNMS,2021-09-01,2.557149261503563,2.761376042179608,476,486,depth >= 30 m
GFNMS,2021-10-01,2.0875583588411906,2.25085743660789,476,486,depth >= 30 m
GFNMS,2021-11-01,1.576317809726579,2.029444742104639,476,486,depth >= 30 m
GFNMS,2021-12-01,1.0565482867171774,1.2129104247186395,476,486,depth >= 30 m
GFNMS,2022-01-01,1.072478098370665,1.2136357757780276,476,486,depth >= 30 m
GFNMS,2022-02-01,1.500665875508319,1.571290382632503,476,486,depth >= 30 m
GFNMS,2022-03-01,1.2954343909179284,1.5556668489558203,476,486,depth >= 30 m
GFNMS,2022-04-01,1.0598589577215105,1.5557078607533723,476,486,depth >= 30 m
GFNMS,2022-05-01,0.9152462626705216,1.1565784983674174,476,486,depth >= 30 m
GFNMS,2022-06-01,1.5635267043312606,2.170109732774063,476,486,depth >= 30 m
GFNMS,2022-07-01,1.3781349115472306,2.002479298240264,465,475,depth >= 30 m
GFNMS,2022-08-01,1.3345302676556168,2.1746725301131753,476,486,depth >= 30 m
GFNMS,2022-09-01,1.290371421432437,1.678297049285456,476,486,depth >= 30 m
GFNMS,2022-10-01,0.9468809733346522,1.174975889025894,476,486,depth >= 30 m
GFNMS,2022-11-01,0.9418275237518984,1.2167993712817684,476,486,depth >= 30 m
GFNMS,2022-12-01,1.0910977504584598,1.4081618361512314,476,486,depth >= 30 m
GFNMS,2023-01-01,1.2402432760014692,1.449625672626885,476,486,depth >= 30 m
GFNMS,2023-02-01,1.0564638110752114,1.1615953580342209,476,486,depth >= 30 m
GFNMS,2023-03-01,1.6554250498599252,1.8274986114766871,476,486,depth >= 30 m
GFNMS,2023-04-01,0.8917060619724678,1.1335701702062977,476,486,depth >= 30 m
GFNMS,2023-05-01,1.2676857940056014,1.8070415678460936,476,486,depth >= 30 m
GFNMS,2023-06-01,1.7118627488304998,2.0772434146806553,476,486,depth >= 30 m
GFNMS,2023-07-01,1.3702834688973735,1.7386270743706564,476,486,depth >= 30 m
GFNMS,2023-08-01,1.127024602664065,1.4057922969139167,476,486,depth >= 30 m
GFNMS,2023-09-01,1.25779225909255,1.7153009763102445,476,486,depth >= 30 m
GFNMS,2023-10-01,1.4150150667892591,1.7589435530788144,476,486,depth >= 30 m
GFNMS,2023-11-01,1.2413325848052243,1.511330006299197,476,486,depth >= 30 m
GFNMS,2023-12-01,0.9607024115317804,1.1487210546256084,476,486,depth >= 30 m
GFNMS,2024-01-01,0.8573467452729688,0.933938202544004,476,486,depth >= 30 m
GFNMS,2024-02-01,1.0696992654724686,1.1889933026376582,476,486,depth >= 30 m
GFNMS,2024-03-01,1.4602697626605092,1.649464272054626,476,486,depth >= 30 m
GFNMS,2024-04-01,1.8658891482873772,2.061565661136015,476,486,depth >= 30 m
GFNMS,2024-05-01,2.037334972214895,2.326006660858792,476,486,depth >= 30 m
GFNMS,2024-06-01,2.4905090106844505,3.411961831673665,476,486,depth >= 30 m
GFNMS,2024-07-01,1.6153045531611985,2.4754050316388807,476,486,depth >= 30 m
GFNMS,2024-08-01,1.063071404878398,1.555453071991606,476,486,depth >= 30 m
GFNMS,2024-09-01,1.4080995476200286,2.063380164741981,476,486,depth >= 30 m
GFNMS,2024-10-01,1.5697259106720085,2.4984552294261215,476,486,depth >= 30 m
GFNMS,2024-11-01,1.606032623885746,3.002799096973346,476,486,depth >= 30 m
GFNMS,2024-12-01,2.402332729947504,3.460688327320314,476,486,depth >= 30 m
GFNMS,2025-01-01,2.348285577506164,3.181887255897241,476,486,depth >= 30 m
GFNMS,2025-02-01,0.9654370087968748,1.1825195569928286,476,486,depth >= 30 m
GFNMS,2025-03-01,1.1581758030685148,1.3259636500980645,476,486,depth >= 30 m
GFNMS,2025-04-01,1.2522582976992875,1.5503999048790298,476,486,depth >= 30 m
GFNMS,2025-05-01,1.6399729621769932,2.1110452403747493,476,486,depth >= 30 m
GFNMS,2025-06-01,0.731487556048502,0.8567593607882906,476,486,depth >= 30 m
GFNMS,2025-07-01,1.850974146496906,2.5384551447973345,476,486,depth >= 30 m
GFNMS,2025-08-01,1.3214664922506438,1.7671271235118662,476,486,depth >= 30 m
GFNMS,2025-09-01,2.2726784273845717,2.6795377355421546,476,486,depth >= 30 m
GFNMS,2025-10-01,1.7274942118967955,2.4257050453390088,476,486,depth >= 30 m
GFNMS,2025-11-01,2.271037555128734,3.2565558983219973,476,486,depth >= 30 m
GFNMS,2025-12-01,1.5647247993736957,1.8884014384246173,476,486,depth >= 30 m
GFNMS,2026-01-01,1.2565348387186492,1.4181403036961338,476,486,depth >= 30 m
GFNMS,2026-02-01,1.1789008540368555,1.4610348166016411,476,486,depth >= 30 m
GFNMS,2026-03-01,1.9066052044162116,2.114903323934891,476,486,depth >= 30 m
GFNMS,2026-04-01,0.9554104199290292,1.089529865256553,476,486,depth >= 30 m
GFNMS,2026-05-01,1.8981910786871845,2.4312983752523443,476,486,depth >= 30 m
GFNMS,2026-06-01,1.5943093182791908,2.1680502163039357,476,486,depth >= 30 m
CBNMS,1997-09-01,0.49401684954211406,0.5487738843217038,198,198,depth >= 30 m
CBNMS,1997-10-01,0.8228410556844042,0.8614473898302424,198,198,depth >= 30 m
CBNMS,1997-11-01,0.40702187418399827,0.4416517014756346,198,198,depth >= 30 m
CBNMS,1997-12-01,0.5594532469010437,0.5629394116124722,198,198,depth >= 30 m
CBNMS,1998-01-01,0.4776245757306272,0.5114213163503493,198,198,depth >= 30 m
CBNMS,1998-02-01,0.6526075226262601,0.8596729690378363,198,198,depth >= 30 m
CBNMS,1998-03-01,0.4608517786883978,0.5033271041030836,198,198,depth >= 30 m
CBNMS,1998-04-01,0.6208927430765633,0.6599473023053373,198,198,depth >= 30 m
CBNMS,1998-05-01,0.6428549639659117,0.7849717128156413,198,198,depth >= 30 m
CBNMS,1998-06-01,1.0462345713051635,1.2627525300991658,198,198,depth >= 30 m
CBNMS,1998-07-01,1.1446349365854505,1.6571318555359893,198,198,depth >= 30 m
CBNMS,1998-08-01,0.765457601985507,0.9218976949200488,198,198,depth >= 30 m
CBNMS,1998-09-01,0.702615658615538,0.7847980975803702,198,198,depth >= 30 m
CBNMS,1998-10-01,0.6655660756046624,0.7041271064016554,198,198,depth >= 30 m
CBNMS,1998-11-01,0.6229262981186152,0.6579037578117969,198,198,depth >= 30 m
CBNMS,1998-12-01,0.6947053346110634,0.7205152338502383,198,198,depth >= 30 m
CBNMS,1999-01-01,0.4795963858100999,0.4933176419951698,198,198,depth >= 30 m
CBNMS,1999-02-01,0.6193903471865926,0.6703112044117667,198,198,depth >= 30 m
CBNMS,1999-03-01,0.6758255940567098,0.7517165674103631,198,198,depth >= 30 m
CBNMS,1999-04-01,0.7827806229541793,0.8228157054294242,198,198,depth >= 30 m
CBNMS,1999-05-01,0.7939493366872487,0.8588579330179429,198,198,depth >= 30 m
CBNMS,1999-06-01,0.893819962752614,0.9366687825231838,198,198,depth >= 30 m
CBNMS,1999-07-01,0.870128381691722,0.9043431492766948,198,198,depth >= 30 m
CBNMS,1999-08-01,0.6102250890398294,0.6332150927998802,198,198,depth >= 30 m
CBNMS,1999-09-01,0.7789345254387858,0.89537440902657,198,198,depth >= 30 m
CBNMS,1999-10-01,0.8158063952609278,0.9044337525512232,198,198,depth >= 30 m
CBNMS,1999-11-01,0.6356290188145938,0.671936297506997,198,198,depth >= 30 m
CBNMS,1999-12-01,0.6628694240577132,0.6800172229607899,198,198,depth >= 30 m
CBNMS,2000-01-01,0.6065674161499972,0.7294580193790223,185,185,depth >= 30 m
CBNMS,2000-02-01,0.6524510353358085,0.7568590529639313,198,198,depth >= 30 m
CBNMS,2000-03-01,0.7268588998455676,0.7776348946070429,198,198,depth >= 30 m
CBNMS,2000-04-01,0.8650695501630581,1.0729175241607605,198,198,depth >= 30 m
CBNMS,2000-05-01,0.6562543377383497,0.8300045361422528,198,198,depth >= 30 m
CBNMS,2000-06-01,1.1493696239188251,1.412550449672371,198,198,depth >= 30 m
CBNMS,2000-07-01,0.6841858612349361,0.7184101928665182,198,198,depth >= 30 m
CBNMS,2000-08-01,0.6745847006052477,0.7080497479800021,198,198,depth >= 30 m
CBNMS,2000-09-01,0.8474485805186378,1.1504344473583528,198,198,depth >= 30 m
CBNMS,2000-10-01,1.1645514183810184,1.4993326943932157,198,198,depth >= 30 m
CBNMS,2000-11-01,0.8466258807143618,0.9830510780365782,198,198,depth >= 30 m
CBNMS,2000-12-01,0.6171389324770976,0.6250362960678159,198,198,depth >= 30 m
CBNMS,2001-01-01,0.6574609719485662,0.6859187656881834,198,198,depth >= 30 m
CBNMS,2001-02-01,0.6930506538968936,0.7224190369097873,198,198,depth >= 30 m
CBNMS,2001-03-01,0.6796789989676552,0.692522921797001,198,198,depth >= 30 m
CBNMS,2001-04-01,0.6270395803343698,0.6514650967085002,198,198,depth >= 30 m
CBNMS,2001-05-01,0.9429072344304392,1.0189272544600745,198,198,depth >= 30 m
CBNMS,2001-06-01,1.0061628657105983,1.029364216508287,198,198,depth >= 30 m
CBNMS,2001-07-01,1.2826381942587313,1.6142712482298265,198,198,depth >= 30 m
CBNMS,2001-08-01,1.0508986445913282,1.5992003594986115,198,198,depth >= 30 m
CBNMS,2001-09-01,2.3670065227119563,2.8952942701301168,198,198,depth >= 30 m
CBNMS,2001-10-01,1.595179465394004,2.0614210722422355,198,198,depth >= 30 m
CBNMS,2001-11-01,1.859992558646061,2.885953506436011,198,198,depth >= 30 m
CBNMS,2001-12-01,0.8085906750104321,0.8663679040742642,198,198,depth >= 30 m
CBNMS,2002-01-01,0.7774762426911108,0.7975632765076378,198,198,depth >= 30 m
CBNMS,2002-02-01,0.8156963109324143,0.9048862448244384,198,198,depth >= 30 m
CBNMS,2002-03-01,0.8976346029133692,0.9406224693914856,198,198,depth >= 30 m
CBNMS,2002-04-01,0.5671565468527608,0.609978712869413,198,198,depth >= 30 m
CBNMS,2002-05-01,1.2875268912094493,1.438699184644102,198,198,depth >= 30 m
CBNMS,2002-06-01,1.313596346221202,1.353890165837124,198,198,depth >= 30 m
CBNMS,2002-07-01,1.0845909221919714,1.4066182451717784,198,198,depth >= 30 m
CBNMS,2002-08-01,0.7433767254675854,0.7782789640354387,198,198,depth >= 30 m
CBNMS,2002-09-01,1.1286965414500945,1.4230751286853445,198,198,depth >= 30 m
CBNMS,2002-10-01,1.2313848992093537,1.379289219174722,198,198,depth >= 30 m
CBNMS,2002-11-01,1.1531249558368597,1.2902236424311242,198,198,depth >= 30 m
CBNMS,2002-12-01,0.6889488973527375,0.7278388250957836,198,198,depth >= 30 m
CBNMS,2003-01-01,0.9022885120943708,0.912460024007643,198,198,depth >= 30 m
CBNMS,2003-02-01,0.9023334312791138,0.9244748555650616,198,198,depth >= 30 m
CBNMS,2003-03-01,0.833611876539684,0.8803719754772957,198,198,depth >= 30 m
CBNMS,2003-04-01,0.9030027512070284,1.0249488424472135,198,198,depth >= 30 m
CBNMS,2003-05-01,1.0402694736252145,1.1593251532376416,198,198,depth >= 30 m
CBNMS,2003-06-01,1.5241726451227284,1.5640986546723528,198,198,depth >= 30 m
CBNMS,2003-07-01,1.0701494298783718,1.0979542325843463,198,198,depth >= 30 m
CBNMS,2003-08-01,0.996524596675547,1.106800304217772,198,198,depth >= 30 m
CBNMS,2003-09-01,0.8771451104773192,0.9624144714890104,198,198,depth >= 30 m
CBNMS,2003-10-01,1.0166936012912688,1.1899771804761403,198,198,depth >= 30 m
CBNMS,2003-11-01,0.8078219584990722,0.8329453624860206,198,198,depth >= 30 m
CBNMS,2003-12-01,0.7152639058663207,0.7670194702317015,198,198,depth >= 30 m
CBNMS,2004-01-01,0.7233221568569431,0.7403421618721703,198,198,depth >= 30 m
CBNMS,2004-02-01,0.7032592118790862,0.7171395565524246,198,198,depth >= 30 m
CBNMS,2004-03-01,0.9214720575054596,1.082961911504919,198,198,depth >= 30 m
CBNMS,2004-04-01,1.0420527563983453,1.3455965907284706,198,198,depth >= 30 m
CBNMS,2004-05-01,0.7431257405697502,1.161940481626626,198,198,depth >= 30 m
CBNMS,2004-06-01,0.6938189168670439,0.7632099683537626,198,198,depth >= 30 m
CBNMS,2004-07-01,0.6967775675287914,0.8451975022602565,198,198,depth >= 30 m
CBNMS,2004-08-01,0.5390410867057369,0.6336399240024161,198,198,depth >= 30 m
CBNMS,2004-09-01,1.3114138841671918,1.5349114332536251,198,198,depth >= 30 m
CBNMS,2004-10-01,0.8704812425622321,0.98289068931281,198,198,depth >= 30 m
CBNMS,2004-11-01,1.7640637777901582,2.1131567253608905,198,198,depth >= 30 m
CBNMS,2004-12-01,1.231034040888802,1.376224451895916,198,198,depth >= 30 m
CBNMS,2005-01-01,0.7600325834826153,0.7691128241895424,198,198,depth >= 30 m
CBNMS,2005-02-01,0.7626030016175732,0.7816810156359816,198,198,depth >= 30 m
CBNMS,2005-03-01,0.8290767489618311,0.855120877424876,198,198,depth >= 30 m
CBNMS,2005-04-01,0.8888931132869744,0.9916517225780872,198,198,depth >= 30 m
CBNMS,2005-05-01,1.0012987805391784,1.1250495444042514,198,198,depth >= 30 m
CBNMS,2005-06-01,1.32641983035606,1.397174352949316,198,198,depth >= 30 m
CBNMS,2005-07-01,1.3439785875014456,1.375569586199943,198,198,depth >= 30 m
CBNMS,2005-08-01,1.6757342983903218,1.8377864538419124,198,198,depth >= 30 m
CBNMS,2005-09-01,1.7828520536584491,2.0964786097256822,198,198,depth >= 30 m
CBNMS,2005-10-01,1.5865982602017996,1.7813531891866166,198,198,depth >= 30 m
CBNMS,2005-11-01,0.953007677462407,1.1804827925833783,198,198,depth >= 30 m
CBNMS,2005-12-01,0.728807676612906,0.8625596420030401,198,198,depth >= 30 m
CBNMS,2006-01-01,1.1684256452787518,1.2233136359489325,198,198,depth >= 30 m
CBNMS,2006-02-01,0.8280947458668758,0.9298482726920736,198,198,depth >= 30 m
CBNMS,2006-03-01,0.8810561796068423,0.9225718794447004,198,198,depth >= 30 m
CBNMS,2006-04-01,1.3925945620763065,1.5258952331061313,198,198,depth >= 30 m
CBNMS,2006-05-01,1.240008672283928,1.3590270286858686,198,198,depth >= 30 m
CBNMS,2006-06-01,1.156939201228396,1.22921383982957,198,198,depth >= 30 m
CBNMS,2006-07-01,1.2732422542934037,1.3555562243317112,198,198,depth >= 30 m
CBNMS,2006-08-01,2.509482578378305,2.772005126331792,198,198,depth >= 30 m
CBNMS,2006-09-01,1.271296463773311,1.3480503411606106,198,198,depth >= 30 m
CBNMS,2006-10-01,1.6354402572619406,1.9705228375063992,198,198,depth >= 30 m
CBNMS,2006-11-01,1.3553330965763808,1.564978030895946,198,198,depth >= 30 m
CBNMS,2006-12-01,0.9228575108673904,1.0197129412130874,198,198,depth >= 30 m
CBNMS,2007-01-01,0.58584230305466245,0.5974711664397307,198,198,depth >= 30 m
CBNMS,2007-02-01,0.6822487462825602,0.6916944354471534,198,198,depth >= 30 m
CBNMS,2007-03-01,0.7131687510329104,0.7314049845392054,198,198,depth >= 30 m
CBNMS,2007-04-01,0.6259051568032962,0.6390615253135412,198,198,depth >= 30 m
CBNMS,2007-05-01,0.8182976637884807,0.867293549306465,198,198,depth >= 30 m
CBNMS,2007-06-01,0.8433614608941465,0.8600587604021785,198,198,depth >= 30 m
CBNMS,2007-07-01,1.0098483156803413,1.111472486847579,198,198,depth >= 30 m
CBNMS,2007-08-01,1.1242947361421427,1.24162127754905,198,198,depth >= 30 m
CBNMS,2007-09-01,1.0459924841892552,1.1494207830742154,198,198,depth >= 30 m
CBNMS,2007-10-01,0.8720689625067309,0.953803037152146,198,198,depth >= 30 m
CBNMS,2007-11-01,0.6910793775351498,0.8581219032557326,198,198,depth >= 30 m
CBNMS,2007-12-01,0.7031678324152717,0.7326749400659042,198,198,depth >= 30 m
CBNMS,2008-01-01,0.7525202290725628,0.7818425815514843,198,198,depth >= 30 m
CBNMS,2008-02-01,0.7127674362673379,0.7375127050009641,198,198,depth >= 30 m
CBNMS,2008-03-01,0.746290791775211,0.751853030438375,198,198,depth >= 30 m
CBNMS,2008-04-01,0.6602234493215599,0.6630619610800887,198,198,depth >= 30 m
CBNMS,2008-05-01,0.7210016602127493,0.7489550920447918,198,198,depth >= 30 m
CBNMS,2008-06-01,0.973380555817634,1.108574447908787,198,198,depth >= 30 m
CBNMS,2008-07-01,1.0310691859585766,1.1720778087172845,198,198,depth >= 30 m
CBNMS,2008-08-01,1.030909284679213,1.0782149102952745,198,198,depth >= 30 m
CBNMS,2008-09-01,1.0239452685769177,1.1868283269983353,198,198,depth >= 30 m
CBNMS,2008-10-01,1.039092359674796,1.160931962307053,198,198,depth >= 30 m
CBNMS,2008-11-01,0.5874227872158971,0.6022272429080925,198,198,depth >= 30 m
CBNMS,2008-12-01,0.6753890314396233,0.702058762010902,198,198,depth >= 30 m
CBNMS,2009-01-01,0.7108215734770491,0.7383752462237771,198,198,depth >= 30 m
CBNMS,2009-02-01,0.7202521709402736,0.7702930024778001,198,198,depth >= 30 m
CBNMS,2009-03-01,0.5564560353117914,0.558499562318879,198,198,depth >= 30 m
CBNMS,2009-04-01,0.5380319280003393,0.5484738700618648,198,198,depth >= 30 m
CBNMS,2009-05-01,1.2288354977620526,1.3716267422594204,198,198,depth >= 30 m
CBNMS,2009-06-01,0.9300372538949258,0.9595842207923078,198,198,depth >= 30 m
CBNMS,2009-07-01,0.7156901054899967,0.7474307690304939,198,198,depth >= 30 m
CBNMS,2009-08-01,0.5643437301233495,0.62294417348775,198,198,depth >= 30 m
CBNMS,2009-09-01,0.6930554775845837,0.7122388491124818,198,198,depth >= 30 m
CBNMS,2009-10-01,1.3917947858773905,1.68400413068858,198,198,depth >= 30 m
CBNMS,2009-11-01,1.2110782953841797,1.3223723450092355,198,198,depth >= 30 m
CBNMS,2009-12-01,0.6777277525431545,0.6902673461220482,198,198,depth >= 30 m
CBNMS,2010-01-01,0.7746264627372171,0.7806327114201556,198,198,depth >= 30 m
CBNMS,2010-02-01,0.6852800548591998,0.7278970329448431,198,198,depth >= 30 m
CBNMS,2010-03-01,0.7362184808819482,0.7954295069882362,198,198,depth >= 30 m
CBNMS,2010-04-01,0.7983347389948061,0.8643557926019032,198,198,depth >= 30 m
CBNMS,2010-05-01,0.681052382358703,0.7218515571921762,198,198,depth >= 30 m
CBNMS,2010-06-01,0.5638319897038252,0.6102312240335677,198,198,depth >= 30 m
CBNMS,2010-07-01,0.8112773786811477,0.9347531306322172,198,198,depth >= 30 m
CBNMS,2010-08-01,1.056700382822107,1.219110073164256,198,198,depth >= 30 m
CBNMS,2010-09-01,1.51125298444958,2.0976233918859504,198,198,depth >= 30 m
CBNMS,2010-10-01,0.9592630908013337,1.0920631756084136,198,198,depth >= 30 m
CBNMS,2010-11-01,1.0718982753707111,1.4274185068077514,198,198,depth >= 30 m
CBNMS,2010-12-01,0.6740962985953415,0.7270202668327275,198,198,depth >= 30 m
CBNMS,2011-01-01,1.0765988448123678,1.1162430177433325,198,198,depth >= 30 m
CBNMS,2011-02-01,1.091316157600748,1.2307139481558942,198,198,depth >= 30 m
CBNMS,2011-03-01,0.9108247663523774,0.96498206498647,198,198,depth >= 30 m
CBNMS,2011-04-01,0.6783254953868177,0.694527236951722,198,198,depth >= 30 m
CBNMS,2011-05-01,0.9387792586055144,0.9839468098650076,198,198,depth >= 30 m
CBNMS,2011-06-01,0.975800044461304,1.0115451599010317,198,198,depth >= 30 m
CBNMS,2011-07-01,1.4729170159956726,1.631529479014753,198,198,depth >= 30 m
CBNMS,2011-08-01,0.982483972344394,1.0245484204003303,198,198,depth >= 30 m
CBNMS,2011-09-01,2.5581890301248276,3.1522595114780194,198,198,depth >= 30 m
CBNMS,2011-10-01,1.7132160174942563,2.145950864962858,198,198,depth >= 30 m
CBNMS,2011-11-01,1.8650208776494144,2.141297889779312,198,198,depth >= 30 m
CBNMS,2011-12-01,0.9808053901034304,1.040848248233699,198,198,depth >= 30 m
CBNMS,2012-01-01,0.826387770759846,0.8704642307276677,198,198,depth >= 30 m
CBNMS,2012-02-01,0.6822456550995103,0.6953470086810564,198,198,depth >= 30 m
CBNMS,2012-03-01,0.6632237635326689,0.6872043660794847,198,198,depth >= 30 m
CBNMS,2012-04-01,0.9062235505196145,0.9981726763224358,198,198,depth >= 30 m
CBNMS,2012-05-01,0.5377041888654023,0.5508556886754855,198,198,depth >= 30 m
CBNMS,2012-06-01,1.1782151175425577,1.3041848293458576,198,198,depth >= 30 m
CBNMS,2012-07-01,0.9912183164123576,1.1073306579180435,198,198,depth >= 30 m
CBNMS,2012-08-01,0.7518839987913655,0.8664090729723077,198,198,depth >= 30 m
CBNMS,2012-09-01,0.8728064753750155,1.1553378195473647,198,198,depth >= 30 m
CBNMS,2012-10-01,1.042208777983582,1.4317223536546788,198,198,depth >= 30 m
CBNMS,2012-11-01,0.7360438966830101,0.7979801212898406,198,198,depth >= 30 m
CBNMS,2012-12-01,0.7985697241197461,0.8201349591365968,198,198,depth >= 30 m
CBNMS,2013-01-01,0.892317927113742,0.9676407822454818,198,198,depth >= 30 m
CBNMS,2013-02-01,0.6916363437977919,0.8013368960883881,198,198,depth >= 30 m
CBNMS,2013-03-01,0.591761852607682,0.6219025416807695,198,198,depth >= 30 m
CBNMS,2013-04-01,0.47068115568140695,0.4948638277222412,198,198,depth >= 30 m
CBNMS,2013-05-01,0.566012077889323,0.5776995018576131,198,198,depth >= 30 m
CBNMS,2013-06-01,0.9723792724111084,1.1501734410271502,198,198,depth >= 30 m
CBNMS,2013-07-01,0.9386119016501616,1.16336426740945,198,198,depth >= 30 m
CBNMS,2013-08-01,1.6736923790513214,2.312428633673022,198,198,depth >= 30 m
CBNMS,2013-09-01,1.0225371355496429,1.582545916841487,198,198,depth >= 30 m
CBNMS,2013-10-01,1.0882491465627495,1.5949283290391016,198,198,depth >= 30 m
CBNMS,2013-11-01,0.9299507877527908,1.0048717799210791,198,198,depth >= 30 m
CBNMS,2013-12-01,0.7369143841627198,0.8490203911005849,198,198,depth >= 30 m
CBNMS,2014-01-01,1.0921367301582678,1.3011530062766987,198,198,depth >= 30 m
CBNMS,2014-02-01,0.9350223000610074,0.9599445983014926,198,198,depth >= 30 m
CBNMS,2014-03-01,0.9627300573917432,1.0312945272284324,198,198,depth >= 30 m
CBNMS,2014-04-01,0.9659849149741386,1.2017422170952112,198,198,depth >= 30 m
CBNMS,2014-05-01,1.8079236358502455,2.206226426543612,198,198,depth >= 30 m
CBNMS,2014-06-01,1.0494903722269484,1.165188286039564,198,198,depth >= 30 m
CBNMS,2014-07-01,1.417094290594321,1.8001010110883997,198,198,depth >= 30 m
CBNMS,2014-08-01,0.8494186032755427,0.9397575721295196,198,198,depth >= 30 m
CBNMS,2014-09-01,0.6127677781315397,0.6843673291832508,198,198,depth >= 30 m
CBNMS,2014-10-01,0.7726826371026332,0.8471352456495016,198,198,depth >= 30 m
CBNMS,2014-11-01,0.6117120075023285,0.7499870195834322,198,198,depth >= 30 m
CBNMS,2014-12-01,0.7903270902253058,0.8019696543313037,198,198,depth >= 30 m
CBNMS,2015-01-01,1.038884305281961,1.0780712576827618,198,198,depth >= 30 m
CBNMS,2015-02-01,0.6496114871178078,0.6945799331773412,198,198,depth >= 30 m
CBNMS,2015-03-01,0.4745822518043097,0.5562533174801354,198,198,depth >= 30 m
CBNMS,2015-04-01,0.6063241765848945,0.7466743057123336,198,198,depth >= 30 m
CBNMS,2015-05-01,0.9146544555890952,1.1912787380543626,198,198,depth >= 30 m
CBNMS,2015-06-01,0.5705607348642279,0.6280231600759004,198,198,depth >= 30 m
CBNMS,2015-07-01,0.7596276948359166,0.7974752073336129,198,198,depth >= 30 m
CBNMS,2015-08-01,0.5463753665400775,0.6466072013582846,198,198,depth >= 30 m
CBNMS,2015-09-01,1.7769900107663272,2.1900932487815328,198,198,depth >= 30 m
CBNMS,2015-10-01,0.568649138594325,0.7169468366738523,198,198,depth >= 30 m
CBNMS,2015-11-01,1.1034884849747195,1.2321059294421262,198,198,depth >= 30 m
CBNMS,2015-12-01,0.6177301336157593,0.6295153405329194,198,198,depth >= 30 m
CBNMS,2016-01-01,0.6366460932520125,0.6523867761245882,198,198,depth >= 30 m
CBNMS,2016-02-01,0.764115351600536,0.82960136761569,198,198,depth >= 30 m
CBNMS,2016-03-01,0.740444039155142,0.793045365449154,198,198,depth >= 30 m
CBNMS,2016-04-01,0.8084319978075328,0.8754448521919922,198,198,depth >= 30 m
CBNMS,2016-05-01,0.7530615560355858,0.800847533224809,198,198,depth >= 30 m
CBNMS,2016-06-01,0.8619546930886859,1.2133754344299588,198,198,depth >= 30 m
CBNMS,2016-07-01,1.8396708182669927,2.2436440779705245,198,198,depth >= 30 m
CBNMS,2016-08-01,0.7544807996738567,0.7970436757261103,198,198,depth >= 30 m
CBNMS,2016-09-01,0.897994498738759,0.961524341744606,198,198,depth >= 30 m
CBNMS,2016-10-01,0.9323117814509212,1.04870239065753,198,198,depth >= 30 m
CBNMS,2016-11-01,1.413516850334389,1.534444176187419,198,198,depth >= 30 m
CBNMS,2016-12-01,0.7975254058911826,0.8578892747561137,198,198,depth >= 30 m
CBNMS,2017-01-01,1.0873797730213386,1.3329830967416665,198,198,depth >= 30 m
CBNMS,2017-02-01,1.165631582369642,1.264860803882281,198,198,depth >= 30 m
CBNMS,2017-03-01,0.8378914440115951,0.8960598607858022,198,198,depth >= 30 m
CBNMS,2017-04-01,0.7439566643949684,0.7691891024811099,198,198,depth >= 30 m
CBNMS,2017-05-01,0.8423246518902773,0.9246300591362846,198,198,depth >= 30 m
CBNMS,2017-06-01,1.78254849441747,1.909471720156043,198,198,depth >= 30 m
CBNMS,2017-07-01,0.6950223922264518,0.7559871679604656,198,198,depth >= 30 m
CBNMS,2017-08-01,0.5434619099883524,0.5653473769474511,198,198,depth >= 30 m
CBNMS,2017-09-01,0.5632487787176532,0.6291926138930848,198,198,depth >= 30 m
CBNMS,2017-10-01,0.7340449999149354,0.8570571260319815,198,198,depth >= 30 m
CBNMS,2017-11-01,0.6539685967828084,0.7142587209289724,198,198,depth >= 30 m
CBNMS,2017-12-01,0.6870129880175929,0.7682978099945819,198,198,depth >= 30 m
CBNMS,2018-01-01,0.7127383645070553,0.7357143898202917,198,198,depth >= 30 m
CBNMS,2018-02-01,0.7017185334417398,0.7293854361832743,198,198,depth >= 30 m
CBNMS,2018-03-01,0.888796980100774,0.9632454815537038,198,198,depth >= 30 m
CBNMS,2018-04-01,1.124671170475471,1.1502565404381415,198,198,depth >= 30 m
CBNMS,2018-05-01,0.8232615277135739,1.0196540622097074,198,198,depth >= 30 m
CBNMS,2018-06-01,0.7450337837633836,0.8826501796943974,198,198,depth >= 30 m
CBNMS,2018-07-01,1.1588785895315743,1.3339610877964232,198,198,depth >= 30 m
CBNMS,2018-08-01,0.544655356961734,0.591506613324387,198,198,depth >= 30 m
CBNMS,2018-09-01,0.8600376285076416,0.9384639458824888,198,198,depth >= 30 m
CBNMS,2018-10-01,1.3576351617001026,1.5134024361167289,198,198,depth >= 30 m
CBNMS,2018-11-01,1.3993908350143276,1.5279835188629654,198,198,depth >= 30 m
CBNMS,2018-12-01,0.7481102146594071,0.7698425469976482,198,198,depth >= 30 m
CBNMS,2019-01-01,0.703484222925616,0.7206381643661345,198,198,depth >= 30 m
CBNMS,2019-02-01,0.6832160911985685,0.7329903431613035,198,198,depth >= 30 m
CBNMS,2019-03-01,1.151071771893209,1.2320958884677502,198,198,depth >= 30 m
CBNMS,2019-04-01,0.7074155859310436,0.7614785413248372,198,198,depth >= 30 m
CBNMS,2019-05-01,1.1112585636353656,1.277753400080132,198,198,depth >= 30 m
CBNMS,2019-06-01,1.944595899335904,2.0677584560230517,198,198,depth >= 30 m
CBNMS,2019-07-01,1.6039125844875206,1.7674298596502551,198,198,depth >= 30 m
CBNMS,2019-08-01,1.1356756983785727,1.5691997407361713,198,198,depth >= 30 m
CBNMS,2019-09-01,1.2030657490046834,1.3358357959624492,198,198,depth >= 30 m
CBNMS,2019-10-01,0.9634625782474892,1.126058771905272,198,198,depth >= 30 m
CBNMS,2019-11-01,1.332321078156751,1.6497862718322065,198,198,depth >= 30 m
CBNMS,2019-12-01,0.7546803834601695,0.7818718772343914,198,198,depth >= 30 m
CBNMS,2020-01-01,0.7469368222597081,0.7618950692692188,198,198,depth >= 30 m
CBNMS,2020-02-01,0.6476394133964637,0.7010357879629039,198,198,depth >= 30 m
CBNMS,2020-03-01,0.7440479635740532,0.856265085815179,198,198,depth >= 30 m
CBNMS,2020-04-01,0.6697024806420594,0.7442231005189394,198,198,depth >= 30 m
CBNMS,2020-05-01,0.510394912228073,0.5572294714775953,198,198,depth >= 30 m
CBNMS,2020-06-01,1.1574637090264024,1.184245985565764,198,198,depth >= 30 m
CBNMS,2020-07-01,0.9191030772977488,1.001789379300493,198,198,depth >= 30 m
CBNMS,2020-08-01,1.157873169133629,1.340248089848143,198,198,depth >= 30 m
CBNMS,2020-09-01,1.326033812189947,1.5297120604852232,198,198,depth >= 30 m
CBNMS,2020-10-01,1.704443504298124,2.093721268453984,198,198,depth >= 30 m
CBNMS,2020-11-01,1.2254359290285617,1.2925695698670674,198,198,depth >= 30 m
CBNMS,2020-12-01,0.8561639812965499,0.9268223086390832,198,198,depth >= 30 m
CBNMS,2021-01-01,0.7527757577131101,0.7988064403485771,198,198,depth >= 30 m
CBNMS,2021-02-01,0.7454593840067565,0.7754155355270462,198,198,depth >= 30 m
CBNMS,2021-03-01,1.0018345467570933,1.1274530616673553,198,198,depth >= 30 m
CBNMS,2021-04-01,1.3810736177334058,1.6015380593863404,198,198,depth >= 30 m
CBNMS,2021-05-01,1.0808652084522197,1.1369968059689106,198,198,depth >= 30 m
CBNMS,2021-06-01,2.1992460729174756,2.2887293124439743,198,198,depth >= 30 m
CBNMS,2021-07-01,1.187689153853796,1.6924970034095974,198,198,depth >= 30 m
CBNMS,2021-08-01,1.604681644984508,1.7972389528847712,198,198,depth >= 30 m
CBNMS,2021-09-01,2.539503238387818,2.661672779405959,198,198,depth >= 30 m
CBNMS,2021-10-01,2.190694293052106,2.2661936126574123,198,198,depth >= 30 m
CBNMS,2021-11-01,1.1639101122817463,1.461004579308057,198,198,depth >= 30 m
CBNMS,2021-12-01,0.8343539768394955,0.8813967764979661,198,198,depth >= 30 m
CBNMS,2022-01-01,0.8365349439222975,0.8929475386335393,198,198,depth >= 30 m
CBNMS,2022-02-01,1.219581248576122,1.2800645644616595,198,198,depth >= 30 m
CBNMS,2022-03-01,0.7333166939123305,0.870299432163287,198,198,depth >= 30 m
CBNMS,2022-04-01,0.5981321915671185,0.6684911207418249,198,198,depth >= 30 m
CBNMS,2022-05-01,0.7594228263407319,0.7877216582948512,198,198,depth >= 30 m
CBNMS,2022-06-01,1.1975809390630787,1.2676297564699193,198,198,depth >= 30 m
CBNMS,2022-07-01,0.7311618736717392,0.9070231729384626,198,198,depth >= 30 m
CBNMS,2022-08-01,0.7797822435296169,1.036744315214831,198,198,depth >= 30 m
CBNMS,2022-09-01,0.8191200099100806,0.9252982366867736,198,198,depth >= 30 m
CBNMS,2022-10-01,0.6994244309697489,0.7971647365225688,198,198,depth >= 30 m
CBNMS,2022-11-01,0.45947147061405447,0.4828978322371087,198,198,depth >= 30 m
CBNMS,2022-12-01,1.1739355294488107,1.3638841166640772,198,198,depth >= 30 m
CBNMS,2023-01-01,1.0424568896586,1.0870917370223037,198,198,depth >= 30 m
CBNMS,2023-02-01,1.1175876618156153,1.158063993610517,198,198,depth >= 30 m
CBNMS,2023-03-01,1.301328590670326,1.49293872277544,198,198,depth >= 30 m
CBNMS,2023-04-01,0.6408819361216878,0.6519605990010079,198,198,depth >= 30 m
CBNMS,2023-05-01,0.8046388933946046,1.0644886699890843,198,198,depth >= 30 m
CBNMS,2023-06-01,1.4953388670884329,1.7037222761698438,198,198,depth >= 30 m
CBNMS,2023-07-01,0.7765928746773949,0.9274753094321546,198,198,depth >= 30 m
CBNMS,2023-08-01,0.8455762990720596,0.9818602707048862,198,198,depth >= 30 m
CBNMS,2023-09-01,0.9049727489437568,1.1039698549894374,198,198,depth >= 30 m
CBNMS,2023-10-01,1.2593933100320156,1.4121765358881515,198,198,depth >= 30 m
CBNMS,2023-11-01,1.0258323688425866,1.137147729143952,198,198,depth >= 30 m
CBNMS,2023-12-01,0.8114204498833771,0.8554932800206271,198,198,depth >= 30 m
CBNMS,2024-01-01,0.7233778095728618,0.7395553209564905,198,198,depth >= 30 m
CBNMS,2024-02-01,0.8418852044939615,0.9029535061181194,198,198,depth >= 30 m
CBNMS,2024-03-01,0.9233321850699006,1.0574250687854465,198,198,depth >= 30 m
CBNMS,2024-04-01,1.7519201799470894,1.9288698865307707,198,198,depth >= 30 m
CBNMS,2024-05-01,1.7972753326665012,1.8901479569348416,198,198,depth >= 30 m
CBNMS,2024-06-01,2.7082849086772085,2.9802057779196542,198,198,depth >= 30 m
CBNMS,2024-07-01,1.3447672837080809,1.6904702276894543,198,198,depth >= 30 m
CBNMS,2024-08-01,1.1125659241074852,1.1800560469579215,198,198,depth >= 30 m
CBNMS,2024-09-01,0.7864200692313099,1.0428786079088843,198,198,depth >= 30 m
CBNMS,2024-10-01,1.2665830500567696,1.8910723712408184,198,198,depth >= 30 m
CBNMS,2024-11-01,0.9603234529911576,1.1731907051018982,198,198,depth >= 30 m
CBNMS,2024-12-01,1.9334678827960003,2.608073820068377,198,198,depth >= 30 m
CBNMS,2025-01-01,2.427720102536807,2.789126117723157,198,198,depth >= 30 m
CBNMS,2025-02-01,0.7277251445394625,0.8050363539445278,198,198,depth >= 30 m
CBNMS,2025-03-01,0.8442572995790715,0.9059014276723668,198,198,depth >= 30 m
CBNMS,2025-04-01,1.071582652977983,1.128800942139192,198,198,depth >= 30 m
CBNMS,2025-05-01,0.8590946685670565,0.9850281344519722,198,198,depth >= 30 m
CBNMS,2025-06-01,0.6172552571372262,0.6589475186786267,198,198,depth >= 30 m
CBNMS,2025-07-01,1.1661000221498776,1.7356173220005895,198,198,depth >= 30 m
CBNMS,2025-08-01,0.9029663216126586,1.0020136631498433,198,198,depth >= 30 m
CBNMS,2025-09-01,1.253126668981729,1.669877093247693,198,198,depth >= 30 m
CBNMS,2025-10-01,1.1640904122284312,1.649910375024333,198,198,depth >= 30 m
CBNMS,2025-11-01,1.501976670007333,2.19079262710581,198,198,depth >= 30 m
CBNMS,2025-12-01,0.8936886344860029,0.9620209300156796,198,198,depth >= 30 m
CBNMS,2026-01-01,1.1273001156683364,1.1995112007916575,198,198,depth >= 30 m
CBNMS,2026-02-01,0.8768688757418986,0.972333213596633,198,198,depth >= 30 m
CBNMS,2026-03-01,1.430022481466512,1.5294126615379795,198,198,depth >= 30 m
CBNMS,2026-04-01,0.7306782659984564,0.8066799580448808,198,198,depth >= 30 m
CBNMS,2026-05-01,1.2355938118886778,1.4365804418168882,198,198,depth >= 30 m
CBNMS,2026-06-01,1.1094300235902774,1.261741933949066,198,198,depth >= 30 m
MBNMS,1997-09-01,0.6424467637199933,0.7931642083867048,820,824,depth >= 30 m
MBNMS,1997-10-01,0.6219425874918305,0.6970453351094801,868,883,depth >= 30 m
MBNMS,1997-11-01,0.4173125448445581,0.4936198112149697,870,885,depth >= 30 m
MBNMS,1997-12-01,0.517835957067672,0.5803975678804372,871,889,depth >= 30 m
MBNMS,1998-01-01,0.4511431239966516,0.5716812062189995,872,892,depth >= 30 m
MBNMS,1998-02-01,0.8055756697091626,1.1158863383979765,872,891,depth >= 30 m
MBNMS,1998-03-01,0.7185607345063676,0.9138326955731604,868,884,depth >= 30 m
MBNMS,1998-04-01,0.9202107972627322,1.405899069587342,867,883,depth >= 30 m
MBNMS,1998-05-01,0.5810146450662806,0.8549632903357838,866,880,depth >= 30 m
MBNMS,1998-06-01,0.6012780730538695,0.8253601937469008,865,879,depth >= 30 m
MBNMS,1998-07-01,1.5430243360796638,2.4521030288605665,856,869,depth >= 30 m
MBNMS,1998-08-01,0.832095883097315,1.019351391237352,856,870,depth >= 30 m
MBNMS,1998-09-01,0.6588686649370125,0.8134399559581941,865,879,depth >= 30 m
MBNMS,1998-10-01,0.9908431847330942,1.2035403835544,868,883,depth >= 30 m
MBNMS,1998-11-01,0.8486809429154372,0.998168654580262,870,887,depth >= 30 m
MBNMS,1998-12-01,0.8525970770722939,0.98287438313792,871,889,depth >= 30 m
MBNMS,1999-01-01,0.8775605917777265,0.9608518994926042,869,890,depth >= 30 m
MBNMS,1999-02-01,0.8065507124820274,0.98242116047847,872,893,depth >= 30 m
MBNMS,1999-03-01,1.0414252277810574,1.446726655235156,870,888,depth >= 30 m
MBNMS,1999-04-01,0.9374496594070058,1.1791207862021416,870,886,depth >= 30 m
MBNMS,1999-05-01,1.2013859425240716,1.4546294392714874,865,879,depth >= 30 m
MBNMS,1999-06-01,1.147110476719628,1.7414641883982955,869,884,depth >= 30 m
MBNMS,1999-07-01,1.6788275844843508,2.302003905328992,868,883,depth >= 30 m
MBNMS,1999-08-01,1.496556325582452,2.334655284442338,868,882,depth >= 30 m
MBNMS,1999-09-01,0.8767337848209951,1.1892789197132934,856,868,depth >= 30 m
MBNMS,1999-10-01,0.9173662606749532,1.350313321412625,869,885,depth >= 30 m
MBNMS,1999-11-01,0.559744408458945,0.6616150978594858,869,885,depth >= 30 m
MBNMS,1999-12-01,1.038119415107816,1.2202147508823291,870,887,depth >= 30 m
MBNMS,2000-01-01,0.5120538132020047,0.6350019334156888,865,881,depth >= 30 m
MBNMS,2000-02-01,0.7235515745353993,0.8439566673532046,869,885,depth >= 30 m
MBNMS,2000-03-01,1.5016779978813757,1.926651050814912,869,888,depth >= 30 m
MBNMS,2000-04-01,1.126922932588945,1.620869515775558,867,884,depth >= 30 m
MBNMS,2000-05-01,1.1751825081425178,2.0698790695014893,866,881,depth >= 30 m
MBNMS,2000-06-01,2.115931024023755,3.1213123034728207,867,882,depth >= 30 m
MBNMS,2000-07-01,0.784557235004735,1.1246479920798282,868,883,depth >= 30 m
MBNMS,2000-08-01,1.3457346962177443,2.207135773815503,868,883,depth >= 30 m
MBNMS,2000-09-01,0.736281213850216,0.956168412419702,868,883,depth >= 30 m
MBNMS,2000-10-01,0.9161517428191084,1.082311221623072,868,883,depth >= 30 m
MBNMS,2000-11-01,0.891387575942518,1.0293077934566892,871,888,depth >= 30 m
MBNMS,2000-12-01,0.6892111624861049,0.7637313469286828,870,887,depth >= 30 m
MBNMS,2001-01-01,0.6759130073934809,0.7529939024838622,873,892,depth >= 30 m
MBNMS,2001-02-01,0.7834151693139569,0.8978318943822508,872,893,depth >= 30 m
MBNMS,2001-03-01,0.8709543532105263,1.0466490592744644,870,889,depth >= 30 m
MBNMS,2001-04-01,1.5108589827704726,2.1285527661781503,866,880,depth >= 30 m
MBNMS,2001-05-01,1.6383490003862344,2.468181108226854,868,883,depth >= 30 m
MBNMS,2001-06-01,1.500865744605792,2.111260019141401,867,882,depth >= 30 m
MBNMS,2001-07-01,1.1056405133454268,2.1607884981477232,864,877,depth >= 30 m
MBNMS,2001-08-01,2.2156970922214927,3.1149281717642685,868,883,depth >= 30 m
MBNMS,2001-09-01,1.408922296769464,1.9008832989909576,869,884,depth >= 30 m
MBNMS,2001-10-01,1.0353526211761417,1.636579070409586,867,880,depth >= 30 m
MBNMS,2001-11-01,0.7761979507587913,1.1173600797051029,870,887,depth >= 30 m
MBNMS,2001-12-01,0.7021817269571637,0.8330259053866446,798,808,depth >= 30 m
MBNMS,2002-01-01,0.7534728513897834,0.8794364913548864,873,895,depth >= 30 m
MBNMS,2002-02-01,0.9936809521774196,1.2708599366506277,873,893,depth >= 30 m
MBNMS,2002-03-01,0.9890715867602172,1.2401315390393988,871,890,depth >= 30 m
MBNMS,2002-04-01,1.14097222827385,1.520775611983259,867,890,depth >= 30 m
MBNMS,2002-05-01,1.294624342209579,2.220247752899721,877,920,depth >= 30 m
MBNMS,2002-06-01,0.9249155873940248,1.2829807787485783,877,920,depth >= 30 m
MBNMS,2002-07-01,1.1253841891305152,1.6585295336139412,874,913,depth >= 30 m
MBNMS,2002-08-01,1.049437585737436,1.299981822494585,877,920,depth >= 30 m
MBNMS,2002-09-01,1.3154490782191126,1.860450373654787,877,920,depth >= 30 m
MBNMS,2002-10-01,1.1195540112464155,1.6638172046807942,877,920,depth >= 30 m
MBNMS,2002-11-01,1.1541143134026934,1.324791306704764,877,919,depth >= 30 m
MBNMS,2002-12-01,0.6426717602462583,0.769389969013308,877,920,depth >= 30 m
MBNMS,2003-01-01,0.691516959482433,0.8143920821016261,877,920,depth >= 30 m
MBNMS,2003-02-01,0.9924014989548382,1.120146373303037,877,920,depth >= 30 m
MBNMS,2003-03-01,1.0406537506538076,1.3810235236002029,877,920,depth >= 30 m
MBNMS,2003-04-01,1.2773645411475232,1.6953113304694154,877,920,depth >= 30 m
MBNMS,2003-05-01,1.1756720703641306,1.5260313554302527,877,920,depth >= 30 m
MBNMS,2003-06-01,1.257347297329649,1.7602489737064928,877,920,depth >= 30 m
MBNMS,2003-07-01,1.3942524728032757,1.9932951530522665,877,920,depth >= 30 m
MBNMS,2003-08-01,0.8956672405311178,1.2550150399622733,877,920,depth >= 30 m
MBNMS,2003-09-01,0.8344637699699362,1.208537372104498,877,920,depth >= 30 m
MBNMS,2003-10-01,2.0230801163476975,2.2409247522768765,877,920,depth >= 30 m
MBNMS,2003-11-01,0.8775038155970358,1.0545499591723704,877,920,depth >= 30 m
MBNMS,2003-12-01,0.6664718726448018,0.740329255098882,877,920,depth >= 30 m
MBNMS,2004-01-01,0.7810402254569445,0.8961436984007771,877,920,depth >= 30 m
MBNMS,2004-02-01,1.1678970361006265,1.3444990160348649,877,920,depth >= 30 m
MBNMS,2004-03-01,1.4132616758577792,1.725952316853019,877,920,depth >= 30 m
MBNMS,2004-04-01,1.5466300083573865,2.016164013516653,877,920,depth >= 30 m
MBNMS,2004-05-01,1.3751518414054391,1.8373834912867697,877,920,depth >= 30 m
MBNMS,2004-06-01,1.2916892283236632,1.8346248980287576,877,920,depth >= 30 m
MBNMS,2004-07-01,1.2776934641506146,1.608439507808083,877,919,depth >= 30 m
MBNMS,2004-08-01,1.2301211140938768,1.7503962528770405,877,920,depth >= 30 m
MBNMS,2004-09-01,1.8511827233234488,2.254393043304264,877,920,depth >= 30 m
MBNMS,2004-10-01,1.4876103942789427,1.8465988789563583,877,920,depth >= 30 m
MBNMS,2004-11-01,1.214440001508022,1.5788105595371074,877,920,depth >= 30 m
MBNMS,2004-12-01,0.8844667565189828,1.00477408248445,877,920,depth >= 30 m
MBNMS,2005-01-01,0.8080185301876998,0.9594751116050328,877,920,depth >= 30 m
MBNMS,2005-02-01,0.8131376002797267,0.9347880805964056,877,920,depth >= 30 m
MBNMS,2005-03-01,0.7345565632918354,0.9355031733603568,877,920,depth >= 30 m
MBNMS,2005-04-01,1.8368330934062929,2.269010326881776,877,920,depth >= 30 m
MBNMS,2005-05-01,0.9353022644102956,1.2304467888629986,877,920,depth >= 30 m
MBNMS,2005-06-01,2.529642811354049,3.1147796869277817,877,920,depth >= 30 m
MBNMS,2005-07-01,1.217692389324441,1.5413024355459743,877,919,depth >= 30 m
MBNMS,2005-08-01,1.0191214831418114,1.5727811277758692,876,916,depth >= 30 m
MBNMS,2005-09-01,1.4395365758310907,2.271389838583442,877,920,depth >= 30 m
MBNMS,2005-10-01,2.157538234953381,2.99377644975547,877,920,depth >= 30 m
MBNMS,2005-11-01,2.6283070970194387,3.359802972428185,877,920,depth >= 30 m
MBNMS,2005-12-01,1.1980341790459492,1.6180601923362097,877,920,depth >= 30 m
MBNMS,2006-01-01,1.331003404846646,1.6454803752510374,877,920,depth >= 30 m
MBNMS,2006-02-01,1.294351964403263,1.5448905372749266,877,920,depth >= 30 m
MBNMS,2006-03-01,1.0796990252502907,1.2494516016348511,877,920,depth >= 30 m
MBNMS,2006-04-01,0.9815223695328272,1.220624708481452,877,920,depth >= 30 m
MBNMS,2006-05-01,1.5442172416156998,2.1092241766983983,877,920,depth >= 30 m
MBNMS,2006-06-01,2.3987141011028035,3.0310225136902194,877,920,depth >= 30 m
MBNMS,2006-07-01,1.81418729926828,2.102776206900254,877,920,depth >= 30 m
MBNMS,2006-08-01,1.7289055421366557,2.0215778922581196,877,920,depth >= 30 m
MBNMS,2006-09-01,1.784219086498187,2.273441684699593,877,920,depth >= 30 m
MBNMS,2006-10-01,1.0648663741552766,1.6098888546876189,877,920,depth >= 30 m
MBNMS,2006-11-01,1.0773356542031596,1.5747735876428002,877,920,depth >= 30 m
MBNMS,2006-12-01,0.9844587133235838,1.1860087777285486,877,920,depth >= 30 m
MBNMS,2007-01-01,0.6428579341289645,0.7096451031334045,872,893,depth >= 30 m
MBNMS,2007-02-01,0.8376388967008889,0.9212547260134112,877,920,depth >= 30 m
MBNMS,2007-03-01,1.5490543430304644,1.8061628196550437,877,920,depth >= 30 m
MBNMS,2007-04-01,0.8817918107721351,1.1287304735378023,877,920,depth >= 30 m
MBNMS,2007-05-01,1.1833553182662233,1.6741971778804778,877,920,depth >= 30 m
MBNMS,2007-06-01,1.698366618139203,1.9777630254626244,877,920,depth >= 30 m
MBNMS,2007-07-01,1.4108642984912758,1.8926786993184823,877,920,depth >= 30 m
MBNMS,2007-08-01,1.4422396427523174,2.029855706153993,877,920,depth >= 30 m
MBNMS,2007-09-01,1.309951230056797,1.852193246328298,877,920,depth >= 30 m
MBNMS,2007-10-01,1.2977936721930785,2.0594774916120127,877,920,depth >= 30 m
MBNMS,2007-11-01,0.9850049395713616,1.437654748202665,877,920,depth >= 30 m
MBNMS,2007-12-01,0.8243020226964772,1.0996558215307133,877,920,depth >= 30 m
MBNMS,2008-01-01,0.7833282048952609,0.8637869008209385,877,920,depth >= 30 m
MBNMS,2008-02-01,0.9235697173041522,1.047593565026051,877,920,depth >= 30 m
MBNMS,2008-03-01,1.1184603050421142,1.349633916499826,877,920,depth >= 30 m
MBNMS,2008-04-01,1.2582423079878786,1.793596825392356,877,920,depth >= 30 m
MBNMS,2008-05-01,1.0872887126155228,1.55581931565766,877,920,depth >= 30 m
MBNMS,2008-06-01,1.0989052332450706,1.4524163515995374,877,920,depth >= 30 m
MBNMS,2008-07-01,1.5553502936662096,1.8536284799020033,876,918,depth >= 30 m
MBNMS,2008-08-01,1.283121896604356,1.6383164552566774,877,920,depth >= 30 m
MBNMS,2008-09-01,1.131095104289518,1.4866825934661432,877,920,depth >= 30 m
MBNMS,2008-10-01,1.2232570348604184,1.5332461237259516,877,920,depth >= 30 m
MBNMS,2008-11-01,0.7482994489369655,0.8686928594565929,877,920,depth >= 30 m
MBNMS,2008-12-01,0.6977985797393337,0.7868320801659764,877,920,depth >= 30 m
MBNMS,2009-01-01,0.821442939394646,0.918839320248886,877,920,depth >= 30 m
MBNMS,2009-02-01,0.887120164238284,0.9795050369656588,877,920,depth >= 30 m
MBNMS,2009-03-01,0.9216485567112884,1.0861909164682673,877,920,depth >= 30 m
MBNMS,2009-04-01,0.8655549993624221,1.2563142074514917,877,920,depth >= 30 m
MBNMS,2009-05-01,1.094000392410496,1.4608438882490855,877,920,depth >= 30 m
MBNMS,2009-06-01,0.902928626234644,1.2229742905691865,877,920,depth >= 30 m
MBNMS,2009-07-01,0.8367851047535864,1.0410574376259203,877,920,depth >= 30 m
MBNMS,2009-08-01,1.028868534847716,1.44807532371387,877,920,depth >= 30 m
MBNMS,2009-09-01,1.2464487462329088,1.8826085301845072,877,920,depth >= 30 m
MBNMS,2009-10-01,1.649229370738867,2.280669239292974,877,920,depth >= 30 m
MBNMS,2009-11-01,1.1881247406487807,1.446048378685245,877,920,depth >= 30 m
MBNMS,2009-12-01,1.0141768691755015,1.1110900264071386,877,920,depth >= 30 m
MBNMS,2010-01-01,0.9441499921017787,1.0432223122404969,877,920,depth >= 30 m
MBNMS,2010-02-01,0.8053351927992014,0.9551316451767226,877,920,depth >= 30 m
MBNMS,2010-03-01,0.8996435644827092,1.0774565756968808,877,920,depth >= 30 m
MBNMS,2010-04-01,1.1427146217749349,1.4084811325954392,877,920,depth >= 30 m
MBNMS,2010-05-01,1.0540300117253136,1.437683698405387,877,920,depth >= 30 m
MBNMS,2010-06-01,1.2432827317655353,1.6927334847981452,877,920,depth >= 30 m
MBNMS,2010-07-01,0.8766193886858398,1.181642627663831,874,913,depth >= 30 m
MBNMS,2010-08-01,1.343966283127718,2.0718360306452146,877,920,depth >= 30 m
MBNMS,2010-09-01,1.4872447731553509,1.9681865587182636,877,920,depth >= 30 m
MBNMS,2010-10-01,1.5716380609757918,2.0008029549666033,877,920,depth >= 30 m
MBNMS,2010-11-01,2.1035265117595454,2.3682288265746565,877,920,depth >= 30 m
MBNMS,2010-12-01,1.1596306672699617,1.289518870948965,875,918,depth >= 30 m
MBNMS,2011-01-01,1.1871312366806217,1.2729927809342123,877,920,depth >= 30 m
MBNMS,2011-02-01,1.1013011400587094,1.309427830447316,877,920,depth >= 30 m
MBNMS,2011-03-01,0.7708057317593022,0.9349096849236784,877,920,depth >= 30 m
MBNMS,2011-04-01,1.5667257565877253,1.9686178863696324,877,920,depth >= 30 m
MBNMS,2011-05-01,1.0949681415150403,1.50148752571448,877,920,depth >= 30 m
MBNMS,2011-06-01,0.9953675835613548,1.296963147333128,877,920,depth >= 30 m
MBNMS,2011-07-01,1.7034605011726671,2.1857647169543317,877,920,depth >= 30 m
MBNMS,2011-08-01,1.2427361164457431,1.522254599612597,874,899,depth >= 30 m
MBNMS,2011-09-01,1.272833472219054,1.7219407112216127,877,920,depth >= 30 m
MBNMS,2011-10-01,1.7478985886775893,2.160498916714101,877,920,depth >= 30 m
MBNMS,2011-11-01,1.4134134709445667,1.7312018674352905,877,920,depth >= 30 m
MBNMS,2011-12-01,1.1704201284518223,1.28020514949508,877,920,depth >= 30 m
MBNMS,2012-01-01,0.91253025810862,1.0305046776714497,877,920,depth >= 30 m
MBNMS,2012-02-01,0.8604192964656465,1.0597998075187254,877,920,depth >= 30 m
MBNMS,2012-03-01,0.7620499383555447,1.0506548347680524,877,920,depth >= 30 m
MBNMS,2012-04-01,0.8424524837438441,1.3002587223182662,877,920,depth >= 30 m
MBNMS,2012-05-01,0.7519741110470035,1.186047582404081,869,885,depth >= 30 m
MBNMS,2012-06-01,1.1757438989614826,1.5465680156281536,869,886,depth >= 30 m
MBNMS,2012-07-01,1.552525321307432,1.9690004330523667,868,886,depth >= 30 m
MBNMS,2012-08-01,1.2157158824046703,1.5851677757084497,869,886,depth >= 30 m
MBNMS,2012-09-01,1.1689435387990068,1.475844513872702,869,887,depth >= 30 m
MBNMS,2012-10-01,1.014773675314967,1.333429676838631,869,887,depth >= 30 m
MBNMS,2012-11-01,0.998476334848946,1.450592029188766,869,887,depth >= 30 m
MBNMS,2012-12-01,0.8085378568153858,0.8948888037328512,869,886,depth >= 30 m
MBNMS,2013-01-01,1.1778500212060088,1.4144513318756622,869,886,depth >= 30 m
MBNMS,2013-02-01,0.9981883965387276,1.304231327119587,869,886,depth >= 30 m
MBNMS,2013-03-01,1.7018959090966326,2.3555282348972972,869,886,depth >= 30 m
MBNMS,2013-04-01,1.0500756823691593,1.319202501146202,869,887,depth >= 30 m
MBNMS,2013-05-01,1.826814143688443,2.594505600925226,869,887,depth >= 30 m
MBNMS,2013-06-01,1.7563860592291023,2.5578949748125677,869,887,depth >= 30 m
MBNMS,2013-07-01,1.0081343959440647,1.4900874909887365,632,648,depth >= 30 m
MBNMS,2013-08-01,1.2325973250043236,1.7198032387012545,869,887,depth >= 30 m
MBNMS,2013-09-01,2.566872342203719,3.1124763691263784,869,886,depth >= 30 m
MBNMS,2013-10-01,2.2359403820401615,2.778237126591233,869,887,depth >= 30 m
MBNMS,2013-11-01,1.4589359690203831,1.6843263143347995,869,887,depth >= 30 m
MBNMS,2013-12-01,1.0389378100933049,1.0748226636560831,869,887,depth >= 30 m
MBNMS,2014-01-01,1.0045862978620357,1.0716232471294025,869,887,depth >= 30 m
MBNMS,2014-02-01,0.9487719409054888,1.070152956462605,869,886,depth >= 30 m
MBNMS,2014-03-01,1.3731604168867495,1.5646867368614243,869,886,depth >= 30 m
MBNMS,2014-04-01,1.246198732799297,1.7148076212096677,869,886,depth >= 30 m
MBNMS,2014-05-01,1.3524091887001266,2.1085836882655697,869,887,depth >= 30 m
MBNMS,2014-06-01,1.382534194037588,1.8236430530281964,869,887,depth >= 30 m
MBNMS,2014-07-01,0.9143312030255176,1.1364943656910669,868,886,depth >= 30 m
MBNMS,2014-08-01,0.5712221909587438,0.7004750848085272,869,887,depth >= 30 m
MBNMS,2014-09-01,0.5206873932220929,0.706476867081346,869,887,depth >= 30 m
MBNMS,2014-10-01,0.6208326225576054,0.7957101453003156,869,886,depth >= 30 m
MBNMS,2014-11-01,0.7109691689481235,0.8392870877585598,869,886,depth >= 30 m
MBNMS,2014-12-01,0.7513050296476083,0.8153590856637164,869,886,depth >= 30 m
MBNMS,2015-01-01,0.7968061664294855,0.8740189600878878,869,886,depth >= 30 m
MBNMS,2015-02-01,0.6898715833015536,0.7661078610787566,869,886,depth >= 30 m
MBNMS,2015-03-01,0.979771448805079,1.278560814956939,869,887,depth >= 30 m
MBNMS,2015-04-01,1.312437022583243,1.9670569309387336,869,887,depth >= 30 m
MBNMS,2015-05-01,0.7510513122940026,1.0223974045050397,869,885,depth >= 30 m
MBNMS,2015-06-01,1.0569372975986626,1.4158390987647576,868,884,depth >= 30 m
MBNMS,2015-07-01,0.6689751837050314,0.7863041391804074,869,887,depth >= 30 m
MBNMS,2015-08-01,0.43772981578325537,0.5588597303850686,869,887,depth >= 30 m
MBNMS,2015-09-01,0.6667765200377432,0.9439328808123248,869,887,depth >= 30 m
MBNMS,2015-10-01,0.5274172898428496,0.67710671203448,869,887,depth >= 30 m
MBNMS,2015-11-01,1.1657923170122757,1.2999249460866498,869,887,depth >= 30 m
MBNMS,2015-12-01,0.7166983757791882,0.7664750571852996,869,887,depth >= 30 m
MBNMS,2016-01-01,0.6226724228850171,0.6868047247025217,864,879,depth >= 30 m
MBNMS,2016-02-01,0.7086152388842176,0.8040451407096187,869,886,depth >= 30 m
MBNMS,2016-03-01,0.9960052588008688,1.211571338517134,869,886,depth >= 30 m
MBNMS,2016-04-01,0.951379678222691,1.2818026839510912,869,887,depth >= 30 m
MBNMS,2016-05-01,0.6461411600498191,0.8667094638365095,869,886,depth >= 30 m
MBNMS,2016-06-01,1.303183935350498,1.697898753012584,869,887,depth >= 30 m
MBNMS,2016-07-01,1.126008741869641,1.389478435208593,869,887,depth >= 30 m
MBNMS,2016-08-01,0.7883403914418309,1.00427308161202,869,887,depth >= 30 m
MBNMS,2016-09-01,1.273246969937948,1.617348498831738,869,887,depth >= 30 m
MBNMS,2016-10-01,1.915050123775875,2.323715562414553,869,887,depth >= 30 m
MBNMS,2016-11-01,1.4090133296376262,1.73056229263578,869,887,depth >= 30 m
MBNMS,2016-12-01,1.2445483246086115,1.3801042299125486,869,887,depth >= 30 m
MBNMS,2017-01-01,1.0417050509448935,1.1993976604306804,869,887,depth >= 30 m
MBNMS,2017-02-01,0.7964529200462822,0.9862290398378388,869,887,depth >= 30 m
MBNMS,2017-03-01,1.1136375809508543,1.3152498245037576,869,887,depth >= 30 m
MBNMS,2017-04-01,0.9219632130414324,1.201890116345378,869,887,depth >= 30 m
MBNMS,2017-05-01,1.1766624353961437,1.765479891585125,869,887,depth >= 30 m
MBNMS,2017-06-01,1.0040158632423504,1.420678970678011,869,887,depth >= 30 m
MBNMS,2017-07-01,1.2438758440905542,1.847759173445941,869,887,depth >= 30 m
MBNMS,2017-08-01,0.8162887336764401,1.2037725597983044,803,821,depth >= 30 m
MBNMS,2017-09-01,1.1264840848057285,1.429512423586012,869,887,depth >= 30 m
MBNMS,2017-10-01,1.58018359282306,2.147027481586713,869,887,depth >= 30 m
MBNMS,2017-11-01,1.5319015584454752,1.8563842634337608,869,887,depth >= 30 m
MBNMS,2017-12-01,0.9783781700166156,1.1222684645464625,869,887,depth >= 30 m
MBNMS,2018-01-01,0.9449895440373476,1.122532511745258,869,887,depth >= 30 m
MBNMS,2018-02-01,0.9404719170261712,1.1149865517890498,869,887,depth >= 30 m
MBNMS,2018-03-01,0.9144751793578196,1.040976262079149,869,887,depth >= 30 m
MBNMS,2018-04-01,1.214100552294282,1.4863312436601548,869,887,depth >= 30 m
MBNMS,2018-05-01,1.5115983220813312,1.8940700677295852,869,887,depth >= 30 m
MBNMS,2018-06-01,1.5750839145547728,2.0325887554326125,869,887,depth >= 30 m
MBNMS,2018-07-01,0.9392977968607478,1.3362865108143975,869,887,depth >= 30 m
MBNMS,2018-08-01,1.7263462144363204,1.9437327082221647,869,887,depth >= 30 m
MBNMS,2018-09-01,2.3077907725152316,2.4935779997232626,869,887,depth >= 30 m
MBNMS,2018-10-01,1.429069999596881,1.62526996724366,869,887,depth >= 30 m
MBNMS,2018-11-01,1.5622397369387728,1.7098312472006878,869,887,depth >= 30 m
MBNMS,2018-12-01,0.7991789612691507,0.8467440304116453,869,887,depth >= 30 m
MBNMS,2019-01-01,0.7891956185329472,0.8452320753385695,869,887,depth >= 30 m
MBNMS,2019-02-01,0.7047263380863782,0.8080807827169529,869,887,depth >= 30 m
MBNMS,2019-03-01,1.010986764983347,1.1277443646309455,869,887,depth >= 30 m
MBNMS,2019-04-01,1.1720270081245092,1.510248614909823,869,887,depth >= 30 m
MBNMS,2019-05-01,0.6723144617988558,0.983100339073142,869,887,depth >= 30 m
MBNMS,2019-06-01,1.1176236344754873,1.537347032679098,869,887,depth >= 30 m
MBNMS,2019-07-01,1.4215951135813396,1.9456248700517884,869,887,depth >= 30 m
MBNMS,2019-08-01,1.6573573270050483,2.0384179105585236,869,887,depth >= 30 m
MBNMS,2019-09-01,2.285881010617715,2.7069680774090865,869,887,depth >= 30 m
MBNMS,2019-10-01,2.4620646164643727,2.761350245392445,869,887,depth >= 30 m
MBNMS,2019-11-01,1.751628171476112,2.0739938938295204,869,887,depth >= 30 m
MBNMS,2019-12-01,0.7430548424559631,0.7938167032824553,869,887,depth >= 30 m
MBNMS,2020-01-01,0.8491081779995031,0.911905746986793,869,887,depth >= 30 m
MBNMS,2020-02-01,0.8315626082312239,0.9385899116517196,869,887,depth >= 30 m
MBNMS,2020-03-01,0.9437320038646608,1.0471030910832204,869,887,depth >= 30 m
MBNMS,2020-04-01,0.8336377556151919,1.102156673437304,869,887,depth >= 30 m
MBNMS,2020-05-01,1.1816470135875825,1.498201222571613,869,887,depth >= 30 m
MBNMS,2020-06-01,1.2935059604022707,1.809651765069395,869,887,depth >= 30 m
MBNMS,2020-07-01,1.4407700028786574,1.9337709742643308,869,887,depth >= 30 m
MBNMS,2020-08-01,2.2348456392088285,2.568617930440517,869,887,depth >= 30 m
MBNMS,2020-09-01,1.9751439996059412,2.3389043897692785,869,887,depth >= 30 m
MBNMS,2020-10-01,2.3212034013261524,2.767088186680404,869,887,depth >= 30 m
MBNMS,2020-11-01,2.0562413531676738,2.309959263919849,869,887,depth >= 30 m
MBNMS,2020-12-01,1.7607908096028684,1.9378460895652323,869,887,depth >= 30 m
MBNMS,2021-01-01,0.8976903712219826,0.9534471167383766,869,887,depth >= 30 m
MBNMS,2021-02-01,1.3927934044028658,1.519220429383375,869,887,depth >= 30 m
MBNMS,2021-03-01,1.6262119418135548,1.8904204230163395,869,887,depth >= 30 m
MBNMS,2021-04-01,1.478839007359823,2.1238050489374496,869,887,depth >= 30 m
MBNMS,2021-05-01,1.0603802573444885,1.3788041136444869,869,887,depth >= 30 m
MBNMS,2021-06-01,1.8325689545594432,2.1990453918730086,869,887,depth >= 30 m
MBNMS,2021-07-01,1.3322251170677228,1.9192846545272189,686,704,depth >= 30 m
MBNMS,2021-08-01,1.3472778050588343,1.7724607239110952,869,887,depth >= 30 m
MBNMS,2021-09-01,1.3050022916507211,1.7274154808032156,869,887,depth >= 30 m
MBNMS,2021-10-01,1.3364194321756082,1.6415744399675,869,887,depth >= 30 m
MBNMS,2021-11-01,1.0940801371141706,1.4190469941936936,869,887,depth >= 30 m
MBNMS,2021-12-01,0.8455850789194784,0.9067247039570188,869,887,depth >= 30 m
MBNMS,2022-01-01,0.8267920312899101,0.8892121870058088,869,887,depth >= 30 m
MBNMS,2022-02-01,0.8999954739149094,1.0119702981988654,869,887,depth >= 30 m
MBNMS,2022-03-01,0.9264716783614864,1.2050397134015378,869,887,depth >= 30 m
MBNMS,2022-04-01,1.3290273073949164,1.7780628550079618,869,887,depth >= 30 m
MBNMS,2022-05-01,1.019934296755291,1.3904041260850384,869,887,depth >= 30 m
MBNMS,2022-06-01,1.5015551566277054,1.952907550966597,869,887,depth >= 30 m
MBNMS,2022-07-01,1.2202335047439987,1.9007586489974315,797,815,depth >= 30 m
MBNMS,2022-08-01,1.4445487487388828,1.9440374881398623,869,887,depth >= 30 m
MBNMS,2022-09-01,1.0944618136000728,1.4352504336847378,869,887,depth >= 30 m
MBNMS,2022-10-01,0.8756867486163367,1.1197679195355623,869,887,depth >= 30 m
MBNMS,2022-11-01,0.8461972394362876,0.9973140201009468,869,887,depth >= 30 m
MBNMS,2022-12-01,0.9169712699158336,0.985524581948962,869,887,depth >= 30 m
MBNMS,2023-01-01,0.9638866270082465,1.1200283527239878,869,887,depth >= 30 m
MBNMS,2023-02-01,0.9391695049133476,1.0552410781383514,869,887,depth >= 30 m
MBNMS,2023-03-01,0.8464032332301394,1.034095947173967,869,887,depth >= 30 m
MBNMS,2023-04-01,1.6920599366050189,2.0494390939779144,869,887,depth >= 30 m
MBNMS,2023-05-01,0.8883292758223906,1.128016806977502,859,877,depth >= 30 m
MBNMS,2023-06-01,0.8751238508466009,1.2710627032341022,869,887,depth >= 30 m
MBNMS,2023-07-01,1.5586904108746416,2.337539368529823,868,886,depth >= 30 m
MBNMS,2023-08-01,0.9903591652510584,1.279857080484391,869,887,depth >= 30 m
MBNMS,2023-09-01,1.0142383742093737,1.2066070623569825,869,887,depth >= 30 m
MBNMS,2023-10-01,1.1036663726130898,1.3382132568112106,869,887,depth >= 30 m
MBNMS,2023-11-01,1.0062500648815762,1.1857472695788225,869,887,depth >= 30 m
MBNMS,2023-12-01,0.7848731300145778,0.8762253639461505,869,887,depth >= 30 m
MBNMS,2024-01-01,0.6665281484376832,0.7401856435998331,869,887,depth >= 30 m
MBNMS,2024-02-01,0.672017608335243,0.797114551974524,869,887,depth >= 30 m
MBNMS,2024-03-01,0.8664792375092214,1.1582506944119857,869,887,depth >= 30 m
MBNMS,2024-04-01,0.914482653666868,1.1230978095544952,869,887,depth >= 30 m
MBNMS,2024-05-01,1.5585793281810292,2.058338310598933,869,887,depth >= 30 m
MBNMS,2024-06-01,1.885416977276201,2.454440503875726,869,887,depth >= 30 m
MBNMS,2024-07-01,1.4088748906785376,1.8510359852262843,869,887,depth >= 30 m
MBNMS,2024-08-01,2.3755366496000483,2.800905286996991,869,887,depth >= 30 m
MBNMS,2024-09-01,1.4035006672529982,1.7430078225313168,869,887,depth >= 30 m
MBNMS,2024-10-01,2.270829781034978,2.587133401074567,869,887,depth >= 30 m
MBNMS,2024-11-01,2.926513117540539,3.650094232403323,869,887,depth >= 30 m
MBNMS,2024-12-01,1.253249826884386,1.7429387798572618,869,887,depth >= 30 m
MBNMS,2025-01-01,0.9477726361958696,1.0947438444870836,869,887,depth >= 30 m
MBNMS,2025-02-01,0.7667467261887586,0.8594726235380064,869,887,depth >= 30 m
MBNMS,2025-03-01,0.9589344511326824,1.196309029249627,869,887,depth >= 30 m
MBNMS,2025-04-01,0.7982215517467518,1.0169577364890612,869,887,depth >= 30 m
MBNMS,2025-05-01,1.0312659680059877,1.417175245997338,869,887,depth >= 30 m
MBNMS,2025-06-01,0.9060474097941617,1.177781891359142,869,887,depth >= 30 m
MBNMS,2025-07-01,1.4424853040717027,1.8328892882102876,869,887,depth >= 30 m
MBNMS,2025-08-01,1.403030636045426,1.9135775797766177,869,887,depth >= 30 m
MBNMS,2025-09-01,0.9114610897925371,1.2793425759878034,869,887,depth >= 30 m
MBNMS,2025-10-01,1.0929427861283985,1.3732282863730398,869,887,depth >= 30 m
MBNMS,2025-11-01,1.2226837029757267,1.4198667945292034,869,887,depth >= 30 m
MBNMS,2025-12-01,0.7560488196735813,0.810486130441593,869,887,depth >= 30 m
MBNMS,2026-01-01,0.720023490451725,0.7841282318920525,869,887,depth >= 30 m
MBNMS,2026-02-01,0.6969584876556056,0.7926650256960055,869,887,depth >= 30 m
MBNMS,2026-03-01,1.258304396595742,1.7590596399016978,869,887,depth >= 30 m
MBNMS,2026-04-01,0.6234503531997093,0.7132454699130035,869,887,depth >= 30 m
MBNMS,2026-05-01,1.1156584702985033,1.6234182720455894,869,887,depth >= 30 m
MBNMS,2026-06-01,0.8747411853953321,1.21184150983812,869,887,depth >= 30 m
CPNMS,1997-09-01,0.5041103103147951,0.523629145891364,1068,1072,depth >= 30 m
CPNMS,1997-10-01,0.4663702822792789,0.4870664606710056,1077,1092,depth >= 30 m
CPNMS,1997-11-01,0.3058161406319557,0.32936869027634225,1077,1091,depth >= 30 m
CPNMS,1997-12-01,0.3411971071835616,0.36450710108046575,1077,1092,depth >= 30 m
CPNMS,1998-01-01,0.2656318027255037,0.33717973079443797,1078,1094,depth >= 30 m
CPNMS,1998-02-01,0.4913174283078762,0.7807885591663926,1077,1092,depth >= 30 m
CPNMS,1998-03-01,0.36255027815425905,0.5686736663611719,1074,1088,depth >= 30 m
CPNMS,1998-04-01,0.6480920278709207,1.001259933343724,1076,1090,depth >= 30 m
CPNMS,1998-05-01,0.5347126261866192,0.6111961939536479,1075,1088,depth >= 30 m
CPNMS,1998-06-01,0.45218669027978126,0.6472312867310608,1068,1081,depth >= 30 m
CPNMS,1998-07-01,0.8750552750687162,1.0234084478536598,1074,1086,depth >= 30 m
CPNMS,1998-08-01,0.5708364744111141,0.6174947993070989,1071,1080,depth >= 30 m
CPNMS,1998-09-01,0.4838427993574292,0.5228536207829756,1075,1085,depth >= 30 m
CPNMS,1998-10-01,0.8740772725526713,0.9361154951162016,1077,1091,depth >= 30 m
CPNMS,1998-11-01,1.244307802329771,1.3055630762242711,1077,1091,depth >= 30 m
CPNMS,1998-12-01,0.7050913976499616,0.7258933443306349,1077,1091,depth >= 30 m
CPNMS,1999-01-01,0.699696221219142,0.7283607634042738,1080,1096,depth >= 30 m
CPNMS,1999-02-01,0.7118357270378143,0.7997055756914874,1078,1093,depth >= 30 m
CPNMS,1999-03-01,0.94709067523574475,1.0579326252324357,1077,1093,depth >= 30 m
CPNMS,1999-04-01,1.0135604878867357,1.1486141183691,1076,1091,depth >= 30 m
CPNMS,1999-05-01,1.2132074017242096,1.3051122425346204,1076,1090,depth >= 30 m
CPNMS,1999-06-01,1.2554326829215157,1.3880135897649548,1076,1090,depth >= 30 m
CPNMS,1999-07-01,1.084869324556379,1.1899748955024498,1076,1090,depth >= 30 m
CPNMS,1999-08-01,1.0072812377104894,1.212985862494609,1075,1089,depth >= 30 m
CPNMS,1999-09-01,0.7478410765115487,0.8023884746487491,1072,1080,depth >= 30 m
CPNMS,1999-10-01,0.6919661383811228,0.8155072596915265,1076,1090,depth >= 30 m
CPNMS,1999-11-01,0.6497067067012156,0.6949827337821763,1077,1092,depth >= 30 m
CPNMS,1999-12-01,0.6580569564377468,0.6830135512373816,1077,1092,depth >= 30 m
CPNMS,2000-01-01,0.5320120952102302,0.5603509358925262,1076,1092,depth >= 30 m
CPNMS,2000-02-01,0.5628619583535898,0.6731073270423693,1076,1090,depth >= 30 m
CPNMS,2000-03-01,1.0233704357607194,1.2285528562335295,1078,1092,depth >= 30 m
CPNMS,2000-04-01,0.7430388464089109,0.900814962785906,1078,1091,depth >= 30 m
CPNMS,2000-05-01,1.2589246309503517,1.547928225303837,1075,1088,depth >= 30 m
CPNMS,2000-06-01,0.8596106866689046,1.0403626179749823,1076,1090,depth >= 30 m
CPNMS,2000-07-01,0.7909358290492504,0.963214341783043,1077,1092,depth >= 30 m
CPNMS,2000-08-01,1.6142882210289824,1.9976454693499677,1077,1091,depth >= 30 m
CPNMS,2000-09-01,0.6312018258972992,0.7324005287721627,1077,1090,depth >= 30 m
CPNMS,2000-10-01,0.6888261001951729,0.7950191614034523,1077,1091,depth >= 30 m
CPNMS,2000-11-01,0.7510252688292743,0.8537643307070479,1077,1091,depth >= 30 m
CPNMS,2000-12-01,0.6536658993825482,0.6786419097044439,1078,1093,depth >= 30 m
CPNMS,2001-01-01,0.7064618373820615,0.7752006092880063,1078,1094,depth >= 30 m
CPNMS,2001-02-01,0.7367097471982056,0.8176940945398885,1078,1093,depth >= 30 m
CPNMS,2001-03-01,0.6908510518254437,0.8571642340865561,1077,1093,depth >= 30 m
CPNMS,2001-04-01,0.9722427131199806,1.1630938003187663,1078,1092,depth >= 30 m
CPNMS,2001-05-01,0.9414062771000364,1.196989313027491,1077,1091,depth >= 30 m
CPNMS,2001-06-01,1.308495959675262,1.8184183845544015,1077,1091,depth >= 30 m
CPNMS,2001-07-01,0.8413967160625773,1.1440063237962204,971,984,depth >= 30 m
CPNMS,2001-08-01,1.1685254088731163,1.4233199222944677,1075,1088,depth >= 30 m
CPNMS,2001-09-01,0.9950283162743851,1.1560241648090004,1076,1090,depth >= 30 m
CPNMS,2001-10-01,0.8226038651532804,0.908270126061699,1075,1090,depth >= 30 m
CPNMS,2001-11-01,0.6842270105633854,0.7371761155237846,1077,1090,depth >= 30 m
CPNMS,2001-12-01,0.6888982254385483,0.7437275124393103,1077,1092,depth >= 30 m
CPNMS,2002-01-01,0.5941695360699745,0.6593253615244964,1078,1093,depth >= 30 m
CPNMS,2002-02-01,0.8449035042752361,1.023469351116381,1079,1095,depth >= 30 m
CPNMS,2002-03-01,0.6351000429353418,0.7095767009563658,1078,1093,depth >= 30 m
CPNMS,2002-04-01,0.7225420595728187,0.8686965619674848,1076,1089,depth >= 30 m
CPNMS,2002-05-01,0.9859436640707598,1.4368128344874622,1080,1106,depth >= 30 m
CPNMS,2002-06-01,1.055035545487803,1.148440571471537,1080,1106,depth >= 30 m
CPNMS,2002-07-01,1.0671120069839355,1.2510830672158049,1080,1106,depth >= 30 m
CPNMS,2002-08-01,0.899117077227505,1.0439210014915026,1080,1105,depth >= 30 m
CPNMS,2002-09-01,0.8985874001388049,1.1460751731016436,1080,1100,depth >= 30 m
CPNMS,2002-10-01,0.9846820666188064,1.12127320956149,1080,1106,depth >= 30 m
CPNMS,2002-11-01,1.0436976297523617,1.1094074087175316,1080,1105,depth >= 30 m
CPNMS,2002-12-01,0.5351823005322096,0.5792415647028148,1080,1106,depth >= 30 m
CPNMS,2003-01-01,0.5688342165483182,0.6099631346048107,1080,1106,depth >= 30 m
CPNMS,2003-02-01,0.5896242318427204,0.6432545306885212,1080,1106,depth >= 30 m
CPNMS,2003-03-01,0.7634478866215304,0.8320324765838286,1080,1106,depth >= 30 m
CPNMS,2003-04-01,1.266873742310723,1.6746414787191606,1080,1106,depth >= 30 m
CPNMS,2003-05-01,0.7735632325052716,0.9178353317391806,1080,1106,depth >= 30 m
CPNMS,2003-06-01,1.0320887793259652,1.1438237338665374,1080,1106,depth >= 30 m
CPNMS,2003-07-01,1.2952405157697264,1.7029979905723194,1080,1106,depth >= 30 m
CPNMS,2003-08-01,0.91939860190848,1.1535088497653567,1080,1106,depth >= 30 m
CPNMS,2003-09-01,1.7551763088685168,2.0836384276746633,1080,1106,depth >= 30 m
CPNMS,2003-10-01,1.4776601168355086,1.5907062860121548,1080,1106,depth >= 30 m
CPNMS,2003-11-01,0.940477318175508,1.0507857656715995,1080,1106,depth >= 30 m
CPNMS,2003-12-01,0.7062060008717916,0.735338388256742,1080,1106,depth >= 30 m
CPNMS,2004-01-01,0.6242611624281428,0.6722541944836193,1080,1106,depth >= 30 m
CPNMS,2004-02-01,0.7269556697121559,0.8325808574773943,1080,1106,depth >= 30 m
CPNMS,2004-03-01,1.0386830215926373,1.1047967173846251,1080,1106,depth >= 30 m
CPNMS,2004-04-01,1.549543838584225,1.788490055240084,1080,1106,depth >= 30 m
CPNMS,2004-05-01,1.5203428159328365,1.6956845653154105,1080,1106,depth >= 30 m
CPNMS,2004-06-01,2.052692143675009,2.1978855805090967,1080,1106,depth >= 30 m
CPNMS,2004-07-01,1.347676236852738,1.6115291697137466,1080,1105,depth >= 30 m
CPNMS,2004-08-01,1.115545537702796,1.3700621848080472,1080,1106,depth >= 30 m
CPNMS,2004-09-01,1.568411944737251,1.7789626095113895,1080,1106,depth >= 30 m
CPNMS,2004-10-01,1.201632608965035,1.371153215199013,1080,1106,depth >= 30 m
CPNMS,2004-11-01,0.998036745388423,1.108192699296134,1080,1106,depth >= 30 m
CPNMS,2004-12-01,0.7293639248649104,0.7716575988162501,1080,1106,depth >= 30 m
CPNMS,2005-01-01,0.8184787754710062,0.929194105469082,1080,1106,depth >= 30 m
CPNMS,2005-02-01,0.6988036827493042,0.7832931336453332,1080,1106,depth >= 30 m
CPNMS,2005-03-01,0.5155729440338896,0.6337498868487202,1080,1106,depth >= 30 m
CPNMS,2005-04-01,1.2365016162688882,1.4819428915626098,1080,1106,depth >= 30 m
CPNMS,2005-05-01,0.829800989179913,1.0032021639898936,1080,1106,depth >= 30 m
CPNMS,2005-06-01,1.8375379954964777,1.951804052910368,1080,1106,depth >= 30 m
CPNMS,2005-07-01,1.4650454786807363,1.831190301108748,1080,1106,depth >= 30 m
CPNMS,2005-08-01,1.1221423065280902,1.712239771340357,1080,1106,depth >= 30 m
CPNMS,2005-09-01,1.278366524726616,1.6407697855833456,1080,1106,depth >= 30 m
CPNMS,2005-10-01,1.457316729851844,1.705734980634493,1080,1106,depth >= 30 m
CPNMS,2005-11-01,1.8761001589738708,2.3399564435210376,1080,1106,depth >= 30 m
CPNMS,2005-12-01,1.0939673461996615,1.259257455900394,1080,1106,depth >= 30 m
CPNMS,2006-01-01,0.9461990278288844,1.0661520874952966,1080,1106,depth >= 30 m
CPNMS,2006-02-01,1.10997518534843,1.3867471121103387,1080,1106,depth >= 30 m
CPNMS,2006-03-01,0.8255422874220529,0.9315639351095482,1080,1106,depth >= 30 m
CPNMS,2006-04-01,0.7833459445077753,0.935392933959986,1080,1106,depth >= 30 m
CPNMS,2006-05-01,1.5064109614061312,1.6388979068608676,1080,1106,depth >= 30 m
CPNMS,2006-06-01,2.493518005792643,2.619870753766829,1080,1106,depth >= 30 m
CPNMS,2006-07-01,1.223174255716863,1.5033445463651771,1080,1103,depth >= 30 m
CPNMS,2006-08-01,0.7606033882946248,1.0752448840824709,1080,1106,depth >= 30 m
CPNMS,2006-09-01,0.973975883098553,1.1642320613102275,1080,1106,depth >= 30 m
CPNMS,2006-10-01,0.7436155309228788,0.9933474359606084,1080,1106,depth >= 30 m
CPNMS,2006-11-01,0.7548512155431175,0.9993787285405284,1080,1106,depth >= 30 m
CPNMS,2006-12-01,0.768605542307027,0.8265915595224067,1080,1106,depth >= 30 m
CPNMS,2007-01-01,0.6201025387321474,0.6534139326788015,1080,1097,depth >= 30 m
CPNMS,2007-02-01,0.6165926065583336,0.6636860921413086,1080,1106,depth >= 30 m
CPNMS,2007-03-01,0.841552502415318,0.9686874775839108,1080,1106,depth >= 30 m
CPNMS,2007-04-01,0.6982926402067823,0.7671431752484271,1080,1106,depth >= 30 m
CPNMS,2007-05-01,0.9509229059148908,1.0586531299417317,1080,1106,depth >= 30 m
CPNMS,2007-06-01,1.1243638870306234,1.2766270286944197,1080,1106,depth >= 30 m
CPNMS,2007-07-01,1.3819981355419733,1.5065397826607785,1080,1106,depth >= 30 m
CPNMS,2007-08-01,1.1340050999409212,1.257528469451512,1080,1106,depth >= 30 m
CPNMS,2007-09-01,0.8411430199221961,1.1001996922746264,1080,1106,depth >= 30 m
CPNMS,2007-10-01,0.8046605990952702,0.892557426882911,1080,1106,depth >= 30 m
CPNMS,2007-11-01,0.6635792056862396,0.7079741441481355,1080,1106,depth >= 30 m
CPNMS,2007-12-01,0.6117313192258231,0.6460514387375191,1080,1106,depth >= 30 m
CPNMS,2008-01-01,0.8081478967176106,0.8646768176318514,1080,1106,depth >= 30 m
CPNMS,2008-02-01,1.0835871900670586,1.1476376416670269,1080,1106,depth >= 30 m
CPNMS,2008-03-01,0.9131613303578134,0.967410938541453,1080,1106,depth >= 30 m
CPNMS,2008-04-01,0.7989759744607903,0.9174776965950971,1080,1106,depth >= 30 m
CPNMS,2008-05-01,1.28773649446571,1.48178181564183,1080,1106,depth >= 30 m
CPNMS,2008-06-01,1.5216761666711252,1.6834821522666992,1080,1106,depth >= 30 m
CPNMS,2008-07-01,1.147944496969955,1.3416738330935434,1072,1091,depth >= 30 m
CPNMS,2008-08-01,1.1527105402738969,1.2542754269794572,1069,1090,depth >= 30 m
CPNMS,2008-09-01,0.8966391285229768,1.1248323843826231,1080,1106,depth >= 30 m
CPNMS,2008-10-01,1.0341625694260437,1.1402629639475093,1080,1106,depth >= 30 m
CPNMS,2008-11-01,0.7199473026981517,0.7358154800011495,1080,1106,depth >= 30 m
CPNMS,2008-12-01,0.7683500111774666,0.7873658993791715,1080,1106,depth >= 30 m
CPNMS,2009-01-01,1.0082443362249855,1.0353567499472045,1080,1106,depth >= 30 m
CPNMS,2009-02-01,0.827048786747886,0.8644480060711908,1080,1106,depth >= 30 m
CPNMS,2009-03-01,0.8486298697754803,0.9458245097189644,1080,1106,depth >= 30 m
CPNMS,2009-04-01,0.7812538731204048,0.9039572962369464,1080,1106,depth >= 30 m
CPNMS,2009-05-01,1.03502540076559,1.2989832563544712,1080,1106,depth >= 30 m
CPNMS,2009-06-01,0.6968456021890228,0.9586424111686732,1080,1106,depth >= 30 m
CPNMS,2009-07-01,0.7326507868916702,1.0573151255023097,1080,1106,depth >= 30 m
CPNMS,2009-08-01,0.7961939529475365,1.0437500878333197,1080,1106,depth >= 30 m
CPNMS,2009-09-01,0.8717020239398972,1.1558408029040632,1080,1106,depth >= 30 m
CPNMS,2009-10-01,1.234660866644323,1.3131629044280992,1080,1106,depth >= 30 m
CPNMS,2009-11-01,1.2221433018917622,1.2807496837853958,1080,1106,depth >= 30 m
CPNMS,2009-12-01,0.9691185892201788,1.0475758594371487,1080,1106,depth >= 30 m
CPNMS,2010-01-01,0.8870129840334532,0.9774378710047428,1080,1106,depth >= 30 m
CPNMS,2010-02-01,0.7452898736848516,0.8191730882063046,1080,1106,depth >= 30 m
CPNMS,2010-03-01,0.7946429358449735,0.9662235051824646,1080,1106,depth >= 30 m
CPNMS,2010-04-01,0.9155544400219556,1.1301159072687548,1080,1106,depth >= 30 m
CPNMS,2010-05-01,0.6872152783090537,0.8200497528366321,1080,1106,depth >= 30 m
CPNMS,2010-06-01,0.910411706448498,1.0721441718865905,1080,1106,depth >= 30 m
CPNMS,2010-07-01,1.0552432382912718,1.3451588952250304,1080,1106,depth >= 30 m
CPNMS,2010-08-01,1.6232787521106151,2.075877843886127,1080,1106,depth >= 30 m
CPNMS,2010-09-01,1.433366507879478,1.783001935234121,1080,1106,depth >= 30 m
CPNMS,2010-10-01,1.551783136666788,1.8755200476693856,1080,1106,depth >= 30 m
CPNMS,2010-11-01,1.7170193542074712,1.8443616812957755,1080,1106,depth >= 30 m
CPNMS,2010-12-01,1.2074176415345257,1.3285180695664816,1080,1106,depth >= 30 m
CPNMS,2011-01-01,1.2543561798337035,1.3795596272238366,1080,1106,depth >= 30 m
CPNMS,2011-02-01,1.3490288152045564,1.479072201316654,1080,1106,depth >= 30 m
CPNMS,2011-03-01,0.8089662541672266,0.9630375922696282,1080,1106,depth >= 30 m
CPNMS,2011-04-01,0.9603798980063964,1.211667184480492,1080,1106,depth >= 30 m
CPNMS,2011-05-01,0.6359428674267003,0.8527682282933269,1080,1106,depth >= 30 m
CPNMS,2011-06-01,0.7473464653999593,0.945808732784462,1080,1106,depth >= 30 m
CPNMS,2011-07-01,1.2694193311968685,1.537089959487563,1080,1106,depth >= 30 m
CPNMS,2011-08-01,1.347743399756144,1.4367224139718888,1080,1106,depth >= 30 m
CPNMS,2011-09-01,1.0942511548240517,1.242531665194963,1080,1106,depth >= 30 m
CPNMS,2011-10-01,0.86790613890652,1.0930582875584622,1080,1106,depth >= 30 m
CPNMS,2011-11-01,0.9878850842776008,1.1301300926622373,1080,1106,depth >= 30 m
CPNMS,2011-12-01,0.8230583633528611,0.8547696758459106,1080,1106,depth >= 30 m
CPNMS,2012-01-01,0.9302499304451416,1.0017472126977585,1080,1106,depth >= 30 m
CPNMS,2012-02-01,0.8568848415542155,0.9410892204662754,1080,1106,depth >= 30 m
CPNMS,2012-03-01,0.6626528469450588,0.7344138121626463,1080,1106,depth >= 30 m
CPNMS,2012-04-01,0.494534371532329,0.5453615801082161,1080,1106,depth >= 30 m
CPNMS,2012-05-01,0.8310489880687596,1.1173855936146186,1079,1095,depth >= 30 m
CPNMS,2012-06-01,2.428244363819447,2.7563881961177956,1079,1095,depth >= 30 m
CPNMS,2012-07-01,1.7448939186880423,2.1780315376274313,1079,1096,depth >= 30 m
CPNMS,2012-08-01,1.7869182851554295,1.9173998754389976,1079,1096,depth >= 30 m
CPNMS,2012-09-01,1.0908433388126348,1.289500754255135,1079,1095,depth >= 30 m
CPNMS,2012-10-01,0.548926426866522,0.6506607053923769,1079,1096,depth >= 30 m
CPNMS,2012-11-01,0.5206508331895083,0.621241725790892,1079,1096,depth >= 30 m
CPNMS,2012-12-01,0.7948317851014729,0.8731716842956189,1079,1095,depth >= 30 m
CPNMS,2013-01-01,0.6864656292476783,0.7117435778253267,1079,1096,depth >= 30 m
CPNMS,2013-02-01,0.5504205593800551,0.5885446244178839,1079,1095,depth >= 30 m
CPNMS,2013-03-01,1.5165192995311143,1.615899021658178,1079,1095,depth >= 30 m
CPNMS,2013-04-01,0.9224021828691404,1.0593257774773248,1079,1095,depth >= 30 m
CPNMS,2013-05-01,1.0906725827835038,1.3443329987785215,1078,1094,depth >= 30 m
CPNMS,2013-06-01,1.7679237756679531,2.0805749888289484,1079,1095,depth >= 30 m
CPNMS,2013-07-01,1.3691579729535612,1.9304158014884631,642,657,depth >= 30 m
CPNMS,2013-08-01,1.2746497678952071,1.4508254072853266,1079,1096,depth >= 30 m
CPNMS,2013-09-01,1.8723266538897425,2.2443573564154917,1079,1095,depth >= 30 m
CPNMS,2013-10-01,1.39546068552715,1.565878608148461,1079,1096,depth >= 30 m
CPNMS,2013-11-01,1.500874367624515,1.6535844886607471,1079,1096,depth >= 30 m
CPNMS,2013-12-01,1.2729738851011028,1.350927072284866,1079,1096,depth >= 30 m
CPNMS,2014-01-01,0.87033538993261506,0.8903468373159281,1079,1095,depth >= 30 m
CPNMS,2014-02-01,0.8860683344094332,0.937638748817852,1079,1096,depth >= 30 m
CPNMS,2014-03-01,1.0010386426677498,1.0800966242677,1079,1095,depth >= 30 m
CPNMS,2014-04-01,0.6951922676441966,0.8268320565349861,1079,1096,depth >= 30 m
CPNMS,2014-05-01,1.0778459430919611,1.3838193531617138,1079,1096,depth >= 30 m
CPNMS,2014-06-01,1.9198294226055563,2.3320274238172765,1079,1095,depth >= 30 m
CPNMS,2014-07-01,0.4050716806967582,0.5028939561756776,1079,1095,depth >= 30 m
CPNMS,2014-08-01,0.34401482121404964,0.43252688759163,1079,1096,depth >= 30 m
CPNMS,2014-09-01,0.4699929995591307,0.6016499289366758,1079,1095,depth >= 30 m
CPNMS,2014-10-01,0.476378394318051,0.5306640543485891,1079,1095,depth >= 30 m
CPNMS,2014-11-01,0.535601469789514,0.5742744640251393,1079,1094,depth >= 30 m
CPNMS,2014-12-01,0.5166549397480336,0.5599941009533237,1079,1096,depth >= 30 m
CPNMS,2015-01-01,0.49957192214037616,0.5206818004993549,1079,1095,depth >= 30 m
CPNMS,2015-02-01,0.3560886288729795,0.3924004021572732,1079,1095,depth >= 30 m
CPNMS,2015-03-01,0.387293950724712,0.49593128103518175,1079,1096,depth >= 30 m
CPNMS,2015-04-01,0.6201689057586879,0.8139091797145827,1079,1096,depth >= 30 m
CPNMS,2015-05-01,0.7157297343084938,0.9931113986828674,1079,1096,depth >= 30 m
CPNMS,2015-06-01,1.008032942982936,1.267719787680979,1078,1093,depth >= 30 m
CPNMS,2015-07-01,0.4664615649622312,0.5478817022282235,1079,1095,depth >= 30 m
CPNMS,2015-08-01,0.4664199574574174,0.5483015074265477,1079,1096,depth >= 30 m
CPNMS,2015-09-01,0.3088175420259115,0.33869300295945426,1079,1096,depth >= 30 m
CPNMS,2015-10-01,0.3031668185396588,0.3292931797132442,1079,1096,depth >= 30 m
CPNMS,2015-11-01,0.6116626655798864,0.6447852891563928,1079,1096,depth >= 30 m
CPNMS,2015-12-01,0.5571216390597303,0.5797134836242623,1079,1095,depth >= 30 m
CPNMS,2016-01-01,0.6540106300540779,0.6888564394640525,1079,1094,depth >= 30 m
CPNMS,2016-02-01,0.7625630948799248,0.7975217424822559,1079,1096,depth >= 30 m
CPNMS,2016-03-01,0.7549022980529698,0.8519340825473142,1079,1094,depth >= 30 m
CPNMS,2016-04-01,0.6270668565966582,0.7565504802377334,1079,1096,depth >= 30 m
CPNMS,2016-05-01,0.6222602474089588,0.928525754868054,1077,1092,depth >= 30 m
CPNMS,2016-06-01,1.049863962115803,1.4918214654223672,1079,1096,depth >= 30 m
CPNMS,2016-07-01,0.9265148193783124,1.2331353996601586,1079,1096,depth >= 30 m
CPNMS,2016-08-01,1.1008854167794142,1.2257959678564987,1079,1095,depth >= 30 m
CPNMS,2016-09-01,1.25435882079902,1.378602718458558,1079,1096,depth >= 30 m
CPNMS,2016-10-01,1.0935751500941089,1.2705511953001931,1079,1096,depth >= 30 m
CPNMS,2016-11-01,1.2962194433644187,1.5030495411016211,1079,1096,depth >= 30 m
CPNMS,2016-12-01,1.4341529896482308,1.4809777207509451,1079,1096,depth >= 30 m
CPNMS,2017-01-01,0.8050678545481715,0.8317180142132898,1079,1096,depth >= 30 m
CPNMS,2017-02-01,0.6206597150809012,0.6859468632534037,1079,1096,depth >= 30 m
CPNMS,2017-03-01,0.7235032089642977,0.836787767817069,1079,1096,depth >= 30 m
CPNMS,2017-04-01,0.5489045794703229,0.6417849101941976,1079,1096,depth >= 30 m
CPNMS,2017-05-01,0.975563351559042,1.1912945334384897,1079,1096,depth >= 30 m
CPNMS,2017-06-01,1.562884490163032,1.7062422967903377,1079,1096,depth >= 30 m
CPNMS,2017-07-01,1.0289958047939618,1.13616195389125,1079,1095,depth >= 30 m
CPNMS,2017-08-01,0.7972196759971945,1.0119866225188705,1079,1096,depth >= 30 m
CPNMS,2017-09-01,0.919008386052992,1.1922827840639976,1079,1096,depth >= 30 m
CPNMS,2017-10-01,1.635086852167231,1.852066064946843,1079,1096,depth >= 30 m
CPNMS,2017-11-01,0.9183820200021056,1.095839369008791,1079,1096,depth >= 30 m
CPNMS,2017-12-01,0.7899717531923046,0.8375801549014383,1079,1096,depth >= 30 m
CPNMS,2018-01-01,0.7898583921017328,0.841038572527196,1079,1096,depth >= 30 m
CPNMS,2018-02-01,0.8446497251558791,0.8880924236600422,1079,1096,depth >= 30 m
CPNMS,2018-03-01,0.7520974976485045,0.8125354736553915,1079,1096,depth >= 30 m
CPNMS,2018-04-01,0.7398314526208624,0.8985333098982371,1079,1096,depth >= 30 m
CPNMS,2018-05-01,0.8350885463488246,0.9832625024727654,1079,1096,depth >= 30 m
CPNMS,2018-06-01,1.0616409255419703,1.200213317657363,1079,1096,depth >= 30 m
CPNMS,2018-07-01,1.1791943393652164,1.3996498387062195,1079,1096,depth >= 30 m
CPNMS,2018-08-01,1.6569563221157235,1.778737881866686,1079,1096,depth >= 30 m
CPNMS,2018-09-01,1.4210927377757818,1.6228348517613684,1079,1096,depth >= 30 m
CPNMS,2018-10-01,0.7424357440466733,0.8098311088707311,1079,1096,depth >= 30 m
CPNMS,2018-11-01,0.6894267040476795,0.7263877624849778,1079,1096,depth >= 30 m
CPNMS,2018-12-01,0.6161940317126532,0.6476200710791737,1079,1096,depth >= 30 m
CPNMS,2019-01-01,0.6671354896446768,0.6939028967307865,1079,1096,depth >= 30 m
CPNMS,2019-02-01,0.5523630402986834,0.5975795235131341,1079,1096,depth >= 30 m
CPNMS,2019-03-01,0.5138067476142119,0.6187624413057837,1079,1096,depth >= 30 m
CPNMS,2019-04-01,0.5437954996776636,0.6727285386083557,1079,1096,depth >= 30 m
CPNMS,2019-05-01,0.41293941217093966,0.58362369340620035,1079,1096,depth >= 30 m
CPNMS,2019-06-01,0.6491777439303982,0.9166741169254932,1079,1096,depth >= 30 m
CPNMS,2019-07-01,1.2387818392806664,1.5479502925363815,1079,1096,depth >= 30 m
CPNMS,2019-08-01,1.324339169036374,1.5664053393976567,1079,1096,depth >= 30 m
CPNMS,2019-09-01,1.7410058811127782,1.998451375504475,1079,1096,depth >= 30 m
CPNMS,2019-10-01,1.894336372875476,2.1436738656820165,1079,1096,depth >= 30 m
CPNMS,2019-11-01,1.1784334034790178,1.2835516389595347,1079,1096,depth >= 30 m
CPNMS,2019-12-01,0.8983919234866232,0.9444000579307982,1079,1096,depth >= 30 m
CPNMS,2020-01-01,1.0062038428374316,1.0274111906433625,1079,1096,depth >= 30 m
CPNMS,2020-02-01,1.0151849993136195,1.0521762269093613,1079,1096,depth >= 30 m
CPNMS,2020-03-01,0.9579924345578368,1.0222240228233126,1079,1096,depth >= 30 m
CPNMS,2020-04-01,0.9164837872800864,0.978918451788652,1079,1096,depth >= 30 m
CPNMS,2020-05-01,1.1587670238446888,1.2599536106534244,1079,1096,depth >= 30 m
CPNMS,2020-06-01,1.2720669618417026,1.450156600642819,1079,1096,depth >= 30 m
CPNMS,2020-07-01,1.3118222074945105,1.6488970922319783,1079,1096,depth >= 30 m
CPNMS,2020-08-01,1.625994648892349,2.057919439064319,1079,1096,depth >= 30 m
CPNMS,2020-09-01,1.2511746514755469,1.5194344416967682,1079,1096,depth >= 30 m
CPNMS,2020-10-01,0.7527514597520644,0.9121492887663584,1079,1096,depth >= 30 m
CPNMS,2020-11-01,1.2681982801563765,1.4626974580931875,1079,1096,depth >= 30 m
CPNMS,2020-12-01,0.8153298302425874,0.8846162406686887,1079,1096,depth >= 30 m
CPNMS,2021-01-01,1.114690330571816,1.2056484660473603,1079,1096,depth >= 30 m
CPNMS,2021-02-01,0.9604379866982582,1.020077790765866,1079,1096,depth >= 30 m
CPNMS,2021-03-01,0.9624928844040912,1.0549938276029411,1079,1096,depth >= 30 m
CPNMS,2021-04-01,0.7799218454169243,0.8885976569115243,1079,1096,depth >= 30 m
CPNMS,2021-05-01,1.1105704596283603,1.1657702430103796,1079,1096,depth >= 30 m
CPNMS,2021-06-01,1.2634914084519455,1.354536791406844,1079,1096,depth >= 30 m
CPNMS,2021-07-01,0.8687045485971093,1.035168072032015,1079,1096,depth >= 30 m
CPNMS,2021-08-01,0.673684372268709,0.8846755869308254,1007,1024,depth >= 30 m
CPNMS,2021-09-01,1.1071627494991434,1.357788963338538,1079,1096,depth >= 30 m
CPNMS,2021-10-01,1.7016679149592708,1.865561316320066,1079,1096,depth >= 30 m
CPNMS,2021-11-01,1.0435577934200628,1.1175941425192095,1079,1096,depth >= 30 m
CPNMS,2021-12-01,0.8666315908974778,0.8926132049438728,1079,1096,depth >= 30 m
CPNMS,2022-01-01,0.8064114151585876,0.8491669807882205,1079,1096,depth >= 30 m
CPNMS,2022-02-01,0.9662985983782512,1.070728892664404,1079,1096,depth >= 30 m
CPNMS,2022-03-01,0.9592302443841504,1.0757638296778629,1079,1096,depth >= 30 m
CPNMS,2022-04-01,0.7809806461428562,0.8591141946015554,1079,1096,depth >= 30 m
CPNMS,2022-05-01,0.8642488686736288,0.9860926930976172,1079,1096,depth >= 30 m
CPNMS,2022-06-01,1.8227197848033427,1.9202432832306784,1079,1096,depth >= 30 m
CPNMS,2022-07-01,0.6518650435116241,0.8435325217770054,1020,1037,depth >= 30 m
CPNMS,2022-08-01,0.7649567323856051,1.03734331783995,1079,1096,depth >= 30 m
CPNMS,2022-09-01,0.7401620328831009,1.006003235901848,1079,1096,depth >= 30 m
CPNMS,2022-10-01,0.9708770105044549,1.2811548431968172,1079,1096,depth >= 30 m
CPNMS,2022-11-01,0.8876497311913201,0.9950986369411028,1079,1096,depth >= 30 m
CPNMS,2022-12-01,0.7844082373590857,0.8122531899461781,1079,1096,depth >= 30 m
CPNMS,2023-01-01,0.6840673162306398,0.7805867548624092,1079,1096,depth >= 30 m
CPNMS,2023-02-01,0.6113581668516257,0.6796116253537848,1079,1096,depth >= 30 m
CPNMS,2023-03-01,0.6749166714550203,0.7935971883635452,1079,1096,depth >= 30 m
CPNMS,2023-04-01,1.179158190827775,1.2871842613838025,1079,1096,depth >= 30 m
CPNMS,2023-05-01,0.8544708959713528,1.1210592725742456,1079,1096,depth >= 30 m
CPNMS,2023-06-01,0.6873198568092823,0.9625167060425912,1079,1096,depth >= 30 m
CPNMS,2023-07-01,0.9831345351439708,1.288782898187093,1079,1096,depth >= 30 m
CPNMS,2023-08-01,0.5348195090664181,0.6809990105837808,1079,1096,depth >= 30 m
CPNMS,2023-09-01,0.5257689003011549,0.6907356826547698,1079,1096,depth >= 30 m
CPNMS,2023-10-01,0.6652584205041366,0.8396260822667675,1079,1096,depth >= 30 m
CPNMS,2023-11-01,0.6228726218079101,0.703390648221448,1079,1096,depth >= 30 m
CPNMS,2023-12-01,0.8220057784574774,0.8601615685616101,1079,1096,depth >= 30 m
CPNMS,2024-01-01,0.7148613511086113,0.7375563386093531,1079,1096,depth >= 30 m
CPNMS,2024-02-01,0.5655088210156453,0.6031629421143201,1079,1096,depth >= 30 m
CPNMS,2024-03-01,0.5743171877255627,0.7348649296637648,1079,1096,depth >= 30 m
CPNMS,2024-04-01,0.77849434020786,0.8803922059762219,1079,1096,depth >= 30 m
CPNMS,2024-05-01,1.0528112672009315,1.167265854857483,1079,1096,depth >= 30 m
CPNMS,2024-06-01,1.28295446435869,1.5886882776598414,1079,1096,depth >= 30 m
CPNMS,2024-07-01,0.9433337870881462,1.35085221771927,751,768,depth >= 30 m
CPNMS,2024-08-01,1.7503466715720748,2.113411664908378,1079,1096,depth >= 30 m
CPNMS,2024-09-01,1.3995560580002746,1.6676834128851428,1079,1096,depth >= 30 m
CPNMS,2024-10-01,1.3683623580810624,1.5441498723778453,1079,1096,depth >= 30 m
CPNMS,2024-11-01,0.9924932001724116,1.1239109988575864,1079,1096,depth >= 30 m
CPNMS,2024-12-01,0.8427279681714465,0.8874450091571713,1079,1096,depth >= 30 m
CPNMS,2025-01-01,0.9163577171739966,0.9981908370761116,1079,1096,depth >= 30 m
CPNMS,2025-02-01,0.8322933786282569,0.8738729149429459,1079,1096,depth >= 30 m
CPNMS,2025-03-01,0.7810927705703631,0.8599311289833007,1079,1096,depth >= 30 m
CPNMS,2025-04-01,0.8610114507191505,1.0167188520957973,1079,1096,depth >= 30 m
CPNMS,2025-05-01,1.138124909317629,1.4760149515838985,1079,1096,depth >= 30 m
CPNMS,2025-06-01,1.8392830419975488,2.023351920428717,1079,1096,depth >= 30 m
CPNMS,2025-07-01,0.8326555846829444,1.123331372979386,798,812,depth >= 30 m
CPNMS,2025-08-01,1.3579564591988476,1.5062312526206885,1079,1096,depth >= 30 m
CPNMS,2025-09-01,0.8511113909762175,1.0277542800363813,1079,1096,depth >= 30 m
CPNMS,2025-10-01,1.1920885817079618,1.2545302515156085,1079,1096,depth >= 30 m
CPNMS,2025-11-01,0.8319665192252326,0.860649239217496,1079,1096,depth >= 30 m
CPNMS,2025-12-01,0.8271209985520599,0.8484845029829196,1079,1096,depth >= 30 m
CPNMS,2026-01-01,0.6693120388017268,0.7045089072500267,1079,1096,depth >= 30 m
CPNMS,2026-02-01,0.5109112215594392,0.5697526579491624,1079,1096,depth >= 30 m
CPNMS,2026-03-01,0.7193970060897169,0.9576347974829182,1079,1096,depth >= 30 m
CPNMS,2026-04-01,0.44194661197989016,0.5921952230040073,1079,1096,depth >= 30 m
CPNMS,2026-05-01,0.5667928520084797,0.7774393388008987,1079,1096,depth >= 30 m
CPNMS,2026-06-01,0.7197125954357635,1.0415600675300931,1079,1096,depth >= 30 m
CINMS,1997-09-01,0.5182583370650201,0.5729281166989595,185,199,depth >= 30 m
CINMS,1997-10-01,0.34629578844032144,0.3677443481073148,188,205,depth >= 30 m
CINMS,1997-11-01,0.2533510207616008,0.26873162763165714,187,203,depth >= 30 m
CINMS,1997-12-01,0.41575206260749914,0.44368864116145335,188,205,depth >= 30 m
CINMS,1998-01-01,0.49938613852880487,0.5177651248385557,185,199,depth >= 30 m
CINMS,1998-02-01,0.8957541365930344,0.9934776503555844,187,202,depth >= 30 m
CINMS,1998-03-01,0.797758471307911,0.8291686428851216,187,199,depth >= 30 m
CINMS,1998-04-01,1.47381497860858,1.7708746785099077,187,206,depth >= 30 m
CINMS,1998-05-01,1.289880144545608,1.3298743373215796,186,198,depth >= 30 m
CINMS,1998-06-01,0.8866962158434288,1.0376227541052887,187,201,depth >= 30 m
CINMS,1998-07-01,0.47697922204144,0.5047584946453569,186,200,depth >= 30 m
CINMS,1998-08-01,0.34139029310790214,0.4198771257903065,185,204,depth >= 30 m
CINMS,1998-09-01,0.5084961910574155,0.5220953746877535,185,198,depth >= 30 m
CINMS,1998-10-01,0.6648355348217788,0.7224716969686957,188,201,depth >= 30 m
CINMS,1998-11-01,0.9329884754027258,1.0527550238987495,187,203,depth >= 30 m
CINMS,1998-12-01,0.9926322426429778,1.0042647931633923,188,205,depth >= 30 m
CINMS,1999-01-01,0.5505321295553308,0.5603310652260709,188,203,depth >= 30 m
CINMS,1999-02-01,1.0974575256724266,1.1601130038648104,187,201,depth >= 30 m
CINMS,1999-03-01,0.8142196120442398,0.9188200557231896,187,200,depth >= 30 m
CINMS,1999-04-01,1.0460922144518123,1.10943330702733,184,196,depth >= 30 m
CINMS,1999-05-01,0.7762051025326515,0.8287646036765303,185,197,depth >= 30 m
CINMS,1999-06-01,1.0112355569665257,1.1115254352129802,185,193,depth >= 30 m
CINMS,1999-07-01,0.7365964377836604,0.8414255397513578,188,203,depth >= 30 m
CINMS,1999-08-01,0.7930438109508792,0.8975626566788046,188,205,depth >= 30 m
CINMS,1999-09-01,0.6300357168508257,0.6981615712962206,186,194,depth >= 30 m
CINMS,1999-10-01,0.8340219165269684,0.9231886007998245,188,202,depth >= 30 m
CINMS,1999-11-01,0.6459210371250937,0.6749886470098124,188,204,depth >= 30 m
CINMS,1999-12-01,0.6873681417807368,0.7186602960125756,188,208,depth >= 30 m
CINMS,2000-01-01,0.6553921713646558,0.6691456943160237,187,202,depth >= 30 m
CINMS,2000-02-01,0.7511443441749125,0.8078021469946,188,204,depth >= 30 m
CINMS,2000-03-01,1.031992676355768,1.1977038151524917,187,203,depth >= 30 m
CINMS,2000-04-01,1.448812257857386,1.7586291391945346,187,199,depth >= 30 m
CINMS,2000-05-01,1.8225686320327217,2.140917163789273,187,200,depth >= 30 m
CINMS,2000-06-01,0.7911603130796274,0.8403161293027377,187,198,depth >= 30 m
CINMS,2000-07-01,0.8840215525758086,1.109255157557189,188,204,depth >= 30 m
CINMS,2000-08-01,0.8420236335432285,1.294858298141783,187,205,depth >= 30 m
CINMS,2000-09-01,0.7348607175666446,0.8687371721509658,188,202,depth >= 30 m
CINMS,2000-10-01,0.7214615141172823,0.8799609546341116,187,201,depth >= 30 m
CINMS,2000-11-01,1.0646978543537944,1.2254872825087555,188,205,depth >= 30 m
CINMS,2000-12-01,0.7889333891494544,0.8397884753537299,187,203,depth >= 30 m
CINMS,2001-01-01,0.9909018863216764,1.028038335367314,188,206,depth >= 30 m
CINMS,2001-02-01,0.8966971467256903,0.9423920791323592,186,205,depth >= 30 m
CINMS,2001-03-01,0.8215471296422026,0.8524978735938147,186,199,depth >= 30 m
CINMS,2001-04-01,2.0630528425054404,2.447150771690506,186,197,depth >= 30 m
CINMS,2001-05-01,0.9036961530296946,1.1916423205818465,185,196,depth >= 30 m
CINMS,2001-06-01,0.9115503071382516,1.2575976552061785,187,201,depth >= 30 m
CINMS,2001-07-01,0.7447134840122506,0.8410597309396036,187,201,depth >= 30 m
CINMS,2001-08-01,0.9829197911367418,1.242841873317957,187,200,depth >= 30 m
CINMS,2001-09-01,0.7019836782357629,0.8854058322310454,187,200,depth >= 30 m
CINMS,2001-10-01,0.5497224912561458,0.6053132586104356,184,194,depth >= 30 m
CINMS,2001-11-01,0.8593764011892541,1.0092608589141516,188,201,depth >= 30 m
CINMS,2001-12-01,1.1835214732169357,1.238275980367893,188,205,depth >= 30 m
CINMS,2002-01-01,0.6196855127708218,0.6376371153971044,188,205,depth >= 30 m
CINMS,2002-02-01,1.0416150709406131,1.289193012823279,188,208,depth >= 30 m
CINMS,2002-03-01,1.5436445066551707,1.6894750716674392,187,201,depth >= 30 m
CINMS,2002-04-01,2.075138767280847,2.3710477742852194,188,209,depth >= 30 m
CINMS,2002-05-01,1.6785882703075352,1.99964998146934,188,211,depth >= 30 m
CINMS,2002-06-01,1.038857030214095,1.2260230852747869,188,212,depth >= 30 m
CINMS,2002-07-01,0.8203378941395656,0.9946426437081876,187,211,depth >= 30 m
CINMS,2002-08-01,0.8866756247511224,1.0538962532608007,188,212,depth >= 30 m
CINMS,2002-09-01,0.8162424812328448,0.9379033686698608,188,212,depth >= 30 m
CINMS,2002-10-01,0.7882638948959153,0.9338269372171958,188,212,depth >= 30 m
CINMS,2002-11-01,0.7588749762747804,0.8229992400925121,188,212,depth >= 30 m
CINMS,2002-12-01,0.6068582826034156,0.635822966554255,188,212,depth >= 30 m
CINMS,2003-01-01,0.535588131848124,0.5806291643881577,188,212,depth >= 30 m
CINMS,2003-02-01,0.6262173295351627,0.6724453344941139,188,212,depth >= 30 m
CINMS,2003-03-01,0.9532910027536364,0.9943690536157144,188,212,depth >= 30 m
CINMS,2003-04-01,1.5786215386857354,1.7102033273791382,188,212,depth >= 30 m
CINMS,2003-05-01,1.4285224584852727,1.6515233154004478,188,212,depth >= 30 m
CINMS,2003-06-01,0.9603362752228436,1.0775353544444417,188,212,depth >= 30 m
CINMS,2003-07-01,1.5870120823374998,1.743693391107162,188,212,depth >= 30 m
CINMS,2003-08-01,1.7096167205280628,1.8353981246363449,188,212,depth >= 30 m
CINMS,2003-09-01,1.8411686976586756,2.037455896021062,188,212,depth >= 30 m
CINMS,2003-10-01,1.1231525941328178,1.2240023030987326,188,212,depth >= 30 m
CINMS,2003-11-01,0.964385955448798,1.0609833935521686,188,212,depth >= 30 m
CINMS,2003-12-01,0.8239022984388387,0.8395259006405779,188,212,depth >= 30 m
CINMS,2004-01-01,0.9363711661140348,0.9943688441559956,188,212,depth >= 30 m
CINMS,2004-02-01,1.1822347471129149,1.2354489691414916,188,212,depth >= 30 m
CINMS,2004-03-01,1.2063992367831773,1.346943277514205,188,212,depth >= 30 m
CINMS,2004-04-01,1.6650420882999724,1.8660212562612768,188,212,depth >= 30 m
CINMS,2004-05-01,1.644282325852318,1.9541029126014375,188,212,depth >= 30 m
CINMS,2004-06-01,1.3870630968597637,1.6291257474782332,188,212,depth >= 30 m
CINMS,2004-07-01,0.7910062177564536,0.906480787919377,188,212,depth >= 30 m
CINMS,2004-08-01,0.7705376809485843,0.9004822058497739,188,212,depth >= 30 m
CINMS,2004-09-01,0.7801986696988904,0.9767025482120372,188,212,depth >= 30 m
CINMS,2004-10-01,0.7408555895983862,0.9052320586622884,188,212,depth >= 30 m
CINMS,2004-11-01,0.6779041924571851,0.8023000535256465,188,212,depth >= 30 m
CINMS,2004-12-01,0.5934538361680788,0.617762308075743,188,212,depth >= 30 m
CINMS,2005-01-01,0.8365433252243597,0.9412989752753722,188,212,depth >= 30 m
CINMS,2005-02-01,0.6783301002824854,0.7617280019341778,188,212,depth >= 30 m
CINMS,2005-03-01,0.8006214592076321,0.8902102216797055,188,212,depth >= 30 m
CINMS,2005-04-01,2.0043875950184207,2.1439506611171772,188,212,depth >= 30 m
CINMS,2005-05-01,1.7016911136414288,2.0164048992237955,188,212,depth >= 30 m
CINMS,2005-06-01,1.92521521516486,2.2083180819479917,188,212,depth >= 30 m
CINMS,2005-07-01,1.2930393177108024,1.6539311955841092,188,212,depth >= 30 m
CINMS,2005-08-01,0.7978354244335927,0.9959450482197528,188,212,depth >= 30 m
CINMS,2005-09-01,1.0333629686553143,1.3684143477453377,188,212,depth >= 30 m
CINMS,2005-10-01,1.3971539686316798,1.601704212292186,188,212,depth >= 30 m
CINMS,2005-11-01,1.5593976888860588,1.7486499067185066,188,212,depth >= 30 m
CINMS,2005-12-01,1.092576112040296,1.1733314479297068,188,212,depth >= 30 m
CINMS,2006-01-01,1.535959193021549,1.591797713401183,188,212,depth >= 30 m
CINMS,2006-02-01,1.8193138800873112,1.9828007075021843,188,212,depth >= 30 m
CINMS,2006-03-01,2.1520138820997117,2.183987277858662,188,212,depth >= 30 m
CINMS,2006-04-01,1.8293732948647932,1.8994499200357584,188,212,depth >= 30 m
CINMS,2006-05-01,1.5405111195831884,1.7319198588155345,188,212,depth >= 30 m
CINMS,2006-06-01,1.6941346539508857,2.0869047669869527,188,212,depth >= 30 m
CINMS,2006-07-01,1.3321674169392657,1.602907395166046,188,212,depth >= 30 m
CINMS,2006-08-01,0.6416802682582717,0.7350414337695765,188,212,depth >= 30 m
CINMS,2006-09-01,0.8019236275316949,0.9267291329660494,188,212,depth >= 30 m
CINMS,2006-10-01,0.9173011170392642,1.0085334670993522,188,212,depth >= 30 m
CINMS,2006-11-01,0.6398020184803092,0.7003668498880463,188,212,depth >= 30 m
CINMS,2006-12-01,0.7129189806393652,0.7476451354769039,188,212,depth >= 30 m
CINMS,2007-01-01,0.9086014573834316,0.9405104235450236,188,211,depth >= 30 m
CINMS,2007-02-01,0.6828706372132801,0.7128590914719509,188,212,depth >= 30 m
CINMS,2007-03-01,1.2421001920276138,1.2980947612591511,188,212,depth >= 30 m
CINMS,2007-04-01,1.5777483194712614,1.7863135309714189,188,212,depth >= 30 m
CINMS,2007-05-01,1.2709402488507175,1.4897862322769089,188,212,depth >= 30 m
CINMS,2007-06-01,1.108812450311629,1.385710979688841,188,212,depth >= 30 m
CINMS,2007-07-01,0.7965404675468745,0.9313717921668624,188,212,depth >= 30 m
CINMS,2007-08-01,0.9039504214403056,1.0488712686412736,188,212,depth >= 30 m
CINMS,2007-09-01,1.04776046559472,1.2084735007780898,188,212,depth >= 30 m
CINMS,2007-10-01,0.9738395237507528,1.0094427053096156,188,212,depth >= 30 m
CINMS,2007-11-01,0.9041596645919836,0.94363063911222,188,212,depth >= 30 m
CINMS,2007-12-01,0.7927005675929253,0.819805563339647,188,212,depth >= 30 m
CINMS,2008-01-01,0.8436544478765616,0.8591765066925087,188,212,depth >= 30 m
CINMS,2008-02-01,1.260884983991763,1.3144447024700785,188,212,depth >= 30 m
CINMS,2008-03-01,1.3060281603225186,1.3299327352136934,188,212,depth >= 30 m
CINMS,2008-04-01,1.769518570081955,2.053712201849471,188,212,depth >= 30 m
CINMS,2008-05-01,1.5265412039855837,1.573174904258746,188,212,depth >= 30 m
CINMS,2008-06-01,1.26661632937728,1.3932261562572323,188,212,depth >= 30 m
CINMS,2008-07-01,0.8351270545312319,1.0175361298393493,180,202,depth >= 30 m
CINMS,2008-08-01,0.6092065315100211,0.7624783713440857,188,212,depth >= 30 m
CINMS,2008-09-01,0.8477476480164197,0.949211298013633,188,212,depth >= 30 m
CINMS,2008-10-01,0.7657221984660691,0.8901287308841374,188,212,depth >= 30 m
CINMS,2008-11-01,0.6559739024560521,0.6703183746562816,188,212,depth >= 30 m
CINMS,2008-12-01,0.7222762783556558,0.7394786250759973,188,212,depth >= 30 m
CINMS,2009-01-01,0.9918835938900772,1.0152906643332171,188,212,depth >= 30 m
CINMS,2009-02-01,0.9911305751963876,1.0092618937762274,188,212,depth >= 30 m
CINMS,2009-03-01,1.204119922598764,1.242601999134388,188,212,depth >= 30 m
CINMS,2009-04-01,0.9488199055424976,0.9823462830961872,188,212,depth >= 30 m
CINMS,2009-05-01,1.2680813069282444,1.4040123997431886,188,212,depth >= 30 m
CINMS,2009-06-01,0.9540902207873228,1.0663222134956771,188,212,depth >= 30 m
CINMS,2009-07-01,1.189256091768606,1.3530675873372235,188,211,depth >= 30 m
CINMS,2009-08-01,1.1942929139789595,1.4175707806112623,188,212,depth >= 30 m
CINMS,2009-09-01,0.7439302839326423,0.9284190643789626,188,212,depth >= 30 m
CINMS,2009-10-01,0.6886105908491272,0.8988353959372578,188,212,depth >= 30 m
CINMS,2009-11-01,0.7379092850090794,0.8434025939061957,188,212,depth >= 30 m
CINMS,2009-12-01,0.7033467153527599,0.7364513204907469,188,212,depth >= 30 m
CINMS,2010-01-01,0.640671299155777,0.7004104527943535,188,212,depth >= 30 m
CINMS,2010-02-01,0.7631370821569058,0.839337197255413,188,212,depth >= 30 m
CINMS,2010-03-01,1.2695285250875294,1.3298957196046726,188,212,depth >= 30 m
CINMS,2010-04-01,0.9836040350059846,1.1352974643122475,188,212,depth >= 30 m
CINMS,2010-05-01,1.6179384310282858,1.8558804546043572,188,212,depth >= 30 m
CINMS,2010-06-01,1.1201550806241312,1.2739247235487088,188,212,depth >= 30 m
CINMS,2010-07-01,1.3865358558125405,1.7478633393656549,188,212,depth >= 30 m
CINMS,2010-08-01,1.5086774936015706,1.8174909096000311,188,212,depth >= 30 m
CINMS,2010-09-01,1.774145013750901,2.039416070254341,188,212,depth >= 30 m
CINMS,2010-10-01,1.9885853111467031,2.258914138910906,188,212,depth >= 30 m
CINMS,2010-11-01,2.2297212178289083,2.2652723519307267,188,212,depth >= 30 m
CINMS,2010-12-01,2.427201750005211,2.53202140303153,188,212,depth >= 30 m
CINMS,2011-01-01,1.6403586457096355,1.68390145672942,188,212,depth >= 30 m
CINMS,2011-02-01,1.603031235632196,1.723964970629171,188,212,depth >= 30 m
CINMS,2011-03-01,1.4633966638041584,1.557622832509706,188,212,depth >= 30 m
CINMS,2011-04-01,1.430134911761645,1.49599711259581,188,212,depth >= 30 m
CINMS,2011-05-01,1.2536668085513456,1.3045513927936554,188,212,depth >= 30 m
CINMS,2011-06-01,1.9948151194458108,2.1661845695859987,188,212,depth >= 30 m
CINMS,2011-07-01,1.225081524080091,1.599976168207401,188,212,depth >= 30 m
CINMS,2011-08-01,0.9904179410655332,1.1952618083582722,188,212,depth >= 30 m
CINMS,2011-09-01,0.9392149933043896,1.0690133606769,188,212,depth >= 30 m
CINMS,2011-10-01,1.2918914526404988,1.402682879061069,188,212,depth >= 30 m
CINMS,2011-11-01,1.3505129286846034,1.444193869548024,188,212,depth >= 30 m
CINMS,2011-12-01,0.9245918293990694,0.9590348678658588,188,212,depth >= 30 m
CINMS,2012-01-01,1.0529683236844098,1.1177544082110789,188,212,depth >= 30 m
CINMS,2012-02-01,1.0979332120208805,1.1326734890353007,188,212,depth >= 30 m
CINMS,2012-03-01,0.8362297858299471,0.9217902666555252,188,212,depth >= 30 m
CINMS,2012-04-01,0.6637239158746021,0.6962432442408688,188,212,depth >= 30 m
CINMS,2012-05-01,1.994175195638844,2.325236670496341,188,211,depth >= 30 m
CINMS,2012-06-01,1.5477474121458157,2.1728571473133025,188,210,depth >= 30 m
CINMS,2012-07-01,1.1689200856946125,1.5486168020589366,187,207,depth >= 30 m
CINMS,2012-08-01,0.6591806998159208,0.8647715323028111,188,210,depth >= 30 m
CINMS,2012-09-01,0.5498885228511609,0.8236405770030798,188,212,depth >= 30 m
CINMS,2012-10-01,0.3866401262152678,0.4337408120199193,188,212,depth >= 30 m
CINMS,2012-11-01,0.7330983829755829,0.8128080179668823,188,212,depth >= 30 m
CINMS,2012-12-01,1.0479423388237656,1.2217092111987904,188,212,depth >= 30 m
CINMS,2013-01-01,1.110000400290004,1.1117161248090133,188,212,depth >= 30 m
CINMS,2013-02-01,0.6532951959932403,0.6626416215637944,188,212,depth >= 30 m
CINMS,2013-03-01,1.209509225329196,1.360777814382627,188,211,depth >= 30 m
CINMS,2013-04-01,1.1463893865707886,1.2115046170085524,188,211,depth >= 30 m
CINMS,2013-05-01,1.557416754981186,2.0027965790632227,187,209,depth >= 30 m
CINMS,2013-06-01,1.2057737412875975,1.4779835806952577,188,207,depth >= 30 m
CINMS,2013-07-01,0.9794557952663432,1.1807389697776405,188,208,depth >= 30 m
CINMS,2013-08-01,0.9559633189334126,1.2770245856833895,188,212,depth >= 30 m
CINMS,2013-09-01,0.9898333903380916,1.3529000037683645,188,212,depth >= 30 m
CINMS,2013-10-01,0.6787709825045168,0.8970837120037028,188,212,depth >= 30 m
CINMS,2013-11-01,0.7217073207709189,0.8909968726055798,188,212,depth >= 30 m
CINMS,2013-12-01,0.9968980303931618,1.139674818459547,188,212,depth >= 30 m
CINMS,2014-01-01,0.5565882321400569,0.6041101948909847,188,211,depth >= 30 m
CINMS,2014-02-01,0.9881628748126486,1.2584552029768634,188,210,depth >= 30 m
CINMS,2014-03-01,0.6595842731106295,0.7097627394148522,188,211,depth >= 30 m
CINMS,2014-04-01,0.9402859320220132,1.066715149094143,188,211,depth >= 30 m
CINMS,2014-05-01,1.198269246042068,1.4479345484367474,188,211,depth >= 30 m
CINMS,2014-06-01,1.033950206200022,1.5504426718331306,187,208,depth >= 30 m
CINMS,2014-07-01,0.36081705418779914,0.42188580785519825,188,208,depth >= 30 m
CINMS,2014-08-01,0.45558918703989615,0.4800899047053086,188,212,depth >= 30 m
CINMS,2014-09-01,0.5343126514537249,0.6096064472254719,188,212,depth >= 30 m
CINMS,2014-10-01,0.3332950509450659,0.37447552158022834,188,212,depth >= 30 m
CINMS,2014-11-01,0.4016870877084937,0.4686540005342016,188,212,depth >= 30 m
CINMS,2014-12-01,0.4570412892798372,0.4913249597796852,188,212,depth >= 30 m
CINMS,2015-01-01,0.4540841634683218,0.489997756228132,188,212,depth >= 30 m
CINMS,2015-02-01,0.360703855667639,0.3993419514933845,188,212,depth >= 30 m
CINMS,2015-03-01,0.48832772363643634,0.5861820460637036,188,211,depth >= 30 m
CINMS,2015-04-01,0.816150175097842,1.0671460293056851,188,211,depth >= 30 m
CINMS,2015-05-01,0.9114962744510182,1.1725052663258149,188,210,depth >= 30 m
CINMS,2015-06-01,0.7178876753284236,1.0036366001555788,188,209,depth >= 30 m
CINMS,2015-07-01,0.4587043545416318,0.5061200414385117,188,210,depth >= 30 m
CINMS,2015-08-01,0.572334352349474,0.7080361394661855,188,211,depth >= 30 m
CINMS,2015-09-01,0.2835758912745813,0.3028383192448121,188,212,depth >= 30 m
CINMS,2015-10-01,0.27198565761696536,0.2979387250851909,188,212,depth >= 30 m
CINMS,2015-11-01,0.41907661662138784,0.4710085518517584,188,212,depth >= 30 m
CINMS,2015-12-01,0.5888015268329796,0.6137754169275177,188,212,depth >= 30 m
CINMS,2016-01-01,0.8175068508348173,0.856394828209337,188,212,depth >= 30 m
CINMS,2016-02-01,0.7653578619705872,0.7991467970159817,188,212,depth >= 30 m
CINMS,2016-03-01,0.9955106919721431,1.0482521687073736,188,211,depth >= 30 m
CINMS,2016-04-01,1.2259670637574271,1.2909802704060815,188,211,depth >= 30 m
CINMS,2016-05-01,1.430069491023859,1.612437949220151,188,211,depth >= 30 m
CINMS,2016-06-01,1.643665288968036,1.7229996104285397,188,212,depth >= 30 m
CINMS,2016-07-01,1.1526633937371518,1.4098050493114416,188,212,depth >= 30 m
CINMS,2016-08-01,0.7684296383742356,0.8811905995573637,188,212,depth >= 30 m
CINMS,2016-09-01,0.6910197670655319,0.7820735701693683,188,212,depth >= 30 m
CINMS,2016-10-01,1.0072012248116866,1.1297444323042662,188,212,depth >= 30 m
CINMS,2016-11-01,0.9015666367470034,1.081245693255145,188,212,depth >= 30 m
CINMS,2016-12-01,0.9809204658720626,1.0665192140160868,188,212,depth >= 30 m
CINMS,2017-01-01,0.7249650658474286,0.7476016603550821,188,212,depth >= 30 m
CINMS,2017-02-01,0.79187989726319985,0.8228994693677385,188,212,depth >= 30 m
CINMS,2017-03-01,1.0135043611028454,1.0904807111002357,188,212,depth >= 30 m
CINMS,2017-04-01,1.2768823502469604,1.318506593411824,188,212,depth >= 30 m
CINMS,2017-05-01,1.9059354151528984,2.081491790571301,188,212,depth >= 30 m
CINMS,2017-06-01,1.3249318837090651,1.564855939093626,188,212,depth >= 30 m
CINMS,2017-07-01,0.7892049425554367,0.9531003322522594,188,212,depth >= 30 m
CINMS,2017-08-01,0.7112898772291132,0.8482027736334299,188,212,depth >= 30 m
CINMS,2017-09-01,0.759430727364934,0.8515758791340978,188,212,depth >= 30 m
CINMS,2017-10-01,0.6662582373418949,0.7904239278638144,188,212,depth >= 30 m
CINMS,2017-11-01,0.8371755533563142,0.9085210942715972,188,212,depth >= 30 m
CINMS,2017-12-01,0.7924775922821742,0.8215938258283539,188,212,depth >= 30 m
CINMS,2018-01-01,0.8716025028125846,0.8972952790417761,188,212,depth >= 30 m
CINMS,2018-02-01,0.7803924171673066,0.8449737795119021,188,212,depth >= 30 m
CINMS,2018-03-01,0.96366457551911755,0.9855437495236126,188,212,depth >= 30 m
CINMS,2018-04-01,1.6565954436420491,1.736967039558122,188,212,depth >= 30 m
CINMS,2018-05-01,0.9961732411558472,1.112407971524968,188,212,depth >= 30 m
CINMS,2018-06-01,1.0351526649470957,1.29188867320992,188,212,depth >= 30 m
CINMS,2018-07-01,1.098814634131621,1.193390846533595,188,212,depth >= 30 m
CINMS,2018-08-01,0.7382160160639342,0.853925760483966,188,212,depth >= 30 m
CINMS,2018-09-01,0.9998548597372868,1.0325684969155295,188,212,depth >= 30 m
CINMS,2018-10-01,0.5215746052566094,0.5622565276780218,188,212,depth >= 30 m
CINMS,2018-11-01,0.4338233287356222,0.464160174482836,188,212,depth >= 30 m
CINMS,2018-12-01,0.6914450639074722,0.730066316307716,188,212,depth >= 30 m
CINMS,2019-01-01,0.7097252706610162,0.7291758278349658,188,212,depth >= 30 m
CINMS,2019-02-01,0.8719201080863072,0.9035671859417322,188,212,depth >= 30 m
CINMS,2019-03-01,0.9614465787626932,1.011069956815467,188,212,depth >= 30 m
CINMS,2019-04-01,1.0682317346575416,1.163170659317161,188,212,depth >= 30 m
CINMS,2019-05-01,0.8971273428117496,0.9398226910885772,188,212,depth >= 30 m
CINMS,2019-06-01,0.84381035400228,0.9280439092303224,188,212,depth >= 30 m
CINMS,2019-07-01,1.130180174806827,1.32937749039452,188,212,depth >= 30 m
CINMS,2019-08-01,1.4976690522881957,1.538865186133475,188,212,depth >= 30 m
CINMS,2019-09-01,1.2019226698758692,1.253477986128825,188,212,depth >= 30 m
CINMS,2019-10-01,1.1534047927946398,1.2632801265649074,188,212,depth >= 30 m
CINMS,2019-11-01,0.848616312447409,0.9075668334679784,188,212,depth >= 30 m
CINMS,2019-12-01,1.0248584708548838,1.053935450203014,188,212,depth >= 30 m
CINMS,2020-01-01,0.9093787448502214,0.9866683672902726,188,212,depth >= 30 m
CINMS,2020-02-01,0.7489866165116611,0.8560248912786534,188,212,depth >= 30 m
CINMS,2020-03-01,0.6812659376692691,0.7724973743535434,188,212,depth >= 30 m
CINMS,2020-04-01,1.1006259633021838,1.2435467545435115,188,212,depth >= 30 m
CINMS,2020-05-01,1.2778781464990543,1.55708813266653,188,212,depth >= 30 m
CINMS,2020-06-01,1.710595078966476,2.0272640479060815,188,212,depth >= 30 m
CINMS,2020-07-01,1.6864077191312792,1.764511784854925,188,212,depth >= 30 m
CINMS,2020-08-01,1.1739268958001023,1.326481827868606,188,212,depth >= 30 m
CINMS,2020-09-01,0.8440280988400117,0.9406164174653442,188,212,depth >= 30 m
CINMS,2020-10-01,0.7511114432897339,0.7986389283301694,188,212,depth >= 30 m
CINMS,2020-11-01,1.3493696581634609,1.4182130185500634,188,212,depth >= 30 m
CINMS,2020-12-01,1.2412044089245142,1.3118414954756787,188,212,depth >= 30 m
CINMS,2021-01-01,1.258667307742364,1.3473421495478115,188,212,depth >= 30 m
CINMS,2021-02-01,1.3746447863307558,1.4015788559643725,188,212,depth >= 30 m
CINMS,2021-03-01,1.6687241071751362,1.800476554992063,188,212,depth >= 30 m
CINMS,2021-04-01,1.2997395377809002,1.352072563936125,188,212,depth >= 30 m
CINMS,2021-05-01,1.1721176090427146,1.2352801904363453,188,212,depth >= 30 m
CINMS,2021-06-01,0.9084732861928922,1.0024555672733284,188,212,depth >= 30 m
CINMS,2021-07-01,0.6416667757449487,0.8238700828139809,187,211,depth >= 30 m
CINMS,2021-08-01,0.7108956722356736,0.8819903623101853,188,212,depth >= 30 m
CINMS,2021-09-01,1.0050993333844556,1.0664314543301203,188,212,depth >= 30 m
CINMS,2021-10-01,1.6282165432479776,1.713394171786757,188,212,depth >= 30 m
CINMS,2021-11-01,1.0240033181882409,1.0696920547282915,188,212,depth >= 30 m
CINMS,2021-12-01,0.875903809246034,0.9076591811652448,188,212,depth >= 30 m
CINMS,2022-01-01,0.8804948148017503,0.8926524050393194,188,212,depth >= 30 m
CINMS,2022-02-01,1.12358793051166,1.1601749458965267,188,212,depth >= 30 m
CINMS,2022-03-01,1.6051457391556263,1.6782712658058918,188,212,depth >= 30 m
CINMS,2022-04-01,1.6127908047902737,1.6936689404384149,188,212,depth >= 30 m
CINMS,2022-05-01,1.4885033438300108,1.5976429103680378,188,212,depth >= 30 m
CINMS,2022-06-01,0.8926216316073347,0.9820275285615117,188,212,depth >= 30 m
CINMS,2022-07-01,1.0127309149277808,1.2294686620809003,188,212,depth >= 30 m
CINMS,2022-08-01,0.9403744918144148,1.1223411554435525,188,212,depth >= 30 m
CINMS,2022-09-01,0.8679534408917218,0.981113307318598,188,212,depth >= 30 m
CINMS,2022-10-01,1.2218590135805,1.321397087484035,188,212,depth >= 30 m
CINMS,2022-11-01,1.1815973489458,1.244768179531368,188,212,depth >= 30 m
CINMS,2022-12-01,0.8984622022570848,0.9116261384959492,188,212,depth >= 30 m
CINMS,2023-01-01,1.0509585779182018,1.0796491396877004,188,212,depth >= 30 m
CINMS,2023-02-01,0.9988940099738938,1.0143243389309573,188,212,depth >= 30 m
CINMS,2023-03-01,1.1403153013376632,1.1672170055362416,188,212,depth >= 30 m
CINMS,2023-04-01,1.418184676061885,1.4781304870573972,188,212,depth >= 30 m
CINMS,2023-05-01,1.1074641438726185,1.2149751532190247,188,212,depth >= 30 m
CINMS,2023-06-01,0.8397073705836745,0.955175499589938,188,212,depth >= 30 m
CINMS,2023-07-01,0.748477006036671,1.0881202220916748,188,212,depth >= 30 m
CINMS,2023-08-01,0.5254604477014181,0.6066327527305996,188,212,depth >= 30 m
CINMS,2023-09-01,0.5787872274900083,0.6167621088196645,188,212,depth >= 30 m
CINMS,2023-10-01,0.6434725501119192,0.7088655947514302,188,212,depth >= 30 m
CINMS,2023-11-01,0.5552537685666353,0.5936253557227691,188,212,depth >= 30 m
CINMS,2023-12-01,0.5948071379597525,0.6522897860070447,188,212,depth >= 30 m
CINMS,2024-01-01,0.7742532668770161,0.8242019784619228,188,212,depth >= 30 m
CINMS,2024-02-01,0.6045283312171765,0.6257960033023132,188,212,depth >= 30 m
CINMS,2024-03-01,1.1841949670191938,1.2329369381351292,188,212,depth >= 30 m
CINMS,2024-04-01,1.300095848290182,1.3275464894074311,188,212,depth >= 30 m
CINMS,2024-05-01,1.6380540734572748,1.7896966765511697,188,212,depth >= 30 m
CINMS,2024-06-01,0.9445874699796202,1.2031259580322031,188,212,depth >= 30 m
CINMS,2024-07-01,0.7452478277566216,1.0127829047587693,188,212,depth >= 30 m
CINMS,2024-08-01,0.7409245574699644,1.154371364007018,188,212,depth >= 30 m
CINMS,2024-09-01,0.9241795579070092,1.48035166215784,188,212,depth >= 30 m
CINMS,2024-10-01,0.7993151694054077,0.9289232881845164,188,212,depth >= 30 m
CINMS,2024-11-01,1.30198488179332,1.3980826770640769,188,212,depth >= 30 m
CINMS,2024-12-01,0.9090050332754392,0.9444937197104945,188,212,depth >= 30 m
CINMS,2025-01-01,1.1410830751126846,1.1852430487578776,188,212,depth >= 30 m
CINMS,2025-02-01,1.380055979606222,1.4546431322705065,188,212,depth >= 30 m
CINMS,2025-03-01,1.8423877089952203,1.8545050159940175,188,212,depth >= 30 m
CINMS,2025-04-01,1.4220534555364006,1.52559424065194,188,212,depth >= 30 m
CINMS,2025-05-01,2.0178216028752516,2.36058399685711,188,212,depth >= 30 m
CINMS,2025-06-01,1.474248925048731,1.7958163568433712,188,212,depth >= 30 m
CINMS,2025-07-01,1.0236147550221155,1.223541294582762,184,208,depth >= 30 m
CINMS,2025-08-01,1.0806512680556115,1.252264808933691,188,212,depth >= 30 m
CINMS,2025-09-01,0.7123390570521113,0.8692259760397781,188,212,depth >= 30 m
CINMS,2025-10-01,0.8090921180246569,0.9188685300496384,188,212,depth >= 30 m
CINMS,2025-11-01,0.826722516588976,0.8761827632222536,188,212,depth >= 30 m
CINMS,2025-12-01,0.7790709923583332,0.801191029964753,188,212,depth >= 30 m
CINMS,2026-01-01,0.5895995459221657,0.6084291324862893,188,212,depth >= 30 m
CINMS,2026-02-01,0.7635256325787143,0.8417347827047676,188,212,depth >= 30 m
CINMS,2026-03-01,1.0248591319214682,1.1493158015721243,188,212,depth >= 30 m
CINMS,2026-04-01,0.6332962535347835,0.6809446574100906,188,212,depth >= 30 m
CINMS,2026-05-01,0.7103662006464037,0.8512784116110724,188,212,depth >= 30 m
CINMS,2026-06-01,0.8368750303923064,1.0651400852596975,188,212,depth >= 30 m
PNMS,1997-09-01,0.07816052460829424,0.08135639505189934,74713,74905,depth >= 30 m; cos(lat) weighted; two parts at the antimeridian; chlorophyll stride 1
PNMS,1997-10-01,0.07327917684570674,0.07510588987822711,77758,77944,depth >= 30 m; cos(lat) weighted; two parts at the antimeridian; chlorophyll stride 1
PNMS,1997-11-01,0.08008351287125369,0.08185898703964145,76767,76956,depth >= 30 m; cos(lat) weighted; two parts at the antimeridian; chlorophyll stride 1
PNMS,1997-12-01,0.09507674826209646,0.09788462245842484,74725,74923,depth >= 30 m; cos(lat) weighted; two parts at the antimeridian; chlorophyll stride 1
PNMS,1998-01-01,0.1222107334323315,0.13396255017592298,76843,77035,depth >= 30 m; cos(lat) weighted; two parts at the antimeridian; chlorophyll stride 1
PNMS,1998-02-01,0.1153725569446284,0.12973012823541158,77340,77541,depth >= 30 m; cos(lat) weighted; two parts at the antimeridian; chlorophyll stride 1
PNMS,1998-03-01,0.08591253480220072,0.10144468384435122,77121,77313,depth >= 30 m; cos(lat) weighted; two parts at the antimeridian; chlorophyll stride 1
PNMS,1998-04-01,0.07150077270280242,0.07559632407563777,77777,77973,depth >= 30 m; cos(lat) weighted; two parts at the antimeridian; chlorophyll stride 1
PNMS,1998-05-01,0.07293540033415126,0.07455355717701145,68595,68793,depth >= 30 m; cos(lat) weighted; two parts at the antimeridian; chlorophyll stride 1
PNMS,1998-06-01,0.0673841508690308,0.06930446865386461,62708,62859,depth >= 30 m; cos(lat) weighted; two parts at the antimeridian; chlorophyll stride 1
PNMS,1998-07-01,0.07147649712806545,0.07461457969476669,64992,65127,depth >= 30 m; cos(lat) weighted; two parts at the antimeridian; chlorophyll stride 1
PNMS,1998-08-01,0.07575929641703685,0.07958692479654543,77276,77467,depth >= 30 m; cos(lat) weighted; two parts at the antimeridian; chlorophyll stride 1
PNMS,1998-09-01,0.06212586637471858,0.06376303240870161,77999,78196,depth >= 30 m; cos(lat) weighted; two parts at the antimeridian; chlorophyll stride 1
PNMS,1998-10-01,0.06161651501851733,0.06317663963348084,77246,77440,depth >= 30 m; cos(lat) weighted; two parts at the antimeridian; chlorophyll stride 1
PNMS,1998-11-01,0.07396422560962726,0.07619287368674275,77461,77624,depth >= 30 m; cos(lat) weighted; two parts at the antimeridian; chlorophyll stride 1
PNMS,1998-12-01,0.08912247683094603,0.09185672159263704,75723,75903,depth >= 30 m; cos(lat) weighted; two parts at the antimeridian; chlorophyll stride 1
PNMS,1999-01-01,0.09292730350684526,0.09764584474043252,75658,75854,depth >= 30 m; cos(lat) weighted; two parts at the antimeridian; chlorophyll stride 1
PNMS,1999-02-01,0.07309233803072435,0.07646134004541218,77972,78167,depth >= 30 m; cos(lat) weighted; two parts at the antimeridian; chlorophyll stride 1
PNMS,1999-03-01,0.07215435180058999,0.07558034123212337,74700,74871,depth >= 30 m; cos(lat) weighted; two parts at the antimeridian; chlorophyll stride 1
PNMS,1999-04-01,0.06613027910000963,0.06859995934275599,74631,74800,depth >= 30 m; cos(lat) weighted; two parts at the antimeridian; chlorophyll stride 1
PNMS,1999-05-01,0.0635472530355928,0.06539114258702744,66558,66701,depth >= 30 m; cos(lat) weighted; two parts at the antimeridian; chlorophyll stride 1
PNMS,1999-06-01,0.05943693554755892,0.06090800141433475,64338,64454,depth >= 30 m; cos(lat) weighted; two parts at the antimeridian; chlorophyll stride 1
PNMS,1999-07-01,0.05743894758233412,0.05937483434638881,67915,68058,depth >= 30 m; cos(lat) weighted; two parts at the antimeridian; chlorophyll stride 1
PNMS,1999-08-01,0.05814733243390386,0.05994651004303407,78195,78403,depth >= 30 m; cos(lat) weighted; two parts at the antimeridian; chlorophyll stride 1
PNMS,1999-09-01,0.06060163664199192,0.06240889660488859,78130,78331,depth >= 30 m; cos(lat) weighted; two parts at the antimeridian; chlorophyll stride 1
PNMS,1999-10-01,0.06655574852161707,0.06816655442239017,78084,78282,depth >= 30 m; cos(lat) weighted; two parts at the antimeridian; chlorophyll stride 1
PNMS,1999-11-01,0.08256885573766078,0.0849686997521649,76729,76922,depth >= 30 m; cos(lat) weighted; two parts at the antimeridian; chlorophyll stride 1
PNMS,1999-12-01,0.0953672056372642,0.0987031058425442,77016,77217,depth >= 30 m; cos(lat) weighted; two parts at the antimeridian; chlorophyll stride 1
PNMS,2000-01-01,0.09172245100423686,0.094895870754800965,76823,77016,depth >= 30 m; cos(lat) weighted; two parts at the antimeridian; chlorophyll stride 1
PNMS,2000-02-01,0.07189939299597888,0.07884870847880086,77070,77256,depth >= 30 m; cos(lat) weighted; two parts at the antimeridian; chlorophyll stride 1
PNMS,2000-03-01,0.06225835121204068,0.07053107912584053,77095,77291,depth >= 30 m; cos(lat) weighted; two parts at the antimeridian; chlorophyll stride 1
PNMS,2000-04-01,0.06696871753856798,0.07064766056047687,78146,78346,depth >= 30 m; cos(lat) weighted; two parts at the antimeridian; chlorophyll stride 1
PNMS,2000-05-01,0.05751139023789781,0.05955272053044802,76405,76600,depth >= 30 m; cos(lat) weighted; two parts at the antimeridian; chlorophyll stride 1
PNMS,2000-06-01,0.05995646885661537,0.06213450806237639,76723,76920,depth >= 30 m; cos(lat) weighted; two parts at the antimeridian; chlorophyll stride 1
PNMS,2000-07-01,0.06454059853882067,0.06739955331589821,74233,74428,depth >= 30 m; cos(lat) weighted; two parts at the antimeridian; chlorophyll stride 1
PNMS,2000-08-01,0.05766509119427673,0.05935691381899811,77855,78051,depth >= 30 m; cos(lat) weighted; two parts at the antimeridian; chlorophyll stride 1
PNMS,2000-09-01,0.05730236993393442,0.05908572739001435,78181,78387,depth >= 30 m; cos(lat) weighted; two parts at the antimeridian; chlorophyll stride 1
PNMS,2000-10-01,0.06306192005423225,0.06466051814120846,78095,78292,depth >= 30 m; cos(lat) weighted; two parts at the antimeridian; chlorophyll stride 1
PNMS,2000-11-01,0.0736231057748383,0.07565043771565,78176,78382,depth >= 30 m; cos(lat) weighted; two parts at the antimeridian; chlorophyll stride 1
PNMS,2000-12-01,0.08778939310011208,0.09029215404819664,77479,77683,depth >= 30 m; cos(lat) weighted; two parts at the antimeridian; chlorophyll stride 1
PNMS,2001-01-01,0.08682020665766044,0.09357211190420071,77176,77380,depth >= 30 m; cos(lat) weighted; two parts at the antimeridian; chlorophyll stride 1
PNMS,2001-02-01,0.08524943820488354,0.09031214977805084,78089,78292,depth >= 30 m; cos(lat) weighted; two parts at the antimeridian; chlorophyll stride 1
PNMS,2001-03-01,0.07931654841603875,0.08698027096795038,77381,77582,depth >= 30 m; cos(lat) weighted; two parts at the antimeridian; chlorophyll stride 1
PNMS,2001-04-01,0.07254434590300193,0.07601384523361215,77510,77708,depth >= 30 m; cos(lat) weighted; two parts at the antimeridian; chlorophyll stride 1
PNMS,2001-05-01,0.06527084470688997,0.0673051360314041,76744,76941,depth >= 30 m; cos(lat) weighted; two parts at the antimeridian; chlorophyll stride 1
PNMS,2001-06-01,0.06349865860235307,0.06584952187471729,72849,73017,depth >= 30 m; cos(lat) weighted; two parts at the antimeridian; chlorophyll stride 1
PNMS,2001-07-01,0.05967588193336566,0.06212171284219476,76726,76923,depth >= 30 m; cos(lat) weighted; two parts at the antimeridian; chlorophyll stride 1
PNMS,2001-08-01,0.06326728837438167,0.06590863966818868,77734,77937,depth >= 30 m; cos(lat) weighted; two parts at the antimeridian; chlorophyll stride 1
PNMS,2001-09-01,0.06184339742175887,0.06388783164266942,78222,78426,depth >= 30 m; cos(lat) weighted; two parts at the antimeridian; chlorophyll stride 1
PNMS,2001-10-01,0.06681243287141521,0.06882348140662842,78153,78358,depth >= 30 m; cos(lat) weighted; two parts at the antimeridian; chlorophyll stride 1
PNMS,2001-11-01,0.07909326457934439,0.08083807960593163,77882,78088,depth >= 30 m; cos(lat) weighted; two parts at the antimeridian; chlorophyll stride 1
PNMS,2001-12-01,0.08909108982540952,0.09102103082382978,78144,78351,depth >= 30 m; cos(lat) weighted; two parts at the antimeridian; chlorophyll stride 1
PNMS,2002-01-01,0.11353663247955408,0.11814484198418285,77959,78149,depth >= 30 m; cos(lat) weighted; two parts at the antimeridian; chlorophyll stride 1
PNMS,2002-02-01,0.08332493155376408,0.08702904573666928,77952,78154,depth >= 30 m; cos(lat) weighted; two parts at the antimeridian; chlorophyll stride 1
PNMS,2002-03-01,0.08485617977859651,0.08877059537971126,77593,77786,depth >= 30 m; cos(lat) weighted; two parts at the antimeridian; chlorophyll stride 1
PNMS,2002-04-01,0.08612687639269967,0.09294538867893828,71833,72017,depth >= 30 m; cos(lat) weighted; two parts at the antimeridian; chlorophyll stride 1
PNMS,2002-05-01,0.06318364041096874,0.06522173116660274,77766,77976,depth >= 30 m; cos(lat) weighted; two parts at the antimeridian; chlorophyll stride 1
PNMS,2002-06-01,0.05704179676409931,0.05863431842970833,78206,78416,depth >= 30 m; cos(lat) weighted; two parts at the antimeridian; chlorophyll stride 1
PNMS,2002-07-01,0.06023048538142817,0.06223434491223563,78223,78433,depth >= 30 m; cos(lat) weighted; two parts at the antimeridian; chlorophyll stride 1
PNMS,2002-08-01,0.06444500133736239,0.06667158035177335,78228,78438,depth >= 30 m; cos(lat) weighted; two parts at the antimeridian; chlorophyll stride 1
PNMS,2002-09-01,0.0592515009239315,0.06112820723556136,78228,78438,depth >= 30 m; cos(lat) weighted; two parts at the antimeridian; chlorophyll stride 1
PNMS,2002-10-01,0.06414547853259708,0.06585466318946037,78223,78433,depth >= 30 m; cos(lat) weighted; two parts at the antimeridian; chlorophyll stride 1
PNMS,2002-11-01,0.0767691943855089,0.07858952570389012,78227,78437,depth >= 30 m; cos(lat) weighted; two parts at the antimeridian; chlorophyll stride 1
PNMS,2002-12-01,0.08379130618954889,0.08699214228200153,78228,78438,depth >= 30 m; cos(lat) weighted; two parts at the antimeridian; chlorophyll stride 1
PNMS,2003-01-01,0.11830888209959246,0.12581027394639469,78227,78437,depth >= 30 m; cos(lat) weighted; two parts at the antimeridian; chlorophyll stride 1
PNMS,2003-02-01,0.11407617039868707,0.1251890585063304,78228,78438,depth >= 30 m; cos(lat) weighted; two parts at the antimeridian; chlorophyll stride 1
PNMS,2003-03-01,0.08973452553355885,0.10752885734699152,78228,78438,depth >= 30 m; cos(lat) weighted; two parts at the antimeridian; chlorophyll stride 1
PNMS,2003-04-01,0.07250377562314983,0.07828685718158068,78228,78438,depth >= 30 m; cos(lat) weighted; two parts at the antimeridian; chlorophyll stride 1
PNMS,2003-05-01,0.06919259458167533,0.0717857601891858,78228,78438,depth >= 30 m; cos(lat) weighted; two parts at the antimeridian; chlorophyll stride 1
PNMS,2003-06-01,0.063875278017375,0.06575085871717914,78228,78438,depth >= 30 m; cos(lat) weighted; two parts at the antimeridian; chlorophyll stride 1
PNMS,2003-07-01,0.06019622520734299,0.06173945237802539,78228,78438,depth >= 30 m; cos(lat) weighted; two parts at the antimeridian; chlorophyll stride 1
PNMS,2003-08-01,0.05994651174919643,0.06136781385949404,78228,78438,depth >= 30 m; cos(lat) weighted; two parts at the antimeridian; chlorophyll stride 1
PNMS,2003-09-01,0.06525813257728377,0.0670239032453659,78228,78438,depth >= 30 m; cos(lat) weighted; two parts at the antimeridian; chlorophyll stride 1
PNMS,2003-10-01,0.06853162789139881,0.07011050922650165,78228,78438,depth >= 30 m; cos(lat) weighted; two parts at the antimeridian; chlorophyll stride 1
PNMS,2003-11-01,0.08016990608557042,0.08227082704258039,78210,78420,depth >= 30 m; cos(lat) weighted; two parts at the antimeridian; chlorophyll stride 1
PNMS,2003-12-01,0.08218710699740098,0.08554072553226061,78228,78438,depth >= 30 m; cos(lat) weighted; two parts at the antimeridian; chlorophyll stride 1
PNMS,2004-01-01,0.10297373908034416,0.11249320703992376,78117,78325,depth >= 30 m; cos(lat) weighted; two parts at the antimeridian; chlorophyll stride 1
PNMS,2004-02-01,0.0962896612684152,0.11412406314758249,78228,78438,depth >= 30 m; cos(lat) weighted; two parts at the antimeridian; chlorophyll stride 1
PNMS,2004-03-01,0.10238438979505043,0.11919918161558,78224,78434,depth >= 30 m; cos(lat) weighted; two parts at the antimeridian; chlorophyll stride 1
PNMS,2004-04-01,0.07688942316412262,0.08057575824531914,78216,78426,depth >= 30 m; cos(lat) weighted; two parts at the antimeridian; chlorophyll stride 1
PNMS,2004-05-01,0.07308577879961486,0.07556809978144804,78106,78316,depth >= 30 m; cos(lat) weighted; two parts at the antimeridian; chlorophyll stride 1
PNMS,2004-06-01,0.06872982616487708,0.07052638197639648,78228,78438,depth >= 30 m; cos(lat) weighted; two parts at the antimeridian; chlorophyll stride 1
PNMS,2004-07-01,0.06929680697567098,0.07115551314338618,78228,78438,depth >= 30 m; cos(lat) weighted; two parts at the antimeridian; chlorophyll stride 1
PNMS,2004-08-01,0.06203383576528511,0.06380559812654943,78228,78438,depth >= 30 m; cos(lat) weighted; two parts at the antimeridian; chlorophyll stride 1
PNMS,2004-09-01,0.05924625498781762,0.06121873527427038,78228,78438,depth >= 30 m; cos(lat) weighted; two parts at the antimeridian; chlorophyll stride 1
PNMS,2004-10-01,0.0650103880934106,0.06686276144631587,78228,78438,depth >= 30 m; cos(lat) weighted; two parts at the antimeridian; chlorophyll stride 1
PNMS,2004-11-01,0.07509706505783129,0.07711975057220738,78228,78438,depth >= 30 m; cos(lat) weighted; two parts at the antimeridian; chlorophyll stride 1
PNMS,2004-12-01,0.0895332367144064,0.09514037109677397,77983,78189,depth >= 30 m; cos(lat) weighted; two parts at the antimeridian; chlorophyll stride 1
PNMS,2005-01-01,0.12435405516365972,0.1360087798216046,78195,78405,depth >= 30 m; cos(lat) weighted; two parts at the antimeridian; chlorophyll stride 1
PNMS,2005-02-01,0.09906107550139952,0.11272839418446608,78228,78438,depth >= 30 m; cos(lat) weighted; two parts at the antimeridian; chlorophyll stride 1
PNMS,2005-03-01,0.10087684947408306,0.114527327952911,78207,78417,depth >= 30 m; cos(lat) weighted; two parts at the antimeridian; chlorophyll stride 1
PNMS,2005-04-01,0.07946276824522615,0.08720606750749846,78224,78434,depth >= 30 m; cos(lat) weighted; two parts at the antimeridian; chlorophyll stride 1
PNMS,2005-05-01,0.06785253764011626,0.07112887518188009,78228,78438,depth >= 30 m; cos(lat) weighted; two parts at the antimeridian; chlorophyll stride 1
PNMS,2005-06-01,0.06359303886179611,0.06644537825154141,78227,78437,depth >= 30 m; cos(lat) weighted; two parts at the antimeridian; chlorophyll stride 1
PNMS,2005-07-01,0.06044634355893693,0.06249035325334753,78228,78438,depth >= 30 m; cos(lat) weighted; two parts at the antimeridian; chlorophyll stride 1
PNMS,2005-08-01,0.0613514066533395,0.06315038736895028,78228,78438,depth >= 30 m; cos(lat) weighted; two parts at the antimeridian; chlorophyll stride 1
PNMS,2005-09-01,0.0617732791381589,0.0635029690583598,78228,78438,depth >= 30 m; cos(lat) weighted; two parts at the antimeridian; chlorophyll stride 1
PNMS,2005-10-01,0.06565488302189747,0.06724179900878921,78228,78438,depth >= 30 m; cos(lat) weighted; two parts at the antimeridian; chlorophyll stride 1
PNMS,2005-11-01,0.07295930912603193,0.07496234427030445,78228,78438,depth >= 30 m; cos(lat) weighted; two parts at the antimeridian; chlorophyll stride 1
PNMS,2005-12-01,0.08416831579965893,0.0895141985827734,78228,78438,depth >= 30 m; cos(lat) weighted; two parts at the antimeridian; chlorophyll stride 1
PNMS,2006-01-01,0.09035735732938324,0.09968658829093702,78133,78343,depth >= 30 m; cos(lat) weighted; two parts at the antimeridian; chlorophyll stride 1
PNMS,2006-02-01,0.09476914526375724,0.10275572113704652,78136,78345,depth >= 30 m; cos(lat) weighted; two parts at the antimeridian; chlorophyll stride 1
PNMS,2006-03-01,0.08232867517591236,0.09003144771174691,78158,78367,depth >= 30 m; cos(lat) weighted; two parts at the antimeridian; chlorophyll stride 1
PNMS,2006-04-01,0.06559248136952013,0.06740609689373193,78228,78438,depth >= 30 m; cos(lat) weighted; two parts at the antimeridian; chlorophyll stride 1
PNMS,2006-05-01,0.06288958772921156,0.06460970562573862,78213,78423,depth >= 30 m; cos(lat) weighted; two parts at the antimeridian; chlorophyll stride 1
PNMS,2006-06-01,0.06217283450961685,0.06439895474045527,78228,78438,depth >= 30 m; cos(lat) weighted; two parts at the antimeridian; chlorophyll stride 1
PNMS,2006-07-01,0.06121528388671814,0.06329741291372182,78228,78438,depth >= 30 m; cos(lat) weighted; two parts at the antimeridian; chlorophyll stride 1
PNMS,2006-08-01,0.06065203714350096,0.06308026088099478,78228,78438,depth >= 30 m; cos(lat) weighted; two parts at the antimeridian; chlorophyll stride 1
PNMS,2006-09-01,0.05869116136175457,0.06059201721605119,78228,78438,depth >= 30 m; cos(lat) weighted; two parts at the antimeridian; chlorophyll stride 1
PNMS,2006-10-01,0.06386417283009657,0.06572510442790994,78223,78433,depth >= 30 m; cos(lat) weighted; two parts at the antimeridian; chlorophyll stride 1
PNMS,2006-11-01,0.07542324076616527,0.07717395623389381,78225,78435,depth >= 30 m; cos(lat) weighted; two parts at the antimeridian; chlorophyll stride 1
PNMS,2006-12-01,0.08232054381314224,0.08456668202893075,78216,78426,depth >= 30 m; cos(lat) weighted; two parts at the antimeridian; chlorophyll stride 1
PNMS,2007-01-01,0.09033560199444551,0.09534040367878148,78228,78438,depth >= 30 m; cos(lat) weighted; two parts at the antimeridian; chlorophyll stride 1
PNMS,2007-02-01,0.106974611729426,0.1190625715731636,78223,78433,depth >= 30 m; cos(lat) weighted; two parts at the antimeridian; chlorophyll stride 1
PNMS,2007-03-01,0.0887790327952306,0.10845941951949369,78228,78438,depth >= 30 m; cos(lat) weighted; two parts at the antimeridian; chlorophyll stride 1
PNMS,2007-04-01,0.06917702383218755,0.07570007011013316,78225,78435,depth >= 30 m; cos(lat) weighted; two parts at the antimeridian; chlorophyll stride 1
PNMS,2007-05-01,0.06337726934200694,0.06551665184708132,78177,78387,depth >= 30 m; cos(lat) weighted; two parts at the antimeridian; chlorophyll stride 1
PNMS,2007-06-01,0.05818463499363986,0.05998930744787881,78228,78438,depth >= 30 m; cos(lat) weighted; two parts at the antimeridian; chlorophyll stride 1
PNMS,2007-07-01,0.05775191582850144,0.05928376257762141,78228,78438,depth >= 30 m; cos(lat) weighted; two parts at the antimeridian; chlorophyll stride 1
PNMS,2007-08-01,0.05924912750658487,0.06092705912301457,78228,78438,depth >= 30 m; cos(lat) weighted; two parts at the antimeridian; chlorophyll stride 1
PNMS,2007-09-01,0.06092615089986965,0.0626162790148603,78228,78438,depth >= 30 m; cos(lat) weighted; two parts at the antimeridian; chlorophyll stride 1
PNMS,2007-10-01,0.06667761023295682,0.06861298225765691,78228,78438,depth >= 30 m; cos(lat) weighted; two parts at the antimeridian; chlorophyll stride 1
PNMS,2007-11-01,0.07444886356476262,0.07634869685334869,78228,78438,depth >= 30 m; cos(lat) weighted; two parts at the antimeridian; chlorophyll stride 1
PNMS,2007-12-01,0.09036021223399684,0.09308757445500596,78189,78399,depth >= 30 m; cos(lat) weighted; two parts at the antimeridian; chlorophyll stride 1
PNMS,2008-01-01,0.09660822211143975,0.10181114455575428,78191,78399,depth >= 30 m; cos(lat) weighted; two parts at the antimeridian; chlorophyll stride 1
PNMS,2008-02-01,0.07714790659299975,0.08289644541008415,78030,78240,depth >= 30 m; cos(lat) weighted; two parts at the antimeridian; chlorophyll stride 1
PNMS,2008-03-01,0.07213515368582614,0.07810012686717774,78157,78367,depth >= 30 m; cos(lat) weighted; two parts at the antimeridian; chlorophyll stride 1
PNMS,2008-04-01,0.06190761397724538,0.06366734539779163,78221,78431,depth >= 30 m; cos(lat) weighted; two parts at the antimeridian; chlorophyll stride 1
PNMS,2008-05-01,0.05587599906235311,0.05755217568007699,78220,78430,depth >= 30 m; cos(lat) weighted; two parts at the antimeridian; chlorophyll stride 1
PNMS,2008-06-01,0.05446738308457682,0.05655399550102934,78227,78437,depth >= 30 m; cos(lat) weighted; two parts at the antimeridian; chlorophyll stride 1
PNMS,2008-07-01,0.05238383442479677,0.05422174875217658,78228,78438,depth >= 30 m; cos(lat) weighted; two parts at the antimeridian; chlorophyll stride 1
PNMS,2008-08-01,0.05098424225079591,0.05296497522057832,78228,78438,depth >= 30 m; cos(lat) weighted; two parts at the antimeridian; chlorophyll stride 1
PNMS,2008-09-01,0.0534526661402232,0.05596548117613861,78228,78438,depth >= 30 m; cos(lat) weighted; two parts at the antimeridian; chlorophyll stride 1
PNMS,2008-10-01,0.05954262343082561,0.06190885998519372,78228,78438,depth >= 30 m; cos(lat) weighted; two parts at the antimeridian; chlorophyll stride 1
PNMS,2008-11-01,0.07443849239673285,0.07599982382248172,78228,78438,depth >= 30 m; cos(lat) weighted; two parts at the antimeridian; chlorophyll stride 1
PNMS,2008-12-01,0.10533166253117908,0.1108245591349218,77672,77882,depth >= 30 m; cos(lat) weighted; two parts at the antimeridian; chlorophyll stride 1
PNMS,2009-01-01,0.10650132079921122,0.11444539854632832,78127,78337,depth >= 30 m; cos(lat) weighted; two parts at the antimeridian; chlorophyll stride 1
PNMS,2009-02-01,0.09214492045107112,0.10168093099838324,78226,78436,depth >= 30 m; cos(lat) weighted; two parts at the antimeridian; chlorophyll stride 1
PNMS,2009-03-01,0.08480366614336421,0.09040811693823277,78122,78332,depth >= 30 m; cos(lat) weighted; two parts at the antimeridian; chlorophyll stride 1
PNMS,2009-04-01,0.05975522669629057,0.06119863155235643,78228,78438,depth >= 30 m; cos(lat) weighted; two parts at the antimeridian; chlorophyll stride 1
PNMS,2009-05-01,0.06029815346386645,0.06180102162200949,78129,78339,depth >= 30 m; cos(lat) weighted; two parts at the antimeridian; chlorophyll stride 1
PNMS,2009-06-01,0.05204538684404261,0.05359215482418498,78228,78438,depth >= 30 m; cos(lat) weighted; two parts at the antimeridian; chlorophyll stride 1
PNMS,2009-07-01,0.04823559203102885,0.0500220793365857,78228,78438,depth >= 30 m; cos(lat) weighted; two parts at the antimeridian; chlorophyll stride 1
PNMS,2009-08-01,0.05024256162717427,0.05218348593189433,78228,78438,depth >= 30 m; cos(lat) weighted; two parts at the antimeridian; chlorophyll stride 1
PNMS,2009-09-01,0.05557963256539217,0.05785773307300163,78228,78438,depth >= 30 m; cos(lat) weighted; two parts at the antimeridian; chlorophyll stride 1
PNMS,2009-10-01,0.06001794758134198,0.06191949984307656,78228,78438,depth >= 30 m; cos(lat) weighted; two parts at the antimeridian; chlorophyll stride 1
PNMS,2009-11-01,0.0812465467118177,0.08300198901283656,78228,78438,depth >= 30 m; cos(lat) weighted; two parts at the antimeridian; chlorophyll stride 1
PNMS,2009-12-01,0.09253527111376098,0.09499913366652207,78228,78438,depth >= 30 m; cos(lat) weighted; two parts at the antimeridian; chlorophyll stride 1
PNMS,2010-01-01,0.11258407870794268,0.11952113997785568,78226,78436,depth >= 30 m; cos(lat) weighted; two parts at the antimeridian; chlorophyll stride 1
PNMS,2010-02-01,0.11834872008999804,0.1305609250669503,78226,78436,depth >= 30 m; cos(lat) weighted; two parts at the antimeridian; chlorophyll stride 1
PNMS,2010-03-01,0.10080505672741864,0.10852531216087104,78228,78438,depth >= 30 m; cos(lat) weighted; two parts at the antimeridian; chlorophyll stride 1
PNMS,2010-04-01,0.07873343240321182,0.08253251880984865,78228,78438,depth >= 30 m; cos(lat) weighted; two parts at the antimeridian; chlorophyll stride 1
PNMS,2010-05-01,0.06778323048907678,0.0695761553913242,78228,78438,depth >= 30 m; cos(lat) weighted; two parts at the antimeridian; chlorophyll stride 1
PNMS,2010-06-01,0.0747436323447771,0.08089848180134378,78228,78438,depth >= 30 m; cos(lat) weighted; two parts at the antimeridian; chlorophyll stride 1
PNMS,2010-07-01,0.08008384993474318,0.08772078845162877,78228,78438,depth >= 30 m; cos(lat) weighted; two parts at the antimeridian; chlorophyll stride 1
PNMS,2010-08-01,0.05374385367440051,0.05565169823906069,78228,78438,depth >= 30 m; cos(lat) weighted; two parts at the antimeridian; chlorophyll stride 1
PNMS,2010-09-01,0.05553242777391742,0.05789270669301128,78228,78438,depth >= 30 m; cos(lat) weighted; two parts at the antimeridian; chlorophyll stride 1
PNMS,2010-10-01,0.0658212524627936,0.06920990933109887,78228,78438,depth >= 30 m; cos(lat) weighted; two parts at the antimeridian; chlorophyll stride 1
PNMS,2010-11-01,0.07888801513832469,0.08089659658146771,78151,78361,depth >= 30 m; cos(lat) weighted; two parts at the antimeridian; chlorophyll stride 1
PNMS,2010-12-01,0.08446182829680178,0.08647349549764997,77731,77941,depth >= 30 m; cos(lat) weighted; two parts at the antimeridian; chlorophyll stride 1
PNMS,2011-01-01,0.08909265945749793,0.09618124094240604,78166,78376,depth >= 30 m; cos(lat) weighted; two parts at the antimeridian; chlorophyll stride 1
PNMS,2011-02-01,0.107038921823478,0.12802011248524683,77971,78181,depth >= 30 m; cos(lat) weighted; two parts at the antimeridian; chlorophyll stride 1
PNMS,2011-03-01,0.07796706914239657,0.0885588445158999,78228,78438,depth >= 30 m; cos(lat) weighted; two parts at the antimeridian; chlorophyll stride 1
PNMS,2011-04-01,0.06687703341613356,0.07137301391858508,78215,78425,depth >= 30 m; cos(lat) weighted; two parts at the antimeridian; chlorophyll stride 1
PNMS,2011-05-01,0.05794097186053312,0.05932248789514639,78228,78438,depth >= 30 m; cos(lat) weighted; two parts at the antimeridian; chlorophyll stride 1
PNMS,2011-06-01,0.05447213719345591,0.05618781455561694,78228,78438,depth >= 30 m; cos(lat) weighted; two parts at the antimeridian; chlorophyll stride 1
PNMS,2011-07-01,0.0576954769982811,0.05951310862161734,78228,78438,depth >= 30 m; cos(lat) weighted; two parts at the antimeridian; chlorophyll stride 1
PNMS,2011-08-01,0.05921309573184154,0.06103633716509229,78228,78438,depth >= 30 m; cos(lat) weighted; two parts at the antimeridian; chlorophyll stride 1
PNMS,2011-09-01,0.06204989321290702,0.0642996951295964,78228,78438,depth >= 30 m; cos(lat) weighted; two parts at the antimeridian; chlorophyll stride 1
PNMS,2011-10-01,0.06624755407537151,0.06794208847019999,78226,78436,depth >= 30 m; cos(lat) weighted; two parts at the antimeridian; chlorophyll stride 1
PNMS,2011-11-01,0.07192738629943138,0.07331902369107894,78154,78364,depth >= 30 m; cos(lat) weighted; two parts at the antimeridian; chlorophyll stride 1
PNMS,2011-12-01,0.07370123191011356,0.07515056070891495,78228,78438,depth >= 30 m; cos(lat) weighted; two parts at the antimeridian; chlorophyll stride 1
PNMS,2012-01-01,0.07886116913322166,0.08126048790185754,78212,78422,depth >= 30 m; cos(lat) weighted; two parts at the antimeridian; chlorophyll stride 1
PNMS,2012-02-01,0.074792373500294565,0.08027303361744588,78228,78438,depth >= 30 m; cos(lat) weighted; two parts at the antimeridian; chlorophyll stride 1
PNMS,2012-03-01,0.06954972000222383,0.07248283274358325,78226,78436,depth >= 30 m; cos(lat) weighted; two parts at the antimeridian; chlorophyll stride 1
PNMS,2012-04-01,0.05958635908329832,0.06105761038315747,78183,78393,depth >= 30 m; cos(lat) weighted; two parts at the antimeridian; chlorophyll stride 1
PNMS,2012-05-01,0.05145914277600236,0.0526204497938821,78226,78436,depth >= 30 m; cos(lat) weighted; two parts at the antimeridian; chlorophyll stride 1
PNMS,2012-06-01,0.06326047331058224,0.06963301886173884,78219,78429,depth >= 30 m; cos(lat) weighted; two parts at the antimeridian; chlorophyll stride 1
PNMS,2012-07-01,0.05463823874436624,0.05727781791399338,78224,78434,depth >= 30 m; cos(lat) weighted; two parts at the antimeridian; chlorophyll stride 1
PNMS,2012-08-01,0.05105480625152456,0.05374020478503025,78214,78422,depth >= 30 m; cos(lat) weighted; two parts at the antimeridian; chlorophyll stride 1
PNMS,2012-09-01,0.05314616002579769,0.05544341639965541,78227,78436,depth >= 30 m; cos(lat) weighted; two parts at the antimeridian; chlorophyll stride 1
PNMS,2012-10-01,0.05937543864020846,0.06124956878348032,78179,78388,depth >= 30 m; cos(lat) weighted; two parts at the antimeridian; chlorophyll stride 1
PNMS,2012-11-01,0.06926271563542628,0.0709256969266422,78175,78382,depth >= 30 m; cos(lat) weighted; two parts at the antimeridian; chlorophyll stride 1
PNMS,2012-12-01,0.08587224202394829,0.08782599632778558,78197,78404,depth >= 30 m; cos(lat) weighted; two parts at the antimeridian; chlorophyll stride 1
PNMS,2013-01-01,0.08795246198341691,0.0916069906844855,78228,78437,depth >= 30 m; cos(lat) weighted; two parts at the antimeridian; chlorophyll stride 1
PNMS,2013-02-01,0.07336532685871612,0.07747410063735995,78227,78435,depth >= 30 m; cos(lat) weighted; two parts at the antimeridian; chlorophyll stride 1
PNMS,2013-03-01,0.07331655965803749,0.07622818423864683,78221,78430,depth >= 30 m; cos(lat) weighted; two parts at the antimeridian; chlorophyll stride 1
PNMS,2013-04-01,0.07128316141847633,0.07622260247663433,77766,77974,depth >= 30 m; cos(lat) weighted; two parts at the antimeridian; chlorophyll stride 1
PNMS,2013-05-01,0.05779747428318426,0.06023750497340928,78206,78416,depth >= 30 m; cos(lat) weighted; two parts at the antimeridian; chlorophyll stride 1
PNMS,2013-06-01,0.05186881909917313,0.05332776311253872,78226,78435,depth >= 30 m; cos(lat) weighted; two parts at the antimeridian; chlorophyll stride 1
PNMS,2013-07-01,0.05217072395954116,0.05356622294389798,78226,78436,depth >= 30 m; cos(lat) weighted; two parts at the antimeridian; chlorophyll stride 1
PNMS,2013-08-01,0.05550234546932475,0.05740952718238761,78227,78436,depth >= 30 m; cos(lat) weighted; two parts at the antimeridian; chlorophyll stride 1
PNMS,2013-09-01,0.05779938542658715,0.06002642031501502,78220,78429,depth >= 30 m; cos(lat) weighted; two parts at the antimeridian; chlorophyll stride 1
PNMS,2013-10-01,0.06498982517670925,0.06697645332848033,77642,77843,depth >= 30 m; cos(lat) weighted; two parts at the antimeridian; chlorophyll stride 1
PNMS,2013-11-01,0.07782781809096133,0.0794669267224423,78193,78403,depth >= 30 m; cos(lat) weighted; two parts at the antimeridian; chlorophyll stride 1
PNMS,2013-12-01,0.08795855645140517,0.09080664388528942,78207,78413,depth >= 30 m; cos(lat) weighted; two parts at the antimeridian; chlorophyll stride 1
PNMS,2014-01-01,0.09678656890586113,0.10255479482175955,78166,78371,depth >= 30 m; cos(lat) weighted; two parts at the antimeridian; chlorophyll stride 1
PNMS,2014-02-01,0.11928151088499844,0.12847878487960238,78156,78360,depth >= 30 m; cos(lat) weighted; two parts at the antimeridian; chlorophyll stride 1
PNMS,2014-03-01,0.10716129665729836,0.1232342784749094,78219,78428,depth >= 30 m; cos(lat) weighted; two parts at the antimeridian; chlorophyll stride 1
PNMS,2014-04-01,0.06466900001947992,0.06964411224725393,78217,78427,depth >= 30 m; cos(lat) weighted; two parts at the antimeridian; chlorophyll stride 1
PNMS,2014-05-01,0.06587159444149543,0.0689900984101179,78064,78272,depth >= 30 m; cos(lat) weighted; two parts at the antimeridian; chlorophyll stride 1
PNMS,2014-06-01,0.06277726484731336,0.06447754221042085,78192,78399,depth >= 30 m; cos(lat) weighted; two parts at the antimeridian; chlorophyll stride 1
PNMS,2014-07-01,0.05675218927397192,0.05814875075908108,78228,78436,depth >= 30 m; cos(lat) weighted; two parts at the antimeridian; chlorophyll stride 1
PNMS,2014-08-01,0.05480469981877343,0.0563288052903859,78228,78438,depth >= 30 m; cos(lat) weighted; two parts at the antimeridian; chlorophyll stride 1
PNMS,2014-09-01,0.05679667991580757,0.05858941997259205,78228,78438,depth >= 30 m; cos(lat) weighted; two parts at the antimeridian; chlorophyll stride 1
PNMS,2014-10-01,0.06414389457303085,0.06600587215918055,78211,78421,depth >= 30 m; cos(lat) weighted; two parts at the antimeridian; chlorophyll stride 1
PNMS,2014-11-01,0.07498228036437966,0.07651912825091096,78196,78404,depth >= 30 m; cos(lat) weighted; two parts at the antimeridian; chlorophyll stride 1
PNMS,2014-12-01,0.08659592248062659,0.08852555870481305,78217,78425,depth >= 30 m; cos(lat) weighted; two parts at the antimeridian; chlorophyll stride 1
PNMS,2015-01-01,0.10148748228969032,0.10746637955831748,78162,78370,depth >= 30 m; cos(lat) weighted; two parts at the antimeridian; chlorophyll stride 1
PNMS,2015-02-01,0.12991107514918712,0.14487789052120414,78083,78286,depth >= 30 m; cos(lat) weighted; two parts at the antimeridian; chlorophyll stride 1
PNMS,2015-03-01,0.11770777684710178,0.13458961169428718,78107,78315,depth >= 30 m; cos(lat) weighted; two parts at the antimeridian; chlorophyll stride 1
PNMS,2015-04-01,0.07315170237686541,0.07854320821265465,78181,78391,depth >= 30 m; cos(lat) weighted; two parts at the antimeridian; chlorophyll stride 1
PNMS,2015-05-01,0.05962588817659632,0.06100407783837257,78219,78428,depth >= 30 m; cos(lat) weighted; two parts at the antimeridian; chlorophyll stride 1
PNMS,2015-06-01,0.05556308283119269,0.05688464279389475,78228,78437,depth >= 30 m; cos(lat) weighted; two parts at the antimeridian; chlorophyll stride 1
PNMS,2015-07-01,0.05110524927490376,0.05239158229253833,78221,78431,depth >= 30 m; cos(lat) weighted; two parts at the antimeridian; chlorophyll stride 1
PNMS,2015-08-01,0.05153967049946983,0.05277897269008557,78221,78428,depth >= 30 m; cos(lat) weighted; two parts at the antimeridian; chlorophyll stride 1
PNMS,2015-09-01,0.05396675846507427,0.05541571565711691,78199,78408,depth >= 30 m; cos(lat) weighted; two parts at the antimeridian; chlorophyll stride 1
PNMS,2015-10-01,0.05961878687293346,0.0611992000205653,78228,78438,depth >= 30 m; cos(lat) weighted; two parts at the antimeridian; chlorophyll stride 1
PNMS,2015-11-01,0.07447369475344558,0.07644038361386636,77989,78194,depth >= 30 m; cos(lat) weighted; two parts at the antimeridian; chlorophyll stride 1
PNMS,2015-12-01,0.07560934237167101,0.0775206198470178,78227,78436,depth >= 30 m; cos(lat) weighted; two parts at the antimeridian; chlorophyll stride 1
PNMS,2016-01-01,0.08405255976020594,0.0910609443279168,78174,78383,depth >= 30 m; cos(lat) weighted; two parts at the antimeridian; chlorophyll stride 1
PNMS,2016-02-01,0.09058879089022476,0.10294907080352854,78228,78438,depth >= 30 m; cos(lat) weighted; two parts at the antimeridian; chlorophyll stride 1
PNMS,2016-03-01,0.09865762515178844,0.11919793617293711,78228,78437,depth >= 30 m; cos(lat) weighted; two parts at the antimeridian; chlorophyll stride 1
PNMS,2016-04-01,0.07530398039062815,0.08380241354740225,78228,78438,depth >= 30 m; cos(lat) weighted; two parts at the antimeridian; chlorophyll stride 1
PNMS,2016-05-01,0.06266078983774567,0.06477581679525095,78217,78426,depth >= 30 m; cos(lat) weighted; two parts at the antimeridian; chlorophyll stride 1
PNMS,2016-06-01,0.05761056167780363,0.059118399932529,78228,78438,depth >= 30 m; cos(lat) weighted; two parts at the antimeridian; chlorophyll stride 1
PNMS,2016-07-01,0.05560542701779933,0.05681644815744804,78228,78438,depth >= 30 m; cos(lat) weighted; two parts at the antimeridian; chlorophyll stride 1
PNMS,2016-08-01,0.06048636768616106,0.0623453983498987,78228,78438,depth >= 30 m; cos(lat) weighted; two parts at the antimeridian; chlorophyll stride 1
PNMS,2016-09-01,0.06114824200840223,0.06285504116153386,78228,78438,depth >= 30 m; cos(lat) weighted; two parts at the antimeridian; chlorophyll stride 1
PNMS,2016-10-01,0.06215328272072967,0.06368777601351902,78228,78438,depth >= 30 m; cos(lat) weighted; two parts at the antimeridian; chlorophyll stride 1
PNMS,2016-11-01,0.07086784437868619,0.07228520247008861,78228,78438,depth >= 30 m; cos(lat) weighted; two parts at the antimeridian; chlorophyll stride 1
PNMS,2016-12-01,0.08350879395766107,0.08497435506922572,78228,78438,depth >= 30 m; cos(lat) weighted; two parts at the antimeridian; chlorophyll stride 1
PNMS,2017-01-01,0.08438043364676627,0.08736674894640536,78228,78435,depth >= 30 m; cos(lat) weighted; two parts at the antimeridian; chlorophyll stride 1
PNMS,2017-02-01,0.08798729413649224,0.0944951383459748,78228,78435,depth >= 30 m; cos(lat) weighted; two parts at the antimeridian; chlorophyll stride 1
PNMS,2017-03-01,0.0757938259301377,0.08503295274724566,78228,78438,depth >= 30 m; cos(lat) weighted; two parts at the antimeridian; chlorophyll stride 1
PNMS,2017-04-01,0.05863052932292546,0.06135170781011314,78228,78438,depth >= 30 m; cos(lat) weighted; two parts at the antimeridian; chlorophyll stride 1
PNMS,2017-05-01,0.05611315119685293,0.05718998653368416,78228,78438,depth >= 30 m; cos(lat) weighted; two parts at the antimeridian; chlorophyll stride 1
PNMS,2017-06-01,0.05273430195590173,0.05388858976259554,78228,78438,depth >= 30 m; cos(lat) weighted; two parts at the antimeridian; chlorophyll stride 1
PNMS,2017-07-01,0.05182288119158681,0.05305492412753332,78228,78438,depth >= 30 m; cos(lat) weighted; two parts at the antimeridian; chlorophyll stride 1
PNMS,2017-08-01,0.05258418040112758,0.05392004614864386,78228,78438,depth >= 30 m; cos(lat) weighted; two parts at the antimeridian; chlorophyll stride 1
PNMS,2017-09-01,0.05563015968799748,0.05736843289629209,78228,78438,depth >= 30 m; cos(lat) weighted; two parts at the antimeridian; chlorophyll stride 1
PNMS,2017-10-01,0.06502306189583199,0.06703025279746881,78228,78438,depth >= 30 m; cos(lat) weighted; two parts at the antimeridian; chlorophyll stride 1
PNMS,2017-11-01,0.0781927942179243,0.0796460741305268,78228,78438,depth >= 30 m; cos(lat) weighted; two parts at the antimeridian; chlorophyll stride 1
PNMS,2017-12-01,0.08719805499357038,0.08922497874374219,78228,78438,depth >= 30 m; cos(lat) weighted; two parts at the antimeridian; chlorophyll stride 1
PNMS,2018-01-01,0.08463895618394678,0.08768406594791925,78218,78428,depth >= 30 m; cos(lat) weighted; two parts at the antimeridian; chlorophyll stride 1
PNMS,2018-02-01,0.10135720955740143,0.10903545923140276,78228,78438,depth >= 30 m; cos(lat) weighted; two parts at the antimeridian; chlorophyll stride 1
PNMS,2018-03-01,0.08332902237138334,0.08915501713626307,78195,78405,depth >= 30 m; cos(lat) weighted; two parts at the antimeridian; chlorophyll stride 1
PNMS,2018-04-01,0.06916867858609108,0.07220251539600861,78212,78422,depth >= 30 m; cos(lat) weighted; two parts at the antimeridian; chlorophyll stride 1
PNMS,2018-05-01,0.05846335398791963,0.05949869498668611,78228,78438,depth >= 30 m; cos(lat) weighted; two parts at the antimeridian; chlorophyll stride 1
PNMS,2018-06-01,0.05929608116268894,0.06055723379833824,78228,78438,depth >= 30 m; cos(lat) weighted; two parts at the antimeridian; chlorophyll stride 1
PNMS,2018-07-01,0.0718368295087704,0.07781560102388746,78228,78438,depth >= 30 m; cos(lat) weighted; two parts at the antimeridian; chlorophyll stride 1
PNMS,2018-08-01,0.07060356794484071,0.07356181439984211,78228,78438,depth >= 30 m; cos(lat) weighted; two parts at the antimeridian; chlorophyll stride 1
PNMS,2018-09-01,0.05617414016589266,0.05752794598948604,78228,78438,depth >= 30 m; cos(lat) weighted; two parts at the antimeridian; chlorophyll stride 1
PNMS,2018-10-01,0.06037625096907854,0.06214830181870108,78228,78438,depth >= 30 m; cos(lat) weighted; two parts at the antimeridian; chlorophyll stride 1
PNMS,2018-11-01,0.07192246446342476,0.07343504841590272,78227,78437,depth >= 30 m; cos(lat) weighted; two parts at the antimeridian; chlorophyll stride 1
PNMS,2018-12-01,0.08250337325982574,0.08435906079145421,78228,78438,depth >= 30 m; cos(lat) weighted; two parts at the antimeridian; chlorophyll stride 1
PNMS,2019-01-01,0.08172268739852591,0.08588172904875387,78228,78438,depth >= 30 m; cos(lat) weighted; two parts at the antimeridian; chlorophyll stride 1
PNMS,2019-02-01,0.08783145949035233,0.0931897585612586,78228,78438,depth >= 30 m; cos(lat) weighted; two parts at the antimeridian; chlorophyll stride 1
PNMS,2019-03-01,0.06970495266949232,0.0744039028855428,78228,78438,depth >= 30 m; cos(lat) weighted; two parts at the antimeridian; chlorophyll stride 1
PNMS,2019-04-01,0.06082276988994297,0.06359937969707577,78228,78438,depth >= 30 m; cos(lat) weighted; two parts at the antimeridian; chlorophyll stride 1
PNMS,2019-05-01,0.0593200635636261,0.06132285298315106,78228,78438,depth >= 30 m; cos(lat) weighted; two parts at the antimeridian; chlorophyll stride 1
PNMS,2019-06-01,0.05964043982957655,0.06140689213766916,78228,78438,depth >= 30 m; cos(lat) weighted; two parts at the antimeridian; chlorophyll stride 1
PNMS,2019-07-01,0.05661085539389644,0.05805762124859372,78228,78438,depth >= 30 m; cos(lat) weighted; two parts at the antimeridian; chlorophyll stride 1
PNMS,2019-08-01,0.05464045408847085,0.05618225436158902,78228,78438,depth >= 30 m; cos(lat) weighted; two parts at the antimeridian; chlorophyll stride 1
PNMS,2019-09-01,0.05405469471285196,0.05573805425553849,78228,78438,depth >= 30 m; cos(lat) weighted; two parts at the antimeridian; chlorophyll stride 1
PNMS,2019-10-01,0.05916656618522779,0.06080668250583905,78228,78438,depth >= 30 m; cos(lat) weighted; two parts at the antimeridian; chlorophyll stride 1
PNMS,2019-11-01,0.06979985106995867,0.07140106336273118,78228,78438,depth >= 30 m; cos(lat) weighted; two parts at the antimeridian; chlorophyll stride 1
PNMS,2019-12-01,0.08565937898000743,0.0877257870941799,78228,78438,depth >= 30 m; cos(lat) weighted; two parts at the antimeridian; chlorophyll stride 1
PNMS,2020-01-01,0.08127495763313204,0.08502165330540506,78224,78434,depth >= 30 m; cos(lat) weighted; two parts at the antimeridian; chlorophyll stride 1
PNMS,2020-02-01,0.07634248843741487,0.0829734812541718,78228,78438,depth >= 30 m; cos(lat) weighted; two parts at the antimeridian; chlorophyll stride 1
PNMS,2020-03-01,0.06029579099673812,0.06507877851292192,78228,78438,depth >= 30 m; cos(lat) weighted; two parts at the antimeridian; chlorophyll stride 1
PNMS,2020-04-01,0.05451309779134264,0.05802452245818853,78228,78438,depth >= 30 m; cos(lat) weighted; two parts at the antimeridian; chlorophyll stride 1
PNMS,2020-05-01,0.05141854557372213,0.05273567546597921,78228,78438,depth >= 30 m; cos(lat) weighted; two parts at the antimeridian; chlorophyll stride 1
PNMS,2020-06-01,0.05164574043834059,0.05313540716016667,78228,78438,depth >= 30 m; cos(lat) weighted; two parts at the antimeridian; chlorophyll stride 1
PNMS,2020-07-01,0.05433674621006653,0.0561161139015034,78228,78438,depth >= 30 m; cos(lat) weighted; two parts at the antimeridian; chlorophyll stride 1
PNMS,2020-08-01,0.06198973261057407,0.0651263676876045,78228,78438,depth >= 30 m; cos(lat) weighted; two parts at the antimeridian; chlorophyll stride 1
PNMS,2020-09-01,0.06291556094274306,0.06490986465863312,78228,78438,depth >= 30 m; cos(lat) weighted; two parts at the antimeridian; chlorophyll stride 1
PNMS,2020-10-01,0.06983795609477136,0.0717264671335467,78228,78438,depth >= 30 m; cos(lat) weighted; two parts at the antimeridian; chlorophyll stride 1
PNMS,2020-11-01,0.07186655598698219,0.07311306508981318,78228,78438,depth >= 30 m; cos(lat) weighted; two parts at the antimeridian; chlorophyll stride 1
PNMS,2020-12-01,0.07351517400594869,0.07574728094498928,78228,78438,depth >= 30 m; cos(lat) weighted; two parts at the antimeridian; chlorophyll stride 1
PNMS,2021-01-01,0.07749578054927626,0.08243285484280688,78228,78438,depth >= 30 m; cos(lat) weighted; two parts at the antimeridian; chlorophyll stride 1
PNMS,2021-02-01,0.08435330002277319,0.09241499880653684,78226,78436,depth >= 30 m; cos(lat) weighted; two parts at the antimeridian; chlorophyll stride 1
PNMS,2021-03-01,0.0660658843819628,0.0701290731068351,78222,78432,depth >= 30 m; cos(lat) weighted; two parts at the antimeridian; chlorophyll stride 1
PNMS,2021-04-01,0.05921179743406483,0.06042751775836162,78227,78437,depth >= 30 m; cos(lat) weighted; two parts at the antimeridian; chlorophyll stride 1
PNMS,2021-05-01,0.05567317133157627,0.05672943169370657,78228,78438,depth >= 30 m; cos(lat) weighted; two parts at the antimeridian; chlorophyll stride 1
PNMS,2021-06-01,0.05428457561296832,0.05548016267860783,78228,78438,depth >= 30 m; cos(lat) weighted; two parts at the antimeridian; chlorophyll stride 1
PNMS,2021-07-01,0.05502653222722404,0.05625061292505069,78228,78438,depth >= 30 m; cos(lat) weighted; two parts at the antimeridian; chlorophyll stride 1
PNMS,2021-08-01,0.05399909860813429,0.0552881294318537,78228,78438,depth >= 30 m; cos(lat) weighted; two parts at the antimeridian; chlorophyll stride 1
PNMS,2021-09-01,0.05430396773737262,0.05569463277130445,78228,78438,depth >= 30 m; cos(lat) weighted; two parts at the antimeridian; chlorophyll stride 1
PNMS,2021-10-01,0.05979833705316516,0.06116479173501296,78228,78438,depth >= 30 m; cos(lat) weighted; two parts at the antimeridian; chlorophyll stride 1
PNMS,2021-11-01,0.06797987885650295,0.06931308995576617,78228,78438,depth >= 30 m; cos(lat) weighted; two parts at the antimeridian; chlorophyll stride 1
PNMS,2021-12-01,0.09057054282396022,0.09228342254704554,77942,78141,depth >= 30 m; cos(lat) weighted; two parts at the antimeridian; chlorophyll stride 1
PNMS,2022-01-01,0.09008924720013577,0.09410550576315718,78221,78428,depth >= 30 m; cos(lat) weighted; two parts at the antimeridian; chlorophyll stride 1
PNMS,2022-02-01,0.0782493498758895,0.08564380678663862,78205,78406,depth >= 30 m; cos(lat) weighted; two parts at the antimeridian; chlorophyll stride 1
PNMS,2022-03-01,0.06309638306963761,0.0691089378093195,78201,78394,depth >= 30 m; cos(lat) weighted; two parts at the antimeridian; chlorophyll stride 1
PNMS,2022-04-01,0.05901326687016892,0.06111323881630625,78173,78346,depth >= 30 m; cos(lat) weighted; two parts at the antimeridian; chlorophyll stride 1
PNMS,2022-05-01,0.05585214173145288,0.0571832936032611,78173,78357,depth >= 30 m; cos(lat) weighted; two parts at the antimeridian; chlorophyll stride 1
PNMS,2022-06-01,0.05626312241722966,0.05816732831480567,78196,78390,depth >= 30 m; cos(lat) weighted; two parts at the antimeridian; chlorophyll stride 1
PNMS,2022-07-01,0.06252112132688567,0.06466716146316466,78200,78397,depth >= 30 m; cos(lat) weighted; two parts at the antimeridian; chlorophyll stride 1
PNMS,2022-08-01,0.05575135993719134,0.05797570996942199,78219,78427,depth >= 30 m; cos(lat) weighted; two parts at the antimeridian; chlorophyll stride 1
PNMS,2022-09-01,0.0556009949023535,0.05771835581841109,78212,78420,depth >= 30 m; cos(lat) weighted; two parts at the antimeridian; chlorophyll stride 1
PNMS,2022-10-01,0.06311391995890629,0.0650220281526931,78225,78434,depth >= 30 m; cos(lat) weighted; two parts at the antimeridian; chlorophyll stride 1
PNMS,2022-11-01,0.07155780530449689,0.07350296367287575,78225,78433,depth >= 30 m; cos(lat) weighted; two parts at the antimeridian; chlorophyll stride 1
PNMS,2022-12-01,0.09720828286875136,0.0994470396831535,78195,78402,depth >= 30 m; cos(lat) weighted; two parts at the antimeridian; chlorophyll stride 1
PNMS,2023-01-01,0.09776106370047044,0.10472172106789077,78227,78435,depth >= 30 m; cos(lat) weighted; two parts at the antimeridian; chlorophyll stride 1
PNMS,2023-02-01,0.08474626545977114,0.0899820471014618,78203,78400,depth >= 30 m; cos(lat) weighted; two parts at the antimeridian; chlorophyll stride 1
PNMS,2023-03-01,0.09952999626031102,0.10716045916997056,78184,78374,depth >= 30 m; cos(lat) weighted; two parts at the antimeridian; chlorophyll stride 1
PNMS,2023-04-01,0.06526147865802286,0.06743194715312514,78165,78350,depth >= 30 m; cos(lat) weighted; two parts at the antimeridian; chlorophyll stride 1
PNMS,2023-05-01,0.06067435631879324,0.06192173849023419,78171,78342,depth >= 30 m; cos(lat) weighted; two parts at the antimeridian; chlorophyll stride 1
PNMS,2023-06-01,0.05673009369029562,0.05808752172744731,78199,78397,depth >= 30 m; cos(lat) weighted; two parts at the antimeridian; chlorophyll stride 1
PNMS,2023-07-01,0.05713170796149688,0.05865376358635453,78190,78380,depth >= 30 m; cos(lat) weighted; two parts at the antimeridian; chlorophyll stride 1
PNMS,2023-08-01,0.05660114072183125,0.05868907224844953,78204,78405,depth >= 30 m; cos(lat) weighted; two parts at the antimeridian; chlorophyll stride 1
PNMS,2023-09-01,0.05761752807953219,0.05976728837078006,78204,78411,depth >= 30 m; cos(lat) weighted; two parts at the antimeridian; chlorophyll stride 1
PNMS,2023-10-01,0.0615955331821707,0.06378202575043453,78223,78432,depth >= 30 m; cos(lat) weighted; two parts at the antimeridian; chlorophyll stride 1
PNMS,2023-11-01,0.07227228229388144,0.07413150098053715,78198,78401,depth >= 30 m; cos(lat) weighted; two parts at the antimeridian; chlorophyll stride 1
PNMS,2023-12-01,0.082473258175254,0.08422813079741606,78224,78434,depth >= 30 m; cos(lat) weighted; two parts at the antimeridian; chlorophyll stride 1
PNMS,2024-01-01,0.10335556159022144,0.108254907451102,78227,78434,depth >= 30 m; cos(lat) weighted; two parts at the antimeridian; chlorophyll stride 1
PNMS,2024-02-01,0.09783409087851028,0.10567453617949428,78203,78409,depth >= 30 m; cos(lat) weighted; two parts at the antimeridian; chlorophyll stride 1
PNMS,2024-03-01,0.06797972297213604,0.07473495827250629,78183,78384,depth >= 30 m; cos(lat) weighted; two parts at the antimeridian; chlorophyll stride 1
PNMS,2024-04-01,0.06189189125658963,0.06412346911773682,78174,78354,depth >= 30 m; cos(lat) weighted; two parts at the antimeridian; chlorophyll stride 1
PNMS,2024-05-01,0.05605226428097032,0.05724195707285504,78182,78366,depth >= 30 m; cos(lat) weighted; two parts at the antimeridian; chlorophyll stride 1
PNMS,2024-06-01,0.05201267084297983,0.05324744721500247,78179,78366,depth >= 30 m; cos(lat) weighted; two parts at the antimeridian; chlorophyll stride 1
PNMS,2024-07-01,0.06112027734029703,0.06448850843734451,78215,78422,depth >= 30 m; cos(lat) weighted; two parts at the antimeridian; chlorophyll stride 1
PNMS,2024-08-01,0.06592457704915232,0.0683778244130556,78214,78419,depth >= 30 m; cos(lat) weighted; two parts at the antimeridian; chlorophyll stride 1
PNMS,2024-09-01,0.06459202911318392,0.0667868733531986,78198,78399,depth >= 30 m; cos(lat) weighted; two parts at the antimeridian; chlorophyll stride 1
PNMS,2024-10-01,0.06030326890723966,0.06192645207857203,78213,78409,depth >= 30 m; cos(lat) weighted; two parts at the antimeridian; chlorophyll stride 1
PNMS,2024-11-01,0.0629209126381703,0.06458063632946907,78224,78433,depth >= 30 m; cos(lat) weighted; two parts at the antimeridian; chlorophyll stride 1
PNMS,2024-12-01,0.07044181667220788,0.0725525999349109,78226,78436,depth >= 30 m; cos(lat) weighted; two parts at the antimeridian; chlorophyll stride 1
PNMS,2025-01-01,0.08103691306972648,0.08438169829358796,78228,78436,depth >= 30 m; cos(lat) weighted; two parts at the antimeridian; chlorophyll stride 1
PNMS,2025-02-01,0.0770503178228731,0.08142530847184797,78223,78432,depth >= 30 m; cos(lat) weighted; two parts at the antimeridian; chlorophyll stride 1
PNMS,2025-03-01,0.06471305752174654,0.06853211227990971,78184,78371,depth >= 30 m; cos(lat) weighted; two parts at the antimeridian; chlorophyll stride 1
PNMS,2025-04-01,0.06148491526634107,0.06371562319324331,78155,78340,depth >= 30 m; cos(lat) weighted; two parts at the antimeridian; chlorophyll stride 1
PNMS,2025-05-01,0.05474052861528082,0.05594397710309617,78180,78366,depth >= 30 m; cos(lat) weighted; two parts at the antimeridian; chlorophyll stride 1
PNMS,2025-06-01,0.05411713767677242,0.05548550392113448,78196,78396,depth >= 30 m; cos(lat) weighted; two parts at the antimeridian; chlorophyll stride 1
PNMS,2025-07-01,0.05657287105559566,0.05840533662113886,78204,78407,depth >= 30 m; cos(lat) weighted; two parts at the antimeridian; chlorophyll stride 1
PNMS,2025-08-01,0.06227722007443471,0.06468079816370574,78214,78421,depth >= 30 m; cos(lat) weighted; two parts at the antimeridian; chlorophyll stride 1
PNMS,2025-09-01,0.06581475423189884,0.06824855530309835,78206,78410,depth >= 30 m; cos(lat) weighted; two parts at the antimeridian; chlorophyll stride 1
PNMS,2025-10-01,0.06796012217305038,0.07003102906478992,78226,78436,depth >= 30 m; cos(lat) weighted; two parts at the antimeridian; chlorophyll stride 1
PNMS,2025-11-01,0.07566720252269912,0.07738861432794747,78219,78429,depth >= 30 m; cos(lat) weighted; two parts at the antimeridian; chlorophyll stride 1
PNMS,2025-12-01,0.09740955588650076,0.09990293040233623,78041,78243,depth >= 30 m; cos(lat) weighted; two parts at the antimeridian; chlorophyll stride 1
PNMS,2026-01-01,0.09766447538642638,0.10311880695485394,78222,78431,depth >= 30 m; cos(lat) weighted; two parts at the antimeridian; chlorophyll stride 1
PNMS,2026-02-01,0.11168762519551832,0.12170145714939289,78124,78331,depth >= 30 m; cos(lat) weighted; two parts at the antimeridian; chlorophyll stride 1
PNMS,2026-03-01,0.0917421034919556,0.10231041138478655,78182,78370,depth >= 30 m; cos(lat) weighted; two parts at the antimeridian; chlorophyll stride 1
PNMS,2026-04-01,0.06630810342724697,0.0705326730530218,78182,78366,depth >= 30 m; cos(lat) weighted; two parts at the antimeridian; chlorophyll stride 1
PNMS,2026-05-01,0.05502274863609398,0.05621053453491949,78185,78373,depth >= 30 m; cos(lat) weighted; two parts at the antimeridian; chlorophyll stride 1
PNMS,2026-06-01,0.0574273624611409,0.05894766726128952,78197,78394,depth >= 30 m; cos(lat) weighted; two parts at the antimeridian; chlorophyll stride 1
HIHWNMS,1997-09-01,0.09993695420411486,0.1370505808087869,115,123,depth >= 30 m
HIHWNMS,1997-10-01,0.11029675573053715,0.12838534832767706,129,136,depth >= 30 m
HIHWNMS,1997-11-01,0.12895357843011093,0.1469505018957541,134,141,depth >= 30 m
HIHWNMS,1997-12-01,0.13648809853762153,0.16094442951024002,133,141,depth >= 30 m
HIHWNMS,1998-01-01,0.12919214379555805,0.19437905786637671,133,142,depth >= 30 m
HIHWNMS,1998-02-01,0.11187053170365668,0.13475382874590636,130,137,depth >= 30 m
HIHWNMS,1998-03-01,0.08882134272948361,0.11459863960899257,133,143,depth >= 30 m
HIHWNMS,1998-04-01,0.14176585759369248,0.18461271541408536,132,147,depth >= 30 m
HIHWNMS,1998-05-01,0.09548062556601032,0.13412211184637457,75,79,depth >= 30 m
HIHWNMS,1998-06-01,0.11115386221488908,0.12362778900812069,57,60,depth >= 30 m
HIHWNMS,1998-07-01,NA,NA,0,0,depth >= 30 m
HIHWNMS,1998-08-01,0.10277679928994032,0.13860803794684923,134,144,depth >= 30 m
HIHWNMS,1998-09-01,0.09898894124254884,0.12112159875354596,127,140,depth >= 30 m
HIHWNMS,1998-10-01,0.10069876466257534,0.1181900756878417,129,134,depth >= 30 m
HIHWNMS,1998-11-01,0.1175739433827614,0.13905163205884122,130,135,depth >= 30 m
HIHWNMS,1998-12-01,0.1389057421097602,0.17031736572233727,135,142,depth >= 30 m
HIHWNMS,1999-01-01,0.1258585273636688,0.1513477333422218,133,140,depth >= 30 m
HIHWNMS,1999-02-01,0.11549134075037892,0.14450559153485654,129,134,depth >= 30 m
HIHWNMS,1999-03-01,0.1081338171953075,0.13043064978529711,128,134,depth >= 30 m
HIHWNMS,1999-04-01,0.11403287949291796,0.15231791718492974,133,146,depth >= 30 m
HIHWNMS,1999-05-01,NA,NA,0,0,depth >= 30 m
HIHWNMS,1999-06-01,0.06423987301686987,0.08475634076122968,46,53,depth >= 30 m
HIHWNMS,1999-07-01,0.09677168899586146,0.1313028390070906,103,108,depth >= 30 m
HIHWNMS,1999-08-01,0.10889395072402924,0.1389852517981403,136,151,depth >= 30 m
HIHWNMS,1999-09-01,0.1120319195273648,0.14263351065144964,132,146,depth >= 30 m
HIHWNMS,1999-10-01,0.1076272360067726,0.1247584826047838,132,137,depth >= 30 m
HIHWNMS,1999-11-01,0.12848170563086414,0.14629507062139271,131,139,depth >= 30 m
HIHWNMS,1999-12-01,0.15454896167773446,0.1784425960085192,133,143,depth >= 30 m
HIHWNMS,2000-01-01,0.1502330248797972,0.17449433657717198,135,141,depth >= 30 m
HIHWNMS,2000-02-01,0.10460481574771956,0.1360441684169141,135,148,depth >= 30 m
HIHWNMS,2000-03-01,0.11086452853777296,0.13766473078611471,133,141,depth >= 30 m
HIHWNMS,2000-04-01,0.139729162372126,0.18134596812827836,135,145,depth >= 30 m
HIHWNMS,2000-05-01,0.07946775919494863,0.1016808591097936,81,87,depth >= 30 m
HIHWNMS,2000-06-01,0.08634084825244447,0.11255243128504264,123,132,depth >= 30 m
HIHWNMS,2000-07-01,0.13545354309416513,0.16425658813942742,118,123,depth >= 30 m
HIHWNMS,2000-08-01,0.1215958341059079,0.16176480466857657,136,151,depth >= 30 m
HIHWNMS,2000-09-01,0.09134607631791292,0.12214394954257995,134,145,depth >= 30 m
HIHWNMS,2000-10-01,0.11281845670291428,0.13666811750403474,133,140,depth >= 30 m
HIHWNMS,2000-11-01,0.13233517263170488,0.1565631539888785,135,142,depth >= 30 m
HIHWNMS,2000-12-01,0.10787324203510217,0.12372026251225206,136,143,depth >= 30 m
HIHWNMS,2001-01-01,0.10214617675959324,0.11884039758267452,137,147,depth >= 30 m
HIHWNMS,2001-02-01,0.10265597880231628,0.13145526552157435,133,139,depth >= 30 m
HIHWNMS,2001-03-01,0.10734349538081332,0.1358071831876741,130,136,depth >= 30 m
HIHWNMS,2001-04-01,0.12748787784883372,0.168775616940243,130,141,depth >= 30 m
HIHWNMS,2001-05-01,0.108237134789818,0.12977708210603572,86,89,depth >= 30 m
HIHWNMS,2001-06-01,0.08129459816992758,0.10455794554824632,94,96,depth >= 30 m
HIHWNMS,2001-07-01,0.0928773003655573,0.12430957724537813,123,132,depth >= 30 m
HIHWNMS,2001-08-01,0.1010090635252457,0.12502230505676978,134,141,depth >= 30 m
HIHWNMS,2001-09-01,0.11143744282916691,0.14055585624142125,133,143,depth >= 30 m
HIHWNMS,2001-10-01,0.1334862135874897,0.15581203808171162,133,138,depth >= 30 m
HIHWNMS,2001-11-01,0.14277758143528818,0.21239164038330097,134,141,depth >= 30 m
HIHWNMS,2001-12-01,0.13804664997812727,0.18337617419231284,130,139,depth >= 30 m
HIHWNMS,2002-01-01,0.12649779922892704,0.14660814623777746,135,141,depth >= 30 m
HIHWNMS,2002-02-01,0.12183814621317848,0.15329825275973097,134,146,depth >= 30 m
HIHWNMS,2002-03-01,0.10366901275489944,0.13648055138849263,131,138,depth >= 30 m
HIHWNMS,2002-04-01,0.09267460780683326,0.12861016774046666,134,148,depth >= 30 m
HIHWNMS,2002-05-01,0.08859139838899797,0.12911170516921164,147,172,depth >= 30 m
HIHWNMS,2002-06-01,0.09412738020039568,0.1421017714906051,147,172,depth >= 30 m
HIHWNMS,2002-07-01,0.09022547608489946,0.11546122934124622,147,171,depth >= 30 m
HIHWNMS,2002-08-01,0.10629942115628598,0.1439832352668221,146,171,depth >= 30 m
HIHWNMS,2002-09-01,0.0991919145970335,0.13777438524114183,147,172,depth >= 30 m
HIHWNMS,2002-10-01,0.1467537133525407,0.20896953405344007,147,171,depth >= 30 m
HIHWNMS,2002-11-01,0.13687195177528882,0.1792544425616777,147,172,depth >= 30 m
HIHWNMS,2002-12-01,0.12762273632692733,0.161734331031005,147,172,depth >= 30 m
HIHWNMS,2003-01-01,0.13061043117005822,0.17234318129458404,147,172,depth >= 30 m
HIHWNMS,2003-02-01,0.12042979931540734,0.1603083746117908,147,172,depth >= 30 m
HIHWNMS,2003-03-01,0.08616429489579638,0.12624371360153566,147,172,depth >= 30 m
HIHWNMS,2003-04-01,0.09296027367656942,0.1353846841199367,147,172,depth >= 30 m
HIHWNMS,2003-05-01,0.0853301875692152,0.13632187527214543,147,172,depth >= 30 m
HIHWNMS,2003-06-01,0.08707897832451648,0.12433846926229984,147,172,depth >= 30 m
HIHWNMS,2003-07-01,0.09120497307747635,0.1293907725836995,147,172,depth >= 30 m
HIHWNMS,2003-08-01,0.10364592255680394,0.14195855427533388,147,172,depth >= 30 m
HIHWNMS,2003-09-01,0.11212123320530136,0.15321128070354462,147,172,depth >= 30 m
HIHWNMS,2003-10-01,0.12174307565451128,0.15993221422527415,147,172,depth >= 30 m
HIHWNMS,2003-11-01,0.14940854006194218,0.18425523645656053,147,172,depth >= 30 m
HIHWNMS,2003-12-01,0.13820142799511254,0.180683157948214,147,172,depth >= 30 m
HIHWNMS,2004-01-01,0.1734139720721653,0.28010641274497267,147,172,depth >= 30 m
HIHWNMS,2004-02-01,0.09671569397131163,0.14208279870082297,147,172,depth >= 30 m
HIHWNMS,2004-03-01,0.12618269742952906,0.19154559042261432,147,172,depth >= 30 m
HIHWNMS,2004-04-01,0.0934975101640836,0.1349417323593137,147,172,depth >= 30 m
HIHWNMS,2004-05-01,0.09112315320427232,0.1348984679802819,147,172,depth >= 30 m
HIHWNMS,2004-06-01,0.09445305419154255,0.13273897968492532,147,172,depth >= 30 m
HIHWNMS,2004-07-01,0.10742127193610576,0.14574314866128352,147,172,depth >= 30 m
HIHWNMS,2004-08-01,0.09028174760738436,0.12719851327237,147,172,depth >= 30 m
HIHWNMS,2004-09-01,0.08713874276001278,0.1291599098246458,147,172,depth >= 30 m
HIHWNMS,2004-10-01,0.09852951230908612,0.1440785144629,147,172,depth >= 30 m
HIHWNMS,2004-11-01,0.12089407800788934,0.16434534177790544,147,172,depth >= 30 m
HIHWNMS,2004-12-01,0.15095837714395713,0.1926859866957679,147,172,depth >= 30 m
HIHWNMS,2005-01-01,0.15048585002087084,0.20357725626334192,147,172,depth >= 30 m
HIHWNMS,2005-02-01,0.10058049536771396,0.14656596444547176,147,172,depth >= 30 m
HIHWNMS,2005-03-01,0.10732300512837405,0.15218607891827474,147,172,depth >= 30 m
HIHWNMS,2005-04-01,0.09831609463767314,0.13912673065503844,147,172,depth >= 30 m
HIHWNMS,2005-05-01,0.09858236293259064,0.13652498765610332,147,172,depth >= 30 m
HIHWNMS,2005-06-01,0.10147658300562576,0.1352934559893816,147,172,depth >= 30 m
HIHWNMS,2005-07-01,0.0896464516256616,0.12812120880021954,147,172,depth >= 30 m
HIHWNMS,2005-08-01,0.0921312972403232,0.13347425460165668,147,172,depth >= 30 m
HIHWNMS,2005-09-01,0.08917281557902354,0.12680690352220178,147,172,depth >= 30 m
HIHWNMS,2005-10-01,0.1022186167758422,0.14791328171917867,147,172,depth >= 30 m
HIHWNMS,2005-11-01,0.1130458922905436,0.15436360387261525,147,172,depth >= 30 m
HIHWNMS,2005-12-01,0.11167267385564938,0.1496844424562919,147,172,depth >= 30 m
HIHWNMS,2006-01-01,0.1247823344723737,0.16363285984410797,147,172,depth >= 30 m
HIHWNMS,2006-02-01,0.11966951282956265,0.16137170659824768,147,171,depth >= 30 m
HIHWNMS,2006-03-01,0.1170914952421442,0.19365333358904235,147,171,depth >= 30 m
HIHWNMS,2006-04-01,0.14356729933058146,0.2088036493343466,146,170,depth >= 30 m
HIHWNMS,2006-05-01,0.10436640433550257,0.14361099277211484,147,172,depth >= 30 m
HIHWNMS,2006-06-01,0.10201711405008432,0.13904565936604213,147,172,depth >= 30 m
HIHWNMS,2006-07-01,0.1157024414366095,0.16196375268749716,147,172,depth >= 30 m
HIHWNMS,2006-08-01,0.1155421417679958,0.16552677388887763,147,172,depth >= 30 m
HIHWNMS,2006-09-01,0.10933258891588048,0.152222067897403,147,172,depth >= 30 m
HIHWNMS,2006-10-01,0.122007923149853,0.16187619134177303,147,172,depth >= 30 m
HIHWNMS,2006-11-01,0.12761676411183234,0.16768582041786853,147,172,depth >= 30 m
HIHWNMS,2006-12-01,0.14441795756229783,0.18082581295870068,147,172,depth >= 30 m
HIHWNMS,2007-01-01,0.1444467661309585,0.18257196011498225,147,172,depth >= 30 m
HIHWNMS,2007-02-01,0.12098313534331966,0.16030910620899044,147,172,depth >= 30 m
HIHWNMS,2007-03-01,0.1006871849556758,0.13905200204097257,147,172,depth >= 30 m
HIHWNMS,2007-04-01,0.09690563151360014,0.13019163493976688,147,172,depth >= 30 m
HIHWNMS,2007-05-01,0.10709619307741024,0.14633539134939744,147,172,depth >= 30 m
HIHWNMS,2007-06-01,0.10841905198484487,0.1562064384695056,147,172,depth >= 30 m
HIHWNMS,2007-07-01,0.0888143429702286,0.1282463723490405,147,172,depth >= 30 m
HIHWNMS,2007-08-01,0.0960868911104608,0.13440886271987543,147,172,depth >= 30 m
HIHWNMS,2007-09-01,0.10826968699471604,0.1437021747967877,147,172,depth >= 30 m
HIHWNMS,2007-10-01,0.11021632487536565,0.1493713050041088,147,172,depth >= 30 m
HIHWNMS,2007-11-01,0.11694876631498484,0.16239232663065195,147,172,depth >= 30 m
HIHWNMS,2007-12-01,0.17143715086755906,0.23169006573803289,146,170,depth >= 30 m
HIHWNMS,2008-01-01,0.13352395229137817,0.17931751025364148,147,172,depth >= 30 m
HIHWNMS,2008-02-01,0.11817380401460462,0.17472764123014586,147,172,depth >= 30 m
HIHWNMS,2008-03-01,0.09872916640726472,0.1372353217976038,147,172,depth >= 30 m
HIHWNMS,2008-04-01,0.096011203174179,0.13597406392787087,147,172,depth >= 30 m
HIHWNMS,2008-05-01,0.09595869218374242,0.1452984084851693,147,172,depth >= 30 m
HIHWNMS,2008-06-01,0.10152098284202624,0.13992001072958457,147,172,depth >= 30 m
HIHWNMS,2008-07-01,0.11447865135257508,0.15647704946960128,147,172,depth >= 30 m
HIHWNMS,2008-08-01,0.11870144781852958,0.15733698742507507,147,172,depth >= 30 m
HIHWNMS,2008-09-01,0.13905258466926215,0.17730303294956684,147,172,depth >= 30 m
HIHWNMS,2008-10-01,0.13550930514792064,0.16892462423027943,147,172,depth >= 30 m
HIHWNMS,2008-11-01,0.13764685755291595,0.1751549084302645,147,172,depth >= 30 m
HIHWNMS,2008-12-01,0.15203565687128415,0.1905698225947849,147,171,depth >= 30 m
HIHWNMS,2009-01-01,0.15424598203535503,0.203565015111032,147,172,depth >= 30 m
HIHWNMS,2009-02-01,0.1405650369417683,0.17496544954388643,147,172,depth >= 30 m
HIHWNMS,2009-03-01,0.15261282406552765,0.212851503972224,147,172,depth >= 30 m
HIHWNMS,2009-04-01,0.12342856948234386,0.17010996061875375,147,172,depth >= 30 m
HIHWNMS,2009-05-01,0.10300486403638372,0.1443642914446807,147,172,depth >= 30 m
HIHWNMS,2009-06-01,0.09123101963165936,0.1364952668027823,147,172,depth >= 30 m
HIHWNMS,2009-07-01,0.09662352855595374,0.14694218966720057,147,172,depth >= 30 m
HIHWNMS,2009-08-01,0.09723948821495829,0.13644649861597044,147,172,depth >= 30 m
HIHWNMS,2009-09-01,0.10020659377549004,0.1449907493431034,147,172,depth >= 30 m
HIHWNMS,2009-10-01,0.1064197476188941,0.13639528224201392,147,172,depth >= 30 m
HIHWNMS,2009-11-01,0.1298860080094775,0.1958272523398318,147,172,depth >= 30 m
HIHWNMS,2009-12-01,0.13197320187691824,0.17976929671889136,147,172,depth >= 30 m
HIHWNMS,2010-01-01,0.12253195649714592,0.1632915227565655,147,172,depth >= 30 m
HIHWNMS,2010-02-01,0.10342067436614164,0.1383472718948195,147,172,depth >= 30 m
HIHWNMS,2010-03-01,0.12090804887888974,0.16267984757892967,147,172,depth >= 30 m
HIHWNMS,2010-04-01,0.10997747918500914,0.14632428253372742,147,172,depth >= 30 m
HIHWNMS,2010-05-01,0.09091788251098044,0.13128210759591746,147,172,depth >= 30 m
HIHWNMS,2010-06-01,0.08990463560470865,0.128337567236427,147,171,depth >= 30 m
HIHWNMS,2010-07-01,0.10188556667054641,0.1394819504646368,147,172,depth >= 30 m
HIHWNMS,2010-08-01,0.0908566420791638,0.1272448063828051,147,172,depth >= 30 m
HIHWNMS,2010-09-01,0.1046548714343561,0.13839400769752816,147,172,depth >= 30 m
HIHWNMS,2010-10-01,0.11883514239462777,0.15730323217982473,147,172,depth >= 30 m
HIHWNMS,2010-11-01,0.11801686153958016,0.15618220918140435,147,172,depth >= 30 m
HIHWNMS,2010-12-01,0.13348135827146915,0.1776546763559413,147,172,depth >= 30 m
HIHWNMS,2011-01-01,0.15846513583355976,0.23358317198188497,147,172,depth >= 30 m
HIHWNMS,2011-02-01,0.1284761824622151,0.1858964106068015,147,172,depth >= 30 m
HIHWNMS,2011-03-01,0.11646661425537257,0.17032436619317814,147,172,depth >= 30 m
HIHWNMS,2011-04-01,0.08535174849900685,0.12549423531975687,147,172,depth >= 30 m
HIHWNMS,2011-05-01,0.09262360830947183,0.14817056464854364,147,172,depth >= 30 m
HIHWNMS,2011-06-01,0.0949928043564684,0.1439481593213629,147,172,depth >= 30 m
HIHWNMS,2011-07-01,0.09056092529574372,0.12700330284099243,147,172,depth >= 30 m
HIHWNMS,2011-08-01,0.10620361226521556,0.1455602368449463,145,170,depth >= 30 m
HIHWNMS,2011-09-01,0.12183234193362492,0.17026012789371395,147,172,depth >= 30 m
HIHWNMS,2011-10-01,0.1269459221316126,0.16068315917496073,147,172,depth >= 30 m
HIHWNMS,2011-11-01,0.15778228192339985,0.19695034021035188,147,172,depth >= 30 m
HIHWNMS,2011-12-01,0.13757793543845784,0.17572670724502826,147,172,depth >= 30 m
HIHWNMS,2012-01-01,0.1273933843697037,0.16344935875819175,147,172,depth >= 30 m
HIHWNMS,2012-02-01,0.11768952038622578,0.1575764258673718,147,172,depth >= 30 m
HIHWNMS,2012-03-01,0.11573410285736724,0.1641050479807999,147,172,depth >= 30 m
HIHWNMS,2012-04-01,0.09525266538958777,0.124136917326734,144,166,depth >= 30 m
HIHWNMS,2012-05-01,0.08643537147165974,0.11189201345143757,137,153,depth >= 30 m
HIHWNMS,2012-06-01,0.08907392555703987,0.11535940711435518,137,152,depth >= 30 m
HIHWNMS,2012-07-01,0.10066680096314652,0.1226523021369978,136,153,depth >= 30 m
HIHWNMS,2012-08-01,0.09778208687482626,0.12233771680092267,137,154,depth >= 30 m
HIHWNMS,2012-09-01,0.102299554191836,0.1317667851297112,137,154,depth >= 30 m
HIHWNMS,2012-10-01,0.10757953230904244,0.13882389468709372,138,154,depth >= 30 m
HIHWNMS,2012-11-01,0.133169027525455,0.15599594760294022,137,152,depth >= 30 m
HIHWNMS,2012-12-01,0.13911391409638105,0.15680101565330434,137,152,depth >= 30 m
HIHWNMS,2013-01-01,0.12588234998220127,0.1435106446345647,137,150,depth >= 30 m
HIHWNMS,2013-02-01,0.10443423582404164,0.1245738800958191,137,152,depth >= 30 m
HIHWNMS,2013-03-01,0.11105515020823678,0.13253440788799994,138,152,depth >= 30 m
HIHWNMS,2013-04-01,0.09054782447078276,0.1038556762837938,131,140,depth >= 30 m
HIHWNMS,2013-05-01,0.0905406714960767,0.11027190431952476,137,150,depth >= 30 m
HIHWNMS,2013-06-01,0.0867075279861963,0.10973298581724136,135,151,depth >= 30 m
HIHWNMS,2013-07-01,0.0936681557895062,0.11295144650601335,137,154,depth >= 30 m
HIHWNMS,2013-08-01,0.08774258372319328,0.10862825412475904,136,151,depth >= 30 m
HIHWNMS,2013-09-01,0.09302193642239603,0.11611747210906218,137,153,depth >= 30 m
HIHWNMS,2013-10-01,0.12551209990680334,0.1489817089845542,138,153,depth >= 30 m
HIHWNMS,2013-11-01,0.12515858067931293,0.1408534685002738,137,152,depth >= 30 m
HIHWNMS,2013-12-01,0.12767471787422446,0.1686671473956728,138,154,depth >= 30 m
HIHWNMS,2014-01-01,0.12251381992699972,0.14822188019752502,138,154,depth >= 30 m
HIHWNMS,2014-02-01,0.1151025350267653,0.13555539797991514,137,150,depth >= 30 m
HIHWNMS,2014-03-01,0.1065896168301982,0.1394648416233914,138,154,depth >= 30 m
HIHWNMS,2014-04-01,0.10569500353997573,0.12995225105336622,137,152,depth >= 30 m
HIHWNMS,2014-05-01,0.08499204207138983,0.10297963542157208,132,145,depth >= 30 m
HIHWNMS,2014-06-01,0.07692919956583014,0.09899767448327372,137,154,depth >= 30 m
HIHWNMS,2014-07-01,0.09767733302334958,0.12605207420692038,137,154,depth >= 30 m
HIHWNMS,2014-08-01,0.09530651197532018,0.1248462708557353,137,153,depth >= 30 m
HIHWNMS,2014-09-01,0.0849558161229979,0.10798903206497236,137,153,depth >= 30 m
HIHWNMS,2014-10-01,0.1180557677614726,0.1508477020573306,138,154,depth >= 30 m
HIHWNMS,2014-11-01,0.13281645527680952,0.15644370362554727,137,152,depth >= 30 m
HIHWNMS,2014-12-01,0.15156096799728763,0.1845666268900518,138,155,depth >= 30 m
HIHWNMS,2015-01-01,0.12963193995424377,0.16038329105556398,137,153,depth >= 30 m
HIHWNMS,2015-02-01,0.11928461806638396,0.14942081015727487,137,153,depth >= 30 m
HIHWNMS,2015-03-01,0.10068145940850701,0.11764117647465822,137,148,depth >= 30 m
HIHWNMS,2015-04-01,0.08374625082465843,0.11386618325235072,135,148,depth >= 30 m
HIHWNMS,2015-05-01,0.08267951949863118,0.10494937876476935,135,149,depth >= 30 m
HIHWNMS,2015-06-01,0.08424290253998067,0.10349647507021492,136,149,depth >= 30 m
HIHWNMS,2015-07-01,0.07929041725272923,0.095863178360288,137,154,depth >= 30 m
HIHWNMS,2015-08-01,0.09439135934865509,0.11666270502961722,136,149,depth >= 30 m
HIHWNMS,2015-09-01,0.11012381597043291,0.14521871484666066,136,149,depth >= 30 m
HIHWNMS,2015-10-01,0.0991427596838643,0.1256878427349222,138,156,depth >= 30 m
HIHWNMS,2015-11-01,0.1091073601640926,0.13504346548860907,135,149,depth >= 30 m
HIHWNMS,2015-12-01,0.1053261141692984,0.12973749737520485,136,151,depth >= 30 m
HIHWNMS,2016-01-01,0.11392240756917496,0.13796743924819652,138,155,depth >= 30 m
HIHWNMS,2016-02-01,0.109215365012658,0.13747584180485822,138,155,depth >= 30 m
HIHWNMS,2016-03-01,0.10008499780751756,0.13194005119223745,138,155,depth >= 30 m
HIHWNMS,2016-04-01,0.0820830856605037,0.10783267161790648,137,153,depth >= 30 m
HIHWNMS,2016-05-01,0.0852156920046243,0.10410372746097886,137,153,depth >= 30 m
HIHWNMS,2016-06-01,0.08919958939590283,0.118713577967379,137,154,depth >= 30 m
HIHWNMS,2016-07-01,0.09257494272782468,0.11680941141901476,137,155,depth >= 30 m
HIHWNMS,2016-08-01,0.0856338892677559,0.11403417028486729,137,155,depth >= 30 m
HIHWNMS,2016-09-01,0.0959324579402288,0.13339533636406548,138,155,depth >= 30 m
HIHWNMS,2016-10-01,0.10272637717639448,0.14549570844675863,138,156,depth >= 30 m
HIHWNMS,2016-11-01,0.10894173971266484,0.1460367022502807,138,155,depth >= 30 m
HIHWNMS,2016-12-01,0.1262354851895983,0.15705532741642766,138,155,depth >= 30 m
HIHWNMS,2017-01-01,0.11251896367590744,0.15147179601570734,138,156,depth >= 30 m
HIHWNMS,2017-02-01,0.10213913947743589,0.14137378702721284,138,155,depth >= 30 m
HIHWNMS,2017-03-01,0.08112383505260304,0.1362842632672535,138,156,depth >= 30 m
HIHWNMS,2017-04-01,0.07381944147891954,0.101151472490624,136,152,depth >= 30 m
HIHWNMS,2017-05-01,0.08668292595636998,0.11185374576598406,137,154,depth >= 30 m
HIHWNMS,2017-06-01,0.08400775764533924,0.10901008902057524,137,155,depth >= 30 m
HIHWNMS,2017-07-01,0.08436260389848599,0.10879771550816876,137,155,depth >= 30 m
HIHWNMS,2017-08-01,0.079429748683270393,0.1019113578983853,137,155,depth >= 30 m
HIHWNMS,2017-09-01,0.09426060670112991,0.12015518436256128,138,156,depth >= 30 m
HIHWNMS,2017-10-01,0.12638085978168667,0.16581064090132713,138,156,depth >= 30 m
HIHWNMS,2017-11-01,0.12548132163516143,0.16712055210836035,138,156,depth >= 30 m
HIHWNMS,2017-12-01,0.13258459837538936,0.178082803861262,138,156,depth >= 30 m
HIHWNMS,2018-01-01,0.12231873250915597,0.15719395931209287,138,155,depth >= 30 m
HIHWNMS,2018-02-01,0.13982237093884362,0.1957079942027728,138,156,depth >= 30 m
HIHWNMS,2018-03-01,0.10473269880870692,0.14019965378042212,138,156,depth >= 30 m
HIHWNMS,2018-04-01,0.102880312095781,0.14189950617289307,136,151,depth >= 30 m
HIHWNMS,2018-05-01,0.08615442461631871,0.1158892974330514,137,153,depth >= 30 m
HIHWNMS,2018-06-01,0.08651972943769454,0.11850731187294444,137,154,depth >= 30 m
HIHWNMS,2018-07-01,0.10774906609560216,0.13855110190419198,137,153,depth >= 30 m
HIHWNMS,2018-08-01,0.11564849800859806,0.15037790279275448,137,153,depth >= 30 m
HIHWNMS,2018-09-01,0.10372771872621774,0.1477305323726708,138,155,depth >= 30 m
HIHWNMS,2018-10-01,0.10608159456661108,0.15373748171954388,138,155,depth >= 30 m
HIHWNMS,2018-11-01,0.1346627891992286,0.20968518661669433,138,156,depth >= 30 m
HIHWNMS,2018-12-01,0.14620676001823796,0.18777753577495992,138,156,depth >= 30 m
HIHWNMS,2019-01-01,0.13625804146931508,0.1661587678469144,138,156,depth >= 30 m
HIHWNMS,2019-02-01,0.14688866611682608,0.19234226068529567,138,156,depth >= 30 m
HIHWNMS,2019-03-01,0.0982534446312021,0.13184621385656867,138,156,depth >= 30 m
HIHWNMS,2019-04-01,0.09022228795265624,0.11801736827098556,137,155,depth >= 30 m
HIHWNMS,2019-05-01,0.08443196095048601,0.12035013459526105,137,154,depth >= 30 m
HIHWNMS,2019-06-01,0.09430617394251208,0.11987404987312757,137,154,depth >= 30 m
HIHWNMS,2019-07-01,0.09258386844510248,0.13606736815023812,137,155,depth >= 30 m
HIHWNMS,2019-08-01,0.0902347936597578,0.12127691671973276,137,155,depth >= 30 m
HIHWNMS,2019-09-01,0.08385251457305898,0.1144661432466446,138,156,depth >= 30 m
HIHWNMS,2019-10-01,0.09099946594454544,0.1287188787753574,138,156,depth >= 30 m
HIHWNMS,2019-11-01,0.0976539260269228,0.13374673884409746,138,156,depth >= 30 m
HIHWNMS,2019-12-01,0.11564403817663768,0.15537944273688858,138,156,depth >= 30 m
HIHWNMS,2020-01-01,0.10735601477099556,0.14451487084814146,137,153,depth >= 30 m
HIHWNMS,2020-02-01,0.10646201685179314,0.1548562671234405,137,153,depth >= 30 m
HIHWNMS,2020-03-01,0.0983306782883662,0.15121019790070012,137,154,depth >= 30 m
HIHWNMS,2020-04-01,0.09232513393209892,0.12997240728589815,137,154,depth >= 30 m
HIHWNMS,2020-05-01,0.084859782003286,0.10851734804062102,137,154,depth >= 30 m
HIHWNMS,2020-06-01,0.07988391594515049,0.10568232459375282,137,153,depth >= 30 m
HIHWNMS,2020-07-01,0.08992580529135027,0.12198215776256156,137,154,depth >= 30 m
HIHWNMS,2020-08-01,0.09313824615297037,0.12103816354042524,137,154,depth >= 30 m
HIHWNMS,2020-09-01,0.10693723248009245,0.14268324226624776,137,154,depth >= 30 m
HIHWNMS,2020-10-01,0.11859912496736996,0.15753179024179265,137,154,depth >= 30 m
HIHWNMS,2020-11-01,0.13915022096559443,0.16945334441669577,137,154,depth >= 30 m
HIHWNMS,2020-12-01,0.11982638435583191,0.15590789287605067,137,154,depth >= 30 m
HIHWNMS,2021-01-01,0.1232278595708137,0.1620571240539255,137,153,depth >= 30 m
HIHWNMS,2021-02-01,0.09444739995672916,0.13426197882644936,137,154,depth >= 30 m
HIHWNMS,2021-03-01,0.12706041019030195,0.22827234445744515,137,154,depth >= 30 m
HIHWNMS,2021-04-01,0.09289554515112287,0.12636151447210434,137,153,depth >= 30 m
HIHWNMS,2021-05-01,0.0978785002762612,0.12723449439826337,137,154,depth >= 30 m
HIHWNMS,2021-06-01,0.08965659332074548,0.11554432725654792,137,154,depth >= 30 m
HIHWNMS,2021-07-01,0.09319075770280204,0.11857697193498735,137,154,depth >= 30 m
HIHWNMS,2021-08-01,0.09903569924237164,0.13261151714129493,137,154,depth >= 30 m
HIHWNMS,2021-09-01,0.10478619412964768,0.16041592752413925,137,152,depth >= 30 m
HIHWNMS,2021-10-01,0.10634448650575484,0.14315787775369437,137,154,depth >= 30 m
HIHWNMS,2021-11-01,0.11201695019840248,0.14884272599955656,137,154,depth >= 30 m
HIHWNMS,2021-12-01,0.16710645757222015,0.20875674883037612,136,153,depth >= 30 m
HIHWNMS,2022-01-01,0.13576588769172834,0.1868866382698927,137,154,depth >= 30 m
HIHWNMS,2022-02-01,0.116072145408904,0.15605562060189088,135,152,depth >= 30 m
HIHWNMS,2022-03-01,0.11381799006725016,0.14749205168826798,135,152,depth >= 30 m
HIHWNMS,2022-04-01,0.11652390947083396,0.14819709913564377,134,147,depth >= 30 m
HIHWNMS,2022-05-01,0.11715627703827255,0.16367118556471844,134,151,depth >= 30 m
HIHWNMS,2022-06-01,0.1117950264784243,0.14740968076512218,135,152,depth >= 30 m
HIHWNMS,2022-07-01,0.1213118321515148,0.17065959192471566,136,153,depth >= 30 m
HIHWNMS,2022-08-01,0.11505904600215316,0.1552892032716619,135,152,depth >= 30 m
HIHWNMS,2022-09-01,0.13736205773746007,0.1814001315082146,134,151,depth >= 30 m
HIHWNMS,2022-10-01,0.1473506479812481,0.1883098280890599,135,152,depth >= 30 m
HIHWNMS,2022-11-01,0.15995883469731917,0.19704999218319916,137,154,depth >= 30 m
HIHWNMS,2022-12-01,0.17288112816887286,0.23463376824344911,137,154,depth >= 30 m
HIHWNMS,2023-01-01,0.1311062378870456,0.1785414985973726,137,154,depth >= 30 m
HIHWNMS,2023-02-01,0.1403768219279921,0.19101911476429773,137,153,depth >= 30 m
HIHWNMS,2023-03-01,0.1292522129308569,0.1720849600571551,135,152,depth >= 30 m
HIHWNMS,2023-04-01,0.10665029881525864,0.1349097454518664,137,153,depth >= 30 m
HIHWNMS,2023-05-01,0.11138277580692545,0.1358840742210547,134,150,depth >= 30 m
HIHWNMS,2023-06-01,0.11297250352941351,0.1412030211587747,134,150,depth >= 30 m
HIHWNMS,2023-07-01,0.10590057369224096,0.15641622441379643,135,152,depth >= 30 m
HIHWNMS,2023-08-01,0.10933753160750474,0.1440581633082402,136,153,depth >= 30 m
HIHWNMS,2023-09-01,0.1322801340906976,0.1673218633391355,135,152,depth >= 30 m
HIHWNMS,2023-10-01,0.13395071542786205,0.18206316786636784,137,154,depth >= 30 m
HIHWNMS,2023-11-01,0.16206226095218593,0.2153964290042329,137,153,depth >= 30 m
HIHWNMS,2023-12-01,0.16801609896272335,0.2142286352277581,136,153,depth >= 30 m
HIHWNMS,2024-01-01,0.15491703939578697,0.20759405656536292,137,154,depth >= 30 m
HIHWNMS,2024-02-01,0.13652563027780493,0.18615039873465497,131,148,depth >= 30 m
HIHWNMS,2024-03-01,0.12002415061028478,0.15234034275015196,134,150,depth >= 30 m
HIHWNMS,2024-04-01,0.11954410141067648,0.15672936547245525,132,148,depth >= 30 m
HIHWNMS,2024-05-01,0.1109743105482702,0.14465128021031026,134,151,depth >= 30 m
HIHWNMS,2024-06-01,0.11021678802870864,0.14139707594815837,135,152,depth >= 30 m
HIHWNMS,2024-07-01,0.11288230633482074,0.144087509702373,134,151,depth >= 30 m
HIHWNMS,2024-08-01,0.12296239049689062,0.16025001766454236,135,152,depth >= 30 m
HIHWNMS,2024-09-01,0.1041838220243037,0.14262166958743416,135,152,depth >= 30 m
HIHWNMS,2024-10-01,0.12413626849515658,0.16976408677567775,135,152,depth >= 30 m
HIHWNMS,2024-11-01,0.1323695325908472,0.17374136528701753,137,154,depth >= 30 m
HIHWNMS,2024-12-01,0.13114241778349572,0.17689089126304372,137,154,depth >= 30 m
HIHWNMS,2025-01-01,0.13814569108607866,0.2012962730832739,136,153,depth >= 30 m
HIHWNMS,2025-02-01,0.14364417077428213,0.18459597511805204,135,152,depth >= 30 m
HIHWNMS,2025-03-01,0.11919243262766369,0.14852861476768003,135,152,depth >= 30 m
HIHWNMS,2025-04-01,0.10897412596488282,0.1366364742939671,134,150,depth >= 30 m
HIHWNMS,2025-05-01,0.09980444063832142,0.12777663123430005,135,151,depth >= 30 m
HIHWNMS,2025-06-01,0.10679666015915992,0.14063971633322878,137,153,depth >= 30 m
HIHWNMS,2025-07-01,0.11765170562092084,0.14874234904426262,137,154,depth >= 30 m
HIHWNMS,2025-08-01,0.115129268349872,0.16193838410225564,137,153,depth >= 30 m
HIHWNMS,2025-09-01,0.11956537052567388,0.1732608185621438,137,154,depth >= 30 m
HIHWNMS,2025-10-01,0.13719138276984533,0.18076712773604825,137,154,depth >= 30 m
HIHWNMS,2025-11-01,0.15002239984940338,0.18803674805086928,137,154,depth >= 30 m
HIHWNMS,2025-12-01,0.15017351237819093,0.19119092086692907,137,154,depth >= 30 m
HIHWNMS,2026-01-01,0.1435909813681891,0.1783912099556985,136,153,depth >= 30 m
HIHWNMS,2026-02-01,0.14937564339417878,0.19644305794165023,136,153,depth >= 30 m
HIHWNMS,2026-03-01,0.21366265245726276,0.30738116810524385,137,153,depth >= 30 m
HIHWNMS,2026-04-01,0.11975092681395598,0.1672745691733313,137,154,depth >= 30 m
HIHWNMS,2026-05-01,0.11645792618506312,0.1580430241425832,134,150,depth >= 30 m
HIHWNMS,2026-06-01,0.13067115085742786,0.175478670992796,134,151,depth >= 30 m
NMSAS,1997-09-01,0.0419524348173738,0.04287642835279798,1616,1616,depth >= 30 m
NMSAS,1997-10-01,0.04283655225934908,0.04855619752991268,704,704,depth >= 30 m
NMSAS,1997-11-01,0.04306875287848382,0.04865842989586868,1136,1136,depth >= 30 m
NMSAS,1997-12-01,0.04032623643796059,0.04116812627581011,1026,1026,depth >= 30 m
NMSAS,1998-01-01,0.03605012180340927,0.04355392789286004,1002,1002,depth >= 30 m
NMSAS,1998-02-01,0.03900625681383467,0.03945941856529609,1369,1369,depth >= 30 m
NMSAS,1998-03-01,0.03778018240431855,0.03899717667134281,1610,1610,depth >= 30 m
NMSAS,1998-04-01,0.04486297192158297,0.04521549234474171,1648,1648,depth >= 30 m
NMSAS,1998-05-01,0.05456073619316107,0.05513119507348019,1647,1647,depth >= 30 m
NMSAS,1998-06-01,0.05040938338802307,0.05115572059793129,1120,1120,depth >= 30 m
NMSAS,1998-07-01,0.04678934039091812,0.04723894546644697,1499,1499,depth >= 30 m
NMSAS,1998-08-01,0.05008949112212715,0.05190999445087447,1466,1466,depth >= 30 m
NMSAS,1998-09-01,0.06021264408871808,0.06099980972521342,1643,1643,depth >= 30 m
NMSAS,1998-10-01,0.05565138264983944,0.05649635731668794,1475,1475,depth >= 30 m
NMSAS,1998-11-01,0.04428649728024315,0.04477610193043569,1596,1596,depth >= 30 m
NMSAS,1998-12-01,0.04463048887640463,0.0451714166831407,1535,1535,depth >= 30 m
NMSAS,1999-01-01,0.04667034829829655,0.04812055166419351,1342,1342,depth >= 30 m
NMSAS,1999-02-01,0.04807582392297614,0.04996925734304577,789,789,depth >= 30 m
NMSAS,1999-03-01,0.04758967908628635,0.05017244354204176,1591,1591,depth >= 30 m
NMSAS,1999-04-01,0.05329779488676234,0.0536652603257179,1651,1651,depth >= 30 m
NMSAS,1999-05-01,0.05862838993239299,0.06015658055501086,1594,1594,depth >= 30 m
NMSAS,1999-06-01,0.05488500467140933,0.05572908210550658,1653,1653,depth >= 30 m
NMSAS,1999-07-01,0.05208520397982653,0.05236769216686956,1654,1654,depth >= 30 m
NMSAS,1999-08-01,0.04888558502760168,0.04935431438489744,1653,1653,depth >= 30 m
NMSAS,1999-09-01,0.05406368835561328,0.0545344838320197,1649,1649,depth >= 30 m
NMSAS,1999-10-01,0.05148508518886193,0.05291971847994113,1428,1428,depth >= 30 m
NMSAS,1999-11-01,0.04328426080752659,0.0443482299240719,1349,1349,depth >= 30 m
NMSAS,1999-12-01,0.03734608464806274,0.04134465921841078,1635,1635,depth >= 30 m
NMSAS,2000-01-01,0.03710238279820577,0.04049244290539346,1448,1448,depth >= 30 m
NMSAS,2000-02-01,0.04115729377614085,0.0425170956973414,1220,1220,depth >= 30 m
NMSAS,2000-03-01,0.0468451139660277,0.048034794889582,1556,1556,depth >= 30 m
NMSAS,2000-04-01,0.04588390415008531,0.04875329352961562,1610,1610,depth >= 30 m
NMSAS,2000-05-01,0.05103152925740525,0.05219068529743419,1625,1625,depth >= 30 m
NMSAS,2000-06-01,0.04664224985324889,0.04751582902872282,1561,1561,depth >= 30 m
NMSAS,2000-07-01,0.05448465663751004,0.05521884804057742,1654,1654,depth >= 30 m
NMSAS,2000-08-01,0.04587912718487239,0.04652996443035819,1649,1649,depth >= 30 m
NMSAS,2000-09-01,0.03901388801412524,0.04064854343554801,1610,1610,depth >= 30 m
NMSAS,2000-10-01,0.04212229689370893,0.04283521916874178,1211,1211,depth >= 30 m
NMSAS,2000-11-01,0.03944556956403238,0.04240552166075956,1366,1366,depth >= 30 m
NMSAS,2000-12-01,0.04121667612438414,0.04169150141465646,1648,1648,depth >= 30 m
NMSAS,2001-01-01,0.03471486297567124,0.03542117903979577,1378,1378,depth >= 30 m
NMSAS,2001-02-01,0.03825015277074094,0.03941177264696662,1285,1285,depth >= 30 m
NMSAS,2001-03-01,0.04127124465147854,0.04426371341619409,1314,1314,depth >= 30 m
NMSAS,2001-04-01,0.04146454338546924,0.04222896249210502,1647,1647,depth >= 30 m
NMSAS,2001-05-01,0.04625802288062623,0.04724057530272265,1635,1635,depth >= 30 m
NMSAS,2001-06-01,0.0491986222097787,0.05081983395813109,1503,1503,depth >= 30 m
NMSAS,2001-07-01,0.04646869581690865,0.04753898880986985,1648,1648,depth >= 30 m
NMSAS,2001-08-01,0.0486035511065709,0.0497561505518828,1455,1455,depth >= 30 m
NMSAS,2001-09-01,0.04717626362496847,0.04769753865867912,1503,1503,depth >= 30 m
NMSAS,2001-10-01,0.04662821935253823,0.04824484052262593,1581,1581,depth >= 30 m
NMSAS,2001-11-01,0.05034991652840877,0.05223478762544092,1374,1374,depth >= 30 m
NMSAS,2001-12-01,0.05046946702751322,0.05333784479916709,1649,1649,depth >= 30 m
NMSAS,2002-01-01,0.03951190016230545,0.04016371706248815,1642,1642,depth >= 30 m
NMSAS,2002-02-01,0.03947602540588713,0.04039797427743491,1473,1473,depth >= 30 m
NMSAS,2002-03-01,0.04119143904709117,0.04254022843105751,1642,1642,depth >= 30 m
NMSAS,2002-04-01,0.04481827414918504,0.04817577037488068,1420,1420,depth >= 30 m
NMSAS,2002-05-01,0.05099908092238086,0.05219188365461019,1653,1653,depth >= 30 m
NMSAS,2002-06-01,0.04898506933126397,0.05041442326863727,1655,1655,depth >= 30 m
NMSAS,2002-07-01,0.04955221812223402,0.04985929806336894,1655,1655,depth >= 30 m
NMSAS,2002-08-01,0.04890907115838204,0.04914944567168948,1655,1655,depth >= 30 m
NMSAS,2002-09-01,0.04538482095293921,0.04646165536159467,1655,1655,depth >= 30 m
NMSAS,2002-10-01,0.04918472096847094,0.05000843215519916,1655,1655,depth >= 30 m
NMSAS,2002-11-01,0.04898675750605014,0.0505130171010503,1655,1655,depth >= 30 m
NMSAS,2002-12-01,0.05166363058079622,0.05217504078617992,1655,1655,depth >= 30 m
NMSAS,2003-01-01,0.047999375025928,0.05016808240840446,1655,1655,depth >= 30 m
NMSAS,2003-02-01,0.05289812592263323,0.05348607736299173,1652,1652,depth >= 30 m
NMSAS,2003-03-01,0.07002357024791109,0.07206675453488556,1655,1655,depth >= 30 m
NMSAS,2003-04-01,0.06205847804368338,0.06323239798812344,1655,1655,depth >= 30 m
NMSAS,2003-05-01,0.07089261928894502,0.0716214653948642,1655,1655,depth >= 30 m
NMSAS,2003-06-01,0.06718856716685555,0.06742156299894667,1655,1655,depth >= 30 m
NMSAS,2003-07-01,0.07216484657838244,0.07312789000908439,1655,1655,depth >= 30 m
NMSAS,2003-08-01,0.07161296080037813,0.0720712866217708,1655,1655,depth >= 30 m
NMSAS,2003-09-01,0.0502631774755992,0.05150812359194739,1655,1655,depth >= 30 m
NMSAS,2003-10-01,0.04306602038346956,0.04331762561760278,1655,1655,depth >= 30 m
NMSAS,2003-11-01,0.04185487450314572,0.04219966888697848,1655,1655,depth >= 30 m
NMSAS,2003-12-01,0.04278240623782082,0.04358652040497415,1655,1655,depth >= 30 m
NMSAS,2004-01-01,0.04691134122071738,0.04769407887113067,1655,1655,depth >= 30 m
NMSAS,2004-02-01,0.0420975214077489,0.04274971310690811,1655,1655,depth >= 30 m
NMSAS,2004-03-01,0.03904578521609242,0.03936878460208996,1655,1655,depth >= 30 m
NMSAS,2004-04-01,0.04123396943435784,0.04150464468131971,1655,1655,depth >= 30 m
NMSAS,2004-05-01,0.05009769259136051,0.05067910946838093,1655,1655,depth >= 30 m
NMSAS,2004-06-01,0.0560615994217799,0.05655517797365647,1655,1655,depth >= 30 m
NMSAS,2004-07-01,0.06040318213047786,0.06084378610879991,1655,1655,depth >= 30 m
NMSAS,2004-08-01,0.0473861495945141,0.04773657319453909,1655,1655,depth >= 30 m
NMSAS,2004-09-01,0.04510236834131349,0.04541501127791186,1655,1655,depth >= 30 m
NMSAS,2004-10-01,0.0411958803718933,0.04175019109132065,1655,1655,depth >= 30 m
NMSAS,2004-11-01,0.03625692568814558,0.03701366587032725,1655,1655,depth >= 30 m
NMSAS,2004-12-01,0.03616307638438599,0.03664117457599634,1654,1654,depth >= 30 m
NMSAS,2005-01-01,0.0402009820099715,0.04086539941499422,1655,1655,depth >= 30 m
NMSAS,2005-02-01,0.03975331823247825,0.04039096406092232,1649,1649,depth >= 30 m
NMSAS,2005-03-01,0.03894229864829971,0.03977463385962464,1655,1655,depth >= 30 m
NMSAS,2005-04-01,0.05278396334955004,0.05472808620270641,1655,1655,depth >= 30 m
NMSAS,2005-05-01,0.06007330983670168,0.06032666196860935,1655,1655,depth >= 30 m
NMSAS,2005-06-01,0.06356734307731512,0.063757546304576,1655,1655,depth >= 30 m
NMSAS,2005-07-01,0.06072836162867477,0.06100935950380075,1655,1655,depth >= 30 m
NMSAS,2005-08-01,0.04827244904513695,0.0485357159844338,1655,1655,depth >= 30 m
NMSAS,2005-09-01,0.04540691579835182,0.04597201151295013,1655,1655,depth >= 30 m
NMSAS,2005-10-01,0.03906531334368457,0.03928412552641597,1655,1655,depth >= 30 m
NMSAS,2005-11-01,0.03603136155363198,0.03751111087414611,1655,1655,depth >= 30 m
NMSAS,2005-12-01,0.0404330624658561,0.04114845559293584,1655,1655,depth >= 30 m
NMSAS,2006-01-01,0.04299978480741755,0.0437067636057283,1650,1650,depth >= 30 m
NMSAS,2006-02-01,0.04661525324303165,0.05067151759461336,1655,1655,depth >= 30 m
NMSAS,2006-03-01,0.03757186659608856,0.03792604252335888,1655,1655,depth >= 30 m
NMSAS,2006-04-01,0.04205977001963117,0.04236635048268783,1655,1655,depth >= 30 m
NMSAS,2006-05-01,0.04722298595043746,0.04821852146228631,1655,1655,depth >= 30 m
NMSAS,2006-06-01,0.04425218187390917,0.04534947458440801,1655,1655,depth >= 30 m
NMSAS,2006-07-01,0.04440631643274372,0.04472657080368336,1655,1655,depth >= 30 m
NMSAS,2006-08-01,0.04487431329455099,0.04558136789775329,1655,1655,depth >= 30 m
NMSAS,2006-09-01,0.03755108173644744,0.03772995757822542,1655,1655,depth >= 30 m
NMSAS,2006-10-01,0.03442007534631252,0.03463364675798628,1655,1655,depth >= 30 m
NMSAS,2006-11-01,0.03560538832568236,0.03581896898452068,1655,1655,depth >= 30 m
NMSAS,2006-12-01,0.03358167749676213,0.03389099377272171,1655,1655,depth >= 30 m
NMSAS,2007-01-01,0.02840426272268266,0.02871003913302135,1634,1634,depth >= 30 m
NMSAS,2007-02-01,0.02947508162737157,0.02993883042402138,1655,1655,depth >= 30 m
NMSAS,2007-03-01,0.04081773615952483,0.04257716907495922,1653,1653,depth >= 30 m
NMSAS,2007-04-01,0.07111139434019643,0.08054291053571001,1655,1655,depth >= 30 m
NMSAS,2007-05-01,0.07445716373202352,0.07830074360408447,1655,1655,depth >= 30 m
NMSAS,2007-06-01,0.05776271404205749,0.05818231423635849,1655,1655,depth >= 30 m
NMSAS,2007-07-01,0.04654420742502484,0.04695225473932268,1655,1655,depth >= 30 m
NMSAS,2007-08-01,0.03986942147349438,0.0400860212428152,1655,1655,depth >= 30 m
NMSAS,2007-09-01,0.03454796801486545,0.03479039227404263,1655,1655,depth >= 30 m
NMSAS,2007-10-01,0.02954793682088687,0.02976356805766458,1655,1655,depth >= 30 m
NMSAS,2007-11-01,0.03294972316656277,0.03316301254167295,1655,1655,depth >= 30 m
NMSAS,2007-12-01,0.03271578333067405,0.03311471498579778,1655,1655,depth >= 30 m
NMSAS,2008-01-01,0.0330752133346942,0.03351384391304762,1655,1655,depth >= 30 m
NMSAS,2008-02-01,0.05072644090103082,0.0546366187797303,1655,1655,depth >= 30 m
NMSAS,2008-03-01,0.07143912494194173,0.0740040910748197,1655,1655,depth >= 30 m
NMSAS,2008-04-01,0.08125149620008863,0.0823822133805817,1655,1655,depth >= 30 m
NMSAS,2008-05-01,0.07777970168362863,0.07946743186777085,1655,1655,depth >= 30 m
NMSAS,2008-06-01,0.06071762104553363,0.06124640845235026,1655,1655,depth >= 30 m
NMSAS,2008-07-01,0.05549115414858774,0.0558600655990425,1655,1655,depth >= 30 m
NMSAS,2008-08-01,0.04315744922815997,0.04384279557225208,1655,1655,depth >= 30 m
NMSAS,2008-09-01,0.03817940385941136,0.03864289232026054,1655,1655,depth >= 30 m
NMSAS,2008-10-01,0.03077491408497241,0.031080285373096,1655,1655,depth >= 30 m
NMSAS,2008-11-01,0.04069021704794239,0.04133946953560821,1655,1655,depth >= 30 m
NMSAS,2008-12-01,0.03997110240296022,0.04182929533260839,1655,1655,depth >= 30 m
NMSAS,2009-01-01,0.03736759539803436,0.03816151975504942,1655,1655,depth >= 30 m
NMSAS,2009-02-01,0.04057161059191337,0.04092335324182971,1655,1655,depth >= 30 m
NMSAS,2009-03-01,0.03738029705238846,0.03781338770764113,1655,1655,depth >= 30 m
NMSAS,2009-04-01,0.04244435426538857,0.04292564077409735,1655,1655,depth >= 30 m
NMSAS,2009-05-01,0.04785007978869995,0.04819176763836353,1655,1655,depth >= 30 m
NMSAS,2009-06-01,0.0480537518529117,0.04819186009534176,1655,1655,depth >= 30 m
NMSAS,2009-07-01,0.04810787059032919,0.04845069100984633,1655,1655,depth >= 30 m
NMSAS,2009-08-01,0.05723040332629287,0.05791688447092256,1655,1655,depth >= 30 m
NMSAS,2009-09-01,0.05120049020763128,0.05185096046220507,1655,1655,depth >= 30 m
NMSAS,2009-10-01,0.04814256000804477,0.05007392358698872,1655,1655,depth >= 30 m
NMSAS,2009-11-01,0.05925127678135303,0.06065720025420692,1653,1653,depth >= 30 m
NMSAS,2009-12-01,0.05730436542138768,0.05882739792732668,1655,1655,depth >= 30 m
NMSAS,2010-01-01,0.0577884206725181,0.05829111811932842,1655,1655,depth >= 30 m
NMSAS,2010-02-01,0.06045265120049789,0.06126707211767077,1655,1655,depth >= 30 m
NMSAS,2010-03-01,0.04386450054776273,0.04418832519488393,1655,1655,depth >= 30 m
NMSAS,2010-04-01,0.04046289463991662,0.04097530856683535,1655,1655,depth >= 30 m
NMSAS,2010-05-01,0.04851457860032883,0.04917165427004462,1655,1655,depth >= 30 m
NMSAS,2010-06-01,0.05886264964564326,0.05917268181360376,1655,1655,depth >= 30 m
NMSAS,2010-07-01,0.05840533352481817,0.05934190883152076,1655,1655,depth >= 30 m
NMSAS,2010-08-01,0.04921628540112761,0.04969828633248265,1655,1655,depth >= 30 m
NMSAS,2010-09-01,0.04859131614214153,0.04936484763584461,1655,1655,depth >= 30 m
NMSAS,2010-10-01,0.04180744495480117,0.04231693175624139,1655,1655,depth >= 30 m
NMSAS,2010-11-01,0.05408488812294636,0.05513502362991744,1655,1655,depth >= 30 m
NMSAS,2010-12-01,0.05836723241403203,0.06084839640877403,1655,1655,depth >= 30 m
NMSAS,2011-01-01,0.05601857684891454,0.05912826969496961,1629,1629,depth >= 30 m
NMSAS,2011-02-01,0.05779736837221829,0.05831493017266524,1655,1655,depth >= 30 m
NMSAS,2011-03-01,0.05528629599260507,0.05578151520600492,1655,1655,depth >= 30 m
NMSAS,2011-04-01,0.04867734330748486,0.04960895882542399,1655,1655,depth >= 30 m
NMSAS,2011-05-01,0.04894174343116571,0.04947358647592117,1655,1655,depth >= 30 m
NMSAS,2011-06-01,0.05498624103532052,0.05514588201379129,1655,1655,depth >= 30 m
NMSAS,2011-07-01,0.05575167689215,0.05612447488479025,1655,1655,depth >= 30 m
NMSAS,2011-08-01,0.05747775815749078,0.0577045029698902,1655,1655,depth >= 30 m
NMSAS,2011-09-01,0.05655275195759839,0.05775648275575978,1655,1655,depth >= 30 m
NMSAS,2011-10-01,0.05748143390982582,0.06151600090893712,1655,1655,depth >= 30 m
NMSAS,2011-11-01,0.05962387484757549,0.06316924453051745,1655,1655,depth >= 30 m
NMSAS,2011-12-01,0.05572439482633687,0.05890037367216053,1655,1655,depth >= 30 m
NMSAS,2012-01-01,0.04758896689599563,0.0485791846186913,1655,1655,depth >= 30 m
NMSAS,2012-02-01,0.03575208184381034,0.03636337075033581,1655,1655,depth >= 30 m
NMSAS,2012-03-01,0.04401039253156089,0.04543704649157756,1655,1655,depth >= 30 m
NMSAS,2012-04-01,0.04575633426080412,0.04785266999279086,1655,1655,depth >= 30 m
NMSAS,2012-05-01,0.0418617443603398,0.04202731000287657,1655,1655,depth >= 30 m
NMSAS,2012-06-01,0.04604645062605527,0.04632504113311134,1655,1655,depth >= 30 m
NMSAS,2012-07-01,0.04711595450399884,0.04725201931999413,1654,1654,depth >= 30 m
NMSAS,2012-08-01,0.0480571982031689,0.04849534814001217,1655,1655,depth >= 30 m
NMSAS,2012-09-01,0.04954543345395917,0.05016621629523279,1653,1653,depth >= 30 m
NMSAS,2012-10-01,0.05058282287923751,0.05109316100018794,1653,1653,depth >= 30 m
NMSAS,2012-11-01,0.04991444467093568,0.0504377589171582,1650,1650,depth >= 30 m
NMSAS,2012-12-01,0.05211891309677877,0.05284273388182242,1640,1640,depth >= 30 m
NMSAS,2013-01-01,0.05187773851904598,0.05238896485937144,1622,1622,depth >= 30 m
NMSAS,2013-02-01,0.03921745779801657,0.04024402782815566,1642,1642,depth >= 30 m
NMSAS,2013-03-01,0.03824683463134216,0.03848360666268001,1655,1655,depth >= 30 m
NMSAS,2013-04-01,0.03849980814366331,0.03866220677434677,1655,1655,depth >= 30 m
NMSAS,2013-05-01,0.04546528374723577,0.0457448971370556,1655,1655,depth >= 30 m
NMSAS,2013-06-01,0.04482626268826437,0.04497838538939141,1655,1655,depth >= 30 m
NMSAS,2013-07-01,0.04634223766002422,0.04647195031106399,1642,1642,depth >= 30 m
NMSAS,2013-08-01,0.04624999022242571,0.04648961126129075,1655,1655,depth >= 30 m
NMSAS,2013-09-01,0.04504973773724742,0.0453893338152829,1655,1655,depth >= 30 m
NMSAS,2013-10-01,0.04626144973349978,0.04670035599517375,1653,1653,depth >= 30 m
NMSAS,2013-11-01,0.04356001268424453,0.04447055711914579,1655,1655,depth >= 30 m
NMSAS,2013-12-01,0.05302053810114617,0.05338201421197625,1655,1655,depth >= 30 m
NMSAS,2014-01-01,0.04690283906283615,0.04724889050116112,1645,1645,depth >= 30 m
NMSAS,2014-02-01,0.03542593038774639,0.03581499566235089,1654,1654,depth >= 30 m
NMSAS,2014-03-01,0.04257979493993953,0.04379419369392351,1655,1655,depth >= 30 m
NMSAS,2014-04-01,0.04147440616402158,0.04178703525342787,1655,1655,depth >= 30 m
NMSAS,2014-05-01,0.04174856611085922,0.04241304578557839,1655,1655,depth >= 30 m
NMSAS,2014-06-01,0.04868980186499921,0.04900765597721118,1653,1653,depth >= 30 m
NMSAS,2014-07-01,0.05065589627430661,0.05074142632707728,1655,1655,depth >= 30 m
NMSAS,2014-08-01,0.04317637231761697,0.0435758843477759,1655,1655,depth >= 30 m
NMSAS,2014-09-01,0.05607827908949714,0.05812261216680091,1655,1655,depth >= 30 m
NMSAS,2014-10-01,0.04302465032765149,0.0434264648399409,1654,1654,depth >= 30 m
NMSAS,2014-11-01,0.0544692270263965,0.05496540799655742,1651,1651,depth >= 30 m
NMSAS,2014-12-01,0.05598564394834698,0.05678862269997422,1383,1383,depth >= 30 m
NMSAS,2015-01-01,0.044173445045152,0.05073195617994878,1655,1655,depth >= 30 m
NMSAS,2015-02-01,0.04194605775285316,0.04261307452417797,1651,1651,depth >= 30 m
NMSAS,2015-03-01,0.04568236158879728,0.04657363282682145,1609,1609,depth >= 30 m
NMSAS,2015-04-01,0.05742692444725957,0.05864857420370292,1655,1655,depth >= 30 m
NMSAS,2015-05-01,0.06093088244673859,0.0617995854918703,1650,1650,depth >= 30 m
NMSAS,2015-06-01,0.05815114434044331,0.05842188078878192,1634,1634,depth >= 30 m
NMSAS,2015-07-01,0.06453209825572973,0.06498078672393276,1654,1654,depth >= 30 m
NMSAS,2015-08-01,0.05279092714213763,0.05344278146358059,1655,1655,depth >= 30 m
NMSAS,2015-09-01,0.06237902553141278,0.06342987580610032,1654,1654,depth >= 30 m
NMSAS,2015-10-01,0.05530730731537286,0.05674027029014152,1578,1578,depth >= 30 m
NMSAS,2015-11-01,0.04797148612518468,0.04899777036171775,1615,1615,depth >= 30 m
NMSAS,2015-12-01,0.0436076588964069,0.04388756352830231,1631,1631,depth >= 30 m
NMSAS,2016-01-01,0.04584574890700591,0.04677878541033436,1655,1655,depth >= 30 m
NMSAS,2016-02-01,0.04373230246955598,0.04504872885036427,1644,1644,depth >= 30 m
NMSAS,2016-03-01,0.05717799986756704,0.05776954194211178,1649,1649,depth >= 30 m
NMSAS,2016-04-01,0.06685491311810711,0.07094685879445477,1369,1369,depth >= 30 m
NMSAS,2016-05-01,0.05873848280994033,0.05909028290455196,1637,1637,depth >= 30 m
NMSAS,2016-06-01,0.06853387181503841,0.06936512002327284,1654,1654,depth >= 30 m
NMSAS,2016-07-01,0.06936613215719273,0.07000741764362842,1655,1655,depth >= 30 m
NMSAS,2016-08-01,0.06046087303992089,0.06085332999416709,1655,1655,depth >= 30 m
NMSAS,2016-09-01,0.05045040130231236,0.05127714944390008,1655,1655,depth >= 30 m
NMSAS,2016-10-01,0.04124620952537473,0.04186413638361267,1655,1655,depth >= 30 m
NMSAS,2016-11-01,0.040920723610356,0.0422759062393914,1655,1655,depth >= 30 m
NMSAS,2016-12-01,0.04832798678739237,0.05246551684427436,1655,1655,depth >= 30 m
NMSAS,2017-01-01,0.04446432581584639,0.04720611412899747,1655,1655,depth >= 30 m
NMSAS,2017-02-01,0.03613435921077301,0.03673117457941953,1654,1654,depth >= 30 m
NMSAS,2017-03-01,0.03992906382881484,0.04060677091205587,1655,1655,depth >= 30 m
NMSAS,2017-04-01,0.03816226018403112,0.03835876107531012,1655,1655,depth >= 30 m
NMSAS,2017-05-01,0.04336178245025021,0.04382557150235353,1655,1655,depth >= 30 m
NMSAS,2017-06-01,0.0419450955079944,0.04229512967371866,1655,1655,depth >= 30 m
NMSAS,2017-07-01,0.04111611263742338,0.04150657967363239,1655,1655,depth >= 30 m
NMSAS,2017-08-01,0.03908246196106322,0.03962910279541578,1655,1655,depth >= 30 m
NMSAS,2017-09-01,0.03544744258647208,0.0358037695648807,1655,1655,depth >= 30 m
NMSAS,2017-10-01,0.03555563107013425,0.0358542189260894,1655,1655,depth >= 30 m
NMSAS,2017-11-01,0.03591431183665419,0.03656304232843695,1655,1655,depth >= 30 m
NMSAS,2017-12-01,0.03467214030469891,0.03556878044188374,1655,1655,depth >= 30 m
NMSAS,2018-01-01,0.03249920174216568,0.03315923328306024,1655,1655,depth >= 30 m
NMSAS,2018-02-01,0.0368854382332263,0.03831754982854132,1655,1655,depth >= 30 m
NMSAS,2018-03-01,0.03870547737438584,0.03949498504715385,1655,1655,depth >= 30 m
NMSAS,2018-04-01,0.04408336104860127,0.04501837408929793,1655,1655,depth >= 30 m
NMSAS,2018-05-01,0.06766497420741474,0.07088599589476045,1655,1655,depth >= 30 m
NMSAS,2018-06-01,0.06153136594299753,0.0634567014580408,1655,1655,depth >= 30 m
NMSAS,2018-07-01,0.04769076103651237,0.04793165512720626,1655,1655,depth >= 30 m
NMSAS,2018-08-01,0.04272289322587406,0.04325568524507242,1655,1655,depth >= 30 m
NMSAS,2018-09-01,0.04011290687270263,0.04030058339823408,1655,1655,depth >= 30 m
NMSAS,2018-10-01,0.0372496413208192,0.03755490268127616,1655,1655,depth >= 30 m
NMSAS,2018-11-01,0.03859990670153876,0.03978568805421047,1655,1655,depth >= 30 m
NMSAS,2018-12-01,0.042026072833396,0.04283796676246062,1655,1655,depth >= 30 m
NMSAS,2019-01-01,0.04391873613033721,0.04549470526754314,1655,1655,depth >= 30 m
NMSAS,2019-02-01,0.05003924580662258,0.05367379158712748,1655,1655,depth >= 30 m
NMSAS,2019-03-01,0.05525771575202717,0.05741846507634633,1655,1655,depth >= 30 m
NMSAS,2019-04-01,0.05770247092055553,0.05874367537725356,1655,1655,depth >= 30 m
NMSAS,2019-05-01,0.07678750179742569,0.0815377015429144,1655,1655,depth >= 30 m
NMSAS,2019-06-01,0.10000857941007324,0.10729996288515974,1655,1655,depth >= 30 m
NMSAS,2019-07-01,0.0911110956979914,0.09556758780583884,1655,1655,depth >= 30 m
NMSAS,2019-08-01,0.05625997135017178,0.05692320697212144,1655,1655,depth >= 30 m
NMSAS,2019-09-01,0.04478687883665828,0.04556877410708961,1655,1655,depth >= 30 m
NMSAS,2019-10-01,0.03896216028483162,0.03968576924183215,1655,1655,depth >= 30 m
NMSAS,2019-11-01,0.03654584213064928,0.03702206517319303,1655,1655,depth >= 30 m
NMSAS,2019-12-01,0.04039178465976631,0.04119929358858353,1655,1655,depth >= 30 m
NMSAS,2020-01-01,0.04183823880323325,0.04262770742538111,1655,1655,depth >= 30 m
NMSAS,2020-02-01,0.06092544280714603,0.06551286649532906,1655,1655,depth >= 30 m
NMSAS,2020-03-01,0.09976574694651603,0.10404199164394502,1655,1655,depth >= 30 m
NMSAS,2020-04-01,0.06789252479935065,0.06900780864307533,1655,1655,depth >= 30 m
NMSAS,2020-05-01,0.0640123773072736,0.06483705418347588,1655,1655,depth >= 30 m
NMSAS,2020-06-01,0.06513436441921817,0.06627934381050643,1655,1655,depth >= 30 m
NMSAS,2020-07-01,0.05580167941599437,0.05651657160180214,1655,1655,depth >= 30 m
NMSAS,2020-08-01,0.04274635500097056,0.04327531475630051,1655,1655,depth >= 30 m
NMSAS,2020-09-01,0.03689732822500787,0.03720030610159804,1655,1655,depth >= 30 m
NMSAS,2020-10-01,0.03672517366004296,0.03727324064764732,1655,1655,depth >= 30 m
NMSAS,2020-11-01,0.03399894172778038,0.03453617066009887,1655,1655,depth >= 30 m
NMSAS,2020-12-01,0.03558722619600161,0.03639779501901297,1655,1655,depth >= 30 m
NMSAS,2021-01-01,0.03494281063763305,0.0362971585986747,1655,1655,depth >= 30 m
NMSAS,2021-02-01,0.04503210959485639,0.04657427494461984,1655,1655,depth >= 30 m
NMSAS,2021-03-01,0.05388186005579854,0.05560101467407004,1655,1655,depth >= 30 m
NMSAS,2021-04-01,0.04963095703048553,0.05060005452472647,1655,1655,depth >= 30 m
NMSAS,2021-05-01,0.05163140065334838,0.05398605376752123,1655,1655,depth >= 30 m
NMSAS,2021-06-01,0.05277998416650593,0.05559748090646054,1655,1655,depth >= 30 m
NMSAS,2021-07-01,0.04830467743146991,0.04867860548580881,1655,1655,depth >= 30 m
NMSAS,2021-08-01,0.04735329204063433,0.04787346264206751,1655,1655,depth >= 30 m
NMSAS,2021-09-01,0.04114541940944933,0.04203247499970155,1655,1655,depth >= 30 m
NMSAS,2021-10-01,0.0408514749535492,0.04149577405945229,1655,1655,depth >= 30 m
NMSAS,2021-11-01,0.04082852622811377,0.04151525788819504,1655,1655,depth >= 30 m
NMSAS,2021-12-01,0.04477756731105291,0.04687545688588349,1652,1652,depth >= 30 m
NMSAS,2022-01-01,0.03618481522975831,0.03742481173279245,1653,1653,depth >= 30 m
NMSAS,2022-02-01,0.04386226680831652,0.04445242919861657,1653,1653,depth >= 30 m
NMSAS,2022-03-01,0.0403931405041455,0.043026964951678,1655,1655,depth >= 30 m
NMSAS,2022-04-01,0.04332194509048173,0.04572942827763517,1655,1655,depth >= 30 m
NMSAS,2022-05-01,0.04761270885907515,0.05297986759474994,1655,1655,depth >= 30 m
NMSAS,2022-06-01,0.05118402856476963,0.05444144926622468,1652,1652,depth >= 30 m
NMSAS,2022-07-01,0.05385467270859277,0.05628777342620569,1655,1655,depth >= 30 m
NMSAS,2022-08-01,0.0505380437129461,0.05244568418430057,1655,1655,depth >= 30 m
NMSAS,2022-09-01,0.04508558193815983,0.04713165222756124,1654,1654,depth >= 30 m
NMSAS,2022-10-01,0.04023238787923997,0.04380493749417022,1655,1655,depth >= 30 m
NMSAS,2022-11-01,0.03929629472828352,0.04213836953548454,1654,1654,depth >= 30 m
NMSAS,2022-12-01,0.03821728198557995,0.04214340329192739,1655,1655,depth >= 30 m
NMSAS,2023-01-01,0.04015347876894861,0.04266146783269607,1655,1655,depth >= 30 m
NMSAS,2023-02-01,0.04737247846621113,0.05472402587059656,1637,1637,depth >= 30 m
NMSAS,2023-03-01,0.08528091583798528,0.10955075463113238,1619,1619,depth >= 30 m
NMSAS,2023-04-01,0.06282074977080104,0.07403062530192746,1644,1644,depth >= 30 m
NMSAS,2023-05-01,0.05535986548916404,0.06052024864412597,1654,1654,depth >= 30 m
NMSAS,2023-06-01,0.05781218149388823,0.06509400767547135,1655,1655,depth >= 30 m
NMSAS,2023-07-01,0.05078028117332382,0.05336138226560338,1654,1654,depth >= 30 m
NMSAS,2023-08-01,0.05060964269812568,0.05332451320036663,1655,1655,depth >= 30 m
NMSAS,2023-09-01,0.05504591481820243,0.05934687888422158,1653,1653,depth >= 30 m
NMSAS,2023-10-01,0.04797882461362169,0.05120869113689464,1655,1655,depth >= 30 m
NMSAS,2023-11-01,0.04089732515183085,0.04217981532486185,1655,1655,depth >= 30 m
NMSAS,2023-12-01,0.04806472166231611,0.0596650765783349,1620,1620,depth >= 30 m
NMSAS,2024-01-01,0.04001912160587055,0.04356868558442304,1655,1655,depth >= 30 m
NMSAS,2024-02-01,0.03932307053135733,0.0414229187127304,1653,1653,depth >= 30 m
NMSAS,2024-03-01,0.03574949660998766,0.03747114814322699,1655,1655,depth >= 30 m
NMSAS,2024-04-01,0.04399235117995407,0.04955556952476146,1655,1655,depth >= 30 m
NMSAS,2024-05-01,0.05368236934577669,0.05750156483260701,1544,1544,depth >= 30 m
NMSAS,2024-06-01,0.05653737716724981,0.06066645492215115,1654,1654,depth >= 30 m
NMSAS,2024-07-01,0.05427006161791364,0.05881066354129016,1654,1654,depth >= 30 m
NMSAS,2024-08-01,0.05293659940315134,0.05627569957802311,1655,1655,depth >= 30 m
NMSAS,2024-09-01,0.03985998893154889,0.04167144278295089,1655,1655,depth >= 30 m
NMSAS,2024-10-01,0.03978783264836998,0.04205598654653921,1652,1652,depth >= 30 m
NMSAS,2024-11-01,0.04326929535029525,0.05560998640782472,1646,1646,depth >= 30 m
NMSAS,2024-12-01,0.04269031971385437,0.04635734660410265,1655,1655,depth >= 30 m
NMSAS,2025-01-01,0.04249363059610667,0.0467308674784225,1655,1655,depth >= 30 m
NMSAS,2025-02-01,0.04177360124571644,0.04690131005968939,1655,1655,depth >= 30 m
NMSAS,2025-03-01,0.04527974827350107,0.04956625184062319,1648,1648,depth >= 30 m
NMSAS,2025-04-01,0.04610799836096242,0.05178608200957655,1654,1654,depth >= 30 m
NMSAS,2025-05-01,0.05070587098367719,0.05850686538661838,1637,1637,depth >= 30 m
NMSAS,2025-06-01,0.05061776612377865,0.05373869724909343,1655,1655,depth >= 30 m
NMSAS,2025-07-01,0.05514455461232463,0.05954646277582141,1640,1640,depth >= 30 m
NMSAS,2025-08-01,0.04633622007627103,0.04844273440539837,1655,1655,depth >= 30 m
NMSAS,2025-09-01,0.04327935960499184,0.0456486335536324,1655,1655,depth >= 30 m
NMSAS,2025-10-01,0.04663394534153798,0.04930202856442881,1648,1648,depth >= 30 m
NMSAS,2025-11-01,0.048962186413941,0.05468505511203454,1653,1653,depth >= 30 m
NMSAS,2025-12-01,0.05462301566259106,0.06096145148285935,1653,1653,depth >= 30 m
NMSAS,2026-01-01,0.06974581833058585,0.08287209469131561,1617,1617,depth >= 30 m
NMSAS,2026-02-01,0.06523508024428051,0.07115566167991674,1655,1655,depth >= 30 m
NMSAS,2026-03-01,0.06574552994569659,0.07871898940257999,1648,1648,depth >= 30 m
NMSAS,2026-04-01,0.0853601800352997,0.11092606526485722,1647,1647,depth >= 30 m
NMSAS,2026-05-01,0.08362386236754658,0.11929261740718693,1502,1502,depth >= 30 m
NMSAS,2026-06-01,0.07081371735582813,0.073765003897272155,1655,1655,depth >= 30 m
FGBNMS,1997-09-01,0.21332366476280076,0.22188569730922095,356,356,depth >= 30 m
FGBNMS,1997-10-01,0.21573730035431057,0.219914408432225,354,354,depth >= 30 m
FGBNMS,1997-11-01,0.27618074353968824,0.2869321136745842,356,356,depth >= 30 m
FGBNMS,1997-12-01,0.3674179959730075,0.38006658751643085,356,356,depth >= 30 m
FGBNMS,1998-01-01,0.4020066843678313,0.40686053707358527,356,356,depth >= 30 m
FGBNMS,1998-02-01,0.3858225956810033,0.3933543523543339,356,356,depth >= 30 m
FGBNMS,1998-03-01,0.3702782549715564,0.38244113393044216,356,356,depth >= 30 m
FGBNMS,1998-04-01,0.2505831192930252,0.2622807219289663,356,356,depth >= 30 m
FGBNMS,1998-05-01,0.21005927622685072,0.2205985497808859,356,356,depth >= 30 m
FGBNMS,1998-06-01,0.17663073474134247,0.1895620929433056,356,356,depth >= 30 m
FGBNMS,1998-07-01,0.15760318467135895,0.16421775086625912,356,356,depth >= 30 m
FGBNMS,1998-08-01,0.1085145414073759,0.11455893566769168,356,356,depth >= 30 m
FGBNMS,1998-09-01,0.11683234035941602,0.11862521189568422,356,356,depth >= 30 m
FGBNMS,1998-10-01,0.13164446418952233,0.14124701718349802,356,356,depth >= 30 m
FGBNMS,1998-11-01,0.1825142735796995,0.19769228986474904,356,356,depth >= 30 m
FGBNMS,1998-12-01,0.3107222163996654,0.3184120649618378,356,356,depth >= 30 m
FGBNMS,1999-01-01,0.38893568694074354,0.3935023081604012,356,356,depth >= 30 m
FGBNMS,1999-02-01,0.30227985094978455,0.30568919766150165,356,356,depth >= 30 m
FGBNMS,1999-03-01,0.31909473282276307,0.32458565379963833,356,356,depth >= 30 m
FGBNMS,1999-04-01,0.17872117403100493,0.18550569082746343,356,356,depth >= 30 m
FGBNMS,1999-05-01,0.16675362123925383,0.1771296651385138,356,356,depth >= 30 m
FGBNMS,1999-06-01,0.17083462209390066,0.1894312662701322,351,351,depth >= 30 m
FGBNMS,1999-07-01,0.19882385051390256,0.22132488511753873,356,356,depth >= 30 m
FGBNMS,1999-08-01,0.1710967680314483,0.17994118839753503,356,356,depth >= 30 m
FGBNMS,1999-09-01,0.12328589376165604,0.12480931785585508,356,356,depth >= 30 m
FGBNMS,1999-10-01,0.21632256506740372,0.22749354979127964,356,356,depth >= 30 m
FGBNMS,1999-11-01,0.25076173152758446,0.2679700754750313,356,356,depth >= 30 m
FGBNMS,1999-12-01,0.3104278080528698,0.3243558922510467,356,356,depth >= 30 m
FGBNMS,2000-01-01,0.2800334796909354,0.284215140585484,356,356,depth >= 30 m
FGBNMS,2000-02-01,0.27267331519604604,0.2788038475627309,356,356,depth >= 30 m
FGBNMS,2000-03-01,0.20804622052185504,0.21530509995443095,356,356,depth >= 30 m
FGBNMS,2000-04-01,0.15820374852940308,0.16070922520639522,356,356,depth >= 30 m
FGBNMS,2000-05-01,0.14546751370713223,0.15008411949939943,356,356,depth >= 30 m
FGBNMS,2000-06-01,0.12250967038455944,0.12606035295010967,354,354,depth >= 30 m
FGBNMS,2000-07-01,0.1458701729883095,0.15756711074977794,356,356,depth >= 30 m
FGBNMS,2000-08-01,0.11148139047012544,0.1123585043412246,356,356,depth >= 30 m
FGBNMS,2000-09-01,0.1292911544494817,0.13136591038174847,356,356,depth >= 30 m
FGBNMS,2000-10-01,0.13882031689623053,0.14850186703077878,356,356,depth >= 30 m
FGBNMS,2000-11-01,0.23767164539854527,0.2573471712681017,356,356,depth >= 30 m
FGBNMS,2000-12-01,0.37494303427313447,0.3839499337201039,356,356,depth >= 30 m
FGBNMS,2001-01-01,0.3663833604417735,0.3722022890709761,356,356,depth >= 30 m
FGBNMS,2001-02-01,0.3496139092885501,0.3545991798883742,356,356,depth >= 30 m
FGBNMS,2001-03-01,0.3236299662823431,0.32863328965862143,356,356,depth >= 30 m
FGBNMS,2001-04-01,0.216271093128434,0.21821496284075,356,356,depth >= 30 m
FGBNMS,2001-05-01,0.11134621471022976,0.11683138468292324,356,356,depth >= 30 m
FGBNMS,2001-06-01,0.19827822261780828,0.20863162292941895,356,356,depth >= 30 m
FGBNMS,2001-07-01,0.15932679834233263,0.17250789833788793,356,356,depth >= 30 m
FGBNMS,2001-08-01,0.23654299135782292,0.26633527263831586,356,356,depth >= 30 m
FGBNMS,2001-09-01,0.17478874728633872,0.1897265814621461,356,356,depth >= 30 m
FGBNMS,2001-10-01,0.22376796453642625,0.2338600994161009,356,356,depth >= 30 m
FGBNMS,2001-11-01,0.2391384784642522,0.25156770119171484,356,356,depth >= 30 m
FGBNMS,2001-12-01,0.2905154484509928,0.3047137517021612,356,356,depth >= 30 m
FGBNMS,2002-01-01,0.38354041064589145,0.3877547677145914,356,356,depth >= 30 m
FGBNMS,2002-02-01,0.2995865963368037,0.3109829917633803,356,356,depth >= 30 m
FGBNMS,2002-03-01,0.29023381479543076,0.29519651269309993,356,356,depth >= 30 m
FGBNMS,2002-04-01,0.13621081513876795,0.14001305083210544,356,356,depth >= 30 m
FGBNMS,2002-05-01,0.17104211920480358,0.17970772455917317,356,356,depth >= 30 m
FGBNMS,2002-06-01,0.09446504459173558,0.0949650327308794,356,356,depth >= 30 m
FGBNMS,2002-07-01,0.21517409650250235,0.24315270542931025,356,356,depth >= 30 m
FGBNMS,2002-08-01,0.29309223452193456,0.309236223275742,356,356,depth >= 30 m
FGBNMS,2002-09-01,0.17033802864994166,0.1773285608361947,356,356,depth >= 30 m
FGBNMS,2002-10-01,0.2552420413369192,0.2773860954166792,356,356,depth >= 30 m
FGBNMS,2002-11-01,0.26380636426627235,0.2685454769080942,356,356,depth >= 30 m
FGBNMS,2002-12-01,0.3494878858295103,0.3608703237403644,356,356,depth >= 30 m
FGBNMS,2003-01-01,0.4057971900989966,0.4152283546295062,356,356,depth >= 30 m
FGBNMS,2003-02-01,0.3803968873429669,0.3871614168701544,356,356,depth >= 30 m
FGBNMS,2003-03-01,0.1960941216306497,0.20154035518343535,356,356,depth >= 30 m
FGBNMS,2003-04-01,0.17463110337155496,0.18827978990386032,356,356,depth >= 30 m
FGBNMS,2003-05-01,0.1860647979136862,0.19803978023485533,356,356,depth >= 30 m
FGBNMS,2003-06-01,0.2154179858387228,0.22163306838006103,356,356,depth >= 30 m
FGBNMS,2003-07-01,0.17798277940543436,0.1941778950100201,356,356,depth >= 30 m
FGBNMS,2003-08-01,0.2735588102650805,0.2842520833685155,356,356,depth >= 30 m
FGBNMS,2003-09-01,0.2219241179290824,0.23856364642636177,356,356,depth >= 30 m
FGBNMS,2003-10-01,0.2088394063871899,0.21425087348128968,356,356,depth >= 30 m
FGBNMS,2003-11-01,0.25762938956192577,0.2634085395865229,356,356,depth >= 30 m
FGBNMS,2003-12-01,0.4346685831891866,0.4443787970904549,356,356,depth >= 30 m
FGBNMS,2004-01-01,0.37269538695953847,0.38223415922917703,356,356,depth >= 30 m
FGBNMS,2004-02-01,0.43426318842860584,0.4406181101718643,356,356,depth >= 30 m
FGBNMS,2004-03-01,0.17871725690351273,0.17977769007341246,356,356,depth >= 30 m
FGBNMS,2004-04-01,0.17081119635532463,0.1745023377072275,356,356,depth >= 30 m
FGBNMS,2004-05-01,0.14535544500904674,0.14941010107233954,356,356,depth >= 30 m
FGBNMS,2004-06-01,0.15331660401193578,0.16656475478594887,356,356,depth >= 30 m
FGBNMS,2004-07-01,0.25158990169982065,0.33491213140444115,356,356,depth >= 30 m
FGBNMS,2004-08-01,0.15483466570286705,0.18053109416466068,356,356,depth >= 30 m
FGBNMS,2004-09-01,0.1335370689447113,0.14053310931063775,356,356,depth >= 30 m
FGBNMS,2004-10-01,0.17362181037323854,0.1773607228160574,356,356,depth >= 30 m
FGBNMS,2004-11-01,0.2465830752246679,0.25160671322700673,356,356,depth >= 30 m
FGBNMS,2004-12-01,0.34739580115991403,0.359099702260802,356,356,depth >= 30 m
FGBNMS,2005-01-01,0.31064505053809177,0.32267747798495117,356,356,depth >= 30 m
FGBNMS,2005-02-01,0.3298659529641634,0.3337621430165313,356,356,depth >= 30 m
FGBNMS,2005-03-01,0.24134456192633696,0.24678224965595116,356,356,depth >= 30 m
FGBNMS,2005-04-01,0.21889573256471512,0.23614881150005945,356,356,depth >= 30 m
FGBNMS,2005-05-01,0.16935048112838852,0.17926469541500142,356,356,depth >= 30 m
FGBNMS,2005-06-01,0.19856311914053207,0.2074901117116546,356,356,depth >= 30 m
FGBNMS,2005-07-01,0.2073651628500208,0.21327875290861295,356,356,depth >= 30 m
FGBNMS,2005-08-01,0.23131587116866956,0.24695097198814472,356,356,depth >= 30 m
FGBNMS,2005-09-01,0.2633616729493409,0.30822356731704154,356,356,depth >= 30 m
FGBNMS,2005-10-01,0.16590945334199567,0.1870049077054761,356,356,depth >= 30 m
FGBNMS,2005-11-01,0.2427018734849097,0.26396391666337365,356,356,depth >= 30 m
FGBNMS,2005-12-01,0.43170127753531234,0.437372756473134,356,356,depth >= 30 m
FGBNMS,2006-01-01,0.3674548098222367,0.3730748623107256,356,356,depth >= 30 m
FGBNMS,2006-02-01,0.36568708906605346,0.3742628960629525,356,356,depth >= 30 m
FGBNMS,2006-03-01,0.1925217824141549,0.19380137705233663,356,356,depth >= 30 m
FGBNMS,2006-04-01,0.11766364399276562,0.12104115543070804,356,356,depth >= 30 m
FGBNMS,2006-05-01,0.1372735269025412,0.14250631245334494,356,356,depth >= 30 m
FGBNMS,2006-06-01,0.15878173640736218,0.16372339626292837,356,356,depth >= 30 m
FGBNMS,2006-07-01,0.14918530558432477,0.15539964744716564,356,356,depth >= 30 m
FGBNMS,2006-08-01,0.12988708263617907,0.13457829747976882,356,356,depth >= 30 m
FGBNMS,2006-09-01,0.11687813121485528,0.11831943328712095,356,356,depth >= 30 m
FGBNMS,2006-10-01,0.17792343350408113,0.1918635469223005,356,356,depth >= 30 m
FGBNMS,2006-11-01,0.26697019631486224,0.2881989805132483,356,356,depth >= 30 m
FGBNMS,2006-12-01,0.3505865524536016,0.3622271771009048,356,356,depth >= 30 m
FGBNMS,2007-01-01,0.37128952043466945,0.37988096793715886,356,356,depth >= 30 m
FGBNMS,2007-02-01,0.3787474152285175,0.3817140143573952,356,356,depth >= 30 m
FGBNMS,2007-03-01,0.2694174520071352,0.27046867886955817,356,356,depth >= 30 m
FGBNMS,2007-04-01,0.15583617405948802,0.15680469714858558,356,356,depth >= 30 m
FGBNMS,2007-05-01,0.1292517758014721,0.12997170795131935,356,356,depth >= 30 m
FGBNMS,2007-06-01,0.1099189734080288,0.11025956436321976,356,356,depth >= 30 m
FGBNMS,2007-07-01,0.16612234046787092,0.17772046250573725,356,356,depth >= 30 m
FGBNMS,2007-08-01,0.24292144240434385,0.2524120137514023,356,356,depth >= 30 m
FGBNMS,2007-09-01,0.1511529756855975,0.15431894952159256,356,356,depth >= 30 m
FGBNMS,2007-10-01,0.20751698825462833,0.21754894282124676,356,356,depth >= 30 m
FGBNMS,2007-11-01,0.24381533821791437,0.26382594995116937,356,356,depth >= 30 m
FGBNMS,2007-12-01,0.2467263408751511,0.25717330577500763,356,356,depth >= 30 m
FGBNMS,2008-01-01,0.342621978330079,0.35010916446701845,356,356,depth >= 30 m
FGBNMS,2008-02-01,0.284186955032613,0.28709405283914524,356,356,depth >= 30 m
FGBNMS,2008-03-01,0.29805567184158227,0.30274659391032177,356,356,depth >= 30 m
FGBNMS,2008-04-01,0.16831048338832053,0.17038749141639536,356,356,depth >= 30 m
FGBNMS,2008-05-01,0.26525047263599716,0.3203511162127335,356,356,depth >= 30 m
FGBNMS,2008-06-01,0.2484596425357959,0.2999823960276804,356,356,depth >= 30 m
FGBNMS,2008-07-01,0.19778093393722573,0.22596935980189356,356,356,depth >= 30 m
FGBNMS,2008-08-01,0.1459116341200916,0.15427202547199245,356,356,depth >= 30 m
FGBNMS,2008-09-01,0.201778438419224,0.2127422045790748,356,356,depth >= 30 m
FGBNMS,2008-10-01,0.24990317701373724,0.2643999145523218,356,356,depth >= 30 m
FGBNMS,2008-11-01,0.30127079786428695,0.3314519060796563,356,356,depth >= 30 m
FGBNMS,2008-12-01,0.37890427018358297,0.39590243806832326,356,356,depth >= 30 m
FGBNMS,2009-01-01,0.3605042715590775,0.3725769072352504,356,356,depth >= 30 m
FGBNMS,2009-02-01,0.35087082021508165,0.3558276641402353,356,356,depth >= 30 m
FGBNMS,2009-03-01,0.2470503829681933,0.2517313889405701,356,356,depth >= 30 m
FGBNMS,2009-04-01,0.16691982981180456,0.1715681414758222,356,356,depth >= 30 m
FGBNMS,2009-05-01,0.18512944844285115,0.1982437948790494,356,356,depth >= 30 m
FGBNMS,2009-06-01,0.36741017222515227,0.37618647386016457,356,356,depth >= 30 m
FGBNMS,2009-07-01,0.22455390982858228,0.24939155913470828,356,356,depth >= 30 m
FGBNMS,2009-08-01,0.12052255173456795,0.12431193492636916,356,356,depth >= 30 m
FGBNMS,2009-09-01,0.14626376909426558,0.14917775538613945,356,356,depth >= 30 m
FGBNMS,2009-10-01,0.15292861174160488,0.16025662487058814,356,356,depth >= 30 m
FGBNMS,2009-11-01,0.3069825672042084,0.32277060182911604,356,356,depth >= 30 m
FGBNMS,2009-12-01,0.37842281670554434,0.3912444266208102,356,356,depth >= 30 m
FGBNMS,2010-01-01,0.3899214936499849,0.4028467944498816,356,356,depth >= 30 m
FGBNMS,2010-02-01,0.37334788510041594,0.3911125522651032,356,356,depth >= 30 m
FGBNMS,2010-03-01,0.5680353115610869,0.5787434566221877,356,356,depth >= 30 m
FGBNMS,2010-04-01,0.40518394235083904,0.41687542467974553,356,356,depth >= 30 m
FGBNMS,2010-05-01,0.28320827581335656,0.2939459310656184,356,356,depth >= 30 m
FGBNMS,2010-06-01,0.2497911805848204,0.27405273847365635,356,356,depth >= 30 m
FGBNMS,2010-07-01,0.20444552979593544,0.23472017646254456,356,356,depth >= 30 m
FGBNMS,2010-08-01,0.3831284613148618,0.38864534465449585,356,356,depth >= 30 m
FGBNMS,2010-09-01,0.23515619143441324,0.24331289469107495,356,356,depth >= 30 m
FGBNMS,2010-10-01,0.2411353220857734,0.2474659297489717,356,356,depth >= 30 m
FGBNMS,2010-11-01,0.27534163491923414,0.278675083824423,356,356,depth >= 30 m
FGBNMS,2010-12-01,0.3950091915559753,0.4129397281435101,356,356,depth >= 30 m
FGBNMS,2011-01-01,0.44518292459649034,0.4520853527643706,356,356,depth >= 30 m
FGBNMS,2011-02-01,0.4232194744920413,0.43080615595485383,356,356,depth >= 30 m
FGBNMS,2011-03-01,0.20100143137324605,0.2029678672133537,356,356,depth >= 30 m
FGBNMS,2011-04-01,0.16912393098835654,0.17563847008715844,356,356,depth >= 30 m
FGBNMS,2011-05-01,0.13632766829139817,0.1387594497940514,356,356,depth >= 30 m
FGBNMS,2011-06-01,0.1822100126639992,0.18836682894675255,356,356,depth >= 30 m
FGBNMS,2011-07-01,0.2214899900771347,0.2357179906344815,356,356,depth >= 30 m
FGBNMS,2011-08-01,0.119297307372873,0.12260819236967674,356,356,depth >= 30 m
FGBNMS,2011-09-01,0.1462393830765223,0.14817716371728462,356,356,depth >= 30 m
FGBNMS,2011-10-01,0.1979103927648144,0.21026383206415697,356,356,depth >= 30 m
FGBNMS,2011-11-01,0.28766685385818785,0.3067875072946037,356,356,depth >= 30 m
FGBNMS,2011-12-01,0.35811300490666187,0.36858233457870654,356,356,depth >= 30 m
FGBNMS,2012-01-01,0.37292312971498154,0.3791672954063736,356,356,depth >= 30 m
FGBNMS,2012-02-01,0.3010874260176024,0.30589159096727203,356,356,depth >= 30 m
FGBNMS,2012-03-01,0.17665944435543288,0.17747798993178965,356,356,depth >= 30 m
FGBNMS,2012-04-01,0.0949331276147617,0.0954571511973156,356,356,depth >= 30 m
FGBNMS,2012-05-01,0.1372192287406237,0.1445917502422346,356,356,depth >= 30 m
FGBNMS,2012-06-01,0.20807948738945292,0.2201849897549059,356,356,depth >= 30 m
FGBNMS,2012-07-01,0.20849790722250727,0.21874227724299697,356,356,depth >= 30 m
FGBNMS,2012-08-01,0.25242802131482966,0.25829410473449843,356,356,depth >= 30 m
FGBNMS,2012-09-01,0.13598018938844578,0.13967133229703044,356,356,depth >= 30 m
FGBNMS,2012-10-01,0.12938477536399864,0.13243342927667529,356,356,depth >= 30 m
FGBNMS,2012-11-01,0.15549087553563415,0.164981722978226,356,356,depth >= 30 m
FGBNMS,2012-12-01,0.1934763224767948,0.20271686133876285,356,356,depth >= 30 m
FGBNMS,2013-01-01,0.26661215172744984,0.2730859751614294,356,356,depth >= 30 m
FGBNMS,2013-02-01,0.32613176051936466,0.33550129985708865,356,356,depth >= 30 m
FGBNMS,2013-03-01,0.35161775356961256,0.35486465977149045,356,356,depth >= 30 m
FGBNMS,2013-04-01,0.17894209050900717,0.18044814887181135,355,355,depth >= 30 m
FGBNMS,2013-05-01,0.141293335648205,0.14470089928069133,356,356,depth >= 30 m
FGBNMS,2013-06-01,0.21417833254449037,0.2308979086326748,356,356,depth >= 30 m
FGBNMS,2013-07-01,0.28010734752377686,0.31255196178026723,354,354,depth >= 30 m
FGBNMS,2013-08-01,0.14870111511432282,0.16529588914068255,356,356,depth >= 30 m
FGBNMS,2013-09-01,0.12912650635945727,0.13917391027292514,356,356,depth >= 30 m
FGBNMS,2013-10-01,0.14370328045869882,0.15708258260418187,356,356,depth >= 30 m
FGBNMS,2013-11-01,0.2737447099840333,0.28003539094764185,356,356,depth >= 30 m
FGBNMS,2013-12-01,0.4040586575873747,0.41236231358868336,356,356,depth >= 30 m
FGBNMS,2014-01-01,0.4223910070642841,0.4270498855562692,356,356,depth >= 30 m
FGBNMS,2014-02-01,0.38187263679546224,0.3843118889110812,356,356,depth >= 30 m
FGBNMS,2014-03-01,0.32065693681298835,0.3247565697418169,356,356,depth >= 30 m
FGBNMS,2014-04-01,0.15348237451162516,0.1558418157981352,356,356,depth >= 30 m
FGBNMS,2014-05-01,0.10633471395823647,0.10779633245357632,356,356,depth >= 30 m
FGBNMS,2014-06-01,0.12444390594479102,0.12930276491836212,356,356,depth >= 30 m
FGBNMS,2014-07-01,0.18915744303986637,0.20719283607819772,356,356,depth >= 30 m
FGBNMS,2014-08-01,0.12491096201542844,0.13067624159157276,356,356,depth >= 30 m
FGBNMS,2014-09-01,0.11457780699663989,0.11511740982113931,356,356,depth >= 30 m
FGBNMS,2014-10-01,0.13767397567000064,0.14033011935149023,356,356,depth >= 30 m
FGBNMS,2014-11-01,0.27571544124051706,0.28330192095443113,356,356,depth >= 30 m
FGBNMS,2014-12-01,0.2729820924687255,0.2817010843100842,356,356,depth >= 30 m
FGBNMS,2015-01-01,0.45955430096386674,0.4642741217204692,356,356,depth >= 30 m
FGBNMS,2015-02-01,0.3241905807062776,0.3277437267092505,356,356,depth >= 30 m
FGBNMS,2015-03-01,0.22399510584099563,0.2269179623867019,356,356,depth >= 30 m
FGBNMS,2015-04-01,0.13679858948784251,0.13871459621057072,356,356,depth >= 30 m
FGBNMS,2015-05-01,0.1064073933855671,0.1071947105019615,356,356,depth >= 30 m
FGBNMS,2015-06-01,0.14764457816725285,0.15199261263347746,356,356,depth >= 30 m
FGBNMS,2015-07-01,0.42092411129605106,0.443557520679543,356,356,depth >= 30 m
FGBNMS,2015-08-01,0.23850486810783147,0.272688364798433,356,356,depth >= 30 m
FGBNMS,2015-09-01,0.1905069577426368,0.2024596169842092,356,356,depth >= 30 m
FGBNMS,2015-10-01,0.15128257038436072,0.15719973373362853,356,356,depth >= 30 m
FGBNMS,2015-11-01,0.24515875501443857,0.26026755943894386,356,356,depth >= 30 m
FGBNMS,2015-12-01,0.22365318844215143,0.23841996972313104,356,356,depth >= 30 m
FGBNMS,2016-01-01,0.3448992875345627,0.35027672961521666,356,356,depth >= 30 m
FGBNMS,2016-02-01,0.3776048104397581,0.3904243416330789,356,356,depth >= 30 m
FGBNMS,2016-03-01,0.24528888525335776,0.2523898921823232,356,356,depth >= 30 m
FGBNMS,2016-04-01,0.16621781715313635,0.169172414526176,356,356,depth >= 30 m
FGBNMS,2016-05-01,0.2061628163442546,0.21004202304763747,356,356,depth >= 30 m
FGBNMS,2016-06-01,0.2102454037950285,0.21505623980519475,356,356,depth >= 30 m
FGBNMS,2016-07-01,0.4152791586300967,0.4280450596903149,356,356,depth >= 30 m
FGBNMS,2016-08-01,0.1903832014682716,0.19978442177009056,356,356,depth >= 30 m
FGBNMS,2016-09-01,0.1024920594389504,0.10408448836023224,356,356,depth >= 30 m
FGBNMS,2016-10-01,0.1403351891732992,0.1424019573193588,356,356,depth >= 30 m
FGBNMS,2016-11-01,0.21929573085434473,0.22837462167391603,356,356,depth >= 30 m
FGBNMS,2016-12-01,0.29082191498697024,0.30189779836140296,356,356,depth >= 30 m
FGBNMS,2017-01-01,0.28026601114529964,0.2898963161566283,356,356,depth >= 30 m
FGBNMS,2017-02-01,0.25903754320703803,0.2677517952711396,356,356,depth >= 30 m
FGBNMS,2017-03-01,0.1796102275569494,0.1811464561170407,356,356,depth >= 30 m
FGBNMS,2017-04-01,0.20049476187657972,0.20377661195698749,356,356,depth >= 30 m
FGBNMS,2017-05-01,0.16131332518254243,0.16547879742018956,356,356,depth >= 30 m
FGBNMS,2017-06-01,0.1590630882467266,0.16856337951893896,356,356,depth >= 30 m
FGBNMS,2017-07-01,0.27519180998082526,0.339664858462436,356,356,depth >= 30 m
FGBNMS,2017-08-01,0.1895826640067177,0.22558180110926657,356,356,depth >= 30 m
FGBNMS,2017-09-01,0.20684021289890175,0.21042942760114583,356,356,depth >= 30 m
FGBNMS,2017-10-01,0.28764354257313623,0.2962229106617106,356,356,depth >= 30 m
FGBNMS,2017-11-01,0.2724517688517175,0.28169899115736546,356,356,depth >= 30 m
FGBNMS,2017-12-01,0.3273163006733593,0.33543284392256406,356,356,depth >= 30 m
FGBNMS,2018-01-01,0.4715583041310484,0.475506317498309,356,356,depth >= 30 m
FGBNMS,2018-02-01,0.2079946763417816,0.20961058173286776,356,356,depth >= 30 m
FGBNMS,2018-03-01,0.15215574133650153,0.1530247500815084,356,356,depth >= 30 m
FGBNMS,2018-04-01,0.1221113753368562,0.1236686031386423,356,356,depth >= 30 m
FGBNMS,2018-05-01,0.17888582645676987,0.19604150720694105,356,356,depth >= 30 m
FGBNMS,2018-06-01,0.21502809566831155,0.2433538024805568,356,356,depth >= 30 m
FGBNMS,2018-07-01,0.1569370997186793,0.1756543050405018,356,356,depth >= 30 m
FGBNMS,2018-08-01,0.1271741358158638,0.13130181540180466,356,356,depth >= 30 m
FGBNMS,2018-09-01,0.1294085533853714,0.13099940979246347,356,356,depth >= 30 m
FGBNMS,2018-10-01,0.1607180629875022,0.16271853501374806,356,356,depth >= 30 m
FGBNMS,2018-11-01,0.29036898627775365,0.29815283957659555,356,356,depth >= 30 m
FGBNMS,2018-12-01,0.47405257892737174,0.501938804816664,356,356,depth >= 30 m
FGBNMS,2019-01-01,0.37573827068260585,0.3885621585872738,356,356,depth >= 30 m
FGBNMS,2019-02-01,0.3903075451627641,0.39955363213346234,356,356,depth >= 30 m
FGBNMS,2019-03-01,0.28194570788803575,0.2893165455021884,356,356,depth >= 30 m
FGBNMS,2019-04-01,0.19718111746974112,0.20089038026131936,356,356,depth >= 30 m
FGBNMS,2019-05-01,0.24122095938251692,0.246686536023456,356,356,depth >= 30 m
FGBNMS,2019-06-01,0.3705505386733565,0.3930644318042851,356,356,depth >= 30 m
FGBNMS,2019-07-01,0.5888890222539989,0.6464794335070629,356,356,depth >= 30 m
FGBNMS,2019-08-01,0.423219930355818,0.4637077322250669,356,356,depth >= 30 m
FGBNMS,2019-09-01,0.17278205808159564,0.1892803910952268,356,356,depth >= 30 m
FGBNMS,2019-10-01,0.2205163206757225,0.23702368154870668,356,356,depth >= 30 m
FGBNMS,2019-11-01,0.3138266069889559,0.32595206240422236,356,356,depth >= 30 m
FGBNMS,2019-12-01,0.3445094184604675,0.35622381423129074,356,356,depth >= 30 m
FGBNMS,2020-01-01,0.36571087282598386,0.4022500401969702,356,356,depth >= 30 m
FGBNMS,2020-02-01,0.41532214088404706,0.4299113959743733,356,356,depth >= 30 m
FGBNMS,2020-03-01,0.1993355170984687,0.20517315640208417,356,356,depth >= 30 m
FGBNMS,2020-04-01,0.19580143164583388,0.2016888572468181,356,356,depth >= 30 m
FGBNMS,2020-05-01,0.2021000889023238,0.20876723548836928,356,356,depth >= 30 m
FGBNMS,2020-06-01,0.21408185183488157,0.2287642524441641,356,356,depth >= 30 m
FGBNMS,2020-07-01,0.343173792784036,0.3504032018814196,356,356,depth >= 30 m
FGBNMS,2020-08-01,0.18426403092666685,0.19166309696235004,356,356,depth >= 30 m
FGBNMS,2020-09-01,0.2249673516736168,0.23759941924154115,356,356,depth >= 30 m
FGBNMS,2020-10-01,0.27469891193954676,0.2952564492235695,356,356,depth >= 30 m
FGBNMS,2020-11-01,0.2661994919270584,0.28312958412793243,356,356,depth >= 30 m
FGBNMS,2020-12-01,0.3906789013524053,0.40287551886579936,356,356,depth >= 30 m
FGBNMS,2021-01-01,0.4518590430999664,0.45385347993186337,356,356,depth >= 30 m
FGBNMS,2021-02-01,0.4584489512380146,0.461802806830808,356,356,depth >= 30 m
FGBNMS,2021-03-01,0.26881738716019954,0.2728736984093537,356,356,depth >= 30 m
FGBNMS,2021-04-01,0.1631547595961336,0.1658749919845148,356,356,depth >= 30 m
FGBNMS,2021-05-01,0.1070058334402165,0.10800429354055546,356,356,depth >= 30 m
FGBNMS,2021-06-01,0.11074433810743783,0.11489525931269937,356,356,depth >= 30 m
FGBNMS,2021-07-01,0.1892806822815964,0.19623848235004404,356,356,depth >= 30 m
FGBNMS,2021-08-01,0.4147296656956999,0.44079572820429086,356,356,depth >= 30 m
FGBNMS,2021-09-01,0.3635671878515745,0.3667828468291946,356,356,depth >= 30 m
FGBNMS,2021-10-01,0.23697673336221525,0.2442800888603323,356,356,depth >= 30 m
FGBNMS,2021-11-01,0.3074819615259476,0.3133308402775379,356,356,depth >= 30 m
FGBNMS,2021-12-01,0.2626867497410571,0.27092422025926977,356,356,depth >= 30 m
FGBNMS,2022-01-01,0.39878200936921,0.4072712072160808,356,356,depth >= 30 m
FGBNMS,2022-02-01,0.4079551308279647,0.4108028502276776,356,356,depth >= 30 m
FGBNMS,2022-03-01,0.2916138819298603,0.29753879214940465,356,356,depth >= 30 m
FGBNMS,2022-04-01,0.1510890725791311,0.15283304044788468,356,356,depth >= 30 m
FGBNMS,2022-05-01,0.1825286962658193,0.18950868423065448,356,356,depth >= 30 m
FGBNMS,2022-06-01,0.23581576792401895,0.24693134381027695,356,356,depth >= 30 m
FGBNMS,2022-07-01,0.2640375565764876,0.29098642688621296,356,356,depth >= 30 m
FGBNMS,2022-08-01,0.18257425636273997,0.18577154642075636,356,356,depth >= 30 m
FGBNMS,2022-09-01,0.14902672745479273,0.1541151029131052,356,356,depth >= 30 m
FGBNMS,2022-10-01,0.21399306189735567,0.22430045258128253,356,356,depth >= 30 m
FGBNMS,2022-11-01,0.2128676501580937,0.22596669243125408,356,356,depth >= 30 m
FGBNMS,2022-12-01,0.2368799474082332,0.24058891493785253,356,356,depth >= 30 m
FGBNMS,2023-01-01,0.2681607678923723,0.27356975663746336,356,356,depth >= 30 m
FGBNMS,2023-02-01,0.280020107483063,0.2810067798147041,356,356,depth >= 30 m
FGBNMS,2023-03-01,0.21519060594101744,0.21633085796839735,356,356,depth >= 30 m
FGBNMS,2023-04-01,0.14103826749062284,0.14198934414497255,356,356,depth >= 30 m
FGBNMS,2023-05-01,0.15916493413282068,0.16411241424385067,356,356,depth >= 30 m
FGBNMS,2023-06-01,0.1631556456103044,0.17117919574041712,356,356,depth >= 30 m
FGBNMS,2023-07-01,0.14027744688553612,0.14468684298603732,356,356,depth >= 30 m
FGBNMS,2023-08-01,0.07826033509260742,0.0793575732079282,356,356,depth >= 30 m
FGBNMS,2023-09-01,0.1267030194213334,0.1614094604685731,356,356,depth >= 30 m
FGBNMS,2023-10-01,0.16364703083934243,0.18536929756905296,356,356,depth >= 30 m
FGBNMS,2023-11-01,0.28456111380524396,0.30856106484706436,356,356,depth >= 30 m
FGBNMS,2023-12-01,0.4316650084971184,0.4540854125712692,356,356,depth >= 30 m
FGBNMS,2024-01-01,0.4221273214359055,0.4303547070267495,356,356,depth >= 30 m
FGBNMS,2024-02-01,0.4341539206529023,0.43638457399740654,356,356,depth >= 30 m
FGBNMS,2024-03-01,0.20708533446575184,0.20882203501094596,356,356,depth >= 30 m
FGBNMS,2024-04-01,0.16564512090200784,0.16831909808633702,356,356,depth >= 30 m
FGBNMS,2024-05-01,0.18487299478537436,0.19303599627835025,356,356,depth >= 30 m
FGBNMS,2024-06-01,0.15489560154212922,0.16293154671537077,356,356,depth >= 30 m
FGBNMS,2024-07-01,0.1845034771898412,0.1952062058314848,356,356,depth >= 30 m
FGBNMS,2024-08-01,0.4150261574078517,0.46398947613962527,356,356,depth >= 30 m
FGBNMS,2024-09-01,0.13880551477531924,0.14935682791421245,356,356,depth >= 30 m
FGBNMS,2024-10-01,0.2063995929953217,0.22981017436622933,356,356,depth >= 30 m
FGBNMS,2024-11-01,0.28550938618256383,0.3019658533040054,356,356,depth >= 30 m
FGBNMS,2024-12-01,0.28687613883223345,0.2980301585676298,356,356,depth >= 30 m
FGBNMS,2025-01-01,0.4121571741812221,0.4174368470237496,356,356,depth >= 30 m
FGBNMS,2025-02-01,0.22845989541258196,0.23036160311672124,356,356,depth >= 30 m
FGBNMS,2025-03-01,0.24753997372488076,0.24983325546209736,356,356,depth >= 30 m
FGBNMS,2025-04-01,0.2492400512162163,0.2580374050676153,356,356,depth >= 30 m
FGBNMS,2025-05-01,0.21758839355886972,0.23329377762471024,356,356,depth >= 30 m
FGBNMS,2025-06-01,0.25380064334924185,0.2681074919744153,356,356,depth >= 30 m
FGBNMS,2025-07-01,0.22655164855458015,0.25190455719744903,356,356,depth >= 30 m
FGBNMS,2025-08-01,0.23419344340405268,0.25347132319479865,356,356,depth >= 30 m
FGBNMS,2025-09-01,1.2661010231169294,1.4339704619867062,356,356,depth >= 30 m
FGBNMS,2025-10-01,0.3602342715776867,0.36258595713068914,356,356,depth >= 30 m
FGBNMS,2025-11-01,0.21802812697043997,0.22876247265533095,356,356,depth >= 30 m
FGBNMS,2025-12-01,0.27349344065588316,0.28154573258891546,356,356,depth >= 30 m
FGBNMS,2026-01-01,0.3214830549614041,0.32914997494957404,356,356,depth >= 30 m
FGBNMS,2026-02-01,0.3538942514187069,0.3560740344979789,356,356,depth >= 30 m
FGBNMS,2026-03-01,0.1871902861738581,0.1884328156207385,356,356,depth >= 30 m
FGBNMS,2026-04-01,0.1099322080200555,0.11075119098669356,356,356,depth >= 30 m
FGBNMS,2026-05-01,0.0989919484935355,0.10152866620193712,356,356,depth >= 30 m
FGBNMS,2026-06-01,0.0937032287341282,0.09567538316079076,356,356,depth >= 30 m
FKNMS,1997-09-01,0.28001930738630787,1.6842096101934674,93,413,depth >= 30 m
FKNMS,1997-10-01,0.2567409431196117,1.484084951980364,97,435,depth >= 30 m
FKNMS,1997-11-01,0.24802986991424456,1.2621732699616222,97,421,depth >= 30 m
FKNMS,1997-12-01,0.5126341821877863,1.470984400332377,97,441,depth >= 30 m
FKNMS,1998-01-01,0.3922647506900854,1.288154955523117,97,355,depth >= 30 m
FKNMS,1998-02-01,0.5352618282232803,1.163547194349594,97,345,depth >= 30 m
FKNMS,1998-03-01,0.3907957665661016,1.2403439922818893,97,412,depth >= 30 m
FKNMS,1998-04-01,0.2719718569734358,0.9960120213181184,96,379,depth >= 30 m
FKNMS,1998-05-01,0.3821557082112034,1.088677491548766,97,386,depth >= 30 m
FKNMS,1998-06-01,0.3952685753411531,1.61085902464012,97,426,depth >= 30 m
FKNMS,1998-07-01,0.4348423511394742,1.2834929137983748,97,374,depth >= 30 m
FKNMS,1998-08-01,0.2969267682056706,1.7232604603832598,97,439,depth >= 30 m
FKNMS,1998-09-01,0.31693844451185993,1.6007942026286506,97,431,depth >= 30 m
FKNMS,1998-10-01,0.4185858621571114,1.9624224767745797,97,431,depth >= 30 m
FKNMS,1998-11-01,0.39319378813027545,1.7682445632944628,97,415,depth >= 30 m
FKNMS,1998-12-01,0.3631365316100449,1.6356326823157283,97,432,depth >= 30 m
FKNMS,1999-01-01,0.28649381146216063,1.4787904016795683,95,427,depth >= 30 m
FKNMS,1999-02-01,0.22857892220794057,1.357719552299205,97,438,depth >= 30 m
FKNMS,1999-03-01,0.29942245683439633,1.2625350203187715,97,420,depth >= 30 m
FKNMS,1999-04-01,0.17557256573537386,1.1324063490071563,97,419,depth >= 30 m
FKNMS,1999-05-01,0.1909748567734396,1.2375636170735955,97,435,depth >= 30 m
FKNMS,1999-06-01,0.1576431207497857,1.1250490899060748,97,401,depth >= 30 m
FKNMS,1999-07-01,0.19352247126579175,1.3975416292156366,97,429,depth >= 30 m
FKNMS,1999-08-01,0.247951275992474,1.498948737943871,97,425,depth >= 30 m
FKNMS,1999-09-01,0.3192471703021211,1.50329436344463,97,430,depth >= 30 m
FKNMS,1999-10-01,0.4289308380261742,1.5132342590246242,97,410,depth >= 30 m
FKNMS,1999-11-01,0.3107507399183491,1.7519670728209848,97,446,depth >= 30 m
FKNMS,1999-12-01,0.28199011164562066,1.6549814727571264,97,450,depth >= 30 m
FKNMS,2000-01-01,0.2842105237231863,1.5172985717985383,97,450,depth >= 30 m
FKNMS,2000-02-01,0.2451959957515862,1.3174671406945055,97,437,depth >= 30 m
FKNMS,2000-03-01,0.22475973972572072,1.1258430439144316,97,433,depth >= 30 m
FKNMS,2000-04-01,0.21998461533726463,1.139647775477618,97,428,depth >= 30 m
FKNMS,2000-05-01,0.1502515072129914,1.1234810907826844,97,430,depth >= 30 m
FKNMS,2000-06-01,0.16120954194016918,1.194678558470193,97,391,depth >= 30 m
FKNMS,2000-07-01,0.155577628150483,1.3449548396377635,97,428,depth >= 30 m
FKNMS,2000-08-01,0.20490971004945832,1.382327058560498,97,412,depth >= 30 m
FKNMS,2000-09-01,0.2269077794799672,1.4090915683152516,97,421,depth >= 30 m
FKNMS,2000-10-01,0.30086747949868825,1.6863345684276692,97,450,depth >= 30 m
FKNMS,2000-11-01,0.2839844497285351,1.545766225287858,97,440,depth >= 30 m
FKNMS,2000-12-01,0.3018098939960538,1.0674922553775827,97,400,depth >= 30 m
FKNMS,2001-01-01,0.3731878384723258,1.2044737770651148,97,445,depth >= 30 m
FKNMS,2001-02-01,0.2575540101490637,0.902362664129802,97,399,depth >= 30 m
FKNMS,2001-03-01,0.2748706294525878,1.0201840684384191,97,421,depth >= 30 m
FKNMS,2001-04-01,0.19977137742945456,1.0588762167647805,97,443,depth >= 30 m
FKNMS,2001-05-01,0.13931041061918975,0.9537208009298636,96,403,depth >= 30 m
FKNMS,2001-06-01,0.18541621799024835,1.199910855783493,97,421,depth >= 30 m
FKNMS,2001-07-01,0.2003371753765658,0.9018507631892576,97,366,depth >= 30 m
FKNMS,2001-08-01,0.2120317826396325,1.24386937707884,97,404,depth >= 30 m
FKNMS,2001-09-01,0.2805714714473278,1.4011186645221103,97,417,depth >= 30 m
FKNMS,2001-10-01,0.21958812851796733,1.37599234998573,97,430,depth >= 30 m
FKNMS,2001-11-01,0.2650929645832046,1.7815698380885463,97,445,depth >= 30 m
FKNMS,2001-12-01,0.2764168361450103,1.620195222725762,97,439,depth >= 30 m
FKNMS,2002-01-01,0.38763307953112264,1.4300227739551643,97,446,depth >= 30 m
FKNMS,2002-02-01,0.2884872003545207,1.4757668349672783,97,442,depth >= 30 m
FKNMS,2002-03-01,0.31349671393784756,1.819857878976061,97,428,depth >= 30 m
FKNMS,2002-04-01,0.17412732387339452,1.4538024960559008,97,429,depth >= 30 m
FKNMS,2002-05-01,0.1829184001574092,1.6379747725949796,97,507,depth >= 30 m
FKNMS,2002-06-01,0.20017141137575076,1.8060324035825317,97,496,depth >= 30 m
FKNMS,2002-07-01,0.200138422289392,1.9608999765001387,97,508,depth >= 30 m
FKNMS,2002-08-01,0.20262273121061747,1.8459049211301644,97,508,depth >= 30 m
FKNMS,2002-09-01,0.22221990285053692,1.9464155426028895,97,508,depth >= 30 m
FKNMS,2002-10-01,0.22682339316845357,1.818263689628037,97,508,depth >= 30 m
FKNMS,2002-11-01,0.2891018008609335,1.8057291597656984,97,507,depth >= 30 m
FKNMS,2002-12-01,0.3034004139471624,1.7024737209609624,97,508,depth >= 30 m
FKNMS,2003-01-01,0.3899841674483523,1.919965535402298,97,508,depth >= 30 m
FKNMS,2003-02-01,0.40847837101989576,1.5982238595762568,97,508,depth >= 30 m
FKNMS,2003-03-01,0.31149508139158083,1.5374152921580209,97,508,depth >= 30 m
FKNMS,2003-04-01,0.246587709758704,1.4634896209536814,97,508,depth >= 30 m
FKNMS,2003-05-01,0.17779181778041786,1.62593178952655,97,508,depth >= 30 m
FKNMS,2003-06-01,0.21055693388411073,1.8561891393345764,97,506,depth >= 30 m
FKNMS,2003-07-01,0.2076331252154593,1.7773628023959018,97,508,depth >= 30 m
FKNMS,2003-08-01,0.2676094171461457,1.7861806790190362,97,508,depth >= 30 m
FKNMS,2003-09-01,0.24626970220856065,1.7223989316738992,97,508,depth >= 30 m
FKNMS,2003-10-01,0.3770897260226201,2.0179827317126176,97,508,depth >= 30 m
FKNMS,2003-11-01,0.37061303678369617,1.980928504883541,97,508,depth >= 30 m
FKNMS,2003-12-01,0.4704888990763547,2.166334887306516,97,508,depth >= 30 m
FKNMS,2004-01-01,0.317098414374139,1.5109747474294477,97,508,depth >= 30 m
FKNMS,2004-02-01,0.2762625192628963,1.4063426811453443,97,508,depth >= 30 m
FKNMS,2004-03-01,0.19909945262864928,1.3385783691164592,97,508,depth >= 30 m
FKNMS,2004-04-01,0.27387630395611434,1.4410544832743095,97,508,depth >= 30 m
FKNMS,2004-05-01,0.2247486928853202,1.5021028098041618,97,508,depth >= 30 m
FKNMS,2004-06-01,0.19385537866924793,1.705767518056077,97,508,depth >= 30 m
FKNMS,2004-07-01,0.23259241360526176,1.8260992380663612,97,507,depth >= 30 m
FKNMS,2004-08-01,0.30103895103838363,1.9307651341137395,97,508,depth >= 30 m
FKNMS,2004-09-01,0.2779431573882244,1.999741717278373,97,508,depth >= 30 m
FKNMS,2004-10-01,0.2343873245441219,1.77655255357463,97,508,depth >= 30 m
FKNMS,2004-11-01,0.2686201364918022,1.5897418985392588,97,508,depth >= 30 m
FKNMS,2004-12-01,0.3265285006888696,1.6759514813357266,97,507,depth >= 30 m
FKNMS,2005-01-01,0.3127541827931965,1.7969837161147706,97,508,depth >= 30 m
FKNMS,2005-02-01,0.28371293739759756,1.6622717512228813,97,508,depth >= 30 m
FKNMS,2005-03-01,0.273514702098498,1.451093433556829,97,508,depth >= 30 m
FKNMS,2005-04-01,0.25539423519815957,1.4677128719063235,97,508,depth >= 30 m
FKNMS,2005-05-01,0.19725296319488095,1.5305650292741684,97,508,depth >= 30 m
FKNMS,2005-06-01,0.2191747431504708,1.8365789507405723,97,508,depth >= 30 m
FKNMS,2005-07-01,0.25121424760964517,1.838223281279791,97,508,depth >= 30 m
FKNMS,2005-08-01,0.24231464723149623,1.916827644419489,97,508,depth >= 30 m
FKNMS,2005-09-01,0.29187795209761974,1.839541275714215,97,508,depth >= 30 m
FKNMS,2005-10-01,0.328710869732388,1.8569416806512544,97,508,depth >= 30 m
FKNMS,2005-11-01,0.60069090139169,2.428706391443188,97,508,depth >= 30 m
FKNMS,2005-12-01,0.7132102622242159,2.496012414035603,97,508,depth >= 30 m
FKNMS,2006-01-01,0.4846548866963509,2.0019818926010062,97,508,depth >= 30 m
FKNMS,2006-02-01,0.4378488616755683,1.954228260767043,97,508,depth >= 30 m
FKNMS,2006-03-01,0.2452697615348558,1.5886695021103423,97,508,depth >= 30 m
FKNMS,2006-04-01,0.16476368505447814,1.5228265970945358,97,508,depth >= 30 m
FKNMS,2006-05-01,0.2007167975528134,1.685261848184648,97,508,depth >= 30 m
FKNMS,2006-06-01,0.26662303224028494,1.898950508209015,97,508,depth >= 30 m
FKNMS,2006-07-01,0.24098213599252027,1.929837274445797,97,508,depth >= 30 m
FKNMS,2006-08-01,0.2436734037491505,2.029587124687019,97,508,depth >= 30 m
FKNMS,2006-09-01,0.33238989252545503,2.078606153567014,97,508,depth >= 30 m
FKNMS,2006-10-01,0.2651015925437599,1.9183395423992349,97,508,depth >= 30 m
FKNMS,2006-11-01,0.2767113207027526,1.7979499778804042,97,507,depth >= 30 m
FKNMS,2006-12-01,0.24908862413487687,1.6680477439024552,97,492,depth >= 30 m
FKNMS,2007-01-01,0.20158870035260024,1.340074483500426,97,458,depth >= 30 m
FKNMS,2007-02-01,0.2740736624032701,1.6559662045104262,97,508,depth >= 30 m
FKNMS,2007-03-01,0.2101415297842285,1.4378851895755915,97,508,depth >= 30 m
FKNMS,2007-04-01,0.21011611801892208,1.3966770666086783,97,508,depth >= 30 m
FKNMS,2007-05-01,0.19778280023109668,1.4806009848990809,97,508,depth >= 30 m
FKNMS,2007-06-01,0.21876573264060187,1.7846954233035144,97,508,depth >= 30 m
FKNMS,2007-07-01,0.20629769535453055,1.9220407502505712,97,508,depth >= 30 m
FKNMS,2007-08-01,0.25422568227899656,2.097322939051774,97,508,depth >= 30 m
FKNMS,2007-09-01,0.25852473277842264,2.120462761531894,97,508,depth >= 30 m
FKNMS,2007-10-01,0.2917400985195018,1.9976872560775751,97,507,depth >= 30 m
FKNMS,2007-11-01,0.3133634658251837,2.0715345098219076,97,508,depth >= 30 m
FKNMS,2007-12-01,0.25939618619252736,1.8203869401440609,97,508,depth >= 30 m
FKNMS,2008-01-01,0.28264236516108054,1.5221973260732573,97,508,depth >= 30 m
FKNMS,2008-02-01,0.2819180991030171,1.5329029106014422,97,508,depth >= 30 m
FKNMS,2008-03-01,0.2789738911127357,1.6132810276582148,97,507,depth >= 30 m
FKNMS,2008-04-01,0.16938767617416492,1.4269241134042172,97,508,depth >= 30 m
FKNMS,2008-05-01,0.16970284206171748,1.5965045280021208,97,508,depth >= 30 m
FKNMS,2008-06-01,0.20829087983245723,1.845563947465116,97,508,depth >= 30 m
FKNMS,2008-07-01,0.22260569948882217,1.867365143254516,97,508,depth >= 30 m
FKNMS,2008-08-01,0.2679286703480965,2.012897338864846,97,508,depth >= 30 m
FKNMS,2008-09-01,0.2549992287471506,1.8418462921198029,97,508,depth >= 30 m
FKNMS,2008-10-01,0.23154185911221295,1.7809478179294982,97,508,depth >= 30 m
FKNMS,2008-11-01,0.2681012187917305,1.8636754210011652,97,508,depth >= 30 m
FKNMS,2008-12-01,0.2982114913558598,1.849483167943294,97,508,depth >= 30 m
FKNMS,2009-01-01,0.41351891150394654,1.8024003136111015,97,508,depth >= 30 m
FKNMS,2009-02-01,0.29542102820082555,1.530774658413854,97,508,depth >= 30 m
FKNMS,2009-03-01,0.2105823046916555,1.355688169261248,97,508,depth >= 30 m
FKNMS,2009-04-01,0.21405150531446757,1.4685184109486729,97,508,depth >= 30 m
FKNMS,2009-05-01,0.16889233206336718,1.5914462316766655,97,508,depth >= 30 m
FKNMS,2009-06-01,0.2255978897019892,1.917456321168963,97,508,depth >= 30 m
FKNMS,2009-07-01,0.2737945976468752,1.9938757963170028,97,507,depth >= 30 m
FKNMS,2009-08-01,0.18979417638413407,1.720228388876191,97,508,depth >= 30 m
FKNMS,2009-09-01,0.21518766144408752,1.9884802700262425,97,508,depth >= 30 m
FKNMS,2009-10-01,0.2564929794163614,1.8590048961267989,97,507,depth >= 30 m
FKNMS,2009-11-01,0.3052263455322156,1.7354572123781955,97,508,depth >= 30 m
FKNMS,2009-12-01,0.30512760624943136,1.7445004832815143,97,507,depth >= 30 m
FKNMS,2010-01-01,0.3532167073445397,1.8539844411975313,97,508,depth >= 30 m
FKNMS,2010-02-01,0.41972784151014414,1.7275384037982795,97,508,depth >= 30 m
FKNMS,2010-03-01,0.4663371572096414,1.5869418243019604,97,508,depth >= 30 m
FKNMS,2010-04-01,0.1979424495221778,1.4057736563840926,97,508,depth >= 30 m
FKNMS,2010-05-01,0.1828362326151611,1.6068176759450978,97,508,depth >= 30 m
FKNMS,2010-06-01,0.2044529171148513,1.9521261285403788,97,508,depth >= 30 m
FKNMS,2010-07-01,0.2383994406197726,1.8169583845590265,97,508,depth >= 30 m
FKNMS,2010-08-01,0.2129313509249815,1.8598903902755048,97,508,depth >= 30 m
FKNMS,2010-09-01,0.2165641876748562,1.7630130749665096,97,508,depth >= 30 m
FKNMS,2010-10-01,0.2585853172072578,1.913452238753789,97,508,depth >= 30 m
FKNMS,2010-11-01,0.25209217353356256,1.8082606614691967,97,508,depth >= 30 m
FKNMS,2010-12-01,0.4254386513615204,1.7555480272047144,97,508,depth >= 30 m
FKNMS,2011-01-01,0.45819612442064905,1.5946551960870938,97,508,depth >= 30 m
FKNMS,2011-02-01,0.4333969357006794,1.524612257672252,97,507,depth >= 30 m
FKNMS,2011-03-01,0.25947885283798333,1.4030420087776516,97,508,depth >= 30 m
FKNMS,2011-04-01,0.21884967698122615,1.545957957431089,97,508,depth >= 30 m
FKNMS,2011-05-01,0.2284891050984252,1.6581867377119703,97,508,depth >= 30 m
FKNMS,2011-06-01,0.1938689481274086,1.7388789437007317,97,508,depth >= 30 m
FKNMS,2011-07-01,0.2633579050104913,1.9060274628467704,97,508,depth >= 30 m
FKNMS,2011-08-01,0.3012489718450741,1.8910127844683464,97,507,depth >= 30 m
FKNMS,2011-09-01,0.2982233425946145,1.8288010241771753,97,508,depth >= 30 m
FKNMS,2011-10-01,0.3700485095902694,1.8624289204206637,97,507,depth >= 30 m
FKNMS,2011-11-01,0.3626274337093403,1.8087839843250657,97,508,depth >= 30 m
FKNMS,2011-12-01,0.33656314755705125,1.7382436263866292,97,508,depth >= 30 m
FKNMS,2012-01-01,0.3842099589151719,1.708592542953146,97,508,depth >= 30 m
FKNMS,2012-02-01,0.21858228879752808,1.5951194301306384,97,507,depth >= 30 m
FKNMS,2012-03-01,0.1776639782888828,1.5124993946139225,97,508,depth >= 30 m
FKNMS,2012-04-01,0.20684872941016555,1.5354653069324131,97,508,depth >= 30 m
FKNMS,2012-05-01,0.19597123818527065,1.3634398755631068,97,477,depth >= 30 m
FKNMS,2012-06-01,0.24215565337096148,1.5887785454375662,97,461,depth >= 30 m
FKNMS,2012-07-01,0.25182579505256747,1.7496557080404322,97,467,depth >= 30 m
FKNMS,2012-08-01,0.2730241211538804,1.6822788816246177,97,483,depth >= 30 m
FKNMS,2012-09-01,0.28938234779998667,1.7309348383882983,97,473,depth >= 30 m
FKNMS,2012-10-01,0.28855728784705165,1.5363117053780893,97,460,depth >= 30 m
FKNMS,2012-11-01,0.3095878673028724,1.6892589343811812,97,465,depth >= 30 m
FKNMS,2012-12-01,0.24075694930935124,1.5462001843458926,97,460,depth >= 30 m
FKNMS,2013-01-01,0.21641994362074848,1.4102451225143564,97,457,depth >= 30 m
FKNMS,2013-02-01,0.18724461315834073,1.216919444224846,97,458,depth >= 30 m
FKNMS,2013-03-01,0.23193454058173732,1.2386799935827582,97,485,depth >= 30 m
FKNMS,2013-04-01,0.20572138191536035,1.1982376694203716,97,470,depth >= 30 m
FKNMS,2013-05-01,0.20451990147400623,1.4126724590373758,97,472,depth >= 30 m
FKNMS,2013-06-01,0.23061027900987596,1.4802753665261987,97,473,depth >= 30 m
FKNMS,2013-07-01,0.2031406553755973,1.4644398516985382,97,461,depth >= 30 m
FKNMS,2013-08-01,0.2515507850621743,1.5052060501264646,95,464,depth >= 30 m
FKNMS,2013-09-01,0.3055742706033414,1.610129010873486,97,471,depth >= 30 m
FKNMS,2013-10-01,0.27937774399521076,1.8314929226047303,97,463,depth >= 30 m
FKNMS,2013-11-01,0.2711992719781424,1.820507819356476,97,459,depth >= 30 m
FKNMS,2013-12-01,0.25969831383785186,1.6571947020161215,97,455,depth >= 30 m
FKNMS,2014-01-01,0.2775092979667039,1.4784592883843966,97,459,depth >= 30 m
FKNMS,2014-02-01,0.20163454637669337,1.3030021424526794,97,460,depth >= 30 m
FKNMS,2014-03-01,0.25566658339404835,1.3956826258244197,97,487,depth >= 30 m
FKNMS,2014-04-01,0.213702368534374,1.3157686271008695,97,475,depth >= 30 m
FKNMS,2014-05-01,0.166582953395419,1.4562525477672534,97,488,depth >= 30 m
FKNMS,2014-06-01,0.20640887189862933,1.6178681210317465,97,470,depth >= 30 m
FKNMS,2014-07-01,0.19803592017822272,1.6953519576344314,97,477,depth >= 30 m
FKNMS,2014-08-01,0.28595051677962025,1.8281352661255763,97,481,depth >= 30 m
FKNMS,2014-09-01,0.3177806635273527,1.687770198763427,97,474,depth >= 30 m
FKNMS,2014-10-01,0.3092187194317849,1.6064965415013783,97,463,depth >= 30 m
FKNMS,2014-11-01,0.34954036066939914,1.5699787838563193,97,469,depth >= 30 m
FKNMS,2014-12-01,0.32834336329412533,1.584269005348608,97,465,depth >= 30 m
FKNMS,2015-01-01,0.3114949251540658,1.4727181185198828,97,460,depth >= 30 m
FKNMS,2015-02-01,0.30123472687337954,1.4326213544266222,97,472,depth >= 30 m
FKNMS,2015-03-01,0.1944598374662595,1.289482138789266,97,484,depth >= 30 m
FKNMS,2015-04-01,0.17707286036273076,1.2628695516049375,97,474,depth >= 30 m
FKNMS,2015-05-01,0.18940739192059805,1.4608791380012296,97,484,depth >= 30 m
FKNMS,2015-06-01,0.18566167118086152,1.447483423928335,97,463,depth >= 30 m
FKNMS,2015-07-01,0.24548572944001865,1.625380478337735,97,460,depth >= 30 m
FKNMS,2015-08-01,0.3156008397990087,1.5677188956775656,97,468,depth >= 30 m
FKNMS,2015-09-01,0.3240218967827071,1.7400245473191491,97,481,depth >= 30 m
FKNMS,2015-10-01,0.3251141997398506,1.6727547423177884,97,463,depth >= 30 m
FKNMS,2015-11-01,0.34259156017935066,1.3754314136141534,97,459,depth >= 30 m
FKNMS,2015-12-01,0.3161362780485623,1.4293524364414385,97,460,depth >= 30 m
FKNMS,2016-01-01,0.32508220741755894,1.4675528151299453,91,427,depth >= 30 m
FKNMS,2016-02-01,0.32449386667993074,1.4087860463303967,97,478,depth >= 30 m
FKNMS,2016-03-01,0.21440754472674992,1.297088637496011,97,478,depth >= 30 m
FKNMS,2016-04-01,0.21899427360679424,1.3443382457960873,97,491,depth >= 30 m
FKNMS,2016-05-01,0.25795166556972243,1.5652163420755814,97,485,depth >= 30 m
FKNMS,2016-06-01,0.2647113315366735,1.925363317999216,97,494,depth >= 30 m
FKNMS,2016-07-01,0.2438612215699407,1.8429043307674708,97,495,depth >= 30 m
FKNMS,2016-08-01,0.23704628453280313,1.8952097300477635,97,495,depth >= 30 m
FKNMS,2016-09-01,0.2817293467451376,2.003689995546247,97,496,depth >= 30 m
FKNMS,2016-10-01,0.318719711109939,2.195058006898403,97,496,depth >= 30 m
FKNMS,2016-11-01,0.351896755193195,2.100606346292597,97,496,depth >= 30 m
FKNMS,2016-12-01,0.34677879650474625,2.0318141485293997,97,496,depth >= 30 m
FKNMS,2017-01-01,0.4549391069673084,1.9310098599282035,97,496,depth >= 30 m
FKNMS,2017-02-01,0.32749586966344724,1.6170044271030837,97,495,depth >= 30 m
FKNMS,2017-03-01,0.2250125974827396,1.401284076679832,97,495,depth >= 30 m
FKNMS,2017-04-01,0.19048030445136657,1.3039204526579746,97,495,depth >= 30 m
FKNMS,2017-05-01,0.18058785996695367,1.513636780116298,97,495,depth >= 30 m
FKNMS,2017-06-01,0.1784383782821342,1.6404995407810457,97,491,depth >= 30 m
FKNMS,2017-07-01,0.20859363898979175,1.8247756136788191,97,495,depth >= 30 m
FKNMS,2017-08-01,0.2543491703268453,2.132600160846201,97,495,depth >= 30 m
FKNMS,2017-09-01,0.4471949730665878,2.506577893400628,97,496,depth >= 30 m
FKNMS,2017-10-01,0.35937330061408845,2.2234629981760548,97,496,depth >= 30 m
FKNMS,2017-11-01,0.359336755732609,2.408564483476497,97,496,depth >= 30 m
FKNMS,2017-12-01,0.31802342604232686,1.8865410283568371,97,496,depth >= 30 m
FKNMS,2018-01-01,0.43868236170687097,1.8050618181927056,97,495,depth >= 30 m
FKNMS,2018-02-01,0.2817672163217278,1.501959470486402,97,495,depth >= 30 m
FKNMS,2018-03-01,0.21799874825836824,1.35891831907058,97,495,depth >= 30 m
FKNMS,2018-04-01,0.1913210561804373,1.3884644765293976,97,495,depth >= 30 m
FKNMS,2018-05-01,0.2417394406788229,1.5070041259750724,97,496,depth >= 30 m
FKNMS,2018-06-01,0.22731501878580387,1.6195130766946138,97,499,depth >= 30 m
FKNMS,2018-07-01,0.23632074751344276,1.7506462945892092,97,499,depth >= 30 m
FKNMS,2018-08-01,0.2618014326451719,2.0441750433295924,97,500,depth >= 30 m
FKNMS,2018-09-01,0.3311280018190536,1.9523961437046573,97,500,depth >= 30 m
FKNMS,2018-10-01,0.384850784114176,2.0281669948995105,97,500,depth >= 30 m
FKNMS,2018-11-01,0.3702874230634047,1.9913815384954152,97,500,depth >= 30 m
FKNMS,2018-12-01,0.3863177755367459,1.7183753086924531,97,500,depth >= 30 m
FKNMS,2019-01-01,0.30292673001680015,1.5101132483482382,97,500,depth >= 30 m
FKNMS,2019-02-01,0.2220655275907725,1.3803707705140145,97,500,depth >= 30 m
FKNMS,2019-03-01,0.19312247968455645,1.405441803693768,97,500,depth >= 30 m
FKNMS,2019-04-01,0.21048410441634835,1.645928672775627,97,500,depth >= 30 m
FKNMS,2019-05-01,0.27497806417609527,1.84746397806704,97,500,depth >= 30 m
FKNMS,2019-06-01,0.17185454013390047,1.66075376061376,97,499,depth >= 30 m
FKNMS,2019-07-01,0.21443772204679107,1.7935100542101448,97,499,depth >= 30 m
FKNMS,2019-08-01,0.2226024442700848,1.8505392947792956,97,500,depth >= 30 m
FKNMS,2019-09-01,0.27150596976311475,1.7608855376243655,97,500,depth >= 30 m
FKNMS,2019-10-01,0.2110268269330441,1.6306885470002883,97,500,depth >= 30 m
FKNMS,2019-11-01,0.24988214480039336,1.679823799908167,97,500,depth >= 30 m
FKNMS,2019-12-01,0.26861881798317944,1.7105776703655675,97,500,depth >= 30 m
FKNMS,2020-01-01,0.30077733818339086,1.6993288114964968,97,500,depth >= 30 m
FKNMS,2020-02-01,0.3363955516736485,1.6179344563782228,97,500,depth >= 30 m
FKNMS,2020-03-01,0.21902559826820775,1.4611063297837934,97,500,depth >= 30 m
FKNMS,2020-04-01,0.221497477748374,1.5161590673923475,97,500,depth >= 30 m
FKNMS,2020-05-01,0.199431171528749,1.6108693968355636,97,500,depth >= 30 m
FKNMS,2020-06-01,0.2192029398974847,1.8029003506582344,97,499,depth >= 30 m
FKNMS,2020-07-01,0.24533328154390013,2.0554393322350797,97,499,depth >= 30 m
FKNMS,2020-08-01,0.18428006045163975,2.032816289633519,97,500,depth >= 30 m
FKNMS,2020-09-01,0.20981542163407577,1.88057832072675,97,500,depth >= 30 m
FKNMS,2020-10-01,0.22292468848435493,1.8597670022398176,97,500,depth >= 30 m
FKNMS,2020-11-01,0.26507057245877985,1.845583635210989,97,500,depth >= 30 m
FKNMS,2020-12-01,0.32448018512892896,1.8001971367246372,97,499,depth >= 30 m
FKNMS,2021-01-01,0.36601605106133495,1.7893893698711871,97,499,depth >= 30 m
FKNMS,2021-02-01,0.3258431571241792,1.5606982110440757,97,500,depth >= 30 m
FKNMS,2021-03-01,0.20199500997736905,1.5321116346418844,97,500,depth >= 30 m
FKNMS,2021-04-01,0.19359054785879948,1.6251763502657377,97,500,depth >= 30 m
FKNMS,2021-05-01,0.1663883322991398,1.7381829083682503,97,499,depth >= 30 m
FKNMS,2021-06-01,0.22650374658687356,2.0334237950568426,97,499,depth >= 30 m
FKNMS,2021-07-01,0.20995212134987537,2.0315385427027883,97,500,depth >= 30 m
FKNMS,2021-08-01,0.22486823911279585,1.996126053258785,97,500,depth >= 30 m
FKNMS,2021-09-01,0.2990602165498179,2.064754344373944,97,500,depth >= 30 m
FKNMS,2021-10-01,0.3286191988088005,2.0250090250223813,97,500,depth >= 30 m
FKNMS,2021-11-01,0.3446988841479556,1.981005070567128,97,500,depth >= 30 m
FKNMS,2021-12-01,0.19996549992778528,1.840676645368332,97,500,depth >= 30 m
FKNMS,2022-01-01,0.28997388290658016,1.6605710193216807,97,500,depth >= 30 m
FKNMS,2022-02-01,0.22437412167846593,1.5450904955267948,97,500,depth >= 30 m
FKNMS,2022-03-01,0.18007563373934002,1.482381956949825,97,500,depth >= 30 m
FKNMS,2022-04-01,0.1798551121150246,1.4493785869926203,97,500,depth >= 30 m
FKNMS,2022-05-01,0.1572365880189752,1.58588648781181,97,500,depth >= 30 m
FKNMS,2022-06-01,0.24274685453522504,1.9439579769968989,97,499,depth >= 30 m
FKNMS,2022-07-01,0.2571320254026225,2.0755307783255095,97,499,depth >= 30 m
FKNMS,2022-08-01,0.2468488859586612,1.890586156815292,97,500,depth >= 30 m
FKNMS,2022-09-01,0.5261007740165508,2.316072490028959,97,499,depth >= 30 m
FKNMS,2022-10-01,0.3188238667152031,2.454116817802185,97,500,depth >= 30 m
FKNMS,2022-11-01,0.22174745922200825,2.0605299883335904,97,500,depth >= 30 m
FKNMS,2022-12-01,0.27483689013979523,2.016086480408902,97,500,depth >= 30 m
FKNMS,2023-01-01,0.3377497477166521,1.81554606714844,97,500,depth >= 30 m
FKNMS,2023-02-01,0.2532005624515091,1.6141347334384857,97,500,depth >= 30 m
FKNMS,2023-03-01,0.1808459186304592,1.5610109421461893,97,500,depth >= 30 m
FKNMS,2023-04-01,0.15434095251355254,1.5760477474629913,97,500,depth >= 30 m
FKNMS,2023-05-01,0.20211871579762936,1.723906656156079,97,499,depth >= 30 m
FKNMS,2023-06-01,0.2814007439090717,2.1337885528166796,95,492,depth >= 30 m
FKNMS,2023-07-01,0.2756144983752971,2.278003816694018,97,500,depth >= 30 m
FKNMS,2023-08-01,0.3572273239735177,2.2214294896721887,97,500,depth >= 30 m
FKNMS,2023-09-01,0.4197817331419477,2.050621186733241,97,500,depth >= 30 m
FKNMS,2023-10-01,0.41803323786962016,1.97274819850922,97,500,depth >= 30 m
FKNMS,2023-11-01,0.2793886307714916,1.6702711665928336,97,500,depth >= 30 m
FKNMS,2023-12-01,0.2659466265281604,1.5881986712107483,97,499,depth >= 30 m
FKNMS,2024-01-01,0.24012388889022004,1.5570759290158784,97,500,depth >= 30 m
FKNMS,2024-02-01,0.29016786753182866,1.5146159999370532,97,500,depth >= 30 m
FKNMS,2024-03-01,0.2335599820296876,1.4791170771419953,97,500,depth >= 30 m
FKNMS,2024-04-01,0.16659518493574163,1.4049406889528064,97,500,depth >= 30 m
FKNMS,2024-05-01,0.15714046011662292,1.5895504214912712,97,500,depth >= 30 m
FKNMS,2024-06-01,0.17227722301652595,1.8223237649947448,97,500,depth >= 30 m
FKNMS,2024-07-01,0.16701511958659604,1.9950808005183929,97,500,depth >= 30 m
FKNMS,2024-08-01,0.25551396816001987,2.0020215079367563,97,499,depth >= 30 m
FKNMS,2024-09-01,0.1990364883473861,1.7888573496667766,97,499,depth >= 30 m
FKNMS,2024-10-01,0.35649311947475415,2.105754931509495,97,500,depth >= 30 m
FKNMS,2024-11-01,0.21933597185389675,1.6973125310540174,97,500,depth >= 30 m
FKNMS,2024-12-01,0.23975011642232005,1.8588827576339269,97,500,depth >= 30 m
FKNMS,2025-01-01,0.32060057639733314,1.6739603318945924,97,499,depth >= 30 m
FKNMS,2025-02-01,0.2576464200127381,1.6075664900243265,97,500,depth >= 30 m
FKNMS,2025-03-01,0.22833763211914904,1.547624434262516,97,500,depth >= 30 m
FKNMS,2025-04-01,0.17765010411772683,1.4846380048692205,97,500,depth >= 30 m
FKNMS,2025-05-01,0.1636093380213329,1.5874873499622986,97,499,depth >= 30 m
FKNMS,2025-06-01,0.17593898115657688,1.7728966866024514,97,499,depth >= 30 m
FKNMS,2025-07-01,0.2550864003315969,1.940471517324443,97,500,depth >= 30 m
FKNMS,2025-08-01,0.23152741109666297,1.9161102125096456,97,499,depth >= 30 m
FKNMS,2025-09-01,0.24348420987695832,2.0021889447271843,97,500,depth >= 30 m
FKNMS,2025-10-01,0.28015358059329526,1.885867426887151,97,500,depth >= 30 m
FKNMS,2025-11-01,0.2400413040962958,2.0008576901555113,97,500,depth >= 30 m
FKNMS,2025-12-01,0.24439111913885997,1.7743570225238836,97,500,depth >= 30 m
FKNMS,2026-01-01,0.34120753063007414,1.8048295919001136,97,500,depth >= 30 m
FKNMS,2026-02-01,0.35728709293408123,1.4901389843225514,97,500,depth >= 30 m
FKNMS,2026-03-01,0.21577761108523985,1.4056913795173136,97,500,depth >= 30 m
FKNMS,2026-04-01,0.17212492480742586,1.4520358715951451,97,500,depth >= 30 m
FKNMS,2026-05-01,0.18275289804145475,1.6073485687971143,97,500,depth >= 30 m
FKNMS,2026-06-01,0.19752686803434075,1.820449728630708,97,499,depth >= 30 m
GRNMS,1997-09-01,1.4189096669412955,1.499283684624566,36,36,all pixels (<10 pixels deeper than 30 m)
GRNMS,1997-10-01,1.041300440612538,1.0867203738954332,36,36,all pixels (<10 pixels deeper than 30 m)
GRNMS,1997-11-01,1.044047984018826,1.172635268833902,36,36,all pixels (<10 pixels deeper than 30 m)
GRNMS,1997-12-01,1.4819606772071057,1.6139707813660302,36,36,all pixels (<10 pixels deeper than 30 m)
GRNMS,1998-01-01,3.2514690858941573,3.3348783254623413,36,36,all pixels (<10 pixels deeper than 30 m)
GRNMS,1998-02-01,4.055447777632656,4.153300993972355,36,36,all pixels (<10 pixels deeper than 30 m)
GRNMS,1998-03-01,3.777007738664248,3.9139461053742304,36,36,all pixels (<10 pixels deeper than 30 m)
GRNMS,1998-04-01,2.0114070297084417,2.1311061084270477,36,36,all pixels (<10 pixels deeper than 30 m)
GRNMS,1998-05-01,1.608689530899899,1.6836885776784685,36,36,all pixels (<10 pixels deeper than 30 m)
GRNMS,1998-06-01,1.4689685406953186,1.5726885580354266,36,36,all pixels (<10 pixels deeper than 30 m)
GRNMS,1998-07-01,1.298372770435795,1.4369656377368505,36,36,all pixels (<10 pixels deeper than 30 m)
GRNMS,1998-08-01,1.4287060868418504,1.513970042268435,36,36,all pixels (<10 pixels deeper than 30 m)
GRNMS,1998-09-01,1.7636666483889298,1.856922450992796,36,36,all pixels (<10 pixels deeper than 30 m)
GRNMS,1998-10-01,1.218539773946498,1.3017607397503324,36,36,all pixels (<10 pixels deeper than 30 m)
GRNMS,1998-11-01,0.9674744476211188,1.012841479645835,36,36,all pixels (<10 pixels deeper than 30 m)
GRNMS,1998-12-01,1.450941031484122,1.4997324446837106,36,36,all pixels (<10 pixels deeper than 30 m)
GRNMS,1999-01-01,1.4519277172247511,1.529558401968744,36,36,all pixels (<10 pixels deeper than 30 m)
GRNMS,1999-02-01,1.7618356763145615,1.8262901372379727,36,36,all pixels (<10 pixels deeper than 30 m)
GRNMS,1999-03-01,1.7320238402102286,1.8260773370663324,36,36,all pixels (<10 pixels deeper than 30 m)
GRNMS,1999-04-01,1.6935461997710142,1.82283081776566,36,36,all pixels (<10 pixels deeper than 30 m)
GRNMS,1999-05-01,1.2791418520741271,1.360494002699852,36,36,all pixels (<10 pixels deeper than 30 m)
GRNMS,1999-06-01,1.0869141745232689,1.195863162477811,36,36,all pixels (<10 pixels deeper than 30 m)
GRNMS,1999-07-01,1.0908481533251195,1.2039433783955045,36,36,all pixels (<10 pixels deeper than 30 m)
GRNMS,1999-08-01,1.1023126523428428,1.2095794959200754,36,36,all pixels (<10 pixels deeper than 30 m)
GRNMS,1999-09-01,1.3857598731916425,1.536683196822802,36,36,all pixels (<10 pixels deeper than 30 m)
GRNMS,1999-10-01,2.167648642528156,2.462096479203966,36,36,all pixels (<10 pixels deeper than 30 m)
GRNMS,1999-11-01,1.4958682840846516,1.7420065386427774,36,36,all pixels (<10 pixels deeper than 30 m)
GRNMS,1999-12-01,1.8379647538000183,1.9372757805718317,36,36,all pixels (<10 pixels deeper than 30 m)
GRNMS,2000-01-01,2.040971497537772,2.10049968957901,36,36,all pixels (<10 pixels deeper than 30 m)
GRNMS,2000-02-01,1.8317651465084532,1.8812397917111716,36,36,all pixels (<10 pixels deeper than 30 m)
GRNMS,2000-03-01,1.5911325641362497,1.6449743045700922,36,36,all pixels (<10 pixels deeper than 30 m)
GRNMS,2000-04-01,1.4325849735470282,1.564563277694914,36,36,all pixels (<10 pixels deeper than 30 m)
GRNMS,2000-05-01,1.1783089360432306,1.3042969852685928,36,36,all pixels (<10 pixels deeper than 30 m)
GRNMS,2000-06-01,0.9326316329500868,1.038443661398358,36,36,all pixels (<10 pixels deeper than 30 m)
GRNMS,2000-07-01,0.7750410329442027,0.8069449563821156,36,36,all pixels (<10 pixels deeper than 30 m)
GRNMS,2000-08-01,0.8238158806216125,0.875289077560107,36,36,all pixels (<10 pixels deeper than 30 m)
GRNMS,2000-09-01,1.584800081584781,1.7154960003164077,36,36,all pixels (<10 pixels deeper than 30 m)
GRNMS,2000-10-01,1.2340336115047754,1.3286884393956926,36,36,all pixels (<10 pixels deeper than 30 m)
GRNMS,2000-11-01,0.9395430222901142,1.065618720319536,36,36,all pixels (<10 pixels deeper than 30 m)
GRNMS,2000-12-01,0.8299079289438217,0.9117480102512572,36,36,all pixels (<10 pixels deeper than 30 m)
GRNMS,2001-01-01,0.5011794125885808,0.5583029265205065,36,36,all pixels (<10 pixels deeper than 30 m)
GRNMS,2001-02-01,0.6263873847770197,0.7145170271396637,36,36,all pixels (<10 pixels deeper than 30 m)
GRNMS,2001-03-01,0.9964697811335406,1.075411930680275,36,36,all pixels (<10 pixels deeper than 30 m)
GRNMS,2001-04-01,1.9630568139193063,2.100694457689921,36,36,all pixels (<10 pixels deeper than 30 m)
GRNMS,2001-05-01,1.3590570193413316,1.4387030899524689,36,36,all pixels (<10 pixels deeper than 30 m)
GRNMS,2001-06-01,1.1185675614930335,1.274468625585238,36,36,all pixels (<10 pixels deeper than 30 m)
GRNMS,2001-07-01,1.4361475604050036,1.7157325694958367,36,36,all pixels (<10 pixels deeper than 30 m)
GRNMS,2001-08-01,1.1219592932958609,1.2360817707247205,36,36,all pixels (<10 pixels deeper than 30 m)
GRNMS,2001-09-01,1.4852255844108386,1.5317332247893016,36,36,all pixels (<10 pixels deeper than 30 m)
GRNMS,2001-10-01,1.5010555519488002,1.5670713682969413,36,36,all pixels (<10 pixels deeper than 30 m)
GRNMS,2001-11-01,0.8045798072789339,0.8729922514822748,36,36,all pixels (<10 pixels deeper than 30 m)
GRNMS,2001-12-01,0.6617747739435375,0.769547264609072,36,36,all pixels (<10 pixels deeper than 30 m)
GRNMS,2002-01-01,1.5052007377198695,1.5991899222135544,36,36,all pixels (<10 pixels deeper than 30 m)
GRNMS,2002-02-01,0.8797753525886205,0.9452571272850036,36,36,all pixels (<10 pixels deeper than 30 m)
GRNMS,2002-03-01,0.8833821698760252,0.9784336073531044,36,36,all pixels (<10 pixels deeper than 30 m)
GRNMS,2002-04-01,0.7555311257645281,0.8690281485517819,36,36,all pixels (<10 pixels deeper than 30 m)
GRNMS,2002-05-01,1.3155431933734854,1.4376778370804255,36,36,all pixels (<10 pixels deeper than 30 m)
GRNMS,2002-06-01,0.9860936996867754,1.1537604745891357,36,36,all pixels (<10 pixels deeper than 30 m)
GRNMS,2002-07-01,1.4115937244349313,1.592551569143931,36,36,all pixels (<10 pixels deeper than 30 m)
GRNMS,2002-08-01,1.0233847233185298,1.1476005067427957,36,36,all pixels (<10 pixels deeper than 30 m)
GRNMS,2002-09-01,1.5660841446944114,1.7343401147259607,36,36,all pixels (<10 pixels deeper than 30 m)
GRNMS,2002-10-01,1.7244144308489522,1.8231878611776564,36,36,all pixels (<10 pixels deeper than 30 m)
GRNMS,2002-11-01,1.3569276195123443,1.5350399216016133,36,36,all pixels (<10 pixels deeper than 30 m)
GRNMS,2002-12-01,1.750133290979452,1.9388702279991576,36,36,all pixels (<10 pixels deeper than 30 m)
GRNMS,2003-01-01,2.10777781501964,2.237178689903683,36,36,all pixels (<10 pixels deeper than 30 m)
GRNMS,2003-02-01,2.36682490782131,2.4458418488502502,36,36,all pixels (<10 pixels deeper than 30 m)
GRNMS,2003-03-01,2.3102235899849655,2.530125525262621,36,36,all pixels (<10 pixels deeper than 30 m)
GRNMS,2003-04-01,2.8544611331369008,3.016647888554467,36,36,all pixels (<10 pixels deeper than 30 m)
GRNMS,2003-05-01,2.123154531271042,2.241503917508655,36,36,all pixels (<10 pixels deeper than 30 m)
GRNMS,2003-06-01,1.697368748038626,1.8392236265871265,36,36,all pixels (<10 pixels deeper than 30 m)
GRNMS,2003-07-01,1.4559215204959517,1.6976239962710276,36,36,all pixels (<10 pixels deeper than 30 m)
GRNMS,2003-08-01,1.4537106040796848,1.5575689458184772,36,36,all pixels (<10 pixels deeper than 30 m)
GRNMS,2003-09-01,1.9716067299855675,2.0294913384649487,36,36,all pixels (<10 pixels deeper than 30 m)
GRNMS,2003-10-01,2.139142701178932,2.1775923636224537,36,36,all pixels (<10 pixels deeper than 30 m)
GRNMS,2003-11-01,1.7856489720988726,1.8467278612984552,36,36,all pixels (<10 pixels deeper than 30 m)
GRNMS,2003-12-01,2.0521870147732564,2.108154207468033,36,36,all pixels (<10 pixels deeper than 30 m)
GRNMS,2004-01-01,1.6279643641984802,1.6740536755985684,36,36,all pixels (<10 pixels deeper than 30 m)
GRNMS,2004-02-01,1.4200842421867734,1.4774167372120752,36,36,all pixels (<10 pixels deeper than 30 m)
GRNMS,2004-03-01,1.16761963864504,1.2163601915041606,36,36,all pixels (<10 pixels deeper than 30 m)
GRNMS,2004-04-01,1.354090566832686,1.4308152380916808,36,36,all pixels (<10 pixels deeper than 30 m)
GRNMS,2004-05-01,1.2290677703942856,1.3333724704053669,36,36,all pixels (<10 pixels deeper than 30 m)
GRNMS,2004-06-01,0.7444180301939535,0.7712139735619228,36,36,all pixels (<10 pixels deeper than 30 m)
GRNMS,2004-07-01,0.993151734742864,1.0564144601424537,36,36,all pixels (<10 pixels deeper than 30 m)
GRNMS,2004-08-01,1.3693259769797066,1.490946426987648,36,36,all pixels (<10 pixels deeper than 30 m)
GRNMS,2004-09-01,3.436722521093849,3.591201411353217,36,36,all pixels (<10 pixels deeper than 30 m)
GRNMS,2004-10-01,3.2565713823077203,3.351222491926617,36,36,all pixels (<10 pixels deeper than 30 m)
GRNMS,2004-11-01,3.5619046475134906,3.630794134404925,36,36,all pixels (<10 pixels deeper than 30 m)
GRNMS,2004-12-01,3.2081063858521937,3.2358353535334268,36,36,all pixels (<10 pixels deeper than 30 m)
GRNMS,2005-01-01,2.1442205219035952,2.1779352161619396,36,36,all pixels (<10 pixels deeper than 30 m)
GRNMS,2005-02-01,1.0987311516130769,1.1531209813223944,36,36,all pixels (<10 pixels deeper than 30 m)
GRNMS,2005-03-01,1.2434326620597511,1.3436101062430277,36,36,all pixels (<10 pixels deeper than 30 m)
GRNMS,2005-04-01,2.400858743776302,2.5597055753072104,36,36,all pixels (<10 pixels deeper than 30 m)
GRNMS,2005-05-01,1.9307939893200656,2.032323933309979,36,36,all pixels (<10 pixels deeper than 30 m)
GRNMS,2005-06-01,2.2544712433857823,2.4056115316020117,36,36,all pixels (<10 pixels deeper than 30 m)
GRNMS,2005-07-01,2.909355754358322,3.078195472558339,36,36,all pixels (<10 pixels deeper than 30 m)
GRNMS,2005-08-01,2.439927325087317,2.6383520795239344,36,36,all pixels (<10 pixels deeper than 30 m)
GRNMS,2005-09-01,2.256962938762068,2.3391184674368963,36,36,all pixels (<10 pixels deeper than 30 m)
GRNMS,2005-10-01,2.0228764542145967,2.174981657001707,36,36,all pixels (<10 pixels deeper than 30 m)
GRNMS,2005-11-01,1.5535879490215696,1.665041256282065,36,36,all pixels (<10 pixels deeper than 30 m)
GRNMS,2005-12-01,1.6299524311092974,1.7222872889704175,36,36,all pixels (<10 pixels deeper than 30 m)
GRNMS,2006-01-01,2.1724042514362196,2.2917982770337,36,36,all pixels (<10 pixels deeper than 30 m)
GRNMS,2006-02-01,2.4623597084573725,2.5850501226054297,36,36,all pixels (<10 pixels deeper than 30 m)
GRNMS,2006-03-01,2.0224508338026013,2.109719435373942,36,36,all pixels (<10 pixels deeper than 30 m)
GRNMS,2006-04-01,1.6567823746724892,1.7492605017291174,36,36,all pixels (<10 pixels deeper than 30 m)
GRNMS,2006-05-01,1.3232466400164815,1.4056399878528385,36,36,all pixels (<10 pixels deeper than 30 m)
GRNMS,2006-06-01,1.0867791068233044,1.1953280369440713,36,36,all pixels (<10 pixels deeper than 30 m)
GRNMS,2006-07-01,1.098677499252131,1.293557908799913,36,36,all pixels (<10 pixels deeper than 30 m)
GRNMS,2006-08-01,0.964597208589317,1.07342961927255,36,36,all pixels (<10 pixels deeper than 30 m)
GRNMS,2006-09-01,1.5191949071497244,1.5825779736042025,36,36,all pixels (<10 pixels deeper than 30 m)
GRNMS,2006-10-01,1.7102783448813097,1.7487221128410764,36,36,all pixels (<10 pixels deeper than 30 m)
GRNMS,2006-11-01,1.943783476439474,1.9893425007661183,36,36,all pixels (<10 pixels deeper than 30 m)
GRNMS,2006-12-01,1.1524705527178212,1.199830123119884,36,36,all pixels (<10 pixels deeper than 30 m)
GRNMS,2007-01-01,0.8007489893880916,0.8867315873503685,36,36,all pixels (<10 pixels deeper than 30 m)
GRNMS,2007-02-01,0.9367578740280028,1.031578445600139,36,36,all pixels (<10 pixels deeper than 30 m)
GRNMS,2007-03-01,1.3833272918417296,1.4599872198369768,36,36,all pixels (<10 pixels deeper than 30 m)
GRNMS,2007-04-01,1.6135799999225022,1.7101726250516045,36,36,all pixels (<10 pixels deeper than 30 m)
GRNMS,2007-05-01,2.8404944284521614,3.087104774183697,36,36,all pixels (<10 pixels deeper than 30 m)
GRNMS,2007-06-01,2.9683062306317667,3.3449844883547883,36,36,all pixels (<10 pixels deeper than 30 m)
GRNMS,2007-07-01,2.4844956469054535,2.752066754632526,36,36,all pixels (<10 pixels deeper than 30 m)
GRNMS,2007-08-01,2.085698087286696,2.3093269964059195,36,36,all pixels (<10 pixels deeper than 30 m)
GRNMS,2007-09-01,2.2780326114204468,2.4793859521547956,36,36,all pixels (<10 pixels deeper than 30 m)
GRNMS,2007-10-01,1.1967646356800103,1.2762403653727636,36,36,all pixels (<10 pixels deeper than 30 m)
GRNMS,2007-11-01,1.1265379286664043,1.1745474918021095,36,36,all pixels (<10 pixels deeper than 30 m)
GRNMS,2007-12-01,0.6416455413694652,0.6872498401337199,36,36,all pixels (<10 pixels deeper than 30 m)
GRNMS,2008-01-01,0.5447354004321717,0.5850164170066516,36,36,all pixels (<10 pixels deeper than 30 m)
GRNMS,2008-02-01,1.4549524798799145,1.5160414063268235,36,36,all pixels (<10 pixels deeper than 30 m)
GRNMS,2008-03-01,1.8221973592316285,1.9834290660089915,36,36,all pixels (<10 pixels deeper than 30 m)
GRNMS,2008-04-01,1.309390255358068,1.4128917869594362,36,36,all pixels (<10 pixels deeper than 30 m)
GRNMS,2008-05-01,1.4159419890449851,1.519036990072992,36,36,all pixels (<10 pixels deeper than 30 m)
GRNMS,2008-06-01,1.0141742723520142,1.0695632812049654,36,36,all pixels (<10 pixels deeper than 30 m)
GRNMS,2008-07-01,0.8920053684930604,0.9431563201877806,36,36,all pixels (<10 pixels deeper than 30 m)
GRNMS,2008-08-01,1.2754668019217004,1.3737151589658525,36,36,all pixels (<10 pixels deeper than 30 m)
GRNMS,2008-09-01,2.8590895851750915,2.8953897356987,36,36,all pixels (<10 pixels deeper than 30 m)
GRNMS,2008-10-01,1.358766459523916,1.4212234881189134,36,36,all pixels (<10 pixels deeper than 30 m)
GRNMS,2008-11-01,1.1307716567746806,1.20847659640842,36,36,all pixels (<10 pixels deeper than 30 m)
GRNMS,2008-12-01,1.4436781710913469,1.5489162355661392,36,36,all pixels (<10 pixels deeper than 30 m)
GRNMS,2009-01-01,2.005259984402517,2.082327001624637,36,36,all pixels (<10 pixels deeper than 30 m)
GRNMS,2009-02-01,1.9588514952272271,1.999904019965066,36,36,all pixels (<10 pixels deeper than 30 m)
GRNMS,2009-03-01,1.492555089676845,1.5467368827925787,36,36,all pixels (<10 pixels deeper than 30 m)
GRNMS,2009-04-01,3.1302632072110677,3.262143052286572,36,36,all pixels (<10 pixels deeper than 30 m)
GRNMS,2009-05-01,2.876574671748154,3.0323472089237637,36,36,all pixels (<10 pixels deeper than 30 m)
GRNMS,2009-06-01,1.9293340939795651,2.037462555699878,36,36,all pixels (<10 pixels deeper than 30 m)
GRNMS,2009-07-01,1.165289106720698,1.2811970031923718,36,36,all pixels (<10 pixels deeper than 30 m)
GRNMS,2009-08-01,0.8338673355695182,0.8750864151451323,36,36,all pixels (<10 pixels deeper than 30 m)
GRNMS,2009-09-01,1.348001441810862,1.4105984469254813,36,36,all pixels (<10 pixels deeper than 30 m)
GRNMS,2009-10-01,2.51056109982811,2.6442342698574066,36,36,all pixels (<10 pixels deeper than 30 m)
GRNMS,2009-11-01,1.005544357154302,1.105209180050426,36,36,all pixels (<10 pixels deeper than 30 m)
GRNMS,2009-12-01,1.2868680898677236,1.4522177129983902,36,36,all pixels (<10 pixels deeper than 30 m)
GRNMS,2010-01-01,1.6946828533539962,1.9791054361396363,36,36,all pixels (<10 pixels deeper than 30 m)
GRNMS,2010-02-01,2.5221364899815897,2.6709782977898917,36,36,all pixels (<10 pixels deeper than 30 m)
GRNMS,2010-03-01,2.31297816240809,2.3978260192606182,36,36,all pixels (<10 pixels deeper than 30 m)
GRNMS,2010-04-01,1.9727364304557595,2.077226118908988,36,36,all pixels (<10 pixels deeper than 30 m)
GRNMS,2010-05-01,1.3540684850204092,1.47549606859684,36,36,all pixels (<10 pixels deeper than 30 m)
GRNMS,2010-06-01,1.085756715227726,1.188817416628202,36,36,all pixels (<10 pixels deeper than 30 m)
GRNMS,2010-07-01,0.8219861617941003,0.8739528540107939,36,36,all pixels (<10 pixels deeper than 30 m)
GRNMS,2010-08-01,1.2903812614171897,1.3380073325501547,36,36,all pixels (<10 pixels deeper than 30 m)
GRNMS,2010-09-01,1.7216193070215051,1.777671989467409,36,36,all pixels (<10 pixels deeper than 30 m)
GRNMS,2010-10-01,1.9717810882423168,2.032621579037772,36,36,all pixels (<10 pixels deeper than 30 m)
GRNMS,2010-11-01,1.9405962061291484,2.0841600315438376,36,36,all pixels (<10 pixels deeper than 30 m)
GRNMS,2010-12-01,1.4865123446543649,1.5729611168305078,36,36,all pixels (<10 pixels deeper than 30 m)
GRNMS,2011-01-01,0.8013588000763393,0.8993365963300068,36,36,all pixels (<10 pixels deeper than 30 m)
GRNMS,2011-02-01,0.6066729650967848,0.701466329395771,36,36,all pixels (<10 pixels deeper than 30 m)
GRNMS,2011-03-01,0.9382597489764216,1.0136010067330463,36,36,all pixels (<10 pixels deeper than 30 m)
GRNMS,2011-04-01,1.1083340580465104,1.2089314659436543,36,36,all pixels (<10 pixels deeper than 30 m)
GRNMS,2011-05-01,0.7266415831158319,0.7861398822731442,36,36,all pixels (<10 pixels deeper than 30 m)
GRNMS,2011-06-01,0.7559102653500537,0.7843668245606952,36,36,all pixels (<10 pixels deeper than 30 m)
GRNMS,2011-07-01,1.2443086032305044,1.3147546218501196,36,36,all pixels (<10 pixels deeper than 30 m)
GRNMS,2011-08-01,0.9364901662328924,0.9562499539719688,36,36,all pixels (<10 pixels deeper than 30 m)
GRNMS,2011-09-01,1.937105084752063,2.010548194249471,36,36,all pixels (<10 pixels deeper than 30 m)
GRNMS,2011-10-01,1.6660954935920669,1.7901015612814162,36,36,all pixels (<10 pixels deeper than 30 m)
GRNMS,2011-11-01,1.181596032117484,1.233197463883294,36,36,all pixels (<10 pixels deeper than 30 m)
GRNMS,2011-12-01,0.7781223650792812,0.8373611254824532,36,36,all pixels (<10 pixels deeper than 30 m)
GRNMS,2012-01-01,0.6965736105707083,0.8075337600376871,36,36,all pixels (<10 pixels deeper than 30 m)
GRNMS,2012-02-01,0.5821724214503167,0.6438776776194572,36,36,all pixels (<10 pixels deeper than 30 m)
GRNMS,2012-03-01,0.8973194136746732,0.9904234069916936,36,36,all pixels (<10 pixels deeper than 30 m)
GRNMS,2012-04-01,0.8492439245856441,0.9224217393332056,36,36,all pixels (<10 pixels deeper than 30 m)
GRNMS,2012-05-01,1.234742154856743,1.3859819951984618,36,36,all pixels (<10 pixels deeper than 30 m)
GRNMS,2012-06-01,1.470411025192264,1.6201728698280122,36,36,all pixels (<10 pixels deeper than 30 m)
GRNMS,2012-07-01,1.350447213535971,1.4486399624082775,36,36,all pixels (<10 pixels deeper than 30 m)
GRNMS,2012-08-01,1.0068521641500188,1.0441669705841277,36,36,all pixels (<10 pixels deeper than 30 m)
GRNMS,2012-09-01,1.1408758743208012,1.1956949366463556,36,36,all pixels (<10 pixels deeper than 30 m)
GRNMS,2012-10-01,1.5150613488243412,1.5522697865962982,36,36,all pixels (<10 pixels deeper than 30 m)
GRNMS,2012-11-01,1.3117963015120906,1.3385155598322551,36,36,all pixels (<10 pixels deeper than 30 m)
GRNMS,2012-12-01,0.9763954669638925,1.0658666011359956,36,36,all pixels (<10 pixels deeper than 30 m)
GRNMS,2013-01-01,0.6183977357242206,0.7090614015857379,36,36,all pixels (<10 pixels deeper than 30 m)
GRNMS,2013-02-01,1.0621960684992653,1.188919163412518,36,36,all pixels (<10 pixels deeper than 30 m)
GRNMS,2013-03-01,2.348786065897639,2.4645898474587336,36,36,all pixels (<10 pixels deeper than 30 m)
GRNMS,2013-04-01,1.6493774009965765,1.8159861548079383,36,36,all pixels (<10 pixels deeper than 30 m)
GRNMS,2013-05-01,1.665922338381676,1.793881073594093,36,36,all pixels (<10 pixels deeper than 30 m)
GRNMS,2013-06-01,1.2609048064645063,1.3961506287256875,36,36,all pixels (<10 pixels deeper than 30 m)
GRNMS,2013-07-01,1.2421333916313837,1.4314594914515817,36,36,all pixels (<10 pixels deeper than 30 m)
GRNMS,2013-08-01,1.851865547098564,1.9911527931690216,36,36,all pixels (<10 pixels deeper than 30 m)
GRNMS,2013-09-01,2.836318684417632,2.946448723475138,36,36,all pixels (<10 pixels deeper than 30 m)
GRNMS,2013-10-01,1.7219341882757246,1.8065042793750763,36,36,all pixels (<10 pixels deeper than 30 m)
GRNMS,2013-11-01,1.471491924632616,1.5248465240001678,36,36,all pixels (<10 pixels deeper than 30 m)
GRNMS,2013-12-01,0.9341558680239818,1.0460769782463708,36,36,all pixels (<10 pixels deeper than 30 m)
GRNMS,2014-01-01,1.117405998844024,1.2198911723163393,36,36,all pixels (<10 pixels deeper than 30 m)
GRNMS,2014-02-01,1.2895604712813231,1.3387645963165495,36,36,all pixels (<10 pixels deeper than 30 m)
GRNMS,2014-03-01,1.2284487091807166,1.3024495773845248,36,36,all pixels (<10 pixels deeper than 30 m)
GRNMS,2014-04-01,1.5466567020618314,1.6530596249633365,36,36,all pixels (<10 pixels deeper than 30 m)
GRNMS,2014-05-01,2.0781949343342467,2.185373524824778,36,36,all pixels (<10 pixels deeper than 30 m)
GRNMS,2014-06-01,1.1431322499466638,1.3132303249504829,36,36,all pixels (<10 pixels deeper than 30 m)
GRNMS,2014-07-01,1.3608087537974591,1.541558469335238,36,36,all pixels (<10 pixels deeper than 30 m)
GRNMS,2014-08-01,1.2701730892242904,1.3222899122370615,36,36,all pixels (<10 pixels deeper than 30 m)
GRNMS,2014-09-01,1.5543504496616345,1.627701610326767,36,36,all pixels (<10 pixels deeper than 30 m)
GRNMS,2014-10-01,0.9654151969502924,1.076112127966351,36,36,all pixels (<10 pixels deeper than 30 m)
GRNMS,2014-11-01,1.194427669453216,1.3225892070266936,36,36,all pixels (<10 pixels deeper than 30 m)
GRNMS,2014-12-01,1.062696091081914,1.11614400976234,36,36,all pixels (<10 pixels deeper than 30 m)
GRNMS,2015-01-01,1.199810174999659,1.3483662323819263,36,36,all pixels (<10 pixels deeper than 30 m)
GRNMS,2015-02-01,1.0770321235770433,1.2067079974545374,36,36,all pixels (<10 pixels deeper than 30 m)
GRNMS,2015-03-01,1.0632193020712408,1.2030503551165264,36,36,all pixels (<10 pixels deeper than 30 m)
GRNMS,2015-04-01,1.195181576192634,1.3051606350474887,36,36,all pixels (<10 pixels deeper than 30 m)
GRNMS,2015-05-01,1.576456076744521,1.6791731831100252,36,36,all pixels (<10 pixels deeper than 30 m)
GRNMS,2015-06-01,1.1876681251201735,1.2864466773139105,36,36,all pixels (<10 pixels deeper than 30 m)
GRNMS,2015-07-01,0.6041463613946633,0.6263261205620236,36,36,all pixels (<10 pixels deeper than 30 m)
GRNMS,2015-08-01,0.7476899983644212,0.7845078375604417,36,36,all pixels (<10 pixels deeper than 30 m)
GRNMS,2015-09-01,1.8965573349812923,1.9739052851994832,36,36,all pixels (<10 pixels deeper than 30 m)
GRNMS,2015-10-01,1.2854327248894046,1.3678482390112348,36,36,all pixels (<10 pixels deeper than 30 m)
GRNMS,2015-11-01,2.672173354792718,2.804935402340359,36,36,all pixels (<10 pixels deeper than 30 m)
GRNMS,2015-12-01,3.0819164990951005,3.1702271501223245,36,36,all pixels (<10 pixels deeper than 30 m)
GRNMS,2016-01-01,2.248781023251642,2.4642480429675846,36,36,all pixels (<10 pixels deeper than 30 m)
GRNMS,2016-02-01,3.1902047625792593,3.275068932109409,36,36,all pixels (<10 pixels deeper than 30 m)
GRNMS,2016-03-01,2.773588158727941,2.837219738297992,36,36,all pixels (<10 pixels deeper than 30 m)
GRNMS,2016-04-01,2.201737859332433,2.2971258991294436,36,36,all pixels (<10 pixels deeper than 30 m)
GRNMS,2016-05-01,1.365369772906458,1.4452467560768127,36,36,all pixels (<10 pixels deeper than 30 m)
GRNMS,2016-06-01,1.0660852999390271,1.1222767697440252,36,36,all pixels (<10 pixels deeper than 30 m)
GRNMS,2016-07-01,1.15254397428212,1.2430575291315713,36,36,all pixels (<10 pixels deeper than 30 m)
GRNMS,2016-08-01,1.0227185945372907,1.0882205350531473,36,36,all pixels (<10 pixels deeper than 30 m)
GRNMS,2016-09-01,1.2832896723020426,1.3355689081880782,36,36,all pixels (<10 pixels deeper than 30 m)
GRNMS,2016-10-01,1.7862883007090706,1.838841289281845,36,36,all pixels (<10 pixels deeper than 30 m)
GRNMS,2016-11-01,1.7587503856064106,1.8819877372847664,36,36,all pixels (<10 pixels deeper than 30 m)
GRNMS,2016-12-01,1.895831729359149,2.026019397709105,36,36,all pixels (<10 pixels deeper than 30 m)
GRNMS,2017-01-01,2.2338177972139808,2.30845500032107,36,36,all pixels (<10 pixels deeper than 30 m)
GRNMS,2017-02-01,2.8492981167492974,2.928103735049566,36,36,all pixels (<10 pixels deeper than 30 m)
GRNMS,2017-03-01,1.5974015087264826,1.7230346136622958,36,36,all pixels (<10 pixels deeper than 30 m)
GRNMS,2017-04-01,1.6082696524044462,1.71094020207723,36,36,all pixels (<10 pixels deeper than 30 m)
GRNMS,2017-05-01,0.9879422447137052,1.1168005681700175,36,36,all pixels (<10 pixels deeper than 30 m)
GRNMS,2017-06-01,0.9396647480024862,1.0916591501898236,36,36,all pixels (<10 pixels deeper than 30 m)
GRNMS,2017-07-01,0.7489935991817879,0.7758375671174791,36,36,all pixels (<10 pixels deeper than 30 m)
GRNMS,2017-08-01,1.0067544502048202,1.069068991475635,36,36,all pixels (<10 pixels deeper than 30 m)
GRNMS,2017-09-01,1.7741993495877355,1.862099203798506,36,36,all pixels (<10 pixels deeper than 30 m)
GRNMS,2017-10-01,1.507725461830934,1.6256808688243232,36,36,all pixels (<10 pixels deeper than 30 m)
GRNMS,2017-11-01,0.951790793849046,1.0433549169037075,36,36,all pixels (<10 pixels deeper than 30 m)
GRNMS,2017-12-01,0.9797992096430816,1.095028105709288,36,36,all pixels (<10 pixels deeper than 30 m)
GRNMS,2018-01-01,0.6754948141553143,0.743281906677617,36,36,all pixels (<10 pixels deeper than 30 m)
GRNMS,2018-02-01,0.6098046105026597,0.6739243417978287,36,36,all pixels (<10 pixels deeper than 30 m)
GRNMS,2018-03-01,0.7450418072000021,0.8269163883394666,36,36,all pixels (<10 pixels deeper than 30 m)
GRNMS,2018-04-01,0.9339853821315148,1.021923914551735,36,36,all pixels (<10 pixels deeper than 30 m)
GRNMS,2018-05-01,1.2301553684561255,1.3449162824286356,36,36,all pixels (<10 pixels deeper than 30 m)
GRNMS,2018-06-01,1.4902029966888548,1.6036987288130655,36,36,all pixels (<10 pixels deeper than 30 m)
GRNMS,2018-07-01,1.304716331192098,1.4417793816990323,36,36,all pixels (<10 pixels deeper than 30 m)
GRNMS,2018-08-01,1.1163383179501147,1.1951822423272662,36,36,all pixels (<10 pixels deeper than 30 m)
GRNMS,2018-09-01,1.5905656323319028,1.6831011921167374,36,36,all pixels (<10 pixels deeper than 30 m)
GRNMS,2018-10-01,2.1850810278529167,2.247663024399015,36,36,all pixels (<10 pixels deeper than 30 m)
GRNMS,2018-11-01,3.201819353575117,3.2625994086265564,36,36,all pixels (<10 pixels deeper than 30 m)
GRNMS,2018-12-01,3.8688183875554314,3.9532803694407144,36,36,all pixels (<10 pixels deeper than 30 m)
GRNMS,2019-01-01,3.941484172121795,3.9889902936087713,36,36,all pixels (<10 pixels deeper than 30 m)
GRNMS,2019-02-01,2.6539801643337833,2.7466761701636844,36,36,all pixels (<10 pixels deeper than 30 m)
GRNMS,2019-03-01,1.5454058156442354,1.6381351566976972,36,36,all pixels (<10 pixels deeper than 30 m)
GRNMS,2019-04-01,1.408390375282151,1.494476662741767,36,36,all pixels (<10 pixels deeper than 30 m)
GRNMS,2019-05-01,1.0835348427218434,1.170337062742975,36,36,all pixels (<10 pixels deeper than 30 m)
GRNMS,2019-06-01,0.9181855723247476,1.0172633081674576,36,36,all pixels (<10 pixels deeper than 30 m)
GRNMS,2019-07-01,1.0507731461348162,1.175744417640898,36,36,all pixels (<10 pixels deeper than 30 m)
GRNMS,2019-08-01,1.192136357751884,1.2520666751596663,36,36,all pixels (<10 pixels deeper than 30 m)
GRNMS,2019-09-01,1.8058094049889857,1.836922506491343,36,36,all pixels (<10 pixels deeper than 30 m)
GRNMS,2019-10-01,1.6699989404277469,1.712379346291224,36,36,all pixels (<10 pixels deeper than 30 m)
GRNMS,2019-11-01,1.2977813513967773,1.3704031159480414,36,36,all pixels (<10 pixels deeper than 30 m)
GRNMS,2019-12-01,1.3168758189374272,1.439902651641104,36,36,all pixels (<10 pixels deeper than 30 m)
GRNMS,2020-01-01,2.1361602452775226,2.228910459412469,36,36,all pixels (<10 pixels deeper than 30 m)
GRNMS,2020-02-01,1.7947596056349573,1.8600991235838995,36,36,all pixels (<10 pixels deeper than 30 m)
GRNMS,2020-03-01,3.7662162903673417,3.9651446673605175,36,36,all pixels (<10 pixels deeper than 30 m)
GRNMS,2020-04-01,2.374734814853229,2.4722434249189167,36,36,all pixels (<10 pixels deeper than 30 m)
GRNMS,2020-05-01,2.8814512486519708,3.011218892203437,36,36,all pixels (<10 pixels deeper than 30 m)
GRNMS,2020-06-01,2.516525161557773,2.6113823586040072,36,36,all pixels (<10 pixels deeper than 30 m)
GRNMS,2020-07-01,1.6599009062657175,1.757712240020434,36,36,all pixels (<10 pixels deeper than 30 m)
GRNMS,2020-08-01,1.0533713231148665,1.121062239011129,36,36,all pixels (<10 pixels deeper than 30 m)
GRNMS,2020-09-01,1.472198314344754,1.5829430388079748,36,36,all pixels (<10 pixels deeper than 30 m)
GRNMS,2020-10-01,1.4714383368332404,1.5506663984722562,36,36,all pixels (<10 pixels deeper than 30 m)
GRNMS,2020-11-01,1.4972539831649907,1.5771757778194215,36,36,all pixels (<10 pixels deeper than 30 m)
GRNMS,2020-12-01,1.3098526587750057,1.393655237224367,36,36,all pixels (<10 pixels deeper than 30 m)
GRNMS,2021-01-01,1.5830263887872875,1.6481563448905945,36,36,all pixels (<10 pixels deeper than 30 m)
GRNMS,2021-02-01,1.4453942999672924,1.5937331931458578,36,36,all pixels (<10 pixels deeper than 30 m)
GRNMS,2021-03-01,1.8280709762498009,1.9269822537899015,36,36,all pixels (<10 pixels deeper than 30 m)
GRNMS,2021-04-01,1.8463732111875837,1.9094435109032528,36,36,all pixels (<10 pixels deeper than 30 m)
GRNMS,2021-05-01,1.480279579213508,1.5559081617328856,36,36,all pixels (<10 pixels deeper than 30 m)
GRNMS,2021-06-01,1.1251246682167249,1.2033801823854446,36,36,all pixels (<10 pixels deeper than 30 m)
GRNMS,2021-07-01,1.4385666606761762,1.5739791029029422,36,36,all pixels (<10 pixels deeper than 30 m)
GRNMS,2021-08-01,2.218304452009418,2.416037874089347,36,36,all pixels (<10 pixels deeper than 30 m)
GRNMS,2021-09-01,2.0249260815211954,2.1399954739544125,36,36,all pixels (<10 pixels deeper than 30 m)
GRNMS,2021-10-01,1.373623771143478,1.506353090206782,36,36,all pixels (<10 pixels deeper than 30 m)
GRNMS,2021-11-01,1.0981803630973888,1.2164129664500556,36,36,all pixels (<10 pixels deeper than 30 m)
GRNMS,2021-12-01,0.9484468839821556,1.0163973304960463,36,36,all pixels (<10 pixels deeper than 30 m)
GRNMS,2022-01-01,1.0562635535958942,1.1079477237330542,36,36,all pixels (<10 pixels deeper than 30 m)
GRNMS,2022-02-01,1.2361697874879745,1.3276125126414828,36,36,all pixels (<10 pixels deeper than 30 m)
GRNMS,2022-03-01,1.13911400372317,1.193778720166948,36,36,all pixels (<10 pixels deeper than 30 m)
GRNMS,2022-04-01,2.1291419850697033,2.2351752585834928,36,36,all pixels (<10 pixels deeper than 30 m)
GRNMS,2022-05-01,1.645324511655193,1.7235039836830564,36,36,all pixels (<10 pixels deeper than 30 m)
GRNMS,2022-06-01,0.9404209050892046,1.0453036170866754,36,36,all pixels (<10 pixels deeper than 30 m)
GRNMS,2022-07-01,1.3696453966523543,1.4306010090642505,36,36,all pixels (<10 pixels deeper than 30 m)
GRNMS,2022-08-01,0.7024002735548741,0.7176491667826971,36,36,all pixels (<10 pixels deeper than 30 m)
GRNMS,2022-09-01,1.4434133269530685,1.48608012828562,36,36,all pixels (<10 pixels deeper than 30 m)
GRNMS,2022-10-01,1.04208301228678,1.0757113132211895,36,36,all pixels (<10 pixels deeper than 30 m)
GRNMS,2022-11-01,1.009995915636699,1.053885085715188,36,36,all pixels (<10 pixels deeper than 30 m)
GRNMS,2022-12-01,0.8457192000383399,0.8713182277149625,36,36,all pixels (<10 pixels deeper than 30 m)
GRNMS,2023-01-01,1.043801332527612,1.090484880738788,36,36,all pixels (<10 pixels deeper than 30 m)
GRNMS,2023-02-01,1.760706913025322,1.841961085796356,36,36,all pixels (<10 pixels deeper than 30 m)
GRNMS,2023-03-01,1.7017343640871232,1.756892416212294,36,36,all pixels (<10 pixels deeper than 30 m)
GRNMS,2023-04-01,1.8599157154680517,1.9301781952381136,36,36,all pixels (<10 pixels deeper than 30 m)
GRNMS,2023-05-01,1.7965277883646442,1.964908629655838,36,36,all pixels (<10 pixels deeper than 30 m)
GRNMS,2023-06-01,0.8440040695598741,0.9030892236365212,36,36,all pixels (<10 pixels deeper than 30 m)
GRNMS,2023-07-01,0.814233074358358,0.8824170132478077,36,36,all pixels (<10 pixels deeper than 30 m)
GRNMS,2023-08-01,0.8527348058670985,0.9210922254456412,36,36,all pixels (<10 pixels deeper than 30 m)
GRNMS,2023-09-01,1.391207639798791,1.466901472873158,36,36,all pixels (<10 pixels deeper than 30 m)
GRNMS,2023-10-01,1.1312027062746697,1.2009485297732885,36,36,all pixels (<10 pixels deeper than 30 m)
GRNMS,2023-11-01,1.0872758108722436,1.1896319968832865,36,36,all pixels (<10 pixels deeper than 30 m)
GRNMS,2023-12-01,0.8975645317861046,0.9857214258776772,36,36,all pixels (<10 pixels deeper than 30 m)
GRNMS,2024-01-01,1.1262084953507103,1.2222430739137862,36,36,all pixels (<10 pixels deeper than 30 m)
GRNMS,2024-02-01,1.092378721325213,1.2077027592394087,36,36,all pixels (<10 pixels deeper than 30 m)
GRNMS,2024-03-01,1.6396555792605894,1.8001598831680086,36,36,all pixels (<10 pixels deeper than 30 m)
GRNMS,2024-04-01,1.9885668175133813,2.0741124749183655,36,36,all pixels (<10 pixels deeper than 30 m)
GRNMS,2024-05-01,1.541481152791025,1.7246886690457663,36,36,all pixels (<10 pixels deeper than 30 m)
GRNMS,2024-06-01,1.1877527890501904,1.3947315580315065,36,36,all pixels (<10 pixels deeper than 30 m)
GRNMS,2024-07-01,1.2621121793692374,1.41817374030749,36,36,all pixels (<10 pixels deeper than 30 m)
GRNMS,2024-08-01,2.019519573059653,2.252818278140492,36,36,all pixels (<10 pixels deeper than 30 m)
GRNMS,2024-09-01,2.06278635525099,2.1699214809470706,36,36,all pixels (<10 pixels deeper than 30 m)
GRNMS,2024-10-01,2.1114207154261493,2.2213024728828006,36,36,all pixels (<10 pixels deeper than 30 m)
GRNMS,2024-11-01,2.196711276124383,2.2738883826467724,36,36,all pixels (<10 pixels deeper than 30 m)
GRNMS,2024-12-01,2.5868632141087744,2.632221986850103,36,36,all pixels (<10 pixels deeper than 30 m)
GRNMS,2025-01-01,1.4725473377200369,1.5689842336707644,36,36,all pixels (<10 pixels deeper than 30 m)
GRNMS,2025-02-01,1.389172737017517,1.4377805325720046,36,36,all pixels (<10 pixels deeper than 30 m)
GRNMS,2025-03-01,1.2225827389575643,1.3106055077579286,36,36,all pixels (<10 pixels deeper than 30 m)
GRNMS,2025-04-01,1.2905615469667462,1.4188013821840286,36,36,all pixels (<10 pixels deeper than 30 m)
GRNMS,2025-05-01,1.2686856703591851,1.4045038604074054,36,36,all pixels (<10 pixels deeper than 30 m)
GRNMS,2025-06-01,0.9372673048967456,1.02296595606539,36,36,all pixels (<10 pixels deeper than 30 m)
GRNMS,2025-07-01,1.1187214449525702,1.1558491306172476,36,36,all pixels (<10 pixels deeper than 30 m)
GRNMS,2025-08-01,2.0238718548738412,2.047532853153017,36,36,all pixels (<10 pixels deeper than 30 m)
GRNMS,2025-09-01,1.3269003540727835,1.41344463162952,36,36,all pixels (<10 pixels deeper than 30 m)
GRNMS,2025-10-01,1.1946103429252035,1.2680963493055768,36,36,all pixels (<10 pixels deeper than 30 m)
GRNMS,2025-11-01,1.1252025879152532,1.2288236651155684,36,36,all pixels (<10 pixels deeper than 30 m)
GRNMS,2025-12-01,0.6391896375259835,0.7089981122149361,36,36,all pixels (<10 pixels deeper than 30 m)
GRNMS,2026-01-01,0.4906719860197595,0.5482952921754785,36,36,all pixels (<10 pixels deeper than 30 m)
GRNMS,2026-02-01,0.5397350006736839,0.5675855038894547,36,36,all pixels (<10 pixels deeper than 30 m)
GRNMS,2026-03-01,0.5821455252382363,0.6254661695824729,36,36,all pixels (<10 pixels deeper than 30 m)
GRNMS,2026-04-01,0.6139735636881541,0.6598637377222378,36,36,all pixels (<10 pixels deeper than 30 m)
GRNMS,2026-05-01,0.936282562149759,0.9841683937443628,36,36,all pixels (<10 pixels deeper than 30 m)
GRNMS,2026-06-01,1.4734269826282824,1.5596559478176966,36,36,all pixels (<10 pixels deeper than 30 m)
MNMS,1997-09-01,0.2997493857963308,0.357642918147824,19,22,depth >= 30 m
MNMS,1997-10-01,0.4033582145449695,0.5191386267542839,19,22,depth >= 30 m
MNMS,1997-11-01,1.1181950261940623,1.3428064205429773,19,22,depth >= 30 m
MNMS,1997-12-01,1.1324773453728494,1.224435868588361,19,22,depth >= 30 m
MNMS,1998-01-01,1.0768012536783074,1.1580963757905094,19,22,depth >= 30 m
MNMS,1998-02-01,1.955404875562753,2.0619506456635217,19,22,depth >= 30 m
MNMS,1998-03-01,1.320956336634469,1.440455680543726,19,22,depth >= 30 m
MNMS,1998-04-01,1.240920823014486,1.3573036952452229,19,22,depth >= 30 m
MNMS,1998-05-01,0.8938610898882657,0.9955712854862212,19,22,depth >= 30 m
MNMS,1998-06-01,0.35164453598997736,0.3939073505726728,19,22,depth >= 30 m
MNMS,1998-07-01,0.28178758932730247,0.3167448714375496,19,22,depth >= 30 m
MNMS,1998-08-01,0.4171099632944989,0.460542225024917,19,22,depth >= 30 m
MNMS,1998-09-01,0.6303788460273375,0.7396353699944237,19,22,depth >= 30 m
MNMS,1998-10-01,0.5218736861276022,0.633421463045207,19,22,depth >= 30 m
MNMS,1998-11-01,0.5982924099591148,0.7570383928038856,19,22,depth >= 30 m
MNMS,1998-12-01,0.6658581821898613,0.7455514439127662,19,22,depth >= 30 m
MNMS,1999-01-01,0.4151950805739167,0.4927837726744738,19,22,depth >= 30 m
MNMS,1999-02-01,0.5617232958837824,0.8046063245697456,19,22,depth >= 30 m
MNMS,1999-03-01,0.5778239733659735,0.7277290292761543,19,22,depth >= 30 m
MNMS,1999-04-01,0.40921448245603326,0.5105456669222226,19,22,depth >= 30 m
MNMS,1999-05-01,0.5525376091896983,0.6506264453584498,19,22,depth >= 30 m
MNMS,1999-06-01,0.24922064293869547,0.3139682547612624,19,22,depth >= 30 m
MNMS,1999-07-01,0.2109429047527381,0.23154880106449127,19,22,depth >= 30 m
MNMS,1999-08-01,0.19756709655501195,0.2206768495115367,19,22,depth >= 30 m
MNMS,1999-09-01,0.6023146239831237,0.8382955166426572,19,22,depth >= 30 m
MNMS,1999-10-01,0.540564308199494,0.8128510327501731,19,22,depth >= 30 m
MNMS,1999-11-01,0.6626144150692744,0.8948362970894033,19,22,depth >= 30 m
MNMS,1999-12-01,0.7706047117417678,0.998789513652975,19,22,depth >= 30 m
MNMS,2000-01-01,0.4447447466339925,0.567025058648803,19,22,depth >= 30 m
MNMS,2000-02-01,0.3696377394798635,0.5104792030020193,19,22,depth >= 30 m
MNMS,2000-03-01,0.4697793621744411,0.5665470470081677,19,22,depth >= 30 m
MNMS,2000-04-01,0.4556588155476098,0.5687096823345532,19,22,depth >= 30 m
MNMS,2000-05-01,0.3501055117967674,0.3789977769960057,19,22,depth >= 30 m
MNMS,2000-06-01,0.35599247114121774,0.4440172077579933,19,22,depth >= 30 m
MNMS,2000-07-01,0.2003730700878608,0.2193290408362042,19,22,depth >= 30 m
MNMS,2000-08-01,0.23251785954614423,0.2892767705700614,19,22,depth >= 30 m
MNMS,2000-09-01,0.19925281905168277,0.25459791110320523,19,22,depth >= 30 m
MNMS,2000-10-01,0.38010980225278623,0.5438973334702578,19,22,depth >= 30 m
MNMS,2000-11-01,0.45661508235814335,0.636640232395042,19,22,depth >= 30 m
MNMS,2000-12-01,0.5563409402782743,0.7608589543537659,19,22,depth >= 30 m
MNMS,2001-01-01,0.5779947361317809,0.7898837138306012,19,22,depth >= 30 m
MNMS,2001-02-01,0.6327803777454909,0.8363300616090947,19,22,depth >= 30 m
MNMS,2001-03-01,0.5883869897399113,0.7207076414064928,19,22,depth >= 30 m
MNMS,2001-04-01,0.5749711903231872,0.6746852736581455,19,22,depth >= 30 m
MNMS,2001-05-01,0.18670297247489545,0.24578723921017215,19,22,depth >= 30 m
MNMS,2001-06-01,0.1420223604821052,0.16531418060714548,19,22,depth >= 30 m
MNMS,2001-07-01,0.25181502126101307,0.28245263546705246,19,22,depth >= 30 m
MNMS,2001-08-01,0.2160443397487609,0.2547712806950916,19,22,depth >= 30 m
MNMS,2001-09-01,0.254961825928198,0.3188224990259518,19,22,depth >= 30 m
MNMS,2001-10-01,0.39514346761518826,0.4713790254159408,19,22,depth >= 30 m
MNMS,2001-11-01,0.5472552541959392,0.6870409047061747,19,22,depth >= 30 m
MNMS,2001-12-01,0.3152670953573788,0.3996429538184946,19,22,depth >= 30 m
MNMS,2002-01-01,0.4468508293076264,0.5288749242370778,19,22,depth >= 30 m
MNMS,2002-02-01,0.5326175237854545,0.666511203755032,19,22,depth >= 30 m
MNMS,2002-03-01,0.392959740286496,0.4766970561309295,19,22,depth >= 30 m
MNMS,2002-04-01,0.25003066389858936,0.2728216851299459,19,22,depth >= 30 m
MNMS,2002-05-01,0.23094071780096315,0.25604695081710815,19,22,depth >= 30 m
MNMS,2002-06-01,0.14672330257827582,0.16655661368911917,19,22,depth >= 30 m
MNMS,2002-07-01,0.1878962276521575,0.2054703804579648,19,22,depth >= 30 m
MNMS,2002-08-01,0.17189970057257803,0.19399771703915164,19,22,depth >= 30 m
MNMS,2002-09-01,0.36432133096112473,0.4723738059401512,19,22,depth >= 30 m
MNMS,2002-10-01,0.39170645441059687,0.577917899597775,19,22,depth >= 30 m
MNMS,2002-11-01,0.5520551050751302,0.8132316551425239,19,22,depth >= 30 m
MNMS,2002-12-01,0.5526137971707287,0.738463365218856,19,22,depth >= 30 m
MNMS,2003-01-01,0.7378844495650135,0.8825989392670718,19,22,depth >= 30 m
MNMS,2003-02-01,0.47838055306692767,0.6297490623864259,19,22,depth >= 30 m
MNMS,2003-03-01,0.48191949036715337,0.6040316156365654,19,22,depth >= 30 m
MNMS,2003-04-01,0.6869699069393803,0.7700866474346681,19,22,depth >= 30 m
MNMS,2003-05-01,0.5097993336396148,0.6971455839547243,19,22,depth >= 30 m
MNMS,2003-06-01,0.41880133880862513,0.4806876900521192,19,22,depth >= 30 m
MNMS,2003-07-01,0.3723690413011062,0.4025809006257491,19,22,depth >= 30 m
MNMS,2003-08-01,0.3144460546312638,0.3486853079362349,19,22,depth >= 30 m
MNMS,2003-09-01,0.5707447061565434,0.6853664151646873,19,22,depth >= 30 m
MNMS,2003-10-01,0.599253603814681,0.7760386439886962,19,22,depth >= 30 m
MNMS,2003-11-01,0.8219779375520881,0.9945503676479512,19,22,depth >= 30 m
MNMS,2003-12-01,0.7735220881992431,1.0044389326464045,19,22,depth >= 30 m
MNMS,2004-01-01,0.7352844216778335,0.9834204993464728,19,22,depth >= 30 m
MNMS,2004-02-01,0.8591962076339716,1.0251907381144436,19,22,depth >= 30 m
MNMS,2004-03-01,1.1377527476220723,1.2919451973655005,19,22,depth >= 30 m
MNMS,2004-04-01,0.557555116527827,0.7408706667748365,19,22,depth >= 30 m
MNMS,2004-05-01,0.2056703709534234,0.23481475494124676,19,22,depth >= 30 m
MNMS,2004-06-01,0.19175938505027723,0.22165847705169156,19,22,depth >= 30 m
MNMS,2004-07-01,0.20673698824739437,0.23569517447189853,19,22,depth >= 30 m
MNMS,2004-08-01,0.41167695791918374,0.4591818817637183,19,22,depth >= 30 m
MNMS,2004-09-01,1.0244809761071374,1.162553004243157,19,22,depth >= 30 m
MNMS,2004-10-01,1.0179899922876885,1.1661771833896637,19,22,depth >= 30 m
MNMS,2004-11-01,1.31071281645144,1.557901520620693,19,22,depth >= 30 m
MNMS,2004-12-01,1.115563243524967,1.3183321167122233,19,22,depth >= 30 m
MNMS,2005-01-01,0.8661269713535347,1.1903947984630412,19,22,depth >= 30 m
MNMS,2005-02-01,1.064963291063631,1.2916076278144664,19,22,depth >= 30 m
MNMS,2005-03-01,1.0960403519535116,1.2362100915475325,19,22,depth >= 30 m
MNMS,2005-04-01,1.11102082813633,1.2374831925738945,19,22,depth >= 30 m
MNMS,2005-05-01,0.699771327476732,0.8964395523071289,19,22,depth >= 30 m
MNMS,2005-06-01,0.3759410912232388,0.4674424515529113,19,22,depth >= 30 m
MNMS,2005-07-01,0.2413678441927923,0.2809129872105338,19,22,depth >= 30 m
MNMS,2005-08-01,0.2274067429687455,0.25584157556295395,19,22,depth >= 30 m
MNMS,2005-09-01,0.2275804448751652,0.28207820179787546,19,22,depth >= 30 m
MNMS,2005-10-01,0.8519886909116061,1.0372391559860925,19,22,depth >= 30 m
MNMS,2005-11-01,0.8783882744320534,1.0298186391592026,19,22,depth >= 30 m
MNMS,2005-12-01,0.7226502032382363,0.9595990533178502,19,22,depth >= 30 m
MNMS,2006-01-01,0.8552645838225131,1.0164824371988124,19,22,depth >= 30 m
MNMS,2006-02-01,0.7152750390232985,0.8985083848237991,19,22,depth >= 30 m
MNMS,2006-03-01,0.7686024104393737,0.9004167480902239,19,22,depth >= 30 m
MNMS,2006-04-01,0.781492253146807,0.8558483367616481,19,22,depth >= 30 m
MNMS,2006-05-01,0.6941269573439296,0.8081074560230428,19,22,depth >= 30 m
MNMS,2006-06-01,0.29266371406491465,0.34692342714829877,19,22,depth >= 30 m
MNMS,2006-07-01,0.24507061781865988,0.28291691026904364,19,22,depth >= 30 m
MNMS,2006-08-01,0.19542853556173248,0.21184852787039496,19,22,depth >= 30 m
MNMS,2006-09-01,0.624909940431421,0.7429605383764615,19,22,depth >= 30 m
MNMS,2006-10-01,0.7003804196776895,0.8936518173326146,19,22,depth >= 30 m
MNMS,2006-11-01,0.6509144211198791,0.8331156738779762,19,22,depth >= 30 m
MNMS,2006-12-01,0.7068228223913418,0.9051000502976504,19,22,depth >= 30 m
MNMS,2007-01-01,0.5528406722155592,0.7117610248652373,19,22,depth >= 30 m
MNMS,2007-02-01,0.46524702104977234,0.5573583583940158,19,22,depth >= 30 m
MNMS,2007-03-01,0.4700359367364152,0.5988141799514943,19,22,depth >= 30 m
MNMS,2007-04-01,0.5768013701490659,0.6725650836120953,19,22,depth >= 30 m
MNMS,2007-05-01,0.45818105788398167,0.5946392593058673,19,22,depth >= 30 m
MNMS,2007-06-01,0.2410712001741144,0.27635838430036197,19,22,depth >= 30 m
MNMS,2007-07-01,0.1767179382717703,0.20480363070964813,19,22,depth >= 30 m
MNMS,2007-08-01,0.23777037119533828,0.30514040453867486,19,22,depth >= 30 m
MNMS,2007-09-01,0.25356663897471493,0.33517499064857315,19,22,depth >= 30 m
MNMS,2007-10-01,0.2291549975237369,0.26782944392074237,19,22,depth >= 30 m
MNMS,2007-11-01,0.7591717918560265,1.009662561795928,19,22,depth >= 30 m
MNMS,2007-12-01,0.6000363084295803,0.7195854742418637,19,22,depth >= 30 m
MNMS,2008-01-01,0.8969527589026438,1.0335642397403717,19,22,depth >= 30 m
MNMS,2008-02-01,0.941174145559483,1.1638841845772483,19,22,depth >= 30 m
MNMS,2008-03-01,0.8563503496880548,1.0042360587553545,19,22,depth >= 30 m
MNMS,2008-04-01,0.716371106687161,0.8302583938295192,19,22,depth >= 30 m
MNMS,2008-05-01,0.41409992888079594,0.4634536924687299,19,22,depth >= 30 m
MNMS,2008-06-01,0.2372527066995593,0.27701049501245667,19,22,depth >= 30 m
MNMS,2008-07-01,0.2427016944837215,0.2724879404360598,19,22,depth >= 30 m
MNMS,2008-08-01,0.22047292394338172,0.25168810242956335,19,22,depth >= 30 m
MNMS,2008-09-01,0.9716079886133004,1.0731758962978015,19,22,depth >= 30 m
MNMS,2008-10-01,0.8325965922303554,1.0612976361404765,19,22,depth >= 30 m
MNMS,2008-11-01,0.7725438855974824,0.9225278171626003,19,22,depth >= 30 m
MNMS,2008-12-01,0.5714267926945222,0.7250500131737103,19,22,depth >= 30 m
MNMS,2009-01-01,0.8894815554182465,1.048764643344012,19,22,depth >= 30 m
MNMS,2009-02-01,1.008087257319225,1.1533353247425775,19,22,depth >= 30 m
MNMS,2009-03-01,0.7204199061885601,0.8427509110082279,19,22,depth >= 30 m
MNMS,2009-04-01,0.5450059784472049,0.60918153009631415,19,22,depth >= 30 m
MNMS,2009-05-01,0.21806453959347225,0.24442246014421637,19,22,depth >= 30 m
MNMS,2009-06-01,0.17684383909030324,0.20471265370195563,19,22,depth >= 30 m
MNMS,2009-07-01,0.33442401930603544,0.3688730502670462,19,22,depth >= 30 m
MNMS,2009-08-01,0.29587698427610926,0.33221423761411145,19,22,depth >= 30 m
MNMS,2009-09-01,0.3457574405614451,0.4389153366739099,19,22,depth >= 30 m
MNMS,2009-10-01,0.6038913387741496,0.7386363257061352,19,22,depth >= 30 m
MNMS,2009-11-01,1.0896341511190597,1.3301075615666131,19,22,depth >= 30 m
MNMS,2009-12-01,0.9644255741494906,1.2834216979416937,19,22,depth >= 30 m
MNMS,2010-01-01,1.1889071378618878,1.3369299471378326,19,22,depth >= 30 m
MNMS,2010-02-01,1.4349399418852926,1.5946754217147827,19,22,depth >= 30 m
MNMS,2010-03-01,1.17648896743729,1.3321813588792628,19,22,depth >= 30 m
MNMS,2010-04-01,0.8385330934957296,0.9207801873033696,19,22,depth >= 30 m
MNMS,2010-05-01,1.0018952475816316,1.079603756015951,19,22,depth >= 30 m
MNMS,2010-06-01,0.3222700791308978,0.3601280301809311,19,22,depth >= 30 m
MNMS,2010-07-01,0.24746087211063827,0.28545374829660763,19,22,depth >= 30 m
MNMS,2010-08-01,0.22484958835599847,0.2643116820942272,19,22,depth >= 30 m
MNMS,2010-09-01,0.5916900979100735,0.6895126348192042,19,22,depth >= 30 m
MNMS,2010-10-01,0.43373345255987605,0.5658803094517102,19,22,depth >= 30 m
MNMS,2010-11-01,1.5382709331657196,1.7165168794718657,19,22,depth >= 30 m
MNMS,2010-12-01,2.368753732066235,2.496665900403803,19,22,depth >= 30 m
MNMS,2011-01-01,1.2282016404151366,1.4775470576503058,19,22,depth >= 30 m
MNMS,2011-02-01,0.954943187282779,1.210856463421475,19,22,depth >= 30 m
MNMS,2011-03-01,0.4660368683956267,0.6307719851082021,19,22,depth >= 30 m
MNMS,2011-04-01,0.5257595792820859,0.6264395348050378,19,22,depth >= 30 m
MNMS,2011-05-01,0.26282236547521626,0.3171612830324607,19,22,depth >= 30 m
MNMS,2011-06-01,0.1924260849753733,0.22063036330721592,19,22,depth >= 30 m
MNMS,2011-07-01,0.20001501917245043,0.23089856451207943,19,22,depth >= 30 m
MNMS,2011-08-01,0.2786033977397113,0.3241075101223859,19,22,depth >= 30 m
MNMS,2011-09-01,0.42488701216270647,0.5845150107687169,19,22,depth >= 30 m
MNMS,2011-10-01,0.5772597804998043,0.7936411899599161,19,22,depth >= 30 m
MNMS,2011-11-01,1.0155664537878395,1.3192007785493678,19,22,depth >= 30 m
MNMS,2011-12-01,1.0353814402519994,1.3291182788935574,19,22,depth >= 30 m
MNMS,2012-01-01,0.5917781689978262,0.6768677248196169,19,22,depth >= 30 m
MNMS,2012-02-01,0.7719103780296109,0.8640219704671339,19,22,depth >= 30 m
MNMS,2012-03-01,0.5671509844297434,0.6460974975065752,19,22,depth >= 30 m
MNMS,2012-04-01,0.5305411249689249,0.6573256823149595,19,22,depth >= 30 m
MNMS,2012-05-01,0.23585823602291064,0.2737930864095688,19,22,depth >= 30 m
MNMS,2012-06-01,0.15843728881186508,0.19193298742175105,19,22,depth >= 30 m
MNMS,2012-07-01,0.2120112758013959,0.24336814609440888,19,22,depth >= 30 m
MNMS,2012-08-01,0.23273467839962164,0.25009738247502933,19,22,depth >= 30 m
MNMS,2012-09-01,0.34204708637677184,0.40771408243612817,19,22,depth >= 30 m
MNMS,2012-10-01,0.35784384172662026,0.4312207414345307,19,22,depth >= 30 m
MNMS,2012-11-01,1.1752674294043617,1.487890276041898,19,22,depth >= 30 m
MNMS,2012-12-01,0.896941566278422,1.1263431161642077,19,22,depth >= 30 m
MNMS,2013-01-01,0.6354155137098738,0.7757290154695511,19,22,depth >= 30 m
MNMS,2013-02-01,0.6379795535663623,0.761856492270123,19,22,depth >= 30 m
MNMS,2013-03-01,0.9914665566720036,1.1225746815854851,19,22,depth >= 30 m
MNMS,2013-04-01,0.8860125848899154,1.0235398763960055,19,22,depth >= 30 m
MNMS,2013-05-01,0.3062898536113413,0.41575136171145866,19,22,depth >= 30 m
MNMS,2013-06-01,0.2253997658373051,0.2716026340018619,19,22,depth >= 30 m
MNMS,2013-07-01,0.2894576498794235,0.3150419816374779,19,22,depth >= 30 m
MNMS,2013-08-01,0.24946119793380725,0.2924058735370636,19,22,depth >= 30 m
MNMS,2013-09-01,0.4261240996570519,0.5018292658708312,19,22,depth >= 30 m
MNMS,2013-10-01,0.4637550304828627,0.5790557725863024,19,22,depth >= 30 m
MNMS,2013-11-01,1.1105056237184556,1.405323948372494,19,22,depth >= 30 m
MNMS,2013-12-01,0.5159477503649252,0.6125373637134379,19,22,depth >= 30 m
MNMS,2014-01-01,0.5488247834628008,0.6564214893362739,19,22,depth >= 30 m
MNMS,2014-02-01,0.46166349198478007,0.559710525653579,19,22,depth >= 30 m
MNMS,2014-03-01,0.8769531932335292,1.046099604530768,19,22,depth >= 30 m
MNMS,2014-04-01,0.3692653521130422,0.43172573772343725,19,22,depth >= 30 m
MNMS,2014-05-01,0.18610675431103396,0.21917322684418072,19,22,depth >= 30 m
MNMS,2014-06-01,0.21297178348547952,0.2684159427881241,19,22,depth >= 30 m
MNMS,2014-07-01,0.28437067108549635,0.3363051028414206,19,22,depth >= 30 m
MNMS,2014-08-01,0.17190409610317506,0.19802189144221224,19,22,depth >= 30 m
MNMS,2014-09-01,0.18581594391090217,0.22113226557319812,19,22,depth >= 30 m
MNMS,2014-10-01,0.4048633456701566,0.5033650648864832,19,22,depth >= 30 m
MNMS,2014-11-01,0.4928922643448643,0.6122664619575848,19,22,depth >= 30 m
MNMS,2014-12-01,0.5597449227885574,0.6599859676577828,19,22,depth >= 30 m
MNMS,2015-01-01,0.5263213861477165,0.6721939363262871,19,22,depth >= 30 m
MNMS,2015-02-01,0.5253071236088199,0.8092158843170513,19,22,depth >= 30 m
MNMS,2015-03-01,0.48688544721505816,0.5832858925515956,19,22,depth >= 30 m
MNMS,2015-04-01,0.23873369193024757,0.26055693558671256,19,22,depth >= 30 m
MNMS,2015-05-01,0.29167321361540466,0.36718323555859655,19,22,depth >= 30 m
MNMS,2015-06-01,0.14390523476655348,0.16831472651524976,19,22,depth >= 30 m
MNMS,2015-07-01,0.19720631786892165,0.21560438925569708,19,22,depth >= 30 m
MNMS,2015-08-01,0.2021800447310056,0.2308775044300339,19,22,depth >= 30 m
MNMS,2015-09-01,0.31005135779345844,0.3463118008591912,19,22,depth >= 30 m
MNMS,2015-10-01,0.6959136956967139,0.896848044612191,19,22,depth >= 30 m
MNMS,2015-11-01,0.47713464297167374,0.6208928755738518,19,22,depth >= 30 m
MNMS,2015-12-01,0.35218895123765265,0.38242365284399554,19,22,depth >= 30 m
MNMS,2016-01-01,0.6907886050537352,0.8197749473831871,19,22,depth >= 30 m
MNMS,2016-02-01,0.7318734555405482,0.9234403683380648,19,22,depth >= 30 m
MNMS,2016-03-01,0.5490413023602266,0.6546354727311567,19,22,depth >= 30 m
MNMS,2016-04-01,0.3616782689845582,0.5235625945708969,19,22,depth >= 30 m
MNMS,2016-05-01,0.34699500442796366,0.45537523180246353,19,22,depth >= 30 m
MNMS,2016-06-01,0.18326738782696625,0.21681504357944836,19,22,depth >= 30 m
MNMS,2016-07-01,0.2019453547190029,0.22780188240788196,19,22,depth >= 30 m
MNMS,2016-08-01,0.22089443309622,0.24546585909344937,19,22,depth >= 30 m
MNMS,2016-09-01,0.673135268289733,0.7769150666215202,19,22,depth >= 30 m
MNMS,2016-10-01,0.9563390812717412,1.248431610790166,19,22,depth >= 30 m
MNMS,2016-11-01,0.5118817384282072,0.6414503428069028,19,22,depth >= 30 m
MNMS,2016-12-01,0.3418253921649127,0.4414675113829699,19,22,depth >= 30 m
MNMS,2017-01-01,0.6595432256806071,0.8119571398604999,19,22,depth >= 30 m
MNMS,2017-02-01,0.4186183398112462,0.4806715751236136,19,22,depth >= 30 m
MNMS,2017-03-01,0.3774076239119548,0.45780958235263824,19,22,depth >= 30 m
MNMS,2017-04-01,0.2284991785197177,0.2552394386042248,19,22,depth >= 30 m
MNMS,2017-05-01,0.36334433457959775,0.4395297860557382,19,22,depth >= 30 m
MNMS,2017-06-01,0.40847689286654654,0.44349319961937994,19,22,depth >= 30 m
MNMS,2017-07-01,0.2607754545093863,0.29919567568735644,19,22,depth >= 30 m
MNMS,2017-08-01,0.41422095667992215,0.44078558818860486,19,22,depth >= 30 m
MNMS,2017-09-01,0.8113412610219505,0.9327578219500456,19,22,depth >= 30 m
MNMS,2017-10-01,0.5108542874032135,0.6959952400489287,19,22,depth >= 30 m
MNMS,2017-11-01,0.7549018580897615,0.9124963297085328,19,22,depth >= 30 m
MNMS,2017-12-01,0.4283510225285124,0.5008578828789971,19,22,depth >= 30 m
MNMS,2018-01-01,0.7997995156038258,0.9233607175675306,19,22,depth >= 30 m
MNMS,2018-02-01,0.563681359838173,0.6283453567461534,19,22,depth >= 30 m
MNMS,2018-03-01,0.6503125076923568,0.808467911048369,19,22,depth >= 30 m
MNMS,2018-04-01,0.43852739725445367,0.5307357907295227,19,22,depth >= 30 m
MNMS,2018-05-01,0.22985485889375892,0.2858033918521621,19,22,depth >= 30 m
MNMS,2018-06-01,0.4199778952754874,0.4912257275798104,19,22,depth >= 30 m
MNMS,2018-07-01,0.3173407425597422,0.3711137900298293,19,22,depth >= 30 m
MNMS,2018-08-01,0.2759807913551141,0.3035363812338222,19,22,depth >= 30 m
MNMS,2018-09-01,0.4680967569871575,0.5879411101341248,19,22,depth >= 30 m
MNMS,2018-10-01,0.7329696991884374,0.8604165857488459,19,22,depth >= 30 m
MNMS,2018-11-01,0.5410595692683913,0.6875041912902484,19,22,depth >= 30 m
MNMS,2018-12-01,0.8900852385779735,1.0413348268378866,19,22,depth >= 30 m
MNMS,2019-01-01,1.588783105444605,1.796829719435085,19,22,depth >= 30 m
MNMS,2019-02-01,0.6267721901205112,0.7563119760968467,19,22,depth >= 30 m
MNMS,2019-03-01,0.3409560057887231,0.4098966243592176,19,22,depth >= 30 m
MNMS,2019-04-01,0.35547953733979615,0.3957031105052341,19,22,depth >= 30 m
MNMS,2019-05-01,0.24387085676806297,0.28636289455673913,19,22,depth >= 30 m
MNMS,2019-06-01,0.18211588395540115,0.20175797559998251,19,22,depth >= 30 m
MNMS,2019-07-01,0.1780978015860831,0.19456374780698257,19,22,depth >= 30 m
MNMS,2019-08-01,0.24384165278944023,0.28883533857085486,19,22,depth >= 30 m
MNMS,2019-09-01,0.7304028571448433,0.8038137582215396,19,22,depth >= 30 m
MNMS,2019-10-01,0.8044173140598146,0.9421694928949528,19,22,depth >= 30 m
MNMS,2019-11-01,0.5273234719738515,0.681312936273488,19,22,depth >= 30 m
MNMS,2019-12-01,0.4794740870251978,0.6269091340628539,19,22,depth >= 30 m
MNMS,2020-01-01,0.5405150904119751,0.684534102678299,19,22,depth >= 30 m
MNMS,2020-02-01,0.4750952583109917,0.5986804515123367,19,22,depth >= 30 m
MNMS,2020-03-01,0.7064042905210285,0.759993932463906,19,22,depth >= 30 m
MNMS,2020-04-01,0.5224334679181043,0.5824643508954481,19,22,depth >= 30 m
MNMS,2020-05-01,0.3953369342898133,0.43551941486922174,19,22,depth >= 30 m
MNMS,2020-06-01,0.3500526104110525,0.3980455324053764,19,22,depth >= 30 m
MNMS,2020-07-01,0.25082978708491965,0.2586177011782473,19,22,depth >= 30 m
MNMS,2020-08-01,0.3317163906126252,0.36930855295874854,19,22,depth >= 30 m
MNMS,2020-09-01,0.34677049184404696,0.43795028193430474,19,22,depth >= 30 m
MNMS,2020-10-01,0.3228187899945646,0.44228822263804346,19,22,depth >= 30 m
MNMS,2020-11-01,0.36270015330927735,0.4207248796116222,19,22,depth >= 30 m
MNMS,2020-12-01,0.4460741249452123,0.5358963825485923,19,22,depth >= 30 m
MNMS,2021-01-01,0.7863291221684632,0.9543889408761804,19,22,depth >= 30 m
MNMS,2021-02-01,1.2367032273697822,1.4282047152519226,19,22,depth >= 30 m
MNMS,2021-03-01,0.3909626293296701,0.4640567844564264,19,22,depth >= 30 m
MNMS,2021-04-01,0.5477137364128659,0.6341537711295214,19,22,depth >= 30 m
MNMS,2021-05-01,0.21713190283907205,0.2579153688116507,19,22,depth >= 30 m
MNMS,2021-06-01,0.1848012190103751,0.2163178331472657,19,22,depth >= 30 m
MNMS,2021-07-01,0.24909459308711596,0.27677367356690497,19,22,depth >= 30 m
MNMS,2021-08-01,0.1923443897063323,0.20749511976133697,19,22,depth >= 30 m
MNMS,2021-09-01,0.17915073073483692,0.21232292327013885,19,22,depth >= 30 m
MNMS,2021-10-01,0.6319751740244924,0.7519870495254344,19,22,depth >= 30 m
MNMS,2021-11-01,0.5353569818894254,0.6802991262891075,19,22,depth >= 30 m
MNMS,2021-12-01,0.3445261299923659,0.3838154930960048,19,22,depth >= 30 m
MNMS,2022-01-01,0.6621327630420283,0.8514165295795961,19,22,depth >= 30 m
MNMS,2022-02-01,0.3603364132008798,0.44473616372455255,19,22,depth >= 30 m
MNMS,2022-03-01,0.3421700378356091,0.3726714625954628,19,22,depth >= 30 m
MNMS,2022-04-01,0.2562712620935311,0.2660469643094323,19,22,depth >= 30 m
MNMS,2022-05-01,0.23930283822835824,0.29651184244589374,19,22,depth >= 30 m
MNMS,2022-06-01,0.12842615998267942,0.1502964472906156,19,22,depth >= 30 m
MNMS,2022-07-01,0.19455007688029147,0.23011994023214688,19,22,depth >= 30 m
MNMS,2022-08-01,0.2195208732569496,0.2311556576327844,19,22,depth >= 30 m
MNMS,2022-09-01,0.31975419099847663,0.39220313253727823,19,22,depth >= 30 m
MNMS,2022-10-01,0.37209813063258074,0.4683135124770078,19,22,depth >= 30 m
MNMS,2022-11-01,0.29246776253340706,0.38612173633141944,19,22,depth >= 30 m
MNMS,2022-12-01,0.5394216674155293,0.6676095222884959,19,22,depth >= 30 m
MNMS,2023-01-01,0.43880057648571513,0.5183901150118222,19,22,depth >= 30 m
MNMS,2023-02-01,0.4191606319149172,0.4847429462454535,19,22,depth >= 30 m
MNMS,2023-03-01,0.34816845695251236,0.4072806090116501,19,22,depth >= 30 m
MNMS,2023-04-01,0.1901149623064136,0.19739597223021768,19,22,depth >= 30 m
MNMS,2023-05-01,0.19403162819321887,0.2115983028303493,19,22,depth >= 30 m
MNMS,2023-06-01,0.1766278785334536,0.20223254507238217,19,22,depth >= 30 m
MNMS,2023-07-01,0.1333852606536609,0.14462276514280925,19,22,depth >= 30 m
MNMS,2023-08-01,0.18764540272293387,0.20181093161756344,19,22,depth >= 30 m
MNMS,2023-09-01,0.2948366952140765,0.40233468264341354,19,22,depth >= 30 m
MNMS,2023-10-01,0.3419797323529793,0.4414476975798607,19,22,depth >= 30 m
MNMS,2023-11-01,0.3767509101116503,0.5408000722527504,19,22,depth >= 30 m
MNMS,2023-12-01,0.5797222486203555,0.7503699226812883,19,22,depth >= 30 m
MNMS,2024-01-01,0.9251940278575324,1.080614505843683,19,22,depth >= 30 m
MNMS,2024-02-01,1.0715514470425922,1.2288868698206814,19,22,depth >= 30 m
MNMS,2024-03-01,0.7657394843526276,0.8572816347534007,19,22,depth >= 30 m
MNMS,2024-04-01,0.8798940716534271,0.9365905496207152,19,22,depth >= 30 m
MNMS,2024-05-01,0.5212115523499649,0.6015569303523411,19,22,depth >= 30 m
MNMS,2024-06-01,0.12710675328292137,0.1483190946958282,19,22,depth >= 30 m
MNMS,2024-07-01,0.16469794273357888,0.17809050597927786,19,22,depth >= 30 m
MNMS,2024-08-01,0.20987708787565315,0.24053840203718707,19,22,depth >= 30 m
MNMS,2024-09-01,0.33870086535499816,0.48907122286883264,19,22,depth >= 30 m
MNMS,2024-10-01,0.4910538281331524,0.6750350350683385,19,22,depth >= 30 m
MNMS,2024-11-01,0.4123846603179652,0.5280261568047784,19,22,depth >= 30 m
MNMS,2024-12-01,0.35202038115898204,0.39466409249739215,19,22,depth >= 30 m
MNMS,2025-01-01,0.4292120617604799,0.5024434111335061,19,22,depth >= 30 m
MNMS,2025-02-01,0.42447966201577503,0.5393657393076202,19,22,depth >= 30 m
MNMS,2025-03-01,0.358055442833396,0.3757167133417996,19,22,depth >= 30 m
MNMS,2025-04-01,0.3125167280834823,0.32914446971633216,19,22,depth >= 30 m
MNMS,2025-05-01,0.1968225383537765,0.22104460542852228,19,22,depth >= 30 m
MNMS,2025-06-01,0.21440413744578588,0.23334803161295975,19,22,depth >= 30 m
MNMS,2025-07-01,0.1699246463571644,0.17681007832288742,19,22,depth >= 30 m
MNMS,2025-08-01,0.6261968711899227,0.7200734398581765,19,22,depth >= 30 m
MNMS,2025-09-01,0.6722176284980255,0.8873222754760223,19,22,depth >= 30 m
MNMS,2025-10-01,0.7650115936380306,0.9366688619960436,19,22,depth >= 30 m
MNMS,2025-11-01,0.5013229884190933,0.602396004579284,19,22,depth >= 30 m
MNMS,2025-12-01,0.4221723730019325,0.5720899457281285,19,22,depth >= 30 m
MNMS,2026-01-01,0.44074709726942735,0.4983582456003536,19,22,depth >= 30 m
MNMS,2026-02-01,0.7793048988758212,0.9775449985807592,19,22,depth >= 30 m
MNMS,2026-03-01,0.4099454174448864,0.471749949184331,19,22,depth >= 30 m
MNMS,2026-04-01,0.21277303163985145,0.22687520560893143,19,22,depth >= 30 m
MNMS,2026-05-01,0.12825330124572878,0.14793681488795712,19,22,depth >= 30 m
MNMS,2026-06-01,0.134543081274062,0.1784397617659786,19,22,depth >= 30 m
SBNMS,1997-09-01,1.605560458251022,1.6301031805136623,133,136,depth >= 30 m
SBNMS,1997-10-01,1.2837740950147547,1.2936541520766096,134,137,depth >= 30 m
SBNMS,1997-11-01,1.156333991405279,1.168835700863469,134,137,depth >= 30 m
SBNMS,1997-12-01,0.9217894612476158,0.934856566199421,134,137,depth >= 30 m
SBNMS,1998-01-01,0.9363116564479668,0.9617632997297024,134,137,depth >= 30 m
SBNMS,1998-02-01,0.8994029841140625,0.9478387667314851,134,137,depth >= 30 m
SBNMS,1998-03-01,0.8651761205243887,0.9174685156258356,134,137,depth >= 30 m
SBNMS,1998-04-01,1.4378131149346192,1.4634619302993277,134,137,depth >= 30 m
SBNMS,1998-05-01,1.401363812507531,1.458672334677982,134,137,depth >= 30 m
SBNMS,1998-06-01,0.9478647406612196,0.9743333054284978,134,137,depth >= 30 m
SBNMS,1998-07-01,1.050134008708553,1.0595055888169005,134,137,depth >= 30 m
SBNMS,1998-08-01,1.2376136060654854,1.2606818280080812,134,137,depth >= 30 m
SBNMS,1998-09-01,0.8832938915458369,0.901213055544526,134,137,depth >= 30 m
SBNMS,1998-10-01,1.8403228767055633,1.888070759982088,134,137,depth >= 30 m
SBNMS,1998-11-01,1.1295497876868648,1.1360562430681105,134,137,depth >= 30 m
SBNMS,1998-12-01,1.9081297296143604,1.94916348213697,134,137,depth >= 30 m
SBNMS,1999-01-01,1.442371516472041,1.4733195156946668,134,137,depth >= 30 m
SBNMS,1999-02-01,1.9071763868977711,1.9968582396089596,134,137,depth >= 30 m
SBNMS,1999-03-01,1.8837318547050823,1.9189389874465277,134,137,depth >= 30 m
SBNMS,1999-04-01,2.898129215641555,2.960061725038682,134,137,depth >= 30 m
SBNMS,1999-05-01,0.995755422947014,1.0026979985898428,134,137,depth >= 30 m
SBNMS,1999-06-01,0.8075710976766252,0.8140351171911199,134,137,depth >= 30 m
SBNMS,1999-07-01,0.892817747179047,0.903364250259678,134,137,depth >= 30 m
SBNMS,1999-08-01,1.3451050171672412,1.3653253830262342,134,137,depth >= 30 m
SBNMS,1999-09-01,1.2816498140030907,1.3118726084702204,134,137,depth >= 30 m
SBNMS,1999-10-01,2.433328018957017,2.449208370960542,134,137,depth >= 30 m
SBNMS,1999-11-01,2.004081858383364,2.031251121611491,134,137,depth >= 30 m
SBNMS,1999-12-01,1.3953034235369792,1.416222303453153,134,137,depth >= 30 m
SBNMS,2000-01-01,1.002034295161686,1.0311000003431836,134,137,depth >= 30 m
SBNMS,2000-02-01,0.76681043004037,0.7754993708464349,134,137,depth >= 30 m
SBNMS,2000-03-01,1.537293017997272,1.609967612437088,134,137,depth >= 30 m
SBNMS,2000-04-01,3.621403548926644,3.827734536498131,134,137,depth >= 30 m
SBNMS,2000-05-01,1.5052168057497433,1.5195232916922463,134,137,depth >= 30 m
SBNMS,2000-06-01,1.2917714291088669,1.3225957825236077,134,137,depth >= 30 m
SBNMS,2000-07-01,1.2042528600356222,1.2828216887738588,134,137,depth >= 30 m
SBNMS,2000-08-01,1.9177810858136135,1.9890429886588217,134,137,depth >= 30 m
SBNMS,2000-09-01,2.4592960158486017,2.469934670594487,134,137,depth >= 30 m
SBNMS,2000-10-01,3.57375054870371,3.620878853066994,134,137,depth >= 30 m
SBNMS,2000-11-01,1.3276321459414964,1.384555357651119,134,137,depth >= 30 m
SBNMS,2000-12-01,1.329089459755866,1.361763142756302,134,137,depth >= 30 m
SBNMS,2001-01-01,1.0035631024158116,1.0386380770780743,134,137,depth >= 30 m
SBNMS,2001-02-01,1.2788643648323723,1.336004302884541,134,137,depth >= 30 m
SBNMS,2001-03-01,1.200664386625094,1.2380291928340048,134,137,depth >= 30 m
SBNMS,2001-04-01,1.151496200730706,1.2390580999590182,134,137,depth >= 30 m
SBNMS,2001-05-01,1.3165577304956115,1.3297137496245166,134,137,depth >= 30 m
SBNMS,2001-06-01,0.8506212471470832,0.870956332144076,134,137,depth >= 30 m
SBNMS,2001-07-01,1.2470530937034094,1.2553793709643566,134,137,depth >= 30 m
SBNMS,2001-08-01,1.3383286349716257,1.3664754676992874,134,137,depth >= 30 m
SBNMS,2001-09-01,1.7308472646295858,1.8065062095649056,134,137,depth >= 30 m
SBNMS,2001-10-01,1.9409035007285709,1.967815009346844,134,137,depth >= 30 m
SBNMS,2001-11-01,2.0197417388075096,2.053493960930483,134,137,depth >= 30 m
SBNMS,2001-12-01,2.245198267556511,2.3086234070088745,134,137,depth >= 30 m
SBNMS,2002-01-01,0.9368061819762032,0.9496745136532472,134,137,depth >= 30 m
SBNMS,2002-02-01,1.0780791466357291,1.1083189244687994,134,137,depth >= 30 m
SBNMS,2002-03-01,1.342308002575722,1.383625029212367,134,137,depth >= 30 m
SBNMS,2002-04-01,1.6694058031233816,1.710628564340355,134,137,depth >= 30 m
SBNMS,2002-05-01,1.4797689609980724,1.495400018065515,134,137,depth >= 30 m
SBNMS,2002-06-01,1.165074853915438,1.1825679149070796,134,137,depth >= 30 m
SBNMS,2002-07-01,1.4313862400894468,1.454987784371759,134,137,depth >= 30 m
SBNMS,2002-08-01,1.3772185508628203,1.3898880151066466,134,137,depth >= 30 m
SBNMS,2002-09-01,1.6871693223715256,1.7113838047876844,134,137,depth >= 30 m
SBNMS,2002-10-01,1.46066551865859,1.4785081748544733,134,137,depth >= 30 m
SBNMS,2002-11-01,1.5439853399016867,1.6792903855769303,134,137,depth >= 30 m
SBNMS,2002-12-01,1.066747231579493,1.0962539376133549,134,137,depth >= 30 m
SBNMS,2003-01-01,1.191152349049841,1.2038815721978238,134,137,depth >= 30 m
SBNMS,2003-02-01,1.297201719730333,1.4017487446757124,134,137,depth >= 30 m
SBNMS,2003-03-01,1.4303280476938227,1.5106732249259949,134,137,depth >= 30 m
SBNMS,2003-04-01,2.359933226834388,2.4203458310913866,134,137,depth >= 30 m
SBNMS,2003-05-01,1.9371164245737151,1.98097223260977,134,137,depth >= 30 m
SBNMS,2003-06-01,0.951514541602404,0.9711383729085435,134,137,depth >= 30 m
SBNMS,2003-07-01,0.9853503912312214,0.9937039104691388,134,137,depth >= 30 m
SBNMS,2003-08-01,1.0473560992908089,1.0603141923890496,134,137,depth >= 30 m
SBNMS,2003-09-01,1.056017114209615,1.0737886885656929,134,137,depth >= 30 m
SBNMS,2003-10-01,1.597812781146268,1.6150457319552014,134,137,depth >= 30 m
SBNMS,2003-11-01,1.5113430688559604,1.5933902829232878,134,137,depth >= 30 m
SBNMS,2003-12-01,1.3394990560137794,1.3960047007477197,134,137,depth >= 30 m
SBNMS,2004-01-01,1.3470544491188587,1.4527065462439603,134,137,depth >= 30 m
SBNMS,2004-02-01,0.959611913707006,0.9805122091822382,134,137,depth >= 30 m
SBNMS,2004-03-01,1.4637070626299995,1.5489334868688656,134,137,depth >= 30 m
SBNMS,2004-04-01,2.836883382703089,2.880848277224241,134,137,depth >= 30 m
SBNMS,2004-05-01,1.0514583220197309,1.061805878242437,134,137,depth >= 30 m
SBNMS,2004-06-01,0.8764385609698143,0.8977169250919872,134,137,depth >= 30 m
SBNMS,2004-07-01,0.7951896032372916,0.8072832344222243,134,137,depth >= 30 m
SBNMS,2004-08-01,0.9632992937247028,0.9787212436216592,134,137,depth >= 30 m
SBNMS,2004-09-01,1.003137708691202,1.0290027121557808,134,137,depth >= 30 m
SBNMS,2004-10-01,1.4019263378639344,1.4134654842153953,134,137,depth >= 30 m
SBNMS,2004-11-01,1.2033216811110323,1.2306039429058997,134,137,depth >= 30 m
SBNMS,2004-12-01,1.0640624011785824,1.0929139500116782,134,137,depth >= 30 m
SBNMS,2005-01-01,1.3917291174700337,1.441759930909985,134,137,depth >= 30 m
SBNMS,2005-02-01,1.1233176898628978,1.1778207691046445,134,137,depth >= 30 m
SBNMS,2005-03-01,1.578443930113176,1.7397517196453396,134,137,depth >= 30 m
SBNMS,2005-04-01,2.038576993829683,2.136678917564614,134,137,depth >= 30 m
SBNMS,2005-05-01,2.167489912886957,2.1951318674714027,134,137,depth >= 30 m
SBNMS,2005-06-01,1.4683860019888124,1.4843470101808982,134,137,depth >= 30 m
SBNMS,2005-07-01,1.164286992148605,1.1702943213664705,134,137,depth >= 30 m
SBNMS,2005-08-01,1.2577896109384463,1.2826092177934023,134,137,depth >= 30 m
SBNMS,2005-09-01,1.2959744057491007,1.324383338872534,134,137,depth >= 30 m
SBNMS,2005-10-01,1.672489174783219,1.7209292689379114,134,137,depth >= 30 m
SBNMS,2005-11-01,1.6754578037722607,1.682016521474741,134,137,depth >= 30 m
SBNMS,2005-12-01,1.2205033883749383,1.2306510070814705,134,137,depth >= 30 m
SBNMS,2006-01-01,1.172778336116022,1.178460448327726,134,137,depth >= 30 m
SBNMS,2006-02-01,1.1902192466075474,1.2053884937815424,134,137,depth >= 30 m
SBNMS,2006-03-01,1.238641776386885,1.3607808769184309,134,137,depth >= 30 m
SBNMS,2006-04-01,2.1976782520125244,2.318490907223555,134,137,depth >= 30 m
SBNMS,2006-05-01,2.559429071297124,2.590408678472477,134,137,depth >= 30 m
SBNMS,2006-06-01,1.2016913858077378,1.2296601481681324,134,137,depth >= 30 m
SBNMS,2006-07-01,1.1257475599783164,1.133063405969717,134,137,depth >= 30 m
SBNMS,2006-08-01,1.22024383028712,1.236414947648988,134,137,depth >= 30 m
SBNMS,2006-09-01,1.108164032166733,1.1202129051633123,134,137,depth >= 30 m
SBNMS,2006-10-01,1.421145803533122,1.4279669749475743,134,137,depth >= 30 m
SBNMS,2006-11-01,1.598211438242948,1.6349810374914295,134,137,depth >= 30 m
SBNMS,2006-12-01,1.7048737227347504,1.7249744469231931,134,137,depth >= 30 m
SBNMS,2007-01-01,1.172479070597697,1.190885440276487,134,137,depth >= 30 m
SBNMS,2007-02-01,1.019928645083055,1.0686805035076,134,137,depth >= 30 m
SBNMS,2007-03-01,1.3016635416306783,1.4099707747027823,134,137,depth >= 30 m
SBNMS,2007-04-01,2.8988997357835737,3.1405852763322155,134,137,depth >= 30 m
SBNMS,2007-05-01,1.7692837495762308,1.8238809247956655,134,137,depth >= 30 m
SBNMS,2007-06-01,0.9045341971585564,0.94278184775888485,134,137,depth >= 30 m
SBNMS,2007-07-01,0.8633012947240688,0.8781524378887928,134,137,depth >= 30 m
SBNMS,2007-08-01,1.0013892620121596,1.019590654947462,134,137,depth >= 30 m
SBNMS,2007-09-01,1.2560258689722732,1.2775179852534384,134,137,depth >= 30 m
SBNMS,2007-10-01,1.76421775432759,1.8022067442427585,134,137,depth >= 30 m
SBNMS,2007-11-01,1.1876018338780046,1.2077420523566924,134,137,depth >= 30 m
SBNMS,2007-12-01,0.8893104402543008,0.9007238149642944,134,137,depth >= 30 m
SBNMS,2008-01-01,1.0460025257911971,1.0746746237260585,134,137,depth >= 30 m
SBNMS,2008-02-01,0.9299198294665776,0.9376458912870308,134,137,depth >= 30 m
SBNMS,2008-03-01,1.3906274763161854,1.4641417412862292,134,137,depth >= 30 m
SBNMS,2008-04-01,2.5431391068850955,2.5889806547304146,134,137,depth >= 30 m
SBNMS,2008-05-01,1.444941266426632,1.4757026142447536,134,137,depth >= 30 m
SBNMS,2008-06-01,1.0613296308740705,1.075548728452112,134,137,depth >= 30 m
SBNMS,2008-07-01,1.0035609797089036,1.0207726794437773,134,137,depth >= 30 m
SBNMS,2008-08-01,1.37275614498343,1.3999367378053875,134,137,depth >= 30 m
SBNMS,2008-09-01,1.596971544252692,1.6101216182221465,134,137,depth >= 30 m
SBNMS,2008-10-01,1.9369957551270571,1.9612418613294615,134,137,depth >= 30 m
SBNMS,2008-11-01,1.7900438197476838,1.803515958089898,134,137,depth >= 30 m
SBNMS,2008-12-01,1.4091699817187815,1.4273311835135858,134,137,depth >= 30 m
SBNMS,2009-01-01,0.9620968082893436,0.9738163291102776,134,137,depth >= 30 m
SBNMS,2009-02-01,0.7252746292491031,0.7318001876782326,134,137,depth >= 30 m
SBNMS,2009-03-01,0.957394560294954,0.970779544680658,134,137,depth >= 30 m
SBNMS,2009-04-01,4.496446683298758,4.518439296388277,134,137,depth >= 30 m
SBNMS,2009-05-01,1.2180041922504783,1.2251771731968344,134,137,depth >= 30 m
SBNMS,2009-06-01,0.9405146889039828,0.9526726359868573,134,137,depth >= 30 m
SBNMS,2009-07-01,1.6103657106454514,1.6238959549117264,134,137,depth >= 30 m
SBNMS,2009-08-01,1.149114878615478,1.1594149709618005,134,137,depth >= 30 m
SBNMS,2009-09-01,1.6056552854672157,1.6172772080358797,134,137,depth >= 30 m
SBNMS,2009-10-01,1.7698990930207144,1.8059768842084567,134,137,depth >= 30 m
SBNMS,2009-11-01,1.836715392122671,1.8410970085728775,134,137,depth >= 30 m
SBNMS,2009-12-01,1.2807238174138194,1.3239328421815468,134,137,depth >= 30 m
SBNMS,2010-01-01,1.0504852851224815,1.1155346788629128,134,137,depth >= 30 m
SBNMS,2010-02-01,1.128720153869978,1.2385906498797623,134,137,depth >= 30 m
SBNMS,2010-03-01,1.8642957033540335,1.9731402688652928,134,137,depth >= 30 m
SBNMS,2010-04-01,2.2172677159371097,2.2349950771262175,134,137,depth >= 30 m
SBNMS,2010-05-01,1.0735018937172962,1.0864766914479054,134,137,depth >= 30 m
SBNMS,2010-06-01,0.9344498196911653,0.9500363029702736,134,137,depth >= 30 m
SBNMS,2010-07-01,0.9201515728548548,0.9301177298065518,134,137,depth >= 30 m
SBNMS,2010-08-01,1.2556164481063583,1.2839116567242757,134,137,depth >= 30 m
SBNMS,2010-09-01,1.3566211919101674,1.365349632110039,134,137,depth >= 30 m
SBNMS,2010-10-01,2.1492024768185143,2.1546859271334906,134,137,depth >= 30 m
SBNMS,2010-11-01,1.7996457472709884,1.844176616111811,134,137,depth >= 30 m
SBNMS,2010-12-01,1.3267818263456468,1.3721234411218743,134,137,depth >= 30 m
SBNMS,2011-01-01,1.3539299794303177,1.397654530775808,134,137,depth >= 30 m
SBNMS,2011-02-01,1.0403445632076227,1.073399593795303,134,137,depth >= 30 m
SBNMS,2011-03-01,1.466896062515336,1.5619979918438152,134,137,depth >= 30 m
SBNMS,2011-04-01,1.4258907438014043,1.444626851673544,134,137,depth >= 30 m
SBNMS,2011-05-01,1.42968174281593,1.4430628292752008,134,137,depth >= 30 m
SBNMS,2011-06-01,1.2396389978842626,1.2507744666433682,134,137,depth >= 30 m
SBNMS,2011-07-01,0.948686673318753,0.9604655282340782,134,137,depth >= 30 m
SBNMS,2011-08-01,1.0832142162987557,1.0918913731609818,134,137,depth >= 30 m
SBNMS,2011-09-01,1.479353125474357,1.496863122404057,134,137,depth >= 30 m
SBNMS,2011-10-01,2.1119633434950127,2.11689808072835,134,137,depth >= 30 m
SBNMS,2011-11-01,2.30057844144255,2.302432987811792,134,137,depth >= 30 m
SBNMS,2011-12-01,1.445960353883874,1.4565872980730377,134,137,depth >= 30 m
SBNMS,2012-01-01,1.1454892317714618,1.1669558356278134,134,137,depth >= 30 m
SBNMS,2012-02-01,1.2089064938538905,1.2388061363331593,134,137,depth >= 30 m
SBNMS,2012-03-01,3.2377961603870555,3.2816471461832086,134,137,depth >= 30 m
SBNMS,2012-04-01,2.4972587943803246,2.537053503259255,134,137,depth >= 30 m
SBNMS,2012-05-01,0.91071400164718,0.9169997886149552,134,137,depth >= 30 m
SBNMS,2012-06-01,1.0708491452849,1.0815937475566446,134,137,depth >= 30 m
SBNMS,2012-07-01,1.1053064442116918,1.1127535048192434,134,137,depth >= 30 m
SBNMS,2012-08-01,1.128122548039668,1.1373009002991836,134,137,depth >= 30 m
SBNMS,2012-09-01,1.2124476875158907,1.228373867751908,134,137,depth >= 30 m
SBNMS,2012-10-01,2.1604486831992733,2.2177544266638094,134,137,depth >= 30 m
SBNMS,2012-11-01,1.922468640834666,1.9439644761329151,134,137,depth >= 30 m
SBNMS,2012-12-01,2.1742078461572505,2.2124854265338314,134,137,depth >= 30 m
SBNMS,2013-01-01,1.566414433771912,1.5999105194189254,134,137,depth >= 30 m
SBNMS,2013-02-01,1.42367736364453,1.450004476700386,134,137,depth >= 30 m
SBNMS,2013-03-01,0.984154403798896,1.0274224868656074,134,137,depth >= 30 m
SBNMS,2013-04-01,0.9215264436313236,0.9459052773287696,134,137,depth >= 30 m
SBNMS,2013-05-01,1.1590673942018443,1.1802581714017546,134,137,depth >= 30 m
SBNMS,2013-06-01,1.0733528379666553,1.104211113313689,134,137,depth >= 30 m
SBNMS,2013-07-01,1.1161410791413262,1.1386853687084504,134,137,depth >= 30 m
SBNMS,2013-08-01,1.489461016496668,1.5047878018260874,134,137,depth >= 30 m
SBNMS,2013-09-01,1.9544093554805635,1.968433859574534,134,137,depth >= 30 m
SBNMS,2013-10-01,2.356612945070194,2.3766247155892586,134,137,depth >= 30 m
SBNMS,2013-11-01,2.7760842105524857,2.786699883259126,134,137,depth >= 30 m
SBNMS,2013-12-01,1.4151021944024813,1.448014838852152,134,137,depth >= 30 m
SBNMS,2014-01-01,1.4630932980657931,1.484242884782109,134,137,depth >= 30 m
SBNMS,2014-02-01,1.1143490959717608,1.1394574424646196,134,137,depth >= 30 m
SBNMS,2014-03-01,0.8168882056826595,0.8650484398333695,134,137,depth >= 30 m
SBNMS,2014-04-01,2.636970146865107,2.6440303899946,134,137,depth >= 30 m
SBNMS,2014-05-01,1.2105492772684727,1.2231529637844891,134,137,depth >= 30 m
SBNMS,2014-06-01,1.0381339764112203,1.047459391346813,134,137,depth >= 30 m
SBNMS,2014-07-01,0.8860936186143399,0.8987480897973054,134,137,depth >= 30 m
SBNMS,2014-08-01,0.9914628135921018,1.022533557275786,134,137,depth >= 30 m
SBNMS,2014-09-01,1.4627559285966465,1.4839307161143227,134,137,depth >= 30 m
SBNMS,2014-10-01,1.8110668852893907,1.8218114689318805,134,137,depth >= 30 m
SBNMS,2014-11-01,1.3685789934886434,1.3932228558254938,134,137,depth >= 30 m
SBNMS,2014-12-01,1.3698760964575718,1.4004825349271737,134,137,depth >= 30 m
SBNMS,2015-01-01,1.663604623389264,1.6959157190183651,134,137,depth >= 30 m
SBNMS,2015-02-01,1.3607136958679036,1.4133468944660932,134,137,depth >= 30 m
SBNMS,2015-03-01,0.9427633258118108,1.0091783939486874,134,137,depth >= 30 m
SBNMS,2015-04-01,0.8058150191950121,0.8616585344293693,134,137,depth >= 30 m
SBNMS,2015-05-01,1.4299698508222356,1.432970490768878,134,137,depth >= 30 m
SBNMS,2015-06-01,0.8119282929259768,0.8196462666901358,134,137,depth >= 30 m
SBNMS,2015-07-01,0.9041317841001112,0.9177442675959456,134,137,depth >= 30 m
SBNMS,2015-08-01,0.9444642681361156,0.9494494225857032,134,137,depth >= 30 m
SBNMS,2015-09-01,1.1109987984593226,1.123469124310208,134,137,depth >= 30 m
SBNMS,2015-10-01,2.2951330565268617,2.335231317220813,134,137,depth >= 30 m
SBNMS,2015-11-01,2.1223203985174135,2.1300874583042453,134,137,depth >= 30 m
SBNMS,2015-12-01,2.567676069358473,2.6554229450921936,134,137,depth >= 30 m
SBNMS,2016-01-01,1.741849376384615,1.7552530408775715,134,137,depth >= 30 m
SBNMS,2016-02-01,1.5841366236915857,1.601564862432271,134,137,depth >= 30 m
SBNMS,2016-03-01,1.2766062099058135,1.2923302728764332,134,137,depth >= 30 m
SBNMS,2016-04-01,1.312376569313852,1.3267111456307183,134,137,depth >= 30 m
SBNMS,2016-05-01,1.113098492456509,1.122169631676082,134,137,depth >= 30 m
SBNMS,2016-06-01,0.8628112339930191,0.8676470287524871,134,137,depth >= 30 m
SBNMS,2016-07-01,0.8599650047593266,0.8733311682721996,134,137,depth >= 30 m
SBNMS,2016-08-01,1.0503975475740763,1.0605902684866078,134,137,depth >= 30 m
SBNMS,2016-09-01,1.8396117882614007,1.873716416150114,134,137,depth >= 30 m
SBNMS,2016-10-01,1.4973365455027503,1.5260360897892582,134,137,depth >= 30 m
SBNMS,2016-11-01,1.9164066727310507,1.9501351031073688,134,137,depth >= 30 m
SBNMS,2016-12-01,1.6556846298434649,1.8049670810246985,134,137,depth >= 30 m
SBNMS,2017-01-01,1.214981705784886,1.226584742974191,134,137,depth >= 30 m
SBNMS,2017-02-01,1.214544502724655,1.2349699035178134,134,137,depth >= 30 m
SBNMS,2017-03-01,1.1874819326497812,1.217998622977821,134,137,depth >= 30 m
SBNMS,2017-04-01,1.502273925077683,1.5081603422652194,134,137,depth >= 30 m
SBNMS,2017-05-01,1.546720545610881,1.610427452264911,134,137,depth >= 30 m
SBNMS,2017-06-01,1.1615369179615622,1.182253183239568,134,137,depth >= 30 m
SBNMS,2017-07-01,0.8135141494937287,0.8278099250619428,134,137,depth >= 30 m
SBNMS,2017-08-01,0.904876386768514,0.9206403493881226,134,137,depth >= 30 m
SBNMS,2017-09-01,1.1894269166361828,1.2382547233226524,134,137,depth >= 30 m
SBNMS,2017-10-01,2.1655846799344243,2.201213423353042,134,137,depth >= 30 m
SBNMS,2017-11-01,2.311705993119286,2.3354806665086394,134,137,depth >= 30 m
SBNMS,2017-12-01,1.5147266434798468,1.5236624818648736,134,137,depth >= 30 m
SBNMS,2018-01-01,1.3098629474324666,1.3328634622323254,134,137,depth >= 30 m
SBNMS,2018-02-01,1.7644347089942176,1.800027095488388,134,137,depth >= 30 m
SBNMS,2018-03-01,1.443029676751402,1.4682621024820928,134,137,depth >= 30 m
SBNMS,2018-04-01,1.5259623021380773,1.559563167338824,134,137,depth >= 30 m
SBNMS,2018-05-01,0.9329905749806549,0.9497049250741944,134,137,depth >= 30 m
SBNMS,2018-06-01,1.1081564554804728,1.1202051530789283,134,137,depth >= 30 m
SBNMS,2018-07-01,0.8931825859628354,0.9059807201371576,134,137,depth >= 30 m
SBNMS,2018-08-01,0.9870462654212412,1.0152111223144251,134,137,depth >= 30 m
SBNMS,2018-09-01,1.1533237138117145,1.216850644480573,134,137,depth >= 30 m
SBNMS,2018-10-01,2.155937489661996,2.1975230265707864,134,137,depth >= 30 m
SBNMS,2018-11-01,1.6843158920474832,1.70935787684726,134,137,depth >= 30 m
SBNMS,2018-12-01,1.7168944135044222,1.7361664528394265,134,137,depth >= 30 m
SBNMS,2019-01-01,1.404758936192592,1.4330565650967784,134,137,depth >= 30 m
SBNMS,2019-02-01,0.9711200948120278,1.0336569652070091,134,137,depth >= 30 m
SBNMS,2019-03-01,0.6434577162237275,0.6556648250913968,134,137,depth >= 30 m
SBNMS,2019-04-01,1.087429153162188,1.144349903955947,134,137,depth >= 30 m
SBNMS,2019-05-01,1.5317819531643155,1.54967891734882,134,137,depth >= 30 m
SBNMS,2019-06-01,1.1749892807033688,1.187214923601081,134,137,depth >= 30 m
SBNMS,2019-07-01,1.001132836109911,1.0270994975619072,134,137,depth >= 30 m
SBNMS,2019-08-01,1.2232484650186144,1.254479087182205,134,137,depth >= 30 m
SBNMS,2019-09-01,1.6509189790024366,1.740790835697285,134,137,depth >= 30 m
SBNMS,2019-10-01,2.2317823276897832,2.2645633986396505,134,137,depth >= 30 m
SBNMS,2019-11-01,1.6659853762714172,1.6729429707910022,134,137,depth >= 30 m
SBNMS,2019-12-01,1.2284032912078338,1.2609184893378371,134,137,depth >= 30 m
SBNMS,2020-01-01,1.136896811906983,1.1518940786375618,134,137,depth >= 30 m
SBNMS,2020-02-01,1.4072433193232732,1.45995376666967,134,137,depth >= 30 m
SBNMS,2020-03-01,1.7805540643240356,1.8435741767396023,134,137,depth >= 30 m
SBNMS,2020-04-01,1.5445856049049116,1.5785021294642538,134,137,depth >= 30 m
SBNMS,2020-05-01,1.1782191839955058,1.1864375180571622,134,137,depth >= 30 m
SBNMS,2020-06-01,0.9621993203499174,0.9673219001206168,134,137,depth >= 30 m
SBNMS,2020-07-01,0.910118526414393,0.9146507512914004,134,137,depth >= 30 m
SBNMS,2020-08-01,1.069045861328299,1.1038244518920457,134,137,depth >= 30 m
SBNMS,2020-09-01,0.6534918791340716,0.6631921072945979,134,137,depth >= 30 m
SBNMS,2020-10-01,1.1132370288963926,1.1260780953142764,134,137,depth >= 30 m
SBNMS,2020-11-01,1.8357666373042711,1.84966901706083,134,137,depth >= 30 m
SBNMS,2020-12-01,2.087398865869626,2.09650663650819,134,137,depth >= 30 m
SBNMS,2021-01-01,1.653463353052883,1.6700041929300682,134,137,depth >= 30 m
SBNMS,2021-02-01,1.1975959766457775,1.2259977616532876,134,137,depth >= 30 m
SBNMS,2021-03-01,1.617840941941053,1.63921231161939,134,137,depth >= 30 m
SBNMS,2021-04-01,1.052022578168209,1.0943669185151148,134,137,depth >= 30 m
SBNMS,2021-05-01,1.2754141557535217,1.2986088456028568,134,137,depth >= 30 m
SBNMS,2021-06-01,0.8531660031311099,0.8665111204133418,134,137,depth >= 30 m
SBNMS,2021-07-01,1.5247727277254208,1.5944310587688084,134,137,depth >= 30 m
SBNMS,2021-08-01,1.1305366613568817,1.18622293045921,134,137,depth >= 30 m
SBNMS,2021-09-01,1.351171393637842,1.3757426995430548,134,137,depth >= 30 m
SBNMS,2021-10-01,2.4329052516670213,2.453358006303328,134,137,depth >= 30 m
SBNMS,2021-11-01,2.217884709555613,2.285231253526507,134,137,depth >= 30 m
SBNMS,2021-12-01,1.535571621715004,1.558798990980552,134,137,depth >= 30 m
SBNMS,2022-01-01,1.856962141161303,1.8772445055690123,134,137,depth >= 30 m
SBNMS,2022-02-01,0.7964465396263091,0.8017295590282356,134,137,depth >= 30 m
SBNMS,2022-03-01,1.4808433585461918,1.49143277119546,134,137,depth >= 30 m
SBNMS,2022-04-01,2.1710912604542165,2.2092657767943225,134,137,depth >= 30 m
SBNMS,2022-05-01,1.46065834744408,1.475015276539935,134,137,depth >= 30 m
SBNMS,2022-06-01,0.779117771877555,0.7936382885396916,134,137,depth >= 30 m
SBNMS,2022-07-01,0.8627401992763759,0.8769074495691451,134,137,depth >= 30 m
SBNMS,2022-08-01,1.4011346402955296,1.4151146316180263,134,137,depth >= 30 m
SBNMS,2022-09-01,1.8297068741554885,1.8451270274002187,134,137,depth >= 30 m
SBNMS,2022-10-01,2.545569608042854,2.560032630488821,134,137,depth >= 30 m
SBNMS,2022-11-01,2.422481967920488,2.428444657012494,134,137,depth >= 30 m
SBNMS,2022-12-01,1.6514987284536666,1.6627067214381086,134,137,depth >= 30 m
SBNMS,2023-01-01,1.9960020041420672,2.015294460484581,134,137,depth >= 30 m
SBNMS,2023-02-01,1.5428760784876236,1.612908571305936,134,137,depth >= 30 m
SBNMS,2023-03-01,1.1999481461541457,1.2296409258877277,134,137,depth >= 30 m
SBNMS,2023-04-01,3.2978551092814383,3.3416456636721192,134,137,depth >= 30 m
SBNMS,2023-05-01,3.5148517459026833,3.5569556333722856,134,137,depth >= 30 m
SBNMS,2023-06-01,3.0497967412263036,3.0557621030041773,134,137,depth >= 30 m
SBNMS,2023-07-01,2.954233223736836,3.048127840035155,134,137,depth >= 30 m
SBNMS,2023-08-01,2.0028083397856355,2.0060724576894384,134,137,depth >= 30 m
SBNMS,2023-09-01,1.61361662574624,1.6307451620589208,134,137,depth >= 30 m
SBNMS,2023-10-01,2.589489329545663,2.6011074407257304,134,137,depth >= 30 m
SBNMS,2023-11-01,2.666854170569672,2.698840379714966,134,137,depth >= 30 m
SBNMS,2023-12-01,2.087734971620052,2.1205575936032037,134,137,depth >= 30 m
SBNMS,2024-01-01,1.875646337017138,1.9256081380983336,134,137,depth >= 30 m
SBNMS,2024-02-01,1.5616446602509166,1.6044586770725946,134,137,depth >= 30 m
SBNMS,2024-03-01,1.5196552709334104,1.5562198810333752,134,137,depth >= 30 m
SBNMS,2024-04-01,1.9471173524113148,1.9505438595792677,134,137,depth >= 30 m
SBNMS,2024-05-01,0.877018916534424,0.8811946702699591,134,137,depth >= 30 m
SBNMS,2024-06-01,1.1453158053998993,1.1600280778251426,134,137,depth >= 30 m
SBNMS,2024-07-01,1.1100170664753386,1.1602995286892808,134,137,depth >= 30 m
SBNMS,2024-08-01,1.0309291859322127,1.0436235392180673,134,137,depth >= 30 m
SBNMS,2024-09-01,1.3690223557328924,1.3896544362506726,134,137,depth >= 30 m
SBNMS,2024-10-01,2.5128930353771213,2.5268885863088344,134,137,depth >= 30 m
SBNMS,2024-11-01,1.671211748280855,1.700782994284247,134,137,depth >= 30 m
SBNMS,2024-12-01,1.3294195490113725,1.3711165111430377,134,137,depth >= 30 m
SBNMS,2025-01-01,0.9970896014671398,1.063324637656664,134,137,depth >= 30 m
SBNMS,2025-02-01,0.9877486158595532,1.0550281535970032,134,137,depth >= 30 m
SBNMS,2025-03-01,1.0637278100970748,1.1119004997023698,134,137,depth >= 30 m
SBNMS,2025-04-01,1.3670807064001134,1.377024591404156,134,137,depth >= 30 m
SBNMS,2025-05-01,1.1955801681408802,1.2290372644027654,134,137,depth >= 30 m
SBNMS,2025-06-01,1.2845120238222665,1.2900966723469922,134,137,depth >= 30 m
SBNMS,2025-07-01,1.066683605511609,1.0722931079620863,134,137,depth >= 30 m
SBNMS,2025-08-01,1.2240294020186098,1.2389749249402624,134,137,depth >= 30 m
SBNMS,2025-09-01,1.5057630167378964,1.5254265209184077,134,137,depth >= 30 m
SBNMS,2025-10-01,1.97188360830208,2.052278808433644,134,137,depth >= 30 m
SBNMS,2025-11-01,1.9372859435129857,2.0480996431225407,134,137,depth >= 30 m
SBNMS,2025-12-01,1.2243599838675012,1.2828353408479336,134,137,depth >= 30 m
SBNMS,2026-01-01,1.2648357574474025,1.2941480818456104,134,137,depth >= 30 m
SBNMS,2026-02-01,1.165876233832448,1.187201355495592,134,137,depth >= 30 m
SBNMS,2026-03-01,1.0105911371910277,1.0225266005000928,134,137,depth >= 30 m
SBNMS,2026-04-01,1.4432502202814286,1.4680118473776933,134,137,depth >= 30 m
SBNMS,2026-05-01,0.8225529551193848,0.8441259921902289,134,137,depth >= 30 m
SBNMS,2026-06-01,0.9260815539072982,0.9407534755929544,134,137,depth >= 30 m
