{
"type": "FeatureCollection",
"name": "chnms_designated",
"crs": { "type": "name", "properties": { "name": "urn:ogc:def:crs:OGC:1.3:CRS84" } },
"features": [
{ "type": "Feature", "properties": { "sanctuary": "Chumash Heritage (designated 2024)", "nms": "CPNMS" }, "geometry": { "type": "Polygon", "coordinates": [ [ [ -120.8217328, 35.1923112 ], [ -120.821712, 35.1923098 ], [ -120.8216999, 35.1922956 ], [ -120.8216999, 35.1922817 ], [ -120.821717299999975, 35.1922687 ], [ -120.8217331, 35.1922709 ], [ -120.8217332, 35.1918702 ], [ -120.821728900000011, 35.1918705 ], [ -120.821721399999987, 35.1918629 ], [ -120.8217196, 35.1918505 ], [ -120.821728799999988, 35.1918405 ], [ -120.8217332, 35.1918423 ], [ -120.82173, 35.01394 ], [ -121.1455, 35.01394 ], [ -121.58238, 35.01394 ], [ -121.6251819, 34.9325892 ], [ -121.6996576, 34.7895234 ], [ -121.7050018, 34.7622683 ], [ -121.7033985, 34.7414261 ], [ -121.6953823, 34.7248593 ], [ -121.6804187, 34.7072236 ], [ -121.666524, 34.6901223 ], [ -121.6563701, 34.6783652 ], [ -121.6376258, 34.6597751 ], [ -121.623778299999984, 34.6428503 ], [ -121.5901027, 34.5944622 ], [ -121.5794144, 34.5794986 ], [ -121.561778800000013, 34.5404864 ], [ -121.527041900000015, 34.4528424 ], [ -121.516814, 34.4182124 ], [ -121.5106595, 34.379747 ], [ -121.5060437, 34.3212796 ], [ -121.496812, 34.2689667 ], [ -121.4921961, 34.2104993 ], [ -121.491112500000014, 34.1693214 ], [ -121.409252, 34.0846691 ], [ -121.409021599999988, 33.910051 ], [ -121.349584299999989, 33.8513715 ], [ -121.2132004, 33.8318403 ], [ -120.9054967, 33.8237723 ], [ -120.8508116, 33.87643 ], [ -120.7302264, 34.0746444 ], [ -120.64208, 34.10208 ], [ -120.600406799999988, 34.1818399 ], [ -120.539876299999989, 34.2048579 ], [ -120.4167083, 34.279792 ], [ -120.375597, 34.3048037 ], [ -120.326906600000015, 34.3374422 ], [ -120.2677466, 34.3868916 ], [ -120.251401, 34.4173498 ], [ -120.2511773, 34.4173636 ], [ -120.250953599999988, 34.4173777 ], [ -120.25073, 34.4173928 ], [ -120.2480072, 34.4175793 ], [ -120.247780299999988, 34.417575899999989 ], [ -120.2475535, 34.4175735 ], [ -120.2473265, 34.4175715 ], [ -120.2470996, 34.4175705 ], [ -120.246872700000011, 34.41757 ], [ -120.2466458, 34.4175703 ], [ -120.2464189, 34.4175712 ], [ -120.246192, 34.417573 ], [ -120.2459651, 34.4175753 ], [ -120.2457382, 34.4175785 ], [ -120.245511299999976, 34.4175822 ], [ -120.2452845, 34.4175868 ], [ -120.2450577, 34.4175919 ], [ -120.2448309, 34.4175979 ], [ -120.244604099999989, 34.4176044 ], [ -120.2443774, 34.4176119 ], [ -120.244150600000012, 34.4176198 ], [ -120.243924, 34.4176286 ], [ -120.2436973, 34.417638 ], [ -120.2434708, 34.4176482 ], [ -120.2432442, 34.417659 ], [ -120.24301770000001, 34.4176706 ], [ -120.2427913, 34.4176828 ], [ -120.2425649, 34.4176959 ], [ -120.2423386, 34.4177094 ], [ -120.2421124, 34.4177239 ], [ -120.2418862, 34.4177389 ], [ -120.2416601, 34.4177548 ], [ -120.241434, 34.4177711 ], [ -120.2412081, 34.4177884 ], [ -120.2409822, 34.4178062 ], [ -120.2407564, 34.4178249 ], [ -120.2405436, 34.4178413 ], [ -120.240330899999989, 34.4178586 ], [ -120.2401183, 34.4178762 ], [ -120.239905799999988, 34.4178948 ], [ -120.2396933, 34.4179137 ], [ -120.2394809, 34.417933399999988 ], [ -120.239268599999988, 34.4179536 ], [ -120.2390564, 34.4179745 ], [ -120.238844300000011, 34.4179959 ], [ -120.2386323, 34.4180182 ], [ -120.2384203, 34.4180408 ], [ -120.2382085, 34.4180643 ], [ -120.237979700000011, 34.4180685 ], [ -120.2377509, 34.4180734 ], [ -120.2375222, 34.4180792 ], [ -120.2372935, 34.4180855 ], [ -120.2370648, 34.4180928 ], [ -120.2368362, 34.4181005 ], [ -120.236607600000013, 34.4181092 ], [ -120.236379, 34.4181183 ], [ -120.23615049999998, 34.4181284 ], [ -120.235922, 34.418139 ], [ -120.235693599999976, 34.4181506 ], [ -120.2354652, 34.4181626 ], [ -120.2352369, 34.4181756 ], [ -120.2350087, 34.4181891 ], [ -120.234780500000014, 34.4182035 ], [ -120.234552299999976, 34.4182184 ], [ -120.2343243, 34.4182342 ], [ -120.2340963, 34.4182505 ], [ -120.2338684, 34.4182678 ], [ -120.2336406, 34.4182855 ], [ -120.2334129, 34.4183043 ], [ -120.2331852, 34.4183234 ], [ -120.2329577, 34.4183436 ], [ -120.2327302, 34.4183642 ], [ -120.2325028, 34.4183858 ], [ -120.2322755, 34.4184078 ], [ -120.2320484, 34.4184308 ], [ -120.2320127, 34.418434 ], [ -120.231977, 34.4184374 ], [ -120.231941400000011, 34.4184407 ], [ -120.231764899999988, 34.4184573 ], [ -120.2315886, 34.4184745 ], [ -120.231412400000011, 34.4184919 ], [ -120.2312362, 34.41851 ], [ -120.230186800000013, 34.4186183 ], [ -120.229963900000016, 34.4186415 ], [ -120.2297411, 34.4186657 ], [ -120.229518399999989, 34.4186903 ], [ -120.2292958, 34.4187158 ], [ -120.2290733, 34.4187418 ], [ -120.228851, 34.4187687 ], [ -120.22862880000001, 34.418796 ], [ -120.2284067, 34.4188243 ], [ -120.228184700000014, 34.418853 ], [ -120.2279629, 34.4188826 ], [ -120.2277412, 34.4189127 ], [ -120.2275196, 34.4189437 ], [ -120.2272982, 34.4189752 ], [ -120.2270769, 34.4190075 ], [ -120.2268558, 34.4190404 ], [ -120.226634800000014, 34.4190741 ], [ -120.2264139, 34.4191083 ], [ -120.2261933, 34.4191433 ], [ -120.225972700000014, 34.4191789 ], [ -120.2257524, 34.4192153 ], [ -120.225532199999989, 34.4192522 ], [ -120.2253122, 34.41929 ], [ -120.2250923, 34.4193283 ], [ -120.2248726, 34.4193674 ], [ -120.2246531, 34.419407 ], [ -120.224433800000014, 34.4194475 ], [ -120.224214599999982, 34.4194885 ], [ -120.223995699999989, 34.4195303 ], [ -120.2237769, 34.4195726 ], [ -120.2235583, 34.4196158 ], [ -120.2233399, 34.4196595 ], [ -120.223121800000015, 34.419704 ], [ -120.222903699999989, 34.419749 ], [ -120.222686, 34.4197949 ], [ -120.222468400000011, 34.4198412 ], [ -120.222251, 34.4198885 ], [ -120.222033799999977, 34.4199361 ], [ -120.2218169, 34.4199847 ], [ -120.221600199999983, 34.4200337 ], [ -120.2213837, 34.4200836 ], [ -120.2211674, 34.420134 ], [ -120.2209514, 34.4201852 ], [ -120.2207355, 34.4202369 ], [ -120.22052, 34.4202894 ], [ -120.2203046, 34.4203424 ], [ -120.220089500000014, 34.4203963 ], [ -120.2198746, 34.4204507 ], [ -120.2196601, 34.4205059 ], [ -120.2194457, 34.4205615 ], [ -120.2192316, 34.4206181 ], [ -120.2169759, 34.4205465 ], [ -120.212334500000011, 34.4203674 ], [ -120.212115199999985, 34.4203592 ], [ -120.2118958, 34.4203518 ], [ -120.211676399999988, 34.4203449 ], [ -120.211456899999988, 34.4203389 ], [ -120.2112375, 34.4203333 ], [ -120.211018, 34.4203285 ], [ -120.2107984, 34.4203243 ], [ -120.2105789, 34.4203209 ], [ -120.2099814, 34.4203122 ], [ -120.208153599999989, 34.4202101 ], [ -120.2079374, 34.4201984 ], [ -120.2077211, 34.4201872 ], [ -120.207504699999987, 34.4201768 ], [ -120.207288299999988, 34.4201669 ], [ -120.207071899999974, 34.4201578 ], [ -120.2068554, 34.4201491 ], [ -120.2066389, 34.4201413 ], [ -120.2064223, 34.420134 ], [ -120.2062057, 34.4201275 ], [ -120.2059891, 34.4201214 ], [ -120.2057725, 34.4201162 ], [ -120.2055559, 34.4201114 ], [ -120.2053392, 34.4201075 ], [ -120.205122499999987, 34.420104 ], [ -120.2049058, 34.4201013 ], [ -120.204678, 34.4200978 ], [ -120.2044503, 34.4200952 ], [ -120.2042225, 34.420093 ], [ -120.20399470000001, 34.4200919 ], [ -120.2037669, 34.4200911 ], [ -120.2035391, 34.4200914 ], [ -120.203311299999982, 34.4200921 ], [ -120.2030835, 34.420093799999989 ], [ -120.2028557, 34.4200959 ], [ -120.2026279, 34.420099 ], [ -120.2024002, 34.4201025 ], [ -120.2021724, 34.420107 ], [ -120.201944699999984, 34.420112 ], [ -120.201717, 34.420118 ], [ -120.2014894, 34.4201244 ], [ -120.201261699999989, 34.4201317 ], [ -120.201034099999987, 34.4201395 ], [ -120.2008066, 34.4201483 ], [ -120.200579, 34.4201576 ], [ -120.2003516, 34.4201678 ], [ -120.200124100000011, 34.4201784 ], [ -120.199896799999976, 34.42019 ], [ -120.1996694, 34.4202021 ], [ -120.1994422, 34.4202152 ], [ -120.199215, 34.4202287 ], [ -120.1989878, 34.4202431 ], [ -120.198760799999988, 34.420258 ], [ -120.1985338, 34.4202739 ], [ -120.198306800000012, 34.4202903 ], [ -120.19808, 34.4203075 ], [ -120.197853200000011, 34.4203253 ], [ -120.1976265, 34.420344 ], [ -120.1976201, 34.4203434 ], [ -120.1976136, 34.4203428 ], [ -120.1976071, 34.4203421 ], [ -120.19738310000001, 34.4203081 ], [ -120.1971589, 34.4202751 ], [ -120.1969347, 34.4202425 ], [ -120.1967102, 34.4202108 ], [ -120.196485599999988, 34.4201797 ], [ -120.1962609, 34.4201494 ], [ -120.196036, 34.4201196 ], [ -120.195811, 34.4200908 ], [ -120.195585900000012, 34.4200624 ], [ -120.195360600000015, 34.4200349 ], [ -120.1951353, 34.420008 ], [ -120.194909700000011, 34.4199819 ], [ -120.1946841, 34.4199564 ], [ -120.194458399999988, 34.4199317 ], [ -120.194232599999978, 34.4199076 ], [ -120.1940066, 34.4198843 ], [ -120.1937806, 34.4198616 ], [ -120.1935544, 34.4198398 ], [ -120.19332820000001, 34.4198185 ], [ -120.19310179999998, 34.4197981 ], [ -120.1928754, 34.4197781 ], [ -120.1926488, 34.4197592 ], [ -120.19242220000001, 34.4197406 ], [ -120.1921955, 34.4197231 ], [ -120.191968800000012, 34.419706 ], [ -120.1917419, 34.4196898 ], [ -120.191515, 34.4196742 ], [ -120.191288, 34.4196594 ], [ -120.191061, 34.4196452 ], [ -120.1908338, 34.4196319 ], [ -120.190606699999989, 34.419619 ], [ -120.1903794, 34.4196071 ], [ -120.1901521, 34.4195957 ], [ -120.189924799999986, 34.4195852 ], [ -120.1896974, 34.4195752 ], [ -120.18947, 34.4195661 ], [ -120.1892425, 34.4195576 ], [ -120.189015, 34.4195499 ], [ -120.188787499999975, 34.4195428 ], [ -120.188559900000016, 34.4195365 ], [ -120.1883323, 34.4195308 ], [ -120.1881047, 34.419526 ], [ -120.1878771, 34.4195217 ], [ -120.187649399999984, 34.4195183 ], [ -120.1874217, 34.4195154 ], [ -120.1871941, 34.4195134 ], [ -120.186966399999989, 34.419512 ], [ -120.1867387, 34.4195114 ], [ -120.186511, 34.4195114 ], [ -120.186283300000014, 34.4195123 ], [ -120.186055599999989, 34.4195136 ], [ -120.1858279, 34.4195159 ], [ -120.1856003, 34.4195187 ], [ -120.1853726, 34.4195224 ], [ -120.185145, 34.4195266 ], [ -120.1849174, 34.4195318 ], [ -120.1846898, 34.4195374 ], [ -120.184462200000013, 34.419544 ], [ -120.1842347, 34.419551 ], [ -120.1840072, 34.419559 ], [ -120.1837797, 34.4195675 ], [ -120.1835523, 34.4195769 ], [ -120.1833249, 34.4195868 ], [ -120.1830976, 34.4195976 ], [ -120.1828703, 34.4196089 ], [ -120.1826431, 34.4196212 ], [ -120.1824159, 34.4196339 ], [ -120.1821888, 34.4196476 ], [ -120.18196180000001, 34.4196617 ], [ -120.1817348, 34.4196768 ], [ -120.181507899999986, 34.4196924 ], [ -120.1812811, 34.4197089 ], [ -120.1810543, 34.4197259 ], [ -120.1808276, 34.4197438 ], [ -120.180601, 34.4197622 ], [ -120.1803745, 34.4197815 ], [ -120.179763799999989, 34.4198343 ], [ -120.1797364, 34.4198366 ], [ -120.1797092, 34.419839 ], [ -120.179682, 34.4198414 ], [ -120.179598200000015, 34.4198488 ], [ -120.17951450000001, 34.4198562 ], [ -120.1794308, 34.4198638 ], [ -120.1792069, 34.4198301 ], [ -120.178982800000014, 34.419797 ], [ -120.1787586, 34.4197648 ], [ -120.17853430000001, 34.419733 ], [ -120.1783097, 34.4197022 ], [ -120.1780851, 34.4196719 ], [ -120.1778603, 34.4196425 ], [ -120.177635400000014, 34.4196136 ], [ -120.177410400000014, 34.4195856 ], [ -120.1771852, 34.419558 ], [ -120.1769599, 34.4195315 ], [ -120.1767345, 34.4195053 ], [ -120.176509, 34.4194801 ], [ -120.176283399999974, 34.4194554 ], [ -120.1760576, 34.4194317 ], [ -120.1758318, 34.4194083 ], [ -120.175605800000014, 34.419386 ], [ -120.175379799999988, 34.4193641 ], [ -120.175153600000016, 34.4193431 ], [ -120.1749273, 34.4193227 ], [ -120.174701, 34.4193031 ], [ -120.1744746, 34.419284 ], [ -120.174248100000014, 34.4192659 ], [ -120.1740215, 34.4192482 ], [ -120.17379480000001, 34.4192315 ], [ -120.173568099999983, 34.4192153 ], [ -120.17334120000001, 34.4192 ], [ -120.173114399999989, 34.4191852 ], [ -120.1728874, 34.4191713 ], [ -120.172660400000012, 34.4191578 ], [ -120.1724333, 34.4191454 ], [ -120.1722062, 34.4191334 ], [ -120.171979, 34.4191223 ], [ -120.1717518, 34.4191118 ], [ -120.1715245, 34.4191021 ], [ -120.171297199999984, 34.419093 ], [ -120.1710698, 34.4190847 ], [ -120.1708424, 34.419077 ], [ -120.170615, 34.4190702 ], [ -120.1703876, 34.4190639 ], [ -120.1701601, 34.4190585 ], [ -120.16993260000001, 34.4190536 ], [ -120.169705, 34.4190496 ], [ -120.169477500000013, 34.4190462 ], [ -120.16925, 34.4190436 ], [ -120.1690224, 34.4190416 ], [ -120.1687948, 34.4190404 ], [ -120.168567200000012, 34.4190398 ], [ -120.1683397, 34.4190401 ], [ -120.168112099999988, 34.4190409 ], [ -120.1678845, 34.4190426 ], [ -120.167657, 34.4190448 ], [ -120.167429399999989, 34.4190479 ], [ -120.167201899999981, 34.4190516 ], [ -120.166974399999987, 34.4190561 ], [ -120.1667469, 34.4190612 ], [ -120.1665194, 34.4190671 ], [ -120.166292, 34.4190736 ], [ -120.1660646, 34.419081 ], [ -120.1658372, 34.4190889 ], [ -120.1656098, 34.4190977 ], [ -120.1653826, 34.419107 ], [ -120.1651553, 34.4191172 ], [ -120.1649281, 34.4191279 ], [ -120.164701, 34.4191396 ], [ -120.1644738, 34.4191517 ], [ -120.164246800000015, 34.4191648 ], [ -120.1640198, 34.4191783 ], [ -120.1637929, 34.4191928 ], [ -120.163566100000011, 34.4192078 ], [ -120.1633393, 34.4192237 ], [ -120.163112599999977, 34.419240099999989 ], [ -120.162886, 34.4192574 ], [ -120.16265940000001, 34.4192752 ], [ -120.162433, 34.4192939 ], [ -120.1622066, 34.419313099999989 ], [ -120.1619803, 34.4193332 ], [ -120.1617541, 34.4193539 ], [ -120.161528, 34.4193754 ], [ -120.161302, 34.4193974 ], [ -120.161076099999988, 34.4194204 ], [ -120.1608503, 34.4194438 ], [ -120.1606246, 34.4194682 ], [ -120.160399, 34.4194931 ], [ -120.1601736, 34.4195188 ], [ -120.1599482, 34.4195451 ], [ -120.159723, 34.4195723 ], [ -120.159497899999977, 34.4195999 ], [ -120.1592729, 34.4196285 ], [ -120.1590481, 34.4196576 ], [ -120.1588234, 34.4196876 ], [ -120.1585988, 34.4197181 ], [ -120.1583744, 34.4197494 ], [ -120.158150099999986, 34.4197813 ], [ -120.157926, 34.4198141 ], [ -120.157702, 34.4198474 ], [ -120.1574782, 34.4198816 ], [ -120.1572544, 34.419916199999989 ], [ -120.157031, 34.4199518 ], [ -120.1568076, 34.4199879 ], [ -120.1565844, 34.4200248 ], [ -120.15636139999998, 34.4200623 ], [ -120.1561386, 34.4201007 ], [ -120.1559159, 34.4201395 ], [ -120.1556934, 34.4201793 ], [ -120.155471, 34.4202195 ], [ -120.155249, 34.4202606 ], [ -120.155027, 34.4203023 ], [ -120.1548053, 34.4203448 ], [ -120.1545837, 34.4203878 ], [ -120.1543624, 34.4204317 ], [ -120.154141199999984, 34.4204761 ], [ -120.153920199999988, 34.4205214 ], [ -120.153699499999988, 34.4205671 ], [ -120.153479, 34.4206138 ], [ -120.1532586, 34.4206609 ], [ -120.1530385, 34.420709 ], [ -120.152818599999989, 34.4207575 ], [ -120.152599, 34.4208069 ], [ -120.1523795, 34.4208568 ], [ -120.1521603, 34.4209076 ], [ -120.1519337, 34.4209305 ], [ -120.1517072, 34.4209539 ], [ -120.151480899999981, 34.4209783 ], [ -120.151254599999987, 34.4210032 ], [ -120.151028399999987, 34.4210291 ], [ -120.150802399999989, 34.4210554 ], [ -120.150576500000014, 34.4210826 ], [ -120.1503507, 34.4211103 ], [ -120.150125, 34.421139 ], [ -120.14989940000001, 34.4211681 ], [ -120.149674099999984, 34.4211981 ], [ -120.1494488, 34.4212287 ], [ -120.1492237, 34.4212602 ], [ -120.1489987, 34.4212921 ], [ -120.1487739, 34.421325 ], [ -120.1485492, 34.4213583 ], [ -120.148324699999975, 34.4213926 ], [ -120.1481003, 34.4214274 ], [ -120.1478761, 34.4214631 ], [ -120.147652099999988, 34.4214992 ], [ -120.147428199999979, 34.4215363 ], [ -120.147204500000015, 34.4215739 ], [ -120.146981, 34.4216124 ], [ -120.1467576, 34.4216514 ], [ -120.1465345, 34.4216913 ], [ -120.146311399999988, 34.4217316 ], [ -120.1460887, 34.4217729 ], [ -120.145866, 34.4218146 ], [ -120.145643599999985, 34.4218573 ], [ -120.145421299999981, 34.4219005 ], [ -120.1451994, 34.4219446 ], [ -120.14497750000001, 34.4219891 ], [ -120.1447559, 34.4220346 ], [ -120.144534399999984, 34.4220805 ], [ -120.1443133, 34.4221273 ], [ -120.1440923, 34.4221746 ], [ -120.143871499999989, 34.4222229 ], [ -120.1436509, 34.4222715 ], [ -120.1434306, 34.4223212 ], [ -120.1432105, 34.4223712 ], [ -120.142990700000013, 34.4224222 ], [ -120.142771, 34.4224736 ], [ -120.142551599999976, 34.422526 ], [ -120.142332400000015, 34.422578799999989 ], [ -120.142113599999973, 34.4226326 ], [ -120.1418948, 34.4226868 ], [ -120.141676499999988, 34.4227419 ], [ -120.141458199999988, 34.4227974 ], [ -120.141240399999987, 34.4228539 ], [ -120.1407845, 34.4227783 ], [ -120.1401482, 34.4226616 ], [ -120.139347299999983, 34.422452 ], [ -120.1391347, 34.4223965 ], [ -120.1389217, 34.422342 ], [ -120.1387085, 34.4222878 ], [ -120.138495, 34.4222346 ], [ -120.1382814, 34.4221817 ], [ -120.1380675, 34.4221298 ], [ -120.137853400000012, 34.4220782 ], [ -120.137639, 34.4220276 ], [ -120.137424399999986, 34.4219774 ], [ -120.1372096, 34.421928 ], [ -120.1369946, 34.4218791 ], [ -120.136779300000015, 34.4218311 ], [ -120.1341536, 34.4207215 ], [ -120.133952099999988, 34.420636699999989 ], [ -120.1337502, 34.4205524 ], [ -120.1335478, 34.420469 ], [ -120.1333452, 34.420386 ], [ -120.133142100000015, 34.4203038 ], [ -120.132938700000011, 34.4202221 ], [ -120.132734899999988, 34.420141199999989 ], [ -120.1325308, 34.4200607 ], [ -120.1323262, 34.419981 ], [ -120.132121399999988, 34.4199018 ], [ -120.1319161, 34.4198234 ], [ -120.1317106, 34.4197455 ], [ -120.131504600000014, 34.4196684 ], [ -120.1312984, 34.4195917 ], [ -120.131091700000013, 34.4195159 ], [ -120.1308848, 34.4194405 ], [ -120.1306775, 34.419366 ], [ -120.1304835, 34.4192817 ], [ -120.130289, 34.4191982 ], [ -120.130094199999988, 34.4191151 ], [ -120.129899, 34.4190327 ], [ -120.1297035, 34.4189508 ], [ -120.129507499999988, 34.4188696 ], [ -120.1293113, 34.4187889 ], [ -120.1291147, 34.4187089 ], [ -120.128917800000011, 34.4186293 ], [ -120.1287205, 34.418550499999988 ], [ -120.1285229, 34.4184721 ], [ -120.1283248, 34.4183945 ], [ -120.128126600000016, 34.4183173 ], [ -120.127927899999989, 34.4182408 ], [ -120.127729, 34.4181648 ], [ -120.1275296, 34.4180896 ], [ -120.127332599999974, 34.4180158 ], [ -120.1271352, 34.4179427 ], [ -120.1269376, 34.41787 ], [ -120.1267395, 34.4177981 ], [ -120.126541300000014, 34.4177266 ], [ -120.126342600000015, 34.4176559 ], [ -120.1261438, 34.4175855 ], [ -120.125944499999989, 34.417516 ], [ -120.1257451, 34.4174469 ], [ -120.1255453, 34.4173785 ], [ -120.1253452, 34.4173105 ], [ -120.1251448, 34.4172434 ], [ -120.1249441, 34.4171766 ], [ -120.124743099999989, 34.4171106 ], [ -120.124541900000011, 34.4170277 ], [ -120.12434039999998, 34.4169453 ], [ -120.1241383, 34.4168638 ], [ -120.1239361, 34.4167827 ], [ -120.123733300000012, 34.4167024 ], [ -120.123530299999985, 34.4166225 ], [ -120.123326800000015, 34.4165435 ], [ -120.123123100000015, 34.4164649 ], [ -120.1229189, 34.4163871 ], [ -120.122714499999987, 34.4163097 ], [ -120.1225097, 34.4162332 ], [ -120.1223046, 34.4161571 ], [ -120.122099, 34.4160818 ], [ -120.121893199999988, 34.416007 ], [ -120.121687, 34.415933 ], [ -120.1214806, 34.4158594 ], [ -120.121273699999989, 34.4157867 ], [ -120.1210666, 34.4157144 ], [ -120.1208591, 34.415643 ], [ -120.1206514, 34.415572 ], [ -120.1204432, 34.4155018 ], [ -120.1202348, 34.4154321 ], [ -120.120026, 34.4153632 ], [ -120.1198171, 34.4152948 ], [ -120.119607699999989, 34.4152272 ], [ -120.1193981, 34.41516 ], [ -120.1191881, 34.4150937 ], [ -120.1189779, 34.4150279 ], [ -120.118767299999988, 34.4149629 ], [ -120.118556499999983, 34.4148983 ], [ -120.1183454, 34.4148346 ], [ -120.118134, 34.4147713 ], [ -120.117922299999975, 34.4147089 ], [ -120.1177104, 34.414647 ], [ -120.1174981, 34.4145859 ], [ -120.1172857, 34.4145252 ], [ -120.117072799999988, 34.4144655 ], [ -120.114374, 34.4137104 ], [ -120.1141608, 34.413651 ], [ -120.1139471, 34.4135925 ], [ -120.1137333, 34.4135344 ], [ -120.1135191, 34.4134771 ], [ -120.1133048, 34.4134203 ], [ -120.11309009999998, 34.4133644 ], [ -120.1128752, 34.413309 ], [ -120.112660099999985, 34.4132544 ], [ -120.112444699999983, 34.4132002 ], [ -120.1122291, 34.413147 ], [ -120.1120133, 34.4130942 ], [ -120.1117971, 34.4130423 ], [ -120.111580800000013, 34.4129908 ], [ -120.1113643, 34.4129402 ], [ -120.1111475, 34.4128901 ], [ -120.110930499999981, 34.4128408 ], [ -120.1107133, 34.412792 ], [ -120.1104958, 34.4127441 ], [ -120.11027820000001, 34.4126967 ], [ -120.110060300000015, 34.4126501 ], [ -120.109842299999983, 34.412604 ], [ -120.109624, 34.4125588 ], [ -120.1094055, 34.412514 ], [ -120.109186799999975, 34.4124701 ], [ -120.108968, 34.4124267 ], [ -120.1087489, 34.4123842 ], [ -120.108529600000011, 34.4123421 ], [ -120.1083102, 34.412301 ], [ -120.1080906, 34.4122602 ], [ -120.1078707, 34.4122204 ], [ -120.107650799999988, 34.4121811 ], [ -120.107430600000015, 34.4121426 ], [ -120.1072103, 34.4121046 ], [ -120.1069898, 34.4120675 ], [ -120.1067691, 34.4120309 ], [ -120.106548299999986, 34.4119952 ], [ -120.1063273, 34.4119599 ], [ -120.1061061, 34.4119255 ], [ -120.102551299999988, 34.4113769 ], [ -120.102328899999989, 34.4113314 ], [ -120.102106299999988, 34.4112865 ], [ -120.1018834, 34.4112426 ], [ -120.1016603, 34.4111991 ], [ -120.101437099999984, 34.4111565 ], [ -120.101213699999988, 34.4111144 ], [ -120.10099, 34.4110733 ], [ -120.10076620000001, 34.4110326 ], [ -120.1005422, 34.4109928 ], [ -120.100318, 34.4109535 ], [ -120.10009359999998, 34.4109152 ], [ -120.0998691, 34.4108773 ], [ -120.099644399999988, 34.4108404 ], [ -120.0994195, 34.4108039 ], [ -120.0991945, 34.410768399999988 ], [ -120.0989693, 34.4107334 ], [ -120.098743899999988, 34.4106993 ], [ -120.098518399999989, 34.4106657 ], [ -120.09829280000001, 34.410633 ], [ -120.098067, 34.4106007 ], [ -120.097841, 34.4105695 ], [ -120.0976149, 34.4105387 ], [ -120.0973886, 34.4105089 ], [ -120.0971623, 34.4104795 ], [ -120.096935800000011, 34.4104511 ], [ -120.0967092, 34.4104231 ], [ -120.096482400000014, 34.4103961 ], [ -120.0962555, 34.4103696 ], [ -120.096028499999989, 34.410344 ], [ -120.095801400000013, 34.4103189 ], [ -120.095574200000016, 34.4102948 ], [ -120.095346800000016, 34.4102711 ], [ -120.095119400000016, 34.4102484 ], [ -120.0948918, 34.4102261 ], [ -120.0946642, 34.4102049 ], [ -120.094436500000015, 34.410184 ], [ -120.0942086, 34.4101642 ], [ -120.093980699999989, 34.4101448 ], [ -120.0937527, 34.4101264 ], [ -120.0935246, 34.4101084 ], [ -120.093296400000014, 34.4100915 ], [ -120.0930682, 34.4100749 ], [ -120.0928398, 34.4100594 ], [ -120.0926114, 34.4100443 ], [ -120.092383, 34.4100302 ], [ -120.0921545, 34.4100165 ], [ -120.0919259, 34.4100039 ], [ -120.0916972, 34.4099917 ], [ -120.0914685, 34.4099804 ], [ -120.091239800000011, 34.4099696 ], [ -120.091011, 34.4099598 ], [ -120.0907822, 34.4099505 ], [ -120.0905533, 34.4099421 ], [ -120.090324400000014, 34.4099342 ], [ -120.0900954, 34.4099273 ], [ -120.0898665, 34.4099208 ], [ -120.089637399999987, 34.409915399999988 ], [ -120.0894084, 34.4099103 ], [ -120.0891794, 34.4099063 ], [ -120.0889503, 34.4099027 ], [ -120.088721199999981, 34.4099001 ], [ -120.0884921, 34.4098979 ], [ -120.088263, 34.4098968 ], [ -120.0880339, 34.4098961 ], [ -120.087804800000015, 34.4098963 ], [ -120.0875757, 34.4098971 ], [ -120.087346599999989, 34.4098988 ], [ -120.0871175, 34.409901 ], [ -120.086888500000015, 34.4099041 ], [ -120.0866594, 34.4099077 ], [ -120.086430400000012, 34.409912299999988 ], [ -120.0862013, 34.4099174 ], [ -120.0859723, 34.4099234 ], [ -120.085743399999984, 34.4099299 ], [ -120.0855145, 34.4099373 ], [ -120.085285500000012, 34.4099453 ], [ -120.0850567, 34.4099542 ], [ -120.0848279, 34.409963499999989 ], [ -120.0845991, 34.4099739 ], [ -120.084370400000012, 34.4099847 ], [ -120.084141699999989, 34.4099965 ], [ -120.0839131, 34.4100087 ], [ -120.0836845, 34.4100219 ], [ -120.083458600000014, 34.4100092 ], [ -120.0832325, 34.4099974 ], [ -120.083006399999974, 34.409986 ], [ -120.08278030000001, 34.4099756 ], [ -120.08255410000001, 34.4099657 ], [ -120.082327800000016, 34.4099567 ], [ -120.082101600000016, 34.4099482 ], [ -120.081875199999985, 34.4099406 ], [ -120.0816489, 34.4099334 ], [ -120.0814225, 34.4099273 ], [ -120.0811961, 34.4099215 ], [ -120.080969700000011, 34.4099168 ], [ -120.080743199999986, 34.4099124 ], [ -120.0805168, 34.4099091 ], [ -120.0802903, 34.4099062 ], [ -120.0800638, 34.4099042 ], [ -120.0798373, 34.4099027 ], [ -120.0796108, 34.4099021 ], [ -120.079384300000015, 34.409902 ], [ -120.0791578, 34.4099029 ], [ -120.0789313, 34.4099042 ], [ -120.078704800000011, 34.4099065 ], [ -120.078478299999986, 34.4099092 ], [ -120.0782519, 34.4099128 ], [ -120.0780254, 34.409917 ], [ -120.077799, 34.409922 ], [ -120.0775726, 34.4099276 ], [ -120.0773462, 34.4099341 ], [ -120.0771199, 34.409941 ], [ -120.0768936, 34.4099489 ], [ -120.076667300000011, 34.4099572 ], [ -120.076441, 34.4099665 ], [ -120.076231299999989, 34.4099635 ], [ -120.076021699999984, 34.4099612 ], [ -120.075812, 34.4099594 ], [ -120.075602499999988, 34.4099584 ], [ -120.0753758, 34.4099578 ], [ -120.0751491, 34.4099579 ], [ -120.0749224, 34.4099589 ], [ -120.0746957, 34.4099603 ], [ -120.074469, 34.4099627 ], [ -120.07424229999998, 34.4099656 ], [ -120.0740157, 34.4099694 ], [ -120.073789, 34.4099736 ], [ -120.073562399999986, 34.4099788 ], [ -120.0733358, 34.4099845 ], [ -120.073109300000013, 34.4099911 ], [ -120.0728827, 34.4099982 ], [ -120.0726562, 34.4100063 ], [ -120.0724298, 34.4100148 ], [ -120.0722034, 34.4100242 ], [ -120.071977, 34.4100341 ], [ -120.0717507, 34.4100449 ], [ -120.0715244, 34.4100563 ], [ -120.0712982, 34.4100685 ], [ -120.071072, 34.4100812 ], [ -120.0708459, 34.4100949 ], [ -120.0706198, 34.410109 ], [ -120.0703939, 34.4101241 ], [ -120.070167899999987, 34.4101396 ], [ -120.069942099999977, 34.4101561 ], [ -120.0697163, 34.410173 ], [ -120.069490699999989, 34.410190899999989 ], [ -120.069265, 34.4102092 ], [ -120.069039499999988, 34.410228499999988 ], [ -120.0688141, 34.4102482 ], [ -120.068588800000015, 34.4102689 ], [ -120.0683635, 34.41029 ], [ -120.0681384, 34.4103121 ], [ -120.0679133, 34.4103347 ], [ -120.0676884, 34.410358099999989 ], [ -120.0674636, 34.4103821 ], [ -120.067238799999984, 34.4104069 ], [ -120.067014199999988, 34.4104323 ], [ -120.0667897, 34.4104585 ], [ -120.066565399999988, 34.4104853 ], [ -120.066341099999988, 34.4105129 ], [ -120.066117, 34.4105411 ], [ -120.065893, 34.4105701 ], [ -120.06566909999998, 34.4105996 ], [ -120.0654454, 34.4106301 ], [ -120.0652218, 34.410661 ], [ -120.0649984, 34.4106928 ], [ -120.0647751, 34.4107251 ], [ -120.0645519, 34.4107584 ], [ -120.0643422, 34.410786 ], [ -120.0641327, 34.410814 ], [ -120.0639233, 34.410843 ], [ -120.0636969, 34.4108217 ], [ -120.0634703, 34.4108014 ], [ -120.0632437, 34.4107815 ], [ -120.063017, 34.4107626 ], [ -120.0627902, 34.4107441 ], [ -120.0625633, 34.4107266 ], [ -120.062336300000013, 34.4107096 ], [ -120.0621093, 34.4106935 ], [ -120.0618822, 34.4106779 ], [ -120.061655, 34.4106632 ], [ -120.0614278, 34.4106491 ], [ -120.061200499999984, 34.4106358 ], [ -120.060973099999984, 34.410623 ], [ -120.0607457, 34.4106112 ], [ -120.0605182, 34.4105999 ], [ -120.0602907, 34.4105895 ], [ -120.0600631, 34.4105796 ], [ -120.0598355, 34.4105706 ], [ -120.0596078, 34.4105621 ], [ -120.0593802, 34.410554499999989 ], [ -120.059152399999988, 34.4105474 ], [ -120.0589247, 34.4105413 ], [ -120.0586969, 34.4105356 ], [ -120.058469099999982, 34.4105309 ], [ -120.0582413, 34.4105267 ], [ -120.058013399999979, 34.4105234 ], [ -120.057785599999988, 34.4105206 ], [ -120.057557699999975, 34.4105188 ], [ -120.057329899999985, 34.4105174 ], [ -120.057102, 34.4105169 ], [ -120.056874099999987, 34.410517 ], [ -120.0566462, 34.410518 ], [ -120.056418399999984, 34.4105194 ], [ -120.0561905, 34.4105218 ], [ -120.055962600000015, 34.4105247 ], [ -120.0557348, 34.4105286 ], [ -120.055507, 34.4105329 ], [ -120.055279199999987, 34.4105381 ], [ -120.0550514, 34.4105439 ], [ -120.054823700000014, 34.4105505 ], [ -120.054596, 34.4105577 ], [ -120.0543683, 34.4105658 ], [ -120.054140699999977, 34.4105744 ], [ -120.053913099999988, 34.4105839 ], [ -120.0536856, 34.4105939 ], [ -120.0534581, 34.4106049 ], [ -120.0532306, 34.4106163 ], [ -120.0530032, 34.4106287 ], [ -120.0527759, 34.4106415 ], [ -120.0525486, 34.4106553 ], [ -120.0523214, 34.4106696 ], [ -120.0520942, 34.4106848 ], [ -120.0518671, 34.4107005 ], [ -120.0516402, 34.4107171 ], [ -120.0514132, 34.4107342 ], [ -120.0511864, 34.4107523 ], [ -120.0509596, 34.4107708 ], [ -120.050733, 34.4107903 ], [ -120.0505063, 34.4108102 ], [ -120.0502799, 34.4108311 ], [ -120.0500535, 34.4108524 ], [ -120.049827199999982, 34.4108747 ], [ -120.049601, 34.4108975 ], [ -120.049374899999989, 34.4109212 ], [ -120.049148899999977, 34.4109454 ], [ -120.048923, 34.4109705 ], [ -120.0486973, 34.4109961 ], [ -120.048471600000013, 34.4110227 ], [ -120.0482461, 34.4110497 ], [ -120.0480207, 34.4110776 ], [ -120.0477955, 34.411106 ], [ -120.0475703, 34.4111354 ], [ -120.047345299999989, 34.4111652 ], [ -120.0471205, 34.411196 ], [ -120.046895800000016, 34.4112272 ], [ -120.0466712, 34.4112593 ], [ -120.046462600000012, 34.4111896 ], [ -120.0462536, 34.4111208 ], [ -120.046044400000014, 34.4110523 ], [ -120.045834700000015, 34.4109848 ], [ -120.0456249, 34.4109177 ], [ -120.045414600000015, 34.4108514 ], [ -120.0452042, 34.4107855 ], [ -120.04499340000001, 34.4107206 ], [ -120.044782399999988, 34.410656 ], [ -120.044571, 34.4105924 ], [ -120.0443594, 34.4105291 ], [ -120.044147399999986, 34.4104668 ], [ -120.0439352, 34.4104048 ], [ -120.043722699999989, 34.4103438 ], [ -120.04351, 34.4102832 ], [ -120.043297, 34.4102234 ], [ -120.0430837, 34.4101641 ], [ -120.042870099999988, 34.4101057 ], [ -120.0426564, 34.4100477 ], [ -120.0424422, 34.4099906 ], [ -120.042228, 34.409934 ], [ -120.0420133, 34.4098782 ], [ -120.0417986, 34.4098228 ], [ -120.0415834, 34.4097684 ], [ -120.0413682, 34.4097144 ], [ -120.0411526, 34.4096612 ], [ -120.040936800000011, 34.4096085 ], [ -120.0407207, 34.4095568 ], [ -120.040504500000011, 34.4095054 ], [ -120.040288, 34.4094549 ], [ -120.0400713, 34.4094049 ], [ -120.039854299999988, 34.4093558 ], [ -120.0396372, 34.4093071 ], [ -120.0394198, 34.4092593 ], [ -120.039202300000014, 34.409212 ], [ -120.0389844, 34.4091656 ], [ -120.03876649999998, 34.4091196 ], [ -120.0385482, 34.4090745 ], [ -120.0383298, 34.4090298 ], [ -120.038111199999989, 34.4089861 ], [ -120.0378924, 34.4089428 ], [ -120.037673399999989, 34.4089004 ], [ -120.0374543, 34.4088584 ], [ -120.0372349, 34.4088174 ], [ -120.037015299999979, 34.4087768 ], [ -120.0367956, 34.4087371 ], [ -120.036575699999986, 34.4086978 ], [ -120.0363556, 34.4086595 ], [ -120.0361353, 34.4086216 ], [ -120.0359149, 34.4085847 ], [ -120.035694299999975, 34.4085481 ], [ -120.035473599999989, 34.4085125 ], [ -120.034451799999985, 34.4083488 ], [ -120.0342307, 34.4083137 ], [ -120.0340093, 34.4082791 ], [ -120.033787800000013, 34.4082455 ], [ -120.0335662, 34.4082124 ], [ -120.0333444, 34.4081801 ], [ -120.033122499999976, 34.4081484 ], [ -120.0329004, 34.4081175 ], [ -120.0326782, 34.4080871 ], [ -120.032455899999988, 34.4080576 ], [ -120.03223340000001, 34.4080285 ], [ -120.0320108, 34.4080004 ], [ -120.031788100000014, 34.4079727 ], [ -120.031565199999989, 34.407946 ], [ -120.0313422, 34.4079197 ], [ -120.031119100000012, 34.4078943 ], [ -120.0308959, 34.4078694 ], [ -120.030672599999988, 34.4078454 ], [ -120.0304492, 34.4078219 ], [ -120.0302257, 34.4077993 ], [ -120.0300021, 34.4077771 ], [ -120.0297783, 34.4077559 ], [ -120.0295546, 34.4077351 ], [ -120.0293306, 34.4077153 ], [ -120.0291067, 34.4076959 ], [ -120.028882599999989, 34.4076774 ], [ -120.0286584, 34.4076594 ], [ -120.0284342, 34.4076424 ], [ -120.0282099, 34.4076257 ], [ -120.0279855, 34.40761 ], [ -120.027761, 34.4075948 ], [ -120.027536500000011, 34.4075805 ], [ -120.0273119, 34.4075667 ], [ -120.0270873, 34.4075537 ], [ -120.026862600000015, 34.4075413 ], [ -120.026637799999989, 34.4075297 ], [ -120.026413, 34.4075187 ], [ -120.0261881, 34.4075085 ], [ -120.0259633, 34.4074989 ], [ -120.0257383, 34.4074901 ], [ -120.0255133, 34.4074818 ], [ -120.0252883, 34.4074744 ], [ -120.0250633, 34.407467499999989 ], [ -120.024838199999976, 34.4074616 ], [ -120.02461310000001, 34.4074561 ], [ -120.024388, 34.4074515 ], [ -120.024162799999985, 34.4074474 ], [ -120.0239377, 34.4074442 ], [ -120.0237125, 34.4074414 ], [ -120.0234873, 34.407439599999989 ], [ -120.023392, 34.407439 ], [ -120.023297, 34.4074385 ], [ -120.0232023, 34.4074382 ], [ -120.0230163, 34.4073381 ], [ -120.0228299, 34.4072385 ], [ -120.02264289999998, 34.4071397 ], [ -120.022455699999981, 34.4070413 ], [ -120.0222679, 34.4069436 ], [ -120.0220797, 34.4068462 ], [ -120.0218911, 34.4067497 ], [ -120.0217021, 34.4066535 ], [ -120.0215125, 34.4065581 ], [ -120.021322700000013, 34.4064631 ], [ -120.0211324, 34.4063689 ], [ -120.0209417, 34.406275 ], [ -120.0207505, 34.406182 ], [ -120.020559, 34.4060892 ], [ -120.020367, 34.405997299999989 ], [ -120.0201705, 34.4059039 ], [ -120.0199736, 34.405811 ], [ -120.0197762, 34.405719 ], [ -120.019578399999986, 34.4056273 ], [ -120.0193802, 34.4055365 ], [ -120.0191816, 34.405446 ], [ -120.0189826, 34.4053564 ], [ -120.0187832, 34.4052672 ], [ -120.0185833, 34.4051789 ], [ -120.018383199999974, 34.4050909 ], [ -120.0181825, 34.4050038 ], [ -120.017981600000013, 34.4049171 ], [ -120.017780099999982, 34.4048312 ], [ -120.0175784, 34.4047458 ], [ -120.017376199999987, 34.4046611 ], [ -120.017173699999987, 34.4045769 ], [ -120.0169707, 34.4044936 ], [ -120.0167675, 34.4044106 ], [ -120.0165637, 34.4043285 ], [ -120.0163598, 34.4042469 ], [ -120.0161553, 34.404166 ], [ -120.0159506, 34.4040856 ], [ -120.0157454, 34.4040061 ], [ -120.01554, 34.4039269 ], [ -120.0153341, 34.4038487 ], [ -120.0151279, 34.4037708 ], [ -120.0149213, 34.4036938 ], [ -120.0147145, 34.4036172 ], [ -120.0145072, 34.4035415 ], [ -120.0142996, 34.4034663 ], [ -120.0140916, 34.4033918 ], [ -120.0138834, 34.4033178 ], [ -120.0136748, 34.4032447 ], [ -120.013465900000014, 34.403172 ], [ -120.0132566, 34.4031002 ], [ -120.0130471, 34.4030288 ], [ -120.012837199999979, 34.4029583 ], [ -120.012627, 34.4028882 ], [ -120.0124164, 34.402819 ], [ -120.012205599999987, 34.4027502 ], [ -120.0119945, 34.4026823 ], [ -120.011783099999988, 34.4026148 ], [ -120.011571300000014, 34.4025482 ], [ -120.011359199999987, 34.4024821 ], [ -120.0111468, 34.4024168 ], [ -120.010934299999988, 34.402352 ], [ -120.010721300000014, 34.402288 ], [ -120.010511, 34.402223299999989 ], [ -120.0103003, 34.4021594 ], [ -120.0100894, 34.4020959 ], [ -120.009878199999989, 34.4020333 ], [ -120.0096668, 34.4019712 ], [ -120.009455, 34.4019099 ], [ -120.009243, 34.401849 ], [ -120.009030599999988, 34.401789 ], [ -120.0088181, 34.4017295 ], [ -120.0086052, 34.4016708 ], [ -120.008392199999989, 34.4016126 ], [ -120.0081788, 34.4015552 ], [ -120.0079652, 34.4014983 ], [ -120.007751399999989, 34.4014422 ], [ -120.0075373, 34.4013866 ], [ -120.0073229, 34.401331899999988 ], [ -120.0071083, 34.4012776 ], [ -120.0068935, 34.4012242 ], [ -120.0066784, 34.4011712 ], [ -120.0064631, 34.4011191 ], [ -120.0062476, 34.4010675 ], [ -120.0060317, 34.4010167 ], [ -120.0058158, 34.4009664 ], [ -120.005599499999988, 34.400917 ], [ -120.0053831, 34.400868 ], [ -120.0051664, 34.4008199 ], [ -120.004949599999975, 34.4007722 ], [ -120.004732499999989, 34.4007255 ], [ -120.0045152, 34.4006792 ], [ -120.0042977, 34.4006337 ], [ -120.00408, 34.4005888 ], [ -120.0038621, 34.4005447 ], [ -120.0036833, 34.400437 ], [ -120.003503599999988, 34.4003307 ], [ -120.0033231, 34.4002251 ], [ -120.003142400000016, 34.4001198 ], [ -120.0029611, 34.4000153 ], [ -120.0027794, 34.3999111 ], [ -120.0025972, 34.3998077 ], [ -120.0024146, 34.3997046 ], [ -120.0022315, 34.3996023 ], [ -120.002048, 34.3995003 ], [ -120.001863899999989, 34.3993991 ], [ -120.0016796, 34.3992983 ], [ -120.0014946, 34.3991982 ], [ -120.0013094, 34.3990985 ], [ -120.001123599999985, 34.3989995 ], [ -120.0009374, 34.3989009 ], [ -120.0007508, 34.3988031 ], [ -120.000563799999981, 34.3987056 ], [ -120.0003762, 34.3986089 ], [ -120.000188400000013, 34.398512599999989 ], [ -120.0, 34.398417 ], [ -119.999810599999989, 34.3983216 ], [ -119.9996208, 34.3982266 ], [ -119.999430499999988, 34.3981325 ], [ -119.9992399, 34.3980387 ], [ -119.9990487, 34.3979456 ], [ -119.9988573, 34.397853 ], [ -119.9986653, 34.3977611 ], [ -119.998473, 34.3976697 ], [ -119.998280200000011, 34.397579 ], [ -119.9980872, 34.3974887 ], [ -119.9978936, 34.3973992 ], [ -119.997699700000013, 34.39731 ], [ -119.9975054, 34.3972217 ], [ -119.9973107, 34.3971338 ], [ -119.9971156, 34.3970466 ], [ -119.9969202, 34.3969599 ], [ -119.996724300000011, 34.3968739 ], [ -119.9965281, 34.3967883 ], [ -119.996331399999974, 34.3967036 ], [ -119.996134499999982, 34.3966192 ], [ -119.9959371, 34.3965356 ], [ -119.9957395, 34.3964525 ], [ -119.995541300000014, 34.3963701 ], [ -119.9953429, 34.3962881 ], [ -119.995144, 34.396207 ], [ -119.994969, 34.3960864 ], [ -119.994793300000012, 34.3959666 ], [ -119.9946172, 34.3958472 ], [ -119.99444050000001, 34.3957285 ], [ -119.9942633, 34.3956101 ], [ -119.9940854, 34.3954926 ], [ -119.9939072, 34.3953753 ], [ -119.993728299999987, 34.3952588 ], [ -119.993549, 34.3951427 ], [ -119.993369, 34.3950274 ], [ -119.993188599999982, 34.3949124 ], [ -119.993007600000013, 34.3947981 ], [ -119.9928262, 34.3946843 ], [ -119.992644200000015, 34.3945712 ], [ -119.992461800000015, 34.3944585 ], [ -119.9922787, 34.3943465 ], [ -119.9920953, 34.3942349 ], [ -119.9919112, 34.3941241 ], [ -119.9917267, 34.3940137 ], [ -119.9915416, 34.393904 ], [ -119.991356200000013, 34.3937947 ], [ -119.9911701, 34.3936862 ], [ -119.9909837, 34.3935781 ], [ -119.9907966, 34.3934708 ], [ -119.9906092, 34.3933638 ], [ -119.9904212, 34.3932576 ], [ -119.9902328, 34.3931519 ], [ -119.9900438, 34.3930469 ], [ -119.9898545, 34.3929423 ], [ -119.9896646, 34.3928385 ], [ -119.9894743, 34.392735 ], [ -119.9892835, 34.3926324 ], [ -119.98909230000001, 34.3925302 ], [ -119.988900500000014, 34.3924288 ], [ -119.988708299999985, 34.3923277 ], [ -119.988515600000014, 34.3922275 ], [ -119.988322599999989, 34.3921277 ], [ -119.988129, 34.3920287 ], [ -119.987935, 34.3919301 ], [ -119.9877405, 34.3918322 ], [ -119.987545699999984, 34.3917348 ], [ -119.987350299999989, 34.3916383 ], [ -119.9871546, 34.3915421 ], [ -119.9869583, 34.3914467 ], [ -119.986761699999988, 34.3913517 ], [ -119.9865646, 34.3912576 ], [ -119.9863672, 34.3911639 ], [ -119.9861692, 34.391071 ], [ -119.9859709, 34.3909785 ], [ -119.9857721, 34.3908868 ], [ -119.985573, 34.3907955 ], [ -119.985373400000014, 34.3907051 ], [ -119.9851734, 34.3906151 ], [ -119.984973, 34.3905259 ], [ -119.9847722, 34.3904372 ], [ -119.984571, 34.3903493 ], [ -119.984369399999977, 34.3902617 ], [ -119.9841674, 34.3901751 ], [ -119.983965, 34.3900888 ], [ -119.9837622, 34.3900034 ], [ -119.9835591, 34.3899185 ], [ -119.983355499999988, 34.3898343 ], [ -119.9831516, 34.3897506 ], [ -119.982947200000012, 34.3896678 ], [ -119.9827426, 34.3895853 ], [ -119.9825375, 34.3895038 ], [ -119.9823321, 34.3894226 ], [ -119.9821263, 34.3893423 ], [ -119.9819202, 34.3892624 ], [ -119.981713599999978, 34.3891834 ], [ -119.9815068, 34.3891049 ], [ -119.9812995, 34.3890271 ], [ -119.981092, 34.3889499 ], [ -119.980884, 34.3888734 ], [ -119.9806758, 34.3887974 ], [ -119.9804671, 34.3887223 ], [ -119.9802582, 34.3886476 ], [ -119.980048900000014, 34.3885738 ], [ -119.979839299999981, 34.3885004 ], [ -119.9796293, 34.3884279 ], [ -119.979419, 34.3883559 ], [ -119.979208399999976, 34.3882847 ], [ -119.9789975, 34.3882139 ], [ -119.9787862, 34.3881441 ], [ -119.978574599999988, 34.3880746 ], [ -119.9783627, 34.3880061 ], [ -119.9781506, 34.387938 ], [ -119.977938, 34.3878707 ], [ -119.9777252, 34.3878039 ], [ -119.9775121, 34.387738 ], [ -119.9772987, 34.3876726 ], [ -119.977085, 34.387608 ], [ -119.976871, 34.3875439 ], [ -119.9766567, 34.3874807 ], [ -119.9764422, 34.3874179 ], [ -119.9762273, 34.387356 ], [ -119.9760122, 34.3872945 ], [ -119.975796699999989, 34.387234 ], [ -119.975580799999975, 34.3871738 ], [ -119.9753646, 34.3871145 ], [ -119.975148099999984, 34.3870557 ], [ -119.9749313, 34.3869978 ], [ -119.9747143, 34.3869403 ], [ -119.974497, 34.3868838 ], [ -119.9742795, 34.3868276 ], [ -119.9740617, 34.3867724 ], [ -119.973843699999989, 34.3867177 ], [ -119.9736253, 34.3866639 ], [ -119.973406799999978, 34.3866105 ], [ -119.973188, 34.386558 ], [ -119.972969, 34.386506 ], [ -119.972749799999974, 34.3864549 ], [ -119.972530299999988, 34.3864042 ], [ -119.9723106, 34.3863545 ], [ -119.9720907, 34.3863052 ], [ -119.9718705, 34.3862569 ], [ -119.9716502, 34.386209 ], [ -119.971429500000013, 34.386162 ], [ -119.969883200000012, 34.3858344 ], [ -119.9696697, 34.3857895 ], [ -119.969456, 34.3857451 ], [ -119.9692421, 34.3857017 ], [ -119.969028, 34.3856586 ], [ -119.9688137, 34.3856164 ], [ -119.9685993, 34.3855746 ], [ -119.9683846, 34.3855338 ], [ -119.9681699, 34.3854933 ], [ -119.9679548, 34.3854537 ], [ -119.9677397, 34.385414499999989 ], [ -119.9675243, 34.3853762 ], [ -119.9634572, 34.3846572 ], [ -119.963236, 34.3846184 ], [ -119.9630146, 34.3845802 ], [ -119.9627931, 34.384543 ], [ -119.9625714, 34.3845062 ], [ -119.962349499999988, 34.3844703 ], [ -119.9621274, 34.384434899999988 ], [ -119.9619052, 34.3844003 ], [ -119.961682900000014, 34.3843663 ], [ -119.9614604, 34.3843332 ], [ -119.961237700000012, 34.3843005 ], [ -119.9610149, 34.3842687 ], [ -119.960792, 34.3842374 ], [ -119.960568900000013, 34.3842071 ], [ -119.9603457, 34.384177199999989 ], [ -119.960122299999981, 34.3841482 ], [ -119.959898799999976, 34.3841197 ], [ -119.9596752, 34.3840921 ], [ -119.9594515, 34.3840649 ], [ -119.9592276, 34.3840387 ], [ -119.959003700000011, 34.384013 ], [ -119.958779600000014, 34.3839882 ], [ -119.9585554, 34.383963799999989 ], [ -119.9583311, 34.3839404 ], [ -119.9581067, 34.3839174 ], [ -119.957882200000014, 34.3838954 ], [ -119.9576576, 34.3838738 ], [ -119.9574329, 34.3838532 ], [ -119.957208099999988, 34.383833 ], [ -119.9569832, 34.3838138 ], [ -119.9567582, 34.383795 ], [ -119.9565332, 34.3837771 ], [ -119.956308, 34.3837598 ], [ -119.956082799999976, 34.3837433 ], [ -119.955857600000016, 34.3837273 ], [ -119.9556322, 34.3837123 ], [ -119.9554068, 34.3836977 ], [ -119.9551813, 34.383684 ], [ -119.9549558, 34.3836708 ], [ -119.954730199999986, 34.3836586 ], [ -119.954504500000013, 34.3836468 ], [ -119.9542788, 34.3836359 ], [ -119.954053099999982, 34.3836256 ], [ -119.9538273, 34.3836161 ], [ -119.9536014, 34.3836071 ], [ -119.9533755, 34.3835991 ], [ -119.953149599999989, 34.3835915 ], [ -119.952923700000014, 34.3835848 ], [ -119.9526977, 34.3835786 ], [ -119.9524717, 34.383573399999989 ], [ -119.9522457, 34.3835686 ], [ -119.9520196, 34.3835648 ], [ -119.9511507, 34.3835509 ], [ -119.9509217, 34.3835476 ], [ -119.9506927, 34.3835449 ], [ -119.9504637, 34.3835431 ], [ -119.950234699999982, 34.3835419 ], [ -119.9500057, 34.3835416 ], [ -119.949776700000015, 34.383541699999988 ], [ -119.9495477, 34.3835429 ], [ -119.9493187, 34.3835445 ], [ -119.949089699999988, 34.3835471 ], [ -119.9488608, 34.3835501 ], [ -119.948631800000015, 34.3835541 ], [ -119.9484029, 34.3835586 ], [ -119.948174, 34.3835641 ], [ -119.947945100000013, 34.38357 ], [ -119.9477163, 34.3835769 ], [ -119.9474874, 34.3835843 ], [ -119.9472587, 34.3835926 ], [ -119.9470299, 34.3836014 ], [ -119.946801199999982, 34.3836112 ], [ -119.946572599999982, 34.383621399999988 ], [ -119.946344, 34.3836326 ], [ -119.9461154, 34.3836443 ], [ -119.9458869, 34.383657 ], [ -119.9456585, 34.3836701 ], [ -119.945430099999982, 34.3836842 ], [ -119.945201799999978, 34.3836987 ], [ -119.944973499999975, 34.3837142 ], [ -119.9447453, 34.3837302 ], [ -119.944517300000015, 34.3837472 ], [ -119.9442892, 34.3837646 ], [ -119.944061300000016, 34.383783 ], [ -119.9438334, 34.3838018 ], [ -119.9436057, 34.3838216 ], [ -119.943378, 34.3838419 ], [ -119.9431504, 34.3838632 ], [ -119.9429229, 34.3838849 ], [ -119.9426956, 34.3839075 ], [ -119.942520199999976, 34.3837984 ], [ -119.9423441, 34.38369 ], [ -119.9421677, 34.383582 ], [ -119.941990599999983, 34.3834746 ], [ -119.9418133, 34.3833677 ], [ -119.941635300000016, 34.3832614 ], [ -119.941457, 34.3831555 ], [ -119.941278099999977, 34.3830503 ], [ -119.941098899999986, 34.3829454 ], [ -119.940919099999988, 34.3828413 ], [ -119.940739, 34.3827375 ], [ -119.940558200000012, 34.3826345 ], [ -119.9403772, 34.3825318 ], [ -119.9401956, 34.3824299 ], [ -119.940018, 34.3823204 ], [ -119.9398398, 34.3822116 ], [ -119.9396612, 34.3821032 ], [ -119.939482, 34.3819955 ], [ -119.9393025, 34.3818882 ], [ -119.9391224, 34.381781599999989 ], [ -119.938941899999989, 34.3816753 ], [ -119.938760800000011, 34.3815698 ], [ -119.938579499999989, 34.3814647 ], [ -119.9383975, 34.3813603 ], [ -119.9382151, 34.3812563 ], [ -119.9380322, 34.381153 ], [ -119.937849, 34.38105 ], [ -119.9376652, 34.380947899999988 ], [ -119.937481100000014, 34.3808461 ], [ -119.937296300000014, 34.380745 ], [ -119.937111299999984, 34.3806443 ], [ -119.936925699999989, 34.3805444 ], [ -119.936739800000012, 34.3804448 ], [ -119.9365533, 34.380346 ], [ -119.9363665, 34.3802476 ], [ -119.9361792, 34.3801499 ], [ -119.9361025, 34.380109 ], [ -119.93602580000001, 34.3800682 ], [ -119.935948900000014, 34.3800276 ], [ -119.935780600000015, 34.3799337 ], [ -119.9356118, 34.3798404 ], [ -119.9354428, 34.3797475 ], [ -119.9352732, 34.3796552 ], [ -119.935103399999988, 34.3795632 ], [ -119.9349331, 34.3794718 ], [ -119.934730500000015, 34.379358 ], [ -119.9345453, 34.3792541 ], [ -119.9343595, 34.3791511 ], [ -119.9341734, 34.3790484 ], [ -119.9339867, 34.3789465 ], [ -119.9337997, 34.3788449 ], [ -119.933612, 34.3787441 ], [ -119.9334241, 34.3786438 ], [ -119.9333299, 34.378594 ], [ -119.933333300000015, 34.4166667 ], [ -119.9333329, 34.4354952 ], [ -119.9335895, 34.4354966 ], [ -119.9338696, 34.4355135 ], [ -119.934195300000013, 34.4355548 ], [ -119.9345485, 34.4356143 ], [ -119.934858, 34.4356373 ], [ -119.9351037, 34.435667 ], [ -119.935516600000014, 34.4357422 ], [ -119.9361248, 34.4358225 ], [ -119.9365131, 34.435854 ], [ -119.936859, 34.4358629 ], [ -119.937211, 34.4359002 ], [ -119.9377397, 34.4359341 ], [ -119.93793909999998, 34.4359122 ], [ -119.9380674, 34.4359149 ], [ -119.9381977, 34.4358839 ], [ -119.9383612, 34.4358718 ], [ -119.939083599999989, 34.435873 ], [ -119.939340799999982, 34.4358591 ], [ -119.9394943, 34.4358428 ], [ -119.939728100000011, 34.4357977 ], [ -119.9399067, 34.4357423 ], [ -119.940217, 34.4356653 ], [ -119.9404797, 34.4355766 ], [ -119.9406047, 34.435548 ], [ -119.940926300000015, 34.4354964 ], [ -119.941435199999987, 34.4354482 ], [ -119.9416655, 34.4354436 ], [ -119.9418798, 34.435462 ], [ -119.9421848, 34.4354609 ], [ -119.9426481, 34.4354861 ], [ -119.9429069, 34.4354427 ], [ -119.9431421, 34.4354267 ], [ -119.9434319, 34.4353969 ], [ -119.9438073, 34.43533 ], [ -119.9438701, 34.4353312 ], [ -119.944045, 34.4353552 ], [ -119.94418730000001, 34.4353576 ], [ -119.9444007, 34.4353366 ], [ -119.944577399999986, 34.4352809 ], [ -119.945081199999976, 34.435255 ], [ -119.945502300000015, 34.4352667 ], [ -119.9458478, 34.4352457 ], [ -119.9461722, 34.4352453 ], [ -119.946609099999989, 34.4352329 ], [ -119.9471541, 34.4352114 ], [ -119.947571099999976, 34.4351696 ], [ -119.9478748, 34.4351293 ], [ -119.9480505, 34.4350914 ], [ -119.9482276, 34.43504 ], [ -119.9485412, 34.4349238 ], [ -119.9487872, 34.434852 ], [ -119.948956200000012, 34.4348137 ], [ -119.9493843, 34.4347594 ], [ -119.949737199999987, 34.4346856 ], [ -119.949908099999988, 34.4346635 ], [ -119.950149400000015, 34.4346181 ], [ -119.9502541, 34.4346104 ], [ -119.9505042, 34.4346326 ], [ -119.9508075, 34.4346832 ], [ -119.9511274, 34.4347073 ], [ -119.9514049, 34.434752 ], [ -119.9518984, 34.4348123 ], [ -119.9521344, 34.4348515 ], [ -119.9522517, 34.4348796 ], [ -119.9526925, 34.4350242 ], [ -119.9527939, 34.4350489 ], [ -119.9534914, 34.4351343 ], [ -119.954059, 34.435181 ], [ -119.954783699999979, 34.4352927 ], [ -119.9550708, 34.4353594 ], [ -119.9555492, 34.4355131 ], [ -119.955999600000013, 34.4356834 ], [ -119.9562274, 34.4357462 ], [ -119.9569864, 34.435981 ], [ -119.957164299999988, 34.4360522 ], [ -119.9573014, 34.4361261 ], [ -119.957524, 34.4362779 ], [ -119.957932, 34.4365145 ], [ -119.9581979, 34.4366871 ], [ -119.958419, 34.4368059 ], [ -119.9591206, 34.4372903 ], [ -119.959517299999987, 34.4375317 ], [ -119.9596373, 34.4375889 ], [ -119.959784700000014, 34.4376462 ], [ -119.9602837, 34.4377997 ], [ -119.960739100000012, 34.437956199999988 ], [ -119.9608548, 34.4380043 ], [ -119.961012599999989, 34.4380854 ], [ -119.9612205, 34.4382082 ], [ -119.9612937, 34.4382598 ], [ -119.961788200000015, 34.4386753 ], [ -119.9622693, 34.4391769 ], [ -119.962541300000012, 34.4394231 ], [ -119.962696400000013, 34.4395258 ], [ -119.9627977, 34.4396171 ], [ -119.962827800000014, 34.4396334 ], [ -119.962883, 34.4396473 ], [ -119.962915199999983, 34.439684 ], [ -119.9629589, 34.4397022 ], [ -119.962995800000016, 34.4397593 ], [ -119.9630686, 34.4398115 ], [ -119.9631242, 34.4398744 ], [ -119.9631774, 34.4398979 ], [ -119.963285699999986, 34.4399251 ], [ -119.9634321, 34.4399807 ], [ -119.9634606, 34.4400016 ], [ -119.963468499999976, 34.4400392 ], [ -119.9634782, 34.4400494 ], [ -119.9636357, 34.4401002 ], [ -119.96366, 34.4401204 ], [ -119.96370060000001, 34.440182 ], [ -119.963788799999989, 34.440212 ], [ -119.963818599999982, 34.4402403 ], [ -119.963900700000011, 34.44037 ], [ -119.9640299, 34.4404741 ], [ -119.964100299999984, 34.4405132 ], [ -119.9641473, 34.4405686 ], [ -119.9642186, 34.4406253 ], [ -119.964241699999974, 34.4406741 ], [ -119.964265399999974, 34.4406966 ], [ -119.9643644, 34.440731 ], [ -119.9644135, 34.4407569 ], [ -119.964843699999989, 34.4410444 ], [ -119.9652968, 34.4412924 ], [ -119.965356, 34.4413199 ], [ -119.9656014, 34.4414072 ], [ -119.965873699999989, 34.4415556 ], [ -119.9660811, 34.4416301 ], [ -119.96627909999998, 34.4417272 ], [ -119.966351, 34.4417536 ], [ -119.966399699999982, 34.4418057 ], [ -119.966495699999982, 34.4418735 ], [ -119.966577500000014, 34.441913 ], [ -119.9666725, 34.4419411 ], [ -119.9667721, 34.4420118 ], [ -119.96686, 34.4420587 ], [ -119.9669306, 34.4420814 ], [ -119.9670649, 34.4420915 ], [ -119.9671721, 34.442119399999989 ], [ -119.96719779999998, 34.442132799999989 ], [ -119.9672254, 34.442166 ], [ -119.967295799999988, 34.4421982 ], [ -119.9675737, 34.4422616 ], [ -119.967711399999985, 34.4423126 ], [ -119.9679157, 34.4423728 ], [ -119.9680605, 34.4424469 ], [ -119.9683698, 34.4426599 ], [ -119.9684372, 34.4426967 ], [ -119.9684686, 34.4427001 ], [ -119.968538099999989, 34.4426716 ], [ -119.968580899999978, 34.4426712 ], [ -119.9685911, 34.4427284 ], [ -119.9686509, 34.4427863 ], [ -119.968759, 34.4428454 ], [ -119.9689403, 34.4429607 ], [ -119.9690324, 34.4430008 ], [ -119.969099199999988, 34.4430566 ], [ -119.9692895, 34.4431775 ], [ -119.9693307, 34.4431965 ], [ -119.969403899999975, 34.4432146 ], [ -119.969462, 34.4432496 ], [ -119.9695165, 34.4432721 ], [ -119.969625, 34.443276 ], [ -119.9697168, 34.4433066 ], [ -119.9697526, 34.4433633 ], [ -119.969784800000014, 34.4433946 ], [ -119.97011, 34.4436418 ], [ -119.970212499999974, 34.4437038 ], [ -119.970315, 34.4437364 ], [ -119.970561, 34.4439239 ], [ -119.9706152, 34.4439699 ], [ -119.9707364, 34.4440988 ], [ -119.9708783, 34.4441659 ], [ -119.970949499999989, 34.4442209 ], [ -119.9710785, 34.4442937 ], [ -119.9711564, 34.4443137 ], [ -119.9712783, 34.444327699999988 ], [ -119.9713247, 34.4443443 ], [ -119.971339, 34.4443603 ], [ -119.9713436, 34.4444019 ], [ -119.9713646, 34.4444392 ], [ -119.9714609, 34.4445266 ], [ -119.971724200000011, 34.4447042 ], [ -119.9720484, 34.4448838 ], [ -119.9723406, 34.44502 ], [ -119.9726007, 34.4451226 ], [ -119.9733111, 34.4454364 ], [ -119.9735592, 34.4455676 ], [ -119.9739911, 34.4458332 ], [ -119.9743108, 34.4459884 ], [ -119.9748026, 34.446185 ], [ -119.975360400000014, 34.4464256 ], [ -119.976270700000015, 34.4467679 ], [ -119.9767992, 34.4470064 ], [ -119.977071099999989, 34.4471069 ], [ -119.977590899999981, 34.4473283 ], [ -119.9779601, 34.4474696 ], [ -119.9781193, 34.4475483 ], [ -119.978449, 34.4477455 ], [ -119.979304, 34.4481406 ], [ -119.9800122, 34.4484522 ], [ -119.980381600000015, 34.448653199999988 ], [ -119.980805499999988, 34.4488634 ], [ -119.9810425, 34.448962 ], [ -119.9811508, 34.4490221 ], [ -119.9814369, 34.4491431 ], [ -119.9818692, 34.4493463 ], [ -119.983353499999978, 34.4499905 ], [ -119.9836173, 34.4500963 ], [ -119.9839966, 34.4502353 ], [ -119.9844, 34.4503628 ], [ -119.984633300000013, 34.4504287 ], [ -119.984859199999988, 34.4504826 ], [ -119.985002399999985, 34.4505094 ], [ -119.9852203, 34.4505318 ], [ -119.9855558, 34.4505477 ], [ -119.985923799999981, 34.4505439 ], [ -119.9859947, 34.450535 ], [ -119.986127400000015, 34.4505048 ], [ -119.986267, 34.4504602 ], [ -119.986327299999985, 34.45042 ], [ -119.9863427, 34.4504044 ], [ -119.986432599999986, 34.4503134 ], [ -119.9865332, 34.4502432 ], [ -119.9867864, 34.450132 ], [ -119.986913800000011, 34.4500849 ], [ -119.9873251, 34.4499595 ], [ -119.987998100000013, 34.449797 ], [ -119.988445700000014, 34.4498445 ], [ -119.988598199999984, 34.44984 ], [ -119.9887705, 34.4497987 ], [ -119.9890432, 34.449758 ], [ -119.9891474, 34.4497325 ], [ -119.9892152, 34.4497038 ], [ -119.9892547, 34.4496524 ], [ -119.989307700000012, 34.4496383 ], [ -119.98933719999998, 34.4496094 ], [ -119.9893863, 34.4495975 ], [ -119.9894432, 34.4495727 ], [ -119.9895157, 34.4495617 ], [ -119.9895791, 34.4495673 ], [ -119.9897035, 34.4495976 ], [ -119.9897856, 34.4496326 ], [ -119.989826099999988, 34.4496355 ], [ -119.989828800000012, 34.449635 ], [ -119.989897, 34.4496108 ], [ -119.98994, 34.4496152 ], [ -119.9899594, 34.4496258 ], [ -119.9899817, 34.449654599999988 ], [ -119.9899847, 34.4496925 ], [ -119.9899679, 34.4498329 ], [ -119.9899666, 34.4498445 ], [ -119.989980099999983, 34.4498841 ], [ -119.9900019, 34.449915 ], [ -119.990395, 34.4502219 ], [ -119.9908334, 34.4506056 ], [ -119.9909022, 34.4506527 ], [ -119.9912093, 34.4509108 ], [ -119.9917945, 34.4513689 ], [ -119.9921139, 34.4516323 ], [ -119.992309, 34.451774 ], [ -119.9925304, 34.451951 ], [ -119.993104599999981, 34.4523873 ], [ -119.9937181, 34.4528445 ], [ -119.9950777, 34.4538175 ], [ -119.995405199999979, 34.4540392 ], [ -119.9959175, 34.4543496 ], [ -119.996206499999985, 34.4545413 ], [ -119.996353199999987, 34.4546265 ], [ -119.996483, 34.4547273 ], [ -119.996580900000012, 34.4547846 ], [ -119.9966968, 34.454872 ], [ -119.997009399999982, 34.4550328 ], [ -119.9974113, 34.4552892 ], [ -119.9976208, 34.4554326 ], [ -119.99796520000001, 34.4556918 ], [ -119.9981232, 34.4557901 ], [ -119.99821870000001, 34.4558595 ], [ -119.999332599999988, 34.456504 ], [ -119.9994331, 34.456571 ], [ -119.9995456, 34.4566149 ], [ -119.999767100000014, 34.4567671 ], [ -120.0000637, 34.4569259 ], [ -120.000464099999988, 34.4571685 ], [ -120.0007319, 34.4572996 ], [ -120.001066, 34.4574832 ], [ -120.0013983, 34.4576909 ], [ -120.0017232, 34.457908 ], [ -120.001826200000011, 34.4579528 ], [ -120.0018795, 34.458007 ], [ -120.0020283, 34.4580935 ], [ -120.002115, 34.4581593 ], [ -120.002315, 34.4582894 ], [ -120.002615600000013, 34.4584525 ], [ -120.0031653, 34.4587321 ], [ -120.0038893, 34.4590848 ], [ -120.0046683, 34.4594512 ], [ -120.005616, 34.4598751 ], [ -120.0060156, 34.4600341 ], [ -120.0064712, 34.4602028 ], [ -120.0068322, 34.4603208 ], [ -120.007177899999974, 34.4604193 ], [ -120.007572099999976, 34.4605181 ], [ -120.0080365, 34.4606104 ], [ -120.0083388, 34.4606557 ], [ -120.0084828, 34.4606614 ], [ -120.008519, 34.4606723 ], [ -120.009222400000013, 34.4607692 ], [ -120.0094257, 34.460783 ], [ -120.009546700000016, 34.4607644 ], [ -120.0096644, 34.460771 ], [ -120.0103395, 34.4608393 ], [ -120.0105712, 34.4608725 ], [ -120.0108153, 34.4608833 ], [ -120.0111047, 34.4609276 ], [ -120.0111817, 34.4609249 ], [ -120.011305799999988, 34.4608974 ], [ -120.0113537, 34.4608726 ], [ -120.0113756, 34.4608701 ], [ -120.0114323, 34.460899 ], [ -120.0114831, 34.4609151 ], [ -120.011723, 34.4609682 ], [ -120.012224799999984, 34.4610649 ], [ -120.0131132, 34.4612153 ], [ -120.014085, 34.4613533 ], [ -120.0155362, 34.4616018 ], [ -120.015763799999988, 34.4616436 ], [ -120.015824599999974, 34.4616499 ], [ -120.0163433, 34.4617031 ], [ -120.0163461, 34.4617031 ], [ -120.016594900000015, 34.4617031 ], [ -120.0169437, 34.4617114 ], [ -120.017496099999988, 34.4616999 ], [ -120.01784210000001, 34.4616741 ], [ -120.018130700000015, 34.4616422 ], [ -120.0186665, 34.4615476 ], [ -120.018897599999988, 34.4614914 ], [ -120.019114800000011, 34.4614206 ], [ -120.0195818, 34.461238699999988 ], [ -120.019774899999987, 34.4611462 ], [ -120.019927, 34.4610612 ], [ -120.0200255, 34.4609909 ], [ -120.020286700000014, 34.4607632 ], [ -120.020440900000011, 34.4606096 ], [ -120.020531599999984, 34.4604951 ], [ -120.020653599999989, 34.4603197 ], [ -120.0207123, 34.4602208 ], [ -120.0208058, 34.4600316 ], [ -120.020833599999989, 34.4599465 ], [ -120.0208521, 34.4598624 ], [ -120.0209556, 34.4593923 ], [ -120.0209863, 34.4590862 ], [ -120.0210976, 34.458747099999989 ], [ -120.02122940000001, 34.4584424 ], [ -120.0213479, 34.4582921 ], [ -120.0214035, 34.4582351 ], [ -120.021703799999983, 34.4580143 ], [ -120.0219874, 34.4578734 ], [ -120.022070199999973, 34.4578422 ], [ -120.022280599999988, 34.4577875 ], [ -120.022557299999988, 34.4577553 ], [ -120.022704499999989, 34.4577273 ], [ -120.02281, 34.4577182 ], [ -120.0228751, 34.4576995 ], [ -120.0229663, 34.4576871 ], [ -120.0230803, 34.4577125 ], [ -120.023644600000011, 34.4578771 ], [ -120.023757199999977, 34.4578979 ], [ -120.0237976, 34.4579201 ], [ -120.023958400000012, 34.4579759 ], [ -120.0239967, 34.4579832 ], [ -120.0240453, 34.4579808 ], [ -120.0241474, 34.4580358 ], [ -120.0245331, 34.4581725 ], [ -120.0245787, 34.4582014 ], [ -120.024578, 34.4582356 ], [ -120.0245813, 34.4582403 ], [ -120.0246, 34.4582662 ], [ -120.0246726, 34.4583182 ], [ -120.0249928, 34.4584738 ], [ -120.0260692, 34.459068 ], [ -120.027145299999987, 34.4596496 ], [ -120.028109300000011, 34.4601544 ], [ -120.028774399999989, 34.4604819 ], [ -120.029610299999987, 34.4608728 ], [ -120.030712099999974, 34.4613594 ], [ -120.0311598, 34.461542 ], [ -120.0313859, 34.4616449 ], [ -120.0325957, 34.4621325 ], [ -120.033248, 34.4623705 ], [ -120.0339569, 34.462609 ], [ -120.0344725, 34.462764 ], [ -120.035034400000015, 34.4629161 ], [ -120.0353797, 34.4629968 ], [ -120.0361791, 34.4631625 ], [ -120.0369826, 34.4632948 ], [ -120.037518399999982, 34.4633599 ], [ -120.0382603, 34.4634179 ], [ -120.038912, 34.4634424 ], [ -120.039146299999985, 34.4634422 ], [ -120.0398325, 34.4634135 ], [ -120.0406855, 34.4633562 ], [ -120.040953, 34.4633312 ], [ -120.0424908, 34.4631705 ], [ -120.0432779, 34.4630634 ], [ -120.0437933, 34.4629646 ], [ -120.044510199999976, 34.4627604 ], [ -120.045645499999978, 34.4624768 ], [ -120.0459573, 34.4624144 ], [ -120.0465687, 34.4623266 ], [ -120.0468793, 34.4622731 ], [ -120.04698089999998, 34.4622347 ], [ -120.0470416, 34.4621872 ], [ -120.04707470000001, 34.4621357 ], [ -120.0470755, 34.4620569 ], [ -120.0470908, 34.462044 ], [ -120.04718, 34.4620389 ], [ -120.047354, 34.4620109 ], [ -120.047773, 34.4619821 ], [ -120.047859699999975, 34.4619523 ], [ -120.0479615, 34.4619552 ], [ -120.048061800000013, 34.4619474 ], [ -120.0484298, 34.4619003 ], [ -120.0485135, 34.4618953 ], [ -120.0485754, 34.4618808 ], [ -120.048657600000013, 34.461893599999989 ], [ -120.0489574, 34.4618735 ], [ -120.0491603, 34.46185 ], [ -120.0492465, 34.4618256 ], [ -120.049293499999976, 34.4618229 ], [ -120.049326499999978, 34.4618079 ], [ -120.0493758, 34.4617626 ], [ -120.049379899999977, 34.4617383 ], [ -120.049367899999979, 34.4616894 ], [ -120.049374699999987, 34.4616705 ], [ -120.0493946, 34.4616682 ], [ -120.049433799999989, 34.4616901 ], [ -120.049458699999988, 34.4616946 ], [ -120.0495483, 34.4616675 ], [ -120.0496029, 34.4616283 ], [ -120.049609300000014, 34.4616098 ], [ -120.049603300000015, 34.4615623 ], [ -120.0496208, 34.4615529 ], [ -120.049651900000015, 34.4615566 ], [ -120.04968430000001, 34.461575499999988 ], [ -120.049723899999989, 34.4616411 ], [ -120.0497993, 34.4615998 ], [ -120.049892299999982, 34.4615735 ], [ -120.0499156, 34.4615795 ], [ -120.0499581, 34.461614 ], [ -120.0500178, 34.4616257 ], [ -120.0503451, 34.4616105 ], [ -120.05089289999998, 34.4616234 ], [ -120.051152099999982, 34.4616456 ], [ -120.0512985, 34.4616638 ], [ -120.051531899999986, 34.4617068 ], [ -120.0519278, 34.4617444 ], [ -120.053146, 34.4618915 ], [ -120.0535469, 34.4619141 ], [ -120.0537656, 34.4619126 ], [ -120.0538392, 34.4619013 ], [ -120.053901, 34.4618686 ], [ -120.054117, 34.4618539 ], [ -120.0545061, 34.461794499999989 ], [ -120.0549886, 34.4616884 ], [ -120.0551155, 34.4616444 ], [ -120.0553241, 34.4615486 ], [ -120.0553758, 34.4615093 ], [ -120.055473800000016, 34.4614681 ], [ -120.0555391, 34.4614226 ], [ -120.055639500000012, 34.4613949 ], [ -120.0557054, 34.4613561 ], [ -120.0558355, 34.4613671 ], [ -120.0563275, 34.461340799999988 ], [ -120.0565235, 34.4613416 ], [ -120.0565971, 34.4613273 ], [ -120.0566808, 34.4612833 ], [ -120.056783299999978, 34.4612695 ], [ -120.057254500000013, 34.461284 ], [ -120.0573911, 34.4612771 ], [ -120.057418899999988, 34.4612658 ], [ -120.0574443, 34.4612441 ], [ -120.0575084, 34.4610936 ], [ -120.057529, 34.4610758 ], [ -120.0575495, 34.4610829 ], [ -120.0576479, 34.4611562 ], [ -120.0577215, 34.4611791 ], [ -120.0580605, 34.4611945 ], [ -120.0583567, 34.4612314 ], [ -120.0583623, 34.4612309 ], [ -120.0583624, 34.4612309 ], [ -120.0584189, 34.4612266 ], [ -120.0584733, 34.4612005 ], [ -120.0585217, 34.4612277 ], [ -120.058569, 34.4612409 ], [ -120.058991, 34.4612928 ], [ -120.059038699999988, 34.4612925 ], [ -120.0590599, 34.4612857 ], [ -120.05904, 34.4612337 ], [ -120.0590501, 34.4612199 ], [ -120.059073899999987, 34.4612108 ], [ -120.0590966, 34.4612651 ], [ -120.059167499999987, 34.461296 ], [ -120.0592219, 34.461301 ], [ -120.0592991, 34.4612906 ], [ -120.0593509, 34.4613205 ], [ -120.0594207, 34.461333 ], [ -120.0595706, 34.4613418 ], [ -120.0596555, 34.4613367 ], [ -120.0607442, 34.4615404 ], [ -120.0612442, 34.461626699999989 ], [ -120.0620628, 34.4617447 ], [ -120.0626873, 34.4618647 ], [ -120.063016499999989, 34.461914299999989 ], [ -120.06340440000001, 34.461948 ], [ -120.0642191, 34.4619803 ], [ -120.0658344, 34.4621552 ], [ -120.0661328, 34.4622055 ], [ -120.0664348, 34.462267 ], [ -120.0672373, 34.462461 ], [ -120.067467799999974, 34.4625095 ], [ -120.067782099999988, 34.4625644 ], [ -120.0682806, 34.4626368 ], [ -120.068622100000013, 34.4626756 ], [ -120.0690723, 34.4627088 ], [ -120.0694405, 34.4627179 ], [ -120.0698231, 34.46271 ], [ -120.0702403, 34.4626761 ], [ -120.070524699999979, 34.4626425 ], [ -120.070965300000012, 34.4625702 ], [ -120.0713977, 34.4624821 ], [ -120.071886100000015, 34.462357 ], [ -120.0722709, 34.4622412 ], [ -120.072586199999975, 34.4621221 ], [ -120.072829399999989, 34.4620066 ], [ -120.0729853, 34.461912 ], [ -120.0731679, 34.461771 ], [ -120.073343799999975, 34.4616161 ], [ -120.0733796, 34.4615724 ], [ -120.0734045, 34.4615219 ], [ -120.073421399999987, 34.4614306 ], [ -120.0734162, 34.4613259 ], [ -120.073384100000013, 34.4612202 ], [ -120.0732769, 34.4609998 ], [ -120.0732559, 34.4608277 ], [ -120.0732684, 34.4607774 ], [ -120.0733148, 34.4607353 ], [ -120.073385, 34.4606996 ], [ -120.0736094, 34.4606432 ], [ -120.073691700000012, 34.4606117 ], [ -120.0737305, 34.4605864 ], [ -120.0738321, 34.4605732 ], [ -120.073896499999989, 34.460552 ], [ -120.0739339, 34.4605287 ], [ -120.073966599999977, 34.4604887 ], [ -120.073993500000014, 34.460478 ], [ -120.074137799999988, 34.4604797 ], [ -120.074231499999982, 34.460472 ], [ -120.0744044, 34.4604498 ], [ -120.0745856, 34.4604144 ], [ -120.0747519, 34.4603998 ], [ -120.0748242, 34.4604112 ], [ -120.075597799999983, 34.4604371 ], [ -120.0756546, 34.4604358 ], [ -120.075739, 34.4604135 ], [ -120.075931900000015, 34.4604047 ], [ -120.0763461, 34.4604157 ], [ -120.076973, 34.4604512 ], [ -120.0770925, 34.4604426 ], [ -120.0771851, 34.4604238 ], [ -120.0776272, 34.4604398 ], [ -120.0782674, 34.4604786 ], [ -120.0784684, 34.4604845 ], [ -120.0792641, 34.4604412 ], [ -120.0804579, 34.4604568 ], [ -120.0807218, 34.4604532 ], [ -120.080992400000014, 34.460432 ], [ -120.0811796, 34.4604334 ], [ -120.0812638, 34.460427 ], [ -120.081749799999983, 34.4604552 ], [ -120.0819672, 34.4604584 ], [ -120.0821353, 34.460444699999989 ], [ -120.0821424, 34.460443 ], [ -120.082192800000016, 34.4604272 ], [ -120.0823177, 34.4604057 ], [ -120.0824697, 34.4603975 ], [ -120.0828965, 34.4604277 ], [ -120.0831222, 34.4604634 ], [ -120.083185899999989, 34.4604489 ], [ -120.0832837, 34.4603969 ], [ -120.083310199999985, 34.4603906 ], [ -120.083386300000015, 34.4604226 ], [ -120.0834367, 34.4604316 ], [ -120.0842264, 34.4604807 ], [ -120.0844846, 34.460485 ], [ -120.084984299999988, 34.460475 ], [ -120.085355100000015, 34.4604448 ], [ -120.0858555, 34.4603872 ], [ -120.085937699999988, 34.4603714 ], [ -120.0860565, 34.4603227 ], [ -120.0861, 34.4603143 ], [ -120.086358199999978, 34.4603014 ], [ -120.0866203, 34.4603054 ], [ -120.086683, 34.4602879 ], [ -120.0868052, 34.4602712 ], [ -120.086955799999984, 34.4602666 ], [ -120.0870076, 34.4602858 ], [ -120.0871878, 34.46028 ], [ -120.0873622, 34.4602908 ], [ -120.087626, 34.4602953 ], [ -120.087721699999989, 34.4602901 ], [ -120.087994199999983, 34.4603176 ], [ -120.0885784, 34.4603445 ], [ -120.0890954, 34.4604234 ], [ -120.0896059, 34.4604707 ], [ -120.0900339, 34.4604687 ], [ -120.0901862, 34.4604779 ], [ -120.0908163, 34.46057 ], [ -120.0916432, 34.4607443 ], [ -120.0921493, 34.4608346 ], [ -120.0928082, 34.4609367 ], [ -120.093107, 34.4609697 ], [ -120.0931716, 34.4609768 ], [ -120.0933753, 34.4609647 ], [ -120.0937649, 34.4609808 ], [ -120.093955, 34.461011 ], [ -120.0941707, 34.4610692 ], [ -120.094304899999983, 34.4610959 ], [ -120.094406, 34.4611159 ], [ -120.0944583, 34.4611158 ], [ -120.094499200000016, 34.461096 ], [ -120.094533399999989, 34.4611331 ], [ -120.094567399999988, 34.4611488 ], [ -120.0950182, 34.4612439 ], [ -120.0964184, 34.4616111 ], [ -120.096697599999985, 34.4616919 ], [ -120.0973554, 34.4619117 ], [ -120.097904, 34.4621303 ], [ -120.0981549, 34.4622416 ], [ -120.099678, 34.4630737 ], [ -120.0999268, 34.4632001 ], [ -120.10036, 34.4633902 ], [ -120.1007894, 34.463556 ], [ -120.101173, 34.4636811 ], [ -120.1014333, 34.4637528 ], [ -120.1016805, 34.463831 ], [ -120.1018989, 34.4638782 ], [ -120.102037700000011, 34.4638617 ], [ -120.1020533, 34.4638554 ], [ -120.1021119, 34.4638254 ], [ -120.102147, 34.463818599999989 ], [ -120.1022642, 34.4638166 ], [ -120.102359, 34.4638317 ], [ -120.1032827, 34.4642267 ], [ -120.1033496, 34.4642531 ], [ -120.1034024, 34.4642639 ], [ -120.1034185, 34.4642851 ], [ -120.103456799999989, 34.464304299999988 ], [ -120.104225899999975, 34.4645936 ], [ -120.1048608, 34.4648496 ], [ -120.1055357, 34.4651354 ], [ -120.1055403, 34.4651374 ], [ -120.1058938, 34.4652412 ], [ -120.1063039, 34.4653725 ], [ -120.1065941, 34.465474799999988 ], [ -120.1070143, 34.4656493 ], [ -120.1073745, 34.4658081 ], [ -120.107385600000015, 34.4658092 ], [ -120.1075814, 34.4658293 ], [ -120.1077212, 34.4659026 ], [ -120.1077509, 34.4659148 ], [ -120.108074499999987, 34.4660452 ], [ -120.1087365, 34.4663375 ], [ -120.1099489, 34.4668476 ], [ -120.110563, 34.4671171 ], [ -120.1114049, 34.4674624 ], [ -120.1124184, 34.4678907 ], [ -120.1133052, 34.4682393 ], [ -120.114067799999987, 34.4685033 ], [ -120.1151027, 34.4688924 ], [ -120.11552, 34.469005 ], [ -120.1158248, 34.4691044 ], [ -120.116311, 34.4692133 ], [ -120.1166969, 34.4693333 ], [ -120.116885900000014, 34.4694002 ], [ -120.1169794, 34.4694411 ], [ -120.117255, 34.4695245 ], [ -120.117887799999977, 34.4697831 ], [ -120.1181794, 34.4698944 ], [ -120.1184757, 34.4699887 ], [ -120.1188486, 34.470074 ], [ -120.1195413, 34.4701975 ], [ -120.1199292, 34.470258199999989 ], [ -120.1202268, 34.4703294 ], [ -120.120512600000012, 34.4703466 ], [ -120.120907699999989, 34.4704282 ], [ -120.12134, 34.4705371 ], [ -120.1220903, 34.4707444 ], [ -120.122855800000011, 34.470928 ], [ -120.123663400000012, 34.4711374 ], [ -120.125183400000012, 34.4714545 ], [ -120.1258763, 34.4715889 ], [ -120.1263302, 34.4716515 ], [ -120.1265892, 34.4716946 ], [ -120.1270185, 34.471745 ], [ -120.1273886, 34.4718014 ], [ -120.1277933, 34.4718413 ], [ -120.1284379, 34.4719243 ], [ -120.129095299999989, 34.472024 ], [ -120.129496800000013, 34.4720578 ], [ -120.129856299999986, 34.4720992 ], [ -120.130854700000015, 34.472245 ], [ -120.131481, 34.4723728 ], [ -120.1327911, 34.4726973 ], [ -120.1332301, 34.4728142 ], [ -120.1344109, 34.4730899 ], [ -120.1344121, 34.4730902 ], [ -120.1349626, 34.4731591 ], [ -120.136402800000013, 34.473316 ], [ -120.1373283, 34.473352 ], [ -120.1391583, 34.4733968 ], [ -120.140016399999979, 34.4734128 ], [ -120.140043699999978, 34.4734133 ], [ -120.1402838, 34.4734025 ], [ -120.1404565, 34.4734055 ], [ -120.1409416, 34.4734503 ], [ -120.141158799999985, 34.4734939 ], [ -120.1415172, 34.4735407 ], [ -120.1416724, 34.473551 ], [ -120.1418706, 34.4735524 ], [ -120.14294240000001, 34.4734429 ], [ -120.143113499999984, 34.4734415 ], [ -120.1432989, 34.4734666 ], [ -120.1433892, 34.4734539 ], [ -120.143544, 34.4734554 ], [ -120.143694099999976, 34.4734358 ], [ -120.1439595, 34.4734244 ], [ -120.144513300000014, 34.4734496 ], [ -120.144615, 34.4734374 ], [ -120.144836, 34.473379 ], [ -120.144944200000012, 34.4733656 ], [ -120.1456407, 34.473329 ], [ -120.1462512, 34.4733337 ], [ -120.146314199999978, 34.4733246 ], [ -120.1463919, 34.4733012 ], [ -120.146476, 34.4732928 ], [ -120.146555600000013, 34.4732626 ], [ -120.1466476, 34.4732424 ], [ -120.146904, 34.4731961 ], [ -120.1473487, 34.4731543 ], [ -120.147723, 34.4731404 ], [ -120.1478326, 34.473146 ], [ -120.1479053, 34.4731221 ], [ -120.147983599999989, 34.4731373 ], [ -120.148285, 34.4731667 ], [ -120.148504299999985, 34.4731506 ], [ -120.1487499, 34.4731583 ], [ -120.14932, 34.4732294 ], [ -120.1495868, 34.4732105 ], [ -120.149747699999978, 34.4732162 ], [ -120.1500664, 34.4732544 ], [ -120.150285299999979, 34.473312799999988 ], [ -120.150315800000016, 34.4733052 ], [ -120.1503428, 34.4732861 ], [ -120.1504016, 34.4732148 ], [ -120.1504494, 34.4731402 ], [ -120.1504977, 34.4731124 ], [ -120.150532499999983, 34.4731191 ], [ -120.1505819, 34.4731482 ], [ -120.1506361, 34.473158 ], [ -120.151045599999975, 34.4731688 ], [ -120.152266899999987, 34.4731396 ], [ -120.1530039, 34.4730849 ], [ -120.153083, 34.4730697 ], [ -120.1531628, 34.4730428 ], [ -120.1533116, 34.4730384 ], [ -120.1536517, 34.4729907 ], [ -120.153919699999989, 34.4729382 ], [ -120.154181799999989, 34.4729014 ], [ -120.154328799999973, 34.4728719 ], [ -120.1544086, 34.4728409 ], [ -120.1545565, 34.4727416 ], [ -120.154599699999977, 34.472696 ], [ -120.1546409, 34.4726828 ], [ -120.154937, 34.4726411 ], [ -120.155198700000014, 34.4726147 ], [ -120.1553518, 34.472571 ], [ -120.155674599999983, 34.4725272 ], [ -120.1560626, 34.4725002 ], [ -120.156638199999989, 34.4724069 ], [ -120.1567688, 34.4723735 ], [ -120.1568428, 34.4723711 ], [ -120.1569325, 34.472354 ], [ -120.1571837, 34.4723296 ], [ -120.1574972, 34.472315 ], [ -120.1575955, 34.4722963 ], [ -120.157712600000011, 34.4722607 ], [ -120.157841300000015, 34.4721969 ], [ -120.1579426, 34.4722 ], [ -120.1580258, 34.4721906 ], [ -120.1584291, 34.4721012 ], [ -120.1585538, 34.4720647 ], [ -120.158704, 34.4720049 ], [ -120.15890610000001, 34.4719038 ], [ -120.15921, 34.4717656 ], [ -120.1593229, 34.4716993 ], [ -120.1595692, 34.4715324 ], [ -120.1595813, 34.471501 ], [ -120.1595978, 34.4714916 ], [ -120.160005399999989, 34.4714849 ], [ -120.1603045, 34.4715021 ], [ -120.1604257, 34.4714659 ], [ -120.1605259, 34.4714513 ], [ -120.160547099999974, 34.4714543 ], [ -120.1605793, 34.4714777 ], [ -120.1605947, 34.4714806 ], [ -120.1606112, 34.4714742 ], [ -120.1606509, 34.471434 ], [ -120.1607225, 34.4714028 ], [ -120.1609396, 34.471352 ], [ -120.161097200000015, 34.4713351 ], [ -120.1611264, 34.471341 ], [ -120.1611488, 34.4713732 ], [ -120.161169699999988, 34.471384199999989 ], [ -120.161312599999988, 34.4713983 ], [ -120.1616627, 34.4713959 ], [ -120.1621084, 34.4714131 ], [ -120.1621828, 34.4714106 ], [ -120.1624001, 34.4713667 ], [ -120.1625721, 34.4713839 ], [ -120.1631156, 34.4714133 ], [ -120.163425, 34.4713864 ], [ -120.163670200000013, 34.4713795 ], [ -120.1638917, 34.4713636 ], [ -120.1640567, 34.4713618 ], [ -120.16417580000001, 34.4713404 ], [ -120.16458440000001, 34.471311 ], [ -120.16474070000001, 34.4712831 ], [ -120.1648095, 34.4712644 ], [ -120.164854, 34.4712428 ], [ -120.16487810000001, 34.471217 ], [ -120.1648916, 34.4711782 ], [ -120.1649329, 34.4711953 ], [ -120.1649825, 34.4711963 ], [ -120.165184499999981, 34.4711747 ], [ -120.165311300000013, 34.4711495 ], [ -120.1654383, 34.4711356 ], [ -120.1656456, 34.4711002 ], [ -120.165875, 34.4710376 ], [ -120.1660138, 34.4709146 ], [ -120.1660958, 34.4709082 ], [ -120.1663417, 34.4708523 ], [ -120.166598100000016, 34.4707761 ], [ -120.1667123, 34.4707317 ], [ -120.1668299, 34.4706628 ], [ -120.1669204, 34.470579799999989 ], [ -120.167073, 34.4704801 ], [ -120.1671366, 34.4704244 ], [ -120.1674619, 34.470258 ], [ -120.167613100000011, 34.4701682 ], [ -120.1677593, 34.4700428 ], [ -120.16801310000001, 34.4698582 ], [ -120.1682363, 34.4697474 ], [ -120.168464300000011, 34.4696626 ], [ -120.1685686, 34.4696079 ], [ -120.168631, 34.4695971 ], [ -120.16877, 34.4696005 ], [ -120.1690545, 34.4696226 ], [ -120.1694111, 34.4696657 ], [ -120.1696907, 34.4697303 ], [ -120.1698197, 34.4697429 ], [ -120.1698857, 34.4697348 ], [ -120.169909499999989, 34.4697466 ], [ -120.16990770000001, 34.4697662 ], [ -120.169969099999989, 34.4697818 ], [ -120.170618499999989, 34.4698828 ], [ -120.171160199999989, 34.4699809 ], [ -120.1716762, 34.4700459 ], [ -120.1724772, 34.4701866 ], [ -120.172535699999983, 34.4701907 ], [ -120.1726545, 34.4702235 ], [ -120.1730442, 34.4702893 ], [ -120.1734533, 34.4703694 ], [ -120.1736412, 34.4703762 ], [ -120.1737062, 34.4703657 ], [ -120.1737796, 34.4703948 ], [ -120.1739459, 34.4703918 ], [ -120.174064699999974, 34.470439399999989 ], [ -120.1742554, 34.470473 ], [ -120.1752314, 34.470597 ], [ -120.1755808, 34.4706514 ], [ -120.175643900000011, 34.470653 ], [ -120.1757728, 34.4706401 ], [ -120.1759451, 34.4706435 ], [ -120.176452399999988, 34.4706679 ], [ -120.177764199999984, 34.4707116 ], [ -120.1782504, 34.4707138 ], [ -120.178789, 34.47073 ], [ -120.1790801, 34.4707233 ], [ -120.1801445, 34.4707393 ], [ -120.1807778, 34.4707324 ], [ -120.1811692, 34.4707116 ], [ -120.1815233, 34.4707022 ], [ -120.181955599999981, 34.4706642 ], [ -120.1822961, 34.4706493 ], [ -120.182647100000011, 34.4706025 ], [ -120.1830445, 34.4705908 ], [ -120.1831689, 34.4705797 ], [ -120.1835288, 34.4705217 ], [ -120.183883200000011, 34.4704976 ], [ -120.184206499999988, 34.4704332 ], [ -120.18454, 34.4703446 ], [ -120.184614900000014, 34.4703069 ], [ -120.1846819, 34.4702448 ], [ -120.1849071, 34.4701937 ], [ -120.185036, 34.4701798 ], [ -120.185160599999989, 34.4701565 ], [ -120.185583, 34.4700508 ], [ -120.185829799999979, 34.4699792 ], [ -120.1859037, 34.469949 ], [ -120.1859421, 34.4699232 ], [ -120.1860132, 34.4699195 ], [ -120.1861654, 34.469897 ], [ -120.186549899999974, 34.4698233 ], [ -120.1867298, 34.4698175 ], [ -120.1870332, 34.4698387 ], [ -120.1874204, 34.4698798 ], [ -120.188024899999988, 34.469972399999989 ], [ -120.1884801, 34.4700523 ], [ -120.189135099999987, 34.4701446 ], [ -120.190352299999986, 34.4702902 ], [ -120.1905649, 34.4702992 ], [ -120.1905959, 34.4702922 ], [ -120.1906823, 34.4702487 ], [ -120.1907403, 34.470240499999989 ], [ -120.1908933, 34.470284299999989 ], [ -120.190997900000013, 34.4703046 ], [ -120.1913014, 34.4703339 ], [ -120.191846700000013, 34.4704083 ], [ -120.1927116, 34.4705414 ], [ -120.1938865, 34.4706643 ], [ -120.194275100000013, 34.4706899 ], [ -120.194714499999989, 34.4707383 ], [ -120.195095399999985, 34.4707465 ], [ -120.1952807, 34.4707696 ], [ -120.195451800000015, 34.4707774 ], [ -120.1958125, 34.4707708 ], [ -120.1959309, 34.470744599999989 ], [ -120.1960029, 34.4707559 ], [ -120.1963366, 34.4707582 ], [ -120.1968612, 34.4707797 ], [ -120.1971129, 34.4707809 ], [ -120.1974323, 34.4707618 ], [ -120.1982004, 34.4707773 ], [ -120.198564800000014, 34.4707766 ], [ -120.1987561, 34.4707656 ], [ -120.198857, 34.4707355 ], [ -120.198929299999989, 34.4707502 ], [ -120.1992365, 34.4707543 ], [ -120.199602899999988, 34.4707694 ], [ -120.199959600000014, 34.4707497 ], [ -120.200078799999986, 34.4707324 ], [ -120.2003233, 34.4707219 ], [ -120.2005547, 34.4707331 ], [ -120.2007263, 34.4707168 ], [ -120.201067399999985, 34.4707001 ], [ -120.201197900000011, 34.4706768 ], [ -120.201391, 34.4706879 ], [ -120.201515399999977, 34.4706714 ], [ -120.202113, 34.4706539 ], [ -120.2022901, 34.4706317 ], [ -120.2023555, 34.4705867 ], [ -120.2024097, 34.4706099 ], [ -120.2024659, 34.4706172 ], [ -120.2027695, 34.4705959 ], [ -120.20304849999998, 34.4706004 ], [ -120.203267400000016, 34.4705795 ], [ -120.2034482, 34.4705491 ], [ -120.2036563, 34.4705291 ], [ -120.204091299999988, 34.4705251 ], [ -120.204144899999989, 34.4705165 ], [ -120.2042315, 34.4704881 ], [ -120.2045112, 34.4705054 ], [ -120.2047324, 34.4705274 ], [ -120.2048628, 34.4705276 ], [ -120.204921599999977, 34.4705192 ], [ -120.2049582, 34.4705043 ], [ -120.205001599999989, 34.4704567 ], [ -120.2050194, 34.4704202 ], [ -120.2050344, 34.4704127 ], [ -120.205180899999988, 34.4704838 ], [ -120.205269699999988, 34.4705002 ], [ -120.206436, 34.4705556 ], [ -120.2064982, 34.4705516 ], [ -120.2065628, 34.4705334 ], [ -120.2066056, 34.4705291 ], [ -120.2072994, 34.4705366 ], [ -120.207583, 34.4705271 ], [ -120.2084352, 34.4705575 ], [ -120.2085739, 34.4705477 ], [ -120.2086671, 34.4705302 ], [ -120.2088964, 34.4705249 ], [ -120.20913560000001, 34.470548 ], [ -120.2094709, 34.4705619 ], [ -120.2096071, 34.4705517 ], [ -120.210473, 34.4706388 ], [ -120.2112981, 34.4707078 ], [ -120.2117319, 34.4707541 ], [ -120.211998099999988, 34.4707615 ], [ -120.2121111, 34.4707717 ], [ -120.212216899999987, 34.4707602 ], [ -120.21275009999998, 34.470769 ], [ -120.2132566, 34.4708021 ], [ -120.213602099999989, 34.4708458 ], [ -120.2138176, 34.4708455 ], [ -120.214184799999984, 34.4708644 ], [ -120.2145125, 34.4708618 ], [ -120.21469780000001, 34.4708201 ], [ -120.2147957, 34.4708127 ], [ -120.2150804, 34.4708164 ], [ -120.2154299, 34.4708444 ], [ -120.215853199999984, 34.4708611 ], [ -120.21636479999998, 34.4708688 ], [ -120.2167561, 34.4708854 ], [ -120.217201800000012, 34.4708767 ], [ -120.217421699999989, 34.4708502 ], [ -120.2176361, 34.4708406 ], [ -120.217979, 34.4708443 ], [ -120.218081, 34.4708364 ], [ -120.2181658, 34.4708216 ], [ -120.218592699999988, 34.4708278 ], [ -120.2189313, 34.4708693 ], [ -120.2191496, 34.470848 ], [ -120.2194409, 34.4708358 ], [ -120.219993, 34.4708536 ], [ -120.220081400000012, 34.4708365 ], [ -120.220456899999974, 34.4708232 ], [ -120.220482599999983, 34.4708185 ], [ -120.220508900000013, 34.4708034 ], [ -120.2205507, 34.4708 ], [ -120.2213027, 34.4708073 ], [ -120.2219617, 34.47083 ], [ -120.2221517, 34.4708272 ], [ -120.2226571, 34.4708366 ], [ -120.223029700000012, 34.4708249 ], [ -120.223266099999989, 34.4708362 ], [ -120.2234767, 34.4708223 ], [ -120.2236811, 34.4708205 ], [ -120.223767200000012, 34.4708127 ], [ -120.224040299999984, 34.4708175 ], [ -120.2243587, 34.4708041 ], [ -120.2247916, 34.4708039 ], [ -120.2255333, 34.4707751 ], [ -120.2260044, 34.4707681 ], [ -120.226342, 34.4707442 ], [ -120.226502200000013, 34.4707328 ], [ -120.226556, 34.4707346 ], [ -120.226689100000016, 34.4707551 ], [ -120.2269787, 34.4707622 ], [ -120.227689399999988, 34.4708361 ], [ -120.22812, 34.4708681 ], [ -120.2283016, 34.4708637 ], [ -120.2284931, 34.4708189 ], [ -120.228747, 34.4707781 ], [ -120.228776499999981, 34.4707681 ], [ -120.228817899999981, 34.4707382 ], [ -120.2288555, 34.4707278 ], [ -120.228976, 34.4707434 ], [ -120.229122, 34.4707258 ], [ -120.229283199999983, 34.4706954 ], [ -120.2294575, 34.470698 ], [ -120.2294915, 34.4706863 ], [ -120.229593, 34.4706196 ], [ -120.2296619, 34.4705924 ], [ -120.229926, 34.4705796 ], [ -120.2301638, 34.4705236 ], [ -120.230496699999989, 34.4704963 ], [ -120.230554699999985, 34.4704759 ], [ -120.23062, 34.47044 ], [ -120.2307056, 34.4703474 ], [ -120.2307649, 34.4702964 ], [ -120.2307999, 34.4702973 ], [ -120.230885199999989, 34.4703511 ], [ -120.2309274, 34.470351 ], [ -120.230969399999978, 34.4703347 ], [ -120.2310604, 34.4702572 ], [ -120.2311226, 34.4702242 ], [ -120.2311557, 34.4702327 ], [ -120.231190399999988, 34.4703014 ], [ -120.2312175, 34.470327 ], [ -120.2312632, 34.470343299999989 ], [ -120.23132, 34.4703475 ], [ -120.2316931, 34.4703282 ], [ -120.232168500000014, 34.4702927 ], [ -120.232859100000013, 34.4702163 ], [ -120.2330543, 34.4702126 ], [ -120.2333235, 34.4701507 ], [ -120.2336642, 34.470099 ], [ -120.2339429, 34.4700393 ], [ -120.234071199999988, 34.4700265 ], [ -120.2341691, 34.4699916 ], [ -120.2344531, 34.4699202 ], [ -120.23463839999998, 34.4698939 ], [ -120.2348058, 34.469806 ], [ -120.234933399999989, 34.4697638 ], [ -120.2349956, 34.4697584 ], [ -120.235074399999974, 34.4697758 ], [ -120.2351275, 34.469773 ], [ -120.2352712, 34.4697292 ], [ -120.235282499999983, 34.469723 ], [ -120.235331199999976, 34.4696962 ], [ -120.235384599999975, 34.469709 ], [ -120.2354302, 34.469710899999988 ], [ -120.235569, 34.4696831 ], [ -120.2357138, 34.4696829 ], [ -120.2357477, 34.4696756 ], [ -120.2358137, 34.4696468 ], [ -120.2361994, 34.4695868 ], [ -120.23645710000001, 34.4695212 ], [ -120.236569299999985, 34.469459 ], [ -120.236630100000013, 34.4694052 ], [ -120.2366884, 34.4693062 ], [ -120.2367278, 34.469264 ], [ -120.2367415, 34.4692199 ], [ -120.236746, 34.4691578 ], [ -120.236761199999989, 34.469134 ], [ -120.2367978, 34.4691158 ], [ -120.236920899999987, 34.469097399999988 ], [ -120.2370043, 34.4690697 ], [ -120.237094899999988, 34.4690532 ], [ -120.2372092, 34.4689983 ], [ -120.2374039, 34.4688393 ], [ -120.2374131, 34.468809 ], [ -120.237404500000011, 34.4687696 ], [ -120.237432899999988, 34.4687328 ], [ -120.237504699999988, 34.4686832 ], [ -120.2375765, 34.4686534 ], [ -120.2376636, 34.4685754 ], [ -120.237736900000016, 34.4685424 ], [ -120.237968599999988, 34.4684991 ], [ -120.238403600000012, 34.4684752 ], [ -120.2385748, 34.4684481 ], [ -120.2387368, 34.4684571 ], [ -120.2389078, 34.4684313 ], [ -120.238976, 34.4684334 ], [ -120.239071199999984, 34.4684522 ], [ -120.2392615, 34.4684361 ], [ -120.23942550000001, 34.468434 ], [ -120.2400086, 34.4684623 ], [ -120.2407175, 34.4685183 ], [ -120.2411715, 34.4685453 ], [ -120.241805199999988, 34.4685728 ], [ -120.242044400000012, 34.4685674 ], [ -120.2425275, 34.4685823 ], [ -120.2426962, 34.4685811 ], [ -120.242990099999986, 34.468579 ], [ -120.2454333, 34.4684574 ], [ -120.2454636, 34.468453 ], [ -120.2456352, 34.4684278 ], [ -120.245687600000011, 34.4684132 ], [ -120.2457145, 34.4683924 ], [ -120.2457518, 34.4683341 ], [ -120.245804799999988, 34.4682951 ], [ -120.246329, 34.4680433 ], [ -120.2463811, 34.4680342 ], [ -120.2466054, 34.4680329 ], [ -120.2467088, 34.4680142 ], [ -120.2468332, 34.4679783 ], [ -120.2468646, 34.467985 ], [ -120.2469227, 34.4680146 ], [ -120.246963799999989, 34.4680194 ], [ -120.24734, 34.4679997 ], [ -120.2481292, 34.4679986 ], [ -120.248887699999983, 34.4679876 ], [ -120.24951080000001, 34.4679645 ], [ -120.249600500000014, 34.4679538 ], [ -120.249711499999989, 34.4679287 ], [ -120.250118199999974, 34.4678809 ], [ -120.2506617, 34.46787 ], [ -120.2508336, 34.4678762 ], [ -120.25087689999998, 34.4678697 ], [ -120.25094940000001, 34.4678796 ], [ -120.251013199999989, 34.4678793 ], [ -120.2517359, 34.4679651 ], [ -120.2523563, 34.4679994 ], [ -120.252745300000015, 34.4680315 ], [ -120.2527863, 34.4680248 ], [ -120.2529304, 34.467976799999988 ], [ -120.2530252, 34.4679837 ], [ -120.253105, 34.4679659 ], [ -120.253469699999982, 34.4679476 ], [ -120.253666199999984, 34.4679247 ], [ -120.254027400000012, 34.4679015 ], [ -120.2544524, 34.4678259 ], [ -120.2552397, 34.4677676 ], [ -120.2553883, 34.4677386 ], [ -120.2557383, 34.4677065 ], [ -120.256022800000011, 34.4677124 ], [ -120.2564138, 34.4677459 ], [ -120.2566747, 34.467757399999989 ], [ -120.25685009999998, 34.4677391 ], [ -120.2570969, 34.4677301 ], [ -120.257509, 34.4677476 ], [ -120.2575373, 34.4677488 ], [ -120.258133199999989, 34.4677338 ], [ -120.258631799999989, 34.4677301 ], [ -120.258805099999975, 34.4677229 ], [ -120.2589605, 34.4677178 ], [ -120.2596661, 34.4677249 ], [ -120.260047899999989, 34.4677297 ], [ -120.2605929, 34.4677472 ], [ -120.261375199999989, 34.4677965 ], [ -120.2614858, 34.4677994 ], [ -120.2617382, 34.4678061 ], [ -120.261967200000015, 34.4677888 ], [ -120.2631897, 34.4679663 ], [ -120.263413899999989, 34.4679689 ], [ -120.2638554, 34.468009099999989 ], [ -120.2642616, 34.4680902 ], [ -120.264548399999981, 34.4681346 ], [ -120.2647346, 34.4681879 ], [ -120.2648981, 34.4682045 ], [ -120.2650664, 34.4682143 ], [ -120.2656268, 34.468291 ], [ -120.2667263, 34.4683889 ], [ -120.266787400000013, 34.468393 ], [ -120.2676595, 34.4684514 ], [ -120.2682321, 34.4684727 ], [ -120.2683791, 34.4684558 ], [ -120.2685187, 34.4684515 ], [ -120.2686278, 34.4684725 ], [ -120.2687477, 34.4684851 ], [ -120.268969299999981, 34.4684829 ], [ -120.268977, 34.4684821 ], [ -120.2690993, 34.4684726 ], [ -120.26932020000001, 34.4684811 ], [ -120.269646, 34.4685416 ], [ -120.270443299999982, 34.4686506 ], [ -120.27059770000001, 34.4687001 ], [ -120.2708812, 34.4688133 ], [ -120.2714645, 34.4689605 ], [ -120.2718439, 34.4690431 ], [ -120.2719441, 34.4690522 ], [ -120.2720601, 34.469047499999988 ], [ -120.272107799999986, 34.4690372 ], [ -120.2721529, 34.4690106 ], [ -120.272228699999985, 34.4689658 ], [ -120.2723126, 34.4689377 ], [ -120.2723882, 34.4689277 ], [ -120.272427, 34.4689453 ], [ -120.2726141, 34.4689152 ], [ -120.27297729999998, 34.4688561 ], [ -120.2729911, 34.4688234 ], [ -120.273095700000013, 34.4687362 ], [ -120.273211800000013, 34.4687201 ], [ -120.2734469, 34.4687045 ], [ -120.2735824, 34.4686729 ], [ -120.2736234, 34.4686634 ], [ -120.2739726, 34.4685715 ], [ -120.2745035, 34.4683309 ], [ -120.274964899999986, 34.4680755 ], [ -120.275147600000011, 34.4679792 ], [ -120.2752581, 34.4679295 ], [ -120.275480099999982, 34.4678511 ], [ -120.275986799999984, 34.4676429 ], [ -120.276231599999988, 34.4675612 ], [ -120.276317, 34.4675435 ], [ -120.276572, 34.4675161 ], [ -120.2766801, 34.4674934 ], [ -120.2767925, 34.4674122 ], [ -120.276947400000012, 34.4673333 ], [ -120.2770376, 34.4673105 ], [ -120.2771531, 34.467265 ], [ -120.2772588, 34.4672402 ], [ -120.27737590000001, 34.4672281 ], [ -120.2774651, 34.4672525 ], [ -120.2776026, 34.4672541 ], [ -120.277855300000013, 34.4671826 ], [ -120.278004, 34.4671549 ], [ -120.278088, 34.467147 ], [ -120.278110900000016, 34.467153 ], [ -120.2781077, 34.46719 ], [ -120.278128900000013, 34.4672211 ], [ -120.278160899999975, 34.4672379 ], [ -120.2781967, 34.4672403 ], [ -120.2783528, 34.4671716 ], [ -120.2784029, 34.46716 ], [ -120.2784579, 34.4671594 ], [ -120.278507499999989, 34.4671708 ], [ -120.2785593, 34.4672158 ], [ -120.278626, 34.4672492 ], [ -120.27917069999998, 34.4674789 ], [ -120.2797573, 34.4676956 ], [ -120.2802037, 34.4678496 ], [ -120.280423399999989, 34.4679172 ], [ -120.281416, 34.4681679 ], [ -120.2821616, 34.4683655 ], [ -120.2824827, 34.4684655 ], [ -120.282510800000011, 34.4684742 ], [ -120.2826819, 34.468517 ], [ -120.2828856, 34.468568 ], [ -120.283272899999986, 34.4686943 ], [ -120.283454099999986, 34.4687443 ], [ -120.2842101, 34.4689071 ], [ -120.2845417, 34.4689887 ], [ -120.2852062, 34.4691185 ], [ -120.2859899, 34.4693019 ], [ -120.2863723, 34.4693701 ], [ -120.2865052, 34.4694 ], [ -120.286702, 34.4694561 ], [ -120.287208799999988, 34.4696249 ], [ -120.2876882, 34.4697577 ], [ -120.287774899999988, 34.4697901 ], [ -120.287930100000011, 34.469863599999989 ], [ -120.2883399, 34.4699766 ], [ -120.2887193, 34.4701223 ], [ -120.289225, 34.47027 ], [ -120.2895167, 34.4703417 ], [ -120.2898565, 34.4704067 ], [ -120.290127399999989, 34.47044 ], [ -120.2906848, 34.4704578 ], [ -120.2917631, 34.4705271 ], [ -120.2923276, 34.4705541 ], [ -120.2931247, 34.470633 ], [ -120.2936303, 34.4706711 ], [ -120.293846099999982, 34.4706796 ], [ -120.294271099999989, 34.4706739 ], [ -120.2946315, 34.4706476 ], [ -120.295020699999981, 34.4705971 ], [ -120.2952374, 34.4705768 ], [ -120.295855300000014, 34.470473 ], [ -120.296663899999984, 34.4703777 ], [ -120.2970161, 34.4703172 ], [ -120.2973227, 34.4702531 ], [ -120.29756780000001, 34.470191 ], [ -120.29796, 34.4700728 ], [ -120.2981522, 34.4699969 ], [ -120.298310699999988, 34.469924399999989 ], [ -120.298523100000011, 34.469809 ], [ -120.298712199999983, 34.4696758 ], [ -120.298980300000011, 34.4694079 ], [ -120.2992568, 34.4691845 ], [ -120.299386899999988, 34.4690576 ], [ -120.299473299999988, 34.4689484 ], [ -120.2995797, 34.4687615 ], [ -120.2998323, 34.4684636 ], [ -120.300164, 34.4681998 ], [ -120.3003492, 34.4680906 ], [ -120.300482500000015, 34.4679834 ], [ -120.3005791, 34.4679399 ], [ -120.3008536, 34.4678426 ], [ -120.300930799999989, 34.4677983 ], [ -120.3018023, 34.4675259 ], [ -120.3021913, 34.467371 ], [ -120.3025467, 34.4672603 ], [ -120.3027389, 34.467189 ], [ -120.3030629, 34.4670821 ], [ -120.3031858, 34.4670484 ], [ -120.303273100000013, 34.4670378 ], [ -120.3032823, 34.4670296 ], [ -120.3032714, 34.4670045 ], [ -120.3032759, 34.4669953 ], [ -120.3033496, 34.4669625 ], [ -120.30339, 34.4669007 ], [ -120.3034442, 34.4668769 ], [ -120.3035553, 34.4668532 ], [ -120.30378730000001, 34.4668273 ], [ -120.3040517, 34.4668103 ], [ -120.304167299999975, 34.4668089 ], [ -120.304530199999988, 34.4668248 ], [ -120.3049457, 34.4668699 ], [ -120.305223200000015, 34.466912 ], [ -120.30580830000001, 34.4669791 ], [ -120.3061712, 34.4670114 ], [ -120.3067865, 34.4670443 ], [ -120.3071123, 34.4670436 ], [ -120.307478, 34.46703 ], [ -120.308115, 34.4669679 ], [ -120.30829580000001, 34.4669259 ], [ -120.3084232, 34.4668887 ], [ -120.3085072, 34.4668554 ], [ -120.308869, 34.4666366 ], [ -120.3092267, 34.4664835 ], [ -120.309749700000012, 34.4662392 ], [ -120.309914100000015, 34.4661376 ], [ -120.310026399999984, 34.4660804 ], [ -120.3101488, 34.4659895 ], [ -120.310310800000011, 34.4659311 ], [ -120.310578400000011, 34.4658499 ], [ -120.311152799999974, 34.4657034 ], [ -120.311511599999974, 34.4656258 ], [ -120.3119725, 34.4655118 ], [ -120.3123514, 34.4654531 ], [ -120.312924599999988, 34.4653269 ], [ -120.3133709, 34.4652537 ], [ -120.3136254, 34.4652338 ], [ -120.3140146, 34.4652272 ], [ -120.314550399999987, 34.465237 ], [ -120.315046399999986, 34.4652568 ], [ -120.315573199999989, 34.4652401 ], [ -120.315933199999989, 34.4652104 ], [ -120.316209299999983, 34.4651678 ], [ -120.316431900000012, 34.4651233 ], [ -120.31662870000001, 34.4650726 ], [ -120.316778, 34.4650156 ], [ -120.3171403, 34.4648146 ], [ -120.3174627, 34.464673 ], [ -120.317700199999976, 34.46455 ], [ -120.3178755, 34.4644447 ], [ -120.3180827, 34.4643519 ], [ -120.318660400000013, 34.4641656 ], [ -120.318990700000015, 34.4640421 ], [ -120.3193155, 34.4639378 ], [ -120.3196101, 34.4638298 ], [ -120.319800199999989, 34.4637749 ], [ -120.320083400000016, 34.4637282 ], [ -120.3200923, 34.4637267 ], [ -120.3202875, 34.4636547 ], [ -120.3205872, 34.4635587 ], [ -120.320746, 34.4635455 ], [ -120.3208243, 34.4635306 ], [ -120.3209837, 34.4635004 ], [ -120.321315899999988, 34.4634435 ], [ -120.3218149, 34.4633875 ], [ -120.323155700000015, 34.4632779 ], [ -120.3236681, 34.4632622 ], [ -120.3245626, 34.4632651 ], [ -120.3255822, 34.4632007 ], [ -120.3260448, 34.4631879 ], [ -120.32670779999998, 34.4631385 ], [ -120.327232400000014, 34.4630691 ], [ -120.328154700000013, 34.4629222 ], [ -120.3283786, 34.4628956 ], [ -120.3296033, 34.4628452 ], [ -120.3298761, 34.4628263 ], [ -120.330891799999989, 34.4627256 ], [ -120.331349100000011, 34.4626949 ], [ -120.331629600000014, 34.4626624 ], [ -120.3323653, 34.4625589 ], [ -120.3328358, 34.4624769 ], [ -120.3331953, 34.4624054 ], [ -120.3337102, 34.4622791 ], [ -120.3342853, 34.4620863 ], [ -120.3347515, 34.4618831 ], [ -120.3350741, 34.4617249 ], [ -120.3352583, 34.4616221 ], [ -120.3355218, 34.4614456 ], [ -120.335728599999982, 34.4612748 ], [ -120.335882399999988, 34.4611157 ], [ -120.336015, 34.460946899999989 ], [ -120.3361338, 34.4607706 ], [ -120.3362006, 34.4606856 ], [ -120.336253399999975, 34.4606422 ], [ -120.336402100000015, 34.4605578 ], [ -120.33647449999998, 34.4604914 ], [ -120.3365188, 34.460424 ], [ -120.3365489, 34.4603524 ], [ -120.33657, 34.4602631 ], [ -120.3365946, 34.460083 ], [ -120.336668599999982, 34.4599222 ], [ -120.336732399999988, 34.4598334 ], [ -120.3368009, 34.4597621 ], [ -120.336898300000016, 34.459685 ], [ -120.3369904, 34.4596354 ], [ -120.3370866, 34.4596038 ], [ -120.3372989, 34.4595636 ], [ -120.337418899999989, 34.4595124 ], [ -120.337629799999988, 34.4594936 ], [ -120.337863500000012, 34.4594966 ], [ -120.3380702, 34.4595202 ], [ -120.3382617, 34.4595515 ], [ -120.3384163, 34.4595651 ], [ -120.339004800000012, 34.4595738 ], [ -120.3392264, 34.4595683 ], [ -120.3394231, 34.4595547 ], [ -120.3396638, 34.459529 ], [ -120.3399415, 34.4594891 ], [ -120.340313, 34.459402 ], [ -120.341085, 34.4591331 ], [ -120.3412037, 34.4590733 ], [ -120.341408199999989, 34.4589377 ], [ -120.341544299999981, 34.4588797 ], [ -120.341828399999983, 34.4588041 ], [ -120.342208500000012, 34.458731 ], [ -120.342468599999989, 34.4587002 ], [ -120.3428963, 34.458661899999989 ], [ -120.343234899999985, 34.458597 ], [ -120.3434264, 34.4585763 ], [ -120.344206899999989, 34.4585445 ], [ -120.3445649, 34.4585457 ], [ -120.3456771, 34.4586064 ], [ -120.345804299999983, 34.4586064 ], [ -120.3460287, 34.458591 ], [ -120.3464032, 34.4586052 ], [ -120.3465467, 34.4586204 ], [ -120.347387200000014, 34.4587463 ], [ -120.347955399999989, 34.4587905 ], [ -120.3485604, 34.4587896 ], [ -120.3486895, 34.4588063 ], [ -120.3489719, 34.4588662 ], [ -120.349101499999989, 34.4588822 ], [ -120.349185599999984, 34.458876 ], [ -120.3493674, 34.4588203 ], [ -120.349532399999987, 34.45879 ], [ -120.349645599999974, 34.4587801 ], [ -120.349783, 34.4587815 ], [ -120.349974300000014, 34.4587984 ], [ -120.350209799999988, 34.4588314 ], [ -120.350689699999975, 34.4589261 ], [ -120.3508842, 34.4589574 ], [ -120.351364, 34.4589977 ], [ -120.351622299999988, 34.4590116 ], [ -120.3520533, 34.4590513 ], [ -120.3526606, 34.4590731 ], [ -120.3532094, 34.4590387 ], [ -120.353588, 34.4590079 ], [ -120.3541327, 34.4589155 ], [ -120.354937299999989, 34.4587338 ], [ -120.355203100000011, 34.4586508 ], [ -120.3554502, 34.4585455 ], [ -120.3556734, 34.4584192 ], [ -120.35609789999998, 34.4581067 ], [ -120.3563142, 34.4578774 ], [ -120.3563875, 34.4578098 ], [ -120.3564748, 34.4577473 ], [ -120.356591699999981, 34.4576863 ], [ -120.3567648, 34.457624 ], [ -120.3569665, 34.4575766 ], [ -120.35746, 34.4575025 ], [ -120.3577544, 34.4574689 ], [ -120.357962, 34.4574576 ], [ -120.358375599999988, 34.4574532 ], [ -120.358821, 34.4574049 ], [ -120.3592055, 34.4573763 ], [ -120.3600937, 34.4573616 ], [ -120.3604465, 34.4573373 ], [ -120.360882499999988, 34.4572962 ], [ -120.361686600000013, 34.4572698 ], [ -120.3625255, 34.4572081 ], [ -120.363221, 34.4571853 ], [ -120.3635209, 34.4571824 ], [ -120.3648532, 34.4571313 ], [ -120.365494200000015, 34.4571277 ], [ -120.36595939999998, 34.4571119 ], [ -120.3667745, 34.4570645 ], [ -120.3675029, 34.456999 ], [ -120.367967600000014, 34.456986 ], [ -120.368380899999977, 34.4569942 ], [ -120.368927899999974, 34.4570317 ], [ -120.369465299999987, 34.4570999 ], [ -120.3701987, 34.4572256 ], [ -120.3708935, 34.4572941 ], [ -120.3711354, 34.4573078 ], [ -120.371352800000011, 34.4573071 ], [ -120.3718324, 34.4572828 ], [ -120.3723053, 34.4572435 ], [ -120.3726675, 34.4571898 ], [ -120.372973500000015, 34.4571207 ], [ -120.3733459, 34.4570697 ], [ -120.3737999, 34.4569944 ], [ -120.3741061, 34.4569545 ], [ -120.374922, 34.4568221 ], [ -120.3753534, 34.4567678 ], [ -120.3762894, 34.456674 ], [ -120.376633099999978, 34.4566488 ], [ -120.377465500000014, 34.4566196 ], [ -120.3776868, 34.45662 ], [ -120.3779116, 34.4566398 ], [ -120.3786471, 34.4567449 ], [ -120.37907340000001, 34.4568148 ], [ -120.379592, 34.4568816 ], [ -120.3805537, 34.4569548 ], [ -120.3806864, 34.4569562 ], [ -120.381006700000015, 34.4569433 ], [ -120.3812489, 34.4569181 ], [ -120.3815533, 34.4568488 ], [ -120.3817954, 34.45678 ], [ -120.3821577, 34.4566597 ], [ -120.3824365, 34.4565807 ], [ -120.382940100000013, 34.456407 ], [ -120.383726, 34.4561651 ], [ -120.3841713, 34.4560514 ], [ -120.384470899999982, 34.4559931 ], [ -120.384873499999983, 34.4559013 ], [ -120.385199, 34.4558424 ], [ -120.3865118, 34.4556619 ], [ -120.3869213, 34.4556203 ], [ -120.3874267, 34.4555848 ], [ -120.3879992, 34.4555548 ], [ -120.388643, 34.4555438 ], [ -120.3895356, 34.455544 ], [ -120.3902497, 34.4555723 ], [ -120.390582900000013, 34.4555782 ], [ -120.392421499999983, 34.4555532 ], [ -120.3927489, 34.4555321 ], [ -120.3936854, 34.4554442 ], [ -120.3944847, 34.4553942 ], [ -120.395255, 34.455333 ], [ -120.3955955, 34.4553165 ], [ -120.3957749, 34.4553178 ], [ -120.3964267, 34.4553477 ], [ -120.397247600000014, 34.4553505 ], [ -120.3976814, 34.4553806 ], [ -120.3981451, 34.4553869 ], [ -120.3985097, 34.4554038 ], [ -120.398681, 34.4554213 ], [ -120.3992938, 34.455439 ], [ -120.4009042, 34.4554372 ], [ -120.4015795, 34.4554131 ], [ -120.40210780000001, 34.4553663 ], [ -120.4029332, 34.4552732 ], [ -120.403757200000015, 34.4551443 ], [ -120.4046813, 34.4550606 ], [ -120.4054249, 34.4549732 ], [ -120.4064251, 34.4548738 ], [ -120.40761, 34.4547229 ], [ -120.4080448, 34.454684 ], [ -120.408264699999975, 34.4546499 ], [ -120.4085399, 34.4546276 ], [ -120.408970299999979, 34.4545427 ], [ -120.4097619, 34.4544362 ], [ -120.410557699999984, 34.4543631 ], [ -120.410996099999977, 34.454311 ], [ -120.411595100000014, 34.4542755 ], [ -120.4119983, 34.4542292 ], [ -120.412133900000015, 34.4542019 ], [ -120.412430699999987, 34.4541266 ], [ -120.41286909999998, 34.4539988 ], [ -120.4138084, 34.4536521 ], [ -120.4142043, 34.4534801 ], [ -120.4144832, 34.4533718 ], [ -120.414775, 34.4532707 ], [ -120.414954099999989, 34.4532263 ], [ -120.415201599999989, 34.4531846 ], [ -120.41534129999998, 34.4531761 ], [ -120.4154656, 34.4531825 ], [ -120.4157784, 34.4532154 ], [ -120.4162579, 34.4532426 ], [ -120.4165485, 34.4532466 ], [ -120.416926800000013, 34.4532357 ], [ -120.4172633, 34.4532076 ], [ -120.4174503, 34.4531797 ], [ -120.417758, 34.4531066 ], [ -120.4179795, 34.453032 ], [ -120.4181541, 34.4529445 ], [ -120.4183088, 34.4528415 ], [ -120.41848130000001, 34.4526891 ], [ -120.418600399999988, 34.452557899999988 ], [ -120.4186592, 34.4524608 ], [ -120.4187356, 34.452305 ], [ -120.4188852, 34.4519447 ], [ -120.4189873, 34.4517808 ], [ -120.4191153, 34.451598 ], [ -120.419254199999983, 34.451435499999988 ], [ -120.4193151, 34.4513479 ], [ -120.4193601, 34.4512583 ], [ -120.419444699999985, 34.4510347 ], [ -120.4195293, 34.4508681 ], [ -120.4195983, 34.4507807 ], [ -120.4197495, 34.4506533 ], [ -120.4198579, 34.450587 ], [ -120.4200914, 34.450471 ], [ -120.420297399999981, 34.4503466 ], [ -120.4207709, 34.4500988 ], [ -120.4209169, 34.4500346 ], [ -120.4210463, 34.4499903 ], [ -120.4213456, 34.4498978 ], [ -120.4215302, 34.4498327 ], [ -120.421738099999985, 34.4498085 ], [ -120.4220661, 34.4497865 ], [ -120.4222255, 34.4497676 ], [ -120.4224865, 34.449714 ], [ -120.4227015, 34.4496904 ], [ -120.4227621, 34.4496709 ], [ -120.4228336, 34.4496259 ], [ -120.4228576, 34.4496219 ], [ -120.423071299999989, 34.4496438 ], [ -120.4236029, 34.4496645 ], [ -120.4236608, 34.4496588 ], [ -120.423771, 34.4496259 ], [ -120.4238363, 34.4496143 ], [ -120.4241116, 34.4496178 ], [ -120.4253052, 34.4497561 ], [ -120.426135500000015, 34.4498211 ], [ -120.42637280000001, 34.4498695 ], [ -120.4270372, 34.4500633 ], [ -120.4275987, 34.4502136 ], [ -120.428082, 34.4503166 ], [ -120.4284396, 34.450369 ], [ -120.429030399999988, 34.4504327 ], [ -120.429496699999987, 34.450502299999989 ], [ -120.4298341, 34.4505212 ], [ -120.4300662, 34.4505445 ], [ -120.430208600000014, 34.4505706 ], [ -120.430414499999983, 34.4506303 ], [ -120.4305088, 34.4506508 ], [ -120.431171299999988, 34.4507355 ], [ -120.431757300000015, 34.4508473 ], [ -120.4328655, 34.4510074 ], [ -120.4334249, 34.4511158 ], [ -120.4336204, 34.4511315 ], [ -120.43397370000001, 34.4511376 ], [ -120.4342418, 34.4511683 ], [ -120.4347092, 34.451258599999989 ], [ -120.4355951, 34.4514691 ], [ -120.4360201, 34.451551 ], [ -120.436546, 34.451536 ], [ -120.437079399999988, 34.4515493 ], [ -120.437247299999981, 34.451531 ], [ -120.4375807, 34.4514703 ], [ -120.4377325, 34.4514581 ], [ -120.43790820000001, 34.4514605 ], [ -120.4382404, 34.4514876 ], [ -120.4384648, 34.4514944 ], [ -120.438592199999988, 34.4514909 ], [ -120.4387494, 34.4514724 ], [ -120.4388544, 34.4514713 ], [ -120.4394881, 34.4514855 ], [ -120.439697099999989, 34.4515018 ], [ -120.440338700000012, 34.4515765 ], [ -120.4405713, 34.4515886 ], [ -120.4409838, 34.4516268 ], [ -120.4416502, 34.4516483 ], [ -120.4424601, 34.4516145 ], [ -120.44286790000001, 34.4515813 ], [ -120.443487100000013, 34.4515094 ], [ -120.443987, 34.4514157 ], [ -120.4443634, 34.4513213 ], [ -120.444673400000013, 34.4512067 ], [ -120.44473880000001, 34.4511706 ], [ -120.444930199999988, 34.4510378 ], [ -120.4450721, 34.4509181 ], [ -120.4451633, 34.4507749 ], [ -120.4451901, 34.4507004 ], [ -120.44521, 34.4505786 ], [ -120.445293, 34.4504329 ], [ -120.4453678, 34.4503369 ], [ -120.4455107, 34.4502128 ], [ -120.445578, 34.4501144 ], [ -120.445602, 34.4500418 ], [ -120.445606399999988, 34.4499772 ], [ -120.4455902, 34.4499274 ], [ -120.4455429, 34.4498488 ], [ -120.4455428, 34.4498321 ], [ -120.4456433, 34.4496145 ], [ -120.4456462, 34.449542 ], [ -120.4457194, 34.4494306 ], [ -120.4457579, 34.4493429 ], [ -120.445768500000014, 34.4492984 ], [ -120.445861099999988, 34.4492299 ], [ -120.446322799999976, 34.4489976 ], [ -120.4464846, 34.448897 ], [ -120.44657620000001, 34.448858799999989 ], [ -120.446764300000012, 34.4488109 ], [ -120.4474044, 34.4486688 ], [ -120.44762630000001, 34.4485744 ], [ -120.4481051, 34.4484388 ], [ -120.448436099999981, 34.4483845 ], [ -120.4488507, 34.4482753 ], [ -120.448897699999989, 34.4482554 ], [ -120.448939599999974, 34.4482158 ], [ -120.449036400000011, 34.4481801 ], [ -120.4493213, 34.4480869 ], [ -120.449565399999983, 34.4480283 ], [ -120.450109399999974, 34.4478424 ], [ -120.4503219, 34.4477362 ], [ -120.4504563, 34.4476777 ], [ -120.4505037, 34.4476434 ], [ -120.4505742, 34.4476255 ], [ -120.450645099999988, 34.4475779 ], [ -120.4506744, 34.4475251 ], [ -120.4507906, 34.4474803 ], [ -120.451102099999986, 34.4473123 ], [ -120.4513457, 34.4471601 ], [ -120.4516795, 34.4469238 ], [ -120.4519942, 34.4466586 ], [ -120.4521235, 34.4465019 ], [ -120.452369600000011, 34.4462385 ], [ -120.4525436, 34.446065 ], [ -120.4526806, 34.4459429 ], [ -120.4527682, 34.4458351 ], [ -120.452816700000014, 34.4457554 ], [ -120.4528928, 34.4454307 ], [ -120.4528886, 34.4453905 ], [ -120.452861, 34.4453118 ], [ -120.4528243, 34.4452468 ], [ -120.452817, 34.445106 ], [ -120.4527616, 34.4450259 ], [ -120.4527152, 34.4449095 ], [ -120.452670899999987, 34.4448612 ], [ -120.4526125, 34.4448163 ], [ -120.452602199999987, 34.4447977 ], [ -120.4526188, 34.4447245 ], [ -120.45274950000001, 34.4444913 ], [ -120.4527722, 34.4444223 ], [ -120.452770199999989, 34.4443766 ], [ -120.4527562, 34.4443419 ], [ -120.452681399999989, 34.4442679 ], [ -120.4527129, 34.4441259 ], [ -120.4527113, 34.4440542 ], [ -120.452698, 34.4440193 ], [ -120.4526567, 34.4439609 ], [ -120.4526208, 34.4438693 ], [ -120.4525839, 34.4438047 ], [ -120.452326, 34.4436052 ], [ -120.4521782, 34.4433896 ], [ -120.452107700000013, 34.4433273 ], [ -120.452069699999981, 34.443281 ], [ -120.4520482, 34.44323 ], [ -120.4520549, 34.4430654 ], [ -120.4519774, 34.4429709 ], [ -120.4519649, 34.4429418 ], [ -120.4519765, 34.4429201 ], [ -120.452122100000011, 34.4427947 ], [ -120.452137, 34.4427616 ], [ -120.452177, 34.442747 ], [ -120.4521996, 34.4427228 ], [ -120.4522316, 34.4426505 ], [ -120.452278299999975, 34.4425891 ], [ -120.4522658, 34.4425176 ], [ -120.452249699999982, 34.442484 ], [ -120.4522538, 34.4424699 ], [ -120.452293700000013, 34.4424648 ], [ -120.4524417, 34.4424924 ], [ -120.4524789, 34.442486 ], [ -120.452498299999988, 34.4424714 ], [ -120.452507900000015, 34.4424433 ], [ -120.452497, 34.4423902 ], [ -120.4524528, 34.442291 ], [ -120.452457, 34.4422695 ], [ -120.4524769, 34.442260499999989 ], [ -120.4526292, 34.4423151 ], [ -120.45268, 34.4423135 ], [ -120.4527652, 34.4422893 ], [ -120.4528144, 34.4422858 ], [ -120.4529656, 34.4423442 ], [ -120.4530622, 34.4423733 ], [ -120.4531588, 34.4423805 ], [ -120.4532353, 34.442363 ], [ -120.453276099999982, 34.4423642 ], [ -120.453372300000012, 34.4423983 ], [ -120.4534578, 34.442419 ], [ -120.453544099999974, 34.4424675 ], [ -120.4535536, 34.44254 ], [ -120.4536202, 34.4426066 ], [ -120.453796899999986, 34.4427302 ], [ -120.4539008, 34.4428242 ], [ -120.453978499999977, 34.4428596 ], [ -120.4540083, 34.4428817 ], [ -120.4540261, 34.4429139 ], [ -120.4540381, 34.4429833 ], [ -120.454061299999978, 34.4430117 ], [ -120.4541558, 34.4430482 ], [ -120.4542825, 34.4430326 ], [ -120.454378600000013, 34.4430428 ], [ -120.454629700000012, 34.4431383 ], [ -120.4547009, 34.443119 ], [ -120.454758700000014, 34.4431292 ], [ -120.454912, 34.4431348 ], [ -120.4550324, 34.443166 ], [ -120.455058099999988, 34.4431782 ], [ -120.4550682, 34.4431916 ], [ -120.4550963, 34.4432567 ], [ -120.455097299999977, 34.4433156 ], [ -120.4551049, 34.4433276 ], [ -120.4551879, 34.4432988 ], [ -120.4553166, 34.4432965 ], [ -120.455343199999987, 34.4432717 ], [ -120.455385, 34.4432595 ], [ -120.455598, 34.4432957 ], [ -120.4556459, 34.4432976 ], [ -120.45602430000001, 34.44325 ], [ -120.456031199999984, 34.4432442 ], [ -120.455944799999983, 34.4432198 ], [ -120.455917899999974, 34.4431905 ], [ -120.4559145, 34.4431688 ], [ -120.4559245, 34.4431503 ], [ -120.455943499999989, 34.4431379 ], [ -120.455968399999989, 34.4431331 ], [ -120.456219800000014, 34.4431928 ], [ -120.456320300000016, 34.4432258 ], [ -120.4564166, 34.443207 ], [ -120.4564763, 34.4432054 ], [ -120.456561799999989, 34.4432224 ], [ -120.4566277, 34.443247 ], [ -120.456636499999988, 34.443267 ], [ -120.4565863, 34.4432954 ], [ -120.456571299999979, 34.4433188 ], [ -120.456573299999988, 34.443339 ], [ -120.456616200000013, 34.4434111 ], [ -120.4565837, 34.4434724 ], [ -120.456583200000011, 34.4435093 ], [ -120.4566215, 34.4435597 ], [ -120.4567526, 34.4436489 ], [ -120.456773899999988, 34.4436847 ], [ -120.4567799, 34.4437234 ], [ -120.4567718, 34.443737299999988 ], [ -120.4567507, 34.4437457 ], [ -120.4566523, 34.4437393 ], [ -120.4566335, 34.4437463 ], [ -120.456632700000014, 34.443765 ], [ -120.456666899999988, 34.4438542 ], [ -120.4566632, 34.4439189 ], [ -120.456671799999981, 34.4439699 ], [ -120.456665699999988, 34.4440049 ], [ -120.4566404, 34.444046 ], [ -120.456555900000012, 34.4440623 ], [ -120.4564988, 34.4440983 ], [ -120.4564867, 34.4441134 ], [ -120.456484800000013, 34.4441358 ], [ -120.456501399999979, 34.4441663 ], [ -120.4565284, 34.4441913 ], [ -120.4566806, 34.4442892 ], [ -120.4566796, 34.4443071 ], [ -120.456642399999978, 34.4443569 ], [ -120.4566361, 34.4443904 ], [ -120.4566463, 34.444439 ], [ -120.456675300000015, 34.444486 ], [ -120.4568064, 34.4446159 ], [ -120.4570697, 34.4448097 ], [ -120.457186899999982, 34.4448779 ], [ -120.4572561, 34.4448997 ], [ -120.457285, 34.4448975 ], [ -120.4573356, 34.444869 ], [ -120.457377799999975, 34.4448609 ], [ -120.4575097, 34.4448993 ], [ -120.457732, 34.4448844 ], [ -120.4577918, 34.4448712 ], [ -120.4579169, 34.44488 ], [ -120.4579465, 34.4448649 ], [ -120.457978900000015, 34.4448115 ], [ -120.4580082, 34.4448007 ], [ -120.458053799999988, 34.444804499999989 ], [ -120.458124700000013, 34.4448345 ], [ -120.4581667, 34.4448437 ], [ -120.458440699999983, 34.4448035 ], [ -120.4584726, 34.4447833 ], [ -120.4585302, 34.4447173 ], [ -120.458638399999984, 34.4446491 ], [ -120.4586828, 34.4445988 ], [ -120.458722600000016, 34.4445858 ], [ -120.4588239, 34.4446233 ], [ -120.4589295, 34.44463 ], [ -120.4589774, 34.4446544 ], [ -120.4590039, 34.4446938 ], [ -120.4590048, 34.4447152 ], [ -120.458986399999986, 34.4447302 ], [ -120.458929900000015, 34.4447178 ], [ -120.458939399999977, 34.4447446 ], [ -120.459025799999978, 34.4448306 ], [ -120.45912749999998, 34.444897 ], [ -120.4592241, 34.4449845 ], [ -120.459239, 34.4450028 ], [ -120.459253100000012, 34.4450457 ], [ -120.459274, 34.4450646 ], [ -120.459301499999981, 34.4450754 ], [ -120.4593474, 34.4450805 ], [ -120.459426899999983, 34.445062 ], [ -120.4594452, 34.4450684 ], [ -120.459444, 34.4450835 ], [ -120.45942620000001, 34.4451018 ], [ -120.4593396, 34.4451559 ], [ -120.4592526, 34.4451955 ], [ -120.459173799999988, 34.445204 ], [ -120.45901880000001, 34.4451951 ], [ -120.458967699999988, 34.445209 ], [ -120.4589661, 34.4452273 ], [ -120.459032799999989, 34.4453678 ], [ -120.459033, 34.4454032 ], [ -120.4590142, 34.4454534 ], [ -120.458932199999978, 34.4455381 ], [ -120.4588081, 34.445646 ], [ -120.4588207, 34.4457112 ], [ -120.4588095, 34.4457444 ], [ -120.458756900000012, 34.445777899999989 ], [ -120.4586771, 34.4458143 ], [ -120.45860540000001, 34.4458945 ], [ -120.45858530000001, 34.4459281 ], [ -120.4585739, 34.4459686 ], [ -120.458577799999986, 34.4460632 ], [ -120.4586069, 34.4461807 ], [ -120.4587101, 34.4464936 ], [ -120.4587857, 34.4466519 ], [ -120.458849199999989, 34.4467488 ], [ -120.458946, 34.446866 ], [ -120.459066799999988, 34.4469813 ], [ -120.4591859, 34.4470784 ], [ -120.4595497, 34.4473283 ], [ -120.4597927, 34.4474642 ], [ -120.4604117, 34.4477034 ], [ -120.4606607, 34.4477732 ], [ -120.4607794, 34.4477953 ], [ -120.460855, 34.4477975 ], [ -120.460879800000015, 34.4477878 ], [ -120.4608752, 34.447754 ], [ -120.460888200000014, 34.4477431 ], [ -120.461037300000015, 34.4477645 ], [ -120.461284600000013, 34.4477546 ], [ -120.461445, 34.4477837 ], [ -120.461451700000012, 34.4477777 ], [ -120.4614178, 34.447722 ], [ -120.4614203, 34.4477029 ], [ -120.4614322, 34.4476914 ], [ -120.4615907, 34.4476981 ], [ -120.4616019, 34.4476948 ], [ -120.4616078, 34.4476803 ], [ -120.46162, 34.4476782 ], [ -120.461718199999979, 34.447691 ], [ -120.461735800000014, 34.4477042 ], [ -120.4617555, 34.4477367 ], [ -120.461761599999988, 34.4477557 ], [ -120.4617569, 34.4477842 ], [ -120.461768800000016, 34.4478027 ], [ -120.4619389, 34.4479299 ], [ -120.462016, 34.4480285 ], [ -120.4621038, 34.4480818 ], [ -120.4621105, 34.4480937 ], [ -120.4621029, 34.4481178 ], [ -120.4621189, 34.4481383 ], [ -120.4622302, 34.4482156 ], [ -120.4624406, 34.4483852 ], [ -120.4626978, 34.4485294 ], [ -120.4628412, 34.4485935 ], [ -120.462948399999988, 34.4486294 ], [ -120.463041800000013, 34.4486519 ], [ -120.4631827, 34.4486723 ], [ -120.463247900000013, 34.4486736 ], [ -120.463335500000014, 34.4486643 ], [ -120.463403199999973, 34.4486497 ], [ -120.463448199999974, 34.448629 ], [ -120.4634891, 34.4486403 ], [ -120.463586600000014, 34.4486881 ], [ -120.4635833, 34.448647 ], [ -120.4635919, 34.4486387 ], [ -120.46372860000001, 34.4486393 ], [ -120.4637425, 34.4486336 ], [ -120.463755800000015, 34.4486145 ], [ -120.463771200000011, 34.4486132 ], [ -120.4638155, 34.4486316 ], [ -120.463856, 34.4486597 ], [ -120.463862299999988, 34.4486731 ], [ -120.463858499999986, 34.4487066 ], [ -120.463891, 34.4487491 ], [ -120.463903800000011, 34.4487584 ], [ -120.4639906, 34.4488165 ], [ -120.464017599999977, 34.4488149 ], [ -120.4640345, 34.4487783 ], [ -120.4640844, 34.4487793 ], [ -120.464141, 34.4488005 ], [ -120.4641497, 34.4488216 ], [ -120.4641701, 34.448834 ], [ -120.46434690000001, 34.4488911 ], [ -120.464418900000013, 34.4489229 ], [ -120.4644452, 34.448925599999988 ], [ -120.464452099999988, 34.4489055 ], [ -120.4644635, 34.4489045 ], [ -120.464573, 34.4489926 ], [ -120.4646284, 34.4490196 ], [ -120.464678, 34.4490275 ], [ -120.4647012, 34.4490155 ], [ -120.464758699999976, 34.4490358 ], [ -120.464772599999989, 34.4489974 ], [ -120.464810499999984, 34.4489954 ], [ -120.464866399999977, 34.4490094 ], [ -120.4649501, 34.4490509 ], [ -120.465020200000012, 34.4490713 ], [ -120.4651719, 34.4491509 ], [ -120.4653395, 34.4491536 ], [ -120.4654054, 34.4491735 ], [ -120.4654616, 34.449163 ], [ -120.4654653, 34.4491611 ], [ -120.465561400000013, 34.4491268 ], [ -120.4656966, 34.4491279 ], [ -120.465752099999975, 34.4491188 ], [ -120.4657937, 34.4491284 ], [ -120.465828699999989, 34.4491233 ], [ -120.465954599999975, 34.449161 ], [ -120.4659826, 34.4491837 ], [ -120.4660059, 34.4492439 ], [ -120.466034799999989, 34.4492766 ], [ -120.4660881, 34.4493036 ], [ -120.4661454, 34.4493135 ], [ -120.4662012, 34.4493063 ], [ -120.466233800000012, 34.4492856 ], [ -120.4662432, 34.449264899999989 ], [ -120.4662453, 34.4491922 ], [ -120.466258799999977, 34.4491717 ], [ -120.466279, 34.4491634 ], [ -120.4663253, 34.449168799999988 ], [ -120.466502699999978, 34.4492305 ], [ -120.4666226, 34.4492375 ], [ -120.4666569, 34.4492319 ], [ -120.466689500000015, 34.4492139 ], [ -120.4667246, 34.4492457 ], [ -120.4667719, 34.4492432 ], [ -120.4668654, 34.4492042 ], [ -120.4669521, 34.4491398 ], [ -120.4670616, 34.4490059 ], [ -120.4671297, 34.44885 ], [ -120.4671723, 34.4488072 ], [ -120.467264199999974, 34.4487696 ], [ -120.467294, 34.4487421 ], [ -120.4673086, 34.4487091 ], [ -120.4673062, 34.44867 ], [ -120.4672421, 34.4486299 ], [ -120.4672279, 34.4485883 ], [ -120.4672466, 34.448534 ], [ -120.467291300000014, 34.4484913 ], [ -120.4673569, 34.4484735 ], [ -120.467589, 34.4484595 ], [ -120.467764800000012, 34.4484879 ], [ -120.4678922, 34.4484977 ], [ -120.4679564, 34.4484955 ], [ -120.46806930000001, 34.448478 ], [ -120.4681324, 34.4484773 ], [ -120.468225499999974, 34.4485038 ], [ -120.4682573, 34.4485302 ], [ -120.4682774, 34.44863 ], [ -120.468258399999982, 34.4487204 ], [ -120.4682709, 34.4487419 ], [ -120.4683013, 34.4487609 ], [ -120.4683992, 34.4487875 ], [ -120.4685165, 34.448855 ], [ -120.4685525, 34.4488671 ], [ -120.4685776, 34.448864 ], [ -120.4685978, 34.4488514 ], [ -120.4686214, 34.448777 ], [ -120.4686378, 34.4487597 ], [ -120.4686612, 34.4487496 ], [ -120.468712099999976, 34.4487543 ], [ -120.4687776, 34.4487821 ], [ -120.4688475, 34.4487989 ], [ -120.468877, 34.4488205 ], [ -120.4689152, 34.4488777 ], [ -120.4689398, 34.4489491 ], [ -120.4689276, 34.449015 ], [ -120.468890899999977, 34.4491002 ], [ -120.46884919999998, 34.4491416 ], [ -120.4687838, 34.449168 ], [ -120.468740200000013, 34.4491644 ], [ -120.468654699999988, 34.4491262 ], [ -120.468636, 34.4491268 ], [ -120.468608499999988, 34.4491596 ], [ -120.4686261, 34.4492378 ], [ -120.4685821, 34.4492669 ], [ -120.4685823, 34.4493226 ], [ -120.4685428, 34.4493194 ], [ -120.4685384, 34.449327 ], [ -120.4685949, 34.4493924 ], [ -120.468697, 34.449468 ], [ -120.468749, 34.4494962 ], [ -120.468799, 34.4494945 ], [ -120.468923499999988, 34.4495431 ], [ -120.468942799999979, 34.4495387 ], [ -120.46894660000001, 34.4495156 ], [ -120.469025699999989, 34.4495423 ], [ -120.4691243, 34.4495335 ], [ -120.4691499, 34.4495199 ], [ -120.4691651, 34.4494734 ], [ -120.4691153, 34.449342 ], [ -120.469077700000014, 34.449108699999989 ], [ -120.46910290000001, 34.4490407 ], [ -120.469171, 34.4489654 ], [ -120.469257899999988, 34.4488972 ], [ -120.4693224, 34.4488773 ], [ -120.4694003, 34.4488805 ], [ -120.4694412, 34.4488959 ], [ -120.469456600000015, 34.4489172 ], [ -120.4694788, 34.4489949 ], [ -120.469512, 34.4490127 ], [ -120.4695747, 34.4490038 ], [ -120.4697177, 34.4489526 ], [ -120.469846199999978, 34.4489307 ], [ -120.469858699999989, 34.4489129 ], [ -120.469828099999987, 34.4488789 ], [ -120.469831, 34.4488607 ], [ -120.469885100000013, 34.4488314 ], [ -120.4699929, 34.448813 ], [ -120.4700331, 34.4487925 ], [ -120.4700775, 34.4487402 ], [ -120.4700959, 34.4486275 ], [ -120.470136, 34.4485445 ], [ -120.4702695, 34.4484105 ], [ -120.470315899999989, 34.4483789 ], [ -120.4703836, 34.4483479 ], [ -120.4705435, 34.448315 ], [ -120.4706648, 34.4482623 ], [ -120.4707084, 34.4482505 ], [ -120.4708201, 34.448247099999989 ], [ -120.470932, 34.4482549 ], [ -120.47100540000001, 34.4482719 ], [ -120.4710404, 34.448289 ], [ -120.471102300000013, 34.4483541 ], [ -120.471231300000014, 34.4484535 ], [ -120.4714235, 34.4485066 ], [ -120.4715458, 34.4485254 ], [ -120.4715896, 34.4485176 ], [ -120.471606900000012, 34.4484987 ], [ -120.4715953, 34.4484673 ], [ -120.4715317, 34.4483799 ], [ -120.471524699999989, 34.4483543 ], [ -120.4715443, 34.448292 ], [ -120.4715735, 34.4482577 ], [ -120.4715967, 34.4482436 ], [ -120.4716723, 34.4482504 ], [ -120.471735699999982, 34.4482926 ], [ -120.4717772, 34.4483069 ], [ -120.4718839, 34.4482843 ], [ -120.4719167, 34.448287 ], [ -120.471971599999975, 34.4483172 ], [ -120.4720148, 34.4483678 ], [ -120.472036500000016, 34.4484229 ], [ -120.472034, 34.4485034 ], [ -120.472002099999983, 34.44857 ], [ -120.471941, 34.4486492 ], [ -120.4719386, 34.4486679 ], [ -120.4719472, 34.448698799999988 ], [ -120.47202, 34.4487972 ], [ -120.4720563, 34.4488717 ], [ -120.4720637, 34.4489207 ], [ -120.4720565, 34.4489858 ], [ -120.472027200000014, 34.4490129 ], [ -120.471984399999982, 34.4490275 ], [ -120.4718835, 34.4490324 ], [ -120.4717706, 34.4490594 ], [ -120.4716868, 34.4490911 ], [ -120.471594900000014, 34.4491409 ], [ -120.4715321, 34.4491987 ], [ -120.471465599999988, 34.4493202 ], [ -120.4714337, 34.4494103 ], [ -120.4714086, 34.4495208 ], [ -120.4714094, 34.4495777 ], [ -120.47142, 34.449617 ], [ -120.471466, 34.4496638 ], [ -120.471574499999988, 34.4496797 ], [ -120.471606600000015, 34.4496961 ], [ -120.4716214, 34.449718 ], [ -120.4716235, 34.449739199999989 ], [ -120.471598500000013, 34.4498096 ], [ -120.471561900000012, 34.449849 ], [ -120.471435899999989, 34.4499511 ], [ -120.471406500000015, 34.449996399999989 ], [ -120.4713793, 34.4500181 ], [ -120.471367699999988, 34.4500425 ], [ -120.4713104, 34.4500555 ], [ -120.4712201, 34.4500994 ], [ -120.471135699999977, 34.4501236 ], [ -120.4710973, 34.4501476 ], [ -120.4710025, 34.4502908 ], [ -120.4709329, 34.4503436 ], [ -120.4708676, 34.4503739 ], [ -120.4707432, 34.4505195 ], [ -120.470712599999985, 34.4505364 ], [ -120.4706543, 34.4505465 ], [ -120.4706332, 34.4505606 ], [ -120.4706138, 34.4505963 ], [ -120.4706091, 34.450645 ], [ -120.4706248, 34.4506661 ], [ -120.470702, 34.4506994 ], [ -120.470797, 34.4507683 ], [ -120.470952200000013, 34.4508924 ], [ -120.470987600000015, 34.4509389 ], [ -120.470992400000014, 34.4509631 ], [ -120.470986199999984, 34.4509826 ], [ -120.470924599999989, 34.4510488 ], [ -120.470875299999975, 34.4510767 ], [ -120.4707892, 34.4510976 ], [ -120.4707607, 34.4511157 ], [ -120.470745099999974, 34.4511506 ], [ -120.470749, 34.4512094 ], [ -120.470792099999983, 34.4513575 ], [ -120.470856, 34.4515055 ], [ -120.4709523, 34.4517041 ], [ -120.4710844, 34.4519351 ], [ -120.471155799999977, 34.4521092 ], [ -120.4713035, 34.4524159 ], [ -120.47143410000001, 34.4526159 ], [ -120.471725299999989, 34.4529669 ], [ -120.4720762, 34.4534576 ], [ -120.472400799999988, 34.4538383 ], [ -120.4724679, 34.4539374 ], [ -120.472531600000011, 34.4540672 ], [ -120.47266639999998, 34.4545002 ], [ -120.472737099999989, 34.4548567 ], [ -120.4728491, 34.4552791 ], [ -120.47289880000001, 34.4556595 ], [ -120.4728799, 34.4560831 ], [ -120.472884400000012, 34.4563934 ], [ -120.472906900000012, 34.4565691 ], [ -120.472981300000015, 34.45694 ], [ -120.4730157, 34.4570568 ], [ -120.4731041, 34.4572729 ], [ -120.4731169, 34.4573239 ], [ -120.473170599999989, 34.457416099999989 ], [ -120.473216, 34.457578 ], [ -120.473251600000012, 34.4577535 ], [ -120.473283199999983, 34.4577915 ], [ -120.473482100000012, 34.4579357 ], [ -120.4735075, 34.4579679 ], [ -120.4735073, 34.4579907 ], [ -120.4734959, 34.4580111 ], [ -120.473399199999989, 34.4580899 ], [ -120.4733549, 34.4581412 ], [ -120.4733393, 34.4581785 ], [ -120.473359300000013, 34.4583904 ], [ -120.4733623, 34.4588491 ], [ -120.4733798, 34.4590285 ], [ -120.4734308, 34.4592174 ], [ -120.4734723, 34.4593145 ], [ -120.473513099999977, 34.4593821 ], [ -120.473559, 34.4594122 ], [ -120.4737282, 34.4594233 ], [ -120.473742, 34.4594291 ], [ -120.4737481, 34.4594422 ], [ -120.47374, 34.4594653 ], [ -120.4737231, 34.4594824 ], [ -120.4735644, 34.4595889 ], [ -120.4734981, 34.4596018 ], [ -120.4734734, 34.4596141 ], [ -120.4734602, 34.4596322 ], [ -120.473456200000015, 34.4596572 ], [ -120.47346, 34.4598961 ], [ -120.4734867, 34.460178899999988 ], [ -120.473510299999987, 34.4603363 ], [ -120.473540899999989, 34.4608641 ], [ -120.473542099999989, 34.4610863 ], [ -120.473526, 34.4614524 ], [ -120.473567300000013, 34.4623201 ], [ -120.473609, 34.4626157 ], [ -120.4736211, 34.4628435 ], [ -120.4736744, 34.463403 ], [ -120.4736647, 34.4637199 ], [ -120.473737, 34.4641304 ], [ -120.473770699999989, 34.4642768 ], [ -120.473822899999988, 34.4646366 ], [ -120.4738547, 34.4651473 ], [ -120.4739585, 34.4656691 ], [ -120.473964200000012, 34.4657432 ], [ -120.4739593, 34.4661383 ], [ -120.473972, 34.4663722 ], [ -120.474001799999982, 34.4666012 ], [ -120.4740473, 34.4668404 ], [ -120.4740858, 34.4671501 ], [ -120.4741467, 34.4674375 ], [ -120.474207799999988, 34.467606 ], [ -120.4742605, 34.4676982 ], [ -120.4742959, 34.4678387 ], [ -120.4744693, 34.4689612 ], [ -120.4745446, 34.4692872 ], [ -120.474725499999977, 34.4699044 ], [ -120.4749215, 34.4705039 ], [ -120.47495880000001, 34.4705904 ], [ -120.475025100000011, 34.4707044 ], [ -120.4750514, 34.4707763 ], [ -120.4750973, 34.4708309 ], [ -120.4751286, 34.4709122 ], [ -120.475182300000014, 34.4711404 ], [ -120.4752553, 34.471375 ], [ -120.4753167, 34.4716865 ], [ -120.4753718, 34.4718661 ], [ -120.475567200000015, 34.4723254 ], [ -120.475866900000014, 34.4732087 ], [ -120.4760477, 34.4735924 ], [ -120.476088, 34.4737286 ], [ -120.4761373, 34.473969 ], [ -120.476180599999978, 34.4740987 ], [ -120.4763874, 34.4745131 ], [ -120.4764933, 34.4747468 ], [ -120.476683600000015, 34.4751021 ], [ -120.476829099999989, 34.4754462 ], [ -120.4769399, 34.4756438 ], [ -120.477144299999978, 34.4759771 ], [ -120.477206599999988, 34.4761016 ], [ -120.4772834, 34.4763117 ], [ -120.47749349999998, 34.4769758 ], [ -120.4775427, 34.4771031 ], [ -120.4775841, 34.4771811 ], [ -120.4776149, 34.4773181 ], [ -120.47769719999998, 34.477514 ], [ -120.4777791, 34.4776783 ], [ -120.47787839999998, 34.4779474 ], [ -120.477963800000012, 34.4782109 ], [ -120.4780646, 34.4784172 ], [ -120.4781715, 34.4785866 ], [ -120.4782661, 34.4787567 ], [ -120.47841, 34.4789532 ], [ -120.4785382, 34.4791582 ], [ -120.4787863, 34.4794841 ], [ -120.479009100000013, 34.4797368 ], [ -120.4792163, 34.4799995 ], [ -120.479349699999986, 34.4801309 ], [ -120.479525099999989, 34.4802742 ], [ -120.479656600000013, 34.4803637 ], [ -120.479856700000013, 34.4804696 ], [ -120.4799366, 34.4805424 ], [ -120.480001099999981, 34.4806452 ], [ -120.48014809999998, 34.4809384 ], [ -120.4803243, 34.4812179 ], [ -120.480414599999989, 34.481475 ], [ -120.480420099999989, 34.4814847 ], [ -120.4812448, 34.4821266 ], [ -120.481341599999979, 34.4821 ], [ -120.4814036, 34.4821132 ], [ -120.4818541, 34.4824587 ], [ -120.4818321, 34.4826158 ], [ -120.482003, 34.4827767 ], [ -120.48211950000001, 34.4828802 ], [ -120.4822335, 34.4829692 ], [ -120.482253899999989, 34.4830051 ], [ -120.4822857, 34.4830447 ], [ -120.4824088, 34.4830565 ], [ -120.4824622, 34.483122 ], [ -120.4824907, 34.483141 ], [ -120.4825282, 34.4831453 ], [ -120.4825928, 34.4831213 ], [ -120.4826337, 34.4831333 ], [ -120.4831953, 34.4836102 ], [ -120.4834402, 34.4837752 ], [ -120.4835469, 34.4838312 ], [ -120.4836609, 34.4838753 ], [ -120.4839184, 34.4839516 ], [ -120.484164299999989, 34.4840083 ], [ -120.4843301, 34.4840689 ], [ -120.4845675, 34.4841963 ], [ -120.4849246, 34.4844467 ], [ -120.4850371, 34.4845046 ], [ -120.4851804, 34.4845411 ], [ -120.4852822, 34.4845877 ], [ -120.4853491, 34.4846057 ], [ -120.4854008, 34.4846024 ], [ -120.4854537, 34.4845776 ], [ -120.4855206, 34.4845649 ], [ -120.485565, 34.4845669 ], [ -120.48559680000001, 34.4845792 ], [ -120.485646299999985, 34.4846524 ], [ -120.4856936, 34.4847473 ], [ -120.485792, 34.484881 ], [ -120.4862911, 34.4854687 ], [ -120.4863146, 34.4854858 ], [ -120.4863794, 34.4855127 ], [ -120.486419, 34.4855615 ], [ -120.4866247, 34.4857693 ], [ -120.4866713, 34.4857959 ], [ -120.4867954, 34.485846 ], [ -120.4868475, 34.485869 ], [ -120.4868736, 34.4858806 ], [ -120.487118299999977, 34.4860789 ], [ -120.4871626, 34.486137 ], [ -120.487172500000014, 34.4861455 ], [ -120.4874053, 34.486345 ], [ -120.4874784, 34.4863969 ], [ -120.4876056, 34.4864701 ], [ -120.487807300000014, 34.4866519 ], [ -120.488027500000015, 34.4868047 ], [ -120.488221799999977, 34.4869592 ], [ -120.488792600000011, 34.4875188 ], [ -120.48930270000001, 34.488089 ], [ -120.489480300000011, 34.4882284 ], [ -120.48964239999998, 34.4885042 ], [ -120.4897971, 34.4886658 ], [ -120.489898299999979, 34.4888317 ], [ -120.4899395, 34.4889188 ], [ -120.490019, 34.4891427 ], [ -120.490157, 34.4893867 ], [ -120.490187299999988, 34.4894231 ], [ -120.490261, 34.489487 ], [ -120.4903428, 34.4895165 ], [ -120.490421499999982, 34.4895312 ], [ -120.4904173, 34.4895402 ], [ -120.49034, 34.4895858 ], [ -120.490317600000012, 34.4896441 ], [ -120.4903318, 34.4898557 ], [ -120.4903581, 34.4899901 ], [ -120.490512, 34.4904765 ], [ -120.4906858, 34.4909201 ], [ -120.4907703, 34.4912243 ], [ -120.4908283, 34.4913541 ], [ -120.4909632, 34.491604 ], [ -120.491124700000015, 34.4918572 ], [ -120.4912664, 34.4920425 ], [ -120.4917136, 34.4926013 ], [ -120.4920454, 34.4929783 ], [ -120.4922134, 34.4931987 ], [ -120.492343199999979, 34.4933334 ], [ -120.492678, 34.4936294 ], [ -120.4928215, 34.4938225 ], [ -120.4929132, 34.4939208 ], [ -120.493022, 34.4940104 ], [ -120.493196, 34.4941687 ], [ -120.4933371, 34.4943123 ], [ -120.4934078, 34.4943679 ], [ -120.4935963, 34.4944859 ], [ -120.4938522, 34.4946106 ], [ -120.4939467, 34.4946492 ], [ -120.494137, 34.4946978 ], [ -120.4941967, 34.4947077 ], [ -120.4943076, 34.4947087 ], [ -120.4945636, 34.4947296 ], [ -120.4946134, 34.4947076 ], [ -120.494677599999989, 34.494638 ], [ -120.494712, 34.4946283 ], [ -120.4950053, 34.4946996 ], [ -120.495085499999973, 34.49471 ], [ -120.4951839, 34.4947117 ], [ -120.4952556, 34.4946983 ], [ -120.4953924, 34.4946447 ], [ -120.4955541, 34.4945447 ], [ -120.495584799999989, 34.494540799999989 ], [ -120.4956295, 34.4945577 ], [ -120.4956429, 34.4945753 ], [ -120.495652299999989, 34.4946369 ], [ -120.4957193, 34.4947104 ], [ -120.4958517, 34.4949265 ], [ -120.4959538, 34.4950649 ], [ -120.4961571, 34.4952465 ], [ -120.4962084, 34.4952665 ], [ -120.496309700000012, 34.4952784 ], [ -120.49634420000001, 34.4952912 ], [ -120.4963846, 34.4953697 ], [ -120.4964953, 34.4955233 ], [ -120.4965316, 34.4955537 ], [ -120.4965862, 34.495563 ], [ -120.4966004, 34.4955719 ], [ -120.4965932, 34.49563 ], [ -120.496599499999988, 34.4956854 ], [ -120.4966711, 34.4959588 ], [ -120.4967057, 34.4961399 ], [ -120.496722599999984, 34.4962445 ], [ -120.4967509, 34.4966063 ], [ -120.496772299999989, 34.4967269 ], [ -120.496844, 34.4969782 ], [ -120.4969495, 34.4972444 ], [ -120.4970159, 34.4974571 ], [ -120.4970643, 34.4977518 ], [ -120.4971262, 34.4980267 ], [ -120.497215, 34.4982338 ], [ -120.497369299999988, 34.4984791 ], [ -120.497461699999988, 34.4986439 ], [ -120.497500699999989, 34.4987465 ], [ -120.497588, 34.4990491 ], [ -120.4976931, 34.4992784 ], [ -120.4977324, 34.4993829 ], [ -120.4978091, 34.4996518 ], [ -120.497912, 34.4999194 ], [ -120.498027, 34.500386 ], [ -120.498125499999986, 34.5006772 ], [ -120.498233, 34.5010381 ], [ -120.4983537, 34.501294 ], [ -120.498469199999988, 34.501616 ], [ -120.4985961, 34.5018891 ], [ -120.498600499999981, 34.5020046 ], [ -120.4986186, 34.5020865 ], [ -120.4986912, 34.5021933 ], [ -120.4987147, 34.5022502 ], [ -120.498762700000015, 34.5025758 ], [ -120.498859, 34.50293 ], [ -120.4989165, 34.503055499999988 ], [ -120.4990175, 34.503326699999988 ], [ -120.499112099999977, 34.5035458 ], [ -120.4992356, 34.5037794 ], [ -120.4993842, 34.5041117 ], [ -120.499606799999981, 34.5047069 ], [ -120.499838, 34.505202 ], [ -120.4999532, 34.5054703 ], [ -120.5001088, 34.5058009 ], [ -120.5003834, 34.5063289 ], [ -120.5005054, 34.5065274 ], [ -120.5005787, 34.5066094 ], [ -120.5005954, 34.5066646 ], [ -120.5006687, 34.5068198 ], [ -120.5008084, 34.5072036 ], [ -120.5009277, 34.5074811 ], [ -120.501034599999983, 34.5078236 ], [ -120.501167700000011, 34.5081309 ], [ -120.5013115, 34.5084308 ], [ -120.501486899999989, 34.5087367 ], [ -120.501598500000014, 34.5090417 ], [ -120.5016513, 34.509163 ], [ -120.501735, 34.5093136 ], [ -120.5019459, 34.5096542 ], [ -120.5019888, 34.5097612 ], [ -120.5020948, 34.5100831 ], [ -120.502187, 34.5102856 ], [ -120.5023044, 34.5104787 ], [ -120.5024219, 34.510651 ], [ -120.502468799999988, 34.5107377 ], [ -120.5025154, 34.510858399999989 ], [ -120.502584499999983, 34.5111055 ], [ -120.5026138, 34.5111738 ], [ -120.502674399999989, 34.5112649 ], [ -120.502790600000012, 34.5114003 ], [ -120.5033049, 34.511891 ], [ -120.503542, 34.512155 ], [ -120.5039648, 34.5125859 ], [ -120.5047862, 34.5133881 ], [ -120.5048083, 34.5134041 ], [ -120.5048405, 34.5134138 ], [ -120.5048395, 34.5134624 ], [ -120.50491980000001, 34.5135893 ], [ -120.5050548, 34.5139039 ], [ -120.5050623, 34.5139405 ], [ -120.505055700000014, 34.5139976 ], [ -120.5050759, 34.5140253 ], [ -120.5051261, 34.5141934 ], [ -120.5051643, 34.5142601 ], [ -120.505191599999989, 34.514331 ], [ -120.5052337, 34.5143753 ], [ -120.505260099999987, 34.514417 ], [ -120.505277, 34.514491 ], [ -120.5053241, 34.5145766 ], [ -120.505352800000011, 34.5146813 ], [ -120.505537, 34.5150899 ], [ -120.5057465, 34.5155055 ], [ -120.5062274, 34.5162929 ], [ -120.5065361, 34.5167197 ], [ -120.5066393, 34.5168307 ], [ -120.506759300000013, 34.5169117 ], [ -120.5071714, 34.5173448 ], [ -120.5074859, 34.5176374 ], [ -120.507618799999989, 34.5177834 ], [ -120.507856499999988, 34.5180767 ], [ -120.5081006, 34.518354599999988 ], [ -120.5082095, 34.5185047 ], [ -120.508318, 34.5187342 ], [ -120.5085207, 34.5191058 ], [ -120.5085803, 34.5191899 ], [ -120.5088474, 34.5195084 ], [ -120.509155, 34.5198124 ], [ -120.5093661, 34.5199951 ], [ -120.509434899999988, 34.5200892 ], [ -120.5094817, 34.5201355 ], [ -120.509535700000015, 34.5201753 ], [ -120.509603399999989, 34.5202107 ], [ -120.5097664, 34.520315 ], [ -120.5098571, 34.5203841 ], [ -120.510117299999976, 34.5206551 ], [ -120.510244699999987, 34.5208139 ], [ -120.510374, 34.5210006 ], [ -120.510427, 34.5210965 ], [ -120.5106202, 34.5215505 ], [ -120.5106518, 34.5216412 ], [ -120.5107229, 34.5219233 ], [ -120.510798, 34.5221566 ], [ -120.5109042, 34.5223963 ], [ -120.511111499999984, 34.522792 ], [ -120.5112284, 34.523053 ], [ -120.5113088, 34.5232081 ], [ -120.5114452, 34.5234418 ], [ -120.511505899999989, 34.5235089 ], [ -120.5115625, 34.523549 ], [ -120.5116331, 34.5235842 ], [ -120.5117124, 34.5236521 ], [ -120.511780500000015, 34.5236857 ], [ -120.5119936, 34.5237397 ], [ -120.51211, 34.5237979 ], [ -120.5122712, 34.5238034 ], [ -120.5122979, 34.523818 ], [ -120.5123379, 34.5238635 ], [ -120.5123637, 34.5238745 ], [ -120.5124451, 34.523869 ], [ -120.512586899999988, 34.5238918 ], [ -120.51265570000001, 34.5238852 ], [ -120.5127002, 34.5238902 ], [ -120.512736499999974, 34.5239079 ], [ -120.5128031, 34.5239595 ], [ -120.5128871, 34.5239735 ], [ -120.5129265, 34.5239877 ], [ -120.5129396, 34.5240004 ], [ -120.5129332, 34.5240248 ], [ -120.512944499999989, 34.5240411 ], [ -120.513067699999979, 34.5241101 ], [ -120.5132378, 34.5241643 ], [ -120.513324700000013, 34.5241742 ], [ -120.51333289999998, 34.524205 ], [ -120.5134224, 34.5242575 ], [ -120.5134439, 34.5242779 ], [ -120.5134506, 34.5243076 ], [ -120.5134424, 34.5243343 ], [ -120.5134596, 34.5243596 ], [ -120.51371180000001, 34.5245789 ], [ -120.513975, 34.5248364 ], [ -120.5144322, 34.5253522 ], [ -120.5145471, 34.5254537 ], [ -120.5146444, 34.5255167 ], [ -120.5147297, 34.5255549 ], [ -120.5148343, 34.5255833 ], [ -120.514861700000012, 34.5255821 ], [ -120.514942, 34.5255583 ], [ -120.5150241, 34.5255613 ], [ -120.5150395, 34.5255719 ], [ -120.5150421, 34.5255851 ], [ -120.5150209, 34.5256328 ], [ -120.5150503, 34.5256595 ], [ -120.515268800000015, 34.5257476 ], [ -120.5153965, 34.5257844 ], [ -120.5154488, 34.5257887 ], [ -120.5154834, 34.5257817 ], [ -120.5156132, 34.525708 ], [ -120.515621700000011, 34.5257126 ], [ -120.5156225, 34.5257359 ], [ -120.5156318, 34.525749 ], [ -120.515705400000016, 34.5257633 ], [ -120.5157508, 34.5257538 ], [ -120.5158171, 34.5257129 ], [ -120.5158655, 34.5256928 ], [ -120.515938800000015, 34.5256999 ], [ -120.515953200000013, 34.525714199999989 ], [ -120.5159612, 34.5257626 ], [ -120.515981400000015, 34.5257879 ], [ -120.5160299, 34.5258228 ], [ -120.5161301, 34.5258697 ], [ -120.51615, 34.5259291 ], [ -120.516235, 34.5260428 ], [ -120.516264799999973, 34.5260601 ], [ -120.516328699999974, 34.5260673 ], [ -120.516366300000016, 34.5260813 ], [ -120.516387, 34.5261006 ], [ -120.5164112, 34.5261448 ], [ -120.5164413, 34.5261693 ], [ -120.5165161, 34.5262112 ], [ -120.516612499999979, 34.5262478 ], [ -120.516671899999977, 34.5263573 ], [ -120.5167774, 34.5264927 ], [ -120.5168718, 34.5265951 ], [ -120.5169503, 34.5266536 ], [ -120.5170568, 34.5266994 ], [ -120.517223199999989, 34.526742 ], [ -120.5173199, 34.5268249 ], [ -120.517416399999988, 34.5268807 ], [ -120.5174597, 34.5268897 ], [ -120.517562399999974, 34.5268896 ], [ -120.517583, 34.5268988 ], [ -120.517608599999974, 34.5269276 ], [ -120.5176564, 34.5269106 ], [ -120.5176937, 34.526914 ], [ -120.517714399999988, 34.5269296 ], [ -120.5177485, 34.5269782 ], [ -120.517811900000012, 34.5270099 ], [ -120.5178769, 34.5270117 ], [ -120.5179686, 34.5269542 ], [ -120.5180053, 34.5269429 ], [ -120.5180292, 34.5269509 ], [ -120.518022500000015, 34.5269873 ], [ -120.518028199999989, 34.5270004 ], [ -120.518083199999978, 34.5270225 ], [ -120.5181366, 34.5270252 ], [ -120.5182244, 34.5269922 ], [ -120.5182704, 34.5269967 ], [ -120.518286499999988, 34.5270086 ], [ -120.5182912, 34.5270285 ], [ -120.518265, 34.5270783 ], [ -120.5182681, 34.5270943 ], [ -120.5183044, 34.5271213 ], [ -120.5183547, 34.5271181 ], [ -120.5183771, 34.5271273 ], [ -120.5183845, 34.5271453 ], [ -120.518368700000011, 34.527186 ], [ -120.5183821, 34.5272142 ], [ -120.5184592, 34.527297 ], [ -120.5185447, 34.5274136 ], [ -120.5187068, 34.5275723 ], [ -120.5187568, 34.5275927 ], [ -120.518889, 34.5276078 ], [ -120.518935700000014, 34.5276203 ], [ -120.518966099999986, 34.5276372 ], [ -120.519045600000013, 34.5277132 ], [ -120.519081899999989, 34.5277302 ], [ -120.519103699999988, 34.527726 ], [ -120.5191965, 34.5276665 ], [ -120.519361899999979, 34.5276607 ], [ -120.51942339999998, 34.5276656 ], [ -120.519438, 34.5276723 ], [ -120.519436299999981, 34.5276869 ], [ -120.5193539, 34.5277374 ], [ -120.5194452, 34.5277519 ], [ -120.5196058, 34.5278029 ], [ -120.5196839, 34.5278354 ], [ -120.5197964, 34.5278541 ], [ -120.519821100000016, 34.5278642 ], [ -120.5198292, 34.5278749 ], [ -120.5198246, 34.5278843 ], [ -120.5197294, 34.5279228 ], [ -120.5196996, 34.5279462 ], [ -120.519683499999985, 34.5279717 ], [ -120.519682599999982, 34.5279974 ], [ -120.5196932, 34.528022899999989 ], [ -120.5197499, 34.5280906 ], [ -120.519869899999975, 34.5281906 ], [ -120.520197700000011, 34.5284258 ], [ -120.5204185, 34.5285368 ], [ -120.5205783, 34.5286012 ], [ -120.5206902, 34.5286703 ], [ -120.52083, 34.5288253 ], [ -120.5210055, 34.5290534 ], [ -120.5211095, 34.5291585 ], [ -120.5211588, 34.5292084 ], [ -120.521763799999988, 34.5297433 ], [ -120.5220505, 34.5300098 ], [ -120.5224629, 34.5303629 ], [ -120.5228493, 34.5306488 ], [ -120.523093499999987, 34.5308145 ], [ -120.5232935, 34.5309373 ], [ -120.523542099999986, 34.5310726 ], [ -120.5238471, 34.53127 ], [ -120.5240771, 34.5314075 ], [ -120.5244465, 34.531569 ], [ -120.5248526, 34.5316694 ], [ -120.525216, 34.5317852 ], [ -120.52546289999998, 34.5318492 ], [ -120.5256305, 34.531884 ], [ -120.5256586, 34.5318785 ], [ -120.5256981, 34.5318584 ], [ -120.525731, 34.5318564 ], [ -120.5257631, 34.5318645 ], [ -120.525864399999975, 34.5319128 ], [ -120.525954200000015, 34.53193 ], [ -120.5260032, 34.531931199999988 ], [ -120.526017200000013, 34.5319247 ], [ -120.5260271, 34.5319018 ], [ -120.5260045, 34.5318782 ], [ -120.5260197, 34.5318712 ], [ -120.5260872, 34.5318789 ], [ -120.52615680000001, 34.5318982 ], [ -120.526422900000014, 34.5320307 ], [ -120.5265266, 34.532063 ], [ -120.5266466, 34.5320892 ], [ -120.5267089, 34.5321127 ], [ -120.526745199999979, 34.5321374 ], [ -120.526787, 34.5321973 ], [ -120.526833900000014, 34.5322278 ], [ -120.5268596, 34.5322329 ], [ -120.5269578, 34.5322247 ], [ -120.5270036, 34.5322355 ], [ -120.5270462, 34.532258 ], [ -120.527152199999989, 34.5323385 ], [ -120.527422699999974, 34.5324871 ], [ -120.5274726, 34.5325089 ], [ -120.5275281, 34.5325167 ], [ -120.5275636, 34.5325376 ], [ -120.52762, 34.5325515 ], [ -120.527806, 34.5326852 ], [ -120.5281923, 34.5329178 ], [ -120.52838, 34.5330403 ], [ -120.5284452, 34.5330641 ], [ -120.5285153, 34.5330535 ], [ -120.5285147, 34.533065 ], [ -120.5284864, 34.5330992 ], [ -120.528489100000016, 34.5331097 ], [ -120.5285819, 34.5331353 ], [ -120.52864, 34.533179 ], [ -120.5288141, 34.5332832 ], [ -120.5289894, 34.5333785 ], [ -120.52907660000001, 34.5334121 ], [ -120.529160499999989, 34.5334322 ], [ -120.5292063, 34.5334346 ], [ -120.5293373, 34.5334202 ], [ -120.5294095, 34.5334268 ], [ -120.5295031, 34.5334517 ], [ -120.5295676, 34.5334604 ], [ -120.530048400000013, 34.5336705 ], [ -120.530218, 34.5337063 ], [ -120.5303143, 34.5337599 ], [ -120.530486499999981, 34.5338719 ], [ -120.530603, 34.533902 ], [ -120.5307649, 34.5339786 ], [ -120.5308329, 34.534003 ], [ -120.5309392, 34.5340024 ], [ -120.5310332, 34.5341036 ], [ -120.531287, 34.5343305 ], [ -120.5317858, 34.5347515 ], [ -120.5320427, 34.5349317 ], [ -120.5324572, 34.5352559 ], [ -120.5326821, 34.5354194 ], [ -120.533358599999985, 34.5358233 ], [ -120.533512899999977, 34.535901 ], [ -120.5336414, 34.5359557 ], [ -120.533872800000012, 34.536040899999989 ], [ -120.5340106, 34.5360823 ], [ -120.5340936, 34.5360965 ], [ -120.534175800000014, 34.5360987 ], [ -120.53435, 34.5360851 ], [ -120.5346464, 34.5360482 ], [ -120.53475730000001, 34.5360511 ], [ -120.5349108, 34.5360891 ], [ -120.5355638, 34.5363417 ], [ -120.535686499999983, 34.536406899999989 ], [ -120.5357628, 34.5364581 ], [ -120.5359094, 34.5365836 ], [ -120.536029, 34.5366672 ], [ -120.536328, 34.5369144 ], [ -120.536616200000012, 34.5371709 ], [ -120.5369121, 34.5373772 ], [ -120.5370574, 34.5374406 ], [ -120.5372114, 34.537526 ], [ -120.537351399999977, 34.537592 ], [ -120.5377153, 34.5377198 ], [ -120.537911199999982, 34.5377671 ], [ -120.5380754, 34.5378166 ], [ -120.538215600000015, 34.537866099999988 ], [ -120.5384393, 34.5379665 ], [ -120.5384953, 34.5379795 ], [ -120.538557900000015, 34.5379756 ], [ -120.538595199999989, 34.5379811 ], [ -120.538870300000013, 34.5381269 ], [ -120.539040899999989, 34.5381807 ], [ -120.539282500000013, 34.5383336 ], [ -120.539427, 34.5384129 ], [ -120.539616599999974, 34.5385032 ], [ -120.539791600000015, 34.5385677 ], [ -120.5399767, 34.5386929 ], [ -120.540434499999989, 34.5390764 ], [ -120.5406352, 34.5392311 ], [ -120.540742199999983, 34.5393045 ], [ -120.540838299999976, 34.5393555 ], [ -120.5411382, 34.5394916 ], [ -120.541632399999983, 34.5396932 ], [ -120.5416952, 34.5397068 ], [ -120.5418721, 34.5397191 ], [ -120.542087400000014, 34.5397483 ], [ -120.542257, 34.5397901 ], [ -120.542295, 34.5397902 ], [ -120.5423658, 34.539777099999988 ], [ -120.5423994, 34.539796 ], [ -120.5426254, 34.5398746 ], [ -120.5428871, 34.539937 ], [ -120.542994299999989, 34.5399718 ], [ -120.543134200000011, 34.540002199999989 ], [ -120.5432577, 34.5400382 ], [ -120.5434653, 34.5400693 ], [ -120.5436188, 34.540104 ], [ -120.5438059, 34.5401651 ], [ -120.544014499999989, 34.5402596 ], [ -120.5441067, 34.5402905 ], [ -120.5443752, 34.5403502 ], [ -120.544513599999974, 34.5403694 ], [ -120.5450728, 34.5404899 ], [ -120.5451522, 34.5405019 ], [ -120.545345700000013, 34.5405059 ], [ -120.5455863, 34.5405531 ], [ -120.545812200000015, 34.5405685 ], [ -120.546112, 34.5406518 ], [ -120.5463774, 34.540735 ], [ -120.546644500000014, 34.5407936 ], [ -120.5467812, 34.5408041 ], [ -120.5469132, 34.540825 ], [ -120.5470617, 34.5408286 ], [ -120.5472301, 34.540808 ], [ -120.5474098, 34.5407993 ], [ -120.5475911, 34.5407687 ], [ -120.547703899999988, 34.540742 ], [ -120.5480969, 34.5407855 ], [ -120.5481808, 34.5407861 ], [ -120.548196800000014, 34.5407821 ], [ -120.5481811, 34.5407763 ], [ -120.548170499999983, 34.5407646 ], [ -120.5481817, 34.5407562 ], [ -120.5482339, 34.5407866 ], [ -120.548312700000011, 34.5408168 ], [ -120.5485051, 34.5408652 ], [ -120.5486996, 34.5409245 ], [ -120.5487713, 34.540934 ], [ -120.5488186, 34.5409279 ], [ -120.548877300000015, 34.5409307 ], [ -120.548992299999981, 34.5409708 ], [ -120.5491331, 34.5410027 ], [ -120.549208799999988, 34.5410108 ], [ -120.549299100000013, 34.5410098 ], [ -120.54937, 34.5410247 ], [ -120.549568, 34.5410318 ], [ -120.5498096, 34.5410784 ], [ -120.5498657, 34.5410796 ], [ -120.5499308, 34.541063 ], [ -120.5499613, 34.5410623 ], [ -120.550433, 34.5411146 ], [ -120.550686899999974, 34.541092 ], [ -120.5507854, 34.541071699999989 ], [ -120.5510305, 34.5409975 ], [ -120.551321, 34.5408728 ], [ -120.5513638, 34.5408641 ], [ -120.5515258, 34.5408982 ], [ -120.5516417, 34.5409537 ], [ -120.551777199999975, 34.540994 ], [ -120.551972099999986, 34.5410639 ], [ -120.5523041, 34.5411368 ], [ -120.5524629, 34.54115 ], [ -120.552683699999989, 34.5411402 ], [ -120.5528189, 34.5411295 ], [ -120.55298950000001, 34.5410986 ], [ -120.5531404, 34.541116699999989 ], [ -120.55323, 34.5411478 ], [ -120.5533178, 34.5412023 ], [ -120.5534712, 34.5413645 ], [ -120.5535876, 34.5414561 ], [ -120.5536847, 34.5415093 ], [ -120.553886800000015, 34.541591 ], [ -120.554012500000013, 34.5416601 ], [ -120.554256599999974, 34.54182 ], [ -120.5545255, 34.5420109 ], [ -120.5548203, 34.5421814 ], [ -120.5549173, 34.5422192 ], [ -120.5550208, 34.5422769 ], [ -120.555394, 34.5425401 ], [ -120.555509199999975, 34.542587 ], [ -120.555634, 34.5426015 ], [ -120.555678199999988, 34.5426149 ], [ -120.555725, 34.5426641 ], [ -120.5558171, 34.5427334 ], [ -120.555913499999988, 34.5427848 ], [ -120.555995799999977, 34.5428034 ], [ -120.556056900000016, 34.5428573 ], [ -120.556164, 34.5429209 ], [ -120.556314199999989, 34.5430332 ], [ -120.556540200000015, 34.5431781 ], [ -120.5566141, 34.5432157 ], [ -120.5569371, 34.5433523 ], [ -120.557025700000011, 34.5434086 ], [ -120.557111, 34.5434346 ], [ -120.5571935, 34.543493 ], [ -120.557315899999978, 34.543596 ], [ -120.5574018, 34.5436546 ], [ -120.557522899999981, 34.5437163 ], [ -120.557632, 34.5437515 ], [ -120.5577214, 34.5438229 ], [ -120.558196099999989, 34.5440906 ], [ -120.5584675, 34.5442146 ], [ -120.5585192, 34.5442285 ], [ -120.558580100000015, 34.5442347 ], [ -120.5586647, 34.5442686 ], [ -120.5587704, 34.544281 ], [ -120.5589316, 34.5443404 ], [ -120.5590285, 34.544381 ], [ -120.559185, 34.5444678 ], [ -120.5594051, 34.5446606 ], [ -120.5597519, 34.5449258 ], [ -120.5607378, 34.5456014 ], [ -120.5610107, 34.5458421 ], [ -120.5613122, 34.5460928 ], [ -120.561497800000012, 34.5462666 ], [ -120.562107200000014, 34.5469736 ], [ -120.562407, 34.5472424 ], [ -120.5624795, 34.5472956 ], [ -120.5625904, 34.5473613 ], [ -120.5627591, 34.5473875 ], [ -120.562795200000011, 34.5474064 ], [ -120.5627998, 34.5474095 ], [ -120.5629269, 34.5474806 ], [ -120.5630728, 34.5475114 ], [ -120.563125, 34.5475084 ], [ -120.5631237, 34.5475319 ], [ -120.563132799999977, 34.5475484 ], [ -120.5632719, 34.5476678 ], [ -120.5635252, 34.5479723 ], [ -120.563662099999988, 34.5481171 ], [ -120.5638201, 34.5482577 ], [ -120.5642888, 34.5486273 ], [ -120.564512, 34.5487679 ], [ -120.5646596, 34.5488434 ], [ -120.564894099999989, 34.5489487 ], [ -120.565030799999974, 34.549028 ], [ -120.5658422, 34.5496209 ], [ -120.5663836, 34.5499756 ], [ -120.5671615, 34.5505206 ], [ -120.5673093, 34.5506149 ], [ -120.567622, 34.550788 ], [ -120.568479599999989, 34.551186 ], [ -120.5692567, 34.5515587 ], [ -120.5694081, 34.5516214 ], [ -120.569948900000014, 34.5518207 ], [ -120.5701704, 34.5519256 ], [ -120.570339499999989, 34.551988 ], [ -120.5705178, 34.55203 ], [ -120.570944499999982, 34.5520871 ], [ -120.571151700000016, 34.5521594 ], [ -120.5712814, 34.5521903 ], [ -120.5713603, 34.5521921 ], [ -120.5714258, 34.5521784 ], [ -120.5714953, 34.5521481 ], [ -120.571536599999988, 34.5521076 ], [ -120.5715602, 34.5521 ], [ -120.5715846, 34.5521067 ], [ -120.571600600000011, 34.5521339 ], [ -120.5716474, 34.5521406 ], [ -120.571711599999986, 34.5521638 ], [ -120.5717728, 34.552172 ], [ -120.5718377, 34.55217 ], [ -120.5718597, 34.5522144 ], [ -120.5719127, 34.5522585 ], [ -120.572638, 34.5526792 ], [ -120.572900699999977, 34.5528762 ], [ -120.5730933, 34.5530004 ], [ -120.5731807, 34.5530417 ], [ -120.5732742, 34.5530707 ], [ -120.573479399999982, 34.5531023 ], [ -120.573570599999982, 34.5531236 ], [ -120.573632499999974, 34.553146 ], [ -120.5736858, 34.5531753 ], [ -120.5737501, 34.5532272 ], [ -120.5738234, 34.5533102 ], [ -120.574016699999987, 34.553599 ], [ -120.574127, 34.5537286 ], [ -120.5742968, 34.5538962 ], [ -120.5747096, 34.5542671 ], [ -120.5748641, 34.554391699999989 ], [ -120.575024499999984, 34.5544977 ], [ -120.5754423, 34.5547456 ], [ -120.575703199999978, 34.5548901 ], [ -120.5762193, 34.5551985 ], [ -120.5766594, 34.555407599999988 ], [ -120.5768793, 34.5555228 ], [ -120.577191299999981, 34.5556552 ], [ -120.577704099999977, 34.5558538 ], [ -120.578262599999988, 34.5560568 ], [ -120.5787735, 34.5562016 ], [ -120.5790107, 34.5562539 ], [ -120.579131499999988, 34.5562958 ], [ -120.5792943, 34.556340299999988 ], [ -120.579970099999983, 34.5565708 ], [ -120.580102700000012, 34.5566257 ], [ -120.5803369, 34.5567086 ], [ -120.581196800000015, 34.5569717 ], [ -120.5815018, 34.5570945 ], [ -120.581730600000014, 34.5571636 ], [ -120.5821331, 34.5572524 ], [ -120.5826088, 34.557336 ], [ -120.582830699999988, 34.5573547 ], [ -120.58306, 34.5573505 ], [ -120.5831447, 34.5573362 ], [ -120.58321309999998, 34.5573136 ], [ -120.58324420000001, 34.5572947 ], [ -120.5832964, 34.5572382 ], [ -120.5833193, 34.5572395 ], [ -120.583349, 34.5572635 ], [ -120.583382199999988, 34.5572291 ], [ -120.583402799999973, 34.5572186 ], [ -120.5834484, 34.5572123 ], [ -120.583565899999982, 34.5572131 ], [ -120.583722, 34.5571664 ], [ -120.583739799999989, 34.5571541 ], [ -120.5837513, 34.5571335 ], [ -120.5837394, 34.5570406 ], [ -120.5837479, 34.5570018 ], [ -120.583788500000011, 34.556956 ], [ -120.5838129, 34.5569408 ], [ -120.5838367, 34.5569362 ], [ -120.583870099999984, 34.5569514 ], [ -120.583896200000012, 34.557025 ], [ -120.5839301, 34.5570515 ], [ -120.584090499999988, 34.5570981 ], [ -120.584283599999978, 34.5571403 ], [ -120.584465900000012, 34.5571663 ], [ -120.5845929, 34.5571739 ], [ -120.585102599999985, 34.5571729 ], [ -120.5852054, 34.5571661 ], [ -120.5852583, 34.5571548 ], [ -120.585340499999987, 34.5571231 ], [ -120.5854901, 34.5570468 ], [ -120.5855476, 34.5569955 ], [ -120.5856382, 34.5568849 ], [ -120.5857897, 34.5568114 ], [ -120.5858136, 34.5567844 ], [ -120.5858414, 34.5567207 ], [ -120.5859644, 34.5566633 ], [ -120.5860272, 34.5565906 ], [ -120.5862723, 34.5565248 ], [ -120.5863184, 34.5565192 ], [ -120.5866839, 34.5565668 ], [ -120.5870094, 34.5566181 ], [ -120.587273, 34.556621799999988 ], [ -120.5875531, 34.5566609 ], [ -120.587901500000015, 34.5566706 ], [ -120.588033200000012, 34.5566638 ], [ -120.5880998, 34.5566696 ], [ -120.58863, 34.556774 ], [ -120.5887372, 34.5567879 ], [ -120.588898599999979, 34.5568215 ], [ -120.5891809, 34.5568614 ], [ -120.5894166, 34.556907 ], [ -120.589508099999989, 34.5569151 ], [ -120.589694400000013, 34.5569082 ], [ -120.589834, 34.5569127 ], [ -120.590138200000013, 34.5569632 ], [ -120.5906148, 34.5570671 ], [ -120.5907635, 34.5570801 ], [ -120.5908595, 34.5570721 ], [ -120.5911275, 34.5571026 ], [ -120.5912214, 34.5571456 ], [ -120.5913289, 34.5571799 ], [ -120.591788900000012, 34.5572963 ], [ -120.5919257, 34.5573222 ], [ -120.5920878, 34.5573383 ], [ -120.592455500000014, 34.5573514 ], [ -120.592783200000014, 34.5573758 ], [ -120.5932688, 34.5574584 ], [ -120.593531499999983, 34.5574863 ], [ -120.5937205, 34.5574816 ], [ -120.5938195, 34.5574598 ], [ -120.593941199999989, 34.557445099999988 ], [ -120.5940897, 34.5574507 ], [ -120.5942992, 34.5574879 ], [ -120.594568900000013, 34.5574962 ], [ -120.5947503, 34.5574881 ], [ -120.5948017, 34.5574754 ], [ -120.5948859, 34.5574326 ], [ -120.5950391, 34.5573707 ], [ -120.5950724, 34.5573429 ], [ -120.595101199999988, 34.5572832 ], [ -120.595118899999989, 34.5572732 ], [ -120.5951322, 34.5572791 ], [ -120.595152, 34.557305 ], [ -120.595201, 34.5573096 ], [ -120.595248599999977, 34.557327 ], [ -120.5955236, 34.5573425 ], [ -120.59559680000001, 34.5573385 ], [ -120.5956671, 34.5573235 ], [ -120.595768299999975, 34.5572846 ], [ -120.595835600000015, 34.5573005 ], [ -120.595904099999984, 34.5573051 ], [ -120.5964079, 34.5573058 ], [ -120.59650809999998, 34.5572989 ], [ -120.5966315, 34.5572732 ], [ -120.5967188, 34.5572826 ], [ -120.596785200000014, 34.5572797 ], [ -120.5968318, 34.5572702 ], [ -120.596896299999983, 34.5572405 ], [ -120.5969964, 34.5572132 ], [ -120.5970819, 34.5571749 ], [ -120.597117900000015, 34.5571482 ], [ -120.597154800000013, 34.5571031 ], [ -120.5971765, 34.5570446 ], [ -120.597208, 34.5570255 ], [ -120.597265900000011, 34.5570398 ], [ -120.597329, 34.5570426 ], [ -120.5975555, 34.5570208 ], [ -120.5977568, 34.5570115 ], [ -120.597810400000014, 34.5569944 ], [ -120.597857499999989, 34.5569496 ], [ -120.597923, 34.556935 ], [ -120.5980725, 34.5569346 ], [ -120.5982548, 34.5569515 ], [ -120.5984869, 34.556959 ], [ -120.598614399999988, 34.5569428 ], [ -120.598770899999977, 34.5569407 ], [ -120.5988325, 34.5569254 ], [ -120.5989017, 34.5569251 ], [ -120.599068699999989, 34.5569052 ], [ -120.599177, 34.5568892 ], [ -120.5992251, 34.5568731 ], [ -120.5992734, 34.5568245 ], [ -120.5992846, 34.5567654 ], [ -120.5992993, 34.5567558 ], [ -120.599372099999982, 34.5567863 ], [ -120.599543900000015, 34.5568172 ], [ -120.5998799, 34.5569155 ], [ -120.6000784, 34.5569555 ], [ -120.600116700000015, 34.5569484 ], [ -120.6001568, 34.5568998 ], [ -120.600184500000012, 34.556888 ], [ -120.6002941, 34.5568887 ], [ -120.600331399999988, 34.5568952 ], [ -120.600376, 34.5568895 ], [ -120.600412899999981, 34.5569085 ], [ -120.6004512, 34.556911 ], [ -120.6005463, 34.556882 ], [ -120.600628500000013, 34.5568754 ], [ -120.6007076, 34.556849 ], [ -120.600898, 34.5569005 ], [ -120.6012249, 34.556925899999989 ], [ -120.601273, 34.5569197 ], [ -120.601338899999988, 34.5568928 ], [ -120.6013987, 34.5569096 ], [ -120.601502299999979, 34.5568792 ], [ -120.601528099999982, 34.5568822 ], [ -120.60158509999998, 34.5569051 ], [ -120.6016653, 34.5568457 ], [ -120.601711600000016, 34.5568264 ], [ -120.601743700000014, 34.5568277 ], [ -120.6017924, 34.5568487 ], [ -120.6018237, 34.5568529 ], [ -120.6019099, 34.5568249 ], [ -120.601910800000013, 34.5568246 ], [ -120.601967500000015, 34.5568148 ], [ -120.6020777, 34.5568159 ], [ -120.602120399999976, 34.5568457 ], [ -120.602131699999987, 34.5568894 ], [ -120.6021881, 34.5569157 ], [ -120.602269299999989, 34.5569376 ], [ -120.6023533, 34.5569468 ], [ -120.6024504, 34.556991 ], [ -120.602590299999989, 34.5570351 ], [ -120.6027886, 34.5570728 ], [ -120.6028557, 34.5570768 ], [ -120.6029331, 34.5570717 ], [ -120.603023, 34.5570433 ], [ -120.603144500000013, 34.5570287 ], [ -120.6031898, 34.5570033 ], [ -120.603209399999983, 34.5569403 ], [ -120.603222699999975, 34.5569274 ], [ -120.6032368, 34.5569251 ], [ -120.6032633, 34.5569485 ], [ -120.603279500000014, 34.5570216 ], [ -120.6033157, 34.557039 ], [ -120.6033626, 34.5570392 ], [ -120.603426, 34.5570246 ], [ -120.6035673, 34.5570399 ], [ -120.6036479, 34.5570296 ], [ -120.6037499, 34.5570706 ], [ -120.6038308, 34.5570943 ], [ -120.6040258, 34.5571353 ], [ -120.6041222, 34.5571473 ], [ -120.604253, 34.5571492 ], [ -120.604408599999985, 34.5571167 ], [ -120.604579, 34.5571387 ], [ -120.604799, 34.5571513 ], [ -120.6049304, 34.5571478 ], [ -120.6050178, 34.5571373 ], [ -120.6051484, 34.5571143 ], [ -120.6053604, 34.5570594 ], [ -120.605605900000015, 34.5570256 ], [ -120.6056857, 34.5569949 ], [ -120.605722, 34.5569482 ], [ -120.6057498, 34.5569303 ], [ -120.6059688, 34.5568494 ], [ -120.6060852, 34.556836 ], [ -120.6062672, 34.5568386 ], [ -120.606434900000011, 34.5568067 ], [ -120.60643, 34.55436 ], [ -120.6081891, 34.5543615 ], [ -120.6082007, 34.5543288 ], [ -120.6082393, 34.554297 ], [ -120.608474499999986, 34.5541805 ], [ -120.6085651, 34.5541495 ], [ -120.6086776, 34.5541359 ], [ -120.6088737, 34.5541473 ], [ -120.609008, 34.5541758 ], [ -120.609247699999983, 34.5542822 ], [ -120.6093825, 34.5543243 ], [ -120.6094814, 34.5543647 ], [ -120.609600899999975, 34.5544258 ], [ -120.6096717, 34.5544798 ], [ -120.60974, 34.5545319 ], [ -120.609816, 34.554568 ], [ -120.6098349, 34.5545687 ], [ -120.609888, 34.5545709 ], [ -120.610061300000012, 34.5545359 ], [ -120.610173, 34.5545278 ], [ -120.6104944, 34.5545672 ], [ -120.6107192, 34.5545739 ], [ -120.610822899999974, 34.5545656 ], [ -120.610939899999977, 34.554544 ], [ -120.611124499999988, 34.5544825 ], [ -120.6112201, 34.5544423 ], [ -120.6112791, 34.5544074 ], [ -120.6113085, 34.5543769 ], [ -120.61131420000001, 34.5543535 ], [ -120.611308, 34.5542806 ], [ -120.6113392, 34.5542401 ], [ -120.6114533, 34.5541835 ], [ -120.6115037, 34.5541692 ], [ -120.6115714, 34.5541611 ], [ -120.611621899999989, 34.5541405 ], [ -120.6116246, 34.5541381 ], [ -120.6116709, 34.5540638 ], [ -120.611768700000013, 34.5540124 ], [ -120.611864199999985, 34.5539428 ], [ -120.6119174, 34.5538607 ], [ -120.611941500000015, 34.5538482 ], [ -120.6120983, 34.5538037 ], [ -120.6121683, 34.5537586 ], [ -120.6121838, 34.5537374 ], [ -120.6121858, 34.5537191 ], [ -120.612152299999977, 34.5536687 ], [ -120.612147600000014, 34.553614 ], [ -120.612161, 34.5535832 ], [ -120.6121931, 34.5535761 ], [ -120.612287, 34.5536121 ], [ -120.6124379, 34.5537042 ], [ -120.6125338, 34.5538123 ], [ -120.6125828, 34.5538474 ], [ -120.612590399999988, 34.5538641 ], [ -120.612591499999979, 34.5539287 ], [ -120.6126314, 34.5539679 ], [ -120.6127552, 34.5540302 ], [ -120.613070599999986, 34.5541555 ], [ -120.6136823, 34.5543257 ], [ -120.613902, 34.5543713 ], [ -120.6140129, 34.5543839 ], [ -120.6141812, 34.554390399999988 ], [ -120.614312900000016, 34.554387 ], [ -120.6144675, 34.5543721 ], [ -120.614586500000016, 34.5543448 ], [ -120.6146352, 34.5543239 ], [ -120.614672899999988, 34.5542978 ], [ -120.61469790000001, 34.5542539 ], [ -120.61469670000001, 34.5541693 ], [ -120.614716, 34.5541476 ], [ -120.614892099999977, 34.5540684 ], [ -120.6150866, 34.5540055 ], [ -120.615140599999989, 34.5539762 ], [ -120.6151896, 34.5539099 ], [ -120.615217, 34.5538299 ], [ -120.615284799999984, 34.5537851 ], [ -120.6153161, 34.5537505 ], [ -120.615325500000012, 34.5537198 ], [ -120.615328, 34.5536376 ], [ -120.615338099999988, 34.5536114 ], [ -120.6154335, 34.5535538 ], [ -120.615453300000013, 34.5535334 ], [ -120.615456900000012, 34.5535249 ], [ -120.615460200000015, 34.5534908 ], [ -120.6154728, 34.5534802 ], [ -120.6155171, 34.5535122 ], [ -120.6155822, 34.5535253 ], [ -120.615770199999986, 34.5535215 ], [ -120.6159963, 34.553494 ], [ -120.6160778, 34.5534967 ], [ -120.6161096, 34.5534884 ], [ -120.616119399999988, 34.5534577 ], [ -120.616134100000011, 34.5534473 ], [ -120.6161466, 34.5534519 ], [ -120.6161807, 34.5534925 ], [ -120.6162579, 34.553507499999988 ], [ -120.616349299999982, 34.5535104 ], [ -120.616517699999989, 34.5534894 ], [ -120.6166056, 34.5535336 ], [ -120.6166661, 34.5535372 ], [ -120.6167201, 34.5535562 ], [ -120.6168946, 34.5535793 ], [ -120.6170134, 34.5535673 ], [ -120.617090600000012, 34.5535261 ], [ -120.617123, 34.5535191 ], [ -120.617160500000011, 34.5535318 ], [ -120.617180600000012, 34.553578 ], [ -120.6172057, 34.5535889 ], [ -120.6172934, 34.5535083 ], [ -120.617422100000013, 34.5534278 ], [ -120.6174967, 34.5533942 ], [ -120.617526500000011, 34.5533932 ], [ -120.617542899999989, 34.5534056 ], [ -120.6175357, 34.553486 ], [ -120.617539199999982, 34.5534973 ], [ -120.617551, 34.5535005 ], [ -120.617591, 34.5534779 ], [ -120.6176905, 34.553387799999989 ], [ -120.6177267, 34.55337 ], [ -120.6178514, 34.5533603 ], [ -120.617960699999983, 34.5533658 ], [ -120.6180313, 34.5533897 ], [ -120.6181039, 34.5534559 ], [ -120.6181258, 34.5535213 ], [ -120.6181209, 34.5535996 ], [ -120.61813260000001, 34.5536256 ], [ -120.618175, 34.553647 ], [ -120.618212199999974, 34.5536561 ], [ -120.618312, 34.5536502 ], [ -120.618349, 34.5536551 ], [ -120.6183928, 34.5536723 ], [ -120.6184335, 34.5537035 ], [ -120.6184726, 34.5537193 ], [ -120.6185035, 34.553718 ], [ -120.6185354, 34.5537056 ], [ -120.618648900000011, 34.5536061 ], [ -120.618698, 34.5535767 ], [ -120.6187276, 34.55357 ], [ -120.618768099999983, 34.553592 ], [ -120.6188437, 34.5536858 ], [ -120.618874800000015, 34.553702 ], [ -120.6189913, 34.5537097 ], [ -120.6191131, 34.5536708 ], [ -120.619159, 34.5536755 ], [ -120.6192227, 34.5537235 ], [ -120.619265199999987, 34.5538206 ], [ -120.619312799999989, 34.5538335 ], [ -120.6193468, 34.5538249 ], [ -120.6194061, 34.553769699999989 ], [ -120.6195606, 34.5537323 ], [ -120.619587799999977, 34.553681 ], [ -120.6196073, 34.5536657 ], [ -120.619632599999989, 34.5536595 ], [ -120.6196893, 34.5536606 ], [ -120.6197325, 34.5536325 ], [ -120.619754599999979, 34.5536303 ], [ -120.619780299999988, 34.5536404 ], [ -120.6197871, 34.5536526 ], [ -120.6197549, 34.5536835 ], [ -120.6197609, 34.5537093 ], [ -120.619857700000011, 34.5537643 ], [ -120.6199508, 34.5538004 ], [ -120.620109, 34.553812 ], [ -120.620376400000012, 34.5537822 ], [ -120.620417499999988, 34.5537912 ], [ -120.6204455, 34.5538126 ], [ -120.620461600000013, 34.5538362 ], [ -120.6204931, 34.5539 ], [ -120.620508699999988, 34.5539705 ], [ -120.6205263, 34.5540002 ], [ -120.6205945, 34.5540513 ], [ -120.620699399999978, 34.5540856 ], [ -120.620759799999988, 34.5540929 ], [ -120.620851699999989, 34.5540785 ], [ -120.6209033, 34.5540503 ], [ -120.6209509, 34.5539978 ], [ -120.6210409, 34.5539705 ], [ -120.6211242, 34.5539865 ], [ -120.621307, 34.55409 ], [ -120.621429, 34.5541149 ], [ -120.6214814, 34.5541159 ], [ -120.621519599999985, 34.554107699999989 ], [ -120.6215818, 34.5540466 ], [ -120.621647900000013, 34.5540173 ], [ -120.6216514, 34.5540157 ], [ -120.6216957, 34.5539859 ], [ -120.6217432, 34.5539198 ], [ -120.621779499999974, 34.5539168 ], [ -120.6219726, 34.553972 ], [ -120.6224758, 34.5541641 ], [ -120.622625700000015, 34.5541957 ], [ -120.622754799999981, 34.5542065 ], [ -120.622808, 34.5542006 ], [ -120.6228464, 34.554182 ], [ -120.622932099999986, 34.5540696 ], [ -120.6230051, 34.5540076 ], [ -120.623040100000011, 34.5539931 ], [ -120.623112299999988, 34.5540029 ], [ -120.623208499999976, 34.5539766 ], [ -120.623287499999989, 34.5539975 ], [ -120.623394199999979, 34.5539629 ], [ -120.623492399999989, 34.5539544 ], [ -120.623527, 34.5539614 ], [ -120.623647600000012, 34.5540265 ], [ -120.6239237, 34.5543525 ], [ -120.6239543, 34.5543746 ], [ -120.6240587, 34.5544243 ], [ -120.6240675, 34.5545436 ], [ -120.624104299999985, 34.5546434 ], [ -120.624163599999989, 34.5547324 ], [ -120.624186200000011, 34.5547976 ], [ -120.6241867, 34.5548635 ], [ -120.624244099999984, 34.5548976 ], [ -120.6243679, 34.5549094 ], [ -120.624439099999989, 34.554928 ], [ -120.6245168, 34.5549643 ], [ -120.6245542, 34.5549963 ], [ -120.6245613, 34.555020299999988 ], [ -120.6245388, 34.5550841 ], [ -120.624538699999988, 34.5551214 ], [ -120.6245902, 34.5552336 ], [ -120.624599, 34.5553058 ], [ -120.624631400000013, 34.5553812 ], [ -120.6246526, 34.5553997 ], [ -120.624739100000014, 34.5554191 ], [ -120.6247576, 34.5554379 ], [ -120.6247541, 34.5554612 ], [ -120.6247342, 34.555486 ], [ -120.624664799999977, 34.5555102 ], [ -120.6246391, 34.555532 ], [ -120.624621800000014, 34.5555672 ], [ -120.6246181, 34.5556067 ], [ -120.624629, 34.55569 ], [ -120.624643299999988, 34.5557304 ], [ -120.6246593, 34.5557516 ], [ -120.624707300000011, 34.5557822 ], [ -120.6247176, 34.5558546 ], [ -120.624776, 34.5559212 ], [ -120.62482559999998, 34.5559484 ], [ -120.624991099999988, 34.5559671 ], [ -120.62513, 34.5560122 ], [ -120.6255263, 34.5562489 ], [ -120.625641399999978, 34.5563047 ], [ -120.6256966, 34.5563115 ], [ -120.6257332, 34.5563051 ], [ -120.625787199999976, 34.5562673 ], [ -120.6258328, 34.5562467 ], [ -120.6258669, 34.5562007 ], [ -120.6258952, 34.5561858 ], [ -120.6259341, 34.5561893 ], [ -120.6260111, 34.5562235 ], [ -120.6260351, 34.5562597 ], [ -120.6260419, 34.5563606 ], [ -120.626101, 34.5565135 ], [ -120.626179, 34.5565986 ], [ -120.6263576, 34.5567482 ], [ -120.6263966, 34.5568379 ], [ -120.6264448, 34.5569144 ], [ -120.6266491, 34.5571617 ], [ -120.6268701, 34.5574527 ], [ -120.626905, 34.5574869 ], [ -120.6269384, 34.5575068 ], [ -120.627097699999979, 34.5575484 ], [ -120.627212, 34.5576177 ], [ -120.6272975, 34.557658 ], [ -120.6273305, 34.5576917 ], [ -120.6273531, 34.5577572 ], [ -120.6273804, 34.5577809 ], [ -120.627423, 34.5577896 ], [ -120.627515, 34.5577828 ], [ -120.6275925, 34.5577647 ], [ -120.6276688, 34.5577298 ], [ -120.627813799999984, 34.5577618 ], [ -120.6279457, 34.5578046 ], [ -120.6280327, 34.5578224 ], [ -120.628049499999989, 34.5578106 ], [ -120.6280668, 34.5577466 ], [ -120.6280884, 34.5577172 ], [ -120.628220899999988, 34.5576646 ], [ -120.6282339, 34.5576754 ], [ -120.6282337, 34.5577448 ], [ -120.6282483, 34.5577665 ], [ -120.6282877, 34.5577634 ], [ -120.628373900000014, 34.5577319 ], [ -120.6284059, 34.557734599999989 ], [ -120.628433300000012, 34.5577479 ], [ -120.628461, 34.5577754 ], [ -120.628465100000014, 34.5577963 ], [ -120.628439899999989, 34.5578128 ], [ -120.6283684, 34.5578233 ], [ -120.6283472, 34.5578358 ], [ -120.6282973, 34.5579254 ], [ -120.6282951, 34.5579463 ], [ -120.628306400000014, 34.5579674 ], [ -120.628344599999977, 34.5579786 ], [ -120.628461500000014, 34.5579779 ], [ -120.628563299999982, 34.5580109 ], [ -120.6287502, 34.5581323 ], [ -120.628835599999988, 34.558258 ], [ -120.6289341, 34.5582552 ], [ -120.6289843, 34.5582643 ], [ -120.6290257, 34.5582819 ], [ -120.6290483, 34.5583011 ], [ -120.6290292, 34.5583395 ], [ -120.629043, 34.5583596 ], [ -120.6291019, 34.5583741 ], [ -120.6292237, 34.5583803 ], [ -120.629257200000012, 34.5583966 ], [ -120.629256399999974, 34.5584073 ], [ -120.629234, 34.5584184 ], [ -120.629137700000015, 34.5584237 ], [ -120.629087899999988, 34.5584421 ], [ -120.629038, 34.5584912 ], [ -120.6289857, 34.5585269 ], [ -120.6289638, 34.5585813 ], [ -120.6289911, 34.5586523 ], [ -120.6290105, 34.5587889 ], [ -120.629078799999974, 34.558906199999988 ], [ -120.62914, 34.5590939 ], [ -120.629180300000016, 34.5591686 ], [ -120.629220699999976, 34.5592215 ], [ -120.6292527, 34.5592432 ], [ -120.629294, 34.5592569 ], [ -120.6294925, 34.5592343 ], [ -120.6295376, 34.5592362 ], [ -120.629565199999988, 34.5592472 ], [ -120.629586300000014, 34.5592847 ], [ -120.629569800000013, 34.5593816 ], [ -120.6295737, 34.5594297 ], [ -120.6296061, 34.5594847 ], [ -120.6296805, 34.5595596 ], [ -120.629726, 34.5595882 ], [ -120.6297658, 34.5595969 ], [ -120.6298232, 34.5595838 ], [ -120.629880899999989, 34.559549 ], [ -120.62992269999998, 34.5595462 ], [ -120.62996889999998, 34.5595633 ], [ -120.6300563, 34.5596205 ], [ -120.6301707, 34.5596463 ], [ -120.6302605, 34.559705 ], [ -120.6303072, 34.5597505 ], [ -120.6303383, 34.5598139 ], [ -120.63034540000001, 34.559874 ], [ -120.630358699999974, 34.5598908 ], [ -120.630401, 34.5598858 ], [ -120.6304726, 34.5598917 ], [ -120.6305626, 34.5597934 ], [ -120.6306186, 34.5597596 ], [ -120.6306834, 34.5597359 ], [ -120.6309117, 34.5596808 ], [ -120.630974200000011, 34.559680899999989 ], [ -120.6310268, 34.5596973 ], [ -120.631047599999988, 34.5597226 ], [ -120.631035499999982, 34.5597426 ], [ -120.6309535, 34.5597835 ], [ -120.63084, 34.5598278 ], [ -120.630803599999979, 34.5598555 ], [ -120.630797199999989, 34.5598909 ], [ -120.630842699999988, 34.5599426 ], [ -120.6308277, 34.5599687 ], [ -120.6307707, 34.5600013 ], [ -120.6306495, 34.5600437 ], [ -120.6306636, 34.5600522 ], [ -120.630719199999987, 34.5600569 ], [ -120.6308375, 34.5600459 ], [ -120.6308685, 34.560057 ], [ -120.6308798, 34.5601349 ], [ -120.63086269999998, 34.5602782 ], [ -120.6308763, 34.5603238 ], [ -120.630912, 34.5603489 ], [ -120.630962, 34.5603663 ], [ -120.631024900000014, 34.5603768 ], [ -120.6310667, 34.5603729 ], [ -120.6310885, 34.5603548 ], [ -120.6311172, 34.5602761 ], [ -120.6311808, 34.5602021 ], [ -120.6312287, 34.5601768 ], [ -120.631295099999974, 34.560154 ], [ -120.6313472, 34.5601441 ], [ -120.6313896, 34.5601458 ], [ -120.631395399999988, 34.5601519 ], [ -120.6313841, 34.5601607 ], [ -120.631271500000011, 34.5602046 ], [ -120.6312163, 34.5602425 ], [ -120.6311945, 34.5602905 ], [ -120.631203899999988, 34.560379 ], [ -120.631197700000016, 34.5604048 ], [ -120.6311736, 34.5604257 ], [ -120.6311335, 34.560432399999989 ], [ -120.631082899999981, 34.5604524 ], [ -120.6310697, 34.5604702 ], [ -120.6310679, 34.5605022 ], [ -120.631073199999989, 34.560529 ], [ -120.631087799999989, 34.5605487 ], [ -120.631184599999983, 34.5606066 ], [ -120.6312177, 34.560612 ], [ -120.631323599999973, 34.5605973 ], [ -120.63136, 34.5606083 ], [ -120.6313675, 34.5606305 ], [ -120.631347100000013, 34.5606865 ], [ -120.631346899999983, 34.5607094 ], [ -120.6313623, 34.5607378 ], [ -120.6314102, 34.560781399999989 ], [ -120.6315002, 34.5608359 ], [ -120.631582799999975, 34.5608609 ], [ -120.6316484, 34.5608512 ], [ -120.6317002, 34.5608195 ], [ -120.631747300000015, 34.5608033 ], [ -120.6318132, 34.5607961 ], [ -120.6318731, 34.5608023 ], [ -120.6319371, 34.5608279 ], [ -120.632039299999988, 34.5609218 ], [ -120.632094299999977, 34.5609459 ], [ -120.6321454, 34.5609453 ], [ -120.632315399999982, 34.5609213 ], [ -120.6324193, 34.5608934 ], [ -120.632437400000015, 34.5608959 ], [ -120.6324529, 34.5609191 ], [ -120.632443199999983, 34.5609465 ], [ -120.63239, 34.5609913 ], [ -120.632300099999981, 34.5610495 ], [ -120.63223859999998, 34.5611179 ], [ -120.632193, 34.561195 ], [ -120.632187, 34.5612504 ], [ -120.632224199999982, 34.5612948 ], [ -120.632460200000011, 34.5614573 ], [ -120.6326092, 34.5615785 ], [ -120.6327129, 34.5616439 ], [ -120.632829699999974, 34.5616933 ], [ -120.63295020000001, 34.5617107 ], [ -120.6330963, 34.561691 ], [ -120.633196200000015, 34.561652 ], [ -120.633290100000011, 34.561576 ], [ -120.6333025, 34.5615509 ], [ -120.633306399999981, 34.5615155 ], [ -120.6332843, 34.561453 ], [ -120.633198900000011, 34.5613752 ], [ -120.633191399999987, 34.561352 ], [ -120.6332077, 34.5613366 ], [ -120.633249600000013, 34.56132 ], [ -120.6333672, 34.5612974 ], [ -120.633408, 34.5613001 ], [ -120.63343350000001, 34.5613102 ], [ -120.633435399999982, 34.5613258 ], [ -120.633413199999978, 34.5613529 ], [ -120.6334109, 34.5613695 ], [ -120.6334243, 34.5613817 ], [ -120.6334543, 34.5613904 ], [ -120.633475499999989, 34.5614114 ], [ -120.63354240000001, 34.5614266 ], [ -120.6336698, 34.5614375 ], [ -120.6337177, 34.5614593 ], [ -120.633743, 34.5614974 ], [ -120.6337335, 34.5615882 ], [ -120.6337451, 34.5616262 ], [ -120.633801600000012, 34.5616648 ], [ -120.633887799999982, 34.561688499999988 ], [ -120.6340813, 34.5617036 ], [ -120.634154, 34.5616941 ], [ -120.634302299999987, 34.5616602 ], [ -120.634530799999979, 34.5616608 ], [ -120.634636, 34.5616471 ], [ -120.634695400000012, 34.5616155 ], [ -120.634716700000013, 34.5615795 ], [ -120.6347027, 34.5615287 ], [ -120.6346568, 34.5614799 ], [ -120.6346638, 34.5614683 ], [ -120.6346986, 34.561479299999988 ], [ -120.6347489, 34.5615192 ], [ -120.6347682, 34.5615496 ], [ -120.63477349999998, 34.5615917 ], [ -120.634799299999983, 34.5616036 ], [ -120.6348789, 34.5616079 ], [ -120.6350107, 34.5616016 ], [ -120.6351018, 34.5615902 ], [ -120.6351812, 34.5615715 ], [ -120.6352179, 34.5615541 ], [ -120.6352396, 34.5615343 ], [ -120.6352429, 34.5615206 ], [ -120.635229400000014, 34.5615087 ], [ -120.635236600000013, 34.5614981 ], [ -120.6353198, 34.5614443 ], [ -120.635332, 34.5613973 ], [ -120.6353279, 34.5613568 ], [ -120.635368899999989, 34.5613032 ], [ -120.63538, 34.5612526 ], [ -120.635431399999987, 34.5612214 ], [ -120.6354666, 34.5611898 ], [ -120.635566799999978, 34.5610633 ], [ -120.635604899999976, 34.5609898 ], [ -120.6356287, 34.5609045 ], [ -120.6356517, 34.5608699 ], [ -120.6356919, 34.5608375 ], [ -120.6358232, 34.5607741 ], [ -120.6359474, 34.5606798 ], [ -120.636035299999989, 34.5605778 ], [ -120.6361104, 34.5605096 ], [ -120.636130199999982, 34.560423 ], [ -120.636147799999989, 34.5604028 ], [ -120.6361736, 34.5603963 ], [ -120.6363447, 34.5604523 ], [ -120.636448699999988, 34.5605052 ], [ -120.636627499999989, 34.5605804 ], [ -120.6366979, 34.5606325 ], [ -120.6367136, 34.5606533 ], [ -120.6367184, 34.5606765 ], [ -120.6366803, 34.5607306 ], [ -120.636690399999978, 34.5607966 ], [ -120.6366832, 34.5608181 ], [ -120.6366568, 34.5608259 ], [ -120.6365631, 34.560824 ], [ -120.6365345, 34.5608313 ], [ -120.6365144, 34.5608513 ], [ -120.636463100000014, 34.5609372 ], [ -120.636443, 34.5610091 ], [ -120.6364389, 34.5612082 ], [ -120.6364165, 34.5612166 ], [ -120.636315200000013, 34.5611975 ], [ -120.636279699999974, 34.561204 ], [ -120.6362626, 34.5612247 ], [ -120.6362017, 34.5613567 ], [ -120.6361995, 34.5613999 ], [ -120.636247199999985, 34.56147 ], [ -120.636372899999984, 34.5615407 ], [ -120.6363795, 34.5615523 ], [ -120.63636240000001, 34.5615621 ], [ -120.636324299999984, 34.5615632 ], [ -120.6362089, 34.5615306 ], [ -120.6361801, 34.5615288 ], [ -120.6361284, 34.5615472 ], [ -120.6361204, 34.5615718 ], [ -120.6361224, 34.5615793 ], [ -120.6361758, 34.5616429 ], [ -120.6361841, 34.561671 ], [ -120.636021299999982, 34.5617401 ], [ -120.635891, 34.5617629 ], [ -120.6358215, 34.561789 ], [ -120.635810600000013, 34.5618077 ], [ -120.635872400000011, 34.5618759 ], [ -120.6358729, 34.5618784 ], [ -120.6358667, 34.561899 ], [ -120.635828600000011, 34.5619397 ], [ -120.6358198, 34.5619833 ], [ -120.6358338, 34.5620389 ], [ -120.635833, 34.5620893 ], [ -120.635854499999979, 34.5621426 ], [ -120.6358598, 34.5622273 ], [ -120.6358803, 34.5622918 ], [ -120.635924399999979, 34.5623715 ], [ -120.636007299999989, 34.5624794 ], [ -120.63607469999998, 34.5625308 ], [ -120.6361572, 34.562557 ], [ -120.6361901, 34.5625547 ], [ -120.6362162, 34.5625404 ], [ -120.6362302, 34.5625183 ], [ -120.6362382, 34.562476599999989 ], [ -120.6362552, 34.5624667 ], [ -120.636293399999985, 34.5624657 ], [ -120.6363607, 34.5624846 ], [ -120.6364186, 34.5624869 ], [ -120.6364259, 34.5625017 ], [ -120.636423099999973, 34.5625289 ], [ -120.6363738, 34.5626504 ], [ -120.636376899999973, 34.562677 ], [ -120.6364283, 34.5626973 ], [ -120.636473900000013, 34.5627007 ], [ -120.6365214, 34.5626853 ], [ -120.6365747, 34.5626566 ], [ -120.63661110000001, 34.5626508 ], [ -120.636644300000015, 34.5626579 ], [ -120.636698, 34.5626831 ], [ -120.636741199999989, 34.5626853 ], [ -120.636766299999977, 34.5626945 ], [ -120.636791100000011, 34.5627216 ], [ -120.636762699999977, 34.5627819 ], [ -120.6367619, 34.5628121 ], [ -120.6367703, 34.5628389 ], [ -120.636791699999989, 34.5628673 ], [ -120.6370272, 34.5630644 ], [ -120.6371206, 34.563132 ], [ -120.6371823, 34.5631671 ], [ -120.6372344, 34.5631859 ], [ -120.6373745, 34.5632101 ], [ -120.6374572, 34.5632551 ], [ -120.637465800000015, 34.563243299999989 ], [ -120.6374567, 34.5632094 ], [ -120.637473199999974, 34.5631953 ], [ -120.6374961, 34.5632026 ], [ -120.6375327, 34.5632342 ], [ -120.637567599999983, 34.5632367 ], [ -120.6375957, 34.56323 ], [ -120.6376493, 34.5631898 ], [ -120.6377003, 34.5631257 ], [ -120.6377387, 34.5630286 ], [ -120.637786800000015, 34.5629472 ], [ -120.6378568, 34.5628682 ], [ -120.637907199999987, 34.5628244 ], [ -120.6379471, 34.5628019 ], [ -120.637998799999977, 34.5627877 ], [ -120.6380559, 34.5627843 ], [ -120.6381849, 34.562796899999988 ], [ -120.6382209, 34.5628242 ], [ -120.6382362, 34.5628552 ], [ -120.638233199999988, 34.5629034 ], [ -120.638195, 34.5630228 ], [ -120.638095299999989, 34.5631713 ], [ -120.6381038, 34.5631986 ], [ -120.6381303, 34.5632058 ], [ -120.638157400000011, 34.5631792 ], [ -120.6382164, 34.5630779 ], [ -120.6382428, 34.5630154 ], [ -120.638312, 34.5629498 ], [ -120.6383829, 34.5628644 ], [ -120.6384293, 34.5628338 ], [ -120.63846430000001, 34.5628299 ], [ -120.6384854, 34.5628443 ], [ -120.638498500000011, 34.5628713 ], [ -120.6384867, 34.5629729 ], [ -120.6384717, 34.5630076 ], [ -120.6384124, 34.5630831 ], [ -120.63839080000001, 34.563139 ], [ -120.6383864, 34.5631829 ], [ -120.6383912, 34.5632032 ], [ -120.6384042, 34.5632151 ], [ -120.6384837, 34.5631987 ], [ -120.6384966, 34.5632031 ], [ -120.6384978, 34.563212 ], [ -120.6384148, 34.5633057 ], [ -120.6383619, 34.563318099999989 ], [ -120.638336099999989, 34.5633382 ], [ -120.6383093, 34.5633801 ], [ -120.638293600000011, 34.5634385 ], [ -120.6382998, 34.5634686 ], [ -120.6383357, 34.5634946 ], [ -120.6383981, 34.5635106 ], [ -120.6384552, 34.5635084 ], [ -120.6384963, 34.5634876 ], [ -120.6385272, 34.5634487 ], [ -120.6385722, 34.5633107 ], [ -120.6386503, 34.563179 ], [ -120.638797900000014, 34.563027399999989 ], [ -120.638863, 34.562947 ], [ -120.6389085, 34.5628245 ], [ -120.6389334, 34.5628106 ], [ -120.6390045, 34.5628199 ], [ -120.6390445, 34.5628388 ], [ -120.639065299999984, 34.5628654 ], [ -120.6391111, 34.5630071 ], [ -120.639137800000015, 34.5630289 ], [ -120.639226, 34.5630755 ], [ -120.639237099999988, 34.56309 ], [ -120.6392399, 34.5632153 ], [ -120.6392186, 34.5633215 ], [ -120.63924, 34.5635132 ], [ -120.639250199999978, 34.5635501 ], [ -120.6392692, 34.5635784 ], [ -120.6392941, 34.56359 ], [ -120.6393238, 34.5635869 ], [ -120.6393869, 34.5635312 ], [ -120.639412100000015, 34.5635209 ], [ -120.6395229, 34.5635446 ], [ -120.639581799999988, 34.5635393 ], [ -120.6396176, 34.5635261 ], [ -120.6396626, 34.5634914 ], [ -120.6396787, 34.5634908 ], [ -120.639818399999982, 34.5635908 ], [ -120.639921199999989, 34.563712699999989 ], [ -120.639954499999988, 34.5637853 ], [ -120.639966299999983, 34.563791 ], [ -120.640003400000012, 34.5637898 ], [ -120.640045, 34.5638087 ], [ -120.640092200000012, 34.5638491 ], [ -120.640111, 34.5638875 ], [ -120.64011330000001, 34.5639234 ], [ -120.640103399999987, 34.5639529 ], [ -120.640085699999986, 34.5639744 ], [ -120.6400528, 34.5639933 ], [ -120.640003299999975, 34.564002 ], [ -120.6398704, 34.5639926 ], [ -120.639708200000015, 34.564055 ], [ -120.639653699999982, 34.5640669 ], [ -120.63960320000001, 34.5640684 ], [ -120.639506900000015, 34.5640523 ], [ -120.639457199999981, 34.5640264 ], [ -120.6394216, 34.5639715 ], [ -120.6393576, 34.5638034 ], [ -120.639329699999976, 34.5637776 ], [ -120.639289300000016, 34.5637605 ], [ -120.6392425, 34.5637501 ], [ -120.6391527, 34.5637494 ], [ -120.639047699999978, 34.5637311 ], [ -120.6388767, 34.5637449 ], [ -120.638697199999982, 34.563774 ], [ -120.638663799999989, 34.5637875 ], [ -120.638636, 34.5638112 ], [ -120.6386265, 34.5638733 ], [ -120.638582, 34.5639122 ], [ -120.6385441, 34.5639927 ], [ -120.63844, 34.5640874 ], [ -120.638328, 34.564095 ], [ -120.63831949999998, 34.5640863 ], [ -120.6383223, 34.5640771 ], [ -120.638373, 34.5640579 ], [ -120.6383651, 34.5640289 ], [ -120.638320799999988, 34.5640158 ], [ -120.6382291, 34.5640107 ], [ -120.6381594, 34.5640371 ], [ -120.6379294, 34.5640962 ], [ -120.6378653, 34.56413 ], [ -120.6378197, 34.5641713 ], [ -120.6377235, 34.5642348 ], [ -120.6376017, 34.5643523 ], [ -120.637533499999975, 34.5644403 ], [ -120.637474200000014, 34.5645341 ], [ -120.6374152, 34.564667 ], [ -120.6374105, 34.5647321 ], [ -120.637440699999985, 34.5648087 ], [ -120.6374458, 34.5648433 ], [ -120.6374334, 34.5648687 ], [ -120.637372, 34.5649256 ], [ -120.6373456, 34.5649988 ], [ -120.63729690000001, 34.5652222 ], [ -120.6372968, 34.5654254 ], [ -120.6373103, 34.5654904 ], [ -120.637457700000013, 34.5658456 ], [ -120.637524899999988, 34.5659484 ], [ -120.637543, 34.5659964 ], [ -120.637603, 34.5660521 ], [ -120.6376407, 34.5661348 ], [ -120.637735800000016, 34.5661969 ], [ -120.637828200000015, 34.5662911 ], [ -120.6378956, 34.5663122 ], [ -120.6379436, 34.5664009 ], [ -120.6380088, 34.5664481 ], [ -120.6380797, 34.5665634 ], [ -120.638198, 34.5667233 ], [ -120.638246, 34.5667733 ], [ -120.6382809, 34.5668364 ], [ -120.638392599999989, 34.5669184 ], [ -120.638450800000015, 34.5669394 ], [ -120.638641799999974, 34.5669757 ], [ -120.6387588, 34.5670083 ], [ -120.6388208, 34.5670162 ], [ -120.638872, 34.5670068 ], [ -120.6390209, 34.5669311 ], [ -120.6391025, 34.5669201 ], [ -120.639145699999986, 34.5669314 ], [ -120.6391837, 34.5669535 ], [ -120.6392176, 34.5669849 ], [ -120.6392283, 34.5670091 ], [ -120.639217699999989, 34.567045 ], [ -120.6391761, 34.5670762 ], [ -120.6391269, 34.5670902 ], [ -120.6390234, 34.5670989 ], [ -120.638979, 34.5671189 ], [ -120.638939900000011, 34.5671671 ], [ -120.6389286, 34.5672189 ], [ -120.638944, 34.567277 ], [ -120.639007, 34.5673618 ], [ -120.63904070000001, 34.5673756 ], [ -120.6391183, 34.5673841 ], [ -120.639168500000011, 34.5673982 ], [ -120.6392078, 34.5674205 ], [ -120.639233, 34.5674509 ], [ -120.639244, 34.567485 ], [ -120.639239499999988, 34.5675156 ], [ -120.6391735, 34.5676 ], [ -120.6391618, 34.5676387 ], [ -120.639179399999975, 34.5676937 ], [ -120.639229699999987, 34.5677547 ], [ -120.639234, 34.5677912 ], [ -120.639222499999988, 34.5678075 ], [ -120.639200699999975, 34.5678185 ], [ -120.6389692, 34.5678803 ], [ -120.638888599999987, 34.5679147 ], [ -120.6388609, 34.5679403 ], [ -120.638862, 34.5679635 ], [ -120.6388871, 34.5679838 ], [ -120.6389216, 34.5679944 ], [ -120.6389674, 34.5679944 ], [ -120.638988399999988, 34.5680093 ], [ -120.6389628, 34.5680463 ], [ -120.6388967, 34.5680933 ], [ -120.638880499999985, 34.5681217 ], [ -120.638899799999976, 34.5682621 ], [ -120.638928299999975, 34.5683383 ], [ -120.638913699999989, 34.568379 ], [ -120.6389043, 34.5684985 ], [ -120.6387863, 34.5686647 ], [ -120.6387074, 34.5687252 ], [ -120.638603599999982, 34.5688711 ], [ -120.6385795, 34.5689177 ], [ -120.638442700000013, 34.569064 ], [ -120.6382844, 34.5691772 ], [ -120.638249, 34.5692196 ], [ -120.6382131, 34.5692823 ], [ -120.6381389, 34.5694705 ], [ -120.638079, 34.5697327 ], [ -120.63807820000001, 34.5698056 ], [ -120.6381128, 34.5698474 ], [ -120.6381187, 34.5698683 ], [ -120.6381102, 34.5698841 ], [ -120.6380713, 34.5699151 ], [ -120.6380493, 34.5699841 ], [ -120.6380455, 34.5700695 ], [ -120.638063699999989, 34.570206 ], [ -120.6380681, 34.5702204 ], [ -120.6381108, 34.5702648 ], [ -120.63812, 34.5702858 ], [ -120.638089799999989, 34.5703471 ], [ -120.638093200000014, 34.5703623 ], [ -120.6381138, 34.5703588 ], [ -120.6381191, 34.5703683 ], [ -120.638091199999977, 34.570433 ], [ -120.6380994, 34.5705167 ], [ -120.6381321, 34.5705756 ], [ -120.6381758, 34.5706096 ], [ -120.6382377, 34.5706201 ], [ -120.6383806, 34.5705906 ], [ -120.6384766, 34.5705932 ], [ -120.638623599999988, 34.5706347 ], [ -120.6386811, 34.570684 ], [ -120.638704600000011, 34.5706921 ], [ -120.638769599999975, 34.5706792 ], [ -120.6389229, 34.5706257 ], [ -120.638977699999984, 34.5706218 ], [ -120.639029, 34.5706302 ], [ -120.6391015, 34.5706519 ], [ -120.6393258, 34.5707576 ], [ -120.6393658, 34.5707873 ], [ -120.6394472, 34.5708773 ], [ -120.6394742, 34.570891 ], [ -120.6395552, 34.5709095 ], [ -120.6395838, 34.5709266 ], [ -120.639593399999981, 34.5709426 ], [ -120.6395893, 34.5709583 ], [ -120.6395749, 34.5709657 ], [ -120.639491799999988, 34.5709582 ], [ -120.639363899999978, 34.5709762 ], [ -120.6393134, 34.5709724 ], [ -120.6392101, 34.5709495 ], [ -120.63908090000001, 34.5709496 ], [ -120.639000199999984, 34.5709272 ], [ -120.6388995, 34.5708633 ], [ -120.6388653, 34.5708541 ], [ -120.638831899999985, 34.5708562 ], [ -120.6387667, 34.5708948 ], [ -120.6387183, 34.570951 ], [ -120.638688699999989, 34.5710889 ], [ -120.6386703, 34.5711147 ], [ -120.638596299999989, 34.5711429 ], [ -120.6385638, 34.5711735 ], [ -120.638524499999988, 34.5711924 ], [ -120.6384677, 34.5711876 ], [ -120.6384311, 34.5711923 ], [ -120.6383579, 34.5711737 ], [ -120.6383331, 34.571175 ], [ -120.638300500000014, 34.5711944 ], [ -120.638239, 34.5712553 ], [ -120.638202199999981, 34.5713079 ], [ -120.6381705, 34.571379 ], [ -120.638166700000014, 34.5714128 ], [ -120.63814189999998, 34.571441 ], [ -120.6381284, 34.5714839 ], [ -120.638089900000011, 34.5715255 ], [ -120.638056299999988, 34.5715846 ], [ -120.638020099999977, 34.5717098 ], [ -120.6380138, 34.5717815 ], [ -120.63802, 34.571835 ], [ -120.6380608, 34.5719576 ], [ -120.638188099999979, 34.5721051 ], [ -120.6382163, 34.5721613 ], [ -120.63823, 34.572242 ], [ -120.6382951, 34.5723645 ], [ -120.6383274, 34.5723889 ], [ -120.638393, 34.5724155 ], [ -120.6386479, 34.5724495 ], [ -120.638776399999983, 34.5724788 ], [ -120.6388485, 34.5724819 ], [ -120.6389962, 34.5724665 ], [ -120.6390484, 34.5724695 ], [ -120.639117399999989, 34.5724934 ], [ -120.6391853, 34.5725408 ], [ -120.639445499999979, 34.5725828 ], [ -120.639554499999988, 34.572628 ], [ -120.6397488, 34.572664 ], [ -120.639818600000012, 34.5726613 ], [ -120.6398782, 34.5726454 ], [ -120.639882199999988, 34.5726388 ], [ -120.639871499999984, 34.5726311 ], [ -120.639782, 34.5726168 ], [ -120.6397716, 34.5726069 ], [ -120.6398264, 34.572584 ], [ -120.639916700000015, 34.5725657 ], [ -120.6400109, 34.5725769 ], [ -120.6401284, 34.5725634 ], [ -120.6403306, 34.5725592 ], [ -120.640443699999977, 34.5725641 ], [ -120.640586700000014, 34.5725993 ], [ -120.640755099999978, 34.5726065 ], [ -120.6408124, 34.5726244 ], [ -120.640932299999989, 34.5726785 ], [ -120.641099399999987, 34.5727034 ], [ -120.6411663, 34.5727009 ], [ -120.6412091, 34.5726912 ], [ -120.6413249, 34.57263 ], [ -120.64137, 34.5726161 ], [ -120.6414127, 34.5726143 ], [ -120.641501, 34.5726287 ], [ -120.6416163, 34.5726252 ], [ -120.641637, 34.5726487 ], [ -120.64162060000001, 34.5727304 ], [ -120.6416365, 34.5727821 ], [ -120.641707099999977, 34.5728387 ], [ -120.641817199999977, 34.5728802 ], [ -120.641825299999979, 34.5729069 ], [ -120.6418014, 34.5729414 ], [ -120.6417386, 34.5729959 ], [ -120.6416614, 34.5730476 ], [ -120.641589700000011, 34.5730813 ], [ -120.6415599, 34.5730864 ], [ -120.641538900000015, 34.5730815 ], [ -120.641504399999988, 34.5730141 ], [ -120.6414788, 34.5730021 ], [ -120.641445300000015, 34.573000199999989 ], [ -120.6413928, 34.5730176 ], [ -120.6413657, 34.5730635 ], [ -120.641349600000012, 34.5730755 ], [ -120.64125, 34.5730786 ], [ -120.641195199999984, 34.5731068 ], [ -120.6411816, 34.5731268 ], [ -120.641178599999989, 34.5731501 ], [ -120.6412017, 34.5731931 ], [ -120.6412949, 34.5732575 ], [ -120.641396, 34.5733019 ], [ -120.641443, 34.5733017 ], [ -120.6414969, 34.5732845 ], [ -120.641622399999989, 34.573265 ], [ -120.641635900000011, 34.5732412 ], [ -120.6416303, 34.573189 ], [ -120.6416753, 34.5731444 ], [ -120.6417949, 34.5730869 ], [ -120.641972299999978, 34.5730292 ], [ -120.6420227, 34.5730273 ], [ -120.6420734, 34.5730593 ], [ -120.642102099999988, 34.5730662 ], [ -120.642254899999983, 34.5730309 ], [ -120.642338899999984, 34.573039 ], [ -120.6423774, 34.5730542 ], [ -120.6423885, 34.5730698 ], [ -120.6423873, 34.5730892 ], [ -120.642325199999974, 34.5732067 ], [ -120.6422771, 34.5732611 ], [ -120.6421851, 34.5733431 ], [ -120.642155, 34.5733561 ], [ -120.642118, 34.5733595 ], [ -120.641973100000016, 34.5733334 ], [ -120.641939799999989, 34.5733345 ], [ -120.6419148, 34.5733497 ], [ -120.6418998, 34.5734281 ], [ -120.641865, 34.5734617 ], [ -120.6418126, 34.573473 ], [ -120.6416204, 34.5734534 ], [ -120.641594500000011, 34.5734736 ], [ -120.6415974, 34.573502 ], [ -120.6416162, 34.5735287 ], [ -120.6416424, 34.5735475 ], [ -120.6419061, 34.5736785 ], [ -120.642025600000011, 34.5737476 ], [ -120.642242200000013, 34.5738349 ], [ -120.6423287, 34.573879 ], [ -120.642360499999981, 34.5739268 ], [ -120.64236, 34.5739864 ], [ -120.6423326, 34.5740314 ], [ -120.6422331, 34.5741269 ], [ -120.642225499999981, 34.574143 ], [ -120.642228, 34.5741693 ], [ -120.6422538, 34.5742091 ], [ -120.6422946, 34.5742469 ], [ -120.6423719, 34.5742939 ], [ -120.6424651, 34.5743387 ], [ -120.6425106, 34.5743762 ], [ -120.642555499999986, 34.57445 ], [ -120.642600699999988, 34.5746232 ], [ -120.642629399999976, 34.5746418 ], [ -120.642738299999976, 34.5746766 ], [ -120.6428663, 34.5747513 ], [ -120.6429, 34.5747904 ], [ -120.6429196, 34.5748759 ], [ -120.642951299999979, 34.5749147 ], [ -120.643016399999979, 34.5749261 ], [ -120.64316, 34.5749081 ], [ -120.64321790000001, 34.5749131 ], [ -120.643262299999989, 34.5749347 ], [ -120.6432934, 34.5749921 ], [ -120.6432858, 34.575025 ], [ -120.643256799999989, 34.575073 ], [ -120.6431464, 34.5751949 ], [ -120.643099499999977, 34.5752253 ], [ -120.642993899999979, 34.5752675 ], [ -120.642915899999977, 34.5753081 ], [ -120.6428216, 34.575329 ], [ -120.642612899999975, 34.5753297 ], [ -120.642483700000014, 34.57534 ], [ -120.642259599999988, 34.5753956 ], [ -120.6422095, 34.5754185 ], [ -120.6421968, 34.5754446 ], [ -120.6422214, 34.5754757 ], [ -120.642221800000016, 34.5755623 ], [ -120.6422429, 34.5755842 ], [ -120.642311, 34.5756162 ], [ -120.6423251, 34.5756354 ], [ -120.642303, 34.5757187 ], [ -120.642316799999989, 34.5758066 ], [ -120.642368499999989, 34.5758686 ], [ -120.6424332, 34.5758893 ], [ -120.642495, 34.5758912 ], [ -120.6426289, 34.5758725 ], [ -120.6427257, 34.5758477 ], [ -120.64276790000001, 34.5758292 ], [ -120.6428011, 34.5758012 ], [ -120.642816200000013, 34.5757737 ], [ -120.642830600000011, 34.5757124 ], [ -120.6428547, 34.5756787 ], [ -120.6429896, 34.575587 ], [ -120.64331390000001, 34.5754536 ], [ -120.6434754, 34.5754228 ], [ -120.6435261, 34.5753783 ], [ -120.643559599999989, 34.5753756 ], [ -120.6436009, 34.5753867 ], [ -120.643615499999981, 34.5754075 ], [ -120.6435793, 34.5754573 ], [ -120.6435876, 34.5754888 ], [ -120.643617599999985, 34.5755175 ], [ -120.643744199999986, 34.5755979 ], [ -120.6437845, 34.5756327 ], [ -120.6438017, 34.5756691 ], [ -120.643804, 34.5757499 ], [ -120.643815299999986, 34.575782 ], [ -120.643857200000014, 34.5758346 ], [ -120.6439133, 34.5758775 ], [ -120.643931399999985, 34.5759131 ], [ -120.643928, 34.5759717 ], [ -120.643941, 34.5760581 ], [ -120.6439333, 34.5761005 ], [ -120.6439054, 34.5761514 ], [ -120.643860699999976, 34.5762083 ], [ -120.6437224, 34.5763515 ], [ -120.643698500000013, 34.5764619 ], [ -120.6437154, 34.5765531 ], [ -120.643739900000014, 34.5765943 ], [ -120.6437724, 34.5766253 ], [ -120.6438929, 34.5766834 ], [ -120.644064199999988, 34.5767837 ], [ -120.64413660000001, 34.5768111 ], [ -120.644254, 34.5768277 ], [ -120.644289199999989, 34.5768392 ], [ -120.6443267, 34.5768754 ], [ -120.6443581, 34.5769421 ], [ -120.6443972, 34.576975 ], [ -120.6444296, 34.5769878 ], [ -120.6445126, 34.5770011 ], [ -120.6445832, 34.5770446 ], [ -120.6446984, 34.5770949 ], [ -120.644746500000011, 34.5770997 ], [ -120.644795799999983, 34.5770878 ], [ -120.644843400000013, 34.5770552 ], [ -120.6449671, 34.576920099999988 ], [ -120.6450929, 34.5767102 ], [ -120.6451326, 34.5766782 ], [ -120.6451719, 34.5766682 ], [ -120.6451899, 34.5766897 ], [ -120.6451881, 34.5767438 ], [ -120.6451672, 34.576801 ], [ -120.6451031, 34.5769091 ], [ -120.6450889, 34.5769672 ], [ -120.6450893, 34.5770148 ], [ -120.6451054, 34.5770952 ], [ -120.6451537, 34.5771772 ], [ -120.64519030000001, 34.5772074 ], [ -120.6452437, 34.577214 ], [ -120.6452831, 34.5772035 ], [ -120.645327, 34.5771678 ], [ -120.64541530000001, 34.577146 ], [ -120.6455056, 34.57709 ], [ -120.6455555, 34.5770694 ], [ -120.6457005, 34.5770612 ], [ -120.6457833, 34.5770317 ], [ -120.6458984, 34.577033899999989 ], [ -120.64598, 34.5769709 ], [ -120.6460191, 34.5769502 ], [ -120.646118, 34.576937699999988 ], [ -120.6462315, 34.5769014 ], [ -120.6466096, 34.576902 ], [ -120.6467204, 34.5769127 ], [ -120.6467652, 34.5769076 ], [ -120.64683380000001, 34.5768783 ], [ -120.6468993, 34.5768073 ], [ -120.6469488, 34.5767882 ], [ -120.646969700000014, 34.5767984 ], [ -120.646968, 34.5768592 ], [ -120.6469939, 34.5769231 ], [ -120.6470262, 34.576937 ], [ -120.647080799999983, 34.5769359 ], [ -120.6471996, 34.5768753 ], [ -120.6473519, 34.5768426 ], [ -120.647455299999976, 34.5768082 ], [ -120.647733300000013, 34.5766808 ], [ -120.6477734, 34.5766716 ], [ -120.6477935, 34.5766765 ], [ -120.6478148, 34.5766953 ], [ -120.6478313, 34.5767452 ], [ -120.6478324, 34.576857 ], [ -120.6478097, 34.5769729 ], [ -120.6478142, 34.5770234 ], [ -120.647884800000014, 34.5771965 ], [ -120.6479135, 34.5772218 ], [ -120.647949900000015, 34.5772241 ], [ -120.6480052, 34.5771969 ], [ -120.6480596, 34.5771304 ], [ -120.6481223, 34.5770859 ], [ -120.648169200000012, 34.5770018 ], [ -120.648226200000011, 34.5768475 ], [ -120.6483529, 34.5766791 ], [ -120.64839090000001, 34.5766493 ], [ -120.648469, 34.576622199999989 ], [ -120.6485993, 34.5765962 ], [ -120.648705299999989, 34.5765465 ], [ -120.6487451, 34.5765375 ], [ -120.6487923, 34.5765632 ], [ -120.648938499999986, 34.576618599999989 ], [ -120.6490863, 34.576705 ], [ -120.6491384, 34.576709 ], [ -120.64918489999998, 34.5766837 ], [ -120.6493374, 34.5765384 ], [ -120.6495252, 34.5764207 ], [ -120.649586500000012, 34.5763958 ], [ -120.6496457, 34.5763849 ], [ -120.6496816, 34.5763892 ], [ -120.649701, 34.5764007 ], [ -120.649710700000014, 34.576441 ], [ -120.649640800000014, 34.5765727 ], [ -120.649600399999983, 34.5766892 ], [ -120.649542400000016, 34.5767529 ], [ -120.6494019, 34.5768233 ], [ -120.6493549, 34.5768681 ], [ -120.649354300000013, 34.576886 ], [ -120.64937350000001, 34.576917 ], [ -120.6494315, 34.5769628 ], [ -120.6494661, 34.5769721 ], [ -120.649550599999984, 34.5769769 ], [ -120.6497208, 34.5769592 ], [ -120.6497824, 34.5769639 ], [ -120.6498106, 34.5769575 ], [ -120.6502072, 34.576694 ], [ -120.6502559, 34.5766703 ], [ -120.650287499999976, 34.5766635 ], [ -120.650332400000011, 34.5766747 ], [ -120.6504287, 34.5767346 ], [ -120.6504939, 34.5767871 ], [ -120.6505104, 34.5768181 ], [ -120.6505314, 34.5768373 ], [ -120.650564399999979, 34.5768431 ], [ -120.6506287, 34.5768335 ], [ -120.65064719999998, 34.5768448 ], [ -120.650651599999989, 34.5768792 ], [ -120.650634200000013, 34.5769759 ], [ -120.6506514, 34.5770231 ], [ -120.6506773, 34.5770642 ], [ -120.6506775, 34.5770859 ], [ -120.6506275, 34.5771505 ], [ -120.6505776, 34.5771647 ], [ -120.650566, 34.5771762 ], [ -120.6505836, 34.577264 ], [ -120.6505731, 34.577302 ], [ -120.6504608, 34.5773839 ], [ -120.650437400000015, 34.5773872 ], [ -120.6503777, 34.5773553 ], [ -120.6502534, 34.5773501 ], [ -120.6501444, 34.577302 ], [ -120.650022799999988, 34.5772721 ], [ -120.649986399999989, 34.5772695 ], [ -120.6498738, 34.5773006 ], [ -120.6498609, 34.5773141 ], [ -120.6498501, 34.5773532 ], [ -120.649833499999986, 34.577364 ], [ -120.649745899999985, 34.5773653 ], [ -120.6496187, 34.5773523 ], [ -120.649567300000015, 34.5773535 ], [ -120.6495416, 34.5773652 ], [ -120.6494718, 34.577427 ], [ -120.649457, 34.5774579 ], [ -120.6495399, 34.5775634 ], [ -120.649544899999981, 34.5775805 ], [ -120.6495231, 34.5776094 ], [ -120.649445199999988, 34.5776608 ], [ -120.649436, 34.5776946 ], [ -120.6494519, 34.5777131 ], [ -120.649531900000014, 34.57771 ], [ -120.6495386, 34.5777211 ], [ -120.649530499999983, 34.577737 ], [ -120.6493205, 34.5778925 ], [ -120.6492401, 34.5779277 ], [ -120.649101199999976, 34.5779639 ], [ -120.6490705, 34.5779849 ], [ -120.6490598, 34.578015 ], [ -120.649072499999988, 34.5780431 ], [ -120.6490942, 34.5780595 ], [ -120.6491406, 34.5780761 ], [ -120.649179199999978, 34.578073 ], [ -120.6492308, 34.5780491 ], [ -120.6493168, 34.5779821 ], [ -120.6494534, 34.5779004 ], [ -120.6494955, 34.5778818 ], [ -120.6495141, 34.5778819 ], [ -120.6495314, 34.5779353 ], [ -120.6494693, 34.5781355 ], [ -120.6494698, 34.5782498 ], [ -120.6494589, 34.5782897 ], [ -120.649423899999988, 34.5783334 ], [ -120.649374, 34.5783685 ], [ -120.6492168, 34.5784143 ], [ -120.6491465, 34.5785225 ], [ -120.649075599999989, 34.5785775 ], [ -120.649022800000012, 34.578594 ], [ -120.6488682, 34.5786646 ], [ -120.6488077, 34.5786731 ], [ -120.6487759, 34.578665799999989 ], [ -120.648763299999985, 34.5786545 ], [ -120.648771399999987, 34.578527 ], [ -120.648756, 34.5785074 ], [ -120.64871740000001, 34.5785186 ], [ -120.6486196, 34.5785814 ], [ -120.6485723, 34.5785935 ], [ -120.6485358, 34.5785828 ], [ -120.6485108, 34.5785221 ], [ -120.6484871, 34.578512 ], [ -120.6484706, 34.5785209 ], [ -120.6484277, 34.5785698 ], [ -120.648408300000014, 34.5786128 ], [ -120.648413, 34.578682 ], [ -120.6484546, 34.578753 ], [ -120.6484466, 34.5787981 ], [ -120.6484219, 34.578811 ], [ -120.64838850000001, 34.57881 ], [ -120.6482908, 34.5787779 ], [ -120.6482629, 34.5787599 ], [ -120.648234, 34.578726 ], [ -120.648090900000014, 34.5784742 ], [ -120.6480771, 34.5784703 ], [ -120.6480608, 34.5784775 ], [ -120.6479722, 34.5785728 ], [ -120.647948, 34.5785789 ], [ -120.647932299999979, 34.5785652 ], [ -120.6479132, 34.5785001 ], [ -120.64795119999998, 34.5783413 ], [ -120.647947800000011, 34.5782107 ], [ -120.6479268, 34.578161 ], [ -120.6479009, 34.578145 ], [ -120.647866299999976, 34.5781376 ], [ -120.6478357, 34.5781413 ], [ -120.6478078, 34.5781617 ], [ -120.647734500000013, 34.5782827 ], [ -120.647682, 34.5783157 ], [ -120.6476283, 34.5783363 ], [ -120.647551299999975, 34.5783458 ], [ -120.6474677, 34.5783418 ], [ -120.6473065, 34.5783234 ], [ -120.6471642, 34.5782856 ], [ -120.647071499999981, 34.5782981 ], [ -120.6468622, 34.578295 ], [ -120.646815899999979, 34.578312 ], [ -120.6467609, 34.5783649 ], [ -120.646733, 34.5783803 ], [ -120.646587299999979, 34.5784179 ], [ -120.646522499999975, 34.5784275 ], [ -120.646476100000015, 34.578415299999989 ], [ -120.6463958, 34.5783464 ], [ -120.6463501, 34.5783397 ], [ -120.6463048, 34.5783599 ], [ -120.6462668, 34.5784072 ], [ -120.6462486, 34.5784502 ], [ -120.646229, 34.5785928 ], [ -120.6462149, 34.5786103 ], [ -120.646170700000013, 34.5786359 ], [ -120.646106299999985, 34.5786618 ], [ -120.6460573, 34.5786686 ], [ -120.646030699999983, 34.5786592 ], [ -120.64593, 34.578587 ], [ -120.6458728, 34.5785839 ], [ -120.6458364, 34.5785968 ], [ -120.645741699999988, 34.5786831 ], [ -120.6457307, 34.5787459 ], [ -120.645712300000014, 34.5787729 ], [ -120.6456719, 34.5787953 ], [ -120.6455901, 34.5788182 ], [ -120.645557200000013, 34.5788417 ], [ -120.6454961, 34.5789703 ], [ -120.6455035, 34.5790304 ], [ -120.6455331, 34.579118 ], [ -120.645681599999989, 34.57938 ], [ -120.645706499999989, 34.5794488 ], [ -120.6457086, 34.5794952 ], [ -120.6457013, 34.5794974 ], [ -120.64566139999998, 34.5794769 ], [ -120.6456263, 34.5794721 ], [ -120.6455587, 34.5794148 ], [ -120.645541, 34.5794156 ], [ -120.6455198, 34.5794387 ], [ -120.6455079, 34.5794387 ], [ -120.6454641, 34.5793604 ], [ -120.6454335, 34.5793226 ], [ -120.6453902, 34.579287 ], [ -120.64537510000001, 34.5792862 ], [ -120.645371299999979, 34.5792958 ], [ -120.645429099999987, 34.5796116 ], [ -120.645429499999977, 34.579653 ], [ -120.645416599999976, 34.5797016 ], [ -120.6454812, 34.5797378 ], [ -120.645615299999989, 34.5798964 ], [ -120.645645, 34.5799418 ], [ -120.64564009999998, 34.5799818 ], [ -120.645632899999981, 34.5799959 ], [ -120.6456186, 34.5800026 ], [ -120.645474, 34.5800048 ], [ -120.6454417, 34.579997299999988 ], [ -120.6453683, 34.5799636 ], [ -120.645316799999989, 34.5799554 ], [ -120.6452345, 34.5799261 ], [ -120.64519, 34.5799179 ], [ -120.6451219, 34.5799379 ], [ -120.645049399999976, 34.5799937 ], [ -120.645001099999973, 34.5800507 ], [ -120.6449591, 34.580124 ], [ -120.6449136, 34.5803044 ], [ -120.6449201, 34.5804071 ], [ -120.644940600000012, 34.5804951 ], [ -120.644975699999989, 34.5805634 ], [ -120.6450158, 34.5805952 ], [ -120.645023199999983, 34.5805974 ], [ -120.6450633, 34.5806026 ], [ -120.645128899999975, 34.5805947 ], [ -120.645144199999976, 34.5805989 ], [ -120.64514770000001, 34.5806292 ], [ -120.6451196, 34.5807009 ], [ -120.6451248, 34.5807354 ], [ -120.6451451, 34.5807574 ], [ -120.6451829, 34.580778699999989 ], [ -120.6452564, 34.5807986 ], [ -120.6452966, 34.5808006 ], [ -120.6453268, 34.5807935 ], [ -120.645418699999979, 34.580749 ], [ -120.6455138, 34.5807238 ], [ -120.645597400000014, 34.5806882 ], [ -120.6456242, 34.580686 ], [ -120.645640199999988, 34.5806931 ], [ -120.645656500000015, 34.5807297 ], [ -120.6456684, 34.5808642 ], [ -120.6457072, 34.5809144 ], [ -120.6457259, 34.5809565 ], [ -120.645764199999988, 34.5812526 ], [ -120.645759499999983, 34.5812886 ], [ -120.645745, 34.5813165 ], [ -120.6457281, 34.5813272 ], [ -120.6456903, 34.5813292 ], [ -120.64567120000001, 34.5813385 ], [ -120.645607099999978, 34.581409199999989 ], [ -120.6455837, 34.5814547 ], [ -120.645584500000012, 34.5815101 ], [ -120.6456335, 34.581596 ], [ -120.6456416, 34.5816292 ], [ -120.6456428, 34.5817217 ], [ -120.645618, 34.5818204 ], [ -120.6455832, 34.5818684 ], [ -120.6454914, 34.5819376 ], [ -120.645425800000012, 34.582006799999988 ], [ -120.645459699999989, 34.582127 ], [ -120.6455403, 34.5822466 ], [ -120.645555, 34.5822898 ], [ -120.6455516, 34.5823139 ], [ -120.645468400000013, 34.5824144 ], [ -120.6453672, 34.5824872 ], [ -120.645348700000014, 34.5825316 ], [ -120.6451963, 34.5826142 ], [ -120.6451554, 34.5826654 ], [ -120.6451281, 34.5827232 ], [ -120.645184399999977, 34.582934 ], [ -120.6452401, 34.5830382 ], [ -120.645296800000011, 34.5831971 ], [ -120.645296, 34.5832053 ], [ -120.6452844, 34.5832011 ], [ -120.6451865, 34.5830941 ], [ -120.645154600000012, 34.5830807 ], [ -120.645234699999989, 34.5832862 ], [ -120.6451859, 34.5833919 ], [ -120.6451896, 34.5834705 ], [ -120.645218500000013, 34.583509 ], [ -120.645239800000013, 34.5835201 ], [ -120.6452705, 34.5835199 ], [ -120.645288400000013, 34.5835404 ], [ -120.645287, 34.5835578 ], [ -120.6452597, 34.5835932 ], [ -120.6452346, 34.5836538 ], [ -120.645268, 34.583683 ], [ -120.6452942, 34.5837228 ], [ -120.645298899999986, 34.5837819 ], [ -120.645329499999988, 34.5838603 ], [ -120.645319, 34.5838944 ], [ -120.645290499999987, 34.5839365 ], [ -120.645148299999988, 34.5840912 ], [ -120.6451279, 34.5841246 ], [ -120.645125, 34.5841574 ], [ -120.645139300000011, 34.5841932 ], [ -120.645171300000015, 34.5842263 ], [ -120.645201899999989, 34.5842269 ], [ -120.6452142, 34.5842609 ], [ -120.645205499999989, 34.5843144 ], [ -120.6451439, 34.5844532 ], [ -120.6451407, 34.5844847 ], [ -120.645173499999984, 34.5844708 ], [ -120.6452212, 34.5844265 ], [ -120.6452679, 34.5843088 ], [ -120.645302, 34.5841922 ], [ -120.6453309, 34.5841371 ], [ -120.645386899999977, 34.5840771 ], [ -120.6454454, 34.5840445 ], [ -120.645476699999989, 34.584041 ], [ -120.64550890000001, 34.5840519 ], [ -120.6455317, 34.5840713 ], [ -120.645555699999989, 34.5841141 ], [ -120.64557379999998, 34.5841849 ], [ -120.6455577, 34.5843117 ], [ -120.645500399999989, 34.584415299999989 ], [ -120.645508600000014, 34.5845079 ], [ -120.6454947, 34.5845974 ], [ -120.6454476, 34.5846575 ], [ -120.645372799999976, 34.5847168 ], [ -120.645315700000012, 34.5847279 ], [ -120.6452609, 34.5847209 ], [ -120.645227, 34.584709 ], [ -120.6451925, 34.5846754 ], [ -120.6451669, 34.5845936 ], [ -120.6451219, 34.5845452 ], [ -120.6450893, 34.5845337 ], [ -120.6450427, 34.5845567 ], [ -120.645017, 34.5845955 ], [ -120.6450153, 34.5846312 ], [ -120.6450382, 34.5847057 ], [ -120.6450938, 34.5847802 ], [ -120.6450947, 34.5847814 ], [ -120.645116499999986, 34.5848275 ], [ -120.6450975, 34.5848758 ], [ -120.645103599999985, 34.5849063 ], [ -120.6450836, 34.5849707 ], [ -120.6450985, 34.5850762 ], [ -120.645086299999974, 34.585146 ], [ -120.6450866, 34.585209 ], [ -120.6450697, 34.5852399 ], [ -120.6449928, 34.5853125 ], [ -120.6449426, 34.5853477 ], [ -120.6449584, 34.5853803 ], [ -120.644999399999989, 34.585409 ], [ -120.6449845, 34.5854586 ], [ -120.6448593, 34.5855543 ], [ -120.6448523, 34.5855664 ], [ -120.6448835, 34.5855871 ], [ -120.644886, 34.5856262 ], [ -120.644909399999989, 34.5856432 ], [ -120.645098799999985, 34.5856336 ], [ -120.6451698, 34.5856418 ], [ -120.645232900000011, 34.585661 ], [ -120.6453476, 34.5857232 ], [ -120.6454109, 34.5857492 ], [ -120.6454288, 34.5857877 ], [ -120.64541509999998, 34.5858406 ], [ -120.6453658, 34.5858824 ], [ -120.645316, 34.5858861 ], [ -120.645302699999988, 34.5859038 ], [ -120.6453088, 34.5859259 ], [ -120.6453421, 34.5859575 ], [ -120.64539280000001, 34.585984 ], [ -120.6454653, 34.5860002 ], [ -120.645475600000012, 34.5860219 ], [ -120.6454336, 34.5860698 ], [ -120.645332200000013, 34.5860986 ], [ -120.645288499999978, 34.586168 ], [ -120.6452176, 34.5862117 ], [ -120.6451566, 34.5862271 ], [ -120.6450917, 34.5862319 ], [ -120.6448675, 34.5862153 ], [ -120.6448178, 34.5862057 ], [ -120.6446913, 34.586154 ], [ -120.6446606, 34.5861481 ], [ -120.6445822, 34.5861623 ], [ -120.644559, 34.5861829 ], [ -120.6445597, 34.5862014 ], [ -120.644610300000011, 34.5862309 ], [ -120.6447303, 34.5862534 ], [ -120.645064599999984, 34.5863417 ], [ -120.6451214, 34.586371 ], [ -120.6451698, 34.5864173 ], [ -120.645180799999977, 34.5864534 ], [ -120.6451742, 34.5865684 ], [ -120.645100399999976, 34.5866286 ], [ -120.6450889, 34.5866604 ], [ -120.6451259, 34.586763 ], [ -120.645152400000015, 34.5867965 ], [ -120.645166699999976, 34.586844899999988 ], [ -120.645209299999976, 34.586906 ], [ -120.645242400000015, 34.5869794 ], [ -120.645249099999987, 34.5870374 ], [ -120.6452726, 34.5871002 ], [ -120.6452548, 34.587208499999988 ], [ -120.645258, 34.5872376 ], [ -120.6453033, 34.5872404 ], [ -120.645488599999979, 34.5872003 ], [ -120.645554, 34.5872075 ], [ -120.6455925, 34.5872431 ], [ -120.645680399999989, 34.5873813 ], [ -120.645740800000013, 34.5874254 ], [ -120.645779499999989, 34.5874766 ], [ -120.6458096, 34.5875024 ], [ -120.645847499999988, 34.5875236 ], [ -120.6458752, 34.5875284 ], [ -120.645995299999981, 34.5875118 ], [ -120.646039300000012, 34.5875129 ], [ -120.6460703, 34.5875381 ], [ -120.6460676, 34.5875749 ], [ -120.6460335, 34.5876076 ], [ -120.6458873, 34.587694 ], [ -120.6458466, 34.5877733 ], [ -120.6457743, 34.5878686 ], [ -120.6457423, 34.5878853 ], [ -120.6456583, 34.5878961 ], [ -120.6456348, 34.587909599999989 ], [ -120.6455827, 34.5879841 ], [ -120.6455802, 34.5880049 ], [ -120.645593, 34.5880574 ], [ -120.645576299999988, 34.5880948 ], [ -120.6455212, 34.5881151 ], [ -120.6454089, 34.5881237 ], [ -120.6453872, 34.5881402 ], [ -120.645359, 34.5881814 ], [ -120.645339499999977, 34.5881736 ], [ -120.645327799999976, 34.5881439 ], [ -120.6453282, 34.5881021 ], [ -120.6453435, 34.5880373 ], [ -120.6453258, 34.5880002 ], [ -120.6452958, 34.5879804 ], [ -120.6452154, 34.5879578 ], [ -120.6451635, 34.5879275 ], [ -120.6451185, 34.5878867 ], [ -120.645088, 34.587877399999989 ], [ -120.645065799999983, 34.5878865 ], [ -120.6450534, 34.5879132 ], [ -120.6450829, 34.5880781 ], [ -120.645072899999988, 34.5881289 ], [ -120.64503280000001, 34.5881772 ], [ -120.644973799999974, 34.5881596 ], [ -120.644942499999985, 34.5881627 ], [ -120.644916599999988, 34.5882184 ], [ -120.6449005, 34.5882312 ], [ -120.6448188, 34.5882165 ], [ -120.6446087, 34.5882021 ], [ -120.644581800000012, 34.588189899999989 ], [ -120.644524499999989, 34.5881397 ], [ -120.6444888, 34.588131 ], [ -120.6444559, 34.588141 ], [ -120.6443944, 34.5881829 ], [ -120.6443336, 34.5881961 ], [ -120.6442651, 34.5882011 ], [ -120.6442298, 34.5882478 ], [ -120.6442055, 34.5882565 ], [ -120.644159699999989, 34.5882287 ], [ -120.644098, 34.588152 ], [ -120.6440522, 34.5881356 ], [ -120.6439181, 34.5881949 ], [ -120.643873499999984, 34.5882592 ], [ -120.643839199999988, 34.5882895 ], [ -120.643710399999975, 34.5883397 ], [ -120.64366290000001, 34.5883784 ], [ -120.6433945, 34.5883592 ], [ -120.6432843, 34.5883125 ], [ -120.6432476, 34.5883088 ], [ -120.64324019999998, 34.5883158 ], [ -120.6432407, 34.5883464 ], [ -120.6432254, 34.5883623 ], [ -120.6430872, 34.5884055 ], [ -120.643074, 34.5884563 ], [ -120.642928700000013, 34.588599599999988 ], [ -120.6428598, 34.5886531 ], [ -120.642786699999988, 34.5886971 ], [ -120.642779600000011, 34.5887081 ], [ -120.6427839, 34.5887168 ], [ -120.6428238, 34.5887257 ], [ -120.6428249, 34.5887368 ], [ -120.6427719, 34.5887939 ], [ -120.642694499999976, 34.5888228 ], [ -120.642688400000011, 34.5888531 ], [ -120.6426118, 34.588938 ], [ -120.6423364, 34.5893695 ], [ -120.642124, 34.5896754 ], [ -120.642024, 34.5898584 ], [ -120.641825399999988, 34.5904574 ], [ -120.641717500000013, 34.5907312 ], [ -120.6415722, 34.5911845 ], [ -120.641386, 34.5918571 ], [ -120.6412257, 34.5922414 ], [ -120.6411812, 34.5924678 ], [ -120.641136300000014, 34.592823 ], [ -120.6410799, 34.5931227 ], [ -120.640956099999983, 34.5935948 ], [ -120.6409025, 34.5937345 ], [ -120.6408376, 34.5938736 ], [ -120.6406073, 34.5942798 ], [ -120.6404635, 34.5946386 ], [ -120.640312099999989, 34.5949666 ], [ -120.6402253, 34.5951866 ], [ -120.640127299999989, 34.5955295 ], [ -120.639989899999989, 34.5958571 ], [ -120.6398848, 34.5961405 ], [ -120.6397765, 34.5963498 ], [ -120.6397514, 34.5964398 ], [ -120.639748499999982, 34.5965295 ], [ -120.6397647, 34.596601 ], [ -120.6398368, 34.5966842 ], [ -120.6398527, 34.5967655 ], [ -120.6398829, 34.5968169 ], [ -120.639897800000014, 34.5968686 ], [ -120.6399458, 34.5969459 ], [ -120.6399559, 34.5969795 ], [ -120.640025, 34.5970578 ], [ -120.6400913, 34.597186 ], [ -120.6400959, 34.59729 ], [ -120.6401485, 34.5974954 ], [ -120.6402262, 34.5975773 ], [ -120.6402764, 34.5976121 ], [ -120.6402772, 34.597653 ], [ -120.6402977, 34.5977117 ], [ -120.6402949, 34.5977544 ], [ -120.640315899999976, 34.5977935 ], [ -120.640296, 34.5978912 ], [ -120.6402929, 34.5980422 ], [ -120.640301, 34.598092 ], [ -120.640345400000015, 34.5981536 ], [ -120.640469, 34.5982479 ], [ -120.6404836, 34.5982855 ], [ -120.6404785, 34.5983151 ], [ -120.640454299999988, 34.598343299999989 ], [ -120.640391400000013, 34.5983828 ], [ -120.640308600000012, 34.5984142 ], [ -120.6402606, 34.5984435 ], [ -120.6402189, 34.5985016 ], [ -120.640197199999989, 34.5985649 ], [ -120.6401639, 34.5988247 ], [ -120.6401645, 34.5990972 ], [ -120.640176, 34.599151 ], [ -120.640206599999985, 34.5992102 ], [ -120.6401992, 34.5993156 ], [ -120.6402165, 34.5993815 ], [ -120.6402402, 34.5994289 ], [ -120.64028, 34.5994854 ], [ -120.6403835, 34.5995906 ], [ -120.6405662, 34.599701 ], [ -120.6406666, 34.5998017 ], [ -120.6407639, 34.5999319 ], [ -120.640833, 34.6001504 ], [ -120.6408562, 34.6001933 ], [ -120.640887699999979, 34.6002278 ], [ -120.641004699999982, 34.6003012 ], [ -120.6410716, 34.6003257 ], [ -120.641115899999988, 34.6003265 ], [ -120.6411252, 34.600358799999988 ], [ -120.6411427, 34.6003725 ], [ -120.6412988, 34.6004051 ], [ -120.6415582, 34.6005068 ], [ -120.641573299999976, 34.6005241 ], [ -120.6415758, 34.6005858 ], [ -120.6416065, 34.6006731 ], [ -120.641684199999986, 34.6007534 ], [ -120.6417201, 34.6007614 ], [ -120.64179, 34.6007546 ], [ -120.6419399, 34.6007135 ], [ -120.642004, 34.6007039 ], [ -120.6420368, 34.6007147 ], [ -120.642087, 34.6007614 ], [ -120.6421146, 34.6007665 ], [ -120.6422072, 34.6007133 ], [ -120.6422385, 34.6007047 ], [ -120.6422789, 34.600724 ], [ -120.6423333, 34.6007892 ], [ -120.642358300000012, 34.6008859 ], [ -120.6423488, 34.6009403 ], [ -120.6423187, 34.6010065 ], [ -120.6423165, 34.6010403 ], [ -120.6423246, 34.6010621 ], [ -120.642223099999981, 34.6011304 ], [ -120.6421977, 34.6011864 ], [ -120.642186, 34.6011889 ], [ -120.642166099999983, 34.6011694 ], [ -120.6421485, 34.601166 ], [ -120.6419977, 34.6012027 ], [ -120.6419034, 34.6011567 ], [ -120.641841, 34.6011751 ], [ -120.6417663, 34.6011823 ], [ -120.641583799999978, 34.6012205 ], [ -120.6414313, 34.6012294 ], [ -120.6413693, 34.6012429 ], [ -120.6413051, 34.6012749 ], [ -120.6412825, 34.6012981 ], [ -120.641276100000013, 34.6013217 ], [ -120.6412839, 34.6013891 ], [ -120.6412247, 34.6014505 ], [ -120.6412091, 34.6015178 ], [ -120.6412197, 34.6015501 ], [ -120.641238, 34.6015717 ], [ -120.641300699999988, 34.6016061 ], [ -120.641368500000013, 34.6016223 ], [ -120.6413831, 34.6016357 ], [ -120.6413903, 34.6016649 ], [ -120.6414243, 34.6017147 ], [ -120.6413916, 34.6017666 ], [ -120.6413947, 34.6018527 ], [ -120.641425399999974, 34.6018952 ], [ -120.6414909, 34.6019279 ], [ -120.641541199999978, 34.6020399 ], [ -120.641613099999987, 34.6021496 ], [ -120.6416942, 34.6022253 ], [ -120.6417358, 34.6022225 ], [ -120.6417572, 34.602228 ], [ -120.641839300000015, 34.6022863 ], [ -120.641937700000014, 34.602331 ], [ -120.6419868, 34.6024244 ], [ -120.642017200000012, 34.6024545 ], [ -120.6420396, 34.6024616 ], [ -120.6421413, 34.6024674 ], [ -120.642186599999988, 34.6024897 ], [ -120.642211099999983, 34.6025126 ], [ -120.642217, 34.6025428 ], [ -120.6421906, 34.6026021 ], [ -120.6421882, 34.6026314 ], [ -120.6422436, 34.6027157 ], [ -120.642309399999988, 34.6028613 ], [ -120.642332, 34.6029504 ], [ -120.6423328, 34.6030892 ], [ -120.6423507, 34.6031415 ], [ -120.6423737, 34.6031749 ], [ -120.6424086, 34.6031947 ], [ -120.642449, 34.6031829 ], [ -120.642468199999982, 34.6031857 ], [ -120.6425085, 34.6032636 ], [ -120.642525100000015, 34.6032613 ], [ -120.642538199999976, 34.6032413 ], [ -120.6425513, 34.6032371 ], [ -120.642609100000016, 34.603267 ], [ -120.6428074, 34.6033131 ], [ -120.6428292, 34.6033288 ], [ -120.642866, 34.6033776 ], [ -120.6428845, 34.6034167 ], [ -120.642965499999988, 34.6033646 ], [ -120.6430033, 34.6033498 ], [ -120.6430293, 34.603348 ], [ -120.643054100000015, 34.6033575 ], [ -120.6430687, 34.6033742 ], [ -120.6430774, 34.6034437 ], [ -120.64308650000001, 34.6034561 ], [ -120.6431038, 34.6034519 ], [ -120.643170500000011, 34.6034074 ], [ -120.643220199999988, 34.6033963 ], [ -120.643281500000015, 34.6034064 ], [ -120.6433209, 34.6034399 ], [ -120.6433331, 34.60348 ], [ -120.6433333, 34.6035606 ], [ -120.6433624, 34.6036854 ], [ -120.643304, 34.6037524 ], [ -120.6432798, 34.6037669 ], [ -120.643247300000013, 34.6037726 ], [ -120.6432077, 34.6037664 ], [ -120.6431641, 34.603749 ], [ -120.6431447, 34.6037307 ], [ -120.6431251, 34.6036897 ], [ -120.6430917, 34.6036749 ], [ -120.643002299999978, 34.6036779 ], [ -120.6428881, 34.6037163 ], [ -120.642856599999988, 34.6037126 ], [ -120.642797300000012, 34.6036633 ], [ -120.642746500000015, 34.6035854 ], [ -120.6426761, 34.6035229 ], [ -120.642618700000014, 34.6034418 ], [ -120.6425788, 34.6033563 ], [ -120.642543799999984, 34.6033494 ], [ -120.6424599, 34.603373399999988 ], [ -120.6424434, 34.6034015 ], [ -120.64244810000001, 34.6034451 ], [ -120.6425259, 34.6035209 ], [ -120.642620799999989, 34.6036752 ], [ -120.6426912, 34.6038158 ], [ -120.642702700000015, 34.6038774 ], [ -120.6426995, 34.6039288 ], [ -120.6426621, 34.6040037 ], [ -120.6426612, 34.604005 ], [ -120.642647899999986, 34.6040416 ], [ -120.6426492, 34.6041663 ], [ -120.6426413, 34.6042278 ], [ -120.642563200000012, 34.6044737 ], [ -120.6425373, 34.6045303 ], [ -120.642523699999984, 34.604543299999989 ], [ -120.6424946, 34.604554199999988 ], [ -120.6423705, 34.6045652 ], [ -120.6421905, 34.6046033 ], [ -120.6421705, 34.6046247 ], [ -120.6421518, 34.6046889 ], [ -120.6421236, 34.6047133 ], [ -120.6420782, 34.6047132 ], [ -120.6420011, 34.6046873 ], [ -120.6419263, 34.604719 ], [ -120.6418316, 34.6047071 ], [ -120.641783499999988, 34.604711 ], [ -120.6416247, 34.6047592 ], [ -120.6415148, 34.6047805 ], [ -120.6414151, 34.60484 ], [ -120.641348299999976, 34.6048524 ], [ -120.6412764, 34.6048156 ], [ -120.641248, 34.6048088 ], [ -120.641205, 34.6048096 ], [ -120.6411333, 34.6048271 ], [ -120.641087499999983, 34.604798 ], [ -120.6410089, 34.604777 ], [ -120.64100160000001, 34.6047619 ], [ -120.6410081, 34.6046907 ], [ -120.640997899999988, 34.6046667 ], [ -120.6409675, 34.6046647 ], [ -120.6408944, 34.6046874 ], [ -120.64086420000001, 34.6046828 ], [ -120.6408491, 34.604662 ], [ -120.6408351, 34.6045945 ], [ -120.64081179999998, 34.604554199999988 ], [ -120.6407473, 34.6044811 ], [ -120.6406813, 34.604445 ], [ -120.6405813, 34.6044378 ], [ -120.6404912, 34.6044565 ], [ -120.640384199999986, 34.6045002 ], [ -120.6402924, 34.6045609 ], [ -120.640135699999988, 34.6047161 ], [ -120.639994799999982, 34.6048847 ], [ -120.639961899999975, 34.6049362 ], [ -120.639914499999989, 34.6050508 ], [ -120.6399082, 34.6051557 ], [ -120.6398886, 34.6052005 ], [ -120.639852599999983, 34.6053816 ], [ -120.6398938, 34.6055874 ], [ -120.6399067, 34.6056109 ], [ -120.6399364, 34.6056202 ], [ -120.640068199999988, 34.6055932 ], [ -120.640164, 34.6055963 ], [ -120.640204399999988, 34.6056112 ], [ -120.640231899999975, 34.6056343 ], [ -120.640242399999977, 34.6056666 ], [ -120.6402359, 34.6056891 ], [ -120.6401955, 34.605718 ], [ -120.640133299999988, 34.6057308 ], [ -120.640091699999985, 34.6057305 ], [ -120.640018700000013, 34.6057105 ], [ -120.639988, 34.6057114 ], [ -120.6399754, 34.6057238 ], [ -120.639967700000014, 34.6057638 ], [ -120.6399514, 34.6057815 ], [ -120.639902399999983, 34.6058167 ], [ -120.639839, 34.605843 ], [ -120.6397014, 34.605859099999989 ], [ -120.6396273, 34.6058521 ], [ -120.6395887, 34.6058615 ], [ -120.639434900000012, 34.6059867 ], [ -120.6393358, 34.6060449 ], [ -120.639277299999989, 34.6060902 ], [ -120.639111700000015, 34.6061629 ], [ -120.6390744, 34.606191599999988 ], [ -120.639036, 34.6062434 ], [ -120.6390149, 34.6062923 ], [ -120.639004199999974, 34.6063405 ], [ -120.6390031, 34.6064115 ], [ -120.6390235, 34.6065328 ], [ -120.6390634, 34.6066047 ], [ -120.6390706, 34.6066322 ], [ -120.639063299999975, 34.6066722 ], [ -120.6390204, 34.6067654 ], [ -120.6390153, 34.606795 ], [ -120.639032199999988, 34.606834 ], [ -120.639084, 34.6068929 ], [ -120.639071199999989, 34.6069113 ], [ -120.6390403, 34.6069326 ], [ -120.638960399999974, 34.6069458 ], [ -120.638918699999977, 34.6069667 ], [ -120.638894099999973, 34.6069926 ], [ -120.6388569, 34.6070607 ], [ -120.63885470000001, 34.6070676 ], [ -120.6388448, 34.607136 ], [ -120.638823, 34.6071882 ], [ -120.6387817, 34.60724 ], [ -120.6387092, 34.6072975 ], [ -120.6386611, 34.6073202 ], [ -120.6385512, 34.6073487 ], [ -120.6383992, 34.6073527 ], [ -120.6383566, 34.6073799 ], [ -120.6382644, 34.6074696 ], [ -120.6377729, 34.6080446 ], [ -120.637687399999976, 34.6081832 ], [ -120.6375861, 34.6083947 ], [ -120.637539300000014, 34.6085701 ], [ -120.6374801, 34.6086979 ], [ -120.6373807, 34.6090229 ], [ -120.637342, 34.6091821 ], [ -120.637071299999988, 34.6098794 ], [ -120.636999300000014, 34.6101307 ], [ -120.636886800000013, 34.6104647 ], [ -120.636708899999988, 34.6108831 ], [ -120.636579899999987, 34.6111595 ], [ -120.636378899999983, 34.6115614 ], [ -120.6362191, 34.6118414 ], [ -120.636132599999982, 34.612078 ], [ -120.6360894, 34.612282 ], [ -120.636064100000013, 34.6124838 ], [ -120.636075, 34.6125995 ], [ -120.636124, 34.6126829 ], [ -120.6361689, 34.6127283 ], [ -120.636272600000012, 34.6128061 ], [ -120.6363919, 34.6128132 ], [ -120.6365267, 34.612805 ], [ -120.636574400000015, 34.612816 ], [ -120.6366104, 34.6128386 ], [ -120.636657199999988, 34.6128039 ], [ -120.6366696, 34.61281 ], [ -120.6366704, 34.6128796 ], [ -120.6366531, 34.6129002 ], [ -120.636605, 34.6129332 ], [ -120.6365621, 34.6130321 ], [ -120.636481, 34.6130858 ], [ -120.6364175, 34.6131082 ], [ -120.6364129, 34.6131461 ], [ -120.6363814, 34.6131434 ], [ -120.6363438, 34.6131559 ], [ -120.6362992, 34.6132349 ], [ -120.636298599999975, 34.6132374 ], [ -120.636231099999989, 34.6135493 ], [ -120.6362247, 34.6136193 ], [ -120.6362332, 34.6136891 ], [ -120.6362674, 34.6137468 ], [ -120.636232, 34.6137644 ], [ -120.6362256, 34.6137824 ], [ -120.636266399999982, 34.6137878 ], [ -120.6362839, 34.6138044 ], [ -120.636261, 34.6138118 ], [ -120.6361994, 34.6138697 ], [ -120.6361545, 34.613875 ], [ -120.6360292, 34.6138707 ], [ -120.635978699999981, 34.613877 ], [ -120.6359182, 34.6138945 ], [ -120.6358622, 34.613935 ], [ -120.6357252, 34.6140895 ], [ -120.6354561, 34.6144487 ], [ -120.635341, 34.6145862 ], [ -120.6352104, 34.6147666 ], [ -120.63450970000001, 34.615899 ], [ -120.634364, 34.6161395 ], [ -120.634260399999988, 34.6163293 ], [ -120.6341738, 34.616503 ], [ -120.6340344, 34.616855 ], [ -120.633937800000012, 34.6170464 ], [ -120.6337617, 34.6174431 ], [ -120.6337464, 34.617497 ], [ -120.633751800000013, 34.61756 ], [ -120.6337232, 34.6176117 ], [ -120.6337154, 34.617689299999988 ], [ -120.6336796, 34.6177857 ], [ -120.633636900000013, 34.6179499 ], [ -120.6336187, 34.6181228 ], [ -120.6336406, 34.6181684 ], [ -120.633681699999983, 34.6182004 ], [ -120.6338176, 34.6182076 ], [ -120.633848499999985, 34.6182177 ], [ -120.6338599, 34.6182316 ], [ -120.6338232, 34.6182614 ], [ -120.633799, 34.6182695 ], [ -120.6337406, 34.6182698 ], [ -120.6336595, 34.6182498 ], [ -120.633637, 34.6182539 ], [ -120.6336222, 34.6182664 ], [ -120.6336207, 34.6182808 ], [ -120.6336341, 34.6182973 ], [ -120.6337346, 34.618354499999988 ], [ -120.6337513, 34.6183729 ], [ -120.633733799999987, 34.618383099999988 ], [ -120.6336503, 34.6183707 ], [ -120.6336315, 34.6183774 ], [ -120.6336584, 34.6184483 ], [ -120.6336514, 34.6185187 ], [ -120.6336637, 34.6185969 ], [ -120.6336539, 34.6186432 ], [ -120.633636599999988, 34.6186731 ], [ -120.6335877, 34.6187243 ], [ -120.6335569, 34.6187927 ], [ -120.6335495, 34.6188797 ], [ -120.6334775, 34.6189739 ], [ -120.6334085, 34.6191267 ], [ -120.6332903, 34.6192547 ], [ -120.633096900000012, 34.6195489 ], [ -120.63304, 34.6196625 ], [ -120.6330109, 34.6197486 ], [ -120.6329042, 34.6199471 ], [ -120.6325979, 34.6206653 ], [ -120.6325269, 34.6208003 ], [ -120.6325283, 34.6208463 ], [ -120.632578099999989, 34.6209126 ], [ -120.632632, 34.6209672 ], [ -120.6326374, 34.6210011 ], [ -120.6326217, 34.6210153 ], [ -120.632593499999984, 34.6210205 ], [ -120.632501499999989, 34.6209969 ], [ -120.6324757, 34.621001 ], [ -120.6324383, 34.6210258 ], [ -120.632401799999982, 34.6210752 ], [ -120.632246699999982, 34.6214119 ], [ -120.6322013, 34.6216275 ], [ -120.6321265, 34.6217401 ], [ -120.631982900000011, 34.6220369 ], [ -120.631723600000015, 34.6226269 ], [ -120.6315267, 34.6229167 ], [ -120.631492399999985, 34.6229884 ], [ -120.6314832, 34.623055 ], [ -120.631503400000014, 34.6231731 ], [ -120.6314975, 34.6233144 ], [ -120.6315218, 34.62345 ], [ -120.631507699999986, 34.6234738 ], [ -120.631461699999988, 34.6235003 ], [ -120.63148790000001, 34.6235731 ], [ -120.6313853, 34.6237044 ], [ -120.6313764, 34.6237517 ], [ -120.6313874, 34.6237772 ], [ -120.6314513, 34.623848 ], [ -120.6315035, 34.6239472 ], [ -120.6315701, 34.6240326 ], [ -120.6316614, 34.6241151 ], [ -120.6316734, 34.6241493 ], [ -120.6316424, 34.6241783 ], [ -120.6315095, 34.6242383 ], [ -120.6314684, 34.6242401 ], [ -120.631370800000013, 34.6242246 ], [ -120.6313237, 34.6242281 ], [ -120.631243900000015, 34.6242509 ], [ -120.6311445, 34.6242965 ], [ -120.6310163, 34.624310699999988 ], [ -120.630989199999988, 34.6243227 ], [ -120.6309471, 34.6243693 ], [ -120.630888700000014, 34.6244705 ], [ -120.6308242, 34.6245562 ], [ -120.6308218, 34.6245807 ], [ -120.630848199999988, 34.6246755 ], [ -120.6308412, 34.6247117 ], [ -120.630825, 34.6247269 ], [ -120.6306777, 34.624793 ], [ -120.6306405, 34.6248319 ], [ -120.630552600000016, 34.6250954 ], [ -120.6304995, 34.6252024 ], [ -120.6302193, 34.6256049 ], [ -120.6300023, 34.6260454 ], [ -120.629861299999988, 34.6263075 ], [ -120.62944920000001, 34.6270061 ], [ -120.629127200000013, 34.6275757 ], [ -120.6290234, 34.6277904 ], [ -120.6289277, 34.6280216 ], [ -120.628659299999981, 34.6285868 ], [ -120.6285135, 34.6287894 ], [ -120.628300400000015, 34.6290106 ], [ -120.628196500000016, 34.6291349 ], [ -120.6281152, 34.6292094 ], [ -120.628082599999985, 34.6292549 ], [ -120.6279742, 34.6294954 ], [ -120.627815200000015, 34.6297966 ], [ -120.6277634, 34.6300894 ], [ -120.6276855, 34.6302289 ], [ -120.6275255, 34.6307403 ], [ -120.627436300000014, 34.6309634 ], [ -120.627280899999988, 34.6312464 ], [ -120.6269443, 34.6317687 ], [ -120.626836099999977, 34.6319052 ], [ -120.626701099999977, 34.6321015 ], [ -120.6264673, 34.632509 ], [ -120.626422599999984, 34.6325694 ], [ -120.626323, 34.6326723 ], [ -120.626292299999989, 34.6329347 ], [ -120.626232300000012, 34.63314 ], [ -120.6260743, 34.6336012 ], [ -120.6258943, 34.6339856 ], [ -120.6258632, 34.634068 ], [ -120.6257735, 34.6342281 ], [ -120.625325499999974, 34.6349295 ], [ -120.6253091, 34.634973 ], [ -120.6253094, 34.6350376 ], [ -120.6253001, 34.6350691 ], [ -120.625224, 34.6351464 ], [ -120.6251959, 34.6351953 ], [ -120.625031299999989, 34.6357093 ], [ -120.62502929999998, 34.6357487 ], [ -120.6250489, 34.635815 ], [ -120.625044599999981, 34.635846799999989 ], [ -120.6249219, 34.6360211 ], [ -120.624847100000011, 34.6362644 ], [ -120.6248285, 34.6363583 ], [ -120.6247378, 34.636489 ], [ -120.6247407, 34.6365058 ], [ -120.6247859, 34.6365378 ], [ -120.6247859, 34.6365656 ], [ -120.6247081, 34.6366718 ], [ -120.6245101, 34.6368321 ], [ -120.6244972, 34.6368673 ], [ -120.624532199999976, 34.6369192 ], [ -120.624529799999976, 34.636952 ], [ -120.6244861, 34.6370026 ], [ -120.624383900000012, 34.6370895 ], [ -120.624382700000012, 34.6371069 ], [ -120.624406400000012, 34.6371364 ], [ -120.6244092, 34.6371555 ], [ -120.6243304, 34.6372649 ], [ -120.6243256, 34.6373548 ], [ -120.6242885, 34.6374398 ], [ -120.6243075, 34.6374824 ], [ -120.6243013, 34.6375285 ], [ -120.6242614, 34.6376061 ], [ -120.624167500000013, 34.6377017 ], [ -120.624165799999986, 34.6377925 ], [ -120.624153299999975, 34.6378488 ], [ -120.624073699999983, 34.63795 ], [ -120.624021700000014, 34.6380656 ], [ -120.6240029, 34.6381381 ], [ -120.6239553, 34.6382378 ], [ -120.62386069999998, 34.6383693 ], [ -120.6238375, 34.6385819 ], [ -120.623793299999988, 34.6387274 ], [ -120.6237571, 34.6387985 ], [ -120.623684200000014, 34.6389105 ], [ -120.6236367, 34.6389549 ], [ -120.623684299999979, 34.639063 ], [ -120.623684200000014, 34.6390924 ], [ -120.6235496, 34.6392033 ], [ -120.623519, 34.6392056 ], [ -120.623486599999978, 34.6391625 ], [ -120.623470900000015, 34.639171 ], [ -120.6234741, 34.6392149 ], [ -120.6235082, 34.6392517 ], [ -120.6236235, 34.6392425 ], [ -120.6236491, 34.639255 ], [ -120.623641699999979, 34.6392925 ], [ -120.6236163, 34.6393188 ], [ -120.6235685, 34.6393366 ], [ -120.6235181, 34.639334399999989 ], [ -120.623512600000012, 34.6393459 ], [ -120.623517, 34.6393689 ], [ -120.6235284, 34.6393799 ], [ -120.6235784, 34.6393741 ], [ -120.6235981, 34.6393835 ], [ -120.623604799999981, 34.6394587 ], [ -120.623637, 34.6395102 ], [ -120.6236303, 34.6395624 ], [ -120.623601199999982, 34.6396026 ], [ -120.62352820000001, 34.6396289 ], [ -120.6233163, 34.6397569 ], [ -120.623273, 34.6397921 ], [ -120.623245899999986, 34.6398289 ], [ -120.6232527, 34.6398354 ], [ -120.6232739, 34.6398315 ], [ -120.6233643, 34.6397827 ], [ -120.6233826, 34.6397821 ], [ -120.6233985, 34.6397932 ], [ -120.6234193, 34.6398426 ], [ -120.62341090000001, 34.6399048 ], [ -120.6234336, 34.6399977 ], [ -120.6234288, 34.6400405 ], [ -120.623413899999989, 34.6400633 ], [ -120.6233909, 34.64008 ], [ -120.6233248, 34.6400896 ], [ -120.6233049, 34.640099 ], [ -120.623260399999978, 34.6401401 ], [ -120.623225799999986, 34.6401857 ], [ -120.6231986, 34.6401882 ], [ -120.623107800000014, 34.640167 ], [ -120.6230879, 34.640170399999988 ], [ -120.623059899999987, 34.640281 ], [ -120.623088700000011, 34.6403438 ], [ -120.623089799999988, 34.6403738 ], [ -120.623073099999985, 34.6403857 ], [ -120.6230456, 34.6403896 ], [ -120.622979499999985, 34.6403728 ], [ -120.622988799999987, 34.6404025 ], [ -120.6230359, 34.6404612 ], [ -120.623050800000016, 34.6404931 ], [ -120.623151499999977, 34.6406003 ], [ -120.6232532, 34.640749 ], [ -120.6232929, 34.6408239 ], [ -120.623296, 34.6408726 ], [ -120.6232785, 34.6408942 ], [ -120.6232537, 34.6409024 ], [ -120.623158299999986, 34.6408833 ], [ -120.6231105, 34.6408848 ], [ -120.623092, 34.6408931 ], [ -120.6230925, 34.6409351 ], [ -120.623144, 34.6410584 ], [ -120.623143200000015, 34.6411055 ], [ -120.623128599999987, 34.6411258 ], [ -120.6231055, 34.6411394 ], [ -120.6230299, 34.641126 ], [ -120.622938, 34.6411669 ], [ -120.6229114, 34.6412171 ], [ -120.622888800000013, 34.6413532 ], [ -120.62287, 34.641386 ], [ -120.6228532, 34.6413899 ], [ -120.6228358, 34.6413835 ], [ -120.622760499999984, 34.6413114 ], [ -120.6227407, 34.6413067 ], [ -120.622746, 34.6413928 ], [ -120.622727399999988, 34.6414232 ], [ -120.6226619, 34.6414939 ], [ -120.622605, 34.6416746 ], [ -120.6225435, 34.6418337 ], [ -120.6225485, 34.6418843 ], [ -120.6226006, 34.6419533 ], [ -120.6226043, 34.6419714 ], [ -120.622586700000014, 34.6419768 ], [ -120.6225343, 34.6419625 ], [ -120.6225155, 34.6419652 ], [ -120.622461, 34.6420187 ], [ -120.622427, 34.642067 ], [ -120.622420800000015, 34.6421017 ], [ -120.622470799999988, 34.6421652 ], [ -120.622470799999988, 34.6422167 ], [ -120.6224476, 34.6422372 ], [ -120.622384200000013, 34.6422352 ], [ -120.6224011, 34.642292499999989 ], [ -120.6223459, 34.6423572 ], [ -120.622231, 34.6425476 ], [ -120.622225199999988, 34.6425749 ], [ -120.6222389, 34.6426279 ], [ -120.6221708, 34.642664 ], [ -120.6221254, 34.6427258 ], [ -120.6219316, 34.6431325 ], [ -120.6217811, 34.6434261 ], [ -120.6216365, 34.6437657 ], [ -120.621453800000012, 34.6442887 ], [ -120.6212722, 34.6447131 ], [ -120.6210306, 34.6451466 ], [ -120.6205847, 34.6458222 ], [ -120.620370099999988, 34.6462659 ], [ -120.620217599999989, 34.6467251 ], [ -120.620070899999988, 34.6470883 ], [ -120.6199767, 34.6474287 ], [ -120.6198131, 34.6478879 ], [ -120.6197751, 34.6480259 ], [ -120.619743700000015, 34.6482179 ], [ -120.619722599999989, 34.6482921 ], [ -120.619625500000012, 34.6484675 ], [ -120.619309299999983, 34.6489588 ], [ -120.619155, 34.6492848 ], [ -120.619073799999981, 34.6495012 ], [ -120.6190069, 34.6497175 ], [ -120.6189252, 34.6501849 ], [ -120.6188293, 34.6505616 ], [ -120.6187394, 34.650849 ], [ -120.618659400000013, 34.6510442 ], [ -120.6185692, 34.6512264 ], [ -120.6183434, 34.6515974 ], [ -120.6179813, 34.6520444 ], [ -120.6178797, 34.6521842 ], [ -120.61783, 34.6522729 ], [ -120.617752199999984, 34.6524522 ], [ -120.6176983, 34.6525959 ], [ -120.61766609999998, 34.6527111 ], [ -120.617612799999989, 34.6531377 ], [ -120.6175852, 34.6532737 ], [ -120.617534, 34.6534303 ], [ -120.6174794, 34.653564599999989 ], [ -120.6174319, 34.6536559 ], [ -120.617189, 34.6540043 ], [ -120.6170909, 34.6541912 ], [ -120.616965799999988, 34.6545801 ], [ -120.6168135, 34.6549697 ], [ -120.6166885, 34.6554128 ], [ -120.6166289, 34.6555556 ], [ -120.616473499999984, 34.6558523 ], [ -120.616294900000014, 34.6563256 ], [ -120.6161727, 34.6567773 ], [ -120.6160586, 34.6572875 ], [ -120.6160314, 34.6573754 ], [ -120.6159829, 34.6574865 ], [ -120.615813199999977, 34.6578122 ], [ -120.615611899999976, 34.6581364 ], [ -120.61554670000001, 34.6582724 ], [ -120.6153998, 34.6587401 ], [ -120.6151235, 34.6594151 ], [ -120.6150497, 34.6596247 ], [ -120.614899799999989, 34.6601853 ], [ -120.614811, 34.6606179 ], [ -120.6147578, 34.660781 ], [ -120.6146653, 34.6609896 ], [ -120.614607299999989, 34.6610989 ], [ -120.6141465, 34.6617974 ], [ -120.614095400000011, 34.6618993 ], [ -120.6140166, 34.6620897 ], [ -120.6139371, 34.662334799999989 ], [ -120.6139021, 34.6624759 ], [ -120.6138804, 34.6625993 ], [ -120.6138305, 34.663067399999989 ], [ -120.6137962, 34.6632125 ], [ -120.6137544, 34.6633244 ], [ -120.6134646, 34.6638847 ], [ -120.6133326, 34.6640922 ], [ -120.6130851, 34.6644272 ], [ -120.6130164, 34.664548 ], [ -120.612970099999984, 34.6646534 ], [ -120.6129001, 34.6648881 ], [ -120.612790600000011, 34.6653935 ], [ -120.6127163, 34.6656557 ], [ -120.6123695, 34.6666157 ], [ -120.6121812, 34.6671805 ], [ -120.612018099999986, 34.6678408 ], [ -120.61162680000001, 34.6688128 ], [ -120.61153680000001, 34.6691346 ], [ -120.6114469, 34.669511 ], [ -120.611373199999989, 34.6696812 ], [ -120.6112351, 34.6699388 ], [ -120.6111925, 34.670049 ], [ -120.611093, 34.670376 ], [ -120.6108574, 34.6709534 ], [ -120.6107933, 34.6711541 ], [ -120.6105864, 34.6716167 ], [ -120.6104152, 34.6720458 ], [ -120.610355, 34.6722266 ], [ -120.6102303, 34.6726968 ], [ -120.6100615, 34.6731069 ], [ -120.609843500000011, 34.6737896 ], [ -120.609718699999988, 34.6740759 ], [ -120.609469, 34.6747055 ], [ -120.6094211, 34.674898 ], [ -120.609361, 34.6753071 ], [ -120.6092451, 34.6757051 ], [ -120.609167299999982, 34.6758969 ], [ -120.608926900000014, 34.6763484 ], [ -120.608801, 34.6766365 ], [ -120.6087523, 34.6767728 ], [ -120.6086781, 34.677033 ], [ -120.6085415, 34.6774579 ], [ -120.608414200000013, 34.6778135 ], [ -120.608241, 34.678248 ], [ -120.608144, 34.6785318 ], [ -120.608056800000014, 34.6788569 ], [ -120.6079744, 34.6792979 ], [ -120.6078494, 34.6797768 ], [ -120.607797, 34.680045 ], [ -120.607773699999981, 34.6802103 ], [ -120.6077044, 34.6805209 ], [ -120.6075355, 34.680938499999989 ], [ -120.6073888, 34.6813357 ], [ -120.607104599999985, 34.6821799 ], [ -120.607050500000014, 34.6823607 ], [ -120.606888, 34.683016 ], [ -120.6066944, 34.6836161 ], [ -120.606576599999983, 34.6841067 ], [ -120.6065006, 34.6843152 ], [ -120.606371900000013, 34.6846284 ], [ -120.60623360000001, 34.6850599 ], [ -120.606143300000014, 34.6853736 ], [ -120.6060661, 34.6856929 ], [ -120.605953, 34.6863165 ], [ -120.605908, 34.6864949 ], [ -120.6056962, 34.6869989 ], [ -120.605585499999989, 34.687318 ], [ -120.605471799999989, 34.6875998 ], [ -120.605352700000012, 34.6879453 ], [ -120.605285, 34.6882675 ], [ -120.605218799999989, 34.6888094 ], [ -120.605154899999988, 34.6890797 ], [ -120.605094099999988, 34.689243 ], [ -120.6049103, 34.6896436 ], [ -120.604840900000013, 34.6898434 ], [ -120.6047982, 34.6900463 ], [ -120.6047503, 34.6903849 ], [ -120.604668100000012, 34.6906694 ], [ -120.6045887, 34.6908502 ], [ -120.6044669, 34.6910801 ], [ -120.6043278, 34.6914282 ], [ -120.6042328, 34.6917546 ], [ -120.6040908, 34.6921936 ], [ -120.60405729999998, 34.6923243 ], [ -120.6039901, 34.6926841 ], [ -120.6039488, 34.6928595 ], [ -120.6037238, 34.6936113 ], [ -120.6036152, 34.6941539 ], [ -120.6035878, 34.6943882 ], [ -120.6035302, 34.6947121 ], [ -120.6034303, 34.6951879 ], [ -120.6033875, 34.6955095 ], [ -120.603325399999989, 34.6957653 ], [ -120.6032636, 34.6959573 ], [ -120.603144, 34.696269 ], [ -120.6029422, 34.6969136 ], [ -120.6029068, 34.6970864 ], [ -120.602835, 34.6977035 ], [ -120.6027425, 34.698166 ], [ -120.602653100000012, 34.698497 ], [ -120.602427, 34.699193 ], [ -120.6023154, 34.6997276 ], [ -120.6021431, 34.700347199999989 ], [ -120.6021081, 34.7005258 ], [ -120.601979299999982, 34.7014542 ], [ -120.60194030000001, 34.7016775 ], [ -120.6019065, 34.7018135 ], [ -120.601812700000011, 34.7021045 ], [ -120.6016697, 34.7027016 ], [ -120.6016374, 34.7028962 ], [ -120.6015801, 34.7034401 ], [ -120.6014985, 34.7039342 ], [ -120.601428, 34.7046525 ], [ -120.6013919, 34.7048399 ], [ -120.6012941, 34.7051741 ], [ -120.6012566, 34.705355 ], [ -120.601247, 34.7055309 ], [ -120.601255, 34.7061665 ], [ -120.601277299999978, 34.7063942 ], [ -120.601337500000014, 34.7067834 ], [ -120.6013557, 34.706979 ], [ -120.6013671, 34.707249 ], [ -120.6013805, 34.7073394 ], [ -120.60149629999998, 34.7078231 ], [ -120.6016603, 34.7082376 ], [ -120.601691500000015, 34.7083603 ], [ -120.6017086, 34.7085688 ], [ -120.6017433, 34.7088033 ], [ -120.6017139, 34.7091661 ], [ -120.601721399999988, 34.7095984 ], [ -120.6017502, 34.70977 ], [ -120.6018008, 34.7099564 ], [ -120.601834599999989, 34.7100408 ], [ -120.601885699999983, 34.710123 ], [ -120.6020694, 34.7103404 ], [ -120.6021759, 34.7103775 ], [ -120.6022657, 34.7103981 ], [ -120.6023152, 34.710430599999988 ], [ -120.6023785, 34.710561 ], [ -120.6024433, 34.7107239 ], [ -120.602492099999978, 34.7107884 ], [ -120.60255020000001, 34.7108325 ], [ -120.6026014, 34.7108494 ], [ -120.602638, 34.7108471 ], [ -120.6026913, 34.7108117 ], [ -120.6027084, 34.7108128 ], [ -120.602722700000015, 34.7108316 ], [ -120.6027425, 34.7108955 ], [ -120.602762, 34.7109229 ], [ -120.602792600000015, 34.7109394 ], [ -120.602841399999988, 34.7109328 ], [ -120.6028526, 34.7109394 ], [ -120.602847200000014, 34.7110306 ], [ -120.6028667, 34.7110777 ], [ -120.6028981, 34.7111144 ], [ -120.602931500000011, 34.7111356 ], [ -120.6030157, 34.71115 ], [ -120.603035299999988, 34.7112247 ], [ -120.603058100000013, 34.7112435 ], [ -120.6031051, 34.7112504 ], [ -120.603169099999988, 34.7112348 ], [ -120.6031551, 34.7113617 ], [ -120.6031724, 34.7114151 ], [ -120.603341, 34.7116824 ], [ -120.603395299999988, 34.7117426 ], [ -120.6034823, 34.711878 ], [ -120.6035491, 34.7119468 ], [ -120.603588, 34.7119711 ], [ -120.603633300000013, 34.7119866 ], [ -120.6036851, 34.7119966 ], [ -120.6037235, 34.7119953 ], [ -120.6037717, 34.7119809 ], [ -120.6038867, 34.7119041 ], [ -120.6039155, 34.7118983 ], [ -120.6040394, 34.7120128 ], [ -120.60405, 34.7120441 ], [ -120.604051399999989, 34.7121257 ], [ -120.604083, 34.7121808 ], [ -120.6041181, 34.7122053 ], [ -120.604180199999988, 34.7122271 ], [ -120.6042841, 34.7122138 ], [ -120.604306799999989, 34.7122181 ], [ -120.6043162, 34.7122363 ], [ -120.6043149, 34.7123156 ], [ -120.604339200000013, 34.7123627 ], [ -120.60443260000001, 34.712431699999989 ], [ -120.604510499999989, 34.712508 ], [ -120.604549599999984, 34.7125292 ], [ -120.6046047, 34.7125408 ], [ -120.604669, 34.7125439 ], [ -120.6048759, 34.7125303 ], [ -120.6049091, 34.7125402 ], [ -120.604959400000013, 34.7125784 ], [ -120.6049976, 34.7125872 ], [ -120.6051008, 34.7125555 ], [ -120.6051459, 34.7125537 ], [ -120.605193899999989, 34.7125754 ], [ -120.605284, 34.7126511 ], [ -120.605308, 34.7126612 ], [ -120.6053837, 34.7126439 ], [ -120.605505099999988, 34.7125914 ], [ -120.605529, 34.7125876 ], [ -120.6055463, 34.712593 ], [ -120.6055776, 34.7126372 ], [ -120.6056406, 34.7126821 ], [ -120.6056613, 34.7127863 ], [ -120.605745899999974, 34.7127832 ], [ -120.6057804, 34.7128029 ], [ -120.605794300000014, 34.7128353 ], [ -120.6057908, 34.7128915 ], [ -120.6058005, 34.7129279 ], [ -120.605833300000015, 34.7129846 ], [ -120.605876599999988, 34.7130328 ], [ -120.60593870000001, 34.713076 ], [ -120.60611990000001, 34.7131387 ], [ -120.6061549, 34.7131679 ], [ -120.6061686, 34.7132069 ], [ -120.606163400000014, 34.7132502 ], [ -120.6061278, 34.7133051 ], [ -120.6060661, 34.7133682 ], [ -120.606065300000012, 34.713414 ], [ -120.606082699999988, 34.7134436 ], [ -120.60614360000001, 34.7134926 ], [ -120.6061806, 34.7135588 ], [ -120.606284399999979, 34.7136986 ], [ -120.6063382, 34.713753499999989 ], [ -120.6063852, 34.7137832 ], [ -120.6064485, 34.7137828 ], [ -120.606482899999989, 34.7138478 ], [ -120.6065135, 34.7138783 ], [ -120.6065559, 34.7139002 ], [ -120.606619, 34.7139042 ], [ -120.6066894, 34.7139757 ], [ -120.6067732, 34.7140227 ], [ -120.606811199999981, 34.714031 ], [ -120.606845399999983, 34.714026 ], [ -120.606956, 34.7139537 ], [ -120.6069597, 34.7139659 ], [ -120.6069427, 34.7140338 ], [ -120.606946, 34.7140504 ], [ -120.6069546, 34.7140542 ], [ -120.607023, 34.7139819 ], [ -120.607036, 34.714058699999988 ], [ -120.6070918, 34.714116 ], [ -120.607121299999989, 34.7141337 ], [ -120.60724470000001, 34.7141673 ], [ -120.6072983, 34.7142066 ], [ -120.6073208, 34.714234 ], [ -120.6073302, 34.7143184 ], [ -120.607298899999989, 34.7144115 ], [ -120.607265, 34.7144485 ], [ -120.6072397, 34.7144554 ], [ -120.6071931, 34.7144551 ], [ -120.60718, 34.7144653 ], [ -120.607336499999988, 34.7145679 ], [ -120.607441, 34.7147233 ], [ -120.6075339, 34.7148141 ], [ -120.607539, 34.7148385 ], [ -120.6075314, 34.7148635 ], [ -120.6074773, 34.7149102 ], [ -120.6074569, 34.7149422 ], [ -120.6074546, 34.7150052 ], [ -120.60748839999998, 34.7150106 ], [ -120.6075769, 34.714993 ], [ -120.607625, 34.7149939 ], [ -120.6076942, 34.7150194 ], [ -120.6077155, 34.7150377 ], [ -120.607720299999983, 34.715053399999988 ], [ -120.607694, 34.7150877 ], [ -120.6076288, 34.7151171 ], [ -120.607563, 34.7151265 ], [ -120.6074962, 34.715121 ], [ -120.6073729, 34.7151483 ], [ -120.6073424, 34.7151869 ], [ -120.607326, 34.715263199999988 ], [ -120.6073265, 34.7153302 ], [ -120.607341299999987, 34.7154227 ], [ -120.607388, 34.7156432 ], [ -120.6074231, 34.715766 ], [ -120.6074773, 34.715893 ], [ -120.607551099999981, 34.71598 ], [ -120.607601100000011, 34.7160877 ], [ -120.6076445, 34.7161587 ], [ -120.607664899999989, 34.7162247 ], [ -120.6076582, 34.7163495 ], [ -120.607593600000015, 34.7164628 ], [ -120.6075922, 34.7165307 ], [ -120.6075541, 34.7166357 ], [ -120.607569900000016, 34.716800899999988 ], [ -120.6075533, 34.7170158 ], [ -120.607559099999989, 34.7170815 ], [ -120.6075871, 34.7171176 ], [ -120.607696899999979, 34.7171842 ], [ -120.6077505, 34.7172466 ], [ -120.60783450000001, 34.7172377 ], [ -120.6078606, 34.717252 ], [ -120.607878899999989, 34.7172784 ], [ -120.6078926, 34.7173272 ], [ -120.6078917, 34.7173691 ], [ -120.6078348, 34.7175332 ], [ -120.607828, 34.717593 ], [ -120.607850700000014, 34.7177089 ], [ -120.6079083, 34.7179058 ], [ -120.6079415, 34.7179527 ], [ -120.6080643, 34.7179617 ], [ -120.6081093, 34.7179716 ], [ -120.6081791, 34.7180112 ], [ -120.6082055, 34.7180456 ], [ -120.6081979, 34.7181629 ], [ -120.608135, 34.7182785 ], [ -120.608133, 34.7183122 ], [ -120.608144, 34.7183433 ], [ -120.6081626, 34.7183569 ], [ -120.6081887, 34.7183544 ], [ -120.608342100000016, 34.7182635 ], [ -120.608424699999986, 34.7182413 ], [ -120.608462499999987, 34.7182479 ], [ -120.6084786, 34.7182688 ], [ -120.608494799999988, 34.7183366 ], [ -120.608511, 34.7183605 ], [ -120.6085251, 34.7183668 ], [ -120.6085807, 34.7183619 ], [ -120.6086229, 34.7183805 ], [ -120.608700399999989, 34.7184465 ], [ -120.60874579999998, 34.7185021 ], [ -120.608806199999989, 34.7186804 ], [ -120.6088601, 34.7188063 ], [ -120.6089007, 34.7189383 ], [ -120.608909299999979, 34.719009 ], [ -120.60890449999998, 34.719074 ], [ -120.6088709, 34.7191938 ], [ -120.6088587, 34.7192981 ], [ -120.6087877, 34.7195814 ], [ -120.6087831, 34.719635 ], [ -120.608792099999988, 34.7196744 ], [ -120.608814400000014, 34.7197072 ], [ -120.6088542, 34.7197434 ], [ -120.6089194, 34.7197833 ], [ -120.608928299999988, 34.7198035 ], [ -120.6088977, 34.719883 ], [ -120.608904400000014, 34.7199607 ], [ -120.6088744, 34.7200378 ], [ -120.608857300000011, 34.7201129 ], [ -120.60881590000001, 34.720151799999989 ], [ -120.6087126, 34.7202018 ], [ -120.6086813, 34.7202401 ], [ -120.6086838, 34.7203079 ], [ -120.6087415, 34.7205067 ], [ -120.6087753, 34.7205606 ], [ -120.608809, 34.720582 ], [ -120.608845300000013, 34.7205817 ], [ -120.6089666, 34.7205528 ], [ -120.609001600000013, 34.7205582 ], [ -120.609034, 34.7205751 ], [ -120.6090635, 34.7206026 ], [ -120.609092800000013, 34.7206507 ], [ -120.609133300000011, 34.7207772 ], [ -120.60916, 34.7208316 ], [ -120.6091774, 34.7208446 ], [ -120.6091989, 34.7208351 ], [ -120.609211099999982, 34.7208376 ], [ -120.6092361, 34.7208739 ], [ -120.6092506, 34.7209197 ], [ -120.6092552, 34.7209746 ], [ -120.6091973, 34.7210604 ], [ -120.6091389, 34.7211238 ], [ -120.6091192, 34.7211896 ], [ -120.6091178, 34.7212481 ], [ -120.6091395, 34.7213385 ], [ -120.6091765, 34.7214317 ], [ -120.609272599999983, 34.7216228 ], [ -120.609339299999974, 34.7217264 ], [ -120.609394599999987, 34.7217785 ], [ -120.6094827, 34.7218145 ], [ -120.6095182, 34.72184 ], [ -120.6095895, 34.7219218 ], [ -120.6096034, 34.7219887 ], [ -120.609698099999974, 34.7220246 ], [ -120.609768699999989, 34.7220753 ], [ -120.6097967, 34.7221116 ], [ -120.609817299999989, 34.722166 ], [ -120.6098497, 34.7221892 ], [ -120.609866, 34.7222245 ], [ -120.6098806, 34.7222364 ], [ -120.609921, 34.7222454 ], [ -120.6100497, 34.7222322 ], [ -120.6102074, 34.7221701 ], [ -120.610085, 34.7222711 ], [ -120.610058599999988, 34.7223196 ], [ -120.610058, 34.7223553 ], [ -120.610078699999988, 34.7223746 ], [ -120.6101455, 34.7223917 ], [ -120.6101883, 34.7224121 ], [ -120.610232900000014, 34.7224702 ], [ -120.6102522, 34.7224829 ], [ -120.610306199999982, 34.7224797 ], [ -120.610392800000014, 34.722439 ], [ -120.610413, 34.7224428 ], [ -120.6104409, 34.722465199999988 ], [ -120.610469599999988, 34.7224751 ], [ -120.610474700000012, 34.7224928 ], [ -120.6104227, 34.7225918 ], [ -120.6104121, 34.7226457 ], [ -120.6104181, 34.7226573 ], [ -120.6104429, 34.7226604 ], [ -120.610508599999989, 34.722646 ], [ -120.6105365, 34.7226511 ], [ -120.610548099999974, 34.7226636 ], [ -120.610554899999983, 34.7227025 ], [ -120.610577399999983, 34.7227431 ], [ -120.6107555, 34.7229101 ], [ -120.61081440000001, 34.7229282 ], [ -120.610930400000015, 34.7229067 ], [ -120.6109747, 34.7229075 ], [ -120.61099440000001, 34.7229238 ], [ -120.611008399999989, 34.7229838 ], [ -120.611039499999976, 34.7230023 ], [ -120.61117680000001, 34.7230071 ], [ -120.611236800000015, 34.7230376 ], [ -120.6112652, 34.7230388 ], [ -120.6113083, 34.7230117 ], [ -120.6113844, 34.7229086 ], [ -120.6114189, 34.7228773 ], [ -120.6115103, 34.7228437 ], [ -120.6116115, 34.7228361 ], [ -120.611684, 34.7228439 ], [ -120.611780599999975, 34.722879 ], [ -120.611882099999988, 34.7229322 ], [ -120.6120045, 34.7229717 ], [ -120.6120276, 34.7229869 ], [ -120.612048199999975, 34.7230146 ], [ -120.612096400000013, 34.7231276 ], [ -120.612098899999978, 34.7231559 ], [ -120.6120901, 34.7231869 ], [ -120.6120774, 34.7231964 ], [ -120.6120581, 34.7231938 ], [ -120.6119928, 34.7231349 ], [ -120.6119696, 34.7231309 ], [ -120.6120484, 34.7233197 ], [ -120.6120792, 34.7234484 ], [ -120.6120594, 34.7237215 ], [ -120.612065499999986, 34.7240646 ], [ -120.6120532, 34.724274 ], [ -120.612059, 34.7244051 ], [ -120.6120781, 34.7245329 ], [ -120.612177199999977, 34.7249907 ], [ -120.6122034, 34.7250668 ], [ -120.6122204, 34.725093199999989 ], [ -120.6122432, 34.7251101 ], [ -120.61236310000001, 34.7251463 ], [ -120.612403399999977, 34.725168 ], [ -120.6124197, 34.7251869 ], [ -120.6124217, 34.7252193 ], [ -120.6124443, 34.7252537 ], [ -120.6124398, 34.7252674 ], [ -120.612406799999988, 34.7252979 ], [ -120.6123909, 34.7253366 ], [ -120.6123801, 34.725552 ], [ -120.6124266, 34.7260546 ], [ -120.6124535, 34.7261821 ], [ -120.6125876, 34.7266701 ], [ -120.6127551, 34.7272253 ], [ -120.6128267, 34.727401 ], [ -120.6131064, 34.7279495 ], [ -120.6132679, 34.7283808 ], [ -120.613324099999986, 34.7284852 ], [ -120.6133878, 34.728575 ], [ -120.613430799999989, 34.7286145 ], [ -120.6134722, 34.7286306 ], [ -120.613529199999988, 34.7286354 ], [ -120.6136312, 34.7286279 ], [ -120.6136826, 34.7286377 ], [ -120.6137383, 34.728663 ], [ -120.613801099999989, 34.7287101 ], [ -120.613985, 34.7286927 ], [ -120.614056100000013, 34.7287341 ], [ -120.6141559, 34.7287451 ], [ -120.6142003, 34.7287696 ], [ -120.6142412, 34.728817 ], [ -120.614266899999976, 34.7288712 ], [ -120.614252, 34.7290065 ], [ -120.6142618, 34.7290385 ], [ -120.614302, 34.7290628 ], [ -120.6144131, 34.7290794 ], [ -120.61447170000001, 34.7291156 ], [ -120.6145103, 34.7291548 ], [ -120.6145505, 34.7292424 ], [ -120.614607799999987, 34.7293 ], [ -120.614649399999976, 34.7293676 ], [ -120.6147496, 34.7294481 ], [ -120.61474149999998, 34.7294709 ], [ -120.6147112, 34.7294883 ], [ -120.614551, 34.7295201 ], [ -120.614504599999989, 34.7295366 ], [ -120.6144884, 34.729553 ], [ -120.614482299999977, 34.7295734 ], [ -120.6144947, 34.7296131 ], [ -120.614534099999986, 34.7296436 ], [ -120.6146412, 34.7296852 ], [ -120.6146873, 34.7297174 ], [ -120.6147148, 34.7297643 ], [ -120.6147284, 34.7298732 ], [ -120.6147539, 34.729911199999989 ], [ -120.615031500000015, 34.7300468 ], [ -120.615091799999988, 34.7300922 ], [ -120.615109499999988, 34.7301197 ], [ -120.6151283, 34.7302088 ], [ -120.6151652, 34.7302642 ], [ -120.615207900000016, 34.7302755 ], [ -120.6153149, 34.7302664 ], [ -120.6153494, 34.7302751 ], [ -120.615340499999988, 34.7303029 ], [ -120.615274, 34.7303669 ], [ -120.6152782, 34.7303778 ], [ -120.6153214, 34.7303953 ], [ -120.6153227, 34.7304084 ], [ -120.6153107, 34.7304246 ], [ -120.615275700000012, 34.7304412 ], [ -120.6151245, 34.7304787 ], [ -120.6151073, 34.7304909 ], [ -120.6151043, 34.7305075 ], [ -120.615126300000014, 34.7305302 ], [ -120.6151765, 34.7305426 ], [ -120.615244800000013, 34.730543 ], [ -120.615384600000013, 34.730529 ], [ -120.615417600000015, 34.7305325 ], [ -120.615424, 34.730541 ], [ -120.615290799999983, 34.7306051 ], [ -120.615187, 34.730631 ], [ -120.6150319, 34.7307117 ], [ -120.6150074, 34.7307432 ], [ -120.6149948, 34.7307751 ], [ -120.614956, 34.7309447 ], [ -120.6149603, 34.731023 ], [ -120.6149516, 34.731099 ], [ -120.6149767, 34.7311406 ], [ -120.6150818, 34.7311864 ], [ -120.615186799999989, 34.7312689 ], [ -120.615224700000013, 34.7312782 ], [ -120.6152492, 34.7312736 ], [ -120.6152598, 34.7312644 ], [ -120.615268, 34.731218 ], [ -120.6152906, 34.7311778 ], [ -120.615295599999982, 34.7311398 ], [ -120.6153072, 34.7311313 ], [ -120.615322, 34.731134 ], [ -120.615339600000013, 34.7311507 ], [ -120.6153923, 34.7312418 ], [ -120.6154573, 34.7312987 ], [ -120.6154878, 34.7313486 ], [ -120.615492300000014, 34.7313892 ], [ -120.615479099999988, 34.731418 ], [ -120.6152887, 34.731564 ], [ -120.6152274, 34.7316233 ], [ -120.61519389999998, 34.7316318 ], [ -120.615209, 34.7316633 ], [ -120.615244599999983, 34.7316951 ], [ -120.615283, 34.7317035 ], [ -120.6153495, 34.7317013 ], [ -120.61545670000001, 34.7316766 ], [ -120.6155294, 34.7316788 ], [ -120.615583299999983, 34.7316965 ], [ -120.6156188, 34.7317305 ], [ -120.6156422, 34.7317808 ], [ -120.6156548, 34.731896299999988 ], [ -120.615698400000014, 34.7320172 ], [ -120.615689, 34.7321704 ], [ -120.6157223, 34.7322076 ], [ -120.615797199999989, 34.732237 ], [ -120.615822799999975, 34.7322721 ], [ -120.6158396, 34.7323795 ], [ -120.6158373, 34.732501899999988 ], [ -120.615847500000015, 34.732534 ], [ -120.6158597, 34.732534 ], [ -120.6159355, 34.732494 ], [ -120.615971699999989, 34.7324881 ], [ -120.6159993, 34.732498 ], [ -120.616073500000013, 34.7325561 ], [ -120.6160953, 34.7325601 ], [ -120.6161171, 34.7325321 ], [ -120.6161816, 34.732373 ], [ -120.61620520000001, 34.7323514 ], [ -120.6162279, 34.7323622 ], [ -120.616242700000015, 34.732413 ], [ -120.6162402, 34.7325285 ], [ -120.6162517, 34.732599 ], [ -120.616292500000014, 34.7326795 ], [ -120.6163499, 34.7327605 ], [ -120.616407199999983, 34.7328963 ], [ -120.61640629999998, 34.7329979 ], [ -120.6163752, 34.7331103 ], [ -120.6163821, 34.7331584 ], [ -120.616495, 34.733313699999989 ], [ -120.6166036, 34.7334397 ], [ -120.616784, 34.7336327 ], [ -120.616957, 34.733796 ], [ -120.6172662, 34.7340456 ], [ -120.617403200000012, 34.7341345 ], [ -120.6174895, 34.7341699 ], [ -120.6175598, 34.7341868 ], [ -120.6176146, 34.7341874 ], [ -120.6176608, 34.7341686 ], [ -120.6176785, 34.7341714 ], [ -120.6178066, 34.7343232 ], [ -120.617920399999988, 34.7343936 ], [ -120.6181109, 34.7344753 ], [ -120.6182262, 34.7344924 ], [ -120.618364, 34.7345598 ], [ -120.618762600000011, 34.7347276 ], [ -120.6189065, 34.7347976 ], [ -120.619016699999989, 34.7348637 ], [ -120.6191314, 34.7349578 ], [ -120.6193931, 34.7352761 ], [ -120.619603, 34.735512 ], [ -120.6196794, 34.7355826 ], [ -120.6198073, 34.7356747 ], [ -120.6198831, 34.7357098 ], [ -120.6201599, 34.7357925 ], [ -120.620255199999988, 34.7358005 ], [ -120.6203123, 34.7358431 ], [ -120.620468500000015, 34.7359195 ], [ -120.6205174, 34.7359125 ], [ -120.620674799999975, 34.7358291 ], [ -120.6207, 34.7358294 ], [ -120.620717, 34.7358528 ], [ -120.620770400000012, 34.7360324 ], [ -120.620809, 34.7360927 ], [ -120.620915, 34.7362124 ], [ -120.621021, 34.736317 ], [ -120.621112400000015, 34.7363955 ], [ -120.621215, 34.7364702 ], [ -120.6212894, 34.7365148 ], [ -120.6213404, 34.7365337 ], [ -120.6213871, 34.7365391 ], [ -120.6214804, 34.7365322 ], [ -120.621529400000014, 34.7365423 ], [ -120.6215719, 34.7365297 ], [ -120.621722, 34.7364552 ], [ -120.62176740000001, 34.7364542 ], [ -120.621783099999973, 34.736469 ], [ -120.621787599999976, 34.7364902 ], [ -120.6217678, 34.7365674 ], [ -120.6217739, 34.7365793 ], [ -120.6218081, 34.7365803 ], [ -120.621880799999985, 34.7365442 ], [ -120.621909300000013, 34.7365383 ], [ -120.6219364, 34.736550099999988 ], [ -120.6219803, 34.7365967 ], [ -120.6220579, 34.7366069 ], [ -120.6220951, 34.7366232 ], [ -120.6221232, 34.7366478 ], [ -120.6222187, 34.7367696 ], [ -120.6222904, 34.7368386 ], [ -120.6226316, 34.7371068 ], [ -120.6227093, 34.7371911 ], [ -120.622900299999984, 34.7373381 ], [ -120.6230799, 34.7374235 ], [ -120.623128799999989, 34.7374355 ], [ -120.6232931, 34.7374555 ], [ -120.6234101, 34.7374625 ], [ -120.6235692, 34.7374491 ], [ -120.623653300000015, 34.7374225 ], [ -120.6237215, 34.7374445 ], [ -120.6237642, 34.7374468 ], [ -120.623888799999989, 34.737406 ], [ -120.623992, 34.7373972 ], [ -120.624073900000013, 34.7374168 ], [ -120.6241829, 34.7374182 ], [ -120.624387599999977, 34.7374501 ], [ -120.624610199999978, 34.7374983 ], [ -120.6246429, 34.7374962 ], [ -120.6247044, 34.7374657 ], [ -120.624753, 34.7374633 ], [ -120.624773600000012, 34.7374763 ], [ -120.6247761, 34.7374927 ], [ -120.6247669, 34.7374971 ], [ -120.6247293, 34.7374901 ], [ -120.624704, 34.7375263 ], [ -120.624709700000011, 34.7375374 ], [ -120.6247657, 34.7375541 ], [ -120.6247968, 34.7375547 ], [ -120.6248332, 34.737542399999988 ], [ -120.62485550000001, 34.737548 ], [ -120.624870199999989, 34.7375597 ], [ -120.6248965, 34.7376057 ], [ -120.62502809999998, 34.7376748 ], [ -120.625128800000013, 34.737703 ], [ -120.625196099999982, 34.7377364 ], [ -120.625250799999975, 34.7377461 ], [ -120.6253268, 34.737791 ], [ -120.625378399999988, 34.7378068 ], [ -120.6254315, 34.737807 ], [ -120.6254845, 34.7377891 ], [ -120.6255107, 34.7377876 ], [ -120.6255665, 34.7378279 ], [ -120.625613199999975, 34.7378046 ], [ -120.625673, 34.737809899999988 ], [ -120.625734, 34.7377988 ], [ -120.6257613, 34.7378008 ], [ -120.625864, 34.737848899999989 ], [ -120.6258827, 34.7378723 ], [ -120.6258891, 34.7379124 ], [ -120.6259118, 34.7379422 ], [ -120.6259378, 34.7379623 ], [ -120.62598, 34.7379723 ], [ -120.6259807, 34.7379958 ], [ -120.6259373, 34.7380131 ], [ -120.6259155, 34.7380452 ], [ -120.6259121, 34.7380908 ], [ -120.6259286, 34.7381382 ], [ -120.6260081, 34.7382615 ], [ -120.6260909, 34.7383245 ], [ -120.626138700000013, 34.7383861 ], [ -120.6262077, 34.7384438 ], [ -120.626222, 34.7385184 ], [ -120.626285199999984, 34.7385948 ], [ -120.6263237, 34.7387112 ], [ -120.626372799999984, 34.7387651 ], [ -120.6263639, 34.738839 ], [ -120.626395500000015, 34.7389119 ], [ -120.6264277, 34.7389539 ], [ -120.6265175, 34.7390223 ], [ -120.626535300000015, 34.7390478 ], [ -120.626540299999974, 34.7391209 ], [ -120.626587, 34.7392601 ], [ -120.626652099999987, 34.7395485 ], [ -120.6266403, 34.7396263 ], [ -120.626614699999976, 34.7396842 ], [ -120.6265476, 34.7399098 ], [ -120.6265342, 34.7400278 ], [ -120.626542500000014, 34.740099 ], [ -120.6265688, 34.7401251 ], [ -120.626718, 34.7401879 ], [ -120.626747099999989, 34.7402088 ], [ -120.6268332, 34.7403046 ], [ -120.62689, 34.7404394 ], [ -120.6269146, 34.740381 ], [ -120.626936199999989, 34.740357 ], [ -120.626970899999989, 34.7403469 ], [ -120.6269933, 34.7403636 ], [ -120.6270138, 34.7404229 ], [ -120.6270206, 34.7404751 ], [ -120.6270116, 34.7405027 ], [ -120.626975800000011, 34.7405525 ], [ -120.6269595, 34.7405987 ], [ -120.6270341, 34.7406425 ], [ -120.6270614, 34.7406744 ], [ -120.6270649, 34.7406941 ], [ -120.627038399999989, 34.7407521 ], [ -120.627041800000015, 34.7407758 ], [ -120.627109399999981, 34.740786 ], [ -120.6271364, 34.7408058 ], [ -120.62711560000001, 34.7409835 ], [ -120.62712, 34.7410888 ], [ -120.627142, 34.741124 ], [ -120.627239899999978, 34.7411642 ], [ -120.6272715, 34.7411907 ], [ -120.627277600000014, 34.7412186 ], [ -120.627249, 34.7412731 ], [ -120.6272478, 34.7413105 ], [ -120.6272819, 34.7413836 ], [ -120.6273349, 34.7414565 ], [ -120.62741029999998, 34.7415224 ], [ -120.6274952, 34.7415761 ], [ -120.6275695, 34.7416047 ], [ -120.6276274, 34.741658 ], [ -120.627641, 34.7416513 ], [ -120.6276435, 34.7416369 ], [ -120.6276087, 34.7415552 ], [ -120.6276018, 34.7415172 ], [ -120.6276107, 34.7415007 ], [ -120.627672100000012, 34.7414837 ], [ -120.6277119, 34.7414554 ], [ -120.6277315, 34.7414523 ], [ -120.627799699999983, 34.7414993 ], [ -120.627831, 34.7415372 ], [ -120.6278429, 34.7415884 ], [ -120.6278253, 34.7416439 ], [ -120.6278043, 34.7416779 ], [ -120.6277542, 34.7417032 ], [ -120.6277103, 34.7417084 ], [ -120.6276664, 34.7417019 ], [ -120.6276375, 34.7417188 ], [ -120.6276825, 34.7417534 ], [ -120.627752500000014, 34.7418521 ], [ -120.6277634, 34.7418511 ], [ -120.6277691, 34.7418387 ], [ -120.6277567, 34.7417813 ], [ -120.627775, 34.741770699999989 ], [ -120.627830800000012, 34.741818 ], [ -120.627941799999988, 34.7418439 ], [ -120.6279759, 34.7418767 ], [ -120.627990400000016, 34.7419196 ], [ -120.6279828, 34.7419493 ], [ -120.6279578, 34.741967 ], [ -120.6278627, 34.7419957 ], [ -120.6278345, 34.7420286 ], [ -120.6278298, 34.7420532 ], [ -120.6278433, 34.7420764 ], [ -120.6278682, 34.7420898 ], [ -120.6279803, 34.7420791 ], [ -120.6280098, 34.7420822 ], [ -120.628021100000012, 34.7420903 ], [ -120.628013099999976, 34.7421059 ], [ -120.6279387, 34.7421578 ], [ -120.627932199999989, 34.7421751 ], [ -120.627941, 34.7422466 ], [ -120.62796440000001, 34.7423328 ], [ -120.6280325, 34.742492 ], [ -120.6280546, 34.7425128 ], [ -120.62808050000001, 34.742524 ], [ -120.6283387, 34.7425662 ], [ -120.6284046, 34.7425903 ], [ -120.6284194, 34.7426083 ], [ -120.6284184, 34.7426241 ], [ -120.628384700000012, 34.7426969 ], [ -120.628342199999977, 34.7427072 ], [ -120.6283473, 34.742739 ], [ -120.628394300000011, 34.7427899 ], [ -120.628555, 34.7428851 ], [ -120.628584, 34.7428907 ], [ -120.6286182, 34.7428858 ], [ -120.6287041, 34.7428449 ], [ -120.6287842, 34.7428223 ], [ -120.6288334, 34.7428209 ], [ -120.6288647, 34.7428338 ], [ -120.6288743, 34.7428653 ], [ -120.6288559, 34.7428887 ], [ -120.6287594, 34.7428961 ], [ -120.6286814, 34.7429273 ], [ -120.6285544, 34.7429463 ], [ -120.628520599999987, 34.7429667 ], [ -120.628517099999982, 34.7429865 ], [ -120.6285436, 34.7430044 ], [ -120.6286326, 34.743015 ], [ -120.6286753, 34.7430375 ], [ -120.6286798, 34.7430658 ], [ -120.6286458, 34.7431158 ], [ -120.6286423, 34.7431373 ], [ -120.6286851, 34.7431772 ], [ -120.6287087, 34.7432484 ], [ -120.628741100000013, 34.7433105 ], [ -120.6287865, 34.7433656 ], [ -120.628872699999974, 34.7434071 ], [ -120.628967499999973, 34.743495 ], [ -120.628979300000012, 34.7434967 ], [ -120.629002899999975, 34.7434698 ], [ -120.6290332, 34.7434575 ], [ -120.6290713, 34.743459 ], [ -120.62910930000001, 34.7434717 ], [ -120.629151799999988, 34.743507699999988 ], [ -120.629175499999988, 34.7435819 ], [ -120.629194199999986, 34.7436055 ], [ -120.629211399999974, 34.7436139 ], [ -120.629260499999987, 34.7436086 ], [ -120.6293714, 34.7435627 ], [ -120.629406699999976, 34.7435685 ], [ -120.6294104, 34.7435935 ], [ -120.629397099999977, 34.7436403 ], [ -120.62933790000001, 34.7437071 ], [ -120.6293226, 34.7437443 ], [ -120.629318900000015, 34.7438201 ], [ -120.629331900000011, 34.743938199999988 ], [ -120.6293953, 34.7441357 ], [ -120.6294885, 34.7442849 ], [ -120.6295407, 34.7443483 ], [ -120.6295787, 34.7443686 ], [ -120.629659499999988, 34.7443903 ], [ -120.6297509, 34.7444313 ], [ -120.6297964, 34.7444405 ], [ -120.6298573, 34.7444267 ], [ -120.629934600000013, 34.7443756 ], [ -120.630042, 34.7443707 ], [ -120.630178699999973, 34.7443435 ], [ -120.6302288, 34.7443452 ], [ -120.6302831, 34.744358 ], [ -120.630322599999985, 34.7443772 ], [ -120.630347899999975, 34.7444008 ], [ -120.6303663, 34.744435 ], [ -120.6303681, 34.7444992 ], [ -120.6303363, 34.7445377 ], [ -120.6302834, 34.7445556 ], [ -120.6301519, 34.7445686 ], [ -120.6301264, 34.7445856 ], [ -120.6301162, 34.7446309 ], [ -120.6301294, 34.7447166 ], [ -120.6301106, 34.7447444 ], [ -120.630018299999989, 34.7447682 ], [ -120.6299876, 34.7447148 ], [ -120.6299543, 34.7446817 ], [ -120.6299101, 34.7446697 ], [ -120.629861199999979, 34.7446746 ], [ -120.6297998, 34.7446953 ], [ -120.6297229, 34.744738 ], [ -120.629573499999978, 34.7448614 ], [ -120.629556600000015, 34.7448999 ], [ -120.6295844, 34.7449834 ], [ -120.629610099999979, 34.7450217 ], [ -120.6297038, 34.7451052 ], [ -120.6297266, 34.7451345 ], [ -120.6297395, 34.7451834 ], [ -120.6297269, 34.7452257 ], [ -120.6296596, 34.7453091 ], [ -120.629638199999988, 34.7453188 ], [ -120.6296107, 34.7453162 ], [ -120.6295861, 34.7453039 ], [ -120.629560500000011, 34.7452762 ], [ -120.629485899999978, 34.7451218 ], [ -120.6294555, 34.7451122 ], [ -120.6294153, 34.7451288 ], [ -120.629406699999976, 34.7451589 ], [ -120.629459799999978, 34.7452303 ], [ -120.629459399999988, 34.7452722 ], [ -120.6294023, 34.7453449 ], [ -120.6293138, 34.7454028 ], [ -120.6292855, 34.7454297 ], [ -120.6292542, 34.74548 ], [ -120.62922660000001, 34.7455566 ], [ -120.6292225, 34.7455982 ], [ -120.6292875, 34.7456765 ], [ -120.629289399999976, 34.7457195 ], [ -120.6292769, 34.7457357 ], [ -120.629253800000015, 34.7457474 ], [ -120.6291642, 34.745759 ], [ -120.6290972, 34.7458268 ], [ -120.6290227, 34.7458784 ], [ -120.6290225, 34.7458872 ], [ -120.629037, 34.7458988 ], [ -120.6292089, 34.7459454 ], [ -120.6292831, 34.7459798 ], [ -120.6293324, 34.7460159 ], [ -120.6293736, 34.7460711 ], [ -120.6294446, 34.7462078 ], [ -120.62945520000001, 34.7462529 ], [ -120.6294523, 34.7463355 ], [ -120.629499, 34.7463945 ], [ -120.6295026, 34.7464365 ], [ -120.6294712, 34.7464793 ], [ -120.6294398, 34.7465004 ], [ -120.629386299999979, 34.7465155 ], [ -120.6292682, 34.7465335 ], [ -120.6292084, 34.7465526 ], [ -120.6291975, 34.7465627 ], [ -120.6293041, 34.7465735 ], [ -120.629362500000013, 34.7465904 ], [ -120.629534299999989, 34.7466709 ], [ -120.6295812, 34.7467117 ], [ -120.6295882, 34.7467408 ], [ -120.6295775, 34.7467762 ], [ -120.6294565, 34.7469425 ], [ -120.6294439, 34.7469695 ], [ -120.629448, 34.7469843 ], [ -120.629470200000014, 34.7469778 ], [ -120.6295479, 34.7469025 ], [ -120.629575499999987, 34.7468869 ], [ -120.6296206, 34.7468906 ], [ -120.6296476, 34.7469266 ], [ -120.6296414, 34.7469581 ], [ -120.6295809, 34.7470003 ], [ -120.629569899999979, 34.747030099999989 ], [ -120.6295883, 34.7470691 ], [ -120.6296536, 34.7471047 ], [ -120.6296588, 34.747111 ], [ -120.629652900000011, 34.7471186 ], [ -120.629597100000012, 34.7471432 ], [ -120.629421900000011, 34.7471701 ], [ -120.6292931, 34.7471766 ], [ -120.629265600000011, 34.7471885 ], [ -120.6292494, 34.747209 ], [ -120.6292582, 34.7472405 ], [ -120.629345199999975, 34.7473075 ], [ -120.629388800000015, 34.7473522 ], [ -120.629436899999988, 34.7474403 ], [ -120.6294328, 34.7474875 ], [ -120.6293902, 34.747563 ], [ -120.629364099999975, 34.7476413 ], [ -120.629381399999986, 34.7476599 ], [ -120.6294157, 34.7476703 ], [ -120.6295726, 34.7476602 ], [ -120.6296518, 34.7476726 ], [ -120.6297235, 34.7477072 ], [ -120.62976, 34.7477333 ], [ -120.629780599999989, 34.7477637 ], [ -120.629783, 34.7477931 ], [ -120.629771, 34.7478262 ], [ -120.629702099999989, 34.7479103 ], [ -120.6296428, 34.7480428 ], [ -120.62961270000001, 34.7480712 ], [ -120.6295752, 34.7480748 ], [ -120.6295327, 34.7480594 ], [ -120.6293824, 34.7479555 ], [ -120.6293538, 34.7479574 ], [ -120.6293406, 34.747979 ], [ -120.629352899999986, 34.748026 ], [ -120.629413599999978, 34.7480909 ], [ -120.6296026, 34.7482074 ], [ -120.629665599999981, 34.7482372 ], [ -120.6296828, 34.7482793 ], [ -120.6296637, 34.7483126 ], [ -120.6296189, 34.7483368 ], [ -120.629555700000012, 34.748355 ], [ -120.629217, 34.7484017 ], [ -120.629122199999983, 34.7484319 ], [ -120.6288824, 34.7484845 ], [ -120.628845399999989, 34.7484988 ], [ -120.628820499999989, 34.7485183 ], [ -120.6288087, 34.7485415 ], [ -120.6288082, 34.7485672 ], [ -120.6288262, 34.7486148 ], [ -120.6288592, 34.7486521 ], [ -120.628899, 34.7486689 ], [ -120.629002899999975, 34.7486831 ], [ -120.6290273, 34.7486992 ], [ -120.629054900000014, 34.7487387 ], [ -120.6290863, 34.748739 ], [ -120.629160399999975, 34.7487011 ], [ -120.6292168, 34.7486935 ], [ -120.6292863, 34.7487373 ], [ -120.6295025, 34.7488196 ], [ -120.6295451, 34.7488544 ], [ -120.6295475, 34.7488833 ], [ -120.6295288, 34.7489089 ], [ -120.6294808, 34.7489355 ], [ -120.629370900000012, 34.7489693 ], [ -120.629262099999977, 34.7490602 ], [ -120.6292482, 34.7490904 ], [ -120.6293056, 34.74932 ], [ -120.629329199999987, 34.7493848 ], [ -120.6293561, 34.7494174 ], [ -120.6294427, 34.749471 ], [ -120.629465, 34.7495038 ], [ -120.6294608, 34.7495321 ], [ -120.629414, 34.7495916 ], [ -120.6293988, 34.7496235 ], [ -120.629395899999977, 34.7496518 ], [ -120.6294073, 34.7496821 ], [ -120.629439699999978, 34.7497192 ], [ -120.629483499999978, 34.7497426 ], [ -120.6295217, 34.7497402 ], [ -120.629613299999988, 34.7497136 ], [ -120.6296419, 34.7497169 ], [ -120.629653800000014, 34.7497288 ], [ -120.6296465, 34.7497517 ], [ -120.6296171, 34.7497788 ], [ -120.6295052, 34.7498306 ], [ -120.6295033, 34.7498545 ], [ -120.6296234, 34.7499043 ], [ -120.629701299999979, 34.7499477 ], [ -120.6297515, 34.7499876 ], [ -120.629810100000014, 34.750059 ], [ -120.6298346, 34.7500779 ], [ -120.6299696, 34.7501149 ], [ -120.6300644, 34.7501592 ], [ -120.6300938, 34.7501873 ], [ -120.6301018, 34.7502319 ], [ -120.6301133, 34.7502506 ], [ -120.630171, 34.7502983 ], [ -120.6305826, 34.750476 ], [ -120.630671799999988, 34.7505643 ], [ -120.6307143, 34.7506536 ], [ -120.6307387, 34.7506874 ], [ -120.6307734, 34.7507112 ], [ -120.630833, 34.7507355 ], [ -120.630860299999981, 34.7507609 ], [ -120.6308342, 34.7508382 ], [ -120.6309119, 34.7510545 ], [ -120.6309336, 34.7511646 ], [ -120.6309473, 34.7513542 ], [ -120.631016800000012, 34.7515073 ], [ -120.631010899999978, 34.751615199999989 ], [ -120.631026, 34.7517179 ], [ -120.63102619999998, 34.7517936 ], [ -120.631040500000012, 34.7518675 ], [ -120.6310605, 34.7519227 ], [ -120.6310802, 34.7519501 ], [ -120.631182199999984, 34.752006 ], [ -120.631203, 34.752035 ], [ -120.6311996, 34.752061 ], [ -120.631186199999988, 34.7520827 ], [ -120.6311052, 34.7521485 ], [ -120.6310977, 34.7521891 ], [ -120.631112699999989, 34.7522258 ], [ -120.6311643, 34.7523021 ], [ -120.6311618, 34.7524138 ], [ -120.631265, 34.7527005 ], [ -120.631374400000013, 34.7529831 ], [ -120.6314448, 34.7531147 ], [ -120.63151280000001, 34.7532153 ], [ -120.6316138, 34.753332799999988 ], [ -120.6316825, 34.753394 ], [ -120.6317337, 34.7534183 ], [ -120.6317742, 34.7534234 ], [ -120.63203750000001, 34.7534186 ], [ -120.6322476, 34.7533922 ], [ -120.632362799999981, 34.753391 ], [ -120.632525199999989, 34.7534331 ], [ -120.6326854, 34.7534489 ], [ -120.6327657, 34.7534678 ], [ -120.6329564, 34.7534965 ], [ -120.633377400000015, 34.7536237 ], [ -120.633577599999981, 34.7537322 ], [ -120.633648399999984, 34.7537884 ], [ -120.6337217, 34.7538721 ], [ -120.6338043, 34.7539504 ], [ -120.6340271, 34.7542198 ], [ -120.634156699999977, 34.7543962 ], [ -120.634262299999975, 34.7545088 ], [ -120.6342938, 34.7545602 ], [ -120.6343589, 34.7546133 ], [ -120.634411300000011, 34.7546314 ], [ -120.6344724, 34.7546207 ], [ -120.634505499999989, 34.7546275 ], [ -120.634721299999981, 34.7547549 ], [ -120.634883599999981, 34.7548935 ], [ -120.6350214, 34.7549562 ], [ -120.6350734, 34.7549675 ], [ -120.635139199999983, 34.754949 ], [ -120.635178199999984, 34.7549504 ], [ -120.6352345, 34.7549661 ], [ -120.63535, 34.7550172 ], [ -120.6355777, 34.755102 ], [ -120.6357376, 34.7551316 ], [ -120.63584969999998, 34.7551213 ], [ -120.6358819, 34.7551466 ], [ -120.6359249, 34.7552246 ], [ -120.635944099999989, 34.7552431 ], [ -120.6361177, 34.755311 ], [ -120.636250799999985, 34.7554024 ], [ -120.6363256, 34.755427 ], [ -120.6364149, 34.7554675 ], [ -120.6365431, 34.7554873 ], [ -120.6365998, 34.7554838 ], [ -120.6366259, 34.7555236 ], [ -120.636680899999988, 34.7555385 ], [ -120.636692, 34.7555264 ], [ -120.636682799999988, 34.7554695 ], [ -120.636700499999989, 34.7554663 ], [ -120.6367452, 34.7555054 ], [ -120.63681579999998, 34.7556119 ], [ -120.636863100000014, 34.7556377 ], [ -120.6369128, 34.7556382 ], [ -120.6369713, 34.7556806 ], [ -120.6370417, 34.7557093 ], [ -120.637165, 34.7557782 ], [ -120.6373028, 34.7558383 ], [ -120.637353300000015, 34.7558718 ], [ -120.637395699999985, 34.7559175 ], [ -120.6374014, 34.7559394 ], [ -120.6373922, 34.7559915 ], [ -120.637307299999989, 34.7560562 ], [ -120.6372677, 34.7561307 ], [ -120.6372663, 34.756165 ], [ -120.6372977, 34.7562272 ], [ -120.6373004, 34.756258699999989 ], [ -120.6372845, 34.7562692 ], [ -120.637223100000014, 34.7562718 ], [ -120.6371883, 34.7562839 ], [ -120.637158, 34.756313 ], [ -120.6371481, 34.7563458 ], [ -120.6371586, 34.7563792 ], [ -120.6371975, 34.7564048 ], [ -120.6373609, 34.7563945 ], [ -120.637404600000011, 34.7564024 ], [ -120.6374126, 34.7564175 ], [ -120.6373858, 34.7564305 ], [ -120.6371907, 34.7564451 ], [ -120.6370775, 34.7564674 ], [ -120.63704460000001, 34.7564862 ], [ -120.6370387, 34.7565119 ], [ -120.6370529, 34.7565284 ], [ -120.6372673, 34.7565601 ], [ -120.6372866, 34.7565718 ], [ -120.6372912, 34.7565947 ], [ -120.6372608, 34.7566089 ], [ -120.6371383, 34.7566012 ], [ -120.6370534, 34.7566091 ], [ -120.6370238, 34.7566199 ], [ -120.6370274, 34.7566282 ], [ -120.6371318, 34.7566856 ], [ -120.6371481, 34.7567069 ], [ -120.637152300000011, 34.7567289 ], [ -120.637124899999989, 34.756764499999989 ], [ -120.6371144, 34.7568058 ], [ -120.6370901, 34.75683 ], [ -120.636962700000012, 34.7569184 ], [ -120.6369328, 34.7569291 ], [ -120.636902400000011, 34.7569263 ], [ -120.636894, 34.7569373 ], [ -120.6368902, 34.7570351 ], [ -120.6368269, 34.7571492 ], [ -120.636785199999977, 34.7572856 ], [ -120.6367983, 34.7573424 ], [ -120.6368612, 34.7574148 ], [ -120.6368924, 34.7574734 ], [ -120.6368615, 34.7574672 ], [ -120.6367718, 34.7574168 ], [ -120.6367325, 34.7574056 ], [ -120.6367182, 34.7574127 ], [ -120.636725700000014, 34.7574462 ], [ -120.636768699999976, 34.7574948 ], [ -120.6368737, 34.7575785 ], [ -120.636916500000012, 34.757604 ], [ -120.636926100000011, 34.7576207 ], [ -120.636918, 34.7576335 ], [ -120.636901200000011, 34.7576398 ], [ -120.6367846, 34.7576312 ], [ -120.6367565, 34.7576348 ], [ -120.636745799999986, 34.7576447 ], [ -120.6367039, 34.7578154 ], [ -120.636728499999975, 34.7578621 ], [ -120.63667860000001, 34.7579138 ], [ -120.636669, 34.7579658 ], [ -120.6366882, 34.7580369 ], [ -120.636724199999989, 34.7580691 ], [ -120.636714, 34.758115 ], [ -120.6366956, 34.758151 ], [ -120.636698399999986, 34.758172699999989 ], [ -120.6367179, 34.7581802 ], [ -120.6367766, 34.7581677 ], [ -120.636788599999988, 34.758172699999989 ], [ -120.636702, 34.7582479 ], [ -120.636675, 34.7582857 ], [ -120.6366271, 34.7584775 ], [ -120.636626299999989, 34.7586377 ], [ -120.636612, 34.7587228 ], [ -120.636555300000012, 34.7587969 ], [ -120.636520799999985, 34.7588601 ], [ -120.6363016, 34.7593852 ], [ -120.6362038, 34.7598002 ], [ -120.636183599999981, 34.7600189 ], [ -120.6361311, 34.7603302 ], [ -120.6359579, 34.7608604 ], [ -120.63594329999998, 34.7608909 ], [ -120.635898, 34.7609397 ], [ -120.635825, 34.7609955 ], [ -120.635737100000014, 34.7611305 ], [ -120.635649500000014, 34.7613607 ], [ -120.635552299999986, 34.7615588 ], [ -120.635441300000011, 34.7618338 ], [ -120.6351339, 34.7624302 ], [ -120.635082700000012, 34.7625423 ], [ -120.6350466, 34.7626565 ], [ -120.6350117, 34.7628055 ], [ -120.6349905, 34.7629674 ], [ -120.634986700000013, 34.7631331 ], [ -120.635004599999974, 34.763402 ], [ -120.635013499999985, 34.7634416 ], [ -120.6350688, 34.7635323 ], [ -120.6351366, 34.7636943 ], [ -120.6351936, 34.7638577 ], [ -120.6352221, 34.7638986 ], [ -120.6351802, 34.7639676 ], [ -120.6351611, 34.7640735 ], [ -120.635158099999984, 34.7641262 ], [ -120.635167, 34.7641834 ], [ -120.6352006, 34.7642394 ], [ -120.635187799999983, 34.7642824 ], [ -120.635188199999973, 34.7643377 ], [ -120.635165500000014, 34.7643718 ], [ -120.635032900000013, 34.7645055 ], [ -120.6349602, 34.7646066 ], [ -120.6349088, 34.7647232 ], [ -120.634900099999982, 34.7648203 ], [ -120.6348317, 34.764908 ], [ -120.6347907, 34.764985 ], [ -120.6347616, 34.7650907 ], [ -120.634789, 34.7651707 ], [ -120.6347881, 34.7651972 ], [ -120.6347754, 34.765215 ], [ -120.634718799999987, 34.7652526 ], [ -120.6346887, 34.7653036 ], [ -120.6345844, 34.7656124 ], [ -120.6343823, 34.7660788 ], [ -120.6343204, 34.7662562 ], [ -120.634210899999985, 34.7666307 ], [ -120.634144599999985, 34.7667734 ], [ -120.6340786, 34.7668605 ], [ -120.633994699999974, 34.7670655 ], [ -120.63396370000001, 34.7671661 ], [ -120.6339527, 34.7672333 ], [ -120.633953299999973, 34.7672724 ], [ -120.6339724, 34.7673444 ], [ -120.633994299999983, 34.7673746 ], [ -120.634051199999988, 34.7674246 ], [ -120.6341358, 34.7674372 ], [ -120.6341521, 34.7674461 ], [ -120.6341222, 34.7674587 ], [ -120.6340246, 34.7674694 ], [ -120.633969, 34.7674852 ], [ -120.633915300000012, 34.7675167 ], [ -120.633886499999988, 34.7675567 ], [ -120.633872199999985, 34.7676187 ], [ -120.633895200000012, 34.7676587 ], [ -120.6339064, 34.7677909 ], [ -120.633939900000016, 34.7678646 ], [ -120.6339796, 34.7679147 ], [ -120.6339807, 34.7679568 ], [ -120.6338608, 34.7681299 ], [ -120.633814699999974, 34.7682364 ], [ -120.6337825, 34.7682813 ], [ -120.6337949, 34.7683052 ], [ -120.633717600000011, 34.7684103 ], [ -120.6336697, 34.7685147 ], [ -120.6336595, 34.7685487 ], [ -120.6336586, 34.7686122 ], [ -120.6335888, 34.7687245 ], [ -120.6335247, 34.7689122 ], [ -120.633465099999981, 34.7691767 ], [ -120.633334800000014, 34.7693215 ], [ -120.633180599999989, 34.769468 ], [ -120.6330101, 34.7695868 ], [ -120.6329237, 34.7696793 ], [ -120.6327875, 34.7699915 ], [ -120.6326491, 34.7702641 ], [ -120.632570199999989, 34.7703867 ], [ -120.6325314, 34.770477899999989 ], [ -120.632494099999988, 34.770538 ], [ -120.632416, 34.77074 ], [ -120.6322642, 34.7712076 ], [ -120.632228, 34.7713517 ], [ -120.6321881, 34.7715818 ], [ -120.6321457, 34.7717273 ], [ -120.632095199999981, 34.7718515 ], [ -120.6319387, 34.7721432 ], [ -120.6316529, 34.7726098 ], [ -120.6313075, 34.7732911 ], [ -120.6311451, 34.7735713 ], [ -120.6309661, 34.7740124 ], [ -120.630801299999987, 34.7743816 ], [ -120.6307198, 34.7746424 ], [ -120.630591700000011, 34.7751026 ], [ -120.630521699999989, 34.7753089 ], [ -120.630448399999977, 34.7754878 ], [ -120.6303305, 34.7757197 ], [ -120.6302238, 34.7759555 ], [ -120.6299315, 34.776396 ], [ -120.6298709, 34.7765029 ], [ -120.629756, 34.776797 ], [ -120.6296189, 34.777053 ], [ -120.6295754, 34.7772968 ], [ -120.6295371, 34.7774017 ], [ -120.6293358, 34.7776999 ], [ -120.6292075, 34.7779182 ], [ -120.629082200000013, 34.7781597 ], [ -120.628993400000013, 34.7783635 ], [ -120.628783499999983, 34.7789363 ], [ -120.628676899999988, 34.7793337 ], [ -120.628628, 34.7794345 ], [ -120.6284893, 34.7796666 ], [ -120.6283531, 34.7799849 ], [ -120.6282702, 34.7803111 ], [ -120.6280122, 34.7809561 ], [ -120.6279034, 34.7813679 ], [ -120.6278238, 34.7815799 ], [ -120.6277293, 34.7817784 ], [ -120.627561700000015, 34.7820718 ], [ -120.627177199999977, 34.78266 ], [ -120.627072, 34.7828574 ], [ -120.6269292, 34.7832246 ], [ -120.626621499999985, 34.7841591 ], [ -120.626452, 34.7844959 ], [ -120.6262313, 34.7849839 ], [ -120.626132, 34.7852999 ], [ -120.6260816, 34.7854282 ], [ -120.6259336, 34.7857239 ], [ -120.6257793, 34.7859902 ], [ -120.6256003, 34.7864258 ], [ -120.625500299999985, 34.7867276 ], [ -120.625443, 34.7870299 ], [ -120.6253578, 34.7874118 ], [ -120.62531220000001, 34.7875521 ], [ -120.6252606, 34.7876547 ], [ -120.6250572, 34.7879928 ], [ -120.624877, 34.7883547 ], [ -120.624728399999981, 34.7888809 ], [ -120.624622699999989, 34.7892188 ], [ -120.624534299999979, 34.789424 ], [ -120.6243567, 34.7897511 ], [ -120.6241964, 34.7900743 ], [ -120.6237183, 34.7908431 ], [ -120.623663099999987, 34.7909495 ], [ -120.623629, 34.7910416 ], [ -120.623584799999989, 34.7912363 ], [ -120.6235134, 34.7914577 ], [ -120.6234441, 34.7917217 ], [ -120.6233344, 34.7920645 ], [ -120.6232834, 34.792185499999988 ], [ -120.6231639, 34.7923938 ], [ -120.6231378, 34.7924547 ], [ -120.62309590000001, 34.7926328 ], [ -120.6230054, 34.7929388 ], [ -120.622996300000011, 34.7930487 ], [ -120.6230099, 34.7932471 ], [ -120.623006, 34.7933532 ], [ -120.6229824, 34.7934617 ], [ -120.622902900000014, 34.7937106 ], [ -120.6228749, 34.7939447 ], [ -120.6228367, 34.7941216 ], [ -120.6227987, 34.7942254 ], [ -120.6227213, 34.7943914 ], [ -120.6226438, 34.7945978 ], [ -120.6224822, 34.7949078 ], [ -120.622426, 34.7950365 ], [ -120.622268100000014, 34.7956462 ], [ -120.6222236, 34.7957565 ], [ -120.622113099999979, 34.7959728 ], [ -120.622023, 34.7962176 ], [ -120.6219362, 34.7964096 ], [ -120.6219064, 34.7965049 ], [ -120.621854, 34.7967373 ], [ -120.621756800000014, 34.7970066 ], [ -120.621744, 34.7970981 ], [ -120.621742, 34.7974295 ], [ -120.6217342, 34.7975288 ], [ -120.621693, 34.7978299 ], [ -120.621644499999974, 34.7981043 ], [ -120.6216283, 34.798500499999989 ], [ -120.6215506, 34.798824 ], [ -120.6215044, 34.7991344 ], [ -120.621469, 34.799309 ], [ -120.6213145, 34.7997215 ], [ -120.6212601, 34.7998445 ], [ -120.621151, 34.800187 ], [ -120.6210781, 34.80035 ], [ -120.620893, 34.8007228 ], [ -120.620578399999985, 34.8012194 ], [ -120.6204569, 34.801458 ], [ -120.6203794, 34.8017118 ], [ -120.620306199999987, 34.8020022 ], [ -120.6202534, 34.8021226 ], [ -120.62014090000001, 34.8023373 ], [ -120.620044900000011, 34.8026335 ], [ -120.619897, 34.8030465 ], [ -120.61970239999998, 34.8037092 ], [ -120.61963609999998, 34.8039965 ], [ -120.619539199999977, 34.8042924 ], [ -120.6194609, 34.8047324 ], [ -120.6194324, 34.8049785 ], [ -120.6193673, 34.8052585 ], [ -120.6193405, 34.8055593 ], [ -120.6193068, 34.8057356 ], [ -120.619174199999989, 34.8061728 ], [ -120.6191124, 34.8064391 ], [ -120.618936399999981, 34.8069331 ], [ -120.6188646, 34.8071729 ], [ -120.618754, 34.8076385 ], [ -120.6186965, 34.8079579 ], [ -120.618662, 34.8082453 ], [ -120.6185923, 34.8084787 ], [ -120.6184414, 34.8088954 ], [ -120.6183994, 34.8090506 ], [ -120.618370399999989, 34.8092906 ], [ -120.6183803, 34.8096359 ], [ -120.618351600000011, 34.8098049 ], [ -120.6182075, 34.8102072 ], [ -120.618046, 34.8108523 ], [ -120.6179695, 34.8111161 ], [ -120.617869, 34.8116965 ], [ -120.617759299999989, 34.812153099999989 ], [ -120.6175831, 34.8126463 ], [ -120.6175649, 34.8127403 ], [ -120.6175515, 34.8129323 ], [ -120.617537099999979, 34.8130147 ], [ -120.617402899999988, 34.8133828 ], [ -120.617276600000011, 34.813867 ], [ -120.6172027, 34.8143536 ], [ -120.6171751, 34.814478799999989 ], [ -120.6170435, 34.8148783 ], [ -120.6169642, 34.815049 ], [ -120.6168285, 34.8152994 ], [ -120.616792099999984, 34.8153899 ], [ -120.6167217, 34.8156233 ], [ -120.616567499999974, 34.8162017 ], [ -120.6165382, 34.8163793 ], [ -120.6165157, 34.8166013 ], [ -120.61645750000001, 34.8169306 ], [ -120.616404, 34.8174201 ], [ -120.616377899999989, 34.817849 ], [ -120.6163322, 34.8181733 ], [ -120.616310200000015, 34.8184995 ], [ -120.6162836, 34.8186788 ], [ -120.616214599999978, 34.8188973 ], [ -120.61609009999998, 34.8191986 ], [ -120.616045, 34.8193424 ], [ -120.6159873, 34.819608 ], [ -120.615923299999977, 34.820024 ], [ -120.6158788, 34.8202009 ], [ -120.6157339, 34.8206312 ], [ -120.615607399999973, 34.820968 ], [ -120.6154183, 34.8215988 ], [ -120.6152763, 34.8219732 ], [ -120.6151742, 34.8225013 ], [ -120.6151024, 34.8227838 ], [ -120.614941, 34.8232144 ], [ -120.614832299999989, 34.8234473 ], [ -120.614778300000012, 34.8236126 ], [ -120.614709, 34.8239204 ], [ -120.614697799999988, 34.8240734 ], [ -120.614697, 34.8242737 ], [ -120.6146802, 34.8243969 ], [ -120.614646799999989, 34.8245062 ], [ -120.6145372, 34.8247693 ], [ -120.6144223, 34.8252246 ], [ -120.6143686, 34.8255847 ], [ -120.6142944, 34.8259969 ], [ -120.614249300000012, 34.826592 ], [ -120.614140400000011, 34.827003399999988 ], [ -120.6141172, 34.8271564 ], [ -120.6140848, 34.8274926 ], [ -120.614014499999982, 34.8278132 ], [ -120.6138672, 34.8282958 ], [ -120.6137958, 34.8284708 ], [ -120.613673299999988, 34.8287322 ], [ -120.6135794, 34.8289938 ], [ -120.6134372, 34.8295191 ], [ -120.613316899999987, 34.829896 ], [ -120.6131734, 34.8305337 ], [ -120.613154099999974, 34.8306965 ], [ -120.6131319, 34.8311464 ], [ -120.6131059, 34.8313298 ], [ -120.613073, 34.8314538 ], [ -120.6129828, 34.8316652 ], [ -120.6127138, 34.8321328 ], [ -120.6126133, 34.8323677 ], [ -120.6125614, 34.8325253 ], [ -120.6125279, 34.8326693 ], [ -120.6124667, 34.8330783 ], [ -120.612404399999988, 34.8333993 ], [ -120.6123927, 34.8336395 ], [ -120.612395, 34.8338706 ], [ -120.6123658, 34.8340709 ], [ -120.6123003, 34.8343058 ], [ -120.6120861, 34.8348415 ], [ -120.6118683, 34.8355354 ], [ -120.611758099999975, 34.8362064 ], [ -120.6117734, 34.836831 ], [ -120.6117563, 34.8371078 ], [ -120.6117269, 34.8372299 ], [ -120.611670600000011, 34.8373911 ], [ -120.611522400000013, 34.8377128 ], [ -120.6114745, 34.8378369 ], [ -120.611414400000015, 34.8381626 ], [ -120.611325600000015, 34.8384937 ], [ -120.61122060000001, 34.8391871 ], [ -120.611170500000014, 34.8396421 ], [ -120.6111451, 34.8399844 ], [ -120.6110545, 34.840485099999988 ], [ -120.611025899999987, 34.8406983 ], [ -120.6110135, 34.8409185 ], [ -120.6110195, 34.8413663 ], [ -120.610989600000011, 34.8416358 ], [ -120.6109412, 34.8418491 ], [ -120.610778, 34.842298899999989 ], [ -120.610724499999975, 34.8424901 ], [ -120.6106575, 34.8428177 ], [ -120.610578, 34.843307 ], [ -120.6105116, 34.8440215 ], [ -120.610463, 34.8442967 ], [ -120.610424699999982, 34.8445774 ], [ -120.6104212, 34.8447076 ], [ -120.610436, 34.8449859 ], [ -120.610434399999974, 34.8453319 ], [ -120.6103815, 34.8457345 ], [ -120.6103137, 34.8460762 ], [ -120.6102871, 34.8462672 ], [ -120.61023059999998, 34.8472915 ], [ -120.610236599999979, 34.8476069 ], [ -120.610171199999982, 34.8480328 ], [ -120.6102112, 34.8485206 ], [ -120.61023440000001, 34.848992 ], [ -120.6102109, 34.8495356 ], [ -120.610205799999989, 34.849914 ], [ -120.6102229, 34.8503604 ], [ -120.6102262, 34.8507443 ], [ -120.6101926, 34.8512107 ], [ -120.6101863, 34.8514453 ], [ -120.6102055, 34.8523875 ], [ -120.610189199999979, 34.8530893 ], [ -120.610205, 34.853492 ], [ -120.6102277, 34.8538278 ], [ -120.6102736, 34.8542062 ], [ -120.610369100000014, 34.8546828 ], [ -120.6103867, 34.8548084 ], [ -120.610376, 34.8552963 ], [ -120.6103789, 34.8554902 ], [ -120.61039190000001, 34.8556522 ], [ -120.6104938, 34.8562223 ], [ -120.6105378, 34.8565152 ], [ -120.6106325, 34.8569419 ], [ -120.6106433, 34.8570447 ], [ -120.6106468, 34.8572836 ], [ -120.6106852, 34.8575534 ], [ -120.6107304, 34.8577818 ], [ -120.6108266, 34.858171 ], [ -120.610875599999986, 34.8584313 ], [ -120.6109063, 34.8585033 ], [ -120.6109787, 34.8585978 ], [ -120.6110663, 34.8586702 ], [ -120.611168499999977, 34.8587244 ], [ -120.61123, 34.8587355 ], [ -120.611297100000016, 34.858786699999989 ], [ -120.6113759, 34.8588006 ], [ -120.6113964, 34.8588319 ], [ -120.6114719, 34.8588781 ], [ -120.61146549999998, 34.8589074 ], [ -120.61147170000001, 34.8589192 ], [ -120.6115479, 34.8589505 ], [ -120.6115464, 34.8589572 ], [ -120.6115151, 34.8589633 ], [ -120.6114605, 34.8589937 ], [ -120.611429799999982, 34.8590402 ], [ -120.6114128, 34.8591178 ], [ -120.61141, 34.8592794 ], [ -120.6114413, 34.8594575 ], [ -120.611567400000013, 34.8599378 ], [ -120.6116281, 34.8603049 ], [ -120.611657, 34.8605582 ], [ -120.6116864, 34.860649 ], [ -120.6117408, 34.8607203 ], [ -120.611783, 34.8607466 ], [ -120.6118518, 34.8607599 ], [ -120.6118729, 34.8607793 ], [ -120.611871600000015, 34.8607977 ], [ -120.611836200000013, 34.8608255 ], [ -120.611845299999985, 34.8608557 ], [ -120.6118198, 34.8609121 ], [ -120.6118189, 34.860977399999989 ], [ -120.611833, 34.8610493 ], [ -120.611906100000013, 34.8612414 ], [ -120.612096400000013, 34.8616383 ], [ -120.612121, 34.8616699 ], [ -120.61215, 34.8616907 ], [ -120.6122264, 34.8617063 ], [ -120.612255, 34.861719 ], [ -120.612280899999988, 34.8617823 ], [ -120.612333100000015, 34.8618321 ], [ -120.612383099999988, 34.8618389 ], [ -120.6124686, 34.8618225 ], [ -120.6124929, 34.861825 ], [ -120.6125135, 34.8618725 ], [ -120.61258549999998, 34.861933 ], [ -120.6126273, 34.8619339 ], [ -120.612746500000014, 34.8618966 ], [ -120.6127886, 34.8618999 ], [ -120.612828400000012, 34.861916 ], [ -120.6128442, 34.8619356 ], [ -120.612828, 34.8620018 ], [ -120.6128427, 34.8620626 ], [ -120.612887199999989, 34.8621382 ], [ -120.6129333, 34.8621851 ], [ -120.6129616, 34.8622329 ], [ -120.6129864, 34.8622531 ], [ -120.613010500000016, 34.8622603 ], [ -120.61305560000001, 34.8622585 ], [ -120.6130686, 34.8622878 ], [ -120.6130858, 34.8623024 ], [ -120.6132153, 34.8623545 ], [ -120.613373099999976, 34.8623977 ], [ -120.613525400000015, 34.8624173 ], [ -120.6135205, 34.8624664 ], [ -120.6134871, 34.8624909 ], [ -120.613456699999986, 34.8624977 ], [ -120.613324299999988, 34.8624916 ], [ -120.6133095, 34.862496 ], [ -120.613305199999985, 34.8625071 ], [ -120.6133198, 34.8625223 ], [ -120.6133429, 34.8625292 ], [ -120.613483699999989, 34.8625383 ], [ -120.6135934, 34.8625536 ], [ -120.6135983, 34.862562 ], [ -120.613589499999989, 34.8625729 ], [ -120.6134776, 34.8626443 ], [ -120.613467700000015, 34.862664 ], [ -120.6134683, 34.8626972 ], [ -120.6134862, 34.8627145 ], [ -120.613567199999977, 34.8627503 ], [ -120.613658399999977, 34.8627545 ], [ -120.6136835, 34.8627658 ], [ -120.613668899999979, 34.8628357 ], [ -120.6136687, 34.8628954 ], [ -120.6135343, 34.8629617 ], [ -120.61351040000001, 34.8629856 ], [ -120.6134848, 34.8630317 ], [ -120.6134616, 34.8631337 ], [ -120.613463099999976, 34.8632785 ], [ -120.6134801, 34.8633528 ], [ -120.6135129, 34.863411 ], [ -120.6136012, 34.8634978 ], [ -120.613666400000014, 34.8635431 ], [ -120.6137349, 34.8636538 ], [ -120.6137855, 34.8637092 ], [ -120.6138401, 34.8637399 ], [ -120.6139483, 34.8637564 ], [ -120.6140259, 34.8637285 ], [ -120.614081899999988, 34.8637754 ], [ -120.6141113, 34.8637852 ], [ -120.614142500000014, 34.8638077 ], [ -120.61420050000001, 34.8637637 ], [ -120.6142961, 34.863771 ], [ -120.6143482, 34.8637442 ], [ -120.614362, 34.8637448 ], [ -120.6143959, 34.8638583 ], [ -120.6143897, 34.8639193 ], [ -120.6144265, 34.863967 ], [ -120.6144584, 34.8640618 ], [ -120.6144765, 34.8640896 ], [ -120.614574499999989, 34.864145 ], [ -120.614617400000014, 34.8641534 ], [ -120.6146678, 34.8641532 ], [ -120.614717899999988, 34.8641368 ], [ -120.614756899999989, 34.864069 ], [ -120.614777199999978, 34.8640635 ], [ -120.614789699999989, 34.8640922 ], [ -120.614784300000011, 34.8641733 ], [ -120.6148142, 34.864216 ], [ -120.6148736, 34.8642605 ], [ -120.615042, 34.8643593 ], [ -120.615097899999981, 34.864407 ], [ -120.6152066, 34.8645238 ], [ -120.6153173, 34.8645797 ], [ -120.6153659, 34.8646597 ], [ -120.615433899999985, 34.8647276 ], [ -120.615777600000015, 34.8649683 ], [ -120.6158466, 34.8650048 ], [ -120.615964699999978, 34.8650384 ], [ -120.615989599999978, 34.8650238 ], [ -120.616018900000014, 34.8649455 ], [ -120.6160367, 34.8649262 ], [ -120.616092499999979, 34.864922799999988 ], [ -120.616131, 34.8649337 ], [ -120.61615639999998, 34.8649508 ], [ -120.616156499999988, 34.8649715 ], [ -120.61611019999998, 34.8650308 ], [ -120.6160974, 34.8650654 ], [ -120.6160753, 34.8650837 ], [ -120.6161131, 34.8651046 ], [ -120.616128, 34.865123 ], [ -120.6161287, 34.865159 ], [ -120.6161155, 34.8651839 ], [ -120.616121, 34.8651968 ], [ -120.6162669, 34.8653393 ], [ -120.61626, 34.8654146 ], [ -120.616316200000014, 34.8654847 ], [ -120.61627510000001, 34.8655763 ], [ -120.616271399999988, 34.8656655 ], [ -120.616239, 34.8657973 ], [ -120.616239199999981, 34.8660597 ], [ -120.616251100000014, 34.866175 ], [ -120.616388299999983, 34.8667827 ], [ -120.6164195, 34.8668586 ], [ -120.6164742, 34.866949 ], [ -120.6165261, 34.8670151 ], [ -120.616582900000012, 34.8670682 ], [ -120.6168903, 34.8672445 ], [ -120.6169401, 34.867266 ], [ -120.6170687, 34.8673447 ], [ -120.617316899999977, 34.8674602 ], [ -120.61742120000001, 34.8674874 ], [ -120.6175304, 34.8675494 ], [ -120.6177037, 34.8676638 ], [ -120.617829199999989, 34.8677062 ], [ -120.6180163, 34.8678204 ], [ -120.618056, 34.8678386 ], [ -120.6180867, 34.8678437 ], [ -120.618115, 34.8678753 ], [ -120.618251699999988, 34.8679784 ], [ -120.618487500000015, 34.8681004 ], [ -120.6186341, 34.8681889 ], [ -120.6188113, 34.868266 ], [ -120.618941199999981, 34.8682776 ], [ -120.6189763, 34.8683273 ], [ -120.6190183, 34.8683641 ], [ -120.6190457, 34.868371 ], [ -120.619071299999987, 34.8683567 ], [ -120.619086, 34.8683573 ], [ -120.61915, 34.8684013 ], [ -120.6192218, 34.8684276 ], [ -120.6192722, 34.868505 ], [ -120.6193113, 34.8685419 ], [ -120.6193382, 34.8685551 ], [ -120.6194509, 34.8685823 ], [ -120.619501899999989, 34.8686187 ], [ -120.6195399, 34.868636 ], [ -120.619681, 34.8687549 ], [ -120.6198472, 34.868832 ], [ -120.6198987, 34.8688897 ], [ -120.6199988, 34.8689412 ], [ -120.6202197, 34.8689861 ], [ -120.620256700000013, 34.8689741 ], [ -120.6202832, 34.8689801 ], [ -120.6203384, 34.869009 ], [ -120.620416400000011, 34.8690845 ], [ -120.620503699999986, 34.869148 ], [ -120.6205992, 34.8691837 ], [ -120.6207412, 34.8692098 ], [ -120.6207652, 34.8691959 ], [ -120.6208008, 34.8691298 ], [ -120.6208335, 34.8691216 ], [ -120.6209558, 34.8691624 ], [ -120.6210342, 34.8692044 ], [ -120.6211395, 34.869292 ], [ -120.621191, 34.8693487 ], [ -120.621215399999983, 34.8693959 ], [ -120.6211936, 34.8694207 ], [ -120.6211938, 34.8694333 ], [ -120.6212447, 34.8694871 ], [ -120.6213178, 34.8695288 ], [ -120.6214576, 34.8695684 ], [ -120.6215336, 34.8695794 ], [ -120.6215775, 34.8696019 ], [ -120.6216399, 34.8697178 ], [ -120.6216615, 34.8698116 ], [ -120.6217004, 34.8698989 ], [ -120.6217346, 34.8699526 ], [ -120.6218223, 34.8700569 ], [ -120.6218995, 34.8701336 ], [ -120.6220336, 34.8702416 ], [ -120.622212499999989, 34.8704579 ], [ -120.6223616, 34.8705586 ], [ -120.622385400000013, 34.8705659 ], [ -120.6224267, 34.8705599 ], [ -120.6224372, 34.8705662 ], [ -120.622456, 34.8706151 ], [ -120.622458600000016, 34.8707795 ], [ -120.6224667, 34.8708197 ], [ -120.6226135, 34.8709962 ], [ -120.6226395, 34.8710152 ], [ -120.622663800000012, 34.871017 ], [ -120.6226881, 34.8710109 ], [ -120.6227096, 34.8709843 ], [ -120.622746, 34.870990299999988 ], [ -120.6227781, 34.871033 ], [ -120.6228029, 34.871148 ], [ -120.622848300000015, 34.8712015 ], [ -120.622903099999974, 34.8712266 ], [ -120.6229647, 34.8712174 ], [ -120.622990699999974, 34.8712246 ], [ -120.6230878, 34.871335 ], [ -120.6231755, 34.8713981 ], [ -120.623202, 34.8714035 ], [ -120.6232574, 34.8713863 ], [ -120.6232739, 34.8713884 ], [ -120.623280499999979, 34.8714053 ], [ -120.6232642, 34.8714458 ], [ -120.6232657, 34.8714941 ], [ -120.6232974, 34.8715169 ], [ -120.623348799999988, 34.8715773 ], [ -120.623392900000013, 34.8715907 ], [ -120.623504299999979, 34.8715948 ], [ -120.623561200000012, 34.8716204 ], [ -120.6236197, 34.8717167 ], [ -120.623674900000012, 34.8718322 ], [ -120.6237537, 34.8719541 ], [ -120.6238436, 34.8720671 ], [ -120.623937399999988, 34.8721582 ], [ -120.6240561, 34.8722403 ], [ -120.624299099999973, 34.872322 ], [ -120.624410099999977, 34.8723786 ], [ -120.6245515, 34.8724264 ], [ -120.624682400000012, 34.8724833 ], [ -120.624725099999978, 34.8725129 ], [ -120.624848899999989, 34.8725656 ], [ -120.6250182, 34.872606399999988 ], [ -120.6250837, 34.8726474 ], [ -120.6251744, 34.872636 ], [ -120.625208199999975, 34.872639 ], [ -120.6252051, 34.8726517 ], [ -120.625156100000012, 34.8726651 ], [ -120.6251373, 34.8726827 ], [ -120.625133, 34.8727149 ], [ -120.625147899999973, 34.8727484 ], [ -120.6251868, 34.8728003 ], [ -120.6252486, 34.8728491 ], [ -120.6253582, 34.8728859 ], [ -120.625394, 34.8729122 ], [ -120.6254028, 34.872944 ], [ -120.6253881, 34.8729899 ], [ -120.6253881, 34.8730179 ], [ -120.625414, 34.8731026 ], [ -120.6254659, 34.8731477 ], [ -120.6255796, 34.8731901 ], [ -120.6255887, 34.8732062 ], [ -120.625572299999988, 34.8732412 ], [ -120.625576400000014, 34.8732596 ], [ -120.6256537, 34.8732823 ], [ -120.6256708, 34.8732982 ], [ -120.6256572, 34.873329 ], [ -120.62558460000001, 34.8733909 ], [ -120.6255813, 34.8734111 ], [ -120.6255914, 34.8734386 ], [ -120.625652699999989, 34.8735084 ], [ -120.6257849, 34.8735977 ], [ -120.6259286, 34.8736679 ], [ -120.626010900000011, 34.8736889 ], [ -120.626057100000011, 34.8737099 ], [ -120.6261225, 34.873715499999989 ], [ -120.6261941, 34.8737095 ], [ -120.6262622, 34.8736936 ], [ -120.626292399999983, 34.8736979 ], [ -120.6263678, 34.8737238 ], [ -120.626552100000012, 34.8738356 ], [ -120.6266754, 34.8738678 ], [ -120.626778699999988, 34.8738639 ], [ -120.6268866, 34.8738732 ], [ -120.627002800000014, 34.8739226 ], [ -120.62709, 34.8739473 ], [ -120.6271743, 34.8739367 ], [ -120.6272973, 34.8739387 ], [ -120.627337900000015, 34.8739294 ], [ -120.6273699, 34.8739121 ], [ -120.62738779999998, 34.8738928 ], [ -120.627393, 34.8738711 ], [ -120.627384400000011, 34.8738051 ], [ -120.627443500000012, 34.87375 ], [ -120.627479899999983, 34.8737381 ], [ -120.6276665, 34.8737114 ], [ -120.6277272, 34.8737151 ], [ -120.627830699999976, 34.8737398 ], [ -120.6279044, 34.8737448 ], [ -120.6280647, 34.873731 ], [ -120.6281126, 34.8737466 ], [ -120.628169, 34.8737357 ], [ -120.628381, 34.8737597 ], [ -120.6285247, 34.8737455 ], [ -120.628704200000016, 34.8737605 ], [ -120.6287971, 34.8737807 ], [ -120.6289423, 34.8738422 ], [ -120.629054599999989, 34.8739186 ], [ -120.6291797, 34.8740309 ], [ -120.6293321, 34.8740955 ], [ -120.629475899999989, 34.8741757 ], [ -120.629579400000011, 34.8742653 ], [ -120.6296549, 34.8742962 ], [ -120.629796, 34.8743325 ], [ -120.6299075, 34.8743923 ], [ -120.6299352, 34.8744312 ], [ -120.6299312, 34.8744504 ], [ -120.6298981, 34.874484 ], [ -120.629903, 34.8744956 ], [ -120.6299407, 34.8745247 ], [ -120.62993250000001, 34.8745963 ], [ -120.630037699999988, 34.8746711 ], [ -120.630069299999988, 34.8746804 ], [ -120.630093099999982, 34.8746745 ], [ -120.6301559, 34.8746101 ], [ -120.6301977, 34.8745854 ], [ -120.6302435, 34.8745779 ], [ -120.630284, 34.8745851 ], [ -120.6303579, 34.8746235 ], [ -120.6304373, 34.8746985 ], [ -120.630586900000011, 34.8747756 ], [ -120.6306572, 34.8748398 ], [ -120.630768199999977, 34.874864 ], [ -120.630858100000012, 34.8749154 ], [ -120.6309068, 34.87496 ], [ -120.6309423, 34.8750215 ], [ -120.6309972, 34.875206899999988 ], [ -120.6310147, 34.8753292 ], [ -120.631028500000014, 34.875371 ], [ -120.631055800000013, 34.8753997 ], [ -120.6311276, 34.8754174 ], [ -120.6311748, 34.8755019 ], [ -120.6311759, 34.875529 ], [ -120.6311493, 34.8756291 ], [ -120.6311615, 34.8756623 ], [ -120.631189299999988, 34.8756764 ], [ -120.631246300000015, 34.8756854 ], [ -120.6313592, 34.8756682 ], [ -120.631342600000011, 34.8756951 ], [ -120.631367399999974, 34.8757119 ], [ -120.6315351, 34.8757653 ], [ -120.631691600000011, 34.8758423 ], [ -120.6317976, 34.8758698 ], [ -120.631881799999988, 34.8759189 ], [ -120.631962899999976, 34.8759379 ], [ -120.6320945, 34.8760505 ], [ -120.6321633, 34.876156 ], [ -120.632213, 34.8762092 ], [ -120.6323176, 34.8762928 ], [ -120.6324013, 34.8763469 ], [ -120.6324796, 34.8763786 ], [ -120.6325448, 34.8763924 ], [ -120.632602100000014, 34.8763928 ], [ -120.632676599999982, 34.8764167 ], [ -120.6327063, 34.8764127 ], [ -120.6327348, 34.8763808 ], [ -120.6327587, 34.8763761 ], [ -120.6328369, 34.8764224 ], [ -120.632892, 34.8764346 ], [ -120.6329267, 34.876424299999989 ], [ -120.6329696, 34.876373 ], [ -120.632986, 34.8763715 ], [ -120.6330068, 34.8763837 ], [ -120.6330223, 34.8763795 ], [ -120.63306630000001, 34.8763247 ], [ -120.6330987, 34.8763182 ], [ -120.6331616, 34.8763231 ], [ -120.6332548, 34.8762703 ], [ -120.633297899999988, 34.8762549 ], [ -120.6333443, 34.8762565 ], [ -120.633446299999989, 34.8763085 ], [ -120.6335547, 34.8763201 ], [ -120.6335755, 34.8763156 ], [ -120.6335817, 34.8762803 ], [ -120.6336028, 34.8762619 ], [ -120.6336468, 34.8762577 ], [ -120.6336821, 34.8762737 ], [ -120.6337368, 34.8763468 ], [ -120.6337526, 34.8764033 ], [ -120.633746699999989, 34.8764185 ], [ -120.6337345, 34.8764242 ], [ -120.6336657, 34.8764088 ], [ -120.633628699999988, 34.8764511 ], [ -120.6336302, 34.8765073 ], [ -120.63365730000001, 34.8765588 ], [ -120.633676200000011, 34.8766539 ], [ -120.6336696, 34.8766692 ], [ -120.6336212, 34.8766936 ], [ -120.6336042, 34.8767134 ], [ -120.6335984, 34.8767481 ], [ -120.633607399999988, 34.8767872 ], [ -120.6336466, 34.8768587 ], [ -120.633717399999981, 34.8769443 ], [ -120.633852300000015, 34.8770354 ], [ -120.633868599999985, 34.8770639 ], [ -120.6339343, 34.8771196 ], [ -120.634046399999988, 34.8772436 ], [ -120.6341004, 34.8772781 ], [ -120.63416, 34.8773032 ], [ -120.6342552, 34.8773278 ], [ -120.634328, 34.8773319 ], [ -120.6343701, 34.8773192 ], [ -120.6344084, 34.8772955 ], [ -120.634535599999978, 34.877162 ], [ -120.6345665, 34.8771547 ], [ -120.6346127, 34.8771689 ], [ -120.63469090000001, 34.8771462 ], [ -120.6347039, 34.8771354 ], [ -120.634715299999982, 34.8770947 ], [ -120.6347302, 34.8770827 ], [ -120.634754299999983, 34.8770816 ], [ -120.6347741, 34.8770915 ], [ -120.6348281, 34.8771626 ], [ -120.6348346, 34.8771863 ], [ -120.6348212, 34.8772107 ], [ -120.634707100000014, 34.877275 ], [ -120.6346878, 34.8772948 ], [ -120.6346857, 34.8773123 ], [ -120.634715500000013, 34.8773942 ], [ -120.6346997, 34.8774374 ], [ -120.6346723, 34.8774716 ], [ -120.634643299999979, 34.8774866 ], [ -120.6346058, 34.877487 ], [ -120.6344755, 34.8774392 ], [ -120.634517800000012, 34.8774989 ], [ -120.6345277, 34.8775631 ], [ -120.6345444, 34.8776017 ], [ -120.6345753, 34.8776443 ], [ -120.634615900000014, 34.8776825 ], [ -120.6346734, 34.8777164 ], [ -120.6347405, 34.877742399999988 ], [ -120.6348405, 34.8778085 ], [ -120.634895199999988, 34.8778296 ], [ -120.6349693, 34.8778454 ], [ -120.6351259, 34.877856 ], [ -120.6352381, 34.8778348 ], [ -120.635315299999988, 34.8778004 ], [ -120.6354202, 34.8778014 ], [ -120.635489799999988, 34.8777946 ], [ -120.6355576, 34.877809 ], [ -120.6356287, 34.8778491 ], [ -120.6356575, 34.8778771 ], [ -120.635701, 34.8779516 ], [ -120.6357655, 34.8780143 ], [ -120.6358014, 34.8780729 ], [ -120.6358133, 34.8781502 ], [ -120.6357982, 34.8782605 ], [ -120.635801099999981, 34.8783446 ], [ -120.635821100000015, 34.8783807 ], [ -120.63592580000001, 34.8784647 ], [ -120.6359322, 34.8784924 ], [ -120.635917299999988, 34.8785461 ], [ -120.6359319, 34.8785761 ], [ -120.635962, 34.878583 ], [ -120.6360682, 34.8785643 ], [ -120.6361025, 34.8786338 ], [ -120.6361804, 34.8787214 ], [ -120.6362624, 34.8787826 ], [ -120.6363229, 34.8788044 ], [ -120.6363737, 34.8788033 ], [ -120.6364304, 34.8787838 ], [ -120.6364562, 34.8787633 ], [ -120.6365362, 34.8786681 ], [ -120.6365866, 34.8786376 ], [ -120.6366219, 34.8786359 ], [ -120.636656, 34.8786577 ], [ -120.636664599999975, 34.8786757 ], [ -120.6366569, 34.8786965 ], [ -120.636613199999985, 34.8787312 ], [ -120.636590900000016, 34.8787846 ], [ -120.6364885, 34.8789024 ], [ -120.636475100000013, 34.8789366 ], [ -120.636493499999986, 34.8789888 ], [ -120.6365406, 34.8790568 ], [ -120.6366025, 34.8791216 ], [ -120.6366671, 34.8791671 ], [ -120.636711699999978, 34.8791833 ], [ -120.6367694, 34.8791897 ], [ -120.636954, 34.8791977 ], [ -120.6370176, 34.8791929 ], [ -120.63706950000001, 34.8791777 ], [ -120.6370952, 34.8791564 ], [ -120.6371325, 34.8790776 ], [ -120.637135500000014, 34.879024799999989 ], [ -120.6371627, 34.8790035 ], [ -120.6372001, 34.878995599999989 ], [ -120.6372531, 34.8790017 ], [ -120.637282500000012, 34.8790165 ], [ -120.637320300000013, 34.8790496 ], [ -120.6373616, 34.8790979 ], [ -120.6373648, 34.8791308 ], [ -120.6373463, 34.8791679 ], [ -120.637269, 34.87926 ], [ -120.63726960000001, 34.8792771 ], [ -120.6372956, 34.8793267 ], [ -120.6372936, 34.8793964 ], [ -120.6372745, 34.8794281 ], [ -120.637217400000011, 34.8794628 ], [ -120.6372154, 34.8795036 ], [ -120.6372508, 34.8795901 ], [ -120.6373111, 34.8796878 ], [ -120.6373915, 34.8797815 ], [ -120.6374954, 34.8798833 ], [ -120.6375318, 34.8798899 ], [ -120.637711, 34.8798556 ], [ -120.637789, 34.8798534 ], [ -120.637928899999977, 34.8798949 ], [ -120.637956199999977, 34.8799122 ], [ -120.637994, 34.8799538 ], [ -120.6380184, 34.8799632 ], [ -120.6380381, 34.8799547 ], [ -120.638098199999988, 34.8798959 ], [ -120.638139599999988, 34.8798758 ], [ -120.638268400000015, 34.8798881 ], [ -120.6383703, 34.8798714 ], [ -120.638452199999989, 34.8798804 ], [ -120.638495800000015, 34.8798985 ], [ -120.6385203, 34.879924 ], [ -120.6385419, 34.8800129 ], [ -120.6385851, 34.8800781 ], [ -120.638622499999983, 34.8801557 ], [ -120.638641600000014, 34.8801579 ], [ -120.638735200000013, 34.8801352 ], [ -120.638807199999988, 34.8801395 ], [ -120.6388458, 34.8801532 ], [ -120.638906, 34.8801901 ], [ -120.639067900000015, 34.8802464 ], [ -120.6391977, 34.8803305 ], [ -120.639246500000013, 34.8803412 ], [ -120.639296399999978, 34.8803287 ], [ -120.639321200000012, 34.8803365 ], [ -120.6393154, 34.8803566 ], [ -120.6392175, 34.8804406 ], [ -120.639157700000013, 34.880464 ], [ -120.6391274, 34.8804934 ], [ -120.639123199999986, 34.8805363 ], [ -120.639152, 34.8806597 ], [ -120.6392305, 34.880844 ], [ -120.639314899999988, 34.8810008 ], [ -120.6394154, 34.8811276 ], [ -120.6394616, 34.8811614 ], [ -120.6395353, 34.8811888 ], [ -120.6395413, 34.8811979 ], [ -120.639537, 34.8812235 ], [ -120.639609799999988, 34.8812724 ], [ -120.6396151, 34.8812823 ], [ -120.6396072, 34.8812917 ], [ -120.639553299999989, 34.8813044 ], [ -120.6396063, 34.8813429 ], [ -120.639617199999989, 34.881367 ], [ -120.6396091, 34.8814035 ], [ -120.639587, 34.8814395 ], [ -120.639560399999979, 34.8814611 ], [ -120.639523799999978, 34.881475 ], [ -120.639408, 34.8814796 ], [ -120.6392591, 34.8814427 ], [ -120.639239699999976, 34.8814419 ], [ -120.6392322, 34.8814491 ], [ -120.6392461, 34.8814644 ], [ -120.6392862, 34.881481 ], [ -120.6394978, 34.8815299 ], [ -120.639537899999979, 34.8815503 ], [ -120.6395515, 34.8815714 ], [ -120.639534, 34.881611299999989 ], [ -120.6394414, 34.881659899999988 ], [ -120.6394192, 34.8816987 ], [ -120.639337700000013, 34.8822288 ], [ -120.6393053, 34.8825389 ], [ -120.639290399999979, 34.8827849 ], [ -120.6392993, 34.8831941 ], [ -120.6392308, 34.8837663 ], [ -120.6392387, 34.8840217 ], [ -120.639259, 34.8842378 ], [ -120.639253700000012, 34.8844196 ], [ -120.639230099999978, 34.8846873 ], [ -120.6392258, 34.8849508 ], [ -120.6392424, 34.8851845 ], [ -120.6392286, 34.8855807 ], [ -120.639235699999986, 34.8860639 ], [ -120.639213599999977, 34.8866309 ], [ -120.639192, 34.8867957 ], [ -120.6391776, 34.8870992 ], [ -120.639202, 34.8875675 ], [ -120.6391858, 34.8877899 ], [ -120.6391671, 34.8878979 ], [ -120.6391592, 34.8880902 ], [ -120.6391864, 34.8883279 ], [ -120.6393321, 34.8888823 ], [ -120.63935429999998, 34.8890495 ], [ -120.639364699999987, 34.8892739 ], [ -120.6393862, 34.889465 ], [ -120.639436199999977, 34.8896826 ], [ -120.6394741, 34.8897571 ], [ -120.639544699999988, 34.8898282 ], [ -120.6395998, 34.8898683 ], [ -120.639754700000012, 34.8899544 ], [ -120.639853799999983, 34.8899984 ], [ -120.6399445, 34.8900267 ], [ -120.6402521, 34.8900925 ], [ -120.6404287, 34.8901748 ], [ -120.6405356, 34.8902383 ], [ -120.64059420000001, 34.8902553 ], [ -120.6407056, 34.8902739 ], [ -120.640765800000011, 34.8902933 ], [ -120.640840299999979, 34.8903261 ], [ -120.6410282, 34.8904282 ], [ -120.6410978, 34.8904557 ], [ -120.6413717, 34.8906201 ], [ -120.6416292, 34.8908002 ], [ -120.641748299999989, 34.8909217 ], [ -120.6418346, 34.8909827 ], [ -120.641917299999989, 34.891083 ], [ -120.641973299999989, 34.8911344 ], [ -120.642038, 34.8912297 ], [ -120.642169, 34.891386 ], [ -120.642249299999989, 34.8915267 ], [ -120.6422902, 34.8916237 ], [ -120.6423288, 34.8916813 ], [ -120.6423601, 34.8917482 ], [ -120.642392500000014, 34.8918326 ], [ -120.6424115, 34.8919352 ], [ -120.642508, 34.8922554 ], [ -120.642534199999986, 34.8923147 ], [ -120.6425887, 34.8923963 ], [ -120.6426365, 34.8925015 ], [ -120.642701299999985, 34.8925832 ], [ -120.6427173, 34.8926332 ], [ -120.6427255, 34.8927102 ], [ -120.6427444, 34.8927521 ], [ -120.6427341, 34.8927609 ], [ -120.6426863, 34.8927519 ], [ -120.6426114, 34.8927747 ], [ -120.6426104, 34.8928134 ], [ -120.6426394, 34.8928927 ], [ -120.642629199999988, 34.8929459 ], [ -120.6426047, 34.8929602 ], [ -120.642559600000013, 34.8929681 ], [ -120.642537, 34.8929799 ], [ -120.6424967, 34.8930352 ], [ -120.6424275, 34.8931078 ], [ -120.6423301, 34.8931776 ], [ -120.642274300000011, 34.8931889 ], [ -120.6422487, 34.8932018 ], [ -120.642135400000015, 34.8933212 ], [ -120.642110599999981, 34.8933638 ], [ -120.6420938, 34.8934202 ], [ -120.6420874, 34.8935096 ], [ -120.6420934, 34.8935891 ], [ -120.6421452, 34.8937553 ], [ -120.6423024, 34.8941163 ], [ -120.6424676, 34.8945721 ], [ -120.642647099999976, 34.8950264 ], [ -120.6427621, 34.8952886 ], [ -120.6429658, 34.8957072 ], [ -120.6430636, 34.895879 ], [ -120.6431851, 34.8961279 ], [ -120.643414400000012, 34.896549899999989 ], [ -120.6435415, 34.8967447 ], [ -120.643715199999974, 34.897065 ], [ -120.6438504, 34.8972516 ], [ -120.644002700000016, 34.8975255 ], [ -120.6441443, 34.8976876 ], [ -120.6442588, 34.8978998 ], [ -120.644394600000012, 34.898061 ], [ -120.6445769, 34.8983547 ], [ -120.644731899999982, 34.8985425 ], [ -120.644933599999973, 34.898839 ], [ -120.645186700000011, 34.89916 ], [ -120.6455114, 34.8995928 ], [ -120.6461037, 34.9002862 ], [ -120.6462567, 34.9004498 ], [ -120.6464087, 34.9005958 ], [ -120.6466626, 34.9007986 ], [ -120.6467371, 34.9008473 ], [ -120.646783899999988, 34.9008636 ], [ -120.6468205, 34.9008644 ], [ -120.646847, 34.9008499 ], [ -120.64688360000001, 34.9008125 ], [ -120.6469085, 34.900807 ], [ -120.646936400000016, 34.9008117 ], [ -120.6469644, 34.9008326 ], [ -120.647000399999982, 34.9008981 ], [ -120.6471436, 34.9009876 ], [ -120.6472044, 34.9010031 ], [ -120.647234900000015, 34.9010389 ], [ -120.6473073, 34.9010517 ], [ -120.647363899999988, 34.9010838 ], [ -120.647700300000011, 34.901231 ], [ -120.647928, 34.901297 ], [ -120.6479696, 34.9012975 ], [ -120.647994, 34.9012858 ], [ -120.6481162, 34.9011592 ], [ -120.6482465, 34.90106 ], [ -120.648303, 34.9010381 ], [ -120.648352500000016, 34.9010454 ], [ -120.648392699999988, 34.9010712 ], [ -120.648413100000013, 34.901104 ], [ -120.648406799999989, 34.9011305 ], [ -120.648366699999983, 34.9011712 ], [ -120.6483533, 34.9012005 ], [ -120.6483632, 34.9012476 ], [ -120.6483947, 34.9012877 ], [ -120.6484645, 34.9013339 ], [ -120.6488053, 34.9015064 ], [ -120.6489537, 34.9016137 ], [ -120.6490602, 34.901704699999989 ], [ -120.6490945, 34.9017092 ], [ -120.649277399999988, 34.9016819 ], [ -120.649321300000011, 34.9016825 ], [ -120.6493538, 34.9016969 ], [ -120.6494165, 34.9017533 ], [ -120.649471299999988, 34.901782 ], [ -120.6495904, 34.9018193 ], [ -120.6496731, 34.9018538 ], [ -120.649736599999983, 34.9018644 ], [ -120.649777199999974, 34.9018587 ], [ -120.649824099999989, 34.901833499999988 ], [ -120.64985750000001, 34.9017977 ], [ -120.6498924, 34.9017368 ], [ -120.6499159, 34.9017241 ], [ -120.649937599999987, 34.9017359 ], [ -120.649971099999988, 34.9017898 ], [ -120.6499935, 34.9018109 ], [ -120.6500703, 34.9018408 ], [ -120.650157299999975, 34.9018542 ], [ -120.650227199999975, 34.9018484 ], [ -120.6502713, 34.9018282 ], [ -120.6503094, 34.9017819 ], [ -120.650325200000012, 34.9017747 ], [ -120.650335700000014, 34.9017803 ], [ -120.6503495, 34.901822 ], [ -120.6503724, 34.9018289 ], [ -120.650392599999989, 34.9018236 ], [ -120.650417600000011, 34.9018064 ], [ -120.650441099999981, 34.9017729 ], [ -120.650459900000016, 34.9017268 ], [ -120.6504835, 34.9016191 ], [ -120.6505113, 34.9015833 ], [ -120.6505294, 34.9015926 ], [ -120.6505627, 34.9016611 ], [ -120.6505854, 34.9016766 ], [ -120.650622200000015, 34.901685 ], [ -120.650698, 34.9016864 ], [ -120.6508162, 34.9016765 ], [ -120.6510166, 34.901651 ], [ -120.651092499999976, 34.9016338 ], [ -120.6511498, 34.9016015 ], [ -120.6511674, 34.9015681 ], [ -120.651113799999976, 34.901485 ], [ -120.6511114, 34.9014337 ], [ -120.651147, 34.9013929 ], [ -120.6512054, 34.9013648 ], [ -120.651324500000015, 34.9013708 ], [ -120.6514624, 34.9013613 ], [ -120.6515, 34.901371499999989 ], [ -120.6515507, 34.9013997 ], [ -120.6516292, 34.90143 ], [ -120.6516551, 34.9014132 ], [ -120.651712899999978, 34.901328 ], [ -120.6517475, 34.9013031 ], [ -120.651778799999988, 34.901309 ], [ -120.6518376, 34.9013606 ], [ -120.651865199999989, 34.9013657 ], [ -120.6518906, 34.9013611 ], [ -120.6519313, 34.9013361 ], [ -120.651957599999989, 34.9012988 ], [ -120.6519772, 34.901202499999989 ], [ -120.651985, 34.901106 ], [ -120.6520033, 34.9010839 ], [ -120.652019, 34.9010844 ], [ -120.6520307, 34.9010934 ], [ -120.6521038, 34.9012294 ], [ -120.6521325, 34.9012525 ], [ -120.6521758, 34.9012576 ], [ -120.652229, 34.9012521 ], [ -120.6523718, 34.9012115 ], [ -120.652443, 34.9011707 ], [ -120.652464399999985, 34.9011396 ], [ -120.652424199999984, 34.9009516 ], [ -120.652348499999988, 34.9008297 ], [ -120.6523537, 34.900808 ], [ -120.6523742, 34.9007875 ], [ -120.6524, 34.9007755 ], [ -120.652436099999989, 34.90077 ], [ -120.652631899999975, 34.9007829 ], [ -120.6526995, 34.9008086 ], [ -120.6527161, 34.9008327 ], [ -120.6527196, 34.9008678 ], [ -120.6526865, 34.9010323 ], [ -120.6527213, 34.9011295 ], [ -120.6527421, 34.9011502 ], [ -120.652786699999979, 34.9011684 ], [ -120.6529305, 34.9011918 ], [ -120.653037799999979, 34.9011927 ], [ -120.653101, 34.9011731 ], [ -120.6531295, 34.9011446 ], [ -120.6531653, 34.9010601 ], [ -120.653313399999988, 34.900938 ], [ -120.6533378, 34.9008971 ], [ -120.653448, 34.9008606 ], [ -120.653522, 34.9008645 ], [ -120.6535451, 34.9008567 ], [ -120.6535603, 34.9008269 ], [ -120.653553799999983, 34.900765199999988 ], [ -120.6535684, 34.9007512 ], [ -120.6535979, 34.9007423 ], [ -120.6536247, 34.9007447 ], [ -120.653638199999975, 34.9007567 ], [ -120.6536463, 34.9008509 ], [ -120.6536908, 34.901 ], [ -120.653716100000011, 34.9010241 ], [ -120.6537685, 34.9010398 ], [ -120.653845199999978, 34.9010442 ], [ -120.6538932, 34.9010301 ], [ -120.653919499999986, 34.9009875 ], [ -120.653937199999987, 34.9009201 ], [ -120.6539581, 34.900884 ], [ -120.65401, 34.9008429 ], [ -120.6540515, 34.9008333 ], [ -120.6540835, 34.9008552 ], [ -120.6541219, 34.9009484 ], [ -120.654147, 34.9009738 ], [ -120.6541703, 34.9009693 ], [ -120.654197599999989, 34.9009121 ], [ -120.654211, 34.900903 ], [ -120.654232400000012, 34.9009155 ], [ -120.6542847, 34.9009936 ], [ -120.6543133, 34.9009789 ], [ -120.6543589, 34.900917199999988 ], [ -120.6544321, 34.9009876 ], [ -120.6545133, 34.9010027 ], [ -120.6545656, 34.9010229 ], [ -120.6545851, 34.9010175 ], [ -120.654601499999984, 34.9009877 ], [ -120.6546152, 34.9009785 ], [ -120.6546934, 34.9009814 ], [ -120.6547335, 34.9010063 ], [ -120.654771899999986, 34.9010531 ], [ -120.6548302, 34.901099 ], [ -120.6548941, 34.9011769 ], [ -120.6549252, 34.9011966 ], [ -120.654953, 34.9012029 ], [ -120.654974399999986, 34.901195 ], [ -120.6549865, 34.9011744 ], [ -120.6550108, 34.9010267 ], [ -120.6550313, 34.9010041 ], [ -120.6550528, 34.9009995 ], [ -120.6550772, 34.901018 ], [ -120.655095300000013, 34.9010767 ], [ -120.6551079, 34.9012482 ], [ -120.655135, 34.9012776 ], [ -120.655192500000013, 34.9013034 ], [ -120.6552805, 34.9013259 ], [ -120.6554062, 34.9013393 ], [ -120.6557185, 34.9014341 ], [ -120.655789200000015, 34.9014448 ], [ -120.6558281, 34.9014394 ], [ -120.6558657, 34.9014245 ], [ -120.6559478, 34.9013623 ], [ -120.6560151, 34.9013248 ], [ -120.6560436, 34.90132 ], [ -120.6560753, 34.9013336 ], [ -120.6561089, 34.9012834 ], [ -120.656136100000012, 34.9012739 ], [ -120.656182399999977, 34.9013025 ], [ -120.6562235, 34.9013647 ], [ -120.656324500000011, 34.901474 ], [ -120.656359, 34.9015487 ], [ -120.6564035, 34.9015799 ], [ -120.6564495, 34.901589799999989 ], [ -120.6564908, 34.9015842 ], [ -120.656588, 34.9014922 ], [ -120.656614300000015, 34.9014796 ], [ -120.656637199999977, 34.9014797 ], [ -120.6566508, 34.9014985 ], [ -120.6566647, 34.901567899999989 ], [ -120.6566838, 34.9016094 ], [ -120.6567639, 34.9017117 ], [ -120.6567984, 34.901737 ], [ -120.6568758, 34.9017563 ], [ -120.657524, 34.9018527 ], [ -120.657617300000013, 34.9018472 ], [ -120.6577054, 34.9018238 ], [ -120.65777, 34.9017797 ], [ -120.657820699999988, 34.9017975 ], [ -120.657870899999978, 34.9017904 ], [ -120.6580048, 34.9018077 ], [ -120.658060299999988, 34.9017992 ], [ -120.658107, 34.9017673 ], [ -120.658144100000015, 34.9016828 ], [ -120.658165400000016, 34.9016556 ], [ -120.658209299999982, 34.9016321 ], [ -120.658264100000011, 34.9016194 ], [ -120.658299299999982, 34.9016341 ], [ -120.6583494, 34.901720399999988 ], [ -120.658387100000013, 34.9017466 ], [ -120.6586207, 34.901791 ], [ -120.6588148, 34.9018403 ], [ -120.658879399999989, 34.9018451 ], [ -120.6589155, 34.9018312 ], [ -120.6590139, 34.9017552 ], [ -120.659073699999979, 34.9016832 ], [ -120.6591099, 34.9016592 ], [ -120.659331, 34.9016639 ], [ -120.659461, 34.9016509 ], [ -120.6595973, 34.9015981 ], [ -120.6597017, 34.9015415 ], [ -120.65983150000001, 34.9014967 ], [ -120.659995, 34.9014054 ], [ -120.6601388, 34.9013847 ], [ -120.660211600000011, 34.9014008 ], [ -120.6602136, 34.9014011 ], [ -120.6604556, 34.9014041 ], [ -120.6606634, 34.9013347 ], [ -120.660792799999982, 34.9013527 ], [ -120.6608858, 34.9013521 ], [ -120.661016299999986, 34.9013791 ], [ -120.661185899999978, 34.9013662 ], [ -120.661316099999979, 34.9013384 ], [ -120.661330299999989, 34.9013506 ], [ -120.6613089, 34.9014375 ], [ -120.6613201, 34.9014444 ], [ -120.6613549, 34.9014302 ], [ -120.661424599999989, 34.901369 ], [ -120.661474, 34.9013447 ], [ -120.6615015, 34.9013448 ], [ -120.6615808, 34.901363 ], [ -120.6617878, 34.9013506 ], [ -120.661948400000014, 34.901314 ], [ -120.6620371, 34.9012703 ], [ -120.662103699999975, 34.9012572 ], [ -120.6622209, 34.9012469 ], [ -120.6622843, 34.9012558 ], [ -120.6623382, 34.9013025 ], [ -120.662419899999975, 34.9012986 ], [ -120.6624852, 34.9013339 ], [ -120.662504399999989, 34.9013352 ], [ -120.6626053, 34.9012908 ], [ -120.6626702, 34.9012375 ], [ -120.6627124, 34.9012247 ], [ -120.662755499999989, 34.9012235 ], [ -120.6628962, 34.9012518 ], [ -120.663001200000011, 34.9012583 ], [ -120.663091099999988, 34.9012529 ], [ -120.6631732, 34.9012293 ], [ -120.6632054, 34.9012048 ], [ -120.6632567, 34.901136 ], [ -120.663354900000016, 34.9010903 ], [ -120.6633625, 34.9010362 ], [ -120.6633911, 34.9009978 ], [ -120.663348, 34.9009673 ], [ -120.6633433, 34.9009564 ], [ -120.6633878, 34.9009245 ], [ -120.663417399999986, 34.9009266 ], [ -120.6634528, 34.9009466 ], [ -120.6634781, 34.9009735 ], [ -120.663493, 34.9010068 ], [ -120.663501700000012, 34.9010092 ], [ -120.6636004, 34.9009808 ], [ -120.663782, 34.9009733 ], [ -120.6638503, 34.900929 ], [ -120.6639155, 34.9009185 ], [ -120.6639692, 34.9009241 ], [ -120.6642884, 34.9009987 ], [ -120.66430960000001, 34.9009893 ], [ -120.6643192, 34.9009717 ], [ -120.6643062, 34.9008991 ], [ -120.664311399999988, 34.9008728 ], [ -120.6643288, 34.9008613 ], [ -120.664369900000011, 34.9008535 ], [ -120.6644327, 34.9008665 ], [ -120.6645134, 34.9008944 ], [ -120.6646716, 34.9009914 ], [ -120.664780400000012, 34.9010371 ], [ -120.66479, 34.9010329 ], [ -120.664762700000011, 34.9009918 ], [ -120.6647608, 34.9009598 ], [ -120.6647795, 34.9009396 ], [ -120.6648236, 34.9009266 ], [ -120.664902, 34.9009275 ], [ -120.6649947, 34.9009472 ], [ -120.6650856, 34.900955 ], [ -120.665217, 34.9009782 ], [ -120.665277800000013, 34.9009981 ], [ -120.6653033, 34.9010154 ], [ -120.6653094, 34.9010386 ], [ -120.66528959999998, 34.9010901 ], [ -120.665289199999989, 34.9011185 ], [ -120.6653093, 34.9011454 ], [ -120.6653445, 34.9011559 ], [ -120.6653805, 34.9011496 ], [ -120.6654476, 34.9011108 ], [ -120.665476, 34.9010862 ], [ -120.6655269, 34.9010173 ], [ -120.665663699999982, 34.9009224 ], [ -120.665708699999982, 34.9009276 ], [ -120.6658206, 34.9009907 ], [ -120.6658742, 34.9010071 ], [ -120.665910099999977, 34.9010032 ], [ -120.6659758, 34.9009666 ], [ -120.6660104, 34.9009572 ], [ -120.666229199999989, 34.9009704 ], [ -120.666318499999988, 34.9010018 ], [ -120.6664058, 34.9010636 ], [ -120.6664494, 34.9011246 ], [ -120.6664568, 34.9012089 ], [ -120.6664706, 34.9012442 ], [ -120.666507599999989, 34.9012883 ], [ -120.6665567, 34.901317 ], [ -120.6666425, 34.9013451 ], [ -120.6667679, 34.901354499999989 ], [ -120.6668497, 34.9013261 ], [ -120.6669585, 34.9013176 ], [ -120.6670253, 34.9012806 ], [ -120.6670334, 34.901291 ], [ -120.6670211, 34.90133 ], [ -120.667038, 34.901352 ], [ -120.667080699999985, 34.9013691 ], [ -120.6671643, 34.9013803 ], [ -120.667188399999986, 34.9013958 ], [ -120.667195, 34.9014187 ], [ -120.6671878, 34.9014807 ], [ -120.667208699999989, 34.9015098 ], [ -120.66725, 34.9015138 ], [ -120.6673004, 34.9014957 ], [ -120.6673526, 34.9014595 ], [ -120.6674117, 34.9014036 ], [ -120.6674271, 34.9013984 ], [ -120.667447099999976, 34.9014112 ], [ -120.6675454, 34.9015337 ], [ -120.6675518, 34.901542 ], [ -120.6676261, 34.9016341 ], [ -120.667666, 34.9017424 ], [ -120.667683499999981, 34.9017594 ], [ -120.6677166, 34.9017693 ], [ -120.6677573, 34.9017596 ], [ -120.667779599999989, 34.9017348 ], [ -120.6678463, 34.9014765 ], [ -120.6678796, 34.9014469 ], [ -120.6679138, 34.9014411 ], [ -120.668058, 34.9014808 ], [ -120.668217, 34.9014712 ], [ -120.668244799999982, 34.9014493 ], [ -120.6682595, 34.9014472 ], [ -120.6683352, 34.9014849 ], [ -120.6685158, 34.9015123 ], [ -120.668636, 34.9015508 ], [ -120.6687354, 34.9015735 ], [ -120.668919599999981, 34.9015838 ], [ -120.669067899999988, 34.9016124 ], [ -120.6691786, 34.9016159 ], [ -120.6692887, 34.9016338 ], [ -120.669344900000013, 34.9016308 ], [ -120.669433499999982, 34.9016076 ], [ -120.6695705, 34.9016177 ], [ -120.6696567, 34.9016476 ], [ -120.6697693, 34.9017052 ], [ -120.669929, 34.9018005 ], [ -120.6699915, 34.9018217 ], [ -120.670051599999979, 34.90182 ], [ -120.670204500000011, 34.9017868 ], [ -120.670239599999988, 34.9017873 ], [ -120.6703135, 34.9018168 ], [ -120.6704107, 34.9018778 ], [ -120.670654399999975, 34.9019231 ], [ -120.6707072, 34.9019474 ], [ -120.670717899999985, 34.9019842 ], [ -120.6706802, 34.9020625 ], [ -120.670676, 34.9021392 ], [ -120.6706538, 34.9021703 ], [ -120.670680499999975, 34.9021993 ], [ -120.670756, 34.9022233 ], [ -120.6708185, 34.9022285 ], [ -120.6708523, 34.9022131 ], [ -120.6708624, 34.9021622 ], [ -120.6708811, 34.9021443 ], [ -120.670958599999977, 34.9021434 ], [ -120.671084799999988, 34.902163 ], [ -120.6711128, 34.9021933 ], [ -120.6711146, 34.9022815 ], [ -120.671126899999976, 34.9023276 ], [ -120.671206099999978, 34.9024237 ], [ -120.6712524, 34.9024609 ], [ -120.6713071, 34.9025241 ], [ -120.6713325, 34.9025356 ], [ -120.671400299999988, 34.9025459 ], [ -120.671494699999982, 34.9025819 ], [ -120.6716894, 34.9026269 ], [ -120.6717251, 34.9026429 ], [ -120.6717423, 34.9026651 ], [ -120.6717486, 34.9026994 ], [ -120.671738800000014, 34.9027803 ], [ -120.6715972, 34.9030437 ], [ -120.671539900000013, 34.9031602 ], [ -120.6715201, 34.9032223 ], [ -120.6715046, 34.9032412 ], [ -120.671442700000014, 34.9032499 ], [ -120.671324299999981, 34.9032159 ], [ -120.6712769, 34.9032203 ], [ -120.6712502, 34.9032456 ], [ -120.671235, 34.9033239 ], [ -120.6712098, 34.9033744 ], [ -120.6711779, 34.9034015 ], [ -120.6711275, 34.9034177 ], [ -120.6710589, 34.9034107 ], [ -120.6709202, 34.9033506 ], [ -120.6708411, 34.9033253 ], [ -120.67080940000001, 34.9033245 ], [ -120.670798, 34.9033507 ], [ -120.670801200000014, 34.9033846 ], [ -120.6708799, 34.9034821 ], [ -120.67089, 34.9035216 ], [ -120.6708785, 34.9035389 ], [ -120.670858099999975, 34.9035374 ], [ -120.670794, 34.9035047 ], [ -120.6706526, 34.9034544 ], [ -120.670626, 34.9034525 ], [ -120.6706099, 34.9034685 ], [ -120.6706048, 34.9034914 ], [ -120.670614, 34.9035113 ], [ -120.670704199999975, 34.9035583 ], [ -120.6707422, 34.9035901 ], [ -120.6707539, 34.9036134 ], [ -120.6707602, 34.9036761 ], [ -120.6707884, 34.9037133 ], [ -120.6708324, 34.9037406 ], [ -120.6709748, 34.9037907 ], [ -120.6709962, 34.9038116 ], [ -120.6709993, 34.9038384 ], [ -120.6710347, 34.9038329 ], [ -120.671102799999986, 34.9037936 ], [ -120.671157400000013, 34.9037828 ], [ -120.6712087, 34.9037944 ], [ -120.671240200000014, 34.9038246 ], [ -120.671242600000014, 34.9038719 ], [ -120.671220100000014, 34.903906 ], [ -120.6711839, 34.9039231 ], [ -120.671069, 34.9039494 ], [ -120.671033799999989, 34.903979 ], [ -120.6710384, 34.903997 ], [ -120.671087, 34.9040209 ], [ -120.671117099999989, 34.9040453 ], [ -120.671129099999987, 34.9040732 ], [ -120.6711285, 34.9040972 ], [ -120.671112400000013, 34.9041292 ], [ -120.671087199999988, 34.9041393 ], [ -120.6710535, 34.904133 ], [ -120.670992899999987, 34.9041029 ], [ -120.6709818, 34.9041046 ], [ -120.6709793, 34.9041301 ], [ -120.671003700000014, 34.9042365 ], [ -120.6709971, 34.9042644 ], [ -120.6709815, 34.9042836 ], [ -120.6709414, 34.904309 ], [ -120.6708398, 34.9043506 ], [ -120.6708005, 34.9043622 ], [ -120.6707754, 34.9043602 ], [ -120.6706645, 34.9042868 ], [ -120.6705648, 34.9042021 ], [ -120.6704213, 34.904119 ], [ -120.6701964, 34.9039532 ], [ -120.670165, 34.9039406 ], [ -120.6701222, 34.9039668 ], [ -120.6701088, 34.9039887 ], [ -120.6701104, 34.9040088 ], [ -120.6702752, 34.9041009 ], [ -120.670410499999988, 34.9042032 ], [ -120.6704334, 34.904236 ], [ -120.670455, 34.9043117 ], [ -120.670486200000013, 34.9043501 ], [ -120.6705146, 34.9043611 ], [ -120.6705404, 34.9043588 ], [ -120.6705647, 34.9043102 ], [ -120.6706038, 34.9043256 ], [ -120.6706323, 34.9043537 ], [ -120.6706644, 34.9044066 ], [ -120.6706917, 34.9044728 ], [ -120.6707065, 34.9044897 ], [ -120.670715499999986, 34.9045243 ], [ -120.670689399999986, 34.9045479 ], [ -120.6706795, 34.9045799 ], [ -120.670617799999974, 34.9047065 ], [ -120.6705127, 34.9048178 ], [ -120.6704809, 34.9048366 ], [ -120.6704394, 34.9048485 ], [ -120.670418399999988, 34.9048496 ], [ -120.670394, 34.9048404 ], [ -120.6703801, 34.9048447 ], [ -120.6702815, 34.9049439 ], [ -120.6702017, 34.9049711 ], [ -120.670163699999989, 34.905007 ], [ -120.6701312, 34.9050253 ], [ -120.6697878, 34.9051878 ], [ -120.6696685, 34.9052346 ], [ -120.6696243, 34.9052656 ], [ -120.669598, 34.9052962 ], [ -120.669599099999985, 34.9053067 ], [ -120.6696094, 34.9053111 ], [ -120.669673499999988, 34.9053101 ], [ -120.669704, 34.9053176 ], [ -120.6697562, 34.9053773 ], [ -120.669773400000011, 34.9053841 ], [ -120.6697913, 34.9053804 ], [ -120.6698389, 34.9053461 ], [ -120.66989070000001, 34.905339 ], [ -120.6700592, 34.905358 ], [ -120.6701741, 34.9053534 ], [ -120.670213800000013, 34.9053764 ], [ -120.6702278, 34.9054314 ], [ -120.67023660000001, 34.9054367 ], [ -120.670293, 34.9054083 ], [ -120.6703375, 34.9053981 ], [ -120.6703507, 34.9054036 ], [ -120.6703683, 34.9054311 ], [ -120.6703981, 34.9054302 ], [ -120.670414, 34.9054179 ], [ -120.6704429, 34.9053661 ], [ -120.6704617, 34.9053555 ], [ -120.670479300000011, 34.9053928 ], [ -120.6704795, 34.905458 ], [ -120.670463700000013, 34.9054818 ], [ -120.670409400000011, 34.905501 ], [ -120.67041039999998, 34.9055569 ], [ -120.67039149999998, 34.905624 ], [ -120.6703175, 34.9057315 ], [ -120.6702951, 34.905755 ], [ -120.6702389, 34.9057907 ], [ -120.6702229, 34.9058275 ], [ -120.6701851, 34.9058507 ], [ -120.6701048, 34.9059332 ], [ -120.670058799999978, 34.9059661 ], [ -120.670008900000013, 34.9059874 ], [ -120.6699951, 34.9059877 ], [ -120.6699902, 34.9059788 ], [ -120.6700145, 34.9058946 ], [ -120.6700129, 34.9058642 ], [ -120.6699908, 34.9058404 ], [ -120.6699341, 34.9058237 ], [ -120.6699176, 34.905769 ], [ -120.6699043, 34.9057542 ], [ -120.66984570000001, 34.9057317 ], [ -120.669674699999987, 34.9057304 ], [ -120.669635199999973, 34.9057177 ], [ -120.669582599999984, 34.9056883 ], [ -120.6695597, 34.9056847 ], [ -120.6695548, 34.9057067 ], [ -120.6695776, 34.9057876 ], [ -120.6695686, 34.9058339 ], [ -120.6695172, 34.9059106 ], [ -120.6694197, 34.9060116 ], [ -120.6693949, 34.906057 ], [ -120.669360399999974, 34.9061961 ], [ -120.6693594, 34.9062673 ], [ -120.669368600000013, 34.9063121 ], [ -120.669380099999984, 34.9063354 ], [ -120.6694032, 34.9063558 ], [ -120.6694946, 34.9063804 ], [ -120.6695037, 34.9063909 ], [ -120.669482300000013, 34.9064372 ], [ -120.669408599999983, 34.9065357 ], [ -120.669393, 34.9065716 ], [ -120.669396599999985, 34.9065857 ], [ -120.6694166, 34.9065939 ], [ -120.6694495, 34.9065928 ], [ -120.669494, 34.9065752 ], [ -120.669555, 34.9064917 ], [ -120.6696533, 34.9063964 ], [ -120.669696500000015, 34.906367 ], [ -120.6697274, 34.9063581 ], [ -120.6697404, 34.9063625 ], [ -120.669763499999988, 34.9064184 ], [ -120.6697657, 34.9064786 ], [ -120.669748500000011, 34.9065372 ], [ -120.669671099999988, 34.9066486 ], [ -120.669645, 34.9067437 ], [ -120.6695705, 34.9068191 ], [ -120.6695727, 34.9068845 ], [ -120.669516500000015, 34.9069315 ], [ -120.669527, 34.906942 ], [ -120.6696033, 34.9069607 ], [ -120.6696188, 34.9069754 ], [ -120.669601899999975, 34.9069945 ], [ -120.66957810000001, 34.9070043 ], [ -120.669551, 34.9070023 ], [ -120.6694941, 34.9069801 ], [ -120.6694577, 34.9069835 ], [ -120.669441, 34.906994 ], [ -120.669443300000012, 34.9070082 ], [ -120.669507899999985, 34.9070747 ], [ -120.6695217, 34.9071162 ], [ -120.6695464, 34.907136 ], [ -120.669544, 34.9071599 ], [ -120.6694431, 34.9072686 ], [ -120.6693163, 34.9073779 ], [ -120.6692958, 34.9074074 ], [ -120.6692555, 34.9075056 ], [ -120.669177499999989, 34.9075963 ], [ -120.669104499999989, 34.9076407 ], [ -120.66909, 34.9076611 ], [ -120.6690196, 34.9079428 ], [ -120.6689026, 34.9082046 ], [ -120.6688028, 34.9085146 ], [ -120.6687155, 34.9086945 ], [ -120.668668, 34.9088166 ], [ -120.668627, 34.9089578 ], [ -120.6685581, 34.9092725 ], [ -120.668385699999988, 34.9098667 ], [ -120.6683342, 34.9100053 ], [ -120.668288599999983, 34.910162 ], [ -120.6681234, 34.910555 ], [ -120.6680522, 34.9107576 ], [ -120.6679766, 34.9109862 ], [ -120.667891900000015, 34.9113128 ], [ -120.66775819999998, 34.911703 ], [ -120.6676687, 34.9119981 ], [ -120.667576, 34.9122495 ], [ -120.6674171, 34.9126155 ], [ -120.6672094, 34.9130318 ], [ -120.6669815, 34.9135657 ], [ -120.6668482, 34.9137817 ], [ -120.6666361, 34.9140582 ], [ -120.6665417, 34.9142405 ], [ -120.6664921, 34.9143855 ], [ -120.666434700000011, 34.9145146 ], [ -120.666295800000015, 34.914964 ], [ -120.6660953, 34.9155088 ], [ -120.6659593, 34.915779 ], [ -120.665687600000012, 34.9162132 ], [ -120.665578, 34.9164218 ], [ -120.665500099999988, 34.916618199999988 ], [ -120.6654432, 34.9168557 ], [ -120.6654249, 34.9170128 ], [ -120.6653871, 34.9171751 ], [ -120.665289699999988, 34.9177102 ], [ -120.665249300000013, 34.9178807 ], [ -120.6651646, 34.9181068 ], [ -120.665006699999978, 34.9184306 ], [ -120.6648498, 34.9188952 ], [ -120.6648047, 34.9190689 ], [ -120.664744, 34.9194618 ], [ -120.6646938, 34.9196964 ], [ -120.6646065, 34.9199328 ], [ -120.664312699999982, 34.920656699999988 ], [ -120.66424210000001, 34.9208914 ], [ -120.6641598, 34.9212254 ], [ -120.6640802, 34.9214904 ], [ -120.6640303, 34.9217282 ], [ -120.6639783, 34.922286 ], [ -120.6639483, 34.922467 ], [ -120.6639105, 34.9227894 ], [ -120.6638637, 34.9230627 ], [ -120.6638709, 34.9235102 ], [ -120.6637905, 34.9239347 ], [ -120.6637591, 34.9241667 ], [ -120.6637218, 34.9248993 ], [ -120.6637, 34.9250942 ], [ -120.6636437, 34.9254396 ], [ -120.663614400000014, 34.9257952 ], [ -120.6636088, 34.9260989 ], [ -120.6636181, 34.9263556 ], [ -120.6636353, 34.9265363 ], [ -120.663786, 34.9276619 ], [ -120.663815599999978, 34.927785 ], [ -120.663830800000014, 34.9277988 ], [ -120.663881800000013, 34.9278097 ], [ -120.66389239999998, 34.9278216 ], [ -120.663885400000012, 34.9279388 ], [ -120.6639133, 34.9280458 ], [ -120.663989699999988, 34.9284816 ], [ -120.6640284, 34.9285432 ], [ -120.6640538, 34.928562 ], [ -120.664086, 34.9285737 ], [ -120.6642321, 34.92858 ], [ -120.664371, 34.9285712 ], [ -120.664528099999984, 34.9286126 ], [ -120.6647347, 34.9286285 ], [ -120.664903, 34.9286849 ], [ -120.664926, 34.9286858 ], [ -120.6649636, 34.9286734 ], [ -120.6650235, 34.928689399999989 ], [ -120.665064899999976, 34.9287093 ], [ -120.6650745, 34.9287234 ], [ -120.6650533, 34.9287307 ], [ -120.664994600000014, 34.928727 ], [ -120.6649887, 34.9287343 ], [ -120.6649965, 34.9287419 ], [ -120.6650263, 34.9287604 ], [ -120.6651182, 34.9287945 ], [ -120.6652843, 34.9288706 ], [ -120.66531710000001, 34.9288939 ], [ -120.6653365, 34.9289206 ], [ -120.6653349, 34.9289422 ], [ -120.6653117, 34.9289567 ], [ -120.665150900000015, 34.9289811 ], [ -120.6651506, 34.9289962 ], [ -120.66517, 34.9290076 ], [ -120.665289699999988, 34.9290196 ], [ -120.665396, 34.9290824 ], [ -120.6654262, 34.9290934 ], [ -120.665667500000012, 34.9290854 ], [ -120.665838899999983, 34.9290959 ], [ -120.6661843, 34.9291641 ], [ -120.6662288, 34.929183099999989 ], [ -120.6662506, 34.9292043 ], [ -120.6662509, 34.9292324 ], [ -120.666217499999988, 34.92926 ], [ -120.6662513, 34.9292844 ], [ -120.6663281, 34.9293037 ], [ -120.6665687, 34.9293434 ], [ -120.6666993, 34.9293887 ], [ -120.666815899999989, 34.9294159 ], [ -120.6670677, 34.92953 ], [ -120.6671051, 34.9295587 ], [ -120.6671207, 34.9295905 ], [ -120.667113, 34.9296046 ], [ -120.667081099999976, 34.929627 ], [ -120.666793, 34.92964 ], [ -120.666574200000014, 34.9296718 ], [ -120.666537299999987, 34.9296833 ], [ -120.66652209999998, 34.9296982 ], [ -120.6665369, 34.9297185 ], [ -120.6666483, 34.9297679 ], [ -120.6666884, 34.9298149 ], [ -120.66668319999998, 34.9298326 ], [ -120.666658, 34.9298556 ], [ -120.6666521, 34.9298825 ], [ -120.666596700000014, 34.9299302 ], [ -120.6665963, 34.9299527 ], [ -120.6666141, 34.9299732 ], [ -120.666705900000011, 34.9300036 ], [ -120.666970599999985, 34.9300362 ], [ -120.667008399999986, 34.9300534 ], [ -120.6670237, 34.9300768 ], [ -120.6670181, 34.9301032 ], [ -120.6669892, 34.9301184 ], [ -120.6666766, 34.9301827 ], [ -120.666746100000012, 34.9301995 ], [ -120.666874899999982, 34.9302021 ], [ -120.6669712, 34.9302147 ], [ -120.6670247, 34.9302286 ], [ -120.6670415, 34.930244 ], [ -120.667028499999986, 34.930258 ], [ -120.6669982, 34.9302675 ], [ -120.6668351, 34.9302738 ], [ -120.6667042, 34.930299 ], [ -120.6664703, 34.9302904 ], [ -120.6663052, 34.9302658 ], [ -120.6662627, 34.9302702 ], [ -120.666271200000011, 34.9302827 ], [ -120.6662931, 34.9302926 ], [ -120.6665844, 34.9303658 ], [ -120.666628, 34.9303837 ], [ -120.6666422, 34.9304053 ], [ -120.6666112, 34.9304813 ], [ -120.6665794, 34.9304929 ], [ -120.666309899999987, 34.9304752 ], [ -120.6661533, 34.9304544 ], [ -120.6659093, 34.9303711 ], [ -120.6658299, 34.9303342 ], [ -120.665746399999989, 34.9302821 ], [ -120.6657177, 34.9302795 ], [ -120.6656965, 34.930296 ], [ -120.6656796, 34.9303254 ], [ -120.6656688, 34.9304092 ], [ -120.665697899999984, 34.9304596 ], [ -120.6657691, 34.9305137 ], [ -120.665771799999973, 34.9305372 ], [ -120.6657459, 34.9305564 ], [ -120.665693499999975, 34.9305752 ], [ -120.6655402, 34.9305821 ], [ -120.6655039, 34.9305906 ], [ -120.6654702, 34.9306194 ], [ -120.6654618, 34.930666699999989 ], [ -120.6654867, 34.9306986 ], [ -120.6655339, 34.9307198 ], [ -120.6656341, 34.930740299999989 ], [ -120.665840099999983, 34.9307654 ], [ -120.665868499999988, 34.930776 ], [ -120.6658701, 34.930783 ], [ -120.665858699999987, 34.9307879 ], [ -120.665718500000011, 34.9308023 ], [ -120.6656992, 34.9308193 ], [ -120.665696900000015, 34.9308427 ], [ -120.6657127, 34.9308652 ], [ -120.6657313, 34.9308758 ], [ -120.665944599999975, 34.9309307 ], [ -120.666069900000011, 34.9309948 ], [ -120.6660814, 34.9310149 ], [ -120.666076499999988, 34.9310334 ], [ -120.6659733, 34.9311317 ], [ -120.665907800000014, 34.9311657 ], [ -120.665868, 34.931177399999989 ], [ -120.665816299999989, 34.9311809 ], [ -120.665747, 34.9311693 ], [ -120.665709799999988, 34.9311437 ], [ -120.6656205, 34.931035099999988 ], [ -120.665557199999981, 34.9309774 ], [ -120.665451800000014, 34.9309073 ], [ -120.6654063, 34.9308966 ], [ -120.665373599999981, 34.9309176 ], [ -120.6653574, 34.9309748 ], [ -120.6653447, 34.9309899 ], [ -120.665184299999979, 34.9310337 ], [ -120.6651649, 34.9310448 ], [ -120.665172, 34.9310652 ], [ -120.6652548, 34.9311243 ], [ -120.6652785, 34.9311594 ], [ -120.6652619, 34.9311848 ], [ -120.665211599999978, 34.9312172 ], [ -120.665151, 34.9312719 ], [ -120.665084, 34.9312786 ], [ -120.664901199999989, 34.9312431 ], [ -120.6648296, 34.9312427 ], [ -120.6647898, 34.9312635 ], [ -120.6647781, 34.9313354 ], [ -120.664761500000012, 34.931352 ], [ -120.664735799999974, 34.9313512 ], [ -120.6646797, 34.9313345 ], [ -120.6645177, 34.9313385 ], [ -120.664472599999982, 34.9313543 ], [ -120.664372899999989, 34.9314106 ], [ -120.6642698, 34.9314279 ], [ -120.6642247, 34.9314657 ], [ -120.664202, 34.9314646 ], [ -120.6641316, 34.93144 ], [ -120.664043, 34.9314479 ], [ -120.6639158, 34.9314964 ], [ -120.6638812, 34.9315181 ], [ -120.6637971, 34.9316419 ], [ -120.663734, 34.9318403 ], [ -120.663679300000013, 34.9320708 ], [ -120.6636432, 34.9322811 ], [ -120.6635958, 34.9326671 ], [ -120.663601199999988, 34.9327113 ], [ -120.6636196, 34.9327435 ], [ -120.6637413, 34.9328203 ], [ -120.663768, 34.9328545 ], [ -120.6638172, 34.9330438 ], [ -120.663835299999988, 34.9331743 ], [ -120.6638756, 34.933263 ], [ -120.6638728, 34.9332969 ], [ -120.6638443, 34.9333244 ], [ -120.663776399999989, 34.9333582 ], [ -120.663703, 34.933376 ], [ -120.66364990000001, 34.9333633 ], [ -120.6636053, 34.9333044 ], [ -120.6635413, 34.9333157 ], [ -120.663456900000014, 34.9332855 ], [ -120.6633971, 34.9332843 ], [ -120.6633924, 34.9333016 ], [ -120.663445200000012, 34.9333846 ], [ -120.6634655, 34.9334526 ], [ -120.6634654, 34.9334912 ], [ -120.663443499999985, 34.9335269 ], [ -120.663362100000015, 34.9335884 ], [ -120.6631721, 34.9336698 ], [ -120.662988899999988, 34.9337336 ], [ -120.6628792, 34.9337592 ], [ -120.66283869999998, 34.9337568 ], [ -120.662803200000013, 34.9337444 ], [ -120.6627385, 34.9336879 ], [ -120.662660199999976, 34.9335706 ], [ -120.662606599999989, 34.933406 ], [ -120.6625796, 34.9333835 ], [ -120.6625409, 34.9333858 ], [ -120.662517799999989, 34.9334012 ], [ -120.662486199999975, 34.9335077 ], [ -120.6624936, 34.9335226 ], [ -120.6625484, 34.9335666 ], [ -120.6625776, 34.9336435 ], [ -120.6626133, 34.9336889 ], [ -120.6626135, 34.9337148 ], [ -120.662587899999977, 34.9337562 ], [ -120.6625455, 34.9337795 ], [ -120.662445299999987, 34.9337905 ], [ -120.662368499999985, 34.9337808 ], [ -120.662273899999988, 34.9337456 ], [ -120.662239499999984, 34.9337416 ], [ -120.6622072, 34.933751 ], [ -120.6621808, 34.9337767 ], [ -120.6621577, 34.9338265 ], [ -120.662043, 34.934187699999988 ], [ -120.6619384, 34.9346093 ], [ -120.661659199999988, 34.9352033 ], [ -120.661558, 34.9353752 ], [ -120.6613561, 34.9356326 ], [ -120.6612182, 34.9358381 ], [ -120.661124199999989, 34.9360416 ], [ -120.661004599999984, 34.936376 ], [ -120.6609501, 34.9365027 ], [ -120.660803199999989, 34.9367554 ], [ -120.6606159, 34.9370539 ], [ -120.660523, 34.9372325 ], [ -120.660343900000015, 34.9377599 ], [ -120.660266799999988, 34.938044 ], [ -120.660234100000011, 34.9382611 ], [ -120.6602094, 34.9385791 ], [ -120.660160299999987, 34.9387848 ], [ -120.660116499999987, 34.9388954 ], [ -120.6600758, 34.9389701 ], [ -120.6598391, 34.9392816 ], [ -120.65977, 34.9393892 ], [ -120.6596999, 34.9395235 ], [ -120.659644500000013, 34.939655699999989 ], [ -120.6596118, 34.939768199999989 ], [ -120.659596099999973, 34.9398678 ], [ -120.6595883, 34.9401441 ], [ -120.6595706, 34.9403346 ], [ -120.65955, 34.9404462 ], [ -120.6595062, 34.940602 ], [ -120.6593869, 34.9409121 ], [ -120.6592364, 34.941217 ], [ -120.6591345, 34.9415212 ], [ -120.6590396, 34.9417125 ], [ -120.6589691, 34.9418783 ], [ -120.658878, 34.9421252 ], [ -120.6587975, 34.9424251 ], [ -120.6587367, 34.9427562 ], [ -120.658656900000011, 34.9433929 ], [ -120.6586244, 34.9435622 ], [ -120.6585404, 34.9438689 ], [ -120.6584882, 34.9440266 ], [ -120.6584095, 34.9443729 ], [ -120.6583413, 34.9445632 ], [ -120.658148699999984, 34.9450234 ], [ -120.6579803, 34.9455452 ], [ -120.6578715, 34.945818 ], [ -120.6577932, 34.9460651 ], [ -120.65767, 34.9463812 ], [ -120.657567700000016, 34.9466971 ], [ -120.657334499999976, 34.9472336 ], [ -120.6571987, 34.9476007 ], [ -120.657164899999984, 34.947757 ], [ -120.6571572, 34.9480095 ], [ -120.6571441, 34.9481427 ], [ -120.6571088, 34.9483363 ], [ -120.65707, 34.9484684 ], [ -120.6569852, 34.9486686 ], [ -120.656685400000015, 34.9492433 ], [ -120.6565889, 34.9494971 ], [ -120.6565599, 34.9496335 ], [ -120.6565428, 34.94985 ], [ -120.6565437, 34.9499697 ], [ -120.6565656, 34.9501953 ], [ -120.6565503, 34.9503776 ], [ -120.656529400000011, 34.9504772 ], [ -120.6564474, 34.9507757 ], [ -120.6564044, 34.9509003 ], [ -120.6562965, 34.9513153 ], [ -120.656204499999987, 34.9515817 ], [ -120.656144599999976, 34.9517085 ], [ -120.6560689, 34.9519263 ], [ -120.6558586, 34.9524384 ], [ -120.655683599999989, 34.9529236 ], [ -120.6556208, 34.9530636 ], [ -120.655505100000013, 34.9532841 ], [ -120.655409100000014, 34.9534985 ], [ -120.6552523, 34.9538044 ], [ -120.6549101, 34.9546737 ], [ -120.6548663, 34.9548188 ], [ -120.654820699999988, 34.9550762 ], [ -120.6547195, 34.9553934 ], [ -120.654583799999983, 34.9559465 ], [ -120.654456, 34.9563129 ], [ -120.6543336, 34.956552 ], [ -120.6543051, 34.9566231 ], [ -120.6541698, 34.9570751 ], [ -120.654083899999989, 34.957469 ], [ -120.6539712, 34.9578719 ], [ -120.6538278, 34.9581861 ], [ -120.6537217, 34.9584624 ], [ -120.6535592, 34.958977 ], [ -120.653482699999984, 34.9593334 ], [ -120.6534112, 34.9595325 ], [ -120.6532928, 34.959798 ], [ -120.653135899999981, 34.9601015 ], [ -120.6530577, 34.9602879 ], [ -120.653029600000011, 34.9604144 ], [ -120.652954, 34.9609623 ], [ -120.652913500000011, 34.961167 ], [ -120.6528615, 34.9613361 ], [ -120.6527685, 34.9615717 ], [ -120.652615899999986, 34.9621124 ], [ -120.6525514, 34.9622672 ], [ -120.652178, 34.9630195 ], [ -120.652056099999982, 34.9632922 ], [ -120.6520046, 34.9634276 ], [ -120.6519455, 34.9636479 ], [ -120.6518312, 34.9638997 ], [ -120.6518142, 34.9639764 ], [ -120.6518092, 34.9640499 ], [ -120.651832299999981, 34.9643117 ], [ -120.651828699999982, 34.9645066 ], [ -120.6518003, 34.9646924 ], [ -120.6517787, 34.9649164 ], [ -120.6517375, 34.9650871 ], [ -120.6516901, 34.9652071 ], [ -120.6515734, 34.9654512 ], [ -120.6514847, 34.9656964 ], [ -120.6513652, 34.9659605 ], [ -120.6510386, 34.9667917 ], [ -120.650974100000013, 34.9669987 ], [ -120.6509047, 34.9672637 ], [ -120.6507577, 34.967711199999989 ], [ -120.650611, 34.9684123 ], [ -120.6504701, 34.9687768 ], [ -120.650270800000015, 34.9694578 ], [ -120.6502121, 34.9695806 ], [ -120.6500689, 34.9698148 ], [ -120.6500084, 34.9699553 ], [ -120.649902, 34.9703722 ], [ -120.6497501, 34.9707705 ], [ -120.6495555, 34.9714994 ], [ -120.6494925, 34.9716448 ], [ -120.649241499999988, 34.9721099 ], [ -120.6491835, 34.9722497 ], [ -120.6491535, 34.9723595 ], [ -120.649091, 34.9726836 ], [ -120.649, 34.9729762 ], [ -120.648964299999989, 34.9731214 ], [ -120.648947100000015, 34.9732398 ], [ -120.64891750000001, 34.9736164 ], [ -120.648865199999989, 34.9738273 ], [ -120.6487598, 34.9740699 ], [ -120.648659, 34.9743365 ], [ -120.648506499999982, 34.9745918 ], [ -120.64829229999998, 34.9749018 ], [ -120.6482087, 34.9750729 ], [ -120.6481481, 34.9752235 ], [ -120.6480488, 34.9756548 ], [ -120.6479642, 34.9759697 ], [ -120.6479368, 34.9761481 ], [ -120.6479138, 34.9764286 ], [ -120.647894099999988, 34.976549 ], [ -120.647747, 34.9771674 ], [ -120.647644700000015, 34.9774644 ], [ -120.6475826, 34.9777605 ], [ -120.647534399999984, 34.9778964 ], [ -120.6472628, 34.978514 ], [ -120.6470991, 34.9788412 ], [ -120.6469206, 34.9794535 ], [ -120.6467967, 34.9797613 ], [ -120.6467665, 34.979879 ], [ -120.6467055, 34.9802118 ], [ -120.6465473, 34.980674799999989 ], [ -120.6465064, 34.980924 ], [ -120.646331800000013, 34.9816479 ], [ -120.646201300000016, 34.9820176 ], [ -120.6460449, 34.9823875 ], [ -120.645929, 34.9829486 ], [ -120.645831799999982, 34.9832341 ], [ -120.645719, 34.983522199999989 ], [ -120.645614200000011, 34.9838456 ], [ -120.645590399999989, 34.9839713 ], [ -120.6455825, 34.984192 ], [ -120.6455683, 34.984336 ], [ -120.6455261, 34.9845468 ], [ -120.6454871, 34.9846639 ], [ -120.645391, 34.9848927 ], [ -120.6452355, 34.9853707 ], [ -120.645149, 34.9855667 ], [ -120.645005399999988, 34.985853 ], [ -120.6449373, 34.9860323 ], [ -120.644916, 34.9861345 ], [ -120.6448907, 34.9864101 ], [ -120.644868, 34.9865387 ], [ -120.6448153, 34.9867308 ], [ -120.644680899999983, 34.9871062 ], [ -120.644639499999982, 34.9872525 ], [ -120.644610300000011, 34.9874029 ], [ -120.644536500000015, 34.9879139 ], [ -120.6444841, 34.9881276 ], [ -120.6442448, 34.9888308 ], [ -120.6440445, 34.9893065 ], [ -120.6439556, 34.9897152 ], [ -120.6438971, 34.9899293 ], [ -120.6436399, 34.9906948 ], [ -120.6435957, 34.9908981 ], [ -120.6435464, 34.9913453 ], [ -120.643508900000015, 34.9915033 ], [ -120.6434655, 34.991610099999988 ], [ -120.643250599999988, 34.9920035 ], [ -120.643154900000013, 34.9922234 ], [ -120.6430998, 34.9923793 ], [ -120.6428651, 34.993198 ], [ -120.642738200000011, 34.9938232 ], [ -120.6426192, 34.9942175 ], [ -120.6424573, 34.994856 ], [ -120.6423765, 34.9952274 ], [ -120.6423126, 34.9954127 ], [ -120.6420872, 34.9959558 ], [ -120.6419267, 34.9964818 ], [ -120.641834800000012, 34.9968626 ], [ -120.641789, 34.9972984 ], [ -120.6417499, 34.9975091 ], [ -120.641625199999979, 34.9979429 ], [ -120.641512, 34.9982648 ], [ -120.6413678, 34.9987579 ], [ -120.6413006, 34.9991251 ], [ -120.641197, 34.9994997 ], [ -120.6411035, 34.999913 ], [ -120.641046099999983, 35.0000732 ], [ -120.640828299999981, 35.0005565 ], [ -120.6407248, 35.0008565 ], [ -120.640702, 35.0009654 ], [ -120.6406914, 35.0010764 ], [ -120.6406965, 35.0016452 ], [ -120.6406761, 35.0018308 ], [ -120.6406239, 35.002006 ], [ -120.640575899999988, 35.0021126 ], [ -120.6404291, 35.0023877 ], [ -120.6403507, 35.0025859 ], [ -120.6403093, 35.0027244 ], [ -120.640231199999988, 35.0032787 ], [ -120.6402089, 35.0035505 ], [ -120.640184, 35.0037138 ], [ -120.6400785, 35.0041718 ], [ -120.6399712, 35.0044834 ], [ -120.63976, 35.0052098 ], [ -120.63975, 35.0052952 ], [ -120.6397458, 35.0054929 ], [ -120.6396688, 35.0057666 ], [ -120.6396341, 35.0059837 ], [ -120.639600699999988, 35.0065413 ], [ -120.6395736, 35.0066296 ], [ -120.6395278, 35.0067295 ], [ -120.639372, 35.006983 ], [ -120.6393242, 35.0070745 ], [ -120.639176699999979, 35.0074603 ], [ -120.639136400000012, 35.0075877 ], [ -120.639111, 35.007706 ], [ -120.639098699999977, 35.0078125 ], [ -120.6390941, 35.0079409 ], [ -120.6391015, 35.0082213 ], [ -120.639085, 35.0084722 ], [ -120.639066500000013, 35.0085866 ], [ -120.6389737, 35.0089312 ], [ -120.6388267, 35.0093 ], [ -120.6386312, 35.0099954 ], [ -120.638541100000012, 35.0104101 ], [ -120.638513599999982, 35.0107853 ], [ -120.638489799999988, 35.0109677 ], [ -120.638353900000013, 35.0114876 ], [ -120.638234200000014, 35.0118911 ], [ -120.6381747, 35.012271 ], [ -120.6380039, 35.0127616 ], [ -120.6378793, 35.0131617 ], [ -120.637665, 35.0139138 ], [ -120.6375421, 35.014216 ], [ -120.637507299999982, 35.0143273 ], [ -120.637462299999981, 35.0145502 ], [ -120.637338, 35.0154049 ], [ -120.6372803, 35.015688 ], [ -120.6372181, 35.0159379 ], [ -120.6371576, 35.0163023 ], [ -120.6370473, 35.0167459 ], [ -120.63695460000001, 35.0170123 ], [ -120.636909399999979, 35.0171754 ], [ -120.6368886, 35.0172962 ], [ -120.6368536, 35.0174283 ], [ -120.636735399999978, 35.0177673 ], [ -120.636637799999988, 35.0181491 ], [ -120.636510300000012, 35.0185953 ], [ -120.636411, 35.0189071 ], [ -120.6362834, 35.0195008 ], [ -120.636105500000014, 35.019991 ], [ -120.636063799999988, 35.0201384 ], [ -120.6360466, 35.0202596 ], [ -120.636036800000014, 35.0204217 ], [ -120.636044899999987, 35.0207226 ], [ -120.6360387, 35.0209044 ], [ -120.635994200000013, 35.0213497 ], [ -120.635899099999989, 35.0217162 ], [ -120.6358126, 35.0219861 ], [ -120.635802, 35.0220938 ], [ -120.635798699999981, 35.0223866 ], [ -120.635788, 35.0224882 ], [ -120.6356752, 35.0229612 ], [ -120.635597699999977, 35.0234852 ], [ -120.6354961, 35.0238597 ], [ -120.63546740000001, 35.0240199 ], [ -120.6354598, 35.0241627 ], [ -120.6354702, 35.0244834 ], [ -120.635454299999978, 35.024972 ], [ -120.6354146, 35.0251076 ], [ -120.6352786, 35.0253796 ], [ -120.6352025, 35.0256756 ], [ -120.635132, 35.0260387 ], [ -120.6351134, 35.0263578 ], [ -120.6350845, 35.0264598 ], [ -120.6350002, 35.026686 ], [ -120.634970899999985, 35.0268013 ], [ -120.634959599999974, 35.0271077 ], [ -120.6349404, 35.0272425 ], [ -120.6348243, 35.0276388 ], [ -120.6347829, 35.0278082 ], [ -120.6347669, 35.0279397 ], [ -120.634752100000014, 35.0282081 ], [ -120.6347147, 35.0284897 ], [ -120.6345884, 35.0289219 ], [ -120.6345305, 35.0293241 ], [ -120.634485, 35.029563 ], [ -120.6344829, 35.0296437 ], [ -120.6343755, 35.0299068 ], [ -120.634296499999977, 35.0302164 ], [ -120.6342675, 35.030503 ], [ -120.6342613, 35.0309412 ], [ -120.6342272, 35.0311693 ], [ -120.63421240000001, 35.0313388 ], [ -120.634214500000013, 35.0320481 ], [ -120.6341926, 35.0321573 ], [ -120.6340908, 35.0325092 ], [ -120.6340247, 35.0329308 ], [ -120.6339486, 35.0332551 ], [ -120.6339307, 35.0335963 ], [ -120.6338785, 35.0339086 ], [ -120.633853800000011, 35.0341328 ], [ -120.6338477, 35.0342578 ], [ -120.6338542, 35.0344343 ], [ -120.633771699999983, 35.0355657 ], [ -120.633557599999989, 35.0367949 ], [ -120.633513900000011, 35.0369606 ], [ -120.633516199999988, 35.0370086 ], [ -120.6335021, 35.0370421 ], [ -120.633500399999988, 35.0370968 ], [ -120.6334805, 35.0371713 ], [ -120.633481800000013, 35.0372221 ], [ -120.633410799999979, 35.0374326 ], [ -120.633369099999982, 35.0376101 ], [ -120.633292, 35.0380747 ], [ -120.6332822, 35.0382164 ], [ -120.6332909, 35.0383434 ], [ -120.6332909, 35.0383435 ], [ -120.633305100000015, 35.0386335 ], [ -120.633278100000013, 35.038828 ], [ -120.6331982, 35.0390839 ], [ -120.6331519, 35.0391945 ], [ -120.6331044, 35.0393604 ], [ -120.633027399999975, 35.0395126 ], [ -120.6330131, 35.0395979 ], [ -120.63299760000001, 35.0396309 ], [ -120.6330026, 35.0401581 ], [ -120.633004, 35.0404781 ], [ -120.632955899999985, 35.0407827 ], [ -120.6329328, 35.0408679 ], [ -120.6329119, 35.040905 ], [ -120.6329056, 35.040955 ], [ -120.632684699999984, 35.0424341 ], [ -120.6326568, 35.0424983 ], [ -120.632645599999989, 35.042555899999989 ], [ -120.6326443, 35.0426637 ], [ -120.632617400000015, 35.0427156 ], [ -120.632560499999983, 35.0430334 ], [ -120.632512100000014, 35.0432222 ], [ -120.632507300000015, 35.0433078 ], [ -120.632493200000013, 35.0433665 ], [ -120.6325019, 35.0434577 ], [ -120.632217399999988, 35.0447169 ], [ -120.6322213, 35.0447897 ], [ -120.632203100000012, 35.0449427 ], [ -120.6321967, 35.0452667 ], [ -120.6321861, 35.0453977 ], [ -120.63216, 35.0455285 ], [ -120.6321584, 35.0456095 ], [ -120.6320938, 35.0459002 ], [ -120.6320307, 35.0460643 ], [ -120.632026, 35.046126 ], [ -120.6318732, 35.0470447 ], [ -120.6318109, 35.0474353 ], [ -120.631767, 35.0476209 ], [ -120.631745599999988, 35.0477855 ], [ -120.6315801, 35.0489601 ], [ -120.631556800000013, 35.0491253 ], [ -120.6315373, 35.0492143 ], [ -120.631509, 35.0492817 ], [ -120.631332700000016, 35.0508811 ], [ -120.631308, 35.0509767 ], [ -120.631304500000013, 35.0511214 ], [ -120.6312828, 35.051203 ], [ -120.6311748, 35.0518313 ], [ -120.631021300000015, 35.0530562 ], [ -120.6308904, 35.0549504 ], [ -120.6308873, 35.0550232 ], [ -120.6308563, 35.0553976 ], [ -120.6308335, 35.0555196 ], [ -120.6305699, 35.0574389 ], [ -120.630548799999985, 35.05819 ], [ -120.6304802, 35.060462799999989 ], [ -120.630343099999976, 35.0624629 ], [ -120.6302859, 35.0643524 ], [ -120.6298525, 35.0665143 ], [ -120.62986020000001, 35.0666066 ], [ -120.629945, 35.0669247 ], [ -120.629998299999983, 35.0672305 ], [ -120.630038399999989, 35.0675418 ], [ -120.630049299999982, 35.0677275 ], [ -120.630003099999982, 35.0679547 ], [ -120.6299165, 35.0682609 ], [ -120.629880899999989, 35.0684427 ], [ -120.6298643, 35.0685808 ], [ -120.629849100000015, 35.0690313 ], [ -120.629896800000012, 35.0695261 ], [ -120.629908, 35.0697752 ], [ -120.6298927, 35.0704834 ], [ -120.62983650000001, 35.0709641 ], [ -120.629818599999979, 35.0712545 ], [ -120.62979270000001, 35.0714835 ], [ -120.629782, 35.0718637 ], [ -120.6297506, 35.0722224 ], [ -120.6296556, 35.0728347 ], [ -120.6295985, 35.0731235 ], [ -120.629534499999977, 35.0739802 ], [ -120.629542199999989, 35.0741636 ], [ -120.629625399999981, 35.0751089 ], [ -120.6296632, 35.0757198 ], [ -120.6298087, 35.0769498 ], [ -120.6298062, 35.0772563 ], [ -120.6298271, 35.0775357 ], [ -120.6298062, 35.0778338 ], [ -120.6297692, 35.078097 ], [ -120.6296734, 35.0785202 ], [ -120.629655099999979, 35.078633 ], [ -120.6296262, 35.0789993 ], [ -120.629603100000011, 35.0796501 ], [ -120.629609, 35.0797332 ], [ -120.6296608, 35.080031 ], [ -120.6297659, 35.0804456 ], [ -120.6297956, 35.080624 ], [ -120.6298051, 35.0812296 ], [ -120.629795699999988, 35.0815402 ], [ -120.62977140000001, 35.0818705 ], [ -120.6297811, 35.082206 ], [ -120.629774399999988, 35.0827035 ], [ -120.629782, 35.0828984 ], [ -120.629803, 35.083112 ], [ -120.6298064, 35.0835838 ], [ -120.6298379, 35.0839701 ], [ -120.629828, 35.0841123 ], [ -120.6297814, 35.0844411 ], [ -120.6297734, 35.0847133 ], [ -120.6298062, 35.0849853 ], [ -120.6298934, 35.0853048 ], [ -120.629946099999984, 35.085462299999989 ], [ -120.6299766, 35.0856431 ], [ -120.6299852, 35.0862602 ], [ -120.62996889999998, 35.08694 ], [ -120.6299919, 35.08735 ], [ -120.629994699999983, 35.0877157 ], [ -120.6299304, 35.0882896 ], [ -120.6299257, 35.0885721 ], [ -120.629934299999988, 35.0890306 ], [ -120.6300013, 35.0896803 ], [ -120.6300013, 35.0897896 ], [ -120.6300332, 35.0900973 ], [ -120.6300797, 35.0904067 ], [ -120.630165, 35.0907755 ], [ -120.630217699999974, 35.0910605 ], [ -120.6302817, 35.0915255 ], [ -120.6303108, 35.0919536 ], [ -120.630290699999989, 35.0923154 ], [ -120.630295299999986, 35.0925102 ], [ -120.630320599999976, 35.092848599999989 ], [ -120.6303638, 35.0932047 ], [ -120.630318300000013, 35.0938199 ], [ -120.6303321, 35.0942666 ], [ -120.6303673, 35.0948802 ], [ -120.630474, 35.095857 ], [ -120.630507, 35.0965122 ], [ -120.6305226, 35.0966843 ], [ -120.6305398, 35.096778 ], [ -120.630537100000012, 35.0968649 ], [ -120.6306558, 35.09765 ], [ -120.6306914, 35.0979393 ], [ -120.6307651, 35.0982734 ], [ -120.630824, 35.09891 ], [ -120.6308253, 35.0994581 ], [ -120.630843, 35.0996347 ], [ -120.630853300000012, 35.0998656 ], [ -120.630901600000016, 35.1001344 ], [ -120.6309762, 35.1004472 ], [ -120.6310181, 35.1005887 ], [ -120.631108, 35.1008275 ], [ -120.631150600000012, 35.1010421 ], [ -120.631201300000015, 35.1018989 ], [ -120.6312018, 35.1024332 ], [ -120.6312261, 35.1028663 ], [ -120.6313039, 35.1034444 ], [ -120.631438099999983, 35.1042027 ], [ -120.6314638, 35.1044398 ], [ -120.6316014, 35.105077 ], [ -120.631629799999985, 35.1052727 ], [ -120.6316993, 35.1056338 ], [ -120.631728400000014, 35.1058877 ], [ -120.6317493, 35.1064081 ], [ -120.6317811, 35.106666 ], [ -120.631816, 35.1068325 ], [ -120.631847, 35.1068735 ], [ -120.631839199999987, 35.1069434 ], [ -120.6318612, 35.1070517 ], [ -120.6320058, 35.1075156 ], [ -120.632066, 35.1078477 ], [ -120.6321538, 35.1085039 ], [ -120.632231399999981, 35.1089068 ], [ -120.632455400000012, 35.1096743 ], [ -120.6325735, 35.110177199999988 ], [ -120.632638, 35.1105348 ], [ -120.632687499999975, 35.1107588 ], [ -120.6327255, 35.1110591 ], [ -120.632767499999986, 35.1111749 ], [ -120.6327543, 35.1113944 ], [ -120.6327645, 35.1115125 ], [ -120.6328391, 35.1119825 ], [ -120.6329546, 35.112562 ], [ -120.63309240000001, 35.1131642 ], [ -120.6331969, 35.1134876 ], [ -120.63338490000001, 35.114 ], [ -120.6335439, 35.1145439 ], [ -120.6336576, 35.1149773 ], [ -120.6338256, 35.1157697 ], [ -120.6338849, 35.115972 ], [ -120.6340262, 35.1163695 ], [ -120.6341217, 35.1168063 ], [ -120.634321899999989, 35.1174988 ], [ -120.634379200000012, 35.1177833 ], [ -120.6345056, 35.118303 ], [ -120.6345695, 35.1185087 ], [ -120.6346644, 35.1187464 ], [ -120.6348717, 35.1193333 ], [ -120.635117799999989, 35.1201035 ], [ -120.6352709, 35.1206659 ], [ -120.6354514, 35.1211947 ], [ -120.635632, 35.1219287 ], [ -120.635762899999989, 35.1223972 ], [ -120.6359673, 35.1229689 ], [ -120.636016399999988, 35.1230695 ], [ -120.636119600000015, 35.1234729 ], [ -120.636216, 35.123805 ], [ -120.6363961, 35.1242685 ], [ -120.6367325, 35.124955 ], [ -120.636856200000011, 35.125242 ], [ -120.637178, 35.1260774 ], [ -120.6374537, 35.1266929 ], [ -120.63755470000001, 35.1269382 ], [ -120.6377696, 35.1275929 ], [ -120.6379897, 35.1281023 ], [ -120.63813949999998, 35.1284062 ], [ -120.6384036, 35.129058799999989 ], [ -120.6387391, 35.1297794 ], [ -120.6389134, 35.1300858 ], [ -120.6392306, 35.1308091 ], [ -120.6393208, 35.1310361 ], [ -120.639485, 35.1313153 ], [ -120.63959939999998, 35.1316215 ], [ -120.63979, 35.1319717 ], [ -120.6398898, 35.1321964 ], [ -120.6400485, 35.1324618 ], [ -120.6401669, 35.1326934 ], [ -120.6404644, 35.1332338 ], [ -120.6406432, 35.1335153 ], [ -120.640881900000011, 35.1339277 ], [ -120.6410339, 35.1341617 ], [ -120.6412058, 35.13445 ], [ -120.6414603, 35.1348519 ], [ -120.6416776, 35.1351699 ], [ -120.641806, 35.1354259 ], [ -120.6418553, 35.1354873 ], [ -120.641905600000015, 35.1355816 ], [ -120.641953300000011, 35.1356372 ], [ -120.642037399999978, 35.1357675 ], [ -120.64207420000001, 35.1358452 ], [ -120.642145, 35.1359485 ], [ -120.642321599999974, 35.1362456 ], [ -120.6424924, 35.1364828 ], [ -120.6426012, 35.1366669 ], [ -120.642748900000015, 35.136865899999989 ], [ -120.642787399999989, 35.1369444 ], [ -120.6430052, 35.1372434 ], [ -120.64306040000001, 35.1373379 ], [ -120.643287, 35.1376249 ], [ -120.6434801, 35.1378946 ], [ -120.643606299999973, 35.1381676 ], [ -120.6437371, 35.138402 ], [ -120.6438199, 35.1384826 ], [ -120.6440093, 35.1388743 ], [ -120.644112, 35.1390838 ], [ -120.644148199999989, 35.1391844 ], [ -120.6442091, 35.139308 ], [ -120.6442471, 35.1394184 ], [ -120.644322399999979, 35.1395616 ], [ -120.6444914, 35.1399404 ], [ -120.644631499999988, 35.1401653 ], [ -120.644683199999989, 35.1402664 ], [ -120.644767299999984, 35.1403957 ], [ -120.644825499999982, 35.1404695 ], [ -120.6448606, 35.1405692 ], [ -120.6449225, 35.1406542 ], [ -120.6449505, 35.1406764 ], [ -120.64498540000001, 35.140775 ], [ -120.6451039, 35.1409609 ], [ -120.645165299999988, 35.1411038 ], [ -120.64523650000001, 35.1412079 ], [ -120.6453162, 35.1413568 ], [ -120.645629599999978, 35.1418141 ], [ -120.6457949, 35.1420926 ], [ -120.645957700000011, 35.142407 ], [ -120.646067, 35.1425844 ], [ -120.6463082, 35.1429292 ], [ -120.646425299999976, 35.1430827 ], [ -120.6465013, 35.1432033 ], [ -120.6466618, 35.1434173 ], [ -120.6470422, 35.1438663 ], [ -120.6477624, 35.1446339 ], [ -120.648294299999989, 35.1453349 ], [ -120.648414300000013, 35.1455129 ], [ -120.648677100000015, 35.1458389 ], [ -120.649029, 35.1461788 ], [ -120.6493216, 35.1464928 ], [ -120.649361399999989, 35.1465506 ], [ -120.6494451, 35.1467174 ], [ -120.649511499999988, 35.146805 ], [ -120.6496737, 35.146967 ], [ -120.6497642, 35.1470363 ], [ -120.649804300000014, 35.1470555 ], [ -120.649834699999985, 35.1470529 ], [ -120.6498975, 35.1470237 ], [ -120.6499365, 35.1470139 ], [ -120.649957199999974, 35.147015 ], [ -120.6499939, 35.1470309 ], [ -120.6500562, 35.1469667 ], [ -120.650094, 35.1469538 ], [ -120.6501283, 35.1469608 ], [ -120.650159, 35.1470105 ], [ -120.650181800000013, 35.1471022 ], [ -120.650183099999978, 35.1471715 ], [ -120.6501672, 35.1472596 ], [ -120.6501823, 35.1472876 ], [ -120.6504019, 35.1474906 ], [ -120.6504416, 35.1475055 ], [ -120.6505165, 35.1474989 ], [ -120.650548700000016, 35.1475127 ], [ -120.650589299999979, 35.1475652 ], [ -120.6506204, 35.1476375 ], [ -120.6506762, 35.1476872 ], [ -120.6507673, 35.1477115 ], [ -120.650824, 35.1477346 ], [ -120.650874500000015, 35.1477437 ], [ -120.650908699999988, 35.147763 ], [ -120.650967899999984, 35.1477651 ], [ -120.650968, 35.147793 ], [ -120.6509211, 35.1478646 ], [ -120.650923100000014, 35.1478759 ], [ -120.650999, 35.1478691 ], [ -120.651127, 35.1478245 ], [ -120.6511868, 35.1478253 ], [ -120.651212199999975, 35.147844 ], [ -120.6512181, 35.1479111 ], [ -120.6512356, 35.1479462 ], [ -120.651349599999975, 35.147975699999989 ], [ -120.6514399, 35.1480516 ], [ -120.651483, 35.1480736 ], [ -120.651528, 35.1480836 ], [ -120.6516505, 35.1480776 ], [ -120.6517088, 35.1480844 ], [ -120.6517477, 35.1481014 ], [ -120.6517895, 35.1481431 ], [ -120.651811099999989, 35.1481523 ], [ -120.651906900000014, 35.1481221 ], [ -120.651982499999988, 35.1481164 ], [ -120.652006500000013, 35.1481482 ], [ -120.65200080000001, 35.148235 ], [ -120.6520152, 35.148255399999989 ], [ -120.6520349, 35.1482547 ], [ -120.6520535, 35.1482435 ], [ -120.6521179, 35.1481733 ], [ -120.6521593, 35.1481443 ], [ -120.6522316, 35.1481198 ], [ -120.6523142, 35.1481092 ], [ -120.6523606, 35.1481287 ], [ -120.6523908, 35.1481309 ], [ -120.6524169, 35.1481515 ], [ -120.6524645, 35.1481672 ], [ -120.6524898, 35.1482019 ], [ -120.65254, 35.1482345 ], [ -120.652618499999988, 35.1482495 ], [ -120.65268970000001, 35.1482822 ], [ -120.6527266, 35.1482774 ], [ -120.6527909, 35.1482276 ], [ -120.6528422, 35.1482249 ], [ -120.652875499999979, 35.1482454 ], [ -120.6529257, 35.1483059 ], [ -120.652987599999989, 35.1483427 ], [ -120.653070899999989, 35.1483592 ], [ -120.65319, 35.1483512 ], [ -120.6532419, 35.1483719 ], [ -120.653256399999989, 35.1483936 ], [ -120.653256700000014, 35.148418 ], [ -120.653204, 35.1484948 ], [ -120.6531969, 35.1485323 ], [ -120.6532111, 35.1485622 ], [ -120.653243599999982, 35.1485975 ], [ -120.6532762, 35.1486148 ], [ -120.65330680000001, 35.1486198 ], [ -120.6534048, 35.1486133 ], [ -120.653446, 35.1486013 ], [ -120.6534852, 35.1485658 ], [ -120.6535343, 35.1484858 ], [ -120.6536116, 35.1484179 ], [ -120.653809700000011, 35.1483216 ], [ -120.653888, 35.1483093 ], [ -120.6539383, 35.1483222 ], [ -120.653965899999989, 35.1483482 ], [ -120.6539965, 35.1484203 ], [ -120.6540388, 35.1484464 ], [ -120.654076100000012, 35.1484347 ], [ -120.6541889, 35.1483478 ], [ -120.6542203, 35.1483387 ], [ -120.654254, 35.1483446 ], [ -120.6542794, 35.1483784 ], [ -120.654287, 35.1484715 ], [ -120.6542823, 35.148519 ], [ -120.654263300000011, 35.148557 ], [ -120.6542239, 35.1485891 ], [ -120.6540649, 35.1486507 ], [ -120.6540499, 35.1486695 ], [ -120.6540486, 35.1487024 ], [ -120.6539607, 35.1486898 ], [ -120.653926, 35.148703 ], [ -120.6539, 35.1487415 ], [ -120.653853500000011, 35.1488884 ], [ -120.6538473, 35.1489295 ], [ -120.653854, 35.1490362 ], [ -120.653834, 35.1491506 ], [ -120.65383820000001, 35.1491915 ], [ -120.65385830000001, 35.1492361 ], [ -120.653895799999987, 35.1492868 ], [ -120.6539739, 35.1493501 ], [ -120.6540444, 35.1493831 ], [ -120.654163400000016, 35.1494196 ], [ -120.654549499999987, 35.1494955 ], [ -120.6545894, 35.1495123 ], [ -120.6546564, 35.1495601 ], [ -120.6547325, 35.1496383 ], [ -120.6547753, 35.1496656 ], [ -120.6548756, 35.1496935 ], [ -120.654992400000012, 35.1496929 ], [ -120.655003, 35.1497073 ], [ -120.655016100000012, 35.149771699999988 ], [ -120.6550439, 35.1498166 ], [ -120.655144299999975, 35.1499121 ], [ -120.6552582, 35.1500015 ], [ -120.655396200000013, 35.1500904 ], [ -120.6554239, 35.1500942 ], [ -120.6554825, 35.1500876 ], [ -120.6555236, 35.1500966 ], [ -120.6555392, 35.1501145 ], [ -120.6555487, 35.1501671 ], [ -120.655581, 35.1501919 ], [ -120.6556027, 35.1501953 ], [ -120.655637399999989, 35.1501743 ], [ -120.6556607, 35.150174 ], [ -120.6556704, 35.1501941 ], [ -120.6556559, 35.1502385 ], [ -120.6556713, 35.1502666 ], [ -120.655902699999984, 35.1504657 ], [ -120.6560691, 35.1505653 ], [ -120.6560873, 35.1505683 ], [ -120.6561246, 35.1505576 ], [ -120.6562003, 35.1505728 ], [ -120.656208400000011, 35.1505825 ], [ -120.6562032, 35.1505911 ], [ -120.6561499, 35.1505946 ], [ -120.656176299999984, 35.150634 ], [ -120.65621920000001, 35.1506507 ], [ -120.6563164, 35.1506675 ], [ -120.656394499999976, 35.1507263 ], [ -120.6564244, 35.1507403 ], [ -120.6564971, 35.1507536 ], [ -120.6566044, 35.1507514 ], [ -120.6566388, 35.1507568 ], [ -120.6567086, 35.1507259 ], [ -120.6567427, 35.1507231 ], [ -120.656783899999979, 35.1507366 ], [ -120.656866900000011, 35.150792 ], [ -120.656937, 35.150815699999988 ], [ -120.6571344, 35.1508286 ], [ -120.657200299999985, 35.1508239 ], [ -120.65727170000001, 35.1508038 ], [ -120.65735810000001, 35.1507596 ], [ -120.6574131, 35.1507203 ], [ -120.657530900000012, 35.1506679 ], [ -120.6575942, 35.1505992 ], [ -120.6576377, 35.1505827 ], [ -120.657761900000011, 35.1506053 ], [ -120.6578467, 35.1506425 ], [ -120.657912299999978, 35.1506971 ], [ -120.657960599999981, 35.1507011 ], [ -120.65804150000001, 35.1507251 ], [ -120.6580831, 35.1507506 ], [ -120.6581067, 35.1507803 ], [ -120.658077, 35.1508083 ], [ -120.6580453, 35.150865 ], [ -120.658043399999983, 35.1509044 ], [ -120.6581191, 35.1510402 ], [ -120.65816, 35.1510948 ], [ -120.658200099999974, 35.151127699999989 ], [ -120.6583051, 35.1511834 ], [ -120.6583768, 35.1512924 ], [ -120.658427499999974, 35.1513391 ], [ -120.658934, 35.1517192 ], [ -120.6590529, 35.1517824 ], [ -120.6591008, 35.1517941 ], [ -120.6591592, 35.1517955 ], [ -120.659208, 35.1517833 ], [ -120.65924769999998, 35.1517643 ], [ -120.6593045, 35.1517167 ], [ -120.6593396, 35.1516175 ], [ -120.6593691, 35.1515926 ], [ -120.659412499999974, 35.1515942 ], [ -120.659534099999988, 35.1516502 ], [ -120.6595922, 35.1516552 ], [ -120.6596923, 35.1516346 ], [ -120.659814, 35.1515572 ], [ -120.659859399999988, 35.1515486 ], [ -120.659899099999976, 35.1515616 ], [ -120.660005500000011, 35.151621 ], [ -120.6601058, 35.1516502 ], [ -120.6601362, 35.1516777 ], [ -120.660139399999977, 35.1517184 ], [ -120.660113200000012, 35.1517953 ], [ -120.660063400000013, 35.151878 ], [ -120.6600023, 35.1519465 ], [ -120.660009, 35.1519615 ], [ -120.660050500000011, 35.1519864 ], [ -120.6600958, 35.1519943 ], [ -120.660210499999977, 35.1519966 ], [ -120.6603305, 35.1520295 ], [ -120.6604869, 35.152036099999989 ], [ -120.6605415, 35.1520553 ], [ -120.6605865, 35.1520592 ], [ -120.6606551, 35.1520501 ], [ -120.660834199999982, 35.1519957 ], [ -120.6609376, 35.1519839 ], [ -120.6610411, 35.1519502 ], [ -120.6610858, 35.1519568 ], [ -120.6611663, 35.1519866 ], [ -120.6612847, 35.1520127 ], [ -120.661319, 35.1520362 ], [ -120.6613368, 35.1520678 ], [ -120.6613083, 35.1521506 ], [ -120.661295599999988, 35.1522466 ], [ -120.6613546, 35.1522702 ], [ -120.661529399999978, 35.1523083 ], [ -120.661577900000012, 35.1523294 ], [ -120.6616258, 35.1523809 ], [ -120.6616437, 35.1524608 ], [ -120.661717400000015, 35.1525425 ], [ -120.6617355, 35.1525732 ], [ -120.66173, 35.1526121 ], [ -120.661702299999988, 35.1526319 ], [ -120.661656099999988, 35.1526426 ], [ -120.661470099999988, 35.1526559 ], [ -120.661437, 35.152666 ], [ -120.6614188, 35.152682 ], [ -120.6614147, 35.1527241 ], [ -120.6614348, 35.1527661 ], [ -120.6614982, 35.152824099999989 ], [ -120.6615796, 35.1528747 ], [ -120.661701799999989, 35.1529547 ], [ -120.661903, 35.1531074 ], [ -120.6620025, 35.1531736 ], [ -120.6621611, 35.1532576 ], [ -120.662326299999975, 35.1533295 ], [ -120.662509, 35.1533892 ], [ -120.662733300000014, 35.153438 ], [ -120.6630994, 35.1534916 ], [ -120.663247399999975, 35.1535036 ], [ -120.6633089, 35.1534982 ], [ -120.663356400000012, 35.1534816 ], [ -120.6634482, 35.1533976 ], [ -120.6634994, 35.1533827 ], [ -120.6635556, 35.1533556 ], [ -120.663596199999986, 35.1532879 ], [ -120.663642399999986, 35.1532676 ], [ -120.663676599999988, 35.1532678 ], [ -120.663756400000011, 35.1532867 ], [ -120.66387850000001, 35.1533028 ], [ -120.664018099999979, 35.1533591 ], [ -120.6643833, 35.1534341 ], [ -120.6644484, 35.1534162 ], [ -120.6645201, 35.1533669 ], [ -120.6645417, 35.1533313 ], [ -120.6645682, 35.1532399 ], [ -120.664601800000014, 35.1532022 ], [ -120.664987799999977, 35.1530921 ], [ -120.665037200000015, 35.1530858 ], [ -120.6650763, 35.1530956 ], [ -120.6651034, 35.1531159 ], [ -120.665147, 35.1531749 ], [ -120.6651921, 35.1531947 ], [ -120.6653069, 35.1532039 ], [ -120.665392399999988, 35.1531896 ], [ -120.6654109, 35.1531827 ], [ -120.665417, 35.1531688 ], [ -120.6653906, 35.1531161 ], [ -120.665391199999988, 35.1530807 ], [ -120.6654892, 35.1529501 ], [ -120.6655033, 35.1529504 ], [ -120.665519, 35.1529797 ], [ -120.665543, 35.1530018 ], [ -120.6657235, 35.1530779 ], [ -120.665815199999983, 35.1531477 ], [ -120.6659225, 35.1531623 ], [ -120.6659773, 35.1531549 ], [ -120.6660335, 35.1531157 ], [ -120.666076799999985, 35.1530993 ], [ -120.666105300000012, 35.1531023 ], [ -120.6661628, 35.1531268 ], [ -120.666232099999988, 35.1531242 ], [ -120.6662729, 35.1531147 ], [ -120.666359700000015, 35.1530679 ], [ -120.6663713, 35.153037 ], [ -120.6663772, 35.1529672 ], [ -120.666399899999988, 35.1529268 ], [ -120.666459300000014, 35.1528938 ], [ -120.666711399999983, 35.1528481 ], [ -120.6667549, 35.1528318 ], [ -120.6668278, 35.1527161 ], [ -120.6668506, 35.1526145 ], [ -120.666873599999988, 35.152574 ], [ -120.666905700000015, 35.1525662 ], [ -120.6670349, 35.1526095 ], [ -120.667088, 35.1525994 ], [ -120.6671395, 35.1525564 ], [ -120.6671764, 35.1524464 ], [ -120.6672259, 35.1524115 ], [ -120.6673043, 35.1523874 ], [ -120.6674248, 35.152364 ], [ -120.6675466, 35.1523498 ], [ -120.6677, 35.1523133 ], [ -120.6679483, 35.1522884 ], [ -120.6679803, 35.152276 ], [ -120.668045899999981, 35.1522257 ], [ -120.668093500000012, 35.1522063 ], [ -120.6683547, 35.1521496 ], [ -120.668402, 35.1521267 ], [ -120.668487500000012, 35.152115 ], [ -120.6687775, 35.1520138 ], [ -120.668935, 35.1520084 ], [ -120.6689812, 35.1520208 ], [ -120.668999099999979, 35.1520432 ], [ -120.6689941, 35.1520808 ], [ -120.6689477, 35.1521562 ], [ -120.6689559, 35.152186 ], [ -120.6689864, 35.1522084 ], [ -120.669044899999989, 35.1522261 ], [ -120.6691901, 35.1522435 ], [ -120.6692485, 35.1522396 ], [ -120.6693474, 35.1522122 ], [ -120.6695085, 35.1522312 ], [ -120.6695422, 35.1522562 ], [ -120.669534200000015, 35.1523061 ], [ -120.6695512, 35.1523422 ], [ -120.6696355, 35.1524142 ], [ -120.669719199999975, 35.1524578 ], [ -120.6698027, 35.1524904 ], [ -120.6698616, 35.1525394 ], [ -120.6699552, 35.1525295 ], [ -120.6700169, 35.1525448 ], [ -120.6700289, 35.1525615 ], [ -120.670021, 35.1525832 ], [ -120.6699457, 35.1526567 ], [ -120.6699216, 35.152696 ], [ -120.669922, 35.1527283 ], [ -120.6699401, 35.1527618 ], [ -120.670016, 35.1528304 ], [ -120.6702223, 35.1529601 ], [ -120.670430700000011, 35.1530453 ], [ -120.6706089, 35.1531 ], [ -120.6707951, 35.1531233 ], [ -120.6708425, 35.1531147 ], [ -120.670876799999988, 35.1530538 ], [ -120.6709034, 35.1530355 ], [ -120.6710219, 35.1529877 ], [ -120.671189500000011, 35.1529847 ], [ -120.671311300000013, 35.1529392 ], [ -120.6714675, 35.152906099999988 ], [ -120.6716729, 35.1528836 ], [ -120.671871700000011, 35.1528429 ], [ -120.672128300000011, 35.1528331 ], [ -120.672193799999974, 35.1528248 ], [ -120.6725657, 35.1527678 ], [ -120.6728404, 35.1527059 ], [ -120.673095800000013, 35.1527228 ], [ -120.673285299999975, 35.1527462 ], [ -120.673329899999985, 35.1527425 ], [ -120.673422699999975, 35.1527168 ], [ -120.6734737, 35.1527132 ], [ -120.6735391, 35.1527265 ], [ -120.67361910000001, 35.1527814 ], [ -120.6736563, 35.1527954 ], [ -120.6743192, 35.1529039 ], [ -120.674406, 35.1529465 ], [ -120.6745027, 35.1530212 ], [ -120.6745474, 35.1530407 ], [ -120.674630299999976, 35.1530521 ], [ -120.674677500000016, 35.1530483 ], [ -120.6747437, 35.1530284 ], [ -120.674814399999988, 35.1529872 ], [ -120.674857300000014, 35.1529805 ], [ -120.6749073, 35.1529895 ], [ -120.6750342, 35.153034 ], [ -120.675074099999989, 35.1530548 ], [ -120.6750939, 35.153078 ], [ -120.6750899, 35.1530923 ], [ -120.6750677, 35.153098 ], [ -120.6749624, 35.1530759 ], [ -120.6749306, 35.1530767 ], [ -120.674865799999978, 35.1530963 ], [ -120.6748081, 35.1531294 ], [ -120.6748154, 35.1531589 ], [ -120.674830300000011, 35.1531775 ], [ -120.6749121, 35.1532398 ], [ -120.674926, 35.1532905 ], [ -120.6749171, 35.1533067 ], [ -120.6748986, 35.1533169 ], [ -120.6747824, 35.1533237 ], [ -120.6747576, 35.1533334 ], [ -120.6747408, 35.1533502 ], [ -120.6747267, 35.153382 ], [ -120.6747212, 35.1534256 ], [ -120.674739100000011, 35.1535499 ], [ -120.674759299999977, 35.1535993 ], [ -120.6747849, 35.153633 ], [ -120.67492009999998, 35.1536761 ], [ -120.6749702, 35.1537266 ], [ -120.6749832, 35.1537717 ], [ -120.674943, 35.1538264 ], [ -120.6749352, 35.1538631 ], [ -120.6749471, 35.153903 ], [ -120.674980600000012, 35.1539379 ], [ -120.6753234, 35.1541244 ], [ -120.6753932, 35.1541479 ], [ -120.6754448, 35.1541515 ], [ -120.6754719, 35.1541829 ], [ -120.675504100000012, 35.1542014 ], [ -120.6757294, 35.1542796 ], [ -120.675810599999977, 35.154300299999989 ], [ -120.675889399999988, 35.1543345 ], [ -120.675908, 35.1543338 ], [ -120.6759652, 35.1543047 ], [ -120.67604510000001, 35.1542872 ], [ -120.6760993, 35.1542815 ], [ -120.676143200000013, 35.1542878 ], [ -120.6761581, 35.1543033 ], [ -120.6761286, 35.1543749 ], [ -120.6760539, 35.1544071 ], [ -120.6760454, 35.1544208 ], [ -120.6760962, 35.1544641 ], [ -120.676120399999988, 35.1545288 ], [ -120.676149099999989, 35.1545736 ], [ -120.676232899999988, 35.154651 ], [ -120.676318599999988, 35.154704 ], [ -120.67640609999998, 35.1547365 ], [ -120.676461499999988, 35.1547391 ], [ -120.676561400000011, 35.154721699999989 ], [ -120.6767285, 35.1547262 ], [ -120.6767381, 35.1547248 ], [ -120.6767758, 35.154714 ], [ -120.676851500000012, 35.1546768 ], [ -120.677049099999977, 35.1546161 ], [ -120.6771229, 35.1546073 ], [ -120.6771563, 35.1546143 ], [ -120.6771761, 35.1546268 ], [ -120.677204, 35.1546714 ], [ -120.677206, 35.1546872 ], [ -120.677194899999975, 35.154709 ], [ -120.677150900000015, 35.1547449 ], [ -120.6770546, 35.1547768 ], [ -120.6770316, 35.1548045 ], [ -120.677024, 35.1548691 ], [ -120.6770492, 35.154939 ], [ -120.677118799999988, 35.1550297 ], [ -120.67725870000001, 35.1551487 ], [ -120.677304, 35.1552014 ], [ -120.6773631, 35.1553041 ], [ -120.6773897, 35.1554145 ], [ -120.6774155, 35.1554768 ], [ -120.677539299999978, 35.155668 ], [ -120.677602799999988, 35.1557516 ], [ -120.677715, 35.1558706 ], [ -120.677889, 35.1560295 ], [ -120.6780677, 35.1561665 ], [ -120.678099300000014, 35.1561994 ], [ -120.678133699999975, 35.1562603 ], [ -120.678293400000015, 35.156622 ], [ -120.678352299999986, 35.1567235 ], [ -120.678453100000013, 35.1568587 ], [ -120.678654099999989, 35.1570619 ], [ -120.678828700000011, 35.1572131 ], [ -120.6789912, 35.157325299999989 ], [ -120.679171900000014, 35.1574197 ], [ -120.679482, 35.1575442 ], [ -120.679642699999988, 35.1575932 ], [ -120.6797203, 35.157595 ], [ -120.6798594, 35.1575545 ], [ -120.679902399999989, 35.1575578 ], [ -120.679928499999988, 35.157569 ], [ -120.679940300000013, 35.1576027 ], [ -120.6799055, 35.1576793 ], [ -120.6799006, 35.1577166 ], [ -120.679931, 35.157787 ], [ -120.680052499999988, 35.1579271 ], [ -120.6802344, 35.1581928 ], [ -120.6803524, 35.1583444 ], [ -120.680431499999983, 35.158422699999988 ], [ -120.680549, 35.1585065 ], [ -120.680731299999977, 35.158564 ], [ -120.6808147, 35.1585707 ], [ -120.6808796, 35.1585643 ], [ -120.6809255, 35.1585474 ], [ -120.6809717, 35.158516 ], [ -120.6810502, 35.1584304 ], [ -120.681140899999988, 35.1583894 ], [ -120.6814384, 35.158313199999988 ], [ -120.6816778, 35.1582748 ], [ -120.6818041, 35.1582248 ], [ -120.681897099999986, 35.1582024 ], [ -120.6819737, 35.158192 ], [ -120.682136700000015, 35.1581865 ], [ -120.6822616, 35.1581964 ], [ -120.682272700000013, 35.1581885 ], [ -120.6823, 35.1581263 ], [ -120.6823159, 35.1581157 ], [ -120.6823458, 35.1581169 ], [ -120.6824249, 35.1581443 ], [ -120.6824567, 35.1581321 ], [ -120.682507199999989, 35.1581309 ], [ -120.6825304, 35.158106 ], [ -120.6825189, 35.1580649 ], [ -120.68253319999998, 35.1580521 ], [ -120.682555600000015, 35.1580576 ], [ -120.682656199999983, 35.1581192 ], [ -120.6826994, 35.1581345 ], [ -120.682742499999989, 35.1581393 ], [ -120.6828581, 35.1581313 ], [ -120.6828984, 35.1581025 ], [ -120.6829169, 35.1580641 ], [ -120.6829162, 35.158033 ], [ -120.6828906, 35.1580091 ], [ -120.6828986, 35.1579864 ], [ -120.682946199999989, 35.1579625 ], [ -120.683042300000011, 35.1579514 ], [ -120.6830596, 35.1579519 ], [ -120.683105, 35.1579601 ], [ -120.683156099999977, 35.1579482 ], [ -120.6832635, 35.157894 ], [ -120.683294600000011, 35.1578444 ], [ -120.683277800000013, 35.1577929 ], [ -120.68329580000001, 35.1577716 ], [ -120.68339, 35.1577575 ], [ -120.68338820000001, 35.1577697 ], [ -120.6833568, 35.1578038 ], [ -120.6833724, 35.1578137 ], [ -120.6834525, 35.1577958 ], [ -120.683512, 35.1578005 ], [ -120.6835075, 35.1578199 ], [ -120.683323699999988, 35.1579465 ], [ -120.6833127, 35.1579614 ], [ -120.683326400000013, 35.1579633 ], [ -120.683424800000012, 35.157925899999988 ], [ -120.683495600000015, 35.1579117 ], [ -120.6835447, 35.1579249 ], [ -120.6835687, 35.1579516 ], [ -120.68354930000001, 35.1579864 ], [ -120.683447399999977, 35.1580559 ], [ -120.683389199999979, 35.1581106 ], [ -120.683408, 35.1581198 ], [ -120.6834945, 35.1581196 ], [ -120.6835191, 35.158132 ], [ -120.683531300000013, 35.1581506 ], [ -120.683521899999988, 35.1581766 ], [ -120.6834572, 35.1582481 ], [ -120.6834373, 35.1582872 ], [ -120.6834313, 35.1583335 ], [ -120.6834489, 35.1583864 ], [ -120.6835142, 35.1584697 ], [ -120.683642, 35.1585858 ], [ -120.68373170000001, 35.158699 ], [ -120.683807300000012, 35.1587721 ], [ -120.683965, 35.1588783 ], [ -120.6841471, 35.1589699 ], [ -120.684254, 35.1590031 ], [ -120.684400400000015, 35.1590264 ], [ -120.684544, 35.15909 ], [ -120.6845889, 35.1590897 ], [ -120.684775699999989, 35.1590577 ], [ -120.684836, 35.1590593 ], [ -120.68486679999998, 35.1590727 ], [ -120.6849397, 35.1591495 ], [ -120.6849846, 35.1591658 ], [ -120.6850249, 35.1591542 ], [ -120.685109, 35.1591026 ], [ -120.6852642, 35.1590247 ], [ -120.6853491, 35.1589865 ], [ -120.6853824, 35.1589791 ], [ -120.685395199999974, 35.1589865 ], [ -120.685395199999974, 35.1590001 ], [ -120.6853468, 35.159054 ], [ -120.6853386, 35.1590832 ], [ -120.6853503, 35.1591161 ], [ -120.6853873, 35.159153 ], [ -120.685605700000011, 35.1592662 ], [ -120.6857744, 35.1593817 ], [ -120.685839199999975, 35.1594126 ], [ -120.6858882, 35.1594119 ], [ -120.6859839, 35.1593569 ], [ -120.686031799999981, 35.1593421 ], [ -120.686102, 35.1593507 ], [ -120.6861099, 35.1593633 ], [ -120.6860796, 35.159412 ], [ -120.6860809, 35.1594412 ], [ -120.6861402, 35.1595291 ], [ -120.6861939, 35.1595699 ], [ -120.686232100000012, 35.159576 ], [ -120.6862762, 35.1595686 ], [ -120.686516200000014, 35.1594792 ], [ -120.686601700000011, 35.1594564 ], [ -120.686643100000012, 35.1594577 ], [ -120.686700699999989, 35.1594832 ], [ -120.686716, 35.159509 ], [ -120.686714099999975, 35.1595356 ], [ -120.6866953, 35.1595637 ], [ -120.6866324, 35.1596236 ], [ -120.6866246, 35.1596485 ], [ -120.6866349, 35.1596767 ], [ -120.6866873, 35.1597376 ], [ -120.6868227, 35.1599305 ], [ -120.6868646, 35.1600115 ], [ -120.6869026, 35.160064 ], [ -120.6869487, 35.1600928 ], [ -120.6870637, 35.1601142 ], [ -120.6870129, 35.1601693 ], [ -120.6870127, 35.1601952 ], [ -120.6870268, 35.160232 ], [ -120.6873946, 35.1607617 ], [ -120.6875526, 35.1609464 ], [ -120.6877811, 35.161189899999989 ], [ -120.688016099999984, 35.1614766 ], [ -120.6881614, 35.1616322 ], [ -120.688551499999988, 35.1619804 ], [ -120.688632, 35.1620419 ], [ -120.6886716, 35.1620566 ], [ -120.688674600000013, 35.1620287 ], [ -120.6886857, 35.1620184 ], [ -120.688756200000014, 35.1620129 ], [ -120.6887579, 35.1620318 ], [ -120.688718199999983, 35.1621007 ], [ -120.68873, 35.1621382 ], [ -120.68875389999998, 35.162165 ], [ -120.6887915, 35.1621759 ], [ -120.6888826, 35.1621552 ], [ -120.688917600000011, 35.1621653 ], [ -120.6889759, 35.1621624 ], [ -120.6889974, 35.1621681 ], [ -120.6889899, 35.1621947 ], [ -120.6889004, 35.1622918 ], [ -120.688905299999988, 35.1623364 ], [ -120.6889322, 35.1623668 ], [ -120.6889754, 35.1623735 ], [ -120.6890072, 35.1623656 ], [ -120.6891144, 35.1622741 ], [ -120.689261, 35.1622041 ], [ -120.6893688, 35.1621674 ], [ -120.6894165, 35.1621605 ], [ -120.689438200000012, 35.1621645 ], [ -120.6894163, 35.1621912 ], [ -120.6892435, 35.162288599999989 ], [ -120.689133699999985, 35.1623612 ], [ -120.689099, 35.162393 ], [ -120.6890924, 35.1624215 ], [ -120.689106399999986, 35.1624519 ], [ -120.6891298, 35.1624605 ], [ -120.689188299999984, 35.1624657 ], [ -120.689218200000013, 35.1624845 ], [ -120.6891986, 35.1625167 ], [ -120.6891261, 35.1625867 ], [ -120.6891211, 35.1626175 ], [ -120.6891392, 35.1626349 ], [ -120.689193, 35.1626569 ], [ -120.689202399999985, 35.1627108 ], [ -120.6894048, 35.1630089 ], [ -120.6898496, 35.1636215 ], [ -120.6900284, 35.1638308 ], [ -120.690057199999984, 35.1638522 ], [ -120.6900831, 35.163859 ], [ -120.6903018, 35.1638262 ], [ -120.6903852, 35.1638353 ], [ -120.6904167, 35.1638513 ], [ -120.690418399999984, 35.1638649 ], [ -120.690401899999983, 35.1638824 ], [ -120.6902871, 35.1639319 ], [ -120.6902658, 35.163948 ], [ -120.6902969, 35.1639574 ], [ -120.6904002, 35.1639598 ], [ -120.690409300000013, 35.1639667 ], [ -120.6902418, 35.164033 ], [ -120.690222299999974, 35.1640543 ], [ -120.6902277, 35.1640813 ], [ -120.6902588, 35.1640934 ], [ -120.6903283, 35.1640932 ], [ -120.6907209, 35.1640316 ], [ -120.6907822, 35.1640288 ], [ -120.6907721, 35.1640414 ], [ -120.690735, 35.1640569 ], [ -120.690499100000011, 35.1641153 ], [ -120.690487, 35.1641272 ], [ -120.690586599999989, 35.1641578 ], [ -120.6906346, 35.1641966 ], [ -120.6906511, 35.164228799999989 ], [ -120.690655400000011, 35.1643197 ], [ -120.690682599999988, 35.1643736 ], [ -120.690775699999989, 35.1644855 ], [ -120.6909044, 35.1646092 ], [ -120.691057699999988, 35.1647356 ], [ -120.6912752, 35.1648602 ], [ -120.6913961, 35.1648914 ], [ -120.691627, 35.1649193 ], [ -120.6917263, 35.1649505 ], [ -120.691903299999979, 35.165059 ], [ -120.691982599999989, 35.1650899 ], [ -120.6920138, 35.1650899 ], [ -120.6920734, 35.1650759 ], [ -120.692155, 35.1650783 ], [ -120.6922564, 35.1651015 ], [ -120.6922867, 35.1650829 ], [ -120.692312, 35.1650355 ], [ -120.6923598, 35.1650207 ], [ -120.692387, 35.16503 ], [ -120.6924022, 35.1650643 ], [ -120.6924057, 35.1652519 ], [ -120.692585400000013, 35.1654929 ], [ -120.692845800000015, 35.1657835 ], [ -120.693664, 35.1666044 ], [ -120.6939712, 35.166882 ], [ -120.6943735, 35.1672639 ], [ -120.6946567, 35.1674989 ], [ -120.6949868, 35.1677349 ], [ -120.6952746, 35.1679672 ], [ -120.695368499999987, 35.168052 ], [ -120.6954964, 35.1681485 ], [ -120.695555899999988, 35.16818 ], [ -120.6956255, 35.168177 ], [ -120.6956585, 35.1681871 ], [ -120.6956641, 35.1682006 ], [ -120.6956414, 35.1682292 ], [ -120.695652900000013, 35.1682606 ], [ -120.6957902, 35.168378 ], [ -120.6958208, 35.1683892 ], [ -120.695915700000015, 35.1683831 ], [ -120.695999700000016, 35.1683908 ], [ -120.696135, 35.1684381 ], [ -120.696153599999988, 35.1684588 ], [ -120.69612930000001, 35.1684846 ], [ -120.696124, 35.168506 ], [ -120.6961735, 35.168584 ], [ -120.6962066, 35.1685971 ], [ -120.696321, 35.1685683 ], [ -120.6963569, 35.1685695 ], [ -120.696385, 35.16858 ], [ -120.696421, 35.1686138 ], [ -120.6964568, 35.1686901 ], [ -120.6965279, 35.1687378 ], [ -120.6965356, 35.168777 ], [ -120.696659400000016, 35.1687414 ], [ -120.6966966, 35.1687463 ], [ -120.6967254, 35.1687642 ], [ -120.6967457, 35.1688002 ], [ -120.6967418, 35.1688674 ], [ -120.696754, 35.1689211 ], [ -120.6968467, 35.1689865 ], [ -120.696938800000012, 35.1691103 ], [ -120.6970568, 35.1692289 ], [ -120.6971103, 35.1692651 ], [ -120.697259500000015, 35.1693331 ], [ -120.69729430000001, 35.1693609 ], [ -120.69731560000001, 35.1693904 ], [ -120.6973729, 35.1695136 ], [ -120.6974701, 35.1696574 ], [ -120.6975153, 35.1697095 ], [ -120.697616899999986, 35.1697928 ], [ -120.6976853, 35.169868 ], [ -120.6978639, 35.1701426 ], [ -120.6980499, 35.1703458 ], [ -120.6981568, 35.1704939 ], [ -120.6982478, 35.1705783 ], [ -120.698315799999989, 35.1706598 ], [ -120.6984493, 35.1707733 ], [ -120.698591900000011, 35.1709174 ], [ -120.6987949, 35.1710753 ], [ -120.6989724, 35.171253799999988 ], [ -120.6990477, 35.1713135 ], [ -120.6991805, 35.1713858 ], [ -120.6992878, 35.171425 ], [ -120.6993431, 35.1714267 ], [ -120.6994342, 35.1714043 ], [ -120.699562, 35.1714482 ], [ -120.6995774, 35.171443499999988 ], [ -120.699601199999989, 35.1714159 ], [ -120.699635, 35.1714162 ], [ -120.6996588, 35.1714376 ], [ -120.6996802, 35.1715213 ], [ -120.699702300000013, 35.1715613 ], [ -120.6997371, 35.1715918 ], [ -120.699787699999987, 35.1716109 ], [ -120.6998252, 35.1716138 ], [ -120.699857400000013, 35.1716071 ], [ -120.699996, 35.171523 ], [ -120.7000301, 35.1715147 ], [ -120.700057, 35.1715186 ], [ -120.700076199999984, 35.1715408 ], [ -120.7000984, 35.1716317 ], [ -120.700158, 35.1716814 ], [ -120.70023, 35.1717138 ], [ -120.700288300000011, 35.1717278 ], [ -120.7003552, 35.1717291 ], [ -120.700434699999988, 35.1717092 ], [ -120.700456500000016, 35.1717117 ], [ -120.70048, 35.1717284 ], [ -120.7005207, 35.1717791 ], [ -120.700578, 35.1718105 ], [ -120.700612699999979, 35.1718132 ], [ -120.7006402, 35.171806 ], [ -120.700732, 35.1717437 ], [ -120.700751299999979, 35.171739699999989 ], [ -120.7007731, 35.1717607 ], [ -120.700802299999978, 35.1718604 ], [ -120.7008254, 35.1718828 ], [ -120.700849699999978, 35.171892 ], [ -120.700925200000015, 35.1718958 ], [ -120.701056699999981, 35.171876 ], [ -120.7011186, 35.1718456 ], [ -120.701145, 35.1717963 ], [ -120.7011628, 35.1717886 ], [ -120.701251, 35.1718496 ], [ -120.7013009, 35.171924499999989 ], [ -120.70134, 35.171954 ], [ -120.7014209, 35.1719549 ], [ -120.7014861, 35.1719647 ], [ -120.7016142, 35.1720017 ], [ -120.7016319, 35.171979799999988 ], [ -120.7016353, 35.1719204 ], [ -120.7016424, 35.1719135 ], [ -120.701654299999987, 35.1719322 ], [ -120.701667, 35.1720029 ], [ -120.7017052, 35.1720845 ], [ -120.7017237, 35.1721109 ], [ -120.701763599999978, 35.1721382 ], [ -120.701862, 35.1721765 ], [ -120.701968499999978, 35.1721991 ], [ -120.7021077, 35.1722069 ], [ -120.7021753, 35.1722017 ], [ -120.702226700000011, 35.1721872 ], [ -120.7022639, 35.1721941 ], [ -120.7024459, 35.172280199999989 ], [ -120.7026064, 35.1724049 ], [ -120.702651800000012, 35.1724277 ], [ -120.702627799999988, 35.1723843 ], [ -120.7025267, 35.1722721 ], [ -120.7025221, 35.1722611 ], [ -120.702531899999983, 35.1722613 ], [ -120.702639499999989, 35.1723472 ], [ -120.702818099999988, 35.1725316 ], [ -120.702940599999977, 35.1726298 ], [ -120.703008, 35.1726632 ], [ -120.7032841, 35.1727511 ], [ -120.7033432, 35.1727605 ], [ -120.70339989999998, 35.1727435 ], [ -120.7034041, 35.1727287 ], [ -120.7033793, 35.1726358 ], [ -120.703388, 35.172627299999988 ], [ -120.7034267, 35.1726244 ], [ -120.70344129999998, 35.1726007 ], [ -120.703465, 35.1726053 ], [ -120.7036182, 35.172677 ], [ -120.7037211, 35.1727482 ], [ -120.7037819, 35.1727774 ], [ -120.7038875, 35.1728199 ], [ -120.7040342, 35.172857 ], [ -120.7041278, 35.1729492 ], [ -120.704292, 35.1730427 ], [ -120.7043271, 35.1730852 ], [ -120.704325399999988, 35.1731203 ], [ -120.7042801, 35.1731294 ], [ -120.704196399999987, 35.1731158 ], [ -120.70418260000001, 35.1731299 ], [ -120.7041994, 35.1731597 ], [ -120.7042934, 35.1732618 ], [ -120.70436, 35.173284 ], [ -120.704478499999979, 35.1732934 ], [ -120.704631400000011, 35.1732942 ], [ -120.704691400000016, 35.1733119 ], [ -120.704716, 35.1733528 ], [ -120.7047113, 35.1734533 ], [ -120.704717699999989, 35.1734903 ], [ -120.704737900000012, 35.1735204 ], [ -120.7047935, 35.173561 ], [ -120.704895400000012, 35.1736043 ], [ -120.704960199999988, 35.1736228 ], [ -120.7051308, 35.1736262 ], [ -120.7051903, 35.1736424 ], [ -120.7055267, 35.1738724 ], [ -120.705614900000015, 35.1739144 ], [ -120.7056391, 35.1739171 ], [ -120.7056487, 35.1739085 ], [ -120.705653099999978, 35.1738232 ], [ -120.7056336, 35.1737605 ], [ -120.705677600000016, 35.1737681 ], [ -120.7056818, 35.173749 ], [ -120.7056913, 35.1737494 ], [ -120.705842300000015, 35.1738589 ], [ -120.7060138, 35.1740241 ], [ -120.7060938, 35.1740617 ], [ -120.7061735, 35.1740764 ], [ -120.7062132, 35.1740621 ], [ -120.706216499999982, 35.1740346 ], [ -120.7061692, 35.1739489 ], [ -120.7061627, 35.1739231 ], [ -120.7061794, 35.173894 ], [ -120.706218, 35.1738839 ], [ -120.7062834, 35.1738983 ], [ -120.7063446, 35.1739376 ], [ -120.7063816, 35.173984 ], [ -120.706414400000014, 35.1740674 ], [ -120.706466499999976, 35.174115 ], [ -120.706542200000015, 35.1741425 ], [ -120.706617799999989, 35.174149 ], [ -120.7066486, 35.1741385 ], [ -120.706694700000014, 35.1740954 ], [ -120.7067249, 35.1740921 ], [ -120.7067645, 35.1741148 ], [ -120.706787100000014, 35.1741916 ], [ -120.7068174, 35.1742197 ], [ -120.7068392, 35.1742186 ], [ -120.7068609, 35.1742058 ], [ -120.7069486, 35.1740832 ], [ -120.706995699999979, 35.1740521 ], [ -120.707034900000011, 35.1740424 ], [ -120.7070959, 35.1740535 ], [ -120.707232600000012, 35.1741208 ], [ -120.7074023, 35.1741839 ], [ -120.7074235, 35.1741796 ], [ -120.707422, 35.1741626 ], [ -120.707347500000012, 35.1740806 ], [ -120.7073429, 35.1740672 ], [ -120.707350599999984, 35.1740591 ], [ -120.7073849, 35.1740595 ], [ -120.707439900000011, 35.1740729 ], [ -120.7076205, 35.174142 ], [ -120.7078249, 35.1741753 ], [ -120.7079622, 35.1742141 ], [ -120.7079847, 35.1742134 ], [ -120.707987, 35.1741931 ], [ -120.7080039, 35.174184 ], [ -120.708079, 35.1741916 ], [ -120.708204599999988, 35.174245 ], [ -120.7083198, 35.1742788 ], [ -120.708398, 35.1743157 ], [ -120.7085331, 35.174417 ], [ -120.7086891, 35.1745695 ], [ -120.7087566, 35.1746136 ], [ -120.7089035, 35.1746896 ], [ -120.708978499999986, 35.1747235 ], [ -120.7090963, 35.1747567 ], [ -120.7092058, 35.1747713 ], [ -120.7092589, 35.1747857 ], [ -120.7094854, 35.1748778 ], [ -120.7095856, 35.174935 ], [ -120.7096504, 35.1749554 ], [ -120.7097171, 35.1749534 ], [ -120.7097626, 35.1749331 ], [ -120.7097868, 35.1748378 ], [ -120.7099181, 35.1746933 ], [ -120.7100448, 35.1746658 ], [ -120.7101727, 35.1746524 ], [ -120.7101678, 35.1746347 ], [ -120.7101054, 35.1745819 ], [ -120.710105, 35.1745702 ], [ -120.71015460000001, 35.1745922 ], [ -120.7102377, 35.1746563 ], [ -120.7104237, 35.1747564 ], [ -120.710487, 35.1747782 ], [ -120.7105472, 35.1747837 ], [ -120.7106296, 35.1747753 ], [ -120.7106974, 35.1747595 ], [ -120.710873, 35.1746817 ], [ -120.710892099999981, 35.1746646 ], [ -120.7109009, 35.1746438 ], [ -120.7108853, 35.1745445 ], [ -120.7109011, 35.1745352 ], [ -120.7109282, 35.1745372 ], [ -120.7109936, 35.1745572 ], [ -120.711026100000012, 35.1745768 ], [ -120.7110664, 35.1745803 ], [ -120.7111841, 35.1746455 ], [ -120.7113543, 35.1746984 ], [ -120.7114388, 35.1747416 ], [ -120.711463, 35.1747632 ], [ -120.7114896, 35.1748139 ], [ -120.711592900000014, 35.1748801 ], [ -120.711700600000015, 35.1749757 ], [ -120.711787, 35.1750734 ], [ -120.711800299999979, 35.175097 ], [ -120.7117994, 35.175114199999989 ], [ -120.7117848, 35.1751254 ], [ -120.7117379, 35.1751372 ], [ -120.7117331, 35.1751458 ], [ -120.7117405, 35.1751566 ], [ -120.711835600000015, 35.1752026 ], [ -120.7119087, 35.1752808 ], [ -120.7120149, 35.1753349 ], [ -120.7121141, 35.1753642 ], [ -120.712463, 35.1754443 ], [ -120.712791200000012, 35.1755631 ], [ -120.7132016, 35.1756943 ], [ -120.713527, 35.1757799 ], [ -120.7137976, 35.1758371 ], [ -120.71426049999998, 35.1759032 ], [ -120.714427699999987, 35.1759422 ], [ -120.7145287, 35.1759493 ], [ -120.7148403, 35.1759931 ], [ -120.7150084, 35.1760029 ], [ -120.71518420000001, 35.1759977 ], [ -120.7154172, 35.1759764 ], [ -120.716072, 35.1758617 ], [ -120.716248799999974, 35.1758084 ], [ -120.71644520000001, 35.1757203 ], [ -120.7165625, 35.1756776 ], [ -120.7168485, 35.1755974 ], [ -120.7168882, 35.1755791 ], [ -120.7169157, 35.1755557 ], [ -120.7169252, 35.1755168 ], [ -120.716905499999982, 35.1753922 ], [ -120.7168578, 35.1752572 ], [ -120.7167001, 35.1750796 ], [ -120.71660510000001, 35.1749329 ], [ -120.716481, 35.1748121 ], [ -120.716448599999978, 35.1747614 ], [ -120.7163721, 35.1745617 ], [ -120.7163662, 35.1744179 ], [ -120.7162896, 35.1742923 ], [ -120.7162897, 35.1742665 ], [ -120.7163088, 35.1742282 ], [ -120.71630780000001, 35.1742039 ], [ -120.716243800000015, 35.1740891 ], [ -120.716208200000011, 35.1740586 ], [ -120.7161912, 35.174028799999988 ], [ -120.7161934, 35.1739704 ], [ -120.716240399999975, 35.1739096 ], [ -120.7162612, 35.173902 ], [ -120.71630540000001, 35.1739136 ], [ -120.7163305, 35.1739128 ], [ -120.716376400000016, 35.1738779 ], [ -120.7164127, 35.1738639 ], [ -120.7164504, 35.173861699999989 ], [ -120.71648780000001, 35.1738694 ], [ -120.7165216, 35.1738827 ], [ -120.716549199999989, 35.1739068 ], [ -120.716591900000012, 35.1739229 ], [ -120.7166004, 35.1739461 ], [ -120.7165951, 35.1740144 ], [ -120.716604499999988, 35.1740242 ], [ -120.7166353, 35.1740124 ], [ -120.716723, 35.1739316 ], [ -120.716761100000014, 35.1739118 ], [ -120.716806100000014, 35.1739035 ], [ -120.7168661, 35.173901 ], [ -120.716899700000013, 35.1739105 ], [ -120.7169656, 35.1739765 ], [ -120.7170044, 35.1739947 ], [ -120.717037, 35.1739939 ], [ -120.7170865, 35.1739727 ], [ -120.717107899999988, 35.173972 ], [ -120.7171266, 35.1739906 ], [ -120.7171586, 35.1740669 ], [ -120.7171974, 35.1740992 ], [ -120.7172568, 35.1741066 ], [ -120.717336499999988, 35.1740891 ], [ -120.717376, 35.1740885 ], [ -120.7174035, 35.174101 ], [ -120.7174567, 35.1741613 ], [ -120.7174772, 35.1741726 ], [ -120.717504800000015, 35.1741772 ], [ -120.7175606, 35.1741651 ], [ -120.7175825, 35.1741691 ], [ -120.717592400000015, 35.1741845 ], [ -120.7175812, 35.1742063 ], [ -120.717537599999986, 35.174235599999989 ], [ -120.7174896, 35.1742541 ], [ -120.717509099999987, 35.1742686 ], [ -120.7176186, 35.1743013 ], [ -120.717695499999977, 35.174309099999988 ], [ -120.7179561, 35.1743079 ], [ -120.718093299999978, 35.1743154 ], [ -120.7182217, 35.1743413 ], [ -120.718358599999974, 35.1743906 ], [ -120.718403599999974, 35.1743989 ], [ -120.7184772, 35.1743966 ], [ -120.718599900000015, 35.1743737 ], [ -120.718608499999974, 35.1743882 ], [ -120.7186062, 35.1744554 ], [ -120.718633200000014, 35.1745003 ], [ -120.7187434, 35.1745772 ], [ -120.7188134, 35.1746037 ], [ -120.718868199999989, 35.1746058 ], [ -120.7189028, 35.1745874 ], [ -120.7189543, 35.1745175 ], [ -120.718991800000012, 35.1744258 ], [ -120.719014399999978, 35.17441 ], [ -120.719041499999989, 35.1744105 ], [ -120.7190649, 35.1744261 ], [ -120.7190772, 35.1744491 ], [ -120.719078200000013, 35.1745594 ], [ -120.7190577, 35.1746033 ], [ -120.71898250000001, 35.174669 ], [ -120.718979499999989, 35.1746944 ], [ -120.718991, 35.1747239 ], [ -120.7190086, 35.1747379 ], [ -120.7190454, 35.1747361 ], [ -120.719079499999978, 35.1747602 ], [ -120.7191195, 35.1748314 ], [ -120.719145, 35.1748418 ], [ -120.71920129999998, 35.174915 ], [ -120.719337400000015, 35.1750388 ], [ -120.719496299999989, 35.1751245 ], [ -120.7197459, 35.1752171 ], [ -120.7201117, 35.1752319 ], [ -120.7201703, 35.1752404 ], [ -120.720307, 35.1752774 ], [ -120.720442, 35.1752543 ], [ -120.7206775, 35.1752539 ], [ -120.7207371, 35.1752384 ], [ -120.7208374, 35.1751923 ], [ -120.720856, 35.1751701 ], [ -120.7208582, 35.1751329 ], [ -120.7208745, 35.1751167 ], [ -120.7209344, 35.1750988 ], [ -120.720994, 35.1750938 ], [ -120.7210337, 35.1750818 ], [ -120.721163499999975, 35.174997 ], [ -120.721237899999977, 35.1749823 ], [ -120.7213561, 35.1749809 ], [ -120.721433199999979, 35.175007 ], [ -120.7214756, 35.1750342 ], [ -120.7214963, 35.1750587 ], [ -120.721511400000011, 35.1751501 ], [ -120.72155, 35.1752502 ], [ -120.7215526, 35.1753494 ], [ -120.721573799999987, 35.1753878 ], [ -120.72163590000001, 35.1754169 ], [ -120.72175, 35.1754405 ], [ -120.7218433, 35.1754492 ], [ -120.72196839999998, 35.1754474 ], [ -120.722043, 35.1754329 ], [ -120.7221632, 35.175389 ], [ -120.7221858, 35.1753738 ], [ -120.722197099999974, 35.1753409 ], [ -120.722185, 35.175218 ], [ -120.722196699999984, 35.1751847 ], [ -120.7222161, 35.1751816 ], [ -120.7223334, 35.1752285 ], [ -120.7223957, 35.1752309 ], [ -120.722417100000015, 35.1752096 ], [ -120.7224845, 35.1750741 ], [ -120.722516399999989, 35.1750478 ], [ -120.7225482, 35.1750471 ], [ -120.7225842, 35.1750623 ], [ -120.7225996, 35.1750847 ], [ -120.7225883, 35.1751952 ], [ -120.722552299999975, 35.1752612 ], [ -120.722471599999977, 35.175343 ], [ -120.722453800000011, 35.175386 ], [ -120.722449200000014, 35.1754409 ], [ -120.7224883, 35.175522 ], [ -120.722533, 35.1755668 ], [ -120.722596900000013, 35.1755943 ], [ -120.7226862, 35.1756047 ], [ -120.723037600000012, 35.175594 ], [ -120.72309460000001, 35.1755826 ], [ -120.7231341, 35.1755612 ], [ -120.72319, 35.1755056 ], [ -120.7232409, 35.1754287 ], [ -120.7232708, 35.1753662 ], [ -120.7233047, 35.1752605 ], [ -120.7233317, 35.175212099999989 ], [ -120.7234008, 35.1751418 ], [ -120.72346610000001, 35.1750507 ], [ -120.7235162, 35.1750162 ], [ -120.723546700000014, 35.175011399999988 ], [ -120.7236907, 35.1750152 ], [ -120.7237316, 35.1749996 ], [ -120.723794899999987, 35.1749494 ], [ -120.7238372, 35.1749618 ], [ -120.7239865, 35.1749192 ], [ -120.724037900000013, 35.174921 ], [ -120.7241554, 35.1749456 ], [ -120.7242957, 35.1749542 ], [ -120.724409799999989, 35.1749345 ], [ -120.7245196, 35.1749284 ], [ -120.724587299999982, 35.1749086 ], [ -120.7245991, 35.1748966 ], [ -120.7246054, 35.1748693 ], [ -120.7245995, 35.1747785 ], [ -120.7246209, 35.1747065 ], [ -120.724626699999973, 35.1746492 ], [ -120.7246879, 35.1746799 ], [ -120.7247241, 35.1746735 ], [ -120.7247527, 35.1746578 ], [ -120.724792299999976, 35.1746121 ], [ -120.724871099999987, 35.1744674 ], [ -120.7249139, 35.1743314 ], [ -120.7249548, 35.1742647 ], [ -120.724998, 35.1742213 ], [ -120.725041, 35.174194 ], [ -120.7250878, 35.1741793 ], [ -120.7251562, 35.1741796 ], [ -120.7251776, 35.1741871 ], [ -120.7497949, 35.1560558 ], [ -120.7497864, 35.1560277 ], [ -120.749798099999978, 35.1559977 ], [ -120.7498219, 35.1559751 ], [ -120.7498517, 35.1559681 ], [ -120.7498849, 35.1559731 ], [ -120.7500022, 35.1560343 ], [ -120.7502593, 35.1562214 ], [ -120.750406199999986, 35.1563143 ], [ -120.7505624, 35.1564457 ], [ -120.750639, 35.1564873 ], [ -120.7507625, 35.1565753 ], [ -120.750864799999988, 35.1566355 ], [ -120.751298299999988, 35.1569822 ], [ -120.7514776, 35.1571119 ], [ -120.7516963, 35.1572492 ], [ -120.7518954, 35.1573985 ], [ -120.752104500000016, 35.1575692 ], [ -120.7522391, 35.157719199999988 ], [ -120.7523238, 35.1577821 ], [ -120.752445400000013, 35.1578924 ], [ -120.752631, 35.1579921 ], [ -120.7528438, 35.1581262 ], [ -120.7529821, 35.1581936 ], [ -120.7530971, 35.1582812 ], [ -120.75329210000001, 35.1584516 ], [ -120.7534331, 35.1585293 ], [ -120.753731300000013, 35.1587291 ], [ -120.753958499999982, 35.1589143 ], [ -120.754046300000013, 35.1589691 ], [ -120.7542656, 35.1591346 ], [ -120.7543284, 35.1591728 ], [ -120.754381400000014, 35.1591928 ], [ -120.7544587, 35.1591905 ], [ -120.7545205, 35.1592148 ], [ -120.75461820000001, 35.1592017 ], [ -120.754633399999989, 35.1591874 ], [ -120.754628399999987, 35.1591639 ], [ -120.754558, 35.1590612 ], [ -120.7545626, 35.1590468 ], [ -120.754581, 35.1590496 ], [ -120.7546444, 35.1591063 ], [ -120.7547564, 35.1591661 ], [ -120.7547587, 35.1591942 ], [ -120.7547738, 35.1592208 ], [ -120.7548274, 35.1592784 ], [ -120.7548861, 35.1593188 ], [ -120.754983599999989, 35.1593367 ], [ -120.7550367, 35.1593069 ], [ -120.7550829, 35.1593042 ], [ -120.7551299, 35.1593097 ], [ -120.7551573, 35.159325 ], [ -120.7552289, 35.1594203 ], [ -120.7552275, 35.1594451 ], [ -120.7552126, 35.1594727 ], [ -120.755151699999985, 35.1595095 ], [ -120.7551621, 35.1595311 ], [ -120.755206500000014, 35.1595691 ], [ -120.755206, 35.1595838 ], [ -120.7551833, 35.1596155 ], [ -120.7552016, 35.1596434 ], [ -120.7554306, 35.1597026 ], [ -120.7556088, 35.1597661 ], [ -120.7558137, 35.1598728 ], [ -120.7558819, 35.1599159 ], [ -120.755999599999981, 35.1599627 ], [ -120.7560977, 35.1599778 ], [ -120.7561863, 35.1599593 ], [ -120.7562419, 35.1599552 ], [ -120.75626410000001, 35.1599464 ], [ -120.756300599999989, 35.1598974 ], [ -120.7563551, 35.1599012 ], [ -120.7565069, 35.1599676 ], [ -120.756535199999973, 35.1599923 ], [ -120.75656690000001, 35.160053 ], [ -120.756597, 35.1601875 ], [ -120.756616399999984, 35.1602187 ], [ -120.756824900000012, 35.1602598 ], [ -120.756949, 35.1602656 ], [ -120.7569985, 35.1602566 ], [ -120.7570613, 35.1602277 ], [ -120.7571094, 35.1602248 ], [ -120.757428800000014, 35.1601618 ], [ -120.757561199999984, 35.1601144 ], [ -120.7575967, 35.1600903 ], [ -120.7576141, 35.160059 ], [ -120.757727, 35.1600602 ], [ -120.7578131, 35.1600335 ], [ -120.7578865, 35.1599811 ], [ -120.7579129, 35.1599151 ], [ -120.7580041, 35.1598961 ], [ -120.75805050000001, 35.1598458 ], [ -120.758091799999988, 35.15983 ], [ -120.758127300000012, 35.1598363 ], [ -120.7581797, 35.1598688 ], [ -120.758228699999989, 35.1598877 ], [ -120.7583329, 35.1599034 ], [ -120.758538300000012, 35.1598877 ], [ -120.7586784, 35.1598423 ], [ -120.7587881, 35.159818699999988 ], [ -120.758958600000014, 35.1598083 ], [ -120.759073199999989, 35.1597659 ], [ -120.7591052, 35.1597905 ], [ -120.759178299999988, 35.1597987 ], [ -120.759543499999978, 35.1597999 ], [ -120.7596018, 35.1597867 ], [ -120.75967009999998, 35.1597363 ], [ -120.7597395, 35.159701399999989 ], [ -120.759764499999989, 35.159712 ], [ -120.7598022, 35.1597113 ], [ -120.7598848, 35.1597418 ], [ -120.7599667, 35.1597607 ], [ -120.7601256, 35.1597635 ], [ -120.7601764, 35.1597498 ], [ -120.7602011, 35.1597346 ], [ -120.7602423, 35.1596093 ], [ -120.7602676, 35.1595946 ], [ -120.760306199999974, 35.1595874 ], [ -120.7603353, 35.1595923 ], [ -120.7603397, 35.1596164 ], [ -120.760359400000013, 35.1596257 ], [ -120.760405299999988, 35.1596313 ], [ -120.760464899999974, 35.159625 ], [ -120.760493899999986, 35.1596311 ], [ -120.7605021, 35.1596493 ], [ -120.760491899999977, 35.1596899 ], [ -120.7604959, 35.1597052 ], [ -120.760524499999988, 35.1597365 ], [ -120.760563799999986, 35.1597549 ], [ -120.7605945, 35.1597554 ], [ -120.7606302, 35.159742 ], [ -120.7606581, 35.1597218 ], [ -120.760688399999978, 35.159684 ], [ -120.7607221, 35.1596727 ], [ -120.7607637, 35.1596834 ], [ -120.7608048, 35.159746 ], [ -120.760836200000014, 35.1597729 ], [ -120.7608673, 35.1597843 ], [ -120.7608915, 35.159782799999988 ], [ -120.76094759999998, 35.1597594 ], [ -120.760987799999981, 35.1597516 ], [ -120.7610983, 35.1597474 ], [ -120.7612219, 35.159753 ], [ -120.7612351, 35.1597624 ], [ -120.7611882, 35.1598026 ], [ -120.7611967, 35.159829 ], [ -120.761181099999973, 35.1598613 ], [ -120.761195099999981, 35.1598714 ], [ -120.7612246, 35.1598758 ], [ -120.761358299999984, 35.1598658 ], [ -120.7613941, 35.1598739 ], [ -120.761420199999975, 35.1599723 ], [ -120.7613926, 35.1600591 ], [ -120.7613955, 35.1600887 ], [ -120.7614243, 35.1601278 ], [ -120.7614714, 35.1601682 ], [ -120.761571800000013, 35.1602224 ], [ -120.7616921, 35.160251 ], [ -120.7618601, 35.1603177 ], [ -120.762039399999978, 35.1604059 ], [ -120.7621999, 35.1604545 ], [ -120.7622752, 35.1604584 ], [ -120.7623893, 35.160422 ], [ -120.7625354, 35.1604669 ], [ -120.7626768, 35.160496 ], [ -120.7627285, 35.1604981 ], [ -120.7627692, 35.1604909 ], [ -120.762821699999989, 35.1604461 ], [ -120.7628458, 35.1604395 ], [ -120.762957899999989, 35.1604879 ], [ -120.763071399999987, 35.1604748 ], [ -120.7631137, 35.1604821 ], [ -120.7631577, 35.1605081 ], [ -120.763183899999987, 35.1605604 ], [ -120.7632279, 35.1605942 ], [ -120.763312099999979, 35.1606273 ], [ -120.76343989999998, 35.1606592 ], [ -120.763495, 35.1606659 ], [ -120.7635362, 35.1607104 ], [ -120.763739199999989, 35.1608128 ], [ -120.7638276, 35.160879 ], [ -120.7638753, 35.1609046 ], [ -120.7640446, 35.1609403 ], [ -120.7641573, 35.1609838 ], [ -120.764191900000014, 35.1609881 ], [ -120.76427, 35.1609784 ], [ -120.7643179, 35.1609809 ], [ -120.7645477, 35.1610441 ], [ -120.7645614, 35.1610565 ], [ -120.764558699999981, 35.1610758 ], [ -120.764574, 35.1611016 ], [ -120.764582, 35.1611491 ], [ -120.7646222, 35.161192199999988 ], [ -120.764691500000012, 35.1612346 ], [ -120.7647739, 35.1612725 ], [ -120.7648444, 35.1613195 ], [ -120.7648769, 35.1613287 ], [ -120.764923599999989, 35.1613284 ], [ -120.7649793, 35.1614025 ], [ -120.7650947, 35.1614703 ], [ -120.765168500000016, 35.1614924 ], [ -120.76546, 35.1615264 ], [ -120.765566299999989, 35.1615534 ], [ -120.7657268, 35.1615475 ], [ -120.7659091, 35.1615806 ], [ -120.766095600000014, 35.1616435 ], [ -120.766168, 35.1616401 ], [ -120.7661805, 35.1616527 ], [ -120.76618830000001, 35.1617441 ], [ -120.7662002, 35.1617652 ], [ -120.766281299999989, 35.1618289 ], [ -120.766385, 35.161892 ], [ -120.7664773, 35.1619152 ], [ -120.7665023, 35.1619091 ], [ -120.7665295, 35.1618846 ], [ -120.7665448, 35.1618846 ], [ -120.766598800000011, 35.1619251 ], [ -120.7666872, 35.1619671 ], [ -120.76683, 35.1619931 ], [ -120.76697, 35.1620618 ], [ -120.7670542, 35.1620773 ], [ -120.767111599999978, 35.1620961 ], [ -120.7671669, 35.1621024 ], [ -120.767199, 35.1621249 ], [ -120.7673244, 35.1622723 ], [ -120.767432299999982, 35.162343899999989 ], [ -120.7675164, 35.1623768 ], [ -120.7675772, 35.1623837 ], [ -120.767653399999986, 35.1623778 ], [ -120.7676909, 35.1623934 ], [ -120.7678472, 35.1624303 ], [ -120.7679761, 35.1624762 ], [ -120.768071699999979, 35.1625312 ], [ -120.7681825, 35.1625805 ], [ -120.7682582, 35.1626277 ], [ -120.7682832, 35.1626329 ], [ -120.7683288, 35.162629 ], [ -120.768389099999979, 35.1626708 ], [ -120.768422, 35.1626849 ], [ -120.768445700000015, 35.1626863 ], [ -120.7684894, 35.1626646 ], [ -120.7685095, 35.1626633 ], [ -120.7685272, 35.1626746 ], [ -120.7685362, 35.1627017 ], [ -120.768549799999988, 35.1627061 ], [ -120.76859060000001, 35.1626737 ], [ -120.768609200000014, 35.1626842 ], [ -120.7686388, 35.1627352 ], [ -120.768657, 35.1627462 ], [ -120.7686961, 35.162749 ], [ -120.7687929, 35.1627724 ], [ -120.7688365, 35.1627681 ], [ -120.768873, 35.1627546 ], [ -120.768887799999973, 35.1627593 ], [ -120.769018499999987, 35.1628537 ], [ -120.769059899999988, 35.1628625 ], [ -120.769098, 35.1628837 ], [ -120.7691852, 35.1630125 ], [ -120.769269599999987, 35.1630856 ], [ -120.7693131, 35.1631041 ], [ -120.76936809999998, 35.163113 ], [ -120.7694538, 35.1631018 ], [ -120.769474699999989, 35.1631074 ], [ -120.769468800000013, 35.1631238 ], [ -120.769474699999989, 35.1631371 ], [ -120.769561, 35.1632447 ], [ -120.769671300000013, 35.1633184 ], [ -120.7698331, 35.163475 ], [ -120.770024, 35.1636136 ], [ -120.7700386, 35.1636028 ], [ -120.7700458, 35.1635394 ], [ -120.770065, 35.163525 ], [ -120.770090199999984, 35.163529 ], [ -120.770099699999989, 35.163553 ], [ -120.7700779, 35.163598 ], [ -120.7700805, 35.1636252 ], [ -120.770099499999986, 35.1636475 ], [ -120.770143, 35.1636741 ], [ -120.7701683, 35.1636791 ], [ -120.7702008, 35.1636743 ], [ -120.770285499999986, 35.1636281 ], [ -120.7703535, 35.1636461 ], [ -120.770455899999988, 35.1636359 ], [ -120.770541, 35.1636408 ], [ -120.7707189, 35.163698 ], [ -120.7708287, 35.1637733 ], [ -120.770884, 35.1637972 ], [ -120.7709208, 35.1638308 ], [ -120.770962900000015, 35.1639025 ], [ -120.771080200000014, 35.1639897 ], [ -120.7711035, 35.163996 ], [ -120.771153, 35.1639905 ], [ -120.7711732, 35.1639622 ], [ -120.7712153, 35.1639717 ], [ -120.7712412, 35.1639958 ], [ -120.771264699999989, 35.1640634 ], [ -120.771259199999974, 35.1640927 ], [ -120.7712217, 35.1641413 ], [ -120.7712445, 35.1641923 ], [ -120.771295900000013, 35.1642389 ], [ -120.771338, 35.1642666 ], [ -120.7713692, 35.1642711 ], [ -120.7713946, 35.164299 ], [ -120.7714984, 35.1643691 ], [ -120.7715545, 35.1643847 ], [ -120.77159420000001, 35.1644095 ], [ -120.7716241, 35.1644582 ], [ -120.771622, 35.1645156 ], [ -120.7716406, 35.1645527 ], [ -120.771724499999976, 35.1646466 ], [ -120.7718124, 35.1647197 ], [ -120.7718408, 35.164772 ], [ -120.7719014, 35.1648266 ], [ -120.7719301, 35.1648418 ], [ -120.772007399999978, 35.1648639 ], [ -120.7720787, 35.1648654 ], [ -120.7722688, 35.164924 ], [ -120.7723791, 35.1649398 ], [ -120.7724194, 35.1649628 ], [ -120.7724092, 35.1649901 ], [ -120.772426599999974, 35.165004 ], [ -120.772523299999989, 35.1650277 ], [ -120.7726658, 35.1650832 ], [ -120.7727393, 35.1650894 ], [ -120.7728282, 35.1652197 ], [ -120.7728667, 35.1652603 ], [ -120.7730525, 35.1653659 ], [ -120.773111700000015, 35.1653877 ], [ -120.7732107, 35.1654096 ], [ -120.7733055, 35.165465399999988 ], [ -120.7733635, 35.1655289 ], [ -120.7733671, 35.1655339 ], [ -120.7734119, 35.165611 ], [ -120.773406799999989, 35.1656373 ], [ -120.7733834, 35.1656719 ], [ -120.773377200000013, 35.1657115 ], [ -120.773401799999988, 35.1657639 ], [ -120.7734035, 35.1657905 ], [ -120.773380800000012, 35.1658267 ], [ -120.773321700000011, 35.1658662 ], [ -120.7732938, 35.1659572 ], [ -120.773309399999988, 35.1660112 ], [ -120.773396299999987, 35.1661715 ], [ -120.773412, 35.1661881 ], [ -120.773451900000012, 35.1662051 ], [ -120.773456700000011, 35.1662397 ], [ -120.7734749, 35.1662641 ], [ -120.7735421, 35.1662958 ], [ -120.7736299, 35.1662945 ], [ -120.7736833, 35.16624 ], [ -120.7737389, 35.1662276 ], [ -120.7737899, 35.1662329 ], [ -120.7738802, 35.1662558 ], [ -120.773953, 35.1662875 ], [ -120.7739567, 35.1663215 ], [ -120.7739755, 35.1663625 ], [ -120.773950399999976, 35.1664086 ], [ -120.773962899999987, 35.1664723 ], [ -120.773940399999987, 35.1665099 ], [ -120.773896599999986, 35.1665448 ], [ -120.7738706, 35.1665781 ], [ -120.773858, 35.1666207 ], [ -120.773869299999987, 35.1666615 ], [ -120.773935099999974, 35.166735 ], [ -120.7740399, 35.166807 ], [ -120.7740831, 35.1668703 ], [ -120.774183499999978, 35.1669594 ], [ -120.7742969, 35.1670361 ], [ -120.7744019, 35.1670911 ], [ -120.7745227, 35.1671301 ], [ -120.7745952, 35.1671383 ], [ -120.774731800000012, 35.1671191 ], [ -120.7747947, 35.167101099999989 ], [ -120.774833, 35.1670808 ], [ -120.774879899999974, 35.1670898 ], [ -120.7749358, 35.1671126 ], [ -120.7750141, 35.1671249 ], [ -120.775049899999985, 35.1671199 ], [ -120.775103299999984, 35.1670929 ], [ -120.775182899999976, 35.1671092 ], [ -120.7752082, 35.1670982 ], [ -120.775221699999989, 35.16707 ], [ -120.775278, 35.1671019 ], [ -120.775314200000011, 35.167112 ], [ -120.7754499, 35.1671063 ], [ -120.7756128, 35.1671277 ], [ -120.775911, 35.1672277 ], [ -120.7760032, 35.1672486 ], [ -120.776101399999988, 35.1672542 ], [ -120.7762308, 35.1672828 ], [ -120.776389400000014, 35.1672953 ], [ -120.7764148, 35.1672839 ], [ -120.7764103, 35.1672614 ], [ -120.7764334, 35.1672549 ], [ -120.7764558, 35.1672617 ], [ -120.7764806, 35.1672895 ], [ -120.7765607, 35.1672866 ], [ -120.7765884, 35.1672814 ], [ -120.7766346, 35.1672532 ], [ -120.776664, 35.1672463 ], [ -120.776681399999987, 35.1672534 ], [ -120.776690699999989, 35.1672842 ], [ -120.7767082, 35.1673024 ], [ -120.7767708, 35.1673287 ], [ -120.7768298, 35.1673245 ], [ -120.7769086, 35.1672946 ], [ -120.776942, 35.167326 ], [ -120.7771493, 35.1674085 ], [ -120.777235800000014, 35.1674925 ], [ -120.7772826, 35.1675169 ], [ -120.7773001, 35.1675162 ], [ -120.777335400000013, 35.1674919 ], [ -120.7774253, 35.1674843 ], [ -120.7775726, 35.1675178 ], [ -120.7777194, 35.1674865 ], [ -120.77794729999998, 35.1675025 ], [ -120.778087099999979, 35.1675577 ], [ -120.778134400000013, 35.1675669 ], [ -120.7782437, 35.1675707 ], [ -120.778336699999983, 35.1676204 ], [ -120.7783515, 35.1676388 ], [ -120.778371100000015, 35.1677084 ], [ -120.7784866, 35.1677508 ], [ -120.7785221, 35.1677818 ], [ -120.7785326, 35.1678215 ], [ -120.778493399999974, 35.1678961 ], [ -120.778503499999985, 35.1679154 ], [ -120.7786277, 35.1679214 ], [ -120.7786958, 35.1679385 ], [ -120.7787436, 35.1679617 ], [ -120.7787732, 35.1680018 ], [ -120.7788529, 35.1680321 ], [ -120.7789335, 35.1680265 ], [ -120.7790123, 35.1680342 ], [ -120.779049, 35.1680545 ], [ -120.779175200000012, 35.1681625 ], [ -120.7792121, 35.1681855 ], [ -120.7793483, 35.1681786 ], [ -120.779402, 35.1681843 ], [ -120.779397499999988, 35.1681936 ], [ -120.77929850000001, 35.1682392 ], [ -120.779371499999982, 35.1682932 ], [ -120.779372699999982, 35.1683104 ], [ -120.779359700000015, 35.1683216 ], [ -120.7793059, 35.1683284 ], [ -120.779260099999988, 35.168316 ], [ -120.779230399999989, 35.1682957 ], [ -120.7791995, 35.1682443 ], [ -120.7791863, 35.1682372 ], [ -120.77916230000001, 35.1682491 ], [ -120.7791257, 35.1683046 ], [ -120.7791205, 35.1683249 ], [ -120.7791274, 35.1683472 ], [ -120.779193799999987, 35.1684153 ], [ -120.7792044, 35.1684564 ], [ -120.7791888, 35.1684711 ], [ -120.779133, 35.168472199999989 ], [ -120.7791216, 35.168489 ], [ -120.779131400000011, 35.1685157 ], [ -120.779180599999989, 35.1685619 ], [ -120.7791829, 35.1685908 ], [ -120.7791619, 35.16861 ], [ -120.7790749, 35.1686434 ], [ -120.7790217, 35.1687115 ], [ -120.778988099999978, 35.1687734 ], [ -120.7789859, 35.168817 ], [ -120.7790007, 35.1688748 ], [ -120.7790506, 35.1689618 ], [ -120.7790862, 35.1689925 ], [ -120.779117199999988, 35.1690013 ], [ -120.7792232, 35.1689756 ], [ -120.7794707, 35.1689665 ], [ -120.7796481, 35.1689873 ], [ -120.7799026, 35.1690404 ], [ -120.780032499999976, 35.1690926 ], [ -120.7800672, 35.1691338 ], [ -120.7801166, 35.1691362 ], [ -120.7801443, 35.1691471 ], [ -120.7802353, 35.1692038 ], [ -120.780273599999987, 35.1692359 ], [ -120.7802851, 35.1692549 ], [ -120.780274799999987, 35.169273 ], [ -120.7802249, 35.1692979 ], [ -120.7802236, 35.1693475 ], [ -120.780179, 35.1693903 ], [ -120.7801288, 35.1693968 ], [ -120.7799937, 35.169389 ], [ -120.7799476, 35.1694014 ], [ -120.779935, 35.1694203 ], [ -120.779923599999975, 35.1694736 ], [ -120.779868599999986, 35.169501 ], [ -120.7798544, 35.1695157 ], [ -120.7798575, 35.1695771 ], [ -120.7798388, 35.1695863 ], [ -120.7797804, 35.1695936 ], [ -120.7797523, 35.1696156 ], [ -120.779686, 35.1697595 ], [ -120.779677400000011, 35.1698256 ], [ -120.7796884, 35.1698649 ], [ -120.7797088, 35.1698822 ], [ -120.7797797, 35.1699129 ], [ -120.7797759, 35.1699231 ], [ -120.779737, 35.1699444 ], [ -120.7797238, 35.16996 ], [ -120.779736500000013, 35.1699984 ], [ -120.7797601, 35.1700146 ], [ -120.779855, 35.1699983 ], [ -120.7798776, 35.1700017 ], [ -120.7798895, 35.1700122 ], [ -120.77988, 35.1700252 ], [ -120.7798019, 35.170076099999989 ], [ -120.779768300000015, 35.1702061 ], [ -120.7797416, 35.1702627 ], [ -120.7797442, 35.1702947 ], [ -120.7797696, 35.1703328 ], [ -120.7798024, 35.1703543 ], [ -120.779968, 35.1703899 ], [ -120.7800343, 35.17042 ], [ -120.7800403, 35.17043 ], [ -120.78003480000001, 35.1704433 ], [ -120.7799523, 35.170495 ], [ -120.7799476, 35.1705011 ], [ -120.7799474, 35.1705834 ], [ -120.779962599999976, 35.1706443 ], [ -120.780027600000011, 35.1707992 ], [ -120.7800885, 35.1709035 ], [ -120.7801933, 35.1710184 ], [ -120.7802416, 35.1710544 ], [ -120.7803293, 35.171058 ], [ -120.7803939, 35.1710816 ], [ -120.78039459999998, 35.1711016 ], [ -120.780362599999989, 35.1711365 ], [ -120.7803737, 35.1711738 ], [ -120.7805192, 35.171352 ], [ -120.7806381, 35.1714528 ], [ -120.78073830000001, 35.1715117 ], [ -120.7807946, 35.1715295 ], [ -120.7808427, 35.1715328 ], [ -120.7809244, 35.1715199 ], [ -120.781010599999973, 35.1715283 ], [ -120.7810976, 35.1715198 ], [ -120.7811305, 35.1715291 ], [ -120.781179799999975, 35.1715637 ], [ -120.781305300000014, 35.1715426 ], [ -120.7814202, 35.1715854 ], [ -120.7814394, 35.1715994 ], [ -120.781430199999988, 35.1716153 ], [ -120.781321600000012, 35.171624699999988 ], [ -120.781307, 35.1716307 ], [ -120.7813021, 35.1716436 ], [ -120.781339, 35.171727 ], [ -120.781378, 35.171781599999989 ], [ -120.7814172, 35.1718195 ], [ -120.781469699999988, 35.1718514 ], [ -120.781583, 35.1718774 ], [ -120.781694699999989, 35.171929 ], [ -120.7817426, 35.1719395 ], [ -120.7817755, 35.1719596 ], [ -120.7818682, 35.1719924 ], [ -120.781899400000015, 35.1719907 ], [ -120.78192, 35.1719453 ], [ -120.7820269, 35.1719587 ], [ -120.7820537, 35.1719229 ], [ -120.7820853, 35.1719122 ], [ -120.782356, 35.1720084 ], [ -120.7823877, 35.1720294 ], [ -120.782382899999973, 35.1720465 ], [ -120.782356, 35.1720488 ], [ -120.782172, 35.1720284 ], [ -120.7821438, 35.1720288 ], [ -120.782128199999974, 35.172037 ], [ -120.782123, 35.1720711 ], [ -120.7821592, 35.1721533 ], [ -120.78213310000001, 35.1721912 ], [ -120.7821375, 35.1722142 ], [ -120.7821533, 35.1722356 ], [ -120.782245499999974, 35.172282 ], [ -120.7823002, 35.1723394 ], [ -120.7823499, 35.1723766 ], [ -120.782448, 35.1724253 ], [ -120.7825052, 35.1724317 ], [ -120.782581099999987, 35.1724079 ], [ -120.7827091, 35.1724557 ], [ -120.7827978, 35.172474 ], [ -120.7828393, 35.1724758 ], [ -120.782827399999988, 35.1724947 ], [ -120.782768, 35.1724996 ], [ -120.7827608, 35.1725087 ], [ -120.782899, 35.17263 ], [ -120.782930799999988, 35.1727646 ], [ -120.7829905, 35.172822599999989 ], [ -120.782999300000014, 35.1728544 ], [ -120.7829839, 35.1728644 ], [ -120.782947400000012, 35.1728559 ], [ -120.78293189999998, 35.1728588 ], [ -120.782904500000015, 35.1728898 ], [ -120.78288809999998, 35.1729337 ], [ -120.7828258, 35.172965 ], [ -120.78280190000001, 35.1730613 ], [ -120.782782799999978, 35.1730936 ], [ -120.7827265, 35.1731349 ], [ -120.782642599999988, 35.1731614 ], [ -120.7826014, 35.1731912 ], [ -120.7825689, 35.1732371 ], [ -120.782523199999986, 35.1733499 ], [ -120.782497, 35.1733836 ], [ -120.7824849, 35.1734201 ], [ -120.7824978, 35.1735369 ], [ -120.782542, 35.1736979 ], [ -120.782614399999986, 35.1739023 ], [ -120.7826801, 35.1740397 ], [ -120.7827696, 35.174155 ], [ -120.7828128, 35.1741896 ], [ -120.7828517, 35.1742025 ], [ -120.78293930000001, 35.1742102 ], [ -120.783063299999981, 35.1742923 ], [ -120.7831365, 35.1742978 ], [ -120.783157100000011, 35.1743075 ], [ -120.783173399999981, 35.1743294 ], [ -120.783221900000015, 35.1743279 ], [ -120.783243500000012, 35.1743354 ], [ -120.783265, 35.1743693 ], [ -120.783254199999988, 35.1744379 ], [ -120.7832619, 35.1744708 ], [ -120.7832831, 35.174508 ], [ -120.7833266, 35.1745541 ], [ -120.783374599999988, 35.1745851 ], [ -120.783464599999988, 35.174606499999989 ], [ -120.7835078, 35.1746269 ], [ -120.783624499999988, 35.1747666 ], [ -120.783771500000014, 35.1748658 ], [ -120.7838299, 35.1749536 ], [ -120.7838552, 35.1749558 ], [ -120.78391, 35.1749325 ], [ -120.783942099999976, 35.1749404 ], [ -120.7839428, 35.1749568 ], [ -120.783909, 35.1750206 ], [ -120.7839518, 35.1750794 ], [ -120.7839545, 35.1750957 ], [ -120.783921, 35.1751607 ], [ -120.7839198, 35.1751914 ], [ -120.7839388, 35.1752125 ], [ -120.7839729, 35.1752107 ], [ -120.7839978, 35.1752197 ], [ -120.784026099999977, 35.1752661 ], [ -120.7839991, 35.1753166 ], [ -120.7839392, 35.1753469 ], [ -120.7839185, 35.1754045 ], [ -120.783911199999977, 35.1755843 ], [ -120.783932099999987, 35.1756547 ], [ -120.7839725, 35.1757444 ], [ -120.7840239, 35.1758306 ], [ -120.784156, 35.1760186 ], [ -120.7843071, 35.1761922 ], [ -120.7843874, 35.1762661 ], [ -120.7844791, 35.1763272 ], [ -120.784512299999989, 35.1763414 ], [ -120.7845497, 35.1763403 ], [ -120.7845937, 35.1763514 ], [ -120.7846166, 35.1763647 ], [ -120.7847068, 35.1765287 ], [ -120.784813199999988, 35.176646 ], [ -120.7852189, 35.1769574 ], [ -120.7853428, 35.1770145 ], [ -120.785406400000014, 35.1770275 ], [ -120.785470499999988, 35.1770251 ], [ -120.7855116, 35.1770357 ], [ -120.7855501, 35.177036 ], [ -120.7856094, 35.1770581 ], [ -120.7856583, 35.1770599 ], [ -120.7857098, 35.1770464 ], [ -120.785766700000011, 35.1769939 ], [ -120.785782900000015, 35.1770127 ], [ -120.7858022, 35.1770616 ], [ -120.785815899999989, 35.1770691 ], [ -120.785914299999988, 35.1770334 ], [ -120.785919400000012, 35.1770266 ], [ -120.7859114, 35.1770028 ], [ -120.7859482, 35.1769945 ], [ -120.78606, 35.17702 ], [ -120.7861183, 35.1770486 ], [ -120.7861521, 35.1771068 ], [ -120.786210599999976, 35.1771503 ], [ -120.786217, 35.1771911 ], [ -120.7861942, 35.1772029 ], [ -120.786089499999989, 35.1771884 ], [ -120.7860629, 35.1771939 ], [ -120.7860452, 35.1772071 ], [ -120.7860083, 35.1772689 ], [ -120.7859863, 35.1773314 ], [ -120.7859778, 35.177399 ], [ -120.785979499999982, 35.1774884 ], [ -120.7859997, 35.1775365 ], [ -120.7860705, 35.1775792 ], [ -120.7860805, 35.1775931 ], [ -120.786077, 35.1776079 ], [ -120.7860521, 35.1776289 ], [ -120.7860321, 35.1776628 ], [ -120.786029399999975, 35.1776961 ], [ -120.786039499999987, 35.1777218 ], [ -120.786086399999974, 35.1777714 ], [ -120.786191500000015, 35.1778466 ], [ -120.7862599, 35.1778728 ], [ -120.786425599999987, 35.1778803 ], [ -120.7865022, 35.1778974 ], [ -120.786581, 35.1779009 ], [ -120.786671, 35.1779303 ], [ -120.7867228, 35.1779383 ], [ -120.786789500000012, 35.1779377 ], [ -120.786961, 35.1779192 ], [ -120.7871074, 35.1779258 ], [ -120.7871949, 35.1779697 ], [ -120.787236799999988, 35.1779653 ], [ -120.787305800000013, 35.1779789 ], [ -120.7873429, 35.1779729 ], [ -120.78738, 35.1779513 ], [ -120.7874211, 35.1779383 ], [ -120.787455099999974, 35.1779355 ], [ -120.7874906, 35.1779473 ], [ -120.7875802, 35.1779364 ], [ -120.787592199999978, 35.1779289 ], [ -120.7876092, 35.177886799999989 ], [ -120.7876285, 35.1778771 ], [ -120.7876706, 35.1778773 ], [ -120.787728, 35.1778905 ], [ -120.7877906, 35.177919 ], [ -120.787806499999988, 35.1779355 ], [ -120.7877678, 35.1779751 ], [ -120.7877447, 35.1780889 ], [ -120.7877495, 35.1781192 ], [ -120.787775799999977, 35.1781488 ], [ -120.7878481, 35.1781939 ], [ -120.7879577, 35.1782418 ], [ -120.7880324, 35.1782623 ], [ -120.7881583, 35.1782818 ], [ -120.7881986, 35.1782994 ], [ -120.7883031, 35.1783789 ], [ -120.7883857, 35.17852 ], [ -120.7885051, 35.178634 ], [ -120.7887851, 35.1788234 ], [ -120.789067, 35.1789752 ], [ -120.78922369999998, 35.179039 ], [ -120.7893973, 35.1790887 ], [ -120.789670199999975, 35.1791297 ], [ -120.7899263, 35.1791895 ], [ -120.790143199999989, 35.1791868 ], [ -120.7904322, 35.1792425 ], [ -120.7905043, 35.1792381 ], [ -120.7906022, 35.1792562 ], [ -120.7906808, 35.1792576 ], [ -120.790806599999982, 35.179234 ], [ -120.790983899999986, 35.179189 ], [ -120.7910844, 35.1792021 ], [ -120.7912355, 35.1792452 ], [ -120.7913482, 35.1792449 ], [ -120.7914419, 35.1792339 ], [ -120.7916136, 35.179248699999988 ], [ -120.7916939, 35.1792408 ], [ -120.7918009, 35.1791918 ], [ -120.791964600000014, 35.1791651 ], [ -120.792176500000011, 35.1790872 ], [ -120.792307599999987, 35.1789964 ], [ -120.792471499999976, 35.1788979 ], [ -120.792723400000014, 35.1787877 ], [ -120.7928649, 35.1787019 ], [ -120.7929004, 35.1786647 ], [ -120.7929039, 35.1786018 ], [ -120.792932, 35.178584 ], [ -120.793001800000013, 35.1785931 ], [ -120.7931106, 35.1786412 ], [ -120.7932062, 35.1786083 ], [ -120.793270799999974, 35.1786005 ], [ -120.793446799999984, 35.1786063 ], [ -120.7935704, 35.178598 ], [ -120.79364, 35.1785823 ], [ -120.7936834, 35.1785543 ], [ -120.793696399999988, 35.1785367 ], [ -120.793689500000013, 35.1784925 ], [ -120.79371110000001, 35.1784788 ], [ -120.793727299999986, 35.1784859 ], [ -120.793760600000013, 35.1785331 ], [ -120.7938122, 35.1785557 ], [ -120.7938633, 35.1785642 ], [ -120.7939261, 35.1785615 ], [ -120.7939251, 35.1785529 ], [ -120.7938867, 35.1785303 ], [ -120.793890499999989, 35.1785211 ], [ -120.7939082, 35.1785188 ], [ -120.7940891, 35.1785718 ], [ -120.7941204, 35.1786053 ], [ -120.7941484, 35.1785967 ], [ -120.794184, 35.1785633 ], [ -120.794225900000015, 35.1785524 ], [ -120.7943415, 35.1785481 ], [ -120.7943971, 35.1785585 ], [ -120.794406099999989, 35.1785649 ], [ -120.794396299999988, 35.1785721 ], [ -120.794282900000013, 35.1786013 ], [ -120.7942768, 35.1786138 ], [ -120.79429709999998, 35.1786455 ], [ -120.7942969, 35.1786622 ], [ -120.7942787, 35.178683 ], [ -120.7942183, 35.1787224 ], [ -120.79421090000001, 35.1787467 ], [ -120.794345600000014, 35.178999 ], [ -120.7944079, 35.1790793 ], [ -120.7944387, 35.1791654 ], [ -120.7945002, 35.1792436 ], [ -120.794633499999975, 35.179377 ], [ -120.79471740000001, 35.1794453 ], [ -120.7948306, 35.1795193 ], [ -120.7949155, 35.1795623 ], [ -120.7949752, 35.1795805 ], [ -120.79504080000001, 35.1795814 ], [ -120.7950794, 35.1795934 ], [ -120.795116400000012, 35.1795705 ], [ -120.795144600000015, 35.1795716 ], [ -120.795166, 35.1795912 ], [ -120.7951553, 35.1796163 ], [ -120.795159899999987, 35.1796277 ], [ -120.795235800000015, 35.1796378 ], [ -120.795275100000012, 35.1796623 ], [ -120.79528, 35.1796796 ], [ -120.795273, 35.1796933 ], [ -120.795206499999978, 35.179731 ], [ -120.7951797, 35.1797597 ], [ -120.7951667, 35.1798025 ], [ -120.7951679, 35.1798601 ], [ -120.7952317, 35.180089 ], [ -120.7952793, 35.1803539 ], [ -120.7953287, 35.1804925 ], [ -120.795413599999989, 35.180685 ], [ -120.7955159, 35.1808625 ], [ -120.795640899999981, 35.1810098 ], [ -120.7958012, 35.1811502 ], [ -120.7960961, 35.1813575 ], [ -120.796233, 35.1814287 ], [ -120.796398700000012, 35.1814961 ], [ -120.7965343, 35.181538 ], [ -120.7966633, 35.1815536 ], [ -120.7969984, 35.1816906 ], [ -120.7970918, 35.1817137 ], [ -120.7971585, 35.1817488 ], [ -120.797196899999975, 35.1817508 ], [ -120.7972928, 35.1817355 ], [ -120.7973642, 35.1818052 ], [ -120.797459499999988, 35.181877 ], [ -120.7977178, 35.1820288 ], [ -120.797784799999988, 35.1820511 ], [ -120.7978767, 35.1820423 ], [ -120.797942600000013, 35.1820604 ], [ -120.798065600000015, 35.1821401 ], [ -120.79828950000001, 35.1822681 ], [ -120.7983813, 35.1823075 ], [ -120.7985033, 35.1823441 ], [ -120.7986095, 35.1823588 ], [ -120.798714, 35.182346599999988 ], [ -120.79878309999998, 35.1823962 ], [ -120.7988203, 35.1824048 ], [ -120.7988699, 35.1824022 ], [ -120.7989696, 35.1823748 ], [ -120.7992193, 35.1823765 ], [ -120.799264099999974, 35.1823618 ], [ -120.7993364, 35.182307 ], [ -120.7993829, 35.1822268 ], [ -120.7994137, 35.182207 ], [ -120.799425899999989, 35.1822107 ], [ -120.7994383, 35.1822281 ], [ -120.7994591, 35.1823103 ], [ -120.799502, 35.1823625 ], [ -120.7995381, 35.1823768 ], [ -120.799565699999988, 35.1823763 ], [ -120.7996472, 35.1823358 ], [ -120.799673599999977, 35.1823296 ], [ -120.799719599999989, 35.1824052 ], [ -120.799754299999975, 35.1824231 ], [ -120.799806, 35.1824274 ], [ -120.799833299999989, 35.1824219 ], [ -120.7998754, 35.1823934 ], [ -120.7999112, 35.1823482 ], [ -120.7999389, 35.1823357 ], [ -120.8000081, 35.1823409 ], [ -120.800019100000014, 35.1823512 ], [ -120.8000238, 35.1823735 ], [ -120.8000387, 35.182381 ], [ -120.8001369, 35.1823485 ], [ -120.8001701, 35.1823494 ], [ -120.800193400000012, 35.1823755 ], [ -120.8001948, 35.1824529 ], [ -120.8002187, 35.1824817 ], [ -120.80026669999998, 35.1824989 ], [ -120.800423099999989, 35.1825216 ], [ -120.8004082, 35.1825384 ], [ -120.800421799999981, 35.1825608 ], [ -120.8004221, 35.1825896 ], [ -120.800445400000015, 35.1826697 ], [ -120.8004864, 35.1827262 ], [ -120.8005403, 35.1827675 ], [ -120.8005917, 35.1827778 ], [ -120.800739, 35.182753 ], [ -120.800773399999983, 35.1827332 ], [ -120.8007991, 35.1826804 ], [ -120.8008139, 35.182668 ], [ -120.8008082, 35.1827608 ], [ -120.8007933, 35.1828295 ], [ -120.800823299999976, 35.1828936 ], [ -120.8009037, 35.1829129 ], [ -120.800971100000012, 35.1828542 ], [ -120.8010106, 35.1828431 ], [ -120.8011684, 35.1828728 ], [ -120.8011732, 35.1828881 ], [ -120.8011498, 35.1829159 ], [ -120.801058700000013, 35.1829679 ], [ -120.801065900000012, 35.1830482 ], [ -120.8011057, 35.183109 ], [ -120.8011614, 35.1831643 ], [ -120.8012437, 35.1832262 ], [ -120.8013082, 35.183260499999989 ], [ -120.8013783, 35.1832874 ], [ -120.801420799999988, 35.1832935 ], [ -120.801549200000011, 35.1832465 ], [ -120.80171, 35.1832401 ], [ -120.8018086, 35.1832256 ], [ -120.8018598, 35.1832114 ], [ -120.8018773, 35.1831994 ], [ -120.8019069, 35.1831688 ], [ -120.801927800000016, 35.1831266 ], [ -120.8019411, 35.1831196 ], [ -120.8019612, 35.1831241 ], [ -120.802029800000014, 35.1831679 ], [ -120.8020804, 35.1831752 ], [ -120.802092, 35.1831661 ], [ -120.802090299999975, 35.1831525 ], [ -120.8020422, 35.1831129 ], [ -120.8020265, 35.1830869 ], [ -120.802032399999973, 35.1830746 ], [ -120.802059, 35.1830707 ], [ -120.802083, 35.1830806 ], [ -120.8021098, 35.1831047 ], [ -120.8021519, 35.1831227 ], [ -120.8021761, 35.1831711 ], [ -120.8022065, 35.1831874 ], [ -120.8022276, 35.1832167 ], [ -120.8022472, 35.1832278 ], [ -120.802295699999988, 35.1832208 ], [ -120.8023147, 35.1832111 ], [ -120.802274799999978, 35.1831812 ], [ -120.8023004, 35.183138 ], [ -120.802328100000011, 35.183136 ], [ -120.8023637, 35.1831568 ], [ -120.8023887, 35.1831872 ], [ -120.802401, 35.1832228 ], [ -120.802325399999987, 35.1832608 ], [ -120.802316, 35.183276 ], [ -120.8023147, 35.1833094 ], [ -120.802329300000011, 35.183329 ], [ -120.802395699999977, 35.1833799 ], [ -120.8024007, 35.1833855 ], [ -120.80242, 35.1834373 ], [ -120.802420599999977, 35.1834418 ], [ -120.8024324, 35.1834977 ], [ -120.8026633, 35.1838087 ], [ -120.8028746, 35.1839941 ], [ -120.8029635, 35.1840588 ], [ -120.8030685, 35.1841224 ], [ -120.8032359, 35.1842009 ], [ -120.8032985, 35.1842201 ], [ -120.803339299999976, 35.1842178 ], [ -120.8034065, 35.1841881 ], [ -120.8034491, 35.1841889 ], [ -120.8034887, 35.1842222 ], [ -120.8035171, 35.1842257 ], [ -120.8035293, 35.1842648 ], [ -120.8035485, 35.1842836 ], [ -120.803595, 35.1843084 ], [ -120.803650499999989, 35.1843262 ], [ -120.8037179, 35.18433 ], [ -120.803832799999981, 35.1843104 ], [ -120.804014099999989, 35.1843656 ], [ -120.8040418, 35.1843635 ], [ -120.8040444, 35.1843464 ], [ -120.8040574, 35.1843406 ], [ -120.804130300000011, 35.1843488 ], [ -120.804157, 35.1843683 ], [ -120.804156100000014, 35.1844048 ], [ -120.804168100000012, 35.184428 ], [ -120.804228, 35.1844739 ], [ -120.804421300000016, 35.1845357 ], [ -120.804552499999986, 35.184629199999989 ], [ -120.8047165, 35.1847194 ], [ -120.804790799999978, 35.1847494 ], [ -120.8050081, 35.1848117 ], [ -120.8052021, 35.184925899999989 ], [ -120.805274900000015, 35.1849578 ], [ -120.805374500000013, 35.1849885 ], [ -120.805499699999984, 35.185009 ], [ -120.8056621, 35.1850165 ], [ -120.805746399999975, 35.185012 ], [ -120.805812299999985, 35.184994 ], [ -120.805853699999986, 35.1849657 ], [ -120.805874100000011, 35.1849339 ], [ -120.805901, 35.184843 ], [ -120.805917599999987, 35.1848148 ], [ -120.8059, 35.1847604 ], [ -120.8059385, 35.1847699 ], [ -120.806015699999989, 35.1847696 ], [ -120.806082499999988, 35.1847567 ], [ -120.8061301, 35.1847374 ], [ -120.8061601, 35.1847106 ], [ -120.806195100000011, 35.1846267 ], [ -120.8062216, 35.1845887 ], [ -120.8062396, 35.1845717 ], [ -120.8062712, 35.1845598 ], [ -120.8063908, 35.1845533 ], [ -120.8064239, 35.1845251 ], [ -120.8064632, 35.1845208 ], [ -120.8064869, 35.1845342 ], [ -120.8065081, 35.1845931 ], [ -120.8065229, 35.1846101 ], [ -120.8065908, 35.1846176 ], [ -120.8066551, 35.1846113 ], [ -120.8067605, 35.1845853 ], [ -120.8067819, 35.1845874 ], [ -120.806826199999975, 35.1846074 ], [ -120.806866, 35.184564 ], [ -120.806905300000011, 35.184543 ], [ -120.8069604, 35.1845394 ], [ -120.807008400000015, 35.1845489 ], [ -120.8070515, 35.1845949 ], [ -120.807170500000012, 35.1846419 ], [ -120.8071857, 35.1846613 ], [ -120.807183, 35.1846758 ], [ -120.8071547, 35.1846904 ], [ -120.8071049, 35.1846871 ], [ -120.807070099999976, 35.1846737 ], [ -120.807032299999975, 35.1846404 ], [ -120.8070207, 35.1846397 ], [ -120.8069804, 35.1846717 ], [ -120.8068907, 35.1847781 ], [ -120.806776, 35.184812 ], [ -120.8067558, 35.1848312 ], [ -120.8067443, 35.1848623 ], [ -120.806749899999986, 35.1848857 ], [ -120.8067684, 35.1848976 ], [ -120.8068647, 35.1849154 ], [ -120.806934699999985, 35.1849484 ], [ -120.8069613, 35.1849778 ], [ -120.806949, 35.1849973 ], [ -120.806911399999976, 35.1850047 ], [ -120.806862399999986, 35.1850016 ], [ -120.806564099999989, 35.1849344 ], [ -120.8065133, 35.1849417 ], [ -120.80643, 35.1849711 ], [ -120.8063792, 35.1849785 ], [ -120.8063247, 35.1849735 ], [ -120.806228199999978, 35.1849426 ], [ -120.806198599999988, 35.1849414 ], [ -120.806155, 35.184962 ], [ -120.806119200000012, 35.1850075 ], [ -120.8060914, 35.1850743 ], [ -120.806076699999977, 35.1851498 ], [ -120.8060744, 35.1854382 ], [ -120.806094399999978, 35.1855016 ], [ -120.8061413, 35.1855592 ], [ -120.806115, 35.1856237 ], [ -120.8061325, 35.1857179 ], [ -120.8062097, 35.1858696 ], [ -120.8062538, 35.1859234 ], [ -120.806307300000014, 35.1859611 ], [ -120.8063386, 35.1859725 ], [ -120.806437500000015, 35.185961 ], [ -120.806535699999984, 35.1859894 ], [ -120.806610299999988, 35.1859824 ], [ -120.8066927, 35.1859885 ], [ -120.8067517, 35.1859568 ], [ -120.8067956, 35.1859098 ], [ -120.8068631, 35.1858679 ], [ -120.806899699999974, 35.1858315 ], [ -120.806939, 35.1858185 ], [ -120.8069675, 35.1858371 ], [ -120.806999799999986, 35.1858384 ], [ -120.807009600000015, 35.1858521 ], [ -120.8070021, 35.18588 ], [ -120.8069504, 35.1859314 ], [ -120.8069425, 35.185954 ], [ -120.8069497, 35.1860217 ], [ -120.806971, 35.1860485 ], [ -120.8070065, 35.1860679 ], [ -120.8070397, 35.186070799999989 ], [ -120.807219199999977, 35.1860524 ], [ -120.807321, 35.1860332 ], [ -120.8075394, 35.1860516 ], [ -120.807598099999979, 35.1860748 ], [ -120.807633, 35.1861005 ], [ -120.8076422, 35.1861179 ], [ -120.8076453, 35.1861679 ], [ -120.8076606, 35.186185 ], [ -120.8077494, 35.1862015 ], [ -120.8078423, 35.1861959 ], [ -120.807885899999974, 35.1862225 ], [ -120.8079564, 35.1862423 ], [ -120.808005400000013, 35.1862926 ], [ -120.8080845, 35.1863472 ], [ -120.80823740000001, 35.1863932 ], [ -120.808271499999989, 35.18639 ], [ -120.808309600000015, 35.1863742 ], [ -120.808365099999989, 35.1862943 ], [ -120.808461799999989, 35.1862269 ], [ -120.8084805, 35.1862007 ], [ -120.8085032, 35.1861961 ], [ -120.808518799999987, 35.1862156 ], [ -120.8085102, 35.1862462 ], [ -120.8084568, 35.1863033 ], [ -120.8083923, 35.1863342 ], [ -120.808406, 35.1863531 ], [ -120.808436, 35.1863592 ], [ -120.8085256, 35.1863478 ], [ -120.808630499999978, 35.1863821 ], [ -120.808753, 35.1863888 ], [ -120.8087947, 35.1864119 ], [ -120.808818699999989, 35.186476 ], [ -120.8088419, 35.1864887 ], [ -120.8089708, 35.1864678 ], [ -120.8091213, 35.1865271 ], [ -120.8091781, 35.1865408 ], [ -120.8092398, 35.1865326 ], [ -120.809307800000013, 35.1865091 ], [ -120.8093663, 35.186517 ], [ -120.8093917, 35.1865322 ], [ -120.8094078, 35.1865559 ], [ -120.809403800000013, 35.1866168 ], [ -120.8094408, 35.1866319 ], [ -120.809463, 35.1866953 ], [ -120.8094858, 35.1867182 ], [ -120.809517399999976, 35.1867346 ], [ -120.8095676, 35.1867393 ], [ -120.8097278, 35.1867134 ], [ -120.809796699999978, 35.1867137 ], [ -120.809896200000011, 35.1867546 ], [ -120.809947200000011, 35.1867921 ], [ -120.8100933, 35.1868253 ], [ -120.8101004, 35.1868314 ], [ -120.8100992, 35.186856899999988 ], [ -120.810123399999981, 35.1868656 ], [ -120.8101986, 35.1868553 ], [ -120.8103017, 35.1868296 ], [ -120.8104148, 35.1867665 ], [ -120.810458700000012, 35.1867501 ], [ -120.8105029, 35.1867423 ], [ -120.8105457, 35.1867452 ], [ -120.810573099999985, 35.1867564 ], [ -120.810581899999974, 35.1867673 ], [ -120.8105742, 35.1868404 ], [ -120.8106613, 35.1868475 ], [ -120.8107493, 35.1868755 ], [ -120.8107994, 35.1869192 ], [ -120.8108224, 35.1869859 ], [ -120.810889300000014, 35.1869114 ], [ -120.810916299999988, 35.1869033 ], [ -120.810965299999978, 35.1869059 ], [ -120.811004200000013, 35.1869306 ], [ -120.8110182, 35.1870042 ], [ -120.8110402, 35.1870297 ], [ -120.8110574, 35.1870351 ], [ -120.81116059999998, 35.1870332 ], [ -120.811211, 35.1870553 ], [ -120.8112455, 35.1871078 ], [ -120.8112607, 35.187163399999989 ], [ -120.8112881, 35.1871643 ], [ -120.8113814, 35.187125 ], [ -120.8114215, 35.187124 ], [ -120.8114567, 35.1871337 ], [ -120.8114857, 35.1871588 ], [ -120.8115003, 35.1871903 ], [ -120.811493200000015, 35.1872158 ], [ -120.811452799999984, 35.1872549 ], [ -120.8114604, 35.1872704 ], [ -120.811491100000012, 35.1872765 ], [ -120.81150310000001, 35.187287 ], [ -120.811480300000014, 35.1873424 ], [ -120.8114879, 35.1873769 ], [ -120.811548, 35.1874461 ], [ -120.8116623, 35.1875286 ], [ -120.8117672, 35.1875705 ], [ -120.8118977, 35.1875512 ], [ -120.811961, 35.1875496 ], [ -120.8120231, 35.1875596 ], [ -120.8121147, 35.1876017 ], [ -120.81217310000001, 35.1875982 ], [ -120.812284100000014, 35.1876451 ], [ -120.8123653, 35.1877205 ], [ -120.812414300000015, 35.1877497 ], [ -120.812564, 35.1877888 ], [ -120.8126191, 35.1877862 ], [ -120.8126716, 35.1877717 ], [ -120.812711, 35.1878266 ], [ -120.812818, 35.1878468 ], [ -120.8128656, 35.1878633 ], [ -120.8129007, 35.1878879 ], [ -120.812935199999984, 35.1879288 ], [ -120.8129568, 35.1879866 ], [ -120.812945, 35.1880166 ], [ -120.8128908, 35.1880389 ], [ -120.812807399999983, 35.1880431 ], [ -120.8127088, 35.1880244 ], [ -120.8126509, 35.1879976 ], [ -120.8125264, 35.1879086 ], [ -120.812522199999989, 35.1878937 ], [ -120.8125416, 35.1878735 ], [ -120.8125384, 35.1878672 ], [ -120.8124871, 35.1878691 ], [ -120.8124268, 35.1878942 ], [ -120.8123467, 35.1880236 ], [ -120.8123218, 35.1881141 ], [ -120.8123409, 35.1881894 ], [ -120.812356499999979, 35.1882011 ], [ -120.812389599999989, 35.1882045 ], [ -120.81241439999998, 35.1882236 ], [ -120.812421599999979, 35.1882499 ], [ -120.812417, 35.1882786 ], [ -120.8123989, 35.188304 ], [ -120.812366099999977, 35.1883234 ], [ -120.8123359, 35.1882777 ], [ -120.8123239, 35.1882759 ], [ -120.8122314, 35.1883555 ], [ -120.812214599999976, 35.1883986 ], [ -120.812228299999987, 35.1884838 ], [ -120.8122224, 35.1885201 ], [ -120.8122348, 35.188567 ], [ -120.8122045, 35.1886246 ], [ -120.8122021, 35.1886475 ], [ -120.812231, 35.1887346 ], [ -120.812253, 35.1888674 ], [ -120.8122693, 35.1888824 ], [ -120.812367200000011, 35.1889197 ], [ -120.8125054, 35.1889951 ], [ -120.812573300000011, 35.1890876 ], [ -120.8126127, 35.1892004 ], [ -120.8126694, 35.1892336 ], [ -120.8127476, 35.1892513 ], [ -120.8129065, 35.1892612 ], [ -120.8129821, 35.1892753 ], [ -120.8130662, 35.189244099999989 ], [ -120.813108399999976, 35.1892449 ], [ -120.8131562, 35.1892666 ], [ -120.8132094, 35.1893244 ], [ -120.8133124, 35.1893593 ], [ -120.813371, 35.1893641 ], [ -120.8134035, 35.1893855 ], [ -120.813445800000011, 35.189386 ], [ -120.813515, 35.1893619 ], [ -120.8135767, 35.1893534 ], [ -120.8136261, 35.189372299999988 ], [ -120.8136781, 35.1894045 ], [ -120.813717, 35.189413 ], [ -120.813860199999979, 35.1894089 ], [ -120.8139674, 35.1893821 ], [ -120.8140831, 35.189367 ], [ -120.8141308, 35.1893437 ], [ -120.814189500000012, 35.1893353 ], [ -120.814227300000013, 35.1893415 ], [ -120.814232100000012, 35.1893524 ], [ -120.8142229, 35.189373499999988 ], [ -120.8142482, 35.1893811 ], [ -120.8143613, 35.1893601 ], [ -120.8144633, 35.189355 ], [ -120.814551099999989, 35.1893372 ], [ -120.814631, 35.189302 ], [ -120.8146528, 35.1892745 ], [ -120.814693600000012, 35.189182 ], [ -120.8147251, 35.1891614 ], [ -120.81477430000001, 35.189166 ], [ -120.814866400000014, 35.1891304 ], [ -120.8148924, 35.1891049 ], [ -120.814910399999988, 35.1890491 ], [ -120.8149254, 35.1890328 ], [ -120.8149797, 35.1890271 ], [ -120.81503, 35.1890464 ], [ -120.8151234, 35.1890408 ], [ -120.8152134, 35.1889993 ], [ -120.815297, 35.1889791 ], [ -120.815338699999984, 35.1889243 ], [ -120.8153724, 35.188809899999988 ], [ -120.815395399999986, 35.1887937 ], [ -120.8154463, 35.1887797 ], [ -120.8154642, 35.1887817 ], [ -120.815470099999985, 35.1887948 ], [ -120.815441, 35.1888595 ], [ -120.8154565, 35.188893199999988 ], [ -120.815454699999989, 35.188909 ], [ -120.815388, 35.1889936 ], [ -120.8153405, 35.1890356 ], [ -120.815374399999982, 35.1890421 ], [ -120.815384099999974, 35.1890766 ], [ -120.8154197, 35.1891175 ], [ -120.8154545, 35.1891408 ], [ -120.815495, 35.189156 ], [ -120.8155444, 35.1891492 ], [ -120.8156853, 35.1890813 ], [ -120.815693099999976, 35.1890682 ], [ -120.8156688, 35.1890432 ], [ -120.815685800000011, 35.1890183 ], [ -120.8157407, 35.188985599999988 ], [ -120.8158246, 35.188956 ], [ -120.8158366, 35.1889573 ], [ -120.815840900000012, 35.1889671 ], [ -120.8158213, 35.1890381 ], [ -120.815825600000011, 35.189084 ], [ -120.8158435, 35.1891034 ], [ -120.8158725, 35.1891095 ], [ -120.815918099999976, 35.1891013 ], [ -120.81612890000001, 35.1890259 ], [ -120.816320300000015, 35.1889941 ], [ -120.8163616, 35.1889776 ], [ -120.816406699999987, 35.1889455 ], [ -120.8164253, 35.1889475 ], [ -120.816449399999982, 35.1889788 ], [ -120.8164963, 35.1889987 ], [ -120.8167271, 35.1889934 ], [ -120.816737300000014, 35.1889925 ], [ -120.8169679, 35.1889678 ], [ -120.817001, 35.1889697 ], [ -120.8170299, 35.1889812 ], [ -120.817047399999979, 35.1890052 ], [ -120.817048599999978, 35.1890281 ], [ -120.81699540000001, 35.1891395 ], [ -120.816994799999989, 35.1891671 ], [ -120.8170111, 35.189183 ], [ -120.8170363, 35.1891894 ], [ -120.81715, 35.1891717 ], [ -120.817209, 35.1891826 ], [ -120.8172175, 35.1891928 ], [ -120.8172138, 35.1892024 ], [ -120.8171449, 35.1892551 ], [ -120.8171472, 35.1892799 ], [ -120.8171697, 35.1892958 ], [ -120.8172034, 35.1892975 ], [ -120.8173408, 35.1892803 ], [ -120.8174199, 35.189296 ], [ -120.817479, 35.1892581 ], [ -120.8175731, 35.1892431 ], [ -120.8175938, 35.1892523 ], [ -120.8175989, 35.1893018 ], [ -120.8176245, 35.1893218 ], [ -120.817670400000011, 35.1893305 ], [ -120.8177437, 35.1893096 ], [ -120.8178138, 35.1893137 ], [ -120.8178753, 35.1893289 ], [ -120.8179218, 35.1893687 ], [ -120.8179428, 35.1893769 ], [ -120.817988499999984, 35.1893761 ], [ -120.818186199999985, 35.1893392 ], [ -120.818269300000011, 35.1893501 ], [ -120.8183246, 35.189394 ], [ -120.818380499999989, 35.1894263 ], [ -120.81838639999998, 35.1894377 ], [ -120.8183809, 35.1894519 ], [ -120.818343399999989, 35.1894757 ], [ -120.8181863, 35.1895326 ], [ -120.818083500000014, 35.1896036 ], [ -120.818064600000014, 35.1896294 ], [ -120.8180936, 35.1896331 ], [ -120.8181562, 35.1896152 ], [ -120.818191899999988, 35.1896138 ], [ -120.8184333, 35.1896684 ], [ -120.818519200000011, 35.1896645 ], [ -120.818548600000014, 35.1896832 ], [ -120.8185542, 35.1897193 ], [ -120.8185431, 35.1897587 ], [ -120.8185241, 35.1897774 ], [ -120.818450200000015, 35.1898181 ], [ -120.8184132, 35.189906799999989 ], [ -120.8183869, 35.1899381 ], [ -120.818285, 35.1900109 ], [ -120.8181683, 35.1900773 ], [ -120.8180877, 35.1901424 ], [ -120.817926899999989, 35.1902195 ], [ -120.8177738, 35.1903137 ], [ -120.8177444, 35.1903448 ], [ -120.817746899999989, 35.190367 ], [ -120.8177621, 35.1903916 ], [ -120.8178327, 35.1904638 ], [ -120.8178803, 35.1904954 ], [ -120.8179336, 35.1905132 ], [ -120.817955599999976, 35.1905114 ], [ -120.8180149, 35.1904883 ], [ -120.8180591, 35.1904339 ], [ -120.818196, 35.1903847 ], [ -120.8182562, 35.1903767 ], [ -120.8183165, 35.1903824 ], [ -120.818365399999976, 35.1903955 ], [ -120.818390799999989, 35.1904172 ], [ -120.8183874, 35.1904528 ], [ -120.8184236, 35.1905066 ], [ -120.818409699999989, 35.1905355 ], [ -120.818308399999978, 35.1906104 ], [ -120.818228799999986, 35.1906918 ], [ -120.818073699999985, 35.1907619 ], [ -120.8179868, 35.1908193 ], [ -120.8179098, 35.1908518 ], [ -120.817888899999986, 35.1908773 ], [ -120.8178981, 35.1909479 ], [ -120.8179426, 35.1910234 ], [ -120.818018, 35.1911118 ], [ -120.8181171, 35.1911925 ], [ -120.8181578, 35.1912141 ], [ -120.8182458, 35.1912362 ], [ -120.8183, 35.191259 ], [ -120.8183359, 35.1912553 ], [ -120.818482399999979, 35.1912143 ], [ -120.8185532, 35.1912452 ], [ -120.818659599999989, 35.1912463 ], [ -120.8187189, 35.1912792 ], [ -120.818737, 35.1912703 ], [ -120.8187389, 35.191245 ], [ -120.8187996, 35.191255 ], [ -120.818832799999981, 35.1912766 ], [ -120.8188403, 35.1913252 ], [ -120.818853100000013, 35.1913509 ], [ -120.8189102, 35.191395 ], [ -120.8190996, 35.1914373 ], [ -120.819200099999975, 35.1914753 ], [ -120.8192646, 35.1914734 ], [ -120.8192728, 35.191510699999988 ], [ -120.819290899999984, 35.1915188 ], [ -120.8193288, 35.1915182 ], [ -120.8193542, 35.1915591 ], [ -120.819371299999986, 35.1915593 ], [ -120.81941, 35.1915333 ], [ -120.819431599999987, 35.1915324 ], [ -120.8195104, 35.1915555 ], [ -120.8195214, 35.1915656 ], [ -120.8195227, 35.1915826 ], [ -120.8195419, 35.1915878 ], [ -120.8196673, 35.1915892 ], [ -120.8197123, 35.19158 ], [ -120.8197674, 35.1915375 ], [ -120.8197749, 35.1914836 ], [ -120.819905299999988, 35.1914293 ], [ -120.8201266, 35.191399 ], [ -120.8201489, 35.1914088 ], [ -120.820138700000015, 35.1914376 ], [ -120.820142499999989, 35.1914492 ], [ -120.8201752, 35.1914567 ], [ -120.8203664, 35.1913427 ], [ -120.8204438, 35.1913255 ], [ -120.8205005, 35.1913341 ], [ -120.8205223, 35.1913521 ], [ -120.8205276, 35.1913918 ], [ -120.820443200000014, 35.1914471 ], [ -120.8204057, 35.1914904 ], [ -120.820244300000013, 35.1915543 ], [ -120.8201128, 35.1916383 ], [ -120.8199689, 35.1917074 ], [ -120.819932799999989, 35.1917378 ], [ -120.819943, 35.1917425 ], [ -120.820188699999974, 35.1916877 ], [ -120.820286900000013, 35.1916846 ], [ -120.8203148, 35.1916916 ], [ -120.820329500000014, 35.1917045 ], [ -120.820326099999974, 35.1917245 ], [ -120.8202674, 35.1918219 ], [ -120.8202659, 35.1918483 ], [ -120.820279, 35.1918929 ], [ -120.820267499999986, 35.1919228 ], [ -120.8202201, 35.1919592 ], [ -120.820202900000012, 35.1920213 ], [ -120.820188500000015, 35.1920437 ], [ -120.820160300000012, 35.1920613 ], [ -120.82007369999998, 35.192088 ], [ -120.8200555, 35.1921379 ], [ -120.8200812, 35.1922052 ], [ -120.8201097, 35.1922351 ], [ -120.8201386, 35.1922524 ], [ -120.820226099999985, 35.1922697 ], [ -120.820339799999985, 35.1922644 ], [ -120.8203678, 35.1922768 ], [ -120.820354599999973, 35.1923844 ], [ -120.820317, 35.1924394 ], [ -120.8203272, 35.1924859 ], [ -120.820361, 35.1925257 ], [ -120.820487699999987, 35.1926092 ], [ -120.820579599999974, 35.1926815 ], [ -120.8206963, 35.1927382 ], [ -120.8208697, 35.1927852 ], [ -120.8209988, 35.1927898 ], [ -120.821041, 35.1927762 ], [ -120.8211272, 35.1927089 ], [ -120.8212301, 35.1926489 ], [ -120.8212646, 35.192613 ], [ -120.821301299999988, 35.192540699999988 ], [ -120.8213417, 35.1925129 ], [ -120.821394, 35.1924954 ], [ -120.8214709, 35.1924981 ], [ -120.8215621, 35.1925378 ], [ -120.821598600000016, 35.1925455 ], [ -120.8216821, 35.1925427 ], [ -120.82173, 35.192533399999988 ], [ -120.8217328, 35.1923112 ] ], [ [ -120.8212019, 35.1925826 ], [ -120.821204099999989, 35.192570599999989 ], [ -120.8212324, 35.1925742 ], [ -120.821233799999987, 35.1926016 ], [ -120.8212165, 35.1925993 ], [ -120.8212019, 35.1925826 ] ], [ [ -120.8214034, 35.1924218 ], [ -120.8213979, 35.1923936 ], [ -120.821407, 35.1923733 ], [ -120.8214345, 35.192384 ], [ -120.821474199999983, 35.1924173 ], [ -120.821471699999989, 35.1924293 ], [ -120.8214463, 35.1924521 ], [ -120.8214209, 35.1924444 ], [ -120.8214034, 35.1924218 ] ], [ [ -120.820925699999989, 35.1922959 ], [ -120.8209045, 35.1922894 ], [ -120.8208981, 35.1922734 ], [ -120.8209278, 35.192225799999989 ], [ -120.8209537, 35.192230599999988 ], [ -120.820963800000015, 35.1922506 ], [ -120.8209519, 35.192285 ], [ -120.820925699999989, 35.1922959 ] ], [ [ -120.8204452, 35.1922464 ], [ -120.820425300000011, 35.1922438 ], [ -120.8204141, 35.1922325 ], [ -120.8204233, 35.1921987 ], [ -120.8204529, 35.1922137 ], [ -120.8204548, 35.192233 ], [ -120.8204452, 35.1922464 ] ], [ [ -120.821619, 35.1921189 ], [ -120.8216168, 35.1921336 ], [ -120.8215649, 35.1921537 ], [ -120.8215478, 35.1921524 ], [ -120.821545, 35.1921355 ], [ -120.821567799999983, 35.19211 ], [ -120.8216112, 35.1921101 ], [ -120.821619, 35.1921189 ] ], [ [ -120.8201404, 35.1913342 ], [ -120.820065500000013, 35.1913365 ], [ -120.820139699999984, 35.1913053 ], [ -120.8201534, 35.1913181 ], [ -120.8201404, 35.1913342 ] ], [ [ -120.82003229999998, 35.1913544 ], [ -120.8199847, 35.1913616 ], [ -120.8199677, 35.1913556 ], [ -120.8199629, 35.1913462 ], [ -120.8200182, 35.1913337 ], [ -120.8200444, 35.1913459 ], [ -120.82003229999998, 35.1913544 ] ], [ [ -120.819461499999989, 35.1914141 ], [ -120.819423, 35.1914464 ], [ -120.819411499999987, 35.1914421 ], [ -120.8194069, 35.1914295 ], [ -120.819414200000011, 35.1913318 ], [ -120.819464099999976, 35.1913514 ], [ -120.8194773, 35.191368 ], [ -120.819461499999989, 35.1914141 ] ], [ [ -120.8199404, 35.1913658 ], [ -120.819966099999988, 35.1913757 ], [ -120.8199666, 35.1913865 ], [ -120.8199509, 35.1913859 ], [ -120.8199404, 35.1913658 ] ], [ [ -120.8195685, 35.1913961 ], [ -120.8195471, 35.1913993 ], [ -120.819544400000012, 35.1913919 ], [ -120.8195685, 35.1913961 ] ], [ [ -120.819321, 35.1914163 ], [ -120.8193046, 35.1914219 ], [ -120.8192946, 35.1914124 ], [ -120.8192963, 35.1913951 ], [ -120.8193498, 35.1912783 ], [ -120.8193802, 35.1912984 ], [ -120.8193822, 35.1913147 ], [ -120.819345199999987, 35.1913915 ], [ -120.819321, 35.1914163 ] ], [ [ -120.818972800000012, 35.1912919 ], [ -120.818947399999985, 35.1913276 ], [ -120.8189219, 35.1913198 ], [ -120.818897, 35.1912987 ], [ -120.8188848, 35.1912753 ], [ -120.8188892, 35.1912556 ], [ -120.8189409, 35.191259 ], [ -120.818949100000012, 35.1912637 ], [ -120.8189466, 35.1912727 ], [ -120.818972500000015, 35.1912801 ], [ -120.818972800000012, 35.1912919 ] ], [ [ -120.8190186, 35.1912799 ], [ -120.8190208, 35.191261499999989 ], [ -120.8190266, 35.191273 ], [ -120.8190186, 35.1912799 ] ], [ [ -120.819839399999978, 35.1913466 ], [ -120.8198236, 35.1913535 ], [ -120.8198092, 35.1913442 ], [ -120.819839399999978, 35.1913466 ] ], [ [ -120.8200597, 35.1912404 ], [ -120.8200432, 35.1912256 ], [ -120.820046399999981, 35.1912002 ], [ -120.820072599999989, 35.1911808 ], [ -120.8202319, 35.1911441 ], [ -120.820327299999974, 35.1911813 ], [ -120.820336199999986, 35.1911974 ], [ -120.8203241, 35.1912158 ], [ -120.8202573, 35.1912493 ], [ -120.820180099999988, 35.1912639 ], [ -120.8200991, 35.1912565 ], [ -120.8200597, 35.1912404 ] ], [ [ -120.8188509, 35.1912048 ], [ -120.81886870000001, 35.1911982 ], [ -120.818886299999988, 35.1912201 ], [ -120.818868199999983, 35.1912296 ], [ -120.8188509, 35.1912048 ] ], [ [ -120.8183857, 35.1911938 ], [ -120.8184069, 35.1911846 ], [ -120.8184165, 35.191193 ], [ -120.8184061, 35.1912046 ], [ -120.8183857, 35.1911938 ] ], [ [ -120.8190894, 35.191193 ], [ -120.819101299999986, 35.1912082 ], [ -120.8190698, 35.1912266 ], [ -120.819048, 35.1912252 ], [ -120.8190282, 35.1912025 ], [ -120.8190449, 35.1911806 ], [ -120.8190894, 35.191193 ] ], [ [ -120.819153, 35.1911905 ], [ -120.819125, 35.1912073 ], [ -120.8191327, 35.1911835 ], [ -120.819153, 35.1911905 ] ], [ [ -120.818551899999989, 35.1911608 ], [ -120.8185632, 35.1911232 ], [ -120.8186343, 35.191142899999988 ], [ -120.8186586, 35.1911651 ], [ -120.8186098, 35.1911862 ], [ -120.8185683, 35.1911843 ], [ -120.818551899999989, 35.1911608 ] ], [ [ -120.819032599999986, 35.1910241 ], [ -120.819023299999984, 35.1910137 ], [ -120.8190277, 35.1910038 ], [ -120.819070599999989, 35.1910015 ], [ -120.819087599999975, 35.1910248 ], [ -120.819032599999986, 35.1910241 ] ], [ [ -120.819469399999988, 35.1902167 ], [ -120.819338699999975, 35.1902823 ], [ -120.8191794, 35.1904037 ], [ -120.8190291, 35.1904673 ], [ -120.8189671, 35.190478 ], [ -120.8191333, 35.1903813 ], [ -120.8193063, 35.190241 ], [ -120.8194044, 35.1902124 ], [ -120.819511299999988, 35.1901673 ], [ -120.8195013, 35.1901888 ], [ -120.819469399999988, 35.1902167 ] ], [ [ -120.818166300000016, 35.190133 ], [ -120.8181386, 35.1901278 ], [ -120.818150800000012, 35.1901202 ], [ -120.818175900000014, 35.1901188 ], [ -120.8181844, 35.190126 ], [ -120.818166300000016, 35.190133 ] ], [ [ -120.8188144, 35.1896559 ], [ -120.818805499999982, 35.1896503 ], [ -120.8188059, 35.1896383 ], [ -120.818823, 35.1896236 ], [ -120.818840899999984, 35.1896497 ], [ -120.8188144, 35.1896559 ] ], [ [ -120.818821199999988, 35.1895965 ], [ -120.8188166, 35.1896087 ], [ -120.8188065, 35.1896167 ], [ -120.8187923, 35.1896107 ], [ -120.8187369, 35.1895572 ], [ -120.8188074, 35.1895829 ], [ -120.818821199999988, 35.1895965 ] ], [ [ -120.8181825, 35.189269 ], [ -120.818168700000015, 35.1892936 ], [ -120.818145, 35.1893004 ], [ -120.8181288, 35.1892946 ], [ -120.8181233, 35.1892795 ], [ -120.818152, 35.1892536 ], [ -120.8181767, 35.1892574 ], [ -120.8181825, 35.189269 ] ], [ [ -120.818292899999989, 35.1892274 ], [ -120.8183066, 35.1892233 ], [ -120.8183069, 35.1892313 ], [ -120.818292899999989, 35.1892274 ] ], [ [ -120.8172695, 35.1891515 ], [ -120.8172765, 35.1891416 ], [ -120.817274399999988, 35.1891564 ], [ -120.8172695, 35.1891515 ] ], [ [ -120.817126499999986, 35.1890558 ], [ -120.817119, 35.1890485 ], [ -120.817125699999977, 35.1890338 ], [ -120.8171395, 35.1890444 ], [ -120.817126499999986, 35.1890558 ] ], [ [ -120.8156765, 35.1889349 ], [ -120.8156664, 35.1889273 ], [ -120.8156792, 35.1889191 ], [ -120.8156875, 35.1889286 ], [ -120.8156765, 35.1889349 ] ], [ [ -120.8156355, 35.1888772 ], [ -120.8156301, 35.1888726 ], [ -120.8156367, 35.1888647 ], [ -120.8156446, 35.1888698 ], [ -120.8156355, 35.1888772 ] ], [ [ -120.815518699999984, 35.1888644 ], [ -120.815510299999985, 35.1888534 ], [ -120.815516500000015, 35.188844 ], [ -120.815594699999977, 35.1887926 ], [ -120.815603899999985, 35.1888033 ], [ -120.8155836, 35.1888371 ], [ -120.815543599999984, 35.1888619 ], [ -120.815518699999984, 35.1888644 ] ], [ [ -120.8156628, 35.1888564 ], [ -120.815652499999985, 35.1888605 ], [ -120.8156592, 35.1888473 ], [ -120.8156628, 35.1888564 ] ], [ [ -120.814299499999976, 35.1887672 ], [ -120.8142932, 35.1887602 ], [ -120.8143, 35.1887528 ], [ -120.814312299999983, 35.1887585 ], [ -120.814299499999976, 35.1887672 ] ], [ [ -120.8152971, 35.1887694 ], [ -120.8152919, 35.1887554 ], [ -120.8153064, 35.1887311 ], [ -120.815400400000016, 35.1886663 ], [ -120.8154226, 35.1886895 ], [ -120.815457400000014, 35.1886837 ], [ -120.81545, 35.1887054 ], [ -120.8153699, 35.1887605 ], [ -120.8152971, 35.1887694 ] ], [ [ -120.815927300000013, 35.1886753 ], [ -120.8159252, 35.188687 ], [ -120.815919, 35.1886802 ], [ -120.815927300000013, 35.1886753 ] ], [ [ -120.815640800000011, 35.188689 ], [ -120.815636399999974, 35.188702 ], [ -120.8155761, 35.1887285 ], [ -120.815552899999986, 35.1887273 ], [ -120.815562899999975, 35.1887015 ], [ -120.8156199, 35.1886738 ], [ -120.815640800000011, 35.188689 ] ], [ [ -120.8157732, 35.188690699999988 ], [ -120.8157727, 35.1887039 ], [ -120.8157681, 35.188696 ], [ -120.8157732, 35.188690699999988 ] ], [ [ -120.8124302, 35.1885648 ], [ -120.8124385, 35.188556 ], [ -120.8124445, 35.1885651 ], [ -120.8124376, 35.1885817 ], [ -120.8124302, 35.1885648 ] ], [ [ -120.8157117, 35.1886329 ], [ -120.8156876, 35.1886381 ], [ -120.815677400000013, 35.1886206 ], [ -120.8157102, 35.1885812 ], [ -120.8157292, 35.1886059 ], [ -120.8157117, 35.1886329 ] ], [ [ -120.815664199999986, 35.1886052 ], [ -120.815665700000011, 35.1886012 ], [ -120.8156697, 35.1886065 ], [ -120.815664199999986, 35.1886052 ] ], [ [ -120.812657, 35.1884944 ], [ -120.812639600000011, 35.1884673 ], [ -120.8126457, 35.1884572 ], [ -120.812660799999989, 35.1884544 ], [ -120.8126648, 35.1884811 ], [ -120.812657, 35.1884944 ] ], [ [ -120.812598200000011, 35.1884771 ], [ -120.812565800000016, 35.1884739 ], [ -120.8125437, 35.1884495 ], [ -120.8125521, 35.1884135 ], [ -120.812568299999981, 35.1884123 ], [ -120.81260039999998, 35.1884326 ], [ -120.812634, 35.1884428 ], [ -120.812632199999982, 35.1884606 ], [ -120.812598200000011, 35.1884771 ] ], [ [ -120.812587, 35.1884075 ], [ -120.81257930000001, 35.1884011 ], [ -120.812581, 35.1883878 ], [ -120.812596899999988, 35.1883804 ], [ -120.8125995, 35.1884017 ], [ -120.812587, 35.1884075 ] ], [ [ -120.8124852, 35.1881847 ], [ -120.8124925, 35.1881803 ], [ -120.8124921, 35.1881916 ], [ -120.8124852, 35.1881847 ] ], [ [ -120.81244430000001, 35.1881175 ], [ -120.8124293, 35.1881376 ], [ -120.8124022, 35.1881406 ], [ -120.812375499999987, 35.1881248 ], [ -120.8123697, 35.1880981 ], [ -120.8123949, 35.1880685 ], [ -120.81243, 35.1880537 ], [ -120.8124502, 35.1880787 ], [ -120.81244430000001, 35.1881175 ] ], [ [ -120.8123587, 35.188067499999988 ], [ -120.81234809999998, 35.188055 ], [ -120.8123643, 35.188046 ], [ -120.8123757, 35.1880579 ], [ -120.8123587, 35.188067499999988 ] ], [ [ -120.816597500000015, 35.1879965 ], [ -120.8165611, 35.1879901 ], [ -120.816583099999988, 35.1879698 ], [ -120.816616400000015, 35.1879916 ], [ -120.816597500000015, 35.1879965 ] ], [ [ -120.8130365, 35.1878519 ], [ -120.813025400000015, 35.1878623 ], [ -120.8130069, 35.1878644 ], [ -120.812996699999985, 35.1878573 ], [ -120.813007, 35.1878301 ], [ -120.813033800000014, 35.1878348 ], [ -120.8130365, 35.1878519 ] ], [ [ -120.812820800000011, 35.1878126 ], [ -120.812812199999982, 35.1878225 ], [ -120.812766200000013, 35.1877928 ], [ -120.812789, 35.1877693 ], [ -120.8128173, 35.1877925 ], [ -120.812820800000011, 35.1878126 ] ], [ [ -120.8132757, 35.1877319 ], [ -120.8132708, 35.1877551 ], [ -120.8132436, 35.1877496 ], [ -120.813184799999988, 35.1877101 ], [ -120.81315450000001, 35.1876746 ], [ -120.813143700000012, 35.1876474 ], [ -120.813260899999989, 35.1877075 ], [ -120.8132757, 35.1877319 ] ], [ [ -120.8124104, 35.1877005 ], [ -120.8124073, 35.187695 ], [ -120.8124177, 35.1876905 ], [ -120.8124362, 35.187697 ], [ -120.8124104, 35.1877005 ] ], [ [ -120.8126524, 35.187666799999988 ], [ -120.8125746, 35.1876579 ], [ -120.8123575, 35.1876108 ], [ -120.8123689, 35.1876047 ], [ -120.812432199999989, 35.1876036 ], [ -120.812352899999979, 35.1875598 ], [ -120.8123357, 35.1875388 ], [ -120.812332399999988, 35.1875171 ], [ -120.8123405, 35.1874896 ], [ -120.8124136, 35.187419 ], [ -120.812448800000013, 35.1873527 ], [ -120.812483300000011, 35.1873689 ], [ -120.8125181, 35.1874267 ], [ -120.8125443, 35.1874503 ], [ -120.8126447, 35.1875081 ], [ -120.812730500000015, 35.187529 ], [ -120.812756900000011, 35.1875432 ], [ -120.812796899999981, 35.1875905 ], [ -120.8127878, 35.1876185 ], [ -120.812719799999982, 35.1876554 ], [ -120.8126524, 35.187666799999988 ] ], [ [ -120.8120838, 35.1874608 ], [ -120.8120727, 35.1874519 ], [ -120.812093600000011, 35.1874482 ], [ -120.812100899999976, 35.1874573 ], [ -120.8120838, 35.1874608 ] ], [ [ -120.812710400000014, 35.1874257 ], [ -120.812744699999982, 35.1874611 ], [ -120.812743499999982, 35.1874727 ], [ -120.812699, 35.1874772 ], [ -120.812634, 35.1874677 ], [ -120.812710400000014, 35.1874257 ] ], [ [ -120.8146046, 35.1872234 ], [ -120.814592799999986, 35.1872132 ], [ -120.8146051, 35.1872004 ], [ -120.814620100000013, 35.1872123 ], [ -120.8146046, 35.1872234 ] ], [ [ -120.8149191, 35.1871879 ], [ -120.8148955, 35.1871936 ], [ -120.8148783, 35.1871876 ], [ -120.8148751, 35.1871776 ], [ -120.81489160000001, 35.1871642 ], [ -120.814918, 35.187174 ], [ -120.8149191, 35.1871879 ] ], [ [ -120.814825899999988, 35.1871565 ], [ -120.8148462, 35.1871635 ], [ -120.8148236, 35.1871674 ], [ -120.814825899999988, 35.1871565 ] ], [ [ -120.814717300000012, 35.1870675 ], [ -120.8147366, 35.1870886 ], [ -120.8147343, 35.1871086 ], [ -120.8147135, 35.1871219 ], [ -120.8146779, 35.1871295 ], [ -120.814588, 35.1871337 ], [ -120.8145419, 35.1871234 ], [ -120.814503699999989, 35.1871012 ], [ -120.8144873, 35.1870779 ], [ -120.814484799999988, 35.1870497 ], [ -120.814500399999986, 35.1870098 ], [ -120.8145951, 35.1870672 ], [ -120.814717300000012, 35.1870675 ] ], [ [ -120.813021, 35.1868431 ], [ -120.813012, 35.1868228 ], [ -120.8130495, 35.1868427 ], [ -120.813021, 35.1868431 ] ], [ [ -120.8093733, 35.1864977 ], [ -120.809350099999989, 35.186494 ], [ -120.8093536, 35.1864803 ], [ -120.8093849, 35.1864923 ], [ -120.8093733, 35.1864977 ] ], [ [ -120.809102, 35.1864568 ], [ -120.8090824, 35.1864719 ], [ -120.809058899999982, 35.1864717 ], [ -120.809050700000014, 35.1864505 ], [ -120.8090915, 35.1864258 ], [ -120.8091048, 35.1864383 ], [ -120.809102, 35.1864568 ] ], [ [ -120.8091358, 35.1864107 ], [ -120.8091707, 35.1864172 ], [ -120.8091817, 35.186431 ], [ -120.809126399999982, 35.1864374 ], [ -120.809118, 35.1864178 ], [ -120.8091358, 35.1864107 ] ], [ [ -120.80922360000001, 35.1863978 ], [ -120.8092244, 35.1863837 ], [ -120.8092416, 35.1863951 ], [ -120.80922360000001, 35.1863978 ] ], [ [ -120.8087421, 35.1863506 ], [ -120.8087196, 35.186355 ], [ -120.808698799999988, 35.1863293 ], [ -120.8087315, 35.1863293 ], [ -120.8087421, 35.1863506 ] ], [ [ -120.8093156, 35.1863086 ], [ -120.8093144, 35.1863026 ], [ -120.8093366, 35.1863065 ], [ -120.8093156, 35.1863086 ] ], [ [ -120.8090847, 35.1862955 ], [ -120.809055199999989, 35.1862987 ], [ -120.809045, 35.1862892 ], [ -120.8090515, 35.1862787 ], [ -120.8090822, 35.1862737 ], [ -120.8090997, 35.1862863 ], [ -120.8090847, 35.1862955 ] ], [ [ -120.809403699999976, 35.1863 ], [ -120.809393199999974, 35.1862898 ], [ -120.8094028, 35.1862816 ], [ -120.8094137, 35.1862914 ], [ -120.809403699999976, 35.1863 ] ], [ [ -120.8094313, 35.1862571 ], [ -120.809412, 35.1862652 ], [ -120.809393899999989, 35.1862637 ], [ -120.8093807, 35.186254 ], [ -120.809382, 35.1862391 ], [ -120.8094241, 35.1862451 ], [ -120.8094313, 35.1862571 ] ], [ [ -120.8086986, 35.1862497 ], [ -120.8086765, 35.1862454 ], [ -120.8086714, 35.1862354 ], [ -120.8086797, 35.1862198 ], [ -120.80871209999998, 35.1862363 ], [ -120.8087142, 35.1862441 ], [ -120.8086986, 35.1862497 ] ], [ [ -120.808768799999982, 35.1861757 ], [ -120.8087943, 35.1861805 ], [ -120.8088012, 35.1861948 ], [ -120.8087801, 35.1862135 ], [ -120.8087467, 35.1862204 ], [ -120.8087374, 35.186208 ], [ -120.808768799999982, 35.1861757 ] ], [ [ -120.8080722, 35.1861756 ], [ -120.808088399999974, 35.1861588 ], [ -120.8081108, 35.1861742 ], [ -120.80811, 35.1861831 ], [ -120.8080722, 35.1861756 ] ], [ [ -120.8080592, 35.1861718 ], [ -120.8080368, 35.1861811 ], [ -120.807990100000012, 35.1861788 ], [ -120.807961600000013, 35.1861674 ], [ -120.807956800000014, 35.1861519 ], [ -120.8080302, 35.1861526 ], [ -120.8080532, 35.1861602 ], [ -120.8080592, 35.1861718 ] ], [ [ -120.8088256, 35.1862087 ], [ -120.808834, 35.1861987 ], [ -120.8088579, 35.1861988 ], [ -120.808863, 35.186212 ], [ -120.808851899999979, 35.1862192 ], [ -120.808832599999988, 35.1862182 ], [ -120.8088256, 35.1862087 ] ], [ [ -120.808114, 35.1861336 ], [ -120.8081285, 35.18614 ], [ -120.8080889, 35.1861531 ], [ -120.808089, 35.1861353 ], [ -120.808114, 35.1861336 ] ], [ [ -120.8078684, 35.1861257 ], [ -120.8078543, 35.1861167 ], [ -120.807870199999982, 35.1861045 ], [ -120.8078772, 35.1861183 ], [ -120.8078684, 35.1861257 ] ], [ [ -120.8077406, 35.1861177 ], [ -120.8077007, 35.186115199999989 ], [ -120.807716500000012, 35.186105 ], [ -120.8077379, 35.1861083 ], [ -120.8077406, 35.1861177 ] ], [ [ -120.8090775, 35.186128 ], [ -120.8090596, 35.186122 ], [ -120.8090779, 35.1861135 ], [ -120.809092299999989, 35.1861228 ], [ -120.8090775, 35.186128 ] ], [ [ -120.8076968, 35.1860703 ], [ -120.807680800000014, 35.1860717 ], [ -120.807673900000012, 35.1860564 ], [ -120.8076946, 35.1860519 ], [ -120.8077073, 35.1860607 ], [ -120.8076968, 35.1860703 ] ], [ [ -120.807240099999987, 35.1860242 ], [ -120.8072243, 35.1860305 ], [ -120.807189499999978, 35.1860267 ], [ -120.8071791, 35.1860146 ], [ -120.8071921, 35.1860036 ], [ -120.8072318, 35.1860096 ], [ -120.807240099999987, 35.1860242 ] ], [ [ -120.8076161, 35.1859034 ], [ -120.807585100000011, 35.1859028 ], [ -120.8075844, 35.1858919 ], [ -120.8076129, 35.1858755 ], [ -120.8076204, 35.1858907 ], [ -120.8076161, 35.1859034 ] ], [ [ -120.8074158, 35.1858537 ], [ -120.8074055, 35.1858754 ], [ -120.80738860000001, 35.1858766 ], [ -120.8074158, 35.1858537 ] ], [ [ -120.8068029, 35.1858479 ], [ -120.806772, 35.1858273 ], [ -120.806770500000013, 35.1858128 ], [ -120.8067803, 35.1858008 ], [ -120.8068088, 35.1858278 ], [ -120.8068029, 35.1858479 ] ], [ [ -120.806558400000014, 35.1857418 ], [ -120.806540700000014, 35.1857427 ], [ -120.8065294, 35.1857347 ], [ -120.8065291, 35.1857214 ], [ -120.8065411, 35.1857133 ], [ -120.8065631, 35.1857318 ], [ -120.806558400000014, 35.1857418 ] ], [ [ -120.8063231, 35.1856686 ], [ -120.8063011, 35.1856561 ], [ -120.806323800000015, 35.1856465 ], [ -120.806340600000013, 35.1856573 ], [ -120.8063231, 35.1856686 ] ], [ [ -120.8068481, 35.1853014 ], [ -120.80686390000001, 35.1853316 ], [ -120.8068563, 35.1853569 ], [ -120.806836800000013, 35.1853618 ], [ -120.8067688, 35.1853547 ], [ -120.8067179, 35.1853317 ], [ -120.8067096, 35.1853183 ], [ -120.8067166, 35.1853064 ], [ -120.8067722, 35.1852843 ], [ -120.806821199999987, 35.1852874 ], [ -120.8068481, 35.1853014 ] ], [ [ -120.807068899999976, 35.1848284 ], [ -120.807052, 35.1848418 ], [ -120.807021299999988, 35.1848432 ], [ -120.807015099999987, 35.1848219 ], [ -120.80704870000001, 35.1848034 ], [ -120.807068899999976, 35.1848126 ], [ -120.807068899999976, 35.1848284 ] ], [ [ -120.806787, 35.1845416 ], [ -120.806769099999983, 35.184531 ], [ -120.8067722, 35.1844673 ], [ -120.8067901, 35.184498 ], [ -120.8068183, 35.1845215 ], [ -120.806809199999989, 35.1845401 ], [ -120.806787, 35.1845416 ] ], [ [ -120.806641, 35.184536 ], [ -120.8066138, 35.1845407 ], [ -120.8065943, 35.1845563 ], [ -120.8065936, 35.1845375 ], [ -120.806617, 35.1845236 ], [ -120.806641200000016, 35.1845171 ], [ -120.806651799999983, 35.184527 ], [ -120.806641, 35.184536 ] ], [ [ -120.805232499999988, 35.1845399 ], [ -120.805204, 35.1845414 ], [ -120.8051634, 35.1845219 ], [ -120.8051598, 35.1845068 ], [ -120.8051683, 35.184494 ], [ -120.8052414, 35.1844989 ], [ -120.805272599999981, 35.1845085 ], [ -120.805277300000014, 35.1845186 ], [ -120.805232499999988, 35.1845399 ] ], [ [ -120.8045592, 35.1844728 ], [ -120.804522299999974, 35.1844734 ], [ -120.8044646, 35.1844428 ], [ -120.8044431, 35.1844137 ], [ -120.8044463, 35.1843952 ], [ -120.8045349, 35.1844426 ], [ -120.8045592, 35.1844728 ] ], [ [ -120.8062702, 35.1844777 ], [ -120.8062359, 35.1844732 ], [ -120.806191500000011, 35.1844245 ], [ -120.8062037, 35.1843742 ], [ -120.806250699999978, 35.1843738 ], [ -120.806282, 35.1843825 ], [ -120.8063576, 35.1844329 ], [ -120.8063576, 35.1844432 ], [ -120.806310900000014, 35.1844718 ], [ -120.8062702, 35.1844777 ] ], [ [ -120.804697499999975, 35.1843296 ], [ -120.8047119, 35.1843184 ], [ -120.8047235, 35.1843338 ], [ -120.8047153, 35.184349 ], [ -120.804697499999975, 35.1843296 ] ], [ [ -120.803988100000012, 35.1843239 ], [ -120.8039791, 35.1843176 ], [ -120.8039874, 35.18431 ], [ -120.8040014, 35.184317 ], [ -120.803988100000012, 35.1843239 ] ], [ [ -120.804345499999982, 35.1843234 ], [ -120.8043606, 35.1843133 ], [ -120.8043805, 35.1843152 ], [ -120.8043862, 35.1843245 ], [ -120.804345499999982, 35.1843234 ] ], [ [ -120.8064209, 35.1843768 ], [ -120.806446200000011, 35.1843399 ], [ -120.806495700000013, 35.1843535 ], [ -120.8065154, 35.1843817 ], [ -120.8064749, 35.1844045 ], [ -120.8064383, 35.1844027 ], [ -120.8064209, 35.1843768 ] ], [ [ -120.8071743, 35.1843197 ], [ -120.807180199999976, 35.1843295 ], [ -120.8071491, 35.184387 ], [ -120.8071366, 35.184353 ], [ -120.8071497, 35.184315 ], [ -120.8071743, 35.1843197 ] ], [ [ -120.8048219, 35.1842973 ], [ -120.804814, 35.1842827 ], [ -120.804823, 35.1842709 ], [ -120.8048303, 35.1842791 ], [ -120.8048219, 35.1842973 ] ], [ [ -120.8044724, 35.18428 ], [ -120.804465100000016, 35.1842723 ], [ -120.8044718, 35.1842636 ], [ -120.8044832, 35.1842717 ], [ -120.8044724, 35.18428 ] ], [ [ -120.8070131, 35.1844932 ], [ -120.8070477, 35.1845119 ], [ -120.8070399, 35.184526 ], [ -120.8070288, 35.1845262 ], [ -120.8070131, 35.1845116 ], [ -120.8070131, 35.1844932 ] ], [ [ -120.8037924, 35.184216 ], [ -120.803792699999988, 35.1842012 ], [ -120.803797399999979, 35.1842064 ], [ -120.8037924, 35.184216 ] ], [ [ -120.803749900000014, 35.1841923 ], [ -120.803742899999989, 35.1841861 ], [ -120.8037493, 35.18418 ], [ -120.8037562, 35.1841863 ], [ -120.803749900000014, 35.1841923 ] ], [ [ -120.804413899999986, 35.1841146 ], [ -120.80442140000001, 35.1841411 ], [ -120.8044057, 35.1841554 ], [ -120.8043863, 35.1841552 ], [ -120.8043613, 35.1841252 ], [ -120.804356500000011, 35.1841005 ], [ -120.804367, 35.1840779 ], [ -120.804393100000013, 35.1840912 ], [ -120.804413899999986, 35.1841146 ] ], [ [ -120.803378, 35.184053299999988 ], [ -120.8033799, 35.1840342 ], [ -120.803403100000011, 35.1840332 ], [ -120.8034057, 35.1840551 ], [ -120.803378, 35.184053299999988 ] ], [ [ -120.80446, 35.1838855 ], [ -120.8044497, 35.1838744 ], [ -120.804460499999976, 35.1838667 ], [ -120.804469, 35.1838748 ], [ -120.80446, 35.1838855 ] ], [ [ -120.8028048, 35.1833509 ], [ -120.802786, 35.183353 ], [ -120.802777800000015, 35.1833447 ], [ -120.802783800000014, 35.183335 ], [ -120.8028061, 35.1833272 ], [ -120.8028129, 35.1833423 ], [ -120.8028048, 35.1833509 ] ], [ [ -120.8025308, 35.1833439 ], [ -120.8025158, 35.183336 ], [ -120.8025109, 35.1833177 ], [ -120.802521099999979, 35.1833043 ], [ -120.8025521, 35.1833256 ], [ -120.8025487, 35.1833428 ], [ -120.8025308, 35.1833439 ] ], [ [ -120.8029496, 35.1831341 ], [ -120.802942299999984, 35.1831603 ], [ -120.8029232, 35.1831389 ], [ -120.8029432, 35.1831253 ], [ -120.80296389999998, 35.1831271 ], [ -120.8029496, 35.1831341 ] ], [ [ -120.801086099999978, 35.1830202 ], [ -120.80110160000001, 35.1830074 ], [ -120.8011152, 35.1830207 ], [ -120.801099299999976, 35.1830327 ], [ -120.801086099999978, 35.1830202 ] ], [ [ -120.8016053, 35.1830334 ], [ -120.801599, 35.1830292 ], [ -120.8016063, 35.1830246 ], [ -120.8016121, 35.1830295 ], [ -120.8016053, 35.1830334 ] ], [ [ -120.801804599999983, 35.1829998 ], [ -120.8018298, 35.1830088 ], [ -120.8018316, 35.1830199 ], [ -120.8018019, 35.1830189 ], [ -120.801804599999983, 35.1829998 ] ], [ [ -120.801911, 35.1829849 ], [ -120.801885200000015, 35.1829612 ], [ -120.8018791, 35.1829375 ], [ -120.801892199999983, 35.1829156 ], [ -120.8019169, 35.182906 ], [ -120.8019875, 35.1829296 ], [ -120.802042700000015, 35.1829651 ], [ -120.8020687, 35.1829927 ], [ -120.8020649, 35.1830134 ], [ -120.80204, 35.1830211 ], [ -120.801982599999974, 35.1830161 ], [ -120.801911, 35.1829849 ] ], [ [ -120.801308, 35.1829162 ], [ -120.801323900000014, 35.1829094 ], [ -120.801326399999979, 35.1829208 ], [ -120.801308, 35.1829162 ] ], [ [ -120.8012273, 35.1829166 ], [ -120.801214, 35.1829125 ], [ -120.8012381, 35.1829144 ], [ -120.8012273, 35.1829166 ] ], [ [ -120.802026399999974, 35.182918799999989 ], [ -120.802032399999973, 35.1829306 ], [ -120.80201790000001, 35.182936 ], [ -120.802015399999988, 35.1829281 ], [ -120.802026399999974, 35.182918799999989 ] ], [ [ -120.801107399999978, 35.1827941 ], [ -120.8010858, 35.1827922 ], [ -120.801076799999976, 35.1827863 ], [ -120.8010858, 35.1827784 ], [ -120.801108199999987, 35.1827713 ], [ -120.8011174, 35.1827873 ], [ -120.801107399999978, 35.1827941 ] ], [ [ -120.8010183, 35.182792 ], [ -120.8010078, 35.1827833 ], [ -120.80102, 35.1827755 ], [ -120.801029, 35.1827836 ], [ -120.8010183, 35.182792 ] ], [ [ -120.8012401, 35.1827556 ], [ -120.8012337, 35.1827485 ], [ -120.801241, 35.182724 ], [ -120.801247, 35.1827473 ], [ -120.8012401, 35.1827556 ] ], [ [ -120.801139099999986, 35.1827344 ], [ -120.8011009, 35.1827353 ], [ -120.8010951, 35.1827217 ], [ -120.8011095, 35.1827146 ], [ -120.801137, 35.1827264 ], [ -120.801139099999986, 35.1827344 ] ], [ [ -120.8011687, 35.1826979 ], [ -120.8011155, 35.1827124 ], [ -120.8010634, 35.182713299999989 ], [ -120.80105660000001, 35.1827035 ], [ -120.801061199999978, 35.1826874 ], [ -120.8011111, 35.182656 ], [ -120.801159500000011, 35.1826805 ], [ -120.8011687, 35.1826979 ] ], [ [ -120.801332, 35.1826099 ], [ -120.8013124, 35.1826189 ], [ -120.8012985, 35.1826053 ], [ -120.801310699999988, 35.1825824 ], [ -120.801341, 35.1825926 ], [ -120.801332, 35.1826099 ] ], [ [ -120.8007847, 35.1825878 ], [ -120.8007737, 35.182582 ], [ -120.8007838, 35.1825782 ], [ -120.8007948, 35.1825827 ], [ -120.8007847, 35.1825878 ] ], [ [ -120.800934199999986, 35.1825722 ], [ -120.8009247, 35.1825514 ], [ -120.8009385, 35.1825405 ], [ -120.8009481, 35.1825621 ], [ -120.800934199999986, 35.1825722 ] ], [ [ -120.800496199999984, 35.182561 ], [ -120.800475299999988, 35.182552199999989 ], [ -120.8004686, 35.1825407 ], [ -120.8005, 35.1825143 ], [ -120.8005275, 35.1825267 ], [ -120.8005137, 35.1825533 ], [ -120.800496199999984, 35.182561 ] ], [ [ -120.8005243, 35.1823941 ], [ -120.8005504, 35.1824213 ], [ -120.800530900000012, 35.182434 ], [ -120.80042659999998, 35.18245 ], [ -120.8003706, 35.1824861 ], [ -120.8003102, 35.1824876 ], [ -120.800283, 35.182475 ], [ -120.8002694, 35.1824558 ], [ -120.8002596, 35.1824058 ], [ -120.8002623, 35.1823714 ], [ -120.8003917, 35.1823691 ], [ -120.800466700000015, 35.1823758 ], [ -120.8005243, 35.1823941 ] ], [ [ -120.800263300000012, 35.1823314 ], [ -120.8002481, 35.1823194 ], [ -120.8002639, 35.1823128 ], [ -120.8002695, 35.1823221 ], [ -120.800263300000012, 35.1823314 ] ], [ [ -120.8005073, 35.1822916 ], [ -120.8005066, 35.1822699 ], [ -120.8005327, 35.182263399999989 ], [ -120.800555800000012, 35.1822681 ], [ -120.800576599999985, 35.182296 ], [ -120.8005726, 35.1823136 ], [ -120.8005521, 35.1823218 ], [ -120.8005316, 35.1823144 ], [ -120.8005073, 35.1822916 ] ], [ [ -120.7995848, 35.182243 ], [ -120.7995742, 35.1822354 ], [ -120.7995726, 35.1822181 ], [ -120.7995865, 35.1821877 ], [ -120.799615699999976, 35.1822 ], [ -120.7995848, 35.182243 ] ], [ [ -120.799524099999985, 35.1822097 ], [ -120.7995057, 35.1822397 ], [ -120.7994866, 35.1822318 ], [ -120.7994766, 35.1821888 ], [ -120.7995107, 35.1821883 ], [ -120.7995242, 35.1821948 ], [ -120.799524099999985, 35.1822097 ] ], [ [ -120.7987315, 35.1822058 ], [ -120.7987104, 35.1822044 ], [ -120.798699099999979, 35.1821935 ], [ -120.7986989, 35.1821793 ], [ -120.7987306, 35.182164 ], [ -120.7987436, 35.1821818 ], [ -120.7987421, 35.1821982 ], [ -120.7987315, 35.1822058 ] ], [ [ -120.7995689, 35.1821474 ], [ -120.799551600000015, 35.1821461 ], [ -120.7995386, 35.1821362 ], [ -120.7995333, 35.1821258 ], [ -120.799544399999988, 35.1821184 ], [ -120.7995664, 35.1821302 ], [ -120.7995689, 35.1821474 ] ], [ [ -120.798202799999984, 35.1821052 ], [ -120.7981764, 35.1821055 ], [ -120.7981838, 35.1820825 ], [ -120.798209899999989, 35.1820828 ], [ -120.798202799999984, 35.1821052 ] ], [ [ -120.7990845, 35.1816504 ], [ -120.799096, 35.1816447 ], [ -120.799096800000015, 35.1816544 ], [ -120.7990845, 35.1816504 ] ], [ [ -120.797098600000012, 35.1815779 ], [ -120.797090899999986, 35.1815873 ], [ -120.797059099999984, 35.1815843 ], [ -120.797029399999985, 35.1815628 ], [ -120.7970288, 35.1815517 ], [ -120.7970566, 35.1815369 ], [ -120.7970937, 35.1815657 ], [ -120.797098600000012, 35.1815779 ] ], [ [ -120.797079199999985, 35.1815118 ], [ -120.7970719, 35.1815048 ], [ -120.7970799, 35.1814887 ], [ -120.797089899999989, 35.181504 ], [ -120.797079199999985, 35.1815118 ] ], [ [ -120.797354, 35.181343 ], [ -120.7973455, 35.1813967 ], [ -120.7973253, 35.1814167 ], [ -120.7973145, 35.1813803 ], [ -120.7973263, 35.1813087 ], [ -120.7973476, 35.1813215 ], [ -120.797354, 35.181343 ] ], [ [ -120.796989599999975, 35.1813995 ], [ -120.796969600000011, 35.1813845 ], [ -120.7969742, 35.1813356 ], [ -120.7969891, 35.1813365 ], [ -120.7969981, 35.1813486 ], [ -120.7969984, 35.1813889 ], [ -120.796989599999975, 35.1813995 ] ], [ [ -120.7970614, 35.1813601 ], [ -120.7970669, 35.1813766 ], [ -120.7970608, 35.1813822 ], [ -120.79705460000001, 35.1813762 ], [ -120.7970614, 35.1813601 ] ], [ [ -120.7970434, 35.1812463 ], [ -120.7970429, 35.181229099999989 ], [ -120.797062900000014, 35.1812365 ], [ -120.7970434, 35.1812463 ] ], [ [ -120.7966441, 35.1812189 ], [ -120.7966374, 35.1811911 ], [ -120.796647299999989, 35.1811693 ], [ -120.7966717, 35.181153 ], [ -120.7966891, 35.1811629 ], [ -120.7966955, 35.181178 ], [ -120.79667929999998, 35.1812275 ], [ -120.7966671, 35.1812386 ], [ -120.7966441, 35.1812189 ] ], [ [ -120.795669300000014, 35.1797429 ], [ -120.7956613, 35.1797519 ], [ -120.795647699999989, 35.1797488 ], [ -120.7956263, 35.1797187 ], [ -120.795635, 35.1796964 ], [ -120.795663600000012, 35.1797193 ], [ -120.795669300000014, 35.1797429 ] ], [ [ -120.7955512, 35.1796964 ], [ -120.795547500000012, 35.1796829 ], [ -120.795569, 35.179678 ], [ -120.7955739, 35.1796965 ], [ -120.7955512, 35.1796964 ] ], [ [ -120.796084799999988, 35.1797511 ], [ -120.7960715, 35.1797529 ], [ -120.7960574, 35.1797426 ], [ -120.7960517, 35.1797157 ], [ -120.7960823, 35.1797281 ], [ -120.796084799999988, 35.1797511 ] ], [ [ -120.795594399999985, 35.1796448 ], [ -120.7955927, 35.1796338 ], [ -120.795613599999982, 35.1796324 ], [ -120.795620499999984, 35.1796388 ], [ -120.795594399999985, 35.1796448 ] ], [ [ -120.7953217, 35.1796008 ], [ -120.795316299999982, 35.1796124 ], [ -120.795302299999989, 35.1796183 ], [ -120.795262799999989, 35.1796005 ], [ -120.7952579, 35.1795934 ], [ -120.79526460000001, 35.179587 ], [ -120.7953149, 35.1795933 ], [ -120.7953217, 35.1796008 ] ], [ [ -120.795413499999981, 35.1795835 ], [ -120.795397, 35.1795616 ], [ -120.795425099999989, 35.179559 ], [ -120.7954304, 35.179582 ], [ -120.795413499999981, 35.1795835 ] ], [ [ -120.7952649, 35.179529 ], [ -120.795265199999989, 35.179512 ], [ -120.795311399999989, 35.1794818 ], [ -120.79532589999998, 35.1795005 ], [ -120.7953243, 35.1795117 ], [ -120.795293, 35.1795293 ], [ -120.7952649, 35.179529 ] ], [ [ -120.795355699999988, 35.1794648 ], [ -120.7954009, 35.1794791 ], [ -120.795408599999988, 35.1794947 ], [ -120.7954004, 35.1795107 ], [ -120.7953614, 35.1795206 ], [ -120.7953431, 35.1795145 ], [ -120.795355699999988, 35.1794648 ] ], [ [ -120.796453, 35.1794934 ], [ -120.7964693, 35.1795114 ], [ -120.796445899999981, 35.1795094 ], [ -120.796453, 35.1794934 ] ], [ [ -120.795420900000011, 35.1793504 ], [ -120.795425199999983, 35.1793312 ], [ -120.795446799999979, 35.1793524 ], [ -120.795420900000011, 35.1793504 ] ], [ [ -120.796283699999989, 35.1792583 ], [ -120.796288699999977, 35.1792493 ], [ -120.7963282, 35.1792355 ], [ -120.7963077, 35.1792651 ], [ -120.796283699999989, 35.1792583 ] ], [ [ -120.795879, 35.1791239 ], [ -120.7958724, 35.1791372 ], [ -120.795849300000015, 35.1791135 ], [ -120.7958489, 35.1790912 ], [ -120.7958748, 35.1791066 ], [ -120.795879, 35.1791239 ] ], [ [ -120.7943663, 35.1788444 ], [ -120.794346499999989, 35.1788492 ], [ -120.794325299999983, 35.1788433 ], [ -120.794340800000015, 35.1788294 ], [ -120.794364299999984, 35.1788329 ], [ -120.7943663, 35.1788444 ] ], [ [ -120.794528899999989, 35.1788095 ], [ -120.794478399999974, 35.1788089 ], [ -120.794468399999985, 35.1788007 ], [ -120.7944738, 35.1787819 ], [ -120.7945366, 35.178781 ], [ -120.7945454, 35.178795199999989 ], [ -120.794528899999989, 35.1788095 ] ], [ [ -120.794668800000011, 35.1786299 ], [ -120.7946148, 35.1786495 ], [ -120.7945356, 35.1786455 ], [ -120.7945391, 35.1786277 ], [ -120.7945664, 35.1786078 ], [ -120.7946328, 35.178605499999989 ], [ -120.7946883, 35.1786146 ], [ -120.794668800000011, 35.1786299 ] ], [ [ -120.794227, 35.1785019 ], [ -120.794145299999983, 35.1785056 ], [ -120.7941204, 35.1785002 ], [ -120.7941034, 35.178482 ], [ -120.794093600000011, 35.178453 ], [ -120.79409840000001, 35.1784304 ], [ -120.7941103, 35.178421 ], [ -120.794138499999988, 35.1784214 ], [ -120.7941667, 35.1784345 ], [ -120.794176400000012, 35.1784468 ], [ -120.7941729, 35.178468 ], [ -120.794181099999989, 35.1784739 ], [ -120.7942564, 35.1784681 ], [ -120.794247200000015, 35.1784921 ], [ -120.794227, 35.1785019 ] ], [ [ -120.7925971, 35.1784557 ], [ -120.792570399999988, 35.1784496 ], [ -120.7925724, 35.1784448 ], [ -120.7925999, 35.1784401 ], [ -120.7926258, 35.1784491 ], [ -120.7925971, 35.1784557 ] ], [ [ -120.7935022, 35.1784685 ], [ -120.79348610000001, 35.1784712 ], [ -120.7934509, 35.1784423 ], [ -120.793480199999976, 35.1784381 ], [ -120.793501299999988, 35.1784564 ], [ -120.7935022, 35.1784685 ] ], [ [ -120.7883594, 35.1783321 ], [ -120.7883599, 35.1783089 ], [ -120.7883872, 35.1783155 ], [ -120.788386500000016, 35.178335 ], [ -120.7883594, 35.1783321 ] ], [ [ -120.794396399999982, 35.1783984 ], [ -120.794417599999989, 35.178422 ], [ -120.794416899999973, 35.178431 ], [ -120.7943923, 35.1784344 ], [ -120.7943555, 35.1784265 ], [ -120.794396399999982, 35.1783984 ] ], [ [ -120.788405199999985, 35.1782671 ], [ -120.788405199999985, 35.1782581 ], [ -120.788429099999988, 35.1782658 ], [ -120.788405199999985, 35.1782671 ] ], [ [ -120.788212699999988, 35.1782472 ], [ -120.7881823, 35.1782487 ], [ -120.788162799999981, 35.1782259 ], [ -120.7881648, 35.1782155 ], [ -120.788208, 35.1782357 ], [ -120.788212699999988, 35.1782472 ] ], [ [ -120.7940087, 35.178348 ], [ -120.7939887, 35.1783539 ], [ -120.7939582, 35.1783492 ], [ -120.7939521, 35.178338 ], [ -120.793959199999989, 35.1783222 ], [ -120.7939996, 35.1783284 ], [ -120.7940087, 35.178348 ] ], [ [ -120.7929639, 35.1782092 ], [ -120.792975, 35.1781741 ], [ -120.7930152, 35.1781819 ], [ -120.7930233, 35.1781897 ], [ -120.79301980000001, 35.1782143 ], [ -120.7929976, 35.1782299 ], [ -120.7929813, 35.1782262 ], [ -120.7929639, 35.1782092 ] ], [ [ -120.788625399999987, 35.1780827 ], [ -120.7886167, 35.1781093 ], [ -120.7885991, 35.1781151 ], [ -120.7885473, 35.178107 ], [ -120.788452599999985, 35.1780695 ], [ -120.7884424, 35.1780546 ], [ -120.788444, 35.1780369 ], [ -120.78847780000001, 35.1780083 ], [ -120.7885894, 35.1780541 ], [ -120.788625399999987, 35.1780827 ] ], [ [ -120.794134, 35.178193 ], [ -120.794161100000011, 35.1781667 ], [ -120.7941887, 35.1781638 ], [ -120.7942153, 35.1781703 ], [ -120.794235500000013, 35.178188 ], [ -120.794235, 35.1782044 ], [ -120.7941924, 35.1782157 ], [ -120.7941402, 35.178212 ], [ -120.794134, 35.178193 ] ], [ [ -120.7886098, 35.177997 ], [ -120.7886099, 35.1779963 ], [ -120.7886108, 35.1779967 ], [ -120.7886098, 35.177997 ] ], [ [ -120.7886312, 35.1778818 ], [ -120.7887067, 35.1779074 ], [ -120.788713500000014, 35.1779208 ], [ -120.788682, 35.1779252 ], [ -120.788611299999985, 35.1779046 ], [ -120.788565099999985, 35.1779011 ], [ -120.788533299999983, 35.177868 ], [ -120.788526499999975, 35.1778322 ], [ -120.7885732, 35.1778397 ], [ -120.7886312, 35.1778818 ] ], [ [ -120.786411, 35.1778513 ], [ -120.7864181, 35.1778428 ], [ -120.786428300000011, 35.1778519 ], [ -120.786418900000015, 35.1778608 ], [ -120.786411, 35.1778513 ] ], [ [ -120.7872732, 35.1778953 ], [ -120.787250899999989, 35.1778817 ], [ -120.7872518, 35.1778707 ], [ -120.7872731, 35.1778812 ], [ -120.7872732, 35.1778953 ] ], [ [ -120.7872078, 35.1779204 ], [ -120.7871877, 35.1779164 ], [ -120.7871924, 35.1778951 ], [ -120.7871857, 35.1778776 ], [ -120.787232099999983, 35.1778953 ], [ -120.7872078, 35.1779204 ] ], [ [ -120.7871286, 35.1778617 ], [ -120.7871424, 35.1778567 ], [ -120.7871419, 35.177865 ], [ -120.7871286, 35.1778617 ] ], [ [ -120.7871216, 35.1778137 ], [ -120.787114, 35.1778052 ], [ -120.787122, 35.1777973 ], [ -120.7871334, 35.1778077 ], [ -120.7871216, 35.1778137 ] ], [ [ -120.7864374, 35.1777829 ], [ -120.7864266, 35.1777757 ], [ -120.7864422, 35.1777654 ], [ -120.786451, 35.177777 ], [ -120.7864374, 35.1777829 ] ], [ [ -120.7869777, 35.1777512 ], [ -120.787001, 35.1777438 ], [ -120.7870146, 35.1777094 ], [ -120.787041800000011, 35.1777523 ], [ -120.7869777, 35.1777512 ] ], [ [ -120.7872563, 35.1777065 ], [ -120.787258, 35.1777193 ], [ -120.787239399999976, 35.1777192 ], [ -120.7872563, 35.1777065 ] ], [ [ -120.7872518, 35.1776835 ], [ -120.787257899999986, 35.1776467 ], [ -120.787295699999987, 35.1776463 ], [ -120.7873183, 35.177654 ], [ -120.7873327, 35.1776734 ], [ -120.787327100000013, 35.1776939 ], [ -120.7872961, 35.1777087 ], [ -120.787262699999985, 35.1777037 ], [ -120.7872518, 35.1776835 ] ], [ [ -120.7863117, 35.1776538 ], [ -120.786306200000013, 35.1776482 ], [ -120.7863137, 35.1776427 ], [ -120.7863198, 35.177649 ], [ -120.7863117, 35.1776538 ] ], [ [ -120.7873203, 35.1777318 ], [ -120.7873301, 35.1777389 ], [ -120.7873171, 35.1777449 ], [ -120.7872994, 35.1777355 ], [ -120.7873203, 35.1777318 ] ], [ [ -120.786847199999983, 35.1774271 ], [ -120.7868468, 35.1774198 ], [ -120.7868535, 35.1774237 ], [ -120.786847199999983, 35.1774271 ] ], [ [ -120.7863165, 35.1772732 ], [ -120.7862996, 35.1772711 ], [ -120.786302, 35.1772645 ], [ -120.786324799999988, 35.1772586 ], [ -120.786331100000012, 35.1772645 ], [ -120.7863165, 35.1772732 ] ], [ [ -120.7863388, 35.1772549 ], [ -120.786368900000014, 35.1772292 ], [ -120.786410300000014, 35.1772269 ], [ -120.7864238, 35.1772352 ], [ -120.7863388, 35.1772549 ] ], [ [ -120.786368, 35.1771143 ], [ -120.786373900000015, 35.1771325 ], [ -120.786348899999979, 35.177143 ], [ -120.7862818, 35.1771268 ], [ -120.786219, 35.1770866 ], [ -120.786267099999989, 35.1770793 ], [ -120.786345399999988, 35.1770932 ], [ -120.786368, 35.1771143 ] ], [ [ -120.7864669, 35.1770169 ], [ -120.7864639, 35.1770551 ], [ -120.786441299999979, 35.1770721 ], [ -120.786385799999977, 35.1770652 ], [ -120.7863257, 35.1770348 ], [ -120.7863684, 35.1770183 ], [ -120.786397600000015, 35.176981 ], [ -120.7864386, 35.1769944 ], [ -120.7864669, 35.1770169 ] ], [ [ -120.785642, 35.1769702 ], [ -120.7856514, 35.1769627 ], [ -120.785662, 35.1769704 ], [ -120.7856509, 35.1769835 ], [ -120.785642, 35.1769702 ] ], [ [ -120.7860263, 35.176959 ], [ -120.7860474, 35.1769366 ], [ -120.786051700000016, 35.176959 ], [ -120.7860263, 35.176959 ] ], [ [ -120.785270399999987, 35.1768769 ], [ -120.785258399999989, 35.176882 ], [ -120.7852452, 35.1768681 ], [ -120.785259399999987, 35.1768446 ], [ -120.7852752, 35.1768616 ], [ -120.785270399999987, 35.1768769 ] ], [ [ -120.7847423, 35.176337 ], [ -120.7847234, 35.1763298 ], [ -120.7847178, 35.1763193 ], [ -120.7847262, 35.176306 ], [ -120.784747200000012, 35.1762976 ], [ -120.7847559, 35.1763202 ], [ -120.7847423, 35.176337 ] ], [ [ -120.7847882, 35.1762309 ], [ -120.784754100000015, 35.1762529 ], [ -120.784736, 35.1762523 ], [ -120.784728300000012, 35.1762425 ], [ -120.7847277, 35.1762067 ], [ -120.7847628, 35.1762059 ], [ -120.7847817, 35.176217 ], [ -120.7847882, 35.1762309 ] ], [ [ -120.7849388, 35.1760304 ], [ -120.7849333, 35.1760654 ], [ -120.7849061, 35.1760816 ], [ -120.7848823, 35.1760796 ], [ -120.7848683, 35.1760661 ], [ -120.7848705, 35.1760256 ], [ -120.7848871, 35.1759961 ], [ -120.7849273, 35.1760131 ], [ -120.7849388, 35.1760304 ] ], [ [ -120.7839746, 35.1755151 ], [ -120.7839487, 35.1755119 ], [ -120.7839461, 35.1754972 ], [ -120.7839567, 35.1754887 ], [ -120.78396810000001, 35.1754959 ], [ -120.7839746, 35.1755151 ] ], [ [ -120.783979, 35.1754755 ], [ -120.7840041, 35.1754667 ], [ -120.7840202, 35.1754786 ], [ -120.7839992, 35.1754936 ], [ -120.7839791, 35.1754842 ], [ -120.783979, 35.1754755 ] ], [ [ -120.7840777, 35.175065 ], [ -120.784078, 35.1750648 ], [ -120.784078, 35.1750652 ], [ -120.7840777, 35.175065 ] ], [ [ -120.784362, 35.1749336 ], [ -120.7843463, 35.1749577 ], [ -120.784320900000012, 35.1749693 ], [ -120.78428790000001, 35.1749715 ], [ -120.7842461, 35.1749673 ], [ -120.78421440000001, 35.1749546 ], [ -120.7842091, 35.1749286 ], [ -120.7842401, 35.1749065 ], [ -120.7842587, 35.1748801 ], [ -120.784298299999989, 35.1749085 ], [ -120.7843316, 35.1748946 ], [ -120.784351199999989, 35.1749003 ], [ -120.784362, 35.1749336 ] ], [ [ -120.783874599999976, 35.1748098 ], [ -120.783876, 35.1748337 ], [ -120.7838576, 35.1748414 ], [ -120.78382, 35.1748368 ], [ -120.783806, 35.1748198 ], [ -120.7838, 35.1747884 ], [ -120.7838242, 35.1747771 ], [ -120.783848099999986, 35.1747836 ], [ -120.783874599999976, 35.1748098 ] ], [ [ -120.783681299999984, 35.1747948 ], [ -120.7836689, 35.1747674 ], [ -120.7836936, 35.1747681 ], [ -120.783711099999977, 35.1747912 ], [ -120.783681299999984, 35.1747948 ] ], [ [ -120.7836665, 35.1747017 ], [ -120.783671, 35.1746873 ], [ -120.783689599999988, 35.1746979 ], [ -120.7836665, 35.1747017 ] ], [ [ -120.783593399999987, 35.1746684 ], [ -120.783568, 35.174669 ], [ -120.783555599999985, 35.1746473 ], [ -120.7835627, 35.1746329 ], [ -120.7836017, 35.1746457 ], [ -120.783593399999987, 35.1746684 ] ], [ [ -120.7836261, 35.1746026 ], [ -120.7836079, 35.1745859 ], [ -120.7836337, 35.1745857 ], [ -120.7836344, 35.1745999 ], [ -120.7836261, 35.1746026 ] ], [ [ -120.783483800000013, 35.1743002 ], [ -120.7834774, 35.1742932 ], [ -120.7834846, 35.1742741 ], [ -120.7834954, 35.1742802 ], [ -120.783483800000013, 35.1743002 ] ], [ [ -120.7833551, 35.1742651 ], [ -120.783335399999984, 35.1742638 ], [ -120.7833316, 35.1742498 ], [ -120.783354, 35.1742455 ], [ -120.783365099999983, 35.1742583 ], [ -120.7833551, 35.1742651 ] ], [ [ -120.7834217, 35.1742233 ], [ -120.7833901, 35.1742343 ], [ -120.7833726, 35.1742328 ], [ -120.7833669, 35.1742174 ], [ -120.7833769, 35.1741963 ], [ -120.7834192, 35.1742088 ], [ -120.7834217, 35.1742233 ] ], [ [ -120.783186599999979, 35.1735913 ], [ -120.7831797, 35.1736054 ], [ -120.78314420000001, 35.173594 ], [ -120.783126200000012, 35.1735742 ], [ -120.7831291, 35.17356 ], [ -120.7831529, 35.1735509 ], [ -120.783152300000012, 35.1735687 ], [ -120.783186599999979, 35.1735913 ] ], [ [ -120.783085700000015, 35.1732485 ], [ -120.783088100000015, 35.1732621 ], [ -120.7830769, 35.1732735 ], [ -120.783006500000013, 35.1732698 ], [ -120.782988499999988, 35.1732621 ], [ -120.782995700000015, 35.1732532 ], [ -120.7830517, 35.1732348 ], [ -120.783070599999988, 35.1732371 ], [ -120.783085700000015, 35.1732485 ] ], [ [ -120.783168499999988, 35.173230599999989 ], [ -120.783137, 35.1732295 ], [ -120.783140399999979, 35.1732034 ], [ -120.7831679, 35.1732177 ], [ -120.783168499999988, 35.173230599999989 ] ], [ [ -120.7830013, 35.1727373 ], [ -120.782951, 35.1727625 ], [ -120.7829389, 35.172756299999989 ], [ -120.782935599999988, 35.1727426 ], [ -120.7829561, 35.1727113 ], [ -120.782990099999978, 35.1727234 ], [ -120.7830013, 35.1727373 ] ], [ [ -120.782936, 35.1725801 ], [ -120.7829216, 35.1725605 ], [ -120.7829383, 35.17256 ], [ -120.7829466, 35.1725733 ], [ -120.782936, 35.1725801 ] ], [ [ -120.7829418, 35.1725466 ], [ -120.7829205, 35.1725511 ], [ -120.782917, 35.1725353 ], [ -120.7829398, 35.1725247 ], [ -120.7829501, 35.1725364 ], [ -120.7829418, 35.1725466 ] ], [ [ -120.7828099, 35.1724358 ], [ -120.78280190000001, 35.1724293 ], [ -120.7828102, 35.1724238 ], [ -120.7828201, 35.1724288 ], [ -120.7828099, 35.1724358 ] ], [ [ -120.7824127, 35.172336 ], [ -120.7824043, 35.1723281 ], [ -120.782417899999984, 35.1723176 ], [ -120.7824261, 35.1723305 ], [ -120.7824127, 35.172336 ] ], [ [ -120.7830925, 35.1721773 ], [ -120.7830654, 35.1721979 ], [ -120.7830523, 35.1721965 ], [ -120.7830353, 35.172179199999988 ], [ -120.7830376, 35.1721392 ], [ -120.783070099999989, 35.172132 ], [ -120.783096, 35.1721498 ], [ -120.7830925, 35.1721773 ] ], [ [ -120.782205, 35.1720753 ], [ -120.7821995, 35.1720655 ], [ -120.7822056, 35.172051 ], [ -120.782255, 35.1720757 ], [ -120.782205, 35.1720753 ] ], [ [ -120.7820087, 35.1718804 ], [ -120.7819853, 35.1719021 ], [ -120.7819675, 35.1719088 ], [ -120.781947799999983, 35.1719056 ], [ -120.78188059999998, 35.1718633 ], [ -120.7818788, 35.1718345 ], [ -120.7819047, 35.1718092 ], [ -120.7820076, 35.1718661 ], [ -120.7820087, 35.1718804 ] ], [ [ -120.7821686, 35.1717126 ], [ -120.782170799999975, 35.1717121 ], [ -120.782170900000011, 35.1717131 ], [ -120.7821686, 35.1717126 ] ], [ [ -120.781699, 35.1716194 ], [ -120.781699, 35.1716343 ], [ -120.781667500000012, 35.171646 ], [ -120.7815778, 35.171646599999988 ], [ -120.781563299999988, 35.1716306 ], [ -120.781563, 35.1716129 ], [ -120.78160339999998, 35.1715865 ], [ -120.7816796, 35.171604 ], [ -120.781699, 35.1716194 ] ], [ [ -120.7813164, 35.1713711 ], [ -120.781301, 35.1713788 ], [ -120.7812594, 35.1713746 ], [ -120.7812427, 35.1713538 ], [ -120.7812465, 35.1713348 ], [ -120.781281400000012, 35.171313 ], [ -120.781303799999989, 35.1713268 ], [ -120.7813203, 35.1713545 ], [ -120.7813164, 35.1713711 ] ], [ [ -120.7828003, 35.1713832 ], [ -120.7827762, 35.1713881 ], [ -120.782732, 35.1713801 ], [ -120.7827287, 35.171359699999989 ], [ -120.7827738, 35.1713415 ], [ -120.782794, 35.171355 ], [ -120.7828003, 35.1713832 ] ], [ [ -120.7811247, 35.1712458 ], [ -120.7811077, 35.171241 ], [ -120.781138, 35.1712426 ], [ -120.7811247, 35.1712458 ] ], [ [ -120.781192, 35.1712141 ], [ -120.781180599999985, 35.1712067 ], [ -120.7811968, 35.1711945 ], [ -120.781202100000016, 35.1712094 ], [ -120.781192, 35.1712141 ] ], [ [ -120.7804555, 35.1710522 ], [ -120.7804324, 35.1710625 ], [ -120.7804019, 35.1710593 ], [ -120.7803902, 35.1710473 ], [ -120.780388899999977, 35.1710287 ], [ -120.780437, 35.1710406 ], [ -120.7804555, 35.1710522 ] ], [ [ -120.781111899999985, 35.1708963 ], [ -120.781093399999975, 35.1709089 ], [ -120.781055199999983, 35.170901799999989 ], [ -120.781025899999975, 35.1708769 ], [ -120.781033099999974, 35.1708563 ], [ -120.7810746, 35.1708434 ], [ -120.7811178, 35.1708802 ], [ -120.781111899999985, 35.1708963 ] ], [ [ -120.7806524, 35.170873199999988 ], [ -120.7806567, 35.1708688 ], [ -120.7806565, 35.1708772 ], [ -120.7806524, 35.170873199999988 ] ], [ [ -120.779948300000015, 35.1703452 ], [ -120.7799204, 35.1703431 ], [ -120.7799249, 35.1703252 ], [ -120.7799488, 35.1703351 ], [ -120.779948300000015, 35.1703452 ] ], [ [ -120.7803004, 35.1702882 ], [ -120.7803656, 35.1702702 ], [ -120.7803752, 35.1703105 ], [ -120.780363900000012, 35.170332 ], [ -120.7803395, 35.170333 ], [ -120.7802956, 35.170305 ], [ -120.7803004, 35.1702882 ] ], [ [ -120.7801889, 35.1703106 ], [ -120.7801834, 35.1703029 ], [ -120.780189299999989, 35.1702934 ], [ -120.7801964, 35.1703029 ], [ -120.7801889, 35.1703106 ] ], [ [ -120.780255099999977, 35.1702958 ], [ -120.7802672, 35.1703087 ], [ -120.780239, 35.1703071 ], [ -120.780255099999977, 35.1702958 ] ], [ [ -120.7798359, 35.1696494 ], [ -120.7797883, 35.1696616 ], [ -120.7797682, 35.1696295 ], [ -120.7798293, 35.1696386 ], [ -120.7798359, 35.1696494 ] ], [ [ -120.7802104, 35.168932 ], [ -120.7802122, 35.1689511 ], [ -120.7802007, 35.1689674 ], [ -120.780153399999975, 35.168971 ], [ -120.7801274, 35.1689592 ], [ -120.780129500000015, 35.1689379 ], [ -120.780161, 35.1689112 ], [ -120.780187, 35.168916 ], [ -120.7802104, 35.168932 ] ], [ [ -120.779612199999988, 35.1689149 ], [ -120.7796007, 35.1689082 ], [ -120.7796124, 35.1688979 ], [ -120.7796614, 35.1689098 ], [ -120.7796398, 35.1689171 ], [ -120.779612199999988, 35.1689149 ] ], [ [ -120.7795488, 35.16891 ], [ -120.779546599999989, 35.1688957 ], [ -120.7795681, 35.1688945 ], [ -120.779576299999988, 35.1689072 ], [ -120.7795488, 35.16891 ] ], [ [ -120.7793707, 35.168499 ], [ -120.7793808, 35.1685243 ], [ -120.7793643, 35.1685464 ], [ -120.7793332, 35.1685516 ], [ -120.7793032, 35.1685343 ], [ -120.7792855, 35.1685063 ], [ -120.779294600000014, 35.168473899999988 ], [ -120.7793454, 35.1684829 ], [ -120.7793707, 35.168499 ] ], [ [ -120.77942849999998, 35.1683123 ], [ -120.779418, 35.1683054 ], [ -120.7794315, 35.1682847 ], [ -120.779455399999989, 35.1682914 ], [ -120.77942849999998, 35.1683123 ] ], [ [ -120.7795202, 35.1682545 ], [ -120.7795404, 35.168274 ], [ -120.7795171, 35.168285 ], [ -120.7795018, 35.1682746 ], [ -120.7795202, 35.1682545 ] ], [ [ -120.7792546, 35.1680712 ], [ -120.779244899999981, 35.1680831 ], [ -120.779230700000014, 35.1680852 ], [ -120.779217500000016, 35.168078 ], [ -120.779217899999978, 35.168065 ], [ -120.7792446, 35.1680576 ], [ -120.779253399999988, 35.1680603 ], [ -120.7792546, 35.1680712 ] ], [ [ -120.7786157, 35.1678498 ], [ -120.7785955, 35.1678617 ], [ -120.7785797, 35.167856 ], [ -120.778566499999982, 35.167836699999988 ], [ -120.778567599999988, 35.167789 ], [ -120.778589200000013, 35.1677701 ], [ -120.7786245, 35.1678183 ], [ -120.7786157, 35.1678498 ] ], [ [ -120.7787284, 35.1676929 ], [ -120.7787222, 35.1677201 ], [ -120.7786986, 35.1677397 ], [ -120.7786719, 35.1677288 ], [ -120.7786478, 35.1676917 ], [ -120.778656199999986, 35.1676742 ], [ -120.778679899999986, 35.1676626 ], [ -120.7787155, 35.1676765 ], [ -120.7787284, 35.1676929 ] ], [ [ -120.7783851, 35.1673894 ], [ -120.7783923, 35.1674213 ], [ -120.7783665, 35.1674443 ], [ -120.778398199999984, 35.1674787 ], [ -120.7783765, 35.1674828 ], [ -120.7783466, 35.1674764 ], [ -120.7783067, 35.167443 ], [ -120.7782901, 35.1673989 ], [ -120.7782933, 35.1673472 ], [ -120.7783529, 35.1673652 ], [ -120.7783851, 35.1673894 ] ], [ [ -120.777613, 35.1673746 ], [ -120.7775844, 35.1673914 ], [ -120.777523500000015, 35.1673946 ], [ -120.7774898, 35.1673892 ], [ -120.777472, 35.1673712 ], [ -120.7774688, 35.1673386 ], [ -120.777548199999984, 35.1672942 ], [ -120.7775853, 35.167304 ], [ -120.7776122, 35.1673234 ], [ -120.7776213, 35.1673491 ], [ -120.777613, 35.1673746 ] ], [ [ -120.777301799999989, 35.1673151 ], [ -120.777289200000013, 35.1673359 ], [ -120.7772161, 35.1673575 ], [ -120.777195399999982, 35.1673138 ], [ -120.7772192, 35.1672826 ], [ -120.7772649, 35.1672853 ], [ -120.7772958, 35.1672969 ], [ -120.777301799999989, 35.1673151 ] ], [ [ -120.7763488, 35.1672611 ], [ -120.776316899999983, 35.1672505 ], [ -120.7763203, 35.1672346 ], [ -120.7763482, 35.1672384 ], [ -120.7763488, 35.1672611 ] ], [ [ -120.7772506, 35.1672269 ], [ -120.777228600000015, 35.1672318 ], [ -120.7772159, 35.1672274 ], [ -120.7772132, 35.1672105 ], [ -120.777221499999982, 35.1671979 ], [ -120.7772506, 35.1672028 ], [ -120.7772506, 35.1672269 ] ], [ [ -120.7758714, 35.1671036 ], [ -120.775868099999983, 35.167115699999989 ], [ -120.7758585, 35.1671178 ], [ -120.775844299999989, 35.167102 ], [ -120.775818299999983, 35.1670919 ], [ -120.775819399999989, 35.1670833 ], [ -120.7758642, 35.1670952 ], [ -120.7758714, 35.1671036 ] ], [ [ -120.775300199999975, 35.1670614 ], [ -120.775315400000011, 35.167047 ], [ -120.7753294, 35.167062 ], [ -120.7753147, 35.1670747 ], [ -120.775300199999975, 35.1670614 ] ], [ [ -120.775754, 35.167066 ], [ -120.775754399999983, 35.1670721 ], [ -120.7757409, 35.1670692 ], [ -120.775754, 35.167066 ] ], [ [ -120.7757911, 35.1667462 ], [ -120.775785299999981, 35.1667553 ], [ -120.7757411, 35.1667512 ], [ -120.7757222, 35.1667417 ], [ -120.775717799999981, 35.1667247 ], [ -120.7757418, 35.166708299999989 ], [ -120.775785200000016, 35.1667331 ], [ -120.7757911, 35.1667462 ] ], [ [ -120.7736124, 35.1662324 ], [ -120.7736093, 35.166242499999989 ], [ -120.773587599999985, 35.1662471 ], [ -120.773568900000015, 35.166239 ], [ -120.77355390000001, 35.1662199 ], [ -120.7735601, 35.1661965 ], [ -120.7736035, 35.1662201 ], [ -120.7736124, 35.1662324 ] ], [ [ -120.773909, 35.165756 ], [ -120.7738812, 35.1657535 ], [ -120.773865, 35.1657378 ], [ -120.773880099999985, 35.165735 ], [ -120.7739059, 35.1657477 ], [ -120.773909, 35.165756 ] ], [ [ -120.773508399999983, 35.1656791 ], [ -120.773500299999981, 35.1656603 ], [ -120.7735091, 35.1656528 ], [ -120.773514600000013, 35.1656642 ], [ -120.773508399999983, 35.1656791 ] ], [ [ -120.773463, 35.1656258 ], [ -120.773456599999989, 35.1656151 ], [ -120.7734667, 35.1655976 ], [ -120.7734733, 35.1656169 ], [ -120.773463, 35.1656258 ] ], [ [ -120.773174, 35.1653183 ], [ -120.7731679, 35.1653293 ], [ -120.7731289, 35.165334 ], [ -120.7731094, 35.1653196 ], [ -120.773103, 35.1653004 ], [ -120.7731242, 35.1652721 ], [ -120.7731658, 35.1652981 ], [ -120.773174, 35.1653183 ] ], [ [ -120.7730168, 35.1652772 ], [ -120.7729903, 35.1652639 ], [ -120.7729648, 35.1652323 ], [ -120.772972299999978, 35.1652064 ], [ -120.7729986, 35.1652041 ], [ -120.7730187, 35.1652121 ], [ -120.7730357, 35.1652394 ], [ -120.7730624, 35.1652607 ], [ -120.7730597, 35.1652782 ], [ -120.7730168, 35.1652772 ] ], [ [ -120.7726661, 35.1650741 ], [ -120.772657599999974, 35.1650513 ], [ -120.7726696, 35.1650359 ], [ -120.772685, 35.1650499 ], [ -120.7726661, 35.1650741 ] ], [ [ -120.772155500000011, 35.1648621 ], [ -120.772122200000013, 35.1648504 ], [ -120.772116, 35.1648347 ], [ -120.772126700000015, 35.1648159 ], [ -120.772160099999979, 35.1648246 ], [ -120.7721784, 35.1648469 ], [ -120.7721783, 35.1648588 ], [ -120.772155500000011, 35.1648621 ] ], [ [ -120.7724076, 35.1648066 ], [ -120.7724349, 35.1647873 ], [ -120.7724433, 35.1648098 ], [ -120.772481899999988, 35.1648244 ], [ -120.772479, 35.1648354 ], [ -120.7724421, 35.1648408 ], [ -120.7724117, 35.1648276 ], [ -120.7724076, 35.1648066 ] ], [ [ -120.77211770000001, 35.1647728 ], [ -120.772084400000011, 35.1647834 ], [ -120.7720847, 35.1647479 ], [ -120.772117099999988, 35.1647449 ], [ -120.7721241, 35.1647596 ], [ -120.77211770000001, 35.1647728 ] ], [ [ -120.772961, 35.1648244 ], [ -120.772967, 35.1648455 ], [ -120.772955, 35.1648499 ], [ -120.772935299999986, 35.1648427 ], [ -120.7729172, 35.1648134 ], [ -120.772961, 35.1648244 ] ], [ [ -120.7721739, 35.164525 ], [ -120.7721728, 35.1645384 ], [ -120.7721498, 35.1645424 ], [ -120.7721119, 35.1645238 ], [ -120.772092, 35.1645003 ], [ -120.7720918, 35.1644856 ], [ -120.7721611, 35.1645101 ], [ -120.7721739, 35.164525 ] ], [ [ -120.771762200000012, 35.1645065 ], [ -120.7717383, 35.1645238 ], [ -120.77172, 35.1645197 ], [ -120.7717084, 35.1645004 ], [ -120.7717072, 35.1644749 ], [ -120.7717192, 35.1644624 ], [ -120.7717483, 35.1644718 ], [ -120.771767900000015, 35.1644888 ], [ -120.771762200000012, 35.1645065 ] ], [ [ -120.771691, 35.1643425 ], [ -120.771700700000011, 35.1643373 ], [ -120.7717191, 35.1643455 ], [ -120.7716952, 35.1643486 ], [ -120.771691, 35.1643425 ] ], [ [ -120.7716335, 35.1643467 ], [ -120.7716097, 35.1643308 ], [ -120.771605599999987, 35.1643229 ], [ -120.7716136, 35.1643104 ], [ -120.771641500000015, 35.1643143 ], [ -120.7716527, 35.164344 ], [ -120.7716335, 35.1643467 ] ], [ [ -120.771789399999989, 35.1643041 ], [ -120.7718209, 35.1643144 ], [ -120.771834399999989, 35.1643454 ], [ -120.771802099999988, 35.1643281 ], [ -120.771789399999989, 35.1643041 ] ], [ [ -120.7717648, 35.1643484 ], [ -120.771766700000015, 35.1643321 ], [ -120.7717913, 35.164347 ], [ -120.7717648, 35.1643484 ] ], [ [ -120.771073099999981, 35.163948499999989 ], [ -120.771057899999988, 35.1639364 ], [ -120.771075, 35.1639306 ], [ -120.77108290000001, 35.1639392 ], [ -120.771073099999981, 35.163948499999989 ] ], [ [ -120.7718668, 35.1638611 ], [ -120.7718674, 35.1638601 ], [ -120.771869, 35.1638608 ], [ -120.7718668, 35.1638611 ] ], [ [ -120.7716634, 35.1638243 ], [ -120.771643399999988, 35.1638286 ], [ -120.771620200000015, 35.1638231 ], [ -120.7716005, 35.1638059 ], [ -120.771605799999989, 35.1637912 ], [ -120.7716579, 35.1638148 ], [ -120.7716634, 35.1638243 ] ], [ [ -120.7696969, 35.1632872 ], [ -120.7696873, 35.1632484 ], [ -120.769711199999989, 35.163223099999989 ], [ -120.7697546, 35.1632209 ], [ -120.7697822, 35.1632292 ], [ -120.7697882, 35.1632712 ], [ -120.7697797, 35.163289 ], [ -120.7697347, 35.1632966 ], [ -120.7696969, 35.1632872 ] ], [ [ -120.7695971, 35.1632108 ], [ -120.7696234, 35.1631912 ], [ -120.769628, 35.1631757 ], [ -120.7695893, 35.1631645 ], [ -120.7696255, 35.1631454 ], [ -120.7696542, 35.1631708 ], [ -120.7696591, 35.1631892 ], [ -120.7696341, 35.1632122 ], [ -120.7696033, 35.1632249 ], [ -120.7695971, 35.1632108 ] ], [ [ -120.7697926, 35.1631676 ], [ -120.7698232, 35.1631406 ], [ -120.7698373, 35.1631566 ], [ -120.769831, 35.1631742 ], [ -120.7698184, 35.1631812 ], [ -120.7697964, 35.1631792 ], [ -120.7697926, 35.1631676 ] ], [ [ -120.7703547, 35.1631657 ], [ -120.770327099999989, 35.163182299999988 ], [ -120.7703275, 35.1631639 ], [ -120.7703547, 35.1631657 ] ], [ [ -120.769833600000013, 35.1632486 ], [ -120.7698428, 35.1632251 ], [ -120.7698902, 35.1632396 ], [ -120.769899699999982, 35.1632493 ], [ -120.769865700000011, 35.1632699 ], [ -120.7698485, 35.1632684 ], [ -120.769833600000013, 35.1632486 ] ], [ [ -120.770225400000015, 35.1632688 ], [ -120.770225199999985, 35.1632907 ], [ -120.7702078, 35.1632925 ], [ -120.7701929, 35.1632688 ], [ -120.770225400000015, 35.1632688 ] ], [ [ -120.7691915, 35.1628563 ], [ -120.7691943, 35.1628544 ], [ -120.7691939, 35.1628586 ], [ -120.7691915, 35.1628563 ] ], [ [ -120.768798499999988, 35.1627481 ], [ -120.768779699999982, 35.1627367 ], [ -120.768751, 35.1627475 ], [ -120.7687527, 35.1627207 ], [ -120.7688035, 35.1626936 ], [ -120.7688193, 35.162721 ], [ -120.7688132, 35.162743399999989 ], [ -120.768798499999988, 35.1627481 ] ], [ [ -120.7692906, 35.1627113 ], [ -120.7692866, 35.1626897 ], [ -120.769344300000014, 35.1626965 ], [ -120.769352799999979, 35.1627075 ], [ -120.7693486, 35.1627218 ], [ -120.7693313, 35.1627353 ], [ -120.7693096, 35.162733 ], [ -120.7692906, 35.1627113 ] ], [ [ -120.768414899999982, 35.1626421 ], [ -120.7684323, 35.1626177 ], [ -120.7684466, 35.1626459 ], [ -120.7684403, 35.1626534 ], [ -120.7684224, 35.162654 ], [ -120.768414899999982, 35.1626421 ] ], [ [ -120.768849299999985, 35.1626245 ], [ -120.768864599999986, 35.1626343 ], [ -120.7688502, 35.162639299999988 ], [ -120.768837499999989, 35.162635099999989 ], [ -120.768849299999985, 35.1626245 ] ], [ [ -120.768717, 35.1626438 ], [ -120.768726, 35.1626487 ], [ -120.7687213, 35.162654 ], [ -120.7687024, 35.1626493 ], [ -120.768717, 35.1626438 ] ], [ [ -120.7685649, 35.1625864 ], [ -120.7685958, 35.1625902 ], [ -120.7685897, 35.1626177 ], [ -120.7685649, 35.1625864 ] ], [ [ -120.7686357, 35.1625785 ], [ -120.768648299999981, 35.1625681 ], [ -120.7686998, 35.1625571 ], [ -120.7686981, 35.162533 ], [ -120.768736799999985, 35.1625463 ], [ -120.7687415, 35.1625595 ], [ -120.7687317, 35.1625741 ], [ -120.768691100000012, 35.1625915 ], [ -120.768637399999989, 35.1625914 ], [ -120.7686357, 35.1625785 ] ], [ [ -120.7682746, 35.1625177 ], [ -120.7682819, 35.1625001 ], [ -120.7683111, 35.1625148 ], [ -120.768307199999981, 35.1625385 ], [ -120.7682746, 35.1625177 ] ], [ [ -120.768347600000013, 35.1625048 ], [ -120.7683561, 35.1625163 ], [ -120.7683468, 35.1625267 ], [ -120.76833950000001, 35.162517 ], [ -120.768347600000013, 35.1625048 ] ], [ [ -120.768092900000013, 35.162442 ], [ -120.7680702, 35.1624605 ], [ -120.7680404, 35.1624612 ], [ -120.767998499999976, 35.1624243 ], [ -120.7679988, 35.1624122 ], [ -120.7680711, 35.1624111 ], [ -120.768090500000014, 35.1624252 ], [ -120.768092900000013, 35.162442 ] ], [ [ -120.7680073, 35.1623683 ], [ -120.7680204, 35.1623834 ], [ -120.7680001, 35.1623948 ], [ -120.767964, 35.162394 ], [ -120.7679019, 35.1623725 ], [ -120.767889199999985, 35.1623612 ], [ -120.7678907, 35.1623511 ], [ -120.76797590000001, 35.1623533 ], [ -120.7680073, 35.1623683 ] ], [ [ -120.7677826, 35.162364 ], [ -120.7677479, 35.1623513 ], [ -120.767737900000014, 35.1623202 ], [ -120.7677966, 35.1623626 ], [ -120.7677826, 35.162364 ] ], [ [ -120.767519899999982, 35.162344 ], [ -120.767513099999974, 35.1623389 ], [ -120.7675179, 35.1623343 ], [ -120.767524600000016, 35.1623387 ], [ -120.767519899999982, 35.162344 ] ], [ [ -120.7678722, 35.1623392 ], [ -120.767879900000011, 35.1623496 ], [ -120.767847, 35.1623436 ], [ -120.7678722, 35.1623392 ] ], [ [ -120.7682592, 35.1622849 ], [ -120.7682514, 35.162278 ], [ -120.7682663, 35.1622669 ], [ -120.768271399999989, 35.1622811 ], [ -120.7682592, 35.1622849 ] ], [ [ -120.767377, 35.1622272 ], [ -120.7673893, 35.1622214 ], [ -120.7674012, 35.1622289 ], [ -120.7673816, 35.1622346 ], [ -120.767377, 35.1622272 ] ], [ [ -120.768049199999979, 35.1622129 ], [ -120.7680714, 35.1621666 ], [ -120.768107399999977, 35.1621658 ], [ -120.7681219, 35.162177 ], [ -120.7681051, 35.16222 ], [ -120.7680899, 35.1622311 ], [ -120.7680627, 35.1622283 ], [ -120.768049199999979, 35.1622129 ] ], [ [ -120.7673874, 35.1621442 ], [ -120.7673821, 35.1621364 ], [ -120.767391799999984, 35.1621285 ], [ -120.767416, 35.162139 ], [ -120.7673874, 35.1621442 ] ], [ [ -120.7667901, 35.1619514 ], [ -120.766765799999988, 35.1619477 ], [ -120.766782299999988, 35.1619383 ], [ -120.766794, 35.1619459 ], [ -120.7667901, 35.1619514 ] ], [ [ -120.767303200000015, 35.1618845 ], [ -120.7672946, 35.1619062 ], [ -120.767279699999989, 35.1619081 ], [ -120.767260600000014, 35.1618963 ], [ -120.7672455, 35.1618588 ], [ -120.767269, 35.161855 ], [ -120.7672923, 35.161866 ], [ -120.767303200000015, 35.1618845 ] ], [ [ -120.7668957, 35.1618781 ], [ -120.7668799, 35.1618605 ], [ -120.76689469999998, 35.1618416 ], [ -120.7669261, 35.1618591 ], [ -120.7668957, 35.1618781 ] ], [ [ -120.76598220000001, 35.1615586 ], [ -120.7659806, 35.1615485 ], [ -120.7660017, 35.1615478 ], [ -120.766008199999987, 35.1615553 ], [ -120.76598220000001, 35.1615586 ] ], [ [ -120.7658959, 35.161518099999988 ], [ -120.7658938, 35.1615121 ], [ -120.7659178, 35.1615168 ], [ -120.7658959, 35.161518099999988 ] ], [ [ -120.7652579, 35.1614818 ], [ -120.765246800000014, 35.1614686 ], [ -120.765258500000016, 35.1614597 ], [ -120.765268100000014, 35.161469 ], [ -120.7652579, 35.1614818 ] ], [ [ -120.764846299999988, 35.1612728 ], [ -120.7648345, 35.1612566 ], [ -120.764847599999982, 35.1612342 ], [ -120.764857400000011, 35.1612588 ], [ -120.764846299999988, 35.1612728 ] ], [ [ -120.7645463, 35.1610126 ], [ -120.7645359, 35.1610035 ], [ -120.7645468, 35.1609934 ], [ -120.764559, 35.1610039 ], [ -120.7645463, 35.1610126 ] ], [ [ -120.7638339, 35.1608133 ], [ -120.7638169, 35.1608173 ], [ -120.7638002, 35.1608075 ], [ -120.7637937, 35.1607898 ], [ -120.7638284, 35.1607693 ], [ -120.7638441, 35.1607953 ], [ -120.7638339, 35.1608133 ] ], [ [ -120.763430299999982, 35.1606078 ], [ -120.76341, 35.1605917 ], [ -120.7634169, 35.1605647 ], [ -120.7634702, 35.1605595 ], [ -120.7634998, 35.1605734 ], [ -120.763430299999982, 35.1606078 ] ], [ [ -120.7629346, 35.1604601 ], [ -120.7629279, 35.1604527 ], [ -120.7629372, 35.1604447 ], [ -120.762943799999988, 35.1604529 ], [ -120.7629346, 35.1604601 ] ], [ [ -120.7618957, 35.1602719 ], [ -120.7618632, 35.1602763 ], [ -120.7618576, 35.1602699 ], [ -120.761866399999988, 35.1602623 ], [ -120.7618904, 35.1602632 ], [ -120.7618957, 35.1602719 ] ], [ [ -120.7619998, 35.1601797 ], [ -120.7619852, 35.1602058 ], [ -120.761947799999987, 35.1602148 ], [ -120.7619227, 35.160208 ], [ -120.7619062, 35.1601795 ], [ -120.761935099999988, 35.1601576 ], [ -120.761964699999979, 35.1601486 ], [ -120.7619902, 35.160156 ], [ -120.7619998, 35.1601797 ] ], [ [ -120.761627099999984, 35.1601869 ], [ -120.761617, 35.1601755 ], [ -120.761627499999975, 35.160167 ], [ -120.761641199999985, 35.1601747 ], [ -120.761627099999984, 35.1601869 ] ], [ [ -120.761863799999986, 35.1601432 ], [ -120.761869899999979, 35.1601358 ], [ -120.7618921, 35.1601324 ], [ -120.7619006, 35.1601445 ], [ -120.76187010000001, 35.1601504 ], [ -120.761863799999986, 35.1601432 ] ], [ [ -120.7624402, 35.1601526 ], [ -120.7624402, 35.1601534 ], [ -120.7624401, 35.160153 ], [ -120.7624402, 35.1601526 ] ], [ [ -120.7636944, 35.1597466 ], [ -120.763691099999988, 35.1597571 ], [ -120.76365220000001, 35.1597801 ], [ -120.763638799999981, 35.1598066 ], [ -120.7636288, 35.1598108 ], [ -120.7635935, 35.1598041 ], [ -120.7635777, 35.159792 ], [ -120.7636132, 35.1597562 ], [ -120.7636155, 35.1597241 ], [ -120.763662499999981, 35.159728 ], [ -120.7636944, 35.1597466 ] ], [ [ -120.7635183, 35.1597977 ], [ -120.763509700000014, 35.1597872 ], [ -120.763526500000012, 35.1597678 ], [ -120.7635467, 35.1597661 ], [ -120.7635527, 35.1597763 ], [ -120.7635183, 35.1597977 ] ], [ [ -120.760943, 35.1597115 ], [ -120.760937899999988, 35.1596915 ], [ -120.7609824, 35.1596734 ], [ -120.76101509999998, 35.159684 ], [ -120.7610196, 35.1597003 ], [ -120.7609989, 35.1597193 ], [ -120.7609579, 35.1597243 ], [ -120.760943, 35.1597115 ] ], [ [ -120.7610922, 35.1596727 ], [ -120.761195, 35.159674 ], [ -120.761211, 35.159680099999989 ], [ -120.761215299999989, 35.1596924 ], [ -120.7611967, 35.1597055 ], [ -120.7611145, 35.159708 ], [ -120.761091, 35.1596936 ], [ -120.7610922, 35.1596727 ] ], [ [ -120.7604496, 35.1595306 ], [ -120.7604238, 35.1595416 ], [ -120.760383, 35.1595406 ], [ -120.760351899999989, 35.1595235 ], [ -120.760355499999989, 35.1595163 ], [ -120.760394299999987, 35.1595021 ], [ -120.760456, 35.1594954 ], [ -120.7604684, 35.1595051 ], [ -120.7604496, 35.1595306 ] ], [ [ -120.756684299999975, 35.1594559 ], [ -120.7566648, 35.1594447 ], [ -120.7566426, 35.1594114 ], [ -120.7566648, 35.1594082 ], [ -120.756681700000016, 35.1594146 ], [ -120.756698, 35.1594346 ], [ -120.756701599999985, 35.1594535 ], [ -120.756684299999975, 35.1594559 ] ], [ [ -120.7576034, 35.1594177 ], [ -120.757631099999983, 35.1593911 ], [ -120.757653800000014, 35.1593925 ], [ -120.7576633, 35.1594017 ], [ -120.7576567, 35.1594234 ], [ -120.7576377, 35.1594336 ], [ -120.7576142, 35.1594287 ], [ -120.7576034, 35.1594177 ] ], [ [ -120.7603361, 35.1594218 ], [ -120.7603525, 35.1594298 ], [ -120.7603395, 35.1594386 ], [ -120.760290199999986, 35.1594458 ], [ -120.760272499999985, 35.1594379 ], [ -120.7602647, 35.1594246 ], [ -120.7603361, 35.1594218 ] ], [ [ -120.7603389, 35.1593728 ], [ -120.760354299999989, 35.1593611 ], [ -120.7603682, 35.1593709 ], [ -120.760374899999974, 35.1593926 ], [ -120.760369900000015, 35.1594045 ], [ -120.760356, 35.1594078 ], [ -120.760339300000012, 35.1594044 ], [ -120.7603336, 35.1593895 ], [ -120.7603389, 35.1593728 ] ], [ [ -120.7602417, 35.1593848 ], [ -120.760266699999988, 35.1593515 ], [ -120.760283, 35.1593628 ], [ -120.760318, 35.1593712 ], [ -120.7603205, 35.1593909 ], [ -120.7602827, 35.1594021 ], [ -120.7602435, 35.1593981 ], [ -120.7602417, 35.1593848 ] ], [ [ -120.7601742, 35.1593784 ], [ -120.7601464, 35.1593751 ], [ -120.7601211, 35.1593559 ], [ -120.760157599999985, 35.1593275 ], [ -120.760177, 35.1593284 ], [ -120.7601895, 35.1593405 ], [ -120.7601883, 35.1593667 ], [ -120.7601742, 35.1593784 ] ], [ [ -120.7603772, 35.1593154 ], [ -120.760399799999973, 35.1593014 ], [ -120.760404099999988, 35.1593277 ], [ -120.760383799999985, 35.1593436 ], [ -120.7603359, 35.1593208 ], [ -120.7603772, 35.1593154 ] ], [ [ -120.7512628, 35.1559809 ], [ -120.751291200000011, 35.156006 ], [ -120.751306199999988, 35.1560415 ], [ -120.7513072, 35.1560712 ], [ -120.7512866, 35.1561248 ], [ -120.751267399999989, 35.1561424 ], [ -120.751233099999979, 35.1561443 ], [ -120.7511894, 35.1561268 ], [ -120.7511127, 35.1560559 ], [ -120.751112299999988, 35.1560146 ], [ -120.7511399, 35.1559387 ], [ -120.7512207, 35.155959 ], [ -120.7512628, 35.1559809 ] ], [ [ -120.7512688, 35.1559043 ], [ -120.7512602, 35.1559152 ], [ -120.7512433, 35.155916399999988 ], [ -120.7512299, 35.1559067 ], [ -120.751223499999981, 35.1558913 ], [ -120.751229400000014, 35.1558752 ], [ -120.7512619, 35.155884199999988 ], [ -120.7512688, 35.1559043 ] ], [ [ -120.6750579, 35.1533383 ], [ -120.6750384, 35.1533314 ], [ -120.675034599999989, 35.1533162 ], [ -120.675051499999981, 35.1532929 ], [ -120.675126299999988, 35.1532582 ], [ -120.675157899999988, 35.1532855 ], [ -120.675159400000013, 35.1533021 ], [ -120.6751504, 35.1533151 ], [ -120.675090499999982, 35.1533375 ], [ -120.6750579, 35.1533383 ] ], [ [ -120.6755316, 35.1533091 ], [ -120.6755647, 35.1532809 ], [ -120.6756324, 35.1532844 ], [ -120.6756475, 35.1532929 ], [ -120.6756476, 35.1533056 ], [ -120.6756207, 35.1533238 ], [ -120.6755374, 35.1533266 ], [ -120.675529, 35.153319 ], [ -120.6755316, 35.1533091 ] ], [ [ -120.672793700000014, 35.1526877 ], [ -120.672803099999982, 35.1526951 ], [ -120.6727847, 35.1526947 ], [ -120.672793700000014, 35.1526877 ] ], [ [ -120.6729298, 35.1526969 ], [ -120.6729185, 35.1526964 ], [ -120.67292519999998, 35.152694 ], [ -120.6729298, 35.1526969 ] ], [ [ -120.6733483, 35.1527047 ], [ -120.673364, 35.152703 ], [ -120.673366, 35.152705499999989 ], [ -120.6733483, 35.1527047 ] ], [ [ -120.6699764, 35.1524883 ], [ -120.669922599999978, 35.1524794 ], [ -120.66987180000001, 35.1524505 ], [ -120.6698367, 35.1524116 ], [ -120.6698266, 35.1523733 ], [ -120.669832700000015, 35.1523286 ], [ -120.6698544, 35.1522861 ], [ -120.6698935, 35.1522417 ], [ -120.6699539, 35.1521992 ], [ -120.6700354, 35.1522669 ], [ -120.6700652, 35.1523209 ], [ -120.6700577, 35.1523781 ], [ -120.670037499999978, 35.1524319 ], [ -120.6700052, 35.152477 ], [ -120.6699764, 35.1524883 ] ], [ [ -120.669626399999984, 35.1522098 ], [ -120.6696078, 35.1521938 ], [ -120.6695986, 35.1521607 ], [ -120.669604299999975, 35.1521391 ], [ -120.669687899999985, 35.1521356 ], [ -120.669702300000012, 35.1521441 ], [ -120.669704700000011, 35.152161299999989 ], [ -120.6696825, 35.1521862 ], [ -120.6696478, 35.1522067 ], [ -120.669626399999984, 35.1522098 ] ], [ [ -120.6760669, 35.152184 ], [ -120.676093400000013, 35.1522063 ], [ -120.6760992, 35.1522358 ], [ -120.676085300000011, 35.152281 ], [ -120.6760564, 35.1523303 ], [ -120.676028300000013, 35.152354 ], [ -120.675976499999976, 35.1523797 ], [ -120.6759796, 35.1524113 ], [ -120.675971699999977, 35.1524348 ], [ -120.6759495, 35.1524548 ], [ -120.675920800000014, 35.1524609 ], [ -120.6758979, 35.1524501 ], [ -120.675869800000015, 35.1524056 ], [ -120.675804199999988, 35.1523978 ], [ -120.6757899, 35.1523895 ], [ -120.6757802, 35.1523675 ], [ -120.6757809, 35.1523312 ], [ -120.6757946, 35.1522931 ], [ -120.6758228, 35.1522611 ], [ -120.6759695, 35.1521718 ], [ -120.6760338, 35.1521738 ], [ -120.6760669, 35.152184 ] ], [ [ -120.6694415, 35.1521162 ], [ -120.6694308, 35.1521289 ], [ -120.6694001, 35.152113 ], [ -120.669408, 35.1520964 ], [ -120.669440399999985, 35.1521015 ], [ -120.6694415, 35.1521162 ] ], [ [ -120.67316, 35.1521588 ], [ -120.6732277, 35.1521564 ], [ -120.6732478, 35.1521648 ], [ -120.673256, 35.152179 ], [ -120.6732299, 35.1521914 ], [ -120.673168100000012, 35.1521931 ], [ -120.6731562, 35.1521824 ], [ -120.67316, 35.1521588 ] ], [ [ -120.672429299999976, 35.1521087 ], [ -120.6724378, 35.1520815 ], [ -120.6725039, 35.1521097 ], [ -120.6725086, 35.1521214 ], [ -120.672501, 35.1521339 ], [ -120.672472700000014, 35.1521431 ], [ -120.6724399, 35.152135 ], [ -120.672429299999976, 35.1521087 ] ], [ [ -120.6695737, 35.15198 ], [ -120.6695572, 35.1520217 ], [ -120.669518599999989, 35.1520474 ], [ -120.669460699999988, 35.152065199999988 ], [ -120.6694111, 35.1520671 ], [ -120.6693641, 35.1520533 ], [ -120.6693452, 35.1520328 ], [ -120.6693427, 35.152011699999989 ], [ -120.6693912, 35.151917 ], [ -120.669474099999974, 35.1519156 ], [ -120.6695406, 35.1519375 ], [ -120.669564599999987, 35.1519591 ], [ -120.6695737, 35.15198 ] ], [ [ -120.668441500000014, 35.152019 ], [ -120.6684507, 35.1520353 ], [ -120.668441500000014, 35.1520528 ], [ -120.668395099999984, 35.1520704 ], [ -120.668332099999986, 35.1520776 ], [ -120.6682229, 35.152059 ], [ -120.668192800000014, 35.1520473 ], [ -120.668199799999982, 35.1520359 ], [ -120.668227, 35.1520258 ], [ -120.6683791, 35.151995 ], [ -120.66842, 35.1520055 ], [ -120.668441500000014, 35.152019 ] ], [ [ -120.6680511, 35.1519858 ], [ -120.6679665, 35.1519775 ], [ -120.667928499999988, 35.151963699999989 ], [ -120.6678972, 35.1519376 ], [ -120.6677964, 35.1518287 ], [ -120.667778399999989, 35.1517868 ], [ -120.6677934, 35.1517553 ], [ -120.6678502, 35.1517073 ], [ -120.667887, 35.1516864 ], [ -120.667933300000016, 35.1516779 ], [ -120.6680403, 35.1516914 ], [ -120.6681024, 35.1516843 ], [ -120.668157199999982, 35.1516632 ], [ -120.6682188, 35.1516148 ], [ -120.6682441, 35.1516043 ], [ -120.668284, 35.1516111 ], [ -120.668368199999975, 35.1516707 ], [ -120.6684004, 35.1516733 ], [ -120.6684206, 35.1516638 ], [ -120.668448599999977, 35.1516248 ], [ -120.6684762, 35.1515288 ], [ -120.6684738, 35.1514895 ], [ -120.6684394, 35.151352 ], [ -120.668442199999987, 35.1513234 ], [ -120.6684598, 35.1513331 ], [ -120.6685079, 35.1514072 ], [ -120.668536199999977, 35.1514245 ], [ -120.668576300000012, 35.1514159 ], [ -120.668643, 35.1513581 ], [ -120.668685, 35.1513398 ], [ -120.668715799999987, 35.1513494 ], [ -120.6687313, 35.151398 ], [ -120.66873, 35.1514346 ], [ -120.6686963, 35.1515491 ], [ -120.668692499999977, 35.1515991 ], [ -120.6687211, 35.1517189 ], [ -120.6687621, 35.1518075 ], [ -120.6687605, 35.1518305 ], [ -120.6687341, 35.1518604 ], [ -120.668587, 35.1519442 ], [ -120.6685522, 35.1519517 ], [ -120.668501, 35.1519412 ], [ -120.668487, 35.1519384 ], [ -120.6683897, 35.1519374 ], [ -120.668287600000014, 35.1519271 ], [ -120.6682554, 35.1519326 ], [ -120.668150399999973, 35.1519748 ], [ -120.6681116, 35.1519836 ], [ -120.6680511, 35.1519858 ] ], [ [ -120.6605462, 35.1518087 ], [ -120.660506500000011, 35.1517995 ], [ -120.660571399999981, 35.1517444 ], [ -120.6605861, 35.1517479 ], [ -120.6605912, 35.1517615 ], [ -120.660560499999988, 35.1518014 ], [ -120.6605462, 35.1518087 ] ], [ [ -120.6676314, 35.1518568 ], [ -120.6676401, 35.1518967 ], [ -120.6676134, 35.1519214 ], [ -120.6675791, 35.1519234 ], [ -120.667552, 35.151914 ], [ -120.6675318, 35.1518962 ], [ -120.6675192, 35.1518724 ], [ -120.6675182, 35.1518464 ], [ -120.667543599999988, 35.1518197 ], [ -120.6676165, 35.1517953 ], [ -120.667631199999988, 35.1517952 ], [ -120.6676431, 35.151805 ], [ -120.6676314, 35.1518568 ] ], [ [ -120.6601719, 35.1516789 ], [ -120.660178399999978, 35.1516703 ], [ -120.6601837, 35.1516767 ], [ -120.6601777, 35.151686 ], [ -120.6601719, 35.1516789 ] ], [ [ -120.668411, 35.1516471 ], [ -120.6684114, 35.1516564 ], [ -120.668405599999986, 35.1516541 ], [ -120.668411, 35.1516471 ] ], [ [ -120.6613626, 35.1514495 ], [ -120.6613228, 35.1514657 ], [ -120.6612752, 35.1514478 ], [ -120.6612765, 35.151437 ], [ -120.6613051, 35.1514224 ], [ -120.661354199999977, 35.1514381 ], [ -120.6613626, 35.1514495 ] ], [ [ -120.6734897, 35.151219 ], [ -120.673515900000012, 35.151225 ], [ -120.6735142, 35.1512389 ], [ -120.6734692, 35.1513047 ], [ -120.6734562, 35.1513456 ], [ -120.6734642, 35.1513736 ], [ -120.6734965, 35.151379 ], [ -120.673535699999988, 35.1513633 ], [ -120.6736102, 35.1513171 ], [ -120.6737158, 35.151187 ], [ -120.6738256, 35.151141 ], [ -120.6738436, 35.1511515 ], [ -120.6738515, 35.1511808 ], [ -120.6738305, 35.1512822 ], [ -120.6737854, 35.1513498 ], [ -120.673736199999979, 35.1513795 ], [ -120.6736289, 35.1514167 ], [ -120.6732685, 35.151508 ], [ -120.6731483, 35.1514985 ], [ -120.6731046, 35.1514797 ], [ -120.673104, 35.1514562 ], [ -120.673122800000016, 35.1514345 ], [ -120.6732489, 35.1513633 ], [ -120.6734435, 35.151233 ], [ -120.6734897, 35.151219 ] ], [ [ -120.6592547, 35.1510276 ], [ -120.659239500000012, 35.1510667 ], [ -120.659215499999988, 35.1510805 ], [ -120.6591995, 35.1510746 ], [ -120.6591912, 35.1510562 ], [ -120.6592097, 35.1510053 ], [ -120.6592402, 35.1510069 ], [ -120.6592547, 35.1510276 ] ], [ [ -120.673017500000014, 35.1512563 ], [ -120.6730013, 35.1512546 ], [ -120.6729886, 35.1512414 ], [ -120.672990399999989, 35.1512305 ], [ -120.6730332, 35.1512151 ], [ -120.6730337, 35.1512463 ], [ -120.673017500000014, 35.1512563 ] ], [ [ -120.658127900000011, 35.1509486 ], [ -120.6581141, 35.1509658 ], [ -120.65808, 35.1509406 ], [ -120.6580928, 35.1509113 ], [ -120.658114499999982, 35.1509076 ], [ -120.6581283, 35.1509186 ], [ -120.658127900000011, 35.1509486 ] ], [ [ -120.674402699999987, 35.1512732 ], [ -120.6743845, 35.1512361 ], [ -120.6743945, 35.151205399999988 ], [ -120.674445600000013, 35.1512231 ], [ -120.674481699999987, 35.1512683 ], [ -120.6745321, 35.1513026 ], [ -120.674544699999984, 35.1513313 ], [ -120.6745357, 35.151354 ], [ -120.674504899999974, 35.1513513 ], [ -120.674402699999987, 35.1512732 ] ], [ [ -120.6702869, 35.1514395 ], [ -120.6703121, 35.1514521 ], [ -120.670210299999979, 35.1514956 ], [ -120.6702034, 35.1515124 ], [ -120.6702288, 35.151551 ], [ -120.6702264, 35.151584 ], [ -120.6701479, 35.1516339 ], [ -120.670062300000012, 35.1516511 ], [ -120.669879900000012, 35.1516518 ], [ -120.6698489, 35.1516655 ], [ -120.6698352, 35.1516953 ], [ -120.6698248, 35.1516981 ], [ -120.669806400000013, 35.1516638 ], [ -120.6698058, 35.1516198 ], [ -120.669861899999987, 35.151506 ], [ -120.6699077, 35.1514664 ], [ -120.6700202, 35.1514114 ], [ -120.6701564, 35.1514384 ], [ -120.6702869, 35.1514395 ] ], [ [ -120.6702949, 35.1515471 ], [ -120.6703019, 35.1515429 ], [ -120.670321500000014, 35.1515829 ], [ -120.6702974, 35.151568 ], [ -120.6702949, 35.1515471 ] ], [ [ -120.670591699999974, 35.1513873 ], [ -120.670618599999983, 35.1513919 ], [ -120.670637, 35.1514092 ], [ -120.670588200000012, 35.151429899999989 ], [ -120.6705539, 35.1514263 ], [ -120.670591699999974, 35.1513873 ] ], [ [ -120.67195430000001, 35.1514147 ], [ -120.671974299999988, 35.1513982 ], [ -120.6720043, 35.1514054 ], [ -120.6720116, 35.151418 ], [ -120.6719864, 35.1514272 ], [ -120.6719618, 35.1514242 ], [ -120.67195430000001, 35.1514147 ] ], [ [ -120.670663499999989, 35.1513915 ], [ -120.6706526, 35.1513954 ], [ -120.6706575, 35.1513896 ], [ -120.670663499999989, 35.1513915 ] ], [ [ -120.658502699999985, 35.1511272 ], [ -120.6584959, 35.1511197 ], [ -120.65850420000001, 35.1511114 ], [ -120.658511, 35.1511208 ], [ -120.658502699999985, 35.1511272 ] ], [ [ -120.6690221, 35.1517369 ], [ -120.6690186, 35.1517134 ], [ -120.669046400000013, 35.1516911 ], [ -120.6690472, 35.1517153 ], [ -120.6690221, 35.1517369 ] ], [ [ -120.669551, 35.1517018 ], [ -120.6695812, 35.1517141 ], [ -120.6695941, 35.1517435 ], [ -120.669588299999987, 35.1517769 ], [ -120.669567, 35.1518057 ], [ -120.6695336, 35.151828 ], [ -120.6694766, 35.1518471 ], [ -120.6694237, 35.1518511 ], [ -120.669394700000012, 35.151842 ], [ -120.669382399999989, 35.1518124 ], [ -120.6693981, 35.1517815 ], [ -120.669509300000016, 35.1517329 ], [ -120.669551, 35.1517018 ] ], [ [ -120.6715547, 35.1519267 ], [ -120.671530499999989, 35.1519934 ], [ -120.671485600000011, 35.1520554 ], [ -120.6714574, 35.1520661 ], [ -120.6714324, 35.1520629 ], [ -120.671414299999981, 35.1520479 ], [ -120.6714163, 35.1520241 ], [ -120.6714708, 35.1519589 ], [ -120.6715082, 35.1518787 ], [ -120.671544399999988, 35.1518485 ], [ -120.6715547, 35.1519267 ] ], [ [ -120.6732609, 35.151994 ], [ -120.6734183, 35.1520177 ], [ -120.6735688, 35.1520749 ], [ -120.673592699999986, 35.1520924 ], [ -120.673595299999988, 35.1521102 ], [ -120.6735707, 35.1521256 ], [ -120.673529699999989, 35.1521309 ], [ -120.6732386, 35.1521311 ], [ -120.673140599999982, 35.1521186 ], [ -120.673116799999988, 35.1520984 ], [ -120.673123100000012, 35.1520719 ], [ -120.6731686, 35.1520237 ], [ -120.6732309, 35.1519804 ], [ -120.6732609, 35.151994 ] ], [ [ -120.6735366, 35.152037 ], [ -120.673549, 35.1520422 ], [ -120.6735323, 35.1520473 ], [ -120.6735226, 35.1520427 ], [ -120.6735366, 35.152037 ] ], [ [ -120.6773434, 35.1521504 ], [ -120.677329, 35.1521533 ], [ -120.6773312, 35.1521463 ], [ -120.6773434, 35.1521504 ] ], [ [ -120.6772685, 35.152158 ], [ -120.6772932, 35.1521727 ], [ -120.677301300000011, 35.1522002 ], [ -120.677285, 35.1522204 ], [ -120.6772506, 35.1522226 ], [ -120.677233899999976, 35.1522109 ], [ -120.677231499999976, 35.1521877 ], [ -120.677243100000013, 35.1521588 ], [ -120.6772685, 35.152158 ] ], [ [ -120.6773297, 35.1522015 ], [ -120.677330399999988, 35.1522053 ], [ -120.6773241, 35.1522042 ], [ -120.6773297, 35.1522015 ] ], [ [ -120.6730413, 35.1520837 ], [ -120.6730265, 35.1521004 ], [ -120.672990399999989, 35.1521089 ], [ -120.672889, 35.1521132 ], [ -120.6728212, 35.1521062 ], [ -120.6727933, 35.1520922 ], [ -120.6727912, 35.1520638 ], [ -120.6728261, 35.1520321 ], [ -120.6729116, 35.1520162 ], [ -120.6729672, 35.1519928 ], [ -120.673036700000011, 35.1520605 ], [ -120.6730413, 35.1520837 ] ], [ [ -120.6725308, 35.1520935 ], [ -120.6725299, 35.1520781 ], [ -120.6725478, 35.1520735 ], [ -120.6725707, 35.1520921 ], [ -120.672567, 35.1521063 ], [ -120.672545099999979, 35.1521037 ], [ -120.6725308, 35.1520935 ] ], [ [ -120.67152, 35.1520755 ], [ -120.6715611, 35.1520331 ], [ -120.671582299999983, 35.1520547 ], [ -120.671581300000014, 35.152065 ], [ -120.67155409999998, 35.1520761 ], [ -120.67152, 35.1520755 ] ], [ [ -120.670180500000015, 35.1520598 ], [ -120.670192500000013, 35.1520226 ], [ -120.670268100000015, 35.1519583 ], [ -120.6703375, 35.1519754 ], [ -120.670349799999983, 35.1519888 ], [ -120.6703448, 35.1520107 ], [ -120.670233900000014, 35.1520727 ], [ -120.6701906, 35.15208 ], [ -120.670180500000015, 35.1520598 ] ], [ [ -120.6724388, 35.1520467 ], [ -120.6724441, 35.1520618 ], [ -120.672429099999988, 35.152065 ], [ -120.6724191, 35.1520553 ], [ -120.6724388, 35.1520467 ] ], [ [ -120.6683579, 35.1519688 ], [ -120.668359, 35.1519816 ], [ -120.668351299999983, 35.1519776 ], [ -120.6683579, 35.1519688 ] ], [ [ -120.673392, 35.152183 ], [ -120.6734009, 35.1521792 ], [ -120.6734338, 35.1521835 ], [ -120.673392, 35.152183 ] ], [ [ -120.673327899999975, 35.1521813 ], [ -120.673335, 35.1521795 ], [ -120.67334, 35.1521817 ], [ -120.673327899999975, 35.1521813 ] ], [ [ -120.6731268, 35.1521954 ], [ -120.673137200000014, 35.1521884 ], [ -120.6731533, 35.1521953 ], [ -120.6731268, 35.1521954 ] ], [ [ -120.6578628, 35.150589 ], [ -120.6578397, 35.1505839 ], [ -120.6578394, 35.1505634 ], [ -120.6578638, 35.1505814 ], [ -120.6578628, 35.150589 ] ], [ [ -120.6576609, 35.1505747 ], [ -120.6576514, 35.1505647 ], [ -120.657664, 35.1505555 ], [ -120.6576703, 35.150567 ], [ -120.6576609, 35.1505747 ] ], [ [ -120.6690597, 35.1506294 ], [ -120.6690615, 35.1506518 ], [ -120.6690531, 35.1506641 ], [ -120.669027599999978, 35.1506407 ], [ -120.6690331, 35.1506171 ], [ -120.6690515, 35.1506202 ], [ -120.6690597, 35.1506294 ] ], [ [ -120.6569445, 35.1503967 ], [ -120.6568962, 35.1504168 ], [ -120.656871199999983, 35.1504156 ], [ -120.6568601, 35.150395 ], [ -120.656871400000014, 35.1503754 ], [ -120.656923299999988, 35.1503647 ], [ -120.6569456, 35.1503467 ], [ -120.6569529, 35.1503739 ], [ -120.6569445, 35.1503967 ] ], [ [ -120.6690792, 35.1505404 ], [ -120.6690873, 35.1505497 ], [ -120.6690786, 35.1505589 ], [ -120.6690683, 35.1505492 ], [ -120.6690792, 35.1505404 ] ], [ [ -120.6704272, 35.150463 ], [ -120.670418499999982, 35.1504571 ], [ -120.6704216, 35.1504221 ], [ -120.67045659999998, 35.1504327 ], [ -120.670457899999988, 35.1504493 ], [ -120.670444599999982, 35.150461 ], [ -120.6704272, 35.150463 ] ], [ [ -120.6705308, 35.150442 ], [ -120.6705304, 35.150455 ], [ -120.6705257, 35.1504505 ], [ -120.6705308, 35.150442 ] ], [ [ -120.6589289, 35.1501389 ], [ -120.6589036, 35.1501597 ], [ -120.6588822, 35.1501579 ], [ -120.6588697, 35.1501433 ], [ -120.6588841, 35.15011 ], [ -120.6589235, 35.1501055 ], [ -120.65893389999998, 35.1501144 ], [ -120.6589289, 35.1501389 ] ], [ [ -120.6590345, 35.1500532 ], [ -120.6590176, 35.1500461 ], [ -120.659040300000015, 35.1500407 ], [ -120.659047699999988, 35.1500477 ], [ -120.6590345, 35.1500532 ] ], [ [ -120.658546899999976, 35.149959 ], [ -120.6585653, 35.1499817 ], [ -120.6585581, 35.1500049 ], [ -120.658509, 35.1500163 ], [ -120.6583945, 35.1500171 ], [ -120.6583628, 35.1500096 ], [ -120.6583515, 35.1499902 ], [ -120.6583582, 35.1499614 ], [ -120.658378499999984, 35.1499417 ], [ -120.658428699999973, 35.1499143 ], [ -120.65848170000001, 35.1499265 ], [ -120.658546899999976, 35.149959 ] ], [ [ -120.65673670000001, 35.149939599999989 ], [ -120.656723500000012, 35.1499586 ], [ -120.656696200000013, 35.1499759 ], [ -120.656630799999988, 35.1499826 ], [ -120.6566153, 35.1499664 ], [ -120.6566207, 35.1499377 ], [ -120.6566451, 35.1499071 ], [ -120.6566732, 35.149894 ], [ -120.6567013, 35.1498947 ], [ -120.656725900000012, 35.1499065 ], [ -120.6567383, 35.1499234 ], [ -120.65673670000001, 35.149939599999989 ] ], [ [ -120.6593606, 35.1493973 ], [ -120.6593732, 35.1494309 ], [ -120.6593728, 35.1494638 ], [ -120.6592885, 35.1496828 ], [ -120.659243, 35.1497575 ], [ -120.6591817, 35.1497929 ], [ -120.6590876, 35.1498127 ], [ -120.658935399999976, 35.149817 ], [ -120.6588976, 35.1498108 ], [ -120.658866, 35.1497952 ], [ -120.6588289, 35.1497428 ], [ -120.658803800000015, 35.1496468 ], [ -120.6588163, 35.1495766 ], [ -120.6588539, 35.149522 ], [ -120.6589109, 35.1494839 ], [ -120.6590377, 35.1494287 ], [ -120.6591728, 35.1494067 ], [ -120.659322499999988, 35.1493671 ], [ -120.659342, 35.1493747 ], [ -120.6593606, 35.1493973 ] ], [ [ -120.65877540000001, 35.1498112 ], [ -120.658756599999975, 35.1498058 ], [ -120.658745399999987, 35.1497807 ], [ -120.6587476, 35.1497616 ], [ -120.6587628, 35.1497472 ], [ -120.6587858, 35.1497933 ], [ -120.65877540000001, 35.1498112 ] ], [ [ -120.6587424, 35.1497097 ], [ -120.6587187, 35.1497034 ], [ -120.658720499999987, 35.1496922 ], [ -120.6587415, 35.1496932 ], [ -120.6587424, 35.1497097 ] ], [ [ -120.6587431, 35.1496759 ], [ -120.6587367, 35.1496608 ], [ -120.6587439, 35.1496413 ], [ -120.658751799999976, 35.1496638 ], [ -120.6587431, 35.1496759 ] ], [ [ -120.655902900000015, 35.1494274 ], [ -120.655895, 35.1494439 ], [ -120.655875, 35.1494562 ], [ -120.6558667, 35.1494472 ], [ -120.6558631, 35.1494142 ], [ -120.655875699999982, 35.1493806 ], [ -120.6559004, 35.1493904 ], [ -120.655902900000015, 35.1494274 ] ], [ [ -120.655964, 35.1493656 ], [ -120.6559559, 35.1493448 ], [ -120.655965, 35.1493306 ], [ -120.6559724, 35.1493458 ], [ -120.655964, 35.1493656 ] ], [ [ -120.6554087, 35.1492775 ], [ -120.655396, 35.1492828 ], [ -120.655385400000014, 35.1492755 ], [ -120.6553817, 35.1492578 ], [ -120.655397099999988, 35.1492299 ], [ -120.6554125, 35.1492659 ], [ -120.6554087, 35.1492775 ] ], [ [ -120.6533403, 35.1482995 ], [ -120.653317300000012, 35.1482965 ], [ -120.653317300000012, 35.1482745 ], [ -120.6533388, 35.1482851 ], [ -120.6533403, 35.1482995 ] ], [ [ -120.653139, 35.1482645 ], [ -120.6531398, 35.1482495 ], [ -120.6531647, 35.1482372 ], [ -120.6531946, 35.148243 ], [ -120.653190599999988, 35.1482664 ], [ -120.653139, 35.1482645 ] ], [ [ -120.6533198, 35.1481878 ], [ -120.653358499999982, 35.1481837 ], [ -120.6534117, 35.1481932 ], [ -120.653438099999974, 35.1482045 ], [ -120.653442399999989, 35.1482185 ], [ -120.653431900000015, 35.1482292 ], [ -120.653407, 35.1482361 ], [ -120.653287399999982, 35.1482512 ], [ -120.6532634, 35.148247 ], [ -120.6533198, 35.1481878 ] ], [ [ -120.6525517, 35.1482159 ], [ -120.652543099999974, 35.1482106 ], [ -120.652551199999976, 35.1481963 ], [ -120.652557199999976, 35.1482081 ], [ -120.6525517, 35.1482159 ] ], [ [ -120.65192709999998, 35.1480253 ], [ -120.6519029, 35.148060799999989 ], [ -120.651872499999982, 35.1480726 ], [ -120.6518629, 35.148062 ], [ -120.6518651, 35.1480411 ], [ -120.6518991, 35.1479749 ], [ -120.6519263, 35.1479963 ], [ -120.65192709999998, 35.1480253 ] ], [ [ -120.646673299999989, 35.143409 ], [ -120.6466746, 35.143409 ], [ -120.6466742, 35.1434093 ], [ -120.646673299999989, 35.143409 ] ], [ [ -120.663990700000014, 34.9334997 ], [ -120.6638079, 34.9336059 ], [ -120.6637345, 34.9336404 ], [ -120.6636358, 34.9336724 ], [ -120.6635012, 34.9336834 ], [ -120.6634122, 34.9337391 ], [ -120.663292500000011, 34.9337918 ], [ -120.6632358, 34.9337882 ], [ -120.6632017, 34.9337684 ], [ -120.663204600000014, 34.9337455 ], [ -120.6632342, 34.9337156 ], [ -120.6632969, 34.9336714 ], [ -120.663366900000014, 34.9336358 ], [ -120.6635544, 34.9335711 ], [ -120.6637923, 34.9334665 ], [ -120.6639437, 34.9334343 ], [ -120.664032100000014, 34.9334063 ], [ -120.6640306, 34.9334466 ], [ -120.663990700000014, 34.9334997 ] ], [ [ -120.6640859, 34.9332222 ], [ -120.6640574, 34.9332319 ], [ -120.6640314, 34.9332292 ], [ -120.6640139, 34.9332193 ], [ -120.6639607, 34.9331479 ], [ -120.6639191, 34.9331276 ], [ -120.6639101, 34.9331122 ], [ -120.663907900000012, 34.9329501 ], [ -120.663963099999989, 34.93282 ], [ -120.663983800000011, 34.9327931 ], [ -120.6640686, 34.9328043 ], [ -120.6641177, 34.9328296 ], [ -120.6641288, 34.9328511 ], [ -120.6641273, 34.9328773 ], [ -120.664086499999982, 34.9329785 ], [ -120.664082799999989, 34.9330098 ], [ -120.6641024, 34.93303 ], [ -120.66417580000001, 34.9330343 ], [ -120.664191, 34.9330469 ], [ -120.6641811, 34.9330721 ], [ -120.6641244, 34.9331379 ], [ -120.664100499999989, 34.9332078 ], [ -120.6640859, 34.9332222 ] ], [ [ -120.6644589, 34.9330418 ], [ -120.6644557, 34.9330432 ], [ -120.6644585, 34.9330402 ], [ -120.6644589, 34.9330418 ] ], [ [ -120.664302299999989, 34.9331055 ], [ -120.6643185, 34.9330905 ], [ -120.664414399999984, 34.9330514 ], [ -120.664428, 34.9330536 ], [ -120.6644289, 34.933063 ], [ -120.6643922, 34.9330942 ], [ -120.6643666, 34.9331294 ], [ -120.664337, 34.9331329 ], [ -120.6643053, 34.9331174 ], [ -120.664302299999989, 34.9331055 ] ], [ [ -120.66417, 34.9331765 ], [ -120.664209700000015, 34.9331677 ], [ -120.6642256, 34.9331781 ], [ -120.6642161, 34.933188 ], [ -120.6641724, 34.9332041 ], [ -120.6641608, 34.9331966 ], [ -120.66417, 34.9331765 ] ], [ [ -120.665419700000015, 34.9315484 ], [ -120.6654348, 34.9315645 ], [ -120.6654359, 34.9315873 ], [ -120.665408, 34.9315989 ], [ -120.6653222, 34.9315785 ], [ -120.6652996, 34.9315547 ], [ -120.6653112, 34.9315338 ], [ -120.6653672, 34.9315478 ], [ -120.665419700000015, 34.9315484 ] ], [ [ -120.6661318, 34.9313777 ], [ -120.666085, 34.9313986 ], [ -120.666047400000011, 34.9313955 ], [ -120.6660228, 34.9313729 ], [ -120.6660185, 34.9313579 ], [ -120.6660621, 34.9313343 ], [ -120.666105399999978, 34.9313233 ], [ -120.666133899999977, 34.9313564 ], [ -120.6661318, 34.9313777 ] ], [ [ -120.665517200000011, 34.93124 ], [ -120.6655175, 34.9312505 ], [ -120.66549830000001, 34.9312645 ], [ -120.6654616, 34.9312624 ], [ -120.665443, 34.9312461 ], [ -120.6654513, 34.9312285 ], [ -120.665502599999982, 34.931232 ], [ -120.665517200000011, 34.93124 ] ], [ [ -120.666179, 34.9310398 ], [ -120.6661541, 34.9310707 ], [ -120.6661181, 34.9310768 ], [ -120.666106199999987, 34.9310662 ], [ -120.6661047, 34.9310502 ], [ -120.6661357, 34.9310254 ], [ -120.666170600000015, 34.9310285 ], [ -120.666179, 34.9310398 ] ], [ [ -120.665890100000013, 34.9305613 ], [ -120.6658634, 34.9305527 ], [ -120.665858, 34.9305445 ], [ -120.665864899999988, 34.9305392 ], [ -120.6658921, 34.9305431 ], [ -120.665890100000013, 34.9305613 ] ], [ [ -120.66668319999998, 34.9304583 ], [ -120.6666556, 34.930457 ], [ -120.666646299999982, 34.9304517 ], [ -120.6666557, 34.9304443 ], [ -120.6666802, 34.9304381 ], [ -120.6666981, 34.9304516 ], [ -120.66668319999998, 34.9304583 ] ], [ [ -120.6671488, 34.9301123 ], [ -120.667138599999987, 34.930105 ], [ -120.6671326, 34.9300838 ], [ -120.6671479, 34.9300713 ], [ -120.6671607, 34.9300952 ], [ -120.6671488, 34.9301123 ] ], [ [ -120.667157799999984, 34.9294979 ], [ -120.6671612, 34.9295105 ], [ -120.667150599999985, 34.9295235 ], [ -120.6671208, 34.9295257 ], [ -120.667096, 34.9295071 ], [ -120.667098399999986, 34.9294914 ], [ -120.6671208, 34.9294816 ], [ -120.6671423, 34.9294854 ], [ -120.667157799999984, 34.9294979 ] ], [ [ -120.6669554, 34.929454 ], [ -120.6669389, 34.9294503 ], [ -120.666946899999985, 34.9294365 ], [ -120.666963399999986, 34.9294442 ], [ -120.6669554, 34.929454 ] ], [ [ -120.667230199999977, 34.9294343 ], [ -120.6672316, 34.9294335 ], [ -120.6672316, 34.9294353 ], [ -120.667230199999977, 34.9294343 ] ], [ [ -120.6669644, 34.9294126 ], [ -120.666969600000016, 34.9294096 ], [ -120.6669691, 34.9294228 ], [ -120.6669644, 34.9294126 ] ], [ [ -120.666063799999989, 34.929069 ], [ -120.6660819, 34.9290616 ], [ -120.6660979, 34.9290696 ], [ -120.666063799999989, 34.929069 ] ], [ [ -120.6661667, 34.9290494 ], [ -120.666156300000011, 34.9290355 ], [ -120.6661928, 34.9290098 ], [ -120.6662348, 34.929019 ], [ -120.666252199999988, 34.9290392 ], [ -120.666206, 34.929053499999988 ], [ -120.6661667, 34.9290494 ] ], [ [ -120.6660678, 34.929026 ], [ -120.665985599999985, 34.9290191 ], [ -120.6659509, 34.9290085 ], [ -120.665930499999973, 34.9289937 ], [ -120.6660373, 34.9289944 ], [ -120.6660869, 34.9290173 ], [ -120.6660678, 34.929026 ] ], [ [ -120.6658418, 34.9290097 ], [ -120.6658291, 34.9289943 ], [ -120.6658432, 34.9289862 ], [ -120.6658516, 34.9289961 ], [ -120.6658418, 34.9290097 ] ], [ [ -120.6663784, 34.9290395 ], [ -120.6663455, 34.9290454 ], [ -120.66632340000001, 34.9290352 ], [ -120.6663784, 34.9290395 ] ], [ [ -120.665691899999985, 34.9289161 ], [ -120.6657404, 34.9289096 ], [ -120.6657605, 34.9289174 ], [ -120.665764, 34.9289283 ], [ -120.665753900000013, 34.9289383 ], [ -120.665722699999989, 34.9289391 ], [ -120.665691899999985, 34.9289161 ] ], [ [ -120.665792, 34.9289257 ], [ -120.6658015, 34.9289132 ], [ -120.665842500000011, 34.928917 ], [ -120.665848, 34.9289276 ], [ -120.6658315, 34.9289381 ], [ -120.6658066, 34.9289369 ], [ -120.665792, 34.9289257 ] ], [ [ -120.666076799999985, 34.928944 ], [ -120.666085299999978, 34.928939 ], [ -120.666104300000015, 34.9289439 ], [ -120.666076799999985, 34.928944 ] ], [ [ -120.6661099, 34.928944 ], [ -120.666129, 34.928942 ], [ -120.666134, 34.9289455 ], [ -120.6661099, 34.928944 ] ], [ [ -120.6652924, 34.9287617 ], [ -120.6652973, 34.9287725 ], [ -120.6652669, 34.9287771 ], [ -120.665199, 34.9287559 ], [ -120.665159300000013, 34.9287344 ], [ -120.665150099999977, 34.9287216 ], [ -120.6652605, 34.9287464 ], [ -120.6652924, 34.9287617 ] ], [ [ -120.664632700000013, 34.9285663 ], [ -120.6646323, 34.9285744 ], [ -120.6646068, 34.9285816 ], [ -120.6645086, 34.9285852 ], [ -120.6644674, 34.9285752 ], [ -120.6644388, 34.9285569 ], [ -120.664459900000011, 34.9285427 ], [ -120.6645426, 34.9285305 ], [ -120.6646172, 34.9285546 ], [ -120.664632700000013, 34.9285663 ] ], [ [ -120.669754199999986, 34.9060773 ], [ -120.6697062, 34.9060583 ], [ -120.669688099999988, 34.9060364 ], [ -120.669714200000016, 34.9060082 ], [ -120.669777599999989, 34.905983 ], [ -120.669794700000011, 34.906005 ], [ -120.6697969, 34.9060337 ], [ -120.669777099999976, 34.9060692 ], [ -120.669754199999986, 34.9060773 ] ], [ [ -120.6699539, 34.9060654 ], [ -120.6699316, 34.9060664 ], [ -120.669951099999977, 34.9060409 ], [ -120.6699539, 34.9060654 ] ], [ [ -120.670257799999987, 34.9058192 ], [ -120.6702638, 34.9058169 ], [ -120.670263299999988, 34.9058203 ], [ -120.670257799999987, 34.9058192 ] ], [ [ -120.6699657, 34.9052486 ], [ -120.6699477, 34.9052481 ], [ -120.6699445, 34.9052338 ], [ -120.6699745, 34.9052128 ], [ -120.6699857, 34.9052386 ], [ -120.6699657, 34.9052486 ] ], [ [ -120.670994299999975, 34.9034758 ], [ -120.67096690000001, 34.9034908 ], [ -120.6709422, 34.9034926 ], [ -120.6709217, 34.903447 ], [ -120.670987, 34.9034627 ], [ -120.670994299999975, 34.9034758 ] ], [ [ -120.6716366, 34.903272099999988 ], [ -120.6716189, 34.9032907 ], [ -120.6715809, 34.9032861 ], [ -120.6715532, 34.9032571 ], [ -120.6715547, 34.9032353 ], [ -120.6715856, 34.9031849 ], [ -120.6716198, 34.9032005 ], [ -120.6716352, 34.9032204 ], [ -120.6716366, 34.903272099999988 ] ], [ [ -120.671630799999988, 34.9031745 ], [ -120.6716151, 34.9031381 ], [ -120.6716226, 34.9030932 ], [ -120.671665499999989, 34.903 ], [ -120.6717107, 34.9029189 ], [ -120.6717514, 34.9028698 ], [ -120.671806, 34.9028259 ], [ -120.6718591, 34.9028001 ], [ -120.6718839, 34.9028039 ], [ -120.671908300000013, 34.9028247 ], [ -120.6719607, 34.9029488 ], [ -120.6719929, 34.9029835 ], [ -120.672067699999985, 34.9030368 ], [ -120.6720734, 34.9030611 ], [ -120.6720522, 34.9030781 ], [ -120.6719433, 34.9031304 ], [ -120.6718339, 34.9031561 ], [ -120.6717267, 34.903203 ], [ -120.6716719, 34.9031994 ], [ -120.671630799999988, 34.9031745 ] ], [ [ -120.672168199999987, 34.9031313 ], [ -120.672148099999987, 34.9031124 ], [ -120.6721582, 34.9031027 ], [ -120.672231, 34.9031013 ], [ -120.672310799999977, 34.90308 ], [ -120.672337899999988, 34.9031347 ], [ -120.6723348, 34.9031497 ], [ -120.672317299999989, 34.9031576 ], [ -120.6722178, 34.9031498 ], [ -120.672168199999987, 34.9031313 ] ], [ [ -120.670905, 34.902076 ], [ -120.6709062, 34.9020972 ], [ -120.670895800000011, 34.9021087 ], [ -120.670883, 34.9021064 ], [ -120.670866499999974, 34.902087 ], [ -120.670873199999988, 34.9020638 ], [ -120.670892099999989, 34.9020654 ], [ -120.670905, 34.902076 ] ], [ [ -120.670763299999976, 34.9018121 ], [ -120.6707589, 34.9018267 ], [ -120.670742, 34.9018312 ], [ -120.670720299999985, 34.9018229 ], [ -120.67069930000001, 34.9018008 ], [ -120.670706, 34.9017838 ], [ -120.6707554, 34.9018005 ], [ -120.670763299999976, 34.9018121 ] ], [ [ -120.670635099999984, 34.9018243 ], [ -120.6706393, 34.9018215 ], [ -120.6706584, 34.9018241 ], [ -120.670635099999984, 34.9018243 ] ], [ [ -120.6708358, 34.9015915 ], [ -120.670824900000014, 34.90161 ], [ -120.6708018, 34.9016211 ], [ -120.67071, 34.9016342 ], [ -120.670674600000012, 34.9016144 ], [ -120.670676700000016, 34.9015978 ], [ -120.670696799999988, 34.9015905 ], [ -120.670763299999976, 34.9016066 ], [ -120.67079, 34.9015894 ], [ -120.6707996, 34.9015702 ], [ -120.670824, 34.901575 ], [ -120.6708358, 34.9015915 ] ], [ [ -120.6693105, 34.9016108 ], [ -120.669289, 34.9016131 ], [ -120.669266900000011, 34.9015984 ], [ -120.669291699999974, 34.9015918 ], [ -120.6693195, 34.9016023 ], [ -120.6693105, 34.9016108 ] ], [ [ -120.6694107, 34.9015893 ], [ -120.6693917, 34.9015866 ], [ -120.6693988, 34.9015772 ], [ -120.6694138, 34.9015831 ], [ -120.6694107, 34.9015893 ] ], [ [ -120.6683283, 34.9014624 ], [ -120.6683179, 34.901454 ], [ -120.6683301, 34.9014473 ], [ -120.6683413, 34.9014553 ], [ -120.6683283, 34.9014624 ] ], [ [ -120.668152, 34.9014414 ], [ -120.668133499999982, 34.9014322 ], [ -120.6681719, 34.9014344 ], [ -120.668152, 34.9014414 ] ], [ [ -120.6679941, 34.9013618 ], [ -120.667979599999981, 34.901349499999988 ], [ -120.6679836, 34.9013188 ], [ -120.6680694, 34.9013513 ], [ -120.6681403, 34.9013615 ], [ -120.6681197, 34.9013669 ], [ -120.6679941, 34.9013618 ] ], [ [ -120.6679211, 34.9013181 ], [ -120.6679053, 34.9013017 ], [ -120.667940800000011, 34.9012821 ], [ -120.66796309999998, 34.9012909 ], [ -120.66796549999998, 34.9013086 ], [ -120.6679437, 34.9013191 ], [ -120.6679211, 34.9013181 ] ], [ [ -120.668423, 34.9013666 ], [ -120.6684418, 34.9013644 ], [ -120.6684489, 34.9013685 ], [ -120.668423, 34.9013666 ] ], [ [ -120.6666078, 34.9010755 ], [ -120.6665851, 34.9011034 ], [ -120.6665692, 34.901109 ], [ -120.66655320000001, 34.9011046 ], [ -120.66650079999998, 34.901059 ], [ -120.666426300000012, 34.9010112 ], [ -120.666408600000011, 34.900962 ], [ -120.666419, 34.9009249 ], [ -120.6664922, 34.90095 ], [ -120.6666069, 34.9010486 ], [ -120.6666078, 34.9010755 ] ], [ [ -120.666657199999989, 34.9010154 ], [ -120.6666603, 34.9010263 ], [ -120.6666532, 34.9010294 ], [ -120.6666488, 34.901021 ], [ -120.666657199999989, 34.9010154 ] ], [ [ -120.6646505, 34.900864 ], [ -120.6646089, 34.9008344 ], [ -120.664590799999985, 34.900797 ], [ -120.6646071, 34.9007654 ], [ -120.6646917, 34.9008354 ], [ -120.664696299999989, 34.9008523 ], [ -120.664685599999984, 34.900865 ], [ -120.6646505, 34.900864 ] ], [ [ -120.6484228, 34.9005333 ], [ -120.6483948, 34.9005281 ], [ -120.64838850000001, 34.900513 ], [ -120.648398, 34.9005058 ], [ -120.6484228, 34.9005209 ], [ -120.6484228, 34.9005333 ] ], [ [ -120.648201300000011, 34.900495 ], [ -120.648191, 34.900489 ], [ -120.6482018, 34.9004782 ], [ -120.6482099, 34.9004903 ], [ -120.648201300000011, 34.900495 ] ], [ [ -120.648491100000015, 34.9004958 ], [ -120.648507900000013, 34.9004884 ], [ -120.648511500000012, 34.9004991 ], [ -120.648491100000015, 34.9004958 ] ], [ [ -120.6642993, 34.9007465 ], [ -120.664302100000015, 34.9007163 ], [ -120.6643281, 34.9007298 ], [ -120.6643239, 34.9007667 ], [ -120.6642993, 34.9007465 ] ], [ [ -120.6653691, 34.9008498 ], [ -120.6653722, 34.9008567 ], [ -120.665349, 34.9008592 ], [ -120.6653488, 34.9008478 ], [ -120.6653691, 34.9008498 ] ], [ [ -120.6730229, 34.8997637 ], [ -120.6730114, 34.8997778 ], [ -120.6729836, 34.8997858 ], [ -120.672974599999989, 34.8997773 ], [ -120.6729956, 34.8997544 ], [ -120.6730181, 34.8997566 ], [ -120.6730229, 34.8997637 ] ], [ [ -120.6665357, 34.8991882 ], [ -120.6665813, 34.8992174 ], [ -120.6666142, 34.8992589 ], [ -120.666617100000011, 34.899299 ], [ -120.6665828, 34.8993716 ], [ -120.666528899999989, 34.8994373 ], [ -120.6664336, 34.8994887 ], [ -120.6663442, 34.8994994 ], [ -120.6662288, 34.8994781 ], [ -120.6661304, 34.8994419 ], [ -120.6660941, 34.8994204 ], [ -120.666068, 34.8993875 ], [ -120.6660348, 34.899314 ], [ -120.6660271, 34.8992588 ], [ -120.666032699999988, 34.8992209 ], [ -120.666046299999977, 34.8992043 ], [ -120.666073199999985, 34.8991914 ], [ -120.666206199999976, 34.8991645 ], [ -120.6664729, 34.8991733 ], [ -120.6665357, 34.8991882 ] ], [ [ -120.6424168, 34.8931714 ], [ -120.642405400000015, 34.8931603 ], [ -120.6424155, 34.89313 ], [ -120.6424292, 34.8931618 ], [ -120.6424168, 34.8931714 ] ], [ [ -120.6424809, 34.8930855 ], [ -120.6424713, 34.8930759 ], [ -120.6424831, 34.893062 ], [ -120.6424984, 34.8930773 ], [ -120.6424809, 34.8930855 ] ], [ [ -120.6425954, 34.8930191 ], [ -120.6425881, 34.8930072 ], [ -120.6425944, 34.892997 ], [ -120.6426066, 34.8930063 ], [ -120.6425954, 34.8930191 ] ], [ [ -120.6426713, 34.8929728 ], [ -120.6426827, 34.8929677 ], [ -120.6426846, 34.8929764 ], [ -120.6426713, 34.8929728 ] ], [ [ -120.6427006, 34.8929341 ], [ -120.642705799999987, 34.8929252 ], [ -120.6427059, 34.892939 ], [ -120.6427006, 34.8929341 ] ], [ [ -120.642779, 34.8929025 ], [ -120.642794099999975, 34.8928988 ], [ -120.642794599999988, 34.8929059 ], [ -120.642779, 34.8929025 ] ], [ [ -120.642665099999974, 34.892819 ], [ -120.6426561, 34.8928087 ], [ -120.642666299999973, 34.892777599999988 ], [ -120.6426739, 34.8928109 ], [ -120.642665099999974, 34.892819 ] ], [ [ -120.6428646, 34.8927297 ], [ -120.6428587, 34.8927245 ], [ -120.642864899999978, 34.8927194 ], [ -120.642873, 34.8927242 ], [ -120.6428646, 34.8927297 ] ], [ [ -120.642799700000012, 34.8926972 ], [ -120.642788599999989, 34.892686499999989 ], [ -120.6428004, 34.8926784 ], [ -120.6428084, 34.892687 ], [ -120.642799700000012, 34.8926972 ] ], [ [ -120.6427759, 34.8925966 ], [ -120.6427811, 34.8925893 ], [ -120.6427815, 34.8926014 ], [ -120.6427759, 34.8925966 ] ], [ [ -120.642675, 34.8924625 ], [ -120.642663199999987, 34.8924499 ], [ -120.6426762, 34.8924295 ], [ -120.6426856, 34.8924503 ], [ -120.642675, 34.8924625 ] ], [ [ -120.639569699999981, 34.8816499 ], [ -120.6395633, 34.881643499999988 ], [ -120.6395714, 34.8816364 ], [ -120.6395962, 34.8816422 ], [ -120.639569699999981, 34.8816499 ] ], [ [ -120.6396376, 34.8816338 ], [ -120.6396081, 34.8816319 ], [ -120.6396156, 34.8816218 ], [ -120.639658, 34.8816274 ], [ -120.6396376, 34.8816338 ] ], [ [ -120.6398118, 34.8814489 ], [ -120.6397562, 34.8814646 ], [ -120.639710600000015, 34.8814973 ], [ -120.639678800000013, 34.8815001 ], [ -120.639652399999989, 34.8814829 ], [ -120.6396586, 34.8814506 ], [ -120.6396854, 34.8814293 ], [ -120.6398185, 34.8814128 ], [ -120.639823299999989, 34.881434 ], [ -120.6398118, 34.8814489 ] ], [ [ -120.6399952, 34.8812128 ], [ -120.6400106, 34.8812494 ], [ -120.6399944, 34.8812864 ], [ -120.639953600000013, 34.8813086 ], [ -120.6398938, 34.8813161 ], [ -120.639794, 34.881308 ], [ -120.6397428, 34.881295 ], [ -120.639707099999981, 34.8812679 ], [ -120.6397237, 34.8812429 ], [ -120.639779099999984, 34.8812198 ], [ -120.639956, 34.881196 ], [ -120.639975, 34.8811987 ], [ -120.6399952, 34.8812128 ] ], [ [ -120.639735699999989, 34.8811474 ], [ -120.6396638, 34.881183 ], [ -120.6396322, 34.8811867 ], [ -120.639634, 34.8811758 ], [ -120.639705899999981, 34.881128 ], [ -120.639761600000014, 34.8811064 ], [ -120.6397574, 34.8811254 ], [ -120.639735699999989, 34.8811474 ] ], [ [ -120.6399173, 34.8810203 ], [ -120.6399173, 34.8810189 ], [ -120.639919299999974, 34.8810194 ], [ -120.6399173, 34.8810203 ] ], [ [ -120.6393029, 34.8804298 ], [ -120.6392817, 34.8804358 ], [ -120.639266600000013, 34.8804321 ], [ -120.6393004, 34.880403799999989 ], [ -120.6393108, 34.8804169 ], [ -120.6393029, 34.8804298 ] ], [ [ -120.6388933, 34.8801251 ], [ -120.6388931, 34.8801109 ], [ -120.6389139, 34.8801103 ], [ -120.6389194, 34.8801162 ], [ -120.6388933, 34.8801251 ] ], [ [ -120.638813200000016, 34.8801029 ], [ -120.638784499999986, 34.8801025 ], [ -120.6387843, 34.8800897 ], [ -120.6388093, 34.8800945 ], [ -120.638813200000016, 34.8801029 ] ], [ [ -120.6387487, 34.8800366 ], [ -120.6387401, 34.8800294 ], [ -120.6387426, 34.8800185 ], [ -120.6387674, 34.8800125 ], [ -120.6387839, 34.8800243 ], [ -120.6387487, 34.8800366 ] ], [ [ -120.6376367, 34.8797917 ], [ -120.6376117, 34.8798473 ], [ -120.6375686, 34.8798679 ], [ -120.6375185, 34.8798583 ], [ -120.6376119, 34.8797713 ], [ -120.637631899999974, 34.8797797 ], [ -120.6376367, 34.8797917 ] ], [ [ -120.6389041, 34.8795883 ], [ -120.638873499999988, 34.8796063 ], [ -120.638828299999986, 34.8796172 ], [ -120.638783, 34.8796131 ], [ -120.6387578, 34.8795979 ], [ -120.6387536, 34.8795867 ], [ -120.6387604, 34.8795757 ], [ -120.6388434, 34.8795534 ], [ -120.638903, 34.8795708 ], [ -120.6389041, 34.8795883 ] ], [ [ -120.6375339, 34.879305699999989 ], [ -120.6375078, 34.879324 ], [ -120.6374384, 34.879347 ], [ -120.6374146, 34.8793724 ], [ -120.637393599999982, 34.8793729 ], [ -120.637390200000013, 34.8793544 ], [ -120.637438499999988, 34.8792824 ], [ -120.637520099999989, 34.8792249 ], [ -120.637540699999974, 34.8792013 ], [ -120.6375519, 34.8792532 ], [ -120.6375339, 34.879305699999989 ] ], [ [ -120.6375823, 34.8792034 ], [ -120.6375886, 34.8791522 ], [ -120.6376085, 34.8791256 ], [ -120.6376489, 34.8791347 ], [ -120.6376618, 34.8791557 ], [ -120.6376499, 34.879212 ], [ -120.6376311, 34.8792292 ], [ -120.6376142, 34.8792338 ], [ -120.637593900000013, 34.8792255 ], [ -120.6375823, 34.8792034 ] ], [ [ -120.6373563, 34.8790592 ], [ -120.6373704, 34.879037499999988 ], [ -120.637372, 34.8790584 ], [ -120.6373563, 34.8790592 ] ], [ [ -120.6365617, 34.8789464 ], [ -120.6365458, 34.8789347 ], [ -120.6365642, 34.8789227 ], [ -120.6365771, 34.8789354 ], [ -120.6365617, 34.8789464 ] ], [ [ -120.6369276, 34.8788498 ], [ -120.6369176, 34.8788636 ], [ -120.6368945, 34.8788702 ], [ -120.636885600000014, 34.8788586 ], [ -120.6368951, 34.8788261 ], [ -120.6369206, 34.8788333 ], [ -120.6369276, 34.8788498 ] ], [ [ -120.637314300000014, 34.8787453 ], [ -120.637301, 34.87877 ], [ -120.6372816, 34.8787746 ], [ -120.6372613, 34.878765 ], [ -120.6372318, 34.8787352 ], [ -120.6372266, 34.878711 ], [ -120.63726819999998, 34.8787029 ], [ -120.6373099, 34.8787213 ], [ -120.637314300000014, 34.8787453 ] ], [ [ -120.6373267, 34.878677599999989 ], [ -120.637325, 34.8786884 ], [ -120.6373094, 34.8786927 ], [ -120.637275, 34.8786813 ], [ -120.6372664, 34.8786677 ], [ -120.637272, 34.8786525 ], [ -120.637316399999989, 34.878667 ], [ -120.6373267, 34.878677599999989 ] ], [ [ -120.636219, 34.8786637 ], [ -120.6362095, 34.8786519 ], [ -120.636222499999988, 34.8786305 ], [ -120.6362433, 34.8786268 ], [ -120.6362482, 34.8786356 ], [ -120.636219, 34.8786637 ] ], [ [ -120.6363084, 34.8785859 ], [ -120.636266, 34.8785842 ], [ -120.6362587, 34.878572 ], [ -120.6362682, 34.8785604 ], [ -120.6362993, 34.878568 ], [ -120.6363084, 34.8785859 ] ], [ [ -120.637398099999984, 34.8785906 ], [ -120.6374051, 34.8785876 ], [ -120.637420899999981, 34.8785908 ], [ -120.637398099999984, 34.8785906 ] ], [ [ -120.6363337, 34.8785602 ], [ -120.636326900000014, 34.8785537 ], [ -120.6363344, 34.8785421 ], [ -120.6363418, 34.8785521 ], [ -120.6363337, 34.8785602 ] ], [ [ -120.6363582, 34.8784747 ], [ -120.636375, 34.8784799 ], [ -120.636356299999989, 34.8784832 ], [ -120.6363582, 34.8784747 ] ], [ [ -120.6363809, 34.8784464 ], [ -120.6363857, 34.8784628 ], [ -120.6363793, 34.8784749 ], [ -120.6363735, 34.8784683 ], [ -120.6363809, 34.8784464 ] ], [ [ -120.6367418, 34.8784209 ], [ -120.636754200000013, 34.8783998 ], [ -120.636777, 34.8784119 ], [ -120.636793599999976, 34.8784323 ], [ -120.6367987, 34.8784503 ], [ -120.6367881, 34.8784602 ], [ -120.6367557, 34.8784641 ], [ -120.636738, 34.8784536 ], [ -120.6367418, 34.8784209 ] ], [ [ -120.6359616, 34.87843 ], [ -120.635939, 34.8784318 ], [ -120.6359179, 34.8784242 ], [ -120.6359224, 34.8784134 ], [ -120.6359543, 34.8784106 ], [ -120.6359722, 34.8784206 ], [ -120.6359616, 34.87843 ] ], [ [ -120.636879600000015, 34.8784178 ], [ -120.636908199999979, 34.8783697 ], [ -120.6369241, 34.8783952 ], [ -120.636968, 34.8784244 ], [ -120.636990900000015, 34.8784536 ], [ -120.6369878, 34.8784674 ], [ -120.636968599999989, 34.8784813 ], [ -120.636917799999978, 34.878481 ], [ -120.6368828, 34.8784484 ], [ -120.636879600000015, 34.8784178 ] ], [ [ -120.6360394, 34.8783477 ], [ -120.63601460000001, 34.8783508 ], [ -120.635954, 34.8783259 ], [ -120.6359556, 34.8783107 ], [ -120.6359695, 34.8782972 ], [ -120.6360391, 34.8783278 ], [ -120.6360394, 34.8783477 ] ], [ [ -120.635823800000011, 34.8782965 ], [ -120.6358387, 34.8782786 ], [ -120.635862599999982, 34.8782903 ], [ -120.6358335, 34.8783144 ], [ -120.635823800000011, 34.8782965 ] ], [ [ -120.636072299999981, 34.8781782 ], [ -120.6360454, 34.8781957 ], [ -120.636002, 34.878195 ], [ -120.6359352, 34.8781672 ], [ -120.6358694, 34.878117 ], [ -120.635842700000012, 34.8780805 ], [ -120.6358381, 34.8780435 ], [ -120.635850800000014, 34.8780139 ], [ -120.6358904, 34.8779683 ], [ -120.635936099999981, 34.8779338 ], [ -120.6359771, 34.8779758 ], [ -120.6360762, 34.8780466 ], [ -120.6361107, 34.8780869 ], [ -120.6361086, 34.8781234 ], [ -120.636072299999981, 34.8781782 ] ], [ [ -120.637266, 34.8780979 ], [ -120.6372887, 34.8780904 ], [ -120.6372979, 34.8781012 ], [ -120.6372638, 34.8781209 ], [ -120.6372569, 34.8781136 ], [ -120.637266, 34.8780979 ] ], [ [ -120.63580349999998, 34.8778077 ], [ -120.6357943, 34.8778241 ], [ -120.6357815, 34.877828 ], [ -120.6357658, 34.8778221 ], [ -120.6357649, 34.8778011 ], [ -120.63578459999998, 34.8777915 ], [ -120.6357992, 34.8777957 ], [ -120.63580349999998, 34.8778077 ] ], [ [ -120.6363369, 34.8775938 ], [ -120.6364776, 34.8776578 ], [ -120.6366065, 34.8776932 ], [ -120.6366552, 34.8777338 ], [ -120.636667800000012, 34.8777783 ], [ -120.6366601, 34.8777857 ], [ -120.636637799999988, 34.8777873 ], [ -120.6364671, 34.8777589 ], [ -120.636241899999973, 34.8776882 ], [ -120.6361345, 34.877635 ], [ -120.6360846, 34.8775999 ], [ -120.6360492, 34.8775489 ], [ -120.636048, 34.8775235 ], [ -120.6360575, 34.8775142 ], [ -120.6362392, 34.8775914 ], [ -120.6363369, 34.8775938 ] ], [ [ -120.635879300000013, 34.8775972 ], [ -120.6359425, 34.8776447 ], [ -120.6359605, 34.8776685 ], [ -120.635960900000015, 34.8776829 ], [ -120.6358719, 34.8776989 ], [ -120.6357819, 34.877729 ], [ -120.6357024, 34.8777392 ], [ -120.6356749, 34.877736 ], [ -120.6356657, 34.8777262 ], [ -120.6356657, 34.8777095 ], [ -120.6356894, 34.877675 ], [ -120.6357129, 34.8776697 ], [ -120.6357781, 34.8776807 ], [ -120.6357944, 34.8776721 ], [ -120.6356986, 34.8775828 ], [ -120.6356838, 34.8775501 ], [ -120.635685299999977, 34.8775258 ], [ -120.635770499999978, 34.8775488 ], [ -120.635879300000013, 34.8775972 ] ], [ [ -120.6355603, 34.8777066 ], [ -120.6355411, 34.8777218 ], [ -120.6355179, 34.8777249 ], [ -120.6354943, 34.8777164 ], [ -120.6354628, 34.8776923 ], [ -120.6354433, 34.8776564 ], [ -120.6354492, 34.8776312 ], [ -120.6354858, 34.877614 ], [ -120.635545099999987, 34.8776249 ], [ -120.635581, 34.8776452 ], [ -120.635577500000011, 34.8776774 ], [ -120.6355603, 34.8777066 ] ], [ [ -120.6346995, 34.8776844 ], [ -120.634673899999981, 34.8776781 ], [ -120.6346754, 34.8776691 ], [ -120.6347192, 34.8776468 ], [ -120.6347495, 34.8776588 ], [ -120.6347515, 34.8776757 ], [ -120.6346995, 34.8776844 ] ], [ [ -120.6353094, 34.8776867 ], [ -120.6353091, 34.8776736 ], [ -120.6353128, 34.877683 ], [ -120.6353094, 34.8776867 ] ], [ [ -120.6352444, 34.8776428 ], [ -120.635249699999974, 34.8776472 ], [ -120.635244, 34.8776526 ], [ -120.6352379, 34.8776469 ], [ -120.6352444, 34.8776428 ] ], [ [ -120.635312399999975, 34.8775407 ], [ -120.6353131, 34.8775341 ], [ -120.635320400000012, 34.8775402 ], [ -120.635312399999975, 34.8775407 ] ], [ [ -120.634733299999979, 34.8775116 ], [ -120.634745, 34.8775079 ], [ -120.63475459999998, 34.8775119 ], [ -120.634733299999979, 34.8775116 ] ], [ [ -120.635732300000015, 34.8773705 ], [ -120.635707, 34.8773593 ], [ -120.6357127, 34.8773314 ], [ -120.6357346, 34.8773606 ], [ -120.635732300000015, 34.8773705 ] ], [ [ -120.636060299999983, 34.8773159 ], [ -120.6360755, 34.8772468 ], [ -120.636087599999982, 34.8772286 ], [ -120.6361129, 34.877229 ], [ -120.6361342, 34.8772393 ], [ -120.6361366, 34.8772509 ], [ -120.6361152, 34.8772688 ], [ -120.6361133, 34.8772813 ], [ -120.6361559, 34.8773117 ], [ -120.6361351, 34.877340599999989 ], [ -120.63609719999998, 34.8773573 ], [ -120.6360751, 34.8773478 ], [ -120.636060299999983, 34.8773159 ] ], [ [ -120.6365241, 34.8772086 ], [ -120.6365265, 34.877182 ], [ -120.636550199999988, 34.8771932 ], [ -120.6365609, 34.8772093 ], [ -120.6365633, 34.8772257 ], [ -120.636549299999984, 34.8772441 ], [ -120.636537499999989, 34.877239 ], [ -120.6365241, 34.8772086 ] ], [ [ -120.634985500000013, 34.8770865 ], [ -120.634965199999982, 34.8770889 ], [ -120.6349476, 34.8770767 ], [ -120.634954900000011, 34.8770556 ], [ -120.6349965, 34.877052 ], [ -120.6350075, 34.8770674 ], [ -120.634985500000013, 34.8770865 ] ], [ [ -120.6341439, 34.8768215 ], [ -120.634124499999984, 34.8768379 ], [ -120.6341039, 34.8768351 ], [ -120.6340885, 34.8768158 ], [ -120.634109599999974, 34.876777 ], [ -120.6341337, 34.8767758 ], [ -120.6341485, 34.876793899999988 ], [ -120.6341439, 34.8768215 ] ], [ [ -120.6340294, 34.8768197 ], [ -120.633992100000015, 34.8768329 ], [ -120.633974400000014, 34.8768257 ], [ -120.633968, 34.8768083 ], [ -120.634000300000011, 34.8767733 ], [ -120.634040499999983, 34.876764 ], [ -120.6340543, 34.8767859 ], [ -120.6340294, 34.8768197 ] ], [ [ -120.6344117, 34.8765317 ], [ -120.6344091, 34.8765616 ], [ -120.6343824, 34.8765785 ], [ -120.634316, 34.8765833 ], [ -120.6343031, 34.876632 ], [ -120.634266399999987, 34.8766557 ], [ -120.6341999, 34.8766648 ], [ -120.634086599999989, 34.8766615 ], [ -120.634070400000013, 34.8766481 ], [ -120.6340886, 34.876629 ], [ -120.6340844, 34.8765632 ], [ -120.634093900000011, 34.8765138 ], [ -120.63411760000001, 34.8764872 ], [ -120.634229499999989, 34.8764115 ], [ -120.6343874, 34.8764988 ], [ -120.6344117, 34.8765317 ] ], [ [ -120.6338795, 34.8764342 ], [ -120.633863799999986, 34.8764748 ], [ -120.633833700000011, 34.8764913 ], [ -120.633815499999983, 34.8764816 ], [ -120.6338058, 34.8764629 ], [ -120.633836, 34.8763993 ], [ -120.6338693, 34.8764126 ], [ -120.6338795, 34.8764342 ] ], [ [ -120.6337708, 34.8763042 ], [ -120.6337737, 34.8762929 ], [ -120.633795600000013, 34.8762836 ], [ -120.6338, 34.8763055 ], [ -120.6337708, 34.8763042 ] ], [ [ -120.6323978, 34.8762002 ], [ -120.632401699999988, 34.8762061 ], [ -120.6323977, 34.8762131 ], [ -120.6323978, 34.8762002 ] ], [ [ -120.6337817, 34.8761962 ], [ -120.633782700000012, 34.8761854 ], [ -120.633821199999986, 34.8761544 ], [ -120.633881699999989, 34.8761616 ], [ -120.633898800000011, 34.8761777 ], [ -120.633896100000015, 34.8761941 ], [ -120.63384880000001, 34.8762091 ], [ -120.6337935, 34.8762076 ], [ -120.6337817, 34.8761962 ] ], [ [ -120.633665, 34.8761832 ], [ -120.633596399999988, 34.8761959 ], [ -120.633557599999989, 34.8761855 ], [ -120.633552699999981, 34.8761729 ], [ -120.633563199999983, 34.8761574 ], [ -120.633654799999988, 34.876108 ], [ -120.633670200000012, 34.87608 ], [ -120.633749400000013, 34.8760825 ], [ -120.6337706, 34.8760974 ], [ -120.633697200000015, 34.8761647 ], [ -120.633665, 34.8761832 ] ], [ [ -120.6326194, 34.8760968 ], [ -120.6326028, 34.8760812 ], [ -120.6326204, 34.8760669 ], [ -120.6326329, 34.8760821 ], [ -120.6326194, 34.8760968 ] ], [ [ -120.6322701, 34.8760783 ], [ -120.632270399999982, 34.8760658 ], [ -120.632276, 34.8760742 ], [ -120.6322701, 34.8760783 ] ], [ [ -120.632159, 34.8760725 ], [ -120.6321608, 34.8760713 ], [ -120.6321601, 34.8760737 ], [ -120.632159, 34.8760725 ] ], [ [ -120.6322702, 34.8760522 ], [ -120.6322546, 34.8760509 ], [ -120.6322435, 34.8760357 ], [ -120.6322717, 34.8760193 ], [ -120.6322821, 34.8760441 ], [ -120.6322702, 34.8760522 ] ], [ [ -120.63351849999998, 34.8760282 ], [ -120.6335554, 34.8760465 ], [ -120.6335402, 34.8760641 ], [ -120.633516899999989, 34.8760742 ], [ -120.6334966, 34.8760612 ], [ -120.63351849999998, 34.8760282 ] ], [ [ -120.6320761, 34.8759703 ], [ -120.63207, 34.875965 ], [ -120.6320766, 34.8759583 ], [ -120.6320862, 34.8759631 ], [ -120.6320761, 34.8759703 ] ], [ [ -120.63206, 34.8757693 ], [ -120.6318445, 34.875802 ], [ -120.6317986, 34.875786 ], [ -120.631728599999974, 34.8757315 ], [ -120.6317003, 34.8757178 ], [ -120.631661900000012, 34.8757133 ], [ -120.6315525, 34.8757202 ], [ -120.631505299999986, 34.8757039 ], [ -120.631486700000011, 34.8756751 ], [ -120.6314861, 34.8756347 ], [ -120.631504299999989, 34.8755824 ], [ -120.6315301, 34.8755492 ], [ -120.6315629, 34.8755286 ], [ -120.631619699999973, 34.8755071 ], [ -120.6317158, 34.875506 ], [ -120.6318068, 34.8754225 ], [ -120.631852, 34.875396099999989 ], [ -120.6319456, 34.8754277 ], [ -120.6320004, 34.8754716 ], [ -120.632008, 34.8755137 ], [ -120.6319607, 34.875584 ], [ -120.631955499999989, 34.8756117 ], [ -120.6319867, 34.8756442 ], [ -120.632059399999989, 34.8756726 ], [ -120.632064, 34.8757202 ], [ -120.6320902, 34.875746 ], [ -120.6320864, 34.8757592 ], [ -120.63206, 34.8757693 ] ], [ [ -120.631330399999982, 34.8756569 ], [ -120.6313264, 34.8756405 ], [ -120.631342300000014, 34.8756242 ], [ -120.6313508, 34.8756489 ], [ -120.631330399999982, 34.8756569 ] ], [ [ -120.631284, 34.8756234 ], [ -120.63129880000001, 34.8756166 ], [ -120.6313087, 34.8756226 ], [ -120.631305399999988, 34.8756286 ], [ -120.631284, 34.8756234 ] ], [ [ -120.63121120000001, 34.875609 ], [ -120.6312024, 34.8755996 ], [ -120.6312044, 34.875569899999988 ], [ -120.6312129, 34.8755587 ], [ -120.631225, 34.8755722 ], [ -120.63121120000001, 34.875609 ] ], [ [ -120.631385200000011, 34.8755067 ], [ -120.6313745, 34.8755222 ], [ -120.631355, 34.8755281 ], [ -120.631336499999989, 34.8755234 ], [ -120.6313335, 34.875509799999989 ], [ -120.631346, 34.875495199999989 ], [ -120.6313675, 34.8754887 ], [ -120.631382500000015, 34.8754938 ], [ -120.631385200000011, 34.8755067 ] ], [ [ -120.6320048, 34.875417899999988 ], [ -120.6320034, 34.8753295 ], [ -120.632025, 34.8753125 ], [ -120.6321843, 34.8752551 ], [ -120.6322012, 34.8752598 ], [ -120.6322183, 34.8752767 ], [ -120.632225, 34.8752947 ], [ -120.632220899999979, 34.8753186 ], [ -120.632165300000011, 34.8753668 ], [ -120.632177, 34.8753938 ], [ -120.6321679, 34.8754096 ], [ -120.632085499999988, 34.8754708 ], [ -120.6320629, 34.8754734 ], [ -120.6320311, 34.8754522 ], [ -120.6320048, 34.875417899999988 ] ], [ [ -120.6315059, 34.8753461 ], [ -120.631485500000011, 34.8753631 ], [ -120.6314211, 34.8753575 ], [ -120.631408399999984, 34.8753459 ], [ -120.631415, 34.8753268 ], [ -120.6314612, 34.8752917 ], [ -120.6315087, 34.8753237 ], [ -120.6315059, 34.8753461 ] ], [ [ -120.632445800000013, 34.8756175 ], [ -120.6324447, 34.8756326 ], [ -120.6324119, 34.8756512 ], [ -120.632295299999981, 34.8756695 ], [ -120.6322711, 34.8756637 ], [ -120.6322543, 34.8756454 ], [ -120.632257, 34.8756302 ], [ -120.632271599999982, 34.8756224 ], [ -120.6323562, 34.8756292 ], [ -120.6324367, 34.8756082 ], [ -120.632445800000013, 34.8756175 ] ], [ [ -120.632241899999983, 34.875742599999988 ], [ -120.632302400000015, 34.8757137 ], [ -120.6323478, 34.8757206 ], [ -120.6323636, 34.875733 ], [ -120.6323623, 34.8757438 ], [ -120.6323361, 34.8757565 ], [ -120.6322377, 34.8757513 ], [ -120.632241899999983, 34.875742599999988 ] ], [ [ -120.6264203, 34.8736898 ], [ -120.6264086, 34.8737062 ], [ -120.626386, 34.8736912 ], [ -120.6263663, 34.873656 ], [ -120.626389800000013, 34.8736238 ], [ -120.6264213, 34.8736632 ], [ -120.6264203, 34.8736898 ] ], [ [ -120.6258241, 34.8735759 ], [ -120.6258022, 34.8735724 ], [ -120.6257909, 34.8735597 ], [ -120.625789, 34.8735342 ], [ -120.625802299999989, 34.8735138 ], [ -120.6258305, 34.8735631 ], [ -120.6258241, 34.8735759 ] ], [ [ -120.6253402, 34.8728392 ], [ -120.6253405, 34.872835 ], [ -120.625341599999985, 34.8728379 ], [ -120.6253402, 34.8728392 ] ], [ [ -120.6251649, 34.8727082 ], [ -120.62516930000001, 34.8727041 ], [ -120.6251684, 34.8727134 ], [ -120.6251649, 34.8727082 ] ], [ [ -120.6250774, 34.8726223 ], [ -120.6250843, 34.8726167 ], [ -120.625083, 34.8726184 ], [ -120.6250774, 34.8726223 ] ], [ [ -120.6252072, 34.8725949 ], [ -120.6252388, 34.8725671 ], [ -120.6252831, 34.8725935 ], [ -120.625284799999989, 34.8726103 ], [ -120.625243499999982, 34.8726178 ], [ -120.6252084, 34.8726086 ], [ -120.6252072, 34.8725949 ] ], [ [ -120.625178099999985, 34.8725949 ], [ -120.625158299999981, 34.8725999 ], [ -120.6251302, 34.872593 ], [ -120.625123, 34.8725821 ], [ -120.6251295, 34.8725655 ], [ -120.6251765, 34.872581 ], [ -120.625178099999985, 34.8725949 ] ], [ [ -120.6250428, 34.8725465 ], [ -120.6250432, 34.8725225 ], [ -120.6250501, 34.8725307 ], [ -120.6250428, 34.8725465 ] ], [ [ -120.6248914, 34.8724209 ], [ -120.624890799999989, 34.8724328 ], [ -120.6248674, 34.8724398 ], [ -120.6248356, 34.8724303 ], [ -120.6248107, 34.8724081 ], [ -120.624806699999979, 34.8723809 ], [ -120.6248805, 34.8724095 ], [ -120.6248914, 34.8724209 ] ], [ [ -120.624195700000016, 34.8722685 ], [ -120.624183699999989, 34.8722571 ], [ -120.624198, 34.8722453 ], [ -120.6242106, 34.8722587 ], [ -120.624195700000016, 34.8722685 ] ], [ [ -120.624458299999986, 34.8721735 ], [ -120.624438599999976, 34.8721778 ], [ -120.6244182, 34.8721703 ], [ -120.6244105, 34.8721505 ], [ -120.62442, 34.8721338 ], [ -120.624445600000016, 34.8721511 ], [ -120.624458299999986, 34.8721735 ] ], [ [ -120.6227011, 34.8709499 ], [ -120.622704, 34.8709465 ], [ -120.622703699999988, 34.870953 ], [ -120.6227011, 34.8709499 ] ], [ [ -120.622533300000015, 34.8707937 ], [ -120.6225184, 34.8707821 ], [ -120.6225342, 34.8707681 ], [ -120.6225472, 34.8707826 ], [ -120.622533300000015, 34.8707937 ] ], [ [ -120.6225316, 34.8707325 ], [ -120.622526400000012, 34.8707266 ], [ -120.6225356, 34.8707198 ], [ -120.6225409, 34.8707296 ], [ -120.6225316, 34.8707325 ] ], [ [ -120.62258079999998, 34.8706665 ], [ -120.622591500000013, 34.8707024 ], [ -120.6225792, 34.8707237 ], [ -120.6225681, 34.8706997 ], [ -120.62258079999998, 34.8706665 ] ], [ [ -120.622906, 34.8707337 ], [ -120.6228916, 34.8707279 ], [ -120.622881600000014, 34.8707123 ], [ -120.6228867, 34.8706793 ], [ -120.6229153, 34.8707116 ], [ -120.622906, 34.8707337 ] ], [ [ -120.622398300000015, 34.8704781 ], [ -120.622368600000016, 34.87049 ], [ -120.622367799999978, 34.8704673 ], [ -120.6223954, 34.8704677 ], [ -120.622398300000015, 34.8704781 ] ], [ [ -120.622409, 34.8704626 ], [ -120.6224121, 34.8704488 ], [ -120.6224155, 34.8704568 ], [ -120.622409, 34.8704626 ] ], [ [ -120.6226748, 34.8703802 ], [ -120.622676899999973, 34.870369 ], [ -120.6226763, 34.8703884 ], [ -120.6226748, 34.8703802 ] ], [ [ -120.6222029, 34.870347 ], [ -120.6222045, 34.8703335 ], [ -120.6222189, 34.8703199 ], [ -120.6222379, 34.8703651 ], [ -120.6222029, 34.870347 ] ], [ [ -120.622344, 34.8701282 ], [ -120.622377, 34.8701911 ], [ -120.6223753, 34.8702022 ], [ -120.622339, 34.8701927 ], [ -120.622284799999989, 34.8701525 ], [ -120.622271, 34.8701329 ], [ -120.6222689, 34.8701056 ], [ -120.622310899999988, 34.8701082 ], [ -120.622344, 34.8701282 ] ], [ [ -120.622107399999976, 34.8700875 ], [ -120.6221168, 34.8700696 ], [ -120.6221279, 34.870088 ], [ -120.6221177, 34.8700967 ], [ -120.622107399999976, 34.8700875 ] ], [ [ -120.62219229999998, 34.8700679 ], [ -120.622223, 34.8700906 ], [ -120.6221835, 34.8700921 ], [ -120.622160499999978, 34.870071 ], [ -120.62219229999998, 34.8700679 ] ], [ [ -120.62222580000001, 34.8700555 ], [ -120.6222266, 34.8700544 ], [ -120.622227, 34.8700552 ], [ -120.62222580000001, 34.8700555 ] ], [ [ -120.6219301, 34.8697109 ], [ -120.621923700000011, 34.8697021 ], [ -120.621931, 34.8696838 ], [ -120.621936299999987, 34.8697033 ], [ -120.6219301, 34.8697109 ] ], [ [ -120.621915300000012, 34.8696736 ], [ -120.6218815, 34.869655 ], [ -120.6218791, 34.8696378 ], [ -120.6218888, 34.8696299 ], [ -120.621916199999987, 34.8696511 ], [ -120.621915300000012, 34.8696736 ] ], [ [ -120.6218816, 34.8695656 ], [ -120.621888399999975, 34.8695975 ], [ -120.6218711, 34.8696192 ], [ -120.6218365, 34.8695821 ], [ -120.6218256, 34.8695447 ], [ -120.6218682, 34.8695538 ], [ -120.6218816, 34.8695656 ] ], [ [ -120.621622, 34.869593 ], [ -120.621627499999988, 34.869589 ], [ -120.621627, 34.8695989 ], [ -120.621622, 34.869593 ] ], [ [ -120.621472499999982, 34.8695213 ], [ -120.621440799999974, 34.8695279 ], [ -120.6214165, 34.8695178 ], [ -120.621433499999981, 34.8694873 ], [ -120.6214722, 34.8695085 ], [ -120.621472499999982, 34.8695213 ] ], [ [ -120.621371, 34.8695156 ], [ -120.621355, 34.869508 ], [ -120.621337700000012, 34.8694829 ], [ -120.6213368, 34.8694585 ], [ -120.6213475, 34.8694347 ], [ -120.621368300000015, 34.8694419 ], [ -120.6213805, 34.8694592 ], [ -120.6213846, 34.8694983 ], [ -120.621371, 34.8695156 ] ], [ [ -120.6214989, 34.8694967 ], [ -120.6215238, 34.8694945 ], [ -120.6215408, 34.8695007 ], [ -120.6215147, 34.8695067 ], [ -120.6214968, 34.8695022 ], [ -120.6214989, 34.8694967 ] ], [ [ -120.621304199999983, 34.8694172 ], [ -120.621291299999982, 34.869404599999989 ], [ -120.6213051, 34.8693895 ], [ -120.621316100000016, 34.8694063 ], [ -120.621304199999983, 34.8694172 ] ], [ [ -120.6197085, 34.8686176 ], [ -120.6197085, 34.868617 ], [ -120.6197091, 34.8686172 ], [ -120.6197085, 34.8686176 ] ], [ [ -120.61986490000001, 34.8685945 ], [ -120.619843300000014, 34.8685914 ], [ -120.61983739999998, 34.868575 ], [ -120.6198633, 34.8685586 ], [ -120.619885599999989, 34.8685857 ], [ -120.61986490000001, 34.8685945 ] ], [ [ -120.6194714, 34.8685505 ], [ -120.6194614, 34.868542 ], [ -120.619470400000012, 34.868529 ], [ -120.619490500000012, 34.8685405 ], [ -120.6194714, 34.8685505 ] ], [ [ -120.619473, 34.8685073 ], [ -120.6194712, 34.8685026 ], [ -120.6194912, 34.8685048 ], [ -120.619473, 34.8685073 ] ], [ [ -120.618878599999988, 34.8682667 ], [ -120.618887699999988, 34.8682533 ], [ -120.6188948, 34.8682656 ], [ -120.618878599999988, 34.8682667 ] ], [ [ -120.6188222, 34.8682467 ], [ -120.6188115, 34.868226299999989 ], [ -120.6188236, 34.868201 ], [ -120.6188469, 34.8682223 ], [ -120.6188222, 34.8682467 ] ], [ [ -120.6187558, 34.868232 ], [ -120.618747099999979, 34.8682221 ], [ -120.618757599999981, 34.8682149 ], [ -120.618764399999989, 34.8682213 ], [ -120.6187558, 34.868232 ] ], [ [ -120.618911499999982, 34.868185 ], [ -120.618923599999988, 34.8682042 ], [ -120.6189109, 34.8682101 ], [ -120.6189002, 34.8682024 ], [ -120.618911499999982, 34.868185 ] ], [ [ -120.6188692, 34.8681923 ], [ -120.6188626, 34.8681874 ], [ -120.618867900000012, 34.868181799999988 ], [ -120.6188753, 34.8681865 ], [ -120.6188692, 34.8681923 ] ], [ [ -120.6163735, 34.8664406 ], [ -120.6163428, 34.8664332 ], [ -120.616344700000013, 34.8664102 ], [ -120.61636, 34.8663953 ], [ -120.6163735, 34.8664109 ], [ -120.6163735, 34.8664406 ] ], [ [ -120.6163161, 34.8662823 ], [ -120.616319800000014, 34.8662735 ], [ -120.6163236, 34.8662807 ], [ -120.6163161, 34.8662823 ] ], [ [ -120.61685270000001, 34.8655176 ], [ -120.616845, 34.8655081 ], [ -120.6168695, 34.8655067 ], [ -120.616888100000011, 34.8655145 ], [ -120.61685270000001, 34.8655176 ] ], [ [ -120.6177195, 34.8654639 ], [ -120.6177116, 34.8654584 ], [ -120.617721599999982, 34.8654523 ], [ -120.6177271, 34.8654594 ], [ -120.6177195, 34.8654639 ] ], [ [ -120.6165768, 34.8654368 ], [ -120.6165847, 34.8654326 ], [ -120.6165832, 34.865441 ], [ -120.6165768, 34.8654368 ] ], [ [ -120.6174157, 34.865441499999989 ], [ -120.617420599999988, 34.8654493 ], [ -120.6174142, 34.865454 ], [ -120.6174157, 34.865441499999989 ] ], [ [ -120.616470400000011, 34.8654214 ], [ -120.616454499999989, 34.8653967 ], [ -120.616481, 34.8653931 ], [ -120.6164973, 34.8654051 ], [ -120.6165005, 34.8654179 ], [ -120.616470400000011, 34.8654214 ] ], [ [ -120.617111, 34.8653877 ], [ -120.617126, 34.8654122 ], [ -120.617082299999979, 34.8654117 ], [ -120.617111, 34.8653877 ] ], [ [ -120.61732640000001, 34.8654159 ], [ -120.61730249999998, 34.8654123 ], [ -120.617296, 34.8653988 ], [ -120.6173077, 34.8653933 ], [ -120.61732139999998, 34.8653995 ], [ -120.61732640000001, 34.8654159 ] ], [ [ -120.6163938, 34.865383 ], [ -120.616369, 34.865382 ], [ -120.6163677, 34.8653728 ], [ -120.6163898, 34.8653752 ], [ -120.6163938, 34.865383 ] ], [ [ -120.617022799999987, 34.8653926 ], [ -120.6170236, 34.8653834 ], [ -120.6170273, 34.8653892 ], [ -120.617022799999987, 34.8653926 ] ], [ [ -120.617594900000014, 34.8653814 ], [ -120.61759379999998, 34.8653963 ], [ -120.6175681, 34.8653905 ], [ -120.6175706, 34.8653774 ], [ -120.617594900000014, 34.8653814 ] ], [ [ -120.6169156, 34.865376 ], [ -120.616908599999974, 34.8653684 ], [ -120.616911800000011, 34.8653544 ], [ -120.6169377, 34.8653284 ], [ -120.616966, 34.8653378 ], [ -120.616935500000011, 34.8653692 ], [ -120.6169156, 34.865376 ] ], [ [ -120.6167745, 34.8653182 ], [ -120.6166737, 34.8652787 ], [ -120.6166566, 34.8652579 ], [ -120.616656, 34.8652369 ], [ -120.61683020000001, 34.8652782 ], [ -120.6168659, 34.8652963 ], [ -120.616868, 34.865313 ], [ -120.6168309, 34.8653311 ], [ -120.6167745, 34.8653182 ] ], [ [ -120.616217899999981, 34.8652582 ], [ -120.6162084, 34.8652494 ], [ -120.6162183, 34.8652424 ], [ -120.616226200000014, 34.8652516 ], [ -120.616217899999981, 34.8652582 ] ], [ [ -120.6164856, 34.8652226 ], [ -120.6164865, 34.8651912 ], [ -120.616504600000013, 34.8651749 ], [ -120.616526, 34.8651882 ], [ -120.616521400000011, 34.8652133 ], [ -120.616498600000014, 34.8652345 ], [ -120.6164708, 34.8652375 ], [ -120.6164856, 34.8652226 ] ], [ [ -120.6163877, 34.865205 ], [ -120.61636630000001, 34.865173 ], [ -120.616363299999989, 34.8650967 ], [ -120.6164438, 34.8650097 ], [ -120.616464099999988, 34.8650431 ], [ -120.6164655, 34.865093 ], [ -120.6164196, 34.8651539 ], [ -120.616398100000012, 34.8651996 ], [ -120.6163877, 34.865205 ] ], [ [ -120.6165048, 34.8650448 ], [ -120.6165306, 34.8650335 ], [ -120.6165521, 34.8650408 ], [ -120.616544499999989, 34.8650573 ], [ -120.616529199999988, 34.8650655 ], [ -120.6165061, 34.8650613 ], [ -120.6165048, 34.8650448 ] ], [ [ -120.6166827, 34.8650683 ], [ -120.6166959, 34.8650789 ], [ -120.616682200000014, 34.86509 ], [ -120.616671599999975, 34.8650795 ], [ -120.6166827, 34.8650683 ] ], [ [ -120.616698700000015, 34.8651648 ], [ -120.616722400000015, 34.8651817 ], [ -120.6167247, 34.8651913 ], [ -120.6167118, 34.8651954 ], [ -120.6166924, 34.8651903 ], [ -120.6166366, 34.8651478 ], [ -120.616698700000015, 34.8651648 ] ], [ [ -120.6169928, 34.8652048 ], [ -120.6169916, 34.8652184 ], [ -120.616968199999988, 34.8652141 ], [ -120.6169635, 34.8651915 ], [ -120.6169928, 34.8652048 ] ], [ [ -120.616881299999974, 34.8652418 ], [ -120.616875100000016, 34.8652654 ], [ -120.616839499999983, 34.8652521 ], [ -120.6168388, 34.8652415 ], [ -120.616853, 34.8652306 ], [ -120.616881299999974, 34.8652418 ] ], [ [ -120.6169622, 34.8652385 ], [ -120.616987799999976, 34.8652437 ], [ -120.617010299999976, 34.8652582 ], [ -120.617015599999988, 34.8652752 ], [ -120.617006499999988, 34.8652892 ], [ -120.616961, 34.8652913 ], [ -120.616923199999988, 34.8652722 ], [ -120.616923199999988, 34.8652592 ], [ -120.6169622, 34.8652385 ] ], [ [ -120.617180600000012, 34.8652499 ], [ -120.6171804, 34.8652509 ], [ -120.6171777, 34.8652502 ], [ -120.617180600000012, 34.8652499 ] ], [ [ -120.617483799999988, 34.865355 ], [ -120.6175083, 34.8653672 ], [ -120.6175043, 34.8653792 ], [ -120.617491699999988, 34.8653853 ], [ -120.617477699999981, 34.8653782 ], [ -120.617483799999988, 34.865355 ] ], [ [ -120.617437700000011, 34.8654349 ], [ -120.617435300000011, 34.8654374 ], [ -120.6174307, 34.8654355 ], [ -120.617437700000011, 34.8654349 ] ], [ [ -120.615318099999982, 34.8645361 ], [ -120.615309599999989, 34.864528299999989 ], [ -120.61531, 34.8645119 ], [ -120.6153438, 34.8644679 ], [ -120.6153532, 34.8644893 ], [ -120.615349200000011, 34.8645182 ], [ -120.6153365, 34.8645335 ], [ -120.615318099999982, 34.8645361 ] ], [ [ -120.6161964, 34.8644869 ], [ -120.616217, 34.8644919 ], [ -120.616216900000012, 34.864508 ], [ -120.6161986, 34.8644975 ], [ -120.6161964, 34.8644869 ] ], [ [ -120.6154118, 34.864486899999989 ], [ -120.615453, 34.8644724 ], [ -120.6154625, 34.8644896 ], [ -120.6154538, 34.8645082 ], [ -120.6154073, 34.8644963 ], [ -120.6154118, 34.864486899999989 ] ], [ [ -120.6161994, 34.8645247 ], [ -120.6161951, 34.8645298 ], [ -120.616195499999989, 34.8645179 ], [ -120.6161994, 34.8645247 ] ], [ [ -120.615335699999989, 34.8644 ], [ -120.6153464, 34.8643764 ], [ -120.615358199999989, 34.8644006 ], [ -120.615345600000012, 34.8644107 ], [ -120.615335699999989, 34.8644 ] ], [ [ -120.615477899999988, 34.8643688 ], [ -120.6155006, 34.8643802 ], [ -120.6154974, 34.8644063 ], [ -120.6154764, 34.8643939 ], [ -120.615477899999988, 34.8643688 ] ], [ [ -120.61595770000001, 34.8644224 ], [ -120.6159579, 34.864411 ], [ -120.6159657, 34.8644152 ], [ -120.61595770000001, 34.8644224 ] ], [ [ -120.6155936, 34.8643359 ], [ -120.6155873, 34.8643516 ], [ -120.615589300000011, 34.8642995 ], [ -120.6156195, 34.8643156 ], [ -120.6155936, 34.8643359 ] ], [ [ -120.6151777, 34.8643299 ], [ -120.615150199999988, 34.864328 ], [ -120.61515150000001, 34.8643079 ], [ -120.615172500000014, 34.8643123 ], [ -120.6151777, 34.8643299 ] ], [ [ -120.6155384, 34.8642987 ], [ -120.615545700000013, 34.8642933 ], [ -120.6155551, 34.8642989 ], [ -120.615545399999988, 34.864304 ], [ -120.6155384, 34.8642987 ] ], [ [ -120.615366399999985, 34.8642451 ], [ -120.615362100000013, 34.8642645 ], [ -120.615332, 34.8642732 ], [ -120.6152723, 34.8642421 ], [ -120.615260299999989, 34.8642247 ], [ -120.615264, 34.8642004 ], [ -120.61535, 34.8642253 ], [ -120.615366399999985, 34.8642451 ] ], [ [ -120.615172500000014, 34.8642613 ], [ -120.615150199999988, 34.8642484 ], [ -120.6151291, 34.8642191 ], [ -120.615134, 34.8641577 ], [ -120.615170100000014, 34.8641601 ], [ -120.6151896, 34.86418 ], [ -120.6151943, 34.864218199999989 ], [ -120.615172500000014, 34.8642613 ] ], [ [ -120.614914200000015, 34.8641986 ], [ -120.614914599999977, 34.8641799 ], [ -120.6149201, 34.8641931 ], [ -120.614914200000015, 34.8641986 ] ], [ [ -120.614824399999989, 34.8641714 ], [ -120.6148177, 34.864149 ], [ -120.614852899999988, 34.8640453 ], [ -120.614876400000014, 34.8640806 ], [ -120.614882400000013, 34.8641253 ], [ -120.6148735, 34.8641751 ], [ -120.6148501, 34.8641946 ], [ -120.614824399999989, 34.8641714 ] ], [ [ -120.6145378, 34.8640597 ], [ -120.6145115, 34.8640397 ], [ -120.6144998, 34.8639933 ], [ -120.6145519, 34.8638625 ], [ -120.614568, 34.8638911 ], [ -120.614563499999988, 34.8640091 ], [ -120.6145588, 34.86405 ], [ -120.6145378, 34.8640597 ] ], [ [ -120.614458, 34.8639739 ], [ -120.6144619, 34.8639498 ], [ -120.6144638, 34.8639669 ], [ -120.614458, 34.8639739 ] ], [ [ -120.614435699999987, 34.8638966 ], [ -120.614441899999989, 34.8638838 ], [ -120.6144413, 34.8639048 ], [ -120.614435699999987, 34.8638966 ] ], [ [ -120.6144411, 34.8638602 ], [ -120.614442899999986, 34.8638494 ], [ -120.6144423, 34.8638676 ], [ -120.6144411, 34.8638602 ] ], [ [ -120.614812199999989, 34.8639398 ], [ -120.614856399999979, 34.8639636 ], [ -120.61485780000001, 34.8639807 ], [ -120.6148436, 34.863981 ], [ -120.614808599999989, 34.8639626 ], [ -120.614812199999989, 34.8639398 ] ], [ [ -120.6147409, 34.863994399999989 ], [ -120.614724900000013, 34.8639966 ], [ -120.6147232, 34.863991299999988 ], [ -120.6147409, 34.863994399999989 ] ], [ [ -120.614897700000014, 34.8640087 ], [ -120.6149069, 34.8640444 ], [ -120.6149019, 34.8640574 ], [ -120.6148913, 34.8640608 ], [ -120.614880099999979, 34.8640514 ], [ -120.6148806, 34.8640265 ], [ -120.614897700000014, 34.8640087 ] ], [ [ -120.6151808, 34.8640538 ], [ -120.6151861, 34.8640727 ], [ -120.61518, 34.8640831 ], [ -120.615169, 34.8640582 ], [ -120.6151808, 34.8640538 ] ], [ [ -120.6149376, 34.864123 ], [ -120.6149474, 34.8641581 ], [ -120.6149389, 34.8641697 ], [ -120.614923499999989, 34.8641723 ], [ -120.6149114, 34.8641602 ], [ -120.614909700000013, 34.8641349 ], [ -120.6149395, 34.8640754 ], [ -120.61494519999998, 34.8640923 ], [ -120.6149376, 34.864123 ] ], [ [ -120.6153981, 34.8641025 ], [ -120.6154243, 34.8641189 ], [ -120.615396600000011, 34.8641532 ], [ -120.615389400000012, 34.8641302 ], [ -120.6153981, 34.8641025 ] ], [ [ -120.6142128, 34.8636919 ], [ -120.6141611, 34.8637339 ], [ -120.614145, 34.8637211 ], [ -120.614137, 34.8636893 ], [ -120.6141871, 34.86362 ], [ -120.614208800000014, 34.8636523 ], [ -120.6142128, 34.8636919 ] ], [ [ -120.614045099999984, 34.8629828 ], [ -120.614052699999974, 34.8629721 ], [ -120.6140502, 34.8629921 ], [ -120.614045099999984, 34.8629828 ] ], [ [ -120.6138514, 34.8629794 ], [ -120.613763600000013, 34.8629551 ], [ -120.613732899999988, 34.8629392 ], [ -120.6137157, 34.8629166 ], [ -120.6136999, 34.862864 ], [ -120.613704399999989, 34.8628519 ], [ -120.6137841, 34.862818499999989 ], [ -120.6138172, 34.862795 ], [ -120.613838300000012, 34.8628408 ], [ -120.6138514, 34.8629285 ], [ -120.6138787, 34.8629354 ], [ -120.613916499999988, 34.8629043 ], [ -120.613931, 34.862905 ], [ -120.6139075, 34.8629599 ], [ -120.613886600000015, 34.8629783 ], [ -120.6138514, 34.8629794 ] ], [ [ -120.6139961, 34.8629069 ], [ -120.6139903, 34.8629181 ], [ -120.6139765, 34.8629203 ], [ -120.6139679, 34.8629141 ], [ -120.61399, 34.8628692 ], [ -120.6139961, 34.8629069 ] ], [ [ -120.614163800000014, 34.86291 ], [ -120.6141737, 34.8629188 ], [ -120.6141645, 34.8629241 ], [ -120.6141541, 34.8629183 ], [ -120.614163800000014, 34.86291 ] ], [ [ -120.614030899999989, 34.8629679 ], [ -120.6140471, 34.8629713 ], [ -120.6140203, 34.8629702 ], [ -120.614030899999989, 34.8629679 ] ], [ [ -120.613714, 34.862662 ], [ -120.6137051, 34.8626547 ], [ -120.613712299999989, 34.8626388 ], [ -120.6137241, 34.862654 ], [ -120.613714, 34.862662 ] ], [ [ -120.6137824, 34.8626256 ], [ -120.6137526, 34.8626319 ], [ -120.6137446, 34.8626231 ], [ -120.61375670000001, 34.8626172 ], [ -120.613778599999989, 34.8626173 ], [ -120.6137824, 34.8626256 ] ], [ [ -120.613709300000011, 34.8626015 ], [ -120.613713800000014, 34.8625855 ], [ -120.613715099999979, 34.8626069 ], [ -120.613709300000011, 34.8626015 ] ], [ [ -120.613628299999988, 34.8625166 ], [ -120.6136285, 34.8625105 ], [ -120.6136329, 34.8625122 ], [ -120.613628299999988, 34.8625166 ] ], [ [ -120.6135544, 34.8624744 ], [ -120.6135641, 34.8624698 ], [ -120.613563500000012, 34.8624753 ], [ -120.6135544, 34.8624744 ] ], [ [ -120.6133143, 34.8623449 ], [ -120.6133273, 34.8623363 ], [ -120.613332899999975, 34.8623477 ], [ -120.6133143, 34.8623449 ] ], [ [ -120.6133934, 34.862239699999989 ], [ -120.6133959, 34.8622336 ], [ -120.613402799999974, 34.8622379 ], [ -120.6133934, 34.862239699999989 ] ], [ [ -120.613223, 34.862185 ], [ -120.6132066, 34.8622065 ], [ -120.6131781, 34.8622173 ], [ -120.613200799999987, 34.8621721 ], [ -120.6132208, 34.8621778 ], [ -120.613223, 34.862185 ] ], [ [ -120.613092199999983, 34.8621506 ], [ -120.613084199999975, 34.862141099999988 ], [ -120.613092599999973, 34.8621329 ], [ -120.613105300000015, 34.8621414 ], [ -120.613092199999983, 34.8621506 ] ], [ [ -120.6132208, 34.86211 ], [ -120.613224699999989, 34.8621018 ], [ -120.613224, 34.8621217 ], [ -120.6132208, 34.86211 ] ], [ [ -120.6128558, 34.8619875 ], [ -120.6128464, 34.8619763 ], [ -120.61285669999998, 34.8619676 ], [ -120.6128642, 34.8619754 ], [ -120.6128558, 34.8619875 ] ], [ [ -120.612967900000015, 34.8618604 ], [ -120.612947800000015, 34.8618453 ], [ -120.6129745, 34.861843 ], [ -120.6129969, 34.8618526 ], [ -120.612967900000015, 34.8618604 ] ], [ [ -120.6125543, 34.8618336 ], [ -120.612540700000011, 34.8618239 ], [ -120.612555, 34.8618114 ], [ -120.612566199999989, 34.8618233 ], [ -120.6125543, 34.8618336 ] ], [ [ -120.61236169999998, 34.8618024 ], [ -120.612380500000015, 34.861793 ], [ -120.6123895, 34.8618042 ], [ -120.612378499999977, 34.8618127 ], [ -120.61236169999998, 34.8618024 ] ], [ [ -120.612553299999988, 34.8617822 ], [ -120.612578299999981, 34.8617606 ], [ -120.612637799999987, 34.8617889 ], [ -120.612636099999989, 34.8618088 ], [ -120.6126181, 34.8618133 ], [ -120.6125562, 34.8617958 ], [ -120.612553299999988, 34.8617822 ] ], [ [ -120.612425800000011, 34.8617163 ], [ -120.6123549, 34.8617291 ], [ -120.612337, 34.8617422 ], [ -120.6123514, 34.8617083 ], [ -120.6123836, 34.8616869 ], [ -120.612419899999978, 34.8617047 ], [ -120.612425800000011, 34.8617163 ] ], [ [ -120.612247, 34.8608464 ], [ -120.6122112, 34.8608419 ], [ -120.612274899999989, 34.8608448 ], [ -120.612247, 34.8608464 ] ], [ [ -120.6120352, 34.8608166 ], [ -120.6120115, 34.8608357 ], [ -120.611998, 34.8608364 ], [ -120.612013, 34.8607945 ], [ -120.612060899999989, 34.8607431 ], [ -120.612123900000014, 34.8607521 ], [ -120.6121409, 34.860767 ], [ -120.6121377, 34.8607805 ], [ -120.6120696, 34.860814 ], [ -120.6120352, 34.8608166 ] ], [ [ -120.6119493, 34.8607904 ], [ -120.6119416, 34.8607843 ], [ -120.611950599999986, 34.8607768 ], [ -120.6119572, 34.8607847 ], [ -120.6119493, 34.8607904 ] ], [ [ -120.6123684, 34.8607933 ], [ -120.6123441, 34.8607971 ], [ -120.612344, 34.8607882 ], [ -120.6123684, 34.8607933 ] ], [ [ -120.61232, 34.8607195 ], [ -120.6123024, 34.8607231 ], [ -120.612290800000011, 34.860713 ], [ -120.6123028, 34.8606978 ], [ -120.612340399999979, 34.8607021 ], [ -120.61232, 34.8607195 ] ], [ [ -120.6118662, 34.860627099999988 ], [ -120.6118613, 34.8606212 ], [ -120.611867799999985, 34.8606128 ], [ -120.61189, 34.860611 ], [ -120.6118968, 34.8606221 ], [ -120.6118662, 34.860627099999988 ] ], [ [ -120.6122277, 34.8602415 ], [ -120.612219399999987, 34.8602321 ], [ -120.612229099999979, 34.8602236 ], [ -120.6122567, 34.8602325 ], [ -120.6122277, 34.8602415 ] ], [ [ -120.612185, 34.8602315 ], [ -120.612185200000013, 34.8602289 ], [ -120.6121881, 34.8602302 ], [ -120.612185, 34.8602315 ] ], [ [ -120.611974699999976, 34.8599217 ], [ -120.611975499999986, 34.8599147 ], [ -120.611994599999989, 34.8599198 ], [ -120.611974699999976, 34.8599217 ] ], [ [ -120.6118463, 34.8598457 ], [ -120.6118466, 34.8598343 ], [ -120.611848, 34.8598429 ], [ -120.6118463, 34.8598457 ] ], [ [ -120.6116259, 34.8589764 ], [ -120.611631, 34.8589686 ], [ -120.6116472, 34.8589752 ], [ -120.6116259, 34.8589764 ] ], [ [ -120.6116862, 34.858922 ], [ -120.611648, 34.8589221 ], [ -120.6116623, 34.8588898 ], [ -120.6116332, 34.8588646 ], [ -120.6116343, 34.858855 ], [ -120.6117195, 34.8588844 ], [ -120.6116862, 34.858922 ] ], [ [ -120.6115771, 34.8589091 ], [ -120.611562600000013, 34.858904 ], [ -120.6115675, 34.8588962 ], [ -120.611602800000014, 34.8589024 ], [ -120.6115771, 34.8589091 ] ], [ [ -120.611509, 34.8588455 ], [ -120.6115255, 34.8588362 ], [ -120.6115415, 34.8588473 ], [ -120.6115231, 34.8588571 ], [ -120.611509, 34.8588455 ] ], [ [ -120.6115857, 34.858777 ], [ -120.611571, 34.8587751 ], [ -120.6115931, 34.8587762 ], [ -120.6115857, 34.858777 ] ], [ [ -120.61133670000001, 34.8586437 ], [ -120.6113114, 34.8586508 ], [ -120.611285599999988, 34.8586465 ], [ -120.611335200000013, 34.8586076 ], [ -120.6113487, 34.8586253 ], [ -120.61133670000001, 34.8586437 ] ], [ [ -120.611022600000013, 34.8586045 ], [ -120.6110293, 34.858598 ], [ -120.6110433, 34.8586045 ], [ -120.6110272, 34.8586105 ], [ -120.611022600000013, 34.8586045 ] ], [ [ -120.612618799999979, 34.8515242 ], [ -120.61260919999998, 34.8515143 ], [ -120.6126123, 34.8515057 ], [ -120.6126439, 34.8515005 ], [ -120.6126489, 34.8515208 ], [ -120.612618799999979, 34.8515242 ] ], [ [ -120.6339133, 34.7681365 ], [ -120.633898800000011, 34.768123599999988 ], [ -120.6339171, 34.7681142 ], [ -120.6339253, 34.7681266 ], [ -120.6339133, 34.7681365 ] ], [ [ -120.6339254, 34.7677697 ], [ -120.633918900000012, 34.7677637 ], [ -120.6339273, 34.7677587 ], [ -120.6339321, 34.7677653 ], [ -120.6339254, 34.7677697 ] ], [ [ -120.6339211, 34.7676936 ], [ -120.6339293, 34.7676884 ], [ -120.633932699999988, 34.7676954 ], [ -120.6339211, 34.7676936 ] ], [ [ -120.6340844, 34.7676187 ], [ -120.63407740000001, 34.7676083 ], [ -120.6340848, 34.7675989 ], [ -120.6340935, 34.7676077 ], [ -120.6340844, 34.7676187 ] ], [ [ -120.634194099999988, 34.7667805 ], [ -120.6341892, 34.7667755 ], [ -120.6341959, 34.7667691 ], [ -120.6342291, 34.7667781 ], [ -120.634194099999988, 34.7667805 ] ], [ [ -120.634222799999989, 34.7667447 ], [ -120.6341882, 34.7667483 ], [ -120.6341823, 34.7667407 ], [ -120.634196899999978, 34.7667337 ], [ -120.634219, 34.766736 ], [ -120.634222799999989, 34.7667447 ] ], [ [ -120.636006200000011, 34.7610655 ], [ -120.6359286, 34.7611111 ], [ -120.6358998, 34.7611118 ], [ -120.6358871, 34.7610925 ], [ -120.63590090000001, 34.7610636 ], [ -120.6358719, 34.7610395 ], [ -120.635867399999981, 34.7610228 ], [ -120.6359955, 34.7610564 ], [ -120.636006200000011, 34.7610655 ] ], [ [ -120.636383599999988, 34.7601573 ], [ -120.636313, 34.7601716 ], [ -120.6362758, 34.760196 ], [ -120.6362434, 34.7601973 ], [ -120.63622, 34.7601851 ], [ -120.6362149, 34.760165 ], [ -120.6362305, 34.7601419 ], [ -120.636264399999973, 34.7601243 ], [ -120.6363258, 34.7601387 ], [ -120.636394199999984, 34.7601348 ], [ -120.63640740000001, 34.760144 ], [ -120.636383599999988, 34.7601573 ] ], [ [ -120.6366789, 34.7590552 ], [ -120.6366882, 34.7590514 ], [ -120.6366899, 34.759057 ], [ -120.6366789, 34.7590552 ] ], [ [ -120.6366973, 34.7587376 ], [ -120.636697599999977, 34.7587224 ], [ -120.6367038, 34.7587306 ], [ -120.6366973, 34.7587376 ] ], [ [ -120.6368645, 34.7581836 ], [ -120.6368588, 34.7581778 ], [ -120.6368663, 34.7581713 ], [ -120.636892499999988, 34.7581763 ], [ -120.6368645, 34.7581836 ] ], [ [ -120.6368476, 34.7580613 ], [ -120.636848, 34.7580462 ], [ -120.6368543, 34.7580514 ], [ -120.6368476, 34.7580613 ] ], [ [ -120.6368505, 34.7578832 ], [ -120.6368249, 34.7578903 ], [ -120.6367834, 34.7578822 ], [ -120.6367742, 34.7578674 ], [ -120.636778, 34.7578483 ], [ -120.6368323, 34.757829 ], [ -120.6368576, 34.7578511 ], [ -120.6368505, 34.7578832 ] ], [ [ -120.636955500000013, 34.7577967 ], [ -120.6369418, 34.7578047 ], [ -120.636923700000011, 34.7578012 ], [ -120.6369221, 34.7577933 ], [ -120.6369432, 34.7577731 ], [ -120.6369584, 34.7577813 ], [ -120.636955500000013, 34.7577967 ] ], [ [ -120.6370097, 34.7577366 ], [ -120.6370281, 34.7577595 ], [ -120.637006199999988, 34.7577601 ], [ -120.6370034, 34.7577802 ], [ -120.63697830000001, 34.7577643 ], [ -120.6370097, 34.7577366 ] ], [ [ -120.637033899999977, 34.7577014 ], [ -120.6370262, 34.757692 ], [ -120.6370331, 34.7576835 ], [ -120.637044399999979, 34.757692299999988 ], [ -120.637033899999977, 34.7577014 ] ], [ [ -120.6371725, 34.7566438 ], [ -120.637146300000012, 34.7566324 ], [ -120.6371507, 34.7566244 ], [ -120.6371743, 34.7566297 ], [ -120.6371725, 34.7566438 ] ], [ [ -120.6375655, 34.7564833 ], [ -120.637548599999988, 34.7564784 ], [ -120.6375482, 34.7564724 ], [ -120.6375725, 34.7564697 ], [ -120.637580700000015, 34.7564778 ], [ -120.6375655, 34.7564833 ] ], [ [ -120.637505799999985, 34.756459 ], [ -120.637487, 34.7564595 ], [ -120.6374557, 34.7564464 ], [ -120.637452599999989, 34.7564367 ], [ -120.6374621, 34.7564292 ], [ -120.637489, 34.7564344 ], [ -120.637505799999985, 34.756459 ] ], [ [ -120.6377033, 34.7563469 ], [ -120.637694, 34.7563366 ], [ -120.637705200000013, 34.7563298 ], [ -120.63771220000001, 34.7563367 ], [ -120.6377033, 34.7563469 ] ], [ [ -120.637432599999983, 34.7563035 ], [ -120.637399699999989, 34.7562945 ], [ -120.637382, 34.7562772 ], [ -120.6374241, 34.7562286 ], [ -120.6374596, 34.7562343 ], [ -120.637470600000015, 34.7562445 ], [ -120.637449600000011, 34.7562712 ], [ -120.6374449, 34.7562975 ], [ -120.637432599999983, 34.7563035 ] ], [ [ -120.637354500000015, 34.7562454 ], [ -120.637349799999981, 34.756237899999988 ], [ -120.6373585, 34.7562313 ], [ -120.6373739, 34.7562396 ], [ -120.637354500000015, 34.7562454 ] ], [ [ -120.6408078, 34.7563143 ], [ -120.6408, 34.7563066 ], [ -120.640808299999989, 34.7562973 ], [ -120.6408187, 34.7563052 ], [ -120.6408078, 34.7563143 ] ], [ [ -120.6407225, 34.7562438 ], [ -120.6407449, 34.7562437 ], [ -120.640753899999979, 34.7562505 ], [ -120.640741899999981, 34.7562901 ], [ -120.640724, 34.7562785 ], [ -120.6407225, 34.7562438 ] ], [ [ -120.6407047, 34.7562171 ], [ -120.6406749, 34.7562161 ], [ -120.6406717, 34.7562053 ], [ -120.6406801, 34.7561958 ], [ -120.6407036, 34.7562068 ], [ -120.6407047, 34.7562171 ] ], [ [ -120.637639799999988, 34.7561469 ], [ -120.6375764, 34.7561232 ], [ -120.6375053, 34.7560711 ], [ -120.637492, 34.756045 ], [ -120.637495500000014, 34.7560221 ], [ -120.637534500000015, 34.7560266 ], [ -120.6376306, 34.7560679 ], [ -120.6376796, 34.7561106 ], [ -120.6376833, 34.756137099999989 ], [ -120.6376654, 34.7561464 ], [ -120.637639799999988, 34.7561469 ] ], [ [ -120.6374275, 34.756069 ], [ -120.6373884, 34.7560578 ], [ -120.6374078, 34.7560351 ], [ -120.637432800000013, 34.7560563 ], [ -120.6374275, 34.756069 ] ], [ [ -120.6376655, 34.7559973 ], [ -120.6376454, 34.7559742 ], [ -120.63765, 34.7559694 ], [ -120.637740799999975, 34.7560071 ], [ -120.6377459, 34.7560152 ], [ -120.6377232, 34.7560273 ], [ -120.637702600000011, 34.7560251 ], [ -120.6376655, 34.7559973 ] ], [ [ -120.6406833, 34.7561432 ], [ -120.6406689, 34.7561715 ], [ -120.6406524, 34.756167 ], [ -120.6406292, 34.7561408 ], [ -120.64058439999998, 34.7561427 ], [ -120.6405327, 34.7561038 ], [ -120.6404962, 34.7560374 ], [ -120.640490899999989, 34.7559377 ], [ -120.6406641, 34.7560818 ], [ -120.6406833, 34.7561432 ] ], [ [ -120.6377538, 34.7559633 ], [ -120.6377283, 34.7559569 ], [ -120.6377378, 34.7559518 ], [ -120.6377668, 34.7559572 ], [ -120.6377538, 34.7559633 ] ], [ [ -120.6374723, 34.7559427 ], [ -120.637459899999982, 34.7559252 ], [ -120.6374773, 34.7558963 ], [ -120.6375222, 34.7559119 ], [ -120.637561800000015, 34.7559142 ], [ -120.637566299999989, 34.7559365 ], [ -120.6374994, 34.7559486 ], [ -120.6374723, 34.7559427 ] ], [ [ -120.637653, 34.7558644 ], [ -120.637665, 34.7558827 ], [ -120.637669, 34.7559129 ], [ -120.6376546, 34.7559281 ], [ -120.6376406, 34.7559166 ], [ -120.637653, 34.7558644 ] ], [ [ -120.6376965, 34.7558696 ], [ -120.6376998, 34.7558866 ], [ -120.6376892, 34.75589 ], [ -120.6376819, 34.755884 ], [ -120.6376965, 34.7558696 ] ], [ [ -120.6377393, 34.7559001 ], [ -120.637761699999984, 34.7558994 ], [ -120.637768799999989, 34.7559086 ], [ -120.6377575, 34.7559119 ], [ -120.6377304, 34.7559042 ], [ -120.6377393, 34.7559001 ] ], [ [ -120.6377825, 34.755916299999988 ], [ -120.637781799999985, 34.7559306 ], [ -120.6377731, 34.7559194 ], [ -120.6377825, 34.755916299999988 ] ], [ [ -120.6377173, 34.7559482 ], [ -120.637709, 34.7559382 ], [ -120.6377166, 34.7559306 ], [ -120.637724, 34.7559429 ], [ -120.6377173, 34.7559482 ] ], [ [ -120.640563399999976, 34.7561376 ], [ -120.6405512, 34.7561407 ], [ -120.6405508, 34.7561354 ], [ -120.640563399999976, 34.7561376 ] ], [ [ -120.6378892, 34.7560063 ], [ -120.6379151, 34.7560033 ], [ -120.6379198, 34.7560161 ], [ -120.6379119, 34.7560344 ], [ -120.63789, 34.7560158 ], [ -120.6378892, 34.7560063 ] ], [ [ -120.640446899999986, 34.7560455 ], [ -120.640444, 34.7560511 ], [ -120.6404442, 34.7560435 ], [ -120.640446899999986, 34.7560455 ] ], [ [ -120.6407234, 34.7561784 ], [ -120.640724400000011, 34.7561741 ], [ -120.6407272, 34.7561771 ], [ -120.6407234, 34.7561784 ] ], [ [ -120.637907399999989, 34.756134 ], [ -120.6379291, 34.7561325 ], [ -120.6379327, 34.7561459 ], [ -120.6379091, 34.7561453 ], [ -120.637907399999989, 34.756134 ] ], [ [ -120.6374335, 34.7558069 ], [ -120.6374128, 34.7557915 ], [ -120.637415, 34.7557826 ], [ -120.6374366, 34.7557891 ], [ -120.637453099999973, 34.7558068 ], [ -120.6374335, 34.7558069 ] ], [ [ -120.6402101, 34.7558225 ], [ -120.640218299999987, 34.7558251 ], [ -120.640211399999984, 34.7558317 ], [ -120.6402101, 34.7558225 ] ], [ [ -120.6402316, 34.755801 ], [ -120.6402551, 34.7557769 ], [ -120.640301400000013, 34.7557865 ], [ -120.6403102, 34.7557988 ], [ -120.640306599999974, 34.7558115 ], [ -120.640258499999987, 34.755828 ], [ -120.6402402, 34.7558244 ], [ -120.6402316, 34.755801 ] ], [ [ -120.640172400000012, 34.7557875 ], [ -120.640166799999975, 34.7557911 ], [ -120.640167599999984, 34.7557823 ], [ -120.640172400000012, 34.7557875 ] ], [ [ -120.6401332, 34.7557062 ], [ -120.6401164, 34.7557353 ], [ -120.640090899999976, 34.7557447 ], [ -120.6400738, 34.755735 ], [ -120.640071, 34.7557055 ], [ -120.640089499999988, 34.755665 ], [ -120.640105799999986, 34.7556521 ], [ -120.640129699999989, 34.7556722 ], [ -120.6401332, 34.7557062 ] ], [ [ -120.6401009, 34.7556177 ], [ -120.640082799999973, 34.7555895 ], [ -120.640046900000016, 34.7555645 ], [ -120.640043099999986, 34.75555 ], [ -120.6400822, 34.755558 ], [ -120.6401207, 34.7555506 ], [ -120.6401375, 34.7555577 ], [ -120.6401423, 34.755584 ], [ -120.6401201, 34.7556208 ], [ -120.6401009, 34.7556177 ] ], [ [ -120.6397761, 34.7555415 ], [ -120.6397814, 34.7555355 ], [ -120.6397811, 34.7555485 ], [ -120.6397761, 34.7555415 ] ], [ [ -120.6404358, 34.7556123 ], [ -120.6404345, 34.7556126 ], [ -120.6404346, 34.7556118 ], [ -120.6404358, 34.7556123 ] ], [ [ -120.639761900000011, 34.7555293 ], [ -120.6397598, 34.7555259 ], [ -120.639766199999983, 34.7555275 ], [ -120.639761900000011, 34.7555293 ] ], [ [ -120.641052, 34.755411 ], [ -120.6410522, 34.7554034 ], [ -120.641055900000012, 34.7554077 ], [ -120.641052, 34.755411 ] ], [ [ -120.641106, 34.7553796 ], [ -120.6410948, 34.755378199999988 ], [ -120.6410693, 34.7553498 ], [ -120.6410668, 34.7553372 ], [ -120.6410762, 34.75533 ], [ -120.641109300000011, 34.7553674 ], [ -120.641106, 34.7553796 ] ], [ [ -120.6360442, 34.7552464 ], [ -120.636037799999983, 34.7552379 ], [ -120.6360544, 34.7552311 ], [ -120.6360778, 34.755242 ], [ -120.6360442, 34.7552464 ] ], [ [ -120.635770499999978, 34.7551109 ], [ -120.6357502, 34.7550918 ], [ -120.6357465, 34.7550722 ], [ -120.635797499999981, 34.7550481 ], [ -120.6357856, 34.7550986 ], [ -120.635770499999978, 34.7551109 ] ], [ [ -120.6356422, 34.755079 ], [ -120.635627099999979, 34.7550685 ], [ -120.6356442, 34.7550588 ], [ -120.6356545, 34.7550704 ], [ -120.6356422, 34.755079 ] ], [ [ -120.6355117, 34.7550195 ], [ -120.635506299999989, 34.755012 ], [ -120.635514699999987, 34.7550033 ], [ -120.6355393, 34.7550141 ], [ -120.6355117, 34.7550195 ] ], [ [ -120.635604699999988, 34.7549995 ], [ -120.63560480000001, 34.7549825 ], [ -120.635624799999988, 34.7549731 ], [ -120.635630699999979, 34.7549977 ], [ -120.635604699999988, 34.7549995 ] ], [ [ -120.6353097, 34.754954 ], [ -120.6352963, 34.754965399999989 ], [ -120.635267399999975, 34.7549586 ], [ -120.635277, 34.7549145 ], [ -120.635310799999985, 34.7549341 ], [ -120.6353097, 34.754954 ] ], [ [ -120.6352324, 34.7549463 ], [ -120.6352209, 34.7549344 ], [ -120.6352329, 34.7549263 ], [ -120.6352443, 34.7549361 ], [ -120.6352324, 34.7549463 ] ], [ [ -120.635208, 34.754918 ], [ -120.635211500000011, 34.754913 ], [ -120.63521630000001, 34.7549208 ], [ -120.635208, 34.754918 ] ], [ [ -120.635063500000015, 34.7548213 ], [ -120.6350603, 34.7548368 ], [ -120.6350229, 34.7548218 ], [ -120.635015, 34.7548034 ], [ -120.635018500000015, 34.7547851 ], [ -120.6350393, 34.7547835 ], [ -120.6350532, 34.7547908 ], [ -120.635063500000015, 34.7548213 ] ], [ [ -120.634909799999988, 34.7547455 ], [ -120.634902499999981, 34.7547328 ], [ -120.6349113, 34.7547152 ], [ -120.6349187, 34.7547273 ], [ -120.634909799999988, 34.7547455 ] ], [ [ -120.6350215, 34.7546194 ], [ -120.6349635, 34.7547012 ], [ -120.63493960000001, 34.7547096 ], [ -120.634935399999989, 34.7546958 ], [ -120.6349478, 34.7546725 ], [ -120.6350244, 34.7545769 ], [ -120.63503, 34.7545971 ], [ -120.6350215, 34.7546194 ] ], [ [ -120.6346134, 34.7545867 ], [ -120.6346074, 34.7545773 ], [ -120.634632499999981, 34.7545329 ], [ -120.6346544, 34.7545456 ], [ -120.634657, 34.7545601 ], [ -120.6346346, 34.7545837 ], [ -120.6346134, 34.7545867 ] ], [ [ -120.6350692, 34.7545397 ], [ -120.635073100000014, 34.7545534 ], [ -120.6350607, 34.7545571 ], [ -120.6350545, 34.7545506 ], [ -120.6350692, 34.7545397 ] ], [ [ -120.6341787, 34.7543256 ], [ -120.6341713, 34.7543189 ], [ -120.63418, 34.7543131 ], [ -120.63418510000001, 34.7543198 ], [ -120.6341787, 34.7543256 ] ], [ [ -120.633804900000015, 34.7537934 ], [ -120.6337656, 34.753828399999989 ], [ -120.6337507, 34.7538311 ], [ -120.6337418, 34.75382 ], [ -120.6337454, 34.7538011 ], [ -120.6337802, 34.7537789 ], [ -120.6337995, 34.7537831 ], [ -120.633804900000015, 34.7537934 ] ], [ [ -120.6335309, 34.7536359 ], [ -120.6335299, 34.753619199999989 ], [ -120.633566699999989, 34.7536035 ], [ -120.633595199999988, 34.7536028 ], [ -120.6335944, 34.7536236 ], [ -120.633561899999989, 34.7536417 ], [ -120.6335309, 34.7536359 ] ], [ [ -120.633510099999981, 34.7536342 ], [ -120.633479, 34.7536378 ], [ -120.6334541, 34.7536286 ], [ -120.633448699999988, 34.7536011 ], [ -120.6334584, 34.7535732 ], [ -120.6334841, 34.753586 ], [ -120.6335123, 34.7536167 ], [ -120.633510099999981, 34.7536342 ] ], [ [ -120.63367479999998, 34.7536423 ], [ -120.633674899999988, 34.7536414 ], [ -120.6336754, 34.7536419 ], [ -120.63367479999998, 34.7536423 ] ], [ [ -120.6339846, 34.7534246 ], [ -120.633952, 34.7534294 ], [ -120.6339452, 34.7534047 ], [ -120.6339659, 34.7533957 ], [ -120.633984900000016, 34.7534031 ], [ -120.6339846, 34.7534246 ] ], [ [ -120.631255599999989, 34.7524124 ], [ -120.6312413, 34.7524174 ], [ -120.6312257, 34.7524112 ], [ -120.631210900000013, 34.7523869 ], [ -120.6312431, 34.7523537 ], [ -120.631271500000011, 34.752387899999988 ], [ -120.631255599999989, 34.7524124 ] ], [ [ -120.6316413, 34.7521789 ], [ -120.631641699999989, 34.7521672 ], [ -120.631664699999973, 34.7521801 ], [ -120.6316413, 34.7521789 ] ], [ [ -120.631622799999988, 34.7521623 ], [ -120.6316201, 34.7521581 ], [ -120.6316307, 34.7521599 ], [ -120.631622799999988, 34.7521623 ] ], [ [ -120.6312458, 34.7514174 ], [ -120.631259199999988, 34.7514352 ], [ -120.6312582, 34.751457699999989 ], [ -120.6312078, 34.7515213 ], [ -120.6311409, 34.751527 ], [ -120.6310983, 34.7514986 ], [ -120.631081, 34.7514684 ], [ -120.6310806, 34.7514479 ], [ -120.6311112, 34.7514216 ], [ -120.6311831, 34.7513974 ], [ -120.63121240000001, 34.7514001 ], [ -120.6312458, 34.7514174 ] ], [ [ -120.6310301, 34.7514173 ], [ -120.6310245, 34.751410899999989 ], [ -120.63103, 34.7514039 ], [ -120.6310473, 34.7514111 ], [ -120.6310301, 34.7514173 ] ], [ [ -120.6308797, 34.750546299999989 ], [ -120.6308724, 34.7505397 ], [ -120.6308801, 34.7505322 ], [ -120.6308874, 34.7505401 ], [ -120.6308797, 34.750546299999989 ] ], [ [ -120.6306406, 34.7504626 ], [ -120.6306278, 34.7504472 ], [ -120.630642499999979, 34.7504385 ], [ -120.6306507, 34.7504487 ], [ -120.6306406, 34.7504626 ] ], [ [ -120.630577300000013, 34.7504258 ], [ -120.6305805, 34.750432 ], [ -120.6305776, 34.750445 ], [ -120.630577300000013, 34.7504258 ] ], [ [ -120.629722199999989, 34.7498108 ], [ -120.6297207, 34.7498232 ], [ -120.6297053, 34.7498367 ], [ -120.6296889, 34.7498362 ], [ -120.6296648, 34.7498189 ], [ -120.6296654, 34.7498034 ], [ -120.6296781, 34.7497882 ], [ -120.62970270000001, 34.749793 ], [ -120.629722199999989, 34.7498108 ] ], [ [ -120.62981880000001, 34.7481264 ], [ -120.629825700000012, 34.748147 ], [ -120.6298143, 34.7481643 ], [ -120.6297835, 34.748163 ], [ -120.629749, 34.7481374 ], [ -120.6297456, 34.7481177 ], [ -120.62977, 34.7481007 ], [ -120.629793699999979, 34.7481062 ], [ -120.62981880000001, 34.7481264 ] ], [ [ -120.6297242, 34.747653 ], [ -120.6296972, 34.7476505 ], [ -120.6296961, 34.7476304 ], [ -120.62972019999998, 34.7476414 ], [ -120.6297242, 34.747653 ] ], [ [ -120.6296983, 34.7475243 ], [ -120.629677, 34.7475296 ], [ -120.629655099999979, 34.7475247 ], [ -120.62967780000001, 34.7475047 ], [ -120.6296974, 34.747514 ], [ -120.6296983, 34.7475243 ] ], [ [ -120.6296813, 34.747239 ], [ -120.6296637, 34.7472342 ], [ -120.629684700000013, 34.7472251 ], [ -120.6296956, 34.7472346 ], [ -120.6296813, 34.747239 ] ], [ [ -120.6294833, 34.7461939 ], [ -120.6294701, 34.7461848 ], [ -120.6294758, 34.7461644 ], [ -120.629491, 34.7461855 ], [ -120.6294833, 34.7461939 ] ], [ [ -120.630440799999988, 34.7446815 ], [ -120.630429600000014, 34.7446779 ], [ -120.6303967, 34.7446346 ], [ -120.6303942, 34.7446013 ], [ -120.630444, 34.7446666 ], [ -120.630440799999988, 34.7446815 ] ], [ [ -120.6302033, 34.7446565 ], [ -120.630192900000011, 34.744650799999988 ], [ -120.630187, 34.7446291 ], [ -120.630197400000014, 34.7446097 ], [ -120.6302164, 34.7446461 ], [ -120.6302033, 34.7446565 ] ], [ [ -120.63045, 34.7444412 ], [ -120.6304356, 34.7444452 ], [ -120.630416599999975, 34.7444377 ], [ -120.63041170000001, 34.744424 ], [ -120.630443899999975, 34.7443923 ], [ -120.630460399999976, 34.7444242 ], [ -120.63045, 34.7444412 ] ], [ [ -120.62960769999998, 34.7442921 ], [ -120.6296179, 34.7442496 ], [ -120.6296306, 34.74429 ], [ -120.6296192, 34.7443026 ], [ -120.62960769999998, 34.7442921 ] ], [ [ -120.6299637, 34.7442686 ], [ -120.6299732, 34.7442527 ], [ -120.6299894, 34.7442459 ], [ -120.630044700000013, 34.744249 ], [ -120.6300772, 34.7442705 ], [ -120.630039, 34.74429 ], [ -120.6299895, 34.7442897 ], [ -120.6299637, 34.7442686 ] ], [ [ -120.629546, 34.7441119 ], [ -120.629540299999988, 34.7441214 ], [ -120.6295062, 34.7441163 ], [ -120.629513199999977, 34.7440913 ], [ -120.629539299999976, 34.7440966 ], [ -120.629546, 34.7441119 ] ], [ [ -120.6295258, 34.7436705 ], [ -120.629517799999988, 34.7436637 ], [ -120.629525699999988, 34.7436569 ], [ -120.6295538, 34.7436631 ], [ -120.6295258, 34.7436705 ] ], [ [ -120.6294318, 34.7436628 ], [ -120.6294262, 34.7436441 ], [ -120.6294269, 34.7436076 ], [ -120.6294403, 34.7435861 ], [ -120.62947149999998, 34.743602 ], [ -120.6294872, 34.743627 ], [ -120.629475899999989, 34.7436516 ], [ -120.629448599999989, 34.7436682 ], [ -120.6294318, 34.7436628 ] ], [ [ -120.62965890000001, 34.743581 ], [ -120.6296876, 34.7436082 ], [ -120.629685900000013, 34.7436144 ], [ -120.6296579, 34.7436104 ], [ -120.62965890000001, 34.743581 ] ], [ [ -120.6297713, 34.7435759 ], [ -120.6297694, 34.7435358 ], [ -120.6298435, 34.7435619 ], [ -120.629967799999989, 34.743584399999989 ], [ -120.6299905, 34.743598 ], [ -120.629999399999988, 34.7436133 ], [ -120.6299572, 34.7436188 ], [ -120.6298049, 34.7435993 ], [ -120.6297713, 34.7435759 ] ], [ [ -120.629639399999988, 34.7435587 ], [ -120.6295874, 34.7435437 ], [ -120.629584, 34.7435293 ], [ -120.6295952, 34.7435154 ], [ -120.62964909999998, 34.7435099 ], [ -120.6296858, 34.7435224 ], [ -120.6296597, 34.7435513 ], [ -120.629639399999988, 34.7435587 ] ], [ [ -120.6295703, 34.7436228 ], [ -120.62959, 34.7436476 ], [ -120.6295666, 34.7436472 ], [ -120.6295703, 34.7436228 ] ], [ [ -120.6289369, 34.74286 ], [ -120.6289296, 34.7428384 ], [ -120.628937799999974, 34.7428278 ], [ -120.628944, 34.742843 ], [ -120.6289369, 34.74286 ] ], [ [ -120.6289114, 34.7428217 ], [ -120.628916300000014, 34.742816 ], [ -120.6289226, 34.7428264 ], [ -120.6289114, 34.7428217 ] ], [ [ -120.628936599999975, 34.7427939 ], [ -120.628905, 34.7427882 ], [ -120.628917199999989, 34.7427825 ], [ -120.6289487, 34.7427797 ], [ -120.6289612, 34.7427853 ], [ -120.628936599999975, 34.7427939 ] ], [ [ -120.628490199999987, 34.7427751 ], [ -120.62848529999998, 34.7427543 ], [ -120.628504, 34.7427205 ], [ -120.6285222, 34.7427352 ], [ -120.6285272, 34.7427523 ], [ -120.6285172, 34.7427755 ], [ -120.6285024, 34.7427839 ], [ -120.628490199999987, 34.7427751 ] ], [ [ -120.6284812, 34.7427044 ], [ -120.628482800000015, 34.742696 ], [ -120.6284821, 34.742705099999988 ], [ -120.6284812, 34.7427044 ] ], [ [ -120.6285227, 34.7426773 ], [ -120.6285204, 34.7426485 ], [ -120.6285301, 34.7426166 ], [ -120.6285514, 34.742591399999988 ], [ -120.6285922, 34.7425906 ], [ -120.628680800000012, 34.7426084 ], [ -120.6287167, 34.7426282 ], [ -120.628735400000011, 34.7426531 ], [ -120.628700699999982, 34.7426731 ], [ -120.6286195, 34.7426931 ], [ -120.6285794, 34.742698 ], [ -120.628542299999978, 34.7426934 ], [ -120.6285227, 34.7426773 ] ], [ [ -120.6284799, 34.7426695 ], [ -120.6284838, 34.7426612 ], [ -120.628483100000011, 34.7426816 ], [ -120.6284799, 34.7426695 ] ], [ [ -120.6282477, 34.7422726 ], [ -120.6282436, 34.7422856 ], [ -120.6281974, 34.7422962 ], [ -120.6281553, 34.742288 ], [ -120.62814680000001, 34.7422677 ], [ -120.6281683, 34.7422373 ], [ -120.628237, 34.7422568 ], [ -120.6282477, 34.7422726 ] ], [ [ -120.6281073, 34.7420867 ], [ -120.628108399999988, 34.7420423 ], [ -120.628113500000012, 34.7420793 ], [ -120.6281073, 34.7420867 ] ], [ [ -120.6278988, 34.7417645 ], [ -120.627895, 34.7417515 ], [ -120.627920499999988, 34.7417365 ], [ -120.6279249, 34.7417615 ], [ -120.6278988, 34.7417645 ] ], [ [ -120.628104299999976, 34.741724 ], [ -120.6281177, 34.7417141 ], [ -120.628139499999989, 34.7417337 ], [ -120.628137099999989, 34.7417483 ], [ -120.628106300000013, 34.7417397 ], [ -120.628104299999976, 34.741724 ] ], [ [ -120.6280431, 34.7416979 ], [ -120.62801060000001, 34.7416528 ], [ -120.6279994, 34.7416229 ], [ -120.6280088, 34.7415952 ], [ -120.6280572, 34.7415388 ], [ -120.6280944, 34.7415719 ], [ -120.628113199999987, 34.7416161 ], [ -120.628091899999987, 34.7416974 ], [ -120.6280712, 34.7417153 ], [ -120.6280431, 34.7416979 ] ], [ [ -120.627912099999989, 34.7416539 ], [ -120.627908299999987, 34.7416688 ], [ -120.627891299999973, 34.7416734 ], [ -120.627869, 34.7416665 ], [ -120.6278575, 34.7416465 ], [ -120.6278581, 34.7416267 ], [ -120.6279027, 34.7416371 ], [ -120.627912099999989, 34.7416539 ] ], [ [ -120.6276176, 34.7414466 ], [ -120.627623199999988, 34.7414395 ], [ -120.6276226, 34.741461 ], [ -120.6276176, 34.7414466 ] ], [ [ -120.627333199999981, 34.7407744 ], [ -120.6273268, 34.7407869 ], [ -120.6273103, 34.7407906 ], [ -120.627296, 34.7407875 ], [ -120.627287200000012, 34.7407676 ], [ -120.62725780000001, 34.7407572 ], [ -120.6272533, 34.7407474 ], [ -120.6273171, 34.7406863 ], [ -120.6273289, 34.7407104 ], [ -120.627333199999981, 34.7407744 ] ], [ [ -120.6271267, 34.7406268 ], [ -120.627103299999987, 34.740632 ], [ -120.627026599999979, 34.7406108 ], [ -120.6270263, 34.7405958 ], [ -120.6270581, 34.7405784 ], [ -120.627091299999989, 34.7405796 ], [ -120.6271152, 34.740588699999989 ], [ -120.627130799999989, 34.7406074 ], [ -120.6271267, 34.7406268 ] ], [ [ -120.6271894, 34.740583 ], [ -120.627195700000016, 34.7405929 ], [ -120.62718790000001, 34.740598 ], [ -120.6271671, 34.7405867 ], [ -120.6271894, 34.740583 ] ], [ [ -120.6266658, 34.739843199999989 ], [ -120.6266592, 34.7398386 ], [ -120.626664499999976, 34.7398305 ], [ -120.626675, 34.7398388 ], [ -120.6266658, 34.739843199999989 ] ], [ [ -120.627068099999988, 34.7397118 ], [ -120.627058699999978, 34.7397334 ], [ -120.6270335, 34.7397394 ], [ -120.627006, 34.739733 ], [ -120.626997100000011, 34.7397183 ], [ -120.6270407, 34.7396612 ], [ -120.627064699999977, 34.7396723 ], [ -120.627068099999988, 34.7397118 ] ], [ [ -120.6267952, 34.7396186 ], [ -120.6267726, 34.7396026 ], [ -120.626757699999985, 34.7395741 ], [ -120.6267655, 34.7395581 ], [ -120.626913, 34.7395185 ], [ -120.62695810000001, 34.7394953 ], [ -120.6269772, 34.739502099999989 ], [ -120.6269955, 34.7395233 ], [ -120.62700190000001, 34.7395476 ], [ -120.626992, 34.7395629 ], [ -120.6269193, 34.7395744 ], [ -120.6268647, 34.7396059 ], [ -120.6268212, 34.7396215 ], [ -120.6267952, 34.7396186 ] ], [ [ -120.626730599999988, 34.7395614 ], [ -120.6267205, 34.7395651 ], [ -120.6266934, 34.7395511 ], [ -120.6267173, 34.7395117 ], [ -120.6267384, 34.7395369 ], [ -120.626730599999988, 34.7395614 ] ], [ [ -120.62675, 34.7394675 ], [ -120.626763, 34.7394563 ], [ -120.626806699999975, 34.7394412 ], [ -120.626794699999977, 34.7395104 ], [ -120.6267832, 34.7395209 ], [ -120.626753, 34.7394865 ], [ -120.62675, 34.7394675 ] ], [ [ -120.6272415, 34.7396065 ], [ -120.627213399999988, 34.7396179 ], [ -120.6272392, 34.7395916 ], [ -120.6272415, 34.7396065 ] ], [ [ -120.6268531, 34.7393452 ], [ -120.6268535, 34.7393317 ], [ -120.62686690000001, 34.7393365 ], [ -120.6268531, 34.7393452 ] ], [ [ -120.6267857, 34.739327 ], [ -120.6267724, 34.739307 ], [ -120.6267892, 34.739291 ], [ -120.626804799999988, 34.7393023 ], [ -120.6267857, 34.739327 ] ], [ [ -120.626873499999988, 34.7393276 ], [ -120.6268768, 34.7392819 ], [ -120.6269003, 34.7393046 ], [ -120.626873499999988, 34.7393276 ] ], [ [ -120.626611, 34.7392627 ], [ -120.6265991, 34.7392568 ], [ -120.6265974, 34.7392445 ], [ -120.6266162, 34.7392303 ], [ -120.6266282, 34.739245 ], [ -120.626611, 34.7392627 ] ], [ [ -120.6265876, 34.7391751 ], [ -120.6265847, 34.7391698 ], [ -120.6265962, 34.7391651 ], [ -120.6266084, 34.7391708 ], [ -120.6265876, 34.7391751 ] ], [ [ -120.626616899999988, 34.739163 ], [ -120.6266111, 34.7391571 ], [ -120.6266185, 34.739148 ], [ -120.6266403, 34.7391538 ], [ -120.626616899999988, 34.739163 ] ], [ [ -120.6266676, 34.7390611 ], [ -120.6266567, 34.739045 ], [ -120.6266654, 34.7390349 ], [ -120.626677699999973, 34.7390487 ], [ -120.6266676, 34.7390611 ] ], [ [ -120.6267075, 34.7389809 ], [ -120.626684399999988, 34.7389951 ], [ -120.626672, 34.7389884 ], [ -120.6266672, 34.7389719 ], [ -120.6267348, 34.7389765 ], [ -120.6267075, 34.7389809 ] ], [ [ -120.6269222, 34.7389495 ], [ -120.6267956, 34.7389655 ], [ -120.6267644, 34.7389588 ], [ -120.6267731, 34.7389506 ], [ -120.6268873, 34.7389146 ], [ -120.626923299999987, 34.7389335 ], [ -120.6269222, 34.7389495 ] ], [ [ -120.626425500000011, 34.7389181 ], [ -120.6264199, 34.7389124 ], [ -120.6264289, 34.7389058 ], [ -120.6264617, 34.7389147 ], [ -120.626425500000011, 34.7389181 ] ], [ [ -120.627065, 34.7389092 ], [ -120.6270935, 34.7389269 ], [ -120.6270383, 34.7389302 ], [ -120.6270297, 34.738917 ], [ -120.6270405, 34.7389037 ], [ -120.627065, 34.7389092 ] ], [ [ -120.6267846, 34.7388876 ], [ -120.6268011, 34.7388743 ], [ -120.626832600000014, 34.7388832 ], [ -120.6268414, 34.7389062 ], [ -120.6268169, 34.7389109 ], [ -120.626794299999986, 34.7389049 ], [ -120.6267846, 34.7388876 ] ], [ [ -120.626474, 34.7388565 ], [ -120.6264729, 34.738874 ], [ -120.6264533, 34.7388789 ], [ -120.626474, 34.7388565 ] ], [ [ -120.6265572, 34.7388217 ], [ -120.62651, 34.7388347 ], [ -120.6264875, 34.7388118 ], [ -120.6265199, 34.7387772 ], [ -120.626549199999985, 34.7388026 ], [ -120.6265572, 34.7388217 ] ], [ [ -120.6266173, 34.7387739 ], [ -120.6266294, 34.738766 ], [ -120.6266317, 34.7387752 ], [ -120.6266173, 34.7387739 ] ], [ [ -120.626414499999981, 34.7386432 ], [ -120.6264362, 34.7386423 ], [ -120.6264364, 34.7386547 ], [ -120.626414499999981, 34.7386432 ] ], [ [ -120.626363, 34.738653 ], [ -120.6263439, 34.7386421 ], [ -120.6263395, 34.7386259 ], [ -120.6263498, 34.7386163 ], [ -120.626379899999989, 34.7386184 ], [ -120.6263844, 34.7386388 ], [ -120.6263774, 34.7386517 ], [ -120.626363, 34.738653 ] ], [ [ -120.6266329, 34.7386452 ], [ -120.6266592, 34.7386486 ], [ -120.626635900000011, 34.7386539 ], [ -120.626626, 34.7386484 ], [ -120.6266329, 34.7386452 ] ], [ [ -120.6266174, 34.7385345 ], [ -120.6265112, 34.7385258 ], [ -120.626490300000015, 34.738517099999989 ], [ -120.6264755, 34.7384917 ], [ -120.6264825, 34.7384653 ], [ -120.6265184, 34.7384559 ], [ -120.6265716, 34.7384636 ], [ -120.626598300000012, 34.7384594 ], [ -120.6266176, 34.7384414 ], [ -120.626617899999985, 34.7384075 ], [ -120.626683399999976, 34.7384117 ], [ -120.6267207, 34.7384268 ], [ -120.626748499999977, 34.7384586 ], [ -120.6267503, 34.7384817 ], [ -120.626742600000014, 34.7384951 ], [ -120.6266934, 34.7385209 ], [ -120.6266174, 34.7385345 ] ], [ [ -120.62617, 34.7384045 ], [ -120.6261812, 34.7384 ], [ -120.6261856, 34.738409 ], [ -120.6261733, 34.7384118 ], [ -120.62617, 34.7384045 ] ], [ [ -120.626269, 34.7383876 ], [ -120.626273, 34.7384056 ], [ -120.626261700000015, 34.7384099 ], [ -120.626255799999981, 34.7384042 ], [ -120.626269, 34.7383876 ] ], [ [ -120.6269029, 34.7384067 ], [ -120.626924499999987, 34.7384263 ], [ -120.6269222, 34.7384517 ], [ -120.6268889, 34.7384601 ], [ -120.6268331, 34.7384438 ], [ -120.626814, 34.7384217 ], [ -120.626814799999977, 34.7383953 ], [ -120.6269029, 34.7384067 ] ], [ [ -120.6268119, 34.7384972 ], [ -120.6268151, 34.7385076 ], [ -120.626795499999986, 34.7385063 ], [ -120.6268119, 34.7384972 ] ], [ [ -120.6262352, 34.7383761 ], [ -120.6262314, 34.7383688 ], [ -120.6262478, 34.7383636 ], [ -120.626255, 34.7383766 ], [ -120.6262352, 34.7383761 ] ], [ [ -120.6262379, 34.7382479 ], [ -120.626209599999981, 34.7382658 ], [ -120.6261925, 34.7382633 ], [ -120.6261958, 34.738252599999988 ], [ -120.626229699999982, 34.7382327 ], [ -120.62624, 34.7382403 ], [ -120.6262379, 34.7382479 ] ], [ [ -120.626030899999989, 34.7382458 ], [ -120.6260208, 34.7382354 ], [ -120.6260336, 34.7382157 ], [ -120.6260409, 34.738236 ], [ -120.626030899999989, 34.7382458 ] ], [ [ -120.626034300000015, 34.7379874 ], [ -120.62604060000001, 34.7379734 ], [ -120.6260514, 34.7379848 ], [ -120.6260437, 34.7379952 ], [ -120.626034300000015, 34.7379874 ] ], [ [ -120.6262591, 34.7379682 ], [ -120.6262681, 34.7379751 ], [ -120.6262624, 34.7379899 ], [ -120.62624049999998, 34.7379912 ], [ -120.6262453, 34.7379753 ], [ -120.6262591, 34.7379682 ] ], [ [ -120.626303299999989, 34.7379525 ], [ -120.626378, 34.7379446 ], [ -120.6263924, 34.7379585 ], [ -120.626373, 34.7379859 ], [ -120.6263525, 34.7379939 ], [ -120.6263041, 34.7379744 ], [ -120.626303299999989, 34.7379525 ] ], [ [ -120.62592, 34.7378954 ], [ -120.6259348, 34.7378515 ], [ -120.625942299999977, 34.7378664 ], [ -120.625933, 34.7379108 ], [ -120.62592, 34.7378954 ] ], [ [ -120.626240400000015, 34.7378466 ], [ -120.6262129, 34.7378167 ], [ -120.6262078, 34.7377884 ], [ -120.6262211, 34.7377694 ], [ -120.6263451, 34.7378033 ], [ -120.626414499999981, 34.7377953 ], [ -120.6264531, 34.7378014 ], [ -120.6264791, 34.7378181 ], [ -120.626481699999985, 34.7378405 ], [ -120.6264705, 34.7378548 ], [ -120.6264516, 34.7378621 ], [ -120.626326599999985, 34.7378687 ], [ -120.626280799999989, 34.7378646 ], [ -120.626240400000015, 34.7378466 ] ], [ [ -120.6255875, 34.737763 ], [ -120.6255885, 34.7377426 ], [ -120.625612799999985, 34.7377413 ], [ -120.6256065, 34.737762 ], [ -120.6255875, 34.737763 ] ], [ [ -120.626424199999974, 34.7377635 ], [ -120.6263954, 34.737763 ], [ -120.626396899999989, 34.7377502 ], [ -120.6264185, 34.737741 ], [ -120.626427, 34.7377514 ], [ -120.626424199999974, 34.7377635 ] ], [ [ -120.6249709, 34.7375892 ], [ -120.6249817, 34.7375771 ], [ -120.624986600000014, 34.7375893 ], [ -120.6249709, 34.7375892 ] ], [ [ -120.6248334, 34.7375078 ], [ -120.6248265, 34.7374993 ], [ -120.624831199999988, 34.7374936 ], [ -120.62485430000001, 34.7374853 ], [ -120.6248654, 34.7374951 ], [ -120.6248334, 34.7375078 ] ], [ [ -120.624827, 34.7374542 ], [ -120.6247988, 34.7374436 ], [ -120.624811400000013, 34.7374231 ], [ -120.6248253, 34.7374359 ], [ -120.624827, 34.7374542 ] ], [ [ -120.624677299999988, 34.737429299999988 ], [ -120.624669, 34.737412 ], [ -120.6247033, 34.737383 ], [ -120.6247111, 34.7374226 ], [ -120.6246982, 34.7374298 ], [ -120.624677299999988, 34.737429299999988 ] ], [ [ -120.623581399999978, 34.7374323 ], [ -120.6235686, 34.7374475 ], [ -120.6235502, 34.7374469 ], [ -120.6235382, 34.7374269 ], [ -120.6235454, 34.7373933 ], [ -120.623568100000014, 34.7373865 ], [ -120.623582399999989, 34.7373962 ], [ -120.623581399999978, 34.7374323 ] ], [ [ -120.623753099999988, 34.7374019 ], [ -120.6237638, 34.7373946 ], [ -120.623766100000012, 34.7374042 ], [ -120.623753099999988, 34.7374019 ] ], [ [ -120.6237179, 34.7373729 ], [ -120.623699699999989, 34.737346 ], [ -120.623728, 34.737344799999988 ], [ -120.623727699999989, 34.7373734 ], [ -120.6237179, 34.7373729 ] ], [ [ -120.6239914, 34.7373173 ], [ -120.6239961, 34.7373008 ], [ -120.624029799999988, 34.73726 ], [ -120.6240528, 34.7372709 ], [ -120.6240644, 34.7372968 ], [ -120.624063100000015, 34.7373364 ], [ -120.6240426, 34.737354 ], [ -120.624007, 34.7373419 ], [ -120.6239914, 34.7373173 ] ], [ [ -120.622165299999978, 34.7366334 ], [ -120.6221696, 34.7366251 ], [ -120.622168800000011, 34.736648 ], [ -120.622165299999978, 34.7366334 ] ], [ [ -120.6224134, 34.7364864 ], [ -120.622399699999988, 34.7365236 ], [ -120.6223764, 34.7365364 ], [ -120.6223443, 34.7365252 ], [ -120.6223265, 34.7364904 ], [ -120.6223386, 34.7364573 ], [ -120.6223717, 34.736432 ], [ -120.6224038, 34.7364624 ], [ -120.6224134, 34.7364864 ] ], [ [ -120.6222996, 34.7365232 ], [ -120.622303899999977, 34.7365127 ], [ -120.6223034, 34.736528 ], [ -120.6222996, 34.7365232 ] ], [ [ -120.621540899999985, 34.7364761 ], [ -120.6215413, 34.7364483 ], [ -120.6215619, 34.7364598 ], [ -120.621540899999985, 34.7364761 ] ], [ [ -120.6224567, 34.7364228 ], [ -120.6224348, 34.7364026 ], [ -120.6224606, 34.7363801 ], [ -120.622468, 34.7364014 ], [ -120.6224567, 34.7364228 ] ], [ [ -120.6202653, 34.735769499999989 ], [ -120.6202726, 34.7357526 ], [ -120.620289, 34.7357659 ], [ -120.62027350000001, 34.7357734 ], [ -120.6202653, 34.735769499999989 ] ], [ [ -120.6203165, 34.7357452 ], [ -120.6203212, 34.7357664 ], [ -120.620308900000012, 34.7357727 ], [ -120.6202988, 34.735765 ], [ -120.6203165, 34.7357452 ] ], [ [ -120.6205263, 34.7357577 ], [ -120.6205352, 34.7357368 ], [ -120.6205532, 34.7357422 ], [ -120.6205471, 34.7357673 ], [ -120.620533799999976, 34.7357669 ], [ -120.6205263, 34.7357577 ] ], [ [ -120.62088, 34.7356997 ], [ -120.6208707, 34.7357099 ], [ -120.620842599999989, 34.7357018 ], [ -120.6208431, 34.7356622 ], [ -120.620866, 34.7356605 ], [ -120.6208811, 34.7356677 ], [ -120.62088, 34.7356997 ] ], [ [ -120.617869, 34.7342401 ], [ -120.617850599999983, 34.7342787 ], [ -120.617839, 34.7342749 ], [ -120.6178066, 34.7342351 ], [ -120.6177719, 34.7342215 ], [ -120.617756199999974, 34.734206 ], [ -120.6177366, 34.7341605 ], [ -120.617721800000012, 34.7340725 ], [ -120.6178609, 34.7341946 ], [ -120.617869, 34.7342401 ] ], [ [ -120.6161118, 34.7322947 ], [ -120.616072, 34.7323326 ], [ -120.616053099999988, 34.7323331 ], [ -120.6160412, 34.7323206 ], [ -120.6160434, 34.7323009 ], [ -120.6160919, 34.7322699 ], [ -120.6161095, 34.7322766 ], [ -120.6161118, 34.7322947 ] ], [ [ -120.6154488, 34.7311952 ], [ -120.615443700000014, 34.7311711 ], [ -120.6154687, 34.7311567 ], [ -120.6154754, 34.7311835 ], [ -120.6154488, 34.7311952 ] ], [ [ -120.6153802, 34.731124 ], [ -120.6153825, 34.7311177 ], [ -120.6153826, 34.7311271 ], [ -120.6153802, 34.731124 ] ], [ [ -120.615409, 34.7310569 ], [ -120.615374799999984, 34.7310796 ], [ -120.615335799999983, 34.7310738 ], [ -120.6153161, 34.7310496 ], [ -120.6153187, 34.7310148 ], [ -120.6153424, 34.7309938 ], [ -120.6154217, 34.7310316 ], [ -120.615409, 34.7310569 ] ], [ [ -120.6154264, 34.730271 ], [ -120.6154099, 34.7302652 ], [ -120.6154072, 34.7302572 ], [ -120.6154378, 34.7302519 ], [ -120.6154705, 34.7302632 ], [ -120.6154264, 34.730271 ] ], [ [ -120.6150926, 34.7298599 ], [ -120.6150702, 34.7298849 ], [ -120.6150474, 34.7298812 ], [ -120.6150344, 34.7298687 ], [ -120.615048, 34.7298367 ], [ -120.6150807, 34.7298319 ], [ -120.6150947, 34.7298399 ], [ -120.6150926, 34.7298599 ] ], [ [ -120.6150386, 34.729771 ], [ -120.6150295, 34.7297897 ], [ -120.614994, 34.7298086 ], [ -120.6148772, 34.7298245 ], [ -120.6148301, 34.7298095 ], [ -120.6147956, 34.729777 ], [ -120.614795, 34.7297656 ], [ -120.6148037, 34.7297598 ], [ -120.6149419, 34.7297281 ], [ -120.6150273, 34.7297551 ], [ -120.6150386, 34.729771 ] ], [ [ -120.614851699999988, 34.729714 ], [ -120.614816, 34.7297107 ], [ -120.614747099999988, 34.7296694 ], [ -120.614798400000012, 34.7296742 ], [ -120.6148678, 34.7297083 ], [ -120.614851699999988, 34.729714 ] ], [ [ -120.6148344, 34.7296718 ], [ -120.61489659999998, 34.7296775 ], [ -120.614849400000011, 34.729686 ], [ -120.6148286, 34.7296802 ], [ -120.6148344, 34.7296718 ] ], [ [ -120.6147488, 34.7289645 ], [ -120.6147526, 34.728975 ], [ -120.614729700000012, 34.7290036 ], [ -120.61467540000001, 34.7290444 ], [ -120.614632899999975, 34.7290638 ], [ -120.614594900000014, 34.7290667 ], [ -120.6145304, 34.7290268 ], [ -120.614521400000015, 34.7290082 ], [ -120.614636499999975, 34.7289565 ], [ -120.614729, 34.7289574 ], [ -120.6147488, 34.7289645 ] ], [ [ -120.612566, 34.7251951 ], [ -120.6125445, 34.7252026 ], [ -120.612486, 34.7252028 ], [ -120.612466900000015, 34.7251847 ], [ -120.6124747, 34.7251538 ], [ -120.6125578, 34.7251833 ], [ -120.612566, 34.7251951 ] ], [ [ -120.61263550000001, 34.7250709 ], [ -120.6125693, 34.7250831 ], [ -120.6125247, 34.7250806 ], [ -120.6125372, 34.725064 ], [ -120.612587, 34.7250452 ], [ -120.6126254, 34.7250587 ], [ -120.61263550000001, 34.7250709 ] ], [ [ -120.6120854, 34.723309 ], [ -120.6120912, 34.7233038 ], [ -120.6120909, 34.723315299999989 ], [ -120.6120854, 34.723309 ] ], [ [ -120.612135799999976, 34.7230391 ], [ -120.612142800000015, 34.7230263 ], [ -120.6121417, 34.7230507 ], [ -120.612135799999976, 34.7230391 ] ], [ [ -120.611756499999984, 34.7227841 ], [ -120.611733199999975, 34.7227997 ], [ -120.6117181, 34.7227979 ], [ -120.6117166, 34.7227865 ], [ -120.6117351, 34.7227755 ], [ -120.6117793, 34.7227809 ], [ -120.611756499999984, 34.7227841 ] ], [ [ -120.611660700000016, 34.7227859 ], [ -120.611593200000016, 34.7227572 ], [ -120.611589699999982, 34.7227371 ], [ -120.6116058, 34.7227182 ], [ -120.6116925, 34.7227614 ], [ -120.6116932, 34.7227799 ], [ -120.611660700000016, 34.7227859 ] ], [ [ -120.6106232, 34.7226487 ], [ -120.6105994, 34.7226494 ], [ -120.6106045, 34.7226349 ], [ -120.6106258, 34.7226237 ], [ -120.6106488, 34.7226338 ], [ -120.6106232, 34.7226487 ] ], [ [ -120.6103324, 34.7221223 ], [ -120.6103249, 34.7221145 ], [ -120.6103351, 34.7221009 ], [ -120.6103412, 34.7221158 ], [ -120.6103324, 34.7221223 ] ], [ [ -120.610275800000011, 34.7221199 ], [ -120.6102692, 34.722117 ], [ -120.6102938, 34.7221188 ], [ -120.610275800000011, 34.7221199 ] ], [ [ -120.6093639, 34.7209464 ], [ -120.6093507, 34.7209538 ], [ -120.6093287, 34.7209464 ], [ -120.6093426, 34.7209272 ], [ -120.6093656, 34.7209291 ], [ -120.6093639, 34.7209464 ] ], [ [ -120.607938, 34.7162143 ], [ -120.6079289, 34.7162297 ], [ -120.607906500000013, 34.7162331 ], [ -120.607888500000016, 34.7162206 ], [ -120.607886099999988, 34.7162008 ], [ -120.6079018, 34.7161594 ], [ -120.6079307, 34.7161214 ], [ -120.607938300000015, 34.7161487 ], [ -120.607938, 34.7162143 ] ], [ [ -120.6076384, 34.7146778 ], [ -120.6076231, 34.7147465 ], [ -120.6076099, 34.714756 ], [ -120.6075995, 34.7147486 ], [ -120.6075971, 34.7147277 ], [ -120.60762339999998, 34.7146603 ], [ -120.6076352, 34.714664299999988 ], [ -120.6076384, 34.7146778 ] ], [ [ -120.6077743, 34.7146555 ], [ -120.607746600000013, 34.7146458 ], [ -120.6077555, 34.7146221 ], [ -120.607777399999989, 34.7146293 ], [ -120.6077743, 34.7146555 ] ], [ [ -120.607494399999979, 34.714366 ], [ -120.6074737, 34.714363 ], [ -120.6074511, 34.714349 ], [ -120.6074263, 34.7143039 ], [ -120.60743, 34.7142509 ], [ -120.6074619, 34.714204 ], [ -120.6075018, 34.7143533 ], [ -120.607494399999979, 34.714366 ] ], [ [ -120.606234500000014, 34.7135228 ], [ -120.6062593, 34.7135048 ], [ -120.6062373, 34.7135418 ], [ -120.606234500000014, 34.7135228 ] ], [ [ -120.606187, 34.7135353 ], [ -120.6061812, 34.7135277 ], [ -120.6061933, 34.7135201 ], [ -120.606201199999987, 34.7135295 ], [ -120.606187, 34.7135353 ] ], [ [ -120.6063202, 34.7131997 ], [ -120.606290399999978, 34.7132548 ], [ -120.606273, 34.7132716 ], [ -120.60625850000001, 34.7132742 ], [ -120.606239300000013, 34.7132496 ], [ -120.6062397, 34.7132015 ], [ -120.6063154, 34.7130763 ], [ -120.606324599999979, 34.7131603 ], [ -120.6063202, 34.7131997 ] ], [ [ -120.6062131, 34.7128355 ], [ -120.6062017, 34.7128257 ], [ -120.6062136, 34.7128152 ], [ -120.606225, 34.7128261 ], [ -120.6062131, 34.7128355 ] ], [ [ -120.6061508, 34.7127215 ], [ -120.606144500000013, 34.7127162 ], [ -120.6061511, 34.7127104 ], [ -120.606157700000011, 34.7127165 ], [ -120.6061508, 34.7127215 ] ], [ [ -120.6045028, 34.7123254 ], [ -120.6045031, 34.7123147 ], [ -120.604505799999984, 34.712322 ], [ -120.6045028, 34.7123254 ] ], [ [ -120.6031963, 34.7112026 ], [ -120.603203900000011, 34.7111828 ], [ -120.603206199999974, 34.7111979 ], [ -120.6031963, 34.7112026 ] ], [ [ -120.6027686, 34.7109249 ], [ -120.6027631, 34.7109169 ], [ -120.6027754, 34.710898899999989 ], [ -120.602778699999988, 34.7109193 ], [ -120.6027686, 34.7109249 ] ], [ [ -120.6028849, 34.7108866 ], [ -120.602885, 34.7108838 ], [ -120.602887, 34.7108851 ], [ -120.6028849, 34.7108866 ] ], [ [ -120.6028394, 34.7108519 ], [ -120.60284249999998, 34.7108444 ], [ -120.6028447, 34.7108491 ], [ -120.6028394, 34.7108519 ] ], [ [ -120.6027638, 34.7106311 ], [ -120.6027475, 34.7106395 ], [ -120.6027369, 34.7106328 ], [ -120.6027402, 34.7106054 ], [ -120.6027612, 34.7106003 ], [ -120.6027685, 34.7106088 ], [ -120.6027638, 34.7106311 ] ], [ [ -120.6028503, 34.7105219 ], [ -120.6028521, 34.7105107 ], [ -120.6028524, 34.7105246 ], [ -120.6028503, 34.7105219 ] ], [ [ -120.602313400000014, 34.7102078 ], [ -120.6023113, 34.7102223 ], [ -120.602295599999977, 34.7102392 ], [ -120.6022584, 34.710256 ], [ -120.6022129, 34.7103112 ], [ -120.602176199999974, 34.7103201 ], [ -120.6021634, 34.7102967 ], [ -120.602173099999987, 34.7102612 ], [ -120.6022012, 34.7102218 ], [ -120.6022503, 34.7101812 ], [ -120.6023, 34.7101906 ], [ -120.602313400000014, 34.7102078 ] ], [ [ -120.6225124, 34.6422403 ], [ -120.6224973, 34.6422301 ], [ -120.6225008, 34.6422212 ], [ -120.6225131, 34.642218 ], [ -120.6225301, 34.6422321 ], [ -120.6225124, 34.6422403 ] ], [ [ -120.622604400000014, 34.6418306 ], [ -120.6225826, 34.6418299 ], [ -120.6225718, 34.641818199999989 ], [ -120.6225725, 34.6417907 ], [ -120.6225908, 34.6417866 ], [ -120.6226204, 34.6418151 ], [ -120.622604400000014, 34.6418306 ] ], [ [ -120.6230327, 34.641262 ], [ -120.623016, 34.6412525 ], [ -120.6230254, 34.6412402 ], [ -120.6230648, 34.6412314 ], [ -120.623048, 34.6412614 ], [ -120.6230327, 34.641262 ] ], [ [ -120.6232578, 34.6405947 ], [ -120.6232395, 34.6405912 ], [ -120.6232365, 34.6405678 ], [ -120.6232655, 34.6405647 ], [ -120.623272300000011, 34.6405887 ], [ -120.6232578, 34.6405947 ] ], [ [ -120.623221399999977, 34.6403317 ], [ -120.623262700000012, 34.6404343 ], [ -120.6232551, 34.6404557 ], [ -120.623228599999976, 34.6404493 ], [ -120.6232076, 34.6404125 ], [ -120.6231731, 34.6403783 ], [ -120.6231614, 34.6403234 ], [ -120.6231351, 34.6402771 ], [ -120.6231365, 34.6402507 ], [ -120.6231855, 34.6402767 ], [ -120.623221399999977, 34.6403317 ] ], [ [ -120.6235377, 34.6398834 ], [ -120.623531199999988, 34.6399027 ], [ -120.623517299999989, 34.6399107 ], [ -120.62349, 34.6398911 ], [ -120.623481399999989, 34.6398661 ], [ -120.623489800000016, 34.6398453 ], [ -120.623519500000015, 34.6398248 ], [ -120.6235337, 34.6398475 ], [ -120.6235377, 34.6398834 ] ], [ [ -120.631247699999989, 34.6242888 ], [ -120.6312351, 34.624281 ], [ -120.6312482, 34.6242746 ], [ -120.6312554, 34.6242825 ], [ -120.631247699999989, 34.6242888 ] ], [ [ -120.6322036, 34.6242649 ], [ -120.632200499999982, 34.624259 ], [ -120.6322084, 34.6242568 ], [ -120.6322212, 34.624264 ], [ -120.6322036, 34.6242649 ] ], [ [ -120.6321472, 34.6242473 ], [ -120.632122, 34.6242248 ], [ -120.632147300000014, 34.6242238 ], [ -120.6321917, 34.6242489 ], [ -120.6321472, 34.6242473 ] ], [ [ -120.6319747, 34.6241871 ], [ -120.631992299999979, 34.6241839 ], [ -120.6319927, 34.6241916 ], [ -120.6319747, 34.6241871 ] ], [ [ -120.631792199999978, 34.6241001 ], [ -120.6318129, 34.6241226 ], [ -120.631807799999976, 34.6241438 ], [ -120.631782899999976, 34.6241533 ], [ -120.6317348, 34.6241413 ], [ -120.6317199, 34.6241252 ], [ -120.631711599999988, 34.6240838 ], [ -120.6317573, 34.6240851 ], [ -120.631792199999978, 34.6241001 ] ], [ [ -120.6370523, 34.610041699999989 ], [ -120.6370612, 34.6100376 ], [ -120.637059900000011, 34.6100489 ], [ -120.6370523, 34.610041699999989 ] ], [ [ -120.638919899999976, 34.6072407 ], [ -120.638893700000011, 34.6072817 ], [ -120.6388649, 34.6072998 ], [ -120.638843099999974, 34.6072966 ], [ -120.63883, 34.6072784 ], [ -120.638827099999986, 34.607245 ], [ -120.6388418, 34.6072246 ], [ -120.6389097, 34.607233 ], [ -120.638919899999976, 34.6072407 ] ], [ [ -120.6396841, 34.6069968 ], [ -120.6396546, 34.6070469 ], [ -120.639617099999981, 34.6070649 ], [ -120.6395953, 34.6070566 ], [ -120.6395823, 34.607034 ], [ -120.639588899999978, 34.6070133 ], [ -120.6396118, 34.6069886 ], [ -120.6396628, 34.6069813 ], [ -120.6396787, 34.6069863 ], [ -120.6396841, 34.6069968 ] ], [ [ -120.6392191, 34.6070527 ], [ -120.639193, 34.6070559 ], [ -120.6392181, 34.6070292 ], [ -120.6392243, 34.6070407 ], [ -120.6392191, 34.6070527 ] ], [ [ -120.6394561, 34.6070164 ], [ -120.6394413, 34.6070275 ], [ -120.6394271, 34.6070185 ], [ -120.6394283, 34.6069734 ], [ -120.6394117, 34.6069433 ], [ -120.639417200000011, 34.6069301 ], [ -120.6394328, 34.6069434 ], [ -120.6394577, 34.6069992 ], [ -120.6394561, 34.6070164 ] ], [ [ -120.6392861, 34.6069292 ], [ -120.6392777, 34.6069137 ], [ -120.6392875, 34.6068902 ], [ -120.6392926, 34.6069157 ], [ -120.6392861, 34.6069292 ] ], [ [ -120.6394565, 34.606903 ], [ -120.6394532, 34.6068799 ], [ -120.6394629, 34.6068541 ], [ -120.639491799999988, 34.6068577 ], [ -120.6395151, 34.6068772 ], [ -120.6395274, 34.6069145 ], [ -120.6395103, 34.6069372 ], [ -120.639483500000011, 34.6069335 ], [ -120.6394565, 34.606903 ] ], [ [ -120.6399676, 34.6059754 ], [ -120.6399616, 34.605969 ], [ -120.639967899999974, 34.6059629 ], [ -120.6399745, 34.6059692 ], [ -120.6399676, 34.6059754 ] ], [ [ -120.6408112, 34.6058283 ], [ -120.6408019, 34.605848699999989 ], [ -120.6407743, 34.605856 ], [ -120.640703699999989, 34.605835 ], [ -120.6406905, 34.6058069 ], [ -120.640699, 34.6057896 ], [ -120.640714500000016, 34.6057806 ], [ -120.640798800000013, 34.6058094 ], [ -120.6408112, 34.6058283 ] ], [ [ -120.6410054, 34.6057764 ], [ -120.6410203, 34.6057616 ], [ -120.6410273, 34.6057782 ], [ -120.6410172, 34.6057936 ], [ -120.6410076, 34.6057891 ], [ -120.6410054, 34.6057764 ] ], [ [ -120.6419984, 34.6048035 ], [ -120.641985100000014, 34.6048112 ], [ -120.6419679, 34.6047989 ], [ -120.6419584, 34.6047778 ], [ -120.6419865, 34.6047537 ], [ -120.642008499999989, 34.604783 ], [ -120.6419984, 34.6048035 ] ], [ [ -120.6431981, 34.6038502 ], [ -120.6431851, 34.6038662 ], [ -120.643150299999988, 34.6038684 ], [ -120.6431263, 34.6038518 ], [ -120.643117100000012, 34.6038239 ], [ -120.6431262, 34.6037787 ], [ -120.6431934, 34.6038305 ], [ -120.6431981, 34.6038502 ] ], [ [ -120.6455305, 34.6031286 ], [ -120.645481499999988, 34.603128 ], [ -120.6453671, 34.6030862 ], [ -120.645225900000014, 34.6029769 ], [ -120.645218, 34.6029587 ], [ -120.645222499999974, 34.6029403 ], [ -120.6452717, 34.6028989 ], [ -120.6453807, 34.6028586 ], [ -120.645468400000013, 34.6028653 ], [ -120.6454975, 34.60286 ], [ -120.6455353, 34.6028416 ], [ -120.6456186, 34.6027785 ], [ -120.6457142, 34.6027793 ], [ -120.645806, 34.6028052 ], [ -120.645836599999981, 34.6028241 ], [ -120.6458496, 34.6028605 ], [ -120.6458351, 34.602888 ], [ -120.6458055, 34.6029096 ], [ -120.6457815, 34.6029072 ], [ -120.6457531, 34.6028816 ], [ -120.6457331, 34.6028913 ], [ -120.64566259999998, 34.6029823 ], [ -120.6456061, 34.6030812 ], [ -120.6455652, 34.6031171 ], [ -120.6455305, 34.6031286 ] ], [ [ -120.642523900000015, 34.6029932 ], [ -120.6425138, 34.6030055 ], [ -120.6424896, 34.6029941 ], [ -120.642468199999982, 34.6029665 ], [ -120.6424642, 34.6029395 ], [ -120.6424745, 34.6029188 ], [ -120.6425231, 34.602971 ], [ -120.642523900000015, 34.6029932 ] ], [ [ -120.642405, 34.602943 ], [ -120.6423984, 34.6029328 ], [ -120.642409, 34.6029219 ], [ -120.642442, 34.6029345 ], [ -120.642405, 34.602943 ] ], [ [ -120.6473624, 34.6027999 ], [ -120.6473907, 34.6028164 ], [ -120.647403399999973, 34.6028451 ], [ -120.6473963, 34.6028565 ], [ -120.647371100000015, 34.6028653 ], [ -120.6473581, 34.6028625 ], [ -120.6473468, 34.6028463 ], [ -120.6473515, 34.6028133 ], [ -120.6473624, 34.6027999 ] ], [ [ -120.6464185, 34.6029233 ], [ -120.646398799999986, 34.6029905 ], [ -120.6463782, 34.6030206 ], [ -120.6463274, 34.603062799999989 ], [ -120.6462967, 34.603077299999988 ], [ -120.6462546, 34.6030818 ], [ -120.646246300000016, 34.6030667 ], [ -120.646260199999986, 34.603039599999988 ], [ -120.6463179, 34.6030061 ], [ -120.6463488, 34.6029696 ], [ -120.646368400000014, 34.6028509 ], [ -120.6463805, 34.6028236 ], [ -120.6463913, 34.6028314 ], [ -120.6464185, 34.6029233 ] ], [ [ -120.646987, 34.6029686 ], [ -120.6469964, 34.6029858 ], [ -120.6469857, 34.6030038 ], [ -120.646973399999979, 34.6029855 ], [ -120.646987, 34.6029686 ] ], [ [ -120.6461558, 34.6030778 ], [ -120.6461339, 34.6030764 ], [ -120.6461292, 34.6030582 ], [ -120.6461787, 34.6030199 ], [ -120.6461818, 34.6030617 ], [ -120.6461558, 34.6030778 ] ], [ [ -120.646216399999986, 34.603012 ], [ -120.646201499999975, 34.6029858 ], [ -120.6462468, 34.602975799999989 ], [ -120.646252099999984, 34.6030106 ], [ -120.646216399999986, 34.603012 ] ], [ [ -120.646255399999987, 34.6028481 ], [ -120.64624, 34.6028483 ], [ -120.6462278, 34.6028253 ], [ -120.646259300000011, 34.6028274 ], [ -120.646255399999987, 34.6028481 ] ], [ [ -120.6459807, 34.6025588 ], [ -120.6459872, 34.6025724 ], [ -120.6459401, 34.602640699999988 ], [ -120.6459567, 34.6026882 ], [ -120.6459487, 34.6027307 ], [ -120.6459287, 34.6027587 ], [ -120.6459006, 34.6027691 ], [ -120.6458821, 34.6027649 ], [ -120.6458634, 34.6027481 ], [ -120.645835, 34.6027055 ], [ -120.6458286, 34.6026747 ], [ -120.645848199999989, 34.6026225 ], [ -120.6459086, 34.6025462 ], [ -120.6459603, 34.6025484 ], [ -120.6459807, 34.6025588 ] ], [ [ -120.642602, 34.6009898 ], [ -120.642576799999986, 34.6009863 ], [ -120.6425604, 34.6009709 ], [ -120.6425628, 34.6009399 ], [ -120.642574699999983, 34.6009192 ], [ -120.6426181, 34.6009418 ], [ -120.6426323, 34.6009606 ], [ -120.642631399999985, 34.600974 ], [ -120.642602, 34.6009898 ] ], [ [ -120.642852799999986, 34.6009532 ], [ -120.64288040000001, 34.6009039 ], [ -120.642940700000011, 34.6009081 ], [ -120.6429592, 34.6009226 ], [ -120.6429571, 34.6009351 ], [ -120.642903499999989, 34.6009671 ], [ -120.642860399999975, 34.6009656 ], [ -120.642852799999986, 34.6009532 ] ], [ [ -120.642504699999989, 34.6008953 ], [ -120.6424807, 34.6008661 ], [ -120.6424724, 34.6008366 ], [ -120.642475499999975, 34.6008039 ], [ -120.642489499999982, 34.600773 ], [ -120.6425365, 34.6007284 ], [ -120.6426283, 34.6007649 ], [ -120.6426522, 34.6007841 ], [ -120.6426583, 34.6007999 ], [ -120.642651899999976, 34.6008289 ], [ -120.64263, 34.6008639 ], [ -120.6425681, 34.6009024 ], [ -120.6425468, 34.6009076 ], [ -120.642504699999989, 34.6008953 ] ], [ [ -120.642670700000011, 34.6008806 ], [ -120.6426863, 34.6008281 ], [ -120.6427141, 34.6008334 ], [ -120.6427279, 34.6008488 ], [ -120.6427277, 34.6008862 ], [ -120.6427093, 34.6009058 ], [ -120.6426849, 34.6008973 ], [ -120.642670700000011, 34.6008806 ] ], [ [ -120.641154899999989, 34.6003564 ], [ -120.641139900000013, 34.6003483 ], [ -120.641152, 34.6003362 ], [ -120.6411706, 34.6003475 ], [ -120.641154899999989, 34.6003564 ] ], [ [ -120.6410076, 34.6000791 ], [ -120.640989300000015, 34.6000749 ], [ -120.6410069, 34.6000703 ], [ -120.6410129, 34.6000751 ], [ -120.6410076, 34.6000791 ] ], [ [ -120.6410651, 34.6000608 ], [ -120.6410514, 34.6000381 ], [ -120.6410742, 34.600029 ], [ -120.6410777, 34.6000625 ], [ -120.6410651, 34.6000608 ] ], [ [ -120.6407532, 34.5997907 ], [ -120.6407459, 34.5997844 ], [ -120.640753499999988, 34.5997778 ], [ -120.640764, 34.599783 ], [ -120.6407532, 34.5997907 ] ], [ [ -120.640310899999989, 34.5992373 ], [ -120.6403043, 34.5992314 ], [ -120.6403113, 34.5992229 ], [ -120.6403211, 34.5992324 ], [ -120.640310899999989, 34.5992373 ] ], [ [ -120.640514599999989, 34.5984261 ], [ -120.6404773, 34.5984353 ], [ -120.6404403, 34.5984313 ], [ -120.640435200000013, 34.5984227 ], [ -120.640449499999988, 34.5984064 ], [ -120.6404876, 34.5983857 ], [ -120.6405166, 34.5984083 ], [ -120.640514599999989, 34.5984261 ] ], [ [ -120.6409239, 34.5981269 ], [ -120.6409349, 34.5981562 ], [ -120.6409327, 34.5981926 ], [ -120.6409204, 34.5982179 ], [ -120.6408938, 34.5982438 ], [ -120.640854300000015, 34.5982611 ], [ -120.6408243, 34.5982624 ], [ -120.6407875, 34.5982439 ], [ -120.6407806, 34.5982032 ], [ -120.64083549999998, 34.5981136 ], [ -120.6408668, 34.5980859 ], [ -120.640899, 34.5981 ], [ -120.6409239, 34.5981269 ] ], [ [ -120.6404262, 34.5979897 ], [ -120.6404336, 34.5979821 ], [ -120.6404333, 34.5979933 ], [ -120.6404262, 34.5979897 ] ], [ [ -120.640392699999978, 34.59798 ], [ -120.640379700000011, 34.5979725 ], [ -120.640390599999975, 34.597963 ], [ -120.640403, 34.5979721 ], [ -120.640392699999978, 34.59798 ] ], [ [ -120.640489699999989, 34.5977003 ], [ -120.6404675, 34.5977063 ], [ -120.6404468, 34.5977005 ], [ -120.640443699999977, 34.5976831 ], [ -120.640486200000012, 34.5976648 ], [ -120.6405043, 34.5976769 ], [ -120.640489699999989, 34.5977003 ] ], [ [ -120.6402064, 34.5974363 ], [ -120.6401952, 34.5974293 ], [ -120.6401935, 34.5974171 ], [ -120.6402105, 34.5973919 ], [ -120.6402356, 34.5974099 ], [ -120.6402064, 34.5974363 ] ], [ [ -120.6454467, 34.588895 ], [ -120.6454398, 34.5888885 ], [ -120.6454442, 34.5888727 ], [ -120.6454695, 34.588866 ], [ -120.6454877, 34.5888743 ], [ -120.6454467, 34.588895 ] ], [ [ -120.645408, 34.5888313 ], [ -120.6454024, 34.5888456 ], [ -120.645386499999987, 34.5888443 ], [ -120.645371399999988, 34.5888324 ], [ -120.645338, 34.5887813 ], [ -120.645338299999977, 34.5887638 ], [ -120.64539760000001, 34.588812 ], [ -120.645408, 34.5888313 ] ], [ [ -120.646144799999973, 34.5887715 ], [ -120.646160899999984, 34.5887854 ], [ -120.646157699999975, 34.5887983 ], [ -120.646145800000014, 34.5888042 ], [ -120.6461342, 34.588794 ], [ -120.646144799999973, 34.5887715 ] ], [ [ -120.64631510000001, 34.5887295 ], [ -120.6462531, 34.588678699999988 ], [ -120.6462376, 34.5886531 ], [ -120.6462372, 34.5886206 ], [ -120.646255599999989, 34.5885852 ], [ -120.6462814, 34.588564 ], [ -120.6464386, 34.588715 ], [ -120.6464601, 34.5887457 ], [ -120.6464557, 34.5887592 ], [ -120.6464082, 34.5887648 ], [ -120.646368599999974, 34.5887573 ], [ -120.64631510000001, 34.5887295 ] ], [ [ -120.6460291, 34.5886287 ], [ -120.6460121, 34.588641 ], [ -120.645955, 34.5886558 ], [ -120.6459513, 34.5886468 ], [ -120.6459639, 34.5886146 ], [ -120.645997600000015, 34.5885797 ], [ -120.6460241, 34.5885999 ], [ -120.6460291, 34.5886287 ] ], [ [ -120.6458492, 34.5885998 ], [ -120.6458334, 34.5885987 ], [ -120.6458193, 34.5885854 ], [ -120.645823900000011, 34.5885539 ], [ -120.6458529, 34.5885583 ], [ -120.645858100000012, 34.5885864 ], [ -120.6458492, 34.5885998 ] ], [ [ -120.64588759999998, 34.5885404 ], [ -120.64589, 34.5885282 ], [ -120.6459321, 34.5885554 ], [ -120.645930400000012, 34.5885707 ], [ -120.6459059, 34.5885669 ], [ -120.64588759999998, 34.5885404 ] ], [ [ -120.6460479, 34.5885304 ], [ -120.646053199999983, 34.5885057 ], [ -120.646091, 34.5884551 ], [ -120.6461772, 34.588394099999988 ], [ -120.6462042, 34.5884259 ], [ -120.6462293, 34.5884793 ], [ -120.6462354, 34.5885275 ], [ -120.6462114, 34.5885552 ], [ -120.646160899999984, 34.5885826 ], [ -120.6461251, 34.5885923 ], [ -120.646091500000011, 34.5885879 ], [ -120.6460539, 34.5885567 ], [ -120.6460479, 34.5885304 ] ], [ [ -120.643807400000014, 34.588468 ], [ -120.6437989, 34.5884437 ], [ -120.643822700000015, 34.588389 ], [ -120.6438757, 34.5884007 ], [ -120.6439078, 34.5884235 ], [ -120.6439204, 34.5884478 ], [ -120.643894799999984, 34.5884725 ], [ -120.6438506, 34.5884855 ], [ -120.643807400000014, 34.588468 ] ], [ [ -120.6434124, 34.5884417 ], [ -120.643402400000014, 34.5884366 ], [ -120.6434077, 34.5884183 ], [ -120.6434206, 34.5884359 ], [ -120.6434124, 34.5884417 ] ], [ [ -120.6432694, 34.588412399999989 ], [ -120.6432775, 34.5883934 ], [ -120.643288700000014, 34.5884083 ], [ -120.643278200000012, 34.5884221 ], [ -120.6432694, 34.588412399999989 ] ], [ [ -120.6459234, 34.5884141 ], [ -120.6459484, 34.5883555 ], [ -120.646028800000011, 34.5882457 ], [ -120.6460681, 34.5882569 ], [ -120.646095799999983, 34.588285299999988 ], [ -120.646082, 34.5883991 ], [ -120.6460487, 34.5884603 ], [ -120.6460171, 34.5884772 ], [ -120.645984499999983, 34.5884786 ], [ -120.6459378, 34.5884539 ], [ -120.6459234, 34.5884141 ] ], [ [ -120.6437582, 34.5883565 ], [ -120.6437509, 34.5883415 ], [ -120.643759, 34.5883308 ], [ -120.6437713, 34.5883381 ], [ -120.6437582, 34.5883565 ] ], [ [ -120.644401, 34.5882931 ], [ -120.64438650000001, 34.5882974 ], [ -120.6443635, 34.5882835 ], [ -120.6443597, 34.5882527 ], [ -120.644368500000013, 34.5882344 ], [ -120.644394299999988, 34.5882202 ], [ -120.64441, 34.5882749 ], [ -120.644401, 34.5882931 ] ], [ [ -120.6453972, 34.5882203 ], [ -120.645405399999987, 34.5882393 ], [ -120.645395099999988, 34.588245199999989 ], [ -120.6453866, 34.5882393 ], [ -120.6453972, 34.5882203 ] ], [ [ -120.6463527, 34.5883572 ], [ -120.646386799999988, 34.588389 ], [ -120.6463986, 34.5884262 ], [ -120.646386, 34.588425 ], [ -120.6463524, 34.5884018 ], [ -120.646347100000014, 34.588379 ], [ -120.6463527, 34.5883572 ] ], [ [ -120.6465109, 34.5886227 ], [ -120.6465421, 34.5885971 ], [ -120.646575399999989, 34.5886334 ], [ -120.646575, 34.5886455 ], [ -120.6465618, 34.588653 ], [ -120.6465231, 34.588653 ], [ -120.646505299999987, 34.5886413 ], [ -120.6465109, 34.5886227 ] ], [ [ -120.6460363, 34.5877129 ], [ -120.6460217, 34.5877196 ], [ -120.646009, 34.5877139 ], [ -120.6460044, 34.5876984 ], [ -120.646023700000015, 34.5876528 ], [ -120.6460456, 34.5876937 ], [ -120.6460363, 34.5877129 ] ], [ [ -120.6458431, 34.5873891 ], [ -120.645815299999981, 34.5874093 ], [ -120.645789099999988, 34.5874065 ], [ -120.6457815, 34.587396 ], [ -120.6457862, 34.5873804 ], [ -120.6458361, 34.5873483 ], [ -120.645847300000014, 34.587373 ], [ -120.6458431, 34.5873891 ] ], [ [ -120.6454912, 34.5866699 ], [ -120.6455449, 34.5867306 ], [ -120.6454818, 34.5867135 ], [ -120.6454415, 34.5866538 ], [ -120.645465, 34.5866554 ], [ -120.6454912, 34.5866699 ] ], [ [ -120.6451757, 34.5866549 ], [ -120.6451616, 34.5866438 ], [ -120.6451587, 34.586629 ], [ -120.6451815, 34.586618 ], [ -120.6451935, 34.58662 ], [ -120.6452061, 34.5866321 ], [ -120.6452094, 34.5866525 ], [ -120.6451955, 34.5866588 ], [ -120.6451757, 34.5866549 ] ], [ [ -120.6455446, 34.586617 ], [ -120.645552400000014, 34.5865843 ], [ -120.6455805, 34.5865848 ], [ -120.6456264, 34.5866038 ], [ -120.645631, 34.5866154 ], [ -120.64561879999998, 34.5866348 ], [ -120.6455954, 34.5866419 ], [ -120.645551200000014, 34.5866315 ], [ -120.6455446, 34.586617 ] ], [ [ -120.6453424, 34.5866012 ], [ -120.645300099999986, 34.5866044 ], [ -120.645270599999989, 34.5865981 ], [ -120.6452475, 34.5865801 ], [ -120.645237099999989, 34.5865205 ], [ -120.645256699999976, 34.586467 ], [ -120.6453179, 34.5863974 ], [ -120.6453672, 34.5864202 ], [ -120.645398599999979, 34.5864441 ], [ -120.645415199999988, 34.5864727 ], [ -120.645417599999988, 34.5865091 ], [ -120.645407799999987, 34.5865453 ], [ -120.645378099999988, 34.5865871 ], [ -120.6453424, 34.5866012 ] ], [ [ -120.645682699999981, 34.5866011 ], [ -120.6456812, 34.5866104 ], [ -120.6456607, 34.5866131 ], [ -120.6456467, 34.5866071 ], [ -120.64566139999998, 34.586584 ], [ -120.645682699999981, 34.5866011 ] ], [ [ -120.645064499999989, 34.5853071 ], [ -120.6450488, 34.5853072 ], [ -120.645029099999988, 34.5852972 ], [ -120.6450439, 34.5852899 ], [ -120.6450812, 34.5852967 ], [ -120.645064499999989, 34.5853071 ] ], [ [ -120.6451539, 34.5851241 ], [ -120.645158, 34.5851095 ], [ -120.645178199999989, 34.5851186 ], [ -120.6451539, 34.5851241 ] ], [ [ -120.645566, 34.5846316 ], [ -120.645514600000013, 34.5846847 ], [ -120.6455025, 34.5846888 ], [ -120.645494199999987, 34.5846773 ], [ -120.645496799999989, 34.5846561 ], [ -120.645521, 34.5846318 ], [ -120.6455434, 34.5845877 ], [ -120.6455639, 34.5846081 ], [ -120.645566, 34.5846316 ] ], [ [ -120.645697, 34.5840601 ], [ -120.6457022, 34.5840868 ], [ -120.6456837, 34.5841066 ], [ -120.6456492, 34.5841112 ], [ -120.6456192, 34.584102 ], [ -120.6455511, 34.584034 ], [ -120.6455434, 34.583997 ], [ -120.6455748, 34.5839749 ], [ -120.6455831, 34.5839535 ], [ -120.64561, 34.5839687 ], [ -120.645697, 34.5840601 ] ], [ [ -120.6457912, 34.5838665 ], [ -120.6457608, 34.583873 ], [ -120.6457322, 34.5838681 ], [ -120.645713, 34.5838478 ], [ -120.6457175, 34.5838252 ], [ -120.6457673, 34.5838353 ], [ -120.6457912, 34.5838665 ] ], [ [ -120.6456345, 34.5837086 ], [ -120.6456267, 34.5837024 ], [ -120.645634, 34.5836952 ], [ -120.64564129999998, 34.5837028 ], [ -120.6456345, 34.5837086 ] ], [ [ -120.6453144, 34.5836489 ], [ -120.6453018, 34.5836457 ], [ -120.6452973, 34.5836336 ], [ -120.6453092, 34.5836139 ], [ -120.6453297, 34.5836385 ], [ -120.6453144, 34.5836489 ] ], [ [ -120.6454463, 34.583374 ], [ -120.645446799999988, 34.5833733 ], [ -120.645446799999988, 34.5833746 ], [ -120.6454463, 34.583374 ] ], [ [ -120.6453957, 34.5832858 ], [ -120.6454059, 34.5832782 ], [ -120.6454053, 34.5833043 ], [ -120.6453957, 34.5832858 ] ], [ [ -120.645312100000012, 34.582887 ], [ -120.6452653, 34.5829305 ], [ -120.6452607, 34.5828898 ], [ -120.6452868, 34.5828645 ], [ -120.645308199999988, 34.5828724 ], [ -120.645312100000012, 34.582887 ] ], [ [ -120.645416599999976, 34.5825809 ], [ -120.6453629, 34.5825889 ], [ -120.645360799999978, 34.5825786 ], [ -120.6453826, 34.5825601 ], [ -120.645422, 34.5825573 ], [ -120.6454463, 34.5825641 ], [ -120.645416599999976, 34.5825809 ] ], [ [ -120.6458086, 34.5816783 ], [ -120.645795299999989, 34.5817324 ], [ -120.6457663, 34.5817639 ], [ -120.6457152, 34.5817725 ], [ -120.6456993, 34.5817504 ], [ -120.6456957, 34.5817184 ], [ -120.645779, 34.5816434 ], [ -120.6457979, 34.5816558 ], [ -120.6458086, 34.5816783 ] ], [ [ -120.646123, 34.5795717 ], [ -120.6460979, 34.5795342 ], [ -120.646101, 34.5795034 ], [ -120.646126699999982, 34.5795508 ], [ -120.646123, 34.5795717 ] ], [ [ -120.6458384, 34.5794157 ], [ -120.645828, 34.5794048 ], [ -120.645843, 34.5793758 ], [ -120.6458565, 34.5794164 ], [ -120.6458384, 34.5794157 ] ], [ [ -120.6458097, 34.5793922 ], [ -120.645804700000014, 34.5794013 ], [ -120.6457791, 34.5793968 ], [ -120.6457482, 34.579359 ], [ -120.6457344, 34.5793277 ], [ -120.645736199999988, 34.5792974 ], [ -120.645760699999983, 34.5793182 ], [ -120.645803199999989, 34.5793774 ], [ -120.6458097, 34.5793922 ] ], [ [ -120.6457032, 34.579224 ], [ -120.6457058, 34.5792422 ], [ -120.645693400000013, 34.5792521 ], [ -120.6456735, 34.579244 ], [ -120.6455848, 34.5791299 ], [ -120.6455795, 34.5790741 ], [ -120.645591700000011, 34.5790121 ], [ -120.6456522, 34.5791415 ], [ -120.6457032, 34.579224 ] ], [ [ -120.6458705, 34.5790389 ], [ -120.645846, 34.5790229 ], [ -120.645834099999988, 34.5790015 ], [ -120.64584379999998, 34.5789779 ], [ -120.645906700000012, 34.578933 ], [ -120.645922, 34.5789107 ], [ -120.645996, 34.5789445 ], [ -120.6460218, 34.5789873 ], [ -120.646003399999984, 34.5790307 ], [ -120.645980200000011, 34.579049 ], [ -120.6459506, 34.5790583 ], [ -120.645915100000011, 34.579056 ], [ -120.6458705, 34.5790389 ] ], [ [ -120.6457596, 34.57898 ], [ -120.645731500000011, 34.579004 ], [ -120.6457047, 34.579005 ], [ -120.6456896, 34.5789913 ], [ -120.645671799999988, 34.5789498 ], [ -120.645681700000011, 34.5789127 ], [ -120.6457623, 34.5789476 ], [ -120.6457596, 34.57898 ] ], [ [ -120.6456209, 34.5789304 ], [ -120.6456016, 34.5789669 ], [ -120.645568099999977, 34.5789801 ], [ -120.6455534, 34.5789645 ], [ -120.6455544, 34.5789402 ], [ -120.6455946, 34.5789093 ], [ -120.6456162, 34.5789171 ], [ -120.6456209, 34.5789304 ] ], [ [ -120.6456756, 34.5788992 ], [ -120.6456606, 34.5788863 ], [ -120.6456831, 34.5788782 ], [ -120.6456945, 34.5788907 ], [ -120.6456756, 34.5788992 ] ], [ [ -120.6494316, 34.5784031 ], [ -120.649415499999989, 34.5784532 ], [ -120.6494192, 34.5785223 ], [ -120.6494108, 34.5785282 ], [ -120.649374099999989, 34.5785208 ], [ -120.6493026, 34.5784756 ], [ -120.649296299999989, 34.5784632 ], [ -120.649324299999989, 34.5784256 ], [ -120.649402699999982, 34.5783782 ], [ -120.6494253, 34.5783884 ], [ -120.6494316, 34.5784031 ] ], [ [ -120.6497015, 34.5783211 ], [ -120.649687899999989, 34.5783148 ], [ -120.6497123, 34.5783094 ], [ -120.649724899999981, 34.5783172 ], [ -120.6497015, 34.5783211 ] ], [ [ -120.6509649, 34.5773749 ], [ -120.6509642, 34.5774179 ], [ -120.6509449, 34.5774329 ], [ -120.6508993, 34.5774178 ], [ -120.650868599999981, 34.5774175 ], [ -120.6509142, 34.5773417 ], [ -120.650943399999974, 34.57735 ], [ -120.6509649, 34.5773749 ] ], [ [ -120.650807300000011, 34.5773751 ], [ -120.65072450000001, 34.5773664 ], [ -120.650687300000016, 34.5773491 ], [ -120.6506728, 34.5773327 ], [ -120.6506798, 34.5773107 ], [ -120.65071949999998, 34.5772895 ], [ -120.650852300000011, 34.5773072 ], [ -120.650867600000012, 34.5773163 ], [ -120.650868599999981, 34.5773344 ], [ -120.6508477, 34.5773569 ], [ -120.650807300000011, 34.5773751 ] ], [ [ -120.6508135, 34.5770763 ], [ -120.6507753, 34.5770875 ], [ -120.6507742, 34.577076 ], [ -120.6507912, 34.5770672 ], [ -120.6508098, 34.5770696 ], [ -120.6508135, 34.5770763 ] ], [ [ -120.651224, 34.5768055 ], [ -120.6512242, 34.5768217 ], [ -120.6512071, 34.5768393 ], [ -120.6510353, 34.576891 ], [ -120.6510112, 34.5768941 ], [ -120.6509994, 34.5768889 ], [ -120.6509979, 34.5768749 ], [ -120.65101, 34.5768551 ], [ -120.6510589, 34.5768176 ], [ -120.6511913, 34.5767903 ], [ -120.651213399999975, 34.5767943 ], [ -120.651224, 34.5768055 ] ], [ [ -120.6509821, 34.5766782 ], [ -120.6509665, 34.576736 ], [ -120.6509244, 34.5767626 ], [ -120.650911400000012, 34.5767624 ], [ -120.6509037, 34.5767528 ], [ -120.6509104, 34.5767045 ], [ -120.650884, 34.5766756 ], [ -120.650889899999981, 34.5766572 ], [ -120.6509608, 34.5766607 ], [ -120.6509821, 34.5766782 ] ], [ [ -120.650372300000015, 34.5766814 ], [ -120.6503554, 34.5766727 ], [ -120.650366600000012, 34.5766599 ], [ -120.650385199999988, 34.5766725 ], [ -120.650372300000015, 34.5766814 ] ], [ [ -120.6499872, 34.5766893 ], [ -120.650009399999973, 34.5766877 ], [ -120.6500546, 34.5766669 ], [ -120.650069699999975, 34.5766692 ], [ -120.6500617, 34.576693299999988 ], [ -120.650016, 34.5767412 ], [ -120.6499294, 34.576811 ], [ -120.6498707, 34.5768421 ], [ -120.6497657, 34.576871 ], [ -120.6497347, 34.5768726 ], [ -120.649715, 34.5768659 ], [ -120.649715199999989, 34.5768483 ], [ -120.6498132, 34.5767519 ], [ -120.649974899999975, 34.5766368 ], [ -120.649978, 34.5766788 ], [ -120.6499872, 34.5766893 ] ], [ [ -120.650197, 34.5765862 ], [ -120.650171199999988, 34.5765845 ], [ -120.6501669, 34.576573 ], [ -120.6501952, 34.5765545 ], [ -120.6502143, 34.5765539 ], [ -120.6502183, 34.5765616 ], [ -120.650197, 34.5765862 ] ], [ [ -120.6523825, 34.5762986 ], [ -120.652303, 34.5763544 ], [ -120.6521981, 34.5763953 ], [ -120.652173300000015, 34.5763519 ], [ -120.6521313, 34.5763081 ], [ -120.6520199, 34.576270199999989 ], [ -120.6519254, 34.5762469 ], [ -120.6518389, 34.5762453 ], [ -120.651736599999978, 34.5761932 ], [ -120.651737799999978, 34.5761503 ], [ -120.6517818, 34.5761225 ], [ -120.6518518, 34.5760952 ], [ -120.6519302, 34.5760753 ], [ -120.65200059999998, 34.5760337 ], [ -120.652078, 34.5760495 ], [ -120.6521454, 34.5761152 ], [ -120.6522128, 34.5761809 ], [ -120.6522461, 34.5762245 ], [ -120.6523242, 34.5762188 ], [ -120.652438600000011, 34.5761495 ], [ -120.652478800000011, 34.5762576 ], [ -120.6523825, 34.5762986 ] ], [ [ -120.648583, 34.576100499999988 ], [ -120.6485671, 34.5761381 ], [ -120.648544299999983, 34.5761637 ], [ -120.648499699999974, 34.5761906 ], [ -120.6483565, 34.5762473 ], [ -120.648320700000014, 34.5762507 ], [ -120.6483167, 34.5762344 ], [ -120.648325299999982, 34.5762151 ], [ -120.648371499999982, 34.5761628 ], [ -120.648527799999982, 34.5760626 ], [ -120.6485748, 34.57604 ], [ -120.6485855, 34.5760649 ], [ -120.648583, 34.576100499999988 ] ], [ [ -120.643920099999974, 34.5754609 ], [ -120.6439485, 34.5754412 ], [ -120.643955, 34.575468 ], [ -120.643924399999989, 34.5754784 ], [ -120.643920099999974, 34.5754609 ] ], [ [ -120.644015599999989, 34.5754561 ], [ -120.6440294, 34.5754668 ], [ -120.6440293, 34.5754768 ], [ -120.644001, 34.5754779 ], [ -120.6439914, 34.5754653 ], [ -120.644015599999989, 34.5754561 ] ], [ [ -120.643708799999985, 34.5753808 ], [ -120.6436965, 34.5753797 ], [ -120.643688900000015, 34.5753705 ], [ -120.6437118, 34.5753618 ], [ -120.6437206, 34.5753662 ], [ -120.643708799999985, 34.5753808 ] ], [ [ -120.643462499999984, 34.5753661 ], [ -120.6434713, 34.5753561 ], [ -120.6434765, 34.5753747 ], [ -120.643462499999984, 34.5753661 ] ], [ [ -120.6437357, 34.5753572 ], [ -120.6437238, 34.575360599999989 ], [ -120.6437331, 34.5753499 ], [ -120.6437357, 34.5753572 ] ], [ [ -120.6423663, 34.5742638 ], [ -120.6423474, 34.5742435 ], [ -120.6423894, 34.5742461 ], [ -120.6423663, 34.5742638 ] ], [ [ -120.642511699999986, 34.5737947 ], [ -120.6424997, 34.5737938 ], [ -120.6424848, 34.5737788 ], [ -120.642492, 34.573756 ], [ -120.6425352, 34.5737533 ], [ -120.642537799999985, 34.573776 ], [ -120.642511699999986, 34.5737947 ] ], [ [ -120.6423249, 34.5736312 ], [ -120.642321199999984, 34.5736435 ], [ -120.6422828, 34.5736568 ], [ -120.642223300000012, 34.573636 ], [ -120.6422213, 34.5736254 ], [ -120.642256499999974, 34.5736043 ], [ -120.6423105, 34.5736182 ], [ -120.6423249, 34.5736312 ] ], [ [ -120.642833599999989, 34.5733809 ], [ -120.642822299999978, 34.5733929 ], [ -120.6427848, 34.573408 ], [ -120.642726199999984, 34.5734034 ], [ -120.6427303, 34.5733885 ], [ -120.6427646, 34.5733652 ], [ -120.642829299999988, 34.5733722 ], [ -120.642833599999989, 34.5733809 ] ], [ [ -120.6423751, 34.5732637 ], [ -120.6423504, 34.573305 ], [ -120.6423009, 34.5733318 ], [ -120.642262300000013, 34.5733435 ], [ -120.6422442, 34.5733421 ], [ -120.6422557, 34.5733198 ], [ -120.6423538, 34.5732465 ], [ -120.6423727, 34.5732533 ], [ -120.6423751, 34.5732637 ] ], [ [ -120.638718499999982, 34.5722437 ], [ -120.638699500000016, 34.5722525 ], [ -120.6386007, 34.5722503 ], [ -120.6385843, 34.572241 ], [ -120.6385898, 34.5722241 ], [ -120.638679700000012, 34.5722212 ], [ -120.638706899999974, 34.5722287 ], [ -120.638718499999982, 34.5722437 ] ], [ [ -120.638286199999982, 34.5721633 ], [ -120.6382872, 34.5721351 ], [ -120.6382944, 34.572143499999989 ], [ -120.638286199999982, 34.5721633 ] ], [ [ -120.638298, 34.5721295 ], [ -120.6383092, 34.5721279 ], [ -120.6382998, 34.5721345 ], [ -120.638298, 34.5721295 ] ], [ [ -120.6381818, 34.5716617 ], [ -120.6381709, 34.5716779 ], [ -120.6381367, 34.5716573 ], [ -120.6381489, 34.57163 ], [ -120.6381801, 34.5716389 ], [ -120.6381818, 34.5716617 ] ], [ [ -120.638300699999988, 34.571570799999989 ], [ -120.6382785, 34.5715695 ], [ -120.638282, 34.5715465 ], [ -120.638303799999989, 34.5715526 ], [ -120.638300699999988, 34.571570799999989 ] ], [ [ -120.638689, 34.5711775 ], [ -120.638685599999974, 34.5712064 ], [ -120.6386697, 34.5712203 ], [ -120.6386552, 34.5712156 ], [ -120.638632, 34.57118 ], [ -120.6386423, 34.5711394 ], [ -120.6386774, 34.5711616 ], [ -120.638689, 34.5711775 ] ], [ [ -120.639844, 34.5710499 ], [ -120.6397408, 34.5710578 ], [ -120.6397201, 34.5710342 ], [ -120.639714399999988, 34.5709975 ], [ -120.6398156, 34.5710228 ], [ -120.639844, 34.5710499 ] ], [ [ -120.6382183, 34.5705895 ], [ -120.638208400000011, 34.5706016 ], [ -120.6381909, 34.5706019 ], [ -120.638172, 34.5705862 ], [ -120.6381791, 34.570564 ], [ -120.6382158, 34.5705745 ], [ -120.6382183, 34.5705895 ] ], [ [ -120.63814189999998, 34.5704328 ], [ -120.6381071, 34.5704161 ], [ -120.63811819999998, 34.570403 ], [ -120.638146, 34.570409 ], [ -120.63814189999998, 34.5704328 ] ], [ [ -120.638127700000013, 34.5701694 ], [ -120.638091, 34.5701291 ], [ -120.638105200000012, 34.570094 ], [ -120.638133700000012, 34.5701451 ], [ -120.638127700000013, 34.5701694 ] ], [ [ -120.6393043, 34.5694134 ], [ -120.6392918, 34.5694056 ], [ -120.639302199999989, 34.5693872 ], [ -120.6393384, 34.5693913 ], [ -120.6393043, 34.5694134 ] ], [ [ -120.6425209, 34.5692578 ], [ -120.6424863, 34.5692841 ], [ -120.6424637, 34.5692798 ], [ -120.642449399999975, 34.5692584 ], [ -120.6424503, 34.5692272 ], [ -120.6424678, 34.5692084 ], [ -120.6425085, 34.569206699999988 ], [ -120.642526, 34.5692228 ], [ -120.6425209, 34.5692578 ] ], [ [ -120.6424145, 34.5692297 ], [ -120.642389799999989, 34.5692214 ], [ -120.6423348, 34.569162 ], [ -120.6422885, 34.5691045 ], [ -120.6422768, 34.5690747 ], [ -120.642281399999973, 34.5690435 ], [ -120.642305, 34.5690017 ], [ -120.6423325, 34.5689736 ], [ -120.642366, 34.5689573 ], [ -120.6423883, 34.5689782 ], [ -120.6424525, 34.5690021 ], [ -120.6424754, 34.56903 ], [ -120.6424379, 34.5692008 ], [ -120.6424278, 34.5692214 ], [ -120.6424145, 34.5692297 ] ], [ [ -120.6421065, 34.568892 ], [ -120.642083, 34.5688613 ], [ -120.642086, 34.5688384 ], [ -120.6421452, 34.5688487 ], [ -120.6422926, 34.5688995 ], [ -120.6423068, 34.5689123 ], [ -120.6423078, 34.5689262 ], [ -120.642288400000012, 34.5689392 ], [ -120.642244399999981, 34.5689381 ], [ -120.6422011, 34.5689466 ], [ -120.6421065, 34.568892 ] ], [ [ -120.6423249, 34.5688656 ], [ -120.642348, 34.56887 ], [ -120.6423504, 34.5688794 ], [ -120.6423225, 34.5688761 ], [ -120.6423249, 34.5688656 ] ], [ [ -120.642389899999984, 34.5688805 ], [ -120.642394599999989, 34.5688923 ], [ -120.6423881, 34.5689074 ], [ -120.6423759, 34.5688908 ], [ -120.642389899999984, 34.5688805 ] ], [ [ -120.6394878, 34.5683794 ], [ -120.6395152, 34.568437 ], [ -120.6395181, 34.5684653 ], [ -120.6395061, 34.5685132 ], [ -120.639479600000016, 34.5685516 ], [ -120.639436100000012, 34.5685791 ], [ -120.6393926, 34.5685856 ], [ -120.6393433, 34.5685708 ], [ -120.6392992, 34.5685347 ], [ -120.6392673, 34.5684785 ], [ -120.6392613, 34.5684319 ], [ -120.6392697, 34.5684014 ], [ -120.639294, 34.5683649 ], [ -120.639372299999977, 34.5682755 ], [ -120.639422, 34.5682336 ], [ -120.639466, 34.5683001 ], [ -120.6394878, 34.5683794 ] ], [ [ -120.639134, 34.568378 ], [ -120.639095099999977, 34.5683986 ], [ -120.6390635, 34.5683974 ], [ -120.6390616, 34.5683756 ], [ -120.639114, 34.5683361 ], [ -120.6391369, 34.5683525 ], [ -120.639134, 34.568378 ] ], [ [ -120.6392926, 34.564554 ], [ -120.6393004, 34.5645756 ], [ -120.639288099999987, 34.5645896 ], [ -120.6392692, 34.5645885 ], [ -120.6392447, 34.5645635 ], [ -120.639196899999988, 34.5645451 ], [ -120.6391605, 34.5645113 ], [ -120.6391536, 34.5644676 ], [ -120.6391628, 34.5644511 ], [ -120.6391805, 34.5644416 ], [ -120.6392095, 34.564458 ], [ -120.6392926, 34.564554 ] ], [ [ -120.6392482, 34.5644235 ], [ -120.6392374, 34.564429499999989 ], [ -120.639224099999979, 34.5644249 ], [ -120.6392173, 34.5644011 ], [ -120.6392163, 34.564371 ], [ -120.6392267, 34.5643483 ], [ -120.6392532, 34.5644071 ], [ -120.6392482, 34.5644235 ] ], [ [ -120.639007400000011, 34.5643763 ], [ -120.638983, 34.5643739 ], [ -120.638963, 34.5643526 ], [ -120.638988, 34.5643131 ], [ -120.6390304, 34.5643326 ], [ -120.639041, 34.5643454 ], [ -120.6390366, 34.5643606 ], [ -120.639007400000011, 34.5643763 ] ], [ [ -120.6389951, 34.5642101 ], [ -120.639048899999977, 34.5642255 ], [ -120.639061900000016, 34.5642373 ], [ -120.6390647, 34.5642539 ], [ -120.6389454, 34.5642903 ], [ -120.6388719, 34.5642832 ], [ -120.6388284, 34.5642654 ], [ -120.638787099999988, 34.5642331 ], [ -120.6387723, 34.5642051 ], [ -120.638776299999989, 34.5641773 ], [ -120.6387944, 34.5641556 ], [ -120.6388222, 34.5641397 ], [ -120.638950399999985, 34.5641003 ], [ -120.6389771, 34.5641966 ], [ -120.6389951, 34.5642101 ] ], [ [ -120.6387331, 34.5640939 ], [ -120.6386774, 34.5641002 ], [ -120.6386491, 34.5640868 ], [ -120.6386415, 34.5640644 ], [ -120.638662, 34.5640345 ], [ -120.6387138, 34.5639867 ], [ -120.6387928, 34.5640154 ], [ -120.6388095, 34.5640353 ], [ -120.6388126, 34.564056 ], [ -120.6387966, 34.5640694 ], [ -120.6387331, 34.5640939 ] ], [ [ -120.6399374, 34.564069 ], [ -120.6399374, 34.5640475 ], [ -120.639977, 34.5640204 ], [ -120.640001, 34.5640806 ], [ -120.6400369, 34.5641294 ], [ -120.640035399999974, 34.5641375 ], [ -120.639995699999986, 34.5641284 ], [ -120.6399374, 34.564069 ] ], [ [ -120.6403594, 34.5639984 ], [ -120.6403707, 34.5639738 ], [ -120.6404174, 34.5639895 ], [ -120.6404428, 34.5640311 ], [ -120.6404415, 34.5640411 ], [ -120.6404156, 34.5640422 ], [ -120.640364099999985, 34.56402 ], [ -120.6403594, 34.5639984 ] ], [ [ -120.640479899999988, 34.564051 ], [ -120.640477800000014, 34.5640742 ], [ -120.6404518, 34.5640627 ], [ -120.640456, 34.5640415 ], [ -120.640479899999988, 34.564051 ] ], [ [ -120.641542, 34.5638885 ], [ -120.6415461, 34.5638983 ], [ -120.641530499999988, 34.5639018 ], [ -120.641466099999988, 34.5638826 ], [ -120.641459, 34.5638699 ], [ -120.6414639, 34.5638538 ], [ -120.64151, 34.5638697 ], [ -120.641542, 34.5638885 ] ], [ [ -120.6378594, 34.562701 ], [ -120.6378611, 34.5627205 ], [ -120.637834099999978, 34.562748 ], [ -120.637758499999975, 34.5627895 ], [ -120.6377118, 34.5628121 ], [ -120.6376677, 34.5628184 ], [ -120.637655400000014, 34.5628046 ], [ -120.637662, 34.5627758 ], [ -120.6376797, 34.562744099999989 ], [ -120.637737199999975, 34.562683 ], [ -120.637750200000013, 34.5626081 ], [ -120.6378434, 34.5626803 ], [ -120.6378594, 34.562701 ] ], [ [ -120.6364508, 34.562633 ], [ -120.636465299999983, 34.5626142 ], [ -120.636444399999974, 34.5625919 ], [ -120.6364458, 34.5625706 ], [ -120.636511199999987, 34.5624905 ], [ -120.6365263, 34.5625125 ], [ -120.6365253, 34.56256 ], [ -120.6365462, 34.5625963 ], [ -120.636516300000011, 34.5626209 ], [ -120.6364562, 34.5626414 ], [ -120.6364508, 34.562633 ] ], [ [ -120.6365335, 34.5624752 ], [ -120.6365429, 34.562487 ], [ -120.636522199999987, 34.5624912 ], [ -120.6365173, 34.5624818 ], [ -120.6365335, 34.5624752 ] ], [ [ -120.636750699999979, 34.5625005 ], [ -120.6368042, 34.5625057 ], [ -120.6368165, 34.5625122 ], [ -120.636818199999979, 34.5625221 ], [ -120.636798200000015, 34.5625335 ], [ -120.6367195, 34.5625483 ], [ -120.636719, 34.5625353 ], [ -120.636750699999979, 34.5625005 ] ], [ [ -120.636698399999986, 34.5625605 ], [ -120.636683, 34.5625671 ], [ -120.6366838, 34.5625541 ], [ -120.636698399999986, 34.5625605 ] ], [ [ -120.6368297, 34.5626005 ], [ -120.6368353, 34.5625908 ], [ -120.6368794, 34.5625936 ], [ -120.6368899, 34.5626035 ], [ -120.636888099999979, 34.5626169 ], [ -120.636871199999987, 34.5626227 ], [ -120.6368363, 34.5626101 ], [ -120.6368297, 34.5626005 ] ], [ [ -120.636638, 34.5623632 ], [ -120.6366245, 34.56234 ], [ -120.636689300000015, 34.562361 ], [ -120.636638, 34.5623632 ] ], [ [ -120.636971, 34.5622742 ], [ -120.6369422, 34.5623124 ], [ -120.636926699999989, 34.5623205 ], [ -120.636911399999988, 34.5623164 ], [ -120.6369052, 34.5622903 ], [ -120.6369286, 34.562258 ], [ -120.636965100000012, 34.5622376 ], [ -120.6370202, 34.5622205 ], [ -120.6370162, 34.5622355 ], [ -120.636971, 34.5622742 ] ], [ [ -120.637108200000014, 34.5621891 ], [ -120.6371339, 34.562189 ], [ -120.6371264, 34.5621927 ], [ -120.637108200000014, 34.5621891 ] ], [ [ -120.6362631, 34.562121 ], [ -120.636218, 34.5621234 ], [ -120.6361856, 34.5621044 ], [ -120.6361856, 34.5620946 ], [ -120.6362179, 34.5620748 ], [ -120.6362692, 34.5621006 ], [ -120.6362631, 34.562121 ] ], [ [ -120.6361248, 34.5621048 ], [ -120.6360743, 34.5620993 ], [ -120.6360634, 34.5620912 ], [ -120.6360652, 34.5620788 ], [ -120.6360891, 34.5620908 ], [ -120.6361306, 34.562085499999988 ], [ -120.6361415, 34.5620974 ], [ -120.6361248, 34.5621048 ] ], [ [ -120.636004799999981, 34.562087 ], [ -120.635988200000014, 34.5620748 ], [ -120.6359862, 34.5620528 ], [ -120.6360235, 34.5620123 ], [ -120.63603209999998, 34.5620241 ], [ -120.6360244, 34.5620428 ], [ -120.6360445, 34.5620625 ], [ -120.636027399999989, 34.5620832 ], [ -120.636004799999981, 34.562087 ] ], [ [ -120.636239499999974, 34.5619406 ], [ -120.6363107, 34.5618762 ], [ -120.6363457, 34.5618779 ], [ -120.6363754, 34.5618914 ], [ -120.636385, 34.5619092 ], [ -120.636376199999987, 34.561928 ], [ -120.6362941, 34.562001099999989 ], [ -120.6362005, 34.5620543 ], [ -120.636172699999989, 34.5620584 ], [ -120.6361639, 34.5620435 ], [ -120.6361773, 34.5620137 ], [ -120.636239499999974, 34.5619406 ] ], [ [ -120.636110300000013, 34.562066099999988 ], [ -120.6361018, 34.5620585 ], [ -120.6361099, 34.5620401 ], [ -120.636116199999989, 34.5620571 ], [ -120.636110300000013, 34.562066099999988 ] ], [ [ -120.6360585, 34.5620516 ], [ -120.63605219999998, 34.5620408 ], [ -120.6360666, 34.5620307 ], [ -120.636076100000011, 34.5620456 ], [ -120.6360585, 34.5620516 ] ], [ [ -120.6367361, 34.561754799999989 ], [ -120.636691399999989, 34.5617706 ], [ -120.6366089, 34.5617773 ], [ -120.6365913, 34.5617695 ], [ -120.6365843, 34.5617529 ], [ -120.636588, 34.561722599999989 ], [ -120.636598799999987, 34.5617074 ], [ -120.636722099999986, 34.5617103 ], [ -120.6367463, 34.5617208 ], [ -120.6367516, 34.5617411 ], [ -120.6367361, 34.561754799999989 ] ], [ [ -120.6368381, 34.5617196 ], [ -120.6368438, 34.5617343 ], [ -120.636814899999976, 34.5617376 ], [ -120.6368163, 34.5617224 ], [ -120.6368381, 34.5617196 ] ], [ [ -120.6363828, 34.5616868 ], [ -120.636373, 34.5616895 ], [ -120.6363459, 34.5616512 ], [ -120.636383, 34.5616325 ], [ -120.636388400000016, 34.561672 ], [ -120.6363828, 34.5616868 ] ], [ [ -120.6314518, 34.5602885 ], [ -120.6315087, 34.5602821 ], [ -120.63153, 34.5602871 ], [ -120.631536399999987, 34.5602957 ], [ -120.6315076, 34.5603178 ], [ -120.6314554, 34.5603354 ], [ -120.6314396, 34.5603224 ], [ -120.6314518, 34.5602885 ] ], [ [ -120.6312825, 34.5603793 ], [ -120.6312609, 34.5603528 ], [ -120.631264300000012, 34.5603086 ], [ -120.631297099999983, 34.560277 ], [ -120.631343699999974, 34.560256 ], [ -120.6313812, 34.5602526 ], [ -120.6314009, 34.5602614 ], [ -120.631387, 34.5603285 ], [ -120.631345, 34.5603683 ], [ -120.6312825, 34.5603793 ] ], [ [ -120.6312279, 34.5595616 ], [ -120.6311064, 34.55957 ], [ -120.630926699999989, 34.5596068 ], [ -120.63085, 34.5596081 ], [ -120.630819100000011, 34.5595991 ], [ -120.63082390000001, 34.5595837 ], [ -120.630843, 34.5595707 ], [ -120.63098, 34.5595238 ], [ -120.631169199999988, 34.5594956 ], [ -120.631228, 34.559548 ], [ -120.6312279, 34.5595616 ] ], [ [ -120.629742900000011, 34.5591775 ], [ -120.629696700000011, 34.5591593 ], [ -120.6297777, 34.5591588 ], [ -120.629813700000014, 34.5591804 ], [ -120.629742900000011, 34.5591775 ] ], [ [ -120.6298274, 34.5591607 ], [ -120.6298543, 34.5591642 ], [ -120.6298272, 34.5591781 ], [ -120.629820599999988, 34.5591698 ], [ -120.6298274, 34.5591607 ] ], [ [ -120.629358599999989, 34.5587386 ], [ -120.629251400000015, 34.5587451 ], [ -120.6292324, 34.558735 ], [ -120.6292297, 34.5587171 ], [ -120.629311699999988, 34.5587171 ], [ -120.629358599999989, 34.5587386 ] ], [ [ -120.6290766, 34.5586854 ], [ -120.6290611, 34.5586633 ], [ -120.629079, 34.5586543 ], [ -120.629088, 34.558668499999989 ], [ -120.6290766, 34.5586854 ] ], [ [ -120.629326100000014, 34.5585953 ], [ -120.6292967, 34.5586105 ], [ -120.6292247, 34.5586187 ], [ -120.6290827, 34.5586091 ], [ -120.6290605, 34.558601599999989 ], [ -120.6290698, 34.5585817 ], [ -120.629147300000014, 34.5585517 ], [ -120.629309299999989, 34.5585815 ], [ -120.629326100000014, 34.5585953 ] ], [ [ -120.6292994, 34.558343 ], [ -120.629281100000014, 34.5583523 ], [ -120.629256200000015, 34.5583512 ], [ -120.6292499, 34.5583406 ], [ -120.6292625, 34.5583299 ], [ -120.6292861, 34.558333 ], [ -120.6292994, 34.558343 ] ], [ [ -120.628889199999989, 34.5581746 ], [ -120.6288968, 34.558163 ], [ -120.628909400000012, 34.5581721 ], [ -120.628889199999989, 34.5581746 ] ], [ [ -120.628801700000011, 34.5581335 ], [ -120.6288105, 34.5581318 ], [ -120.62881, 34.5581343 ], [ -120.628801700000011, 34.5581335 ] ], [ [ -120.628599200000011, 34.5579162 ], [ -120.6285769, 34.5579157 ], [ -120.6285993, 34.5578922 ], [ -120.6286222, 34.5578958 ], [ -120.628599200000011, 34.5579162 ] ], [ [ -120.6287701, 34.5578868 ], [ -120.628774299999989, 34.5578714 ], [ -120.6287985, 34.5578813 ], [ -120.6287701, 34.5578868 ] ], [ [ -120.6287027, 34.5577462 ], [ -120.6286917, 34.5577675 ], [ -120.628681700000016, 34.5577395 ], [ -120.6286692, 34.5577338 ], [ -120.6286907, 34.5577364 ], [ -120.6287027, 34.5577462 ] ], [ [ -120.6284947, 34.5577317 ], [ -120.6284951, 34.5577251 ], [ -120.628510299999988, 34.557731 ], [ -120.6284947, 34.5577317 ] ], [ [ -120.628384799999978, 34.5576566 ], [ -120.6283636, 34.5576634 ], [ -120.6283396, 34.5576601 ], [ -120.628335799999988, 34.5576477 ], [ -120.6283452, 34.5576309 ], [ -120.628378799999979, 34.5576418 ], [ -120.628384799999978, 34.5576566 ] ], [ [ -120.631358, 34.5566988 ], [ -120.631318399999984, 34.5566951 ], [ -120.631289200000012, 34.5566835 ], [ -120.631252, 34.5566536 ], [ -120.6312304, 34.556609 ], [ -120.63122509999998, 34.5565365 ], [ -120.631231899999989, 34.556514799999988 ], [ -120.6313356, 34.5565184 ], [ -120.6313678, 34.5565316 ], [ -120.6313946, 34.556557 ], [ -120.6314153, 34.5565898 ], [ -120.6314207, 34.5566296 ], [ -120.631414399999983, 34.5566646 ], [ -120.6313924, 34.5566902 ], [ -120.631358, 34.5566988 ] ], [ [ -120.627276400000014, 34.5565682 ], [ -120.627252700000014, 34.5566039 ], [ -120.627227499999989, 34.5566121 ], [ -120.627212, 34.5566031 ], [ -120.6272087, 34.5565806 ], [ -120.6272216, 34.5565589 ], [ -120.6272428, 34.556545 ], [ -120.627269, 34.5565481 ], [ -120.627276400000014, 34.5565682 ] ], [ [ -120.6265951, 34.5565418 ], [ -120.626574499999975, 34.5565432 ], [ -120.626561, 34.5565276 ], [ -120.626568299999988, 34.5565062 ], [ -120.6266096, 34.55651 ], [ -120.6266162, 34.5565216 ], [ -120.6265951, 34.5565418 ] ], [ [ -120.6314105, 34.5564893 ], [ -120.6314293, 34.556471 ], [ -120.6314696, 34.556469 ], [ -120.6314777, 34.5564802 ], [ -120.6314537, 34.5565255 ], [ -120.631424200000012, 34.5565411 ], [ -120.631406399999975, 34.556532 ], [ -120.631401700000012, 34.5565125 ], [ -120.6314105, 34.5564893 ] ], [ [ -120.6314475, 34.5565958 ], [ -120.6314489, 34.5566005 ], [ -120.631439299999982, 34.5565981 ], [ -120.6314475, 34.5565958 ] ], [ [ -120.631489300000013, 34.5566593 ], [ -120.6315064, 34.5566702 ], [ -120.6314887, 34.5566847 ], [ -120.6314813, 34.5566714 ], [ -120.631489300000013, 34.5566593 ] ], [ [ -120.6259454, 34.5561534 ], [ -120.6259466, 34.556143 ], [ -120.625968, 34.5561394 ], [ -120.6259709, 34.5561487 ], [ -120.6259454, 34.5561534 ] ], [ [ -120.6251247, 34.555929299999988 ], [ -120.625103599999989, 34.5559632 ], [ -120.625093400000011, 34.5559546 ], [ -120.625081400000013, 34.5559111 ], [ -120.6251104, 34.5559141 ], [ -120.6251247, 34.555929299999988 ] ], [ [ -120.6245929, 34.554921799999988 ], [ -120.6245823, 34.5549208 ], [ -120.624562799999978, 34.5549007 ], [ -120.6245657, 34.5548874 ], [ -120.6245944, 34.5549062 ], [ -120.6245929, 34.554921799999988 ] ], [ [ -120.624364199999974, 34.5548711 ], [ -120.6243702, 34.5548652 ], [ -120.624369699999988, 34.5548793 ], [ -120.624364199999974, 34.5548711 ] ], [ [ -120.624742799999979, 34.5548854 ], [ -120.624735500000014, 34.5548789 ], [ -120.6247408, 34.5548607 ], [ -120.6247538, 34.5548664 ], [ -120.624742799999979, 34.5548854 ] ], [ [ -120.624342399999989, 34.5545702 ], [ -120.624301199999977, 34.5546077 ], [ -120.6242588, 34.5546091 ], [ -120.6242226, 34.5545896 ], [ -120.624192299999976, 34.5545544 ], [ -120.6241901, 34.5545375 ], [ -120.6242057, 34.5545206 ], [ -120.624231200000011, 34.5545211 ], [ -120.624278800000013, 34.5545423 ], [ -120.624331, 34.5545417 ], [ -120.6243445, 34.554554 ], [ -120.624342399999989, 34.5545702 ] ], [ [ -120.6241619, 34.5543772 ], [ -120.6241494, 34.5543873 ], [ -120.624137499999989, 34.554369 ], [ -120.6241454, 34.5543414 ], [ -120.624167500000013, 34.5543535 ], [ -120.6241619, 34.5543772 ] ], [ [ -120.624318, 34.5543259 ], [ -120.624364899999989, 34.5542858 ], [ -120.6244033, 34.5543025 ], [ -120.624411299999977, 34.554315 ], [ -120.6244074, 34.5543281 ], [ -120.624374, 34.5543426 ], [ -120.6243252, 34.5543409 ], [ -120.624318, 34.5543259 ] ], [ [ -120.6241961, 34.5542764 ], [ -120.624173399999975, 34.5542772 ], [ -120.6241657, 34.5542644 ], [ -120.624169399999985, 34.5542488 ], [ -120.624214399999985, 34.5542139 ], [ -120.6242179, 34.5542493 ], [ -120.6241961, 34.5542764 ] ], [ [ -120.623886, 34.5542184 ], [ -120.623852299999982, 34.554202 ], [ -120.6237604, 34.5541339 ], [ -120.623750299999983, 34.5541017 ], [ -120.6237614, 34.5540489 ], [ -120.623815600000015, 34.5540912 ], [ -120.6238508, 34.5541398 ], [ -120.6239065, 34.5541794 ], [ -120.62391190000001, 34.5541987 ], [ -120.6238988, 34.5542165 ], [ -120.623886, 34.5542184 ] ], [ [ -120.6248414, 34.5540841 ], [ -120.624873099999988, 34.5540422 ], [ -120.624932, 34.5540785 ], [ -120.624930800000016, 34.5540997 ], [ -120.6249127, 34.5541165 ], [ -120.624863300000015, 34.5541196 ], [ -120.6248401, 34.5541071 ], [ -120.6248414, 34.5540841 ] ], [ [ -120.624738799999989, 34.5541665 ], [ -120.6247474, 34.5541773 ], [ -120.6247383, 34.5541835 ], [ -120.624733, 34.5541772 ], [ -120.624738799999989, 34.5541665 ] ], [ [ -120.6242121, 34.5539943 ], [ -120.6241962, 34.5539876 ], [ -120.6241925, 34.5539704 ], [ -120.6242223, 34.5539375 ], [ -120.624246499999984, 34.5539509 ], [ -120.6242499, 34.5539706 ], [ -120.624237, 34.5539892 ], [ -120.6242121, 34.5539943 ] ], [ [ -120.6239412, 34.5539651 ], [ -120.6238308, 34.5539724 ], [ -120.6238175, 34.5539604 ], [ -120.6238148, 34.5539427 ], [ -120.62384320000001, 34.5538671 ], [ -120.6238435, 34.553812 ], [ -120.623897199999988, 34.5537539 ], [ -120.623967199999981, 34.5537105 ], [ -120.6240261, 34.5537303 ], [ -120.6240833, 34.5537687 ], [ -120.624100699999985, 34.553797 ], [ -120.624096199999983, 34.5538315 ], [ -120.62403, 34.5538859 ], [ -120.6239682, 34.5539577 ], [ -120.6239412, 34.5539651 ] ], [ [ -120.6223846, 34.5539063 ], [ -120.622393, 34.5538912 ], [ -120.6224106, 34.5538979 ], [ -120.6223895, 34.5539172 ], [ -120.6223846, 34.5539063 ] ], [ [ -120.6237444, 34.5538801 ], [ -120.623754, 34.5539036 ], [ -120.623743399999981, 34.5539148 ], [ -120.6237332, 34.5539031 ], [ -120.6237444, 34.5538801 ] ], [ [ -120.62352079999998, 34.5538732 ], [ -120.623494900000011, 34.5538577 ], [ -120.623477799999989, 34.5538265 ], [ -120.6234823, 34.5537908 ], [ -120.6235095, 34.5537557 ], [ -120.623552499999988, 34.553731 ], [ -120.6236069, 34.5537489 ], [ -120.623674900000012, 34.553757 ], [ -120.623687899999979, 34.553765 ], [ -120.623691400000013, 34.5538111 ], [ -120.623668, 34.5538573 ], [ -120.6236104, 34.5538226 ], [ -120.6235413, 34.5538723 ], [ -120.62352079999998, 34.5538732 ] ], [ [ -120.622046399999988, 34.5538038 ], [ -120.6220236, 34.5537913 ], [ -120.6220171, 34.5537777 ], [ -120.6220486, 34.5537392 ], [ -120.622062199999988, 34.5537782 ], [ -120.622046399999988, 34.5538038 ] ], [ [ -120.6219964, 34.5537132 ], [ -120.621989, 34.5537313 ], [ -120.621976, 34.5537329 ], [ -120.6219333, 34.5537157 ], [ -120.6219314, 34.5537003 ], [ -120.621941299999989, 34.553682 ], [ -120.6219907, 34.5536918 ], [ -120.6219964, 34.5537132 ] ], [ [ -120.6225731, 34.5536896 ], [ -120.622572300000016, 34.5536739 ], [ -120.6226001, 34.5536335 ], [ -120.622662399999982, 34.5536127 ], [ -120.6226735, 34.553639 ], [ -120.6226711, 34.5536956 ], [ -120.6226487, 34.5537325 ], [ -120.622629300000014, 34.5537399 ], [ -120.62258940000001, 34.5537148 ], [ -120.6225731, 34.5536896 ] ], [ [ -120.6185654, 34.5535572 ], [ -120.6185674, 34.5535408 ], [ -120.618588300000013, 34.5535532 ], [ -120.6185654, 34.5535572 ] ], [ [ -120.623424899999989, 34.5536207 ], [ -120.623432, 34.553629 ], [ -120.6234245, 34.5536369 ], [ -120.6234192, 34.553628 ], [ -120.623424899999989, 34.5536207 ] ], [ [ -120.6237971, 34.553721599999989 ], [ -120.6238017, 34.5537476 ], [ -120.6237819, 34.5537682 ], [ -120.623744599999981, 34.5537832 ], [ -120.6237392, 34.5537607 ], [ -120.623771, 34.5537112 ], [ -120.6237971, 34.553721599999989 ] ], [ [ -120.6229782, 34.5537094 ], [ -120.6229868, 34.5537013 ], [ -120.6230279, 34.5537054 ], [ -120.623032099999975, 34.5537118 ], [ -120.6230206, 34.5537171 ], [ -120.6229848, 34.5537145 ], [ -120.6229782, 34.5537094 ] ], [ [ -120.624222799999984, 34.5538429 ], [ -120.624247900000015, 34.5538025 ], [ -120.62432960000001, 34.5538163 ], [ -120.624339100000014, 34.5538337 ], [ -120.624336500000013, 34.5538639 ], [ -120.624266, 34.5538866 ], [ -120.6242265, 34.5538811 ], [ -120.624222799999984, 34.5538429 ] ], [ [ -120.6243998, 34.5538253 ], [ -120.6244167, 34.5538316 ], [ -120.62442, 34.5538422 ], [ -120.62439590000001, 34.5538679 ], [ -120.624386, 34.5538492 ], [ -120.6243998, 34.5538253 ] ], [ [ -120.6244962, 34.5538812 ], [ -120.624518900000012, 34.5538984 ], [ -120.6245171, 34.5539193 ], [ -120.6244944, 34.5539375 ], [ -120.624342599999977, 34.5539739 ], [ -120.6243117, 34.5539748 ], [ -120.624297399999989, 34.553968 ], [ -120.624298700000011, 34.5539542 ], [ -120.6243153, 34.5539427 ], [ -120.6243991, 34.5539318 ], [ -120.6244637, 34.5538778 ], [ -120.6244962, 34.5538812 ] ], [ [ -120.6245827, 34.5539286 ], [ -120.6245939, 34.5538974 ], [ -120.624650399999979, 34.5539044 ], [ -120.6246615, 34.5539124 ], [ -120.6246618, 34.5539247 ], [ -120.6246223, 34.5539472 ], [ -120.6245944, 34.5539472 ], [ -120.6245827, 34.5539286 ] ], [ [ -120.624780500000014, 34.5539502 ], [ -120.624778, 34.553962 ], [ -120.624767699999978, 34.553967 ], [ -120.6247598, 34.5539597 ], [ -120.624767, 34.5539421 ], [ -120.624780500000014, 34.5539502 ] ], [ [ -120.623166399999988, 34.5535161 ], [ -120.623178700000011, 34.5535361 ], [ -120.623164699999975, 34.5535512 ], [ -120.623147, 34.5535527 ], [ -120.6231473, 34.5535364 ], [ -120.623166399999988, 34.5535161 ] ], [ [ -120.6161432, 34.5533858 ], [ -120.616124599999978, 34.553365 ], [ -120.616126799999989, 34.5533373 ], [ -120.6161988, 34.5533 ], [ -120.6162333, 34.5533047 ], [ -120.61624519999998, 34.5533224 ], [ -120.6161562, 34.5533851 ], [ -120.6161432, 34.5533858 ] ], [ [ -120.6162823, 34.553373 ], [ -120.6162694, 34.5533629 ], [ -120.6162845, 34.5533538 ], [ -120.6162969, 34.5533643 ], [ -120.6162823, 34.553373 ] ], [ [ -120.6170648, 34.5533956 ], [ -120.6170723, 34.553407 ], [ -120.6170688, 34.553440099999989 ], [ -120.617051499999988, 34.5534513 ], [ -120.6170423, 34.5534459 ], [ -120.617036399999975, 34.5534232 ], [ -120.6170461, 34.553393799999988 ], [ -120.6170648, 34.5533956 ] ], [ [ -120.6159141, 34.5534311 ], [ -120.6159186, 34.5534063 ], [ -120.6159569, 34.5533758 ], [ -120.6159662, 34.5533952 ], [ -120.6159617, 34.553414 ], [ -120.6159343, 34.5534304 ], [ -120.6159141, 34.5534311 ] ], [ [ -120.6095787, 34.5532955 ], [ -120.6095078, 34.5532699 ], [ -120.6094648, 34.5532381 ], [ -120.6094483, 34.5532103 ], [ -120.609450400000014, 34.553172599999989 ], [ -120.6094666, 34.5531318 ], [ -120.6094924, 34.553098 ], [ -120.6095633, 34.5531397 ], [ -120.609622699999989, 34.553201099999988 ], [ -120.6096832, 34.5532427 ], [ -120.6096968, 34.5532727 ], [ -120.609684499999986, 34.553293 ], [ -120.60964220000001, 34.5533044 ], [ -120.6095787, 34.5532955 ] ], [ [ -120.6180745, 34.553249099999988 ], [ -120.618080600000013, 34.5532672 ], [ -120.618073599999974, 34.5532765 ], [ -120.6180677, 34.5532692 ], [ -120.6180745, 34.553249099999988 ] ], [ [ -120.6171316, 34.5532561 ], [ -120.6171206, 34.553272 ], [ -120.6170899, 34.5532791 ], [ -120.6170873, 34.5532673 ], [ -120.617115599999977, 34.5532491 ], [ -120.6171316, 34.5532561 ] ], [ [ -120.6180032, 34.5533286 ], [ -120.6179902, 34.5533225 ], [ -120.618008, 34.5532871 ], [ -120.6180032, 34.5533286 ] ], [ [ -120.6181599, 34.5533102 ], [ -120.618152, 34.55334 ], [ -120.618142, 34.5533484 ], [ -120.6181166, 34.5533524 ], [ -120.6181093, 34.5533435 ], [ -120.618138699999975, 34.5532905 ], [ -120.6181599, 34.5533102 ] ], [ [ -120.6161794, 34.5532973 ], [ -120.616165599999988, 34.5532782 ], [ -120.6161784, 34.5532511 ], [ -120.6161903, 34.5532728 ], [ -120.6161794, 34.5532973 ] ], [ [ -120.6099471, 34.5532019 ], [ -120.609982, 34.5531984 ], [ -120.6100013, 34.5532046 ], [ -120.609966, 34.5532272 ], [ -120.609953699999977, 34.5532209 ], [ -120.6099471, 34.5532019 ] ], [ [ -120.616086400000015, 34.5534103 ], [ -120.6160673, 34.5534198 ], [ -120.6160553, 34.5534152 ], [ -120.6160458, 34.5533976 ], [ -120.616066, 34.5533741 ], [ -120.6160938, 34.5533974 ], [ -120.616086400000015, 34.5534103 ] ], [ [ -120.616312900000011, 34.5534186 ], [ -120.6163034, 34.5534194 ], [ -120.6163046, 34.5534119 ], [ -120.616312900000011, 34.5534186 ] ], [ [ -120.615847500000015, 34.5533995 ], [ -120.6158418, 34.55339 ], [ -120.6158478, 34.5533813 ], [ -120.615854399999989, 34.5533918 ], [ -120.615847500000015, 34.5533995 ] ], [ [ -120.616419400000012, 34.5531434 ], [ -120.6164433, 34.553132 ], [ -120.6164882, 34.5531171 ], [ -120.6165054, 34.553121 ], [ -120.616512, 34.5531313 ], [ -120.6164885, 34.5531577 ], [ -120.61645750000001, 34.5531681 ], [ -120.616414, 34.553154899999988 ], [ -120.616419400000012, 34.5531434 ] ], [ [ -120.617147500000016, 34.5530019 ], [ -120.6171265, 34.553024 ], [ -120.6171009, 34.5530282 ], [ -120.617090699999977, 34.5530192 ], [ -120.617093, 34.5530025 ], [ -120.617123299999989, 34.552977299999988 ], [ -120.6171469, 34.5529857 ], [ -120.617147500000016, 34.5530019 ] ], [ [ -120.5566995, 34.542727 ], [ -120.556690699999976, 34.5427186 ], [ -120.5567096, 34.5427075 ], [ -120.5567177, 34.5427224 ], [ -120.5566995, 34.542727 ] ], [ [ -120.5562568, 34.5426737 ], [ -120.55622289999998, 34.542677 ], [ -120.556219399999989, 34.5426715 ], [ -120.5562316, 34.5426602 ], [ -120.5562499, 34.5426643 ], [ -120.5562568, 34.5426737 ] ], [ [ -120.5557946, 34.5426544 ], [ -120.5557721, 34.542654 ], [ -120.555756500000015, 34.5426355 ], [ -120.55575420000001, 34.5425907 ], [ -120.5558522, 34.5426315 ], [ -120.5557946, 34.5426544 ] ], [ [ -120.5476369, 34.540721 ], [ -120.5476382, 34.5407125 ], [ -120.5476647, 34.5407201 ], [ -120.5476369, 34.540721 ] ], [ [ -120.548050100000012, 34.5406922 ], [ -120.5480418, 34.5406869 ], [ -120.5480535, 34.5406696 ], [ -120.5480598, 34.5406859 ], [ -120.548050100000012, 34.5406922 ] ], [ [ -120.547655399999982, 34.5406452 ], [ -120.5476622, 34.5406392 ], [ -120.5476719, 34.5406455 ], [ -120.547662800000012, 34.5406515 ], [ -120.547655399999982, 34.5406452 ] ], [ [ -120.5479877, 34.5406571 ], [ -120.5479794, 34.5406517 ], [ -120.5479888, 34.5406477 ], [ -120.5479942, 34.5406526 ], [ -120.5479877, 34.5406571 ] ], [ [ -120.5306483, 34.5338491 ], [ -120.53060259999998, 34.5338623 ], [ -120.530603899999988, 34.5338425 ], [ -120.530650200000011, 34.5338248 ], [ -120.53065620000001, 34.533835 ], [ -120.5306483, 34.5338491 ] ], [ [ -120.529613699999985, 34.5333568 ], [ -120.5296026, 34.5333405 ], [ -120.5296194, 34.533318 ], [ -120.5296394, 34.5333367 ], [ -120.529613699999985, 34.5333568 ] ], [ [ -120.5278645, 34.5325486 ], [ -120.527871199999979, 34.5325651 ], [ -120.5278541, 34.5325814 ], [ -120.527810599999981, 34.5325919 ], [ -120.5277825, 34.5325833 ], [ -120.5277801, 34.532561 ], [ -120.5278125, 34.532532 ], [ -120.527842699999979, 34.5325367 ], [ -120.5278645, 34.5325486 ] ], [ [ -120.527750399999988, 34.5324596 ], [ -120.5277324, 34.5324768 ], [ -120.527694700000012, 34.5324934 ], [ -120.527622499999978, 34.5324967 ], [ -120.5276086, 34.5324772 ], [ -120.527622400000013, 34.5324372 ], [ -120.5276858, 34.5323948 ], [ -120.5277501, 34.532434 ], [ -120.527750399999988, 34.5324596 ] ], [ [ -120.527360499999986, 34.5323447 ], [ -120.527352, 34.5323384 ], [ -120.527360899999977, 34.5323303 ], [ -120.5273748, 34.5323385 ], [ -120.527360499999986, 34.5323447 ] ], [ [ -120.5212165, 34.5287207 ], [ -120.5211926, 34.5287294 ], [ -120.5211859, 34.5287184 ], [ -120.5211937, 34.5287077 ], [ -120.5212154, 34.5287125 ], [ -120.5212165, 34.5287207 ] ], [ [ -120.5207208, 34.5283636 ], [ -120.520714, 34.5283758 ], [ -120.520697500000011, 34.5283806 ], [ -120.5206851, 34.5283748 ], [ -120.520683299999988, 34.5283589 ], [ -120.520703399999988, 34.5283455 ], [ -120.5207171, 34.5283523 ], [ -120.5207208, 34.5283636 ] ], [ [ -120.520590799999979, 34.5283779 ], [ -120.5206161, 34.5283523 ], [ -120.520627399999981, 34.528366 ], [ -120.520590799999979, 34.5283779 ] ], [ [ -120.5200313, 34.528235 ], [ -120.5200217, 34.5282231 ], [ -120.5200321, 34.528209 ], [ -120.520042, 34.5282235 ], [ -120.5200313, 34.528235 ] ], [ [ -120.5198633, 34.5280207 ], [ -120.5198561, 34.5280072 ], [ -120.5198641, 34.5279962 ], [ -120.5198789, 34.5280037 ], [ -120.5198633, 34.5280207 ] ], [ [ -120.519230499999978, 34.5273458 ], [ -120.5192033, 34.5273606 ], [ -120.519167599999989, 34.5273555 ], [ -120.5191685, 34.5273391 ], [ -120.5192089, 34.5273187 ], [ -120.519231399999981, 34.5273316 ], [ -120.519230499999978, 34.5273458 ] ], [ [ -120.518563700000016, 34.5272479 ], [ -120.518563, 34.527258 ], [ -120.5185411, 34.5272664 ], [ -120.518514200000013, 34.52726 ], [ -120.5184871, 34.5272309 ], [ -120.518447, 34.5272205 ], [ -120.5184499, 34.5271984 ], [ -120.5185503, 34.5272354 ], [ -120.518563700000016, 34.5272479 ] ], [ [ -120.5184956, 34.5270353 ], [ -120.5184478, 34.5270762 ], [ -120.5183988, 34.5270898 ], [ -120.518367500000011, 34.5270731 ], [ -120.5183655, 34.5270558 ], [ -120.5183818, 34.5270383 ], [ -120.5184358, 34.5270492 ], [ -120.518477099999984, 34.5270183 ], [ -120.518494, 34.5270245 ], [ -120.5184956, 34.5270353 ] ], [ [ -120.5187219, 34.5270064 ], [ -120.5187171, 34.5270055 ], [ -120.518737499999986, 34.5270065 ], [ -120.5187219, 34.5270064 ] ], [ [ -120.5187597, 34.5269351 ], [ -120.518752100000015, 34.5269348 ], [ -120.518762799999976, 34.5269349 ], [ -120.5187597, 34.5269351 ] ], [ [ -120.5167161, 34.5261462 ], [ -120.5167053, 34.526135 ], [ -120.5167173, 34.5261206 ], [ -120.516730599999988, 34.5261339 ], [ -120.5167161, 34.5261462 ] ], [ [ -120.516639399999988, 34.5261364 ], [ -120.5166144, 34.5261306 ], [ -120.516605399999989, 34.5261126 ], [ -120.516632500000014, 34.5260428 ], [ -120.5166656, 34.5260489 ], [ -120.5166522, 34.5261282 ], [ -120.516639399999988, 34.5261364 ] ], [ [ -120.516708400000013, 34.5260834 ], [ -120.5167187, 34.526075299999988 ], [ -120.5167457, 34.5260792 ], [ -120.5167533, 34.5260867 ], [ -120.5167401, 34.5260947 ], [ -120.516718900000015, 34.5260936 ], [ -120.516708400000013, 34.5260834 ] ], [ [ -120.5162437, 34.5259093 ], [ -120.516274899999985, 34.5259326 ], [ -120.5162606, 34.5259368 ], [ -120.5161912, 34.525929 ], [ -120.5161778, 34.5259116 ], [ -120.5161797, 34.5258843 ], [ -120.516190099999974, 34.5258973 ], [ -120.5162437, 34.5259093 ] ], [ [ -120.516339199999976, 34.5257303 ], [ -120.5162945, 34.5257633 ], [ -120.5162731, 34.5257672 ], [ -120.516261699999987, 34.5257416 ], [ -120.516265, 34.5257121 ], [ -120.5163161, 34.5256927 ], [ -120.5163389, 34.5257048 ], [ -120.516339199999976, 34.5257303 ] ], [ [ -120.5148478, 34.5255614 ], [ -120.5148321, 34.525567 ], [ -120.51480020000001, 34.5255586 ], [ -120.5147881, 34.5255451 ], [ -120.514796099999984, 34.525528 ], [ -120.5148414, 34.5255392 ], [ -120.5148478, 34.5255614 ] ], [ [ -120.5138239, 34.5244193 ], [ -120.513768499999983, 34.5244327 ], [ -120.5137433, 34.5244293 ], [ -120.5137302, 34.5244121 ], [ -120.5137409, 34.5243824 ], [ -120.5138014, 34.524398 ], [ -120.5138239, 34.5244193 ] ], [ [ -120.5135642, 34.5243664 ], [ -120.5135505, 34.524345 ], [ -120.5135681, 34.5243309 ], [ -120.5136053, 34.5243416 ], [ -120.5135642, 34.5243664 ] ], [ [ -120.5134896, 34.5241201 ], [ -120.51345280000001, 34.5241346 ], [ -120.51343390000001, 34.5241328 ], [ -120.513425200000015, 34.5241215 ], [ -120.5134445, 34.5240942 ], [ -120.5134875, 34.5241031 ], [ -120.5134896, 34.5241201 ] ], [ [ -120.5130759, 34.5240977 ], [ -120.513047199999988, 34.5240866 ], [ -120.5130533, 34.5240623 ], [ -120.51309160000001, 34.5240742 ], [ -120.5130996, 34.5240966 ], [ -120.5130759, 34.5240977 ] ], [ [ -120.5127344, 34.5238808 ], [ -120.5127089, 34.523858 ], [ -120.512711599999975, 34.5238331 ], [ -120.5127472, 34.5238573 ], [ -120.5127344, 34.5238808 ] ], [ [ -120.5119202, 34.5236059 ], [ -120.511906200000013, 34.5236476 ], [ -120.5118605, 34.5236701 ], [ -120.511838700000013, 34.5236705 ], [ -120.511818299999987, 34.5236619 ], [ -120.5118131, 34.5236495 ], [ -120.511819499999987, 34.5236372 ], [ -120.511892100000011, 34.5236195 ], [ -120.5119129, 34.5235854 ], [ -120.511920300000014, 34.5235878 ], [ -120.5119202, 34.5236059 ] ], [ [ -120.496649, 34.4955525 ], [ -120.4966449, 34.4955452 ], [ -120.4966536, 34.4955375 ], [ -120.4966743, 34.4955452 ], [ -120.496649, 34.4955525 ] ], [ [ -120.4966747, 34.495274 ], [ -120.496683499999989, 34.4952664 ], [ -120.4966904, 34.4952737 ], [ -120.4966747, 34.495274 ] ], [ [ -120.496765199999984, 34.4952262 ], [ -120.49675950000001, 34.4952189 ], [ -120.496772499999977, 34.4952014 ], [ -120.496798500000011, 34.4952045 ], [ -120.496765199999984, 34.4952262 ] ], [ [ -120.4968373, 34.4951702 ], [ -120.496838900000014, 34.4951674 ], [ -120.4968406, 34.4951692 ], [ -120.4968373, 34.4951702 ] ], [ [ -120.49361709999998, 34.4944008 ], [ -120.4936044, 34.494383 ], [ -120.4936178, 34.4943765 ], [ -120.493627899999979, 34.4943848 ], [ -120.49361709999998, 34.4944008 ] ], [ [ -120.4927238, 34.4936138 ], [ -120.4927153, 34.493606199999988 ], [ -120.492726499999989, 34.4935992 ], [ -120.4927333, 34.4936074 ], [ -120.4927238, 34.4936138 ] ], [ [ -120.492946, 34.4935258 ], [ -120.4929466, 34.4935185 ], [ -120.4929567, 34.4935208 ], [ -120.492946, 34.4935258 ] ], [ [ -120.4905951, 34.4895621 ], [ -120.4905717, 34.4895809 ], [ -120.49052, 34.4895822 ], [ -120.4905082, 34.4895714 ], [ -120.4904965, 34.4895322 ], [ -120.4905832, 34.4895456 ], [ -120.4905951, 34.4895621 ] ], [ [ -120.485710399999988, 34.4845971 ], [ -120.4857005, 34.4846056 ], [ -120.485677200000012, 34.4846054 ], [ -120.4856313, 34.4845936 ], [ -120.485628, 34.4845863 ], [ -120.485636699999986, 34.4845844 ], [ -120.4856849, 34.4845827 ], [ -120.485705700000011, 34.4845889 ], [ -120.485710399999988, 34.4845971 ] ], [ [ -120.4852402, 34.4845021 ], [ -120.485246600000011, 34.4845124 ], [ -120.4852206, 34.4845188 ], [ -120.4851825, 34.4844855 ], [ -120.4852134, 34.4844898 ], [ -120.4852402, 34.4845021 ] ], [ [ -120.4732732, 34.4552172 ], [ -120.473269199999976, 34.455227799999989 ], [ -120.4732449, 34.4552337 ], [ -120.473196699999988, 34.4552165 ], [ -120.473219199999988, 34.455196 ], [ -120.4732658, 34.4552073 ], [ -120.4732732, 34.4552172 ] ], [ [ -120.4743235, 34.4531162 ], [ -120.4743082, 34.4531359 ], [ -120.4742743, 34.4531556 ], [ -120.474147800000011, 34.4531996 ], [ -120.47408489999998, 34.4532033 ], [ -120.4740465, 34.4531855 ], [ -120.4740337, 34.4531589 ], [ -120.4740523, 34.4531278 ], [ -120.4740901, 34.4531096 ], [ -120.474175100000011, 34.4530883 ], [ -120.4742901, 34.4530861 ], [ -120.4743205, 34.4530976 ], [ -120.4743235, 34.4531162 ] ], [ [ -120.4736356, 34.4530075 ], [ -120.473607499999986, 34.4529968 ], [ -120.473590199999975, 34.4529779 ], [ -120.473613599999979, 34.4529437 ], [ -120.4736383, 34.452953 ], [ -120.4736684, 34.4529879 ], [ -120.4736356, 34.4530075 ] ], [ [ -120.474893099999989, 34.4528698 ], [ -120.474885, 34.4528403 ], [ -120.4748903, 34.4528144 ], [ -120.474911400000011, 34.4527824 ], [ -120.474991499999987, 34.4527225 ], [ -120.474997800000011, 34.4527346 ], [ -120.475016599999989, 34.4527406 ], [ -120.475170699999978, 34.4527422 ], [ -120.475277199999979, 34.4527627 ], [ -120.475320599999989, 34.4527839 ], [ -120.4753288, 34.4528148 ], [ -120.475307699999988, 34.4528403 ], [ -120.475271299999989, 34.4528611 ], [ -120.475014399999978, 34.452954 ], [ -120.4749948, 34.4529558 ], [ -120.474941699999988, 34.452929 ], [ -120.474893099999989, 34.4528698 ] ], [ [ -120.471854, 34.4508415 ], [ -120.4718608, 34.4508641 ], [ -120.471851699999988, 34.4508935 ], [ -120.4718171, 34.4509242 ], [ -120.4717864, 34.4509379 ], [ -120.471681300000014, 34.4509326 ], [ -120.4716537, 34.4509048 ], [ -120.47165649999998, 34.4508707 ], [ -120.4716926, 34.4508393 ], [ -120.471762900000016, 34.4507973 ], [ -120.4718135, 34.4508144 ], [ -120.471854, 34.4508415 ] ], [ [ -120.4712343, 34.4508853 ], [ -120.4712147, 34.450890099999988 ], [ -120.471142, 34.450878 ], [ -120.4710162, 34.4508327 ], [ -120.4710064, 34.4508088 ], [ -120.4710359, 34.4507846 ], [ -120.471090299999986, 34.4507641 ], [ -120.471166599999975, 34.4507569 ], [ -120.471212, 34.450735 ], [ -120.471252600000014, 34.450668 ], [ -120.4712485, 34.4506267 ], [ -120.471287199999978, 34.4506072 ], [ -120.471335, 34.4506157 ], [ -120.471346, 34.4506106 ], [ -120.471371100000013, 34.4505338 ], [ -120.4715144, 34.4503751 ], [ -120.4715534, 34.4504096 ], [ -120.471580800000012, 34.4504645 ], [ -120.4715801, 34.4504841 ], [ -120.471560400000016, 34.4505137 ], [ -120.4715612, 34.4505381 ], [ -120.4715522, 34.4505434 ], [ -120.4714828, 34.4505373 ], [ -120.471441899999988, 34.450561 ], [ -120.4713728, 34.4507181 ], [ -120.4713384, 34.4507432 ], [ -120.4712665, 34.4507616 ], [ -120.4712437, 34.4507808 ], [ -120.4712307, 34.4508549 ], [ -120.4712343, 34.4508853 ] ], [ [ -120.470925599999987, 34.4506377 ], [ -120.4709257, 34.4507265 ], [ -120.470916699999975, 34.4507518 ], [ -120.470903, 34.4507616 ], [ -120.470877500000014, 34.4507605 ], [ -120.470826299999985, 34.4507411 ], [ -120.4707859, 34.4507124 ], [ -120.470763800000014, 34.4506839 ], [ -120.4707625, 34.4506688 ], [ -120.4707738, 34.4506553 ], [ -120.4708543, 34.4506151 ], [ -120.470902099999989, 34.4506167 ], [ -120.470925599999987, 34.4506377 ] ], [ [ -120.472105399999975, 34.4493842 ], [ -120.472107600000015, 34.4494187 ], [ -120.4721001, 34.4494328 ], [ -120.4720595, 34.4494547 ], [ -120.4720489, 34.4494451 ], [ -120.4720646, 34.4494077 ], [ -120.472049, 34.4493699 ], [ -120.472056, 34.449351 ], [ -120.4720679, 34.4493431 ], [ -120.4720735, 34.4493607 ], [ -120.472105399999975, 34.4493842 ] ], [ [ -120.4719794, 34.4492382 ], [ -120.4720456, 34.4492989 ], [ -120.4720414, 34.4493171 ], [ -120.472011399999985, 34.4493054 ], [ -120.4719886, 34.4492859 ], [ -120.4719533, 34.4492237 ], [ -120.4719557, 34.4491814 ], [ -120.4719874, 34.4491255 ], [ -120.4719935, 34.4491406 ], [ -120.4719794, 34.4492382 ] ], [ [ -120.4721599, 34.4486333 ], [ -120.472140700000011, 34.4486791 ], [ -120.4721214, 34.4486874 ], [ -120.4720869, 34.4486733 ], [ -120.472079, 34.4486482 ], [ -120.4720938, 34.4486252 ], [ -120.4721341, 34.4485911 ], [ -120.4721546, 34.4486095 ], [ -120.4721599, 34.4486333 ] ], [ [ -120.470757800000015, 34.4480594 ], [ -120.4707603, 34.4480746 ], [ -120.470742699999974, 34.4480857 ], [ -120.4706536, 34.4481065 ], [ -120.470604200000011, 34.4481062 ], [ -120.4705821, 34.4480716 ], [ -120.4705849, 34.4480441 ], [ -120.4706106, 34.4480278 ], [ -120.470671599999974, 34.4480123 ], [ -120.4707373, 34.4480401 ], [ -120.470757800000015, 34.4480594 ] ], [ [ -120.47049410000001, 34.4480245 ], [ -120.470466699999989, 34.4480218 ], [ -120.4704535, 34.4480119 ], [ -120.4704768, 34.4479752 ], [ -120.470495899999989, 34.4479822 ], [ -120.4704871, 34.4479983 ], [ -120.4704991, 34.4480171 ], [ -120.47049410000001, 34.4480245 ] ], [ [ -120.4618207, 34.4477402 ], [ -120.4618145, 34.4477317 ], [ -120.461822200000015, 34.4477237 ], [ -120.4618429, 34.4477318 ], [ -120.4618207, 34.4477402 ] ], [ [ -120.461862700000012, 34.4476708 ], [ -120.461841400000012, 34.4476609 ], [ -120.461846, 34.447657 ], [ -120.4618681, 34.4476538 ], [ -120.4618739, 34.4476634 ], [ -120.461862700000012, 34.4476708 ] ], [ [ -120.4616645, 34.4475942 ], [ -120.4616523, 34.4476184 ], [ -120.461625399999988, 34.4476372 ], [ -120.4615858, 34.4476436 ], [ -120.4615554, 34.4476344 ], [ -120.461495199999987, 34.4475999 ], [ -120.46150729999998, 34.4475941 ], [ -120.4615767, 34.4475926 ], [ -120.4615872, 34.4475775 ], [ -120.4616561, 34.4475846 ], [ -120.4616645, 34.4475942 ] ], [ [ -120.4620385, 34.4473352 ], [ -120.461955100000011, 34.4473456 ], [ -120.461935699999984, 34.4473398 ], [ -120.4619418, 34.447329599999989 ], [ -120.461987, 34.4473123 ], [ -120.4620442, 34.4473111 ], [ -120.462068500000015, 34.4473222 ], [ -120.4620385, 34.4473352 ] ], [ [ -120.4583431, 34.4446061 ], [ -120.458295199999981, 34.444603 ], [ -120.45827629999998, 34.4445945 ], [ -120.4583061, 34.4445285 ], [ -120.4583498, 34.4445911 ], [ -120.4583431, 34.4446061 ] ], [ [ -120.456784200000016, 34.4442903 ], [ -120.456759600000012, 34.4442905 ], [ -120.4567202, 34.444278 ], [ -120.456747900000011, 34.4442393 ], [ -120.4567839, 34.4442757 ], [ -120.456784200000016, 34.4442903 ] ], [ [ -120.4568785, 34.4442081 ], [ -120.456880200000015, 34.4441834 ], [ -120.456922, 34.4441772 ], [ -120.45693, 34.4441831 ], [ -120.4568785, 34.4442081 ] ], [ [ -120.4568323, 34.444174 ], [ -120.456805599999981, 34.4441728 ], [ -120.456791599999988, 34.4441677 ], [ -120.45679389999998, 34.4441596 ], [ -120.456835200000015, 34.4441589 ], [ -120.4568432, 34.4441669 ], [ -120.4568323, 34.444174 ] ], [ [ -120.4567896, 34.4437669 ], [ -120.4568059, 34.4437636 ], [ -120.4568042, 34.4437689 ], [ -120.4567896, 34.4437669 ] ], [ [ -120.4568487, 34.443668 ], [ -120.456838800000014, 34.4436755 ], [ -120.4568181, 34.4436747 ], [ -120.4568123, 34.4436513 ], [ -120.4568313, 34.4436429 ], [ -120.4568485, 34.4436502 ], [ -120.4568487, 34.443668 ] ], [ [ -119.9427525, 34.435398 ], [ -119.9427683, 34.4354358 ], [ -119.9427646, 34.4354562 ], [ -119.9427534, 34.4354613 ], [ -119.9427397, 34.4354535 ], [ -119.9427351, 34.4354353 ], [ -119.9427525, 34.435398 ] ], [ [ -119.938036299999979, 34.4358513 ], [ -119.93805279999998, 34.4358594 ], [ -119.9380485, 34.4358757 ], [ -119.938035099999979, 34.4358825 ], [ -119.938021899999981, 34.4358709 ], [ -119.938036299999979, 34.4358513 ] ], [ [ -120.447499, 34.4485123 ], [ -120.4475011, 34.448516 ], [ -120.4474943, 34.448514 ], [ -120.447499, 34.4485123 ] ], [ [ -120.447542, 34.4485291 ], [ -120.4475451, 34.4485392 ], [ -120.4475334, 34.4485332 ], [ -120.447542, 34.4485291 ] ], [ [ -120.4475632, 34.4485474 ], [ -120.4475696, 34.4485516 ], [ -120.447563699999975, 34.4485559 ], [ -120.4475567, 34.4485505 ], [ -120.4475632, 34.4485474 ] ], [ [ -120.4456925, 34.4492269 ], [ -120.4457021, 34.4492331 ], [ -120.4456982, 34.449241 ], [ -120.4456792, 34.4492339 ], [ -120.4456925, 34.4492269 ] ], [ [ -120.44572239999998, 34.4492537 ], [ -120.445711800000012, 34.449254 ], [ -120.4457137, 34.449248 ], [ -120.44572239999998, 34.4492537 ] ], [ [ -120.445735, 34.4492632 ], [ -120.445742, 34.4492764 ], [ -120.4457323, 34.4492709 ], [ -120.445735, 34.4492632 ] ], [ [ -119.9671839, 34.4420869 ], [ -119.967174300000011, 34.4420782 ], [ -119.9671846, 34.4420679 ], [ -119.9671936, 34.4420786 ], [ -119.9671839, 34.4420869 ] ], [ [ -119.9676616, 34.4422138 ], [ -119.967661899999982, 34.4422353 ], [ -119.9676273, 34.4422497 ], [ -119.967573099999981, 34.4422452 ], [ -119.967553, 34.4422224 ], [ -119.9675502, 34.4421884 ], [ -119.9676373, 34.442192 ], [ -119.9676616, 34.4422138 ] ], [ [ -119.967893799999985, 34.4422791 ], [ -119.967905699999989, 34.4422943 ], [ -119.967892800000016, 34.4423045 ], [ -119.9678728, 34.4422935 ], [ -119.967893799999985, 34.4422791 ] ], [ [ -119.9684484, 34.442623 ], [ -119.9685011, 34.4426206 ], [ -119.968518100000011, 34.4426302 ], [ -119.9685196, 34.4426415 ], [ -119.9684938, 34.442664 ], [ -119.9684454, 34.4426648 ], [ -119.9684307, 34.4426493 ], [ -119.9684484, 34.442623 ] ], [ [ -119.9693473, 34.443004 ], [ -119.969355799999988, 34.4430137 ], [ -119.9693269, 34.4430301 ], [ -119.969326399999986, 34.4430121 ], [ -119.9693473, 34.443004 ] ], [ [ -119.969550599999977, 34.4432174 ], [ -119.96955650000001, 34.4431937 ], [ -119.969604, 34.443159 ], [ -119.9696411, 34.4431584 ], [ -119.9696659, 34.4431676 ], [ -119.9696574, 34.4432135 ], [ -119.969641700000011, 34.4432289 ], [ -119.969586799999988, 34.4432322 ], [ -119.969561099999979, 34.4432268 ], [ -119.969550599999977, 34.4432174 ] ], [ [ -119.9706804, 34.4438252 ], [ -119.9707122, 34.4438056 ], [ -119.970736699999989, 34.4438133 ], [ -119.970744899999985, 34.4438269 ], [ -119.970716799999977, 34.443847399999989 ], [ -119.9706866, 34.4438498 ], [ -119.9706772, 34.4438412 ], [ -119.9706804, 34.4438252 ] ], [ [ -120.4082256, 34.4544837 ], [ -120.4082551, 34.4545147 ], [ -120.4082839, 34.4545244 ], [ -120.4082869, 34.454532 ], [ -120.4082085, 34.454502399999988 ], [ -120.4082256, 34.4544837 ] ], [ [ -120.4086157, 34.4545375 ], [ -120.408611499999978, 34.4545566 ], [ -120.40860210000001, 34.454547 ], [ -120.4086157, 34.4545375 ] ], [ [ -120.4081573, 34.4545314 ], [ -120.4081466, 34.4545208 ], [ -120.408159399999974, 34.454513 ], [ -120.4081835, 34.4545184 ], [ -120.4081573, 34.4545314 ] ], [ [ -120.335605199999989, 34.4596037 ], [ -120.3356132, 34.4596115 ], [ -120.3356047, 34.4596179 ], [ -120.335597, 34.4596111 ], [ -120.335605199999989, 34.4596037 ] ], [ [ -120.33553809999998, 34.4596587 ], [ -120.335567499999982, 34.4596665 ], [ -120.3355731, 34.4596791 ], [ -120.3355671, 34.459689 ], [ -120.335546400000013, 34.4596852 ], [ -120.33553809999998, 34.4596587 ] ], [ [ -120.33560319999998, 34.4596656 ], [ -120.3356128, 34.4596825 ], [ -120.33560079999998, 34.4596909 ], [ -120.3355891, 34.4596817 ], [ -120.33560319999998, 34.4596656 ] ], [ [ -120.011252, 34.4608813 ], [ -120.0112607, 34.460886699999989 ], [ -120.0112525, 34.4608936 ], [ -120.011244299999987, 34.460887 ], [ -120.011252, 34.4608813 ] ], [ [ -120.0573879, 34.4610486 ], [ -120.057393799999986, 34.4610771 ], [ -120.0573858, 34.4611048 ], [ -120.0573683, 34.4610696 ], [ -120.0573879, 34.4610486 ] ], [ [ -120.056688499999979, 34.4612502 ], [ -120.0566842, 34.461254 ], [ -120.0566844, 34.4612464 ], [ -120.056688499999979, 34.4612502 ] ], [ [ -120.0555379, 34.4613838 ], [ -120.0555482, 34.4613728 ], [ -120.0555759, 34.4613733 ], [ -120.05558019999998, 34.4613928 ], [ -120.0555655, 34.4613982 ], [ -120.055543500000013, 34.461394 ], [ -120.0555379, 34.4613838 ] ], [ [ -120.055415799999977, 34.4614256 ], [ -120.0554281, 34.461436 ], [ -120.0554151, 34.4614469 ], [ -120.055403899999988, 34.4614354 ], [ -120.055415799999977, 34.4614256 ] ], [ [ -120.055461599999987, 34.4614558 ], [ -120.0554582, 34.4614592 ], [ -120.055458300000012, 34.461453 ], [ -120.055461599999987, 34.4614558 ] ], [ [ -120.0554143, 34.4614678 ], [ -120.0554239, 34.4614714 ], [ -120.055420500000011, 34.4614767 ], [ -120.055411799999987, 34.461475 ], [ -120.0554143, 34.4614678 ] ], [ [ -120.0553261, 34.4614999 ], [ -120.0553391, 34.4615241 ], [ -120.0553251, 34.4615377 ], [ -120.055314599999988, 34.4615199 ], [ -120.0553261, 34.4614999 ] ], [ [ -120.0514086, 34.461632 ], [ -120.05140320000001, 34.4616512 ], [ -120.05140440000001, 34.4616129 ], [ -120.0514086, 34.461632 ] ], [ [ -120.0594305, 34.4612081 ], [ -120.059407799999988, 34.4612102 ], [ -120.059406599999988, 34.4612036 ], [ -120.0594305, 34.4612081 ] ], [ [ -120.2785731, 34.4670931 ], [ -120.278590799999975, 34.4670986 ], [ -120.2785713, 34.4671037 ], [ -120.278557, 34.4670986 ], [ -120.2785731, 34.4670931 ] ], [ [ -120.2785086, 34.4671099 ], [ -120.2785213, 34.467118 ], [ -120.2785023, 34.4671352 ], [ -120.2784715, 34.4671377 ], [ -120.2784528, 34.4671299 ], [ -120.278463800000011, 34.467109 ], [ -120.2785086, 34.4671099 ] ], [ [ -120.2783864, 34.4671394 ], [ -120.2783617, 34.4671415 ], [ -120.2783637, 34.4671304 ], [ -120.278376200000011, 34.4671254 ], [ -120.2783873, 34.4671308 ], [ -120.2783864, 34.4671394 ] ], [ [ -120.278332099999986, 34.4671431 ], [ -120.278348599999987, 34.4671482 ], [ -120.2783351, 34.4671528 ], [ -120.2783138, 34.4671464 ], [ -120.278332099999986, 34.4671431 ] ], [ [ -120.2778308, 34.4671356 ], [ -120.277831699999979, 34.4671351 ], [ -120.2778315, 34.467136 ], [ -120.2778308, 34.4671356 ] ], [ [ -120.102567099999973, 34.4637313 ], [ -120.1025924, 34.4637329 ], [ -120.1025955, 34.4637464 ], [ -120.102558699999989, 34.4637864 ], [ -120.1025266, 34.4637906 ], [ -120.1025268, 34.4637535 ], [ -120.102567099999973, 34.4637313 ] ], [ [ -120.102151400000011, 34.4637848 ], [ -120.102143899999987, 34.4637779 ], [ -120.102152600000011, 34.4637565 ], [ -120.1021723, 34.4637621 ], [ -120.102151400000011, 34.4637848 ] ], [ [ -120.102041399999976, 34.4638262 ], [ -120.102050699999978, 34.463849 ], [ -120.1020356, 34.463858 ], [ -120.1020283, 34.4638451 ], [ -120.102041399999976, 34.4638262 ] ], [ [ -120.239332799999985, 34.4681474 ], [ -120.2393633, 34.4681654 ], [ -120.239312900000016, 34.4681706 ], [ -120.239290599999975, 34.4681438 ], [ -120.239332799999985, 34.4681474 ] ], [ [ -120.2385686, 34.4682533 ], [ -120.2385936, 34.4682477 ], [ -120.2386112, 34.4682565 ], [ -120.238585, 34.4682769 ], [ -120.2385714, 34.4682714 ], [ -120.2385686, 34.4682533 ] ], [ [ -120.238635, 34.4682952 ], [ -120.2386267, 34.4682966 ], [ -120.2386327, 34.4682899 ], [ -120.238635, 34.4682952 ] ], [ [ -120.2386128, 34.4683086 ], [ -120.2386102, 34.4683116 ], [ -120.2386104, 34.4683071 ], [ -120.2386128, 34.4683086 ] ], [ [ -120.2389597, 34.4683593 ], [ -120.2389371, 34.4683767 ], [ -120.2389134, 34.4683819 ], [ -120.2388922, 34.4683728 ], [ -120.2388919, 34.468351 ], [ -120.2389435, 34.4683486 ], [ -120.2389597, 34.4683593 ] ], [ [ -120.2384923, 34.4683621 ], [ -120.238473299999981, 34.4683641 ], [ -120.238478300000011, 34.4683503 ], [ -120.2384923, 34.4683621 ] ], [ [ -120.238667299999989, 34.4683923 ], [ -120.2386492, 34.4684059 ], [ -120.2385911, 34.4684206 ], [ -120.2384978, 34.4684206 ], [ -120.23846660000001, 34.4684144 ], [ -120.2385427, 34.4683785 ], [ -120.238611, 34.4683789 ], [ -120.238667299999989, 34.4683923 ] ], [ [ -120.237640899999988, 34.468386 ], [ -120.2376509, 34.468358 ], [ -120.2377589, 34.4683645 ], [ -120.237790300000015, 34.4683773 ], [ -120.2377998, 34.4683976 ], [ -120.2377847, 34.4684075 ], [ -120.2377602, 34.4684106 ], [ -120.237655600000011, 34.4683994 ], [ -120.237640899999988, 34.468386 ] ], [ [ -120.237923, 34.4683808 ], [ -120.2379554, 34.4683653 ], [ -120.2379996, 34.4683826 ], [ -120.2380419, 34.4683767 ], [ -120.238049499999988, 34.468386099999989 ], [ -120.237985, 34.4684086 ], [ -120.2379213, 34.4683928 ], [ -120.237923, 34.4683808 ] ], [ [ -120.2383722, 34.4683927 ], [ -120.2383888, 34.4684139 ], [ -120.238347499999989, 34.4684139 ], [ -120.2383465, 34.4683879 ], [ -120.2383722, 34.4683927 ] ], [ [ -120.2375093, 34.4684122 ], [ -120.2375186, 34.4684093 ], [ -120.237545, 34.4684126 ], [ -120.2375336, 34.4684178 ], [ -120.2375093, 34.4684122 ] ], [ [ -120.237468400000012, 34.4684108 ], [ -120.237475, 34.4684089 ], [ -120.2374848, 34.4684112 ], [ -120.237468400000012, 34.4684108 ] ], [ [ -120.237213499999982, 34.4686798 ], [ -120.2372234, 34.4686663 ], [ -120.237271, 34.4686565 ], [ -120.237278599999982, 34.4686842 ], [ -120.237271, 34.4686962 ], [ -120.237237499999978, 34.4686951 ], [ -120.237213499999982, 34.4686798 ] ], [ [ -120.230206, 34.4703369 ], [ -120.2302221, 34.470338 ], [ -120.230195899999984, 34.470358 ], [ -120.230172700000011, 34.4703565 ], [ -120.230206, 34.4703369 ] ], [ [ -120.2302984, 34.4704322 ], [ -120.2303494, 34.4704284 ], [ -120.2303604, 34.4704398 ], [ -120.230359299999989, 34.4704596 ], [ -120.230318200000013, 34.4704909 ], [ -120.230281300000016, 34.4704947 ], [ -120.2302583, 34.4704747 ], [ -120.2302466, 34.4704246 ], [ -120.2302984, 34.4704322 ] ], [ [ -120.2302242, 34.4704446 ], [ -120.230229099999988, 34.4704425 ], [ -120.2302263, 34.4704469 ], [ -120.2302242, 34.4704446 ] ], [ [ -120.229679800000014, 34.4705226 ], [ -120.229677400000014, 34.4705254 ], [ -120.229677599999988, 34.4705155 ], [ -120.229679800000014, 34.4705226 ] ], [ [ -120.229567, 34.4705709 ], [ -120.229572199999978, 34.4705765 ], [ -120.2295659, 34.4705822 ], [ -120.229561, 34.4705763 ], [ -120.229567, 34.4705709 ] ], [ [ -120.229301799999988, 34.4706353 ], [ -120.2293084, 34.4706421 ], [ -120.2292803, 34.4706713 ], [ -120.229264500000014, 34.4706578 ], [ -120.229281899999989, 34.4706343 ], [ -120.229301799999988, 34.4706353 ] ], [ [ -120.22918030000001, 34.4706754 ], [ -120.2291581, 34.4706957 ], [ -120.229142400000015, 34.4706993 ], [ -120.2291141, 34.4706749 ], [ -120.229150599999983, 34.4706537 ], [ -120.2291722, 34.4706632 ], [ -120.22918030000001, 34.4706754 ] ], [ [ -120.2290207, 34.4706329 ], [ -120.2290304, 34.4706517 ], [ -120.2290236, 34.4706638 ], [ -120.2289761, 34.4706547 ], [ -120.2290207, 34.4706329 ] ], [ [ -120.229001, 34.4707034 ], [ -120.2290035, 34.4707095 ], [ -120.228975, 34.4707135 ], [ -120.2289749, 34.4707008 ], [ -120.229001, 34.4707034 ] ], [ [ -120.168754100000015, 34.4695537 ], [ -120.1687666, 34.4695628 ], [ -120.168736, 34.4695868 ], [ -120.1687144, 34.4695551 ], [ -120.168754100000015, 34.4695537 ] ], [ [ -120.166958299999976, 34.4704898 ], [ -120.166985599999975, 34.4704672 ], [ -120.1669986, 34.470493 ], [ -120.1669841, 34.4705036 ], [ -120.1669635, 34.4704981 ], [ -120.166958299999976, 34.4704898 ] ], [ [ -120.1614291, 34.4712737 ], [ -120.1614392, 34.4712831 ], [ -120.1614285, 34.4712919 ], [ -120.161418200000014, 34.4712826 ], [ -120.1614291, 34.4712737 ] ], [ [ -120.1633205, 34.4713462 ], [ -120.1633322, 34.4713633 ], [ -120.1633196, 34.4713745 ], [ -120.163306699999978, 34.4713627 ], [ -120.1633205, 34.4713462 ] ], [ [ -120.1594616, 34.471519199999989 ], [ -120.159483600000016, 34.4715218 ], [ -120.1594876, 34.4715284 ], [ -120.1594582, 34.4715314 ], [ -120.1594519, 34.4715252 ], [ -120.1594616, 34.471519199999989 ] ], [ [ -120.159374, 34.4715355 ], [ -120.159380700000014, 34.4715416 ], [ -120.1593736, 34.4715472 ], [ -120.1593671, 34.4715413 ], [ -120.159374, 34.4715355 ] ], [ [ -120.1544428, 34.472689 ], [ -120.154437699999974, 34.472693 ], [ -120.1544369, 34.4726872 ], [ -120.1544428, 34.472689 ] ], [ [ -120.1545019, 34.4726968 ], [ -120.154521699999975, 34.4726965 ], [ -120.1545244, 34.4727098 ], [ -120.1544972, 34.4727152 ], [ -120.154491900000011, 34.4727082 ], [ -120.1545019, 34.4726968 ] ], [ [ -120.1505485, 34.473085 ], [ -120.1505252, 34.4730947 ], [ -120.150526899999974, 34.4730798 ], [ -120.1505485, 34.473085 ] ], [ [ -120.150326299999989, 34.4732196 ], [ -120.150337400000012, 34.4732441 ], [ -120.1503325, 34.4732637 ], [ -120.1502923, 34.473283 ], [ -120.15027569999998, 34.4732838 ], [ -120.1502739, 34.4732714 ], [ -120.150326299999989, 34.4732196 ] ], [ [ -120.169213, 34.4696164 ], [ -120.169226599999988, 34.4696255 ], [ -120.1692273, 34.4696391 ], [ -120.1692022, 34.4696334 ], [ -120.169213, 34.4696164 ] ], [ [ -120.1696255, 34.4696472 ], [ -120.1696252, 34.469657 ], [ -120.1696196, 34.469652 ], [ -120.1696255, 34.4696472 ] ], [ [ -120.169733, 34.4696887 ], [ -120.1697328, 34.4696933 ], [ -120.1697304, 34.4696908 ], [ -120.169733, 34.4696887 ] ], [ [ -120.171138899999988, 34.4699557 ], [ -120.1711386, 34.4699639 ], [ -120.1711349, 34.4699595 ], [ -120.171138899999988, 34.4699557 ] ], [ [ -120.1841539, 34.4704209 ], [ -120.184140399999976, 34.4704326 ], [ -120.1841281, 34.4704185 ], [ -120.18414150000001, 34.470397399999989 ], [ -120.1841539, 34.4704209 ] ], [ [ -120.174183699999986, 34.4704055 ], [ -120.174170799999985, 34.4704173 ], [ -120.1741587, 34.4704049 ], [ -120.174172, 34.4703844 ], [ -120.174183699999986, 34.4704055 ] ], [ [ -120.2241618, 34.470767 ], [ -120.2241697, 34.4707789 ], [ -120.224161199999983, 34.4707891 ], [ -120.2241537, 34.4707785 ], [ -120.2241618, 34.470767 ] ], [ [ -120.1906798, 34.4701678 ], [ -120.1907014, 34.470177 ], [ -120.190679300000014, 34.4701979 ], [ -120.1906563, 34.4701997 ], [ -120.19065329999998, 34.4701888 ], [ -120.1906798, 34.4701678 ] ], [ [ -120.1908745, 34.4702249 ], [ -120.1908811, 34.470235 ], [ -120.1908568, 34.4702593 ], [ -120.19083950000001, 34.4702628 ], [ -120.190833500000011, 34.4702421 ], [ -120.190852, 34.4702233 ], [ -120.1908745, 34.4702249 ] ], [ [ -120.202203399999973, 34.4705777 ], [ -120.202213899999975, 34.4705829 ], [ -120.202210299999976, 34.4705887 ], [ -120.2021978, 34.4705864 ], [ -120.202203399999973, 34.4705777 ] ], [ [ -120.194775899999982, 34.4707095 ], [ -120.1948049, 34.4707146 ], [ -120.1948086, 34.4707273 ], [ -120.194774399999986, 34.4707329 ], [ -120.1947684, 34.4707218 ], [ -120.194775899999982, 34.4707095 ] ], [ [ -120.2064736, 34.4704716 ], [ -120.2064659, 34.4704643 ], [ -120.2064741, 34.4704578 ], [ -120.206482, 34.4704647 ], [ -120.2064736, 34.4704716 ] ], [ [ -120.4579298, 34.4447371 ], [ -120.457933, 34.4447509 ], [ -120.4579256, 34.4447466 ], [ -120.4579298, 34.4447371 ] ], [ [ -120.463490799999974, 34.448559 ], [ -120.4634855, 34.4485375 ], [ -120.4634958, 34.4485177 ], [ -120.4635184, 34.4485419 ], [ -120.463536800000014, 34.4485987 ], [ -120.463511900000015, 34.4485908 ], [ -120.463490799999974, 34.448559 ] ], [ [ -120.465100699999979, 34.4487053 ], [ -120.4651119, 34.4487221 ], [ -120.465106299999988, 34.4487488 ], [ -120.4650943, 34.4487586 ], [ -120.4650722, 34.4487571 ], [ -120.465059, 34.4487379 ], [ -120.465100699999979, 34.4487053 ] ], [ [ -120.465187399999976, 34.4487178 ], [ -120.4652088, 34.4487219 ], [ -120.465216700000013, 34.4487364 ], [ -120.4651799, 34.448751 ], [ -120.465163300000015, 34.4487724 ], [ -120.4651578, 34.4487443 ], [ -120.465187399999976, 34.4487178 ] ], [ [ -120.4638992, 34.448698 ], [ -120.4639041, 34.4486906 ], [ -120.4639294, 34.448693 ], [ -120.4639514, 34.4487092 ], [ -120.463954899999976, 34.4487281 ], [ -120.4639469, 34.4487437 ], [ -120.4639065, 34.4487116 ], [ -120.4638992, 34.448698 ] ], [ [ -120.4659513, 34.4489549 ], [ -120.4660825, 34.4490405 ], [ -120.4660958, 34.449071 ], [ -120.4660744, 34.4491066 ], [ -120.4660368, 34.4491253 ], [ -120.4660041, 34.449129 ], [ -120.465935500000015, 34.4490752 ], [ -120.465919, 34.4490524 ], [ -120.465919199999973, 34.4490206 ], [ -120.465877600000013, 34.4489237 ], [ -120.4659513, 34.4489549 ] ], [ [ -120.4657135, 34.4490995 ], [ -120.4657044, 34.4491113 ], [ -120.465677299999982, 34.4491016 ], [ -120.465677, 34.4490818 ], [ -120.465710299999984, 34.4490824 ], [ -120.4657135, 34.4490995 ] ], [ [ -120.4700232, 34.4486442 ], [ -120.470014299999988, 34.4486213 ], [ -120.4700224, 34.4486081 ], [ -120.470050699999987, 34.4486261 ], [ -120.4700538, 34.4486556 ], [ -120.4700469, 34.4486639 ], [ -120.470032199999977, 34.4486596 ], [ -120.4700232, 34.4486442 ] ], [ [ -120.49531, 34.4945896 ], [ -120.4953231, 34.4945973 ], [ -120.4953107, 34.494604599999988 ], [ -120.4953004, 34.4945969 ], [ -120.49531, 34.4945896 ] ], [ [ -120.4947875, 34.4945846 ], [ -120.494786800000014, 34.4946086 ], [ -120.4947819, 34.4946012 ], [ -120.4947875, 34.4945846 ] ], [ [ -120.548636, 34.5408688 ], [ -120.548647899999978, 34.5408781 ], [ -120.548647500000015, 34.5408891 ], [ -120.548620500000013, 34.5408948 ], [ -120.548621700000012, 34.5408798 ], [ -120.548636, 34.5408688 ] ], [ [ -120.5495691, 34.5409973 ], [ -120.549582199999975, 34.5410068 ], [ -120.549581899999978, 34.5410186 ], [ -120.5495531, 34.541023 ], [ -120.549555, 34.5410064 ], [ -120.5495691, 34.5409973 ] ], [ [ -120.6167175, 34.5534535 ], [ -120.6167433, 34.5534613 ], [ -120.6167333, 34.5534841 ], [ -120.616736699999976, 34.5534983 ], [ -120.616707100000013, 34.5534804 ], [ -120.6167175, 34.5534535 ] ], [ [ -120.612265900000011, 34.5534801 ], [ -120.612270799999976, 34.5534903 ], [ -120.6122501, 34.5535062 ], [ -120.612227499999989, 34.5534777 ], [ -120.612265900000011, 34.5534801 ] ], [ [ -120.5740168, 34.5528463 ], [ -120.5739208, 34.5528707 ], [ -120.573876200000015, 34.5528668 ], [ -120.573859199999987, 34.5528534 ], [ -120.5738508, 34.5528302 ], [ -120.573855899999984, 34.5528073 ], [ -120.57387030000001, 34.5527924 ], [ -120.5740085, 34.552833 ], [ -120.5740168, 34.5528463 ] ], [ [ -120.5741064, 34.552911099999989 ], [ -120.5740948, 34.5528934 ], [ -120.574107399999974, 34.5528829 ], [ -120.57411780000001, 34.5528939 ], [ -120.5741064, 34.552911099999989 ] ], [ [ -120.611634599999988, 34.5536327 ], [ -120.611642100000012, 34.553652 ], [ -120.611633499999982, 34.5536703 ], [ -120.6116281, 34.5536502 ], [ -120.611634599999988, 34.5536327 ] ], [ [ -120.57415, 34.5529196 ], [ -120.574194600000013, 34.5529322 ], [ -120.574148, 34.5529387 ], [ -120.574141399999988, 34.5529311 ], [ -120.57415, 34.5529196 ] ], [ [ -120.573691599999989, 34.5529437 ], [ -120.5736858, 34.5529392 ], [ -120.5736919, 34.5529341 ], [ -120.573697199999984, 34.5529394 ], [ -120.573691599999989, 34.5529437 ] ], [ [ -120.610833199999988, 34.5538572 ], [ -120.61083690000001, 34.5538769 ], [ -120.6108264, 34.5538894 ], [ -120.6107926, 34.5538782 ], [ -120.610777700000014, 34.5538641 ], [ -120.610772900000015, 34.5538149 ], [ -120.6107804, 34.5537833 ], [ -120.610833199999988, 34.5538572 ] ], [ [ -120.6112885, 34.5538972 ], [ -120.6112788, 34.5539515 ], [ -120.6113005, 34.554000699999989 ], [ -120.6112872, 34.554018899999988 ], [ -120.6112554, 34.5540257 ], [ -120.611224, 34.554004299999988 ], [ -120.6111929, 34.5539496 ], [ -120.61119, 34.5539271 ], [ -120.6112148, 34.5538932 ], [ -120.6112791, 34.5538698 ], [ -120.6112885, 34.5538972 ] ], [ [ -120.611699799999982, 34.5539061 ], [ -120.611688199999989, 34.5539068 ], [ -120.6116923, 34.5539006 ], [ -120.611699799999982, 34.5539061 ] ], [ [ -120.6117209, 34.5540141 ], [ -120.6117114, 34.5540162 ], [ -120.6117109, 34.5540118 ], [ -120.6117209, 34.5540141 ] ], [ [ -120.611666899999989, 34.5540282 ], [ -120.6116714, 34.5540349 ], [ -120.6116636, 34.5540325 ], [ -120.611666899999989, 34.5540282 ] ], [ [ -120.6092952, 34.5538344 ], [ -120.6092794, 34.5538222 ], [ -120.609297700000013, 34.55381 ], [ -120.6093103, 34.5538229 ], [ -120.6092952, 34.5538344 ] ], [ [ -120.5741657, 34.5530962 ], [ -120.5741668, 34.5530888 ], [ -120.574175799999978, 34.5530939 ], [ -120.5741657, 34.5530962 ] ], [ [ -120.611433300000016, 34.5541166 ], [ -120.6114223, 34.5541234 ], [ -120.6114143, 34.5541164 ], [ -120.6114248, 34.5541098 ], [ -120.611433300000016, 34.5541166 ] ], [ [ -120.6113741, 34.5541156 ], [ -120.611381199999983, 34.5541124 ], [ -120.611384, 34.5541172 ], [ -120.6113741, 34.5541156 ] ], [ [ -120.611380200000013, 34.5541466 ], [ -120.6113852, 34.5541532 ], [ -120.611369400000015, 34.5541511 ], [ -120.611380200000013, 34.5541466 ] ], [ [ -120.601023900000015, 34.556595 ], [ -120.601023399999988, 34.5565985 ], [ -120.601024, 34.5565806 ], [ -120.601023900000015, 34.556595 ] ], [ [ -120.601486600000015, 34.5567161 ], [ -120.60147760000001, 34.556717 ], [ -120.6014779, 34.5567119 ], [ -120.601486600000015, 34.5567161 ] ], [ [ -120.60203030000001, 34.5567638 ], [ -120.601997200000014, 34.5567663 ], [ -120.602, 34.5567457 ], [ -120.60203030000001, 34.5567638 ] ], [ [ -120.599277, 34.5567043 ], [ -120.5992887, 34.5567097 ], [ -120.59927279999998, 34.5567142 ], [ -120.599268, 34.5567084 ], [ -120.599277, 34.5567043 ] ], [ [ -120.6006564, 34.5567725 ], [ -120.6006389, 34.5567845 ], [ -120.6006292, 34.5567693 ], [ -120.600648799999973, 34.5567435 ], [ -120.6006564, 34.5567725 ] ], [ [ -120.583872899999974, 34.556837699999988 ], [ -120.5838646, 34.556850499999989 ], [ -120.583865299999985, 34.5568292 ], [ -120.583872899999974, 34.556837699999988 ] ], [ [ -120.583799, 34.5568614 ], [ -120.583820699999976, 34.5568583 ], [ -120.5838268, 34.5568736 ], [ -120.583799399999975, 34.556882 ], [ -120.5837936, 34.5568751 ], [ -120.583799, 34.5568614 ] ], [ [ -120.583242399999989, 34.557163 ], [ -120.5832434, 34.5571248 ], [ -120.5832702, 34.5570596 ], [ -120.5833248, 34.5570924 ], [ -120.5833461, 34.5571263 ], [ -120.5833472, 34.5571663 ], [ -120.5833346, 34.5571848 ], [ -120.5833134, 34.5571948 ], [ -120.5832701, 34.5571913 ], [ -120.583242399999989, 34.557163 ] ], [ [ -120.598553, 34.5568691 ], [ -120.5985605, 34.5568801 ], [ -120.5985319, 34.5568921 ], [ -120.598539800000012, 34.5568753 ], [ -120.598553, 34.5568691 ] ], [ [ -120.5983663, 34.5569018 ], [ -120.59838950000001, 34.5569129 ], [ -120.598378699999984, 34.5569257 ], [ -120.5983587, 34.556927 ], [ -120.598334099999974, 34.556905 ], [ -120.5983663, 34.5569018 ] ], [ [ -120.5897291, 34.5567813 ], [ -120.5897381, 34.5567906 ], [ -120.5897306, 34.5567976 ], [ -120.5897235, 34.5567911 ], [ -120.5897291, 34.5567813 ] ], [ [ -120.5898391, 34.5568705 ], [ -120.589857900000013, 34.5568521 ], [ -120.5898721, 34.5568656 ], [ -120.589875499999977, 34.5568819 ], [ -120.589869799999974, 34.5568956 ], [ -120.589854300000013, 34.556899 ], [ -120.5898418, 34.5568945 ], [ -120.5898391, 34.5568705 ] ], [ [ -120.5909227, 34.5569909 ], [ -120.590921099999974, 34.556995 ], [ -120.5909222, 34.5569758 ], [ -120.5909227, 34.5569909 ] ], [ [ -120.5910186, 34.556997 ], [ -120.5910086, 34.5570102 ], [ -120.5910019, 34.5569978 ], [ -120.591009, 34.556987299999989 ], [ -120.5910186, 34.556997 ] ], [ [ -120.590703100000013, 34.5570157 ], [ -120.590716300000011, 34.5570273 ], [ -120.5907038, 34.5570382 ], [ -120.5906946, 34.557028 ], [ -120.590703100000013, 34.5570157 ] ], [ [ -120.59491220000001, 34.5571768 ], [ -120.5949055, 34.557186 ], [ -120.5948979, 34.5571772 ], [ -120.594905099999977, 34.55716 ], [ -120.59491220000001, 34.5571768 ] ], [ [ -120.594098699999989, 34.5571987 ], [ -120.5940746, 34.5572198 ], [ -120.594072799999978, 34.557186699999988 ], [ -120.594098699999989, 34.557162399999989 ], [ -120.5941156, 34.5571699 ], [ -120.594098699999989, 34.5571987 ] ], [ [ -120.594991499999978, 34.5572168 ], [ -120.5949906, 34.5572198 ], [ -120.594991, 34.5572038 ], [ -120.594991499999978, 34.5572168 ] ], [ [ -120.594684699999988, 34.557247 ], [ -120.5947009, 34.557248 ], [ -120.5947136, 34.5572635 ], [ -120.5947195, 34.5573176 ], [ -120.594709399999985, 34.5573662 ], [ -120.594695500000014, 34.5573801 ], [ -120.594676600000014, 34.5573853 ], [ -120.594661300000013, 34.5573784 ], [ -120.594657499999983, 34.557365 ], [ -120.5946651, 34.5572765 ], [ -120.594684699999988, 34.557247 ] ], [ [ -120.5939396, 34.5573273 ], [ -120.5939417, 34.5573152 ], [ -120.5939457, 34.5573223 ], [ -120.5939396, 34.5573273 ] ], [ [ -120.5939534, 34.5573075 ], [ -120.593963800000012, 34.5573047 ], [ -120.5939618, 34.5573103 ], [ -120.5939534, 34.5573075 ] ], [ [ -120.6006035, 34.5568027 ], [ -120.6006209, 34.5567951 ], [ -120.6006353, 34.5567989 ], [ -120.600630599999988, 34.5568451 ], [ -120.6005994, 34.5568293 ], [ -120.6006035, 34.5568027 ] ], [ [ -120.600860199999985, 34.5568662 ], [ -120.6008435, 34.5568765 ], [ -120.600833, 34.5568646 ], [ -120.6008422, 34.5568394 ], [ -120.600860199999985, 34.5568662 ] ], [ [ -120.6024523, 34.556931899999988 ], [ -120.6024516, 34.5569376 ], [ -120.6024485, 34.5569342 ], [ -120.6024523, 34.556931899999988 ] ], [ [ -120.618522099999979, 34.5535993 ], [ -120.6185213, 34.5536253 ], [ -120.6185164, 34.5536095 ], [ -120.618522099999979, 34.5535993 ] ], [ [ -120.6257476, 34.556245 ], [ -120.6257537, 34.5562543 ], [ -120.625747, 34.5562623 ], [ -120.6257371, 34.556253 ], [ -120.6257476, 34.556245 ] ], [ [ -120.6256385, 34.556287 ], [ -120.625628299999988, 34.5562738 ], [ -120.625638099999975, 34.5562619 ], [ -120.625662699999978, 34.5562699 ], [ -120.6256385, 34.556287 ] ], [ [ -120.627765700000012, 34.557682 ], [ -120.6277554, 34.5576915 ], [ -120.6277557, 34.5576708 ], [ -120.627765700000012, 34.557682 ] ], [ [ -120.6318948, 34.5605108 ], [ -120.6318907, 34.5604948 ], [ -120.6319062, 34.5604789 ], [ -120.631992299999979, 34.5604414 ], [ -120.632033600000014, 34.5604455 ], [ -120.6320543, 34.5604561 ], [ -120.6320557, 34.5604809 ], [ -120.632036, 34.5605052 ], [ -120.6320094, 34.5605171 ], [ -120.6319564, 34.5605232 ], [ -120.6319147, 34.5605208 ], [ -120.6318948, 34.5605108 ] ], [ [ -120.6320827, 34.5607229 ], [ -120.632100099999988, 34.5607383 ], [ -120.6320509, 34.5607409 ], [ -120.6320498, 34.5607193 ], [ -120.6320827, 34.5607229 ] ], [ [ -120.635460099999989, 34.561101 ], [ -120.6354641, 34.5611125 ], [ -120.635418499999986, 34.5611176 ], [ -120.635417499999988, 34.5610901 ], [ -120.635460099999989, 34.561101 ] ], [ [ -120.6328437, 34.5610779 ], [ -120.632846699999988, 34.5610558 ], [ -120.6328909, 34.5610619 ], [ -120.632913, 34.5611021 ], [ -120.6328834, 34.5611079 ], [ -120.632861, 34.5611029 ], [ -120.6328437, 34.5610779 ] ], [ [ -120.634788799999981, 34.5614371 ], [ -120.6347873, 34.5614207 ], [ -120.63479839999998, 34.5614033 ], [ -120.634826, 34.5614159 ], [ -120.634829200000013, 34.5614382 ], [ -120.634820499999989, 34.5614488 ], [ -120.6348025, 34.5614474 ], [ -120.634788799999981, 34.5614371 ] ], [ [ -120.637634299999974, 34.5628556 ], [ -120.637643700000012, 34.5628831 ], [ -120.6376323, 34.562906 ], [ -120.637626900000015, 34.5628979 ], [ -120.637634299999974, 34.5628556 ] ], [ [ -120.6373444, 34.5630875 ], [ -120.637369, 34.56309 ], [ -120.6373777, 34.5630979 ], [ -120.637361899999974, 34.563105 ], [ -120.6373283, 34.563096 ], [ -120.6373444, 34.5630875 ] ], [ [ -120.6387532, 34.5628975 ], [ -120.6387669, 34.56288 ], [ -120.6387942, 34.5628896 ], [ -120.6388042, 34.5629089 ], [ -120.6387795, 34.5629176 ], [ -120.6387561, 34.5629118 ], [ -120.6387532, 34.5628975 ] ], [ [ -120.6385879, 34.5629925 ], [ -120.638571899999988, 34.5629969 ], [ -120.638567099999989, 34.563006 ], [ -120.6385677, 34.5629893 ], [ -120.6385879, 34.5629925 ] ], [ [ -120.639117500000012, 34.5639464 ], [ -120.63910820000001, 34.5639706 ], [ -120.639085099999988, 34.563981399999989 ], [ -120.6390541, 34.5639681 ], [ -120.6390439, 34.563956 ], [ -120.6390532, 34.5639371 ], [ -120.6390864, 34.5639145 ], [ -120.639108100000016, 34.563926 ], [ -120.639117500000012, 34.5639464 ] ], [ [ -120.638741899999985, 34.5638631 ], [ -120.6387096, 34.5638846 ], [ -120.6386855, 34.5638878 ], [ -120.638683199999974, 34.5638595 ], [ -120.638718199999985, 34.5638318 ], [ -120.6387377, 34.5638472 ], [ -120.638741899999985, 34.5638631 ] ], [ [ -120.6423108, 34.5755412 ], [ -120.6423357, 34.5755393 ], [ -120.6423575, 34.5755621 ], [ -120.6423398, 34.5755619 ], [ -120.6423108, 34.5755412 ] ], [ [ -120.6448394, 34.5765839 ], [ -120.644830500000012, 34.5766156 ], [ -120.644823300000013, 34.5765811 ], [ -120.644833, 34.5765407 ], [ -120.6448394, 34.5765839 ] ], [ [ -120.6441534, 34.5765798 ], [ -120.6441245, 34.5765878 ], [ -120.644109199999988, 34.5765707 ], [ -120.64413540000001, 34.5765447 ], [ -120.644162600000016, 34.5765437 ], [ -120.6441695, 34.5765577 ], [ -120.6441534, 34.5765798 ] ], [ [ -120.6448082, 34.5766472 ], [ -120.644807799999981, 34.5766577 ], [ -120.6448055, 34.5766546 ], [ -120.6448082, 34.5766472 ] ], [ [ -120.6443045, 34.57681 ], [ -120.6442943, 34.5768136 ], [ -120.6443025, 34.576803 ], [ -120.6443045, 34.57681 ] ], [ [ -120.6455474, 34.5767181 ], [ -120.645570100000015, 34.5767113 ], [ -120.6455674, 34.5767337 ], [ -120.6455474, 34.5767452 ], [ -120.645541900000012, 34.5767397 ], [ -120.6455474, 34.5767181 ] ], [ [ -120.646840399999988, 34.576757 ], [ -120.646851399999989, 34.576769 ], [ -120.6468261, 34.5768002 ], [ -120.6467915, 34.5768242 ], [ -120.6467726, 34.5768309 ], [ -120.6467537, 34.5768285 ], [ -120.6467506, 34.5768151 ], [ -120.6468106, 34.5767582 ], [ -120.646840399999988, 34.576757 ] ], [ [ -120.645527800000011, 34.5767585 ], [ -120.645521899999977, 34.5767604 ], [ -120.6455245, 34.576756 ], [ -120.645527800000011, 34.5767585 ] ], [ [ -120.645364, 34.5768777 ], [ -120.6454131, 34.5768434 ], [ -120.6454216, 34.576869099999989 ], [ -120.6454025, 34.5769029 ], [ -120.6453872, 34.5769082 ], [ -120.6453649, 34.5768904 ], [ -120.645364, 34.5768777 ] ], [ [ -120.645345499999976, 34.5769022 ], [ -120.6453462, 34.5768959 ], [ -120.645354399999988, 34.5768992 ], [ -120.645345499999976, 34.5769022 ] ], [ [ -120.645911, 34.5769647 ], [ -120.645920599999982, 34.5769842 ], [ -120.645912199999984, 34.576994 ], [ -120.6459044, 34.5769812 ], [ -120.645911, 34.5769647 ] ], [ [ -120.6468071, 34.5784148 ], [ -120.646802799999989, 34.5784015 ], [ -120.6468529, 34.5783512 ], [ -120.646928300000013, 34.578368 ], [ -120.6469429, 34.5783808 ], [ -120.6469434, 34.5783924 ], [ -120.646926799999989, 34.5784026 ], [ -120.646872800000011, 34.5784149 ], [ -120.6468071, 34.5784148 ] ], [ [ -120.6470509, 34.5783916 ], [ -120.6470704, 34.5783675 ], [ -120.647125799999984, 34.5783643 ], [ -120.647146100000015, 34.5783754 ], [ -120.6471549, 34.5783958 ], [ -120.6471233, 34.5784051 ], [ -120.647058800000011, 34.5784023 ], [ -120.6470509, 34.5783916 ] ], [ [ -120.64528150000001, 34.5799988 ], [ -120.645254200000011, 34.5799855 ], [ -120.6452594, 34.579973 ], [ -120.645287200000013, 34.5799741 ], [ -120.64528150000001, 34.5799988 ] ], [ [ -120.6110539, 34.7229224 ], [ -120.611075899999989, 34.7229281 ], [ -120.611078100000015, 34.7229482 ], [ -120.611053599999977, 34.7229337 ], [ -120.6110539, 34.7229224 ] ], [ [ -120.627555699999988, 34.7415079 ], [ -120.6275676, 34.741514 ], [ -120.6275564, 34.7415239 ], [ -120.627549699999989, 34.7415168 ], [ -120.627555699999988, 34.7415079 ] ], [ [ -120.6261034, 34.873694799999988 ], [ -120.626108, 34.873703 ], [ -120.6260976, 34.8737057 ], [ -120.626092599999978, 34.8737 ], [ -120.6261034, 34.873694799999988 ] ], [ [ -120.627319899999989, 34.8737487 ], [ -120.627327400000013, 34.8737339 ], [ -120.6273564, 34.8737431 ], [ -120.6273881, 34.8737651 ], [ -120.6273672, 34.8737716 ], [ -120.627334, 34.8737644 ], [ -120.627319899999989, 34.8737487 ] ], [ [ -120.6265818, 34.8737949 ], [ -120.6265871, 34.8738011 ], [ -120.6265812, 34.8738085 ], [ -120.626573099999987, 34.8738008 ], [ -120.6265818, 34.8737949 ] ], [ [ -120.6269744, 34.8738363 ], [ -120.6269768, 34.8738488 ], [ -120.6269598, 34.873844 ], [ -120.6269744, 34.8738363 ] ], [ [ -120.6271082, 34.8738825 ], [ -120.6271042, 34.8738857 ], [ -120.6271044, 34.8738799 ], [ -120.6271082, 34.8738825 ] ], [ [ -120.6271915, 34.8738927 ], [ -120.6271986, 34.8739032 ], [ -120.6271911, 34.8739094 ], [ -120.62718550000001, 34.8739038 ], [ -120.6271915, 34.8738927 ] ], [ [ -120.6270957, 34.8739263 ], [ -120.627091299999989, 34.8739174 ], [ -120.627103600000012, 34.873908299999989 ], [ -120.6271263, 34.8739209 ], [ -120.6270957, 34.8739263 ] ], [ [ -120.632690699999984, 34.876304 ], [ -120.632702599999988, 34.8762826 ], [ -120.632746, 34.8762633 ], [ -120.6327764, 34.8762882 ], [ -120.6327717, 34.8763116 ], [ -120.632744, 34.876322 ], [ -120.632694299999983, 34.8763187 ], [ -120.632690699999984, 34.876304 ] ], [ [ -120.634288099999978, 34.8772149 ], [ -120.634316399999989, 34.8771945 ], [ -120.634342600000011, 34.8772165 ], [ -120.634335499999978, 34.8772398 ], [ -120.6343143, 34.8772362 ], [ -120.634288099999978, 34.8772149 ] ], [ [ -120.6342056, 34.8772457 ], [ -120.634205299999977, 34.8772559 ], [ -120.634201299999987, 34.8772492 ], [ -120.6342056, 34.8772457 ] ], [ [ -120.634335299999989, 34.8772994 ], [ -120.634343800000011, 34.8773051 ], [ -120.634335, 34.8773115 ], [ -120.634328400000015, 34.8773056 ], [ -120.634335299999989, 34.8772994 ] ], [ [ -120.6633496, 34.9009106 ], [ -120.6633335, 34.9009298 ], [ -120.6633178, 34.9009098 ], [ -120.663333900000012, 34.9009005 ], [ -120.6633496, 34.9009106 ] ], [ [ -120.648150099999981, 34.9007314 ], [ -120.648130099999989, 34.9007294 ], [ -120.6481186, 34.900717 ], [ -120.64811730000001, 34.9007023 ], [ -120.6481303, 34.9006842 ], [ -120.6481601, 34.9007019 ], [ -120.64816110000001, 34.9007216 ], [ -120.648150099999981, 34.9007314 ] ], [ [ -120.648237900000012, 34.9007457 ], [ -120.648282900000012, 34.9007654 ], [ -120.6482977, 34.9007888 ], [ -120.6482909, 34.9008196 ], [ -120.6482543, 34.9008521 ], [ -120.648230799999979, 34.9008393 ], [ -120.6482194, 34.900808 ], [ -120.6482243, 34.9007712 ], [ -120.648237900000012, 34.9007457 ] ], [ [ -120.6481246, 34.9008129 ], [ -120.648126600000012, 34.9008111 ], [ -120.648126499999989, 34.9008144 ], [ -120.6481246, 34.9008129 ] ], [ [ -120.6515132, 34.9009469 ], [ -120.6515372, 34.9009308 ], [ -120.6515615, 34.9009535 ], [ -120.651536499999978, 34.9009718 ], [ -120.6515156, 34.9009732 ], [ -120.651509, 34.9009642 ], [ -120.6515132, 34.9009469 ] ], [ [ -120.6485173, 34.9009256 ], [ -120.648541200000011, 34.900921 ], [ -120.648569099999989, 34.90093 ], [ -120.648586099999974, 34.900958 ], [ -120.6485832, 34.9009777 ], [ -120.6485509, 34.9009939 ], [ -120.6484551, 34.9010023 ], [ -120.648449700000015, 34.9009911 ], [ -120.6484584, 34.9009729 ], [ -120.6485173, 34.9009256 ] ], [ [ -120.6489995, 34.901019 ], [ -120.6490166, 34.9010435 ], [ -120.648994300000012, 34.901076 ], [ -120.648947, 34.9010969 ], [ -120.648919599999985, 34.9010843 ], [ -120.6489095, 34.9010528 ], [ -120.6489243, 34.9010213 ], [ -120.648952799999989, 34.9010016 ], [ -120.6489995, 34.901019 ] ], [ [ -120.651290100000011, 34.9011062 ], [ -120.6512916, 34.9011197 ], [ -120.651278099999985, 34.9011493 ], [ -120.6512528, 34.9011557 ], [ -120.6512361, 34.901146 ], [ -120.651234500000015, 34.9011271 ], [ -120.651270200000013, 34.9010863 ], [ -120.651290100000011, 34.9011062 ] ], [ [ -120.6510054, 34.9011627 ], [ -120.650995, 34.9011436 ], [ -120.651006200000012, 34.9011336 ], [ -120.6510148, 34.9011551 ], [ -120.6510054, 34.9011627 ] ], [ [ -120.6478734, 34.9009911 ], [ -120.6478813, 34.9009743 ], [ -120.6478964, 34.9009859 ], [ -120.6479018, 34.9010055 ], [ -120.6478734, 34.9009911 ] ], [ [ -120.6508741, 34.901472399999989 ], [ -120.6508876, 34.9014567 ], [ -120.650933900000012, 34.9014553 ], [ -120.6509428, 34.9014687 ], [ -120.650938, 34.9014869 ], [ -120.6509152, 34.9014962 ], [ -120.6508811, 34.9014893 ], [ -120.6508741, 34.901472399999989 ] ], [ [ -120.6534229, 34.9008056 ], [ -120.6534495, 34.9008258 ], [ -120.6534459, 34.900836 ], [ -120.653379699999988, 34.9008261 ], [ -120.6534229, 34.9008056 ] ], [ [ -120.6546296, 34.9009465 ], [ -120.6546174, 34.900937 ], [ -120.6546238, 34.9009011 ], [ -120.654649100000015, 34.9009039 ], [ -120.654653900000014, 34.9009145 ], [ -120.6546484, 34.9009393 ], [ -120.6546296, 34.9009465 ] ], [ [ -120.654799399999987, 34.9009394 ], [ -120.6547977, 34.9009475 ], [ -120.654775, 34.9009596 ], [ -120.6547374, 34.9009539 ], [ -120.654754599999976, 34.9009194 ], [ -120.6547854, 34.9009263 ], [ -120.654799399999987, 34.9009394 ] ], [ [ -120.6628533, 34.9012238 ], [ -120.662841199999988, 34.9012332 ], [ -120.662832900000012, 34.9012236 ], [ -120.6628439, 34.9012036 ], [ -120.6628533, 34.9012238 ] ], [ [ -120.661964, 34.9012596 ], [ -120.661929, 34.9012595 ], [ -120.6619029, 34.9012504 ], [ -120.6618948, 34.9012378 ], [ -120.6619011, 34.9012239 ], [ -120.6619466, 34.9012051 ], [ -120.661973499999974, 34.901225 ], [ -120.661964, 34.9012596 ] ], [ [ -120.6554174, 34.9011439 ], [ -120.6554334, 34.9011208 ], [ -120.6554704, 34.9010898 ], [ -120.6554941, 34.9010797 ], [ -120.6555153, 34.9011126 ], [ -120.6554963, 34.9011491 ], [ -120.6554644, 34.9011684 ], [ -120.655424599999989, 34.9011597 ], [ -120.6554174, 34.9011439 ] ], [ [ -120.661446599999977, 34.9012719 ], [ -120.6614635, 34.9012612 ], [ -120.661486599999989, 34.9012686 ], [ -120.661483, 34.9012879 ], [ -120.661464, 34.9012875 ], [ -120.661446599999977, 34.9012719 ] ], [ [ -120.6619312, 34.9012962 ], [ -120.6619218, 34.9013051 ], [ -120.6619102, 34.9012956 ], [ -120.661922300000015, 34.9012895 ], [ -120.6619312, 34.9012962 ] ], [ [ -120.655404, 34.9011688 ], [ -120.6554206, 34.9011873 ], [ -120.655384399999988, 34.9012043 ], [ -120.6553814, 34.9011882 ], [ -120.655404, 34.9011688 ] ], [ [ -120.6570911, 34.9012831 ], [ -120.6570781, 34.9013573 ], [ -120.6570604, 34.9013786 ], [ -120.6570425, 34.9013842 ], [ -120.657030299999974, 34.901369599999988 ], [ -120.657043, 34.9012524 ], [ -120.6570814, 34.9012585 ], [ -120.6571039, 34.9012761 ], [ -120.6570911, 34.9012831 ] ], [ [ -120.657130399999986, 34.9012566 ], [ -120.6571277, 34.9012595 ], [ -120.6571232, 34.9012575 ], [ -120.657130399999986, 34.9012566 ] ], [ [ -120.6571803, 34.9013643 ], [ -120.6570929, 34.9014573 ], [ -120.6570731, 34.9014708 ], [ -120.657057599999973, 34.9014704 ], [ -120.6570539, 34.9014562 ], [ -120.657062, 34.9014405 ], [ -120.6571112, 34.9013931 ], [ -120.657157900000016, 34.9013195 ], [ -120.6571951, 34.9012932 ], [ -120.6571971, 34.901327 ], [ -120.6571803, 34.9013643 ] ], [ [ -120.6583756, 34.9013374 ], [ -120.658375, 34.9013565 ], [ -120.6583711, 34.9013512 ], [ -120.6583756, 34.9013374 ] ], [ [ -120.656529499999976, 34.901427 ], [ -120.6565152, 34.9014675 ], [ -120.6564988, 34.9014799 ], [ -120.656515, 34.9013508 ], [ -120.6565302, 34.9013874 ], [ -120.656529499999976, 34.901427 ] ], [ [ -120.658545699999976, 34.9015126 ], [ -120.6585663, 34.9015456 ], [ -120.658564700000014, 34.901567 ], [ -120.6585404, 34.901548 ], [ -120.658545699999976, 34.9015126 ] ], [ [ -120.657013600000013, 34.9015189 ], [ -120.6570381, 34.9015126 ], [ -120.6570532, 34.9015249 ], [ -120.6570519, 34.9015445 ], [ -120.657038199999988, 34.9015587 ], [ -120.65701, 34.9015448 ], [ -120.657013600000013, 34.9015189 ] ], [ [ -120.6578647, 34.9016069 ], [ -120.6578683, 34.9015934 ], [ -120.6579097, 34.9015605 ], [ -120.6579073, 34.9015814 ], [ -120.6578647, 34.9016069 ] ], [ [ -120.6570393, 34.9014876 ], [ -120.657035799999989, 34.9015053 ], [ -120.6570363, 34.9014889 ], [ -120.6570393, 34.9014876 ] ], [ [ -120.6563501, 34.9014665 ], [ -120.6563591, 34.9014461 ], [ -120.6563655, 34.9014592 ], [ -120.6563501, 34.9014665 ] ], [ [ -120.6563769, 34.9014417 ], [ -120.6563811, 34.9014404 ], [ -120.6563794, 34.901443 ], [ -120.6563769, 34.9014417 ] ], [ [ -120.655390299999979, 34.9013025 ], [ -120.6553658, 34.9013085 ], [ -120.655349699999988, 34.9012935 ], [ -120.6553802, 34.9012394 ], [ -120.6554048, 34.9012388 ], [ -120.655412799999979, 34.9012601 ], [ -120.655390299999979, 34.9013025 ] ], [ [ -120.6577528, 34.9016913 ], [ -120.6577675, 34.9017173 ], [ -120.6577518, 34.9017294 ], [ -120.6577396, 34.901714399999989 ], [ -120.6577528, 34.9016913 ] ], [ [ -120.657796, 34.9017094 ], [ -120.657805599999989, 34.901720399999988 ], [ -120.6577954, 34.9017288 ], [ -120.6577823, 34.90172 ], [ -120.657796, 34.9017094 ] ], [ [ -120.653554, 35.1484394 ], [ -120.6535524, 35.1484479 ], [ -120.6535485, 35.1484456 ], [ -120.653554, 35.1484394 ] ], [ [ -120.656585799999988, 35.1506439 ], [ -120.656594200000015, 35.1506523 ], [ -120.6565854, 35.1506605 ], [ -120.6565722, 35.1506507 ], [ -120.656585799999988, 35.1506439 ] ], [ [ -120.6568299, 35.1506753 ], [ -120.6568034, 35.1506785 ], [ -120.6568047, 35.1506664 ], [ -120.6568299, 35.1506753 ] ], [ [ -120.6566865, 35.1507037 ], [ -120.6566828, 35.1507125 ], [ -120.656664100000015, 35.1507129 ], [ -120.656647799999988, 35.1507041 ], [ -120.6566421, 35.1506909 ], [ -120.6566507, 35.1506781 ], [ -120.6566766, 35.1506858 ], [ -120.6566865, 35.1507037 ] ], [ [ -120.656582199999988, 35.1507234 ], [ -120.6565676, 35.1507359 ], [ -120.6565487, 35.1507361 ], [ -120.65653420000001, 35.1507247 ], [ -120.6565301, 35.1506947 ], [ -120.656541, 35.150678 ], [ -120.6565811, 35.150706 ], [ -120.656582199999988, 35.1507234 ] ], [ [ -120.657285699999989, 35.1507354 ], [ -120.657287200000013, 35.1507376 ], [ -120.657285, 35.1507371 ], [ -120.657285699999989, 35.1507354 ] ], [ [ -120.6572404, 35.1507816 ], [ -120.65726690000001, 35.1507809 ], [ -120.657275399999975, 35.1507937 ], [ -120.6572409, 35.1508007 ], [ -120.6572337, 35.1507907 ], [ -120.6572404, 35.1507816 ] ], [ [ -120.6682228, 35.1520904 ], [ -120.6682773, 35.152091 ], [ -120.668296699999985, 35.1520974 ], [ -120.668301, 35.1521063 ], [ -120.66827090000001, 35.1521232 ], [ -120.6682184, 35.1521255 ], [ -120.668204, 35.1521142 ], [ -120.6682228, 35.1520904 ] ], [ [ -120.667587700000013, 35.1521358 ], [ -120.667596100000011, 35.1521497 ], [ -120.6675916, 35.1521642 ], [ -120.6675727, 35.1521692 ], [ -120.667551199999977, 35.1521621 ], [ -120.6675413, 35.152121699999988 ], [ -120.6675658, 35.1521221 ], [ -120.667587700000013, 35.1521358 ] ], [ [ -120.6678297, 35.152166 ], [ -120.6678359, 35.1521848 ], [ -120.6678141, 35.1521907 ], [ -120.6677877, 35.1521848 ], [ -120.6677865, 35.1521742 ], [ -120.6678036, 35.1521636 ], [ -120.6678297, 35.152166 ] ], [ [ -120.6670732, 35.1521732 ], [ -120.667065600000015, 35.1521554 ], [ -120.6670751, 35.1521348 ], [ -120.6671244, 35.1521158 ], [ -120.6671375, 35.1521399 ], [ -120.6671327, 35.1521573 ], [ -120.6671, 35.152174 ], [ -120.6670732, 35.1521732 ] ], [ [ -120.6620335, 35.152283 ], [ -120.6620437, 35.1522649 ], [ -120.6620716, 35.1522503 ], [ -120.662094, 35.1522872 ], [ -120.6620898, 35.1523065 ], [ -120.662073, 35.1523126 ], [ -120.662047699999988, 35.1523074 ], [ -120.6620335, 35.152283 ] ], [ [ -120.662157899999983, 35.1523033 ], [ -120.662158, 35.1523108 ], [ -120.6621465, 35.1523088 ], [ -120.662157899999983, 35.1523033 ] ], [ [ -120.6635651, 35.1528731 ], [ -120.6635975, 35.1528524 ], [ -120.6636041, 35.1528616 ], [ -120.6635992, 35.1528795 ], [ -120.6635738, 35.1529132 ], [ -120.6635451, 35.1529248 ], [ -120.663536299999976, 35.1529124 ], [ -120.6635651, 35.1528731 ] ], [ [ -120.6651257, 35.1530051 ], [ -120.6651458, 35.1529862 ], [ -120.665155, 35.1530012 ], [ -120.66515339999998, 35.153021 ], [ -120.6651445, 35.153034 ], [ -120.6651291, 35.1530356 ], [ -120.6651217, 35.1530286 ], [ -120.6651257, 35.1530051 ] ], [ [ -120.6636044, 35.1530796 ], [ -120.663597, 35.1530607 ], [ -120.663607899999988, 35.1530308 ], [ -120.6636164, 35.1530498 ], [ -120.6636044, 35.1530796 ] ], [ [ -120.663614400000014, 35.1531175 ], [ -120.6636714, 35.1531127 ], [ -120.6636574, 35.1531428 ], [ -120.6636322, 35.1531465 ], [ -120.6636113, 35.1531398 ], [ -120.663614400000014, 35.1531175 ] ], [ [ -120.663507599999988, 35.1531889 ], [ -120.66351610000001, 35.1531722 ], [ -120.663547799999989, 35.15317 ], [ -120.6635783, 35.1531818 ], [ -120.6635635, 35.1532229 ], [ -120.663541599999988, 35.1532251 ], [ -120.6635193, 35.1532128 ], [ -120.663507599999988, 35.1531889 ] ], [ [ -120.66364750000001, 35.1531805 ], [ -120.6636705, 35.1531821 ], [ -120.6636801, 35.1531899 ], [ -120.6636839, 35.153206 ], [ -120.6636734, 35.1532175 ], [ -120.6636401, 35.1532067 ], [ -120.66364750000001, 35.1531805 ] ], [ [ -120.6638934, 35.153243 ], [ -120.663884, 35.1532499 ], [ -120.6638717, 35.1532425 ], [ -120.663887800000012, 35.1532241 ], [ -120.6638934, 35.153243 ] ], [ [ -120.6643548, 35.1532717 ], [ -120.664343299999985, 35.1532767 ], [ -120.6643374, 35.1532691 ], [ -120.6643476, 35.1532629 ], [ -120.6643548, 35.1532717 ] ], [ [ -120.6628227, 35.1534218 ], [ -120.6628295, 35.1533838 ], [ -120.662857500000015, 35.1534025 ], [ -120.662857599999981, 35.1534225 ], [ -120.6628488, 35.1534314 ], [ -120.662831700000012, 35.1534301 ], [ -120.6628227, 35.1534218 ] ], [ [ -120.66432469999998, 35.1532962 ], [ -120.6643299, 35.1533115 ], [ -120.6643238, 35.1533261 ], [ -120.6643107, 35.1533047 ], [ -120.66432469999998, 35.1532962 ] ], [ [ -120.6640379, 35.1533474 ], [ -120.664027600000011, 35.153337 ], [ -120.6640386, 35.153324 ], [ -120.6640483, 35.1533374 ], [ -120.6640379, 35.1533474 ] ], [ [ -120.6699436, 35.1526901 ], [ -120.6699625, 35.1526662 ], [ -120.6699763, 35.1526861 ], [ -120.6699713, 35.1526998 ], [ -120.66995919999998, 35.1527054 ], [ -120.6699436, 35.1526901 ] ], [ [ -120.6703776, 35.1527355 ], [ -120.670381, 35.1527554 ], [ -120.6703527, 35.1527763 ], [ -120.6703505, 35.1527566 ], [ -120.6703776, 35.1527355 ] ], [ [ -120.6716528, 35.1528747 ], [ -120.6716469, 35.1528805 ], [ -120.6716471, 35.1528661 ], [ -120.6716528, 35.1528747 ] ], [ [ -120.6767101, 35.1546899 ], [ -120.6767422, 35.1546859 ], [ -120.6767605, 35.1546935 ], [ -120.6767593, 35.1547047 ], [ -120.6767326, 35.1547214 ], [ -120.6767071, 35.1547043 ], [ -120.6767101, 35.1546899 ] ], [ [ -120.677323, 35.1546575 ], [ -120.6772781, 35.1546676 ], [ -120.677271299999987, 35.1546526 ], [ -120.677282499999976, 35.1546325 ], [ -120.677315099999987, 35.1546341 ], [ -120.677323, 35.1546575 ] ], [ [ -120.677144399999989, 35.1548606 ], [ -120.677136, 35.1548522 ], [ -120.677144699999985, 35.1548451 ], [ -120.67716, 35.1548515 ], [ -120.677144399999989, 35.1548606 ] ], [ [ -120.677636400000011, 35.1550643 ], [ -120.677611200000015, 35.1550753 ], [ -120.677534099999988, 35.1550802 ], [ -120.677468199999979, 35.1550795 ], [ -120.677441699999989, 35.1550724 ], [ -120.6774471, 35.1550541 ], [ -120.6774908, 35.1550285 ], [ -120.677618700000011, 35.1550522 ], [ -120.677636400000011, 35.1550643 ] ], [ [ -120.6773716, 35.1550654 ], [ -120.6773573, 35.1550734 ], [ -120.6773357, 35.1550737 ], [ -120.6773586, 35.1550447 ], [ -120.67737480000001, 35.1550545 ], [ -120.6773716, 35.1550654 ] ], [ [ -120.6799689, 35.1575322 ], [ -120.679993, 35.1575374 ], [ -120.6799615, 35.1575439 ], [ -120.6799441, 35.1575366 ], [ -120.6799689, 35.1575322 ] ], [ [ -120.6808724, 35.1580901 ], [ -120.680894799999976, 35.1580888 ], [ -120.6809023, 35.1580975 ], [ -120.680876799999979, 35.158101699999989 ], [ -120.6808691, 35.1580966 ], [ -120.6808724, 35.1580901 ] ], [ [ -120.680904899999987, 35.1584894 ], [ -120.6809275, 35.1584869 ], [ -120.6809356, 35.1584934 ], [ -120.6809187, 35.1584999 ], [ -120.6809033, 35.1584954 ], [ -120.680904899999987, 35.1584894 ] ], [ [ -120.683573900000013, 35.1580902 ], [ -120.6835761, 35.1581003 ], [ -120.683551, 35.1581024 ], [ -120.6835508, 35.1580883 ], [ -120.683573900000013, 35.1580902 ] ], [ [ -120.6836631, 35.1581136 ], [ -120.683630799999989, 35.15812 ], [ -120.6836277, 35.1581128 ], [ -120.6836382, 35.1581013 ], [ -120.6836631, 35.1581136 ] ], [ [ -120.683452100000011, 35.1582675 ], [ -120.683480499999988, 35.1582426 ], [ -120.6835239, 35.1582417 ], [ -120.6835297, 35.1582522 ], [ -120.68350070000001, 35.1582755 ], [ -120.683453199999988, 35.1582755 ], [ -120.683452100000011, 35.1582675 ] ], [ [ -120.683675, 35.1585398 ], [ -120.6836832, 35.1585228 ], [ -120.6837366, 35.1585038 ], [ -120.68375039999998, 35.1585122 ], [ -120.6837186, 35.1585527 ], [ -120.6836991, 35.1585595 ], [ -120.6836803, 35.1585551 ], [ -120.683675, 35.1585398 ] ], [ [ -120.6845554, 35.1587555 ], [ -120.6845867, 35.1587156 ], [ -120.6846143, 35.1587305 ], [ -120.684616, 35.1587593 ], [ -120.684597599999989, 35.1587923 ], [ -120.684564599999987, 35.1588077 ], [ -120.6845537, 35.1587938 ], [ -120.6845554, 35.1587555 ] ], [ [ -120.6847693, 35.1587928 ], [ -120.6847677, 35.1588169 ], [ -120.6847598, 35.1588245 ], [ -120.6847428, 35.1588247 ], [ -120.68473539999998, 35.1588136 ], [ -120.6847606, 35.1587767 ], [ -120.6847693, 35.1587928 ] ], [ [ -120.684303500000013, 35.1589173 ], [ -120.6843409, 35.1588697 ], [ -120.6843949, 35.1588887 ], [ -120.684403, 35.1589027 ], [ -120.6843787, 35.158929 ], [ -120.6843172, 35.1589586 ], [ -120.684303500000013, 35.1589441 ], [ -120.684303500000013, 35.1589173 ] ], [ [ -120.6845582, 35.158947 ], [ -120.684582600000013, 35.1589454 ], [ -120.6845965, 35.1589593 ], [ -120.6845583, 35.1589663 ], [ -120.6845513, 35.1589585 ], [ -120.6845582, 35.158947 ] ], [ [ -120.6845132, 35.158986299999988 ], [ -120.684523399999989, 35.1589964 ], [ -120.684512399999988, 35.1590099 ], [ -120.6845027, 35.1589983 ], [ -120.6845132, 35.158986299999988 ] ], [ [ -120.6849539, 35.1589955 ], [ -120.684962, 35.1590056 ], [ -120.6849511, 35.1590233 ], [ -120.6849291, 35.1590347 ], [ -120.6849171, 35.1590231 ], [ -120.68493, 35.1589967 ], [ -120.6849539, 35.1589955 ] ], [ [ -120.686084799999989, 35.159306199999989 ], [ -120.6860913, 35.1593127 ], [ -120.6860835, 35.1593201 ], [ -120.6860775, 35.159314 ], [ -120.686084799999989, 35.159306199999989 ] ], [ [ -120.6867035, 35.159416 ], [ -120.6866947, 35.159419 ], [ -120.6866965, 35.1594132 ], [ -120.6867035, 35.159416 ] ], [ [ -120.686652199999983, 35.1594275 ], [ -120.686671099999984, 35.1594348 ], [ -120.6866748, 35.1594577 ], [ -120.686644, 35.1594394 ], [ -120.686652199999983, 35.1594275 ] ], [ [ -120.6871905, 35.1598393 ], [ -120.6871893, 35.159842 ], [ -120.6871894, 35.1598377 ], [ -120.6871905, 35.1598393 ] ], [ [ -120.6871703, 35.1598749 ], [ -120.6871667, 35.1598779 ], [ -120.6871665, 35.159873499999989 ], [ -120.6871703, 35.1598749 ] ], [ [ -120.6871855, 35.1599776 ], [ -120.687193400000012, 35.1599876 ], [ -120.6871876, 35.1600017 ], [ -120.687137799999988, 35.1600175 ], [ -120.6871431, 35.160001699999988 ], [ -120.6871855, 35.1599776 ] ], [ [ -120.6870743, 35.1600282 ], [ -120.687111800000011, 35.1600357 ], [ -120.6870744, 35.1600416 ], [ -120.6870684, 35.1600359 ], [ -120.6870743, 35.1600282 ] ], [ [ -120.69068990000001, 35.1641506 ], [ -120.6907072, 35.1641615 ], [ -120.690689299999988, 35.1641708 ], [ -120.6906739, 35.1641609 ], [ -120.69068990000001, 35.1641506 ] ], [ [ -120.6922023, 35.1650153 ], [ -120.6922271, 35.1650261 ], [ -120.692250399999978, 35.1650633 ], [ -120.6922498, 35.1650773 ], [ -120.69223719999998, 35.1650734 ], [ -120.6922023, 35.1650153 ] ], [ [ -120.696254599999989, 35.1684628 ], [ -120.6962657, 35.1684818 ], [ -120.696253500000012, 35.168495799999988 ], [ -120.6962443, 35.168486 ], [ -120.696254599999989, 35.1684628 ] ], [ [ -120.699487499999989, 35.171393 ], [ -120.699481899999981, 35.1714018 ], [ -120.699468, 35.1713958 ], [ -120.699487499999989, 35.171393 ] ], [ [ -120.7005138, 35.1715936 ], [ -120.7005586, 35.1716026 ], [ -120.700569, 35.1716156 ], [ -120.700565599999976, 35.1716289 ], [ -120.7005517, 35.1716307 ], [ -120.700518199999976, 35.1716166 ], [ -120.7005138, 35.1715936 ] ], [ [ -120.7208064, 35.1732094 ], [ -120.720818600000015, 35.1731932 ], [ -120.720846099999974, 35.1731778 ], [ -120.720876800000013, 35.1731912 ], [ -120.7208914, 35.1732129 ], [ -120.7208705, 35.1732408 ], [ -120.720836299999988, 35.1732456 ], [ -120.720814100000013, 35.1732351 ], [ -120.7208064, 35.1732094 ] ], [ [ -120.718488600000015, 35.1734624 ], [ -120.7185059, 35.1734704 ], [ -120.7184894, 35.1734891 ], [ -120.718477599999986, 35.1734715 ], [ -120.718488600000015, 35.1734624 ] ], [ [ -120.7185983, 35.1734672 ], [ -120.7186462, 35.1734868 ], [ -120.7186544, 35.1735077 ], [ -120.7185829, 35.1735698 ], [ -120.7185506, 35.1735837 ], [ -120.7185251, 35.1735844 ], [ -120.718509900000015, 35.173561 ], [ -120.71852410000001, 35.1735095 ], [ -120.7185519, 35.1734874 ], [ -120.7185983, 35.1734672 ] ], [ [ -120.7187606, 35.1736392 ], [ -120.718801200000016, 35.173665899999989 ], [ -120.7188229, 35.1736939 ], [ -120.718826299999975, 35.1737185 ], [ -120.7187597, 35.1738057 ], [ -120.7187508, 35.1738806 ], [ -120.7187204, 35.1739264 ], [ -120.7186776, 35.173949 ], [ -120.7186101, 35.1739399 ], [ -120.7185956, 35.1739474 ], [ -120.718596600000012, 35.1739669 ], [ -120.7186307, 35.1740183 ], [ -120.7186229, 35.174027599999988 ], [ -120.7185779, 35.1740077 ], [ -120.7185208, 35.1739684 ], [ -120.7184726, 35.1739231 ], [ -120.7184511, 35.1738875 ], [ -120.718511100000015, 35.173874 ], [ -120.718532400000015, 35.1737987 ], [ -120.718555099999975, 35.1737619 ], [ -120.718725499999977, 35.1736313 ], [ -120.7187606, 35.1736392 ] ], [ [ -120.7189167, 35.1738436 ], [ -120.718939299999988, 35.1738366 ], [ -120.7189487, 35.1738558 ], [ -120.7189335, 35.1738624 ], [ -120.718916100000015, 35.1738602 ], [ -120.7189167, 35.1738436 ] ], [ [ -120.7174212, 35.174024 ], [ -120.7173771, 35.1740135 ], [ -120.717354500000013, 35.1739925 ], [ -120.717377899999988, 35.1739231 ], [ -120.7174288, 35.1739924 ], [ -120.717431, 35.1740137 ], [ -120.7174212, 35.174024 ] ], [ [ -120.718127599999988, 35.1739858 ], [ -120.7181222, 35.1740033 ], [ -120.7181231, 35.1739729 ], [ -120.718127599999988, 35.1739858 ] ], [ [ -120.7180568, 35.1739866 ], [ -120.7180476, 35.1739822 ], [ -120.7180571, 35.1739766 ], [ -120.7180642, 35.1739831 ], [ -120.7180568, 35.1739866 ] ], [ [ -120.7058815, 35.173665899999989 ], [ -120.7058819, 35.1736879 ], [ -120.7058583, 35.1736647 ], [ -120.7058578, 35.1736425 ], [ -120.7058628, 35.173656 ], [ -120.7058815, 35.173665899999989 ] ], [ [ -120.705526499999976, 35.1736745 ], [ -120.70550609999998, 35.1736571 ], [ -120.7055067, 35.1736348 ], [ -120.7055339, 35.1736462 ], [ -120.705526499999976, 35.1736745 ] ], [ [ -120.705772499999981, 35.1735523 ], [ -120.7057946, 35.173546 ], [ -120.705793, 35.1735825 ], [ -120.705772499999981, 35.1735523 ] ], [ [ -120.7049359, 35.1735277 ], [ -120.7049209, 35.1735183 ], [ -120.7049394, 35.1735065 ], [ -120.704943, 35.1735202 ], [ -120.7049359, 35.1735277 ] ], [ [ -120.7055293, 35.1737618 ], [ -120.705525200000011, 35.1737852 ], [ -120.705466699999988, 35.1737406 ], [ -120.7054561, 35.173719 ], [ -120.7054608, 35.1737031 ], [ -120.705496, 35.1737002 ], [ -120.705518, 35.1737122 ], [ -120.7055293, 35.1737618 ] ], [ [ -120.7162157, 35.1741058 ], [ -120.716210600000011, 35.1741121 ], [ -120.716209299999989, 35.1740942 ], [ -120.7162157, 35.1741058 ] ], [ [ -120.7078258, 35.1740731 ], [ -120.7078857, 35.1740939 ], [ -120.707915, 35.1741219 ], [ -120.7079277, 35.1741578 ], [ -120.7079182, 35.1741607 ], [ -120.707891800000013, 35.1741507 ], [ -120.707755599999984, 35.1740748 ], [ -120.707677, 35.1740174 ], [ -120.7076487, 35.1739837 ], [ -120.7078258, 35.1740731 ] ], [ [ -120.706794399999978, 35.1740527 ], [ -120.7067877, 35.1740677 ], [ -120.70676730000001, 35.1740661 ], [ -120.706745700000013, 35.1740484 ], [ -120.7067405, 35.1740319 ], [ -120.7067475, 35.1740166 ], [ -120.706788, 35.1740344 ], [ -120.706794399999978, 35.1740527 ] ], [ [ -120.711342199999976, 35.1746361 ], [ -120.7112334, 35.1745706 ], [ -120.7113593, 35.1746019 ], [ -120.7114536, 35.1746084 ], [ -120.7114953, 35.174623499999988 ], [ -120.7116172, 35.1747015 ], [ -120.7116683, 35.1747618 ], [ -120.711672400000012, 35.1747856 ], [ -120.711654700000011, 35.1747898 ], [ -120.7116125, 35.174775 ], [ -120.711342199999976, 35.1746361 ] ], [ [ -120.7119689, 35.174966 ], [ -120.712015, 35.1749779 ], [ -120.7120214, 35.1749898 ], [ -120.712014, 35.1750048 ], [ -120.71198170000001, 35.1749939 ], [ -120.7119689, 35.174966 ] ], [ [ -120.7164716, 35.175114 ], [ -120.7164885, 35.1751015 ], [ -120.716497, 35.1751164 ], [ -120.7164828, 35.1751302 ], [ -120.716472200000013, 35.1751245 ], [ -120.7164716, 35.175114 ] ], [ [ -120.7144018, 35.1759097 ], [ -120.7144091, 35.1759165 ], [ -120.71440029999998, 35.1759237 ], [ -120.714391899999981, 35.1759154 ], [ -120.7144018, 35.1759097 ] ], [ [ -120.717249200000012, 35.174075 ], [ -120.7172407, 35.17408 ], [ -120.7172424, 35.174056 ], [ -120.717249200000012, 35.174075 ] ], [ [ -120.718994099999989, 35.1742336 ], [ -120.719007, 35.1742406 ], [ -120.719012, 35.1742568 ], [ -120.719006799999988, 35.1742706 ], [ -120.7189909, 35.174276 ], [ -120.718981, 35.1742649 ], [ -120.718994099999989, 35.1742336 ] ], [ [ -120.724770599999985, 35.1744255 ], [ -120.724760499999974, 35.1744414 ], [ -120.7247454, 35.1744433 ], [ -120.724737299999987, 35.1744232 ], [ -120.724764900000011, 35.1743854 ], [ -120.724770599999985, 35.1744255 ] ], [ [ -120.7191053, 35.174333499999989 ], [ -120.7190793, 35.1743479 ], [ -120.7191015, 35.1743186 ], [ -120.7191053, 35.174333499999989 ] ], [ [ -120.718750199999988, 35.1743171 ], [ -120.7187497, 35.1743252 ], [ -120.7187374, 35.1743215 ], [ -120.718750199999988, 35.1743171 ] ], [ [ -120.7188563, 35.1744504 ], [ -120.7188803, 35.1744544 ], [ -120.7188867, 35.174467299999989 ], [ -120.718865299999976, 35.1744932 ], [ -120.718850899999978, 35.1744984 ], [ -120.7188317, 35.1744838 ], [ -120.7188563, 35.1744504 ] ], [ [ -120.724746099999976, 35.1745754 ], [ -120.7247372, 35.1745848 ], [ -120.7247257, 35.174576 ], [ -120.7247381, 35.174556 ], [ -120.724746099999976, 35.1745754 ] ], [ [ -120.7205672, 35.1745155 ], [ -120.7205658, 35.174537 ], [ -120.7205445, 35.1745667 ], [ -120.7205455, 35.1745447 ], [ -120.7205672, 35.1745155 ] ], [ [ -120.7194888, 35.1746023 ], [ -120.719515099999981, 35.174599 ], [ -120.7195173, 35.1746232 ], [ -120.7194893, 35.1746559 ], [ -120.7194654, 35.1746604 ], [ -120.7194615, 35.1746426 ], [ -120.7194888, 35.1746023 ] ], [ [ -120.719369500000013, 35.1747354 ], [ -120.7193655, 35.1747576 ], [ -120.7193296, 35.1747645 ], [ -120.7193074, 35.1747591 ], [ -120.719303299999979, 35.1747417 ], [ -120.719353900000016, 35.1747165 ], [ -120.719369500000013, 35.1747354 ] ], [ [ -120.7245814, 35.1748631 ], [ -120.724576399999989, 35.1748668 ], [ -120.724576, 35.1748592 ], [ -120.7245814, 35.1748631 ] ], [ [ -120.719854699999985, 35.1747972 ], [ -120.719854900000016, 35.1748117 ], [ -120.7198337, 35.1748178 ], [ -120.7198347, 35.1747982 ], [ -120.719854699999985, 35.1747972 ] ], [ [ -120.724465199999983, 35.1748938 ], [ -120.724465, 35.1749011 ], [ -120.724461, 35.1748969 ], [ -120.724465199999983, 35.1748938 ] ], [ [ -120.7223373, 35.174933 ], [ -120.722362, 35.174965799999988 ], [ -120.722379100000012, 35.1750042 ], [ -120.7223856, 35.1750488 ], [ -120.7223798, 35.1750845 ], [ -120.7223655, 35.1751103 ], [ -120.722342500000011, 35.1751316 ], [ -120.722317299999986, 35.1751414 ], [ -120.7222937, 35.1751349 ], [ -120.722243, 35.1750919 ], [ -120.7222277, 35.1750595 ], [ -120.722221, 35.175018 ], [ -120.722223899999989, 35.1749842 ], [ -120.7222379, 35.1749575 ], [ -120.7222651, 35.1749364 ], [ -120.7223126, 35.1749184 ], [ -120.7223373, 35.174933 ] ], [ [ -120.720595, 35.175011 ], [ -120.720561599999982, 35.1750068 ], [ -120.72054, 35.174986 ], [ -120.720536, 35.1749647 ], [ -120.7205551, 35.1749478 ], [ -120.720599, 35.1749996 ], [ -120.720595, 35.175011 ] ], [ [ -120.7195113, 35.1749812 ], [ -120.7194752, 35.1749901 ], [ -120.7194007, 35.1749681 ], [ -120.71938990000001, 35.174947599999989 ], [ -120.719414, 35.1749212 ], [ -120.719500900000014, 35.1749434 ], [ -120.7195142, 35.1749613 ], [ -120.7195113, 35.1749812 ] ], [ [ -120.7196037, 35.17493 ], [ -120.719612, 35.1749096 ], [ -120.7196367, 35.1749008 ], [ -120.719658599999974, 35.1749028 ], [ -120.719668699999986, 35.1749177 ], [ -120.7196643, 35.1749369 ], [ -120.719639500000014, 35.1749484 ], [ -120.719614399999983, 35.1749418 ], [ -120.7196037, 35.17493 ] ], [ [ -120.720273, 35.1749042 ], [ -120.720272, 35.1749263 ], [ -120.7202331, 35.1749078 ], [ -120.7202275, 35.174885 ], [ -120.720273, 35.1749042 ] ], [ [ -120.721191600000012, 35.1749578 ], [ -120.721214100000012, 35.1749499 ], [ -120.7212251, 35.174962 ], [ -120.7212096, 35.174969 ], [ -120.721186, 35.1749622 ], [ -120.721191600000012, 35.1749578 ] ], [ [ -120.720663, 35.1750176 ], [ -120.7206714, 35.17503 ], [ -120.720663699999989, 35.175038 ], [ -120.7206571, 35.1750255 ], [ -120.720663, 35.1750176 ] ], [ [ -120.720702599999981, 35.1750427 ], [ -120.7206834, 35.1750564 ], [ -120.7206675, 35.175042 ], [ -120.7206844, 35.1750367 ], [ -120.720702599999981, 35.1750427 ] ], [ [ -120.720815099999982, 35.175074699999989 ], [ -120.720825599999984, 35.1750823 ], [ -120.7208157, 35.1751019 ], [ -120.7208077, 35.1750864 ], [ -120.720815099999982, 35.175074699999989 ] ], [ [ -120.721728899999988, 35.1753786 ], [ -120.721737600000012, 35.1753876 ], [ -120.7217283, 35.1753963 ], [ -120.7217191, 35.1753873 ], [ -120.721728899999988, 35.1753786 ] ], [ [ -120.7582211, 35.1596077 ], [ -120.758205699999976, 35.1596389 ], [ -120.7581858, 35.1596485 ], [ -120.758162, 35.1596487 ], [ -120.758070699999976, 35.1596179 ], [ -120.758059, 35.1595896 ], [ -120.7580696, 35.1595649 ], [ -120.7580878, 35.1595485 ], [ -120.758179599999977, 35.1595735 ], [ -120.758207399999989, 35.159588 ], [ -120.7582211, 35.1596077 ] ], [ [ -120.7588985, 35.1596078 ], [ -120.758886600000011, 35.1596018 ], [ -120.758880099999985, 35.1595852 ], [ -120.758899299999982, 35.1595775 ], [ -120.758909100000011, 35.1595985 ], [ -120.7588985, 35.1596078 ] ], [ [ -120.758903100000012, 35.159634 ], [ -120.758914499999989, 35.1596584 ], [ -120.7589001, 35.1596644 ], [ -120.758887, 35.1596609 ], [ -120.7588759, 35.1596336 ], [ -120.758903100000012, 35.159634 ] ], [ [ -120.757106900000011, 35.1596448 ], [ -120.7570711, 35.1596033 ], [ -120.757074800000012, 35.1595805 ], [ -120.757099599999989, 35.1595578 ], [ -120.757137, 35.1595631 ], [ -120.757158499999989, 35.1595809 ], [ -120.757159, 35.1596282 ], [ -120.7571392, 35.1596511 ], [ -120.757106900000011, 35.1596448 ] ], [ [ -120.7579433, 35.159729 ], [ -120.757929499999989, 35.1597409 ], [ -120.757907300000014, 35.1597257 ], [ -120.75793, 35.1597161 ], [ -120.7579433, 35.159729 ] ], [ [ -120.7595343, 35.1597709 ], [ -120.759535099999979, 35.1597816 ], [ -120.7595133, 35.1597865 ], [ -120.7594977, 35.1597808 ], [ -120.7594938, 35.1597735 ], [ -120.759509, 35.1597633 ], [ -120.7595343, 35.1597709 ] ], [ [ -120.758229300000011, 35.1597458 ], [ -120.7582429, 35.1597602 ], [ -120.7582428, 35.1597725 ], [ -120.758229399999976, 35.1597768 ], [ -120.7582084, 35.1597701 ], [ -120.7581923, 35.1597401 ], [ -120.758229300000011, 35.1597458 ] ], [ [ -120.756536899999986, 35.1598482 ], [ -120.7565251, 35.1598603 ], [ -120.756479200000015, 35.159864 ], [ -120.756440399999974, 35.1598416 ], [ -120.7564287, 35.1598152 ], [ -120.7564145, 35.1597236 ], [ -120.756467, 35.1597314 ], [ -120.7565132, 35.1597599 ], [ -120.7565388, 35.1598318 ], [ -120.756536899999986, 35.1598482 ] ], [ [ -120.7579912, 35.1598703 ], [ -120.7579926, 35.1598754 ], [ -120.7579885, 35.1598735 ], [ -120.7579912, 35.1598703 ] ], [ [ -120.7566302, 35.1598645 ], [ -120.7566577, 35.1599014 ], [ -120.756653300000011, 35.1599175 ], [ -120.756609, 35.159884 ], [ -120.7566302, 35.1598645 ] ], [ [ -120.7579504, 35.1597581 ], [ -120.7579589, 35.1597642 ], [ -120.757951299999974, 35.1597698 ], [ -120.7579388, 35.1597631 ], [ -120.7579504, 35.1597581 ] ], [ [ -120.758147400000013, 35.1597789 ], [ -120.758155, 35.1597898 ], [ -120.7581469, 35.1598043 ], [ -120.758134199999986, 35.1597865 ], [ -120.758147400000013, 35.1597789 ] ], [ [ -120.7574898, 35.1600798 ], [ -120.7574802, 35.1600873 ], [ -120.757471199999983, 35.1600795 ], [ -120.757480699999988, 35.1600704 ], [ -120.7574898, 35.1600798 ] ], [ [ -120.757524, 35.1600928 ], [ -120.7575325, 35.1600994 ], [ -120.7575247, 35.160106 ], [ -120.757518, 35.1600999 ], [ -120.757524, 35.1600928 ] ], [ [ -120.7566249, 35.1600895 ], [ -120.7566077, 35.160081399999989 ], [ -120.7566243, 35.1600775 ], [ -120.7566304, 35.1600829 ], [ -120.7566249, 35.1600895 ] ], [ [ -120.7608853, 35.1597683 ], [ -120.7608698, 35.1597759 ], [ -120.7608549, 35.1597639 ], [ -120.760870700000012, 35.1597452 ], [ -120.760892899999988, 35.1597503 ], [ -120.7608853, 35.1597683 ] ], [ [ -120.7750608, 35.1670829 ], [ -120.77506, 35.167102799999988 ], [ -120.775041699999989, 35.1671071 ], [ -120.775021700000011, 35.1671009 ], [ -120.7750177, 35.1670897 ], [ -120.7750292, 35.1670748 ], [ -120.7750608, 35.1670829 ] ], [ [ -120.7927664, 35.1785808 ], [ -120.7927773, 35.1785934 ], [ -120.7927657, 35.1786041 ], [ -120.792751599999988, 35.1785941 ], [ -120.7927664, 35.1785808 ] ], [ [ -120.792388699999975, 35.1788589 ], [ -120.7923858, 35.1788606 ], [ -120.792385599999989, 35.1788571 ], [ -120.792388699999975, 35.1788589 ] ], [ [ -120.790453, 35.1789121 ], [ -120.7904359, 35.1789352 ], [ -120.7904212, 35.1789286 ], [ -120.7904084, 35.1788889 ], [ -120.790453, 35.1789121 ] ], [ [ -120.7909992, 35.1789147 ], [ -120.7910211, 35.1789405 ], [ -120.791008799999986, 35.1789588 ], [ -120.790960199999986, 35.1789768 ], [ -120.7909507, 35.1789725 ], [ -120.790938, 35.178942 ], [ -120.7909567, 35.1789122 ], [ -120.7909992, 35.1789147 ] ], [ [ -120.7899907, 35.1789091 ], [ -120.789959599999989, 35.1789101 ], [ -120.7899568, 35.1789022 ], [ -120.7899691, 35.1788927 ], [ -120.7899903, 35.1788962 ], [ -120.7899907, 35.1789091 ] ], [ [ -120.791678199999978, 35.1790047 ], [ -120.791682699999981, 35.1790105 ], [ -120.7916567, 35.1790375 ], [ -120.791649600000014, 35.1790247 ], [ -120.791657, 35.179004 ], [ -120.791678199999978, 35.1790047 ] ], [ [ -120.791846100000015, 35.1790475 ], [ -120.7918327, 35.1790559 ], [ -120.791822499999981, 35.1790472 ], [ -120.791831799999983, 35.1790355 ], [ -120.791846100000015, 35.1790475 ] ], [ [ -120.791036299999988, 35.1791046 ], [ -120.7909846, 35.1790951 ], [ -120.7909587, 35.1790734 ], [ -120.790964199999976, 35.1790522 ], [ -120.7909979, 35.1790133 ], [ -120.7910477, 35.1790095 ], [ -120.791074099999989, 35.1790246 ], [ -120.7910712, 35.1790656 ], [ -120.791036299999988, 35.1791046 ] ], [ [ -120.790901099999985, 35.1790642 ], [ -120.7909012, 35.1790847 ], [ -120.7908875, 35.1791002 ], [ -120.790859900000015, 35.179088 ], [ -120.790844399999983, 35.1790688 ], [ -120.790847, 35.1790503 ], [ -120.790865599999989, 35.1790355 ], [ -120.7908899, 35.179048 ], [ -120.790901099999985, 35.1790642 ] ], [ [ -120.7902757, 35.1790598 ], [ -120.7902571, 35.1790757 ], [ -120.79022879999998, 35.1790834 ], [ -120.7902115, 35.1790544 ], [ -120.7902508, 35.1790322 ], [ -120.7902731, 35.1790442 ], [ -120.7902757, 35.1790598 ] ], [ [ -120.7896948, 35.1790351 ], [ -120.789692699999975, 35.1790256 ], [ -120.7897022, 35.179016 ], [ -120.7897344, 35.1790241 ], [ -120.789724099999987, 35.1790444 ], [ -120.7896948, 35.1790351 ] ], [ [ -120.789614, 35.1790341 ], [ -120.789596299999985, 35.1790312 ], [ -120.7895891, 35.1790247 ], [ -120.7895924, 35.1790154 ], [ -120.789616399999986, 35.1790138 ], [ -120.7896243, 35.1790274 ], [ -120.789614, 35.1790341 ] ], [ [ -120.792094599999984, 35.1790622 ], [ -120.7921143, 35.1790706 ], [ -120.7920878, 35.1790764 ], [ -120.7920846, 35.1790703 ], [ -120.792094599999984, 35.1790622 ] ], [ [ -120.792067299999985, 35.1790873 ], [ -120.7920458, 35.1790955 ], [ -120.792034299999983, 35.1790858 ], [ -120.7920506, 35.1790664 ], [ -120.792067299999985, 35.1790873 ] ], [ [ -120.7918905, 35.1791304 ], [ -120.7918672, 35.1791466 ], [ -120.7918459, 35.1791428 ], [ -120.791832, 35.1791222 ], [ -120.7918374, 35.1790954 ], [ -120.7918526, 35.1790793 ], [ -120.7918869, 35.1790745 ], [ -120.7919068, 35.1790897 ], [ -120.7918905, 35.1791304 ] ], [ [ -120.791165, 35.1791298 ], [ -120.791165, 35.1791467 ], [ -120.7911479, 35.1791575 ], [ -120.791127, 35.1791549 ], [ -120.7911131, 35.1791439 ], [ -120.791104799999985, 35.1791229 ], [ -120.7911262, 35.1791128 ], [ -120.7911495, 35.179116 ], [ -120.791165, 35.1791298 ] ], [ [ -120.79140120000001, 35.1791837 ], [ -120.7913883, 35.1791948 ], [ -120.791378, 35.1791834 ], [ -120.791389, 35.1791688 ], [ -120.79140120000001, 35.1791837 ] ], [ [ -120.790373, 35.1791918 ], [ -120.7903563, 35.1791949 ], [ -120.7903431, 35.1791882 ], [ -120.79034249999998, 35.1791799 ], [ -120.790356800000012, 35.1791729 ], [ -120.7903787, 35.1791826 ], [ -120.790373, 35.1791918 ] ], [ [ -120.7986476, 35.1822362 ], [ -120.798663499999989, 35.1822105 ], [ -120.7986865, 35.1822228 ], [ -120.798687399999977, 35.182238399999989 ], [ -120.798677399999988, 35.1822458 ], [ -120.7986584, 35.1822451 ], [ -120.7986476, 35.1822362 ] ], [ [ -120.7991651, 35.1822335 ], [ -120.799186899999981, 35.1822519 ], [ -120.7991864, 35.1822648 ], [ -120.7991659, 35.1822836 ], [ -120.799146799999988, 35.182319 ], [ -120.7991354, 35.1823082 ], [ -120.7991239, 35.1822394 ], [ -120.7991651, 35.1822335 ] ], [ [ -120.7986605, 35.1823185 ], [ -120.798646799999986, 35.1823072 ], [ -120.7986614, 35.182288299999989 ], [ -120.798676, 35.1823076 ], [ -120.7986605, 35.1823185 ] ], [ [ -120.7990572, 35.1822715 ], [ -120.7990678, 35.1822952 ], [ -120.7990562, 35.1823066 ], [ -120.7990445, 35.1822944 ], [ -120.7990572, 35.1822715 ] ], [ [ -120.799099399999989, 35.1823339 ], [ -120.799086300000013, 35.1823633 ], [ -120.799057800000014, 35.182361 ], [ -120.7990609, 35.1823427 ], [ -120.799099399999989, 35.1823339 ] ], [ [ -120.801713799999973, 35.1831099 ], [ -120.8017401, 35.1831211 ], [ -120.8017367, 35.1831426 ], [ -120.801709100000011, 35.1831254 ], [ -120.801713799999973, 35.1831099 ] ], [ [ -120.801548, 35.1831746 ], [ -120.8015586, 35.1831622 ], [ -120.8015874, 35.1831657 ], [ -120.8015885, 35.183183 ], [ -120.8015734, 35.1831898 ], [ -120.801555, 35.1831866 ], [ -120.801548, 35.1831746 ] ], [ [ -120.8015578, 35.1831942 ], [ -120.8015756, 35.1832063 ], [ -120.8015671, 35.183215 ], [ -120.80155139999998, 35.1832109 ], [ -120.8015578, 35.1831942 ] ], [ [ -120.8050333, 35.1846698 ], [ -120.805032299999979, 35.1846543 ], [ -120.805065299999981, 35.1846593 ], [ -120.8050929, 35.1846804 ], [ -120.80507609999998, 35.184686 ], [ -120.805050200000011, 35.1846815 ], [ -120.8050333, 35.1846698 ] ], [ [ -120.8066833, 35.1845697 ], [ -120.806692500000011, 35.184592 ], [ -120.8066667, 35.1845934 ], [ -120.8066595, 35.1845774 ], [ -120.8066833, 35.1845697 ] ], [ [ -120.806558599999988, 35.185878599999988 ], [ -120.8065841, 35.1858883 ], [ -120.8065877, 35.1859008 ], [ -120.8065616, 35.185921 ], [ -120.8065363, 35.1859248 ], [ -120.806530200000012, 35.1859095 ], [ -120.806558599999988, 35.185878599999988 ] ], [ [ -120.8065706, 35.1859602 ], [ -120.806570400000012, 35.1859794 ], [ -120.8065401, 35.1859779 ], [ -120.80653479999998, 35.1859482 ], [ -120.8065706, 35.1859602 ] ], [ [ -120.8081092, 35.1862041 ], [ -120.8081154, 35.1862234 ], [ -120.8081317, 35.1862273 ], [ -120.8081313, 35.186234 ], [ -120.808104499999985, 35.1862277 ], [ -120.8081092, 35.1862041 ] ], [ [ -120.8125869, 35.1880129 ], [ -120.81257690000001, 35.1880061 ], [ -120.8125852, 35.1879987 ], [ -120.812594600000011, 35.1880065 ], [ -120.8125869, 35.1880129 ] ], [ [ -120.8141704, 35.1888141 ], [ -120.8141888, 35.1888049 ], [ -120.81421, 35.1888404 ], [ -120.814202, 35.1888512 ], [ -120.814184199999985, 35.188855 ], [ -120.8141662, 35.188847 ], [ -120.8141633, 35.1888328 ], [ -120.8141704, 35.1888141 ] ], [ [ -120.8129152, 35.1887963 ], [ -120.8129407, 35.1887995 ], [ -120.812948600000013, 35.188812 ], [ -120.812941599999974, 35.1888323 ], [ -120.8129168, 35.1888437 ], [ -120.812901899999986, 35.1888213 ], [ -120.8129152, 35.1887963 ] ], [ [ -120.8152517, 35.188896 ], [ -120.8152601, 35.188919 ], [ -120.8152428, 35.1889517 ], [ -120.815212099999982, 35.1889657 ], [ -120.815190799999982, 35.1889562 ], [ -120.8151842, 35.1889382 ], [ -120.8152187, 35.1888916 ], [ -120.8152517, 35.188896 ] ], [ [ -120.813508500000012, 35.1889389 ], [ -120.8135048, 35.1889212 ], [ -120.81353, 35.1889157 ], [ -120.8135469, 35.1889259 ], [ -120.813508500000012, 35.1889389 ] ], [ [ -120.814763, 35.1889813 ], [ -120.8147549, 35.1889886 ], [ -120.814748, 35.188982 ], [ -120.81475540000001, 35.1889717 ], [ -120.814763, 35.1889813 ] ], [ [ -120.8134597, 35.188988 ], [ -120.813437499999978, 35.188976 ], [ -120.8134617, 35.1889733 ], [ -120.8134793, 35.1889795 ], [ -120.8134597, 35.188988 ] ], [ [ -120.814768399999977, 35.1890644 ], [ -120.8147733, 35.1890776 ], [ -120.8147593, 35.1891082 ], [ -120.814735, 35.189132199999989 ], [ -120.8146662, 35.1891499 ], [ -120.814663, 35.189133 ], [ -120.8147087, 35.1890717 ], [ -120.8147526, 35.189061 ], [ -120.814768399999977, 35.1890644 ] ], [ [ -120.8148328, 35.1891085 ], [ -120.814840600000011, 35.1890702 ], [ -120.814859399999989, 35.189064099999989 ], [ -120.8148681, 35.1890709 ], [ -120.8148741, 35.1891067 ], [ -120.81486289999998, 35.1891216 ], [ -120.814843599999989, 35.189119 ], [ -120.8148328, 35.1891085 ] ], [ [ -120.814823, 35.189133 ], [ -120.8147957, 35.1891349 ], [ -120.8147952, 35.1891253 ], [ -120.814823, 35.189133 ] ], [ [ -120.813072, 35.1890839 ], [ -120.8131105, 35.1891119 ], [ -120.8131137, 35.1891451 ], [ -120.8130935, 35.1891598 ], [ -120.813037400000013, 35.1891758 ], [ -120.8129821, 35.1891743 ], [ -120.8129373, 35.1891282 ], [ -120.812926, 35.1890887 ], [ -120.81293, 35.1890649 ], [ -120.8130094, 35.1890658 ], [ -120.813072, 35.1890839 ] ], [ [ -120.813415799999987, 35.1893016 ], [ -120.813404299999988, 35.1893045 ], [ -120.813406899999976, 35.1892974 ], [ -120.813415799999987, 35.1893016 ] ], [ [ -120.813274799999988, 35.1893099 ], [ -120.813283, 35.1893193 ], [ -120.813273, 35.1893284 ], [ -120.813263299999988, 35.1893179 ], [ -120.813274799999988, 35.1893099 ] ], [ [ -120.813567699999979, 35.1893276 ], [ -120.813560700000011, 35.1893352 ], [ -120.813560099999989, 35.1893186 ], [ -120.813567699999979, 35.1893276 ] ], [ [ -120.8177923, 35.1903855 ], [ -120.817799, 35.1903921 ], [ -120.8177833, 35.1903953 ], [ -120.81778, 35.1903895 ], [ -120.8177923, 35.1903855 ] ], [ [ -120.8178787, 35.1904408 ], [ -120.817905399999987, 35.1904454 ], [ -120.8179086, 35.190462 ], [ -120.817900899999984, 35.190472 ], [ -120.817870200000016, 35.1904684 ], [ -120.8178787, 35.1904408 ] ], [ [ -120.8195014, 35.1915032 ], [ -120.8194787, 35.1915046 ], [ -120.819475700000012, 35.191498599999989 ], [ -120.8195014, 35.1915032 ] ] ] } }
]
}
