nms,date,pc1,pc2
OCNMS,2003-01-01,0.7185073202561802,0.5623932285724275
OCNMS,2003-02-01,0.3377443230147481,0.4158631652744935
OCNMS,2003-03-01,0.624626100127054,0.23212210325760466
OCNMS,2003-04-01,1.3505441137820156,0.15562286217211724
OCNMS,2003-05-01,1.0263999135561586,0.21853163168802364
OCNMS,2003-06-01,-0.40091384863223456,0.2979250050886262
OCNMS,2003-07-01,-1.130741401419386,0.3084486691602401
OCNMS,2003-08-01,-0.42838169665459336,0.36319296605727885
OCNMS,2003-09-01,0.2359063364938796,0.5763125437037953
OCNMS,2003-10-01,-0.11395722764712925,0.7595456120297006
OCNMS,2003-11-01,-0.31144040104014775,0.5686828862080853
OCNMS,2003-12-01,0.5657383981013769,0.015302535266338976
OCNMS,2004-01-01,1.2133879362118094,-0.3989577138252815
OCNMS,2004-02-01,0.32318053539506336,-0.21321709467996114
OCNMS,2004-03-01,-0.8880678468744341,0.45533987743291915
OCNMS,2004-04-01,-0.505537199107504,1.0269877678051396
OCNMS,2004-05-01,0.9497689057226758,1.0127564387550556
OCNMS,2004-06-01,1.4909103483455008,0.3798234656210111
OCNMS,2004-07-01,0.9343498364789096,-0.46842962578981434
OCNMS,2004-08-01,0.8022434324567677,-0.9352756034020278
OCNMS,2004-09-01,1.3713861904181976,-0.6168375000147532
OCNMS,2004-10-01,1.2940016704213193,0.3166021555366833
OCNMS,2004-11-01,0.2736984561664071,1.1637504931594136
OCNMS,2004-12-01,-0.2134400375475047,1.304433204239152
OCNMS,2005-01-01,0.5972459502365429,0.7778145437790903
OCNMS,2005-02-01,1.6025779841923662,0.1539470982284446
OCNMS,2005-03-01,1.8809412764475648,-0.09151729828233827
OCNMS,2005-04-01,2.013646775271621,0.07571595519807706
OCNMS,2005-05-01,2.452214254105766,0.4203551857524476
OCNMS,2005-06-01,2.3560121576583226,0.689676767503719
OCNMS,2005-07-01,1.2689491953981387,0.6792433648708968
OCNMS,2005-08-01,0.4133688952214646,0.30576395223798997
OCNMS,2005-09-01,0.8879002655951094,-0.2581442072202792
OCNMS,2005-10-01,1.808885164818577,-0.6680922995327087
OCNMS,2005-11-01,1.7403840878295649,-0.7428333528413759
OCNMS,2005-12-01,0.958369541587675,-0.6399528095734253
OCNMS,2006-01-01,0.7261581480983068,-0.6484654275501764
OCNMS,2006-02-01,1.140983192370774,-0.8949982626792454
OCNMS,2006-03-01,1.3529730396214124,-1.2754944457728299
OCNMS,2006-04-01,1.3100868139316426,-1.5555316809276076
OCNMS,2006-05-01,1.5590059541898413,-1.5161362322745986
OCNMS,2006-06-01,1.7107710760487094,-1.1562805109319279
OCNMS,2006-07-01,0.9107571564637047,-0.8010801554628155
OCNMS,2006-08-01,-0.2968779972959067,-0.838251729356406
OCNMS,2006-09-01,-0.4035552404047229,-1.260805144548742
OCNMS,2006-10-01,0.6262412202381965,-1.6292711600383434
OCNMS,2006-11-01,1.1481549916619525,-1.5754171451648884
OCNMS,2006-12-01,0.4481421791035872,-1.1637256699292975
OCNMS,2007-01-01,-0.23419937264182508,-0.6513779306961409
OCNMS,2007-02-01,0.01914135259700796,-0.1342774646707015
OCNMS,2007-03-01,0.2570931508851904,0.35560203499693643
OCNMS,2007-04-01,-0.5035527642223725,0.6292337461174355
OCNMS,2007-05-01,-1.3909762699821302,0.554683008848641
OCNMS,2007-06-01,-1.086419136685327,0.38507972756680925
OCNMS,2007-07-01,-0.053284389536458455,0.5099134260679834
OCNMS,2007-08-01,0.22226639860831787,0.8784506975233639
OCNMS,2007-09-01,-0.4458044822359051,1.011593473658242
OCNMS,2007-10-01,-0.9501180115808249,0.6659501082228526
OCNMS,2007-11-01,-0.8763319243759256,0.1845880183790644
OCNMS,2007-12-01,-0.9580105431259736,0.05170995565638071
OCNMS,2008-01-01,-1.5652772283945369,0.3390897455222
OCNMS,2008-02-01,-2.107366887303007,0.7352680073992565
OCNMS,2008-03-01,-2.160540384977339,0.9019907642721526
OCNMS,2008-04-01,-2.04434192492575,0.6477672114905082
OCNMS,2008-05-01,-1.971623043637425,-0.016857647569634728
OCNMS,2008-06-01,-1.6378693646623503,-0.7609552918471566
OCNMS,2008-07-01,-1.033536749761102,-1.0382586276415937
OCNMS,2008-08-01,-0.7557421930346946,-0.5872974512822637
OCNMS,2008-09-01,-1.049970881190395,0.2329094710384718
OCNMS,2008-10-01,-1.328954353729416,0.8221334030447074
OCNMS,2008-11-01,-1.1522394519638732,1.001886312061452
OCNMS,2008-12-01,-0.9800463883857429,1.0928666470411135
OCNMS,2009-01-01,-1.3661161149262915,1.371852317161892
OCNMS,2009-02-01,-1.988656718675093,1.6865517683960993
OCNMS,2009-03-01,-2.142897748824889,1.6586636116662008
OCNMS,2009-04-01,-1.774003189527527,1.1144734902167743
OCNMS,2009-05-01,-1.361567594716526,0.27002336552948447
OCNMS,2009-06-01,-1.0745318661354941,-0.4117596077473352
OCNMS,2009-07-01,-0.7086220845670025,-0.5561464296991591
OCNMS,2009-08-01,-0.32145724108153523,-0.18525342983906595
OCNMS,2009-09-01,-0.2850675612412103,0.30833598655421907
OCNMS,2009-10-01,-0.6428154211246113,0.5659016810858589
OCNMS,2009-11-01,-0.8892988201842831,0.5598215999542209
OCNMS,2009-12-01,-0.5500956378325256,0.39416747898058696
OCNMS,2010-01-01,0.2748788133833563,0.010415168409352821
OCNMS,2010-02-01,1.0382837886329568,-0.6159315900509265
OCNMS,2010-03-01,1.2619038147550272,-1.1139014078139158
OCNMS,2010-04-01,0.9061501482369816,-0.9945064391224097
OCNMS,2010-05-01,0.3369247434457577,-0.3676755872740759
OCNMS,2010-06-01,-0.06698985441579708,0.027330505751465117
OCNMS,2010-07-01,-0.26873792338118774,-0.28376217582221985
OCNMS,2010-08-01,-0.42800383796971797,-0.9127877952496838
OCNMS,2010-09-01,-0.4768160956447388,-1.163106803452509
OCNMS,2010-10-01,-0.17252173931703513,-0.8937420167061304
OCNMS,2010-11-01,0.3662027274439184,-0.5097813879305387
OCNMS,2010-12-01,0.5984410417563611,-0.3292320537947259
OCNMS,2011-01-01,0.2652985515296665,-0.3579250864077875
OCNMS,2011-02-01,-0.22536128350008883,-0.5460703949172556
OCNMS,2011-03-01,-0.4129888923351858,-0.812494385373371
OCNMS,2011-04-01,-0.39552675147746647,-0.8347997715991246
OCNMS,2011-05-01,-0.4340633982590705,-0.28036269240600237
OCNMS,2011-06-01,-0.3355474074003232,0.6275989828931517
OCNMS,2011-07-01,0.19625971936412462,1.1608015213087484
OCNMS,2011-08-01,0.825615998229761,0.9120945727570516
OCNMS,2011-09-01,0.8493992862451596,0.2892379506471289
OCNMS,2011-10-01,0.17427392828992566,-0.028888989486266947
OCNMS,2011-11-01,-0.5393235370567684,0.12036446618738773
OCNMS,2011-12-01,-0.7955054940530536,0.3937831529678991
OCNMS,2012-01-01,-0.8465338065426621,0.5321900099339928
OCNMS,2012-02-01,-1.1901471369980483,0.6040748457768822
OCNMS,2012-03-01,-1.8220211771275283,0.7216380618849639
OCNMS,2012-04-01,-2.188418839104705,0.822914710473933
OCNMS,2012-05-01,-1.773897832039214,0.8033528817195149
OCNMS,2012-06-01,-0.7166364996448998,0.6713584810851717
OCNMS,2012-07-01,0.1586482383859212,0.4819079067742644
OCNMS,2012-08-01,0.18475167340277263,0.21960078706598862
OCNMS,2012-09-01,-0.197761261722799,-0.16151500229657875
OCNMS,2012-10-01,0.1164205008784439,-0.5861320931568648
OCNMS,2012-11-01,1.1881559615877357,-0.7775956390030156
OCNMS,2012-12-01,1.5541605750534822,-0.41179375250052436
OCNMS,2013-01-01,0.24443306941675885,0.5187407788893292
OCNMS,2013-02-01,-1.47714665123259,1.502636730888665
OCNMS,2013-03-01,-1.6625784262489907,1.8729165208049856
OCNMS,2013-04-01,-0.4699613768080373,1.4725895954066592
OCNMS,2013-05-01,0.2564361357144574,0.7885632341689596
OCNMS,2013-06-01,0.05634631906706345,0.3210641218377826
OCNMS,2013-07-01,0.43656828620558236,0.06497529017443193
OCNMS,2013-08-01,1.8428257934130072,-0.17374927248768623
OCNMS,2013-09-01,2.250256282119895,-0.2366364290891445
OCNMS,2013-10-01,0.21769156306714105,0.17887097421359086
OCNMS,2013-11-01,-2.421592495826768,0.8887245688310693
OCNMS,2013-12-01,-2.920251514386852,1.3098004657430193
OCNMS,2014-01-01,-1.4801851906502443,1.252182095030183
OCNMS,2014-02-01,-0.5116084396727016,1.1522676371605276
OCNMS,2014-03-01,-0.7493596009238196,1.318518700940784
OCNMS,2014-04-01,-0.6286589625858606,1.3870382634016514
OCNMS,2014-05-01,0.5320925765961032,0.8821974963204837
OCNMS,2014-06-01,1.335634457722118,-3.1657454114112325e-4
OCNMS,2014-07-01,1.0090128236923273,-0.6134812357166155
OCNMS,2014-08-01,1.0074512887858051,-0.7002029147380499
OCNMS,2014-09-01,2.5982078536571422,-0.5767503705227477
OCNMS,2014-10-01,4.567653238830957,-0.5344604204810046
OCNMS,2014-11-01,4.917389288838853,-0.5001478310797799
OCNMS,2014-12-01,3.6836849853627314,-0.3565581790367071
OCNMS,2015-01-01,2.4970140484257,-0.19723287610903073
OCNMS,2015-02-01,2.1038685306696987,-0.08576827108935448
OCNMS,2015-03-01,1.8435985600745457,0.11712916156326078
OCNMS,2015-04-01,1.1942192485040077,0.438586725522673
OCNMS,2015-05-01,0.5156631197969114,0.5432879507311201
OCNMS,2015-06-01,0.3570713117569554,0.1221704133652804
OCNMS,2015-07-01,0.926242565779732,-0.5534751244680325
OCNMS,2015-08-01,2.050916324150069,-0.7873071440039396
OCNMS,2015-09-01,3.0271012118214147,-0.2527378112086413
OCNMS,2015-10-01,3.009273157964652,0.5598195890277957
OCNMS,2015-11-01,2.2247119734291423,0.8319147408526941
OCNMS,2015-12-01,2.0346725146452327,0.28555676768338883
OCNMS,2016-01-01,2.9328487083007864,-0.5627240928036846
OCNMS,2016-02-01,3.4915319231392337,-1.0166963239943687
OCNMS,2016-03-01,2.5389343817840255,-0.9312951855935707
OCNMS,2016-04-01,1.2628376729282278,-0.7105448318790508
OCNMS,2016-05-01,1.3508285629091692,-0.673255903237914
OCNMS,2016-06-01,2.0386974283387618,-0.7013459999090003
OCNMS,2016-07-01,1.4546710482479104,-0.6266860286672669
OCNMS,2016-08-01,0.3448047907417875,-0.6631602917667975
OCNMS,2016-09-01,1.4013278819309654,-1.0901641675549718
OCNMS,2016-10-01,4.545130896518961,-1.6264964575693248
OCNMS,2016-11-01,6.115506300239625,-1.5925919210335364
OCNMS,2016-12-01,4.09968451089938,-0.8221175433087985
OCNMS,2017-01-01,1.2348366452903372,-0.011965085119094101
OCNMS,2017-02-01,0.8208872061191593,0.09729740634329127
OCNMS,2017-03-01,1.9836256260100285,-0.40845039611864803
OCNMS,2017-04-01,1.8850035078193612,-0.8786771690202871
OCNMS,2017-05-01,0.6870488496295455,-0.9739913330910855
OCNMS,2017-06-01,0.8565313198290173,-0.8636686645288667
OCNMS,2017-07-01,2.4838850967821413,-0.7022215963079477
OCNMS,2017-08-01,2.965967362533102,-0.4248912444434966
OCNMS,2017-09-01,1.471314110759662,-0.11206586942131777
OCNMS,2017-10-01,0.3445179541734728,-0.06953092726726504
OCNMS,2017-11-01,1.1658445668265423,-0.3265764923071044
OCNMS,2017-12-01,2.321393392416888,-0.4285777615419178
OCNMS,2018-01-01,1.9227502057694346,-0.03669405700072268
OCNMS,2018-02-01,0.7548323748943159,0.5237627088813074
OCNMS,2018-03-01,0.5386160855298707,0.6628736317032968
OCNMS,2018-04-01,1.0925059956989946,0.3225589400488171
OCNMS,2018-05-01,1.1614547634951304,5.765398270771388e-4
OCNMS,2018-06-01,0.7675077823628067,0.013599146494820753
OCNMS,2018-07-01,0.8032996295658094,0.11490175320988975
OCNMS,2018-08-01,1.140400988543621,-0.03156670930953809
OCNMS,2018-09-01,0.9360320281734317,-0.293122228148355
OCNMS,2018-10-01,0.29815294192620634,-0.23672433999580675
OCNMS,2018-11-01,0.08750339046199333,0.2594095872207564
OCNMS,2018-12-01,0.44752311081856716,0.8091369724442771
OCNMS,2019-01-01,0.8734799288167062,0.9601830719079675
OCNMS,2019-02-01,1.3201478377213332,0.6547144159427443
OCNMS,2019-03-01,1.9613291387352878,0.14715253794841684
OCNMS,2019-04-01,2.3467831122953533,-0.40082070405052045
OCNMS,2019-05-01,2.140694115441392,-1.012927523369534
OCNMS,2019-06-01,2.1404154629676793,-1.5674156816934515
OCNMS,2019-07-01,3.044693712650317,-1.6576399328484337
OCNMS,2019-08-01,3.7774888796895505,-1.047563447980276
OCNMS,2019-09-01,2.8636096460660374,-0.14197498963171173
OCNMS,2019-10-01,1.072105646548265,0.35136762187148135
OCNMS,2019-11-01,0.5514181984608191,0.2702629916378732
OCNMS,2019-12-01,1.4081053551911753,0.1586402032526271
OCNMS,2020-01-01,1.5495542634423407,0.42784794199372717
OCNMS,2020-02-01,0.33535534142862583,0.7273974629503012
OCNMS,2020-03-01,-0.18690639386306498,0.48648999470563553
OCNMS,2020-04-01,1.2416141097137192,-0.1955402489497057
OCNMS,2020-05-01,2.8179571161042563,-0.6763220617196694
OCNMS,2020-06-01,2.5718488459776347,-0.6749648429095159
OCNMS,2020-07-01,1.4649208847920379,-0.5203024203238742
OCNMS,2020-08-01,1.4483183739863903,-0.44613270809940775
OCNMS,2020-09-01,2.0545722006187463,-0.19563961075154732
OCNMS,2020-10-01,1.4689037059759908,0.39658939731212517
OCNMS,2020-11-01,-0.0474780404961824,0.8773915262821722
OCNMS,2020-12-01,-0.5617816058658225,0.6731507526302235
OCNMS,2021-01-01,0.10681216178558357,-0.11347579004223078
OCNMS,2021-02-01,0.11629977153345308,-0.8321200520520547
OCNMS,2021-03-01,-1.065992497457662,-1.0981926974781147
OCNMS,2021-04-01,-1.6718945473433378,-1.0776766065230312
OCNMS,2021-05-01,-0.6691569832420518,-1.0113145845756573
OCNMS,2021-06-01,0.58145354132005,-0.8914497555005708
OCNMS,2021-07-01,0.830008434491992,-0.7054445018199061
OCNMS,2021-08-01,1.0051019806334147,-0.6111189147052007
OCNMS,2021-09-01,2.226332466159668,-0.6446024756772973
OCNMS,2021-10-01,3.4168909161889824,-0.5190756892502144
OCNMS,2021-11-01,2.7939256675979243,0.002751339537673651
OCNMS,2021-12-01,0.7097009574146702,0.6655857984146514
OCNMS,2022-01-01,-0.8605411693598805,0.9324525442644118
OCNMS,2022-02-01,-1.0854647698138888,0.6426382321552238
OCNMS,2022-03-01,-0.7970489593236694,0.24624126510069394
OCNMS,2022-04-01,-0.5580090373885144,0.28871903500191753
OCNMS,2022-05-01,0.05159001014101673,0.773599239644838
OCNMS,2022-06-01,1.0832934945790447,1.1738169929964426
OCNMS,2022-07-01,1.6589288798783572,1.0777249980153778
OCNMS,2022-08-01,1.2584863949996647,0.6810205358407422
OCNMS,2022-09-01,0.5465294596399478,0.49028507779528274
OCNMS,2022-10-01,0.42308434044230064,0.6011127529444504
OCNMS,2022-11-01,0.9404889728463699,0.5471483056662221
OCNMS,2022-12-01,1.484941738769875,-0.0032550901567509048
OCNMS,2023-01-01,1.4665578807176654,-0.6768753517105155
OCNMS,2023-02-01,0.6634879514390788,-0.8485252899648609
OCNMS,2023-03-01,-0.5386672890158883,-0.5150116729075735
OCNMS,2023-04-01,-1.148567149249712,-0.2854241857470239
OCNMS,2023-05-01,-0.4191378690852113,-0.4919463580696032
OCNMS,2023-06-01,1.2209754173046343,-0.7811635956179036
OCNMS,2023-07-01,2.6714714688898704,-0.761926346299168
OCNMS,2023-08-01,3.526943079851288,-0.59997771002698
OCNMS,2023-09-01,4.151415387746959,-0.6190607024395903
OCNMS,2023-10-01,4.471736517057931,-0.6756969012548384
OCNMS,2023-11-01,3.844443444657952,-0.41857943437045547
OCNMS,2023-12-01,2.4217444756952475,0.03301949488372081
OCNMS,2024-01-01,1.462721890534986,0.2055914075987105
OCNMS,2024-02-01,1.6225749519816148,0.014108492870530887
OCNMS,2024-03-01,1.9574853531101972,-0.1371794809538782
OCNMS,2024-04-01,1.4860221584312407,-0.05537340856275759
OCNMS,2024-05-01,0.8019430865033944,-0.03344620840456193
OCNMS,2024-06-01,0.9916253288874679,-0.22994943467926457
OCNMS,2024-07-01,1.6646985572586401,-0.2710211450491822
OCNMS,2024-08-01,1.4906795122322136,0.16670471715817337
OCNMS,2024-09-01,0.41299570673865815,0.7418665669237576
OCNMS,2024-10-01,-0.16341674362214886,0.8740384436759674
OCNMS,2024-11-01,0.4485396471331921,0.5809961797852212
OCNMS,2024-12-01,1.2313301336183555,0.414651720730767
OCNMS,2025-01-01,1.17456588964208,0.6158616015790476
OCNMS,2025-02-01,0.7711379066912477,0.7912615275924516
OCNMS,2025-03-01,0.9217956150963215,0.5308676322568697
OCNMS,2025-04-01,1.2408939053794008,-0.019354626942765286
OCNMS,2025-05-01,0.6775113810767069,-0.4019178290433682
OCNMS,2025-06-01,-0.5108858252808506,-0.430905207306595
OCNMS,2025-07-01,-0.7064766412990353,-0.305054224336408
OCNMS,2025-08-01,0.822742264477792,-0.2526503059030458
OCNMS,2025-09-01,2.595787648728745,-0.27939662454983366
GFNMS,2003-01-01,0.6283647683993318,1.0858333576444796
GFNMS,2003-02-01,0.8911542927045901,0.9126764894145935
GFNMS,2003-03-01,1.0589225945468381,0.7653090178756005
GFNMS,2003-04-01,0.6936731312409489,0.5995020131455588
GFNMS,2003-05-01,-0.18961966098322175,0.24391498052704275
GFNMS,2003-06-01,-0.9036818943085627,-0.05088401875496792
GFNMS,2003-07-01,-0.7356152318959888,0.20865893936406302
GFNMS,2003-08-01,0.17599023888046678,0.9528007884833496
GFNMS,2003-09-01,0.9863126935460144,1.4851027833967414
GFNMS,2003-10-01,1.2127738518054685,1.3441012193097281
GFNMS,2003-11-01,1.1863765752308844,0.7576792821425857
GFNMS,2003-12-01,1.2693915504032747,0.19151566658476923
GFNMS,2004-01-01,1.1820575350410998,-0.06527479792847904
GFNMS,2004-02-01,0.5461651582418737,0.15680311344579004
GFNMS,2004-03-01,-0.3115355575268831,0.8365398557146159
GFNMS,2004-04-01,-0.6705148255159024,1.5523717398229253
GFNMS,2004-05-01,-0.35026058948130195,1.8279852248980641
GFNMS,2004-06-01,0.14456157307421075,1.7344807890946694
GFNMS,2004-07-01,0.2777108499991123,1.6822561809351713
GFNMS,2004-08-01,-0.1242228458242767,1.6595215300133426
GFNMS,2004-09-01,-0.9212348299870236,1.2773835740144523
GFNMS,2004-10-01,-1.6243196869837389,0.595348399238887
GFNMS,2004-11-01,-1.5124434230983792,0.23500617985452854
GFNMS,2004-12-01,-0.34846778249205007,0.5085491561156262
GFNMS,2005-01-01,1.1336629689497224,1.0240988638121047
GFNMS,2005-02-01,1.9758105361186726,1.3545146499534355
GFNMS,2005-03-01,2.0687050361528274,1.5579944678013642
GFNMS,2005-04-01,1.9225850618749798,1.8126174053354347
GFNMS,2005-05-01,1.628790661193421,2.017004176071737
GFNMS,2005-06-01,0.8508676423444431,1.9946165745452797
GFNMS,2005-07-01,-0.2523731827584258,1.7302380640571717
GFNMS,2005-08-01,-0.9885770755466037,1.2799590182462108
GFNMS,2005-09-01,-1.1172683638309826,0.8088609111073022
GFNMS,2005-10-01,-1.0804872453246288,0.7121977134824153
GFNMS,2005-11-01,-1.137976351499449,1.1936139842820703
GFNMS,2005-12-01,-1.0620739710455804,1.7026206972428441
GFNMS,2006-01-01,-0.8073179397256807,1.4012520166603004
GFNMS,2006-02-01,-0.6368876417605575,0.325330843560177
GFNMS,2006-03-01,-0.4195622867031986,-0.5213103602989455
GFNMS,2006-04-01,0.30237542314253374,-0.44344724122193663
GFNMS,2006-05-01,1.3103823901363718,0.13064723996465957
GFNMS,2006-06-01,1.7062694681760917,0.35754502828950585
GFNMS,2006-07-01,1.2366597669835346,-0.013963236891349306
GFNMS,2006-08-01,0.7077015896593709,-0.6241628647241272
GFNMS,2006-09-01,0.7108384275772904,-1.039668799555793
GFNMS,2006-10-01,0.8602241389238097,-1.0251982091229046
GFNMS,2006-11-01,0.7113149835926671,-0.6462368323284767
GFNMS,2006-12-01,0.47956326114648595,-0.3171796147657236
GFNMS,2007-01-01,0.3492607696853297,-0.4113283894941055
GFNMS,2007-02-01,0.017253954091120516,-0.7117147779336784
GFNMS,2007-03-01,-0.5240643954365893,-0.6606166529384934
GFNMS,2007-04-01,-0.6884859974854223,-0.23145995869015515
GFNMS,2007-05-01,-0.353318675551438,-0.025208112431750956
GFNMS,2007-06-01,-0.24722184232867514,-0.3414571830553341
GFNMS,2007-07-01,-0.6745002684076975,-0.7175847915037799
GFNMS,2007-08-01,-0.8920877082184505,-0.6587597469944857
GFNMS,2007-09-01,-0.47622652016397815,-0.3184504839893964
GFNMS,2007-10-01,-0.2278899208697189,-0.13794795361876092
GFNMS,2007-11-01,-0.8276153067414685,-0.24545781322450597
GFNMS,2007-12-01,-1.605043235724958,-0.5299555840609402
GFNMS,2008-01-01,-1.6519327197128113,-0.9349719114550442
GFNMS,2008-02-01,-1.2492746167374085,-1.3831827606007394
GFNMS,2008-03-01,-1.145785151936486,-1.7249165462052838
GFNMS,2008-04-01,-1.251911911635445,-1.9734112840130824
GFNMS,2008-05-01,-1.097176352003651,-2.258558342307559
GFNMS,2008-06-01,-0.7950215772068189,-2.4130256641159105
GFNMS,2008-07-01,-0.5325036991687072,-2.0533027108434454
GFNMS,2008-08-01,0.07407289915481166,-1.26828975689697
GFNMS,2008-09-01,1.0664595542462745,-0.7376360958096858
GFNMS,2008-10-01,1.4712890854477598,-0.8688572166409723
GFNMS,2008-11-01,0.6893559887573534,-1.2432395370447509
GFNMS,2008-12-01,-0.31284984028008844,-1.2370763738240278
GFNMS,2009-01-01,-0.4216995817386109,-0.8193848194267745
GFNMS,2009-02-01,-0.09807933146791548,-0.41908197006645326
GFNMS,2009-03-01,-0.3353866292253607,-0.326583789565989
GFNMS,2009-04-01,-0.7755208218906426,-0.5092165494204055
GFNMS,2009-05-01,-0.41509141626905965,-0.7263446852986295
GFNMS,2009-06-01,0.5000477819170033,-0.6162672119441628
GFNMS,2009-07-01,0.8900687901238801,-0.006613635254498587
GFNMS,2009-08-01,0.640746732485174,0.6738397123957208
GFNMS,2009-09-01,0.470965524110431,0.7013654660901117
GFNMS,2009-10-01,0.48185218029349214,0.017052256378473553
GFNMS,2009-11-01,0.3250426555821223,-0.5370467760782651
GFNMS,2009-12-01,0.3207484666041695,-0.24111661172484913
GFNMS,2010-01-01,0.8733945065282256,0.6185286776413974
GFNMS,2010-02-01,1.2505943208808292,1.1964117296600973
GFNMS,2010-03-01,0.5315503495419815,1.0648995874615192
GFNMS,2010-04-01,-0.6696494772272344,0.4276395085563943
GFNMS,2010-05-01,-1.0465192915152097,-0.30354043621203025
GFNMS,2010-06-01,-0.7114516403713823,-0.782989562630185
GFNMS,2010-07-01,-0.7448678822216475,-0.8253041530321762
GFNMS,2010-08-01,-1.0597733251689496,-0.5387045720552986
GFNMS,2010-09-01,-0.6099308019749408,-0.20807297451293152
GFNMS,2010-10-01,0.49761900323282715,0.08987599222063003
GFNMS,2010-11-01,1.0134965837228798,0.47492297005592743
GFNMS,2010-12-01,0.6178697461560878,0.7803546702710662
GFNMS,2011-01-01,0.17260738965018285,0.547230097366531
GFNMS,2011-02-01,-0.04575374225693295,-0.2449383828280121
GFNMS,2011-03-01,-0.5337026778360252,-0.8924474668445224
GFNMS,2011-04-01,-1.0016048114925338,-0.7844076397061319
GFNMS,2011-05-01,-0.5349292133293698,-0.16979988314588362
GFNMS,2011-06-01,0.5602212548174338,0.24840030069620517
GFNMS,2011-07-01,0.9257195244330699,0.18964688011961858
GFNMS,2011-08-01,0.3374017731367289,-0.09177077711544754
GFNMS,2011-09-01,-0.09272142953519281,-0.3208168693138308
GFNMS,2011-10-01,-0.03769868158909227,-0.46589643579984075
GFNMS,2011-11-01,-0.35454333508318536,-0.633733661935602
GFNMS,2011-12-01,-1.1223876695106567,-0.9415956450113053
GFNMS,2012-01-01,-1.270976481667748,-1.345762015498267
GFNMS,2012-02-01,-0.5874275118332485,-1.4907707292664847
GFNMS,2012-03-01,-0.18362640241057931,-1.0312044074177886
GFNMS,2012-04-01,-0.4829740299345735,-0.24444243149580624
GFNMS,2012-05-01,-0.6026786294802435,0.07738559424480346
GFNMS,2012-06-01,-0.2186609891599907,-0.39568365785921167
GFNMS,2012-07-01,-0.12818439903468568,-1.0371569396448002
GFNMS,2012-08-01,-0.4088308074547297,-1.063305453217787
GFNMS,2012-09-01,-0.007640472646660263,-0.5034640026671515
GFNMS,2012-10-01,1.1206136634073955,-0.039863500930144166
GFNMS,2012-11-01,1.4288991797021953,-0.16057504405145345
GFNMS,2012-12-01,0.20568865405200648,-0.8024067974794664
GFNMS,2013-01-01,-1.232769238428927,-1.582578933740884
GFNMS,2013-02-01,-1.6571277637125825,-2.0439138021151573
GFNMS,2013-03-01,-1.4552786522248886,-1.8643169843073675
GFNMS,2013-04-01,-1.1780322861453774,-1.1364081487933553
GFNMS,2013-05-01,-0.41177232511991363,-0.32239960063361434
GFNMS,2013-06-01,0.8441898607563518,0.23822081969128897
GFNMS,2013-07-01,1.4276990113581716,0.5774983555650809
GFNMS,2013-08-01,0.787554739540983,0.753837741782554
GFNMS,2013-09-01,-0.05823039647678531,0.6192035887521079
GFNMS,2013-10-01,-0.33330019865054683,0.16039946226436447
GFNMS,2013-11-01,-0.6100181975535043,-0.27725561178952624
GFNMS,2013-12-01,-1.1119807467304132,-0.40871457321339516
GFNMS,2014-01-01,-0.7633041683303274,-0.37034460188352786
GFNMS,2014-02-01,0.7914467112796157,-0.3868380314333369
GFNMS,2014-03-01,1.9943054949037442,-0.36732788938950334
GFNMS,2014-04-01,1.6805152681596387,-0.13226684577541187
GFNMS,2014-05-01,1.0106270064233334,0.2264450607862609
GFNMS,2014-06-01,1.6019772949048305,0.5244482742735485
GFNMS,2014-07-01,3.1792456253678605,0.7944207422301708
GFNMS,2014-08-01,4.559682731868802,1.1278252827770077
GFNMS,2014-09-01,5.536662408848389,1.4198293929553134
GFNMS,2014-10-01,6.223058125181289,1.5318946018239556
GFNMS,2014-11-01,5.896924522404494,1.4973207431250142
GFNMS,2014-12-01,4.186662928814287,1.341153963934508
GFNMS,2015-01-01,2.2731048615678717,0.9485548430923737
GFNMS,2015-02-01,1.3803506177270235,0.358672994479153
GFNMS,2015-03-01,1.1847016027449477,-0.059702340524296654
GFNMS,2015-04-01,1.0982082056976887,0.01719807828267285
GFNMS,2015-05-01,1.7444368076546992,0.5228644079608139
GFNMS,2015-06-01,3.5048407384249156,1.195151041013355
GFNMS,2015-07-01,4.945974352224935,1.816404532457994
GFNMS,2015-08-01,4.611207329097248,2.082289215056221
GFNMS,2015-09-01,3.327494459393462,1.6441064893295996
GFNMS,2015-10-01,2.8715795487193643,0.627763916501641
GFNMS,2015-11-01,3.2990189067741484,-0.21026393271076554
GFNMS,2015-12-01,3.4400725282944267,-0.2387143203459929
GFNMS,2016-01-01,3.120770991763324,0.3301626504423888
GFNMS,2016-02-01,2.953094556007415,0.7742894549422764
GFNMS,2016-03-01,2.6925354536306263,0.7038485284664593
GFNMS,2016-04-01,1.7507392035676403,0.30238179969810525
GFNMS,2016-05-01,0.7382513761019048,-0.03880413481021557
GFNMS,2016-06-01,0.669828376325057,-0.040331846557025444
GFNMS,2016-07-01,1.2029649583055346,0.313027824019812
GFNMS,2016-08-01,1.3929935128563762,0.6961316471726434
GFNMS,2016-09-01,1.526896036067936,0.7132359045437584
GFNMS,2016-10-01,2.374644492876669,0.4101458395427929
GFNMS,2016-11-01,3.2738166855922746,0.23434991827118337
GFNMS,2016-12-01,2.9423357346221293,0.3193312474189537
GFNMS,2017-01-01,1.7267720510788012,0.20440697603616417
GFNMS,2017-02-01,1.0848046085402503,-0.4466428959149225
GFNMS,2017-03-01,1.2112458783782967,-1.237085077512446
GFNMS,2017-04-01,1.1236396637516972,-1.536318955394824
GFNMS,2017-05-01,0.7801554536774281,-1.2967590072154045
GFNMS,2017-06-01,1.098028395442598,-0.9875136246668743
GFNMS,2017-07-01,2.015322487595242,-0.9463173627808207
GFNMS,2017-08-01,2.4816161953414837,-1.1579178593703618
GFNMS,2017-09-01,2.3361193594214584,-1.4775631790533181
GFNMS,2017-10-01,2.356739216602466,-1.737819006373975
GFNMS,2017-11-01,2.4961675654628444,-1.784829458020762
GFNMS,2017-12-01,1.9347800363741872,-1.6572251195767345
GFNMS,2018-01-01,0.9125542664417633,-1.5497538441195289
GFNMS,2018-02-01,0.6459402855212191,-1.4377742576987447
GFNMS,2018-03-01,1.2820961771508523,-1.0490990769168342
GFNMS,2018-04-01,1.7045908969521804,-0.4136098489320026
GFNMS,2018-05-01,1.5204747130026712,-0.038256061609327034
GFNMS,2018-06-01,1.483884503893145,-0.20706514242073365
GFNMS,2018-07-01,1.7748569484040249,-0.48683516405194477
GFNMS,2018-08-01,1.658051977926284,-0.34411477670069796
GFNMS,2018-09-01,1.1407170079143925,0.04897161387253182
GFNMS,2018-10-01,1.2044091385601303,0.06804606806291709
GFNMS,2018-11-01,1.9969250538368366,-0.5065766266200528
GFNMS,2018-12-01,2.4719244470891013,-1.261178292502503
GFNMS,2019-01-01,2.2417949767280763,-1.6043327778394718
GFNMS,2019-02-01,2.140030359245823,-1.1717004885132838
GFNMS,2019-03-01,2.4943922477769136,-0.03657461140097472
GFNMS,2019-04-01,2.511539756131198,1.1683044940487668
GFNMS,2019-05-01,1.9451609092747013,1.6147352546145677
GFNMS,2019-06-01,1.7518547912840954,1.1185879398147853
GFNMS,2019-07-01,2.3897506694048003,0.3890488391648488
GFNMS,2019-08-01,2.947391243422566,0.1520798295695063
GFNMS,2019-09-01,2.693813068397971,0.3252314925674586
GFNMS,2019-10-01,2.133501607205695,0.38169964868597805
GFNMS,2019-11-01,1.832661225338127,0.1710969495963958
GFNMS,2019-12-01,1.5382021549418765,-0.06228822563543417
GFNMS,2020-01-01,1.1665591890879696,-0.19290830330351266
GFNMS,2020-02-01,1.3357814384950233,-0.27475226889876597
GFNMS,2020-03-01,2.137528491859258,-0.2748125651657968
GFNMS,2020-04-01,2.6281550831242066,-0.1408958279565993
GFNMS,2020-05-01,2.3247743546257396,0.03899315783905344
GFNMS,2020-06-01,2.0076117512858103,0.2587457763562188
GFNMS,2020-07-01,2.259465642208792,0.7146395750598453
GFNMS,2020-08-01,2.4320509461582884,1.3650129828432103
GFNMS,2020-09-01,1.931245183833324,1.6828651667513697
GFNMS,2020-10-01,1.3416833815945717,1.2677939530249698
GFNMS,2020-11-01,1.2896273822516895,0.43446044801742717
GFNMS,2020-12-01,1.2560284622836686,-0.23157622828518126
GFNMS,2021-01-01,0.5720047170970535,-0.6308469626996742
GFNMS,2021-02-01,-0.3087364883233251,-1.008917793952432
GFNMS,2021-03-01,-0.5531829557139721,-1.3238972871643597
GFNMS,2021-04-01,-0.18058643179606712,-1.2777160032890185
GFNMS,2021-05-01,0.37913383326906974,-0.8354754466105494
GFNMS,2021-06-01,1.1766510501605074,-0.27155711439633595
GFNMS,2021-07-01,2.249149048823918,0.18262833719686142
GFNMS,2021-08-01,2.967414720437771,0.39794692228350176
GFNMS,2021-09-01,2.8404235284821575,0.27043368752741115
GFNMS,2021-10-01,2.3421669409258663,-0.06280537469639529
GFNMS,2021-11-01,2.0515547567333416,-0.2057918007331909
GFNMS,2021-12-01,1.6294112033129877,-0.09697380840689057
GFNMS,2022-01-01,0.5794928346131566,-0.2976285442616441
GFNMS,2022-02-01,-0.6120729133146667,-1.1928796366118033
GFNMS,2022-03-01,-1.1054165925789388,-2.1939997156565965
GFNMS,2022-04-01,-0.9519387159060707,-2.3172522148465196
GFNMS,2022-05-01,-0.7223427097323368,-1.3894881848452614
GFNMS,2022-06-01,-0.36466270815103125,-0.1462942715105239
GFNMS,2022-07-01,0.5271735492835586,0.7262397101668777
GFNMS,2022-08-01,1.6444784019441296,1.1352396493510644
GFNMS,2022-09-01,2.1899534835927357,1.2960463385670973
GFNMS,2022-10-01,1.9968366070629653,1.4149827196479774
GFNMS,2022-11-01,1.5521727025445657,1.5978363688266504
GFNMS,2022-12-01,1.0980058993178328,1.6788160262437906
GFNMS,2023-01-01,0.5579676641024444,1.274357038117935
GFNMS,2023-02-01,0.18525472838547805,0.37919228551572903
GFNMS,2023-03-01,0.4127347091813037,-0.3222158449584199
GFNMS,2023-04-01,1.1089361957918589,-0.18946444884518426
GFNMS,2023-05-01,1.7387081788441425,0.5592397994791668
GFNMS,2023-06-01,2.2047658843726685,1.2451287703527967
GFNMS,2023-07-01,2.8180441709250883,1.6761774395830875
GFNMS,2023-08-01,3.518075391545008,2.119125651269898
GFNMS,2023-09-01,3.8784831599719674,2.5482727454453653
GFNMS,2023-10-01,3.8699234510630687,2.603557118534402
GFNMS,2023-11-01,3.869722973514124,2.2475005974358835
GFNMS,2023-12-01,3.865341028207986,1.8601444104812432
GFNMS,2024-01-01,3.3875687513045465,1.6575371088803756
GFNMS,2024-02-01,2.380946240335168,1.5000079258744954
GFNMS,2024-03-01,1.4589900060042744,1.2578587563457384
GFNMS,2024-04-01,1.0670797755181605,0.9313569429928539
GFNMS,2024-05-01,0.9782939923000439,0.49010783522020956
GFNMS,2024-06-01,0.870741195338616,0.03401080640952034
GFNMS,2024-07-01,0.8649938078857949,-0.02278772367384212
GFNMS,2024-08-01,1.1690596940808728,0.5763142637186824
GFNMS,2024-09-01,1.6228878561160378,1.4039338161532027
GFNMS,2024-10-01,1.9307942458114924,1.8079890964757506
GFNMS,2024-11-01,2.026042498564077,1.7629565571678403
GFNMS,2024-12-01,1.9297204816890665,1.717522220519184
GFNMS,2025-01-01,1.5569239185982262,1.7377428251797398
GFNMS,2025-02-01,0.952066243877909,1.4414382945166535
GFNMS,2025-03-01,0.45473063230079674,0.7538881085348993
GFNMS,2025-04-01,0.3495756539136809,0.11751073833715903
GFNMS,2025-05-01,0.5764201729409348,-0.08848807244004428
GFNMS,2025-06-01,1.0303508181653158,0.1782529932919468
GFNMS,2025-07-01,1.8488992657180123,0.893233191189171
GFNMS,2025-08-01,3.025693894297899,1.9343020448528172
GFNMS,2025-09-01,3.97412763865624,2.7709442245976237
CBNMS,2003-01-01,1.3958592664606682,1.0586815775481697
CBNMS,2003-02-01,1.0087377820828856,0.7464947035646281
CBNMS,2003-03-01,0.42326287789376316,0.4957244674466226
CBNMS,2003-04-01,-0.12444899443351087,0.34527909048820776
CBNMS,2003-05-01,-0.4540138040464668,0.09158281103597964
CBNMS,2003-06-01,-0.45552438014579366,-0.029853203470121614
CBNMS,2003-07-01,-0.1400870185013276,0.342071161124012
CBNMS,2003-08-01,0.2916708035416916,0.8326705318479297
CBNMS,2003-09-01,0.5665099656708433,0.7616478331280007
CBNMS,2003-10-01,0.6053296952793588,0.3172671716751601
CBNMS,2003-11-01,0.563506385469683,0.27981161612429695
CBNMS,2003-12-01,0.536454069401713,0.6973208951954344
CBNMS,2004-01-01,0.3985791356083855,0.9395736436478815
CBNMS,2004-02-01,0.0822306642379002,0.9706397137430889
CBNMS,2004-03-01,-0.1752567142978503,1.3521957131567857
CBNMS,2004-04-01,-0.11841823764575878,1.9699776347220732
CBNMS,2004-05-01,0.11927612420138291,2.025049991696227
CBNMS,2004-06-01,0.1812673895224717,1.4457436902809702
CBNMS,2004-07-01,-0.029262266729315974,1.0748658134633937
CBNMS,2004-08-01,-0.3315128628624685,1.2125820082870584
CBNMS,2004-09-01,-0.6331254204094787,1.1795574001010407
CBNMS,2004-10-01,-0.9433128621828598,0.6617276289934189
CBNMS,2004-11-01,-1.0732965414701978,0.3282108639755647
CBNMS,2004-12-01,-0.7457313201358454,0.6635253212344219
CBNMS,2005-01-01,-0.03290678326361227,1.2097925780513135
CBNMS,2005-02-01,0.6988160233488726,1.442088499523203
CBNMS,2005-03-01,1.2852691488583023,1.500347575197606
CBNMS,2005-04-01,1.7729165748011673,1.6133709406355534
CBNMS,2005-05-01,1.940681704026703,1.6012489670257428
CBNMS,2005-06-01,1.3836427527591013,1.3425845486331287
CBNMS,2005-07-01,0.23003155728687485,1.0378027722694578
CBNMS,2005-08-01,-0.7549264124727942,0.7593415352498738
CBNMS,2005-09-01,-1.0242617063688413,0.43688784906910433
CBNMS,2005-10-01,-0.783869653423387,0.3832716744358071
CBNMS,2005-11-01,-0.49815769318285963,0.9965400659408233
CBNMS,2005-12-01,-0.33443165380808115,1.8461313908398893
CBNMS,2006-01-01,-0.2957243182325337,1.9830167961052885
CBNMS,2006-02-01,-0.4003123644988046,1.2953682869674246
CBNMS,2006-03-01,-0.46950299619982355,0.6077346685140599
CBNMS,2006-04-01,-0.19864941747736353,0.31828247874501125
CBNMS,2006-05-01,0.32721790109921467,-0.007812575540118858
CBNMS,2006-06-01,0.6596199167074424,-0.5116303519643112
CBNMS,2006-07-01,0.7088791515843905,-0.6595156911774801
CBNMS,2006-08-01,0.8668128928369477,-0.3297232250633475
CBNMS,2006-09-01,1.194012749946187,-0.18597998885479258
CBNMS,2006-10-01,1.1680204015304907,-0.5443145481953896
CBNMS,2006-11-01,0.5923247984289747,-0.8833792401568591
CBNMS,2006-12-01,0.07261638466582072,-0.8996473341106117
CBNMS,2007-01-01,0.12756725281034917,-1.0146249028778203
CBNMS,2007-02-01,0.44396179604564767,-1.3521156985700813
CBNMS,2007-03-01,0.4940713168240792,-1.2541685072239288
CBNMS,2007-04-01,0.28867131841963994,-0.42964505216008436
CBNMS,2007-05-01,0.029189707260070894,0.34469851526505474
CBNMS,2007-06-01,-0.35159835761021124,0.3399971066957057
CBNMS,2007-07-01,-0.7617217538574844,-0.09270988892443714
CBNMS,2007-08-01,-0.7214334310346872,-0.2400023760862723
CBNMS,2007-09-01,-0.18138436929309093,-0.08227601825163922
CBNMS,2007-10-01,0.06537112612994705,-0.03719795999344417
CBNMS,2007-11-01,-0.5363940195625726,-0.2456087117034153
CBNMS,2007-12-01,-1.4171511010576132,-0.6265251427917411
CBNMS,2008-01-01,-1.7772097460810747,-1.1204450237432926
CBNMS,2008-02-01,-1.7474158136747029,-1.509703579993963
CBNMS,2008-03-01,-1.8657383662706724,-1.5390660510928689
CBNMS,2008-04-01,-1.9781586788964076,-1.4430814086607817
CBNMS,2008-05-01,-1.5537887298985664,-1.6973304089875334
CBNMS,2008-06-01,-0.6588340066339787,-2.0907873946838316
CBNMS,2008-07-01,0.21777185981245994,-1.8812686154537113
CBNMS,2008-08-01,0.9106018283374152,-1.0908806345317736
CBNMS,2008-09-01,1.3920315542916504,-0.6865641516246931
CBNMS,2008-10-01,1.3261580228551786,-1.1123256277248503
CBNMS,2008-11-01,0.6288432629721138,-1.6135762653841423
CBNMS,2008-12-01,-0.011006523371291406,-1.4872110559506169
CBNMS,2009-01-01,-0.024151974585930238,-1.0509451181625993
CBNMS,2009-02-01,0.11951901171154442,-0.8140272143041257
CBNMS,2009-03-01,-0.2269623309856312,-0.6018650407187148
CBNMS,2009-04-01,-0.6526426912172016,-0.1607461168206204
CBNMS,2009-05-01,-0.3474369366917609,0.18320607463233196
CBNMS,2009-06-01,0.471066370125877,0.1558839452038169
CBNMS,2009-07-01,0.8914442889787125,0.11359619731102333
CBNMS,2009-08-01,0.7122717162971693,0.3428530655116796
CBNMS,2009-09-01,0.4440042657454223,0.4633568758244169
CBNMS,2009-10-01,0.26089034038646675,0.17504982895108998
CBNMS,2009-11-01,0.042837837260891715,-0.0559298330100417
CBNMS,2009-12-01,0.10813229993017055,0.25629393485029217
CBNMS,2010-01-01,0.7363594263498545,0.7479594566860925
CBNMS,2010-02-01,1.2564666474221835,0.7530292565810903
CBNMS,2010-03-01,0.8165928422668757,0.26494960722158145
CBNMS,2010-04-01,-0.17713325790102127,-0.22632228044165065
CBNMS,2010-05-01,-0.610884360606223,-0.44740540688196223
CBNMS,2010-06-01,-0.4192320742707096,-0.4143115702083414
CBNMS,2010-07-01,-0.48811308477961307,-0.20284364228536442
CBNMS,2010-08-01,-0.9583839791689315,-0.028593126699799912
CBNMS,2010-09-01,-1.0126945285457283,-0.12249625273585033
CBNMS,2010-10-01,-0.3841140717325663,-0.2652182391760335
CBNMS,2010-11-01,0.23272145246125409,-6.966447559129432e-4
CBNMS,2010-12-01,0.39348111418447945,0.47646909780814567
CBNMS,2011-01-01,0.3409770724802276,0.3828531733592375
CBNMS,2011-02-01,0.17169740107853812,-0.40389432940828407
CBNMS,2011-03-01,-0.25170254150282234,-0.9870913242511371
CBNMS,2011-04-01,-0.5340113809278261,-0.7736748154375959
CBNMS,2011-05-01,-0.13356944145569763,-0.308183685854102
CBNMS,2011-06-01,0.44599396502174565,-0.23986741415428664
CBNMS,2011-07-01,0.14298563384551483,-0.29523333597632145
CBNMS,2011-08-01,-0.8994556700061502,0.026101845278015696
CBNMS,2011-09-01,-1.3945820310242951,0.4574830840486905
CBNMS,2011-10-01,-0.8826062637885898,0.4359502975754905
CBNMS,2011-11-01,-0.2733247429615538,0.003198772439016237
CBNMS,2011-12-01,-0.20251221997926938,-0.4738371210268095
CBNMS,2012-01-01,-0.23973702063908475,-0.9775399511298117
CBNMS,2012-02-01,-0.057175538628270045,-1.5563791970825145
CBNMS,2012-03-01,-0.022068831004023903,-1.8342866928925357
CBNMS,2012-04-01,-0.219281027509629,-1.4881398045541805
CBNMS,2012-05-01,-0.17012416254994797,-0.8599966887750613
CBNMS,2012-06-01,0.0892722544341623,-0.5086457408707218
CBNMS,2012-07-01,-0.06497008034624546,-0.4784072468721336
CBNMS,2012-08-01,-0.49058304888914706,-0.4990390614569891
CBNMS,2012-09-01,-0.24714833176798867,-0.5424466814582221
CBNMS,2012-10-01,0.6397059770519796,-0.7128208536665602
CBNMS,2012-11-01,0.846934425214909,-0.9306082222519083
CBNMS,2012-12-01,-0.18845956468011266,-1.1158978510020334
CBNMS,2013-01-01,-1.2761883246801327,-1.3237625003010718
CBNMS,2013-02-01,-1.271143196971399,-1.4181172409363305
CBNMS,2013-03-01,-0.5737939654291911,-1.0957029749203744
CBNMS,2013-04-01,-0.07104823882040502,-0.5024691391966812
CBNMS,2013-05-01,0.17776851550115277,-0.23186875797752626
CBNMS,2013-06-01,0.37696141166542246,-0.4022987094229566
CBNMS,2013-07-01,0.27835830322466837,-0.4151274420879122
CBNMS,2013-08-01,-0.12873954182630398,-0.0054902484884958285
CBNMS,2013-09-01,-0.2580221127937826,0.22119415796225014
CBNMS,2013-10-01,0.005233593081240832,-0.1925881240127247
CBNMS,2013-11-01,-0.040518249200950325,-0.744812350174369
CBNMS,2013-12-01,-0.5012362783950518,-0.7992282171438045
CBNMS,2014-01-01,-0.35389217473675405,-0.5530273700438074
CBNMS,2014-02-01,0.8511136003792099,-0.5034255154433446
CBNMS,2014-03-01,1.9899705618322931,-0.5446725580927407
CBNMS,2014-04-01,2.0440170445711567,-0.31867556505616984
CBNMS,2014-05-01,1.6460170389797069,0.03318225537973052
CBNMS,2014-06-01,1.9216678255409398,0.1941991961407424
CBNMS,2014-07-01,2.8274525604802583,0.3486791337672157
CBNMS,2014-08-01,3.666493544883531,0.8469988085501687
CBNMS,2014-09-01,4.251523771142095,1.5011966556500371
CBNMS,2014-10-01,4.517220372879876,1.8140538507105535
CBNMS,2014-11-01,3.9791572163238826,1.6579189582479936
CBNMS,2014-12-01,2.682580730302764,1.2549755956924358
CBNMS,2015-01-01,1.7593820763683259,0.7776043885925714
CBNMS,2015-02-01,1.9466531750446765,0.3773485734356211
CBNMS,2015-03-01,2.4643534197381674,0.27858854102008024
CBNMS,2015-04-01,2.438977015212498,0.47694185248949494
CBNMS,2015-05-01,2.420665562170943,0.6837881801980206
CBNMS,2015-06-01,3.218102166288661,0.8141825549058824
CBNMS,2015-07-01,4.17575895335458,1.0526187409645096
CBNMS,2015-08-01,4.069476994880424,1.2282628606642325
CBNMS,2015-09-01,3.0441320386432458,0.8063820316956363
CBNMS,2015-10-01,2.2816048586417077,-0.14423435533428428
CBNMS,2015-11-01,2.27572544041485,-0.7053777182191243
CBNMS,2015-12-01,2.6716496903988003,-0.3184438475074814
CBNMS,2016-01-01,3.243549134466104,0.4391052308274829
CBNMS,2016-02-01,3.789357420910112,0.7992759851242179
CBNMS,2016-03-01,3.617154925596153,0.8231731543967203
CBNMS,2016-04-01,2.410328683120395,0.8838265851401557
CBNMS,2016-05-01,1.121580080972335,0.836705417103986
CBNMS,2016-06-01,0.8050089323491785,0.43773097736962596
CBNMS,2016-07-01,1.081746395823206,0.014903143536873484
CBNMS,2016-08-01,0.9787699372844598,-0.027513220498236884
CBNMS,2016-09-01,0.6979970650003112,0.07886830905209521
CBNMS,2016-10-01,1.1642031935958503,-0.07178377220125422
CBNMS,2016-11-01,2.2656340518550633,-0.3247247763862752
CBNMS,2016-12-01,2.9708263595133717,-0.35077995763488456
CBNMS,2017-01-01,2.9125572409291727,-0.34562579298025453
CBNMS,2017-02-01,2.5452111983517294,-0.6706656787241035
CBNMS,2017-03-01,2.020390896976605,-1.1404297910646324
CBNMS,2017-04-01,1.2164194186452693,-1.2942310873595755
CBNMS,2017-05-01,0.6146054856088498,-1.1061312960069152
CBNMS,2017-06-01,0.8166117151188185,-0.919356630946319
CBNMS,2017-07-01,1.3979020748051825,-0.9579774344006369
CBNMS,2017-08-01,1.5236780336817195,-1.2874707052332215
CBNMS,2017-09-01,1.4543657377632766,-1.87986208301527
CBNMS,2017-10-01,2.0685074666290575,-2.38476779675666
CBNMS,2017-11-01,3.088522310497495,-2.3215322695284315
CBNMS,2017-12-01,3.267329340347251,-1.8181620066825988
CBNMS,2018-01-01,2.3498499779200417,-1.5595223923584758
CBNMS,2018-02-01,1.437101946292132,-1.66979879042244
CBNMS,2018-03-01,1.2715982746781853,-1.4114768314153963
CBNMS,2018-04-01,1.45445974992792,-0.4724144009547252
CBNMS,2018-05-01,1.508877209079047,0.2884540858718401
CBNMS,2018-06-01,1.474924040444129,0.05960961220618799
CBNMS,2018-07-01,1.2763136657766203,-0.7208078102585076
CBNMS,2018-08-01,0.7008968573477314,-1.1576247621720115
CBNMS,2018-09-01,0.2140003572696146,-1.2107785354006182
CBNMS,2018-10-01,0.639747889464254,-1.3668651082894203
CBNMS,2018-11-01,1.8172150858399572,-1.5875164497009102
CBNMS,2018-12-01,2.66275856176953,-1.4911129398256906
CBNMS,2019-01-01,2.7326289895770564,-1.157285585140314
CBNMS,2019-02-01,2.6024439510814394,-0.9212278938484195
CBNMS,2019-03-01,2.542247789027517,-0.7248144262608381
CBNMS,2019-04-01,2.0525856166848877,-0.40512900709773203
CBNMS,2019-05-01,1.0479969123722626,-0.2425167016852421
CBNMS,2019-06-01,0.336125054388083,-0.4987974366929104
CBNMS,2019-07-01,0.46739118675672753,-0.786939160123856
CBNMS,2019-08-01,1.0740065468986837,-0.6133730173364286
CBNMS,2019-09-01,1.6883554864011543,-0.20597719845760917
CBNMS,2019-10-01,2.245160789348104,-0.14131393150573968
CBNMS,2019-11-01,2.4933512325770186,-0.4839347635143663
CBNMS,2019-12-01,1.9971191800723616,-0.8904078827144487
CBNMS,2020-01-01,1.125161704454506,-1.1932825763901385
CBNMS,2020-02-01,0.9780276279456553,-1.3315081631338752
CBNMS,2020-03-01,1.8307505582122132,-1.136368233018029
CBNMS,2020-04-01,2.6145735697053607,-0.7144249390693032
CBNMS,2020-05-01,2.4526728990891895,-0.5382504066474992
CBNMS,2020-06-01,1.7713100679607334,-0.652552218090626
CBNMS,2020-07-01,1.3504262738938917,-0.43078622495102475
CBNMS,2020-08-01,1.208164888460234,0.305087855696834
CBNMS,2020-09-01,1.067536764991312,0.6890748295346414
CBNMS,2020-10-01,1.084019450882829,0.08371479353990569
CBNMS,2020-11-01,1.388180100700748,-0.8202327673144355
CBNMS,2020-12-01,1.5669502355614218,-1.084016595165357
CBNMS,2021-01-01,1.248877853796762,-0.9945216578201329
CBNMS,2021-02-01,0.6499873032343203,-1.4107601512036814
CBNMS,2021-03-01,0.04206269741365615,-2.210126301279261
CBNMS,2021-04-01,-0.6792221385075253,-2.5166158952432207
CBNMS,2021-05-01,-1.387651813806905,-2.1056432752861487
CBNMS,2021-06-01,-1.3940736581077193,-1.5172313169435665
CBNMS,2021-07-01,-0.36967298302407126,-1.0410591536462865
CBNMS,2021-08-01,0.9610696056168138,-0.5746284922899647
CBNMS,2021-09-01,1.6713690971222406,-0.27125675935781146
CBNMS,2021-10-01,1.695759644884973,-0.4088706345468858
CBNMS,2021-11-01,1.5095331668140752,-0.7813814091606953
CBNMS,2021-12-01,1.276898479044907,-1.0124490468888283
CBNMS,2022-01-01,0.9124085169165148,-1.2440057998874408
CBNMS,2022-02-01,0.5215999793744963,-1.7668003945628201
CBNMS,2022-03-01,0.18054542634159126,-2.269639586910451
CBNMS,2022-04-01,-0.3236231543455171,-2.2276271748209955
CBNMS,2022-05-01,-0.988329295847315,-1.7361893364525318
CBNMS,2022-06-01,-1.2497722081503395,-1.2248841963415873
CBNMS,2022-07-01,-0.7065022851013865,-0.6998963715431967
CBNMS,2022-08-01,0.1989879649610851,-0.009009371364798334
CBNMS,2022-09-01,0.7862788641640147,0.560538488396949
CBNMS,2022-10-01,1.0427840490416793,0.7304530863716185
CBNMS,2022-11-01,1.3251613835645895,0.8295376054578614
CBNMS,2022-12-01,1.522541932329945,1.1465135876893844
CBNMS,2023-01-01,1.2265848633353345,1.2092487790829118
CBNMS,2023-02-01,0.5463260629032078,0.6019307538381259
CBNMS,2023-03-01,0.09353061760692748,-0.05734880557029938
CBNMS,2023-04-01,0.2139801698506285,0.013428384658229939
CBNMS,2023-05-01,0.7454794986336308,0.4238899167893953
CBNMS,2023-06-01,1.450587038889225,0.2837793400178495
CBNMS,2023-07-01,2.1967139182150324,-0.21615085314543642
CBNMS,2023-08-01,2.77603411111523,-0.12990659470045526
CBNMS,2023-09-01,3.0272336972748066,0.6172425207654642
CBNMS,2023-10-01,3.1280016497826924,1.1766222971115274
CBNMS,2023-11-01,3.363030111296817,1.2146934880831237
CBNMS,2023-12-01,3.6160074448480164,1.2064382944986782
CBNMS,2024-01-01,3.4614340266525185,1.3224891677465869
CBNMS,2024-02-01,2.749174490639881,1.1472497749648112
CBNMS,2024-03-01,1.7601412220244064,0.5716581982672033
CBNMS,2024-04-01,0.8065209737787523,-0.009453303277501381
CBNMS,2024-05-01,0.023050344699418718,-0.43643580369551377
CBNMS,2024-06-01,-0.44650333156460603,-0.8499596446083103
CBNMS,2024-07-01,-0.4169497631282553,-1.0531985789710503
CBNMS,2024-08-01,0.08487555430017889,-0.6678137821134844
CBNMS,2024-09-01,0.7725955972363101,0.12411845495187548
CBNMS,2024-10-01,1.3648162329291698,0.785433650186053
CBNMS,2024-11-01,1.7096581492737613,1.2224520932793361
CBNMS,2024-12-01,1.6709563936536198,1.5901027632198905
CBNMS,2025-01-01,1.1740918289212048,1.578861644064723
CBNMS,2025-02-01,0.43722763098074896,0.8258387693938443
CBNMS,2025-03-01,-0.08778543318572023,-0.20562161908205448
CBNMS,2025-04-01,-0.13378215236575292,-0.7226609672909349
CBNMS,2025-05-01,0.1749019962548667,-0.7407030292891809
CBNMS,2025-06-01,0.6044781951864665,-0.7523612538677366
CBNMS,2025-07-01,1.1008104306597506,-0.593770148121134
CBNMS,2025-08-01,1.6564289452664023,0.19460765438852343
CBNMS,2025-09-01,2.0681171015642597,1.1160255611114271
MBNMS,2003-01-01,0.982297042118751,0.5219389183130717
MBNMS,2003-02-01,0.5709153249293256,0.12090024237365565
MBNMS,2003-03-01,0.41865036311173254,0.08484171892123331
MBNMS,2003-04-01,0.7771406770454775,0.6915947483076489
MBNMS,2003-05-01,1.1705578803807417,1.3431397858397411
MBNMS,2003-06-01,1.22673113298596,1.5344215154709675
MBNMS,2003-07-01,1.0564735886536423,1.3890558277737728
MBNMS,2003-08-01,0.7369371943210697,1.079731020939436
MBNMS,2003-09-01,0.19976126758290927,0.5370995111063492
MBNMS,2003-10-01,-0.2467918297887693,-0.022733437363975498
MBNMS,2003-11-01,-0.08340167171687496,-0.05944030255645601
MBNMS,2003-12-01,0.5239093185635083,0.4851980580420898
MBNMS,2004-01-01,0.7351711745291974,1.0199873870323015
MBNMS,2004-02-01,0.18220613341677508,1.2155850507852703
MBNMS,2004-03-01,-0.5891768654283749,1.3751923557088337
MBNMS,2004-04-01,-1.0323846159419015,1.6072998287400635
MBNMS,2004-05-01,-1.2231257501359776,1.431670968466128
MBNMS,2004-06-01,-1.3191820193048738,0.684283970582529
MBNMS,2004-07-01,-1.16509791741521,0.087612614896167465
MBNMS,2004-08-01,-0.7881601557455435,0.3123998996627468
MBNMS,2004-09-01,-0.5666941261739885,1.0255205765212492
MBNMS,2004-10-01,-0.49840814599894384,1.4480755085942112
MBNMS,2004-11-01,0.01883568195997268,1.3698878230457339
MBNMS,2004-12-01,1.225789198939858,1.0582296676870948
MBNMS,2005-01-01,2.441582847227505,0.6559919863199611
MBNMS,2005-02-01,2.9193734380000036,0.2834452921848259
MBNMS,2005-03-01,2.68850810977047,0.2967914418501863
MBNMS,2005-04-01,2.134110689981976,0.7896183962620835
MBNMS,2005-05-01,1.380287046663775,1.1931773847210132
MBNMS,2005-06-01,0.5807198685572215,1.013794611038606
MBNMS,2005-07-01,0.16912153886133854,0.643437606656887
MBNMS,2005-08-01,0.20667504010969517,0.7840640237227184
MBNMS,2005-09-01,0.029705489440772913,1.3703011224247061
MBNMS,2005-10-01,-0.8171822161128459,1.772241219144444
MBNMS,2005-11-01,-1.7686189845491924,1.831058296016936
MBNMS,2005-12-01,-1.9720057974495764,1.9360859060698739
MBNMS,2006-01-01,-1.391079634238871,2.1951895070144354
MBNMS,2006-02-01,-0.587540472953675,2.2754163517244708
MBNMS,2006-03-01,0.12394621443630523,2.059233587723714
MBNMS,2006-04-01,0.656432851331824,1.7906329985726628
MBNMS,2006-05-01,0.7633459280305921,1.5425323535104247
MBNMS,2006-06-01,0.42523453640720127,1.1505115892033175
MBNMS,2006-07-01,0.26109298939293346,0.6966432295256557
MBNMS,2006-08-01,0.7932422849910548,0.449853596376514
MBNMS,2006-09-01,1.5754577368588962,0.2901330667499035
MBNMS,2006-10-01,1.7602370032974068,-0.1786829791365114
MBNMS,2006-11-01,1.257618500946488,-0.8596967961668847
MBNMS,2006-12-01,0.6234138709921504,-1.1487387381580905
MBNMS,2007-01-01,0.10152230654222981,-0.8537857535352674
MBNMS,2007-02-01,-0.4242846921930354,-0.5219793924563296
MBNMS,2007-03-01,-0.76834614872277,-0.6183159778486712
MBNMS,2007-04-01,-0.6010085612639029,-0.9276619130982667
MBNMS,2007-05-01,-0.1666717244559462,-1.0428593213742048
MBNMS,2007-06-01,-0.0438083036048811,-0.9490597402050251
MBNMS,2007-07-01,-0.25234097728305716,-0.8221593152195219
MBNMS,2007-08-01,-0.3506207070598648,-0.6843828963783266
MBNMS,2007-09-01,-0.32334026994114223,-0.5714372538744983
MBNMS,2007-10-01,-0.5622663071074586,-0.6640143587687828
MBNMS,2007-11-01,-1.010905218547903,-0.9621826310639624
MBNMS,2007-12-01,-1.1769592475470778,-1.1774288441429506
MBNMS,2008-01-01,-1.0347419434680465,-1.2085974725819697
MBNMS,2008-02-01,-1.0826377334153334,-1.3501843815149461
MBNMS,2008-03-01,-1.4066129411169224,-1.7352100508813848
MBNMS,2008-04-01,-1.4969800234417399,-1.9569357959412292
MBNMS,2008-05-01,-1.129939857403619,-1.6253512674253097
MBNMS,2008-06-01,-0.6357844684523823,-1.0003224357685228
MBNMS,2008-07-01,-0.14143903618319292,-0.6693728453089712
MBNMS,2008-08-01,0.6192474840868203,-0.7963861405733442
MBNMS,2008-09-01,1.5053288526765163,-1.0420411865737222
MBNMS,2008-10-01,1.8021582673320482,-1.0680186963392349
MBNMS,2008-11-01,1.1937454361917053,-0.8138155319301961
MBNMS,2008-12-01,0.1999129834536852,-0.43036016228067836
MBNMS,2009-01-01,-0.6385677642743197,-0.22173925287355525
MBNMS,2009-02-01,-1.2848714175869547,-0.48757729824111395
MBNMS,2009-03-01,-1.6453582823521535,-1.1304280632770285
MBNMS,2009-04-01,-1.32259605703042,-1.5641068671389418
MBNMS,2009-05-01,-0.387343876681798,-1.3071724862839837
MBNMS,2009-06-01,0.33755617486018025,-0.565208137387707
MBNMS,2009-07-01,0.28592867882383527,0.024865820841959117
MBNMS,2009-08-01,-0.16620100145023856,0.10810783770890978
MBNMS,2009-09-01,-0.457295066552091,-0.17191722690223998
MBNMS,2009-10-01,-0.6107750231237444,-0.5158557798387694
MBNMS,2009-11-01,-0.7576245255164987,-0.7176772665224412
MBNMS,2009-12-01,-0.5895249459942602,-0.6470607707635825
MBNMS,2010-01-01,0.07605354041224124,-0.288656649138259
MBNMS,2010-02-01,0.7544460071352106,0.17107948528389696
MBNMS,2010-03-01,0.9474121173350423,0.4698358905773703
MBNMS,2010-04-01,0.836975177925604,0.47977346820384265
MBNMS,2010-05-01,0.7480907688413272,0.2171920216055337
MBNMS,2010-06-01,0.4714572705624794,-0.21804974269477015
MBNMS,2010-07-01,-0.21787132348883295,-0.5764755374433882
MBNMS,2010-08-01,-0.887391473301116,-0.5223340307496103
MBNMS,2010-09-01,-1.028395647556807,-0.00702889234940804
MBNMS,2010-10-01,-0.8819572400317147,0.5287917644029506
MBNMS,2010-11-01,-0.9541187244382022,0.5658872862209652
MBNMS,2010-12-01,-1.1022390631232333,0.07521758364137367
MBNMS,2011-01-01,-0.86460361125031,-0.4864039903520574
MBNMS,2011-02-01,-0.35745376161540293,-0.6746563783378986
MBNMS,2011-03-01,-0.06452146907053113,-0.4175422568974121
MBNMS,2011-04-01,-0.016842759603978397,0.0015293519254707061
MBNMS,2011-05-01,0.04914330257041976,0.16833391355647864
MBNMS,2011-06-01,-0.013540146665840982,-0.12174447576327162
MBNMS,2011-07-01,-0.5019101311139705,-0.5924091249089519
MBNMS,2011-08-01,-1.1129527946290787,-0.7048693006749644
MBNMS,2011-09-01,-1.2770094393508113,-0.30599350097870326
MBNMS,2011-10-01,-1.0850301965707518,0.1215981117787675
MBNMS,2011-11-01,-1.066620747062342,0.0422068218396498
MBNMS,2011-12-01,-1.1729312095890636,-0.4976917436109823
MBNMS,2012-01-01,-0.8388408052686824,-1.0349633849852753
MBNMS,2012-02-01,-0.017233536607674845,-1.2825097672785286
MBNMS,2012-03-01,0.6874611036922663,-1.2866697963398448
MBNMS,2012-04-01,0.9361274102406885,-1.171351507690105
MBNMS,2012-05-01,0.9166359147255418,-1.0228705438569423
MBNMS,2012-06-01,0.6965686107820729,-0.9080576976056587
MBNMS,2012-07-01,0.16542444394614533,-0.7613603454411378
MBNMS,2012-08-01,-0.31448585654679967,-0.41104691622683964
MBNMS,2012-09-01,-0.09145195224834457,0.04323649348510717
MBNMS,2012-10-01,0.7324234271338429,0.1086469610578503
MBNMS,2012-11-01,1.2293574113139059,-0.5130505443561496
MBNMS,2012-12-01,0.8488188286379483,-1.410811404386761
MBNMS,2013-01-01,-0.010530761084109906,-1.8996758318396387
MBNMS,2013-02-01,-0.7778916048224838,-1.79941385688956
MBNMS,2013-03-01,-1.2677273323242049,-1.4157297637617512
MBNMS,2013-04-01,-1.2722157278423876,-0.9633280788384314
MBNMS,2013-05-01,-0.4908805941823412,-0.4857341596939129
MBNMS,2013-06-01,0.7374440791886471,-0.20259070808372978
MBNMS,2013-07-01,1.411945083248791,-0.39060685755756214
MBNMS,2013-08-01,1.0543167432506326,-0.9191356194975501
MBNMS,2013-09-01,0.3001233953715067,-1.3520327651385853
MBNMS,2013-10-01,-0.0630931719359226,-1.5013159939229006
MBNMS,2013-11-01,0.0045001193896000765,-1.4787409286270825
MBNMS,2013-12-01,0.22026309610165534,-1.294831313490867
MBNMS,2014-01-01,0.5749753248885652,-0.9054715981282024
MBNMS,2014-02-01,1.020334800404052,-0.5830333120695368
MBNMS,2014-03-01,1.244356401184169,-0.6613935826146446
MBNMS,2014-04-01,1.3163027371376366,-0.9083238054299089
MBNMS,2014-05-01,1.9443007448043357,-0.7598424543857177
MBNMS,2014-06-01,3.495782880476815,-0.24757695145993922
MBNMS,2014-07-01,5.291162535066746,-0.052833346174271024
MBNMS,2014-08-01,6.4399038090562,-0.4662296482958473
MBNMS,2014-09-01,6.856701096070982,-0.9045814380656483
MBNMS,2014-10-01,6.877833555172625,-0.714295838585435
MBNMS,2014-11-01,6.437927354735886,0.07250807381040816
MBNMS,2014-12-01,5.338841687047895,1.004199992089363
MBNMS,2015-01-01,3.9077060605770053,1.6879308361283905
MBNMS,2015-02-01,2.701270245788347,1.7860961748072999
MBNMS,2015-03-01,1.9127761563314378,1.1564754354531896
MBNMS,2015-04-01,1.6645445235733172,0.32436268131754514
MBNMS,2015-05-01,2.404211915655453,0.21119066425325142
MBNMS,2015-06-01,4.23403197456078,0.969821871627214
MBNMS,2015-07-01,6.198711952939867,1.619133365632155
MBNMS,2015-08-01,7.059724620202801,1.2713228791216062
MBNMS,2015-09-01,6.6105229810103125,0.21067523939292085
MBNMS,2015-10-01,5.590764452719058,-0.6943908654135116
MBNMS,2015-11-01,4.590295669316116,-1.0979646527030165
MBNMS,2015-12-01,3.7453215433086062,-1.147043860340323
MBNMS,2016-01-01,3.2023333870949875,-0.886222386409484
MBNMS,2016-02-01,3.020599508726851,-0.3866848640067044
MBNMS,2016-03-01,2.7593323628122945,-0.08654369426191663
MBNMS,2016-04-01,1.9849249686022348,-0.3046532879905268
MBNMS,2016-05-01,1.1234855230602976,-0.681040723992287
MBNMS,2016-06-01,1.0406714778017763,-0.7119656849818562
MBNMS,2016-07-01,1.8096474330455163,-0.5421641528357223
MBNMS,2016-08-01,2.621464613985668,-0.5963938543229417
MBNMS,2016-09-01,2.8707405705685822,-0.7594951939320417
MBNMS,2016-10-01,2.605474491468968,-0.6597312520986414
MBNMS,2016-11-01,1.9847663592807923,-0.48957456936105265
MBNMS,2016-12-01,1.126432902419262,-0.7222691459970819
MBNMS,2017-01-01,0.5141853050073268,-1.1800962012468381
MBNMS,2017-02-01,0.6908071987480086,-1.2373516360574175
MBNMS,2017-03-01,1.3801529837982767,-0.8920965508101188
MBNMS,2017-04-01,1.6756734356845906,-0.7905421905405644
MBNMS,2017-05-01,1.2804953756764428,-1.1486836814908663
MBNMS,2017-06-01,0.8474502027823111,-1.4610094981405237
MBNMS,2017-07-01,0.9282862902621517,-1.3834457363194628
MBNMS,2017-08-01,1.3199822644831607,-1.1374749041424113
MBNMS,2017-09-01,1.645948762633644,-0.9120198200310362
MBNMS,2017-10-01,1.8411959306378973,-0.6277415233948851
MBNMS,2017-11-01,1.8239100876705845,-0.44607540473637636
MBNMS,2017-12-01,1.4330846393989496,-0.7191939654569096
MBNMS,2018-01-01,0.981582293086246,-1.215806184891088
MBNMS,2018-02-01,1.1242596541344119,-1.2049182793325377
MBNMS,2018-03-01,1.8110368949352253,-0.6177029253755907
MBNMS,2018-04-01,2.076835409374782,-0.32710831737855844
MBNMS,2018-05-01,1.302962828142631,-0.8594917143371547
MBNMS,2018-06-01,0.07659122292088402,-1.576106706133854
MBNMS,2018-07-01,-0.5983901474954547,-1.6367376277151777
MBNMS,2018-08-01,-0.34768045204481735,-1.119947671807079
MBNMS,2018-09-01,0.6596308668158357,-0.6592651245453705
MBNMS,2018-10-01,2.1263784926911997,-0.5662572379250206
MBNMS,2018-11-01,3.463334761744642,-0.849309997252778
MBNMS,2018-12-01,3.88912696807982,-1.5065670947647656
MBNMS,2019-01-01,3.328897908611101,-2.192053522290603
MBNMS,2019-02-01,2.7272628218017103,-2.1338026375111903
MBNMS,2019-03-01,2.915122657169573,-1.0619958624450019
MBNMS,2019-04-01,3.619472129783575,0.20871723003957418
MBNMS,2019-05-01,4.073875283105631,0.7596056425277753
MBNMS,2019-06-01,4.058013297649906,0.7122280534869992
MBNMS,2019-07-01,3.7643970681169496,0.7503779835900233
MBNMS,2019-08-01,3.196323292249363,0.9517789976435427
MBNMS,2019-09-01,2.3966622239691144,0.8787060692994209
MBNMS,2019-10-01,1.8317832371394531,0.5002520268998164
MBNMS,2019-11-01,1.8365498486947105,0.18797477769673657
MBNMS,2019-12-01,2.0274125703306782,-0.020827142127076346
MBNMS,2020-01-01,1.92380424577263,-0.35760321630993763
MBNMS,2020-02-01,1.788193041989709,-0.6318550501736765
MBNMS,2020-03-01,2.156365828928859,-0.3769647310550033
MBNMS,2020-04-01,2.8669689191332752,0.34549039978022134
MBNMS,2020-05-01,3.2836666665631715,0.9860158472827318
MBNMS,2020-06-01,3.2097385012285775,1.316845801622074
MBNMS,2020-07-01,2.8793837340085506,1.5187639931029784
MBNMS,2020-08-01,2.3244536465923216,1.5230587675368399
MBNMS,2020-09-01,1.5047076859428044,1.0446091445553645
MBNMS,2020-10-01,0.8180430196547047,0.3135165617050805
MBNMS,2020-11-01,0.6665120575321961,-0.024305886790001372
MBNMS,2020-12-01,0.6744186212857319,0.09356728911128726
MBNMS,2021-01-01,0.15645964934486217,-0.013050929753288476
MBNMS,2021-02-01,-0.7153795312625764,-0.68273617099786
MBNMS,2021-03-01,-0.99812948242261,-1.3484194537762006
MBNMS,2021-04-01,-0.20227168880976024,-1.3605924014964355
MBNMS,2021-05-01,1.2815267457427695,-0.7819768694777239
MBNMS,2021-06-01,2.88391907538718,-0.06377305023404914
MBNMS,2021-07-01,4.199129626260204,0.5050663960718164
MBNMS,2021-08-01,4.70532470998045,0.7174761624366418
MBNMS,2021-09-01,4.056488955787716,0.3849670831450473
MBNMS,2021-10-01,2.7809323857370116,-0.2710960303868025
MBNMS,2021-11-01,1.8879025361301365,-0.6646825779587163
MBNMS,2021-12-01,1.616482924759273,-0.6574706422269632
MBNMS,2022-01-01,1.2978739398718269,-0.8454620564320271
MBNMS,2022-02-01,0.563107978318122,-1.6315530008886674
MBNMS,2022-03-01,-0.10911396778135089,-2.4816383409186087
MBNMS,2022-04-01,-0.22166175700262947,-2.5846445070305544
MBNMS,2022-05-01,0.16077293726585032,-1.8764653696370468
MBNMS,2022-06-01,0.881330385853548,-0.9310819742705131
MBNMS,2022-07-01,1.9351596059127965,-0.1683311918113324
MBNMS,2022-08-01,2.946731146563443,0.33344276714887944
MBNMS,2022-09-01,3.194241177452015,0.5165086671735986
MBNMS,2022-10-01,2.5592287929972737,0.36234492026849263
MBNMS,2022-11-01,1.7841262898381534,0.07201672271276635
MBNMS,2022-12-01,1.4309001696983064,-0.1980841571818215
MBNMS,2023-01-01,1.2609717739201305,-0.6088415074552027
MBNMS,2023-02-01,0.997187944960751,-1.2527716782746585
MBNMS,2023-03-01,0.9500546950170767,-1.714222168552455
MBNMS,2023-04-01,1.409107325018414,-1.4866647577820142
MBNMS,2023-05-01,2.094636661761662,-0.6940752050682609
MBNMS,2023-06-01,2.7307686112617446,0.05415719373244405
MBNMS,2023-07-01,3.5235986893949085,0.42689593018519867
MBNMS,2023-08-01,4.527562634601694,0.5580020268347842
MBNMS,2023-09-01,5.162431594284527,0.5714588296649512
MBNMS,2023-10-01,4.974633817112183,0.40931454818410434
MBNMS,2023-11-01,4.341020239035731,0.15116061107931938
MBNMS,2023-12-01,3.820374430483243,0.0767958708821096
MBNMS,2024-01-01,3.3334723996968982,0.3162283984926368
MBNMS,2024-02-01,2.6027836099671866,0.7282781843538146
MBNMS,2024-03-01,1.8770778094256264,1.1492851379532731
MBNMS,2024-04-01,1.5313114866591209,1.4916910244168722
MBNMS,2024-05-01,1.4061739612942417,1.6322732348072806
MBNMS,2024-06-01,1.2379087506970137,1.5264978263138211
MBNMS,2024-07-01,1.300893810972051,1.4247002245158698
MBNMS,2024-08-01,1.8805638195160654,1.6348742922012263
MBNMS,2024-09-01,2.5014297439301556,2.0334278361550417
MBNMS,2024-10-01,2.468457075495752,2.1300696505853085
MBNMS,2024-11-01,1.8777605445951084,1.6901034804840538
MBNMS,2024-12-01,1.3392708980427614,1.0164850142292745
MBNMS,2025-01-01,0.9945123856327835,0.5368400667225749
MBNMS,2025-02-01,0.5989907438005706,0.35270900678882117
MBNMS,2025-03-01,0.31823648177661024,0.27632710323553294
MBNMS,2025-04-01,0.5976709964052997,0.10934162084453157
MBNMS,2025-05-01,1.3906986676529292,-0.18153105955189622
MBNMS,2025-06-01,2.2960330960919872,-0.4082524174699485
MBNMS,2025-07-01,3.2968273315565195,-0.2786814407691834
MBNMS,2025-08-01,4.547736591601879,0.2500991069781522
MBNMS,2025-09-01,5.572045578141844,0.7640199553995936
CPNMS,2003-01-01,1.6842286540767168,0.8224263219796826
CPNMS,2003-02-01,1.062419404521709,0.454040171509462
CPNMS,2003-03-01,0.5424619500214392,0.33484650678241634
CPNMS,2003-04-01,0.5124205310661402,0.7179340758511447
CPNMS,2003-05-01,0.5847659409243489,1.1399219456216068
CPNMS,2003-06-01,0.30717364303780575,1.169313807466173
CPNMS,2003-07-01,-0.2617538715636613,0.9451472609070873
CPNMS,2003-08-01,-0.8427171980204905,0.7891422381326626
CPNMS,2003-09-01,-1.298163193078464,0.766807474874821
CPNMS,2003-10-01,-1.5319009623591833,0.8386132086096566
CPNMS,2003-11-01,-1.4575386434241735,1.0330348499654998
CPNMS,2003-12-01,-1.2033001385552629,1.2684590090093202
CPNMS,2004-01-01,-0.9531510065279871,1.3422802726729
CPNMS,2004-02-01,-0.5366975889394094,1.2311700274007178
CPNMS,2004-03-01,0.3351939659893593,1.079126995838308
CPNMS,2004-04-01,1.3635306746080362,0.8481111162063102
CPNMS,2004-05-01,1.7762715360935888,0.3998333543555733
CPNMS,2004-06-01,1.3414440942929349,-0.03711741151873241
CPNMS,2004-07-01,0.7160002378703607,-0.012276102057737277
CPNMS,2004-08-01,0.5423265435053821,0.39590805369224885
CPNMS,2004-09-01,0.7314390654963594,0.528675405845332
CPNMS,2004-10-01,0.9360747552177466,0.08653995001737014
CPNMS,2004-11-01,1.1936928588272233,-0.4068768070807448
CPNMS,2004-12-01,1.6774846305170537,-0.3922155545593662
CPNMS,2005-01-01,2.2169633808762135,-0.03320612896831952
CPNMS,2005-02-01,2.4911491634461265,0.19307872176202018
CPNMS,2005-03-01,2.4094035345570313,0.2318625930834277
CPNMS,2005-04-01,1.9882372366675138,0.33677607462062104
CPNMS,2005-05-01,1.1847117971350805,0.5525223447386671
CPNMS,2005-06-01,0.16604575873471977,0.7480017838504007
CPNMS,2005-07-01,-0.6092142173491596,0.9244537582812711
CPNMS,2005-08-01,-0.9218875719542426,1.1154913168051268
CPNMS,2005-09-01,-1.0766557672866754,1.1972332369758216
CPNMS,2005-10-01,-1.3460590556483154,1.119956147565431
CPNMS,2005-11-01,-1.5165768412540785,1.0967146741175209
CPNMS,2005-12-01,-1.3540858380202523,1.2721116932223533
CPNMS,2006-01-01,-1.1074304937188029,1.4781364006950175
CPNMS,2006-02-01,-1.0791450994562573,1.6042468021810175
CPNMS,2006-03-01,-1.0516775900309345,1.857953210552937
CPNMS,2006-04-01,-0.6656654686638436,2.2888756728839215
CPNMS,2006-05-01,-0.08247980973064915,2.4259483283807413
CPNMS,2006-06-01,0.2756664337327717,1.8778669739229372
CPNMS,2006-07-01,0.41583116251606184,1.0051662748139132
CPNMS,2006-08-01,0.642661498928995,0.4628345608826711
CPNMS,2006-09-01,0.905362115499458,0.288237805568618
CPNMS,2006-10-01,0.8493530602951773,-0.011374283327293865
CPNMS,2006-11-01,0.4474838065287783,-0.6187255490956804
CPNMS,2006-12-01,0.06893863663982949,-1.2135587296373076
CPNMS,2007-01-01,-0.046785895296442156,-1.5453724494584582
CPNMS,2007-02-01,0.04754814907161085,-1.673034212377873
CPNMS,2007-03-01,0.2907377198025188,-1.653630538316152
CPNMS,2007-04-01,0.6268155207729159,-1.4708249620711134
CPNMS,2007-05-01,0.827148095021326,-1.27409281916563
CPNMS,2007-06-01,0.7307919471349654,-1.2554492084884805
CPNMS,2007-07-01,0.5480366648695925,-1.2933425872615465
CPNMS,2007-08-01,0.4848946898092223,-1.1215452397719547
CPNMS,2007-09-01,0.25053492100563085,-0.8099189125549475
CPNMS,2007-10-01,-0.49533400185491333,-0.6608429750037172
CPNMS,2007-11-01,-1.352869155337765,-0.7006552033384136
CPNMS,2007-12-01,-1.5375748884700928,-0.7452996848863457
CPNMS,2008-01-01,-1.037030659880785,-0.899405908771014
CPNMS,2008-02-01,-0.7063421059612575,-1.4281459007278217
CPNMS,2008-03-01,-1.044573280048369,-2.1145091037336368
CPNMS,2008-04-01,-1.5079127208054324,-2.3334471133500974
CPNMS,2008-05-01,-1.3056497563808136,-1.900893596294983
CPNMS,2008-06-01,-0.36820199394341524,-1.3307874787523946
CPNMS,2008-07-01,0.7535613469164857,-1.0915139509053602
CPNMS,2008-08-01,1.531159426316184,-1.096851908646803
CPNMS,2008-09-01,1.747297856524835,-1.1047819705092043
CPNMS,2008-10-01,1.4998551858849092,-1.124766870086599
CPNMS,2008-11-01,1.1299221152211605,-1.1949426764863709
CPNMS,2008-12-01,0.8637130966740847,-1.1953282644683698
CPNMS,2009-01-01,0.47016889297962366,-1.1288753916782028
CPNMS,2009-02-01,-0.336968496832025,-1.194280431686404
CPNMS,2009-03-01,-1.165489462668435,-1.3578075237610754
CPNMS,2009-04-01,-1.2092577229834303,-1.2553376540098526
CPNMS,2009-05-01,-0.39817523795121323,-0.7573300487963713
CPNMS,2009-06-01,0.34814596608377363,-0.2367325601524964
CPNMS,2009-07-01,0.31465556782183,-0.029162092690892122
CPNMS,2009-08-01,-0.14818659595405942,-0.0179820363472047
CPNMS,2009-09-01,-0.34022627091971513,-0.0015948637370367604
CPNMS,2009-10-01,-0.2214657791801653,-0.04502441355978745
CPNMS,2009-11-01,-0.1794548258997817,-0.16054734788621577
CPNMS,2009-12-01,-0.22108733233822328,-0.06386667149817009
CPNMS,2010-01-01,-0.0069372429466364365,0.36924847898771657
CPNMS,2010-02-01,0.5090807815536059,0.7609627531648369
CPNMS,2010-03-01,0.9561241030588231,0.7412119848329091
CPNMS,2010-04-01,0.9502424539834109,0.4942248712342737
CPNMS,2010-05-01,0.33055055481534845,0.4206574895101375
CPNMS,2010-06-01,-0.7773880834224015,0.5556407187542417
CPNMS,2010-07-01,-1.8531897084122866,0.7068979475015477
CPNMS,2010-08-01,-2.2501057697733367,0.8664008280711383
CPNMS,2010-09-01,-1.9192267142955195,1.0590901845342824
CPNMS,2010-10-01,-1.561371561005153,1.061515101057185
CPNMS,2010-11-01,-1.7059798334037897,0.7350691617450659
CPNMS,2010-12-01,-1.9929335428084738,0.4130537264681093
CPNMS,2011-01-01,-1.7891443176631086,0.48525297979648047
CPNMS,2011-02-01,-1.1362424325709328,0.777014932782393
CPNMS,2011-03-01,-0.5414957088014369,0.798608494029799
CPNMS,2011-04-01,-0.14834957426599119,0.4545873859976157
CPNMS,2011-05-01,0.24500051083603683,0.05801149915095573
CPNMS,2011-06-01,0.5473251456466495,-0.20519630599157848
CPNMS,2011-07-01,0.4368044045651551,-0.360823019699233
CPNMS,2011-08-01,0.006434418084939281,-0.3372354615839355
CPNMS,2011-09-01,-0.27143757283256004,-0.06812773249325857
CPNMS,2011-10-01,-0.25486255550511466,0.18104779962580111
CPNMS,2011-11-01,-0.27711442234420036,0.0705279363063834
CPNMS,2011-12-01,-0.5384177600838349,-0.28312915343080536
CPNMS,2012-01-01,-0.8277260947890446,-0.481778877620699
CPNMS,2012-02-01,-0.9047252522387196,-0.47609955280412103
CPNMS,2012-03-01,-0.7520652184267651,-0.5486300689372913
CPNMS,2012-04-01,-0.4379760101630529,-0.7384793197233007
CPNMS,2012-05-01,-0.10506599929552263,-0.8022342028227073
CPNMS,2012-06-01,-0.021042468522916576,-0.7251618189035307
CPNMS,2012-07-01,-0.2045023374125287,-0.7343846174598054
CPNMS,2012-08-01,-0.12036926369009501,-0.7820451130247794
CPNMS,2012-09-01,0.6917990898347773,-0.5750107291221036
CPNMS,2012-10-01,1.742302454797744,-0.21196386066493134
CPNMS,2012-11-01,1.9832600642690534,-0.23551470921880657
CPNMS,2012-12-01,1.143112950506354,-0.8618285263922846
CPNMS,2013-01-01,0.05332201330175076,-1.6250070805418035
CPNMS,2013-02-01,-0.47395931795222207,-1.9805921376672841
CPNMS,2013-03-01,-0.4556384540833883,-1.8564876711632132
CPNMS,2013-04-01,-0.22609018965762653,-1.4607773384217564
CPNMS,2013-05-01,0.21159862321425177,-0.9846311410379588
CPNMS,2013-06-01,0.9133653625580436,-0.6740990654301325
CPNMS,2013-07-01,1.5574247787021562,-0.7589239203195547
CPNMS,2013-08-01,1.7353803125916663,-1.0877659895353253
CPNMS,2013-09-01,1.4315372946138405,-1.210298005607662
CPNMS,2013-10-01,0.9512064666056294,-0.998273102641147
CPNMS,2013-11-01,0.6270425374717552,-0.7897767927285944
CPNMS,2013-12-01,0.7269522363070463,-0.7675771499172436
CPNMS,2014-01-01,1.274942988920678,-0.6744384083108084
CPNMS,2014-02-01,1.8203306308023721,-0.37035657248639364
CPNMS,2014-03-01,1.8422083090977666,-0.16505707997679098
CPNMS,2014-04-01,1.571238147099059,-0.2706361232843476
CPNMS,2014-05-01,1.8810501609642087,-0.3925874828566676
CPNMS,2014-06-01,3.074458156797785,-0.2595280157959088
CPNMS,2014-07-01,4.3288969384612885,-0.1423848063445337
CPNMS,2014-08-01,4.767635893252236,-0.3900669061953323
CPNMS,2014-09-01,4.583751752790135,-0.7771796559082791
CPNMS,2014-10-01,4.572078555521007,-0.7914222836900053
CPNMS,2014-11-01,4.932304969525087,-0.35299787219273276
CPNMS,2014-12-01,5.124142636771009,0.16100040216966235
CPNMS,2015-01-01,4.692558151678906,0.4223441774390985
CPNMS,2015-02-01,3.738368680887986,0.34277302177945385
CPNMS,2015-03-01,2.7377875344288176,-0.010113718883681804
CPNMS,2015-04-01,2.3011451666647886,-0.3445541748667792
CPNMS,2015-05-01,2.881658198681768,-0.24120767514955957
CPNMS,2015-06-01,4.266387994103072,0.31610261203331735
CPNMS,2015-07-01,5.520476334126028,0.7491177415985992
CPNMS,2015-08-01,5.844825400119994,0.5895157825571689
CPNMS,2015-09-01,5.336823199427594,0.10387600428855716
CPNMS,2015-10-01,4.591947918811633,-0.17957669325458442
CPNMS,2015-11-01,3.8774924852957042,-0.24987188053221895
CPNMS,2015-12-01,3.16156672359174,-0.4081404854265634
CPNMS,2016-01-01,2.626001848003774,-0.5606198620919743
CPNMS,2016-02-01,2.5058263514862325,-0.3462185840873915
CPNMS,2016-03-01,2.5675173122465305,0.1528482367292365
CPNMS,2016-04-01,2.3649659679893125,0.4508672964258554
CPNMS,2016-05-01,1.9584369349194657,0.4056647370487316
CPNMS,2016-06-01,1.814210606996747,0.3717426170751659
CPNMS,2016-07-01,2.01870952300042,0.555676471018809
CPNMS,2016-08-01,2.144434073840521,0.7102866054975524
CPNMS,2016-09-01,1.9123539616562226,0.5594213447192798
CPNMS,2016-10-01,1.4765020992385638,0.12532975351374478
CPNMS,2016-11-01,1.0337629333864309,-0.41531231874362146
CPNMS,2016-12-01,0.6524672547500834,-0.8381094937754234
CPNMS,2017-01-01,0.502618942282932,-0.8581914496532551
CPNMS,2017-02-01,0.7270660573966645,-0.4218488744035012
CPNMS,2017-03-01,1.0231725232095796,0.021923081836293223
CPNMS,2017-04-01,0.872478338255842,-0.007857289933795189
CPNMS,2017-05-01,0.28811439354087304,-0.30952183746202244
CPNMS,2017-06-01,-0.1433490774371598,-0.2520971415576114
CPNMS,2017-07-01,-0.048065296854702844,0.2649250465762123
CPNMS,2017-08-01,0.38866674433497195,0.6697049958346016
CPNMS,2017-09-01,0.9197775336718665,0.5992048620036492
CPNMS,2017-10-01,1.5230481577464243,0.31666380093301794
CPNMS,2017-11-01,2.0604750732834183,0.08284902764210492
CPNMS,2017-12-01,2.232117460613615,-0.277879284081299
CPNMS,2018-01-01,2.100406297577656,-0.8786801581187442
CPNMS,2018-02-01,2.1307293650174555,-1.3591899723155652
CPNMS,2018-03-01,2.4384106083153307,-1.3636137694897994
CPNMS,2018-04-01,2.49650644667533,-1.066721653375684
CPNMS,2018-05-01,1.9223009656113106,-0.8847092881623632
CPNMS,2018-06-01,1.1239808252052956,-0.9510935719645002
CPNMS,2018-07-01,0.8175412725793845,-1.1390931594781402
CPNMS,2018-08-01,1.2360251601255015,-1.3080965489157994
CPNMS,2018-09-01,2.07562317518037,-1.306371682667775
CPNMS,2018-10-01,2.8522772703537935,-1.0475040157793158
CPNMS,2018-11-01,3.0782507857761887,-0.7788307015829946
CPNMS,2018-12-01,2.546563707341851,-0.9009636647162688
CPNMS,2019-01-01,1.7732898362388005,-1.3113914766223604
CPNMS,2019-02-01,1.719363713450098,-1.3646735736587055
CPNMS,2019-03-01,2.674813445152626,-0.7706702951195297
CPNMS,2019-04-01,3.7893491504148904,-0.08188563243316725
CPNMS,2019-05-01,4.091281388619924,0.07837048045667304
CPNMS,2019-06-01,3.5874393522562276,-0.16192942356135653
CPNMS,2019-07-01,2.937630059461196,-0.3148839526226857
CPNMS,2019-08-01,2.4544921393206383,-0.3438907564461776
CPNMS,2019-09-01,1.9844517379826228,-0.5399175405385304
CPNMS,2019-10-01,1.4976095416780577,-0.8714170363343775
CPNMS,2019-11-01,1.205911257047511,-1.0326280359638202
CPNMS,2019-12-01,1.207186777470326,-0.9975146377019578
CPNMS,2020-01-01,1.457115187301378,-1.0202602710382989
CPNMS,2020-02-01,1.9663248469559687,-1.1597456593226874
CPNMS,2020-03-01,2.6456609274027785,-1.2181564452943565
CPNMS,2020-04-01,3.14379942162048,-1.074798445831526
CPNMS,2020-05-01,3.2300308274297804,-0.73986740884666
CPNMS,2020-06-01,3.126299626714378,-0.2214588643377475
CPNMS,2020-07-01,3.0661592339463333,0.31720707205007054
CPNMS,2020-08-01,2.8131127314378745,0.47591112354946835
CPNMS,2020-09-01,2.1191514294244325,0.10394304480729452
CPNMS,2020-10-01,1.3748303070788863,-0.3361481327463313
CPNMS,2020-11-01,1.1565394235943882,-0.35238718999347113
CPNMS,2020-12-01,1.2862427717705385,-0.17680626484884007
CPNMS,2021-01-01,1.0439602054405235,-0.4083386992137861
CPNMS,2021-02-01,0.3202630748479625,-1.0522249714205876
CPNMS,2021-03-01,-0.09903259600734225,-1.5071739317511237
CPNMS,2021-04-01,0.46249132300906093,-1.4580063720740808
CPNMS,2021-05-01,1.7803733971313769,-1.1850731791992388
CPNMS,2021-06-01,3.050119733555729,-0.9575993647047654
CPNMS,2021-07-01,3.5760681427390497,-0.7065063797776845
CPNMS,2021-08-01,3.1140072262205276,-0.41824097922324366
CPNMS,2021-09-01,2.007953349384651,-0.32031477934208225
CPNMS,2021-10-01,1.0630855069746812,-0.48755595760069786
CPNMS,2021-11-01,0.844527144186029,-0.6860359375733649
CPNMS,2021-12-01,1.0421478634992445,-0.76289754094428
CPNMS,2022-01-01,0.9391409084709037,-0.8213611042970751
CPNMS,2022-02-01,0.4703784427299564,-0.9180292147627342
CPNMS,2022-03-01,0.27170455977203556,-0.9790705693372089
CPNMS,2022-04-01,0.6639347572080934,-1.080623670305056
CPNMS,2022-05-01,1.2256919411172946,-1.37099272859078
CPNMS,2022-06-01,1.5241801829993094,-1.6381747441688246
CPNMS,2022-07-01,1.6410262644926588,-1.4497697457030594
CPNMS,2022-08-01,1.721841307703956,-0.859579369922835
CPNMS,2022-09-01,1.6008503481765657,-0.4682790956887209
CPNMS,2022-10-01,1.2293075551924582,-0.5854967865667592
CPNMS,2022-11-01,0.9756564443867913,-0.8272880395486805
CPNMS,2022-12-01,1.0983189236248023,-0.7846285541317427
CPNMS,2023-01-01,1.3095932325497088,-0.5938413692864115
CPNMS,2023-02-01,1.2368091209705492,-0.532879889217124
CPNMS,2023-03-01,0.9914407988874496,-0.5145506456940492
CPNMS,2023-04-01,0.9536202126636085,-0.3591626946304292
CPNMS,2023-05-01,1.287588959285791,-0.18949236319941215
CPNMS,2023-06-01,1.9319352120059063,-0.1681301396663986
CPNMS,2023-07-01,2.7335113556849007,-0.15639761558212628
CPNMS,2023-08-01,3.3446407329108205,0.007629540741545904
CPNMS,2023-09-01,3.3854446737242214,0.1817447610769527
CPNMS,2023-10-01,3.006270994895706,0.2043926425954632
CPNMS,2023-11-01,2.8828265056111313,0.2173150597136008
CPNMS,2023-12-01,3.320261531885905,0.37801292770029266
CPNMS,2024-01-01,3.78301545710588,0.5470489443370559
CPNMS,2024-02-01,3.691142582964156,0.5880749649153005
CPNMS,2024-03-01,3.230637444916607,0.6527496094001031
CPNMS,2024-04-01,2.8887379207762907,0.7982806978663017
CPNMS,2024-05-01,2.611670699806928,0.6635480024448415
CPNMS,2024-06-01,2.0436513377795835,-0.015028354248713178
CPNMS,2024-07-01,1.3130946790126399,-0.8329956775014498
CPNMS,2024-08-01,0.9121728935860839,-1.1393861459138863
CPNMS,2024-09-01,0.9077955975004467,-0.8299879667160914
CPNMS,2024-10-01,0.8647661603476866,-0.29029460231411547
CPNMS,2024-11-01,0.541014746077725,0.22185655577636831
CPNMS,2024-12-01,0.18855349912661337,0.6514220313843349
CPNMS,2025-01-01,0.1623356916157106,0.8083856171492111
CPNMS,2025-02-01,0.5823397512938614,0.5108021566175586
CPNMS,2025-03-01,1.305862924556697,-0.010236637361121423
CPNMS,2025-04-01,1.9284126542378295,-0.3320354030855959
CPNMS,2025-05-01,2.012960905714587,-0.4095701754848265
CPNMS,2025-06-01,1.6918360725010466,-0.49424737230124693
CPNMS,2025-07-01,1.7642180997641324,-0.5947951920415208
CPNMS,2025-08-01,2.684254569688311,-0.5073859215673071
CPNMS,2025-09-01,3.7096243950706276,-0.3099335263289732
CINMS,2003-01-01,1.7154112087360303,-0.11404346534116495
CINMS,2003-02-01,1.3192375652648733,-0.08525208219179212
CINMS,2003-03-01,0.9096021176000434,0.0395039274256891
CINMS,2003-04-01,0.7427454738174613,0.30569021100163307
CINMS,2003-05-01,0.6077316258673056,0.6635194607262042
CINMS,2003-06-01,0.12273876277474789,0.9924709585536552
CINMS,2003-07-01,-0.6981415050643462,1.193079055208998
CINMS,2003-08-01,-1.3544121462710017,1.2513206902894562
CINMS,2003-09-01,-1.406215655001941,1.2298750384250554
CINMS,2003-10-01,-0.9978259209415035,1.2189087561108278
CINMS,2003-11-01,-0.6915023962320024,1.2886470275021638
CINMS,2003-12-01,-0.7910916801760861,1.4479955321880742
CINMS,2004-01-01,-0.981096789403783,1.6146095626705537
CINMS,2004-02-01,-0.7348604804614637,1.6421374375826097
CINMS,2004-03-01,-0.0015593436664115253,1.4325860513605857
CINMS,2004-04-01,0.6699611158602832,1.0549194912094038
CINMS,2004-05-01,0.7356223977302162,0.7245387067170116
CINMS,2004-06-01,0.27678162955292174,0.6090709670589289
CINMS,2004-07-01,-0.088918097631483,0.6361758802263491
CINMS,2004-08-01,0.11476641292288593,0.5336496877940075
CINMS,2004-09-01,0.7504702725283395,0.1096660494200319
CINMS,2004-10-01,1.3074833364694558,-0.5028065709152372
CINMS,2004-11-01,1.508901421015683,-0.9178542682548739
CINMS,2004-12-01,1.5584932725244167,-0.8416285218307039
CINMS,2005-01-01,1.7935355907981996,-0.34220596629248345
CINMS,2005-02-01,2.2196407805015603,0.23393036586984126
CINMS,2005-03-01,2.4810014677301364,0.5972285248078516
CINMS,2005-04-01,2.2489708111985447,0.7413077995455207
CINMS,2005-05-01,1.540603863261352,0.8504022671270338
CINMS,2005-06-01,0.6404763815943588,1.045828841111827
CINMS,2005-07-01,-0.19528491040877582,1.2763577345783323
CINMS,2005-08-01,-0.8783844250563355,1.4364544931314147
CINMS,2005-09-01,-1.385872486961145,1.5118020182783674
CINMS,2005-10-01,-1.6540311070471188,1.5585077792190816
CINMS,2005-11-01,-1.6445490601002517,1.579580685762111
CINMS,2005-12-01,-1.4561517962121449,1.5065868552120487
CINMS,2006-01-01,-1.2656925842458213,1.3306549398731142
CINMS,2006-02-01,-1.1300460600590212,1.1875686855179168
CINMS,2006-03-01,-0.90705467786482,1.2328714674886327
CINMS,2006-04-01,-0.430517628853941,1.4288663798050982
CINMS,2006-05-01,0.25033358886742013,1.5263112665343173
CINMS,2006-06-01,0.85766168278267,1.3123805453742166
CINMS,2006-07-01,1.1298252694260555,0.851357271364329
CINMS,2006-08-01,1.0580306087616855,0.41381263207484487
CINMS,2006-09-01,0.8690433548661493,0.15250733959193966
CINMS,2006-10-01,0.7975491519197659,-0.08986427535576784
CINMS,2006-11-01,0.8941873940307413,-0.5864003551258795
CINMS,2006-12-01,1.0291288822613247,-1.3513146053341778
CINMS,2007-01-01,1.0353831790634367,-2.031435456194683
CINMS,2007-02-01,0.8456123536982357,-2.2219971203806654
CINMS,2007-03-01,0.5416711388102345,-1.8729479224694066
CINMS,2007-04-01,0.30836095022935567,-1.3373843656795814
CINMS,2007-05-01,0.3007087524127377,-1.0145370134760745
CINMS,2007-06-01,0.48083793157089805,-0.9859765098570908
CINMS,2007-07-01,0.5697440924482577,-1.0233570744889635
CINMS,2007-08-01,0.23594324013634466,-0.9085754985496161
CINMS,2007-09-01,-0.5818241939080215,-0.6788567697650845
CINMS,2007-10-01,-1.5360641998577995,-0.5486853019519695
CINMS,2007-11-01,-2.1230080930556636,-0.6542703719067737
CINMS,2007-12-01,-2.1228059604061404,-0.9322825155210176
CINMS,2008-01-01,-1.7686875744467239,-1.2280391722944928
CINMS,2008-02-01,-1.4462578397776815,-1.447275346456677
CINMS,2008-03-01,-1.2568172709731948,-1.568596769121866
CINMS,2008-04-01,-0.952554856628288,-1.5657318406849772
CINMS,2008-05-01,-0.31588650995920825,-1.4076457421017587
CINMS,2008-06-01,0.49036244640742244,-1.1560920428882522
CINMS,2008-07-01,1.0520639133484109,-0.993288600170556
CINMS,2008-08-01,1.1699449299730094,-1.07235880240408
CINMS,2008-09-01,1.084050011582263,-1.3317711702661053
CINMS,2008-10-01,1.1606584778179365,-1.5153101154289033
CINMS,2008-11-01,1.4181866574355892,-1.423284411483962
CINMS,2008-12-01,1.4879288006380966,-1.132284980627763
CINMS,2009-01-01,1.0754946770010276,-0.9243998561934613
CINMS,2009-02-01,0.3596439891031726,-0.9853656849581703
CINMS,2009-03-01,-0.16814022788401028,-1.199234834527117
CINMS,2009-04-01,-0.23024572525318615,-1.2668456151930874
CINMS,2009-05-01,-0.015164125092638042,-1.0188368041511093
CINMS,2009-06-01,0.12646182582922633,-0.587439705918953
CINMS,2009-07-01,0.1219215676039682,-0.26679232498784244
CINMS,2009-08-01,0.18884097763594573,-0.2249854391845685
CINMS,2009-09-01,0.4466426293715554,-0.36336283768407024
CINMS,2009-10-01,0.6944056763674936,-0.4371840543139521
CINMS,2009-11-01,0.6879863885757509,-0.2877045550557899
CINMS,2009-12-01,0.5391641059442297,0.03663218050618074
CINMS,2010-01-01,0.6332469264211196,0.34797375373542194
CINMS,2010-02-01,1.076763373179306,0.4825287342334304
CINMS,2010-03-01,1.376391583572863,0.42169748299946647
CINMS,2010-04-01,0.8705424645197151,0.29824284840313814
CINMS,2010-05-01,-0.48440921267824116,0.2961368967396949
CINMS,2010-06-01,-1.9050187612921643,0.5079399485599194
CINMS,2010-07-01,-2.4933694739044063,0.8464408945981803
CINMS,2010-08-01,-2.139309068747445,1.0929761533361337
CINMS,2010-09-01,-1.6047233848578135,1.0698287559438706
CINMS,2010-10-01,-1.6833163127639337,0.8006887579346831
CINMS,2010-11-01,-2.370983569263271,0.5036894337529633
CINMS,2010-12-01,-2.944469152618251,0.404609308891441
CINMS,2011-01-01,-2.7919888214808006,0.5379908883865157
CINMS,2011-02-01,-2.023344815299116,0.7251859982586607
CINMS,2011-03-01,-1.2325080669225288,0.7446614893280828
CINMS,2011-04-01,-0.8054192155588598,0.5241642092309888
CINMS,2011-05-01,-0.6176905495936718,0.18244037596658907
CINMS,2011-06-01,-0.382481085307933,-0.08647360247381851
CINMS,2011-07-01,-0.09714707266076743,-0.15606786926719923
CINMS,2011-08-01,-0.005096341337127386,-0.028412070763945616
CINMS,2011-09-01,-0.192432356808196,0.1876413045769757
CINMS,2011-10-01,-0.4175794086821182,0.334250203349213
CINMS,2011-11-01,-0.4222565481213662,0.2823200779573605
CINMS,2011-12-01,-0.29594184835386145,0.019896779306695235
CINMS,2012-01-01,-0.374192001685595,-0.3130885500733428
CINMS,2012-02-01,-0.7668002548332009,-0.5190755408734343
CINMS,2012-03-01,-1.1237262992579167,-0.5236815920013066
CINMS,2012-04-01,-0.9752355460068536,-0.4641338727311816
CINMS,2012-05-01,-0.26176634199627347,-0.5545040498998779
CINMS,2012-06-01,0.5841071464215313,-0.8377712520254106
CINMS,2012-07-01,1.1007055790293412,-1.102237730608121
CINMS,2012-08-01,1.2445819566339635,-1.0933964110346022
CINMS,2012-09-01,1.3033161066926735,-0.8127229633074725
CINMS,2012-10-01,1.4291517633950808,-0.5570296508824941
CINMS,2012-11-01,1.406950107908887,-0.6185390538009023
CINMS,2012-12-01,0.9541375777221565,-0.9603484831979512
CINMS,2013-01-01,0.17260930805147695,-1.2389051526018084
CINMS,2013-02-01,-0.42540074690961777,-1.1684136144598152
CINMS,2013-03-01,-0.3860308976882781,-0.8315045637735768
CINMS,2013-04-01,0.23807035107550228,-0.5927824967701765
CINMS,2013-05-01,0.9448910375230833,-0.7142078090161728
CINMS,2013-06-01,1.2592451578425246,-1.0945134157704228
CINMS,2013-07-01,1.1163037964447144,-1.3952774294939168
CINMS,2013-08-01,0.8076867557486992,-1.380090299843688
CINMS,2013-09-01,0.6363440219499834,-1.092640398283379
CINMS,2013-10-01,0.6674866362820531,-0.7345460690236909
CINMS,2013-11-01,0.7648651578441129,-0.4502290948678444
CINMS,2013-12-01,0.7849775482947895,-0.2682031815035439
CINMS,2014-01-01,0.7168284636937989,-0.1897459136932317
CINMS,2014-02-01,0.689788480649975,-0.23198915297601821
CINMS,2014-03-01,0.8917110489995568,-0.354705568489306
CINMS,2014-04-01,1.4471031136618342,-0.42197276118042604
CINMS,2014-05-01,2.302543115224624,-0.32933828120565667
CINMS,2014-06-01,3.2078166195888316,-0.17085108255937273
CINMS,2014-07-01,3.8591124489053255,-0.19281409663511193
CINMS,2014-08-01,4.119100982942811,-0.5100561424954329
CINMS,2014-09-01,4.103177267281839,-0.8926792650044978
CINMS,2014-10-01,4.024648767259279,-0.9219069918840562
CINMS,2014-11-01,3.957343530627563,-0.4094980051655336
CINMS,2014-12-01,3.785351415967946,0.3647113478313125
CINMS,2015-01-01,3.398684106952186,0.8851581695850856
CINMS,2015-02-01,2.8975270794648607,0.8796586082333507
CINMS,2015-03-01,2.5552951866767586,0.5403822999073464
CINMS,2015-04-01,2.583697539777705,0.2649465249951421
CINMS,2015-05-01,2.971889444061436,0.2233796139209286
CINMS,2015-06-01,3.5527790479489507,0.22599951655013245
CINMS,2015-07-01,4.158806877932657,0.0019362230823938356
CINMS,2015-08-01,4.6616659376461165,-0.4604295965337209
CINMS,2015-09-01,4.916461115990453,-0.8911216369787707
CINMS,2015-10-01,4.799672348200834,-1.0227805065212927
CINMS,2015-11-01,4.370023634441349,-0.8383003003763984
CINMS,2015-12-01,3.9141015609852534,-0.5298785589955118
CINMS,2016-01-01,3.698384827738328,-0.2702238187212375
CINMS,2016-02-01,3.644212451147945,-0.07485383046369615
CINMS,2016-03-01,3.3544311528539326,0.13123284564305973
CINMS,2016-04-01,2.571411001573655,0.3821506594108869
CINMS,2016-05-01,1.5822820791903083,0.6425348103016703
CINMS,2016-06-01,1.0373882349513888,0.8701376041712877
CINMS,2016-07-01,1.2858618123929155,1.0442045447206194
CINMS,2016-08-01,1.9478039500343967,1.1252763716328773
CINMS,2016-09-01,2.250015165395492,1.0457833101094258
CINMS,2016-10-01,1.7992874374466108,0.7949536585210806
CINMS,2016-11-01,0.9432028024865327,0.4999665021346233
CINMS,2016-12-01,0.3278254212052258,0.3588914588537611
CINMS,2017-01-01,0.1872024746594639,0.448863047104929
CINMS,2017-02-01,0.18844579474925294,0.616266781531695
CINMS,2017-03-01,-0.03780202372195036,0.6035752610927159
CINMS,2017-04-01,-0.3781272891635119,0.30993800226913015
CINMS,2017-05-01,-0.37573588249578577,-0.08487891002909234
CINMS,2017-06-01,0.16878341355527002,-0.27485495571137253
CINMS,2017-07-01,0.9089001362939692,-0.11265509554714115
CINMS,2017-08-01,1.343262667837508,0.2540475752397926
CINMS,2017-09-01,1.3917886115883564,0.514807582938263
CINMS,2017-10-01,1.4368576707679,0.45449732742399845
CINMS,2017-11-01,1.7967873772318659,0.10102475907449529
CINMS,2017-12-01,2.314501295057791,-0.3376742749351827
CINMS,2018-01-01,2.578800538140343,-0.6555856087826386
CINMS,2018-02-01,2.4723320534800117,-0.789612976819357
CINMS,2018-03-01,2.3231657040833094,-0.8301815044526886
CINMS,2018-04-01,2.461609120785566,-0.9191022826332333
CINMS,2018-05-01,2.7683453212711666,-1.1187742144157349
CINMS,2018-06-01,2.8215931638764125,-1.350121662508081
CINMS,2018-07-01,2.4694619778254703,-1.4555618901997232
CINMS,2018-08-01,2.076681189894548,-1.3479591313922799
CINMS,2018-09-01,2.0880764615156386,-1.1142088700004158
CINMS,2018-10-01,2.4378492147793565,-0.9574295543839427
CINMS,2018-11-01,2.578041239971586,-1.010911517821566
CINMS,2018-12-01,2.1521400197766583,-1.2041788173304655
CINMS,2019-01-01,1.510332476532526,-1.3297806597828115
CINMS,2019-02-01,1.3999426878753172,-1.252507860131423
CINMS,2019-03-01,2.13673042395502,-1.0410469188052636
CINMS,2019-04-01,3.199718647831818,-0.8807361285345281
CINMS,2019-05-01,3.71886667687628,-0.8684280756838364
CINMS,2019-06-01,3.3079269072140876,-0.9186907698724374
CINMS,2019-07-01,2.3396234234745785,-0.8748021101914889
CINMS,2019-08-01,1.4477459990783086,-0.6829869527046839
CINMS,2019-09-01,0.907120403380936,-0.43398342851547256
CINMS,2019-10-01,0.5738476960352481,-0.2526472357719237
CINMS,2019-11-01,0.3150995021245663,-0.19034953846277078
CINMS,2019-12-01,0.29308071226202165,-0.23432768339821486
CINMS,2020-01-01,0.7444017959010337,-0.3715683107608792
CINMS,2020-02-01,1.5863236284551279,-0.5838551309581033
CINMS,2020-03-01,2.3914672001960118,-0.7837300576440045
CINMS,2020-04-01,2.7794017325910945,-0.8253802026051746
CINMS,2020-05-01,2.7458491277703985,-0.6390281501027361
CINMS,2020-06-01,2.549912637340158,-0.33943882172087103
CINMS,2020-07-01,2.3395496340920476,-0.13542010210035044
CINMS,2020-08-01,1.9900906076117215,-0.0992155767276255
CINMS,2020-09-01,1.3211300468962939,-0.06603151022341028
CINMS,2020-10-01,0.38018216518889697,0.17735897641890727
CINMS,2020-11-01,-0.5604326275759735,0.6019562124861223
CINMS,2020-12-01,-1.2508419319880684,0.8938099747629529
CINMS,2021-01-01,-1.6219128084139325,0.7519830720243588
CINMS,2021-02-01,-1.6906172772971662,0.216534108791569
CINMS,2021-03-01,-1.4091796458743098,-0.3475959397357324
CINMS,2021-04-01,-0.7143751116562109,-0.605955210126616
CINMS,2021-05-01,0.2702115047286652,-0.557199061723384
CINMS,2021-06-01,1.1715438008084682,-0.45688507031852393
CINMS,2021-07-01,1.59309525032377,-0.4802815667781485
CINMS,2021-08-01,1.428028805855794,-0.5343827760591952
CINMS,2021-09-01,0.9387907234430092,-0.4267984536965827
CINMS,2021-10-01,0.527622584496364,-0.15956157804864865
CINMS,2021-11-01,0.42779863856450645,0.02423752139392298
CINMS,2021-12-01,0.5791689648062183,-0.10305123186584951
CINMS,2022-01-01,0.7383624333156175,-0.5075838703454237
CINMS,2022-02-01,0.6871943613077148,-0.9439396049446709
CINMS,2022-03-01,0.39203915552646706,-1.2165090246089239
CINMS,2022-04-01,0.04036252153608477,-1.3278316674808464
CINMS,2022-05-01,-0.07178789087865067,-1.364681393278139
CINMS,2022-06-01,0.2315591969501888,-1.3156520136754961
CINMS,2022-07-01,0.8110980298671078,-1.080056300258635
CINMS,2022-08-01,1.2531997320938966,-0.6482710154797671
CINMS,2022-09-01,1.1821368788262576,-0.18981061775472552
CINMS,2022-10-01,0.5892895877456202,0.09677098761783562
CINMS,2022-11-01,-0.1509976750455944,0.19377783641059335
CINMS,2022-12-01,-0.6124923938211858,0.25718280605532085
CINMS,2023-01-01,-0.6549198142150275,0.3858303324233998
CINMS,2023-02-01,-0.4262349929223688,0.45918421557089106
CINMS,2023-03-01,-0.08594572745051862,0.2704458408135804
CINMS,2023-04-01,0.3728533887231216,-0.18378996309061404
CINMS,2023-05-01,0.9885335226429833,-0.610299138808228
CINMS,2023-06-01,1.6106010531433046,-0.6615875406016624
CINMS,2023-07-01,1.956476056303701,-0.26064452925945536
CINMS,2023-08-01,1.9325754212306523,0.34474923066673036
CINMS,2023-09-01,1.8029072459791673,0.8416413884450443
CINMS,2023-10-01,1.9214555185710305,1.1240188625340175
CINMS,2023-11-01,2.298862732728076,1.2956643313464524
CINMS,2023-12-01,2.5431578593364104,1.4558026742609032
CINMS,2024-01-01,2.2995121896179005,1.553625767240885
CINMS,2024-02-01,1.6882514143678393,1.4716338955084878
CINMS,2024-03-01,1.1994215194446705,1.2005663234010289
CINMS,2024-04-01,1.1449479231348048,0.8731659548633328
CINMS,2024-05-01,1.319258764728757,0.622421862182221
CINMS,2024-06-01,1.275656862216843,0.4504408886565121
CINMS,2024-07-01,0.869858047960209,0.26580763940023955
CINMS,2024-08-01,0.3969647056168112,0.0290813626022568
CINMS,2024-09-01,0.17203669745869574,-0.1784991669212676
CINMS,2024-10-01,0.11820945024760172,-0.2389680821018035
CINMS,2024-11-01,-0.08717909410186771,-0.12467364514930222
CINMS,2024-12-01,-0.49555398142960577,0.07445170243931162
CINMS,2025-01-01,-0.7013669130950748,0.2326615075743997
CINMS,2025-02-01,-0.2931241148270665,0.2732541362491042
CINMS,2025-03-01,0.5861010573037261,0.1822553556692596
CINMS,2025-04-01,1.2956775039837012,-0.01969119322010225
CINMS,2025-05-01,1.3666425224700232,-0.2885214245699924
CINMS,2025-06-01,1.004359595486554,-0.5534714634635941
CINMS,2025-07-01,0.8149696762944393,-0.7414883139131324
CINMS,2025-08-01,1.080609078442169,-0.8264413921717394
CINMS,2025-09-01,1.4592494294309588,-0.8444211017260883
PNMS,2003-01-01,-0.49908157829497024,-1.1101947515820307
PNMS,2003-02-01,-0.6508872114076222,-0.7990092149806878
PNMS,2003-03-01,-0.8110699805692541,-0.437797120437187
PNMS,2003-04-01,-0.881863052190229,-0.26555784856324244
PNMS,2003-05-01,-0.9502179772710111,-0.2589867057149369
PNMS,2003-06-01,-1.1910497397023272,-0.2049055768980588
PNMS,2003-07-01,-1.6326701033395226,0.015500330633697719
PNMS,2003-08-01,-2.056451142608264,0.2753556054830996
PNMS,2003-09-01,-2.1599738068364283,0.36022428320595873
PNMS,2003-10-01,-1.8235084848933942,0.23718109337109525
PNMS,2003-11-01,-1.2177179333023833,0.10371233766638793
PNMS,2003-12-01,-0.6739025479821377,0.1528951923032065
PNMS,2004-01-01,-0.4713957097547034,0.3380959063464679
PNMS,2004-02-01,-0.7186955930768206,0.42956871147250686
PNMS,2004-03-01,-1.3428529081898064,0.31036028868616505
PNMS,2004-04-01,-2.101708830456075,0.16525573388111586
PNMS,2004-05-01,-2.6164180399770753,0.32398321041040284
PNMS,2004-06-01,-2.5223734258085995,0.9109267803616568
PNMS,2004-07-01,-1.74388778619258,1.6798577774331287
PNMS,2004-08-01,-0.6775044596114971,2.2152464948343065
PNMS,2004-09-01,-0.02489019667964667,2.2874234766204817
PNMS,2004-10-01,-0.30148647798275174,1.9997137441745718
PNMS,2004-11-01,-1.4074981213717495,1.61330738929179
PNMS,2004-12-01,-2.666392153817083,1.282630512688392
PNMS,2005-01-01,-3.3277626668065046,0.9917486088583546
PNMS,2005-02-01,-3.0932448338925105,0.713524407827187
PNMS,2005-03-01,-2.2194761628379682,0.5505805235775483
PNMS,2005-04-01,-1.1856847192530438,0.6610103653175263
PNMS,2005-05-01,-0.31524211314583295,1.0504243743745125
PNMS,2005-06-01,0.3057445648799032,1.4872305043212755
PNMS,2005-07-01,0.6618540583159417,1.6681278704354263
PNMS,2005-08-01,0.7017397549177957,1.4816232250087267
PNMS,2005-09-01,0.44295780127430956,1.1055909520797604
PNMS,2005-10-01,0.103550905234576,0.8453097504381708
PNMS,2005-11-01,0.0044923037598717675,0.8745553928062303
PNMS,2005-12-01,0.279184375655584,1.1165631945322836
PNMS,2006-01-01,0.7113843703533458,1.3440107938269505
PNMS,2006-02-01,0.922685691286053,1.3749434443267199
PNMS,2006-03-01,0.7371462313176953,1.1896518577856525
PNMS,2006-04-01,0.33136213526839237,0.901552454787855
PNMS,2006-05-01,0.011454128200203757,0.6451790715036008
PNMS,2006-06-01,-0.11713247433238662,0.4841224717408602
PNMS,2006-07-01,-0.20607607272977965,0.3961090092572443
PNMS,2006-08-01,-0.4005429431487421,0.32716155100890476
PNMS,2006-09-01,-0.596296374187412,0.26303110979297656
PNMS,2006-10-01,-0.5326993324860176,0.25370923727752376
PNMS,2006-11-01,-0.12402205276000171,0.35815299618854385
PNMS,2006-12-01,0.3746588561730187,0.5509902462983113
PNMS,2007-01-01,0.594965863078116,0.693709006150564
PNMS,2007-02-01,0.4424952487147307,0.6353760404248615
PNMS,2007-03-01,0.2055133352436219,0.37246916368198096
PNMS,2007-04-01,0.24871635880720397,0.09770541135079504
PNMS,2007-05-01,0.6228481478616017,0.04521841716968988
PNMS,2007-06-01,1.0170272292997784,0.25453229206445155
PNMS,2007-07-01,1.0978007741405753,0.5013028990296207
PNMS,2007-08-01,0.8568586663588145,0.5036038121498507
PNMS,2007-09-01,0.5997568996736065,0.21871839949055522
PNMS,2007-10-01,0.6174285292717732,-0.08418479927928145
PNMS,2007-11-01,0.9133785295855632,-0.0787013756864129
PNMS,2007-12-01,1.2557492950221942,0.2857938547942792
PNMS,2008-01-01,1.4427722228575053,0.7255647545799825
PNMS,2008-02-01,1.4644762054318201,0.9070706576569483
PNMS,2008-03-01,1.4189015341981641,0.7691232515077571
PNMS,2008-04-01,1.3455698853908322,0.5345774273151255
PNMS,2008-05-01,1.2012441061623713,0.41399489980404236
PNMS,2008-06-01,0.9811656313547233,0.35541410696152187
PNMS,2008-07-01,0.7893129331663423,0.13828857317449705
PNMS,2008-08-01,0.7361964141039188,-0.3004623213835717
PNMS,2008-09-01,0.7827117122019851,-0.710787367020824
PNMS,2008-10-01,0.7382762931838753,-0.7650519661206238
PNMS,2008-11-01,0.4435513376889204,-0.4435789439719245
PNMS,2008-12-01,-0.055666605092790276,-0.1211209487460334
PNMS,2009-01-01,-0.5308785087748834,-0.21423267491743858
PNMS,2009-02-01,-0.7547750003162509,-0.7450223804265973
PNMS,2009-03-01,-0.6473627822432727,-1.2957844772281681
PNMS,2009-04-01,-0.26534178120139507,-1.4195852722742959
PNMS,2009-05-01,0.28469806731137315,-1.07952128683135
PNMS,2009-06-01,0.8707972395544341,-0.6608247081022188
PNMS,2009-07-01,1.3001362205950069,-0.5651232581102534
PNMS,2009-08-01,1.3529969740810073,-0.835320552949619
PNMS,2009-09-01,0.9366629295865792,-1.1933017316870314
PNMS,2009-10-01,0.2163352988239777,-1.3975718125106842
PNMS,2009-11-01,-0.4601716114687787,-1.4905297201401406
PNMS,2009-12-01,-0.8226133260745524,-1.671525427523295
PNMS,2010-01-01,-0.8791211941723296,-1.983328942975258
PNMS,2010-02-01,-0.8519616485457718,-2.2064828802911127
PNMS,2010-03-01,-0.9218453443655176,-2.0939958601314412
PNMS,2010-04-01,-1.0576520757254746,-1.6710303694210105
PNMS,2010-05-01,-1.0980360649536354,-1.2468784008314662
PNMS,2010-06-01,-0.9594720094994298,-1.1170174762030736
PNMS,2010-07-01,-0.717772018612808,-1.27963579550082
PNMS,2010-08-01,-0.488005771107236,-1.4622974399366302
PNMS,2010-09-01,-0.2796094636713394,-1.4041304537917139
PNMS,2010-10-01,-0.016421127486906037,-1.0780326567469805
PNMS,2010-11-01,0.3192666037075829,-0.6448354679223225
PNMS,2010-12-01,0.6286413659198445,-0.24885699975125444
PNMS,2011-01-01,0.8174967680196633,0.08699839593339546
PNMS,2011-02-01,0.9358799287199342,0.3754107372495815
PNMS,2011-03-01,1.1244401031879976,0.5465625074774718
PNMS,2011-04-01,1.399169320659026,0.4814473160267883
PNMS,2011-05-01,1.5478403291282505,0.1684350106565136
PNMS,2011-06-01,1.3224462419303054,-0.21796173885880896
PNMS,2011-07-01,0.7585900384980119,-0.4363691177901763
PNMS,2011-08-01,0.2522650212357091,-0.3833740460136364
PNMS,2011-09-01,0.2507685899162928,-0.16853192071213605
PNMS,2011-10-01,0.8424199657577153,0.0107960655277827
PNMS,2011-11-01,1.669327439500194,0.049404407424385184
PNMS,2011-12-01,2.2568168523253824,-0.015055630029687385
PNMS,2012-01-01,2.411268961087146,-0.10028210183385337
PNMS,2012-02-01,2.2825143079235373,-0.18564984521880368
PNMS,2012-03-01,2.0763684203213537,-0.3082503884583136
PNMS,2012-04-01,1.7865549856482825,-0.482144980509811
PNMS,2012-05-01,1.2580574180743107,-0.6594761291915359
PNMS,2012-06-01,0.48062973589560165,-0.77983719146166
PNMS,2012-07-01,-0.2638678328658549,-0.8352741853038035
PNMS,2012-08-01,-0.5975073817378163,-0.8664488225511909
PNMS,2012-09-01,-0.37645625496729385,-0.903495716738933
PNMS,2012-10-01,0.20309969780729112,-0.9361665935943232
PNMS,2012-11-01,0.8120439238673991,-0.9515750942629909
PNMS,2012-12-01,1.2485992850072458,-0.9825335222655949
PNMS,2013-01-01,1.4784232572320606,-1.0934189210309204
PNMS,2013-02-01,1.4901054979063222,-1.3121308454441787
PNMS,2013-03-01,1.2272582230164677,-1.5863857810428659
PNMS,2013-04-01,0.7172458728242529,-1.8119461687557465
PNMS,2013-05-01,0.20263755557057953,-1.8961146285078023
PNMS,2013-06-01,0.01979596471088961,-1.7939133986363454
PNMS,2013-07-01,0.27236668310913814,-1.5104756977034026
PNMS,2013-08-01,0.6527903795157763,-1.1093701127156186
PNMS,2013-09-01,0.6678309695569379,-0.7306668897360837
PNMS,2013-10-01,0.09002326610006955,-0.5615208532626202
PNMS,2013-11-01,-0.8227839824311882,-0.7265318318035221
PNMS,2013-12-01,-1.5766700507687903,-1.1729651881712022
PNMS,2014-01-01,-1.8982363963725315,-1.6781638307303015
PNMS,2014-02-01,-1.9166614822587122,-2.0033263187373564
PNMS,2014-03-01,-1.898373323425728,-2.054308659052549
PNMS,2014-04-01,-1.855195290767895,-1.8873826198024497
PNMS,2014-05-01,-1.476306535508861,-1.5704261139628959
PNMS,2014-06-01,-0.4676471346705328,-1.0862465507703467
PNMS,2014-07-01,1.0613039152174957,-0.4189032202209885
PNMS,2014-08-01,2.563407363373574,0.2745587521129906
PNMS,2014-09-01,3.398232727386677,0.6520749379248035
PNMS,2014-10-01,3.2245999297134267,0.4277792295978864
PNMS,2014-11-01,2.132131121474549,-0.3463404253259248
PNMS,2014-12-01,0.5067633043920466,-1.2705059518355388
PNMS,2015-01-01,-1.164111142188992,-1.9093065885697513
PNMS,2015-02-01,-2.4151100739688665,-2.1228009393293616
PNMS,2015-03-01,-2.9016429665184904,-2.077703397560208
PNMS,2015-04-01,-2.535543950374276,-1.949365262396444
PNMS,2015-05-01,-1.57133896885144,-1.6754888813997688
PNMS,2015-06-01,-0.494170051701238,-1.0624907515474704
PNMS,2015-07-01,0.2750125741290866,-0.12553800229688672
PNMS,2015-08-01,0.6237838774475422,0.7566129082531495
PNMS,2015-09-01,0.7205526700960525,1.106392864988007
PNMS,2015-10-01,0.7582802035490961,0.786379918253589
PNMS,2015-11-01,0.7429523435098869,0.13941338862838276
PNMS,2015-12-01,0.5322373911581805,-0.33874528117437464
PNMS,2016-01-01,0.04479588214619595,-0.4531182231236595
PNMS,2016-02-01,-0.612132365110242,-0.4091783208996705
PNMS,2016-03-01,-1.22493402931527,-0.47514611412800317
PNMS,2016-04-01,-1.6421594831385273,-0.612629024404814
PNMS,2016-05-01,-1.8310482621018858,-0.5076230562930429
PNMS,2016-06-01,-1.7928243023257089,0.03300953202563987
PNMS,2016-07-01,-1.4877521639676798,0.7822561542676978
PNMS,2016-08-01,-0.8861098048814287,1.253338534362646
PNMS,2016-09-01,-0.07356181995523349,1.1662270425216357
PNMS,2016-10-01,0.7454243853220408,0.7188113546382238
PNMS,2016-11-01,1.3733393660051587,0.37224297616443414
PNMS,2016-12-01,1.7338676194739961,0.3890330184241156
PNMS,2017-01-01,1.8534730706944522,0.6185263475177452
PNMS,2017-02-01,1.7702067707479368,0.7347143048105349
PNMS,2017-03-01,1.5229529151823897,0.6347084249091008
PNMS,2017-04-01,1.2409510266286943,0.5535567547309581
PNMS,2017-05-01,1.1669890781180692,0.7880654207928752
PNMS,2017-06-01,1.4834464655278723,1.3516200781708905
PNMS,2017-07-01,2.070865039280836,1.9333098944971734
PNMS,2017-08-01,2.495463613894541,2.183720229805356
PNMS,2017-09-01,2.3359004593775254,2.0091437643284533
PNMS,2017-10-01,1.5778705083387843,1.5872924202878453
PNMS,2017-11-01,0.66644668256512,1.1436585839617344
PNMS,2017-12-01,0.11915132667238652,0.7633482314997423
PNMS,2018-01-01,0.061489935707388345,0.4199365139370813
PNMS,2018-02-01,0.14496696688982333,0.13068267232242184
PNMS,2018-03-01,-0.08198577942101905,0.020331687523355582
PNMS,2018-04-01,-0.7403687461882008,0.2124462514731274
PNMS,2018-05-01,-1.5473598692618893,0.6787452512257464
PNMS,2018-06-01,-2.1160795258051075,1.2188655317097894
PNMS,2018-07-01,-2.2636031050781664,1.5927434446896582
PNMS,2018-08-01,-2.028537810215193,1.6743241139761076
PNMS,2018-09-01,-1.4861104532348806,1.497449856107888
PNMS,2018-10-01,-0.6699414353901221,1.1869490565312861
PNMS,2018-11-01,0.2896215275799926,0.8613595094602717
PNMS,2018-12-01,1.0445943468680936,0.582059345321918
PNMS,2019-01-01,1.1918857017691318,0.36001985296926414
PNMS,2019-02-01,0.6393692399562437,0.1945534462698097
PNMS,2019-03-01,-0.21076806060580697,0.1155365567574818
PNMS,2019-04-01,-0.7166063963035745,0.1975035470318496
PNMS,2019-05-01,-0.49071225979958133,0.5153272203919399
PNMS,2019-06-01,0.3300100963626184,1.0531562578778653
PNMS,2019-07-01,1.2722223452220107,1.6452860730814705
PNMS,2019-08-01,1.9369077705604014,2.035074470833536
PNMS,2019-09-01,2.21542252568787,2.038572090995337
PNMS,2019-10-01,2.1744117946285195,1.6783917302248175
PNMS,2019-11-01,1.8582202554019884,1.1568858965418933
PNMS,2019-12-01,1.2926393317191913,0.6914255575535494
PNMS,2020-01-01,0.651029505013772,0.379809106365936
PNMS,2020-02-01,0.29042712676884236,0.22605097543808908
PNMS,2020-03-01,0.5096894437971505,0.2645344138689875
PNMS,2020-04-01,1.2498200575652265,0.5968491427629911
PNMS,2020-05-01,2.08601402588275,1.261145100399245
PNMS,2020-06-01,2.5689020054428258,2.0779834016476517
PNMS,2020-07-01,2.5860521572204993,2.6875427224544617
PNMS,2020-08-01,2.385190166525922,2.800480678858946
PNMS,2020-09-01,2.266437393228732,2.4332474185496795
PNMS,2020-10-01,2.2934359235061854,1.8850958997877483
PNMS,2020-11-01,2.3115639126128413,1.4745928308209348
PNMS,2020-12-01,2.1919681939227553,1.3028824749615247
PNMS,2021-01-01,1.9842016711772417,1.2660104301619794
PNMS,2021-02-01,1.8143877546291758,1.2529690773015139
PNMS,2021-03-01,1.6941034786265499,1.2731546789874344
PNMS,2021-04-01,1.502548130776946,1.376471899341129
PNMS,2021-05-01,1.1690990391862512,1.5048406400904337
PNMS,2021-06-01,0.8213045949938214,1.5015283128699024
PNMS,2021-07-01,0.6994055406688852,1.2938167924149475
PNMS,2021-08-01,0.921546849921693,1.0191254184996081
PNMS,2021-09-01,1.364023008351172,0.9042527118895693
PNMS,2021-10-01,1.7847369779932796,1.005739162886329
PNMS,2021-11-01,2.0404824916237354,1.1172738518411378
PNMS,2021-12-01,2.1638720182413764,0.9848388526286962
PNMS,2022-01-01,2.2562323834200595,0.6109411182043948
PNMS,2022-02-01,2.3653730272491114,0.2984578582076995
PNMS,2022-03-01,2.4936086487139,0.3584748812004204
PNMS,2022-04-01,2.6779315381509794,0.7866290306648267
PNMS,2022-05-01,2.982590702162872,1.2591800821364307
PNMS,2022-06-01,3.380454207127833,1.448906054413823
PNMS,2022-07-01,3.6871158675642013,1.310302756866101
PNMS,2022-08-01,3.685369581830815,1.035969897877705
PNMS,2022-09-01,3.344447018225771,0.7756432561895584
PNMS,2022-10-01,2.8858353119609026,0.4762559614952633
PNMS,2022-11-01,2.5876640940403446,0.033045318447050095
PNMS,2022-12-01,2.511430143919298,-0.45600223221263414
PNMS,2023-01-01,2.438422225700131,-0.684577976603931
PNMS,2023-02-01,2.087476137232935,-0.440371786333085
PNMS,2023-03-01,1.3909909567917402,0.11548504576721226
PNMS,2023-04-01,0.561358971362014,0.538341598161822
PNMS,2023-05-01,-0.08264473085745515,0.5059185343755583
PNMS,2023-06-01,-0.32726776847909206,0.1210275822238848
PNMS,2023-07-01,-0.13310466576376048,-0.21413715991389953
PNMS,2023-08-01,0.41510832633980355,-0.21817342314286142
PNMS,2023-09-01,1.1482759245007483,0.001705898337574255
PNMS,2023-10-01,1.8130573073031808,0.10165884717051986
PNMS,2023-11-01,2.131779347074499,-0.12084064488667559
PNMS,2023-12-01,1.965879714649531,-0.5418204756904729
PNMS,2024-01-01,1.4450422137042966,-0.8905707184100901
PNMS,2024-02-01,0.883533366181812,-1.0502203261763006
PNMS,2024-03-01,0.517492915817746,-1.1247764786775325
PNMS,2024-04-01,0.3303427894240668,-1.219534770390662
PNMS,2024-05-01,0.17448284175353465,-1.227870088717285
PNMS,2024-06-01,0.06273270904585948,-0.9073491125930999
PNMS,2024-07-01,0.27198454455375337,-0.18315800936653545
PNMS,2024-08-01,1.0808888037438265,0.661155958918024
PNMS,2024-09-01,2.3896118950951717,1.1423269752255545
PNMS,2024-10-01,3.65633822714715,0.9569323701782707
PNMS,2024-11-01,4.282918835027702,0.2259616482291787
PNMS,2024-12-01,4.09843796704096,-0.6111881987827414
PNMS,2025-01-01,3.4639482799435157,-1.130857475453351
PNMS,2025-02-01,2.9084139252230607,-1.1820860103524236
PNMS,2025-03-01,2.6837910194966255,-0.8848801785449605
PNMS,2025-04-01,2.6731037836112845,-0.4466376398623206
PNMS,2025-05-01,2.66929479365561,4.164916550432592e-4
PNMS,2025-06-01,2.6513067537649757,0.4239660952478241
PNMS,2025-07-01,2.7493185149231567,0.8196134130097064
PNMS,2025-08-01,2.9982372237306456,1.1485751606314945
PNMS,2025-09-01,3.2255880448185703,1.340589094225415
HIHWNMS,2003-01-01,-0.020549578189018505,-0.5392439872815398
HIHWNMS,2003-02-01,-0.27532734708636586,-0.2167993027308857
HIHWNMS,2003-03-01,-0.3795040825717898,0.3332984373531004
HIHWNMS,2003-04-01,-0.15637718163504832,0.7728769367778056
HIHWNMS,2003-05-01,0.14050002989824248,0.7898854881078019
HIHWNMS,2003-06-01,0.33248069267312336,0.571887586673098
HIHWNMS,2003-07-01,0.589269363433798,0.6133553460839428
HIHWNMS,2003-08-01,1.020151734439305,0.9804895978149786
HIHWNMS,2003-09-01,1.3680689395882946,1.2023788209301502
HIHWNMS,2003-10-01,1.3672901650563563,1.0326399842120844
HIHWNMS,2003-11-01,1.133613856854799,0.8547523492521152
HIHWNMS,2003-12-01,0.9498157745723893,1.0646545034165136
HIHWNMS,2004-01-01,0.8855575292406066,1.4683482509986634
HIHWNMS,2004-02-01,0.8625775438890751,1.6640516599224222
HIHWNMS,2004-03-01,0.8821644914128401,1.6954127347552206
HIHWNMS,2004-04-01,0.9434883001585388,1.884356545173977
HIHWNMS,2004-05-01,0.9437163228818334,2.2222982798161683
HIHWNMS,2004-06-01,0.9224255631464942,2.3794541112513206
HIHWNMS,2004-07-01,1.1870120138883984,2.2262911203567937
HIHWNMS,2004-08-01,1.8649690404230241,1.947050080636719
HIHWNMS,2004-09-01,2.516095650599575,1.6832748747964155
HIHWNMS,2004-10-01,2.589266577664452,1.4227682859793702
HIHWNMS,2004-11-01,2.161478460346563,1.2031799930576998
HIHWNMS,2004-12-01,1.8035650161988432,1.0788619966197937
HIHWNMS,2005-01-01,1.7582679078881316,0.9285167114876623
HIHWNMS,2005-02-01,1.7140735091177977,0.6627816590772764
HIHWNMS,2005-03-01,1.4454928111220988,0.5714275626362637
HIHWNMS,2005-04-01,1.1909898212295718,1.0097603565098705
HIHWNMS,2005-05-01,1.1922198846011434,1.7133821329786332
HIHWNMS,2005-06-01,1.2649713725304592,1.9414765922482204
HIHWNMS,2005-07-01,1.1293351179557398,1.4675773358090871
HIHWNMS,2005-08-01,0.8896461063694269,0.9288493457435254
HIHWNMS,2005-09-01,0.8748465577646639,0.9035792848076291
HIHWNMS,2005-10-01,1.1614965261724628,1.0965818308527642
HIHWNMS,2005-11-01,1.4883806476292791,0.862165337714911
HIHWNMS,2005-12-01,1.5019460802513966,0.20036690040950852
HIHWNMS,2006-01-01,0.9323669549364354,-0.2712697401166146
HIHWNMS,2006-02-01,-0.22122976405502398,-0.17532260977517689
HIHWNMS,2006-03-01,-1.4371142319843804,0.26195359186878114
HIHWNMS,2006-04-01,-1.8770482725682494,0.640921978560908
HIHWNMS,2006-05-01,-1.229908537534617,0.7750621682913335
HIHWNMS,2006-06-01,-0.19857314038103127,0.659811345082089
HIHWNMS,2006-07-01,0.23964838357092158,0.4133243102596681
HIHWNMS,2006-08-01,-0.04366090935538076,0.2692339896658659
HIHWNMS,2006-09-01,-0.3423419153139223,0.3421668298186786
HIHWNMS,2006-10-01,-0.16903447112445572,0.4287845450525313
HIHWNMS,2006-11-01,0.20343385447126466,0.33099385466601594
HIHWNMS,2006-12-01,0.3199293723921201,0.2756426669057204
HIHWNMS,2007-01-01,0.1673939089647295,0.5937173798802484
HIHWNMS,2007-02-01,-0.006965168755181252,1.029491106592835
HIHWNMS,2007-03-01,-0.12355072878884327,0.9115051399614686
HIHWNMS,2007-04-01,-0.22517413527175553,0.1382150039325865
HIHWNMS,2007-05-01,-0.25894870039492196,-0.5462894475318086
HIHWNMS,2007-06-01,-0.17802710287150875,-0.5391224301871261
HIHWNMS,2007-07-01,-0.08769982299146373,-0.16558207785796988
HIHWNMS,2007-08-01,-0.08460767063428375,-0.08667976701601918
HIHWNMS,2007-09-01,-0.13733047707017235,-0.3143204345583465
HIHWNMS,2007-10-01,-0.2980592850247168,-0.33393441089379405
HIHWNMS,2007-11-01,-0.7554725305304365,0.01672550569698686
HIHWNMS,2007-12-01,-1.400505892432832,0.33959803827790136
HIHWNMS,2008-01-01,-1.6180819764920418,0.30541214798964494
HIHWNMS,2008-02-01,-0.9367757656539153,0.037169196984781966
HIHWNMS,2008-03-01,0.23868923432192196,-0.1717639694006404
HIHWNMS,2008-04-01,0.9622081981360268,-0.17023056798411518
HIHWNMS,2008-05-01,0.7863341645978787,0.04955457485699892
HIHWNMS,2008-06-01,0.11372661226501095,0.35329539135929866
HIHWNMS,2008-07-01,-0.4440015056486368,0.4579551154615519
HIHWNMS,2008-08-01,-0.6462455946156649,0.2261697234708334
HIHWNMS,2008-09-01,-0.5462936217694997,-0.05481369949129737
HIHWNMS,2008-10-01,-0.30163450508021666,-0.036741786571782266
HIHWNMS,2008-11-01,-0.2286941407749263,0.0767869207844291
HIHWNMS,2008-12-01,-0.6497156865567252,-0.2627628364201977
HIHWNMS,2009-01-01,-1.4317984902078604,-1.0555021419596642
HIHWNMS,2009-02-01,-1.9688962033936461,-1.5751924892734002
HIHWNMS,2009-03-01,-1.8728349099291346,-1.3165368869748977
HIHWNMS,2009-04-01,-1.442714789626117,-0.6677688931651367
HIHWNMS,2009-05-01,-1.2142692473029773,-0.31135647508061737
HIHWNMS,2009-06-01,-1.2882380030692913,-0.3539883040293849
HIHWNMS,2009-07-01,-1.3739889207962555,-0.4746712672737799
HIHWNMS,2009-08-01,-1.263728708964195,-0.6084262371565863
HIHWNMS,2009-09-01,-0.93841941275876,-0.9401208438134553
HIHWNMS,2009-10-01,-0.4000464141008172,-1.368912400225505
HIHWNMS,2009-11-01,0.21696386679439386,-1.5211664007552312
HIHWNMS,2009-12-01,0.4886789643598231,-1.309870809613522
HIHWNMS,2010-01-01,0.07583945434122585,-1.0489996527793337
HIHWNMS,2010-02-01,-0.7485612166588762,-0.9665899653266172
HIHWNMS,2010-03-01,-1.3029906861988274,-0.9812678874974908
HIHWNMS,2010-04-01,-1.2562295813801256,-1.0095273936112064
HIHWNMS,2010-05-01,-0.8772457113837359,-1.1171613383437315
HIHWNMS,2010-06-01,-0.5469357381480753,-1.2746343272005103
HIHWNMS,2010-07-01,-0.40007113645554343,-1.3092061994941144
HIHWNMS,2010-08-01,-0.4826421399932863,-1.2043500955640853
HIHWNMS,2010-09-01,-0.8090597769496641,-1.1145092419377438
HIHWNMS,2010-10-01,-1.0831365243176558,-0.9901200476451755
HIHWNMS,2010-11-01,-0.7810340049351877,-0.578066059555888
HIHWNMS,2010-12-01,0.18095047689162655,0.041840311015640536
HIHWNMS,2011-01-01,1.1554994207699087,0.33590759007334076
HIHWNMS,2011-02-01,1.4614633015918839,0.008624210153913061
HIHWNMS,2011-03-01,1.1576116430693473,-0.539186144148187
HIHWNMS,2011-04-01,0.8210362915150771,-0.7705224496246112
HIHWNMS,2011-05-01,0.758795014099572,-0.7070316592018198
HIHWNMS,2011-06-01,0.7838633766870449,-0.6757219416630036
HIHWNMS,2011-07-01,0.6265604227455497,-0.6618673071835303
HIHWNMS,2011-08-01,0.2011812326270368,-0.4296523544179448
HIHWNMS,2011-09-01,-0.4555046020988427,-0.12438011474770608
HIHWNMS,2011-10-01,-1.1515040426318193,-0.19053268745612942
HIHWNMS,2011-11-01,-1.4836825931871207,-0.6853846566414983
HIHWNMS,2011-12-01,-1.1755838066383724,-1.1759362316724011
HIHWNMS,2012-01-01,-0.4930233437677708,-1.4016416132761995
HIHWNMS,2012-02-01,-0.00905881497600097,-1.5793343515361755
HIHWNMS,2012-03-01,0.05075695706789114,-1.8991764273335527
HIHWNMS,2012-04-01,-0.1034702070836633,-2.139685978503864
HIHWNMS,2012-05-01,-0.3735139905737423,-2.019275399677582
HIHWNMS,2012-06-01,-0.9418801874956917,-1.6165828774768678
HIHWNMS,2012-07-01,-1.7467163568356634,-1.2191251425474867
HIHWNMS,2012-08-01,-2.2481656972740125,-1.0143332358103205
HIHWNMS,2012-09-01,-2.04463986215363,-1.1063127118723632
HIHWNMS,2012-10-01,-1.4270527636798047,-1.5356400962590404
HIHWNMS,2012-11-01,-0.9944952258127298,-2.0559463631102353
HIHWNMS,2012-12-01,-0.9344997914549545,-2.1868275809687536
HIHWNMS,2013-01-01,-0.9845371237694219,-1.766306229664481
HIHWNMS,2013-02-01,-0.8941236307713094,-1.1952017229444747
HIHWNMS,2013-03-01,-0.5769940048465677,-0.8608716849591198
HIHWNMS,2013-04-01,0.027253217942986876,-0.6211154260045579
HIHWNMS,2013-05-01,0.8424305626936169,-0.22566341627007788
HIHWNMS,2013-06-01,1.4769413169846664,0.06170189970994658
HIHWNMS,2013-07-01,1.5412131550024428,-0.19588794838106663
HIHWNMS,2013-08-01,1.15215690586123,-0.8023462015755273
HIHWNMS,2013-09-01,0.800647382430071,-1.0695117926262112
HIHWNMS,2013-10-01,0.7208078219412895,-0.7884355753049458
HIHWNMS,2013-11-01,0.7230349534406175,-0.49049352657704304
HIHWNMS,2013-12-01,0.6562450686196128,-0.590919286709809
HIHWNMS,2014-01-01,0.6464481306800635,-0.7981579098878474
HIHWNMS,2014-02-01,0.7834874235321061,-0.6553275360279747
HIHWNMS,2014-03-01,0.9457659407693048,-0.24791014873831194
HIHWNMS,2014-04-01,1.0959223537634066,-0.007558634961877633
HIHWNMS,2014-05-01,1.4102147659487783,-0.07802546332519883
HIHWNMS,2014-06-01,1.9152484747018015,-0.2180369547206926
HIHWNMS,2014-07-01,2.314990810562362,-0.17428784106246803
HIHWNMS,2014-08-01,2.414675587745682,0.10686525029511827
HIHWNMS,2014-09-01,2.404896736244275,0.48713181407494777
HIHWNMS,2014-10-01,2.4322349787729225,0.6545056194373069
HIHWNMS,2014-11-01,2.202672495628504,0.338818923418492
HIHWNMS,2014-12-01,1.4392342433991405,-0.2765099763115796
HIHWNMS,2015-01-01,0.5363274139606409,-0.6080602812883339
HIHWNMS,2015-02-01,0.2574182897650507,-0.40253685896310903
HIHWNMS,2015-03-01,0.7851759837770445,-0.11977444423599719
HIHWNMS,2015-04-01,1.479587355462297,-0.21051784745607519
HIHWNMS,2015-05-01,1.6457422541732651,-0.31286646694418857
HIHWNMS,2015-06-01,1.2312051092226888,0.259413124697784
HIHWNMS,2015-07-01,0.721866171334405,1.368735962791719
HIHWNMS,2015-08-01,0.6496146859755937,2.0683818224694246
HIHWNMS,2015-09-01,1.239399704122701,1.8593934813154593
HIHWNMS,2015-10-01,2.2138849692304756,1.3098087962878235
HIHWNMS,2015-11-01,2.869239094843067,1.1580648594332836
HIHWNMS,2015-12-01,2.677919026796023,1.3364195903099627
HIHWNMS,2016-01-01,1.9427449562598629,1.3018810705084287
HIHWNMS,2016-02-01,1.5426844670451174,0.9663503338529945
HIHWNMS,2016-03-01,1.89650959402542,0.8029242648611337
HIHWNMS,2016-04-01,2.517879597159511,1.1622923996987427
HIHWNMS,2016-05-01,2.7726325069160085,1.8608796250383828
HIHWNMS,2016-06-01,2.67424891115194,2.4066285781365284
HIHWNMS,2016-07-01,2.598192708776809,2.4102219270674836
HIHWNMS,2016-08-01,2.5625752294094597,1.8787754194581636
HIHWNMS,2016-09-01,2.2858343922310635,1.2895320778726862
HIHWNMS,2016-10-01,1.7926776793060215,1.1987351396358803
HIHWNMS,2016-11-01,1.4563282734002336,1.5724699918584988
HIHWNMS,2016-12-01,1.4396886423119224,1.7498589547083905
HIHWNMS,2017-01-01,1.5156449097467728,1.3523367593892153
HIHWNMS,2017-02-01,1.5046215902881963,0.9240152324874804
HIHWNMS,2017-03-01,1.531606718912377,1.2038607771341867
HIHWNMS,2017-04-01,1.7460016650417922,1.9932107332111089
HIHWNMS,2017-05-01,2.0755489387318,2.382189563985375
HIHWNMS,2017-06-01,2.3544993407337427,2.0732762373301368
HIHWNMS,2017-07-01,2.452453290130505,1.7877639622988182
HIHWNMS,2017-08-01,2.2344029585027245,2.1403900892617482
HIHWNMS,2017-09-01,1.683800516511829,2.723522883841742
HIHWNMS,2017-10-01,1.1138307326473613,2.729797280322903
HIHWNMS,2017-11-01,0.903438545229137,2.069783947116099
HIHWNMS,2017-12-01,0.9137097021986416,1.3905110309474913
HIHWNMS,2018-01-01,0.5659558825791201,1.209959241053682
HIHWNMS,2018-02-01,-0.2828260051863527,1.4695077420600486
HIHWNMS,2018-03-01,-0.9491629778262735,1.8344106063408463
HIHWNMS,2018-04-01,-0.7745800886256715,2.072126208883501
HIHWNMS,2018-05-01,-0.059117603145270314,2.1713590021968643
HIHWNMS,2018-06-01,0.319082311917931,2.337371775006182
HIHWNMS,2018-07-01,0.053525669314874014,2.7904519176137432
HIHWNMS,2018-08-01,-0.30075787439346624,3.3733461782523846
HIHWNMS,2018-09-01,-0.16163678089796557,3.547027782310173
HIHWNMS,2018-10-01,0.38436708635487105,3.054869607531995
HIHWNMS,2018-11-01,0.791304619841801,2.3760467412731505
HIHWNMS,2018-12-01,0.6335861989903275,2.1347994880836403
HIHWNMS,2019-01-01,-0.08150453023575464,2.2492696154059657
HIHWNMS,2019-02-01,-0.8873374100056758,2.1740619885263057
HIHWNMS,2019-03-01,-1.1101272595458795,1.8879073951154215
HIHWNMS,2019-04-01,-0.47724680962661153,2.0011361198849875
HIHWNMS,2019-05-01,0.45240537668872716,2.7522126188821514
HIHWNMS,2019-06-01,0.8062174238170878,3.5073990845059027
HIHWNMS,2019-07-01,0.4675616559501889,3.5930738929927215
HIHWNMS,2019-08-01,0.28386553544720233,3.1712352577023384
HIHWNMS,2019-09-01,1.018070494631699,2.8815404012950654
HIHWNMS,2019-10-01,2.4056218682479886,2.9398090466272455
HIHWNMS,2019-11-01,3.4873804118843776,3.0291750532588613
HIHWNMS,2019-12-01,3.6012225226837895,2.8840152409104203
HIHWNMS,2020-01-01,2.803504714243531,2.5642678900026628
HIHWNMS,2020-02-01,1.631899431343615,2.254659250869696
HIHWNMS,2020-03-01,0.8165005527844689,2.139501173812737
HIHWNMS,2020-04-01,0.9476071082021448,2.3864728212311994
HIHWNMS,2020-05-01,1.9101838958656026,2.935317595812482
HIHWNMS,2020-06-01,2.7174762200260476,3.3957547221792765
HIHWNMS,2020-07-01,2.399760480540619,3.4718729958182704
HIHWNMS,2020-08-01,1.1511626806761979,3.3793580419888736
HIHWNMS,2020-09-01,0.2394840481918467,3.4883691767832783
HIHWNMS,2020-10-01,0.6719968115799985,3.6704018099736135
HIHWNMS,2020-11-01,2.206987440116812,3.4548698247384935
HIHWNMS,2020-12-01,3.7015666146296464,2.806184655106428
HIHWNMS,2021-01-01,4.114820000102959,2.239589762591307
HIHWNMS,2021-02-01,3.147617240303522,2.0720766223277978
HIHWNMS,2021-03-01,1.3361098392193216,2.0549657042114555
HIHWNMS,2021-04-01,-0.26829064547514697,1.9428873736540226
HIHWNMS,2021-05-01,-0.8506450922349451,1.942481292125157
HIHWNMS,2021-06-01,-0.5588959694446471,2.265912985466314
HIHWNMS,2021-07-01,-0.3019196265202839,2.625852856258449
HIHWNMS,2021-08-01,-0.656283363356319,2.586962522776515
HIHWNMS,2021-09-01,-1.226501361365625,2.1754171791199597
HIHWNMS,2021-10-01,-1.281128832699915,1.7579162931390004
HIHWNMS,2021-11-01,-0.6947880310633253,1.5097775130501059
HIHWNMS,2021-12-01,0.07247677569164107,1.3779736956514408
HIHWNMS,2022-01-01,0.6476056322352607,1.3986731116147193
HIHWNMS,2022-02-01,0.9433011550590378,1.6338532517875881
HIHWNMS,2022-03-01,0.8519414798474974,1.8913766939205154
HIHWNMS,2022-04-01,0.2703971133531388,1.9212841659436621
HIHWNMS,2022-05-01,-0.5318050822267619,1.840798204284673
HIHWNMS,2022-06-01,-1.0046767180535354,1.9575471757436202
HIHWNMS,2022-07-01,-0.9060932133463967,2.19529627292288
HIHWNMS,2022-08-01,-0.4948119027837858,2.1388321841368554
HIHWNMS,2022-09-01,-0.07245493937963003,1.701014488718866
HIHWNMS,2022-10-01,0.3284073874130242,1.2994730265078562
HIHWNMS,2022-11-01,0.6985912947937791,1.2381369044863444
HIHWNMS,2022-12-01,0.8568168440471361,1.329890697565096
HIHWNMS,2023-01-01,0.7022581729327677,1.3213313708272716
HIHWNMS,2023-02-01,0.3953172228211559,1.2938908058744136
HIHWNMS,2023-03-01,0.10703139099981057,1.3841939095084062
HIHWNMS,2023-04-01,-0.15543845113735616,1.4591119461197306
HIHWNMS,2023-05-01,-0.3129644484801729,1.3849453091396493
HIHWNMS,2023-06-01,-0.13104210367507926,1.3306204134522532
HIHWNMS,2023-07-01,0.36506905381668925,1.464785861170968
HIHWNMS,2023-08-01,0.7051714068849384,1.597702739482114
HIHWNMS,2023-09-01,0.5804437612527639,1.4830395482019072
HIHWNMS,2023-10-01,0.41030938212285073,1.2533004700408377
HIHWNMS,2023-11-01,0.8586674407509641,1.151360656855594
HIHWNMS,2023-12-01,1.8796997718205934,1.0191984362565978
HIHWNMS,2024-01-01,2.6806621346742063,0.5372294818207547
HIHWNMS,2024-02-01,2.6401534377147664,-0.11707022750096353
HIHWNMS,2024-03-01,1.891409998273558,-0.36898895192233544
HIHWNMS,2024-04-01,0.9787859645118037,-0.04609240932163687
HIHWNMS,2024-05-01,0.32562820700646494,0.3946415027668219
HIHWNMS,2024-06-01,0.12023267136342289,0.5488610018969982
HIHWNMS,2024-07-01,0.3383837551654965,0.5338150230392571
HIHWNMS,2024-08-01,0.7002774680813783,0.604949045537957
HIHWNMS,2024-09-01,0.89638296254418115,0.717259220106561
HIHWNMS,2024-10-01,1.0102621884226253,0.7240520130253846
HIHWNMS,2024-11-01,1.433910191806862,0.6867637268149592
HIHWNMS,2024-12-01,2.2166150295223614,0.7156532098777267
HIHWNMS,2025-01-01,2.832976902967684,0.7623747085663177
HIHWNMS,2025-02-01,2.8365079349647604,0.8122629840396295
HIHWNMS,2025-03-01,2.4375090545564997,1.009961683053325
HIHWNMS,2025-04-01,2.1231052530372243,1.3275194553417209
HIHWNMS,2025-05-01,1.9633492775771555,1.3956280942884418
HIHWNMS,2025-06-01,1.6725631056020378,1.0061018950477727
HIHWNMS,2025-07-01,1.1843443604836301,0.5311518017603228
HIHWNMS,2025-08-01,0.7531278110325383,0.4438317323758649
HIHWNMS,2025-09-01,0.5535909857626887,0.6278914105127041
NMSAS,2003-01-01,0.558708024875267,2.0187487395918833
NMSAS,2003-02-01,0.5703970562293998,1.78889830467153
NMSAS,2003-03-01,0.5170879955708161,1.5976022054354975
NMSAS,2003-04-01,0.33950635985714406,1.650777794915319
NMSAS,2003-05-01,0.07129068629519734,1.844934137038962
NMSAS,2003-06-01,-0.18769339869176108,1.9073321800375331
NMSAS,2003-07-01,-0.3559998813760248,1.7336901364489132
NMSAS,2003-08-01,-0.41010686085648634,1.4905959937486597
NMSAS,2003-09-01,-0.3542988294597407,1.3633686960905298
NMSAS,2003-10-01,-0.19484578305173056,1.2926195963744809
NMSAS,2003-11-01,0.028489054873944968,1.0557800799949901
NMSAS,2003-12-01,0.20818004133794557,0.5948223183223875
NMSAS,2004-01-01,0.21953653127798148,0.15657597537819037
NMSAS,2004-02-01,0.037566932425218184,0.03784850143722258
NMSAS,2004-03-01,-0.21029639984304924,0.23525355010081925
NMSAS,2004-04-01,-0.3408983162464139,0.4394740617596222
NMSAS,2004-05-01,-0.277945529319596,0.3947433961674249
NMSAS,2004-06-01,-0.10917026135410905,0.1875129625123015
NMSAS,2004-07-01,0.020700767237489644,0.11215511275149649
NMSAS,2004-08-01,0.05502595028197258,0.2868007565761426
NMSAS,2004-09-01,0.04830511668517865,0.5009224418438226
NMSAS,2004-10-01,0.06297300082574696,0.48021478245101507
NMSAS,2004-11-01,0.08487956569347013,0.22764792975970602
NMSAS,2004-12-01,0.061504045322240714,0.007458312433619054
NMSAS,2005-01-01,-0.002846407563244221,-0.0028485826312537104
NMSAS,2005-02-01,-0.03524820552090926,0.05975252066043095
NMSAS,2005-03-01,0.010753400115211451,-0.06050434072373662
NMSAS,2005-04-01,0.08218128585471653,-0.358509171412159
NMSAS,2005-05-01,0.08701943944757366,-0.49516681094014553
NMSAS,2005-06-01,0.025609058921719587,-0.15459588773026064
NMSAS,2005-07-01,0.023488724011351093,0.5810702833035506
NMSAS,2005-08-01,0.20247288327240395,1.2901561084063224
NMSAS,2005-09-01,0.5254702582463172,1.6393748887167519
NMSAS,2005-10-01,0.7971323214692133,1.6795333233346554
NMSAS,2005-11-01,0.8328704344375365,1.6805893769344544
NMSAS,2005-12-01,0.6211214103400496,1.7419213232989883
NMSAS,2006-01-01,0.3166080475074297,1.672214317443629
NMSAS,2006-02-01,0.09236541832597217,1.2764959493033978
NMSAS,2006-03-01,0.017846382648398208,0.6692646458185906
NMSAS,2006-04-01,0.06841828069717308,0.1991359470392468
NMSAS,2006-05-01,0.2056146156935928,0.060106717284187566
NMSAS,2006-06-01,0.40571285087830383,0.0657990317208103
NMSAS,2006-07-01,0.6151054937418525,-0.12431472559957957
NMSAS,2006-08-01,0.7265493980346868,-0.5860047095377793
NMSAS,2006-09-01,0.6470765261950432,-1.0160278309360262
NMSAS,2006-10-01,0.39996771166266665,-1.0580730503363547
NMSAS,2006-11-01,0.13871283939871595,-0.6840721832521494
NMSAS,2006-12-01,0.03695810730331311,-0.1934923893711376
NMSAS,2007-01-01,0.15451803863882263,0.1406475066604105
NMSAS,2007-02-01,0.40649779048751106,0.33868210723213543
NMSAS,2007-03-01,0.6537634986557935,0.587051722386372
NMSAS,2007-04-01,0.8154543654535934,0.9068446879959066
NMSAS,2007-05-01,0.9012028475025483,1.0541760574792949
NMSAS,2007-06-01,0.9570216085341062,0.7908051112883826
NMSAS,2007-07-01,0.9989027835070747,0.19715679634382416
NMSAS,2007-08-01,0.9973550907386071,-0.3622052135828775
NMSAS,2007-09-01,0.9095338242870191,-0.5962501089050369
NMSAS,2007-10-01,0.7143512921062317,-0.5585794464862595
NMSAS,2007-11-01,0.42089941493696137,-0.5283878906687389
NMSAS,2007-12-01,0.05680376838149253,-0.6597827665782231
NMSAS,2008-01-01,-0.3419979641553652,-0.818592437146629
NMSAS,2008-02-01,-0.7305699802923963,-0.7828098376832281
NMSAS,2008-03-01,-1.0514804422444877,-0.5426452365759665
NMSAS,2008-04-01,-1.242650427148685,-0.32982166367525373
NMSAS,2008-05-01,-1.2621765165382022,-0.34771400123078006
NMSAS,2008-06-01,-1.1177638718828429,-0.5382630131351642
NMSAS,2008-07-01,-0.8742644743860153,-0.6687598131370859
NMSAS,2008-08-01,-0.6214649630169218,-0.6266694506090265
NMSAS,2008-09-01,-0.4190093006062733,-0.5593774701687604
NMSAS,2008-10-01,-0.2655258668475366,-0.6893772437903357
NMSAS,2008-11-01,-0.1241365549616485,-1.0316051072574266
NMSAS,2008-12-01,0.02018539802996185,-1.355950350123562
NMSAS,2009-01-01,0.13473129587713428,-1.438747732620909
NMSAS,2009-02-01,0.17640825035234814,-1.3005892456050967
NMSAS,2009-03-01,0.1493781263649081,-1.1523035356989597
NMSAS,2009-04-01,0.10999562709918129,-1.128492199569315
NMSAS,2009-05-01,0.10473232318897847,-1.139002519649884
NMSAS,2009-06-01,0.11046982713264197,-1.0121054039265598
NMSAS,2009-07-01,0.05228203663385546,-0.7394662079377843
NMSAS,2009-08-01,-0.11285849254186903,-0.51136631289171
NMSAS,2009-09-01,-0.3368786678011357,-0.49598713588048593
NMSAS,2009-10-01,-0.5110998003055719,-0.636103741581356
NMSAS,2009-11-01,-0.5507680325119696,-0.7145472009846404
NMSAS,2009-12-01,-0.44266114284000996,-0.6064517617055314
NMSAS,2010-01-01,-0.2189322514276971,-0.40733386895420004
NMSAS,2010-02-01,0.08886189084095394,-0.2851132614310009
NMSAS,2010-03-01,0.44949299088794076,-0.25055599951685414
NMSAS,2010-04-01,0.7961167727646896,-0.14030466391461244
NMSAS,2010-05-01,1.0243365379028333,0.16484514731670172
NMSAS,2010-06-01,1.0535825451245056,0.5645304458347062
NMSAS,2010-07-01,0.8923460702275607,0.8340213815967791
NMSAS,2010-08-01,0.6291043292294606,0.8771007700999456
NMSAS,2010-09-01,0.3524846786554991,0.8219345024019432
NMSAS,2010-10-01,0.08659599014488938,0.8403878049224263
NMSAS,2010-11-01,-0.19225844957803837,0.9201349269627822
NMSAS,2010-12-01,-0.48777656953155707,0.8793067650824763
NMSAS,2011-01-01,-0.7492607850910634,0.6045657225445038
NMSAS,2011-02-01,-0.9064385244030193,0.20568328294493993
NMSAS,2011-03-01,-0.9269443668586567,-0.11648336084771198
NMSAS,2011-04-01,-0.8357014678042946,-0.32186157886589983
NMSAS,2011-05-01,-0.6929297522664349,-0.572769121538189
NMSAS,2011-06-01,-0.5696864159124011,-0.9977475558218558
NMSAS,2011-07-01,-0.5356203625720314,-1.473343121157783
NMSAS,2011-08-01,-0.6344740975678906,-1.7152412780137487
NMSAS,2011-09-01,-0.8400391181383553,-1.5874778707347579
NMSAS,2011-10-01,-1.0388895661694264,-1.255059977783665
NMSAS,2011-11-01,-1.0881172718983279,-0.9894226514762339
NMSAS,2011-12-01,-0.9199091065011213,-0.8679657042857647
NMSAS,2012-01-01,-0.5983051962904783,-0.7427960549765649
NMSAS,2012-02-01,-0.2701708309585441,-0.5095186267379569
NMSAS,2012-03-01,-0.05971523895893636,-0.3146931320134179
NMSAS,2012-04-01,-0.0063901174626206925,-0.4077730905459052
NMSAS,2012-05-01,-0.08092805780361242,-0.8018486090308876
NMSAS,2012-06-01,-0.223069627485047,-1.1787124736704888
NMSAS,2012-07-01,-0.34670069794020975,-1.1946658989611383
NMSAS,2012-08-01,-0.3404123969148944,-0.8441253577872062
NMSAS,2012-09-01,-0.12391486674813439,-0.4466295090449485
NMSAS,2012-10-01,0.26043415454765695,-0.27261675790435663
NMSAS,2012-11-01,0.6309452321093519,-0.2642097316772582
NMSAS,2012-12-01,0.7887999189381112,-0.18372774696888275
NMSAS,2013-01-01,0.6861239237977992,0.019321969926038005
NMSAS,2013-02-01,0.4671880430481568,0.11148737247429358
NMSAS,2013-03-01,0.3279508420242829,-0.10809820614942134
NMSAS,2013-04-01,0.33570636683984884,-0.4783983781639008
NMSAS,2013-05-01,0.3944566976507759,-0.5820954837592481
NMSAS,2013-06-01,0.37450668534653764,-0.20237194399400044
NMSAS,2013-07-01,0.24422141145121234,0.40881408001977276
NMSAS,2013-08-01,0.06265675755221266,0.788657105103698
NMSAS,2013-09-01,-0.12200779820240606,0.7555528281718417
NMSAS,2013-10-01,-0.31279846849859155,0.5592708841879962
NMSAS,2013-11-01,-0.4912121325556016,0.5318915843144938
NMSAS,2013-12-01,-0.5539885749086356,0.6889414770558198
NMSAS,2014-01-01,-0.3870157439605161,0.773107378798944
NMSAS,2014-02-01,-0.019461629409529568,0.6618199415780215
NMSAS,2014-03-01,0.3354956081209027,0.5939124261909831
NMSAS,2014-04-01,0.4418249731479938,0.8990761770519222
NMSAS,2014-05-01,0.2542167929827765,1.5538183466192166
NMSAS,2014-06-01,-0.045526909232031,2.131997235577691
NMSAS,2014-07-01,-0.2304891825908464,2.247285648144535
NMSAS,2014-08-01,-0.2297967650841285,1.975167247141029
NMSAS,2014-09-01,-0.1411753223858508,1.7522822072524766
NMSAS,2014-10-01,-0.07443980629926794,1.8760215112616314
NMSAS,2014-11-01,-0.030709946643969848,2.200618498732405
NMSAS,2014-12-01,0.04986945145980818,2.3702481359302046
NMSAS,2015-01-01,0.16169804807547902,2.2699921452690486
NMSAS,2015-02-01,0.20816814585701204,2.128842592394281
NMSAS,2015-03-01,0.11159394924202434,2.167329202832509
NMSAS,2015-04-01,-0.08901839669366424,2.259988082916595
NMSAS,2015-05-01,-0.28373209645601816,2.0573333927118105
NMSAS,2015-06-01,-0.4235485056177446,1.4247096231501017
NMSAS,2015-07-01,-0.566687084807913,0.6487196973314363
NMSAS,2015-08-01,-0.7758761478319097,0.14441445253108728
NMSAS,2015-09-01,-0.9960810717365209,0.012302779822141096
NMSAS,2015-10-01,-1.0743920210723559,-0.023129648271604283
NMSAS,2015-11-01,-0.9136882742781142,-0.23272263584243144
NMSAS,2015-12-01,-0.5889636830606143,-0.534124239004953
NMSAS,2016-01-01,-0.2958103952443441,-0.5929434518772283
NMSAS,2016-02-01,-0.18862530864502713,-0.22963308214342174
NMSAS,2016-03-01,-0.2752050974830199,0.3747650665397253
NMSAS,2016-04-01,-0.4500934453194254,0.9097616545921052
NMSAS,2016-05-01,-0.5937105137606462,1.2929071072168694
NMSAS,2016-06-01,-0.6248848566973085,1.7050735221795823
NMSAS,2016-07-01,-0.49087753620856905,2.278424182403384
NMSAS,2016-08-01,-0.16391917365830094,2.8496529061037186
NMSAS,2016-09-01,0.32093468731952896,3.098088721409641
NMSAS,2016-10-01,0.8402750101572689,2.897770062053403
NMSAS,2016-11-01,1.2317435889908273,2.447645239347045
NMSAS,2016-12-01,1.393035558959549,2.0275624636109173
NMSAS,2017-01-01,1.3376480048596258,1.6911997147399729
NMSAS,2017-02-01,1.1579081240244686,1.2707055376722525
NMSAS,2017-03-01,0.945130493494054,0.6666759163898525
NMSAS,2017-04-01,0.7491175566023958,0.044085432470561195
NMSAS,2017-05-01,0.5948035921649664,-0.3151947765415824
NMSAS,2017-06-01,0.5053694781600825,-0.3185472289575763
NMSAS,2017-07-01,0.49299756351930074,-0.1526348088180025
NMSAS,2017-08-01,0.5389527328408389,-0.06086053715074931
NMSAS,2017-09-01,0.6019737439728569,-0.09414032076200453
NMSAS,2017-10-01,0.6477979841541335,-0.13013893408728153
NMSAS,2017-11-01,0.6575568316936634,-0.100213685166946
NMSAS,2017-12-01,0.6055786518205138,-0.1055593172929262
NMSAS,2018-01-01,0.4514030698958071,-0.26597899510861134
NMSAS,2018-02-01,0.18113910435748357,-0.5065274833660443
NMSAS,2018-03-01,-0.13908345536428088,-0.5801379850050714
NMSAS,2018-04-01,-0.37314384788731514,-0.3285905578238767
NMSAS,2018-05-01,-0.4042785559536746,0.1246472068426524
NMSAS,2018-06-01,-0.2250874313889752,0.4867498327973391
NMSAS,2018-07-01,0.061841653216632306,0.5870096887400318
NMSAS,2018-08-01,0.33015306003958234,0.5140563229455548
NMSAS,2018-09-01,0.5118673633073811,0.46361078763689245
NMSAS,2018-10-01,0.6035685004517103,0.5101008223538217
NMSAS,2018-11-01,0.6206312946712396,0.5819973150946508
NMSAS,2018-12-01,0.573905012149258,0.6367722492133582
NMSAS,2019-01-01,0.4917094692397773,0.7686546412465274
NMSAS,2019-02-01,0.434344979108878,1.0776224486789958
NMSAS,2019-03-01,0.45416680865241044,1.4579947354990819
NMSAS,2019-04-01,0.5348338624277692,1.602938723195774
NMSAS,2019-05-01,0.588708233247156,1.2766130160837903
NMSAS,2019-06-01,0.5335771694295525,0.5702162276658302
NMSAS,2019-07-01,0.37428353713896134,-0.15056665092185123
NMSAS,2019-08-01,0.20005142576608048,-0.5567316802828237
NMSAS,2019-09-01,0.09729690390484834,-0.5881732763073854
NMSAS,2019-10-01,0.06874285101760527,-0.37999140113606455
NMSAS,2019-11-01,0.0398608166076078,-0.025153523855051808
NMSAS,2019-12-01,-0.060726700560484743,0.5078747841358107
NMSAS,2020-01-01,-0.23087392961203207,1.2100371282424773
NMSAS,2020-02-01,-0.39541810969700125,1.865622096943052
NMSAS,2020-03-01,-0.46157994798539914,2.152354965275755
NMSAS,2020-04-01,-0.3710844078404972,1.9404488360212133
NMSAS,2020-05-01,-0.11541227321941207,1.4461583518154817
NMSAS,2020-06-01,0.27347885121350574,1.0328395534483943
NMSAS,2020-07-01,0.7314915735269342,0.8591910874230314
NMSAS,2020-08-01,1.1658841980867631,0.763472895738808
NMSAS,2020-09-01,1.4694975309287437,0.5047826710258938
NMSAS,2020-10-01,1.5550817875109915,0.06792053839481678
NMSAS,2020-11-01,1.397551680763251,-0.3273927721480952
NMSAS,2020-12-01,1.057656819790027,-0.5079645401963993
NMSAS,2021-01-01,0.6651025784146254,-0.5601515594776759
NMSAS,2021-02-01,0.3616729533873196,-0.7040069509971311
NMSAS,2021-03-01,0.23472692547942342,-0.984336810290883
NMSAS,2021-04-01,0.28598987343357496,-1.1743664635004056
NMSAS,2021-05-01,0.45769524840065884,-1.0362834412162136
NMSAS,2021-06-01,0.6874141982120301,-0.6374500877671049
NMSAS,2021-07-01,0.9340207830798648,-0.3303881763593328
NMSAS,2021-08-01,1.1514030099281878,-0.39651914292616836
NMSAS,2021-09-01,1.2556390011484437,-0.7625753617188114
NMSAS,2021-10-01,1.1524594854731371,-1.1220560938448179
NMSAS,2021-11-01,0.8243339807134371,-1.3118341974106777
NMSAS,2021-12-01,0.3890343349928097,-1.4866663942738707
NMSAS,2022-01-01,0.04576653584367028,-1.881517681969568
NMSAS,2022-02-01,-0.06369035923996409,-2.4592932847073845
NMSAS,2022-03-01,0.04759398826882433,-2.889194742304349
NMSAS,2022-04-01,0.24696171390181346,-2.8998357101109598
NMSAS,2022-05-01,0.4025442828349246,-2.586713726723048
NMSAS,2022-06-01,0.45857964344069413,-2.2985938967976343
NMSAS,2022-07-01,0.4070530043287431,-2.235568878646087
NMSAS,2022-08-01,0.23189880729414006,-2.243387309954029
NMSAS,2022-09-01,-0.07231277010955853,-2.0482310465434983
NMSAS,2022-10-01,-0.42347562405056066,-1.634132883317695
NMSAS,2022-11-01,-0.6394868747365438,-1.2892629081532991
NMSAS,2022-12-01,-0.5558346857707122,-1.2587800605648989
NMSAS,2023-01-01,-0.17385355504591432,-1.435110648686976
NMSAS,2023-02-01,0.32522506915457394,-1.4779350757753646
NMSAS,2023-03-01,0.731544540613847,-1.2267289742768341
NMSAS,2023-04-01,0.9686742125112432,-0.9009915631192517
NMSAS,2023-05-01,1.0988546987017547,-0.8366673135479451
NMSAS,2023-06-01,1.1862047935530264,-1.0745094977986827
NMSAS,2023-07-01,1.1942522528330874,-1.2985370061323684
NMSAS,2023-08-01,1.0413128376062981,-1.1949331887660137
NMSAS,2023-09-01,0.737891104639578,-0.7924759268935896
NMSAS,2023-10-01,0.43007617534726694,-0.38175316424429184
NMSAS,2023-11-01,0.29063943681834353,-0.13895752340129633
NMSAS,2023-12-01,0.38299973877337906,0.06202471745778142
NMSAS,2024-01-01,0.6450405310519034,0.4208231150860578
NMSAS,2024-02-01,0.9829619342251867,0.8759776996347168
NMSAS,2024-03-01,1.3371851815118683,1.115014811314701
NMSAS,2024-04-01,1.6439083837083022,0.9423590787538425
NMSAS,2024-05-01,1.7770482509167336,0.5553095510428673
NMSAS,2024-06-01,1.5962698079474742,0.37506376183314916
NMSAS,2024-07-01,1.0865932150604107,0.6190914323991732
NMSAS,2024-08-01,0.4329725037475169,1.1118863008343471
NMSAS,2024-09-01,-0.08085182048001616,1.5315015762077464
NMSAS,2024-10-01,-0.27047898733825504,1.7615863898362603
NMSAS,2024-11-01,-0.15966653533045788,1.9208953149646426
NMSAS,2024-12-01,0.08677321628029817,2.0796266889321875
NMSAS,2025-01-01,0.3109150706475341,2.075133496962791
NMSAS,2025-02-01,0.44280985747320806,1.6957633756259216
NMSAS,2025-03-01,0.48028039399848516,1.0044944576365415
NMSAS,2025-04-01,0.44861268068684185,0.36914102084648376
NMSAS,2025-05-01,0.40065619855098233,0.12238709526779733
NMSAS,2025-06-01,0.4192241659092839,0.24200023109510266
NMSAS,2025-07-01,0.5638009872235121,0.4249330928256822
NMSAS,2025-08-01,0.7945760572600912,0.44851133109864766
NMSAS,2025-09-01,0.9735704143627776,0.3742374112052956
FGBNMS,2003-01-01,-1.79604406005608,0.7604208442714416
FGBNMS,2003-02-01,-1.1244877621603226,-0.2852098222881505
FGBNMS,2003-03-01,-0.3038514524621559,-0.8158118747443486
FGBNMS,2003-04-01,0.06178585676535868,-0.173530773386122
FGBNMS,2003-05-01,-0.21803096710007136,0.456541900075699
FGBNMS,2003-06-01,-0.8157389516069724,0.04949462837596526
FGBNMS,2003-07-01,-1.2403402769191891,-0.6789533319543247
FGBNMS,2003-08-01,-1.25404629215076,-0.5984607696002776
FGBNMS,2003-09-01,-0.9457545656139933,-0.012201516382403113
FGBNMS,2003-10-01,-0.5177077695782591,0.02851055716022516
FGBNMS,2003-11-01,-0.13466254130414881,-0.4176834377788621
FGBNMS,2003-12-01,0.06643278062339283,-0.39791851716292265
FGBNMS,2004-01-01,0.017845725152967753,0.11308497734538907
FGBNMS,2004-02-01,-0.15264815462300696,0.05940076517988672
FGBNMS,2004-03-01,-0.18854477913562076,-0.8215323466165866
FGBNMS,2004-04-01,-0.022466462490660935,-1.3246048043546699
FGBNMS,2004-05-01,0.08168869481390485,-0.6004099907107371
FGBNMS,2004-06-01,-0.14187061557160757,0.4526594965523557
FGBNMS,2004-07-01,-0.5630014309534374,0.5357550911789201
FGBNMS,2004-08-01,-0.7676964250734327,-0.11400378254258015
FGBNMS,2004-09-01,-0.5335326024111696,-0.25024601573593136
FGBNMS,2004-10-01,0.005910159790525866,0.38044731269291854
FGBNMS,2004-11-01,0.6568230486794099,0.792679261175666
FGBNMS,2004-12-01,1.3455274870200915,0.4511814860867025
FGBNMS,2005-01-01,1.897991180463914,0.005796953993113817
FGBNMS,2005-02-01,1.945128468471662,0.03566575727956557
FGBNMS,2005-03-01,1.3585045962940283,0.10207937044726292
FGBNMS,2005-04-01,0.6412624624960511,-0.34504773196493727
FGBNMS,2005-05-01,0.5162017802610239,-0.9063808527538941
FGBNMS,2005-06-01,1.0815261645485872,-0.8589265450644211
FGBNMS,2005-07-01,1.669038649159021,-0.3393529755548223
FGBNMS,2005-08-01,1.6452329109841362,-0.07042700848463011
FGBNMS,2005-09-01,1.093632325220305,-0.17173438260873286
FGBNMS,2005-10-01,0.5476979733296318,-0.08538457008248612
FGBNMS,2005-11-01,0.31146431081430803,0.35958440104473155
FGBNMS,2005-12-01,0.3256013692228334,0.62714678938351065
FGBNMS,2006-01-01,0.5224829725967364,0.39299241019414477
FGBNMS,2006-02-01,0.9137136624437635,0.06651168672074227
FGBNMS,2006-03-01,1.3179520886709906,0.047004091989394495
FGBNMS,2006-04-01,1.3829727499947444,0.03661977212385698
FGBNMS,2006-05-01,1.0434211303011784,-0.42614490521240583
FGBNMS,2006-06-01,0.6816610817101671,-1.1446517774289156
FGBNMS,2006-07-01,0.6170117174628608,-1.5039593269648093
FGBNMS,2006-08-01,0.6561336847482221,-1.3148403808176863
FGBNMS,2006-09-01,0.43795845707807923,-0.9329348147081967
FGBNMS,2006-10-01,0.0718622832602835,-0.6641463479086819
FGBNMS,2006-11-01,0.04575910401841947,-0.5212353346837091
FGBNMS,2006-12-01,0.48357635674272287,-0.5169260741867042
FGBNMS,2007-01-01,0.8799614475058323,-0.7195535992258096
FGBNMS,2007-02-01,0.7648197156751577,-0.9607253811189381
FGBNMS,2007-03-01,0.3496262799542358,-0.9196604579422843
FGBNMS,2007-04-01,0.21994640039262434,-0.6227967872122432
FGBNMS,2007-05-01,0.5344736250366574,-0.47317819567629116
FGBNMS,2007-06-01,0.8614942664369075,-0.6219096926503328
FGBNMS,2007-07-01,0.7989258836868752,-0.6968462581596
FGBNMS,2007-08-01,0.4455173813726423,-0.4038085263644545
FGBNMS,2007-09-01,0.15971236518198795,-0.04274205758873825
FGBNMS,2007-10-01,0.11339654966901844,-0.07269805622918939
FGBNMS,2007-11-01,0.26590724129955984,-0.4215102543360168
FGBNMS,2007-12-01,0.5759861916376485,-0.6334438668737787
FGBNMS,2008-01-01,0.9685187074010294,-0.5432363536840644
FGBNMS,2008-02-01,1.1847436317256492,-0.3801512397356917
FGBNMS,2008-03-01,0.9838893221947071,-0.2892515595847855
FGBNMS,2008-04-01,0.5467340523095799,-0.20394687317152657
FGBNMS,2008-05-01,0.39083062841660865,-0.19561145270478825
FGBNMS,2008-06-01,0.7051287296531398,-0.4618264447688502
FGBNMS,2008-07-01,0.9753867219856799,-0.8365258866472255
FGBNMS,2008-08-01,0.5501501324868557,-0.7924980308951286
FGBNMS,2008-09-01,-0.4832215987401205,-0.2109506382641716
FGBNMS,2008-10-01,-1.2760271211428194,0.262316821202747
FGBNMS,2008-11-01,-1.140360972665564,0.039592243387111696
FGBNMS,2008-12-01,-0.2688153633231099,-0.5151320418050902
FGBNMS,2009-01-01,0.5887892293299184,-0.5111765583120768
FGBNMS,2009-02-01,0.9560791183203463,0.27110705556332954
FGBNMS,2009-03-01,0.9151291508687783,1.11407111246349
FGBNMS,2009-04-01,0.7133474484240515,1.318852063336862
FGBNMS,2009-05-01,0.44092049049808557,0.955763534659594
FGBNMS,2009-06-01,0.15831313579123626,0.5267889329044673
FGBNMS,2009-07-01,0.028579115148652467,0.324151380890938
FGBNMS,2009-08-01,0.10124452228227387,0.39074967982614367
FGBNMS,2009-09-01,0.13976252014983065,0.7463281163345945
FGBNMS,2009-10-01,-0.08629262354267056,1.246100127731276
FGBNMS,2009-11-01,-0.4347829232099274,1.4187732863608877
FGBNMS,2009-12-01,-0.5962648355736911,0.9018199835277759
FGBNMS,2010-01-01,-0.6370130673617621,0.029918778526876834
FGBNMS,2010-02-01,-0.993803059031888,-0.39026566957855097
FGBNMS,2010-03-01,-1.7937182353005527,0.011024421722700916
FGBNMS,2010-04-01,-2.48620597965912,0.7653780738199727
FGBNMS,2010-05-01,-2.444251300474359,1.19191184776509
FGBNMS,2010-06-01,-1.7725834254548882,1.1696535017097165
FGBNMS,2010-07-01,-1.1892574392689481,1.0992930989892622
FGBNMS,2010-08-01,-1.1525238768860468,1.2866943583086627
FGBNMS,2010-09-01,-1.4482761517521912,1.6248846038376623
FGBNMS,2010-10-01,-1.6894920100619566,1.8371774742876712
FGBNMS,2010-11-01,-1.8439065189947978,1.7994552187099915
FGBNMS,2010-12-01,-2.039585681752741,1.5562736543198603
FGBNMS,2011-01-01,-2.147048529543524,1.1647946945080971
FGBNMS,2011-02-01,-1.9306310484298526,0.6497140297448945
FGBNMS,2011-03-01,-1.5003587844239592,0.09641477217745291
FGBNMS,2011-04-01,-1.2265915422032139,-0.3073470574829565
FGBNMS,2011-05-01,-1.183661706116004,-0.41231961298773523
FGBNMS,2011-06-01,-1.0408181345602947,-0.3079640139983672
FGBNMS,2011-07-01,-0.6376431745472312,-0.2892856813627682
FGBNMS,2011-08-01,-0.336524411847141,-0.518189123796263
FGBNMS,2011-09-01,-0.5379283528667932,-0.7691029046962212
FGBNMS,2011-10-01,-1.061407418015143,-0.6678158550626618
FGBNMS,2011-11-01,-1.3331074655535156,-0.17722124115159793
FGBNMS,2011-12-01,-1.0932251699975524,0.35037232477110547
FGBNMS,2012-01-01,-0.5944490423018032,0.6475558229367706
FGBNMS,2012-02-01,-0.12765996250511633,0.8113720177264455
FGBNMS,2012-03-01,0.2804787085196033,0.9766638302466881
FGBNMS,2012-04-01,0.5956602488352974,0.9957110575373952
FGBNMS,2012-05-01,0.573679372602058,0.7359774780451295
FGBNMS,2012-06-01,0.13107391203558505,0.4680921780687546
FGBNMS,2012-07-01,-0.28161881814679723,0.5129911679052286
FGBNMS,2012-08-01,-0.040228089783438586,0.5906860934131657
FGBNMS,2012-09-01,0.9199430703030184,0.06477494881906054
FGBNMS,2012-10-01,1.990712679497072,-1.0473707168610815
FGBNMS,2012-11-01,2.543098312465941,-1.8580213758271573
FGBNMS,2012-12-01,2.463483559405108,-1.7272638573448376
FGBNMS,2013-01-01,1.9872895357234193,-1.1316754020309472
FGBNMS,2013-02-01,1.2745151156465728,-0.9267455296405247
FGBNMS,2013-03-01,0.36292596648615444,-1.0980225660787255
FGBNMS,2013-04-01,-0.6039144323359759,-0.9116380395991214
FGBNMS,2013-05-01,-1.3575816842229878,-0.1641262736731576
FGBNMS,2013-06-01,-1.7205648476940838,0.4789675246091101
FGBNMS,2013-07-01,-1.6938212104473895,0.5164840625926387
FGBNMS,2013-08-01,-1.3440014505623628,0.25948018562656466
FGBNMS,2013-09-01,-0.7699096266250722,0.10986300837042899
FGBNMS,2013-10-01,-0.20951704814563635,-0.14449817938191523
FGBNMS,2013-11-01,-7.831994311654579e-4,-0.7455397521135214
FGBNMS,2013-12-01,-0.29607673733437406,-1.2009645341284814
FGBNMS,2014-01-01,-0.8679747335653604,-0.9018524642391875
FGBNMS,2014-02-01,-1.3000550922754825,-0.25895367942472847
FGBNMS,2014-03-01,-1.365408742621481,-0.3321228636104155
FGBNMS,2014-04-01,-1.1700455304417825,-1.2662226306258837
FGBNMS,2014-05-01,-0.9514819030770126,-1.9577874692506487
FGBNMS,2014-06-01,-0.8050409993189918,-1.6053437404886912
FGBNMS,2014-07-01,-0.6260760822424354,-0.8220109926750103
FGBNMS,2014-08-01,-0.2944420697463203,-0.6335110331420595
FGBNMS,2014-09-01,0.11498151451253623,-0.9760629799646154
FGBNMS,2014-10-01,0.35611468013498865,-0.9861978418965601
FGBNMS,2014-11-01,0.30488702771229836,-0.45118786238593317
FGBNMS,2014-12-01,0.2004962955921579,-0.05969824107951265
FGBNMS,2015-01-01,0.4608760432251336,-0.21051993287554796
FGBNMS,2015-02-01,1.1794354851760775,-0.43947868620333874
FGBNMS,2015-03-01,1.896162050125867,-0.3013441438639534
FGBNMS,2015-04-01,1.9932080112121706,-0.07428275524120771
FGBNMS,2015-05-01,1.3016614358433656,-0.10950567974524454
FGBNMS,2015-06-01,0.24742316969195788,-0.07882497406723714
FGBNMS,2015-07-01,-0.5361735378871966,0.45876739437645275
FGBNMS,2015-08-01,-0.6248748032702393,1.0997559227055302
FGBNMS,2015-09-01,0.060191674894949726,0.976259956571624
FGBNMS,2015-10-01,1.2496338736663686,0.024613826077247384
FGBNMS,2015-11-01,2.378757753755348,-0.8436313392514302
FGBNMS,2015-12-01,2.8934019687465278,-0.9717085643992012
FGBNMS,2016-01-01,2.72127983542045,-0.7166335778746258
FGBNMS,2016-02-01,2.3340203089945293,-0.6758727910276008
FGBNMS,2016-03-01,2.1631495824366924,-0.7149161010986851
FGBNMS,2016-04-01,2.068833366476564,-0.29184416109806083
FGBNMS,2016-05-01,1.629748353420038,0.5560981353791642
FGBNMS,2016-06-01,0.8833449579204173,1.138887612519251
FGBNMS,2016-07-01,0.4297425825323155,0.9870663154126618
FGBNMS,2016-08-01,0.7010356956836338,0.3278863824998999
FGBNMS,2016-09-01,1.4266823080408793,-0.3697042942036276
FGBNMS,2016-10-01,2.0243934169690605,-0.9065183182309723
FGBNMS,2016-11-01,2.2801669186542433,-1.2420573844338096
FGBNMS,2016-12-01,2.3547447609076837,-1.229263796446586
FGBNMS,2017-01-01,2.290318779599263,-0.7813844559357626
FGBNMS,2017-02-01,1.916380586927835,-0.16383371487465867
FGBNMS,2017-03-01,1.2632073618592419,0.16824826903758025
FGBNMS,2017-04-01,0.6895246535664348,0.03123230355591356
FGBNMS,2017-05-01,0.43335947068223435,-0.34875329135326244
FGBNMS,2017-06-01,0.31488445887303423,-0.6543498284416549
FGBNMS,2017-07-01,0.098265897986973,-0.7863838149633974
FGBNMS,2017-08-01,-0.09051611867521193,-0.8231327885634493
FGBNMS,2017-09-01,-0.003823876011786363,-0.8014561250249411
FGBNMS,2017-10-01,0.2339319343532253,-0.6581369050226704
FGBNMS,2017-11-01,0.25845941602191447,-0.39192943289402443
FGBNMS,2017-12-01,0.07497251362111493,-0.19681818647698288
FGBNMS,2018-01-01,0.12912563150716788,-0.31681583941749075
FGBNMS,2018-02-01,0.615872019235424,-0.7166234915879344
FGBNMS,2018-03-01,1.0596162042237212,-0.9988515348205617
FGBNMS,2018-04-01,0.8791869367736453,-0.8023546713735216
FGBNMS,2018-05-01,0.1706898785147424,-0.25350522054282965
FGBNMS,2018-06-01,-0.41552756290105575,0.17338382786603035
FGBNMS,2018-07-01,-0.4986966849589736,0.27418483905866875
FGBNMS,2018-08-01,-0.3075035233934659,0.34697509817559163
FGBNMS,2018-09-01,-0.15974491082575157,0.6655191654192856
FGBNMS,2018-10-01,0.026904359012797727,0.9715372953278121
FGBNMS,2018-11-01,0.48987157661814057,0.789078688517542
FGBNMS,2018-12-01,1.1390546327973041,0.12182065599345086
FGBNMS,2019-01-01,1.6200866332378587,-0.4964130140796198
FGBNMS,2019-02-01,1.756755494795489,-0.6194381083471551
FGBNMS,2019-03-01,1.6419671275472993,-0.2295267012693754
FGBNMS,2019-04-01,1.3205449343823263,0.5313999749151193
FGBNMS,2019-05-01,0.707253344628516,1.5321006724030923
FGBNMS,2019-06-01,-0.07228278670935931,2.3850428970864996
FGBNMS,2019-07-01,-0.5494277573915333,2.4587565477224538
FGBNMS,2019-08-01,-0.37676806592857065,1.569871463222279
FGBNMS,2019-09-01,0.21281918965220445,0.42223802654211895
FGBNMS,2019-10-01,0.6813023211689273,-0.08883570553927811
FGBNMS,2019-11-01,0.8750791216609917,0.09913302895280594
FGBNMS,2019-12-01,1.1499429463369688,0.31658688423294545
FGBNMS,2020-01-01,1.740024374197817,0.21373848347810798
FGBNMS,2020-02-01,2.289217562794169,0.17354009352516905
FGBNMS,2020-03-01,2.2447241945960115,0.5551468129218663
FGBNMS,2020-04-01,1.5725717476893744,1.058337293634029
FGBNMS,2020-05-01,0.8062973200628718,1.1819208410457307
FGBNMS,2020-06-01,0.40314485698775204,0.945335271602482
FGBNMS,2020-07-01,0.3112090265627732,0.7423587393520341
FGBNMS,2020-08-01,0.2370550212431286,0.718398876311057
FGBNMS,2020-09-01,0.07869990334913263,0.7314842950145638
FGBNMS,2020-10-01,-0.09735039709037135,0.7804701784607214
FGBNMS,2020-11-01,-0.31358731842335147,0.9872219875419793
FGBNMS,2020-12-01,-0.6130664030656181,1.177553115794301
FGBNMS,2021-01-01,-0.7839860283118608,0.9683012582346833
FGBNMS,2021-02-01,-0.48658095460804734,0.3819476607346322
FGBNMS,2021-03-01,0.22605214236964924,-0.05430917642867863
FGBNMS,2021-04-01,0.7738358613602224,-0.0103849759036159
FGBNMS,2021-05-01,0.6593849519109101,0.22445225323379087
FGBNMS,2021-06-01,0.06914688840790675,0.26718578539511284
FGBNMS,2021-07-01,-0.366692036279585,0.23675034122104044
FGBNMS,2021-08-01,-0.31820990380051856,0.4750975781119047
FGBNMS,2021-09-01,0.018159726711008083,0.9289111957305215
FGBNMS,2021-10-01,0.39885733954133906,1.2114370633972669
FGBNMS,2021-11-01,0.8660113970744914,1.1387012158509808
FGBNMS,2021-12-01,1.4466985395767835,0.8279159239396127
FGBNMS,2022-01-01,1.8488152429835012,0.38177298459185266
FGBNMS,2022-02-01,1.797176272027604,-0.10838820189119135
FGBNMS,2022-03-01,1.5251994285910246,-0.32329829814086813
FGBNMS,2022-04-01,1.5490484429785243,0.018328713249799063
FGBNMS,2022-05-01,1.93779480654026,0.5941100461218971
FGBNMS,2022-06-01,2.1619350612124,0.6714578966158146
FGBNMS,2022-07-01,1.8054509965491987,0.03607676845259992
FGBNMS,2022-08-01,1.137751792530072,-0.7244536807512508
FGBNMS,2022-09-01,0.7532609838355372,-1.076991844270546
FGBNMS,2022-10-01,0.858301045204427,-1.1834606094484892
FGBNMS,2022-11-01,1.2013948883945595,-1.3377852077293493
FGBNMS,2022-12-01,1.5648798031513087,-1.2867123568554404
FGBNMS,2023-01-01,1.955953720159278,-0.7123557419932283
FGBNMS,2023-02-01,2.3134180706643512,-0.030921715557264712
FGBNMS,2023-03-01,2.413100057515067,0.048291655955425894
FGBNMS,2023-04-01,2.236511170419438,-0.3688374140647974
FGBNMS,2023-05-01,2.142972102775896,-0.4856492584962964
FGBNMS,2023-06-01,2.4123270926145546,-0.09235963351506186
FGBNMS,2023-07-01,2.7941876395585084,0.11285382824410968
FGBNMS,2023-08-01,2.8070385298677554,-0.26593978531730905
FGBNMS,2023-09-01,2.3985490145327586,-0.6353558399353015
FGBNMS,2023-10-01,1.9915444815117305,-0.4516545298996537
FGBNMS,2023-11-01,1.86529630752552,-0.18010335944276795
FGBNMS,2023-12-01,1.819476013510301,-0.43412900853263803
FGBNMS,2024-01-01,1.589116484251364,-0.7564400438873077
FGBNMS,2024-02-01,1.3132706174242215,-0.2965138138154398
FGBNMS,2024-03-01,1.3269258517054263,0.6102293122456574
FGBNMS,2024-04-01,1.6251066940560535,0.7519255017708327
FGBNMS,2024-05-01,1.8260204924719194,-0.005592920755145046
FGBNMS,2024-06-01,1.6721915988365899,-0.3175325749529872
FGBNMS,2024-07-01,1.3435840157952328,0.6135585173146517
FGBNMS,2024-08-01,1.2088858717987319,1.7299185262875518
FGBNMS,2024-09-01,1.424673071107496,1.664341290219284
FGBNMS,2024-10-01,1.8470091084414904,0.7096849713351726
FGBNMS,2024-11-01,2.1917808723848724,0.15445504448546696
FGBNMS,2024-12-01,2.1891529733426096,0.2596507578687521
FGBNMS,2025-01-01,1.7275004169687929,0.21586537535434513
FGBNMS,2025-02-01,1.0205903088748194,-0.12466552075641242
FGBNMS,2025-03-01,0.5700330093476946,0.053806408049838425
FGBNMS,2025-04-01,0.7536857139231808,0.8597092596858277
FGBNMS,2025-05-01,1.3778139440827268,1.143176770092028
FGBNMS,2025-06-01,1.752544489408552,0.32411591252031674
FGBNMS,2025-07-01,1.3305387569345228,-0.4222949274469647
FGBNMS,2025-08-01,0.2819880575882949,0.12576156413918865
FGBNMS,2025-09-01,-0.601176597582695,1.2276523111437416
FKNMS,2003-01-01,-1.152794339363015,-0.5455897728752785
FKNMS,2003-02-01,-0.10973338764945288,-0.5586932014188116
FKNMS,2003-03-01,0.5898242755891093,0.003305498284218078
FKNMS,2003-04-01,0.3367032860609239,0.8899780836241734
FKNMS,2003-05-01,-0.1289755321179115,1.1826217795010026
FKNMS,2003-06-01,-0.32801624711893695,0.9220364493106631
FKNMS,2003-07-01,-0.5895379710582345,1.0022790842523888
FKNMS,2003-08-01,-0.863585337347237,1.4393802971967284
FKNMS,2003-09-01,-0.5676893737913473,1.3535851633334923
FKNMS,2003-10-01,0.1694805947173752,0.7043255199286076
FKNMS,2003-11-01,0.5327425665827225,0.40113446529633145
FKNMS,2003-12-01,0.40700914226584234,0.5962969607642065
FKNMS,2004-01-01,0.37236124500587114,0.4928884083793808
FKNMS,2004-02-01,0.3505555453842641,-0.021007315915198835
FKNMS,2004-03-01,-0.2448016038658619,-0.15577697479341274
FKNMS,2004-04-01,-1.0447695233089742,0.2077122202210198
FKNMS,2004-05-01,-1.0329379060972534,0.2970373021247644
FKNMS,2004-06-01,-0.3808109518181948,-0.05053093105221147
FKNMS,2004-07-01,-0.3324238609344916,-0.2048393994976693
FKNMS,2004-08-01,-1.1008028341622715,-0.16934638177353817
FKNMS,2004-09-01,-1.5053223328343686,-0.6076614177348352
FKNMS,2004-10-01,-0.940918688171235,-1.3186058456163434
FKNMS,2004-11-01,-0.1434898114730974,-1.3049862564258787
FKNMS,2004-12-01,0.2656112603876994,-0.5518302933296382
FKNMS,2005-01-01,0.48105056522623696,-0.1399300617030578
FKNMS,2005-02-01,0.5117354276938044,-0.386776704443145
FKNMS,2005-03-01,-0.01470754662657227,-0.47116875333995595
FKNMS,2005-04-01,-0.7655723929034315,-0.11949930099032306
FKNMS,2005-05-01,-0.8601977717668982,-0.03519341259949145
FKNMS,2005-06-01,-0.3562991969464184,-0.36833173337491076
FKNMS,2005-07-01,-0.18839697472636302,-0.35975788054451446
FKNMS,2005-08-01,-0.49816774460920915,0.15936161506152616
FKNMS,2005-09-01,-0.520917092740151,0.4410662579044676
FKNMS,2005-10-01,-0.23907599575438532,0.28814971447258364
FKNMS,2005-11-01,-0.49630112683272914,0.340185399605592
FKNMS,2005-12-01,-1.2192348599267142,0.643094063014735
FKNMS,2006-01-01,-1.210918486035284,0.48366059464490585
FKNMS,2006-02-01,-0.13552099512536678,-0.08786573893710403
FKNMS,2006-03-01,0.848370366141686,-0.1580465398280762
FKNMS,2006-04-01,0.882066108716337,0.33178230980795065
FKNMS,2006-05-01,0.3917620466411359,0.37359540932979424
FKNMS,2006-06-01,-0.081225200592604,-0.26006664298945226
FKNMS,2006-07-01,-0.566829123631832,-0.5647493687492371
FKNMS,2006-08-01,-0.8170186801563609,-0.09676398985071155
FKNMS,2006-09-01,-0.24938583556037006,0.3577915802042698
FKNMS,2006-10-01,0.8430834817686346,0.3278575195717046
FKNMS,2006-11-01,1.4156421403464492,0.3233283804287894
FKNMS,2006-12-01,1.3360440286522404,0.5222127253223043
FKNMS,2007-01-01,1.5128221529148775,0.32387400971066216
FKNMS,2007-02-01,2.1112710021826415,-0.3240505007913923
FKNMS,2007-03-01,2.203247063106563,-0.6308731675390493
FKNMS,2007-04-01,1.5393860323202389,-0.4241047015495134
FKNMS,2007-05-01,1.052748888778509,-0.44163161207305207
FKNMS,2007-06-01,1.1274701945294143,-0.7950398706168261
FKNMS,2007-07-01,0.9540795472205087,-0.682780478969216
FKNMS,2007-08-01,0.17718258578971335,-0.03691092646216034
FKNMS,2007-09-01,-0.3219905010373541,0.14428965939153654
FKNMS,2007-10-01,0.08981016402057827,-0.4069642476333757
FKNMS,2007-11-01,0.8954447489576738,-0.689770915806714
FKNMS,2007-12-01,1.5353174957819289,-0.24214707922596057
FKNMS,2008-01-01,2.0720747259800767,0.0666761209039234
FKNMS,2008-02-01,2.3122741493979535,-0.35277369896675426
FKNMS,2008-03-01,1.7021291907428775,-0.8966153014542025
FKNMS,2008-04-01,0.5877700405056729,-1.0562031953373305
FKNMS,2008-05-01,0.14533213656570115,-1.1696555518584015
FKNMS,2008-06-01,0.5517427854089091,-1.320936396637634
FKNMS,2008-07-01,0.6479302184506431,-0.9457540963509077
FKNMS,2008-08-01,-0.1091071775393206,-0.11510533614969713
FKNMS,2008-09-01,-0.862335954211886,0.22087392540592185
FKNMS,2008-10-01,-1.034928811985241,-0.17305335701667196
FKNMS,2008-11-01,-1.222666758049277,-0.40996391810175475
FKNMS,2008-12-01,-1.7541416773552179,-0.16328641942803965
FKNMS,2009-01-01,-1.8810274010760393,-0.22057508695216202
FKNMS,2009-02-01,-1.1742315367729739,-0.7955582895546183
FKNMS,2009-03-01,-0.3648897734854844,-0.8891265395702473
FKNMS,2009-04-01,-0.06326648558467161,-0.0480293151419381
FKNMS,2009-05-01,0.09298896266949146,0.7572306770131771
FKNMS,2009-06-01,0.40160107864326683,0.7752645241234186
FKNMS,2009-07-01,0.5188408805891225,0.5688234677301169
FKNMS,2009-08-01,0.48129085943087907,0.7309656792256178
FKNMS,2009-09-01,0.9162933546812836,0.9012960555196168
FKNMS,2009-10-01,1.6420591913575113,0.7910535203842418
FKNMS,2009-11-01,1.4962340888241472,0.8258915885572228
FKNMS,2009-12-01,0.2252618704831268,1.0663864088164892
FKNMS,2010-01-01,-0.874016758914905,0.8444861067199573
FKNMS,2010-02-01,-0.8871211538769987,0.13587035408204834
FKNMS,2010-03-01,-0.4428777610856941,-0.10622048020935097
FKNMS,2010-04-01,-0.25326929565911,0.35424833365454755
FKNMS,2010-05-01,0.027616136657867794,0.46526645443466846
FKNMS,2010-06-01,0.6613709086305528,-0.2857068767877988
FKNMS,2010-07-01,0.951380599202422,-0.9619306585381024
FKNMS,2010-08-01,0.428739924460155,-0.8676072788323838
FKNMS,2010-09-01,-0.30816104967813174,-0.6543113891783344
FKNMS,2010-10-01,-0.7331220257367144,-0.8745734020621803
FKNMS,2010-11-01,-1.1665052818529313,-0.8776869235635194
FKNMS,2010-12-01,-1.720585794558872,-0.10587076261369802
FKNMS,2011-01-01,-1.7708764111094992,0.8105663393055068
FKNMS,2011-02-01,-1.1998334374713615,1.1647342654856832
FKNMS,2011-03-01,-0.8423097206706713,1.1693171330400232
FKNMS,2011-04-01,-0.9597777103260421,1.071360367849032
FKNMS,2011-05-01,-0.6499757533144566,0.5630943599339717
FKNMS,2011-06-01,0.42968336500019516,-0.1660498519051538
FKNMS,2011-07-01,1.1634926717817566,-0.1549794670117994
FKNMS,2011-08-01,0.7160642449225614,0.7312554686167477
FKNMS,2011-09-01,-0.14743795347583727,1.282308355087501
FKNMS,2011-10-01,-0.3989706657304399,0.8419236700856471
FKNMS,2011-11-01,-0.14396595045273716,0.3370592553673998
FKNMS,2011-12-01,0.20439750527845119,0.552997946869351
FKNMS,2012-01-01,0.84888173014352,0.8269929600399847
FKNMS,2012-02-01,1.7373589726876126,0.45259392947224253
FKNMS,2012-03-01,1.9801095567253253,1.6550449909256805e-4
FKNMS,2012-04-01,1.1186489494849978,0.15002677334635214
FKNMS,2012-05-01,-0.09166981813863302,0.4522842338587075
FKNMS,2012-06-01,-0.9515187512191619,0.30827738617736106
FKNMS,2012-07-01,-1.6777714759044784,0.043191822491305966
FKNMS,2012-08-01,-2.25831111426117,0.04114150920077447
FKNMS,2012-09-01,-1.8504047029915272,-0.04318541153315103
FKNMS,2012-10-01,-0.295652352962111,-0.3319656070630143
FKNMS,2012-11-01,1.0719122059662058,-0.2030478097066533
FKNMS,2012-12-01,1.1791332919599116,0.4142505574001427
FKNMS,2013-01-01,0.597893791711187,0.5239408062754334
FKNMS,2013-02-01,0.22391671417977446,-0.23517599130157063
FKNMS,2013-03-01,-0.17183516945554225,-0.7200712697250141
FKNMS,2013-04-01,-1.021931868086985,-0.12863149903242224
FKNMS,2013-05-01,-1.7970034808529127,0.621797906677859
FKNMS,2013-06-01,-1.8783471201957622,0.46172094548659437
FKNMS,2013-07-01,-1.5493575602432836,-0.16098249281429838
FKNMS,2013-08-01,-1.1362718633994426,-0.33104137280797796
FKNMS,2013-09-01,-0.25774301353208673,-0.18628674365599943
FKNMS,2013-10-01,1.1087583868907456,-0.2189854743670464
FKNMS,2013-11-01,1.965964302098071,-0.1711548143188788
FKNMS,2013-12-01,1.718971983489163,0.2253568762814562
FKNMS,2014-01-01,1.1552811846931808,0.43336552754573326
FKNMS,2014-02-01,1.0524750787533041,0.08054596850281212
FKNMS,2014-03-01,0.9983071140593706,-0.28111609110795
FKNMS,2014-04-01,0.5997558319660452,-0.3037108703142795
FKNMS,2014-05-01,0.5897756116468518,-0.5526824541655926
FKNMS,2014-06-01,1.5262794145762588,-1.1402764845543705
FKNMS,2014-07-01,2.516917268969017,-0.9749950780238953
FKNMS,2014-08-01,2.4740308941424267,0.47294872316643605
FKNMS,2014-09-01,1.6708668378367293,1.9093179783162384
FKNMS,2014-10-01,0.9554211134287403,1.9645637883666904
FKNMS,2014-11-01,0.43563423659510336,1.0735225057156694
FKNMS,2014-12-01,0.02432826779763146,0.39729890906894677
FKNMS,2015-01-01,0.21569244416062316,0.004779501723213041
FKNMS,2015-02-01,1.1536368852458458,-0.5849480968258285
FKNMS,2015-03-01,1.91220379421469,-1.0913316665170782
FKNMS,2015-04-01,1.8165615237849744,-1.0154615287734232
FKNMS,2015-05-01,1.5091676190629408,-0.6154018769250909
FKNMS,2015-06-01,1.673170382756856,-0.20675074411781857
FKNMS,2015-07-01,1.7972215723552516,0.5808778793505806
FKNMS,2015-08-01,1.3349876688064588,1.8052285859050203
FKNMS,2015-09-01,0.96137753060296,2.527962121408043
FKNMS,2015-10-01,1.4113129633205337,2.222698344447018
FKNMS,2015-11-01,2.0874042483886925,1.7639259397676257
FKNMS,2015-12-01,2.093982034028632,1.8853660064197357
FKNMS,2016-01-01,1.7091366773230243,1.8414509508717891
FKNMS,2016-02-01,1.587217201374645,0.8791931467919799
FKNMS,2016-03-01,1.4285142394678454,-0.1262153077177125
FKNMS,2016-04-01,0.6943513556029691,0.04680601747556398
FKNMS,2016-05-01,-0.22549221996788105,1.0195534829847968
FKNMS,2016-06-01,-0.7509920506694067,1.5575564828120907
FKNMS,2016-07-01,-1.135388092194501,1.409470837103097
FKNMS,2016-08-01,-1.6153803681435184,1.097514626923339
FKNMS,2016-09-01,-1.5123352404298502,0.7253342722640626
FKNMS,2016-10-01,-0.4012145964946865,0.2672489697044143
FKNMS,2016-11-01,0.7741067099489298,0.20897810762531435
FKNMS,2016-12-01,1.0109157765853853,0.6784179398477442
FKNMS,2017-01-01,0.765885019284376,0.7869147073636852
FKNMS,2017-02-01,0.9348392333062141,-0.010073046200995372
FKNMS,2017-03-01,1.2708701839459644,-0.8422648669109075
FKNMS,2017-04-01,1.1294320221644616,-0.8724715427467494
FKNMS,2017-05-01,0.8669349296776783,-0.7344581100411834
FKNMS,2017-06-01,1.1066033183320447,-1.2133372043404123
FKNMS,2017-07-01,1.4150303825322261,-1.5888880097790827
FKNMS,2017-08-01,1.0670196751172198,-0.818607668376625
FKNMS,2017-09-01,0.3995030344924095,0.5354731978360693
FKNMS,2017-10-01,0.14238987922969762,1.1123611679731458
FKNMS,2017-11-01,0.16432569939629763,0.756878914851863
FKNMS,2017-12-01,0.10367567415166147,0.29664251988258183
FKNMS,2018-01-01,0.39584762126704665,0.02109480725613314
FKNMS,2018-02-01,1.3707009282981724,-0.2592753509757006
FKNMS,2018-03-01,2.1599026418927862,-0.3338587394791392
FKNMS,2018-04-01,1.8544607479236819,-0.07023487082495504
FKNMS,2018-05-01,0.9833265817126495,-0.057259981348211066
FKNMS,2018-06-01,0.5339244923952832,-0.5553384278473514
FKNMS,2018-07-01,0.3172191663898576,-0.6410507325039766
FKNMS,2018-08-01,-0.3241374045569286,0.33856750401864577
FKNMS,2018-09-01,-0.9863468452228451,1.3790865453759613
FKNMS,2018-10-01,-0.8398668858842272,1.2670431323771516
FKNMS,2018-11-01,-0.11350019288343521,0.5019850020036787
FKNMS,2018-12-01,0.4470497016069351,0.28786836736799987
FKNMS,2019-01-01,0.9408132555022201,0.47501616702182814
FKNMS,2019-02-01,1.7783495145925088,0.1169445907263817
FKNMS,2019-03-01,2.4725722717593843,-0.6342630850854194
FKNMS,2019-04-01,2.3450390743019565,-0.8216079929114245
FKNMS,2019-05-01,1.8084226599850335,-0.35523307095477435
FKNMS,2019-06-01,1.622700780135397,0.07588776939394505
FKNMS,2019-07-01,1.551288677608196,0.27719275281408096
FKNMS,2019-08-01,1.0873548161327853,0.42847967257036784
FKNMS,2019-09-01,0.7731436308790268,0.2929283840348348
FKNMS,2019-10-01,1.3460265229130024,-0.17706251236735732
FKNMS,2019-11-01,2.2348180988728594,-0.1589572055964967
FKNMS,2019-12-01,2.3765238369345556,0.774475072391194
FKNMS,2020-01-01,1.9403060547557744,1.4799055248799657
FKNMS,2020-02-01,1.814177974779572,0.7726501566648469
FKNMS,2020-03-01,1.9790871663674687,-0.6259869332963309
FKNMS,2020-04-01,1.8420097395400383,-1.1804781666445148
FKNMS,2020-05-01,1.6071772923599468,-0.8409623846145506
FKNMS,2020-06-01,1.8425885745189472,-0.6435507921283319
FKNMS,2020-07-01,2.1971145748148864,-0.6778531234244072
FKNMS,2020-08-01,1.98062101526966,-0.17687515088564104
FKNMS,2020-09-01,1.5180762977574462,0.7968769963925063
FKNMS,2020-10-01,1.537125770297916,1.3743229524093383
FKNMS,2020-11-01,1.7521297629956547,1.293020330872616
FKNMS,2020-12-01,1.465646462777655,0.9121909327669606
FKNMS,2021-01-01,1.0103898364022499,0.23980520324221563
FKNMS,2021-02-01,1.1287959860993086,-0.732537649320767
FKNMS,2021-03-01,1.4605233157136774,-1.27136263834894
FKNMS,2021-04-01,1.1515758367352142,-0.852823623032222
FKNMS,2021-05-01,0.47998879325650484,-0.2742917088271518
FKNMS,2021-06-01,0.37071988715825244,-0.4032472409713944
FKNMS,2021-07-01,0.7426792447177273,-0.5058103204488755
FKNMS,2021-08-01,0.8299940275669068,0.5901435310516749
FKNMS,2021-09-01,0.714218800318128,2.2899908005977108
FKNMS,2021-10-01,1.0416219215505096,2.9124670861137387
FKNMS,2021-11-01,1.6188440984089798,2.1389658376607152
FKNMS,2021-12-01,1.7685430622656955,1.1183382284536505
FKNMS,2022-01-01,1.6923275760361145,0.4939146653979198
FKNMS,2022-02-01,2.0198644685028184,-0.02784527970264824
FKNMS,2022-03-01,2.40725353264097,-0.4245306574446813
FKNMS,2022-04-01,2.0646217297338034,-0.27671466346015783
FKNMS,2022-05-01,1.2876429287284297,0.22506583800078064
FKNMS,2022-06-01,0.978887126898285,0.5723653470366034
FKNMS,2022-07-01,1.034144833026718,0.9464950875028131
FKNMS,2022-08-01,0.710428293576829,1.6404395155730738
FKNMS,2022-09-01,0.2173817779746564,1.9878779379483058
FKNMS,2022-10-01,0.3908121256544216,1.3238981905326304
FKNMS,2022-11-01,1.1014344318062583,0.4645205549617239
FKNMS,2022-12-01,1.5265079631282898,0.6158774522825188
FKNMS,2023-01-01,1.7179358657236365,1.2911971443441186
FKNMS,2023-02-01,2.3776328302117586,1.0367279775414187
FKNMS,2023-03-01,3.341130672804295,-0.12193034753403503
FKNMS,2023-04-01,3.794828875382458,-0.7193973197486467
FKNMS,2023-05-01,3.7482506566998754,-0.1377773090751456
FKNMS,2023-06-01,3.805390449861852,0.819100634417022
FKNMS,2023-07-01,3.7575531643084887,1.5021992467431287
FKNMS,2023-08-01,2.936663674462359,1.9717966276072725
FKNMS,2023-09-01,1.721700206843202,2.0815828463790074
FKNMS,2023-10-01,1.1544624797718483,1.525876460663797
FKNMS,2023-11-01,1.2614740455521891,0.7168846385948543
FKNMS,2023-12-01,1.2549920490344133,0.25406756508737355
FKNMS,2024-01-01,1.1540451289616103,-0.2285008953282095
FKNMS,2024-02-01,1.6448677635156992,-1.3066314130468044
FKNMS,2024-03-01,2.529773319229844,-2.2868003873520926
FKNMS,2024-04-01,2.897340076207853,-2.0735563486400124
FKNMS,2024-05-01,2.712353764599244,-1.1391954185028352
FKNMS,2024-06-01,2.7187101769258657,-0.9037639948018752
FKNMS,2024-07-01,2.9081452084426695,-1.4061565754096392
FKNMS,2024-08-01,2.614021040787198,-1.3812851005863898
FKNMS,2024-09-01,1.9870808758453267,-0.5538227788326144
FKNMS,2024-10-01,1.830119881691402,-0.07471738478120683
FKNMS,2024-11-01,2.0683120426326984,-0.5956047105803528
FKNMS,2024-12-01,1.9100825306457185,-1.5137018506694848
FKNMS,2025-01-01,1.422217476751909,-2.215830050720625
FKNMS,2025-02-01,1.4089796478077534,-2.6046485323126256
FKNMS,2025-03-01,1.8241580138685232,-2.406353181345149
FKNMS,2025-04-01,1.86088784055988,-1.4205117953413247
FKNMS,2025-05-01,1.5523780706186503,-0.4023904943080561
FKNMS,2025-06-01,1.7194265057524978,-0.2597668285336965
FKNMS,2025-07-01,2.3570936225387955,-0.5221709570637786
FKNMS,2025-08-01,2.621413145336377,-0.08984929394668476
FKNMS,2025-09-01,2.407133214154283,0.7541637404718549
GRNMS,2003-01-01,0.04931114612605031,1.0982064443784074
GRNMS,2003-02-01,-0.4900589422617699,1.714428416292876
GRNMS,2003-03-01,-0.7081786818735485,2.0848963790652104
GRNMS,2003-04-01,-0.159360426023664,1.5522872907292165
GRNMS,2003-05-01,0.46530562382870105,0.521458656067943
GRNMS,2003-06-01,0.19641793866669327,0.029668071592067594
GRNMS,2003-07-01,-0.9585291328670646,0.5073899405754216
GRNMS,2003-08-01,-2.0107897160797905,1.2853660315796969
GRNMS,2003-09-01,-2.1293419601058887,1.4931609442797686
GRNMS,2003-10-01,-1.432648373643132,1.1357703592171045
GRNMS,2003-11-01,-0.6352857492934139,0.895329104801476
GRNMS,2003-12-01,-0.2241749258668682,1.037606359322246
GRNMS,2004-01-01,-0.1392320216216285,1.0718987293091748
GRNMS,2004-02-01,-0.09191313986784187,0.6003946915699624
GRNMS,2004-03-01,0.0028829561109697897,-0.03796071784939047
GRNMS,2004-04-01,-0.07522689587399298,-0.31689171124419374
GRNMS,2004-05-01,-0.5696583014314515,-0.30409772187712
GRNMS,2004-06-01,-1.35695627368152,-0.3941171834929735
GRNMS,2004-07-01,-1.889070110968615,-0.5055458719166638
GRNMS,2004-08-01,-1.6602031778434339,-0.15266318273700777
GRNMS,2004-09-01,-0.7701438381425293,0.6921408358716942
GRNMS,2004-10-01,0.10129264123198518,1.3902592804863678
GRNMS,2004-11-01,0.3589360844528175,1.4613992594033138
GRNMS,2004-12-01,0.0366469288771323,1.1296260361931598
GRNMS,2005-01-01,-0.3913031956786129,0.8030841560041572
GRNMS,2005-02-01,-0.6041349025777754,0.48605289417943837
GRNMS,2005-03-01,-0.6671144227273449,0.10063416358519257
GRNMS,2005-04-01,-0.7296877399732375,-0.027081340490052657
GRNMS,2005-05-01,-0.7147995751630302,0.40543961905721765
GRNMS,2005-06-01,-0.4160702173235092,0.9773933299954443
GRNMS,2005-07-01,0.17533850407419502,0.9481594814588731
GRNMS,2005-08-01,0.7400680527057656,0.3800530743419454
GRNMS,2005-09-01,0.8581154240988437,0.18934000853851096
GRNMS,2005-10-01,0.39169141957338793,0.8321555804371712
GRNMS,2005-11-01,-0.3458861557440059,1.5328973791501994
GRNMS,2005-12-01,-0.8634196275499209,1.2913093052062707
GRNMS,2006-01-01,-0.9853325028194644,0.2580917196469998
GRNMS,2006-02-01,-0.9894999750574451,-0.4873042729322771
GRNMS,2006-03-01,-1.154869646603252,-0.3638840451204448
GRNMS,2006-04-01,-1.29388238975971,0.1216643210127935
GRNMS,2006-05-01,-0.9764683412948488,0.2640294147362905
GRNMS,2006-06-01,-0.19970160790142508,0.05914725269498889
GRNMS,2006-07-01,0.47877709393581824,-0.07520031444049631
GRNMS,2006-08-01,0.6169747820835505,-0.0669243485590624
GRNMS,2006-09-01,0.42764251675030457,-0.21938241640588596
GRNMS,2006-10-01,0.39036299508950734,-0.5971432633099784
GRNMS,2006-11-01,0.5337576929124612,-0.8103747391969421
GRNMS,2006-12-01,0.4722630859945414,-0.5352296796704419
GRNMS,2007-01-01,0.08412907040614825,-0.007794440432668167
GRNMS,2007-02-01,-0.27653328241798597,0.2117694042898884
GRNMS,2007-03-01,-0.3497723294519035,-0.07025960819189643
GRNMS,2007-04-01,-0.35488131104498627,-0.39588421942957136
GRNMS,2007-05-01,-0.5388151610858882,-0.17460718660060245
GRNMS,2007-06-01,-0.6376898046358526,0.5590497787578184
GRNMS,2007-07-01,-0.19697571100778682,1.0950866808086244
GRNMS,2007-08-01,0.6663611411159016,0.8707549984695223
GRNMS,2007-09-01,1.2381665213825213,0.17935790682011868
GRNMS,2007-10-01,1.04275270861879,-0.2053948756848602
GRNMS,2007-11-01,0.4094926426822964,-0.042973891437184816
GRNMS,2007-12-01,0.03845307720773076,0.1188648677873287
GRNMS,2008-01-01,0.19676409939130207,-0.1890204055334823
GRNMS,2008-02-01,0.5370428569540332,-0.6565116443472514
GRNMS,2008-03-01,0.5974693996223728,-0.7068066671484026
GRNMS,2008-04-01,0.2818417016376713,-0.40430528283907113
GRNMS,2008-05-01,-0.13473317858411646,-0.33385151699075266
GRNMS,2008-06-01,-0.3323072182207157,-0.6697439489266847
GRNMS,2008-07-01,-0.25876311842282385,-0.9315241034058674
GRNMS,2008-08-01,-0.18177927795574267,-0.7807587924242279
GRNMS,2008-09-01,-0.4028527316519166,-0.5339853777156364
GRNMS,2008-10-01,-0.8644622848361432,-0.5979884497409875
GRNMS,2008-11-01,-1.1202872697390407,-0.8308663220604193
GRNMS,2008-12-01,-0.8147893386400381,-0.8736668314945473
GRNMS,2009-01-01,-0.1370247169424732,-0.7886896504906838
GRNMS,2009-02-01,0.36230779919881245,-0.859050226065457
GRNMS,2009-03-01,0.39984780962695937,-0.9551294829033868
GRNMS,2009-04-01,0.23049746499058457,-0.6938069339698653
GRNMS,2009-05-01,0.2360718629945572,-0.19516419311950495
GRNMS,2009-06-01,0.4183519774092598,-0.049986142765148574
GRNMS,2009-07-01,0.4561367803281539,-0.3725514707838434
GRNMS,2009-08-01,0.19005329288907177,-0.4935686700226886
GRNMS,2009-09-01,-0.13273744043750058,0.039954487338470845
GRNMS,2009-10-01,-0.1622237423863497,0.6766145710426369
GRNMS,2009-11-01,0.08019976446111206,0.6286991247851182
GRNMS,2009-12-01,0.14079430827606518,0.08517300805848287
GRNMS,2010-01-01,-0.3607526145813431,-0.05093775444960432
GRNMS,2010-02-01,-1.1524358064136968,0.4401636627748042
GRNMS,2010-03-01,-1.388596027020788,0.7160532864912329
GRNMS,2010-04-01,-0.5147425210440275,0.13678066915494586
GRNMS,2010-05-01,0.9682440484275356,-0.7194033638621556
GRNMS,2010-06-01,1.8795938029004933,-0.8203704962322256
GRNMS,2010-07-01,1.6291087698975044,-0.11949225842140157
GRNMS,2010-08-01,0.8556004983190308,0.3753233078027844
GRNMS,2010-09-01,0.5371984474979665,-0.05238137366900513
GRNMS,2010-10-01,0.6903282637362752,-0.9257186247283358
GRNMS,2010-11-01,0.429567390238245,-1.2236550820437955
GRNMS,2010-12-01,-0.6586744036927771,-0.6248469695347911
GRNMS,2011-01-01,-1.7320763065059552,0.1881704082342205
GRNMS,2011-02-01,-1.6273452640932387,0.3812914452635386
GRNMS,2011-03-01,-0.28812585908388494,-0.12264391739799692
GRNMS,2011-04-01,1.1641357332381632,-0.66954974088944
GRNMS,2011-05-01,1.6905027681671014,-0.6882981126449994
GRNMS,2011-06-01,1.267305621105763,-0.30514003409633295
GRNMS,2011-07-01,0.5515737330963422,-0.07410028119001136
GRNMS,2011-08-01,0.04857364199248734,-0.23124426149331123
GRNMS,2011-09-01,-0.15047115986495024,-0.46043675491020336
GRNMS,2011-10-01,-0.0739383807051796,-0.43146325051371637
GRNMS,2011-11-01,0.3310368593895438,-0.27974661651289173
GRNMS,2011-12-01,1.0940951432341,-0.32832862023463666
GRNMS,2012-01-01,2.0802145151706957,-0.5474612520412653
GRNMS,2012-02-01,2.9694168299424852,-0.6430657610230152
GRNMS,2012-03-01,3.3362868032123756,-0.601237312104888
GRNMS,2012-04-01,2.8775573109489185,-0.7328371528636916
GRNMS,2012-05-01,1.7280106067266658,-1.106071270326237
GRNMS,2012-06-01,0.48996213720079107,-1.335112232784337
GRNMS,2012-07-01,-0.23698538738745456,-1.1336255669897661
GRNMS,2012-08-01,-0.35801185154691784,-0.7370513458939287
GRNMS,2012-09-01,-0.18004410683360547,-0.49716335283622975
GRNMS,2012-10-01,0.13443528842452968,-0.36585697893932717
GRNMS,2012-11-01,0.7428089442368268,-0.15841727310736903
GRNMS,2012-12-01,1.661191146789446,-0.06328969690622037
GRNMS,2013-01-01,2.3894120090798907,-0.3591974664302738
GRNMS,2013-02-01,2.2811015901108034,-0.7390290070382244
GRNMS,2013-03-01,1.2662976763081166,-0.5448173010510876
GRNMS,2013-04-01,0.008261207573314685,0.21802249092509807
GRNMS,2013-05-01,-0.7195798592739677,0.7282145730707397
GRNMS,2013-06-01,-0.7248445816763545,0.5260453423456763
GRNMS,2013-07-01,-0.44476291919444866,0.27550227803352145
GRNMS,2013-08-01,-0.40170672792367645,0.8048031529979948
GRNMS,2013-09-01,-0.6831239923787352,1.7883565911040036
GRNMS,2013-10-01,-0.9435788188595439,2.124272386889024
GRNMS,2013-11-01,-0.8610427291342526,1.515351192185595
GRNMS,2013-12-01,-0.5139820153952297,0.8924319406734154
GRNMS,2014-01-01,-0.24255753802949886,1.066843484428733
GRNMS,2014-02-01,-0.18579742522626158,1.6431505680312517
GRNMS,2014-03-01,-0.12323115857137988,1.7147389579550012
GRNMS,2014-04-01,0.1603213713689538,1.1499572608193833
GRNMS,2014-05-01,0.5364877132570676,0.5806030048516138
GRNMS,2014-06-01,0.7427769127103456,0.3512694473379311
GRNMS,2014-07-01,0.7950652116882376,0.15407212803481743
GRNMS,2014-08-01,0.9063914096277348,-0.23282443529105087
GRNMS,2014-09-01,1.0287645904126355,-0.43260441935110283
GRNMS,2014-10-01,0.8358820321748559,-0.013302041726388615
GRNMS,2014-11-01,0.2987528210083826,0.7941788406045048
GRNMS,2014-12-01,-0.06034775348674712,1.3078234601057073
GRNMS,2015-01-01,0.19848389608690914,1.226721334809123
GRNMS,2015-02-01,0.746608638803377,0.9362179733238892
GRNMS,2015-03-01,0.8311367464387422,0.9319440187639683
GRNMS,2015-04-01,0.2704675142570969,1.1501374382025373
GRNMS,2015-05-01,-0.28941259602773206,1.0357840266777742
GRNMS,2015-06-01,-0.22298365437755882,0.26760593767779933
GRNMS,2015-07-01,0.31387784617721376,-0.7000525007994539
GRNMS,2015-08-01,0.6983253953312776,-0.958843255593684
GRNMS,2015-09-01,0.6651740224404279,-0.0739130019752947
GRNMS,2015-10-01,0.5031727385904481,1.4014447439544686
GRNMS,2015-11-01,0.5376954762179893,2.4558357950329275
GRNMS,2015-12-01,0.7441817998893484,2.587738510673835
GRNMS,2016-01-01,0.9133728711017686,2.0780282766448153
GRNMS,2016-02-01,0.95790030819573,1.3999343102458779
GRNMS,2016-03-01,0.9534272126130503,0.7094534572905923
GRNMS,2016-04-01,1.0146231729592154,0.012017360877525694
GRNMS,2016-05-01,1.2014723342302474,-0.5402521857520325
GRNMS,2016-06-01,1.4440592279096862,-0.8201196510777646
GRNMS,2016-07-01,1.5364495796065778,-0.962800862966616
GRNMS,2016-08-01,1.3540882005978254,-1.0839104125614012
GRNMS,2016-09-01,1.1213905018611743,-0.9218226104442254
GRNMS,2016-10-01,1.2685126313366373,-0.18629681280507243
GRNMS,2016-11-01,1.8894006876418628,0.7876588534669955
GRNMS,2016-12-01,2.51088785916999,1.2117993545428307
GRNMS,2017-01-01,2.6106247137724314,0.7744226657732171
GRNMS,2017-02-01,2.264315434902373,-0.030051177282524287
GRNMS,2017-03-01,2.0135121982946838,-0.6515108194688968
GRNMS,2017-04-01,2.085448683648058,-1.070683567493506
GRNMS,2017-05-01,2.032486041620124,-1.32500508597554
GRNMS,2017-06-01,1.3279544368398928,-0.9897562510898323
GRNMS,2017-07-01,0.16805588166808863,0.21135656372289513
GRNMS,2017-08-01,-0.5754099224640323,1.5608403937105733
GRNMS,2017-09-01,-0.26549432750195373,1.9430692227203423
GRNMS,2017-10-01,0.7563837562456223,1.3677510704211135
GRNMS,2017-11-01,1.45522595995343,1.1162443533697697
GRNMS,2017-12-01,1.1480462808136322,1.9944220461064512
GRNMS,2018-01-01,0.1918424644551187,3.091169952103802
GRNMS,2018-02-01,-0.46064201135763067,2.9201244985915
GRNMS,2018-03-01,-0.35745233006422966,1.424255453123929
GRNMS,2018-04-01,-0.0013958000131440039,0.07466600032480428
GRNMS,2018-05-01,-0.07950912131306077,0.013902119213491736
GRNMS,2018-06-01,-0.44906350320096267,0.8183601071441027
GRNMS,2018-07-01,-0.2730487550294508,1.3292582283024872
GRNMS,2018-08-01,0.7894884972224873,1.1236461079164688
GRNMS,2018-09-01,1.9366372726020225,0.7100834571531737
GRNMS,2018-10-01,2.0792872144528003,0.6046077142799172
GRNMS,2018-11-01,1.1276001262097592,0.7606714113037005
GRNMS,2018-12-01,0.04038177093930498,0.8871953183608884
GRNMS,2019-01-01,-0.34048291014071125,0.8942295851256775
GRNMS,2019-02-01,-0.08611870077581393,0.8502896623182428
GRNMS,2019-03-01,0.2738727462411064,0.7204617260179128
GRNMS,2019-04-01,0.5726113411207211,0.3562429259280312
GRNMS,2019-05-01,1.0374702419901614,-0.272175536302534
GRNMS,2019-06-01,1.707488949866175,-0.9244058405427075
GRNMS,2019-07-01,2.204824392849866,-1.2185065955184493
GRNMS,2019-08-01,2.1205125690045077,-0.9541470460586299
GRNMS,2019-09-01,1.4171347939818795,-0.3211363023622232
GRNMS,2019-10-01,0.4316617029872511,0.27588097608505857
GRNMS,2019-11-01,-0.3551522795835369,0.6294729366934316
GRNMS,2019-12-01,-0.5730685587736439,0.8765000917268447
GRNMS,2020-01-01,-0.21314356440824875,1.1873033030577822
GRNMS,2020-02-01,0.3132093781022483,1.4508131641505955
GRNMS,2020-03-01,0.546780434726954,1.4031105264418573
GRNMS,2020-04-01,0.48067893652588595,0.9597700152741956
GRNMS,2020-05-01,0.5093926113701753,0.2642237442425477
GRNMS,2020-06-01,0.807552201365736,-0.4729270092493305
GRNMS,2020-07-01,1.0111015759751845,-0.9713466851124318
GRNMS,2020-08-01,0.7326687972737188,-0.867700785880427
GRNMS,2020-09-01,0.20383669525850515,-0.08249340051527541
GRNMS,2020-10-01,0.06586432503740057,0.8108764553744774
GRNMS,2020-11-01,0.5351869213988574,1.0268159609718026
GRNMS,2020-12-01,1.0940265839135654,0.5344883736361006
GRNMS,2021-01-01,1.1300374121677896,0.16247446580276392
GRNMS,2021-02-01,0.6557416199671778,0.45693021797363964
GRNMS,2021-03-01,0.21428706926722513,0.8603141920689366
GRNMS,2021-04-01,0.2157599193439949,0.5209073886765062
GRNMS,2021-05-01,0.5815688076464361,-0.38731240596492156
GRNMS,2021-06-01,0.9994519757833542,-0.8491109135720578
GRNMS,2021-07-01,1.3088307604798302,-0.4691147302239708
GRNMS,2021-08-01,1.5443541796528872,0.005702433657836776
GRNMS,2021-09-01,1.7126341451298615,-0.12806602583306748
GRNMS,2021-10-01,1.6718137082473463,-0.5162772283628003
GRNMS,2021-11-01,1.2843772153845596,-0.44261469775178547
GRNMS,2021-12-01,0.652025032192243,-0.016885819605382477
GRNMS,2022-01-01,0.11009993696006515,0.08425269771976114
GRNMS,2022-02-01,-0.07949925707885026,-0.15792230136405494
GRNMS,2022-03-01,0.01496383856529413,0.008750481829386408
GRNMS,2022-04-01,0.14906170259538476,0.842829226175867
GRNMS,2022-05-01,0.2753944180698372,1.4728062525636527
GRNMS,2022-06-01,0.5635359915048134,0.9802829050560296
GRNMS,2022-07-01,0.9826135584806192,-0.3386756311820925
GRNMS,2022-08-01,1.1150353482390205,-1.3331098331745759
GRNMS,2022-09-01,0.6432269912177159,-1.3900493300221568
GRNMS,2022-10-01,-0.10714980742743695,-0.9327318576016341
GRNMS,2022-11-01,-0.4492863240490842,-0.5812963405561191
GRNMS,2022-12-01,-0.1834831730598781,-0.3504051943762728
GRNMS,2023-01-01,0.16640052397696115,0.1233303005967575
GRNMS,2023-02-01,0.10238081753212373,0.9033388877313545
GRNMS,2023-03-01,-0.16999837085939395,1.596045460376709
GRNMS,2023-04-01,-0.09348970768420442,1.7544103652943586
GRNMS,2023-05-01,0.4095864859102664,1.2425723330485274
GRNMS,2023-06-01,0.8285254825242182,0.2572549277398237
GRNMS,2023-07-01,0.7618190379719,-0.8468862956997394
GRNMS,2023-08-01,0.38079760813979086,-1.727445818206413
GRNMS,2023-09-01,0.09637847645851932,-2.1385369178870266
GRNMS,2023-10-01,0.028944373381686348,-1.9386186671565104
GRNMS,2023-11-01,-0.017545828230780228,-1.124094163191543
GRNMS,2023-12-01,-0.21744785264317026,0.05742550439739777
GRNMS,2024-01-01,-0.5285794667731902,1.0970074080067178
GRNMS,2024-02-01,-0.7359132791051508,1.5094222146272698
GRNMS,2024-03-01,-0.5706659484134152,1.1936017423702932
GRNMS,2024-04-01,0.0838216641509707,0.43632217135820045
GRNMS,2024-05-01,0.9489582636162678,-0.4189127987539889
GRNMS,2024-06-01,1.4419393345042126,-1.1676344761834072
GRNMS,2024-07-01,1.229732189991269,-1.6568126292755747
GRNMS,2024-08-01,0.62208443319721,-1.7766265569107813
GRNMS,2024-09-01,0.17519385698934226,-1.6277833945716025
GRNMS,2024-10-01,-0.04283624664457865,-1.4296656554813456
GRNMS,2024-11-01,-0.458206524305132,-1.1150310375656596
GRNMS,2024-12-01,-1.1847520807960554,-0.3325586265173902
GRNMS,2025-01-01,-1.586485616047098,0.8628344006396962
GRNMS,2025-02-01,-0.9822120737208768,1.6515527862818693
GRNMS,2025-03-01,0.36670471923313064,1.3062468116228243
GRNMS,2025-04-01,1.356999612058118,0.2723951393488405
GRNMS,2025-05-01,1.2079432407495487,-0.24117664555984816
GRNMS,2025-06-01,0.2734830085897242,0.1582106304364646
GRNMS,2025-07-01,-0.44945398420405885,0.5424739506132329
GRNMS,2025-08-01,-0.4515896203307427,0.07428717433623706
GRNMS,2025-09-01,-0.13464479684018707,-0.713423002369882
MNMS,2003-01-01,0.9378060733318649,-0.8287982063280801
MNMS,2003-02-01,1.0620220269354634,-0.6178934322246145
MNMS,2003-03-01,1.0449489415936517,-0.2887533497653038
MNMS,2003-04-01,0.7891688860958391,0.09520470856709995
MNMS,2003-05-01,0.3353455611071796,0.5596576444618162
MNMS,2003-06-01,-0.4356123137024507,1.0794760768243545
MNMS,2003-07-01,-1.4426175165578143,1.4167151410703183
MNMS,2003-08-01,-1.932273326076442,1.2669790799001275
MNMS,2003-09-01,-1.1991214779014578,0.6427823436914524
MNMS,2003-10-01,0.22218329473306803,-0.02845136698059092
MNMS,2003-11-01,0.929518176186725,-0.31071117756941175
MNMS,2003-12-01,0.3672196786369766,-0.18024811646162825
MNMS,2004-01-01,-0.5847502794716857,0.04443519315037807
MNMS,2004-02-01,-0.9028952438303615,0.08865800354155891
MNMS,2004-03-01,-0.557106199775276,-0.05499354282450351
MNMS,2004-04-01,-0.12308650007394861,-0.18697404587465014
MNMS,2004-05-01,0.028393214539601634,-0.09504704408052361
MNMS,2004-06-01,-0.17571923680139317,0.2298282697093717
MNMS,2004-07-01,-0.6513979167285923,0.5422597708596212
MNMS,2004-08-01,-1.0700794467922636,0.6276957737769071
MNMS,2004-09-01,-1.067738206909873,0.6091007232094467
MNMS,2004-10-01,-0.7221946030151595,0.7403028245150822
MNMS,2004-11-01,-0.40175956879252595,0.91900779292332
MNMS,2004-12-01,-0.13852266506411942,0.7739830187130569
MNMS,2005-01-01,0.2432084316934703,0.33695942801881634
MNMS,2005-02-01,0.3890092381095487,0.21452182071327663
MNMS,2005-03-01,-0.3479428565262253,0.8262320269440353
MNMS,2005-04-01,-1.6969292327608683,1.7727024917054468
MNMS,2005-05-01,-2.341411476970557,2.2492070721301234
MNMS,2005-06-01,-1.4756296746760014,1.88605803331266
MNMS,2005-07-01,0.12984443610738752,0.9801281505454712
MNMS,2005-08-01,1.0790699698637811,0.1309485683918544
MNMS,2005-09-01,0.8673505828486566,-0.17463679936946022
MNMS,2005-10-01,0.0644532601449647,0.09924140109269228
MNMS,2005-11-01,-0.5142009733070995,0.4141943558974847
MNMS,2005-12-01,-0.4141876694128007,0.16252161352650685
MNMS,2006-01-01,0.24140990950132232,-0.5325529149132652
MNMS,2006-02-01,0.7643890745045084,-0.8782275725694021
MNMS,2006-03-01,0.5012460789800162,-0.46408911521421764
MNMS,2006-04-01,-0.3161784716138081,0.18286851113563804
MNMS,2006-05-01,-0.75026334906736,0.36809829590720267
MNMS,2006-06-01,-0.3943869724696181,0.09373515889499767
MNMS,2006-07-01,0.1326027644513912,-0.2072910803168073
MNMS,2006-08-01,0.2123112099752327,-0.35579271279217156
MNMS,2006-09-01,0.10463524017511674,-0.4075666631313274
MNMS,2006-10-01,0.34724217747171027,-0.33704952328848553
MNMS,2006-11-01,0.8523765942804379,-0.2038644252721756
MNMS,2006-12-01,1.1697291175185442,-0.3092376213420428
MNMS,2007-01-01,1.2263864294716302,-0.7484977387906272
MNMS,2007-02-01,1.246953265451075,-1.1189656209216676
MNMS,2007-03-01,1.2508609555920354,-1.0745335957244526
MNMS,2007-04-01,1.1258488972709155,-0.8229803064292174
MNMS,2007-05-01,0.9476867801671931,-0.6796804020569622
MNMS,2007-06-01,0.8226617419830506,-0.5495704314535759
MNMS,2007-07-01,0.6846336575846473,-0.3106959917795446
MNMS,2007-08-01,0.5871570383347092,-0.2553987455012066
MNMS,2007-09-01,0.8311165300311367,-0.5906788694025653
MNMS,2007-10-01,1.4044161375694841,-0.9094386708936633
MNMS,2007-11-01,1.6802175694880237,-0.7571083202188129
MNMS,2007-12-01,1.1598420679190204,-0.35980628999726577
MNMS,2008-01-01,0.2205904531049383,-0.19826045002278067
MNMS,2008-02-01,-0.3383306249711874,-0.23763539948814885
MNMS,2008-03-01,-0.230768025926565,-0.20845667568745624
MNMS,2008-04-01,0.2521097998929193,-0.2652540551886061
MNMS,2008-05-01,0.792638867119088,-0.6650517837611662
MNMS,2008-06-01,1.1729918476298613,-1.1211623831949555
MNMS,2008-07-01,1.1307332221630049,-1.1928086233843493
MNMS,2008-08-01,0.6313632263285488,-1.0294700055729389
MNMS,2008-09-01,0.11795764148028691,-1.029164357112377
MNMS,2008-10-01,0.010996278358547553,-1.0600894869105497
MNMS,2008-11-01,0.1105753936688228,-0.7572153953390524
MNMS,2008-12-01,-0.06055760864208812,-0.30655197673933365
MNMS,2009-01-01,-0.48684101458470236,-0.17074706802371795
MNMS,2009-02-01,-0.7035444645306155,-0.287573463250692
MNMS,2009-03-01,-0.4932713795522322,-0.29397683310645367
MNMS,2009-04-01,-0.09400715301544156,-0.27275751663326564
MNMS,2009-05-01,0.20571425399376042,-0.48658790169482846
MNMS,2009-06-01,0.28594858760494485,-0.6528907392397963
MNMS,2009-07-01,0.10965233888340209,-0.3413008654212498
MNMS,2009-08-01,-0.20093646843949547,0.15170878120977654
MNMS,2009-09-01,-0.31010325581891013,0.21994036705610243
MNMS,2009-10-01,-0.06531121999306606,0.025625049307762306
MNMS,2009-11-01,0.17155654623395164,0.22597789318663392
MNMS,2009-12-01,-0.03343174089112627,0.7883283394451389
MNMS,2010-01-01,-0.5582551896995195,1.050674667405718
MNMS,2010-02-01,-0.962669716250315,0.8763141513551174
MNMS,2010-03-01,-1.2082221100731751,0.7828976878155106
MNMS,2010-04-01,-1.6185590055560717,0.9469664838708611
MNMS,2010-05-01,-2.1467466568863376,1.0047835363955848
MNMS,2010-06-01,-2.2244057897857368,0.8348907345590484
MNMS,2010-07-01,-1.5065360315127014,0.6548666552099507
MNMS,2010-08-01,-0.4112761396342286,0.3930626063140263
MNMS,2010-09-01,0.2499377266331668,-0.1217329455184701
MNMS,2010-10-01,-9.280224927067944e-4,-0.4329691178839947
MNMS,2010-11-01,-0.9433905547052687,0.06700811355962401
MNMS,2010-12-01,-1.7850076466783986,0.955345024155559
MNMS,2011-01-01,-1.71377737941511,1.1277626900430044
MNMS,2011-02-01,-0.6428215251824063,0.38708924774455633
MNMS,2011-03-01,0.587246408279521,-0.35240464925082526
MNMS,2011-04-01,1.0208407158346924,-0.5200587313836444
MNMS,2011-05-01,0.5871352410532754,-0.47287797770339934
MNMS,2011-06-01,0.029207812755473916,-0.4996720343698323
MNMS,2011-07-01,-0.0766592801356453,-0.36054020207372056
MNMS,2011-08-01,0.1525750659750003,-0.07008414486104964
MNMS,2011-09-01,0.3513732075802003,-0.0810788408791108
MNMS,2011-10-01,0.42151971896176055,-0.3771027756581672
MNMS,2011-11-01,0.42727422973575574,-0.35595529068036946
MNMS,2011-12-01,0.32383156625967063,0.09580739704640603
MNMS,2012-01-01,0.06775185467200188,0.3601529118199349
MNMS,2012-02-01,-0.15991567004517487,0.16628082405397027
MNMS,2012-03-01,-0.06740606692560336,-0.06094877299285518
MNMS,2012-04-01,0.4255781542238921,-0.15464511333934144
MNMS,2012-05-01,1.0419759242496351,-0.45638048866959774
MNMS,2012-06-01,1.302735162633854,-0.8441096990375314
MNMS,2012-07-01,0.9024929497367041,-0.6338709478061966
MNMS,2012-08-01,0.07877116843752917,0.15822350433218144
MNMS,2012-09-01,-0.4600351330066234,0.5650801195287212
MNMS,2012-10-01,-0.21405703265776532,0.160020653774202
MNMS,2012-11-01,0.48009562920511684,-0.2566709297975662
MNMS,2012-12-01,0.730639674457455,0.014603233959295768
MNMS,2013-01-01,0.0703051353187568,0.5782995136873023
MNMS,2013-02-01,-1.041897217352315,0.8354779505676804
MNMS,2013-03-01,-1.7736882079523881,0.8799125384719161
MNMS,2013-04-01,-1.760123524396838,0.902387478313458
MNMS,2013-05-01,-1.2523996028578286,0.642447341785089
MNMS,2013-06-01,-0.6289184008846361,0.06383004109686236
MNMS,2013-07-01,-0.033428913757136386,-0.29341456929207044
MNMS,2013-08-01,0.5081185557242804,-0.22181291207800874
MNMS,2013-09-01,0.8587456711373973,-0.24663442422563556
MNMS,2013-10-01,0.8603012462972199,-0.5923043410570213
MNMS,2013-11-01,0.6506151868596155,-0.7045073313216598
MNMS,2013-12-01,0.7218371471701527,-0.3820924823598675
MNMS,2014-01-01,1.464228679676555,-0.35412972103794815
MNMS,2014-02-01,2.6068651612587477,-1.0053564704341433
MNMS,2014-03-01,3.2828494693744172,-1.5219174593142517
MNMS,2014-04-01,2.8474951211401893,-1.1467981641625014
MNMS,2014-05-01,1.6235129371916308,-0.39469077277443987
MNMS,2014-06-01,0.6653534005717405,-0.14119842790477213
MNMS,2014-07-01,0.702767573116276,-0.3106905603572613
MNMS,2014-08-01,1.4148541222976947,-0.3542225851595697
MNMS,2014-09-01,1.8591882679828446,-0.29142817642038854
MNMS,2014-10-01,1.567596200191801,-0.3960555967423288
MNMS,2014-11-01,1.0474756239795981,-0.5160979074982658
MNMS,2014-12-01,1.1186390644726985,-0.5320430843424181
MNMS,2015-01-01,1.8967558222750465,-0.822309966514295
MNMS,2015-02-01,2.6604435854033226,-1.484994810127064
MNMS,2015-03-01,2.737622753099856,-1.8159283036069758
MNMS,2015-04-01,2.266306342349548,-1.3804246681672643
MNMS,2015-05-01,1.8938897983535532,-0.8553619423141112
MNMS,2015-06-01,1.9005847324296392,-0.9264896719761134
MNMS,2015-07-01,1.9348506084902153,-1.116864283958317
MNMS,2015-08-01,1.635803207128286,-0.7035098829442477
MNMS,2015-09-01,1.2358166688753183,-0.0835622378184324
MNMS,2015-10-01,1.3415171698681954,-0.12440210229585952
MNMS,2015-11-01,2.1681831763626667,-0.7160590448534093
MNMS,2015-12-01,3.1395345069183223,-1.0638255355790054
MNMS,2016-01-01,3.3617029299031955,-0.9758263003517497
MNMS,2016-02-01,2.562165427885229,-0.8405961062664012
MNMS,2016-03-01,1.4998546031639,-0.740918565828627
MNMS,2016-04-01,1.253286958295593,-0.567103331710166
MNMS,2016-05-01,2.040938093636859,-0.6014153895205289
MNMS,2016-06-01,2.9625807432157307,-1.0347981683293341
MNMS,2016-07-01,3.0608345759061764,-1.3184233598016994
MNMS,2016-08-01,2.4133256779499686,-0.9475347574936747
MNMS,2016-09-01,1.9106828159264462,-0.45611477157139635
MNMS,2016-10-01,2.131401906877829,-0.648032969942257
MNMS,2016-11-01,2.8006640805690397,-1.2754848327713262
MNMS,2016-12-01,3.3107264912326095,-1.522178537659684
MNMS,2017-01-01,3.3986216136579506,-1.386129400541737
MNMS,2017-02-01,3.213500418516656,-1.4578266633860297
MNMS,2017-03-01,2.9737357439190637,-1.646171616487239
MNMS,2017-04-01,2.6945323966454087,-1.300258319816024
MNMS,2017-05-01,2.1662049052876076,-0.43374770506640514
MNMS,2017-06-01,1.2163412921580963,0.26659397191301026
MNMS,2017-07-01,0.08459862098048769,0.552410377841462
MNMS,2017-08-01,-0.6085368848231507,0.7355660999166591
MNMS,2017-09-01,-0.4807358113440203,0.8279248837245173
MNMS,2017-10-01,0.15818254730108178,0.5503024952911983
MNMS,2017-11-01,0.727222807768817,0.091099319527032
MNMS,2017-12-01,1.0864742309981288,-0.10626085429799714
MNMS,2018-01-01,1.4748101673121399,-0.19260514342437046
MNMS,2018-02-01,1.872998133144775,-0.5881719060934734
MNMS,2018-03-01,1.9073914991725152,-0.9596395184219193
MNMS,2018-04-01,1.4237770873666336,-0.5679468907625124
MNMS,2018-05-01,0.7476672609943026,0.42477899769504973
MNMS,2018-06-01,0.2847185464648711,1.0465749072465238
MNMS,2018-07-01,0.18555331410616796,0.9349400486151895
MNMS,2018-08-01,0.4389454876388124,0.6679494881810593
MNMS,2018-09-01,0.9402494628272267,0.6414965618514278
MNMS,2018-10-01,1.4128313663611243,0.6127499605615176
MNMS,2018-11-01,1.613432085000175,0.449421207507261
MNMS,2018-12-01,1.6821623734838063,0.35594884959374445
MNMS,2019-01-01,1.9623651293609061,0.21479048185527352
MNMS,2019-02-01,2.4441443625695984,-0.3600057099533678
MNMS,2019-03-01,2.744848576620785,-1.1442442620061286
MNMS,2019-04-01,2.666399308811277,-1.3798672409695758
MNMS,2019-05-01,2.3838123749965265,-0.9246137720252794
MNMS,2019-06-01,2.056711647393517,-0.4797391453968672
MNMS,2019-07-01,1.6880439926673065,-0.48926053665012337
MNMS,2019-08-01,1.417956278454836,-0.6458101239302426
MNMS,2019-09-01,1.4815359429079242,-0.6720620173738439
MNMS,2019-10-01,1.7690337849358706,-0.7453956552534552
MNMS,2019-11-01,1.9041161764734766,-0.92135377112497
MNMS,2019-12-01,1.890149959596475,-0.9539148801817263
MNMS,2020-01-01,2.176731241651107,-0.92423013801015
MNMS,2020-02-01,2.886168216972741,-1.2360883475001228
MNMS,2020-03-01,3.458161141824822,-1.7333019811029164
MNMS,2020-04-01,3.328483649420615,-1.651715402948767
MNMS,2020-05-01,2.571079711928022,-0.7842013700440456
MNMS,2020-06-01,1.661049023198193,0.07578253032951102
MNMS,2020-07-01,1.0070489420557516,0.22046511306030564
MNMS,2020-08-01,0.9028852952551627,-0.1399156056710811
MNMS,2020-09-01,1.4706448080207264,-0.4755713336553419
MNMS,2020-10-01,2.3740066289497657,-0.6767043641928345
MNMS,2020-11-01,2.9789594577399483,-0.811882160864932
MNMS,2020-12-01,3.0388706266780208,-0.7862209453683476
MNMS,2021-01-01,2.8570342240465965,-0.6465604540971938
MNMS,2021-02-01,2.6438084612188537,-0.6801163323281736
MNMS,2021-03-01,2.239039226050552,-0.8692786245021227
MNMS,2021-04-01,1.6864280024860834,-0.7942137177569133
MNMS,2021-05-01,1.475228483937178,-0.38108731120659484
MNMS,2021-06-01,1.8210337100447809,-0.15573747524948223
MNMS,2021-07-01,2.2176357209967072,-0.4092063111126607
MNMS,2021-08-01,2.13915241103551,-0.7028948858455519
MNMS,2021-09-01,1.762366547595063,-0.6021249988329086
MNMS,2021-10-01,1.5831772175473402,-0.35188649785049414
MNMS,2021-11-01,1.727881276397613,-0.39126465369421315
MNMS,2021-12-01,2.0540233507816184,-0.6866848620197373
MNMS,2022-01-01,2.521550764072651,-0.9825106964537529
MNMS,2022-02-01,3.016665328995746,-1.2663655212050138
MNMS,2022-03-01,3.1698415382791683,-1.5434905609634308
MNMS,2022-04-01,2.7917957441696473,-1.5482008747024716
MNMS,2022-05-01,2.1916433348727438,-1.1323156980892433
MNMS,2022-06-01,1.7195411034837085,-0.6291712120548585
MNMS,2022-07-01,1.3629682223039736,-0.43974186492300166
MNMS,2022-08-01,1.112314866935721,-0.5308243216051449
MNMS,2022-09-01,1.2290070707784975,-0.6545001124275431
MNMS,2022-10-01,1.7151630980739476,-0.7448849084082704
MNMS,2022-11-01,2.024988719201901,-0.784183715825891
MNMS,2022-12-01,1.8466356372542647,-0.6185620269199519
MNMS,2023-01-01,1.7128359071768906,-0.2606565738496804
MNMS,2023-02-01,2.2206978210105404,-0.06665695754545554
MNMS,2023-03-01,3.0336349511184872,-0.25511845811657824
MNMS,2023-04-01,3.3239992178598,-0.5302303452401596
MNMS,2023-05-01,2.930019014803492,-0.5383926614786614
MNMS,2023-06-01,2.4372223708096765,-0.431491654332447
MNMS,2023-07-01,2.3165115478250664,-0.5912226867864199
MNMS,2023-08-01,2.550988883944815,-1.0027365795517378
MNMS,2023-09-01,2.9215315905841406,-1.291398799419562
MNMS,2023-10-01,3.136420172733246,-1.2554660776641058
MNMS,2023-11-01,2.8805406662407584,-1.0278760755595053
MNMS,2023-12-01,2.215942962146161,-0.7948632497495239
MNMS,2024-01-01,1.6870776570861958,-0.632519617368662
MNMS,2024-02-01,1.5860827523780279,-0.563059549738155
MNMS,2024-03-01,1.4852220739032806,-0.5635390217900382
MNMS,2024-04-01,1.029880388255968,-0.5804750153409696
MNMS,2024-05-01,0.7346353796122655,-0.6640645050254336
MNMS,2024-06-01,1.2402494803355286,-0.9463580940048025
MNMS,2024-07-01,2.1270062370820146,-1.3512124766227698
MNMS,2024-08-01,2.3512058633810144,-1.5319685367588018
MNMS,2024-09-01,1.7388637577365407,-1.3166919414241045
MNMS,2024-10-01,1.2161234737850215,-1.04292940084915
MNMS,2024-11-01,1.5285337639129846,-1.1714986632411795
MNMS,2024-12-01,2.4166399928949973,-1.6444752536762757
MNMS,2025-01-01,3.1117051784537177,-1.8946483371838898
MNMS,2025-02-01,3.086859548272677,-1.516839256134318
MNMS,2025-03-01,2.331475051843296,-0.7472160176662622
MNMS,2025-04-01,1.3954009889644763,-0.21112398411663783
MNMS,2025-05-01,1.0719391781015322,-0.28040129122186846
MNMS,2025-06-01,1.52986523518218,-0.7330637666791371
MNMS,2025-07-01,1.9454721945413833,-1.034873313562034
MNMS,2025-08-01,1.566090453043122,-0.9273351438934087
MNMS,2025-09-01,0.8614537840341064,-0.6733854483214404
SBNMS,2003-01-01,0.05271386387750112,-1.807529065835881
SBNMS,2003-02-01,-0.19866689944219618,-1.4631650650838115
SBNMS,2003-03-01,-0.5613673020980109,-1.111608401775931
SBNMS,2003-04-01,-0.9178892966038605,-0.9760920285205749
SBNMS,2003-05-01,-1.1994752420022916,-1.0226356854861338
SBNMS,2003-06-01,-1.2709458913983138,-1.2328518739216623
SBNMS,2003-07-01,-1.0009561185894043,-1.61266271400914
SBNMS,2003-08-01,-0.5216052564245192,-1.8817410044502136
SBNMS,2003-09-01,-0.22884914424230934,-1.6268604530589608
SBNMS,2003-10-01,-0.3788982864851693,-0.964524498595349
SBNMS,2003-11-01,-0.798681305188328,-0.6075396349182223
SBNMS,2003-12-01,-1.1284329088573664,-0.9459389068217903
SBNMS,2004-01-01,-1.2384497960683714,-1.4404420557253454
SBNMS,2004-02-01,-1.2460778819106437,-1.3637590416084193
SBNMS,2004-03-01,-1.229549174416515,-0.8513230265623425
SBNMS,2004-04-01,-1.160622252061091,-0.6668274699562047
SBNMS,2004-05-01,-1.0955226159446774,-1.0608539450415113
SBNMS,2004-06-01,-1.1770703238546838,-1.4640326433572646
SBNMS,2004-07-01,-1.3727166691401933,-1.3677453400648614
SBNMS,2004-08-01,-1.4222197146429172,-0.9499779786405181
SBNMS,2004-09-01,-1.1792213804980876,-0.6240410336744844
SBNMS,2004-10-01,-0.8544888120144237,-0.4398126912977066
SBNMS,2004-11-01,-0.7702324041021693,-0.2371231217923768
SBNMS,2004-12-01,-0.9824871716088688,-0.020962161596718674
SBNMS,2005-01-01,-1.300100076843628,0.1785887450594288
SBNMS,2005-02-01,-1.5759276590742957,0.5405304821599425
SBNMS,2005-03-01,-1.7754902925207563,1.1468497299014948
SBNMS,2005-04-01,-1.8031033996719357,1.6316500349292298
SBNMS,2005-05-01,-1.506375125711011,1.5638783059905392
SBNMS,2005-06-01,-0.9334265519411857,1.101060923608833
SBNMS,2005-07-01,-0.41793288744573553,0.8570466061406272
SBNMS,2005-08-01,-0.28560544453636655,1.1233837102080864
SBNMS,2005-09-01,-0.5408558235073572,1.588051028099584
SBNMS,2005-10-01,-0.8943881234371256,1.8442228027659398
SBNMS,2005-11-01,-1.0138725777453248,1.7914488519042717
SBNMS,2005-12-01,-0.7160752181412927,1.456491695649467
SBNMS,2006-01-01,-0.06555144439573103,0.8352398266011895
SBNMS,2006-02-01,0.5949352787593769,0.11990142816255496
SBNMS,2006-03-01,0.8321280887647068,-0.27272450292056954
SBNMS,2006-04-01,0.5232634710572686,-0.1930637494149929
SBNMS,2006-05-01,0.03778738344927667,-0.022716853443723706
SBNMS,2006-06-01,-0.13431993189773525,-0.14573937623286248
SBNMS,2006-07-01,0.08141646405402173,-0.3807945364075233
SBNMS,2006-08-01,0.3360322968819545,-0.2997985791415757
SBNMS,2006-09-01,0.37593472656994176,0.0505571949816623
SBNMS,2006-10-01,0.3569500380860784,0.17976142919875251
SBNMS,2006-11-01,0.5477836067965106,-0.11724867507021859
SBNMS,2006-12-01,0.9022306037065393,-0.4798266345295489
SBNMS,2007-01-01,1.1070710467446871,-0.5275591541177296
SBNMS,2007-02-01,0.9753244270381968,-0.3417678148036419
SBNMS,2007-03-01,0.615936006533487,-0.2460638239988984
SBNMS,2007-04-01,0.2345832750214881,-0.3806752465372086
SBNMS,2007-05-01,-0.06977755144663189,-0.6729968962600444
SBNMS,2007-06-01,-0.28347802635027486,-1.0064764244793434
SBNMS,2007-07-01,-0.3986542106663557,-1.229879797857535
SBNMS,2007-08-01,-0.43633187896026676,-1.19000599099611
SBNMS,2007-09-01,-0.47201288007058134,-0.9508159706685472
SBNMS,2007-10-01,-0.5663731043856418,-0.8068394549533467
SBNMS,2007-11-01,-0.7043855749867688,-0.8734254152250136
SBNMS,2007-12-01,-0.8298608731178607,-0.8458253214550013
SBNMS,2008-01-01,-0.8850331400390039,-0.43153805982196225
SBNMS,2008-02-01,-0.7975176664254605,0.13173553729025478
SBNMS,2008-03-01,-0.5243727859018371,0.33240046711478555
SBNMS,2008-04-01,-0.17621678067860558,0.09733422005127826
SBNMS,2008-05-01,-0.003612232500982889,-0.11831442795062463
SBNMS,2008-06-01,-0.13529033150680367,0.012630664215814212
SBNMS,2008-07-01,-0.3713123095882618,0.3032115482723198
SBNMS,2008-08-01,-0.37852181825824993,0.4464717255376928
SBNMS,2008-09-01,-0.10656441995745819,0.45887452523490335
SBNMS,2008-10-01,0.12054175856432049,0.5000401129889226
SBNMS,2008-11-01,-0.012816423021467396,0.5056838968518671
SBNMS,2008-12-01,-0.43732384209534964,0.3009418532821185
SBNMS,2009-01-01,-0.7855912149621729,-0.05559415461731851
SBNMS,2009-02-01,-0.789979500341466,-0.3331828435868387
SBNMS,2009-03-01,-0.5119295803539415,-0.47669317374807846
SBNMS,2009-04-01,-0.23320457073995388,-0.6213114701524755
SBNMS,2009-05-01,-0.2267565301542631,-0.7593069212479431
SBNMS,2009-06-01,-0.5995404430961705,-0.6530488039128278
SBNMS,2009-07-01,-1.210193701093917,-0.1729997595118329
SBNMS,2009-08-01,-1.6914461586319613,0.44852868281100344
SBNMS,2009-09-01,-1.6784690113877372,0.8144040066303836
SBNMS,2009-10-01,-1.140612574032588,0.7468301277706958
SBNMS,2009-11-01,-0.46312460060784144,0.44297642527636205
SBNMS,2009-12-01,-0.10500044493584307,0.3122279905742926
SBNMS,2010-01-01,-0.1573672090467493,0.6298083443362268
SBNMS,2010-02-01,-0.28730858208550614,1.2318667797496239
SBNMS,2010-03-01,-0.11758241816106628,1.583284855016568
SBNMS,2010-04-01,0.393304449133752,1.314338487419955
SBNMS,2010-05-01,0.9523028559675614,0.6817459845755504
SBNMS,2010-06-01,1.2386116757526515,0.28700001385036666
SBNMS,2010-07-01,1.165520071046043,0.3093766953531416
SBNMS,2010-08-01,0.8892322753889667,0.2918165038277419
SBNMS,2010-09-01,0.6321079313781476,-0.1741509927505953
SBNMS,2010-10-01,0.5012837695476949,-0.82588707304395
SBNMS,2010-11-01,0.4378790546559056,-1.070137444782103
SBNMS,2010-12-01,0.32702322777330617,-0.7834840224393219
SBNMS,2011-01-01,0.1630102350431484,-0.4338896929461675
SBNMS,2011-02-01,0.08263554264339898,-0.42194879871990254
SBNMS,2011-03-01,0.20335294155511593,-0.6064477331114745
SBNMS,2011-04-01,0.45765343334413977,-0.5685652714361339
SBNMS,2011-05-01,0.6598676940624223,-0.1257115177872861
SBNMS,2011-06-01,0.7438326651186465,0.5298383883733492
SBNMS,2011-07-01,0.8504355688038467,1.0549556984579236
SBNMS,2011-08-01,1.1276987894021935,1.2282963741685327
SBNMS,2011-09-01,1.5126683374967036,1.1215993803025934
SBNMS,2011-10-01,1.8027678270127006,1.0617938771369622
SBNMS,2011-11-01,1.916041863386128,1.2941351643017456
SBNMS,2011-12-01,1.9766646231324598,1.637184196650914
SBNMS,2012-01-01,2.1250631097368995,1.6436916140688966
SBNMS,2012-02-01,2.333796051242907,1.1865228512979575
SBNMS,2012-03-01,2.4572450313887053,0.69113419080737315
SBNMS,2012-04-01,2.3968753377630736,0.6366151796111429
SBNMS,2012-05-01,2.170811760319279,0.9902638216953307
SBNMS,2012-06-01,1.8927270534838583,1.3217830315474017
SBNMS,2012-07-01,1.7508853099977948,1.3351515765300919
SBNMS,2012-08-01,1.9264834177660584,1.0606086854703756
SBNMS,2012-09-01,2.3978935815741647,0.6305687373437087
SBNMS,2012-10-01,2.8452700979349452,0.1465851023586195
SBNMS,2012-11-01,2.8997120835022545,-0.25828690316476827
SBNMS,2012-12-01,2.5376777208841688,-0.4945803467196844
SBNMS,2013-01-01,2.1111329229974323,-0.6706602546312318
SBNMS,2013-02-01,1.9073900766833651,-0.9150254286515425
SBNMS,2013-03-01,1.78115266083331,-1.0188440913399206
SBNMS,2013-04-01,1.3582924702782453,-0.5731100304178712
SBNMS,2013-05-01,0.5804987337551502,0.39421589802465196
SBNMS,2013-06-01,-0.07815207125240095,1.1959103038729093
SBNMS,2013-07-01,0.006724090522070156,1.1411985828541291
SBNMS,2013-08-01,1.01606177026935,0.2697236367358372
SBNMS,2013-09-01,2.4300422873371637,-0.7475451394429642
SBNMS,2013-10-01,3.3254263119033247,-1.2894910378676145
SBNMS,2013-11-01,3.0430134524594026,-1.2000960184968863
SBNMS,2013-12-01,1.7505703239302304,-0.7349278836697444
SBNMS,2014-01-01,0.370981405573929,-0.37151511483516125
SBNMS,2014-02-01,-0.20528249461646986,-0.5205146879753302
SBNMS,2014-03-01,0.0720387193118962,-1.0878220299219246
SBNMS,2014-04-01,0.4694619602067058,-1.398159988508796
SBNMS,2014-05-01,0.36809309979246413,-0.9091736626380487
SBNMS,2014-06-01,-0.04766293828718746,0.02592936453761655
SBNMS,2014-07-01,-0.12169392181423998,0.5100596103271043
SBNMS,2014-08-01,0.39844519601900275,0.2681386156572821
SBNMS,2014-09-01,1.053883421360687,0.00571429545535863
SBNMS,2014-10-01,1.2287613328879696,0.39108493153804796
SBNMS,2014-11-01,0.7934749208115232,1.0993612107558164
SBNMS,2014-12-01,0.13039069824428431,1.2453590417532607
SBNMS,2015-01-01,-0.3032872541801428,0.4935426903717808
SBNMS,2015-02-01,-0.3292487478998416,-0.6823924599327926
SBNMS,2015-03-01,-0.10726552894190118,-1.6739402305434936
SBNMS,2015-04-01,0.009389449303625744,-2.218711923279018
SBNMS,2015-05-01,-0.240853793960956,-2.2798351337486937
SBNMS,2015-06-01,-0.734968943113509,-1.9375832938446123
SBNMS,2015-07-01,-0.9917185289952049,-1.5045095190714657
SBNMS,2015-08-01,-0.6251485194001724,-1.3501610745798116
SBNMS,2015-09-01,0.237040838213394,-1.431886022380244
SBNMS,2015-10-01,1.0937819502020716,-1.2959105492968708
SBNMS,2015-11-01,1.5983287826291286,-0.7115998421808125
SBNMS,2015-12-01,1.8118948723594026,-0.02532343410416125
SBNMS,2016-01-01,1.9538070534759187,0.30618283067162444
SBNMS,2016-02-01,2.090064405411484,0.2676089248628129
SBNMS,2016-03-01,2.140633831345148,0.144804866910478
SBNMS,2016-04-01,2.049904369458208,0.08316070531977045
SBNMS,2016-05-01,1.853905649471084,0.05549085415173975
SBNMS,2016-06-01,1.686830894355304,0.04354353284895212
SBNMS,2016-07-01,1.7936280945719585,-0.06583851025368012
SBNMS,2016-08-01,2.374636932682099,-0.5548055417689094
SBNMS,2016-09-01,3.2574285412572896,-1.4398199292554215
SBNMS,2016-10-01,3.853236502161309,-2.10738114415395
SBNMS,2016-11-01,3.6833612095957355,-1.877648782383044
SBNMS,2016-12-01,2.931790123607695,-0.9273564593356277
SBNMS,2017-01-01,2.254932732763669,-0.15658142736416747
SBNMS,2017-02-01,2.015488361279259,-0.04608533654245522
SBNMS,2017-03-01,1.926911445539541,-0.16067491270429662
SBNMS,2017-04-01,1.5446671819848607,5.482844399956683e-4
SBNMS,2017-05-01,0.8942777891663807,0.19823883284566907
SBNMS,2017-06-01,0.4311339512077782,-0.07219407636145501
SBNMS,2017-07-01,0.5002087901420085,-0.6976990329681451
SBNMS,2017-08-01,1.0183686411697983,-1.1070339794626294
SBNMS,2017-09-01,1.6186756924312782,-1.1257397997160083
SBNMS,2017-10-01,1.9342913855854933,-1.0993815639359439
SBNMS,2017-11-01,1.7970524243714643,-1.1950939219523646
SBNMS,2017-12-01,1.3637664199866135,-1.1307940313052358
SBNMS,2018-01-01,1.0548904208653715,-0.717548784200028
SBNMS,2018-02-01,1.1747960295697915,-0.2052753853491689
SBNMS,2018-03-01,1.5407225523466386,0.11439041799735744
SBNMS,2018-04-01,1.6574082403033674,0.27873305106217944
SBNMS,2018-05-01,1.3320016000085766,0.41017437340519153
SBNMS,2018-06-01,0.9458087596801725,0.4382466368725035
SBNMS,2018-07-01,0.9907124832564494,0.3193379626719634
SBNMS,2018-08-01,1.4662695285080942,0.2310376263954708
SBNMS,2018-09-01,1.8884346620910104,0.2542504969318668
SBNMS,2018-10-01,1.8130576044682436,0.1433756433304853
SBNMS,2018-11-01,1.210025672991821,-0.2304554524256299
SBNMS,2018-12-01,0.40511545681529065,-0.45817692005701355
SBNMS,2019-01-01,-0.16972818253410246,-0.07175600101548048
SBNMS,2019-02-01,-0.22806621573851163,0.7032343601542766
SBNMS,2019-03-01,0.1353304806552762,1.1910830424415482
SBNMS,2019-04-01,0.4295841124511616,1.2434088982879017
SBNMS,2019-05-01,0.20323522849153827,1.4300838081274547
SBNMS,2019-06-01,-0.40955964820412616,2.113289555846084
SBNMS,2019-07-01,-0.7467240022157485,2.8330369139262754
SBNMS,2019-08-01,-0.3428365911357098,2.9099259856374062
SBNMS,2019-09-01,0.5411727103352278,2.290625670754565
SBNMS,2019-10-01,1.24647058057728,1.4579735796324103
SBNMS,2019-11-01,1.4401920068744982,0.7864181741388948
SBNMS,2019-12-01,1.325583505818816,0.3549040071196469
SBNMS,2020-01-01,1.231927943096003,0.1780494008576535
SBNMS,2020-02-01,1.2595212688310773,0.19746440112486202
SBNMS,2020-03-01,1.3619782592427419,0.1417825766080003
SBNMS,2020-04-01,1.5499391485986527,-0.20588168790995987
SBNMS,2020-05-01,1.8797825662976428,-0.6317740355615421
SBNMS,2020-06-01,2.3449132724430286,-0.7449580479096967
SBNMS,2020-07-01,2.864411454956703,-0.5830957483050968
SBNMS,2020-08-01,3.2951172996622624,-0.5607301855482616
SBNMS,2020-09-01,3.4114888173664317,-0.7701178367069907
SBNMS,2020-10-01,3.025840687584344,-0.7806044239322059
SBNMS,2020-11-01,2.2615256502983123,-0.31644250715583855
SBNMS,2020-12-01,1.600537242934046,0.25933923269394943
SBNMS,2021-01-01,1.4797534474150702,0.4148379147095778
SBNMS,2021-02-01,1.8525369151991853,0.10126488861756276
SBNMS,2021-03-01,2.27315738456259,-0.3561426277157959
SBNMS,2021-04-01,2.3921689493175395,-0.7344952796266648
SBNMS,2021-05-01,2.2456544125004614,-0.9208226899869358
SBNMS,2021-06-01,2.0955395266453722,-0.7013340722962451
SBNMS,2021-07-01,2.168457018129667,-0.04125442681772856
SBNMS,2021-08-01,2.5701984608036414,0.5251048525751234
SBNMS,2021-09-01,3.243856621871013,0.33242839010632275
SBNMS,2021-10-01,3.8925123426784016,-0.489733621169229
SBNMS,2021-11-01,4.107314617238669,-1.0050092632011358
SBNMS,2021-12-01,3.7550433571053476,-0.6056497489395274
SBNMS,2022-01-01,3.1627201205099187,0.21737126352826788
SBNMS,2022-02-01,2.7499852252169252,0.5307967425840165
SBNMS,2022-03-01,2.5342795713773274,0.0961938892198671
SBNMS,2022-04-01,2.20455750487426,-0.5044017956575999
SBNMS,2022-05-01,1.6928643232153475,-0.7131980200860296
SBNMS,2022-06-01,1.435428938971321,-0.5959851740882683
SBNMS,2022-07-01,1.9048944034160913,-0.6168634728539725
SBNMS,2022-08-01,2.977583614581657,-1.0882962039506168
SBNMS,2022-09-01,3.921702034818858,-1.8630133092046817
SBNMS,2022-10-01,4.030758108934642,-2.387041824963578
SBNMS,2022-11-01,3.231061104074115,-2.09890507341306
SBNMS,2022-12-01,2.110211770031432,-0.9944006125499819
SBNMS,2023-01-01,1.40211756712538,0.23084744267923704
SBNMS,2023-02-01,1.3804070911136557,0.8387465432919509
SBNMS,2023-03-01,1.6563869710072778,0.8520340561483513
SBNMS,2023-04-01,1.5902450708565443,0.9582223255146409
SBNMS,2023-05-01,0.987233585186044,1.5953113754258104
SBNMS,2023-06-01,0.37280446504710474,2.4260730161623862
SBNMS,2023-07-01,0.4742141640687554,2.8231601286625194
SBNMS,2023-08-01,1.4082862455074696,2.592360304993421
SBNMS,2023-09-01,2.4747979565677607,2.0395948182002006
SBNMS,2023-10-01,2.798327102791286,1.5754447078630196
SBNMS,2023-11-01,2.1124504405950737,1.4924197184704362
SBNMS,2023-12-01,0.8980876633164506,1.9114409189050734
SBNMS,2024-01-01,-0.12339770239785174,2.6115346795573875
SBNMS,2024-02-01,-0.5329723325191069,3.0149241372954014
SBNMS,2024-03-01,-0.36242542152934154,2.695731448938714
SBNMS,2024-04-01,0.08918072210770372,1.9210743930064023
SBNMS,2024-05-01,0.5293451428695505,1.3899277100264271
SBNMS,2024-06-01,0.8768200687248091,1.3764055825441137
SBNMS,2024-07-01,1.2757578716064537,1.4140782600368815
SBNMS,2024-08-01,1.8656208930413252,0.9518274156167943
SBNMS,2024-09-01,2.5065024291305593,0.07333979642726808
SBNMS,2024-10-01,2.8106333636246683,-0.6346150419401959
SBNMS,2024-11-01,2.524721237764146,-0.7802262061594235
SBNMS,2024-12-01,1.8368062673495016,-0.5340245174733638
SBNMS,2025-01-01,1.210999658575437,-0.3676081867411725
SBNMS,2025-02-01,0.9244290885768364,-0.5743848228348274
SBNMS,2025-03-01,0.8526407117575863,-1.0127470817171118
SBNMS,2025-04-01,0.7242298819866227,-1.2385884158428
SBNMS,2025-05-01,0.48838650752420737,-0.9625499730620617
SBNMS,2025-06-01,0.35521021361222394,-0.4420261510009359
SBNMS,2025-07-01,0.5142075636745624,-0.2832958600931617
SBNMS,2025-08-01,0.8932410111350725,-0.7267115096376957
SBNMS,2025-09-01,1.206607526854763,-1.279905359971374
