nms,date,mhw_days,mcs_days,mhw_max_cat,sst_daily
OCNMS,1982-01-01,0,0,0,8.571
OCNMS,1982-02-01,0,0,0,8.164
OCNMS,1982-03-01,0,0,0,8.84
OCNMS,1982-04-01,0,0,0,9.606
OCNMS,1982-05-01,0,7,0,10.534
OCNMS,1982-06-01,0,5,0,11.986
OCNMS,1982-07-01,0,0,0,13.452
OCNMS,1982-08-01,0,0,0,14.393
OCNMS,1982-09-01,5,0,1,14.536
OCNMS,1982-10-01,0,0,0,12.431
OCNMS,1982-11-01,8,0,1,11.322
OCNMS,1982-12-01,0,0,0,9.588
OCNMS,1983-01-01,0,0,0,9.197
OCNMS,1983-02-01,0,0,0,9.279
OCNMS,1983-03-01,30,0,1,10.631
OCNMS,1983-04-01,8,0,1,10.855
OCNMS,1983-05-01,0,0,0,11.856
OCNMS,1983-06-01,0,0,0,13.225
OCNMS,1983-07-01,9,0,1,14.803
OCNMS,1983-08-01,0,0,0,14.603
OCNMS,1983-09-01,0,0,0,14.36
OCNMS,1983-10-01,0,0,0,12.109
OCNMS,1983-11-01,0,0,0,11.527
OCNMS,1983-12-01,0,0,0,9.604
OCNMS,1984-01-01,0,7,0,8.229
OCNMS,1984-02-01,0,0,0,8.486
OCNMS,1984-03-01,0,0,0,9.497
OCNMS,1984-04-01,0,0,0,9.768
OCNMS,1984-05-01,0,0,0,11.107
OCNMS,1984-06-01,0,0,0,12.374
OCNMS,1984-07-01,0,0,0,13.177
OCNMS,1984-08-01,0,0,0,14.287
OCNMS,1984-09-01,0,0,0,13.922
OCNMS,1984-10-01,0,0,0,12.306
OCNMS,1984-11-01,0,0,0,10.793
OCNMS,1984-12-01,0,0,0,9.32
OCNMS,1985-01-01,0,0,0,7.801
OCNMS,1985-02-01,0,0,0,7.855
OCNMS,1985-03-01,0,14,0,8.034
OCNMS,1985-04-01,0,10,0,9.185
OCNMS,1985-05-01,0,2,0,10.944
OCNMS,1985-06-01,0,12,0,12.163
OCNMS,1985-07-01,0,9,0,12.945
OCNMS,1985-08-01,0,0,0,13.845
OCNMS,1985-09-01,0,0,0,13.51
OCNMS,1985-10-01,0,0,0,11.772
OCNMS,1985-11-01,0,21,0,9.282
OCNMS,1985-12-01,0,31,0,7.35
OCNMS,1986-01-01,0,11,0,7.825
OCNMS,1986-02-01,0,0,0,8.204
OCNMS,1986-03-01,0,0,0,9.328
OCNMS,1986-04-01,0,0,0,9.671
OCNMS,1986-05-01,0,0,0,11.099
OCNMS,1986-06-01,0,0,0,12.791
OCNMS,1986-07-01,0,0,0,13.647
OCNMS,1986-08-01,0,0,0,13.305
OCNMS,1986-09-01,0,0,0,13.423
OCNMS,1986-10-01,0,0,0,12.587
OCNMS,1986-11-01,0,0,0,10.863
OCNMS,1986-12-01,0,0,0,9.477
OCNMS,1987-01-01,0,0,0,9.062
OCNMS,1987-02-01,0,0,0,8.991
OCNMS,1987-03-01,1,0,1,9.378
OCNMS,1987-04-01,4,0,1,10.149
OCNMS,1987-05-01,0,0,0,11.294
OCNMS,1987-06-01,0,0,0,12.198
OCNMS,1987-07-01,0,5,0,13.02
OCNMS,1987-08-01,0,14,0,13.058
OCNMS,1987-09-01,0,0,0,13.205
OCNMS,1987-10-01,7,0,1,12.858
OCNMS,1987-11-01,12,0,1,11.69
OCNMS,1987-12-01,0,0,0,9.753
OCNMS,1988-01-01,0,0,0,8.749
OCNMS,1988-02-01,0,0,0,8.291
OCNMS,1988-03-01,0,0,0,8.998
OCNMS,1988-04-01,0,0,0,9.666
OCNMS,1988-05-01,0,0,0,11.291
OCNMS,1988-06-01,0,0,0,12.417
OCNMS,1988-07-01,0,0,0,13.507
OCNMS,1988-08-01,0,0,0,13.201
OCNMS,1988-09-01,0,21,0,11.711
OCNMS,1988-10-01,0,0,0,12.195
OCNMS,1988-11-01,0,0,0,11.14
OCNMS,1988-12-01,0,0,0,9.321
OCNMS,1989-01-01,0,5,0,8.123
OCNMS,1989-02-01,0,27,0,6.712
OCNMS,1989-03-01,0,12,0,7.758
OCNMS,1989-04-01,2,5,1,9.845
OCNMS,1989-05-01,11,0,2,12.284
OCNMS,1989-06-01,0,0,0,13.136
OCNMS,1989-07-01,15,0,1,14.892
OCNMS,1989-08-01,2,0,1,14.602
OCNMS,1989-09-01,0,0,0,13.232
OCNMS,1989-10-01,0,0,0,12.458
OCNMS,1989-11-01,0,0,0,10.979
OCNMS,1989-12-01,0,0,0,9.318
OCNMS,1990-01-01,0,0,0,8.919
OCNMS,1990-02-01,0,9,0,7.777
OCNMS,1990-03-01,0,0,0,8.74
OCNMS,1990-04-01,0,0,0,10.044
OCNMS,1990-05-01,0,0,0,11.231
OCNMS,1990-06-01,0,0,0,13.32
OCNMS,1990-07-01,6,0,1,14.124
OCNMS,1990-08-01,8,0,2,15.263
OCNMS,1990-09-01,30,0,2,16.208
OCNMS,1990-10-01,3,0,1,12.405
OCNMS,1990-11-01,0,0,0,11.285
OCNMS,1990-12-01,0,5,0,9.232
OCNMS,1991-01-01,0,22,0,7.528
OCNMS,1991-02-01,0,0,0,7.985
OCNMS,1991-03-01,0,0,0,8.658
OCNMS,1991-04-01,0,0,0,9.483
OCNMS,1991-05-01,0,13,0,10.695
OCNMS,1991-06-01,0,15,0,11.884
OCNMS,1991-07-01,0,8,0,13.285
OCNMS,1991-08-01,0,0,0,14.025
OCNMS,1991-09-01,0,0,0,13.933
OCNMS,1991-10-01,0,7,0,11.751
OCNMS,1991-11-01,0,6,0,10.151
OCNMS,1991-12-01,0,5,0,9.09
OCNMS,1992-01-01,0,0,0,9.19
OCNMS,1992-02-01,14,0,1,9.671
OCNMS,1992-03-01,27,0,1,10.398
OCNMS,1992-04-01,14,0,1,10.963
OCNMS,1992-05-01,0,0,0,12.194
OCNMS,1992-06-01,0,0,0,13.006
OCNMS,1992-07-01,9,0,2,14.719
OCNMS,1992-08-01,0,0,0,14.028
OCNMS,1992-09-01,0,9,0,12.498
OCNMS,1992-10-01,0,0,0,12.463
OCNMS,1992-11-01,0,0,0,11.135
OCNMS,1992-12-01,0,0,0,9.193
OCNMS,1993-01-01,0,17,0,7.832
OCNMS,1993-02-01,0,5,0,8.25
OCNMS,1993-03-01,0,0,0,8.896
OCNMS,1993-04-01,0,0,0,10.114
OCNMS,1993-05-01,10,0,1,12.465
OCNMS,1993-06-01,19,0,2,14.601
OCNMS,1993-07-01,0,0,0,14.299
OCNMS,1993-08-01,0,0,0,14.388
OCNMS,1993-09-01,0,2,0,12.437
OCNMS,1993-10-01,0,7,0,11.804
OCNMS,1993-11-01,0,9,0,10.343
OCNMS,1993-12-01,0,0,0,9.101
OCNMS,1994-01-01,0,0,0,8.998
OCNMS,1994-02-01,0,0,0,8.618
OCNMS,1994-03-01,0,0,0,9.401
OCNMS,1994-04-01,0,0,0,10.044
OCNMS,1994-05-01,0,0,0,11.844
OCNMS,1994-06-01,0,0,0,13.566
OCNMS,1994-07-01,0,8,0,12.824
OCNMS,1994-08-01,23,0,2,15.957
OCNMS,1994-09-01,0,0,0,13.836
OCNMS,1994-10-01,0,0,0,11.614
OCNMS,1994-11-01,0,0,0,10.176
OCNMS,1994-12-01,0,0,0,9.19
OCNMS,1995-01-01,0,0,0,8.762
OCNMS,1995-02-01,0,0,0,9.369
OCNMS,1995-03-01,0,0,0,9.62
OCNMS,1995-04-01,7,0,1,10.735
OCNMS,1995-05-01,3,0,1,11.842
OCNMS,1995-06-01,0,0,0,12.811
OCNMS,1995-07-01,0,0,0,14.787
OCNMS,1995-08-01,4,5,1,14.262
OCNMS,1995-09-01,11,0,1,15.222
OCNMS,1995-10-01,15,0,1,13.467
OCNMS,1995-11-01,7,0,1,11.075
OCNMS,1995-12-01,20,0,1,10.329
OCNMS,1996-01-01,11,0,1,9.676
OCNMS,1996-02-01,0,0,0,8.989
OCNMS,1996-03-01,0,0,0,9.388
OCNMS,1996-04-01,0,0,0,10.181
OCNMS,1996-05-01,0,0,0,11.21
OCNMS,1996-06-01,0,0,0,12.631
OCNMS,1996-07-01,0,0,0,13.158
OCNMS,1996-08-01,0,8,0,13.179
OCNMS,1996-09-01,0,0,0,14.223
OCNMS,1996-10-01,0,0,0,12.262
OCNMS,1996-11-01,0,8,0,10.134
OCNMS,1996-12-01,0,0,0,9.242
OCNMS,1997-01-01,0,0,0,8.943
OCNMS,1997-02-01,0,0,0,8.495
OCNMS,1997-03-01,0,0,0,8.784
OCNMS,1997-04-01,0,0,0,9.864
OCNMS,1997-05-01,16,0,1,12.578
OCNMS,1997-06-01,26,0,2,14.754
OCNMS,1997-07-01,18,0,1,15.1
OCNMS,1997-08-01,12,0,2,15.917
OCNMS,1997-09-01,30,0,2,17.613
OCNMS,1997-10-01,26,0,2,14.183
OCNMS,1997-11-01,30,0,2,12.521
OCNMS,1997-12-01,31,0,2,11.064
OCNMS,1998-01-01,31,0,2,10.352
OCNMS,1998-02-01,28,0,2,10.885
OCNMS,1998-03-01,31,0,1,10.66
OCNMS,1998-04-01,7,0,1,10.7
OCNMS,1998-05-01,0,0,0,11.774
OCNMS,1998-06-01,5,6,1,13.142
OCNMS,1998-07-01,0,0,0,13.902
OCNMS,1998-08-01,0,0,0,14.919
OCNMS,1998-09-01,0,0,0,13.671
OCNMS,1998-10-01,0,0,0,12.706
OCNMS,1998-11-01,11,0,1,11.707
OCNMS,1998-12-01,2,0,1,9.851
OCNMS,1999-01-01,0,0,0,8.759
OCNMS,1999-02-01,0,0,0,8.698
OCNMS,1999-03-01,0,0,0,8.712
OCNMS,1999-04-01,0,0,0,9.234
OCNMS,1999-05-01,0,5,0,10.719
OCNMS,1999-06-01,0,9,0,12.145
OCNMS,1999-07-01,0,0,0,12.949
OCNMS,1999-08-01,0,0,0,14.115
OCNMS,1999-09-01,0,10,0,12.309
OCNMS,1999-10-01,0,11,0,11.089
OCNMS,1999-11-01,0,0,0,10.705
OCNMS,1999-12-01,0,0,0,9.848
OCNMS,2000-01-01,0,0,0,8.653
OCNMS,2000-02-01,0,0,0,8.466
OCNMS,2000-03-01,0,0,0,8.991
OCNMS,2000-04-01,0,0,0,9.629
OCNMS,2000-05-01,0,0,0,11.6
OCNMS,2000-06-01,0,0,0,12.666
OCNMS,2000-07-01,0,0,0,13.3
OCNMS,2000-08-01,0,0,0,13.631
OCNMS,2000-09-01,0,0,0,13.528
OCNMS,2000-10-01,0,0,0,12.189
OCNMS,2000-11-01,0,0,0,10.265
OCNMS,2000-12-01,0,0,0,9.123
OCNMS,2001-01-01,0,0,0,8.431
OCNMS,2001-02-01,0,0,0,8.375
OCNMS,2001-03-01,0,0,0,8.503
OCNMS,2001-04-01,0,11,0,9.084
OCNMS,2001-05-01,0,0,0,10.735
OCNMS,2001-06-01,0,0,0,12.483
OCNMS,2001-07-01,0,12,0,12.768
OCNMS,2001-08-01,0,0,0,13.827
OCNMS,2001-09-01,0,0,0,13.585
OCNMS,2001-10-01,0,0,0,11.616
OCNMS,2001-11-01,0,8,0,10.345
OCNMS,2001-12-01,0,0,0,9.391
OCNMS,2002-01-01,0,0,0,8.882
OCNMS,2002-02-01,0,0,0,8.333
OCNMS,2002-03-01,0,7,0,8.312
OCNMS,2002-04-01,0,17,0,8.854
OCNMS,2002-05-01,0,20,0,10.348
OCNMS,2002-06-01,0,0,0,12.784
OCNMS,2002-07-01,0,0,0,13.344
OCNMS,2002-08-01,0,15,0,12.794
OCNMS,2002-09-01,0,4,0,13.564
OCNMS,2002-10-01,0,31,0,10.636
OCNMS,2002-11-01,0,7,0,10.647
OCNMS,2002-12-01,2,0,1,10.222
OCNMS,2003-01-01,22,0,2,10.09
OCNMS,2003-02-01,5,0,1,9.289
OCNMS,2003-03-01,0,0,0,9.579
OCNMS,2003-04-01,0,0,0,10.073
OCNMS,2003-05-01,0,0,0,11.717
OCNMS,2003-06-01,0,0,0,13.133
OCNMS,2003-07-01,10,0,1,14.571
OCNMS,2003-08-01,6,0,1,14.339
OCNMS,2003-09-01,0,0,0,13.521
OCNMS,2003-10-01,0,0,0,12.945
OCNMS,2003-11-01,0,0,0,10.895
OCNMS,2003-12-01,0,0,0,9.906
OCNMS,2004-01-01,0,0,0,8.954
OCNMS,2004-02-01,0,0,0,8.903
OCNMS,2004-03-01,0,0,0,9.234
OCNMS,2004-04-01,7,0,2,10.895
OCNMS,2004-05-01,20,0,1,13
OCNMS,2004-06-01,12,0,1,14.182
OCNMS,2004-07-01,10,0,1,14.632
OCNMS,2004-08-01,12,0,1,15.507
OCNMS,2004-09-01,15,0,1,15.14
OCNMS,2004-10-01,0,0,0,13.121
OCNMS,2004-11-01,0,0,0,10.922
OCNMS,2004-12-01,0,0,0,9.537
OCNMS,2005-01-01,0,0,0,8.566
OCNMS,2005-02-01,0,0,0,8.827
OCNMS,2005-03-01,0,0,0,9.677
OCNMS,2005-04-01,6,0,1,10.591
OCNMS,2005-05-01,18,0,1,12.857
OCNMS,2005-06-01,8,0,1,14.187
OCNMS,2005-07-01,0,0,0,14.494
OCNMS,2005-08-01,0,0,0,13.641
OCNMS,2005-09-01,0,0,0,13.398
OCNMS,2005-10-01,13,0,1,13.318
OCNMS,2005-11-01,4,0,1,11.42
OCNMS,2005-12-01,0,0,0,9.58
OCNMS,2006-01-01,27,0,1,9.953
OCNMS,2006-02-01,13,0,1,9.132
OCNMS,2006-03-01,0,0,0,8.773
OCNMS,2006-04-01,0,0,0,10.24
OCNMS,2006-05-01,0,0,0,11.089
OCNMS,2006-06-01,6,5,1,13.469
OCNMS,2006-07-01,0,0,0,13.811
OCNMS,2006-08-01,0,11,0,12.791
OCNMS,2006-09-01,0,13,0,12.645
OCNMS,2006-10-01,0,8,0,11.352
OCNMS,2006-11-01,0,5,0,10.342
OCNMS,2006-12-01,0,0,0,9.384
OCNMS,2007-01-01,0,0,0,8.449
OCNMS,2007-02-01,0,0,0,8.276
OCNMS,2007-03-01,0,0,0,8.821
OCNMS,2007-04-01,0,5,0,9.578
OCNMS,2007-05-01,0,7,0,10.583
OCNMS,2007-06-01,0,3,0,12.603
OCNMS,2007-07-01,13,0,1,15.105
OCNMS,2007-08-01,6,0,1,15.109
OCNMS,2007-09-01,0,4,0,12.879
OCNMS,2007-10-01,0,3,0,11.594
OCNMS,2007-11-01,0,5,0,10.13
OCNMS,2007-12-01,0,0,0,8.915
OCNMS,2008-01-01,0,13,0,7.816
OCNMS,2008-02-01,0,15,0,7.561
OCNMS,2008-03-01,0,13,0,7.944
OCNMS,2008-04-01,0,24,0,8.791
OCNMS,2008-05-01,0,18,0,10.234
OCNMS,2008-06-01,0,20,0,11.462
OCNMS,2008-07-01,0,17,0,12.22
OCNMS,2008-08-01,0,0,0,13.9
OCNMS,2008-09-01,0,0,0,12.934
OCNMS,2008-10-01,0,0,0,11.522
OCNMS,2008-11-01,0,0,0,10.736
OCNMS,2008-12-01,0,11,0,9.133
OCNMS,2009-01-01,0,16,0,7.681
OCNMS,2009-02-01,0,24,0,7.362
OCNMS,2009-03-01,0,26,0,7.868
OCNMS,2009-04-01,0,25,0,8.761
OCNMS,2009-05-01,0,5,0,10.865
OCNMS,2009-06-01,0,6,0,13.358
OCNMS,2009-07-01,0,3,0,13.27
OCNMS,2009-08-01,0,0,0,14.127
OCNMS,2009-09-01,11,0,1,14.649
OCNMS,2009-10-01,0,0,0,11.871
OCNMS,2009-11-01,0,0,0,10.947
OCNMS,2009-12-01,0,10,0,8.786
OCNMS,2010-01-01,0,0,0,9.196
OCNMS,2010-02-01,11,0,1,9.626
OCNMS,2010-03-01,7,0,1,9.8
OCNMS,2010-04-01,0,0,0,10.02
OCNMS,2010-05-01,0,0,0,10.956
OCNMS,2010-06-01,0,6,0,12.55
OCNMS,2010-07-01,0,17,0,12.586
OCNMS,2010-08-01,0,2,0,13.338
OCNMS,2010-09-01,0,9,0,13.088
OCNMS,2010-10-01,0,0,0,13.122
OCNMS,2010-11-01,7,0,1,11.36
OCNMS,2010-12-01,0,0,0,9.501
OCNMS,2011-01-01,0,0,0,8.702
OCNMS,2011-02-01,0,0,0,8.203
OCNMS,2011-03-01,0,0,0,8.609
OCNMS,2011-04-01,0,0,0,9.305
OCNMS,2011-05-01,0,0,0,11.064
OCNMS,2011-06-01,0,0,0,13.364
OCNMS,2011-07-01,0,0,0,13.722
OCNMS,2011-08-01,0,0,0,14.072
OCNMS,2011-09-01,0,0,0,13.391
OCNMS,2011-10-01,6,0,1,13.352
OCNMS,2011-11-01,0,0,0,10.822
OCNMS,2011-12-01,0,18,0,8.71
OCNMS,2012-01-01,0,6,0,8.171
OCNMS,2012-02-01,0,0,0,8.079
OCNMS,2012-03-01,0,10,0,7.995
OCNMS,2012-04-01,0,0,0,9.496
OCNMS,2012-05-01,0,0,0,10.973
OCNMS,2012-06-01,0,0,0,12.507
OCNMS,2012-07-01,0,0,0,13.92
OCNMS,2012-08-01,0,0,0,14.39
OCNMS,2012-09-01,0,0,0,13.684
OCNMS,2012-10-01,0,13,0,11.214
OCNMS,2012-11-01,0,0,0,11.273
OCNMS,2012-12-01,0,0,0,10.117
OCNMS,2013-01-01,0,0,0,8.427
OCNMS,2013-02-01,0,0,0,8.084
OCNMS,2013-03-01,0,0,0,8.167
OCNMS,2013-04-01,0,0,0,9.641
OCNMS,2013-05-01,0,0,0,11.391
OCNMS,2013-06-01,2,0,2,13.66
OCNMS,2013-07-01,8,8,2,13.639
OCNMS,2013-08-01,2,0,1,14.4
OCNMS,2013-09-01,29,0,2,16.325
OCNMS,2013-10-01,0,0,0,12.953
OCNMS,2013-11-01,0,19,0,9.727
OCNMS,2013-12-01,0,31,0,8.081
OCNMS,2014-01-01,0,9,0,7.918
OCNMS,2014-02-01,0,11,0,7.742
OCNMS,2014-03-01,0,0,0,9.111
OCNMS,2014-04-01,2,0,1,10.488
OCNMS,2014-05-01,28,0,2,13.349
OCNMS,2014-06-01,3,0,1,13.06
OCNMS,2014-07-01,6,0,1,14.632
OCNMS,2014-08-01,0,0,0,14.083
OCNMS,2014-09-01,5,0,1,14.714
OCNMS,2014-10-01,31,0,2,15.128
OCNMS,2014-11-01,30,0,3,12.755
OCNMS,2014-12-01,28,0,3,11.545
OCNMS,2015-01-01,31,0,1,10.186
OCNMS,2015-02-01,28,0,2,10.576
OCNMS,2015-03-01,28,0,1,10.487
OCNMS,2015-04-01,17,0,2,11.139
OCNMS,2015-05-01,6,0,1,12.197
OCNMS,2015-06-01,0,0,0,12.927
OCNMS,2015-07-01,8,0,1,15.286
OCNMS,2015-08-01,6,0,1,15.407
OCNMS,2015-09-01,6,0,1,15.074
OCNMS,2015-10-01,22,0,2,14.213
OCNMS,2015-11-01,19,0,2,12.177
OCNMS,2015-12-01,20,0,2,10.504
OCNMS,2016-01-01,15,0,1,9.773
OCNMS,2016-02-01,29,0,1,10.213
OCNMS,2016-03-01,27,0,2,10.453
OCNMS,2016-04-01,30,0,2,11.761
OCNMS,2016-05-01,3,0,2,12.232
OCNMS,2016-06-01,0,0,0,13.8
OCNMS,2016-07-01,7,0,1,14.574
OCNMS,2016-08-01,0,0,0,13.84
OCNMS,2016-09-01,0,0,0,14.106
OCNMS,2016-10-01,4,0,1,12.924
OCNMS,2016-11-01,30,0,3,12.951
OCNMS,2016-12-01,13,0,2,10.363
OCNMS,2017-01-01,0,0,0,8.519
OCNMS,2017-02-01,0,0,0,8.789
OCNMS,2017-03-01,0,0,0,9.25
OCNMS,2017-04-01,0,0,0,10.368
OCNMS,2017-05-01,0,0,0,11.762
OCNMS,2017-06-01,0,0,0,13.375
OCNMS,2017-07-01,0,0,0,13.443
OCNMS,2017-08-01,0,0,0,13.494
OCNMS,2017-09-01,0,0,0,13.882
OCNMS,2017-10-01,0,0,0,12.27
OCNMS,2017-11-01,7,0,1,11.033
OCNMS,2017-12-01,2,0,1,9.854
OCNMS,2018-01-01,13,0,1,9.464
OCNMS,2018-02-01,8,0,1,8.776
OCNMS,2018-03-01,0,0,0,8.733
OCNMS,2018-04-01,0,0,0,10.019
OCNMS,2018-05-01,0,0,0,12.182
OCNMS,2018-06-01,0,0,0,13.403
OCNMS,2018-07-01,0,8,0,12.996
OCNMS,2018-08-01,0,6,0,13.116
OCNMS,2018-09-01,0,0,0,13.784
OCNMS,2018-10-01,0,0,0,12.785
OCNMS,2018-11-01,10,0,1,11.641
OCNMS,2018-12-01,19,0,1,10.304
OCNMS,2019-01-01,2,0,1,9.76
OCNMS,2019-02-01,0,0,0,8.713
OCNMS,2019-03-01,0,0,0,8.772
OCNMS,2019-04-01,6,0,1,10.586
OCNMS,2019-05-01,0,0,0,11.968
OCNMS,2019-06-01,0,7,0,12.56
OCNMS,2019-07-01,18,0,2,15.417
OCNMS,2019-08-01,0,0,0,14.923
OCNMS,2019-09-01,19,0,1,15.334
OCNMS,2019-10-01,0,0,0,12.413
OCNMS,2019-11-01,0,4,0,10.566
OCNMS,2019-12-01,0,2,0,9.304
OCNMS,2020-01-01,0,0,0,9.234
OCNMS,2020-02-01,0,0,0,8.646
OCNMS,2020-03-01,0,6,0,8.272
OCNMS,2020-04-01,0,0,0,9.853
OCNMS,2020-05-01,14,0,1,12.468
OCNMS,2020-06-01,0,0,0,13.135
OCNMS,2020-07-01,0,0,0,13.159
OCNMS,2020-08-01,0,0,0,14.155
OCNMS,2020-09-01,0,0,0,13.812
OCNMS,2020-10-01,0,0,0,12.966
OCNMS,2020-11-01,0,0,0,10.405
OCNMS,2020-12-01,0,0,0,9.249
OCNMS,2021-01-01,0,0,0,9.254
OCNMS,2021-02-01,0,0,0,8.338
OCNMS,2021-03-01,0,0,0,8.275
OCNMS,2021-04-01,0,11,0,9.296
OCNMS,2021-05-01,0,9,0,10.712
OCNMS,2021-06-01,6,0,1,13.386
OCNMS,2021-07-01,1,1,1,13.504
OCNMS,2021-08-01,0,10,0,13.277
OCNMS,2021-09-01,0,0,0,12.793
OCNMS,2021-10-01,0,0,0,12.351
OCNMS,2021-11-01,0,0,0,11.387
OCNMS,2021-12-01,0,0,0,9.806
OCNMS,2022-01-01,0,0,0,8.62
OCNMS,2022-02-01,0,0,0,7.938
OCNMS,2022-03-01,0,0,0,8.364
OCNMS,2022-04-01,0,14,0,8.986
OCNMS,2022-05-01,0,0,0,10.912
OCNMS,2022-06-01,0,0,0,12.412
OCNMS,2022-07-01,0,0,0,14.046
OCNMS,2022-08-01,0,0,0,14.439
OCNMS,2022-09-01,0,0,0,13.628
OCNMS,2022-10-01,0,0,0,12.764
OCNMS,2022-11-01,0,11,0,10.05
OCNMS,2022-12-01,0,14,0,8.749
OCNMS,2023-01-01,0,0,0,9.085
OCNMS,2023-02-01,0,2,0,8.245
OCNMS,2023-03-01,0,16,0,7.987
OCNMS,2023-04-01,0,11,0,9.004
OCNMS,2023-05-01,12,0,1,12.018
OCNMS,2023-06-01,0,19,0,11.704
OCNMS,2023-07-01,4,0,1,14.281
OCNMS,2023-08-01,14,0,1,14.668
OCNMS,2023-09-01,0,0,0,14.481
OCNMS,2023-10-01,26,0,1,14.03
OCNMS,2023-11-01,12,0,1,11.874
OCNMS,2023-12-01,11,0,1,10.37
OCNMS,2024-01-01,13,0,1,9.567
OCNMS,2024-02-01,28,0,1,9.949
OCNMS,2024-03-01,0,0,0,9.761
OCNMS,2024-04-01,0,0,0,10.116
OCNMS,2024-05-01,0,12,0,10.96
OCNMS,2024-06-01,0,0,0,12.251
OCNMS,2024-07-01,0,0,0,13.304
OCNMS,2024-08-01,0,0,0,14.277
OCNMS,2024-09-01,0,0,0,13.979
OCNMS,2024-10-01,0,0,0,12.482
OCNMS,2024-11-01,0,0,0,11.255
OCNMS,2024-12-01,13,0,1,10.182
OCNMS,2025-01-01,10,0,1,8.98
OCNMS,2025-02-01,0,8,0,7.841
OCNMS,2025-03-01,0,0,0,9.184
OCNMS,2025-04-01,0,0,0,10.127
OCNMS,2025-05-01,0,0,0,11.523
OCNMS,2025-06-01,0,0,0,12.147
OCNMS,2025-07-01,0,13,0,12.276
OCNMS,2025-08-01,0,0,0,14.61
OCNMS,2025-09-01,0,0,0,14.287
OCNMS,2025-10-01,0,0,0,12.978
OCNMS,2025-11-01,13,0,1,11.712
OCNMS,2025-12-01,25,0,2,10.869
OCNMS,2026-01-01,7,0,1,9.615
OCNMS,2026-02-01,9,0,1,9.663
OCNMS,2026-03-01,0,0,0,9.294
GFNMS,1982-01-01,0,0,0,11.604
GFNMS,1982-02-01,0,0,0,11.31
GFNMS,1982-03-01,0,0,0,11.679
GFNMS,1982-04-01,0,0,0,11.643
GFNMS,1982-05-01,0,8,0,10.153
GFNMS,1982-06-01,0,0,0,11.075
GFNMS,1982-07-01,0,2,0,11.974
GFNMS,1982-08-01,0,3,0,12.577
GFNMS,1982-09-01,0,5,0,13.207
GFNMS,1982-10-01,6,0,1,13.952
GFNMS,1982-11-01,30,0,2,14.623
GFNMS,1982-12-01,0,0,0,12.734
GFNMS,1983-01-01,10,0,1,12.545
GFNMS,1983-02-01,8,0,1,12.874
GFNMS,1983-03-01,20,0,1,13.125
GFNMS,1983-04-01,0,0,0,11.85
GFNMS,1983-05-01,11,0,1,11.955
GFNMS,1983-06-01,0,0,0,12.06
GFNMS,1983-07-01,0,0,0,13.291
GFNMS,1983-08-01,12,0,2,14.43
GFNMS,1983-09-01,19,0,2,15.392
GFNMS,1983-10-01,27,0,2,15.574
GFNMS,1983-11-01,28,0,1,14.795
GFNMS,1983-12-01,0,0,0,12.792
GFNMS,1984-01-01,0,0,0,12.04
GFNMS,1984-02-01,0,0,0,11.912
GFNMS,1984-03-01,0,0,0,11.668
GFNMS,1984-04-01,0,7,0,10.305
GFNMS,1984-05-01,0,1,0,10.511
GFNMS,1984-06-01,0,0,0,10.438
GFNMS,1984-07-01,0,0,0,12.536
GFNMS,1984-08-01,0,0,0,13.126
GFNMS,1984-09-01,0,0,0,13.895
GFNMS,1984-10-01,6,0,1,13.626
GFNMS,1984-11-01,0,0,0,13.029
GFNMS,1984-12-01,0,0,0,12.228
GFNMS,1985-01-01,0,0,0,11.68
GFNMS,1985-02-01,0,0,0,10.818
GFNMS,1985-03-01,0,17,0,10.054
GFNMS,1985-04-01,0,5,0,10.267
GFNMS,1985-05-01,0,1,0,10.436
GFNMS,1985-06-01,0,0,0,11.584
GFNMS,1985-07-01,0,0,0,12.617
GFNMS,1985-08-01,0,0,0,13.028
GFNMS,1985-09-01,0,0,0,14.186
GFNMS,1985-10-01,0,0,0,12.999
GFNMS,1985-11-01,0,30,0,11.204
GFNMS,1985-12-01,0,3,0,11.502
GFNMS,1986-01-01,0,0,0,11.998
GFNMS,1986-02-01,0,0,0,12.236
GFNMS,1986-03-01,5,0,1,12.72
GFNMS,1986-04-01,0,0,0,11.08
GFNMS,1986-05-01,0,0,0,10.567
GFNMS,1986-06-01,0,0,0,11.648
GFNMS,1986-07-01,0,0,0,11.806
GFNMS,1986-08-01,0,0,0,13.078
GFNMS,1986-09-01,0,0,0,13.889
GFNMS,1986-10-01,0,0,0,13.499
GFNMS,1986-11-01,0,0,0,12.936
GFNMS,1986-12-01,12,0,1,12.885
GFNMS,1987-01-01,0,0,0,12.228
GFNMS,1987-02-01,0,0,0,12.004
GFNMS,1987-03-01,0,0,0,11.393
GFNMS,1987-04-01,0,0,0,10.756
GFNMS,1987-05-01,0,0,0,11.341
GFNMS,1987-06-01,0,0,0,11.068
GFNMS,1987-07-01,0,0,0,12.334
GFNMS,1987-08-01,0,0,0,13.101
GFNMS,1987-09-01,0,0,0,14.025
GFNMS,1987-10-01,8,0,1,14.363
GFNMS,1987-11-01,7,0,1,13.822
GFNMS,1987-12-01,7,0,1,12.597
GFNMS,1988-01-01,0,0,0,11.509
GFNMS,1988-02-01,0,0,0,11.299
GFNMS,1988-03-01,0,0,0,10.995
GFNMS,1988-04-01,0,0,0,10.929
GFNMS,1988-05-01,0,0,0,10.988
GFNMS,1988-06-01,0,0,0,11.892
GFNMS,1988-07-01,0,0,0,11.382
GFNMS,1988-08-01,0,0,0,12.716
GFNMS,1988-09-01,0,7,0,12.461
GFNMS,1988-10-01,0,0,0,12.934
GFNMS,1988-11-01,0,0,0,12.799
GFNMS,1988-12-01,0,0,0,11.401
GFNMS,1989-01-01,0,21,0,10.672
GFNMS,1989-02-01,0,20,0,10.269
GFNMS,1989-03-01,0,6,0,10.947
GFNMS,1989-04-01,10,0,1,12
GFNMS,1989-05-01,7,0,1,11.368
GFNMS,1989-06-01,0,0,0,11.213
GFNMS,1989-07-01,0,0,0,11.369
GFNMS,1989-08-01,0,5,0,12.432
GFNMS,1989-09-01,5,0,1,14.135
GFNMS,1989-10-01,0,0,0,13.633
GFNMS,1989-11-01,0,0,0,13.323
GFNMS,1989-12-01,0,0,0,12.834
GFNMS,1990-01-01,0,0,0,11.874
GFNMS,1990-02-01,0,0,0,11.083
GFNMS,1990-03-01,0,0,0,10.702
GFNMS,1990-04-01,0,0,0,11.177
GFNMS,1990-05-01,2,0,1,11.144
GFNMS,1990-06-01,4,0,1,11.975
GFNMS,1990-07-01,5,0,1,12.98
GFNMS,1990-08-01,0,0,0,13.84
GFNMS,1990-09-01,6,0,1,14.964
GFNMS,1990-10-01,0,5,0,12.693
GFNMS,1990-11-01,0,7,0,12.08
GFNMS,1990-12-01,0,12,0,11.212
GFNMS,1991-01-01,0,9,0,10.833
GFNMS,1991-02-01,0,0,0,11.407
GFNMS,1991-03-01,0,0,0,11.415
GFNMS,1991-04-01,0,7,0,10.283
GFNMS,1991-05-01,0,22,0,9.506
GFNMS,1991-06-01,0,16,0,10.074
GFNMS,1991-07-01,0,0,0,11.692
GFNMS,1991-08-01,0,0,0,13.588
GFNMS,1991-09-01,0,0,0,13.267
GFNMS,1991-10-01,0,0,0,13.468
GFNMS,1991-11-01,0,3,0,11.827
GFNMS,1991-12-01,0,16,0,11.116
GFNMS,1992-01-01,0,0,0,12.142
GFNMS,1992-02-01,20,0,1,12.965
GFNMS,1992-03-01,27,0,1,13.346
GFNMS,1992-04-01,30,0,2,13.258
GFNMS,1992-05-01,10,0,1,12.456
GFNMS,1992-06-01,9,0,2,12.486
GFNMS,1992-07-01,22,0,2,13.909
GFNMS,1992-08-01,0,0,0,12.895
GFNMS,1992-09-01,0,0,0,14.03
GFNMS,1992-10-01,15,0,1,14.982
GFNMS,1992-11-01,7,0,2,13.949
GFNMS,1992-12-01,0,0,0,12.759
GFNMS,1993-01-01,0,0,0,12.142
GFNMS,1993-02-01,0,0,0,12.32
GFNMS,1993-03-01,0,0,0,12.452
GFNMS,1993-04-01,0,0,0,12.015
GFNMS,1993-05-01,12,0,2,12.396
GFNMS,1993-06-01,11,0,2,12.356
GFNMS,1993-07-01,0,5,0,11.357
GFNMS,1993-08-01,0,0,0,13.353
GFNMS,1993-09-01,0,0,0,13.093
GFNMS,1993-10-01,3,0,1,13.687
GFNMS,1993-11-01,2,0,1,13.551
GFNMS,1993-12-01,0,0,0,12.779
GFNMS,1994-01-01,0,0,0,12.528
GFNMS,1994-02-01,0,0,0,12.144
GFNMS,1994-03-01,0,0,0,12.296
GFNMS,1994-04-01,0,0,0,11.086
GFNMS,1994-05-01,0,0,0,10.85
GFNMS,1994-06-01,0,2,0,10.7
GFNMS,1994-07-01,0,23,0,10.565
GFNMS,1994-08-01,0,0,0,12.24
GFNMS,1994-09-01,0,0,0,13.771
GFNMS,1994-10-01,0,6,0,13.357
GFNMS,1994-11-01,0,0,0,11.832
GFNMS,1994-12-01,0,0,0,11.527
GFNMS,1995-01-01,0,0,0,11.86
GFNMS,1995-02-01,0,0,0,12.546
GFNMS,1995-03-01,5,0,1,12.806
GFNMS,1995-04-01,3,0,1,11.502
GFNMS,1995-05-01,0,0,0,11.337
GFNMS,1995-06-01,0,0,0,11.499
GFNMS,1995-07-01,18,0,2,13.813
GFNMS,1995-08-01,2,0,1,12.982
GFNMS,1995-09-01,0,0,0,13.886
GFNMS,1995-10-01,0,0,0,13.408
GFNMS,1995-11-01,0,0,0,13.166
GFNMS,1995-12-01,16,0,1,13.142
GFNMS,1996-01-01,15,0,1,12.692
GFNMS,1996-02-01,17,0,1,12.974
GFNMS,1996-03-01,13,0,1,12.489
GFNMS,1996-04-01,0,0,0,12.046
GFNMS,1996-05-01,0,0,0,10.932
GFNMS,1996-06-01,0,13,0,10.486
GFNMS,1996-07-01,0,0,0,11.994
GFNMS,1996-08-01,0,0,0,12.152
GFNMS,1996-09-01,0,0,0,12.927
GFNMS,1996-10-01,0,5,0,13.152
GFNMS,1996-11-01,0,0,0,12.424
GFNMS,1996-12-01,0,0,0,12.217
GFNMS,1997-01-01,0,0,0,12.176
GFNMS,1997-02-01,0,0,0,11.734
GFNMS,1997-03-01,0,9,0,10.486
GFNMS,1997-04-01,0,0,0,10.716
GFNMS,1997-05-01,16,0,2,12.993
GFNMS,1997-06-01,5,0,1,11.598
GFNMS,1997-07-01,0,0,0,12.425
GFNMS,1997-08-01,22,0,3,15.681
GFNMS,1997-09-01,30,0,2,15.965
GFNMS,1997-10-01,10,0,2,14.579
GFNMS,1997-11-01,30,0,3,15.813
GFNMS,1997-12-01,31,0,3,14.943
GFNMS,1998-01-01,31,0,2,13.557
GFNMS,1998-02-01,28,0,1,13.441
GFNMS,1998-03-01,2,0,1,12.728
GFNMS,1998-04-01,0,0,0,11.869
GFNMS,1998-05-01,8,0,1,12.603
GFNMS,1998-06-01,16,0,1,12.835
GFNMS,1998-07-01,0,0,0,12.523
GFNMS,1998-08-01,0,0,0,12.946
GFNMS,1998-09-01,0,0,0,13.672
GFNMS,1998-10-01,0,0,0,13.525
GFNMS,1998-11-01,0,0,0,12.779
GFNMS,1998-12-01,0,9,0,11.734
GFNMS,1999-01-01,0,9,0,10.768
GFNMS,1999-02-01,0,5,0,10.572
GFNMS,1999-03-01,0,0,0,10.67
GFNMS,1999-04-01,0,18,0,9.771
GFNMS,1999-05-01,0,25,0,9.266
GFNMS,1999-06-01,0,6,0,10.286
GFNMS,1999-07-01,0,8,0,11.688
GFNMS,1999-08-01,0,0,0,13.021
GFNMS,1999-09-01,0,6,0,12.558
GFNMS,1999-10-01,0,0,0,13.445
GFNMS,1999-11-01,0,0,0,13.018
GFNMS,1999-12-01,0,0,0,11.663
GFNMS,2000-01-01,0,0,0,11.186
GFNMS,2000-02-01,0,0,0,11.817
GFNMS,2000-03-01,0,0,0,10.961
GFNMS,2000-04-01,0,0,0,11.538
GFNMS,2000-05-01,0,0,0,11.458
GFNMS,2000-06-01,0,0,0,11.325
GFNMS,2000-07-01,0,0,0,12.045
GFNMS,2000-08-01,0,10,0,12.105
GFNMS,2000-09-01,6,0,1,14.294
GFNMS,2000-10-01,0,0,0,12.911
GFNMS,2000-11-01,0,6,0,12.278
GFNMS,2000-12-01,0,0,0,12.05
GFNMS,2001-01-01,0,0,0,11.662
GFNMS,2001-02-01,0,10,0,10.682
GFNMS,2001-03-01,0,0,0,11.21
GFNMS,2001-04-01,0,7,0,10.131
GFNMS,2001-05-01,0,0,0,10.693
GFNMS,2001-06-01,0,0,0,10.861
GFNMS,2001-07-01,0,0,0,11.796
GFNMS,2001-08-01,0,13,0,12.296
GFNMS,2001-09-01,0,9,0,12.693
GFNMS,2001-10-01,0,7,0,12.533
GFNMS,2001-11-01,0,5,0,12.472
GFNMS,2001-12-01,0,0,0,12.074
GFNMS,2002-01-01,0,9,0,11.196
GFNMS,2002-02-01,0,5,0,10.815
GFNMS,2002-03-01,0,0,0,10.985
GFNMS,2002-04-01,0,0,0,10.852
GFNMS,2002-05-01,0,0,0,10.472
GFNMS,2002-06-01,0,7,0,10.213
GFNMS,2002-07-01,0,0,0,11.577
GFNMS,2002-08-01,0,7,0,12.489
GFNMS,2002-09-01,0,0,0,13.352
GFNMS,2002-10-01,0,0,0,13.259
GFNMS,2002-11-01,0,0,0,13.036
GFNMS,2002-12-01,0,0,0,12.897
GFNMS,2003-01-01,13,0,1,12.772
GFNMS,2003-02-01,3,0,1,12.46
GFNMS,2003-03-01,0,0,0,11.81
GFNMS,2003-04-01,0,0,0,11.675
GFNMS,2003-05-01,0,0,0,10.897
GFNMS,2003-06-01,0,0,0,10.844
GFNMS,2003-07-01,0,0,0,11.355
GFNMS,2003-08-01,10,0,2,14.415
GFNMS,2003-09-01,0,0,0,14.4
GFNMS,2003-10-01,0,9,0,12.522
GFNMS,2003-11-01,0,5,0,12.514
GFNMS,2003-12-01,0,0,0,12.577
GFNMS,2004-01-01,0,0,0,12.153
GFNMS,2004-02-01,0,0,0,11.682
GFNMS,2004-03-01,0,0,0,11.628
GFNMS,2004-04-01,0,0,0,11.309
GFNMS,2004-05-01,0,0,0,11.751
GFNMS,2004-06-01,0,0,0,11.304
GFNMS,2004-07-01,0,0,0,13.064
GFNMS,2004-08-01,9,0,1,14.151
GFNMS,2004-09-01,0,5,0,13.27
GFNMS,2004-10-01,0,3,0,12.917
GFNMS,2004-11-01,0,0,0,13.401
GFNMS,2004-12-01,0,0,0,12.34
GFNMS,2005-01-01,0,0,0,12.285
GFNMS,2005-02-01,0,0,0,12.469
GFNMS,2005-03-01,28,0,1,13.191
GFNMS,2005-04-01,4,0,1,11.561
GFNMS,2005-05-01,23,0,1,13.393
GFNMS,2005-06-01,5,0,1,11.456
GFNMS,2005-07-01,0,0,0,12.274
GFNMS,2005-08-01,0,0,0,13.046
GFNMS,2005-09-01,0,0,0,13.024
GFNMS,2005-10-01,0,0,0,12.82
GFNMS,2005-11-01,0,0,0,13.113
GFNMS,2005-12-01,7,0,1,12.479
GFNMS,2006-01-01,7,0,1,12.556
GFNMS,2006-02-01,0,0,0,12.086
GFNMS,2006-03-01,0,0,0,11.48
GFNMS,2006-04-01,0,0,0,11.94
GFNMS,2006-05-01,0,0,0,11.265
GFNMS,2006-06-01,0,0,0,11.254
GFNMS,2006-07-01,10,0,1,12.509
GFNMS,2006-08-01,0,0,0,12.994
GFNMS,2006-09-01,0,10,0,12.573
GFNMS,2006-10-01,0,0,0,14.168
GFNMS,2006-11-01,0,0,0,13.543
GFNMS,2006-12-01,0,0,0,12.252
GFNMS,2007-01-01,0,10,0,10.975
GFNMS,2007-02-01,0,0,0,11.111
GFNMS,2007-03-01,0,5,0,10.766
GFNMS,2007-04-01,0,2,0,10.349
GFNMS,2007-05-01,0,0,0,10.276
GFNMS,2007-06-01,0,0,0,10.69
GFNMS,2007-07-01,10,0,1,12.275
GFNMS,2007-08-01,0,0,0,12.932
GFNMS,2007-09-01,0,0,0,13.711
GFNMS,2007-10-01,0,5,0,13.112
GFNMS,2007-11-01,0,1,0,12.404
GFNMS,2007-12-01,0,25,0,10.719
GFNMS,2008-01-01,0,15,0,10.651
GFNMS,2008-02-01,0,0,0,10.7
GFNMS,2008-03-01,0,16,0,10.161
GFNMS,2008-04-01,0,16,0,9.715
GFNMS,2008-05-01,0,19,0,9.783
GFNMS,2008-06-01,0,26,0,9.726
GFNMS,2008-07-01,0,0,0,12.086
GFNMS,2008-08-01,0,0,0,12.361
GFNMS,2008-09-01,0,0,0,14.175
GFNMS,2008-10-01,0,10,0,12.869
GFNMS,2008-11-01,0,0,0,12.911
GFNMS,2008-12-01,0,0,0,11.81
GFNMS,2009-01-01,0,7,0,10.889
GFNMS,2009-02-01,0,1,0,10.773
GFNMS,2009-03-01,0,7,0,10.575
GFNMS,2009-04-01,0,20,0,9.528
GFNMS,2009-05-01,0,15,0,9.756
GFNMS,2009-06-01,13,0,2,12.226
GFNMS,2009-07-01,0,7,0,11.277
GFNMS,2009-08-01,6,0,2,13.116
GFNMS,2009-09-01,0,0,0,13.468
GFNMS,2009-10-01,0,10,0,12.502
GFNMS,2009-11-01,0,4,0,12.05
GFNMS,2009-12-01,0,11,0,11.426
GFNMS,2010-01-01,0,0,0,12.254
GFNMS,2010-02-01,0,0,0,12.029
GFNMS,2010-03-01,0,0,0,11.931
GFNMS,2010-04-01,0,0,0,11.475
GFNMS,2010-05-01,0,0,0,10.41
GFNMS,2010-06-01,0,5,0,10.753
GFNMS,2010-07-01,0,6,0,11.353
GFNMS,2010-08-01,0,13,0,11.89
GFNMS,2010-09-01,0,10,0,12.649
GFNMS,2010-10-01,0,0,0,12.617
GFNMS,2010-11-01,0,8,0,12.296
GFNMS,2010-12-01,0,0,0,11.994
GFNMS,2011-01-01,0,0,0,11.259
GFNMS,2011-02-01,0,0,0,10.943
GFNMS,2011-03-01,0,0,0,11.158
GFNMS,2011-04-01,0,0,0,10.475
GFNMS,2011-05-01,0,0,0,10.386
GFNMS,2011-06-01,0,0,0,11.018
GFNMS,2011-07-01,0,0,0,11.674
GFNMS,2011-08-01,0,0,0,12.593
GFNMS,2011-09-01,0,0,0,13.191
GFNMS,2011-10-01,0,0,0,13.915
GFNMS,2011-11-01,0,0,0,12.139
GFNMS,2011-12-01,0,5,0,11.238
GFNMS,2012-01-01,0,0,0,10.989
GFNMS,2012-02-01,0,12,0,10.514
GFNMS,2012-03-01,0,24,0,9.899
GFNMS,2012-04-01,0,0,0,10.771
GFNMS,2012-05-01,0,0,0,10.124
GFNMS,2012-06-01,0,5,0,10.958
GFNMS,2012-07-01,0,6,0,11.313
GFNMS,2012-08-01,0,6,0,12.098
GFNMS,2012-09-01,0,7,0,12.694
GFNMS,2012-10-01,0,0,0,14.024
GFNMS,2012-11-01,8,0,1,13.86
GFNMS,2012-12-01,14,0,1,13.103
GFNMS,2013-01-01,0,0,0,11.231
GFNMS,2013-02-01,0,10,0,10.387
GFNMS,2013-03-01,0,25,0,9.951
GFNMS,2013-04-01,0,11,0,10.23
GFNMS,2013-05-01,0,0,0,10.808
GFNMS,2013-06-01,0,0,0,11.212
GFNMS,2013-07-01,0,0,0,12.138
GFNMS,2013-08-01,0,0,0,13.302
GFNMS,2013-09-01,0,0,0,13.946
GFNMS,2013-10-01,0,8,0,12.074
GFNMS,2013-11-01,0,0,0,12.4
GFNMS,2013-12-01,0,9,0,11.106
GFNMS,2014-01-01,0,0,0,11.448
GFNMS,2014-02-01,0,0,0,11.353
GFNMS,2014-03-01,0,0,0,12.094
GFNMS,2014-04-01,0,0,0,11.804
GFNMS,2014-05-01,0,0,0,11.166
GFNMS,2014-06-01,0,0,0,11.464
GFNMS,2014-07-01,12,0,2,13.413
GFNMS,2014-08-01,27,0,2,15.018
GFNMS,2014-09-01,30,0,3,16.694
GFNMS,2014-10-01,24,0,2,15.919
GFNMS,2014-11-01,30,0,3,15.63
GFNMS,2014-12-01,31,0,3,15.049
GFNMS,2015-01-01,31,0,2,13.473
GFNMS,2015-02-01,28,0,2,13.679
GFNMS,2015-03-01,6,0,1,12.856
GFNMS,2015-04-01,0,0,0,11.192
GFNMS,2015-05-01,0,0,0,11.105
GFNMS,2015-06-01,3,0,1,11.811
GFNMS,2015-07-01,31,0,3,14.745
GFNMS,2015-08-01,31,0,3,15.949
GFNMS,2015-09-01,3,0,1,14.661
GFNMS,2015-10-01,25,0,2,15.941
GFNMS,2015-11-01,3,0,1,13.521
GFNMS,2015-12-01,18,0,1,13.208
GFNMS,2016-01-01,21,0,1,12.987
GFNMS,2016-02-01,5,0,1,12.786
GFNMS,2016-03-01,21,0,1,12.893
GFNMS,2016-04-01,5,0,1,11.617
GFNMS,2016-05-01,0,0,0,11.735
GFNMS,2016-06-01,0,0,0,12.069
GFNMS,2016-07-01,0,0,0,11.661
GFNMS,2016-08-01,0,5,0,12.76
GFNMS,2016-09-01,0,0,0,13.191
GFNMS,2016-10-01,3,0,1,13.716
GFNMS,2016-11-01,28,0,2,14.697
GFNMS,2016-12-01,0,0,0,11.936
GFNMS,2017-01-01,0,0,0,11.592
GFNMS,2017-02-01,0,0,0,12.17
GFNMS,2017-03-01,0,0,0,12.206
GFNMS,2017-04-01,7,0,1,11.652
GFNMS,2017-05-01,0,0,0,10.512
GFNMS,2017-06-01,0,0,0,11.298
GFNMS,2017-07-01,0,5,0,11.344
GFNMS,2017-08-01,0,0,0,13.161
GFNMS,2017-09-01,11,0,1,15.062
GFNMS,2017-10-01,0,10,0,12.56
GFNMS,2017-11-01,14,0,2,13.955
GFNMS,2017-12-01,11,0,1,12.91
GFNMS,2018-01-01,5,0,1,12.637
GFNMS,2018-02-01,0,7,0,11.518
GFNMS,2018-03-01,0,2,0,11.218
GFNMS,2018-04-01,0,0,0,11.482
GFNMS,2018-05-01,0,0,0,11.014
GFNMS,2018-06-01,0,0,0,11.411
GFNMS,2018-07-01,5,0,1,12.621
GFNMS,2018-08-01,0,6,0,12.488
GFNMS,2018-09-01,0,0,0,12.835
GFNMS,2018-10-01,0,0,0,14.032
GFNMS,2018-11-01,9,0,1,13.061
GFNMS,2018-12-01,28,0,2,13.728
GFNMS,2019-01-01,10,0,1,12.648
GFNMS,2019-02-01,3,0,1,12.36
GFNMS,2019-03-01,4,0,1,12.323
GFNMS,2019-04-01,10,0,1,11.773
GFNMS,2019-05-01,0,0,0,12.097
GFNMS,2019-06-01,0,0,0,11.696
GFNMS,2019-07-01,0,0,0,11.925
GFNMS,2019-08-01,3,0,1,13.497
GFNMS,2019-09-01,2,0,1,13.982
GFNMS,2019-10-01,0,0,0,12.935
GFNMS,2019-11-01,0,4,0,12.428
GFNMS,2019-12-01,0,1,0,12.654
GFNMS,2020-01-01,0,0,0,12.126
GFNMS,2020-02-01,0,0,0,11.246
GFNMS,2020-03-01,0,0,0,11.698
GFNMS,2020-04-01,0,0,0,11.445
GFNMS,2020-05-01,6,0,1,11.758
GFNMS,2020-06-01,0,0,0,11.692
GFNMS,2020-07-01,0,5,0,10.964
GFNMS,2020-08-01,0,7,0,12.368
GFNMS,2020-09-01,0,2,0,13.969
GFNMS,2020-10-01,0,0,0,13.556
GFNMS,2020-11-01,0,8,0,12.052
GFNMS,2020-12-01,0,0,0,11.161
GFNMS,2021-01-01,0,0,0,11.22
GFNMS,2021-02-01,0,8,0,10.678
GFNMS,2021-03-01,0,24,0,9.971
GFNMS,2021-04-01,0,17,0,9.927
GFNMS,2021-05-01,0,0,0,9.778
GFNMS,2021-06-01,0,0,0,10.986
GFNMS,2021-07-01,0,2,0,11.423
GFNMS,2021-08-01,0,3,0,12.972
GFNMS,2021-09-01,0,0,0,13.716
GFNMS,2021-10-01,0,10,0,12.966
GFNMS,2021-11-01,0,0,0,13.888
GFNMS,2021-12-01,0,0,0,12.192
GFNMS,2022-01-01,0,0,0,11.744
GFNMS,2022-02-01,0,0,0,11.245
GFNMS,2022-03-01,0,0,0,10.537
GFNMS,2022-04-01,0,6,0,10.085
GFNMS,2022-05-01,0,9,0,9.82
GFNMS,2022-06-01,0,0,0,11.092
GFNMS,2022-07-01,0,0,0,11.806
GFNMS,2022-08-01,7,0,2,13.418
GFNMS,2022-09-01,0,0,0,14.082
GFNMS,2022-10-01,0,8,0,12.785
GFNMS,2022-11-01,0,0,0,12.194
GFNMS,2022-12-01,0,0,0,11.822
GFNMS,2023-01-01,0,0,0,11.929
GFNMS,2023-02-01,0,8,0,10.705
GFNMS,2023-03-01,0,14,0,10.111
GFNMS,2023-04-01,0,5,0,10.104
GFNMS,2023-05-01,0,0,0,11.251
GFNMS,2023-06-01,0,0,0,11.54
GFNMS,2023-07-01,0,0,0,11.733
GFNMS,2023-08-01,5,0,1,13.304
GFNMS,2023-09-01,0,0,0,14.123
GFNMS,2023-10-01,15,0,1,14.472
GFNMS,2023-11-01,27,0,1,14.193
GFNMS,2023-12-01,31,0,2,13.787
GFNMS,2024-01-01,15,0,2,12.972
GFNMS,2024-02-01,19,0,1,12.999
GFNMS,2024-03-01,0,0,0,12.436
GFNMS,2024-04-01,0,0,0,11.471
GFNMS,2024-05-01,0,0,0,10.433
GFNMS,2024-06-01,0,6,0,10.218
GFNMS,2024-07-01,0,0,0,12.323
GFNMS,2024-08-01,0,0,0,12.824
GFNMS,2024-09-01,0,0,0,13.451
GFNMS,2024-10-01,0,0,0,13.434
GFNMS,2024-11-01,0,0,0,12.836
GFNMS,2024-12-01,0,0,0,12.576
GFNMS,2025-01-01,0,0,0,11.741
GFNMS,2025-02-01,0,0,0,11.449
GFNMS,2025-03-01,0,0,0,11.21
GFNMS,2025-04-01,0,0,0,11.082
GFNMS,2025-05-01,0,0,0,10.502
GFNMS,2025-06-01,0,0,0,10.778
GFNMS,2025-07-01,0,6,0,11.287
GFNMS,2025-08-01,0,0,0,13.215
GFNMS,2025-09-01,8,0,1,14.901
GFNMS,2025-10-01,18,0,1,14.997
GFNMS,2025-11-01,0,0,0,13.712
GFNMS,2025-12-01,16,0,1,13.272
GFNMS,2026-01-01,31,0,1,13.112
GFNMS,2026-02-01,28,0,2,13.383
GFNMS,2026-03-01,4,0,2,11.976
CBNMS,1982-01-01,0,0,0,11.821
CBNMS,1982-02-01,0,0,0,11.65
CBNMS,1982-03-01,0,0,0,11.805
CBNMS,1982-04-01,0,0,0,11.713
CBNMS,1982-05-01,0,0,0,10.443
CBNMS,1982-06-01,3,0,1,11.432
CBNMS,1982-07-01,4,0,1,12.151
CBNMS,1982-08-01,0,0,0,12.753
CBNMS,1982-09-01,0,7,0,13.255
CBNMS,1982-10-01,7,0,1,14.284
CBNMS,1982-11-01,30,0,1,14.8
CBNMS,1982-12-01,0,0,0,12.886
CBNMS,1983-01-01,17,0,1,12.909
CBNMS,1983-02-01,20,0,1,13.194
CBNMS,1983-03-01,8,0,1,13.108
CBNMS,1983-04-01,0,0,0,12.188
CBNMS,1983-05-01,7,0,1,12.044
CBNMS,1983-06-01,0,0,0,11.93
CBNMS,1983-07-01,0,0,0,13.31
CBNMS,1983-08-01,13,0,2,15.137
CBNMS,1983-09-01,20,0,1,15.835
CBNMS,1983-10-01,24,0,2,15.999
CBNMS,1983-11-01,28,0,1,15.202
CBNMS,1983-12-01,0,0,0,12.827
CBNMS,1984-01-01,0,0,0,12.194
CBNMS,1984-02-01,0,0,0,12.168
CBNMS,1984-03-01,0,0,0,11.958
CBNMS,1984-04-01,0,0,0,10.878
CBNMS,1984-05-01,0,0,0,10.713
CBNMS,1984-06-01,0,0,0,10.37
CBNMS,1984-07-01,0,0,0,12.698
CBNMS,1984-08-01,0,0,0,13.566
CBNMS,1984-09-01,0,0,0,14.017
CBNMS,1984-10-01,6,0,1,14.063
CBNMS,1984-11-01,0,0,0,13.152
CBNMS,1984-12-01,0,0,0,12.427
CBNMS,1985-01-01,0,0,0,11.845
CBNMS,1985-02-01,0,6,0,10.724
CBNMS,1985-03-01,0,31,0,10.005
CBNMS,1985-04-01,0,6,0,10.285
CBNMS,1985-05-01,0,1,0,10.507
CBNMS,1985-06-01,0,0,0,11.47
CBNMS,1985-07-01,0,0,0,12.609
CBNMS,1985-08-01,0,0,0,13.336
CBNMS,1985-09-01,0,0,0,14.43
CBNMS,1985-10-01,0,7,0,12.88
CBNMS,1985-11-01,0,30,0,11.165
CBNMS,1985-12-01,0,3,0,11.378
CBNMS,1986-01-01,0,0,0,12.094
CBNMS,1986-02-01,0,0,0,12.453
CBNMS,1986-03-01,5,0,1,12.83
CBNMS,1986-04-01,0,0,0,11.316
CBNMS,1986-05-01,0,0,0,10.857
CBNMS,1986-06-01,0,0,0,11.778
CBNMS,1986-07-01,0,0,0,11.871
CBNMS,1986-08-01,0,1,0,13.037
CBNMS,1986-09-01,0,5,0,13.72
CBNMS,1986-10-01,0,0,0,13.702
CBNMS,1986-11-01,0,0,0,13.02
CBNMS,1986-12-01,11,0,1,13.055
CBNMS,1987-01-01,0,0,0,12.302
CBNMS,1987-02-01,0,0,0,12.25
CBNMS,1987-03-01,0,0,0,11.704
CBNMS,1987-04-01,0,0,0,11.025
CBNMS,1987-05-01,0,0,0,11.21
CBNMS,1987-06-01,0,0,0,11.051
CBNMS,1987-07-01,0,0,0,12.264
CBNMS,1987-08-01,0,0,0,13.559
CBNMS,1987-09-01,0,0,0,14.39
CBNMS,1987-10-01,0,0,0,14.676
CBNMS,1987-11-01,0,0,0,13.882
CBNMS,1987-12-01,5,0,1,12.68
CBNMS,1988-01-01,0,0,0,11.553
CBNMS,1988-02-01,0,0,0,11.443
CBNMS,1988-03-01,0,0,0,11.13
CBNMS,1988-04-01,0,0,0,11.186
CBNMS,1988-05-01,0,0,0,11.549
CBNMS,1988-06-01,0,0,0,12
CBNMS,1988-07-01,0,0,0,11.658
CBNMS,1988-08-01,0,0,0,12.606
CBNMS,1988-09-01,0,8,0,12.316
CBNMS,1988-10-01,0,0,0,13.194
CBNMS,1988-11-01,0,0,0,13.032
CBNMS,1988-12-01,0,0,0,11.667
CBNMS,1989-01-01,0,18,0,10.75
CBNMS,1989-02-01,0,21,0,10.253
CBNMS,1989-03-01,0,6,0,11.121
CBNMS,1989-04-01,1,0,1,12.161
CBNMS,1989-05-01,6,0,1,11.632
CBNMS,1989-06-01,0,0,0,11.022
CBNMS,1989-07-01,0,14,0,11.06
CBNMS,1989-08-01,0,0,0,12.662
CBNMS,1989-09-01,7,0,1,14.497
CBNMS,1989-10-01,0,0,0,14.106
CBNMS,1989-11-01,0,0,0,13.421
CBNMS,1989-12-01,6,0,1,13.108
CBNMS,1990-01-01,0,0,0,11.954
CBNMS,1990-02-01,0,5,0,11.214
CBNMS,1990-03-01,0,6,0,10.712
CBNMS,1990-04-01,0,0,0,11.25
CBNMS,1990-05-01,0,0,0,11.145
CBNMS,1990-06-01,0,0,0,11.966
CBNMS,1990-07-01,0,0,0,12.999
CBNMS,1990-08-01,0,0,0,13.994
CBNMS,1990-09-01,5,0,1,14.936
CBNMS,1990-10-01,0,0,0,12.813
CBNMS,1990-11-01,0,5,0,12.142
CBNMS,1990-12-01,0,12,0,11.202
CBNMS,1991-01-01,0,10,0,10.75
CBNMS,1991-02-01,0,0,0,11.502
CBNMS,1991-03-01,0,0,0,11.445
CBNMS,1991-04-01,0,0,0,10.692
CBNMS,1991-05-01,0,14,0,9.712
CBNMS,1991-06-01,0,9,0,10.227
CBNMS,1991-07-01,0,0,0,11.954
CBNMS,1991-08-01,0,0,0,13.78
CBNMS,1991-09-01,0,0,0,13.444
CBNMS,1991-10-01,0,0,0,13.951
CBNMS,1991-11-01,0,2,0,12.168
CBNMS,1991-12-01,0,16,0,11.471
CBNMS,1992-01-01,0,0,0,12.386
CBNMS,1992-02-01,16,0,1,13.103
CBNMS,1992-03-01,31,0,1,13.567
CBNMS,1992-04-01,30,0,2,13.779
CBNMS,1992-05-01,12,0,1,13.042
CBNMS,1992-06-01,4,0,2,12.685
CBNMS,1992-07-01,14,0,2,13.86
CBNMS,1992-08-01,0,0,0,13.416
CBNMS,1992-09-01,0,0,0,14.514
CBNMS,1992-10-01,24,0,1,15.502
CBNMS,1992-11-01,7,0,2,14.139
CBNMS,1992-12-01,0,0,0,12.847
CBNMS,1993-01-01,0,0,0,12.302
CBNMS,1993-02-01,0,0,0,12.505
CBNMS,1993-03-01,0,0,0,12.569
CBNMS,1993-04-01,10,0,1,12.756
CBNMS,1993-05-01,13,0,2,12.892
CBNMS,1993-06-01,12,0,2,12.734
CBNMS,1993-07-01,0,5,0,11.352
CBNMS,1993-08-01,0,0,0,13.165
CBNMS,1993-09-01,0,0,0,13.446
CBNMS,1993-10-01,3,0,1,13.967
CBNMS,1993-11-01,4,0,1,14.038
CBNMS,1993-12-01,0,0,0,13.078
CBNMS,1994-01-01,0,0,0,12.708
CBNMS,1994-02-01,0,0,0,12.308
CBNMS,1994-03-01,0,0,0,12.467
CBNMS,1994-04-01,0,0,0,11.346
CBNMS,1994-05-01,0,0,0,11.106
CBNMS,1994-06-01,0,0,0,10.842
CBNMS,1994-07-01,0,15,0,10.844
CBNMS,1994-08-01,0,0,0,12.274
CBNMS,1994-09-01,0,0,0,13.726
CBNMS,1994-10-01,6,0,1,13.873
CBNMS,1994-11-01,0,0,0,12.175
CBNMS,1994-12-01,0,0,0,11.772
CBNMS,1995-01-01,0,0,0,12.11
CBNMS,1995-02-01,0,0,0,12.649
CBNMS,1995-03-01,0,0,0,12.931
CBNMS,1995-04-01,0,0,0,11.673
CBNMS,1995-05-01,0,0,0,11.627
CBNMS,1995-06-01,0,0,0,11.546
CBNMS,1995-07-01,16,0,2,14.037
CBNMS,1995-08-01,0,0,0,12.937
CBNMS,1995-09-01,0,0,0,14.018
CBNMS,1995-10-01,0,0,0,13.241
CBNMS,1995-11-01,0,0,0,13.27
CBNMS,1995-12-01,7,0,1,13.207
CBNMS,1996-01-01,23,0,2,13.402
CBNMS,1996-02-01,15,0,1,13.349
CBNMS,1996-03-01,12,0,1,12.978
CBNMS,1996-04-01,5,0,1,12.758
CBNMS,1996-05-01,0,0,0,11.216
CBNMS,1996-06-01,0,12,0,10.296
CBNMS,1996-07-01,0,0,0,11.8
CBNMS,1996-08-01,0,10,0,12.018
CBNMS,1996-09-01,0,5,0,12.848
CBNMS,1996-10-01,0,0,0,13.31
CBNMS,1996-11-01,0,0,0,12.567
CBNMS,1996-12-01,0,0,0,12.254
CBNMS,1997-01-01,0,0,0,12.343
CBNMS,1997-02-01,0,0,0,12.153
CBNMS,1997-03-01,0,5,0,11.022
CBNMS,1997-04-01,0,5,0,10.834
CBNMS,1997-05-01,18,0,2,13.597
CBNMS,1997-06-01,4,0,1,11.659
CBNMS,1997-07-01,0,0,0,12.621
CBNMS,1997-08-01,22,0,3,16.016
CBNMS,1997-09-01,26,0,2,16.461
CBNMS,1997-10-01,11,0,1,15.023
CBNMS,1997-11-01,30,0,3,15.976
CBNMS,1997-12-01,31,0,3,15.084
CBNMS,1998-01-01,31,0,2,13.845
CBNMS,1998-02-01,28,0,1,13.544
CBNMS,1998-03-01,2,0,1,12.919
CBNMS,1998-04-01,0,0,0,12.236
CBNMS,1998-05-01,2,0,1,12.821
CBNMS,1998-06-01,15,0,1,12.951
CBNMS,1998-07-01,5,0,1,12.448
CBNMS,1998-08-01,2,0,1,13.335
CBNMS,1998-09-01,0,0,0,13.825
CBNMS,1998-10-01,0,0,0,13.393
CBNMS,1998-11-01,0,0,0,12.837
CBNMS,1998-12-01,0,8,0,11.859
CBNMS,1999-01-01,0,8,0,11.064
CBNMS,1999-02-01,0,0,0,10.764
CBNMS,1999-03-01,0,0,0,10.77
CBNMS,1999-04-01,0,10,0,10.151
CBNMS,1999-05-01,0,19,0,9.671
CBNMS,1999-06-01,0,0,0,10.309
CBNMS,1999-07-01,0,6,0,11.672
CBNMS,1999-08-01,0,0,0,13.207
CBNMS,1999-09-01,0,11,0,12.348
CBNMS,1999-10-01,0,0,0,13.614
CBNMS,1999-11-01,0,0,0,13.157
CBNMS,1999-12-01,0,0,0,12.021
CBNMS,2000-01-01,0,0,0,11.598
CBNMS,2000-02-01,0,0,0,11.976
CBNMS,2000-03-01,0,0,0,11.405
CBNMS,2000-04-01,0,0,0,11.891
CBNMS,2000-05-01,0,0,0,11.964
CBNMS,2000-06-01,0,0,0,11.731
CBNMS,2000-07-01,0,2,0,12.072
CBNMS,2000-08-01,0,4,0,12.23
CBNMS,2000-09-01,9,0,1,14.886
CBNMS,2000-10-01,0,0,0,13.21
CBNMS,2000-11-01,0,8,0,12.112
CBNMS,2000-12-01,0,0,0,12.166
CBNMS,2001-01-01,0,0,0,11.739
CBNMS,2001-02-01,0,0,0,10.93
CBNMS,2001-03-01,0,0,0,11.472
CBNMS,2001-04-01,0,10,0,10.421
CBNMS,2001-05-01,0,0,0,10.823
CBNMS,2001-06-01,0,0,0,10.715
CBNMS,2001-07-01,0,0,0,11.689
CBNMS,2001-08-01,0,0,0,12.644
CBNMS,2001-09-01,0,14,0,12.548
CBNMS,2001-10-01,0,19,0,12.136
CBNMS,2001-11-01,0,7,0,12.629
CBNMS,2001-12-01,0,0,0,12.08
CBNMS,2002-01-01,0,9,0,11.168
CBNMS,2002-02-01,0,7,0,10.899
CBNMS,2002-03-01,0,0,0,11.132
CBNMS,2002-04-01,0,0,0,11.089
CBNMS,2002-05-01,0,0,0,10.83
CBNMS,2002-06-01,0,15,0,9.908
CBNMS,2002-07-01,0,0,0,11.489
CBNMS,2002-08-01,0,9,0,12.45
CBNMS,2002-09-01,0,0,0,13.973
CBNMS,2002-10-01,0,0,0,13.559
CBNMS,2002-11-01,0,0,0,13.208
CBNMS,2002-12-01,0,0,0,13.212
CBNMS,2003-01-01,18,0,1,12.969
CBNMS,2003-02-01,4,0,1,12.806
CBNMS,2003-03-01,0,0,0,12.236
CBNMS,2003-04-01,0,0,0,12.01
CBNMS,2003-05-01,0,7,0,10.952
CBNMS,2003-06-01,0,0,0,11.029
CBNMS,2003-07-01,0,11,0,11.028
CBNMS,2003-08-01,18,0,2,15.009
CBNMS,2003-09-01,0,0,0,14.546
CBNMS,2003-10-01,0,11,0,12.376
CBNMS,2003-11-01,0,0,0,12.511
CBNMS,2003-12-01,0,0,0,12.732
CBNMS,2004-01-01,0,0,0,12.35
CBNMS,2004-02-01,0,0,0,11.809
CBNMS,2004-03-01,0,0,0,11.727
CBNMS,2004-04-01,0,0,0,11.375
CBNMS,2004-05-01,0,0,0,12.325
CBNMS,2004-06-01,0,0,0,12.1
CBNMS,2004-07-01,8,0,1,13.218
CBNMS,2004-08-01,8,0,1,14.456
CBNMS,2004-09-01,0,5,0,13.588
CBNMS,2004-10-01,0,3,0,13.741
CBNMS,2004-11-01,0,0,0,13.498
CBNMS,2004-12-01,0,0,0,12.355
CBNMS,2005-01-01,0,0,0,12.272
CBNMS,2005-02-01,0,0,0,12.618
CBNMS,2005-03-01,16,0,1,13.201
CBNMS,2005-04-01,5,0,1,12.075
CBNMS,2005-05-01,22,0,1,13.358
CBNMS,2005-06-01,5,0,2,11.753
CBNMS,2005-07-01,0,0,0,12.495
CBNMS,2005-08-01,0,0,0,13.306
CBNMS,2005-09-01,0,0,0,13.171
CBNMS,2005-10-01,0,5,0,13.271
CBNMS,2005-11-01,0,0,0,13.21
CBNMS,2005-12-01,5,0,1,12.853
CBNMS,2006-01-01,2,0,1,12.716
CBNMS,2006-02-01,0,0,0,12.555
CBNMS,2006-03-01,0,0,0,11.665
CBNMS,2006-04-01,0,0,0,11.892
CBNMS,2006-05-01,0,0,0,11.223
CBNMS,2006-06-01,0,0,0,11.696
CBNMS,2006-07-01,0,0,0,12.32
CBNMS,2006-08-01,0,0,0,12.866
CBNMS,2006-09-01,0,7,0,12.595
CBNMS,2006-10-01,0,0,0,14.382
CBNMS,2006-11-01,0,0,0,13.938
CBNMS,2006-12-01,0,0,0,12.524
CBNMS,2007-01-01,0,7,0,11.059
CBNMS,2007-02-01,0,0,0,11.308
CBNMS,2007-03-01,0,0,0,11.068
CBNMS,2007-04-01,0,0,0,10.559
CBNMS,2007-05-01,0,0,0,10.642
CBNMS,2007-06-01,0,0,0,10.467
CBNMS,2007-07-01,10,0,1,12.496
CBNMS,2007-08-01,0,0,0,12.84
CBNMS,2007-09-01,0,0,0,13.954
CBNMS,2007-10-01,0,0,0,12.974
CBNMS,2007-11-01,0,0,0,12.564
CBNMS,2007-12-01,0,20,0,11.007
CBNMS,2008-01-01,0,17,0,10.766
CBNMS,2008-02-01,0,0,0,10.833
CBNMS,2008-03-01,0,0,0,10.544
CBNMS,2008-04-01,0,20,0,9.999
CBNMS,2008-05-01,0,9,0,10.076
CBNMS,2008-06-01,0,15,0,9.885
CBNMS,2008-07-01,0,0,0,12.328
CBNMS,2008-08-01,0,0,0,12.804
CBNMS,2008-09-01,0,0,0,14.326
CBNMS,2008-10-01,0,11,0,13.122
CBNMS,2008-11-01,0,0,0,13.135
CBNMS,2008-12-01,0,0,0,12.156
CBNMS,2009-01-01,0,7,0,11.148
CBNMS,2009-02-01,0,13,0,10.646
CBNMS,2009-03-01,0,3,0,10.817
CBNMS,2009-04-01,0,12,0,10.204
CBNMS,2009-05-01,0,17,0,9.837
CBNMS,2009-06-01,13,0,1,12.288
CBNMS,2009-07-01,0,5,0,11.414
CBNMS,2009-08-01,6,0,1,13.84
CBNMS,2009-09-01,0,0,0,14.309
CBNMS,2009-10-01,0,15,0,12.565
CBNMS,2009-11-01,0,5,0,12.293
CBNMS,2009-12-01,0,11,0,11.473
CBNMS,2010-01-01,0,0,0,12.141
CBNMS,2010-02-01,0,0,0,12.001
CBNMS,2010-03-01,0,0,0,12.172
CBNMS,2010-04-01,0,0,0,11.629
CBNMS,2010-05-01,0,0,0,10.785
CBNMS,2010-06-01,0,1,0,11.227
CBNMS,2010-07-01,0,11,0,10.997
CBNMS,2010-08-01,0,10,0,12.031
CBNMS,2010-09-01,0,9,0,12.722
CBNMS,2010-10-01,0,0,0,12.99
CBNMS,2010-11-01,0,8,0,12.284
CBNMS,2010-12-01,0,2,0,12.226
CBNMS,2011-01-01,0,0,0,11.341
CBNMS,2011-02-01,0,0,0,10.998
CBNMS,2011-03-01,0,0,0,11.117
CBNMS,2011-04-01,0,0,0,10.679
CBNMS,2011-05-01,0,0,0,10.717
CBNMS,2011-06-01,0,0,0,11.254
CBNMS,2011-07-01,0,0,0,11.672
CBNMS,2011-08-01,0,0,0,12.402
CBNMS,2011-09-01,0,0,0,12.986
CBNMS,2011-10-01,0,0,0,14.137
CBNMS,2011-11-01,0,6,0,11.923
CBNMS,2011-12-01,0,13,0,11.303
CBNMS,2012-01-01,0,0,0,11.093
CBNMS,2012-02-01,0,8,0,10.781
CBNMS,2012-03-01,0,27,0,9.901
CBNMS,2012-04-01,0,1,0,10.894
CBNMS,2012-05-01,0,10,0,10.229
CBNMS,2012-06-01,0,8,0,10.949
CBNMS,2012-07-01,0,6,0,11.288
CBNMS,2012-08-01,0,6,0,12.049
CBNMS,2012-09-01,0,8,0,12.553
CBNMS,2012-10-01,0,0,0,14.278
CBNMS,2012-11-01,10,0,1,14.013
CBNMS,2012-12-01,14,0,1,13.233
CBNMS,2013-01-01,0,0,0,11.496
CBNMS,2013-02-01,0,8,0,10.716
CBNMS,2013-03-01,0,25,0,10.105
CBNMS,2013-04-01,0,16,0,10.199
CBNMS,2013-05-01,0,2,0,10.946
CBNMS,2013-06-01,0,0,0,11.593
CBNMS,2013-07-01,0,0,0,11.729
CBNMS,2013-08-01,0,0,0,12.965
CBNMS,2013-09-01,0,0,0,14.164
CBNMS,2013-10-01,0,19,0,11.897
CBNMS,2013-11-01,0,9,0,12.147
CBNMS,2013-12-01,0,14,0,11.375
CBNMS,2014-01-01,0,0,0,11.464
CBNMS,2014-02-01,0,0,0,11.347
CBNMS,2014-03-01,0,0,0,12.272
CBNMS,2014-04-01,0,0,0,11.519
CBNMS,2014-05-01,0,0,0,11.308
CBNMS,2014-06-01,0,0,0,11.245
CBNMS,2014-07-01,12,0,2,13.188
CBNMS,2014-08-01,27,0,2,15.478
CBNMS,2014-09-01,30,0,2,17.192
CBNMS,2014-10-01,31,0,2,16.688
CBNMS,2014-11-01,30,0,3,15.985
CBNMS,2014-12-01,31,0,3,15.412
CBNMS,2015-01-01,31,0,1,13.597
CBNMS,2015-02-01,28,0,1,13.803
CBNMS,2015-03-01,31,0,1,13.587
CBNMS,2015-04-01,7,0,1,12.243
CBNMS,2015-05-01,0,0,0,11.018
CBNMS,2015-06-01,0,0,0,11.937
CBNMS,2015-07-01,29,0,3,15.182
CBNMS,2015-08-01,31,0,2,16.204
CBNMS,2015-09-01,8,0,1,15.217
CBNMS,2015-10-01,31,0,2,16.7
CBNMS,2015-11-01,3,0,1,13.941
CBNMS,2015-12-01,29,0,1,13.736
CBNMS,2016-01-01,26,0,1,13.216
CBNMS,2016-02-01,3,0,1,12.857
CBNMS,2016-03-01,12,0,1,13.059
CBNMS,2016-04-01,5,0,1,12.497
CBNMS,2016-05-01,0,0,0,12.14
CBNMS,2016-06-01,0,0,0,11.865
CBNMS,2016-07-01,0,0,0,12.011
CBNMS,2016-08-01,0,0,0,13.747
CBNMS,2016-09-01,0,0,0,13.563
CBNMS,2016-10-01,0,0,0,14.168
CBNMS,2016-11-01,27,0,1,14.967
CBNMS,2016-12-01,0,0,0,12.072
CBNMS,2017-01-01,0,0,0,11.895
CBNMS,2017-02-01,0,0,0,12.56
CBNMS,2017-03-01,0,0,0,12.407
CBNMS,2017-04-01,0,0,0,12.116
CBNMS,2017-05-01,0,0,0,10.868
CBNMS,2017-06-01,0,0,0,11.399
CBNMS,2017-07-01,0,0,0,11.677
CBNMS,2017-08-01,0,0,0,13.637
CBNMS,2017-09-01,16,0,1,15.571
CBNMS,2017-10-01,0,5,0,12.746
CBNMS,2017-11-01,22,0,2,14.769
CBNMS,2017-12-01,18,0,2,13.52
CBNMS,2018-01-01,17,0,1,13.073
CBNMS,2018-02-01,0,0,0,11.767
CBNMS,2018-03-01,0,0,0,11.529
CBNMS,2018-04-01,0,0,0,11.656
CBNMS,2018-05-01,0,0,0,11.826
CBNMS,2018-06-01,0,0,0,11.818
CBNMS,2018-07-01,6,0,1,12.691
CBNMS,2018-08-01,0,0,0,12.704
CBNMS,2018-09-01,0,7,0,12.66
CBNMS,2018-10-01,0,0,0,14.414
CBNMS,2018-11-01,9,0,1,13.398
CBNMS,2018-12-01,29,0,2,14.142
CBNMS,2019-01-01,10,0,1,12.988
CBNMS,2019-02-01,0,0,0,12.469
CBNMS,2019-03-01,4,0,1,12.44
CBNMS,2019-04-01,9,0,1,12.191
CBNMS,2019-05-01,0,0,0,12.256
CBNMS,2019-06-01,0,0,0,11.586
CBNMS,2019-07-01,0,0,0,11.77
CBNMS,2019-08-01,0,0,0,13.747
CBNMS,2019-09-01,0,0,0,14.075
CBNMS,2019-10-01,0,0,0,12.442
CBNMS,2019-11-01,0,0,0,12.62
CBNMS,2019-12-01,0,0,0,13.051
CBNMS,2020-01-01,0,0,0,12.288
CBNMS,2020-02-01,0,0,0,11.332
CBNMS,2020-03-01,0,0,0,11.844
CBNMS,2020-04-01,0,0,0,11.5
CBNMS,2020-05-01,7,0,1,11.968
CBNMS,2020-06-01,0,0,0,11.375
CBNMS,2020-07-01,0,11,0,10.979
CBNMS,2020-08-01,0,7,0,12.245
CBNMS,2020-09-01,0,1,0,14.061
CBNMS,2020-10-01,0,0,0,13.124
CBNMS,2020-11-01,0,7,0,12.2
CBNMS,2020-12-01,0,0,0,11.456
CBNMS,2021-01-01,0,0,0,11.511
CBNMS,2021-02-01,0,4,0,10.935
CBNMS,2021-03-01,0,27,0,10.107
CBNMS,2021-04-01,0,18,0,10.028
CBNMS,2021-05-01,0,9,0,9.883
CBNMS,2021-06-01,0,0,0,10.944
CBNMS,2021-07-01,0,2,0,11.272
CBNMS,2021-08-01,0,3,0,13.204
CBNMS,2021-09-01,0,0,0,14.024
CBNMS,2021-10-01,0,5,0,13.262
CBNMS,2021-11-01,0,0,0,14.033
CBNMS,2021-12-01,0,0,0,12.419
CBNMS,2022-01-01,0,0,0,11.887
CBNMS,2022-02-01,0,0,0,11.341
CBNMS,2022-03-01,0,0,0,10.772
CBNMS,2022-04-01,0,5,0,10.43
CBNMS,2022-05-01,0,13,0,10.034
CBNMS,2022-06-01,0,4,0,10.889
CBNMS,2022-07-01,0,0,0,11.821
CBNMS,2022-08-01,5,0,2,13.505
CBNMS,2022-09-01,0,0,0,14.225
CBNMS,2022-10-01,0,11,0,12.659
CBNMS,2022-11-01,0,0,0,13.628
CBNMS,2022-12-01,0,0,0,11.916
CBNMS,2023-01-01,0,0,0,11.924
CBNMS,2023-02-01,0,15,0,10.677
CBNMS,2023-03-01,0,17,0,10.163
CBNMS,2023-04-01,0,0,0,10.489
CBNMS,2023-05-01,0,0,0,10.985
CBNMS,2023-06-01,0,0,0,11.319
CBNMS,2023-07-01,0,0,0,12.009
CBNMS,2023-08-01,6,0,1,13.576
CBNMS,2023-09-01,0,0,0,14.176
CBNMS,2023-10-01,0,0,0,14.561
CBNMS,2023-11-01,25,0,1,14.366
CBNMS,2023-12-01,31,0,2,14.063
CBNMS,2024-01-01,16,0,2,13.338
CBNMS,2024-02-01,15,0,1,13.171
CBNMS,2024-03-01,0,0,0,12.592
CBNMS,2024-04-01,0,0,0,11.499
CBNMS,2024-05-01,0,0,0,10.505
CBNMS,2024-06-01,0,0,0,10.208
CBNMS,2024-07-01,0,0,0,12.116
CBNMS,2024-08-01,0,8,0,12.878
CBNMS,2024-09-01,0,0,0,13.857
CBNMS,2024-10-01,0,0,0,13.233
CBNMS,2024-11-01,0,0,0,13.624
CBNMS,2024-12-01,6,0,1,12.789
CBNMS,2025-01-01,0,0,0,11.993
CBNMS,2025-02-01,0,0,0,11.536
CBNMS,2025-03-01,0,0,0,11.337
CBNMS,2025-04-01,0,0,0,11.207
CBNMS,2025-05-01,0,0,0,10.858
CBNMS,2025-06-01,0,0,0,10.759
CBNMS,2025-07-01,0,6,0,11.429
CBNMS,2025-08-01,0,0,0,13.055
CBNMS,2025-09-01,1,0,1,15.389
CBNMS,2025-10-01,18,0,1,15.341
CBNMS,2025-11-01,0,0,0,13.821
CBNMS,2025-12-01,18,0,1,13.426
CBNMS,2026-01-01,31,0,1,13.389
CBNMS,2026-02-01,23,0,2,13.515
CBNMS,2026-03-01,5,0,2,12.004
MBNMS,1982-01-01,0,0,0,12.068
MBNMS,1982-02-01,0,0,0,12.142
MBNMS,1982-03-01,0,0,0,12.554
MBNMS,1982-04-01,0,0,0,12.705
MBNMS,1982-05-01,0,0,0,11.712
MBNMS,1982-06-01,6,0,1,13.095
MBNMS,1982-07-01,3,2,1,13.819
MBNMS,1982-08-01,0,11,0,13.5
MBNMS,1982-09-01,0,11,0,14.48
MBNMS,1982-10-01,0,0,0,15.011
MBNMS,1982-11-01,27,0,1,15.728
MBNMS,1982-12-01,2,0,1,13.67
MBNMS,1983-01-01,15,0,1,13.733
MBNMS,1983-02-01,21,0,1,13.885
MBNMS,1983-03-01,8,0,1,13.609
MBNMS,1983-04-01,11,0,1,12.956
MBNMS,1983-05-01,11,0,2,13.068
MBNMS,1983-06-01,0,0,0,13.433
MBNMS,1983-07-01,19,0,2,15.091
MBNMS,1983-08-01,12,0,1,15.926
MBNMS,1983-09-01,24,0,1,16.781
MBNMS,1983-10-01,31,0,2,16.939
MBNMS,1983-11-01,27,0,1,15.873
MBNMS,1983-12-01,0,0,0,13.594
MBNMS,1984-01-01,0,0,0,13.161
MBNMS,1984-02-01,0,0,0,12.715
MBNMS,1984-03-01,0,0,0,12.516
MBNMS,1984-04-01,0,6,0,11.444
MBNMS,1984-05-01,0,0,0,11.339
MBNMS,1984-06-01,0,0,0,12.187
MBNMS,1984-07-01,5,0,1,14.247
MBNMS,1984-08-01,0,0,0,14.842
MBNMS,1984-09-01,0,0,0,15.784
MBNMS,1984-10-01,6,0,1,15.044
MBNMS,1984-11-01,0,0,0,14.083
MBNMS,1984-12-01,0,0,0,13.006
MBNMS,1985-01-01,0,0,0,12.552
MBNMS,1985-02-01,0,0,0,12.053
MBNMS,1985-03-01,0,10,0,11.432
MBNMS,1985-04-01,0,0,0,11.547
MBNMS,1985-05-01,0,0,0,11.524
MBNMS,1985-06-01,3,0,1,13.125
MBNMS,1985-07-01,2,0,1,13.949
MBNMS,1985-08-01,0,0,0,14.968
MBNMS,1985-09-01,0,0,0,15.507
MBNMS,1985-10-01,0,2,0,14.499
MBNMS,1985-11-01,0,30,0,12.262
MBNMS,1985-12-01,0,5,0,12.276
MBNMS,1986-01-01,0,0,0,13.01
MBNMS,1986-02-01,0,0,0,12.94
MBNMS,1986-03-01,0,0,0,13.256
MBNMS,1986-04-01,0,0,0,12.343
MBNMS,1986-05-01,0,0,0,11.724
MBNMS,1986-06-01,0,0,0,13.08
MBNMS,1986-07-01,0,0,0,13.51
MBNMS,1986-08-01,0,0,0,14.745
MBNMS,1986-09-01,0,0,0,15.055
MBNMS,1986-10-01,0,0,0,14.715
MBNMS,1986-11-01,0,0,0,13.927
MBNMS,1986-12-01,17,0,1,14.162
MBNMS,1987-01-01,5,0,1,13.146
MBNMS,1987-02-01,0,0,0,12.753
MBNMS,1987-03-01,0,0,0,12.197
MBNMS,1987-04-01,0,0,0,11.742
MBNMS,1987-05-01,0,0,0,12.453
MBNMS,1987-06-01,0,0,0,12.746
MBNMS,1987-07-01,0,0,0,13.891
MBNMS,1987-08-01,0,0,0,14.825
MBNMS,1987-09-01,0,0,0,15.39
MBNMS,1987-10-01,8,0,1,15.5
MBNMS,1987-11-01,8,0,1,15.117
MBNMS,1987-12-01,0,0,0,13.149
MBNMS,1988-01-01,0,0,0,12.135
MBNMS,1988-02-01,0,0,0,12.035
MBNMS,1988-03-01,0,0,0,12.196
MBNMS,1988-04-01,0,0,0,11.924
MBNMS,1988-05-01,0,0,0,11.937
MBNMS,1988-06-01,0,0,0,12.708
MBNMS,1988-07-01,0,0,0,13.137
MBNMS,1988-08-01,8,0,1,15.073
MBNMS,1988-09-01,0,12,0,14.071
MBNMS,1988-10-01,0,1,0,13.987
MBNMS,1988-11-01,0,0,0,13.36
MBNMS,1988-12-01,0,7,0,12.168
MBNMS,1989-01-01,0,22,0,11.389
MBNMS,1989-02-01,0,19,0,11.238
MBNMS,1989-03-01,0,5,0,11.757
MBNMS,1989-04-01,6,0,1,12.899
MBNMS,1989-05-01,0,0,0,12.526
MBNMS,1989-06-01,0,0,0,13.059
MBNMS,1989-07-01,0,17,0,12.699
MBNMS,1989-08-01,0,3,0,14.128
MBNMS,1989-09-01,0,0,0,15.03
MBNMS,1989-10-01,0,0,0,14.848
MBNMS,1989-11-01,0,0,0,14.489
MBNMS,1989-12-01,13,0,1,14.023
MBNMS,1990-01-01,0,0,0,12.935
MBNMS,1990-02-01,0,6,0,11.868
MBNMS,1990-03-01,0,0,0,11.602
MBNMS,1990-04-01,0,0,0,12.149
MBNMS,1990-05-01,2,0,1,12.712
MBNMS,1990-06-01,4,0,1,13.149
MBNMS,1990-07-01,0,0,0,14.38
MBNMS,1990-08-01,6,0,1,15.721
MBNMS,1990-09-01,7,0,2,16.362
MBNMS,1990-10-01,0,0,0,14.917
MBNMS,1990-11-01,0,0,0,13.705
MBNMS,1990-12-01,0,0,0,12.761
MBNMS,1991-01-01,0,0,0,12.118
MBNMS,1991-02-01,0,0,0,12.156
MBNMS,1991-03-01,0,0,0,12.067
MBNMS,1991-04-01,0,5,0,11.285
MBNMS,1991-05-01,0,24,0,10.613
MBNMS,1991-06-01,0,26,0,11.465
MBNMS,1991-07-01,0,0,0,13.235
MBNMS,1991-08-01,0,0,0,14.519
MBNMS,1991-09-01,0,0,0,15.001
MBNMS,1991-10-01,0,0,0,14.634
MBNMS,1991-11-01,0,2,0,13.027
MBNMS,1991-12-01,0,4,0,12.457
MBNMS,1992-01-01,0,0,0,13.082
MBNMS,1992-02-01,9,0,1,13.635
MBNMS,1992-03-01,31,0,1,14.03
MBNMS,1992-04-01,30,0,2,14.101
MBNMS,1992-05-01,17,0,1,13.832
MBNMS,1992-06-01,12,0,3,14.042
MBNMS,1992-07-01,25,0,2,15.506
MBNMS,1992-08-01,0,0,0,14.332
MBNMS,1992-09-01,0,0,0,15.176
MBNMS,1992-10-01,2,0,1,15.861
MBNMS,1992-11-01,12,0,1,15.206
MBNMS,1992-12-01,9,0,1,13.902
MBNMS,1993-01-01,0,0,0,13.085
MBNMS,1993-02-01,0,0,0,13.303
MBNMS,1993-03-01,0,0,0,13.49
MBNMS,1993-04-01,0,0,0,12.724
MBNMS,1993-05-01,13,0,2,13.101
MBNMS,1993-06-01,10,0,2,13.711
MBNMS,1993-07-01,0,0,0,13.46
MBNMS,1993-08-01,0,0,0,15.117
MBNMS,1993-09-01,0,0,0,14.835
MBNMS,1993-10-01,1,0,1,15.391
MBNMS,1993-11-01,7,0,1,14.993
MBNMS,1993-12-01,0,0,0,13.745
MBNMS,1994-01-01,0,0,0,13.528
MBNMS,1994-02-01,0,0,0,12.952
MBNMS,1994-03-01,0,0,0,13.155
MBNMS,1994-04-01,0,0,0,12.435
MBNMS,1994-05-01,0,0,0,12.358
MBNMS,1994-06-01,0,6,0,12.152
MBNMS,1994-07-01,0,18,0,12.684
MBNMS,1994-08-01,0,11,0,13.783
MBNMS,1994-09-01,0,0,0,14.987
MBNMS,1994-10-01,8,0,1,15.102
MBNMS,1994-11-01,0,15,0,12.748
MBNMS,1994-12-01,0,0,0,12.553
MBNMS,1995-01-01,0,0,0,12.703
MBNMS,1995-02-01,0,0,0,13.329
MBNMS,1995-03-01,1,0,1,13.522
MBNMS,1995-04-01,4,0,1,12.382
MBNMS,1995-05-01,0,0,0,12.465
MBNMS,1995-06-01,0,0,0,12.265
MBNMS,1995-07-01,9,0,1,14.696
MBNMS,1995-08-01,0,0,0,14.558
MBNMS,1995-09-01,0,0,0,14.973
MBNMS,1995-10-01,0,0,0,14.652
MBNMS,1995-11-01,0,0,0,13.938
MBNMS,1995-12-01,0,0,0,13.494
MBNMS,1996-01-01,7,0,1,13.368
MBNMS,1996-02-01,13,0,1,13.585
MBNMS,1996-03-01,13,0,1,13.52
MBNMS,1996-04-01,0,0,0,12.685
MBNMS,1996-05-01,0,0,0,12.363
MBNMS,1996-06-01,0,10,0,11.902
MBNMS,1996-07-01,0,0,0,13.398
MBNMS,1996-08-01,0,0,0,13.825
MBNMS,1996-09-01,0,0,0,14.287
MBNMS,1996-10-01,0,13,0,14.03
MBNMS,1996-11-01,0,5,0,13.139
MBNMS,1996-12-01,0,0,0,12.746
MBNMS,1997-01-01,0,0,0,12.926
MBNMS,1997-02-01,0,2,0,12.347
MBNMS,1997-03-01,0,16,0,11.343
MBNMS,1997-04-01,0,0,0,11.705
MBNMS,1997-05-01,16,0,1,13.48
MBNMS,1997-06-01,5,0,1,13.4
MBNMS,1997-07-01,0,0,0,13.835
MBNMS,1997-08-01,22,0,2,16.544
MBNMS,1997-09-01,30,0,2,17.303
MBNMS,1997-10-01,24,0,2,16.574
MBNMS,1997-11-01,30,0,2,16.881
MBNMS,1997-12-01,31,0,2,15.728
MBNMS,1998-01-01,31,0,2,14.84
MBNMS,1998-02-01,28,0,2,14.3
MBNMS,1998-03-01,9,0,1,13.591
MBNMS,1998-04-01,0,0,0,12.976
MBNMS,1998-05-01,0,0,0,13.482
MBNMS,1998-06-01,21,0,1,14.206
MBNMS,1998-07-01,0,0,0,13.854
MBNMS,1998-08-01,0,0,0,15.115
MBNMS,1998-09-01,0,0,0,15.633
MBNMS,1998-10-01,0,0,0,14.592
MBNMS,1998-11-01,0,0,0,13.438
MBNMS,1998-12-01,0,11,0,12.158
MBNMS,1999-01-01,0,13,0,11.656
MBNMS,1999-02-01,0,0,0,11.469
MBNMS,1999-03-01,0,11,0,11.246
MBNMS,1999-04-01,0,20,0,10.644
MBNMS,1999-05-01,0,28,0,10.453
MBNMS,1999-06-01,0,10,0,11.705
MBNMS,1999-07-01,0,5,0,13.276
MBNMS,1999-08-01,0,10,0,14.165
MBNMS,1999-09-01,0,5,0,14.524
MBNMS,1999-10-01,0,0,0,14.689
MBNMS,1999-11-01,0,0,0,13.694
MBNMS,1999-12-01,0,11,0,12.122
MBNMS,2000-01-01,0,13,0,11.838
MBNMS,2000-02-01,0,0,0,12.565
MBNMS,2000-03-01,0,0,0,11.948
MBNMS,2000-04-01,0,0,0,12.42
MBNMS,2000-05-01,0,0,0,12.571
MBNMS,2000-06-01,0,0,0,12.832
MBNMS,2000-07-01,0,7,0,13.505
MBNMS,2000-08-01,0,8,0,13.776
MBNMS,2000-09-01,7,0,1,15.597
MBNMS,2000-10-01,0,6,0,14.624
MBNMS,2000-11-01,0,19,0,12.73
MBNMS,2000-12-01,0,0,0,12.808
MBNMS,2001-01-01,0,0,0,12.38
MBNMS,2001-02-01,0,8,0,11.582
MBNMS,2001-03-01,0,0,0,12.242
MBNMS,2001-04-01,0,0,0,11.335
MBNMS,2001-05-01,0,0,0,12.3
MBNMS,2001-06-01,0,0,0,13.043
MBNMS,2001-07-01,0,0,0,13.898
MBNMS,2001-08-01,0,8,0,13.955
MBNMS,2001-09-01,0,9,0,14.332
MBNMS,2001-10-01,0,6,0,13.827
MBNMS,2001-11-01,0,0,0,13.908
MBNMS,2001-12-01,0,9,0,12.46
MBNMS,2002-01-01,0,10,0,11.829
MBNMS,2002-02-01,0,10,0,11.539
MBNMS,2002-03-01,0,5,0,11.733
MBNMS,2002-04-01,0,0,0,11.809
MBNMS,2002-05-01,0,0,0,11.612
MBNMS,2002-06-01,0,5,0,11.877
MBNMS,2002-07-01,0,5,0,13.185
MBNMS,2002-08-01,0,7,0,14.404
MBNMS,2002-09-01,0,0,0,14.521
MBNMS,2002-10-01,0,0,0,14.334
MBNMS,2002-11-01,0,0,0,13.623
MBNMS,2002-12-01,8,0,1,13.838
MBNMS,2003-01-01,18,0,1,13.664
MBNMS,2003-02-01,0,0,0,13.197
MBNMS,2003-03-01,0,0,0,12.69
MBNMS,2003-04-01,0,0,0,12.414
MBNMS,2003-05-01,0,0,0,12.194
MBNMS,2003-06-01,0,0,0,12.972
MBNMS,2003-07-01,0,8,0,13.204
MBNMS,2003-08-01,19,0,2,16.355
MBNMS,2003-09-01,7,0,1,16.272
MBNMS,2003-10-01,0,16,0,13.67
MBNMS,2003-11-01,0,0,0,14.165
MBNMS,2003-12-01,0,0,0,13.362
MBNMS,2004-01-01,0,0,0,12.594
MBNMS,2004-02-01,0,0,0,12.079
MBNMS,2004-03-01,0,0,0,12.508
MBNMS,2004-04-01,0,0,0,12.259
MBNMS,2004-05-01,0,0,0,12.775
MBNMS,2004-06-01,0,0,0,12.615
MBNMS,2004-07-01,0,0,0,14.052
MBNMS,2004-08-01,0,0,0,15.294
MBNMS,2004-09-01,0,0,0,15.316
MBNMS,2004-10-01,0,0,0,14.744
MBNMS,2004-11-01,0,0,0,14.622
MBNMS,2004-12-01,0,0,0,13.153
MBNMS,2005-01-01,0,0,0,13.356
MBNMS,2005-02-01,0,0,0,13.465
MBNMS,2005-03-01,24,0,1,14.028
MBNMS,2005-04-01,10,0,1,12.567
MBNMS,2005-05-01,22,0,1,13.98
MBNMS,2005-06-01,0,0,0,12.965
MBNMS,2005-07-01,0,0,0,14.015
MBNMS,2005-08-01,0,0,0,15.071
MBNMS,2005-09-01,0,0,0,14.857
MBNMS,2005-10-01,0,13,0,13.93
MBNMS,2005-11-01,0,0,0,13.679
MBNMS,2005-12-01,0,0,0,12.857
MBNMS,2006-01-01,0,0,0,12.881
MBNMS,2006-02-01,0,0,0,12.339
MBNMS,2006-03-01,0,0,0,12.043
MBNMS,2006-04-01,0,0,0,12.737
MBNMS,2006-05-01,0,0,0,12.821
MBNMS,2006-06-01,0,0,0,12.94
MBNMS,2006-07-01,13,0,1,13.977
MBNMS,2006-08-01,6,0,1,15.534
MBNMS,2006-09-01,0,0,0,14.618
MBNMS,2006-10-01,0,0,0,15.337
MBNMS,2006-11-01,0,0,0,14.342
MBNMS,2006-12-01,0,0,0,12.983
MBNMS,2007-01-01,0,11,0,11.681
MBNMS,2007-02-01,0,0,0,12.146
MBNMS,2007-03-01,0,0,0,11.779
MBNMS,2007-04-01,0,6,0,11.144
MBNMS,2007-05-01,0,6,0,11.468
MBNMS,2007-06-01,0,0,0,12.306
MBNMS,2007-07-01,0,0,0,13.837
MBNMS,2007-08-01,0,0,0,14.367
MBNMS,2007-09-01,0,0,0,15.124
MBNMS,2007-10-01,0,5,0,14.106
MBNMS,2007-11-01,0,1,0,13.609
MBNMS,2007-12-01,0,28,0,11.651
MBNMS,2008-01-01,0,15,0,11.572
MBNMS,2008-02-01,0,20,0,11.295
MBNMS,2008-03-01,0,17,0,11.161
MBNMS,2008-04-01,0,24,0,10.615
MBNMS,2008-05-01,0,21,0,10.951
MBNMS,2008-06-01,0,14,0,11.603
MBNMS,2008-07-01,0,0,0,13.505
MBNMS,2008-08-01,0,8,0,14.084
MBNMS,2008-09-01,0,0,0,15.764
MBNMS,2008-10-01,0,7,0,14.141
MBNMS,2008-11-01,0,0,0,13.723
MBNMS,2008-12-01,0,0,0,12.605
MBNMS,2009-01-01,0,8,0,11.943
MBNMS,2009-02-01,0,0,0,12.086
MBNMS,2009-03-01,0,8,0,11.733
MBNMS,2009-04-01,0,16,0,10.908
MBNMS,2009-05-01,0,6,0,11.424
MBNMS,2009-06-01,14,0,2,13.839
MBNMS,2009-07-01,0,9,0,13.173
MBNMS,2009-08-01,0,1,0,14.602
MBNMS,2009-09-01,0,9,0,14.456
MBNMS,2009-10-01,0,9,0,13.889
MBNMS,2009-11-01,0,0,0,12.905
MBNMS,2009-12-01,0,7,0,12.541
MBNMS,2010-01-01,0,0,0,13.078
MBNMS,2010-02-01,0,0,0,13.147
MBNMS,2010-03-01,0,0,0,12.729
MBNMS,2010-04-01,0,0,0,12.385
MBNMS,2010-05-01,0,0,0,11.442
MBNMS,2010-06-01,0,9,0,12.039
MBNMS,2010-07-01,0,6,0,13.721
MBNMS,2010-08-01,0,0,0,14.104
MBNMS,2010-09-01,0,19,0,13.854
MBNMS,2010-10-01,0,5,0,14.134
MBNMS,2010-11-01,0,7,0,13.251
MBNMS,2010-12-01,0,4,0,12.386
MBNMS,2011-01-01,0,0,0,12.079
MBNMS,2011-02-01,0,0,0,11.954
MBNMS,2011-03-01,0,0,0,11.945
MBNMS,2011-04-01,0,0,0,11.879
MBNMS,2011-05-01,0,0,0,11.711
MBNMS,2011-06-01,0,0,0,12.846
MBNMS,2011-07-01,0,0,0,13.66
MBNMS,2011-08-01,0,0,0,14.365
MBNMS,2011-09-01,0,0,0,14.751
MBNMS,2011-10-01,0,0,0,15.159
MBNMS,2011-11-01,0,0,0,13.158
MBNMS,2011-12-01,0,0,0,12.495
MBNMS,2012-01-01,0,0,0,12.011
MBNMS,2012-02-01,0,12,0,11.518
MBNMS,2012-03-01,0,18,0,11.085
MBNMS,2012-04-01,0,0,0,11.507
MBNMS,2012-05-01,0,0,0,11.396
MBNMS,2012-06-01,0,10,0,12.195
MBNMS,2012-07-01,0,0,0,13.614
MBNMS,2012-08-01,0,5,0,13.975
MBNMS,2012-09-01,0,9,0,14.229
MBNMS,2012-10-01,0,0,0,15.245
MBNMS,2012-11-01,3,0,1,14.862
MBNMS,2012-12-01,13,0,1,13.868
MBNMS,2013-01-01,0,0,0,12.077
MBNMS,2013-02-01,0,10,0,11.342
MBNMS,2013-03-01,0,20,0,11.074
MBNMS,2013-04-01,0,10,0,11.293
MBNMS,2013-05-01,0,0,0,12.149
MBNMS,2013-06-01,0,0,0,12.498
MBNMS,2013-07-01,0,0,0,14.189
MBNMS,2013-08-01,0,0,0,14.733
MBNMS,2013-09-01,0,0,0,14.879
MBNMS,2013-10-01,0,14,0,13.59
MBNMS,2013-11-01,0,0,0,13.401
MBNMS,2013-12-01,0,0,0,12.589
MBNMS,2014-01-01,0,0,0,13.012
MBNMS,2014-02-01,0,0,0,12.655
MBNMS,2014-03-01,0,0,0,13.188
MBNMS,2014-04-01,8,0,1,12.919
MBNMS,2014-05-01,0,0,0,12.597
MBNMS,2014-06-01,0,0,0,12.96
MBNMS,2014-07-01,16,0,3,15.344
MBNMS,2014-08-01,31,0,2,17.241
MBNMS,2014-09-01,30,0,2,17.417
MBNMS,2014-10-01,28,0,2,16.939
MBNMS,2014-11-01,30,0,1,15.829
MBNMS,2014-12-01,31,0,3,15.724
MBNMS,2015-01-01,31,0,2,14.48
MBNMS,2015-02-01,28,0,1,14.5
MBNMS,2015-03-01,27,0,1,13.897
MBNMS,2015-04-01,0,0,0,12.296
MBNMS,2015-05-01,0,0,0,12.67
MBNMS,2015-06-01,5,0,1,13.617
MBNMS,2015-07-01,31,0,3,16.285
MBNMS,2015-08-01,31,0,3,17.761
MBNMS,2015-09-01,30,0,2,17.211
MBNMS,2015-10-01,31,0,2,17.379
MBNMS,2015-11-01,14,0,1,14.912
MBNMS,2015-12-01,23,0,1,14.373
MBNMS,2016-01-01,19,0,1,13.67
MBNMS,2016-02-01,2,0,1,13.445
MBNMS,2016-03-01,14,0,1,13.612
MBNMS,2016-04-01,8,0,1,12.978
MBNMS,2016-05-01,0,0,0,13.175
MBNMS,2016-06-01,0,0,0,13.452
MBNMS,2016-07-01,0,0,0,13.185
MBNMS,2016-08-01,0,0,0,14.941
MBNMS,2016-09-01,0,0,0,15.111
MBNMS,2016-10-01,0,0,0,14.97
MBNMS,2016-11-01,8,0,1,14.958
MBNMS,2016-12-01,0,0,0,12.926
MBNMS,2017-01-01,0,0,0,12.591
MBNMS,2017-02-01,0,0,0,12.897
MBNMS,2017-03-01,0,0,0,12.825
MBNMS,2017-04-01,0,0,0,12.525
MBNMS,2017-05-01,0,0,0,12.103
MBNMS,2017-06-01,0,0,0,12.634
MBNMS,2017-07-01,0,0,0,13.364
MBNMS,2017-08-01,0,0,0,15.201
MBNMS,2017-09-01,16,0,1,16.542
MBNMS,2017-10-01,0,0,0,14.293
MBNMS,2017-11-01,10,0,1,14.939
MBNMS,2017-12-01,1,0,1,13.722
MBNMS,2018-01-01,0,0,0,13.356
MBNMS,2018-02-01,0,0,0,12.616
MBNMS,2018-03-01,0,0,0,12.407
MBNMS,2018-04-01,0,0,0,12.808
MBNMS,2018-05-01,0,0,0,12.604
MBNMS,2018-06-01,0,0,0,12.429
MBNMS,2018-07-01,0,2,0,14.109
MBNMS,2018-08-01,0,10,0,14.554
MBNMS,2018-09-01,0,8,0,14.612
MBNMS,2018-10-01,7,0,1,15.557
MBNMS,2018-11-01,13,0,2,15.024
MBNMS,2018-12-01,28,0,1,14.671
MBNMS,2019-01-01,0,0,0,13.355
MBNMS,2019-02-01,0,0,0,13.078
MBNMS,2019-03-01,5,0,1,13.028
MBNMS,2019-04-01,9,0,1,12.905
MBNMS,2019-05-01,22,0,1,13.7
MBNMS,2019-06-01,7,0,1,13.588
MBNMS,2019-07-01,0,0,0,13.49
MBNMS,2019-08-01,0,0,0,14.682
MBNMS,2019-09-01,0,0,0,15.524
MBNMS,2019-10-01,0,0,0,14.021
MBNMS,2019-11-01,0,0,0,14.067
MBNMS,2019-12-01,0,0,0,13.644
MBNMS,2020-01-01,0,0,0,12.85
MBNMS,2020-02-01,0,0,0,12.316
MBNMS,2020-03-01,6,0,1,13.163
MBNMS,2020-04-01,9,0,1,13.044
MBNMS,2020-05-01,13,0,1,13.503
MBNMS,2020-06-01,5,0,1,13.053
MBNMS,2020-07-01,0,10,0,13.044
MBNMS,2020-08-01,0,8,0,14.04
MBNMS,2020-09-01,0,0,0,14.958
MBNMS,2020-10-01,0,0,0,14.994
MBNMS,2020-11-01,0,6,0,13.063
MBNMS,2020-12-01,0,25,0,11.829
MBNMS,2021-01-01,0,0,0,12.148
MBNMS,2021-02-01,0,3,0,11.723
MBNMS,2021-03-01,0,2,0,11.266
MBNMS,2021-04-01,0,5,0,11.371
MBNMS,2021-05-01,0,0,0,11.13
MBNMS,2021-06-01,0,1,0,12.627
MBNMS,2021-07-01,0,5,0,13.216
MBNMS,2021-08-01,0,0,0,15.094
MBNMS,2021-09-01,0,0,0,15.707
MBNMS,2021-10-01,0,5,0,14.274
MBNMS,2021-11-01,0,0,0,14.339
MBNMS,2021-12-01,0,0,0,13.167
MBNMS,2022-01-01,0,0,0,12.785
MBNMS,2022-02-01,0,0,0,12.432
MBNMS,2022-03-01,0,0,0,11.565
MBNMS,2022-04-01,0,0,0,11.411
MBNMS,2022-05-01,0,6,0,11.065
MBNMS,2022-06-01,0,0,0,12.099
MBNMS,2022-07-01,0,0,0,13.355
MBNMS,2022-08-01,6,6,1,14.623
MBNMS,2022-09-01,0,0,0,15.584
MBNMS,2022-10-01,0,5,0,14.889
MBNMS,2022-11-01,0,7,0,12.859
MBNMS,2022-12-01,0,3,0,12.571
MBNMS,2023-01-01,0,0,0,12.506
MBNMS,2023-02-01,0,8,0,11.644
MBNMS,2023-03-01,0,9,0,11.337
MBNMS,2023-04-01,0,15,0,10.931
MBNMS,2023-05-01,0,0,0,12.204
MBNMS,2023-06-01,0,0,0,13.46
MBNMS,2023-07-01,0,1,0,13.032
MBNMS,2023-08-01,11,12,2,14.833
MBNMS,2023-09-01,11,0,1,16.33
MBNMS,2023-10-01,6,0,1,15.704
MBNMS,2023-11-01,14,0,1,15.112
MBNMS,2023-12-01,31,0,2,14.665
MBNMS,2024-01-01,20,0,2,13.905
MBNMS,2024-02-01,8,0,1,13.572
MBNMS,2024-03-01,0,0,0,13.435
MBNMS,2024-04-01,0,0,0,12.597
MBNMS,2024-05-01,0,0,0,12.025
MBNMS,2024-06-01,0,5,0,12.201
MBNMS,2024-07-01,0,1,0,13.548
MBNMS,2024-08-01,0,17,0,13.592
MBNMS,2024-09-01,0,0,0,14.492
MBNMS,2024-10-01,0,0,0,14.702
MBNMS,2024-11-01,0,7,0,12.804
MBNMS,2024-12-01,0,0,0,13.065
MBNMS,2025-01-01,0,0,0,12.408
MBNMS,2025-02-01,0,0,0,12.219
MBNMS,2025-03-01,0,0,0,12.011
MBNMS,2025-04-01,0,0,0,12.483
MBNMS,2025-05-01,0,0,0,12.322
MBNMS,2025-06-01,0,9,0,12.434
MBNMS,2025-07-01,0,19,0,12.492
MBNMS,2025-08-01,0,0,0,14.866
MBNMS,2025-09-01,21,0,1,16.629
MBNMS,2025-10-01,13,0,2,16.249
MBNMS,2025-11-01,0,0,0,14.547
MBNMS,2025-12-01,31,0,1,14.355
MBNMS,2026-01-01,31,0,1,14.201
MBNMS,2026-02-01,28,0,2,14.277
MBNMS,2026-03-01,3,0,1,13.518
CPNMS,1982-01-01,0,0,0,12.781
CPNMS,1982-02-01,0,0,0,12.91
CPNMS,1982-03-01,0,0,0,13.13
CPNMS,1982-04-01,0,0,0,13.304
CPNMS,1982-05-01,0,0,0,12.929
CPNMS,1982-06-01,0,0,0,13.546
CPNMS,1982-07-01,0,2,0,14.162
CPNMS,1982-08-01,0,12,0,14.599
CPNMS,1982-09-01,0,0,0,16.147
CPNMS,1982-10-01,0,0,0,16.144
CPNMS,1982-11-01,29,0,2,16.873
CPNMS,1982-12-01,1,0,1,14.448
CPNMS,1983-01-01,25,0,1,14.575
CPNMS,1983-02-01,22,0,1,14.619
CPNMS,1983-03-01,13,0,1,14.407
CPNMS,1983-04-01,9,0,1,13.788
CPNMS,1983-05-01,9,0,1,13.755
CPNMS,1983-06-01,5,0,1,14.212
CPNMS,1983-07-01,19,0,1,16.116
CPNMS,1983-08-01,20,0,1,17.119
CPNMS,1983-09-01,25,0,1,17.996
CPNMS,1983-10-01,24,0,2,17.992
CPNMS,1983-11-01,20,0,1,16.655
CPNMS,1983-12-01,0,0,0,14.316
CPNMS,1984-01-01,0,0,0,13.867
CPNMS,1984-02-01,0,0,0,13.439
CPNMS,1984-03-01,0,0,0,13.274
CPNMS,1984-04-01,0,6,0,12.141
CPNMS,1984-05-01,0,0,0,12.272
CPNMS,1984-06-01,0,0,0,13.38
CPNMS,1984-07-01,12,0,2,15.639
CPNMS,1984-08-01,9,0,1,16.699
CPNMS,1984-09-01,21,0,1,17.975
CPNMS,1984-10-01,4,0,1,16.291
CPNMS,1984-11-01,0,0,0,14.964
CPNMS,1984-12-01,0,0,0,13.674
CPNMS,1985-01-01,0,0,0,13.323
CPNMS,1985-02-01,0,0,0,12.727
CPNMS,1985-03-01,0,0,0,12.182
CPNMS,1985-04-01,0,0,0,12.273
CPNMS,1985-05-01,0,0,0,12.324
CPNMS,1985-06-01,7,0,1,13.888
CPNMS,1985-07-01,0,0,0,14.941
CPNMS,1985-08-01,0,0,0,15.653
CPNMS,1985-09-01,0,0,0,16.682
CPNMS,1985-10-01,0,0,0,16.035
CPNMS,1985-11-01,0,12,0,13.856
CPNMS,1985-12-01,0,6,0,13.22
CPNMS,1986-01-01,0,0,0,13.72
CPNMS,1986-02-01,0,0,0,13.461
CPNMS,1986-03-01,0,0,0,13.714
CPNMS,1986-04-01,0,0,0,13.311
CPNMS,1986-05-01,0,0,0,12.7
CPNMS,1986-06-01,0,0,0,13.834
CPNMS,1986-07-01,0,0,0,14.652
CPNMS,1986-08-01,0,5,0,15.223
CPNMS,1986-09-01,0,0,0,15.679
CPNMS,1986-10-01,0,0,0,15.807
CPNMS,1986-11-01,0,0,0,15.381
CPNMS,1986-12-01,18,0,1,15.08
CPNMS,1987-01-01,3,0,1,13.594
CPNMS,1987-02-01,0,0,0,13.286
CPNMS,1987-03-01,0,0,0,12.658
CPNMS,1987-04-01,0,0,0,12.441
CPNMS,1987-05-01,0,0,0,13.431
CPNMS,1987-06-01,0,0,0,13.37
CPNMS,1987-07-01,0,2,0,14.497
CPNMS,1987-08-01,0,4,0,15.549
CPNMS,1987-09-01,0,0,0,16.178
CPNMS,1987-10-01,8,0,1,16.929
CPNMS,1987-11-01,0,0,0,15.865
CPNMS,1987-12-01,0,0,0,13.871
CPNMS,1988-01-01,0,0,0,12.715
CPNMS,1988-02-01,0,0,0,12.836
CPNMS,1988-03-01,0,0,0,13.062
CPNMS,1988-04-01,0,0,0,13.307
CPNMS,1988-05-01,0,0,0,12.588
CPNMS,1988-06-01,0,2,0,13.029
CPNMS,1988-07-01,0,3,0,14.3
CPNMS,1988-08-01,5,0,1,16.314
CPNMS,1988-09-01,0,0,0,15.469
CPNMS,1988-10-01,0,0,0,15.518
CPNMS,1988-11-01,0,10,0,14.332
CPNMS,1988-12-01,0,4,0,13.212
CPNMS,1989-01-01,0,24,0,12.081
CPNMS,1989-02-01,0,28,0,11.662
CPNMS,1989-03-01,0,4,0,12.174
CPNMS,1989-04-01,10,0,1,13.628
CPNMS,1989-05-01,0,0,0,12.763
CPNMS,1989-06-01,6,0,1,13.33
CPNMS,1989-07-01,0,16,0,13.765
CPNMS,1989-08-01,0,3,0,14.899
CPNMS,1989-09-01,0,0,0,15.31
CPNMS,1989-10-01,0,0,0,15.837
CPNMS,1989-11-01,0,0,0,15.411
CPNMS,1989-12-01,13,0,1,14.96
CPNMS,1990-01-01,1,0,1,13.849
CPNMS,1990-02-01,0,0,0,12.333
CPNMS,1990-03-01,0,0,0,11.901
CPNMS,1990-04-01,0,0,0,13.14
CPNMS,1990-05-01,0,0,0,13.47
CPNMS,1990-06-01,0,0,0,13.667
CPNMS,1990-07-01,0,0,0,15.203
CPNMS,1990-08-01,0,0,0,16.631
CPNMS,1990-09-01,0,0,0,16.262
CPNMS,1990-10-01,0,0,0,16.871
CPNMS,1990-11-01,0,0,0,15.332
CPNMS,1990-12-01,0,0,0,13.932
CPNMS,1991-01-01,0,0,0,12.929
CPNMS,1991-02-01,0,0,0,13.013
CPNMS,1991-03-01,0,0,0,12.837
CPNMS,1991-04-01,0,0,0,11.989
CPNMS,1991-05-01,0,29,0,11.075
CPNMS,1991-06-01,0,27,0,12.195
CPNMS,1991-07-01,0,6,0,13.993
CPNMS,1991-08-01,0,0,0,15.352
CPNMS,1991-09-01,0,0,0,15.616
CPNMS,1991-10-01,0,0,0,15.724
CPNMS,1991-11-01,0,0,0,14.469
CPNMS,1991-12-01,0,0,0,13.577
CPNMS,1992-01-01,0,0,0,13.644
CPNMS,1992-02-01,5,0,1,14.105
CPNMS,1992-03-01,25,0,1,14.613
CPNMS,1992-04-01,30,0,2,14.6
CPNMS,1992-05-01,31,0,1,14.907
CPNMS,1992-06-01,20,0,2,15.442
CPNMS,1992-07-01,20,0,2,16.039
CPNMS,1992-08-01,0,0,0,15.534
CPNMS,1992-09-01,0,0,0,16.299
CPNMS,1992-10-01,7,0,1,16.876
CPNMS,1992-11-01,18,0,1,16.331
CPNMS,1992-12-01,2,0,1,14.618
CPNMS,1993-01-01,0,0,0,13.831
CPNMS,1993-02-01,0,0,0,14.159
CPNMS,1993-03-01,6,0,1,13.978
CPNMS,1993-04-01,0,0,0,12.907
CPNMS,1993-05-01,7,0,2,13.664
CPNMS,1993-06-01,9,0,2,14.454
CPNMS,1993-07-01,2,0,1,15.04
CPNMS,1993-08-01,5,0,2,16.299
CPNMS,1993-09-01,0,0,0,15.8
CPNMS,1993-10-01,1,0,1,16.365
CPNMS,1993-11-01,12,0,1,16.159
CPNMS,1993-12-01,0,0,0,14.511
CPNMS,1994-01-01,7,0,1,14.265
CPNMS,1994-02-01,0,0,0,13.663
CPNMS,1994-03-01,0,0,0,13.7
CPNMS,1994-04-01,0,0,0,13.217
CPNMS,1994-05-01,0,0,0,13.083
CPNMS,1994-06-01,0,7,0,12.662
CPNMS,1994-07-01,0,6,0,14.085
CPNMS,1994-08-01,0,9,0,14.931
CPNMS,1994-09-01,0,0,0,15.873
CPNMS,1994-10-01,0,5,0,15.928
CPNMS,1994-11-01,0,5,0,14.076
CPNMS,1994-12-01,0,0,0,13.583
CPNMS,1995-01-01,0,0,0,13.745
CPNMS,1995-02-01,0,0,0,14.057
CPNMS,1995-03-01,7,0,1,14.132
CPNMS,1995-04-01,0,0,0,13.211
CPNMS,1995-05-01,0,0,0,13.08
CPNMS,1995-06-01,0,0,0,12.808
CPNMS,1995-07-01,0,0,0,14.765
CPNMS,1995-08-01,0,0,0,15.146
CPNMS,1995-09-01,0,0,0,15.6
CPNMS,1995-10-01,0,0,0,16.114
CPNMS,1995-11-01,0,0,0,15.458
CPNMS,1995-12-01,0,0,0,14.484
CPNMS,1996-01-01,0,0,0,13.722
CPNMS,1996-02-01,8,0,1,13.894
CPNMS,1996-03-01,5,0,1,13.972
CPNMS,1996-04-01,0,0,0,13.299
CPNMS,1996-05-01,0,0,0,13.276
CPNMS,1996-06-01,0,0,0,12.825
CPNMS,1996-07-01,0,0,0,14.581
CPNMS,1996-08-01,0,0,0,15.072
CPNMS,1996-09-01,0,0,0,15.59
CPNMS,1996-10-01,0,0,0,15.509
CPNMS,1996-11-01,0,6,0,14.222
CPNMS,1996-12-01,0,0,0,13.673
CPNMS,1997-01-01,0,0,0,13.464
CPNMS,1997-02-01,0,0,0,12.985
CPNMS,1997-03-01,0,0,0,12.41
CPNMS,1997-04-01,0,0,0,12.599
CPNMS,1997-05-01,8,0,1,13.667
CPNMS,1997-06-01,0,0,0,14.522
CPNMS,1997-07-01,0,0,0,15.369
CPNMS,1997-08-01,22,0,2,17.604
CPNMS,1997-09-01,30,0,1,18.344
CPNMS,1997-10-01,26,0,2,17.964
CPNMS,1997-11-01,30,0,2,17.928
CPNMS,1997-12-01,31,0,2,16.308
CPNMS,1998-01-01,31,0,2,15.543
CPNMS,1998-02-01,28,0,1,14.847
CPNMS,1998-03-01,10,0,1,14.29
CPNMS,1998-04-01,0,0,0,13.561
CPNMS,1998-05-01,0,0,0,13.927
CPNMS,1998-06-01,13,0,1,14.814
CPNMS,1998-07-01,9,0,1,15.345
CPNMS,1998-08-01,1,0,1,16.619
CPNMS,1998-09-01,0,0,0,16.916
CPNMS,1998-10-01,0,0,0,15.584
CPNMS,1998-11-01,0,9,0,13.982
CPNMS,1998-12-01,0,26,0,12.692
CPNMS,1999-01-01,0,10,0,12.506
CPNMS,1999-02-01,0,4,0,12.161
CPNMS,1999-03-01,0,16,0,11.688
CPNMS,1999-04-01,0,12,0,11.564
CPNMS,1999-05-01,0,14,0,11.672
CPNMS,1999-06-01,0,15,0,12.15
CPNMS,1999-07-01,0,0,0,14.646
CPNMS,1999-08-01,0,11,0,14.71
CPNMS,1999-09-01,0,3,0,15.456
CPNMS,1999-10-01,0,0,0,15.575
CPNMS,1999-11-01,0,0,0,14.65
CPNMS,1999-12-01,0,0,0,13.295
CPNMS,2000-01-01,0,10,0,12.589
CPNMS,2000-02-01,0,0,0,13.128
CPNMS,2000-03-01,0,0,0,12.41
CPNMS,2000-04-01,0,0,0,12.866
CPNMS,2000-05-01,0,0,0,12.474
CPNMS,2000-06-01,0,0,0,13.972
CPNMS,2000-07-01,0,0,0,14.719
CPNMS,2000-08-01,0,0,0,14.986
CPNMS,2000-09-01,0,0,0,16.518
CPNMS,2000-10-01,0,0,0,15.863
CPNMS,2000-11-01,0,0,0,14.279
CPNMS,2000-12-01,0,0,0,13.7
CPNMS,2001-01-01,0,0,0,13.104
CPNMS,2001-02-01,0,6,0,12.265
CPNMS,2001-03-01,0,0,0,12.507
CPNMS,2001-04-01,0,0,0,11.906
CPNMS,2001-05-01,0,0,0,13.546
CPNMS,2001-06-01,0,0,0,14.513
CPNMS,2001-07-01,11,0,1,15.27
CPNMS,2001-08-01,0,7,0,14.794
CPNMS,2001-09-01,0,6,0,15.417
CPNMS,2001-10-01,0,5,0,15.138
CPNMS,2001-11-01,0,0,0,15.068
CPNMS,2001-12-01,0,20,0,12.843
CPNMS,2002-01-01,0,10,0,12.566
CPNMS,2002-02-01,0,13,0,12.245
CPNMS,2002-03-01,0,0,0,12.419
CPNMS,2002-04-01,0,0,0,12.449
CPNMS,2002-05-01,0,0,0,12.317
CPNMS,2002-06-01,0,0,0,12.93
CPNMS,2002-07-01,0,0,0,13.991
CPNMS,2002-08-01,0,7,0,14.7
CPNMS,2002-09-01,0,22,0,14.798
CPNMS,2002-10-01,0,0,0,15.123
CPNMS,2002-11-01,0,0,0,14.736
CPNMS,2002-12-01,7,0,1,14.726
CPNMS,2003-01-01,0,0,0,14.143
CPNMS,2003-02-01,0,0,0,14.082
CPNMS,2003-03-01,0,0,0,13.044
CPNMS,2003-04-01,0,0,0,12.728
CPNMS,2003-05-01,0,0,0,12.83
CPNMS,2003-06-01,0,0,0,13.457
CPNMS,2003-07-01,1,15,1,14.073
CPNMS,2003-08-01,7,0,2,15.945
CPNMS,2003-09-01,0,0,0,15.925
CPNMS,2003-10-01,0,16,0,15.254
CPNMS,2003-11-01,0,6,0,14.769
CPNMS,2003-12-01,0,0,0,13.558
CPNMS,2004-01-01,0,0,0,13.439
CPNMS,2004-02-01,0,0,0,12.942
CPNMS,2004-03-01,0,0,0,13.035
CPNMS,2004-04-01,0,0,0,12.768
CPNMS,2004-05-01,0,0,0,13.054
CPNMS,2004-06-01,0,0,0,12.793
CPNMS,2004-07-01,0,0,0,14.419
CPNMS,2004-08-01,0,0,0,15.665
CPNMS,2004-09-01,9,0,1,17.028
CPNMS,2004-10-01,0,0,0,15.917
CPNMS,2004-11-01,0,0,0,15.429
CPNMS,2004-12-01,0,0,0,14.019
CPNMS,2005-01-01,7,0,1,14.038
CPNMS,2005-02-01,2,0,1,14.001
CPNMS,2005-03-01,27,0,1,14.472
CPNMS,2005-04-01,3,0,1,13.031
CPNMS,2005-05-01,12,0,1,14.03
CPNMS,2005-06-01,0,0,0,13.368
CPNMS,2005-07-01,0,5,0,13.946
CPNMS,2005-08-01,0,0,0,15.744
CPNMS,2005-09-01,0,0,0,15.328
CPNMS,2005-10-01,0,16,0,14.37
CPNMS,2005-11-01,0,0,0,14.444
CPNMS,2005-12-01,0,7,0,13.695
CPNMS,2006-01-01,0,0,0,13.182
CPNMS,2006-02-01,0,0,0,12.77
CPNMS,2006-03-01,0,0,0,12.604
CPNMS,2006-04-01,0,0,0,13.458
CPNMS,2006-05-01,0,0,0,13.305
CPNMS,2006-06-01,0,0,0,13.327
CPNMS,2006-07-01,3,7,2,14.512
CPNMS,2006-08-01,15,0,2,16.835
CPNMS,2006-09-01,0,0,0,15.758
CPNMS,2006-10-01,0,0,0,16.23
CPNMS,2006-11-01,0,0,0,15.094
CPNMS,2006-12-01,0,0,0,13.965
CPNMS,2007-01-01,0,0,0,12.794
CPNMS,2007-02-01,0,0,0,12.925
CPNMS,2007-03-01,0,0,0,12.615
CPNMS,2007-04-01,0,0,0,12.027
CPNMS,2007-05-01,0,0,0,12.208
CPNMS,2007-06-01,0,0,0,13.065
CPNMS,2007-07-01,0,0,0,14.128
CPNMS,2007-08-01,0,6,0,15.153
CPNMS,2007-09-01,0,0,0,16.077
CPNMS,2007-10-01,0,6,0,14.998
CPNMS,2007-11-01,0,5,0,14.247
CPNMS,2007-12-01,0,5,0,13.148
CPNMS,2008-01-01,0,28,0,12.204
CPNMS,2008-02-01,0,20,0,11.941
CPNMS,2008-03-01,0,17,0,11.711
CPNMS,2008-04-01,0,27,0,11.093
CPNMS,2008-05-01,0,14,0,11.723
CPNMS,2008-06-01,0,9,0,12.588
CPNMS,2008-07-01,0,0,0,14.251
CPNMS,2008-08-01,0,0,0,15.218
CPNMS,2008-09-01,0,0,0,16.448
CPNMS,2008-10-01,0,5,0,15.33
CPNMS,2008-11-01,0,0,0,14.664
CPNMS,2008-12-01,0,7,0,13.459
CPNMS,2009-01-01,0,5,0,12.81
CPNMS,2009-02-01,0,0,0,12.764
CPNMS,2009-03-01,0,3,0,12.257
CPNMS,2009-04-01,0,18,0,11.546
CPNMS,2009-05-01,0,9,0,12.096
CPNMS,2009-06-01,14,0,1,14.546
CPNMS,2009-07-01,0,7,0,14.118
CPNMS,2009-08-01,0,2,0,14.959
CPNMS,2009-09-01,0,0,0,15.729
CPNMS,2009-10-01,0,6,0,15.278
CPNMS,2009-11-01,0,0,0,14.258
CPNMS,2009-12-01,0,0,0,13.491
CPNMS,2010-01-01,0,0,0,13.842
CPNMS,2010-02-01,0,0,0,13.687
CPNMS,2010-03-01,0,0,0,13.181
CPNMS,2010-04-01,0,0,0,13.06
CPNMS,2010-05-01,0,0,0,12.344
CPNMS,2010-06-01,0,0,0,12.606
CPNMS,2010-07-01,0,6,0,14.141
CPNMS,2010-08-01,0,18,0,14.326
CPNMS,2010-09-01,0,27,0,14.286
CPNMS,2010-10-01,0,0,0,15.152
CPNMS,2010-11-01,0,7,0,14.281
CPNMS,2010-12-01,0,4,0,13.176
CPNMS,2011-01-01,0,5,0,12.608
CPNMS,2011-02-01,0,0,0,12.697
CPNMS,2011-03-01,0,0,0,12.288
CPNMS,2011-04-01,0,0,0,12.557
CPNMS,2011-05-01,0,0,0,12.417
CPNMS,2011-06-01,0,0,0,13.111
CPNMS,2011-07-01,0,0,0,14.487
CPNMS,2011-08-01,0,3,0,14.739
CPNMS,2011-09-01,0,3,0,15.741
CPNMS,2011-10-01,0,0,0,16.136
CPNMS,2011-11-01,0,0,0,14.774
CPNMS,2011-12-01,0,0,0,13.64
CPNMS,2012-01-01,0,0,0,12.973
CPNMS,2012-02-01,0,11,0,12.279
CPNMS,2012-03-01,0,22,0,11.581
CPNMS,2012-04-01,0,7,0,11.794
CPNMS,2012-05-01,0,7,0,12.141
CPNMS,2012-06-01,0,10,0,12.944
CPNMS,2012-07-01,0,0,0,13.977
CPNMS,2012-08-01,0,8,0,14.645
CPNMS,2012-09-01,0,0,0,15.684
CPNMS,2012-10-01,0,0,0,16.768
CPNMS,2012-11-01,0,0,0,15.765
CPNMS,2012-12-01,12,0,1,14.705
CPNMS,2013-01-01,0,0,0,12.914
CPNMS,2013-02-01,0,9,0,12.121
CPNMS,2013-03-01,0,3,0,11.959
CPNMS,2013-04-01,0,0,0,12.292
CPNMS,2013-05-01,0,0,0,13.145
CPNMS,2013-06-01,0,0,0,13.496
CPNMS,2013-07-01,0,0,0,14.821
CPNMS,2013-08-01,0,6,0,14.788
CPNMS,2013-09-01,0,7,0,15.484
CPNMS,2013-10-01,0,5,0,15.271
CPNMS,2013-11-01,0,0,0,15.054
CPNMS,2013-12-01,0,0,0,13.707
CPNMS,2014-01-01,0,0,0,13.945
CPNMS,2014-02-01,0,0,0,13.472
CPNMS,2014-03-01,5,0,1,13.82
CPNMS,2014-04-01,1,0,1,13.494
CPNMS,2014-05-01,0,0,0,13.694
CPNMS,2014-06-01,0,0,0,13.983
CPNMS,2014-07-01,26,0,3,17.192
CPNMS,2014-08-01,31,0,2,17.922
CPNMS,2014-09-01,18,0,1,17.81
CPNMS,2014-10-01,29,0,2,18.115
CPNMS,2014-11-01,30,0,1,16.732
CPNMS,2014-12-01,31,0,2,16.447
CPNMS,2015-01-01,31,0,2,15.295
CPNMS,2015-02-01,28,0,2,15.25
CPNMS,2015-03-01,31,0,2,15.062
CPNMS,2015-04-01,13,0,1,13.808
CPNMS,2015-05-01,0,0,0,13.763
CPNMS,2015-06-01,5,0,1,14.585
CPNMS,2015-07-01,29,0,2,16.922
CPNMS,2015-08-01,31,0,2,18.047
CPNMS,2015-09-01,30,0,2,19.305
CPNMS,2015-10-01,31,0,2,19.007
CPNMS,2015-11-01,17,0,1,16.417
CPNMS,2015-12-01,25,0,1,15.245
CPNMS,2016-01-01,8,0,1,14.172
CPNMS,2016-02-01,2,0,1,14.011
CPNMS,2016-03-01,7,0,1,14.174
CPNMS,2016-04-01,14,0,2,13.968
CPNMS,2016-05-01,6,0,1,13.879
CPNMS,2016-06-01,0,0,0,14.357
CPNMS,2016-07-01,0,0,0,14.702
CPNMS,2016-08-01,0,0,0,16.054
CPNMS,2016-09-01,0,0,0,16.441
CPNMS,2016-10-01,0,0,0,16.036
CPNMS,2016-11-01,0,0,0,15.644
CPNMS,2016-12-01,0,0,0,13.675
CPNMS,2017-01-01,0,0,0,13.329
CPNMS,2017-02-01,0,0,0,13.495
CPNMS,2017-03-01,0,0,0,13.199
CPNMS,2017-04-01,0,0,0,13.038
CPNMS,2017-05-01,0,0,0,12.657
CPNMS,2017-06-01,0,0,0,12.909
CPNMS,2017-07-01,0,0,0,14.95
CPNMS,2017-08-01,5,0,1,16.329
CPNMS,2017-09-01,14,0,2,17.574
CPNMS,2017-10-01,0,0,0,15.85
CPNMS,2017-11-01,10,0,1,16.046
CPNMS,2017-12-01,8,0,1,14.763
CPNMS,2018-01-01,8,0,1,14.227
CPNMS,2018-02-01,0,0,0,13.777
CPNMS,2018-03-01,0,0,0,13.46
CPNMS,2018-04-01,0,0,0,13.394
CPNMS,2018-05-01,0,0,0,13.331
CPNMS,2018-06-01,0,0,0,13.026
CPNMS,2018-07-01,5,0,1,15.303
CPNMS,2018-08-01,14,0,1,16.417
CPNMS,2018-09-01,0,0,0,16.067
CPNMS,2018-10-01,11,0,1,17.089
CPNMS,2018-11-01,21,0,2,16.673
CPNMS,2018-12-01,26,0,1,15.252
CPNMS,2019-01-01,0,0,0,14.056
CPNMS,2019-02-01,0,0,0,13.675
CPNMS,2019-03-01,0,0,0,13.643
CPNMS,2019-04-01,9,0,2,13.724
CPNMS,2019-05-01,20,0,1,14.429
CPNMS,2019-06-01,0,0,0,14.447
CPNMS,2019-07-01,0,0,0,14.241
CPNMS,2019-08-01,0,0,0,15.415
CPNMS,2019-09-01,0,0,0,16.227
CPNMS,2019-10-01,0,6,0,15.247
CPNMS,2019-11-01,0,0,0,15.416
CPNMS,2019-12-01,0,0,0,14.458
CPNMS,2020-01-01,0,0,0,13.501
CPNMS,2020-02-01,0,0,0,13.477
CPNMS,2020-03-01,10,0,1,14.126
CPNMS,2020-04-01,7,0,1,13.587
CPNMS,2020-05-01,10,0,1,13.927
CPNMS,2020-06-01,5,0,1,13.444
CPNMS,2020-07-01,0,0,0,14.953
CPNMS,2020-08-01,0,0,0,15.809
CPNMS,2020-09-01,0,0,0,16.539
CPNMS,2020-10-01,16,0,1,17.242
CPNMS,2020-11-01,3,0,1,14.711
CPNMS,2020-12-01,0,0,0,13.475
CPNMS,2021-01-01,0,0,0,12.993
CPNMS,2021-02-01,0,0,0,12.428
CPNMS,2021-03-01,0,0,0,12.292
CPNMS,2021-04-01,0,0,0,12
CPNMS,2021-05-01,0,0,0,12.24
CPNMS,2021-06-01,0,0,0,13.523
CPNMS,2021-07-01,0,5,0,14.879
CPNMS,2021-08-01,0,0,0,15.975
CPNMS,2021-09-01,0,0,0,16.209
CPNMS,2021-10-01,0,11,0,14.988
CPNMS,2021-11-01,0,0,0,14.852
CPNMS,2021-12-01,0,0,0,13.993
CPNMS,2022-01-01,0,0,0,13.397
CPNMS,2022-02-01,0,0,0,13.19
CPNMS,2022-03-01,0,0,0,12.396
CPNMS,2022-04-01,0,0,0,12.061
CPNMS,2022-05-01,0,11,0,11.844
CPNMS,2022-06-01,0,0,0,13.325
CPNMS,2022-07-01,0,0,0,14.251
CPNMS,2022-08-01,0,6,0,15.192
CPNMS,2022-09-01,9,0,1,17.443
CPNMS,2022-10-01,0,1,0,15.908
CPNMS,2022-11-01,0,25,0,13.647
CPNMS,2022-12-01,0,0,0,13.626
CPNMS,2023-01-01,0,0,0,13.362
CPNMS,2023-02-01,0,0,0,12.559
CPNMS,2023-03-01,0,0,0,12.114
CPNMS,2023-04-01,0,7,0,11.652
CPNMS,2023-05-01,0,0,0,12.707
CPNMS,2023-06-01,5,1,1,14.459
CPNMS,2023-07-01,0,5,0,13.787
CPNMS,2023-08-01,13,0,2,16.694
CPNMS,2023-09-01,0,0,0,17.395
CPNMS,2023-10-01,0,0,0,16.69
CPNMS,2023-11-01,9,0,1,16.059
CPNMS,2023-12-01,24,0,2,15.279
CPNMS,2024-01-01,10,0,2,14.357
CPNMS,2024-02-01,6,0,1,14.103
CPNMS,2024-03-01,6,0,1,14.096
CPNMS,2024-04-01,0,0,0,13.256
CPNMS,2024-05-01,0,0,0,12.521
CPNMS,2024-06-01,0,0,0,13.254
CPNMS,2024-07-01,0,9,0,13.835
CPNMS,2024-08-01,0,17,0,14.355
CPNMS,2024-09-01,0,0,0,15.747
CPNMS,2024-10-01,0,0,0,15.916
CPNMS,2024-11-01,0,20,0,13.821
CPNMS,2024-12-01,0,0,0,13.807
CPNMS,2025-01-01,0,0,0,12.927
CPNMS,2025-02-01,0,0,0,12.567
CPNMS,2025-03-01,0,0,0,12.514
CPNMS,2025-04-01,0,0,0,12.861
CPNMS,2025-05-01,0,0,0,12.98
CPNMS,2025-06-01,0,9,0,12.938
CPNMS,2025-07-01,0,29,0,12.38
CPNMS,2025-08-01,1,9,1,15.189
CPNMS,2025-09-01,7,0,1,17.501
CPNMS,2025-10-01,4,0,1,16.85
CPNMS,2025-11-01,4,0,1,15.724
CPNMS,2025-12-01,31,0,1,15.526
CPNMS,2026-01-01,31,0,1,14.967
CPNMS,2026-02-01,28,0,2,15.176
CPNMS,2026-03-01,20,0,2,14.712
CINMS,1982-01-01,0,0,0,13.339
CINMS,1982-02-01,0,0,0,13.599
CINMS,1982-03-01,0,0,0,13.803
CINMS,1982-04-01,0,0,0,13.235
CINMS,1982-05-01,0,0,0,13.869
CINMS,1982-06-01,0,0,0,14.543
CINMS,1982-07-01,0,13,0,15.963
CINMS,1982-08-01,0,0,0,17.298
CINMS,1982-09-01,0,0,0,18.054
CINMS,1982-10-01,1,0,1,17.919
CINMS,1982-11-01,30,0,1,17.761
CINMS,1982-12-01,0,0,0,15.089
CINMS,1983-01-01,22,0,1,15.427
CINMS,1983-02-01,20,0,1,15.252
CINMS,1983-03-01,20,0,1,15.119
CINMS,1983-04-01,0,0,0,13.862
CINMS,1983-05-01,0,0,0,14.287
CINMS,1983-06-01,0,0,0,15.706
CINMS,1983-07-01,13,0,1,18.258
CINMS,1983-08-01,0,0,0,19.031
CINMS,1983-09-01,15,0,1,19.486
CINMS,1983-10-01,24,0,1,19.367
CINMS,1983-11-01,20,0,1,17.595
CINMS,1983-12-01,0,0,0,15.209
CINMS,1984-01-01,5,0,1,14.964
CINMS,1984-02-01,0,0,0,14.54
CINMS,1984-03-01,0,0,0,14.721
CINMS,1984-04-01,0,0,0,13.822
CINMS,1984-05-01,4,0,1,14.447
CINMS,1984-06-01,1,0,1,16.063
CINMS,1984-07-01,7,0,1,18.121
CINMS,1984-08-01,20,0,2,19.812
CINMS,1984-09-01,24,0,1,20.105
CINMS,1984-10-01,1,0,1,17.136
CINMS,1984-11-01,0,0,0,15.808
CINMS,1984-12-01,0,0,0,14.092
CINMS,1985-01-01,0,0,0,13.737
CINMS,1985-02-01,0,0,0,13.25
CINMS,1985-03-01,0,6,0,12.84
CINMS,1985-04-01,0,0,0,13.3
CINMS,1985-05-01,0,0,0,13.133
CINMS,1985-06-01,0,0,0,15.208
CINMS,1985-07-01,0,0,0,17.259
CINMS,1985-08-01,0,0,0,17.891
CINMS,1985-09-01,0,0,0,18.361
CINMS,1985-10-01,0,0,0,17.641
CINMS,1985-11-01,0,10,0,15.497
CINMS,1985-12-01,0,0,0,13.855
CINMS,1986-01-01,0,0,0,14.283
CINMS,1986-02-01,0,0,0,14.219
CINMS,1986-03-01,0,0,0,14.248
CINMS,1986-04-01,0,0,0,13.939
CINMS,1986-05-01,0,0,0,13.791
CINMS,1986-06-01,0,0,0,14.847
CINMS,1986-07-01,0,0,0,17.046
CINMS,1986-08-01,0,0,0,16.626
CINMS,1986-09-01,0,0,0,17.034
CINMS,1986-10-01,0,0,0,17.626
CINMS,1986-11-01,0,0,0,16.493
CINMS,1986-12-01,30,0,1,16.197
CINMS,1987-01-01,4,0,1,14.151
CINMS,1987-02-01,0,0,0,13.934
CINMS,1987-03-01,0,6,0,13.19
CINMS,1987-04-01,0,0,0,13.382
CINMS,1987-05-01,0,0,0,14.911
CINMS,1987-06-01,0,0,0,14.67
CINMS,1987-07-01,0,4,0,16.263
CINMS,1987-08-01,0,1,0,17.308
CINMS,1987-09-01,0,0,0,17.785
CINMS,1987-10-01,0,0,0,18.364
CINMS,1987-11-01,0,0,0,16.617
CINMS,1987-12-01,0,0,0,14.35
CINMS,1988-01-01,0,0,0,13.326
CINMS,1988-02-01,0,0,0,13.533
CINMS,1988-03-01,0,0,0,14.113
CINMS,1988-04-01,0,0,0,14.403
CINMS,1988-05-01,0,0,0,13.327
CINMS,1988-06-01,0,27,0,13.68
CINMS,1988-07-01,0,3,0,16.457
CINMS,1988-08-01,0,0,0,17.63
CINMS,1988-09-01,0,0,0,16.628
CINMS,1988-10-01,0,0,0,16.845
CINMS,1988-11-01,0,14,0,14.737
CINMS,1988-12-01,0,17,0,13.326
CINMS,1989-01-01,0,31,0,12.34
CINMS,1989-02-01,0,21,0,12.327
CINMS,1989-03-01,0,6,0,12.659
CINMS,1989-04-01,8,0,1,13.957
CINMS,1989-05-01,0,3,0,13.666
CINMS,1989-06-01,0,2,0,14.758
CINMS,1989-07-01,0,0,0,16.561
CINMS,1989-08-01,0,0,0,17.285
CINMS,1989-09-01,0,0,0,17.007
CINMS,1989-10-01,0,0,0,17.167
CINMS,1989-11-01,0,0,0,16.21
CINMS,1989-12-01,12,0,1,15.764
CINMS,1990-01-01,1,0,1,14.509
CINMS,1990-02-01,0,7,0,12.916
CINMS,1990-03-01,0,0,0,12.809
CINMS,1990-04-01,0,0,0,14.052
CINMS,1990-05-01,0,0,0,14.603
CINMS,1990-06-01,0,0,0,14.843
CINMS,1990-07-01,0,0,0,17.496
CINMS,1990-08-01,0,0,0,18.396
CINMS,1990-09-01,0,0,0,17.995
CINMS,1990-10-01,10,0,1,18.339
CINMS,1990-11-01,0,0,0,17.082
CINMS,1990-12-01,14,0,1,15.268
CINMS,1991-01-01,0,0,0,14.175
CINMS,1991-02-01,5,0,1,14.546
CINMS,1991-03-01,0,0,0,13.682
CINMS,1991-04-01,0,0,0,13.022
CINMS,1991-05-01,0,30,0,12.13
CINMS,1991-06-01,0,6,0,14.198
CINMS,1991-07-01,0,0,0,16.333
CINMS,1991-08-01,0,0,0,17.123
CINMS,1991-09-01,0,0,0,17.047
CINMS,1991-10-01,0,0,0,17.549
CINMS,1991-11-01,0,0,0,15.654
CINMS,1991-12-01,0,0,0,14.287
CINMS,1992-01-01,0,0,0,14.088
CINMS,1992-02-01,5,0,1,14.799
CINMS,1992-03-01,24,0,1,15.239
CINMS,1992-04-01,30,0,2,15.82
CINMS,1992-05-01,29,0,2,16.134
CINMS,1992-06-01,0,7,0,15.313
CINMS,1992-07-01,0,0,0,17.019
CINMS,1992-08-01,16,0,1,19.393
CINMS,1992-09-01,0,0,0,18.511
CINMS,1992-10-01,5,0,1,18.126
CINMS,1992-11-01,7,0,1,17.413
CINMS,1992-12-01,0,0,0,15.173
CINMS,1993-01-01,0,0,0,14.255
CINMS,1993-02-01,0,0,0,14.714
CINMS,1993-03-01,0,0,0,14.737
CINMS,1993-04-01,0,0,0,13.737
CINMS,1993-05-01,7,0,1,15.084
CINMS,1993-06-01,17,0,1,16.521
CINMS,1993-07-01,18,0,1,18.377
CINMS,1993-08-01,5,0,1,18.098
CINMS,1993-09-01,0,0,0,18.068
CINMS,1993-10-01,0,0,0,18.087
CINMS,1993-11-01,0,0,0,16.903
CINMS,1993-12-01,0,0,0,15.159
CINMS,1994-01-01,0,0,0,14.858
CINMS,1994-02-01,0,0,0,14.046
CINMS,1994-03-01,0,0,0,14.282
CINMS,1994-04-01,0,0,0,13.295
CINMS,1994-05-01,0,0,0,13.716
CINMS,1994-06-01,0,0,0,15.089
CINMS,1994-07-01,0,0,0,16.452
CINMS,1994-08-01,0,0,0,18.256
CINMS,1994-09-01,0,0,0,17.653
CINMS,1994-10-01,0,0,0,17.463
CINMS,1994-11-01,0,0,0,15.136
CINMS,1994-12-01,0,0,0,14.107
CINMS,1995-01-01,0,0,0,13.938
CINMS,1995-02-01,0,0,0,14.549
CINMS,1995-03-01,8,0,1,14.766
CINMS,1995-04-01,0,5,0,13.313
CINMS,1995-05-01,0,0,0,13.156
CINMS,1995-06-01,0,0,0,14.554
CINMS,1995-07-01,0,0,0,16.45
CINMS,1995-08-01,0,0,0,17.159
CINMS,1995-09-01,0,0,0,17.563
CINMS,1995-10-01,5,0,1,18.376
CINMS,1995-11-01,0,0,0,16.78
CINMS,1995-12-01,0,0,0,15.184
CINMS,1996-01-01,8,0,1,14.418
CINMS,1996-02-01,0,0,0,14.36
CINMS,1996-03-01,0,0,0,14.016
CINMS,1996-04-01,2,0,1,13.54
CINMS,1996-05-01,15,0,2,15.063
CINMS,1996-06-01,0,0,0,15.749
CINMS,1996-07-01,0,0,0,16.793
CINMS,1996-08-01,0,0,0,17.661
CINMS,1996-09-01,0,0,0,18.42
CINMS,1996-10-01,0,7,0,16.541
CINMS,1996-11-01,0,7,0,15.143
CINMS,1996-12-01,0,0,0,14.272
CINMS,1997-01-01,0,0,0,14.121
CINMS,1997-02-01,0,0,0,13.487
CINMS,1997-03-01,6,0,1,13.897
CINMS,1997-04-01,0,0,0,13.813
CINMS,1997-05-01,13,0,2,15.496
CINMS,1997-06-01,5,0,2,16.922
CINMS,1997-07-01,0,0,0,17.87
CINMS,1997-08-01,16,0,1,19.571
CINMS,1997-09-01,30,0,1,20.318
CINMS,1997-10-01,24,0,2,19.371
CINMS,1997-11-01,30,0,2,18.952
CINMS,1997-12-01,31,0,2,17.003
CINMS,1998-01-01,31,0,2,16.386
CINMS,1998-02-01,27,0,2,15.815
CINMS,1998-03-01,16,0,1,15.119
CINMS,1998-04-01,0,0,0,14.062
CINMS,1998-05-01,0,0,0,14.546
CINMS,1998-06-01,0,0,0,15.818
CINMS,1998-07-01,5,0,1,17.636
CINMS,1998-08-01,0,0,0,18.724
CINMS,1998-09-01,0,0,0,19.021
CINMS,1998-10-01,0,0,0,16.916
CINMS,1998-11-01,0,0,0,15.294
CINMS,1998-12-01,0,10,0,13.423
CINMS,1999-01-01,0,0,0,13.573
CINMS,1999-02-01,0,11,0,12.824
CINMS,1999-03-01,0,14,0,12.448
CINMS,1999-04-01,0,16,0,12.221
CINMS,1999-05-01,0,0,0,13.482
CINMS,1999-06-01,0,11,0,14.462
CINMS,1999-07-01,0,5,0,16.892
CINMS,1999-08-01,0,25,0,15.852
CINMS,1999-09-01,0,12,0,16.638
CINMS,1999-10-01,0,8,0,16.193
CINMS,1999-11-01,0,0,0,15.765
CINMS,1999-12-01,0,0,0,13.787
CINMS,2000-01-01,0,0,0,13.364
CINMS,2000-02-01,0,0,0,13.512
CINMS,2000-03-01,0,0,0,13.154
CINMS,2000-04-01,0,0,0,13.743
CINMS,2000-05-01,0,0,0,13.831
CINMS,2000-06-01,17,0,1,16.82
CINMS,2000-07-01,0,0,0,17.085
CINMS,2000-08-01,0,0,0,18.084
CINMS,2000-09-01,0,0,0,18.089
CINMS,2000-10-01,0,0,0,16.895
CINMS,2000-11-01,0,12,0,14.825
CINMS,2000-12-01,0,0,0,14.078
CINMS,2001-01-01,0,5,0,13.649
CINMS,2001-02-01,0,9,0,12.666
CINMS,2001-03-01,0,0,0,13.255
CINMS,2001-04-01,0,12,0,12.54
CINMS,2001-05-01,3,1,1,14.913
CINMS,2001-06-01,14,0,1,16.724
CINMS,2001-07-01,6,0,1,16.942
CINMS,2001-08-01,0,12,0,16.605
CINMS,2001-09-01,0,0,0,17.402
CINMS,2001-10-01,0,0,0,16.813
CINMS,2001-11-01,0,0,0,16.087
CINMS,2001-12-01,0,13,0,13.411
CINMS,2002-01-01,0,5,0,13.403
CINMS,2002-02-01,0,4,0,13.252
CINMS,2002-03-01,0,0,0,13.274
CINMS,2002-04-01,0,0,0,13.095
CINMS,2002-05-01,0,0,0,13.361
CINMS,2002-06-01,0,0,0,15.47
CINMS,2002-07-01,0,0,0,16.54
CINMS,2002-08-01,0,0,0,16.721
CINMS,2002-09-01,0,8,0,16.66
CINMS,2002-10-01,0,0,0,16.509
CINMS,2002-11-01,0,0,0,15.646
CINMS,2002-12-01,0,0,0,15.165
CINMS,2003-01-01,0,0,0,14.85
CINMS,2003-02-01,0,0,0,14.689
CINMS,2003-03-01,0,0,0,13.477
CINMS,2003-04-01,0,0,0,13.001
CINMS,2003-05-01,0,6,0,13.446
CINMS,2003-06-01,0,0,0,15.508
CINMS,2003-07-01,13,6,1,17.426
CINMS,2003-08-01,3,0,1,17.564
CINMS,2003-09-01,0,5,0,16.852
CINMS,2003-10-01,0,7,0,17.18
CINMS,2003-11-01,0,7,0,15.484
CINMS,2003-12-01,0,0,0,14.185
CINMS,2004-01-01,0,0,0,13.623
CINMS,2004-02-01,0,0,0,13.191
CINMS,2004-03-01,0,0,0,13.899
CINMS,2004-04-01,0,0,0,14.004
CINMS,2004-05-01,6,0,1,14.689
CINMS,2004-06-01,0,0,0,15.555
CINMS,2004-07-01,0,0,0,17.31
CINMS,2004-08-01,0,0,0,18.279
CINMS,2004-09-01,13,0,1,19.441
CINMS,2004-10-01,0,0,0,17.057
CINMS,2004-11-01,0,0,0,16.19
CINMS,2004-12-01,0,0,0,14.93
CINMS,2005-01-01,0,0,0,14.644
CINMS,2005-02-01,0,0,0,14.706
CINMS,2005-03-01,16,0,1,14.964
CINMS,2005-04-01,0,0,0,13.386
CINMS,2005-05-01,0,0,0,14.137
CINMS,2005-06-01,0,1,0,14.699
CINMS,2005-07-01,0,12,0,15.926
CINMS,2005-08-01,0,0,0,18.117
CINMS,2005-09-01,0,0,0,17.266
CINMS,2005-10-01,0,12,0,15.893
CINMS,2005-11-01,0,0,0,15.476
CINMS,2005-12-01,0,0,0,14.529
CINMS,2006-01-01,0,6,0,13.367
CINMS,2006-02-01,0,0,0,13.522
CINMS,2006-03-01,0,14,0,12.363
CINMS,2006-04-01,0,0,0,13.745
CINMS,2006-05-01,0,0,0,14.645
CINMS,2006-06-01,0,0,0,15.514
CINMS,2006-07-01,12,5,2,17.972
CINMS,2006-08-01,11,0,2,18.899
CINMS,2006-09-01,0,0,0,17.756
CINMS,2006-10-01,0,0,0,17.059
CINMS,2006-11-01,0,0,0,16.609
CINMS,2006-12-01,0,0,0,14.897
CINMS,2007-01-01,0,0,0,13.693
CINMS,2007-02-01,0,0,0,13.944
CINMS,2007-03-01,0,0,0,13.637
CINMS,2007-04-01,0,0,0,13.098
CINMS,2007-05-01,0,0,0,13.51
CINMS,2007-06-01,0,0,0,14.885
CINMS,2007-07-01,0,0,0,17.002
CINMS,2007-08-01,0,0,0,17.889
CINMS,2007-09-01,0,9,0,17.022
CINMS,2007-10-01,0,27,0,15.529
CINMS,2007-11-01,0,1,0,15.048
CINMS,2007-12-01,0,12,0,13.448
CINMS,2008-01-01,0,18,0,12.933
CINMS,2008-02-01,0,7,0,12.862
CINMS,2008-03-01,0,4,0,12.743
CINMS,2008-04-01,0,14,0,12.193
CINMS,2008-05-01,0,0,0,13.569
CINMS,2008-06-01,0,5,0,15.348
CINMS,2008-07-01,5,0,1,17.531
CINMS,2008-08-01,0,0,0,18.615
CINMS,2008-09-01,0,0,0,18.106
CINMS,2008-10-01,0,0,0,17.01
CINMS,2008-11-01,0,0,0,15.888
CINMS,2008-12-01,0,6,0,14.253
CINMS,2009-01-01,0,0,0,13.366
CINMS,2009-02-01,0,0,0,13.287
CINMS,2009-03-01,0,0,0,13.129
CINMS,2009-04-01,0,0,0,12.877
CINMS,2009-05-01,0,5,0,13.868
CINMS,2009-06-01,6,0,1,16.138
CINMS,2009-07-01,0,0,0,17.039
CINMS,2009-08-01,0,0,0,16.989
CINMS,2009-09-01,0,0,0,18.539
CINMS,2009-10-01,0,0,0,17.26
CINMS,2009-11-01,0,0,0,15.915
CINMS,2009-12-01,0,0,0,14.404
CINMS,2010-01-01,0,0,0,14.53
CINMS,2010-02-01,0,0,0,14.427
CINMS,2010-03-01,0,0,0,13.659
CINMS,2010-04-01,0,0,0,13.441
CINMS,2010-05-01,0,18,0,12.673
CINMS,2010-06-01,0,8,0,14.414
CINMS,2010-07-01,0,14,0,15.83
CINMS,2010-08-01,0,28,0,15.533
CINMS,2010-09-01,0,24,0,16.003
CINMS,2010-10-01,0,0,0,16.775
CINMS,2010-11-01,0,7,0,15.148
CINMS,2010-12-01,0,18,0,13.376
CINMS,2011-01-01,0,16,0,13.023
CINMS,2011-02-01,0,0,0,13.349
CINMS,2011-03-01,0,14,0,12.407
CINMS,2011-04-01,0,5,0,13.075
CINMS,2011-05-01,0,6,0,13.04
CINMS,2011-06-01,0,4,0,14.596
CINMS,2011-07-01,0,0,0,17.165
CINMS,2011-08-01,0,0,0,16.771
CINMS,2011-09-01,0,0,0,17.343
CINMS,2011-10-01,0,6,0,16.503
CINMS,2011-11-01,0,11,0,14.936
CINMS,2011-12-01,0,0,0,14.186
CINMS,2012-01-01,0,0,0,13.75
CINMS,2012-02-01,0,7,0,13.069
CINMS,2012-03-01,0,8,0,12.432
CINMS,2012-04-01,0,8,0,12.613
CINMS,2012-05-01,0,0,0,14.056
CINMS,2012-06-01,0,0,0,15.286
CINMS,2012-07-01,0,0,0,16.302
CINMS,2012-08-01,0,0,0,18.049
CINMS,2012-09-01,0,0,0,18.767
CINMS,2012-10-01,7,0,1,18.724
CINMS,2012-11-01,0,0,0,16.507
CINMS,2012-12-01,0,0,0,14.992
CINMS,2013-01-01,0,22,0,12.905
CINMS,2013-02-01,0,12,0,12.736
CINMS,2013-03-01,0,1,0,13.003
CINMS,2013-04-01,0,0,0,13.574
CINMS,2013-05-01,7,0,1,14.951
CINMS,2013-06-01,0,0,0,16.138
CINMS,2013-07-01,5,0,1,17.272
CINMS,2013-08-01,0,9,0,16.72
CINMS,2013-09-01,0,0,0,17.594
CINMS,2013-10-01,0,0,0,17.384
CINMS,2013-11-01,0,0,0,16.473
CINMS,2013-12-01,0,0,0,14.493
CINMS,2014-01-01,0,0,0,14.813
CINMS,2014-02-01,0,0,0,14.12
CINMS,2014-03-01,12,0,1,14.819
CINMS,2014-04-01,0,0,0,13.984
CINMS,2014-05-01,0,0,0,14.726
CINMS,2014-06-01,4,0,1,16.598
CINMS,2014-07-01,31,0,2,19.4
CINMS,2014-08-01,14,0,1,19.43
CINMS,2014-09-01,26,0,1,20.091
CINMS,2014-10-01,29,0,2,19.951
CINMS,2014-11-01,30,0,2,18.047
CINMS,2014-12-01,31,0,2,16.933
CINMS,2015-01-01,28,0,2,15.805
CINMS,2015-02-01,28,0,2,15.877
CINMS,2015-03-01,28,0,2,15.769
CINMS,2015-04-01,23,0,2,14.85
CINMS,2015-05-01,4,0,2,14.812
CINMS,2015-06-01,0,0,0,16.355
CINMS,2015-07-01,17,0,2,18.762
CINMS,2015-08-01,24,0,2,19.787
CINMS,2015-09-01,30,0,2,21.506
CINMS,2015-10-01,31,0,3,21.023
CINMS,2015-11-01,19,0,1,17.687
CINMS,2015-12-01,25,0,2,16.375
CINMS,2016-01-01,0,0,0,14.82
CINMS,2016-02-01,7,0,1,14.834
CINMS,2016-03-01,8,0,1,14.872
CINMS,2016-04-01,12,0,2,14.445
CINMS,2016-05-01,0,0,0,14.761
CINMS,2016-06-01,0,0,0,15.604
CINMS,2016-07-01,14,0,1,18.51
CINMS,2016-08-01,4,0,1,19.009
CINMS,2016-09-01,0,0,0,18.812
CINMS,2016-10-01,0,0,0,17.576
CINMS,2016-11-01,0,0,0,16.765
CINMS,2016-12-01,0,0,0,14.367
CINMS,2017-01-01,0,0,0,14
CINMS,2017-02-01,0,0,0,13.719
CINMS,2017-03-01,0,0,0,13.789
CINMS,2017-04-01,0,0,0,13.394
CINMS,2017-05-01,0,0,0,13.92
CINMS,2017-06-01,0,0,0,15.426
CINMS,2017-07-01,0,0,0,17.888
CINMS,2017-08-01,0,0,0,18.529
CINMS,2017-09-01,6,0,1,19.137
CINMS,2017-10-01,6,0,1,18.461
CINMS,2017-11-01,0,0,0,16.881
CINMS,2017-12-01,0,0,0,15.317
CINMS,2018-01-01,5,0,1,14.843
CINMS,2018-02-01,7,0,1,14.617
CINMS,2018-03-01,0,0,0,13.671
CINMS,2018-04-01,0,0,0,13.008
CINMS,2018-05-01,0,0,0,14.004
CINMS,2018-06-01,0,0,0,15.674
CINMS,2018-07-01,20,0,2,18.687
CINMS,2018-08-01,25,0,2,19.937
CINMS,2018-09-01,0,0,0,18.838
CINMS,2018-10-01,14,0,1,18.826
CINMS,2018-11-01,30,0,1,18.051
CINMS,2018-12-01,19,0,1,15.876
CINMS,2019-01-01,0,0,0,14.808
CINMS,2019-02-01,0,0,0,14.081
CINMS,2019-03-01,0,0,0,13.759
CINMS,2019-04-01,2,0,1,13.854
CINMS,2019-05-01,6,0,1,14.363
CINMS,2019-06-01,0,0,0,15.583
CINMS,2019-07-01,0,0,0,16.928
CINMS,2019-08-01,0,0,0,17.296
CINMS,2019-09-01,0,0,0,18.769
CINMS,2019-10-01,0,0,0,17.24
CINMS,2019-11-01,0,0,0,16.792
CINMS,2019-12-01,0,0,0,14.94
CINMS,2020-01-01,0,0,0,14.398
CINMS,2020-02-01,0,0,0,14.624
CINMS,2020-03-01,5,0,1,14.781
CINMS,2020-04-01,7,0,1,14.493
CINMS,2020-05-01,7,0,1,14.876
CINMS,2020-06-01,0,0,0,15.871
CINMS,2020-07-01,0,0,0,17.601
CINMS,2020-08-01,0,0,0,18.075
CINMS,2020-09-01,0,0,0,18.794
CINMS,2020-10-01,20,0,1,18.955
CINMS,2020-11-01,0,0,0,15.577
CINMS,2020-12-01,0,0,0,14.268
CINMS,2021-01-01,0,0,0,13.742
CINMS,2021-02-01,0,9,0,12.881
CINMS,2021-03-01,0,6,0,12.587
CINMS,2021-04-01,0,0,0,12.939
CINMS,2021-05-01,0,0,0,14.13
CINMS,2021-06-01,0,0,0,15.55
CINMS,2021-07-01,12,0,1,18.016
CINMS,2021-08-01,0,0,0,18.24
CINMS,2021-09-01,0,0,0,17.489
CINMS,2021-10-01,0,6,0,16.375
CINMS,2021-11-01,0,0,0,15.626
CINMS,2021-12-01,0,0,0,14.356
CINMS,2022-01-01,0,0,0,13.861
CINMS,2022-02-01,0,0,0,14.075
CINMS,2022-03-01,0,0,0,13.406
CINMS,2022-04-01,0,0,0,13.452
CINMS,2022-05-01,0,5,0,13.396
CINMS,2022-06-01,0,0,0,16.004
CINMS,2022-07-01,0,0,0,17.114
CINMS,2022-08-01,0,0,0,17.886
CINMS,2022-09-01,18,0,1,19.72
CINMS,2022-10-01,0,0,0,18.017
CINMS,2022-11-01,0,14,0,14.915
CINMS,2022-12-01,0,0,0,14.658
CINMS,2023-01-01,0,0,0,13.763
CINMS,2023-02-01,0,7,0,12.94
CINMS,2023-03-01,0,9,0,12.614
CINMS,2023-04-01,0,13,0,12.462
CINMS,2023-05-01,0,0,0,14.422
CINMS,2023-06-01,0,0,0,15.88
CINMS,2023-07-01,0,5,0,16.752
CINMS,2023-08-01,0,0,0,18.779
CINMS,2023-09-01,0,0,0,18.834
CINMS,2023-10-01,0,0,0,17.617
CINMS,2023-11-01,0,0,0,16.869
CINMS,2023-12-01,20,0,1,16.138
CINMS,2024-01-01,7,0,1,14.833
CINMS,2024-02-01,0,0,0,14.543
CINMS,2024-03-01,0,0,0,14.279
CINMS,2024-04-01,0,0,0,13.624
CINMS,2024-05-01,0,0,0,13.543
CINMS,2024-06-01,0,5,0,14.703
CINMS,2024-07-01,0,0,0,16.599
CINMS,2024-08-01,0,0,0,17.277
CINMS,2024-09-01,0,0,0,17.479
CINMS,2024-10-01,0,0,0,17.053
CINMS,2024-11-01,0,21,0,14.538
CINMS,2024-12-01,0,0,0,14.096
CINMS,2025-01-01,0,0,0,13.48
CINMS,2025-02-01,0,0,0,13.105
CINMS,2025-03-01,0,10,0,12.554
CINMS,2025-04-01,0,0,0,13.154
CINMS,2025-05-01,0,0,0,14.404
CINMS,2025-06-01,0,0,0,15.906
CINMS,2025-07-01,0,0,0,17.071
CINMS,2025-08-01,0,5,0,17.714
CINMS,2025-09-01,3,0,1,19.387
CINMS,2025-10-01,2,0,1,18.134
CINMS,2025-11-01,4,0,1,16.908
CINMS,2025-12-01,24,0,1,16.255
CINMS,2026-01-01,31,0,1,15.631
CINMS,2026-02-01,25,0,2,15.703
CINMS,2026-03-01,21,0,2,15.542
PNMS,1982-01-01,0,0,0,21.622
PNMS,1982-02-01,0,19,0,20.599
PNMS,1982-03-01,0,31,0,20.635
PNMS,1982-04-01,0,20,0,21.287
PNMS,1982-05-01,0,0,0,22.623
PNMS,1982-06-01,0,29,0,23.61
PNMS,1982-07-01,0,31,0,25.393
PNMS,1982-08-01,0,31,0,26.099
PNMS,1982-09-01,0,30,0,26.197
PNMS,1982-10-01,0,4,0,26.009
PNMS,1982-11-01,0,0,0,24.994
PNMS,1982-12-01,0,26,0,22.16
PNMS,1983-01-01,0,31,0,21.155
PNMS,1983-02-01,0,28,0,20.265
PNMS,1983-03-01,0,20,0,20.706
PNMS,1983-04-01,0,15,0,21.478
PNMS,1983-05-01,0,9,0,22.687
PNMS,1983-06-01,0,1,0,25.113
PNMS,1983-07-01,0,0,0,26.547
PNMS,1983-08-01,0,25,0,26.121
PNMS,1983-09-01,0,15,0,26.622
PNMS,1983-10-01,0,0,0,25.972
PNMS,1983-11-01,0,0,0,24.951
PNMS,1983-12-01,0,0,0,23.13
PNMS,1984-01-01,0,0,0,21.691
PNMS,1984-02-01,0,0,0,21.471
PNMS,1984-03-01,0,0,0,21.665
PNMS,1984-04-01,0,0,0,22.615
PNMS,1984-05-01,9,0,1,24.332
PNMS,1984-06-01,14,0,1,26.003
PNMS,1984-07-01,24,0,1,26.95
PNMS,1984-08-01,0,0,0,27.179
PNMS,1984-09-01,0,0,0,26.742
PNMS,1984-10-01,0,7,0,25.833
PNMS,1984-11-01,0,1,0,24.767
PNMS,1984-12-01,0,0,0,23.121
PNMS,1985-01-01,0,0,0,21.615
PNMS,1985-02-01,0,6,0,20.968
PNMS,1985-03-01,0,0,0,21.316
PNMS,1985-04-01,0,0,0,21.827
PNMS,1985-05-01,0,0,0,23.122
PNMS,1985-06-01,0,0,0,25.266
PNMS,1985-07-01,0,9,0,25.809
PNMS,1985-08-01,0,0,0,26.522
PNMS,1985-09-01,0,0,0,26.891
PNMS,1985-10-01,0,0,0,26.114
PNMS,1985-11-01,0,7,0,24.324
PNMS,1985-12-01,0,13,0,22.607
PNMS,1986-01-01,0,0,0,21.763
PNMS,1986-02-01,0,8,0,20.849
PNMS,1986-03-01,0,17,0,20.778
PNMS,1986-04-01,0,0,0,21.821
PNMS,1986-05-01,0,0,0,22.78
PNMS,1986-06-01,0,6,0,24.468
PNMS,1986-07-01,0,15,0,25.677
PNMS,1986-08-01,0,17,0,26.264
PNMS,1986-09-01,0,0,0,26.863
PNMS,1986-10-01,0,0,0,26.063
PNMS,1986-11-01,0,0,0,24.441
PNMS,1986-12-01,0,0,0,23.251
PNMS,1987-01-01,0,0,0,22.028
PNMS,1987-02-01,0,0,0,21.027
PNMS,1987-03-01,0,6,0,20.988
PNMS,1987-04-01,0,19,0,21.417
PNMS,1987-05-01,0,31,0,21.987
PNMS,1987-06-01,0,30,0,23.626
PNMS,1987-07-01,0,7,0,25.887
PNMS,1987-08-01,0,0,0,27.157
PNMS,1987-09-01,0,0,0,27.05
PNMS,1987-10-01,0,16,0,25.519
PNMS,1987-11-01,0,0,0,24.224
PNMS,1987-12-01,0,9,0,22.876
PNMS,1988-01-01,0,0,0,21.86
PNMS,1988-02-01,0,0,0,21.473
PNMS,1988-03-01,0,0,0,21.794
PNMS,1988-04-01,0,0,0,22.511
PNMS,1988-05-01,0,0,0,23.388
PNMS,1988-06-01,18,0,1,25.978
PNMS,1988-07-01,8,0,1,26.739
PNMS,1988-08-01,0,0,0,27.181
PNMS,1988-09-01,0,0,0,26.925
PNMS,1988-10-01,0,0,0,26.392
PNMS,1988-11-01,0,0,0,25.182
PNMS,1988-12-01,0,0,0,23.745
PNMS,1989-01-01,15,0,1,23.135
PNMS,1989-02-01,0,0,0,21.697
PNMS,1989-03-01,0,0,0,21.808
PNMS,1989-04-01,0,0,0,21.937
PNMS,1989-05-01,0,0,0,23.127
PNMS,1989-06-01,0,0,0,25.002
PNMS,1989-07-01,0,12,0,25.672
PNMS,1989-08-01,0,6,0,26.944
PNMS,1989-09-01,0,1,0,27.046
PNMS,1989-10-01,0,13,0,25.734
PNMS,1989-11-01,0,0,0,24.467
PNMS,1989-12-01,0,0,0,22.835
PNMS,1990-01-01,0,0,0,21.829
PNMS,1990-02-01,0,0,0,21.25
PNMS,1990-03-01,0,0,0,21.093
PNMS,1990-04-01,0,0,0,21.672
PNMS,1990-05-01,0,0,0,22.703
PNMS,1990-06-01,0,11,0,24.592
PNMS,1990-07-01,0,20,0,25.579
PNMS,1990-08-01,0,7,0,26.611
PNMS,1990-09-01,0,1,0,26.94
PNMS,1990-10-01,0,0,0,26.402
PNMS,1990-11-01,0,0,0,24.79
PNMS,1990-12-01,0,0,0,23.184
PNMS,1991-01-01,0,0,0,22.021
PNMS,1991-02-01,0,0,0,20.879
PNMS,1991-03-01,0,5,0,20.997
PNMS,1991-04-01,0,0,0,22.087
PNMS,1991-05-01,0,0,0,23.232
PNMS,1991-06-01,0,0,0,24.692
PNMS,1991-07-01,0,0,0,26.132
PNMS,1991-08-01,0,0,0,26.866
PNMS,1991-09-01,0,0,0,27.471
PNMS,1991-10-01,0,0,0,25.99
PNMS,1991-11-01,0,0,0,24.612
PNMS,1991-12-01,0,0,0,22.925
PNMS,1992-01-01,0,0,0,21.6
PNMS,1992-02-01,0,13,0,20.719
PNMS,1992-03-01,0,9,0,21.029
PNMS,1992-04-01,0,5,0,21.635
PNMS,1992-05-01,0,30,0,21.938
PNMS,1992-06-01,0,10,0,24.394
PNMS,1992-07-01,0,0,0,25.905
PNMS,1992-08-01,0,0,0,26.666
PNMS,1992-09-01,0,0,0,26.761
PNMS,1992-10-01,0,15,0,25.615
PNMS,1992-11-01,0,13,0,24.093
PNMS,1992-12-01,0,12,0,22.743
PNMS,1993-01-01,0,19,0,21.256
PNMS,1993-02-01,0,18,0,20.753
PNMS,1993-03-01,0,0,0,21.304
PNMS,1993-04-01,0,0,0,22.504
PNMS,1993-05-01,0,0,0,23.729
PNMS,1993-06-01,0,0,0,25.453
PNMS,1993-07-01,0,0,0,26.613
PNMS,1993-08-01,0,0,0,26.941
PNMS,1993-09-01,0,0,0,27.327
PNMS,1993-10-01,0,16,0,25.604
PNMS,1993-11-01,0,21,0,24.016
PNMS,1993-12-01,0,0,0,22.954
PNMS,1994-01-01,0,0,0,21.486
PNMS,1994-02-01,0,0,0,21.28
PNMS,1994-03-01,0,0,0,21.18
PNMS,1994-04-01,0,0,0,21.789
PNMS,1994-05-01,0,0,0,23.313
PNMS,1994-06-01,0,0,0,25.19
PNMS,1994-07-01,0,0,0,25.809
PNMS,1994-08-01,6,0,1,27.121
PNMS,1994-09-01,0,0,0,26.993
PNMS,1994-10-01,0,0,0,26.12
PNMS,1994-11-01,0,0,0,24.901
PNMS,1994-12-01,6,0,1,24.148
PNMS,1995-01-01,0,0,0,22.751
PNMS,1995-02-01,0,0,0,21.389
PNMS,1995-03-01,0,0,0,21.131
PNMS,1995-04-01,0,0,0,22
PNMS,1995-05-01,0,5,0,22.465
PNMS,1995-06-01,0,0,0,24.95
PNMS,1995-07-01,0,0,0,26.591
PNMS,1995-08-01,0,0,0,26.798
PNMS,1995-09-01,0,0,0,27.201
PNMS,1995-10-01,8,0,1,26.699
PNMS,1995-11-01,0,0,0,24.673
PNMS,1995-12-01,0,0,0,23.524
PNMS,1996-01-01,0,0,0,22.098
PNMS,1996-02-01,0,0,0,21.21
PNMS,1996-03-01,0,0,0,21.25
PNMS,1996-04-01,0,0,0,22.536
PNMS,1996-05-01,0,0,0,23.629
PNMS,1996-06-01,0,0,0,25.613
PNMS,1996-07-01,0,0,0,26.602
PNMS,1996-08-01,0,0,0,27.261
PNMS,1996-09-01,0,0,0,27.411
PNMS,1996-10-01,0,0,0,26.192
PNMS,1996-11-01,0,28,0,23.748
PNMS,1996-12-01,0,25,0,22.385
PNMS,1997-01-01,0,31,0,20.733
PNMS,1997-02-01,0,11,0,20.79
PNMS,1997-03-01,0,5,0,21.07
PNMS,1997-04-01,0,18,0,21.464
PNMS,1997-05-01,0,27,0,22.083
PNMS,1997-06-01,0,0,0,24.781
PNMS,1997-07-01,0,0,0,26.181
PNMS,1997-08-01,22,0,1,27.644
PNMS,1997-09-01,20,0,1,27.686
PNMS,1997-10-01,5,0,1,26.605
PNMS,1997-11-01,0,0,0,24.734
PNMS,1997-12-01,0,0,0,22.945
PNMS,1998-01-01,0,0,0,21.449
PNMS,1998-02-01,0,0,0,20.836
PNMS,1998-03-01,0,0,0,21.509
PNMS,1998-04-01,0,0,0,22.398
PNMS,1998-05-01,0,0,0,23.184
PNMS,1998-06-01,0,0,0,25.105
PNMS,1998-07-01,0,0,0,25.89
PNMS,1998-08-01,0,28,0,26.189
PNMS,1998-09-01,0,8,0,26.737
PNMS,1998-10-01,4,0,1,26.452
PNMS,1998-11-01,9,0,1,25.368
PNMS,1998-12-01,0,0,0,24.032
PNMS,1999-01-01,0,0,0,22.824
PNMS,1999-02-01,22,0,1,22.767
PNMS,1999-03-01,11,0,1,22.585
PNMS,1999-04-01,7,0,1,23.053
PNMS,1999-05-01,0,0,0,24.028
PNMS,1999-06-01,0,0,0,25.309
PNMS,1999-07-01,0,0,0,26.287
PNMS,1999-08-01,0,0,0,26.927
PNMS,1999-09-01,0,0,0,27.213
PNMS,1999-10-01,0,0,0,26.496
PNMS,1999-11-01,0,0,0,25.241
PNMS,1999-12-01,10,0,1,24.086
PNMS,2000-01-01,0,0,0,22.974
PNMS,2000-02-01,14,0,1,22.705
PNMS,2000-03-01,31,0,1,22.99
PNMS,2000-04-01,11,0,1,23.16
PNMS,2000-05-01,20,0,2,24.767
PNMS,2000-06-01,5,0,1,25.836
PNMS,2000-07-01,0,0,0,26.624
PNMS,2000-08-01,0,0,0,27.272
PNMS,2000-09-01,0,0,0,27.337
PNMS,2000-10-01,1,0,1,26.458
PNMS,2000-11-01,10,0,1,25.373
PNMS,2000-12-01,4,0,1,24.019
PNMS,2001-01-01,0,0,0,22.934
PNMS,2001-02-01,0,0,0,22.404
PNMS,2001-03-01,5,0,1,22.457
PNMS,2001-04-01,0,0,0,22.794
PNMS,2001-05-01,6,0,1,24.383
PNMS,2001-06-01,0,0,0,25.724
PNMS,2001-07-01,0,0,0,26.663
PNMS,2001-08-01,0,0,0,26.742
PNMS,2001-09-01,0,0,0,27.262
PNMS,2001-10-01,5,0,1,26.695
PNMS,2001-11-01,7,0,1,25.369
PNMS,2001-12-01,0,0,0,24.062
PNMS,2002-01-01,0,0,0,22.609
PNMS,2002-02-01,0,0,0,22.375
PNMS,2002-03-01,0,0,0,21.896
PNMS,2002-04-01,0,3,0,21.619
PNMS,2002-05-01,0,6,0,22.908
PNMS,2002-06-01,0,0,0,25.647
PNMS,2002-07-01,9,0,1,26.776
PNMS,2002-08-01,31,0,1,27.827
PNMS,2002-09-01,3,0,1,27.333
PNMS,2002-10-01,0,0,0,26.251
PNMS,2002-11-01,0,0,0,24.813
PNMS,2002-12-01,0,0,0,23.399
PNMS,2003-01-01,0,0,0,21.896
PNMS,2003-02-01,0,0,0,21.159
PNMS,2003-03-01,0,0,0,21.558
PNMS,2003-04-01,0,0,0,22.321
PNMS,2003-05-01,0,0,0,23.409
PNMS,2003-06-01,0,0,0,25.527
PNMS,2003-07-01,0,0,0,26.227
PNMS,2003-08-01,0,0,0,27.014
PNMS,2003-09-01,7,0,1,27.37
PNMS,2003-10-01,0,0,0,26.451
PNMS,2003-11-01,0,0,0,24.844
PNMS,2003-12-01,0,0,0,23.587
PNMS,2004-01-01,0,0,0,22.257
PNMS,2004-02-01,0,0,0,21.738
PNMS,2004-03-01,0,0,0,21.279
PNMS,2004-04-01,0,0,0,22.128
PNMS,2004-05-01,0,0,0,22.782
PNMS,2004-06-01,0,10,0,24.29
PNMS,2004-07-01,0,0,0,26.596
PNMS,2004-08-01,17,0,1,27.646
PNMS,2004-09-01,30,0,2,27.859
PNMS,2004-10-01,4,0,1,26.509
PNMS,2004-11-01,0,0,0,24.839
PNMS,2004-12-01,0,0,0,23.34
PNMS,2005-01-01,0,0,0,21.515
PNMS,2005-02-01,0,0,0,21.254
PNMS,2005-03-01,0,17,0,20.918
PNMS,2005-04-01,0,2,0,21.953
PNMS,2005-05-01,8,0,1,24.133
PNMS,2005-06-01,0,0,0,25.792
PNMS,2005-07-01,0,0,0,26.578
PNMS,2005-08-01,2,0,1,27.412
PNMS,2005-09-01,7,0,1,27.432
PNMS,2005-10-01,0,0,0,26.456
PNMS,2005-11-01,0,0,0,25.213
PNMS,2005-12-01,0,0,0,23.868
PNMS,2006-01-01,7,0,1,23.095
PNMS,2006-02-01,1,0,1,22.384
PNMS,2006-03-01,0,0,0,22.271
PNMS,2006-04-01,23,0,1,23.227
PNMS,2006-05-01,0,0,0,24.02
PNMS,2006-06-01,7,0,1,25.542
PNMS,2006-07-01,0,0,0,26.471
PNMS,2006-08-01,0,0,0,26.753
PNMS,2006-09-01,0,0,0,26.985
PNMS,2006-10-01,0,0,0,26.188
PNMS,2006-11-01,0,0,0,24.896
PNMS,2006-12-01,0,0,0,23.838
PNMS,2007-01-01,0,0,0,22.809
PNMS,2007-02-01,0,0,0,21.812
PNMS,2007-03-01,0,0,0,22.018
PNMS,2007-04-01,0,0,0,22.627
PNMS,2007-05-01,0,0,0,23.808
PNMS,2007-06-01,8,0,1,25.68
PNMS,2007-07-01,5,0,1,26.702
PNMS,2007-08-01,5,0,1,27.523
PNMS,2007-09-01,0,0,0,27.486
PNMS,2007-10-01,10,0,1,26.723
PNMS,2007-11-01,26,0,1,25.567
PNMS,2007-12-01,0,0,0,24.007
PNMS,2008-01-01,1,0,1,22.978
PNMS,2008-02-01,21,0,1,22.648
PNMS,2008-03-01,16,0,1,22.627
PNMS,2008-04-01,11,0,1,23.181
PNMS,2008-05-01,13,0,1,24.359
PNMS,2008-06-01,6,0,1,25.445
PNMS,2008-07-01,0,0,0,26.444
PNMS,2008-08-01,0,0,0,27.077
PNMS,2008-09-01,12,0,1,27.511
PNMS,2008-10-01,13,0,2,26.714
PNMS,2008-11-01,0,0,0,25.215
PNMS,2008-12-01,0,0,0,23.312
PNMS,2009-01-01,0,0,0,22.213
PNMS,2009-02-01,0,0,0,21.832
PNMS,2009-03-01,0,0,0,21.735
PNMS,2009-04-01,0,0,0,22.863
PNMS,2009-05-01,0,0,0,23.518
PNMS,2009-06-01,0,0,0,25.243
PNMS,2009-07-01,19,0,1,26.987
PNMS,2009-08-01,8,0,1,27.473
PNMS,2009-09-01,6,0,1,27.368
PNMS,2009-10-01,0,0,0,26.467
PNMS,2009-11-01,0,0,0,24.652
PNMS,2009-12-01,0,0,0,23.433
PNMS,2010-01-01,0,0,0,22.189
PNMS,2010-02-01,0,0,0,21.423
PNMS,2010-03-01,0,0,0,21.467
PNMS,2010-04-01,0,0,0,22.142
PNMS,2010-05-01,0,0,0,23.52
PNMS,2010-06-01,0,0,0,25.658
PNMS,2010-07-01,0,0,0,26.775
PNMS,2010-08-01,0,0,0,27.255
PNMS,2010-09-01,0,0,0,27.282
PNMS,2010-10-01,8,0,1,26.613
PNMS,2010-11-01,0,0,0,25.246
PNMS,2010-12-01,1,0,1,24.133
PNMS,2011-01-01,8,0,1,22.898
PNMS,2011-02-01,0,0,0,21.805
PNMS,2011-03-01,6,0,1,22.312
PNMS,2011-04-01,1,0,1,22.837
PNMS,2011-05-01,0,0,0,24.194
PNMS,2011-06-01,18,0,1,26.03
PNMS,2011-07-01,0,0,0,26.645
PNMS,2011-08-01,0,0,0,27.232
PNMS,2011-09-01,0,0,0,27.542
PNMS,2011-10-01,11,0,1,26.751
PNMS,2011-11-01,26,0,1,25.561
PNMS,2011-12-01,21,0,1,24.336
PNMS,2012-01-01,31,0,1,23.434
PNMS,2012-02-01,15,0,1,22.646
PNMS,2012-03-01,8,0,1,22.41
PNMS,2012-04-01,0,0,0,22.745
PNMS,2012-05-01,9,0,1,24.304
PNMS,2012-06-01,0,0,0,25.66
PNMS,2012-07-01,0,0,0,26.318
PNMS,2012-08-01,0,6,0,26.573
PNMS,2012-09-01,0,0,0,26.961
PNMS,2012-10-01,0,0,0,26.237
PNMS,2012-11-01,0,0,0,25.114
PNMS,2012-12-01,0,0,0,23.702
PNMS,2013-01-01,0,0,0,22.776
PNMS,2013-02-01,5,0,1,22.428
PNMS,2013-03-01,8,0,1,22.193
PNMS,2013-04-01,0,0,0,22.197
PNMS,2013-05-01,0,0,0,23.066
PNMS,2013-06-01,0,0,0,25.302
PNMS,2013-07-01,0,0,0,26.693
PNMS,2013-08-01,0,0,0,27.317
PNMS,2013-09-01,9,0,1,27.523
PNMS,2013-10-01,0,0,0,26.518
PNMS,2013-11-01,0,0,0,24.914
PNMS,2013-12-01,0,0,0,23.349
PNMS,2014-01-01,0,0,0,22.217
PNMS,2014-02-01,0,1,0,20.963
PNMS,2014-03-01,0,17,0,20.828
PNMS,2014-04-01,0,0,0,22.154
PNMS,2014-05-01,0,0,0,22.707
PNMS,2014-06-01,0,0,0,24.672
PNMS,2014-07-01,10,0,1,26.834
PNMS,2014-08-01,31,0,2,27.883
PNMS,2014-09-01,30,0,3,28.405
PNMS,2014-10-01,31,0,3,27.633
PNMS,2014-11-01,6,0,1,25.438
PNMS,2014-12-01,0,0,0,23.719
PNMS,2015-01-01,0,0,0,22.145
PNMS,2015-02-01,0,4,0,20.911
PNMS,2015-03-01,0,31,0,20.543
PNMS,2015-04-01,0,3,0,21.864
PNMS,2015-05-01,0,0,0,23.237
PNMS,2015-06-01,0,0,0,24.896
PNMS,2015-07-01,6,0,1,26.739
PNMS,2015-08-01,30,0,2,27.829
PNMS,2015-09-01,30,0,2,27.846
PNMS,2015-10-01,3,0,1,26.527
PNMS,2015-11-01,0,0,0,25.006
PNMS,2015-12-01,0,0,0,23.734
PNMS,2016-01-01,0,0,0,22.658
PNMS,2016-02-01,0,0,0,21.78
PNMS,2016-03-01,0,0,0,21.33
PNMS,2016-04-01,0,0,0,22.088
PNMS,2016-05-01,0,0,0,23.294
PNMS,2016-06-01,0,0,0,25.175
PNMS,2016-07-01,0,0,0,26.344
PNMS,2016-08-01,0,0,0,26.824
PNMS,2016-09-01,13,0,1,27.477
PNMS,2016-10-01,31,0,2,27.044
PNMS,2016-11-01,30,0,2,25.842
PNMS,2016-12-01,24,0,1,24.295
PNMS,2017-01-01,31,0,1,23.353
PNMS,2017-02-01,2,0,1,22.37
PNMS,2017-03-01,8,0,1,22.383
PNMS,2017-04-01,27,0,1,23.397
PNMS,2017-05-01,0,0,0,23.832
PNMS,2017-06-01,14,0,1,25.891
PNMS,2017-07-01,19,0,1,27.026
PNMS,2017-08-01,17,0,1,27.599
PNMS,2017-09-01,30,0,2,28.002
PNMS,2017-10-01,3,0,1,26.616
PNMS,2017-11-01,0,0,0,25.022
PNMS,2017-12-01,0,0,0,23.654
PNMS,2018-01-01,0,0,0,22.941
PNMS,2018-02-01,0,0,0,21.939
PNMS,2018-03-01,0,0,0,21.926
PNMS,2018-04-01,0,0,0,22.129
PNMS,2018-05-01,0,0,0,22.944
PNMS,2018-06-01,0,0,0,25.172
PNMS,2018-07-01,0,0,0,26.125
PNMS,2018-08-01,0,0,0,26.667
PNMS,2018-09-01,0,0,0,26.941
PNMS,2018-10-01,0,0,0,26.14
PNMS,2018-11-01,0,0,0,24.997
PNMS,2018-12-01,0,0,0,23.73
PNMS,2019-01-01,10,0,1,23.084
PNMS,2019-02-01,0,0,0,22.23
PNMS,2019-03-01,0,0,0,22.103
PNMS,2019-04-01,0,0,0,22.743
PNMS,2019-05-01,0,0,0,23.671
PNMS,2019-06-01,0,0,0,25.312
PNMS,2019-07-01,29,0,1,27.166
PNMS,2019-08-01,28,0,2,28.159
PNMS,2019-09-01,30,0,3,28.276
PNMS,2019-10-01,31,0,2,27.138
PNMS,2019-11-01,2,0,1,25.285
PNMS,2019-12-01,0,0,0,23.75
PNMS,2020-01-01,0,0,0,22.85
PNMS,2020-02-01,0,0,0,22.122
PNMS,2020-03-01,0,0,0,22.255
PNMS,2020-04-01,0,0,0,22.539
PNMS,2020-05-01,5,0,1,24.229
PNMS,2020-06-01,30,0,2,26.786
PNMS,2020-07-01,29,0,1,27.148
PNMS,2020-08-01,0,0,0,27.428
PNMS,2020-09-01,30,0,2,27.912
PNMS,2020-10-01,16,0,2,26.9
PNMS,2020-11-01,7,0,1,25.203
PNMS,2020-12-01,31,0,1,24.415
PNMS,2021-01-01,31,0,1,23.526
PNMS,2021-02-01,4,0,1,22.474
PNMS,2021-03-01,7,0,1,22.503
PNMS,2021-04-01,0,0,0,22.81
PNMS,2021-05-01,9,0,1,24.299
PNMS,2021-06-01,11,0,1,25.87
PNMS,2021-07-01,4,0,1,26.542
PNMS,2021-08-01,0,0,0,27.25
PNMS,2021-09-01,0,0,0,27.351
PNMS,2021-10-01,16,0,1,26.817
PNMS,2021-11-01,30,0,2,25.956
PNMS,2021-12-01,26,0,1,24.315
PNMS,2022-01-01,3,0,1,23.025
PNMS,2022-02-01,16,0,1,22.61
PNMS,2022-03-01,31,0,1,22.857
PNMS,2022-04-01,24,0,1,23.222
PNMS,2022-05-01,18,0,1,24.521
PNMS,2022-06-01,30,0,2,26.867
PNMS,2022-07-01,31,0,2,27.229
PNMS,2022-08-01,25,0,1,27.766
PNMS,2022-09-01,30,0,2,27.933
PNMS,2022-10-01,10,0,2,26.719
PNMS,2022-11-01,25,0,1,25.601
PNMS,2022-12-01,5,0,1,23.982
PNMS,2023-01-01,0,0,0,22.96
PNMS,2023-02-01,15,0,1,22.568
PNMS,2023-03-01,5,0,1,21.967
PNMS,2023-04-01,0,0,0,22.569
PNMS,2023-05-01,0,0,0,23.415
PNMS,2023-06-01,0,0,0,25.729
PNMS,2023-07-01,6,0,1,26.638
PNMS,2023-08-01,0,0,0,27.209
PNMS,2023-09-01,2,0,1,27.474
PNMS,2023-10-01,31,0,1,27.002
PNMS,2023-11-01,30,0,1,25.741
PNMS,2023-12-01,12,0,1,24.171
PNMS,2024-01-01,5,0,1,22.769
PNMS,2024-02-01,0,0,0,21.852
PNMS,2024-03-01,0,0,0,22.259
PNMS,2024-04-01,0,0,0,22.466
PNMS,2024-05-01,0,0,0,23.303
PNMS,2024-06-01,0,0,0,25.637
PNMS,2024-07-01,0,0,0,26.733
PNMS,2024-08-01,12,0,1,27.497
PNMS,2024-09-01,3,0,1,27.47
PNMS,2024-10-01,31,0,2,27.083
PNMS,2024-11-01,30,0,2,26.233
PNMS,2024-12-01,31,0,2,24.944
PNMS,2025-01-01,31,0,2,23.637
PNMS,2025-02-01,28,0,1,22.878
PNMS,2025-03-01,31,0,1,22.984
PNMS,2025-04-01,0,0,0,23.024
PNMS,2025-05-01,5,0,1,24.239
PNMS,2025-06-01,22,0,2,26.292
PNMS,2025-07-01,31,0,3,27.457
PNMS,2025-08-01,31,0,2,28.051
PNMS,2025-09-01,30,0,3,28.388
PNMS,2025-10-01,31,0,3,27.627
PNMS,2025-11-01,30,0,2,26.148
PNMS,2025-12-01,13,0,1,24.11
PNMS,2026-01-01,5,0,1,22.917
PNMS,2026-02-01,0,0,0,22
PNMS,2026-03-01,0,0,0,21.781
HIHWNMS,1982-01-01,0,0,0,24.723
HIHWNMS,1982-02-01,0,0,0,24.16
HIHWNMS,1982-03-01,0,0,0,24.102
HIHWNMS,1982-04-01,0,0,0,24.108
HIHWNMS,1982-05-01,0,10,0,24.437
HIHWNMS,1982-06-01,0,1,0,25.505
HIHWNMS,1982-07-01,0,0,0,26.082
HIHWNMS,1982-08-01,0,0,0,26.586
HIHWNMS,1982-09-01,0,0,0,26.551
HIHWNMS,1982-10-01,0,0,0,26.781
HIHWNMS,1982-11-01,15,0,1,26.658
HIHWNMS,1982-12-01,0,5,0,25.079
HIHWNMS,1983-01-01,0,0,0,24.544
HIHWNMS,1983-02-01,0,0,0,24.142
HIHWNMS,1983-03-01,0,0,0,24.469
HIHWNMS,1983-04-01,0,0,0,24.56
HIHWNMS,1983-05-01,0,9,0,24.713
HIHWNMS,1983-06-01,0,15,0,25.271
HIHWNMS,1983-07-01,0,0,0,26.267
HIHWNMS,1983-08-01,0,5,0,26.196
HIHWNMS,1983-09-01,0,0,0,26.595
HIHWNMS,1983-10-01,0,24,0,26.08
HIHWNMS,1983-11-01,0,16,0,25.595
HIHWNMS,1983-12-01,0,0,0,25.005
HIHWNMS,1984-01-01,0,0,0,24.861
HIHWNMS,1984-02-01,0,0,0,24.452
HIHWNMS,1984-03-01,5,0,1,24.753
HIHWNMS,1984-04-01,0,0,0,24.759
HIHWNMS,1984-05-01,0,0,0,25.336
HIHWNMS,1984-06-01,0,0,0,25.596
HIHWNMS,1984-07-01,0,0,0,26.197
HIHWNMS,1984-08-01,0,0,0,26.323
HIHWNMS,1984-09-01,0,0,0,26.558
HIHWNMS,1984-10-01,0,5,0,26.474
HIHWNMS,1984-11-01,0,0,0,26.137
HIHWNMS,1984-12-01,0,0,0,25.181
HIHWNMS,1985-01-01,0,0,0,24.233
HIHWNMS,1985-02-01,0,0,0,24.2
HIHWNMS,1985-03-01,0,15,0,23.849
HIHWNMS,1985-04-01,0,17,0,23.952
HIHWNMS,1985-05-01,0,20,0,24.401
HIHWNMS,1985-06-01,0,0,0,25.4
HIHWNMS,1985-07-01,0,0,0,26.04
HIHWNMS,1985-08-01,0,0,0,26.535
HIHWNMS,1985-09-01,0,0,0,27.094
HIHWNMS,1985-10-01,0,0,0,26.546
HIHWNMS,1985-11-01,0,0,0,25.863
HIHWNMS,1985-12-01,0,0,0,24.954
HIHWNMS,1986-01-01,0,6,0,24.278
HIHWNMS,1986-02-01,0,0,0,24.174
HIHWNMS,1986-03-01,0,0,0,24.431
HIHWNMS,1986-04-01,0,0,0,24.693
HIHWNMS,1986-05-01,0,0,0,25.155
HIHWNMS,1986-06-01,0,0,0,25.754
HIHWNMS,1986-07-01,0,0,0,26.365
HIHWNMS,1986-08-01,0,0,0,26.842
HIHWNMS,1986-09-01,11,0,1,27.447
HIHWNMS,1986-10-01,0,0,0,27.276
HIHWNMS,1986-11-01,9,0,1,26.665
HIHWNMS,1986-12-01,0,0,0,25.365
HIHWNMS,1987-01-01,0,0,0,24.818
HIHWNMS,1987-02-01,0,0,0,24.161
HIHWNMS,1987-03-01,0,0,0,24.018
HIHWNMS,1987-04-01,0,0,0,24.228
HIHWNMS,1987-05-01,0,14,0,24.546
HIHWNMS,1987-06-01,0,8,0,25.408
HIHWNMS,1987-07-01,2,0,1,26.318
HIHWNMS,1987-08-01,12,0,1,27.179
HIHWNMS,1987-09-01,26,0,1,27.691
HIHWNMS,1987-10-01,20,0,1,27.431
HIHWNMS,1987-11-01,0,0,0,26.404
HIHWNMS,1987-12-01,0,0,0,25.35
HIHWNMS,1988-01-01,8,0,1,25.079
HIHWNMS,1988-02-01,12,0,1,24.965
HIHWNMS,1988-03-01,5,0,1,24.793
HIHWNMS,1988-04-01,0,0,0,24.944
HIHWNMS,1988-05-01,0,0,0,25.276
HIHWNMS,1988-06-01,0,0,0,25.589
HIHWNMS,1988-07-01,0,0,0,26.139
HIHWNMS,1988-08-01,0,0,0,26.771
HIHWNMS,1988-09-01,0,0,0,26.609
HIHWNMS,1988-10-01,0,0,0,26.772
HIHWNMS,1988-11-01,0,0,0,26.524
HIHWNMS,1988-12-01,8,0,1,25.751
HIHWNMS,1989-01-01,2,0,1,24.836
HIHWNMS,1989-02-01,0,0,0,24.534
HIHWNMS,1989-03-01,0,0,0,24.487
HIHWNMS,1989-04-01,0,0,0,24.41
HIHWNMS,1989-05-01,0,0,0,24.889
HIHWNMS,1989-06-01,0,0,0,25.756
HIHWNMS,1989-07-01,0,0,0,25.94
HIHWNMS,1989-08-01,0,0,0,26.537
HIHWNMS,1989-09-01,0,0,0,27.012
HIHWNMS,1989-10-01,0,0,0,27.021
HIHWNMS,1989-11-01,6,0,1,26.61
HIHWNMS,1989-12-01,0,0,0,25.395
HIHWNMS,1990-01-01,0,0,0,24.467
HIHWNMS,1990-02-01,0,0,0,24.19
HIHWNMS,1990-03-01,0,6,0,23.888
HIHWNMS,1990-04-01,0,0,0,24.425
HIHWNMS,1990-05-01,0,0,0,25.08
HIHWNMS,1990-06-01,0,0,0,25.621
HIHWNMS,1990-07-01,0,0,0,26.041
HIHWNMS,1990-08-01,0,0,0,26.522
HIHWNMS,1990-09-01,0,0,0,26.907
HIHWNMS,1990-10-01,0,0,0,26.968
HIHWNMS,1990-11-01,0,0,0,26.271
HIHWNMS,1990-12-01,0,0,0,25.374
HIHWNMS,1991-01-01,0,0,0,24.801
HIHWNMS,1991-02-01,0,0,0,24.705
HIHWNMS,1991-03-01,0,0,0,24.275
HIHWNMS,1991-04-01,0,0,0,24.299
HIHWNMS,1991-05-01,0,0,0,24.692
HIHWNMS,1991-06-01,0,0,0,25.535
HIHWNMS,1991-07-01,0,5,0,25.947
HIHWNMS,1991-08-01,0,0,0,26.276
HIHWNMS,1991-09-01,0,0,0,26.669
HIHWNMS,1991-10-01,0,0,0,27.01
HIHWNMS,1991-11-01,0,0,0,26.581
HIHWNMS,1991-12-01,0,0,0,25.542
HIHWNMS,1992-01-01,0,0,0,24.741
HIHWNMS,1992-02-01,0,0,0,24.171
HIHWNMS,1992-03-01,0,0,0,24.285
HIHWNMS,1992-04-01,0,0,0,24.653
HIHWNMS,1992-05-01,6,0,1,25.39
HIHWNMS,1992-06-01,10,0,1,26.257
HIHWNMS,1992-07-01,5,0,1,26.517
HIHWNMS,1992-08-01,0,0,0,26.761
HIHWNMS,1992-09-01,0,0,0,27.013
HIHWNMS,1992-10-01,9,0,1,27.17
HIHWNMS,1992-11-01,0,0,0,26.515
HIHWNMS,1992-12-01,0,0,0,25.72
HIHWNMS,1993-01-01,0,13,0,24.368
HIHWNMS,1993-02-01,0,14,0,23.881
HIHWNMS,1993-03-01,0,11,0,23.847
HIHWNMS,1993-04-01,0,0,0,24.424
HIHWNMS,1993-05-01,0,0,0,25.11
HIHWNMS,1993-06-01,0,0,0,25.716
HIHWNMS,1993-07-01,0,0,0,26.232
HIHWNMS,1993-08-01,0,0,0,26.757
HIHWNMS,1993-09-01,6,0,1,27.264
HIHWNMS,1993-10-01,2,0,1,27.016
HIHWNMS,1993-11-01,0,5,0,25.861
HIHWNMS,1993-12-01,0,22,0,24.688
HIHWNMS,1994-01-01,0,7,0,24.246
HIHWNMS,1994-02-01,0,18,0,23.847
HIHWNMS,1994-03-01,0,0,0,24.253
HIHWNMS,1994-04-01,0,5,0,24.196
HIHWNMS,1994-05-01,0,0,0,25.019
HIHWNMS,1994-06-01,0,0,0,25.544
HIHWNMS,1994-07-01,0,0,0,25.838
HIHWNMS,1994-08-01,0,0,0,26.707
HIHWNMS,1994-09-01,0,0,0,27.253
HIHWNMS,1994-10-01,0,0,0,26.966
HIHWNMS,1994-11-01,0,0,0,25.853
HIHWNMS,1994-12-01,0,24,0,24.629
HIHWNMS,1995-01-01,0,29,0,24.047
HIHWNMS,1995-02-01,0,10,0,23.921
HIHWNMS,1995-03-01,0,0,0,24.252
HIHWNMS,1995-04-01,0,3,0,24.492
HIHWNMS,1995-05-01,0,2,0,24.856
HIHWNMS,1995-06-01,7,0,1,25.629
HIHWNMS,1995-07-01,0,0,0,26.225
HIHWNMS,1995-08-01,0,0,0,26.537
HIHWNMS,1995-09-01,9,0,1,27.384
HIHWNMS,1995-10-01,0,0,0,26.921
HIHWNMS,1995-11-01,0,0,0,26.493
HIHWNMS,1995-12-01,31,0,2,26.245
HIHWNMS,1996-01-01,30,0,2,25.556
HIHWNMS,1996-02-01,8,0,2,24.762
HIHWNMS,1996-03-01,0,0,0,24.417
HIHWNMS,1996-04-01,10,0,1,25.081
HIHWNMS,1996-05-01,5,0,1,25.69
HIHWNMS,1996-06-01,30,0,1,26.567
HIHWNMS,1996-07-01,27,0,1,26.753
HIHWNMS,1996-08-01,31,0,1,27.409
HIHWNMS,1996-09-01,13,0,1,27.662
HIHWNMS,1996-10-01,29,0,1,27.588
HIHWNMS,1996-11-01,8,0,1,26.609
HIHWNMS,1996-12-01,0,0,0,25.052
HIHWNMS,1997-01-01,0,0,0,24.406
HIHWNMS,1997-02-01,0,0,0,24.687
HIHWNMS,1997-03-01,7,0,2,24.8
HIHWNMS,1997-04-01,13,0,1,25.152
HIHWNMS,1997-05-01,0,0,0,25.333
HIHWNMS,1997-06-01,0,0,0,26.216
HIHWNMS,1997-07-01,0,0,0,26.314
HIHWNMS,1997-08-01,6,0,1,27.081
HIHWNMS,1997-09-01,0,0,0,27.45
HIHWNMS,1997-10-01,0,0,0,27.208
HIHWNMS,1997-11-01,0,0,0,26.277
HIHWNMS,1997-12-01,0,0,0,25.03
HIHWNMS,1998-01-01,0,0,0,24.448
HIHWNMS,1998-02-01,0,0,0,24.163
HIHWNMS,1998-03-01,10,0,1,24.754
HIHWNMS,1998-04-01,0,9,0,24.067
HIHWNMS,1998-05-01,0,31,0,24.109
HIHWNMS,1998-06-01,0,30,0,24.654
HIHWNMS,1998-07-01,0,27,0,25.43
HIHWNMS,1998-08-01,0,0,0,26.363
HIHWNMS,1998-09-01,0,0,0,26.37
HIHWNMS,1998-10-01,0,14,0,26.22
HIHWNMS,1998-11-01,0,0,0,25.867
HIHWNMS,1998-12-01,0,6,0,24.909
HIHWNMS,1999-01-01,0,0,0,24.471
HIHWNMS,1999-02-01,0,9,0,23.994
HIHWNMS,1999-03-01,0,11,0,23.986
HIHWNMS,1999-04-01,0,18,0,23.97
HIHWNMS,1999-05-01,0,0,0,25.193
HIHWNMS,1999-06-01,0,0,0,25.47
HIHWNMS,1999-07-01,0,0,0,25.857
HIHWNMS,1999-08-01,0,0,0,26.324
HIHWNMS,1999-09-01,0,28,0,26.172
HIHWNMS,1999-10-01,0,21,0,26.076
HIHWNMS,1999-11-01,0,19,0,25.6
HIHWNMS,1999-12-01,0,16,0,24.753
HIHWNMS,2000-01-01,0,20,0,23.957
HIHWNMS,2000-02-01,0,24,0,23.848
HIHWNMS,2000-03-01,0,4,0,23.97
HIHWNMS,2000-04-01,0,11,0,24.003
HIHWNMS,2000-05-01,0,0,0,24.894
HIHWNMS,2000-06-01,0,0,0,25.674
HIHWNMS,2000-07-01,0,0,0,25.872
HIHWNMS,2000-08-01,0,0,0,26.428
HIHWNMS,2000-09-01,0,0,0,26.854
HIHWNMS,2000-10-01,0,0,0,26.816
HIHWNMS,2000-11-01,0,6,0,25.911
HIHWNMS,2000-12-01,0,0,0,25.433
HIHWNMS,2001-01-01,0,0,0,24.823
HIHWNMS,2001-02-01,0,0,0,24.427
HIHWNMS,2001-03-01,0,0,0,24.202
HIHWNMS,2001-04-01,0,0,0,24.519
HIHWNMS,2001-05-01,0,0,0,25.147
HIHWNMS,2001-06-01,0,0,0,25.728
HIHWNMS,2001-07-01,0,0,0,26.299
HIHWNMS,2001-08-01,0,0,0,26.742
HIHWNMS,2001-09-01,0,0,0,26.74
HIHWNMS,2001-10-01,0,0,0,26.545
HIHWNMS,2001-11-01,0,0,0,25.944
HIHWNMS,2001-12-01,0,0,0,25.26
HIHWNMS,2002-01-01,0,0,0,24.752
HIHWNMS,2002-02-01,0,0,0,24.287
HIHWNMS,2002-03-01,0,0,0,24.095
HIHWNMS,2002-04-01,11,0,1,24.959
HIHWNMS,2002-05-01,10,0,1,25.49
HIHWNMS,2002-06-01,6,0,1,26.267
HIHWNMS,2002-07-01,4,0,1,26.396
HIHWNMS,2002-08-01,4,0,1,26.913
HIHWNMS,2002-09-01,0,0,0,27.139
HIHWNMS,2002-10-01,0,0,0,26.746
HIHWNMS,2002-11-01,0,0,0,26.168
HIHWNMS,2002-12-01,0,0,0,25.493
HIHWNMS,2003-01-01,0,0,0,24.848
HIHWNMS,2003-02-01,0,0,0,24.43
HIHWNMS,2003-03-01,18,0,2,25.011
HIHWNMS,2003-04-01,16,0,1,25.134
HIHWNMS,2003-05-01,17,0,1,25.834
HIHWNMS,2003-06-01,10,0,1,26.272
HIHWNMS,2003-07-01,6,0,1,26.301
HIHWNMS,2003-08-01,0,0,0,26.814
HIHWNMS,2003-09-01,5,0,1,27.264
HIHWNMS,2003-10-01,12,0,1,27.402
HIHWNMS,2003-11-01,0,0,0,26.466
HIHWNMS,2003-12-01,0,0,0,25.518
HIHWNMS,2004-01-01,9,0,1,25.011
HIHWNMS,2004-02-01,29,0,2,25.225
HIHWNMS,2004-03-01,5,0,1,24.812
HIHWNMS,2004-04-01,10,0,1,25.203
HIHWNMS,2004-05-01,21,0,2,25.973
HIHWNMS,2004-06-01,27,0,1,26.488
HIHWNMS,2004-07-01,28,0,2,26.847
HIHWNMS,2004-08-01,31,0,2,27.501
HIHWNMS,2004-09-01,23,0,2,27.892
HIHWNMS,2004-10-01,16,0,1,27.491
HIHWNMS,2004-11-01,26,0,2,26.914
HIHWNMS,2004-12-01,8,0,1,25.734
HIHWNMS,2005-01-01,11,0,1,24.98
HIHWNMS,2005-02-01,8,0,1,24.899
HIHWNMS,2005-03-01,0,0,0,24.589
HIHWNMS,2005-04-01,1,0,1,24.734
HIHWNMS,2005-05-01,7,0,1,25.596
HIHWNMS,2005-06-01,0,0,0,25.921
HIHWNMS,2005-07-01,14,0,1,26.605
HIHWNMS,2005-08-01,1,0,1,27.039
HIHWNMS,2005-09-01,5,0,1,27.544
HIHWNMS,2005-10-01,0,0,0,26.998
HIHWNMS,2005-11-01,1,0,1,26.31
HIHWNMS,2005-12-01,19,0,1,25.908
HIHWNMS,2006-01-01,4,0,1,25.117
HIHWNMS,2006-02-01,0,0,0,24.239
HIHWNMS,2006-03-01,0,0,0,24.481
HIHWNMS,2006-04-01,0,0,0,24.216
HIHWNMS,2006-05-01,0,0,0,24.788
HIHWNMS,2006-06-01,0,0,0,25.485
HIHWNMS,2006-07-01,0,0,0,26.024
HIHWNMS,2006-08-01,0,0,0,26.561
HIHWNMS,2006-09-01,0,0,0,26.736
HIHWNMS,2006-10-01,0,0,0,27.112
HIHWNMS,2006-11-01,0,0,0,26.656
HIHWNMS,2006-12-01,0,0,0,25.455
HIHWNMS,2007-01-01,0,0,0,24.674
HIHWNMS,2007-02-01,0,0,0,24.251
HIHWNMS,2007-03-01,0,0,0,24.706
HIHWNMS,2007-04-01,0,0,0,24.809
HIHWNMS,2007-05-01,0,0,0,25.251
HIHWNMS,2007-06-01,0,0,0,25.932
HIHWNMS,2007-07-01,0,0,0,26.252
HIHWNMS,2007-08-01,0,0,0,26.807
HIHWNMS,2007-09-01,0,0,0,26.835
HIHWNMS,2007-10-01,0,0,0,26.517
HIHWNMS,2007-11-01,0,0,0,26.34
HIHWNMS,2007-12-01,0,0,0,25.257
HIHWNMS,2008-01-01,0,0,0,24.539
HIHWNMS,2008-02-01,0,0,0,24.296
HIHWNMS,2008-03-01,5,0,1,24.731
HIHWNMS,2008-04-01,0,0,0,24.707
HIHWNMS,2008-05-01,0,0,0,25.255
HIHWNMS,2008-06-01,0,0,0,25.744
HIHWNMS,2008-07-01,0,0,0,26.411
HIHWNMS,2008-08-01,0,0,0,26.241
HIHWNMS,2008-09-01,0,0,0,26.508
HIHWNMS,2008-10-01,0,0,0,26.47
HIHWNMS,2008-11-01,0,0,0,26.145
HIHWNMS,2008-12-01,0,0,0,25.194
HIHWNMS,2009-01-01,0,0,0,24.56
HIHWNMS,2009-02-01,0,9,0,23.996
HIHWNMS,2009-03-01,0,31,0,23.45
HIHWNMS,2009-04-01,0,30,0,23.635
HIHWNMS,2009-05-01,2,3,1,25.205
HIHWNMS,2009-06-01,4,0,1,26.112
HIHWNMS,2009-07-01,0,0,0,26.176
HIHWNMS,2009-08-01,0,0,0,26.586
HIHWNMS,2009-09-01,0,0,0,26.974
HIHWNMS,2009-10-01,6,0,1,27.133
HIHWNMS,2009-11-01,0,0,0,26.205
HIHWNMS,2009-12-01,0,0,0,25.245
HIHWNMS,2010-01-01,0,0,0,24.8
HIHWNMS,2010-02-01,0,0,0,24.61
HIHWNMS,2010-03-01,0,0,0,24.145
HIHWNMS,2010-04-01,0,7,0,24.175
HIHWNMS,2010-05-01,0,0,0,24.92
HIHWNMS,2010-06-01,0,0,0,25.456
HIHWNMS,2010-07-01,0,0,0,25.857
HIHWNMS,2010-08-01,0,17,0,26.057
HIHWNMS,2010-09-01,0,21,0,26.148
HIHWNMS,2010-10-01,0,7,0,26.287
HIHWNMS,2010-11-01,0,5,0,25.861
HIHWNMS,2010-12-01,0,0,0,25.435
HIHWNMS,2011-01-01,0,0,0,24.903
HIHWNMS,2011-02-01,11,0,1,24.888
HIHWNMS,2011-03-01,11,0,1,24.81
HIHWNMS,2011-04-01,17,0,1,25.234
HIHWNMS,2011-05-01,8,0,1,25.703
HIHWNMS,2011-06-01,0,2,0,25.554
HIHWNMS,2011-07-01,0,21,0,25.653
HIHWNMS,2011-08-01,0,26,0,26.021
HIHWNMS,2011-09-01,0,2,0,26.533
HIHWNMS,2011-10-01,0,0,0,26.566
HIHWNMS,2011-11-01,0,8,0,25.775
HIHWNMS,2011-12-01,0,13,0,24.736
HIHWNMS,2012-01-01,0,1,0,24.35
HIHWNMS,2012-02-01,0,0,0,24.185
HIHWNMS,2012-03-01,0,0,0,23.979
HIHWNMS,2012-04-01,0,0,0,24.382
HIHWNMS,2012-05-01,0,2,0,24.683
HIHWNMS,2012-06-01,0,21,0,25.119
HIHWNMS,2012-07-01,0,31,0,25.539
HIHWNMS,2012-08-01,0,31,0,25.881
HIHWNMS,2012-09-01,0,30,0,25.878
HIHWNMS,2012-10-01,0,1,0,26.338
HIHWNMS,2012-11-01,0,5,0,25.715
HIHWNMS,2012-12-01,0,3,0,24.818
HIHWNMS,2013-01-01,0,0,0,24.349
HIHWNMS,2013-02-01,0,2,0,24.14
HIHWNMS,2013-03-01,0,7,0,23.932
HIHWNMS,2013-04-01,0,0,0,24.449
HIHWNMS,2013-05-01,0,0,0,25.713
HIHWNMS,2013-06-01,0,0,0,25.984
HIHWNMS,2013-07-01,0,0,0,26.34
HIHWNMS,2013-08-01,0,0,0,26.801
HIHWNMS,2013-09-01,0,0,0,26.963
HIHWNMS,2013-10-01,0,0,0,27.018
HIHWNMS,2013-11-01,0,0,0,26.44
HIHWNMS,2013-12-01,0,0,0,25.725
HIHWNMS,2014-01-01,6,0,1,24.964
HIHWNMS,2014-02-01,7,0,1,24.798
HIHWNMS,2014-03-01,6,0,1,24.833
HIHWNMS,2014-04-01,0,0,0,24.828
HIHWNMS,2014-05-01,0,0,0,25.566
HIHWNMS,2014-06-01,0,0,0,26.189
HIHWNMS,2014-07-01,11,0,1,26.642
HIHWNMS,2014-08-01,19,0,1,27.146
HIHWNMS,2014-09-01,19,0,1,27.759
HIHWNMS,2014-10-01,31,0,1,27.714
HIHWNMS,2014-11-01,9,0,1,26.657
HIHWNMS,2014-12-01,0,0,0,25.435
HIHWNMS,2015-01-01,0,0,0,24.605
HIHWNMS,2015-02-01,0,0,0,24.61
HIHWNMS,2015-03-01,2,0,1,24.532
HIHWNMS,2015-04-01,6,0,1,25.159
HIHWNMS,2015-05-01,0,0,0,25.45
HIHWNMS,2015-06-01,2,0,1,26.108
HIHWNMS,2015-07-01,31,0,2,27.056
HIHWNMS,2015-08-01,31,0,2,27.692
HIHWNMS,2015-09-01,30,0,2,28.542
HIHWNMS,2015-10-01,31,0,1,27.637
HIHWNMS,2015-11-01,26,0,2,26.955
HIHWNMS,2015-12-01,31,0,2,26.1
HIHWNMS,2016-01-01,31,0,1,25.284
HIHWNMS,2016-02-01,6,0,1,24.882
HIHWNMS,2016-03-01,6,0,1,24.784
HIHWNMS,2016-04-01,30,0,1,25.434
HIHWNMS,2016-05-01,8,0,1,25.761
HIHWNMS,2016-06-01,23,0,1,26.344
HIHWNMS,2016-07-01,27,0,1,26.757
HIHWNMS,2016-08-01,31,0,1,27.335
HIHWNMS,2016-09-01,12,0,1,27.6
HIHWNMS,2016-10-01,0,0,0,27.17
HIHWNMS,2016-11-01,0,0,0,26.408
HIHWNMS,2016-12-01,0,0,0,25.413
HIHWNMS,2017-01-01,0,0,0,24.882
HIHWNMS,2017-02-01,0,0,0,24.54
HIHWNMS,2017-03-01,27,0,2,25.19
HIHWNMS,2017-04-01,30,0,1,25.605
HIHWNMS,2017-05-01,15,0,1,25.871
HIHWNMS,2017-06-01,26,0,1,26.462
HIHWNMS,2017-07-01,31,0,1,26.899
HIHWNMS,2017-08-01,6,0,1,27.061
HIHWNMS,2017-09-01,15,0,1,27.665
HIHWNMS,2017-10-01,0,0,0,27.281
HIHWNMS,2017-11-01,0,0,0,26.613
HIHWNMS,2017-12-01,0,0,0,25.33
HIHWNMS,2018-01-01,0,0,0,24.742
HIHWNMS,2018-02-01,0,0,0,24.3
HIHWNMS,2018-03-01,0,0,0,24.379
HIHWNMS,2018-04-01,0,0,0,24.905
HIHWNMS,2018-05-01,0,0,0,25.336
HIHWNMS,2018-06-01,9,0,1,26.075
HIHWNMS,2018-07-01,5,0,1,26.586
HIHWNMS,2018-08-01,7,0,1,27.005
HIHWNMS,2018-09-01,1,0,1,27.266
HIHWNMS,2018-10-01,31,0,1,27.623
HIHWNMS,2018-11-01,16,0,2,26.786
HIHWNMS,2018-12-01,0,0,0,25.544
HIHWNMS,2019-01-01,0,0,0,24.818
HIHWNMS,2019-02-01,0,12,0,23.867
HIHWNMS,2019-03-01,0,6,0,24.023
HIHWNMS,2019-04-01,0,0,0,24.893
HIHWNMS,2019-05-01,24,0,2,26.094
HIHWNMS,2019-06-01,30,0,2,26.903
HIHWNMS,2019-07-01,31,0,4,27.663
HIHWNMS,2019-08-01,31,0,3,28.096
HIHWNMS,2019-09-01,30,0,2,28.291
HIHWNMS,2019-10-01,31,0,2,27.916
HIHWNMS,2019-11-01,30,0,3,27.589
HIHWNMS,2019-12-01,31,0,3,26.48
HIHWNMS,2020-01-01,31,0,2,25.401
HIHWNMS,2020-02-01,7,0,1,24.704
HIHWNMS,2020-03-01,0,0,0,24.593
HIHWNMS,2020-04-01,7,0,1,25.178
HIHWNMS,2020-05-01,0,0,0,25.586
HIHWNMS,2020-06-01,7,0,1,26.24
HIHWNMS,2020-07-01,27,0,2,26.797
HIHWNMS,2020-08-01,0,0,0,26.842
HIHWNMS,2020-09-01,0,0,0,27.175
HIHWNMS,2020-10-01,24,0,2,27.64
HIHWNMS,2020-11-01,30,0,1,26.822
HIHWNMS,2020-12-01,31,0,2,26.217
HIHWNMS,2021-01-01,31,0,2,25.573
HIHWNMS,2021-02-01,22,0,2,25.077
HIHWNMS,2021-03-01,0,0,0,24.707
HIHWNMS,2021-04-01,0,0,0,24.758
HIHWNMS,2021-05-01,0,0,0,25.227
HIHWNMS,2021-06-01,6,0,1,26.089
HIHWNMS,2021-07-01,1,0,1,26.513
HIHWNMS,2021-08-01,0,0,0,26.53
HIHWNMS,2021-09-01,0,0,0,26.479
HIHWNMS,2021-10-01,0,0,0,26.369
HIHWNMS,2021-11-01,0,0,0,26.289
HIHWNMS,2021-12-01,0,0,0,25.434
HIHWNMS,2022-01-01,7,0,1,25.01
HIHWNMS,2022-02-01,2,0,1,24.855
HIHWNMS,2022-03-01,31,0,1,25.111
HIHWNMS,2022-04-01,0,0,0,24.896
HIHWNMS,2022-05-01,0,0,0,25.241
HIHWNMS,2022-06-01,0,0,0,25.774
HIHWNMS,2022-07-01,0,0,0,26.208
HIHWNMS,2022-08-01,0,0,0,26.838
HIHWNMS,2022-09-01,0,0,0,27.301
HIHWNMS,2022-10-01,5,0,1,27.295
HIHWNMS,2022-11-01,0,0,0,26.497
HIHWNMS,2022-12-01,0,0,0,25.501
HIHWNMS,2023-01-01,22,0,1,25.234
HIHWNMS,2023-02-01,0,0,0,24.697
HIHWNMS,2023-03-01,9,0,1,24.717
HIHWNMS,2023-04-01,16,0,1,25.207
HIHWNMS,2023-05-01,0,0,0,25.298
HIHWNMS,2023-06-01,0,0,0,25.813
HIHWNMS,2023-07-01,0,0,0,26.496
HIHWNMS,2023-08-01,0,0,0,26.672
HIHWNMS,2023-09-01,0,0,0,26.75
HIHWNMS,2023-10-01,2,0,1,27.028
HIHWNMS,2023-11-01,4,0,1,26.411
HIHWNMS,2023-12-01,0,0,0,25.551
HIHWNMS,2024-01-01,0,0,0,25.006
HIHWNMS,2024-02-01,0,0,0,24.66
HIHWNMS,2024-03-01,0,0,0,24.374
HIHWNMS,2024-04-01,0,0,0,24.54
HIHWNMS,2024-05-01,0,0,0,25.346
HIHWNMS,2024-06-01,0,0,0,25.942
HIHWNMS,2024-07-01,0,0,0,26.185
HIHWNMS,2024-08-01,0,0,0,26.678
HIHWNMS,2024-09-01,0,0,0,27.004
HIHWNMS,2024-10-01,0,0,0,26.975
HIHWNMS,2024-11-01,0,0,0,26.264
HIHWNMS,2024-12-01,15,0,1,25.793
HIHWNMS,2025-01-01,29,0,2,25.391
HIHWNMS,2025-02-01,24,0,1,25.2
HIHWNMS,2025-03-01,31,0,1,25.104
HIHWNMS,2025-04-01,19,0,1,25.373
HIHWNMS,2025-05-01,15,0,1,25.763
HIHWNMS,2025-06-01,10,0,1,26.282
HIHWNMS,2025-07-01,7,0,1,26.53
HIHWNMS,2025-08-01,18,0,1,27.106
HIHWNMS,2025-09-01,0,0,0,27.26
HIHWNMS,2025-10-01,0,0,0,27.16
HIHWNMS,2025-11-01,3,0,1,26.41
HIHWNMS,2025-12-01,31,0,1,26.038
HIHWNMS,2026-01-01,27,0,2,25.37
HIHWNMS,2026-02-01,10,0,1,24.907
HIHWNMS,2026-03-01,0,0,0,24.641
NMSAS,1982-01-01,0,0,0,28.879
NMSAS,1982-02-01,0,0,0,29.051
NMSAS,1982-03-01,0,5,0,28.935
NMSAS,1982-04-01,13,0,2,29.84
NMSAS,1982-05-01,3,0,2,29.104
NMSAS,1982-06-01,0,0,0,28.502
NMSAS,1982-07-01,0,0,0,28.091
NMSAS,1982-08-01,0,0,0,27.485
NMSAS,1982-09-01,0,4,0,27.201
NMSAS,1982-10-01,0,8,0,27.431
NMSAS,1982-11-01,0,12,0,28.11
NMSAS,1982-12-01,0,18,0,28.129
NMSAS,1983-01-01,0,0,0,28.73
NMSAS,1983-02-01,0,0,0,29.3
NMSAS,1983-03-01,0,6,0,29.265
NMSAS,1983-04-01,0,9,0,28.853
NMSAS,1983-05-01,0,0,0,28.41
NMSAS,1983-06-01,0,0,0,28.233
NMSAS,1983-07-01,0,0,0,27.482
NMSAS,1983-08-01,0,24,0,26.444
NMSAS,1983-09-01,0,21,0,26.839
NMSAS,1983-10-01,0,26,0,27.192
NMSAS,1983-11-01,0,0,0,28.06
NMSAS,1983-12-01,0,0,0,28.286
NMSAS,1984-01-01,0,9,0,28.529
NMSAS,1984-02-01,0,0,0,29.023
NMSAS,1984-03-01,0,0,0,29.103
NMSAS,1984-04-01,0,0,0,29.215
NMSAS,1984-05-01,0,0,0,28.617
NMSAS,1984-06-01,0,0,0,28.021
NMSAS,1984-07-01,0,20,0,26.959
NMSAS,1984-08-01,0,9,0,26.955
NMSAS,1984-09-01,0,18,0,27.038
NMSAS,1984-10-01,0,22,0,27.123
NMSAS,1984-11-01,0,15,0,27.791
NMSAS,1984-12-01,0,10,0,28.224
NMSAS,1985-01-01,0,9,0,28.389
NMSAS,1985-02-01,0,0,0,28.593
NMSAS,1985-03-01,0,0,0,29.175
NMSAS,1985-04-01,0,0,0,29.146
NMSAS,1985-05-01,0,5,0,28.556
NMSAS,1985-06-01,0,0,0,28.11
NMSAS,1985-07-01,0,0,0,27.68
NMSAS,1985-08-01,0,0,0,27.246
NMSAS,1985-09-01,0,0,0,27.316
NMSAS,1985-10-01,0,0,0,27.534
NMSAS,1985-11-01,0,0,0,28.056
NMSAS,1985-12-01,0,0,0,28.807
NMSAS,1986-01-01,0,0,0,28.962
NMSAS,1986-02-01,0,0,0,29.021
NMSAS,1986-03-01,0,0,0,29.375
NMSAS,1986-04-01,0,0,0,29.424
NMSAS,1986-05-01,0,0,0,28.638
NMSAS,1986-06-01,0,0,0,28.258
NMSAS,1986-07-01,0,0,0,27.586
NMSAS,1986-08-01,0,0,0,27.269
NMSAS,1986-09-01,0,0,0,27.356
NMSAS,1986-10-01,0,0,0,27.772
NMSAS,1986-11-01,0,0,0,28.337
NMSAS,1986-12-01,0,0,0,28.796
NMSAS,1987-01-01,0,0,0,28.995
NMSAS,1987-02-01,0,0,0,29.025
NMSAS,1987-03-01,0,0,0,29.02
NMSAS,1987-04-01,0,6,0,28.794
NMSAS,1987-05-01,0,24,0,28.104
NMSAS,1987-06-01,0,17,0,27.587
NMSAS,1987-07-01,0,18,0,26.89
NMSAS,1987-08-01,0,31,0,26.342
NMSAS,1987-09-01,0,23,0,26.776
NMSAS,1987-10-01,0,27,0,26.925
NMSAS,1987-11-01,0,21,0,27.63
NMSAS,1987-12-01,0,0,0,28.905
NMSAS,1988-01-01,0,0,0,29.163
NMSAS,1988-02-01,12,0,1,29.687
NMSAS,1988-03-01,0,0,0,29.175
NMSAS,1988-04-01,0,0,0,29.196
NMSAS,1988-05-01,0,0,0,28.856
NMSAS,1988-06-01,0,0,0,28.393
NMSAS,1988-07-01,0,0,0,27.686
NMSAS,1988-08-01,0,2,0,27.165
NMSAS,1988-09-01,0,27,0,26.878
NMSAS,1988-10-01,0,6,0,27.532
NMSAS,1988-11-01,0,0,0,28.115
NMSAS,1988-12-01,0,7,0,28.342
NMSAS,1989-01-01,0,20,0,28.223
NMSAS,1989-02-01,0,17,0,28.467
NMSAS,1989-03-01,0,19,0,28.679
NMSAS,1989-04-01,0,0,0,28.784
NMSAS,1989-05-01,0,6,0,28.357
NMSAS,1989-06-01,0,13,0,27.695
NMSAS,1989-07-01,0,11,0,27.036
NMSAS,1989-08-01,0,0,0,27.308
NMSAS,1989-09-01,0,0,0,27.146
NMSAS,1989-10-01,0,0,0,27.684
NMSAS,1989-11-01,0,7,0,28.069
NMSAS,1989-12-01,0,15,0,28.111
NMSAS,1990-01-01,0,12,0,28.414
NMSAS,1990-02-01,0,16,0,28.35
NMSAS,1990-03-01,0,24,0,28.582
NMSAS,1990-04-01,0,30,0,28.451
NMSAS,1990-05-01,0,4,0,28.693
NMSAS,1990-06-01,0,0,0,28.352
NMSAS,1990-07-01,0,0,0,27.832
NMSAS,1990-08-01,0,0,0,27.228
NMSAS,1990-09-01,3,0,1,27.898
NMSAS,1990-10-01,27,0,4,28.997
NMSAS,1990-11-01,2,0,1,28.676
NMSAS,1990-12-01,0,0,0,28.478
NMSAS,1991-01-01,0,0,0,29.337
NMSAS,1991-02-01,16,0,2,29.937
NMSAS,1991-03-01,5,0,1,29.677
NMSAS,1991-04-01,18,0,3,30.027
NMSAS,1991-05-01,22,0,2,29.522
NMSAS,1991-06-01,0,0,0,28.75
NMSAS,1991-07-01,0,0,0,28.129
NMSAS,1991-08-01,0,0,0,27.339
NMSAS,1991-09-01,0,0,0,27.409
NMSAS,1991-10-01,0,0,0,27.659
NMSAS,1991-11-01,0,0,0,28.255
NMSAS,1991-12-01,0,18,0,28.165
NMSAS,1992-01-01,0,0,0,28.859
NMSAS,1992-02-01,0,0,0,28.775
NMSAS,1992-03-01,0,6,0,28.793
NMSAS,1992-04-01,0,0,0,29.009
NMSAS,1992-05-01,0,0,0,28.804
NMSAS,1992-06-01,0,0,0,28.269
NMSAS,1992-07-01,0,0,0,27.784
NMSAS,1992-08-01,0,0,0,27.904
NMSAS,1992-09-01,20,0,1,28.251
NMSAS,1992-10-01,17,0,1,28.603
NMSAS,1992-11-01,0,0,0,28.429
NMSAS,1992-12-01,0,0,0,29.018
NMSAS,1993-01-01,8,0,1,29.492
NMSAS,1993-02-01,0,0,0,29.245
NMSAS,1993-03-01,0,0,0,29.331
NMSAS,1993-04-01,0,0,0,29.147
NMSAS,1993-05-01,0,0,0,28.544
NMSAS,1993-06-01,0,0,0,27.94
NMSAS,1993-07-01,0,0,0,27.561
NMSAS,1993-08-01,0,0,0,27.329
NMSAS,1993-09-01,0,0,0,27.719
NMSAS,1993-10-01,0,0,0,27.942
NMSAS,1993-11-01,0,0,0,28.443
NMSAS,1993-12-01,2,0,1,28.975
NMSAS,1994-01-01,4,0,1,29.418
NMSAS,1994-02-01,15,0,1,29.892
NMSAS,1994-03-01,22,0,1,30.051
NMSAS,1994-04-01,10,0,2,29.765
NMSAS,1994-05-01,0,0,0,29.088
NMSAS,1994-06-01,0,0,0,28.572
NMSAS,1994-07-01,0,0,0,27.926
NMSAS,1994-08-01,0,0,0,27.486
NMSAS,1994-09-01,0,0,0,27.612
NMSAS,1994-10-01,3,0,1,28.437
NMSAS,1994-11-01,2,0,1,28.525
NMSAS,1994-12-01,0,0,0,28.788
NMSAS,1995-01-01,0,0,0,28.723
NMSAS,1995-02-01,0,0,0,29.358
NMSAS,1995-03-01,0,0,0,29.637
NMSAS,1995-04-01,13,0,1,29.706
NMSAS,1995-05-01,8,0,1,29.442
NMSAS,1995-06-01,0,0,0,28.709
NMSAS,1995-07-01,18,0,1,28.392
NMSAS,1995-08-01,28,0,1,28.292
NMSAS,1995-09-01,7,0,1,28.087
NMSAS,1995-10-01,0,0,0,28.048
NMSAS,1995-11-01,0,0,0,28.643
NMSAS,1995-12-01,0,0,0,29.372
NMSAS,1996-01-01,0,0,0,29.315
NMSAS,1996-02-01,9,0,1,29.469
NMSAS,1996-03-01,0,0,0,29.002
NMSAS,1996-04-01,0,0,0,29.018
NMSAS,1996-05-01,0,0,0,28.751
NMSAS,1996-06-01,0,0,0,28.273
NMSAS,1996-07-01,0,0,0,28.13
NMSAS,1996-08-01,0,0,0,27.775
NMSAS,1996-09-01,0,0,0,27.561
NMSAS,1996-10-01,0,0,0,27.712
NMSAS,1996-11-01,0,0,0,28.577
NMSAS,1996-12-01,0,0,0,28.793
NMSAS,1997-01-01,0,6,0,28.569
NMSAS,1997-02-01,0,0,0,28.798
NMSAS,1997-03-01,0,6,0,28.849
NMSAS,1997-04-01,0,0,0,29.123
NMSAS,1997-05-01,0,0,0,28.785
NMSAS,1997-06-01,0,11,0,27.656
NMSAS,1997-07-01,0,11,0,27.221
NMSAS,1997-08-01,0,0,0,27.201
NMSAS,1997-09-01,0,0,0,27.478
NMSAS,1997-10-01,0,0,0,27.689
NMSAS,1997-11-01,0,8,0,28.097
NMSAS,1997-12-01,0,26,0,27.984
NMSAS,1998-01-01,0,0,0,28.914
NMSAS,1998-02-01,0,0,0,28.906
NMSAS,1998-03-01,0,3,0,28.979
NMSAS,1998-04-01,0,30,0,28.468
NMSAS,1998-05-01,0,31,0,27.858
NMSAS,1998-06-01,0,30,0,27.244
NMSAS,1998-07-01,0,31,0,26.38
NMSAS,1998-08-01,0,15,0,26.8
NMSAS,1998-09-01,0,0,0,27.637
NMSAS,1998-10-01,4,0,1,28.243
NMSAS,1998-11-01,13,0,1,29.143
NMSAS,1998-12-01,9,0,1,29.381
NMSAS,1999-01-01,5,0,1,29.237
NMSAS,1999-02-01,0,0,0,29.115
NMSAS,1999-03-01,0,0,0,29.214
NMSAS,1999-04-01,0,0,0,29.383
NMSAS,1999-05-01,0,0,0,29.187
NMSAS,1999-06-01,0,0,0,28.491
NMSAS,1999-07-01,0,0,0,28.157
NMSAS,1999-08-01,21,0,1,28.164
NMSAS,1999-09-01,4,0,1,27.947
NMSAS,1999-10-01,0,0,0,27.967
NMSAS,1999-11-01,0,0,0,28.612
NMSAS,1999-12-01,0,0,0,29.105
NMSAS,2000-01-01,0,0,0,29.101
NMSAS,2000-02-01,0,0,0,29.221
NMSAS,2000-03-01,0,0,0,29.365
NMSAS,2000-04-01,0,0,0,29.423
NMSAS,2000-05-01,0,0,0,29.065
NMSAS,2000-06-01,0,0,0,28.234
NMSAS,2000-07-01,0,0,0,27.487
NMSAS,2000-08-01,0,0,0,27.345
NMSAS,2000-09-01,0,0,0,27.785
NMSAS,2000-10-01,0,0,0,28.041
NMSAS,2000-11-01,0,0,0,28.567
NMSAS,2000-12-01,6,0,1,29.458
NMSAS,2001-01-01,0,0,0,29.337
NMSAS,2001-02-01,0,0,0,29.424
NMSAS,2001-03-01,0,5,0,29.074
NMSAS,2001-04-01,0,0,0,29.365
NMSAS,2001-05-01,0,0,0,28.85
NMSAS,2001-06-01,0,0,0,28.387
NMSAS,2001-07-01,6,0,1,28.401
NMSAS,2001-08-01,0,0,0,27.854
NMSAS,2001-09-01,0,0,0,27.581
NMSAS,2001-10-01,0,0,0,28.043
NMSAS,2001-11-01,0,0,0,28.367
NMSAS,2001-12-01,0,0,0,29.036
NMSAS,2002-01-01,0,0,0,29.324
NMSAS,2002-02-01,0,0,0,29.607
NMSAS,2002-03-01,13,0,1,29.848
NMSAS,2002-04-01,0,0,0,29.645
NMSAS,2002-05-01,0,0,0,29.283
NMSAS,2002-06-01,0,0,0,28.585
NMSAS,2002-07-01,0,0,0,28.153
NMSAS,2002-08-01,0,0,0,27.496
NMSAS,2002-09-01,0,0,0,27.504
NMSAS,2002-10-01,0,0,0,27.958
NMSAS,2002-11-01,23,0,2,29.365
NMSAS,2002-12-01,2,0,1,29.555
NMSAS,2003-01-01,13,0,1,29.762
NMSAS,2003-02-01,10,0,1,29.699
NMSAS,2003-03-01,12,0,1,29.811
NMSAS,2003-04-01,22,0,1,29.893
NMSAS,2003-05-01,18,0,1,29.462
NMSAS,2003-06-01,0,0,0,28.433
NMSAS,2003-07-01,0,0,0,27.975
NMSAS,2003-08-01,5,0,1,27.945
NMSAS,2003-09-01,11,0,1,28.094
NMSAS,2003-10-01,0,0,0,28.353
NMSAS,2003-11-01,0,0,0,28.608
NMSAS,2003-12-01,3,0,1,29.13
NMSAS,2004-01-01,4,0,1,29.343
NMSAS,2004-02-01,0,0,0,29.385
NMSAS,2004-03-01,0,0,0,29.415
NMSAS,2004-04-01,0,0,0,29.504
NMSAS,2004-05-01,0,0,0,29.091
NMSAS,2004-06-01,12,0,1,28.78
NMSAS,2004-07-01,0,0,0,27.912
NMSAS,2004-08-01,0,0,0,27.917
NMSAS,2004-09-01,0,0,0,27.824
NMSAS,2004-10-01,0,0,0,28.209
NMSAS,2004-11-01,0,0,0,29.023
NMSAS,2004-12-01,0,0,0,29.111
NMSAS,2005-01-01,6,0,2,29.754
NMSAS,2005-02-01,4,0,2,29.272
NMSAS,2005-03-01,0,0,0,29.05
NMSAS,2005-04-01,0,0,0,29.264
NMSAS,2005-05-01,0,0,0,29.018
NMSAS,2005-06-01,0,0,0,28.501
NMSAS,2005-07-01,0,0,0,27.909
NMSAS,2005-08-01,0,0,0,27.951
NMSAS,2005-09-01,0,0,0,27.947
NMSAS,2005-10-01,10,0,2,28.578
NMSAS,2005-11-01,18,0,2,29.415
NMSAS,2005-12-01,24,0,2,29.871
NMSAS,2006-01-01,0,0,0,29.165
NMSAS,2006-02-01,0,7,0,28.686
NMSAS,2006-03-01,0,0,0,29.352
NMSAS,2006-04-01,0,0,0,29.538
NMSAS,2006-05-01,0,0,0,29.248
NMSAS,2006-06-01,0,0,0,28.441
NMSAS,2006-07-01,0,0,0,28.313
NMSAS,2006-08-01,0,0,0,28.012
NMSAS,2006-09-01,0,0,0,27.964
NMSAS,2006-10-01,0,0,0,28.086
NMSAS,2006-11-01,0,0,0,28.332
NMSAS,2006-12-01,0,0,0,29.272
NMSAS,2007-01-01,0,0,0,29.321
NMSAS,2007-02-01,6,0,2,29.415
NMSAS,2007-03-01,0,0,0,29.218
NMSAS,2007-04-01,7,0,1,29.709
NMSAS,2007-05-01,11,0,1,29.415
NMSAS,2007-06-01,0,0,0,28.77
NMSAS,2007-07-01,7,0,1,28.317
NMSAS,2007-08-01,2,0,1,27.965
NMSAS,2007-09-01,14,0,2,28.288
NMSAS,2007-10-01,19,0,1,28.706
NMSAS,2007-11-01,0,0,0,28.866
NMSAS,2007-12-01,0,0,0,28.618
NMSAS,2008-01-01,0,0,0,28.6
NMSAS,2008-02-01,0,5,0,28.847
NMSAS,2008-03-01,0,5,0,28.875
NMSAS,2008-04-01,0,0,0,29.091
NMSAS,2008-05-01,0,0,0,28.828
NMSAS,2008-06-01,0,0,0,28.379
NMSAS,2008-07-01,0,0,0,27.692
NMSAS,2008-08-01,0,0,0,27.098
NMSAS,2008-09-01,0,0,0,27.123
NMSAS,2008-10-01,0,0,0,27.761
NMSAS,2008-11-01,0,0,0,28.658
NMSAS,2008-12-01,0,0,0,28.94
NMSAS,2009-01-01,0,0,0,29.029
NMSAS,2009-02-01,0,0,0,29.273
NMSAS,2009-03-01,0,0,0,29.601
NMSAS,2009-04-01,0,0,0,29.305
NMSAS,2009-05-01,0,0,0,29.028
NMSAS,2009-06-01,0,0,0,28.634
NMSAS,2009-07-01,0,0,0,28.021
NMSAS,2009-08-01,0,0,0,27.871
NMSAS,2009-09-01,0,0,0,27.389
NMSAS,2009-10-01,0,0,0,27.967
NMSAS,2009-11-01,0,0,0,28.537
NMSAS,2009-12-01,0,0,0,28.875
NMSAS,2010-01-01,9,0,1,29.396
NMSAS,2010-02-01,0,0,0,28.821
NMSAS,2010-03-01,3,0,1,29.667
NMSAS,2010-04-01,10,0,1,29.753
NMSAS,2010-05-01,28,0,1,29.651
NMSAS,2010-06-01,30,0,1,29.133
NMSAS,2010-07-01,31,0,1,28.448
NMSAS,2010-08-01,8,0,1,28.097
NMSAS,2010-09-01,0,0,0,27.916
NMSAS,2010-10-01,0,0,0,28.234
NMSAS,2010-11-01,0,0,0,28.726
NMSAS,2010-12-01,0,0,0,29.079
NMSAS,2011-01-01,0,0,0,28.893
NMSAS,2011-02-01,0,20,0,28.295
NMSAS,2011-03-01,0,0,0,29.047
NMSAS,2011-04-01,0,5,0,28.932
NMSAS,2011-05-01,0,0,0,28.936
NMSAS,2011-06-01,0,0,0,28.458
NMSAS,2011-07-01,0,0,0,27.88
NMSAS,2011-08-01,0,0,0,27.529
NMSAS,2011-09-01,0,0,0,27.486
NMSAS,2011-10-01,0,0,0,27.932
NMSAS,2011-11-01,0,0,0,28.26
NMSAS,2011-12-01,0,0,0,28.587
NMSAS,2012-01-01,0,0,0,28.732
NMSAS,2012-02-01,0,5,0,28.816
NMSAS,2012-03-01,0,0,0,28.913
NMSAS,2012-04-01,0,0,0,29.175
NMSAS,2012-05-01,5,0,2,29.149
NMSAS,2012-06-01,0,0,0,28.249
NMSAS,2012-07-01,0,0,0,27.505
NMSAS,2012-08-01,0,0,0,27.489
NMSAS,2012-09-01,0,0,0,27.715
NMSAS,2012-10-01,0,0,0,28.212
NMSAS,2012-11-01,5,0,1,28.988
NMSAS,2012-12-01,4,0,1,29.315
NMSAS,2013-01-01,0,0,0,28.842
NMSAS,2013-02-01,0,0,0,29.007
NMSAS,2013-03-01,0,0,0,29.377
NMSAS,2013-04-01,0,0,0,29.487
NMSAS,2013-05-01,0,0,0,29.162
NMSAS,2013-06-01,0,0,0,28.729
NMSAS,2013-07-01,0,0,0,28.06
NMSAS,2013-08-01,0,0,0,27.924
NMSAS,2013-09-01,5,0,2,27.869
NMSAS,2013-10-01,0,0,0,27.858
NMSAS,2013-11-01,0,0,0,28.192
NMSAS,2013-12-01,0,0,0,28.843
NMSAS,2014-01-01,0,0,0,28.916
NMSAS,2014-02-01,16,0,2,29.909
NMSAS,2014-03-01,8,0,2,29.791
NMSAS,2014-04-01,0,0,0,29.4
NMSAS,2014-05-01,0,0,0,28.474
NMSAS,2014-06-01,0,0,0,28.537
NMSAS,2014-07-01,12,0,1,28.334
NMSAS,2014-08-01,0,0,0,27.804
NMSAS,2014-09-01,0,0,0,27.764
NMSAS,2014-10-01,0,0,0,28.103
NMSAS,2014-11-01,0,0,0,28.581
NMSAS,2014-12-01,0,0,0,29.079
NMSAS,2015-01-01,13,0,2,29.57
NMSAS,2015-02-01,0,0,0,29.405
NMSAS,2015-03-01,9,0,1,29.891
NMSAS,2015-04-01,0,0,0,29.597
NMSAS,2015-05-01,0,0,0,29.078
NMSAS,2015-06-01,0,0,0,28.532
NMSAS,2015-07-01,0,0,0,27.824
NMSAS,2015-08-01,0,0,0,27.079
NMSAS,2015-09-01,0,0,0,27.306
NMSAS,2015-10-01,0,0,0,27.394
NMSAS,2015-11-01,0,0,0,28.096
NMSAS,2015-12-01,0,0,0,28.605
NMSAS,2016-01-01,0,16,0,28.321
NMSAS,2016-02-01,0,0,0,28.927
NMSAS,2016-03-01,11,0,1,29.616
NMSAS,2016-04-01,11,0,1,29.708
NMSAS,2016-05-01,0,0,0,28.81
NMSAS,2016-06-01,0,0,0,28.118
NMSAS,2016-07-01,0,0,0,27.606
NMSAS,2016-08-01,0,0,0,27.805
NMSAS,2016-09-01,21,0,2,28.422
NMSAS,2016-10-01,31,0,2,28.958
NMSAS,2016-11-01,23,0,1,29.31
NMSAS,2016-12-01,15,0,2,29.696
NMSAS,2017-01-01,24,0,2,30.015
NMSAS,2017-02-01,7,0,1,29.716
NMSAS,2017-03-01,24,0,1,29.95
NMSAS,2017-04-01,1,0,1,29.736
NMSAS,2017-05-01,0,0,0,29.299
NMSAS,2017-06-01,5,0,1,28.725
NMSAS,2017-07-01,4,0,1,28.134
NMSAS,2017-08-01,8,0,1,28.063
NMSAS,2017-09-01,0,0,0,27.937
NMSAS,2017-10-01,0,0,0,28.283
NMSAS,2017-11-01,0,0,0,28.712
NMSAS,2017-12-01,0,0,0,28.918
NMSAS,2018-01-01,0,0,0,29.339
NMSAS,2018-02-01,0,0,0,28.983
NMSAS,2018-03-01,0,0,0,29.314
NMSAS,2018-04-01,0,0,0,29.268
NMSAS,2018-05-01,0,0,0,29.259
NMSAS,2018-06-01,23,0,1,28.918
NMSAS,2018-07-01,5,0,1,28.161
NMSAS,2018-08-01,2,0,1,28.048
NMSAS,2018-09-01,0,0,0,27.833
NMSAS,2018-10-01,7,0,2,28.271
NMSAS,2018-11-01,5,0,1,28.976
NMSAS,2018-12-01,0,0,0,29.21
NMSAS,2019-01-01,23,0,1,29.796
NMSAS,2019-02-01,19,0,2,29.932
NMSAS,2019-03-01,11,0,2,29.888
NMSAS,2019-04-01,25,0,1,29.966
NMSAS,2019-05-01,31,0,1,29.697
NMSAS,2019-06-01,29,0,2,29.1
NMSAS,2019-07-01,5,0,1,28.339
NMSAS,2019-08-01,16,0,1,28.147
NMSAS,2019-09-01,0,0,0,27.975
NMSAS,2019-10-01,0,0,0,28.155
NMSAS,2019-11-01,0,0,0,28.765
NMSAS,2019-12-01,0,0,0,28.998
NMSAS,2020-01-01,0,6,0,28.837
NMSAS,2020-02-01,0,8,0,28.66
NMSAS,2020-03-01,10,0,2,29.846
NMSAS,2020-04-01,30,0,2,30.071
NMSAS,2020-05-01,31,0,1,29.649
NMSAS,2020-06-01,24,0,1,28.989
NMSAS,2020-07-01,10,0,1,28.357
NMSAS,2020-08-01,18,0,1,28.149
NMSAS,2020-09-01,12,0,2,28.215
NMSAS,2020-10-01,22,0,1,28.681
NMSAS,2020-11-01,0,0,0,28.962
NMSAS,2020-12-01,0,0,0,29.239
NMSAS,2021-01-01,0,0,0,29.252
NMSAS,2021-02-01,0,0,0,29.199
NMSAS,2021-03-01,0,0,0,29.379
NMSAS,2021-04-01,0,0,0,29.35
NMSAS,2021-05-01,0,0,0,29.274
NMSAS,2021-06-01,0,0,0,28.651
NMSAS,2021-07-01,0,0,0,28.191
NMSAS,2021-08-01,0,0,0,27.996
NMSAS,2021-09-01,0,0,0,28.117
NMSAS,2021-10-01,0,0,0,28.31
NMSAS,2021-11-01,0,0,0,28.789
NMSAS,2021-12-01,0,0,0,28.97
NMSAS,2022-01-01,0,0,0,29.356
NMSAS,2022-02-01,0,0,0,28.906
NMSAS,2022-03-01,0,0,0,29.119
NMSAS,2022-04-01,0,0,0,29.232
NMSAS,2022-05-01,0,0,0,29.096
NMSAS,2022-06-01,0,0,0,28.66
NMSAS,2022-07-01,0,0,0,27.988
NMSAS,2022-08-01,0,0,0,27.475
NMSAS,2022-09-01,0,0,0,27.458
NMSAS,2022-10-01,0,0,0,27.789
NMSAS,2022-11-01,0,0,0,28.351
NMSAS,2022-12-01,0,0,0,28.798
NMSAS,2023-01-01,0,0,0,28.934
NMSAS,2023-02-01,0,0,0,29.429
NMSAS,2023-03-01,0,0,0,29.637
NMSAS,2023-04-01,7,0,1,29.528
NMSAS,2023-05-01,0,0,0,29.113
NMSAS,2023-06-01,0,0,0,28.724
NMSAS,2023-07-01,23,0,1,28.499
NMSAS,2023-08-01,29,0,1,28.452
NMSAS,2023-09-01,0,0,0,28.037
NMSAS,2023-10-01,0,0,0,28.133
NMSAS,2023-11-01,0,0,0,28.485
NMSAS,2023-12-01,0,0,0,28.882
NMSAS,2024-01-01,11,0,2,29.707
NMSAS,2024-02-01,3,0,2,29.603
NMSAS,2024-03-01,19,0,3,30.258
NMSAS,2024-04-01,30,0,2,30.456
NMSAS,2024-05-01,31,0,2,29.978
NMSAS,2024-06-01,15,0,1,28.89
NMSAS,2024-07-01,0,0,0,28.145
NMSAS,2024-08-01,0,0,0,27.502
NMSAS,2024-09-01,0,0,0,27.756
NMSAS,2024-10-01,0,0,0,28.162
NMSAS,2024-11-01,0,0,0,28.406
NMSAS,2024-12-01,6,0,2,29.445
NMSAS,2025-01-01,5,0,1,29.542
NMSAS,2025-02-01,11,0,1,29.663
NMSAS,2025-03-01,5,0,1,29.715
NMSAS,2025-04-01,13,0,1,29.773
NMSAS,2025-05-01,0,0,0,29.289
NMSAS,2025-06-01,0,0,0,28.572
NMSAS,2025-07-01,17,0,1,28.386
NMSAS,2025-08-01,0,0,0,27.781
NMSAS,2025-09-01,0,0,0,27.928
NMSAS,2025-10-01,0,0,0,28.304
NMSAS,2025-11-01,0,0,0,28.771
NMSAS,2025-12-01,0,0,0,29.271
NMSAS,2026-01-01,18,0,1,29.664
NMSAS,2026-02-01,0,0,0,29.199
NMSAS,2026-03-01,0,0,0,29.614
FGBNMS,1982-01-01,0,0,0,20.946
FGBNMS,1982-02-01,0,0,0,20.507
FGBNMS,1982-03-01,0,0,0,20.938
FGBNMS,1982-04-01,0,0,0,21.691
FGBNMS,1982-05-01,0,0,0,24.467
FGBNMS,1982-06-01,0,0,0,27.971
FGBNMS,1982-07-01,0,0,0,28.993
FGBNMS,1982-08-01,0,7,0,29.017
FGBNMS,1982-09-01,0,9,0,28.064
FGBNMS,1982-10-01,0,0,0,26.561
FGBNMS,1982-11-01,0,0,0,25.162
FGBNMS,1982-12-01,0,0,0,22.763
FGBNMS,1983-01-01,0,0,0,21.031
FGBNMS,1983-02-01,0,9,0,19.652
FGBNMS,1983-03-01,0,0,0,20.573
FGBNMS,1983-04-01,0,1,0,21.322
FGBNMS,1983-05-01,0,27,0,23.258
FGBNMS,1983-06-01,0,0,0,27.069
FGBNMS,1983-07-01,0,0,0,29.347
FGBNMS,1983-08-01,0,7,0,29.252
FGBNMS,1983-09-01,0,5,0,28.19
FGBNMS,1983-10-01,0,8,0,26.199
FGBNMS,1983-11-01,0,0,0,24.361
FGBNMS,1983-12-01,0,2,0,22.28
FGBNMS,1984-01-01,0,31,0,19.703
FGBNMS,1984-02-01,0,17,0,19.262
FGBNMS,1984-03-01,0,28,0,18.982
FGBNMS,1984-04-01,0,29,0,20.373
FGBNMS,1984-05-01,0,23,0,23.484
FGBNMS,1984-06-01,0,24,0,26.094
FGBNMS,1984-07-01,0,5,0,28.678
FGBNMS,1984-08-01,0,17,0,28.649
FGBNMS,1984-09-01,0,22,0,27.797
FGBNMS,1984-10-01,0,17,0,25.989
FGBNMS,1984-11-01,0,2,0,24.557
FGBNMS,1984-12-01,0,3,0,22.593
FGBNMS,1985-01-01,0,0,0,21.113
FGBNMS,1985-02-01,0,15,0,19.556
FGBNMS,1985-03-01,0,0,0,20.995
FGBNMS,1985-04-01,0,0,0,21.475
FGBNMS,1985-05-01,0,0,0,24.953
FGBNMS,1985-06-01,0,0,0,27.629
FGBNMS,1985-07-01,0,18,0,28.272
FGBNMS,1985-08-01,0,0,0,29.278
FGBNMS,1985-09-01,0,0,0,28.556
FGBNMS,1985-10-01,0,1,0,26.711
FGBNMS,1985-11-01,0,14,0,24.088
FGBNMS,1985-12-01,0,0,0,22.684
FGBNMS,1986-01-01,0,0,0,21.493
FGBNMS,1986-02-01,0,0,0,20.852
FGBNMS,1986-03-01,0,0,0,20.795
FGBNMS,1986-04-01,0,0,0,22.027
FGBNMS,1986-05-01,0,0,0,24.516
FGBNMS,1986-06-01,0,0,0,27.724
FGBNMS,1986-07-01,0,5,0,28.892
FGBNMS,1986-08-01,0,4,0,29.067
FGBNMS,1986-09-01,0,0,0,28.751
FGBNMS,1986-10-01,0,0,0,27.23
FGBNMS,1986-11-01,0,0,0,25.141
FGBNMS,1986-12-01,0,0,0,22.941
FGBNMS,1987-01-01,0,0,0,20.786
FGBNMS,1987-02-01,0,0,0,20.144
FGBNMS,1987-03-01,0,1,0,19.962
FGBNMS,1987-04-01,0,19,0,20.689
FGBNMS,1987-05-01,0,0,0,24.605
FGBNMS,1987-06-01,0,7,0,27.044
FGBNMS,1987-07-01,0,0,0,28.746
FGBNMS,1987-08-01,0,8,0,29.298
FGBNMS,1987-09-01,0,0,0,28.959
FGBNMS,1987-10-01,0,0,0,26.431
FGBNMS,1987-11-01,0,18,0,23.819
FGBNMS,1987-12-01,0,2,0,22.198
FGBNMS,1988-01-01,0,0,0,20.683
FGBNMS,1988-02-01,0,0,0,19.87
FGBNMS,1988-03-01,0,8,0,19.928
FGBNMS,1988-04-01,0,0,0,21.435
FGBNMS,1988-05-01,0,4,0,23.693
FGBNMS,1988-06-01,0,29,0,26.31
FGBNMS,1988-07-01,0,9,0,28.546
FGBNMS,1988-08-01,0,0,0,29.535
FGBNMS,1988-09-01,0,18,0,27.864
FGBNMS,1988-10-01,0,5,0,26.443
FGBNMS,1988-11-01,0,0,0,24.875
FGBNMS,1988-12-01,0,0,0,22.527
FGBNMS,1989-01-01,23,0,1,22.123
FGBNMS,1989-02-01,14,0,1,21.649
FGBNMS,1989-03-01,0,0,0,21.013
FGBNMS,1989-04-01,0,0,0,22.281
FGBNMS,1989-05-01,0,0,0,24.637
FGBNMS,1989-06-01,0,5,0,27.358
FGBNMS,1989-07-01,0,17,0,28.244
FGBNMS,1989-08-01,0,19,0,28.698
FGBNMS,1989-09-01,0,0,0,29.061
FGBNMS,1989-10-01,0,0,0,26.619
FGBNMS,1989-11-01,0,0,0,24.925
FGBNMS,1989-12-01,0,13,0,21.789
FGBNMS,1990-01-01,0,17,0,20.281
FGBNMS,1990-02-01,0,1,0,20.214
FGBNMS,1990-03-01,0,0,0,20.694
FGBNMS,1990-04-01,0,0,0,22.084
FGBNMS,1990-05-01,5,0,1,25.547
FGBNMS,1990-06-01,8,0,1,28.519
FGBNMS,1990-07-01,0,0,0,29.148
FGBNMS,1990-08-01,5,0,1,29.88
FGBNMS,1990-09-01,0,0,0,29.113
FGBNMS,1990-10-01,5,0,1,27.327
FGBNMS,1990-11-01,0,0,0,24.73
FGBNMS,1990-12-01,0,0,0,22.963
FGBNMS,1991-01-01,0,0,0,21.754
FGBNMS,1991-02-01,0,0,0,20.897
FGBNMS,1991-03-01,0,0,0,20.687
FGBNMS,1991-04-01,0,0,0,22.664
FGBNMS,1991-05-01,0,0,0,25.316
FGBNMS,1991-06-01,0,0,0,27.764
FGBNMS,1991-07-01,0,0,0,29.336
FGBNMS,1991-08-01,0,0,0,29.588
FGBNMS,1991-09-01,0,0,0,28.821
FGBNMS,1991-10-01,0,0,0,26.561
FGBNMS,1991-11-01,0,11,0,24.022
FGBNMS,1991-12-01,0,0,0,22.484
FGBNMS,1992-01-01,0,0,0,21.056
FGBNMS,1992-02-01,0,0,0,20.288
FGBNMS,1992-03-01,0,0,0,20.761
FGBNMS,1992-04-01,0,0,0,22.033
FGBNMS,1992-05-01,0,0,0,24.217
FGBNMS,1992-06-01,8,0,1,27.87
FGBNMS,1992-07-01,0,0,0,29.771
FGBNMS,1992-08-01,0,6,0,29.428
FGBNMS,1992-09-01,0,0,0,28.589
FGBNMS,1992-10-01,0,0,0,26.486
FGBNMS,1992-11-01,0,5,0,24.155
FGBNMS,1992-12-01,0,1,0,22.551
FGBNMS,1993-01-01,0,0,0,21.856
FGBNMS,1993-02-01,0,0,0,20.507
FGBNMS,1993-03-01,0,6,0,20.349
FGBNMS,1993-04-01,0,8,0,21.093
FGBNMS,1993-05-01,0,7,0,23.781
FGBNMS,1993-06-01,0,0,0,27.068
FGBNMS,1993-07-01,0,0,0,29.456
FGBNMS,1993-08-01,0,0,0,30.277
FGBNMS,1993-09-01,0,0,0,29.41
FGBNMS,1993-10-01,0,0,0,27.32
FGBNMS,1993-11-01,0,0,0,24.305
FGBNMS,1993-12-01,0,0,0,22.653
FGBNMS,1994-01-01,0,2,0,20.307
FGBNMS,1994-02-01,0,4,0,20.053
FGBNMS,1994-03-01,0,0,0,20.481
FGBNMS,1994-04-01,0,0,0,21.949
FGBNMS,1994-05-01,5,0,1,25.667
FGBNMS,1994-06-01,0,0,0,28.079
FGBNMS,1994-07-01,0,0,0,29.496
FGBNMS,1994-08-01,0,0,0,29.333
FGBNMS,1994-09-01,0,0,0,28.908
FGBNMS,1994-10-01,0,0,0,26.947
FGBNMS,1994-11-01,5,0,1,25.561
FGBNMS,1994-12-01,25,0,2,24.04
FGBNMS,1995-01-01,0,0,0,21.465
FGBNMS,1995-02-01,0,0,0,20.43
FGBNMS,1995-03-01,0,0,0,21.199
FGBNMS,1995-04-01,0,0,0,22.483
FGBNMS,1995-05-01,0,0,0,25.324
FGBNMS,1995-06-01,0,0,0,27.791
FGBNMS,1995-07-01,8,0,2,29.92
FGBNMS,1995-08-01,7,0,2,30.056
FGBNMS,1995-09-01,16,0,2,29.893
FGBNMS,1995-10-01,0,0,0,26.591
FGBNMS,1995-11-01,0,0,0,24.432
FGBNMS,1995-12-01,0,0,0,22.546
FGBNMS,1996-01-01,0,0,0,20.434
FGBNMS,1996-02-01,0,0,0,20.021
FGBNMS,1996-03-01,0,0,0,20.145
FGBNMS,1996-04-01,0,16,0,20.806
FGBNMS,1996-05-01,0,4,0,24.496
FGBNMS,1996-06-01,0,0,0,28.074
FGBNMS,1996-07-01,0,0,0,29.956
FGBNMS,1996-08-01,0,0,0,29.587
FGBNMS,1996-09-01,0,0,0,29.05
FGBNMS,1996-10-01,0,7,0,26.24
FGBNMS,1996-11-01,0,0,0,24.226
FGBNMS,1996-12-01,0,0,0,22.204
FGBNMS,1997-01-01,0,0,0,21.029
FGBNMS,1997-02-01,0,0,0,20.564
FGBNMS,1997-03-01,0,0,0,21.256
FGBNMS,1997-04-01,0,0,0,22.031
FGBNMS,1997-05-01,0,0,0,24.475
FGBNMS,1997-06-01,0,0,0,27.957
FGBNMS,1997-07-01,21,0,1,30.246
FGBNMS,1997-08-01,0,0,0,30.131
FGBNMS,1997-09-01,9,0,1,29.463
FGBNMS,1997-10-01,0,0,0,26.766
FGBNMS,1997-11-01,0,11,0,23.903
FGBNMS,1997-12-01,0,0,0,22.25
FGBNMS,1998-01-01,0,0,0,20.666
FGBNMS,1998-02-01,0,0,0,19.922
FGBNMS,1998-03-01,0,9,0,19.765
FGBNMS,1998-04-01,0,0,0,21.376
FGBNMS,1998-05-01,3,0,2,24.871
FGBNMS,1998-06-01,3,0,2,28.368
FGBNMS,1998-07-01,0,0,0,29.818
FGBNMS,1998-08-01,8,0,1,30.315
FGBNMS,1998-09-01,0,0,0,28.898
FGBNMS,1998-10-01,0,0,0,27.669
FGBNMS,1998-11-01,5,0,1,25.463
FGBNMS,1998-12-01,23,0,1,23.99
FGBNMS,1999-01-01,0,0,0,21.292
FGBNMS,1999-02-01,7,0,1,21.045
FGBNMS,1999-03-01,0,0,0,21.076
FGBNMS,1999-04-01,5,0,1,23.098
FGBNMS,1999-05-01,0,0,0,25.631
FGBNMS,1999-06-01,5,0,1,28.46
FGBNMS,1999-07-01,0,0,0,29.443
FGBNMS,1999-08-01,0,0,0,30.314
FGBNMS,1999-09-01,0,0,0,29.299
FGBNMS,1999-10-01,0,0,0,27.048
FGBNMS,1999-11-01,0,0,0,24.84
FGBNMS,1999-12-01,0,0,0,22.941
FGBNMS,2000-01-01,0,0,0,21.629
FGBNMS,2000-02-01,13,0,1,21.292
FGBNMS,2000-03-01,10,0,1,22.088
FGBNMS,2000-04-01,0,0,0,23.081
FGBNMS,2000-05-01,4,0,1,25.716
FGBNMS,2000-06-01,6,0,1,28.268
FGBNMS,2000-07-01,0,0,0,29.935
FGBNMS,2000-08-01,0,0,0,29.775
FGBNMS,2000-09-01,0,0,0,29.342
FGBNMS,2000-10-01,0,0,0,27.151
FGBNMS,2000-11-01,0,0,0,25.257
FGBNMS,2000-12-01,0,0,0,22.727
FGBNMS,2001-01-01,0,0,0,20.854
FGBNMS,2001-02-01,0,0,0,20.336
FGBNMS,2001-03-01,0,0,0,21.052
FGBNMS,2001-04-01,11,0,1,23.344
FGBNMS,2001-05-01,0,0,0,25.265
FGBNMS,2001-06-01,0,0,0,27.804
FGBNMS,2001-07-01,0,0,0,29.617
FGBNMS,2001-08-01,0,0,0,29.714
FGBNMS,2001-09-01,0,0,0,29.032
FGBNMS,2001-10-01,0,0,0,26.542
FGBNMS,2001-11-01,0,0,0,24.805
FGBNMS,2001-12-01,5,0,1,23.567
FGBNMS,2002-01-01,3,0,1,21.414
FGBNMS,2002-02-01,2,0,1,21.2
FGBNMS,2002-03-01,0,0,0,21.77
FGBNMS,2002-04-01,19,0,1,23.85
FGBNMS,2002-05-01,17,0,1,26.038
FGBNMS,2002-06-01,0,0,0,27.874
FGBNMS,2002-07-01,0,0,0,29.382
FGBNMS,2002-08-01,0,0,0,29.977
FGBNMS,2002-09-01,0,0,0,28.849
FGBNMS,2002-10-01,0,0,0,27.235
FGBNMS,2002-11-01,0,0,0,25.093
FGBNMS,2002-12-01,0,0,0,22.261
FGBNMS,2003-01-01,0,0,0,20.225
FGBNMS,2003-02-01,0,6,0,19.645
FGBNMS,2003-03-01,0,2,0,20.842
FGBNMS,2003-04-01,0,0,0,21.788
FGBNMS,2003-05-01,7,0,1,25.706
FGBNMS,2003-06-01,0,0,0,28.329
FGBNMS,2003-07-01,0,5,0,29.083
FGBNMS,2003-08-01,0,0,0,29.979
FGBNMS,2003-09-01,0,0,0,28.963
FGBNMS,2003-10-01,0,0,0,26.988
FGBNMS,2003-11-01,10,0,1,25.438
FGBNMS,2003-12-01,0,2,0,22.264
FGBNMS,2004-01-01,0,3,0,20.83
FGBNMS,2004-02-01,0,0,0,20.147
FGBNMS,2004-03-01,0,0,0,21.134
FGBNMS,2004-04-01,0,0,0,22.523
FGBNMS,2004-05-01,0,0,0,24.666
FGBNMS,2004-06-01,0,0,0,28.319
FGBNMS,2004-07-01,5,0,1,29.801
FGBNMS,2004-08-01,5,0,1,29.824
FGBNMS,2004-09-01,6,0,2,29.533
FGBNMS,2004-10-01,11,0,1,27.901
FGBNMS,2004-11-01,25,0,1,26.042
FGBNMS,2004-12-01,3,0,1,23.416
FGBNMS,2005-01-01,16,0,1,22.103
FGBNMS,2005-02-01,13,0,1,21.563
FGBNMS,2005-03-01,5,0,1,21.446
FGBNMS,2005-04-01,0,0,0,21.757
FGBNMS,2005-05-01,0,6,0,24.744
FGBNMS,2005-06-01,6,0,1,28.454
FGBNMS,2005-07-01,2,0,1,29.879
FGBNMS,2005-08-01,23,0,2,30.794
FGBNMS,2005-09-01,14,0,1,29.601
FGBNMS,2005-10-01,14,0,1,28.111
FGBNMS,2005-11-01,6,0,1,25.41
FGBNMS,2005-12-01,0,0,0,22.752
FGBNMS,2006-01-01,3,0,1,21.538
FGBNMS,2006-02-01,13,0,2,21.716
FGBNMS,2006-03-01,23,0,2,22.419
FGBNMS,2006-04-01,18,0,1,23.785
FGBNMS,2006-05-01,10,0,1,25.662
FGBNMS,2006-06-01,0,0,0,28.131
FGBNMS,2006-07-01,0,0,0,29.439
FGBNMS,2006-08-01,0,0,0,29.985
FGBNMS,2006-09-01,0,0,0,29.514
FGBNMS,2006-10-01,5,0,1,27.858
FGBNMS,2006-11-01,0,0,0,24.992
FGBNMS,2006-12-01,0,0,0,22.741
FGBNMS,2007-01-01,0,0,0,21.625
FGBNMS,2007-02-01,0,0,0,20.561
FGBNMS,2007-03-01,0,0,0,21.137
FGBNMS,2007-04-01,0,0,0,22.327
FGBNMS,2007-05-01,0,0,0,24.965
FGBNMS,2007-06-01,0,0,0,27.948
FGBNMS,2007-07-01,0,0,0,29.153
FGBNMS,2007-08-01,0,0,0,30.178
FGBNMS,2007-09-01,10,0,1,29.557
FGBNMS,2007-10-01,14,0,1,27.779
FGBNMS,2007-11-01,0,0,0,25.315
FGBNMS,2007-12-01,6,0,1,23.541
FGBNMS,2008-01-01,0,0,0,21.535
FGBNMS,2008-02-01,5,0,1,21.254
FGBNMS,2008-03-01,0,0,0,21.337
FGBNMS,2008-04-01,0,0,0,22.862
FGBNMS,2008-05-01,0,0,0,25.326
FGBNMS,2008-06-01,5,0,1,28.704
FGBNMS,2008-07-01,0,0,0,29.353
FGBNMS,2008-08-01,0,0,0,29.284
FGBNMS,2008-09-01,0,17,0,27.751
FGBNMS,2008-10-01,0,5,0,26.533
FGBNMS,2008-11-01,0,0,0,24.813
FGBNMS,2008-12-01,0,0,0,22.702
FGBNMS,2009-01-01,0,0,0,21.834
FGBNMS,2009-02-01,0,0,0,21.004
FGBNMS,2009-03-01,0,0,0,21.634
FGBNMS,2009-04-01,0,0,0,22.635
FGBNMS,2009-05-01,0,0,0,25.425
FGBNMS,2009-06-01,8,0,1,28.166
FGBNMS,2009-07-01,18,0,1,30.003
FGBNMS,2009-08-01,0,0,0,30.145
FGBNMS,2009-09-01,5,0,1,29.227
FGBNMS,2009-10-01,18,0,1,28.19
FGBNMS,2009-11-01,0,0,0,24.71
FGBNMS,2009-12-01,0,0,0,22.425
FGBNMS,2010-01-01,0,6,0,20.509
FGBNMS,2010-02-01,0,20,0,19.33
FGBNMS,2010-03-01,0,31,0,18.759
FGBNMS,2010-04-01,0,17,0,20.622
FGBNMS,2010-05-01,4,0,1,25.407
FGBNMS,2010-06-01,21,0,2,29.251
FGBNMS,2010-07-01,0,0,0,29.734
FGBNMS,2010-08-01,22,0,1,30.708
FGBNMS,2010-09-01,9,0,1,29.622
FGBNMS,2010-10-01,0,0,0,27.216
FGBNMS,2010-11-01,0,0,0,24.76
FGBNMS,2010-12-01,0,23,0,21.832
FGBNMS,2011-01-01,0,17,0,20.098
FGBNMS,2011-02-01,0,17,0,19.495
FGBNMS,2011-03-01,0,0,0,20.973
FGBNMS,2011-04-01,0,0,0,22.95
FGBNMS,2011-05-01,0,0,0,24.953
FGBNMS,2011-06-01,0,0,0,28.366
FGBNMS,2011-07-01,7,0,1,29.815
FGBNMS,2011-08-01,7,0,1,30.429
FGBNMS,2011-09-01,3,0,1,29.242
FGBNMS,2011-10-01,0,0,0,27.355
FGBNMS,2011-11-01,0,0,0,24.916
FGBNMS,2011-12-01,0,0,0,22.754
FGBNMS,2012-01-01,0,0,0,21.497
FGBNMS,2012-02-01,0,0,0,21.062
FGBNMS,2012-03-01,19,0,1,22.221
FGBNMS,2012-04-01,20,0,1,23.762
FGBNMS,2012-05-01,10,0,1,25.822
FGBNMS,2012-06-01,0,0,0,28.199
FGBNMS,2012-07-01,0,0,0,29.116
FGBNMS,2012-08-01,8,0,1,30.032
FGBNMS,2012-09-01,0,0,0,29.224
FGBNMS,2012-10-01,0,0,0,27.741
FGBNMS,2012-11-01,7,0,1,25.748
FGBNMS,2012-12-01,28,0,1,24.1
FGBNMS,2013-01-01,27,0,1,22.283
FGBNMS,2013-02-01,17,0,1,21.593
FGBNMS,2013-03-01,0,0,0,20.801
FGBNMS,2013-04-01,0,0,0,21.861
FGBNMS,2013-05-01,0,15,0,23.949
FGBNMS,2013-06-01,0,0,0,28.485
FGBNMS,2013-07-01,0,0,0,29.178
FGBNMS,2013-08-01,0,0,0,29.789
FGBNMS,2013-09-01,0,0,0,29.127
FGBNMS,2013-10-01,0,0,0,27.642
FGBNMS,2013-11-01,0,0,0,24.892
FGBNMS,2013-12-01,0,0,0,22.544
FGBNMS,2014-01-01,0,0,0,20.808
FGBNMS,2014-02-01,0,0,0,20.031
FGBNMS,2014-03-01,0,0,0,20.127
FGBNMS,2014-04-01,0,0,0,21.584
FGBNMS,2014-05-01,0,15,0,23.592
FGBNMS,2014-06-01,0,0,0,27.425
FGBNMS,2014-07-01,0,0,0,29.315
FGBNMS,2014-08-01,0,0,0,30.012
FGBNMS,2014-09-01,0,0,0,29.382
FGBNMS,2014-10-01,0,0,0,27.614
FGBNMS,2014-11-01,0,0,0,24.933
FGBNMS,2014-12-01,0,0,0,23.085
FGBNMS,2015-01-01,5,0,1,21.495
FGBNMS,2015-02-01,0,0,0,20.78
FGBNMS,2015-03-01,14,0,1,21.977
FGBNMS,2015-04-01,25,0,1,23.864
FGBNMS,2015-05-01,0,0,0,25.718
FGBNMS,2015-06-01,10,0,1,28.38
FGBNMS,2015-07-01,6,0,1,29.875
FGBNMS,2015-08-01,0,0,0,30.121
FGBNMS,2015-09-01,0,0,0,29.025
FGBNMS,2015-10-01,0,0,0,27.398
FGBNMS,2015-11-01,7,0,1,25.622
FGBNMS,2015-12-01,31,0,2,24.529
FGBNMS,2016-01-01,24,0,2,22.746
FGBNMS,2016-02-01,0,0,0,21.056
FGBNMS,2016-03-01,0,0,0,21.595
FGBNMS,2016-04-01,0,0,0,22.996
FGBNMS,2016-05-01,0,0,0,25.675
FGBNMS,2016-06-01,13,0,1,28.726
FGBNMS,2016-07-01,25,0,1,30.324
FGBNMS,2016-08-01,12,0,1,30.326
FGBNMS,2016-09-01,25,0,1,29.975
FGBNMS,2016-10-01,31,0,1,28.427
FGBNMS,2016-11-01,30,0,1,26.211
FGBNMS,2016-12-01,28,0,2,24.086
FGBNMS,2017-01-01,31,0,2,22.891
FGBNMS,2017-02-01,28,0,1,21.927
FGBNMS,2017-03-01,31,0,1,22.592
FGBNMS,2017-04-01,25,0,1,24.055
FGBNMS,2017-05-01,0,0,0,25.351
FGBNMS,2017-06-01,0,0,0,27.573
FGBNMS,2017-07-01,0,0,0,29.859
FGBNMS,2017-08-01,0,0,0,29.982
FGBNMS,2017-09-01,0,8,0,28.536
FGBNMS,2017-10-01,7,0,1,27.874
FGBNMS,2017-11-01,18,0,1,25.781
FGBNMS,2017-12-01,7,0,1,23.668
FGBNMS,2018-01-01,0,0,0,21.221
FGBNMS,2018-02-01,15,0,2,21.918
FGBNMS,2018-03-01,20,0,2,22.463
FGBNMS,2018-04-01,7,0,1,23.11
FGBNMS,2018-05-01,18,0,1,26.18
FGBNMS,2018-06-01,17,0,2,28.994
FGBNMS,2018-07-01,0,0,0,29.837
FGBNMS,2018-08-01,0,0,0,30.115
FGBNMS,2018-09-01,13,0,1,29.581
FGBNMS,2018-10-01,31,0,1,28.612
FGBNMS,2018-11-01,10,0,2,25.384
FGBNMS,2018-12-01,0,0,0,22.416
FGBNMS,2019-01-01,0,0,0,21.546
FGBNMS,2019-02-01,9,0,1,21.455
FGBNMS,2019-03-01,4,0,2,21.773
FGBNMS,2019-04-01,0,0,0,22.244
FGBNMS,2019-05-01,0,0,0,25.519
FGBNMS,2019-06-01,12,0,1,28.773
FGBNMS,2019-07-01,7,0,1,29.56
FGBNMS,2019-08-01,5,0,1,30.251
FGBNMS,2019-09-01,13,0,1,29.697
FGBNMS,2019-10-01,31,0,2,28.493
FGBNMS,2019-11-01,1,0,1,25.134
FGBNMS,2019-12-01,0,0,0,23.318
FGBNMS,2020-01-01,19,0,1,22.16
FGBNMS,2020-02-01,7,0,1,21.41
FGBNMS,2020-03-01,19,0,2,22.439
FGBNMS,2020-04-01,29,0,2,24.398
FGBNMS,2020-05-01,15,0,1,26.059
FGBNMS,2020-06-01,0,0,0,27.929
FGBNMS,2020-07-01,7,0,1,29.52
FGBNMS,2020-08-01,6,0,1,30.123
FGBNMS,2020-09-01,0,0,0,29.18
FGBNMS,2020-10-01,0,0,0,26.999
FGBNMS,2020-11-01,0,0,0,25.329
FGBNMS,2020-12-01,0,0,0,23.055
FGBNMS,2021-01-01,0,0,0,21.091
FGBNMS,2021-02-01,0,0,0,20.314
FGBNMS,2021-03-01,0,0,0,21.165
FGBNMS,2021-04-01,0,0,0,22.971
FGBNMS,2021-05-01,0,0,0,25.358
FGBNMS,2021-06-01,5,0,1,28.194
FGBNMS,2021-07-01,0,0,0,29.435
FGBNMS,2021-08-01,16,0,2,30.563
FGBNMS,2021-09-01,18,0,1,29.779
FGBNMS,2021-10-01,6,0,1,27.789
FGBNMS,2021-11-01,0,0,0,24.956
FGBNMS,2021-12-01,19,0,2,24.14
FGBNMS,2022-01-01,25,0,2,22.495
FGBNMS,2022-02-01,8,0,1,21.12
FGBNMS,2022-03-01,10,0,1,21.756
FGBNMS,2022-04-01,0,0,0,22.919
FGBNMS,2022-05-01,25,0,1,26.544
FGBNMS,2022-06-01,29,0,2,29.38
FGBNMS,2022-07-01,29,0,1,30.333
FGBNMS,2022-08-01,0,0,0,29.954
FGBNMS,2022-09-01,10,0,1,29.563
FGBNMS,2022-10-01,0,0,0,27.354
FGBNMS,2022-11-01,9,0,1,25.424
FGBNMS,2022-12-01,22,0,2,24.17
FGBNMS,2023-01-01,31,0,2,22.816
FGBNMS,2023-02-01,28,0,2,22.196
FGBNMS,2023-03-01,26,0,2,22.761
FGBNMS,2023-04-01,23,0,1,23.949
FGBNMS,2023-05-01,11,0,1,25.877
FGBNMS,2023-06-01,13,0,2,28.943
FGBNMS,2023-07-01,31,0,2,30.902
FGBNMS,2023-08-01,31,0,2,31.184
FGBNMS,2023-09-01,30,0,2,30.556
FGBNMS,2023-10-01,26,0,1,28.222
FGBNMS,2023-11-01,0,0,0,25.461
FGBNMS,2023-12-01,0,0,0,23.22
FGBNMS,2024-01-01,0,0,0,21.402
FGBNMS,2024-02-01,0,0,0,20.875
FGBNMS,2024-03-01,6,0,1,22.002
FGBNMS,2024-04-01,0,0,0,23.138
FGBNMS,2024-05-01,23,0,1,26.273
FGBNMS,2024-06-01,18,0,3,29.245
FGBNMS,2024-07-01,14,0,2,30.216
FGBNMS,2024-08-01,26,0,2,31.166
FGBNMS,2024-09-01,13,0,1,29.512
FGBNMS,2024-10-01,25,0,1,28.159
FGBNMS,2024-11-01,30,0,2,26.598
FGBNMS,2024-12-01,31,0,2,24.696
FGBNMS,2025-01-01,31,0,2,22.841
FGBNMS,2025-02-01,28,0,3,22.814
FGBNMS,2025-03-01,18,0,1,22.125
FGBNMS,2025-04-01,14,0,1,23.597
FGBNMS,2025-05-01,14,0,1,26.085
FGBNMS,2025-06-01,29,0,2,29.289
FGBNMS,2025-07-01,20,0,2,30.367
FGBNMS,2025-08-01,27,0,1,30.991
FGBNMS,2025-09-01,30,0,2,30.006
FGBNMS,2025-10-01,31,0,1,28.362
FGBNMS,2025-11-01,22,0,1,26.007
FGBNMS,2025-12-01,31,0,2,24.457
FGBNMS,2026-01-01,26,0,2,22.663
FGBNMS,2026-02-01,12,0,1,21.285
FGBNMS,2026-03-01,25,0,2,22.635
FKNMS,1982-01-01,0,0,0,23.182
FKNMS,1982-02-01,15,0,1,24.107
FKNMS,1982-03-01,13,0,1,24.767
FKNMS,1982-04-01,6,0,1,26.048
FKNMS,1982-05-01,0,14,0,25.971
FKNMS,1982-06-01,0,26,0,27.486
FKNMS,1982-07-01,0,4,0,29.052
FKNMS,1982-08-01,0,3,0,29.247
FKNMS,1982-09-01,0,0,0,28.99
FKNMS,1982-10-01,0,0,0,27.511
FKNMS,1982-11-01,0,0,0,25.995
FKNMS,1982-12-01,0,0,0,24.405
FKNMS,1983-01-01,0,0,0,23.174
FKNMS,1983-02-01,0,0,0,22.166
FKNMS,1983-03-01,0,8,0,22.329
FKNMS,1983-04-01,0,17,0,23.518
FKNMS,1983-05-01,0,27,0,25.515
FKNMS,1983-06-01,0,8,0,28.303
FKNMS,1983-07-01,0,9,0,29.332
FKNMS,1983-08-01,0,2,0,30.099
FKNMS,1983-09-01,0,3,0,29.26
FKNMS,1983-10-01,0,7,0,27.627
FKNMS,1983-11-01,0,0,0,25.635
FKNMS,1983-12-01,0,0,0,24.64
FKNMS,1984-01-01,0,0,0,23.294
FKNMS,1984-02-01,0,0,0,22.739
FKNMS,1984-03-01,0,0,0,23.076
FKNMS,1984-04-01,0,0,0,24.084
FKNMS,1984-05-01,0,0,0,26.301
FKNMS,1984-06-01,0,30,0,27.073
FKNMS,1984-07-01,0,31,0,28.387
FKNMS,1984-08-01,0,31,0,28.748
FKNMS,1984-09-01,0,27,0,28.267
FKNMS,1984-10-01,0,13,0,26.763
FKNMS,1984-11-01,0,0,0,25.248
FKNMS,1984-12-01,0,0,0,24.368
FKNMS,1985-01-01,0,0,0,22.802
FKNMS,1985-02-01,0,0,0,22.765
FKNMS,1985-03-01,0,0,0,24.074
FKNMS,1985-04-01,0,0,0,24.124
FKNMS,1985-05-01,0,0,0,26.577
FKNMS,1985-06-01,0,0,0,28.799
FKNMS,1985-07-01,0,9,0,28.883
FKNMS,1985-08-01,0,10,0,29.607
FKNMS,1985-09-01,0,18,0,28.54
FKNMS,1985-10-01,0,0,0,27.974
FKNMS,1985-11-01,0,0,0,26.079
FKNMS,1985-12-01,0,0,0,24.266
FKNMS,1986-01-01,0,0,0,22.977
FKNMS,1986-02-01,0,0,0,23.819
FKNMS,1986-03-01,0,0,0,23.251
FKNMS,1986-04-01,0,0,0,24.224
FKNMS,1986-05-01,0,0,0,26.415
FKNMS,1986-06-01,0,0,0,28.534
FKNMS,1986-07-01,0,0,0,29.372
FKNMS,1986-08-01,0,0,0,29.637
FKNMS,1986-09-01,0,0,0,29.311
FKNMS,1986-10-01,0,0,0,28.274
FKNMS,1986-11-01,22,0,2,26.927
FKNMS,1986-12-01,25,0,1,25.432
FKNMS,1987-01-01,0,0,0,23.362
FKNMS,1987-02-01,0,0,0,22.8
FKNMS,1987-03-01,0,0,0,23.353
FKNMS,1987-04-01,0,16,0,23.528
FKNMS,1987-05-01,0,5,0,26.405
FKNMS,1987-06-01,0,1,0,28.049
FKNMS,1987-07-01,0,0,0,29.285
FKNMS,1987-08-01,0,0,0,29.878
FKNMS,1987-09-01,11,0,1,30.218
FKNMS,1987-10-01,1,10,1,27.158
FKNMS,1987-11-01,0,0,0,25.584
FKNMS,1987-12-01,0,0,0,24.309
FKNMS,1988-01-01,7,0,1,23.411
FKNMS,1988-02-01,0,0,0,22.586
FKNMS,1988-03-01,0,8,0,22.586
FKNMS,1988-04-01,0,7,0,24.15
FKNMS,1988-05-01,0,15,0,25.734
FKNMS,1988-06-01,0,15,0,27.601
FKNMS,1988-07-01,0,6,0,29.007
FKNMS,1988-08-01,0,19,0,29.273
FKNMS,1988-09-01,0,15,0,28.682
FKNMS,1988-10-01,0,0,0,27.358
FKNMS,1988-11-01,0,0,0,26.037
FKNMS,1988-12-01,0,0,0,23.956
FKNMS,1989-01-01,0,0,0,23.685
FKNMS,1989-02-01,0,0,0,23.47
FKNMS,1989-03-01,0,0,0,23.145
FKNMS,1989-04-01,0,0,0,25.401
FKNMS,1989-05-01,0,0,0,27.325
FKNMS,1989-06-01,0,0,0,28.058
FKNMS,1989-07-01,5,0,1,29.592
FKNMS,1989-08-01,7,0,1,30.417
FKNMS,1989-09-01,0,0,0,29.969
FKNMS,1989-10-01,6,0,1,28.463
FKNMS,1989-11-01,0,0,0,26.259
FKNMS,1989-12-01,0,0,0,23.805
FKNMS,1990-01-01,3,0,1,23.064
FKNMS,1990-02-01,6,0,1,23.896
FKNMS,1990-03-01,0,0,0,24.238
FKNMS,1990-04-01,0,0,0,24.938
FKNMS,1990-05-01,0,0,0,27.252
FKNMS,1990-06-01,0,0,0,28.613
FKNMS,1990-07-01,0,0,0,29.502
FKNMS,1990-08-01,0,0,0,30.266
FKNMS,1990-09-01,0,0,0,29.584
FKNMS,1990-10-01,0,0,0,28.266
FKNMS,1990-11-01,0,0,0,25.693
FKNMS,1990-12-01,0,0,0,24.583
FKNMS,1991-01-01,27,0,1,24.476
FKNMS,1991-02-01,9,0,1,23.728
FKNMS,1991-03-01,0,0,0,23.94
FKNMS,1991-04-01,0,0,0,25.619
FKNMS,1991-05-01,0,0,0,27.258
FKNMS,1991-06-01,0,0,0,29.088
FKNMS,1991-07-01,0,0,0,29.764
FKNMS,1991-08-01,0,0,0,29.891
FKNMS,1991-09-01,0,0,0,29.568
FKNMS,1991-10-01,0,0,0,27.832
FKNMS,1991-11-01,0,0,0,25.261
FKNMS,1991-12-01,0,0,0,23.995
FKNMS,1992-01-01,0,0,0,22.654
FKNMS,1992-02-01,0,0,0,22.651
FKNMS,1992-03-01,7,0,1,23.704
FKNMS,1992-04-01,0,0,0,24.79
FKNMS,1992-05-01,0,6,0,25.901
FKNMS,1992-06-01,0,0,0,28.791
FKNMS,1992-07-01,0,0,0,29.649
FKNMS,1992-08-01,0,0,0,29.987
FKNMS,1992-09-01,0,0,0,29.324
FKNMS,1992-10-01,0,0,0,27.802
FKNMS,1992-11-01,6,0,1,26.325
FKNMS,1992-12-01,0,0,0,24.291
FKNMS,1993-01-01,18,0,1,24.416
FKNMS,1993-02-01,0,0,0,22.616
FKNMS,1993-03-01,0,9,0,22.547
FKNMS,1993-04-01,0,12,0,23.718
FKNMS,1993-05-01,0,13,0,25.72
FKNMS,1993-06-01,0,2,0,28.254
FKNMS,1993-07-01,12,0,1,30.25
FKNMS,1993-08-01,2,0,1,30.446
FKNMS,1993-09-01,6,0,1,29.957
FKNMS,1993-10-01,0,0,0,28.238
FKNMS,1993-11-01,13,0,1,26.307
FKNMS,1993-12-01,0,0,0,23.968
FKNMS,1994-01-01,0,0,0,22.148
FKNMS,1994-02-01,8,0,1,23.709
FKNMS,1994-03-01,1,0,1,23.872
FKNMS,1994-04-01,0,0,0,25.548
FKNMS,1994-05-01,8,0,1,27.671
FKNMS,1994-06-01,0,0,0,28.967
FKNMS,1994-07-01,0,0,0,29.456
FKNMS,1994-08-01,0,0,0,29.835
FKNMS,1994-09-01,0,0,0,29.637
FKNMS,1994-10-01,5,0,1,28.079
FKNMS,1994-11-01,1,0,1,26.288
FKNMS,1994-12-01,15,0,2,25.048
FKNMS,1995-01-01,0,0,0,22.537
FKNMS,1995-02-01,0,8,0,21.543
FKNMS,1995-03-01,5,0,1,23.672
FKNMS,1995-04-01,1,0,1,26.03
FKNMS,1995-05-01,23,0,2,28.365
FKNMS,1995-06-01,6,0,1,28.956
FKNMS,1995-07-01,11,0,1,30.176
FKNMS,1995-08-01,0,5,0,29.905
FKNMS,1995-09-01,7,0,1,30.104
FKNMS,1995-10-01,0,0,0,28.59
FKNMS,1995-11-01,0,9,0,25.512
FKNMS,1995-12-01,0,1,0,23.709
FKNMS,1996-01-01,0,0,0,22.679
FKNMS,1996-02-01,0,7,0,21.702
FKNMS,1996-03-01,0,16,0,22.23
FKNMS,1996-04-01,0,0,0,24.291
FKNMS,1996-05-01,0,0,0,27.06
FKNMS,1996-06-01,0,0,0,29.087
FKNMS,1996-07-01,0,0,0,29.756
FKNMS,1996-08-01,0,7,0,29.692
FKNMS,1996-09-01,0,0,0,29.791
FKNMS,1996-10-01,0,6,0,27.26
FKNMS,1996-11-01,0,0,0,25.431
FKNMS,1996-12-01,0,0,0,23.568
FKNMS,1997-01-01,0,0,0,23.263
FKNMS,1997-02-01,7,0,1,23.645
FKNMS,1997-03-01,28,0,1,25.35
FKNMS,1997-04-01,2,0,1,25.617
FKNMS,1997-05-01,0,0,0,27.687
FKNMS,1997-06-01,0,0,0,29.034
FKNMS,1997-07-01,2,0,1,30.306
FKNMS,1997-08-01,24,0,2,31.187
FKNMS,1997-09-01,0,0,0,29.542
FKNMS,1997-10-01,0,0,0,27.492
FKNMS,1997-11-01,0,0,0,25.562
FKNMS,1997-12-01,0,8,0,23.582
FKNMS,1998-01-01,0,0,0,22.802
FKNMS,1998-02-01,0,7,0,22.014
FKNMS,1998-03-01,0,0,0,22.503
FKNMS,1998-04-01,0,0,0,24.598
FKNMS,1998-05-01,0,0,0,26.783
FKNMS,1998-06-01,16,0,1,29.766
FKNMS,1998-07-01,13,0,1,30.358
FKNMS,1998-08-01,17,0,2,31.099
FKNMS,1998-09-01,0,0,0,29.725
FKNMS,1998-10-01,5,0,1,28.217
FKNMS,1998-11-01,0,0,0,25.664
FKNMS,1998-12-01,0,0,0,24.831
FKNMS,1999-01-01,0,0,0,23.483
FKNMS,1999-02-01,11,0,1,23.536
FKNMS,1999-03-01,0,0,0,22.895
FKNMS,1999-04-01,0,0,0,25.768
FKNMS,1999-05-01,6,0,1,27.672
FKNMS,1999-06-01,0,0,0,28.767
FKNMS,1999-07-01,6,0,1,29.828
FKNMS,1999-08-01,3,0,1,30.479
FKNMS,1999-09-01,8,0,1,29.889
FKNMS,1999-10-01,0,0,0,27.787
FKNMS,1999-11-01,0,15,0,24.835
FKNMS,1999-12-01,0,6,0,23.596
FKNMS,2000-01-01,0,0,0,22.579
FKNMS,2000-02-01,0,0,0,22.351
FKNMS,2000-03-01,0,0,0,24.259
FKNMS,2000-04-01,0,0,0,25.117
FKNMS,2000-05-01,0,0,0,27.098
FKNMS,2000-06-01,0,0,0,28.926
FKNMS,2000-07-01,8,0,1,30.195
FKNMS,2000-08-01,0,0,0,30.355
FKNMS,2000-09-01,0,0,0,29.682
FKNMS,2000-10-01,7,5,1,27.693
FKNMS,2000-11-01,0,6,0,25.019
FKNMS,2000-12-01,0,0,0,24.104
FKNMS,2001-01-01,0,5,0,21.798
FKNMS,2001-02-01,0,0,0,23.296
FKNMS,2001-03-01,0,0,0,23.512
FKNMS,2001-04-01,0,0,0,24.965
FKNMS,2001-05-01,0,10,0,25.805
FKNMS,2001-06-01,0,0,0,28.691
FKNMS,2001-07-01,0,0,0,29.404
FKNMS,2001-08-01,0,0,0,30.069
FKNMS,2001-09-01,0,5,0,29.25
FKNMS,2001-10-01,0,0,0,27.833
FKNMS,2001-11-01,0,5,0,25.175
FKNMS,2001-12-01,0,0,0,24.368
FKNMS,2002-01-01,1,9,1,22.582
FKNMS,2002-02-01,4,0,1,22.891
FKNMS,2002-03-01,0,0,0,23.612
FKNMS,2002-04-01,15,0,1,26.156
FKNMS,2002-05-01,6,0,1,27.255
FKNMS,2002-06-01,0,0,0,28.409
FKNMS,2002-07-01,0,0,0,29.617
FKNMS,2002-08-01,0,0,0,30.163
FKNMS,2002-09-01,0,0,0,29.352
FKNMS,2002-10-01,4,0,1,28.589
FKNMS,2002-11-01,6,0,1,26.073
FKNMS,2002-12-01,0,0,0,23.368
FKNMS,2003-01-01,0,24,0,21.262
FKNMS,2003-02-01,0,14,0,21.461
FKNMS,2003-03-01,17,0,2,25.023
FKNMS,2003-04-01,0,0,0,24.863
FKNMS,2003-05-01,22,0,1,28.09
FKNMS,2003-06-01,9,0,1,29.522
FKNMS,2003-07-01,0,0,0,29.56
FKNMS,2003-08-01,0,0,0,30.146
FKNMS,2003-09-01,0,0,0,29.702
FKNMS,2003-10-01,7,0,1,28.481
FKNMS,2003-11-01,0,0,0,26.053
FKNMS,2003-12-01,0,25,0,22.737
FKNMS,2004-01-01,0,0,0,22.474
FKNMS,2004-02-01,0,0,0,22.844
FKNMS,2004-03-01,0,0,0,23.504
FKNMS,2004-04-01,0,7,0,24.144
FKNMS,2004-05-01,0,6,0,26.138
FKNMS,2004-06-01,0,0,0,29.167
FKNMS,2004-07-01,0,0,0,29.957
FKNMS,2004-08-01,4,0,1,30.26
FKNMS,2004-09-01,1,0,1,29.446
FKNMS,2004-10-01,0,0,0,27.958
FKNMS,2004-11-01,0,0,0,25.814
FKNMS,2004-12-01,0,0,0,23.805
FKNMS,2005-01-01,0,0,0,22.251
FKNMS,2005-02-01,0,6,0,21.885
FKNMS,2005-03-01,0,0,0,23.128
FKNMS,2005-04-01,0,5,0,24.227
FKNMS,2005-05-01,0,0,0,26.381
FKNMS,2005-06-01,0,0,0,28.785
FKNMS,2005-07-01,0,0,0,29.811
FKNMS,2005-08-01,19,0,1,30.827
FKNMS,2005-09-01,0,0,0,29.633
FKNMS,2005-10-01,0,5,0,27.955
FKNMS,2005-11-01,0,4,0,25.262
FKNMS,2005-12-01,0,13,0,23.207
FKNMS,2006-01-01,0,7,0,22.032
FKNMS,2006-02-01,0,12,0,21.521
FKNMS,2006-03-01,0,0,0,23.55
FKNMS,2006-04-01,7,0,1,25.661
FKNMS,2006-05-01,0,0,0,27.047
FKNMS,2006-06-01,0,0,0,28.904
FKNMS,2006-07-01,0,0,0,29.383
FKNMS,2006-08-01,0,0,0,30.2
FKNMS,2006-09-01,17,0,2,30.324
FKNMS,2006-10-01,1,0,1,28.417
FKNMS,2006-11-01,0,0,0,25.528
FKNMS,2006-12-01,0,0,0,24.462
FKNMS,2007-01-01,19,0,1,24.304
FKNMS,2007-02-01,0,0,0,22.657
FKNMS,2007-03-01,0,0,0,23.651
FKNMS,2007-04-01,0,0,0,24.727
FKNMS,2007-05-01,0,6,0,26.965
FKNMS,2007-06-01,0,3,0,28.6
FKNMS,2007-07-01,15,0,2,30.779
FKNMS,2007-08-01,5,0,1,30.472
FKNMS,2007-09-01,6,0,1,30.036
FKNMS,2007-10-01,5,0,1,28.529
FKNMS,2007-11-01,0,0,0,25.454
FKNMS,2007-12-01,0,0,0,24.766
FKNMS,2008-01-01,0,0,0,23.36
FKNMS,2008-02-01,6,0,1,23.936
FKNMS,2008-03-01,0,0,0,23.551
FKNMS,2008-04-01,0,0,0,25.332
FKNMS,2008-05-01,0,0,0,27.297
FKNMS,2008-06-01,0,0,0,29.016
FKNMS,2008-07-01,0,0,0,29.489
FKNMS,2008-08-01,0,0,0,30.423
FKNMS,2008-09-01,0,0,0,29.045
FKNMS,2008-10-01,0,3,0,27.711
FKNMS,2008-11-01,0,25,0,24.493
FKNMS,2008-12-01,0,13,0,23.086
FKNMS,2009-01-01,0,13,0,22.061
FKNMS,2009-02-01,0,17,0,21.105
FKNMS,2009-03-01,0,7,0,22.894
FKNMS,2009-04-01,0,0,0,25.219
FKNMS,2009-05-01,0,0,0,27.155
FKNMS,2009-06-01,10,0,1,29.473
FKNMS,2009-07-01,0,0,0,30.317
FKNMS,2009-08-01,1,0,1,30.41
FKNMS,2009-09-01,22,0,1,30.426
FKNMS,2009-10-01,22,0,2,29.137
FKNMS,2009-11-01,10,0,1,26.409
FKNMS,2009-12-01,13,0,1,24.742
FKNMS,2010-01-01,0,0,0,22.198
FKNMS,2010-02-01,0,5,0,21.622
FKNMS,2010-03-01,0,31,0,20.886
FKNMS,2010-04-01,0,6,0,24.108
FKNMS,2010-05-01,6,0,1,27.609
FKNMS,2010-06-01,22,0,2,30.187
FKNMS,2010-07-01,0,0,0,29.708
FKNMS,2010-08-01,7,0,1,30.584
FKNMS,2010-09-01,5,0,1,29.831
FKNMS,2010-10-01,0,11,0,27.316
FKNMS,2010-11-01,0,7,0,25.289
FKNMS,2010-12-01,0,23,0,22.246
FKNMS,2011-01-01,0,31,0,20.942
FKNMS,2011-02-01,0,11,0,21.387
FKNMS,2011-03-01,0,0,0,23.403
FKNMS,2011-04-01,19,0,1,26.376
FKNMS,2011-05-01,8,0,1,27.73
FKNMS,2011-06-01,0,0,0,28.88
FKNMS,2011-07-01,6,0,1,29.974
FKNMS,2011-08-01,5,0,1,30.822
FKNMS,2011-09-01,9,0,1,30.233
FKNMS,2011-10-01,3,0,1,27.738
FKNMS,2011-11-01,0,6,0,25.232
FKNMS,2011-12-01,0,0,0,23.927
FKNMS,2012-01-01,0,0,0,22.732
FKNMS,2012-02-01,12,0,1,23.9
FKNMS,2012-03-01,4,0,1,24.734
FKNMS,2012-04-01,7,0,1,25.449
FKNMS,2012-05-01,0,0,0,27.056
FKNMS,2012-06-01,0,5,0,28.574
FKNMS,2012-07-01,0,5,0,28.965
FKNMS,2012-08-01,0,4,0,29.592
FKNMS,2012-09-01,0,2,0,29.016
FKNMS,2012-10-01,0,0,0,27.857
FKNMS,2012-11-01,0,0,0,25.107
FKNMS,2012-12-01,0,0,0,24.301
FKNMS,2013-01-01,10,0,1,23.819
FKNMS,2013-02-01,0,0,0,23.494
FKNMS,2013-03-01,0,5,0,22.597
FKNMS,2013-04-01,0,1,0,24.93
FKNMS,2013-05-01,0,0,0,26.741
FKNMS,2013-06-01,0,0,0,28.327
FKNMS,2013-07-01,0,14,0,28.839
FKNMS,2013-08-01,0,9,0,29.384
FKNMS,2013-09-01,0,0,0,29.288
FKNMS,2013-10-01,0,0,0,28.403
FKNMS,2013-11-01,7,0,1,26.292
FKNMS,2013-12-01,13,0,1,25.012
FKNMS,2014-01-01,4,0,1,23.5
FKNMS,2014-02-01,16,0,1,24.214
FKNMS,2014-03-01,5,0,1,24.296
FKNMS,2014-04-01,0,0,0,25.316
FKNMS,2014-05-01,0,0,0,26.811
FKNMS,2014-06-01,0,0,0,28.459
FKNMS,2014-07-01,0,0,0,29.952
FKNMS,2014-08-01,0,0,0,30.443
FKNMS,2014-09-01,0,0,0,29.658
FKNMS,2014-10-01,0,0,0,28.392
FKNMS,2014-11-01,0,0,0,25.303
FKNMS,2014-12-01,0,0,0,23.582
FKNMS,2015-01-01,0,0,0,23.658
FKNMS,2015-02-01,0,0,0,22.181
FKNMS,2015-03-01,12,0,1,24.745
FKNMS,2015-04-01,17,0,2,26.444
FKNMS,2015-05-01,0,0,0,27.387
FKNMS,2015-06-01,0,0,0,28.857
FKNMS,2015-07-01,0,0,0,29.914
FKNMS,2015-08-01,0,0,0,30.499
FKNMS,2015-09-01,0,0,0,30.052
FKNMS,2015-10-01,0,0,0,28.245
FKNMS,2015-11-01,26,0,2,27.049
FKNMS,2015-12-01,31,0,2,25.549
FKNMS,2016-01-01,19,0,2,24.146
FKNMS,2016-02-01,0,0,0,22.789
FKNMS,2016-03-01,9,0,1,24.144
FKNMS,2016-04-01,3,0,1,25.385
FKNMS,2016-05-01,0,0,0,27.137
FKNMS,2016-06-01,0,0,0,28.791
FKNMS,2016-07-01,0,0,0,29.764
FKNMS,2016-08-01,0,0,0,29.784
FKNMS,2016-09-01,5,0,1,29.412
FKNMS,2016-10-01,0,0,0,28.169
FKNMS,2016-11-01,0,0,0,25.734
FKNMS,2016-12-01,16,0,1,25.278
FKNMS,2017-01-01,14,0,1,23.833
FKNMS,2017-02-01,0,0,0,23.605
FKNMS,2017-03-01,0,0,0,23.994
FKNMS,2017-04-01,7,0,1,25.522
FKNMS,2017-05-01,5,0,1,27.496
FKNMS,2017-06-01,2,0,1,28.901
FKNMS,2017-07-01,5,0,1,30.317
FKNMS,2017-08-01,6,0,1,30.567
FKNMS,2017-09-01,0,0,0,30.013
FKNMS,2017-10-01,0,0,0,28.304
FKNMS,2017-11-01,0,0,0,25.924
FKNMS,2017-12-01,0,0,0,24.495
FKNMS,2018-01-01,0,5,0,22.23
FKNMS,2018-02-01,9,0,1,23.551
FKNMS,2018-03-01,5,0,1,23.952
FKNMS,2018-04-01,7,0,1,25.845
FKNMS,2018-05-01,0,0,0,26.388
FKNMS,2018-06-01,7,0,1,29.236
FKNMS,2018-07-01,23,0,1,30.742
FKNMS,2018-08-01,0,0,0,30.2
FKNMS,2018-09-01,0,0,0,29.702
FKNMS,2018-10-01,0,0,0,28.302
FKNMS,2018-11-01,20,0,1,26.667
FKNMS,2018-12-01,0,0,0,24.177
FKNMS,2019-01-01,6,0,1,22.924
FKNMS,2019-02-01,13,0,2,24.301
FKNMS,2019-03-01,19,0,2,25.222
FKNMS,2019-04-01,17,0,1,26.311
FKNMS,2019-05-01,14,0,1,28.007
FKNMS,2019-06-01,28,0,2,30.216
FKNMS,2019-07-01,8,0,2,30.517
FKNMS,2019-08-01,21,0,2,31.038
FKNMS,2019-09-01,5,0,1,29.804
FKNMS,2019-10-01,15,0,2,28.827
FKNMS,2019-11-01,16,0,2,26.827
FKNMS,2019-12-01,7,0,1,24.687
FKNMS,2020-01-01,11,0,1,23.54
FKNMS,2020-02-01,5,0,1,23.568
FKNMS,2020-03-01,16,0,1,24.599
FKNMS,2020-04-01,30,0,2,27.267
FKNMS,2020-05-01,1,0,1,27.621
FKNMS,2020-06-01,8,0,1,29.53
FKNMS,2020-07-01,17,0,2,30.556
FKNMS,2020-08-01,15,0,1,30.78
FKNMS,2020-09-01,9,0,1,30.255
FKNMS,2020-10-01,16,0,1,28.836
FKNMS,2020-11-01,9,0,1,26.469
FKNMS,2020-12-01,0,0,0,23.437
FKNMS,2021-01-01,0,0,0,22.249
FKNMS,2021-02-01,3,0,1,23.077
FKNMS,2021-03-01,4,0,1,24.365
FKNMS,2021-04-01,0,0,0,25.586
FKNMS,2021-05-01,16,6,1,27.56
FKNMS,2021-06-01,0,0,0,28.727
FKNMS,2021-07-01,3,0,1,29.733
FKNMS,2021-08-01,4,0,1,30.464
FKNMS,2021-09-01,17,0,1,30.339
FKNMS,2021-10-01,10,0,1,28.862
FKNMS,2021-11-01,0,0,0,25.729
FKNMS,2021-12-01,17,0,2,25.092
FKNMS,2022-01-01,13,0,1,23.744
FKNMS,2022-02-01,5,0,1,23.102
FKNMS,2022-03-01,25,0,2,25.29
FKNMS,2022-04-01,15,0,2,26.113
FKNMS,2022-05-01,12,0,1,28.001
FKNMS,2022-06-01,0,0,0,29.261
FKNMS,2022-07-01,8,0,1,30.411
FKNMS,2022-08-01,13,0,1,30.527
FKNMS,2022-09-01,28,0,2,30.748
FKNMS,2022-10-01,0,0,0,27.907
FKNMS,2022-11-01,27,0,2,27.134
FKNMS,2022-12-01,25,0,2,25.274
FKNMS,2023-01-01,10,0,1,23.559
FKNMS,2023-02-01,24,0,1,24.766
FKNMS,2023-03-01,24,0,2,25.523
FKNMS,2023-04-01,30,0,2,27.037
FKNMS,2023-05-01,21,0,2,28.453
FKNMS,2023-06-01,20,0,1,29.903
FKNMS,2023-07-01,31,0,2,31.674
FKNMS,2023-08-01,20,0,2,31.522
FKNMS,2023-09-01,22,0,2,30.75
FKNMS,2023-10-01,13,0,2,28.672
FKNMS,2023-11-01,20,0,1,26.648
FKNMS,2023-12-01,7,0,1,24.515
FKNMS,2024-01-01,0,0,0,23.398
FKNMS,2024-02-01,0,0,0,22.244
FKNMS,2024-03-01,14,0,1,24.699
FKNMS,2024-04-01,0,0,0,25.245
FKNMS,2024-05-01,22,0,3,28.853
FKNMS,2024-06-01,14,0,2,29.741
FKNMS,2024-07-01,30,0,1,30.894
FKNMS,2024-08-01,19,0,1,30.886
FKNMS,2024-09-01,24,0,2,30.88
FKNMS,2024-10-01,8,0,1,28.412
FKNMS,2024-11-01,10,0,1,26.326
FKNMS,2024-12-01,0,0,0,23.591
FKNMS,2025-01-01,0,6,0,22.061
FKNMS,2025-02-01,10,0,1,23.735
FKNMS,2025-03-01,0,0,0,23.844
FKNMS,2025-04-01,8,0,1,25.611
FKNMS,2025-05-01,17,0,2,28.274
FKNMS,2025-06-01,4,0,1,29.518
FKNMS,2025-07-01,2,0,1,30.18
FKNMS,2025-08-01,26,0,2,31.403
FKNMS,2025-09-01,23,0,1,30.574
FKNMS,2025-10-01,10,0,1,28.892
FKNMS,2025-11-01,0,0,0,26.051
FKNMS,2025-12-01,6,0,1,24.977
FKNMS,2026-01-01,0,0,0,23.037
FKNMS,2026-02-01,0,12,0,21.494
FKNMS,2026-03-01,15,0,2,24.918
GRNMS,1982-01-01,0,0,0,17.434
GRNMS,1982-02-01,7,0,1,16.16
GRNMS,1982-03-01,0,0,0,16.499
GRNMS,1982-04-01,0,0,0,19.563
GRNMS,1982-05-01,0,0,0,22.458
GRNMS,1982-06-01,0,0,0,26.335
GRNMS,1982-07-01,0,0,0,27.811
GRNMS,1982-08-01,0,29,0,26.938
GRNMS,1982-09-01,0,6,0,26.638
GRNMS,1982-10-01,0,0,0,24.033
GRNMS,1982-11-01,7,0,1,20.397
GRNMS,1982-12-01,0,0,0,18.641
GRNMS,1983-01-01,9,0,1,17.688
GRNMS,1983-02-01,7,0,1,16.903
GRNMS,1983-03-01,0,0,0,16.289
GRNMS,1983-04-01,0,0,0,18.766
GRNMS,1983-05-01,0,9,0,21.659
GRNMS,1983-06-01,0,21,0,24.937
GRNMS,1983-07-01,0,0,0,28.272
GRNMS,1983-08-01,0,0,0,28.369
GRNMS,1983-09-01,5,0,1,28.053
GRNMS,1983-10-01,0,0,0,23.943
GRNMS,1983-11-01,0,0,0,20.187
GRNMS,1983-12-01,0,0,0,17.767
GRNMS,1984-01-01,0,0,0,17.264
GRNMS,1984-02-01,7,0,1,16.806
GRNMS,1984-03-01,0,0,0,16.365
GRNMS,1984-04-01,0,6,0,17.651
GRNMS,1984-05-01,0,7,0,21.854
GRNMS,1984-06-01,0,7,0,25.213
GRNMS,1984-07-01,0,0,0,27.268
GRNMS,1984-08-01,0,6,0,27.47
GRNMS,1984-09-01,0,22,0,25.784
GRNMS,1984-10-01,1,14,1,23.64
GRNMS,1984-11-01,8,0,1,21.318
GRNMS,1984-12-01,5,0,1,18.522
GRNMS,1985-01-01,14,0,1,17.886
GRNMS,1985-02-01,7,0,1,16.78
GRNMS,1985-03-01,0,0,0,16.383
GRNMS,1985-04-01,0,0,0,18.693
GRNMS,1985-05-01,0,0,0,23.124
GRNMS,1985-06-01,5,0,1,26.67
GRNMS,1985-07-01,0,0,0,27.762
GRNMS,1985-08-01,0,0,0,27.985
GRNMS,1985-09-01,0,7,0,26.889
GRNMS,1985-10-01,0,0,0,25.024
GRNMS,1985-11-01,13,0,2,22.199
GRNMS,1985-12-01,18,0,2,19.341
GRNMS,1986-01-01,0,0,0,17.345
GRNMS,1986-02-01,14,0,1,16.978
GRNMS,1986-03-01,5,0,1,17.023
GRNMS,1986-04-01,0,0,0,19.054
GRNMS,1986-05-01,0,0,0,22.26
GRNMS,1986-06-01,0,0,0,26.441
GRNMS,1986-07-01,0,0,0,28.368
GRNMS,1986-08-01,0,0,0,27.532
GRNMS,1986-09-01,0,0,0,27.334
GRNMS,1986-10-01,8,0,1,25.707
GRNMS,1986-11-01,8,0,1,21.531
GRNMS,1986-12-01,0,0,0,18.568
GRNMS,1987-01-01,6,0,1,17.676
GRNMS,1987-02-01,7,0,1,16.861
GRNMS,1987-03-01,0,0,0,16.289
GRNMS,1987-04-01,0,4,0,18.293
GRNMS,1987-05-01,0,10,0,21.874
GRNMS,1987-06-01,0,0,0,26.003
GRNMS,1987-07-01,0,0,0,27.72
GRNMS,1987-08-01,0,0,0,28.982
GRNMS,1987-09-01,10,0,1,28.505
GRNMS,1987-10-01,0,17,0,23.159
GRNMS,1987-11-01,0,3,0,19.827
GRNMS,1987-12-01,0,0,0,18.152
GRNMS,1988-01-01,5,0,1,17.53
GRNMS,1988-02-01,7,0,1,16.839
GRNMS,1988-03-01,0,0,0,16.307
GRNMS,1988-04-01,0,2,0,18.345
GRNMS,1988-05-01,0,10,0,21.662
GRNMS,1988-06-01,0,26,0,24.645
GRNMS,1988-07-01,0,3,0,27.334
GRNMS,1988-08-01,0,0,0,28.725
GRNMS,1988-09-01,0,0,0,27.187
GRNMS,1988-10-01,0,11,0,23.064
GRNMS,1988-11-01,0,0,0,20.196
GRNMS,1988-12-01,0,0,0,17.598
GRNMS,1989-01-01,15,0,1,17.866
GRNMS,1989-02-01,6,0,1,17.065
GRNMS,1989-03-01,0,0,0,16.656
GRNMS,1989-04-01,0,0,0,18.988
GRNMS,1989-05-01,0,0,0,22.548
GRNMS,1989-06-01,0,0,0,26.232
GRNMS,1989-07-01,0,8,0,27.495
GRNMS,1989-08-01,0,0,0,28.093
GRNMS,1989-09-01,0,0,0,27.88
GRNMS,1989-10-01,0,0,0,24.128
GRNMS,1989-11-01,0,0,0,20.638
GRNMS,1989-12-01,0,0,0,17.823
GRNMS,1990-01-01,0,0,0,17.348
GRNMS,1990-02-01,6,0,1,16.472
GRNMS,1990-03-01,12,0,3,17.543
GRNMS,1990-04-01,0,0,0,19.471
GRNMS,1990-05-01,0,0,0,23.859
GRNMS,1990-06-01,0,0,0,26.346
GRNMS,1990-07-01,0,0,0,28.398
GRNMS,1990-08-01,2,0,1,28.961
GRNMS,1990-09-01,14,0,1,28.609
GRNMS,1990-10-01,15,0,1,26.131
GRNMS,1990-11-01,0,0,0,21.268
GRNMS,1990-12-01,0,0,0,18.55
GRNMS,1991-01-01,21,0,1,18.027
GRNMS,1991-02-01,21,0,1,17.236
GRNMS,1991-03-01,0,0,0,16.876
GRNMS,1991-04-01,2,0,1,20.086
GRNMS,1991-05-01,23,0,2,24.959
GRNMS,1991-06-01,6,0,1,26.431
GRNMS,1991-07-01,0,0,0,28.211
GRNMS,1991-08-01,0,0,0,28.299
GRNMS,1991-09-01,0,0,0,27.725
GRNMS,1991-10-01,0,0,0,24.009
GRNMS,1991-11-01,0,0,0,19.783
GRNMS,1991-12-01,0,0,0,17.582
GRNMS,1992-01-01,0,0,0,17.369
GRNMS,1992-02-01,7,0,1,16.756
GRNMS,1992-03-01,0,0,0,16.427
GRNMS,1992-04-01,0,2,0,18.46
GRNMS,1992-05-01,0,21,0,21.155
GRNMS,1992-06-01,0,0,0,25.817
GRNMS,1992-07-01,0,0,0,28.092
GRNMS,1992-08-01,0,0,0,28.702
GRNMS,1992-09-01,0,0,0,27.88
GRNMS,1992-10-01,0,5,0,23.275
GRNMS,1992-11-01,0,0,0,20.825
GRNMS,1992-12-01,0,0,0,18.036
GRNMS,1993-01-01,13,0,1,17.742
GRNMS,1993-02-01,6,0,1,16.496
GRNMS,1993-03-01,0,0,0,15.861
GRNMS,1993-04-01,0,12,0,17.186
GRNMS,1993-05-01,0,4,0,22.184
GRNMS,1993-06-01,0,0,0,26.261
GRNMS,1993-07-01,6,0,1,28.711
GRNMS,1993-08-01,0,0,0,28.617
GRNMS,1993-09-01,16,0,1,28.703
GRNMS,1993-10-01,0,0,0,24.879
GRNMS,1993-11-01,0,0,0,20.177
GRNMS,1993-12-01,0,0,0,17.621
GRNMS,1994-01-01,0,0,0,16.833
GRNMS,1994-02-01,0,0,0,16.276
GRNMS,1994-03-01,0,0,0,16.112
GRNMS,1994-04-01,0,0,0,20.034
GRNMS,1994-05-01,0,0,0,23.036
GRNMS,1994-06-01,0,0,0,26.147
GRNMS,1994-07-01,0,4,0,27.346
GRNMS,1994-08-01,0,3,0,27.329
GRNMS,1994-09-01,0,0,0,26.906
GRNMS,1994-10-01,0,0,0,23.673
GRNMS,1994-11-01,0,0,0,20.737
GRNMS,1994-12-01,0,0,0,18.089
GRNMS,1995-01-01,0,0,0,16.309
GRNMS,1995-02-01,0,0,0,16.038
GRNMS,1995-03-01,0,0,0,15.711
GRNMS,1995-04-01,0,0,0,19.756
GRNMS,1995-05-01,0,0,0,23.697
GRNMS,1995-06-01,9,0,2,26.863
GRNMS,1995-07-01,22,0,3,29.209
GRNMS,1995-08-01,0,0,0,29.09
GRNMS,1995-09-01,0,0,0,27.231
GRNMS,1995-10-01,0,0,0,24.97
GRNMS,1995-11-01,0,11,0,19.687
GRNMS,1995-12-01,0,0,0,16.72
GRNMS,1996-01-01,0,0,0,16.957
GRNMS,1996-02-01,5,0,1,16.007
GRNMS,1996-03-01,0,7,0,14.964
GRNMS,1996-04-01,0,14,0,17.308
GRNMS,1996-05-01,6,0,1,23.669
GRNMS,1996-06-01,0,0,0,26.755
GRNMS,1996-07-01,0,0,0,27.956
GRNMS,1996-08-01,0,0,0,28.364
GRNMS,1996-09-01,0,0,0,27.933
GRNMS,1996-10-01,0,0,0,23.862
GRNMS,1996-11-01,0,0,0,19.881
GRNMS,1996-12-01,0,5,0,15.739
GRNMS,1997-01-01,0,0,0,16.531
GRNMS,1997-02-01,8,0,1,16.672
GRNMS,1997-03-01,15,0,1,17.644
GRNMS,1997-04-01,0,0,0,19.175
GRNMS,1997-05-01,0,0,0,22.415
GRNMS,1997-06-01,0,13,0,24.928
GRNMS,1997-07-01,0,0,0,28.101
GRNMS,1997-08-01,0,0,0,28.67
GRNMS,1997-09-01,0,0,0,27.802
GRNMS,1997-10-01,0,0,0,25.264
GRNMS,1997-11-01,0,0,0,19.691
GRNMS,1997-12-01,0,2,0,15.867
GRNMS,1998-01-01,0,3,0,13.726
GRNMS,1998-02-01,0,0,0,13.437
GRNMS,1998-03-01,0,13,0,14.496
GRNMS,1998-04-01,0,0,0,19.064
GRNMS,1998-05-01,0,0,0,23.658
GRNMS,1998-06-01,14,0,2,27.362
GRNMS,1998-07-01,0,0,0,28.519
GRNMS,1998-08-01,0,0,0,28.555
GRNMS,1998-09-01,0,0,0,28.025
GRNMS,1998-10-01,0,0,0,25.691
GRNMS,1998-11-01,15,0,1,22.096
GRNMS,1998-12-01,15,0,2,19.482
GRNMS,1999-01-01,0,0,0,15.798
GRNMS,1999-02-01,0,0,0,15.688
GRNMS,1999-03-01,0,0,0,15.421
GRNMS,1999-04-01,0,0,0,19.915
GRNMS,1999-05-01,0,0,0,22.077
GRNMS,1999-06-01,0,9,0,25.788
GRNMS,1999-07-01,10,2,1,28.436
GRNMS,1999-08-01,20,0,1,29.658
GRNMS,1999-09-01,0,0,0,27.048
GRNMS,1999-10-01,0,0,0,23.816
GRNMS,1999-11-01,0,0,0,20.467
GRNMS,1999-12-01,0,0,0,16.882
GRNMS,2000-01-01,0,2,0,14.278
GRNMS,2000-02-01,0,13,0,12.459
GRNMS,2000-03-01,0,0,0,16.23
GRNMS,2000-04-01,0,0,0,19.047
GRNMS,2000-05-01,0,0,0,23.554
GRNMS,2000-06-01,0,0,0,26.906
GRNMS,2000-07-01,0,0,0,28.048
GRNMS,2000-08-01,0,0,0,28.289
GRNMS,2000-09-01,0,0,0,27.219
GRNMS,2000-10-01,0,6,0,23.365
GRNMS,2000-11-01,0,0,0,20.197
GRNMS,2000-12-01,0,6,0,15.372
GRNMS,2001-01-01,0,2,0,13.583
GRNMS,2001-02-01,0,0,0,13.363
GRNMS,2001-03-01,0,5,0,15.115
GRNMS,2001-04-01,0,6,0,18.32
GRNMS,2001-05-01,0,0,0,22.517
GRNMS,2001-06-01,0,0,0,26.643
GRNMS,2001-07-01,7,0,1,28.753
GRNMS,2001-08-01,0,0,0,28.923
GRNMS,2001-09-01,0,0,0,27.246
GRNMS,2001-10-01,0,4,0,23.148
GRNMS,2001-11-01,0,2,0,19.842
GRNMS,2001-12-01,20,0,1,19.193
GRNMS,2002-01-01,0,0,0,14.247
GRNMS,2002-02-01,0,0,0,14.405
GRNMS,2002-03-01,0,0,0,15.521
GRNMS,2002-04-01,9,0,1,20.518
GRNMS,2002-05-01,15,0,1,23.86
GRNMS,2002-06-01,0,0,0,26.435
GRNMS,2002-07-01,0,0,0,28.51
GRNMS,2002-08-01,0,0,0,28.306
GRNMS,2002-09-01,3,0,1,27.995
GRNMS,2002-10-01,18,0,1,26.281
GRNMS,2002-11-01,0,0,0,21.416
GRNMS,2002-12-01,0,8,0,15.291
GRNMS,2003-01-01,0,29,0,11.958
GRNMS,2003-02-01,0,24,0,11.875
GRNMS,2003-03-01,0,4,0,14.812
GRNMS,2003-04-01,0,0,0,19.05
GRNMS,2003-05-01,9,0,1,24.076
GRNMS,2003-06-01,0,0,0,26.838
GRNMS,2003-07-01,0,22,0,26.173
GRNMS,2003-08-01,0,18,0,26.988
GRNMS,2003-09-01,0,14,0,26.251
GRNMS,2003-10-01,0,0,0,23.979
GRNMS,2003-11-01,10,0,1,21.81
GRNMS,2003-12-01,0,13,0,15.794
GRNMS,2004-01-01,0,8,0,13.02
GRNMS,2004-02-01,0,16,0,12.159
GRNMS,2004-03-01,0,2,0,14.622
GRNMS,2004-04-01,0,0,0,18.503
GRNMS,2004-05-01,0,0,0,23.635
GRNMS,2004-06-01,0,0,0,26.543
GRNMS,2004-07-01,0,8,0,26.985
GRNMS,2004-08-01,0,0,0,27.993
GRNMS,2004-09-01,0,0,0,27.069
GRNMS,2004-10-01,0,0,0,24.845
GRNMS,2004-11-01,10,0,1,21.679
GRNMS,2004-12-01,0,0,0,17.114
GRNMS,2005-01-01,0,10,0,13.654
GRNMS,2005-02-01,0,7,0,12.441
GRNMS,2005-03-01,0,24,0,13.9
GRNMS,2005-04-01,0,12,0,17.568
GRNMS,2005-05-01,0,10,0,21.985
GRNMS,2005-06-01,0,0,0,26.215
GRNMS,2005-07-01,15,0,1,28.98
GRNMS,2005-08-01,18,0,1,29.818
GRNMS,2005-09-01,8,0,1,28.07
GRNMS,2005-10-01,4,0,1,25.617
GRNMS,2005-11-01,0,0,0,20.637
GRNMS,2005-12-01,0,12,0,15.532
GRNMS,2006-01-01,0,1,0,13.832
GRNMS,2006-02-01,0,0,0,13.428
GRNMS,2006-03-01,0,5,0,15.175
GRNMS,2006-04-01,0,0,0,19.36
GRNMS,2006-05-01,0,0,0,23.046
GRNMS,2006-06-01,2,0,1,26.909
GRNMS,2006-07-01,22,0,1,29.069
GRNMS,2006-08-01,6,0,1,29.22
GRNMS,2006-09-01,7,0,1,28.267
GRNMS,2006-10-01,0,0,0,24.923
GRNMS,2006-11-01,0,5,0,19.336
GRNMS,2006-12-01,0,0,0,16.675
GRNMS,2007-01-01,0,0,0,16.063
GRNMS,2007-02-01,0,0,0,13.466
GRNMS,2007-03-01,0,0,0,15.888
GRNMS,2007-04-01,5,0,1,19.37
GRNMS,2007-05-01,0,0,0,22.545
GRNMS,2007-06-01,0,0,0,26.187
GRNMS,2007-07-01,0,0,0,28.485
GRNMS,2007-08-01,24,0,1,29.736
GRNMS,2007-09-01,6,0,1,28.25
GRNMS,2007-10-01,7,0,1,25.637
GRNMS,2007-11-01,0,0,0,20.271
GRNMS,2007-12-01,0,0,0,17.711
GRNMS,2008-01-01,0,0,0,14.745
GRNMS,2008-02-01,0,0,0,14.085
GRNMS,2008-03-01,0,0,0,16.755
GRNMS,2008-04-01,0,0,0,19.264
GRNMS,2008-05-01,0,0,0,22.903
GRNMS,2008-06-01,12,0,1,27.3
GRNMS,2008-07-01,0,0,0,27.719
GRNMS,2008-08-01,0,28,0,26.313
GRNMS,2008-09-01,0,0,0,27.477
GRNMS,2008-10-01,0,4,0,23.844
GRNMS,2008-11-01,0,26,0,18.169
GRNMS,2008-12-01,0,16,0,15.152
GRNMS,2009-01-01,0,0,0,14.115
GRNMS,2009-02-01,0,6,0,12.736
GRNMS,2009-03-01,0,0,0,14.842
GRNMS,2009-04-01,0,0,0,18.65
GRNMS,2009-05-01,6,0,1,23.922
GRNMS,2009-06-01,9,0,2,27.464
GRNMS,2009-07-01,0,0,0,27.837
GRNMS,2009-08-01,0,7,0,27.35
GRNMS,2009-09-01,0,5,0,27.069
GRNMS,2009-10-01,7,0,1,25.257
GRNMS,2009-11-01,0,0,0,20.785
GRNMS,2009-12-01,0,0,0,16.583
GRNMS,2010-01-01,0,9,0,12.941
GRNMS,2010-02-01,0,19,0,11.742
GRNMS,2010-03-01,0,30,0,12.649
GRNMS,2010-04-01,0,0,0,18.699
GRNMS,2010-05-01,6,0,1,23.836
GRNMS,2010-06-01,21,0,1,27.581
GRNMS,2010-07-01,5,0,1,28.048
GRNMS,2010-08-01,9,0,1,29.499
GRNMS,2010-09-01,20,0,1,28.762
GRNMS,2010-10-01,0,0,0,25.162
GRNMS,2010-11-01,0,0,0,20.711
GRNMS,2010-12-01,0,0,0,15.992
GRNMS,2011-01-01,0,19,0,13.173
GRNMS,2011-02-01,0,15,0,12.333
GRNMS,2011-03-01,0,0,0,15.981
GRNMS,2011-04-01,6,0,1,20.381
GRNMS,2011-05-01,2,0,1,23.862
GRNMS,2011-06-01,13,0,1,27.266
GRNMS,2011-07-01,0,0,0,27.622
GRNMS,2011-08-01,0,0,0,28.281
GRNMS,2011-09-01,0,0,0,28.181
GRNMS,2011-10-01,0,0,0,24.488
GRNMS,2011-11-01,0,0,0,19.632
GRNMS,2011-12-01,0,0,0,17.381
GRNMS,2012-01-01,0,0,0,15.216
GRNMS,2012-02-01,0,0,0,15.235
GRNMS,2012-03-01,18,0,3,18.056
GRNMS,2012-04-01,17,0,2,20.922
GRNMS,2012-05-01,0,0,0,24.067
GRNMS,2012-06-01,0,0,0,25.888
GRNMS,2012-07-01,0,0,0,28.14
GRNMS,2012-08-01,0,12,0,27.433
GRNMS,2012-09-01,0,0,0,27.245
GRNMS,2012-10-01,0,0,0,25.211
GRNMS,2012-11-01,0,27,0,18.399
GRNMS,2012-12-01,0,5,0,16.264
GRNMS,2013-01-01,0,0,0,15.65
GRNMS,2013-02-01,0,0,0,14.77
GRNMS,2013-03-01,0,7,0,14.519
GRNMS,2013-04-01,0,0,0,17.971
GRNMS,2013-05-01,0,5,0,22.073
GRNMS,2013-06-01,0,0,0,26.562
GRNMS,2013-07-01,0,0,0,27.333
GRNMS,2013-08-01,0,0,0,28.082
GRNMS,2013-09-01,0,0,0,27.872
GRNMS,2013-10-01,0,0,0,24.719
GRNMS,2013-11-01,0,2,0,19.837
GRNMS,2013-12-01,0,4,0,16.334
GRNMS,2014-01-01,0,8,0,13.869
GRNMS,2014-02-01,0,20,0,12.301
GRNMS,2014-03-01,0,11,0,14.202
GRNMS,2014-04-01,0,0,0,18.669
GRNMS,2014-05-01,0,5,0,22.644
GRNMS,2014-06-01,0,0,0,26.565
GRNMS,2014-07-01,0,0,0,28.786
GRNMS,2014-08-01,0,0,0,29.366
GRNMS,2014-09-01,15,0,1,28.424
GRNMS,2014-10-01,0,0,0,25.054
GRNMS,2014-11-01,0,0,0,19.638
GRNMS,2014-12-01,0,7,0,15.844
GRNMS,2015-01-01,0,0,0,14.037
GRNMS,2015-02-01,0,11,0,12.436
GRNMS,2015-03-01,0,8,0,14.823
GRNMS,2015-04-01,5,0,1,19.803
GRNMS,2015-05-01,0,0,0,23.492
GRNMS,2015-06-01,8,0,1,27.143
GRNMS,2015-07-01,0,5,0,27.073
GRNMS,2015-08-01,0,0,0,28.713
GRNMS,2015-09-01,0,0,0,27.629
GRNMS,2015-10-01,0,0,0,24.255
GRNMS,2015-11-01,17,0,1,21.943
GRNMS,2015-12-01,8,0,1,18.566
GRNMS,2016-01-01,5,0,1,15.713
GRNMS,2016-02-01,0,11,0,12.958
GRNMS,2016-03-01,13,0,1,17.127
GRNMS,2016-04-01,5,0,1,20.009
GRNMS,2016-05-01,0,0,0,23.52
GRNMS,2016-06-01,10,0,1,27.151
GRNMS,2016-07-01,31,0,1,29.72
GRNMS,2016-08-01,7,0,1,29.499
GRNMS,2016-09-01,2,0,1,28.248
GRNMS,2016-10-01,4,0,1,24.96
GRNMS,2016-11-01,0,0,0,20.887
GRNMS,2016-12-01,0,0,0,17.438
GRNMS,2017-01-01,0,0,0,15.748
GRNMS,2017-02-01,7,0,1,16.399
GRNMS,2017-03-01,14,0,1,17.103
GRNMS,2017-04-01,21,0,2,21.034
GRNMS,2017-05-01,5,0,1,24.458
GRNMS,2017-06-01,0,0,0,26.967
GRNMS,2017-07-01,0,0,0,27.907
GRNMS,2017-08-01,0,0,0,28.669
GRNMS,2017-09-01,0,0,0,27.423
GRNMS,2017-10-01,7,0,1,25.432
GRNMS,2017-11-01,0,0,0,20.748
GRNMS,2017-12-01,0,0,0,16.255
GRNMS,2018-01-01,0,29,0,11.686
GRNMS,2018-02-01,0,1,0,14.058
GRNMS,2018-03-01,0,0,0,16.211
GRNMS,2018-04-01,0,0,0,18.109
GRNMS,2018-05-01,0,0,0,23.255
GRNMS,2018-06-01,27,0,1,27.683
GRNMS,2018-07-01,19,0,1,29.125
GRNMS,2018-08-01,0,0,0,28.26
GRNMS,2018-09-01,21,0,1,28.994
GRNMS,2018-10-01,25,0,2,26.838
GRNMS,2018-11-01,0,0,0,21.055
GRNMS,2018-12-01,0,10,0,15.547
GRNMS,2019-01-01,0,0,0,14.45
GRNMS,2019-02-01,0,0,0,14.472
GRNMS,2019-03-01,7,0,1,16.867
GRNMS,2019-04-01,0,0,0,19.581
GRNMS,2019-05-01,12,0,2,24.792
GRNMS,2019-06-01,30,0,1,28.083
GRNMS,2019-07-01,19,0,2,28.94
GRNMS,2019-08-01,0,0,0,28.78
GRNMS,2019-09-01,0,0,0,28.066
GRNMS,2019-10-01,13,0,1,26.102
GRNMS,2019-11-01,2,0,1,20.56
GRNMS,2019-12-01,0,0,0,16.5
GRNMS,2020-01-01,0,0,0,15.242
GRNMS,2020-02-01,0,0,0,14.602
GRNMS,2020-03-01,18,0,3,17.462
GRNMS,2020-04-01,14,0,1,20.644
GRNMS,2020-05-01,0,0,0,23.498
GRNMS,2020-06-01,0,0,0,26.771
GRNMS,2020-07-01,19,0,1,29.287
GRNMS,2020-08-01,13,0,1,29.685
GRNMS,2020-09-01,18,0,1,28.286
GRNMS,2020-10-01,5,0,1,25.188
GRNMS,2020-11-01,19,0,1,22.207
GRNMS,2020-12-01,0,0,0,16.687
GRNMS,2021-01-01,0,0,0,13.863
GRNMS,2021-02-01,0,0,0,13.263
GRNMS,2021-03-01,0,0,0,15.541
GRNMS,2021-04-01,0,0,0,18.994
GRNMS,2021-05-01,0,0,0,22.899
GRNMS,2021-06-01,0,0,0,26.198
GRNMS,2021-07-01,0,0,0,28.037
GRNMS,2021-08-01,0,0,0,29.155
GRNMS,2021-09-01,0,0,0,27.996
GRNMS,2021-10-01,13,0,1,26.028
GRNMS,2021-11-01,0,0,0,19.753
GRNMS,2021-12-01,0,0,0,17.362
GRNMS,2022-01-01,0,0,0,15.542
GRNMS,2022-02-01,0,0,0,13.657
GRNMS,2022-03-01,0,0,0,16.783
GRNMS,2022-04-01,7,0,1,20.457
GRNMS,2022-05-01,7,0,1,24
GRNMS,2022-06-01,23,0,2,27.954
GRNMS,2022-07-01,25,0,2,29.342
GRNMS,2022-08-01,5,0,1,29.239
GRNMS,2022-09-01,14,0,1,28.554
GRNMS,2022-10-01,0,8,0,23.526
GRNMS,2022-11-01,0,0,0,20.834
GRNMS,2022-12-01,0,0,0,17.335
GRNMS,2023-01-01,0,0,0,14.026
GRNMS,2023-02-01,5,0,1,15.571
GRNMS,2023-03-01,25,0,3,18.46
GRNMS,2023-04-01,8,0,2,20.74
GRNMS,2023-05-01,0,4,0,22.995
GRNMS,2023-06-01,0,7,0,25.23
GRNMS,2023-07-01,14,0,1,28.966
GRNMS,2023-08-01,19,0,1,29.714
GRNMS,2023-09-01,7,0,1,28.157
GRNMS,2023-10-01,0,0,0,23.956
GRNMS,2023-11-01,0,0,0,20.468
GRNMS,2023-12-01,0,0,0,16.692
GRNMS,2024-01-01,0,0,0,13.667
GRNMS,2024-02-01,0,0,0,13.592
GRNMS,2024-03-01,0,0,0,16.428
GRNMS,2024-04-01,5,0,1,19.934
GRNMS,2024-05-01,19,0,1,24.803
GRNMS,2024-06-01,21,0,3,27.732
GRNMS,2024-07-01,25,0,2,29.52
GRNMS,2024-08-01,0,0,0,28.669
GRNMS,2024-09-01,0,5,0,27.188
GRNMS,2024-10-01,0,0,0,24.382
GRNMS,2024-11-01,11,0,1,21.744
GRNMS,2024-12-01,0,0,0,16.616
GRNMS,2025-01-01,0,23,0,12.299
GRNMS,2025-02-01,0,2,0,13.192
GRNMS,2025-03-01,0,0,0,15.358
GRNMS,2025-04-01,15,0,1,20.8
GRNMS,2025-05-01,21,0,1,24.909
GRNMS,2025-06-01,12,0,1,27.346
GRNMS,2025-07-01,6,0,1,28.434
GRNMS,2025-08-01,15,0,1,29.495
GRNMS,2025-09-01,0,0,0,27.012
GRNMS,2025-10-01,0,0,0,23.968
GRNMS,2025-11-01,0,5,0,19.47
GRNMS,2025-12-01,0,0,0,16.265
GRNMS,2026-01-01,0,1,0,13.88
GRNMS,2026-02-01,0,19,0,11.934
GRNMS,2026-03-01,0,0,0,15.907
MNMS,1982-01-01,0,10,0,19.599
MNMS,1982-02-01,0,0,0,19.943
MNMS,1982-03-01,0,0,0,21.236
MNMS,1982-04-01,0,0,0,21.727
MNMS,1982-05-01,0,0,0,23.425
MNMS,1982-06-01,0,5,0,25.282
MNMS,1982-07-01,0,7,0,27.103
MNMS,1982-08-01,0,0,0,27.251
MNMS,1982-09-01,0,19,0,25.261
MNMS,1982-10-01,0,0,0,24.611
MNMS,1982-11-01,0,0,0,23.236
MNMS,1982-12-01,0,0,0,22.108
MNMS,1983-01-01,0,0,0,21.262
MNMS,1983-02-01,0,0,0,20.567
MNMS,1983-03-01,0,0,0,19.715
MNMS,1983-04-01,0,0,0,20.689
MNMS,1983-05-01,0,0,0,22.433
MNMS,1983-06-01,0,6,0,25.102
MNMS,1983-07-01,7,0,2,28.042
MNMS,1983-08-01,3,5,1,27.329
MNMS,1983-09-01,5,0,1,27.628
MNMS,1983-10-01,0,4,0,24.24
MNMS,1983-11-01,0,6,0,22.058
MNMS,1983-12-01,0,10,0,20.689
MNMS,1984-01-01,0,0,0,20.602
MNMS,1984-02-01,0,0,0,20.336
MNMS,1984-03-01,0,0,0,20.189
MNMS,1984-04-01,0,0,0,20.014
MNMS,1984-05-01,0,0,0,22.648
MNMS,1984-06-01,0,0,0,25.751
MNMS,1984-07-01,0,5,0,26.651
MNMS,1984-08-01,0,0,0,27.283
MNMS,1984-09-01,0,10,0,25.825
MNMS,1984-10-01,0,0,0,24.117
MNMS,1984-11-01,0,0,0,24.005
MNMS,1984-12-01,4,0,1,23.28
MNMS,1985-01-01,4,0,1,21.066
MNMS,1985-02-01,0,0,0,20.11
MNMS,1985-03-01,0,0,0,20.535
MNMS,1985-04-01,0,0,0,21.077
MNMS,1985-05-01,0,0,0,24.324
MNMS,1985-06-01,0,0,0,25.929
MNMS,1985-07-01,0,0,0,27.062
MNMS,1985-08-01,0,0,0,27.585
MNMS,1985-09-01,0,0,0,27.068
MNMS,1985-10-01,5,0,1,25.868
MNMS,1985-11-01,7,0,1,24.164
MNMS,1985-12-01,0,0,0,20.431
MNMS,1986-01-01,16,0,1,22.411
MNMS,1986-02-01,5,0,1,21.519
MNMS,1986-03-01,7,0,1,21.328
MNMS,1986-04-01,5,0,1,22.878
MNMS,1986-05-01,0,0,0,23.485
MNMS,1986-06-01,0,0,0,25.812
MNMS,1986-07-01,0,0,0,27.684
MNMS,1986-08-01,0,0,0,27.143
MNMS,1986-09-01,0,0,0,27.237
MNMS,1986-10-01,5,0,1,26.114
MNMS,1986-11-01,6,0,1,24.324
MNMS,1986-12-01,5,0,1,23.555
MNMS,1987-01-01,0,0,0,21.704
MNMS,1987-02-01,0,0,0,20.583
MNMS,1987-03-01,0,0,0,20.253
MNMS,1987-04-01,0,0,0,20.242
MNMS,1987-05-01,0,0,0,22.549
MNMS,1987-06-01,0,5,0,25.079
MNMS,1987-07-01,0,0,0,27.864
MNMS,1987-08-01,0,0,0,27.993
MNMS,1987-09-01,0,0,0,27.334
MNMS,1987-10-01,0,0,0,25.018
MNMS,1987-11-01,0,0,0,23.959
MNMS,1987-12-01,0,0,0,22.181
MNMS,1988-01-01,0,0,0,21.13
MNMS,1988-02-01,0,0,0,19.536
MNMS,1988-03-01,0,0,0,19.885
MNMS,1988-04-01,0,0,0,20.68
MNMS,1988-05-01,0,0,0,21.538
MNMS,1988-06-01,0,5,0,24.998
MNMS,1988-07-01,0,5,0,27.049
MNMS,1988-08-01,0,0,0,27.901
MNMS,1988-09-01,0,0,0,27.08
MNMS,1988-10-01,0,0,0,25.37
MNMS,1988-11-01,0,0,0,24.096
MNMS,1988-12-01,0,0,0,22.57
MNMS,1989-01-01,9,0,1,21.62
MNMS,1989-02-01,7,0,1,21.691
MNMS,1989-03-01,0,0,0,20.945
MNMS,1989-04-01,0,0,0,21.984
MNMS,1989-05-01,0,0,0,23.227
MNMS,1989-06-01,9,0,2,26.284
MNMS,1989-07-01,0,0,0,27.118
MNMS,1989-08-01,6,0,2,28.208
MNMS,1989-09-01,0,0,0,26.904
MNMS,1989-10-01,0,0,0,25.536
MNMS,1989-11-01,0,0,0,24.069
MNMS,1989-12-01,5,0,1,21.869
MNMS,1990-01-01,0,0,0,20.461
MNMS,1990-02-01,2,0,1,20.664
MNMS,1990-03-01,14,0,1,22.276
MNMS,1990-04-01,7,0,1,22.957
MNMS,1990-05-01,5,0,1,24.495
MNMS,1990-06-01,0,0,0,25.937
MNMS,1990-07-01,0,0,0,27.798
MNMS,1990-08-01,0,0,0,28.374
MNMS,1990-09-01,0,0,0,27.875
MNMS,1990-10-01,22,0,1,27.043
MNMS,1990-11-01,17,0,1,25.143
MNMS,1990-12-01,6,0,1,23.436
MNMS,1991-01-01,6,0,1,22.168
MNMS,1991-02-01,2,0,1,20.583
MNMS,1991-03-01,3,0,1,21.685
MNMS,1991-04-01,0,0,0,22.59
MNMS,1991-05-01,21,0,1,25.383
MNMS,1991-06-01,6,0,1,26.308
MNMS,1991-07-01,0,0,0,27.959
MNMS,1991-08-01,0,0,0,28.292
MNMS,1991-09-01,10,0,1,28.016
MNMS,1991-10-01,0,0,0,26.141
MNMS,1991-11-01,0,0,0,23.152
MNMS,1991-12-01,0,0,0,22.48
MNMS,1992-01-01,7,0,1,21.623
MNMS,1992-02-01,0,0,0,21.35
MNMS,1992-03-01,0,0,0,20.633
MNMS,1992-04-01,0,0,0,22.361
MNMS,1992-05-01,0,0,0,24.049
MNMS,1992-06-01,0,0,0,25.637
MNMS,1992-07-01,0,0,0,27.703
MNMS,1992-08-01,0,0,0,28.006
MNMS,1992-09-01,0,0,0,27.474
MNMS,1992-10-01,0,0,0,25.397
MNMS,1992-11-01,6,0,1,24.542
MNMS,1992-12-01,9,0,2,22.429
MNMS,1993-01-01,13,0,2,22.772
MNMS,1993-02-01,12,0,1,21.553
MNMS,1993-03-01,0,6,0,19.537
MNMS,1993-04-01,0,0,0,19.358
MNMS,1993-05-01,0,0,0,22.461
MNMS,1993-06-01,0,0,0,25.514
MNMS,1993-07-01,5,0,2,28.121
MNMS,1993-08-01,7,0,1,28.609
MNMS,1993-09-01,7,0,1,28.158
MNMS,1993-10-01,0,0,0,26.031
MNMS,1993-11-01,0,0,0,24.078
MNMS,1993-12-01,0,0,0,22.176
MNMS,1994-01-01,0,0,0,21.175
MNMS,1994-02-01,0,0,0,20.951
MNMS,1994-03-01,0,0,0,20.908
MNMS,1994-04-01,0,0,0,22.347
MNMS,1994-05-01,0,0,0,24.036
MNMS,1994-06-01,0,0,0,25.839
MNMS,1994-07-01,5,0,2,27.995
MNMS,1994-08-01,0,0,0,27.634
MNMS,1994-09-01,0,0,0,26.945
MNMS,1994-10-01,0,0,0,24.692
MNMS,1994-11-01,0,0,0,23.725
MNMS,1994-12-01,7,0,1,23.032
MNMS,1995-01-01,0,0,0,21.077
MNMS,1995-02-01,0,0,0,20.381
MNMS,1995-03-01,0,0,0,20.97
MNMS,1995-04-01,7,0,1,22.477
MNMS,1995-05-01,0,0,0,24.21
MNMS,1995-06-01,6,0,2,26.471
MNMS,1995-07-01,0,0,0,28.298
MNMS,1995-08-01,0,0,0,28.091
MNMS,1995-09-01,0,0,0,26.787
MNMS,1995-10-01,0,0,0,26.098
MNMS,1995-11-01,0,0,0,23.954
MNMS,1995-12-01,0,0,0,22.343
MNMS,1996-01-01,0,0,0,20.732
MNMS,1996-02-01,0,0,0,19.857
MNMS,1996-03-01,0,0,0,20.38
MNMS,1996-04-01,0,0,0,19.615
MNMS,1996-05-01,0,0,0,23.161
MNMS,1996-06-01,0,0,0,25.532
MNMS,1996-07-01,0,9,0,26.556
MNMS,1996-08-01,0,3,0,27.445
MNMS,1996-09-01,0,5,0,26.156
MNMS,1996-10-01,0,9,0,23.383
MNMS,1996-11-01,0,0,0,23.429
MNMS,1996-12-01,0,0,0,20.135
MNMS,1997-01-01,0,13,0,19.023
MNMS,1997-02-01,8,0,1,21.24
MNMS,1997-03-01,0,0,0,21.486
MNMS,1997-04-01,0,0,0,21.409
MNMS,1997-05-01,0,0,0,22.626
MNMS,1997-06-01,0,14,0,24.379
MNMS,1997-07-01,0,0,0,27.485
MNMS,1997-08-01,0,6,0,27.331
MNMS,1997-09-01,0,0,0,27.143
MNMS,1997-10-01,0,0,0,25.118
MNMS,1997-11-01,0,14,0,21.059
MNMS,1997-12-01,0,8,0,21.161
MNMS,1998-01-01,0,19,0,17.362
MNMS,1998-02-01,0,7,0,18.186
MNMS,1998-03-01,0,22,0,15.812
MNMS,1998-04-01,0,15,0,19.328
MNMS,1998-05-01,0,0,0,21.896
MNMS,1998-06-01,5,0,1,26.315
MNMS,1998-07-01,0,0,0,27.856
MNMS,1998-08-01,0,17,0,26.658
MNMS,1998-09-01,0,13,0,25.669
MNMS,1998-10-01,0,0,0,24.936
MNMS,1998-11-01,0,0,0,23.618
MNMS,1998-12-01,8,0,1,22.748
MNMS,1999-01-01,0,0,0,21.997
MNMS,1999-02-01,0,0,0,21.366
MNMS,1999-03-01,0,0,0,20.33
MNMS,1999-04-01,5,0,1,22.146
MNMS,1999-05-01,0,8,0,21.555
MNMS,1999-06-01,0,0,0,25.249
MNMS,1999-07-01,2,0,2,27.458
MNMS,1999-08-01,7,0,2,28.497
MNMS,1999-09-01,0,7,0,26.192
MNMS,1999-10-01,0,0,0,25.116
MNMS,1999-11-01,0,0,0,24.04
MNMS,1999-12-01,0,0,0,22.589
MNMS,2000-01-01,0,0,0,20.767
MNMS,2000-02-01,0,0,0,20.051
MNMS,2000-03-01,0,0,0,20.981
MNMS,2000-04-01,0,0,0,22.17
MNMS,2000-05-01,0,0,0,22.831
MNMS,2000-06-01,0,0,0,25.608
MNMS,2000-07-01,0,0,0,27.332
MNMS,2000-08-01,0,0,0,27.655
MNMS,2000-09-01,0,0,0,26.886
MNMS,2000-10-01,0,0,0,24.523
MNMS,2000-11-01,0,0,0,22.34
MNMS,2000-12-01,0,0,0,22.027
MNMS,2001-01-01,0,0,0,19.943
MNMS,2001-02-01,0,0,0,19.158
MNMS,2001-03-01,0,0,0,20.635
MNMS,2001-04-01,0,0,0,21.686
MNMS,2001-05-01,0,0,0,23.509
MNMS,2001-06-01,0,0,0,25.778
MNMS,2001-07-01,0,0,0,27.211
MNMS,2001-08-01,0,0,0,27.749
MNMS,2001-09-01,0,0,0,26.808
MNMS,2001-10-01,0,6,0,24.917
MNMS,2001-11-01,0,0,0,23.729
MNMS,2001-12-01,7,0,1,23.3
MNMS,2002-01-01,0,11,0,20.038
MNMS,2002-02-01,6,0,1,20.917
MNMS,2002-03-01,0,0,0,19.836
MNMS,2002-04-01,25,0,1,23.76
MNMS,2002-05-01,6,0,1,24.688
MNMS,2002-06-01,22,0,1,26.91
MNMS,2002-07-01,0,0,0,27.681
MNMS,2002-08-01,0,0,0,28.1
MNMS,2002-09-01,0,0,0,27.256
MNMS,2002-10-01,0,0,0,25.956
MNMS,2002-11-01,0,0,0,23.191
MNMS,2002-12-01,0,0,0,20.635
MNMS,2003-01-01,0,5,0,19.69
MNMS,2003-02-01,0,5,0,19.155
MNMS,2003-03-01,10,0,1,21.822
MNMS,2003-04-01,0,0,0,20.965
MNMS,2003-05-01,0,0,0,22.812
MNMS,2003-06-01,0,0,0,25.46
MNMS,2003-07-01,0,0,0,27.176
MNMS,2003-08-01,0,6,0,27.418
MNMS,2003-09-01,0,0,0,26.9
MNMS,2003-10-01,0,0,0,24.853
MNMS,2003-11-01,0,0,0,23.857
MNMS,2003-12-01,0,0,0,22.567
MNMS,2004-01-01,0,0,0,20.83
MNMS,2004-02-01,0,0,0,19.806
MNMS,2004-03-01,0,0,0,19.787
MNMS,2004-04-01,0,0,0,20.816
MNMS,2004-05-01,0,0,0,23.994
MNMS,2004-06-01,0,0,0,26.376
MNMS,2004-07-01,7,0,2,28.241
MNMS,2004-08-01,0,18,0,26.978
MNMS,2004-09-01,0,16,0,24.999
MNMS,2004-10-01,0,31,0,21.617
MNMS,2004-11-01,0,16,0,19.97
MNMS,2004-12-01,0,13,0,20.125
MNMS,2005-01-01,0,0,0,21.765
MNMS,2005-02-01,0,0,0,20.455
MNMS,2005-03-01,0,9,0,18.543
MNMS,2005-04-01,0,17,0,17.333
MNMS,2005-05-01,0,20,0,20.185
MNMS,2005-06-01,0,10,0,24.264
MNMS,2005-07-01,0,3,0,27.686
MNMS,2005-08-01,26,0,2,29.186
MNMS,2005-09-01,5,0,1,27.826
MNMS,2005-10-01,5,5,1,24.676
MNMS,2005-11-01,0,8,0,21.347
MNMS,2005-12-01,0,5,0,20.61
MNMS,2006-01-01,0,2,0,20.276
MNMS,2006-02-01,0,0,0,19.591
MNMS,2006-03-01,0,0,0,20.665
MNMS,2006-04-01,0,19,0,17.264
MNMS,2006-05-01,0,21,0,19.51
MNMS,2006-06-01,0,0,0,24.731
MNMS,2006-07-01,0,0,0,27.319
MNMS,2006-08-01,7,0,1,28.676
MNMS,2006-09-01,0,0,0,26.362
MNMS,2006-10-01,0,0,0,24.866
MNMS,2006-11-01,5,0,1,23.412
MNMS,2006-12-01,0,0,0,21.291
MNMS,2007-01-01,0,0,0,21.198
MNMS,2007-02-01,0,0,0,20.333
MNMS,2007-03-01,0,0,0,20.504
MNMS,2007-04-01,0,0,0,20.377
MNMS,2007-05-01,0,0,0,23.411
MNMS,2007-06-01,0,0,0,25.492
MNMS,2007-07-01,0,0,0,27.658
MNMS,2007-08-01,5,0,1,28.471
MNMS,2007-09-01,0,0,0,27.705
MNMS,2007-10-01,24,0,1,27.005
MNMS,2007-11-01,3,0,1,23.682
MNMS,2007-12-01,0,0,0,22.147
MNMS,2008-01-01,0,14,0,19.063
MNMS,2008-02-01,0,24,0,16.746
MNMS,2008-03-01,0,6,0,18.38
MNMS,2008-04-01,5,0,1,21.59
MNMS,2008-05-01,0,0,0,22.35
MNMS,2008-06-01,0,0,0,26.066
MNMS,2008-07-01,0,0,0,27.322
MNMS,2008-08-01,0,0,0,28.034
MNMS,2008-09-01,0,6,0,26.627
MNMS,2008-10-01,0,8,0,23.954
MNMS,2008-11-01,0,0,0,22.725
MNMS,2008-12-01,0,0,0,21.241
MNMS,2009-01-01,0,13,0,19.428
MNMS,2009-02-01,0,8,0,18.456
MNMS,2009-03-01,0,9,0,18.127
MNMS,2009-04-01,0,0,0,20.329
MNMS,2009-05-01,0,0,0,23.076
MNMS,2009-06-01,0,0,0,26.182
MNMS,2009-07-01,0,13,0,26.903
MNMS,2009-08-01,0,0,0,27.977
MNMS,2009-09-01,8,0,1,27.633
MNMS,2009-10-01,9,0,1,26.411
MNMS,2009-11-01,0,0,0,22.672
MNMS,2009-12-01,0,0,0,22.406
MNMS,2010-01-01,0,0,0,20.453
MNMS,2010-02-01,0,10,0,17.983
MNMS,2010-03-01,0,14,0,17.554
MNMS,2010-04-01,0,15,0,17.235
MNMS,2010-05-01,0,27,0,18.956
MNMS,2010-06-01,8,8,1,25.549
MNMS,2010-07-01,0,0,0,27.896
MNMS,2010-08-01,8,0,1,28.551
MNMS,2010-09-01,0,0,0,26.574
MNMS,2010-10-01,0,0,0,25.342
MNMS,2010-11-01,0,22,0,19.674
MNMS,2010-12-01,0,17,0,18.496
MNMS,2011-01-01,0,5,0,18.888
MNMS,2011-02-01,0,11,0,17.227
MNMS,2011-03-01,0,0,0,20.062
MNMS,2011-04-01,0,0,0,20.008
MNMS,2011-05-01,0,0,0,23.346
MNMS,2011-06-01,0,0,0,26.604
MNMS,2011-07-01,0,0,0,27.87
MNMS,2011-08-01,0,0,0,28.649
MNMS,2011-09-01,0,0,0,27.375
MNMS,2011-10-01,0,0,0,24.785
MNMS,2011-11-01,0,8,0,21.605
MNMS,2011-12-01,0,0,0,21.325
MNMS,2012-01-01,0,0,0,21.096
MNMS,2012-02-01,0,0,0,21.257
MNMS,2012-03-01,0,0,0,20.741
MNMS,2012-04-01,0,0,0,21.191
MNMS,2012-05-01,0,0,0,23.822
MNMS,2012-06-01,0,0,0,25.547
MNMS,2012-07-01,0,0,0,27.612
MNMS,2012-08-01,0,0,0,28.204
MNMS,2012-09-01,0,0,0,27.055
MNMS,2012-10-01,0,0,0,26.018
MNMS,2012-11-01,0,0,0,22.318
MNMS,2012-12-01,0,0,0,21.346
MNMS,2013-01-01,0,0,0,21.117
MNMS,2013-02-01,0,0,0,19.995
MNMS,2013-03-01,0,0,0,19.662
MNMS,2013-04-01,0,18,0,18.602
MNMS,2013-05-01,0,0,0,22.954
MNMS,2013-06-01,0,0,0,25.686
MNMS,2013-07-01,0,0,0,27.232
MNMS,2013-08-01,0,0,0,27.772
MNMS,2013-09-01,0,0,0,27.23
MNMS,2013-10-01,0,0,0,24.286
MNMS,2013-11-01,0,16,0,21.002
MNMS,2013-12-01,0,0,0,22.939
MNMS,2014-01-01,0,0,0,21.407
MNMS,2014-02-01,0,0,0,20.729
MNMS,2014-03-01,0,0,0,20.567
MNMS,2014-04-01,0,0,0,21.588
MNMS,2014-05-01,0,0,0,23.961
MNMS,2014-06-01,0,0,0,25.552
MNMS,2014-07-01,0,0,0,27.379
MNMS,2014-08-01,0,0,0,27.98
MNMS,2014-09-01,17,0,1,28.178
MNMS,2014-10-01,0,0,0,25.56
MNMS,2014-11-01,0,0,0,23.324
MNMS,2014-12-01,0,0,0,22.916
MNMS,2015-01-01,0,0,0,21.566
MNMS,2015-02-01,0,0,0,20.691
MNMS,2015-03-01,0,0,0,20.276
MNMS,2015-04-01,0,0,0,22.142
MNMS,2015-05-01,2,0,1,24.373
MNMS,2015-06-01,27,0,2,27.313
MNMS,2015-07-01,5,0,1,28.216
MNMS,2015-08-01,3,0,1,28.327
MNMS,2015-09-01,5,0,1,27.812
MNMS,2015-10-01,0,0,0,25.255
MNMS,2015-11-01,13,0,1,24.798
MNMS,2015-12-01,24,0,1,24.259
MNMS,2016-01-01,4,0,1,22.234
MNMS,2016-02-01,0,0,0,21.055
MNMS,2016-03-01,0,0,0,20.863
MNMS,2016-04-01,0,0,0,22.036
MNMS,2016-05-01,7,0,1,23.706
MNMS,2016-06-01,21,0,1,26.976
MNMS,2016-07-01,21,0,2,28.762
MNMS,2016-08-01,31,0,2,29.213
MNMS,2016-09-01,11,5,1,26.873
MNMS,2016-10-01,0,0,0,24.713
MNMS,2016-11-01,0,0,0,24.09
MNMS,2016-12-01,18,0,1,23.778
MNMS,2017-01-01,16,0,1,22.115
MNMS,2017-02-01,7,0,1,21.222
MNMS,2017-03-01,9,0,1,21.735
MNMS,2017-04-01,19,0,1,23.391
MNMS,2017-05-01,5,0,1,23.835
MNMS,2017-06-01,0,0,0,25.947
MNMS,2017-07-01,0,0,0,28.022
MNMS,2017-08-01,7,0,1,27.946
MNMS,2017-09-01,0,5,0,26.518
MNMS,2017-10-01,7,0,1,25.869
MNMS,2017-11-01,0,7,0,21.632
MNMS,2017-12-01,5,0,1,22.886
MNMS,2018-01-01,0,0,0,21.039
MNMS,2018-02-01,6,0,1,20.892
MNMS,2018-03-01,2,0,1,20.932
MNMS,2018-04-01,0,0,0,20.951
MNMS,2018-05-01,0,0,0,23.679
MNMS,2018-06-01,0,0,0,25.91
MNMS,2018-07-01,8,5,2,27.397
MNMS,2018-08-01,4,0,1,28.389
MNMS,2018-09-01,11,0,1,28.033
MNMS,2018-10-01,0,0,0,26.303
MNMS,2018-11-01,9,0,1,24.766
MNMS,2018-12-01,0,0,0,22.52
MNMS,2019-01-01,0,7,0,19.415
MNMS,2019-02-01,0,2,0,20.712
MNMS,2019-03-01,5,0,1,21.796
MNMS,2019-04-01,6,0,1,22.405
MNMS,2019-05-01,6,0,1,24.223
MNMS,2019-06-01,10,0,1,26.612
MNMS,2019-07-01,18,0,2,28.5
MNMS,2019-08-01,5,0,1,28.597
MNMS,2019-09-01,0,10,0,25.914
MNMS,2019-10-01,0,6,0,24.883
MNMS,2019-11-01,10,0,1,24.314
MNMS,2019-12-01,0,0,0,22.716
MNMS,2020-01-01,0,0,0,21.445
MNMS,2020-02-01,12,0,1,21.596
MNMS,2020-03-01,9,0,1,21.641
MNMS,2020-04-01,0,0,0,21.811
MNMS,2020-05-01,5,0,1,24.14
MNMS,2020-06-01,0,5,0,25.8
MNMS,2020-07-01,30,0,2,28.938
MNMS,2020-08-01,4,0,1,28.417
MNMS,2020-09-01,11,8,1,27.158
MNMS,2020-10-01,20,0,1,26.812
MNMS,2020-11-01,13,0,1,24.936
MNMS,2020-12-01,0,0,0,22.386
MNMS,2021-01-01,0,0,0,20.942
MNMS,2021-02-01,0,6,0,18.964
MNMS,2021-03-01,5,0,1,21.032
MNMS,2021-04-01,0,5,0,19.933
MNMS,2021-05-01,0,0,0,23.932
MNMS,2021-06-01,0,0,0,25.957
MNMS,2021-07-01,0,0,0,27.726
MNMS,2021-08-01,16,0,1,28.716
MNMS,2021-09-01,6,0,1,28.112
MNMS,2021-10-01,8,0,1,25.184
MNMS,2021-11-01,0,0,0,23.257
MNMS,2021-12-01,0,0,0,23.222
MNMS,2022-01-01,0,0,0,21.217
MNMS,2022-02-01,9,0,1,20.937
MNMS,2022-03-01,7,0,1,21.641
MNMS,2022-04-01,0,0,0,22.434
MNMS,2022-05-01,0,0,0,23.755
MNMS,2022-06-01,0,0,0,26.73
MNMS,2022-07-01,0,0,0,27.922
MNMS,2022-08-01,12,0,1,28.631
MNMS,2022-09-01,14,0,1,28.029
MNMS,2022-10-01,0,0,0,24.972
MNMS,2022-11-01,0,0,0,24.345
MNMS,2022-12-01,0,0,0,22.504
MNMS,2023-01-01,0,0,0,21.409
MNMS,2023-02-01,5,0,1,21.064
MNMS,2023-03-01,0,0,0,21.884
MNMS,2023-04-01,12,0,1,22.947
MNMS,2023-05-01,0,0,0,23.843
MNMS,2023-06-01,0,0,0,25.268
MNMS,2023-07-01,24,0,1,28.549
MNMS,2023-08-01,4,0,1,28.802
MNMS,2023-09-01,16,0,2,28.122
MNMS,2023-10-01,0,0,0,25.868
MNMS,2023-11-01,0,0,0,23.569
MNMS,2023-12-01,0,4,0,21.811
MNMS,2024-01-01,0,11,0,19.311
MNMS,2024-02-01,0,17,0,17.378
MNMS,2024-03-01,0,6,0,18.894
MNMS,2024-04-01,0,7,0,18.876
MNMS,2024-05-01,0,0,0,21.485
MNMS,2024-06-01,12,0,1,26.573
MNMS,2024-07-01,10,0,1,28.288
MNMS,2024-08-01,0,0,0,28.171
MNMS,2024-09-01,0,0,0,27.33
MNMS,2024-10-01,0,0,0,25.207
MNMS,2024-11-01,5,0,1,24.049
MNMS,2024-12-01,0,0,0,23.074
MNMS,2025-01-01,0,0,0,20.773
MNMS,2025-02-01,0,0,0,20.048
MNMS,2025-03-01,0,0,0,20.825
MNMS,2025-04-01,0,0,0,21.921
MNMS,2025-05-01,0,0,0,24.199
MNMS,2025-06-01,9,0,2,26.424
MNMS,2025-07-01,22,0,2,28.806
MNMS,2025-08-01,1,0,2,27.481
MNMS,2025-09-01,0,0,0,26.173
MNMS,2025-10-01,0,6,0,24.929
MNMS,2025-11-01,0,0,0,23.335
MNMS,2025-12-01,0,0,0,22.564
MNMS,2026-01-01,0,0,0,21.237
MNMS,2026-02-01,0,5,0,19.663
MNMS,2026-03-01,0,0,0,21.222
SBNMS,1982-01-01,0,6,0,4.719
SBNMS,1982-02-01,0,5,0,3.135
SBNMS,1982-03-01,0,13,0,2.839
SBNMS,1982-04-01,0,25,0,3.883
SBNMS,1982-05-01,0,3,0,8.71
SBNMS,1982-06-01,0,16,0,12.474
SBNMS,1982-07-01,0,6,0,16.619
SBNMS,1982-08-01,0,10,0,16.941
SBNMS,1982-09-01,0,13,0,14.572
SBNMS,1982-10-01,1,0,1,12.689
SBNMS,1982-11-01,4,0,1,10.383
SBNMS,1982-12-01,0,0,0,7.584
SBNMS,1983-01-01,0,0,0,5.596
SBNMS,1983-02-01,0,0,0,3.95
SBNMS,1983-03-01,0,0,0,3.858
SBNMS,1983-04-01,0,0,0,5.036
SBNMS,1983-05-01,0,6,0,8.158
SBNMS,1983-06-01,0,0,0,13.818
SBNMS,1983-07-01,0,0,0,18.396
SBNMS,1983-08-01,0,7,0,17.38
SBNMS,1983-09-01,0,0,0,16.506
SBNMS,1983-10-01,0,0,0,13.491
SBNMS,1983-11-01,0,0,0,9.773
SBNMS,1983-12-01,0,0,0,7.221
SBNMS,1984-01-01,0,0,0,4.554
SBNMS,1984-02-01,0,0,0,3.726
SBNMS,1984-03-01,0,0,0,3.238
SBNMS,1984-04-01,0,10,0,4.354
SBNMS,1984-05-01,0,8,0,8.119
SBNMS,1984-06-01,0,0,0,13.56
SBNMS,1984-07-01,0,21,0,15.762
SBNMS,1984-08-01,0,2,0,18.817
SBNMS,1984-09-01,0,0,0,16.027
SBNMS,1984-10-01,0,8,0,12.103
SBNMS,1984-11-01,0,0,0,10.434
SBNMS,1984-12-01,0,0,0,7.907
SBNMS,1985-01-01,0,0,0,5.713
SBNMS,1985-02-01,0,0,0,4.008
SBNMS,1985-03-01,0,0,0,4.401
SBNMS,1985-04-01,0,0,0,5.646
SBNMS,1985-05-01,0,0,0,8.616
SBNMS,1985-06-01,0,0,0,12.996
SBNMS,1985-07-01,0,7,0,17.412
SBNMS,1985-08-01,0,7,0,17.899
SBNMS,1985-09-01,0,0,0,15.994
SBNMS,1985-10-01,0,0,0,13.51
SBNMS,1985-11-01,0,0,0,10.498
SBNMS,1985-12-01,0,0,0,7.605
SBNMS,1986-01-01,0,0,0,5.611
SBNMS,1986-02-01,1,0,1,4.616
SBNMS,1986-03-01,6,0,1,4.497
SBNMS,1986-04-01,0,0,0,5.828
SBNMS,1986-05-01,0,0,0,8.638
SBNMS,1986-06-01,0,0,0,12.61
SBNMS,1986-07-01,0,5,0,16.696
SBNMS,1986-08-01,0,4,0,18.076
SBNMS,1986-09-01,0,12,0,14.82
SBNMS,1986-10-01,0,0,0,12.46
SBNMS,1986-11-01,0,0,0,9.836
SBNMS,1986-12-01,0,0,0,7.397
SBNMS,1987-01-01,0,0,0,5.278
SBNMS,1987-02-01,0,0,0,3.527
SBNMS,1987-03-01,0,0,0,3.434
SBNMS,1987-04-01,0,2,0,4.679
SBNMS,1987-05-01,0,11,0,7.689
SBNMS,1987-06-01,0,8,0,13.555
SBNMS,1987-07-01,0,3,0,17.177
SBNMS,1987-08-01,0,0,0,17.751
SBNMS,1987-09-01,0,0,0,15.901
SBNMS,1987-10-01,0,7,0,12.08
SBNMS,1987-11-01,0,19,0,8.742
SBNMS,1987-12-01,0,1,0,6.655
SBNMS,1988-01-01,0,7,0,4.305
SBNMS,1988-02-01,0,0,0,3.295
SBNMS,1988-03-01,0,0,0,3.505
SBNMS,1988-04-01,0,0,0,4.844
SBNMS,1988-05-01,0,0,0,8.452
SBNMS,1988-06-01,0,7,0,12.902
SBNMS,1988-07-01,0,5,0,16.237
SBNMS,1988-08-01,0,0,0,18.79
SBNMS,1988-09-01,0,14,0,15.005
SBNMS,1988-10-01,0,27,0,11.523
SBNMS,1988-11-01,0,4,0,9.144
SBNMS,1988-12-01,0,10,0,6.507
SBNMS,1989-01-01,0,0,0,4.733
SBNMS,1989-02-01,0,0,0,3.664
SBNMS,1989-03-01,0,0,0,3.058
SBNMS,1989-04-01,0,0,0,4.756
SBNMS,1989-05-01,0,0,0,9.297
SBNMS,1989-06-01,0,0,0,13.824
SBNMS,1989-07-01,0,0,0,17.863
SBNMS,1989-08-01,0,0,0,18.224
SBNMS,1989-09-01,6,0,1,16.763
SBNMS,1989-10-01,0,0,0,12.483
SBNMS,1989-11-01,0,3,0,9.92
SBNMS,1989-12-01,0,31,0,5.423
SBNMS,1990-01-01,0,24,0,3.553
SBNMS,1990-02-01,0,0,0,3.203
SBNMS,1990-03-01,0,0,0,3.374
SBNMS,1990-04-01,0,0,0,4.696
SBNMS,1990-05-01,0,2,0,8.548
SBNMS,1990-06-01,0,8,0,12.506
SBNMS,1990-07-01,0,0,0,17.951
SBNMS,1990-08-01,16,0,1,19.908
SBNMS,1990-09-01,0,0,0,16.948
SBNMS,1990-10-01,6,0,1,13.789
SBNMS,1990-11-01,0,0,0,9.793
SBNMS,1990-12-01,0,0,0,7.569
SBNMS,1991-01-01,0,0,0,5.656
SBNMS,1991-02-01,0,0,0,4.326
SBNMS,1991-03-01,0,0,0,4.199
SBNMS,1991-04-01,0,0,0,5.392
SBNMS,1991-05-01,4,0,1,9.695
SBNMS,1991-06-01,4,0,1,14.291
SBNMS,1991-07-01,0,0,0,18.359
SBNMS,1991-08-01,0,7,0,17.766
SBNMS,1991-09-01,0,0,0,16.205
SBNMS,1991-10-01,0,0,0,12.811
SBNMS,1991-11-01,0,0,0,9.397
SBNMS,1991-12-01,0,0,0,7.319
SBNMS,1992-01-01,0,0,0,5.218
SBNMS,1992-02-01,0,0,0,3.516
SBNMS,1992-03-01,0,0,0,3.265
SBNMS,1992-04-01,0,23,0,4.27
SBNMS,1992-05-01,0,10,0,8.01
SBNMS,1992-06-01,0,0,0,13.031
SBNMS,1992-07-01,0,6,0,16.259
SBNMS,1992-08-01,0,7,0,17.431
SBNMS,1992-09-01,0,5,0,15.338
SBNMS,1992-10-01,0,7,0,11.921
SBNMS,1992-11-01,0,7,0,8.903
SBNMS,1992-12-01,0,23,0,6.209
SBNMS,1993-01-01,0,13,0,4.496
SBNMS,1993-02-01,0,0,0,3.281
SBNMS,1993-03-01,0,27,0,2.423
SBNMS,1993-04-01,0,22,0,3.941
SBNMS,1993-05-01,0,1,0,9.463
SBNMS,1993-06-01,0,7,0,12.057
SBNMS,1993-07-01,0,0,0,17.86
SBNMS,1993-08-01,0,0,0,18.692
SBNMS,1993-09-01,0,0,0,15.62
SBNMS,1993-10-01,0,24,0,11.637
SBNMS,1993-11-01,0,14,0,8.942
SBNMS,1993-12-01,0,0,0,6.939
SBNMS,1994-01-01,0,24,0,3.9
SBNMS,1994-02-01,0,28,0,2.291
SBNMS,1994-03-01,0,20,0,2.611
SBNMS,1994-04-01,0,5,0,4.683
SBNMS,1994-05-01,0,7,0,8.009
SBNMS,1994-06-01,0,0,0,13.526
SBNMS,1994-07-01,0,0,0,18.4
SBNMS,1994-08-01,0,0,0,17.741
SBNMS,1994-09-01,0,9,0,15.461
SBNMS,1994-10-01,0,0,0,12.953
SBNMS,1994-11-01,6,0,1,10.606
SBNMS,1994-12-01,0,0,0,8.112
SBNMS,1995-01-01,11,0,1,6.16
SBNMS,1995-02-01,0,0,0,4.547
SBNMS,1995-03-01,0,0,0,3.806
SBNMS,1995-04-01,0,0,0,5.066
SBNMS,1995-05-01,0,0,0,8.444
SBNMS,1995-06-01,0,0,0,14.206
SBNMS,1995-07-01,6,0,1,18.145
SBNMS,1995-08-01,4,0,1,19.398
SBNMS,1995-09-01,0,0,0,16.73
SBNMS,1995-10-01,0,0,0,13.589
SBNMS,1995-11-01,0,0,0,9.987
SBNMS,1995-12-01,0,0,0,7.277
SBNMS,1996-01-01,0,0,0,4.83
SBNMS,1996-02-01,0,18,0,2.979
SBNMS,1996-03-01,0,24,0,2.658
SBNMS,1996-04-01,0,12,0,4.502
SBNMS,1996-05-01,0,0,0,9.227
SBNMS,1996-06-01,0,0,0,15.115
SBNMS,1996-07-01,0,14,0,16.129
SBNMS,1996-08-01,0,0,0,18.522
SBNMS,1996-09-01,0,5,0,15.612
SBNMS,1996-10-01,0,0,0,12.177
SBNMS,1996-11-01,0,0,0,9.627
SBNMS,1996-12-01,0,0,0,7.4
SBNMS,1997-01-01,0,0,0,5.318
SBNMS,1997-02-01,0,0,0,4.312
SBNMS,1997-03-01,0,0,0,4.131
SBNMS,1997-04-01,0,0,0,5.142
SBNMS,1997-05-01,0,0,0,8.102
SBNMS,1997-06-01,0,0,0,13.739
SBNMS,1997-07-01,0,0,0,17.557
SBNMS,1997-08-01,0,0,0,18.481
SBNMS,1997-09-01,0,0,0,16.127
SBNMS,1997-10-01,0,0,0,12.827
SBNMS,1997-11-01,0,0,0,9.714
SBNMS,1997-12-01,0,0,0,7.322
SBNMS,1998-01-01,0,0,0,5.629
SBNMS,1998-02-01,0,0,0,4.158
SBNMS,1998-03-01,0,0,0,3.473
SBNMS,1998-04-01,0,0,0,5.651
SBNMS,1998-05-01,0,0,0,9.586
SBNMS,1998-06-01,0,0,0,13.517
SBNMS,1998-07-01,0,0,0,18.262
SBNMS,1998-08-01,0,0,0,17.672
SBNMS,1998-09-01,0,0,0,16.428
SBNMS,1998-10-01,0,0,0,12.397
SBNMS,1998-11-01,0,0,0,9.236
SBNMS,1998-12-01,0,0,0,7.363
SBNMS,1999-01-01,0,0,0,4.952
SBNMS,1999-02-01,0,0,0,3.728
SBNMS,1999-03-01,0,0,0,3.343
SBNMS,1999-04-01,0,0,0,5.634
SBNMS,1999-05-01,1,0,1,10.401
SBNMS,1999-06-01,9,0,1,15.976
SBNMS,1999-07-01,5,0,1,18.662
SBNMS,1999-08-01,3,0,1,18.26
SBNMS,1999-09-01,12,0,1,17.439
SBNMS,1999-10-01,0,0,0,12.856
SBNMS,1999-11-01,0,0,0,10.302
SBNMS,1999-12-01,0,0,0,7.65
SBNMS,2000-01-01,0,0,0,5.345
SBNMS,2000-02-01,0,0,0,3.959
SBNMS,2000-03-01,0,0,0,4.332
SBNMS,2000-04-01,0,0,0,5.84
SBNMS,2000-05-01,0,0,0,9.331
SBNMS,2000-06-01,0,0,0,14.198
SBNMS,2000-07-01,0,0,0,17.5
SBNMS,2000-08-01,1,0,1,18.808
SBNMS,2000-09-01,4,0,1,17.235
SBNMS,2000-10-01,0,0,0,12.975
SBNMS,2000-11-01,0,5,0,9.566
SBNMS,2000-12-01,0,0,0,7.518
SBNMS,2001-01-01,0,0,0,5.348
SBNMS,2001-02-01,0,0,0,4.5
SBNMS,2001-03-01,0,0,0,3.902
SBNMS,2001-04-01,0,0,0,5.067
SBNMS,2001-05-01,0,0,0,10.471
SBNMS,2001-06-01,11,0,1,15.276
SBNMS,2001-07-01,0,0,0,17.327
SBNMS,2001-08-01,0,0,0,18.704
SBNMS,2001-09-01,0,0,0,16.964
SBNMS,2001-10-01,0,0,0,12.852
SBNMS,2001-11-01,5,0,1,9.815
SBNMS,2001-12-01,0,0,0,8.06
SBNMS,2002-01-01,0,0,0,6.03
SBNMS,2002-02-01,21,0,1,5.066
SBNMS,2002-03-01,18,0,1,4.992
SBNMS,2002-04-01,5,0,2,6.604
SBNMS,2002-05-01,0,0,0,8.601
SBNMS,2002-06-01,0,0,0,13.854
SBNMS,2002-07-01,5,0,1,18.161
SBNMS,2002-08-01,6,0,1,19.279
SBNMS,2002-09-01,0,0,0,16.97
SBNMS,2002-10-01,6,0,1,13.865
SBNMS,2002-11-01,0,0,0,10.132
SBNMS,2002-12-01,0,0,0,7.542
SBNMS,2003-01-01,0,0,0,5.414
SBNMS,2003-02-01,0,7,0,3.331
SBNMS,2003-03-01,0,15,0,2.983
SBNMS,2003-04-01,0,7,0,4.469
SBNMS,2003-05-01,0,3,0,8.94
SBNMS,2003-06-01,0,8,0,12.604
SBNMS,2003-07-01,0,0,0,18.46
SBNMS,2003-08-01,0,0,0,18.424
SBNMS,2003-09-01,9,0,2,17.23
SBNMS,2003-10-01,1,0,1,12.929
SBNMS,2003-11-01,0,0,0,9.479
SBNMS,2003-12-01,0,0,0,6.559
SBNMS,2004-01-01,0,16,0,4.251
SBNMS,2004-02-01,0,15,0,3.011
SBNMS,2004-03-01,0,0,0,3.101
SBNMS,2004-04-01,0,0,0,4.778
SBNMS,2004-05-01,0,0,0,9.349
SBNMS,2004-06-01,0,0,0,13.7
SBNMS,2004-07-01,0,0,0,17.389
SBNMS,2004-08-01,0,0,0,17.972
SBNMS,2004-09-01,0,0,0,16.612
SBNMS,2004-10-01,0,0,0,13.237
SBNMS,2004-11-01,0,0,0,9.459
SBNMS,2004-12-01,0,0,0,7.384
SBNMS,2005-01-01,0,4,0,4.927
SBNMS,2005-02-01,0,3,0,3.274
SBNMS,2005-03-01,0,0,0,2.919
SBNMS,2005-04-01,0,0,0,5.605
SBNMS,2005-05-01,0,0,0,8.505
SBNMS,2005-06-01,0,0,0,13.646
SBNMS,2005-07-01,5,0,2,18.378
SBNMS,2005-08-01,5,0,1,19.677
SBNMS,2005-09-01,7,0,1,17.638
SBNMS,2005-10-01,0,0,0,13.062
SBNMS,2005-11-01,0,0,0,9.833
SBNMS,2005-12-01,0,0,0,7.226
SBNMS,2006-01-01,0,0,0,5.583
SBNMS,2006-02-01,0,0,0,4.668
SBNMS,2006-03-01,0,0,0,4.1
SBNMS,2006-04-01,0,0,0,5.878
SBNMS,2006-05-01,0,0,0,9.158
SBNMS,2006-06-01,5,0,1,14.603
SBNMS,2006-07-01,0,0,0,17.802
SBNMS,2006-08-01,0,0,0,19.259
SBNMS,2006-09-01,4,0,1,17.344
SBNMS,2006-10-01,1,0,1,13.379
SBNMS,2006-11-01,0,0,0,10.315
SBNMS,2006-12-01,11,0,1,8.465
SBNMS,2007-01-01,31,0,1,6.884
SBNMS,2007-02-01,6,0,1,4.796
SBNMS,2007-03-01,0,0,0,4.174
SBNMS,2007-04-01,0,0,0,5.076
SBNMS,2007-05-01,0,0,0,9.844
SBNMS,2007-06-01,0,0,0,13.924
SBNMS,2007-07-01,3,0,1,18.352
SBNMS,2007-08-01,3,0,1,18.404
SBNMS,2007-09-01,0,0,0,16.672
SBNMS,2007-10-01,13,0,1,14.256
SBNMS,2007-11-01,0,0,0,9.726
SBNMS,2007-12-01,0,0,0,6.815
SBNMS,2008-01-01,0,0,0,4.909
SBNMS,2008-02-01,0,0,0,3.823
SBNMS,2008-03-01,0,0,0,3.362
SBNMS,2008-04-01,10,0,1,6.151
SBNMS,2008-05-01,0,0,0,9.79
SBNMS,2008-06-01,0,0,0,15.5
SBNMS,2008-07-01,3,0,1,18.762
SBNMS,2008-08-01,9,0,1,19.827
SBNMS,2008-09-01,5,0,1,17.255
SBNMS,2008-10-01,0,0,0,13.079
SBNMS,2008-11-01,0,0,0,9.952
SBNMS,2008-12-01,0,0,0,7.233
SBNMS,2009-01-01,0,0,0,4.729
SBNMS,2009-02-01,0,0,0,3.59
SBNMS,2009-03-01,0,0,0,3.424
SBNMS,2009-04-01,0,0,0,5.326
SBNMS,2009-05-01,0,0,0,10.265
SBNMS,2009-06-01,0,0,0,13.772
SBNMS,2009-07-01,0,0,0,17.24
SBNMS,2009-08-01,16,0,2,20.279
SBNMS,2009-09-01,0,0,0,16.923
SBNMS,2009-10-01,0,0,0,13.102
SBNMS,2009-11-01,0,0,0,10.046
SBNMS,2009-12-01,6,0,1,8.129
SBNMS,2010-01-01,0,0,0,5.611
SBNMS,2010-02-01,0,0,0,4.295
SBNMS,2010-03-01,5,0,1,4.532
SBNMS,2010-04-01,26,0,2,7.633
SBNMS,2010-05-01,16,0,1,10.94
SBNMS,2010-06-01,11,0,1,16.213
SBNMS,2010-07-01,16,0,2,20.065
SBNMS,2010-08-01,1,0,1,19.117
SBNMS,2010-09-01,10,0,1,17.797
SBNMS,2010-10-01,5,0,1,13.522
SBNMS,2010-11-01,0,0,0,10.132
SBNMS,2010-12-01,0,0,0,7.813
SBNMS,2011-01-01,0,0,0,5.661
SBNMS,2011-02-01,0,0,0,4.05
SBNMS,2011-03-01,0,0,0,3.886
SBNMS,2011-04-01,0,0,0,5.465
SBNMS,2011-05-01,0,0,0,9.843
SBNMS,2011-06-01,0,0,0,15.173
SBNMS,2011-07-01,11,0,1,19.406
SBNMS,2011-08-01,0,0,0,19.467
SBNMS,2011-09-01,5,0,1,16.756
SBNMS,2011-10-01,29,0,2,14.935
SBNMS,2011-11-01,16,0,1,10.851
SBNMS,2011-12-01,31,0,1,9.086
SBNMS,2012-01-01,31,0,2,7.044
SBNMS,2012-02-01,29,0,2,5.828
SBNMS,2012-03-01,31,0,4,6.113
SBNMS,2012-04-01,27,0,2,7.447
SBNMS,2012-05-01,16,0,2,11.701
SBNMS,2012-06-01,9,0,2,15.859
SBNMS,2012-07-01,23,0,1,20.15
SBNMS,2012-08-01,20,0,2,20.428
SBNMS,2012-09-01,14,0,1,17.888
SBNMS,2012-10-01,9,0,1,13.986
SBNMS,2012-11-01,15,0,1,10.948
SBNMS,2012-12-01,31,0,2,9.324
SBNMS,2013-01-01,31,0,2,7.255
SBNMS,2013-02-01,27,0,1,5.533
SBNMS,2013-03-01,9,0,1,4.803
SBNMS,2013-04-01,0,0,0,6.127
SBNMS,2013-05-01,18,0,1,10.848
SBNMS,2013-06-01,0,0,0,15.061
SBNMS,2013-07-01,13,0,2,19.808
SBNMS,2013-08-01,0,0,0,19.061
SBNMS,2013-09-01,0,0,0,16.702
SBNMS,2013-10-01,20,0,1,14.402
SBNMS,2013-11-01,0,0,0,10.425
SBNMS,2013-12-01,0,0,0,7.566
SBNMS,2014-01-01,0,0,0,5.247
SBNMS,2014-02-01,0,0,0,3.936
SBNMS,2014-03-01,0,0,0,3.541
SBNMS,2014-04-01,0,0,0,4.869
SBNMS,2014-05-01,0,0,0,9.963
SBNMS,2014-06-01,0,0,0,14.368
SBNMS,2014-07-01,0,0,0,17.296
SBNMS,2014-08-01,0,0,0,18.973
SBNMS,2014-09-01,8,0,1,17.391
SBNMS,2014-10-01,9,0,1,14.142
SBNMS,2014-11-01,16,0,1,10.85
SBNMS,2014-12-01,18,0,1,8.596
SBNMS,2015-01-01,27,0,1,6.459
SBNMS,2015-02-01,0,0,0,4.145
SBNMS,2015-03-01,0,0,0,3.181
SBNMS,2015-04-01,0,0,0,4.868
SBNMS,2015-05-01,0,0,0,9.969
SBNMS,2015-06-01,0,0,0,13.269
SBNMS,2015-07-01,0,0,0,18.522
SBNMS,2015-08-01,15,0,1,19.911
SBNMS,2015-09-01,23,0,1,18.207
SBNMS,2015-10-01,2,0,1,13.658
SBNMS,2015-11-01,28,0,1,11.22
SBNMS,2015-12-01,31,0,2,9.418
SBNMS,2016-01-01,31,0,2,7.182
SBNMS,2016-02-01,29,0,1,5.477
SBNMS,2016-03-01,26,0,1,5.301
SBNMS,2016-04-01,0,0,0,6.121
SBNMS,2016-05-01,7,0,1,10.103
SBNMS,2016-06-01,4,0,1,14.678
SBNMS,2016-07-01,7,0,1,18.762
SBNMS,2016-08-01,19,0,2,20.351
SBNMS,2016-09-01,24,0,2,18.252
SBNMS,2016-10-01,27,0,2,14.916
SBNMS,2016-11-01,30,0,1,11.521
SBNMS,2016-12-01,31,0,2,9.342
SBNMS,2017-01-01,31,0,2,7.174
SBNMS,2017-02-01,28,0,1,5.622
SBNMS,2017-03-01,10,0,2,4.671
SBNMS,2017-04-01,0,0,0,6.137
SBNMS,2017-05-01,0,0,0,9.693
SBNMS,2017-06-01,0,0,0,13.579
SBNMS,2017-07-01,0,0,0,17.979
SBNMS,2017-08-01,0,0,0,19.07
SBNMS,2017-09-01,8,0,1,16.946
SBNMS,2017-10-01,31,0,2,15.448
SBNMS,2017-11-01,10,0,2,10.917
SBNMS,2017-12-01,0,0,0,7.986
SBNMS,2018-01-01,0,0,0,4.901
SBNMS,2018-02-01,0,0,0,4.323
SBNMS,2018-03-01,5,0,1,4.511
SBNMS,2018-04-01,0,0,0,5.195
SBNMS,2018-05-01,0,0,0,10.111
SBNMS,2018-06-01,0,0,0,15.209
SBNMS,2018-07-01,3,0,1,19.273
SBNMS,2018-08-01,27,0,2,20.808
SBNMS,2018-09-01,30,0,2,19.338
SBNMS,2018-10-01,15,0,2,14.277
SBNMS,2018-11-01,0,0,0,10.16
SBNMS,2018-12-01,0,0,0,7.323
SBNMS,2019-01-01,0,0,0,5.565
SBNMS,2019-02-01,0,0,0,4.101
SBNMS,2019-03-01,0,0,0,3.592
SBNMS,2019-04-01,0,0,0,5.278
SBNMS,2019-05-01,0,0,0,9.136
SBNMS,2019-06-01,0,0,0,13.926
SBNMS,2019-07-01,29,0,1,20.049
SBNMS,2019-08-01,11,0,2,19.807
SBNMS,2019-09-01,10,0,1,17.694
SBNMS,2019-10-01,5,0,1,13.847
SBNMS,2019-11-01,8,0,1,10.512
SBNMS,2019-12-01,0,0,0,7.65
SBNMS,2020-01-01,18,0,1,6.365
SBNMS,2020-02-01,29,0,1,5.276
SBNMS,2020-03-01,30,0,1,5.203
SBNMS,2020-04-01,0,0,0,5.939
SBNMS,2020-05-01,0,0,0,8.92
SBNMS,2020-06-01,14,0,1,15.841
SBNMS,2020-07-01,18,0,3,20.296
SBNMS,2020-08-01,9,0,2,19.933
SBNMS,2020-09-01,19,0,1,18.034
SBNMS,2020-10-01,16,0,2,14.522
SBNMS,2020-11-01,16,0,1,11.079
SBNMS,2020-12-01,5,0,1,8.243
SBNMS,2021-01-01,7,0,1,6.139
SBNMS,2021-02-01,0,0,0,4.751
SBNMS,2021-03-01,8,0,1,4.772
SBNMS,2021-04-01,8,0,1,6.552
SBNMS,2021-05-01,10,0,1,10.506
SBNMS,2021-06-01,0,0,0,15.082
SBNMS,2021-07-01,0,0,0,18.515
SBNMS,2021-08-01,21,0,2,20.375
SBNMS,2021-09-01,23,0,2,18.616
SBNMS,2021-10-01,31,0,2,15.709
SBNMS,2021-11-01,30,0,2,11.89
SBNMS,2021-12-01,31,0,2,9.665
SBNMS,2022-01-01,31,0,2,7.335
SBNMS,2022-02-01,28,0,1,5.493
SBNMS,2022-03-01,28,0,2,5.335
SBNMS,2022-04-01,0,0,0,6.214
SBNMS,2022-05-01,0,0,0,10.029
SBNMS,2022-06-01,6,0,1,15.705
SBNMS,2022-07-01,0,0,0,18.912
SBNMS,2022-08-01,9,0,1,19.565
SBNMS,2022-09-01,15,0,1,17.904
SBNMS,2022-10-01,16,0,2,14.109
SBNMS,2022-11-01,30,0,3,12.17
SBNMS,2022-12-01,23,0,1,8.8
SBNMS,2023-01-01,31,0,2,6.759
SBNMS,2023-02-01,28,0,2,5.684
SBNMS,2023-03-01,31,0,2,5.251
SBNMS,2023-04-01,21,0,2,7.193
SBNMS,2023-05-01,11,0,2,10.835
SBNMS,2023-06-01,0,0,0,15.453
SBNMS,2023-07-01,26,0,2,20.242
SBNMS,2023-08-01,0,0,0,18.836
SBNMS,2023-09-01,14,0,3,18.769
SBNMS,2023-10-01,31,0,2,15.11
SBNMS,2023-11-01,24,0,1,11.116
SBNMS,2023-12-01,12,0,1,8.368
SBNMS,2024-01-01,13,0,1,6.133
SBNMS,2024-02-01,0,0,0,4.427
SBNMS,2024-03-01,15,0,4,5.21
SBNMS,2024-04-01,0,0,0,6.292
SBNMS,2024-05-01,9,0,1,10.723
SBNMS,2024-06-01,22,0,1,16.499
SBNMS,2024-07-01,0,0,0,17.917
SBNMS,2024-08-01,5,0,1,19.384
SBNMS,2024-09-01,14,0,1,18.051
SBNMS,2024-10-01,13,0,1,14.256
SBNMS,2024-11-01,25,0,1,11.081
SBNMS,2024-12-01,0,0,0,8.2
SBNMS,2025-01-01,0,0,0,5.888
SBNMS,2025-02-01,0,0,0,4.259
SBNMS,2025-03-01,0,0,0,4.104
SBNMS,2025-04-01,0,0,0,5.643
SBNMS,2025-05-01,5,0,1,10.106
SBNMS,2025-06-01,0,0,0,14.999
SBNMS,2025-07-01,8,0,1,18.968
SBNMS,2025-08-01,7,0,1,19.299
SBNMS,2025-09-01,19,0,2,18.26
SBNMS,2025-10-01,24,0,1,14.445
SBNMS,2025-11-01,3,0,1,10.612
SBNMS,2025-12-01,0,0,0,7.717
SBNMS,2026-01-01,0,0,0,5.345
SBNMS,2026-02-01,0,0,0,3.414
SBNMS,2026-03-01,0,0,0,3.398
